   3.0126287e+02
  -2.6524984e+01
   3.2382832e+01
   5.8893620e+02
   3.3980305e+01
   7.0040293e+02
   7.1993344e+02
   3.8216862e+02
   7.1941398e+02
   6.3517508e+02
   2.4997473e+02
   7.3818672e+02
   7.7718676e+02
   4.0093975e+02
   3.0389680e+02
   4.9155708e+02
   6.9590907e+02
   7.2554012e+01
   3.4203663e+02
   3.6954153e+02
   5.1558481e+02
   1.0608214e+02
   1.9482169e+02
   5.6582852e+02
   5.2473999e+02
  -1.1749488e+01
   5.4663429e+02
   3.9558673e+02
   3.1702901e+02
   5.3454062e+02
   5.8746568e+02
   1.3463291e+02
  -3.0456047e+01
   2.5042554e+00
   2.4372636e+02
   5.0350774e+02
   2.5997583e+02
   7.7457398e+02
   7.5092476e+02
   6.2641620e+02
  -1.2501393e+01
   7.5923890e+02
   3.5383883e+02
   7.7930107e+02
  -2.3198526e+01
   3.0452461e+02
   1.2373503e+02
   5.5016167e+02
   2.5188694e+02
   6.8707932e+02
   6.8081751e+02
   6.3668463e+02
   5.5014860e+02
   5.3308642e+02
   4.5472521e+02
   2.8887699e+02
   2.7983924e+02
   8.3556963e+02
   5.8671295e+02
   2.4891619e+02
   4.1775625e+02
   2.4335321e+00
   4.8434527e+02
  -1.2128711e+01
   6.7900273e+02
   1.1342284e+02
   2.8555050e+02
  -4.8756649e+00
   2.1966284e+02
  -3.3874429e+00
   5.3698993e+02
   3.0697847e+02
   9.1493563e+01
   3.6936148e+02
   9.4742868e+01
   2.4391053e+02
  -4.8324808e+01
   4.1951455e+01
   1.8076064e+02
   6.8476243e+02
   2.2598599e+02
   3.3219942e+02
   6.2105201e+02
   8.4095159e+02
   2.8393133e+02
   7.8450244e+01
   4.6902601e+02
   6.7219805e+02
   2.1552862e+02
   7.0500674e+02
   6.6855290e+02
   4.2221712e+02
   2.3031228e+01
   6.7979493e+02
   3.3890942e+02
   7.4496051e+02
   1.7051543e+02
   3.1231206e+02
   1.6348261e+02
   4.4881606e+02
   8.5318636e+02
   8.6027262e+01
   3.5953538e+02
   6.7024199e+02
   5.9348234e+02
   3.2294850e+02
   1.7807056e+02
   1.3646195e+02
   2.5426322e+02
   1.9959721e+02
   7.3368753e+01
   1.2186798e+02
   5.4464763e+02
   1.1319608e+02
   6.2091365e+02
  -4.4934965e+01
   7.7977439e+02
   6.6566577e+02
   1.3560608e+02
   8.1286732e+02
   7.5042783e+02
   4.3507177e+02
   4.5769368e+02
   4.7508103e+02
   7.6345084e+02
   7.7747428e+02
   3.9815745e+02
   5.0886149e+02
   5.4976080e+02
   5.6486562e+02
   2.2315207e+02
   1.5807628e+02
   6.8076829e+02
   5.1679732e+02
   2.3164938e+02
   4.1647136e+02
   7.4024644e+02
  -4.1996561e+01
   7.3094455e+02
   4.3913523e+02
  -3.2363868e+01
   4.2602898e+02
   6.2232956e+02
   5.3405708e+02
   4.5998370e+02
   2.1097437e+02
   7.6309015e+02
   2.4659333e+00
   4.8202974e+02
   4.9752807e+02
   5.7277286e+02
   1.7861790e+02
   5.1658229e+02
   6.2614853e+02
   2.2071935e+02
   4.4769881e+02
   4.7808739e+02
   6.0155161e+02
   4.8859979e+02
   6.2013235e+02
   4.5559420e+02
   5.2890211e+02
   6.7640848e+02
   3.9093771e+02
   6.6256566e+02
   1.5066916e+01
   6.0524830e+02
   3.0644988e+02
   7.3460245e+02
   7.2322143e+02
   5.3891223e+02
   9.2461026e+01
   2.5109891e+02
   5.1882302e+01
   3.7173414e+02
  -5.6003193e-01
  -3.6864741e+01
   5.4403718e+01
   4.3034983e+02
   1.8689799e+02
  -5.0980422e+01
   6.8109252e+02
   6.9283204e+02
   1.6386008e+02
   4.6927775e+02
   4.5904953e+02
   8.1871498e+02
   2.7128652e+02
   1.7389349e+02
   5.4605614e+02
   4.4143715e+02
   6.1613141e+02
   6.8786288e+02
   7.3847527e+02
   5.8072844e+02
   2.7014707e+02
   6.7229765e+02
   7.1560814e+02
   2.3919497e+02
   4.1467113e+02
   2.0410434e+02
   1.5485472e+02
   1.9779742e+02
   2.0594968e+01
   6.0082820e+02
   3.6177282e+02
  -1.0345469e+01
   8.2242312e+02
   9.9336681e+01
   5.6460304e+01
   7.9577258e+02
   1.0572438e+02
   6.6482678e+02
   8.2018488e+02
   5.6644288e+02
   7.4402933e+02
   5.9591751e+02
   4.8963945e+02
   1.2474135e+02
   1.7331504e+01
   7.5019830e+02
   8.2940476e+02
   4.7878645e+02
   2.2066042e+02
   8.0401109e+02
   6.8867442e+02
   9.1595315e+01
   2.6663689e+02
   6.6128105e+02
   3.7848734e+02
   7.5633161e+01
   8.0679351e+02
   3.0775813e+02
   5.3504136e+02
   4.9434640e+02
   7.2077216e+02
   3.8067617e+02
   6.8469675e+02
   5.1519478e+02
   9.2451414e+01
   6.0776383e+02
   5.9104477e+02
   4.0385722e+01
   6.0237906e+02
   3.5601543e+02
   6.6990121e+02
  -2.1201837e+01
  -5.7065358e+01
   4.2182298e+02
   2.0636511e+02
   4.6591114e+02
   7.4218492e+02
  -4.5404841e+01
   5.2884343e+02
  -1.7489527e+01
   8.0525324e+02
   2.4207344e+02
   8.1993936e+02
   2.7261740e+02
  -1.4352536e+01
   5.1777268e+02
   4.0806214e+02
   8.2997821e+00
   1.6652297e+02
   7.9991588e+02
   2.8019228e+02
   4.8917137e+02
   6.2785971e+02
   8.3999823e+02
  -1.0947514e+01
   1.4494468e+02
   1.1728374e+02
   3.3028387e+02
   3.9592089e+02
   1.7756231e+02
   6.4140976e+02
   4.0143741e+02
   8.3089630e+02
   1.5794101e+02
  -2.2675654e+01
   8.3718737e+02
   5.7150101e+02
   1.2696805e+02
   8.1088363e+02
   6.9511867e+02
   4.2721961e+02
   5.7413271e+02
   2.2885467e+02
   1.2488579e+02
   8.4910314e+02
   2.0251166e+02
   3.8967572e+02
   4.3044657e+02
   3.4456816e+02
   1.1559967e+02
   7.9016882e+02
   2.7737133e+01
   5.8641078e+01
   3.8784329e+02
   4.9172248e+02
   4.0092887e+02
   1.3189008e+02
   4.8745483e+02
   6.7347818e+02
   1.5606377e+02
   7.1348106e+02
   1.2969071e+02
   4.9409990e+02
   8.0034262e+01
   4.6388511e+02
   7.2255589e+02
   8.2647798e+02
   3.9324004e+02
   6.9745513e+02
   3.1844883e+02
   1.5312229e+02
  -2.6960437e+01
   2.8237723e+02
   1.5157985e+02
   4.9263438e+02
   5.2335763e+02
   7.7692721e+02
   8.4388393e+02
   4.8888726e+02
   8.5363232e+02
   8.4187691e+02
   4.5570443e+02
   4.5572088e+02
   2.9775166e+02
   5.9302837e+02
   1.9880595e+02
   1.5261735e+02
   6.9761225e+02
   7.1910281e+02
  -3.3869815e+01
   6.6073417e+02
   4.2277350e+02
   2.7393674e+02
   8.3194652e+02
   8.0674952e+02
   5.9080581e+01
   2.3723401e+01
   7.4395993e+02
   6.5836093e+02
   4.1836280e+02
   6.1330401e+02
   3.0365422e+02
   1.5190981e+02
   4.6017569e+02
   3.2113451e+02
   8.2329102e+02
   3.3457787e+02
   7.0428435e+02
   4.1976489e+02
   1.8238040e+02
   4.4615999e+02
   4.2248461e+02
   1.0813957e+02
  -3.4109266e+01
   2.5721114e+02
   7.8513594e+02
   9.9938117e+01
   2.5646352e+02
   7.6255938e+02
   1.2355314e+02
   4.1882952e+02
   8.4048917e+02
  -3.8489382e+01
   6.7450447e+02
   4.1486901e+02
   8.0568409e+02
   1.4938968e+02
   4.0558547e+01
   4.9238642e+02
   2.9528475e+02
   5.3109389e+01
   1.0936231e+01
   4.7435350e+02
   7.2774114e+02
   5.4529484e+02
   5.3227886e+02
   3.8956348e+02
   2.7741352e+02
   7.2151671e+02
   3.0180886e+02
   5.4346336e+02
   2.4222980e+02
   6.9154753e+02
   5.7654759e+01
  -5.0790756e+01
   2.2539461e+02
   7.3128396e+02
   6.8643460e+01
   1.9029643e+02
   5.8941502e+01
   1.5932747e+02
   6.0137114e+02
   7.1009866e+02
   1.6138309e+02
   2.5630530e+01
   5.9245827e+02
   6.0246671e+02
   1.4041388e+02
   7.4138420e+02
   7.4991963e+02
   8.3407227e+02
   6.9517169e+02
   8.2137500e+02
   6.3467988e+02
   7.2420953e+02
   6.7880237e+02
   3.9138556e+02
   3.5253072e+02
   8.4206074e+01
   4.6278201e+02
  -1.8359202e+01
   3.5310833e+02
  -3.8812905e+00
   8.2944118e+02
   7.0452591e+02
   8.4159534e+02
   5.8428279e+02
   1.9359421e+02
   2.5858733e+02
   4.5635379e+01
   8.4737828e+02
   8.2046652e+01
   4.2057404e+02
   6.9852055e+02
   6.2244311e+02
   8.0268813e+02
   1.6553766e+02
  -5.7886314e+01
   4.5907094e+02
   8.4652971e+02
   9.6737593e+01
   4.7099000e+02
   3.0975298e+01
   1.5084102e+02
   7.0051159e+01
   1.9227026e+02
   7.6478879e+02
   3.2862643e+01
   2.0570248e+02
   2.7907678e+02
   7.4986058e+02
   4.4748152e+01
   6.3889373e+02
   1.4424149e+02
   3.5853325e+02
   1.3877316e+02
   7.2696392e+02
   4.7033299e+02
   7.1435451e+02
   3.6216709e+02
   6.5079658e+02
   5.5611042e+02
   2.0212972e+02
   7.8847746e+02
   7.9195200e+02
   7.5869877e+02
  -3.4283399e+01
   3.4757679e+02
   2.6096702e+01
   4.5928790e+02
   4.6400600e+02
  -2.9932289e+01
   2.5472328e+02
   5.5047786e+02
   1.8588242e+01
  -4.3531297e+00
   1.0648270e+01
   4.0167367e+02
   5.0824001e+02
   3.0337451e+02
   4.5285372e+01
   8.0660182e+02
   4.6023631e+02
  -2.9812184e+01
   5.8564720e+02
   3.3180239e+01
   7.5820514e+02
   4.2221281e+02
   4.3792153e+01
   4.8684238e+02
   6.6123895e+01
   5.0811310e+02
   3.7484593e+02
   7.5309012e+02
  -6.2879017e+01
   4.3435832e+01
   8.1037818e+02
   8.0589833e+02
   5.7418506e+02
   4.4418856e+02
   7.4056127e+01
   5.3289783e+02
   2.7804385e+01
   6.0795437e+02
   1.5433072e+02
   5.1526771e+02
  -2.2426777e+01
  -2.1537629e+01
   4.5431849e+02
   4.6879739e+01
   7.9955358e+02
   7.0396333e+02
   7.3618617e+02
   5.6098879e+02
  -1.8041484e+01
   7.6607607e+01
   6.8432529e+02
   7.0335311e+02
   8.5027238e+02
  -2.8726155e+01
   5.7792585e+02
   2.7718762e+02
   4.2321909e+02
   6.6852359e+02
   2.8491485e+02
   6.1892632e+02
   4.4684104e+01
   3.5082358e+02
   8.3102421e+02
   3.3496562e+02
   2.5387035e+00
   7.7410532e+02
   8.1135775e+02
   2.3005970e+02
   7.5812877e+02
  -4.4921474e+01
   3.7467657e+01
   7.2020146e+02
   3.6909035e+01
   7.5134284e+02
   7.5212069e+02
   1.2341062e+01
   1.8007590e+02
   5.3970683e+02
   7.4073460e+01
   6.6876312e+01
   5.7075280e+02
   2.2972472e+02
   3.4341719e+02
   4.7442845e+02
   1.8292761e+02
   8.3352088e+02
   8.3417265e+02
   5.7879455e+01
  -4.2560876e+01
   5.4533895e+02
   3.4387283e+02
   1.4209597e+02
   5.1146596e+02
   3.3462066e+02
   5.6410629e+02
   3.9292774e+02
   3.1367153e+02
   4.3176784e+02
   7.7764883e+02
   6.9171782e+00
   7.5239207e+01
   4.6764498e+02
   4.2450945e+02
   1.6293864e+02
   7.0855484e+02
   8.1728955e+02
   2.0553555e+01
   4.9123686e+02
   4.8093108e+02
   6.5123799e+02
   7.3630195e+02
   7.8063023e+01
   6.3998364e+02
   2.8374822e+02
   2.5926034e+02
   1.8807350e+02
   2.5557439e+02
   7.6745029e+02
   3.5695853e+02
   5.9234233e+02
   3.7622104e+02
  -6.1633685e+01
   7.1942055e+02
   2.3051861e+02
   1.7832178e+02
   1.8227216e+02
   5.5289592e+00
   4.7682826e+02
   3.0359750e+02
   5.5598984e+02
   8.0370212e+02
  -3.8274946e+01
  -3.2615162e+01
   4.9676393e+01
   4.1138246e+02
   5.3630451e+02
   6.1433059e+02
   4.4434457e+02
   3.9675803e+02
   7.9607269e+02
   8.1634601e+02
   6.9535245e+02
   7.0708076e+02
   3.4936496e+02
   5.8979996e+02
   6.3429460e+02
   5.5014192e+02
   7.5599685e+02
   5.5453748e+02
   5.5442437e+02
   7.8401185e+02
   5.2711475e+02
   2.2234705e+02
   6.1120325e+02
   8.0064507e+02
   4.8326082e+02
   5.0794211e+02
   2.3611794e+02
   3.4124691e+02
   1.7749741e+02
   1.6063111e+02
   5.6993621e+02
   5.8406796e+02
   5.9165106e+02
   7.8567321e+02
  -3.7427493e+01
   6.5801800e+02
  -1.9375401e+01
   5.9594835e+02
   4.7937450e+01
   1.8244940e+02
   4.7873910e+02
   1.1007991e+02
   7.5947660e+01
   7.5966887e+02
   2.5668439e+02
   3.8358111e+02
   7.2802676e+02
   8.1765117e+02
   3.5450981e+02
   8.0600992e+02
   3.5249170e+02
   4.5530499e+02
   1.6255068e+02
   4.5681545e+02
  -4.7432586e+01
   2.1344740e+02
   6.7326870e+02
   6.3137646e+02
  -2.5823875e+01
   4.2156004e+02
   2.9685138e+02
   6.3342257e+02
   6.1036561e+02
   2.2614818e+02
   3.9873164e+02
   7.4251967e+02
   7.7849653e+02
   5.5769897e+02
   2.5184696e+02
   5.4002730e+02
   6.9832573e+02
   2.2166420e+02
   1.7381843e+02
   6.7266819e+02
   3.5994627e+02
   4.7714659e+02
   7.3742382e+02
   3.6569979e+02
   1.4862003e+02
   4.0351200e+02
   1.2322986e+02
   7.3569135e+02
   7.4141606e+02
   5.9141286e+02
   7.8777846e+02
   2.8472936e+02
   6.7442467e+02
   4.8347569e+02
   4.8751745e+01
   3.8079319e+02
   8.5245627e+02
  -1.3914385e+01
   3.9395555e+02
   4.6127188e+02
   4.2967887e+02
   1.5150260e+02
   5.3137277e+02
   5.5153542e+02
   2.4667445e+02
   2.8680273e+02
   2.0539556e+02
   6.4405016e+02
   3.6131837e+02
   4.8664986e+02
   3.1907542e+02
   1.6851781e+02
  -5.5965782e+01
   6.1709132e+02
   5.3179116e+02
   7.4745296e+02
   5.7328406e+02
   5.5533140e+02
   7.2234283e+02
   6.1030552e+01
   3.5026818e+02
   7.2935520e+02
   6.3791221e+02
  -3.9841924e+01
   3.5037060e+02
   5.0158651e+02
   5.9798450e+02
   3.8227059e+02
   6.9650664e+02
   4.6002209e+02
   5.7961725e+02
   6.2284301e+02
   7.1868877e+02
   8.4192113e+02
   4.5232439e+02
   5.0698146e+02
   4.5809698e+02
   7.4144221e+02
  -7.2385530e+00
   2.3614225e+02
   7.5311347e+01
   2.7684134e+02
   3.8755145e+02
   6.5457898e+02
   7.8598448e+02
   1.1792932e+02
   4.4715689e+02
   8.4861334e+02
   4.4901856e+02
   5.6333146e+02
  -6.0999432e+01
  -2.3233651e+01
   1.5130453e+02
   5.0776139e+02
   1.7457934e+02
  -1.2413570e+01
   7.5162158e+02
  -4.9986655e+01
   7.6254822e+02
   8.0824535e+01
   5.9478528e+02
   4.4493353e+02
   2.4322256e+02
   2.9604101e+02
   7.9638930e+02
   2.9824093e+02
   1.1859957e+02
   1.4384935e+02
   8.0847548e+02
   7.2737753e+00
   5.5779902e+02
   3.9928506e+02
   6.3713574e+01
   7.9260032e+02
   7.2378840e+02
   1.8326952e+02
   6.7527514e+02
   1.7039130e+02
   2.1901960e+02
   6.4490114e+02
   5.7461104e+02
   3.2823959e+02
   4.9230041e+02
   2.9594955e+02
   1.5098681e+02
   2.0443633e+02
   5.0089421e+02
   5.5821935e+02
  -1.5512336e+01
   5.9208389e+02
   6.3818865e+02
   1.9169150e+02
   4.3950844e+02
   6.8978433e+01
   2.2145251e+02
   1.7469547e+02
   4.2205692e+02
   5.7136678e+02
   7.7077877e+01
   2.8744665e+02
   4.7352681e+02
   5.4520630e+02
   3.0247942e+02
   5.9115067e+02
   6.5680239e+01
   1.6234127e+02
   1.0202144e+02
   1.6562518e+02
   5.0932241e+02
   7.2637958e+02
   3.0746484e+02
   5.0226080e+02
   5.1276639e+02
   1.8642864e+02
   3.4487886e+02
   7.8613272e+02
   3.8008542e+02
   3.9228474e+02
   1.9137034e+02
   3.7166000e+02
   4.3055661e+02
   7.6741357e+02
   3.6822433e+02
   2.3224977e+02
   7.3580946e+02
   1.0801697e+02
   4.5034891e+02
   8.3887539e+02
   5.3556134e+02
   6.4652420e+02
   1.6188633e+02
   3.8014537e+02
   1.2030508e+01
   7.8717160e+02
  -2.7603274e+01
   9.3032162e+01
   2.0522439e+01
   1.0916582e+02
  -1.2574149e+01
   8.4094812e+02
   7.7242208e+02
   2.5534192e+02
   7.0492307e+02
   7.6440686e+02
   5.2614400e+02
   7.9099723e+02
   8.4211464e+02
   8.5045148e+02
   5.0954213e+02
   6.0145967e+02
  -2.3670757e+01
   3.4793346e+02
   2.5465102e+02
   3.0096889e+02
   9.9815688e+01
   7.6258879e+02
   3.8411763e+02
   8.2679330e+01
   9.2910377e+01
   5.1802538e+02
   3.5609019e+02
   4.7805848e+02
   5.7056035e+02
   1.1292782e+02
   3.3362518e+02
   1.4421131e+02
   1.1211986e+01
   5.0936582e+02
   4.7834545e+02
   2.1056126e+02
   3.5747477e+02
   5.2602202e+02
   3.2347970e+02
   4.5605147e+02
  -5.6385447e+01
   5.4349580e+02
   4.2666772e+02
   7.8868773e+02
   7.2708738e+02
   1.8102306e+01
   9.4408341e+01
   6.9338342e+02
   7.1666671e+02
   4.6295181e+02
   1.0870005e+02
   6.2843767e+02
   7.1196734e+02
   6.8213828e+02
   7.6119200e+01
   3.5493743e+02
   3.5293516e+02
   2.4197250e+02
   2.7017871e+02
   6.2535752e+02
   6.3897026e+02
   5.3728679e+02
   4.8875132e+02
   3.9537811e+02
   3.4101573e+02
   2.2587708e+02
   7.1851612e+02
   8.0437676e+01
   4.0100265e+01
   2.6285358e+02
   3.3498251e+02
  -4.0658604e+01
   7.2201945e+02
   7.4172393e+02
   2.1100464e+02
   9.5899180e+01
   6.0177255e+02
   3.4128902e+02
   8.0931666e+02
   5.2240756e+02
   2.0643134e+02
   7.9401208e+02
   8.3476159e+01
   5.9721655e+02
  -6.2421572e+00
   2.7759394e+02
   6.0866441e+02
   6.4410243e+02
   3.4706652e+02
  -1.2197050e+01
   1.9876327e+02
   2.3590873e+01
   4.0312942e+02
   6.8856264e+02
  -4.2659728e+01
   4.8552630e+02
   3.6203921e+02
   7.1386392e+02
   3.2293017e+02
   9.9203201e+01
   5.5929515e+02
   4.5414627e+02
   4.2667203e+02
  -4.4618003e+01
  -2.3678220e+01
   7.8468339e+02
   3.6995049e+00
   4.2389058e+02
   8.1808119e+02
   3.0234292e+02
   5.9850044e+02
   5.2085201e+02
   1.8086949e+02
   7.7718037e+02
   4.1177170e+02
   3.9769755e+02
   7.2702600e+02
   5.9556857e+02
   1.4026086e+02
   6.1027848e+02
   1.6978285e+02
   2.0544439e+02
   7.7739249e+02
   5.2153091e+02
   6.8733439e+02
   7.7006872e+02
   6.5404318e+02
   3.4831646e+02
   3.7466750e+02
   7.4815260e+02
   6.4411820e+02
   2.1604564e+02
   6.5178838e+02
   1.7719276e+02
   7.6901415e+02
   6.5508043e+02
   4.2717108e+02
   1.4735604e+02
   4.2534967e+02
   1.7488917e+02
   1.6690403e+02
   4.2359674e+02
   5.4483589e+02
   6.9255653e+02
   7.3195435e+02
   1.7627448e+02
   4.3773880e+02
   6.2028606e+02
   3.3024413e+02
   8.2946177e+02
  -1.5196315e+00
   2.0612236e+02
   6.4031223e+02
   8.3212271e+02
   3.1774914e+02
   2.4696444e+02
   6.6122963e+02
   4.1456775e+01
   6.3629778e+02
   8.4255137e+02
   7.1632414e+02
   7.3983020e+02
   2.6996276e+02
   8.0635737e+02
   2.2392821e+01
   2.3644359e+02
   4.9247382e+02
   3.6884164e+02
   2.4947224e+02
   4.1011023e+02
   1.8826466e+02
   1.2662469e+02
   7.0360440e+02
   5.4109059e+01
   7.0619891e+02
   8.1845644e+02
   6.6016976e+02
   5.0922632e+02
   2.5441898e+02
   4.8008489e+01
   3.0126287e+02
  -2.6524984e+01
   3.2382832e+01
   5.8893620e+02
   3.3980305e+01
   7.0040293e+02
   7.1993344e+02
   3.8216862e+02
   7.1941398e+02
   6.3517508e+02
   2.4997473e+02
   7.3818672e+02
   7.7718676e+02
   4.0093975e+02
   3.0389680e+02
   4.9155708e+02
   6.9590907e+02
   7.2554012e+01
   3.4203663e+02
   3.6954153e+02
   5.1558481e+02
   1.0608214e+02
   1.9482169e+02
   5.6582852e+02
   5.2473999e+02
  -1.1749488e+01
   5.4663429e+02
   3.9558673e+02
   3.1702901e+02
   5.3454062e+02
   5.8746568e+02
   1.3463291e+02
  -3.0456047e+01
   2.5042554e+00
   2.4372636e+02
   5.0350774e+02
   2.5997583e+02
   7.7457398e+02
   7.5092476e+02
   6.2641620e+02
  -1.2501393e+01
   7.5923890e+02
   3.5383883e+02
   7.7930107e+02
  -2.3198526e+01
   3.0452461e+02
   1.2373503e+02
   5.5016167e+02
   2.5188694e+02
   6.8707932e+02
   6.8081751e+02
   6.3668463e+02
   5.5014860e+02
   5.3308642e+02
   4.5472521e+02
   2.8887699e+02
   2.7983924e+02
   8.3556963e+02
   5.8671295e+02
   2.4891619e+02
   4.1775625e+02
   2.4335321e+00
   4.8434527e+02
  -1.2128711e+01
   6.7900273e+02
   1.1342284e+02
   2.8555050e+02
  -4.8756649e+00
   2.1966284e+02
  -3.3874429e+00
   5.3698993e+02
   3.0697847e+02
   9.1493563e+01
   3.6936148e+02
   9.4742868e+01
   2.4391053e+02
  -4.8324808e+01
   4.1951455e+01
   1.8076064e+02
   6.8476243e+02
   2.2598599e+02
   3.3219942e+02
   6.2105201e+02
   8.4095159e+02
   2.8393133e+02
   7.8450244e+01
   4.6902601e+02
   6.7219805e+02
   2.1552862e+02
   7.0500674e+02
   6.6855290e+02
   4.2221712e+02
   2.3031228e+01
   6.7979493e+02
   3.3890942e+02
   7.4496051e+02
   1.7051543e+02
   3.1231206e+02
   1.6348261e+02
   4.4881606e+02
   8.5318636e+02
   8.6027262e+01
   3.5953538e+02
   6.7024199e+02
   5.9348234e+02
   3.2294850e+02
   1.7807056e+02
   1.3646195e+02
   2.5426322e+02
   1.9959721e+02
   7.3368753e+01
   1.2186798e+02
   5.4464763e+02
   1.1319608e+02
   6.2091365e+02
  -4.4934965e+01
   7.7977439e+02
   6.6566577e+02
   1.3560608e+02
   8.1286732e+02
   7.5042783e+02
   4.3507177e+02
   4.5769368e+02
   4.7508103e+02
   7.6345084e+02
   7.7747428e+02
   3.9815745e+02
   5.0886149e+02
   5.4976080e+02
   5.6486562e+02
   2.2315207e+02
   1.5807628e+02
   6.8076829e+02
   5.1679732e+02
   2.3164938e+02
   4.1647136e+02
   7.4024644e+02
  -4.1996561e+01
   7.3094455e+02
   4.3913523e+02
  -3.2363868e+01
   4.2602898e+02
   6.2232956e+02
   5.3405708e+02
   4.5998370e+02
   2.1097437e+02
   7.6309015e+02
   2.4659333e+00
   4.8202974e+02
   4.9752807e+02
   5.7277286e+02
   1.7861790e+02
   5.1658229e+02
   6.2614853e+02
   2.2071935e+02
   4.4769881e+02
   4.7808739e+02
   6.0155161e+02
   4.8859979e+02
   6.2013235e+02
   4.5559420e+02
   5.2890211e+02
   6.7640848e+02
   3.9093771e+02
   6.6256566e+02
   1.5066916e+01
   6.0524830e+02
   3.0644988e+02
   7.3460245e+02
   7.2322143e+02
   5.3891223e+02
   9.2461026e+01
   2.5109891e+02
   5.1882302e+01
   3.7173414e+02
  -5.6003193e-01
  -3.6864741e+01
   5.4403718e+01
   4.3034983e+02
   1.8689799e+02
  -5.0980422e+01
   6.8109252e+02
   6.9283204e+02
   1.6386008e+02
   4.6927775e+02
   4.5904953e+02
   8.1871498e+02
   2.7128652e+02
   1.7389349e+02
   5.4605614e+02
   4.4143715e+02
   6.1613141e+02
   6.8786288e+02
   7.3847527e+02
   5.8072844e+02
   2.7014707e+02
   6.7229765e+02
   7.1560814e+02
   2.3919497e+02
   4.1467113e+02
   2.0410434e+02
   1.5485472e+02
   1.9779742e+02
   2.0594968e+01
   6.0082820e+02
   3.6177282e+02
  -1.0345469e+01
   8.2242312e+02
   9.9336681e+01
   5.6460304e+01
   7.9577258e+02
   1.0572438e+02
   6.6482678e+02
   8.2018488e+02
   5.6644288e+02
   7.4402933e+02
   5.9591751e+02
   4.8963945e+02
   1.2474135e+02
   1.7331504e+01
   7.5019830e+02
   8.2940476e+02
   4.7878645e+02
   2.2066042e+02
   8.0401109e+02
   6.8867442e+02
   9.1595315e+01
   2.6663689e+02
   6.6128105e+02
   3.7848734e+02
   7.5633161e+01
   8.0679351e+02
   3.0775813e+02
   5.3504136e+02
   4.9434640e+02
   7.2077216e+02
   3.8067617e+02
   6.8469675e+02
   5.1519478e+02
   9.2451414e+01
   6.0776383e+02
   5.9104477e+02
   4.0385722e+01
   6.0237906e+02
   3.5601543e+02
   6.6990121e+02
  -2.1201837e+01
  -5.7065358e+01
   4.2182298e+02
   2.0636511e+02
   4.6591114e+02
   7.4218492e+02
  -4.5404841e+01
   5.2884343e+02
  -1.7489527e+01
   8.0525324e+02
   2.4207344e+02
   8.1993936e+02
   2.7261740e+02
  -1.4352536e+01
   5.1777268e+02
   4.0806214e+02
   8.2997821e+00
   1.6652297e+02
   7.9991588e+02
   2.8019228e+02
   4.8917137e+02
   6.2785971e+02
   8.3999823e+02
  -1.0947514e+01
   1.4494468e+02
   1.1728374e+02
   3.3028387e+02
   3.9592089e+02
   1.7756231e+02
   6.4140976e+02
   4.0143741e+02
   8.3089630e+02
   1.5794101e+02
  -2.2675654e+01
   8.3718737e+02
   5.7150101e+02
   1.2696805e+02
   8.1088363e+02
   6.9511867e+02
   4.2721961e+02
   5.7413271e+02
   2.2885467e+02
   1.2488579e+02
   8.4910314e+02
   2.0251166e+02
   3.8967572e+02
   4.3044657e+02
   3.4456816e+02
   1.1559967e+02
   7.9016882e+02
   2.7737133e+01
   5.8641078e+01
   3.8784329e+02
   4.9172248e+02
   4.0092887e+02
   1.3189008e+02
   4.8745483e+02
   6.7347818e+02
   1.5606377e+02
   7.1348106e+02
   1.2969071e+02
   4.9409990e+02
   8.0034262e+01
   4.6388511e+02
   7.2255589e+02
   8.2647798e+02
   3.9324004e+02
   6.9745513e+02
   3.1844883e+02
   1.5312229e+02
  -2.6960437e+01
   2.8237723e+02
   1.5157985e+02
   4.9263438e+02
   5.2335763e+02
   7.7692721e+02
   8.4388393e+02
   4.8888726e+02
   8.5363232e+02
   8.4187691e+02
   4.5570443e+02
   4.5572088e+02
   2.9775166e+02
   5.9302837e+02
   1.9880595e+02
   1.5261735e+02
   6.9761225e+02
   7.1910281e+02
  -3.3869815e+01
   6.6073417e+02
   4.2277350e+02
   2.7393674e+02
   8.3194652e+02
   8.0674952e+02
   5.9080581e+01
   2.3723401e+01
   7.4395993e+02
   6.5836093e+02
   4.1836280e+02
   6.1330401e+02
   3.0365422e+02
   1.5190981e+02
   4.6017569e+02
   3.2113451e+02
   8.2329102e+02
   3.3457787e+02
   7.0428435e+02
   4.1976489e+02
   1.8238040e+02
   4.4615999e+02
   4.2248461e+02
   1.0813957e+02
  -3.4109266e+01
   2.5721114e+02
   7.8513594e+02
   9.9938117e+01
   2.5646352e+02
   7.6255938e+02
   1.2355314e+02
   4.1882952e+02
   8.4048917e+02
  -3.8489382e+01
   6.7450447e+02
   4.1486901e+02
   8.0568409e+02
   1.4938968e+02
   4.0558547e+01
   4.9238642e+02
   2.9528475e+02
   5.3109389e+01
   1.0936231e+01
   4.7435350e+02
   7.2774114e+02
   5.4529484e+02
   5.3227886e+02
   3.8956348e+02
   2.7741352e+02
   7.2151671e+02
   3.0180886e+02
   5.4346336e+02
   2.4222980e+02
   6.9154753e+02
   5.7654759e+01
  -5.0790756e+01
   2.2539461e+02
   7.3128396e+02
   6.8643460e+01
   1.9029643e+02
   5.8941502e+01
   1.5932747e+02
   6.0137114e+02
   7.1009866e+02
   1.6138309e+02
   2.5630530e+01
   5.9245827e+02
   6.0246671e+02
   1.4041388e+02
   7.4138420e+02
   7.4991963e+02
   8.3407227e+02
   6.9517169e+02
   8.2137500e+02
   6.3467988e+02
   7.2420953e+02
   6.7880237e+02
   3.9138556e+02
   3.5253072e+02
   8.4206074e+01
   4.6278201e+02
  -1.8359202e+01
   3.5310833e+02
  -3.8812905e+00
   8.2944118e+02
   7.0452591e+02
   8.4159534e+02
   5.8428279e+02
   1.9359421e+02
   2.5858733e+02
   4.5635379e+01
   8.4737828e+02
   8.2046652e+01
   4.2057404e+02
   6.9852055e+02
   6.2244311e+02
   8.0268813e+02
   1.6553766e+02
  -5.7886314e+01
   4.5907094e+02
   8.4652971e+02
   9.6737593e+01
   4.7099000e+02
   3.0975298e+01
   1.5084102e+02
   7.0051159e+01
   1.9227026e+02
   7.6478879e+02
   3.2862643e+01
   2.0570248e+02
   2.7907678e+02
   7.4986058e+02
   4.4748152e+01
   6.3889373e+02
   1.4424149e+02
   3.5853325e+02
   1.3877316e+02
   7.2696392e+02
   4.7033299e+02
   7.1435451e+02
   3.6216709e+02
   6.5079658e+02
   5.5611042e+02
   2.0212972e+02
   7.8847746e+02
   7.9195200e+02
   7.5869877e+02
  -3.4283399e+01
   3.4757679e+02
   2.6096702e+01
   4.5928790e+02
   4.6400600e+02
  -2.9932289e+01
   2.5472328e+02
   5.5047786e+02
   1.8588242e+01
  -4.3531297e+00
   1.0648270e+01
   4.0167367e+02
   5.0824001e+02
   3.0337451e+02
   4.5285372e+01
   8.0660182e+02
   4.6023631e+02
  -2.9812184e+01
   5.8564720e+02
   3.3180239e+01
   7.5820514e+02
   4.2221281e+02
   4.3792153e+01
   4.8684238e+02
   6.6123895e+01
   5.0811310e+02
   3.7484593e+02
   7.5309012e+02
  -6.2879017e+01
   4.3435832e+01
   8.1037818e+02
   8.0589833e+02
   5.7418506e+02
   4.4418856e+02
   7.4056127e+01
   5.3289783e+02
   2.7804385e+01
   6.0795437e+02
   1.5433072e+02
   5.1526771e+02
  -2.2426777e+01
  -2.1537629e+01
   4.5431849e+02
   4.6879739e+01
   7.9955358e+02
   7.0396333e+02
   7.3618617e+02
   5.6098879e+02
  -1.8041484e+01
   7.6607607e+01
   6.8432529e+02
   7.0335311e+02
   8.5027238e+02
  -2.8726155e+01
   5.7792585e+02
   2.7718762e+02
   4.2321909e+02
   6.6852359e+02
   2.8491485e+02
   6.1892632e+02
   4.4684104e+01
   3.5082358e+02
   8.3102421e+02
   3.3496562e+02
   2.5387035e+00
   7.7410532e+02
   8.1135775e+02
   2.3005970e+02
   7.5812877e+02
  -4.4921474e+01
   3.7467657e+01
   7.2020146e+02
   3.6909035e+01
   7.5134284e+02
   7.5212069e+02
   1.2341062e+01
   1.8007590e+02
   5.3970683e+02
   7.4073460e+01
   6.6876312e+01
   5.7075280e+02
   2.2972472e+02
   3.4341719e+02
   4.7442845e+02
   1.8292761e+02
   8.3352088e+02
   8.3417265e+02
   5.7879455e+01
  -4.2560876e+01
   5.4533895e+02
   3.4387283e+02
   1.4209597e+02
   5.1146596e+02
   3.3462066e+02
   5.6410629e+02
   3.9292774e+02
   3.1367153e+02
   4.3176784e+02
   7.7764883e+02
   6.9171782e+00
   7.5239207e+01
   4.6764498e+02
   4.2450945e+02
   1.6293864e+02
   7.0855484e+02
   8.1728955e+02
   2.0553555e+01
   4.9123686e+02
   4.8093108e+02
   6.5123799e+02
   7.3630195e+02
   7.8063023e+01
   6.3998364e+02
   2.8374822e+02
   2.5926034e+02
   1.8807350e+02
   2.5557439e+02
   7.6745029e+02
   3.5695853e+02
   5.9234233e+02
   3.7622104e+02
  -6.1633685e+01
   7.1942055e+02
   2.3051861e+02
   1.7832178e+02
   1.8227216e+02
   5.5289592e+00
   4.7682826e+02
   3.0359750e+02
   5.5598984e+02
   8.0370212e+02
  -3.8274946e+01
  -3.2615162e+01
   4.9676393e+01
   4.1138246e+02
   5.3630451e+02
   6.1433059e+02
   4.4434457e+02
   3.9675803e+02
   7.9607269e+02
   8.1634601e+02
   6.9535245e+02
   7.0708076e+02
   3.4936496e+02
   5.8979996e+02
   6.3429460e+02
   5.5014192e+02
   7.5599685e+02
   5.5453748e+02
   5.5442437e+02
   7.8401185e+02
   5.2711475e+02
   2.2234705e+02
   6.1120325e+02
   8.0064507e+02
   4.8326082e+02
   5.0794211e+02
   2.3611794e+02
   3.4124691e+02
   1.7749741e+02
   1.6063111e+02
   5.6993621e+02
   5.8406796e+02
   5.9165106e+02
   7.8567321e+02
  -3.7427493e+01
   6.5801800e+02
  -1.9375401e+01
   5.9594835e+02
   4.7937450e+01
   1.8244940e+02
   4.7873910e+02
   1.1007991e+02
   7.5947660e+01
   7.5966887e+02
   2.5668439e+02
   3.8358111e+02
   7.2802676e+02
   8.1765117e+02
   3.5450981e+02
   8.0600992e+02
   3.5249170e+02
   4.5530499e+02
   1.6255068e+02
   4.5681545e+02
  -4.7432586e+01
   2.1344740e+02
   6.7326870e+02
   6.3137646e+02
  -2.5823875e+01
   4.2156004e+02
   2.9685138e+02
   6.3342257e+02
   6.1036561e+02
   2.2614818e+02
   3.9873164e+02
   7.4251967e+02
   7.7849653e+02
   5.5769897e+02
   2.5184696e+02
   5.4002730e+02
   6.9832573e+02
   2.2166420e+02
   1.7381843e+02
   6.7266819e+02
   3.5994627e+02
   4.7714659e+02
   7.3742382e+02
   3.6569979e+02
   1.4862003e+02
   4.0351200e+02
   1.2322986e+02
   7.3569135e+02
   7.4141606e+02
   5.9141286e+02
   7.8777846e+02
   2.8472936e+02
   6.7442467e+02
   4.8347569e+02
   4.8751745e+01
   3.8079319e+02
   8.5245627e+02
  -1.3914385e+01
   3.9395555e+02
   4.6127188e+02
   4.2967887e+02
   1.5150260e+02
   5.3137277e+02
   5.5153542e+02
   2.4667445e+02
   2.8680273e+02
   2.0539556e+02
   6.4405016e+02
   3.6131837e+02
   4.8664986e+02
   3.1907542e+02
   1.6851781e+02
  -5.5965782e+01
   6.1709132e+02
   5.3179116e+02
   7.4745296e+02
   5.7328406e+02
   5.5533140e+02
   7.2234283e+02
   6.1030552e+01
   3.5026818e+02
   7.2935520e+02
   6.3791221e+02
  -3.9841924e+01
   3.5037060e+02
   5.0158651e+02
   5.9798450e+02
   3.8227059e+02
   6.9650664e+02
   4.6002209e+02
   5.7961725e+02
   6.2284301e+02
   7.1868877e+02
   8.4192113e+02
   4.5232439e+02
   5.0698146e+02
   4.5809698e+02
   7.4144221e+02
  -7.2385530e+00
   2.3614225e+02
   7.5311347e+01
   2.7684134e+02
   3.8755145e+02
   6.5457898e+02
   7.8598448e+02
   1.1792932e+02
   4.4715689e+02
   8.4861334e+02
   4.4901856e+02
   5.6333146e+02
  -6.0999432e+01
  -2.3233651e+01
   1.5130453e+02
   5.0776139e+02
   1.7457934e+02
  -1.2413570e+01
   7.5162158e+02
  -4.9986655e+01
   7.6254822e+02
   8.0824535e+01
   5.9478528e+02
   4.4493353e+02
   2.4322256e+02
   2.9604101e+02
   7.9638930e+02
   2.9824093e+02
   1.1859957e+02
   1.4384935e+02
   8.0847548e+02
   7.2737753e+00
   5.5779902e+02
   3.9928506e+02
   6.3713574e+01
   7.9260032e+02
   7.2378840e+02
   1.8326952e+02
   6.7527514e+02
   1.7039130e+02
   2.1901960e+02
   6.4490114e+02
   5.7461104e+02
   3.2823959e+02
   4.9230041e+02
   2.9594955e+02
   1.5098681e+02
   2.0443633e+02
   5.0089421e+02
   5.5821935e+02
  -1.5512336e+01
   5.9208389e+02
   6.3818865e+02
   1.9169150e+02
   4.3950844e+02
   6.8978433e+01
   2.2145251e+02
   1.7469547e+02
   4.2205692e+02
   5.7136678e+02
   7.7077877e+01
   2.8744665e+02
   4.7352681e+02
   5.4520630e+02
   3.0247942e+02
   5.9115067e+02
   6.5680239e+01
   1.6234127e+02
   1.0202144e+02
   1.6562518e+02
   5.0932241e+02
   7.2637958e+02
   3.0746484e+02
   5.0226080e+02
   5.1276639e+02
   1.8642864e+02
   3.4487886e+02
   7.8613272e+02
   3.8008542e+02
   3.9228474e+02
   1.9137034e+02
   3.7166000e+02
   4.3055661e+02
   7.6741357e+02
   3.6822433e+02
   2.3224977e+02
   7.3580946e+02
   1.0801697e+02
   4.5034891e+02
   8.3887539e+02
   5.3556134e+02
   6.4652420e+02
   1.6188633e+02
   3.8014537e+02
   1.2030508e+01
   7.8717160e+02
  -2.7603274e+01
   9.3032162e+01
   2.0522439e+01
   1.0916582e+02
  -1.2574149e+01
   8.4094812e+02
   7.7242208e+02
   2.5534192e+02
   7.0492307e+02
   7.6440686e+02
   5.2614400e+02
   7.9099723e+02
   8.4211464e+02
   8.5045148e+02
   5.0954213e+02
   6.0145967e+02
  -2.3670757e+01
   3.4793346e+02
   2.5465102e+02
   3.0096889e+02
   9.9815688e+01
   7.6258879e+02
   3.8411763e+02
   8.2679330e+01
   9.2910377e+01
   5.1802538e+02
   3.5609019e+02
   4.7805848e+02
   5.7056035e+02
   1.1292782e+02
   3.3362518e+02
   1.4421131e+02
   1.1211986e+01
   5.0936582e+02
   4.7834545e+02
   2.1056126e+02
   3.5747477e+02
   5.2602202e+02
   3.2347970e+02
   4.5605147e+02
  -5.6385447e+01
   5.4349580e+02
   4.2666772e+02
   7.8868773e+02
   7.2708738e+02
   1.8102306e+01
   9.4408341e+01
   6.9338342e+02
   7.1666671e+02
   4.6295181e+02
   1.0870005e+02
   6.2843767e+02
   7.1196734e+02
   6.8213828e+02
   7.6119200e+01
   3.5493743e+02
   3.5293516e+02
   2.4197250e+02
   2.7017871e+02
   6.2535752e+02
   6.3897026e+02
   5.3728679e+02
   4.8875132e+02
   3.9537811e+02
   3.4101573e+02
   2.2587708e+02
   7.1851612e+02
   8.0437676e+01
   4.0100265e+01
   2.6285358e+02
   3.3498251e+02
  -4.0658604e+01
   7.2201945e+02
   7.4172393e+02
   2.1100464e+02
   9.5899180e+01
   6.0177255e+02
   3.4128902e+02
   8.0931666e+02
   5.2240756e+02
   2.0643134e+02
   7.9401208e+02
   8.3476159e+01
   5.9721655e+02
  -6.2421572e+00
   2.7759394e+02
   6.0866441e+02
   6.4410243e+02
   3.4706652e+02
  -1.2197050e+01
   1.9876327e+02
   2.3590873e+01
   4.0312942e+02
   6.8856264e+02
  -4.2659728e+01
   4.8552630e+02
   3.6203921e+02
   7.1386392e+02
   3.2293017e+02
   9.9203201e+01
   5.5929515e+02
   4.5414627e+02
   4.2667203e+02
  -4.4618003e+01
  -2.3678220e+01
   7.8468339e+02
   3.6995049e+00
   4.2389058e+02
   8.1808119e+02
   3.0234292e+02
   5.9850044e+02
   5.2085201e+02
   1.8086949e+02
   7.7718037e+02
   4.1177170e+02
   3.9769755e+02
   7.2702600e+02
   5.9556857e+02
   1.4026086e+02
   6.1027848e+02
   1.6978285e+02
   2.0544439e+02
   7.7739249e+02
   5.2153091e+02
   6.8733439e+02
   7.7006872e+02
   6.5404318e+02
   3.4831646e+02
   3.7466750e+02
   7.4815260e+02
   6.4411820e+02
   2.1604564e+02
   6.5178838e+02
   1.7719276e+02
   7.6901415e+02
   6.5508043e+02
   4.2717108e+02
   1.4735604e+02
   4.2534967e+02
   1.7488917e+02
   1.6690403e+02
   4.2359674e+02
   5.4483589e+02
   6.9255653e+02
   7.3195435e+02
   1.7627448e+02
   4.3773880e+02
   6.2028606e+02
   3.3024413e+02
   8.2946177e+02
  -1.5196315e+00
   2.0612236e+02
   6.4031223e+02
   8.3212271e+02
   3.1774914e+02
   2.4696444e+02
   6.6122963e+02
   4.1456775e+01
   6.3629778e+02
   8.4255137e+02
   7.1632414e+02
   7.3983020e+02
   2.6996276e+02
   8.0635737e+02
   2.2392821e+01
   2.3644359e+02
   4.9247382e+02
   3.6884164e+02
   2.4947224e+02
   4.1011023e+02
   1.8826466e+02
   1.2662469e+02
   7.0360440e+02
   5.4109059e+01
   7.0619891e+02
   8.1845644e+02
   6.6016976e+02
   5.0922632e+02
   2.5441898e+02
   4.8008489e+01
   3.0126287e+02
  -2.6524984e+01
   3.2382832e+01
   5.8893620e+02
   3.3980305e+01
   7.0040293e+02
   7.1993344e+02
   3.8216862e+02
   7.1941398e+02
   6.3517508e+02
   2.4997473e+02
   7.3818672e+02
   7.7718676e+02
   4.0093975e+02
   3.0389680e+02
   4.9155708e+02
   6.9590907e+02
   7.2554012e+01
   3.4203663e+02
   3.6954153e+02
   5.1558481e+02
   1.0608214e+02
   1.9482169e+02
   5.6582852e+02
   5.2473999e+02
  -1.1749488e+01
   5.4663429e+02
   3.9558673e+02
   3.1702901e+02
   5.3454062e+02
   5.8746568e+02
   1.3463291e+02
  -3.0456047e+01
   2.5042554e+00
   2.4372636e+02
   5.0350774e+02
   2.5997583e+02
   7.7457398e+02
   7.5092476e+02
   6.2641620e+02
  -1.2501393e+01
   7.5923890e+02
   3.5383883e+02
   7.7930107e+02
  -2.3198526e+01
   3.0452461e+02
   1.2373503e+02
   5.5016167e+02
   2.5188694e+02
   6.8707932e+02
   6.8081751e+02
   6.3668463e+02
   5.5014860e+02
   5.3308642e+02
   4.5472521e+02
   2.8887699e+02
   2.7983924e+02
   8.3556963e+02
   5.8671295e+02
   2.4891619e+02
   4.1775625e+02
   2.4335321e+00
   4.8434527e+02
  -1.2128711e+01
   6.7900273e+02
   1.1342284e+02
   2.8555050e+02
  -4.8756649e+00
   2.1966284e+02
  -3.3874429e+00
   5.3698993e+02
   3.0697847e+02
   9.1493563e+01
   3.6936148e+02
   9.4742868e+01
   2.4391053e+02
  -4.8324808e+01
   4.1951455e+01
   1.8076064e+02
   6.8476243e+02
   2.2598599e+02
   3.3219942e+02
   6.2105201e+02
   8.4095159e+02
   2.8393133e+02
   7.8450244e+01
   4.6902601e+02
   6.7219805e+02
   2.1552862e+02
   7.0500674e+02
   6.6855290e+02
   4.2221712e+02
   2.3031228e+01
   6.7979493e+02
   3.3890942e+02
   7.4496051e+02
   1.7051543e+02
   3.1231206e+02
   1.6348261e+02
   4.4881606e+02
   8.5318636e+02
   8.6027262e+01
   3.5953538e+02
   6.7024199e+02
   5.9348234e+02
   3.2294850e+02
   1.7807056e+02
   1.3646195e+02
   2.5426322e+02
   1.9959721e+02
   7.3368753e+01
   1.2186798e+02
   5.4464763e+02
   1.1319608e+02
   6.2091365e+02
  -4.4934965e+01
   7.7977439e+02
   6.6566577e+02
   1.3560608e+02
   8.1286732e+02
   7.5042783e+02
   4.3507177e+02
   4.5769368e+02
   4.7508103e+02
   7.6345084e+02
   7.7747428e+02
   3.9815745e+02
   5.0886149e+02
   5.4976080e+02
   5.6486562e+02
   2.2315207e+02
   1.5807628e+02
   6.8076829e+02
   5.1679732e+02
   2.3164938e+02
   4.1647136e+02
   7.4024644e+02
  -4.1996561e+01
   7.3094455e+02
   4.3913523e+02
  -3.2363868e+01
   4.2602898e+02
   6.2232956e+02
   5.3405708e+02
   4.5998370e+02
   2.1097437e+02
   7.6309015e+02
   2.4659333e+00
   4.8202974e+02
   4.9752807e+02
   5.7277286e+02
   1.7861790e+02
   5.1658229e+02
   6.2614853e+02
   2.2071935e+02
   4.4769881e+02
   4.7808739e+02
   6.0155161e+02
   4.8859979e+02
   6.2013235e+02
   4.5559420e+02
   5.2890211e+02
   6.7640848e+02
   3.9093771e+02
   6.6256566e+02
   1.5066916e+01
   6.0524830e+02
   3.0644988e+02
   7.3460245e+02
   7.2322143e+02
   5.3891223e+02
   9.2461026e+01
   2.5109891e+02
   5.1882302e+01
   3.7173414e+02
  -5.6003193e-01
  -3.6864741e+01
   5.4403718e+01
   4.3034983e+02
   1.8689799e+02
  -5.0980422e+01
   6.8109252e+02
   6.9283204e+02
   1.6386008e+02
   4.6927775e+02
   4.5904953e+02
   8.1871498e+02
   2.7128652e+02
   1.7389349e+02
   5.4605614e+02
   4.4143715e+02
   6.1613141e+02
   6.8786288e+02
   7.3847527e+02
   5.8072844e+02
   2.7014707e+02
   6.7229765e+02
   7.1560814e+02
   2.3919497e+02
   4.1467113e+02
   2.0410434e+02
   1.5485472e+02
   1.9779742e+02
   2.0594968e+01
   6.0082820e+02
   3.6177282e+02
  -1.0345469e+01
   8.2242312e+02
   9.9336681e+01
   5.6460304e+01
   7.9577258e+02
   1.0572438e+02
   6.6482678e+02
   8.2018488e+02
   5.6644288e+02
   7.4402933e+02
   5.9591751e+02
   4.8963945e+02
   1.2474135e+02
   1.7331504e+01
   7.5019830e+02
   8.2940476e+02
   4.7878645e+02
   2.2066042e+02
   8.0401109e+02
   6.8867442e+02
   9.1595315e+01
   2.6663689e+02
   6.6128105e+02
   3.7848734e+02
   7.5633161e+01
   8.0679351e+02
   3.0775813e+02
   5.3504136e+02
   4.9434640e+02
   7.2077216e+02
   3.8067617e+02
   6.8469675e+02
   5.1519478e+02
   9.2451414e+01
   6.0776383e+02
   5.9104477e+02
   4.0385722e+01
   6.0237906e+02
   3.5601543e+02
   6.6990121e+02
  -2.1201837e+01
  -5.7065358e+01
   4.2182298e+02
   2.0636511e+02
   4.6591114e+02
   7.4218492e+02
  -4.5404841e+01
   5.2884343e+02
  -1.7489527e+01
   8.0525324e+02
   2.4207344e+02
   8.1993936e+02
   2.7261740e+02
  -1.4352536e+01
   5.1777268e+02
   4.0806214e+02
   8.2997821e+00
   1.6652297e+02
   7.9991588e+02
   2.8019228e+02
   4.8917137e+02
   6.2785971e+02
   8.3999823e+02
  -1.0947514e+01
   1.4494468e+02
   1.1728374e+02
   3.3028387e+02
   3.9592089e+02
   1.7756231e+02
   6.4140976e+02
   4.0143741e+02
   8.3089630e+02
   1.5794101e+02
  -2.2675654e+01
   8.3718737e+02
   5.7150101e+02
   1.2696805e+02
   8.1088363e+02
   6.9511867e+02
   4.2721961e+02
   5.7413271e+02
   2.2885467e+02
   1.2488579e+02
   8.4910314e+02
   2.0251166e+02
   3.8967572e+02
   4.3044657e+02
   3.4456816e+02
   1.1559967e+02
   7.9016882e+02
   2.7737133e+01
   5.8641078e+01
   3.8784329e+02
   4.9172248e+02
   4.0092887e+02
   1.3189008e+02
   4.8745483e+02
   6.7347818e+02
   1.5606377e+02
   7.1348106e+02
   1.2969071e+02
   4.9409990e+02
   8.0034262e+01
   4.6388511e+02
   7.2255589e+02
   8.2647798e+02
   3.9324004e+02
   6.9745513e+02
   3.1844883e+02
   1.5312229e+02
  -2.6960437e+01
   2.8237723e+02
   1.5157985e+02
   4.9263438e+02
   5.2335763e+02
   7.7692721e+02
   8.4388393e+02
   4.8888726e+02
   8.5363232e+02
   8.4187691e+02
   4.5570443e+02
   4.5572088e+02
   2.9775166e+02
   5.9302837e+02
   1.9880595e+02
   1.5261735e+02
   6.9761225e+02
   7.1910281e+02
  -3.3869815e+01
   6.6073417e+02
   4.2277350e+02
   2.7393674e+02
   8.3194652e+02
   8.0674952e+02
   5.9080581e+01
   2.3723401e+01
   7.4395993e+02
   6.5836093e+02
   4.1836280e+02
   6.1330401e+02
   3.0365422e+02
   1.5190981e+02
   4.6017569e+02
   3.2113451e+02
   8.2329102e+02
   3.3457787e+02
   7.0428435e+02
   4.1976489e+02
   1.8238040e+02
   4.4615999e+02
   4.2248461e+02
   1.0813957e+02
  -3.4109266e+01
   2.5721114e+02
   7.8513594e+02
   9.9938117e+01
   2.5646352e+02
   7.6255938e+02
   1.2355314e+02
   4.1882952e+02
   8.4048917e+02
  -3.8489382e+01
   6.7450447e+02
   4.1486901e+02
   8.0568409e+02
   1.4938968e+02
   4.0558547e+01
   4.9238642e+02
   2.9528475e+02
   5.3109389e+01
   1.0936231e+01
   4.7435350e+02
   7.2774114e+02
   5.4529484e+02
   5.3227886e+02
   3.8956348e+02
   2.7741352e+02
   7.2151671e+02
   3.0180886e+02
   5.4346336e+02
   2.4222980e+02
   6.9154753e+02
   5.7654759e+01
  -5.0790756e+01
   2.2539461e+02
   7.3128396e+02
   6.8643460e+01
   1.9029643e+02
   5.8941502e+01
   1.5932747e+02
   6.0137114e+02
   7.1009866e+02
   1.6138309e+02
   2.5630530e+01
   5.9245827e+02
   6.0246671e+02
   1.4041388e+02
   7.4138420e+02
   7.4991963e+02
   8.3407227e+02
   6.9517169e+02
   8.2137500e+02
   6.3467988e+02
   7.2420953e+02
   6.7880237e+02
   3.9138556e+02
   3.5253072e+02
   8.4206074e+01
   4.6278201e+02
  -1.8359202e+01
   3.5310833e+02
  -3.8812905e+00
   8.2944118e+02
   7.0452591e+02
   8.4159534e+02
   5.8428279e+02
   1.9359421e+02
   2.5858733e+02
   4.5635379e+01
   8.4737828e+02
   8.2046652e+01
   4.2057404e+02
   6.9852055e+02
   6.2244311e+02
   8.0268813e+02
   1.6553766e+02
  -5.7886314e+01
   4.5907094e+02
   8.4652971e+02
   9.6737593e+01
   4.7099000e+02
   3.0975298e+01
   1.5084102e+02
   7.0051159e+01
   1.9227026e+02
   7.6478879e+02
   3.2862643e+01
   2.0570248e+02
   2.7907678e+02
   7.4986058e+02
   4.4748152e+01
   6.3889373e+02
   1.4424149e+02
   3.5853325e+02
   1.3877316e+02
   7.2696392e+02
   4.7033299e+02
   7.1435451e+02
   3.6216709e+02
   6.5079658e+02
   5.5611042e+02
   2.0212972e+02
   7.8847746e+02
   7.9195200e+02
   7.5869877e+02
  -3.4283399e+01
   3.4757679e+02
   2.6096702e+01
   4.5928790e+02
   4.6400600e+02
  -2.9932289e+01
   2.5472328e+02
   5.5047786e+02
   1.8588242e+01
  -4.3531297e+00
   1.0648270e+01
   4.0167367e+02
   5.0824001e+02
   3.0337451e+02
   4.5285372e+01
   8.0660182e+02
   4.6023631e+02
  -2.9812184e+01
   5.8564720e+02
   3.3180239e+01
   7.5820514e+02
   4.2221281e+02
   4.3792153e+01
   4.8684238e+02
   6.6123895e+01
   5.0811310e+02
   3.7484593e+02
   7.5309012e+02
  -6.2879017e+01
   4.3435832e+01
   8.1037818e+02
   8.0589833e+02
   5.7418506e+02
   4.4418856e+02
   7.4056127e+01
   5.3289783e+02
   2.7804385e+01
   6.0795437e+02
   1.5433072e+02
   5.1526771e+02
  -2.2426777e+01
  -2.1537629e+01
   4.5431849e+02
   4.6879739e+01
   7.9955358e+02
   7.0396333e+02
   7.3618617e+02
   5.6098879e+02
  -1.8041484e+01
   7.6607607e+01
   6.8432529e+02
   7.0335311e+02
   8.5027238e+02
  -2.8726155e+01
   5.7792585e+02
   2.7718762e+02
   4.2321909e+02
   6.6852359e+02
   2.8491485e+02
   6.1892632e+02
   4.4684104e+01
   3.5082358e+02
   8.3102421e+02
   3.3496562e+02
   2.5387035e+00
   7.7410532e+02
   8.1135775e+02
   2.3005970e+02
   7.5812877e+02
  -4.4921474e+01
   3.7467657e+01
   7.2020146e+02
   3.6909035e+01
   7.5134284e+02
   7.5212069e+02
   1.2341062e+01
   1.8007590e+02
   5.3970683e+02
   7.4073460e+01
   6.6876312e+01
   5.7075280e+02
   2.2972472e+02
   3.4341719e+02
   4.7442845e+02
   1.8292761e+02
   8.3352088e+02
   8.3417265e+02
   5.7879455e+01
  -4.2560876e+01
   5.4533895e+02
   3.4387283e+02
   1.4209597e+02
   5.1146596e+02
   3.3462066e+02
   5.6410629e+02
   3.9292774e+02
   3.1367153e+02
   4.3176784e+02
   7.7764883e+02
   6.9171782e+00
   7.5239207e+01
   4.6764498e+02
   4.2450945e+02
   1.6293864e+02
   7.0855484e+02
   8.1728955e+02
   2.0553555e+01
   4.9123686e+02
   4.8093108e+02
   6.5123799e+02
   7.3630195e+02
   7.8063023e+01
   6.3998364e+02
   2.8374822e+02
   2.5926034e+02
   1.8807350e+02
   2.5557439e+02
   7.6745029e+02
   3.5695853e+02
   5.9234233e+02
   3.7622104e+02
  -6.1633685e+01
   7.1942055e+02
   2.3051861e+02
   1.7832178e+02
   1.8227216e+02
   5.5289592e+00
   4.7682826e+02
   3.0359750e+02
   5.5598984e+02
   8.0370212e+02
  -3.8274946e+01
  -3.2615162e+01
   4.9676393e+01
   4.1138246e+02
   5.3630451e+02
   6.1433059e+02
   4.4434457e+02
   3.9675803e+02
   7.9607269e+02
   8.1634601e+02
   6.9535245e+02
   7.0708076e+02
   3.4936496e+02
   5.8979996e+02
   6.3429460e+02
   5.5014192e+02
   7.5599685e+02
   5.5453748e+02
   5.5442437e+02
   7.8401185e+02
   5.2711475e+02
   2.2234705e+02
   6.1120325e+02
   8.0064507e+02
   4.8326082e+02
   5.0794211e+02
   2.3611794e+02
   3.4124691e+02
   1.7749741e+02
   1.6063111e+02
   5.6993621e+02
   5.8406796e+02
   5.9165106e+02
   7.8567321e+02
  -3.7427493e+01
   6.5801800e+02
  -1.9375401e+01
   5.9594835e+02
   4.7937450e+01
   1.8244940e+02
   4.7873910e+02
   1.1007991e+02
   7.5947660e+01
   7.5966887e+02
   2.5668439e+02
   3.8358111e+02
   7.2802676e+02
   8.1765117e+02
   3.5450981e+02
   8.0600992e+02
   3.5249170e+02
   4.5530499e+02
   1.6255068e+02
   4.5681545e+02
  -4.7432586e+01
   2.1344740e+02
   6.7326870e+02
   6.3137646e+02
  -2.5823875e+01
   4.2156004e+02
   2.9685138e+02
   6.3342257e+02
   6.1036561e+02
   2.2614818e+02
   3.9873164e+02
   7.4251967e+02
   7.7849653e+02
   5.5769897e+02
   2.5184696e+02
   5.4002730e+02
   6.9832573e+02
   2.2166420e+02
   1.7381843e+02
   6.7266819e+02
   3.5994627e+02
   4.7714659e+02
   7.3742382e+02
   3.6569979e+02
   1.4862003e+02
   4.0351200e+02
   1.2322986e+02
   7.3569135e+02
   7.4141606e+02
   5.9141286e+02
   7.8777846e+02
   2.8472936e+02
   6.7442467e+02
   4.8347569e+02
   4.8751745e+01
   3.8079319e+02
   8.5245627e+02
  -1.3914385e+01
   3.9395555e+02
   4.6127188e+02
   4.2967887e+02
   1.5150260e+02
   5.3137277e+02
   5.5153542e+02
   2.4667445e+02
   2.8680273e+02
   2.0539556e+02
   6.4405016e+02
   3.6131837e+02
   4.8664986e+02
   3.1907542e+02
   1.6851781e+02
  -5.5965782e+01
   6.1709132e+02
   5.3179116e+02
   7.4745296e+02
   5.7328406e+02
   5.5533140e+02
   7.2234283e+02
   6.1030552e+01
   3.5026818e+02
   7.2935520e+02
   6.3791221e+02
  -3.9841924e+01
   3.5037060e+02
   5.0158651e+02
   5.9798450e+02
   3.8227059e+02
   6.9650664e+02
   4.6002209e+02
   5.7961725e+02
   6.2284301e+02
   7.1868877e+02
   8.4192113e+02
   4.5232439e+02
   5.0698146e+02
   4.5809698e+02
   7.4144221e+02
  -7.2385530e+00
   2.3614225e+02
   7.5311347e+01
   2.7684134e+02
   3.8755145e+02
   6.5457898e+02
   7.8598448e+02
   1.1792932e+02
   4.4715689e+02
   8.4861334e+02
   4.4901856e+02
   5.6333146e+02
  -6.0999432e+01
  -2.3233651e+01
   1.5130453e+02
   5.0776139e+02
   1.7457934e+02
  -1.2413570e+01
   7.5162158e+02
  -4.9986655e+01
   7.6254822e+02
   8.0824535e+01
   5.9478528e+02
   4.4493353e+02
   2.4322256e+02
   2.9604101e+02
   7.9638930e+02
   2.9824093e+02
   1.1859957e+02
   1.4384935e+02
   8.0847548e+02
   7.2737753e+00
   5.5779902e+02
   3.9928506e+02
   6.3713574e+01
   7.9260032e+02
   7.2378840e+02
   1.8326952e+02
   6.7527514e+02
   1.7039130e+02
   2.1901960e+02
   6.4490114e+02
   5.7461104e+02
   3.2823959e+02
   4.9230041e+02
   2.9594955e+02
   1.5098681e+02
   2.0443633e+02
   5.0089421e+02
   5.5821935e+02
  -1.5512336e+01
   5.9208389e+02
   6.3818865e+02
   1.9169150e+02
   4.3950844e+02
   6.8978433e+01
   2.2145251e+02
   1.7469547e+02
   4.2205692e+02
   5.7136678e+02
   7.7077877e+01
   2.8744665e+02
   4.7352681e+02
   5.4520630e+02
   3.0247942e+02
   5.9115067e+02
   6.5680239e+01
   1.6234127e+02
   1.0202144e+02
   1.6562518e+02
   5.0932241e+02
   7.2637958e+02
   3.0746484e+02
   5.0226080e+02
   5.1276639e+02
   1.8642864e+02
   3.4487886e+02
   7.8613272e+02
   3.8008542e+02
   3.9228474e+02
   1.9137034e+02
   3.7166000e+02
   4.3055661e+02
   7.6741357e+02
   3.6822433e+02
   2.3224977e+02
   7.3580946e+02
   1.0801697e+02
   4.5034891e+02
   8.3887539e+02
   5.3556134e+02
   6.4652420e+02
   1.6188633e+02
   3.8014537e+02
   1.2030508e+01
   7.8717160e+02
  -2.7603274e+01
   9.3032162e+01
   2.0522439e+01
   1.0916582e+02
  -1.2574149e+01
   8.4094812e+02
   7.7242208e+02
   2.5534192e+02
   7.0492307e+02
   7.6440686e+02
   5.2614400e+02
   7.9099723e+02
   8.4211464e+02
   8.5045148e+02
   5.0954213e+02
   6.0145967e+02
  -2.3670757e+01
   3.4793346e+02
   2.5465102e+02
   3.0096889e+02
   9.9815688e+01
   7.6258879e+02
   3.8411763e+02
   8.2679330e+01
   9.2910377e+01
   5.1802538e+02
   3.5609019e+02
   4.7805848e+02
   5.7056035e+02
   1.1292782e+02
   3.3362518e+02
   1.4421131e+02
   1.1211986e+01
   5.0936582e+02
   4.7834545e+02
   2.1056126e+02
   3.5747477e+02
   5.2602202e+02
   3.2347970e+02
   4.5605147e+02
  -5.6385447e+01
   5.4349580e+02
   4.2666772e+02
   7.8868773e+02
   7.2708738e+02
   1.8102306e+01
   9.4408341e+01
   6.9338342e+02
   7.1666671e+02
   4.6295181e+02
   1.0870005e+02
   6.2843767e+02
   7.1196734e+02
   6.8213828e+02
   7.6119200e+01
   3.5493743e+02
   3.5293516e+02
   2.4197250e+02
   2.7017871e+02
   6.2535752e+02
   6.3897026e+02
   5.3728679e+02
   4.8875132e+02
   3.9537811e+02
   3.4101573e+02
   2.2587708e+02
   7.1851612e+02
   8.0437676e+01
   4.0100265e+01
   2.6285358e+02
   3.3498251e+02
  -4.0658604e+01
   7.2201945e+02
   7.4172393e+02
   2.1100464e+02
   9.5899180e+01
   6.0177255e+02
   3.4128902e+02
   8.0931666e+02
   5.2240756e+02
   2.0643134e+02
   7.9401208e+02
   8.3476159e+01
   5.9721655e+02
  -6.2421572e+00
   2.7759394e+02
   6.0866441e+02
   6.4410243e+02
   3.4706652e+02
  -1.2197050e+01
   1.9876327e+02
   2.3590873e+01
   4.0312942e+02
   6.8856264e+02
  -4.2659728e+01
   4.8552630e+02
   3.6203921e+02
   7.1386392e+02
   3.2293017e+02
   9.9203201e+01
   5.5929515e+02
   4.5414627e+02
   4.2667203e+02
  -4.4618003e+01
  -2.3678220e+01
   7.8468339e+02
   3.6995049e+00
   4.2389058e+02
   8.1808119e+02
   3.0234292e+02
   5.9850044e+02
   5.2085201e+02
   1.8086949e+02
   7.7718037e+02
   4.1177170e+02
   3.9769755e+02
   7.2702600e+02
   5.9556857e+02
   1.4026086e+02
   6.1027848e+02
   1.6978285e+02
   2.0544439e+02
   7.7739249e+02
   5.2153091e+02
   6.8733439e+02
   7.7006872e+02
   6.5404318e+02
   3.4831646e+02
   3.7466750e+02
   7.4815260e+02
   6.4411820e+02
   2.1604564e+02
   6.5178838e+02
   1.7719276e+02
   7.6901415e+02
   6.5508043e+02
   4.2717108e+02
   1.4735604e+02
   4.2534967e+02
   1.7488917e+02
   1.6690403e+02
   4.2359674e+02
   5.4483589e+02
   6.9255653e+02
   7.3195435e+02
   1.7627448e+02
   4.3773880e+02
   6.2028606e+02
   3.3024413e+02
   8.2946177e+02
  -1.5196315e+00
   2.0612236e+02
   6.4031223e+02
   8.3212271e+02
   3.1774914e+02
   2.4696444e+02
   6.6122963e+02
   4.1456775e+01
   6.3629778e+02
   8.4255137e+02
   7.1632414e+02
   7.3983020e+02
   2.6996276e+02
   8.0635737e+02
   2.2392821e+01
   2.3644359e+02
   4.9247382e+02
   3.6884164e+02
   2.4947224e+02
   4.1011023e+02
   1.8826466e+02
   1.2662469e+02
   7.0360440e+02
   5.4109059e+01
   7.0619891e+02
   8.1845644e+02
   6.6016976e+02
   5.0922632e+02
   2.5441898e+02
   4.8008489e+01
   3.0126287e+02
  -2.6524984e+01
   3.2382832e+01
   5.8893620e+02
   3.3980305e+01
   7.0040293e+02
   7.1993344e+02
   3.8216862e+02
   7.1941398e+02
   6.3517508e+02
   2.4997473e+02
   7.3818672e+02
   7.7718676e+02
   4.0093975e+02
   3.0389680e+02
   4.9155708e+02
   6.9590907e+02
   7.2554012e+01
   3.4203663e+02
   3.6954153e+02
   5.1558481e+02
   1.0608214e+02
   1.9482169e+02
   5.6582852e+02
   5.2473999e+02
  -1.1749488e+01
   5.4663429e+02
   3.9558673e+02
   3.1702901e+02
   5.3454062e+02
   5.8746568e+02
   1.3463291e+02
  -3.0456047e+01
   2.5042554e+00
   2.4372636e+02
   5.0350774e+02
   2.5997583e+02
   7.7457398e+02
   7.5092476e+02
   6.2641620e+02
  -1.2501393e+01
   7.5923890e+02
   3.5383883e+02
   7.7930107e+02
  -2.3198526e+01
   3.0452461e+02
   1.2373503e+02
   5.5016167e+02
   2.5188694e+02
   6.8707932e+02
   6.8081751e+02
   6.3668463e+02
   5.5014860e+02
   5.3308642e+02
   4.5472521e+02
   2.8887699e+02
   2.7983924e+02
   8.3556963e+02
   5.8671295e+02
   2.4891619e+02
   4.1775625e+02
   2.4335321e+00
   4.8434527e+02
  -1.2128711e+01
   6.7900273e+02
   1.1342284e+02
   2.8555050e+02
  -4.8756649e+00
   2.1966284e+02
  -3.3874429e+00
   5.3698993e+02
   3.0697847e+02
   9.1493563e+01
   3.6936148e+02
   9.4742868e+01
   2.4391053e+02
  -4.8324808e+01
   4.1951455e+01
   1.8076064e+02
   6.8476243e+02
   2.2598599e+02
   3.3219942e+02
   6.2105201e+02
   8.4095159e+02
   2.8393133e+02
   7.8450244e+01
   4.6902601e+02
   6.7219805e+02
   2.1552862e+02
   7.0500674e+02
   6.6855290e+02
   4.2221712e+02
   2.3031228e+01
   6.7979493e+02
   3.3890942e+02
   7.4496051e+02
   1.7051543e+02
   3.1231206e+02
   1.6348261e+02
   4.4881606e+02
   8.5318636e+02
   8.6027262e+01
   3.5953538e+02
   6.7024199e+02
   5.9348234e+02
   3.2294850e+02
   1.7807056e+02
   1.3646195e+02
   2.5426322e+02
   1.9959721e+02
   7.3368753e+01
   1.2186798e+02
   5.4464763e+02
   1.1319608e+02
   6.2091365e+02
  -4.4934965e+01
   7.7977439e+02
   6.6566577e+02
   1.3560608e+02
   8.1286732e+02
   7.5042783e+02
   4.3507177e+02
   4.5769368e+02
   4.7508103e+02
   7.6345084e+02
   7.7747428e+02
   3.9815745e+02
   5.0886149e+02
   5.4976080e+02
   5.6486562e+02
   2.2315207e+02
   1.5807628e+02
   6.8076829e+02
   5.1679732e+02
   2.3164938e+02
   4.1647136e+02
   7.4024644e+02
  -4.1996561e+01
   7.3094455e+02
   4.3913523e+02
  -3.2363868e+01
   4.2602898e+02
   6.2232956e+02
   5.3405708e+02
   4.5998370e+02
   2.1097437e+02
   7.6309015e+02
   2.4659333e+00
   4.8202974e+02
   4.9752807e+02
   5.7277286e+02
   1.7861790e+02
   5.1658229e+02
   6.2614853e+02
   2.2071935e+02
   4.4769881e+02
   4.7808739e+02
   6.0155161e+02
   4.8859979e+02
   6.2013235e+02
   4.5559420e+02
   5.2890211e+02
   6.7640848e+02
   3.9093771e+02
   6.6256566e+02
   1.5066916e+01
   6.0524830e+02
   3.0644988e+02
   7.3460245e+02
   7.2322143e+02
   5.3891223e+02
   9.2461026e+01
   2.5109891e+02
   5.1882302e+01
   3.7173414e+02
  -5.6003193e-01
  -3.6864741e+01
   5.4403718e+01
   4.3034983e+02
   1.8689799e+02
  -5.0980422e+01
   6.8109252e+02
   6.9283204e+02
   1.6386008e+02
   4.6927775e+02
   4.5904953e+02
   8.1871498e+02
   2.7128652e+02
   1.7389349e+02
   5.4605614e+02
   4.4143715e+02
   6.1613141e+02
   6.8786288e+02
   7.3847527e+02
   5.8072844e+02
   2.7014707e+02
   6.7229765e+02
   7.1560814e+02
   2.3919497e+02
   4.1467113e+02
   2.0410434e+02
   1.5485472e+02
   1.9779742e+02
   2.0594968e+01
   6.0082820e+02
   3.6177282e+02
  -1.0345469e+01
   8.2242312e+02
   9.9336681e+01
   5.6460304e+01
   7.9577258e+02
   1.0572438e+02
   6.6482678e+02
   8.2018488e+02
   5.6644288e+02
   7.4402933e+02
   5.9591751e+02
   4.8963945e+02
   1.2474135e+02
   1.7331504e+01
   7.5019830e+02
   8.2940476e+02
   4.7878645e+02
   2.2066042e+02
   8.0401109e+02
   6.8867442e+02
   9.1595315e+01
   2.6663689e+02
   6.6128105e+02
   3.7848734e+02
   7.5633161e+01
   8.0679351e+02
   3.0775813e+02
   5.3504136e+02
   4.9434640e+02
   7.2077216e+02
   3.8067617e+02
   6.8469675e+02
   5.1519478e+02
   9.2451414e+01
   6.0776383e+02
   5.9104477e+02
   4.0385722e+01
   6.0237906e+02
   3.5601543e+02
   6.6990121e+02
  -2.1201837e+01
  -5.7065358e+01
   4.2182298e+02
   2.0636511e+02
   4.6591114e+02
   7.4218492e+02
  -4.5404841e+01
   5.2884343e+02
  -1.7489527e+01
   8.0525324e+02
   2.4207344e+02
   8.1993936e+02
   2.7261740e+02
  -1.4352536e+01
   5.1777268e+02
   4.0806214e+02
   8.2997821e+00
   1.6652297e+02
   7.9991588e+02
   2.8019228e+02
   4.8917137e+02
   6.2785971e+02
   8.3999823e+02
  -1.0947514e+01
   1.4494468e+02
   1.1728374e+02
   3.3028387e+02
   3.9592089e+02
   1.7756231e+02
   6.4140976e+02
   4.0143741e+02
   8.3089630e+02
   1.5794101e+02
  -2.2675654e+01
   8.3718737e+02
   5.7150101e+02
   1.2696805e+02
   8.1088363e+02
   6.9511867e+02
   4.2721961e+02
   5.7413271e+02
   2.2885467e+02
   1.2488579e+02
   8.4910314e+02
   2.0251166e+02
   3.8967572e+02
   4.3044657e+02
   3.4456816e+02
   1.1559967e+02
   7.9016882e+02
   2.7737133e+01
   5.8641078e+01
   3.8784329e+02
   4.9172248e+02
   4.0092887e+02
   1.3189008e+02
   4.8745483e+02
   6.7347818e+02
   1.5606377e+02
   7.1348106e+02
   1.2969071e+02
   4.9409990e+02
   8.0034262e+01
   4.6388511e+02
   7.2255589e+02
   8.2647798e+02
   3.9324004e+02
   6.9745513e+02
   3.1844883e+02
   1.5312229e+02
  -2.6960437e+01
   2.8237723e+02
   1.5157985e+02
   4.9263438e+02
   5.2335763e+02
   7.7692721e+02
   8.4388393e+02
   4.8888726e+02
   8.5363232e+02
   8.4187691e+02
   4.5570443e+02
   4.5572088e+02
   2.9775166e+02
   5.9302837e+02
   1.9880595e+02
   1.5261735e+02
   6.9761225e+02
   7.1910281e+02
  -3.3869815e+01
   6.6073417e+02
   4.2277350e+02
   2.7393674e+02
   8.3194652e+02
   8.0674952e+02
   5.9080581e+01
   2.3723401e+01
   7.4395993e+02
   6.5836093e+02
   4.1836280e+02
   6.1330401e+02
   3.0365422e+02
   1.5190981e+02
   4.6017569e+02
   3.2113451e+02
   8.2329102e+02
   3.3457787e+02
   7.0428435e+02
   4.1976489e+02
   1.8238040e+02
   4.4615999e+02
   4.2248461e+02
   1.0813957e+02
  -3.4109266e+01
   2.5721114e+02
   7.8513594e+02
   9.9938117e+01
   2.5646352e+02
   7.6255938e+02
   1.2355314e+02
   4.1882952e+02
   8.4048917e+02
  -3.8489382e+01
   6.7450447e+02
   4.1486901e+02
   8.0568409e+02
   1.4938968e+02
   4.0558547e+01
   4.9238642e+02
   2.9528475e+02
   5.3109389e+01
   1.0936231e+01
   4.7435350e+02
   7.2774114e+02
   5.4529484e+02
   5.3227886e+02
   3.8956348e+02
   2.7741352e+02
   7.2151671e+02
   3.0180886e+02
   5.4346336e+02
   2.4222980e+02
   6.9154753e+02
   5.7654759e+01
  -5.0790756e+01
   2.2539461e+02
   7.3128396e+02
   6.8643460e+01
   1.9029643e+02
   5.8941502e+01
   1.5932747e+02
   6.0137114e+02
   7.1009866e+02
   1.6138309e+02
   2.5630530e+01
   5.9245827e+02
   6.0246671e+02
   1.4041388e+02
   7.4138420e+02
   7.4991963e+02
   8.3407227e+02
   6.9517169e+02
   8.2137500e+02
   6.3467988e+02
   7.2420953e+02
   6.7880237e+02
   3.9138556e+02
   3.5253072e+02
   8.4206074e+01
   4.6278201e+02
  -1.8359202e+01
   3.5310833e+02
  -3.8812905e+00
   8.2944118e+02
   7.0452591e+02
   8.4159534e+02
   5.8428279e+02
   1.9359421e+02
   2.5858733e+02
   4.5635379e+01
   8.4737828e+02
   8.2046652e+01
   4.2057404e+02
   6.9852055e+02
   6.2244311e+02
   8.0268813e+02
   1.6553766e+02
  -5.7886314e+01
   4.5907094e+02
   8.4652971e+02
   9.6737593e+01
   4.7099000e+02
   3.0975298e+01
   1.5084102e+02
   7.0051159e+01
   1.9227026e+02
   7.6478879e+02
   3.2862643e+01
   2.0570248e+02
   2.7907678e+02
   7.4986058e+02
   4.4748152e+01
   6.3889373e+02
   1.4424149e+02
   3.5853325e+02
   1.3877316e+02
   7.2696392e+02
   4.7033299e+02
   7.1435451e+02
   3.6216709e+02
   6.5079658e+02
   5.5611042e+02
   2.0212972e+02
   7.8847746e+02
   7.9195200e+02
   7.5869877e+02
  -3.4283399e+01
   3.4757679e+02
   2.6096702e+01
   4.5928790e+02
   4.6400600e+02
  -2.9932289e+01
   2.5472328e+02
   5.5047786e+02
   1.8588242e+01
  -4.3531297e+00
   1.0648270e+01
   4.0167367e+02
   5.0824001e+02
   3.0337451e+02
   4.5285372e+01
   8.0660182e+02
   4.6023631e+02
  -2.9812184e+01
   5.8564720e+02
   3.3180239e+01
   7.5820514e+02
   4.2221281e+02
   4.3792153e+01
   4.8684238e+02
   6.6123895e+01
   5.0811310e+02
   3.7484593e+02
   7.5309012e+02
  -6.2879017e+01
   4.3435832e+01
   8.1037818e+02
   8.0589833e+02
   5.7418506e+02
   4.4418856e+02
   7.4056127e+01
   5.3289783e+02
   2.7804385e+01
   6.0795437e+02
   1.5433072e+02
   5.1526771e+02
  -2.2426777e+01
  -2.1537629e+01
   4.5431849e+02
   4.6879739e+01
   7.9955358e+02
   7.0396333e+02
   7.3618617e+02
   5.6098879e+02
  -1.8041484e+01
   7.6607607e+01
   6.8432529e+02
   7.0335311e+02
   8.5027238e+02
  -2.8726155e+01
   5.7792585e+02
   2.7718762e+02
   4.2321909e+02
   6.6852359e+02
   2.8491485e+02
   6.1892632e+02
   4.4684104e+01
   3.5082358e+02
   8.3102421e+02
   3.3496562e+02
   2.5387035e+00
   7.7410532e+02
   8.1135775e+02
   2.3005970e+02
   7.5812877e+02
  -4.4921474e+01
   3.7467657e+01
   7.2020146e+02
   3.6909035e+01
   7.5134284e+02
   7.5212069e+02
   1.2341062e+01
   1.8007590e+02
   5.3970683e+02
   7.4073460e+01
   6.6876312e+01
   5.7075280e+02
   2.2972472e+02
   3.4341719e+02
   4.7442845e+02
   1.8292761e+02
   8.3352088e+02
   8.3417265e+02
   5.7879455e+01
  -4.2560876e+01
   5.4533895e+02
   3.4387283e+02
   1.4209597e+02
   5.1146596e+02
   3.3462066e+02
   5.6410629e+02
   3.9292774e+02
   3.1367153e+02
   4.3176784e+02
   7.7764883e+02
   6.9171782e+00
   7.5239207e+01
   4.6764498e+02
   4.2450945e+02
   1.6293864e+02
   7.0855484e+02
   8.1728955e+02
   2.0553555e+01
   4.9123686e+02
   4.8093108e+02
   6.5123799e+02
   7.3630195e+02
   7.8063023e+01
   6.3998364e+02
   2.8374822e+02
   2.5926034e+02
   1.8807350e+02
   2.5557439e+02
   7.6745029e+02
   3.5695853e+02
   5.9234233e+02
   3.7622104e+02
  -6.1633685e+01
   7.1942055e+02
   2.3051861e+02
   1.7832178e+02
   1.8227216e+02
   5.5289592e+00
   4.7682826e+02
   3.0359750e+02
   5.5598984e+02
   8.0370212e+02
  -3.8274946e+01
  -3.2615162e+01
   4.9676393e+01
   4.1138246e+02
   5.3630451e+02
   6.1433059e+02
   4.4434457e+02
   3.9675803e+02
   7.9607269e+02
   8.1634601e+02
   6.9535245e+02
   7.0708076e+02
   3.4936496e+02
   5.8979996e+02
   6.3429460e+02
   5.5014192e+02
   7.5599685e+02
   5.5453748e+02
   5.5442437e+02
   7.8401185e+02
   5.2711475e+02
   2.2234705e+02
   6.1120325e+02
   8.0064507e+02
   4.8326082e+02
   5.0794211e+02
   2.3611794e+02
   3.4124691e+02
   1.7749741e+02
   1.6063111e+02
   5.6993621e+02
   5.8406796e+02
   5.9165106e+02
   7.8567321e+02
  -3.7427493e+01
   6.5801800e+02
  -1.9375401e+01
   5.9594835e+02
   4.7937450e+01
   1.8244940e+02
   4.7873910e+02
   1.1007991e+02
   7.5947660e+01
   7.5966887e+02
   2.5668439e+02
   3.8358111e+02
   7.2802676e+02
   8.1765117e+02
   3.5450981e+02
   8.0600992e+02
   3.5249170e+02
   4.5530499e+02
   1.6255068e+02
   4.5681545e+02
  -4.7432586e+01
   2.1344740e+02
   6.7326870e+02
   6.3137646e+02
  -2.5823875e+01
   4.2156004e+02
   2.9685138e+02
   6.3342257e+02
   6.1036561e+02
   2.2614818e+02
   3.9873164e+02
   7.4251967e+02
   7.7849653e+02
   5.5769897e+02
   2.5184696e+02
   5.4002730e+02
   6.9832573e+02
   2.2166420e+02
   1.7381843e+02
   6.7266819e+02
   3.5994627e+02
   4.7714659e+02
   7.3742382e+02
   3.6569979e+02
   1.4862003e+02
   4.0351200e+02
   1.2322986e+02
   7.3569135e+02
   7.4141606e+02
   5.9141286e+02
   7.8777846e+02
   2.8472936e+02
   6.7442467e+02
   4.8347569e+02
   4.8751745e+01
   3.8079319e+02
   8.5245627e+02
  -1.3914385e+01
   3.9395555e+02
   4.6127188e+02
   4.2967887e+02
   1.5150260e+02
   5.3137277e+02
   5.5153542e+02
   2.4667445e+02
   2.8680273e+02
   2.0539556e+02
   6.4405016e+02
   3.6131837e+02
   4.8664986e+02
   3.1907542e+02
   1.6851781e+02
  -5.5965782e+01
   6.1709132e+02
   5.3179116e+02
   7.4745296e+02
   5.7328406e+02
   5.5533140e+02
   7.2234283e+02
   6.1030552e+01
   3.5026818e+02
   7.2935520e+02
   6.3791221e+02
  -3.9841924e+01
   3.5037060e+02
   5.0158651e+02
   5.9798450e+02
   3.8227059e+02
   6.9650664e+02
   4.6002209e+02
   5.7961725e+02
   6.2284301e+02
   7.1868877e+02
   8.4192113e+02
   4.5232439e+02
   5.0698146e+02
   4.5809698e+02
   7.4144221e+02
  -7.2385530e+00
   2.3614225e+02
   7.5311347e+01
   2.7684134e+02
   3.8755145e+02
   6.5457898e+02
   7.8598448e+02
   1.1792932e+02
   4.4715689e+02
   8.4861334e+02
   4.4901856e+02
   5.6333146e+02
  -6.0999432e+01
  -2.3233651e+01
   1.5130453e+02
   5.0776139e+02
   1.7457934e+02
  -1.2413570e+01
   7.5162158e+02
  -4.9986655e+01
   7.6254822e+02
   8.0824535e+01
   5.9478528e+02
   4.4493353e+02
   2.4322256e+02
   2.9604101e+02
   7.9638930e+02
   2.9824093e+02
   1.1859957e+02
   1.4384935e+02
   8.0847548e+02
   7.2737753e+00
   5.5779902e+02
   3.9928506e+02
   6.3713574e+01
   7.9260032e+02
   7.2378840e+02
   1.8326952e+02
   6.7527514e+02
   1.7039130e+02
   2.1901960e+02
   6.4490114e+02
   5.7461104e+02
   3.2823959e+02
   4.9230041e+02
   2.9594955e+02
   1.5098681e+02
   2.0443633e+02
   5.0089421e+02
   5.5821935e+02
  -1.5512336e+01
   5.9208389e+02
   6.3818865e+02
   1.9169150e+02
   4.3950844e+02
   6.8978433e+01
   2.2145251e+02
   1.7469547e+02
   4.2205692e+02
   5.7136678e+02
   7.7077877e+01
   2.8744665e+02
   4.7352681e+02
   5.4520630e+02
   3.0247942e+02
   5.9115067e+02
   6.5680239e+01
   1.6234127e+02
   1.0202144e+02
   1.6562518e+02
   5.0932241e+02
   7.2637958e+02
   3.0746484e+02
   5.0226080e+02
   5.1276639e+02
   1.8642864e+02
   3.4487886e+02
   7.8613272e+02
   3.8008542e+02
   3.9228474e+02
   1.9137034e+02
   3.7166000e+02
   4.3055661e+02
   7.6741357e+02
   3.6822433e+02
   2.3224977e+02
   7.3580946e+02
   1.0801697e+02
   4.5034891e+02
   8.3887539e+02
   5.3556134e+02
   6.4652420e+02
   1.6188633e+02
   3.8014537e+02
   1.2030508e+01
   7.8717160e+02
  -2.7603274e+01
   9.3032162e+01
   2.0522439e+01
   1.0916582e+02
  -1.2574149e+01
   8.4094812e+02
   7.7242208e+02
   2.5534192e+02
   7.0492307e+02
   7.6440686e+02
   5.2614400e+02
   7.9099723e+02
   8.4211464e+02
   8.5045148e+02
   5.0954213e+02
   6.0145967e+02
  -2.3670757e+01
   3.4793346e+02
   2.5465102e+02
   3.0096889e+02
   9.9815688e+01
   7.6258879e+02
   3.8411763e+02
   8.2679330e+01
   9.2910377e+01
   5.1802538e+02
   3.5609019e+02
   4.7805848e+02
   5.7056035e+02
   1.1292782e+02
   3.3362518e+02
   1.4421131e+02
   1.1211986e+01
   5.0936582e+02
   4.7834545e+02
   2.1056126e+02
   3.5747477e+02
   5.2602202e+02
   3.2347970e+02
   4.5605147e+02
  -5.6385447e+01
   5.4349580e+02
   4.2666772e+02
   7.8868773e+02
   7.2708738e+02
   1.8102306e+01
   9.4408341e+01
   6.9338342e+02
   7.1666671e+02
   4.6295181e+02
   1.0870005e+02
   6.2843767e+02
   7.1196734e+02
   6.8213828e+02
   7.6119200e+01
   3.5493743e+02
   3.5293516e+02
   2.4197250e+02
   2.7017871e+02
   6.2535752e+02
   6.3897026e+02
   5.3728679e+02
   4.8875132e+02
   3.9537811e+02
   3.4101573e+02
   2.2587708e+02
   7.1851612e+02
   8.0437676e+01
   4.0100265e+01
   2.6285358e+02
   3.3498251e+02
  -4.0658604e+01
   7.2201945e+02
   7.4172393e+02
   2.1100464e+02
   9.5899180e+01
   6.0177255e+02
   3.4128902e+02
   8.0931666e+02
   5.2240756e+02
   2.0643134e+02
   7.9401208e+02
   8.3476159e+01
   5.9721655e+02
  -6.2421572e+00
   2.7759394e+02
   6.0866441e+02
   6.4410243e+02
   3.4706652e+02
  -1.2197050e+01
   1.9876327e+02
   2.3590873e+01
   4.0312942e+02
   6.8856264e+02
  -4.2659728e+01
   4.8552630e+02
   3.6203921e+02
   7.1386392e+02
   3.2293017e+02
   9.9203201e+01
   5.5929515e+02
   4.5414627e+02
   4.2667203e+02
  -4.4618003e+01
  -2.3678220e+01
   7.8468339e+02
   3.6995049e+00
   4.2389058e+02
   8.1808119e+02
   3.0234292e+02
   5.9850044e+02
   5.2085201e+02
   1.8086949e+02
   7.7718037e+02
   4.1177170e+02
   3.9769755e+02
   7.2702600e+02
   5.9556857e+02
   1.4026086e+02
   6.1027848e+02
   1.6978285e+02
   2.0544439e+02
   7.7739249e+02
   5.2153091e+02
   6.8733439e+02
   7.7006872e+02
   6.5404318e+02
   3.4831646e+02
   3.7466750e+02
   7.4815260e+02
   6.4411820e+02
   2.1604564e+02
   6.5178838e+02
   1.7719276e+02
   7.6901415e+02
   6.5508043e+02
   4.2717108e+02
   1.4735604e+02
   4.2534967e+02
   1.7488917e+02
   1.6690403e+02
   4.2359674e+02
   5.4483589e+02
   6.9255653e+02
   7.3195435e+02
   1.7627448e+02
   4.3773880e+02
   6.2028606e+02
   3.3024413e+02
   8.2946177e+02
  -1.5196315e+00
   2.0612236e+02
   6.4031223e+02
   8.3212271e+02
   3.1774914e+02
   2.4696444e+02
   6.6122963e+02
   4.1456775e+01
   6.3629778e+02
   8.4255137e+02
   7.1632414e+02
   7.3983020e+02
   2.6996276e+02
   8.0635737e+02
   2.2392821e+01
   2.3644359e+02
   4.9247382e+02
   3.6884164e+02
   2.4947224e+02
   4.1011023e+02
   1.8826466e+02
   1.2662469e+02
   7.0360440e+02
   5.4109059e+01
   7.0619891e+02
   8.1845644e+02
   6.6016976e+02
   5.0922632e+02
   2.5441898e+02
   4.8008489e+01
   3.0126287e+02
  -2.6524984e+01
   3.2382832e+01
   5.8893620e+02
   3.3980305e+01
   7.0040293e+02
   7.1993344e+02
   3.8216862e+02
   7.1941398e+02
   6.3517508e+02
   2.4997473e+02
   7.3818672e+02
   7.7718676e+02
   4.0093975e+02
   3.0389680e+02
   4.9155708e+02
   6.9590907e+02
   7.2554012e+01
   3.4203663e+02
   3.6954153e+02
   5.1558481e+02
   1.0608214e+02
   1.9482169e+02
   5.6582852e+02
   5.2473999e+02
  -1.1749488e+01
   5.4663429e+02
   3.9558673e+02
   3.1702901e+02
   5.3454062e+02
   5.8746568e+02
   1.3463291e+02
  -3.0456047e+01
   2.5042554e+00
   2.4372636e+02
   5.0350774e+02
   2.5997583e+02
   7.7457398e+02
   7.5092476e+02
   6.2641620e+02
  -1.2501393e+01
   7.5923890e+02
   3.5383883e+02
   7.7930107e+02
  -2.3198526e+01
   3.0452461e+02
   1.2373503e+02
   5.5016167e+02
   2.5188694e+02
   6.8707932e+02
   6.8081751e+02
   6.3668463e+02
   5.5014860e+02
   5.3308642e+02
   4.5472521e+02
   2.8887699e+02
   2.7983924e+02
   8.3556963e+02
   5.8671295e+02
   2.4891619e+02
   4.1775625e+02
   2.4335321e+00
   4.8434527e+02
  -1.2128711e+01
   6.7900273e+02
   1.1342284e+02
   2.8555050e+02
  -4.8756649e+00
   2.1966284e+02
  -3.3874429e+00
   5.3698993e+02
   3.0697847e+02
   9.1493563e+01
   3.6936148e+02
   9.4742868e+01
   2.4391053e+02
  -4.8324808e+01
   4.1951455e+01
   1.8076064e+02
   6.8476243e+02
   2.2598599e+02
   3.3219942e+02
   6.2105201e+02
   8.4095159e+02
   2.8393133e+02
   7.8450244e+01
   4.6902601e+02
   6.7219805e+02
   2.1552862e+02
   7.0500674e+02
   6.6855290e+02
   4.2221712e+02
   2.3031228e+01
   6.7979493e+02
   3.3890942e+02
   7.4496051e+02
   1.7051543e+02
   3.1231206e+02
   1.6348261e+02
   4.4881606e+02
   8.5318636e+02
   8.6027262e+01
   3.5953538e+02
   6.7024199e+02
   5.9348234e+02
   3.2294850e+02
   1.7807056e+02
   1.3646195e+02
   2.5426322e+02
   1.9959721e+02
   7.3368753e+01
   1.2186798e+02
   5.4464763e+02
   1.1319608e+02
   6.2091365e+02
  -4.4934965e+01
   7.7977439e+02
   6.6566577e+02
   1.3560608e+02
   8.1286732e+02
   7.5042783e+02
   4.3507177e+02
   4.5769368e+02
   4.7508103e+02
   7.6345084e+02
   7.7747428e+02
   3.9815745e+02
   5.0886149e+02
   5.4976080e+02
   5.6486562e+02
   2.2315207e+02
   1.5807628e+02
   6.8076829e+02
   5.1679732e+02
   2.3164938e+02
   4.1647136e+02
   7.4024644e+02
  -4.1996561e+01
   7.3094455e+02
   4.3913523e+02
  -3.2363868e+01
   4.2602898e+02
   6.2232956e+02
   5.3405708e+02
   4.5998370e+02
   2.1097437e+02
   7.6309015e+02
   2.4659333e+00
   4.8202974e+02
   4.9752807e+02
   5.7277286e+02
   1.7861790e+02
   5.1658229e+02
   6.2614853e+02
   2.2071935e+02
   4.4769881e+02
   4.7808739e+02
   6.0155161e+02
   4.8859979e+02
   6.2013235e+02
   4.5559420e+02
   5.2890211e+02
   6.7640848e+02
   3.9093771e+02
   6.6256566e+02
   1.5066916e+01
   6.0524830e+02
   3.0644988e+02
   7.3460245e+02
   7.2322143e+02
   5.3891223e+02
   9.2461026e+01
   2.5109891e+02
   5.1882302e+01
   3.7173414e+02
  -5.6003193e-01
  -3.6864741e+01
   5.4403718e+01
   4.3034983e+02
   1.8689799e+02
  -5.0980422e+01
   6.8109252e+02
   6.9283204e+02
   1.6386008e+02
   4.6927775e+02
   4.5904953e+02
   8.1871498e+02
   2.7128652e+02
   1.7389349e+02
   5.4605614e+02
   4.4143715e+02
   6.1613141e+02
   6.8786288e+02
   7.3847527e+02
   5.8072844e+02
   2.7014707e+02
   6.7229765e+02
   7.1560814e+02
   2.3919497e+02
   4.1467113e+02
   2.0410434e+02
   1.5485472e+02
   1.9779742e+02
   2.0594968e+01
   6.0082820e+02
   3.6177282e+02
  -1.0345469e+01
   8.2242312e+02
   9.9336681e+01
   5.6460304e+01
   7.9577258e+02
   1.0572438e+02
   6.6482678e+02
   8.2018488e+02
   5.6644288e+02
   7.4402933e+02
   5.9591751e+02
   4.8963945e+02
   1.2474135e+02
   1.7331504e+01
   7.5019830e+02
   8.2940476e+02
   4.7878645e+02
   2.2066042e+02
   8.0401109e+02
   6.8867442e+02
   9.1595315e+01
   2.6663689e+02
   6.6128105e+02
   3.7848734e+02
   7.5633161e+01
   8.0679351e+02
   3.0775813e+02
   5.3504136e+02
   4.9434640e+02
   7.2077216e+02
   3.8067617e+02
   6.8469675e+02
   5.1519478e+02
   9.2451414e+01
   6.0776383e+02
   5.9104477e+02
   4.0385722e+01
   6.0237906e+02
   3.5601543e+02
   6.6990121e+02
  -2.1201837e+01
  -5.7065358e+01
   4.2182298e+02
   2.0636511e+02
   4.6591114e+02
   7.4218492e+02
  -4.5404841e+01
   5.2884343e+02
  -1.7489527e+01
   8.0525324e+02
   2.4207344e+02
   8.1993936e+02
   2.7261740e+02
  -1.4352536e+01
   5.1777268e+02
   4.0806214e+02
   8.2997821e+00
   1.6652297e+02
   7.9991588e+02
   2.8019228e+02
   4.8917137e+02
   6.2785971e+02
   8.3999823e+02
  -1.0947514e+01
   1.4494468e+02
   1.1728374e+02
   3.3028387e+02
   3.9592089e+02
   1.7756231e+02
   6.4140976e+02
   4.0143741e+02
   8.3089630e+02
   1.5794101e+02
  -2.2675654e+01
   8.3718737e+02
   5.7150101e+02
   1.2696805e+02
   8.1088363e+02
   6.9511867e+02
   4.2721961e+02
   5.7413271e+02
   2.2885467e+02
   1.2488579e+02
   8.4910314e+02
   2.0251166e+02
   3.8967572e+02
   4.3044657e+02
   3.4456816e+02
   1.1559967e+02
   7.9016882e+02
   2.7737133e+01
   5.8641078e+01
   3.8784329e+02
   4.9172248e+02
   4.0092887e+02
   1.3189008e+02
   4.8745483e+02
   6.7347818e+02
   1.5606377e+02
   7.1348106e+02
   1.2969071e+02
   4.9409990e+02
   8.0034262e+01
   4.6388511e+02
   7.2255589e+02
   8.2647798e+02
   3.9324004e+02
   6.9745513e+02
   3.1844883e+02
   1.5312229e+02
  -2.6960437e+01
   2.8237723e+02
   1.5157985e+02
   4.9263438e+02
   5.2335763e+02
   7.7692721e+02
   8.4388393e+02
   4.8888726e+02
   8.5363232e+02
   8.4187691e+02
   4.5570443e+02
   4.5572088e+02
   2.9775166e+02
   5.9302837e+02
   1.9880595e+02
   1.5261735e+02
   6.9761225e+02
   7.1910281e+02
  -3.3869815e+01
   6.6073417e+02
   4.2277350e+02
   2.7393674e+02
   8.3194652e+02
   8.0674952e+02
   5.9080581e+01
   2.3723401e+01
   7.4395993e+02
   6.5836093e+02
   4.1836280e+02
   6.1330401e+02
   3.0365422e+02
   1.5190981e+02
   4.6017569e+02
   3.2113451e+02
   8.2329102e+02
   3.3457787e+02
   7.0428435e+02
   4.1976489e+02
   1.8238040e+02
   4.4615999e+02
   4.2248461e+02
   1.0813957e+02
  -3.4109266e+01
   2.5721114e+02
   7.8513594e+02
   9.9938117e+01
   2.5646352e+02
   7.6255938e+02
   1.2355314e+02
   4.1882952e+02
   8.4048917e+02
  -3.8489382e+01
   6.7450447e+02
   4.1486901e+02
   8.0568409e+02
   1.4938968e+02
   4.0558547e+01
   4.9238642e+02
   2.9528475e+02
   5.3109389e+01
   1.0936231e+01
   4.7435350e+02
   7.2774114e+02
   5.4529484e+02
   5.3227886e+02
   3.8956348e+02
   2.7741352e+02
   7.2151671e+02
   3.0180886e+02
   5.4346336e+02
   2.4222980e+02
   6.9154753e+02
   5.7654759e+01
  -5.0790756e+01
   2.2539461e+02
   7.3128396e+02
   6.8643460e+01
   1.9029643e+02
   5.8941502e+01
   1.5932747e+02
   6.0137114e+02
   7.1009866e+02
   1.6138309e+02
   2.5630530e+01
   5.9245827e+02
   6.0246671e+02
   1.4041388e+02
   7.4138420e+02
   7.4991963e+02
   8.3407227e+02
   6.9517169e+02
   8.2137500e+02
   6.3467988e+02
   7.2420953e+02
   6.7880237e+02
   3.9138556e+02
   3.5253072e+02
   8.4206074e+01
   4.6278201e+02
  -1.8359202e+01
   3.5310833e+02
  -3.8812905e+00
   8.2944118e+02
   7.0452591e+02
   8.4159534e+02
   5.8428279e+02
   1.9359421e+02
   2.5858733e+02
   4.5635379e+01
   8.4737828e+02
   8.2046652e+01
   4.2057404e+02
   6.9852055e+02
   6.2244311e+02
   8.0268813e+02
   1.6553766e+02
  -5.7886314e+01
   4.5907094e+02
   8.4652971e+02
   9.6737593e+01
   4.7099000e+02
   3.0975298e+01
   1.5084102e+02
   7.0051159e+01
   1.9227026e+02
   7.6478879e+02
   3.2862643e+01
   2.0570248e+02
   2.7907678e+02
   7.4986058e+02
   4.4748152e+01
   6.3889373e+02
   1.4424149e+02
   3.5853325e+02
   1.3877316e+02
   7.2696392e+02
   4.7033299e+02
   7.1435451e+02
   3.6216709e+02
   6.5079658e+02
   5.5611042e+02
   2.0212972e+02
   7.8847746e+02
   7.9195200e+02
   7.5869877e+02
  -3.4283399e+01
   3.4757679e+02
   2.6096702e+01
   4.5928790e+02
   4.6400600e+02
  -2.9932289e+01
   2.5472328e+02
   5.5047786e+02
   1.8588242e+01
  -4.3531297e+00
   1.0648270e+01
   4.0167367e+02
   5.0824001e+02
   3.0337451e+02
   4.5285372e+01
   8.0660182e+02
   4.6023631e+02
  -2.9812184e+01
   5.8564720e+02
   3.3180239e+01
   7.5820514e+02
   4.2221281e+02
   4.3792153e+01
   4.8684238e+02
   6.6123895e+01
   5.0811310e+02
   3.7484593e+02
   7.5309012e+02
  -6.2879017e+01
   4.3435832e+01
   8.1037818e+02
   8.0589833e+02
   5.7418506e+02
   4.4418856e+02
   7.4056127e+01
   5.3289783e+02
   2.7804385e+01
   6.0795437e+02
   1.5433072e+02
   5.1526771e+02
  -2.2426777e+01
  -2.1537629e+01
   4.5431849e+02
   4.6879739e+01
   7.9955358e+02
   7.0396333e+02
   7.3618617e+02
   5.6098879e+02
  -1.8041484e+01
   7.6607607e+01
   6.8432529e+02
   7.0335311e+02
   8.5027238e+02
  -2.8726155e+01
   5.7792585e+02
   2.7718762e+02
   4.2321909e+02
   6.6852359e+02
   2.8491485e+02
   6.1892632e+02
   4.4684104e+01
   3.5082358e+02
   8.3102421e+02
   3.3496562e+02
   2.5387035e+00
   7.7410532e+02
   8.1135775e+02
   2.3005970e+02
   7.5812877e+02
  -4.4921474e+01
   3.7467657e+01
   7.2020146e+02
   3.6909035e+01
   7.5134284e+02
   7.5212069e+02
   1.2341062e+01
   1.8007590e+02
   5.3970683e+02
   7.4073460e+01
   6.6876312e+01
   5.7075280e+02
   2.2972472e+02
   3.4341719e+02
   4.7442845e+02
   1.8292761e+02
   8.3352088e+02
   8.3417265e+02
   5.7879455e+01
  -4.2560876e+01
   5.4533895e+02
   3.4387283e+02
   1.4209597e+02
   5.1146596e+02
   3.3462066e+02
   5.6410629e+02
   3.9292774e+02
   3.1367153e+02
   4.3176784e+02
   7.7764883e+02
   6.9171782e+00
   7.5239207e+01
   4.6764498e+02
   4.2450945e+02
   1.6293864e+02
   7.0855484e+02
   8.1728955e+02
   2.0553555e+01
   4.9123686e+02
   4.8093108e+02
   6.5123799e+02
   7.3630195e+02
   7.8063023e+01
   6.3998364e+02
   2.8374822e+02
   2.5926034e+02
   1.8807350e+02
   2.5557439e+02
   7.6745029e+02
   3.5695853e+02
   5.9234233e+02
   3.7622104e+02
  -6.1633685e+01
   7.1942055e+02
   2.3051861e+02
   1.7832178e+02
   1.8227216e+02
   5.5289592e+00
   4.7682826e+02
   3.0359750e+02
   5.5598984e+02
   8.0370212e+02
  -3.8274946e+01
  -3.2615162e+01
   4.9676393e+01
   4.1138246e+02
   5.3630451e+02
   6.1433059e+02
   4.4434457e+02
   3.9675803e+02
   7.9607269e+02
   8.1634601e+02
   6.9535245e+02
   7.0708076e+02
   3.4936496e+02
   5.8979996e+02
   6.3429460e+02
   5.5014192e+02
   7.5599685e+02
   5.5453748e+02
   5.5442437e+02
   7.8401185e+02
   5.2711475e+02
   2.2234705e+02
   6.1120325e+02
   8.0064507e+02
   4.8326082e+02
   5.0794211e+02
   2.3611794e+02
   3.4124691e+02
   1.7749741e+02
   1.6063111e+02
   5.6993621e+02
   5.8406796e+02
   5.9165106e+02
   7.8567321e+02
  -3.7427493e+01
   6.5801800e+02
  -1.9375401e+01
   5.9594835e+02
   4.7937450e+01
   1.8244940e+02
   4.7873910e+02
   1.1007991e+02
   7.5947660e+01
   7.5966887e+02
   2.5668439e+02
   3.8358111e+02
   7.2802676e+02
   8.1765117e+02
   3.5450981e+02
   8.0600992e+02
   3.5249170e+02
   4.5530499e+02
   1.6255068e+02
   4.5681545e+02
  -4.7432586e+01
   2.1344740e+02
   6.7326870e+02
   6.3137646e+02
  -2.5823875e+01
   4.2156004e+02
   2.9685138e+02
   6.3342257e+02
   6.1036561e+02
   2.2614818e+02
   3.9873164e+02
   7.4251967e+02
   7.7849653e+02
   5.5769897e+02
   2.5184696e+02
   5.4002730e+02
   6.9832573e+02
   2.2166420e+02
   1.7381843e+02
   6.7266819e+02
   3.5994627e+02
   4.7714659e+02
   7.3742382e+02
   3.6569979e+02
   1.4862003e+02
   4.0351200e+02
   1.2322986e+02
   7.3569135e+02
   7.4141606e+02
   5.9141286e+02
   7.8777846e+02
   2.8472936e+02
   6.7442467e+02
   4.8347569e+02
   4.8751745e+01
   3.8079319e+02
   8.5245627e+02
  -1.3914385e+01
   3.9395555e+02
   4.6127188e+02
   4.2967887e+02
   1.5150260e+02
   5.3137277e+02
   5.5153542e+02
   2.4667445e+02
   2.8680273e+02
   2.0539556e+02
   6.4405016e+02
   3.6131837e+02
   4.8664986e+02
   3.1907542e+02
   1.6851781e+02
  -5.5965782e+01
   6.1709132e+02
   5.3179116e+02
   7.4745296e+02
   5.7328406e+02
   5.5533140e+02
   7.2234283e+02
   6.1030552e+01
   3.5026818e+02
   7.2935520e+02
   6.3791221e+02
  -3.9841924e+01
   3.5037060e+02
   5.0158651e+02
   5.9798450e+02
   3.8227059e+02
   6.9650664e+02
   4.6002209e+02
   5.7961725e+02
   6.2284301e+02
   7.1868877e+02
   8.4192113e+02
   4.5232439e+02
   5.0698146e+02
   4.5809698e+02
   7.4144221e+02
  -7.2385530e+00
   2.3614225e+02
   7.5311347e+01
   2.7684134e+02
   3.8755145e+02
   6.5457898e+02
   7.8598448e+02
   1.1792932e+02
   4.4715689e+02
   8.4861334e+02
   4.4901856e+02
   5.6333146e+02
  -6.0999432e+01
  -2.3233651e+01
   1.5130453e+02
   5.0776139e+02
   1.7457934e+02
  -1.2413570e+01
   7.5162158e+02
  -4.9986655e+01
   7.6254822e+02
   8.0824535e+01
   5.9478528e+02
   4.4493353e+02
   2.4322256e+02
   2.9604101e+02
   7.9638930e+02
   2.9824093e+02
   1.1859957e+02
   1.4384935e+02
   8.0847548e+02
   7.2737753e+00
   5.5779902e+02
   3.9928506e+02
   6.3713574e+01
   7.9260032e+02
   7.2378840e+02
   1.8326952e+02
   6.7527514e+02
   1.7039130e+02
   2.1901960e+02
   6.4490114e+02
   5.7461104e+02
   3.2823959e+02
   4.9230041e+02
   2.9594955e+02
   1.5098681e+02
   2.0443633e+02
   5.0089421e+02
   5.5821935e+02
  -1.5512336e+01
   5.9208389e+02
   6.3818865e+02
   1.9169150e+02
   4.3950844e+02
   6.8978433e+01
   2.2145251e+02
   1.7469547e+02
   4.2205692e+02
   5.7136678e+02
   7.7077877e+01
   2.8744665e+02
   4.7352681e+02
   5.4520630e+02
   3.0247942e+02
   5.9115067e+02
   6.5680239e+01
   1.6234127e+02
   1.0202144e+02
   1.6562518e+02
   5.0932241e+02
   7.2637958e+02
   3.0746484e+02
   5.0226080e+02
   5.1276639e+02
   1.8642864e+02
   3.4487886e+02
   7.8613272e+02
   3.8008542e+02
   3.9228474e+02
   1.9137034e+02
   3.7166000e+02
   4.3055661e+02
   7.6741357e+02
   3.6822433e+02
   2.3224977e+02
   7.3580946e+02
   1.0801697e+02
   4.5034891e+02
   8.3887539e+02
   5.3556134e+02
   6.4652420e+02
   1.6188633e+02
   3.8014537e+02
   1.2030508e+01
   7.8717160e+02
  -2.7603274e+01
   9.3032162e+01
   2.0522439e+01
   1.0916582e+02
  -1.2574149e+01
   8.4094812e+02
   7.7242208e+02
   2.5534192e+02
   7.0492307e+02
   7.6440686e+02
   5.2614400e+02
   7.9099723e+02
   8.4211464e+02
   8.5045148e+02
   5.0954213e+02
   6.0145967e+02
  -2.3670757e+01
   3.4793346e+02
   2.5465102e+02
   3.0096889e+02
   9.9815688e+01
   7.6258879e+02
   3.8411763e+02
   8.2679330e+01
   9.2910377e+01
   5.1802538e+02
   3.5609019e+02
   4.7805848e+02
   5.7056035e+02
   1.1292782e+02
   3.3362518e+02
   1.4421131e+02
   1.1211986e+01
   5.0936582e+02
   4.7834545e+02
   2.1056126e+02
   3.5747477e+02
   5.2602202e+02
   3.2347970e+02
   4.5605147e+02
  -5.6385447e+01
   5.4349580e+02
   4.2666772e+02
   7.8868773e+02
   7.2708738e+02
   1.8102306e+01
   9.4408341e+01
   6.9338342e+02
   7.1666671e+02
   4.6295181e+02
   1.0870005e+02
   6.2843767e+02
   7.1196734e+02
   6.8213828e+02
   7.6119200e+01
   3.5493743e+02
   3.5293516e+02
   2.4197250e+02
   2.7017871e+02
   6.2535752e+02
   6.3897026e+02
   5.3728679e+02
   4.8875132e+02
   3.9537811e+02
   3.4101573e+02
   2.2587708e+02
   7.1851612e+02
   8.0437676e+01
   4.0100265e+01
   2.6285358e+02
   3.3498251e+02
  -4.0658604e+01
   7.2201945e+02
   7.4172393e+02
   2.1100464e+02
   9.5899180e+01
   6.0177255e+02
   3.4128902e+02
   8.0931666e+02
   5.2240756e+02
   2.0643134e+02
   7.9401208e+02
   8.3476159e+01
   5.9721655e+02
  -6.2421572e+00
   2.7759394e+02
   6.0866441e+02
   6.4410243e+02
   3.4706652e+02
  -1.2197050e+01
   1.9876327e+02
   2.3590873e+01
   4.0312942e+02
   6.8856264e+02
  -4.2659728e+01
   4.8552630e+02
   3.6203921e+02
   7.1386392e+02
   3.2293017e+02
   9.9203201e+01
   5.5929515e+02
   4.5414627e+02
   4.2667203e+02
  -4.4618003e+01
  -2.3678220e+01
   7.8468339e+02
   3.6995049e+00
   4.2389058e+02
   8.1808119e+02
   3.0234292e+02
   5.9850044e+02
   5.2085201e+02
   1.8086949e+02
   7.7718037e+02
   4.1177170e+02
   3.9769755e+02
   7.2702600e+02
   5.9556857e+02
   1.4026086e+02
   6.1027848e+02
   1.6978285e+02
   2.0544439e+02
   7.7739249e+02
   5.2153091e+02
   6.8733439e+02
   7.7006872e+02
   6.5404318e+02
   3.4831646e+02
   3.7466750e+02
   7.4815260e+02
   6.4411820e+02
   2.1604564e+02
   6.5178838e+02
   1.7719276e+02
   7.6901415e+02
   6.5508043e+02
   4.2717108e+02
   1.4735604e+02
   4.2534967e+02
   1.7488917e+02
   1.6690403e+02
   4.2359674e+02
   5.4483589e+02
   6.9255653e+02
   7.3195435e+02
   1.7627448e+02
   4.3773880e+02
   6.2028606e+02
   3.3024413e+02
   8.2946177e+02
  -1.5196315e+00
   2.0612236e+02
   6.4031223e+02
   8.3212271e+02
   3.1774914e+02
   2.4696444e+02
   6.6122963e+02
   4.1456775e+01
   6.3629778e+02
   8.4255137e+02
   7.1632414e+02
   7.3983020e+02
   2.6996276e+02
   8.0635737e+02
   2.2392821e+01
   2.3644359e+02
   4.9247382e+02
   3.6884164e+02
   2.4947224e+02
   4.1011023e+02
   1.8826466e+02
   1.2662469e+02
   7.0360440e+02
   5.4109059e+01
   7.0619891e+02
   8.1845644e+02
   6.6016976e+02
   5.0922632e+02
   2.5441898e+02
   4.8008489e+01
   3.0126287e+02
  -2.6524984e+01
   3.2382832e+01
   5.8893620e+02
   3.3980305e+01
   7.0040293e+02
   7.1993344e+02
   3.8216862e+02
   7.1941398e+02
   6.3517508e+02
   2.4997473e+02
   7.3818672e+02
   7.7718676e+02
   4.0093975e+02
   3.0389680e+02
   4.9155708e+02
   6.9590907e+02
   7.2554012e+01
   3.4203663e+02
   3.6954153e+02
   5.1558481e+02
   1.0608214e+02
   1.9482169e+02
   5.6582852e+02
   5.2473999e+02
  -1.1749488e+01
   5.4663429e+02
   3.9558673e+02
   3.1702901e+02
   5.3454062e+02
   5.8746568e+02
   1.3463291e+02
  -3.0456047e+01
   2.5042554e+00
   2.4372636e+02
   5.0350774e+02
   2.5997583e+02
   7.7457398e+02
   7.5092476e+02
   6.2641620e+02
  -1.2501393e+01
   7.5923890e+02
   3.5383883e+02
   7.7930107e+02
  -2.3198526e+01
   3.0452461e+02
   1.2373503e+02
   5.5016167e+02
   2.5188694e+02
   6.8707932e+02
   6.8081751e+02
   6.3668463e+02
   5.5014860e+02
   5.3308642e+02
   4.5472521e+02
   2.8887699e+02
   2.7983924e+02
   8.3556963e+02
   5.8671295e+02
   2.4891619e+02
   4.1775625e+02
   2.4335321e+00
   4.8434527e+02
  -1.2128711e+01
   6.7900273e+02
   1.1342284e+02
   2.8555050e+02
  -4.8756649e+00
   2.1966284e+02
  -3.3874429e+00
   5.3698993e+02
   3.0697847e+02
   9.1493563e+01
   3.6936148e+02
   9.4742868e+01
   2.4391053e+02
  -4.8324808e+01
   4.1951455e+01
   1.8076064e+02
   6.8476243e+02
   2.2598599e+02
   3.3219942e+02
   6.2105201e+02
   8.4095159e+02
   2.8393133e+02
   7.8450244e+01
   4.6902601e+02
   6.7219805e+02
   2.1552862e+02
   7.0500674e+02
   6.6855290e+02
   4.2221712e+02
   2.3031228e+01
   6.7979493e+02
   3.3890942e+02
   7.4496051e+02
   1.7051543e+02
   3.1231206e+02
   1.6348261e+02
   4.4881606e+02
   8.5318636e+02
   8.6027262e+01
   3.5953538e+02
   6.7024199e+02
   5.9348234e+02
   3.2294850e+02
   1.7807056e+02
   1.3646195e+02
   2.5426322e+02
   1.9959721e+02
   7.3368753e+01
   1.2186798e+02
   5.4464763e+02
   1.1319608e+02
   6.2091365e+02
  -4.4934965e+01
   7.7977439e+02
   6.6566577e+02
   1.3560608e+02
   8.1286732e+02
   7.5042783e+02
   4.3507177e+02
   4.5769368e+02
   4.7508103e+02
   7.6345084e+02
   7.7747428e+02
   3.9815745e+02
   5.0886149e+02
   5.4976080e+02
   5.6486562e+02
   2.2315207e+02
   1.5807628e+02
   6.8076829e+02
   5.1679732e+02
   2.3164938e+02
   4.1647136e+02
   7.4024644e+02
  -4.1996561e+01
   7.3094455e+02
   4.3913523e+02
  -3.2363868e+01
   4.2602898e+02
   6.2232956e+02
   5.3405708e+02
   4.5998370e+02
   2.1097437e+02
   7.6309015e+02
   2.4659333e+00
   4.8202974e+02
   4.9752807e+02
   5.7277286e+02
   1.7861790e+02
   5.1658229e+02
   6.2614853e+02
   2.2071935e+02
   4.4769881e+02
   4.7808739e+02
   6.0155161e+02
   4.8859979e+02
   6.2013235e+02
   4.5559420e+02
   5.2890211e+02
   6.7640848e+02
   3.9093771e+02
   6.6256566e+02
   1.5066916e+01
   6.0524830e+02
   3.0644988e+02
   7.3460245e+02
   7.2322143e+02
   5.3891223e+02
   9.2461026e+01
   2.5109891e+02
   5.1882302e+01
   3.7173414e+02
  -5.6003193e-01
  -3.6864741e+01
   5.4403718e+01
   4.3034983e+02
   1.8689799e+02
  -5.0980422e+01
   6.8109252e+02
   6.9283204e+02
   1.6386008e+02
   4.6927775e+02
   4.5904953e+02
   8.1871498e+02
   2.7128652e+02
   1.7389349e+02
   5.4605614e+02
   4.4143715e+02
   6.1613141e+02
   6.8786288e+02
   7.3847527e+02
   5.8072844e+02
   2.7014707e+02
   6.7229765e+02
   7.1560814e+02
   2.3919497e+02
   4.1467113e+02
   2.0410434e+02
   1.5485472e+02
   1.9779742e+02
   2.0594968e+01
   6.0082820e+02
   3.6177282e+02
  -1.0345469e+01
   8.2242312e+02
   9.9336681e+01
   5.6460304e+01
   7.9577258e+02
   1.0572438e+02
   6.6482678e+02
   8.2018488e+02
   5.6644288e+02
   7.4402933e+02
   5.9591751e+02
   4.8963945e+02
   1.2474135e+02
   1.7331504e+01
   7.5019830e+02
   8.2940476e+02
   4.7878645e+02
   2.2066042e+02
   8.0401109e+02
   6.8867442e+02
   9.1595315e+01
   2.6663689e+02
   6.6128105e+02
   3.7848734e+02
   7.5633161e+01
   8.0679351e+02
   3.0775813e+02
   5.3504136e+02
   4.9434640e+02
   7.2077216e+02
   3.8067617e+02
   6.8469675e+02
   5.1519478e+02
   9.2451414e+01
   6.0776383e+02
   5.9104477e+02
   4.0385722e+01
   6.0237906e+02
   3.5601543e+02
   6.6990121e+02
  -2.1201837e+01
  -5.7065358e+01
   4.2182298e+02
   2.0636511e+02
   4.6591114e+02
   7.4218492e+02
  -4.5404841e+01
   5.2884343e+02
  -1.7489527e+01
   8.0525324e+02
   2.4207344e+02
   8.1993936e+02
   2.7261740e+02
  -1.4352536e+01
   5.1777268e+02
   4.0806214e+02
   8.2997821e+00
   1.6652297e+02
   7.9991588e+02
   2.8019228e+02
   4.8917137e+02
   6.2785971e+02
   8.3999823e+02
  -1.0947514e+01
   1.4494468e+02
   1.1728374e+02
   3.3028387e+02
   3.9592089e+02
   1.7756231e+02
   6.4140976e+02
   4.0143741e+02
   8.3089630e+02
   1.5794101e+02
  -2.2675654e+01
   8.3718737e+02
   5.7150101e+02
   1.2696805e+02
   8.1088363e+02
   6.9511867e+02
   4.2721961e+02
   5.7413271e+02
   2.2885467e+02
   1.2488579e+02
   8.4910314e+02
   2.0251166e+02
   3.8967572e+02
   4.3044657e+02
   3.4456816e+02
   1.1559967e+02
   7.9016882e+02
   2.7737133e+01
   5.8641078e+01
   3.8784329e+02
   4.9172248e+02
   4.0092887e+02
   1.3189008e+02
   4.8745483e+02
   6.7347818e+02
   1.5606377e+02
   7.1348106e+02
   1.2969071e+02
   4.9409990e+02
   8.0034262e+01
   4.6388511e+02
   7.2255589e+02
   8.2647798e+02
   3.9324004e+02
   6.9745513e+02
   3.1844883e+02
   1.5312229e+02
  -2.6960437e+01
   2.8237723e+02
   1.5157985e+02
   4.9263438e+02
   5.2335763e+02
   7.7692721e+02
   8.4388393e+02
   4.8888726e+02
   8.5363232e+02
   8.4187691e+02
   4.5570443e+02
   4.5572088e+02
   2.9775166e+02
   5.9302837e+02
   1.9880595e+02
   1.5261735e+02
   6.9761225e+02
   7.1910281e+02
  -3.3869815e+01
   6.6073417e+02
   4.2277350e+02
   2.7393674e+02
   8.3194652e+02
   8.0674952e+02
   5.9080581e+01
   2.3723401e+01
   7.4395993e+02
   6.5836093e+02
   4.1836280e+02
   6.1330401e+02
   3.0365422e+02
   1.5190981e+02
   4.6017569e+02
   3.2113451e+02
   8.2329102e+02
   3.3457787e+02
   7.0428435e+02
   4.1976489e+02
   1.8238040e+02
   4.4615999e+02
   4.2248461e+02
   1.0813957e+02
  -3.4109266e+01
   2.5721114e+02
   7.8513594e+02
   9.9938117e+01
   2.5646352e+02
   7.6255938e+02
   1.2355314e+02
   4.1882952e+02
   8.4048917e+02
  -3.8489382e+01
   6.7450447e+02
   4.1486901e+02
   8.0568409e+02
   1.4938968e+02
   4.0558547e+01
   4.9238642e+02
   2.9528475e+02
   5.3109389e+01
   1.0936231e+01
   4.7435350e+02
   7.2774114e+02
   5.4529484e+02
   5.3227886e+02
   3.8956348e+02
   2.7741352e+02
   7.2151671e+02
   3.0180886e+02
   5.4346336e+02
   2.4222980e+02
   6.9154753e+02
   5.7654759e+01
  -5.0790756e+01
   2.2539461e+02
   7.3128396e+02
   6.8643460e+01
   1.9029643e+02
   5.8941502e+01
   1.5932747e+02
   6.0137114e+02
   7.1009866e+02
   1.6138309e+02
   2.5630530e+01
   5.9245827e+02
   6.0246671e+02
   1.4041388e+02
   7.4138420e+02
   7.4991963e+02
   8.3407227e+02
   6.9517169e+02
   8.2137500e+02
   6.3467988e+02
   7.2420953e+02
   6.7880237e+02
   3.9138556e+02
   3.5253072e+02
   8.4206074e+01
   4.6278201e+02
  -1.8359202e+01
   3.5310833e+02
  -3.8812905e+00
   8.2944118e+02
   7.0452591e+02
   8.4159534e+02
   5.8428279e+02
   1.9359421e+02
   2.5858733e+02
   4.5635379e+01
   8.4737828e+02
   8.2046652e+01
   4.2057404e+02
   6.9852055e+02
   6.2244311e+02
   8.0268813e+02
   1.6553766e+02
  -5.7886314e+01
   4.5907094e+02
   8.4652971e+02
   9.6737593e+01
   4.7099000e+02
   3.0975298e+01
   1.5084102e+02
   7.0051159e+01
   1.9227026e+02
   7.6478879e+02
   3.2862643e+01
   2.0570248e+02
   2.7907678e+02
   7.4986058e+02
   4.4748152e+01
   6.3889373e+02
   1.4424149e+02
   3.5853325e+02
   1.3877316e+02
   7.2696392e+02
   4.7033299e+02
   7.1435451e+02
   3.6216709e+02
   6.5079658e+02
   5.5611042e+02
   2.0212972e+02
   7.8847746e+02
   7.9195200e+02
   7.5869877e+02
  -3.4283399e+01
   3.4757679e+02
   2.6096702e+01
   4.5928790e+02
   4.6400600e+02
  -2.9932289e+01
   2.5472328e+02
   5.5047786e+02
   1.8588242e+01
  -4.3531297e+00
   1.0648270e+01
   4.0167367e+02
   5.0824001e+02
   3.0337451e+02
   4.5285372e+01
   8.0660182e+02
   4.6023631e+02
  -2.9812184e+01
   5.8564720e+02
   3.3180239e+01
   7.5820514e+02
   4.2221281e+02
   4.3792153e+01
   4.8684238e+02
   6.6123895e+01
   5.0811310e+02
   3.7484593e+02
   7.5309012e+02
  -6.2879017e+01
   4.3435832e+01
   8.1037818e+02
   8.0589833e+02
   5.7418506e+02
   4.4418856e+02
   7.4056127e+01
   5.3289783e+02
   2.7804385e+01
   6.0795437e+02
   1.5433072e+02
   5.1526771e+02
  -2.2426777e+01
  -2.1537629e+01
   4.5431849e+02
   4.6879739e+01
   7.9955358e+02
   7.0396333e+02
   7.3618617e+02
   5.6098879e+02
  -1.8041484e+01
   7.6607607e+01
   6.8432529e+02
   7.0335311e+02
   8.5027238e+02
  -2.8726155e+01
   5.7792585e+02
   2.7718762e+02
   4.2321909e+02
   6.6852359e+02
   2.8491485e+02
   6.1892632e+02
   4.4684104e+01
   3.5082358e+02
   8.3102421e+02
   3.3496562e+02
   2.5387035e+00
   7.7410532e+02
   8.1135775e+02
   2.3005970e+02
   7.5812877e+02
  -4.4921474e+01
   3.7467657e+01
   7.2020146e+02
   3.6909035e+01
   7.5134284e+02
   7.5212069e+02
   1.2341062e+01
   1.8007590e+02
   5.3970683e+02
   7.4073460e+01
   6.6876312e+01
   5.7075280e+02
   2.2972472e+02
   3.4341719e+02
   4.7442845e+02
   1.8292761e+02
   8.3352088e+02
   8.3417265e+02
   5.7879455e+01
  -4.2560876e+01
   5.4533895e+02
   3.4387283e+02
   1.4209597e+02
   5.1146596e+02
   3.3462066e+02
   5.6410629e+02
   3.9292774e+02
   3.1367153e+02
   4.3176784e+02
   7.7764883e+02
   6.9171782e+00
   7.5239207e+01
   4.6764498e+02
   4.2450945e+02
   1.6293864e+02
   7.0855484e+02
   8.1728955e+02
   2.0553555e+01
   4.9123686e+02
   4.8093108e+02
   6.5123799e+02
   7.3630195e+02
   7.8063023e+01
   6.3998364e+02
   2.8374822e+02
   2.5926034e+02
   1.8807350e+02
   2.5557439e+02
   7.6745029e+02
   3.5695853e+02
   5.9234233e+02
   3.7622104e+02
  -6.1633685e+01
   7.1942055e+02
   2.3051861e+02
   1.7832178e+02
   1.8227216e+02
   5.5289592e+00
   4.7682826e+02
   3.0359750e+02
   5.5598984e+02
   8.0370212e+02
  -3.8274946e+01
  -3.2615162e+01
   4.9676393e+01
   4.1138246e+02
   5.3630451e+02
   6.1433059e+02
   4.4434457e+02
   3.9675803e+02
   7.9607269e+02
   8.1634601e+02
   6.9535245e+02
   7.0708076e+02
   3.4936496e+02
   5.8979996e+02
   6.3429460e+02
   5.5014192e+02
   7.5599685e+02
   5.5453748e+02
   5.5442437e+02
   7.8401185e+02
   5.2711475e+02
   2.2234705e+02
   6.1120325e+02
   8.0064507e+02
   4.8326082e+02
   5.0794211e+02
   2.3611794e+02
   3.4124691e+02
   1.7749741e+02
   1.6063111e+02
   5.6993621e+02
   5.8406796e+02
   5.9165106e+02
   7.8567321e+02
  -3.7427493e+01
   6.5801800e+02
  -1.9375401e+01
   5.9594835e+02
   4.7937450e+01
   1.8244940e+02
   4.7873910e+02
   1.1007991e+02
   7.5947660e+01
   7.5966887e+02
   2.5668439e+02
   3.8358111e+02
   7.2802676e+02
   8.1765117e+02
   3.5450981e+02
   8.0600992e+02
   3.5249170e+02
   4.5530499e+02
   1.6255068e+02
   4.5681545e+02
  -4.7432586e+01
   2.1344740e+02
   6.7326870e+02
   6.3137646e+02
  -2.5823875e+01
   4.2156004e+02
   2.9685138e+02
   6.3342257e+02
   6.1036561e+02
   2.2614818e+02
   3.9873164e+02
   7.4251967e+02
   7.7849653e+02
   5.5769897e+02
   2.5184696e+02
   5.4002730e+02
   6.9832573e+02
   2.2166420e+02
   1.7381843e+02
   6.7266819e+02
   3.5994627e+02
   4.7714659e+02
   7.3742382e+02
   3.6569979e+02
   1.4862003e+02
   4.0351200e+02
   1.2322986e+02
   7.3569135e+02
   7.4141606e+02
   5.9141286e+02
   7.8777846e+02
   2.8472936e+02
   6.7442467e+02
   4.8347569e+02
   4.8751745e+01
   3.8079319e+02
   8.5245627e+02
  -1.3914385e+01
   3.9395555e+02
   4.6127188e+02
   4.2967887e+02
   1.5150260e+02
   5.3137277e+02
   5.5153542e+02
   2.4667445e+02
   2.8680273e+02
   2.0539556e+02
   6.4405016e+02
   3.6131837e+02
   4.8664986e+02
   3.1907542e+02
   1.6851781e+02
  -5.5965782e+01
   6.1709132e+02
   5.3179116e+02
   7.4745296e+02
   5.7328406e+02
   5.5533140e+02
   7.2234283e+02
   6.1030552e+01
   3.5026818e+02
   7.2935520e+02
   6.3791221e+02
  -3.9841924e+01
   3.5037060e+02
   5.0158651e+02
   5.9798450e+02
   3.8227059e+02
   6.9650664e+02
   4.6002209e+02
   5.7961725e+02
   6.2284301e+02
   7.1868877e+02
   8.4192113e+02
   4.5232439e+02
   5.0698146e+02
   4.5809698e+02
   7.4144221e+02
  -7.2385530e+00
   2.3614225e+02
   7.5311347e+01
   2.7684134e+02
   3.8755145e+02
   6.5457898e+02
   7.8598448e+02
   1.1792932e+02
   4.4715689e+02
   8.4861334e+02
   4.4901856e+02
   5.6333146e+02
  -6.0999432e+01
  -2.3233651e+01
   1.5130453e+02
   5.0776139e+02
   1.7457934e+02
  -1.2413570e+01
   7.5162158e+02
  -4.9986655e+01
   7.6254822e+02
   8.0824535e+01
   5.9478528e+02
   4.4493353e+02
   2.4322256e+02
   2.9604101e+02
   7.9638930e+02
   2.9824093e+02
   1.1859957e+02
   1.4384935e+02
   8.0847548e+02
   7.2737753e+00
   5.5779902e+02
   3.9928506e+02
   6.3713574e+01
   7.9260032e+02
   7.2378840e+02
   1.8326952e+02
   6.7527514e+02
   1.7039130e+02
   2.1901960e+02
   6.4490114e+02
   5.7461104e+02
   3.2823959e+02
   4.9230041e+02
   2.9594955e+02
   1.5098681e+02
   2.0443633e+02
   5.0089421e+02
   5.5821935e+02
  -1.5512336e+01
   5.9208389e+02
   6.3818865e+02
   1.9169150e+02
   4.3950844e+02
   6.8978433e+01
   2.2145251e+02
   1.7469547e+02
   4.2205692e+02
   5.7136678e+02
   7.7077877e+01
   2.8744665e+02
   4.7352681e+02
   5.4520630e+02
   3.0247942e+02
   5.9115067e+02
   6.5680239e+01
   1.6234127e+02
   1.0202144e+02
   1.6562518e+02
   5.0932241e+02
   7.2637958e+02
   3.0746484e+02
   5.0226080e+02
   5.1276639e+02
   1.8642864e+02
   3.4487886e+02
   7.8613272e+02
   3.8008542e+02
   3.9228474e+02
   1.9137034e+02
   3.7166000e+02
   4.3055661e+02
   7.6741357e+02
   3.6822433e+02
   2.3224977e+02
   7.3580946e+02
   1.0801697e+02
   4.5034891e+02
   8.3887539e+02
   5.3556134e+02
   6.4652420e+02
   1.6188633e+02
   3.8014537e+02
   1.2030508e+01
   7.8717160e+02
  -2.7603274e+01
   9.3032162e+01
   2.0522439e+01
   1.0916582e+02
  -1.2574149e+01
   8.4094812e+02
   7.7242208e+02
   2.5534192e+02
   7.0492307e+02
   7.6440686e+02
   5.2614400e+02
   7.9099723e+02
   8.4211464e+02
   8.5045148e+02
   5.0954213e+02
   6.0145967e+02
  -2.3670757e+01
   3.4793346e+02
   2.5465102e+02
   3.0096889e+02
   9.9815688e+01
   7.6258879e+02
   3.8411763e+02
   8.2679330e+01
   9.2910377e+01
   5.1802538e+02
   3.5609019e+02
   4.7805848e+02
   5.7056035e+02
   1.1292782e+02
   3.3362518e+02
   1.4421131e+02
   1.1211986e+01
   5.0936582e+02
   4.7834545e+02
   2.1056126e+02
   3.5747477e+02
   5.2602202e+02
   3.2347970e+02
   4.5605147e+02
  -5.6385447e+01
   5.4349580e+02
   4.2666772e+02
   7.8868773e+02
   7.2708738e+02
   1.8102306e+01
   9.4408341e+01
   6.9338342e+02
   7.1666671e+02
   4.6295181e+02
   1.0870005e+02
   6.2843767e+02
   7.1196734e+02
   6.8213828e+02
   7.6119200e+01
   3.5493743e+02
   3.5293516e+02
   2.4197250e+02
   2.7017871e+02
   6.2535752e+02
   6.3897026e+02
   5.3728679e+02
   4.8875132e+02
   3.9537811e+02
   3.4101573e+02
   2.2587708e+02
   7.1851612e+02
   8.0437676e+01
   4.0100265e+01
   2.6285358e+02
   3.3498251e+02
  -4.0658604e+01
   7.2201945e+02
   7.4172393e+02
   2.1100464e+02
   9.5899180e+01
   6.0177255e+02
   3.4128902e+02
   8.0931666e+02
   5.2240756e+02
   2.0643134e+02
   7.9401208e+02
   8.3476159e+01
   5.9721655e+02
  -6.2421572e+00
   2.7759394e+02
   6.0866441e+02
   6.4410243e+02
   3.4706652e+02
  -1.2197050e+01
   1.9876327e+02
   2.3590873e+01
   4.0312942e+02
   6.8856264e+02
  -4.2659728e+01
   4.8552630e+02
   3.6203921e+02
   7.1386392e+02
   3.2293017e+02
   9.9203201e+01
   5.5929515e+02
   4.5414627e+02
   4.2667203e+02
  -4.4618003e+01
  -2.3678220e+01
   7.8468339e+02
   3.6995049e+00
   4.2389058e+02
   8.1808119e+02
   3.0234292e+02
   5.9850044e+02
   5.2085201e+02
   1.8086949e+02
   7.7718037e+02
   4.1177170e+02
   3.9769755e+02
   7.2702600e+02
   5.9556857e+02
   1.4026086e+02
   6.1027848e+02
   1.6978285e+02
   2.0544439e+02
   7.7739249e+02
   5.2153091e+02
   6.8733439e+02
   7.7006872e+02
   6.5404318e+02
   3.4831646e+02
   3.7466750e+02
   7.4815260e+02
   6.4411820e+02
   2.1604564e+02
   6.5178838e+02
   1.7719276e+02
   7.6901415e+02
   6.5508043e+02
   4.2717108e+02
   1.4735604e+02
   4.2534967e+02
   1.7488917e+02
   1.6690403e+02
   4.2359674e+02
   5.4483589e+02
   6.9255653e+02
   7.3195435e+02
   1.7627448e+02
   4.3773880e+02
   6.2028606e+02
   3.3024413e+02
   8.2946177e+02
  -1.5196315e+00
   2.0612236e+02
   6.4031223e+02
   8.3212271e+02
   3.1774914e+02
   2.4696444e+02
   6.6122963e+02
   4.1456775e+01
   6.3629778e+02
   8.4255137e+02
   7.1632414e+02
   7.3983020e+02
   2.6996276e+02
   8.0635737e+02
   2.2392821e+01
   2.3644359e+02
   4.9247382e+02
   3.6884164e+02
   2.4947224e+02
   4.1011023e+02
   1.8826466e+02
   1.2662469e+02
   7.0360440e+02
   5.4109059e+01
   7.0619891e+02
   8.1845644e+02
   6.6016976e+02
   5.0922632e+02
   2.5441898e+02
   4.8008489e+01
   3.0126287e+02
  -2.6524984e+01
   3.2382832e+01
   5.8893620e+02
   3.3980305e+01
   7.0040293e+02
   7.1993344e+02
   3.8216862e+02
   7.1941398e+02
   6.3517508e+02
   2.4997473e+02
   7.3818672e+02
   7.7718676e+02
   4.0093975e+02
   3.0389680e+02
   4.9155708e+02
   6.9590907e+02
   7.2554012e+01
   3.4203663e+02
   3.6954153e+02
   5.1558481e+02
   1.0608214e+02
   1.9482169e+02
   5.6582852e+02
   5.2473999e+02
  -1.1749488e+01
   5.4663429e+02
   3.9558673e+02
   3.1702901e+02
   5.3454062e+02
   5.8746568e+02
   1.3463291e+02
  -3.0456047e+01
   2.5042554e+00
   2.4372636e+02
   5.0350774e+02
   2.5997583e+02
   7.7457398e+02
   7.5092476e+02
   6.2641620e+02
  -1.2501393e+01
   7.5923890e+02
   3.5383883e+02
   7.7930107e+02
  -2.3198526e+01
   3.0452461e+02
   1.2373503e+02
   5.5016167e+02
   2.5188694e+02
   6.8707932e+02
   6.8081751e+02
   6.3668463e+02
   5.5014860e+02
   5.3308642e+02
   4.5472521e+02
   2.8887699e+02
   2.7983924e+02
   8.3556963e+02
   5.8671295e+02
   2.4891619e+02
   4.1775625e+02
   2.4335321e+00
   4.8434527e+02
  -1.2128711e+01
   6.7900273e+02
   1.1342284e+02
   2.8555050e+02
  -4.8756649e+00
   2.1966284e+02
  -3.3874429e+00
   5.3698993e+02
   3.0697847e+02
   9.1493563e+01
   3.6936148e+02
   9.4742868e+01
   2.4391053e+02
  -4.8324808e+01
   4.1951455e+01
   1.8076064e+02
   6.8476243e+02
   2.2598599e+02
   3.3219942e+02
   6.2105201e+02
   8.4095159e+02
   2.8393133e+02
   7.8450244e+01
   4.6902601e+02
   6.7219805e+02
   2.1552862e+02
   7.0500674e+02
   6.6855290e+02
   4.2221712e+02
   2.3031228e+01
   6.7979493e+02
   3.3890942e+02
   7.4496051e+02
   1.7051543e+02
   3.1231206e+02
   1.6348261e+02
   4.4881606e+02
   8.5318636e+02
   8.6027262e+01
   3.5953538e+02
   6.7024199e+02
   5.9348234e+02
   3.2294850e+02
   1.7807056e+02
   1.3646195e+02
   2.5426322e+02
   1.9959721e+02
   7.3368753e+01
   1.2186798e+02
   5.4464763e+02
   1.1319608e+02
   6.2091365e+02
  -4.4934965e+01
   7.7977439e+02
   6.6566577e+02
   1.3560608e+02
   8.1286732e+02
   7.5042783e+02
   4.3507177e+02
   4.5769368e+02
   4.7508103e+02
   7.6345084e+02
   7.7747428e+02
   3.9815745e+02
   5.0886149e+02
   5.4976080e+02
   5.6486562e+02
   2.2315207e+02
   1.5807628e+02
   6.8076829e+02
   5.1679732e+02
   2.3164938e+02
   4.1647136e+02
   7.4024644e+02
  -4.1996561e+01
   7.3094455e+02
   4.3913523e+02
  -3.2363868e+01
   4.2602898e+02
   6.2232956e+02
   5.3405708e+02
   4.5998370e+02
   2.1097437e+02
   7.6309015e+02
   2.4659333e+00
   4.8202974e+02
   4.9752807e+02
   5.7277286e+02
   1.7861790e+02
   5.1658229e+02
   6.2614853e+02
   2.2071935e+02
   4.4769881e+02
   4.7808739e+02
   6.0155161e+02
   4.8859979e+02
   6.2013235e+02
   4.5559420e+02
   5.2890211e+02
   6.7640848e+02
   3.9093771e+02
   6.6256566e+02
   1.5066916e+01
   6.0524830e+02
   3.0644988e+02
   7.3460245e+02
   7.2322143e+02
   5.3891223e+02
   9.2461026e+01
   2.5109891e+02
   5.1882302e+01
   3.7173414e+02
  -5.6003193e-01
  -3.6864741e+01
   5.4403718e+01
   4.3034983e+02
   1.8689799e+02
  -5.0980422e+01
   6.8109252e+02
   6.9283204e+02
   1.6386008e+02
   4.6927775e+02
   4.5904953e+02
   8.1871498e+02
   2.7128652e+02
   1.7389349e+02
   5.4605614e+02
   4.4143715e+02
   6.1613141e+02
   6.8786288e+02
   7.3847527e+02
   5.8072844e+02
   2.7014707e+02
   6.7229765e+02
   7.1560814e+02
   2.3919497e+02
   4.1467113e+02
   2.0410434e+02
   1.5485472e+02
   1.9779742e+02
   2.0594968e+01
   6.0082820e+02
   3.6177282e+02
  -1.0345469e+01
   8.2242312e+02
   9.9336681e+01
   5.6460304e+01
   7.9577258e+02
   1.0572438e+02
   6.6482678e+02
   8.2018488e+02
   5.6644288e+02
   7.4402933e+02
   5.9591751e+02
   4.8963945e+02
   1.2474135e+02
   1.7331504e+01
   7.5019830e+02
   8.2940476e+02
   4.7878645e+02
   2.2066042e+02
   8.0401109e+02
   6.8867442e+02
   9.1595315e+01
   2.6663689e+02
   6.6128105e+02
   3.7848734e+02
   7.5633161e+01
   8.0679351e+02
   3.0775813e+02
   5.3504136e+02
   4.9434640e+02
   7.2077216e+02
   3.8067617e+02
   6.8469675e+02
   5.1519478e+02
   9.2451414e+01
   6.0776383e+02
   5.9104477e+02
   4.0385722e+01
   6.0237906e+02
   3.5601543e+02
   6.6990121e+02
  -2.1201837e+01
  -5.7065358e+01
   4.2182298e+02
   2.0636511e+02
   4.6591114e+02
   7.4218492e+02
  -4.5404841e+01
   5.2884343e+02
  -1.7489527e+01
   8.0525324e+02
   2.4207344e+02
   8.1993936e+02
   2.7261740e+02
  -1.4352536e+01
   5.1777268e+02
   4.0806214e+02
   8.2997821e+00
   1.6652297e+02
   7.9991588e+02
   2.8019228e+02
   4.8917137e+02
   6.2785971e+02
   8.3999823e+02
  -1.0947514e+01
   1.4494468e+02
   1.1728374e+02
   3.3028387e+02
   3.9592089e+02
   1.7756231e+02
   6.4140976e+02
   4.0143741e+02
   8.3089630e+02
   1.5794101e+02
  -2.2675654e+01
   8.3718737e+02
   5.7150101e+02
   1.2696805e+02
   8.1088363e+02
   6.9511867e+02
   4.2721961e+02
   5.7413271e+02
   2.2885467e+02
   1.2488579e+02
   8.4910314e+02
   2.0251166e+02
   3.8967572e+02
   4.3044657e+02
   3.4456816e+02
   1.1559967e+02
   7.9016882e+02
   2.7737133e+01
   5.8641078e+01
   3.8784329e+02
   4.9172248e+02
   4.0092887e+02
   1.3189008e+02
   4.8745483e+02
   6.7347818e+02
   1.5606377e+02
   7.1348106e+02
   1.2969071e+02
   4.9409990e+02
   8.0034262e+01
   4.6388511e+02
   7.2255589e+02
   8.2647798e+02
   3.9324004e+02
   6.9745513e+02
   3.1844883e+02
   1.5312229e+02
  -2.6960437e+01
   2.8237723e+02
   1.5157985e+02
   4.9263438e+02
   5.2335763e+02
   7.7692721e+02
   8.4388393e+02
   4.8888726e+02
   8.5363232e+02
   8.4187691e+02
   4.5570443e+02
   4.5572088e+02
   2.9775166e+02
   5.9302837e+02
   1.9880595e+02
   1.5261735e+02
   6.9761225e+02
   7.1910281e+02
  -3.3869815e+01
   6.6073417e+02
   4.2277350e+02
   2.7393674e+02
   8.3194652e+02
   8.0674952e+02
   5.9080581e+01
   2.3723401e+01
   7.4395993e+02
   6.5836093e+02
   4.1836280e+02
   6.1330401e+02
   3.0365422e+02
   1.5190981e+02
   4.6017569e+02
   3.2113451e+02
   8.2329102e+02
   3.3457787e+02
   7.0428435e+02
   4.1976489e+02
   1.8238040e+02
   4.4615999e+02
   4.2248461e+02
   1.0813957e+02
  -3.4109266e+01
   2.5721114e+02
   7.8513594e+02
   9.9938117e+01
   2.5646352e+02
   7.6255938e+02
   1.2355314e+02
   4.1882952e+02
   8.4048917e+02
  -3.8489382e+01
   6.7450447e+02
   4.1486901e+02
   8.0568409e+02
   1.4938968e+02
   4.0558547e+01
   4.9238642e+02
   2.9528475e+02
   5.3109389e+01
   1.0936231e+01
   4.7435350e+02
   7.2774114e+02
   5.4529484e+02
   5.3227886e+02
   3.8956348e+02
   2.7741352e+02
   7.2151671e+02
   3.0180886e+02
   5.4346336e+02
   2.4222980e+02
   6.9154753e+02
   5.7654759e+01
  -5.0790756e+01
   2.2539461e+02
   7.3128396e+02
   6.8643460e+01
   1.9029643e+02
   5.8941502e+01
   1.5932747e+02
   6.0137114e+02
   7.1009866e+02
   1.6138309e+02
   2.5630530e+01
   5.9245827e+02
   6.0246671e+02
   1.4041388e+02
   7.4138420e+02
   7.4991963e+02
   8.3407227e+02
   6.9517169e+02
   8.2137500e+02
   6.3467988e+02
   7.2420953e+02
   6.7880237e+02
   3.9138556e+02
   3.5253072e+02
   8.4206074e+01
   4.6278201e+02
  -1.8359202e+01
   3.5310833e+02
  -3.8812905e+00
   8.2944118e+02
   7.0452591e+02
   8.4159534e+02
   5.8428279e+02
   1.9359421e+02
   2.5858733e+02
   4.5635379e+01
   8.4737828e+02
   8.2046652e+01
   4.2057404e+02
   6.9852055e+02
   6.2244311e+02
   8.0268813e+02
   1.6553766e+02
  -5.7886314e+01
   4.5907094e+02
   8.4652971e+02
   9.6737593e+01
   4.7099000e+02
   3.0975298e+01
   1.5084102e+02
   7.0051159e+01
   1.9227026e+02
   7.6478879e+02
   3.2862643e+01
   2.0570248e+02
   2.7907678e+02
   7.4986058e+02
   4.4748152e+01
   6.3889373e+02
   1.4424149e+02
   3.5853325e+02
   1.3877316e+02
   7.2696392e+02
   4.7033299e+02
   7.1435451e+02
   3.6216709e+02
   6.5079658e+02
   5.5611042e+02
   2.0212972e+02
   7.8847746e+02
   7.9195200e+02
   7.5869877e+02
  -3.4283399e+01
   3.4757679e+02
   2.6096702e+01
   4.5928790e+02
   4.6400600e+02
  -2.9932289e+01
   2.5472328e+02
   5.5047786e+02
   1.8588242e+01
  -4.3531297e+00
   1.0648270e+01
   4.0167367e+02
   5.0824001e+02
   3.0337451e+02
   4.5285372e+01
   8.0660182e+02
   4.6023631e+02
  -2.9812184e+01
   5.8564720e+02
   3.3180239e+01
   7.5820514e+02
   4.2221281e+02
   4.3792153e+01
   4.8684238e+02
   6.6123895e+01
   5.0811310e+02
   3.7484593e+02
   7.5309012e+02
  -6.2879017e+01
   4.3435832e+01
   8.1037818e+02
   8.0589833e+02
   5.7418506e+02
   4.4418856e+02
   7.4056127e+01
   5.3289783e+02
   2.7804385e+01
   6.0795437e+02
   1.5433072e+02
   5.1526771e+02
  -2.2426777e+01
  -2.1537629e+01
   4.5431849e+02
   4.6879739e+01
   7.9955358e+02
   7.0396333e+02
   7.3618617e+02
   5.6098879e+02
  -1.8041484e+01
   7.6607607e+01
   6.8432529e+02
   7.0335311e+02
   8.5027238e+02
  -2.8726155e+01
   5.7792585e+02
   2.7718762e+02
   4.2321909e+02
   6.6852359e+02
   2.8491485e+02
   6.1892632e+02
   4.4684104e+01
   3.5082358e+02
   8.3102421e+02
   3.3496562e+02
   2.5387035e+00
   7.7410532e+02
   8.1135775e+02
   2.3005970e+02
   7.5812877e+02
  -4.4921474e+01
   3.7467657e+01
   7.2020146e+02
   3.6909035e+01
   7.5134284e+02
   7.5212069e+02
   1.2341062e+01
   1.8007590e+02
   5.3970683e+02
   7.4073460e+01
   6.6876312e+01
   5.7075280e+02
   2.2972472e+02
   3.4341719e+02
   4.7442845e+02
   1.8292761e+02
   8.3352088e+02
   8.3417265e+02
   5.7879455e+01
  -4.2560876e+01
   5.4533895e+02
   3.4387283e+02
   1.4209597e+02
   5.1146596e+02
   3.3462066e+02
   5.6410629e+02
   3.9292774e+02
   3.1367153e+02
   4.3176784e+02
   7.7764883e+02
   6.9171782e+00
   7.5239207e+01
   4.6764498e+02
   4.2450945e+02
   1.6293864e+02
   7.0855484e+02
   8.1728955e+02
   2.0553555e+01
   4.9123686e+02
   4.8093108e+02
   6.5123799e+02
   7.3630195e+02
   7.8063023e+01
   6.3998364e+02
   2.8374822e+02
   2.5926034e+02
   1.8807350e+02
   2.5557439e+02
   7.6745029e+02
   3.5695853e+02
   5.9234233e+02
   3.7622104e+02
  -6.1633685e+01
   7.1942055e+02
   2.3051861e+02
   1.7832178e+02
   1.8227216e+02
   5.5289592e+00
   4.7682826e+02
   3.0359750e+02
   5.5598984e+02
   8.0370212e+02
  -3.8274946e+01
  -3.2615162e+01
   4.9676393e+01
   4.1138246e+02
   5.3630451e+02
   6.1433059e+02
   4.4434457e+02
   3.9675803e+02
   7.9607269e+02
   8.1634601e+02
   6.9535245e+02
   7.0708076e+02
   3.4936496e+02
   5.8979996e+02
   6.3429460e+02
   5.5014192e+02
   7.5599685e+02
   5.5453748e+02
   5.5442437e+02
   7.8401185e+02
   5.2711475e+02
   2.2234705e+02
   6.1120325e+02
   8.0064507e+02
   4.8326082e+02
   5.0794211e+02
   2.3611794e+02
   3.4124691e+02
   1.7749741e+02
   1.6063111e+02
   5.6993621e+02
   5.8406796e+02
   5.9165106e+02
   7.8567321e+02
  -3.7427493e+01
   6.5801800e+02
  -1.9375401e+01
   5.9594835e+02
   4.7937450e+01
   1.8244940e+02
   4.7873910e+02
   1.1007991e+02
   7.5947660e+01
   7.5966887e+02
   2.5668439e+02
   3.8358111e+02
   7.2802676e+02
   8.1765117e+02
   3.5450981e+02
   8.0600992e+02
   3.5249170e+02
   4.5530499e+02
   1.6255068e+02
   4.5681545e+02
  -4.7432586e+01
   2.1344740e+02
   6.7326870e+02
   6.3137646e+02
  -2.5823875e+01
   4.2156004e+02
   2.9685138e+02
   6.3342257e+02
   6.1036561e+02
   2.2614818e+02
   3.9873164e+02
   7.4251967e+02
   7.7849653e+02
   5.5769897e+02
   2.5184696e+02
   5.4002730e+02
   6.9832573e+02
   2.2166420e+02
   1.7381843e+02
   6.7266819e+02
   3.5994627e+02
   4.7714659e+02
   7.3742382e+02
   3.6569979e+02
   1.4862003e+02
   4.0351200e+02
   1.2322986e+02
   7.3569135e+02
   7.4141606e+02
   5.9141286e+02
   7.8777846e+02
   2.8472936e+02
   6.7442467e+02
   4.8347569e+02
   4.8751745e+01
   3.8079319e+02
   8.5245627e+02
  -1.3914385e+01
   3.9395555e+02
   4.6127188e+02
   4.2967887e+02
   1.5150260e+02
   5.3137277e+02
   5.5153542e+02
   2.4667445e+02
   2.8680273e+02
   2.0539556e+02
   6.4405016e+02
   3.6131837e+02
   4.8664986e+02
   3.1907542e+02
   1.6851781e+02
  -5.5965782e+01
   6.1709132e+02
   5.3179116e+02
   7.4745296e+02
   5.7328406e+02
   5.5533140e+02
   7.2234283e+02
   6.1030552e+01
   3.5026818e+02
   7.2935520e+02
   6.3791221e+02
  -3.9841924e+01
   3.5037060e+02
   5.0158651e+02
   5.9798450e+02
   3.8227059e+02
   6.9650664e+02
   4.6002209e+02
   5.7961725e+02
   6.2284301e+02
   7.1868877e+02
   8.4192113e+02
   4.5232439e+02
   5.0698146e+02
   4.5809698e+02
   7.4144221e+02
  -7.2385530e+00
   2.3614225e+02
   7.5311347e+01
   2.7684134e+02
   3.8755145e+02
   6.5457898e+02
   7.8598448e+02
   1.1792932e+02
   4.4715689e+02
   8.4861334e+02
   4.4901856e+02
   5.6333146e+02
  -6.0999432e+01
  -2.3233651e+01
   1.5130453e+02
   5.0776139e+02
   1.7457934e+02
  -1.2413570e+01
   7.5162158e+02
  -4.9986655e+01
   7.6254822e+02
   8.0824535e+01
   5.9478528e+02
   4.4493353e+02
   2.4322256e+02
   2.9604101e+02
   7.9638930e+02
   2.9824093e+02
   1.1859957e+02
   1.4384935e+02
   8.0847548e+02
   7.2737753e+00
   5.5779902e+02
   3.9928506e+02
   6.3713574e+01
   7.9260032e+02
   7.2378840e+02
   1.8326952e+02
   6.7527514e+02
   1.7039130e+02
   2.1901960e+02
   6.4490114e+02
   5.7461104e+02
   3.2823959e+02
   4.9230041e+02
   2.9594955e+02
   1.5098681e+02
   2.0443633e+02
   5.0089421e+02
   5.5821935e+02
  -1.5512336e+01
   5.9208389e+02
   6.3818865e+02
   1.9169150e+02
   4.3950844e+02
   6.8978433e+01
   2.2145251e+02
   1.7469547e+02
   4.2205692e+02
   5.7136678e+02
   7.7077877e+01
   2.8744665e+02
   4.7352681e+02
   5.4520630e+02
   3.0247942e+02
   5.9115067e+02
   6.5680239e+01
   1.6234127e+02
   1.0202144e+02
   1.6562518e+02
   5.0932241e+02
   7.2637958e+02
   3.0746484e+02
   5.0226080e+02
   5.1276639e+02
   1.8642864e+02
   3.4487886e+02
   7.8613272e+02
   3.8008542e+02
   3.9228474e+02
   1.9137034e+02
   3.7166000e+02
   4.3055661e+02
   7.6741357e+02
   3.6822433e+02
   2.3224977e+02
   7.3580946e+02
   1.0801697e+02
   4.5034891e+02
   8.3887539e+02
   5.3556134e+02
   6.4652420e+02
   1.6188633e+02
   3.8014537e+02
   1.2030508e+01
   7.8717160e+02
  -2.7603274e+01
   9.3032162e+01
   2.0522439e+01
   1.0916582e+02
  -1.2574149e+01
   8.4094812e+02
   7.7242208e+02
   2.5534192e+02
   7.0492307e+02
   7.6440686e+02
   5.2614400e+02
   7.9099723e+02
   8.4211464e+02
   8.5045148e+02
   5.0954213e+02
   6.0145967e+02
  -2.3670757e+01
   3.4793346e+02
   2.5465102e+02
   3.0096889e+02
   9.9815688e+01
   7.6258879e+02
   3.8411763e+02
   8.2679330e+01
   9.2910377e+01
   5.1802538e+02
   3.5609019e+02
   4.7805848e+02
   5.7056035e+02
   1.1292782e+02
   3.3362518e+02
   1.4421131e+02
   1.1211986e+01
   5.0936582e+02
   4.7834545e+02
   2.1056126e+02
   3.5747477e+02
   5.2602202e+02
   3.2347970e+02
   4.5605147e+02
  -5.6385447e+01
   5.4349580e+02
   4.2666772e+02
   7.8868773e+02
   7.2708738e+02
   1.8102306e+01
   9.4408341e+01
   6.9338342e+02
   7.1666671e+02
   4.6295181e+02
   1.0870005e+02
   6.2843767e+02
   7.1196734e+02
   6.8213828e+02
   7.6119200e+01
   3.5493743e+02
   3.5293516e+02
   2.4197250e+02
   2.7017871e+02
   6.2535752e+02
   6.3897026e+02
   5.3728679e+02
   4.8875132e+02
   3.9537811e+02
   3.4101573e+02
   2.2587708e+02
   7.1851612e+02
   8.0437676e+01
   4.0100265e+01
   2.6285358e+02
   3.3498251e+02
  -4.0658604e+01
   7.2201945e+02
   7.4172393e+02
   2.1100464e+02
   9.5899180e+01
   6.0177255e+02
   3.4128902e+02
   8.0931666e+02
   5.2240756e+02
   2.0643134e+02
   7.9401208e+02
   8.3476159e+01
   5.9721655e+02
  -6.2421572e+00
   2.7759394e+02
   6.0866441e+02
   6.4410243e+02
   3.4706652e+02
  -1.2197050e+01
   1.9876327e+02
   2.3590873e+01
   4.0312942e+02
   6.8856264e+02
  -4.2659728e+01
   4.8552630e+02
   3.6203921e+02
   7.1386392e+02
   3.2293017e+02
   9.9203201e+01
   5.5929515e+02
   4.5414627e+02
   4.2667203e+02
  -4.4618003e+01
  -2.3678220e+01
   7.8468339e+02
   3.6995049e+00
   4.2389058e+02
   8.1808119e+02
   3.0234292e+02
   5.9850044e+02
   5.2085201e+02
   1.8086949e+02
   7.7718037e+02
   4.1177170e+02
   3.9769755e+02
   7.2702600e+02
   5.9556857e+02
   1.4026086e+02
   6.1027848e+02
   1.6978285e+02
   2.0544439e+02
   7.7739249e+02
   5.2153091e+02
   6.8733439e+02
   7.7006872e+02
   6.5404318e+02
   3.4831646e+02
   3.7466750e+02
   7.4815260e+02
   6.4411820e+02
   2.1604564e+02
   6.5178838e+02
   1.7719276e+02
   7.6901415e+02
   6.5508043e+02
   4.2717108e+02
   1.4735604e+02
   4.2534967e+02
   1.7488917e+02
   1.6690403e+02
   4.2359674e+02
   5.4483589e+02
   6.9255653e+02
   7.3195435e+02
   1.7627448e+02
   4.3773880e+02
   6.2028606e+02
   3.3024413e+02
   8.2946177e+02
  -1.5196315e+00
   2.0612236e+02
   6.4031223e+02
   8.3212271e+02
   3.1774914e+02
   2.4696444e+02
   6.6122963e+02
   4.1456775e+01
   6.3629778e+02
   8.4255137e+02
   7.1632414e+02
   7.3983020e+02
   2.6996276e+02
   8.0635737e+02
   2.2392821e+01
   2.3644359e+02
   4.9247382e+02
   3.6884164e+02
   2.4947224e+02
   4.1011023e+02
   1.8826466e+02
   1.2662469e+02
   7.0360440e+02
   5.4109059e+01
   7.0619891e+02
   8.1845644e+02
   6.6016976e+02
   5.0922632e+02
   2.5441898e+02
   4.8008489e+01
   3.0126287e+02
  -2.6524984e+01
   3.2382832e+01
   5.8893620e+02
   3.3980305e+01
   7.0040293e+02
   7.1993344e+02
   3.8216862e+02
   7.1941398e+02
   6.3517508e+02
   2.4997473e+02
   7.3818672e+02
   7.7718676e+02
   4.0093975e+02
   3.0389680e+02
   4.9155708e+02
   6.9590907e+02
   7.2554012e+01
   3.4203663e+02
   3.6954153e+02
   5.1558481e+02
   1.0608214e+02
   1.9482169e+02
   5.6582852e+02
   5.2473999e+02
  -1.1749488e+01
   5.4663429e+02
   3.9558673e+02
   3.1702901e+02
   5.3454062e+02
   5.8746568e+02
   1.3463291e+02
  -3.0456047e+01
   2.5042554e+00
   2.4372636e+02
   5.0350774e+02
   2.5997583e+02
   7.7457398e+02
   7.5092476e+02
   6.2641620e+02
  -1.2501393e+01
   7.5923890e+02
   3.5383883e+02
   7.7930107e+02
  -2.3198526e+01
   3.0452461e+02
   1.2373503e+02
   5.5016167e+02
   2.5188694e+02
   6.8707932e+02
   6.8081751e+02
   6.3668463e+02
   5.5014860e+02
   5.3308642e+02
   4.5472521e+02
   2.8887699e+02
   2.7983924e+02
   8.3556963e+02
   5.8671295e+02
   2.4891619e+02
   4.1775625e+02
   2.4335321e+00
   4.8434527e+02
  -1.2128711e+01
   6.7900273e+02
   1.1342284e+02
   2.8555050e+02
  -4.8756649e+00
   2.1966284e+02
  -3.3874429e+00
   5.3698993e+02
   3.0697847e+02
   9.1493563e+01
   3.6936148e+02
   9.4742868e+01
   2.4391053e+02
  -4.8324808e+01
   4.1951455e+01
   1.8076064e+02
   6.8476243e+02
   2.2598599e+02
   3.3219942e+02
   6.2105201e+02
   8.4095159e+02
   2.8393133e+02
   7.8450244e+01
   4.6902601e+02
   6.7219805e+02
   2.1552862e+02
   7.0500674e+02
   6.6855290e+02
   4.2221712e+02
   2.3031228e+01
   6.7979493e+02
   3.3890942e+02
   7.4496051e+02
   1.7051543e+02
   3.1231206e+02
   1.6348261e+02
   4.4881606e+02
   8.5318636e+02
   8.6027262e+01
   3.5953538e+02
   6.7024199e+02
   5.9348234e+02
   3.2294850e+02
   1.7807056e+02
   1.3646195e+02
   2.5426322e+02
   1.9959721e+02
   7.3368753e+01
   1.2186798e+02
   5.4464763e+02
   1.1319608e+02
   6.2091365e+02
  -4.4934965e+01
   7.7977439e+02
   6.6566577e+02
   1.3560608e+02
   8.1286732e+02
   7.5042783e+02
   4.3507177e+02
   4.5769368e+02
   4.7508103e+02
   7.6345084e+02
   7.7747428e+02
   3.9815745e+02
   5.0886149e+02
   5.4976080e+02
   5.6486562e+02
   2.2315207e+02
   1.5807628e+02
   6.8076829e+02
   5.1679732e+02
   2.3164938e+02
   4.1647136e+02
   7.4024644e+02
  -4.1996561e+01
   7.3094455e+02
   4.3913523e+02
  -3.2363868e+01
   4.2602898e+02
   6.2232956e+02
   5.3405708e+02
   4.5998370e+02
   2.1097437e+02
   7.6309015e+02
   2.4659333e+00
   4.8202974e+02
   4.9752807e+02
   5.7277286e+02
   1.7861790e+02
   5.1658229e+02
   6.2614853e+02
   2.2071935e+02
   4.4769881e+02
   4.7808739e+02
   6.0155161e+02
   4.8859979e+02
   6.2013235e+02
   4.5559420e+02
   5.2890211e+02
   6.7640848e+02
   3.9093771e+02
   6.6256566e+02
   1.5066916e+01
   6.0524830e+02
   3.0644988e+02
   7.3460245e+02
   7.2322143e+02
   5.3891223e+02
   9.2461026e+01
   2.5109891e+02
   5.1882302e+01
   3.7173414e+02
  -5.6003193e-01
  -3.6864741e+01
   5.4403718e+01
   4.3034983e+02
   1.8689799e+02
  -5.0980422e+01
   6.8109252e+02
   6.9283204e+02
   1.6386008e+02
   4.6927775e+02
   4.5904953e+02
   8.1871498e+02
   2.7128652e+02
   1.7389349e+02
   5.4605614e+02
   4.4143715e+02
   6.1613141e+02
   6.8786288e+02
   7.3847527e+02
   5.8072844e+02
   2.7014707e+02
   6.7229765e+02
   7.1560814e+02
   2.3919497e+02
   4.1467113e+02
   2.0410434e+02
   1.5485472e+02
   1.9779742e+02
   2.0594968e+01
   6.0082820e+02
   3.6177282e+02
  -1.0345469e+01
   8.2242312e+02
   9.9336681e+01
   5.6460304e+01
   7.9577258e+02
   1.0572438e+02
   6.6482678e+02
   8.2018488e+02
   5.6644288e+02
   7.4402933e+02
   5.9591751e+02
   4.8963945e+02
   1.2474135e+02
   1.7331504e+01
   7.5019830e+02
   8.2940476e+02
   4.7878645e+02
   2.2066042e+02
   8.0401109e+02
   6.8867442e+02
   9.1595315e+01
   2.6663689e+02
   6.6128105e+02
   3.7848734e+02
   7.5633161e+01
   8.0679351e+02
   3.0775813e+02
   5.3504136e+02
   4.9434640e+02
   7.2077216e+02
   3.8067617e+02
   6.8469675e+02
   5.1519478e+02
   9.2451414e+01
   6.0776383e+02
   5.9104477e+02
   4.0385722e+01
   6.0237906e+02
   3.5601543e+02
   6.6990121e+02
  -2.1201837e+01
  -5.7065358e+01
   4.2182298e+02
   2.0636511e+02
   4.6591114e+02
   7.4218492e+02
  -4.5404841e+01
   5.2884343e+02
  -1.7489527e+01
   8.0525324e+02
   2.4207344e+02
   8.1993936e+02
   2.7261740e+02
  -1.4352536e+01
   5.1777268e+02
   4.0806214e+02
   8.2997821e+00
   1.6652297e+02
   7.9991588e+02
   2.8019228e+02
   4.8917137e+02
   6.2785971e+02
   8.3999823e+02
  -1.0947514e+01
   1.4494468e+02
   1.1728374e+02
   3.3028387e+02
   3.9592089e+02
   1.7756231e+02
   6.4140976e+02
   4.0143741e+02
   8.3089630e+02
   1.5794101e+02
  -2.2675654e+01
   8.3718737e+02
   5.7150101e+02
   1.2696805e+02
   8.1088363e+02
   6.9511867e+02
   4.2721961e+02
   5.7413271e+02
   2.2885467e+02
   1.2488579e+02
   8.4910314e+02
   2.0251166e+02
   3.8967572e+02
   4.3044657e+02
   3.4456816e+02
   1.1559967e+02
   7.9016882e+02
   2.7737133e+01
   5.8641078e+01
   3.8784329e+02
   4.9172248e+02
   4.0092887e+02
   1.3189008e+02
   4.8745483e+02
   6.7347818e+02
   1.5606377e+02
   7.1348106e+02
   1.2969071e+02
   4.9409990e+02
   8.0034262e+01
   4.6388511e+02
   7.2255589e+02
   8.2647798e+02
   3.9324004e+02
   6.9745513e+02
   3.1844883e+02
   1.5312229e+02
  -2.6960437e+01
   2.8237723e+02
   1.5157985e+02
   4.9263438e+02
   5.2335763e+02
   7.7692721e+02
   8.4388393e+02
   4.8888726e+02
   8.5363232e+02
   8.4187691e+02
   4.5570443e+02
   4.5572088e+02
   2.9775166e+02
   5.9302837e+02
   1.9880595e+02
   1.5261735e+02
   6.9761225e+02
   7.1910281e+02
  -3.3869815e+01
   6.6073417e+02
   4.2277350e+02
   2.7393674e+02
   8.3194652e+02
   8.0674952e+02
   5.9080581e+01
   2.3723401e+01
   7.4395993e+02
   6.5836093e+02
   4.1836280e+02
   6.1330401e+02
   3.0365422e+02
   1.5190981e+02
   4.6017569e+02
   3.2113451e+02
   8.2329102e+02
   3.3457787e+02
   7.0428435e+02
   4.1976489e+02
   1.8238040e+02
   4.4615999e+02
   4.2248461e+02
   1.0813957e+02
  -3.4109266e+01
   2.5721114e+02
   7.8513594e+02
   9.9938117e+01
   2.5646352e+02
   7.6255938e+02
   1.2355314e+02
   4.1882952e+02
   8.4048917e+02
  -3.8489382e+01
   6.7450447e+02
   4.1486901e+02
   8.0568409e+02
   1.4938968e+02
   4.0558547e+01
   4.9238642e+02
   2.9528475e+02
   5.3109389e+01
   1.0936231e+01
   4.7435350e+02
   7.2774114e+02
   5.4529484e+02
   5.3227886e+02
   3.8956348e+02
   2.7741352e+02
   7.2151671e+02
   3.0180886e+02
   5.4346336e+02
   2.4222980e+02
   6.9154753e+02
   5.7654759e+01
  -5.0790756e+01
   2.2539461e+02
   7.3128396e+02
   6.8643460e+01
   1.9029643e+02
   5.8941502e+01
   1.5932747e+02
   6.0137114e+02
   7.1009866e+02
   1.6138309e+02
   2.5630530e+01
   5.9245827e+02
   6.0246671e+02
   1.4041388e+02
   7.4138420e+02
   7.4991963e+02
   8.3407227e+02
   6.9517169e+02
   8.2137500e+02
   6.3467988e+02
   7.2420953e+02
   6.7880237e+02
   3.9138556e+02
   3.5253072e+02
   8.4206074e+01
   4.6278201e+02
  -1.8359202e+01
   3.5310833e+02
  -3.8812905e+00
   8.2944118e+02
   7.0452591e+02
   8.4159534e+02
   5.8428279e+02
   1.9359421e+02
   2.5858733e+02
   4.5635379e+01
   8.4737828e+02
   8.2046652e+01
   4.2057404e+02
   6.9852055e+02
   6.2244311e+02
   8.0268813e+02
   1.6553766e+02
  -5.7886314e+01
   4.5907094e+02
   8.4652971e+02
   9.6737593e+01
   4.7099000e+02
   3.0975298e+01
   1.5084102e+02
   7.0051159e+01
   1.9227026e+02
   7.6478879e+02
   3.2862643e+01
   2.0570248e+02
   2.7907678e+02
   7.4986058e+02
   4.4748152e+01
   6.3889373e+02
   1.4424149e+02
   3.5853325e+02
   1.3877316e+02
   7.2696392e+02
   4.7033299e+02
   7.1435451e+02
   3.6216709e+02
   6.5079658e+02
   5.5611042e+02
   2.0212972e+02
   7.8847746e+02
   7.9195200e+02
   7.5869877e+02
  -3.4283399e+01
   3.4757679e+02
   2.6096702e+01
   4.5928790e+02
   4.6400600e+02
  -2.9932289e+01
   2.5472328e+02
   5.5047786e+02
   1.8588242e+01
  -4.3531297e+00
   1.0648270e+01
   4.0167367e+02
   5.0824001e+02
   3.0337451e+02
   4.5285372e+01
   8.0660182e+02
   4.6023631e+02
  -2.9812184e+01
   5.8564720e+02
   3.3180239e+01
   7.5820514e+02
   4.2221281e+02
   4.3792153e+01
   4.8684238e+02
   6.6123895e+01
   5.0811310e+02
   3.7484593e+02
   7.5309012e+02
  -6.2879017e+01
   4.3435832e+01
   8.1037818e+02
   8.0589833e+02
   5.7418506e+02
   4.4418856e+02
   7.4056127e+01
   5.3289783e+02
   2.7804385e+01
   6.0795437e+02
   1.5433072e+02
   5.1526771e+02
  -2.2426777e+01
  -2.1537629e+01
   4.5431849e+02
   4.6879739e+01
   7.9955358e+02
   7.0396333e+02
   7.3618617e+02
   5.6098879e+02
  -1.8041484e+01
   7.6607607e+01
   6.8432529e+02
   7.0335311e+02
   8.5027238e+02
  -2.8726155e+01
   5.7792585e+02
   2.7718762e+02
   4.2321909e+02
   6.6852359e+02
   2.8491485e+02
   6.1892632e+02
   4.4684104e+01
   3.5082358e+02
   8.3102421e+02
   3.3496562e+02
   2.5387035e+00
   7.7410532e+02
   8.1135775e+02
   2.3005970e+02
   7.5812877e+02
  -4.4921474e+01
   3.7467657e+01
   7.2020146e+02
   3.6909035e+01
   7.5134284e+02
   7.5212069e+02
   1.2341062e+01
   1.8007590e+02
   5.3970683e+02
   7.4073460e+01
   6.6876312e+01
   5.7075280e+02
   2.2972472e+02
   3.4341719e+02
   4.7442845e+02
   1.8292761e+02
   8.3352088e+02
   8.3417265e+02
   5.7879455e+01
  -4.2560876e+01
   5.4533895e+02
   3.4387283e+02
   1.4209597e+02
   5.1146596e+02
   3.3462066e+02
   5.6410629e+02
   3.9292774e+02
   3.1367153e+02
   4.3176784e+02
   7.7764883e+02
   6.9171782e+00
   7.5239207e+01
   4.6764498e+02
   4.2450945e+02
   1.6293864e+02
   7.0855484e+02
   8.1728955e+02
   2.0553555e+01
   4.9123686e+02
   4.8093108e+02
   6.5123799e+02
   7.3630195e+02
   7.8063023e+01
   6.3998364e+02
   2.8374822e+02
   2.5926034e+02
   1.8807350e+02
   2.5557439e+02
   7.6745029e+02
   3.5695853e+02
   5.9234233e+02
   3.7622104e+02
  -6.1633685e+01
   7.1942055e+02
   2.3051861e+02
   1.7832178e+02
   1.8227216e+02
   5.5289592e+00
   4.7682826e+02
   3.0359750e+02
   5.5598984e+02
   8.0370212e+02
  -3.8274946e+01
  -3.2615162e+01
   4.9676393e+01
   4.1138246e+02
   5.3630451e+02
   6.1433059e+02
   4.4434457e+02
   3.9675803e+02
   7.9607269e+02
   8.1634601e+02
   6.9535245e+02
   7.0708076e+02
   3.4936496e+02
   5.8979996e+02
   6.3429460e+02
   5.5014192e+02
   7.5599685e+02
   5.5453748e+02
   5.5442437e+02
   7.8401185e+02
   5.2711475e+02
   2.2234705e+02
   6.1120325e+02
   8.0064507e+02
   4.8326082e+02
   5.0794211e+02
   2.3611794e+02
   3.4124691e+02
   1.7749741e+02
   1.6063111e+02
   5.6993621e+02
   5.8406796e+02
   5.9165106e+02
   7.8567321e+02
  -3.7427493e+01
   6.5801800e+02
  -1.9375401e+01
   5.9594835e+02
   4.7937450e+01
   1.8244940e+02
   4.7873910e+02
   1.1007991e+02
   7.5947660e+01
   7.5966887e+02
   2.5668439e+02
   3.8358111e+02
   7.2802676e+02
   8.1765117e+02
   3.5450981e+02
   8.0600992e+02
   3.5249170e+02
   4.5530499e+02
   1.6255068e+02
   4.5681545e+02
  -4.7432586e+01
   2.1344740e+02
   6.7326870e+02
   6.3137646e+02
  -2.5823875e+01
   4.2156004e+02
   2.9685138e+02
   6.3342257e+02
   6.1036561e+02
   2.2614818e+02
   3.9873164e+02
   7.4251967e+02
   7.7849653e+02
   5.5769897e+02
   2.5184696e+02
   5.4002730e+02
   6.9832573e+02
   2.2166420e+02
   1.7381843e+02
   6.7266819e+02
   3.5994627e+02
   4.7714659e+02
   7.3742382e+02
   3.6569979e+02
   1.4862003e+02
   4.0351200e+02
   1.2322986e+02
   7.3569135e+02
   7.4141606e+02
   5.9141286e+02
   7.8777846e+02
   2.8472936e+02
   6.7442467e+02
   4.8347569e+02
   4.8751745e+01
   3.8079319e+02
   8.5245627e+02
  -1.3914385e+01
   3.9395555e+02
   4.6127188e+02
   4.2967887e+02
   1.5150260e+02
   5.3137277e+02
   5.5153542e+02
   2.4667445e+02
   2.8680273e+02
   2.0539556e+02
   6.4405016e+02
   3.6131837e+02
   4.8664986e+02
   3.1907542e+02
   1.6851781e+02
  -5.5965782e+01
   6.1709132e+02
   5.3179116e+02
   7.4745296e+02
   5.7328406e+02
   5.5533140e+02
   7.2234283e+02
   6.1030552e+01
   3.5026818e+02
   7.2935520e+02
   6.3791221e+02
  -3.9841924e+01
   3.5037060e+02
   5.0158651e+02
   5.9798450e+02
   3.8227059e+02
   6.9650664e+02
   4.6002209e+02
   5.7961725e+02
   6.2284301e+02
   7.1868877e+02
   8.4192113e+02
   4.5232439e+02
   5.0698146e+02
   4.5809698e+02
   7.4144221e+02
  -7.2385530e+00
   2.3614225e+02
   7.5311347e+01
   2.7684134e+02
   3.8755145e+02
   6.5457898e+02
   7.8598448e+02
   1.1792932e+02
   4.4715689e+02
   8.4861334e+02
   4.4901856e+02
   5.6333146e+02
  -6.0999432e+01
  -2.3233651e+01
   1.5130453e+02
   5.0776139e+02
   1.7457934e+02
  -1.2413570e+01
   7.5162158e+02
  -4.9986655e+01
   7.6254822e+02
   8.0824535e+01
   5.9478528e+02
   4.4493353e+02
   2.4322256e+02
   2.9604101e+02
   7.9638930e+02
   2.9824093e+02
   1.1859957e+02
   1.4384935e+02
   8.0847548e+02
   7.2737753e+00
   5.5779902e+02
   3.9928506e+02
   6.3713574e+01
   7.9260032e+02
   7.2378840e+02
   1.8326952e+02
   6.7527514e+02
   1.7039130e+02
   2.1901960e+02
   6.4490114e+02
   5.7461104e+02
   3.2823959e+02
   4.9230041e+02
   2.9594955e+02
   1.5098681e+02
   2.0443633e+02
   5.0089421e+02
   5.5821935e+02
  -1.5512336e+01
   5.9208389e+02
   6.3818865e+02
   1.9169150e+02
   4.3950844e+02
   6.8978433e+01
   2.2145251e+02
   1.7469547e+02
   4.2205692e+02
   5.7136678e+02
   7.7077877e+01
   2.8744665e+02
   4.7352681e+02
   5.4520630e+02
   3.0247942e+02
   5.9115067e+02
   6.5680239e+01
   1.6234127e+02
   1.0202144e+02
   1.6562518e+02
   5.0932241e+02
   7.2637958e+02
   3.0746484e+02
   5.0226080e+02
   5.1276639e+02
   1.8642864e+02
   3.4487886e+02
   7.8613272e+02
   3.8008542e+02
   3.9228474e+02
   1.9137034e+02
   3.7166000e+02
   4.3055661e+02
   7.6741357e+02
   3.6822433e+02
   2.3224977e+02
   7.3580946e+02
   1.0801697e+02
   4.5034891e+02
   8.3887539e+02
   5.3556134e+02
   6.4652420e+02
   1.6188633e+02
   3.8014537e+02
   1.2030508e+01
   7.8717160e+02
  -2.7603274e+01
   9.3032162e+01
   2.0522439e+01
   1.0916582e+02
  -1.2574149e+01
   8.4094812e+02
   7.7242208e+02
   2.5534192e+02
   7.0492307e+02
   7.6440686e+02
   5.2614400e+02
   7.9099723e+02
   8.4211464e+02
   8.5045148e+02
   5.0954213e+02
   6.0145967e+02
  -2.3670757e+01
   3.4793346e+02
   2.5465102e+02
   3.0096889e+02
   9.9815688e+01
   7.6258879e+02
   3.8411763e+02
   8.2679330e+01
   9.2910377e+01
   5.1802538e+02
   3.5609019e+02
   4.7805848e+02
   5.7056035e+02
   1.1292782e+02
   3.3362518e+02
   1.4421131e+02
   1.1211986e+01
   5.0936582e+02
   4.7834545e+02
   2.1056126e+02
   3.5747477e+02
   5.2602202e+02
   3.2347970e+02
   4.5605147e+02
  -5.6385447e+01
   5.4349580e+02
   4.2666772e+02
   7.8868773e+02
   7.2708738e+02
   1.8102306e+01
   9.4408341e+01
   6.9338342e+02
   7.1666671e+02
   4.6295181e+02
   1.0870005e+02
   6.2843767e+02
   7.1196734e+02
   6.8213828e+02
   7.6119200e+01
   3.5493743e+02
   3.5293516e+02
   2.4197250e+02
   2.7017871e+02
   6.2535752e+02
   6.3897026e+02
   5.3728679e+02
   4.8875132e+02
   3.9537811e+02
   3.4101573e+02
   2.2587708e+02
   7.1851612e+02
   8.0437676e+01
   4.0100265e+01
   2.6285358e+02
   3.3498251e+02
  -4.0658604e+01
   7.2201945e+02
   7.4172393e+02
   2.1100464e+02
   9.5899180e+01
   6.0177255e+02
   3.4128902e+02
   8.0931666e+02
   5.2240756e+02
   2.0643134e+02
   7.9401208e+02
   8.3476159e+01
   5.9721655e+02
  -6.2421572e+00
   2.7759394e+02
   6.0866441e+02
   6.4410243e+02
   3.4706652e+02
  -1.2197050e+01
   1.9876327e+02
   2.3590873e+01
   4.0312942e+02
   6.8856264e+02
  -4.2659728e+01
   4.8552630e+02
   3.6203921e+02
   7.1386392e+02
   3.2293017e+02
   9.9203201e+01
   5.5929515e+02
   4.5414627e+02
   4.2667203e+02
  -4.4618003e+01
  -2.3678220e+01
   7.8468339e+02
   3.6995049e+00
   4.2389058e+02
   8.1808119e+02
   3.0234292e+02
   5.9850044e+02
   5.2085201e+02
   1.8086949e+02
   7.7718037e+02
   4.1177170e+02
   3.9769755e+02
   7.2702600e+02
   5.9556857e+02
   1.4026086e+02
   6.1027848e+02
   1.6978285e+02
   2.0544439e+02
   7.7739249e+02
   5.2153091e+02
   6.8733439e+02
   7.7006872e+02
   6.5404318e+02
   3.4831646e+02
   3.7466750e+02
   7.4815260e+02
   6.4411820e+02
   2.1604564e+02
   6.5178838e+02
   1.7719276e+02
   7.6901415e+02
   6.5508043e+02
   4.2717108e+02
   1.4735604e+02
   4.2534967e+02
   1.7488917e+02
   1.6690403e+02
   4.2359674e+02
   5.4483589e+02
   6.9255653e+02
   7.3195435e+02
   1.7627448e+02
   4.3773880e+02
   6.2028606e+02
   3.3024413e+02
   8.2946177e+02
  -1.5196315e+00
   2.0612236e+02
   6.4031223e+02
   8.3212271e+02
   3.1774914e+02
   2.4696444e+02
   6.6122963e+02
   4.1456775e+01
   6.3629778e+02
   8.4255137e+02
   7.1632414e+02
   7.3983020e+02
   2.6996276e+02
   8.0635737e+02
   2.2392821e+01
   2.3644359e+02
   4.9247382e+02
   3.6884164e+02
   2.4947224e+02
   4.1011023e+02
   1.8826466e+02
   1.2662469e+02
   7.0360440e+02
   5.4109059e+01
   7.0619891e+02
   8.1845644e+02
   6.6016976e+02
   5.0922632e+02
   2.5441898e+02
   4.8008489e+01
   3.0126287e+02
  -2.6524984e+01
   3.2382832e+01
   5.8893620e+02
   3.3980305e+01
   7.0040293e+02
   7.1993344e+02
   3.8216862e+02
   7.1941398e+02
   6.3517508e+02
   2.4997473e+02
   7.3818672e+02
   7.7718676e+02
   4.0093975e+02
   3.0389680e+02
   4.9155708e+02
   6.9590907e+02
   7.2554012e+01
   3.4203663e+02
   3.6954153e+02
   5.1558481e+02
   1.0608214e+02
   1.9482169e+02
   5.6582852e+02
   5.2473999e+02
  -1.1749488e+01
   5.4663429e+02
   3.9558673e+02
   3.1702901e+02
   5.3454062e+02
   5.8746568e+02
   1.3463291e+02
  -3.0456047e+01
   2.5042554e+00
   2.4372636e+02
   5.0350774e+02
   2.5997583e+02
   7.7457398e+02
   7.5092476e+02
   6.2641620e+02
  -1.2501393e+01
   7.5923890e+02
   3.5383883e+02
   7.7930107e+02
  -2.3198526e+01
   3.0452461e+02
   1.2373503e+02
   5.5016167e+02
   2.5188694e+02
   6.8707932e+02
   6.8081751e+02
   6.3668463e+02
   5.5014860e+02
   5.3308642e+02
   4.5472521e+02
   2.8887699e+02
   2.7983924e+02
   8.3556963e+02
   5.8671295e+02
   2.4891619e+02
   4.1775625e+02
   2.4335321e+00
   4.8434527e+02
  -1.2128711e+01
   6.7900273e+02
   1.1342284e+02
   2.8555050e+02
  -4.8756649e+00
   2.1966284e+02
  -3.3874429e+00
   5.3698993e+02
   3.0697847e+02
   9.1493563e+01
   3.6936148e+02
   9.4742868e+01
   2.4391053e+02
  -4.8324808e+01
   4.1951455e+01
   1.8076064e+02
   6.8476243e+02
   2.2598599e+02
   3.3219942e+02
   6.2105201e+02
   8.4095159e+02
   2.8393133e+02
   7.8450244e+01
   4.6902601e+02
   6.7219805e+02
   2.1552862e+02
   7.0500674e+02
   6.6855290e+02
   4.2221712e+02
   2.3031228e+01
   6.7979493e+02
   3.3890942e+02
   7.4496051e+02
   1.7051543e+02
   3.1231206e+02
   1.6348261e+02
   4.4881606e+02
   8.5318636e+02
   8.6027262e+01
   3.5953538e+02
   6.7024199e+02
   5.9348234e+02
   3.2294850e+02
   1.7807056e+02
   1.3646195e+02
   2.5426322e+02
   1.9959721e+02
   7.3368753e+01
   1.2186798e+02
   5.4464763e+02
   1.1319608e+02
   6.2091365e+02
  -4.4934965e+01
   7.7977439e+02
   6.6566577e+02
   1.3560608e+02
   8.1286732e+02
   7.5042783e+02
   4.3507177e+02
   4.5769368e+02
   4.7508103e+02
   7.6345084e+02
   7.7747428e+02
   3.9815745e+02
   5.0886149e+02
   5.4976080e+02
   5.6486562e+02
   2.2315207e+02
   1.5807628e+02
   6.8076829e+02
   5.1679732e+02
   2.3164938e+02
   4.1647136e+02
   7.4024644e+02
  -4.1996561e+01
   7.3094455e+02
   4.3913523e+02
  -3.2363868e+01
   4.2602898e+02
   6.2232956e+02
   5.3405708e+02
   4.5998370e+02
   2.1097437e+02
   7.6309015e+02
   2.4659333e+00
   4.8202974e+02
   4.9752807e+02
   5.7277286e+02
   1.7861790e+02
   5.1658229e+02
   6.2614853e+02
   2.2071935e+02
   4.4769881e+02
   4.7808739e+02
   6.0155161e+02
   4.8859979e+02
   6.2013235e+02
   4.5559420e+02
   5.2890211e+02
   6.7640848e+02
   3.9093771e+02
   6.6256566e+02
   1.5066916e+01
   6.0524830e+02
   3.0644988e+02
   7.3460245e+02
   7.2322143e+02
   5.3891223e+02
   9.2461026e+01
   2.5109891e+02
   5.1882302e+01
   3.7173414e+02
  -5.6003193e-01
  -3.6864741e+01
   5.4403718e+01
   4.3034983e+02
   1.8689799e+02
  -5.0980422e+01
   6.8109252e+02
   6.9283204e+02
   1.6386008e+02
   4.6927775e+02
   4.5904953e+02
   8.1871498e+02
   2.7128652e+02
   1.7389349e+02
   5.4605614e+02
   4.4143715e+02
   6.1613141e+02
   6.8786288e+02
   7.3847527e+02
   5.8072844e+02
   2.7014707e+02
   6.7229765e+02
   7.1560814e+02
   2.3919497e+02
   4.1467113e+02
   2.0410434e+02
   1.5485472e+02
   1.9779742e+02
   2.0594968e+01
   6.0082820e+02
   3.6177282e+02
  -1.0345469e+01
   8.2242312e+02
   9.9336681e+01
   5.6460304e+01
   7.9577258e+02
   1.0572438e+02
   6.6482678e+02
   8.2018488e+02
   5.6644288e+02
   7.4402933e+02
   5.9591751e+02
   4.8963945e+02
   1.2474135e+02
   1.7331504e+01
   7.5019830e+02
   8.2940476e+02
   4.7878645e+02
   2.2066042e+02
   8.0401109e+02
   6.8867442e+02
   9.1595315e+01
   2.6663689e+02
   6.6128105e+02
   3.7848734e+02
   7.5633161e+01
   8.0679351e+02
   3.0775813e+02
   5.3504136e+02
   4.9434640e+02
   7.2077216e+02
   3.8067617e+02
   6.8469675e+02
   5.1519478e+02
   9.2451414e+01
   6.0776383e+02
   5.9104477e+02
   4.0385722e+01
   6.0237906e+02
   3.5601543e+02
   6.6990121e+02
  -2.1201837e+01
  -5.7065358e+01
   4.2182298e+02
   2.0636511e+02
   4.6591114e+02
   7.4218492e+02
  -4.5404841e+01
   5.2884343e+02
  -1.7489527e+01
   8.0525324e+02
   2.4207344e+02
   8.1993936e+02
   2.7261740e+02
  -1.4352536e+01
   5.1777268e+02
   4.0806214e+02
   8.2997821e+00
   1.6652297e+02
   7.9991588e+02
   2.8019228e+02
   4.8917137e+02
   6.2785971e+02
   8.3999823e+02
  -1.0947514e+01
   1.4494468e+02
   1.1728374e+02
   3.3028387e+02
   3.9592089e+02
   1.7756231e+02
   6.4140976e+02
   4.0143741e+02
   8.3089630e+02
   1.5794101e+02
  -2.2675654e+01
   8.3718737e+02
   5.7150101e+02
   1.2696805e+02
   8.1088363e+02
   6.9511867e+02
   4.2721961e+02
   5.7413271e+02
   2.2885467e+02
   1.2488579e+02
   8.4910314e+02
   2.0251166e+02
   3.8967572e+02
   4.3044657e+02
   3.4456816e+02
   1.1559967e+02
   7.9016882e+02
   2.7737133e+01
   5.8641078e+01
   3.8784329e+02
   4.9172248e+02
   4.0092887e+02
   1.3189008e+02
   4.8745483e+02
   6.7347818e+02
   1.5606377e+02
   7.1348106e+02
   1.2969071e+02
   4.9409990e+02
   8.0034262e+01
   4.6388511e+02
   7.2255589e+02
   8.2647798e+02
   3.9324004e+02
   6.9745513e+02
   3.1844883e+02
   1.5312229e+02
  -2.6960437e+01
   2.8237723e+02
   1.5157985e+02
   4.9263438e+02
   5.2335763e+02
   7.7692721e+02
   8.4388393e+02
   4.8888726e+02
   8.5363232e+02
   8.4187691e+02
   4.5570443e+02
   4.5572088e+02
   2.9775166e+02
   5.9302837e+02
   1.9880595e+02
   1.5261735e+02
   6.9761225e+02
   7.1910281e+02
  -3.3869815e+01
   6.6073417e+02
   4.2277350e+02
   2.7393674e+02
   8.3194652e+02
   8.0674952e+02
   5.9080581e+01
   2.3723401e+01
   7.4395993e+02
   6.5836093e+02
   4.1836280e+02
   6.1330401e+02
   3.0365422e+02
   1.5190981e+02
   4.6017569e+02
   3.2113451e+02
   8.2329102e+02
   3.3457787e+02
   7.0428435e+02
   4.1976489e+02
   1.8238040e+02
   4.4615999e+02
   4.2248461e+02
   1.0813957e+02
  -3.4109266e+01
   2.5721114e+02
   7.8513594e+02
   9.9938117e+01
   2.5646352e+02
   7.6255938e+02
   1.2355314e+02
   4.1882952e+02
   8.4048917e+02
  -3.8489382e+01
   6.7450447e+02
   4.1486901e+02
   8.0568409e+02
   1.4938968e+02
   4.0558547e+01
   4.9238642e+02
   2.9528475e+02
   5.3109389e+01
   1.0936231e+01
   4.7435350e+02
   7.2774114e+02
   5.4529484e+02
   5.3227886e+02
   3.8956348e+02
   2.7741352e+02
   7.2151671e+02
   3.0180886e+02
   5.4346336e+02
   2.4222980e+02
   6.9154753e+02
   5.7654759e+01
  -5.0790756e+01
   2.2539461e+02
   7.3128396e+02
   6.8643460e+01
   1.9029643e+02
   5.8941502e+01
   1.5932747e+02
   6.0137114e+02
   7.1009866e+02
   1.6138309e+02
   2.5630530e+01
   5.9245827e+02
   6.0246671e+02
   1.4041388e+02
   7.4138420e+02
   7.4991963e+02
   8.3407227e+02
   6.9517169e+02
   8.2137500e+02
   6.3467988e+02
   7.2420953e+02
   6.7880237e+02
   3.9138556e+02
   3.5253072e+02
   8.4206074e+01
   4.6278201e+02
  -1.8359202e+01
   3.5310833e+02
  -3.8812905e+00
   8.2944118e+02
   7.0452591e+02
   8.4159534e+02
   5.8428279e+02
   1.9359421e+02
   2.5858733e+02
   4.5635379e+01
   8.4737828e+02
   8.2046652e+01
   4.2057404e+02
   6.9852055e+02
   6.2244311e+02
   8.0268813e+02
   1.6553766e+02
  -5.7886314e+01
   4.5907094e+02
   8.4652971e+02
   9.6737593e+01
   4.7099000e+02
   3.0975298e+01
   1.5084102e+02
   7.0051159e+01
   1.9227026e+02
   7.6478879e+02
   3.2862643e+01
   2.0570248e+02
   2.7907678e+02
   7.4986058e+02
   4.4748152e+01
   6.3889373e+02
   1.4424149e+02
   3.5853325e+02
   1.3877316e+02
   7.2696392e+02
   4.7033299e+02
   7.1435451e+02
   3.6216709e+02
   6.5079658e+02
   5.5611042e+02
   2.0212972e+02
   7.8847746e+02
   7.9195200e+02
   7.5869877e+02
  -3.4283399e+01
   3.4757679e+02
   2.6096702e+01
   4.5928790e+02
   4.6400600e+02
  -2.9932289e+01
   2.5472328e+02
   5.5047786e+02
   1.8588242e+01
  -4.3531297e+00
   1.0648270e+01
   4.0167367e+02
   5.0824001e+02
   3.0337451e+02
   4.5285372e+01
   8.0660182e+02
   4.6023631e+02
  -2.9812184e+01
   5.8564720e+02
   3.3180239e+01
   7.5820514e+02
   4.2221281e+02
   4.3792153e+01
   4.8684238e+02
   6.6123895e+01
   5.0811310e+02
   3.7484593e+02
   7.5309012e+02
  -6.2879017e+01
   4.3435832e+01
   8.1037818e+02
   8.0589833e+02
   5.7418506e+02
   4.4418856e+02
   7.4056127e+01
   5.3289783e+02
   2.7804385e+01
   6.0795437e+02
   1.5433072e+02
   5.1526771e+02
  -2.2426777e+01
  -2.1537629e+01
   4.5431849e+02
   4.6879739e+01
   7.9955358e+02
   7.0396333e+02
   7.3618617e+02
   5.6098879e+02
  -1.8041484e+01
   7.6607607e+01
   6.8432529e+02
   7.0335311e+02
   8.5027238e+02
  -2.8726155e+01
   5.7792585e+02
   2.7718762e+02
   4.2321909e+02
   6.6852359e+02
   2.8491485e+02
   6.1892632e+02
   4.4684104e+01
   3.5082358e+02
   8.3102421e+02
   3.3496562e+02
   2.5387035e+00
   7.7410532e+02
   8.1135775e+02
   2.3005970e+02
   7.5812877e+02
  -4.4921474e+01
   3.7467657e+01
   7.2020146e+02
   3.6909035e+01
   7.5134284e+02
   7.5212069e+02
   1.2341062e+01
   1.8007590e+02
   5.3970683e+02
   7.4073460e+01
   6.6876312e+01
   5.7075280e+02
   2.2972472e+02
   3.4341719e+02
   4.7442845e+02
   1.8292761e+02
   8.3352088e+02
   8.3417265e+02
   5.7879455e+01
  -4.2560876e+01
   5.4533895e+02
   3.4387283e+02
   1.4209597e+02
   5.1146596e+02
   3.3462066e+02
   5.6410629e+02
   3.9292774e+02
   3.1367153e+02
   4.3176784e+02
   7.7764883e+02
   6.9171782e+00
   7.5239207e+01
   4.6764498e+02
   4.2450945e+02
   1.6293864e+02
   7.0855484e+02
   8.1728955e+02
   2.0553555e+01
   4.9123686e+02
   4.8093108e+02
   6.5123799e+02
   7.3630195e+02
   7.8063023e+01
   6.3998364e+02
   2.8374822e+02
   2.5926034e+02
   1.8807350e+02
   2.5557439e+02
   7.6745029e+02
   3.5695853e+02
   5.9234233e+02
   3.7622104e+02
  -6.1633685e+01
   7.1942055e+02
   2.3051861e+02
   1.7832178e+02
   1.8227216e+02
   5.5289592e+00
   4.7682826e+02
   3.0359750e+02
   5.5598984e+02
   8.0370212e+02
  -3.8274946e+01
  -3.2615162e+01
   4.9676393e+01
   4.1138246e+02
   5.3630451e+02
   6.1433059e+02
   4.4434457e+02
   3.9675803e+02
   7.9607269e+02
   8.1634601e+02
   6.9535245e+02
   7.0708076e+02
   3.4936496e+02
   5.8979996e+02
   6.3429460e+02
   5.5014192e+02
   7.5599685e+02
   5.5453748e+02
   5.5442437e+02
   7.8401185e+02
   5.2711475e+02
   2.2234705e+02
   6.1120325e+02
   8.0064507e+02
   4.8326082e+02
   5.0794211e+02
   2.3611794e+02
   3.4124691e+02
   1.7749741e+02
   1.6063111e+02
   5.6993621e+02
   5.8406796e+02
   5.9165106e+02
   7.8567321e+02
  -3.7427493e+01
   6.5801800e+02
  -1.9375401e+01
   5.9594835e+02
   4.7937450e+01
   1.8244940e+02
   4.7873910e+02
   1.1007991e+02
   7.5947660e+01
   7.5966887e+02
   2.5668439e+02
   3.8358111e+02
   7.2802676e+02
   8.1765117e+02
   3.5450981e+02
   8.0600992e+02
   3.5249170e+02
   4.5530499e+02
   1.6255068e+02
   4.5681545e+02
  -4.7432586e+01
   2.1344740e+02
   6.7326870e+02
   6.3137646e+02
  -2.5823875e+01
   4.2156004e+02
   2.9685138e+02
   6.3342257e+02
   6.1036561e+02
   2.2614818e+02
   3.9873164e+02
   7.4251967e+02
   7.7849653e+02
   5.5769897e+02
   2.5184696e+02
   5.4002730e+02
   6.9832573e+02
   2.2166420e+02
   1.7381843e+02
   6.7266819e+02
   3.5994627e+02
   4.7714659e+02
   7.3742382e+02
   3.6569979e+02
   1.4862003e+02
   4.0351200e+02
   1.2322986e+02
   7.3569135e+02
   7.4141606e+02
   5.9141286e+02
   7.8777846e+02
   2.8472936e+02
   6.7442467e+02
   4.8347569e+02
   4.8751745e+01
   3.8079319e+02
   8.5245627e+02
  -1.3914385e+01
   3.9395555e+02
   4.6127188e+02
   4.2967887e+02
   1.5150260e+02
   5.3137277e+02
   5.5153542e+02
   2.4667445e+02
   2.8680273e+02
   2.0539556e+02
   6.4405016e+02
   3.6131837e+02
   4.8664986e+02
   3.1907542e+02
   1.6851781e+02
  -5.5965782e+01
   6.1709132e+02
   5.3179116e+02
   7.4745296e+02
   5.7328406e+02
   5.5533140e+02
   7.2234283e+02
   6.1030552e+01
   3.5026818e+02
   7.2935520e+02
   6.3791221e+02
  -3.9841924e+01
   3.5037060e+02
   5.0158651e+02
   5.9798450e+02
   3.8227059e+02
   6.9650664e+02
   4.6002209e+02
   5.7961725e+02
   6.2284301e+02
   7.1868877e+02
   8.4192113e+02
   4.5232439e+02
   5.0698146e+02
   4.5809698e+02
   7.4144221e+02
  -7.2385530e+00
   2.3614225e+02
   7.5311347e+01
   2.7684134e+02
   3.8755145e+02
   6.5457898e+02
   7.8598448e+02
   1.1792932e+02
   4.4715689e+02
   8.4861334e+02
   4.4901856e+02
   5.6333146e+02
  -6.0999432e+01
  -2.3233651e+01
   1.5130453e+02
   5.0776139e+02
   1.7457934e+02
  -1.2413570e+01
   7.5162158e+02
  -4.9986655e+01
   7.6254822e+02
   8.0824535e+01
   5.9478528e+02
   4.4493353e+02
   2.4322256e+02
   2.9604101e+02
   7.9638930e+02
   2.9824093e+02
   1.1859957e+02
   1.4384935e+02
   8.0847548e+02
   7.2737753e+00
   5.5779902e+02
   3.9928506e+02
   6.3713574e+01
   7.9260032e+02
   7.2378840e+02
   1.8326952e+02
   6.7527514e+02
   1.7039130e+02
   2.1901960e+02
   6.4490114e+02
   5.7461104e+02
   3.2823959e+02
   4.9230041e+02
   2.9594955e+02
   1.5098681e+02
   2.0443633e+02
   5.0089421e+02
   5.5821935e+02
  -1.5512336e+01
   5.9208389e+02
   6.3818865e+02
   1.9169150e+02
   4.3950844e+02
   6.8978433e+01
   2.2145251e+02
   1.7469547e+02
   4.2205692e+02
   5.7136678e+02
   7.7077877e+01
   2.8744665e+02
   4.7352681e+02
   5.4520630e+02
   3.0247942e+02
   5.9115067e+02
   6.5680239e+01
   1.6234127e+02
   1.0202144e+02
   1.6562518e+02
   5.0932241e+02
   7.2637958e+02
   3.0746484e+02
   5.0226080e+02
   5.1276639e+02
   1.8642864e+02
   3.4487886e+02
   7.8613272e+02
   3.8008542e+02
   3.9228474e+02
   1.9137034e+02
   3.7166000e+02
   4.3055661e+02
   7.6741357e+02
   3.6822433e+02
   2.3224977e+02
   7.3580946e+02
   1.0801697e+02
   4.5034891e+02
   8.3887539e+02
   5.3556134e+02
   6.4652420e+02
   1.6188633e+02
   3.8014537e+02
   1.2030508e+01
   7.8717160e+02
  -2.7603274e+01
   9.3032162e+01
   2.0522439e+01
   1.0916582e+02
  -1.2574149e+01
   8.4094812e+02
   7.7242208e+02
   2.5534192e+02
   7.0492307e+02
   7.6440686e+02
   5.2614400e+02
   7.9099723e+02
   8.4211464e+02
   8.5045148e+02
   5.0954213e+02
   6.0145967e+02
  -2.3670757e+01
   3.4793346e+02
   2.5465102e+02
   3.0096889e+02
   9.9815688e+01
   7.6258879e+02
   3.8411763e+02
   8.2679330e+01
   9.2910377e+01
   5.1802538e+02
   3.5609019e+02
   4.7805848e+02
   5.7056035e+02
   1.1292782e+02
   3.3362518e+02
   1.4421131e+02
   1.1211986e+01
   5.0936582e+02
   4.7834545e+02
   2.1056126e+02
   3.5747477e+02
   5.2602202e+02
   3.2347970e+02
   4.5605147e+02
  -5.6385447e+01
   5.4349580e+02
   4.2666772e+02
   7.8868773e+02
   7.2708738e+02
   1.8102306e+01
   9.4408341e+01
   6.9338342e+02
   7.1666671e+02
   4.6295181e+02
   1.0870005e+02
   6.2843767e+02
   7.1196734e+02
   6.8213828e+02
   7.6119200e+01
   3.5493743e+02
   3.5293516e+02
   2.4197250e+02
   2.7017871e+02
   6.2535752e+02
   6.3897026e+02
   5.3728679e+02
   4.8875132e+02
   3.9537811e+02
   3.4101573e+02
   2.2587708e+02
   7.1851612e+02
   8.0437676e+01
   4.0100265e+01
   2.6285358e+02
   3.3498251e+02
  -4.0658604e+01
   7.2201945e+02
   7.4172393e+02
   2.1100464e+02
   9.5899180e+01
   6.0177255e+02
   3.4128902e+02
   8.0931666e+02
   5.2240756e+02
   2.0643134e+02
   7.9401208e+02
   8.3476159e+01
   5.9721655e+02
  -6.2421572e+00
   2.7759394e+02
   6.0866441e+02
   6.4410243e+02
   3.4706652e+02
  -1.2197050e+01
   1.9876327e+02
   2.3590873e+01
   4.0312942e+02
   6.8856264e+02
  -4.2659728e+01
   4.8552630e+02
   3.6203921e+02
   7.1386392e+02
   3.2293017e+02
   9.9203201e+01
   5.5929515e+02
   4.5414627e+02
   4.2667203e+02
  -4.4618003e+01
  -2.3678220e+01
   7.8468339e+02
   3.6995049e+00
   4.2389058e+02
   8.1808119e+02
   3.0234292e+02
   5.9850044e+02
   5.2085201e+02
   1.8086949e+02
   7.7718037e+02
   4.1177170e+02
   3.9769755e+02
   7.2702600e+02
   5.9556857e+02
   1.4026086e+02
   6.1027848e+02
   1.6978285e+02
   2.0544439e+02
   7.7739249e+02
   5.2153091e+02
   6.8733439e+02
   7.7006872e+02
   6.5404318e+02
   3.4831646e+02
   3.7466750e+02
   7.4815260e+02
   6.4411820e+02
   2.1604564e+02
   6.5178838e+02
   1.7719276e+02
   7.6901415e+02
   6.5508043e+02
   4.2717108e+02
   1.4735604e+02
   4.2534967e+02
   1.7488917e+02
   1.6690403e+02
   4.2359674e+02
   5.4483589e+02
   6.9255653e+02
   7.3195435e+02
   1.7627448e+02
   4.3773880e+02
   6.2028606e+02
   3.3024413e+02
   8.2946177e+02
  -1.5196315e+00
   2.0612236e+02
   6.4031223e+02
   8.3212271e+02
   3.1774914e+02
   2.4696444e+02
   6.6122963e+02
   4.1456775e+01
   6.3629778e+02
   8.4255137e+02
   7.1632414e+02
   7.3983020e+02
   2.6996276e+02
   8.0635737e+02
   2.2392821e+01
   2.3644359e+02
   4.9247382e+02
   3.6884164e+02
   2.4947224e+02
   4.1011023e+02
   1.8826466e+02
   1.2662469e+02
   7.0360440e+02
   5.4109059e+01
   7.0619891e+02
   8.1845644e+02
   6.6016976e+02
   5.0922632e+02
   2.5441898e+02
   4.8008489e+01
