   6.4639747e+00
   4.0802636e+00
   1.5471091e+01
   6.3001988e+00
   6.4702011e+00
  -1.1316460e+01
   9.8574921e+00
  -6.2313675e+00
  -3.7567033e+00
  -1.9016130e+01
   1.2134867e+01
  -6.3869912e+00
  -1.5224566e+01
  -6.2206079e+00
   1.0670912e+01
  -1.0864249e+01
  -1.0509865e+01
  -1.4838222e+01
  -1.9583181e+01
  -1.1998130e+01
   8.6076297e+00
  -1.9607244e+00
  -1.6413797e+01
   1.2567467e+01
  -1.3670918e+01
  -1.5632958e+01
  -5.0218511e+00
  -3.8728454e+00
   3.1265994e+00
   9.8227613e+00
   4.4261415e+00
  -2.5576489e+00
   8.3715206e+00
   7.3952531e+00
   7.9055866e-01
   8.0302987e+00
   8.7054060e+00
  -1.2604939e+01
  -3.3224866e-01
   1.1178803e+01
  -1.8269062e+01
  -7.3458033e+00
   9.0277128e+00
  -7.5781020e+00
  -1.1930681e+01
  -9.8926500e+00
  -3.2062354e+00
  -3.0511516e+00
   2.6771516e+00
  -6.1456390e+00
   1.0797579e+01
   1.6051622e+01
  -1.2273687e+01
   1.1751058e+01
   1.6467266e-01
   1.4038029e+01
   1.5271471e+01
  -1.1290282e+01
  -1.3471059e+01
  -2.6665667e+00
  -1.0917710e+01
  -1.9174826e+01
   1.7440026e+01
  -9.2883578e+00
   7.6053683e+00
  -2.8366810e+00
  -1.5410130e+01
  -3.2113264e+00
   3.0285170e+00
  -1.8454256e+01
  -1.5470550e+01
   1.8322805e+01
  -1.2811901e+01
  -9.0497599e+00
  -9.1439929e+00
   7.1341178e+00
   9.6003515e+00
  -8.5071446e+00
   1.5201109e+01
   1.5423854e+01
   7.7257694e+00
  -1.9846515e+01
  -1.6908547e+01
  -1.0165504e+01
  -2.1039947e+00
   1.3345055e+01
   1.3987047e+01
  -7.2513546e+00
   1.4199817e+01
   6.4480442e+00
  -4.6798077e+00
  -5.2911896e+00
  -2.5092747e+00
   4.1854536e+00
   2.0101052e-01
   1.0627732e+01
  -1.5961298e+01
  -1.4293137e+01
   5.3142440e+00
  -1.3514688e+00
  -1.0285265e+01
   1.2753626e+01
   1.6731789e+01
   1.5485288e+01
   1.8478353e+01
  -1.7729179e+01
   4.3538640e+00
   6.1530107e-01
   1.5031511e+01
   1.5707376e+01
  -2.0391133e+00
   1.7513687e+01
   7.0780230e+00
  -1.1246954e+01
   1.9168329e+01
   1.3865852e+01
   1.3551495e+01
   1.8294106e-01
   7.0551381e+00
  -1.8817089e+01
  -1.8622526e+01
  -5.2695430e+00
  -9.5926960e+00
  -1.2576303e+01
   1.2409338e+01
   1.4371907e+01
   1.3912340e+01
   8.0449617e+00
  -3.0525675e+00
  -4.6675065e+00
   1.7294200e+01
   1.2911215e+01
  -1.1315946e+01
  -1.9878016e+01
   1.1262186e+01
   9.9480723e+00
   3.2896147e+00
  -1.2758733e+01
  -3.1832560e+00
   8.3651276e+00
  -6.8730175e+00
  -4.9204847e+00
  -1.2580633e+01
   2.4823339e+00
   4.8739572e+00
  -4.4793124e-01
  -5.1560898e+00
   1.3014167e+01
  -6.9238914e+00
   1.2660016e+01
   1.6436866e+01
   7.9196446e+00
  -2.7365828e+00
   1.5665149e+00
  -1.4643513e+01
   7.4999561e+00
  -1.0599635e+01
  -1.1847141e+01
   4.7552225e+00
   4.6326032e+00
   3.7672314e+00
  -5.1823503e+00
  -1.9161416e+01
   7.0306315e+00
   2.8711890e+00
   1.5419577e+01
   1.9355125e+01
   3.8157649e+00
   2.4598827e+00
  -3.8831301e+00
  -9.0262748e-01
  -9.5359834e+00
  -1.9946949e+01
  -9.2286303e-01
   1.2001374e+01
   8.0834438e+00
  -9.7819006e+00
  -9.4235994e+00
  -6.5223216e-01
   6.3009457e+00
  -1.5067883e+00
   1.0079584e+01
   2.9167354e+00
   1.9462293e+01
   2.6851988e+00
   1.2933120e+01
   4.0969618e+00
  -9.1175384e+00
  -1.1464103e+01
  -1.9989728e+01
  -1.0733708e+01
   1.7356341e+01
   4.9348572e+00
   1.7533418e+01
  -1.4500576e+01
   1.0556012e+01
   4.2741788e+00
  -8.6166662e-01
   1.7705286e+01
  -7.1050030e+00
  -1.8972299e+01
  -7.7192416e+00
  -1.3160255e+01
   1.8947101e+01
  -1.9770473e+01
  -8.4805532e+00
   8.8149722e-01
   1.5059783e+00
   2.7939689e+00
   1.0729296e+01
   1.5369114e+01
   1.8525097e+01
   1.4531829e+01
  -1.4849919e+01
   1.2629510e+01
  -1.1753185e+01
   2.6927377e+00
   3.5520087e-01
  -7.1909428e+00
  -6.9906887e-01
   1.0624231e+01
   1.3437654e+01
  -8.9134240e+00
   7.9021813e-01
   1.9899152e+01
  -1.9632781e+01
  -6.3270891e-01
  -1.4057467e+01
  -1.9563551e+01
  -2.5183036e+00
  -6.3958209e+00
   4.5511656e-01
  -7.7126094e-02
   1.8065139e+01
   5.9166113e+00
   1.1118313e+00
  -1.8538796e+01
  -1.2239764e+01
  -1.8099697e+01
  -1.3705586e+01
   1.3077190e+01
  -1.9762451e+00
   1.7241104e+01
   4.7960397e+00
  -1.2705883e+01
  -1.2133898e+01
  -1.5991510e-01
   1.5657631e+01
  -1.0879046e+01
  -3.7937687e+00
   1.1421396e+01
  -3.5810175e+00
   8.7790368e+00
  -5.6973049e+00
   9.0115431e+00
   8.2097667e+00
  -1.6719147e+01
   1.1202496e+01
   1.8310626e+01
  -1.0097778e+01
  -4.0953478e+00
   1.5407872e+01
  -5.4944397e+00
  -1.7589404e+01
  -1.1493532e+01
   1.7218964e+00
   1.3347928e+01
   7.4203629e-02
   9.9722664e+00
   1.1863477e+01
   1.4311609e+01
  -1.8590047e+01
  -1.2478703e+01
  -1.9337377e+01
   7.1803302e+00
  -1.9091511e+01
  -3.0216344e+00
  -1.6035060e+01
  -1.3898650e+01
   4.7674703e+00
   1.0447209e+01
   1.6891887e+01
  -3.3695661e+00
  -1.5738123e+01
   4.1324138e+00
   1.1814812e+01
   1.6419900e+01
   3.7469019e+00
  -1.0387646e+01
  -1.1928239e+01
  -1.8527915e+01
   1.2168548e+00
  -2.9880073e+00
  -8.8790027e+00
  -4.0434089e+00
  -1.0234000e+00
   1.4167789e+01
  -1.6926591e+01
  -1.2801041e+01
  -1.2184272e+01
   1.9771965e+01
  -9.4913784e+00
  -1.0339599e+01
  -1.8543295e+01
   9.0641777e+00
  -3.4069926e+00
   3.2154993e+00
   1.4798298e+01
  -3.2538717e+00
   3.1435596e+00
  -1.0138256e+01
   6.4754515e+00
   1.6801227e+01
  -3.2772088e+00
   5.2559647e-01
   2.0453740e+00
  -5.7586940e+00
   1.3101963e+01
  -8.2327749e+00
   1.8025093e+01
   1.8933622e+01
   2.3816603e-01
  -1.3051722e+01
   1.2335752e+01
   1.4473453e+01
  -1.8522249e+01
  -1.4341729e+01
   1.9066768e+01
   1.5917494e+01
  -8.5822108e+00
   1.1956227e+01
   1.5496239e+01
   1.5463788e+01
  -1.3178713e+01
   1.9442949e+01
  -6.9920012e+00
  -5.0963283e+00
  -1.4992127e+01
  -1.0502807e+01
  -1.3826009e+01
   1.7607089e+01
   7.1726635e+00
  -1.1933366e+01
   2.8147591e+00
  -4.5947967e+00
  -1.8989863e+01
   2.6194750e+00
  -1.9094156e+01
   1.7746637e+01
   5.5453547e-01
   7.0440361e+00
   1.9713066e+01
   1.7446519e+01
  -1.0781296e+01
   1.7667046e+01
  -7.7794411e+00
   1.6632084e+01
  -2.1510274e-01
  -8.2073675e+00
   1.1777363e+01
  -8.5250365e+00
   1.7601996e+01
  -1.6814740e+01
   1.8045205e+01
   3.3236361e+00
   1.9460481e+01
   1.1628286e+01
  -6.7523669e+00
  -7.1061211e+00
  -5.2968692e+00
   4.8131939e+00
   1.1671462e+01
  -1.6071179e+01
   1.3813014e+01
   1.7252868e+01
  -5.5928091e-01
   9.8865691e+00
   1.6149444e+01
   8.8499151e+00
  -4.5194266e+00
   2.1482112e+00
  -1.7738467e+01
  -1.7651197e+01
   1.1481854e+01
  -1.5075838e+01
  -5.9090470e+00
   1.3664712e+01
   2.4909960e+00
  -2.1700508e+00
  -1.2403225e+01
   1.4028467e+00
  -5.0903854e+00
   1.4399236e+01
  -1.7141078e+01
   9.8686150e+00
   3.3167464e+00
   1.5561743e+01
   4.5974611e+00
   1.8368148e+00
   3.1510751e+00
   1.6973680e+01
  -1.4981758e+01
   3.2823665e+00
   2.4721238e+00
  -1.6889806e+01
   1.2795205e-01
   1.9147989e+01
   1.9947446e+01
  -8.0056640e+00
   8.4785147e+00
   1.9211799e+01
  -4.3211062e+00
  -1.7099316e+01
  -5.1891523e+00
  -1.2584638e+00
  -1.9996666e+01
  -5.5397024e-01
   4.4122480e+00
  -1.0724320e+01
  -1.2378021e+01
   7.8692765e+00
  -1.0483907e+01
   2.5826029e+00
   1.4740845e+01
  -6.7995558e+00
  -6.6155784e+00
   9.5977337e+00
  -1.2651512e+01
   1.4203345e+01
  -1.1156560e+01
  -1.2666757e+01
  -6.3295550e+00
  -3.5014080e+00
   1.1392146e+01
  -3.1769717e+00
  -1.5851612e+01
  -1.9871636e+01
  -9.4160133e+00
  -6.6812894e+00
  -1.9610895e+01
  -2.0754252e+00
   8.9219578e+00
  -1.8747094e+01
   5.3577953e+00
  -1.2483078e+01
  -1.7178561e+01
  -6.2714969e+00
   1.3788696e+00
   5.7848203e+00
  -1.0465850e+01
  -1.8423795e+01
  -4.3453175e+00
   6.7440943e+00
  -4.4096163e+00
   3.6206349e+00
   5.3741523e+00
   5.3693669e-01
   1.1165428e+01
   1.9903948e+01
   1.7899490e+01
   1.4486468e+01
   8.3074597e+00
  -7.9563856e-01
  -1.2771820e+01
  -2.1702734e+00
   1.2657560e+01
  -1.2448523e+01
   4.3916197e-01
   1.7926260e+01
   2.8707100e+00
  -8.1327721e+00
  -7.5406251e-01
  -1.3551262e+01
  -2.1590913e+00
  -1.5317548e+01
  -1.9833537e+01
  -1.2131811e+01
   6.5247389e+00
   1.6882214e+01
  -3.1906698e+00
  -2.1222827e+00
  -1.8125426e+00
   8.1443672e+00
   4.5716661e+00
   9.4267790e-02
   9.3253320e+00
  -7.6131883e+00
  -1.6829138e+00
   6.4903410e+00
  -1.2586767e-01
  -5.1182470e+00
  -3.9882943e-01
  -2.5730364e+00
  -4.8287230e+00
  -1.5022473e+01
  -9.2570017e+00
  -6.1222862e+00
  -1.5332397e+01
  -1.7270025e+01
   1.9431367e+01
   7.1710788e+00
  -9.9928730e+00
  -8.3513075e-01
   2.9692976e+00
  -8.5771499e+00
  -1.9955660e+01
  -9.7779442e+00
   6.1767439e+00
   5.7148458e+00
   3.3654152e-01
  -1.1726066e+01
  -1.7228510e+01
   7.6903130e+00
  -9.5823739e+00
  -1.1690446e+01
  -1.3112138e+01
   1.5033952e+01
  -1.6078354e+00
  -2.1278732e+00
  -6.2065430e+00
  -1.9157256e+01
   2.7706448e+00
   9.6230518e+00
   1.6569738e+01
  -1.1260476e+01
   5.5860618e+00
   7.9179808e+00
  -8.1421039e-01
   1.0297741e+01
  -8.4813251e+00
  -8.7029827e+00
   8.3129582e+00
   5.6103844e+00
  -2.8222914e+00
   6.5241329e+00
  -3.0018581e-02
  -3.6295729e+00
   1.1254450e+01
   1.2549188e+01
  -1.9339862e+01
  -1.6316594e+01
   1.9221490e+01
   1.4867164e+01
  -7.0835223e+00
   1.1208980e+01
  -1.4344825e+00
  -1.7881783e+01
  -9.5428370e+00
   1.5554871e+01
  -7.6590247e+00
   1.2709390e+00
   1.0417448e+01
  -1.5737064e+00
  -8.6562444e+00
  -1.9136234e+01
  -1.4405399e+01
  -6.4097631e+00
   1.7606164e+01
   1.4157981e+01
   1.6341693e+00
  -6.6055287e+00
  -4.8135496e+00
   6.4190664e+00
  -4.0071429e+00
  -8.2045448e+00
   2.2183055e+00
   1.3824149e+01
   4.4035460e+00
  -8.3073559e+00
  -1.4839184e+01
  -1.9699544e+01
   1.8918805e+01
  -1.3777766e-01
  -5.7986402e-01
  -9.4989653e-01
   1.7850884e+01
  -1.9629745e+01
  -1.0806228e+01
  -1.4420031e+01
  -5.0861459e+00
  -1.0165434e+01
   7.7265548e+00
   1.1070899e+01
  -8.6092631e+00
   1.2748485e+01
   1.7483383e+01
  -1.8089945e+01
   1.8417935e+01
   1.7587321e+00
  -1.2980242e+01
   8.4864539e+00
  -4.1280232e+00
   2.3741247e+00
   1.3734967e+01
   5.8219418e-01
  -5.3746890e+00
   1.8247612e+01
   1.3878288e+01
   1.3802736e+01
  -8.7711852e-01
  -1.9068024e+01
   1.7768118e+01
   1.1068524e+01
  -1.6485973e+01
   1.4906407e+01
   1.2540412e+01
   6.7513224e+00
  -1.9890155e+01
  -8.5499194e-01
   6.7096855e+00
  -1.2242329e+01
   6.2707993e+00
  -3.1013987e+00
  -1.3807612e+01
  -1.0764568e+01
  -6.0474468e+00
  -1.0696457e+01
  -8.8306314e+00
   6.8372652e+00
  -1.6227270e+01
  -7.1984574e+00
   1.9324783e+01
   1.4724757e+01
   5.7158814e+00
   8.3857684e-01
   6.3323701e+00
   1.4132610e+01
   5.6270043e+00
  -1.1592505e+01
  -5.2010644e+00
   1.2663372e+01
   1.5928444e+01
   2.5673066e-01
  -1.3260010e+01
   5.4268623e+00
   1.0947613e+01
  -1.8253470e+01
   2.2504364e+00
   4.0868819e+00
  -6.2874973e+00
  -4.5837063e+00
   1.5683747e+01
   1.5440575e+01
  -1.6539816e+01
  -1.0917758e+01
  -7.1689583e+00
  -1.6145967e+01
   6.9350897e+00
  -1.3713027e+01
  -1.7412384e+01
   1.5851511e+01
  -1.5355205e+01
  -1.4772130e+01
   8.3794198e+00
  -1.3345065e+01
  -1.5442165e+01
  -1.7278809e+01
  -7.1819837e+00
  -9.4685571e+00
  -1.7384062e+01
  -1.8849172e+01
   1.4312218e+01
  -1.4403909e+01
   1.9623706e+01
  -8.1433888e+00
   1.7661551e+01
   2.2629699e+00
  -1.5076169e+01
   1.1871079e+01
  -1.1139984e+01
  -1.7562162e+01
   1.3630464e+00
   4.2771654e+00
   7.7614717e+00
   1.1395766e+01
  -1.1023969e+01
  -4.1453338e-01
  -1.7337267e+01
   4.0029474e+00
   2.3303370e+00
   9.3361722e+00
   1.0601173e+01
   2.7718805e+00
   3.0398145e+00
  -7.4000786e-01
  -1.1675730e+01
   3.2162698e+00
   1.9965775e+01
   1.0847817e+01
  -6.8393974e+00
  -6.1332723e+00
   6.3163941e+00
  -1.8890477e+01
   6.4818886e+00
  -2.9218837e+00
   1.0716010e+01
   3.2000881e+00
  -9.2856817e+00
  -1.0367952e+01
   1.3010448e+01
  -1.5399802e+01
   1.2237695e+01
  -2.6591228e+00
  -1.7714745e+01
   2.1344584e+00
   2.0190477e+00
  -1.0613849e+01
   1.1974529e+01
  -1.6613087e+01
  -1.2362372e+01
   2.4910350e+00
  -2.6312056e+00
   9.9155063e+00
  -1.9463079e+01
   1.5340626e-01
  -7.1977581e+00
   1.1703062e+01
   1.2198422e+00
   1.0319708e+01
  -6.6024616e+00
  -8.8958167e+00
   1.3355882e+01
   8.7021397e-01
  -1.5429393e+01
   1.1424630e+01
  -4.6318079e-01
  -1.6322071e+01
   5.1273821e+00
   1.6862308e+01
  -1.5929143e+01
  -9.3302738e-01
   8.1253921e+00
   1.3864279e+01
  -3.8483726e+00
   3.1448669e+00
  -6.6444163e+00
   1.9597997e+01
  -1.0278700e+01
   7.3532216e+00
  -1.0082129e+01
  -1.1198309e+01
  -6.6803535e+00
  -1.2454585e+01
   1.0959499e+01
  -6.1021725e+00
   5.5547522e-01
   7.2693345e+00
  -8.1841831e+00
   1.5686014e+01
   6.6870162e+00
   3.1462502e-01
   1.2882369e+01
  -2.9567678e-01
   9.1246038e+00
  -2.3389643e+00
  -1.9805064e+01
  -5.6829204e+00
  -1.4857492e+01
  -1.4467394e+01
   7.4969537e+00
   1.7982932e+01
   5.7541214e+00
   1.1450728e+01
  -9.3713684e+00
  -1.8024679e+01
   1.2893151e+01
  -3.5134538e+00
   1.7732363e+01
  -8.6992396e+00
  -1.9686094e+01
   1.5649413e+01
  -1.7239615e+01
   9.3382759e+00
  -1.8217447e+01
   6.8354186e+00
  -1.9129293e+01
   9.1158213e+00
  -1.5547039e+01
  -3.6568673e+00
  -1.0443091e+00
   9.1323761e+00
   7.0493848e+00
   8.8669825e+00
  -1.7252622e+01
   1.8105002e+01
   1.1294577e+01
  -1.5268899e+01
  -1.5680489e+01
   1.4796350e+01
   1.5121157e+00
  -8.9498400e+00
   1.0915828e+01
   2.8646328e+00
   6.6333593e+00
  -3.8500722e-01
   1.1514800e+01
   3.5092040e+00
   1.8195249e+01
  -9.1883769e+00
  -1.8110740e+00
   1.2469180e+01
   2.1949616e+00
  -8.7475151e+00
   4.6058721e+00
  -4.9565194e+00
  -1.4346546e+01
   1.0107515e+00
  -2.4199658e+00
  -2.1225557e+00
  -5.5041730e+00
  -6.6865664e+00
  -7.2471866e+00
  -4.6517847e+00
   1.5857619e+01
  -1.3205508e+01
   1.4569030e+01
   3.0704888e+00
   1.9542046e+00
   1.4626864e+01
  -1.7484814e+01
  -1.0829265e+01
  -1.7435812e+00
  -2.2760579e+00
   2.3817241e+00
   1.2612994e+00
  -1.4147288e+01
  -5.4189099e+00
  -3.3441724e+00
  -1.5264975e+01
   1.5237518e+01
   1.6854416e+01
   4.7705558e+00
  -1.0369136e+01
   1.9447355e+01
   1.3856899e+01
  -7.7204721e+00
  -1.9812245e+01
   6.5997407e+00
  -1.5300873e+00
   1.2364875e+01
   3.0907380e+00
   1.5968737e+01
   1.0497381e+01
  -1.6890591e+01
  -1.3159733e+01
  -1.4109696e+01
  -2.1315098e+00
   1.0844245e+01
  -1.4029419e+01
   5.5640313e-01
  -1.3775223e+01
  -8.3344674e+00
  -7.5642574e+00
   1.9791551e+01
   1.0168245e+01
  -1.0959549e+01
   4.9381556e+00
  -4.9120611e-01
   3.1596102e+00
   1.1041986e+01
   7.2394080e+00
   2.1411458e+00
   4.3681481e+00
  -1.4658473e+01
   4.6706207e+00
  -7.4995353e+00
   9.1423482e+00
   1.3680363e+01
  -1.9292067e+01
   1.5313744e+01
  -1.8012425e+01
   4.7662208e+00
  -2.6662578e+00
   1.9951009e+01
   8.9266843e+00
  -1.0856222e+01
  -6.6819749e+00
  -1.3970549e+01
  -1.0247980e+01
  -4.6790831e+00
  -9.2698860e+00
  -3.1145048e+00
   8.0497570e+00
   7.2533794e+00
  -5.6393470e+00
  -1.3081796e+01
  -1.9534585e+01
  -1.4074542e+01
   2.8512312e+00
  -5.3322033e+00
   1.2112112e+01
  -6.9087193e+00
  -4.8478015e+00
  -1.2321066e+01
   1.0463279e+01
  -1.3712839e+00
  -6.2345313e+00
   5.1492911e+00
  -8.8803628e-01
  -5.0635253e+00
  -2.5099635e+00
   1.9981971e+01
   2.4891211e+00
   2.6568114e+00
   1.2860404e+01
   1.2612738e+01
   1.7543731e+01
   1.2605522e+00
   4.3630676e+00
  -1.3423270e+01
   6.5491130e+00
  -1.0615425e+01
  -1.2220309e+01
   1.1773447e+01
  -1.8087549e+01
  -1.3552517e+01
   3.7768174e+00
  -1.9381326e+01
   1.3485285e+01
   4.6673607e+00
   1.8788775e+01
   7.7571850e+00
   1.8560967e+01
  -2.9076984e+00
   1.7395877e+01
   1.6935142e+01
   1.9010749e+01
   1.2064400e+01
  -1.2705778e+01
   1.8578356e+01
  -9.1987330e+00
   8.4007570e-02
   1.5851969e+01
  -7.8653570e+00
  -7.3198125e+00
   1.1446651e+01
   1.4168938e+01
  -1.0879976e+01
   8.0432924e-01
  -4.5898951e+00
   1.3690514e+01
   5.9718444e+00
  -1.7103588e+01
  -1.6676344e+01
   1.5283931e+01
   1.6326163e+01
  -1.6986479e+01
  -4.1428068e+00
   1.9167478e+01
   3.8274697e-02
  -3.4325271e+00
   1.8469410e+01
  -1.3712753e+00
   1.4300732e+01
  -5.9433977e+00
  -1.5912532e+01
  -9.4094837e+00
  -1.7526793e+01
  -5.3334875e+00
  -1.5326774e+01
   1.9732908e+01
   6.6558240e+00
  -5.6598688e+00
   1.8515207e+01
   1.8931842e+00
  -6.9882664e+00
   1.0218511e+01
   1.1385238e+01
   1.1303451e+01
  -8.0645640e+00
   4.5898683e+00
  -1.9498520e+01
  -1.6828453e+01
   2.0189477e+00
   9.6137950e-01
  -1.2527859e+01
   4.4744447e+00
   9.1199264e+00
   3.8006993e+00
   1.4828527e+00
  -1.5331836e+00
  -7.0390342e+00
   3.9504056e+00
  -6.4981287e+00
  -1.3793873e+01
  -3.7649097e+00
   1.3536530e+01
  -6.6136720e+00
   1.6077963e+01
   6.6881525e+00
  -1.4932721e+01
  -1.9681218e+00
   5.2326983e+00
   1.7779774e+01
   9.4889195e+00
  -4.0138103e+00
   9.1441393e+00
  -5.2649647e+00
   2.7975644e-01
   7.4268830e+00
   6.4639747e+00
   4.0802636e+00
   1.5471091e+01
   6.3001988e+00
   6.4702011e+00
  -1.1316460e+01
   9.8574921e+00
  -6.2313675e+00
  -3.7567033e+00
  -1.9016130e+01
   1.2134867e+01
  -6.3869912e+00
  -1.5224566e+01
  -6.2206079e+00
   1.0670912e+01
  -1.0864249e+01
  -1.0509865e+01
  -1.4838222e+01
  -1.9583181e+01
  -1.1998130e+01
   8.6076297e+00
  -1.9607244e+00
  -1.6413797e+01
   1.2567467e+01
  -1.3670918e+01
  -1.5632958e+01
  -5.0218511e+00
  -3.8728454e+00
   3.1265994e+00
   9.8227613e+00
   4.4261415e+00
  -2.5576489e+00
   8.3715206e+00
   7.3952531e+00
   7.9055866e-01
   8.0302987e+00
   8.7054060e+00
  -1.2604939e+01
  -3.3224866e-01
   1.1178803e+01
  -1.8269062e+01
  -7.3458033e+00
   9.0277128e+00
  -7.5781020e+00
  -1.1930681e+01
  -9.8926500e+00
  -3.2062354e+00
  -3.0511516e+00
   2.6771516e+00
  -6.1456390e+00
   1.0797579e+01
   1.6051622e+01
  -1.2273687e+01
   1.1751058e+01
   1.6467266e-01
   1.4038029e+01
   1.5271471e+01
  -1.1290282e+01
  -1.3471059e+01
  -2.6665667e+00
  -1.0917710e+01
  -1.9174826e+01
   1.7440026e+01
  -9.2883578e+00
   7.6053683e+00
  -2.8366810e+00
  -1.5410130e+01
  -3.2113264e+00
   3.0285170e+00
  -1.8454256e+01
  -1.5470550e+01
   1.8322805e+01
  -1.2811901e+01
  -9.0497599e+00
  -9.1439929e+00
   7.1341178e+00
   9.6003515e+00
  -8.5071446e+00
   1.5201109e+01
   1.5423854e+01
   7.7257694e+00
  -1.9846515e+01
  -1.6908547e+01
  -1.0165504e+01
  -2.1039947e+00
   1.3345055e+01
   1.3987047e+01
  -7.2513546e+00
   1.4199817e+01
   6.4480442e+00
  -4.6798077e+00
  -5.2911896e+00
  -2.5092747e+00
   4.1854536e+00
   2.0101052e-01
   1.0627732e+01
  -1.5961298e+01
  -1.4293137e+01
   5.3142440e+00
  -1.3514688e+00
  -1.0285265e+01
   1.2753626e+01
   1.6731789e+01
   1.5485288e+01
   1.8478353e+01
  -1.7729179e+01
   4.3538640e+00
   6.1530107e-01
   1.5031511e+01
   1.5707376e+01
  -2.0391133e+00
   1.7513687e+01
   7.0780230e+00
  -1.1246954e+01
   1.9168329e+01
   1.3865852e+01
   1.3551495e+01
   1.8294106e-01
   7.0551381e+00
  -1.8817089e+01
  -1.8622526e+01
  -5.2695430e+00
  -9.5926960e+00
  -1.2576303e+01
   1.2409338e+01
   1.4371907e+01
   1.3912340e+01
   8.0449617e+00
  -3.0525675e+00
  -4.6675065e+00
   1.7294200e+01
   1.2911215e+01
  -1.1315946e+01
  -1.9878016e+01
   1.1262186e+01
   9.9480723e+00
   3.2896147e+00
  -1.2758733e+01
  -3.1832560e+00
   8.3651276e+00
  -6.8730175e+00
  -4.9204847e+00
  -1.2580633e+01
   2.4823339e+00
   4.8739572e+00
  -4.4793124e-01
  -5.1560898e+00
   1.3014167e+01
  -6.9238914e+00
   1.2660016e+01
   1.6436866e+01
   7.9196446e+00
  -2.7365828e+00
   1.5665149e+00
  -1.4643513e+01
   7.4999561e+00
  -1.0599635e+01
  -1.1847141e+01
   4.7552225e+00
   4.6326032e+00
   3.7672314e+00
  -5.1823503e+00
  -1.9161416e+01
   7.0306315e+00
   2.8711890e+00
   1.5419577e+01
   1.9355125e+01
   3.8157649e+00
   2.4598827e+00
  -3.8831301e+00
  -9.0262748e-01
  -9.5359834e+00
  -1.9946949e+01
  -9.2286303e-01
   1.2001374e+01
   8.0834438e+00
  -9.7819006e+00
  -9.4235994e+00
  -6.5223216e-01
   6.3009457e+00
  -1.5067883e+00
   1.0079584e+01
   2.9167354e+00
   1.9462293e+01
   2.6851988e+00
   1.2933120e+01
   4.0969618e+00
  -9.1175384e+00
  -1.1464103e+01
  -1.9989728e+01
  -1.0733708e+01
   1.7356341e+01
   4.9348572e+00
   1.7533418e+01
  -1.4500576e+01
   1.0556012e+01
   4.2741788e+00
  -8.6166662e-01
   1.7705286e+01
  -7.1050030e+00
  -1.8972299e+01
  -7.7192416e+00
  -1.3160255e+01
   1.8947101e+01
  -1.9770473e+01
  -8.4805532e+00
   8.8149722e-01
   1.5059783e+00
   2.7939689e+00
   1.0729296e+01
   1.5369114e+01
   1.8525097e+01
   1.4531829e+01
  -1.4849919e+01
   1.2629510e+01
  -1.1753185e+01
   2.6927377e+00
   3.5520087e-01
  -7.1909428e+00
  -6.9906887e-01
   1.0624231e+01
   1.3437654e+01
  -8.9134240e+00
   7.9021813e-01
   1.9899152e+01
  -1.9632781e+01
  -6.3270891e-01
  -1.4057467e+01
  -1.9563551e+01
  -2.5183036e+00
  -6.3958209e+00
   4.5511656e-01
  -7.7126094e-02
   1.8065139e+01
   5.9166113e+00
   1.1118313e+00
  -1.8538796e+01
  -1.2239764e+01
  -1.8099697e+01
  -1.3705586e+01
   1.3077190e+01
  -1.9762451e+00
   1.7241104e+01
   4.7960397e+00
  -1.2705883e+01
  -1.2133898e+01
  -1.5991510e-01
   1.5657631e+01
  -1.0879046e+01
  -3.7937687e+00
   1.1421396e+01
  -3.5810175e+00
   8.7790368e+00
  -5.6973049e+00
   9.0115431e+00
   8.2097667e+00
  -1.6719147e+01
   1.1202496e+01
   1.8310626e+01
  -1.0097778e+01
  -4.0953478e+00
   1.5407872e+01
  -5.4944397e+00
  -1.7589404e+01
  -1.1493532e+01
   1.7218964e+00
   1.3347928e+01
   7.4203629e-02
   9.9722664e+00
   1.1863477e+01
   1.4311609e+01
  -1.8590047e+01
  -1.2478703e+01
  -1.9337377e+01
   7.1803302e+00
  -1.9091511e+01
  -3.0216344e+00
  -1.6035060e+01
  -1.3898650e+01
   4.7674703e+00
   1.0447209e+01
   1.6891887e+01
  -3.3695661e+00
  -1.5738123e+01
   4.1324138e+00
   1.1814812e+01
   1.6419900e+01
   3.7469019e+00
  -1.0387646e+01
  -1.1928239e+01
  -1.8527915e+01
   1.2168548e+00
  -2.9880073e+00
  -8.8790027e+00
  -4.0434089e+00
  -1.0234000e+00
   1.4167789e+01
  -1.6926591e+01
  -1.2801041e+01
  -1.2184272e+01
   1.9771965e+01
  -9.4913784e+00
  -1.0339599e+01
  -1.8543295e+01
   9.0641777e+00
  -3.4069926e+00
   3.2154993e+00
   1.4798298e+01
  -3.2538717e+00
   3.1435596e+00
  -1.0138256e+01
   6.4754515e+00
   1.6801227e+01
  -3.2772088e+00
   5.2559647e-01
   2.0453740e+00
  -5.7586940e+00
   1.3101963e+01
  -8.2327749e+00
   1.8025093e+01
   1.8933622e+01
   2.3816603e-01
  -1.3051722e+01
   1.2335752e+01
   1.4473453e+01
  -1.8522249e+01
  -1.4341729e+01
   1.9066768e+01
   1.5917494e+01
  -8.5822108e+00
   1.1956227e+01
   1.5496239e+01
   1.5463788e+01
  -1.3178713e+01
   1.9442949e+01
  -6.9920012e+00
  -5.0963283e+00
  -1.4992127e+01
  -1.0502807e+01
  -1.3826009e+01
   1.7607089e+01
   7.1726635e+00
  -1.1933366e+01
   2.8147591e+00
  -4.5947967e+00
  -1.8989863e+01
   2.6194750e+00
  -1.9094156e+01
   1.7746637e+01
   5.5453547e-01
   7.0440361e+00
   1.9713066e+01
   1.7446519e+01
  -1.0781296e+01
   1.7667046e+01
  -7.7794411e+00
   1.6632084e+01
  -2.1510274e-01
  -8.2073675e+00
   1.1777363e+01
  -8.5250365e+00
   1.7601996e+01
  -1.6814740e+01
   1.8045205e+01
   3.3236361e+00
   1.9460481e+01
   1.1628286e+01
  -6.7523669e+00
  -7.1061211e+00
  -5.2968692e+00
   4.8131939e+00
   1.1671462e+01
  -1.6071179e+01
   1.3813014e+01
   1.7252868e+01
  -5.5928091e-01
   9.8865691e+00
   1.6149444e+01
   8.8499151e+00
  -4.5194266e+00
   2.1482112e+00
  -1.7738467e+01
  -1.7651197e+01
   1.1481854e+01
  -1.5075838e+01
  -5.9090470e+00
   1.3664712e+01
   2.4909960e+00
  -2.1700508e+00
  -1.2403225e+01
   1.4028467e+00
  -5.0903854e+00
   1.4399236e+01
  -1.7141078e+01
   9.8686150e+00
   3.3167464e+00
   1.5561743e+01
   4.5974611e+00
   1.8368148e+00
   3.1510751e+00
   1.6973680e+01
  -1.4981758e+01
   3.2823665e+00
   2.4721238e+00
  -1.6889806e+01
   1.2795205e-01
   1.9147989e+01
   1.9947446e+01
  -8.0056640e+00
   8.4785147e+00
   1.9211799e+01
  -4.3211062e+00
  -1.7099316e+01
  -5.1891523e+00
  -1.2584638e+00
  -1.9996666e+01
  -5.5397024e-01
   4.4122480e+00
  -1.0724320e+01
  -1.2378021e+01
   7.8692765e+00
  -1.0483907e+01
   2.5826029e+00
   1.4740845e+01
  -6.7995558e+00
  -6.6155784e+00
   9.5977337e+00
  -1.2651512e+01
   1.4203345e+01
  -1.1156560e+01
  -1.2666757e+01
  -6.3295550e+00
  -3.5014080e+00
   1.1392146e+01
  -3.1769717e+00
  -1.5851612e+01
  -1.9871636e+01
  -9.4160133e+00
  -6.6812894e+00
  -1.9610895e+01
  -2.0754252e+00
   8.9219578e+00
  -1.8747094e+01
   5.3577953e+00
  -1.2483078e+01
  -1.7178561e+01
  -6.2714969e+00
   1.3788696e+00
   5.7848203e+00
  -1.0465850e+01
  -1.8423795e+01
  -4.3453175e+00
   6.7440943e+00
  -4.4096163e+00
   3.6206349e+00
   5.3741523e+00
   5.3693669e-01
   1.1165428e+01
   1.9903948e+01
   1.7899490e+01
   1.4486468e+01
   8.3074597e+00
  -7.9563856e-01
  -1.2771820e+01
  -2.1702734e+00
   1.2657560e+01
  -1.2448523e+01
   4.3916197e-01
   1.7926260e+01
   2.8707100e+00
  -8.1327721e+00
  -7.5406251e-01
  -1.3551262e+01
  -2.1590913e+00
  -1.5317548e+01
  -1.9833537e+01
  -1.2131811e+01
   6.5247389e+00
   1.6882214e+01
  -3.1906698e+00
  -2.1222827e+00
  -1.8125426e+00
   8.1443672e+00
   4.5716661e+00
   9.4267790e-02
   9.3253320e+00
  -7.6131883e+00
  -1.6829138e+00
   6.4903410e+00
  -1.2586767e-01
  -5.1182470e+00
  -3.9882943e-01
  -2.5730364e+00
  -4.8287230e+00
  -1.5022473e+01
  -9.2570017e+00
  -6.1222862e+00
  -1.5332397e+01
  -1.7270025e+01
   1.9431367e+01
   7.1710788e+00
  -9.9928730e+00
  -8.3513075e-01
   2.9692976e+00
  -8.5771499e+00
  -1.9955660e+01
  -9.7779442e+00
   6.1767439e+00
   5.7148458e+00
   3.3654152e-01
  -1.1726066e+01
  -1.7228510e+01
   7.6903130e+00
  -9.5823739e+00
  -1.1690446e+01
  -1.3112138e+01
   1.5033952e+01
  -1.6078354e+00
  -2.1278732e+00
  -6.2065430e+00
  -1.9157256e+01
   2.7706448e+00
   9.6230518e+00
   1.6569738e+01
  -1.1260476e+01
   5.5860618e+00
   7.9179808e+00
  -8.1421039e-01
   1.0297741e+01
  -8.4813251e+00
  -8.7029827e+00
   8.3129582e+00
   5.6103844e+00
  -2.8222914e+00
   6.5241329e+00
  -3.0018581e-02
  -3.6295729e+00
   1.1254450e+01
   1.2549188e+01
  -1.9339862e+01
  -1.6316594e+01
   1.9221490e+01
   1.4867164e+01
  -7.0835223e+00
   1.1208980e+01
  -1.4344825e+00
  -1.7881783e+01
  -9.5428370e+00
   1.5554871e+01
  -7.6590247e+00
   1.2709390e+00
   1.0417448e+01
  -1.5737064e+00
  -8.6562444e+00
  -1.9136234e+01
  -1.4405399e+01
  -6.4097631e+00
   1.7606164e+01
   1.4157981e+01
   1.6341693e+00
  -6.6055287e+00
  -4.8135496e+00
   6.4190664e+00
  -4.0071429e+00
  -8.2045448e+00
   2.2183055e+00
   1.3824149e+01
   4.4035460e+00
  -8.3073559e+00
  -1.4839184e+01
  -1.9699544e+01
   1.8918805e+01
  -1.3777766e-01
  -5.7986402e-01
  -9.4989653e-01
   1.7850884e+01
  -1.9629745e+01
  -1.0806228e+01
  -1.4420031e+01
  -5.0861459e+00
  -1.0165434e+01
   7.7265548e+00
   1.1070899e+01
  -8.6092631e+00
   1.2748485e+01
   1.7483383e+01
  -1.8089945e+01
   1.8417935e+01
   1.7587321e+00
  -1.2980242e+01
   8.4864539e+00
  -4.1280232e+00
   2.3741247e+00
   1.3734967e+01
   5.8219418e-01
  -5.3746890e+00
   1.8247612e+01
   1.3878288e+01
   1.3802736e+01
  -8.7711852e-01
  -1.9068024e+01
   1.7768118e+01
   1.1068524e+01
  -1.6485973e+01
   1.4906407e+01
   1.2540412e+01
   6.7513224e+00
  -1.9890155e+01
  -8.5499194e-01
   6.7096855e+00
  -1.2242329e+01
   6.2707993e+00
  -3.1013987e+00
  -1.3807612e+01
  -1.0764568e+01
  -6.0474468e+00
  -1.0696457e+01
  -8.8306314e+00
   6.8372652e+00
  -1.6227270e+01
  -7.1984574e+00
   1.9324783e+01
   1.4724757e+01
   5.7158814e+00
   8.3857684e-01
   6.3323701e+00
   1.4132610e+01
   5.6270043e+00
  -1.1592505e+01
  -5.2010644e+00
   1.2663372e+01
   1.5928444e+01
   2.5673066e-01
  -1.3260010e+01
   5.4268623e+00
   1.0947613e+01
  -1.8253470e+01
   2.2504364e+00
   4.0868819e+00
  -6.2874973e+00
  -4.5837063e+00
   1.5683747e+01
   1.5440575e+01
  -1.6539816e+01
  -1.0917758e+01
  -7.1689583e+00
  -1.6145967e+01
   6.9350897e+00
  -1.3713027e+01
  -1.7412384e+01
   1.5851511e+01
  -1.5355205e+01
  -1.4772130e+01
   8.3794198e+00
  -1.3345065e+01
  -1.5442165e+01
  -1.7278809e+01
  -7.1819837e+00
  -9.4685571e+00
  -1.7384062e+01
  -1.8849172e+01
   1.4312218e+01
  -1.4403909e+01
   1.9623706e+01
  -8.1433888e+00
   1.7661551e+01
   2.2629699e+00
  -1.5076169e+01
   1.1871079e+01
  -1.1139984e+01
  -1.7562162e+01
   1.3630464e+00
   4.2771654e+00
   7.7614717e+00
   1.1395766e+01
  -1.1023969e+01
  -4.1453338e-01
  -1.7337267e+01
   4.0029474e+00
   2.3303370e+00
   9.3361722e+00
   1.0601173e+01
   2.7718805e+00
   3.0398145e+00
  -7.4000786e-01
  -1.1675730e+01
   3.2162698e+00
   1.9965775e+01
   1.0847817e+01
  -6.8393974e+00
  -6.1332723e+00
   6.3163941e+00
  -1.8890477e+01
   6.4818886e+00
  -2.9218837e+00
   1.0716010e+01
   3.2000881e+00
  -9.2856817e+00
  -1.0367952e+01
   1.3010448e+01
  -1.5399802e+01
   1.2237695e+01
  -2.6591228e+00
  -1.7714745e+01
   2.1344584e+00
   2.0190477e+00
  -1.0613849e+01
   1.1974529e+01
  -1.6613087e+01
  -1.2362372e+01
   2.4910350e+00
  -2.6312056e+00
   9.9155063e+00
  -1.9463079e+01
   1.5340626e-01
  -7.1977581e+00
   1.1703062e+01
   1.2198422e+00
   1.0319708e+01
  -6.6024616e+00
  -8.8958167e+00
   1.3355882e+01
   8.7021397e-01
  -1.5429393e+01
   1.1424630e+01
  -4.6318079e-01
  -1.6322071e+01
   5.1273821e+00
   1.6862308e+01
  -1.5929143e+01
  -9.3302738e-01
   8.1253921e+00
   1.3864279e+01
  -3.8483726e+00
   3.1448669e+00
  -6.6444163e+00
   1.9597997e+01
  -1.0278700e+01
   7.3532216e+00
  -1.0082129e+01
  -1.1198309e+01
  -6.6803535e+00
  -1.2454585e+01
   1.0959499e+01
  -6.1021725e+00
   5.5547522e-01
   7.2693345e+00
  -8.1841831e+00
   1.5686014e+01
   6.6870162e+00
   3.1462502e-01
   1.2882369e+01
  -2.9567678e-01
   9.1246038e+00
  -2.3389643e+00
  -1.9805064e+01
  -5.6829204e+00
  -1.4857492e+01
  -1.4467394e+01
   7.4969537e+00
   1.7982932e+01
   5.7541214e+00
   1.1450728e+01
  -9.3713684e+00
  -1.8024679e+01
   1.2893151e+01
  -3.5134538e+00
   1.7732363e+01
  -8.6992396e+00
  -1.9686094e+01
   1.5649413e+01
  -1.7239615e+01
   9.3382759e+00
  -1.8217447e+01
   6.8354186e+00
  -1.9129293e+01
   9.1158213e+00
  -1.5547039e+01
  -3.6568673e+00
  -1.0443091e+00
   9.1323761e+00
   7.0493848e+00
   8.8669825e+00
  -1.7252622e+01
   1.8105002e+01
   1.1294577e+01
  -1.5268899e+01
  -1.5680489e+01
   1.4796350e+01
   1.5121157e+00
  -8.9498400e+00
   1.0915828e+01
   2.8646328e+00
   6.6333593e+00
  -3.8500722e-01
   1.1514800e+01
   3.5092040e+00
   1.8195249e+01
  -9.1883769e+00
  -1.8110740e+00
   1.2469180e+01
   2.1949616e+00
  -8.7475151e+00
   4.6058721e+00
  -4.9565194e+00
  -1.4346546e+01
   1.0107515e+00
  -2.4199658e+00
  -2.1225557e+00
  -5.5041730e+00
  -6.6865664e+00
  -7.2471866e+00
  -4.6517847e+00
   1.5857619e+01
  -1.3205508e+01
   1.4569030e+01
   3.0704888e+00
   1.9542046e+00
   1.4626864e+01
  -1.7484814e+01
  -1.0829265e+01
  -1.7435812e+00
  -2.2760579e+00
   2.3817241e+00
   1.2612994e+00
  -1.4147288e+01
  -5.4189099e+00
  -3.3441724e+00
  -1.5264975e+01
   1.5237518e+01
   1.6854416e+01
   4.7705558e+00
  -1.0369136e+01
   1.9447355e+01
   1.3856899e+01
  -7.7204721e+00
  -1.9812245e+01
   6.5997407e+00
  -1.5300873e+00
   1.2364875e+01
   3.0907380e+00
   1.5968737e+01
   1.0497381e+01
  -1.6890591e+01
  -1.3159733e+01
  -1.4109696e+01
  -2.1315098e+00
   1.0844245e+01
  -1.4029419e+01
   5.5640313e-01
  -1.3775223e+01
  -8.3344674e+00
  -7.5642574e+00
   1.9791551e+01
   1.0168245e+01
  -1.0959549e+01
   4.9381556e+00
  -4.9120611e-01
   3.1596102e+00
   1.1041986e+01
   7.2394080e+00
   2.1411458e+00
   4.3681481e+00
  -1.4658473e+01
   4.6706207e+00
  -7.4995353e+00
   9.1423482e+00
   1.3680363e+01
  -1.9292067e+01
   1.5313744e+01
  -1.8012425e+01
   4.7662208e+00
  -2.6662578e+00
   1.9951009e+01
   8.9266843e+00
  -1.0856222e+01
  -6.6819749e+00
  -1.3970549e+01
  -1.0247980e+01
  -4.6790831e+00
  -9.2698860e+00
  -3.1145048e+00
   8.0497570e+00
   7.2533794e+00
  -5.6393470e+00
  -1.3081796e+01
  -1.9534585e+01
  -1.4074542e+01
   2.8512312e+00
  -5.3322033e+00
   1.2112112e+01
  -6.9087193e+00
  -4.8478015e+00
  -1.2321066e+01
   1.0463279e+01
  -1.3712839e+00
  -6.2345313e+00
   5.1492911e+00
  -8.8803628e-01
  -5.0635253e+00
  -2.5099635e+00
   1.9981971e+01
   2.4891211e+00
   2.6568114e+00
   1.2860404e+01
   1.2612738e+01
   1.7543731e+01
   1.2605522e+00
   4.3630676e+00
  -1.3423270e+01
   6.5491130e+00
  -1.0615425e+01
  -1.2220309e+01
   1.1773447e+01
  -1.8087549e+01
  -1.3552517e+01
   3.7768174e+00
  -1.9381326e+01
   1.3485285e+01
   4.6673607e+00
   1.8788775e+01
   7.7571850e+00
   1.8560967e+01
  -2.9076984e+00
   1.7395877e+01
   1.6935142e+01
   1.9010749e+01
   1.2064400e+01
  -1.2705778e+01
   1.8578356e+01
  -9.1987330e+00
   8.4007570e-02
   1.5851969e+01
  -7.8653570e+00
  -7.3198125e+00
   1.1446651e+01
   1.4168938e+01
  -1.0879976e+01
   8.0432924e-01
  -4.5898951e+00
   1.3690514e+01
   5.9718444e+00
  -1.7103588e+01
  -1.6676344e+01
   1.5283931e+01
   1.6326163e+01
  -1.6986479e+01
  -4.1428068e+00
   1.9167478e+01
   3.8274697e-02
  -3.4325271e+00
   1.8469410e+01
  -1.3712753e+00
   1.4300732e+01
  -5.9433977e+00
  -1.5912532e+01
  -9.4094837e+00
  -1.7526793e+01
  -5.3334875e+00
  -1.5326774e+01
   1.9732908e+01
   6.6558240e+00
  -5.6598688e+00
   1.8515207e+01
   1.8931842e+00
  -6.9882664e+00
   1.0218511e+01
   1.1385238e+01
   1.1303451e+01
  -8.0645640e+00
   4.5898683e+00
  -1.9498520e+01
  -1.6828453e+01
   2.0189477e+00
   9.6137950e-01
  -1.2527859e+01
   4.4744447e+00
   9.1199264e+00
   3.8006993e+00
   1.4828527e+00
  -1.5331836e+00
  -7.0390342e+00
   3.9504056e+00
  -6.4981287e+00
  -1.3793873e+01
  -3.7649097e+00
   1.3536530e+01
  -6.6136720e+00
   1.6077963e+01
   6.6881525e+00
  -1.4932721e+01
  -1.9681218e+00
   5.2326983e+00
   1.7779774e+01
   9.4889195e+00
  -4.0138103e+00
   9.1441393e+00
  -5.2649647e+00
   2.7975644e-01
   7.4268830e+00
   6.4639747e+00
   4.0802636e+00
   1.5471091e+01
   6.3001988e+00
   6.4702011e+00
  -1.1316460e+01
   9.8574921e+00
  -6.2313675e+00
  -3.7567033e+00
  -1.9016130e+01
   1.2134867e+01
  -6.3869912e+00
  -1.5224566e+01
  -6.2206079e+00
   1.0670912e+01
  -1.0864249e+01
  -1.0509865e+01
  -1.4838222e+01
  -1.9583181e+01
  -1.1998130e+01
   8.6076297e+00
  -1.9607244e+00
  -1.6413797e+01
   1.2567467e+01
  -1.3670918e+01
  -1.5632958e+01
  -5.0218511e+00
  -3.8728454e+00
   3.1265994e+00
   9.8227613e+00
   4.4261415e+00
  -2.5576489e+00
   8.3715206e+00
   7.3952531e+00
   7.9055866e-01
   8.0302987e+00
   8.7054060e+00
  -1.2604939e+01
  -3.3224866e-01
   1.1178803e+01
  -1.8269062e+01
  -7.3458033e+00
   9.0277128e+00
  -7.5781020e+00
  -1.1930681e+01
  -9.8926500e+00
  -3.2062354e+00
  -3.0511516e+00
   2.6771516e+00
  -6.1456390e+00
   1.0797579e+01
   1.6051622e+01
  -1.2273687e+01
   1.1751058e+01
   1.6467266e-01
   1.4038029e+01
   1.5271471e+01
  -1.1290282e+01
  -1.3471059e+01
  -2.6665667e+00
  -1.0917710e+01
  -1.9174826e+01
   1.7440026e+01
  -9.2883578e+00
   7.6053683e+00
  -2.8366810e+00
  -1.5410130e+01
  -3.2113264e+00
   3.0285170e+00
  -1.8454256e+01
  -1.5470550e+01
   1.8322805e+01
  -1.2811901e+01
  -9.0497599e+00
  -9.1439929e+00
   7.1341178e+00
   9.6003515e+00
  -8.5071446e+00
   1.5201109e+01
   1.5423854e+01
   7.7257694e+00
  -1.9846515e+01
  -1.6908547e+01
  -1.0165504e+01
  -2.1039947e+00
   1.3345055e+01
   1.3987047e+01
  -7.2513546e+00
   1.4199817e+01
   6.4480442e+00
  -4.6798077e+00
  -5.2911896e+00
  -2.5092747e+00
   4.1854536e+00
   2.0101052e-01
   1.0627732e+01
  -1.5961298e+01
  -1.4293137e+01
   5.3142440e+00
  -1.3514688e+00
  -1.0285265e+01
   1.2753626e+01
   1.6731789e+01
   1.5485288e+01
   1.8478353e+01
  -1.7729179e+01
   4.3538640e+00
   6.1530107e-01
   1.5031511e+01
   1.5707376e+01
  -2.0391133e+00
   1.7513687e+01
   7.0780230e+00
  -1.1246954e+01
   1.9168329e+01
   1.3865852e+01
   1.3551495e+01
   1.8294106e-01
   7.0551381e+00
  -1.8817089e+01
  -1.8622526e+01
  -5.2695430e+00
  -9.5926960e+00
  -1.2576303e+01
   1.2409338e+01
   1.4371907e+01
   1.3912340e+01
   8.0449617e+00
  -3.0525675e+00
  -4.6675065e+00
   1.7294200e+01
   1.2911215e+01
  -1.1315946e+01
  -1.9878016e+01
   1.1262186e+01
   9.9480723e+00
   3.2896147e+00
  -1.2758733e+01
  -3.1832560e+00
   8.3651276e+00
  -6.8730175e+00
  -4.9204847e+00
  -1.2580633e+01
   2.4823339e+00
   4.8739572e+00
  -4.4793124e-01
  -5.1560898e+00
   1.3014167e+01
  -6.9238914e+00
   1.2660016e+01
   1.6436866e+01
   7.9196446e+00
  -2.7365828e+00
   1.5665149e+00
  -1.4643513e+01
   7.4999561e+00
  -1.0599635e+01
  -1.1847141e+01
   4.7552225e+00
   4.6326032e+00
   3.7672314e+00
  -5.1823503e+00
  -1.9161416e+01
   7.0306315e+00
   2.8711890e+00
   1.5419577e+01
   1.9355125e+01
   3.8157649e+00
   2.4598827e+00
  -3.8831301e+00
  -9.0262748e-01
  -9.5359834e+00
  -1.9946949e+01
  -9.2286303e-01
   1.2001374e+01
   8.0834438e+00
  -9.7819006e+00
  -9.4235994e+00
  -6.5223216e-01
   6.3009457e+00
  -1.5067883e+00
   1.0079584e+01
   2.9167354e+00
   1.9462293e+01
   2.6851988e+00
   1.2933120e+01
   4.0969618e+00
  -9.1175384e+00
  -1.1464103e+01
  -1.9989728e+01
  -1.0733708e+01
   1.7356341e+01
   4.9348572e+00
   1.7533418e+01
  -1.4500576e+01
   1.0556012e+01
   4.2741788e+00
  -8.6166662e-01
   1.7705286e+01
  -7.1050030e+00
  -1.8972299e+01
  -7.7192416e+00
  -1.3160255e+01
   1.8947101e+01
  -1.9770473e+01
  -8.4805532e+00
   8.8149722e-01
   1.5059783e+00
   2.7939689e+00
   1.0729296e+01
   1.5369114e+01
   1.8525097e+01
   1.4531829e+01
  -1.4849919e+01
   1.2629510e+01
  -1.1753185e+01
   2.6927377e+00
   3.5520087e-01
  -7.1909428e+00
  -6.9906887e-01
   1.0624231e+01
   1.3437654e+01
  -8.9134240e+00
   7.9021813e-01
   1.9899152e+01
  -1.9632781e+01
  -6.3270891e-01
  -1.4057467e+01
  -1.9563551e+01
  -2.5183036e+00
  -6.3958209e+00
   4.5511656e-01
  -7.7126094e-02
   1.8065139e+01
   5.9166113e+00
   1.1118313e+00
  -1.8538796e+01
  -1.2239764e+01
  -1.8099697e+01
  -1.3705586e+01
   1.3077190e+01
  -1.9762451e+00
   1.7241104e+01
   4.7960397e+00
  -1.2705883e+01
  -1.2133898e+01
  -1.5991510e-01
   1.5657631e+01
  -1.0879046e+01
  -3.7937687e+00
   1.1421396e+01
  -3.5810175e+00
   8.7790368e+00
  -5.6973049e+00
   9.0115431e+00
   8.2097667e+00
  -1.6719147e+01
   1.1202496e+01
   1.8310626e+01
  -1.0097778e+01
  -4.0953478e+00
   1.5407872e+01
  -5.4944397e+00
  -1.7589404e+01
  -1.1493532e+01
   1.7218964e+00
   1.3347928e+01
   7.4203629e-02
   9.9722664e+00
   1.1863477e+01
   1.4311609e+01
  -1.8590047e+01
  -1.2478703e+01
  -1.9337377e+01
   7.1803302e+00
  -1.9091511e+01
  -3.0216344e+00
  -1.6035060e+01
  -1.3898650e+01
   4.7674703e+00
   1.0447209e+01
   1.6891887e+01
  -3.3695661e+00
  -1.5738123e+01
   4.1324138e+00
   1.1814812e+01
   1.6419900e+01
   3.7469019e+00
  -1.0387646e+01
  -1.1928239e+01
  -1.8527915e+01
   1.2168548e+00
  -2.9880073e+00
  -8.8790027e+00
  -4.0434089e+00
  -1.0234000e+00
   1.4167789e+01
  -1.6926591e+01
  -1.2801041e+01
  -1.2184272e+01
   1.9771965e+01
  -9.4913784e+00
  -1.0339599e+01
  -1.8543295e+01
   9.0641777e+00
  -3.4069926e+00
   3.2154993e+00
   1.4798298e+01
  -3.2538717e+00
   3.1435596e+00
  -1.0138256e+01
   6.4754515e+00
   1.6801227e+01
  -3.2772088e+00
   5.2559647e-01
   2.0453740e+00
  -5.7586940e+00
   1.3101963e+01
  -8.2327749e+00
   1.8025093e+01
   1.8933622e+01
   2.3816603e-01
  -1.3051722e+01
   1.2335752e+01
   1.4473453e+01
  -1.8522249e+01
  -1.4341729e+01
   1.9066768e+01
   1.5917494e+01
  -8.5822108e+00
   1.1956227e+01
   1.5496239e+01
   1.5463788e+01
  -1.3178713e+01
   1.9442949e+01
  -6.9920012e+00
  -5.0963283e+00
  -1.4992127e+01
  -1.0502807e+01
  -1.3826009e+01
   1.7607089e+01
   7.1726635e+00
  -1.1933366e+01
   2.8147591e+00
  -4.5947967e+00
  -1.8989863e+01
   2.6194750e+00
  -1.9094156e+01
   1.7746637e+01
   5.5453547e-01
   7.0440361e+00
   1.9713066e+01
   1.7446519e+01
  -1.0781296e+01
   1.7667046e+01
  -7.7794411e+00
   1.6632084e+01
  -2.1510274e-01
  -8.2073675e+00
   1.1777363e+01
  -8.5250365e+00
   1.7601996e+01
  -1.6814740e+01
   1.8045205e+01
   3.3236361e+00
   1.9460481e+01
   1.1628286e+01
  -6.7523669e+00
  -7.1061211e+00
  -5.2968692e+00
   4.8131939e+00
   1.1671462e+01
  -1.6071179e+01
   1.3813014e+01
   1.7252868e+01
  -5.5928091e-01
   9.8865691e+00
   1.6149444e+01
   8.8499151e+00
  -4.5194266e+00
   2.1482112e+00
  -1.7738467e+01
  -1.7651197e+01
   1.1481854e+01
  -1.5075838e+01
  -5.9090470e+00
   1.3664712e+01
   2.4909960e+00
  -2.1700508e+00
  -1.2403225e+01
   1.4028467e+00
  -5.0903854e+00
   1.4399236e+01
  -1.7141078e+01
   9.8686150e+00
   3.3167464e+00
   1.5561743e+01
   4.5974611e+00
   1.8368148e+00
   3.1510751e+00
   1.6973680e+01
  -1.4981758e+01
   3.2823665e+00
   2.4721238e+00
  -1.6889806e+01
   1.2795205e-01
   1.9147989e+01
   1.9947446e+01
  -8.0056640e+00
   8.4785147e+00
   1.9211799e+01
  -4.3211062e+00
  -1.7099316e+01
  -5.1891523e+00
  -1.2584638e+00
  -1.9996666e+01
  -5.5397024e-01
   4.4122480e+00
  -1.0724320e+01
  -1.2378021e+01
   7.8692765e+00
  -1.0483907e+01
   2.5826029e+00
   1.4740845e+01
  -6.7995558e+00
  -6.6155784e+00
   9.5977337e+00
  -1.2651512e+01
   1.4203345e+01
  -1.1156560e+01
  -1.2666757e+01
  -6.3295550e+00
  -3.5014080e+00
   1.1392146e+01
  -3.1769717e+00
  -1.5851612e+01
  -1.9871636e+01
  -9.4160133e+00
  -6.6812894e+00
  -1.9610895e+01
  -2.0754252e+00
   8.9219578e+00
  -1.8747094e+01
   5.3577953e+00
  -1.2483078e+01
  -1.7178561e+01
  -6.2714969e+00
   1.3788696e+00
   5.7848203e+00
  -1.0465850e+01
  -1.8423795e+01
  -4.3453175e+00
   6.7440943e+00
  -4.4096163e+00
   3.6206349e+00
   5.3741523e+00
   5.3693669e-01
   1.1165428e+01
   1.9903948e+01
   1.7899490e+01
   1.4486468e+01
   8.3074597e+00
  -7.9563856e-01
  -1.2771820e+01
  -2.1702734e+00
   1.2657560e+01
  -1.2448523e+01
   4.3916197e-01
   1.7926260e+01
   2.8707100e+00
  -8.1327721e+00
  -7.5406251e-01
  -1.3551262e+01
  -2.1590913e+00
  -1.5317548e+01
  -1.9833537e+01
  -1.2131811e+01
   6.5247389e+00
   1.6882214e+01
  -3.1906698e+00
  -2.1222827e+00
  -1.8125426e+00
   8.1443672e+00
   4.5716661e+00
   9.4267790e-02
   9.3253320e+00
  -7.6131883e+00
  -1.6829138e+00
   6.4903410e+00
  -1.2586767e-01
  -5.1182470e+00
  -3.9882943e-01
  -2.5730364e+00
  -4.8287230e+00
  -1.5022473e+01
  -9.2570017e+00
  -6.1222862e+00
  -1.5332397e+01
  -1.7270025e+01
   1.9431367e+01
   7.1710788e+00
  -9.9928730e+00
  -8.3513075e-01
   2.9692976e+00
  -8.5771499e+00
  -1.9955660e+01
  -9.7779442e+00
   6.1767439e+00
   5.7148458e+00
   3.3654152e-01
  -1.1726066e+01
  -1.7228510e+01
   7.6903130e+00
  -9.5823739e+00
  -1.1690446e+01
  -1.3112138e+01
   1.5033952e+01
  -1.6078354e+00
  -2.1278732e+00
  -6.2065430e+00
  -1.9157256e+01
   2.7706448e+00
   9.6230518e+00
   1.6569738e+01
  -1.1260476e+01
   5.5860618e+00
   7.9179808e+00
  -8.1421039e-01
   1.0297741e+01
  -8.4813251e+00
  -8.7029827e+00
   8.3129582e+00
   5.6103844e+00
  -2.8222914e+00
   6.5241329e+00
  -3.0018581e-02
  -3.6295729e+00
   1.1254450e+01
   1.2549188e+01
  -1.9339862e+01
  -1.6316594e+01
   1.9221490e+01
   1.4867164e+01
  -7.0835223e+00
   1.1208980e+01
  -1.4344825e+00
  -1.7881783e+01
  -9.5428370e+00
   1.5554871e+01
  -7.6590247e+00
   1.2709390e+00
   1.0417448e+01
  -1.5737064e+00
  -8.6562444e+00
  -1.9136234e+01
  -1.4405399e+01
  -6.4097631e+00
   1.7606164e+01
   1.4157981e+01
   1.6341693e+00
  -6.6055287e+00
  -4.8135496e+00
   6.4190664e+00
  -4.0071429e+00
  -8.2045448e+00
   2.2183055e+00
   1.3824149e+01
   4.4035460e+00
  -8.3073559e+00
  -1.4839184e+01
  -1.9699544e+01
   1.8918805e+01
  -1.3777766e-01
  -5.7986402e-01
  -9.4989653e-01
   1.7850884e+01
  -1.9629745e+01
  -1.0806228e+01
  -1.4420031e+01
  -5.0861459e+00
  -1.0165434e+01
   7.7265548e+00
   1.1070899e+01
  -8.6092631e+00
   1.2748485e+01
   1.7483383e+01
  -1.8089945e+01
   1.8417935e+01
   1.7587321e+00
  -1.2980242e+01
   8.4864539e+00
  -4.1280232e+00
   2.3741247e+00
   1.3734967e+01
   5.8219418e-01
  -5.3746890e+00
   1.8247612e+01
   1.3878288e+01
   1.3802736e+01
  -8.7711852e-01
  -1.9068024e+01
   1.7768118e+01
   1.1068524e+01
  -1.6485973e+01
   1.4906407e+01
   1.2540412e+01
   6.7513224e+00
  -1.9890155e+01
  -8.5499194e-01
   6.7096855e+00
  -1.2242329e+01
   6.2707993e+00
  -3.1013987e+00
  -1.3807612e+01
  -1.0764568e+01
  -6.0474468e+00
  -1.0696457e+01
  -8.8306314e+00
   6.8372652e+00
  -1.6227270e+01
  -7.1984574e+00
   1.9324783e+01
   1.4724757e+01
   5.7158814e+00
   8.3857684e-01
   6.3323701e+00
   1.4132610e+01
   5.6270043e+00
  -1.1592505e+01
  -5.2010644e+00
   1.2663372e+01
   1.5928444e+01
   2.5673066e-01
  -1.3260010e+01
   5.4268623e+00
   1.0947613e+01
  -1.8253470e+01
   2.2504364e+00
   4.0868819e+00
  -6.2874973e+00
  -4.5837063e+00
   1.5683747e+01
   1.5440575e+01
  -1.6539816e+01
  -1.0917758e+01
  -7.1689583e+00
  -1.6145967e+01
   6.9350897e+00
  -1.3713027e+01
  -1.7412384e+01
   1.5851511e+01
  -1.5355205e+01
  -1.4772130e+01
   8.3794198e+00
  -1.3345065e+01
  -1.5442165e+01
  -1.7278809e+01
  -7.1819837e+00
  -9.4685571e+00
  -1.7384062e+01
  -1.8849172e+01
   1.4312218e+01
  -1.4403909e+01
   1.9623706e+01
  -8.1433888e+00
   1.7661551e+01
   2.2629699e+00
  -1.5076169e+01
   1.1871079e+01
  -1.1139984e+01
  -1.7562162e+01
   1.3630464e+00
   4.2771654e+00
   7.7614717e+00
   1.1395766e+01
  -1.1023969e+01
  -4.1453338e-01
  -1.7337267e+01
   4.0029474e+00
   2.3303370e+00
   9.3361722e+00
   1.0601173e+01
   2.7718805e+00
   3.0398145e+00
  -7.4000786e-01
  -1.1675730e+01
   3.2162698e+00
   1.9965775e+01
   1.0847817e+01
  -6.8393974e+00
  -6.1332723e+00
   6.3163941e+00
  -1.8890477e+01
   6.4818886e+00
  -2.9218837e+00
   1.0716010e+01
   3.2000881e+00
  -9.2856817e+00
  -1.0367952e+01
   1.3010448e+01
  -1.5399802e+01
   1.2237695e+01
  -2.6591228e+00
  -1.7714745e+01
   2.1344584e+00
   2.0190477e+00
  -1.0613849e+01
   1.1974529e+01
  -1.6613087e+01
  -1.2362372e+01
   2.4910350e+00
  -2.6312056e+00
   9.9155063e+00
  -1.9463079e+01
   1.5340626e-01
  -7.1977581e+00
   1.1703062e+01
   1.2198422e+00
   1.0319708e+01
  -6.6024616e+00
  -8.8958167e+00
   1.3355882e+01
   8.7021397e-01
  -1.5429393e+01
   1.1424630e+01
  -4.6318079e-01
  -1.6322071e+01
   5.1273821e+00
   1.6862308e+01
  -1.5929143e+01
  -9.3302738e-01
   8.1253921e+00
   1.3864279e+01
  -3.8483726e+00
   3.1448669e+00
  -6.6444163e+00
   1.9597997e+01
  -1.0278700e+01
   7.3532216e+00
  -1.0082129e+01
  -1.1198309e+01
  -6.6803535e+00
  -1.2454585e+01
   1.0959499e+01
  -6.1021725e+00
   5.5547522e-01
   7.2693345e+00
  -8.1841831e+00
   1.5686014e+01
   6.6870162e+00
   3.1462502e-01
   1.2882369e+01
  -2.9567678e-01
   9.1246038e+00
  -2.3389643e+00
  -1.9805064e+01
  -5.6829204e+00
  -1.4857492e+01
  -1.4467394e+01
   7.4969537e+00
   1.7982932e+01
   5.7541214e+00
   1.1450728e+01
  -9.3713684e+00
  -1.8024679e+01
   1.2893151e+01
  -3.5134538e+00
   1.7732363e+01
  -8.6992396e+00
  -1.9686094e+01
   1.5649413e+01
  -1.7239615e+01
   9.3382759e+00
  -1.8217447e+01
   6.8354186e+00
  -1.9129293e+01
   9.1158213e+00
  -1.5547039e+01
  -3.6568673e+00
  -1.0443091e+00
   9.1323761e+00
   7.0493848e+00
   8.8669825e+00
  -1.7252622e+01
   1.8105002e+01
   1.1294577e+01
  -1.5268899e+01
  -1.5680489e+01
   1.4796350e+01
   1.5121157e+00
  -8.9498400e+00
   1.0915828e+01
   2.8646328e+00
   6.6333593e+00
  -3.8500722e-01
   1.1514800e+01
   3.5092040e+00
   1.8195249e+01
  -9.1883769e+00
  -1.8110740e+00
   1.2469180e+01
   2.1949616e+00
  -8.7475151e+00
   4.6058721e+00
  -4.9565194e+00
  -1.4346546e+01
   1.0107515e+00
  -2.4199658e+00
  -2.1225557e+00
  -5.5041730e+00
  -6.6865664e+00
  -7.2471866e+00
  -4.6517847e+00
   1.5857619e+01
  -1.3205508e+01
   1.4569030e+01
   3.0704888e+00
   1.9542046e+00
   1.4626864e+01
  -1.7484814e+01
  -1.0829265e+01
  -1.7435812e+00
  -2.2760579e+00
   2.3817241e+00
   1.2612994e+00
  -1.4147288e+01
  -5.4189099e+00
  -3.3441724e+00
  -1.5264975e+01
   1.5237518e+01
   1.6854416e+01
   4.7705558e+00
  -1.0369136e+01
   1.9447355e+01
   1.3856899e+01
  -7.7204721e+00
  -1.9812245e+01
   6.5997407e+00
  -1.5300873e+00
   1.2364875e+01
   3.0907380e+00
   1.5968737e+01
   1.0497381e+01
  -1.6890591e+01
  -1.3159733e+01
  -1.4109696e+01
  -2.1315098e+00
   1.0844245e+01
  -1.4029419e+01
   5.5640313e-01
  -1.3775223e+01
  -8.3344674e+00
  -7.5642574e+00
   1.9791551e+01
   1.0168245e+01
  -1.0959549e+01
   4.9381556e+00
  -4.9120611e-01
   3.1596102e+00
   1.1041986e+01
   7.2394080e+00
   2.1411458e+00
   4.3681481e+00
  -1.4658473e+01
   4.6706207e+00
  -7.4995353e+00
   9.1423482e+00
   1.3680363e+01
  -1.9292067e+01
   1.5313744e+01
  -1.8012425e+01
   4.7662208e+00
  -2.6662578e+00
   1.9951009e+01
   8.9266843e+00
  -1.0856222e+01
  -6.6819749e+00
  -1.3970549e+01
  -1.0247980e+01
  -4.6790831e+00
  -9.2698860e+00
  -3.1145048e+00
   8.0497570e+00
   7.2533794e+00
  -5.6393470e+00
  -1.3081796e+01
  -1.9534585e+01
  -1.4074542e+01
   2.8512312e+00
  -5.3322033e+00
   1.2112112e+01
  -6.9087193e+00
  -4.8478015e+00
  -1.2321066e+01
   1.0463279e+01
  -1.3712839e+00
  -6.2345313e+00
   5.1492911e+00
  -8.8803628e-01
  -5.0635253e+00
  -2.5099635e+00
   1.9981971e+01
   2.4891211e+00
   2.6568114e+00
   1.2860404e+01
   1.2612738e+01
   1.7543731e+01
   1.2605522e+00
   4.3630676e+00
  -1.3423270e+01
   6.5491130e+00
  -1.0615425e+01
  -1.2220309e+01
   1.1773447e+01
  -1.8087549e+01
  -1.3552517e+01
   3.7768174e+00
  -1.9381326e+01
   1.3485285e+01
   4.6673607e+00
   1.8788775e+01
   7.7571850e+00
   1.8560967e+01
  -2.9076984e+00
   1.7395877e+01
   1.6935142e+01
   1.9010749e+01
   1.2064400e+01
  -1.2705778e+01
   1.8578356e+01
  -9.1987330e+00
   8.4007570e-02
   1.5851969e+01
  -7.8653570e+00
  -7.3198125e+00
   1.1446651e+01
   1.4168938e+01
  -1.0879976e+01
   8.0432924e-01
  -4.5898951e+00
   1.3690514e+01
   5.9718444e+00
  -1.7103588e+01
  -1.6676344e+01
   1.5283931e+01
   1.6326163e+01
  -1.6986479e+01
  -4.1428068e+00
   1.9167478e+01
   3.8274697e-02
  -3.4325271e+00
   1.8469410e+01
  -1.3712753e+00
   1.4300732e+01
  -5.9433977e+00
  -1.5912532e+01
  -9.4094837e+00
  -1.7526793e+01
  -5.3334875e+00
  -1.5326774e+01
   1.9732908e+01
   6.6558240e+00
  -5.6598688e+00
   1.8515207e+01
   1.8931842e+00
  -6.9882664e+00
   1.0218511e+01
   1.1385238e+01
   1.1303451e+01
  -8.0645640e+00
   4.5898683e+00
  -1.9498520e+01
  -1.6828453e+01
   2.0189477e+00
   9.6137950e-01
  -1.2527859e+01
   4.4744447e+00
   9.1199264e+00
   3.8006993e+00
   1.4828527e+00
  -1.5331836e+00
  -7.0390342e+00
   3.9504056e+00
  -6.4981287e+00
  -1.3793873e+01
  -3.7649097e+00
   1.3536530e+01
  -6.6136720e+00
   1.6077963e+01
   6.6881525e+00
  -1.4932721e+01
  -1.9681218e+00
   5.2326983e+00
   1.7779774e+01
   9.4889195e+00
  -4.0138103e+00
   9.1441393e+00
  -5.2649647e+00
   2.7975644e-01
   7.4268830e+00
   6.4639747e+00
   4.0802636e+00
   1.5471091e+01
   6.3001988e+00
   6.4702011e+00
  -1.1316460e+01
   9.8574921e+00
  -6.2313675e+00
  -3.7567033e+00
  -1.9016130e+01
   1.2134867e+01
  -6.3869912e+00
  -1.5224566e+01
  -6.2206079e+00
   1.0670912e+01
  -1.0864249e+01
  -1.0509865e+01
  -1.4838222e+01
  -1.9583181e+01
  -1.1998130e+01
   8.6076297e+00
  -1.9607244e+00
  -1.6413797e+01
   1.2567467e+01
  -1.3670918e+01
  -1.5632958e+01
  -5.0218511e+00
  -3.8728454e+00
   3.1265994e+00
   9.8227613e+00
   4.4261415e+00
  -2.5576489e+00
   8.3715206e+00
   7.3952531e+00
   7.9055866e-01
   8.0302987e+00
   8.7054060e+00
  -1.2604939e+01
  -3.3224866e-01
   1.1178803e+01
  -1.8269062e+01
  -7.3458033e+00
   9.0277128e+00
  -7.5781020e+00
  -1.1930681e+01
  -9.8926500e+00
  -3.2062354e+00
  -3.0511516e+00
   2.6771516e+00
  -6.1456390e+00
   1.0797579e+01
   1.6051622e+01
  -1.2273687e+01
   1.1751058e+01
   1.6467266e-01
   1.4038029e+01
   1.5271471e+01
  -1.1290282e+01
  -1.3471059e+01
  -2.6665667e+00
  -1.0917710e+01
  -1.9174826e+01
   1.7440026e+01
  -9.2883578e+00
   7.6053683e+00
  -2.8366810e+00
  -1.5410130e+01
  -3.2113264e+00
   3.0285170e+00
  -1.8454256e+01
  -1.5470550e+01
   1.8322805e+01
  -1.2811901e+01
  -9.0497599e+00
  -9.1439929e+00
   7.1341178e+00
   9.6003515e+00
  -8.5071446e+00
   1.5201109e+01
   1.5423854e+01
   7.7257694e+00
  -1.9846515e+01
  -1.6908547e+01
  -1.0165504e+01
  -2.1039947e+00
   1.3345055e+01
   1.3987047e+01
  -7.2513546e+00
   1.4199817e+01
   6.4480442e+00
  -4.6798077e+00
  -5.2911896e+00
  -2.5092747e+00
   4.1854536e+00
   2.0101052e-01
   1.0627732e+01
  -1.5961298e+01
  -1.4293137e+01
   5.3142440e+00
  -1.3514688e+00
  -1.0285265e+01
   1.2753626e+01
   1.6731789e+01
   1.5485288e+01
   1.8478353e+01
  -1.7729179e+01
   4.3538640e+00
   6.1530107e-01
   1.5031511e+01
   1.5707376e+01
  -2.0391133e+00
   1.7513687e+01
   7.0780230e+00
  -1.1246954e+01
   1.9168329e+01
   1.3865852e+01
   1.3551495e+01
   1.8294106e-01
   7.0551381e+00
  -1.8817089e+01
  -1.8622526e+01
  -5.2695430e+00
  -9.5926960e+00
  -1.2576303e+01
   1.2409338e+01
   1.4371907e+01
   1.3912340e+01
   8.0449617e+00
  -3.0525675e+00
  -4.6675065e+00
   1.7294200e+01
   1.2911215e+01
  -1.1315946e+01
  -1.9878016e+01
   1.1262186e+01
   9.9480723e+00
   3.2896147e+00
  -1.2758733e+01
  -3.1832560e+00
   8.3651276e+00
  -6.8730175e+00
  -4.9204847e+00
  -1.2580633e+01
   2.4823339e+00
   4.8739572e+00
  -4.4793124e-01
  -5.1560898e+00
   1.3014167e+01
  -6.9238914e+00
   1.2660016e+01
   1.6436866e+01
   7.9196446e+00
  -2.7365828e+00
   1.5665149e+00
  -1.4643513e+01
   7.4999561e+00
  -1.0599635e+01
  -1.1847141e+01
   4.7552225e+00
   4.6326032e+00
   3.7672314e+00
  -5.1823503e+00
  -1.9161416e+01
   7.0306315e+00
   2.8711890e+00
   1.5419577e+01
   1.9355125e+01
   3.8157649e+00
   2.4598827e+00
  -3.8831301e+00
  -9.0262748e-01
  -9.5359834e+00
  -1.9946949e+01
  -9.2286303e-01
   1.2001374e+01
   8.0834438e+00
  -9.7819006e+00
  -9.4235994e+00
  -6.5223216e-01
   6.3009457e+00
  -1.5067883e+00
   1.0079584e+01
   2.9167354e+00
   1.9462293e+01
   2.6851988e+00
   1.2933120e+01
   4.0969618e+00
  -9.1175384e+00
  -1.1464103e+01
  -1.9989728e+01
  -1.0733708e+01
   1.7356341e+01
   4.9348572e+00
   1.7533418e+01
  -1.4500576e+01
   1.0556012e+01
   4.2741788e+00
  -8.6166662e-01
   1.7705286e+01
  -7.1050030e+00
  -1.8972299e+01
  -7.7192416e+00
  -1.3160255e+01
   1.8947101e+01
  -1.9770473e+01
  -8.4805532e+00
   8.8149722e-01
   1.5059783e+00
   2.7939689e+00
   1.0729296e+01
   1.5369114e+01
   1.8525097e+01
   1.4531829e+01
  -1.4849919e+01
   1.2629510e+01
  -1.1753185e+01
   2.6927377e+00
   3.5520087e-01
  -7.1909428e+00
  -6.9906887e-01
   1.0624231e+01
   1.3437654e+01
  -8.9134240e+00
   7.9021813e-01
   1.9899152e+01
  -1.9632781e+01
  -6.3270891e-01
  -1.4057467e+01
  -1.9563551e+01
  -2.5183036e+00
  -6.3958209e+00
   4.5511656e-01
  -7.7126094e-02
   1.8065139e+01
   5.9166113e+00
   1.1118313e+00
  -1.8538796e+01
  -1.2239764e+01
  -1.8099697e+01
  -1.3705586e+01
   1.3077190e+01
  -1.9762451e+00
   1.7241104e+01
   4.7960397e+00
  -1.2705883e+01
  -1.2133898e+01
  -1.5991510e-01
   1.5657631e+01
  -1.0879046e+01
  -3.7937687e+00
   1.1421396e+01
  -3.5810175e+00
   8.7790368e+00
  -5.6973049e+00
   9.0115431e+00
   8.2097667e+00
  -1.6719147e+01
   1.1202496e+01
   1.8310626e+01
  -1.0097778e+01
  -4.0953478e+00
   1.5407872e+01
  -5.4944397e+00
  -1.7589404e+01
  -1.1493532e+01
   1.7218964e+00
   1.3347928e+01
   7.4203629e-02
   9.9722664e+00
   1.1863477e+01
   1.4311609e+01
  -1.8590047e+01
  -1.2478703e+01
  -1.9337377e+01
   7.1803302e+00
  -1.9091511e+01
  -3.0216344e+00
  -1.6035060e+01
  -1.3898650e+01
   4.7674703e+00
   1.0447209e+01
   1.6891887e+01
  -3.3695661e+00
  -1.5738123e+01
   4.1324138e+00
   1.1814812e+01
   1.6419900e+01
   3.7469019e+00
  -1.0387646e+01
  -1.1928239e+01
  -1.8527915e+01
   1.2168548e+00
  -2.9880073e+00
  -8.8790027e+00
  -4.0434089e+00
  -1.0234000e+00
   1.4167789e+01
  -1.6926591e+01
  -1.2801041e+01
  -1.2184272e+01
   1.9771965e+01
  -9.4913784e+00
  -1.0339599e+01
  -1.8543295e+01
   9.0641777e+00
  -3.4069926e+00
   3.2154993e+00
   1.4798298e+01
  -3.2538717e+00
   3.1435596e+00
  -1.0138256e+01
   6.4754515e+00
   1.6801227e+01
  -3.2772088e+00
   5.2559647e-01
   2.0453740e+00
  -5.7586940e+00
   1.3101963e+01
  -8.2327749e+00
   1.8025093e+01
   1.8933622e+01
   2.3816603e-01
  -1.3051722e+01
   1.2335752e+01
   1.4473453e+01
  -1.8522249e+01
  -1.4341729e+01
   1.9066768e+01
   1.5917494e+01
  -8.5822108e+00
   1.1956227e+01
   1.5496239e+01
   1.5463788e+01
  -1.3178713e+01
   1.9442949e+01
  -6.9920012e+00
  -5.0963283e+00
  -1.4992127e+01
  -1.0502807e+01
  -1.3826009e+01
   1.7607089e+01
   7.1726635e+00
  -1.1933366e+01
   2.8147591e+00
  -4.5947967e+00
  -1.8989863e+01
   2.6194750e+00
  -1.9094156e+01
   1.7746637e+01
   5.5453547e-01
   7.0440361e+00
   1.9713066e+01
   1.7446519e+01
  -1.0781296e+01
   1.7667046e+01
  -7.7794411e+00
   1.6632084e+01
  -2.1510274e-01
  -8.2073675e+00
   1.1777363e+01
  -8.5250365e+00
   1.7601996e+01
  -1.6814740e+01
   1.8045205e+01
   3.3236361e+00
   1.9460481e+01
   1.1628286e+01
  -6.7523669e+00
  -7.1061211e+00
  -5.2968692e+00
   4.8131939e+00
   1.1671462e+01
  -1.6071179e+01
   1.3813014e+01
   1.7252868e+01
  -5.5928091e-01
   9.8865691e+00
   1.6149444e+01
   8.8499151e+00
  -4.5194266e+00
   2.1482112e+00
  -1.7738467e+01
  -1.7651197e+01
   1.1481854e+01
  -1.5075838e+01
  -5.9090470e+00
   1.3664712e+01
   2.4909960e+00
  -2.1700508e+00
  -1.2403225e+01
   1.4028467e+00
  -5.0903854e+00
   1.4399236e+01
  -1.7141078e+01
   9.8686150e+00
   3.3167464e+00
   1.5561743e+01
   4.5974611e+00
   1.8368148e+00
   3.1510751e+00
   1.6973680e+01
  -1.4981758e+01
   3.2823665e+00
   2.4721238e+00
  -1.6889806e+01
   1.2795205e-01
   1.9147989e+01
   1.9947446e+01
  -8.0056640e+00
   8.4785147e+00
   1.9211799e+01
  -4.3211062e+00
  -1.7099316e+01
  -5.1891523e+00
  -1.2584638e+00
  -1.9996666e+01
  -5.5397024e-01
   4.4122480e+00
  -1.0724320e+01
  -1.2378021e+01
   7.8692765e+00
  -1.0483907e+01
   2.5826029e+00
   1.4740845e+01
  -6.7995558e+00
  -6.6155784e+00
   9.5977337e+00
  -1.2651512e+01
   1.4203345e+01
  -1.1156560e+01
  -1.2666757e+01
  -6.3295550e+00
  -3.5014080e+00
   1.1392146e+01
  -3.1769717e+00
  -1.5851612e+01
  -1.9871636e+01
  -9.4160133e+00
  -6.6812894e+00
  -1.9610895e+01
  -2.0754252e+00
   8.9219578e+00
  -1.8747094e+01
   5.3577953e+00
  -1.2483078e+01
  -1.7178561e+01
  -6.2714969e+00
   1.3788696e+00
   5.7848203e+00
  -1.0465850e+01
  -1.8423795e+01
  -4.3453175e+00
   6.7440943e+00
  -4.4096163e+00
   3.6206349e+00
   5.3741523e+00
   5.3693669e-01
   1.1165428e+01
   1.9903948e+01
   1.7899490e+01
   1.4486468e+01
   8.3074597e+00
  -7.9563856e-01
  -1.2771820e+01
  -2.1702734e+00
   1.2657560e+01
  -1.2448523e+01
   4.3916197e-01
   1.7926260e+01
   2.8707100e+00
  -8.1327721e+00
  -7.5406251e-01
  -1.3551262e+01
  -2.1590913e+00
  -1.5317548e+01
  -1.9833537e+01
  -1.2131811e+01
   6.5247389e+00
   1.6882214e+01
  -3.1906698e+00
  -2.1222827e+00
  -1.8125426e+00
   8.1443672e+00
   4.5716661e+00
   9.4267790e-02
   9.3253320e+00
  -7.6131883e+00
  -1.6829138e+00
   6.4903410e+00
  -1.2586767e-01
  -5.1182470e+00
  -3.9882943e-01
  -2.5730364e+00
  -4.8287230e+00
  -1.5022473e+01
  -9.2570017e+00
  -6.1222862e+00
  -1.5332397e+01
  -1.7270025e+01
   1.9431367e+01
   7.1710788e+00
  -9.9928730e+00
  -8.3513075e-01
   2.9692976e+00
  -8.5771499e+00
  -1.9955660e+01
  -9.7779442e+00
   6.1767439e+00
   5.7148458e+00
   3.3654152e-01
  -1.1726066e+01
  -1.7228510e+01
   7.6903130e+00
  -9.5823739e+00
  -1.1690446e+01
  -1.3112138e+01
   1.5033952e+01
  -1.6078354e+00
  -2.1278732e+00
  -6.2065430e+00
  -1.9157256e+01
   2.7706448e+00
   9.6230518e+00
   1.6569738e+01
  -1.1260476e+01
   5.5860618e+00
   7.9179808e+00
  -8.1421039e-01
   1.0297741e+01
  -8.4813251e+00
  -8.7029827e+00
   8.3129582e+00
   5.6103844e+00
  -2.8222914e+00
   6.5241329e+00
  -3.0018581e-02
  -3.6295729e+00
   1.1254450e+01
   1.2549188e+01
  -1.9339862e+01
  -1.6316594e+01
   1.9221490e+01
   1.4867164e+01
  -7.0835223e+00
   1.1208980e+01
  -1.4344825e+00
  -1.7881783e+01
  -9.5428370e+00
   1.5554871e+01
  -7.6590247e+00
   1.2709390e+00
   1.0417448e+01
  -1.5737064e+00
  -8.6562444e+00
  -1.9136234e+01
  -1.4405399e+01
  -6.4097631e+00
   1.7606164e+01
   1.4157981e+01
   1.6341693e+00
  -6.6055287e+00
  -4.8135496e+00
   6.4190664e+00
  -4.0071429e+00
  -8.2045448e+00
   2.2183055e+00
   1.3824149e+01
   4.4035460e+00
  -8.3073559e+00
  -1.4839184e+01
  -1.9699544e+01
   1.8918805e+01
  -1.3777766e-01
  -5.7986402e-01
  -9.4989653e-01
   1.7850884e+01
  -1.9629745e+01
  -1.0806228e+01
  -1.4420031e+01
  -5.0861459e+00
  -1.0165434e+01
   7.7265548e+00
   1.1070899e+01
  -8.6092631e+00
   1.2748485e+01
   1.7483383e+01
  -1.8089945e+01
   1.8417935e+01
   1.7587321e+00
  -1.2980242e+01
   8.4864539e+00
  -4.1280232e+00
   2.3741247e+00
   1.3734967e+01
   5.8219418e-01
  -5.3746890e+00
   1.8247612e+01
   1.3878288e+01
   1.3802736e+01
  -8.7711852e-01
  -1.9068024e+01
   1.7768118e+01
   1.1068524e+01
  -1.6485973e+01
   1.4906407e+01
   1.2540412e+01
   6.7513224e+00
  -1.9890155e+01
  -8.5499194e-01
   6.7096855e+00
  -1.2242329e+01
   6.2707993e+00
  -3.1013987e+00
  -1.3807612e+01
  -1.0764568e+01
  -6.0474468e+00
  -1.0696457e+01
  -8.8306314e+00
   6.8372652e+00
  -1.6227270e+01
  -7.1984574e+00
   1.9324783e+01
   1.4724757e+01
   5.7158814e+00
   8.3857684e-01
   6.3323701e+00
   1.4132610e+01
   5.6270043e+00
  -1.1592505e+01
  -5.2010644e+00
   1.2663372e+01
   1.5928444e+01
   2.5673066e-01
  -1.3260010e+01
   5.4268623e+00
   1.0947613e+01
  -1.8253470e+01
   2.2504364e+00
   4.0868819e+00
  -6.2874973e+00
  -4.5837063e+00
   1.5683747e+01
   1.5440575e+01
  -1.6539816e+01
  -1.0917758e+01
  -7.1689583e+00
  -1.6145967e+01
   6.9350897e+00
  -1.3713027e+01
  -1.7412384e+01
   1.5851511e+01
  -1.5355205e+01
  -1.4772130e+01
   8.3794198e+00
  -1.3345065e+01
  -1.5442165e+01
  -1.7278809e+01
  -7.1819837e+00
  -9.4685571e+00
  -1.7384062e+01
  -1.8849172e+01
   1.4312218e+01
  -1.4403909e+01
   1.9623706e+01
  -8.1433888e+00
   1.7661551e+01
   2.2629699e+00
  -1.5076169e+01
   1.1871079e+01
  -1.1139984e+01
  -1.7562162e+01
   1.3630464e+00
   4.2771654e+00
   7.7614717e+00
   1.1395766e+01
  -1.1023969e+01
  -4.1453338e-01
  -1.7337267e+01
   4.0029474e+00
   2.3303370e+00
   9.3361722e+00
   1.0601173e+01
   2.7718805e+00
   3.0398145e+00
  -7.4000786e-01
  -1.1675730e+01
   3.2162698e+00
   1.9965775e+01
   1.0847817e+01
  -6.8393974e+00
  -6.1332723e+00
   6.3163941e+00
  -1.8890477e+01
   6.4818886e+00
  -2.9218837e+00
   1.0716010e+01
   3.2000881e+00
  -9.2856817e+00
  -1.0367952e+01
   1.3010448e+01
  -1.5399802e+01
   1.2237695e+01
  -2.6591228e+00
  -1.7714745e+01
   2.1344584e+00
   2.0190477e+00
  -1.0613849e+01
   1.1974529e+01
  -1.6613087e+01
  -1.2362372e+01
   2.4910350e+00
  -2.6312056e+00
   9.9155063e+00
  -1.9463079e+01
   1.5340626e-01
  -7.1977581e+00
   1.1703062e+01
   1.2198422e+00
   1.0319708e+01
  -6.6024616e+00
  -8.8958167e+00
   1.3355882e+01
   8.7021397e-01
  -1.5429393e+01
   1.1424630e+01
  -4.6318079e-01
  -1.6322071e+01
   5.1273821e+00
   1.6862308e+01
  -1.5929143e+01
  -9.3302738e-01
   8.1253921e+00
   1.3864279e+01
  -3.8483726e+00
   3.1448669e+00
  -6.6444163e+00
   1.9597997e+01
  -1.0278700e+01
   7.3532216e+00
  -1.0082129e+01
  -1.1198309e+01
  -6.6803535e+00
  -1.2454585e+01
   1.0959499e+01
  -6.1021725e+00
   5.5547522e-01
   7.2693345e+00
  -8.1841831e+00
   1.5686014e+01
   6.6870162e+00
   3.1462502e-01
   1.2882369e+01
  -2.9567678e-01
   9.1246038e+00
  -2.3389643e+00
  -1.9805064e+01
  -5.6829204e+00
  -1.4857492e+01
  -1.4467394e+01
   7.4969537e+00
   1.7982932e+01
   5.7541214e+00
   1.1450728e+01
  -9.3713684e+00
  -1.8024679e+01
   1.2893151e+01
  -3.5134538e+00
   1.7732363e+01
  -8.6992396e+00
  -1.9686094e+01
   1.5649413e+01
  -1.7239615e+01
   9.3382759e+00
  -1.8217447e+01
   6.8354186e+00
  -1.9129293e+01
   9.1158213e+00
  -1.5547039e+01
  -3.6568673e+00
  -1.0443091e+00
   9.1323761e+00
   7.0493848e+00
   8.8669825e+00
  -1.7252622e+01
   1.8105002e+01
   1.1294577e+01
  -1.5268899e+01
  -1.5680489e+01
   1.4796350e+01
   1.5121157e+00
  -8.9498400e+00
   1.0915828e+01
   2.8646328e+00
   6.6333593e+00
  -3.8500722e-01
   1.1514800e+01
   3.5092040e+00
   1.8195249e+01
  -9.1883769e+00
  -1.8110740e+00
   1.2469180e+01
   2.1949616e+00
  -8.7475151e+00
   4.6058721e+00
  -4.9565194e+00
  -1.4346546e+01
   1.0107515e+00
  -2.4199658e+00
  -2.1225557e+00
  -5.5041730e+00
  -6.6865664e+00
  -7.2471866e+00
  -4.6517847e+00
   1.5857619e+01
  -1.3205508e+01
   1.4569030e+01
   3.0704888e+00
   1.9542046e+00
   1.4626864e+01
  -1.7484814e+01
  -1.0829265e+01
  -1.7435812e+00
  -2.2760579e+00
   2.3817241e+00
   1.2612994e+00
  -1.4147288e+01
  -5.4189099e+00
  -3.3441724e+00
  -1.5264975e+01
   1.5237518e+01
   1.6854416e+01
   4.7705558e+00
  -1.0369136e+01
   1.9447355e+01
   1.3856899e+01
  -7.7204721e+00
  -1.9812245e+01
   6.5997407e+00
  -1.5300873e+00
   1.2364875e+01
   3.0907380e+00
   1.5968737e+01
   1.0497381e+01
  -1.6890591e+01
  -1.3159733e+01
  -1.4109696e+01
  -2.1315098e+00
   1.0844245e+01
  -1.4029419e+01
   5.5640313e-01
  -1.3775223e+01
  -8.3344674e+00
  -7.5642574e+00
   1.9791551e+01
   1.0168245e+01
  -1.0959549e+01
   4.9381556e+00
  -4.9120611e-01
   3.1596102e+00
   1.1041986e+01
   7.2394080e+00
   2.1411458e+00
   4.3681481e+00
  -1.4658473e+01
   4.6706207e+00
  -7.4995353e+00
   9.1423482e+00
   1.3680363e+01
  -1.9292067e+01
   1.5313744e+01
  -1.8012425e+01
   4.7662208e+00
  -2.6662578e+00
   1.9951009e+01
   8.9266843e+00
  -1.0856222e+01
  -6.6819749e+00
  -1.3970549e+01
  -1.0247980e+01
  -4.6790831e+00
  -9.2698860e+00
  -3.1145048e+00
   8.0497570e+00
   7.2533794e+00
  -5.6393470e+00
  -1.3081796e+01
  -1.9534585e+01
  -1.4074542e+01
   2.8512312e+00
  -5.3322033e+00
   1.2112112e+01
  -6.9087193e+00
  -4.8478015e+00
  -1.2321066e+01
   1.0463279e+01
  -1.3712839e+00
  -6.2345313e+00
   5.1492911e+00
  -8.8803628e-01
  -5.0635253e+00
  -2.5099635e+00
   1.9981971e+01
   2.4891211e+00
   2.6568114e+00
   1.2860404e+01
   1.2612738e+01
   1.7543731e+01
   1.2605522e+00
   4.3630676e+00
  -1.3423270e+01
   6.5491130e+00
  -1.0615425e+01
  -1.2220309e+01
   1.1773447e+01
  -1.8087549e+01
  -1.3552517e+01
   3.7768174e+00
  -1.9381326e+01
   1.3485285e+01
   4.6673607e+00
   1.8788775e+01
   7.7571850e+00
   1.8560967e+01
  -2.9076984e+00
   1.7395877e+01
   1.6935142e+01
   1.9010749e+01
   1.2064400e+01
  -1.2705778e+01
   1.8578356e+01
  -9.1987330e+00
   8.4007570e-02
   1.5851969e+01
  -7.8653570e+00
  -7.3198125e+00
   1.1446651e+01
   1.4168938e+01
  -1.0879976e+01
   8.0432924e-01
  -4.5898951e+00
   1.3690514e+01
   5.9718444e+00
  -1.7103588e+01
  -1.6676344e+01
   1.5283931e+01
   1.6326163e+01
  -1.6986479e+01
  -4.1428068e+00
   1.9167478e+01
   3.8274697e-02
  -3.4325271e+00
   1.8469410e+01
  -1.3712753e+00
   1.4300732e+01
  -5.9433977e+00
  -1.5912532e+01
  -9.4094837e+00
  -1.7526793e+01
  -5.3334875e+00
  -1.5326774e+01
   1.9732908e+01
   6.6558240e+00
  -5.6598688e+00
   1.8515207e+01
   1.8931842e+00
  -6.9882664e+00
   1.0218511e+01
   1.1385238e+01
   1.1303451e+01
  -8.0645640e+00
   4.5898683e+00
  -1.9498520e+01
  -1.6828453e+01
   2.0189477e+00
   9.6137950e-01
  -1.2527859e+01
   4.4744447e+00
   9.1199264e+00
   3.8006993e+00
   1.4828527e+00
  -1.5331836e+00
  -7.0390342e+00
   3.9504056e+00
  -6.4981287e+00
  -1.3793873e+01
  -3.7649097e+00
   1.3536530e+01
  -6.6136720e+00
   1.6077963e+01
   6.6881525e+00
  -1.4932721e+01
  -1.9681218e+00
   5.2326983e+00
   1.7779774e+01
   9.4889195e+00
  -4.0138103e+00
   9.1441393e+00
  -5.2649647e+00
   2.7975644e-01
   7.4268830e+00
   6.4639747e+00
   4.0802636e+00
   1.5471091e+01
   6.3001988e+00
   6.4702011e+00
  -1.1316460e+01
   9.8574921e+00
  -6.2313675e+00
  -3.7567033e+00
  -1.9016130e+01
   1.2134867e+01
  -6.3869912e+00
  -1.5224566e+01
  -6.2206079e+00
   1.0670912e+01
  -1.0864249e+01
  -1.0509865e+01
  -1.4838222e+01
  -1.9583181e+01
  -1.1998130e+01
   8.6076297e+00
  -1.9607244e+00
  -1.6413797e+01
   1.2567467e+01
  -1.3670918e+01
  -1.5632958e+01
  -5.0218511e+00
  -3.8728454e+00
   3.1265994e+00
   9.8227613e+00
   4.4261415e+00
  -2.5576489e+00
   8.3715206e+00
   7.3952531e+00
   7.9055866e-01
   8.0302987e+00
   8.7054060e+00
  -1.2604939e+01
  -3.3224866e-01
   1.1178803e+01
  -1.8269062e+01
  -7.3458033e+00
   9.0277128e+00
  -7.5781020e+00
  -1.1930681e+01
  -9.8926500e+00
  -3.2062354e+00
  -3.0511516e+00
   2.6771516e+00
  -6.1456390e+00
   1.0797579e+01
   1.6051622e+01
  -1.2273687e+01
   1.1751058e+01
   1.6467266e-01
   1.4038029e+01
   1.5271471e+01
  -1.1290282e+01
  -1.3471059e+01
  -2.6665667e+00
  -1.0917710e+01
  -1.9174826e+01
   1.7440026e+01
  -9.2883578e+00
   7.6053683e+00
  -2.8366810e+00
  -1.5410130e+01
  -3.2113264e+00
   3.0285170e+00
  -1.8454256e+01
  -1.5470550e+01
   1.8322805e+01
  -1.2811901e+01
  -9.0497599e+00
  -9.1439929e+00
   7.1341178e+00
   9.6003515e+00
  -8.5071446e+00
   1.5201109e+01
   1.5423854e+01
   7.7257694e+00
  -1.9846515e+01
  -1.6908547e+01
  -1.0165504e+01
  -2.1039947e+00
   1.3345055e+01
   1.3987047e+01
  -7.2513546e+00
   1.4199817e+01
   6.4480442e+00
  -4.6798077e+00
  -5.2911896e+00
  -2.5092747e+00
   4.1854536e+00
   2.0101052e-01
   1.0627732e+01
  -1.5961298e+01
  -1.4293137e+01
   5.3142440e+00
  -1.3514688e+00
  -1.0285265e+01
   1.2753626e+01
   1.6731789e+01
   1.5485288e+01
   1.8478353e+01
  -1.7729179e+01
   4.3538640e+00
   6.1530107e-01
   1.5031511e+01
   1.5707376e+01
  -2.0391133e+00
   1.7513687e+01
   7.0780230e+00
  -1.1246954e+01
   1.9168329e+01
   1.3865852e+01
   1.3551495e+01
   1.8294106e-01
   7.0551381e+00
  -1.8817089e+01
  -1.8622526e+01
  -5.2695430e+00
  -9.5926960e+00
  -1.2576303e+01
   1.2409338e+01
   1.4371907e+01
   1.3912340e+01
   8.0449617e+00
  -3.0525675e+00
  -4.6675065e+00
   1.7294200e+01
   1.2911215e+01
  -1.1315946e+01
  -1.9878016e+01
   1.1262186e+01
   9.9480723e+00
   3.2896147e+00
  -1.2758733e+01
  -3.1832560e+00
   8.3651276e+00
  -6.8730175e+00
  -4.9204847e+00
  -1.2580633e+01
   2.4823339e+00
   4.8739572e+00
  -4.4793124e-01
  -5.1560898e+00
   1.3014167e+01
  -6.9238914e+00
   1.2660016e+01
   1.6436866e+01
   7.9196446e+00
  -2.7365828e+00
   1.5665149e+00
  -1.4643513e+01
   7.4999561e+00
  -1.0599635e+01
  -1.1847141e+01
   4.7552225e+00
   4.6326032e+00
   3.7672314e+00
  -5.1823503e+00
  -1.9161416e+01
   7.0306315e+00
   2.8711890e+00
   1.5419577e+01
   1.9355125e+01
   3.8157649e+00
   2.4598827e+00
  -3.8831301e+00
  -9.0262748e-01
  -9.5359834e+00
  -1.9946949e+01
  -9.2286303e-01
   1.2001374e+01
   8.0834438e+00
  -9.7819006e+00
  -9.4235994e+00
  -6.5223216e-01
   6.3009457e+00
  -1.5067883e+00
   1.0079584e+01
   2.9167354e+00
   1.9462293e+01
   2.6851988e+00
   1.2933120e+01
   4.0969618e+00
  -9.1175384e+00
  -1.1464103e+01
  -1.9989728e+01
  -1.0733708e+01
   1.7356341e+01
   4.9348572e+00
   1.7533418e+01
  -1.4500576e+01
   1.0556012e+01
   4.2741788e+00
  -8.6166662e-01
   1.7705286e+01
  -7.1050030e+00
  -1.8972299e+01
  -7.7192416e+00
  -1.3160255e+01
   1.8947101e+01
  -1.9770473e+01
  -8.4805532e+00
   8.8149722e-01
   1.5059783e+00
   2.7939689e+00
   1.0729296e+01
   1.5369114e+01
   1.8525097e+01
   1.4531829e+01
  -1.4849919e+01
   1.2629510e+01
  -1.1753185e+01
   2.6927377e+00
   3.5520087e-01
  -7.1909428e+00
  -6.9906887e-01
   1.0624231e+01
   1.3437654e+01
  -8.9134240e+00
   7.9021813e-01
   1.9899152e+01
  -1.9632781e+01
  -6.3270891e-01
  -1.4057467e+01
  -1.9563551e+01
  -2.5183036e+00
  -6.3958209e+00
   4.5511656e-01
  -7.7126094e-02
   1.8065139e+01
   5.9166113e+00
   1.1118313e+00
  -1.8538796e+01
  -1.2239764e+01
  -1.8099697e+01
  -1.3705586e+01
   1.3077190e+01
  -1.9762451e+00
   1.7241104e+01
   4.7960397e+00
  -1.2705883e+01
  -1.2133898e+01
  -1.5991510e-01
   1.5657631e+01
  -1.0879046e+01
  -3.7937687e+00
   1.1421396e+01
  -3.5810175e+00
   8.7790368e+00
  -5.6973049e+00
   9.0115431e+00
   8.2097667e+00
  -1.6719147e+01
   1.1202496e+01
   1.8310626e+01
  -1.0097778e+01
  -4.0953478e+00
   1.5407872e+01
  -5.4944397e+00
  -1.7589404e+01
  -1.1493532e+01
   1.7218964e+00
   1.3347928e+01
   7.4203629e-02
   9.9722664e+00
   1.1863477e+01
   1.4311609e+01
  -1.8590047e+01
  -1.2478703e+01
  -1.9337377e+01
   7.1803302e+00
  -1.9091511e+01
  -3.0216344e+00
  -1.6035060e+01
  -1.3898650e+01
   4.7674703e+00
   1.0447209e+01
   1.6891887e+01
  -3.3695661e+00
  -1.5738123e+01
   4.1324138e+00
   1.1814812e+01
   1.6419900e+01
   3.7469019e+00
  -1.0387646e+01
  -1.1928239e+01
  -1.8527915e+01
   1.2168548e+00
  -2.9880073e+00
  -8.8790027e+00
  -4.0434089e+00
  -1.0234000e+00
   1.4167789e+01
  -1.6926591e+01
  -1.2801041e+01
  -1.2184272e+01
   1.9771965e+01
  -9.4913784e+00
  -1.0339599e+01
  -1.8543295e+01
   9.0641777e+00
  -3.4069926e+00
   3.2154993e+00
   1.4798298e+01
  -3.2538717e+00
   3.1435596e+00
  -1.0138256e+01
   6.4754515e+00
   1.6801227e+01
  -3.2772088e+00
   5.2559647e-01
   2.0453740e+00
  -5.7586940e+00
   1.3101963e+01
  -8.2327749e+00
   1.8025093e+01
   1.8933622e+01
   2.3816603e-01
  -1.3051722e+01
   1.2335752e+01
   1.4473453e+01
  -1.8522249e+01
  -1.4341729e+01
   1.9066768e+01
   1.5917494e+01
  -8.5822108e+00
   1.1956227e+01
   1.5496239e+01
   1.5463788e+01
  -1.3178713e+01
   1.9442949e+01
  -6.9920012e+00
  -5.0963283e+00
  -1.4992127e+01
  -1.0502807e+01
  -1.3826009e+01
   1.7607089e+01
   7.1726635e+00
  -1.1933366e+01
   2.8147591e+00
  -4.5947967e+00
  -1.8989863e+01
   2.6194750e+00
  -1.9094156e+01
   1.7746637e+01
   5.5453547e-01
   7.0440361e+00
   1.9713066e+01
   1.7446519e+01
  -1.0781296e+01
   1.7667046e+01
  -7.7794411e+00
   1.6632084e+01
  -2.1510274e-01
  -8.2073675e+00
   1.1777363e+01
  -8.5250365e+00
   1.7601996e+01
  -1.6814740e+01
   1.8045205e+01
   3.3236361e+00
   1.9460481e+01
   1.1628286e+01
  -6.7523669e+00
  -7.1061211e+00
  -5.2968692e+00
   4.8131939e+00
   1.1671462e+01
  -1.6071179e+01
   1.3813014e+01
   1.7252868e+01
  -5.5928091e-01
   9.8865691e+00
   1.6149444e+01
   8.8499151e+00
  -4.5194266e+00
   2.1482112e+00
  -1.7738467e+01
  -1.7651197e+01
   1.1481854e+01
  -1.5075838e+01
  -5.9090470e+00
   1.3664712e+01
   2.4909960e+00
  -2.1700508e+00
  -1.2403225e+01
   1.4028467e+00
  -5.0903854e+00
   1.4399236e+01
  -1.7141078e+01
   9.8686150e+00
   3.3167464e+00
   1.5561743e+01
   4.5974611e+00
   1.8368148e+00
   3.1510751e+00
   1.6973680e+01
  -1.4981758e+01
   3.2823665e+00
   2.4721238e+00
  -1.6889806e+01
   1.2795205e-01
   1.9147989e+01
   1.9947446e+01
  -8.0056640e+00
   8.4785147e+00
   1.9211799e+01
  -4.3211062e+00
  -1.7099316e+01
  -5.1891523e+00
  -1.2584638e+00
  -1.9996666e+01
  -5.5397024e-01
   4.4122480e+00
  -1.0724320e+01
  -1.2378021e+01
   7.8692765e+00
  -1.0483907e+01
   2.5826029e+00
   1.4740845e+01
  -6.7995558e+00
  -6.6155784e+00
   9.5977337e+00
  -1.2651512e+01
   1.4203345e+01
  -1.1156560e+01
  -1.2666757e+01
  -6.3295550e+00
  -3.5014080e+00
   1.1392146e+01
  -3.1769717e+00
  -1.5851612e+01
  -1.9871636e+01
  -9.4160133e+00
  -6.6812894e+00
  -1.9610895e+01
  -2.0754252e+00
   8.9219578e+00
  -1.8747094e+01
   5.3577953e+00
  -1.2483078e+01
  -1.7178561e+01
  -6.2714969e+00
   1.3788696e+00
   5.7848203e+00
  -1.0465850e+01
  -1.8423795e+01
  -4.3453175e+00
   6.7440943e+00
  -4.4096163e+00
   3.6206349e+00
   5.3741523e+00
   5.3693669e-01
   1.1165428e+01
   1.9903948e+01
   1.7899490e+01
   1.4486468e+01
   8.3074597e+00
  -7.9563856e-01
  -1.2771820e+01
  -2.1702734e+00
   1.2657560e+01
  -1.2448523e+01
   4.3916197e-01
   1.7926260e+01
   2.8707100e+00
  -8.1327721e+00
  -7.5406251e-01
  -1.3551262e+01
  -2.1590913e+00
  -1.5317548e+01
  -1.9833537e+01
  -1.2131811e+01
   6.5247389e+00
   1.6882214e+01
  -3.1906698e+00
  -2.1222827e+00
  -1.8125426e+00
   8.1443672e+00
   4.5716661e+00
   9.4267790e-02
   9.3253320e+00
  -7.6131883e+00
  -1.6829138e+00
   6.4903410e+00
  -1.2586767e-01
  -5.1182470e+00
  -3.9882943e-01
  -2.5730364e+00
  -4.8287230e+00
  -1.5022473e+01
  -9.2570017e+00
  -6.1222862e+00
  -1.5332397e+01
  -1.7270025e+01
   1.9431367e+01
   7.1710788e+00
  -9.9928730e+00
  -8.3513075e-01
   2.9692976e+00
  -8.5771499e+00
  -1.9955660e+01
  -9.7779442e+00
   6.1767439e+00
   5.7148458e+00
   3.3654152e-01
  -1.1726066e+01
  -1.7228510e+01
   7.6903130e+00
  -9.5823739e+00
  -1.1690446e+01
  -1.3112138e+01
   1.5033952e+01
  -1.6078354e+00
  -2.1278732e+00
  -6.2065430e+00
  -1.9157256e+01
   2.7706448e+00
   9.6230518e+00
   1.6569738e+01
  -1.1260476e+01
   5.5860618e+00
   7.9179808e+00
  -8.1421039e-01
   1.0297741e+01
  -8.4813251e+00
  -8.7029827e+00
   8.3129582e+00
   5.6103844e+00
  -2.8222914e+00
   6.5241329e+00
  -3.0018581e-02
  -3.6295729e+00
   1.1254450e+01
   1.2549188e+01
  -1.9339862e+01
  -1.6316594e+01
   1.9221490e+01
   1.4867164e+01
  -7.0835223e+00
   1.1208980e+01
  -1.4344825e+00
  -1.7881783e+01
  -9.5428370e+00
   1.5554871e+01
  -7.6590247e+00
   1.2709390e+00
   1.0417448e+01
  -1.5737064e+00
  -8.6562444e+00
  -1.9136234e+01
  -1.4405399e+01
  -6.4097631e+00
   1.7606164e+01
   1.4157981e+01
   1.6341693e+00
  -6.6055287e+00
  -4.8135496e+00
   6.4190664e+00
  -4.0071429e+00
  -8.2045448e+00
   2.2183055e+00
   1.3824149e+01
   4.4035460e+00
  -8.3073559e+00
  -1.4839184e+01
  -1.9699544e+01
   1.8918805e+01
  -1.3777766e-01
  -5.7986402e-01
  -9.4989653e-01
   1.7850884e+01
  -1.9629745e+01
  -1.0806228e+01
  -1.4420031e+01
  -5.0861459e+00
  -1.0165434e+01
   7.7265548e+00
   1.1070899e+01
  -8.6092631e+00
   1.2748485e+01
   1.7483383e+01
  -1.8089945e+01
   1.8417935e+01
   1.7587321e+00
  -1.2980242e+01
   8.4864539e+00
  -4.1280232e+00
   2.3741247e+00
   1.3734967e+01
   5.8219418e-01
  -5.3746890e+00
   1.8247612e+01
   1.3878288e+01
   1.3802736e+01
  -8.7711852e-01
  -1.9068024e+01
   1.7768118e+01
   1.1068524e+01
  -1.6485973e+01
   1.4906407e+01
   1.2540412e+01
   6.7513224e+00
  -1.9890155e+01
  -8.5499194e-01
   6.7096855e+00
  -1.2242329e+01
   6.2707993e+00
  -3.1013987e+00
  -1.3807612e+01
  -1.0764568e+01
  -6.0474468e+00
  -1.0696457e+01
  -8.8306314e+00
   6.8372652e+00
  -1.6227270e+01
  -7.1984574e+00
   1.9324783e+01
   1.4724757e+01
   5.7158814e+00
   8.3857684e-01
   6.3323701e+00
   1.4132610e+01
   5.6270043e+00
  -1.1592505e+01
  -5.2010644e+00
   1.2663372e+01
   1.5928444e+01
   2.5673066e-01
  -1.3260010e+01
   5.4268623e+00
   1.0947613e+01
  -1.8253470e+01
   2.2504364e+00
   4.0868819e+00
  -6.2874973e+00
  -4.5837063e+00
   1.5683747e+01
   1.5440575e+01
  -1.6539816e+01
  -1.0917758e+01
  -7.1689583e+00
  -1.6145967e+01
   6.9350897e+00
  -1.3713027e+01
  -1.7412384e+01
   1.5851511e+01
  -1.5355205e+01
  -1.4772130e+01
   8.3794198e+00
  -1.3345065e+01
  -1.5442165e+01
  -1.7278809e+01
  -7.1819837e+00
  -9.4685571e+00
  -1.7384062e+01
  -1.8849172e+01
   1.4312218e+01
  -1.4403909e+01
   1.9623706e+01
  -8.1433888e+00
   1.7661551e+01
   2.2629699e+00
  -1.5076169e+01
   1.1871079e+01
  -1.1139984e+01
  -1.7562162e+01
   1.3630464e+00
   4.2771654e+00
   7.7614717e+00
   1.1395766e+01
  -1.1023969e+01
  -4.1453338e-01
  -1.7337267e+01
   4.0029474e+00
   2.3303370e+00
   9.3361722e+00
   1.0601173e+01
   2.7718805e+00
   3.0398145e+00
  -7.4000786e-01
  -1.1675730e+01
   3.2162698e+00
   1.9965775e+01
   1.0847817e+01
  -6.8393974e+00
  -6.1332723e+00
   6.3163941e+00
  -1.8890477e+01
   6.4818886e+00
  -2.9218837e+00
   1.0716010e+01
   3.2000881e+00
  -9.2856817e+00
  -1.0367952e+01
   1.3010448e+01
  -1.5399802e+01
   1.2237695e+01
  -2.6591228e+00
  -1.7714745e+01
   2.1344584e+00
   2.0190477e+00
  -1.0613849e+01
   1.1974529e+01
  -1.6613087e+01
  -1.2362372e+01
   2.4910350e+00
  -2.6312056e+00
   9.9155063e+00
  -1.9463079e+01
   1.5340626e-01
  -7.1977581e+00
   1.1703062e+01
   1.2198422e+00
   1.0319708e+01
  -6.6024616e+00
  -8.8958167e+00
   1.3355882e+01
   8.7021397e-01
  -1.5429393e+01
   1.1424630e+01
  -4.6318079e-01
  -1.6322071e+01
   5.1273821e+00
   1.6862308e+01
  -1.5929143e+01
  -9.3302738e-01
   8.1253921e+00
   1.3864279e+01
  -3.8483726e+00
   3.1448669e+00
  -6.6444163e+00
   1.9597997e+01
  -1.0278700e+01
   7.3532216e+00
  -1.0082129e+01
  -1.1198309e+01
  -6.6803535e+00
  -1.2454585e+01
   1.0959499e+01
  -6.1021725e+00
   5.5547522e-01
   7.2693345e+00
  -8.1841831e+00
   1.5686014e+01
   6.6870162e+00
   3.1462502e-01
   1.2882369e+01
  -2.9567678e-01
   9.1246038e+00
  -2.3389643e+00
  -1.9805064e+01
  -5.6829204e+00
  -1.4857492e+01
  -1.4467394e+01
   7.4969537e+00
   1.7982932e+01
   5.7541214e+00
   1.1450728e+01
  -9.3713684e+00
  -1.8024679e+01
   1.2893151e+01
  -3.5134538e+00
   1.7732363e+01
  -8.6992396e+00
  -1.9686094e+01
   1.5649413e+01
  -1.7239615e+01
   9.3382759e+00
  -1.8217447e+01
   6.8354186e+00
  -1.9129293e+01
   9.1158213e+00
  -1.5547039e+01
  -3.6568673e+00
  -1.0443091e+00
   9.1323761e+00
   7.0493848e+00
   8.8669825e+00
  -1.7252622e+01
   1.8105002e+01
   1.1294577e+01
  -1.5268899e+01
  -1.5680489e+01
   1.4796350e+01
   1.5121157e+00
  -8.9498400e+00
   1.0915828e+01
   2.8646328e+00
   6.6333593e+00
  -3.8500722e-01
   1.1514800e+01
   3.5092040e+00
   1.8195249e+01
  -9.1883769e+00
  -1.8110740e+00
   1.2469180e+01
   2.1949616e+00
  -8.7475151e+00
   4.6058721e+00
  -4.9565194e+00
  -1.4346546e+01
   1.0107515e+00
  -2.4199658e+00
  -2.1225557e+00
  -5.5041730e+00
  -6.6865664e+00
  -7.2471866e+00
  -4.6517847e+00
   1.5857619e+01
  -1.3205508e+01
   1.4569030e+01
   3.0704888e+00
   1.9542046e+00
   1.4626864e+01
  -1.7484814e+01
  -1.0829265e+01
  -1.7435812e+00
  -2.2760579e+00
   2.3817241e+00
   1.2612994e+00
  -1.4147288e+01
  -5.4189099e+00
  -3.3441724e+00
  -1.5264975e+01
   1.5237518e+01
   1.6854416e+01
   4.7705558e+00
  -1.0369136e+01
   1.9447355e+01
   1.3856899e+01
  -7.7204721e+00
  -1.9812245e+01
   6.5997407e+00
  -1.5300873e+00
   1.2364875e+01
   3.0907380e+00
   1.5968737e+01
   1.0497381e+01
  -1.6890591e+01
  -1.3159733e+01
  -1.4109696e+01
  -2.1315098e+00
   1.0844245e+01
  -1.4029419e+01
   5.5640313e-01
  -1.3775223e+01
  -8.3344674e+00
  -7.5642574e+00
   1.9791551e+01
   1.0168245e+01
  -1.0959549e+01
   4.9381556e+00
  -4.9120611e-01
   3.1596102e+00
   1.1041986e+01
   7.2394080e+00
   2.1411458e+00
   4.3681481e+00
  -1.4658473e+01
   4.6706207e+00
  -7.4995353e+00
   9.1423482e+00
   1.3680363e+01
  -1.9292067e+01
   1.5313744e+01
  -1.8012425e+01
   4.7662208e+00
  -2.6662578e+00
   1.9951009e+01
   8.9266843e+00
  -1.0856222e+01
  -6.6819749e+00
  -1.3970549e+01
  -1.0247980e+01
  -4.6790831e+00
  -9.2698860e+00
  -3.1145048e+00
   8.0497570e+00
   7.2533794e+00
  -5.6393470e+00
  -1.3081796e+01
  -1.9534585e+01
  -1.4074542e+01
   2.8512312e+00
  -5.3322033e+00
   1.2112112e+01
  -6.9087193e+00
  -4.8478015e+00
  -1.2321066e+01
   1.0463279e+01
  -1.3712839e+00
  -6.2345313e+00
   5.1492911e+00
  -8.8803628e-01
  -5.0635253e+00
  -2.5099635e+00
   1.9981971e+01
   2.4891211e+00
   2.6568114e+00
   1.2860404e+01
   1.2612738e+01
   1.7543731e+01
   1.2605522e+00
   4.3630676e+00
  -1.3423270e+01
   6.5491130e+00
  -1.0615425e+01
  -1.2220309e+01
   1.1773447e+01
  -1.8087549e+01
  -1.3552517e+01
   3.7768174e+00
  -1.9381326e+01
   1.3485285e+01
   4.6673607e+00
   1.8788775e+01
   7.7571850e+00
   1.8560967e+01
  -2.9076984e+00
   1.7395877e+01
   1.6935142e+01
   1.9010749e+01
   1.2064400e+01
  -1.2705778e+01
   1.8578356e+01
  -9.1987330e+00
   8.4007570e-02
   1.5851969e+01
  -7.8653570e+00
  -7.3198125e+00
   1.1446651e+01
   1.4168938e+01
  -1.0879976e+01
   8.0432924e-01
  -4.5898951e+00
   1.3690514e+01
   5.9718444e+00
  -1.7103588e+01
  -1.6676344e+01
   1.5283931e+01
   1.6326163e+01
  -1.6986479e+01
  -4.1428068e+00
   1.9167478e+01
   3.8274697e-02
  -3.4325271e+00
   1.8469410e+01
  -1.3712753e+00
   1.4300732e+01
  -5.9433977e+00
  -1.5912532e+01
  -9.4094837e+00
  -1.7526793e+01
  -5.3334875e+00
  -1.5326774e+01
   1.9732908e+01
   6.6558240e+00
  -5.6598688e+00
   1.8515207e+01
   1.8931842e+00
  -6.9882664e+00
   1.0218511e+01
   1.1385238e+01
   1.1303451e+01
  -8.0645640e+00
   4.5898683e+00
  -1.9498520e+01
  -1.6828453e+01
   2.0189477e+00
   9.6137950e-01
  -1.2527859e+01
   4.4744447e+00
   9.1199264e+00
   3.8006993e+00
   1.4828527e+00
  -1.5331836e+00
  -7.0390342e+00
   3.9504056e+00
  -6.4981287e+00
  -1.3793873e+01
  -3.7649097e+00
   1.3536530e+01
  -6.6136720e+00
   1.6077963e+01
   6.6881525e+00
  -1.4932721e+01
  -1.9681218e+00
   5.2326983e+00
   1.7779774e+01
   9.4889195e+00
  -4.0138103e+00
   9.1441393e+00
  -5.2649647e+00
   2.7975644e-01
   7.4268830e+00
   6.4639747e+00
   4.0802636e+00
   1.5471091e+01
   6.3001988e+00
   6.4702011e+00
  -1.1316460e+01
   9.8574921e+00
  -6.2313675e+00
  -3.7567033e+00
  -1.9016130e+01
   1.2134867e+01
  -6.3869912e+00
  -1.5224566e+01
  -6.2206079e+00
   1.0670912e+01
  -1.0864249e+01
  -1.0509865e+01
  -1.4838222e+01
  -1.9583181e+01
  -1.1998130e+01
   8.6076297e+00
  -1.9607244e+00
  -1.6413797e+01
   1.2567467e+01
  -1.3670918e+01
  -1.5632958e+01
  -5.0218511e+00
  -3.8728454e+00
   3.1265994e+00
   9.8227613e+00
   4.4261415e+00
  -2.5576489e+00
   8.3715206e+00
   7.3952531e+00
   7.9055866e-01
   8.0302987e+00
   8.7054060e+00
  -1.2604939e+01
  -3.3224866e-01
   1.1178803e+01
  -1.8269062e+01
  -7.3458033e+00
   9.0277128e+00
  -7.5781020e+00
  -1.1930681e+01
  -9.8926500e+00
  -3.2062354e+00
  -3.0511516e+00
   2.6771516e+00
  -6.1456390e+00
   1.0797579e+01
   1.6051622e+01
  -1.2273687e+01
   1.1751058e+01
   1.6467266e-01
   1.4038029e+01
   1.5271471e+01
  -1.1290282e+01
  -1.3471059e+01
  -2.6665667e+00
  -1.0917710e+01
  -1.9174826e+01
   1.7440026e+01
  -9.2883578e+00
   7.6053683e+00
  -2.8366810e+00
  -1.5410130e+01
  -3.2113264e+00
   3.0285170e+00
  -1.8454256e+01
  -1.5470550e+01
   1.8322805e+01
  -1.2811901e+01
  -9.0497599e+00
  -9.1439929e+00
   7.1341178e+00
   9.6003515e+00
  -8.5071446e+00
   1.5201109e+01
   1.5423854e+01
   7.7257694e+00
  -1.9846515e+01
  -1.6908547e+01
  -1.0165504e+01
  -2.1039947e+00
   1.3345055e+01
   1.3987047e+01
  -7.2513546e+00
   1.4199817e+01
   6.4480442e+00
  -4.6798077e+00
  -5.2911896e+00
  -2.5092747e+00
   4.1854536e+00
   2.0101052e-01
   1.0627732e+01
  -1.5961298e+01
  -1.4293137e+01
   5.3142440e+00
  -1.3514688e+00
  -1.0285265e+01
   1.2753626e+01
   1.6731789e+01
   1.5485288e+01
   1.8478353e+01
  -1.7729179e+01
   4.3538640e+00
   6.1530107e-01
   1.5031511e+01
   1.5707376e+01
  -2.0391133e+00
   1.7513687e+01
   7.0780230e+00
  -1.1246954e+01
   1.9168329e+01
   1.3865852e+01
   1.3551495e+01
   1.8294106e-01
   7.0551381e+00
  -1.8817089e+01
  -1.8622526e+01
  -5.2695430e+00
  -9.5926960e+00
  -1.2576303e+01
   1.2409338e+01
   1.4371907e+01
   1.3912340e+01
   8.0449617e+00
  -3.0525675e+00
  -4.6675065e+00
   1.7294200e+01
   1.2911215e+01
  -1.1315946e+01
  -1.9878016e+01
   1.1262186e+01
   9.9480723e+00
   3.2896147e+00
  -1.2758733e+01
  -3.1832560e+00
   8.3651276e+00
  -6.8730175e+00
  -4.9204847e+00
  -1.2580633e+01
   2.4823339e+00
   4.8739572e+00
  -4.4793124e-01
  -5.1560898e+00
   1.3014167e+01
  -6.9238914e+00
   1.2660016e+01
   1.6436866e+01
   7.9196446e+00
  -2.7365828e+00
   1.5665149e+00
  -1.4643513e+01
   7.4999561e+00
  -1.0599635e+01
  -1.1847141e+01
   4.7552225e+00
   4.6326032e+00
   3.7672314e+00
  -5.1823503e+00
  -1.9161416e+01
   7.0306315e+00
   2.8711890e+00
   1.5419577e+01
   1.9355125e+01
   3.8157649e+00
   2.4598827e+00
  -3.8831301e+00
  -9.0262748e-01
  -9.5359834e+00
  -1.9946949e+01
  -9.2286303e-01
   1.2001374e+01
   8.0834438e+00
  -9.7819006e+00
  -9.4235994e+00
  -6.5223216e-01
   6.3009457e+00
  -1.5067883e+00
   1.0079584e+01
   2.9167354e+00
   1.9462293e+01
   2.6851988e+00
   1.2933120e+01
   4.0969618e+00
  -9.1175384e+00
  -1.1464103e+01
  -1.9989728e+01
  -1.0733708e+01
   1.7356341e+01
   4.9348572e+00
   1.7533418e+01
  -1.4500576e+01
   1.0556012e+01
   4.2741788e+00
  -8.6166662e-01
   1.7705286e+01
  -7.1050030e+00
  -1.8972299e+01
  -7.7192416e+00
  -1.3160255e+01
   1.8947101e+01
  -1.9770473e+01
  -8.4805532e+00
   8.8149722e-01
   1.5059783e+00
   2.7939689e+00
   1.0729296e+01
   1.5369114e+01
   1.8525097e+01
   1.4531829e+01
  -1.4849919e+01
   1.2629510e+01
  -1.1753185e+01
   2.6927377e+00
   3.5520087e-01
  -7.1909428e+00
  -6.9906887e-01
   1.0624231e+01
   1.3437654e+01
  -8.9134240e+00
   7.9021813e-01
   1.9899152e+01
  -1.9632781e+01
  -6.3270891e-01
  -1.4057467e+01
  -1.9563551e+01
  -2.5183036e+00
  -6.3958209e+00
   4.5511656e-01
  -7.7126094e-02
   1.8065139e+01
   5.9166113e+00
   1.1118313e+00
  -1.8538796e+01
  -1.2239764e+01
  -1.8099697e+01
  -1.3705586e+01
   1.3077190e+01
  -1.9762451e+00
   1.7241104e+01
   4.7960397e+00
  -1.2705883e+01
  -1.2133898e+01
  -1.5991510e-01
   1.5657631e+01
  -1.0879046e+01
  -3.7937687e+00
   1.1421396e+01
  -3.5810175e+00
   8.7790368e+00
  -5.6973049e+00
   9.0115431e+00
   8.2097667e+00
  -1.6719147e+01
   1.1202496e+01
   1.8310626e+01
  -1.0097778e+01
  -4.0953478e+00
   1.5407872e+01
  -5.4944397e+00
  -1.7589404e+01
  -1.1493532e+01
   1.7218964e+00
   1.3347928e+01
   7.4203629e-02
   9.9722664e+00
   1.1863477e+01
   1.4311609e+01
  -1.8590047e+01
  -1.2478703e+01
  -1.9337377e+01
   7.1803302e+00
  -1.9091511e+01
  -3.0216344e+00
  -1.6035060e+01
  -1.3898650e+01
   4.7674703e+00
   1.0447209e+01
   1.6891887e+01
  -3.3695661e+00
  -1.5738123e+01
   4.1324138e+00
   1.1814812e+01
   1.6419900e+01
   3.7469019e+00
  -1.0387646e+01
  -1.1928239e+01
  -1.8527915e+01
   1.2168548e+00
  -2.9880073e+00
  -8.8790027e+00
  -4.0434089e+00
  -1.0234000e+00
   1.4167789e+01
  -1.6926591e+01
  -1.2801041e+01
  -1.2184272e+01
   1.9771965e+01
  -9.4913784e+00
  -1.0339599e+01
  -1.8543295e+01
   9.0641777e+00
  -3.4069926e+00
   3.2154993e+00
   1.4798298e+01
  -3.2538717e+00
   3.1435596e+00
  -1.0138256e+01
   6.4754515e+00
   1.6801227e+01
  -3.2772088e+00
   5.2559647e-01
   2.0453740e+00
  -5.7586940e+00
   1.3101963e+01
  -8.2327749e+00
   1.8025093e+01
   1.8933622e+01
   2.3816603e-01
  -1.3051722e+01
   1.2335752e+01
   1.4473453e+01
  -1.8522249e+01
  -1.4341729e+01
   1.9066768e+01
   1.5917494e+01
  -8.5822108e+00
   1.1956227e+01
   1.5496239e+01
   1.5463788e+01
  -1.3178713e+01
   1.9442949e+01
  -6.9920012e+00
  -5.0963283e+00
  -1.4992127e+01
  -1.0502807e+01
  -1.3826009e+01
   1.7607089e+01
   7.1726635e+00
  -1.1933366e+01
   2.8147591e+00
  -4.5947967e+00
  -1.8989863e+01
   2.6194750e+00
  -1.9094156e+01
   1.7746637e+01
   5.5453547e-01
   7.0440361e+00
   1.9713066e+01
   1.7446519e+01
  -1.0781296e+01
   1.7667046e+01
  -7.7794411e+00
   1.6632084e+01
  -2.1510274e-01
  -8.2073675e+00
   1.1777363e+01
  -8.5250365e+00
   1.7601996e+01
  -1.6814740e+01
   1.8045205e+01
   3.3236361e+00
   1.9460481e+01
   1.1628286e+01
  -6.7523669e+00
  -7.1061211e+00
  -5.2968692e+00
   4.8131939e+00
   1.1671462e+01
  -1.6071179e+01
   1.3813014e+01
   1.7252868e+01
  -5.5928091e-01
   9.8865691e+00
   1.6149444e+01
   8.8499151e+00
  -4.5194266e+00
   2.1482112e+00
  -1.7738467e+01
  -1.7651197e+01
   1.1481854e+01
  -1.5075838e+01
  -5.9090470e+00
   1.3664712e+01
   2.4909960e+00
  -2.1700508e+00
  -1.2403225e+01
   1.4028467e+00
  -5.0903854e+00
   1.4399236e+01
  -1.7141078e+01
   9.8686150e+00
   3.3167464e+00
   1.5561743e+01
   4.5974611e+00
   1.8368148e+00
   3.1510751e+00
   1.6973680e+01
  -1.4981758e+01
   3.2823665e+00
   2.4721238e+00
  -1.6889806e+01
   1.2795205e-01
   1.9147989e+01
   1.9947446e+01
  -8.0056640e+00
   8.4785147e+00
   1.9211799e+01
  -4.3211062e+00
  -1.7099316e+01
  -5.1891523e+00
  -1.2584638e+00
  -1.9996666e+01
  -5.5397024e-01
   4.4122480e+00
  -1.0724320e+01
  -1.2378021e+01
   7.8692765e+00
  -1.0483907e+01
   2.5826029e+00
   1.4740845e+01
  -6.7995558e+00
  -6.6155784e+00
   9.5977337e+00
  -1.2651512e+01
   1.4203345e+01
  -1.1156560e+01
  -1.2666757e+01
  -6.3295550e+00
  -3.5014080e+00
   1.1392146e+01
  -3.1769717e+00
  -1.5851612e+01
  -1.9871636e+01
  -9.4160133e+00
  -6.6812894e+00
  -1.9610895e+01
  -2.0754252e+00
   8.9219578e+00
  -1.8747094e+01
   5.3577953e+00
  -1.2483078e+01
  -1.7178561e+01
  -6.2714969e+00
   1.3788696e+00
   5.7848203e+00
  -1.0465850e+01
  -1.8423795e+01
  -4.3453175e+00
   6.7440943e+00
  -4.4096163e+00
   3.6206349e+00
   5.3741523e+00
   5.3693669e-01
   1.1165428e+01
   1.9903948e+01
   1.7899490e+01
   1.4486468e+01
   8.3074597e+00
  -7.9563856e-01
  -1.2771820e+01
  -2.1702734e+00
   1.2657560e+01
  -1.2448523e+01
   4.3916197e-01
   1.7926260e+01
   2.8707100e+00
  -8.1327721e+00
  -7.5406251e-01
  -1.3551262e+01
  -2.1590913e+00
  -1.5317548e+01
  -1.9833537e+01
  -1.2131811e+01
   6.5247389e+00
   1.6882214e+01
  -3.1906698e+00
  -2.1222827e+00
  -1.8125426e+00
   8.1443672e+00
   4.5716661e+00
   9.4267790e-02
   9.3253320e+00
  -7.6131883e+00
  -1.6829138e+00
   6.4903410e+00
  -1.2586767e-01
  -5.1182470e+00
  -3.9882943e-01
  -2.5730364e+00
  -4.8287230e+00
  -1.5022473e+01
  -9.2570017e+00
  -6.1222862e+00
  -1.5332397e+01
  -1.7270025e+01
   1.9431367e+01
   7.1710788e+00
  -9.9928730e+00
  -8.3513075e-01
   2.9692976e+00
  -8.5771499e+00
  -1.9955660e+01
  -9.7779442e+00
   6.1767439e+00
   5.7148458e+00
   3.3654152e-01
  -1.1726066e+01
  -1.7228510e+01
   7.6903130e+00
  -9.5823739e+00
  -1.1690446e+01
  -1.3112138e+01
   1.5033952e+01
  -1.6078354e+00
  -2.1278732e+00
  -6.2065430e+00
  -1.9157256e+01
   2.7706448e+00
   9.6230518e+00
   1.6569738e+01
  -1.1260476e+01
   5.5860618e+00
   7.9179808e+00
  -8.1421039e-01
   1.0297741e+01
  -8.4813251e+00
  -8.7029827e+00
   8.3129582e+00
   5.6103844e+00
  -2.8222914e+00
   6.5241329e+00
  -3.0018581e-02
  -3.6295729e+00
   1.1254450e+01
   1.2549188e+01
  -1.9339862e+01
  -1.6316594e+01
   1.9221490e+01
   1.4867164e+01
  -7.0835223e+00
   1.1208980e+01
  -1.4344825e+00
  -1.7881783e+01
  -9.5428370e+00
   1.5554871e+01
  -7.6590247e+00
   1.2709390e+00
   1.0417448e+01
  -1.5737064e+00
  -8.6562444e+00
  -1.9136234e+01
  -1.4405399e+01
  -6.4097631e+00
   1.7606164e+01
   1.4157981e+01
   1.6341693e+00
  -6.6055287e+00
  -4.8135496e+00
   6.4190664e+00
  -4.0071429e+00
  -8.2045448e+00
   2.2183055e+00
   1.3824149e+01
   4.4035460e+00
  -8.3073559e+00
  -1.4839184e+01
  -1.9699544e+01
   1.8918805e+01
  -1.3777766e-01
  -5.7986402e-01
  -9.4989653e-01
   1.7850884e+01
  -1.9629745e+01
  -1.0806228e+01
  -1.4420031e+01
  -5.0861459e+00
  -1.0165434e+01
   7.7265548e+00
   1.1070899e+01
  -8.6092631e+00
   1.2748485e+01
   1.7483383e+01
  -1.8089945e+01
   1.8417935e+01
   1.7587321e+00
  -1.2980242e+01
   8.4864539e+00
  -4.1280232e+00
   2.3741247e+00
   1.3734967e+01
   5.8219418e-01
  -5.3746890e+00
   1.8247612e+01
   1.3878288e+01
   1.3802736e+01
  -8.7711852e-01
  -1.9068024e+01
   1.7768118e+01
   1.1068524e+01
  -1.6485973e+01
   1.4906407e+01
   1.2540412e+01
   6.7513224e+00
  -1.9890155e+01
  -8.5499194e-01
   6.7096855e+00
  -1.2242329e+01
   6.2707993e+00
  -3.1013987e+00
  -1.3807612e+01
  -1.0764568e+01
  -6.0474468e+00
  -1.0696457e+01
  -8.8306314e+00
   6.8372652e+00
  -1.6227270e+01
  -7.1984574e+00
   1.9324783e+01
   1.4724757e+01
   5.7158814e+00
   8.3857684e-01
   6.3323701e+00
   1.4132610e+01
   5.6270043e+00
  -1.1592505e+01
  -5.2010644e+00
   1.2663372e+01
   1.5928444e+01
   2.5673066e-01
  -1.3260010e+01
   5.4268623e+00
   1.0947613e+01
  -1.8253470e+01
   2.2504364e+00
   4.0868819e+00
  -6.2874973e+00
  -4.5837063e+00
   1.5683747e+01
   1.5440575e+01
  -1.6539816e+01
  -1.0917758e+01
  -7.1689583e+00
  -1.6145967e+01
   6.9350897e+00
  -1.3713027e+01
  -1.7412384e+01
   1.5851511e+01
  -1.5355205e+01
  -1.4772130e+01
   8.3794198e+00
  -1.3345065e+01
  -1.5442165e+01
  -1.7278809e+01
  -7.1819837e+00
  -9.4685571e+00
  -1.7384062e+01
  -1.8849172e+01
   1.4312218e+01
  -1.4403909e+01
   1.9623706e+01
  -8.1433888e+00
   1.7661551e+01
   2.2629699e+00
  -1.5076169e+01
   1.1871079e+01
  -1.1139984e+01
  -1.7562162e+01
   1.3630464e+00
   4.2771654e+00
   7.7614717e+00
   1.1395766e+01
  -1.1023969e+01
  -4.1453338e-01
  -1.7337267e+01
   4.0029474e+00
   2.3303370e+00
   9.3361722e+00
   1.0601173e+01
   2.7718805e+00
   3.0398145e+00
  -7.4000786e-01
  -1.1675730e+01
   3.2162698e+00
   1.9965775e+01
   1.0847817e+01
  -6.8393974e+00
  -6.1332723e+00
   6.3163941e+00
  -1.8890477e+01
   6.4818886e+00
  -2.9218837e+00
   1.0716010e+01
   3.2000881e+00
  -9.2856817e+00
  -1.0367952e+01
   1.3010448e+01
  -1.5399802e+01
   1.2237695e+01
  -2.6591228e+00
  -1.7714745e+01
   2.1344584e+00
   2.0190477e+00
  -1.0613849e+01
   1.1974529e+01
  -1.6613087e+01
  -1.2362372e+01
   2.4910350e+00
  -2.6312056e+00
   9.9155063e+00
  -1.9463079e+01
   1.5340626e-01
  -7.1977581e+00
   1.1703062e+01
   1.2198422e+00
   1.0319708e+01
  -6.6024616e+00
  -8.8958167e+00
   1.3355882e+01
   8.7021397e-01
  -1.5429393e+01
   1.1424630e+01
  -4.6318079e-01
  -1.6322071e+01
   5.1273821e+00
   1.6862308e+01
  -1.5929143e+01
  -9.3302738e-01
   8.1253921e+00
   1.3864279e+01
  -3.8483726e+00
   3.1448669e+00
  -6.6444163e+00
   1.9597997e+01
  -1.0278700e+01
   7.3532216e+00
  -1.0082129e+01
  -1.1198309e+01
  -6.6803535e+00
  -1.2454585e+01
   1.0959499e+01
  -6.1021725e+00
   5.5547522e-01
   7.2693345e+00
  -8.1841831e+00
   1.5686014e+01
   6.6870162e+00
   3.1462502e-01
   1.2882369e+01
  -2.9567678e-01
   9.1246038e+00
  -2.3389643e+00
  -1.9805064e+01
  -5.6829204e+00
  -1.4857492e+01
  -1.4467394e+01
   7.4969537e+00
   1.7982932e+01
   5.7541214e+00
   1.1450728e+01
  -9.3713684e+00
  -1.8024679e+01
   1.2893151e+01
  -3.5134538e+00
   1.7732363e+01
  -8.6992396e+00
  -1.9686094e+01
   1.5649413e+01
  -1.7239615e+01
   9.3382759e+00
  -1.8217447e+01
   6.8354186e+00
  -1.9129293e+01
   9.1158213e+00
  -1.5547039e+01
  -3.6568673e+00
  -1.0443091e+00
   9.1323761e+00
   7.0493848e+00
   8.8669825e+00
  -1.7252622e+01
   1.8105002e+01
   1.1294577e+01
  -1.5268899e+01
  -1.5680489e+01
   1.4796350e+01
   1.5121157e+00
  -8.9498400e+00
   1.0915828e+01
   2.8646328e+00
   6.6333593e+00
  -3.8500722e-01
   1.1514800e+01
   3.5092040e+00
   1.8195249e+01
  -9.1883769e+00
  -1.8110740e+00
   1.2469180e+01
   2.1949616e+00
  -8.7475151e+00
   4.6058721e+00
  -4.9565194e+00
  -1.4346546e+01
   1.0107515e+00
  -2.4199658e+00
  -2.1225557e+00
  -5.5041730e+00
  -6.6865664e+00
  -7.2471866e+00
  -4.6517847e+00
   1.5857619e+01
  -1.3205508e+01
   1.4569030e+01
   3.0704888e+00
   1.9542046e+00
   1.4626864e+01
  -1.7484814e+01
  -1.0829265e+01
  -1.7435812e+00
  -2.2760579e+00
   2.3817241e+00
   1.2612994e+00
  -1.4147288e+01
  -5.4189099e+00
  -3.3441724e+00
  -1.5264975e+01
   1.5237518e+01
   1.6854416e+01
   4.7705558e+00
  -1.0369136e+01
   1.9447355e+01
   1.3856899e+01
  -7.7204721e+00
  -1.9812245e+01
   6.5997407e+00
  -1.5300873e+00
   1.2364875e+01
   3.0907380e+00
   1.5968737e+01
   1.0497381e+01
  -1.6890591e+01
  -1.3159733e+01
  -1.4109696e+01
  -2.1315098e+00
   1.0844245e+01
  -1.4029419e+01
   5.5640313e-01
  -1.3775223e+01
  -8.3344674e+00
  -7.5642574e+00
   1.9791551e+01
   1.0168245e+01
  -1.0959549e+01
   4.9381556e+00
  -4.9120611e-01
   3.1596102e+00
   1.1041986e+01
   7.2394080e+00
   2.1411458e+00
   4.3681481e+00
  -1.4658473e+01
   4.6706207e+00
  -7.4995353e+00
   9.1423482e+00
   1.3680363e+01
  -1.9292067e+01
   1.5313744e+01
  -1.8012425e+01
   4.7662208e+00
  -2.6662578e+00
   1.9951009e+01
   8.9266843e+00
  -1.0856222e+01
  -6.6819749e+00
  -1.3970549e+01
  -1.0247980e+01
  -4.6790831e+00
  -9.2698860e+00
  -3.1145048e+00
   8.0497570e+00
   7.2533794e+00
  -5.6393470e+00
  -1.3081796e+01
  -1.9534585e+01
  -1.4074542e+01
   2.8512312e+00
  -5.3322033e+00
   1.2112112e+01
  -6.9087193e+00
  -4.8478015e+00
  -1.2321066e+01
   1.0463279e+01
  -1.3712839e+00
  -6.2345313e+00
   5.1492911e+00
  -8.8803628e-01
  -5.0635253e+00
  -2.5099635e+00
   1.9981971e+01
   2.4891211e+00
   2.6568114e+00
   1.2860404e+01
   1.2612738e+01
   1.7543731e+01
   1.2605522e+00
   4.3630676e+00
  -1.3423270e+01
   6.5491130e+00
  -1.0615425e+01
  -1.2220309e+01
   1.1773447e+01
  -1.8087549e+01
  -1.3552517e+01
   3.7768174e+00
  -1.9381326e+01
   1.3485285e+01
   4.6673607e+00
   1.8788775e+01
   7.7571850e+00
   1.8560967e+01
  -2.9076984e+00
   1.7395877e+01
   1.6935142e+01
   1.9010749e+01
   1.2064400e+01
  -1.2705778e+01
   1.8578356e+01
  -9.1987330e+00
   8.4007570e-02
   1.5851969e+01
  -7.8653570e+00
  -7.3198125e+00
   1.1446651e+01
   1.4168938e+01
  -1.0879976e+01
   8.0432924e-01
  -4.5898951e+00
   1.3690514e+01
   5.9718444e+00
  -1.7103588e+01
  -1.6676344e+01
   1.5283931e+01
   1.6326163e+01
  -1.6986479e+01
  -4.1428068e+00
   1.9167478e+01
   3.8274697e-02
  -3.4325271e+00
   1.8469410e+01
  -1.3712753e+00
   1.4300732e+01
  -5.9433977e+00
  -1.5912532e+01
  -9.4094837e+00
  -1.7526793e+01
  -5.3334875e+00
  -1.5326774e+01
   1.9732908e+01
   6.6558240e+00
  -5.6598688e+00
   1.8515207e+01
   1.8931842e+00
  -6.9882664e+00
   1.0218511e+01
   1.1385238e+01
   1.1303451e+01
  -8.0645640e+00
   4.5898683e+00
  -1.9498520e+01
  -1.6828453e+01
   2.0189477e+00
   9.6137950e-01
  -1.2527859e+01
   4.4744447e+00
   9.1199264e+00
   3.8006993e+00
   1.4828527e+00
  -1.5331836e+00
  -7.0390342e+00
   3.9504056e+00
  -6.4981287e+00
  -1.3793873e+01
  -3.7649097e+00
   1.3536530e+01
  -6.6136720e+00
   1.6077963e+01
   6.6881525e+00
  -1.4932721e+01
  -1.9681218e+00
   5.2326983e+00
   1.7779774e+01
   9.4889195e+00
  -4.0138103e+00
   9.1441393e+00
  -5.2649647e+00
   2.7975644e-01
   7.4268830e+00
   6.4639747e+00
   4.0802636e+00
   1.5471091e+01
   6.3001988e+00
   6.4702011e+00
  -1.1316460e+01
   9.8574921e+00
  -6.2313675e+00
  -3.7567033e+00
  -1.9016130e+01
   1.2134867e+01
  -6.3869912e+00
  -1.5224566e+01
  -6.2206079e+00
   1.0670912e+01
  -1.0864249e+01
  -1.0509865e+01
  -1.4838222e+01
  -1.9583181e+01
  -1.1998130e+01
   8.6076297e+00
  -1.9607244e+00
  -1.6413797e+01
   1.2567467e+01
  -1.3670918e+01
  -1.5632958e+01
  -5.0218511e+00
  -3.8728454e+00
   3.1265994e+00
   9.8227613e+00
   4.4261415e+00
  -2.5576489e+00
   8.3715206e+00
   7.3952531e+00
   7.9055866e-01
   8.0302987e+00
   8.7054060e+00
  -1.2604939e+01
  -3.3224866e-01
   1.1178803e+01
  -1.8269062e+01
  -7.3458033e+00
   9.0277128e+00
  -7.5781020e+00
  -1.1930681e+01
  -9.8926500e+00
  -3.2062354e+00
  -3.0511516e+00
   2.6771516e+00
  -6.1456390e+00
   1.0797579e+01
   1.6051622e+01
  -1.2273687e+01
   1.1751058e+01
   1.6467266e-01
   1.4038029e+01
   1.5271471e+01
  -1.1290282e+01
  -1.3471059e+01
  -2.6665667e+00
  -1.0917710e+01
  -1.9174826e+01
   1.7440026e+01
  -9.2883578e+00
   7.6053683e+00
  -2.8366810e+00
  -1.5410130e+01
  -3.2113264e+00
   3.0285170e+00
  -1.8454256e+01
  -1.5470550e+01
   1.8322805e+01
  -1.2811901e+01
  -9.0497599e+00
  -9.1439929e+00
   7.1341178e+00
   9.6003515e+00
  -8.5071446e+00
   1.5201109e+01
   1.5423854e+01
   7.7257694e+00
  -1.9846515e+01
  -1.6908547e+01
  -1.0165504e+01
  -2.1039947e+00
   1.3345055e+01
   1.3987047e+01
  -7.2513546e+00
   1.4199817e+01
   6.4480442e+00
  -4.6798077e+00
  -5.2911896e+00
  -2.5092747e+00
   4.1854536e+00
   2.0101052e-01
   1.0627732e+01
  -1.5961298e+01
  -1.4293137e+01
   5.3142440e+00
  -1.3514688e+00
  -1.0285265e+01
   1.2753626e+01
   1.6731789e+01
   1.5485288e+01
   1.8478353e+01
  -1.7729179e+01
   4.3538640e+00
   6.1530107e-01
   1.5031511e+01
   1.5707376e+01
  -2.0391133e+00
   1.7513687e+01
   7.0780230e+00
  -1.1246954e+01
   1.9168329e+01
   1.3865852e+01
   1.3551495e+01
   1.8294106e-01
   7.0551381e+00
  -1.8817089e+01
  -1.8622526e+01
  -5.2695430e+00
  -9.5926960e+00
  -1.2576303e+01
   1.2409338e+01
   1.4371907e+01
   1.3912340e+01
   8.0449617e+00
  -3.0525675e+00
  -4.6675065e+00
   1.7294200e+01
   1.2911215e+01
  -1.1315946e+01
  -1.9878016e+01
   1.1262186e+01
   9.9480723e+00
   3.2896147e+00
  -1.2758733e+01
  -3.1832560e+00
   8.3651276e+00
  -6.8730175e+00
  -4.9204847e+00
  -1.2580633e+01
   2.4823339e+00
   4.8739572e+00
  -4.4793124e-01
  -5.1560898e+00
   1.3014167e+01
  -6.9238914e+00
   1.2660016e+01
   1.6436866e+01
   7.9196446e+00
  -2.7365828e+00
   1.5665149e+00
  -1.4643513e+01
   7.4999561e+00
  -1.0599635e+01
  -1.1847141e+01
   4.7552225e+00
   4.6326032e+00
   3.7672314e+00
  -5.1823503e+00
  -1.9161416e+01
   7.0306315e+00
   2.8711890e+00
   1.5419577e+01
   1.9355125e+01
   3.8157649e+00
   2.4598827e+00
  -3.8831301e+00
  -9.0262748e-01
  -9.5359834e+00
  -1.9946949e+01
  -9.2286303e-01
   1.2001374e+01
   8.0834438e+00
  -9.7819006e+00
  -9.4235994e+00
  -6.5223216e-01
   6.3009457e+00
  -1.5067883e+00
   1.0079584e+01
   2.9167354e+00
   1.9462293e+01
   2.6851988e+00
   1.2933120e+01
   4.0969618e+00
  -9.1175384e+00
  -1.1464103e+01
  -1.9989728e+01
  -1.0733708e+01
   1.7356341e+01
   4.9348572e+00
   1.7533418e+01
  -1.4500576e+01
   1.0556012e+01
   4.2741788e+00
  -8.6166662e-01
   1.7705286e+01
  -7.1050030e+00
  -1.8972299e+01
  -7.7192416e+00
  -1.3160255e+01
   1.8947101e+01
  -1.9770473e+01
  -8.4805532e+00
   8.8149722e-01
   1.5059783e+00
   2.7939689e+00
   1.0729296e+01
   1.5369114e+01
   1.8525097e+01
   1.4531829e+01
  -1.4849919e+01
   1.2629510e+01
  -1.1753185e+01
   2.6927377e+00
   3.5520087e-01
  -7.1909428e+00
  -6.9906887e-01
   1.0624231e+01
   1.3437654e+01
  -8.9134240e+00
   7.9021813e-01
   1.9899152e+01
  -1.9632781e+01
  -6.3270891e-01
  -1.4057467e+01
  -1.9563551e+01
  -2.5183036e+00
  -6.3958209e+00
   4.5511656e-01
  -7.7126094e-02
   1.8065139e+01
   5.9166113e+00
   1.1118313e+00
  -1.8538796e+01
  -1.2239764e+01
  -1.8099697e+01
  -1.3705586e+01
   1.3077190e+01
  -1.9762451e+00
   1.7241104e+01
   4.7960397e+00
  -1.2705883e+01
  -1.2133898e+01
  -1.5991510e-01
   1.5657631e+01
  -1.0879046e+01
  -3.7937687e+00
   1.1421396e+01
  -3.5810175e+00
   8.7790368e+00
  -5.6973049e+00
   9.0115431e+00
   8.2097667e+00
  -1.6719147e+01
   1.1202496e+01
   1.8310626e+01
  -1.0097778e+01
  -4.0953478e+00
   1.5407872e+01
  -5.4944397e+00
  -1.7589404e+01
  -1.1493532e+01
   1.7218964e+00
   1.3347928e+01
   7.4203629e-02
   9.9722664e+00
   1.1863477e+01
   1.4311609e+01
  -1.8590047e+01
  -1.2478703e+01
  -1.9337377e+01
   7.1803302e+00
  -1.9091511e+01
  -3.0216344e+00
  -1.6035060e+01
  -1.3898650e+01
   4.7674703e+00
   1.0447209e+01
   1.6891887e+01
  -3.3695661e+00
  -1.5738123e+01
   4.1324138e+00
   1.1814812e+01
   1.6419900e+01
   3.7469019e+00
  -1.0387646e+01
  -1.1928239e+01
  -1.8527915e+01
   1.2168548e+00
  -2.9880073e+00
  -8.8790027e+00
  -4.0434089e+00
  -1.0234000e+00
   1.4167789e+01
  -1.6926591e+01
  -1.2801041e+01
  -1.2184272e+01
   1.9771965e+01
  -9.4913784e+00
  -1.0339599e+01
  -1.8543295e+01
   9.0641777e+00
  -3.4069926e+00
   3.2154993e+00
   1.4798298e+01
  -3.2538717e+00
   3.1435596e+00
  -1.0138256e+01
   6.4754515e+00
   1.6801227e+01
  -3.2772088e+00
   5.2559647e-01
   2.0453740e+00
  -5.7586940e+00
   1.3101963e+01
  -8.2327749e+00
   1.8025093e+01
   1.8933622e+01
   2.3816603e-01
  -1.3051722e+01
   1.2335752e+01
   1.4473453e+01
  -1.8522249e+01
  -1.4341729e+01
   1.9066768e+01
   1.5917494e+01
  -8.5822108e+00
   1.1956227e+01
   1.5496239e+01
   1.5463788e+01
  -1.3178713e+01
   1.9442949e+01
  -6.9920012e+00
  -5.0963283e+00
  -1.4992127e+01
  -1.0502807e+01
  -1.3826009e+01
   1.7607089e+01
   7.1726635e+00
  -1.1933366e+01
   2.8147591e+00
  -4.5947967e+00
  -1.8989863e+01
   2.6194750e+00
  -1.9094156e+01
   1.7746637e+01
   5.5453547e-01
   7.0440361e+00
   1.9713066e+01
   1.7446519e+01
  -1.0781296e+01
   1.7667046e+01
  -7.7794411e+00
   1.6632084e+01
  -2.1510274e-01
  -8.2073675e+00
   1.1777363e+01
  -8.5250365e+00
   1.7601996e+01
  -1.6814740e+01
   1.8045205e+01
   3.3236361e+00
   1.9460481e+01
   1.1628286e+01
  -6.7523669e+00
  -7.1061211e+00
  -5.2968692e+00
   4.8131939e+00
   1.1671462e+01
  -1.6071179e+01
   1.3813014e+01
   1.7252868e+01
  -5.5928091e-01
   9.8865691e+00
   1.6149444e+01
   8.8499151e+00
  -4.5194266e+00
   2.1482112e+00
  -1.7738467e+01
  -1.7651197e+01
   1.1481854e+01
  -1.5075838e+01
  -5.9090470e+00
   1.3664712e+01
   2.4909960e+00
  -2.1700508e+00
  -1.2403225e+01
   1.4028467e+00
  -5.0903854e+00
   1.4399236e+01
  -1.7141078e+01
   9.8686150e+00
   3.3167464e+00
   1.5561743e+01
   4.5974611e+00
   1.8368148e+00
   3.1510751e+00
   1.6973680e+01
  -1.4981758e+01
   3.2823665e+00
   2.4721238e+00
  -1.6889806e+01
   1.2795205e-01
   1.9147989e+01
   1.9947446e+01
  -8.0056640e+00
   8.4785147e+00
   1.9211799e+01
  -4.3211062e+00
  -1.7099316e+01
  -5.1891523e+00
  -1.2584638e+00
  -1.9996666e+01
  -5.5397024e-01
   4.4122480e+00
  -1.0724320e+01
  -1.2378021e+01
   7.8692765e+00
  -1.0483907e+01
   2.5826029e+00
   1.4740845e+01
  -6.7995558e+00
  -6.6155784e+00
   9.5977337e+00
  -1.2651512e+01
   1.4203345e+01
  -1.1156560e+01
  -1.2666757e+01
  -6.3295550e+00
  -3.5014080e+00
   1.1392146e+01
  -3.1769717e+00
  -1.5851612e+01
  -1.9871636e+01
  -9.4160133e+00
  -6.6812894e+00
  -1.9610895e+01
  -2.0754252e+00
   8.9219578e+00
  -1.8747094e+01
   5.3577953e+00
  -1.2483078e+01
  -1.7178561e+01
  -6.2714969e+00
   1.3788696e+00
   5.7848203e+00
  -1.0465850e+01
  -1.8423795e+01
  -4.3453175e+00
   6.7440943e+00
  -4.4096163e+00
   3.6206349e+00
   5.3741523e+00
   5.3693669e-01
   1.1165428e+01
   1.9903948e+01
   1.7899490e+01
   1.4486468e+01
   8.3074597e+00
  -7.9563856e-01
  -1.2771820e+01
  -2.1702734e+00
   1.2657560e+01
  -1.2448523e+01
   4.3916197e-01
   1.7926260e+01
   2.8707100e+00
  -8.1327721e+00
  -7.5406251e-01
  -1.3551262e+01
  -2.1590913e+00
  -1.5317548e+01
  -1.9833537e+01
  -1.2131811e+01
   6.5247389e+00
   1.6882214e+01
  -3.1906698e+00
  -2.1222827e+00
  -1.8125426e+00
   8.1443672e+00
   4.5716661e+00
   9.4267790e-02
   9.3253320e+00
  -7.6131883e+00
  -1.6829138e+00
   6.4903410e+00
  -1.2586767e-01
  -5.1182470e+00
  -3.9882943e-01
  -2.5730364e+00
  -4.8287230e+00
  -1.5022473e+01
  -9.2570017e+00
  -6.1222862e+00
  -1.5332397e+01
  -1.7270025e+01
   1.9431367e+01
   7.1710788e+00
  -9.9928730e+00
  -8.3513075e-01
   2.9692976e+00
  -8.5771499e+00
  -1.9955660e+01
  -9.7779442e+00
   6.1767439e+00
   5.7148458e+00
   3.3654152e-01
  -1.1726066e+01
  -1.7228510e+01
   7.6903130e+00
  -9.5823739e+00
  -1.1690446e+01
  -1.3112138e+01
   1.5033952e+01
  -1.6078354e+00
  -2.1278732e+00
  -6.2065430e+00
  -1.9157256e+01
   2.7706448e+00
   9.6230518e+00
   1.6569738e+01
  -1.1260476e+01
   5.5860618e+00
   7.9179808e+00
  -8.1421039e-01
   1.0297741e+01
  -8.4813251e+00
  -8.7029827e+00
   8.3129582e+00
   5.6103844e+00
  -2.8222914e+00
   6.5241329e+00
  -3.0018581e-02
  -3.6295729e+00
   1.1254450e+01
   1.2549188e+01
  -1.9339862e+01
  -1.6316594e+01
   1.9221490e+01
   1.4867164e+01
  -7.0835223e+00
   1.1208980e+01
  -1.4344825e+00
  -1.7881783e+01
  -9.5428370e+00
   1.5554871e+01
  -7.6590247e+00
   1.2709390e+00
   1.0417448e+01
  -1.5737064e+00
  -8.6562444e+00
  -1.9136234e+01
  -1.4405399e+01
  -6.4097631e+00
   1.7606164e+01
   1.4157981e+01
   1.6341693e+00
  -6.6055287e+00
  -4.8135496e+00
   6.4190664e+00
  -4.0071429e+00
  -8.2045448e+00
   2.2183055e+00
   1.3824149e+01
   4.4035460e+00
  -8.3073559e+00
  -1.4839184e+01
  -1.9699544e+01
   1.8918805e+01
  -1.3777766e-01
  -5.7986402e-01
  -9.4989653e-01
   1.7850884e+01
  -1.9629745e+01
  -1.0806228e+01
  -1.4420031e+01
  -5.0861459e+00
  -1.0165434e+01
   7.7265548e+00
   1.1070899e+01
  -8.6092631e+00
   1.2748485e+01
   1.7483383e+01
  -1.8089945e+01
   1.8417935e+01
   1.7587321e+00
  -1.2980242e+01
   8.4864539e+00
  -4.1280232e+00
   2.3741247e+00
   1.3734967e+01
   5.8219418e-01
  -5.3746890e+00
   1.8247612e+01
   1.3878288e+01
   1.3802736e+01
  -8.7711852e-01
  -1.9068024e+01
   1.7768118e+01
   1.1068524e+01
  -1.6485973e+01
   1.4906407e+01
   1.2540412e+01
   6.7513224e+00
  -1.9890155e+01
  -8.5499194e-01
   6.7096855e+00
  -1.2242329e+01
   6.2707993e+00
  -3.1013987e+00
  -1.3807612e+01
  -1.0764568e+01
  -6.0474468e+00
  -1.0696457e+01
  -8.8306314e+00
   6.8372652e+00
  -1.6227270e+01
  -7.1984574e+00
   1.9324783e+01
   1.4724757e+01
   5.7158814e+00
   8.3857684e-01
   6.3323701e+00
   1.4132610e+01
   5.6270043e+00
  -1.1592505e+01
  -5.2010644e+00
   1.2663372e+01
   1.5928444e+01
   2.5673066e-01
  -1.3260010e+01
   5.4268623e+00
   1.0947613e+01
  -1.8253470e+01
   2.2504364e+00
   4.0868819e+00
  -6.2874973e+00
  -4.5837063e+00
   1.5683747e+01
   1.5440575e+01
  -1.6539816e+01
  -1.0917758e+01
  -7.1689583e+00
  -1.6145967e+01
   6.9350897e+00
  -1.3713027e+01
  -1.7412384e+01
   1.5851511e+01
  -1.5355205e+01
  -1.4772130e+01
   8.3794198e+00
  -1.3345065e+01
  -1.5442165e+01
  -1.7278809e+01
  -7.1819837e+00
  -9.4685571e+00
  -1.7384062e+01
  -1.8849172e+01
   1.4312218e+01
  -1.4403909e+01
   1.9623706e+01
  -8.1433888e+00
   1.7661551e+01
   2.2629699e+00
  -1.5076169e+01
   1.1871079e+01
  -1.1139984e+01
  -1.7562162e+01
   1.3630464e+00
   4.2771654e+00
   7.7614717e+00
   1.1395766e+01
  -1.1023969e+01
  -4.1453338e-01
  -1.7337267e+01
   4.0029474e+00
   2.3303370e+00
   9.3361722e+00
   1.0601173e+01
   2.7718805e+00
   3.0398145e+00
  -7.4000786e-01
  -1.1675730e+01
   3.2162698e+00
   1.9965775e+01
   1.0847817e+01
  -6.8393974e+00
  -6.1332723e+00
   6.3163941e+00
  -1.8890477e+01
   6.4818886e+00
  -2.9218837e+00
   1.0716010e+01
   3.2000881e+00
  -9.2856817e+00
  -1.0367952e+01
   1.3010448e+01
  -1.5399802e+01
   1.2237695e+01
  -2.6591228e+00
  -1.7714745e+01
   2.1344584e+00
   2.0190477e+00
  -1.0613849e+01
   1.1974529e+01
  -1.6613087e+01
  -1.2362372e+01
   2.4910350e+00
  -2.6312056e+00
   9.9155063e+00
  -1.9463079e+01
   1.5340626e-01
  -7.1977581e+00
   1.1703062e+01
   1.2198422e+00
   1.0319708e+01
  -6.6024616e+00
  -8.8958167e+00
   1.3355882e+01
   8.7021397e-01
  -1.5429393e+01
   1.1424630e+01
  -4.6318079e-01
  -1.6322071e+01
   5.1273821e+00
   1.6862308e+01
  -1.5929143e+01
  -9.3302738e-01
   8.1253921e+00
   1.3864279e+01
  -3.8483726e+00
   3.1448669e+00
  -6.6444163e+00
   1.9597997e+01
  -1.0278700e+01
   7.3532216e+00
  -1.0082129e+01
  -1.1198309e+01
  -6.6803535e+00
  -1.2454585e+01
   1.0959499e+01
  -6.1021725e+00
   5.5547522e-01
   7.2693345e+00
  -8.1841831e+00
   1.5686014e+01
   6.6870162e+00
   3.1462502e-01
   1.2882369e+01
  -2.9567678e-01
   9.1246038e+00
  -2.3389643e+00
  -1.9805064e+01
  -5.6829204e+00
  -1.4857492e+01
  -1.4467394e+01
   7.4969537e+00
   1.7982932e+01
   5.7541214e+00
   1.1450728e+01
  -9.3713684e+00
  -1.8024679e+01
   1.2893151e+01
  -3.5134538e+00
   1.7732363e+01
  -8.6992396e+00
  -1.9686094e+01
   1.5649413e+01
  -1.7239615e+01
   9.3382759e+00
  -1.8217447e+01
   6.8354186e+00
  -1.9129293e+01
   9.1158213e+00
  -1.5547039e+01
  -3.6568673e+00
  -1.0443091e+00
   9.1323761e+00
   7.0493848e+00
   8.8669825e+00
  -1.7252622e+01
   1.8105002e+01
   1.1294577e+01
  -1.5268899e+01
  -1.5680489e+01
   1.4796350e+01
   1.5121157e+00
  -8.9498400e+00
   1.0915828e+01
   2.8646328e+00
   6.6333593e+00
  -3.8500722e-01
   1.1514800e+01
   3.5092040e+00
   1.8195249e+01
  -9.1883769e+00
  -1.8110740e+00
   1.2469180e+01
   2.1949616e+00
  -8.7475151e+00
   4.6058721e+00
  -4.9565194e+00
  -1.4346546e+01
   1.0107515e+00
  -2.4199658e+00
  -2.1225557e+00
  -5.5041730e+00
  -6.6865664e+00
  -7.2471866e+00
  -4.6517847e+00
   1.5857619e+01
  -1.3205508e+01
   1.4569030e+01
   3.0704888e+00
   1.9542046e+00
   1.4626864e+01
  -1.7484814e+01
  -1.0829265e+01
  -1.7435812e+00
  -2.2760579e+00
   2.3817241e+00
   1.2612994e+00
  -1.4147288e+01
  -5.4189099e+00
  -3.3441724e+00
  -1.5264975e+01
   1.5237518e+01
   1.6854416e+01
   4.7705558e+00
  -1.0369136e+01
   1.9447355e+01
   1.3856899e+01
  -7.7204721e+00
  -1.9812245e+01
   6.5997407e+00
  -1.5300873e+00
   1.2364875e+01
   3.0907380e+00
   1.5968737e+01
   1.0497381e+01
  -1.6890591e+01
  -1.3159733e+01
  -1.4109696e+01
  -2.1315098e+00
   1.0844245e+01
  -1.4029419e+01
   5.5640313e-01
  -1.3775223e+01
  -8.3344674e+00
  -7.5642574e+00
   1.9791551e+01
   1.0168245e+01
  -1.0959549e+01
   4.9381556e+00
  -4.9120611e-01
   3.1596102e+00
   1.1041986e+01
   7.2394080e+00
   2.1411458e+00
   4.3681481e+00
  -1.4658473e+01
   4.6706207e+00
  -7.4995353e+00
   9.1423482e+00
   1.3680363e+01
  -1.9292067e+01
   1.5313744e+01
  -1.8012425e+01
   4.7662208e+00
  -2.6662578e+00
   1.9951009e+01
   8.9266843e+00
  -1.0856222e+01
  -6.6819749e+00
  -1.3970549e+01
  -1.0247980e+01
  -4.6790831e+00
  -9.2698860e+00
  -3.1145048e+00
   8.0497570e+00
   7.2533794e+00
  -5.6393470e+00
  -1.3081796e+01
  -1.9534585e+01
  -1.4074542e+01
   2.8512312e+00
  -5.3322033e+00
   1.2112112e+01
  -6.9087193e+00
  -4.8478015e+00
  -1.2321066e+01
   1.0463279e+01
  -1.3712839e+00
  -6.2345313e+00
   5.1492911e+00
  -8.8803628e-01
  -5.0635253e+00
  -2.5099635e+00
   1.9981971e+01
   2.4891211e+00
   2.6568114e+00
   1.2860404e+01
   1.2612738e+01
   1.7543731e+01
   1.2605522e+00
   4.3630676e+00
  -1.3423270e+01
   6.5491130e+00
  -1.0615425e+01
  -1.2220309e+01
   1.1773447e+01
  -1.8087549e+01
  -1.3552517e+01
   3.7768174e+00
  -1.9381326e+01
   1.3485285e+01
   4.6673607e+00
   1.8788775e+01
   7.7571850e+00
   1.8560967e+01
  -2.9076984e+00
   1.7395877e+01
   1.6935142e+01
   1.9010749e+01
   1.2064400e+01
  -1.2705778e+01
   1.8578356e+01
  -9.1987330e+00
   8.4007570e-02
   1.5851969e+01
  -7.8653570e+00
  -7.3198125e+00
   1.1446651e+01
   1.4168938e+01
  -1.0879976e+01
   8.0432924e-01
  -4.5898951e+00
   1.3690514e+01
   5.9718444e+00
  -1.7103588e+01
  -1.6676344e+01
   1.5283931e+01
   1.6326163e+01
  -1.6986479e+01
  -4.1428068e+00
   1.9167478e+01
   3.8274697e-02
  -3.4325271e+00
   1.8469410e+01
  -1.3712753e+00
   1.4300732e+01
  -5.9433977e+00
  -1.5912532e+01
  -9.4094837e+00
  -1.7526793e+01
  -5.3334875e+00
  -1.5326774e+01
   1.9732908e+01
   6.6558240e+00
  -5.6598688e+00
   1.8515207e+01
   1.8931842e+00
  -6.9882664e+00
   1.0218511e+01
   1.1385238e+01
   1.1303451e+01
  -8.0645640e+00
   4.5898683e+00
  -1.9498520e+01
  -1.6828453e+01
   2.0189477e+00
   9.6137950e-01
  -1.2527859e+01
   4.4744447e+00
   9.1199264e+00
   3.8006993e+00
   1.4828527e+00
  -1.5331836e+00
  -7.0390342e+00
   3.9504056e+00
  -6.4981287e+00
  -1.3793873e+01
  -3.7649097e+00
   1.3536530e+01
  -6.6136720e+00
   1.6077963e+01
   6.6881525e+00
  -1.4932721e+01
  -1.9681218e+00
   5.2326983e+00
   1.7779774e+01
   9.4889195e+00
  -4.0138103e+00
   9.1441393e+00
  -5.2649647e+00
   2.7975644e-01
   7.4268830e+00
   6.4639747e+00
   4.0802636e+00
   1.5471091e+01
   6.3001988e+00
   6.4702011e+00
  -1.1316460e+01
   9.8574921e+00
  -6.2313675e+00
  -3.7567033e+00
  -1.9016130e+01
   1.2134867e+01
  -6.3869912e+00
  -1.5224566e+01
  -6.2206079e+00
   1.0670912e+01
  -1.0864249e+01
  -1.0509865e+01
  -1.4838222e+01
  -1.9583181e+01
  -1.1998130e+01
   8.6076297e+00
  -1.9607244e+00
  -1.6413797e+01
   1.2567467e+01
  -1.3670918e+01
  -1.5632958e+01
  -5.0218511e+00
  -3.8728454e+00
   3.1265994e+00
   9.8227613e+00
   4.4261415e+00
  -2.5576489e+00
   8.3715206e+00
   7.3952531e+00
   7.9055866e-01
   8.0302987e+00
   8.7054060e+00
  -1.2604939e+01
  -3.3224866e-01
   1.1178803e+01
  -1.8269062e+01
  -7.3458033e+00
   9.0277128e+00
  -7.5781020e+00
  -1.1930681e+01
  -9.8926500e+00
  -3.2062354e+00
  -3.0511516e+00
   2.6771516e+00
  -6.1456390e+00
   1.0797579e+01
   1.6051622e+01
  -1.2273687e+01
   1.1751058e+01
   1.6467266e-01
   1.4038029e+01
   1.5271471e+01
  -1.1290282e+01
  -1.3471059e+01
  -2.6665667e+00
  -1.0917710e+01
  -1.9174826e+01
   1.7440026e+01
  -9.2883578e+00
   7.6053683e+00
  -2.8366810e+00
  -1.5410130e+01
  -3.2113264e+00
   3.0285170e+00
  -1.8454256e+01
  -1.5470550e+01
   1.8322805e+01
  -1.2811901e+01
  -9.0497599e+00
  -9.1439929e+00
   7.1341178e+00
   9.6003515e+00
  -8.5071446e+00
   1.5201109e+01
   1.5423854e+01
   7.7257694e+00
  -1.9846515e+01
  -1.6908547e+01
  -1.0165504e+01
  -2.1039947e+00
   1.3345055e+01
   1.3987047e+01
  -7.2513546e+00
   1.4199817e+01
   6.4480442e+00
  -4.6798077e+00
  -5.2911896e+00
  -2.5092747e+00
   4.1854536e+00
   2.0101052e-01
   1.0627732e+01
  -1.5961298e+01
  -1.4293137e+01
   5.3142440e+00
  -1.3514688e+00
  -1.0285265e+01
   1.2753626e+01
   1.6731789e+01
   1.5485288e+01
   1.8478353e+01
  -1.7729179e+01
   4.3538640e+00
   6.1530107e-01
   1.5031511e+01
   1.5707376e+01
  -2.0391133e+00
   1.7513687e+01
   7.0780230e+00
  -1.1246954e+01
   1.9168329e+01
   1.3865852e+01
   1.3551495e+01
   1.8294106e-01
   7.0551381e+00
  -1.8817089e+01
  -1.8622526e+01
  -5.2695430e+00
  -9.5926960e+00
  -1.2576303e+01
   1.2409338e+01
   1.4371907e+01
   1.3912340e+01
   8.0449617e+00
  -3.0525675e+00
  -4.6675065e+00
   1.7294200e+01
   1.2911215e+01
  -1.1315946e+01
  -1.9878016e+01
   1.1262186e+01
   9.9480723e+00
   3.2896147e+00
  -1.2758733e+01
  -3.1832560e+00
   8.3651276e+00
  -6.8730175e+00
  -4.9204847e+00
  -1.2580633e+01
   2.4823339e+00
   4.8739572e+00
  -4.4793124e-01
  -5.1560898e+00
   1.3014167e+01
  -6.9238914e+00
   1.2660016e+01
   1.6436866e+01
   7.9196446e+00
  -2.7365828e+00
   1.5665149e+00
  -1.4643513e+01
   7.4999561e+00
  -1.0599635e+01
  -1.1847141e+01
   4.7552225e+00
   4.6326032e+00
   3.7672314e+00
  -5.1823503e+00
  -1.9161416e+01
   7.0306315e+00
   2.8711890e+00
   1.5419577e+01
   1.9355125e+01
   3.8157649e+00
   2.4598827e+00
  -3.8831301e+00
  -9.0262748e-01
  -9.5359834e+00
  -1.9946949e+01
  -9.2286303e-01
   1.2001374e+01
   8.0834438e+00
  -9.7819006e+00
  -9.4235994e+00
  -6.5223216e-01
   6.3009457e+00
  -1.5067883e+00
   1.0079584e+01
   2.9167354e+00
   1.9462293e+01
   2.6851988e+00
   1.2933120e+01
   4.0969618e+00
  -9.1175384e+00
  -1.1464103e+01
  -1.9989728e+01
  -1.0733708e+01
   1.7356341e+01
   4.9348572e+00
   1.7533418e+01
  -1.4500576e+01
   1.0556012e+01
   4.2741788e+00
  -8.6166662e-01
   1.7705286e+01
  -7.1050030e+00
  -1.8972299e+01
  -7.7192416e+00
  -1.3160255e+01
   1.8947101e+01
  -1.9770473e+01
  -8.4805532e+00
   8.8149722e-01
   1.5059783e+00
   2.7939689e+00
   1.0729296e+01
   1.5369114e+01
   1.8525097e+01
   1.4531829e+01
  -1.4849919e+01
   1.2629510e+01
  -1.1753185e+01
   2.6927377e+00
   3.5520087e-01
  -7.1909428e+00
  -6.9906887e-01
   1.0624231e+01
   1.3437654e+01
  -8.9134240e+00
   7.9021813e-01
   1.9899152e+01
  -1.9632781e+01
  -6.3270891e-01
  -1.4057467e+01
  -1.9563551e+01
  -2.5183036e+00
  -6.3958209e+00
   4.5511656e-01
  -7.7126094e-02
   1.8065139e+01
   5.9166113e+00
   1.1118313e+00
  -1.8538796e+01
  -1.2239764e+01
  -1.8099697e+01
  -1.3705586e+01
   1.3077190e+01
  -1.9762451e+00
   1.7241104e+01
   4.7960397e+00
  -1.2705883e+01
  -1.2133898e+01
  -1.5991510e-01
   1.5657631e+01
  -1.0879046e+01
  -3.7937687e+00
   1.1421396e+01
  -3.5810175e+00
   8.7790368e+00
  -5.6973049e+00
   9.0115431e+00
   8.2097667e+00
  -1.6719147e+01
   1.1202496e+01
   1.8310626e+01
  -1.0097778e+01
  -4.0953478e+00
   1.5407872e+01
  -5.4944397e+00
  -1.7589404e+01
  -1.1493532e+01
   1.7218964e+00
   1.3347928e+01
   7.4203629e-02
   9.9722664e+00
   1.1863477e+01
   1.4311609e+01
  -1.8590047e+01
  -1.2478703e+01
  -1.9337377e+01
   7.1803302e+00
  -1.9091511e+01
  -3.0216344e+00
  -1.6035060e+01
  -1.3898650e+01
   4.7674703e+00
   1.0447209e+01
   1.6891887e+01
  -3.3695661e+00
  -1.5738123e+01
   4.1324138e+00
   1.1814812e+01
   1.6419900e+01
   3.7469019e+00
  -1.0387646e+01
  -1.1928239e+01
  -1.8527915e+01
   1.2168548e+00
  -2.9880073e+00
  -8.8790027e+00
  -4.0434089e+00
  -1.0234000e+00
   1.4167789e+01
  -1.6926591e+01
  -1.2801041e+01
  -1.2184272e+01
   1.9771965e+01
  -9.4913784e+00
  -1.0339599e+01
  -1.8543295e+01
   9.0641777e+00
  -3.4069926e+00
   3.2154993e+00
   1.4798298e+01
  -3.2538717e+00
   3.1435596e+00
  -1.0138256e+01
   6.4754515e+00
   1.6801227e+01
  -3.2772088e+00
   5.2559647e-01
   2.0453740e+00
  -5.7586940e+00
   1.3101963e+01
  -8.2327749e+00
   1.8025093e+01
   1.8933622e+01
   2.3816603e-01
  -1.3051722e+01
   1.2335752e+01
   1.4473453e+01
  -1.8522249e+01
  -1.4341729e+01
   1.9066768e+01
   1.5917494e+01
  -8.5822108e+00
   1.1956227e+01
   1.5496239e+01
   1.5463788e+01
  -1.3178713e+01
   1.9442949e+01
  -6.9920012e+00
  -5.0963283e+00
  -1.4992127e+01
  -1.0502807e+01
  -1.3826009e+01
   1.7607089e+01
   7.1726635e+00
  -1.1933366e+01
   2.8147591e+00
  -4.5947967e+00
  -1.8989863e+01
   2.6194750e+00
  -1.9094156e+01
   1.7746637e+01
   5.5453547e-01
   7.0440361e+00
   1.9713066e+01
   1.7446519e+01
  -1.0781296e+01
   1.7667046e+01
  -7.7794411e+00
   1.6632084e+01
  -2.1510274e-01
  -8.2073675e+00
   1.1777363e+01
  -8.5250365e+00
   1.7601996e+01
  -1.6814740e+01
   1.8045205e+01
   3.3236361e+00
   1.9460481e+01
   1.1628286e+01
  -6.7523669e+00
  -7.1061211e+00
  -5.2968692e+00
   4.8131939e+00
   1.1671462e+01
  -1.6071179e+01
   1.3813014e+01
   1.7252868e+01
  -5.5928091e-01
   9.8865691e+00
   1.6149444e+01
   8.8499151e+00
  -4.5194266e+00
   2.1482112e+00
  -1.7738467e+01
  -1.7651197e+01
   1.1481854e+01
  -1.5075838e+01
  -5.9090470e+00
   1.3664712e+01
   2.4909960e+00
  -2.1700508e+00
  -1.2403225e+01
   1.4028467e+00
  -5.0903854e+00
   1.4399236e+01
  -1.7141078e+01
   9.8686150e+00
   3.3167464e+00
   1.5561743e+01
   4.5974611e+00
   1.8368148e+00
   3.1510751e+00
   1.6973680e+01
  -1.4981758e+01
   3.2823665e+00
   2.4721238e+00
  -1.6889806e+01
   1.2795205e-01
   1.9147989e+01
   1.9947446e+01
  -8.0056640e+00
   8.4785147e+00
   1.9211799e+01
  -4.3211062e+00
  -1.7099316e+01
  -5.1891523e+00
  -1.2584638e+00
  -1.9996666e+01
  -5.5397024e-01
   4.4122480e+00
  -1.0724320e+01
  -1.2378021e+01
   7.8692765e+00
  -1.0483907e+01
   2.5826029e+00
   1.4740845e+01
  -6.7995558e+00
  -6.6155784e+00
   9.5977337e+00
  -1.2651512e+01
   1.4203345e+01
  -1.1156560e+01
  -1.2666757e+01
  -6.3295550e+00
  -3.5014080e+00
   1.1392146e+01
  -3.1769717e+00
  -1.5851612e+01
  -1.9871636e+01
  -9.4160133e+00
  -6.6812894e+00
  -1.9610895e+01
  -2.0754252e+00
   8.9219578e+00
  -1.8747094e+01
   5.3577953e+00
  -1.2483078e+01
  -1.7178561e+01
  -6.2714969e+00
   1.3788696e+00
   5.7848203e+00
  -1.0465850e+01
  -1.8423795e+01
  -4.3453175e+00
   6.7440943e+00
  -4.4096163e+00
   3.6206349e+00
   5.3741523e+00
   5.3693669e-01
   1.1165428e+01
   1.9903948e+01
   1.7899490e+01
   1.4486468e+01
   8.3074597e+00
  -7.9563856e-01
  -1.2771820e+01
  -2.1702734e+00
   1.2657560e+01
  -1.2448523e+01
   4.3916197e-01
   1.7926260e+01
   2.8707100e+00
  -8.1327721e+00
  -7.5406251e-01
  -1.3551262e+01
  -2.1590913e+00
  -1.5317548e+01
  -1.9833537e+01
  -1.2131811e+01
   6.5247389e+00
   1.6882214e+01
  -3.1906698e+00
  -2.1222827e+00
  -1.8125426e+00
   8.1443672e+00
   4.5716661e+00
   9.4267790e-02
   9.3253320e+00
  -7.6131883e+00
  -1.6829138e+00
   6.4903410e+00
  -1.2586767e-01
  -5.1182470e+00
  -3.9882943e-01
  -2.5730364e+00
  -4.8287230e+00
  -1.5022473e+01
  -9.2570017e+00
  -6.1222862e+00
  -1.5332397e+01
  -1.7270025e+01
   1.9431367e+01
   7.1710788e+00
  -9.9928730e+00
  -8.3513075e-01
   2.9692976e+00
  -8.5771499e+00
  -1.9955660e+01
  -9.7779442e+00
   6.1767439e+00
   5.7148458e+00
   3.3654152e-01
  -1.1726066e+01
  -1.7228510e+01
   7.6903130e+00
  -9.5823739e+00
  -1.1690446e+01
  -1.3112138e+01
   1.5033952e+01
  -1.6078354e+00
  -2.1278732e+00
  -6.2065430e+00
  -1.9157256e+01
   2.7706448e+00
   9.6230518e+00
   1.6569738e+01
  -1.1260476e+01
   5.5860618e+00
   7.9179808e+00
  -8.1421039e-01
   1.0297741e+01
  -8.4813251e+00
  -8.7029827e+00
   8.3129582e+00
   5.6103844e+00
  -2.8222914e+00
   6.5241329e+00
  -3.0018581e-02
  -3.6295729e+00
   1.1254450e+01
   1.2549188e+01
  -1.9339862e+01
  -1.6316594e+01
   1.9221490e+01
   1.4867164e+01
  -7.0835223e+00
   1.1208980e+01
  -1.4344825e+00
  -1.7881783e+01
  -9.5428370e+00
   1.5554871e+01
  -7.6590247e+00
   1.2709390e+00
   1.0417448e+01
  -1.5737064e+00
  -8.6562444e+00
  -1.9136234e+01
  -1.4405399e+01
  -6.4097631e+00
   1.7606164e+01
   1.4157981e+01
   1.6341693e+00
  -6.6055287e+00
  -4.8135496e+00
   6.4190664e+00
  -4.0071429e+00
  -8.2045448e+00
   2.2183055e+00
   1.3824149e+01
   4.4035460e+00
  -8.3073559e+00
  -1.4839184e+01
  -1.9699544e+01
   1.8918805e+01
  -1.3777766e-01
  -5.7986402e-01
  -9.4989653e-01
   1.7850884e+01
  -1.9629745e+01
  -1.0806228e+01
  -1.4420031e+01
  -5.0861459e+00
  -1.0165434e+01
   7.7265548e+00
   1.1070899e+01
  -8.6092631e+00
   1.2748485e+01
   1.7483383e+01
  -1.8089945e+01
   1.8417935e+01
   1.7587321e+00
  -1.2980242e+01
   8.4864539e+00
  -4.1280232e+00
   2.3741247e+00
   1.3734967e+01
   5.8219418e-01
  -5.3746890e+00
   1.8247612e+01
   1.3878288e+01
   1.3802736e+01
  -8.7711852e-01
  -1.9068024e+01
   1.7768118e+01
   1.1068524e+01
  -1.6485973e+01
   1.4906407e+01
   1.2540412e+01
   6.7513224e+00
  -1.9890155e+01
  -8.5499194e-01
   6.7096855e+00
  -1.2242329e+01
   6.2707993e+00
  -3.1013987e+00
  -1.3807612e+01
  -1.0764568e+01
  -6.0474468e+00
  -1.0696457e+01
  -8.8306314e+00
   6.8372652e+00
  -1.6227270e+01
  -7.1984574e+00
   1.9324783e+01
   1.4724757e+01
   5.7158814e+00
   8.3857684e-01
   6.3323701e+00
   1.4132610e+01
   5.6270043e+00
  -1.1592505e+01
  -5.2010644e+00
   1.2663372e+01
   1.5928444e+01
   2.5673066e-01
  -1.3260010e+01
   5.4268623e+00
   1.0947613e+01
  -1.8253470e+01
   2.2504364e+00
   4.0868819e+00
  -6.2874973e+00
  -4.5837063e+00
   1.5683747e+01
   1.5440575e+01
  -1.6539816e+01
  -1.0917758e+01
  -7.1689583e+00
  -1.6145967e+01
   6.9350897e+00
  -1.3713027e+01
  -1.7412384e+01
   1.5851511e+01
  -1.5355205e+01
  -1.4772130e+01
   8.3794198e+00
  -1.3345065e+01
  -1.5442165e+01
  -1.7278809e+01
  -7.1819837e+00
  -9.4685571e+00
  -1.7384062e+01
  -1.8849172e+01
   1.4312218e+01
  -1.4403909e+01
   1.9623706e+01
  -8.1433888e+00
   1.7661551e+01
   2.2629699e+00
  -1.5076169e+01
   1.1871079e+01
  -1.1139984e+01
  -1.7562162e+01
   1.3630464e+00
   4.2771654e+00
   7.7614717e+00
   1.1395766e+01
  -1.1023969e+01
  -4.1453338e-01
  -1.7337267e+01
   4.0029474e+00
   2.3303370e+00
   9.3361722e+00
   1.0601173e+01
   2.7718805e+00
   3.0398145e+00
  -7.4000786e-01
  -1.1675730e+01
   3.2162698e+00
   1.9965775e+01
   1.0847817e+01
  -6.8393974e+00
  -6.1332723e+00
   6.3163941e+00
  -1.8890477e+01
   6.4818886e+00
  -2.9218837e+00
   1.0716010e+01
   3.2000881e+00
  -9.2856817e+00
  -1.0367952e+01
   1.3010448e+01
  -1.5399802e+01
   1.2237695e+01
  -2.6591228e+00
  -1.7714745e+01
   2.1344584e+00
   2.0190477e+00
  -1.0613849e+01
   1.1974529e+01
  -1.6613087e+01
  -1.2362372e+01
   2.4910350e+00
  -2.6312056e+00
   9.9155063e+00
  -1.9463079e+01
   1.5340626e-01
  -7.1977581e+00
   1.1703062e+01
   1.2198422e+00
   1.0319708e+01
  -6.6024616e+00
  -8.8958167e+00
   1.3355882e+01
   8.7021397e-01
  -1.5429393e+01
   1.1424630e+01
  -4.6318079e-01
  -1.6322071e+01
   5.1273821e+00
   1.6862308e+01
  -1.5929143e+01
  -9.3302738e-01
   8.1253921e+00
   1.3864279e+01
  -3.8483726e+00
   3.1448669e+00
  -6.6444163e+00
   1.9597997e+01
  -1.0278700e+01
   7.3532216e+00
  -1.0082129e+01
  -1.1198309e+01
  -6.6803535e+00
  -1.2454585e+01
   1.0959499e+01
  -6.1021725e+00
   5.5547522e-01
   7.2693345e+00
  -8.1841831e+00
   1.5686014e+01
   6.6870162e+00
   3.1462502e-01
   1.2882369e+01
  -2.9567678e-01
   9.1246038e+00
  -2.3389643e+00
  -1.9805064e+01
  -5.6829204e+00
  -1.4857492e+01
  -1.4467394e+01
   7.4969537e+00
   1.7982932e+01
   5.7541214e+00
   1.1450728e+01
  -9.3713684e+00
  -1.8024679e+01
   1.2893151e+01
  -3.5134538e+00
   1.7732363e+01
  -8.6992396e+00
  -1.9686094e+01
   1.5649413e+01
  -1.7239615e+01
   9.3382759e+00
  -1.8217447e+01
   6.8354186e+00
  -1.9129293e+01
   9.1158213e+00
  -1.5547039e+01
  -3.6568673e+00
  -1.0443091e+00
   9.1323761e+00
   7.0493848e+00
   8.8669825e+00
  -1.7252622e+01
   1.8105002e+01
   1.1294577e+01
  -1.5268899e+01
  -1.5680489e+01
   1.4796350e+01
   1.5121157e+00
  -8.9498400e+00
   1.0915828e+01
   2.8646328e+00
   6.6333593e+00
  -3.8500722e-01
   1.1514800e+01
   3.5092040e+00
   1.8195249e+01
  -9.1883769e+00
  -1.8110740e+00
   1.2469180e+01
   2.1949616e+00
  -8.7475151e+00
   4.6058721e+00
  -4.9565194e+00
  -1.4346546e+01
   1.0107515e+00
  -2.4199658e+00
  -2.1225557e+00
  -5.5041730e+00
  -6.6865664e+00
  -7.2471866e+00
  -4.6517847e+00
   1.5857619e+01
  -1.3205508e+01
   1.4569030e+01
   3.0704888e+00
   1.9542046e+00
   1.4626864e+01
  -1.7484814e+01
  -1.0829265e+01
  -1.7435812e+00
  -2.2760579e+00
   2.3817241e+00
   1.2612994e+00
  -1.4147288e+01
  -5.4189099e+00
  -3.3441724e+00
  -1.5264975e+01
   1.5237518e+01
   1.6854416e+01
   4.7705558e+00
  -1.0369136e+01
   1.9447355e+01
   1.3856899e+01
  -7.7204721e+00
  -1.9812245e+01
   6.5997407e+00
  -1.5300873e+00
   1.2364875e+01
   3.0907380e+00
   1.5968737e+01
   1.0497381e+01
  -1.6890591e+01
  -1.3159733e+01
  -1.4109696e+01
  -2.1315098e+00
   1.0844245e+01
  -1.4029419e+01
   5.5640313e-01
  -1.3775223e+01
  -8.3344674e+00
  -7.5642574e+00
   1.9791551e+01
   1.0168245e+01
  -1.0959549e+01
   4.9381556e+00
  -4.9120611e-01
   3.1596102e+00
   1.1041986e+01
   7.2394080e+00
   2.1411458e+00
   4.3681481e+00
  -1.4658473e+01
   4.6706207e+00
  -7.4995353e+00
   9.1423482e+00
   1.3680363e+01
  -1.9292067e+01
   1.5313744e+01
  -1.8012425e+01
   4.7662208e+00
  -2.6662578e+00
   1.9951009e+01
   8.9266843e+00
  -1.0856222e+01
  -6.6819749e+00
  -1.3970549e+01
  -1.0247980e+01
  -4.6790831e+00
  -9.2698860e+00
  -3.1145048e+00
   8.0497570e+00
   7.2533794e+00
  -5.6393470e+00
  -1.3081796e+01
  -1.9534585e+01
  -1.4074542e+01
   2.8512312e+00
  -5.3322033e+00
   1.2112112e+01
  -6.9087193e+00
  -4.8478015e+00
  -1.2321066e+01
   1.0463279e+01
  -1.3712839e+00
  -6.2345313e+00
   5.1492911e+00
  -8.8803628e-01
  -5.0635253e+00
  -2.5099635e+00
   1.9981971e+01
   2.4891211e+00
   2.6568114e+00
   1.2860404e+01
   1.2612738e+01
   1.7543731e+01
   1.2605522e+00
   4.3630676e+00
  -1.3423270e+01
   6.5491130e+00
  -1.0615425e+01
  -1.2220309e+01
   1.1773447e+01
  -1.8087549e+01
  -1.3552517e+01
   3.7768174e+00
  -1.9381326e+01
   1.3485285e+01
   4.6673607e+00
   1.8788775e+01
   7.7571850e+00
   1.8560967e+01
  -2.9076984e+00
   1.7395877e+01
   1.6935142e+01
   1.9010749e+01
   1.2064400e+01
  -1.2705778e+01
   1.8578356e+01
  -9.1987330e+00
   8.4007570e-02
   1.5851969e+01
  -7.8653570e+00
  -7.3198125e+00
   1.1446651e+01
   1.4168938e+01
  -1.0879976e+01
   8.0432924e-01
  -4.5898951e+00
   1.3690514e+01
   5.9718444e+00
  -1.7103588e+01
  -1.6676344e+01
   1.5283931e+01
   1.6326163e+01
  -1.6986479e+01
  -4.1428068e+00
   1.9167478e+01
   3.8274697e-02
  -3.4325271e+00
   1.8469410e+01
  -1.3712753e+00
   1.4300732e+01
  -5.9433977e+00
  -1.5912532e+01
  -9.4094837e+00
  -1.7526793e+01
  -5.3334875e+00
  -1.5326774e+01
   1.9732908e+01
   6.6558240e+00
  -5.6598688e+00
   1.8515207e+01
   1.8931842e+00
  -6.9882664e+00
   1.0218511e+01
   1.1385238e+01
   1.1303451e+01
  -8.0645640e+00
   4.5898683e+00
  -1.9498520e+01
  -1.6828453e+01
   2.0189477e+00
   9.6137950e-01
  -1.2527859e+01
   4.4744447e+00
   9.1199264e+00
   3.8006993e+00
   1.4828527e+00
  -1.5331836e+00
  -7.0390342e+00
   3.9504056e+00
  -6.4981287e+00
  -1.3793873e+01
  -3.7649097e+00
   1.3536530e+01
  -6.6136720e+00
   1.6077963e+01
   6.6881525e+00
  -1.4932721e+01
  -1.9681218e+00
   5.2326983e+00
   1.7779774e+01
   9.4889195e+00
  -4.0138103e+00
   9.1441393e+00
  -5.2649647e+00
   2.7975644e-01
   7.4268830e+00
   6.4639747e+00
   4.0802636e+00
   1.5471091e+01
   6.3001988e+00
   6.4702011e+00
  -1.1316460e+01
   9.8574921e+00
  -6.2313675e+00
  -3.7567033e+00
  -1.9016130e+01
   1.2134867e+01
  -6.3869912e+00
  -1.5224566e+01
  -6.2206079e+00
   1.0670912e+01
  -1.0864249e+01
  -1.0509865e+01
  -1.4838222e+01
  -1.9583181e+01
  -1.1998130e+01
   8.6076297e+00
  -1.9607244e+00
  -1.6413797e+01
   1.2567467e+01
  -1.3670918e+01
  -1.5632958e+01
  -5.0218511e+00
  -3.8728454e+00
   3.1265994e+00
   9.8227613e+00
   4.4261415e+00
  -2.5576489e+00
   8.3715206e+00
   7.3952531e+00
   7.9055866e-01
   8.0302987e+00
   8.7054060e+00
  -1.2604939e+01
  -3.3224866e-01
   1.1178803e+01
  -1.8269062e+01
  -7.3458033e+00
   9.0277128e+00
  -7.5781020e+00
  -1.1930681e+01
  -9.8926500e+00
  -3.2062354e+00
  -3.0511516e+00
   2.6771516e+00
  -6.1456390e+00
   1.0797579e+01
   1.6051622e+01
  -1.2273687e+01
   1.1751058e+01
   1.6467266e-01
   1.4038029e+01
   1.5271471e+01
  -1.1290282e+01
  -1.3471059e+01
  -2.6665667e+00
  -1.0917710e+01
  -1.9174826e+01
   1.7440026e+01
  -9.2883578e+00
   7.6053683e+00
  -2.8366810e+00
  -1.5410130e+01
  -3.2113264e+00
   3.0285170e+00
  -1.8454256e+01
  -1.5470550e+01
   1.8322805e+01
  -1.2811901e+01
  -9.0497599e+00
  -9.1439929e+00
   7.1341178e+00
   9.6003515e+00
  -8.5071446e+00
   1.5201109e+01
   1.5423854e+01
   7.7257694e+00
  -1.9846515e+01
  -1.6908547e+01
  -1.0165504e+01
  -2.1039947e+00
   1.3345055e+01
   1.3987047e+01
  -7.2513546e+00
   1.4199817e+01
   6.4480442e+00
  -4.6798077e+00
  -5.2911896e+00
  -2.5092747e+00
   4.1854536e+00
   2.0101052e-01
   1.0627732e+01
  -1.5961298e+01
  -1.4293137e+01
   5.3142440e+00
  -1.3514688e+00
  -1.0285265e+01
   1.2753626e+01
   1.6731789e+01
   1.5485288e+01
   1.8478353e+01
  -1.7729179e+01
   4.3538640e+00
   6.1530107e-01
   1.5031511e+01
   1.5707376e+01
  -2.0391133e+00
   1.7513687e+01
   7.0780230e+00
  -1.1246954e+01
   1.9168329e+01
   1.3865852e+01
   1.3551495e+01
   1.8294106e-01
   7.0551381e+00
  -1.8817089e+01
  -1.8622526e+01
  -5.2695430e+00
  -9.5926960e+00
  -1.2576303e+01
   1.2409338e+01
   1.4371907e+01
   1.3912340e+01
   8.0449617e+00
  -3.0525675e+00
  -4.6675065e+00
   1.7294200e+01
   1.2911215e+01
  -1.1315946e+01
  -1.9878016e+01
   1.1262186e+01
   9.9480723e+00
   3.2896147e+00
  -1.2758733e+01
  -3.1832560e+00
   8.3651276e+00
  -6.8730175e+00
  -4.9204847e+00
  -1.2580633e+01
   2.4823339e+00
   4.8739572e+00
  -4.4793124e-01
  -5.1560898e+00
   1.3014167e+01
  -6.9238914e+00
   1.2660016e+01
   1.6436866e+01
   7.9196446e+00
  -2.7365828e+00
   1.5665149e+00
  -1.4643513e+01
   7.4999561e+00
  -1.0599635e+01
  -1.1847141e+01
   4.7552225e+00
   4.6326032e+00
   3.7672314e+00
  -5.1823503e+00
  -1.9161416e+01
   7.0306315e+00
   2.8711890e+00
   1.5419577e+01
   1.9355125e+01
   3.8157649e+00
   2.4598827e+00
  -3.8831301e+00
  -9.0262748e-01
  -9.5359834e+00
  -1.9946949e+01
  -9.2286303e-01
   1.2001374e+01
   8.0834438e+00
  -9.7819006e+00
  -9.4235994e+00
  -6.5223216e-01
   6.3009457e+00
  -1.5067883e+00
   1.0079584e+01
   2.9167354e+00
   1.9462293e+01
   2.6851988e+00
   1.2933120e+01
   4.0969618e+00
  -9.1175384e+00
  -1.1464103e+01
  -1.9989728e+01
  -1.0733708e+01
   1.7356341e+01
   4.9348572e+00
   1.7533418e+01
  -1.4500576e+01
   1.0556012e+01
   4.2741788e+00
  -8.6166662e-01
   1.7705286e+01
  -7.1050030e+00
  -1.8972299e+01
  -7.7192416e+00
  -1.3160255e+01
   1.8947101e+01
  -1.9770473e+01
  -8.4805532e+00
   8.8149722e-01
   1.5059783e+00
   2.7939689e+00
   1.0729296e+01
   1.5369114e+01
   1.8525097e+01
   1.4531829e+01
  -1.4849919e+01
   1.2629510e+01
  -1.1753185e+01
   2.6927377e+00
   3.5520087e-01
  -7.1909428e+00
  -6.9906887e-01
   1.0624231e+01
   1.3437654e+01
  -8.9134240e+00
   7.9021813e-01
   1.9899152e+01
  -1.9632781e+01
  -6.3270891e-01
  -1.4057467e+01
  -1.9563551e+01
  -2.5183036e+00
  -6.3958209e+00
   4.5511656e-01
  -7.7126094e-02
   1.8065139e+01
   5.9166113e+00
   1.1118313e+00
  -1.8538796e+01
  -1.2239764e+01
  -1.8099697e+01
  -1.3705586e+01
   1.3077190e+01
  -1.9762451e+00
   1.7241104e+01
   4.7960397e+00
  -1.2705883e+01
  -1.2133898e+01
  -1.5991510e-01
   1.5657631e+01
  -1.0879046e+01
  -3.7937687e+00
   1.1421396e+01
  -3.5810175e+00
   8.7790368e+00
  -5.6973049e+00
   9.0115431e+00
   8.2097667e+00
  -1.6719147e+01
   1.1202496e+01
   1.8310626e+01
  -1.0097778e+01
  -4.0953478e+00
   1.5407872e+01
  -5.4944397e+00
  -1.7589404e+01
  -1.1493532e+01
   1.7218964e+00
   1.3347928e+01
   7.4203629e-02
   9.9722664e+00
   1.1863477e+01
   1.4311609e+01
  -1.8590047e+01
  -1.2478703e+01
  -1.9337377e+01
   7.1803302e+00
  -1.9091511e+01
  -3.0216344e+00
  -1.6035060e+01
  -1.3898650e+01
   4.7674703e+00
   1.0447209e+01
   1.6891887e+01
  -3.3695661e+00
  -1.5738123e+01
   4.1324138e+00
   1.1814812e+01
   1.6419900e+01
   3.7469019e+00
  -1.0387646e+01
  -1.1928239e+01
  -1.8527915e+01
   1.2168548e+00
  -2.9880073e+00
  -8.8790027e+00
  -4.0434089e+00
  -1.0234000e+00
   1.4167789e+01
  -1.6926591e+01
  -1.2801041e+01
  -1.2184272e+01
   1.9771965e+01
  -9.4913784e+00
  -1.0339599e+01
  -1.8543295e+01
   9.0641777e+00
  -3.4069926e+00
   3.2154993e+00
   1.4798298e+01
  -3.2538717e+00
   3.1435596e+00
  -1.0138256e+01
   6.4754515e+00
   1.6801227e+01
  -3.2772088e+00
   5.2559647e-01
   2.0453740e+00
  -5.7586940e+00
   1.3101963e+01
  -8.2327749e+00
   1.8025093e+01
   1.8933622e+01
   2.3816603e-01
  -1.3051722e+01
   1.2335752e+01
   1.4473453e+01
  -1.8522249e+01
  -1.4341729e+01
   1.9066768e+01
   1.5917494e+01
  -8.5822108e+00
   1.1956227e+01
   1.5496239e+01
   1.5463788e+01
  -1.3178713e+01
   1.9442949e+01
  -6.9920012e+00
  -5.0963283e+00
  -1.4992127e+01
  -1.0502807e+01
  -1.3826009e+01
   1.7607089e+01
   7.1726635e+00
  -1.1933366e+01
   2.8147591e+00
  -4.5947967e+00
  -1.8989863e+01
   2.6194750e+00
  -1.9094156e+01
   1.7746637e+01
   5.5453547e-01
   7.0440361e+00
   1.9713066e+01
   1.7446519e+01
  -1.0781296e+01
   1.7667046e+01
  -7.7794411e+00
   1.6632084e+01
  -2.1510274e-01
  -8.2073675e+00
   1.1777363e+01
  -8.5250365e+00
   1.7601996e+01
  -1.6814740e+01
   1.8045205e+01
   3.3236361e+00
   1.9460481e+01
   1.1628286e+01
  -6.7523669e+00
  -7.1061211e+00
  -5.2968692e+00
   4.8131939e+00
   1.1671462e+01
  -1.6071179e+01
   1.3813014e+01
   1.7252868e+01
  -5.5928091e-01
   9.8865691e+00
   1.6149444e+01
   8.8499151e+00
  -4.5194266e+00
   2.1482112e+00
  -1.7738467e+01
  -1.7651197e+01
   1.1481854e+01
  -1.5075838e+01
  -5.9090470e+00
   1.3664712e+01
   2.4909960e+00
  -2.1700508e+00
  -1.2403225e+01
   1.4028467e+00
  -5.0903854e+00
   1.4399236e+01
  -1.7141078e+01
   9.8686150e+00
   3.3167464e+00
   1.5561743e+01
   4.5974611e+00
   1.8368148e+00
   3.1510751e+00
   1.6973680e+01
  -1.4981758e+01
   3.2823665e+00
   2.4721238e+00
  -1.6889806e+01
   1.2795205e-01
   1.9147989e+01
   1.9947446e+01
  -8.0056640e+00
   8.4785147e+00
   1.9211799e+01
  -4.3211062e+00
  -1.7099316e+01
  -5.1891523e+00
  -1.2584638e+00
  -1.9996666e+01
  -5.5397024e-01
   4.4122480e+00
  -1.0724320e+01
  -1.2378021e+01
   7.8692765e+00
  -1.0483907e+01
   2.5826029e+00
   1.4740845e+01
  -6.7995558e+00
  -6.6155784e+00
   9.5977337e+00
  -1.2651512e+01
   1.4203345e+01
  -1.1156560e+01
  -1.2666757e+01
  -6.3295550e+00
  -3.5014080e+00
   1.1392146e+01
  -3.1769717e+00
  -1.5851612e+01
  -1.9871636e+01
  -9.4160133e+00
  -6.6812894e+00
  -1.9610895e+01
  -2.0754252e+00
   8.9219578e+00
  -1.8747094e+01
   5.3577953e+00
  -1.2483078e+01
  -1.7178561e+01
  -6.2714969e+00
   1.3788696e+00
   5.7848203e+00
  -1.0465850e+01
  -1.8423795e+01
  -4.3453175e+00
   6.7440943e+00
  -4.4096163e+00
   3.6206349e+00
   5.3741523e+00
   5.3693669e-01
   1.1165428e+01
   1.9903948e+01
   1.7899490e+01
   1.4486468e+01
   8.3074597e+00
  -7.9563856e-01
  -1.2771820e+01
  -2.1702734e+00
   1.2657560e+01
  -1.2448523e+01
   4.3916197e-01
   1.7926260e+01
   2.8707100e+00
  -8.1327721e+00
  -7.5406251e-01
  -1.3551262e+01
  -2.1590913e+00
  -1.5317548e+01
  -1.9833537e+01
  -1.2131811e+01
   6.5247389e+00
   1.6882214e+01
  -3.1906698e+00
  -2.1222827e+00
  -1.8125426e+00
   8.1443672e+00
   4.5716661e+00
   9.4267790e-02
   9.3253320e+00
  -7.6131883e+00
  -1.6829138e+00
   6.4903410e+00
  -1.2586767e-01
  -5.1182470e+00
  -3.9882943e-01
  -2.5730364e+00
  -4.8287230e+00
  -1.5022473e+01
  -9.2570017e+00
  -6.1222862e+00
  -1.5332397e+01
  -1.7270025e+01
   1.9431367e+01
   7.1710788e+00
  -9.9928730e+00
  -8.3513075e-01
   2.9692976e+00
  -8.5771499e+00
  -1.9955660e+01
  -9.7779442e+00
   6.1767439e+00
   5.7148458e+00
   3.3654152e-01
  -1.1726066e+01
  -1.7228510e+01
   7.6903130e+00
  -9.5823739e+00
  -1.1690446e+01
  -1.3112138e+01
   1.5033952e+01
  -1.6078354e+00
  -2.1278732e+00
  -6.2065430e+00
  -1.9157256e+01
   2.7706448e+00
   9.6230518e+00
   1.6569738e+01
  -1.1260476e+01
   5.5860618e+00
   7.9179808e+00
  -8.1421039e-01
   1.0297741e+01
  -8.4813251e+00
  -8.7029827e+00
   8.3129582e+00
   5.6103844e+00
  -2.8222914e+00
   6.5241329e+00
  -3.0018581e-02
  -3.6295729e+00
   1.1254450e+01
   1.2549188e+01
  -1.9339862e+01
  -1.6316594e+01
   1.9221490e+01
   1.4867164e+01
  -7.0835223e+00
   1.1208980e+01
  -1.4344825e+00
  -1.7881783e+01
  -9.5428370e+00
   1.5554871e+01
  -7.6590247e+00
   1.2709390e+00
   1.0417448e+01
  -1.5737064e+00
  -8.6562444e+00
  -1.9136234e+01
  -1.4405399e+01
  -6.4097631e+00
   1.7606164e+01
   1.4157981e+01
   1.6341693e+00
  -6.6055287e+00
  -4.8135496e+00
   6.4190664e+00
  -4.0071429e+00
  -8.2045448e+00
   2.2183055e+00
   1.3824149e+01
   4.4035460e+00
  -8.3073559e+00
  -1.4839184e+01
  -1.9699544e+01
   1.8918805e+01
  -1.3777766e-01
  -5.7986402e-01
  -9.4989653e-01
   1.7850884e+01
  -1.9629745e+01
  -1.0806228e+01
  -1.4420031e+01
  -5.0861459e+00
  -1.0165434e+01
   7.7265548e+00
   1.1070899e+01
  -8.6092631e+00
   1.2748485e+01
   1.7483383e+01
  -1.8089945e+01
   1.8417935e+01
   1.7587321e+00
  -1.2980242e+01
   8.4864539e+00
  -4.1280232e+00
   2.3741247e+00
   1.3734967e+01
   5.8219418e-01
  -5.3746890e+00
   1.8247612e+01
   1.3878288e+01
   1.3802736e+01
  -8.7711852e-01
  -1.9068024e+01
   1.7768118e+01
   1.1068524e+01
  -1.6485973e+01
   1.4906407e+01
   1.2540412e+01
   6.7513224e+00
  -1.9890155e+01
  -8.5499194e-01
   6.7096855e+00
  -1.2242329e+01
   6.2707993e+00
  -3.1013987e+00
  -1.3807612e+01
  -1.0764568e+01
  -6.0474468e+00
  -1.0696457e+01
  -8.8306314e+00
   6.8372652e+00
  -1.6227270e+01
  -7.1984574e+00
   1.9324783e+01
   1.4724757e+01
   5.7158814e+00
   8.3857684e-01
   6.3323701e+00
   1.4132610e+01
   5.6270043e+00
  -1.1592505e+01
  -5.2010644e+00
   1.2663372e+01
   1.5928444e+01
   2.5673066e-01
  -1.3260010e+01
   5.4268623e+00
   1.0947613e+01
  -1.8253470e+01
   2.2504364e+00
   4.0868819e+00
  -6.2874973e+00
  -4.5837063e+00
   1.5683747e+01
   1.5440575e+01
  -1.6539816e+01
  -1.0917758e+01
  -7.1689583e+00
  -1.6145967e+01
   6.9350897e+00
  -1.3713027e+01
  -1.7412384e+01
   1.5851511e+01
  -1.5355205e+01
  -1.4772130e+01
   8.3794198e+00
  -1.3345065e+01
  -1.5442165e+01
  -1.7278809e+01
  -7.1819837e+00
  -9.4685571e+00
  -1.7384062e+01
  -1.8849172e+01
   1.4312218e+01
  -1.4403909e+01
   1.9623706e+01
  -8.1433888e+00
   1.7661551e+01
   2.2629699e+00
  -1.5076169e+01
   1.1871079e+01
  -1.1139984e+01
  -1.7562162e+01
   1.3630464e+00
   4.2771654e+00
   7.7614717e+00
   1.1395766e+01
  -1.1023969e+01
  -4.1453338e-01
  -1.7337267e+01
   4.0029474e+00
   2.3303370e+00
   9.3361722e+00
   1.0601173e+01
   2.7718805e+00
   3.0398145e+00
  -7.4000786e-01
  -1.1675730e+01
   3.2162698e+00
   1.9965775e+01
   1.0847817e+01
  -6.8393974e+00
  -6.1332723e+00
   6.3163941e+00
  -1.8890477e+01
   6.4818886e+00
  -2.9218837e+00
   1.0716010e+01
   3.2000881e+00
  -9.2856817e+00
  -1.0367952e+01
   1.3010448e+01
  -1.5399802e+01
   1.2237695e+01
  -2.6591228e+00
  -1.7714745e+01
   2.1344584e+00
   2.0190477e+00
  -1.0613849e+01
   1.1974529e+01
  -1.6613087e+01
  -1.2362372e+01
   2.4910350e+00
  -2.6312056e+00
   9.9155063e+00
  -1.9463079e+01
   1.5340626e-01
  -7.1977581e+00
   1.1703062e+01
   1.2198422e+00
   1.0319708e+01
  -6.6024616e+00
  -8.8958167e+00
   1.3355882e+01
   8.7021397e-01
  -1.5429393e+01
   1.1424630e+01
  -4.6318079e-01
  -1.6322071e+01
   5.1273821e+00
   1.6862308e+01
  -1.5929143e+01
  -9.3302738e-01
   8.1253921e+00
   1.3864279e+01
  -3.8483726e+00
   3.1448669e+00
  -6.6444163e+00
   1.9597997e+01
  -1.0278700e+01
   7.3532216e+00
  -1.0082129e+01
  -1.1198309e+01
  -6.6803535e+00
  -1.2454585e+01
   1.0959499e+01
  -6.1021725e+00
   5.5547522e-01
   7.2693345e+00
  -8.1841831e+00
   1.5686014e+01
   6.6870162e+00
   3.1462502e-01
   1.2882369e+01
  -2.9567678e-01
   9.1246038e+00
  -2.3389643e+00
  -1.9805064e+01
  -5.6829204e+00
  -1.4857492e+01
  -1.4467394e+01
   7.4969537e+00
   1.7982932e+01
   5.7541214e+00
   1.1450728e+01
  -9.3713684e+00
  -1.8024679e+01
   1.2893151e+01
  -3.5134538e+00
   1.7732363e+01
  -8.6992396e+00
  -1.9686094e+01
   1.5649413e+01
  -1.7239615e+01
   9.3382759e+00
  -1.8217447e+01
   6.8354186e+00
  -1.9129293e+01
   9.1158213e+00
  -1.5547039e+01
  -3.6568673e+00
  -1.0443091e+00
   9.1323761e+00
   7.0493848e+00
   8.8669825e+00
  -1.7252622e+01
   1.8105002e+01
   1.1294577e+01
  -1.5268899e+01
  -1.5680489e+01
   1.4796350e+01
   1.5121157e+00
  -8.9498400e+00
   1.0915828e+01
   2.8646328e+00
   6.6333593e+00
  -3.8500722e-01
   1.1514800e+01
   3.5092040e+00
   1.8195249e+01
  -9.1883769e+00
  -1.8110740e+00
   1.2469180e+01
   2.1949616e+00
  -8.7475151e+00
   4.6058721e+00
  -4.9565194e+00
  -1.4346546e+01
   1.0107515e+00
  -2.4199658e+00
  -2.1225557e+00
  -5.5041730e+00
  -6.6865664e+00
  -7.2471866e+00
  -4.6517847e+00
   1.5857619e+01
  -1.3205508e+01
   1.4569030e+01
   3.0704888e+00
   1.9542046e+00
   1.4626864e+01
  -1.7484814e+01
  -1.0829265e+01
  -1.7435812e+00
  -2.2760579e+00
   2.3817241e+00
   1.2612994e+00
  -1.4147288e+01
  -5.4189099e+00
  -3.3441724e+00
  -1.5264975e+01
   1.5237518e+01
   1.6854416e+01
   4.7705558e+00
  -1.0369136e+01
   1.9447355e+01
   1.3856899e+01
  -7.7204721e+00
  -1.9812245e+01
   6.5997407e+00
  -1.5300873e+00
   1.2364875e+01
   3.0907380e+00
   1.5968737e+01
   1.0497381e+01
  -1.6890591e+01
  -1.3159733e+01
  -1.4109696e+01
  -2.1315098e+00
   1.0844245e+01
  -1.4029419e+01
   5.5640313e-01
  -1.3775223e+01
  -8.3344674e+00
  -7.5642574e+00
   1.9791551e+01
   1.0168245e+01
  -1.0959549e+01
   4.9381556e+00
  -4.9120611e-01
   3.1596102e+00
   1.1041986e+01
   7.2394080e+00
   2.1411458e+00
   4.3681481e+00
  -1.4658473e+01
   4.6706207e+00
  -7.4995353e+00
   9.1423482e+00
   1.3680363e+01
  -1.9292067e+01
   1.5313744e+01
  -1.8012425e+01
   4.7662208e+00
  -2.6662578e+00
   1.9951009e+01
   8.9266843e+00
  -1.0856222e+01
  -6.6819749e+00
  -1.3970549e+01
  -1.0247980e+01
  -4.6790831e+00
  -9.2698860e+00
  -3.1145048e+00
   8.0497570e+00
   7.2533794e+00
  -5.6393470e+00
  -1.3081796e+01
  -1.9534585e+01
  -1.4074542e+01
   2.8512312e+00
  -5.3322033e+00
   1.2112112e+01
  -6.9087193e+00
  -4.8478015e+00
  -1.2321066e+01
   1.0463279e+01
  -1.3712839e+00
  -6.2345313e+00
   5.1492911e+00
  -8.8803628e-01
  -5.0635253e+00
  -2.5099635e+00
   1.9981971e+01
   2.4891211e+00
   2.6568114e+00
   1.2860404e+01
   1.2612738e+01
   1.7543731e+01
   1.2605522e+00
   4.3630676e+00
  -1.3423270e+01
   6.5491130e+00
  -1.0615425e+01
  -1.2220309e+01
   1.1773447e+01
  -1.8087549e+01
  -1.3552517e+01
   3.7768174e+00
  -1.9381326e+01
   1.3485285e+01
   4.6673607e+00
   1.8788775e+01
   7.7571850e+00
   1.8560967e+01
  -2.9076984e+00
   1.7395877e+01
   1.6935142e+01
   1.9010749e+01
   1.2064400e+01
  -1.2705778e+01
   1.8578356e+01
  -9.1987330e+00
   8.4007570e-02
   1.5851969e+01
  -7.8653570e+00
  -7.3198125e+00
   1.1446651e+01
   1.4168938e+01
  -1.0879976e+01
   8.0432924e-01
  -4.5898951e+00
   1.3690514e+01
   5.9718444e+00
  -1.7103588e+01
  -1.6676344e+01
   1.5283931e+01
   1.6326163e+01
  -1.6986479e+01
  -4.1428068e+00
   1.9167478e+01
   3.8274697e-02
  -3.4325271e+00
   1.8469410e+01
  -1.3712753e+00
   1.4300732e+01
  -5.9433977e+00
  -1.5912532e+01
  -9.4094837e+00
  -1.7526793e+01
  -5.3334875e+00
  -1.5326774e+01
   1.9732908e+01
   6.6558240e+00
  -5.6598688e+00
   1.8515207e+01
   1.8931842e+00
  -6.9882664e+00
   1.0218511e+01
   1.1385238e+01
   1.1303451e+01
  -8.0645640e+00
   4.5898683e+00
  -1.9498520e+01
  -1.6828453e+01
   2.0189477e+00
   9.6137950e-01
  -1.2527859e+01
   4.4744447e+00
   9.1199264e+00
   3.8006993e+00
   1.4828527e+00
  -1.5331836e+00
  -7.0390342e+00
   3.9504056e+00
  -6.4981287e+00
  -1.3793873e+01
  -3.7649097e+00
   1.3536530e+01
  -6.6136720e+00
   1.6077963e+01
   6.6881525e+00
  -1.4932721e+01
  -1.9681218e+00
   5.2326983e+00
   1.7779774e+01
   9.4889195e+00
  -4.0138103e+00
   9.1441393e+00
  -5.2649647e+00
   2.7975644e-01
   7.4268830e+00
