   7.5978295e+00
  -3.1586648e+00
   1.9423571e+01
   6.5356672e+00
   1.4772508e+01
   1.7695383e+01
   1.9291352e+01
   1.0361112e+01
   1.4242425e+01
   1.9868634e+01
   1.0252658e+01
   1.3950680e+01
   7.1738539e+00
   1.2531025e+01
   7.3620079e+00
   1.7679611e+01
   2.5700598e+01
  -3.0595579e-01
   5.6398811e+00
   1.1702895e+01
   2.8272302e+01
   2.5217423e+01
   1.9546535e+01
   2.5074945e+01
  -3.3663831e+00
   1.8281791e+01
   2.7290357e+01
   7.6899157e+00
  -8.2000744e-01
   1.6766537e+01
   2.4474500e+01
   1.7796914e+01
   1.6651909e+01
   2.4202264e+01
  -3.7545138e+00
   2.4359274e+00
   1.2129056e+01
   1.7287863e+01
   1.7034407e+01
   1.5503618e+01
   1.7529554e+01
   8.2911737e+00
   2.7510014e+01
   9.0327906e+00
   2.5592820e+01
   8.2001904e+00
   1.4021083e+01
   3.9570335e+00
   1.9803255e+01
  -7.1918155e-01
   1.6177603e+01
   2.8109305e+00
  -2.4872730e+00
   2.8194816e+01
   4.9125877e+00
   1.3982881e+01
   8.0880215e+00
   9.8042814e+00
   5.5731184e+00
   9.9735164e+00
   2.0614088e+01
   1.8649652e+01
   6.6418423e+00
   1.1446955e+01
   2.9296404e+01
   1.6376738e+01
   2.7139420e+00
   2.1802888e+00
   4.3834835e+00
   9.0735744e+00
   2.9171624e+01
  -2.7887740e+00
   1.0814467e+01
   2.1076424e+01
   1.4676675e+01
   7.0212517e+00
   1.3868636e+01
   1.8587465e+01
   2.3788374e+01
   2.8574925e+00
   7.1150448e+00
   4.8776469e+00
   3.2641172e+00
   4.0681829e+00
   2.0224058e+00
   1.3848203e+01
  -3.6777795e+00
   2.0516591e+01
   2.1153493e+00
   1.3875818e+01
   1.3639094e+01
   1.4017365e+01
   2.8001371e+01
   1.1900670e+01
   1.1142135e+01
   2.2177742e+00
   2.3298385e+01
   3.7007757e+00
  -1.3595155e-01
   1.5156843e+01
   2.2805412e+01
   2.8476823e+01
   7.7017137e+00
   1.0354000e+01
  -3.4145194e+00
  -3.2096126e+00
   8.6782123e+00
   1.9392013e+01
   1.0493938e+01
  -3.1421208e+00
   1.9222419e+01
   2.6692406e+01
   1.1033456e+01
   1.7049969e+01
  -3.7074658e+00
   1.2515075e+00
   2.5302118e+01
   2.7865568e+00
   6.3469687e+00
   2.1370241e+01
   2.0534259e+01
   1.8555762e+01
   5.2245431e+00
   5.0301575e-01
   1.0287269e+01
   6.3532234e+00
   1.6566161e+01
   2.4767066e+01
  -2.6629730e+00
  -1.1034290e+00
   1.0766927e+01
   2.9985958e+01
   1.1690437e+01
   2.3682888e+01
   2.2005333e+01
   9.0293999e+00
   1.0159561e+01
   1.4974582e+01
   5.8748994e+00
   3.5266643e+00
   3.2021149e+00
   1.9789274e+01
   5.1952821e+00
   7.8714073e+00
  -3.0444905e+00
  -1.1287889e+00
   2.1419593e+01
   1.6031342e+01
   2.9422717e+01
   2.6497844e+01
   9.2623486e+00
  -3.0101643e+00
   1.2002933e+01
   1.0429783e+01
   6.9440879e-01
   1.0467047e+01
   2.3411626e+01
   2.9824603e+01
  -3.5729167e+00
  -6.1814850e-01
   1.1528782e+01
   7.7466860e+00
   5.3266334e+00
   2.8661686e+01
  -3.0210327e-01
   1.3510274e+01
  -1.6545533e+00
   1.7080073e+01
   1.0661709e+01
   1.5542183e+01
   1.5775816e+01
   1.6535022e+01
   2.8942394e+01
   2.8450750e+01
  -3.1202146e+00
   2.2793529e+01
   1.8584686e+01
   2.9102054e+01
   2.9647201e+01
   1.0056990e+01
   6.7680370e+00
   2.8126134e+01
   1.6393958e+01
   1.7679472e+01
   2.8540506e+00
   1.5619753e+01
   9.4161216e+00
   6.2670844e+00
   8.9794688e+00
   2.7602764e+01
   1.2839242e+01
   2.2522618e+01
   2.1141427e+01
   4.5754586e+00
   2.5023857e+01
   8.6603558e-01
   1.0596857e+01
   7.4657332e+00
   5.7220234e+00
   6.7861945e+00
   2.4903308e+01
   1.0207660e+01
   8.1638405e+00
   1.1853392e+00
   2.1792634e+01
  -3.8047017e+00
   6.4184358e+00
   2.9960389e+01
   2.3629387e+01
   3.0019097e+00
   2.3429811e+00
   8.5490956e+00
   3.9910773e-02
   2.1005196e+01
   1.6767137e+01
   1.1756961e+01
  -1.8802056e-01
  -3.0643907e-01
   2.3031085e+01
  -3.9726163e+00
   1.3595833e+01
   5.4538729e-01
   4.2803730e+00
   1.8928890e+01
   6.4043984e-01
   2.4036032e+01
   2.5522449e+01
   2.3906808e+00
  -2.5995310e+00
   1.6669983e+01
   1.5276994e+01
   1.5601276e+01
   7.7056143e+00
   7.9423372e+00
   2.3021467e+01
   7.6777477e+00
  -3.3648338e+00
   2.6103649e+01
  -3.2521530e+00
   2.6906847e+01
   1.2579820e+01
  -3.6907015e+00
   2.6556839e+01
   7.8595909e+00
   2.4834365e+01
   2.5223021e+01
  -1.5026273e+00
   2.2439025e+01
   3.2436213e-02
   1.0306651e+01
   1.0877095e+01
   2.4934097e+01
  -1.0472966e+00
   2.5553821e+01
   1.8591006e+01
   5.8332430e+00
   6.8264318e+00
   2.4355985e+01
   2.6512304e+01
   2.0355275e+01
   6.2245020e+00
   2.4056713e+01
   8.8661436e+00
   2.1028312e+01
   2.1542259e+01
   1.3807826e+01
   1.8181956e+01
   2.8583812e+01
   6.6592778e+00
   2.4101567e+01
   1.9822381e+01
   2.5402054e+01
   1.1443157e+00
  -1.8752664e+00
   6.5789136e+00
   1.4977361e+01
   2.4393006e+01
   2.0460022e+00
  -3.5583078e+00
  -1.9728469e+00
   9.0946136e+00
   2.4497269e+01
   1.9844300e+01
   2.9365813e+01
   1.7225253e+01
   8.7277070e+00
  -1.9333877e+00
   1.6305749e+01
   1.4144962e+01
   2.1593061e+01
  -2.7559617e+00
   2.9022044e+01
  -2.6051983e+00
  -2.9952755e+00
   1.0231134e+01
   1.8508101e+01
  -2.5648595e-01
   2.1349348e+00
   1.3403152e+01
   1.4414205e+01
   2.1469392e+01
   2.4904863e+01
   2.9909305e+01
   1.9859779e+01
   1.6508130e+01
   1.2758904e+01
   7.8806812e+00
   2.1740693e+01
   1.0523868e+01
   2.9297546e+01
   2.8559224e+00
   9.6567830e+00
   1.9177009e+01
   1.1743609e+01
  -1.0348648e+00
   1.9892845e+01
   2.0088546e+01
   2.6221591e+01
   6.6223229e+00
   2.3601843e+01
   1.9194554e+00
   1.9798006e+01
   8.3035980e+00
   1.6241844e+01
   5.4572281e+00
   1.0566178e+01
   2.2650233e+01
   2.2762135e+01
  -3.7237203e+00
   2.3405759e+01
   2.9185215e+01
   5.6741081e+00
   2.9902435e+01
   1.1881633e+01
   1.4639836e+01
   1.7313693e+01
   2.4501364e+01
   1.3850573e+01
   1.4425479e+01
   2.1277060e+00
   1.3144394e+01
   1.4734915e+01
   1.0335437e+01
   1.8927062e+01
  -3.9111044e+00
   1.1016017e+01
   9.0243022e+00
   1.2651351e+01
   1.0616410e+00
  -6.0962912e-01
  -8.6991421e-01
   1.0652479e+01
   7.7975898e+00
   2.0546569e+00
   1.5086605e+01
   1.1842930e+00
   6.7139494e+00
  -2.3155270e+00
   1.9476131e+00
   1.5507993e+01
  -3.3841227e+00
   1.2233267e+01
   8.7586231e+00
   1.7648693e+01
   1.6695833e+01
   1.1942011e+00
   1.7723951e+01
   9.5770165e-01
   2.7534858e+01
   1.7115517e+01
  -1.8442914e+00
   8.4189069e-01
   2.7965584e+01
   1.2606186e+01
   4.7251607e-01
   1.2694723e+01
   1.1087020e+01
  -9.8143915e-01
   3.5059589e+00
   3.0505107e+00
   2.5012206e+01
   6.2349180e+00
   2.0054804e+01
   2.6204218e+01
   2.9574079e+00
   2.9313948e+01
   9.7542106e+00
   1.6949694e+01
   1.4697869e+01
   2.4426161e+01
   2.2901112e+01
   2.1197523e+01
   1.0615092e+01
  -9.9303380e-01
   9.4936988e+00
   8.7673564e+00
   1.0565591e+01
  -3.1983585e+00
   4.2430610e+00
   7.5435639e+00
   1.2301598e+01
   2.0747813e+01
   1.1529583e+01
   2.1059657e+01
   2.0174762e+01
   1.0606092e+01
   5.0750146e-01
   2.6863879e+01
   1.4079961e+01
   1.6189654e+01
   1.2774008e+01
   1.9645084e+01
   1.1010217e+01
   6.2310450e+00
   4.3994766e+00
   1.6021859e+01
   1.4932349e+01
   1.1203092e+01
   4.1684373e-02
   2.2431863e+01
   1.5170993e+01
   9.5823696e+00
  -3.0712449e+00
  -3.0806857e+00
   2.8519677e+01
   9.3066900e+00
   1.7079424e+01
   2.0877672e+01
   8.5608408e+00
   2.6177830e+01
   1.5633298e+01
   2.9614060e+00
   6.3664437e-01
   2.1922764e+01
   1.0633596e+01
   2.5846323e+01
   2.7803321e+01
   2.8435537e+01
   2.6296680e+01
   2.2029750e+01
   1.0174973e+01
   9.6568738e+00
   7.6797572e+00
   4.8553787e+00
   2.7560489e+01
   2.0624086e+01
   1.3084878e+01
  -3.1963901e+00
   2.4589856e+01
   4.2739388e+00
   1.2995425e+01
   1.7903706e+01
  -3.7113125e+00
   2.6712682e+01
   4.4160217e+00
   2.3692997e+01
   1.1885294e+01
   7.5960634e+00
   2.1504065e+01
   4.3247950e-01
   2.6750165e+01
   5.6874186e+00
   2.5625213e+01
   2.7565399e+01
   6.8730615e+00
   1.0518255e+01
   2.4699078e+01
   2.0359026e+01
   2.1717548e+00
   2.8600157e+01
   2.3839033e+01
   6.0762316e+00
   1.4824268e+01
   1.0467023e+01
   7.0570136e-01
   1.5571599e+01
  -3.8814893e+00
   2.3547808e+01
   1.5865261e+01
   1.3167512e+01
   1.5133653e+01
   1.4915303e+01
   4.9510150e+00
   1.8280312e+01
   2.0220513e+01
   1.9457992e+01
   2.6103269e+01
   9.8260030e+00
   5.8435720e+00
   1.3639946e+01
   6.7553844e+00
  -1.6796864e+00
   2.6146246e+01
  -2.0647710e+00
   1.7730684e+01
   7.1843831e+00
   9.5692402e+00
   2.4661002e+01
   2.3660654e+01
   4.0435164e-01
   4.4061552e+00
   1.5562688e+01
  -5.5352538e-01
   1.8576879e+01
  -3.6702513e+00
   1.1036129e+01
   1.3120170e+01
   2.4434116e+01
   2.8374681e+01
   2.8433750e+01
   4.2111106e+00
   9.7381946e+00
   7.3224748e+00
   2.3450481e+01
  -3.9172697e+00
   2.0660593e+01
   2.5586490e+01
   2.5023170e+01
   1.5418790e+01
   3.7157106e+00
   1.8196391e+01
  -2.0499505e-01
   9.9851064e+00
   1.8609026e+01
   2.5812320e+01
   1.1588029e-01
   2.2506640e+01
   8.5775301e+00
   1.9833662e+01
   2.4140407e+01
   1.4687871e+01
   5.6277224e+00
   2.4015143e+01
   2.1437652e+01
   2.0102991e+01
  -2.6103742e+00
   1.0306389e+01
   1.4296100e+01
   1.2078575e+01
   1.9421631e+01
   9.0088104e+00
   1.4243507e+01
   1.3509369e+01
   1.5224852e+01
   6.4952206e+00
   6.7121092e+00
   1.8577990e+01
   1.7267587e+01
   4.8541136e+00
   3.4721664e+00
   1.6503516e+01
   9.4569984e+00
   1.4042823e+01
   1.3502891e+01
   1.7587179e+01
   4.9246461e+00
   1.0716554e+01
   8.8179457e+00
   7.4581890e+00
   6.8450084e+00
   4.6937570e+00
  -2.2165270e+00
   1.1057162e+01
   1.4956999e+01
   2.9932406e+01
   1.1500309e+01
   2.3092081e+01
   5.7126115e+00
   8.0859025e+00
   2.3938760e+01
   5.8817394e+00
   1.2411147e+01
   1.2799933e+01
   2.1605550e+00
  -2.9897507e+00
   1.5990197e+01
   9.4764584e+00
   1.7131522e+01
   2.4745233e+01
   8.9007876e+00
   2.2485222e+01
   1.4766197e+01
   1.2001069e+01
   4.3121291e+00
   1.5978928e+01
   3.4167506e+00
   2.0113347e+01
   2.4502940e+01
   8.5581280e+00
   2.3426074e+01
   2.9164716e+01
   1.8840164e+01
   1.8177005e-01
   1.0819705e+01
   3.3311918e+00
   7.8307803e+00
   2.5524863e+01
   3.6003764e+00
   2.0283871e+01
  -9.9610831e-01
  -2.6184593e+00
   1.8123105e+00
   2.7963532e+01
   1.6325706e+01
   9.3663207e+00
  -3.6365091e+00
  -2.7645492e+00
   2.9236883e+01
   1.7637141e+01
   5.6514158e+00
   1.4053492e+01
   1.3578737e+01
   3.2793218e+00
  -3.3742862e+00
   8.0207790e+00
   2.3963869e+01
   5.8692454e+00
   1.7704782e+01
   2.3374824e+01
   7.7303616e+00
   2.7334703e+01
   2.7227244e+01
  -3.3132533e+00
   2.4533714e+01
   7.6193562e+00
   1.1111609e+01
   6.8584519e+00
   1.2818448e+01
   8.5543213e+00
   1.4206699e+01
   1.5166560e+01
   2.1312669e+01
   1.2329594e+01
   1.7061823e+01
   1.4118827e+01
   1.7066427e+01
   1.4470478e+01
   1.1046152e+01
   1.2499280e-01
   2.9331219e+01
   1.7174279e+01
   1.1310255e+01
   1.7258667e+01
   4.6894899e+00
  -2.6601819e+00
   2.5410986e+01
   1.5017880e+01
   1.3530993e+01
   1.1239923e+01
   1.4995494e+01
   1.7344291e+01
   7.6107548e+00
  -1.3072735e+00
   2.0385947e+01
  -2.5265461e+00
  -1.3882595e+00
   1.8017658e+01
  -8.4655707e-01
   4.9955682e+00
   2.0367181e+01
   2.0102166e+01
  -3.6051214e+00
   1.2013363e+01
  -1.4335708e+00
   1.4770451e+01
   3.0093993e+00
   2.5851476e+01
   2.3661300e+01
  -3.9492999e+00
   2.3741120e+01
   1.0029991e+01
   2.2543395e+01
   1.2226143e+01
   2.5730019e+01
  -5.5009790e-01
   3.2512545e+00
   8.1318996e+00
   2.4679024e+01
   1.7643743e+01
   1.9185773e+01
   2.5605870e+01
   1.6801219e+01
   2.9561961e+01
   1.6063852e+01
   2.3058275e+01
   2.6912424e+01
   1.4143251e+01
   2.9800338e+01
   1.6345643e+01
   2.1801447e+00
   5.1421897e+00
  -2.6705208e+00
   8.0858547e-01
   1.3816826e+01
   1.7525309e+01
   1.1142673e+01
   1.4103426e+01
   1.0109631e+01
   1.0052477e+01
   1.8602524e+01
   3.0969401e+00
  -3.2964162e+00
   1.3090370e+00
   1.7508861e+01
   6.0167625e+00
  -1.2178653e+00
   2.6471495e+01
   1.4544837e+01
   5.3156460e+00
   1.1589667e+01
   1.9673603e+01
   1.0698920e+01
   1.9513489e+01
   8.5745633e+00
   1.0972129e-01
   1.3441946e+00
  -2.7009866e+00
  -1.8549617e-01
   1.9196078e+01
   1.3281050e+01
   1.0859887e+01
   1.1444873e+01
   2.3218901e+01
   1.1404508e+01
   2.1068716e+01
   5.6701670e-01
   6.5207297e+00
   1.9036203e+01
   2.0557948e+01
   1.4143478e+01
   2.9583374e+01
   1.4832451e+01
   2.0369935e+01
   1.7649564e+01
   3.7602658e+00
   2.7084814e+01
   1.9416833e+01
  -1.3721506e+00
   8.3997594e+00
  -3.8865706e-01
   2.6483325e+01
   4.3201737e+00
   1.7756711e+01
   2.9244454e+01
   7.5952854e+00
   3.7034725e+00
   1.6607801e+00
   7.5024123e+00
   8.3628237e+00
   2.9933054e+01
   6.1994997e+00
   2.6127622e+01
   1.4899744e+01
  -7.4567971e-01
   2.0998677e+01
   1.5288231e+01
   2.3474156e+01
   8.5658221e+00
   3.2653036e+00
   3.5000086e+00
   6.0714724e-01
   4.2421205e+00
   1.8255239e+01
   5.0372337e+00
   2.1636098e+01
   2.3921415e+01
   1.5486189e+01
   2.9400522e+01
  -2.5374751e+00
   8.1167333e+00
   2.5766887e+01
   5.1736908e+00
   3.7994943e+00
   2.6972368e+01
   4.6901980e+00
   1.7620811e+01
   1.1416674e+01
   1.1838102e+01
  -5.0324896e-01
   2.1478129e+01
   2.1724713e+01
  -6.0152118e-01
   1.1670592e+00
   2.7326555e+01
   2.6453698e+01
   2.8232335e+01
   1.9979360e+01
   2.6078059e+00
   2.1218289e+01
   1.9328117e+01
   2.6172833e+01
   4.5384564e-03
   1.5251643e+01
   1.3971275e+01
  -1.5524969e+00
   6.0320648e+00
   1.6231398e+01
   6.2333608e+00
   1.0726164e+00
   2.0620350e+01
  -1.4388565e+00
   2.3850904e+01
   4.3394490e+00
  -1.9232005e+00
   1.2878060e+01
   2.7973827e+01
   1.2725134e+01
  -2.5109158e+00
   1.8901107e+01
   2.2181138e+01
   2.5346524e+01
   1.4136644e+01
   1.2368349e+01
   2.6734335e+01
  -3.2894857e+00
   1.6732680e+01
   1.4670037e+01
  -3.6763794e-01
   1.3753255e+01
   1.3649789e+01
   2.6840317e+01
   5.8428803e+00
   1.7157500e+01
   1.1744722e+00
   2.5413203e+01
   2.1047636e+01
   8.8385552e+00
   2.9051209e+01
   1.4416599e+00
  -3.3873758e+00
   1.9393407e+01
   1.9883894e+01
   7.3795649e+00
   2.2175185e+01
   2.8867950e+01
   1.3981401e+01
   3.0830977e+00
   1.1775918e+01
   2.1152269e+00
   5.3525468e+00
  -3.1133721e-01
   1.1934134e+01
   8.5256718e+00
   1.4788997e+01
   2.3751957e+01
  -1.2612978e+00
   2.9109858e+01
   1.3135935e-02
   4.4227219e+00
  -1.0828649e+00
  -2.8565913e+00
   9.3095975e+00
   2.4943528e+01
   2.9397044e+01
   1.4379352e+01
   7.6179718e+00
   2.1329347e+01
   1.2766861e+01
   1.6872145e+01
  -3.4020067e+00
   6.7334504e+00
   1.0884575e+01
   2.8269922e+01
   2.3609475e+01
   1.5927904e+01
   2.2654265e+01
   1.7004990e+01
   1.0540687e+01
  -2.9903805e+00
  -1.0835321e+00
   1.0311453e+01
   1.0932696e+01
   2.8844402e+01
   1.7483254e+01
   1.9668959e+01
   1.5334751e+01
   2.0762433e+01
  -4.3639061e-01
   2.2020820e+01
   1.4426523e+01
   1.7984211e+00
  -3.0759645e+00
   1.2090889e+01
   2.1536442e-01
   8.5611204e+00
   1.1694525e+01
   1.3158566e+01
   1.1838501e+01
  -2.2938669e+00
   2.9936209e+01
   2.9755208e+01
  -1.9581061e-01
   6.1191396e+00
   1.7824916e+01
   1.0724816e+01
   2.0300125e+01
   1.1579996e+01
   1.6771525e+01
   2.0545739e+01
   1.1737883e+01
   1.5981319e+01
   2.3968675e+01
   1.9939982e+01
   1.7272785e+01
   2.7131117e+01
   1.9183111e+01
   4.9499942e+00
   2.5191421e+01
   1.8921975e+01
   1.5922164e+01
   1.6706600e+01
   2.9191623e+01
   1.4526420e+01
   2.8167363e+01
   2.8588737e+01
   2.2039204e+01
   2.9833353e+01
   2.9685143e+01
   2.4193945e+01
   6.0251749e+00
   2.8713865e+01
   2.0760916e+01
   1.0430202e+01
   1.1723263e+01
   9.1821306e+00
  -2.0611341e+00
   2.2553007e+01
   2.5581272e+01
  -7.0225464e-01
  -6.4348818e-01
   2.4733249e+01
   1.8772494e+01
  -2.1909133e+00
   2.0463739e+01
   1.5014321e+01
   5.0788121e+00
   6.2464533e+00
   1.8263042e+01
   1.0998917e+01
  -6.8670071e-01
   2.6267485e+01
   2.8208962e+01
   1.4162254e+01
   1.4618819e+01
   2.4389833e+00
   1.8281972e+01
   1.0909201e+01
   2.2584174e+01
  -3.4433215e+00
   2.4744388e+01
   2.9433093e+01
   2.8463859e+00
   1.8276868e+01
  -4.9009714e-01
   1.8490915e+01
   1.6092298e+01
   8.5474389e+00
   1.1024602e+01
   1.1364708e+01
   4.0142262e+00
   2.9412996e+00
   4.2971367e-01
   1.5946155e+01
   3.8867055e-01
   1.6393019e+01
   2.2160347e+01
   1.1444587e+01
  -3.9520482e+00
   1.1566944e+01
   1.5737315e+01
   1.1319554e+01
   1.6376638e+01
   1.5751867e+01
   2.6737946e+01
  -2.2457994e+00
   1.6302181e+01
   2.6484558e+01
  -1.8011262e+00
  -3.0351308e+00
   2.5976361e+01
   2.6170297e+01
   5.4983246e+00
   4.2950358e+00
   1.1070264e+01
   2.0293451e+01
  -3.5297540e+00
   8.4956379e+00
   1.1090959e+01
  -1.6664631e+00
   1.9524356e+00
   1.9320006e+01
   1.1505923e+01
   9.8398652e+00
   5.5032290e+00
   2.1054042e+01
   2.4400779e+01
   1.0886815e+01
   2.0648581e+01
   1.1352806e+01
   2.1870174e+01
   7.5978295e+00
  -3.1586648e+00
   1.9423571e+01
   6.5356672e+00
   1.4772508e+01
   1.7695383e+01
   1.9291352e+01
   1.0361112e+01
   1.4242425e+01
   1.9868634e+01
   1.0252658e+01
   1.3950680e+01
   7.1738539e+00
   1.2531025e+01
   7.3620079e+00
   1.7679611e+01
   2.5700598e+01
  -3.0595579e-01
   5.6398811e+00
   1.1702895e+01
   2.8272302e+01
   2.5217423e+01
   1.9546535e+01
   2.5074945e+01
  -3.3663831e+00
   1.8281791e+01
   2.7290357e+01
   7.6899157e+00
  -8.2000744e-01
   1.6766537e+01
   2.4474500e+01
   1.7796914e+01
   1.6651909e+01
   2.4202264e+01
  -3.7545138e+00
   2.4359274e+00
   1.2129056e+01
   1.7287863e+01
   1.7034407e+01
   1.5503618e+01
   1.7529554e+01
   8.2911737e+00
   2.7510014e+01
   9.0327906e+00
   2.5592820e+01
   8.2001904e+00
   1.4021083e+01
   3.9570335e+00
   1.9803255e+01
  -7.1918155e-01
   1.6177603e+01
   2.8109305e+00
  -2.4872730e+00
   2.8194816e+01
   4.9125877e+00
   1.3982881e+01
   8.0880215e+00
   9.8042814e+00
   5.5731184e+00
   9.9735164e+00
   2.0614088e+01
   1.8649652e+01
   6.6418423e+00
   1.1446955e+01
   2.9296404e+01
   1.6376738e+01
   2.7139420e+00
   2.1802888e+00
   4.3834835e+00
   9.0735744e+00
   2.9171624e+01
  -2.7887740e+00
   1.0814467e+01
   2.1076424e+01
   1.4676675e+01
   7.0212517e+00
   1.3868636e+01
   1.8587465e+01
   2.3788374e+01
   2.8574925e+00
   7.1150448e+00
   4.8776469e+00
   3.2641172e+00
   4.0681829e+00
   2.0224058e+00
   1.3848203e+01
  -3.6777795e+00
   2.0516591e+01
   2.1153493e+00
   1.3875818e+01
   1.3639094e+01
   1.4017365e+01
   2.8001371e+01
   1.1900670e+01
   1.1142135e+01
   2.2177742e+00
   2.3298385e+01
   3.7007757e+00
  -1.3595155e-01
   1.5156843e+01
   2.2805412e+01
   2.8476823e+01
   7.7017137e+00
   1.0354000e+01
  -3.4145194e+00
  -3.2096126e+00
   8.6782123e+00
   1.9392013e+01
   1.0493938e+01
  -3.1421208e+00
   1.9222419e+01
   2.6692406e+01
   1.1033456e+01
   1.7049969e+01
  -3.7074658e+00
   1.2515075e+00
   2.5302118e+01
   2.7865568e+00
   6.3469687e+00
   2.1370241e+01
   2.0534259e+01
   1.8555762e+01
   5.2245431e+00
   5.0301575e-01
   1.0287269e+01
   6.3532234e+00
   1.6566161e+01
   2.4767066e+01
  -2.6629730e+00
  -1.1034290e+00
   1.0766927e+01
   2.9985958e+01
   1.1690437e+01
   2.3682888e+01
   2.2005333e+01
   9.0293999e+00
   1.0159561e+01
   1.4974582e+01
   5.8748994e+00
   3.5266643e+00
   3.2021149e+00
   1.9789274e+01
   5.1952821e+00
   7.8714073e+00
  -3.0444905e+00
  -1.1287889e+00
   2.1419593e+01
   1.6031342e+01
   2.9422717e+01
   2.6497844e+01
   9.2623486e+00
  -3.0101643e+00
   1.2002933e+01
   1.0429783e+01
   6.9440879e-01
   1.0467047e+01
   2.3411626e+01
   2.9824603e+01
  -3.5729167e+00
  -6.1814850e-01
   1.1528782e+01
   7.7466860e+00
   5.3266334e+00
   2.8661686e+01
  -3.0210327e-01
   1.3510274e+01
  -1.6545533e+00
   1.7080073e+01
   1.0661709e+01
   1.5542183e+01
   1.5775816e+01
   1.6535022e+01
   2.8942394e+01
   2.8450750e+01
  -3.1202146e+00
   2.2793529e+01
   1.8584686e+01
   2.9102054e+01
   2.9647201e+01
   1.0056990e+01
   6.7680370e+00
   2.8126134e+01
   1.6393958e+01
   1.7679472e+01
   2.8540506e+00
   1.5619753e+01
   9.4161216e+00
   6.2670844e+00
   8.9794688e+00
   2.7602764e+01
   1.2839242e+01
   2.2522618e+01
   2.1141427e+01
   4.5754586e+00
   2.5023857e+01
   8.6603558e-01
   1.0596857e+01
   7.4657332e+00
   5.7220234e+00
   6.7861945e+00
   2.4903308e+01
   1.0207660e+01
   8.1638405e+00
   1.1853392e+00
   2.1792634e+01
  -3.8047017e+00
   6.4184358e+00
   2.9960389e+01
   2.3629387e+01
   3.0019097e+00
   2.3429811e+00
   8.5490956e+00
   3.9910773e-02
   2.1005196e+01
   1.6767137e+01
   1.1756961e+01
  -1.8802056e-01
  -3.0643907e-01
   2.3031085e+01
  -3.9726163e+00
   1.3595833e+01
   5.4538729e-01
   4.2803730e+00
   1.8928890e+01
   6.4043984e-01
   2.4036032e+01
   2.5522449e+01
   2.3906808e+00
  -2.5995310e+00
   1.6669983e+01
   1.5276994e+01
   1.5601276e+01
   7.7056143e+00
   7.9423372e+00
   2.3021467e+01
   7.6777477e+00
  -3.3648338e+00
   2.6103649e+01
  -3.2521530e+00
   2.6906847e+01
   1.2579820e+01
  -3.6907015e+00
   2.6556839e+01
   7.8595909e+00
   2.4834365e+01
   2.5223021e+01
  -1.5026273e+00
   2.2439025e+01
   3.2436213e-02
   1.0306651e+01
   1.0877095e+01
   2.4934097e+01
  -1.0472966e+00
   2.5553821e+01
   1.8591006e+01
   5.8332430e+00
   6.8264318e+00
   2.4355985e+01
   2.6512304e+01
   2.0355275e+01
   6.2245020e+00
   2.4056713e+01
   8.8661436e+00
   2.1028312e+01
   2.1542259e+01
   1.3807826e+01
   1.8181956e+01
   2.8583812e+01
   6.6592778e+00
   2.4101567e+01
   1.9822381e+01
   2.5402054e+01
   1.1443157e+00
  -1.8752664e+00
   6.5789136e+00
   1.4977361e+01
   2.4393006e+01
   2.0460022e+00
  -3.5583078e+00
  -1.9728469e+00
   9.0946136e+00
   2.4497269e+01
   1.9844300e+01
   2.9365813e+01
   1.7225253e+01
   8.7277070e+00
  -1.9333877e+00
   1.6305749e+01
   1.4144962e+01
   2.1593061e+01
  -2.7559617e+00
   2.9022044e+01
  -2.6051983e+00
  -2.9952755e+00
   1.0231134e+01
   1.8508101e+01
  -2.5648595e-01
   2.1349348e+00
   1.3403152e+01
   1.4414205e+01
   2.1469392e+01
   2.4904863e+01
   2.9909305e+01
   1.9859779e+01
   1.6508130e+01
   1.2758904e+01
   7.8806812e+00
   2.1740693e+01
   1.0523868e+01
   2.9297546e+01
   2.8559224e+00
   9.6567830e+00
   1.9177009e+01
   1.1743609e+01
  -1.0348648e+00
   1.9892845e+01
   2.0088546e+01
   2.6221591e+01
   6.6223229e+00
   2.3601843e+01
   1.9194554e+00
   1.9798006e+01
   8.3035980e+00
   1.6241844e+01
   5.4572281e+00
   1.0566178e+01
   2.2650233e+01
   2.2762135e+01
  -3.7237203e+00
   2.3405759e+01
   2.9185215e+01
   5.6741081e+00
   2.9902435e+01
   1.1881633e+01
   1.4639836e+01
   1.7313693e+01
   2.4501364e+01
   1.3850573e+01
   1.4425479e+01
   2.1277060e+00
   1.3144394e+01
   1.4734915e+01
   1.0335437e+01
   1.8927062e+01
  -3.9111044e+00
   1.1016017e+01
   9.0243022e+00
   1.2651351e+01
   1.0616410e+00
  -6.0962912e-01
  -8.6991421e-01
   1.0652479e+01
   7.7975898e+00
   2.0546569e+00
   1.5086605e+01
   1.1842930e+00
   6.7139494e+00
  -2.3155270e+00
   1.9476131e+00
   1.5507993e+01
  -3.3841227e+00
   1.2233267e+01
   8.7586231e+00
   1.7648693e+01
   1.6695833e+01
   1.1942011e+00
   1.7723951e+01
   9.5770165e-01
   2.7534858e+01
   1.7115517e+01
  -1.8442914e+00
   8.4189069e-01
   2.7965584e+01
   1.2606186e+01
   4.7251607e-01
   1.2694723e+01
   1.1087020e+01
  -9.8143915e-01
   3.5059589e+00
   3.0505107e+00
   2.5012206e+01
   6.2349180e+00
   2.0054804e+01
   2.6204218e+01
   2.9574079e+00
   2.9313948e+01
   9.7542106e+00
   1.6949694e+01
   1.4697869e+01
   2.4426161e+01
   2.2901112e+01
   2.1197523e+01
   1.0615092e+01
  -9.9303380e-01
   9.4936988e+00
   8.7673564e+00
   1.0565591e+01
  -3.1983585e+00
   4.2430610e+00
   7.5435639e+00
   1.2301598e+01
   2.0747813e+01
   1.1529583e+01
   2.1059657e+01
   2.0174762e+01
   1.0606092e+01
   5.0750146e-01
   2.6863879e+01
   1.4079961e+01
   1.6189654e+01
   1.2774008e+01
   1.9645084e+01
   1.1010217e+01
   6.2310450e+00
   4.3994766e+00
   1.6021859e+01
   1.4932349e+01
   1.1203092e+01
   4.1684373e-02
   2.2431863e+01
   1.5170993e+01
   9.5823696e+00
  -3.0712449e+00
  -3.0806857e+00
   2.8519677e+01
   9.3066900e+00
   1.7079424e+01
   2.0877672e+01
   8.5608408e+00
   2.6177830e+01
   1.5633298e+01
   2.9614060e+00
   6.3664437e-01
   2.1922764e+01
   1.0633596e+01
   2.5846323e+01
   2.7803321e+01
   2.8435537e+01
   2.6296680e+01
   2.2029750e+01
   1.0174973e+01
   9.6568738e+00
   7.6797572e+00
   4.8553787e+00
   2.7560489e+01
   2.0624086e+01
   1.3084878e+01
  -3.1963901e+00
   2.4589856e+01
   4.2739388e+00
   1.2995425e+01
   1.7903706e+01
  -3.7113125e+00
   2.6712682e+01
   4.4160217e+00
   2.3692997e+01
   1.1885294e+01
   7.5960634e+00
   2.1504065e+01
   4.3247950e-01
   2.6750165e+01
   5.6874186e+00
   2.5625213e+01
   2.7565399e+01
   6.8730615e+00
   1.0518255e+01
   2.4699078e+01
   2.0359026e+01
   2.1717548e+00
   2.8600157e+01
   2.3839033e+01
   6.0762316e+00
   1.4824268e+01
   1.0467023e+01
   7.0570136e-01
   1.5571599e+01
  -3.8814893e+00
   2.3547808e+01
   1.5865261e+01
   1.3167512e+01
   1.5133653e+01
   1.4915303e+01
   4.9510150e+00
   1.8280312e+01
   2.0220513e+01
   1.9457992e+01
   2.6103269e+01
   9.8260030e+00
   5.8435720e+00
   1.3639946e+01
   6.7553844e+00
  -1.6796864e+00
   2.6146246e+01
  -2.0647710e+00
   1.7730684e+01
   7.1843831e+00
   9.5692402e+00
   2.4661002e+01
   2.3660654e+01
   4.0435164e-01
   4.4061552e+00
   1.5562688e+01
  -5.5352538e-01
   1.8576879e+01
  -3.6702513e+00
   1.1036129e+01
   1.3120170e+01
   2.4434116e+01
   2.8374681e+01
   2.8433750e+01
   4.2111106e+00
   9.7381946e+00
   7.3224748e+00
   2.3450481e+01
  -3.9172697e+00
   2.0660593e+01
   2.5586490e+01
   2.5023170e+01
   1.5418790e+01
   3.7157106e+00
   1.8196391e+01
  -2.0499505e-01
   9.9851064e+00
   1.8609026e+01
   2.5812320e+01
   1.1588029e-01
   2.2506640e+01
   8.5775301e+00
   1.9833662e+01
   2.4140407e+01
   1.4687871e+01
   5.6277224e+00
   2.4015143e+01
   2.1437652e+01
   2.0102991e+01
  -2.6103742e+00
   1.0306389e+01
   1.4296100e+01
   1.2078575e+01
   1.9421631e+01
   9.0088104e+00
   1.4243507e+01
   1.3509369e+01
   1.5224852e+01
   6.4952206e+00
   6.7121092e+00
   1.8577990e+01
   1.7267587e+01
   4.8541136e+00
   3.4721664e+00
   1.6503516e+01
   9.4569984e+00
   1.4042823e+01
   1.3502891e+01
   1.7587179e+01
   4.9246461e+00
   1.0716554e+01
   8.8179457e+00
   7.4581890e+00
   6.8450084e+00
   4.6937570e+00
  -2.2165270e+00
   1.1057162e+01
   1.4956999e+01
   2.9932406e+01
   1.1500309e+01
   2.3092081e+01
   5.7126115e+00
   8.0859025e+00
   2.3938760e+01
   5.8817394e+00
   1.2411147e+01
   1.2799933e+01
   2.1605550e+00
  -2.9897507e+00
   1.5990197e+01
   9.4764584e+00
   1.7131522e+01
   2.4745233e+01
   8.9007876e+00
   2.2485222e+01
   1.4766197e+01
   1.2001069e+01
   4.3121291e+00
   1.5978928e+01
   3.4167506e+00
   2.0113347e+01
   2.4502940e+01
   8.5581280e+00
   2.3426074e+01
   2.9164716e+01
   1.8840164e+01
   1.8177005e-01
   1.0819705e+01
   3.3311918e+00
   7.8307803e+00
   2.5524863e+01
   3.6003764e+00
   2.0283871e+01
  -9.9610831e-01
  -2.6184593e+00
   1.8123105e+00
   2.7963532e+01
   1.6325706e+01
   9.3663207e+00
  -3.6365091e+00
  -2.7645492e+00
   2.9236883e+01
   1.7637141e+01
   5.6514158e+00
   1.4053492e+01
   1.3578737e+01
   3.2793218e+00
  -3.3742862e+00
   8.0207790e+00
   2.3963869e+01
   5.8692454e+00
   1.7704782e+01
   2.3374824e+01
   7.7303616e+00
   2.7334703e+01
   2.7227244e+01
  -3.3132533e+00
   2.4533714e+01
   7.6193562e+00
   1.1111609e+01
   6.8584519e+00
   1.2818448e+01
   8.5543213e+00
   1.4206699e+01
   1.5166560e+01
   2.1312669e+01
   1.2329594e+01
   1.7061823e+01
   1.4118827e+01
   1.7066427e+01
   1.4470478e+01
   1.1046152e+01
   1.2499280e-01
   2.9331219e+01
   1.7174279e+01
   1.1310255e+01
   1.7258667e+01
   4.6894899e+00
  -2.6601819e+00
   2.5410986e+01
   1.5017880e+01
   1.3530993e+01
   1.1239923e+01
   1.4995494e+01
   1.7344291e+01
   7.6107548e+00
  -1.3072735e+00
   2.0385947e+01
  -2.5265461e+00
  -1.3882595e+00
   1.8017658e+01
  -8.4655707e-01
   4.9955682e+00
   2.0367181e+01
   2.0102166e+01
  -3.6051214e+00
   1.2013363e+01
  -1.4335708e+00
   1.4770451e+01
   3.0093993e+00
   2.5851476e+01
   2.3661300e+01
  -3.9492999e+00
   2.3741120e+01
   1.0029991e+01
   2.2543395e+01
   1.2226143e+01
   2.5730019e+01
  -5.5009790e-01
   3.2512545e+00
   8.1318996e+00
   2.4679024e+01
   1.7643743e+01
   1.9185773e+01
   2.5605870e+01
   1.6801219e+01
   2.9561961e+01
   1.6063852e+01
   2.3058275e+01
   2.6912424e+01
   1.4143251e+01
   2.9800338e+01
   1.6345643e+01
   2.1801447e+00
   5.1421897e+00
  -2.6705208e+00
   8.0858547e-01
   1.3816826e+01
   1.7525309e+01
   1.1142673e+01
   1.4103426e+01
   1.0109631e+01
   1.0052477e+01
   1.8602524e+01
   3.0969401e+00
  -3.2964162e+00
   1.3090370e+00
   1.7508861e+01
   6.0167625e+00
  -1.2178653e+00
   2.6471495e+01
   1.4544837e+01
   5.3156460e+00
   1.1589667e+01
   1.9673603e+01
   1.0698920e+01
   1.9513489e+01
   8.5745633e+00
   1.0972129e-01
   1.3441946e+00
  -2.7009866e+00
  -1.8549617e-01
   1.9196078e+01
   1.3281050e+01
   1.0859887e+01
   1.1444873e+01
   2.3218901e+01
   1.1404508e+01
   2.1068716e+01
   5.6701670e-01
   6.5207297e+00
   1.9036203e+01
   2.0557948e+01
   1.4143478e+01
   2.9583374e+01
   1.4832451e+01
   2.0369935e+01
   1.7649564e+01
   3.7602658e+00
   2.7084814e+01
   1.9416833e+01
  -1.3721506e+00
   8.3997594e+00
  -3.8865706e-01
   2.6483325e+01
   4.3201737e+00
   1.7756711e+01
   2.9244454e+01
   7.5952854e+00
   3.7034725e+00
   1.6607801e+00
   7.5024123e+00
   8.3628237e+00
   2.9933054e+01
   6.1994997e+00
   2.6127622e+01
   1.4899744e+01
  -7.4567971e-01
   2.0998677e+01
   1.5288231e+01
   2.3474156e+01
   8.5658221e+00
   3.2653036e+00
   3.5000086e+00
   6.0714724e-01
   4.2421205e+00
   1.8255239e+01
   5.0372337e+00
   2.1636098e+01
   2.3921415e+01
   1.5486189e+01
   2.9400522e+01
  -2.5374751e+00
   8.1167333e+00
   2.5766887e+01
   5.1736908e+00
   3.7994943e+00
   2.6972368e+01
   4.6901980e+00
   1.7620811e+01
   1.1416674e+01
   1.1838102e+01
  -5.0324896e-01
   2.1478129e+01
   2.1724713e+01
  -6.0152118e-01
   1.1670592e+00
   2.7326555e+01
   2.6453698e+01
   2.8232335e+01
   1.9979360e+01
   2.6078059e+00
   2.1218289e+01
   1.9328117e+01
   2.6172833e+01
   4.5384564e-03
   1.5251643e+01
   1.3971275e+01
  -1.5524969e+00
   6.0320648e+00
   1.6231398e+01
   6.2333608e+00
   1.0726164e+00
   2.0620350e+01
  -1.4388565e+00
   2.3850904e+01
   4.3394490e+00
  -1.9232005e+00
   1.2878060e+01
   2.7973827e+01
   1.2725134e+01
  -2.5109158e+00
   1.8901107e+01
   2.2181138e+01
   2.5346524e+01
   1.4136644e+01
   1.2368349e+01
   2.6734335e+01
  -3.2894857e+00
   1.6732680e+01
   1.4670037e+01
  -3.6763794e-01
   1.3753255e+01
   1.3649789e+01
   2.6840317e+01
   5.8428803e+00
   1.7157500e+01
   1.1744722e+00
   2.5413203e+01
   2.1047636e+01
   8.8385552e+00
   2.9051209e+01
   1.4416599e+00
  -3.3873758e+00
   1.9393407e+01
   1.9883894e+01
   7.3795649e+00
   2.2175185e+01
   2.8867950e+01
   1.3981401e+01
   3.0830977e+00
   1.1775918e+01
   2.1152269e+00
   5.3525468e+00
  -3.1133721e-01
   1.1934134e+01
   8.5256718e+00
   1.4788997e+01
   2.3751957e+01
  -1.2612978e+00
   2.9109858e+01
   1.3135935e-02
   4.4227219e+00
  -1.0828649e+00
  -2.8565913e+00
   9.3095975e+00
   2.4943528e+01
   2.9397044e+01
   1.4379352e+01
   7.6179718e+00
   2.1329347e+01
   1.2766861e+01
   1.6872145e+01
  -3.4020067e+00
   6.7334504e+00
   1.0884575e+01
   2.8269922e+01
   2.3609475e+01
   1.5927904e+01
   2.2654265e+01
   1.7004990e+01
   1.0540687e+01
  -2.9903805e+00
  -1.0835321e+00
   1.0311453e+01
   1.0932696e+01
   2.8844402e+01
   1.7483254e+01
   1.9668959e+01
   1.5334751e+01
   2.0762433e+01
  -4.3639061e-01
   2.2020820e+01
   1.4426523e+01
   1.7984211e+00
  -3.0759645e+00
   1.2090889e+01
   2.1536442e-01
   8.5611204e+00
   1.1694525e+01
   1.3158566e+01
   1.1838501e+01
  -2.2938669e+00
   2.9936209e+01
   2.9755208e+01
  -1.9581061e-01
   6.1191396e+00
   1.7824916e+01
   1.0724816e+01
   2.0300125e+01
   1.1579996e+01
   1.6771525e+01
   2.0545739e+01
   1.1737883e+01
   1.5981319e+01
   2.3968675e+01
   1.9939982e+01
   1.7272785e+01
   2.7131117e+01
   1.9183111e+01
   4.9499942e+00
   2.5191421e+01
   1.8921975e+01
   1.5922164e+01
   1.6706600e+01
   2.9191623e+01
   1.4526420e+01
   2.8167363e+01
   2.8588737e+01
   2.2039204e+01
   2.9833353e+01
   2.9685143e+01
   2.4193945e+01
   6.0251749e+00
   2.8713865e+01
   2.0760916e+01
   1.0430202e+01
   1.1723263e+01
   9.1821306e+00
  -2.0611341e+00
   2.2553007e+01
   2.5581272e+01
  -7.0225464e-01
  -6.4348818e-01
   2.4733249e+01
   1.8772494e+01
  -2.1909133e+00
   2.0463739e+01
   1.5014321e+01
   5.0788121e+00
   6.2464533e+00
   1.8263042e+01
   1.0998917e+01
  -6.8670071e-01
   2.6267485e+01
   2.8208962e+01
   1.4162254e+01
   1.4618819e+01
   2.4389833e+00
   1.8281972e+01
   1.0909201e+01
   2.2584174e+01
  -3.4433215e+00
   2.4744388e+01
   2.9433093e+01
   2.8463859e+00
   1.8276868e+01
  -4.9009714e-01
   1.8490915e+01
   1.6092298e+01
   8.5474389e+00
   1.1024602e+01
   1.1364708e+01
   4.0142262e+00
   2.9412996e+00
   4.2971367e-01
   1.5946155e+01
   3.8867055e-01
   1.6393019e+01
   2.2160347e+01
   1.1444587e+01
  -3.9520482e+00
   1.1566944e+01
   1.5737315e+01
   1.1319554e+01
   1.6376638e+01
   1.5751867e+01
   2.6737946e+01
  -2.2457994e+00
   1.6302181e+01
   2.6484558e+01
  -1.8011262e+00
  -3.0351308e+00
   2.5976361e+01
   2.6170297e+01
   5.4983246e+00
   4.2950358e+00
   1.1070264e+01
   2.0293451e+01
  -3.5297540e+00
   8.4956379e+00
   1.1090959e+01
  -1.6664631e+00
   1.9524356e+00
   1.9320006e+01
   1.1505923e+01
   9.8398652e+00
   5.5032290e+00
   2.1054042e+01
   2.4400779e+01
   1.0886815e+01
   2.0648581e+01
   1.1352806e+01
   2.1870174e+01
   7.5978295e+00
  -3.1586648e+00
   1.9423571e+01
   6.5356672e+00
   1.4772508e+01
   1.7695383e+01
   1.9291352e+01
   1.0361112e+01
   1.4242425e+01
   1.9868634e+01
   1.0252658e+01
   1.3950680e+01
   7.1738539e+00
   1.2531025e+01
   7.3620079e+00
   1.7679611e+01
   2.5700598e+01
  -3.0595579e-01
   5.6398811e+00
   1.1702895e+01
   2.8272302e+01
   2.5217423e+01
   1.9546535e+01
   2.5074945e+01
  -3.3663831e+00
   1.8281791e+01
   2.7290357e+01
   7.6899157e+00
  -8.2000744e-01
   1.6766537e+01
   2.4474500e+01
   1.7796914e+01
   1.6651909e+01
   2.4202264e+01
  -3.7545138e+00
   2.4359274e+00
   1.2129056e+01
   1.7287863e+01
   1.7034407e+01
   1.5503618e+01
   1.7529554e+01
   8.2911737e+00
   2.7510014e+01
   9.0327906e+00
   2.5592820e+01
   8.2001904e+00
   1.4021083e+01
   3.9570335e+00
   1.9803255e+01
  -7.1918155e-01
   1.6177603e+01
   2.8109305e+00
  -2.4872730e+00
   2.8194816e+01
   4.9125877e+00
   1.3982881e+01
   8.0880215e+00
   9.8042814e+00
   5.5731184e+00
   9.9735164e+00
   2.0614088e+01
   1.8649652e+01
   6.6418423e+00
   1.1446955e+01
   2.9296404e+01
   1.6376738e+01
   2.7139420e+00
   2.1802888e+00
   4.3834835e+00
   9.0735744e+00
   2.9171624e+01
  -2.7887740e+00
   1.0814467e+01
   2.1076424e+01
   1.4676675e+01
   7.0212517e+00
   1.3868636e+01
   1.8587465e+01
   2.3788374e+01
   2.8574925e+00
   7.1150448e+00
   4.8776469e+00
   3.2641172e+00
   4.0681829e+00
   2.0224058e+00
   1.3848203e+01
  -3.6777795e+00
   2.0516591e+01
   2.1153493e+00
   1.3875818e+01
   1.3639094e+01
   1.4017365e+01
   2.8001371e+01
   1.1900670e+01
   1.1142135e+01
   2.2177742e+00
   2.3298385e+01
   3.7007757e+00
  -1.3595155e-01
   1.5156843e+01
   2.2805412e+01
   2.8476823e+01
   7.7017137e+00
   1.0354000e+01
  -3.4145194e+00
  -3.2096126e+00
   8.6782123e+00
   1.9392013e+01
   1.0493938e+01
  -3.1421208e+00
   1.9222419e+01
   2.6692406e+01
   1.1033456e+01
   1.7049969e+01
  -3.7074658e+00
   1.2515075e+00
   2.5302118e+01
   2.7865568e+00
   6.3469687e+00
   2.1370241e+01
   2.0534259e+01
   1.8555762e+01
   5.2245431e+00
   5.0301575e-01
   1.0287269e+01
   6.3532234e+00
   1.6566161e+01
   2.4767066e+01
  -2.6629730e+00
  -1.1034290e+00
   1.0766927e+01
   2.9985958e+01
   1.1690437e+01
   2.3682888e+01
   2.2005333e+01
   9.0293999e+00
   1.0159561e+01
   1.4974582e+01
   5.8748994e+00
   3.5266643e+00
   3.2021149e+00
   1.9789274e+01
   5.1952821e+00
   7.8714073e+00
  -3.0444905e+00
  -1.1287889e+00
   2.1419593e+01
   1.6031342e+01
   2.9422717e+01
   2.6497844e+01
   9.2623486e+00
  -3.0101643e+00
   1.2002933e+01
   1.0429783e+01
   6.9440879e-01
   1.0467047e+01
   2.3411626e+01
   2.9824603e+01
  -3.5729167e+00
  -6.1814850e-01
   1.1528782e+01
   7.7466860e+00
   5.3266334e+00
   2.8661686e+01
  -3.0210327e-01
   1.3510274e+01
  -1.6545533e+00
   1.7080073e+01
   1.0661709e+01
   1.5542183e+01
   1.5775816e+01
   1.6535022e+01
   2.8942394e+01
   2.8450750e+01
  -3.1202146e+00
   2.2793529e+01
   1.8584686e+01
   2.9102054e+01
   2.9647201e+01
   1.0056990e+01
   6.7680370e+00
   2.8126134e+01
   1.6393958e+01
   1.7679472e+01
   2.8540506e+00
   1.5619753e+01
   9.4161216e+00
   6.2670844e+00
   8.9794688e+00
   2.7602764e+01
   1.2839242e+01
   2.2522618e+01
   2.1141427e+01
   4.5754586e+00
   2.5023857e+01
   8.6603558e-01
   1.0596857e+01
   7.4657332e+00
   5.7220234e+00
   6.7861945e+00
   2.4903308e+01
   1.0207660e+01
   8.1638405e+00
   1.1853392e+00
   2.1792634e+01
  -3.8047017e+00
   6.4184358e+00
   2.9960389e+01
   2.3629387e+01
   3.0019097e+00
   2.3429811e+00
   8.5490956e+00
   3.9910773e-02
   2.1005196e+01
   1.6767137e+01
   1.1756961e+01
  -1.8802056e-01
  -3.0643907e-01
   2.3031085e+01
  -3.9726163e+00
   1.3595833e+01
   5.4538729e-01
   4.2803730e+00
   1.8928890e+01
   6.4043984e-01
   2.4036032e+01
   2.5522449e+01
   2.3906808e+00
  -2.5995310e+00
   1.6669983e+01
   1.5276994e+01
   1.5601276e+01
   7.7056143e+00
   7.9423372e+00
   2.3021467e+01
   7.6777477e+00
  -3.3648338e+00
   2.6103649e+01
  -3.2521530e+00
   2.6906847e+01
   1.2579820e+01
  -3.6907015e+00
   2.6556839e+01
   7.8595909e+00
   2.4834365e+01
   2.5223021e+01
  -1.5026273e+00
   2.2439025e+01
   3.2436213e-02
   1.0306651e+01
   1.0877095e+01
   2.4934097e+01
  -1.0472966e+00
   2.5553821e+01
   1.8591006e+01
   5.8332430e+00
   6.8264318e+00
   2.4355985e+01
   2.6512304e+01
   2.0355275e+01
   6.2245020e+00
   2.4056713e+01
   8.8661436e+00
   2.1028312e+01
   2.1542259e+01
   1.3807826e+01
   1.8181956e+01
   2.8583812e+01
   6.6592778e+00
   2.4101567e+01
   1.9822381e+01
   2.5402054e+01
   1.1443157e+00
  -1.8752664e+00
   6.5789136e+00
   1.4977361e+01
   2.4393006e+01
   2.0460022e+00
  -3.5583078e+00
  -1.9728469e+00
   9.0946136e+00
   2.4497269e+01
   1.9844300e+01
   2.9365813e+01
   1.7225253e+01
   8.7277070e+00
  -1.9333877e+00
   1.6305749e+01
   1.4144962e+01
   2.1593061e+01
  -2.7559617e+00
   2.9022044e+01
  -2.6051983e+00
  -2.9952755e+00
   1.0231134e+01
   1.8508101e+01
  -2.5648595e-01
   2.1349348e+00
   1.3403152e+01
   1.4414205e+01
   2.1469392e+01
   2.4904863e+01
   2.9909305e+01
   1.9859779e+01
   1.6508130e+01
   1.2758904e+01
   7.8806812e+00
   2.1740693e+01
   1.0523868e+01
   2.9297546e+01
   2.8559224e+00
   9.6567830e+00
   1.9177009e+01
   1.1743609e+01
  -1.0348648e+00
   1.9892845e+01
   2.0088546e+01
   2.6221591e+01
   6.6223229e+00
   2.3601843e+01
   1.9194554e+00
   1.9798006e+01
   8.3035980e+00
   1.6241844e+01
   5.4572281e+00
   1.0566178e+01
   2.2650233e+01
   2.2762135e+01
  -3.7237203e+00
   2.3405759e+01
   2.9185215e+01
   5.6741081e+00
   2.9902435e+01
   1.1881633e+01
   1.4639836e+01
   1.7313693e+01
   2.4501364e+01
   1.3850573e+01
   1.4425479e+01
   2.1277060e+00
   1.3144394e+01
   1.4734915e+01
   1.0335437e+01
   1.8927062e+01
  -3.9111044e+00
   1.1016017e+01
   9.0243022e+00
   1.2651351e+01
   1.0616410e+00
  -6.0962912e-01
  -8.6991421e-01
   1.0652479e+01
   7.7975898e+00
   2.0546569e+00
   1.5086605e+01
   1.1842930e+00
   6.7139494e+00
  -2.3155270e+00
   1.9476131e+00
   1.5507993e+01
  -3.3841227e+00
   1.2233267e+01
   8.7586231e+00
   1.7648693e+01
   1.6695833e+01
   1.1942011e+00
   1.7723951e+01
   9.5770165e-01
   2.7534858e+01
   1.7115517e+01
  -1.8442914e+00
   8.4189069e-01
   2.7965584e+01
   1.2606186e+01
   4.7251607e-01
   1.2694723e+01
   1.1087020e+01
  -9.8143915e-01
   3.5059589e+00
   3.0505107e+00
   2.5012206e+01
   6.2349180e+00
   2.0054804e+01
   2.6204218e+01
   2.9574079e+00
   2.9313948e+01
   9.7542106e+00
   1.6949694e+01
   1.4697869e+01
   2.4426161e+01
   2.2901112e+01
   2.1197523e+01
   1.0615092e+01
  -9.9303380e-01
   9.4936988e+00
   8.7673564e+00
   1.0565591e+01
  -3.1983585e+00
   4.2430610e+00
   7.5435639e+00
   1.2301598e+01
   2.0747813e+01
   1.1529583e+01
   2.1059657e+01
   2.0174762e+01
   1.0606092e+01
   5.0750146e-01
   2.6863879e+01
   1.4079961e+01
   1.6189654e+01
   1.2774008e+01
   1.9645084e+01
   1.1010217e+01
   6.2310450e+00
   4.3994766e+00
   1.6021859e+01
   1.4932349e+01
   1.1203092e+01
   4.1684373e-02
   2.2431863e+01
   1.5170993e+01
   9.5823696e+00
  -3.0712449e+00
  -3.0806857e+00
   2.8519677e+01
   9.3066900e+00
   1.7079424e+01
   2.0877672e+01
   8.5608408e+00
   2.6177830e+01
   1.5633298e+01
   2.9614060e+00
   6.3664437e-01
   2.1922764e+01
   1.0633596e+01
   2.5846323e+01
   2.7803321e+01
   2.8435537e+01
   2.6296680e+01
   2.2029750e+01
   1.0174973e+01
   9.6568738e+00
   7.6797572e+00
   4.8553787e+00
   2.7560489e+01
   2.0624086e+01
   1.3084878e+01
  -3.1963901e+00
   2.4589856e+01
   4.2739388e+00
   1.2995425e+01
   1.7903706e+01
  -3.7113125e+00
   2.6712682e+01
   4.4160217e+00
   2.3692997e+01
   1.1885294e+01
   7.5960634e+00
   2.1504065e+01
   4.3247950e-01
   2.6750165e+01
   5.6874186e+00
   2.5625213e+01
   2.7565399e+01
   6.8730615e+00
   1.0518255e+01
   2.4699078e+01
   2.0359026e+01
   2.1717548e+00
   2.8600157e+01
   2.3839033e+01
   6.0762316e+00
   1.4824268e+01
   1.0467023e+01
   7.0570136e-01
   1.5571599e+01
  -3.8814893e+00
   2.3547808e+01
   1.5865261e+01
   1.3167512e+01
   1.5133653e+01
   1.4915303e+01
   4.9510150e+00
   1.8280312e+01
   2.0220513e+01
   1.9457992e+01
   2.6103269e+01
   9.8260030e+00
   5.8435720e+00
   1.3639946e+01
   6.7553844e+00
  -1.6796864e+00
   2.6146246e+01
  -2.0647710e+00
   1.7730684e+01
   7.1843831e+00
   9.5692402e+00
   2.4661002e+01
   2.3660654e+01
   4.0435164e-01
   4.4061552e+00
   1.5562688e+01
  -5.5352538e-01
   1.8576879e+01
  -3.6702513e+00
   1.1036129e+01
   1.3120170e+01
   2.4434116e+01
   2.8374681e+01
   2.8433750e+01
   4.2111106e+00
   9.7381946e+00
   7.3224748e+00
   2.3450481e+01
  -3.9172697e+00
   2.0660593e+01
   2.5586490e+01
   2.5023170e+01
   1.5418790e+01
   3.7157106e+00
   1.8196391e+01
  -2.0499505e-01
   9.9851064e+00
   1.8609026e+01
   2.5812320e+01
   1.1588029e-01
   2.2506640e+01
   8.5775301e+00
   1.9833662e+01
   2.4140407e+01
   1.4687871e+01
   5.6277224e+00
   2.4015143e+01
   2.1437652e+01
   2.0102991e+01
  -2.6103742e+00
   1.0306389e+01
   1.4296100e+01
   1.2078575e+01
   1.9421631e+01
   9.0088104e+00
   1.4243507e+01
   1.3509369e+01
   1.5224852e+01
   6.4952206e+00
   6.7121092e+00
   1.8577990e+01
   1.7267587e+01
   4.8541136e+00
   3.4721664e+00
   1.6503516e+01
   9.4569984e+00
   1.4042823e+01
   1.3502891e+01
   1.7587179e+01
   4.9246461e+00
   1.0716554e+01
   8.8179457e+00
   7.4581890e+00
   6.8450084e+00
   4.6937570e+00
  -2.2165270e+00
   1.1057162e+01
   1.4956999e+01
   2.9932406e+01
   1.1500309e+01
   2.3092081e+01
   5.7126115e+00
   8.0859025e+00
   2.3938760e+01
   5.8817394e+00
   1.2411147e+01
   1.2799933e+01
   2.1605550e+00
  -2.9897507e+00
   1.5990197e+01
   9.4764584e+00
   1.7131522e+01
   2.4745233e+01
   8.9007876e+00
   2.2485222e+01
   1.4766197e+01
   1.2001069e+01
   4.3121291e+00
   1.5978928e+01
   3.4167506e+00
   2.0113347e+01
   2.4502940e+01
   8.5581280e+00
   2.3426074e+01
   2.9164716e+01
   1.8840164e+01
   1.8177005e-01
   1.0819705e+01
   3.3311918e+00
   7.8307803e+00
   2.5524863e+01
   3.6003764e+00
   2.0283871e+01
  -9.9610831e-01
  -2.6184593e+00
   1.8123105e+00
   2.7963532e+01
   1.6325706e+01
   9.3663207e+00
  -3.6365091e+00
  -2.7645492e+00
   2.9236883e+01
   1.7637141e+01
   5.6514158e+00
   1.4053492e+01
   1.3578737e+01
   3.2793218e+00
  -3.3742862e+00
   8.0207790e+00
   2.3963869e+01
   5.8692454e+00
   1.7704782e+01
   2.3374824e+01
   7.7303616e+00
   2.7334703e+01
   2.7227244e+01
  -3.3132533e+00
   2.4533714e+01
   7.6193562e+00
   1.1111609e+01
   6.8584519e+00
   1.2818448e+01
   8.5543213e+00
   1.4206699e+01
   1.5166560e+01
   2.1312669e+01
   1.2329594e+01
   1.7061823e+01
   1.4118827e+01
   1.7066427e+01
   1.4470478e+01
   1.1046152e+01
   1.2499280e-01
   2.9331219e+01
   1.7174279e+01
   1.1310255e+01
   1.7258667e+01
   4.6894899e+00
  -2.6601819e+00
   2.5410986e+01
   1.5017880e+01
   1.3530993e+01
   1.1239923e+01
   1.4995494e+01
   1.7344291e+01
   7.6107548e+00
  -1.3072735e+00
   2.0385947e+01
  -2.5265461e+00
  -1.3882595e+00
   1.8017658e+01
  -8.4655707e-01
   4.9955682e+00
   2.0367181e+01
   2.0102166e+01
  -3.6051214e+00
   1.2013363e+01
  -1.4335708e+00
   1.4770451e+01
   3.0093993e+00
   2.5851476e+01
   2.3661300e+01
  -3.9492999e+00
   2.3741120e+01
   1.0029991e+01
   2.2543395e+01
   1.2226143e+01
   2.5730019e+01
  -5.5009790e-01
   3.2512545e+00
   8.1318996e+00
   2.4679024e+01
   1.7643743e+01
   1.9185773e+01
   2.5605870e+01
   1.6801219e+01
   2.9561961e+01
   1.6063852e+01
   2.3058275e+01
   2.6912424e+01
   1.4143251e+01
   2.9800338e+01
   1.6345643e+01
   2.1801447e+00
   5.1421897e+00
  -2.6705208e+00
   8.0858547e-01
   1.3816826e+01
   1.7525309e+01
   1.1142673e+01
   1.4103426e+01
   1.0109631e+01
   1.0052477e+01
   1.8602524e+01
   3.0969401e+00
  -3.2964162e+00
   1.3090370e+00
   1.7508861e+01
   6.0167625e+00
  -1.2178653e+00
   2.6471495e+01
   1.4544837e+01
   5.3156460e+00
   1.1589667e+01
   1.9673603e+01
   1.0698920e+01
   1.9513489e+01
   8.5745633e+00
   1.0972129e-01
   1.3441946e+00
  -2.7009866e+00
  -1.8549617e-01
   1.9196078e+01
   1.3281050e+01
   1.0859887e+01
   1.1444873e+01
   2.3218901e+01
   1.1404508e+01
   2.1068716e+01
   5.6701670e-01
   6.5207297e+00
   1.9036203e+01
   2.0557948e+01
   1.4143478e+01
   2.9583374e+01
   1.4832451e+01
   2.0369935e+01
   1.7649564e+01
   3.7602658e+00
   2.7084814e+01
   1.9416833e+01
  -1.3721506e+00
   8.3997594e+00
  -3.8865706e-01
   2.6483325e+01
   4.3201737e+00
   1.7756711e+01
   2.9244454e+01
   7.5952854e+00
   3.7034725e+00
   1.6607801e+00
   7.5024123e+00
   8.3628237e+00
   2.9933054e+01
   6.1994997e+00
   2.6127622e+01
   1.4899744e+01
  -7.4567971e-01
   2.0998677e+01
   1.5288231e+01
   2.3474156e+01
   8.5658221e+00
   3.2653036e+00
   3.5000086e+00
   6.0714724e-01
   4.2421205e+00
   1.8255239e+01
   5.0372337e+00
   2.1636098e+01
   2.3921415e+01
   1.5486189e+01
   2.9400522e+01
  -2.5374751e+00
   8.1167333e+00
   2.5766887e+01
   5.1736908e+00
   3.7994943e+00
   2.6972368e+01
   4.6901980e+00
   1.7620811e+01
   1.1416674e+01
   1.1838102e+01
  -5.0324896e-01
   2.1478129e+01
   2.1724713e+01
  -6.0152118e-01
   1.1670592e+00
   2.7326555e+01
   2.6453698e+01
   2.8232335e+01
   1.9979360e+01
   2.6078059e+00
   2.1218289e+01
   1.9328117e+01
   2.6172833e+01
   4.5384564e-03
   1.5251643e+01
   1.3971275e+01
  -1.5524969e+00
   6.0320648e+00
   1.6231398e+01
   6.2333608e+00
   1.0726164e+00
   2.0620350e+01
  -1.4388565e+00
   2.3850904e+01
   4.3394490e+00
  -1.9232005e+00
   1.2878060e+01
   2.7973827e+01
   1.2725134e+01
  -2.5109158e+00
   1.8901107e+01
   2.2181138e+01
   2.5346524e+01
   1.4136644e+01
   1.2368349e+01
   2.6734335e+01
  -3.2894857e+00
   1.6732680e+01
   1.4670037e+01
  -3.6763794e-01
   1.3753255e+01
   1.3649789e+01
   2.6840317e+01
   5.8428803e+00
   1.7157500e+01
   1.1744722e+00
   2.5413203e+01
   2.1047636e+01
   8.8385552e+00
   2.9051209e+01
   1.4416599e+00
  -3.3873758e+00
   1.9393407e+01
   1.9883894e+01
   7.3795649e+00
   2.2175185e+01
   2.8867950e+01
   1.3981401e+01
   3.0830977e+00
   1.1775918e+01
   2.1152269e+00
   5.3525468e+00
  -3.1133721e-01
   1.1934134e+01
   8.5256718e+00
   1.4788997e+01
   2.3751957e+01
  -1.2612978e+00
   2.9109858e+01
   1.3135935e-02
   4.4227219e+00
  -1.0828649e+00
  -2.8565913e+00
   9.3095975e+00
   2.4943528e+01
   2.9397044e+01
   1.4379352e+01
   7.6179718e+00
   2.1329347e+01
   1.2766861e+01
   1.6872145e+01
  -3.4020067e+00
   6.7334504e+00
   1.0884575e+01
   2.8269922e+01
   2.3609475e+01
   1.5927904e+01
   2.2654265e+01
   1.7004990e+01
   1.0540687e+01
  -2.9903805e+00
  -1.0835321e+00
   1.0311453e+01
   1.0932696e+01
   2.8844402e+01
   1.7483254e+01
   1.9668959e+01
   1.5334751e+01
   2.0762433e+01
  -4.3639061e-01
   2.2020820e+01
   1.4426523e+01
   1.7984211e+00
  -3.0759645e+00
   1.2090889e+01
   2.1536442e-01
   8.5611204e+00
   1.1694525e+01
   1.3158566e+01
   1.1838501e+01
  -2.2938669e+00
   2.9936209e+01
   2.9755208e+01
  -1.9581061e-01
   6.1191396e+00
   1.7824916e+01
   1.0724816e+01
   2.0300125e+01
   1.1579996e+01
   1.6771525e+01
   2.0545739e+01
   1.1737883e+01
   1.5981319e+01
   2.3968675e+01
   1.9939982e+01
   1.7272785e+01
   2.7131117e+01
   1.9183111e+01
   4.9499942e+00
   2.5191421e+01
   1.8921975e+01
   1.5922164e+01
   1.6706600e+01
   2.9191623e+01
   1.4526420e+01
   2.8167363e+01
   2.8588737e+01
   2.2039204e+01
   2.9833353e+01
   2.9685143e+01
   2.4193945e+01
   6.0251749e+00
   2.8713865e+01
   2.0760916e+01
   1.0430202e+01
   1.1723263e+01
   9.1821306e+00
  -2.0611341e+00
   2.2553007e+01
   2.5581272e+01
  -7.0225464e-01
  -6.4348818e-01
   2.4733249e+01
   1.8772494e+01
  -2.1909133e+00
   2.0463739e+01
   1.5014321e+01
   5.0788121e+00
   6.2464533e+00
   1.8263042e+01
   1.0998917e+01
  -6.8670071e-01
   2.6267485e+01
   2.8208962e+01
   1.4162254e+01
   1.4618819e+01
   2.4389833e+00
   1.8281972e+01
   1.0909201e+01
   2.2584174e+01
  -3.4433215e+00
   2.4744388e+01
   2.9433093e+01
   2.8463859e+00
   1.8276868e+01
  -4.9009714e-01
   1.8490915e+01
   1.6092298e+01
   8.5474389e+00
   1.1024602e+01
   1.1364708e+01
   4.0142262e+00
   2.9412996e+00
   4.2971367e-01
   1.5946155e+01
   3.8867055e-01
   1.6393019e+01
   2.2160347e+01
   1.1444587e+01
  -3.9520482e+00
   1.1566944e+01
   1.5737315e+01
   1.1319554e+01
   1.6376638e+01
   1.5751867e+01
   2.6737946e+01
  -2.2457994e+00
   1.6302181e+01
   2.6484558e+01
  -1.8011262e+00
  -3.0351308e+00
   2.5976361e+01
   2.6170297e+01
   5.4983246e+00
   4.2950358e+00
   1.1070264e+01
   2.0293451e+01
  -3.5297540e+00
   8.4956379e+00
   1.1090959e+01
  -1.6664631e+00
   1.9524356e+00
   1.9320006e+01
   1.1505923e+01
   9.8398652e+00
   5.5032290e+00
   2.1054042e+01
   2.4400779e+01
   1.0886815e+01
   2.0648581e+01
   1.1352806e+01
   2.1870174e+01
   7.5978295e+00
  -3.1586648e+00
   1.9423571e+01
   6.5356672e+00
   1.4772508e+01
   1.7695383e+01
   1.9291352e+01
   1.0361112e+01
   1.4242425e+01
   1.9868634e+01
   1.0252658e+01
   1.3950680e+01
   7.1738539e+00
   1.2531025e+01
   7.3620079e+00
   1.7679611e+01
   2.5700598e+01
  -3.0595579e-01
   5.6398811e+00
   1.1702895e+01
   2.8272302e+01
   2.5217423e+01
   1.9546535e+01
   2.5074945e+01
  -3.3663831e+00
   1.8281791e+01
   2.7290357e+01
   7.6899157e+00
  -8.2000744e-01
   1.6766537e+01
   2.4474500e+01
   1.7796914e+01
   1.6651909e+01
   2.4202264e+01
  -3.7545138e+00
   2.4359274e+00
   1.2129056e+01
   1.7287863e+01
   1.7034407e+01
   1.5503618e+01
   1.7529554e+01
   8.2911737e+00
   2.7510014e+01
   9.0327906e+00
   2.5592820e+01
   8.2001904e+00
   1.4021083e+01
   3.9570335e+00
   1.9803255e+01
  -7.1918155e-01
   1.6177603e+01
   2.8109305e+00
  -2.4872730e+00
   2.8194816e+01
   4.9125877e+00
   1.3982881e+01
   8.0880215e+00
   9.8042814e+00
   5.5731184e+00
   9.9735164e+00
   2.0614088e+01
   1.8649652e+01
   6.6418423e+00
   1.1446955e+01
   2.9296404e+01
   1.6376738e+01
   2.7139420e+00
   2.1802888e+00
   4.3834835e+00
   9.0735744e+00
   2.9171624e+01
  -2.7887740e+00
   1.0814467e+01
   2.1076424e+01
   1.4676675e+01
   7.0212517e+00
   1.3868636e+01
   1.8587465e+01
   2.3788374e+01
   2.8574925e+00
   7.1150448e+00
   4.8776469e+00
   3.2641172e+00
   4.0681829e+00
   2.0224058e+00
   1.3848203e+01
  -3.6777795e+00
   2.0516591e+01
   2.1153493e+00
   1.3875818e+01
   1.3639094e+01
   1.4017365e+01
   2.8001371e+01
   1.1900670e+01
   1.1142135e+01
   2.2177742e+00
   2.3298385e+01
   3.7007757e+00
  -1.3595155e-01
   1.5156843e+01
   2.2805412e+01
   2.8476823e+01
   7.7017137e+00
   1.0354000e+01
  -3.4145194e+00
  -3.2096126e+00
   8.6782123e+00
   1.9392013e+01
   1.0493938e+01
  -3.1421208e+00
   1.9222419e+01
   2.6692406e+01
   1.1033456e+01
   1.7049969e+01
  -3.7074658e+00
   1.2515075e+00
   2.5302118e+01
   2.7865568e+00
   6.3469687e+00
   2.1370241e+01
   2.0534259e+01
   1.8555762e+01
   5.2245431e+00
   5.0301575e-01
   1.0287269e+01
   6.3532234e+00
   1.6566161e+01
   2.4767066e+01
  -2.6629730e+00
  -1.1034290e+00
   1.0766927e+01
   2.9985958e+01
   1.1690437e+01
   2.3682888e+01
   2.2005333e+01
   9.0293999e+00
   1.0159561e+01
   1.4974582e+01
   5.8748994e+00
   3.5266643e+00
   3.2021149e+00
   1.9789274e+01
   5.1952821e+00
   7.8714073e+00
  -3.0444905e+00
  -1.1287889e+00
   2.1419593e+01
   1.6031342e+01
   2.9422717e+01
   2.6497844e+01
   9.2623486e+00
  -3.0101643e+00
   1.2002933e+01
   1.0429783e+01
   6.9440879e-01
   1.0467047e+01
   2.3411626e+01
   2.9824603e+01
  -3.5729167e+00
  -6.1814850e-01
   1.1528782e+01
   7.7466860e+00
   5.3266334e+00
   2.8661686e+01
  -3.0210327e-01
   1.3510274e+01
  -1.6545533e+00
   1.7080073e+01
   1.0661709e+01
   1.5542183e+01
   1.5775816e+01
   1.6535022e+01
   2.8942394e+01
   2.8450750e+01
  -3.1202146e+00
   2.2793529e+01
   1.8584686e+01
   2.9102054e+01
   2.9647201e+01
   1.0056990e+01
   6.7680370e+00
   2.8126134e+01
   1.6393958e+01
   1.7679472e+01
   2.8540506e+00
   1.5619753e+01
   9.4161216e+00
   6.2670844e+00
   8.9794688e+00
   2.7602764e+01
   1.2839242e+01
   2.2522618e+01
   2.1141427e+01
   4.5754586e+00
   2.5023857e+01
   8.6603558e-01
   1.0596857e+01
   7.4657332e+00
   5.7220234e+00
   6.7861945e+00
   2.4903308e+01
   1.0207660e+01
   8.1638405e+00
   1.1853392e+00
   2.1792634e+01
  -3.8047017e+00
   6.4184358e+00
   2.9960389e+01
   2.3629387e+01
   3.0019097e+00
   2.3429811e+00
   8.5490956e+00
   3.9910773e-02
   2.1005196e+01
   1.6767137e+01
   1.1756961e+01
  -1.8802056e-01
  -3.0643907e-01
   2.3031085e+01
  -3.9726163e+00
   1.3595833e+01
   5.4538729e-01
   4.2803730e+00
   1.8928890e+01
   6.4043984e-01
   2.4036032e+01
   2.5522449e+01
   2.3906808e+00
  -2.5995310e+00
   1.6669983e+01
   1.5276994e+01
   1.5601276e+01
   7.7056143e+00
   7.9423372e+00
   2.3021467e+01
   7.6777477e+00
  -3.3648338e+00
   2.6103649e+01
  -3.2521530e+00
   2.6906847e+01
   1.2579820e+01
  -3.6907015e+00
   2.6556839e+01
   7.8595909e+00
   2.4834365e+01
   2.5223021e+01
  -1.5026273e+00
   2.2439025e+01
   3.2436213e-02
   1.0306651e+01
   1.0877095e+01
   2.4934097e+01
  -1.0472966e+00
   2.5553821e+01
   1.8591006e+01
   5.8332430e+00
   6.8264318e+00
   2.4355985e+01
   2.6512304e+01
   2.0355275e+01
   6.2245020e+00
   2.4056713e+01
   8.8661436e+00
   2.1028312e+01
   2.1542259e+01
   1.3807826e+01
   1.8181956e+01
   2.8583812e+01
   6.6592778e+00
   2.4101567e+01
   1.9822381e+01
   2.5402054e+01
   1.1443157e+00
  -1.8752664e+00
   6.5789136e+00
   1.4977361e+01
   2.4393006e+01
   2.0460022e+00
  -3.5583078e+00
  -1.9728469e+00
   9.0946136e+00
   2.4497269e+01
   1.9844300e+01
   2.9365813e+01
   1.7225253e+01
   8.7277070e+00
  -1.9333877e+00
   1.6305749e+01
   1.4144962e+01
   2.1593061e+01
  -2.7559617e+00
   2.9022044e+01
  -2.6051983e+00
  -2.9952755e+00
   1.0231134e+01
   1.8508101e+01
  -2.5648595e-01
   2.1349348e+00
   1.3403152e+01
   1.4414205e+01
   2.1469392e+01
   2.4904863e+01
   2.9909305e+01
   1.9859779e+01
   1.6508130e+01
   1.2758904e+01
   7.8806812e+00
   2.1740693e+01
   1.0523868e+01
   2.9297546e+01
   2.8559224e+00
   9.6567830e+00
   1.9177009e+01
   1.1743609e+01
  -1.0348648e+00
   1.9892845e+01
   2.0088546e+01
   2.6221591e+01
   6.6223229e+00
   2.3601843e+01
   1.9194554e+00
   1.9798006e+01
   8.3035980e+00
   1.6241844e+01
   5.4572281e+00
   1.0566178e+01
   2.2650233e+01
   2.2762135e+01
  -3.7237203e+00
   2.3405759e+01
   2.9185215e+01
   5.6741081e+00
   2.9902435e+01
   1.1881633e+01
   1.4639836e+01
   1.7313693e+01
   2.4501364e+01
   1.3850573e+01
   1.4425479e+01
   2.1277060e+00
   1.3144394e+01
   1.4734915e+01
   1.0335437e+01
   1.8927062e+01
  -3.9111044e+00
   1.1016017e+01
   9.0243022e+00
   1.2651351e+01
   1.0616410e+00
  -6.0962912e-01
  -8.6991421e-01
   1.0652479e+01
   7.7975898e+00
   2.0546569e+00
   1.5086605e+01
   1.1842930e+00
   6.7139494e+00
  -2.3155270e+00
   1.9476131e+00
   1.5507993e+01
  -3.3841227e+00
   1.2233267e+01
   8.7586231e+00
   1.7648693e+01
   1.6695833e+01
   1.1942011e+00
   1.7723951e+01
   9.5770165e-01
   2.7534858e+01
   1.7115517e+01
  -1.8442914e+00
   8.4189069e-01
   2.7965584e+01
   1.2606186e+01
   4.7251607e-01
   1.2694723e+01
   1.1087020e+01
  -9.8143915e-01
   3.5059589e+00
   3.0505107e+00
   2.5012206e+01
   6.2349180e+00
   2.0054804e+01
   2.6204218e+01
   2.9574079e+00
   2.9313948e+01
   9.7542106e+00
   1.6949694e+01
   1.4697869e+01
   2.4426161e+01
   2.2901112e+01
   2.1197523e+01
   1.0615092e+01
  -9.9303380e-01
   9.4936988e+00
   8.7673564e+00
   1.0565591e+01
  -3.1983585e+00
   4.2430610e+00
   7.5435639e+00
   1.2301598e+01
   2.0747813e+01
   1.1529583e+01
   2.1059657e+01
   2.0174762e+01
   1.0606092e+01
   5.0750146e-01
   2.6863879e+01
   1.4079961e+01
   1.6189654e+01
   1.2774008e+01
   1.9645084e+01
   1.1010217e+01
   6.2310450e+00
   4.3994766e+00
   1.6021859e+01
   1.4932349e+01
   1.1203092e+01
   4.1684373e-02
   2.2431863e+01
   1.5170993e+01
   9.5823696e+00
  -3.0712449e+00
  -3.0806857e+00
   2.8519677e+01
   9.3066900e+00
   1.7079424e+01
   2.0877672e+01
   8.5608408e+00
   2.6177830e+01
   1.5633298e+01
   2.9614060e+00
   6.3664437e-01
   2.1922764e+01
   1.0633596e+01
   2.5846323e+01
   2.7803321e+01
   2.8435537e+01
   2.6296680e+01
   2.2029750e+01
   1.0174973e+01
   9.6568738e+00
   7.6797572e+00
   4.8553787e+00
   2.7560489e+01
   2.0624086e+01
   1.3084878e+01
  -3.1963901e+00
   2.4589856e+01
   4.2739388e+00
   1.2995425e+01
   1.7903706e+01
  -3.7113125e+00
   2.6712682e+01
   4.4160217e+00
   2.3692997e+01
   1.1885294e+01
   7.5960634e+00
   2.1504065e+01
   4.3247950e-01
   2.6750165e+01
   5.6874186e+00
   2.5625213e+01
   2.7565399e+01
   6.8730615e+00
   1.0518255e+01
   2.4699078e+01
   2.0359026e+01
   2.1717548e+00
   2.8600157e+01
   2.3839033e+01
   6.0762316e+00
   1.4824268e+01
   1.0467023e+01
   7.0570136e-01
   1.5571599e+01
  -3.8814893e+00
   2.3547808e+01
   1.5865261e+01
   1.3167512e+01
   1.5133653e+01
   1.4915303e+01
   4.9510150e+00
   1.8280312e+01
   2.0220513e+01
   1.9457992e+01
   2.6103269e+01
   9.8260030e+00
   5.8435720e+00
   1.3639946e+01
   6.7553844e+00
  -1.6796864e+00
   2.6146246e+01
  -2.0647710e+00
   1.7730684e+01
   7.1843831e+00
   9.5692402e+00
   2.4661002e+01
   2.3660654e+01
   4.0435164e-01
   4.4061552e+00
   1.5562688e+01
  -5.5352538e-01
   1.8576879e+01
  -3.6702513e+00
   1.1036129e+01
   1.3120170e+01
   2.4434116e+01
   2.8374681e+01
   2.8433750e+01
   4.2111106e+00
   9.7381946e+00
   7.3224748e+00
   2.3450481e+01
  -3.9172697e+00
   2.0660593e+01
   2.5586490e+01
   2.5023170e+01
   1.5418790e+01
   3.7157106e+00
   1.8196391e+01
  -2.0499505e-01
   9.9851064e+00
   1.8609026e+01
   2.5812320e+01
   1.1588029e-01
   2.2506640e+01
   8.5775301e+00
   1.9833662e+01
   2.4140407e+01
   1.4687871e+01
   5.6277224e+00
   2.4015143e+01
   2.1437652e+01
   2.0102991e+01
  -2.6103742e+00
   1.0306389e+01
   1.4296100e+01
   1.2078575e+01
   1.9421631e+01
   9.0088104e+00
   1.4243507e+01
   1.3509369e+01
   1.5224852e+01
   6.4952206e+00
   6.7121092e+00
   1.8577990e+01
   1.7267587e+01
   4.8541136e+00
   3.4721664e+00
   1.6503516e+01
   9.4569984e+00
   1.4042823e+01
   1.3502891e+01
   1.7587179e+01
   4.9246461e+00
   1.0716554e+01
   8.8179457e+00
   7.4581890e+00
   6.8450084e+00
   4.6937570e+00
  -2.2165270e+00
   1.1057162e+01
   1.4956999e+01
   2.9932406e+01
   1.1500309e+01
   2.3092081e+01
   5.7126115e+00
   8.0859025e+00
   2.3938760e+01
   5.8817394e+00
   1.2411147e+01
   1.2799933e+01
   2.1605550e+00
  -2.9897507e+00
   1.5990197e+01
   9.4764584e+00
   1.7131522e+01
   2.4745233e+01
   8.9007876e+00
   2.2485222e+01
   1.4766197e+01
   1.2001069e+01
   4.3121291e+00
   1.5978928e+01
   3.4167506e+00
   2.0113347e+01
   2.4502940e+01
   8.5581280e+00
   2.3426074e+01
   2.9164716e+01
   1.8840164e+01
   1.8177005e-01
   1.0819705e+01
   3.3311918e+00
   7.8307803e+00
   2.5524863e+01
   3.6003764e+00
   2.0283871e+01
  -9.9610831e-01
  -2.6184593e+00
   1.8123105e+00
   2.7963532e+01
   1.6325706e+01
   9.3663207e+00
  -3.6365091e+00
  -2.7645492e+00
   2.9236883e+01
   1.7637141e+01
   5.6514158e+00
   1.4053492e+01
   1.3578737e+01
   3.2793218e+00
  -3.3742862e+00
   8.0207790e+00
   2.3963869e+01
   5.8692454e+00
   1.7704782e+01
   2.3374824e+01
   7.7303616e+00
   2.7334703e+01
   2.7227244e+01
  -3.3132533e+00
   2.4533714e+01
   7.6193562e+00
   1.1111609e+01
   6.8584519e+00
   1.2818448e+01
   8.5543213e+00
   1.4206699e+01
   1.5166560e+01
   2.1312669e+01
   1.2329594e+01
   1.7061823e+01
   1.4118827e+01
   1.7066427e+01
   1.4470478e+01
   1.1046152e+01
   1.2499280e-01
   2.9331219e+01
   1.7174279e+01
   1.1310255e+01
   1.7258667e+01
   4.6894899e+00
  -2.6601819e+00
   2.5410986e+01
   1.5017880e+01
   1.3530993e+01
   1.1239923e+01
   1.4995494e+01
   1.7344291e+01
   7.6107548e+00
  -1.3072735e+00
   2.0385947e+01
  -2.5265461e+00
  -1.3882595e+00
   1.8017658e+01
  -8.4655707e-01
   4.9955682e+00
   2.0367181e+01
   2.0102166e+01
  -3.6051214e+00
   1.2013363e+01
  -1.4335708e+00
   1.4770451e+01
   3.0093993e+00
   2.5851476e+01
   2.3661300e+01
  -3.9492999e+00
   2.3741120e+01
   1.0029991e+01
   2.2543395e+01
   1.2226143e+01
   2.5730019e+01
  -5.5009790e-01
   3.2512545e+00
   8.1318996e+00
   2.4679024e+01
   1.7643743e+01
   1.9185773e+01
   2.5605870e+01
   1.6801219e+01
   2.9561961e+01
   1.6063852e+01
   2.3058275e+01
   2.6912424e+01
   1.4143251e+01
   2.9800338e+01
   1.6345643e+01
   2.1801447e+00
   5.1421897e+00
  -2.6705208e+00
   8.0858547e-01
   1.3816826e+01
   1.7525309e+01
   1.1142673e+01
   1.4103426e+01
   1.0109631e+01
   1.0052477e+01
   1.8602524e+01
   3.0969401e+00
  -3.2964162e+00
   1.3090370e+00
   1.7508861e+01
   6.0167625e+00
  -1.2178653e+00
   2.6471495e+01
   1.4544837e+01
   5.3156460e+00
   1.1589667e+01
   1.9673603e+01
   1.0698920e+01
   1.9513489e+01
   8.5745633e+00
   1.0972129e-01
   1.3441946e+00
  -2.7009866e+00
  -1.8549617e-01
   1.9196078e+01
   1.3281050e+01
   1.0859887e+01
   1.1444873e+01
   2.3218901e+01
   1.1404508e+01
   2.1068716e+01
   5.6701670e-01
   6.5207297e+00
   1.9036203e+01
   2.0557948e+01
   1.4143478e+01
   2.9583374e+01
   1.4832451e+01
   2.0369935e+01
   1.7649564e+01
   3.7602658e+00
   2.7084814e+01
   1.9416833e+01
  -1.3721506e+00
   8.3997594e+00
  -3.8865706e-01
   2.6483325e+01
   4.3201737e+00
   1.7756711e+01
   2.9244454e+01
   7.5952854e+00
   3.7034725e+00
   1.6607801e+00
   7.5024123e+00
   8.3628237e+00
   2.9933054e+01
   6.1994997e+00
   2.6127622e+01
   1.4899744e+01
  -7.4567971e-01
   2.0998677e+01
   1.5288231e+01
   2.3474156e+01
   8.5658221e+00
   3.2653036e+00
   3.5000086e+00
   6.0714724e-01
   4.2421205e+00
   1.8255239e+01
   5.0372337e+00
   2.1636098e+01
   2.3921415e+01
   1.5486189e+01
   2.9400522e+01
  -2.5374751e+00
   8.1167333e+00
   2.5766887e+01
   5.1736908e+00
   3.7994943e+00
   2.6972368e+01
   4.6901980e+00
   1.7620811e+01
   1.1416674e+01
   1.1838102e+01
  -5.0324896e-01
   2.1478129e+01
   2.1724713e+01
  -6.0152118e-01
   1.1670592e+00
   2.7326555e+01
   2.6453698e+01
   2.8232335e+01
   1.9979360e+01
   2.6078059e+00
   2.1218289e+01
   1.9328117e+01
   2.6172833e+01
   4.5384564e-03
   1.5251643e+01
   1.3971275e+01
  -1.5524969e+00
   6.0320648e+00
   1.6231398e+01
   6.2333608e+00
   1.0726164e+00
   2.0620350e+01
  -1.4388565e+00
   2.3850904e+01
   4.3394490e+00
  -1.9232005e+00
   1.2878060e+01
   2.7973827e+01
   1.2725134e+01
  -2.5109158e+00
   1.8901107e+01
   2.2181138e+01
   2.5346524e+01
   1.4136644e+01
   1.2368349e+01
   2.6734335e+01
  -3.2894857e+00
   1.6732680e+01
   1.4670037e+01
  -3.6763794e-01
   1.3753255e+01
   1.3649789e+01
   2.6840317e+01
   5.8428803e+00
   1.7157500e+01
   1.1744722e+00
   2.5413203e+01
   2.1047636e+01
   8.8385552e+00
   2.9051209e+01
   1.4416599e+00
  -3.3873758e+00
   1.9393407e+01
   1.9883894e+01
   7.3795649e+00
   2.2175185e+01
   2.8867950e+01
   1.3981401e+01
   3.0830977e+00
   1.1775918e+01
   2.1152269e+00
   5.3525468e+00
  -3.1133721e-01
   1.1934134e+01
   8.5256718e+00
   1.4788997e+01
   2.3751957e+01
  -1.2612978e+00
   2.9109858e+01
   1.3135935e-02
   4.4227219e+00
  -1.0828649e+00
  -2.8565913e+00
   9.3095975e+00
   2.4943528e+01
   2.9397044e+01
   1.4379352e+01
   7.6179718e+00
   2.1329347e+01
   1.2766861e+01
   1.6872145e+01
  -3.4020067e+00
   6.7334504e+00
   1.0884575e+01
   2.8269922e+01
   2.3609475e+01
   1.5927904e+01
   2.2654265e+01
   1.7004990e+01
   1.0540687e+01
  -2.9903805e+00
  -1.0835321e+00
   1.0311453e+01
   1.0932696e+01
   2.8844402e+01
   1.7483254e+01
   1.9668959e+01
   1.5334751e+01
   2.0762433e+01
  -4.3639061e-01
   2.2020820e+01
   1.4426523e+01
   1.7984211e+00
  -3.0759645e+00
   1.2090889e+01
   2.1536442e-01
   8.5611204e+00
   1.1694525e+01
   1.3158566e+01
   1.1838501e+01
  -2.2938669e+00
   2.9936209e+01
   2.9755208e+01
  -1.9581061e-01
   6.1191396e+00
   1.7824916e+01
   1.0724816e+01
   2.0300125e+01
   1.1579996e+01
   1.6771525e+01
   2.0545739e+01
   1.1737883e+01
   1.5981319e+01
   2.3968675e+01
   1.9939982e+01
   1.7272785e+01
   2.7131117e+01
   1.9183111e+01
   4.9499942e+00
   2.5191421e+01
   1.8921975e+01
   1.5922164e+01
   1.6706600e+01
   2.9191623e+01
   1.4526420e+01
   2.8167363e+01
   2.8588737e+01
   2.2039204e+01
   2.9833353e+01
   2.9685143e+01
   2.4193945e+01
   6.0251749e+00
   2.8713865e+01
   2.0760916e+01
   1.0430202e+01
   1.1723263e+01
   9.1821306e+00
  -2.0611341e+00
   2.2553007e+01
   2.5581272e+01
  -7.0225464e-01
  -6.4348818e-01
   2.4733249e+01
   1.8772494e+01
  -2.1909133e+00
   2.0463739e+01
   1.5014321e+01
   5.0788121e+00
   6.2464533e+00
   1.8263042e+01
   1.0998917e+01
  -6.8670071e-01
   2.6267485e+01
   2.8208962e+01
   1.4162254e+01
   1.4618819e+01
   2.4389833e+00
   1.8281972e+01
   1.0909201e+01
   2.2584174e+01
  -3.4433215e+00
   2.4744388e+01
   2.9433093e+01
   2.8463859e+00
   1.8276868e+01
  -4.9009714e-01
   1.8490915e+01
   1.6092298e+01
   8.5474389e+00
   1.1024602e+01
   1.1364708e+01
   4.0142262e+00
   2.9412996e+00
   4.2971367e-01
   1.5946155e+01
   3.8867055e-01
   1.6393019e+01
   2.2160347e+01
   1.1444587e+01
  -3.9520482e+00
   1.1566944e+01
   1.5737315e+01
   1.1319554e+01
   1.6376638e+01
   1.5751867e+01
   2.6737946e+01
  -2.2457994e+00
   1.6302181e+01
   2.6484558e+01
  -1.8011262e+00
  -3.0351308e+00
   2.5976361e+01
   2.6170297e+01
   5.4983246e+00
   4.2950358e+00
   1.1070264e+01
   2.0293451e+01
  -3.5297540e+00
   8.4956379e+00
   1.1090959e+01
  -1.6664631e+00
   1.9524356e+00
   1.9320006e+01
   1.1505923e+01
   9.8398652e+00
   5.5032290e+00
   2.1054042e+01
   2.4400779e+01
   1.0886815e+01
   2.0648581e+01
   1.1352806e+01
   2.1870174e+01
   7.5978295e+00
  -3.1586648e+00
   1.9423571e+01
   6.5356672e+00
   1.4772508e+01
   1.7695383e+01
   1.9291352e+01
   1.0361112e+01
   1.4242425e+01
   1.9868634e+01
   1.0252658e+01
   1.3950680e+01
   7.1738539e+00
   1.2531025e+01
   7.3620079e+00
   1.7679611e+01
   2.5700598e+01
  -3.0595579e-01
   5.6398811e+00
   1.1702895e+01
   2.8272302e+01
   2.5217423e+01
   1.9546535e+01
   2.5074945e+01
  -3.3663831e+00
   1.8281791e+01
   2.7290357e+01
   7.6899157e+00
  -8.2000744e-01
   1.6766537e+01
   2.4474500e+01
   1.7796914e+01
   1.6651909e+01
   2.4202264e+01
  -3.7545138e+00
   2.4359274e+00
   1.2129056e+01
   1.7287863e+01
   1.7034407e+01
   1.5503618e+01
   1.7529554e+01
   8.2911737e+00
   2.7510014e+01
   9.0327906e+00
   2.5592820e+01
   8.2001904e+00
   1.4021083e+01
   3.9570335e+00
   1.9803255e+01
  -7.1918155e-01
   1.6177603e+01
   2.8109305e+00
  -2.4872730e+00
   2.8194816e+01
   4.9125877e+00
   1.3982881e+01
   8.0880215e+00
   9.8042814e+00
   5.5731184e+00
   9.9735164e+00
   2.0614088e+01
   1.8649652e+01
   6.6418423e+00
   1.1446955e+01
   2.9296404e+01
   1.6376738e+01
   2.7139420e+00
   2.1802888e+00
   4.3834835e+00
   9.0735744e+00
   2.9171624e+01
  -2.7887740e+00
   1.0814467e+01
   2.1076424e+01
   1.4676675e+01
   7.0212517e+00
   1.3868636e+01
   1.8587465e+01
   2.3788374e+01
   2.8574925e+00
   7.1150448e+00
   4.8776469e+00
   3.2641172e+00
   4.0681829e+00
   2.0224058e+00
   1.3848203e+01
  -3.6777795e+00
   2.0516591e+01
   2.1153493e+00
   1.3875818e+01
   1.3639094e+01
   1.4017365e+01
   2.8001371e+01
   1.1900670e+01
   1.1142135e+01
   2.2177742e+00
   2.3298385e+01
   3.7007757e+00
  -1.3595155e-01
   1.5156843e+01
   2.2805412e+01
   2.8476823e+01
   7.7017137e+00
   1.0354000e+01
  -3.4145194e+00
  -3.2096126e+00
   8.6782123e+00
   1.9392013e+01
   1.0493938e+01
  -3.1421208e+00
   1.9222419e+01
   2.6692406e+01
   1.1033456e+01
   1.7049969e+01
  -3.7074658e+00
   1.2515075e+00
   2.5302118e+01
   2.7865568e+00
   6.3469687e+00
   2.1370241e+01
   2.0534259e+01
   1.8555762e+01
   5.2245431e+00
   5.0301575e-01
   1.0287269e+01
   6.3532234e+00
   1.6566161e+01
   2.4767066e+01
  -2.6629730e+00
  -1.1034290e+00
   1.0766927e+01
   2.9985958e+01
   1.1690437e+01
   2.3682888e+01
   2.2005333e+01
   9.0293999e+00
   1.0159561e+01
   1.4974582e+01
   5.8748994e+00
   3.5266643e+00
   3.2021149e+00
   1.9789274e+01
   5.1952821e+00
   7.8714073e+00
  -3.0444905e+00
  -1.1287889e+00
   2.1419593e+01
   1.6031342e+01
   2.9422717e+01
   2.6497844e+01
   9.2623486e+00
  -3.0101643e+00
   1.2002933e+01
   1.0429783e+01
   6.9440879e-01
   1.0467047e+01
   2.3411626e+01
   2.9824603e+01
  -3.5729167e+00
  -6.1814850e-01
   1.1528782e+01
   7.7466860e+00
   5.3266334e+00
   2.8661686e+01
  -3.0210327e-01
   1.3510274e+01
  -1.6545533e+00
   1.7080073e+01
   1.0661709e+01
   1.5542183e+01
   1.5775816e+01
   1.6535022e+01
   2.8942394e+01
   2.8450750e+01
  -3.1202146e+00
   2.2793529e+01
   1.8584686e+01
   2.9102054e+01
   2.9647201e+01
   1.0056990e+01
   6.7680370e+00
   2.8126134e+01
   1.6393958e+01
   1.7679472e+01
   2.8540506e+00
   1.5619753e+01
   9.4161216e+00
   6.2670844e+00
   8.9794688e+00
   2.7602764e+01
   1.2839242e+01
   2.2522618e+01
   2.1141427e+01
   4.5754586e+00
   2.5023857e+01
   8.6603558e-01
   1.0596857e+01
   7.4657332e+00
   5.7220234e+00
   6.7861945e+00
   2.4903308e+01
   1.0207660e+01
   8.1638405e+00
   1.1853392e+00
   2.1792634e+01
  -3.8047017e+00
   6.4184358e+00
   2.9960389e+01
   2.3629387e+01
   3.0019097e+00
   2.3429811e+00
   8.5490956e+00
   3.9910773e-02
   2.1005196e+01
   1.6767137e+01
   1.1756961e+01
  -1.8802056e-01
  -3.0643907e-01
   2.3031085e+01
  -3.9726163e+00
   1.3595833e+01
   5.4538729e-01
   4.2803730e+00
   1.8928890e+01
   6.4043984e-01
   2.4036032e+01
   2.5522449e+01
   2.3906808e+00
  -2.5995310e+00
   1.6669983e+01
   1.5276994e+01
   1.5601276e+01
   7.7056143e+00
   7.9423372e+00
   2.3021467e+01
   7.6777477e+00
  -3.3648338e+00
   2.6103649e+01
  -3.2521530e+00
   2.6906847e+01
   1.2579820e+01
  -3.6907015e+00
   2.6556839e+01
   7.8595909e+00
   2.4834365e+01
   2.5223021e+01
  -1.5026273e+00
   2.2439025e+01
   3.2436213e-02
   1.0306651e+01
   1.0877095e+01
   2.4934097e+01
  -1.0472966e+00
   2.5553821e+01
   1.8591006e+01
   5.8332430e+00
   6.8264318e+00
   2.4355985e+01
   2.6512304e+01
   2.0355275e+01
   6.2245020e+00
   2.4056713e+01
   8.8661436e+00
   2.1028312e+01
   2.1542259e+01
   1.3807826e+01
   1.8181956e+01
   2.8583812e+01
   6.6592778e+00
   2.4101567e+01
   1.9822381e+01
   2.5402054e+01
   1.1443157e+00
  -1.8752664e+00
   6.5789136e+00
   1.4977361e+01
   2.4393006e+01
   2.0460022e+00
  -3.5583078e+00
  -1.9728469e+00
   9.0946136e+00
   2.4497269e+01
   1.9844300e+01
   2.9365813e+01
   1.7225253e+01
   8.7277070e+00
  -1.9333877e+00
   1.6305749e+01
   1.4144962e+01
   2.1593061e+01
  -2.7559617e+00
   2.9022044e+01
  -2.6051983e+00
  -2.9952755e+00
   1.0231134e+01
   1.8508101e+01
  -2.5648595e-01
   2.1349348e+00
   1.3403152e+01
   1.4414205e+01
   2.1469392e+01
   2.4904863e+01
   2.9909305e+01
   1.9859779e+01
   1.6508130e+01
   1.2758904e+01
   7.8806812e+00
   2.1740693e+01
   1.0523868e+01
   2.9297546e+01
   2.8559224e+00
   9.6567830e+00
   1.9177009e+01
   1.1743609e+01
  -1.0348648e+00
   1.9892845e+01
   2.0088546e+01
   2.6221591e+01
   6.6223229e+00
   2.3601843e+01
   1.9194554e+00
   1.9798006e+01
   8.3035980e+00
   1.6241844e+01
   5.4572281e+00
   1.0566178e+01
   2.2650233e+01
   2.2762135e+01
  -3.7237203e+00
   2.3405759e+01
   2.9185215e+01
   5.6741081e+00
   2.9902435e+01
   1.1881633e+01
   1.4639836e+01
   1.7313693e+01
   2.4501364e+01
   1.3850573e+01
   1.4425479e+01
   2.1277060e+00
   1.3144394e+01
   1.4734915e+01
   1.0335437e+01
   1.8927062e+01
  -3.9111044e+00
   1.1016017e+01
   9.0243022e+00
   1.2651351e+01
   1.0616410e+00
  -6.0962912e-01
  -8.6991421e-01
   1.0652479e+01
   7.7975898e+00
   2.0546569e+00
   1.5086605e+01
   1.1842930e+00
   6.7139494e+00
  -2.3155270e+00
   1.9476131e+00
   1.5507993e+01
  -3.3841227e+00
   1.2233267e+01
   8.7586231e+00
   1.7648693e+01
   1.6695833e+01
   1.1942011e+00
   1.7723951e+01
   9.5770165e-01
   2.7534858e+01
   1.7115517e+01
  -1.8442914e+00
   8.4189069e-01
   2.7965584e+01
   1.2606186e+01
   4.7251607e-01
   1.2694723e+01
   1.1087020e+01
  -9.8143915e-01
   3.5059589e+00
   3.0505107e+00
   2.5012206e+01
   6.2349180e+00
   2.0054804e+01
   2.6204218e+01
   2.9574079e+00
   2.9313948e+01
   9.7542106e+00
   1.6949694e+01
   1.4697869e+01
   2.4426161e+01
   2.2901112e+01
   2.1197523e+01
   1.0615092e+01
  -9.9303380e-01
   9.4936988e+00
   8.7673564e+00
   1.0565591e+01
  -3.1983585e+00
   4.2430610e+00
   7.5435639e+00
   1.2301598e+01
   2.0747813e+01
   1.1529583e+01
   2.1059657e+01
   2.0174762e+01
   1.0606092e+01
   5.0750146e-01
   2.6863879e+01
   1.4079961e+01
   1.6189654e+01
   1.2774008e+01
   1.9645084e+01
   1.1010217e+01
   6.2310450e+00
   4.3994766e+00
   1.6021859e+01
   1.4932349e+01
   1.1203092e+01
   4.1684373e-02
   2.2431863e+01
   1.5170993e+01
   9.5823696e+00
  -3.0712449e+00
  -3.0806857e+00
   2.8519677e+01
   9.3066900e+00
   1.7079424e+01
   2.0877672e+01
   8.5608408e+00
   2.6177830e+01
   1.5633298e+01
   2.9614060e+00
   6.3664437e-01
   2.1922764e+01
   1.0633596e+01
   2.5846323e+01
   2.7803321e+01
   2.8435537e+01
   2.6296680e+01
   2.2029750e+01
   1.0174973e+01
   9.6568738e+00
   7.6797572e+00
   4.8553787e+00
   2.7560489e+01
   2.0624086e+01
   1.3084878e+01
  -3.1963901e+00
   2.4589856e+01
   4.2739388e+00
   1.2995425e+01
   1.7903706e+01
  -3.7113125e+00
   2.6712682e+01
   4.4160217e+00
   2.3692997e+01
   1.1885294e+01
   7.5960634e+00
   2.1504065e+01
   4.3247950e-01
   2.6750165e+01
   5.6874186e+00
   2.5625213e+01
   2.7565399e+01
   6.8730615e+00
   1.0518255e+01
   2.4699078e+01
   2.0359026e+01
   2.1717548e+00
   2.8600157e+01
   2.3839033e+01
   6.0762316e+00
   1.4824268e+01
   1.0467023e+01
   7.0570136e-01
   1.5571599e+01
  -3.8814893e+00
   2.3547808e+01
   1.5865261e+01
   1.3167512e+01
   1.5133653e+01
   1.4915303e+01
   4.9510150e+00
   1.8280312e+01
   2.0220513e+01
   1.9457992e+01
   2.6103269e+01
   9.8260030e+00
   5.8435720e+00
   1.3639946e+01
   6.7553844e+00
  -1.6796864e+00
   2.6146246e+01
  -2.0647710e+00
   1.7730684e+01
   7.1843831e+00
   9.5692402e+00
   2.4661002e+01
   2.3660654e+01
   4.0435164e-01
   4.4061552e+00
   1.5562688e+01
  -5.5352538e-01
   1.8576879e+01
  -3.6702513e+00
   1.1036129e+01
   1.3120170e+01
   2.4434116e+01
   2.8374681e+01
   2.8433750e+01
   4.2111106e+00
   9.7381946e+00
   7.3224748e+00
   2.3450481e+01
  -3.9172697e+00
   2.0660593e+01
   2.5586490e+01
   2.5023170e+01
   1.5418790e+01
   3.7157106e+00
   1.8196391e+01
  -2.0499505e-01
   9.9851064e+00
   1.8609026e+01
   2.5812320e+01
   1.1588029e-01
   2.2506640e+01
   8.5775301e+00
   1.9833662e+01
   2.4140407e+01
   1.4687871e+01
   5.6277224e+00
   2.4015143e+01
   2.1437652e+01
   2.0102991e+01
  -2.6103742e+00
   1.0306389e+01
   1.4296100e+01
   1.2078575e+01
   1.9421631e+01
   9.0088104e+00
   1.4243507e+01
   1.3509369e+01
   1.5224852e+01
   6.4952206e+00
   6.7121092e+00
   1.8577990e+01
   1.7267587e+01
   4.8541136e+00
   3.4721664e+00
   1.6503516e+01
   9.4569984e+00
   1.4042823e+01
   1.3502891e+01
   1.7587179e+01
   4.9246461e+00
   1.0716554e+01
   8.8179457e+00
   7.4581890e+00
   6.8450084e+00
   4.6937570e+00
  -2.2165270e+00
   1.1057162e+01
   1.4956999e+01
   2.9932406e+01
   1.1500309e+01
   2.3092081e+01
   5.7126115e+00
   8.0859025e+00
   2.3938760e+01
   5.8817394e+00
   1.2411147e+01
   1.2799933e+01
   2.1605550e+00
  -2.9897507e+00
   1.5990197e+01
   9.4764584e+00
   1.7131522e+01
   2.4745233e+01
   8.9007876e+00
   2.2485222e+01
   1.4766197e+01
   1.2001069e+01
   4.3121291e+00
   1.5978928e+01
   3.4167506e+00
   2.0113347e+01
   2.4502940e+01
   8.5581280e+00
   2.3426074e+01
   2.9164716e+01
   1.8840164e+01
   1.8177005e-01
   1.0819705e+01
   3.3311918e+00
   7.8307803e+00
   2.5524863e+01
   3.6003764e+00
   2.0283871e+01
  -9.9610831e-01
  -2.6184593e+00
   1.8123105e+00
   2.7963532e+01
   1.6325706e+01
   9.3663207e+00
  -3.6365091e+00
  -2.7645492e+00
   2.9236883e+01
   1.7637141e+01
   5.6514158e+00
   1.4053492e+01
   1.3578737e+01
   3.2793218e+00
  -3.3742862e+00
   8.0207790e+00
   2.3963869e+01
   5.8692454e+00
   1.7704782e+01
   2.3374824e+01
   7.7303616e+00
   2.7334703e+01
   2.7227244e+01
  -3.3132533e+00
   2.4533714e+01
   7.6193562e+00
   1.1111609e+01
   6.8584519e+00
   1.2818448e+01
   8.5543213e+00
   1.4206699e+01
   1.5166560e+01
   2.1312669e+01
   1.2329594e+01
   1.7061823e+01
   1.4118827e+01
   1.7066427e+01
   1.4470478e+01
   1.1046152e+01
   1.2499280e-01
   2.9331219e+01
   1.7174279e+01
   1.1310255e+01
   1.7258667e+01
   4.6894899e+00
  -2.6601819e+00
   2.5410986e+01
   1.5017880e+01
   1.3530993e+01
   1.1239923e+01
   1.4995494e+01
   1.7344291e+01
   7.6107548e+00
  -1.3072735e+00
   2.0385947e+01
  -2.5265461e+00
  -1.3882595e+00
   1.8017658e+01
  -8.4655707e-01
   4.9955682e+00
   2.0367181e+01
   2.0102166e+01
  -3.6051214e+00
   1.2013363e+01
  -1.4335708e+00
   1.4770451e+01
   3.0093993e+00
   2.5851476e+01
   2.3661300e+01
  -3.9492999e+00
   2.3741120e+01
   1.0029991e+01
   2.2543395e+01
   1.2226143e+01
   2.5730019e+01
  -5.5009790e-01
   3.2512545e+00
   8.1318996e+00
   2.4679024e+01
   1.7643743e+01
   1.9185773e+01
   2.5605870e+01
   1.6801219e+01
   2.9561961e+01
   1.6063852e+01
   2.3058275e+01
   2.6912424e+01
   1.4143251e+01
   2.9800338e+01
   1.6345643e+01
   2.1801447e+00
   5.1421897e+00
  -2.6705208e+00
   8.0858547e-01
   1.3816826e+01
   1.7525309e+01
   1.1142673e+01
   1.4103426e+01
   1.0109631e+01
   1.0052477e+01
   1.8602524e+01
   3.0969401e+00
  -3.2964162e+00
   1.3090370e+00
   1.7508861e+01
   6.0167625e+00
  -1.2178653e+00
   2.6471495e+01
   1.4544837e+01
   5.3156460e+00
   1.1589667e+01
   1.9673603e+01
   1.0698920e+01
   1.9513489e+01
   8.5745633e+00
   1.0972129e-01
   1.3441946e+00
  -2.7009866e+00
  -1.8549617e-01
   1.9196078e+01
   1.3281050e+01
   1.0859887e+01
   1.1444873e+01
   2.3218901e+01
   1.1404508e+01
   2.1068716e+01
   5.6701670e-01
   6.5207297e+00
   1.9036203e+01
   2.0557948e+01
   1.4143478e+01
   2.9583374e+01
   1.4832451e+01
   2.0369935e+01
   1.7649564e+01
   3.7602658e+00
   2.7084814e+01
   1.9416833e+01
  -1.3721506e+00
   8.3997594e+00
  -3.8865706e-01
   2.6483325e+01
   4.3201737e+00
   1.7756711e+01
   2.9244454e+01
   7.5952854e+00
   3.7034725e+00
   1.6607801e+00
   7.5024123e+00
   8.3628237e+00
   2.9933054e+01
   6.1994997e+00
   2.6127622e+01
   1.4899744e+01
  -7.4567971e-01
   2.0998677e+01
   1.5288231e+01
   2.3474156e+01
   8.5658221e+00
   3.2653036e+00
   3.5000086e+00
   6.0714724e-01
   4.2421205e+00
   1.8255239e+01
   5.0372337e+00
   2.1636098e+01
   2.3921415e+01
   1.5486189e+01
   2.9400522e+01
  -2.5374751e+00
   8.1167333e+00
   2.5766887e+01
   5.1736908e+00
   3.7994943e+00
   2.6972368e+01
   4.6901980e+00
   1.7620811e+01
   1.1416674e+01
   1.1838102e+01
  -5.0324896e-01
   2.1478129e+01
   2.1724713e+01
  -6.0152118e-01
   1.1670592e+00
   2.7326555e+01
   2.6453698e+01
   2.8232335e+01
   1.9979360e+01
   2.6078059e+00
   2.1218289e+01
   1.9328117e+01
   2.6172833e+01
   4.5384564e-03
   1.5251643e+01
   1.3971275e+01
  -1.5524969e+00
   6.0320648e+00
   1.6231398e+01
   6.2333608e+00
   1.0726164e+00
   2.0620350e+01
  -1.4388565e+00
   2.3850904e+01
   4.3394490e+00
  -1.9232005e+00
   1.2878060e+01
   2.7973827e+01
   1.2725134e+01
  -2.5109158e+00
   1.8901107e+01
   2.2181138e+01
   2.5346524e+01
   1.4136644e+01
   1.2368349e+01
   2.6734335e+01
  -3.2894857e+00
   1.6732680e+01
   1.4670037e+01
  -3.6763794e-01
   1.3753255e+01
   1.3649789e+01
   2.6840317e+01
   5.8428803e+00
   1.7157500e+01
   1.1744722e+00
   2.5413203e+01
   2.1047636e+01
   8.8385552e+00
   2.9051209e+01
   1.4416599e+00
  -3.3873758e+00
   1.9393407e+01
   1.9883894e+01
   7.3795649e+00
   2.2175185e+01
   2.8867950e+01
   1.3981401e+01
   3.0830977e+00
   1.1775918e+01
   2.1152269e+00
   5.3525468e+00
  -3.1133721e-01
   1.1934134e+01
   8.5256718e+00
   1.4788997e+01
   2.3751957e+01
  -1.2612978e+00
   2.9109858e+01
   1.3135935e-02
   4.4227219e+00
  -1.0828649e+00
  -2.8565913e+00
   9.3095975e+00
   2.4943528e+01
   2.9397044e+01
   1.4379352e+01
   7.6179718e+00
   2.1329347e+01
   1.2766861e+01
   1.6872145e+01
  -3.4020067e+00
   6.7334504e+00
   1.0884575e+01
   2.8269922e+01
   2.3609475e+01
   1.5927904e+01
   2.2654265e+01
   1.7004990e+01
   1.0540687e+01
  -2.9903805e+00
  -1.0835321e+00
   1.0311453e+01
   1.0932696e+01
   2.8844402e+01
   1.7483254e+01
   1.9668959e+01
   1.5334751e+01
   2.0762433e+01
  -4.3639061e-01
   2.2020820e+01
   1.4426523e+01
   1.7984211e+00
  -3.0759645e+00
   1.2090889e+01
   2.1536442e-01
   8.5611204e+00
   1.1694525e+01
   1.3158566e+01
   1.1838501e+01
  -2.2938669e+00
   2.9936209e+01
   2.9755208e+01
  -1.9581061e-01
   6.1191396e+00
   1.7824916e+01
   1.0724816e+01
   2.0300125e+01
   1.1579996e+01
   1.6771525e+01
   2.0545739e+01
   1.1737883e+01
   1.5981319e+01
   2.3968675e+01
   1.9939982e+01
   1.7272785e+01
   2.7131117e+01
   1.9183111e+01
   4.9499942e+00
   2.5191421e+01
   1.8921975e+01
   1.5922164e+01
   1.6706600e+01
   2.9191623e+01
   1.4526420e+01
   2.8167363e+01
   2.8588737e+01
   2.2039204e+01
   2.9833353e+01
   2.9685143e+01
   2.4193945e+01
   6.0251749e+00
   2.8713865e+01
   2.0760916e+01
   1.0430202e+01
   1.1723263e+01
   9.1821306e+00
  -2.0611341e+00
   2.2553007e+01
   2.5581272e+01
  -7.0225464e-01
  -6.4348818e-01
   2.4733249e+01
   1.8772494e+01
  -2.1909133e+00
   2.0463739e+01
   1.5014321e+01
   5.0788121e+00
   6.2464533e+00
   1.8263042e+01
   1.0998917e+01
  -6.8670071e-01
   2.6267485e+01
   2.8208962e+01
   1.4162254e+01
   1.4618819e+01
   2.4389833e+00
   1.8281972e+01
   1.0909201e+01
   2.2584174e+01
  -3.4433215e+00
   2.4744388e+01
   2.9433093e+01
   2.8463859e+00
   1.8276868e+01
  -4.9009714e-01
   1.8490915e+01
   1.6092298e+01
   8.5474389e+00
   1.1024602e+01
   1.1364708e+01
   4.0142262e+00
   2.9412996e+00
   4.2971367e-01
   1.5946155e+01
   3.8867055e-01
   1.6393019e+01
   2.2160347e+01
   1.1444587e+01
  -3.9520482e+00
   1.1566944e+01
   1.5737315e+01
   1.1319554e+01
   1.6376638e+01
   1.5751867e+01
   2.6737946e+01
  -2.2457994e+00
   1.6302181e+01
   2.6484558e+01
  -1.8011262e+00
  -3.0351308e+00
   2.5976361e+01
   2.6170297e+01
   5.4983246e+00
   4.2950358e+00
   1.1070264e+01
   2.0293451e+01
  -3.5297540e+00
   8.4956379e+00
   1.1090959e+01
  -1.6664631e+00
   1.9524356e+00
   1.9320006e+01
   1.1505923e+01
   9.8398652e+00
   5.5032290e+00
   2.1054042e+01
   2.4400779e+01
   1.0886815e+01
   2.0648581e+01
   1.1352806e+01
   2.1870174e+01
   7.5978295e+00
  -3.1586648e+00
   1.9423571e+01
   6.5356672e+00
   1.4772508e+01
   1.7695383e+01
   1.9291352e+01
   1.0361112e+01
   1.4242425e+01
   1.9868634e+01
   1.0252658e+01
   1.3950680e+01
   7.1738539e+00
   1.2531025e+01
   7.3620079e+00
   1.7679611e+01
   2.5700598e+01
  -3.0595579e-01
   5.6398811e+00
   1.1702895e+01
   2.8272302e+01
   2.5217423e+01
   1.9546535e+01
   2.5074945e+01
  -3.3663831e+00
   1.8281791e+01
   2.7290357e+01
   7.6899157e+00
  -8.2000744e-01
   1.6766537e+01
   2.4474500e+01
   1.7796914e+01
   1.6651909e+01
   2.4202264e+01
  -3.7545138e+00
   2.4359274e+00
   1.2129056e+01
   1.7287863e+01
   1.7034407e+01
   1.5503618e+01
   1.7529554e+01
   8.2911737e+00
   2.7510014e+01
   9.0327906e+00
   2.5592820e+01
   8.2001904e+00
   1.4021083e+01
   3.9570335e+00
   1.9803255e+01
  -7.1918155e-01
   1.6177603e+01
   2.8109305e+00
  -2.4872730e+00
   2.8194816e+01
   4.9125877e+00
   1.3982881e+01
   8.0880215e+00
   9.8042814e+00
   5.5731184e+00
   9.9735164e+00
   2.0614088e+01
   1.8649652e+01
   6.6418423e+00
   1.1446955e+01
   2.9296404e+01
   1.6376738e+01
   2.7139420e+00
   2.1802888e+00
   4.3834835e+00
   9.0735744e+00
   2.9171624e+01
  -2.7887740e+00
   1.0814467e+01
   2.1076424e+01
   1.4676675e+01
   7.0212517e+00
   1.3868636e+01
   1.8587465e+01
   2.3788374e+01
   2.8574925e+00
   7.1150448e+00
   4.8776469e+00
   3.2641172e+00
   4.0681829e+00
   2.0224058e+00
   1.3848203e+01
  -3.6777795e+00
   2.0516591e+01
   2.1153493e+00
   1.3875818e+01
   1.3639094e+01
   1.4017365e+01
   2.8001371e+01
   1.1900670e+01
   1.1142135e+01
   2.2177742e+00
   2.3298385e+01
   3.7007757e+00
  -1.3595155e-01
   1.5156843e+01
   2.2805412e+01
   2.8476823e+01
   7.7017137e+00
   1.0354000e+01
  -3.4145194e+00
  -3.2096126e+00
   8.6782123e+00
   1.9392013e+01
   1.0493938e+01
  -3.1421208e+00
   1.9222419e+01
   2.6692406e+01
   1.1033456e+01
   1.7049969e+01
  -3.7074658e+00
   1.2515075e+00
   2.5302118e+01
   2.7865568e+00
   6.3469687e+00
   2.1370241e+01
   2.0534259e+01
   1.8555762e+01
   5.2245431e+00
   5.0301575e-01
   1.0287269e+01
   6.3532234e+00
   1.6566161e+01
   2.4767066e+01
  -2.6629730e+00
  -1.1034290e+00
   1.0766927e+01
   2.9985958e+01
   1.1690437e+01
   2.3682888e+01
   2.2005333e+01
   9.0293999e+00
   1.0159561e+01
   1.4974582e+01
   5.8748994e+00
   3.5266643e+00
   3.2021149e+00
   1.9789274e+01
   5.1952821e+00
   7.8714073e+00
  -3.0444905e+00
  -1.1287889e+00
   2.1419593e+01
   1.6031342e+01
   2.9422717e+01
   2.6497844e+01
   9.2623486e+00
  -3.0101643e+00
   1.2002933e+01
   1.0429783e+01
   6.9440879e-01
   1.0467047e+01
   2.3411626e+01
   2.9824603e+01
  -3.5729167e+00
  -6.1814850e-01
   1.1528782e+01
   7.7466860e+00
   5.3266334e+00
   2.8661686e+01
  -3.0210327e-01
   1.3510274e+01
  -1.6545533e+00
   1.7080073e+01
   1.0661709e+01
   1.5542183e+01
   1.5775816e+01
   1.6535022e+01
   2.8942394e+01
   2.8450750e+01
  -3.1202146e+00
   2.2793529e+01
   1.8584686e+01
   2.9102054e+01
   2.9647201e+01
   1.0056990e+01
   6.7680370e+00
   2.8126134e+01
   1.6393958e+01
   1.7679472e+01
   2.8540506e+00
   1.5619753e+01
   9.4161216e+00
   6.2670844e+00
   8.9794688e+00
   2.7602764e+01
   1.2839242e+01
   2.2522618e+01
   2.1141427e+01
   4.5754586e+00
   2.5023857e+01
   8.6603558e-01
   1.0596857e+01
   7.4657332e+00
   5.7220234e+00
   6.7861945e+00
   2.4903308e+01
   1.0207660e+01
   8.1638405e+00
   1.1853392e+00
   2.1792634e+01
  -3.8047017e+00
   6.4184358e+00
   2.9960389e+01
   2.3629387e+01
   3.0019097e+00
   2.3429811e+00
   8.5490956e+00
   3.9910773e-02
   2.1005196e+01
   1.6767137e+01
   1.1756961e+01
  -1.8802056e-01
  -3.0643907e-01
   2.3031085e+01
  -3.9726163e+00
   1.3595833e+01
   5.4538729e-01
   4.2803730e+00
   1.8928890e+01
   6.4043984e-01
   2.4036032e+01
   2.5522449e+01
   2.3906808e+00
  -2.5995310e+00
   1.6669983e+01
   1.5276994e+01
   1.5601276e+01
   7.7056143e+00
   7.9423372e+00
   2.3021467e+01
   7.6777477e+00
  -3.3648338e+00
   2.6103649e+01
  -3.2521530e+00
   2.6906847e+01
   1.2579820e+01
  -3.6907015e+00
   2.6556839e+01
   7.8595909e+00
   2.4834365e+01
   2.5223021e+01
  -1.5026273e+00
   2.2439025e+01
   3.2436213e-02
   1.0306651e+01
   1.0877095e+01
   2.4934097e+01
  -1.0472966e+00
   2.5553821e+01
   1.8591006e+01
   5.8332430e+00
   6.8264318e+00
   2.4355985e+01
   2.6512304e+01
   2.0355275e+01
   6.2245020e+00
   2.4056713e+01
   8.8661436e+00
   2.1028312e+01
   2.1542259e+01
   1.3807826e+01
   1.8181956e+01
   2.8583812e+01
   6.6592778e+00
   2.4101567e+01
   1.9822381e+01
   2.5402054e+01
   1.1443157e+00
  -1.8752664e+00
   6.5789136e+00
   1.4977361e+01
   2.4393006e+01
   2.0460022e+00
  -3.5583078e+00
  -1.9728469e+00
   9.0946136e+00
   2.4497269e+01
   1.9844300e+01
   2.9365813e+01
   1.7225253e+01
   8.7277070e+00
  -1.9333877e+00
   1.6305749e+01
   1.4144962e+01
   2.1593061e+01
  -2.7559617e+00
   2.9022044e+01
  -2.6051983e+00
  -2.9952755e+00
   1.0231134e+01
   1.8508101e+01
  -2.5648595e-01
   2.1349348e+00
   1.3403152e+01
   1.4414205e+01
   2.1469392e+01
   2.4904863e+01
   2.9909305e+01
   1.9859779e+01
   1.6508130e+01
   1.2758904e+01
   7.8806812e+00
   2.1740693e+01
   1.0523868e+01
   2.9297546e+01
   2.8559224e+00
   9.6567830e+00
   1.9177009e+01
   1.1743609e+01
  -1.0348648e+00
   1.9892845e+01
   2.0088546e+01
   2.6221591e+01
   6.6223229e+00
   2.3601843e+01
   1.9194554e+00
   1.9798006e+01
   8.3035980e+00
   1.6241844e+01
   5.4572281e+00
   1.0566178e+01
   2.2650233e+01
   2.2762135e+01
  -3.7237203e+00
   2.3405759e+01
   2.9185215e+01
   5.6741081e+00
   2.9902435e+01
   1.1881633e+01
   1.4639836e+01
   1.7313693e+01
   2.4501364e+01
   1.3850573e+01
   1.4425479e+01
   2.1277060e+00
   1.3144394e+01
   1.4734915e+01
   1.0335437e+01
   1.8927062e+01
  -3.9111044e+00
   1.1016017e+01
   9.0243022e+00
   1.2651351e+01
   1.0616410e+00
  -6.0962912e-01
  -8.6991421e-01
   1.0652479e+01
   7.7975898e+00
   2.0546569e+00
   1.5086605e+01
   1.1842930e+00
   6.7139494e+00
  -2.3155270e+00
   1.9476131e+00
   1.5507993e+01
  -3.3841227e+00
   1.2233267e+01
   8.7586231e+00
   1.7648693e+01
   1.6695833e+01
   1.1942011e+00
   1.7723951e+01
   9.5770165e-01
   2.7534858e+01
   1.7115517e+01
  -1.8442914e+00
   8.4189069e-01
   2.7965584e+01
   1.2606186e+01
   4.7251607e-01
   1.2694723e+01
   1.1087020e+01
  -9.8143915e-01
   3.5059589e+00
   3.0505107e+00
   2.5012206e+01
   6.2349180e+00
   2.0054804e+01
   2.6204218e+01
   2.9574079e+00
   2.9313948e+01
   9.7542106e+00
   1.6949694e+01
   1.4697869e+01
   2.4426161e+01
   2.2901112e+01
   2.1197523e+01
   1.0615092e+01
  -9.9303380e-01
   9.4936988e+00
   8.7673564e+00
   1.0565591e+01
  -3.1983585e+00
   4.2430610e+00
   7.5435639e+00
   1.2301598e+01
   2.0747813e+01
   1.1529583e+01
   2.1059657e+01
   2.0174762e+01
   1.0606092e+01
   5.0750146e-01
   2.6863879e+01
   1.4079961e+01
   1.6189654e+01
   1.2774008e+01
   1.9645084e+01
   1.1010217e+01
   6.2310450e+00
   4.3994766e+00
   1.6021859e+01
   1.4932349e+01
   1.1203092e+01
   4.1684373e-02
   2.2431863e+01
   1.5170993e+01
   9.5823696e+00
  -3.0712449e+00
  -3.0806857e+00
   2.8519677e+01
   9.3066900e+00
   1.7079424e+01
   2.0877672e+01
   8.5608408e+00
   2.6177830e+01
   1.5633298e+01
   2.9614060e+00
   6.3664437e-01
   2.1922764e+01
   1.0633596e+01
   2.5846323e+01
   2.7803321e+01
   2.8435537e+01
   2.6296680e+01
   2.2029750e+01
   1.0174973e+01
   9.6568738e+00
   7.6797572e+00
   4.8553787e+00
   2.7560489e+01
   2.0624086e+01
   1.3084878e+01
  -3.1963901e+00
   2.4589856e+01
   4.2739388e+00
   1.2995425e+01
   1.7903706e+01
  -3.7113125e+00
   2.6712682e+01
   4.4160217e+00
   2.3692997e+01
   1.1885294e+01
   7.5960634e+00
   2.1504065e+01
   4.3247950e-01
   2.6750165e+01
   5.6874186e+00
   2.5625213e+01
   2.7565399e+01
   6.8730615e+00
   1.0518255e+01
   2.4699078e+01
   2.0359026e+01
   2.1717548e+00
   2.8600157e+01
   2.3839033e+01
   6.0762316e+00
   1.4824268e+01
   1.0467023e+01
   7.0570136e-01
   1.5571599e+01
  -3.8814893e+00
   2.3547808e+01
   1.5865261e+01
   1.3167512e+01
   1.5133653e+01
   1.4915303e+01
   4.9510150e+00
   1.8280312e+01
   2.0220513e+01
   1.9457992e+01
   2.6103269e+01
   9.8260030e+00
   5.8435720e+00
   1.3639946e+01
   6.7553844e+00
  -1.6796864e+00
   2.6146246e+01
  -2.0647710e+00
   1.7730684e+01
   7.1843831e+00
   9.5692402e+00
   2.4661002e+01
   2.3660654e+01
   4.0435164e-01
   4.4061552e+00
   1.5562688e+01
  -5.5352538e-01
   1.8576879e+01
  -3.6702513e+00
   1.1036129e+01
   1.3120170e+01
   2.4434116e+01
   2.8374681e+01
   2.8433750e+01
   4.2111106e+00
   9.7381946e+00
   7.3224748e+00
   2.3450481e+01
  -3.9172697e+00
   2.0660593e+01
   2.5586490e+01
   2.5023170e+01
   1.5418790e+01
   3.7157106e+00
   1.8196391e+01
  -2.0499505e-01
   9.9851064e+00
   1.8609026e+01
   2.5812320e+01
   1.1588029e-01
   2.2506640e+01
   8.5775301e+00
   1.9833662e+01
   2.4140407e+01
   1.4687871e+01
   5.6277224e+00
   2.4015143e+01
   2.1437652e+01
   2.0102991e+01
  -2.6103742e+00
   1.0306389e+01
   1.4296100e+01
   1.2078575e+01
   1.9421631e+01
   9.0088104e+00
   1.4243507e+01
   1.3509369e+01
   1.5224852e+01
   6.4952206e+00
   6.7121092e+00
   1.8577990e+01
   1.7267587e+01
   4.8541136e+00
   3.4721664e+00
   1.6503516e+01
   9.4569984e+00
   1.4042823e+01
   1.3502891e+01
   1.7587179e+01
   4.9246461e+00
   1.0716554e+01
   8.8179457e+00
   7.4581890e+00
   6.8450084e+00
   4.6937570e+00
  -2.2165270e+00
   1.1057162e+01
   1.4956999e+01
   2.9932406e+01
   1.1500309e+01
   2.3092081e+01
   5.7126115e+00
   8.0859025e+00
   2.3938760e+01
   5.8817394e+00
   1.2411147e+01
   1.2799933e+01
   2.1605550e+00
  -2.9897507e+00
   1.5990197e+01
   9.4764584e+00
   1.7131522e+01
   2.4745233e+01
   8.9007876e+00
   2.2485222e+01
   1.4766197e+01
   1.2001069e+01
   4.3121291e+00
   1.5978928e+01
   3.4167506e+00
   2.0113347e+01
   2.4502940e+01
   8.5581280e+00
   2.3426074e+01
   2.9164716e+01
   1.8840164e+01
   1.8177005e-01
   1.0819705e+01
   3.3311918e+00
   7.8307803e+00
   2.5524863e+01
   3.6003764e+00
   2.0283871e+01
  -9.9610831e-01
  -2.6184593e+00
   1.8123105e+00
   2.7963532e+01
   1.6325706e+01
   9.3663207e+00
  -3.6365091e+00
  -2.7645492e+00
   2.9236883e+01
   1.7637141e+01
   5.6514158e+00
   1.4053492e+01
   1.3578737e+01
   3.2793218e+00
  -3.3742862e+00
   8.0207790e+00
   2.3963869e+01
   5.8692454e+00
   1.7704782e+01
   2.3374824e+01
   7.7303616e+00
   2.7334703e+01
   2.7227244e+01
  -3.3132533e+00
   2.4533714e+01
   7.6193562e+00
   1.1111609e+01
   6.8584519e+00
   1.2818448e+01
   8.5543213e+00
   1.4206699e+01
   1.5166560e+01
   2.1312669e+01
   1.2329594e+01
   1.7061823e+01
   1.4118827e+01
   1.7066427e+01
   1.4470478e+01
   1.1046152e+01
   1.2499280e-01
   2.9331219e+01
   1.7174279e+01
   1.1310255e+01
   1.7258667e+01
   4.6894899e+00
  -2.6601819e+00
   2.5410986e+01
   1.5017880e+01
   1.3530993e+01
   1.1239923e+01
   1.4995494e+01
   1.7344291e+01
   7.6107548e+00
  -1.3072735e+00
   2.0385947e+01
  -2.5265461e+00
  -1.3882595e+00
   1.8017658e+01
  -8.4655707e-01
   4.9955682e+00
   2.0367181e+01
   2.0102166e+01
  -3.6051214e+00
   1.2013363e+01
  -1.4335708e+00
   1.4770451e+01
   3.0093993e+00
   2.5851476e+01
   2.3661300e+01
  -3.9492999e+00
   2.3741120e+01
   1.0029991e+01
   2.2543395e+01
   1.2226143e+01
   2.5730019e+01
  -5.5009790e-01
   3.2512545e+00
   8.1318996e+00
   2.4679024e+01
   1.7643743e+01
   1.9185773e+01
   2.5605870e+01
   1.6801219e+01
   2.9561961e+01
   1.6063852e+01
   2.3058275e+01
   2.6912424e+01
   1.4143251e+01
   2.9800338e+01
   1.6345643e+01
   2.1801447e+00
   5.1421897e+00
  -2.6705208e+00
   8.0858547e-01
   1.3816826e+01
   1.7525309e+01
   1.1142673e+01
   1.4103426e+01
   1.0109631e+01
   1.0052477e+01
   1.8602524e+01
   3.0969401e+00
  -3.2964162e+00
   1.3090370e+00
   1.7508861e+01
   6.0167625e+00
  -1.2178653e+00
   2.6471495e+01
   1.4544837e+01
   5.3156460e+00
   1.1589667e+01
   1.9673603e+01
   1.0698920e+01
   1.9513489e+01
   8.5745633e+00
   1.0972129e-01
   1.3441946e+00
  -2.7009866e+00
  -1.8549617e-01
   1.9196078e+01
   1.3281050e+01
   1.0859887e+01
   1.1444873e+01
   2.3218901e+01
   1.1404508e+01
   2.1068716e+01
   5.6701670e-01
   6.5207297e+00
   1.9036203e+01
   2.0557948e+01
   1.4143478e+01
   2.9583374e+01
   1.4832451e+01
   2.0369935e+01
   1.7649564e+01
   3.7602658e+00
   2.7084814e+01
   1.9416833e+01
  -1.3721506e+00
   8.3997594e+00
  -3.8865706e-01
   2.6483325e+01
   4.3201737e+00
   1.7756711e+01
   2.9244454e+01
   7.5952854e+00
   3.7034725e+00
   1.6607801e+00
   7.5024123e+00
   8.3628237e+00
   2.9933054e+01
   6.1994997e+00
   2.6127622e+01
   1.4899744e+01
  -7.4567971e-01
   2.0998677e+01
   1.5288231e+01
   2.3474156e+01
   8.5658221e+00
   3.2653036e+00
   3.5000086e+00
   6.0714724e-01
   4.2421205e+00
   1.8255239e+01
   5.0372337e+00
   2.1636098e+01
   2.3921415e+01
   1.5486189e+01
   2.9400522e+01
  -2.5374751e+00
   8.1167333e+00
   2.5766887e+01
   5.1736908e+00
   3.7994943e+00
   2.6972368e+01
   4.6901980e+00
   1.7620811e+01
   1.1416674e+01
   1.1838102e+01
  -5.0324896e-01
   2.1478129e+01
   2.1724713e+01
  -6.0152118e-01
   1.1670592e+00
   2.7326555e+01
   2.6453698e+01
   2.8232335e+01
   1.9979360e+01
   2.6078059e+00
   2.1218289e+01
   1.9328117e+01
   2.6172833e+01
   4.5384564e-03
   1.5251643e+01
   1.3971275e+01
  -1.5524969e+00
   6.0320648e+00
   1.6231398e+01
   6.2333608e+00
   1.0726164e+00
   2.0620350e+01
  -1.4388565e+00
   2.3850904e+01
   4.3394490e+00
  -1.9232005e+00
   1.2878060e+01
   2.7973827e+01
   1.2725134e+01
  -2.5109158e+00
   1.8901107e+01
   2.2181138e+01
   2.5346524e+01
   1.4136644e+01
   1.2368349e+01
   2.6734335e+01
  -3.2894857e+00
   1.6732680e+01
   1.4670037e+01
  -3.6763794e-01
   1.3753255e+01
   1.3649789e+01
   2.6840317e+01
   5.8428803e+00
   1.7157500e+01
   1.1744722e+00
   2.5413203e+01
   2.1047636e+01
   8.8385552e+00
   2.9051209e+01
   1.4416599e+00
  -3.3873758e+00
   1.9393407e+01
   1.9883894e+01
   7.3795649e+00
   2.2175185e+01
   2.8867950e+01
   1.3981401e+01
   3.0830977e+00
   1.1775918e+01
   2.1152269e+00
   5.3525468e+00
  -3.1133721e-01
   1.1934134e+01
   8.5256718e+00
   1.4788997e+01
   2.3751957e+01
  -1.2612978e+00
   2.9109858e+01
   1.3135935e-02
   4.4227219e+00
  -1.0828649e+00
  -2.8565913e+00
   9.3095975e+00
   2.4943528e+01
   2.9397044e+01
   1.4379352e+01
   7.6179718e+00
   2.1329347e+01
   1.2766861e+01
   1.6872145e+01
  -3.4020067e+00
   6.7334504e+00
   1.0884575e+01
   2.8269922e+01
   2.3609475e+01
   1.5927904e+01
   2.2654265e+01
   1.7004990e+01
   1.0540687e+01
  -2.9903805e+00
  -1.0835321e+00
   1.0311453e+01
   1.0932696e+01
   2.8844402e+01
   1.7483254e+01
   1.9668959e+01
   1.5334751e+01
   2.0762433e+01
  -4.3639061e-01
   2.2020820e+01
   1.4426523e+01
   1.7984211e+00
  -3.0759645e+00
   1.2090889e+01
   2.1536442e-01
   8.5611204e+00
   1.1694525e+01
   1.3158566e+01
   1.1838501e+01
  -2.2938669e+00
   2.9936209e+01
   2.9755208e+01
  -1.9581061e-01
   6.1191396e+00
   1.7824916e+01
   1.0724816e+01
   2.0300125e+01
   1.1579996e+01
   1.6771525e+01
   2.0545739e+01
   1.1737883e+01
   1.5981319e+01
   2.3968675e+01
   1.9939982e+01
   1.7272785e+01
   2.7131117e+01
   1.9183111e+01
   4.9499942e+00
   2.5191421e+01
   1.8921975e+01
   1.5922164e+01
   1.6706600e+01
   2.9191623e+01
   1.4526420e+01
   2.8167363e+01
   2.8588737e+01
   2.2039204e+01
   2.9833353e+01
   2.9685143e+01
   2.4193945e+01
   6.0251749e+00
   2.8713865e+01
   2.0760916e+01
   1.0430202e+01
   1.1723263e+01
   9.1821306e+00
  -2.0611341e+00
   2.2553007e+01
   2.5581272e+01
  -7.0225464e-01
  -6.4348818e-01
   2.4733249e+01
   1.8772494e+01
  -2.1909133e+00
   2.0463739e+01
   1.5014321e+01
   5.0788121e+00
   6.2464533e+00
   1.8263042e+01
   1.0998917e+01
  -6.8670071e-01
   2.6267485e+01
   2.8208962e+01
   1.4162254e+01
   1.4618819e+01
   2.4389833e+00
   1.8281972e+01
   1.0909201e+01
   2.2584174e+01
  -3.4433215e+00
   2.4744388e+01
   2.9433093e+01
   2.8463859e+00
   1.8276868e+01
  -4.9009714e-01
   1.8490915e+01
   1.6092298e+01
   8.5474389e+00
   1.1024602e+01
   1.1364708e+01
   4.0142262e+00
   2.9412996e+00
   4.2971367e-01
   1.5946155e+01
   3.8867055e-01
   1.6393019e+01
   2.2160347e+01
   1.1444587e+01
  -3.9520482e+00
   1.1566944e+01
   1.5737315e+01
   1.1319554e+01
   1.6376638e+01
   1.5751867e+01
   2.6737946e+01
  -2.2457994e+00
   1.6302181e+01
   2.6484558e+01
  -1.8011262e+00
  -3.0351308e+00
   2.5976361e+01
   2.6170297e+01
   5.4983246e+00
   4.2950358e+00
   1.1070264e+01
   2.0293451e+01
  -3.5297540e+00
   8.4956379e+00
   1.1090959e+01
  -1.6664631e+00
   1.9524356e+00
   1.9320006e+01
   1.1505923e+01
   9.8398652e+00
   5.5032290e+00
   2.1054042e+01
   2.4400779e+01
   1.0886815e+01
   2.0648581e+01
   1.1352806e+01
   2.1870174e+01
   7.5978295e+00
  -3.1586648e+00
   1.9423571e+01
   6.5356672e+00
   1.4772508e+01
   1.7695383e+01
   1.9291352e+01
   1.0361112e+01
   1.4242425e+01
   1.9868634e+01
   1.0252658e+01
   1.3950680e+01
   7.1738539e+00
   1.2531025e+01
   7.3620079e+00
   1.7679611e+01
   2.5700598e+01
  -3.0595579e-01
   5.6398811e+00
   1.1702895e+01
   2.8272302e+01
   2.5217423e+01
   1.9546535e+01
   2.5074945e+01
  -3.3663831e+00
   1.8281791e+01
   2.7290357e+01
   7.6899157e+00
  -8.2000744e-01
   1.6766537e+01
   2.4474500e+01
   1.7796914e+01
   1.6651909e+01
   2.4202264e+01
  -3.7545138e+00
   2.4359274e+00
   1.2129056e+01
   1.7287863e+01
   1.7034407e+01
   1.5503618e+01
   1.7529554e+01
   8.2911737e+00
   2.7510014e+01
   9.0327906e+00
   2.5592820e+01
   8.2001904e+00
   1.4021083e+01
   3.9570335e+00
   1.9803255e+01
  -7.1918155e-01
   1.6177603e+01
   2.8109305e+00
  -2.4872730e+00
   2.8194816e+01
   4.9125877e+00
   1.3982881e+01
   8.0880215e+00
   9.8042814e+00
   5.5731184e+00
   9.9735164e+00
   2.0614088e+01
   1.8649652e+01
   6.6418423e+00
   1.1446955e+01
   2.9296404e+01
   1.6376738e+01
   2.7139420e+00
   2.1802888e+00
   4.3834835e+00
   9.0735744e+00
   2.9171624e+01
  -2.7887740e+00
   1.0814467e+01
   2.1076424e+01
   1.4676675e+01
   7.0212517e+00
   1.3868636e+01
   1.8587465e+01
   2.3788374e+01
   2.8574925e+00
   7.1150448e+00
   4.8776469e+00
   3.2641172e+00
   4.0681829e+00
   2.0224058e+00
   1.3848203e+01
  -3.6777795e+00
   2.0516591e+01
   2.1153493e+00
   1.3875818e+01
   1.3639094e+01
   1.4017365e+01
   2.8001371e+01
   1.1900670e+01
   1.1142135e+01
   2.2177742e+00
   2.3298385e+01
   3.7007757e+00
  -1.3595155e-01
   1.5156843e+01
   2.2805412e+01
   2.8476823e+01
   7.7017137e+00
   1.0354000e+01
  -3.4145194e+00
  -3.2096126e+00
   8.6782123e+00
   1.9392013e+01
   1.0493938e+01
  -3.1421208e+00
   1.9222419e+01
   2.6692406e+01
   1.1033456e+01
   1.7049969e+01
  -3.7074658e+00
   1.2515075e+00
   2.5302118e+01
   2.7865568e+00
   6.3469687e+00
   2.1370241e+01
   2.0534259e+01
   1.8555762e+01
   5.2245431e+00
   5.0301575e-01
   1.0287269e+01
   6.3532234e+00
   1.6566161e+01
   2.4767066e+01
  -2.6629730e+00
  -1.1034290e+00
   1.0766927e+01
   2.9985958e+01
   1.1690437e+01
   2.3682888e+01
   2.2005333e+01
   9.0293999e+00
   1.0159561e+01
   1.4974582e+01
   5.8748994e+00
   3.5266643e+00
   3.2021149e+00
   1.9789274e+01
   5.1952821e+00
   7.8714073e+00
  -3.0444905e+00
  -1.1287889e+00
   2.1419593e+01
   1.6031342e+01
   2.9422717e+01
   2.6497844e+01
   9.2623486e+00
  -3.0101643e+00
   1.2002933e+01
   1.0429783e+01
   6.9440879e-01
   1.0467047e+01
   2.3411626e+01
   2.9824603e+01
  -3.5729167e+00
  -6.1814850e-01
   1.1528782e+01
   7.7466860e+00
   5.3266334e+00
   2.8661686e+01
  -3.0210327e-01
   1.3510274e+01
  -1.6545533e+00
   1.7080073e+01
   1.0661709e+01
   1.5542183e+01
   1.5775816e+01
   1.6535022e+01
   2.8942394e+01
   2.8450750e+01
  -3.1202146e+00
   2.2793529e+01
   1.8584686e+01
   2.9102054e+01
   2.9647201e+01
   1.0056990e+01
   6.7680370e+00
   2.8126134e+01
   1.6393958e+01
   1.7679472e+01
   2.8540506e+00
   1.5619753e+01
   9.4161216e+00
   6.2670844e+00
   8.9794688e+00
   2.7602764e+01
   1.2839242e+01
   2.2522618e+01
   2.1141427e+01
   4.5754586e+00
   2.5023857e+01
   8.6603558e-01
   1.0596857e+01
   7.4657332e+00
   5.7220234e+00
   6.7861945e+00
   2.4903308e+01
   1.0207660e+01
   8.1638405e+00
   1.1853392e+00
   2.1792634e+01
  -3.8047017e+00
   6.4184358e+00
   2.9960389e+01
   2.3629387e+01
   3.0019097e+00
   2.3429811e+00
   8.5490956e+00
   3.9910773e-02
   2.1005196e+01
   1.6767137e+01
   1.1756961e+01
  -1.8802056e-01
  -3.0643907e-01
   2.3031085e+01
  -3.9726163e+00
   1.3595833e+01
   5.4538729e-01
   4.2803730e+00
   1.8928890e+01
   6.4043984e-01
   2.4036032e+01
   2.5522449e+01
   2.3906808e+00
  -2.5995310e+00
   1.6669983e+01
   1.5276994e+01
   1.5601276e+01
   7.7056143e+00
   7.9423372e+00
   2.3021467e+01
   7.6777477e+00
  -3.3648338e+00
   2.6103649e+01
  -3.2521530e+00
   2.6906847e+01
   1.2579820e+01
  -3.6907015e+00
   2.6556839e+01
   7.8595909e+00
   2.4834365e+01
   2.5223021e+01
  -1.5026273e+00
   2.2439025e+01
   3.2436213e-02
   1.0306651e+01
   1.0877095e+01
   2.4934097e+01
  -1.0472966e+00
   2.5553821e+01
   1.8591006e+01
   5.8332430e+00
   6.8264318e+00
   2.4355985e+01
   2.6512304e+01
   2.0355275e+01
   6.2245020e+00
   2.4056713e+01
   8.8661436e+00
   2.1028312e+01
   2.1542259e+01
   1.3807826e+01
   1.8181956e+01
   2.8583812e+01
   6.6592778e+00
   2.4101567e+01
   1.9822381e+01
   2.5402054e+01
   1.1443157e+00
  -1.8752664e+00
   6.5789136e+00
   1.4977361e+01
   2.4393006e+01
   2.0460022e+00
  -3.5583078e+00
  -1.9728469e+00
   9.0946136e+00
   2.4497269e+01
   1.9844300e+01
   2.9365813e+01
   1.7225253e+01
   8.7277070e+00
  -1.9333877e+00
   1.6305749e+01
   1.4144962e+01
   2.1593061e+01
  -2.7559617e+00
   2.9022044e+01
  -2.6051983e+00
  -2.9952755e+00
   1.0231134e+01
   1.8508101e+01
  -2.5648595e-01
   2.1349348e+00
   1.3403152e+01
   1.4414205e+01
   2.1469392e+01
   2.4904863e+01
   2.9909305e+01
   1.9859779e+01
   1.6508130e+01
   1.2758904e+01
   7.8806812e+00
   2.1740693e+01
   1.0523868e+01
   2.9297546e+01
   2.8559224e+00
   9.6567830e+00
   1.9177009e+01
   1.1743609e+01
  -1.0348648e+00
   1.9892845e+01
   2.0088546e+01
   2.6221591e+01
   6.6223229e+00
   2.3601843e+01
   1.9194554e+00
   1.9798006e+01
   8.3035980e+00
   1.6241844e+01
   5.4572281e+00
   1.0566178e+01
   2.2650233e+01
   2.2762135e+01
  -3.7237203e+00
   2.3405759e+01
   2.9185215e+01
   5.6741081e+00
   2.9902435e+01
   1.1881633e+01
   1.4639836e+01
   1.7313693e+01
   2.4501364e+01
   1.3850573e+01
   1.4425479e+01
   2.1277060e+00
   1.3144394e+01
   1.4734915e+01
   1.0335437e+01
   1.8927062e+01
  -3.9111044e+00
   1.1016017e+01
   9.0243022e+00
   1.2651351e+01
   1.0616410e+00
  -6.0962912e-01
  -8.6991421e-01
   1.0652479e+01
   7.7975898e+00
   2.0546569e+00
   1.5086605e+01
   1.1842930e+00
   6.7139494e+00
  -2.3155270e+00
   1.9476131e+00
   1.5507993e+01
  -3.3841227e+00
   1.2233267e+01
   8.7586231e+00
   1.7648693e+01
   1.6695833e+01
   1.1942011e+00
   1.7723951e+01
   9.5770165e-01
   2.7534858e+01
   1.7115517e+01
  -1.8442914e+00
   8.4189069e-01
   2.7965584e+01
   1.2606186e+01
   4.7251607e-01
   1.2694723e+01
   1.1087020e+01
  -9.8143915e-01
   3.5059589e+00
   3.0505107e+00
   2.5012206e+01
   6.2349180e+00
   2.0054804e+01
   2.6204218e+01
   2.9574079e+00
   2.9313948e+01
   9.7542106e+00
   1.6949694e+01
   1.4697869e+01
   2.4426161e+01
   2.2901112e+01
   2.1197523e+01
   1.0615092e+01
  -9.9303380e-01
   9.4936988e+00
   8.7673564e+00
   1.0565591e+01
  -3.1983585e+00
   4.2430610e+00
   7.5435639e+00
   1.2301598e+01
   2.0747813e+01
   1.1529583e+01
   2.1059657e+01
   2.0174762e+01
   1.0606092e+01
   5.0750146e-01
   2.6863879e+01
   1.4079961e+01
   1.6189654e+01
   1.2774008e+01
   1.9645084e+01
   1.1010217e+01
   6.2310450e+00
   4.3994766e+00
   1.6021859e+01
   1.4932349e+01
   1.1203092e+01
   4.1684373e-02
   2.2431863e+01
   1.5170993e+01
   9.5823696e+00
  -3.0712449e+00
  -3.0806857e+00
   2.8519677e+01
   9.3066900e+00
   1.7079424e+01
   2.0877672e+01
   8.5608408e+00
   2.6177830e+01
   1.5633298e+01
   2.9614060e+00
   6.3664437e-01
   2.1922764e+01
   1.0633596e+01
   2.5846323e+01
   2.7803321e+01
   2.8435537e+01
   2.6296680e+01
   2.2029750e+01
   1.0174973e+01
   9.6568738e+00
   7.6797572e+00
   4.8553787e+00
   2.7560489e+01
   2.0624086e+01
   1.3084878e+01
  -3.1963901e+00
   2.4589856e+01
   4.2739388e+00
   1.2995425e+01
   1.7903706e+01
  -3.7113125e+00
   2.6712682e+01
   4.4160217e+00
   2.3692997e+01
   1.1885294e+01
   7.5960634e+00
   2.1504065e+01
   4.3247950e-01
   2.6750165e+01
   5.6874186e+00
   2.5625213e+01
   2.7565399e+01
   6.8730615e+00
   1.0518255e+01
   2.4699078e+01
   2.0359026e+01
   2.1717548e+00
   2.8600157e+01
   2.3839033e+01
   6.0762316e+00
   1.4824268e+01
   1.0467023e+01
   7.0570136e-01
   1.5571599e+01
  -3.8814893e+00
   2.3547808e+01
   1.5865261e+01
   1.3167512e+01
   1.5133653e+01
   1.4915303e+01
   4.9510150e+00
   1.8280312e+01
   2.0220513e+01
   1.9457992e+01
   2.6103269e+01
   9.8260030e+00
   5.8435720e+00
   1.3639946e+01
   6.7553844e+00
  -1.6796864e+00
   2.6146246e+01
  -2.0647710e+00
   1.7730684e+01
   7.1843831e+00
   9.5692402e+00
   2.4661002e+01
   2.3660654e+01
   4.0435164e-01
   4.4061552e+00
   1.5562688e+01
  -5.5352538e-01
   1.8576879e+01
  -3.6702513e+00
   1.1036129e+01
   1.3120170e+01
   2.4434116e+01
   2.8374681e+01
   2.8433750e+01
   4.2111106e+00
   9.7381946e+00
   7.3224748e+00
   2.3450481e+01
  -3.9172697e+00
   2.0660593e+01
   2.5586490e+01
   2.5023170e+01
   1.5418790e+01
   3.7157106e+00
   1.8196391e+01
  -2.0499505e-01
   9.9851064e+00
   1.8609026e+01
   2.5812320e+01
   1.1588029e-01
   2.2506640e+01
   8.5775301e+00
   1.9833662e+01
   2.4140407e+01
   1.4687871e+01
   5.6277224e+00
   2.4015143e+01
   2.1437652e+01
   2.0102991e+01
  -2.6103742e+00
   1.0306389e+01
   1.4296100e+01
   1.2078575e+01
   1.9421631e+01
   9.0088104e+00
   1.4243507e+01
   1.3509369e+01
   1.5224852e+01
   6.4952206e+00
   6.7121092e+00
   1.8577990e+01
   1.7267587e+01
   4.8541136e+00
   3.4721664e+00
   1.6503516e+01
   9.4569984e+00
   1.4042823e+01
   1.3502891e+01
   1.7587179e+01
   4.9246461e+00
   1.0716554e+01
   8.8179457e+00
   7.4581890e+00
   6.8450084e+00
   4.6937570e+00
  -2.2165270e+00
   1.1057162e+01
   1.4956999e+01
   2.9932406e+01
   1.1500309e+01
   2.3092081e+01
   5.7126115e+00
   8.0859025e+00
   2.3938760e+01
   5.8817394e+00
   1.2411147e+01
   1.2799933e+01
   2.1605550e+00
  -2.9897507e+00
   1.5990197e+01
   9.4764584e+00
   1.7131522e+01
   2.4745233e+01
   8.9007876e+00
   2.2485222e+01
   1.4766197e+01
   1.2001069e+01
   4.3121291e+00
   1.5978928e+01
   3.4167506e+00
   2.0113347e+01
   2.4502940e+01
   8.5581280e+00
   2.3426074e+01
   2.9164716e+01
   1.8840164e+01
   1.8177005e-01
   1.0819705e+01
   3.3311918e+00
   7.8307803e+00
   2.5524863e+01
   3.6003764e+00
   2.0283871e+01
  -9.9610831e-01
  -2.6184593e+00
   1.8123105e+00
   2.7963532e+01
   1.6325706e+01
   9.3663207e+00
  -3.6365091e+00
  -2.7645492e+00
   2.9236883e+01
   1.7637141e+01
   5.6514158e+00
   1.4053492e+01
   1.3578737e+01
   3.2793218e+00
  -3.3742862e+00
   8.0207790e+00
   2.3963869e+01
   5.8692454e+00
   1.7704782e+01
   2.3374824e+01
   7.7303616e+00
   2.7334703e+01
   2.7227244e+01
  -3.3132533e+00
   2.4533714e+01
   7.6193562e+00
   1.1111609e+01
   6.8584519e+00
   1.2818448e+01
   8.5543213e+00
   1.4206699e+01
   1.5166560e+01
   2.1312669e+01
   1.2329594e+01
   1.7061823e+01
   1.4118827e+01
   1.7066427e+01
   1.4470478e+01
   1.1046152e+01
   1.2499280e-01
   2.9331219e+01
   1.7174279e+01
   1.1310255e+01
   1.7258667e+01
   4.6894899e+00
  -2.6601819e+00
   2.5410986e+01
   1.5017880e+01
   1.3530993e+01
   1.1239923e+01
   1.4995494e+01
   1.7344291e+01
   7.6107548e+00
  -1.3072735e+00
   2.0385947e+01
  -2.5265461e+00
  -1.3882595e+00
   1.8017658e+01
  -8.4655707e-01
   4.9955682e+00
   2.0367181e+01
   2.0102166e+01
  -3.6051214e+00
   1.2013363e+01
  -1.4335708e+00
   1.4770451e+01
   3.0093993e+00
   2.5851476e+01
   2.3661300e+01
  -3.9492999e+00
   2.3741120e+01
   1.0029991e+01
   2.2543395e+01
   1.2226143e+01
   2.5730019e+01
  -5.5009790e-01
   3.2512545e+00
   8.1318996e+00
   2.4679024e+01
   1.7643743e+01
   1.9185773e+01
   2.5605870e+01
   1.6801219e+01
   2.9561961e+01
   1.6063852e+01
   2.3058275e+01
   2.6912424e+01
   1.4143251e+01
   2.9800338e+01
   1.6345643e+01
   2.1801447e+00
   5.1421897e+00
  -2.6705208e+00
   8.0858547e-01
   1.3816826e+01
   1.7525309e+01
   1.1142673e+01
   1.4103426e+01
   1.0109631e+01
   1.0052477e+01
   1.8602524e+01
   3.0969401e+00
  -3.2964162e+00
   1.3090370e+00
   1.7508861e+01
   6.0167625e+00
  -1.2178653e+00
   2.6471495e+01
   1.4544837e+01
   5.3156460e+00
   1.1589667e+01
   1.9673603e+01
   1.0698920e+01
   1.9513489e+01
   8.5745633e+00
   1.0972129e-01
   1.3441946e+00
  -2.7009866e+00
  -1.8549617e-01
   1.9196078e+01
   1.3281050e+01
   1.0859887e+01
   1.1444873e+01
   2.3218901e+01
   1.1404508e+01
   2.1068716e+01
   5.6701670e-01
   6.5207297e+00
   1.9036203e+01
   2.0557948e+01
   1.4143478e+01
   2.9583374e+01
   1.4832451e+01
   2.0369935e+01
   1.7649564e+01
   3.7602658e+00
   2.7084814e+01
   1.9416833e+01
  -1.3721506e+00
   8.3997594e+00
  -3.8865706e-01
   2.6483325e+01
   4.3201737e+00
   1.7756711e+01
   2.9244454e+01
   7.5952854e+00
   3.7034725e+00
   1.6607801e+00
   7.5024123e+00
   8.3628237e+00
   2.9933054e+01
   6.1994997e+00
   2.6127622e+01
   1.4899744e+01
  -7.4567971e-01
   2.0998677e+01
   1.5288231e+01
   2.3474156e+01
   8.5658221e+00
   3.2653036e+00
   3.5000086e+00
   6.0714724e-01
   4.2421205e+00
   1.8255239e+01
   5.0372337e+00
   2.1636098e+01
   2.3921415e+01
   1.5486189e+01
   2.9400522e+01
  -2.5374751e+00
   8.1167333e+00
   2.5766887e+01
   5.1736908e+00
   3.7994943e+00
   2.6972368e+01
   4.6901980e+00
   1.7620811e+01
   1.1416674e+01
   1.1838102e+01
  -5.0324896e-01
   2.1478129e+01
   2.1724713e+01
  -6.0152118e-01
   1.1670592e+00
   2.7326555e+01
   2.6453698e+01
   2.8232335e+01
   1.9979360e+01
   2.6078059e+00
   2.1218289e+01
   1.9328117e+01
   2.6172833e+01
   4.5384564e-03
   1.5251643e+01
   1.3971275e+01
  -1.5524969e+00
   6.0320648e+00
   1.6231398e+01
   6.2333608e+00
   1.0726164e+00
   2.0620350e+01
  -1.4388565e+00
   2.3850904e+01
   4.3394490e+00
  -1.9232005e+00
   1.2878060e+01
   2.7973827e+01
   1.2725134e+01
  -2.5109158e+00
   1.8901107e+01
   2.2181138e+01
   2.5346524e+01
   1.4136644e+01
   1.2368349e+01
   2.6734335e+01
  -3.2894857e+00
   1.6732680e+01
   1.4670037e+01
  -3.6763794e-01
   1.3753255e+01
   1.3649789e+01
   2.6840317e+01
   5.8428803e+00
   1.7157500e+01
   1.1744722e+00
   2.5413203e+01
   2.1047636e+01
   8.8385552e+00
   2.9051209e+01
   1.4416599e+00
  -3.3873758e+00
   1.9393407e+01
   1.9883894e+01
   7.3795649e+00
   2.2175185e+01
   2.8867950e+01
   1.3981401e+01
   3.0830977e+00
   1.1775918e+01
   2.1152269e+00
   5.3525468e+00
  -3.1133721e-01
   1.1934134e+01
   8.5256718e+00
   1.4788997e+01
   2.3751957e+01
  -1.2612978e+00
   2.9109858e+01
   1.3135935e-02
   4.4227219e+00
  -1.0828649e+00
  -2.8565913e+00
   9.3095975e+00
   2.4943528e+01
   2.9397044e+01
   1.4379352e+01
   7.6179718e+00
   2.1329347e+01
   1.2766861e+01
   1.6872145e+01
  -3.4020067e+00
   6.7334504e+00
   1.0884575e+01
   2.8269922e+01
   2.3609475e+01
   1.5927904e+01
   2.2654265e+01
   1.7004990e+01
   1.0540687e+01
  -2.9903805e+00
  -1.0835321e+00
   1.0311453e+01
   1.0932696e+01
   2.8844402e+01
   1.7483254e+01
   1.9668959e+01
   1.5334751e+01
   2.0762433e+01
  -4.3639061e-01
   2.2020820e+01
   1.4426523e+01
   1.7984211e+00
  -3.0759645e+00
   1.2090889e+01
   2.1536442e-01
   8.5611204e+00
   1.1694525e+01
   1.3158566e+01
   1.1838501e+01
  -2.2938669e+00
   2.9936209e+01
   2.9755208e+01
  -1.9581061e-01
   6.1191396e+00
   1.7824916e+01
   1.0724816e+01
   2.0300125e+01
   1.1579996e+01
   1.6771525e+01
   2.0545739e+01
   1.1737883e+01
   1.5981319e+01
   2.3968675e+01
   1.9939982e+01
   1.7272785e+01
   2.7131117e+01
   1.9183111e+01
   4.9499942e+00
   2.5191421e+01
   1.8921975e+01
   1.5922164e+01
   1.6706600e+01
   2.9191623e+01
   1.4526420e+01
   2.8167363e+01
   2.8588737e+01
   2.2039204e+01
   2.9833353e+01
   2.9685143e+01
   2.4193945e+01
   6.0251749e+00
   2.8713865e+01
   2.0760916e+01
   1.0430202e+01
   1.1723263e+01
   9.1821306e+00
  -2.0611341e+00
   2.2553007e+01
   2.5581272e+01
  -7.0225464e-01
  -6.4348818e-01
   2.4733249e+01
   1.8772494e+01
  -2.1909133e+00
   2.0463739e+01
   1.5014321e+01
   5.0788121e+00
   6.2464533e+00
   1.8263042e+01
   1.0998917e+01
  -6.8670071e-01
   2.6267485e+01
   2.8208962e+01
   1.4162254e+01
   1.4618819e+01
   2.4389833e+00
   1.8281972e+01
   1.0909201e+01
   2.2584174e+01
  -3.4433215e+00
   2.4744388e+01
   2.9433093e+01
   2.8463859e+00
   1.8276868e+01
  -4.9009714e-01
   1.8490915e+01
   1.6092298e+01
   8.5474389e+00
   1.1024602e+01
   1.1364708e+01
   4.0142262e+00
   2.9412996e+00
   4.2971367e-01
   1.5946155e+01
   3.8867055e-01
   1.6393019e+01
   2.2160347e+01
   1.1444587e+01
  -3.9520482e+00
   1.1566944e+01
   1.5737315e+01
   1.1319554e+01
   1.6376638e+01
   1.5751867e+01
   2.6737946e+01
  -2.2457994e+00
   1.6302181e+01
   2.6484558e+01
  -1.8011262e+00
  -3.0351308e+00
   2.5976361e+01
   2.6170297e+01
   5.4983246e+00
   4.2950358e+00
   1.1070264e+01
   2.0293451e+01
  -3.5297540e+00
   8.4956379e+00
   1.1090959e+01
  -1.6664631e+00
   1.9524356e+00
   1.9320006e+01
   1.1505923e+01
   9.8398652e+00
   5.5032290e+00
   2.1054042e+01
   2.4400779e+01
   1.0886815e+01
   2.0648581e+01
   1.1352806e+01
   2.1870174e+01
   7.5978295e+00
  -3.1586648e+00
   1.9423571e+01
   6.5356672e+00
   1.4772508e+01
   1.7695383e+01
   1.9291352e+01
   1.0361112e+01
   1.4242425e+01
   1.9868634e+01
   1.0252658e+01
   1.3950680e+01
   7.1738539e+00
   1.2531025e+01
   7.3620079e+00
   1.7679611e+01
   2.5700598e+01
  -3.0595579e-01
   5.6398811e+00
   1.1702895e+01
   2.8272302e+01
   2.5217423e+01
   1.9546535e+01
   2.5074945e+01
  -3.3663831e+00
   1.8281791e+01
   2.7290357e+01
   7.6899157e+00
  -8.2000744e-01
   1.6766537e+01
   2.4474500e+01
   1.7796914e+01
   1.6651909e+01
   2.4202264e+01
  -3.7545138e+00
   2.4359274e+00
   1.2129056e+01
   1.7287863e+01
   1.7034407e+01
   1.5503618e+01
   1.7529554e+01
   8.2911737e+00
   2.7510014e+01
   9.0327906e+00
   2.5592820e+01
   8.2001904e+00
   1.4021083e+01
   3.9570335e+00
   1.9803255e+01
  -7.1918155e-01
   1.6177603e+01
   2.8109305e+00
  -2.4872730e+00
   2.8194816e+01
   4.9125877e+00
   1.3982881e+01
   8.0880215e+00
   9.8042814e+00
   5.5731184e+00
   9.9735164e+00
   2.0614088e+01
   1.8649652e+01
   6.6418423e+00
   1.1446955e+01
   2.9296404e+01
   1.6376738e+01
   2.7139420e+00
   2.1802888e+00
   4.3834835e+00
   9.0735744e+00
   2.9171624e+01
  -2.7887740e+00
   1.0814467e+01
   2.1076424e+01
   1.4676675e+01
   7.0212517e+00
   1.3868636e+01
   1.8587465e+01
   2.3788374e+01
   2.8574925e+00
   7.1150448e+00
   4.8776469e+00
   3.2641172e+00
   4.0681829e+00
   2.0224058e+00
   1.3848203e+01
  -3.6777795e+00
   2.0516591e+01
   2.1153493e+00
   1.3875818e+01
   1.3639094e+01
   1.4017365e+01
   2.8001371e+01
   1.1900670e+01
   1.1142135e+01
   2.2177742e+00
   2.3298385e+01
   3.7007757e+00
  -1.3595155e-01
   1.5156843e+01
   2.2805412e+01
   2.8476823e+01
   7.7017137e+00
   1.0354000e+01
  -3.4145194e+00
  -3.2096126e+00
   8.6782123e+00
   1.9392013e+01
   1.0493938e+01
  -3.1421208e+00
   1.9222419e+01
   2.6692406e+01
   1.1033456e+01
   1.7049969e+01
  -3.7074658e+00
   1.2515075e+00
   2.5302118e+01
   2.7865568e+00
   6.3469687e+00
   2.1370241e+01
   2.0534259e+01
   1.8555762e+01
   5.2245431e+00
   5.0301575e-01
   1.0287269e+01
   6.3532234e+00
   1.6566161e+01
   2.4767066e+01
  -2.6629730e+00
  -1.1034290e+00
   1.0766927e+01
   2.9985958e+01
   1.1690437e+01
   2.3682888e+01
   2.2005333e+01
   9.0293999e+00
   1.0159561e+01
   1.4974582e+01
   5.8748994e+00
   3.5266643e+00
   3.2021149e+00
   1.9789274e+01
   5.1952821e+00
   7.8714073e+00
  -3.0444905e+00
  -1.1287889e+00
   2.1419593e+01
   1.6031342e+01
   2.9422717e+01
   2.6497844e+01
   9.2623486e+00
  -3.0101643e+00
   1.2002933e+01
   1.0429783e+01
   6.9440879e-01
   1.0467047e+01
   2.3411626e+01
   2.9824603e+01
  -3.5729167e+00
  -6.1814850e-01
   1.1528782e+01
   7.7466860e+00
   5.3266334e+00
   2.8661686e+01
  -3.0210327e-01
   1.3510274e+01
  -1.6545533e+00
   1.7080073e+01
   1.0661709e+01
   1.5542183e+01
   1.5775816e+01
   1.6535022e+01
   2.8942394e+01
   2.8450750e+01
  -3.1202146e+00
   2.2793529e+01
   1.8584686e+01
   2.9102054e+01
   2.9647201e+01
   1.0056990e+01
   6.7680370e+00
   2.8126134e+01
   1.6393958e+01
   1.7679472e+01
   2.8540506e+00
   1.5619753e+01
   9.4161216e+00
   6.2670844e+00
   8.9794688e+00
   2.7602764e+01
   1.2839242e+01
   2.2522618e+01
   2.1141427e+01
   4.5754586e+00
   2.5023857e+01
   8.6603558e-01
   1.0596857e+01
   7.4657332e+00
   5.7220234e+00
   6.7861945e+00
   2.4903308e+01
   1.0207660e+01
   8.1638405e+00
   1.1853392e+00
   2.1792634e+01
  -3.8047017e+00
   6.4184358e+00
   2.9960389e+01
   2.3629387e+01
   3.0019097e+00
   2.3429811e+00
   8.5490956e+00
   3.9910773e-02
   2.1005196e+01
   1.6767137e+01
   1.1756961e+01
  -1.8802056e-01
  -3.0643907e-01
   2.3031085e+01
  -3.9726163e+00
   1.3595833e+01
   5.4538729e-01
   4.2803730e+00
   1.8928890e+01
   6.4043984e-01
   2.4036032e+01
   2.5522449e+01
   2.3906808e+00
  -2.5995310e+00
   1.6669983e+01
   1.5276994e+01
   1.5601276e+01
   7.7056143e+00
   7.9423372e+00
   2.3021467e+01
   7.6777477e+00
  -3.3648338e+00
   2.6103649e+01
  -3.2521530e+00
   2.6906847e+01
   1.2579820e+01
  -3.6907015e+00
   2.6556839e+01
   7.8595909e+00
   2.4834365e+01
   2.5223021e+01
  -1.5026273e+00
   2.2439025e+01
   3.2436213e-02
   1.0306651e+01
   1.0877095e+01
   2.4934097e+01
  -1.0472966e+00
   2.5553821e+01
   1.8591006e+01
   5.8332430e+00
   6.8264318e+00
   2.4355985e+01
   2.6512304e+01
   2.0355275e+01
   6.2245020e+00
   2.4056713e+01
   8.8661436e+00
   2.1028312e+01
   2.1542259e+01
   1.3807826e+01
   1.8181956e+01
   2.8583812e+01
   6.6592778e+00
   2.4101567e+01
   1.9822381e+01
   2.5402054e+01
   1.1443157e+00
  -1.8752664e+00
   6.5789136e+00
   1.4977361e+01
   2.4393006e+01
   2.0460022e+00
  -3.5583078e+00
  -1.9728469e+00
   9.0946136e+00
   2.4497269e+01
   1.9844300e+01
   2.9365813e+01
   1.7225253e+01
   8.7277070e+00
  -1.9333877e+00
   1.6305749e+01
   1.4144962e+01
   2.1593061e+01
  -2.7559617e+00
   2.9022044e+01
  -2.6051983e+00
  -2.9952755e+00
   1.0231134e+01
   1.8508101e+01
  -2.5648595e-01
   2.1349348e+00
   1.3403152e+01
   1.4414205e+01
   2.1469392e+01
   2.4904863e+01
   2.9909305e+01
   1.9859779e+01
   1.6508130e+01
   1.2758904e+01
   7.8806812e+00
   2.1740693e+01
   1.0523868e+01
   2.9297546e+01
   2.8559224e+00
   9.6567830e+00
   1.9177009e+01
   1.1743609e+01
  -1.0348648e+00
   1.9892845e+01
   2.0088546e+01
   2.6221591e+01
   6.6223229e+00
   2.3601843e+01
   1.9194554e+00
   1.9798006e+01
   8.3035980e+00
   1.6241844e+01
   5.4572281e+00
   1.0566178e+01
   2.2650233e+01
   2.2762135e+01
  -3.7237203e+00
   2.3405759e+01
   2.9185215e+01
   5.6741081e+00
   2.9902435e+01
   1.1881633e+01
   1.4639836e+01
   1.7313693e+01
   2.4501364e+01
   1.3850573e+01
   1.4425479e+01
   2.1277060e+00
   1.3144394e+01
   1.4734915e+01
   1.0335437e+01
   1.8927062e+01
  -3.9111044e+00
   1.1016017e+01
   9.0243022e+00
   1.2651351e+01
   1.0616410e+00
  -6.0962912e-01
  -8.6991421e-01
   1.0652479e+01
   7.7975898e+00
   2.0546569e+00
   1.5086605e+01
   1.1842930e+00
   6.7139494e+00
  -2.3155270e+00
   1.9476131e+00
   1.5507993e+01
  -3.3841227e+00
   1.2233267e+01
   8.7586231e+00
   1.7648693e+01
   1.6695833e+01
   1.1942011e+00
   1.7723951e+01
   9.5770165e-01
   2.7534858e+01
   1.7115517e+01
  -1.8442914e+00
   8.4189069e-01
   2.7965584e+01
   1.2606186e+01
   4.7251607e-01
   1.2694723e+01
   1.1087020e+01
  -9.8143915e-01
   3.5059589e+00
   3.0505107e+00
   2.5012206e+01
   6.2349180e+00
   2.0054804e+01
   2.6204218e+01
   2.9574079e+00
   2.9313948e+01
   9.7542106e+00
   1.6949694e+01
   1.4697869e+01
   2.4426161e+01
   2.2901112e+01
   2.1197523e+01
   1.0615092e+01
  -9.9303380e-01
   9.4936988e+00
   8.7673564e+00
   1.0565591e+01
  -3.1983585e+00
   4.2430610e+00
   7.5435639e+00
   1.2301598e+01
   2.0747813e+01
   1.1529583e+01
   2.1059657e+01
   2.0174762e+01
   1.0606092e+01
   5.0750146e-01
   2.6863879e+01
   1.4079961e+01
   1.6189654e+01
   1.2774008e+01
   1.9645084e+01
   1.1010217e+01
   6.2310450e+00
   4.3994766e+00
   1.6021859e+01
   1.4932349e+01
   1.1203092e+01
   4.1684373e-02
   2.2431863e+01
   1.5170993e+01
   9.5823696e+00
  -3.0712449e+00
  -3.0806857e+00
   2.8519677e+01
   9.3066900e+00
   1.7079424e+01
   2.0877672e+01
   8.5608408e+00
   2.6177830e+01
   1.5633298e+01
   2.9614060e+00
   6.3664437e-01
   2.1922764e+01
   1.0633596e+01
   2.5846323e+01
   2.7803321e+01
   2.8435537e+01
   2.6296680e+01
   2.2029750e+01
   1.0174973e+01
   9.6568738e+00
   7.6797572e+00
   4.8553787e+00
   2.7560489e+01
   2.0624086e+01
   1.3084878e+01
  -3.1963901e+00
   2.4589856e+01
   4.2739388e+00
   1.2995425e+01
   1.7903706e+01
  -3.7113125e+00
   2.6712682e+01
   4.4160217e+00
   2.3692997e+01
   1.1885294e+01
   7.5960634e+00
   2.1504065e+01
   4.3247950e-01
   2.6750165e+01
   5.6874186e+00
   2.5625213e+01
   2.7565399e+01
   6.8730615e+00
   1.0518255e+01
   2.4699078e+01
   2.0359026e+01
   2.1717548e+00
   2.8600157e+01
   2.3839033e+01
   6.0762316e+00
   1.4824268e+01
   1.0467023e+01
   7.0570136e-01
   1.5571599e+01
  -3.8814893e+00
   2.3547808e+01
   1.5865261e+01
   1.3167512e+01
   1.5133653e+01
   1.4915303e+01
   4.9510150e+00
   1.8280312e+01
   2.0220513e+01
   1.9457992e+01
   2.6103269e+01
   9.8260030e+00
   5.8435720e+00
   1.3639946e+01
   6.7553844e+00
  -1.6796864e+00
   2.6146246e+01
  -2.0647710e+00
   1.7730684e+01
   7.1843831e+00
   9.5692402e+00
   2.4661002e+01
   2.3660654e+01
   4.0435164e-01
   4.4061552e+00
   1.5562688e+01
  -5.5352538e-01
   1.8576879e+01
  -3.6702513e+00
   1.1036129e+01
   1.3120170e+01
   2.4434116e+01
   2.8374681e+01
   2.8433750e+01
   4.2111106e+00
   9.7381946e+00
   7.3224748e+00
   2.3450481e+01
  -3.9172697e+00
   2.0660593e+01
   2.5586490e+01
   2.5023170e+01
   1.5418790e+01
   3.7157106e+00
   1.8196391e+01
  -2.0499505e-01
   9.9851064e+00
   1.8609026e+01
   2.5812320e+01
   1.1588029e-01
   2.2506640e+01
   8.5775301e+00
   1.9833662e+01
   2.4140407e+01
   1.4687871e+01
   5.6277224e+00
   2.4015143e+01
   2.1437652e+01
   2.0102991e+01
  -2.6103742e+00
   1.0306389e+01
   1.4296100e+01
   1.2078575e+01
   1.9421631e+01
   9.0088104e+00
   1.4243507e+01
   1.3509369e+01
   1.5224852e+01
   6.4952206e+00
   6.7121092e+00
   1.8577990e+01
   1.7267587e+01
   4.8541136e+00
   3.4721664e+00
   1.6503516e+01
   9.4569984e+00
   1.4042823e+01
   1.3502891e+01
   1.7587179e+01
   4.9246461e+00
   1.0716554e+01
   8.8179457e+00
   7.4581890e+00
   6.8450084e+00
   4.6937570e+00
  -2.2165270e+00
   1.1057162e+01
   1.4956999e+01
   2.9932406e+01
   1.1500309e+01
   2.3092081e+01
   5.7126115e+00
   8.0859025e+00
   2.3938760e+01
   5.8817394e+00
   1.2411147e+01
   1.2799933e+01
   2.1605550e+00
  -2.9897507e+00
   1.5990197e+01
   9.4764584e+00
   1.7131522e+01
   2.4745233e+01
   8.9007876e+00
   2.2485222e+01
   1.4766197e+01
   1.2001069e+01
   4.3121291e+00
   1.5978928e+01
   3.4167506e+00
   2.0113347e+01
   2.4502940e+01
   8.5581280e+00
   2.3426074e+01
   2.9164716e+01
   1.8840164e+01
   1.8177005e-01
   1.0819705e+01
   3.3311918e+00
   7.8307803e+00
   2.5524863e+01
   3.6003764e+00
   2.0283871e+01
  -9.9610831e-01
  -2.6184593e+00
   1.8123105e+00
   2.7963532e+01
   1.6325706e+01
   9.3663207e+00
  -3.6365091e+00
  -2.7645492e+00
   2.9236883e+01
   1.7637141e+01
   5.6514158e+00
   1.4053492e+01
   1.3578737e+01
   3.2793218e+00
  -3.3742862e+00
   8.0207790e+00
   2.3963869e+01
   5.8692454e+00
   1.7704782e+01
   2.3374824e+01
   7.7303616e+00
   2.7334703e+01
   2.7227244e+01
  -3.3132533e+00
   2.4533714e+01
   7.6193562e+00
   1.1111609e+01
   6.8584519e+00
   1.2818448e+01
   8.5543213e+00
   1.4206699e+01
   1.5166560e+01
   2.1312669e+01
   1.2329594e+01
   1.7061823e+01
   1.4118827e+01
   1.7066427e+01
   1.4470478e+01
   1.1046152e+01
   1.2499280e-01
   2.9331219e+01
   1.7174279e+01
   1.1310255e+01
   1.7258667e+01
   4.6894899e+00
  -2.6601819e+00
   2.5410986e+01
   1.5017880e+01
   1.3530993e+01
   1.1239923e+01
   1.4995494e+01
   1.7344291e+01
   7.6107548e+00
  -1.3072735e+00
   2.0385947e+01
  -2.5265461e+00
  -1.3882595e+00
   1.8017658e+01
  -8.4655707e-01
   4.9955682e+00
   2.0367181e+01
   2.0102166e+01
  -3.6051214e+00
   1.2013363e+01
  -1.4335708e+00
   1.4770451e+01
   3.0093993e+00
   2.5851476e+01
   2.3661300e+01
  -3.9492999e+00
   2.3741120e+01
   1.0029991e+01
   2.2543395e+01
   1.2226143e+01
   2.5730019e+01
  -5.5009790e-01
   3.2512545e+00
   8.1318996e+00
   2.4679024e+01
   1.7643743e+01
   1.9185773e+01
   2.5605870e+01
   1.6801219e+01
   2.9561961e+01
   1.6063852e+01
   2.3058275e+01
   2.6912424e+01
   1.4143251e+01
   2.9800338e+01
   1.6345643e+01
   2.1801447e+00
   5.1421897e+00
  -2.6705208e+00
   8.0858547e-01
   1.3816826e+01
   1.7525309e+01
   1.1142673e+01
   1.4103426e+01
   1.0109631e+01
   1.0052477e+01
   1.8602524e+01
   3.0969401e+00
  -3.2964162e+00
   1.3090370e+00
   1.7508861e+01
   6.0167625e+00
  -1.2178653e+00
   2.6471495e+01
   1.4544837e+01
   5.3156460e+00
   1.1589667e+01
   1.9673603e+01
   1.0698920e+01
   1.9513489e+01
   8.5745633e+00
   1.0972129e-01
   1.3441946e+00
  -2.7009866e+00
  -1.8549617e-01
   1.9196078e+01
   1.3281050e+01
   1.0859887e+01
   1.1444873e+01
   2.3218901e+01
   1.1404508e+01
   2.1068716e+01
   5.6701670e-01
   6.5207297e+00
   1.9036203e+01
   2.0557948e+01
   1.4143478e+01
   2.9583374e+01
   1.4832451e+01
   2.0369935e+01
   1.7649564e+01
   3.7602658e+00
   2.7084814e+01
   1.9416833e+01
  -1.3721506e+00
   8.3997594e+00
  -3.8865706e-01
   2.6483325e+01
   4.3201737e+00
   1.7756711e+01
   2.9244454e+01
   7.5952854e+00
   3.7034725e+00
   1.6607801e+00
   7.5024123e+00
   8.3628237e+00
   2.9933054e+01
   6.1994997e+00
   2.6127622e+01
   1.4899744e+01
  -7.4567971e-01
   2.0998677e+01
   1.5288231e+01
   2.3474156e+01
   8.5658221e+00
   3.2653036e+00
   3.5000086e+00
   6.0714724e-01
   4.2421205e+00
   1.8255239e+01
   5.0372337e+00
   2.1636098e+01
   2.3921415e+01
   1.5486189e+01
   2.9400522e+01
  -2.5374751e+00
   8.1167333e+00
   2.5766887e+01
   5.1736908e+00
   3.7994943e+00
   2.6972368e+01
   4.6901980e+00
   1.7620811e+01
   1.1416674e+01
   1.1838102e+01
  -5.0324896e-01
   2.1478129e+01
   2.1724713e+01
  -6.0152118e-01
   1.1670592e+00
   2.7326555e+01
   2.6453698e+01
   2.8232335e+01
   1.9979360e+01
   2.6078059e+00
   2.1218289e+01
   1.9328117e+01
   2.6172833e+01
   4.5384564e-03
   1.5251643e+01
   1.3971275e+01
  -1.5524969e+00
   6.0320648e+00
   1.6231398e+01
   6.2333608e+00
   1.0726164e+00
   2.0620350e+01
  -1.4388565e+00
   2.3850904e+01
   4.3394490e+00
  -1.9232005e+00
   1.2878060e+01
   2.7973827e+01
   1.2725134e+01
  -2.5109158e+00
   1.8901107e+01
   2.2181138e+01
   2.5346524e+01
   1.4136644e+01
   1.2368349e+01
   2.6734335e+01
  -3.2894857e+00
   1.6732680e+01
   1.4670037e+01
  -3.6763794e-01
   1.3753255e+01
   1.3649789e+01
   2.6840317e+01
   5.8428803e+00
   1.7157500e+01
   1.1744722e+00
   2.5413203e+01
   2.1047636e+01
   8.8385552e+00
   2.9051209e+01
   1.4416599e+00
  -3.3873758e+00
   1.9393407e+01
   1.9883894e+01
   7.3795649e+00
   2.2175185e+01
   2.8867950e+01
   1.3981401e+01
   3.0830977e+00
   1.1775918e+01
   2.1152269e+00
   5.3525468e+00
  -3.1133721e-01
   1.1934134e+01
   8.5256718e+00
   1.4788997e+01
   2.3751957e+01
  -1.2612978e+00
   2.9109858e+01
   1.3135935e-02
   4.4227219e+00
  -1.0828649e+00
  -2.8565913e+00
   9.3095975e+00
   2.4943528e+01
   2.9397044e+01
   1.4379352e+01
   7.6179718e+00
   2.1329347e+01
   1.2766861e+01
   1.6872145e+01
  -3.4020067e+00
   6.7334504e+00
   1.0884575e+01
   2.8269922e+01
   2.3609475e+01
   1.5927904e+01
   2.2654265e+01
   1.7004990e+01
   1.0540687e+01
  -2.9903805e+00
  -1.0835321e+00
   1.0311453e+01
   1.0932696e+01
   2.8844402e+01
   1.7483254e+01
   1.9668959e+01
   1.5334751e+01
   2.0762433e+01
  -4.3639061e-01
   2.2020820e+01
   1.4426523e+01
   1.7984211e+00
  -3.0759645e+00
   1.2090889e+01
   2.1536442e-01
   8.5611204e+00
   1.1694525e+01
   1.3158566e+01
   1.1838501e+01
  -2.2938669e+00
   2.9936209e+01
   2.9755208e+01
  -1.9581061e-01
   6.1191396e+00
   1.7824916e+01
   1.0724816e+01
   2.0300125e+01
   1.1579996e+01
   1.6771525e+01
   2.0545739e+01
   1.1737883e+01
   1.5981319e+01
   2.3968675e+01
   1.9939982e+01
   1.7272785e+01
   2.7131117e+01
   1.9183111e+01
   4.9499942e+00
   2.5191421e+01
   1.8921975e+01
   1.5922164e+01
   1.6706600e+01
   2.9191623e+01
   1.4526420e+01
   2.8167363e+01
   2.8588737e+01
   2.2039204e+01
   2.9833353e+01
   2.9685143e+01
   2.4193945e+01
   6.0251749e+00
   2.8713865e+01
   2.0760916e+01
   1.0430202e+01
   1.1723263e+01
   9.1821306e+00
  -2.0611341e+00
   2.2553007e+01
   2.5581272e+01
  -7.0225464e-01
  -6.4348818e-01
   2.4733249e+01
   1.8772494e+01
  -2.1909133e+00
   2.0463739e+01
   1.5014321e+01
   5.0788121e+00
   6.2464533e+00
   1.8263042e+01
   1.0998917e+01
  -6.8670071e-01
   2.6267485e+01
   2.8208962e+01
   1.4162254e+01
   1.4618819e+01
   2.4389833e+00
   1.8281972e+01
   1.0909201e+01
   2.2584174e+01
  -3.4433215e+00
   2.4744388e+01
   2.9433093e+01
   2.8463859e+00
   1.8276868e+01
  -4.9009714e-01
   1.8490915e+01
   1.6092298e+01
   8.5474389e+00
   1.1024602e+01
   1.1364708e+01
   4.0142262e+00
   2.9412996e+00
   4.2971367e-01
   1.5946155e+01
   3.8867055e-01
   1.6393019e+01
   2.2160347e+01
   1.1444587e+01
  -3.9520482e+00
   1.1566944e+01
   1.5737315e+01
   1.1319554e+01
   1.6376638e+01
   1.5751867e+01
   2.6737946e+01
  -2.2457994e+00
   1.6302181e+01
   2.6484558e+01
  -1.8011262e+00
  -3.0351308e+00
   2.5976361e+01
   2.6170297e+01
   5.4983246e+00
   4.2950358e+00
   1.1070264e+01
   2.0293451e+01
  -3.5297540e+00
   8.4956379e+00
   1.1090959e+01
  -1.6664631e+00
   1.9524356e+00
   1.9320006e+01
   1.1505923e+01
   9.8398652e+00
   5.5032290e+00
   2.1054042e+01
   2.4400779e+01
   1.0886815e+01
   2.0648581e+01
   1.1352806e+01
   2.1870174e+01
   7.5978295e+00
  -3.1586648e+00
   1.9423571e+01
   6.5356672e+00
   1.4772508e+01
   1.7695383e+01
   1.9291352e+01
   1.0361112e+01
   1.4242425e+01
   1.9868634e+01
   1.0252658e+01
   1.3950680e+01
   7.1738539e+00
   1.2531025e+01
   7.3620079e+00
   1.7679611e+01
   2.5700598e+01
  -3.0595579e-01
   5.6398811e+00
   1.1702895e+01
   2.8272302e+01
   2.5217423e+01
   1.9546535e+01
   2.5074945e+01
  -3.3663831e+00
   1.8281791e+01
   2.7290357e+01
   7.6899157e+00
  -8.2000744e-01
   1.6766537e+01
   2.4474500e+01
   1.7796914e+01
   1.6651909e+01
   2.4202264e+01
  -3.7545138e+00
   2.4359274e+00
   1.2129056e+01
   1.7287863e+01
   1.7034407e+01
   1.5503618e+01
   1.7529554e+01
   8.2911737e+00
   2.7510014e+01
   9.0327906e+00
   2.5592820e+01
   8.2001904e+00
   1.4021083e+01
   3.9570335e+00
   1.9803255e+01
  -7.1918155e-01
   1.6177603e+01
   2.8109305e+00
  -2.4872730e+00
   2.8194816e+01
   4.9125877e+00
   1.3982881e+01
   8.0880215e+00
   9.8042814e+00
   5.5731184e+00
   9.9735164e+00
   2.0614088e+01
   1.8649652e+01
   6.6418423e+00
   1.1446955e+01
   2.9296404e+01
   1.6376738e+01
   2.7139420e+00
   2.1802888e+00
   4.3834835e+00
   9.0735744e+00
   2.9171624e+01
  -2.7887740e+00
   1.0814467e+01
   2.1076424e+01
   1.4676675e+01
   7.0212517e+00
   1.3868636e+01
   1.8587465e+01
   2.3788374e+01
   2.8574925e+00
   7.1150448e+00
   4.8776469e+00
   3.2641172e+00
   4.0681829e+00
   2.0224058e+00
   1.3848203e+01
  -3.6777795e+00
   2.0516591e+01
   2.1153493e+00
   1.3875818e+01
   1.3639094e+01
   1.4017365e+01
   2.8001371e+01
   1.1900670e+01
   1.1142135e+01
   2.2177742e+00
   2.3298385e+01
   3.7007757e+00
  -1.3595155e-01
   1.5156843e+01
   2.2805412e+01
   2.8476823e+01
   7.7017137e+00
   1.0354000e+01
  -3.4145194e+00
  -3.2096126e+00
   8.6782123e+00
   1.9392013e+01
   1.0493938e+01
  -3.1421208e+00
   1.9222419e+01
   2.6692406e+01
   1.1033456e+01
   1.7049969e+01
  -3.7074658e+00
   1.2515075e+00
   2.5302118e+01
   2.7865568e+00
   6.3469687e+00
   2.1370241e+01
   2.0534259e+01
   1.8555762e+01
   5.2245431e+00
   5.0301575e-01
   1.0287269e+01
   6.3532234e+00
   1.6566161e+01
   2.4767066e+01
  -2.6629730e+00
  -1.1034290e+00
   1.0766927e+01
   2.9985958e+01
   1.1690437e+01
   2.3682888e+01
   2.2005333e+01
   9.0293999e+00
   1.0159561e+01
   1.4974582e+01
   5.8748994e+00
   3.5266643e+00
   3.2021149e+00
   1.9789274e+01
   5.1952821e+00
   7.8714073e+00
  -3.0444905e+00
  -1.1287889e+00
   2.1419593e+01
   1.6031342e+01
   2.9422717e+01
   2.6497844e+01
   9.2623486e+00
  -3.0101643e+00
   1.2002933e+01
   1.0429783e+01
   6.9440879e-01
   1.0467047e+01
   2.3411626e+01
   2.9824603e+01
  -3.5729167e+00
  -6.1814850e-01
   1.1528782e+01
   7.7466860e+00
   5.3266334e+00
   2.8661686e+01
  -3.0210327e-01
   1.3510274e+01
  -1.6545533e+00
   1.7080073e+01
   1.0661709e+01
   1.5542183e+01
   1.5775816e+01
   1.6535022e+01
   2.8942394e+01
   2.8450750e+01
  -3.1202146e+00
   2.2793529e+01
   1.8584686e+01
   2.9102054e+01
   2.9647201e+01
   1.0056990e+01
   6.7680370e+00
   2.8126134e+01
   1.6393958e+01
   1.7679472e+01
   2.8540506e+00
   1.5619753e+01
   9.4161216e+00
   6.2670844e+00
   8.9794688e+00
   2.7602764e+01
   1.2839242e+01
   2.2522618e+01
   2.1141427e+01
   4.5754586e+00
   2.5023857e+01
   8.6603558e-01
   1.0596857e+01
   7.4657332e+00
   5.7220234e+00
   6.7861945e+00
   2.4903308e+01
   1.0207660e+01
   8.1638405e+00
   1.1853392e+00
   2.1792634e+01
  -3.8047017e+00
   6.4184358e+00
   2.9960389e+01
   2.3629387e+01
   3.0019097e+00
   2.3429811e+00
   8.5490956e+00
   3.9910773e-02
   2.1005196e+01
   1.6767137e+01
   1.1756961e+01
  -1.8802056e-01
  -3.0643907e-01
   2.3031085e+01
  -3.9726163e+00
   1.3595833e+01
   5.4538729e-01
   4.2803730e+00
   1.8928890e+01
   6.4043984e-01
   2.4036032e+01
   2.5522449e+01
   2.3906808e+00
  -2.5995310e+00
   1.6669983e+01
   1.5276994e+01
   1.5601276e+01
   7.7056143e+00
   7.9423372e+00
   2.3021467e+01
   7.6777477e+00
  -3.3648338e+00
   2.6103649e+01
  -3.2521530e+00
   2.6906847e+01
   1.2579820e+01
  -3.6907015e+00
   2.6556839e+01
   7.8595909e+00
   2.4834365e+01
   2.5223021e+01
  -1.5026273e+00
   2.2439025e+01
   3.2436213e-02
   1.0306651e+01
   1.0877095e+01
   2.4934097e+01
  -1.0472966e+00
   2.5553821e+01
   1.8591006e+01
   5.8332430e+00
   6.8264318e+00
   2.4355985e+01
   2.6512304e+01
   2.0355275e+01
   6.2245020e+00
   2.4056713e+01
   8.8661436e+00
   2.1028312e+01
   2.1542259e+01
   1.3807826e+01
   1.8181956e+01
   2.8583812e+01
   6.6592778e+00
   2.4101567e+01
   1.9822381e+01
   2.5402054e+01
   1.1443157e+00
  -1.8752664e+00
   6.5789136e+00
   1.4977361e+01
   2.4393006e+01
   2.0460022e+00
  -3.5583078e+00
  -1.9728469e+00
   9.0946136e+00
   2.4497269e+01
   1.9844300e+01
   2.9365813e+01
   1.7225253e+01
   8.7277070e+00
  -1.9333877e+00
   1.6305749e+01
   1.4144962e+01
   2.1593061e+01
  -2.7559617e+00
   2.9022044e+01
  -2.6051983e+00
  -2.9952755e+00
   1.0231134e+01
   1.8508101e+01
  -2.5648595e-01
   2.1349348e+00
   1.3403152e+01
   1.4414205e+01
   2.1469392e+01
   2.4904863e+01
   2.9909305e+01
   1.9859779e+01
   1.6508130e+01
   1.2758904e+01
   7.8806812e+00
   2.1740693e+01
   1.0523868e+01
   2.9297546e+01
   2.8559224e+00
   9.6567830e+00
   1.9177009e+01
   1.1743609e+01
  -1.0348648e+00
   1.9892845e+01
   2.0088546e+01
   2.6221591e+01
   6.6223229e+00
   2.3601843e+01
   1.9194554e+00
   1.9798006e+01
   8.3035980e+00
   1.6241844e+01
   5.4572281e+00
   1.0566178e+01
   2.2650233e+01
   2.2762135e+01
  -3.7237203e+00
   2.3405759e+01
   2.9185215e+01
   5.6741081e+00
   2.9902435e+01
   1.1881633e+01
   1.4639836e+01
   1.7313693e+01
   2.4501364e+01
   1.3850573e+01
   1.4425479e+01
   2.1277060e+00
   1.3144394e+01
   1.4734915e+01
   1.0335437e+01
   1.8927062e+01
  -3.9111044e+00
   1.1016017e+01
   9.0243022e+00
   1.2651351e+01
   1.0616410e+00
  -6.0962912e-01
  -8.6991421e-01
   1.0652479e+01
   7.7975898e+00
   2.0546569e+00
   1.5086605e+01
   1.1842930e+00
   6.7139494e+00
  -2.3155270e+00
   1.9476131e+00
   1.5507993e+01
  -3.3841227e+00
   1.2233267e+01
   8.7586231e+00
   1.7648693e+01
   1.6695833e+01
   1.1942011e+00
   1.7723951e+01
   9.5770165e-01
   2.7534858e+01
   1.7115517e+01
  -1.8442914e+00
   8.4189069e-01
   2.7965584e+01
   1.2606186e+01
   4.7251607e-01
   1.2694723e+01
   1.1087020e+01
  -9.8143915e-01
   3.5059589e+00
   3.0505107e+00
   2.5012206e+01
   6.2349180e+00
   2.0054804e+01
   2.6204218e+01
   2.9574079e+00
   2.9313948e+01
   9.7542106e+00
   1.6949694e+01
   1.4697869e+01
   2.4426161e+01
   2.2901112e+01
   2.1197523e+01
   1.0615092e+01
  -9.9303380e-01
   9.4936988e+00
   8.7673564e+00
   1.0565591e+01
  -3.1983585e+00
   4.2430610e+00
   7.5435639e+00
   1.2301598e+01
   2.0747813e+01
   1.1529583e+01
   2.1059657e+01
   2.0174762e+01
   1.0606092e+01
   5.0750146e-01
   2.6863879e+01
   1.4079961e+01
   1.6189654e+01
   1.2774008e+01
   1.9645084e+01
   1.1010217e+01
   6.2310450e+00
   4.3994766e+00
   1.6021859e+01
   1.4932349e+01
   1.1203092e+01
   4.1684373e-02
   2.2431863e+01
   1.5170993e+01
   9.5823696e+00
  -3.0712449e+00
  -3.0806857e+00
   2.8519677e+01
   9.3066900e+00
   1.7079424e+01
   2.0877672e+01
   8.5608408e+00
   2.6177830e+01
   1.5633298e+01
   2.9614060e+00
   6.3664437e-01
   2.1922764e+01
   1.0633596e+01
   2.5846323e+01
   2.7803321e+01
   2.8435537e+01
   2.6296680e+01
   2.2029750e+01
   1.0174973e+01
   9.6568738e+00
   7.6797572e+00
   4.8553787e+00
   2.7560489e+01
   2.0624086e+01
   1.3084878e+01
  -3.1963901e+00
   2.4589856e+01
   4.2739388e+00
   1.2995425e+01
   1.7903706e+01
  -3.7113125e+00
   2.6712682e+01
   4.4160217e+00
   2.3692997e+01
   1.1885294e+01
   7.5960634e+00
   2.1504065e+01
   4.3247950e-01
   2.6750165e+01
   5.6874186e+00
   2.5625213e+01
   2.7565399e+01
   6.8730615e+00
   1.0518255e+01
   2.4699078e+01
   2.0359026e+01
   2.1717548e+00
   2.8600157e+01
   2.3839033e+01
   6.0762316e+00
   1.4824268e+01
   1.0467023e+01
   7.0570136e-01
   1.5571599e+01
  -3.8814893e+00
   2.3547808e+01
   1.5865261e+01
   1.3167512e+01
   1.5133653e+01
   1.4915303e+01
   4.9510150e+00
   1.8280312e+01
   2.0220513e+01
   1.9457992e+01
   2.6103269e+01
   9.8260030e+00
   5.8435720e+00
   1.3639946e+01
   6.7553844e+00
  -1.6796864e+00
   2.6146246e+01
  -2.0647710e+00
   1.7730684e+01
   7.1843831e+00
   9.5692402e+00
   2.4661002e+01
   2.3660654e+01
   4.0435164e-01
   4.4061552e+00
   1.5562688e+01
  -5.5352538e-01
   1.8576879e+01
  -3.6702513e+00
   1.1036129e+01
   1.3120170e+01
   2.4434116e+01
   2.8374681e+01
   2.8433750e+01
   4.2111106e+00
   9.7381946e+00
   7.3224748e+00
   2.3450481e+01
  -3.9172697e+00
   2.0660593e+01
   2.5586490e+01
   2.5023170e+01
   1.5418790e+01
   3.7157106e+00
   1.8196391e+01
  -2.0499505e-01
   9.9851064e+00
   1.8609026e+01
   2.5812320e+01
   1.1588029e-01
   2.2506640e+01
   8.5775301e+00
   1.9833662e+01
   2.4140407e+01
   1.4687871e+01
   5.6277224e+00
   2.4015143e+01
   2.1437652e+01
   2.0102991e+01
  -2.6103742e+00
   1.0306389e+01
   1.4296100e+01
   1.2078575e+01
   1.9421631e+01
   9.0088104e+00
   1.4243507e+01
   1.3509369e+01
   1.5224852e+01
   6.4952206e+00
   6.7121092e+00
   1.8577990e+01
   1.7267587e+01
   4.8541136e+00
   3.4721664e+00
   1.6503516e+01
   9.4569984e+00
   1.4042823e+01
   1.3502891e+01
   1.7587179e+01
   4.9246461e+00
   1.0716554e+01
   8.8179457e+00
   7.4581890e+00
   6.8450084e+00
   4.6937570e+00
  -2.2165270e+00
   1.1057162e+01
   1.4956999e+01
   2.9932406e+01
   1.1500309e+01
   2.3092081e+01
   5.7126115e+00
   8.0859025e+00
   2.3938760e+01
   5.8817394e+00
   1.2411147e+01
   1.2799933e+01
   2.1605550e+00
  -2.9897507e+00
   1.5990197e+01
   9.4764584e+00
   1.7131522e+01
   2.4745233e+01
   8.9007876e+00
   2.2485222e+01
   1.4766197e+01
   1.2001069e+01
   4.3121291e+00
   1.5978928e+01
   3.4167506e+00
   2.0113347e+01
   2.4502940e+01
   8.5581280e+00
   2.3426074e+01
   2.9164716e+01
   1.8840164e+01
   1.8177005e-01
   1.0819705e+01
   3.3311918e+00
   7.8307803e+00
   2.5524863e+01
   3.6003764e+00
   2.0283871e+01
  -9.9610831e-01
  -2.6184593e+00
   1.8123105e+00
   2.7963532e+01
   1.6325706e+01
   9.3663207e+00
  -3.6365091e+00
  -2.7645492e+00
   2.9236883e+01
   1.7637141e+01
   5.6514158e+00
   1.4053492e+01
   1.3578737e+01
   3.2793218e+00
  -3.3742862e+00
   8.0207790e+00
   2.3963869e+01
   5.8692454e+00
   1.7704782e+01
   2.3374824e+01
   7.7303616e+00
   2.7334703e+01
   2.7227244e+01
  -3.3132533e+00
   2.4533714e+01
   7.6193562e+00
   1.1111609e+01
   6.8584519e+00
   1.2818448e+01
   8.5543213e+00
   1.4206699e+01
   1.5166560e+01
   2.1312669e+01
   1.2329594e+01
   1.7061823e+01
   1.4118827e+01
   1.7066427e+01
   1.4470478e+01
   1.1046152e+01
   1.2499280e-01
   2.9331219e+01
   1.7174279e+01
   1.1310255e+01
   1.7258667e+01
   4.6894899e+00
  -2.6601819e+00
   2.5410986e+01
   1.5017880e+01
   1.3530993e+01
   1.1239923e+01
   1.4995494e+01
   1.7344291e+01
   7.6107548e+00
  -1.3072735e+00
   2.0385947e+01
  -2.5265461e+00
  -1.3882595e+00
   1.8017658e+01
  -8.4655707e-01
   4.9955682e+00
   2.0367181e+01
   2.0102166e+01
  -3.6051214e+00
   1.2013363e+01
  -1.4335708e+00
   1.4770451e+01
   3.0093993e+00
   2.5851476e+01
   2.3661300e+01
  -3.9492999e+00
   2.3741120e+01
   1.0029991e+01
   2.2543395e+01
   1.2226143e+01
   2.5730019e+01
  -5.5009790e-01
   3.2512545e+00
   8.1318996e+00
   2.4679024e+01
   1.7643743e+01
   1.9185773e+01
   2.5605870e+01
   1.6801219e+01
   2.9561961e+01
   1.6063852e+01
   2.3058275e+01
   2.6912424e+01
   1.4143251e+01
   2.9800338e+01
   1.6345643e+01
   2.1801447e+00
   5.1421897e+00
  -2.6705208e+00
   8.0858547e-01
   1.3816826e+01
   1.7525309e+01
   1.1142673e+01
   1.4103426e+01
   1.0109631e+01
   1.0052477e+01
   1.8602524e+01
   3.0969401e+00
  -3.2964162e+00
   1.3090370e+00
   1.7508861e+01
   6.0167625e+00
  -1.2178653e+00
   2.6471495e+01
   1.4544837e+01
   5.3156460e+00
   1.1589667e+01
   1.9673603e+01
   1.0698920e+01
   1.9513489e+01
   8.5745633e+00
   1.0972129e-01
   1.3441946e+00
  -2.7009866e+00
  -1.8549617e-01
   1.9196078e+01
   1.3281050e+01
   1.0859887e+01
   1.1444873e+01
   2.3218901e+01
   1.1404508e+01
   2.1068716e+01
   5.6701670e-01
   6.5207297e+00
   1.9036203e+01
   2.0557948e+01
   1.4143478e+01
   2.9583374e+01
   1.4832451e+01
   2.0369935e+01
   1.7649564e+01
   3.7602658e+00
   2.7084814e+01
   1.9416833e+01
  -1.3721506e+00
   8.3997594e+00
  -3.8865706e-01
   2.6483325e+01
   4.3201737e+00
   1.7756711e+01
   2.9244454e+01
   7.5952854e+00
   3.7034725e+00
   1.6607801e+00
   7.5024123e+00
   8.3628237e+00
   2.9933054e+01
   6.1994997e+00
   2.6127622e+01
   1.4899744e+01
  -7.4567971e-01
   2.0998677e+01
   1.5288231e+01
   2.3474156e+01
   8.5658221e+00
   3.2653036e+00
   3.5000086e+00
   6.0714724e-01
   4.2421205e+00
   1.8255239e+01
   5.0372337e+00
   2.1636098e+01
   2.3921415e+01
   1.5486189e+01
   2.9400522e+01
  -2.5374751e+00
   8.1167333e+00
   2.5766887e+01
   5.1736908e+00
   3.7994943e+00
   2.6972368e+01
   4.6901980e+00
   1.7620811e+01
   1.1416674e+01
   1.1838102e+01
  -5.0324896e-01
   2.1478129e+01
   2.1724713e+01
  -6.0152118e-01
   1.1670592e+00
   2.7326555e+01
   2.6453698e+01
   2.8232335e+01
   1.9979360e+01
   2.6078059e+00
   2.1218289e+01
   1.9328117e+01
   2.6172833e+01
   4.5384564e-03
   1.5251643e+01
   1.3971275e+01
  -1.5524969e+00
   6.0320648e+00
   1.6231398e+01
   6.2333608e+00
   1.0726164e+00
   2.0620350e+01
  -1.4388565e+00
   2.3850904e+01
   4.3394490e+00
  -1.9232005e+00
   1.2878060e+01
   2.7973827e+01
   1.2725134e+01
  -2.5109158e+00
   1.8901107e+01
   2.2181138e+01
   2.5346524e+01
   1.4136644e+01
   1.2368349e+01
   2.6734335e+01
  -3.2894857e+00
   1.6732680e+01
   1.4670037e+01
  -3.6763794e-01
   1.3753255e+01
   1.3649789e+01
   2.6840317e+01
   5.8428803e+00
   1.7157500e+01
   1.1744722e+00
   2.5413203e+01
   2.1047636e+01
   8.8385552e+00
   2.9051209e+01
   1.4416599e+00
  -3.3873758e+00
   1.9393407e+01
   1.9883894e+01
   7.3795649e+00
   2.2175185e+01
   2.8867950e+01
   1.3981401e+01
   3.0830977e+00
   1.1775918e+01
   2.1152269e+00
   5.3525468e+00
  -3.1133721e-01
   1.1934134e+01
   8.5256718e+00
   1.4788997e+01
   2.3751957e+01
  -1.2612978e+00
   2.9109858e+01
   1.3135935e-02
   4.4227219e+00
  -1.0828649e+00
  -2.8565913e+00
   9.3095975e+00
   2.4943528e+01
   2.9397044e+01
   1.4379352e+01
   7.6179718e+00
   2.1329347e+01
   1.2766861e+01
   1.6872145e+01
  -3.4020067e+00
   6.7334504e+00
   1.0884575e+01
   2.8269922e+01
   2.3609475e+01
   1.5927904e+01
   2.2654265e+01
   1.7004990e+01
   1.0540687e+01
  -2.9903805e+00
  -1.0835321e+00
   1.0311453e+01
   1.0932696e+01
   2.8844402e+01
   1.7483254e+01
   1.9668959e+01
   1.5334751e+01
   2.0762433e+01
  -4.3639061e-01
   2.2020820e+01
   1.4426523e+01
   1.7984211e+00
  -3.0759645e+00
   1.2090889e+01
   2.1536442e-01
   8.5611204e+00
   1.1694525e+01
   1.3158566e+01
   1.1838501e+01
  -2.2938669e+00
   2.9936209e+01
   2.9755208e+01
  -1.9581061e-01
   6.1191396e+00
   1.7824916e+01
   1.0724816e+01
   2.0300125e+01
   1.1579996e+01
   1.6771525e+01
   2.0545739e+01
   1.1737883e+01
   1.5981319e+01
   2.3968675e+01
   1.9939982e+01
   1.7272785e+01
   2.7131117e+01
   1.9183111e+01
   4.9499942e+00
   2.5191421e+01
   1.8921975e+01
   1.5922164e+01
   1.6706600e+01
   2.9191623e+01
   1.4526420e+01
   2.8167363e+01
   2.8588737e+01
   2.2039204e+01
   2.9833353e+01
   2.9685143e+01
   2.4193945e+01
   6.0251749e+00
   2.8713865e+01
   2.0760916e+01
   1.0430202e+01
   1.1723263e+01
   9.1821306e+00
  -2.0611341e+00
   2.2553007e+01
   2.5581272e+01
  -7.0225464e-01
  -6.4348818e-01
   2.4733249e+01
   1.8772494e+01
  -2.1909133e+00
   2.0463739e+01
   1.5014321e+01
   5.0788121e+00
   6.2464533e+00
   1.8263042e+01
   1.0998917e+01
  -6.8670071e-01
   2.6267485e+01
   2.8208962e+01
   1.4162254e+01
   1.4618819e+01
   2.4389833e+00
   1.8281972e+01
   1.0909201e+01
   2.2584174e+01
  -3.4433215e+00
   2.4744388e+01
   2.9433093e+01
   2.8463859e+00
   1.8276868e+01
  -4.9009714e-01
   1.8490915e+01
   1.6092298e+01
   8.5474389e+00
   1.1024602e+01
   1.1364708e+01
   4.0142262e+00
   2.9412996e+00
   4.2971367e-01
   1.5946155e+01
   3.8867055e-01
   1.6393019e+01
   2.2160347e+01
   1.1444587e+01
  -3.9520482e+00
   1.1566944e+01
   1.5737315e+01
   1.1319554e+01
   1.6376638e+01
   1.5751867e+01
   2.6737946e+01
  -2.2457994e+00
   1.6302181e+01
   2.6484558e+01
  -1.8011262e+00
  -3.0351308e+00
   2.5976361e+01
   2.6170297e+01
   5.4983246e+00
   4.2950358e+00
   1.1070264e+01
   2.0293451e+01
  -3.5297540e+00
   8.4956379e+00
   1.1090959e+01
  -1.6664631e+00
   1.9524356e+00
   1.9320006e+01
   1.1505923e+01
   9.8398652e+00
   5.5032290e+00
   2.1054042e+01
   2.4400779e+01
   1.0886815e+01
   2.0648581e+01
   1.1352806e+01
   2.1870174e+01
