   1.9075923e+05
   3.0542666e+05
   2.4095555e+05
   3.4589676e+05
   1.7188721e+05
   3.6499076e+05
   2.4421628e+05
   2.6757054e+05
   1.9938663e+05
   2.3204346e+05
   1.7113239e+05
   2.2893994e+05
   2.3270975e+05
   2.5033186e+05
   2.4932095e+05
   1.7813310e+05
   3.6830484e+05
   3.3258854e+05
   3.0216620e+05
   3.4511784e+05
   2.3731160e+05
   2.3438033e+05
   2.3485799e+05
   3.2074373e+05
   2.7243825e+05
   1.5235760e+05
   2.0676216e+05
   2.9700181e+05
   1.6009265e+05
   3.4245027e+05
   1.7201438e+05
   2.3691207e+05
   3.7743854e+05
   3.7356453e+05
   2.8297209e+05
   3.7740819e+05
   2.6343413e+05
   1.7842528e+05
   3.3826973e+05
   2.7533972e+05
   3.6895027e+05
   2.9026511e+05
   2.9892517e+05
   1.6000582e+05
   3.5652780e+05
   2.9469378e+05
   2.2684732e+05
   3.2841507e+05
   2.0380159e+05
   2.8579277e+05
   1.6372273e+05
   1.6911088e+05
   1.7600077e+05
   1.6330990e+05
   2.5901865e+05
   1.9877505e+05
   3.6958856e+05
   3.5784188e+05
   3.4848119e+05
   3.7415191e+05
   3.2028556e+05
   3.7076600e+05
   2.9620501e+05
   3.1375379e+05
   2.4066676e+05
   2.1671888e+05
   2.8848095e+05
   2.9622494e+05
   2.0884903e+05
   3.3870761e+05
   1.7119386e+05
   2.6409451e+05
   2.7229023e+05
   2.7249840e+05
   2.6705656e+05
   3.3308062e+05
   3.5654439e+05
   2.0731285e+05
   3.6964150e+05
   3.0727604e+05
   2.0970140e+05
   3.5955383e+05
   1.7504728e+05
   2.5389087e+05
   2.4324411e+05
   2.9931965e+05
   3.7159956e+05
   3.0707427e+05
   2.2789142e+05
   2.8202149e+05
   1.7080998e+05
   1.6005940e+05
   2.9792205e+05
   2.3313971e+05
   1.9755592e+05
   3.4855417e+05
   3.4879377e+05
   3.6327290e+05
   2.0334415e+05
   3.2597351e+05
   3.1820240e+05
   1.8031584e+05
   2.0557708e+05
   1.8124126e+05
   1.7027153e+05
   2.0624118e+05
   3.0474576e+05
   3.4252976e+05
   2.2901255e+05
   2.0675283e+05
   2.4180494e+05
   1.9063060e+05
   2.5932942e+05
   3.0199740e+05
   2.8538864e+05
   1.8340043e+05
   2.9822461e+05
   1.8338761e+05
   2.5903165e+05
   3.2221941e+05
   3.0412970e+05
   3.4865052e+05
   2.7845299e+05
   3.3794222e+05
   3.1891896e+05
   3.4723210e+05
   3.3586423e+05
   3.2847773e+05
   1.5736025e+05
   2.1445476e+05
   1.5104533e+05
   1.5505579e+05
   2.6835621e+05
   2.2163072e+05
   2.2277067e+05
   1.8640077e+05
   2.2858780e+05
   3.6444893e+05
   3.2949316e+05
   3.3927036e+05
   2.3143547e+05
   3.2259285e+05
   3.1568440e+05
   3.3307285e+05
   1.8542751e+05
   3.0125953e+05
   2.2558088e+05
   3.7640660e+05
   1.6143841e+05
   1.9021653e+05
   2.5853173e+05
   3.1803720e+05
   3.1628827e+05
   3.0148618e+05
   2.6384225e+05
   1.5430992e+05
   2.3215097e+05
   2.7479462e+05
   3.5329779e+05
   2.5417863e+05
   2.9697134e+05
   3.1790014e+05
   2.6236318e+05
   3.0803339e+05
   2.1194032e+05
   2.8868934e+05
   3.6335745e+05
   2.4435428e+05
   3.1761442e+05
   3.4348691e+05
   3.5504364e+05
   3.6534789e+05
   2.5287259e+05
   3.5199496e+05
   2.0568872e+05
   3.1949083e+05
   1.6645129e+05
   2.5694747e+05
   2.7378180e+05
   3.3372877e+05
   2.2027660e+05
   1.9458962e+05
   2.4951474e+05
   2.1492224e+05
   1.7195859e+05
   2.1801959e+05
   1.6729763e+05
   3.6234047e+05
   2.8626467e+05
   3.6846526e+05
   1.5687516e+05
   1.7084425e+05
   2.8173098e+05
   1.9126314e+05
   1.6831235e+05
   3.5307817e+05
   3.3334750e+05
   2.5874714e+05
   1.9352429e+05
   1.7646694e+05
   2.1338439e+05
   3.1150334e+05
   2.9742415e+05
   2.9525829e+05
   2.1916113e+05
   3.1794802e+05
   3.0979894e+05
   3.1360828e+05
   2.2412134e+05
   1.8310987e+05
   3.5490440e+05
   2.7423190e+05
   3.6467638e+05
   1.7435117e+05
   3.3910288e+05
   2.8666520e+05
   3.2707711e+05
   1.9955123e+05
   2.4149058e+05
   3.0615640e+05
   3.7366707e+05
   3.1743692e+05
   2.6642809e+05
   3.4643300e+05
   3.6105903e+05
   1.8035641e+05
   1.9929065e+05
   3.4200675e+05
   1.7887287e+05
   2.8589561e+05
   3.1689163e+05
   3.6114413e+05
   3.0957602e+05
   1.7908864e+05
   3.7207131e+05
   2.0126147e+05
   3.2922016e+05
   1.6524409e+05
   2.1670893e+05
   3.0905659e+05
   1.8270843e+05
   1.6553686e+05
   3.6006018e+05
   2.6368170e+05
   1.6671863e+05
   3.3370946e+05
   2.0044159e+05
   1.6381569e+05
   2.9149491e+05
   2.4805322e+05
   1.8986805e+05
   1.7893160e+05
   1.5800506e+05
   3.3132661e+05
   1.8683780e+05
   3.5585236e+05
   2.5233808e+05
   3.7496760e+05
   3.5779732e+05
   2.3647653e+05
   2.3994360e+05
   2.1264967e+05
   2.3942546e+05
   1.8802370e+05
   3.7706491e+05
   1.5584030e+05
   1.9126513e+05
   1.9463389e+05
   1.9537453e+05
   2.3126997e+05
   3.3236789e+05
   3.7061097e+05
   1.9884470e+05
   2.7136566e+05
   2.1559135e+05
   2.8218831e+05
   1.8193267e+05
   3.3234579e+05
   3.7596544e+05
   1.7353732e+05
   2.8184289e+05
   2.8397002e+05
   2.6868469e+05
   2.6438351e+05
   2.5329859e+05
   2.0281185e+05
   3.7460097e+05
   3.2280643e+05
   2.8009819e+05
   2.9529411e+05
   3.2777689e+05
   1.5094591e+05
   3.7083916e+05
   2.1359503e+05
   2.8592479e+05
   1.6920167e+05
   2.0828989e+05
   2.5570867e+05
   3.0704720e+05
   1.7917062e+05
   3.1393343e+05
   2.4862347e+05
   3.0418590e+05
   1.9541502e+05
   3.2707412e+05
   2.5035134e+05
   3.0818202e+05
   2.8868815e+05
   3.5476816e+05
   3.1071691e+05
   3.3144892e+05
   1.5625907e+05
   1.9375512e+05
   2.1827073e+05
   3.2294697e+05
   3.6308071e+05
   3.1561952e+05
   1.5610492e+05
   2.3796474e+05
   1.5846304e+05
   1.7494820e+05
   2.2959048e+05
   2.5408721e+05
   1.6893637e+05
   3.6758933e+05
   2.4180476e+05
   1.6593444e+05
   2.1164220e+05
   1.6807868e+05
   1.7950387e+05
   2.9488582e+05
   2.4535436e+05
   1.6331101e+05
   3.4829479e+05
   1.8582877e+05
   1.9553520e+05
   3.7123910e+05
   2.8703513e+05
   2.4638756e+05
   2.7134864e+05
   1.6200115e+05
   3.7971757e+05
   1.5752914e+05
   1.8822244e+05
   3.5896723e+05
   2.7433741e+05
   3.1681508e+05
   2.2986131e+05
   2.1368990e+05
   2.7297550e+05
   2.5668477e+05
   2.0584288e+05
   2.2438026e+05
   2.9258083e+05
   1.8362489e+05
   3.6571388e+05
   2.9876950e+05
   2.8961895e+05
   3.7357195e+05
   2.8208813e+05
   3.6638190e+05
   1.8164036e+05
   2.1883576e+05
   2.8245239e+05
   1.5269895e+05
   2.4221009e+05
   2.0557239e+05
   3.4328621e+05
   2.3550748e+05
   3.5045530e+05
   2.9670426e+05
   3.5448844e+05
   2.3744523e+05
   1.6231934e+05
   3.7770383e+05
   2.0804763e+05
   2.6182853e+05
   1.8881044e+05
   2.7572314e+05
   1.6726977e+05
   3.1501274e+05
   1.5789208e+05
   2.3302230e+05
   1.7176736e+05
   2.4744092e+05
   2.0978815e+05
   2.9962474e+05
   3.7508743e+05
   2.2285804e+05
   2.1766931e+05
   2.9971243e+05
   3.4368632e+05
   2.7153529e+05
   3.6698088e+05
   1.6018060e+05
   2.5460655e+05
   3.2993905e+05
   1.8777862e+05
   2.6918897e+05
   2.4493520e+05
   3.0485486e+05
   2.3657822e+05
   1.8630629e+05
   1.6050828e+05
   3.5685349e+05
   2.9875332e+05
   1.6072933e+05
   2.1661774e+05
   3.1849610e+05
   3.2535557e+05
   1.7119576e+05
   2.6137324e+05
   2.7576370e+05
   2.6139464e+05
   2.3276814e+05
   2.3787061e+05
   1.5768842e+05
   1.8000744e+05
   2.2543526e+05
   3.3358507e+05
   2.3380249e+05
   2.6683362e+05
   3.4934790e+05
   3.5286956e+05
   1.7642381e+05
   2.0587366e+05
   3.5446215e+05
   2.2182670e+05
   1.5473562e+05
   3.5751473e+05
   2.0872308e+05
   2.6807404e+05
   2.0482221e+05
   1.7768256e+05
   1.9163518e+05
   2.6417162e+05
   1.5780333e+05
   1.6368615e+05
   2.8519574e+05
   3.3140409e+05
   3.1396482e+05
   2.2062676e+05
   1.6044376e+05
   2.3535438e+05
   2.8053748e+05
   3.5175751e+05
   2.9557190e+05
   2.8361270e+05
   2.1957845e+05
   3.5180982e+05
   2.6614325e+05
   2.7579445e+05
   1.8968700e+05
   3.2296601e+05
   3.7837503e+05
   2.7781672e+05
   3.5623891e+05
   3.6539562e+05
   2.9962478e+05
   2.6517382e+05
   3.4609758e+05
   2.2826782e+05
   2.1917707e+05
   2.9738639e+05
   3.0501649e+05
   1.5628672e+05
   2.1961875e+05
   3.3340685e+05
   3.6741231e+05
   1.7587881e+05
   2.4791723e+05
   2.4840233e+05
   2.5928650e+05
   2.2728261e+05
   3.5930132e+05
   1.5400031e+05
   3.1778705e+05
   3.1605440e+05
   3.5765337e+05
   1.9479548e+05
   2.7965125e+05
   1.6557827e+05
   2.9411827e+05
   3.2772242e+05
   3.7617634e+05
   3.4407056e+05
   2.7269098e+05
   2.1288345e+05
   2.7000676e+05
   2.9050576e+05
   2.9382145e+05
   2.6044627e+05
   3.0222991e+05
   2.7804281e+05
   1.5952880e+05
   1.9240326e+05
   2.3951773e+05
   3.0142111e+05
   3.6460555e+05
   2.9892114e+05
   2.6472091e+05
   2.4192673e+05
   1.5863686e+05
   3.7012401e+05
   3.7128283e+05
   2.6312682e+05
   2.0169148e+05
   1.8657842e+05
   2.9303283e+05
   2.7258083e+05
   1.7221883e+05
   2.0834815e+05
   1.6567157e+05
   3.7439032e+05
   1.8631267e+05
   3.7823379e+05
   3.7180170e+05
   3.7736605e+05
   3.4046054e+05
   2.9089663e+05
   2.0861207e+05
   2.3648492e+05
   3.5505255e+05
   2.8455004e+05
   3.3238819e+05
   2.8349157e+05
   3.2323939e+05
   2.6469271e+05
   1.8604807e+05
   2.6805339e+05
   1.5681238e+05
   1.7371713e+05
   3.2429331e+05
   1.5185443e+05
   3.1026074e+05
   1.5366647e+05
   1.8431565e+05
   3.0167242e+05
   3.1324181e+05
   2.8566041e+05
   1.8364873e+05
   2.8850772e+05
   3.1884586e+05
   2.8119309e+05
   3.5890975e+05
   2.3720092e+05
   2.2942946e+05
   2.3181664e+05
   2.8839541e+05
   3.7582656e+05
   1.7311262e+05
   2.3887521e+05
   3.3033531e+05
   2.6234627e+05
   2.8461643e+05
   3.1374950e+05
   2.0768717e+05
   2.6640851e+05
   3.3210942e+05
   2.5121415e+05
   2.1566226e+05
   1.8324176e+05
   2.7317067e+05
   1.9599755e+05
   2.3048560e+05
   3.6144294e+05
   1.5557044e+05
   2.9032373e+05
   3.3241340e+05
   2.5664946e+05
   3.2136919e+05
   2.1151045e+05
   2.0600221e+05
   2.5663186e+05
   3.3819477e+05
   3.1902559e+05
   2.7819952e+05
   1.8561112e+05
   3.7002132e+05
   3.7494987e+05
   3.6001137e+05
   2.6262956e+05
   3.1941129e+05
   2.4687999e+05
   2.9218182e+05
   2.5039810e+05
   2.8789824e+05
   2.4832948e+05
   2.4168612e+05
   2.3243679e+05
   2.0983967e+05
   1.8515996e+05
   3.6025358e+05
   2.2654563e+05
   3.0543130e+05
   2.6057297e+05
   2.4360876e+05
   1.7034021e+05
   2.7077159e+05
   3.7108849e+05
   2.4134508e+05
   2.1404987e+05
   3.7026651e+05
   2.0910824e+05
   3.1834406e+05
   2.7703789e+05
   2.5399677e+05
   1.7986029e+05
   2.3000146e+05
   3.7034082e+05
   2.3154144e+05
   2.5923399e+05
   3.1622248e+05
   1.9738553e+05
   3.0805603e+05
   2.0385390e+05
   3.0918247e+05
   1.9948064e+05
   1.5268434e+05
   1.8198635e+05
   1.7166962e+05
   1.6387122e+05
   1.6102689e+05
   3.2849021e+05
   2.1577507e+05
   2.1033251e+05
   3.4146149e+05
   3.6890035e+05
   2.6614097e+05
   3.5448275e+05
   1.7163188e+05
   3.3933746e+05
   2.3549917e+05
   2.5758373e+05
   2.3761187e+05
   3.6162340e+05
   2.6174630e+05
   2.7682000e+05
   1.5506231e+05
   2.8850716e+05
   1.5564582e+05
   3.1645493e+05
   2.5904570e+05
   2.9010417e+05
   3.1813661e+05
   3.6417606e+05
   1.5954517e+05
   3.7353365e+05
   1.9123172e+05
   2.4091949e+05
   1.8738558e+05
   3.4400940e+05
   2.1992675e+05
   2.1121907e+05
   3.4330118e+05
   3.7066228e+05
   2.3629522e+05
   3.2078560e+05
   2.2531302e+05
   3.2380245e+05
   2.2417189e+05
   3.7425126e+05
   1.6209273e+05
   3.3446093e+05
   2.8796973e+05
   1.9993255e+05
   2.1319294e+05
   3.3871492e+05
   1.8424070e+05
   1.9897100e+05
   1.9082739e+05
   2.7766952e+05
   2.2309340e+05
   3.1334478e+05
   3.3967978e+05
   3.2577446e+05
   1.8871967e+05
   1.6735410e+05
   3.3835906e+05
   3.7051222e+05
   2.3966895e+05
   3.2008045e+05
   3.4519626e+05
   3.2604547e+05
   3.6055502e+05
   3.5544211e+05
   1.8456147e+05
   1.6923600e+05
   2.6649590e+05
   2.7921301e+05
   1.5068729e+05
   2.1675404e+05
   2.1428646e+05
   2.2824996e+05
   3.6443536e+05
   2.8697133e+05
   2.3917983e+05
   3.1915799e+05
   2.3029899e+05
   3.2148871e+05
   3.1935838e+05
   2.1593185e+05
   1.9662217e+05
   1.9808929e+05
   2.4846880e+05
   2.2968412e+05
   3.4299840e+05
   3.1226141e+05
   3.2064455e+05
   3.5683626e+05
   3.7858567e+05
   2.1077864e+05
   1.5302754e+05
   3.4104812e+05
   3.5367611e+05
   3.7159486e+05
   3.6416622e+05
   2.1637923e+05
   1.9126735e+05
   3.7418895e+05
   2.4644441e+05
   2.0090086e+05
   2.0089847e+05
   3.5424738e+05
   1.7486346e+05
   2.5508190e+05
   2.2094059e+05
   1.6714649e+05
   2.9584380e+05
   1.7800292e+05
   2.8157748e+05
   2.6102007e+05
   1.6121104e+05
   3.7494247e+05
   2.6179380e+05
   2.5138395e+05
   3.4582785e+05
   2.7245475e+05
   2.7832049e+05
   1.6981756e+05
   3.7280218e+05
   2.4740585e+05
   3.7680398e+05
   3.3703083e+05
   1.9822435e+05
   3.4315670e+05
   1.5743866e+05
   1.7758333e+05
   3.7140877e+05
   1.8775625e+05
   2.8235552e+05
   3.5756510e+05
   1.5038398e+05
   3.0434702e+05
   2.8502515e+05
   1.5534578e+05
   2.8579306e+05
   2.5833412e+05
   2.6801246e+05
   1.9974238e+05
   1.6865639e+05
   3.1515950e+05
   2.8232298e+05
   3.7841755e+05
   2.5629792e+05
   1.9283966e+05
   2.5359299e+05
   2.4101638e+05
   2.6493542e+05
   2.4242987e+05
   1.7579249e+05
   3.5096416e+05
   2.6332611e+05
   3.3683699e+05
   3.3765769e+05
   1.7834907e+05
   3.7496260e+05
   3.4153029e+05
   3.4424102e+05
   3.3649955e+05
   3.0721335e+05
   1.7452695e+05
   3.1917895e+05
   3.0224592e+05
   1.9772732e+05
   1.7690773e+05
   2.5992609e+05
   3.7954920e+05
   3.2161314e+05
   3.0687273e+05
   2.0483555e+05
   2.1387051e+05
   1.6752104e+05
   2.9613915e+05
   1.6363528e+05
   3.4235453e+05
   2.1896908e+05
   1.9861439e+05
   3.7316667e+05
   3.1029311e+05
   3.1479424e+05
   3.4295077e+05
   1.6761095e+05
   2.4893125e+05
   2.7339307e+05
   3.6438735e+05
   2.9040246e+05
   1.9147819e+05
   1.5581611e+05
   2.7215704e+05
   3.7017199e+05
   3.7848894e+05
   2.9029974e+05
   2.1899102e+05
   3.3013762e+05
   3.4727682e+05
   3.3409859e+05
   3.2141396e+05
   3.6382929e+05
   2.2469059e+05
   3.0986779e+05
   3.1847375e+05
   3.5308805e+05
   1.7038424e+05
   2.5768559e+05
   2.9106607e+05
   2.6424816e+05
   3.3589770e+05
   2.8638593e+05
   2.3384846e+05
   2.0060676e+05
   2.1010185e+05
   3.5097186e+05
   2.1675991e+05
   3.0765046e+05
   2.1857814e+05
   3.7126086e+05
   1.8949262e+05
   3.5771242e+05
   3.1315860e+05
   2.6109445e+05
   3.3455268e+05
   1.7395939e+05
   1.9048293e+05
   3.1154170e+05
   1.7650638e+05
   1.6988516e+05
   2.4723158e+05
   1.7224175e+05
   3.3907656e+05
   2.9406921e+05
   2.8617361e+05
   1.7894399e+05
   2.0825459e+05
   2.5473676e+05
   2.7633641e+05
   3.1812025e+05
   3.7018686e+05
   2.8273290e+05
   2.3593776e+05
   1.9405698e+05
   2.7762817e+05
   1.9929390e+05
   3.2032462e+05
   2.8837222e+05
   2.3081635e+05
   2.0019536e+05
   2.5839178e+05
   1.5930072e+05
   1.6868482e+05
   2.1276520e+05
   2.2245454e+05
   2.8498254e+05
   1.7529952e+05
   1.8768269e+05
   2.7630042e+05
   3.4969985e+05
   2.7264623e+05
   2.8837075e+05
   2.3067325e+05
   3.3307641e+05
   3.4074742e+05
   3.4506831e+05
   2.5511447e+05
   2.3073053e+05
   2.2432963e+05
   2.3429042e+05
   1.6498231e+05
   3.3738946e+05
   2.7782258e+05
   2.4400398e+05
   2.3850952e+05
   2.9883666e+05
   3.0125876e+05
   3.5841764e+05
   3.7306886e+05
   1.8126383e+05
   2.9356688e+05
   2.3112112e+05
   3.2952167e+05
   3.0575493e+05
   1.5886832e+05
   3.7278824e+05
   2.5079561e+05
   2.7377728e+05
   3.7758336e+05
   3.0797607e+05
   2.0345617e+05
   2.4102242e+05
   1.9740870e+05
   3.0367594e+05
   3.0359522e+05
   2.9577113e+05
   3.3983637e+05
   2.6300833e+05
   1.9907605e+05
   2.6860588e+05
   3.5457630e+05
   2.2816294e+05
   2.4380745e+05
   1.5896413e+05
   2.7976790e+05
   3.3386557e+05
   2.3448253e+05
   3.1171307e+05
   1.5097815e+05
   2.6533010e+05
   3.2199994e+05
   2.3840544e+05
   2.6900768e+05
   3.6565638e+05
   2.5646039e+05
   1.5727224e+05
   3.4285913e+05
   2.6724864e+05
   2.9054563e+05
   2.7639245e+05
   3.0653640e+05
   3.1346723e+05
   2.5804275e+05
   1.8799481e+05
   3.6048828e+05
   1.6768878e+05
   2.2600065e+05
   2.8182136e+05
   3.3780904e+05
   1.5074169e+05
   2.8331220e+05
   2.1346352e+05
   1.9076857e+05
   2.3634378e+05
   3.3001622e+05
   1.9569875e+05
   3.6176685e+05
   2.3780884e+05
   1.5197859e+05
   1.7365050e+05
   1.6345914e+05
   1.6281961e+05
   1.8155634e+05
   1.7399221e+05
   3.2105036e+05
   3.2726968e+05
   2.9976406e+05
   3.3857203e+05
   3.3105960e+05
   2.8510167e+05
   2.8901747e+05
   2.7084882e+05
   3.2220240e+05
   3.0885082e+05
   1.7316210e+05
   2.4734448e+05
   1.7870886e+05
   1.7059719e+05
   2.2123219e+05
   1.5503497e+05
   3.7507469e+05
   2.5398463e+05
   1.9344044e+05
   3.5957219e+05
   2.7037880e+05
   2.5686648e+05
   1.9313644e+05
   2.9366674e+05
   3.1757038e+05
   2.0212603e+05
   1.6192597e+05
   3.3329870e+05
   1.7599250e+05
   3.3961693e+05
   2.1980373e+05
   2.8414239e+05
   3.0488537e+05
   3.1317921e+05
   3.6818278e+05
   2.0443433e+05
   3.5092184e+05
   2.4536731e+05
   3.1154749e+05
   1.9075923e+05
   3.0542666e+05
   2.4095555e+05
   3.4589676e+05
   1.7188721e+05
   3.6499076e+05
   2.4421628e+05
   2.6757054e+05
   1.9938663e+05
   2.3204346e+05
   1.7113239e+05
   2.2893994e+05
   2.3270975e+05
   2.5033186e+05
   2.4932095e+05
   1.7813310e+05
   3.6830484e+05
   3.3258854e+05
   3.0216620e+05
   3.4511784e+05
   2.3731160e+05
   2.3438033e+05
   2.3485799e+05
   3.2074373e+05
   2.7243825e+05
   1.5235760e+05
   2.0676216e+05
   2.9700181e+05
   1.6009265e+05
   3.4245027e+05
   1.7201438e+05
   2.3691207e+05
   3.7743854e+05
   3.7356453e+05
   2.8297209e+05
   3.7740819e+05
   2.6343413e+05
   1.7842528e+05
   3.3826973e+05
   2.7533972e+05
   3.6895027e+05
   2.9026511e+05
   2.9892517e+05
   1.6000582e+05
   3.5652780e+05
   2.9469378e+05
   2.2684732e+05
   3.2841507e+05
   2.0380159e+05
   2.8579277e+05
   1.6372273e+05
   1.6911088e+05
   1.7600077e+05
   1.6330990e+05
   2.5901865e+05
   1.9877505e+05
   3.6958856e+05
   3.5784188e+05
   3.4848119e+05
   3.7415191e+05
   3.2028556e+05
   3.7076600e+05
   2.9620501e+05
   3.1375379e+05
   2.4066676e+05
   2.1671888e+05
   2.8848095e+05
   2.9622494e+05
   2.0884903e+05
   3.3870761e+05
   1.7119386e+05
   2.6409451e+05
   2.7229023e+05
   2.7249840e+05
   2.6705656e+05
   3.3308062e+05
   3.5654439e+05
   2.0731285e+05
   3.6964150e+05
   3.0727604e+05
   2.0970140e+05
   3.5955383e+05
   1.7504728e+05
   2.5389087e+05
   2.4324411e+05
   2.9931965e+05
   3.7159956e+05
   3.0707427e+05
   2.2789142e+05
   2.8202149e+05
   1.7080998e+05
   1.6005940e+05
   2.9792205e+05
   2.3313971e+05
   1.9755592e+05
   3.4855417e+05
   3.4879377e+05
   3.6327290e+05
   2.0334415e+05
   3.2597351e+05
   3.1820240e+05
   1.8031584e+05
   2.0557708e+05
   1.8124126e+05
   1.7027153e+05
   2.0624118e+05
   3.0474576e+05
   3.4252976e+05
   2.2901255e+05
   2.0675283e+05
   2.4180494e+05
   1.9063060e+05
   2.5932942e+05
   3.0199740e+05
   2.8538864e+05
   1.8340043e+05
   2.9822461e+05
   1.8338761e+05
   2.5903165e+05
   3.2221941e+05
   3.0412970e+05
   3.4865052e+05
   2.7845299e+05
   3.3794222e+05
   3.1891896e+05
   3.4723210e+05
   3.3586423e+05
   3.2847773e+05
   1.5736025e+05
   2.1445476e+05
   1.5104533e+05
   1.5505579e+05
   2.6835621e+05
   2.2163072e+05
   2.2277067e+05
   1.8640077e+05
   2.2858780e+05
   3.6444893e+05
   3.2949316e+05
   3.3927036e+05
   2.3143547e+05
   3.2259285e+05
   3.1568440e+05
   3.3307285e+05
   1.8542751e+05
   3.0125953e+05
   2.2558088e+05
   3.7640660e+05
   1.6143841e+05
   1.9021653e+05
   2.5853173e+05
   3.1803720e+05
   3.1628827e+05
   3.0148618e+05
   2.6384225e+05
   1.5430992e+05
   2.3215097e+05
   2.7479462e+05
   3.5329779e+05
   2.5417863e+05
   2.9697134e+05
   3.1790014e+05
   2.6236318e+05
   3.0803339e+05
   2.1194032e+05
   2.8868934e+05
   3.6335745e+05
   2.4435428e+05
   3.1761442e+05
   3.4348691e+05
   3.5504364e+05
   3.6534789e+05
   2.5287259e+05
   3.5199496e+05
   2.0568872e+05
   3.1949083e+05
   1.6645129e+05
   2.5694747e+05
   2.7378180e+05
   3.3372877e+05
   2.2027660e+05
   1.9458962e+05
   2.4951474e+05
   2.1492224e+05
   1.7195859e+05
   2.1801959e+05
   1.6729763e+05
   3.6234047e+05
   2.8626467e+05
   3.6846526e+05
   1.5687516e+05
   1.7084425e+05
   2.8173098e+05
   1.9126314e+05
   1.6831235e+05
   3.5307817e+05
   3.3334750e+05
   2.5874714e+05
   1.9352429e+05
   1.7646694e+05
   2.1338439e+05
   3.1150334e+05
   2.9742415e+05
   2.9525829e+05
   2.1916113e+05
   3.1794802e+05
   3.0979894e+05
   3.1360828e+05
   2.2412134e+05
   1.8310987e+05
   3.5490440e+05
   2.7423190e+05
   3.6467638e+05
   1.7435117e+05
   3.3910288e+05
   2.8666520e+05
   3.2707711e+05
   1.9955123e+05
   2.4149058e+05
   3.0615640e+05
   3.7366707e+05
   3.1743692e+05
   2.6642809e+05
   3.4643300e+05
   3.6105903e+05
   1.8035641e+05
   1.9929065e+05
   3.4200675e+05
   1.7887287e+05
   2.8589561e+05
   3.1689163e+05
   3.6114413e+05
   3.0957602e+05
   1.7908864e+05
   3.7207131e+05
   2.0126147e+05
   3.2922016e+05
   1.6524409e+05
   2.1670893e+05
   3.0905659e+05
   1.8270843e+05
   1.6553686e+05
   3.6006018e+05
   2.6368170e+05
   1.6671863e+05
   3.3370946e+05
   2.0044159e+05
   1.6381569e+05
   2.9149491e+05
   2.4805322e+05
   1.8986805e+05
   1.7893160e+05
   1.5800506e+05
   3.3132661e+05
   1.8683780e+05
   3.5585236e+05
   2.5233808e+05
   3.7496760e+05
   3.5779732e+05
   2.3647653e+05
   2.3994360e+05
   2.1264967e+05
   2.3942546e+05
   1.8802370e+05
   3.7706491e+05
   1.5584030e+05
   1.9126513e+05
   1.9463389e+05
   1.9537453e+05
   2.3126997e+05
   3.3236789e+05
   3.7061097e+05
   1.9884470e+05
   2.7136566e+05
   2.1559135e+05
   2.8218831e+05
   1.8193267e+05
   3.3234579e+05
   3.7596544e+05
   1.7353732e+05
   2.8184289e+05
   2.8397002e+05
   2.6868469e+05
   2.6438351e+05
   2.5329859e+05
   2.0281185e+05
   3.7460097e+05
   3.2280643e+05
   2.8009819e+05
   2.9529411e+05
   3.2777689e+05
   1.5094591e+05
   3.7083916e+05
   2.1359503e+05
   2.8592479e+05
   1.6920167e+05
   2.0828989e+05
   2.5570867e+05
   3.0704720e+05
   1.7917062e+05
   3.1393343e+05
   2.4862347e+05
   3.0418590e+05
   1.9541502e+05
   3.2707412e+05
   2.5035134e+05
   3.0818202e+05
   2.8868815e+05
   3.5476816e+05
   3.1071691e+05
   3.3144892e+05
   1.5625907e+05
   1.9375512e+05
   2.1827073e+05
   3.2294697e+05
   3.6308071e+05
   3.1561952e+05
   1.5610492e+05
   2.3796474e+05
   1.5846304e+05
   1.7494820e+05
   2.2959048e+05
   2.5408721e+05
   1.6893637e+05
   3.6758933e+05
   2.4180476e+05
   1.6593444e+05
   2.1164220e+05
   1.6807868e+05
   1.7950387e+05
   2.9488582e+05
   2.4535436e+05
   1.6331101e+05
   3.4829479e+05
   1.8582877e+05
   1.9553520e+05
   3.7123910e+05
   2.8703513e+05
   2.4638756e+05
   2.7134864e+05
   1.6200115e+05
   3.7971757e+05
   1.5752914e+05
   1.8822244e+05
   3.5896723e+05
   2.7433741e+05
   3.1681508e+05
   2.2986131e+05
   2.1368990e+05
   2.7297550e+05
   2.5668477e+05
   2.0584288e+05
   2.2438026e+05
   2.9258083e+05
   1.8362489e+05
   3.6571388e+05
   2.9876950e+05
   2.8961895e+05
   3.7357195e+05
   2.8208813e+05
   3.6638190e+05
   1.8164036e+05
   2.1883576e+05
   2.8245239e+05
   1.5269895e+05
   2.4221009e+05
   2.0557239e+05
   3.4328621e+05
   2.3550748e+05
   3.5045530e+05
   2.9670426e+05
   3.5448844e+05
   2.3744523e+05
   1.6231934e+05
   3.7770383e+05
   2.0804763e+05
   2.6182853e+05
   1.8881044e+05
   2.7572314e+05
   1.6726977e+05
   3.1501274e+05
   1.5789208e+05
   2.3302230e+05
   1.7176736e+05
   2.4744092e+05
   2.0978815e+05
   2.9962474e+05
   3.7508743e+05
   2.2285804e+05
   2.1766931e+05
   2.9971243e+05
   3.4368632e+05
   2.7153529e+05
   3.6698088e+05
   1.6018060e+05
   2.5460655e+05
   3.2993905e+05
   1.8777862e+05
   2.6918897e+05
   2.4493520e+05
   3.0485486e+05
   2.3657822e+05
   1.8630629e+05
   1.6050828e+05
   3.5685349e+05
   2.9875332e+05
   1.6072933e+05
   2.1661774e+05
   3.1849610e+05
   3.2535557e+05
   1.7119576e+05
   2.6137324e+05
   2.7576370e+05
   2.6139464e+05
   2.3276814e+05
   2.3787061e+05
   1.5768842e+05
   1.8000744e+05
   2.2543526e+05
   3.3358507e+05
   2.3380249e+05
   2.6683362e+05
   3.4934790e+05
   3.5286956e+05
   1.7642381e+05
   2.0587366e+05
   3.5446215e+05
   2.2182670e+05
   1.5473562e+05
   3.5751473e+05
   2.0872308e+05
   2.6807404e+05
   2.0482221e+05
   1.7768256e+05
   1.9163518e+05
   2.6417162e+05
   1.5780333e+05
   1.6368615e+05
   2.8519574e+05
   3.3140409e+05
   3.1396482e+05
   2.2062676e+05
   1.6044376e+05
   2.3535438e+05
   2.8053748e+05
   3.5175751e+05
   2.9557190e+05
   2.8361270e+05
   2.1957845e+05
   3.5180982e+05
   2.6614325e+05
   2.7579445e+05
   1.8968700e+05
   3.2296601e+05
   3.7837503e+05
   2.7781672e+05
   3.5623891e+05
   3.6539562e+05
   2.9962478e+05
   2.6517382e+05
   3.4609758e+05
   2.2826782e+05
   2.1917707e+05
   2.9738639e+05
   3.0501649e+05
   1.5628672e+05
   2.1961875e+05
   3.3340685e+05
   3.6741231e+05
   1.7587881e+05
   2.4791723e+05
   2.4840233e+05
   2.5928650e+05
   2.2728261e+05
   3.5930132e+05
   1.5400031e+05
   3.1778705e+05
   3.1605440e+05
   3.5765337e+05
   1.9479548e+05
   2.7965125e+05
   1.6557827e+05
   2.9411827e+05
   3.2772242e+05
   3.7617634e+05
   3.4407056e+05
   2.7269098e+05
   2.1288345e+05
   2.7000676e+05
   2.9050576e+05
   2.9382145e+05
   2.6044627e+05
   3.0222991e+05
   2.7804281e+05
   1.5952880e+05
   1.9240326e+05
   2.3951773e+05
   3.0142111e+05
   3.6460555e+05
   2.9892114e+05
   2.6472091e+05
   2.4192673e+05
   1.5863686e+05
   3.7012401e+05
   3.7128283e+05
   2.6312682e+05
   2.0169148e+05
   1.8657842e+05
   2.9303283e+05
   2.7258083e+05
   1.7221883e+05
   2.0834815e+05
   1.6567157e+05
   3.7439032e+05
   1.8631267e+05
   3.7823379e+05
   3.7180170e+05
   3.7736605e+05
   3.4046054e+05
   2.9089663e+05
   2.0861207e+05
   2.3648492e+05
   3.5505255e+05
   2.8455004e+05
   3.3238819e+05
   2.8349157e+05
   3.2323939e+05
   2.6469271e+05
   1.8604807e+05
   2.6805339e+05
   1.5681238e+05
   1.7371713e+05
   3.2429331e+05
   1.5185443e+05
   3.1026074e+05
   1.5366647e+05
   1.8431565e+05
   3.0167242e+05
   3.1324181e+05
   2.8566041e+05
   1.8364873e+05
   2.8850772e+05
   3.1884586e+05
   2.8119309e+05
   3.5890975e+05
   2.3720092e+05
   2.2942946e+05
   2.3181664e+05
   2.8839541e+05
   3.7582656e+05
   1.7311262e+05
   2.3887521e+05
   3.3033531e+05
   2.6234627e+05
   2.8461643e+05
   3.1374950e+05
   2.0768717e+05
   2.6640851e+05
   3.3210942e+05
   2.5121415e+05
   2.1566226e+05
   1.8324176e+05
   2.7317067e+05
   1.9599755e+05
   2.3048560e+05
   3.6144294e+05
   1.5557044e+05
   2.9032373e+05
   3.3241340e+05
   2.5664946e+05
   3.2136919e+05
   2.1151045e+05
   2.0600221e+05
   2.5663186e+05
   3.3819477e+05
   3.1902559e+05
   2.7819952e+05
   1.8561112e+05
   3.7002132e+05
   3.7494987e+05
   3.6001137e+05
   2.6262956e+05
   3.1941129e+05
   2.4687999e+05
   2.9218182e+05
   2.5039810e+05
   2.8789824e+05
   2.4832948e+05
   2.4168612e+05
   2.3243679e+05
   2.0983967e+05
   1.8515996e+05
   3.6025358e+05
   2.2654563e+05
   3.0543130e+05
   2.6057297e+05
   2.4360876e+05
   1.7034021e+05
   2.7077159e+05
   3.7108849e+05
   2.4134508e+05
   2.1404987e+05
   3.7026651e+05
   2.0910824e+05
   3.1834406e+05
   2.7703789e+05
   2.5399677e+05
   1.7986029e+05
   2.3000146e+05
   3.7034082e+05
   2.3154144e+05
   2.5923399e+05
   3.1622248e+05
   1.9738553e+05
   3.0805603e+05
   2.0385390e+05
   3.0918247e+05
   1.9948064e+05
   1.5268434e+05
   1.8198635e+05
   1.7166962e+05
   1.6387122e+05
   1.6102689e+05
   3.2849021e+05
   2.1577507e+05
   2.1033251e+05
   3.4146149e+05
   3.6890035e+05
   2.6614097e+05
   3.5448275e+05
   1.7163188e+05
   3.3933746e+05
   2.3549917e+05
   2.5758373e+05
   2.3761187e+05
   3.6162340e+05
   2.6174630e+05
   2.7682000e+05
   1.5506231e+05
   2.8850716e+05
   1.5564582e+05
   3.1645493e+05
   2.5904570e+05
   2.9010417e+05
   3.1813661e+05
   3.6417606e+05
   1.5954517e+05
   3.7353365e+05
   1.9123172e+05
   2.4091949e+05
   1.8738558e+05
   3.4400940e+05
   2.1992675e+05
   2.1121907e+05
   3.4330118e+05
   3.7066228e+05
   2.3629522e+05
   3.2078560e+05
   2.2531302e+05
   3.2380245e+05
   2.2417189e+05
   3.7425126e+05
   1.6209273e+05
   3.3446093e+05
   2.8796973e+05
   1.9993255e+05
   2.1319294e+05
   3.3871492e+05
   1.8424070e+05
   1.9897100e+05
   1.9082739e+05
   2.7766952e+05
   2.2309340e+05
   3.1334478e+05
   3.3967978e+05
   3.2577446e+05
   1.8871967e+05
   1.6735410e+05
   3.3835906e+05
   3.7051222e+05
   2.3966895e+05
   3.2008045e+05
   3.4519626e+05
   3.2604547e+05
   3.6055502e+05
   3.5544211e+05
   1.8456147e+05
   1.6923600e+05
   2.6649590e+05
   2.7921301e+05
   1.5068729e+05
   2.1675404e+05
   2.1428646e+05
   2.2824996e+05
   3.6443536e+05
   2.8697133e+05
   2.3917983e+05
   3.1915799e+05
   2.3029899e+05
   3.2148871e+05
   3.1935838e+05
   2.1593185e+05
   1.9662217e+05
   1.9808929e+05
   2.4846880e+05
   2.2968412e+05
   3.4299840e+05
   3.1226141e+05
   3.2064455e+05
   3.5683626e+05
   3.7858567e+05
   2.1077864e+05
   1.5302754e+05
   3.4104812e+05
   3.5367611e+05
   3.7159486e+05
   3.6416622e+05
   2.1637923e+05
   1.9126735e+05
   3.7418895e+05
   2.4644441e+05
   2.0090086e+05
   2.0089847e+05
   3.5424738e+05
   1.7486346e+05
   2.5508190e+05
   2.2094059e+05
   1.6714649e+05
   2.9584380e+05
   1.7800292e+05
   2.8157748e+05
   2.6102007e+05
   1.6121104e+05
   3.7494247e+05
   2.6179380e+05
   2.5138395e+05
   3.4582785e+05
   2.7245475e+05
   2.7832049e+05
   1.6981756e+05
   3.7280218e+05
   2.4740585e+05
   3.7680398e+05
   3.3703083e+05
   1.9822435e+05
   3.4315670e+05
   1.5743866e+05
   1.7758333e+05
   3.7140877e+05
   1.8775625e+05
   2.8235552e+05
   3.5756510e+05
   1.5038398e+05
   3.0434702e+05
   2.8502515e+05
   1.5534578e+05
   2.8579306e+05
   2.5833412e+05
   2.6801246e+05
   1.9974238e+05
   1.6865639e+05
   3.1515950e+05
   2.8232298e+05
   3.7841755e+05
   2.5629792e+05
   1.9283966e+05
   2.5359299e+05
   2.4101638e+05
   2.6493542e+05
   2.4242987e+05
   1.7579249e+05
   3.5096416e+05
   2.6332611e+05
   3.3683699e+05
   3.3765769e+05
   1.7834907e+05
   3.7496260e+05
   3.4153029e+05
   3.4424102e+05
   3.3649955e+05
   3.0721335e+05
   1.7452695e+05
   3.1917895e+05
   3.0224592e+05
   1.9772732e+05
   1.7690773e+05
   2.5992609e+05
   3.7954920e+05
   3.2161314e+05
   3.0687273e+05
   2.0483555e+05
   2.1387051e+05
   1.6752104e+05
   2.9613915e+05
   1.6363528e+05
   3.4235453e+05
   2.1896908e+05
   1.9861439e+05
   3.7316667e+05
   3.1029311e+05
   3.1479424e+05
   3.4295077e+05
   1.6761095e+05
   2.4893125e+05
   2.7339307e+05
   3.6438735e+05
   2.9040246e+05
   1.9147819e+05
   1.5581611e+05
   2.7215704e+05
   3.7017199e+05
   3.7848894e+05
   2.9029974e+05
   2.1899102e+05
   3.3013762e+05
   3.4727682e+05
   3.3409859e+05
   3.2141396e+05
   3.6382929e+05
   2.2469059e+05
   3.0986779e+05
   3.1847375e+05
   3.5308805e+05
   1.7038424e+05
   2.5768559e+05
   2.9106607e+05
   2.6424816e+05
   3.3589770e+05
   2.8638593e+05
   2.3384846e+05
   2.0060676e+05
   2.1010185e+05
   3.5097186e+05
   2.1675991e+05
   3.0765046e+05
   2.1857814e+05
   3.7126086e+05
   1.8949262e+05
   3.5771242e+05
   3.1315860e+05
   2.6109445e+05
   3.3455268e+05
   1.7395939e+05
   1.9048293e+05
   3.1154170e+05
   1.7650638e+05
   1.6988516e+05
   2.4723158e+05
   1.7224175e+05
   3.3907656e+05
   2.9406921e+05
   2.8617361e+05
   1.7894399e+05
   2.0825459e+05
   2.5473676e+05
   2.7633641e+05
   3.1812025e+05
   3.7018686e+05
   2.8273290e+05
   2.3593776e+05
   1.9405698e+05
   2.7762817e+05
   1.9929390e+05
   3.2032462e+05
   2.8837222e+05
   2.3081635e+05
   2.0019536e+05
   2.5839178e+05
   1.5930072e+05
   1.6868482e+05
   2.1276520e+05
   2.2245454e+05
   2.8498254e+05
   1.7529952e+05
   1.8768269e+05
   2.7630042e+05
   3.4969985e+05
   2.7264623e+05
   2.8837075e+05
   2.3067325e+05
   3.3307641e+05
   3.4074742e+05
   3.4506831e+05
   2.5511447e+05
   2.3073053e+05
   2.2432963e+05
   2.3429042e+05
   1.6498231e+05
   3.3738946e+05
   2.7782258e+05
   2.4400398e+05
   2.3850952e+05
   2.9883666e+05
   3.0125876e+05
   3.5841764e+05
   3.7306886e+05
   1.8126383e+05
   2.9356688e+05
   2.3112112e+05
   3.2952167e+05
   3.0575493e+05
   1.5886832e+05
   3.7278824e+05
   2.5079561e+05
   2.7377728e+05
   3.7758336e+05
   3.0797607e+05
   2.0345617e+05
   2.4102242e+05
   1.9740870e+05
   3.0367594e+05
   3.0359522e+05
   2.9577113e+05
   3.3983637e+05
   2.6300833e+05
   1.9907605e+05
   2.6860588e+05
   3.5457630e+05
   2.2816294e+05
   2.4380745e+05
   1.5896413e+05
   2.7976790e+05
   3.3386557e+05
   2.3448253e+05
   3.1171307e+05
   1.5097815e+05
   2.6533010e+05
   3.2199994e+05
   2.3840544e+05
   2.6900768e+05
   3.6565638e+05
   2.5646039e+05
   1.5727224e+05
   3.4285913e+05
   2.6724864e+05
   2.9054563e+05
   2.7639245e+05
   3.0653640e+05
   3.1346723e+05
   2.5804275e+05
   1.8799481e+05
   3.6048828e+05
   1.6768878e+05
   2.2600065e+05
   2.8182136e+05
   3.3780904e+05
   1.5074169e+05
   2.8331220e+05
   2.1346352e+05
   1.9076857e+05
   2.3634378e+05
   3.3001622e+05
   1.9569875e+05
   3.6176685e+05
   2.3780884e+05
   1.5197859e+05
   1.7365050e+05
   1.6345914e+05
   1.6281961e+05
   1.8155634e+05
   1.7399221e+05
   3.2105036e+05
   3.2726968e+05
   2.9976406e+05
   3.3857203e+05
   3.3105960e+05
   2.8510167e+05
   2.8901747e+05
   2.7084882e+05
   3.2220240e+05
   3.0885082e+05
   1.7316210e+05
   2.4734448e+05
   1.7870886e+05
   1.7059719e+05
   2.2123219e+05
   1.5503497e+05
   3.7507469e+05
   2.5398463e+05
   1.9344044e+05
   3.5957219e+05
   2.7037880e+05
   2.5686648e+05
   1.9313644e+05
   2.9366674e+05
   3.1757038e+05
   2.0212603e+05
   1.6192597e+05
   3.3329870e+05
   1.7599250e+05
   3.3961693e+05
   2.1980373e+05
   2.8414239e+05
   3.0488537e+05
   3.1317921e+05
   3.6818278e+05
   2.0443433e+05
   3.5092184e+05
   2.4536731e+05
   3.1154749e+05
   1.9075923e+05
   3.0542666e+05
   2.4095555e+05
   3.4589676e+05
   1.7188721e+05
   3.6499076e+05
   2.4421628e+05
   2.6757054e+05
   1.9938663e+05
   2.3204346e+05
   1.7113239e+05
   2.2893994e+05
   2.3270975e+05
   2.5033186e+05
   2.4932095e+05
   1.7813310e+05
   3.6830484e+05
   3.3258854e+05
   3.0216620e+05
   3.4511784e+05
   2.3731160e+05
   2.3438033e+05
   2.3485799e+05
   3.2074373e+05
   2.7243825e+05
   1.5235760e+05
   2.0676216e+05
   2.9700181e+05
   1.6009265e+05
   3.4245027e+05
   1.7201438e+05
   2.3691207e+05
   3.7743854e+05
   3.7356453e+05
   2.8297209e+05
   3.7740819e+05
   2.6343413e+05
   1.7842528e+05
   3.3826973e+05
   2.7533972e+05
   3.6895027e+05
   2.9026511e+05
   2.9892517e+05
   1.6000582e+05
   3.5652780e+05
   2.9469378e+05
   2.2684732e+05
   3.2841507e+05
   2.0380159e+05
   2.8579277e+05
   1.6372273e+05
   1.6911088e+05
   1.7600077e+05
   1.6330990e+05
   2.5901865e+05
   1.9877505e+05
   3.6958856e+05
   3.5784188e+05
   3.4848119e+05
   3.7415191e+05
   3.2028556e+05
   3.7076600e+05
   2.9620501e+05
   3.1375379e+05
   2.4066676e+05
   2.1671888e+05
   2.8848095e+05
   2.9622494e+05
   2.0884903e+05
   3.3870761e+05
   1.7119386e+05
   2.6409451e+05
   2.7229023e+05
   2.7249840e+05
   2.6705656e+05
   3.3308062e+05
   3.5654439e+05
   2.0731285e+05
   3.6964150e+05
   3.0727604e+05
   2.0970140e+05
   3.5955383e+05
   1.7504728e+05
   2.5389087e+05
   2.4324411e+05
   2.9931965e+05
   3.7159956e+05
   3.0707427e+05
   2.2789142e+05
   2.8202149e+05
   1.7080998e+05
   1.6005940e+05
   2.9792205e+05
   2.3313971e+05
   1.9755592e+05
   3.4855417e+05
   3.4879377e+05
   3.6327290e+05
   2.0334415e+05
   3.2597351e+05
   3.1820240e+05
   1.8031584e+05
   2.0557708e+05
   1.8124126e+05
   1.7027153e+05
   2.0624118e+05
   3.0474576e+05
   3.4252976e+05
   2.2901255e+05
   2.0675283e+05
   2.4180494e+05
   1.9063060e+05
   2.5932942e+05
   3.0199740e+05
   2.8538864e+05
   1.8340043e+05
   2.9822461e+05
   1.8338761e+05
   2.5903165e+05
   3.2221941e+05
   3.0412970e+05
   3.4865052e+05
   2.7845299e+05
   3.3794222e+05
   3.1891896e+05
   3.4723210e+05
   3.3586423e+05
   3.2847773e+05
   1.5736025e+05
   2.1445476e+05
   1.5104533e+05
   1.5505579e+05
   2.6835621e+05
   2.2163072e+05
   2.2277067e+05
   1.8640077e+05
   2.2858780e+05
   3.6444893e+05
   3.2949316e+05
   3.3927036e+05
   2.3143547e+05
   3.2259285e+05
   3.1568440e+05
   3.3307285e+05
   1.8542751e+05
   3.0125953e+05
   2.2558088e+05
   3.7640660e+05
   1.6143841e+05
   1.9021653e+05
   2.5853173e+05
   3.1803720e+05
   3.1628827e+05
   3.0148618e+05
   2.6384225e+05
   1.5430992e+05
   2.3215097e+05
   2.7479462e+05
   3.5329779e+05
   2.5417863e+05
   2.9697134e+05
   3.1790014e+05
   2.6236318e+05
   3.0803339e+05
   2.1194032e+05
   2.8868934e+05
   3.6335745e+05
   2.4435428e+05
   3.1761442e+05
   3.4348691e+05
   3.5504364e+05
   3.6534789e+05
   2.5287259e+05
   3.5199496e+05
   2.0568872e+05
   3.1949083e+05
   1.6645129e+05
   2.5694747e+05
   2.7378180e+05
   3.3372877e+05
   2.2027660e+05
   1.9458962e+05
   2.4951474e+05
   2.1492224e+05
   1.7195859e+05
   2.1801959e+05
   1.6729763e+05
   3.6234047e+05
   2.8626467e+05
   3.6846526e+05
   1.5687516e+05
   1.7084425e+05
   2.8173098e+05
   1.9126314e+05
   1.6831235e+05
   3.5307817e+05
   3.3334750e+05
   2.5874714e+05
   1.9352429e+05
   1.7646694e+05
   2.1338439e+05
   3.1150334e+05
   2.9742415e+05
   2.9525829e+05
   2.1916113e+05
   3.1794802e+05
   3.0979894e+05
   3.1360828e+05
   2.2412134e+05
   1.8310987e+05
   3.5490440e+05
   2.7423190e+05
   3.6467638e+05
   1.7435117e+05
   3.3910288e+05
   2.8666520e+05
   3.2707711e+05
   1.9955123e+05
   2.4149058e+05
   3.0615640e+05
   3.7366707e+05
   3.1743692e+05
   2.6642809e+05
   3.4643300e+05
   3.6105903e+05
   1.8035641e+05
   1.9929065e+05
   3.4200675e+05
   1.7887287e+05
   2.8589561e+05
   3.1689163e+05
   3.6114413e+05
   3.0957602e+05
   1.7908864e+05
   3.7207131e+05
   2.0126147e+05
   3.2922016e+05
   1.6524409e+05
   2.1670893e+05
   3.0905659e+05
   1.8270843e+05
   1.6553686e+05
   3.6006018e+05
   2.6368170e+05
   1.6671863e+05
   3.3370946e+05
   2.0044159e+05
   1.6381569e+05
   2.9149491e+05
   2.4805322e+05
   1.8986805e+05
   1.7893160e+05
   1.5800506e+05
   3.3132661e+05
   1.8683780e+05
   3.5585236e+05
   2.5233808e+05
   3.7496760e+05
   3.5779732e+05
   2.3647653e+05
   2.3994360e+05
   2.1264967e+05
   2.3942546e+05
   1.8802370e+05
   3.7706491e+05
   1.5584030e+05
   1.9126513e+05
   1.9463389e+05
   1.9537453e+05
   2.3126997e+05
   3.3236789e+05
   3.7061097e+05
   1.9884470e+05
   2.7136566e+05
   2.1559135e+05
   2.8218831e+05
   1.8193267e+05
   3.3234579e+05
   3.7596544e+05
   1.7353732e+05
   2.8184289e+05
   2.8397002e+05
   2.6868469e+05
   2.6438351e+05
   2.5329859e+05
   2.0281185e+05
   3.7460097e+05
   3.2280643e+05
   2.8009819e+05
   2.9529411e+05
   3.2777689e+05
   1.5094591e+05
   3.7083916e+05
   2.1359503e+05
   2.8592479e+05
   1.6920167e+05
   2.0828989e+05
   2.5570867e+05
   3.0704720e+05
   1.7917062e+05
   3.1393343e+05
   2.4862347e+05
   3.0418590e+05
   1.9541502e+05
   3.2707412e+05
   2.5035134e+05
   3.0818202e+05
   2.8868815e+05
   3.5476816e+05
   3.1071691e+05
   3.3144892e+05
   1.5625907e+05
   1.9375512e+05
   2.1827073e+05
   3.2294697e+05
   3.6308071e+05
   3.1561952e+05
   1.5610492e+05
   2.3796474e+05
   1.5846304e+05
   1.7494820e+05
   2.2959048e+05
   2.5408721e+05
   1.6893637e+05
   3.6758933e+05
   2.4180476e+05
   1.6593444e+05
   2.1164220e+05
   1.6807868e+05
   1.7950387e+05
   2.9488582e+05
   2.4535436e+05
   1.6331101e+05
   3.4829479e+05
   1.8582877e+05
   1.9553520e+05
   3.7123910e+05
   2.8703513e+05
   2.4638756e+05
   2.7134864e+05
   1.6200115e+05
   3.7971757e+05
   1.5752914e+05
   1.8822244e+05
   3.5896723e+05
   2.7433741e+05
   3.1681508e+05
   2.2986131e+05
   2.1368990e+05
   2.7297550e+05
   2.5668477e+05
   2.0584288e+05
   2.2438026e+05
   2.9258083e+05
   1.8362489e+05
   3.6571388e+05
   2.9876950e+05
   2.8961895e+05
   3.7357195e+05
   2.8208813e+05
   3.6638190e+05
   1.8164036e+05
   2.1883576e+05
   2.8245239e+05
   1.5269895e+05
   2.4221009e+05
   2.0557239e+05
   3.4328621e+05
   2.3550748e+05
   3.5045530e+05
   2.9670426e+05
   3.5448844e+05
   2.3744523e+05
   1.6231934e+05
   3.7770383e+05
   2.0804763e+05
   2.6182853e+05
   1.8881044e+05
   2.7572314e+05
   1.6726977e+05
   3.1501274e+05
   1.5789208e+05
   2.3302230e+05
   1.7176736e+05
   2.4744092e+05
   2.0978815e+05
   2.9962474e+05
   3.7508743e+05
   2.2285804e+05
   2.1766931e+05
   2.9971243e+05
   3.4368632e+05
   2.7153529e+05
   3.6698088e+05
   1.6018060e+05
   2.5460655e+05
   3.2993905e+05
   1.8777862e+05
   2.6918897e+05
   2.4493520e+05
   3.0485486e+05
   2.3657822e+05
   1.8630629e+05
   1.6050828e+05
   3.5685349e+05
   2.9875332e+05
   1.6072933e+05
   2.1661774e+05
   3.1849610e+05
   3.2535557e+05
   1.7119576e+05
   2.6137324e+05
   2.7576370e+05
   2.6139464e+05
   2.3276814e+05
   2.3787061e+05
   1.5768842e+05
   1.8000744e+05
   2.2543526e+05
   3.3358507e+05
   2.3380249e+05
   2.6683362e+05
   3.4934790e+05
   3.5286956e+05
   1.7642381e+05
   2.0587366e+05
   3.5446215e+05
   2.2182670e+05
   1.5473562e+05
   3.5751473e+05
   2.0872308e+05
   2.6807404e+05
   2.0482221e+05
   1.7768256e+05
   1.9163518e+05
   2.6417162e+05
   1.5780333e+05
   1.6368615e+05
   2.8519574e+05
   3.3140409e+05
   3.1396482e+05
   2.2062676e+05
   1.6044376e+05
   2.3535438e+05
   2.8053748e+05
   3.5175751e+05
   2.9557190e+05
   2.8361270e+05
   2.1957845e+05
   3.5180982e+05
   2.6614325e+05
   2.7579445e+05
   1.8968700e+05
   3.2296601e+05
   3.7837503e+05
   2.7781672e+05
   3.5623891e+05
   3.6539562e+05
   2.9962478e+05
   2.6517382e+05
   3.4609758e+05
   2.2826782e+05
   2.1917707e+05
   2.9738639e+05
   3.0501649e+05
   1.5628672e+05
   2.1961875e+05
   3.3340685e+05
   3.6741231e+05
   1.7587881e+05
   2.4791723e+05
   2.4840233e+05
   2.5928650e+05
   2.2728261e+05
   3.5930132e+05
   1.5400031e+05
   3.1778705e+05
   3.1605440e+05
   3.5765337e+05
   1.9479548e+05
   2.7965125e+05
   1.6557827e+05
   2.9411827e+05
   3.2772242e+05
   3.7617634e+05
   3.4407056e+05
   2.7269098e+05
   2.1288345e+05
   2.7000676e+05
   2.9050576e+05
   2.9382145e+05
   2.6044627e+05
   3.0222991e+05
   2.7804281e+05
   1.5952880e+05
   1.9240326e+05
   2.3951773e+05
   3.0142111e+05
   3.6460555e+05
   2.9892114e+05
   2.6472091e+05
   2.4192673e+05
   1.5863686e+05
   3.7012401e+05
   3.7128283e+05
   2.6312682e+05
   2.0169148e+05
   1.8657842e+05
   2.9303283e+05
   2.7258083e+05
   1.7221883e+05
   2.0834815e+05
   1.6567157e+05
   3.7439032e+05
   1.8631267e+05
   3.7823379e+05
   3.7180170e+05
   3.7736605e+05
   3.4046054e+05
   2.9089663e+05
   2.0861207e+05
   2.3648492e+05
   3.5505255e+05
   2.8455004e+05
   3.3238819e+05
   2.8349157e+05
   3.2323939e+05
   2.6469271e+05
   1.8604807e+05
   2.6805339e+05
   1.5681238e+05
   1.7371713e+05
   3.2429331e+05
   1.5185443e+05
   3.1026074e+05
   1.5366647e+05
   1.8431565e+05
   3.0167242e+05
   3.1324181e+05
   2.8566041e+05
   1.8364873e+05
   2.8850772e+05
   3.1884586e+05
   2.8119309e+05
   3.5890975e+05
   2.3720092e+05
   2.2942946e+05
   2.3181664e+05
   2.8839541e+05
   3.7582656e+05
   1.7311262e+05
   2.3887521e+05
   3.3033531e+05
   2.6234627e+05
   2.8461643e+05
   3.1374950e+05
   2.0768717e+05
   2.6640851e+05
   3.3210942e+05
   2.5121415e+05
   2.1566226e+05
   1.8324176e+05
   2.7317067e+05
   1.9599755e+05
   2.3048560e+05
   3.6144294e+05
   1.5557044e+05
   2.9032373e+05
   3.3241340e+05
   2.5664946e+05
   3.2136919e+05
   2.1151045e+05
   2.0600221e+05
   2.5663186e+05
   3.3819477e+05
   3.1902559e+05
   2.7819952e+05
   1.8561112e+05
   3.7002132e+05
   3.7494987e+05
   3.6001137e+05
   2.6262956e+05
   3.1941129e+05
   2.4687999e+05
   2.9218182e+05
   2.5039810e+05
   2.8789824e+05
   2.4832948e+05
   2.4168612e+05
   2.3243679e+05
   2.0983967e+05
   1.8515996e+05
   3.6025358e+05
   2.2654563e+05
   3.0543130e+05
   2.6057297e+05
   2.4360876e+05
   1.7034021e+05
   2.7077159e+05
   3.7108849e+05
   2.4134508e+05
   2.1404987e+05
   3.7026651e+05
   2.0910824e+05
   3.1834406e+05
   2.7703789e+05
   2.5399677e+05
   1.7986029e+05
   2.3000146e+05
   3.7034082e+05
   2.3154144e+05
   2.5923399e+05
   3.1622248e+05
   1.9738553e+05
   3.0805603e+05
   2.0385390e+05
   3.0918247e+05
   1.9948064e+05
   1.5268434e+05
   1.8198635e+05
   1.7166962e+05
   1.6387122e+05
   1.6102689e+05
   3.2849021e+05
   2.1577507e+05
   2.1033251e+05
   3.4146149e+05
   3.6890035e+05
   2.6614097e+05
   3.5448275e+05
   1.7163188e+05
   3.3933746e+05
   2.3549917e+05
   2.5758373e+05
   2.3761187e+05
   3.6162340e+05
   2.6174630e+05
   2.7682000e+05
   1.5506231e+05
   2.8850716e+05
   1.5564582e+05
   3.1645493e+05
   2.5904570e+05
   2.9010417e+05
   3.1813661e+05
   3.6417606e+05
   1.5954517e+05
   3.7353365e+05
   1.9123172e+05
   2.4091949e+05
   1.8738558e+05
   3.4400940e+05
   2.1992675e+05
   2.1121907e+05
   3.4330118e+05
   3.7066228e+05
   2.3629522e+05
   3.2078560e+05
   2.2531302e+05
   3.2380245e+05
   2.2417189e+05
   3.7425126e+05
   1.6209273e+05
   3.3446093e+05
   2.8796973e+05
   1.9993255e+05
   2.1319294e+05
   3.3871492e+05
   1.8424070e+05
   1.9897100e+05
   1.9082739e+05
   2.7766952e+05
   2.2309340e+05
   3.1334478e+05
   3.3967978e+05
   3.2577446e+05
   1.8871967e+05
   1.6735410e+05
   3.3835906e+05
   3.7051222e+05
   2.3966895e+05
   3.2008045e+05
   3.4519626e+05
   3.2604547e+05
   3.6055502e+05
   3.5544211e+05
   1.8456147e+05
   1.6923600e+05
   2.6649590e+05
   2.7921301e+05
   1.5068729e+05
   2.1675404e+05
   2.1428646e+05
   2.2824996e+05
   3.6443536e+05
   2.8697133e+05
   2.3917983e+05
   3.1915799e+05
   2.3029899e+05
   3.2148871e+05
   3.1935838e+05
   2.1593185e+05
   1.9662217e+05
   1.9808929e+05
   2.4846880e+05
   2.2968412e+05
   3.4299840e+05
   3.1226141e+05
   3.2064455e+05
   3.5683626e+05
   3.7858567e+05
   2.1077864e+05
   1.5302754e+05
   3.4104812e+05
   3.5367611e+05
   3.7159486e+05
   3.6416622e+05
   2.1637923e+05
   1.9126735e+05
   3.7418895e+05
   2.4644441e+05
   2.0090086e+05
   2.0089847e+05
   3.5424738e+05
   1.7486346e+05
   2.5508190e+05
   2.2094059e+05
   1.6714649e+05
   2.9584380e+05
   1.7800292e+05
   2.8157748e+05
   2.6102007e+05
   1.6121104e+05
   3.7494247e+05
   2.6179380e+05
   2.5138395e+05
   3.4582785e+05
   2.7245475e+05
   2.7832049e+05
   1.6981756e+05
   3.7280218e+05
   2.4740585e+05
   3.7680398e+05
   3.3703083e+05
   1.9822435e+05
   3.4315670e+05
   1.5743866e+05
   1.7758333e+05
   3.7140877e+05
   1.8775625e+05
   2.8235552e+05
   3.5756510e+05
   1.5038398e+05
   3.0434702e+05
   2.8502515e+05
   1.5534578e+05
   2.8579306e+05
   2.5833412e+05
   2.6801246e+05
   1.9974238e+05
   1.6865639e+05
   3.1515950e+05
   2.8232298e+05
   3.7841755e+05
   2.5629792e+05
   1.9283966e+05
   2.5359299e+05
   2.4101638e+05
   2.6493542e+05
   2.4242987e+05
   1.7579249e+05
   3.5096416e+05
   2.6332611e+05
   3.3683699e+05
   3.3765769e+05
   1.7834907e+05
   3.7496260e+05
   3.4153029e+05
   3.4424102e+05
   3.3649955e+05
   3.0721335e+05
   1.7452695e+05
   3.1917895e+05
   3.0224592e+05
   1.9772732e+05
   1.7690773e+05
   2.5992609e+05
   3.7954920e+05
   3.2161314e+05
   3.0687273e+05
   2.0483555e+05
   2.1387051e+05
   1.6752104e+05
   2.9613915e+05
   1.6363528e+05
   3.4235453e+05
   2.1896908e+05
   1.9861439e+05
   3.7316667e+05
   3.1029311e+05
   3.1479424e+05
   3.4295077e+05
   1.6761095e+05
   2.4893125e+05
   2.7339307e+05
   3.6438735e+05
   2.9040246e+05
   1.9147819e+05
   1.5581611e+05
   2.7215704e+05
   3.7017199e+05
   3.7848894e+05
   2.9029974e+05
   2.1899102e+05
   3.3013762e+05
   3.4727682e+05
   3.3409859e+05
   3.2141396e+05
   3.6382929e+05
   2.2469059e+05
   3.0986779e+05
   3.1847375e+05
   3.5308805e+05
   1.7038424e+05
   2.5768559e+05
   2.9106607e+05
   2.6424816e+05
   3.3589770e+05
   2.8638593e+05
   2.3384846e+05
   2.0060676e+05
   2.1010185e+05
   3.5097186e+05
   2.1675991e+05
   3.0765046e+05
   2.1857814e+05
   3.7126086e+05
   1.8949262e+05
   3.5771242e+05
   3.1315860e+05
   2.6109445e+05
   3.3455268e+05
   1.7395939e+05
   1.9048293e+05
   3.1154170e+05
   1.7650638e+05
   1.6988516e+05
   2.4723158e+05
   1.7224175e+05
   3.3907656e+05
   2.9406921e+05
   2.8617361e+05
   1.7894399e+05
   2.0825459e+05
   2.5473676e+05
   2.7633641e+05
   3.1812025e+05
   3.7018686e+05
   2.8273290e+05
   2.3593776e+05
   1.9405698e+05
   2.7762817e+05
   1.9929390e+05
   3.2032462e+05
   2.8837222e+05
   2.3081635e+05
   2.0019536e+05
   2.5839178e+05
   1.5930072e+05
   1.6868482e+05
   2.1276520e+05
   2.2245454e+05
   2.8498254e+05
   1.7529952e+05
   1.8768269e+05
   2.7630042e+05
   3.4969985e+05
   2.7264623e+05
   2.8837075e+05
   2.3067325e+05
   3.3307641e+05
   3.4074742e+05
   3.4506831e+05
   2.5511447e+05
   2.3073053e+05
   2.2432963e+05
   2.3429042e+05
   1.6498231e+05
   3.3738946e+05
   2.7782258e+05
   2.4400398e+05
   2.3850952e+05
   2.9883666e+05
   3.0125876e+05
   3.5841764e+05
   3.7306886e+05
   1.8126383e+05
   2.9356688e+05
   2.3112112e+05
   3.2952167e+05
   3.0575493e+05
   1.5886832e+05
   3.7278824e+05
   2.5079561e+05
   2.7377728e+05
   3.7758336e+05
   3.0797607e+05
   2.0345617e+05
   2.4102242e+05
   1.9740870e+05
   3.0367594e+05
   3.0359522e+05
   2.9577113e+05
   3.3983637e+05
   2.6300833e+05
   1.9907605e+05
   2.6860588e+05
   3.5457630e+05
   2.2816294e+05
   2.4380745e+05
   1.5896413e+05
   2.7976790e+05
   3.3386557e+05
   2.3448253e+05
   3.1171307e+05
   1.5097815e+05
   2.6533010e+05
   3.2199994e+05
   2.3840544e+05
   2.6900768e+05
   3.6565638e+05
   2.5646039e+05
   1.5727224e+05
   3.4285913e+05
   2.6724864e+05
   2.9054563e+05
   2.7639245e+05
   3.0653640e+05
   3.1346723e+05
   2.5804275e+05
   1.8799481e+05
   3.6048828e+05
   1.6768878e+05
   2.2600065e+05
   2.8182136e+05
   3.3780904e+05
   1.5074169e+05
   2.8331220e+05
   2.1346352e+05
   1.9076857e+05
   2.3634378e+05
   3.3001622e+05
   1.9569875e+05
   3.6176685e+05
   2.3780884e+05
   1.5197859e+05
   1.7365050e+05
   1.6345914e+05
   1.6281961e+05
   1.8155634e+05
   1.7399221e+05
   3.2105036e+05
   3.2726968e+05
   2.9976406e+05
   3.3857203e+05
   3.3105960e+05
   2.8510167e+05
   2.8901747e+05
   2.7084882e+05
   3.2220240e+05
   3.0885082e+05
   1.7316210e+05
   2.4734448e+05
   1.7870886e+05
   1.7059719e+05
   2.2123219e+05
   1.5503497e+05
   3.7507469e+05
   2.5398463e+05
   1.9344044e+05
   3.5957219e+05
   2.7037880e+05
   2.5686648e+05
   1.9313644e+05
   2.9366674e+05
   3.1757038e+05
   2.0212603e+05
   1.6192597e+05
   3.3329870e+05
   1.7599250e+05
   3.3961693e+05
   2.1980373e+05
   2.8414239e+05
   3.0488537e+05
   3.1317921e+05
   3.6818278e+05
   2.0443433e+05
   3.5092184e+05
   2.4536731e+05
   3.1154749e+05
   1.9075923e+05
   3.0542666e+05
   2.4095555e+05
   3.4589676e+05
   1.7188721e+05
   3.6499076e+05
   2.4421628e+05
   2.6757054e+05
   1.9938663e+05
   2.3204346e+05
   1.7113239e+05
   2.2893994e+05
   2.3270975e+05
   2.5033186e+05
   2.4932095e+05
   1.7813310e+05
   3.6830484e+05
   3.3258854e+05
   3.0216620e+05
   3.4511784e+05
   2.3731160e+05
   2.3438033e+05
   2.3485799e+05
   3.2074373e+05
   2.7243825e+05
   1.5235760e+05
   2.0676216e+05
   2.9700181e+05
   1.6009265e+05
   3.4245027e+05
   1.7201438e+05
   2.3691207e+05
   3.7743854e+05
   3.7356453e+05
   2.8297209e+05
   3.7740819e+05
   2.6343413e+05
   1.7842528e+05
   3.3826973e+05
   2.7533972e+05
   3.6895027e+05
   2.9026511e+05
   2.9892517e+05
   1.6000582e+05
   3.5652780e+05
   2.9469378e+05
   2.2684732e+05
   3.2841507e+05
   2.0380159e+05
   2.8579277e+05
   1.6372273e+05
   1.6911088e+05
   1.7600077e+05
   1.6330990e+05
   2.5901865e+05
   1.9877505e+05
   3.6958856e+05
   3.5784188e+05
   3.4848119e+05
   3.7415191e+05
   3.2028556e+05
   3.7076600e+05
   2.9620501e+05
   3.1375379e+05
   2.4066676e+05
   2.1671888e+05
   2.8848095e+05
   2.9622494e+05
   2.0884903e+05
   3.3870761e+05
   1.7119386e+05
   2.6409451e+05
   2.7229023e+05
   2.7249840e+05
   2.6705656e+05
   3.3308062e+05
   3.5654439e+05
   2.0731285e+05
   3.6964150e+05
   3.0727604e+05
   2.0970140e+05
   3.5955383e+05
   1.7504728e+05
   2.5389087e+05
   2.4324411e+05
   2.9931965e+05
   3.7159956e+05
   3.0707427e+05
   2.2789142e+05
   2.8202149e+05
   1.7080998e+05
   1.6005940e+05
   2.9792205e+05
   2.3313971e+05
   1.9755592e+05
   3.4855417e+05
   3.4879377e+05
   3.6327290e+05
   2.0334415e+05
   3.2597351e+05
   3.1820240e+05
   1.8031584e+05
   2.0557708e+05
   1.8124126e+05
   1.7027153e+05
   2.0624118e+05
   3.0474576e+05
   3.4252976e+05
   2.2901255e+05
   2.0675283e+05
   2.4180494e+05
   1.9063060e+05
   2.5932942e+05
   3.0199740e+05
   2.8538864e+05
   1.8340043e+05
   2.9822461e+05
   1.8338761e+05
   2.5903165e+05
   3.2221941e+05
   3.0412970e+05
   3.4865052e+05
   2.7845299e+05
   3.3794222e+05
   3.1891896e+05
   3.4723210e+05
   3.3586423e+05
   3.2847773e+05
   1.5736025e+05
   2.1445476e+05
   1.5104533e+05
   1.5505579e+05
   2.6835621e+05
   2.2163072e+05
   2.2277067e+05
   1.8640077e+05
   2.2858780e+05
   3.6444893e+05
   3.2949316e+05
   3.3927036e+05
   2.3143547e+05
   3.2259285e+05
   3.1568440e+05
   3.3307285e+05
   1.8542751e+05
   3.0125953e+05
   2.2558088e+05
   3.7640660e+05
   1.6143841e+05
   1.9021653e+05
   2.5853173e+05
   3.1803720e+05
   3.1628827e+05
   3.0148618e+05
   2.6384225e+05
   1.5430992e+05
   2.3215097e+05
   2.7479462e+05
   3.5329779e+05
   2.5417863e+05
   2.9697134e+05
   3.1790014e+05
   2.6236318e+05
   3.0803339e+05
   2.1194032e+05
   2.8868934e+05
   3.6335745e+05
   2.4435428e+05
   3.1761442e+05
   3.4348691e+05
   3.5504364e+05
   3.6534789e+05
   2.5287259e+05
   3.5199496e+05
   2.0568872e+05
   3.1949083e+05
   1.6645129e+05
   2.5694747e+05
   2.7378180e+05
   3.3372877e+05
   2.2027660e+05
   1.9458962e+05
   2.4951474e+05
   2.1492224e+05
   1.7195859e+05
   2.1801959e+05
   1.6729763e+05
   3.6234047e+05
   2.8626467e+05
   3.6846526e+05
   1.5687516e+05
   1.7084425e+05
   2.8173098e+05
   1.9126314e+05
   1.6831235e+05
   3.5307817e+05
   3.3334750e+05
   2.5874714e+05
   1.9352429e+05
   1.7646694e+05
   2.1338439e+05
   3.1150334e+05
   2.9742415e+05
   2.9525829e+05
   2.1916113e+05
   3.1794802e+05
   3.0979894e+05
   3.1360828e+05
   2.2412134e+05
   1.8310987e+05
   3.5490440e+05
   2.7423190e+05
   3.6467638e+05
   1.7435117e+05
   3.3910288e+05
   2.8666520e+05
   3.2707711e+05
   1.9955123e+05
   2.4149058e+05
   3.0615640e+05
   3.7366707e+05
   3.1743692e+05
   2.6642809e+05
   3.4643300e+05
   3.6105903e+05
   1.8035641e+05
   1.9929065e+05
   3.4200675e+05
   1.7887287e+05
   2.8589561e+05
   3.1689163e+05
   3.6114413e+05
   3.0957602e+05
   1.7908864e+05
   3.7207131e+05
   2.0126147e+05
   3.2922016e+05
   1.6524409e+05
   2.1670893e+05
   3.0905659e+05
   1.8270843e+05
   1.6553686e+05
   3.6006018e+05
   2.6368170e+05
   1.6671863e+05
   3.3370946e+05
   2.0044159e+05
   1.6381569e+05
   2.9149491e+05
   2.4805322e+05
   1.8986805e+05
   1.7893160e+05
   1.5800506e+05
   3.3132661e+05
   1.8683780e+05
   3.5585236e+05
   2.5233808e+05
   3.7496760e+05
   3.5779732e+05
   2.3647653e+05
   2.3994360e+05
   2.1264967e+05
   2.3942546e+05
   1.8802370e+05
   3.7706491e+05
   1.5584030e+05
   1.9126513e+05
   1.9463389e+05
   1.9537453e+05
   2.3126997e+05
   3.3236789e+05
   3.7061097e+05
   1.9884470e+05
   2.7136566e+05
   2.1559135e+05
   2.8218831e+05
   1.8193267e+05
   3.3234579e+05
   3.7596544e+05
   1.7353732e+05
   2.8184289e+05
   2.8397002e+05
   2.6868469e+05
   2.6438351e+05
   2.5329859e+05
   2.0281185e+05
   3.7460097e+05
   3.2280643e+05
   2.8009819e+05
   2.9529411e+05
   3.2777689e+05
   1.5094591e+05
   3.7083916e+05
   2.1359503e+05
   2.8592479e+05
   1.6920167e+05
   2.0828989e+05
   2.5570867e+05
   3.0704720e+05
   1.7917062e+05
   3.1393343e+05
   2.4862347e+05
   3.0418590e+05
   1.9541502e+05
   3.2707412e+05
   2.5035134e+05
   3.0818202e+05
   2.8868815e+05
   3.5476816e+05
   3.1071691e+05
   3.3144892e+05
   1.5625907e+05
   1.9375512e+05
   2.1827073e+05
   3.2294697e+05
   3.6308071e+05
   3.1561952e+05
   1.5610492e+05
   2.3796474e+05
   1.5846304e+05
   1.7494820e+05
   2.2959048e+05
   2.5408721e+05
   1.6893637e+05
   3.6758933e+05
   2.4180476e+05
   1.6593444e+05
   2.1164220e+05
   1.6807868e+05
   1.7950387e+05
   2.9488582e+05
   2.4535436e+05
   1.6331101e+05
   3.4829479e+05
   1.8582877e+05
   1.9553520e+05
   3.7123910e+05
   2.8703513e+05
   2.4638756e+05
   2.7134864e+05
   1.6200115e+05
   3.7971757e+05
   1.5752914e+05
   1.8822244e+05
   3.5896723e+05
   2.7433741e+05
   3.1681508e+05
   2.2986131e+05
   2.1368990e+05
   2.7297550e+05
   2.5668477e+05
   2.0584288e+05
   2.2438026e+05
   2.9258083e+05
   1.8362489e+05
   3.6571388e+05
   2.9876950e+05
   2.8961895e+05
   3.7357195e+05
   2.8208813e+05
   3.6638190e+05
   1.8164036e+05
   2.1883576e+05
   2.8245239e+05
   1.5269895e+05
   2.4221009e+05
   2.0557239e+05
   3.4328621e+05
   2.3550748e+05
   3.5045530e+05
   2.9670426e+05
   3.5448844e+05
   2.3744523e+05
   1.6231934e+05
   3.7770383e+05
   2.0804763e+05
   2.6182853e+05
   1.8881044e+05
   2.7572314e+05
   1.6726977e+05
   3.1501274e+05
   1.5789208e+05
   2.3302230e+05
   1.7176736e+05
   2.4744092e+05
   2.0978815e+05
   2.9962474e+05
   3.7508743e+05
   2.2285804e+05
   2.1766931e+05
   2.9971243e+05
   3.4368632e+05
   2.7153529e+05
   3.6698088e+05
   1.6018060e+05
   2.5460655e+05
   3.2993905e+05
   1.8777862e+05
   2.6918897e+05
   2.4493520e+05
   3.0485486e+05
   2.3657822e+05
   1.8630629e+05
   1.6050828e+05
   3.5685349e+05
   2.9875332e+05
   1.6072933e+05
   2.1661774e+05
   3.1849610e+05
   3.2535557e+05
   1.7119576e+05
   2.6137324e+05
   2.7576370e+05
   2.6139464e+05
   2.3276814e+05
   2.3787061e+05
   1.5768842e+05
   1.8000744e+05
   2.2543526e+05
   3.3358507e+05
   2.3380249e+05
   2.6683362e+05
   3.4934790e+05
   3.5286956e+05
   1.7642381e+05
   2.0587366e+05
   3.5446215e+05
   2.2182670e+05
   1.5473562e+05
   3.5751473e+05
   2.0872308e+05
   2.6807404e+05
   2.0482221e+05
   1.7768256e+05
   1.9163518e+05
   2.6417162e+05
   1.5780333e+05
   1.6368615e+05
   2.8519574e+05
   3.3140409e+05
   3.1396482e+05
   2.2062676e+05
   1.6044376e+05
   2.3535438e+05
   2.8053748e+05
   3.5175751e+05
   2.9557190e+05
   2.8361270e+05
   2.1957845e+05
   3.5180982e+05
   2.6614325e+05
   2.7579445e+05
   1.8968700e+05
   3.2296601e+05
   3.7837503e+05
   2.7781672e+05
   3.5623891e+05
   3.6539562e+05
   2.9962478e+05
   2.6517382e+05
   3.4609758e+05
   2.2826782e+05
   2.1917707e+05
   2.9738639e+05
   3.0501649e+05
   1.5628672e+05
   2.1961875e+05
   3.3340685e+05
   3.6741231e+05
   1.7587881e+05
   2.4791723e+05
   2.4840233e+05
   2.5928650e+05
   2.2728261e+05
   3.5930132e+05
   1.5400031e+05
   3.1778705e+05
   3.1605440e+05
   3.5765337e+05
   1.9479548e+05
   2.7965125e+05
   1.6557827e+05
   2.9411827e+05
   3.2772242e+05
   3.7617634e+05
   3.4407056e+05
   2.7269098e+05
   2.1288345e+05
   2.7000676e+05
   2.9050576e+05
   2.9382145e+05
   2.6044627e+05
   3.0222991e+05
   2.7804281e+05
   1.5952880e+05
   1.9240326e+05
   2.3951773e+05
   3.0142111e+05
   3.6460555e+05
   2.9892114e+05
   2.6472091e+05
   2.4192673e+05
   1.5863686e+05
   3.7012401e+05
   3.7128283e+05
   2.6312682e+05
   2.0169148e+05
   1.8657842e+05
   2.9303283e+05
   2.7258083e+05
   1.7221883e+05
   2.0834815e+05
   1.6567157e+05
   3.7439032e+05
   1.8631267e+05
   3.7823379e+05
   3.7180170e+05
   3.7736605e+05
   3.4046054e+05
   2.9089663e+05
   2.0861207e+05
   2.3648492e+05
   3.5505255e+05
   2.8455004e+05
   3.3238819e+05
   2.8349157e+05
   3.2323939e+05
   2.6469271e+05
   1.8604807e+05
   2.6805339e+05
   1.5681238e+05
   1.7371713e+05
   3.2429331e+05
   1.5185443e+05
   3.1026074e+05
   1.5366647e+05
   1.8431565e+05
   3.0167242e+05
   3.1324181e+05
   2.8566041e+05
   1.8364873e+05
   2.8850772e+05
   3.1884586e+05
   2.8119309e+05
   3.5890975e+05
   2.3720092e+05
   2.2942946e+05
   2.3181664e+05
   2.8839541e+05
   3.7582656e+05
   1.7311262e+05
   2.3887521e+05
   3.3033531e+05
   2.6234627e+05
   2.8461643e+05
   3.1374950e+05
   2.0768717e+05
   2.6640851e+05
   3.3210942e+05
   2.5121415e+05
   2.1566226e+05
   1.8324176e+05
   2.7317067e+05
   1.9599755e+05
   2.3048560e+05
   3.6144294e+05
   1.5557044e+05
   2.9032373e+05
   3.3241340e+05
   2.5664946e+05
   3.2136919e+05
   2.1151045e+05
   2.0600221e+05
   2.5663186e+05
   3.3819477e+05
   3.1902559e+05
   2.7819952e+05
   1.8561112e+05
   3.7002132e+05
   3.7494987e+05
   3.6001137e+05
   2.6262956e+05
   3.1941129e+05
   2.4687999e+05
   2.9218182e+05
   2.5039810e+05
   2.8789824e+05
   2.4832948e+05
   2.4168612e+05
   2.3243679e+05
   2.0983967e+05
   1.8515996e+05
   3.6025358e+05
   2.2654563e+05
   3.0543130e+05
   2.6057297e+05
   2.4360876e+05
   1.7034021e+05
   2.7077159e+05
   3.7108849e+05
   2.4134508e+05
   2.1404987e+05
   3.7026651e+05
   2.0910824e+05
   3.1834406e+05
   2.7703789e+05
   2.5399677e+05
   1.7986029e+05
   2.3000146e+05
   3.7034082e+05
   2.3154144e+05
   2.5923399e+05
   3.1622248e+05
   1.9738553e+05
   3.0805603e+05
   2.0385390e+05
   3.0918247e+05
   1.9948064e+05
   1.5268434e+05
   1.8198635e+05
   1.7166962e+05
   1.6387122e+05
   1.6102689e+05
   3.2849021e+05
   2.1577507e+05
   2.1033251e+05
   3.4146149e+05
   3.6890035e+05
   2.6614097e+05
   3.5448275e+05
   1.7163188e+05
   3.3933746e+05
   2.3549917e+05
   2.5758373e+05
   2.3761187e+05
   3.6162340e+05
   2.6174630e+05
   2.7682000e+05
   1.5506231e+05
   2.8850716e+05
   1.5564582e+05
   3.1645493e+05
   2.5904570e+05
   2.9010417e+05
   3.1813661e+05
   3.6417606e+05
   1.5954517e+05
   3.7353365e+05
   1.9123172e+05
   2.4091949e+05
   1.8738558e+05
   3.4400940e+05
   2.1992675e+05
   2.1121907e+05
   3.4330118e+05
   3.7066228e+05
   2.3629522e+05
   3.2078560e+05
   2.2531302e+05
   3.2380245e+05
   2.2417189e+05
   3.7425126e+05
   1.6209273e+05
   3.3446093e+05
   2.8796973e+05
   1.9993255e+05
   2.1319294e+05
   3.3871492e+05
   1.8424070e+05
   1.9897100e+05
   1.9082739e+05
   2.7766952e+05
   2.2309340e+05
   3.1334478e+05
   3.3967978e+05
   3.2577446e+05
   1.8871967e+05
   1.6735410e+05
   3.3835906e+05
   3.7051222e+05
   2.3966895e+05
   3.2008045e+05
   3.4519626e+05
   3.2604547e+05
   3.6055502e+05
   3.5544211e+05
   1.8456147e+05
   1.6923600e+05
   2.6649590e+05
   2.7921301e+05
   1.5068729e+05
   2.1675404e+05
   2.1428646e+05
   2.2824996e+05
   3.6443536e+05
   2.8697133e+05
   2.3917983e+05
   3.1915799e+05
   2.3029899e+05
   3.2148871e+05
   3.1935838e+05
   2.1593185e+05
   1.9662217e+05
   1.9808929e+05
   2.4846880e+05
   2.2968412e+05
   3.4299840e+05
   3.1226141e+05
   3.2064455e+05
   3.5683626e+05
   3.7858567e+05
   2.1077864e+05
   1.5302754e+05
   3.4104812e+05
   3.5367611e+05
   3.7159486e+05
   3.6416622e+05
   2.1637923e+05
   1.9126735e+05
   3.7418895e+05
   2.4644441e+05
   2.0090086e+05
   2.0089847e+05
   3.5424738e+05
   1.7486346e+05
   2.5508190e+05
   2.2094059e+05
   1.6714649e+05
   2.9584380e+05
   1.7800292e+05
   2.8157748e+05
   2.6102007e+05
   1.6121104e+05
   3.7494247e+05
   2.6179380e+05
   2.5138395e+05
   3.4582785e+05
   2.7245475e+05
   2.7832049e+05
   1.6981756e+05
   3.7280218e+05
   2.4740585e+05
   3.7680398e+05
   3.3703083e+05
   1.9822435e+05
   3.4315670e+05
   1.5743866e+05
   1.7758333e+05
   3.7140877e+05
   1.8775625e+05
   2.8235552e+05
   3.5756510e+05
   1.5038398e+05
   3.0434702e+05
   2.8502515e+05
   1.5534578e+05
   2.8579306e+05
   2.5833412e+05
   2.6801246e+05
   1.9974238e+05
   1.6865639e+05
   3.1515950e+05
   2.8232298e+05
   3.7841755e+05
   2.5629792e+05
   1.9283966e+05
   2.5359299e+05
   2.4101638e+05
   2.6493542e+05
   2.4242987e+05
   1.7579249e+05
   3.5096416e+05
   2.6332611e+05
   3.3683699e+05
   3.3765769e+05
   1.7834907e+05
   3.7496260e+05
   3.4153029e+05
   3.4424102e+05
   3.3649955e+05
   3.0721335e+05
   1.7452695e+05
   3.1917895e+05
   3.0224592e+05
   1.9772732e+05
   1.7690773e+05
   2.5992609e+05
   3.7954920e+05
   3.2161314e+05
   3.0687273e+05
   2.0483555e+05
   2.1387051e+05
   1.6752104e+05
   2.9613915e+05
   1.6363528e+05
   3.4235453e+05
   2.1896908e+05
   1.9861439e+05
   3.7316667e+05
   3.1029311e+05
   3.1479424e+05
   3.4295077e+05
   1.6761095e+05
   2.4893125e+05
   2.7339307e+05
   3.6438735e+05
   2.9040246e+05
   1.9147819e+05
   1.5581611e+05
   2.7215704e+05
   3.7017199e+05
   3.7848894e+05
   2.9029974e+05
   2.1899102e+05
   3.3013762e+05
   3.4727682e+05
   3.3409859e+05
   3.2141396e+05
   3.6382929e+05
   2.2469059e+05
   3.0986779e+05
   3.1847375e+05
   3.5308805e+05
   1.7038424e+05
   2.5768559e+05
   2.9106607e+05
   2.6424816e+05
   3.3589770e+05
   2.8638593e+05
   2.3384846e+05
   2.0060676e+05
   2.1010185e+05
   3.5097186e+05
   2.1675991e+05
   3.0765046e+05
   2.1857814e+05
   3.7126086e+05
   1.8949262e+05
   3.5771242e+05
   3.1315860e+05
   2.6109445e+05
   3.3455268e+05
   1.7395939e+05
   1.9048293e+05
   3.1154170e+05
   1.7650638e+05
   1.6988516e+05
   2.4723158e+05
   1.7224175e+05
   3.3907656e+05
   2.9406921e+05
   2.8617361e+05
   1.7894399e+05
   2.0825459e+05
   2.5473676e+05
   2.7633641e+05
   3.1812025e+05
   3.7018686e+05
   2.8273290e+05
   2.3593776e+05
   1.9405698e+05
   2.7762817e+05
   1.9929390e+05
   3.2032462e+05
   2.8837222e+05
   2.3081635e+05
   2.0019536e+05
   2.5839178e+05
   1.5930072e+05
   1.6868482e+05
   2.1276520e+05
   2.2245454e+05
   2.8498254e+05
   1.7529952e+05
   1.8768269e+05
   2.7630042e+05
   3.4969985e+05
   2.7264623e+05
   2.8837075e+05
   2.3067325e+05
   3.3307641e+05
   3.4074742e+05
   3.4506831e+05
   2.5511447e+05
   2.3073053e+05
   2.2432963e+05
   2.3429042e+05
   1.6498231e+05
   3.3738946e+05
   2.7782258e+05
   2.4400398e+05
   2.3850952e+05
   2.9883666e+05
   3.0125876e+05
   3.5841764e+05
   3.7306886e+05
   1.8126383e+05
   2.9356688e+05
   2.3112112e+05
   3.2952167e+05
   3.0575493e+05
   1.5886832e+05
   3.7278824e+05
   2.5079561e+05
   2.7377728e+05
   3.7758336e+05
   3.0797607e+05
   2.0345617e+05
   2.4102242e+05
   1.9740870e+05
   3.0367594e+05
   3.0359522e+05
   2.9577113e+05
   3.3983637e+05
   2.6300833e+05
   1.9907605e+05
   2.6860588e+05
   3.5457630e+05
   2.2816294e+05
   2.4380745e+05
   1.5896413e+05
   2.7976790e+05
   3.3386557e+05
   2.3448253e+05
   3.1171307e+05
   1.5097815e+05
   2.6533010e+05
   3.2199994e+05
   2.3840544e+05
   2.6900768e+05
   3.6565638e+05
   2.5646039e+05
   1.5727224e+05
   3.4285913e+05
   2.6724864e+05
   2.9054563e+05
   2.7639245e+05
   3.0653640e+05
   3.1346723e+05
   2.5804275e+05
   1.8799481e+05
   3.6048828e+05
   1.6768878e+05
   2.2600065e+05
   2.8182136e+05
   3.3780904e+05
   1.5074169e+05
   2.8331220e+05
   2.1346352e+05
   1.9076857e+05
   2.3634378e+05
   3.3001622e+05
   1.9569875e+05
   3.6176685e+05
   2.3780884e+05
   1.5197859e+05
   1.7365050e+05
   1.6345914e+05
   1.6281961e+05
   1.8155634e+05
   1.7399221e+05
   3.2105036e+05
   3.2726968e+05
   2.9976406e+05
   3.3857203e+05
   3.3105960e+05
   2.8510167e+05
   2.8901747e+05
   2.7084882e+05
   3.2220240e+05
   3.0885082e+05
   1.7316210e+05
   2.4734448e+05
   1.7870886e+05
   1.7059719e+05
   2.2123219e+05
   1.5503497e+05
   3.7507469e+05
   2.5398463e+05
   1.9344044e+05
   3.5957219e+05
   2.7037880e+05
   2.5686648e+05
   1.9313644e+05
   2.9366674e+05
   3.1757038e+05
   2.0212603e+05
   1.6192597e+05
   3.3329870e+05
   1.7599250e+05
   3.3961693e+05
   2.1980373e+05
   2.8414239e+05
   3.0488537e+05
   3.1317921e+05
   3.6818278e+05
   2.0443433e+05
   3.5092184e+05
   2.4536731e+05
   3.1154749e+05
   1.9075923e+05
   3.0542666e+05
   2.4095555e+05
   3.4589676e+05
   1.7188721e+05
   3.6499076e+05
   2.4421628e+05
   2.6757054e+05
   1.9938663e+05
   2.3204346e+05
   1.7113239e+05
   2.2893994e+05
   2.3270975e+05
   2.5033186e+05
   2.4932095e+05
   1.7813310e+05
   3.6830484e+05
   3.3258854e+05
   3.0216620e+05
   3.4511784e+05
   2.3731160e+05
   2.3438033e+05
   2.3485799e+05
   3.2074373e+05
   2.7243825e+05
   1.5235760e+05
   2.0676216e+05
   2.9700181e+05
   1.6009265e+05
   3.4245027e+05
   1.7201438e+05
   2.3691207e+05
   3.7743854e+05
   3.7356453e+05
   2.8297209e+05
   3.7740819e+05
   2.6343413e+05
   1.7842528e+05
   3.3826973e+05
   2.7533972e+05
   3.6895027e+05
   2.9026511e+05
   2.9892517e+05
   1.6000582e+05
   3.5652780e+05
   2.9469378e+05
   2.2684732e+05
   3.2841507e+05
   2.0380159e+05
   2.8579277e+05
   1.6372273e+05
   1.6911088e+05
   1.7600077e+05
   1.6330990e+05
   2.5901865e+05
   1.9877505e+05
   3.6958856e+05
   3.5784188e+05
   3.4848119e+05
   3.7415191e+05
   3.2028556e+05
   3.7076600e+05
   2.9620501e+05
   3.1375379e+05
   2.4066676e+05
   2.1671888e+05
   2.8848095e+05
   2.9622494e+05
   2.0884903e+05
   3.3870761e+05
   1.7119386e+05
   2.6409451e+05
   2.7229023e+05
   2.7249840e+05
   2.6705656e+05
   3.3308062e+05
   3.5654439e+05
   2.0731285e+05
   3.6964150e+05
   3.0727604e+05
   2.0970140e+05
   3.5955383e+05
   1.7504728e+05
   2.5389087e+05
   2.4324411e+05
   2.9931965e+05
   3.7159956e+05
   3.0707427e+05
   2.2789142e+05
   2.8202149e+05
   1.7080998e+05
   1.6005940e+05
   2.9792205e+05
   2.3313971e+05
   1.9755592e+05
   3.4855417e+05
   3.4879377e+05
   3.6327290e+05
   2.0334415e+05
   3.2597351e+05
   3.1820240e+05
   1.8031584e+05
   2.0557708e+05
   1.8124126e+05
   1.7027153e+05
   2.0624118e+05
   3.0474576e+05
   3.4252976e+05
   2.2901255e+05
   2.0675283e+05
   2.4180494e+05
   1.9063060e+05
   2.5932942e+05
   3.0199740e+05
   2.8538864e+05
   1.8340043e+05
   2.9822461e+05
   1.8338761e+05
   2.5903165e+05
   3.2221941e+05
   3.0412970e+05
   3.4865052e+05
   2.7845299e+05
   3.3794222e+05
   3.1891896e+05
   3.4723210e+05
   3.3586423e+05
   3.2847773e+05
   1.5736025e+05
   2.1445476e+05
   1.5104533e+05
   1.5505579e+05
   2.6835621e+05
   2.2163072e+05
   2.2277067e+05
   1.8640077e+05
   2.2858780e+05
   3.6444893e+05
   3.2949316e+05
   3.3927036e+05
   2.3143547e+05
   3.2259285e+05
   3.1568440e+05
   3.3307285e+05
   1.8542751e+05
   3.0125953e+05
   2.2558088e+05
   3.7640660e+05
   1.6143841e+05
   1.9021653e+05
   2.5853173e+05
   3.1803720e+05
   3.1628827e+05
   3.0148618e+05
   2.6384225e+05
   1.5430992e+05
   2.3215097e+05
   2.7479462e+05
   3.5329779e+05
   2.5417863e+05
   2.9697134e+05
   3.1790014e+05
   2.6236318e+05
   3.0803339e+05
   2.1194032e+05
   2.8868934e+05
   3.6335745e+05
   2.4435428e+05
   3.1761442e+05
   3.4348691e+05
   3.5504364e+05
   3.6534789e+05
   2.5287259e+05
   3.5199496e+05
   2.0568872e+05
   3.1949083e+05
   1.6645129e+05
   2.5694747e+05
   2.7378180e+05
   3.3372877e+05
   2.2027660e+05
   1.9458962e+05
   2.4951474e+05
   2.1492224e+05
   1.7195859e+05
   2.1801959e+05
   1.6729763e+05
   3.6234047e+05
   2.8626467e+05
   3.6846526e+05
   1.5687516e+05
   1.7084425e+05
   2.8173098e+05
   1.9126314e+05
   1.6831235e+05
   3.5307817e+05
   3.3334750e+05
   2.5874714e+05
   1.9352429e+05
   1.7646694e+05
   2.1338439e+05
   3.1150334e+05
   2.9742415e+05
   2.9525829e+05
   2.1916113e+05
   3.1794802e+05
   3.0979894e+05
   3.1360828e+05
   2.2412134e+05
   1.8310987e+05
   3.5490440e+05
   2.7423190e+05
   3.6467638e+05
   1.7435117e+05
   3.3910288e+05
   2.8666520e+05
   3.2707711e+05
   1.9955123e+05
   2.4149058e+05
   3.0615640e+05
   3.7366707e+05
   3.1743692e+05
   2.6642809e+05
   3.4643300e+05
   3.6105903e+05
   1.8035641e+05
   1.9929065e+05
   3.4200675e+05
   1.7887287e+05
   2.8589561e+05
   3.1689163e+05
   3.6114413e+05
   3.0957602e+05
   1.7908864e+05
   3.7207131e+05
   2.0126147e+05
   3.2922016e+05
   1.6524409e+05
   2.1670893e+05
   3.0905659e+05
   1.8270843e+05
   1.6553686e+05
   3.6006018e+05
   2.6368170e+05
   1.6671863e+05
   3.3370946e+05
   2.0044159e+05
   1.6381569e+05
   2.9149491e+05
   2.4805322e+05
   1.8986805e+05
   1.7893160e+05
   1.5800506e+05
   3.3132661e+05
   1.8683780e+05
   3.5585236e+05
   2.5233808e+05
   3.7496760e+05
   3.5779732e+05
   2.3647653e+05
   2.3994360e+05
   2.1264967e+05
   2.3942546e+05
   1.8802370e+05
   3.7706491e+05
   1.5584030e+05
   1.9126513e+05
   1.9463389e+05
   1.9537453e+05
   2.3126997e+05
   3.3236789e+05
   3.7061097e+05
   1.9884470e+05
   2.7136566e+05
   2.1559135e+05
   2.8218831e+05
   1.8193267e+05
   3.3234579e+05
   3.7596544e+05
   1.7353732e+05
   2.8184289e+05
   2.8397002e+05
   2.6868469e+05
   2.6438351e+05
   2.5329859e+05
   2.0281185e+05
   3.7460097e+05
   3.2280643e+05
   2.8009819e+05
   2.9529411e+05
   3.2777689e+05
   1.5094591e+05
   3.7083916e+05
   2.1359503e+05
   2.8592479e+05
   1.6920167e+05
   2.0828989e+05
   2.5570867e+05
   3.0704720e+05
   1.7917062e+05
   3.1393343e+05
   2.4862347e+05
   3.0418590e+05
   1.9541502e+05
   3.2707412e+05
   2.5035134e+05
   3.0818202e+05
   2.8868815e+05
   3.5476816e+05
   3.1071691e+05
   3.3144892e+05
   1.5625907e+05
   1.9375512e+05
   2.1827073e+05
   3.2294697e+05
   3.6308071e+05
   3.1561952e+05
   1.5610492e+05
   2.3796474e+05
   1.5846304e+05
   1.7494820e+05
   2.2959048e+05
   2.5408721e+05
   1.6893637e+05
   3.6758933e+05
   2.4180476e+05
   1.6593444e+05
   2.1164220e+05
   1.6807868e+05
   1.7950387e+05
   2.9488582e+05
   2.4535436e+05
   1.6331101e+05
   3.4829479e+05
   1.8582877e+05
   1.9553520e+05
   3.7123910e+05
   2.8703513e+05
   2.4638756e+05
   2.7134864e+05
   1.6200115e+05
   3.7971757e+05
   1.5752914e+05
   1.8822244e+05
   3.5896723e+05
   2.7433741e+05
   3.1681508e+05
   2.2986131e+05
   2.1368990e+05
   2.7297550e+05
   2.5668477e+05
   2.0584288e+05
   2.2438026e+05
   2.9258083e+05
   1.8362489e+05
   3.6571388e+05
   2.9876950e+05
   2.8961895e+05
   3.7357195e+05
   2.8208813e+05
   3.6638190e+05
   1.8164036e+05
   2.1883576e+05
   2.8245239e+05
   1.5269895e+05
   2.4221009e+05
   2.0557239e+05
   3.4328621e+05
   2.3550748e+05
   3.5045530e+05
   2.9670426e+05
   3.5448844e+05
   2.3744523e+05
   1.6231934e+05
   3.7770383e+05
   2.0804763e+05
   2.6182853e+05
   1.8881044e+05
   2.7572314e+05
   1.6726977e+05
   3.1501274e+05
   1.5789208e+05
   2.3302230e+05
   1.7176736e+05
   2.4744092e+05
   2.0978815e+05
   2.9962474e+05
   3.7508743e+05
   2.2285804e+05
   2.1766931e+05
   2.9971243e+05
   3.4368632e+05
   2.7153529e+05
   3.6698088e+05
   1.6018060e+05
   2.5460655e+05
   3.2993905e+05
   1.8777862e+05
   2.6918897e+05
   2.4493520e+05
   3.0485486e+05
   2.3657822e+05
   1.8630629e+05
   1.6050828e+05
   3.5685349e+05
   2.9875332e+05
   1.6072933e+05
   2.1661774e+05
   3.1849610e+05
   3.2535557e+05
   1.7119576e+05
   2.6137324e+05
   2.7576370e+05
   2.6139464e+05
   2.3276814e+05
   2.3787061e+05
   1.5768842e+05
   1.8000744e+05
   2.2543526e+05
   3.3358507e+05
   2.3380249e+05
   2.6683362e+05
   3.4934790e+05
   3.5286956e+05
   1.7642381e+05
   2.0587366e+05
   3.5446215e+05
   2.2182670e+05
   1.5473562e+05
   3.5751473e+05
   2.0872308e+05
   2.6807404e+05
   2.0482221e+05
   1.7768256e+05
   1.9163518e+05
   2.6417162e+05
   1.5780333e+05
   1.6368615e+05
   2.8519574e+05
   3.3140409e+05
   3.1396482e+05
   2.2062676e+05
   1.6044376e+05
   2.3535438e+05
   2.8053748e+05
   3.5175751e+05
   2.9557190e+05
   2.8361270e+05
   2.1957845e+05
   3.5180982e+05
   2.6614325e+05
   2.7579445e+05
   1.8968700e+05
   3.2296601e+05
   3.7837503e+05
   2.7781672e+05
   3.5623891e+05
   3.6539562e+05
   2.9962478e+05
   2.6517382e+05
   3.4609758e+05
   2.2826782e+05
   2.1917707e+05
   2.9738639e+05
   3.0501649e+05
   1.5628672e+05
   2.1961875e+05
   3.3340685e+05
   3.6741231e+05
   1.7587881e+05
   2.4791723e+05
   2.4840233e+05
   2.5928650e+05
   2.2728261e+05
   3.5930132e+05
   1.5400031e+05
   3.1778705e+05
   3.1605440e+05
   3.5765337e+05
   1.9479548e+05
   2.7965125e+05
   1.6557827e+05
   2.9411827e+05
   3.2772242e+05
   3.7617634e+05
   3.4407056e+05
   2.7269098e+05
   2.1288345e+05
   2.7000676e+05
   2.9050576e+05
   2.9382145e+05
   2.6044627e+05
   3.0222991e+05
   2.7804281e+05
   1.5952880e+05
   1.9240326e+05
   2.3951773e+05
   3.0142111e+05
   3.6460555e+05
   2.9892114e+05
   2.6472091e+05
   2.4192673e+05
   1.5863686e+05
   3.7012401e+05
   3.7128283e+05
   2.6312682e+05
   2.0169148e+05
   1.8657842e+05
   2.9303283e+05
   2.7258083e+05
   1.7221883e+05
   2.0834815e+05
   1.6567157e+05
   3.7439032e+05
   1.8631267e+05
   3.7823379e+05
   3.7180170e+05
   3.7736605e+05
   3.4046054e+05
   2.9089663e+05
   2.0861207e+05
   2.3648492e+05
   3.5505255e+05
   2.8455004e+05
   3.3238819e+05
   2.8349157e+05
   3.2323939e+05
   2.6469271e+05
   1.8604807e+05
   2.6805339e+05
   1.5681238e+05
   1.7371713e+05
   3.2429331e+05
   1.5185443e+05
   3.1026074e+05
   1.5366647e+05
   1.8431565e+05
   3.0167242e+05
   3.1324181e+05
   2.8566041e+05
   1.8364873e+05
   2.8850772e+05
   3.1884586e+05
   2.8119309e+05
   3.5890975e+05
   2.3720092e+05
   2.2942946e+05
   2.3181664e+05
   2.8839541e+05
   3.7582656e+05
   1.7311262e+05
   2.3887521e+05
   3.3033531e+05
   2.6234627e+05
   2.8461643e+05
   3.1374950e+05
   2.0768717e+05
   2.6640851e+05
   3.3210942e+05
   2.5121415e+05
   2.1566226e+05
   1.8324176e+05
   2.7317067e+05
   1.9599755e+05
   2.3048560e+05
   3.6144294e+05
   1.5557044e+05
   2.9032373e+05
   3.3241340e+05
   2.5664946e+05
   3.2136919e+05
   2.1151045e+05
   2.0600221e+05
   2.5663186e+05
   3.3819477e+05
   3.1902559e+05
   2.7819952e+05
   1.8561112e+05
   3.7002132e+05
   3.7494987e+05
   3.6001137e+05
   2.6262956e+05
   3.1941129e+05
   2.4687999e+05
   2.9218182e+05
   2.5039810e+05
   2.8789824e+05
   2.4832948e+05
   2.4168612e+05
   2.3243679e+05
   2.0983967e+05
   1.8515996e+05
   3.6025358e+05
   2.2654563e+05
   3.0543130e+05
   2.6057297e+05
   2.4360876e+05
   1.7034021e+05
   2.7077159e+05
   3.7108849e+05
   2.4134508e+05
   2.1404987e+05
   3.7026651e+05
   2.0910824e+05
   3.1834406e+05
   2.7703789e+05
   2.5399677e+05
   1.7986029e+05
   2.3000146e+05
   3.7034082e+05
   2.3154144e+05
   2.5923399e+05
   3.1622248e+05
   1.9738553e+05
   3.0805603e+05
   2.0385390e+05
   3.0918247e+05
   1.9948064e+05
   1.5268434e+05
   1.8198635e+05
   1.7166962e+05
   1.6387122e+05
   1.6102689e+05
   3.2849021e+05
   2.1577507e+05
   2.1033251e+05
   3.4146149e+05
   3.6890035e+05
   2.6614097e+05
   3.5448275e+05
   1.7163188e+05
   3.3933746e+05
   2.3549917e+05
   2.5758373e+05
   2.3761187e+05
   3.6162340e+05
   2.6174630e+05
   2.7682000e+05
   1.5506231e+05
   2.8850716e+05
   1.5564582e+05
   3.1645493e+05
   2.5904570e+05
   2.9010417e+05
   3.1813661e+05
   3.6417606e+05
   1.5954517e+05
   3.7353365e+05
   1.9123172e+05
   2.4091949e+05
   1.8738558e+05
   3.4400940e+05
   2.1992675e+05
   2.1121907e+05
   3.4330118e+05
   3.7066228e+05
   2.3629522e+05
   3.2078560e+05
   2.2531302e+05
   3.2380245e+05
   2.2417189e+05
   3.7425126e+05
   1.6209273e+05
   3.3446093e+05
   2.8796973e+05
   1.9993255e+05
   2.1319294e+05
   3.3871492e+05
   1.8424070e+05
   1.9897100e+05
   1.9082739e+05
   2.7766952e+05
   2.2309340e+05
   3.1334478e+05
   3.3967978e+05
   3.2577446e+05
   1.8871967e+05
   1.6735410e+05
   3.3835906e+05
   3.7051222e+05
   2.3966895e+05
   3.2008045e+05
   3.4519626e+05
   3.2604547e+05
   3.6055502e+05
   3.5544211e+05
   1.8456147e+05
   1.6923600e+05
   2.6649590e+05
   2.7921301e+05
   1.5068729e+05
   2.1675404e+05
   2.1428646e+05
   2.2824996e+05
   3.6443536e+05
   2.8697133e+05
   2.3917983e+05
   3.1915799e+05
   2.3029899e+05
   3.2148871e+05
   3.1935838e+05
   2.1593185e+05
   1.9662217e+05
   1.9808929e+05
   2.4846880e+05
   2.2968412e+05
   3.4299840e+05
   3.1226141e+05
   3.2064455e+05
   3.5683626e+05
   3.7858567e+05
   2.1077864e+05
   1.5302754e+05
   3.4104812e+05
   3.5367611e+05
   3.7159486e+05
   3.6416622e+05
   2.1637923e+05
   1.9126735e+05
   3.7418895e+05
   2.4644441e+05
   2.0090086e+05
   2.0089847e+05
   3.5424738e+05
   1.7486346e+05
   2.5508190e+05
   2.2094059e+05
   1.6714649e+05
   2.9584380e+05
   1.7800292e+05
   2.8157748e+05
   2.6102007e+05
   1.6121104e+05
   3.7494247e+05
   2.6179380e+05
   2.5138395e+05
   3.4582785e+05
   2.7245475e+05
   2.7832049e+05
   1.6981756e+05
   3.7280218e+05
   2.4740585e+05
   3.7680398e+05
   3.3703083e+05
   1.9822435e+05
   3.4315670e+05
   1.5743866e+05
   1.7758333e+05
   3.7140877e+05
   1.8775625e+05
   2.8235552e+05
   3.5756510e+05
   1.5038398e+05
   3.0434702e+05
   2.8502515e+05
   1.5534578e+05
   2.8579306e+05
   2.5833412e+05
   2.6801246e+05
   1.9974238e+05
   1.6865639e+05
   3.1515950e+05
   2.8232298e+05
   3.7841755e+05
   2.5629792e+05
   1.9283966e+05
   2.5359299e+05
   2.4101638e+05
   2.6493542e+05
   2.4242987e+05
   1.7579249e+05
   3.5096416e+05
   2.6332611e+05
   3.3683699e+05
   3.3765769e+05
   1.7834907e+05
   3.7496260e+05
   3.4153029e+05
   3.4424102e+05
   3.3649955e+05
   3.0721335e+05
   1.7452695e+05
   3.1917895e+05
   3.0224592e+05
   1.9772732e+05
   1.7690773e+05
   2.5992609e+05
   3.7954920e+05
   3.2161314e+05
   3.0687273e+05
   2.0483555e+05
   2.1387051e+05
   1.6752104e+05
   2.9613915e+05
   1.6363528e+05
   3.4235453e+05
   2.1896908e+05
   1.9861439e+05
   3.7316667e+05
   3.1029311e+05
   3.1479424e+05
   3.4295077e+05
   1.6761095e+05
   2.4893125e+05
   2.7339307e+05
   3.6438735e+05
   2.9040246e+05
   1.9147819e+05
   1.5581611e+05
   2.7215704e+05
   3.7017199e+05
   3.7848894e+05
   2.9029974e+05
   2.1899102e+05
   3.3013762e+05
   3.4727682e+05
   3.3409859e+05
   3.2141396e+05
   3.6382929e+05
   2.2469059e+05
   3.0986779e+05
   3.1847375e+05
   3.5308805e+05
   1.7038424e+05
   2.5768559e+05
   2.9106607e+05
   2.6424816e+05
   3.3589770e+05
   2.8638593e+05
   2.3384846e+05
   2.0060676e+05
   2.1010185e+05
   3.5097186e+05
   2.1675991e+05
   3.0765046e+05
   2.1857814e+05
   3.7126086e+05
   1.8949262e+05
   3.5771242e+05
   3.1315860e+05
   2.6109445e+05
   3.3455268e+05
   1.7395939e+05
   1.9048293e+05
   3.1154170e+05
   1.7650638e+05
   1.6988516e+05
   2.4723158e+05
   1.7224175e+05
   3.3907656e+05
   2.9406921e+05
   2.8617361e+05
   1.7894399e+05
   2.0825459e+05
   2.5473676e+05
   2.7633641e+05
   3.1812025e+05
   3.7018686e+05
   2.8273290e+05
   2.3593776e+05
   1.9405698e+05
   2.7762817e+05
   1.9929390e+05
   3.2032462e+05
   2.8837222e+05
   2.3081635e+05
   2.0019536e+05
   2.5839178e+05
   1.5930072e+05
   1.6868482e+05
   2.1276520e+05
   2.2245454e+05
   2.8498254e+05
   1.7529952e+05
   1.8768269e+05
   2.7630042e+05
   3.4969985e+05
   2.7264623e+05
   2.8837075e+05
   2.3067325e+05
   3.3307641e+05
   3.4074742e+05
   3.4506831e+05
   2.5511447e+05
   2.3073053e+05
   2.2432963e+05
   2.3429042e+05
   1.6498231e+05
   3.3738946e+05
   2.7782258e+05
   2.4400398e+05
   2.3850952e+05
   2.9883666e+05
   3.0125876e+05
   3.5841764e+05
   3.7306886e+05
   1.8126383e+05
   2.9356688e+05
   2.3112112e+05
   3.2952167e+05
   3.0575493e+05
   1.5886832e+05
   3.7278824e+05
   2.5079561e+05
   2.7377728e+05
   3.7758336e+05
   3.0797607e+05
   2.0345617e+05
   2.4102242e+05
   1.9740870e+05
   3.0367594e+05
   3.0359522e+05
   2.9577113e+05
   3.3983637e+05
   2.6300833e+05
   1.9907605e+05
   2.6860588e+05
   3.5457630e+05
   2.2816294e+05
   2.4380745e+05
   1.5896413e+05
   2.7976790e+05
   3.3386557e+05
   2.3448253e+05
   3.1171307e+05
   1.5097815e+05
   2.6533010e+05
   3.2199994e+05
   2.3840544e+05
   2.6900768e+05
   3.6565638e+05
   2.5646039e+05
   1.5727224e+05
   3.4285913e+05
   2.6724864e+05
   2.9054563e+05
   2.7639245e+05
   3.0653640e+05
   3.1346723e+05
   2.5804275e+05
   1.8799481e+05
   3.6048828e+05
   1.6768878e+05
   2.2600065e+05
   2.8182136e+05
   3.3780904e+05
   1.5074169e+05
   2.8331220e+05
   2.1346352e+05
   1.9076857e+05
   2.3634378e+05
   3.3001622e+05
   1.9569875e+05
   3.6176685e+05
   2.3780884e+05
   1.5197859e+05
   1.7365050e+05
   1.6345914e+05
   1.6281961e+05
   1.8155634e+05
   1.7399221e+05
   3.2105036e+05
   3.2726968e+05
   2.9976406e+05
   3.3857203e+05
   3.3105960e+05
   2.8510167e+05
   2.8901747e+05
   2.7084882e+05
   3.2220240e+05
   3.0885082e+05
   1.7316210e+05
   2.4734448e+05
   1.7870886e+05
   1.7059719e+05
   2.2123219e+05
   1.5503497e+05
   3.7507469e+05
   2.5398463e+05
   1.9344044e+05
   3.5957219e+05
   2.7037880e+05
   2.5686648e+05
   1.9313644e+05
   2.9366674e+05
   3.1757038e+05
   2.0212603e+05
   1.6192597e+05
   3.3329870e+05
   1.7599250e+05
   3.3961693e+05
   2.1980373e+05
   2.8414239e+05
   3.0488537e+05
   3.1317921e+05
   3.6818278e+05
   2.0443433e+05
   3.5092184e+05
   2.4536731e+05
   3.1154749e+05
   1.9075923e+05
   3.0542666e+05
   2.4095555e+05
   3.4589676e+05
   1.7188721e+05
   3.6499076e+05
   2.4421628e+05
   2.6757054e+05
   1.9938663e+05
   2.3204346e+05
   1.7113239e+05
   2.2893994e+05
   2.3270975e+05
   2.5033186e+05
   2.4932095e+05
   1.7813310e+05
   3.6830484e+05
   3.3258854e+05
   3.0216620e+05
   3.4511784e+05
   2.3731160e+05
   2.3438033e+05
   2.3485799e+05
   3.2074373e+05
   2.7243825e+05
   1.5235760e+05
   2.0676216e+05
   2.9700181e+05
   1.6009265e+05
   3.4245027e+05
   1.7201438e+05
   2.3691207e+05
   3.7743854e+05
   3.7356453e+05
   2.8297209e+05
   3.7740819e+05
   2.6343413e+05
   1.7842528e+05
   3.3826973e+05
   2.7533972e+05
   3.6895027e+05
   2.9026511e+05
   2.9892517e+05
   1.6000582e+05
   3.5652780e+05
   2.9469378e+05
   2.2684732e+05
   3.2841507e+05
   2.0380159e+05
   2.8579277e+05
   1.6372273e+05
   1.6911088e+05
   1.7600077e+05
   1.6330990e+05
   2.5901865e+05
   1.9877505e+05
   3.6958856e+05
   3.5784188e+05
   3.4848119e+05
   3.7415191e+05
   3.2028556e+05
   3.7076600e+05
   2.9620501e+05
   3.1375379e+05
   2.4066676e+05
   2.1671888e+05
   2.8848095e+05
   2.9622494e+05
   2.0884903e+05
   3.3870761e+05
   1.7119386e+05
   2.6409451e+05
   2.7229023e+05
   2.7249840e+05
   2.6705656e+05
   3.3308062e+05
   3.5654439e+05
   2.0731285e+05
   3.6964150e+05
   3.0727604e+05
   2.0970140e+05
   3.5955383e+05
   1.7504728e+05
   2.5389087e+05
   2.4324411e+05
   2.9931965e+05
   3.7159956e+05
   3.0707427e+05
   2.2789142e+05
   2.8202149e+05
   1.7080998e+05
   1.6005940e+05
   2.9792205e+05
   2.3313971e+05
   1.9755592e+05
   3.4855417e+05
   3.4879377e+05
   3.6327290e+05
   2.0334415e+05
   3.2597351e+05
   3.1820240e+05
   1.8031584e+05
   2.0557708e+05
   1.8124126e+05
   1.7027153e+05
   2.0624118e+05
   3.0474576e+05
   3.4252976e+05
   2.2901255e+05
   2.0675283e+05
   2.4180494e+05
   1.9063060e+05
   2.5932942e+05
   3.0199740e+05
   2.8538864e+05
   1.8340043e+05
   2.9822461e+05
   1.8338761e+05
   2.5903165e+05
   3.2221941e+05
   3.0412970e+05
   3.4865052e+05
   2.7845299e+05
   3.3794222e+05
   3.1891896e+05
   3.4723210e+05
   3.3586423e+05
   3.2847773e+05
   1.5736025e+05
   2.1445476e+05
   1.5104533e+05
   1.5505579e+05
   2.6835621e+05
   2.2163072e+05
   2.2277067e+05
   1.8640077e+05
   2.2858780e+05
   3.6444893e+05
   3.2949316e+05
   3.3927036e+05
   2.3143547e+05
   3.2259285e+05
   3.1568440e+05
   3.3307285e+05
   1.8542751e+05
   3.0125953e+05
   2.2558088e+05
   3.7640660e+05
   1.6143841e+05
   1.9021653e+05
   2.5853173e+05
   3.1803720e+05
   3.1628827e+05
   3.0148618e+05
   2.6384225e+05
   1.5430992e+05
   2.3215097e+05
   2.7479462e+05
   3.5329779e+05
   2.5417863e+05
   2.9697134e+05
   3.1790014e+05
   2.6236318e+05
   3.0803339e+05
   2.1194032e+05
   2.8868934e+05
   3.6335745e+05
   2.4435428e+05
   3.1761442e+05
   3.4348691e+05
   3.5504364e+05
   3.6534789e+05
   2.5287259e+05
   3.5199496e+05
   2.0568872e+05
   3.1949083e+05
   1.6645129e+05
   2.5694747e+05
   2.7378180e+05
   3.3372877e+05
   2.2027660e+05
   1.9458962e+05
   2.4951474e+05
   2.1492224e+05
   1.7195859e+05
   2.1801959e+05
   1.6729763e+05
   3.6234047e+05
   2.8626467e+05
   3.6846526e+05
   1.5687516e+05
   1.7084425e+05
   2.8173098e+05
   1.9126314e+05
   1.6831235e+05
   3.5307817e+05
   3.3334750e+05
   2.5874714e+05
   1.9352429e+05
   1.7646694e+05
   2.1338439e+05
   3.1150334e+05
   2.9742415e+05
   2.9525829e+05
   2.1916113e+05
   3.1794802e+05
   3.0979894e+05
   3.1360828e+05
   2.2412134e+05
   1.8310987e+05
   3.5490440e+05
   2.7423190e+05
   3.6467638e+05
   1.7435117e+05
   3.3910288e+05
   2.8666520e+05
   3.2707711e+05
   1.9955123e+05
   2.4149058e+05
   3.0615640e+05
   3.7366707e+05
   3.1743692e+05
   2.6642809e+05
   3.4643300e+05
   3.6105903e+05
   1.8035641e+05
   1.9929065e+05
   3.4200675e+05
   1.7887287e+05
   2.8589561e+05
   3.1689163e+05
   3.6114413e+05
   3.0957602e+05
   1.7908864e+05
   3.7207131e+05
   2.0126147e+05
   3.2922016e+05
   1.6524409e+05
   2.1670893e+05
   3.0905659e+05
   1.8270843e+05
   1.6553686e+05
   3.6006018e+05
   2.6368170e+05
   1.6671863e+05
   3.3370946e+05
   2.0044159e+05
   1.6381569e+05
   2.9149491e+05
   2.4805322e+05
   1.8986805e+05
   1.7893160e+05
   1.5800506e+05
   3.3132661e+05
   1.8683780e+05
   3.5585236e+05
   2.5233808e+05
   3.7496760e+05
   3.5779732e+05
   2.3647653e+05
   2.3994360e+05
   2.1264967e+05
   2.3942546e+05
   1.8802370e+05
   3.7706491e+05
   1.5584030e+05
   1.9126513e+05
   1.9463389e+05
   1.9537453e+05
   2.3126997e+05
   3.3236789e+05
   3.7061097e+05
   1.9884470e+05
   2.7136566e+05
   2.1559135e+05
   2.8218831e+05
   1.8193267e+05
   3.3234579e+05
   3.7596544e+05
   1.7353732e+05
   2.8184289e+05
   2.8397002e+05
   2.6868469e+05
   2.6438351e+05
   2.5329859e+05
   2.0281185e+05
   3.7460097e+05
   3.2280643e+05
   2.8009819e+05
   2.9529411e+05
   3.2777689e+05
   1.5094591e+05
   3.7083916e+05
   2.1359503e+05
   2.8592479e+05
   1.6920167e+05
   2.0828989e+05
   2.5570867e+05
   3.0704720e+05
   1.7917062e+05
   3.1393343e+05
   2.4862347e+05
   3.0418590e+05
   1.9541502e+05
   3.2707412e+05
   2.5035134e+05
   3.0818202e+05
   2.8868815e+05
   3.5476816e+05
   3.1071691e+05
   3.3144892e+05
   1.5625907e+05
   1.9375512e+05
   2.1827073e+05
   3.2294697e+05
   3.6308071e+05
   3.1561952e+05
   1.5610492e+05
   2.3796474e+05
   1.5846304e+05
   1.7494820e+05
   2.2959048e+05
   2.5408721e+05
   1.6893637e+05
   3.6758933e+05
   2.4180476e+05
   1.6593444e+05
   2.1164220e+05
   1.6807868e+05
   1.7950387e+05
   2.9488582e+05
   2.4535436e+05
   1.6331101e+05
   3.4829479e+05
   1.8582877e+05
   1.9553520e+05
   3.7123910e+05
   2.8703513e+05
   2.4638756e+05
   2.7134864e+05
   1.6200115e+05
   3.7971757e+05
   1.5752914e+05
   1.8822244e+05
   3.5896723e+05
   2.7433741e+05
   3.1681508e+05
   2.2986131e+05
   2.1368990e+05
   2.7297550e+05
   2.5668477e+05
   2.0584288e+05
   2.2438026e+05
   2.9258083e+05
   1.8362489e+05
   3.6571388e+05
   2.9876950e+05
   2.8961895e+05
   3.7357195e+05
   2.8208813e+05
   3.6638190e+05
   1.8164036e+05
   2.1883576e+05
   2.8245239e+05
   1.5269895e+05
   2.4221009e+05
   2.0557239e+05
   3.4328621e+05
   2.3550748e+05
   3.5045530e+05
   2.9670426e+05
   3.5448844e+05
   2.3744523e+05
   1.6231934e+05
   3.7770383e+05
   2.0804763e+05
   2.6182853e+05
   1.8881044e+05
   2.7572314e+05
   1.6726977e+05
   3.1501274e+05
   1.5789208e+05
   2.3302230e+05
   1.7176736e+05
   2.4744092e+05
   2.0978815e+05
   2.9962474e+05
   3.7508743e+05
   2.2285804e+05
   2.1766931e+05
   2.9971243e+05
   3.4368632e+05
   2.7153529e+05
   3.6698088e+05
   1.6018060e+05
   2.5460655e+05
   3.2993905e+05
   1.8777862e+05
   2.6918897e+05
   2.4493520e+05
   3.0485486e+05
   2.3657822e+05
   1.8630629e+05
   1.6050828e+05
   3.5685349e+05
   2.9875332e+05
   1.6072933e+05
   2.1661774e+05
   3.1849610e+05
   3.2535557e+05
   1.7119576e+05
   2.6137324e+05
   2.7576370e+05
   2.6139464e+05
   2.3276814e+05
   2.3787061e+05
   1.5768842e+05
   1.8000744e+05
   2.2543526e+05
   3.3358507e+05
   2.3380249e+05
   2.6683362e+05
   3.4934790e+05
   3.5286956e+05
   1.7642381e+05
   2.0587366e+05
   3.5446215e+05
   2.2182670e+05
   1.5473562e+05
   3.5751473e+05
   2.0872308e+05
   2.6807404e+05
   2.0482221e+05
   1.7768256e+05
   1.9163518e+05
   2.6417162e+05
   1.5780333e+05
   1.6368615e+05
   2.8519574e+05
   3.3140409e+05
   3.1396482e+05
   2.2062676e+05
   1.6044376e+05
   2.3535438e+05
   2.8053748e+05
   3.5175751e+05
   2.9557190e+05
   2.8361270e+05
   2.1957845e+05
   3.5180982e+05
   2.6614325e+05
   2.7579445e+05
   1.8968700e+05
   3.2296601e+05
   3.7837503e+05
   2.7781672e+05
   3.5623891e+05
   3.6539562e+05
   2.9962478e+05
   2.6517382e+05
   3.4609758e+05
   2.2826782e+05
   2.1917707e+05
   2.9738639e+05
   3.0501649e+05
   1.5628672e+05
   2.1961875e+05
   3.3340685e+05
   3.6741231e+05
   1.7587881e+05
   2.4791723e+05
   2.4840233e+05
   2.5928650e+05
   2.2728261e+05
   3.5930132e+05
   1.5400031e+05
   3.1778705e+05
   3.1605440e+05
   3.5765337e+05
   1.9479548e+05
   2.7965125e+05
   1.6557827e+05
   2.9411827e+05
   3.2772242e+05
   3.7617634e+05
   3.4407056e+05
   2.7269098e+05
   2.1288345e+05
   2.7000676e+05
   2.9050576e+05
   2.9382145e+05
   2.6044627e+05
   3.0222991e+05
   2.7804281e+05
   1.5952880e+05
   1.9240326e+05
   2.3951773e+05
   3.0142111e+05
   3.6460555e+05
   2.9892114e+05
   2.6472091e+05
   2.4192673e+05
   1.5863686e+05
   3.7012401e+05
   3.7128283e+05
   2.6312682e+05
   2.0169148e+05
   1.8657842e+05
   2.9303283e+05
   2.7258083e+05
   1.7221883e+05
   2.0834815e+05
   1.6567157e+05
   3.7439032e+05
   1.8631267e+05
   3.7823379e+05
   3.7180170e+05
   3.7736605e+05
   3.4046054e+05
   2.9089663e+05
   2.0861207e+05
   2.3648492e+05
   3.5505255e+05
   2.8455004e+05
   3.3238819e+05
   2.8349157e+05
   3.2323939e+05
   2.6469271e+05
   1.8604807e+05
   2.6805339e+05
   1.5681238e+05
   1.7371713e+05
   3.2429331e+05
   1.5185443e+05
   3.1026074e+05
   1.5366647e+05
   1.8431565e+05
   3.0167242e+05
   3.1324181e+05
   2.8566041e+05
   1.8364873e+05
   2.8850772e+05
   3.1884586e+05
   2.8119309e+05
   3.5890975e+05
   2.3720092e+05
   2.2942946e+05
   2.3181664e+05
   2.8839541e+05
   3.7582656e+05
   1.7311262e+05
   2.3887521e+05
   3.3033531e+05
   2.6234627e+05
   2.8461643e+05
   3.1374950e+05
   2.0768717e+05
   2.6640851e+05
   3.3210942e+05
   2.5121415e+05
   2.1566226e+05
   1.8324176e+05
   2.7317067e+05
   1.9599755e+05
   2.3048560e+05
   3.6144294e+05
   1.5557044e+05
   2.9032373e+05
   3.3241340e+05
   2.5664946e+05
   3.2136919e+05
   2.1151045e+05
   2.0600221e+05
   2.5663186e+05
   3.3819477e+05
   3.1902559e+05
   2.7819952e+05
   1.8561112e+05
   3.7002132e+05
   3.7494987e+05
   3.6001137e+05
   2.6262956e+05
   3.1941129e+05
   2.4687999e+05
   2.9218182e+05
   2.5039810e+05
   2.8789824e+05
   2.4832948e+05
   2.4168612e+05
   2.3243679e+05
   2.0983967e+05
   1.8515996e+05
   3.6025358e+05
   2.2654563e+05
   3.0543130e+05
   2.6057297e+05
   2.4360876e+05
   1.7034021e+05
   2.7077159e+05
   3.7108849e+05
   2.4134508e+05
   2.1404987e+05
   3.7026651e+05
   2.0910824e+05
   3.1834406e+05
   2.7703789e+05
   2.5399677e+05
   1.7986029e+05
   2.3000146e+05
   3.7034082e+05
   2.3154144e+05
   2.5923399e+05
   3.1622248e+05
   1.9738553e+05
   3.0805603e+05
   2.0385390e+05
   3.0918247e+05
   1.9948064e+05
   1.5268434e+05
   1.8198635e+05
   1.7166962e+05
   1.6387122e+05
   1.6102689e+05
   3.2849021e+05
   2.1577507e+05
   2.1033251e+05
   3.4146149e+05
   3.6890035e+05
   2.6614097e+05
   3.5448275e+05
   1.7163188e+05
   3.3933746e+05
   2.3549917e+05
   2.5758373e+05
   2.3761187e+05
   3.6162340e+05
   2.6174630e+05
   2.7682000e+05
   1.5506231e+05
   2.8850716e+05
   1.5564582e+05
   3.1645493e+05
   2.5904570e+05
   2.9010417e+05
   3.1813661e+05
   3.6417606e+05
   1.5954517e+05
   3.7353365e+05
   1.9123172e+05
   2.4091949e+05
   1.8738558e+05
   3.4400940e+05
   2.1992675e+05
   2.1121907e+05
   3.4330118e+05
   3.7066228e+05
   2.3629522e+05
   3.2078560e+05
   2.2531302e+05
   3.2380245e+05
   2.2417189e+05
   3.7425126e+05
   1.6209273e+05
   3.3446093e+05
   2.8796973e+05
   1.9993255e+05
   2.1319294e+05
   3.3871492e+05
   1.8424070e+05
   1.9897100e+05
   1.9082739e+05
   2.7766952e+05
   2.2309340e+05
   3.1334478e+05
   3.3967978e+05
   3.2577446e+05
   1.8871967e+05
   1.6735410e+05
   3.3835906e+05
   3.7051222e+05
   2.3966895e+05
   3.2008045e+05
   3.4519626e+05
   3.2604547e+05
   3.6055502e+05
   3.5544211e+05
   1.8456147e+05
   1.6923600e+05
   2.6649590e+05
   2.7921301e+05
   1.5068729e+05
   2.1675404e+05
   2.1428646e+05
   2.2824996e+05
   3.6443536e+05
   2.8697133e+05
   2.3917983e+05
   3.1915799e+05
   2.3029899e+05
   3.2148871e+05
   3.1935838e+05
   2.1593185e+05
   1.9662217e+05
   1.9808929e+05
   2.4846880e+05
   2.2968412e+05
   3.4299840e+05
   3.1226141e+05
   3.2064455e+05
   3.5683626e+05
   3.7858567e+05
   2.1077864e+05
   1.5302754e+05
   3.4104812e+05
   3.5367611e+05
   3.7159486e+05
   3.6416622e+05
   2.1637923e+05
   1.9126735e+05
   3.7418895e+05
   2.4644441e+05
   2.0090086e+05
   2.0089847e+05
   3.5424738e+05
   1.7486346e+05
   2.5508190e+05
   2.2094059e+05
   1.6714649e+05
   2.9584380e+05
   1.7800292e+05
   2.8157748e+05
   2.6102007e+05
   1.6121104e+05
   3.7494247e+05
   2.6179380e+05
   2.5138395e+05
   3.4582785e+05
   2.7245475e+05
   2.7832049e+05
   1.6981756e+05
   3.7280218e+05
   2.4740585e+05
   3.7680398e+05
   3.3703083e+05
   1.9822435e+05
   3.4315670e+05
   1.5743866e+05
   1.7758333e+05
   3.7140877e+05
   1.8775625e+05
   2.8235552e+05
   3.5756510e+05
   1.5038398e+05
   3.0434702e+05
   2.8502515e+05
   1.5534578e+05
   2.8579306e+05
   2.5833412e+05
   2.6801246e+05
   1.9974238e+05
   1.6865639e+05
   3.1515950e+05
   2.8232298e+05
   3.7841755e+05
   2.5629792e+05
   1.9283966e+05
   2.5359299e+05
   2.4101638e+05
   2.6493542e+05
   2.4242987e+05
   1.7579249e+05
   3.5096416e+05
   2.6332611e+05
   3.3683699e+05
   3.3765769e+05
   1.7834907e+05
   3.7496260e+05
   3.4153029e+05
   3.4424102e+05
   3.3649955e+05
   3.0721335e+05
   1.7452695e+05
   3.1917895e+05
   3.0224592e+05
   1.9772732e+05
   1.7690773e+05
   2.5992609e+05
   3.7954920e+05
   3.2161314e+05
   3.0687273e+05
   2.0483555e+05
   2.1387051e+05
   1.6752104e+05
   2.9613915e+05
   1.6363528e+05
   3.4235453e+05
   2.1896908e+05
   1.9861439e+05
   3.7316667e+05
   3.1029311e+05
   3.1479424e+05
   3.4295077e+05
   1.6761095e+05
   2.4893125e+05
   2.7339307e+05
   3.6438735e+05
   2.9040246e+05
   1.9147819e+05
   1.5581611e+05
   2.7215704e+05
   3.7017199e+05
   3.7848894e+05
   2.9029974e+05
   2.1899102e+05
   3.3013762e+05
   3.4727682e+05
   3.3409859e+05
   3.2141396e+05
   3.6382929e+05
   2.2469059e+05
   3.0986779e+05
   3.1847375e+05
   3.5308805e+05
   1.7038424e+05
   2.5768559e+05
   2.9106607e+05
   2.6424816e+05
   3.3589770e+05
   2.8638593e+05
   2.3384846e+05
   2.0060676e+05
   2.1010185e+05
   3.5097186e+05
   2.1675991e+05
   3.0765046e+05
   2.1857814e+05
   3.7126086e+05
   1.8949262e+05
   3.5771242e+05
   3.1315860e+05
   2.6109445e+05
   3.3455268e+05
   1.7395939e+05
   1.9048293e+05
   3.1154170e+05
   1.7650638e+05
   1.6988516e+05
   2.4723158e+05
   1.7224175e+05
   3.3907656e+05
   2.9406921e+05
   2.8617361e+05
   1.7894399e+05
   2.0825459e+05
   2.5473676e+05
   2.7633641e+05
   3.1812025e+05
   3.7018686e+05
   2.8273290e+05
   2.3593776e+05
   1.9405698e+05
   2.7762817e+05
   1.9929390e+05
   3.2032462e+05
   2.8837222e+05
   2.3081635e+05
   2.0019536e+05
   2.5839178e+05
   1.5930072e+05
   1.6868482e+05
   2.1276520e+05
   2.2245454e+05
   2.8498254e+05
   1.7529952e+05
   1.8768269e+05
   2.7630042e+05
   3.4969985e+05
   2.7264623e+05
   2.8837075e+05
   2.3067325e+05
   3.3307641e+05
   3.4074742e+05
   3.4506831e+05
   2.5511447e+05
   2.3073053e+05
   2.2432963e+05
   2.3429042e+05
   1.6498231e+05
   3.3738946e+05
   2.7782258e+05
   2.4400398e+05
   2.3850952e+05
   2.9883666e+05
   3.0125876e+05
   3.5841764e+05
   3.7306886e+05
   1.8126383e+05
   2.9356688e+05
   2.3112112e+05
   3.2952167e+05
   3.0575493e+05
   1.5886832e+05
   3.7278824e+05
   2.5079561e+05
   2.7377728e+05
   3.7758336e+05
   3.0797607e+05
   2.0345617e+05
   2.4102242e+05
   1.9740870e+05
   3.0367594e+05
   3.0359522e+05
   2.9577113e+05
   3.3983637e+05
   2.6300833e+05
   1.9907605e+05
   2.6860588e+05
   3.5457630e+05
   2.2816294e+05
   2.4380745e+05
   1.5896413e+05
   2.7976790e+05
   3.3386557e+05
   2.3448253e+05
   3.1171307e+05
   1.5097815e+05
   2.6533010e+05
   3.2199994e+05
   2.3840544e+05
   2.6900768e+05
   3.6565638e+05
   2.5646039e+05
   1.5727224e+05
   3.4285913e+05
   2.6724864e+05
   2.9054563e+05
   2.7639245e+05
   3.0653640e+05
   3.1346723e+05
   2.5804275e+05
   1.8799481e+05
   3.6048828e+05
   1.6768878e+05
   2.2600065e+05
   2.8182136e+05
   3.3780904e+05
   1.5074169e+05
   2.8331220e+05
   2.1346352e+05
   1.9076857e+05
   2.3634378e+05
   3.3001622e+05
   1.9569875e+05
   3.6176685e+05
   2.3780884e+05
   1.5197859e+05
   1.7365050e+05
   1.6345914e+05
   1.6281961e+05
   1.8155634e+05
   1.7399221e+05
   3.2105036e+05
   3.2726968e+05
   2.9976406e+05
   3.3857203e+05
   3.3105960e+05
   2.8510167e+05
   2.8901747e+05
   2.7084882e+05
   3.2220240e+05
   3.0885082e+05
   1.7316210e+05
   2.4734448e+05
   1.7870886e+05
   1.7059719e+05
   2.2123219e+05
   1.5503497e+05
   3.7507469e+05
   2.5398463e+05
   1.9344044e+05
   3.5957219e+05
   2.7037880e+05
   2.5686648e+05
   1.9313644e+05
   2.9366674e+05
   3.1757038e+05
   2.0212603e+05
   1.6192597e+05
   3.3329870e+05
   1.7599250e+05
   3.3961693e+05
   2.1980373e+05
   2.8414239e+05
   3.0488537e+05
   3.1317921e+05
   3.6818278e+05
   2.0443433e+05
   3.5092184e+05
   2.4536731e+05
   3.1154749e+05
   1.9075923e+05
   3.0542666e+05
   2.4095555e+05
   3.4589676e+05
   1.7188721e+05
   3.6499076e+05
   2.4421628e+05
   2.6757054e+05
   1.9938663e+05
   2.3204346e+05
   1.7113239e+05
   2.2893994e+05
   2.3270975e+05
   2.5033186e+05
   2.4932095e+05
   1.7813310e+05
   3.6830484e+05
   3.3258854e+05
   3.0216620e+05
   3.4511784e+05
   2.3731160e+05
   2.3438033e+05
   2.3485799e+05
   3.2074373e+05
   2.7243825e+05
   1.5235760e+05
   2.0676216e+05
   2.9700181e+05
   1.6009265e+05
   3.4245027e+05
   1.7201438e+05
   2.3691207e+05
   3.7743854e+05
   3.7356453e+05
   2.8297209e+05
   3.7740819e+05
   2.6343413e+05
   1.7842528e+05
   3.3826973e+05
   2.7533972e+05
   3.6895027e+05
   2.9026511e+05
   2.9892517e+05
   1.6000582e+05
   3.5652780e+05
   2.9469378e+05
   2.2684732e+05
   3.2841507e+05
   2.0380159e+05
   2.8579277e+05
   1.6372273e+05
   1.6911088e+05
   1.7600077e+05
   1.6330990e+05
   2.5901865e+05
   1.9877505e+05
   3.6958856e+05
   3.5784188e+05
   3.4848119e+05
   3.7415191e+05
   3.2028556e+05
   3.7076600e+05
   2.9620501e+05
   3.1375379e+05
   2.4066676e+05
   2.1671888e+05
   2.8848095e+05
   2.9622494e+05
   2.0884903e+05
   3.3870761e+05
   1.7119386e+05
   2.6409451e+05
   2.7229023e+05
   2.7249840e+05
   2.6705656e+05
   3.3308062e+05
   3.5654439e+05
   2.0731285e+05
   3.6964150e+05
   3.0727604e+05
   2.0970140e+05
   3.5955383e+05
   1.7504728e+05
   2.5389087e+05
   2.4324411e+05
   2.9931965e+05
   3.7159956e+05
   3.0707427e+05
   2.2789142e+05
   2.8202149e+05
   1.7080998e+05
   1.6005940e+05
   2.9792205e+05
   2.3313971e+05
   1.9755592e+05
   3.4855417e+05
   3.4879377e+05
   3.6327290e+05
   2.0334415e+05
   3.2597351e+05
   3.1820240e+05
   1.8031584e+05
   2.0557708e+05
   1.8124126e+05
   1.7027153e+05
   2.0624118e+05
   3.0474576e+05
   3.4252976e+05
   2.2901255e+05
   2.0675283e+05
   2.4180494e+05
   1.9063060e+05
   2.5932942e+05
   3.0199740e+05
   2.8538864e+05
   1.8340043e+05
   2.9822461e+05
   1.8338761e+05
   2.5903165e+05
   3.2221941e+05
   3.0412970e+05
   3.4865052e+05
   2.7845299e+05
   3.3794222e+05
   3.1891896e+05
   3.4723210e+05
   3.3586423e+05
   3.2847773e+05
   1.5736025e+05
   2.1445476e+05
   1.5104533e+05
   1.5505579e+05
   2.6835621e+05
   2.2163072e+05
   2.2277067e+05
   1.8640077e+05
   2.2858780e+05
   3.6444893e+05
   3.2949316e+05
   3.3927036e+05
   2.3143547e+05
   3.2259285e+05
   3.1568440e+05
   3.3307285e+05
   1.8542751e+05
   3.0125953e+05
   2.2558088e+05
   3.7640660e+05
   1.6143841e+05
   1.9021653e+05
   2.5853173e+05
   3.1803720e+05
   3.1628827e+05
   3.0148618e+05
   2.6384225e+05
   1.5430992e+05
   2.3215097e+05
   2.7479462e+05
   3.5329779e+05
   2.5417863e+05
   2.9697134e+05
   3.1790014e+05
   2.6236318e+05
   3.0803339e+05
   2.1194032e+05
   2.8868934e+05
   3.6335745e+05
   2.4435428e+05
   3.1761442e+05
   3.4348691e+05
   3.5504364e+05
   3.6534789e+05
   2.5287259e+05
   3.5199496e+05
   2.0568872e+05
   3.1949083e+05
   1.6645129e+05
   2.5694747e+05
   2.7378180e+05
   3.3372877e+05
   2.2027660e+05
   1.9458962e+05
   2.4951474e+05
   2.1492224e+05
   1.7195859e+05
   2.1801959e+05
   1.6729763e+05
   3.6234047e+05
   2.8626467e+05
   3.6846526e+05
   1.5687516e+05
   1.7084425e+05
   2.8173098e+05
   1.9126314e+05
   1.6831235e+05
   3.5307817e+05
   3.3334750e+05
   2.5874714e+05
   1.9352429e+05
   1.7646694e+05
   2.1338439e+05
   3.1150334e+05
   2.9742415e+05
   2.9525829e+05
   2.1916113e+05
   3.1794802e+05
   3.0979894e+05
   3.1360828e+05
   2.2412134e+05
   1.8310987e+05
   3.5490440e+05
   2.7423190e+05
   3.6467638e+05
   1.7435117e+05
   3.3910288e+05
   2.8666520e+05
   3.2707711e+05
   1.9955123e+05
   2.4149058e+05
   3.0615640e+05
   3.7366707e+05
   3.1743692e+05
   2.6642809e+05
   3.4643300e+05
   3.6105903e+05
   1.8035641e+05
   1.9929065e+05
   3.4200675e+05
   1.7887287e+05
   2.8589561e+05
   3.1689163e+05
   3.6114413e+05
   3.0957602e+05
   1.7908864e+05
   3.7207131e+05
   2.0126147e+05
   3.2922016e+05
   1.6524409e+05
   2.1670893e+05
   3.0905659e+05
   1.8270843e+05
   1.6553686e+05
   3.6006018e+05
   2.6368170e+05
   1.6671863e+05
   3.3370946e+05
   2.0044159e+05
   1.6381569e+05
   2.9149491e+05
   2.4805322e+05
   1.8986805e+05
   1.7893160e+05
   1.5800506e+05
   3.3132661e+05
   1.8683780e+05
   3.5585236e+05
   2.5233808e+05
   3.7496760e+05
   3.5779732e+05
   2.3647653e+05
   2.3994360e+05
   2.1264967e+05
   2.3942546e+05
   1.8802370e+05
   3.7706491e+05
   1.5584030e+05
   1.9126513e+05
   1.9463389e+05
   1.9537453e+05
   2.3126997e+05
   3.3236789e+05
   3.7061097e+05
   1.9884470e+05
   2.7136566e+05
   2.1559135e+05
   2.8218831e+05
   1.8193267e+05
   3.3234579e+05
   3.7596544e+05
   1.7353732e+05
   2.8184289e+05
   2.8397002e+05
   2.6868469e+05
   2.6438351e+05
   2.5329859e+05
   2.0281185e+05
   3.7460097e+05
   3.2280643e+05
   2.8009819e+05
   2.9529411e+05
   3.2777689e+05
   1.5094591e+05
   3.7083916e+05
   2.1359503e+05
   2.8592479e+05
   1.6920167e+05
   2.0828989e+05
   2.5570867e+05
   3.0704720e+05
   1.7917062e+05
   3.1393343e+05
   2.4862347e+05
   3.0418590e+05
   1.9541502e+05
   3.2707412e+05
   2.5035134e+05
   3.0818202e+05
   2.8868815e+05
   3.5476816e+05
   3.1071691e+05
   3.3144892e+05
   1.5625907e+05
   1.9375512e+05
   2.1827073e+05
   3.2294697e+05
   3.6308071e+05
   3.1561952e+05
   1.5610492e+05
   2.3796474e+05
   1.5846304e+05
   1.7494820e+05
   2.2959048e+05
   2.5408721e+05
   1.6893637e+05
   3.6758933e+05
   2.4180476e+05
   1.6593444e+05
   2.1164220e+05
   1.6807868e+05
   1.7950387e+05
   2.9488582e+05
   2.4535436e+05
   1.6331101e+05
   3.4829479e+05
   1.8582877e+05
   1.9553520e+05
   3.7123910e+05
   2.8703513e+05
   2.4638756e+05
   2.7134864e+05
   1.6200115e+05
   3.7971757e+05
   1.5752914e+05
   1.8822244e+05
   3.5896723e+05
   2.7433741e+05
   3.1681508e+05
   2.2986131e+05
   2.1368990e+05
   2.7297550e+05
   2.5668477e+05
   2.0584288e+05
   2.2438026e+05
   2.9258083e+05
   1.8362489e+05
   3.6571388e+05
   2.9876950e+05
   2.8961895e+05
   3.7357195e+05
   2.8208813e+05
   3.6638190e+05
   1.8164036e+05
   2.1883576e+05
   2.8245239e+05
   1.5269895e+05
   2.4221009e+05
   2.0557239e+05
   3.4328621e+05
   2.3550748e+05
   3.5045530e+05
   2.9670426e+05
   3.5448844e+05
   2.3744523e+05
   1.6231934e+05
   3.7770383e+05
   2.0804763e+05
   2.6182853e+05
   1.8881044e+05
   2.7572314e+05
   1.6726977e+05
   3.1501274e+05
   1.5789208e+05
   2.3302230e+05
   1.7176736e+05
   2.4744092e+05
   2.0978815e+05
   2.9962474e+05
   3.7508743e+05
   2.2285804e+05
   2.1766931e+05
   2.9971243e+05
   3.4368632e+05
   2.7153529e+05
   3.6698088e+05
   1.6018060e+05
   2.5460655e+05
   3.2993905e+05
   1.8777862e+05
   2.6918897e+05
   2.4493520e+05
   3.0485486e+05
   2.3657822e+05
   1.8630629e+05
   1.6050828e+05
   3.5685349e+05
   2.9875332e+05
   1.6072933e+05
   2.1661774e+05
   3.1849610e+05
   3.2535557e+05
   1.7119576e+05
   2.6137324e+05
   2.7576370e+05
   2.6139464e+05
   2.3276814e+05
   2.3787061e+05
   1.5768842e+05
   1.8000744e+05
   2.2543526e+05
   3.3358507e+05
   2.3380249e+05
   2.6683362e+05
   3.4934790e+05
   3.5286956e+05
   1.7642381e+05
   2.0587366e+05
   3.5446215e+05
   2.2182670e+05
   1.5473562e+05
   3.5751473e+05
   2.0872308e+05
   2.6807404e+05
   2.0482221e+05
   1.7768256e+05
   1.9163518e+05
   2.6417162e+05
   1.5780333e+05
   1.6368615e+05
   2.8519574e+05
   3.3140409e+05
   3.1396482e+05
   2.2062676e+05
   1.6044376e+05
   2.3535438e+05
   2.8053748e+05
   3.5175751e+05
   2.9557190e+05
   2.8361270e+05
   2.1957845e+05
   3.5180982e+05
   2.6614325e+05
   2.7579445e+05
   1.8968700e+05
   3.2296601e+05
   3.7837503e+05
   2.7781672e+05
   3.5623891e+05
   3.6539562e+05
   2.9962478e+05
   2.6517382e+05
   3.4609758e+05
   2.2826782e+05
   2.1917707e+05
   2.9738639e+05
   3.0501649e+05
   1.5628672e+05
   2.1961875e+05
   3.3340685e+05
   3.6741231e+05
   1.7587881e+05
   2.4791723e+05
   2.4840233e+05
   2.5928650e+05
   2.2728261e+05
   3.5930132e+05
   1.5400031e+05
   3.1778705e+05
   3.1605440e+05
   3.5765337e+05
   1.9479548e+05
   2.7965125e+05
   1.6557827e+05
   2.9411827e+05
   3.2772242e+05
   3.7617634e+05
   3.4407056e+05
   2.7269098e+05
   2.1288345e+05
   2.7000676e+05
   2.9050576e+05
   2.9382145e+05
   2.6044627e+05
   3.0222991e+05
   2.7804281e+05
   1.5952880e+05
   1.9240326e+05
   2.3951773e+05
   3.0142111e+05
   3.6460555e+05
   2.9892114e+05
   2.6472091e+05
   2.4192673e+05
   1.5863686e+05
   3.7012401e+05
   3.7128283e+05
   2.6312682e+05
   2.0169148e+05
   1.8657842e+05
   2.9303283e+05
   2.7258083e+05
   1.7221883e+05
   2.0834815e+05
   1.6567157e+05
   3.7439032e+05
   1.8631267e+05
   3.7823379e+05
   3.7180170e+05
   3.7736605e+05
   3.4046054e+05
   2.9089663e+05
   2.0861207e+05
   2.3648492e+05
   3.5505255e+05
   2.8455004e+05
   3.3238819e+05
   2.8349157e+05
   3.2323939e+05
   2.6469271e+05
   1.8604807e+05
   2.6805339e+05
   1.5681238e+05
   1.7371713e+05
   3.2429331e+05
   1.5185443e+05
   3.1026074e+05
   1.5366647e+05
   1.8431565e+05
   3.0167242e+05
   3.1324181e+05
   2.8566041e+05
   1.8364873e+05
   2.8850772e+05
   3.1884586e+05
   2.8119309e+05
   3.5890975e+05
   2.3720092e+05
   2.2942946e+05
   2.3181664e+05
   2.8839541e+05
   3.7582656e+05
   1.7311262e+05
   2.3887521e+05
   3.3033531e+05
   2.6234627e+05
   2.8461643e+05
   3.1374950e+05
   2.0768717e+05
   2.6640851e+05
   3.3210942e+05
   2.5121415e+05
   2.1566226e+05
   1.8324176e+05
   2.7317067e+05
   1.9599755e+05
   2.3048560e+05
   3.6144294e+05
   1.5557044e+05
   2.9032373e+05
   3.3241340e+05
   2.5664946e+05
   3.2136919e+05
   2.1151045e+05
   2.0600221e+05
   2.5663186e+05
   3.3819477e+05
   3.1902559e+05
   2.7819952e+05
   1.8561112e+05
   3.7002132e+05
   3.7494987e+05
   3.6001137e+05
   2.6262956e+05
   3.1941129e+05
   2.4687999e+05
   2.9218182e+05
   2.5039810e+05
   2.8789824e+05
   2.4832948e+05
   2.4168612e+05
   2.3243679e+05
   2.0983967e+05
   1.8515996e+05
   3.6025358e+05
   2.2654563e+05
   3.0543130e+05
   2.6057297e+05
   2.4360876e+05
   1.7034021e+05
   2.7077159e+05
   3.7108849e+05
   2.4134508e+05
   2.1404987e+05
   3.7026651e+05
   2.0910824e+05
   3.1834406e+05
   2.7703789e+05
   2.5399677e+05
   1.7986029e+05
   2.3000146e+05
   3.7034082e+05
   2.3154144e+05
   2.5923399e+05
   3.1622248e+05
   1.9738553e+05
   3.0805603e+05
   2.0385390e+05
   3.0918247e+05
   1.9948064e+05
   1.5268434e+05
   1.8198635e+05
   1.7166962e+05
   1.6387122e+05
   1.6102689e+05
   3.2849021e+05
   2.1577507e+05
   2.1033251e+05
   3.4146149e+05
   3.6890035e+05
   2.6614097e+05
   3.5448275e+05
   1.7163188e+05
   3.3933746e+05
   2.3549917e+05
   2.5758373e+05
   2.3761187e+05
   3.6162340e+05
   2.6174630e+05
   2.7682000e+05
   1.5506231e+05
   2.8850716e+05
   1.5564582e+05
   3.1645493e+05
   2.5904570e+05
   2.9010417e+05
   3.1813661e+05
   3.6417606e+05
   1.5954517e+05
   3.7353365e+05
   1.9123172e+05
   2.4091949e+05
   1.8738558e+05
   3.4400940e+05
   2.1992675e+05
   2.1121907e+05
   3.4330118e+05
   3.7066228e+05
   2.3629522e+05
   3.2078560e+05
   2.2531302e+05
   3.2380245e+05
   2.2417189e+05
   3.7425126e+05
   1.6209273e+05
   3.3446093e+05
   2.8796973e+05
   1.9993255e+05
   2.1319294e+05
   3.3871492e+05
   1.8424070e+05
   1.9897100e+05
   1.9082739e+05
   2.7766952e+05
   2.2309340e+05
   3.1334478e+05
   3.3967978e+05
   3.2577446e+05
   1.8871967e+05
   1.6735410e+05
   3.3835906e+05
   3.7051222e+05
   2.3966895e+05
   3.2008045e+05
   3.4519626e+05
   3.2604547e+05
   3.6055502e+05
   3.5544211e+05
   1.8456147e+05
   1.6923600e+05
   2.6649590e+05
   2.7921301e+05
   1.5068729e+05
   2.1675404e+05
   2.1428646e+05
   2.2824996e+05
   3.6443536e+05
   2.8697133e+05
   2.3917983e+05
   3.1915799e+05
   2.3029899e+05
   3.2148871e+05
   3.1935838e+05
   2.1593185e+05
   1.9662217e+05
   1.9808929e+05
   2.4846880e+05
   2.2968412e+05
   3.4299840e+05
   3.1226141e+05
   3.2064455e+05
   3.5683626e+05
   3.7858567e+05
   2.1077864e+05
   1.5302754e+05
   3.4104812e+05
   3.5367611e+05
   3.7159486e+05
   3.6416622e+05
   2.1637923e+05
   1.9126735e+05
   3.7418895e+05
   2.4644441e+05
   2.0090086e+05
   2.0089847e+05
   3.5424738e+05
   1.7486346e+05
   2.5508190e+05
   2.2094059e+05
   1.6714649e+05
   2.9584380e+05
   1.7800292e+05
   2.8157748e+05
   2.6102007e+05
   1.6121104e+05
   3.7494247e+05
   2.6179380e+05
   2.5138395e+05
   3.4582785e+05
   2.7245475e+05
   2.7832049e+05
   1.6981756e+05
   3.7280218e+05
   2.4740585e+05
   3.7680398e+05
   3.3703083e+05
   1.9822435e+05
   3.4315670e+05
   1.5743866e+05
   1.7758333e+05
   3.7140877e+05
   1.8775625e+05
   2.8235552e+05
   3.5756510e+05
   1.5038398e+05
   3.0434702e+05
   2.8502515e+05
   1.5534578e+05
   2.8579306e+05
   2.5833412e+05
   2.6801246e+05
   1.9974238e+05
   1.6865639e+05
   3.1515950e+05
   2.8232298e+05
   3.7841755e+05
   2.5629792e+05
   1.9283966e+05
   2.5359299e+05
   2.4101638e+05
   2.6493542e+05
   2.4242987e+05
   1.7579249e+05
   3.5096416e+05
   2.6332611e+05
   3.3683699e+05
   3.3765769e+05
   1.7834907e+05
   3.7496260e+05
   3.4153029e+05
   3.4424102e+05
   3.3649955e+05
   3.0721335e+05
   1.7452695e+05
   3.1917895e+05
   3.0224592e+05
   1.9772732e+05
   1.7690773e+05
   2.5992609e+05
   3.7954920e+05
   3.2161314e+05
   3.0687273e+05
   2.0483555e+05
   2.1387051e+05
   1.6752104e+05
   2.9613915e+05
   1.6363528e+05
   3.4235453e+05
   2.1896908e+05
   1.9861439e+05
   3.7316667e+05
   3.1029311e+05
   3.1479424e+05
   3.4295077e+05
   1.6761095e+05
   2.4893125e+05
   2.7339307e+05
   3.6438735e+05
   2.9040246e+05
   1.9147819e+05
   1.5581611e+05
   2.7215704e+05
   3.7017199e+05
   3.7848894e+05
   2.9029974e+05
   2.1899102e+05
   3.3013762e+05
   3.4727682e+05
   3.3409859e+05
   3.2141396e+05
   3.6382929e+05
   2.2469059e+05
   3.0986779e+05
   3.1847375e+05
   3.5308805e+05
   1.7038424e+05
   2.5768559e+05
   2.9106607e+05
   2.6424816e+05
   3.3589770e+05
   2.8638593e+05
   2.3384846e+05
   2.0060676e+05
   2.1010185e+05
   3.5097186e+05
   2.1675991e+05
   3.0765046e+05
   2.1857814e+05
   3.7126086e+05
   1.8949262e+05
   3.5771242e+05
   3.1315860e+05
   2.6109445e+05
   3.3455268e+05
   1.7395939e+05
   1.9048293e+05
   3.1154170e+05
   1.7650638e+05
   1.6988516e+05
   2.4723158e+05
   1.7224175e+05
   3.3907656e+05
   2.9406921e+05
   2.8617361e+05
   1.7894399e+05
   2.0825459e+05
   2.5473676e+05
   2.7633641e+05
   3.1812025e+05
   3.7018686e+05
   2.8273290e+05
   2.3593776e+05
   1.9405698e+05
   2.7762817e+05
   1.9929390e+05
   3.2032462e+05
   2.8837222e+05
   2.3081635e+05
   2.0019536e+05
   2.5839178e+05
   1.5930072e+05
   1.6868482e+05
   2.1276520e+05
   2.2245454e+05
   2.8498254e+05
   1.7529952e+05
   1.8768269e+05
   2.7630042e+05
   3.4969985e+05
   2.7264623e+05
   2.8837075e+05
   2.3067325e+05
   3.3307641e+05
   3.4074742e+05
   3.4506831e+05
   2.5511447e+05
   2.3073053e+05
   2.2432963e+05
   2.3429042e+05
   1.6498231e+05
   3.3738946e+05
   2.7782258e+05
   2.4400398e+05
   2.3850952e+05
   2.9883666e+05
   3.0125876e+05
   3.5841764e+05
   3.7306886e+05
   1.8126383e+05
   2.9356688e+05
   2.3112112e+05
   3.2952167e+05
   3.0575493e+05
   1.5886832e+05
   3.7278824e+05
   2.5079561e+05
   2.7377728e+05
   3.7758336e+05
   3.0797607e+05
   2.0345617e+05
   2.4102242e+05
   1.9740870e+05
   3.0367594e+05
   3.0359522e+05
   2.9577113e+05
   3.3983637e+05
   2.6300833e+05
   1.9907605e+05
   2.6860588e+05
   3.5457630e+05
   2.2816294e+05
   2.4380745e+05
   1.5896413e+05
   2.7976790e+05
   3.3386557e+05
   2.3448253e+05
   3.1171307e+05
   1.5097815e+05
   2.6533010e+05
   3.2199994e+05
   2.3840544e+05
   2.6900768e+05
   3.6565638e+05
   2.5646039e+05
   1.5727224e+05
   3.4285913e+05
   2.6724864e+05
   2.9054563e+05
   2.7639245e+05
   3.0653640e+05
   3.1346723e+05
   2.5804275e+05
   1.8799481e+05
   3.6048828e+05
   1.6768878e+05
   2.2600065e+05
   2.8182136e+05
   3.3780904e+05
   1.5074169e+05
   2.8331220e+05
   2.1346352e+05
   1.9076857e+05
   2.3634378e+05
   3.3001622e+05
   1.9569875e+05
   3.6176685e+05
   2.3780884e+05
   1.5197859e+05
   1.7365050e+05
   1.6345914e+05
   1.6281961e+05
   1.8155634e+05
   1.7399221e+05
   3.2105036e+05
   3.2726968e+05
   2.9976406e+05
   3.3857203e+05
   3.3105960e+05
   2.8510167e+05
   2.8901747e+05
   2.7084882e+05
   3.2220240e+05
   3.0885082e+05
   1.7316210e+05
   2.4734448e+05
   1.7870886e+05
   1.7059719e+05
   2.2123219e+05
   1.5503497e+05
   3.7507469e+05
   2.5398463e+05
   1.9344044e+05
   3.5957219e+05
   2.7037880e+05
   2.5686648e+05
   1.9313644e+05
   2.9366674e+05
   3.1757038e+05
   2.0212603e+05
   1.6192597e+05
   3.3329870e+05
   1.7599250e+05
   3.3961693e+05
   2.1980373e+05
   2.8414239e+05
   3.0488537e+05
   3.1317921e+05
   3.6818278e+05
   2.0443433e+05
   3.5092184e+05
   2.4536731e+05
   3.1154749e+05
   1.9075923e+05
   3.0542666e+05
   2.4095555e+05
   3.4589676e+05
   1.7188721e+05
   3.6499076e+05
   2.4421628e+05
   2.6757054e+05
   1.9938663e+05
   2.3204346e+05
   1.7113239e+05
   2.2893994e+05
   2.3270975e+05
   2.5033186e+05
   2.4932095e+05
   1.7813310e+05
   3.6830484e+05
   3.3258854e+05
   3.0216620e+05
   3.4511784e+05
   2.3731160e+05
   2.3438033e+05
   2.3485799e+05
   3.2074373e+05
   2.7243825e+05
   1.5235760e+05
   2.0676216e+05
   2.9700181e+05
   1.6009265e+05
   3.4245027e+05
   1.7201438e+05
   2.3691207e+05
   3.7743854e+05
   3.7356453e+05
   2.8297209e+05
   3.7740819e+05
   2.6343413e+05
   1.7842528e+05
   3.3826973e+05
   2.7533972e+05
   3.6895027e+05
   2.9026511e+05
   2.9892517e+05
   1.6000582e+05
   3.5652780e+05
   2.9469378e+05
   2.2684732e+05
   3.2841507e+05
   2.0380159e+05
   2.8579277e+05
   1.6372273e+05
   1.6911088e+05
   1.7600077e+05
   1.6330990e+05
   2.5901865e+05
   1.9877505e+05
   3.6958856e+05
   3.5784188e+05
   3.4848119e+05
   3.7415191e+05
   3.2028556e+05
   3.7076600e+05
   2.9620501e+05
   3.1375379e+05
   2.4066676e+05
   2.1671888e+05
   2.8848095e+05
   2.9622494e+05
   2.0884903e+05
   3.3870761e+05
   1.7119386e+05
   2.6409451e+05
   2.7229023e+05
   2.7249840e+05
   2.6705656e+05
   3.3308062e+05
   3.5654439e+05
   2.0731285e+05
   3.6964150e+05
   3.0727604e+05
   2.0970140e+05
   3.5955383e+05
   1.7504728e+05
   2.5389087e+05
   2.4324411e+05
   2.9931965e+05
   3.7159956e+05
   3.0707427e+05
   2.2789142e+05
   2.8202149e+05
   1.7080998e+05
   1.6005940e+05
   2.9792205e+05
   2.3313971e+05
   1.9755592e+05
   3.4855417e+05
   3.4879377e+05
   3.6327290e+05
   2.0334415e+05
   3.2597351e+05
   3.1820240e+05
   1.8031584e+05
   2.0557708e+05
   1.8124126e+05
   1.7027153e+05
   2.0624118e+05
   3.0474576e+05
   3.4252976e+05
   2.2901255e+05
   2.0675283e+05
   2.4180494e+05
   1.9063060e+05
   2.5932942e+05
   3.0199740e+05
   2.8538864e+05
   1.8340043e+05
   2.9822461e+05
   1.8338761e+05
   2.5903165e+05
   3.2221941e+05
   3.0412970e+05
   3.4865052e+05
   2.7845299e+05
   3.3794222e+05
   3.1891896e+05
   3.4723210e+05
   3.3586423e+05
   3.2847773e+05
   1.5736025e+05
   2.1445476e+05
   1.5104533e+05
   1.5505579e+05
   2.6835621e+05
   2.2163072e+05
   2.2277067e+05
   1.8640077e+05
   2.2858780e+05
   3.6444893e+05
   3.2949316e+05
   3.3927036e+05
   2.3143547e+05
   3.2259285e+05
   3.1568440e+05
   3.3307285e+05
   1.8542751e+05
   3.0125953e+05
   2.2558088e+05
   3.7640660e+05
   1.6143841e+05
   1.9021653e+05
   2.5853173e+05
   3.1803720e+05
   3.1628827e+05
   3.0148618e+05
   2.6384225e+05
   1.5430992e+05
   2.3215097e+05
   2.7479462e+05
   3.5329779e+05
   2.5417863e+05
   2.9697134e+05
   3.1790014e+05
   2.6236318e+05
   3.0803339e+05
   2.1194032e+05
   2.8868934e+05
   3.6335745e+05
   2.4435428e+05
   3.1761442e+05
   3.4348691e+05
   3.5504364e+05
   3.6534789e+05
   2.5287259e+05
   3.5199496e+05
   2.0568872e+05
   3.1949083e+05
   1.6645129e+05
   2.5694747e+05
   2.7378180e+05
   3.3372877e+05
   2.2027660e+05
   1.9458962e+05
   2.4951474e+05
   2.1492224e+05
   1.7195859e+05
   2.1801959e+05
   1.6729763e+05
   3.6234047e+05
   2.8626467e+05
   3.6846526e+05
   1.5687516e+05
   1.7084425e+05
   2.8173098e+05
   1.9126314e+05
   1.6831235e+05
   3.5307817e+05
   3.3334750e+05
   2.5874714e+05
   1.9352429e+05
   1.7646694e+05
   2.1338439e+05
   3.1150334e+05
   2.9742415e+05
   2.9525829e+05
   2.1916113e+05
   3.1794802e+05
   3.0979894e+05
   3.1360828e+05
   2.2412134e+05
   1.8310987e+05
   3.5490440e+05
   2.7423190e+05
   3.6467638e+05
   1.7435117e+05
   3.3910288e+05
   2.8666520e+05
   3.2707711e+05
   1.9955123e+05
   2.4149058e+05
   3.0615640e+05
   3.7366707e+05
   3.1743692e+05
   2.6642809e+05
   3.4643300e+05
   3.6105903e+05
   1.8035641e+05
   1.9929065e+05
   3.4200675e+05
   1.7887287e+05
   2.8589561e+05
   3.1689163e+05
   3.6114413e+05
   3.0957602e+05
   1.7908864e+05
   3.7207131e+05
   2.0126147e+05
   3.2922016e+05
   1.6524409e+05
   2.1670893e+05
   3.0905659e+05
   1.8270843e+05
   1.6553686e+05
   3.6006018e+05
   2.6368170e+05
   1.6671863e+05
   3.3370946e+05
   2.0044159e+05
   1.6381569e+05
   2.9149491e+05
   2.4805322e+05
   1.8986805e+05
   1.7893160e+05
   1.5800506e+05
   3.3132661e+05
   1.8683780e+05
   3.5585236e+05
   2.5233808e+05
   3.7496760e+05
   3.5779732e+05
   2.3647653e+05
   2.3994360e+05
   2.1264967e+05
   2.3942546e+05
   1.8802370e+05
   3.7706491e+05
   1.5584030e+05
   1.9126513e+05
   1.9463389e+05
   1.9537453e+05
   2.3126997e+05
   3.3236789e+05
   3.7061097e+05
   1.9884470e+05
   2.7136566e+05
   2.1559135e+05
   2.8218831e+05
   1.8193267e+05
   3.3234579e+05
   3.7596544e+05
   1.7353732e+05
   2.8184289e+05
   2.8397002e+05
   2.6868469e+05
   2.6438351e+05
   2.5329859e+05
   2.0281185e+05
   3.7460097e+05
   3.2280643e+05
   2.8009819e+05
   2.9529411e+05
   3.2777689e+05
   1.5094591e+05
   3.7083916e+05
   2.1359503e+05
   2.8592479e+05
   1.6920167e+05
   2.0828989e+05
   2.5570867e+05
   3.0704720e+05
   1.7917062e+05
   3.1393343e+05
   2.4862347e+05
   3.0418590e+05
   1.9541502e+05
   3.2707412e+05
   2.5035134e+05
   3.0818202e+05
   2.8868815e+05
   3.5476816e+05
   3.1071691e+05
   3.3144892e+05
   1.5625907e+05
   1.9375512e+05
   2.1827073e+05
   3.2294697e+05
   3.6308071e+05
   3.1561952e+05
   1.5610492e+05
   2.3796474e+05
   1.5846304e+05
   1.7494820e+05
   2.2959048e+05
   2.5408721e+05
   1.6893637e+05
   3.6758933e+05
   2.4180476e+05
   1.6593444e+05
   2.1164220e+05
   1.6807868e+05
   1.7950387e+05
   2.9488582e+05
   2.4535436e+05
   1.6331101e+05
   3.4829479e+05
   1.8582877e+05
   1.9553520e+05
   3.7123910e+05
   2.8703513e+05
   2.4638756e+05
   2.7134864e+05
   1.6200115e+05
   3.7971757e+05
   1.5752914e+05
   1.8822244e+05
   3.5896723e+05
   2.7433741e+05
   3.1681508e+05
   2.2986131e+05
   2.1368990e+05
   2.7297550e+05
   2.5668477e+05
   2.0584288e+05
   2.2438026e+05
   2.9258083e+05
   1.8362489e+05
   3.6571388e+05
   2.9876950e+05
   2.8961895e+05
   3.7357195e+05
   2.8208813e+05
   3.6638190e+05
   1.8164036e+05
   2.1883576e+05
   2.8245239e+05
   1.5269895e+05
   2.4221009e+05
   2.0557239e+05
   3.4328621e+05
   2.3550748e+05
   3.5045530e+05
   2.9670426e+05
   3.5448844e+05
   2.3744523e+05
   1.6231934e+05
   3.7770383e+05
   2.0804763e+05
   2.6182853e+05
   1.8881044e+05
   2.7572314e+05
   1.6726977e+05
   3.1501274e+05
   1.5789208e+05
   2.3302230e+05
   1.7176736e+05
   2.4744092e+05
   2.0978815e+05
   2.9962474e+05
   3.7508743e+05
   2.2285804e+05
   2.1766931e+05
   2.9971243e+05
   3.4368632e+05
   2.7153529e+05
   3.6698088e+05
   1.6018060e+05
   2.5460655e+05
   3.2993905e+05
   1.8777862e+05
   2.6918897e+05
   2.4493520e+05
   3.0485486e+05
   2.3657822e+05
   1.8630629e+05
   1.6050828e+05
   3.5685349e+05
   2.9875332e+05
   1.6072933e+05
   2.1661774e+05
   3.1849610e+05
   3.2535557e+05
   1.7119576e+05
   2.6137324e+05
   2.7576370e+05
   2.6139464e+05
   2.3276814e+05
   2.3787061e+05
   1.5768842e+05
   1.8000744e+05
   2.2543526e+05
   3.3358507e+05
   2.3380249e+05
   2.6683362e+05
   3.4934790e+05
   3.5286956e+05
   1.7642381e+05
   2.0587366e+05
   3.5446215e+05
   2.2182670e+05
   1.5473562e+05
   3.5751473e+05
   2.0872308e+05
   2.6807404e+05
   2.0482221e+05
   1.7768256e+05
   1.9163518e+05
   2.6417162e+05
   1.5780333e+05
   1.6368615e+05
   2.8519574e+05
   3.3140409e+05
   3.1396482e+05
   2.2062676e+05
   1.6044376e+05
   2.3535438e+05
   2.8053748e+05
   3.5175751e+05
   2.9557190e+05
   2.8361270e+05
   2.1957845e+05
   3.5180982e+05
   2.6614325e+05
   2.7579445e+05
   1.8968700e+05
   3.2296601e+05
   3.7837503e+05
   2.7781672e+05
   3.5623891e+05
   3.6539562e+05
   2.9962478e+05
   2.6517382e+05
   3.4609758e+05
   2.2826782e+05
   2.1917707e+05
   2.9738639e+05
   3.0501649e+05
   1.5628672e+05
   2.1961875e+05
   3.3340685e+05
   3.6741231e+05
   1.7587881e+05
   2.4791723e+05
   2.4840233e+05
   2.5928650e+05
   2.2728261e+05
   3.5930132e+05
   1.5400031e+05
   3.1778705e+05
   3.1605440e+05
   3.5765337e+05
   1.9479548e+05
   2.7965125e+05
   1.6557827e+05
   2.9411827e+05
   3.2772242e+05
   3.7617634e+05
   3.4407056e+05
   2.7269098e+05
   2.1288345e+05
   2.7000676e+05
   2.9050576e+05
   2.9382145e+05
   2.6044627e+05
   3.0222991e+05
   2.7804281e+05
   1.5952880e+05
   1.9240326e+05
   2.3951773e+05
   3.0142111e+05
   3.6460555e+05
   2.9892114e+05
   2.6472091e+05
   2.4192673e+05
   1.5863686e+05
   3.7012401e+05
   3.7128283e+05
   2.6312682e+05
   2.0169148e+05
   1.8657842e+05
   2.9303283e+05
   2.7258083e+05
   1.7221883e+05
   2.0834815e+05
   1.6567157e+05
   3.7439032e+05
   1.8631267e+05
   3.7823379e+05
   3.7180170e+05
   3.7736605e+05
   3.4046054e+05
   2.9089663e+05
   2.0861207e+05
   2.3648492e+05
   3.5505255e+05
   2.8455004e+05
   3.3238819e+05
   2.8349157e+05
   3.2323939e+05
   2.6469271e+05
   1.8604807e+05
   2.6805339e+05
   1.5681238e+05
   1.7371713e+05
   3.2429331e+05
   1.5185443e+05
   3.1026074e+05
   1.5366647e+05
   1.8431565e+05
   3.0167242e+05
   3.1324181e+05
   2.8566041e+05
   1.8364873e+05
   2.8850772e+05
   3.1884586e+05
   2.8119309e+05
   3.5890975e+05
   2.3720092e+05
   2.2942946e+05
   2.3181664e+05
   2.8839541e+05
   3.7582656e+05
   1.7311262e+05
   2.3887521e+05
   3.3033531e+05
   2.6234627e+05
   2.8461643e+05
   3.1374950e+05
   2.0768717e+05
   2.6640851e+05
   3.3210942e+05
   2.5121415e+05
   2.1566226e+05
   1.8324176e+05
   2.7317067e+05
   1.9599755e+05
   2.3048560e+05
   3.6144294e+05
   1.5557044e+05
   2.9032373e+05
   3.3241340e+05
   2.5664946e+05
   3.2136919e+05
   2.1151045e+05
   2.0600221e+05
   2.5663186e+05
   3.3819477e+05
   3.1902559e+05
   2.7819952e+05
   1.8561112e+05
   3.7002132e+05
   3.7494987e+05
   3.6001137e+05
   2.6262956e+05
   3.1941129e+05
   2.4687999e+05
   2.9218182e+05
   2.5039810e+05
   2.8789824e+05
   2.4832948e+05
   2.4168612e+05
   2.3243679e+05
   2.0983967e+05
   1.8515996e+05
   3.6025358e+05
   2.2654563e+05
   3.0543130e+05
   2.6057297e+05
   2.4360876e+05
   1.7034021e+05
   2.7077159e+05
   3.7108849e+05
   2.4134508e+05
   2.1404987e+05
   3.7026651e+05
   2.0910824e+05
   3.1834406e+05
   2.7703789e+05
   2.5399677e+05
   1.7986029e+05
   2.3000146e+05
   3.7034082e+05
   2.3154144e+05
   2.5923399e+05
   3.1622248e+05
   1.9738553e+05
   3.0805603e+05
   2.0385390e+05
   3.0918247e+05
   1.9948064e+05
   1.5268434e+05
   1.8198635e+05
   1.7166962e+05
   1.6387122e+05
   1.6102689e+05
   3.2849021e+05
   2.1577507e+05
   2.1033251e+05
   3.4146149e+05
   3.6890035e+05
   2.6614097e+05
   3.5448275e+05
   1.7163188e+05
   3.3933746e+05
   2.3549917e+05
   2.5758373e+05
   2.3761187e+05
   3.6162340e+05
   2.6174630e+05
   2.7682000e+05
   1.5506231e+05
   2.8850716e+05
   1.5564582e+05
   3.1645493e+05
   2.5904570e+05
   2.9010417e+05
   3.1813661e+05
   3.6417606e+05
   1.5954517e+05
   3.7353365e+05
   1.9123172e+05
   2.4091949e+05
   1.8738558e+05
   3.4400940e+05
   2.1992675e+05
   2.1121907e+05
   3.4330118e+05
   3.7066228e+05
   2.3629522e+05
   3.2078560e+05
   2.2531302e+05
   3.2380245e+05
   2.2417189e+05
   3.7425126e+05
   1.6209273e+05
   3.3446093e+05
   2.8796973e+05
   1.9993255e+05
   2.1319294e+05
   3.3871492e+05
   1.8424070e+05
   1.9897100e+05
   1.9082739e+05
   2.7766952e+05
   2.2309340e+05
   3.1334478e+05
   3.3967978e+05
   3.2577446e+05
   1.8871967e+05
   1.6735410e+05
   3.3835906e+05
   3.7051222e+05
   2.3966895e+05
   3.2008045e+05
   3.4519626e+05
   3.2604547e+05
   3.6055502e+05
   3.5544211e+05
   1.8456147e+05
   1.6923600e+05
   2.6649590e+05
   2.7921301e+05
   1.5068729e+05
   2.1675404e+05
   2.1428646e+05
   2.2824996e+05
   3.6443536e+05
   2.8697133e+05
   2.3917983e+05
   3.1915799e+05
   2.3029899e+05
   3.2148871e+05
   3.1935838e+05
   2.1593185e+05
   1.9662217e+05
   1.9808929e+05
   2.4846880e+05
   2.2968412e+05
   3.4299840e+05
   3.1226141e+05
   3.2064455e+05
   3.5683626e+05
   3.7858567e+05
   2.1077864e+05
   1.5302754e+05
   3.4104812e+05
   3.5367611e+05
   3.7159486e+05
   3.6416622e+05
   2.1637923e+05
   1.9126735e+05
   3.7418895e+05
   2.4644441e+05
   2.0090086e+05
   2.0089847e+05
   3.5424738e+05
   1.7486346e+05
   2.5508190e+05
   2.2094059e+05
   1.6714649e+05
   2.9584380e+05
   1.7800292e+05
   2.8157748e+05
   2.6102007e+05
   1.6121104e+05
   3.7494247e+05
   2.6179380e+05
   2.5138395e+05
   3.4582785e+05
   2.7245475e+05
   2.7832049e+05
   1.6981756e+05
   3.7280218e+05
   2.4740585e+05
   3.7680398e+05
   3.3703083e+05
   1.9822435e+05
   3.4315670e+05
   1.5743866e+05
   1.7758333e+05
   3.7140877e+05
   1.8775625e+05
   2.8235552e+05
   3.5756510e+05
   1.5038398e+05
   3.0434702e+05
   2.8502515e+05
   1.5534578e+05
   2.8579306e+05
   2.5833412e+05
   2.6801246e+05
   1.9974238e+05
   1.6865639e+05
   3.1515950e+05
   2.8232298e+05
   3.7841755e+05
   2.5629792e+05
   1.9283966e+05
   2.5359299e+05
   2.4101638e+05
   2.6493542e+05
   2.4242987e+05
   1.7579249e+05
   3.5096416e+05
   2.6332611e+05
   3.3683699e+05
   3.3765769e+05
   1.7834907e+05
   3.7496260e+05
   3.4153029e+05
   3.4424102e+05
   3.3649955e+05
   3.0721335e+05
   1.7452695e+05
   3.1917895e+05
   3.0224592e+05
   1.9772732e+05
   1.7690773e+05
   2.5992609e+05
   3.7954920e+05
   3.2161314e+05
   3.0687273e+05
   2.0483555e+05
   2.1387051e+05
   1.6752104e+05
   2.9613915e+05
   1.6363528e+05
   3.4235453e+05
   2.1896908e+05
   1.9861439e+05
   3.7316667e+05
   3.1029311e+05
   3.1479424e+05
   3.4295077e+05
   1.6761095e+05
   2.4893125e+05
   2.7339307e+05
   3.6438735e+05
   2.9040246e+05
   1.9147819e+05
   1.5581611e+05
   2.7215704e+05
   3.7017199e+05
   3.7848894e+05
   2.9029974e+05
   2.1899102e+05
   3.3013762e+05
   3.4727682e+05
   3.3409859e+05
   3.2141396e+05
   3.6382929e+05
   2.2469059e+05
   3.0986779e+05
   3.1847375e+05
   3.5308805e+05
   1.7038424e+05
   2.5768559e+05
   2.9106607e+05
   2.6424816e+05
   3.3589770e+05
   2.8638593e+05
   2.3384846e+05
   2.0060676e+05
   2.1010185e+05
   3.5097186e+05
   2.1675991e+05
   3.0765046e+05
   2.1857814e+05
   3.7126086e+05
   1.8949262e+05
   3.5771242e+05
   3.1315860e+05
   2.6109445e+05
   3.3455268e+05
   1.7395939e+05
   1.9048293e+05
   3.1154170e+05
   1.7650638e+05
   1.6988516e+05
   2.4723158e+05
   1.7224175e+05
   3.3907656e+05
   2.9406921e+05
   2.8617361e+05
   1.7894399e+05
   2.0825459e+05
   2.5473676e+05
   2.7633641e+05
   3.1812025e+05
   3.7018686e+05
   2.8273290e+05
   2.3593776e+05
   1.9405698e+05
   2.7762817e+05
   1.9929390e+05
   3.2032462e+05
   2.8837222e+05
   2.3081635e+05
   2.0019536e+05
   2.5839178e+05
   1.5930072e+05
   1.6868482e+05
   2.1276520e+05
   2.2245454e+05
   2.8498254e+05
   1.7529952e+05
   1.8768269e+05
   2.7630042e+05
   3.4969985e+05
   2.7264623e+05
   2.8837075e+05
   2.3067325e+05
   3.3307641e+05
   3.4074742e+05
   3.4506831e+05
   2.5511447e+05
   2.3073053e+05
   2.2432963e+05
   2.3429042e+05
   1.6498231e+05
   3.3738946e+05
   2.7782258e+05
   2.4400398e+05
   2.3850952e+05
   2.9883666e+05
   3.0125876e+05
   3.5841764e+05
   3.7306886e+05
   1.8126383e+05
   2.9356688e+05
   2.3112112e+05
   3.2952167e+05
   3.0575493e+05
   1.5886832e+05
   3.7278824e+05
   2.5079561e+05
   2.7377728e+05
   3.7758336e+05
   3.0797607e+05
   2.0345617e+05
   2.4102242e+05
   1.9740870e+05
   3.0367594e+05
   3.0359522e+05
   2.9577113e+05
   3.3983637e+05
   2.6300833e+05
   1.9907605e+05
   2.6860588e+05
   3.5457630e+05
   2.2816294e+05
   2.4380745e+05
   1.5896413e+05
   2.7976790e+05
   3.3386557e+05
   2.3448253e+05
   3.1171307e+05
   1.5097815e+05
   2.6533010e+05
   3.2199994e+05
   2.3840544e+05
   2.6900768e+05
   3.6565638e+05
   2.5646039e+05
   1.5727224e+05
   3.4285913e+05
   2.6724864e+05
   2.9054563e+05
   2.7639245e+05
   3.0653640e+05
   3.1346723e+05
   2.5804275e+05
   1.8799481e+05
   3.6048828e+05
   1.6768878e+05
   2.2600065e+05
   2.8182136e+05
   3.3780904e+05
   1.5074169e+05
   2.8331220e+05
   2.1346352e+05
   1.9076857e+05
   2.3634378e+05
   3.3001622e+05
   1.9569875e+05
   3.6176685e+05
   2.3780884e+05
   1.5197859e+05
   1.7365050e+05
   1.6345914e+05
   1.6281961e+05
   1.8155634e+05
   1.7399221e+05
   3.2105036e+05
   3.2726968e+05
   2.9976406e+05
   3.3857203e+05
   3.3105960e+05
   2.8510167e+05
   2.8901747e+05
   2.7084882e+05
   3.2220240e+05
   3.0885082e+05
   1.7316210e+05
   2.4734448e+05
   1.7870886e+05
   1.7059719e+05
   2.2123219e+05
   1.5503497e+05
   3.7507469e+05
   2.5398463e+05
   1.9344044e+05
   3.5957219e+05
   2.7037880e+05
   2.5686648e+05
   1.9313644e+05
   2.9366674e+05
   3.1757038e+05
   2.0212603e+05
   1.6192597e+05
   3.3329870e+05
   1.7599250e+05
   3.3961693e+05
   2.1980373e+05
   2.8414239e+05
   3.0488537e+05
   3.1317921e+05
   3.6818278e+05
   2.0443433e+05
   3.5092184e+05
   2.4536731e+05
   3.1154749e+05
   1.9075923e+05
   3.0542666e+05
   2.4095555e+05
   3.4589676e+05
   1.7188721e+05
   3.6499076e+05
   2.4421628e+05
   2.6757054e+05
   1.9938663e+05
   2.3204346e+05
   1.7113239e+05
   2.2893994e+05
   2.3270975e+05
   2.5033186e+05
   2.4932095e+05
   1.7813310e+05
   3.6830484e+05
   3.3258854e+05
   3.0216620e+05
   3.4511784e+05
   2.3731160e+05
   2.3438033e+05
   2.3485799e+05
   3.2074373e+05
   2.7243825e+05
   1.5235760e+05
   2.0676216e+05
   2.9700181e+05
   1.6009265e+05
   3.4245027e+05
   1.7201438e+05
   2.3691207e+05
   3.7743854e+05
   3.7356453e+05
   2.8297209e+05
   3.7740819e+05
   2.6343413e+05
   1.7842528e+05
   3.3826973e+05
   2.7533972e+05
   3.6895027e+05
   2.9026511e+05
   2.9892517e+05
   1.6000582e+05
   3.5652780e+05
   2.9469378e+05
   2.2684732e+05
   3.2841507e+05
   2.0380159e+05
   2.8579277e+05
   1.6372273e+05
   1.6911088e+05
   1.7600077e+05
   1.6330990e+05
   2.5901865e+05
   1.9877505e+05
   3.6958856e+05
   3.5784188e+05
   3.4848119e+05
   3.7415191e+05
   3.2028556e+05
   3.7076600e+05
   2.9620501e+05
   3.1375379e+05
   2.4066676e+05
   2.1671888e+05
   2.8848095e+05
   2.9622494e+05
   2.0884903e+05
   3.3870761e+05
   1.7119386e+05
   2.6409451e+05
   2.7229023e+05
   2.7249840e+05
   2.6705656e+05
   3.3308062e+05
   3.5654439e+05
   2.0731285e+05
   3.6964150e+05
   3.0727604e+05
   2.0970140e+05
   3.5955383e+05
   1.7504728e+05
   2.5389087e+05
   2.4324411e+05
   2.9931965e+05
   3.7159956e+05
   3.0707427e+05
   2.2789142e+05
   2.8202149e+05
   1.7080998e+05
   1.6005940e+05
   2.9792205e+05
   2.3313971e+05
   1.9755592e+05
   3.4855417e+05
   3.4879377e+05
   3.6327290e+05
   2.0334415e+05
   3.2597351e+05
   3.1820240e+05
   1.8031584e+05
   2.0557708e+05
   1.8124126e+05
   1.7027153e+05
   2.0624118e+05
   3.0474576e+05
   3.4252976e+05
   2.2901255e+05
   2.0675283e+05
   2.4180494e+05
   1.9063060e+05
   2.5932942e+05
   3.0199740e+05
   2.8538864e+05
   1.8340043e+05
   2.9822461e+05
   1.8338761e+05
   2.5903165e+05
   3.2221941e+05
   3.0412970e+05
   3.4865052e+05
   2.7845299e+05
   3.3794222e+05
   3.1891896e+05
   3.4723210e+05
   3.3586423e+05
   3.2847773e+05
   1.5736025e+05
   2.1445476e+05
   1.5104533e+05
   1.5505579e+05
   2.6835621e+05
   2.2163072e+05
   2.2277067e+05
   1.8640077e+05
   2.2858780e+05
   3.6444893e+05
   3.2949316e+05
   3.3927036e+05
   2.3143547e+05
   3.2259285e+05
   3.1568440e+05
   3.3307285e+05
   1.8542751e+05
   3.0125953e+05
   2.2558088e+05
   3.7640660e+05
   1.6143841e+05
   1.9021653e+05
   2.5853173e+05
   3.1803720e+05
   3.1628827e+05
   3.0148618e+05
   2.6384225e+05
   1.5430992e+05
   2.3215097e+05
   2.7479462e+05
   3.5329779e+05
   2.5417863e+05
   2.9697134e+05
   3.1790014e+05
   2.6236318e+05
   3.0803339e+05
   2.1194032e+05
   2.8868934e+05
   3.6335745e+05
   2.4435428e+05
   3.1761442e+05
   3.4348691e+05
   3.5504364e+05
   3.6534789e+05
   2.5287259e+05
   3.5199496e+05
   2.0568872e+05
   3.1949083e+05
   1.6645129e+05
   2.5694747e+05
   2.7378180e+05
   3.3372877e+05
   2.2027660e+05
   1.9458962e+05
   2.4951474e+05
   2.1492224e+05
   1.7195859e+05
   2.1801959e+05
   1.6729763e+05
   3.6234047e+05
   2.8626467e+05
   3.6846526e+05
   1.5687516e+05
   1.7084425e+05
   2.8173098e+05
   1.9126314e+05
   1.6831235e+05
   3.5307817e+05
   3.3334750e+05
   2.5874714e+05
   1.9352429e+05
   1.7646694e+05
   2.1338439e+05
   3.1150334e+05
   2.9742415e+05
   2.9525829e+05
   2.1916113e+05
   3.1794802e+05
   3.0979894e+05
   3.1360828e+05
   2.2412134e+05
   1.8310987e+05
   3.5490440e+05
   2.7423190e+05
   3.6467638e+05
   1.7435117e+05
   3.3910288e+05
   2.8666520e+05
   3.2707711e+05
   1.9955123e+05
   2.4149058e+05
   3.0615640e+05
   3.7366707e+05
   3.1743692e+05
   2.6642809e+05
   3.4643300e+05
   3.6105903e+05
   1.8035641e+05
   1.9929065e+05
   3.4200675e+05
   1.7887287e+05
   2.8589561e+05
   3.1689163e+05
   3.6114413e+05
   3.0957602e+05
   1.7908864e+05
   3.7207131e+05
   2.0126147e+05
   3.2922016e+05
   1.6524409e+05
   2.1670893e+05
   3.0905659e+05
   1.8270843e+05
   1.6553686e+05
   3.6006018e+05
   2.6368170e+05
   1.6671863e+05
   3.3370946e+05
   2.0044159e+05
   1.6381569e+05
   2.9149491e+05
   2.4805322e+05
   1.8986805e+05
   1.7893160e+05
   1.5800506e+05
   3.3132661e+05
   1.8683780e+05
   3.5585236e+05
   2.5233808e+05
   3.7496760e+05
   3.5779732e+05
   2.3647653e+05
   2.3994360e+05
   2.1264967e+05
   2.3942546e+05
   1.8802370e+05
   3.7706491e+05
   1.5584030e+05
   1.9126513e+05
   1.9463389e+05
   1.9537453e+05
   2.3126997e+05
   3.3236789e+05
   3.7061097e+05
   1.9884470e+05
   2.7136566e+05
   2.1559135e+05
   2.8218831e+05
   1.8193267e+05
   3.3234579e+05
   3.7596544e+05
   1.7353732e+05
   2.8184289e+05
   2.8397002e+05
   2.6868469e+05
   2.6438351e+05
   2.5329859e+05
   2.0281185e+05
   3.7460097e+05
   3.2280643e+05
   2.8009819e+05
   2.9529411e+05
   3.2777689e+05
   1.5094591e+05
   3.7083916e+05
   2.1359503e+05
   2.8592479e+05
   1.6920167e+05
   2.0828989e+05
   2.5570867e+05
   3.0704720e+05
   1.7917062e+05
   3.1393343e+05
   2.4862347e+05
   3.0418590e+05
   1.9541502e+05
   3.2707412e+05
   2.5035134e+05
   3.0818202e+05
   2.8868815e+05
   3.5476816e+05
   3.1071691e+05
   3.3144892e+05
   1.5625907e+05
   1.9375512e+05
   2.1827073e+05
   3.2294697e+05
   3.6308071e+05
   3.1561952e+05
   1.5610492e+05
   2.3796474e+05
   1.5846304e+05
   1.7494820e+05
   2.2959048e+05
   2.5408721e+05
   1.6893637e+05
   3.6758933e+05
   2.4180476e+05
   1.6593444e+05
   2.1164220e+05
   1.6807868e+05
   1.7950387e+05
   2.9488582e+05
   2.4535436e+05
   1.6331101e+05
   3.4829479e+05
   1.8582877e+05
   1.9553520e+05
   3.7123910e+05
   2.8703513e+05
   2.4638756e+05
   2.7134864e+05
   1.6200115e+05
   3.7971757e+05
   1.5752914e+05
   1.8822244e+05
   3.5896723e+05
   2.7433741e+05
   3.1681508e+05
   2.2986131e+05
   2.1368990e+05
   2.7297550e+05
   2.5668477e+05
   2.0584288e+05
   2.2438026e+05
   2.9258083e+05
   1.8362489e+05
   3.6571388e+05
   2.9876950e+05
   2.8961895e+05
   3.7357195e+05
   2.8208813e+05
   3.6638190e+05
   1.8164036e+05
   2.1883576e+05
   2.8245239e+05
   1.5269895e+05
   2.4221009e+05
   2.0557239e+05
   3.4328621e+05
   2.3550748e+05
   3.5045530e+05
   2.9670426e+05
   3.5448844e+05
   2.3744523e+05
   1.6231934e+05
   3.7770383e+05
   2.0804763e+05
   2.6182853e+05
   1.8881044e+05
   2.7572314e+05
   1.6726977e+05
   3.1501274e+05
   1.5789208e+05
   2.3302230e+05
   1.7176736e+05
   2.4744092e+05
   2.0978815e+05
   2.9962474e+05
   3.7508743e+05
   2.2285804e+05
   2.1766931e+05
   2.9971243e+05
   3.4368632e+05
   2.7153529e+05
   3.6698088e+05
   1.6018060e+05
   2.5460655e+05
   3.2993905e+05
   1.8777862e+05
   2.6918897e+05
   2.4493520e+05
   3.0485486e+05
   2.3657822e+05
   1.8630629e+05
   1.6050828e+05
   3.5685349e+05
   2.9875332e+05
   1.6072933e+05
   2.1661774e+05
   3.1849610e+05
   3.2535557e+05
   1.7119576e+05
   2.6137324e+05
   2.7576370e+05
   2.6139464e+05
   2.3276814e+05
   2.3787061e+05
   1.5768842e+05
   1.8000744e+05
   2.2543526e+05
   3.3358507e+05
   2.3380249e+05
   2.6683362e+05
   3.4934790e+05
   3.5286956e+05
   1.7642381e+05
   2.0587366e+05
   3.5446215e+05
   2.2182670e+05
   1.5473562e+05
   3.5751473e+05
   2.0872308e+05
   2.6807404e+05
   2.0482221e+05
   1.7768256e+05
   1.9163518e+05
   2.6417162e+05
   1.5780333e+05
   1.6368615e+05
   2.8519574e+05
   3.3140409e+05
   3.1396482e+05
   2.2062676e+05
   1.6044376e+05
   2.3535438e+05
   2.8053748e+05
   3.5175751e+05
   2.9557190e+05
   2.8361270e+05
   2.1957845e+05
   3.5180982e+05
   2.6614325e+05
   2.7579445e+05
   1.8968700e+05
   3.2296601e+05
   3.7837503e+05
   2.7781672e+05
   3.5623891e+05
   3.6539562e+05
   2.9962478e+05
   2.6517382e+05
   3.4609758e+05
   2.2826782e+05
   2.1917707e+05
   2.9738639e+05
   3.0501649e+05
   1.5628672e+05
   2.1961875e+05
   3.3340685e+05
   3.6741231e+05
   1.7587881e+05
   2.4791723e+05
   2.4840233e+05
   2.5928650e+05
   2.2728261e+05
   3.5930132e+05
   1.5400031e+05
   3.1778705e+05
   3.1605440e+05
   3.5765337e+05
   1.9479548e+05
   2.7965125e+05
   1.6557827e+05
   2.9411827e+05
   3.2772242e+05
   3.7617634e+05
   3.4407056e+05
   2.7269098e+05
   2.1288345e+05
   2.7000676e+05
   2.9050576e+05
   2.9382145e+05
   2.6044627e+05
   3.0222991e+05
   2.7804281e+05
   1.5952880e+05
   1.9240326e+05
   2.3951773e+05
   3.0142111e+05
   3.6460555e+05
   2.9892114e+05
   2.6472091e+05
   2.4192673e+05
   1.5863686e+05
   3.7012401e+05
   3.7128283e+05
   2.6312682e+05
   2.0169148e+05
   1.8657842e+05
   2.9303283e+05
   2.7258083e+05
   1.7221883e+05
   2.0834815e+05
   1.6567157e+05
   3.7439032e+05
   1.8631267e+05
   3.7823379e+05
   3.7180170e+05
   3.7736605e+05
   3.4046054e+05
   2.9089663e+05
   2.0861207e+05
   2.3648492e+05
   3.5505255e+05
   2.8455004e+05
   3.3238819e+05
   2.8349157e+05
   3.2323939e+05
   2.6469271e+05
   1.8604807e+05
   2.6805339e+05
   1.5681238e+05
   1.7371713e+05
   3.2429331e+05
   1.5185443e+05
   3.1026074e+05
   1.5366647e+05
   1.8431565e+05
   3.0167242e+05
   3.1324181e+05
   2.8566041e+05
   1.8364873e+05
   2.8850772e+05
   3.1884586e+05
   2.8119309e+05
   3.5890975e+05
   2.3720092e+05
   2.2942946e+05
   2.3181664e+05
   2.8839541e+05
   3.7582656e+05
   1.7311262e+05
   2.3887521e+05
   3.3033531e+05
   2.6234627e+05
   2.8461643e+05
   3.1374950e+05
   2.0768717e+05
   2.6640851e+05
   3.3210942e+05
   2.5121415e+05
   2.1566226e+05
   1.8324176e+05
   2.7317067e+05
   1.9599755e+05
   2.3048560e+05
   3.6144294e+05
   1.5557044e+05
   2.9032373e+05
   3.3241340e+05
   2.5664946e+05
   3.2136919e+05
   2.1151045e+05
   2.0600221e+05
   2.5663186e+05
   3.3819477e+05
   3.1902559e+05
   2.7819952e+05
   1.8561112e+05
   3.7002132e+05
   3.7494987e+05
   3.6001137e+05
   2.6262956e+05
   3.1941129e+05
   2.4687999e+05
   2.9218182e+05
   2.5039810e+05
   2.8789824e+05
   2.4832948e+05
   2.4168612e+05
   2.3243679e+05
   2.0983967e+05
   1.8515996e+05
   3.6025358e+05
   2.2654563e+05
   3.0543130e+05
   2.6057297e+05
   2.4360876e+05
   1.7034021e+05
   2.7077159e+05
   3.7108849e+05
   2.4134508e+05
   2.1404987e+05
   3.7026651e+05
   2.0910824e+05
   3.1834406e+05
   2.7703789e+05
   2.5399677e+05
   1.7986029e+05
   2.3000146e+05
   3.7034082e+05
   2.3154144e+05
   2.5923399e+05
   3.1622248e+05
   1.9738553e+05
   3.0805603e+05
   2.0385390e+05
   3.0918247e+05
   1.9948064e+05
   1.5268434e+05
   1.8198635e+05
   1.7166962e+05
   1.6387122e+05
   1.6102689e+05
   3.2849021e+05
   2.1577507e+05
   2.1033251e+05
   3.4146149e+05
   3.6890035e+05
   2.6614097e+05
   3.5448275e+05
   1.7163188e+05
   3.3933746e+05
   2.3549917e+05
   2.5758373e+05
   2.3761187e+05
   3.6162340e+05
   2.6174630e+05
   2.7682000e+05
   1.5506231e+05
   2.8850716e+05
   1.5564582e+05
   3.1645493e+05
   2.5904570e+05
   2.9010417e+05
   3.1813661e+05
   3.6417606e+05
   1.5954517e+05
   3.7353365e+05
   1.9123172e+05
   2.4091949e+05
   1.8738558e+05
   3.4400940e+05
   2.1992675e+05
   2.1121907e+05
   3.4330118e+05
   3.7066228e+05
   2.3629522e+05
   3.2078560e+05
   2.2531302e+05
   3.2380245e+05
   2.2417189e+05
   3.7425126e+05
   1.6209273e+05
   3.3446093e+05
   2.8796973e+05
   1.9993255e+05
   2.1319294e+05
   3.3871492e+05
   1.8424070e+05
   1.9897100e+05
   1.9082739e+05
   2.7766952e+05
   2.2309340e+05
   3.1334478e+05
   3.3967978e+05
   3.2577446e+05
   1.8871967e+05
   1.6735410e+05
   3.3835906e+05
   3.7051222e+05
   2.3966895e+05
   3.2008045e+05
   3.4519626e+05
   3.2604547e+05
   3.6055502e+05
   3.5544211e+05
   1.8456147e+05
   1.6923600e+05
   2.6649590e+05
   2.7921301e+05
   1.5068729e+05
   2.1675404e+05
   2.1428646e+05
   2.2824996e+05
   3.6443536e+05
   2.8697133e+05
   2.3917983e+05
   3.1915799e+05
   2.3029899e+05
   3.2148871e+05
   3.1935838e+05
   2.1593185e+05
   1.9662217e+05
   1.9808929e+05
   2.4846880e+05
   2.2968412e+05
   3.4299840e+05
   3.1226141e+05
   3.2064455e+05
   3.5683626e+05
   3.7858567e+05
   2.1077864e+05
   1.5302754e+05
   3.4104812e+05
   3.5367611e+05
   3.7159486e+05
   3.6416622e+05
   2.1637923e+05
   1.9126735e+05
   3.7418895e+05
   2.4644441e+05
   2.0090086e+05
   2.0089847e+05
   3.5424738e+05
   1.7486346e+05
   2.5508190e+05
   2.2094059e+05
   1.6714649e+05
   2.9584380e+05
   1.7800292e+05
   2.8157748e+05
   2.6102007e+05
   1.6121104e+05
   3.7494247e+05
   2.6179380e+05
   2.5138395e+05
   3.4582785e+05
   2.7245475e+05
   2.7832049e+05
   1.6981756e+05
   3.7280218e+05
   2.4740585e+05
   3.7680398e+05
   3.3703083e+05
   1.9822435e+05
   3.4315670e+05
   1.5743866e+05
   1.7758333e+05
   3.7140877e+05
   1.8775625e+05
   2.8235552e+05
   3.5756510e+05
   1.5038398e+05
   3.0434702e+05
   2.8502515e+05
   1.5534578e+05
   2.8579306e+05
   2.5833412e+05
   2.6801246e+05
   1.9974238e+05
   1.6865639e+05
   3.1515950e+05
   2.8232298e+05
   3.7841755e+05
   2.5629792e+05
   1.9283966e+05
   2.5359299e+05
   2.4101638e+05
   2.6493542e+05
   2.4242987e+05
   1.7579249e+05
   3.5096416e+05
   2.6332611e+05
   3.3683699e+05
   3.3765769e+05
   1.7834907e+05
   3.7496260e+05
   3.4153029e+05
   3.4424102e+05
   3.3649955e+05
   3.0721335e+05
   1.7452695e+05
   3.1917895e+05
   3.0224592e+05
   1.9772732e+05
   1.7690773e+05
   2.5992609e+05
   3.7954920e+05
   3.2161314e+05
   3.0687273e+05
   2.0483555e+05
   2.1387051e+05
   1.6752104e+05
   2.9613915e+05
   1.6363528e+05
   3.4235453e+05
   2.1896908e+05
   1.9861439e+05
   3.7316667e+05
   3.1029311e+05
   3.1479424e+05
   3.4295077e+05
   1.6761095e+05
   2.4893125e+05
   2.7339307e+05
   3.6438735e+05
   2.9040246e+05
   1.9147819e+05
   1.5581611e+05
   2.7215704e+05
   3.7017199e+05
   3.7848894e+05
   2.9029974e+05
   2.1899102e+05
   3.3013762e+05
   3.4727682e+05
   3.3409859e+05
   3.2141396e+05
   3.6382929e+05
   2.2469059e+05
   3.0986779e+05
   3.1847375e+05
   3.5308805e+05
   1.7038424e+05
   2.5768559e+05
   2.9106607e+05
   2.6424816e+05
   3.3589770e+05
   2.8638593e+05
   2.3384846e+05
   2.0060676e+05
   2.1010185e+05
   3.5097186e+05
   2.1675991e+05
   3.0765046e+05
   2.1857814e+05
   3.7126086e+05
   1.8949262e+05
   3.5771242e+05
   3.1315860e+05
   2.6109445e+05
   3.3455268e+05
   1.7395939e+05
   1.9048293e+05
   3.1154170e+05
   1.7650638e+05
   1.6988516e+05
   2.4723158e+05
   1.7224175e+05
   3.3907656e+05
   2.9406921e+05
   2.8617361e+05
   1.7894399e+05
   2.0825459e+05
   2.5473676e+05
   2.7633641e+05
   3.1812025e+05
   3.7018686e+05
   2.8273290e+05
   2.3593776e+05
   1.9405698e+05
   2.7762817e+05
   1.9929390e+05
   3.2032462e+05
   2.8837222e+05
   2.3081635e+05
   2.0019536e+05
   2.5839178e+05
   1.5930072e+05
   1.6868482e+05
   2.1276520e+05
   2.2245454e+05
   2.8498254e+05
   1.7529952e+05
   1.8768269e+05
   2.7630042e+05
   3.4969985e+05
   2.7264623e+05
   2.8837075e+05
   2.3067325e+05
   3.3307641e+05
   3.4074742e+05
   3.4506831e+05
   2.5511447e+05
   2.3073053e+05
   2.2432963e+05
   2.3429042e+05
   1.6498231e+05
   3.3738946e+05
   2.7782258e+05
   2.4400398e+05
   2.3850952e+05
   2.9883666e+05
   3.0125876e+05
   3.5841764e+05
   3.7306886e+05
   1.8126383e+05
   2.9356688e+05
   2.3112112e+05
   3.2952167e+05
   3.0575493e+05
   1.5886832e+05
   3.7278824e+05
   2.5079561e+05
   2.7377728e+05
   3.7758336e+05
   3.0797607e+05
   2.0345617e+05
   2.4102242e+05
   1.9740870e+05
   3.0367594e+05
   3.0359522e+05
   2.9577113e+05
   3.3983637e+05
   2.6300833e+05
   1.9907605e+05
   2.6860588e+05
   3.5457630e+05
   2.2816294e+05
   2.4380745e+05
   1.5896413e+05
   2.7976790e+05
   3.3386557e+05
   2.3448253e+05
   3.1171307e+05
   1.5097815e+05
   2.6533010e+05
   3.2199994e+05
   2.3840544e+05
   2.6900768e+05
   3.6565638e+05
   2.5646039e+05
   1.5727224e+05
   3.4285913e+05
   2.6724864e+05
   2.9054563e+05
   2.7639245e+05
   3.0653640e+05
   3.1346723e+05
   2.5804275e+05
   1.8799481e+05
   3.6048828e+05
   1.6768878e+05
   2.2600065e+05
   2.8182136e+05
   3.3780904e+05
   1.5074169e+05
   2.8331220e+05
   2.1346352e+05
   1.9076857e+05
   2.3634378e+05
   3.3001622e+05
   1.9569875e+05
   3.6176685e+05
   2.3780884e+05
   1.5197859e+05
   1.7365050e+05
   1.6345914e+05
   1.6281961e+05
   1.8155634e+05
   1.7399221e+05
   3.2105036e+05
   3.2726968e+05
   2.9976406e+05
   3.3857203e+05
   3.3105960e+05
   2.8510167e+05
   2.8901747e+05
   2.7084882e+05
   3.2220240e+05
   3.0885082e+05
   1.7316210e+05
   2.4734448e+05
   1.7870886e+05
   1.7059719e+05
   2.2123219e+05
   1.5503497e+05
   3.7507469e+05
   2.5398463e+05
   1.9344044e+05
   3.5957219e+05
   2.7037880e+05
   2.5686648e+05
   1.9313644e+05
   2.9366674e+05
   3.1757038e+05
   2.0212603e+05
   1.6192597e+05
   3.3329870e+05
   1.7599250e+05
   3.3961693e+05
   2.1980373e+05
   2.8414239e+05
   3.0488537e+05
   3.1317921e+05
   3.6818278e+05
   2.0443433e+05
   3.5092184e+05
   2.4536731e+05
   3.1154749e+05
