  -5.6365582e+00
   9.9772054e-01
  -2.5635274e+00
   2.5817932e+00
  -3.4688038e+00
  -3.2661593e+00
   4.1004776e+00
  -5.6513094e+00
   3.7388018e+00
  -1.6025801e+00
   3.9510304e-01
  -1.7595643e+00
  -7.9941493e-02
  -2.9743421e-01
   1.9211008e-01
   3.4306890e+00
  -5.4817951e+00
  -1.8006843e+00
   4.1828182e+00
   3.6806624e+00
  -6.1084554e-01
   4.6369168e+00
  -1.4846374e+00
   2.8254640e+00
   5.1292846e+00
   5.4742095e+00
   4.7568264e+00
   6.1231528e-01
  -2.5755815e+00
  -5.5294634e+00
  -1.0103878e+00
   4.3000782e+00
   4.2694982e+00
  -4.5652179e+00
   4.8869485e+00
  -5.2897724e+00
   5.5558773e+00
  -4.4117046e+00
   2.9571329e+00
  -3.2267821e+00
   4.3510838e+00
   1.4181144e+00
  -3.5288024e+00
   2.7569563e+00
   1.7934432e-01
  -3.6568662e+00
   3.1073092e+00
  -3.8935949e+00
  -1.9326247e+00
   8.2685797e-01
   3.0586046e+00
  -5.4297297e-01
   2.7600900e+00
  -3.6649985e+00
   4.5890918e+00
   2.3870900e+00
   2.0451726e+00
   5.8125453e+00
   2.0756420e+00
   9.8023628e-01
  -7.9816516e-03
  -1.9691414e+00
  -2.1794686e+00
  -1.3964902e+00
   6.5834533e-01
   1.4148370e+00
  -2.2913401e+00
   4.6109748e+00
  -3.7120915e+00
  -1.8342929e-01
  -5.9372828e+00
  -2.6522325e+00
  -1.2524541e-01
   2.5915925e+00
   2.8255666e+00
   1.5712906e+00
   7.9069112e-01
   3.6578898e-01
   1.6830917e+00
  -4.2704628e+00
  -9.5922164e-01
  -3.8072442e+00
   6.1721757e-01
   5.4722427e+00
   3.2443184e+00
   4.0819483e+00
   3.3932722e+00
   2.6614845e+00
   2.1832431e+00
   3.9665905e+00
  -1.1282973e+00
  -5.8547702e+00
  -5.9598553e+00
   4.7399313e+00
   5.4145163e+00
  -4.9495309e+00
  -2.9730521e+00
  -2.0664120e+00
  -3.2031923e+00
   4.6998971e+00
   4.6684625e+00
   2.7772289e+00
  -3.5296507e+00
   4.2773593e+00
  -2.7277738e+00
  -1.5222421e+00
  -1.5431172e+00
   5.5081414e+00
  -8.8930022e-01
  -1.6955716e+00
  -2.2487459e+00
   1.5639907e+00
   3.3944001e+00
   5.5387505e+00
   2.8357561e+00
  -7.1381717e-01
   5.8062828e+00
   4.5510776e+00
  -3.3834685e+00
   8.2696876e-02
   2.8871490e+00
  -3.6889141e+00
   1.7267990e+00
  -4.6902290e+00
  -3.7974196e+00
  -1.3995521e+00
   2.1425912e+00
  -3.4245447e-01
   3.5571131e+00
   3.3808692e+00
   8.9071406e-01
  -6.9638229e-01
  -4.1909670e+00
  -2.6817414e+00
  -1.3626625e+00
   3.4473171e+00
  -3.2156632e+00
   2.0938187e+00
  -3.6961197e+00
   5.8763448e+00
  -4.2100893e+00
   1.3022167e+00
  -3.2377621e+00
  -5.6390871e+00
   4.2362894e+00
   3.3295561e+00
  -2.3431310e+00
   2.0692856e+00
   3.5864888e+00
   3.0565596e+00
  -1.9820131e+00
   3.6903468e+00
   4.3726362e+00
   3.5943785e+00
  -4.2342130e-01
   4.5087620e+00
  -9.9164044e-01
  -2.2925573e+00
  -4.0303864e+00
  -4.7735738e+00
   3.6124447e+00
  -1.6939975e+00
  -3.8625291e+00
  -5.4363535e+00
   5.8756148e+00
  -8.0597226e-01
  -3.2676357e+00
  -2.5036224e+00
   3.7620816e+00
  -4.0881094e+00
  -1.8556525e+00
  -4.9449370e+00
   4.4489235e+00
  -3.2244103e+00
  -2.5949094e+00
  -1.8868507e+00
  -1.8584819e+00
   2.1167870e+00
  -2.5971913e+00
  -4.4102603e+00
   2.3575816e+00
  -3.0674380e+00
   1.6290631e+00
   2.6565867e+00
   1.6204137e+00
   1.3661129e+00
   4.7591222e+00
   4.1546393e-01
  -1.4068186e+00
   5.0286650e+00
  -9.1577727e-01
   5.6288968e+00
   8.0350112e-01
   1.1561731e+00
   1.5133321e+00
   5.9014212e+00
  -9.5321756e-01
   6.5964644e-01
  -1.4896097e+00
   4.3709240e+00
   1.0097872e+00
  -3.6650079e+00
   1.6969481e+00
   4.9177303e+00
  -5.9496840e+00
   3.6766098e-01
   3.9283316e+00
  -3.8113250e+00
   3.6938389e+00
  -2.5105942e+00
   2.5215841e+00
   4.1529234e+00
  -5.0032081e+00
   1.6241095e+00
  -5.5293896e+00
   4.3032405e+00
   3.2615323e+00
  -2.1492471e+00
   1.0854764e-02
  -4.7454509e+00
  -1.1211781e+00
   3.5512358e+00
   3.7445151e-01
  -2.7227657e+00
   4.9994482e+00
  -4.1172239e+00
   5.1781244e+00
   4.4542028e+00
  -5.8369655e+00
  -5.1850301e+00
  -3.8568328e+00
  -2.9108974e+00
  -2.6020060e+00
   1.0968517e+00
  -5.1946275e-01
   5.5631405e+00
  -1.5779287e-01
  -4.2204813e+00
   3.8048781e+00
  -4.0341948e+00
  -4.9697404e+00
   1.3443735e+00
   1.5382108e+00
   5.2595838e+00
  -3.3514095e+00
   3.7950249e+00
  -5.7756170e+00
  -2.1402429e+00
   5.1893889e+00
  -3.7349332e-01
   5.4420125e-02
  -3.3187582e+00
   4.7449980e+00
   4.2769591e+00
  -1.1271812e+00
  -4.9321704e-01
  -4.6075741e-01
   3.3861796e+00
  -5.4409780e+00
  -5.2649150e+00
   3.1032049e+00
   4.0548738e+00
  -5.5921759e+00
  -1.5788492e+00
   3.6300786e+00
   3.9082522e+00
  -4.1833269e+00
  -5.9608532e+00
   4.5651750e+00
   1.4234627e+00
   4.3509048e-02
  -5.8869542e+00
   9.0022328e-01
  -8.2975901e-01
   4.7602293e-01
  -1.1195699e+00
  -2.5094286e-01
  -2.1277313e+00
   5.6699830e+00
  -1.2787516e+00
  -3.8154612e+00
   5.2121492e+00
   3.3345974e+00
   2.3510460e+00
   3.5133341e-02
   4.7924956e+00
   2.7089068e+00
   4.4353125e+00
  -3.8467349e+00
   2.2129936e-01
   2.8030896e+00
   1.3804978e+00
   7.5518210e-01
  -3.7370610e+00
   3.8771723e+00
   1.4695370e+00
  -1.8538979e+00
   4.4504704e+00
  -6.9850670e-01
   2.8299064e+00
   1.0345080e+00
   2.6815404e+00
  -3.2883316e+00
  -3.7375129e+00
   1.4331882e+00
   4.6829550e+00
  -3.7416277e+00
   1.0157860e+00
   1.9271682e+00
  -5.8329561e+00
  -2.1595698e+00
   5.9874911e+00
  -3.5491449e+00
  -4.9074916e+00
  -4.3033710e-01
  -4.7825346e+00
  -5.3227711e+00
   7.2773282e-01
  -2.7736704e+00
  -5.3358283e-02
  -2.5486256e+00
  -4.9971572e+00
  -4.5210931e+00
  -4.8518442e+00
  -5.5906632e-02
   2.4326997e+00
  -2.2191455e+00
  -3.3284247e+00
   1.1244395e+00
   3.8794605e+00
   2.9813485e-01
  -1.5076694e+00
  -5.3012522e+00
  -5.3992052e-01
   1.6475624e+00
   4.3756575e+00
  -2.9960484e+00
   4.7543881e+00
   6.6400053e-01
  -2.6278718e+00
   2.9853764e+00
   5.2043124e+00
  -3.3309996e+00
  -7.8826402e-01
  -2.0170003e+00
  -5.5268896e+00
  -5.4336372e+00
   1.3546042e+00
  -4.0373458e+00
  -4.3087266e+00
   4.7882615e+00
   5.4460730e+00
  -3.4333660e-01
   1.6084102e-01
  -3.1383080e+00
   1.1519241e+00
  -4.5053350e+00
  -1.7334589e+00
  -4.9038666e+00
  -3.2908636e+00
  -4.7221140e+00
   1.0405740e+00
  -1.2972848e+00
  -5.6509995e+00
  -1.0676859e+00
  -4.6927120e+00
   5.5592015e+00
   4.0120636e+00
   3.5126848e+00
   5.3201981e+00
   4.8528888e+00
  -4.5310692e+00
   3.1600138e+00
   1.4970601e+00
  -6.4893322e-01
  -8.4525699e-01
  -4.4155111e+00
   5.4093083e+00
   8.4218850e-01
  -3.9698032e+00
  -3.8346356e+00
   6.1784904e-01
  -4.4264892e+00
  -2.4669065e+00
  -1.4093251e+00
  -4.0500533e+00
  -3.5416885e+00
  -3.2809656e+00
   6.1336607e-01
  -1.9508203e+00
  -3.1815263e+00
  -5.8647358e+00
  -4.3172935e+00
  -5.4990938e+00
  -1.8022195e+00
   3.2510341e+00
   2.4610391e+00
   3.4797308e-01
   4.2595333e+00
   4.9967882e-01
  -3.8350004e+00
   2.7957974e+00
   4.6567250e+00
  -5.4402340e+00
  -3.3271999e+00
   3.1182952e+00
  -5.0646536e+00
  -5.7359054e+00
   3.3759747e-01
   2.2718345e+00
  -3.3183293e+00
  -5.2358639e+00
   3.5093607e+00
  -4.3983531e+00
  -4.0592006e+00
   5.2428738e+00
  -1.5758861e+00
  -2.6224472e+00
   1.8950681e-01
  -1.5660133e+00
   5.9124431e+00
   1.4251837e+00
  -2.7661768e-01
  -2.5053693e+00
  -4.7859929e+00
  -3.0280996e-01
   1.1230606e+00
   2.3425274e+00
   4.0825924e+00
  -1.5790725e+00
   3.5297006e+00
   2.1911429e+00
  -1.9095324e+00
  -7.4902752e-01
  -3.0750415e+00
  -3.3677414e+00
  -5.9448787e+00
   7.3872348e-01
  -7.6602185e-01
  -2.3626921e+00
  -5.3549949e+00
  -3.1511929e+00
  -4.6181865e+00
  -1.0290190e+00
   4.0527188e+00
  -4.6614006e+00
   5.9218125e+00
   5.3120767e+00
  -4.4844729e-01
  -3.7879985e+00
   3.9234763e+00
  -2.5337299e+00
  -5.5611821e+00
   1.6699739e+00
  -4.5912791e+00
  -4.5529733e+00
  -8.9074117e-01
   3.3817841e+00
   3.6930985e+00
   4.3145144e-01
  -1.1995964e+00
  -3.5342817e+00
  -2.9925202e+00
  -2.4750485e+00
   5.6406778e+00
  -4.0748042e+00
   2.6045760e+00
  -8.5663239e-01
   6.8140075e-01
   1.8198043e+00
   2.7678067e+00
  -1.1252425e+00
  -2.5573041e-01
   7.6854283e-01
  -5.7119351e+00
  -4.4357379e+00
  -3.4308907e-01
   1.7125202e+00
   5.7593655e-01
  -4.4847176e+00
   4.3528861e+00
  -4.9588912e+00
  -3.4779253e+00
  -4.6887623e+00
   5.9215298e+00
  -5.4413959e+00
   1.1309617e+00
  -1.9678053e+00
  -5.5839169e+00
  -4.3037754e-01
   4.3088997e+00
   3.1761523e+00
  -5.0234015e+00
  -4.2901636e+00
   4.8891362e+00
  -1.4173811e+00
  -2.6384039e+00
   4.7355719e+00
   5.2576950e+00
   2.0845353e-01
   2.8799446e+00
   2.1485881e+00
  -2.9533682e+00
   2.2686795e+00
   1.2604715e+00
  -1.6149240e-01
   9.6928046e-01
   4.2835281e+00
   5.1834061e+00
  -1.5764942e+00
   3.4373385e+00
   5.7107747e+00
  -2.0875270e+00
  -2.3446338e+00
  -2.8596414e+00
   5.5905852e+00
  -2.3689143e+00
  -4.5720594e+00
  -4.7109922e+00
   4.4213649e+00
  -3.1990633e+00
  -7.9573624e-01
  -5.9342399e+00
   1.4465439e-01
  -4.2152072e+00
   2.8753987e+00
   2.2304514e+00
   3.4792493e+00
  -1.1312728e-01
   1.3018974e-01
   4.8041777e+00
   4.9633089e+00
  -2.5827051e+00
  -4.5605565e+00
  -5.9244209e+00
  -2.7033279e+00
   5.7480554e+00
   5.5261678e+00
   4.3111804e+00
  -5.0508452e+00
  -2.1367950e+00
  -3.9040298e+00
   4.3800522e+00
  -4.7059453e+00
  -4.6643076e+00
  -5.8421807e+00
   2.2459807e+00
  -1.7646902e+00
   5.1753655e+00
  -4.4255756e+00
  -5.9916594e+00
  -5.4525908e+00
   5.6567468e+00
   1.7968169e+00
   3.7252598e+00
  -6.0777511e-02
  -1.2389904e+00
   4.7073318e+00
  -5.0533749e+00
   2.4718622e+00
   9.5908226e-01
  -4.1035131e+00
  -3.3527721e+00
  -3.6080463e+00
  -8.2240974e-01
  -5.4438386e+00
   4.5005296e+00
   2.4177368e+00
   5.0051531e+00
  -3.4308287e+00
  -3.1324189e+00
  -2.0426508e+00
  -4.5878092e+00
  -1.2445726e-01
  -2.6914295e+00
  -9.2320596e-01
  -8.9233506e-01
  -4.0380385e+00
   1.4855700e+00
  -1.6504359e+00
  -3.9317531e+00
   2.0578600e+00
   2.1545901e+00
   6.2306080e-01
  -2.8933731e+00
   1.9903440e+00
   3.0742097e+00
  -1.0109370e+00
  -2.4104060e+00
  -9.1247219e-01
  -1.2563003e+00
   5.0085263e+00
   4.7781960e+00
  -4.8967678e+00
   3.4763939e+00
   3.8155910e+00
  -4.6580885e-01
  -1.1096903e-01
   2.2927194e+00
  -4.9857939e+00
  -3.3890845e+00
   6.1699077e-01
  -5.2131602e+00
   3.7191705e+00
   1.6960177e+00
  -5.4809738e+00
  -2.3659455e+00
   8.3827292e-01
   2.8949036e+00
  -2.5189991e-01
   4.8175963e+00
  -4.0876173e+00
   2.0977032e+00
   1.9169311e+00
  -4.7599134e+00
   1.6461507e+00
   5.3390657e+00
  -4.8139424e+00
  -5.2247963e+00
   1.6985192e+00
   5.4044588e+00
  -1.3922701e+00
   4.5740893e+00
  -6.3308484e-01
  -5.3694890e+00
   2.7208749e+00
  -1.8725394e-01
   1.9918746e+00
  -4.1147284e+00
  -2.2580030e+00
   8.2913594e-01
  -1.2378136e+00
  -1.7398350e-03
   4.5553197e+00
   3.4294164e+00
   5.7600024e+00
   5.7201832e+00
   4.7037619e+00
   3.3317237e+00
  -2.6682291e+00
  -4.1735568e+00
  -3.8665372e+00
  -5.0584129e+00
  -3.2655175e-01
   4.7940612e+00
  -4.4915437e+00
  -5.8013499e+00
   9.7166487e-01
  -2.5711172e-01
   1.0654958e+00
  -3.6680009e+00
   1.1766293e+00
  -4.9670479e+00
  -5.7175292e+00
  -4.8798111e-01
  -1.6039596e+00
  -5.5441602e+00
  -3.2533610e+00
   1.8631220e+00
   5.8261463e+00
   2.9899366e+00
  -3.3078153e+00
  -2.0630598e+00
  -1.4285231e+00
  -3.8528332e+00
   4.8173569e+00
  -5.3897375e+00
   7.5564495e-01
   2.3387191e+00
  -1.2757853e+00
   4.6343366e+00
  -2.6595932e+00
   4.2620882e+00
  -2.2556880e+00
   2.0134793e+00
   5.1131300e+00
   5.9907004e+00
  -8.9577168e-01
   4.0831130e+00
  -4.8036962e+00
   3.2486615e+00
  -2.8757422e+00
  -4.6335082e-01
  -1.3326405e+00
  -1.3276135e+00
  -5.4960095e+00
   2.6224136e+00
   3.5843573e-01
   9.7916360e-01
  -3.6625498e+00
   1.2451283e+00
   1.6890661e+00
  -5.2191657e-01
   1.5905949e+00
  -5.1150004e+00
  -1.9153125e+00
   3.3774760e+00
  -3.4982707e+00
   4.1591451e+00
  -1.1719470e+00
  -3.7900877e+00
  -5.6548876e-01
   5.3659262e+00
  -1.8160062e+00
   3.7458678e+00
   4.9196482e+00
   1.9201622e+00
   2.3029663e+00
   2.1702748e+00
  -3.5372167e+00
  -5.4549577e+00
  -1.4865826e+00
   4.6841348e+00
   5.0340708e+00
   1.6284804e+00
  -4.2925854e+00
  -4.0396459e+00
   4.6382515e+00
   5.8802288e+00
  -7.1950690e-01
   1.2764160e+00
  -3.9168908e+00
   5.2194351e+00
   2.2173905e+00
  -2.1911323e+00
  -4.4313059e+00
   3.5465547e+00
   6.2489787e-01
   4.3519550e+00
   3.2714266e+00
  -2.6072554e+00
   3.8551790e+00
  -4.8540317e+00
   2.3279473e+00
  -4.9071661e+00
   3.0197149e+00
   3.6068685e+00
   9.8443219e-01
  -3.7936477e+00
   3.9551150e+00
   3.7722077e+00
  -1.0130438e+00
  -4.1920319e+00
  -8.7291478e-01
   3.7995550e+00
   2.7151743e+00
   3.3272018e-01
   5.2423093e+00
   4.7550998e-01
  -2.4857910e+00
   5.3927483e+00
  -2.5430327e+00
  -4.7567538e+00
   3.2675830e+00
  -4.1264263e+00
   4.5887651e+00
   4.4195545e+00
  -3.3252925e+00
  -1.1803350e+00
  -8.7185238e-01
   2.2521370e-01
  -2.0161093e+00
   2.0391694e+00
   7.5525060e-02
  -2.2194454e+00
   5.1257161e+00
   4.2861598e+00
  -3.4313764e+00
  -3.1155955e-01
  -4.0175427e+00
  -4.1677663e+00
  -3.4136641e+00
  -5.1554350e+00
   1.5956436e-01
   3.9903212e-02
   4.6284618e+00
  -7.6061562e-01
   2.3420771e+00
  -9.2329920e-01
   5.4251479e+00
   2.3605262e+00
  -1.7856652e+00
  -1.8865106e+00
   1.4980673e+00
   2.5969201e+00
   1.5654093e+00
  -4.1070042e+00
   5.4163025e+00
  -1.2440640e+00
   1.3565346e+00
   3.0501831e+00
   5.5878918e+00
   3.1480928e-01
   1.1666831e+00
   4.5753223e+00
   5.7308918e+00
  -1.9739471e+00
   5.7016456e+00
  -3.6654123e+00
  -5.2021630e+00
  -9.4479151e-01
  -1.4090995e+00
   4.5791204e+00
  -4.6893275e+00
  -1.0461251e+00
  -4.9087983e-01
  -4.7738530e+00
   3.3812654e+00
   5.1455536e+00
   5.5524558e-01
  -1.0836972e+00
   1.0179585e-01
   1.0810017e+00
  -4.0234931e+00
  -3.6501417e+00
  -7.3244623e-01
  -5.8615107e+00
   4.9023777e+00
   3.7958474e+00
  -1.0068161e-01
   4.0449329e+00
  -5.3289984e+00
  -4.1310699e+00
  -4.1422947e-01
  -5.2739866e+00
  -5.0940475e+00
   2.8214647e+00
  -3.0573057e+00
  -4.8368386e+00
  -2.6104741e+00
   4.7453132e-02
  -2.1868028e+00
  -1.7304754e+00
  -1.7188493e+00
   2.5657951e-01
  -1.8308645e+00
  -2.3616296e-01
  -2.6855749e+00
   4.0081365e+00
   2.6796020e-01
   1.3118876e+00
  -1.2614293e+00
   5.9725727e+00
  -4.0128824e+00
   3.8943629e+00
   3.3458644e+00
   4.9956577e+00
   5.2642923e+00
  -1.2607590e+00
  -2.6757921e+00
  -3.0541593e+00
  -9.8003863e-01
  -5.6494720e+00
  -1.9680131e+00
   5.1838455e+00
   5.9227388e+00
  -4.2634353e+00
   1.8090548e+00
  -6.9533379e-01
   2.3495166e+00
  -3.0023033e-01
  -5.9383519e+00
  -2.6931269e+00
  -2.4796549e+00
  -4.1115083e+00
  -2.4731004e-01
  -6.4755890e-01
   5.2471897e+00
   4.6275386e-01
  -3.3487302e+00
   4.4058601e+00
  -9.0863015e-01
   4.7100722e+00
   4.6012166e+00
   3.9487475e+00
  -5.6506869e+00
  -1.0177865e+00
  -4.3468129e+00
   4.9865648e+00
  -4.8895139e+00
  -2.3252831e+00
  -4.6380009e-01
   2.7509659e+00
  -3.8130961e+00
  -1.9231910e+00
  -2.8512021e-01
  -5.7675213e+00
  -3.1509024e+00
   5.8306799e+00
   5.4286236e-01
  -1.1902265e-01
   5.2666114e+00
   1.9468744e+00
   4.2144187e+00
   1.6756776e+00
  -3.6793564e-01
   3.8298261e-01
  -7.3513021e-01
  -2.6521863e-01
   4.9757699e+00
   3.0236872e+00
  -5.2529047e+00
   2.5718205e+00
   5.9302156e+00
  -1.2497704e+00
  -4.9213319e+00
  -3.4080040e+00
  -4.5103049e-01
  -3.6328999e+00
  -2.0143642e+00
   1.9077640e+00
   5.7615017e+00
  -2.3088863e+00
   3.4785457e+00
   5.1370796e+00
   4.2635405e+00
   4.0726536e+00
   3.7634634e+00
  -8.0946770e-01
   2.6422157e+00
  -9.2840805e-01
  -9.0760927e-01
   1.3437658e+00
  -5.5772373e-01
  -1.2259831e+00
  -2.0726245e+00
   2.1006980e+00
  -3.3592788e+00
   1.7890559e+00
  -4.8638065e+00
  -4.9164172e+00
   5.2659069e+00
  -5.7501413e+00
  -2.7997608e+00
   5.0901335e+00
  -1.2289342e-01
  -3.8193190e+00
  -2.7086797e+00
   3.8988905e+00
  -4.5874482e+00
  -3.2998080e+00
  -7.1642288e-01
  -4.6644451e+00
   2.3466942e+00
  -9.2276322e-02
   5.7549272e+00
   3.2332790e+00
  -3.7088840e+00
  -2.4201216e+00
   5.3947050e+00
  -5.8508338e+00
   2.5522975e+00
   2.9034861e+00
  -3.8008237e+00
  -5.5534652e-01
   1.5875079e+00
   2.4961979e+00
   6.9800164e-01
  -4.9653684e+00
  -3.7975392e-01
  -4.9508671e+00
  -2.1211601e+00
  -1.2194658e-01
  -5.3864717e+00
  -4.2360616e+00
   6.6908787e-01
  -5.6230591e-01
  -3.1719471e+00
   5.5783304e+00
  -8.8836296e-01
   3.9992787e+00
   4.7970176e+00
   5.2265287e+00
   2.3360089e+00
   2.0345684e-01
   5.1015743e+00
  -3.6943916e+00
   1.3853788e+00
  -1.9621774e+00
   2.6546770e+00
  -1.9880343e+00
   5.3765807e+00
  -1.8020358e+00
   5.9832673e+00
  -7.2248462e-01
   2.4134113e+00
  -4.1066831e+00
  -5.2747031e+00
  -3.2428397e+00
   5.6078074e+00
  -2.6370190e+00
  -3.8832193e+00
   2.5012947e+00
  -1.4619144e+00
  -2.8912578e+00
  -5.3959566e+00
   3.3130167e+00
  -3.6994190e+00
   2.9759549e+00
   1.6634917e+00
  -5.6365582e+00
   9.9772054e-01
  -2.5635274e+00
   2.5817932e+00
  -3.4688038e+00
  -3.2661593e+00
   4.1004776e+00
  -5.6513094e+00
   3.7388018e+00
  -1.6025801e+00
   3.9510304e-01
  -1.7595643e+00
  -7.9941493e-02
  -2.9743421e-01
   1.9211008e-01
   3.4306890e+00
  -5.4817951e+00
  -1.8006843e+00
   4.1828182e+00
   3.6806624e+00
  -6.1084554e-01
   4.6369168e+00
  -1.4846374e+00
   2.8254640e+00
   5.1292846e+00
   5.4742095e+00
   4.7568264e+00
   6.1231528e-01
  -2.5755815e+00
  -5.5294634e+00
  -1.0103878e+00
   4.3000782e+00
   4.2694982e+00
  -4.5652179e+00
   4.8869485e+00
  -5.2897724e+00
   5.5558773e+00
  -4.4117046e+00
   2.9571329e+00
  -3.2267821e+00
   4.3510838e+00
   1.4181144e+00
  -3.5288024e+00
   2.7569563e+00
   1.7934432e-01
  -3.6568662e+00
   3.1073092e+00
  -3.8935949e+00
  -1.9326247e+00
   8.2685797e-01
   3.0586046e+00
  -5.4297297e-01
   2.7600900e+00
  -3.6649985e+00
   4.5890918e+00
   2.3870900e+00
   2.0451726e+00
   5.8125453e+00
   2.0756420e+00
   9.8023628e-01
  -7.9816516e-03
  -1.9691414e+00
  -2.1794686e+00
  -1.3964902e+00
   6.5834533e-01
   1.4148370e+00
  -2.2913401e+00
   4.6109748e+00
  -3.7120915e+00
  -1.8342929e-01
  -5.9372828e+00
  -2.6522325e+00
  -1.2524541e-01
   2.5915925e+00
   2.8255666e+00
   1.5712906e+00
   7.9069112e-01
   3.6578898e-01
   1.6830917e+00
  -4.2704628e+00
  -9.5922164e-01
  -3.8072442e+00
   6.1721757e-01
   5.4722427e+00
   3.2443184e+00
   4.0819483e+00
   3.3932722e+00
   2.6614845e+00
   2.1832431e+00
   3.9665905e+00
  -1.1282973e+00
  -5.8547702e+00
  -5.9598553e+00
   4.7399313e+00
   5.4145163e+00
  -4.9495309e+00
  -2.9730521e+00
  -2.0664120e+00
  -3.2031923e+00
   4.6998971e+00
   4.6684625e+00
   2.7772289e+00
  -3.5296507e+00
   4.2773593e+00
  -2.7277738e+00
  -1.5222421e+00
  -1.5431172e+00
   5.5081414e+00
  -8.8930022e-01
  -1.6955716e+00
  -2.2487459e+00
   1.5639907e+00
   3.3944001e+00
   5.5387505e+00
   2.8357561e+00
  -7.1381717e-01
   5.8062828e+00
   4.5510776e+00
  -3.3834685e+00
   8.2696876e-02
   2.8871490e+00
  -3.6889141e+00
   1.7267990e+00
  -4.6902290e+00
  -3.7974196e+00
  -1.3995521e+00
   2.1425912e+00
  -3.4245447e-01
   3.5571131e+00
   3.3808692e+00
   8.9071406e-01
  -6.9638229e-01
  -4.1909670e+00
  -2.6817414e+00
  -1.3626625e+00
   3.4473171e+00
  -3.2156632e+00
   2.0938187e+00
  -3.6961197e+00
   5.8763448e+00
  -4.2100893e+00
   1.3022167e+00
  -3.2377621e+00
  -5.6390871e+00
   4.2362894e+00
   3.3295561e+00
  -2.3431310e+00
   2.0692856e+00
   3.5864888e+00
   3.0565596e+00
  -1.9820131e+00
   3.6903468e+00
   4.3726362e+00
   3.5943785e+00
  -4.2342130e-01
   4.5087620e+00
  -9.9164044e-01
  -2.2925573e+00
  -4.0303864e+00
  -4.7735738e+00
   3.6124447e+00
  -1.6939975e+00
  -3.8625291e+00
  -5.4363535e+00
   5.8756148e+00
  -8.0597226e-01
  -3.2676357e+00
  -2.5036224e+00
   3.7620816e+00
  -4.0881094e+00
  -1.8556525e+00
  -4.9449370e+00
   4.4489235e+00
  -3.2244103e+00
  -2.5949094e+00
  -1.8868507e+00
  -1.8584819e+00
   2.1167870e+00
  -2.5971913e+00
  -4.4102603e+00
   2.3575816e+00
  -3.0674380e+00
   1.6290631e+00
   2.6565867e+00
   1.6204137e+00
   1.3661129e+00
   4.7591222e+00
   4.1546393e-01
  -1.4068186e+00
   5.0286650e+00
  -9.1577727e-01
   5.6288968e+00
   8.0350112e-01
   1.1561731e+00
   1.5133321e+00
   5.9014212e+00
  -9.5321756e-01
   6.5964644e-01
  -1.4896097e+00
   4.3709240e+00
   1.0097872e+00
  -3.6650079e+00
   1.6969481e+00
   4.9177303e+00
  -5.9496840e+00
   3.6766098e-01
   3.9283316e+00
  -3.8113250e+00
   3.6938389e+00
  -2.5105942e+00
   2.5215841e+00
   4.1529234e+00
  -5.0032081e+00
   1.6241095e+00
  -5.5293896e+00
   4.3032405e+00
   3.2615323e+00
  -2.1492471e+00
   1.0854764e-02
  -4.7454509e+00
  -1.1211781e+00
   3.5512358e+00
   3.7445151e-01
  -2.7227657e+00
   4.9994482e+00
  -4.1172239e+00
   5.1781244e+00
   4.4542028e+00
  -5.8369655e+00
  -5.1850301e+00
  -3.8568328e+00
  -2.9108974e+00
  -2.6020060e+00
   1.0968517e+00
  -5.1946275e-01
   5.5631405e+00
  -1.5779287e-01
  -4.2204813e+00
   3.8048781e+00
  -4.0341948e+00
  -4.9697404e+00
   1.3443735e+00
   1.5382108e+00
   5.2595838e+00
  -3.3514095e+00
   3.7950249e+00
  -5.7756170e+00
  -2.1402429e+00
   5.1893889e+00
  -3.7349332e-01
   5.4420125e-02
  -3.3187582e+00
   4.7449980e+00
   4.2769591e+00
  -1.1271812e+00
  -4.9321704e-01
  -4.6075741e-01
   3.3861796e+00
  -5.4409780e+00
  -5.2649150e+00
   3.1032049e+00
   4.0548738e+00
  -5.5921759e+00
  -1.5788492e+00
   3.6300786e+00
   3.9082522e+00
  -4.1833269e+00
  -5.9608532e+00
   4.5651750e+00
   1.4234627e+00
   4.3509048e-02
  -5.8869542e+00
   9.0022328e-01
  -8.2975901e-01
   4.7602293e-01
  -1.1195699e+00
  -2.5094286e-01
  -2.1277313e+00
   5.6699830e+00
  -1.2787516e+00
  -3.8154612e+00
   5.2121492e+00
   3.3345974e+00
   2.3510460e+00
   3.5133341e-02
   4.7924956e+00
   2.7089068e+00
   4.4353125e+00
  -3.8467349e+00
   2.2129936e-01
   2.8030896e+00
   1.3804978e+00
   7.5518210e-01
  -3.7370610e+00
   3.8771723e+00
   1.4695370e+00
  -1.8538979e+00
   4.4504704e+00
  -6.9850670e-01
   2.8299064e+00
   1.0345080e+00
   2.6815404e+00
  -3.2883316e+00
  -3.7375129e+00
   1.4331882e+00
   4.6829550e+00
  -3.7416277e+00
   1.0157860e+00
   1.9271682e+00
  -5.8329561e+00
  -2.1595698e+00
   5.9874911e+00
  -3.5491449e+00
  -4.9074916e+00
  -4.3033710e-01
  -4.7825346e+00
  -5.3227711e+00
   7.2773282e-01
  -2.7736704e+00
  -5.3358283e-02
  -2.5486256e+00
  -4.9971572e+00
  -4.5210931e+00
  -4.8518442e+00
  -5.5906632e-02
   2.4326997e+00
  -2.2191455e+00
  -3.3284247e+00
   1.1244395e+00
   3.8794605e+00
   2.9813485e-01
  -1.5076694e+00
  -5.3012522e+00
  -5.3992052e-01
   1.6475624e+00
   4.3756575e+00
  -2.9960484e+00
   4.7543881e+00
   6.6400053e-01
  -2.6278718e+00
   2.9853764e+00
   5.2043124e+00
  -3.3309996e+00
  -7.8826402e-01
  -2.0170003e+00
  -5.5268896e+00
  -5.4336372e+00
   1.3546042e+00
  -4.0373458e+00
  -4.3087266e+00
   4.7882615e+00
   5.4460730e+00
  -3.4333660e-01
   1.6084102e-01
  -3.1383080e+00
   1.1519241e+00
  -4.5053350e+00
  -1.7334589e+00
  -4.9038666e+00
  -3.2908636e+00
  -4.7221140e+00
   1.0405740e+00
  -1.2972848e+00
  -5.6509995e+00
  -1.0676859e+00
  -4.6927120e+00
   5.5592015e+00
   4.0120636e+00
   3.5126848e+00
   5.3201981e+00
   4.8528888e+00
  -4.5310692e+00
   3.1600138e+00
   1.4970601e+00
  -6.4893322e-01
  -8.4525699e-01
  -4.4155111e+00
   5.4093083e+00
   8.4218850e-01
  -3.9698032e+00
  -3.8346356e+00
   6.1784904e-01
  -4.4264892e+00
  -2.4669065e+00
  -1.4093251e+00
  -4.0500533e+00
  -3.5416885e+00
  -3.2809656e+00
   6.1336607e-01
  -1.9508203e+00
  -3.1815263e+00
  -5.8647358e+00
  -4.3172935e+00
  -5.4990938e+00
  -1.8022195e+00
   3.2510341e+00
   2.4610391e+00
   3.4797308e-01
   4.2595333e+00
   4.9967882e-01
  -3.8350004e+00
   2.7957974e+00
   4.6567250e+00
  -5.4402340e+00
  -3.3271999e+00
   3.1182952e+00
  -5.0646536e+00
  -5.7359054e+00
   3.3759747e-01
   2.2718345e+00
  -3.3183293e+00
  -5.2358639e+00
   3.5093607e+00
  -4.3983531e+00
  -4.0592006e+00
   5.2428738e+00
  -1.5758861e+00
  -2.6224472e+00
   1.8950681e-01
  -1.5660133e+00
   5.9124431e+00
   1.4251837e+00
  -2.7661768e-01
  -2.5053693e+00
  -4.7859929e+00
  -3.0280996e-01
   1.1230606e+00
   2.3425274e+00
   4.0825924e+00
  -1.5790725e+00
   3.5297006e+00
   2.1911429e+00
  -1.9095324e+00
  -7.4902752e-01
  -3.0750415e+00
  -3.3677414e+00
  -5.9448787e+00
   7.3872348e-01
  -7.6602185e-01
  -2.3626921e+00
  -5.3549949e+00
  -3.1511929e+00
  -4.6181865e+00
  -1.0290190e+00
   4.0527188e+00
  -4.6614006e+00
   5.9218125e+00
   5.3120767e+00
  -4.4844729e-01
  -3.7879985e+00
   3.9234763e+00
  -2.5337299e+00
  -5.5611821e+00
   1.6699739e+00
  -4.5912791e+00
  -4.5529733e+00
  -8.9074117e-01
   3.3817841e+00
   3.6930985e+00
   4.3145144e-01
  -1.1995964e+00
  -3.5342817e+00
  -2.9925202e+00
  -2.4750485e+00
   5.6406778e+00
  -4.0748042e+00
   2.6045760e+00
  -8.5663239e-01
   6.8140075e-01
   1.8198043e+00
   2.7678067e+00
  -1.1252425e+00
  -2.5573041e-01
   7.6854283e-01
  -5.7119351e+00
  -4.4357379e+00
  -3.4308907e-01
   1.7125202e+00
   5.7593655e-01
  -4.4847176e+00
   4.3528861e+00
  -4.9588912e+00
  -3.4779253e+00
  -4.6887623e+00
   5.9215298e+00
  -5.4413959e+00
   1.1309617e+00
  -1.9678053e+00
  -5.5839169e+00
  -4.3037754e-01
   4.3088997e+00
   3.1761523e+00
  -5.0234015e+00
  -4.2901636e+00
   4.8891362e+00
  -1.4173811e+00
  -2.6384039e+00
   4.7355719e+00
   5.2576950e+00
   2.0845353e-01
   2.8799446e+00
   2.1485881e+00
  -2.9533682e+00
   2.2686795e+00
   1.2604715e+00
  -1.6149240e-01
   9.6928046e-01
   4.2835281e+00
   5.1834061e+00
  -1.5764942e+00
   3.4373385e+00
   5.7107747e+00
  -2.0875270e+00
  -2.3446338e+00
  -2.8596414e+00
   5.5905852e+00
  -2.3689143e+00
  -4.5720594e+00
  -4.7109922e+00
   4.4213649e+00
  -3.1990633e+00
  -7.9573624e-01
  -5.9342399e+00
   1.4465439e-01
  -4.2152072e+00
   2.8753987e+00
   2.2304514e+00
   3.4792493e+00
  -1.1312728e-01
   1.3018974e-01
   4.8041777e+00
   4.9633089e+00
  -2.5827051e+00
  -4.5605565e+00
  -5.9244209e+00
  -2.7033279e+00
   5.7480554e+00
   5.5261678e+00
   4.3111804e+00
  -5.0508452e+00
  -2.1367950e+00
  -3.9040298e+00
   4.3800522e+00
  -4.7059453e+00
  -4.6643076e+00
  -5.8421807e+00
   2.2459807e+00
  -1.7646902e+00
   5.1753655e+00
  -4.4255756e+00
  -5.9916594e+00
  -5.4525908e+00
   5.6567468e+00
   1.7968169e+00
   3.7252598e+00
  -6.0777511e-02
  -1.2389904e+00
   4.7073318e+00
  -5.0533749e+00
   2.4718622e+00
   9.5908226e-01
  -4.1035131e+00
  -3.3527721e+00
  -3.6080463e+00
  -8.2240974e-01
  -5.4438386e+00
   4.5005296e+00
   2.4177368e+00
   5.0051531e+00
  -3.4308287e+00
  -3.1324189e+00
  -2.0426508e+00
  -4.5878092e+00
  -1.2445726e-01
  -2.6914295e+00
  -9.2320596e-01
  -8.9233506e-01
  -4.0380385e+00
   1.4855700e+00
  -1.6504359e+00
  -3.9317531e+00
   2.0578600e+00
   2.1545901e+00
   6.2306080e-01
  -2.8933731e+00
   1.9903440e+00
   3.0742097e+00
  -1.0109370e+00
  -2.4104060e+00
  -9.1247219e-01
  -1.2563003e+00
   5.0085263e+00
   4.7781960e+00
  -4.8967678e+00
   3.4763939e+00
   3.8155910e+00
  -4.6580885e-01
  -1.1096903e-01
   2.2927194e+00
  -4.9857939e+00
  -3.3890845e+00
   6.1699077e-01
  -5.2131602e+00
   3.7191705e+00
   1.6960177e+00
  -5.4809738e+00
  -2.3659455e+00
   8.3827292e-01
   2.8949036e+00
  -2.5189991e-01
   4.8175963e+00
  -4.0876173e+00
   2.0977032e+00
   1.9169311e+00
  -4.7599134e+00
   1.6461507e+00
   5.3390657e+00
  -4.8139424e+00
  -5.2247963e+00
   1.6985192e+00
   5.4044588e+00
  -1.3922701e+00
   4.5740893e+00
  -6.3308484e-01
  -5.3694890e+00
   2.7208749e+00
  -1.8725394e-01
   1.9918746e+00
  -4.1147284e+00
  -2.2580030e+00
   8.2913594e-01
  -1.2378136e+00
  -1.7398350e-03
   4.5553197e+00
   3.4294164e+00
   5.7600024e+00
   5.7201832e+00
   4.7037619e+00
   3.3317237e+00
  -2.6682291e+00
  -4.1735568e+00
  -3.8665372e+00
  -5.0584129e+00
  -3.2655175e-01
   4.7940612e+00
  -4.4915437e+00
  -5.8013499e+00
   9.7166487e-01
  -2.5711172e-01
   1.0654958e+00
  -3.6680009e+00
   1.1766293e+00
  -4.9670479e+00
  -5.7175292e+00
  -4.8798111e-01
  -1.6039596e+00
  -5.5441602e+00
  -3.2533610e+00
   1.8631220e+00
   5.8261463e+00
   2.9899366e+00
  -3.3078153e+00
  -2.0630598e+00
  -1.4285231e+00
  -3.8528332e+00
   4.8173569e+00
  -5.3897375e+00
   7.5564495e-01
   2.3387191e+00
  -1.2757853e+00
   4.6343366e+00
  -2.6595932e+00
   4.2620882e+00
  -2.2556880e+00
   2.0134793e+00
   5.1131300e+00
   5.9907004e+00
  -8.9577168e-01
   4.0831130e+00
  -4.8036962e+00
   3.2486615e+00
  -2.8757422e+00
  -4.6335082e-01
  -1.3326405e+00
  -1.3276135e+00
  -5.4960095e+00
   2.6224136e+00
   3.5843573e-01
   9.7916360e-01
  -3.6625498e+00
   1.2451283e+00
   1.6890661e+00
  -5.2191657e-01
   1.5905949e+00
  -5.1150004e+00
  -1.9153125e+00
   3.3774760e+00
  -3.4982707e+00
   4.1591451e+00
  -1.1719470e+00
  -3.7900877e+00
  -5.6548876e-01
   5.3659262e+00
  -1.8160062e+00
   3.7458678e+00
   4.9196482e+00
   1.9201622e+00
   2.3029663e+00
   2.1702748e+00
  -3.5372167e+00
  -5.4549577e+00
  -1.4865826e+00
   4.6841348e+00
   5.0340708e+00
   1.6284804e+00
  -4.2925854e+00
  -4.0396459e+00
   4.6382515e+00
   5.8802288e+00
  -7.1950690e-01
   1.2764160e+00
  -3.9168908e+00
   5.2194351e+00
   2.2173905e+00
  -2.1911323e+00
  -4.4313059e+00
   3.5465547e+00
   6.2489787e-01
   4.3519550e+00
   3.2714266e+00
  -2.6072554e+00
   3.8551790e+00
  -4.8540317e+00
   2.3279473e+00
  -4.9071661e+00
   3.0197149e+00
   3.6068685e+00
   9.8443219e-01
  -3.7936477e+00
   3.9551150e+00
   3.7722077e+00
  -1.0130438e+00
  -4.1920319e+00
  -8.7291478e-01
   3.7995550e+00
   2.7151743e+00
   3.3272018e-01
   5.2423093e+00
   4.7550998e-01
  -2.4857910e+00
   5.3927483e+00
  -2.5430327e+00
  -4.7567538e+00
   3.2675830e+00
  -4.1264263e+00
   4.5887651e+00
   4.4195545e+00
  -3.3252925e+00
  -1.1803350e+00
  -8.7185238e-01
   2.2521370e-01
  -2.0161093e+00
   2.0391694e+00
   7.5525060e-02
  -2.2194454e+00
   5.1257161e+00
   4.2861598e+00
  -3.4313764e+00
  -3.1155955e-01
  -4.0175427e+00
  -4.1677663e+00
  -3.4136641e+00
  -5.1554350e+00
   1.5956436e-01
   3.9903212e-02
   4.6284618e+00
  -7.6061562e-01
   2.3420771e+00
  -9.2329920e-01
   5.4251479e+00
   2.3605262e+00
  -1.7856652e+00
  -1.8865106e+00
   1.4980673e+00
   2.5969201e+00
   1.5654093e+00
  -4.1070042e+00
   5.4163025e+00
  -1.2440640e+00
   1.3565346e+00
   3.0501831e+00
   5.5878918e+00
   3.1480928e-01
   1.1666831e+00
   4.5753223e+00
   5.7308918e+00
  -1.9739471e+00
   5.7016456e+00
  -3.6654123e+00
  -5.2021630e+00
  -9.4479151e-01
  -1.4090995e+00
   4.5791204e+00
  -4.6893275e+00
  -1.0461251e+00
  -4.9087983e-01
  -4.7738530e+00
   3.3812654e+00
   5.1455536e+00
   5.5524558e-01
  -1.0836972e+00
   1.0179585e-01
   1.0810017e+00
  -4.0234931e+00
  -3.6501417e+00
  -7.3244623e-01
  -5.8615107e+00
   4.9023777e+00
   3.7958474e+00
  -1.0068161e-01
   4.0449329e+00
  -5.3289984e+00
  -4.1310699e+00
  -4.1422947e-01
  -5.2739866e+00
  -5.0940475e+00
   2.8214647e+00
  -3.0573057e+00
  -4.8368386e+00
  -2.6104741e+00
   4.7453132e-02
  -2.1868028e+00
  -1.7304754e+00
  -1.7188493e+00
   2.5657951e-01
  -1.8308645e+00
  -2.3616296e-01
  -2.6855749e+00
   4.0081365e+00
   2.6796020e-01
   1.3118876e+00
  -1.2614293e+00
   5.9725727e+00
  -4.0128824e+00
   3.8943629e+00
   3.3458644e+00
   4.9956577e+00
   5.2642923e+00
  -1.2607590e+00
  -2.6757921e+00
  -3.0541593e+00
  -9.8003863e-01
  -5.6494720e+00
  -1.9680131e+00
   5.1838455e+00
   5.9227388e+00
  -4.2634353e+00
   1.8090548e+00
  -6.9533379e-01
   2.3495166e+00
  -3.0023033e-01
  -5.9383519e+00
  -2.6931269e+00
  -2.4796549e+00
  -4.1115083e+00
  -2.4731004e-01
  -6.4755890e-01
   5.2471897e+00
   4.6275386e-01
  -3.3487302e+00
   4.4058601e+00
  -9.0863015e-01
   4.7100722e+00
   4.6012166e+00
   3.9487475e+00
  -5.6506869e+00
  -1.0177865e+00
  -4.3468129e+00
   4.9865648e+00
  -4.8895139e+00
  -2.3252831e+00
  -4.6380009e-01
   2.7509659e+00
  -3.8130961e+00
  -1.9231910e+00
  -2.8512021e-01
  -5.7675213e+00
  -3.1509024e+00
   5.8306799e+00
   5.4286236e-01
  -1.1902265e-01
   5.2666114e+00
   1.9468744e+00
   4.2144187e+00
   1.6756776e+00
  -3.6793564e-01
   3.8298261e-01
  -7.3513021e-01
  -2.6521863e-01
   4.9757699e+00
   3.0236872e+00
  -5.2529047e+00
   2.5718205e+00
   5.9302156e+00
  -1.2497704e+00
  -4.9213319e+00
  -3.4080040e+00
  -4.5103049e-01
  -3.6328999e+00
  -2.0143642e+00
   1.9077640e+00
   5.7615017e+00
  -2.3088863e+00
   3.4785457e+00
   5.1370796e+00
   4.2635405e+00
   4.0726536e+00
   3.7634634e+00
  -8.0946770e-01
   2.6422157e+00
  -9.2840805e-01
  -9.0760927e-01
   1.3437658e+00
  -5.5772373e-01
  -1.2259831e+00
  -2.0726245e+00
   2.1006980e+00
  -3.3592788e+00
   1.7890559e+00
  -4.8638065e+00
  -4.9164172e+00
   5.2659069e+00
  -5.7501413e+00
  -2.7997608e+00
   5.0901335e+00
  -1.2289342e-01
  -3.8193190e+00
  -2.7086797e+00
   3.8988905e+00
  -4.5874482e+00
  -3.2998080e+00
  -7.1642288e-01
  -4.6644451e+00
   2.3466942e+00
  -9.2276322e-02
   5.7549272e+00
   3.2332790e+00
  -3.7088840e+00
  -2.4201216e+00
   5.3947050e+00
  -5.8508338e+00
   2.5522975e+00
   2.9034861e+00
  -3.8008237e+00
  -5.5534652e-01
   1.5875079e+00
   2.4961979e+00
   6.9800164e-01
  -4.9653684e+00
  -3.7975392e-01
  -4.9508671e+00
  -2.1211601e+00
  -1.2194658e-01
  -5.3864717e+00
  -4.2360616e+00
   6.6908787e-01
  -5.6230591e-01
  -3.1719471e+00
   5.5783304e+00
  -8.8836296e-01
   3.9992787e+00
   4.7970176e+00
   5.2265287e+00
   2.3360089e+00
   2.0345684e-01
   5.1015743e+00
  -3.6943916e+00
   1.3853788e+00
  -1.9621774e+00
   2.6546770e+00
  -1.9880343e+00
   5.3765807e+00
  -1.8020358e+00
   5.9832673e+00
  -7.2248462e-01
   2.4134113e+00
  -4.1066831e+00
  -5.2747031e+00
  -3.2428397e+00
   5.6078074e+00
  -2.6370190e+00
  -3.8832193e+00
   2.5012947e+00
  -1.4619144e+00
  -2.8912578e+00
  -5.3959566e+00
   3.3130167e+00
  -3.6994190e+00
   2.9759549e+00
   1.6634917e+00
  -5.6365582e+00
   9.9772054e-01
  -2.5635274e+00
   2.5817932e+00
  -3.4688038e+00
  -3.2661593e+00
   4.1004776e+00
  -5.6513094e+00
   3.7388018e+00
  -1.6025801e+00
   3.9510304e-01
  -1.7595643e+00
  -7.9941493e-02
  -2.9743421e-01
   1.9211008e-01
   3.4306890e+00
  -5.4817951e+00
  -1.8006843e+00
   4.1828182e+00
   3.6806624e+00
  -6.1084554e-01
   4.6369168e+00
  -1.4846374e+00
   2.8254640e+00
   5.1292846e+00
   5.4742095e+00
   4.7568264e+00
   6.1231528e-01
  -2.5755815e+00
  -5.5294634e+00
  -1.0103878e+00
   4.3000782e+00
   4.2694982e+00
  -4.5652179e+00
   4.8869485e+00
  -5.2897724e+00
   5.5558773e+00
  -4.4117046e+00
   2.9571329e+00
  -3.2267821e+00
   4.3510838e+00
   1.4181144e+00
  -3.5288024e+00
   2.7569563e+00
   1.7934432e-01
  -3.6568662e+00
   3.1073092e+00
  -3.8935949e+00
  -1.9326247e+00
   8.2685797e-01
   3.0586046e+00
  -5.4297297e-01
   2.7600900e+00
  -3.6649985e+00
   4.5890918e+00
   2.3870900e+00
   2.0451726e+00
   5.8125453e+00
   2.0756420e+00
   9.8023628e-01
  -7.9816516e-03
  -1.9691414e+00
  -2.1794686e+00
  -1.3964902e+00
   6.5834533e-01
   1.4148370e+00
  -2.2913401e+00
   4.6109748e+00
  -3.7120915e+00
  -1.8342929e-01
  -5.9372828e+00
  -2.6522325e+00
  -1.2524541e-01
   2.5915925e+00
   2.8255666e+00
   1.5712906e+00
   7.9069112e-01
   3.6578898e-01
   1.6830917e+00
  -4.2704628e+00
  -9.5922164e-01
  -3.8072442e+00
   6.1721757e-01
   5.4722427e+00
   3.2443184e+00
   4.0819483e+00
   3.3932722e+00
   2.6614845e+00
   2.1832431e+00
   3.9665905e+00
  -1.1282973e+00
  -5.8547702e+00
  -5.9598553e+00
   4.7399313e+00
   5.4145163e+00
  -4.9495309e+00
  -2.9730521e+00
  -2.0664120e+00
  -3.2031923e+00
   4.6998971e+00
   4.6684625e+00
   2.7772289e+00
  -3.5296507e+00
   4.2773593e+00
  -2.7277738e+00
  -1.5222421e+00
  -1.5431172e+00
   5.5081414e+00
  -8.8930022e-01
  -1.6955716e+00
  -2.2487459e+00
   1.5639907e+00
   3.3944001e+00
   5.5387505e+00
   2.8357561e+00
  -7.1381717e-01
   5.8062828e+00
   4.5510776e+00
  -3.3834685e+00
   8.2696876e-02
   2.8871490e+00
  -3.6889141e+00
   1.7267990e+00
  -4.6902290e+00
  -3.7974196e+00
  -1.3995521e+00
   2.1425912e+00
  -3.4245447e-01
   3.5571131e+00
   3.3808692e+00
   8.9071406e-01
  -6.9638229e-01
  -4.1909670e+00
  -2.6817414e+00
  -1.3626625e+00
   3.4473171e+00
  -3.2156632e+00
   2.0938187e+00
  -3.6961197e+00
   5.8763448e+00
  -4.2100893e+00
   1.3022167e+00
  -3.2377621e+00
  -5.6390871e+00
   4.2362894e+00
   3.3295561e+00
  -2.3431310e+00
   2.0692856e+00
   3.5864888e+00
   3.0565596e+00
  -1.9820131e+00
   3.6903468e+00
   4.3726362e+00
   3.5943785e+00
  -4.2342130e-01
   4.5087620e+00
  -9.9164044e-01
  -2.2925573e+00
  -4.0303864e+00
  -4.7735738e+00
   3.6124447e+00
  -1.6939975e+00
  -3.8625291e+00
  -5.4363535e+00
   5.8756148e+00
  -8.0597226e-01
  -3.2676357e+00
  -2.5036224e+00
   3.7620816e+00
  -4.0881094e+00
  -1.8556525e+00
  -4.9449370e+00
   4.4489235e+00
  -3.2244103e+00
  -2.5949094e+00
  -1.8868507e+00
  -1.8584819e+00
   2.1167870e+00
  -2.5971913e+00
  -4.4102603e+00
   2.3575816e+00
  -3.0674380e+00
   1.6290631e+00
   2.6565867e+00
   1.6204137e+00
   1.3661129e+00
   4.7591222e+00
   4.1546393e-01
  -1.4068186e+00
   5.0286650e+00
  -9.1577727e-01
   5.6288968e+00
   8.0350112e-01
   1.1561731e+00
   1.5133321e+00
   5.9014212e+00
  -9.5321756e-01
   6.5964644e-01
  -1.4896097e+00
   4.3709240e+00
   1.0097872e+00
  -3.6650079e+00
   1.6969481e+00
   4.9177303e+00
  -5.9496840e+00
   3.6766098e-01
   3.9283316e+00
  -3.8113250e+00
   3.6938389e+00
  -2.5105942e+00
   2.5215841e+00
   4.1529234e+00
  -5.0032081e+00
   1.6241095e+00
  -5.5293896e+00
   4.3032405e+00
   3.2615323e+00
  -2.1492471e+00
   1.0854764e-02
  -4.7454509e+00
  -1.1211781e+00
   3.5512358e+00
   3.7445151e-01
  -2.7227657e+00
   4.9994482e+00
  -4.1172239e+00
   5.1781244e+00
   4.4542028e+00
  -5.8369655e+00
  -5.1850301e+00
  -3.8568328e+00
  -2.9108974e+00
  -2.6020060e+00
   1.0968517e+00
  -5.1946275e-01
   5.5631405e+00
  -1.5779287e-01
  -4.2204813e+00
   3.8048781e+00
  -4.0341948e+00
  -4.9697404e+00
   1.3443735e+00
   1.5382108e+00
   5.2595838e+00
  -3.3514095e+00
   3.7950249e+00
  -5.7756170e+00
  -2.1402429e+00
   5.1893889e+00
  -3.7349332e-01
   5.4420125e-02
  -3.3187582e+00
   4.7449980e+00
   4.2769591e+00
  -1.1271812e+00
  -4.9321704e-01
  -4.6075741e-01
   3.3861796e+00
  -5.4409780e+00
  -5.2649150e+00
   3.1032049e+00
   4.0548738e+00
  -5.5921759e+00
  -1.5788492e+00
   3.6300786e+00
   3.9082522e+00
  -4.1833269e+00
  -5.9608532e+00
   4.5651750e+00
   1.4234627e+00
   4.3509048e-02
  -5.8869542e+00
   9.0022328e-01
  -8.2975901e-01
   4.7602293e-01
  -1.1195699e+00
  -2.5094286e-01
  -2.1277313e+00
   5.6699830e+00
  -1.2787516e+00
  -3.8154612e+00
   5.2121492e+00
   3.3345974e+00
   2.3510460e+00
   3.5133341e-02
   4.7924956e+00
   2.7089068e+00
   4.4353125e+00
  -3.8467349e+00
   2.2129936e-01
   2.8030896e+00
   1.3804978e+00
   7.5518210e-01
  -3.7370610e+00
   3.8771723e+00
   1.4695370e+00
  -1.8538979e+00
   4.4504704e+00
  -6.9850670e-01
   2.8299064e+00
   1.0345080e+00
   2.6815404e+00
  -3.2883316e+00
  -3.7375129e+00
   1.4331882e+00
   4.6829550e+00
  -3.7416277e+00
   1.0157860e+00
   1.9271682e+00
  -5.8329561e+00
  -2.1595698e+00
   5.9874911e+00
  -3.5491449e+00
  -4.9074916e+00
  -4.3033710e-01
  -4.7825346e+00
  -5.3227711e+00
   7.2773282e-01
  -2.7736704e+00
  -5.3358283e-02
  -2.5486256e+00
  -4.9971572e+00
  -4.5210931e+00
  -4.8518442e+00
  -5.5906632e-02
   2.4326997e+00
  -2.2191455e+00
  -3.3284247e+00
   1.1244395e+00
   3.8794605e+00
   2.9813485e-01
  -1.5076694e+00
  -5.3012522e+00
  -5.3992052e-01
   1.6475624e+00
   4.3756575e+00
  -2.9960484e+00
   4.7543881e+00
   6.6400053e-01
  -2.6278718e+00
   2.9853764e+00
   5.2043124e+00
  -3.3309996e+00
  -7.8826402e-01
  -2.0170003e+00
  -5.5268896e+00
  -5.4336372e+00
   1.3546042e+00
  -4.0373458e+00
  -4.3087266e+00
   4.7882615e+00
   5.4460730e+00
  -3.4333660e-01
   1.6084102e-01
  -3.1383080e+00
   1.1519241e+00
  -4.5053350e+00
  -1.7334589e+00
  -4.9038666e+00
  -3.2908636e+00
  -4.7221140e+00
   1.0405740e+00
  -1.2972848e+00
  -5.6509995e+00
  -1.0676859e+00
  -4.6927120e+00
   5.5592015e+00
   4.0120636e+00
   3.5126848e+00
   5.3201981e+00
   4.8528888e+00
  -4.5310692e+00
   3.1600138e+00
   1.4970601e+00
  -6.4893322e-01
  -8.4525699e-01
  -4.4155111e+00
   5.4093083e+00
   8.4218850e-01
  -3.9698032e+00
  -3.8346356e+00
   6.1784904e-01
  -4.4264892e+00
  -2.4669065e+00
  -1.4093251e+00
  -4.0500533e+00
  -3.5416885e+00
  -3.2809656e+00
   6.1336607e-01
  -1.9508203e+00
  -3.1815263e+00
  -5.8647358e+00
  -4.3172935e+00
  -5.4990938e+00
  -1.8022195e+00
   3.2510341e+00
   2.4610391e+00
   3.4797308e-01
   4.2595333e+00
   4.9967882e-01
  -3.8350004e+00
   2.7957974e+00
   4.6567250e+00
  -5.4402340e+00
  -3.3271999e+00
   3.1182952e+00
  -5.0646536e+00
  -5.7359054e+00
   3.3759747e-01
   2.2718345e+00
  -3.3183293e+00
  -5.2358639e+00
   3.5093607e+00
  -4.3983531e+00
  -4.0592006e+00
   5.2428738e+00
  -1.5758861e+00
  -2.6224472e+00
   1.8950681e-01
  -1.5660133e+00
   5.9124431e+00
   1.4251837e+00
  -2.7661768e-01
  -2.5053693e+00
  -4.7859929e+00
  -3.0280996e-01
   1.1230606e+00
   2.3425274e+00
   4.0825924e+00
  -1.5790725e+00
   3.5297006e+00
   2.1911429e+00
  -1.9095324e+00
  -7.4902752e-01
  -3.0750415e+00
  -3.3677414e+00
  -5.9448787e+00
   7.3872348e-01
  -7.6602185e-01
  -2.3626921e+00
  -5.3549949e+00
  -3.1511929e+00
  -4.6181865e+00
  -1.0290190e+00
   4.0527188e+00
  -4.6614006e+00
   5.9218125e+00
   5.3120767e+00
  -4.4844729e-01
  -3.7879985e+00
   3.9234763e+00
  -2.5337299e+00
  -5.5611821e+00
   1.6699739e+00
  -4.5912791e+00
  -4.5529733e+00
  -8.9074117e-01
   3.3817841e+00
   3.6930985e+00
   4.3145144e-01
  -1.1995964e+00
  -3.5342817e+00
  -2.9925202e+00
  -2.4750485e+00
   5.6406778e+00
  -4.0748042e+00
   2.6045760e+00
  -8.5663239e-01
   6.8140075e-01
   1.8198043e+00
   2.7678067e+00
  -1.1252425e+00
  -2.5573041e-01
   7.6854283e-01
  -5.7119351e+00
  -4.4357379e+00
  -3.4308907e-01
   1.7125202e+00
   5.7593655e-01
  -4.4847176e+00
   4.3528861e+00
  -4.9588912e+00
  -3.4779253e+00
  -4.6887623e+00
   5.9215298e+00
  -5.4413959e+00
   1.1309617e+00
  -1.9678053e+00
  -5.5839169e+00
  -4.3037754e-01
   4.3088997e+00
   3.1761523e+00
  -5.0234015e+00
  -4.2901636e+00
   4.8891362e+00
  -1.4173811e+00
  -2.6384039e+00
   4.7355719e+00
   5.2576950e+00
   2.0845353e-01
   2.8799446e+00
   2.1485881e+00
  -2.9533682e+00
   2.2686795e+00
   1.2604715e+00
  -1.6149240e-01
   9.6928046e-01
   4.2835281e+00
   5.1834061e+00
  -1.5764942e+00
   3.4373385e+00
   5.7107747e+00
  -2.0875270e+00
  -2.3446338e+00
  -2.8596414e+00
   5.5905852e+00
  -2.3689143e+00
  -4.5720594e+00
  -4.7109922e+00
   4.4213649e+00
  -3.1990633e+00
  -7.9573624e-01
  -5.9342399e+00
   1.4465439e-01
  -4.2152072e+00
   2.8753987e+00
   2.2304514e+00
   3.4792493e+00
  -1.1312728e-01
   1.3018974e-01
   4.8041777e+00
   4.9633089e+00
  -2.5827051e+00
  -4.5605565e+00
  -5.9244209e+00
  -2.7033279e+00
   5.7480554e+00
   5.5261678e+00
   4.3111804e+00
  -5.0508452e+00
  -2.1367950e+00
  -3.9040298e+00
   4.3800522e+00
  -4.7059453e+00
  -4.6643076e+00
  -5.8421807e+00
   2.2459807e+00
  -1.7646902e+00
   5.1753655e+00
  -4.4255756e+00
  -5.9916594e+00
  -5.4525908e+00
   5.6567468e+00
   1.7968169e+00
   3.7252598e+00
  -6.0777511e-02
  -1.2389904e+00
   4.7073318e+00
  -5.0533749e+00
   2.4718622e+00
   9.5908226e-01
  -4.1035131e+00
  -3.3527721e+00
  -3.6080463e+00
  -8.2240974e-01
  -5.4438386e+00
   4.5005296e+00
   2.4177368e+00
   5.0051531e+00
  -3.4308287e+00
  -3.1324189e+00
  -2.0426508e+00
  -4.5878092e+00
  -1.2445726e-01
  -2.6914295e+00
  -9.2320596e-01
  -8.9233506e-01
  -4.0380385e+00
   1.4855700e+00
  -1.6504359e+00
  -3.9317531e+00
   2.0578600e+00
   2.1545901e+00
   6.2306080e-01
  -2.8933731e+00
   1.9903440e+00
   3.0742097e+00
  -1.0109370e+00
  -2.4104060e+00
  -9.1247219e-01
  -1.2563003e+00
   5.0085263e+00
   4.7781960e+00
  -4.8967678e+00
   3.4763939e+00
   3.8155910e+00
  -4.6580885e-01
  -1.1096903e-01
   2.2927194e+00
  -4.9857939e+00
  -3.3890845e+00
   6.1699077e-01
  -5.2131602e+00
   3.7191705e+00
   1.6960177e+00
  -5.4809738e+00
  -2.3659455e+00
   8.3827292e-01
   2.8949036e+00
  -2.5189991e-01
   4.8175963e+00
  -4.0876173e+00
   2.0977032e+00
   1.9169311e+00
  -4.7599134e+00
   1.6461507e+00
   5.3390657e+00
  -4.8139424e+00
  -5.2247963e+00
   1.6985192e+00
   5.4044588e+00
  -1.3922701e+00
   4.5740893e+00
  -6.3308484e-01
  -5.3694890e+00
   2.7208749e+00
  -1.8725394e-01
   1.9918746e+00
  -4.1147284e+00
  -2.2580030e+00
   8.2913594e-01
  -1.2378136e+00
  -1.7398350e-03
   4.5553197e+00
   3.4294164e+00
   5.7600024e+00
   5.7201832e+00
   4.7037619e+00
   3.3317237e+00
  -2.6682291e+00
  -4.1735568e+00
  -3.8665372e+00
  -5.0584129e+00
  -3.2655175e-01
   4.7940612e+00
  -4.4915437e+00
  -5.8013499e+00
   9.7166487e-01
  -2.5711172e-01
   1.0654958e+00
  -3.6680009e+00
   1.1766293e+00
  -4.9670479e+00
  -5.7175292e+00
  -4.8798111e-01
  -1.6039596e+00
  -5.5441602e+00
  -3.2533610e+00
   1.8631220e+00
   5.8261463e+00
   2.9899366e+00
  -3.3078153e+00
  -2.0630598e+00
  -1.4285231e+00
  -3.8528332e+00
   4.8173569e+00
  -5.3897375e+00
   7.5564495e-01
   2.3387191e+00
  -1.2757853e+00
   4.6343366e+00
  -2.6595932e+00
   4.2620882e+00
  -2.2556880e+00
   2.0134793e+00
   5.1131300e+00
   5.9907004e+00
  -8.9577168e-01
   4.0831130e+00
  -4.8036962e+00
   3.2486615e+00
  -2.8757422e+00
  -4.6335082e-01
  -1.3326405e+00
  -1.3276135e+00
  -5.4960095e+00
   2.6224136e+00
   3.5843573e-01
   9.7916360e-01
  -3.6625498e+00
   1.2451283e+00
   1.6890661e+00
  -5.2191657e-01
   1.5905949e+00
  -5.1150004e+00
  -1.9153125e+00
   3.3774760e+00
  -3.4982707e+00
   4.1591451e+00
  -1.1719470e+00
  -3.7900877e+00
  -5.6548876e-01
   5.3659262e+00
  -1.8160062e+00
   3.7458678e+00
   4.9196482e+00
   1.9201622e+00
   2.3029663e+00
   2.1702748e+00
  -3.5372167e+00
  -5.4549577e+00
  -1.4865826e+00
   4.6841348e+00
   5.0340708e+00
   1.6284804e+00
  -4.2925854e+00
  -4.0396459e+00
   4.6382515e+00
   5.8802288e+00
  -7.1950690e-01
   1.2764160e+00
  -3.9168908e+00
   5.2194351e+00
   2.2173905e+00
  -2.1911323e+00
  -4.4313059e+00
   3.5465547e+00
   6.2489787e-01
   4.3519550e+00
   3.2714266e+00
  -2.6072554e+00
   3.8551790e+00
  -4.8540317e+00
   2.3279473e+00
  -4.9071661e+00
   3.0197149e+00
   3.6068685e+00
   9.8443219e-01
  -3.7936477e+00
   3.9551150e+00
   3.7722077e+00
  -1.0130438e+00
  -4.1920319e+00
  -8.7291478e-01
   3.7995550e+00
   2.7151743e+00
   3.3272018e-01
   5.2423093e+00
   4.7550998e-01
  -2.4857910e+00
   5.3927483e+00
  -2.5430327e+00
  -4.7567538e+00
   3.2675830e+00
  -4.1264263e+00
   4.5887651e+00
   4.4195545e+00
  -3.3252925e+00
  -1.1803350e+00
  -8.7185238e-01
   2.2521370e-01
  -2.0161093e+00
   2.0391694e+00
   7.5525060e-02
  -2.2194454e+00
   5.1257161e+00
   4.2861598e+00
  -3.4313764e+00
  -3.1155955e-01
  -4.0175427e+00
  -4.1677663e+00
  -3.4136641e+00
  -5.1554350e+00
   1.5956436e-01
   3.9903212e-02
   4.6284618e+00
  -7.6061562e-01
   2.3420771e+00
  -9.2329920e-01
   5.4251479e+00
   2.3605262e+00
  -1.7856652e+00
  -1.8865106e+00
   1.4980673e+00
   2.5969201e+00
   1.5654093e+00
  -4.1070042e+00
   5.4163025e+00
  -1.2440640e+00
   1.3565346e+00
   3.0501831e+00
   5.5878918e+00
   3.1480928e-01
   1.1666831e+00
   4.5753223e+00
   5.7308918e+00
  -1.9739471e+00
   5.7016456e+00
  -3.6654123e+00
  -5.2021630e+00
  -9.4479151e-01
  -1.4090995e+00
   4.5791204e+00
  -4.6893275e+00
  -1.0461251e+00
  -4.9087983e-01
  -4.7738530e+00
   3.3812654e+00
   5.1455536e+00
   5.5524558e-01
  -1.0836972e+00
   1.0179585e-01
   1.0810017e+00
  -4.0234931e+00
  -3.6501417e+00
  -7.3244623e-01
  -5.8615107e+00
   4.9023777e+00
   3.7958474e+00
  -1.0068161e-01
   4.0449329e+00
  -5.3289984e+00
  -4.1310699e+00
  -4.1422947e-01
  -5.2739866e+00
  -5.0940475e+00
   2.8214647e+00
  -3.0573057e+00
  -4.8368386e+00
  -2.6104741e+00
   4.7453132e-02
  -2.1868028e+00
  -1.7304754e+00
  -1.7188493e+00
   2.5657951e-01
  -1.8308645e+00
  -2.3616296e-01
  -2.6855749e+00
   4.0081365e+00
   2.6796020e-01
   1.3118876e+00
  -1.2614293e+00
   5.9725727e+00
  -4.0128824e+00
   3.8943629e+00
   3.3458644e+00
   4.9956577e+00
   5.2642923e+00
  -1.2607590e+00
  -2.6757921e+00
  -3.0541593e+00
  -9.8003863e-01
  -5.6494720e+00
  -1.9680131e+00
   5.1838455e+00
   5.9227388e+00
  -4.2634353e+00
   1.8090548e+00
  -6.9533379e-01
   2.3495166e+00
  -3.0023033e-01
  -5.9383519e+00
  -2.6931269e+00
  -2.4796549e+00
  -4.1115083e+00
  -2.4731004e-01
  -6.4755890e-01
   5.2471897e+00
   4.6275386e-01
  -3.3487302e+00
   4.4058601e+00
  -9.0863015e-01
   4.7100722e+00
   4.6012166e+00
   3.9487475e+00
  -5.6506869e+00
  -1.0177865e+00
  -4.3468129e+00
   4.9865648e+00
  -4.8895139e+00
  -2.3252831e+00
  -4.6380009e-01
   2.7509659e+00
  -3.8130961e+00
  -1.9231910e+00
  -2.8512021e-01
  -5.7675213e+00
  -3.1509024e+00
   5.8306799e+00
   5.4286236e-01
  -1.1902265e-01
   5.2666114e+00
   1.9468744e+00
   4.2144187e+00
   1.6756776e+00
  -3.6793564e-01
   3.8298261e-01
  -7.3513021e-01
  -2.6521863e-01
   4.9757699e+00
   3.0236872e+00
  -5.2529047e+00
   2.5718205e+00
   5.9302156e+00
  -1.2497704e+00
  -4.9213319e+00
  -3.4080040e+00
  -4.5103049e-01
  -3.6328999e+00
  -2.0143642e+00
   1.9077640e+00
   5.7615017e+00
  -2.3088863e+00
   3.4785457e+00
   5.1370796e+00
   4.2635405e+00
   4.0726536e+00
   3.7634634e+00
  -8.0946770e-01
   2.6422157e+00
  -9.2840805e-01
  -9.0760927e-01
   1.3437658e+00
  -5.5772373e-01
  -1.2259831e+00
  -2.0726245e+00
   2.1006980e+00
  -3.3592788e+00
   1.7890559e+00
  -4.8638065e+00
  -4.9164172e+00
   5.2659069e+00
  -5.7501413e+00
  -2.7997608e+00
   5.0901335e+00
  -1.2289342e-01
  -3.8193190e+00
  -2.7086797e+00
   3.8988905e+00
  -4.5874482e+00
  -3.2998080e+00
  -7.1642288e-01
  -4.6644451e+00
   2.3466942e+00
  -9.2276322e-02
   5.7549272e+00
   3.2332790e+00
  -3.7088840e+00
  -2.4201216e+00
   5.3947050e+00
  -5.8508338e+00
   2.5522975e+00
   2.9034861e+00
  -3.8008237e+00
  -5.5534652e-01
   1.5875079e+00
   2.4961979e+00
   6.9800164e-01
  -4.9653684e+00
  -3.7975392e-01
  -4.9508671e+00
  -2.1211601e+00
  -1.2194658e-01
  -5.3864717e+00
  -4.2360616e+00
   6.6908787e-01
  -5.6230591e-01
  -3.1719471e+00
   5.5783304e+00
  -8.8836296e-01
   3.9992787e+00
   4.7970176e+00
   5.2265287e+00
   2.3360089e+00
   2.0345684e-01
   5.1015743e+00
  -3.6943916e+00
   1.3853788e+00
  -1.9621774e+00
   2.6546770e+00
  -1.9880343e+00
   5.3765807e+00
  -1.8020358e+00
   5.9832673e+00
  -7.2248462e-01
   2.4134113e+00
  -4.1066831e+00
  -5.2747031e+00
  -3.2428397e+00
   5.6078074e+00
  -2.6370190e+00
  -3.8832193e+00
   2.5012947e+00
  -1.4619144e+00
  -2.8912578e+00
  -5.3959566e+00
   3.3130167e+00
  -3.6994190e+00
   2.9759549e+00
   1.6634917e+00
  -5.6365582e+00
   9.9772054e-01
  -2.5635274e+00
   2.5817932e+00
  -3.4688038e+00
  -3.2661593e+00
   4.1004776e+00
  -5.6513094e+00
   3.7388018e+00
  -1.6025801e+00
   3.9510304e-01
  -1.7595643e+00
  -7.9941493e-02
  -2.9743421e-01
   1.9211008e-01
   3.4306890e+00
  -5.4817951e+00
  -1.8006843e+00
   4.1828182e+00
   3.6806624e+00
  -6.1084554e-01
   4.6369168e+00
  -1.4846374e+00
   2.8254640e+00
   5.1292846e+00
   5.4742095e+00
   4.7568264e+00
   6.1231528e-01
  -2.5755815e+00
  -5.5294634e+00
  -1.0103878e+00
   4.3000782e+00
   4.2694982e+00
  -4.5652179e+00
   4.8869485e+00
  -5.2897724e+00
   5.5558773e+00
  -4.4117046e+00
   2.9571329e+00
  -3.2267821e+00
   4.3510838e+00
   1.4181144e+00
  -3.5288024e+00
   2.7569563e+00
   1.7934432e-01
  -3.6568662e+00
   3.1073092e+00
  -3.8935949e+00
  -1.9326247e+00
   8.2685797e-01
   3.0586046e+00
  -5.4297297e-01
   2.7600900e+00
  -3.6649985e+00
   4.5890918e+00
   2.3870900e+00
   2.0451726e+00
   5.8125453e+00
   2.0756420e+00
   9.8023628e-01
  -7.9816516e-03
  -1.9691414e+00
  -2.1794686e+00
  -1.3964902e+00
   6.5834533e-01
   1.4148370e+00
  -2.2913401e+00
   4.6109748e+00
  -3.7120915e+00
  -1.8342929e-01
  -5.9372828e+00
  -2.6522325e+00
  -1.2524541e-01
   2.5915925e+00
   2.8255666e+00
   1.5712906e+00
   7.9069112e-01
   3.6578898e-01
   1.6830917e+00
  -4.2704628e+00
  -9.5922164e-01
  -3.8072442e+00
   6.1721757e-01
   5.4722427e+00
   3.2443184e+00
   4.0819483e+00
   3.3932722e+00
   2.6614845e+00
   2.1832431e+00
   3.9665905e+00
  -1.1282973e+00
  -5.8547702e+00
  -5.9598553e+00
   4.7399313e+00
   5.4145163e+00
  -4.9495309e+00
  -2.9730521e+00
  -2.0664120e+00
  -3.2031923e+00
   4.6998971e+00
   4.6684625e+00
   2.7772289e+00
  -3.5296507e+00
   4.2773593e+00
  -2.7277738e+00
  -1.5222421e+00
  -1.5431172e+00
   5.5081414e+00
  -8.8930022e-01
  -1.6955716e+00
  -2.2487459e+00
   1.5639907e+00
   3.3944001e+00
   5.5387505e+00
   2.8357561e+00
  -7.1381717e-01
   5.8062828e+00
   4.5510776e+00
  -3.3834685e+00
   8.2696876e-02
   2.8871490e+00
  -3.6889141e+00
   1.7267990e+00
  -4.6902290e+00
  -3.7974196e+00
  -1.3995521e+00
   2.1425912e+00
  -3.4245447e-01
   3.5571131e+00
   3.3808692e+00
   8.9071406e-01
  -6.9638229e-01
  -4.1909670e+00
  -2.6817414e+00
  -1.3626625e+00
   3.4473171e+00
  -3.2156632e+00
   2.0938187e+00
  -3.6961197e+00
   5.8763448e+00
  -4.2100893e+00
   1.3022167e+00
  -3.2377621e+00
  -5.6390871e+00
   4.2362894e+00
   3.3295561e+00
  -2.3431310e+00
   2.0692856e+00
   3.5864888e+00
   3.0565596e+00
  -1.9820131e+00
   3.6903468e+00
   4.3726362e+00
   3.5943785e+00
  -4.2342130e-01
   4.5087620e+00
  -9.9164044e-01
  -2.2925573e+00
  -4.0303864e+00
  -4.7735738e+00
   3.6124447e+00
  -1.6939975e+00
  -3.8625291e+00
  -5.4363535e+00
   5.8756148e+00
  -8.0597226e-01
  -3.2676357e+00
  -2.5036224e+00
   3.7620816e+00
  -4.0881094e+00
  -1.8556525e+00
  -4.9449370e+00
   4.4489235e+00
  -3.2244103e+00
  -2.5949094e+00
  -1.8868507e+00
  -1.8584819e+00
   2.1167870e+00
  -2.5971913e+00
  -4.4102603e+00
   2.3575816e+00
  -3.0674380e+00
   1.6290631e+00
   2.6565867e+00
   1.6204137e+00
   1.3661129e+00
   4.7591222e+00
   4.1546393e-01
  -1.4068186e+00
   5.0286650e+00
  -9.1577727e-01
   5.6288968e+00
   8.0350112e-01
   1.1561731e+00
   1.5133321e+00
   5.9014212e+00
  -9.5321756e-01
   6.5964644e-01
  -1.4896097e+00
   4.3709240e+00
   1.0097872e+00
  -3.6650079e+00
   1.6969481e+00
   4.9177303e+00
  -5.9496840e+00
   3.6766098e-01
   3.9283316e+00
  -3.8113250e+00
   3.6938389e+00
  -2.5105942e+00
   2.5215841e+00
   4.1529234e+00
  -5.0032081e+00
   1.6241095e+00
  -5.5293896e+00
   4.3032405e+00
   3.2615323e+00
  -2.1492471e+00
   1.0854764e-02
  -4.7454509e+00
  -1.1211781e+00
   3.5512358e+00
   3.7445151e-01
  -2.7227657e+00
   4.9994482e+00
  -4.1172239e+00
   5.1781244e+00
   4.4542028e+00
  -5.8369655e+00
  -5.1850301e+00
  -3.8568328e+00
  -2.9108974e+00
  -2.6020060e+00
   1.0968517e+00
  -5.1946275e-01
   5.5631405e+00
  -1.5779287e-01
  -4.2204813e+00
   3.8048781e+00
  -4.0341948e+00
  -4.9697404e+00
   1.3443735e+00
   1.5382108e+00
   5.2595838e+00
  -3.3514095e+00
   3.7950249e+00
  -5.7756170e+00
  -2.1402429e+00
   5.1893889e+00
  -3.7349332e-01
   5.4420125e-02
  -3.3187582e+00
   4.7449980e+00
   4.2769591e+00
  -1.1271812e+00
  -4.9321704e-01
  -4.6075741e-01
   3.3861796e+00
  -5.4409780e+00
  -5.2649150e+00
   3.1032049e+00
   4.0548738e+00
  -5.5921759e+00
  -1.5788492e+00
   3.6300786e+00
   3.9082522e+00
  -4.1833269e+00
  -5.9608532e+00
   4.5651750e+00
   1.4234627e+00
   4.3509048e-02
  -5.8869542e+00
   9.0022328e-01
  -8.2975901e-01
   4.7602293e-01
  -1.1195699e+00
  -2.5094286e-01
  -2.1277313e+00
   5.6699830e+00
  -1.2787516e+00
  -3.8154612e+00
   5.2121492e+00
   3.3345974e+00
   2.3510460e+00
   3.5133341e-02
   4.7924956e+00
   2.7089068e+00
   4.4353125e+00
  -3.8467349e+00
   2.2129936e-01
   2.8030896e+00
   1.3804978e+00
   7.5518210e-01
  -3.7370610e+00
   3.8771723e+00
   1.4695370e+00
  -1.8538979e+00
   4.4504704e+00
  -6.9850670e-01
   2.8299064e+00
   1.0345080e+00
   2.6815404e+00
  -3.2883316e+00
  -3.7375129e+00
   1.4331882e+00
   4.6829550e+00
  -3.7416277e+00
   1.0157860e+00
   1.9271682e+00
  -5.8329561e+00
  -2.1595698e+00
   5.9874911e+00
  -3.5491449e+00
  -4.9074916e+00
  -4.3033710e-01
  -4.7825346e+00
  -5.3227711e+00
   7.2773282e-01
  -2.7736704e+00
  -5.3358283e-02
  -2.5486256e+00
  -4.9971572e+00
  -4.5210931e+00
  -4.8518442e+00
  -5.5906632e-02
   2.4326997e+00
  -2.2191455e+00
  -3.3284247e+00
   1.1244395e+00
   3.8794605e+00
   2.9813485e-01
  -1.5076694e+00
  -5.3012522e+00
  -5.3992052e-01
   1.6475624e+00
   4.3756575e+00
  -2.9960484e+00
   4.7543881e+00
   6.6400053e-01
  -2.6278718e+00
   2.9853764e+00
   5.2043124e+00
  -3.3309996e+00
  -7.8826402e-01
  -2.0170003e+00
  -5.5268896e+00
  -5.4336372e+00
   1.3546042e+00
  -4.0373458e+00
  -4.3087266e+00
   4.7882615e+00
   5.4460730e+00
  -3.4333660e-01
   1.6084102e-01
  -3.1383080e+00
   1.1519241e+00
  -4.5053350e+00
  -1.7334589e+00
  -4.9038666e+00
  -3.2908636e+00
  -4.7221140e+00
   1.0405740e+00
  -1.2972848e+00
  -5.6509995e+00
  -1.0676859e+00
  -4.6927120e+00
   5.5592015e+00
   4.0120636e+00
   3.5126848e+00
   5.3201981e+00
   4.8528888e+00
  -4.5310692e+00
   3.1600138e+00
   1.4970601e+00
  -6.4893322e-01
  -8.4525699e-01
  -4.4155111e+00
   5.4093083e+00
   8.4218850e-01
  -3.9698032e+00
  -3.8346356e+00
   6.1784904e-01
  -4.4264892e+00
  -2.4669065e+00
  -1.4093251e+00
  -4.0500533e+00
  -3.5416885e+00
  -3.2809656e+00
   6.1336607e-01
  -1.9508203e+00
  -3.1815263e+00
  -5.8647358e+00
  -4.3172935e+00
  -5.4990938e+00
  -1.8022195e+00
   3.2510341e+00
   2.4610391e+00
   3.4797308e-01
   4.2595333e+00
   4.9967882e-01
  -3.8350004e+00
   2.7957974e+00
   4.6567250e+00
  -5.4402340e+00
  -3.3271999e+00
   3.1182952e+00
  -5.0646536e+00
  -5.7359054e+00
   3.3759747e-01
   2.2718345e+00
  -3.3183293e+00
  -5.2358639e+00
   3.5093607e+00
  -4.3983531e+00
  -4.0592006e+00
   5.2428738e+00
  -1.5758861e+00
  -2.6224472e+00
   1.8950681e-01
  -1.5660133e+00
   5.9124431e+00
   1.4251837e+00
  -2.7661768e-01
  -2.5053693e+00
  -4.7859929e+00
  -3.0280996e-01
   1.1230606e+00
   2.3425274e+00
   4.0825924e+00
  -1.5790725e+00
   3.5297006e+00
   2.1911429e+00
  -1.9095324e+00
  -7.4902752e-01
  -3.0750415e+00
  -3.3677414e+00
  -5.9448787e+00
   7.3872348e-01
  -7.6602185e-01
  -2.3626921e+00
  -5.3549949e+00
  -3.1511929e+00
  -4.6181865e+00
  -1.0290190e+00
   4.0527188e+00
  -4.6614006e+00
   5.9218125e+00
   5.3120767e+00
  -4.4844729e-01
  -3.7879985e+00
   3.9234763e+00
  -2.5337299e+00
  -5.5611821e+00
   1.6699739e+00
  -4.5912791e+00
  -4.5529733e+00
  -8.9074117e-01
   3.3817841e+00
   3.6930985e+00
   4.3145144e-01
  -1.1995964e+00
  -3.5342817e+00
  -2.9925202e+00
  -2.4750485e+00
   5.6406778e+00
  -4.0748042e+00
   2.6045760e+00
  -8.5663239e-01
   6.8140075e-01
   1.8198043e+00
   2.7678067e+00
  -1.1252425e+00
  -2.5573041e-01
   7.6854283e-01
  -5.7119351e+00
  -4.4357379e+00
  -3.4308907e-01
   1.7125202e+00
   5.7593655e-01
  -4.4847176e+00
   4.3528861e+00
  -4.9588912e+00
  -3.4779253e+00
  -4.6887623e+00
   5.9215298e+00
  -5.4413959e+00
   1.1309617e+00
  -1.9678053e+00
  -5.5839169e+00
  -4.3037754e-01
   4.3088997e+00
   3.1761523e+00
  -5.0234015e+00
  -4.2901636e+00
   4.8891362e+00
  -1.4173811e+00
  -2.6384039e+00
   4.7355719e+00
   5.2576950e+00
   2.0845353e-01
   2.8799446e+00
   2.1485881e+00
  -2.9533682e+00
   2.2686795e+00
   1.2604715e+00
  -1.6149240e-01
   9.6928046e-01
   4.2835281e+00
   5.1834061e+00
  -1.5764942e+00
   3.4373385e+00
   5.7107747e+00
  -2.0875270e+00
  -2.3446338e+00
  -2.8596414e+00
   5.5905852e+00
  -2.3689143e+00
  -4.5720594e+00
  -4.7109922e+00
   4.4213649e+00
  -3.1990633e+00
  -7.9573624e-01
  -5.9342399e+00
   1.4465439e-01
  -4.2152072e+00
   2.8753987e+00
   2.2304514e+00
   3.4792493e+00
  -1.1312728e-01
   1.3018974e-01
   4.8041777e+00
   4.9633089e+00
  -2.5827051e+00
  -4.5605565e+00
  -5.9244209e+00
  -2.7033279e+00
   5.7480554e+00
   5.5261678e+00
   4.3111804e+00
  -5.0508452e+00
  -2.1367950e+00
  -3.9040298e+00
   4.3800522e+00
  -4.7059453e+00
  -4.6643076e+00
  -5.8421807e+00
   2.2459807e+00
  -1.7646902e+00
   5.1753655e+00
  -4.4255756e+00
  -5.9916594e+00
  -5.4525908e+00
   5.6567468e+00
   1.7968169e+00
   3.7252598e+00
  -6.0777511e-02
  -1.2389904e+00
   4.7073318e+00
  -5.0533749e+00
   2.4718622e+00
   9.5908226e-01
  -4.1035131e+00
  -3.3527721e+00
  -3.6080463e+00
  -8.2240974e-01
  -5.4438386e+00
   4.5005296e+00
   2.4177368e+00
   5.0051531e+00
  -3.4308287e+00
  -3.1324189e+00
  -2.0426508e+00
  -4.5878092e+00
  -1.2445726e-01
  -2.6914295e+00
  -9.2320596e-01
  -8.9233506e-01
  -4.0380385e+00
   1.4855700e+00
  -1.6504359e+00
  -3.9317531e+00
   2.0578600e+00
   2.1545901e+00
   6.2306080e-01
  -2.8933731e+00
   1.9903440e+00
   3.0742097e+00
  -1.0109370e+00
  -2.4104060e+00
  -9.1247219e-01
  -1.2563003e+00
   5.0085263e+00
   4.7781960e+00
  -4.8967678e+00
   3.4763939e+00
   3.8155910e+00
  -4.6580885e-01
  -1.1096903e-01
   2.2927194e+00
  -4.9857939e+00
  -3.3890845e+00
   6.1699077e-01
  -5.2131602e+00
   3.7191705e+00
   1.6960177e+00
  -5.4809738e+00
  -2.3659455e+00
   8.3827292e-01
   2.8949036e+00
  -2.5189991e-01
   4.8175963e+00
  -4.0876173e+00
   2.0977032e+00
   1.9169311e+00
  -4.7599134e+00
   1.6461507e+00
   5.3390657e+00
  -4.8139424e+00
  -5.2247963e+00
   1.6985192e+00
   5.4044588e+00
  -1.3922701e+00
   4.5740893e+00
  -6.3308484e-01
  -5.3694890e+00
   2.7208749e+00
  -1.8725394e-01
   1.9918746e+00
  -4.1147284e+00
  -2.2580030e+00
   8.2913594e-01
  -1.2378136e+00
  -1.7398350e-03
   4.5553197e+00
   3.4294164e+00
   5.7600024e+00
   5.7201832e+00
   4.7037619e+00
   3.3317237e+00
  -2.6682291e+00
  -4.1735568e+00
  -3.8665372e+00
  -5.0584129e+00
  -3.2655175e-01
   4.7940612e+00
  -4.4915437e+00
  -5.8013499e+00
   9.7166487e-01
  -2.5711172e-01
   1.0654958e+00
  -3.6680009e+00
   1.1766293e+00
  -4.9670479e+00
  -5.7175292e+00
  -4.8798111e-01
  -1.6039596e+00
  -5.5441602e+00
  -3.2533610e+00
   1.8631220e+00
   5.8261463e+00
   2.9899366e+00
  -3.3078153e+00
  -2.0630598e+00
  -1.4285231e+00
  -3.8528332e+00
   4.8173569e+00
  -5.3897375e+00
   7.5564495e-01
   2.3387191e+00
  -1.2757853e+00
   4.6343366e+00
  -2.6595932e+00
   4.2620882e+00
  -2.2556880e+00
   2.0134793e+00
   5.1131300e+00
   5.9907004e+00
  -8.9577168e-01
   4.0831130e+00
  -4.8036962e+00
   3.2486615e+00
  -2.8757422e+00
  -4.6335082e-01
  -1.3326405e+00
  -1.3276135e+00
  -5.4960095e+00
   2.6224136e+00
   3.5843573e-01
   9.7916360e-01
  -3.6625498e+00
   1.2451283e+00
   1.6890661e+00
  -5.2191657e-01
   1.5905949e+00
  -5.1150004e+00
  -1.9153125e+00
   3.3774760e+00
  -3.4982707e+00
   4.1591451e+00
  -1.1719470e+00
  -3.7900877e+00
  -5.6548876e-01
   5.3659262e+00
  -1.8160062e+00
   3.7458678e+00
   4.9196482e+00
   1.9201622e+00
   2.3029663e+00
   2.1702748e+00
  -3.5372167e+00
  -5.4549577e+00
  -1.4865826e+00
   4.6841348e+00
   5.0340708e+00
   1.6284804e+00
  -4.2925854e+00
  -4.0396459e+00
   4.6382515e+00
   5.8802288e+00
  -7.1950690e-01
   1.2764160e+00
  -3.9168908e+00
   5.2194351e+00
   2.2173905e+00
  -2.1911323e+00
  -4.4313059e+00
   3.5465547e+00
   6.2489787e-01
   4.3519550e+00
   3.2714266e+00
  -2.6072554e+00
   3.8551790e+00
  -4.8540317e+00
   2.3279473e+00
  -4.9071661e+00
   3.0197149e+00
   3.6068685e+00
   9.8443219e-01
  -3.7936477e+00
   3.9551150e+00
   3.7722077e+00
  -1.0130438e+00
  -4.1920319e+00
  -8.7291478e-01
   3.7995550e+00
   2.7151743e+00
   3.3272018e-01
   5.2423093e+00
   4.7550998e-01
  -2.4857910e+00
   5.3927483e+00
  -2.5430327e+00
  -4.7567538e+00
   3.2675830e+00
  -4.1264263e+00
   4.5887651e+00
   4.4195545e+00
  -3.3252925e+00
  -1.1803350e+00
  -8.7185238e-01
   2.2521370e-01
  -2.0161093e+00
   2.0391694e+00
   7.5525060e-02
  -2.2194454e+00
   5.1257161e+00
   4.2861598e+00
  -3.4313764e+00
  -3.1155955e-01
  -4.0175427e+00
  -4.1677663e+00
  -3.4136641e+00
  -5.1554350e+00
   1.5956436e-01
   3.9903212e-02
   4.6284618e+00
  -7.6061562e-01
   2.3420771e+00
  -9.2329920e-01
   5.4251479e+00
   2.3605262e+00
  -1.7856652e+00
  -1.8865106e+00
   1.4980673e+00
   2.5969201e+00
   1.5654093e+00
  -4.1070042e+00
   5.4163025e+00
  -1.2440640e+00
   1.3565346e+00
   3.0501831e+00
   5.5878918e+00
   3.1480928e-01
   1.1666831e+00
   4.5753223e+00
   5.7308918e+00
  -1.9739471e+00
   5.7016456e+00
  -3.6654123e+00
  -5.2021630e+00
  -9.4479151e-01
  -1.4090995e+00
   4.5791204e+00
  -4.6893275e+00
  -1.0461251e+00
  -4.9087983e-01
  -4.7738530e+00
   3.3812654e+00
   5.1455536e+00
   5.5524558e-01
  -1.0836972e+00
   1.0179585e-01
   1.0810017e+00
  -4.0234931e+00
  -3.6501417e+00
  -7.3244623e-01
  -5.8615107e+00
   4.9023777e+00
   3.7958474e+00
  -1.0068161e-01
   4.0449329e+00
  -5.3289984e+00
  -4.1310699e+00
  -4.1422947e-01
  -5.2739866e+00
  -5.0940475e+00
   2.8214647e+00
  -3.0573057e+00
  -4.8368386e+00
  -2.6104741e+00
   4.7453132e-02
  -2.1868028e+00
  -1.7304754e+00
  -1.7188493e+00
   2.5657951e-01
  -1.8308645e+00
  -2.3616296e-01
  -2.6855749e+00
   4.0081365e+00
   2.6796020e-01
   1.3118876e+00
  -1.2614293e+00
   5.9725727e+00
  -4.0128824e+00
   3.8943629e+00
   3.3458644e+00
   4.9956577e+00
   5.2642923e+00
  -1.2607590e+00
  -2.6757921e+00
  -3.0541593e+00
  -9.8003863e-01
  -5.6494720e+00
  -1.9680131e+00
   5.1838455e+00
   5.9227388e+00
  -4.2634353e+00
   1.8090548e+00
  -6.9533379e-01
   2.3495166e+00
  -3.0023033e-01
  -5.9383519e+00
  -2.6931269e+00
  -2.4796549e+00
  -4.1115083e+00
  -2.4731004e-01
  -6.4755890e-01
   5.2471897e+00
   4.6275386e-01
  -3.3487302e+00
   4.4058601e+00
  -9.0863015e-01
   4.7100722e+00
   4.6012166e+00
   3.9487475e+00
  -5.6506869e+00
  -1.0177865e+00
  -4.3468129e+00
   4.9865648e+00
  -4.8895139e+00
  -2.3252831e+00
  -4.6380009e-01
   2.7509659e+00
  -3.8130961e+00
  -1.9231910e+00
  -2.8512021e-01
  -5.7675213e+00
  -3.1509024e+00
   5.8306799e+00
   5.4286236e-01
  -1.1902265e-01
   5.2666114e+00
   1.9468744e+00
   4.2144187e+00
   1.6756776e+00
  -3.6793564e-01
   3.8298261e-01
  -7.3513021e-01
  -2.6521863e-01
   4.9757699e+00
   3.0236872e+00
  -5.2529047e+00
   2.5718205e+00
   5.9302156e+00
  -1.2497704e+00
  -4.9213319e+00
  -3.4080040e+00
  -4.5103049e-01
  -3.6328999e+00
  -2.0143642e+00
   1.9077640e+00
   5.7615017e+00
  -2.3088863e+00
   3.4785457e+00
   5.1370796e+00
   4.2635405e+00
   4.0726536e+00
   3.7634634e+00
  -8.0946770e-01
   2.6422157e+00
  -9.2840805e-01
  -9.0760927e-01
   1.3437658e+00
  -5.5772373e-01
  -1.2259831e+00
  -2.0726245e+00
   2.1006980e+00
  -3.3592788e+00
   1.7890559e+00
  -4.8638065e+00
  -4.9164172e+00
   5.2659069e+00
  -5.7501413e+00
  -2.7997608e+00
   5.0901335e+00
  -1.2289342e-01
  -3.8193190e+00
  -2.7086797e+00
   3.8988905e+00
  -4.5874482e+00
  -3.2998080e+00
  -7.1642288e-01
  -4.6644451e+00
   2.3466942e+00
  -9.2276322e-02
   5.7549272e+00
   3.2332790e+00
  -3.7088840e+00
  -2.4201216e+00
   5.3947050e+00
  -5.8508338e+00
   2.5522975e+00
   2.9034861e+00
  -3.8008237e+00
  -5.5534652e-01
   1.5875079e+00
   2.4961979e+00
   6.9800164e-01
  -4.9653684e+00
  -3.7975392e-01
  -4.9508671e+00
  -2.1211601e+00
  -1.2194658e-01
  -5.3864717e+00
  -4.2360616e+00
   6.6908787e-01
  -5.6230591e-01
  -3.1719471e+00
   5.5783304e+00
  -8.8836296e-01
   3.9992787e+00
   4.7970176e+00
   5.2265287e+00
   2.3360089e+00
   2.0345684e-01
   5.1015743e+00
  -3.6943916e+00
   1.3853788e+00
  -1.9621774e+00
   2.6546770e+00
  -1.9880343e+00
   5.3765807e+00
  -1.8020358e+00
   5.9832673e+00
  -7.2248462e-01
   2.4134113e+00
  -4.1066831e+00
  -5.2747031e+00
  -3.2428397e+00
   5.6078074e+00
  -2.6370190e+00
  -3.8832193e+00
   2.5012947e+00
  -1.4619144e+00
  -2.8912578e+00
  -5.3959566e+00
   3.3130167e+00
  -3.6994190e+00
   2.9759549e+00
   1.6634917e+00
  -5.6365582e+00
   9.9772054e-01
  -2.5635274e+00
   2.5817932e+00
  -3.4688038e+00
  -3.2661593e+00
   4.1004776e+00
  -5.6513094e+00
   3.7388018e+00
  -1.6025801e+00
   3.9510304e-01
  -1.7595643e+00
  -7.9941493e-02
  -2.9743421e-01
   1.9211008e-01
   3.4306890e+00
  -5.4817951e+00
  -1.8006843e+00
   4.1828182e+00
   3.6806624e+00
  -6.1084554e-01
   4.6369168e+00
  -1.4846374e+00
   2.8254640e+00
   5.1292846e+00
   5.4742095e+00
   4.7568264e+00
   6.1231528e-01
  -2.5755815e+00
  -5.5294634e+00
  -1.0103878e+00
   4.3000782e+00
   4.2694982e+00
  -4.5652179e+00
   4.8869485e+00
  -5.2897724e+00
   5.5558773e+00
  -4.4117046e+00
   2.9571329e+00
  -3.2267821e+00
   4.3510838e+00
   1.4181144e+00
  -3.5288024e+00
   2.7569563e+00
   1.7934432e-01
  -3.6568662e+00
   3.1073092e+00
  -3.8935949e+00
  -1.9326247e+00
   8.2685797e-01
   3.0586046e+00
  -5.4297297e-01
   2.7600900e+00
  -3.6649985e+00
   4.5890918e+00
   2.3870900e+00
   2.0451726e+00
   5.8125453e+00
   2.0756420e+00
   9.8023628e-01
  -7.9816516e-03
  -1.9691414e+00
  -2.1794686e+00
  -1.3964902e+00
   6.5834533e-01
   1.4148370e+00
  -2.2913401e+00
   4.6109748e+00
  -3.7120915e+00
  -1.8342929e-01
  -5.9372828e+00
  -2.6522325e+00
  -1.2524541e-01
   2.5915925e+00
   2.8255666e+00
   1.5712906e+00
   7.9069112e-01
   3.6578898e-01
   1.6830917e+00
  -4.2704628e+00
  -9.5922164e-01
  -3.8072442e+00
   6.1721757e-01
   5.4722427e+00
   3.2443184e+00
   4.0819483e+00
   3.3932722e+00
   2.6614845e+00
   2.1832431e+00
   3.9665905e+00
  -1.1282973e+00
  -5.8547702e+00
  -5.9598553e+00
   4.7399313e+00
   5.4145163e+00
  -4.9495309e+00
  -2.9730521e+00
  -2.0664120e+00
  -3.2031923e+00
   4.6998971e+00
   4.6684625e+00
   2.7772289e+00
  -3.5296507e+00
   4.2773593e+00
  -2.7277738e+00
  -1.5222421e+00
  -1.5431172e+00
   5.5081414e+00
  -8.8930022e-01
  -1.6955716e+00
  -2.2487459e+00
   1.5639907e+00
   3.3944001e+00
   5.5387505e+00
   2.8357561e+00
  -7.1381717e-01
   5.8062828e+00
   4.5510776e+00
  -3.3834685e+00
   8.2696876e-02
   2.8871490e+00
  -3.6889141e+00
   1.7267990e+00
  -4.6902290e+00
  -3.7974196e+00
  -1.3995521e+00
   2.1425912e+00
  -3.4245447e-01
   3.5571131e+00
   3.3808692e+00
   8.9071406e-01
  -6.9638229e-01
  -4.1909670e+00
  -2.6817414e+00
  -1.3626625e+00
   3.4473171e+00
  -3.2156632e+00
   2.0938187e+00
  -3.6961197e+00
   5.8763448e+00
  -4.2100893e+00
   1.3022167e+00
  -3.2377621e+00
  -5.6390871e+00
   4.2362894e+00
   3.3295561e+00
  -2.3431310e+00
   2.0692856e+00
   3.5864888e+00
   3.0565596e+00
  -1.9820131e+00
   3.6903468e+00
   4.3726362e+00
   3.5943785e+00
  -4.2342130e-01
   4.5087620e+00
  -9.9164044e-01
  -2.2925573e+00
  -4.0303864e+00
  -4.7735738e+00
   3.6124447e+00
  -1.6939975e+00
  -3.8625291e+00
  -5.4363535e+00
   5.8756148e+00
  -8.0597226e-01
  -3.2676357e+00
  -2.5036224e+00
   3.7620816e+00
  -4.0881094e+00
  -1.8556525e+00
  -4.9449370e+00
   4.4489235e+00
  -3.2244103e+00
  -2.5949094e+00
  -1.8868507e+00
  -1.8584819e+00
   2.1167870e+00
  -2.5971913e+00
  -4.4102603e+00
   2.3575816e+00
  -3.0674380e+00
   1.6290631e+00
   2.6565867e+00
   1.6204137e+00
   1.3661129e+00
   4.7591222e+00
   4.1546393e-01
  -1.4068186e+00
   5.0286650e+00
  -9.1577727e-01
   5.6288968e+00
   8.0350112e-01
   1.1561731e+00
   1.5133321e+00
   5.9014212e+00
  -9.5321756e-01
   6.5964644e-01
  -1.4896097e+00
   4.3709240e+00
   1.0097872e+00
  -3.6650079e+00
   1.6969481e+00
   4.9177303e+00
  -5.9496840e+00
   3.6766098e-01
   3.9283316e+00
  -3.8113250e+00
   3.6938389e+00
  -2.5105942e+00
   2.5215841e+00
   4.1529234e+00
  -5.0032081e+00
   1.6241095e+00
  -5.5293896e+00
   4.3032405e+00
   3.2615323e+00
  -2.1492471e+00
   1.0854764e-02
  -4.7454509e+00
  -1.1211781e+00
   3.5512358e+00
   3.7445151e-01
  -2.7227657e+00
   4.9994482e+00
  -4.1172239e+00
   5.1781244e+00
   4.4542028e+00
  -5.8369655e+00
  -5.1850301e+00
  -3.8568328e+00
  -2.9108974e+00
  -2.6020060e+00
   1.0968517e+00
  -5.1946275e-01
   5.5631405e+00
  -1.5779287e-01
  -4.2204813e+00
   3.8048781e+00
  -4.0341948e+00
  -4.9697404e+00
   1.3443735e+00
   1.5382108e+00
   5.2595838e+00
  -3.3514095e+00
   3.7950249e+00
  -5.7756170e+00
  -2.1402429e+00
   5.1893889e+00
  -3.7349332e-01
   5.4420125e-02
  -3.3187582e+00
   4.7449980e+00
   4.2769591e+00
  -1.1271812e+00
  -4.9321704e-01
  -4.6075741e-01
   3.3861796e+00
  -5.4409780e+00
  -5.2649150e+00
   3.1032049e+00
   4.0548738e+00
  -5.5921759e+00
  -1.5788492e+00
   3.6300786e+00
   3.9082522e+00
  -4.1833269e+00
  -5.9608532e+00
   4.5651750e+00
   1.4234627e+00
   4.3509048e-02
  -5.8869542e+00
   9.0022328e-01
  -8.2975901e-01
   4.7602293e-01
  -1.1195699e+00
  -2.5094286e-01
  -2.1277313e+00
   5.6699830e+00
  -1.2787516e+00
  -3.8154612e+00
   5.2121492e+00
   3.3345974e+00
   2.3510460e+00
   3.5133341e-02
   4.7924956e+00
   2.7089068e+00
   4.4353125e+00
  -3.8467349e+00
   2.2129936e-01
   2.8030896e+00
   1.3804978e+00
   7.5518210e-01
  -3.7370610e+00
   3.8771723e+00
   1.4695370e+00
  -1.8538979e+00
   4.4504704e+00
  -6.9850670e-01
   2.8299064e+00
   1.0345080e+00
   2.6815404e+00
  -3.2883316e+00
  -3.7375129e+00
   1.4331882e+00
   4.6829550e+00
  -3.7416277e+00
   1.0157860e+00
   1.9271682e+00
  -5.8329561e+00
  -2.1595698e+00
   5.9874911e+00
  -3.5491449e+00
  -4.9074916e+00
  -4.3033710e-01
  -4.7825346e+00
  -5.3227711e+00
   7.2773282e-01
  -2.7736704e+00
  -5.3358283e-02
  -2.5486256e+00
  -4.9971572e+00
  -4.5210931e+00
  -4.8518442e+00
  -5.5906632e-02
   2.4326997e+00
  -2.2191455e+00
  -3.3284247e+00
   1.1244395e+00
   3.8794605e+00
   2.9813485e-01
  -1.5076694e+00
  -5.3012522e+00
  -5.3992052e-01
   1.6475624e+00
   4.3756575e+00
  -2.9960484e+00
   4.7543881e+00
   6.6400053e-01
  -2.6278718e+00
   2.9853764e+00
   5.2043124e+00
  -3.3309996e+00
  -7.8826402e-01
  -2.0170003e+00
  -5.5268896e+00
  -5.4336372e+00
   1.3546042e+00
  -4.0373458e+00
  -4.3087266e+00
   4.7882615e+00
   5.4460730e+00
  -3.4333660e-01
   1.6084102e-01
  -3.1383080e+00
   1.1519241e+00
  -4.5053350e+00
  -1.7334589e+00
  -4.9038666e+00
  -3.2908636e+00
  -4.7221140e+00
   1.0405740e+00
  -1.2972848e+00
  -5.6509995e+00
  -1.0676859e+00
  -4.6927120e+00
   5.5592015e+00
   4.0120636e+00
   3.5126848e+00
   5.3201981e+00
   4.8528888e+00
  -4.5310692e+00
   3.1600138e+00
   1.4970601e+00
  -6.4893322e-01
  -8.4525699e-01
  -4.4155111e+00
   5.4093083e+00
   8.4218850e-01
  -3.9698032e+00
  -3.8346356e+00
   6.1784904e-01
  -4.4264892e+00
  -2.4669065e+00
  -1.4093251e+00
  -4.0500533e+00
  -3.5416885e+00
  -3.2809656e+00
   6.1336607e-01
  -1.9508203e+00
  -3.1815263e+00
  -5.8647358e+00
  -4.3172935e+00
  -5.4990938e+00
  -1.8022195e+00
   3.2510341e+00
   2.4610391e+00
   3.4797308e-01
   4.2595333e+00
   4.9967882e-01
  -3.8350004e+00
   2.7957974e+00
   4.6567250e+00
  -5.4402340e+00
  -3.3271999e+00
   3.1182952e+00
  -5.0646536e+00
  -5.7359054e+00
   3.3759747e-01
   2.2718345e+00
  -3.3183293e+00
  -5.2358639e+00
   3.5093607e+00
  -4.3983531e+00
  -4.0592006e+00
   5.2428738e+00
  -1.5758861e+00
  -2.6224472e+00
   1.8950681e-01
  -1.5660133e+00
   5.9124431e+00
   1.4251837e+00
  -2.7661768e-01
  -2.5053693e+00
  -4.7859929e+00
  -3.0280996e-01
   1.1230606e+00
   2.3425274e+00
   4.0825924e+00
  -1.5790725e+00
   3.5297006e+00
   2.1911429e+00
  -1.9095324e+00
  -7.4902752e-01
  -3.0750415e+00
  -3.3677414e+00
  -5.9448787e+00
   7.3872348e-01
  -7.6602185e-01
  -2.3626921e+00
  -5.3549949e+00
  -3.1511929e+00
  -4.6181865e+00
  -1.0290190e+00
   4.0527188e+00
  -4.6614006e+00
   5.9218125e+00
   5.3120767e+00
  -4.4844729e-01
  -3.7879985e+00
   3.9234763e+00
  -2.5337299e+00
  -5.5611821e+00
   1.6699739e+00
  -4.5912791e+00
  -4.5529733e+00
  -8.9074117e-01
   3.3817841e+00
   3.6930985e+00
   4.3145144e-01
  -1.1995964e+00
  -3.5342817e+00
  -2.9925202e+00
  -2.4750485e+00
   5.6406778e+00
  -4.0748042e+00
   2.6045760e+00
  -8.5663239e-01
   6.8140075e-01
   1.8198043e+00
   2.7678067e+00
  -1.1252425e+00
  -2.5573041e-01
   7.6854283e-01
  -5.7119351e+00
  -4.4357379e+00
  -3.4308907e-01
   1.7125202e+00
   5.7593655e-01
  -4.4847176e+00
   4.3528861e+00
  -4.9588912e+00
  -3.4779253e+00
  -4.6887623e+00
   5.9215298e+00
  -5.4413959e+00
   1.1309617e+00
  -1.9678053e+00
  -5.5839169e+00
  -4.3037754e-01
   4.3088997e+00
   3.1761523e+00
  -5.0234015e+00
  -4.2901636e+00
   4.8891362e+00
  -1.4173811e+00
  -2.6384039e+00
   4.7355719e+00
   5.2576950e+00
   2.0845353e-01
   2.8799446e+00
   2.1485881e+00
  -2.9533682e+00
   2.2686795e+00
   1.2604715e+00
  -1.6149240e-01
   9.6928046e-01
   4.2835281e+00
   5.1834061e+00
  -1.5764942e+00
   3.4373385e+00
   5.7107747e+00
  -2.0875270e+00
  -2.3446338e+00
  -2.8596414e+00
   5.5905852e+00
  -2.3689143e+00
  -4.5720594e+00
  -4.7109922e+00
   4.4213649e+00
  -3.1990633e+00
  -7.9573624e-01
  -5.9342399e+00
   1.4465439e-01
  -4.2152072e+00
   2.8753987e+00
   2.2304514e+00
   3.4792493e+00
  -1.1312728e-01
   1.3018974e-01
   4.8041777e+00
   4.9633089e+00
  -2.5827051e+00
  -4.5605565e+00
  -5.9244209e+00
  -2.7033279e+00
   5.7480554e+00
   5.5261678e+00
   4.3111804e+00
  -5.0508452e+00
  -2.1367950e+00
  -3.9040298e+00
   4.3800522e+00
  -4.7059453e+00
  -4.6643076e+00
  -5.8421807e+00
   2.2459807e+00
  -1.7646902e+00
   5.1753655e+00
  -4.4255756e+00
  -5.9916594e+00
  -5.4525908e+00
   5.6567468e+00
   1.7968169e+00
   3.7252598e+00
  -6.0777511e-02
  -1.2389904e+00
   4.7073318e+00
  -5.0533749e+00
   2.4718622e+00
   9.5908226e-01
  -4.1035131e+00
  -3.3527721e+00
  -3.6080463e+00
  -8.2240974e-01
  -5.4438386e+00
   4.5005296e+00
   2.4177368e+00
   5.0051531e+00
  -3.4308287e+00
  -3.1324189e+00
  -2.0426508e+00
  -4.5878092e+00
  -1.2445726e-01
  -2.6914295e+00
  -9.2320596e-01
  -8.9233506e-01
  -4.0380385e+00
   1.4855700e+00
  -1.6504359e+00
  -3.9317531e+00
   2.0578600e+00
   2.1545901e+00
   6.2306080e-01
  -2.8933731e+00
   1.9903440e+00
   3.0742097e+00
  -1.0109370e+00
  -2.4104060e+00
  -9.1247219e-01
  -1.2563003e+00
   5.0085263e+00
   4.7781960e+00
  -4.8967678e+00
   3.4763939e+00
   3.8155910e+00
  -4.6580885e-01
  -1.1096903e-01
   2.2927194e+00
  -4.9857939e+00
  -3.3890845e+00
   6.1699077e-01
  -5.2131602e+00
   3.7191705e+00
   1.6960177e+00
  -5.4809738e+00
  -2.3659455e+00
   8.3827292e-01
   2.8949036e+00
  -2.5189991e-01
   4.8175963e+00
  -4.0876173e+00
   2.0977032e+00
   1.9169311e+00
  -4.7599134e+00
   1.6461507e+00
   5.3390657e+00
  -4.8139424e+00
  -5.2247963e+00
   1.6985192e+00
   5.4044588e+00
  -1.3922701e+00
   4.5740893e+00
  -6.3308484e-01
  -5.3694890e+00
   2.7208749e+00
  -1.8725394e-01
   1.9918746e+00
  -4.1147284e+00
  -2.2580030e+00
   8.2913594e-01
  -1.2378136e+00
  -1.7398350e-03
   4.5553197e+00
   3.4294164e+00
   5.7600024e+00
   5.7201832e+00
   4.7037619e+00
   3.3317237e+00
  -2.6682291e+00
  -4.1735568e+00
  -3.8665372e+00
  -5.0584129e+00
  -3.2655175e-01
   4.7940612e+00
  -4.4915437e+00
  -5.8013499e+00
   9.7166487e-01
  -2.5711172e-01
   1.0654958e+00
  -3.6680009e+00
   1.1766293e+00
  -4.9670479e+00
  -5.7175292e+00
  -4.8798111e-01
  -1.6039596e+00
  -5.5441602e+00
  -3.2533610e+00
   1.8631220e+00
   5.8261463e+00
   2.9899366e+00
  -3.3078153e+00
  -2.0630598e+00
  -1.4285231e+00
  -3.8528332e+00
   4.8173569e+00
  -5.3897375e+00
   7.5564495e-01
   2.3387191e+00
  -1.2757853e+00
   4.6343366e+00
  -2.6595932e+00
   4.2620882e+00
  -2.2556880e+00
   2.0134793e+00
   5.1131300e+00
   5.9907004e+00
  -8.9577168e-01
   4.0831130e+00
  -4.8036962e+00
   3.2486615e+00
  -2.8757422e+00
  -4.6335082e-01
  -1.3326405e+00
  -1.3276135e+00
  -5.4960095e+00
   2.6224136e+00
   3.5843573e-01
   9.7916360e-01
  -3.6625498e+00
   1.2451283e+00
   1.6890661e+00
  -5.2191657e-01
   1.5905949e+00
  -5.1150004e+00
  -1.9153125e+00
   3.3774760e+00
  -3.4982707e+00
   4.1591451e+00
  -1.1719470e+00
  -3.7900877e+00
  -5.6548876e-01
   5.3659262e+00
  -1.8160062e+00
   3.7458678e+00
   4.9196482e+00
   1.9201622e+00
   2.3029663e+00
   2.1702748e+00
  -3.5372167e+00
  -5.4549577e+00
  -1.4865826e+00
   4.6841348e+00
   5.0340708e+00
   1.6284804e+00
  -4.2925854e+00
  -4.0396459e+00
   4.6382515e+00
   5.8802288e+00
  -7.1950690e-01
   1.2764160e+00
  -3.9168908e+00
   5.2194351e+00
   2.2173905e+00
  -2.1911323e+00
  -4.4313059e+00
   3.5465547e+00
   6.2489787e-01
   4.3519550e+00
   3.2714266e+00
  -2.6072554e+00
   3.8551790e+00
  -4.8540317e+00
   2.3279473e+00
  -4.9071661e+00
   3.0197149e+00
   3.6068685e+00
   9.8443219e-01
  -3.7936477e+00
   3.9551150e+00
   3.7722077e+00
  -1.0130438e+00
  -4.1920319e+00
  -8.7291478e-01
   3.7995550e+00
   2.7151743e+00
   3.3272018e-01
   5.2423093e+00
   4.7550998e-01
  -2.4857910e+00
   5.3927483e+00
  -2.5430327e+00
  -4.7567538e+00
   3.2675830e+00
  -4.1264263e+00
   4.5887651e+00
   4.4195545e+00
  -3.3252925e+00
  -1.1803350e+00
  -8.7185238e-01
   2.2521370e-01
  -2.0161093e+00
   2.0391694e+00
   7.5525060e-02
  -2.2194454e+00
   5.1257161e+00
   4.2861598e+00
  -3.4313764e+00
  -3.1155955e-01
  -4.0175427e+00
  -4.1677663e+00
  -3.4136641e+00
  -5.1554350e+00
   1.5956436e-01
   3.9903212e-02
   4.6284618e+00
  -7.6061562e-01
   2.3420771e+00
  -9.2329920e-01
   5.4251479e+00
   2.3605262e+00
  -1.7856652e+00
  -1.8865106e+00
   1.4980673e+00
   2.5969201e+00
   1.5654093e+00
  -4.1070042e+00
   5.4163025e+00
  -1.2440640e+00
   1.3565346e+00
   3.0501831e+00
   5.5878918e+00
   3.1480928e-01
   1.1666831e+00
   4.5753223e+00
   5.7308918e+00
  -1.9739471e+00
   5.7016456e+00
  -3.6654123e+00
  -5.2021630e+00
  -9.4479151e-01
  -1.4090995e+00
   4.5791204e+00
  -4.6893275e+00
  -1.0461251e+00
  -4.9087983e-01
  -4.7738530e+00
   3.3812654e+00
   5.1455536e+00
   5.5524558e-01
  -1.0836972e+00
   1.0179585e-01
   1.0810017e+00
  -4.0234931e+00
  -3.6501417e+00
  -7.3244623e-01
  -5.8615107e+00
   4.9023777e+00
   3.7958474e+00
  -1.0068161e-01
   4.0449329e+00
  -5.3289984e+00
  -4.1310699e+00
  -4.1422947e-01
  -5.2739866e+00
  -5.0940475e+00
   2.8214647e+00
  -3.0573057e+00
  -4.8368386e+00
  -2.6104741e+00
   4.7453132e-02
  -2.1868028e+00
  -1.7304754e+00
  -1.7188493e+00
   2.5657951e-01
  -1.8308645e+00
  -2.3616296e-01
  -2.6855749e+00
   4.0081365e+00
   2.6796020e-01
   1.3118876e+00
  -1.2614293e+00
   5.9725727e+00
  -4.0128824e+00
   3.8943629e+00
   3.3458644e+00
   4.9956577e+00
   5.2642923e+00
  -1.2607590e+00
  -2.6757921e+00
  -3.0541593e+00
  -9.8003863e-01
  -5.6494720e+00
  -1.9680131e+00
   5.1838455e+00
   5.9227388e+00
  -4.2634353e+00
   1.8090548e+00
  -6.9533379e-01
   2.3495166e+00
  -3.0023033e-01
  -5.9383519e+00
  -2.6931269e+00
  -2.4796549e+00
  -4.1115083e+00
  -2.4731004e-01
  -6.4755890e-01
   5.2471897e+00
   4.6275386e-01
  -3.3487302e+00
   4.4058601e+00
  -9.0863015e-01
   4.7100722e+00
   4.6012166e+00
   3.9487475e+00
  -5.6506869e+00
  -1.0177865e+00
  -4.3468129e+00
   4.9865648e+00
  -4.8895139e+00
  -2.3252831e+00
  -4.6380009e-01
   2.7509659e+00
  -3.8130961e+00
  -1.9231910e+00
  -2.8512021e-01
  -5.7675213e+00
  -3.1509024e+00
   5.8306799e+00
   5.4286236e-01
  -1.1902265e-01
   5.2666114e+00
   1.9468744e+00
   4.2144187e+00
   1.6756776e+00
  -3.6793564e-01
   3.8298261e-01
  -7.3513021e-01
  -2.6521863e-01
   4.9757699e+00
   3.0236872e+00
  -5.2529047e+00
   2.5718205e+00
   5.9302156e+00
  -1.2497704e+00
  -4.9213319e+00
  -3.4080040e+00
  -4.5103049e-01
  -3.6328999e+00
  -2.0143642e+00
   1.9077640e+00
   5.7615017e+00
  -2.3088863e+00
   3.4785457e+00
   5.1370796e+00
   4.2635405e+00
   4.0726536e+00
   3.7634634e+00
  -8.0946770e-01
   2.6422157e+00
  -9.2840805e-01
  -9.0760927e-01
   1.3437658e+00
  -5.5772373e-01
  -1.2259831e+00
  -2.0726245e+00
   2.1006980e+00
  -3.3592788e+00
   1.7890559e+00
  -4.8638065e+00
  -4.9164172e+00
   5.2659069e+00
  -5.7501413e+00
  -2.7997608e+00
   5.0901335e+00
  -1.2289342e-01
  -3.8193190e+00
  -2.7086797e+00
   3.8988905e+00
  -4.5874482e+00
  -3.2998080e+00
  -7.1642288e-01
  -4.6644451e+00
   2.3466942e+00
  -9.2276322e-02
   5.7549272e+00
   3.2332790e+00
  -3.7088840e+00
  -2.4201216e+00
   5.3947050e+00
  -5.8508338e+00
   2.5522975e+00
   2.9034861e+00
  -3.8008237e+00
  -5.5534652e-01
   1.5875079e+00
   2.4961979e+00
   6.9800164e-01
  -4.9653684e+00
  -3.7975392e-01
  -4.9508671e+00
  -2.1211601e+00
  -1.2194658e-01
  -5.3864717e+00
  -4.2360616e+00
   6.6908787e-01
  -5.6230591e-01
  -3.1719471e+00
   5.5783304e+00
  -8.8836296e-01
   3.9992787e+00
   4.7970176e+00
   5.2265287e+00
   2.3360089e+00
   2.0345684e-01
   5.1015743e+00
  -3.6943916e+00
   1.3853788e+00
  -1.9621774e+00
   2.6546770e+00
  -1.9880343e+00
   5.3765807e+00
  -1.8020358e+00
   5.9832673e+00
  -7.2248462e-01
   2.4134113e+00
  -4.1066831e+00
  -5.2747031e+00
  -3.2428397e+00
   5.6078074e+00
  -2.6370190e+00
  -3.8832193e+00
   2.5012947e+00
  -1.4619144e+00
  -2.8912578e+00
  -5.3959566e+00
   3.3130167e+00
  -3.6994190e+00
   2.9759549e+00
   1.6634917e+00
  -5.6365582e+00
   9.9772054e-01
  -2.5635274e+00
   2.5817932e+00
  -3.4688038e+00
  -3.2661593e+00
   4.1004776e+00
  -5.6513094e+00
   3.7388018e+00
  -1.6025801e+00
   3.9510304e-01
  -1.7595643e+00
  -7.9941493e-02
  -2.9743421e-01
   1.9211008e-01
   3.4306890e+00
  -5.4817951e+00
  -1.8006843e+00
   4.1828182e+00
   3.6806624e+00
  -6.1084554e-01
   4.6369168e+00
  -1.4846374e+00
   2.8254640e+00
   5.1292846e+00
   5.4742095e+00
   4.7568264e+00
   6.1231528e-01
  -2.5755815e+00
  -5.5294634e+00
  -1.0103878e+00
   4.3000782e+00
   4.2694982e+00
  -4.5652179e+00
   4.8869485e+00
  -5.2897724e+00
   5.5558773e+00
  -4.4117046e+00
   2.9571329e+00
  -3.2267821e+00
   4.3510838e+00
   1.4181144e+00
  -3.5288024e+00
   2.7569563e+00
   1.7934432e-01
  -3.6568662e+00
   3.1073092e+00
  -3.8935949e+00
  -1.9326247e+00
   8.2685797e-01
   3.0586046e+00
  -5.4297297e-01
   2.7600900e+00
  -3.6649985e+00
   4.5890918e+00
   2.3870900e+00
   2.0451726e+00
   5.8125453e+00
   2.0756420e+00
   9.8023628e-01
  -7.9816516e-03
  -1.9691414e+00
  -2.1794686e+00
  -1.3964902e+00
   6.5834533e-01
   1.4148370e+00
  -2.2913401e+00
   4.6109748e+00
  -3.7120915e+00
  -1.8342929e-01
  -5.9372828e+00
  -2.6522325e+00
  -1.2524541e-01
   2.5915925e+00
   2.8255666e+00
   1.5712906e+00
   7.9069112e-01
   3.6578898e-01
   1.6830917e+00
  -4.2704628e+00
  -9.5922164e-01
  -3.8072442e+00
   6.1721757e-01
   5.4722427e+00
   3.2443184e+00
   4.0819483e+00
   3.3932722e+00
   2.6614845e+00
   2.1832431e+00
   3.9665905e+00
  -1.1282973e+00
  -5.8547702e+00
  -5.9598553e+00
   4.7399313e+00
   5.4145163e+00
  -4.9495309e+00
  -2.9730521e+00
  -2.0664120e+00
  -3.2031923e+00
   4.6998971e+00
   4.6684625e+00
   2.7772289e+00
  -3.5296507e+00
   4.2773593e+00
  -2.7277738e+00
  -1.5222421e+00
  -1.5431172e+00
   5.5081414e+00
  -8.8930022e-01
  -1.6955716e+00
  -2.2487459e+00
   1.5639907e+00
   3.3944001e+00
   5.5387505e+00
   2.8357561e+00
  -7.1381717e-01
   5.8062828e+00
   4.5510776e+00
  -3.3834685e+00
   8.2696876e-02
   2.8871490e+00
  -3.6889141e+00
   1.7267990e+00
  -4.6902290e+00
  -3.7974196e+00
  -1.3995521e+00
   2.1425912e+00
  -3.4245447e-01
   3.5571131e+00
   3.3808692e+00
   8.9071406e-01
  -6.9638229e-01
  -4.1909670e+00
  -2.6817414e+00
  -1.3626625e+00
   3.4473171e+00
  -3.2156632e+00
   2.0938187e+00
  -3.6961197e+00
   5.8763448e+00
  -4.2100893e+00
   1.3022167e+00
  -3.2377621e+00
  -5.6390871e+00
   4.2362894e+00
   3.3295561e+00
  -2.3431310e+00
   2.0692856e+00
   3.5864888e+00
   3.0565596e+00
  -1.9820131e+00
   3.6903468e+00
   4.3726362e+00
   3.5943785e+00
  -4.2342130e-01
   4.5087620e+00
  -9.9164044e-01
  -2.2925573e+00
  -4.0303864e+00
  -4.7735738e+00
   3.6124447e+00
  -1.6939975e+00
  -3.8625291e+00
  -5.4363535e+00
   5.8756148e+00
  -8.0597226e-01
  -3.2676357e+00
  -2.5036224e+00
   3.7620816e+00
  -4.0881094e+00
  -1.8556525e+00
  -4.9449370e+00
   4.4489235e+00
  -3.2244103e+00
  -2.5949094e+00
  -1.8868507e+00
  -1.8584819e+00
   2.1167870e+00
  -2.5971913e+00
  -4.4102603e+00
   2.3575816e+00
  -3.0674380e+00
   1.6290631e+00
   2.6565867e+00
   1.6204137e+00
   1.3661129e+00
   4.7591222e+00
   4.1546393e-01
  -1.4068186e+00
   5.0286650e+00
  -9.1577727e-01
   5.6288968e+00
   8.0350112e-01
   1.1561731e+00
   1.5133321e+00
   5.9014212e+00
  -9.5321756e-01
   6.5964644e-01
  -1.4896097e+00
   4.3709240e+00
   1.0097872e+00
  -3.6650079e+00
   1.6969481e+00
   4.9177303e+00
  -5.9496840e+00
   3.6766098e-01
   3.9283316e+00
  -3.8113250e+00
   3.6938389e+00
  -2.5105942e+00
   2.5215841e+00
   4.1529234e+00
  -5.0032081e+00
   1.6241095e+00
  -5.5293896e+00
   4.3032405e+00
   3.2615323e+00
  -2.1492471e+00
   1.0854764e-02
  -4.7454509e+00
  -1.1211781e+00
   3.5512358e+00
   3.7445151e-01
  -2.7227657e+00
   4.9994482e+00
  -4.1172239e+00
   5.1781244e+00
   4.4542028e+00
  -5.8369655e+00
  -5.1850301e+00
  -3.8568328e+00
  -2.9108974e+00
  -2.6020060e+00
   1.0968517e+00
  -5.1946275e-01
   5.5631405e+00
  -1.5779287e-01
  -4.2204813e+00
   3.8048781e+00
  -4.0341948e+00
  -4.9697404e+00
   1.3443735e+00
   1.5382108e+00
   5.2595838e+00
  -3.3514095e+00
   3.7950249e+00
  -5.7756170e+00
  -2.1402429e+00
   5.1893889e+00
  -3.7349332e-01
   5.4420125e-02
  -3.3187582e+00
   4.7449980e+00
   4.2769591e+00
  -1.1271812e+00
  -4.9321704e-01
  -4.6075741e-01
   3.3861796e+00
  -5.4409780e+00
  -5.2649150e+00
   3.1032049e+00
   4.0548738e+00
  -5.5921759e+00
  -1.5788492e+00
   3.6300786e+00
   3.9082522e+00
  -4.1833269e+00
  -5.9608532e+00
   4.5651750e+00
   1.4234627e+00
   4.3509048e-02
  -5.8869542e+00
   9.0022328e-01
  -8.2975901e-01
   4.7602293e-01
  -1.1195699e+00
  -2.5094286e-01
  -2.1277313e+00
   5.6699830e+00
  -1.2787516e+00
  -3.8154612e+00
   5.2121492e+00
   3.3345974e+00
   2.3510460e+00
   3.5133341e-02
   4.7924956e+00
   2.7089068e+00
   4.4353125e+00
  -3.8467349e+00
   2.2129936e-01
   2.8030896e+00
   1.3804978e+00
   7.5518210e-01
  -3.7370610e+00
   3.8771723e+00
   1.4695370e+00
  -1.8538979e+00
   4.4504704e+00
  -6.9850670e-01
   2.8299064e+00
   1.0345080e+00
   2.6815404e+00
  -3.2883316e+00
  -3.7375129e+00
   1.4331882e+00
   4.6829550e+00
  -3.7416277e+00
   1.0157860e+00
   1.9271682e+00
  -5.8329561e+00
  -2.1595698e+00
   5.9874911e+00
  -3.5491449e+00
  -4.9074916e+00
  -4.3033710e-01
  -4.7825346e+00
  -5.3227711e+00
   7.2773282e-01
  -2.7736704e+00
  -5.3358283e-02
  -2.5486256e+00
  -4.9971572e+00
  -4.5210931e+00
  -4.8518442e+00
  -5.5906632e-02
   2.4326997e+00
  -2.2191455e+00
  -3.3284247e+00
   1.1244395e+00
   3.8794605e+00
   2.9813485e-01
  -1.5076694e+00
  -5.3012522e+00
  -5.3992052e-01
   1.6475624e+00
   4.3756575e+00
  -2.9960484e+00
   4.7543881e+00
   6.6400053e-01
  -2.6278718e+00
   2.9853764e+00
   5.2043124e+00
  -3.3309996e+00
  -7.8826402e-01
  -2.0170003e+00
  -5.5268896e+00
  -5.4336372e+00
   1.3546042e+00
  -4.0373458e+00
  -4.3087266e+00
   4.7882615e+00
   5.4460730e+00
  -3.4333660e-01
   1.6084102e-01
  -3.1383080e+00
   1.1519241e+00
  -4.5053350e+00
  -1.7334589e+00
  -4.9038666e+00
  -3.2908636e+00
  -4.7221140e+00
   1.0405740e+00
  -1.2972848e+00
  -5.6509995e+00
  -1.0676859e+00
  -4.6927120e+00
   5.5592015e+00
   4.0120636e+00
   3.5126848e+00
   5.3201981e+00
   4.8528888e+00
  -4.5310692e+00
   3.1600138e+00
   1.4970601e+00
  -6.4893322e-01
  -8.4525699e-01
  -4.4155111e+00
   5.4093083e+00
   8.4218850e-01
  -3.9698032e+00
  -3.8346356e+00
   6.1784904e-01
  -4.4264892e+00
  -2.4669065e+00
  -1.4093251e+00
  -4.0500533e+00
  -3.5416885e+00
  -3.2809656e+00
   6.1336607e-01
  -1.9508203e+00
  -3.1815263e+00
  -5.8647358e+00
  -4.3172935e+00
  -5.4990938e+00
  -1.8022195e+00
   3.2510341e+00
   2.4610391e+00
   3.4797308e-01
   4.2595333e+00
   4.9967882e-01
  -3.8350004e+00
   2.7957974e+00
   4.6567250e+00
  -5.4402340e+00
  -3.3271999e+00
   3.1182952e+00
  -5.0646536e+00
  -5.7359054e+00
   3.3759747e-01
   2.2718345e+00
  -3.3183293e+00
  -5.2358639e+00
   3.5093607e+00
  -4.3983531e+00
  -4.0592006e+00
   5.2428738e+00
  -1.5758861e+00
  -2.6224472e+00
   1.8950681e-01
  -1.5660133e+00
   5.9124431e+00
   1.4251837e+00
  -2.7661768e-01
  -2.5053693e+00
  -4.7859929e+00
  -3.0280996e-01
   1.1230606e+00
   2.3425274e+00
   4.0825924e+00
  -1.5790725e+00
   3.5297006e+00
   2.1911429e+00
  -1.9095324e+00
  -7.4902752e-01
  -3.0750415e+00
  -3.3677414e+00
  -5.9448787e+00
   7.3872348e-01
  -7.6602185e-01
  -2.3626921e+00
  -5.3549949e+00
  -3.1511929e+00
  -4.6181865e+00
  -1.0290190e+00
   4.0527188e+00
  -4.6614006e+00
   5.9218125e+00
   5.3120767e+00
  -4.4844729e-01
  -3.7879985e+00
   3.9234763e+00
  -2.5337299e+00
  -5.5611821e+00
   1.6699739e+00
  -4.5912791e+00
  -4.5529733e+00
  -8.9074117e-01
   3.3817841e+00
   3.6930985e+00
   4.3145144e-01
  -1.1995964e+00
  -3.5342817e+00
  -2.9925202e+00
  -2.4750485e+00
   5.6406778e+00
  -4.0748042e+00
   2.6045760e+00
  -8.5663239e-01
   6.8140075e-01
   1.8198043e+00
   2.7678067e+00
  -1.1252425e+00
  -2.5573041e-01
   7.6854283e-01
  -5.7119351e+00
  -4.4357379e+00
  -3.4308907e-01
   1.7125202e+00
   5.7593655e-01
  -4.4847176e+00
   4.3528861e+00
  -4.9588912e+00
  -3.4779253e+00
  -4.6887623e+00
   5.9215298e+00
  -5.4413959e+00
   1.1309617e+00
  -1.9678053e+00
  -5.5839169e+00
  -4.3037754e-01
   4.3088997e+00
   3.1761523e+00
  -5.0234015e+00
  -4.2901636e+00
   4.8891362e+00
  -1.4173811e+00
  -2.6384039e+00
   4.7355719e+00
   5.2576950e+00
   2.0845353e-01
   2.8799446e+00
   2.1485881e+00
  -2.9533682e+00
   2.2686795e+00
   1.2604715e+00
  -1.6149240e-01
   9.6928046e-01
   4.2835281e+00
   5.1834061e+00
  -1.5764942e+00
   3.4373385e+00
   5.7107747e+00
  -2.0875270e+00
  -2.3446338e+00
  -2.8596414e+00
   5.5905852e+00
  -2.3689143e+00
  -4.5720594e+00
  -4.7109922e+00
   4.4213649e+00
  -3.1990633e+00
  -7.9573624e-01
  -5.9342399e+00
   1.4465439e-01
  -4.2152072e+00
   2.8753987e+00
   2.2304514e+00
   3.4792493e+00
  -1.1312728e-01
   1.3018974e-01
   4.8041777e+00
   4.9633089e+00
  -2.5827051e+00
  -4.5605565e+00
  -5.9244209e+00
  -2.7033279e+00
   5.7480554e+00
   5.5261678e+00
   4.3111804e+00
  -5.0508452e+00
  -2.1367950e+00
  -3.9040298e+00
   4.3800522e+00
  -4.7059453e+00
  -4.6643076e+00
  -5.8421807e+00
   2.2459807e+00
  -1.7646902e+00
   5.1753655e+00
  -4.4255756e+00
  -5.9916594e+00
  -5.4525908e+00
   5.6567468e+00
   1.7968169e+00
   3.7252598e+00
  -6.0777511e-02
  -1.2389904e+00
   4.7073318e+00
  -5.0533749e+00
   2.4718622e+00
   9.5908226e-01
  -4.1035131e+00
  -3.3527721e+00
  -3.6080463e+00
  -8.2240974e-01
  -5.4438386e+00
   4.5005296e+00
   2.4177368e+00
   5.0051531e+00
  -3.4308287e+00
  -3.1324189e+00
  -2.0426508e+00
  -4.5878092e+00
  -1.2445726e-01
  -2.6914295e+00
  -9.2320596e-01
  -8.9233506e-01
  -4.0380385e+00
   1.4855700e+00
  -1.6504359e+00
  -3.9317531e+00
   2.0578600e+00
   2.1545901e+00
   6.2306080e-01
  -2.8933731e+00
   1.9903440e+00
   3.0742097e+00
  -1.0109370e+00
  -2.4104060e+00
  -9.1247219e-01
  -1.2563003e+00
   5.0085263e+00
   4.7781960e+00
  -4.8967678e+00
   3.4763939e+00
   3.8155910e+00
  -4.6580885e-01
  -1.1096903e-01
   2.2927194e+00
  -4.9857939e+00
  -3.3890845e+00
   6.1699077e-01
  -5.2131602e+00
   3.7191705e+00
   1.6960177e+00
  -5.4809738e+00
  -2.3659455e+00
   8.3827292e-01
   2.8949036e+00
  -2.5189991e-01
   4.8175963e+00
  -4.0876173e+00
   2.0977032e+00
   1.9169311e+00
  -4.7599134e+00
   1.6461507e+00
   5.3390657e+00
  -4.8139424e+00
  -5.2247963e+00
   1.6985192e+00
   5.4044588e+00
  -1.3922701e+00
   4.5740893e+00
  -6.3308484e-01
  -5.3694890e+00
   2.7208749e+00
  -1.8725394e-01
   1.9918746e+00
  -4.1147284e+00
  -2.2580030e+00
   8.2913594e-01
  -1.2378136e+00
  -1.7398350e-03
   4.5553197e+00
   3.4294164e+00
   5.7600024e+00
   5.7201832e+00
   4.7037619e+00
   3.3317237e+00
  -2.6682291e+00
  -4.1735568e+00
  -3.8665372e+00
  -5.0584129e+00
  -3.2655175e-01
   4.7940612e+00
  -4.4915437e+00
  -5.8013499e+00
   9.7166487e-01
  -2.5711172e-01
   1.0654958e+00
  -3.6680009e+00
   1.1766293e+00
  -4.9670479e+00
  -5.7175292e+00
  -4.8798111e-01
  -1.6039596e+00
  -5.5441602e+00
  -3.2533610e+00
   1.8631220e+00
   5.8261463e+00
   2.9899366e+00
  -3.3078153e+00
  -2.0630598e+00
  -1.4285231e+00
  -3.8528332e+00
   4.8173569e+00
  -5.3897375e+00
   7.5564495e-01
   2.3387191e+00
  -1.2757853e+00
   4.6343366e+00
  -2.6595932e+00
   4.2620882e+00
  -2.2556880e+00
   2.0134793e+00
   5.1131300e+00
   5.9907004e+00
  -8.9577168e-01
   4.0831130e+00
  -4.8036962e+00
   3.2486615e+00
  -2.8757422e+00
  -4.6335082e-01
  -1.3326405e+00
  -1.3276135e+00
  -5.4960095e+00
   2.6224136e+00
   3.5843573e-01
   9.7916360e-01
  -3.6625498e+00
   1.2451283e+00
   1.6890661e+00
  -5.2191657e-01
   1.5905949e+00
  -5.1150004e+00
  -1.9153125e+00
   3.3774760e+00
  -3.4982707e+00
   4.1591451e+00
  -1.1719470e+00
  -3.7900877e+00
  -5.6548876e-01
   5.3659262e+00
  -1.8160062e+00
   3.7458678e+00
   4.9196482e+00
   1.9201622e+00
   2.3029663e+00
   2.1702748e+00
  -3.5372167e+00
  -5.4549577e+00
  -1.4865826e+00
   4.6841348e+00
   5.0340708e+00
   1.6284804e+00
  -4.2925854e+00
  -4.0396459e+00
   4.6382515e+00
   5.8802288e+00
  -7.1950690e-01
   1.2764160e+00
  -3.9168908e+00
   5.2194351e+00
   2.2173905e+00
  -2.1911323e+00
  -4.4313059e+00
   3.5465547e+00
   6.2489787e-01
   4.3519550e+00
   3.2714266e+00
  -2.6072554e+00
   3.8551790e+00
  -4.8540317e+00
   2.3279473e+00
  -4.9071661e+00
   3.0197149e+00
   3.6068685e+00
   9.8443219e-01
  -3.7936477e+00
   3.9551150e+00
   3.7722077e+00
  -1.0130438e+00
  -4.1920319e+00
  -8.7291478e-01
   3.7995550e+00
   2.7151743e+00
   3.3272018e-01
   5.2423093e+00
   4.7550998e-01
  -2.4857910e+00
   5.3927483e+00
  -2.5430327e+00
  -4.7567538e+00
   3.2675830e+00
  -4.1264263e+00
   4.5887651e+00
   4.4195545e+00
  -3.3252925e+00
  -1.1803350e+00
  -8.7185238e-01
   2.2521370e-01
  -2.0161093e+00
   2.0391694e+00
   7.5525060e-02
  -2.2194454e+00
   5.1257161e+00
   4.2861598e+00
  -3.4313764e+00
  -3.1155955e-01
  -4.0175427e+00
  -4.1677663e+00
  -3.4136641e+00
  -5.1554350e+00
   1.5956436e-01
   3.9903212e-02
   4.6284618e+00
  -7.6061562e-01
   2.3420771e+00
  -9.2329920e-01
   5.4251479e+00
   2.3605262e+00
  -1.7856652e+00
  -1.8865106e+00
   1.4980673e+00
   2.5969201e+00
   1.5654093e+00
  -4.1070042e+00
   5.4163025e+00
  -1.2440640e+00
   1.3565346e+00
   3.0501831e+00
   5.5878918e+00
   3.1480928e-01
   1.1666831e+00
   4.5753223e+00
   5.7308918e+00
  -1.9739471e+00
   5.7016456e+00
  -3.6654123e+00
  -5.2021630e+00
  -9.4479151e-01
  -1.4090995e+00
   4.5791204e+00
  -4.6893275e+00
  -1.0461251e+00
  -4.9087983e-01
  -4.7738530e+00
   3.3812654e+00
   5.1455536e+00
   5.5524558e-01
  -1.0836972e+00
   1.0179585e-01
   1.0810017e+00
  -4.0234931e+00
  -3.6501417e+00
  -7.3244623e-01
  -5.8615107e+00
   4.9023777e+00
   3.7958474e+00
  -1.0068161e-01
   4.0449329e+00
  -5.3289984e+00
  -4.1310699e+00
  -4.1422947e-01
  -5.2739866e+00
  -5.0940475e+00
   2.8214647e+00
  -3.0573057e+00
  -4.8368386e+00
  -2.6104741e+00
   4.7453132e-02
  -2.1868028e+00
  -1.7304754e+00
  -1.7188493e+00
   2.5657951e-01
  -1.8308645e+00
  -2.3616296e-01
  -2.6855749e+00
   4.0081365e+00
   2.6796020e-01
   1.3118876e+00
  -1.2614293e+00
   5.9725727e+00
  -4.0128824e+00
   3.8943629e+00
   3.3458644e+00
   4.9956577e+00
   5.2642923e+00
  -1.2607590e+00
  -2.6757921e+00
  -3.0541593e+00
  -9.8003863e-01
  -5.6494720e+00
  -1.9680131e+00
   5.1838455e+00
   5.9227388e+00
  -4.2634353e+00
   1.8090548e+00
  -6.9533379e-01
   2.3495166e+00
  -3.0023033e-01
  -5.9383519e+00
  -2.6931269e+00
  -2.4796549e+00
  -4.1115083e+00
  -2.4731004e-01
  -6.4755890e-01
   5.2471897e+00
   4.6275386e-01
  -3.3487302e+00
   4.4058601e+00
  -9.0863015e-01
   4.7100722e+00
   4.6012166e+00
   3.9487475e+00
  -5.6506869e+00
  -1.0177865e+00
  -4.3468129e+00
   4.9865648e+00
  -4.8895139e+00
  -2.3252831e+00
  -4.6380009e-01
   2.7509659e+00
  -3.8130961e+00
  -1.9231910e+00
  -2.8512021e-01
  -5.7675213e+00
  -3.1509024e+00
   5.8306799e+00
   5.4286236e-01
  -1.1902265e-01
   5.2666114e+00
   1.9468744e+00
   4.2144187e+00
   1.6756776e+00
  -3.6793564e-01
   3.8298261e-01
  -7.3513021e-01
  -2.6521863e-01
   4.9757699e+00
   3.0236872e+00
  -5.2529047e+00
   2.5718205e+00
   5.9302156e+00
  -1.2497704e+00
  -4.9213319e+00
  -3.4080040e+00
  -4.5103049e-01
  -3.6328999e+00
  -2.0143642e+00
   1.9077640e+00
   5.7615017e+00
  -2.3088863e+00
   3.4785457e+00
   5.1370796e+00
   4.2635405e+00
   4.0726536e+00
   3.7634634e+00
  -8.0946770e-01
   2.6422157e+00
  -9.2840805e-01
  -9.0760927e-01
   1.3437658e+00
  -5.5772373e-01
  -1.2259831e+00
  -2.0726245e+00
   2.1006980e+00
  -3.3592788e+00
   1.7890559e+00
  -4.8638065e+00
  -4.9164172e+00
   5.2659069e+00
  -5.7501413e+00
  -2.7997608e+00
   5.0901335e+00
  -1.2289342e-01
  -3.8193190e+00
  -2.7086797e+00
   3.8988905e+00
  -4.5874482e+00
  -3.2998080e+00
  -7.1642288e-01
  -4.6644451e+00
   2.3466942e+00
  -9.2276322e-02
   5.7549272e+00
   3.2332790e+00
  -3.7088840e+00
  -2.4201216e+00
   5.3947050e+00
  -5.8508338e+00
   2.5522975e+00
   2.9034861e+00
  -3.8008237e+00
  -5.5534652e-01
   1.5875079e+00
   2.4961979e+00
   6.9800164e-01
  -4.9653684e+00
  -3.7975392e-01
  -4.9508671e+00
  -2.1211601e+00
  -1.2194658e-01
  -5.3864717e+00
  -4.2360616e+00
   6.6908787e-01
  -5.6230591e-01
  -3.1719471e+00
   5.5783304e+00
  -8.8836296e-01
   3.9992787e+00
   4.7970176e+00
   5.2265287e+00
   2.3360089e+00
   2.0345684e-01
   5.1015743e+00
  -3.6943916e+00
   1.3853788e+00
  -1.9621774e+00
   2.6546770e+00
  -1.9880343e+00
   5.3765807e+00
  -1.8020358e+00
   5.9832673e+00
  -7.2248462e-01
   2.4134113e+00
  -4.1066831e+00
  -5.2747031e+00
  -3.2428397e+00
   5.6078074e+00
  -2.6370190e+00
  -3.8832193e+00
   2.5012947e+00
  -1.4619144e+00
  -2.8912578e+00
  -5.3959566e+00
   3.3130167e+00
  -3.6994190e+00
   2.9759549e+00
   1.6634917e+00
  -5.6365582e+00
   9.9772054e-01
  -2.5635274e+00
   2.5817932e+00
  -3.4688038e+00
  -3.2661593e+00
   4.1004776e+00
  -5.6513094e+00
   3.7388018e+00
  -1.6025801e+00
   3.9510304e-01
  -1.7595643e+00
  -7.9941493e-02
  -2.9743421e-01
   1.9211008e-01
   3.4306890e+00
  -5.4817951e+00
  -1.8006843e+00
   4.1828182e+00
   3.6806624e+00
  -6.1084554e-01
   4.6369168e+00
  -1.4846374e+00
   2.8254640e+00
   5.1292846e+00
   5.4742095e+00
   4.7568264e+00
   6.1231528e-01
  -2.5755815e+00
  -5.5294634e+00
  -1.0103878e+00
   4.3000782e+00
   4.2694982e+00
  -4.5652179e+00
   4.8869485e+00
  -5.2897724e+00
   5.5558773e+00
  -4.4117046e+00
   2.9571329e+00
  -3.2267821e+00
   4.3510838e+00
   1.4181144e+00
  -3.5288024e+00
   2.7569563e+00
   1.7934432e-01
  -3.6568662e+00
   3.1073092e+00
  -3.8935949e+00
  -1.9326247e+00
   8.2685797e-01
   3.0586046e+00
  -5.4297297e-01
   2.7600900e+00
  -3.6649985e+00
   4.5890918e+00
   2.3870900e+00
   2.0451726e+00
   5.8125453e+00
   2.0756420e+00
   9.8023628e-01
  -7.9816516e-03
  -1.9691414e+00
  -2.1794686e+00
  -1.3964902e+00
   6.5834533e-01
   1.4148370e+00
  -2.2913401e+00
   4.6109748e+00
  -3.7120915e+00
  -1.8342929e-01
  -5.9372828e+00
  -2.6522325e+00
  -1.2524541e-01
   2.5915925e+00
   2.8255666e+00
   1.5712906e+00
   7.9069112e-01
   3.6578898e-01
   1.6830917e+00
  -4.2704628e+00
  -9.5922164e-01
  -3.8072442e+00
   6.1721757e-01
   5.4722427e+00
   3.2443184e+00
   4.0819483e+00
   3.3932722e+00
   2.6614845e+00
   2.1832431e+00
   3.9665905e+00
  -1.1282973e+00
  -5.8547702e+00
  -5.9598553e+00
   4.7399313e+00
   5.4145163e+00
  -4.9495309e+00
  -2.9730521e+00
  -2.0664120e+00
  -3.2031923e+00
   4.6998971e+00
   4.6684625e+00
   2.7772289e+00
  -3.5296507e+00
   4.2773593e+00
  -2.7277738e+00
  -1.5222421e+00
  -1.5431172e+00
   5.5081414e+00
  -8.8930022e-01
  -1.6955716e+00
  -2.2487459e+00
   1.5639907e+00
   3.3944001e+00
   5.5387505e+00
   2.8357561e+00
  -7.1381717e-01
   5.8062828e+00
   4.5510776e+00
  -3.3834685e+00
   8.2696876e-02
   2.8871490e+00
  -3.6889141e+00
   1.7267990e+00
  -4.6902290e+00
  -3.7974196e+00
  -1.3995521e+00
   2.1425912e+00
  -3.4245447e-01
   3.5571131e+00
   3.3808692e+00
   8.9071406e-01
  -6.9638229e-01
  -4.1909670e+00
  -2.6817414e+00
  -1.3626625e+00
   3.4473171e+00
  -3.2156632e+00
   2.0938187e+00
  -3.6961197e+00
   5.8763448e+00
  -4.2100893e+00
   1.3022167e+00
  -3.2377621e+00
  -5.6390871e+00
   4.2362894e+00
   3.3295561e+00
  -2.3431310e+00
   2.0692856e+00
   3.5864888e+00
   3.0565596e+00
  -1.9820131e+00
   3.6903468e+00
   4.3726362e+00
   3.5943785e+00
  -4.2342130e-01
   4.5087620e+00
  -9.9164044e-01
  -2.2925573e+00
  -4.0303864e+00
  -4.7735738e+00
   3.6124447e+00
  -1.6939975e+00
  -3.8625291e+00
  -5.4363535e+00
   5.8756148e+00
  -8.0597226e-01
  -3.2676357e+00
  -2.5036224e+00
   3.7620816e+00
  -4.0881094e+00
  -1.8556525e+00
  -4.9449370e+00
   4.4489235e+00
  -3.2244103e+00
  -2.5949094e+00
  -1.8868507e+00
  -1.8584819e+00
   2.1167870e+00
  -2.5971913e+00
  -4.4102603e+00
   2.3575816e+00
  -3.0674380e+00
   1.6290631e+00
   2.6565867e+00
   1.6204137e+00
   1.3661129e+00
   4.7591222e+00
   4.1546393e-01
  -1.4068186e+00
   5.0286650e+00
  -9.1577727e-01
   5.6288968e+00
   8.0350112e-01
   1.1561731e+00
   1.5133321e+00
   5.9014212e+00
  -9.5321756e-01
   6.5964644e-01
  -1.4896097e+00
   4.3709240e+00
   1.0097872e+00
  -3.6650079e+00
   1.6969481e+00
   4.9177303e+00
  -5.9496840e+00
   3.6766098e-01
   3.9283316e+00
  -3.8113250e+00
   3.6938389e+00
  -2.5105942e+00
   2.5215841e+00
   4.1529234e+00
  -5.0032081e+00
   1.6241095e+00
  -5.5293896e+00
   4.3032405e+00
   3.2615323e+00
  -2.1492471e+00
   1.0854764e-02
  -4.7454509e+00
  -1.1211781e+00
   3.5512358e+00
   3.7445151e-01
  -2.7227657e+00
   4.9994482e+00
  -4.1172239e+00
   5.1781244e+00
   4.4542028e+00
  -5.8369655e+00
  -5.1850301e+00
  -3.8568328e+00
  -2.9108974e+00
  -2.6020060e+00
   1.0968517e+00
  -5.1946275e-01
   5.5631405e+00
  -1.5779287e-01
  -4.2204813e+00
   3.8048781e+00
  -4.0341948e+00
  -4.9697404e+00
   1.3443735e+00
   1.5382108e+00
   5.2595838e+00
  -3.3514095e+00
   3.7950249e+00
  -5.7756170e+00
  -2.1402429e+00
   5.1893889e+00
  -3.7349332e-01
   5.4420125e-02
  -3.3187582e+00
   4.7449980e+00
   4.2769591e+00
  -1.1271812e+00
  -4.9321704e-01
  -4.6075741e-01
   3.3861796e+00
  -5.4409780e+00
  -5.2649150e+00
   3.1032049e+00
   4.0548738e+00
  -5.5921759e+00
  -1.5788492e+00
   3.6300786e+00
   3.9082522e+00
  -4.1833269e+00
  -5.9608532e+00
   4.5651750e+00
   1.4234627e+00
   4.3509048e-02
  -5.8869542e+00
   9.0022328e-01
  -8.2975901e-01
   4.7602293e-01
  -1.1195699e+00
  -2.5094286e-01
  -2.1277313e+00
   5.6699830e+00
  -1.2787516e+00
  -3.8154612e+00
   5.2121492e+00
   3.3345974e+00
   2.3510460e+00
   3.5133341e-02
   4.7924956e+00
   2.7089068e+00
   4.4353125e+00
  -3.8467349e+00
   2.2129936e-01
   2.8030896e+00
   1.3804978e+00
   7.5518210e-01
  -3.7370610e+00
   3.8771723e+00
   1.4695370e+00
  -1.8538979e+00
   4.4504704e+00
  -6.9850670e-01
   2.8299064e+00
   1.0345080e+00
   2.6815404e+00
  -3.2883316e+00
  -3.7375129e+00
   1.4331882e+00
   4.6829550e+00
  -3.7416277e+00
   1.0157860e+00
   1.9271682e+00
  -5.8329561e+00
  -2.1595698e+00
   5.9874911e+00
  -3.5491449e+00
  -4.9074916e+00
  -4.3033710e-01
  -4.7825346e+00
  -5.3227711e+00
   7.2773282e-01
  -2.7736704e+00
  -5.3358283e-02
  -2.5486256e+00
  -4.9971572e+00
  -4.5210931e+00
  -4.8518442e+00
  -5.5906632e-02
   2.4326997e+00
  -2.2191455e+00
  -3.3284247e+00
   1.1244395e+00
   3.8794605e+00
   2.9813485e-01
  -1.5076694e+00
  -5.3012522e+00
  -5.3992052e-01
   1.6475624e+00
   4.3756575e+00
  -2.9960484e+00
   4.7543881e+00
   6.6400053e-01
  -2.6278718e+00
   2.9853764e+00
   5.2043124e+00
  -3.3309996e+00
  -7.8826402e-01
  -2.0170003e+00
  -5.5268896e+00
  -5.4336372e+00
   1.3546042e+00
  -4.0373458e+00
  -4.3087266e+00
   4.7882615e+00
   5.4460730e+00
  -3.4333660e-01
   1.6084102e-01
  -3.1383080e+00
   1.1519241e+00
  -4.5053350e+00
  -1.7334589e+00
  -4.9038666e+00
  -3.2908636e+00
  -4.7221140e+00
   1.0405740e+00
  -1.2972848e+00
  -5.6509995e+00
  -1.0676859e+00
  -4.6927120e+00
   5.5592015e+00
   4.0120636e+00
   3.5126848e+00
   5.3201981e+00
   4.8528888e+00
  -4.5310692e+00
   3.1600138e+00
   1.4970601e+00
  -6.4893322e-01
  -8.4525699e-01
  -4.4155111e+00
   5.4093083e+00
   8.4218850e-01
  -3.9698032e+00
  -3.8346356e+00
   6.1784904e-01
  -4.4264892e+00
  -2.4669065e+00
  -1.4093251e+00
  -4.0500533e+00
  -3.5416885e+00
  -3.2809656e+00
   6.1336607e-01
  -1.9508203e+00
  -3.1815263e+00
  -5.8647358e+00
  -4.3172935e+00
  -5.4990938e+00
  -1.8022195e+00
   3.2510341e+00
   2.4610391e+00
   3.4797308e-01
   4.2595333e+00
   4.9967882e-01
  -3.8350004e+00
   2.7957974e+00
   4.6567250e+00
  -5.4402340e+00
  -3.3271999e+00
   3.1182952e+00
  -5.0646536e+00
  -5.7359054e+00
   3.3759747e-01
   2.2718345e+00
  -3.3183293e+00
  -5.2358639e+00
   3.5093607e+00
  -4.3983531e+00
  -4.0592006e+00
   5.2428738e+00
  -1.5758861e+00
  -2.6224472e+00
   1.8950681e-01
  -1.5660133e+00
   5.9124431e+00
   1.4251837e+00
  -2.7661768e-01
  -2.5053693e+00
  -4.7859929e+00
  -3.0280996e-01
   1.1230606e+00
   2.3425274e+00
   4.0825924e+00
  -1.5790725e+00
   3.5297006e+00
   2.1911429e+00
  -1.9095324e+00
  -7.4902752e-01
  -3.0750415e+00
  -3.3677414e+00
  -5.9448787e+00
   7.3872348e-01
  -7.6602185e-01
  -2.3626921e+00
  -5.3549949e+00
  -3.1511929e+00
  -4.6181865e+00
  -1.0290190e+00
   4.0527188e+00
  -4.6614006e+00
   5.9218125e+00
   5.3120767e+00
  -4.4844729e-01
  -3.7879985e+00
   3.9234763e+00
  -2.5337299e+00
  -5.5611821e+00
   1.6699739e+00
  -4.5912791e+00
  -4.5529733e+00
  -8.9074117e-01
   3.3817841e+00
   3.6930985e+00
   4.3145144e-01
  -1.1995964e+00
  -3.5342817e+00
  -2.9925202e+00
  -2.4750485e+00
   5.6406778e+00
  -4.0748042e+00
   2.6045760e+00
  -8.5663239e-01
   6.8140075e-01
   1.8198043e+00
   2.7678067e+00
  -1.1252425e+00
  -2.5573041e-01
   7.6854283e-01
  -5.7119351e+00
  -4.4357379e+00
  -3.4308907e-01
   1.7125202e+00
   5.7593655e-01
  -4.4847176e+00
   4.3528861e+00
  -4.9588912e+00
  -3.4779253e+00
  -4.6887623e+00
   5.9215298e+00
  -5.4413959e+00
   1.1309617e+00
  -1.9678053e+00
  -5.5839169e+00
  -4.3037754e-01
   4.3088997e+00
   3.1761523e+00
  -5.0234015e+00
  -4.2901636e+00
   4.8891362e+00
  -1.4173811e+00
  -2.6384039e+00
   4.7355719e+00
   5.2576950e+00
   2.0845353e-01
   2.8799446e+00
   2.1485881e+00
  -2.9533682e+00
   2.2686795e+00
   1.2604715e+00
  -1.6149240e-01
   9.6928046e-01
   4.2835281e+00
   5.1834061e+00
  -1.5764942e+00
   3.4373385e+00
   5.7107747e+00
  -2.0875270e+00
  -2.3446338e+00
  -2.8596414e+00
   5.5905852e+00
  -2.3689143e+00
  -4.5720594e+00
  -4.7109922e+00
   4.4213649e+00
  -3.1990633e+00
  -7.9573624e-01
  -5.9342399e+00
   1.4465439e-01
  -4.2152072e+00
   2.8753987e+00
   2.2304514e+00
   3.4792493e+00
  -1.1312728e-01
   1.3018974e-01
   4.8041777e+00
   4.9633089e+00
  -2.5827051e+00
  -4.5605565e+00
  -5.9244209e+00
  -2.7033279e+00
   5.7480554e+00
   5.5261678e+00
   4.3111804e+00
  -5.0508452e+00
  -2.1367950e+00
  -3.9040298e+00
   4.3800522e+00
  -4.7059453e+00
  -4.6643076e+00
  -5.8421807e+00
   2.2459807e+00
  -1.7646902e+00
   5.1753655e+00
  -4.4255756e+00
  -5.9916594e+00
  -5.4525908e+00
   5.6567468e+00
   1.7968169e+00
   3.7252598e+00
  -6.0777511e-02
  -1.2389904e+00
   4.7073318e+00
  -5.0533749e+00
   2.4718622e+00
   9.5908226e-01
  -4.1035131e+00
  -3.3527721e+00
  -3.6080463e+00
  -8.2240974e-01
  -5.4438386e+00
   4.5005296e+00
   2.4177368e+00
   5.0051531e+00
  -3.4308287e+00
  -3.1324189e+00
  -2.0426508e+00
  -4.5878092e+00
  -1.2445726e-01
  -2.6914295e+00
  -9.2320596e-01
  -8.9233506e-01
  -4.0380385e+00
   1.4855700e+00
  -1.6504359e+00
  -3.9317531e+00
   2.0578600e+00
   2.1545901e+00
   6.2306080e-01
  -2.8933731e+00
   1.9903440e+00
   3.0742097e+00
  -1.0109370e+00
  -2.4104060e+00
  -9.1247219e-01
  -1.2563003e+00
   5.0085263e+00
   4.7781960e+00
  -4.8967678e+00
   3.4763939e+00
   3.8155910e+00
  -4.6580885e-01
  -1.1096903e-01
   2.2927194e+00
  -4.9857939e+00
  -3.3890845e+00
   6.1699077e-01
  -5.2131602e+00
   3.7191705e+00
   1.6960177e+00
  -5.4809738e+00
  -2.3659455e+00
   8.3827292e-01
   2.8949036e+00
  -2.5189991e-01
   4.8175963e+00
  -4.0876173e+00
   2.0977032e+00
   1.9169311e+00
  -4.7599134e+00
   1.6461507e+00
   5.3390657e+00
  -4.8139424e+00
  -5.2247963e+00
   1.6985192e+00
   5.4044588e+00
  -1.3922701e+00
   4.5740893e+00
  -6.3308484e-01
  -5.3694890e+00
   2.7208749e+00
  -1.8725394e-01
   1.9918746e+00
  -4.1147284e+00
  -2.2580030e+00
   8.2913594e-01
  -1.2378136e+00
  -1.7398350e-03
   4.5553197e+00
   3.4294164e+00
   5.7600024e+00
   5.7201832e+00
   4.7037619e+00
   3.3317237e+00
  -2.6682291e+00
  -4.1735568e+00
  -3.8665372e+00
  -5.0584129e+00
  -3.2655175e-01
   4.7940612e+00
  -4.4915437e+00
  -5.8013499e+00
   9.7166487e-01
  -2.5711172e-01
   1.0654958e+00
  -3.6680009e+00
   1.1766293e+00
  -4.9670479e+00
  -5.7175292e+00
  -4.8798111e-01
  -1.6039596e+00
  -5.5441602e+00
  -3.2533610e+00
   1.8631220e+00
   5.8261463e+00
   2.9899366e+00
  -3.3078153e+00
  -2.0630598e+00
  -1.4285231e+00
  -3.8528332e+00
   4.8173569e+00
  -5.3897375e+00
   7.5564495e-01
   2.3387191e+00
  -1.2757853e+00
   4.6343366e+00
  -2.6595932e+00
   4.2620882e+00
  -2.2556880e+00
   2.0134793e+00
   5.1131300e+00
   5.9907004e+00
  -8.9577168e-01
   4.0831130e+00
  -4.8036962e+00
   3.2486615e+00
  -2.8757422e+00
  -4.6335082e-01
  -1.3326405e+00
  -1.3276135e+00
  -5.4960095e+00
   2.6224136e+00
   3.5843573e-01
   9.7916360e-01
  -3.6625498e+00
   1.2451283e+00
   1.6890661e+00
  -5.2191657e-01
   1.5905949e+00
  -5.1150004e+00
  -1.9153125e+00
   3.3774760e+00
  -3.4982707e+00
   4.1591451e+00
  -1.1719470e+00
  -3.7900877e+00
  -5.6548876e-01
   5.3659262e+00
  -1.8160062e+00
   3.7458678e+00
   4.9196482e+00
   1.9201622e+00
   2.3029663e+00
   2.1702748e+00
  -3.5372167e+00
  -5.4549577e+00
  -1.4865826e+00
   4.6841348e+00
   5.0340708e+00
   1.6284804e+00
  -4.2925854e+00
  -4.0396459e+00
   4.6382515e+00
   5.8802288e+00
  -7.1950690e-01
   1.2764160e+00
  -3.9168908e+00
   5.2194351e+00
   2.2173905e+00
  -2.1911323e+00
  -4.4313059e+00
   3.5465547e+00
   6.2489787e-01
   4.3519550e+00
   3.2714266e+00
  -2.6072554e+00
   3.8551790e+00
  -4.8540317e+00
   2.3279473e+00
  -4.9071661e+00
   3.0197149e+00
   3.6068685e+00
   9.8443219e-01
  -3.7936477e+00
   3.9551150e+00
   3.7722077e+00
  -1.0130438e+00
  -4.1920319e+00
  -8.7291478e-01
   3.7995550e+00
   2.7151743e+00
   3.3272018e-01
   5.2423093e+00
   4.7550998e-01
  -2.4857910e+00
   5.3927483e+00
  -2.5430327e+00
  -4.7567538e+00
   3.2675830e+00
  -4.1264263e+00
   4.5887651e+00
   4.4195545e+00
  -3.3252925e+00
  -1.1803350e+00
  -8.7185238e-01
   2.2521370e-01
  -2.0161093e+00
   2.0391694e+00
   7.5525060e-02
  -2.2194454e+00
   5.1257161e+00
   4.2861598e+00
  -3.4313764e+00
  -3.1155955e-01
  -4.0175427e+00
  -4.1677663e+00
  -3.4136641e+00
  -5.1554350e+00
   1.5956436e-01
   3.9903212e-02
   4.6284618e+00
  -7.6061562e-01
   2.3420771e+00
  -9.2329920e-01
   5.4251479e+00
   2.3605262e+00
  -1.7856652e+00
  -1.8865106e+00
   1.4980673e+00
   2.5969201e+00
   1.5654093e+00
  -4.1070042e+00
   5.4163025e+00
  -1.2440640e+00
   1.3565346e+00
   3.0501831e+00
   5.5878918e+00
   3.1480928e-01
   1.1666831e+00
   4.5753223e+00
   5.7308918e+00
  -1.9739471e+00
   5.7016456e+00
  -3.6654123e+00
  -5.2021630e+00
  -9.4479151e-01
  -1.4090995e+00
   4.5791204e+00
  -4.6893275e+00
  -1.0461251e+00
  -4.9087983e-01
  -4.7738530e+00
   3.3812654e+00
   5.1455536e+00
   5.5524558e-01
  -1.0836972e+00
   1.0179585e-01
   1.0810017e+00
  -4.0234931e+00
  -3.6501417e+00
  -7.3244623e-01
  -5.8615107e+00
   4.9023777e+00
   3.7958474e+00
  -1.0068161e-01
   4.0449329e+00
  -5.3289984e+00
  -4.1310699e+00
  -4.1422947e-01
  -5.2739866e+00
  -5.0940475e+00
   2.8214647e+00
  -3.0573057e+00
  -4.8368386e+00
  -2.6104741e+00
   4.7453132e-02
  -2.1868028e+00
  -1.7304754e+00
  -1.7188493e+00
   2.5657951e-01
  -1.8308645e+00
  -2.3616296e-01
  -2.6855749e+00
   4.0081365e+00
   2.6796020e-01
   1.3118876e+00
  -1.2614293e+00
   5.9725727e+00
  -4.0128824e+00
   3.8943629e+00
   3.3458644e+00
   4.9956577e+00
   5.2642923e+00
  -1.2607590e+00
  -2.6757921e+00
  -3.0541593e+00
  -9.8003863e-01
  -5.6494720e+00
  -1.9680131e+00
   5.1838455e+00
   5.9227388e+00
  -4.2634353e+00
   1.8090548e+00
  -6.9533379e-01
   2.3495166e+00
  -3.0023033e-01
  -5.9383519e+00
  -2.6931269e+00
  -2.4796549e+00
  -4.1115083e+00
  -2.4731004e-01
  -6.4755890e-01
   5.2471897e+00
   4.6275386e-01
  -3.3487302e+00
   4.4058601e+00
  -9.0863015e-01
   4.7100722e+00
   4.6012166e+00
   3.9487475e+00
  -5.6506869e+00
  -1.0177865e+00
  -4.3468129e+00
   4.9865648e+00
  -4.8895139e+00
  -2.3252831e+00
  -4.6380009e-01
   2.7509659e+00
  -3.8130961e+00
  -1.9231910e+00
  -2.8512021e-01
  -5.7675213e+00
  -3.1509024e+00
   5.8306799e+00
   5.4286236e-01
  -1.1902265e-01
   5.2666114e+00
   1.9468744e+00
   4.2144187e+00
   1.6756776e+00
  -3.6793564e-01
   3.8298261e-01
  -7.3513021e-01
  -2.6521863e-01
   4.9757699e+00
   3.0236872e+00
  -5.2529047e+00
   2.5718205e+00
   5.9302156e+00
  -1.2497704e+00
  -4.9213319e+00
  -3.4080040e+00
  -4.5103049e-01
  -3.6328999e+00
  -2.0143642e+00
   1.9077640e+00
   5.7615017e+00
  -2.3088863e+00
   3.4785457e+00
   5.1370796e+00
   4.2635405e+00
   4.0726536e+00
   3.7634634e+00
  -8.0946770e-01
   2.6422157e+00
  -9.2840805e-01
  -9.0760927e-01
   1.3437658e+00
  -5.5772373e-01
  -1.2259831e+00
  -2.0726245e+00
   2.1006980e+00
  -3.3592788e+00
   1.7890559e+00
  -4.8638065e+00
  -4.9164172e+00
   5.2659069e+00
  -5.7501413e+00
  -2.7997608e+00
   5.0901335e+00
  -1.2289342e-01
  -3.8193190e+00
  -2.7086797e+00
   3.8988905e+00
  -4.5874482e+00
  -3.2998080e+00
  -7.1642288e-01
  -4.6644451e+00
   2.3466942e+00
  -9.2276322e-02
   5.7549272e+00
   3.2332790e+00
  -3.7088840e+00
  -2.4201216e+00
   5.3947050e+00
  -5.8508338e+00
   2.5522975e+00
   2.9034861e+00
  -3.8008237e+00
  -5.5534652e-01
   1.5875079e+00
   2.4961979e+00
   6.9800164e-01
  -4.9653684e+00
  -3.7975392e-01
  -4.9508671e+00
  -2.1211601e+00
  -1.2194658e-01
  -5.3864717e+00
  -4.2360616e+00
   6.6908787e-01
  -5.6230591e-01
  -3.1719471e+00
   5.5783304e+00
  -8.8836296e-01
   3.9992787e+00
   4.7970176e+00
   5.2265287e+00
   2.3360089e+00
   2.0345684e-01
   5.1015743e+00
  -3.6943916e+00
   1.3853788e+00
  -1.9621774e+00
   2.6546770e+00
  -1.9880343e+00
   5.3765807e+00
  -1.8020358e+00
   5.9832673e+00
  -7.2248462e-01
   2.4134113e+00
  -4.1066831e+00
  -5.2747031e+00
  -3.2428397e+00
   5.6078074e+00
  -2.6370190e+00
  -3.8832193e+00
   2.5012947e+00
  -1.4619144e+00
  -2.8912578e+00
  -5.3959566e+00
   3.3130167e+00
  -3.6994190e+00
   2.9759549e+00
   1.6634917e+00
  -5.6365582e+00
   9.9772054e-01
  -2.5635274e+00
   2.5817932e+00
  -3.4688038e+00
  -3.2661593e+00
   4.1004776e+00
  -5.6513094e+00
   3.7388018e+00
  -1.6025801e+00
   3.9510304e-01
  -1.7595643e+00
  -7.9941493e-02
  -2.9743421e-01
   1.9211008e-01
   3.4306890e+00
  -5.4817951e+00
  -1.8006843e+00
   4.1828182e+00
   3.6806624e+00
  -6.1084554e-01
   4.6369168e+00
  -1.4846374e+00
   2.8254640e+00
   5.1292846e+00
   5.4742095e+00
   4.7568264e+00
   6.1231528e-01
  -2.5755815e+00
  -5.5294634e+00
  -1.0103878e+00
   4.3000782e+00
   4.2694982e+00
  -4.5652179e+00
   4.8869485e+00
  -5.2897724e+00
   5.5558773e+00
  -4.4117046e+00
   2.9571329e+00
  -3.2267821e+00
   4.3510838e+00
   1.4181144e+00
  -3.5288024e+00
   2.7569563e+00
   1.7934432e-01
  -3.6568662e+00
   3.1073092e+00
  -3.8935949e+00
  -1.9326247e+00
   8.2685797e-01
   3.0586046e+00
  -5.4297297e-01
   2.7600900e+00
  -3.6649985e+00
   4.5890918e+00
   2.3870900e+00
   2.0451726e+00
   5.8125453e+00
   2.0756420e+00
   9.8023628e-01
  -7.9816516e-03
  -1.9691414e+00
  -2.1794686e+00
  -1.3964902e+00
   6.5834533e-01
   1.4148370e+00
  -2.2913401e+00
   4.6109748e+00
  -3.7120915e+00
  -1.8342929e-01
  -5.9372828e+00
  -2.6522325e+00
  -1.2524541e-01
   2.5915925e+00
   2.8255666e+00
   1.5712906e+00
   7.9069112e-01
   3.6578898e-01
   1.6830917e+00
  -4.2704628e+00
  -9.5922164e-01
  -3.8072442e+00
   6.1721757e-01
   5.4722427e+00
   3.2443184e+00
   4.0819483e+00
   3.3932722e+00
   2.6614845e+00
   2.1832431e+00
   3.9665905e+00
  -1.1282973e+00
  -5.8547702e+00
  -5.9598553e+00
   4.7399313e+00
   5.4145163e+00
  -4.9495309e+00
  -2.9730521e+00
  -2.0664120e+00
  -3.2031923e+00
   4.6998971e+00
   4.6684625e+00
   2.7772289e+00
  -3.5296507e+00
   4.2773593e+00
  -2.7277738e+00
  -1.5222421e+00
  -1.5431172e+00
   5.5081414e+00
  -8.8930022e-01
  -1.6955716e+00
  -2.2487459e+00
   1.5639907e+00
   3.3944001e+00
   5.5387505e+00
   2.8357561e+00
  -7.1381717e-01
   5.8062828e+00
   4.5510776e+00
  -3.3834685e+00
   8.2696876e-02
   2.8871490e+00
  -3.6889141e+00
   1.7267990e+00
  -4.6902290e+00
  -3.7974196e+00
  -1.3995521e+00
   2.1425912e+00
  -3.4245447e-01
   3.5571131e+00
   3.3808692e+00
   8.9071406e-01
  -6.9638229e-01
  -4.1909670e+00
  -2.6817414e+00
  -1.3626625e+00
   3.4473171e+00
  -3.2156632e+00
   2.0938187e+00
  -3.6961197e+00
   5.8763448e+00
  -4.2100893e+00
   1.3022167e+00
  -3.2377621e+00
  -5.6390871e+00
   4.2362894e+00
   3.3295561e+00
  -2.3431310e+00
   2.0692856e+00
   3.5864888e+00
   3.0565596e+00
  -1.9820131e+00
   3.6903468e+00
   4.3726362e+00
   3.5943785e+00
  -4.2342130e-01
   4.5087620e+00
  -9.9164044e-01
  -2.2925573e+00
  -4.0303864e+00
  -4.7735738e+00
   3.6124447e+00
  -1.6939975e+00
  -3.8625291e+00
  -5.4363535e+00
   5.8756148e+00
  -8.0597226e-01
  -3.2676357e+00
  -2.5036224e+00
   3.7620816e+00
  -4.0881094e+00
  -1.8556525e+00
  -4.9449370e+00
   4.4489235e+00
  -3.2244103e+00
  -2.5949094e+00
  -1.8868507e+00
  -1.8584819e+00
   2.1167870e+00
  -2.5971913e+00
  -4.4102603e+00
   2.3575816e+00
  -3.0674380e+00
   1.6290631e+00
   2.6565867e+00
   1.6204137e+00
   1.3661129e+00
   4.7591222e+00
   4.1546393e-01
  -1.4068186e+00
   5.0286650e+00
  -9.1577727e-01
   5.6288968e+00
   8.0350112e-01
   1.1561731e+00
   1.5133321e+00
   5.9014212e+00
  -9.5321756e-01
   6.5964644e-01
  -1.4896097e+00
   4.3709240e+00
   1.0097872e+00
  -3.6650079e+00
   1.6969481e+00
   4.9177303e+00
  -5.9496840e+00
   3.6766098e-01
   3.9283316e+00
  -3.8113250e+00
   3.6938389e+00
  -2.5105942e+00
   2.5215841e+00
   4.1529234e+00
  -5.0032081e+00
   1.6241095e+00
  -5.5293896e+00
   4.3032405e+00
   3.2615323e+00
  -2.1492471e+00
   1.0854764e-02
  -4.7454509e+00
  -1.1211781e+00
   3.5512358e+00
   3.7445151e-01
  -2.7227657e+00
   4.9994482e+00
  -4.1172239e+00
   5.1781244e+00
   4.4542028e+00
  -5.8369655e+00
  -5.1850301e+00
  -3.8568328e+00
  -2.9108974e+00
  -2.6020060e+00
   1.0968517e+00
  -5.1946275e-01
   5.5631405e+00
  -1.5779287e-01
  -4.2204813e+00
   3.8048781e+00
  -4.0341948e+00
  -4.9697404e+00
   1.3443735e+00
   1.5382108e+00
   5.2595838e+00
  -3.3514095e+00
   3.7950249e+00
  -5.7756170e+00
  -2.1402429e+00
   5.1893889e+00
  -3.7349332e-01
   5.4420125e-02
  -3.3187582e+00
   4.7449980e+00
   4.2769591e+00
  -1.1271812e+00
  -4.9321704e-01
  -4.6075741e-01
   3.3861796e+00
  -5.4409780e+00
  -5.2649150e+00
   3.1032049e+00
   4.0548738e+00
  -5.5921759e+00
  -1.5788492e+00
   3.6300786e+00
   3.9082522e+00
  -4.1833269e+00
  -5.9608532e+00
   4.5651750e+00
   1.4234627e+00
   4.3509048e-02
  -5.8869542e+00
   9.0022328e-01
  -8.2975901e-01
   4.7602293e-01
  -1.1195699e+00
  -2.5094286e-01
  -2.1277313e+00
   5.6699830e+00
  -1.2787516e+00
  -3.8154612e+00
   5.2121492e+00
   3.3345974e+00
   2.3510460e+00
   3.5133341e-02
   4.7924956e+00
   2.7089068e+00
   4.4353125e+00
  -3.8467349e+00
   2.2129936e-01
   2.8030896e+00
   1.3804978e+00
   7.5518210e-01
  -3.7370610e+00
   3.8771723e+00
   1.4695370e+00
  -1.8538979e+00
   4.4504704e+00
  -6.9850670e-01
   2.8299064e+00
   1.0345080e+00
   2.6815404e+00
  -3.2883316e+00
  -3.7375129e+00
   1.4331882e+00
   4.6829550e+00
  -3.7416277e+00
   1.0157860e+00
   1.9271682e+00
  -5.8329561e+00
  -2.1595698e+00
   5.9874911e+00
  -3.5491449e+00
  -4.9074916e+00
  -4.3033710e-01
  -4.7825346e+00
  -5.3227711e+00
   7.2773282e-01
  -2.7736704e+00
  -5.3358283e-02
  -2.5486256e+00
  -4.9971572e+00
  -4.5210931e+00
  -4.8518442e+00
  -5.5906632e-02
   2.4326997e+00
  -2.2191455e+00
  -3.3284247e+00
   1.1244395e+00
   3.8794605e+00
   2.9813485e-01
  -1.5076694e+00
  -5.3012522e+00
  -5.3992052e-01
   1.6475624e+00
   4.3756575e+00
  -2.9960484e+00
   4.7543881e+00
   6.6400053e-01
  -2.6278718e+00
   2.9853764e+00
   5.2043124e+00
  -3.3309996e+00
  -7.8826402e-01
  -2.0170003e+00
  -5.5268896e+00
  -5.4336372e+00
   1.3546042e+00
  -4.0373458e+00
  -4.3087266e+00
   4.7882615e+00
   5.4460730e+00
  -3.4333660e-01
   1.6084102e-01
  -3.1383080e+00
   1.1519241e+00
  -4.5053350e+00
  -1.7334589e+00
  -4.9038666e+00
  -3.2908636e+00
  -4.7221140e+00
   1.0405740e+00
  -1.2972848e+00
  -5.6509995e+00
  -1.0676859e+00
  -4.6927120e+00
   5.5592015e+00
   4.0120636e+00
   3.5126848e+00
   5.3201981e+00
   4.8528888e+00
  -4.5310692e+00
   3.1600138e+00
   1.4970601e+00
  -6.4893322e-01
  -8.4525699e-01
  -4.4155111e+00
   5.4093083e+00
   8.4218850e-01
  -3.9698032e+00
  -3.8346356e+00
   6.1784904e-01
  -4.4264892e+00
  -2.4669065e+00
  -1.4093251e+00
  -4.0500533e+00
  -3.5416885e+00
  -3.2809656e+00
   6.1336607e-01
  -1.9508203e+00
  -3.1815263e+00
  -5.8647358e+00
  -4.3172935e+00
  -5.4990938e+00
  -1.8022195e+00
   3.2510341e+00
   2.4610391e+00
   3.4797308e-01
   4.2595333e+00
   4.9967882e-01
  -3.8350004e+00
   2.7957974e+00
   4.6567250e+00
  -5.4402340e+00
  -3.3271999e+00
   3.1182952e+00
  -5.0646536e+00
  -5.7359054e+00
   3.3759747e-01
   2.2718345e+00
  -3.3183293e+00
  -5.2358639e+00
   3.5093607e+00
  -4.3983531e+00
  -4.0592006e+00
   5.2428738e+00
  -1.5758861e+00
  -2.6224472e+00
   1.8950681e-01
  -1.5660133e+00
   5.9124431e+00
   1.4251837e+00
  -2.7661768e-01
  -2.5053693e+00
  -4.7859929e+00
  -3.0280996e-01
   1.1230606e+00
   2.3425274e+00
   4.0825924e+00
  -1.5790725e+00
   3.5297006e+00
   2.1911429e+00
  -1.9095324e+00
  -7.4902752e-01
  -3.0750415e+00
  -3.3677414e+00
  -5.9448787e+00
   7.3872348e-01
  -7.6602185e-01
  -2.3626921e+00
  -5.3549949e+00
  -3.1511929e+00
  -4.6181865e+00
  -1.0290190e+00
   4.0527188e+00
  -4.6614006e+00
   5.9218125e+00
   5.3120767e+00
  -4.4844729e-01
  -3.7879985e+00
   3.9234763e+00
  -2.5337299e+00
  -5.5611821e+00
   1.6699739e+00
  -4.5912791e+00
  -4.5529733e+00
  -8.9074117e-01
   3.3817841e+00
   3.6930985e+00
   4.3145144e-01
  -1.1995964e+00
  -3.5342817e+00
  -2.9925202e+00
  -2.4750485e+00
   5.6406778e+00
  -4.0748042e+00
   2.6045760e+00
  -8.5663239e-01
   6.8140075e-01
   1.8198043e+00
   2.7678067e+00
  -1.1252425e+00
  -2.5573041e-01
   7.6854283e-01
  -5.7119351e+00
  -4.4357379e+00
  -3.4308907e-01
   1.7125202e+00
   5.7593655e-01
  -4.4847176e+00
   4.3528861e+00
  -4.9588912e+00
  -3.4779253e+00
  -4.6887623e+00
   5.9215298e+00
  -5.4413959e+00
   1.1309617e+00
  -1.9678053e+00
  -5.5839169e+00
  -4.3037754e-01
   4.3088997e+00
   3.1761523e+00
  -5.0234015e+00
  -4.2901636e+00
   4.8891362e+00
  -1.4173811e+00
  -2.6384039e+00
   4.7355719e+00
   5.2576950e+00
   2.0845353e-01
   2.8799446e+00
   2.1485881e+00
  -2.9533682e+00
   2.2686795e+00
   1.2604715e+00
  -1.6149240e-01
   9.6928046e-01
   4.2835281e+00
   5.1834061e+00
  -1.5764942e+00
   3.4373385e+00
   5.7107747e+00
  -2.0875270e+00
  -2.3446338e+00
  -2.8596414e+00
   5.5905852e+00
  -2.3689143e+00
  -4.5720594e+00
  -4.7109922e+00
   4.4213649e+00
  -3.1990633e+00
  -7.9573624e-01
  -5.9342399e+00
   1.4465439e-01
  -4.2152072e+00
   2.8753987e+00
   2.2304514e+00
   3.4792493e+00
  -1.1312728e-01
   1.3018974e-01
   4.8041777e+00
   4.9633089e+00
  -2.5827051e+00
  -4.5605565e+00
  -5.9244209e+00
  -2.7033279e+00
   5.7480554e+00
   5.5261678e+00
   4.3111804e+00
  -5.0508452e+00
  -2.1367950e+00
  -3.9040298e+00
   4.3800522e+00
  -4.7059453e+00
  -4.6643076e+00
  -5.8421807e+00
   2.2459807e+00
  -1.7646902e+00
   5.1753655e+00
  -4.4255756e+00
  -5.9916594e+00
  -5.4525908e+00
   5.6567468e+00
   1.7968169e+00
   3.7252598e+00
  -6.0777511e-02
  -1.2389904e+00
   4.7073318e+00
  -5.0533749e+00
   2.4718622e+00
   9.5908226e-01
  -4.1035131e+00
  -3.3527721e+00
  -3.6080463e+00
  -8.2240974e-01
  -5.4438386e+00
   4.5005296e+00
   2.4177368e+00
   5.0051531e+00
  -3.4308287e+00
  -3.1324189e+00
  -2.0426508e+00
  -4.5878092e+00
  -1.2445726e-01
  -2.6914295e+00
  -9.2320596e-01
  -8.9233506e-01
  -4.0380385e+00
   1.4855700e+00
  -1.6504359e+00
  -3.9317531e+00
   2.0578600e+00
   2.1545901e+00
   6.2306080e-01
  -2.8933731e+00
   1.9903440e+00
   3.0742097e+00
  -1.0109370e+00
  -2.4104060e+00
  -9.1247219e-01
  -1.2563003e+00
   5.0085263e+00
   4.7781960e+00
  -4.8967678e+00
   3.4763939e+00
   3.8155910e+00
  -4.6580885e-01
  -1.1096903e-01
   2.2927194e+00
  -4.9857939e+00
  -3.3890845e+00
   6.1699077e-01
  -5.2131602e+00
   3.7191705e+00
   1.6960177e+00
  -5.4809738e+00
  -2.3659455e+00
   8.3827292e-01
   2.8949036e+00
  -2.5189991e-01
   4.8175963e+00
  -4.0876173e+00
   2.0977032e+00
   1.9169311e+00
  -4.7599134e+00
   1.6461507e+00
   5.3390657e+00
  -4.8139424e+00
  -5.2247963e+00
   1.6985192e+00
   5.4044588e+00
  -1.3922701e+00
   4.5740893e+00
  -6.3308484e-01
  -5.3694890e+00
   2.7208749e+00
  -1.8725394e-01
   1.9918746e+00
  -4.1147284e+00
  -2.2580030e+00
   8.2913594e-01
  -1.2378136e+00
  -1.7398350e-03
   4.5553197e+00
   3.4294164e+00
   5.7600024e+00
   5.7201832e+00
   4.7037619e+00
   3.3317237e+00
  -2.6682291e+00
  -4.1735568e+00
  -3.8665372e+00
  -5.0584129e+00
  -3.2655175e-01
   4.7940612e+00
  -4.4915437e+00
  -5.8013499e+00
   9.7166487e-01
  -2.5711172e-01
   1.0654958e+00
  -3.6680009e+00
   1.1766293e+00
  -4.9670479e+00
  -5.7175292e+00
  -4.8798111e-01
  -1.6039596e+00
  -5.5441602e+00
  -3.2533610e+00
   1.8631220e+00
   5.8261463e+00
   2.9899366e+00
  -3.3078153e+00
  -2.0630598e+00
  -1.4285231e+00
  -3.8528332e+00
   4.8173569e+00
  -5.3897375e+00
   7.5564495e-01
   2.3387191e+00
  -1.2757853e+00
   4.6343366e+00
  -2.6595932e+00
   4.2620882e+00
  -2.2556880e+00
   2.0134793e+00
   5.1131300e+00
   5.9907004e+00
  -8.9577168e-01
   4.0831130e+00
  -4.8036962e+00
   3.2486615e+00
  -2.8757422e+00
  -4.6335082e-01
  -1.3326405e+00
  -1.3276135e+00
  -5.4960095e+00
   2.6224136e+00
   3.5843573e-01
   9.7916360e-01
  -3.6625498e+00
   1.2451283e+00
   1.6890661e+00
  -5.2191657e-01
   1.5905949e+00
  -5.1150004e+00
  -1.9153125e+00
   3.3774760e+00
  -3.4982707e+00
   4.1591451e+00
  -1.1719470e+00
  -3.7900877e+00
  -5.6548876e-01
   5.3659262e+00
  -1.8160062e+00
   3.7458678e+00
   4.9196482e+00
   1.9201622e+00
   2.3029663e+00
   2.1702748e+00
  -3.5372167e+00
  -5.4549577e+00
  -1.4865826e+00
   4.6841348e+00
   5.0340708e+00
   1.6284804e+00
  -4.2925854e+00
  -4.0396459e+00
   4.6382515e+00
   5.8802288e+00
  -7.1950690e-01
   1.2764160e+00
  -3.9168908e+00
   5.2194351e+00
   2.2173905e+00
  -2.1911323e+00
  -4.4313059e+00
   3.5465547e+00
   6.2489787e-01
   4.3519550e+00
   3.2714266e+00
  -2.6072554e+00
   3.8551790e+00
  -4.8540317e+00
   2.3279473e+00
  -4.9071661e+00
   3.0197149e+00
   3.6068685e+00
   9.8443219e-01
  -3.7936477e+00
   3.9551150e+00
   3.7722077e+00
  -1.0130438e+00
  -4.1920319e+00
  -8.7291478e-01
   3.7995550e+00
   2.7151743e+00
   3.3272018e-01
   5.2423093e+00
   4.7550998e-01
  -2.4857910e+00
   5.3927483e+00
  -2.5430327e+00
  -4.7567538e+00
   3.2675830e+00
  -4.1264263e+00
   4.5887651e+00
   4.4195545e+00
  -3.3252925e+00
  -1.1803350e+00
  -8.7185238e-01
   2.2521370e-01
  -2.0161093e+00
   2.0391694e+00
   7.5525060e-02
  -2.2194454e+00
   5.1257161e+00
   4.2861598e+00
  -3.4313764e+00
  -3.1155955e-01
  -4.0175427e+00
  -4.1677663e+00
  -3.4136641e+00
  -5.1554350e+00
   1.5956436e-01
   3.9903212e-02
   4.6284618e+00
  -7.6061562e-01
   2.3420771e+00
  -9.2329920e-01
   5.4251479e+00
   2.3605262e+00
  -1.7856652e+00
  -1.8865106e+00
   1.4980673e+00
   2.5969201e+00
   1.5654093e+00
  -4.1070042e+00
   5.4163025e+00
  -1.2440640e+00
   1.3565346e+00
   3.0501831e+00
   5.5878918e+00
   3.1480928e-01
   1.1666831e+00
   4.5753223e+00
   5.7308918e+00
  -1.9739471e+00
   5.7016456e+00
  -3.6654123e+00
  -5.2021630e+00
  -9.4479151e-01
  -1.4090995e+00
   4.5791204e+00
  -4.6893275e+00
  -1.0461251e+00
  -4.9087983e-01
  -4.7738530e+00
   3.3812654e+00
   5.1455536e+00
   5.5524558e-01
  -1.0836972e+00
   1.0179585e-01
   1.0810017e+00
  -4.0234931e+00
  -3.6501417e+00
  -7.3244623e-01
  -5.8615107e+00
   4.9023777e+00
   3.7958474e+00
  -1.0068161e-01
   4.0449329e+00
  -5.3289984e+00
  -4.1310699e+00
  -4.1422947e-01
  -5.2739866e+00
  -5.0940475e+00
   2.8214647e+00
  -3.0573057e+00
  -4.8368386e+00
  -2.6104741e+00
   4.7453132e-02
  -2.1868028e+00
  -1.7304754e+00
  -1.7188493e+00
   2.5657951e-01
  -1.8308645e+00
  -2.3616296e-01
  -2.6855749e+00
   4.0081365e+00
   2.6796020e-01
   1.3118876e+00
  -1.2614293e+00
   5.9725727e+00
  -4.0128824e+00
   3.8943629e+00
   3.3458644e+00
   4.9956577e+00
   5.2642923e+00
  -1.2607590e+00
  -2.6757921e+00
  -3.0541593e+00
  -9.8003863e-01
  -5.6494720e+00
  -1.9680131e+00
   5.1838455e+00
   5.9227388e+00
  -4.2634353e+00
   1.8090548e+00
  -6.9533379e-01
   2.3495166e+00
  -3.0023033e-01
  -5.9383519e+00
  -2.6931269e+00
  -2.4796549e+00
  -4.1115083e+00
  -2.4731004e-01
  -6.4755890e-01
   5.2471897e+00
   4.6275386e-01
  -3.3487302e+00
   4.4058601e+00
  -9.0863015e-01
   4.7100722e+00
   4.6012166e+00
   3.9487475e+00
  -5.6506869e+00
  -1.0177865e+00
  -4.3468129e+00
   4.9865648e+00
  -4.8895139e+00
  -2.3252831e+00
  -4.6380009e-01
   2.7509659e+00
  -3.8130961e+00
  -1.9231910e+00
  -2.8512021e-01
  -5.7675213e+00
  -3.1509024e+00
   5.8306799e+00
   5.4286236e-01
  -1.1902265e-01
   5.2666114e+00
   1.9468744e+00
   4.2144187e+00
   1.6756776e+00
  -3.6793564e-01
   3.8298261e-01
  -7.3513021e-01
  -2.6521863e-01
   4.9757699e+00
   3.0236872e+00
  -5.2529047e+00
   2.5718205e+00
   5.9302156e+00
  -1.2497704e+00
  -4.9213319e+00
  -3.4080040e+00
  -4.5103049e-01
  -3.6328999e+00
  -2.0143642e+00
   1.9077640e+00
   5.7615017e+00
  -2.3088863e+00
   3.4785457e+00
   5.1370796e+00
   4.2635405e+00
   4.0726536e+00
   3.7634634e+00
  -8.0946770e-01
   2.6422157e+00
  -9.2840805e-01
  -9.0760927e-01
   1.3437658e+00
  -5.5772373e-01
  -1.2259831e+00
  -2.0726245e+00
   2.1006980e+00
  -3.3592788e+00
   1.7890559e+00
  -4.8638065e+00
  -4.9164172e+00
   5.2659069e+00
  -5.7501413e+00
  -2.7997608e+00
   5.0901335e+00
  -1.2289342e-01
  -3.8193190e+00
  -2.7086797e+00
   3.8988905e+00
  -4.5874482e+00
  -3.2998080e+00
  -7.1642288e-01
  -4.6644451e+00
   2.3466942e+00
  -9.2276322e-02
   5.7549272e+00
   3.2332790e+00
  -3.7088840e+00
  -2.4201216e+00
   5.3947050e+00
  -5.8508338e+00
   2.5522975e+00
   2.9034861e+00
  -3.8008237e+00
  -5.5534652e-01
   1.5875079e+00
   2.4961979e+00
   6.9800164e-01
  -4.9653684e+00
  -3.7975392e-01
  -4.9508671e+00
  -2.1211601e+00
  -1.2194658e-01
  -5.3864717e+00
  -4.2360616e+00
   6.6908787e-01
  -5.6230591e-01
  -3.1719471e+00
   5.5783304e+00
  -8.8836296e-01
   3.9992787e+00
   4.7970176e+00
   5.2265287e+00
   2.3360089e+00
   2.0345684e-01
   5.1015743e+00
  -3.6943916e+00
   1.3853788e+00
  -1.9621774e+00
   2.6546770e+00
  -1.9880343e+00
   5.3765807e+00
  -1.8020358e+00
   5.9832673e+00
  -7.2248462e-01
   2.4134113e+00
  -4.1066831e+00
  -5.2747031e+00
  -3.2428397e+00
   5.6078074e+00
  -2.6370190e+00
  -3.8832193e+00
   2.5012947e+00
  -1.4619144e+00
  -2.8912578e+00
  -5.3959566e+00
   3.3130167e+00
  -3.6994190e+00
   2.9759549e+00
   1.6634917e+00
  -5.6365582e+00
   9.9772054e-01
  -2.5635274e+00
   2.5817932e+00
  -3.4688038e+00
  -3.2661593e+00
   4.1004776e+00
  -5.6513094e+00
   3.7388018e+00
  -1.6025801e+00
   3.9510304e-01
  -1.7595643e+00
  -7.9941493e-02
  -2.9743421e-01
   1.9211008e-01
   3.4306890e+00
  -5.4817951e+00
  -1.8006843e+00
   4.1828182e+00
   3.6806624e+00
  -6.1084554e-01
   4.6369168e+00
  -1.4846374e+00
   2.8254640e+00
   5.1292846e+00
   5.4742095e+00
   4.7568264e+00
   6.1231528e-01
  -2.5755815e+00
  -5.5294634e+00
  -1.0103878e+00
   4.3000782e+00
   4.2694982e+00
  -4.5652179e+00
   4.8869485e+00
  -5.2897724e+00
   5.5558773e+00
  -4.4117046e+00
   2.9571329e+00
  -3.2267821e+00
   4.3510838e+00
   1.4181144e+00
  -3.5288024e+00
   2.7569563e+00
   1.7934432e-01
  -3.6568662e+00
   3.1073092e+00
  -3.8935949e+00
  -1.9326247e+00
   8.2685797e-01
   3.0586046e+00
  -5.4297297e-01
   2.7600900e+00
  -3.6649985e+00
   4.5890918e+00
   2.3870900e+00
   2.0451726e+00
   5.8125453e+00
   2.0756420e+00
   9.8023628e-01
  -7.9816516e-03
  -1.9691414e+00
  -2.1794686e+00
  -1.3964902e+00
   6.5834533e-01
   1.4148370e+00
  -2.2913401e+00
   4.6109748e+00
  -3.7120915e+00
  -1.8342929e-01
  -5.9372828e+00
  -2.6522325e+00
  -1.2524541e-01
   2.5915925e+00
   2.8255666e+00
   1.5712906e+00
   7.9069112e-01
   3.6578898e-01
   1.6830917e+00
  -4.2704628e+00
  -9.5922164e-01
  -3.8072442e+00
   6.1721757e-01
   5.4722427e+00
   3.2443184e+00
   4.0819483e+00
   3.3932722e+00
   2.6614845e+00
   2.1832431e+00
   3.9665905e+00
  -1.1282973e+00
  -5.8547702e+00
  -5.9598553e+00
   4.7399313e+00
   5.4145163e+00
  -4.9495309e+00
  -2.9730521e+00
  -2.0664120e+00
  -3.2031923e+00
   4.6998971e+00
   4.6684625e+00
   2.7772289e+00
  -3.5296507e+00
   4.2773593e+00
  -2.7277738e+00
  -1.5222421e+00
  -1.5431172e+00
   5.5081414e+00
  -8.8930022e-01
  -1.6955716e+00
  -2.2487459e+00
   1.5639907e+00
   3.3944001e+00
   5.5387505e+00
   2.8357561e+00
  -7.1381717e-01
   5.8062828e+00
   4.5510776e+00
  -3.3834685e+00
   8.2696876e-02
   2.8871490e+00
  -3.6889141e+00
   1.7267990e+00
  -4.6902290e+00
  -3.7974196e+00
  -1.3995521e+00
   2.1425912e+00
  -3.4245447e-01
   3.5571131e+00
   3.3808692e+00
   8.9071406e-01
  -6.9638229e-01
  -4.1909670e+00
  -2.6817414e+00
  -1.3626625e+00
   3.4473171e+00
  -3.2156632e+00
   2.0938187e+00
  -3.6961197e+00
   5.8763448e+00
  -4.2100893e+00
   1.3022167e+00
  -3.2377621e+00
  -5.6390871e+00
   4.2362894e+00
   3.3295561e+00
  -2.3431310e+00
   2.0692856e+00
   3.5864888e+00
   3.0565596e+00
  -1.9820131e+00
   3.6903468e+00
   4.3726362e+00
   3.5943785e+00
  -4.2342130e-01
   4.5087620e+00
  -9.9164044e-01
  -2.2925573e+00
  -4.0303864e+00
  -4.7735738e+00
   3.6124447e+00
  -1.6939975e+00
  -3.8625291e+00
  -5.4363535e+00
   5.8756148e+00
  -8.0597226e-01
  -3.2676357e+00
  -2.5036224e+00
   3.7620816e+00
  -4.0881094e+00
  -1.8556525e+00
  -4.9449370e+00
   4.4489235e+00
  -3.2244103e+00
  -2.5949094e+00
  -1.8868507e+00
  -1.8584819e+00
   2.1167870e+00
  -2.5971913e+00
  -4.4102603e+00
   2.3575816e+00
  -3.0674380e+00
   1.6290631e+00
   2.6565867e+00
   1.6204137e+00
   1.3661129e+00
   4.7591222e+00
   4.1546393e-01
  -1.4068186e+00
   5.0286650e+00
  -9.1577727e-01
   5.6288968e+00
   8.0350112e-01
   1.1561731e+00
   1.5133321e+00
   5.9014212e+00
  -9.5321756e-01
   6.5964644e-01
  -1.4896097e+00
   4.3709240e+00
   1.0097872e+00
  -3.6650079e+00
   1.6969481e+00
   4.9177303e+00
  -5.9496840e+00
   3.6766098e-01
   3.9283316e+00
  -3.8113250e+00
   3.6938389e+00
  -2.5105942e+00
   2.5215841e+00
   4.1529234e+00
  -5.0032081e+00
   1.6241095e+00
  -5.5293896e+00
   4.3032405e+00
   3.2615323e+00
  -2.1492471e+00
   1.0854764e-02
  -4.7454509e+00
  -1.1211781e+00
   3.5512358e+00
   3.7445151e-01
  -2.7227657e+00
   4.9994482e+00
  -4.1172239e+00
   5.1781244e+00
   4.4542028e+00
  -5.8369655e+00
  -5.1850301e+00
  -3.8568328e+00
  -2.9108974e+00
  -2.6020060e+00
   1.0968517e+00
  -5.1946275e-01
   5.5631405e+00
  -1.5779287e-01
  -4.2204813e+00
   3.8048781e+00
  -4.0341948e+00
  -4.9697404e+00
   1.3443735e+00
   1.5382108e+00
   5.2595838e+00
  -3.3514095e+00
   3.7950249e+00
  -5.7756170e+00
  -2.1402429e+00
   5.1893889e+00
  -3.7349332e-01
   5.4420125e-02
  -3.3187582e+00
   4.7449980e+00
   4.2769591e+00
  -1.1271812e+00
  -4.9321704e-01
  -4.6075741e-01
   3.3861796e+00
  -5.4409780e+00
  -5.2649150e+00
   3.1032049e+00
   4.0548738e+00
  -5.5921759e+00
  -1.5788492e+00
   3.6300786e+00
   3.9082522e+00
  -4.1833269e+00
  -5.9608532e+00
   4.5651750e+00
   1.4234627e+00
   4.3509048e-02
  -5.8869542e+00
   9.0022328e-01
  -8.2975901e-01
   4.7602293e-01
  -1.1195699e+00
  -2.5094286e-01
  -2.1277313e+00
   5.6699830e+00
  -1.2787516e+00
  -3.8154612e+00
   5.2121492e+00
   3.3345974e+00
   2.3510460e+00
   3.5133341e-02
   4.7924956e+00
   2.7089068e+00
   4.4353125e+00
  -3.8467349e+00
   2.2129936e-01
   2.8030896e+00
   1.3804978e+00
   7.5518210e-01
  -3.7370610e+00
   3.8771723e+00
   1.4695370e+00
  -1.8538979e+00
   4.4504704e+00
  -6.9850670e-01
   2.8299064e+00
   1.0345080e+00
   2.6815404e+00
  -3.2883316e+00
  -3.7375129e+00
   1.4331882e+00
   4.6829550e+00
  -3.7416277e+00
   1.0157860e+00
   1.9271682e+00
  -5.8329561e+00
  -2.1595698e+00
   5.9874911e+00
  -3.5491449e+00
  -4.9074916e+00
  -4.3033710e-01
  -4.7825346e+00
  -5.3227711e+00
   7.2773282e-01
  -2.7736704e+00
  -5.3358283e-02
  -2.5486256e+00
  -4.9971572e+00
  -4.5210931e+00
  -4.8518442e+00
  -5.5906632e-02
   2.4326997e+00
  -2.2191455e+00
  -3.3284247e+00
   1.1244395e+00
   3.8794605e+00
   2.9813485e-01
  -1.5076694e+00
  -5.3012522e+00
  -5.3992052e-01
   1.6475624e+00
   4.3756575e+00
  -2.9960484e+00
   4.7543881e+00
   6.6400053e-01
  -2.6278718e+00
   2.9853764e+00
   5.2043124e+00
  -3.3309996e+00
  -7.8826402e-01
  -2.0170003e+00
  -5.5268896e+00
  -5.4336372e+00
   1.3546042e+00
  -4.0373458e+00
  -4.3087266e+00
   4.7882615e+00
   5.4460730e+00
  -3.4333660e-01
   1.6084102e-01
  -3.1383080e+00
   1.1519241e+00
  -4.5053350e+00
  -1.7334589e+00
  -4.9038666e+00
  -3.2908636e+00
  -4.7221140e+00
   1.0405740e+00
  -1.2972848e+00
  -5.6509995e+00
  -1.0676859e+00
  -4.6927120e+00
   5.5592015e+00
   4.0120636e+00
   3.5126848e+00
   5.3201981e+00
   4.8528888e+00
  -4.5310692e+00
   3.1600138e+00
   1.4970601e+00
  -6.4893322e-01
  -8.4525699e-01
  -4.4155111e+00
   5.4093083e+00
   8.4218850e-01
  -3.9698032e+00
  -3.8346356e+00
   6.1784904e-01
  -4.4264892e+00
  -2.4669065e+00
  -1.4093251e+00
  -4.0500533e+00
  -3.5416885e+00
  -3.2809656e+00
   6.1336607e-01
  -1.9508203e+00
  -3.1815263e+00
  -5.8647358e+00
  -4.3172935e+00
  -5.4990938e+00
  -1.8022195e+00
   3.2510341e+00
   2.4610391e+00
   3.4797308e-01
   4.2595333e+00
   4.9967882e-01
  -3.8350004e+00
   2.7957974e+00
   4.6567250e+00
  -5.4402340e+00
  -3.3271999e+00
   3.1182952e+00
  -5.0646536e+00
  -5.7359054e+00
   3.3759747e-01
   2.2718345e+00
  -3.3183293e+00
  -5.2358639e+00
   3.5093607e+00
  -4.3983531e+00
  -4.0592006e+00
   5.2428738e+00
  -1.5758861e+00
  -2.6224472e+00
   1.8950681e-01
  -1.5660133e+00
   5.9124431e+00
   1.4251837e+00
  -2.7661768e-01
  -2.5053693e+00
  -4.7859929e+00
  -3.0280996e-01
   1.1230606e+00
   2.3425274e+00
   4.0825924e+00
  -1.5790725e+00
   3.5297006e+00
   2.1911429e+00
  -1.9095324e+00
  -7.4902752e-01
  -3.0750415e+00
  -3.3677414e+00
  -5.9448787e+00
   7.3872348e-01
  -7.6602185e-01
  -2.3626921e+00
  -5.3549949e+00
  -3.1511929e+00
  -4.6181865e+00
  -1.0290190e+00
   4.0527188e+00
  -4.6614006e+00
   5.9218125e+00
   5.3120767e+00
  -4.4844729e-01
  -3.7879985e+00
   3.9234763e+00
  -2.5337299e+00
  -5.5611821e+00
   1.6699739e+00
  -4.5912791e+00
  -4.5529733e+00
  -8.9074117e-01
   3.3817841e+00
   3.6930985e+00
   4.3145144e-01
  -1.1995964e+00
  -3.5342817e+00
  -2.9925202e+00
  -2.4750485e+00
   5.6406778e+00
  -4.0748042e+00
   2.6045760e+00
  -8.5663239e-01
   6.8140075e-01
   1.8198043e+00
   2.7678067e+00
  -1.1252425e+00
  -2.5573041e-01
   7.6854283e-01
  -5.7119351e+00
  -4.4357379e+00
  -3.4308907e-01
   1.7125202e+00
   5.7593655e-01
  -4.4847176e+00
   4.3528861e+00
  -4.9588912e+00
  -3.4779253e+00
  -4.6887623e+00
   5.9215298e+00
  -5.4413959e+00
   1.1309617e+00
  -1.9678053e+00
  -5.5839169e+00
  -4.3037754e-01
   4.3088997e+00
   3.1761523e+00
  -5.0234015e+00
  -4.2901636e+00
   4.8891362e+00
  -1.4173811e+00
  -2.6384039e+00
   4.7355719e+00
   5.2576950e+00
   2.0845353e-01
   2.8799446e+00
   2.1485881e+00
  -2.9533682e+00
   2.2686795e+00
   1.2604715e+00
  -1.6149240e-01
   9.6928046e-01
   4.2835281e+00
   5.1834061e+00
  -1.5764942e+00
   3.4373385e+00
   5.7107747e+00
  -2.0875270e+00
  -2.3446338e+00
  -2.8596414e+00
   5.5905852e+00
  -2.3689143e+00
  -4.5720594e+00
  -4.7109922e+00
   4.4213649e+00
  -3.1990633e+00
  -7.9573624e-01
  -5.9342399e+00
   1.4465439e-01
  -4.2152072e+00
   2.8753987e+00
   2.2304514e+00
   3.4792493e+00
  -1.1312728e-01
   1.3018974e-01
   4.8041777e+00
   4.9633089e+00
  -2.5827051e+00
  -4.5605565e+00
  -5.9244209e+00
  -2.7033279e+00
   5.7480554e+00
   5.5261678e+00
   4.3111804e+00
  -5.0508452e+00
  -2.1367950e+00
  -3.9040298e+00
   4.3800522e+00
  -4.7059453e+00
  -4.6643076e+00
  -5.8421807e+00
   2.2459807e+00
  -1.7646902e+00
   5.1753655e+00
  -4.4255756e+00
  -5.9916594e+00
  -5.4525908e+00
   5.6567468e+00
   1.7968169e+00
   3.7252598e+00
  -6.0777511e-02
  -1.2389904e+00
   4.7073318e+00
  -5.0533749e+00
   2.4718622e+00
   9.5908226e-01
  -4.1035131e+00
  -3.3527721e+00
  -3.6080463e+00
  -8.2240974e-01
  -5.4438386e+00
   4.5005296e+00
   2.4177368e+00
   5.0051531e+00
  -3.4308287e+00
  -3.1324189e+00
  -2.0426508e+00
  -4.5878092e+00
  -1.2445726e-01
  -2.6914295e+00
  -9.2320596e-01
  -8.9233506e-01
  -4.0380385e+00
   1.4855700e+00
  -1.6504359e+00
  -3.9317531e+00
   2.0578600e+00
   2.1545901e+00
   6.2306080e-01
  -2.8933731e+00
   1.9903440e+00
   3.0742097e+00
  -1.0109370e+00
  -2.4104060e+00
  -9.1247219e-01
  -1.2563003e+00
   5.0085263e+00
   4.7781960e+00
  -4.8967678e+00
   3.4763939e+00
   3.8155910e+00
  -4.6580885e-01
  -1.1096903e-01
   2.2927194e+00
  -4.9857939e+00
  -3.3890845e+00
   6.1699077e-01
  -5.2131602e+00
   3.7191705e+00
   1.6960177e+00
  -5.4809738e+00
  -2.3659455e+00
   8.3827292e-01
   2.8949036e+00
  -2.5189991e-01
   4.8175963e+00
  -4.0876173e+00
   2.0977032e+00
   1.9169311e+00
  -4.7599134e+00
   1.6461507e+00
   5.3390657e+00
  -4.8139424e+00
  -5.2247963e+00
   1.6985192e+00
   5.4044588e+00
  -1.3922701e+00
   4.5740893e+00
  -6.3308484e-01
  -5.3694890e+00
   2.7208749e+00
  -1.8725394e-01
   1.9918746e+00
  -4.1147284e+00
  -2.2580030e+00
   8.2913594e-01
  -1.2378136e+00
  -1.7398350e-03
   4.5553197e+00
   3.4294164e+00
   5.7600024e+00
   5.7201832e+00
   4.7037619e+00
   3.3317237e+00
  -2.6682291e+00
  -4.1735568e+00
  -3.8665372e+00
  -5.0584129e+00
  -3.2655175e-01
   4.7940612e+00
  -4.4915437e+00
  -5.8013499e+00
   9.7166487e-01
  -2.5711172e-01
   1.0654958e+00
  -3.6680009e+00
   1.1766293e+00
  -4.9670479e+00
  -5.7175292e+00
  -4.8798111e-01
  -1.6039596e+00
  -5.5441602e+00
  -3.2533610e+00
   1.8631220e+00
   5.8261463e+00
   2.9899366e+00
  -3.3078153e+00
  -2.0630598e+00
  -1.4285231e+00
  -3.8528332e+00
   4.8173569e+00
  -5.3897375e+00
   7.5564495e-01
   2.3387191e+00
  -1.2757853e+00
   4.6343366e+00
  -2.6595932e+00
   4.2620882e+00
  -2.2556880e+00
   2.0134793e+00
   5.1131300e+00
   5.9907004e+00
  -8.9577168e-01
   4.0831130e+00
  -4.8036962e+00
   3.2486615e+00
  -2.8757422e+00
  -4.6335082e-01
  -1.3326405e+00
  -1.3276135e+00
  -5.4960095e+00
   2.6224136e+00
   3.5843573e-01
   9.7916360e-01
  -3.6625498e+00
   1.2451283e+00
   1.6890661e+00
  -5.2191657e-01
   1.5905949e+00
  -5.1150004e+00
  -1.9153125e+00
   3.3774760e+00
  -3.4982707e+00
   4.1591451e+00
  -1.1719470e+00
  -3.7900877e+00
  -5.6548876e-01
   5.3659262e+00
  -1.8160062e+00
   3.7458678e+00
   4.9196482e+00
   1.9201622e+00
   2.3029663e+00
   2.1702748e+00
  -3.5372167e+00
  -5.4549577e+00
  -1.4865826e+00
   4.6841348e+00
   5.0340708e+00
   1.6284804e+00
  -4.2925854e+00
  -4.0396459e+00
   4.6382515e+00
   5.8802288e+00
  -7.1950690e-01
   1.2764160e+00
  -3.9168908e+00
   5.2194351e+00
   2.2173905e+00
  -2.1911323e+00
  -4.4313059e+00
   3.5465547e+00
   6.2489787e-01
   4.3519550e+00
   3.2714266e+00
  -2.6072554e+00
   3.8551790e+00
  -4.8540317e+00
   2.3279473e+00
  -4.9071661e+00
   3.0197149e+00
   3.6068685e+00
   9.8443219e-01
  -3.7936477e+00
   3.9551150e+00
   3.7722077e+00
  -1.0130438e+00
  -4.1920319e+00
  -8.7291478e-01
   3.7995550e+00
   2.7151743e+00
   3.3272018e-01
   5.2423093e+00
   4.7550998e-01
  -2.4857910e+00
   5.3927483e+00
  -2.5430327e+00
  -4.7567538e+00
   3.2675830e+00
  -4.1264263e+00
   4.5887651e+00
   4.4195545e+00
  -3.3252925e+00
  -1.1803350e+00
  -8.7185238e-01
   2.2521370e-01
  -2.0161093e+00
   2.0391694e+00
   7.5525060e-02
  -2.2194454e+00
   5.1257161e+00
   4.2861598e+00
  -3.4313764e+00
  -3.1155955e-01
  -4.0175427e+00
  -4.1677663e+00
  -3.4136641e+00
  -5.1554350e+00
   1.5956436e-01
   3.9903212e-02
   4.6284618e+00
  -7.6061562e-01
   2.3420771e+00
  -9.2329920e-01
   5.4251479e+00
   2.3605262e+00
  -1.7856652e+00
  -1.8865106e+00
   1.4980673e+00
   2.5969201e+00
   1.5654093e+00
  -4.1070042e+00
   5.4163025e+00
  -1.2440640e+00
   1.3565346e+00
   3.0501831e+00
   5.5878918e+00
   3.1480928e-01
   1.1666831e+00
   4.5753223e+00
   5.7308918e+00
  -1.9739471e+00
   5.7016456e+00
  -3.6654123e+00
  -5.2021630e+00
  -9.4479151e-01
  -1.4090995e+00
   4.5791204e+00
  -4.6893275e+00
  -1.0461251e+00
  -4.9087983e-01
  -4.7738530e+00
   3.3812654e+00
   5.1455536e+00
   5.5524558e-01
  -1.0836972e+00
   1.0179585e-01
   1.0810017e+00
  -4.0234931e+00
  -3.6501417e+00
  -7.3244623e-01
  -5.8615107e+00
   4.9023777e+00
   3.7958474e+00
  -1.0068161e-01
   4.0449329e+00
  -5.3289984e+00
  -4.1310699e+00
  -4.1422947e-01
  -5.2739866e+00
  -5.0940475e+00
   2.8214647e+00
  -3.0573057e+00
  -4.8368386e+00
  -2.6104741e+00
   4.7453132e-02
  -2.1868028e+00
  -1.7304754e+00
  -1.7188493e+00
   2.5657951e-01
  -1.8308645e+00
  -2.3616296e-01
  -2.6855749e+00
   4.0081365e+00
   2.6796020e-01
   1.3118876e+00
  -1.2614293e+00
   5.9725727e+00
  -4.0128824e+00
   3.8943629e+00
   3.3458644e+00
   4.9956577e+00
   5.2642923e+00
  -1.2607590e+00
  -2.6757921e+00
  -3.0541593e+00
  -9.8003863e-01
  -5.6494720e+00
  -1.9680131e+00
   5.1838455e+00
   5.9227388e+00
  -4.2634353e+00
   1.8090548e+00
  -6.9533379e-01
   2.3495166e+00
  -3.0023033e-01
  -5.9383519e+00
  -2.6931269e+00
  -2.4796549e+00
  -4.1115083e+00
  -2.4731004e-01
  -6.4755890e-01
   5.2471897e+00
   4.6275386e-01
  -3.3487302e+00
   4.4058601e+00
  -9.0863015e-01
   4.7100722e+00
   4.6012166e+00
   3.9487475e+00
  -5.6506869e+00
  -1.0177865e+00
  -4.3468129e+00
   4.9865648e+00
  -4.8895139e+00
  -2.3252831e+00
  -4.6380009e-01
   2.7509659e+00
  -3.8130961e+00
  -1.9231910e+00
  -2.8512021e-01
  -5.7675213e+00
  -3.1509024e+00
   5.8306799e+00
   5.4286236e-01
  -1.1902265e-01
   5.2666114e+00
   1.9468744e+00
   4.2144187e+00
   1.6756776e+00
  -3.6793564e-01
   3.8298261e-01
  -7.3513021e-01
  -2.6521863e-01
   4.9757699e+00
   3.0236872e+00
  -5.2529047e+00
   2.5718205e+00
   5.9302156e+00
  -1.2497704e+00
  -4.9213319e+00
  -3.4080040e+00
  -4.5103049e-01
  -3.6328999e+00
  -2.0143642e+00
   1.9077640e+00
   5.7615017e+00
  -2.3088863e+00
   3.4785457e+00
   5.1370796e+00
   4.2635405e+00
   4.0726536e+00
   3.7634634e+00
  -8.0946770e-01
   2.6422157e+00
  -9.2840805e-01
  -9.0760927e-01
   1.3437658e+00
  -5.5772373e-01
  -1.2259831e+00
  -2.0726245e+00
   2.1006980e+00
  -3.3592788e+00
   1.7890559e+00
  -4.8638065e+00
  -4.9164172e+00
   5.2659069e+00
  -5.7501413e+00
  -2.7997608e+00
   5.0901335e+00
  -1.2289342e-01
  -3.8193190e+00
  -2.7086797e+00
   3.8988905e+00
  -4.5874482e+00
  -3.2998080e+00
  -7.1642288e-01
  -4.6644451e+00
   2.3466942e+00
  -9.2276322e-02
   5.7549272e+00
   3.2332790e+00
  -3.7088840e+00
  -2.4201216e+00
   5.3947050e+00
  -5.8508338e+00
   2.5522975e+00
   2.9034861e+00
  -3.8008237e+00
  -5.5534652e-01
   1.5875079e+00
   2.4961979e+00
   6.9800164e-01
  -4.9653684e+00
  -3.7975392e-01
  -4.9508671e+00
  -2.1211601e+00
  -1.2194658e-01
  -5.3864717e+00
  -4.2360616e+00
   6.6908787e-01
  -5.6230591e-01
  -3.1719471e+00
   5.5783304e+00
  -8.8836296e-01
   3.9992787e+00
   4.7970176e+00
   5.2265287e+00
   2.3360089e+00
   2.0345684e-01
   5.1015743e+00
  -3.6943916e+00
   1.3853788e+00
  -1.9621774e+00
   2.6546770e+00
  -1.9880343e+00
   5.3765807e+00
  -1.8020358e+00
   5.9832673e+00
  -7.2248462e-01
   2.4134113e+00
  -4.1066831e+00
  -5.2747031e+00
  -3.2428397e+00
   5.6078074e+00
  -2.6370190e+00
  -3.8832193e+00
   2.5012947e+00
  -1.4619144e+00
  -2.8912578e+00
  -5.3959566e+00
   3.3130167e+00
  -3.6994190e+00
   2.9759549e+00
   1.6634917e+00
