   4.6073066e+02
   7.5086656e+01
   3.2930198e+02
   3.5864077e+02
   4.7582021e+02
   1.2159189e+01
   4.6609751e+02
   3.5942833e+02
   2.7267794e+02
   4.9051695e+02
   2.5677634e+01
   1.1499371e+02
   1.6521849e+02
   1.1977976e+02
   3.5173227e+02
   2.3266594e+02
   3.3785706e+02
   4.4836255e+02
   3.2574707e+02
   5.0437496e+02
   1.2840971e+02
   4.3446153e+01
   3.9174358e+02
   5.0085957e+02
   7.0566875e+01
   2.2973007e+02
   1.0498999e+02
   6.8527544e+01
   2.4572593e+02
   3.7350055e+02
   9.6722625e+01
   4.4650023e+02
   3.4925260e+02
   9.5754467e+01
   3.1888749e+02
   8.5175817e+01
   1.9722246e+02
   2.2180164e+02
   1.4742385e+02
   3.4994589e+02
   4.1971124e+02
   2.4875715e+02
   4.0664536e+02
   2.2552915e+02
   6.1998953e+01
   4.4046817e+02
   4.7124428e+02
   3.6509873e+01
   9.9422095e+01
   3.8654734e+02
   4.3438027e+02
   3.9543169e+01
   4.6082711e+02
   2.0992637e+02
   5.5130421e+02
   5.1322519e+02
   2.1821176e+02
   3.8506490e+02
   5.0979898e+02
   1.5787906e+02
   4.3437712e+02
   2.3558662e+02
   2.1880603e+02
   1.9041831e+02
   3.9719842e+02
   4.5441090e+02
   2.6261330e+02
   3.9233757e+02
   6.4747786e+01
   2.3907899e+01
   5.4023549e+02
   4.8724032e+02
   3.4527126e+01
   8.4285257e+01
   2.6816631e+01
   3.2658621e+02
   2.5941361e+02
  -1.4805609e+00
   2.3084394e+02
   2.3685902e+02
   6.7580962e+01
   1.4493464e+02
   4.4697815e+02
   3.4072446e+02
   1.0668876e+02
   3.7783681e+02
   3.3776005e+02
   4.0708781e+02
   5.3182607e+02
   1.5923377e+02
   2.9364584e+01
   1.9121622e+02
   4.6826431e+02
   4.9413757e+02
   3.3297779e+02
   3.1618717e+02
   4.8774964e+02
   4.9440960e+02
   5.9495540e+01
   4.2172997e+01
   7.6312890e+01
   5.3212288e+02
   6.2479426e+01
   1.6273637e+02
   5.5607415e+02
   1.5648346e+02
   4.7502127e+01
   1.8880716e+02
   3.9962252e+02
   3.0847152e+02
   5.7404707e+00
   5.3603382e+02
   5.4245464e+02
   3.2981299e+02
   4.2738095e+02
   3.0164988e+02
   4.5428889e+01
   1.3537469e+02
   1.6039417e+02
   5.5754142e+02
   1.0642596e+02
   2.2200965e+02
   2.5049703e+02
   5.5000475e+02
   7.4532651e+01
   1.6137842e+02
   9.9564388e+01
   3.1965539e+02
   2.5077776e+02
   1.3186819e+02
   8.0516167e-01
   4.1250090e+02
   2.7021837e+01
   3.8189275e+02
   8.4261691e+01
   3.4093161e+02
   5.1096013e+02
   4.1431778e+02
   7.0098070e+01
   2.9815681e+02
   2.4238230e+02
   4.6657214e+02
   5.2652328e+02
   3.4942001e+02
   9.2686498e+01
   1.1751192e+02
   2.4451249e+02
   1.0423808e+02
   3.9152308e+02
   2.6197185e+02
   3.8461912e+02
   5.2752843e+02
   4.6165736e+02
   4.8448233e+02
   5.1412977e+02
   3.3472293e+02
   1.7420053e+02
   5.3444599e+02
   4.7714722e+02
   3.7429391e+01
   3.9647517e+02
   2.1839095e+02
   4.9981233e+02
   1.8956381e+02
   1.4400870e+02
   1.7258465e+02
   1.9545865e+02
  -1.1164052e+01
   3.8419664e+02
   5.0906248e+02
   2.4808533e+02
   5.2406554e+00
   3.8785234e+02
   1.7098601e+02
   1.3993542e+02
   8.1784559e+00
   5.0292963e+02
   4.8847971e+01
  -1.3638860e+01
   2.4144357e+02
   1.0024208e+02
   4.2190024e+02
   1.3058936e+01
   2.1229274e+02
   1.2907631e+02
   5.5894032e+02
   2.7784184e+02
   3.7647288e+02
   4.7189112e+02
   1.6834299e+01
   3.1197415e+02
   4.1762014e+02
   3.4378801e+02
   5.5733638e+02
   4.2858890e+02
   5.5327904e+02
   5.4763254e+02
   4.7154442e+02
   2.7096320e+02
  -9.8399149e+00
   5.1080345e+02
   2.4138940e+02
   2.8792316e+02
   5.2211049e+02
   3.5300409e+02
   8.9675522e+01
   3.1476421e+02
   1.8741435e+02
   1.5428395e+02
   1.0552993e+02
   2.6205926e+02
   1.8145410e+02
   3.4149911e+02
   1.3348173e+02
   1.8643894e+02
   2.8257071e+02
   2.6010372e+02
   3.1735800e+02
   4.4332389e+02
   1.2868706e+02
   5.3133196e+02
   4.9559420e+02
   3.5798226e+02
   3.5815120e+02
   4.0651368e+02
   1.5804781e+02
   1.5359323e+02
   7.9510316e+01
   3.7590440e+01
   2.9647849e+02
   5.5218510e+02
   2.2736684e+02
   1.4708524e+02
   4.1275617e+02
   4.2176283e+01
   2.0957442e+01
   2.3455286e+02
   9.8967262e+01
   3.8839912e+02
   1.3777674e+02
   2.4816849e+02
   3.5279908e+02
   3.7224064e+02
   6.3804194e+01
   2.6199387e+02
   1.3651538e+02
   2.1916953e+02
   2.6253556e+02
   5.1488722e+02
   1.9979841e+02
   7.2261157e+01
   2.1163406e+02
   2.8049841e+02
   5.2185506e+02
  -2.4220611e+00
   6.8037351e+01
   3.6359040e+02
   3.1625735e+01
   1.1394204e+02
   5.2582522e+02
   4.4131811e+02
   2.1579375e+01
   9.9386229e+01
   5.1331573e+02
   3.8060707e+01
  -3.6099781e+00
   1.2423329e+02
   3.8072984e+02
   3.1451755e+02
   4.1781281e+02
   4.2718087e+01
   1.6311877e+02
   3.6055181e+02
   6.7981636e+01
   3.5770668e+02
   1.6855948e+02
   4.4337815e+02
   2.8719080e+02
   5.1631305e+02
   5.5016533e+02
   3.8812774e+02
   5.0345378e+02
   4.1589033e+02
   4.8778862e+02
   6.5854263e+01
   3.6893667e+01
   2.5644952e+02
   4.4973066e+02
   2.9333315e+00
   6.8861314e+01
   1.4446249e+02
   4.9985099e+02
   1.0623366e+02
   1.3716046e+02
   2.3038484e+02
   2.4569638e+02
   5.5903256e+01
   2.6006116e+02
   2.8423224e+02
   1.6208650e+02
   1.1231907e+02
   5.2044402e+02
   3.3800368e+02
   5.6056676e+02
   4.6368080e+02
   9.7765746e+01
   2.2820439e+02
  -1.4515322e+01
   1.7639243e+01
   4.1857543e+02
  -9.1877159e-01
   1.4385845e+02
   1.0476665e+02
   1.2371374e+02
   2.1627192e+02
   1.2429603e+02
   2.6851203e+02
   1.0486103e+02
   1.6546536e+02
   5.2874427e+02
   5.1384587e+02
   2.1107833e+02
  -6.8845061e+00
   2.8631133e+02
   3.5788217e+02
   3.9271305e+02
   3.7477544e+02
   4.7015715e+02
   3.1295207e+02
   4.1979214e+02
   7.7963005e+01
   2.4780041e+01
   4.6121000e+02
   6.1033555e+01
   1.3760861e+02
   3.1277384e+02
   3.9989217e+02
   5.1146283e+02
   8.7086276e+01
   2.7941305e+02
   2.6315921e+02
   1.9323406e+02
   1.7051754e+02
   2.6924657e+02
   4.2642026e+02
   1.5880502e+02
   3.5080227e+02
   3.3157569e+02
   3.0662845e+02
   2.9641671e+02
   4.1947403e+02
   4.7210188e+02
   1.9454820e+02
   6.9492712e+01
   3.3557518e+02
   3.2890050e+02
   3.3079135e+02
   4.7894731e+02
   1.8029276e+02
   4.4508673e+02
   8.2726933e+01
   5.1479098e+02
   3.1035172e+02
   5.2482153e+02
   3.8318224e+02
   4.9345743e+02
   4.9750664e+02
   5.2142530e+02
  -1.3270122e+01
   5.3399363e+02
   5.5601127e+02
   1.5690141e+02
   3.2330552e+02
   4.0343474e+02
   2.5358893e+02
   2.8882008e+02
   3.5068238e+02
   1.3218253e+02
   7.5444285e+01
   8.8603517e+01
   2.5124450e+01
   1.4760978e+02
   5.5399627e+02
   3.4075345e+02
   4.8325898e+02
   1.4963172e+02
   1.3282832e+02
   8.5607016e+01
   3.6555662e+02
   3.2231593e+02
   8.2479058e+01
   5.4756020e+01
   4.2875991e+02
   1.9330006e+02
   5.6051570e+02
   3.5638054e+02
  -5.1578152e-01
   1.7806433e+02
   2.5682895e+02
   1.0932979e+02
   2.6350000e+02
   4.7352610e+02
   2.3528902e+02
  -1.6358571e+01
   3.6685756e+02
   2.5949623e+02
   2.1752152e+02
   4.1822387e+02
   5.2733304e+02
   1.3709067e+02
   1.2828739e+02
   3.7928814e+02
   2.3961858e+02
   9.9013588e+01
   2.4681629e+02
   5.1871399e+02
   2.5136644e+02
   1.6389085e+02
   3.3585493e+02
   5.1817227e+02
   5.0466772e+02
   2.4260888e+02
   5.4633435e+01
   1.9786432e+02
   1.7919317e+02
   4.9760514e+02
   3.1017047e+02
  -1.0712088e+01
   1.2752411e+02
   4.5106108e+02
   2.2286765e+02
   4.1943521e+02
   4.5454477e+02
   3.5785805e+02
   5.3903319e+02
   1.2234583e+02
   2.5930319e+02
   3.2445828e+02
   2.0496904e+02
   1.8271005e+02
   3.1993350e+01
   2.2368785e+01
   2.7153493e+02
   4.3485656e+02
   4.3082704e+02
   2.5455664e+02
   2.8541291e+02
   3.0417717e+02
   4.2587307e+02
   1.8978676e+02
   2.9455444e+01
   1.0489572e+02
   3.1523878e+02
   3.1015084e+02
   3.8489264e+02
  -1.2307933e+01
   4.4076840e+01
   2.5467863e+02
   1.7874464e+02
   2.3549946e+02
   3.6174964e+02
   4.7410673e+02
   4.9852926e+02
   3.3425300e+02
   3.6472759e+02
   3.4105989e+02
   1.5109615e+02
   2.9341962e+02
   2.9433870e+02
   3.2460982e+02
   2.6930141e+02
   4.2807335e+02
   2.5866255e+02
   3.4768621e+02
   3.9674044e+02
   4.3166835e+02
   7.1393997e+01
   2.1939282e+02
   1.2409710e+02
   9.2596688e+01
   1.2763259e+02
   5.6732832e+01
   4.9378030e+02
   3.9088364e+02
   2.3790990e+02
   2.7436813e+02
  -2.2461665e+00
   4.7809595e+02
   3.8346751e+02
   4.0331440e+02
   1.4086785e+01
   4.0088000e+02
   4.7858471e+02
   2.7906200e+02
   1.6014679e+02
   1.7285437e+02
   4.0856097e+02
   1.5809118e+02
   3.2714944e+02
   5.4251521e+02
   4.9323334e+02
   1.3691383e+02
   3.4846897e+02
   5.3513639e+02
   2.2986407e+02
   4.9049131e+02
   5.5328367e+02
   4.1665612e+02
   1.8806043e+02
   3.8717725e+02
   4.3879927e+02
   5.4064844e+02
   4.7860136e+02
   1.6079189e+02
   1.1749818e+02
   5.2762243e+02
   2.5263457e+01
   6.3215562e+01
   1.4510196e+02
   2.9516507e+02
   4.1818647e+02
   1.4246692e+02
   3.0016746e+02
   3.0606955e+02
   3.6664990e+02
   3.4129441e+02
  -1.8592304e+01
   2.9712505e+02
   5.1484993e+02
   1.8725621e+02
   3.2103556e+02
   1.0006895e+02
   4.9757310e+02
   2.8707364e+02
   4.0110560e+02
   3.3474438e+02
   3.1458357e+02
   1.4853020e+02
   1.7516748e+02
   9.9734804e+01
   3.2839646e+02
   3.4979169e+02
   3.8318748e+02
   1.8235042e+02
   4.8889102e+02
   3.1702904e+02
   1.3071832e+02
   2.2463408e+02
   3.7268058e+02
   4.1476433e+02
   8.8875162e+01
   4.5847665e+02
   4.2782775e+02
   3.4483083e+02
   7.6664976e+01
   2.8334952e+02
   1.5072764e+02
   4.3316910e+02
   3.9612417e+02
   6.9543331e+01
   1.1068982e+02
   3.7152389e+02
   3.8124823e+02
   4.4828051e+02
   2.2999571e+02
   5.4121771e+02
   3.6273139e+02
   1.4436593e+02
   2.7428770e+02
   5.1406082e+02
   3.8579196e+02
   3.9295103e+01
   1.2970177e+02
   5.7158884e+01
   4.8889795e+02
   3.7556794e+02
   5.4916366e+02
   2.7251511e+02
   1.4426529e+02
   2.8359362e+02
   4.4011062e+02
   5.0715207e+02
   3.4866586e+02
   1.6541915e+02
   5.1893215e+02
   2.4853852e+02
   3.2549688e+02
   5.1248591e+02
   3.8654827e+02
   3.4176431e+02
   4.5839103e+02
   2.9778150e+02
   3.5572130e+02
   4.2515835e+02
   3.1209389e+02
   3.9282098e+02
   4.0989893e+02
   1.5693505e+02
   5.2190268e+02
   2.6601078e+02
   2.1956594e+01
   2.5560474e+02
   1.2762438e+02
   5.6607077e+01
   1.8712534e+02
   1.4205114e+02
   3.1917282e+02
   3.6189194e+02
   9.1246937e+01
   4.3952468e+02
   1.5324136e+02
   1.9157930e+02
   5.2361492e+02
   3.3410512e+02
   1.7067852e+02
  -8.1254809e+00
   3.2769169e+02
   2.9463617e+02
   8.9177295e+00
   4.4254327e+02
   4.9897889e+02
   3.5854989e+02
   4.4343576e+02
   1.5367533e+02
   2.0449721e+01
   3.1195788e+02
   5.0179608e+02
   4.0870041e+02
   2.2355803e+02
   2.1472914e+02
   2.4258226e+02
   2.4703970e+02
   1.7845064e+02
   2.0106486e+02
   4.1130048e+02
   3.6946159e+02
   5.2944642e+02
   5.3303357e+02
   9.3946675e+01
   1.1157164e+02
   1.6620203e+02
   3.3970802e+02
   7.5511119e+01
   4.4062492e+02
   2.5973725e+02
   1.2357311e+02
   2.1055745e+02
   1.1265567e+02
   2.4668904e+02
   9.4817547e+01
   1.0705069e+02
   2.2491277e+02
   8.8760747e+01
   1.5397880e+02
   4.9179472e+02
   3.0788528e+02
   3.6906885e+02
   3.1592652e+01
   4.0321151e+02
   2.4836327e+02
   4.9673857e+02
   4.7170801e+02
   4.3630232e+02
   3.8844469e+02
   1.3371043e+02
   7.4644060e+00
   4.4870489e+02
   3.5031963e+02
   2.4115106e+02
   5.3995579e+02
   3.1899823e+02
  -1.0424384e+01
   2.2306844e+02
   4.8477037e+02
   1.1829162e+02
   2.0356404e+02
   2.0992166e+02
   1.0976748e+02
   5.4422900e+02
   5.0526495e+02
   6.3727954e+01
   3.5893242e+02
   3.5753509e+02
   4.7582575e+02
   3.3956588e+02
   3.1414045e+01
   2.0017695e+02
   3.4720926e+02
   8.9887742e+00
   5.1475912e+02
   4.5893456e+02
   4.7400808e+02
   4.5770697e+02
   3.4511442e+02
   2.2595557e+02
   1.0484338e+02
   3.3986084e+02
   3.1681189e+02
   7.7207294e+01
   6.9628989e+01
   2.1964358e+02
   2.2801309e+02
   2.5542055e+02
   1.0512047e+02
   3.7821402e+02
   2.1464283e+02
   4.8937964e+02
   5.8167535e+01
   1.6191328e+02
   2.9790398e+02
   3.0228650e+02
   2.3842319e+02
   3.6079805e+02
   1.8568526e+02
   3.9344981e+02
   5.0902754e+02
   2.2000030e+02
   4.9301392e+02
   3.8099960e+01
   1.2659627e+02
   4.5987234e+02
   1.0935573e+02
   2.0044951e+02
   4.8785759e+02
   1.3269129e+02
   3.2685936e+02
   4.8346459e+02
   9.1017863e+01
   2.0441596e+02
   6.0090118e+01
   4.2849809e+02
   1.3305648e+02
   4.8788636e+02
   5.3884984e+02
   4.6028470e+02
   1.4704470e+01
   1.9264651e+02
   2.2575870e+02
   2.1539527e+02
   2.0350107e+02
   3.5517487e+02
   3.3272501e+02
   4.7349032e+02
   9.6616224e+01
   5.1772076e+02
   5.0546708e+02
   2.7865919e+02
   1.4752938e+02
   2.5058389e+01
   5.2773811e+02
   2.3038084e+01
   2.6580160e+02
   7.6828473e+01
   3.2745005e+02
   2.9835879e+02
   1.7851617e+02
   4.7115962e+02
   1.0125245e+02
   3.7044362e+00
   1.8623560e+02
   1.8562212e+02
   1.8107477e+02
   6.1823467e+01
   1.4721371e+02
   5.4537009e+02
   2.4716374e+02
   1.7937040e+02
   1.8443406e+02
   3.3667878e+02
   5.1047028e+02
   4.6916657e+02
   1.8044178e+01
   4.3850104e+02
   4.3084460e+02
   3.9596929e+01
   5.5264680e+02
   2.5607553e+02
   6.5410949e+01
   1.1803162e+02
  -1.9317665e+00
   2.6240446e+02
   3.0430120e+02
   1.5745324e+01
   5.2174025e+02
   3.3715326e+02
   1.6740578e+02
   1.5254656e+02
   3.3199375e+02
   5.6219711e+02
   4.9166773e+02
   1.8935975e+02
   5.1956922e+02
   3.5575910e+02
   3.0886798e+02
   3.3088239e+02
   5.6244667e+01
   8.7573374e+01
   4.6531442e+02
   2.9685036e+02
   2.1965392e+02
   5.2258867e+02
   1.3482641e+02
   3.1412055e+02
   3.8953336e+02
   5.0410084e+02
   3.6726213e+02
  -3.0057623e+00
   1.2202005e+02
   3.0272732e+02
   4.3960019e+01
   3.6275649e+01
   3.0843560e+02
   2.1067011e+02
   1.8194094e+02
   4.1890423e+02
   9.4334424e+01
   3.9803804e+02
   3.3442108e+02
   4.2705590e+01
   1.1155623e+02
   2.1562963e+02
   8.4775559e+01
   5.5005196e+02
   4.0960365e+02
   1.8067879e+01
   4.9519855e+02
   8.5559849e+01
   2.9923175e+02
   3.1522245e+02
   3.7453119e+02
   1.8306086e+02
   5.3018773e+02
   5.3888104e+02
   2.2428768e+02
   4.9123400e+02
   2.1622357e+02
   1.7525098e+01
   2.8182737e+02
   4.9137288e+02
   2.2496193e+02
   2.7641668e+02
   5.5075657e+02
   2.4668179e+02
   2.7414766e+02
   5.2335307e+02
   4.1265954e+02
   1.5734582e+02
   1.9472104e+02
   4.9566795e+02
   3.7727464e+02
   3.2038857e+02
   3.5813781e+02
   2.4834887e+02
   1.0579333e+02
   5.0470922e+01
   1.3112299e+02
   1.6712827e+02
   1.7999470e+02
   2.1383747e+02
   4.4433093e+02
   4.4638172e+01
  -1.9016140e+01
   3.3757873e+02
   1.6502665e+02
   1.1817286e+02
   2.4646588e+02
   7.5425783e+01
  -5.1557913e+00
   4.2440213e+02
   8.0752089e+01
  -1.7143257e+01
   3.8341835e+02
   1.6615903e+02
   1.4491487e+02
   2.3552774e+02
   4.1947268e+02
   1.0619357e+02
   2.9745883e+02
   1.2714958e-01
   1.9567477e+02
   1.8667865e+02
   7.1769107e+01
   2.8422287e+02
   3.3695068e+02
   4.1226155e+02
   3.7244238e+02
   4.9367514e+02
   5.4685853e+01
   5.4507472e+02
   5.0471407e+02
   2.7396883e+02
   2.1817380e+01
   1.3898608e+02
   3.0237407e+02
   1.7462598e+01
   2.0820087e+01
   2.5818533e+02
   4.9124759e+02
   7.4890237e+01
   4.8914385e+02
   3.7287259e+02
   2.9000806e+02
   2.4677090e+02
   5.0311845e+02
   5.2376634e+02
   1.8752469e+02
   1.5386501e+02
   7.3166405e+01
   4.6783001e+02
   5.4690260e+02
   1.8822736e+01
   1.2231341e+01
   1.9613809e+02
   1.9756398e+02
   4.3172703e+02
   3.5521011e+01
   4.1394904e+02
   9.2534390e+01
   2.1205326e+02
   2.8744119e+02
   3.2695289e+02
   5.3741163e+02
   5.4360115e+02
   8.6502152e+01
   2.8241169e+02
   4.8673532e+02
   2.0452869e+02
   4.7010832e+02
   2.7080995e+02
   5.5787895e+02
   3.6703607e+02
   4.4165511e+02
   1.6146381e+02
   4.4030113e+02
   4.1243374e+02
   3.1793435e+02
   2.2628048e+02
   2.3987258e+02
   9.2259790e+01
   1.2583659e+02
   2.1158924e+02
   8.9126592e+01
   6.8861739e+01
   4.8961506e+02
   2.6796574e+02
   2.2050630e+02
   5.5466449e+02
   2.5941657e+02
   1.8173925e+02
   2.0275370e+02
   2.8094132e+02
   2.5192075e+01
   2.6924572e+02
   5.0441585e+02
   5.0583814e+02
   4.7421477e+02
   1.4303323e+02
   6.2989230e+01
   5.3452701e+02
   3.2149033e+02
   4.9114529e+02
   1.6874699e+02
   2.4646724e+02
   5.2626501e+02
   5.1357796e+02
   1.2839029e+02
   2.8804119e+02
   7.2216700e+01
   2.7129073e+02
   2.1150688e+02
   3.6101080e+02
   1.9771884e+02
   2.1365313e+02
   5.2705802e+02
   4.9249021e+02
   1.5092466e+02
   2.1559551e+02
   1.4319885e+02
   5.1345995e+02
   5.5321506e+02
   3.8635073e+02
   1.1085629e+02
   3.5024139e+02
   2.4512995e+02
   3.1274781e+02
   3.4577583e+02
  -1.9652014e+01
  -1.9051492e+01
   1.8085273e+02
   3.1169622e+02
  -9.6246742e+00
   2.8645136e+02
   2.2435880e+02
   2.9895685e+02
   2.3102027e+02
   3.8613672e+02
   1.9390270e+02
  -1.8288961e+01
   8.1471372e+01
   7.6951279e+01
   4.6073066e+02
   7.5086656e+01
   3.2930198e+02
   3.5864077e+02
   4.7582021e+02
   1.2159189e+01
   4.6609751e+02
   3.5942833e+02
   2.7267794e+02
   4.9051695e+02
   2.5677634e+01
   1.1499371e+02
   1.6521849e+02
   1.1977976e+02
   3.5173227e+02
   2.3266594e+02
   3.3785706e+02
   4.4836255e+02
   3.2574707e+02
   5.0437496e+02
   1.2840971e+02
   4.3446153e+01
   3.9174358e+02
   5.0085957e+02
   7.0566875e+01
   2.2973007e+02
   1.0498999e+02
   6.8527544e+01
   2.4572593e+02
   3.7350055e+02
   9.6722625e+01
   4.4650023e+02
   3.4925260e+02
   9.5754467e+01
   3.1888749e+02
   8.5175817e+01
   1.9722246e+02
   2.2180164e+02
   1.4742385e+02
   3.4994589e+02
   4.1971124e+02
   2.4875715e+02
   4.0664536e+02
   2.2552915e+02
   6.1998953e+01
   4.4046817e+02
   4.7124428e+02
   3.6509873e+01
   9.9422095e+01
   3.8654734e+02
   4.3438027e+02
   3.9543169e+01
   4.6082711e+02
   2.0992637e+02
   5.5130421e+02
   5.1322519e+02
   2.1821176e+02
   3.8506490e+02
   5.0979898e+02
   1.5787906e+02
   4.3437712e+02
   2.3558662e+02
   2.1880603e+02
   1.9041831e+02
   3.9719842e+02
   4.5441090e+02
   2.6261330e+02
   3.9233757e+02
   6.4747786e+01
   2.3907899e+01
   5.4023549e+02
   4.8724032e+02
   3.4527126e+01
   8.4285257e+01
   2.6816631e+01
   3.2658621e+02
   2.5941361e+02
  -1.4805609e+00
   2.3084394e+02
   2.3685902e+02
   6.7580962e+01
   1.4493464e+02
   4.4697815e+02
   3.4072446e+02
   1.0668876e+02
   3.7783681e+02
   3.3776005e+02
   4.0708781e+02
   5.3182607e+02
   1.5923377e+02
   2.9364584e+01
   1.9121622e+02
   4.6826431e+02
   4.9413757e+02
   3.3297779e+02
   3.1618717e+02
   4.8774964e+02
   4.9440960e+02
   5.9495540e+01
   4.2172997e+01
   7.6312890e+01
   5.3212288e+02
   6.2479426e+01
   1.6273637e+02
   5.5607415e+02
   1.5648346e+02
   4.7502127e+01
   1.8880716e+02
   3.9962252e+02
   3.0847152e+02
   5.7404707e+00
   5.3603382e+02
   5.4245464e+02
   3.2981299e+02
   4.2738095e+02
   3.0164988e+02
   4.5428889e+01
   1.3537469e+02
   1.6039417e+02
   5.5754142e+02
   1.0642596e+02
   2.2200965e+02
   2.5049703e+02
   5.5000475e+02
   7.4532651e+01
   1.6137842e+02
   9.9564388e+01
   3.1965539e+02
   2.5077776e+02
   1.3186819e+02
   8.0516167e-01
   4.1250090e+02
   2.7021837e+01
   3.8189275e+02
   8.4261691e+01
   3.4093161e+02
   5.1096013e+02
   4.1431778e+02
   7.0098070e+01
   2.9815681e+02
   2.4238230e+02
   4.6657214e+02
   5.2652328e+02
   3.4942001e+02
   9.2686498e+01
   1.1751192e+02
   2.4451249e+02
   1.0423808e+02
   3.9152308e+02
   2.6197185e+02
   3.8461912e+02
   5.2752843e+02
   4.6165736e+02
   4.8448233e+02
   5.1412977e+02
   3.3472293e+02
   1.7420053e+02
   5.3444599e+02
   4.7714722e+02
   3.7429391e+01
   3.9647517e+02
   2.1839095e+02
   4.9981233e+02
   1.8956381e+02
   1.4400870e+02
   1.7258465e+02
   1.9545865e+02
  -1.1164052e+01
   3.8419664e+02
   5.0906248e+02
   2.4808533e+02
   5.2406554e+00
   3.8785234e+02
   1.7098601e+02
   1.3993542e+02
   8.1784559e+00
   5.0292963e+02
   4.8847971e+01
  -1.3638860e+01
   2.4144357e+02
   1.0024208e+02
   4.2190024e+02
   1.3058936e+01
   2.1229274e+02
   1.2907631e+02
   5.5894032e+02
   2.7784184e+02
   3.7647288e+02
   4.7189112e+02
   1.6834299e+01
   3.1197415e+02
   4.1762014e+02
   3.4378801e+02
   5.5733638e+02
   4.2858890e+02
   5.5327904e+02
   5.4763254e+02
   4.7154442e+02
   2.7096320e+02
  -9.8399149e+00
   5.1080345e+02
   2.4138940e+02
   2.8792316e+02
   5.2211049e+02
   3.5300409e+02
   8.9675522e+01
   3.1476421e+02
   1.8741435e+02
   1.5428395e+02
   1.0552993e+02
   2.6205926e+02
   1.8145410e+02
   3.4149911e+02
   1.3348173e+02
   1.8643894e+02
   2.8257071e+02
   2.6010372e+02
   3.1735800e+02
   4.4332389e+02
   1.2868706e+02
   5.3133196e+02
   4.9559420e+02
   3.5798226e+02
   3.5815120e+02
   4.0651368e+02
   1.5804781e+02
   1.5359323e+02
   7.9510316e+01
   3.7590440e+01
   2.9647849e+02
   5.5218510e+02
   2.2736684e+02
   1.4708524e+02
   4.1275617e+02
   4.2176283e+01
   2.0957442e+01
   2.3455286e+02
   9.8967262e+01
   3.8839912e+02
   1.3777674e+02
   2.4816849e+02
   3.5279908e+02
   3.7224064e+02
   6.3804194e+01
   2.6199387e+02
   1.3651538e+02
   2.1916953e+02
   2.6253556e+02
   5.1488722e+02
   1.9979841e+02
   7.2261157e+01
   2.1163406e+02
   2.8049841e+02
   5.2185506e+02
  -2.4220611e+00
   6.8037351e+01
   3.6359040e+02
   3.1625735e+01
   1.1394204e+02
   5.2582522e+02
   4.4131811e+02
   2.1579375e+01
   9.9386229e+01
   5.1331573e+02
   3.8060707e+01
  -3.6099781e+00
   1.2423329e+02
   3.8072984e+02
   3.1451755e+02
   4.1781281e+02
   4.2718087e+01
   1.6311877e+02
   3.6055181e+02
   6.7981636e+01
   3.5770668e+02
   1.6855948e+02
   4.4337815e+02
   2.8719080e+02
   5.1631305e+02
   5.5016533e+02
   3.8812774e+02
   5.0345378e+02
   4.1589033e+02
   4.8778862e+02
   6.5854263e+01
   3.6893667e+01
   2.5644952e+02
   4.4973066e+02
   2.9333315e+00
   6.8861314e+01
   1.4446249e+02
   4.9985099e+02
   1.0623366e+02
   1.3716046e+02
   2.3038484e+02
   2.4569638e+02
   5.5903256e+01
   2.6006116e+02
   2.8423224e+02
   1.6208650e+02
   1.1231907e+02
   5.2044402e+02
   3.3800368e+02
   5.6056676e+02
   4.6368080e+02
   9.7765746e+01
   2.2820439e+02
  -1.4515322e+01
   1.7639243e+01
   4.1857543e+02
  -9.1877159e-01
   1.4385845e+02
   1.0476665e+02
   1.2371374e+02
   2.1627192e+02
   1.2429603e+02
   2.6851203e+02
   1.0486103e+02
   1.6546536e+02
   5.2874427e+02
   5.1384587e+02
   2.1107833e+02
  -6.8845061e+00
   2.8631133e+02
   3.5788217e+02
   3.9271305e+02
   3.7477544e+02
   4.7015715e+02
   3.1295207e+02
   4.1979214e+02
   7.7963005e+01
   2.4780041e+01
   4.6121000e+02
   6.1033555e+01
   1.3760861e+02
   3.1277384e+02
   3.9989217e+02
   5.1146283e+02
   8.7086276e+01
   2.7941305e+02
   2.6315921e+02
   1.9323406e+02
   1.7051754e+02
   2.6924657e+02
   4.2642026e+02
   1.5880502e+02
   3.5080227e+02
   3.3157569e+02
   3.0662845e+02
   2.9641671e+02
   4.1947403e+02
   4.7210188e+02
   1.9454820e+02
   6.9492712e+01
   3.3557518e+02
   3.2890050e+02
   3.3079135e+02
   4.7894731e+02
   1.8029276e+02
   4.4508673e+02
   8.2726933e+01
   5.1479098e+02
   3.1035172e+02
   5.2482153e+02
   3.8318224e+02
   4.9345743e+02
   4.9750664e+02
   5.2142530e+02
  -1.3270122e+01
   5.3399363e+02
   5.5601127e+02
   1.5690141e+02
   3.2330552e+02
   4.0343474e+02
   2.5358893e+02
   2.8882008e+02
   3.5068238e+02
   1.3218253e+02
   7.5444285e+01
   8.8603517e+01
   2.5124450e+01
   1.4760978e+02
   5.5399627e+02
   3.4075345e+02
   4.8325898e+02
   1.4963172e+02
   1.3282832e+02
   8.5607016e+01
   3.6555662e+02
   3.2231593e+02
   8.2479058e+01
   5.4756020e+01
   4.2875991e+02
   1.9330006e+02
   5.6051570e+02
   3.5638054e+02
  -5.1578152e-01
   1.7806433e+02
   2.5682895e+02
   1.0932979e+02
   2.6350000e+02
   4.7352610e+02
   2.3528902e+02
  -1.6358571e+01
   3.6685756e+02
   2.5949623e+02
   2.1752152e+02
   4.1822387e+02
   5.2733304e+02
   1.3709067e+02
   1.2828739e+02
   3.7928814e+02
   2.3961858e+02
   9.9013588e+01
   2.4681629e+02
   5.1871399e+02
   2.5136644e+02
   1.6389085e+02
   3.3585493e+02
   5.1817227e+02
   5.0466772e+02
   2.4260888e+02
   5.4633435e+01
   1.9786432e+02
   1.7919317e+02
   4.9760514e+02
   3.1017047e+02
  -1.0712088e+01
   1.2752411e+02
   4.5106108e+02
   2.2286765e+02
   4.1943521e+02
   4.5454477e+02
   3.5785805e+02
   5.3903319e+02
   1.2234583e+02
   2.5930319e+02
   3.2445828e+02
   2.0496904e+02
   1.8271005e+02
   3.1993350e+01
   2.2368785e+01
   2.7153493e+02
   4.3485656e+02
   4.3082704e+02
   2.5455664e+02
   2.8541291e+02
   3.0417717e+02
   4.2587307e+02
   1.8978676e+02
   2.9455444e+01
   1.0489572e+02
   3.1523878e+02
   3.1015084e+02
   3.8489264e+02
  -1.2307933e+01
   4.4076840e+01
   2.5467863e+02
   1.7874464e+02
   2.3549946e+02
   3.6174964e+02
   4.7410673e+02
   4.9852926e+02
   3.3425300e+02
   3.6472759e+02
   3.4105989e+02
   1.5109615e+02
   2.9341962e+02
   2.9433870e+02
   3.2460982e+02
   2.6930141e+02
   4.2807335e+02
   2.5866255e+02
   3.4768621e+02
   3.9674044e+02
   4.3166835e+02
   7.1393997e+01
   2.1939282e+02
   1.2409710e+02
   9.2596688e+01
   1.2763259e+02
   5.6732832e+01
   4.9378030e+02
   3.9088364e+02
   2.3790990e+02
   2.7436813e+02
  -2.2461665e+00
   4.7809595e+02
   3.8346751e+02
   4.0331440e+02
   1.4086785e+01
   4.0088000e+02
   4.7858471e+02
   2.7906200e+02
   1.6014679e+02
   1.7285437e+02
   4.0856097e+02
   1.5809118e+02
   3.2714944e+02
   5.4251521e+02
   4.9323334e+02
   1.3691383e+02
   3.4846897e+02
   5.3513639e+02
   2.2986407e+02
   4.9049131e+02
   5.5328367e+02
   4.1665612e+02
   1.8806043e+02
   3.8717725e+02
   4.3879927e+02
   5.4064844e+02
   4.7860136e+02
   1.6079189e+02
   1.1749818e+02
   5.2762243e+02
   2.5263457e+01
   6.3215562e+01
   1.4510196e+02
   2.9516507e+02
   4.1818647e+02
   1.4246692e+02
   3.0016746e+02
   3.0606955e+02
   3.6664990e+02
   3.4129441e+02
  -1.8592304e+01
   2.9712505e+02
   5.1484993e+02
   1.8725621e+02
   3.2103556e+02
   1.0006895e+02
   4.9757310e+02
   2.8707364e+02
   4.0110560e+02
   3.3474438e+02
   3.1458357e+02
   1.4853020e+02
   1.7516748e+02
   9.9734804e+01
   3.2839646e+02
   3.4979169e+02
   3.8318748e+02
   1.8235042e+02
   4.8889102e+02
   3.1702904e+02
   1.3071832e+02
   2.2463408e+02
   3.7268058e+02
   4.1476433e+02
   8.8875162e+01
   4.5847665e+02
   4.2782775e+02
   3.4483083e+02
   7.6664976e+01
   2.8334952e+02
   1.5072764e+02
   4.3316910e+02
   3.9612417e+02
   6.9543331e+01
   1.1068982e+02
   3.7152389e+02
   3.8124823e+02
   4.4828051e+02
   2.2999571e+02
   5.4121771e+02
   3.6273139e+02
   1.4436593e+02
   2.7428770e+02
   5.1406082e+02
   3.8579196e+02
   3.9295103e+01
   1.2970177e+02
   5.7158884e+01
   4.8889795e+02
   3.7556794e+02
   5.4916366e+02
   2.7251511e+02
   1.4426529e+02
   2.8359362e+02
   4.4011062e+02
   5.0715207e+02
   3.4866586e+02
   1.6541915e+02
   5.1893215e+02
   2.4853852e+02
   3.2549688e+02
   5.1248591e+02
   3.8654827e+02
   3.4176431e+02
   4.5839103e+02
   2.9778150e+02
   3.5572130e+02
   4.2515835e+02
   3.1209389e+02
   3.9282098e+02
   4.0989893e+02
   1.5693505e+02
   5.2190268e+02
   2.6601078e+02
   2.1956594e+01
   2.5560474e+02
   1.2762438e+02
   5.6607077e+01
   1.8712534e+02
   1.4205114e+02
   3.1917282e+02
   3.6189194e+02
   9.1246937e+01
   4.3952468e+02
   1.5324136e+02
   1.9157930e+02
   5.2361492e+02
   3.3410512e+02
   1.7067852e+02
  -8.1254809e+00
   3.2769169e+02
   2.9463617e+02
   8.9177295e+00
   4.4254327e+02
   4.9897889e+02
   3.5854989e+02
   4.4343576e+02
   1.5367533e+02
   2.0449721e+01
   3.1195788e+02
   5.0179608e+02
   4.0870041e+02
   2.2355803e+02
   2.1472914e+02
   2.4258226e+02
   2.4703970e+02
   1.7845064e+02
   2.0106486e+02
   4.1130048e+02
   3.6946159e+02
   5.2944642e+02
   5.3303357e+02
   9.3946675e+01
   1.1157164e+02
   1.6620203e+02
   3.3970802e+02
   7.5511119e+01
   4.4062492e+02
   2.5973725e+02
   1.2357311e+02
   2.1055745e+02
   1.1265567e+02
   2.4668904e+02
   9.4817547e+01
   1.0705069e+02
   2.2491277e+02
   8.8760747e+01
   1.5397880e+02
   4.9179472e+02
   3.0788528e+02
   3.6906885e+02
   3.1592652e+01
   4.0321151e+02
   2.4836327e+02
   4.9673857e+02
   4.7170801e+02
   4.3630232e+02
   3.8844469e+02
   1.3371043e+02
   7.4644060e+00
   4.4870489e+02
   3.5031963e+02
   2.4115106e+02
   5.3995579e+02
   3.1899823e+02
  -1.0424384e+01
   2.2306844e+02
   4.8477037e+02
   1.1829162e+02
   2.0356404e+02
   2.0992166e+02
   1.0976748e+02
   5.4422900e+02
   5.0526495e+02
   6.3727954e+01
   3.5893242e+02
   3.5753509e+02
   4.7582575e+02
   3.3956588e+02
   3.1414045e+01
   2.0017695e+02
   3.4720926e+02
   8.9887742e+00
   5.1475912e+02
   4.5893456e+02
   4.7400808e+02
   4.5770697e+02
   3.4511442e+02
   2.2595557e+02
   1.0484338e+02
   3.3986084e+02
   3.1681189e+02
   7.7207294e+01
   6.9628989e+01
   2.1964358e+02
   2.2801309e+02
   2.5542055e+02
   1.0512047e+02
   3.7821402e+02
   2.1464283e+02
   4.8937964e+02
   5.8167535e+01
   1.6191328e+02
   2.9790398e+02
   3.0228650e+02
   2.3842319e+02
   3.6079805e+02
   1.8568526e+02
   3.9344981e+02
   5.0902754e+02
   2.2000030e+02
   4.9301392e+02
   3.8099960e+01
   1.2659627e+02
   4.5987234e+02
   1.0935573e+02
   2.0044951e+02
   4.8785759e+02
   1.3269129e+02
   3.2685936e+02
   4.8346459e+02
   9.1017863e+01
   2.0441596e+02
   6.0090118e+01
   4.2849809e+02
   1.3305648e+02
   4.8788636e+02
   5.3884984e+02
   4.6028470e+02
   1.4704470e+01
   1.9264651e+02
   2.2575870e+02
   2.1539527e+02
   2.0350107e+02
   3.5517487e+02
   3.3272501e+02
   4.7349032e+02
   9.6616224e+01
   5.1772076e+02
   5.0546708e+02
   2.7865919e+02
   1.4752938e+02
   2.5058389e+01
   5.2773811e+02
   2.3038084e+01
   2.6580160e+02
   7.6828473e+01
   3.2745005e+02
   2.9835879e+02
   1.7851617e+02
   4.7115962e+02
   1.0125245e+02
   3.7044362e+00
   1.8623560e+02
   1.8562212e+02
   1.8107477e+02
   6.1823467e+01
   1.4721371e+02
   5.4537009e+02
   2.4716374e+02
   1.7937040e+02
   1.8443406e+02
   3.3667878e+02
   5.1047028e+02
   4.6916657e+02
   1.8044178e+01
   4.3850104e+02
   4.3084460e+02
   3.9596929e+01
   5.5264680e+02
   2.5607553e+02
   6.5410949e+01
   1.1803162e+02
  -1.9317665e+00
   2.6240446e+02
   3.0430120e+02
   1.5745324e+01
   5.2174025e+02
   3.3715326e+02
   1.6740578e+02
   1.5254656e+02
   3.3199375e+02
   5.6219711e+02
   4.9166773e+02
   1.8935975e+02
   5.1956922e+02
   3.5575910e+02
   3.0886798e+02
   3.3088239e+02
   5.6244667e+01
   8.7573374e+01
   4.6531442e+02
   2.9685036e+02
   2.1965392e+02
   5.2258867e+02
   1.3482641e+02
   3.1412055e+02
   3.8953336e+02
   5.0410084e+02
   3.6726213e+02
  -3.0057623e+00
   1.2202005e+02
   3.0272732e+02
   4.3960019e+01
   3.6275649e+01
   3.0843560e+02
   2.1067011e+02
   1.8194094e+02
   4.1890423e+02
   9.4334424e+01
   3.9803804e+02
   3.3442108e+02
   4.2705590e+01
   1.1155623e+02
   2.1562963e+02
   8.4775559e+01
   5.5005196e+02
   4.0960365e+02
   1.8067879e+01
   4.9519855e+02
   8.5559849e+01
   2.9923175e+02
   3.1522245e+02
   3.7453119e+02
   1.8306086e+02
   5.3018773e+02
   5.3888104e+02
   2.2428768e+02
   4.9123400e+02
   2.1622357e+02
   1.7525098e+01
   2.8182737e+02
   4.9137288e+02
   2.2496193e+02
   2.7641668e+02
   5.5075657e+02
   2.4668179e+02
   2.7414766e+02
   5.2335307e+02
   4.1265954e+02
   1.5734582e+02
   1.9472104e+02
   4.9566795e+02
   3.7727464e+02
   3.2038857e+02
   3.5813781e+02
   2.4834887e+02
   1.0579333e+02
   5.0470922e+01
   1.3112299e+02
   1.6712827e+02
   1.7999470e+02
   2.1383747e+02
   4.4433093e+02
   4.4638172e+01
  -1.9016140e+01
   3.3757873e+02
   1.6502665e+02
   1.1817286e+02
   2.4646588e+02
   7.5425783e+01
  -5.1557913e+00
   4.2440213e+02
   8.0752089e+01
  -1.7143257e+01
   3.8341835e+02
   1.6615903e+02
   1.4491487e+02
   2.3552774e+02
   4.1947268e+02
   1.0619357e+02
   2.9745883e+02
   1.2714958e-01
   1.9567477e+02
   1.8667865e+02
   7.1769107e+01
   2.8422287e+02
   3.3695068e+02
   4.1226155e+02
   3.7244238e+02
   4.9367514e+02
   5.4685853e+01
   5.4507472e+02
   5.0471407e+02
   2.7396883e+02
   2.1817380e+01
   1.3898608e+02
   3.0237407e+02
   1.7462598e+01
   2.0820087e+01
   2.5818533e+02
   4.9124759e+02
   7.4890237e+01
   4.8914385e+02
   3.7287259e+02
   2.9000806e+02
   2.4677090e+02
   5.0311845e+02
   5.2376634e+02
   1.8752469e+02
   1.5386501e+02
   7.3166405e+01
   4.6783001e+02
   5.4690260e+02
   1.8822736e+01
   1.2231341e+01
   1.9613809e+02
   1.9756398e+02
   4.3172703e+02
   3.5521011e+01
   4.1394904e+02
   9.2534390e+01
   2.1205326e+02
   2.8744119e+02
   3.2695289e+02
   5.3741163e+02
   5.4360115e+02
   8.6502152e+01
   2.8241169e+02
   4.8673532e+02
   2.0452869e+02
   4.7010832e+02
   2.7080995e+02
   5.5787895e+02
   3.6703607e+02
   4.4165511e+02
   1.6146381e+02
   4.4030113e+02
   4.1243374e+02
   3.1793435e+02
   2.2628048e+02
   2.3987258e+02
   9.2259790e+01
   1.2583659e+02
   2.1158924e+02
   8.9126592e+01
   6.8861739e+01
   4.8961506e+02
   2.6796574e+02
   2.2050630e+02
   5.5466449e+02
   2.5941657e+02
   1.8173925e+02
   2.0275370e+02
   2.8094132e+02
   2.5192075e+01
   2.6924572e+02
   5.0441585e+02
   5.0583814e+02
   4.7421477e+02
   1.4303323e+02
   6.2989230e+01
   5.3452701e+02
   3.2149033e+02
   4.9114529e+02
   1.6874699e+02
   2.4646724e+02
   5.2626501e+02
   5.1357796e+02
   1.2839029e+02
   2.8804119e+02
   7.2216700e+01
   2.7129073e+02
   2.1150688e+02
   3.6101080e+02
   1.9771884e+02
   2.1365313e+02
   5.2705802e+02
   4.9249021e+02
   1.5092466e+02
   2.1559551e+02
   1.4319885e+02
   5.1345995e+02
   5.5321506e+02
   3.8635073e+02
   1.1085629e+02
   3.5024139e+02
   2.4512995e+02
   3.1274781e+02
   3.4577583e+02
  -1.9652014e+01
  -1.9051492e+01
   1.8085273e+02
   3.1169622e+02
  -9.6246742e+00
   2.8645136e+02
   2.2435880e+02
   2.9895685e+02
   2.3102027e+02
   3.8613672e+02
   1.9390270e+02
  -1.8288961e+01
   8.1471372e+01
   7.6951279e+01
   4.6073066e+02
   7.5086656e+01
   3.2930198e+02
   3.5864077e+02
   4.7582021e+02
   1.2159189e+01
   4.6609751e+02
   3.5942833e+02
   2.7267794e+02
   4.9051695e+02
   2.5677634e+01
   1.1499371e+02
   1.6521849e+02
   1.1977976e+02
   3.5173227e+02
   2.3266594e+02
   3.3785706e+02
   4.4836255e+02
   3.2574707e+02
   5.0437496e+02
   1.2840971e+02
   4.3446153e+01
   3.9174358e+02
   5.0085957e+02
   7.0566875e+01
   2.2973007e+02
   1.0498999e+02
   6.8527544e+01
   2.4572593e+02
   3.7350055e+02
   9.6722625e+01
   4.4650023e+02
   3.4925260e+02
   9.5754467e+01
   3.1888749e+02
   8.5175817e+01
   1.9722246e+02
   2.2180164e+02
   1.4742385e+02
   3.4994589e+02
   4.1971124e+02
   2.4875715e+02
   4.0664536e+02
   2.2552915e+02
   6.1998953e+01
   4.4046817e+02
   4.7124428e+02
   3.6509873e+01
   9.9422095e+01
   3.8654734e+02
   4.3438027e+02
   3.9543169e+01
   4.6082711e+02
   2.0992637e+02
   5.5130421e+02
   5.1322519e+02
   2.1821176e+02
   3.8506490e+02
   5.0979898e+02
   1.5787906e+02
   4.3437712e+02
   2.3558662e+02
   2.1880603e+02
   1.9041831e+02
   3.9719842e+02
   4.5441090e+02
   2.6261330e+02
   3.9233757e+02
   6.4747786e+01
   2.3907899e+01
   5.4023549e+02
   4.8724032e+02
   3.4527126e+01
   8.4285257e+01
   2.6816631e+01
   3.2658621e+02
   2.5941361e+02
  -1.4805609e+00
   2.3084394e+02
   2.3685902e+02
   6.7580962e+01
   1.4493464e+02
   4.4697815e+02
   3.4072446e+02
   1.0668876e+02
   3.7783681e+02
   3.3776005e+02
   4.0708781e+02
   5.3182607e+02
   1.5923377e+02
   2.9364584e+01
   1.9121622e+02
   4.6826431e+02
   4.9413757e+02
   3.3297779e+02
   3.1618717e+02
   4.8774964e+02
   4.9440960e+02
   5.9495540e+01
   4.2172997e+01
   7.6312890e+01
   5.3212288e+02
   6.2479426e+01
   1.6273637e+02
   5.5607415e+02
   1.5648346e+02
   4.7502127e+01
   1.8880716e+02
   3.9962252e+02
   3.0847152e+02
   5.7404707e+00
   5.3603382e+02
   5.4245464e+02
   3.2981299e+02
   4.2738095e+02
   3.0164988e+02
   4.5428889e+01
   1.3537469e+02
   1.6039417e+02
   5.5754142e+02
   1.0642596e+02
   2.2200965e+02
   2.5049703e+02
   5.5000475e+02
   7.4532651e+01
   1.6137842e+02
   9.9564388e+01
   3.1965539e+02
   2.5077776e+02
   1.3186819e+02
   8.0516167e-01
   4.1250090e+02
   2.7021837e+01
   3.8189275e+02
   8.4261691e+01
   3.4093161e+02
   5.1096013e+02
   4.1431778e+02
   7.0098070e+01
   2.9815681e+02
   2.4238230e+02
   4.6657214e+02
   5.2652328e+02
   3.4942001e+02
   9.2686498e+01
   1.1751192e+02
   2.4451249e+02
   1.0423808e+02
   3.9152308e+02
   2.6197185e+02
   3.8461912e+02
   5.2752843e+02
   4.6165736e+02
   4.8448233e+02
   5.1412977e+02
   3.3472293e+02
   1.7420053e+02
   5.3444599e+02
   4.7714722e+02
   3.7429391e+01
   3.9647517e+02
   2.1839095e+02
   4.9981233e+02
   1.8956381e+02
   1.4400870e+02
   1.7258465e+02
   1.9545865e+02
  -1.1164052e+01
   3.8419664e+02
   5.0906248e+02
   2.4808533e+02
   5.2406554e+00
   3.8785234e+02
   1.7098601e+02
   1.3993542e+02
   8.1784559e+00
   5.0292963e+02
   4.8847971e+01
  -1.3638860e+01
   2.4144357e+02
   1.0024208e+02
   4.2190024e+02
   1.3058936e+01
   2.1229274e+02
   1.2907631e+02
   5.5894032e+02
   2.7784184e+02
   3.7647288e+02
   4.7189112e+02
   1.6834299e+01
   3.1197415e+02
   4.1762014e+02
   3.4378801e+02
   5.5733638e+02
   4.2858890e+02
   5.5327904e+02
   5.4763254e+02
   4.7154442e+02
   2.7096320e+02
  -9.8399149e+00
   5.1080345e+02
   2.4138940e+02
   2.8792316e+02
   5.2211049e+02
   3.5300409e+02
   8.9675522e+01
   3.1476421e+02
   1.8741435e+02
   1.5428395e+02
   1.0552993e+02
   2.6205926e+02
   1.8145410e+02
   3.4149911e+02
   1.3348173e+02
   1.8643894e+02
   2.8257071e+02
   2.6010372e+02
   3.1735800e+02
   4.4332389e+02
   1.2868706e+02
   5.3133196e+02
   4.9559420e+02
   3.5798226e+02
   3.5815120e+02
   4.0651368e+02
   1.5804781e+02
   1.5359323e+02
   7.9510316e+01
   3.7590440e+01
   2.9647849e+02
   5.5218510e+02
   2.2736684e+02
   1.4708524e+02
   4.1275617e+02
   4.2176283e+01
   2.0957442e+01
   2.3455286e+02
   9.8967262e+01
   3.8839912e+02
   1.3777674e+02
   2.4816849e+02
   3.5279908e+02
   3.7224064e+02
   6.3804194e+01
   2.6199387e+02
   1.3651538e+02
   2.1916953e+02
   2.6253556e+02
   5.1488722e+02
   1.9979841e+02
   7.2261157e+01
   2.1163406e+02
   2.8049841e+02
   5.2185506e+02
  -2.4220611e+00
   6.8037351e+01
   3.6359040e+02
   3.1625735e+01
   1.1394204e+02
   5.2582522e+02
   4.4131811e+02
   2.1579375e+01
   9.9386229e+01
   5.1331573e+02
   3.8060707e+01
  -3.6099781e+00
   1.2423329e+02
   3.8072984e+02
   3.1451755e+02
   4.1781281e+02
   4.2718087e+01
   1.6311877e+02
   3.6055181e+02
   6.7981636e+01
   3.5770668e+02
   1.6855948e+02
   4.4337815e+02
   2.8719080e+02
   5.1631305e+02
   5.5016533e+02
   3.8812774e+02
   5.0345378e+02
   4.1589033e+02
   4.8778862e+02
   6.5854263e+01
   3.6893667e+01
   2.5644952e+02
   4.4973066e+02
   2.9333315e+00
   6.8861314e+01
   1.4446249e+02
   4.9985099e+02
   1.0623366e+02
   1.3716046e+02
   2.3038484e+02
   2.4569638e+02
   5.5903256e+01
   2.6006116e+02
   2.8423224e+02
   1.6208650e+02
   1.1231907e+02
   5.2044402e+02
   3.3800368e+02
   5.6056676e+02
   4.6368080e+02
   9.7765746e+01
   2.2820439e+02
  -1.4515322e+01
   1.7639243e+01
   4.1857543e+02
  -9.1877159e-01
   1.4385845e+02
   1.0476665e+02
   1.2371374e+02
   2.1627192e+02
   1.2429603e+02
   2.6851203e+02
   1.0486103e+02
   1.6546536e+02
   5.2874427e+02
   5.1384587e+02
   2.1107833e+02
  -6.8845061e+00
   2.8631133e+02
   3.5788217e+02
   3.9271305e+02
   3.7477544e+02
   4.7015715e+02
   3.1295207e+02
   4.1979214e+02
   7.7963005e+01
   2.4780041e+01
   4.6121000e+02
   6.1033555e+01
   1.3760861e+02
   3.1277384e+02
   3.9989217e+02
   5.1146283e+02
   8.7086276e+01
   2.7941305e+02
   2.6315921e+02
   1.9323406e+02
   1.7051754e+02
   2.6924657e+02
   4.2642026e+02
   1.5880502e+02
   3.5080227e+02
   3.3157569e+02
   3.0662845e+02
   2.9641671e+02
   4.1947403e+02
   4.7210188e+02
   1.9454820e+02
   6.9492712e+01
   3.3557518e+02
   3.2890050e+02
   3.3079135e+02
   4.7894731e+02
   1.8029276e+02
   4.4508673e+02
   8.2726933e+01
   5.1479098e+02
   3.1035172e+02
   5.2482153e+02
   3.8318224e+02
   4.9345743e+02
   4.9750664e+02
   5.2142530e+02
  -1.3270122e+01
   5.3399363e+02
   5.5601127e+02
   1.5690141e+02
   3.2330552e+02
   4.0343474e+02
   2.5358893e+02
   2.8882008e+02
   3.5068238e+02
   1.3218253e+02
   7.5444285e+01
   8.8603517e+01
   2.5124450e+01
   1.4760978e+02
   5.5399627e+02
   3.4075345e+02
   4.8325898e+02
   1.4963172e+02
   1.3282832e+02
   8.5607016e+01
   3.6555662e+02
   3.2231593e+02
   8.2479058e+01
   5.4756020e+01
   4.2875991e+02
   1.9330006e+02
   5.6051570e+02
   3.5638054e+02
  -5.1578152e-01
   1.7806433e+02
   2.5682895e+02
   1.0932979e+02
   2.6350000e+02
   4.7352610e+02
   2.3528902e+02
  -1.6358571e+01
   3.6685756e+02
   2.5949623e+02
   2.1752152e+02
   4.1822387e+02
   5.2733304e+02
   1.3709067e+02
   1.2828739e+02
   3.7928814e+02
   2.3961858e+02
   9.9013588e+01
   2.4681629e+02
   5.1871399e+02
   2.5136644e+02
   1.6389085e+02
   3.3585493e+02
   5.1817227e+02
   5.0466772e+02
   2.4260888e+02
   5.4633435e+01
   1.9786432e+02
   1.7919317e+02
   4.9760514e+02
   3.1017047e+02
  -1.0712088e+01
   1.2752411e+02
   4.5106108e+02
   2.2286765e+02
   4.1943521e+02
   4.5454477e+02
   3.5785805e+02
   5.3903319e+02
   1.2234583e+02
   2.5930319e+02
   3.2445828e+02
   2.0496904e+02
   1.8271005e+02
   3.1993350e+01
   2.2368785e+01
   2.7153493e+02
   4.3485656e+02
   4.3082704e+02
   2.5455664e+02
   2.8541291e+02
   3.0417717e+02
   4.2587307e+02
   1.8978676e+02
   2.9455444e+01
   1.0489572e+02
   3.1523878e+02
   3.1015084e+02
   3.8489264e+02
  -1.2307933e+01
   4.4076840e+01
   2.5467863e+02
   1.7874464e+02
   2.3549946e+02
   3.6174964e+02
   4.7410673e+02
   4.9852926e+02
   3.3425300e+02
   3.6472759e+02
   3.4105989e+02
   1.5109615e+02
   2.9341962e+02
   2.9433870e+02
   3.2460982e+02
   2.6930141e+02
   4.2807335e+02
   2.5866255e+02
   3.4768621e+02
   3.9674044e+02
   4.3166835e+02
   7.1393997e+01
   2.1939282e+02
   1.2409710e+02
   9.2596688e+01
   1.2763259e+02
   5.6732832e+01
   4.9378030e+02
   3.9088364e+02
   2.3790990e+02
   2.7436813e+02
  -2.2461665e+00
   4.7809595e+02
   3.8346751e+02
   4.0331440e+02
   1.4086785e+01
   4.0088000e+02
   4.7858471e+02
   2.7906200e+02
   1.6014679e+02
   1.7285437e+02
   4.0856097e+02
   1.5809118e+02
   3.2714944e+02
   5.4251521e+02
   4.9323334e+02
   1.3691383e+02
   3.4846897e+02
   5.3513639e+02
   2.2986407e+02
   4.9049131e+02
   5.5328367e+02
   4.1665612e+02
   1.8806043e+02
   3.8717725e+02
   4.3879927e+02
   5.4064844e+02
   4.7860136e+02
   1.6079189e+02
   1.1749818e+02
   5.2762243e+02
   2.5263457e+01
   6.3215562e+01
   1.4510196e+02
   2.9516507e+02
   4.1818647e+02
   1.4246692e+02
   3.0016746e+02
   3.0606955e+02
   3.6664990e+02
   3.4129441e+02
  -1.8592304e+01
   2.9712505e+02
   5.1484993e+02
   1.8725621e+02
   3.2103556e+02
   1.0006895e+02
   4.9757310e+02
   2.8707364e+02
   4.0110560e+02
   3.3474438e+02
   3.1458357e+02
   1.4853020e+02
   1.7516748e+02
   9.9734804e+01
   3.2839646e+02
   3.4979169e+02
   3.8318748e+02
   1.8235042e+02
   4.8889102e+02
   3.1702904e+02
   1.3071832e+02
   2.2463408e+02
   3.7268058e+02
   4.1476433e+02
   8.8875162e+01
   4.5847665e+02
   4.2782775e+02
   3.4483083e+02
   7.6664976e+01
   2.8334952e+02
   1.5072764e+02
   4.3316910e+02
   3.9612417e+02
   6.9543331e+01
   1.1068982e+02
   3.7152389e+02
   3.8124823e+02
   4.4828051e+02
   2.2999571e+02
   5.4121771e+02
   3.6273139e+02
   1.4436593e+02
   2.7428770e+02
   5.1406082e+02
   3.8579196e+02
   3.9295103e+01
   1.2970177e+02
   5.7158884e+01
   4.8889795e+02
   3.7556794e+02
   5.4916366e+02
   2.7251511e+02
   1.4426529e+02
   2.8359362e+02
   4.4011062e+02
   5.0715207e+02
   3.4866586e+02
   1.6541915e+02
   5.1893215e+02
   2.4853852e+02
   3.2549688e+02
   5.1248591e+02
   3.8654827e+02
   3.4176431e+02
   4.5839103e+02
   2.9778150e+02
   3.5572130e+02
   4.2515835e+02
   3.1209389e+02
   3.9282098e+02
   4.0989893e+02
   1.5693505e+02
   5.2190268e+02
   2.6601078e+02
   2.1956594e+01
   2.5560474e+02
   1.2762438e+02
   5.6607077e+01
   1.8712534e+02
   1.4205114e+02
   3.1917282e+02
   3.6189194e+02
   9.1246937e+01
   4.3952468e+02
   1.5324136e+02
   1.9157930e+02
   5.2361492e+02
   3.3410512e+02
   1.7067852e+02
  -8.1254809e+00
   3.2769169e+02
   2.9463617e+02
   8.9177295e+00
   4.4254327e+02
   4.9897889e+02
   3.5854989e+02
   4.4343576e+02
   1.5367533e+02
   2.0449721e+01
   3.1195788e+02
   5.0179608e+02
   4.0870041e+02
   2.2355803e+02
   2.1472914e+02
   2.4258226e+02
   2.4703970e+02
   1.7845064e+02
   2.0106486e+02
   4.1130048e+02
   3.6946159e+02
   5.2944642e+02
   5.3303357e+02
   9.3946675e+01
   1.1157164e+02
   1.6620203e+02
   3.3970802e+02
   7.5511119e+01
   4.4062492e+02
   2.5973725e+02
   1.2357311e+02
   2.1055745e+02
   1.1265567e+02
   2.4668904e+02
   9.4817547e+01
   1.0705069e+02
   2.2491277e+02
   8.8760747e+01
   1.5397880e+02
   4.9179472e+02
   3.0788528e+02
   3.6906885e+02
   3.1592652e+01
   4.0321151e+02
   2.4836327e+02
   4.9673857e+02
   4.7170801e+02
   4.3630232e+02
   3.8844469e+02
   1.3371043e+02
   7.4644060e+00
   4.4870489e+02
   3.5031963e+02
   2.4115106e+02
   5.3995579e+02
   3.1899823e+02
  -1.0424384e+01
   2.2306844e+02
   4.8477037e+02
   1.1829162e+02
   2.0356404e+02
   2.0992166e+02
   1.0976748e+02
   5.4422900e+02
   5.0526495e+02
   6.3727954e+01
   3.5893242e+02
   3.5753509e+02
   4.7582575e+02
   3.3956588e+02
   3.1414045e+01
   2.0017695e+02
   3.4720926e+02
   8.9887742e+00
   5.1475912e+02
   4.5893456e+02
   4.7400808e+02
   4.5770697e+02
   3.4511442e+02
   2.2595557e+02
   1.0484338e+02
   3.3986084e+02
   3.1681189e+02
   7.7207294e+01
   6.9628989e+01
   2.1964358e+02
   2.2801309e+02
   2.5542055e+02
   1.0512047e+02
   3.7821402e+02
   2.1464283e+02
   4.8937964e+02
   5.8167535e+01
   1.6191328e+02
   2.9790398e+02
   3.0228650e+02
   2.3842319e+02
   3.6079805e+02
   1.8568526e+02
   3.9344981e+02
   5.0902754e+02
   2.2000030e+02
   4.9301392e+02
   3.8099960e+01
   1.2659627e+02
   4.5987234e+02
   1.0935573e+02
   2.0044951e+02
   4.8785759e+02
   1.3269129e+02
   3.2685936e+02
   4.8346459e+02
   9.1017863e+01
   2.0441596e+02
   6.0090118e+01
   4.2849809e+02
   1.3305648e+02
   4.8788636e+02
   5.3884984e+02
   4.6028470e+02
   1.4704470e+01
   1.9264651e+02
   2.2575870e+02
   2.1539527e+02
   2.0350107e+02
   3.5517487e+02
   3.3272501e+02
   4.7349032e+02
   9.6616224e+01
   5.1772076e+02
   5.0546708e+02
   2.7865919e+02
   1.4752938e+02
   2.5058389e+01
   5.2773811e+02
   2.3038084e+01
   2.6580160e+02
   7.6828473e+01
   3.2745005e+02
   2.9835879e+02
   1.7851617e+02
   4.7115962e+02
   1.0125245e+02
   3.7044362e+00
   1.8623560e+02
   1.8562212e+02
   1.8107477e+02
   6.1823467e+01
   1.4721371e+02
   5.4537009e+02
   2.4716374e+02
   1.7937040e+02
   1.8443406e+02
   3.3667878e+02
   5.1047028e+02
   4.6916657e+02
   1.8044178e+01
   4.3850104e+02
   4.3084460e+02
   3.9596929e+01
   5.5264680e+02
   2.5607553e+02
   6.5410949e+01
   1.1803162e+02
  -1.9317665e+00
   2.6240446e+02
   3.0430120e+02
   1.5745324e+01
   5.2174025e+02
   3.3715326e+02
   1.6740578e+02
   1.5254656e+02
   3.3199375e+02
   5.6219711e+02
   4.9166773e+02
   1.8935975e+02
   5.1956922e+02
   3.5575910e+02
   3.0886798e+02
   3.3088239e+02
   5.6244667e+01
   8.7573374e+01
   4.6531442e+02
   2.9685036e+02
   2.1965392e+02
   5.2258867e+02
   1.3482641e+02
   3.1412055e+02
   3.8953336e+02
   5.0410084e+02
   3.6726213e+02
  -3.0057623e+00
   1.2202005e+02
   3.0272732e+02
   4.3960019e+01
   3.6275649e+01
   3.0843560e+02
   2.1067011e+02
   1.8194094e+02
   4.1890423e+02
   9.4334424e+01
   3.9803804e+02
   3.3442108e+02
   4.2705590e+01
   1.1155623e+02
   2.1562963e+02
   8.4775559e+01
   5.5005196e+02
   4.0960365e+02
   1.8067879e+01
   4.9519855e+02
   8.5559849e+01
   2.9923175e+02
   3.1522245e+02
   3.7453119e+02
   1.8306086e+02
   5.3018773e+02
   5.3888104e+02
   2.2428768e+02
   4.9123400e+02
   2.1622357e+02
   1.7525098e+01
   2.8182737e+02
   4.9137288e+02
   2.2496193e+02
   2.7641668e+02
   5.5075657e+02
   2.4668179e+02
   2.7414766e+02
   5.2335307e+02
   4.1265954e+02
   1.5734582e+02
   1.9472104e+02
   4.9566795e+02
   3.7727464e+02
   3.2038857e+02
   3.5813781e+02
   2.4834887e+02
   1.0579333e+02
   5.0470922e+01
   1.3112299e+02
   1.6712827e+02
   1.7999470e+02
   2.1383747e+02
   4.4433093e+02
   4.4638172e+01
  -1.9016140e+01
   3.3757873e+02
   1.6502665e+02
   1.1817286e+02
   2.4646588e+02
   7.5425783e+01
  -5.1557913e+00
   4.2440213e+02
   8.0752089e+01
  -1.7143257e+01
   3.8341835e+02
   1.6615903e+02
   1.4491487e+02
   2.3552774e+02
   4.1947268e+02
   1.0619357e+02
   2.9745883e+02
   1.2714958e-01
   1.9567477e+02
   1.8667865e+02
   7.1769107e+01
   2.8422287e+02
   3.3695068e+02
   4.1226155e+02
   3.7244238e+02
   4.9367514e+02
   5.4685853e+01
   5.4507472e+02
   5.0471407e+02
   2.7396883e+02
   2.1817380e+01
   1.3898608e+02
   3.0237407e+02
   1.7462598e+01
   2.0820087e+01
   2.5818533e+02
   4.9124759e+02
   7.4890237e+01
   4.8914385e+02
   3.7287259e+02
   2.9000806e+02
   2.4677090e+02
   5.0311845e+02
   5.2376634e+02
   1.8752469e+02
   1.5386501e+02
   7.3166405e+01
   4.6783001e+02
   5.4690260e+02
   1.8822736e+01
   1.2231341e+01
   1.9613809e+02
   1.9756398e+02
   4.3172703e+02
   3.5521011e+01
   4.1394904e+02
   9.2534390e+01
   2.1205326e+02
   2.8744119e+02
   3.2695289e+02
   5.3741163e+02
   5.4360115e+02
   8.6502152e+01
   2.8241169e+02
   4.8673532e+02
   2.0452869e+02
   4.7010832e+02
   2.7080995e+02
   5.5787895e+02
   3.6703607e+02
   4.4165511e+02
   1.6146381e+02
   4.4030113e+02
   4.1243374e+02
   3.1793435e+02
   2.2628048e+02
   2.3987258e+02
   9.2259790e+01
   1.2583659e+02
   2.1158924e+02
   8.9126592e+01
   6.8861739e+01
   4.8961506e+02
   2.6796574e+02
   2.2050630e+02
   5.5466449e+02
   2.5941657e+02
   1.8173925e+02
   2.0275370e+02
   2.8094132e+02
   2.5192075e+01
   2.6924572e+02
   5.0441585e+02
   5.0583814e+02
   4.7421477e+02
   1.4303323e+02
   6.2989230e+01
   5.3452701e+02
   3.2149033e+02
   4.9114529e+02
   1.6874699e+02
   2.4646724e+02
   5.2626501e+02
   5.1357796e+02
   1.2839029e+02
   2.8804119e+02
   7.2216700e+01
   2.7129073e+02
   2.1150688e+02
   3.6101080e+02
   1.9771884e+02
   2.1365313e+02
   5.2705802e+02
   4.9249021e+02
   1.5092466e+02
   2.1559551e+02
   1.4319885e+02
   5.1345995e+02
   5.5321506e+02
   3.8635073e+02
   1.1085629e+02
   3.5024139e+02
   2.4512995e+02
   3.1274781e+02
   3.4577583e+02
  -1.9652014e+01
  -1.9051492e+01
   1.8085273e+02
   3.1169622e+02
  -9.6246742e+00
   2.8645136e+02
   2.2435880e+02
   2.9895685e+02
   2.3102027e+02
   3.8613672e+02
   1.9390270e+02
  -1.8288961e+01
   8.1471372e+01
   7.6951279e+01
   4.6073066e+02
   7.5086656e+01
   3.2930198e+02
   3.5864077e+02
   4.7582021e+02
   1.2159189e+01
   4.6609751e+02
   3.5942833e+02
   2.7267794e+02
   4.9051695e+02
   2.5677634e+01
   1.1499371e+02
   1.6521849e+02
   1.1977976e+02
   3.5173227e+02
   2.3266594e+02
   3.3785706e+02
   4.4836255e+02
   3.2574707e+02
   5.0437496e+02
   1.2840971e+02
   4.3446153e+01
   3.9174358e+02
   5.0085957e+02
   7.0566875e+01
   2.2973007e+02
   1.0498999e+02
   6.8527544e+01
   2.4572593e+02
   3.7350055e+02
   9.6722625e+01
   4.4650023e+02
   3.4925260e+02
   9.5754467e+01
   3.1888749e+02
   8.5175817e+01
   1.9722246e+02
   2.2180164e+02
   1.4742385e+02
   3.4994589e+02
   4.1971124e+02
   2.4875715e+02
   4.0664536e+02
   2.2552915e+02
   6.1998953e+01
   4.4046817e+02
   4.7124428e+02
   3.6509873e+01
   9.9422095e+01
   3.8654734e+02
   4.3438027e+02
   3.9543169e+01
   4.6082711e+02
   2.0992637e+02
   5.5130421e+02
   5.1322519e+02
   2.1821176e+02
   3.8506490e+02
   5.0979898e+02
   1.5787906e+02
   4.3437712e+02
   2.3558662e+02
   2.1880603e+02
   1.9041831e+02
   3.9719842e+02
   4.5441090e+02
   2.6261330e+02
   3.9233757e+02
   6.4747786e+01
   2.3907899e+01
   5.4023549e+02
   4.8724032e+02
   3.4527126e+01
   8.4285257e+01
   2.6816631e+01
   3.2658621e+02
   2.5941361e+02
  -1.4805609e+00
   2.3084394e+02
   2.3685902e+02
   6.7580962e+01
   1.4493464e+02
   4.4697815e+02
   3.4072446e+02
   1.0668876e+02
   3.7783681e+02
   3.3776005e+02
   4.0708781e+02
   5.3182607e+02
   1.5923377e+02
   2.9364584e+01
   1.9121622e+02
   4.6826431e+02
   4.9413757e+02
   3.3297779e+02
   3.1618717e+02
   4.8774964e+02
   4.9440960e+02
   5.9495540e+01
   4.2172997e+01
   7.6312890e+01
   5.3212288e+02
   6.2479426e+01
   1.6273637e+02
   5.5607415e+02
   1.5648346e+02
   4.7502127e+01
   1.8880716e+02
   3.9962252e+02
   3.0847152e+02
   5.7404707e+00
   5.3603382e+02
   5.4245464e+02
   3.2981299e+02
   4.2738095e+02
   3.0164988e+02
   4.5428889e+01
   1.3537469e+02
   1.6039417e+02
   5.5754142e+02
   1.0642596e+02
   2.2200965e+02
   2.5049703e+02
   5.5000475e+02
   7.4532651e+01
   1.6137842e+02
   9.9564388e+01
   3.1965539e+02
   2.5077776e+02
   1.3186819e+02
   8.0516167e-01
   4.1250090e+02
   2.7021837e+01
   3.8189275e+02
   8.4261691e+01
   3.4093161e+02
   5.1096013e+02
   4.1431778e+02
   7.0098070e+01
   2.9815681e+02
   2.4238230e+02
   4.6657214e+02
   5.2652328e+02
   3.4942001e+02
   9.2686498e+01
   1.1751192e+02
   2.4451249e+02
   1.0423808e+02
   3.9152308e+02
   2.6197185e+02
   3.8461912e+02
   5.2752843e+02
   4.6165736e+02
   4.8448233e+02
   5.1412977e+02
   3.3472293e+02
   1.7420053e+02
   5.3444599e+02
   4.7714722e+02
   3.7429391e+01
   3.9647517e+02
   2.1839095e+02
   4.9981233e+02
   1.8956381e+02
   1.4400870e+02
   1.7258465e+02
   1.9545865e+02
  -1.1164052e+01
   3.8419664e+02
   5.0906248e+02
   2.4808533e+02
   5.2406554e+00
   3.8785234e+02
   1.7098601e+02
   1.3993542e+02
   8.1784559e+00
   5.0292963e+02
   4.8847971e+01
  -1.3638860e+01
   2.4144357e+02
   1.0024208e+02
   4.2190024e+02
   1.3058936e+01
   2.1229274e+02
   1.2907631e+02
   5.5894032e+02
   2.7784184e+02
   3.7647288e+02
   4.7189112e+02
   1.6834299e+01
   3.1197415e+02
   4.1762014e+02
   3.4378801e+02
   5.5733638e+02
   4.2858890e+02
   5.5327904e+02
   5.4763254e+02
   4.7154442e+02
   2.7096320e+02
  -9.8399149e+00
   5.1080345e+02
   2.4138940e+02
   2.8792316e+02
   5.2211049e+02
   3.5300409e+02
   8.9675522e+01
   3.1476421e+02
   1.8741435e+02
   1.5428395e+02
   1.0552993e+02
   2.6205926e+02
   1.8145410e+02
   3.4149911e+02
   1.3348173e+02
   1.8643894e+02
   2.8257071e+02
   2.6010372e+02
   3.1735800e+02
   4.4332389e+02
   1.2868706e+02
   5.3133196e+02
   4.9559420e+02
   3.5798226e+02
   3.5815120e+02
   4.0651368e+02
   1.5804781e+02
   1.5359323e+02
   7.9510316e+01
   3.7590440e+01
   2.9647849e+02
   5.5218510e+02
   2.2736684e+02
   1.4708524e+02
   4.1275617e+02
   4.2176283e+01
   2.0957442e+01
   2.3455286e+02
   9.8967262e+01
   3.8839912e+02
   1.3777674e+02
   2.4816849e+02
   3.5279908e+02
   3.7224064e+02
   6.3804194e+01
   2.6199387e+02
   1.3651538e+02
   2.1916953e+02
   2.6253556e+02
   5.1488722e+02
   1.9979841e+02
   7.2261157e+01
   2.1163406e+02
   2.8049841e+02
   5.2185506e+02
  -2.4220611e+00
   6.8037351e+01
   3.6359040e+02
   3.1625735e+01
   1.1394204e+02
   5.2582522e+02
   4.4131811e+02
   2.1579375e+01
   9.9386229e+01
   5.1331573e+02
   3.8060707e+01
  -3.6099781e+00
   1.2423329e+02
   3.8072984e+02
   3.1451755e+02
   4.1781281e+02
   4.2718087e+01
   1.6311877e+02
   3.6055181e+02
   6.7981636e+01
   3.5770668e+02
   1.6855948e+02
   4.4337815e+02
   2.8719080e+02
   5.1631305e+02
   5.5016533e+02
   3.8812774e+02
   5.0345378e+02
   4.1589033e+02
   4.8778862e+02
   6.5854263e+01
   3.6893667e+01
   2.5644952e+02
   4.4973066e+02
   2.9333315e+00
   6.8861314e+01
   1.4446249e+02
   4.9985099e+02
   1.0623366e+02
   1.3716046e+02
   2.3038484e+02
   2.4569638e+02
   5.5903256e+01
   2.6006116e+02
   2.8423224e+02
   1.6208650e+02
   1.1231907e+02
   5.2044402e+02
   3.3800368e+02
   5.6056676e+02
   4.6368080e+02
   9.7765746e+01
   2.2820439e+02
  -1.4515322e+01
   1.7639243e+01
   4.1857543e+02
  -9.1877159e-01
   1.4385845e+02
   1.0476665e+02
   1.2371374e+02
   2.1627192e+02
   1.2429603e+02
   2.6851203e+02
   1.0486103e+02
   1.6546536e+02
   5.2874427e+02
   5.1384587e+02
   2.1107833e+02
  -6.8845061e+00
   2.8631133e+02
   3.5788217e+02
   3.9271305e+02
   3.7477544e+02
   4.7015715e+02
   3.1295207e+02
   4.1979214e+02
   7.7963005e+01
   2.4780041e+01
   4.6121000e+02
   6.1033555e+01
   1.3760861e+02
   3.1277384e+02
   3.9989217e+02
   5.1146283e+02
   8.7086276e+01
   2.7941305e+02
   2.6315921e+02
   1.9323406e+02
   1.7051754e+02
   2.6924657e+02
   4.2642026e+02
   1.5880502e+02
   3.5080227e+02
   3.3157569e+02
   3.0662845e+02
   2.9641671e+02
   4.1947403e+02
   4.7210188e+02
   1.9454820e+02
   6.9492712e+01
   3.3557518e+02
   3.2890050e+02
   3.3079135e+02
   4.7894731e+02
   1.8029276e+02
   4.4508673e+02
   8.2726933e+01
   5.1479098e+02
   3.1035172e+02
   5.2482153e+02
   3.8318224e+02
   4.9345743e+02
   4.9750664e+02
   5.2142530e+02
  -1.3270122e+01
   5.3399363e+02
   5.5601127e+02
   1.5690141e+02
   3.2330552e+02
   4.0343474e+02
   2.5358893e+02
   2.8882008e+02
   3.5068238e+02
   1.3218253e+02
   7.5444285e+01
   8.8603517e+01
   2.5124450e+01
   1.4760978e+02
   5.5399627e+02
   3.4075345e+02
   4.8325898e+02
   1.4963172e+02
   1.3282832e+02
   8.5607016e+01
   3.6555662e+02
   3.2231593e+02
   8.2479058e+01
   5.4756020e+01
   4.2875991e+02
   1.9330006e+02
   5.6051570e+02
   3.5638054e+02
  -5.1578152e-01
   1.7806433e+02
   2.5682895e+02
   1.0932979e+02
   2.6350000e+02
   4.7352610e+02
   2.3528902e+02
  -1.6358571e+01
   3.6685756e+02
   2.5949623e+02
   2.1752152e+02
   4.1822387e+02
   5.2733304e+02
   1.3709067e+02
   1.2828739e+02
   3.7928814e+02
   2.3961858e+02
   9.9013588e+01
   2.4681629e+02
   5.1871399e+02
   2.5136644e+02
   1.6389085e+02
   3.3585493e+02
   5.1817227e+02
   5.0466772e+02
   2.4260888e+02
   5.4633435e+01
   1.9786432e+02
   1.7919317e+02
   4.9760514e+02
   3.1017047e+02
  -1.0712088e+01
   1.2752411e+02
   4.5106108e+02
   2.2286765e+02
   4.1943521e+02
   4.5454477e+02
   3.5785805e+02
   5.3903319e+02
   1.2234583e+02
   2.5930319e+02
   3.2445828e+02
   2.0496904e+02
   1.8271005e+02
   3.1993350e+01
   2.2368785e+01
   2.7153493e+02
   4.3485656e+02
   4.3082704e+02
   2.5455664e+02
   2.8541291e+02
   3.0417717e+02
   4.2587307e+02
   1.8978676e+02
   2.9455444e+01
   1.0489572e+02
   3.1523878e+02
   3.1015084e+02
   3.8489264e+02
  -1.2307933e+01
   4.4076840e+01
   2.5467863e+02
   1.7874464e+02
   2.3549946e+02
   3.6174964e+02
   4.7410673e+02
   4.9852926e+02
   3.3425300e+02
   3.6472759e+02
   3.4105989e+02
   1.5109615e+02
   2.9341962e+02
   2.9433870e+02
   3.2460982e+02
   2.6930141e+02
   4.2807335e+02
   2.5866255e+02
   3.4768621e+02
   3.9674044e+02
   4.3166835e+02
   7.1393997e+01
   2.1939282e+02
   1.2409710e+02
   9.2596688e+01
   1.2763259e+02
   5.6732832e+01
   4.9378030e+02
   3.9088364e+02
   2.3790990e+02
   2.7436813e+02
  -2.2461665e+00
   4.7809595e+02
   3.8346751e+02
   4.0331440e+02
   1.4086785e+01
   4.0088000e+02
   4.7858471e+02
   2.7906200e+02
   1.6014679e+02
   1.7285437e+02
   4.0856097e+02
   1.5809118e+02
   3.2714944e+02
   5.4251521e+02
   4.9323334e+02
   1.3691383e+02
   3.4846897e+02
   5.3513639e+02
   2.2986407e+02
   4.9049131e+02
   5.5328367e+02
   4.1665612e+02
   1.8806043e+02
   3.8717725e+02
   4.3879927e+02
   5.4064844e+02
   4.7860136e+02
   1.6079189e+02
   1.1749818e+02
   5.2762243e+02
   2.5263457e+01
   6.3215562e+01
   1.4510196e+02
   2.9516507e+02
   4.1818647e+02
   1.4246692e+02
   3.0016746e+02
   3.0606955e+02
   3.6664990e+02
   3.4129441e+02
  -1.8592304e+01
   2.9712505e+02
   5.1484993e+02
   1.8725621e+02
   3.2103556e+02
   1.0006895e+02
   4.9757310e+02
   2.8707364e+02
   4.0110560e+02
   3.3474438e+02
   3.1458357e+02
   1.4853020e+02
   1.7516748e+02
   9.9734804e+01
   3.2839646e+02
   3.4979169e+02
   3.8318748e+02
   1.8235042e+02
   4.8889102e+02
   3.1702904e+02
   1.3071832e+02
   2.2463408e+02
   3.7268058e+02
   4.1476433e+02
   8.8875162e+01
   4.5847665e+02
   4.2782775e+02
   3.4483083e+02
   7.6664976e+01
   2.8334952e+02
   1.5072764e+02
   4.3316910e+02
   3.9612417e+02
   6.9543331e+01
   1.1068982e+02
   3.7152389e+02
   3.8124823e+02
   4.4828051e+02
   2.2999571e+02
   5.4121771e+02
   3.6273139e+02
   1.4436593e+02
   2.7428770e+02
   5.1406082e+02
   3.8579196e+02
   3.9295103e+01
   1.2970177e+02
   5.7158884e+01
   4.8889795e+02
   3.7556794e+02
   5.4916366e+02
   2.7251511e+02
   1.4426529e+02
   2.8359362e+02
   4.4011062e+02
   5.0715207e+02
   3.4866586e+02
   1.6541915e+02
   5.1893215e+02
   2.4853852e+02
   3.2549688e+02
   5.1248591e+02
   3.8654827e+02
   3.4176431e+02
   4.5839103e+02
   2.9778150e+02
   3.5572130e+02
   4.2515835e+02
   3.1209389e+02
   3.9282098e+02
   4.0989893e+02
   1.5693505e+02
   5.2190268e+02
   2.6601078e+02
   2.1956594e+01
   2.5560474e+02
   1.2762438e+02
   5.6607077e+01
   1.8712534e+02
   1.4205114e+02
   3.1917282e+02
   3.6189194e+02
   9.1246937e+01
   4.3952468e+02
   1.5324136e+02
   1.9157930e+02
   5.2361492e+02
   3.3410512e+02
   1.7067852e+02
  -8.1254809e+00
   3.2769169e+02
   2.9463617e+02
   8.9177295e+00
   4.4254327e+02
   4.9897889e+02
   3.5854989e+02
   4.4343576e+02
   1.5367533e+02
   2.0449721e+01
   3.1195788e+02
   5.0179608e+02
   4.0870041e+02
   2.2355803e+02
   2.1472914e+02
   2.4258226e+02
   2.4703970e+02
   1.7845064e+02
   2.0106486e+02
   4.1130048e+02
   3.6946159e+02
   5.2944642e+02
   5.3303357e+02
   9.3946675e+01
   1.1157164e+02
   1.6620203e+02
   3.3970802e+02
   7.5511119e+01
   4.4062492e+02
   2.5973725e+02
   1.2357311e+02
   2.1055745e+02
   1.1265567e+02
   2.4668904e+02
   9.4817547e+01
   1.0705069e+02
   2.2491277e+02
   8.8760747e+01
   1.5397880e+02
   4.9179472e+02
   3.0788528e+02
   3.6906885e+02
   3.1592652e+01
   4.0321151e+02
   2.4836327e+02
   4.9673857e+02
   4.7170801e+02
   4.3630232e+02
   3.8844469e+02
   1.3371043e+02
   7.4644060e+00
   4.4870489e+02
   3.5031963e+02
   2.4115106e+02
   5.3995579e+02
   3.1899823e+02
  -1.0424384e+01
   2.2306844e+02
   4.8477037e+02
   1.1829162e+02
   2.0356404e+02
   2.0992166e+02
   1.0976748e+02
   5.4422900e+02
   5.0526495e+02
   6.3727954e+01
   3.5893242e+02
   3.5753509e+02
   4.7582575e+02
   3.3956588e+02
   3.1414045e+01
   2.0017695e+02
   3.4720926e+02
   8.9887742e+00
   5.1475912e+02
   4.5893456e+02
   4.7400808e+02
   4.5770697e+02
   3.4511442e+02
   2.2595557e+02
   1.0484338e+02
   3.3986084e+02
   3.1681189e+02
   7.7207294e+01
   6.9628989e+01
   2.1964358e+02
   2.2801309e+02
   2.5542055e+02
   1.0512047e+02
   3.7821402e+02
   2.1464283e+02
   4.8937964e+02
   5.8167535e+01
   1.6191328e+02
   2.9790398e+02
   3.0228650e+02
   2.3842319e+02
   3.6079805e+02
   1.8568526e+02
   3.9344981e+02
   5.0902754e+02
   2.2000030e+02
   4.9301392e+02
   3.8099960e+01
   1.2659627e+02
   4.5987234e+02
   1.0935573e+02
   2.0044951e+02
   4.8785759e+02
   1.3269129e+02
   3.2685936e+02
   4.8346459e+02
   9.1017863e+01
   2.0441596e+02
   6.0090118e+01
   4.2849809e+02
   1.3305648e+02
   4.8788636e+02
   5.3884984e+02
   4.6028470e+02
   1.4704470e+01
   1.9264651e+02
   2.2575870e+02
   2.1539527e+02
   2.0350107e+02
   3.5517487e+02
   3.3272501e+02
   4.7349032e+02
   9.6616224e+01
   5.1772076e+02
   5.0546708e+02
   2.7865919e+02
   1.4752938e+02
   2.5058389e+01
   5.2773811e+02
   2.3038084e+01
   2.6580160e+02
   7.6828473e+01
   3.2745005e+02
   2.9835879e+02
   1.7851617e+02
   4.7115962e+02
   1.0125245e+02
   3.7044362e+00
   1.8623560e+02
   1.8562212e+02
   1.8107477e+02
   6.1823467e+01
   1.4721371e+02
   5.4537009e+02
   2.4716374e+02
   1.7937040e+02
   1.8443406e+02
   3.3667878e+02
   5.1047028e+02
   4.6916657e+02
   1.8044178e+01
   4.3850104e+02
   4.3084460e+02
   3.9596929e+01
   5.5264680e+02
   2.5607553e+02
   6.5410949e+01
   1.1803162e+02
  -1.9317665e+00
   2.6240446e+02
   3.0430120e+02
   1.5745324e+01
   5.2174025e+02
   3.3715326e+02
   1.6740578e+02
   1.5254656e+02
   3.3199375e+02
   5.6219711e+02
   4.9166773e+02
   1.8935975e+02
   5.1956922e+02
   3.5575910e+02
   3.0886798e+02
   3.3088239e+02
   5.6244667e+01
   8.7573374e+01
   4.6531442e+02
   2.9685036e+02
   2.1965392e+02
   5.2258867e+02
   1.3482641e+02
   3.1412055e+02
   3.8953336e+02
   5.0410084e+02
   3.6726213e+02
  -3.0057623e+00
   1.2202005e+02
   3.0272732e+02
   4.3960019e+01
   3.6275649e+01
   3.0843560e+02
   2.1067011e+02
   1.8194094e+02
   4.1890423e+02
   9.4334424e+01
   3.9803804e+02
   3.3442108e+02
   4.2705590e+01
   1.1155623e+02
   2.1562963e+02
   8.4775559e+01
   5.5005196e+02
   4.0960365e+02
   1.8067879e+01
   4.9519855e+02
   8.5559849e+01
   2.9923175e+02
   3.1522245e+02
   3.7453119e+02
   1.8306086e+02
   5.3018773e+02
   5.3888104e+02
   2.2428768e+02
   4.9123400e+02
   2.1622357e+02
   1.7525098e+01
   2.8182737e+02
   4.9137288e+02
   2.2496193e+02
   2.7641668e+02
   5.5075657e+02
   2.4668179e+02
   2.7414766e+02
   5.2335307e+02
   4.1265954e+02
   1.5734582e+02
   1.9472104e+02
   4.9566795e+02
   3.7727464e+02
   3.2038857e+02
   3.5813781e+02
   2.4834887e+02
   1.0579333e+02
   5.0470922e+01
   1.3112299e+02
   1.6712827e+02
   1.7999470e+02
   2.1383747e+02
   4.4433093e+02
   4.4638172e+01
  -1.9016140e+01
   3.3757873e+02
   1.6502665e+02
   1.1817286e+02
   2.4646588e+02
   7.5425783e+01
  -5.1557913e+00
   4.2440213e+02
   8.0752089e+01
  -1.7143257e+01
   3.8341835e+02
   1.6615903e+02
   1.4491487e+02
   2.3552774e+02
   4.1947268e+02
   1.0619357e+02
   2.9745883e+02
   1.2714958e-01
   1.9567477e+02
   1.8667865e+02
   7.1769107e+01
   2.8422287e+02
   3.3695068e+02
   4.1226155e+02
   3.7244238e+02
   4.9367514e+02
   5.4685853e+01
   5.4507472e+02
   5.0471407e+02
   2.7396883e+02
   2.1817380e+01
   1.3898608e+02
   3.0237407e+02
   1.7462598e+01
   2.0820087e+01
   2.5818533e+02
   4.9124759e+02
   7.4890237e+01
   4.8914385e+02
   3.7287259e+02
   2.9000806e+02
   2.4677090e+02
   5.0311845e+02
   5.2376634e+02
   1.8752469e+02
   1.5386501e+02
   7.3166405e+01
   4.6783001e+02
   5.4690260e+02
   1.8822736e+01
   1.2231341e+01
   1.9613809e+02
   1.9756398e+02
   4.3172703e+02
   3.5521011e+01
   4.1394904e+02
   9.2534390e+01
   2.1205326e+02
   2.8744119e+02
   3.2695289e+02
   5.3741163e+02
   5.4360115e+02
   8.6502152e+01
   2.8241169e+02
   4.8673532e+02
   2.0452869e+02
   4.7010832e+02
   2.7080995e+02
   5.5787895e+02
   3.6703607e+02
   4.4165511e+02
   1.6146381e+02
   4.4030113e+02
   4.1243374e+02
   3.1793435e+02
   2.2628048e+02
   2.3987258e+02
   9.2259790e+01
   1.2583659e+02
   2.1158924e+02
   8.9126592e+01
   6.8861739e+01
   4.8961506e+02
   2.6796574e+02
   2.2050630e+02
   5.5466449e+02
   2.5941657e+02
   1.8173925e+02
   2.0275370e+02
   2.8094132e+02
   2.5192075e+01
   2.6924572e+02
   5.0441585e+02
   5.0583814e+02
   4.7421477e+02
   1.4303323e+02
   6.2989230e+01
   5.3452701e+02
   3.2149033e+02
   4.9114529e+02
   1.6874699e+02
   2.4646724e+02
   5.2626501e+02
   5.1357796e+02
   1.2839029e+02
   2.8804119e+02
   7.2216700e+01
   2.7129073e+02
   2.1150688e+02
   3.6101080e+02
   1.9771884e+02
   2.1365313e+02
   5.2705802e+02
   4.9249021e+02
   1.5092466e+02
   2.1559551e+02
   1.4319885e+02
   5.1345995e+02
   5.5321506e+02
   3.8635073e+02
   1.1085629e+02
   3.5024139e+02
   2.4512995e+02
   3.1274781e+02
   3.4577583e+02
  -1.9652014e+01
  -1.9051492e+01
   1.8085273e+02
   3.1169622e+02
  -9.6246742e+00
   2.8645136e+02
   2.2435880e+02
   2.9895685e+02
   2.3102027e+02
   3.8613672e+02
   1.9390270e+02
  -1.8288961e+01
   8.1471372e+01
   7.6951279e+01
   4.6073066e+02
   7.5086656e+01
   3.2930198e+02
   3.5864077e+02
   4.7582021e+02
   1.2159189e+01
   4.6609751e+02
   3.5942833e+02
   2.7267794e+02
   4.9051695e+02
   2.5677634e+01
   1.1499371e+02
   1.6521849e+02
   1.1977976e+02
   3.5173227e+02
   2.3266594e+02
   3.3785706e+02
   4.4836255e+02
   3.2574707e+02
   5.0437496e+02
   1.2840971e+02
   4.3446153e+01
   3.9174358e+02
   5.0085957e+02
   7.0566875e+01
   2.2973007e+02
   1.0498999e+02
   6.8527544e+01
   2.4572593e+02
   3.7350055e+02
   9.6722625e+01
   4.4650023e+02
   3.4925260e+02
   9.5754467e+01
   3.1888749e+02
   8.5175817e+01
   1.9722246e+02
   2.2180164e+02
   1.4742385e+02
   3.4994589e+02
   4.1971124e+02
   2.4875715e+02
   4.0664536e+02
   2.2552915e+02
   6.1998953e+01
   4.4046817e+02
   4.7124428e+02
   3.6509873e+01
   9.9422095e+01
   3.8654734e+02
   4.3438027e+02
   3.9543169e+01
   4.6082711e+02
   2.0992637e+02
   5.5130421e+02
   5.1322519e+02
   2.1821176e+02
   3.8506490e+02
   5.0979898e+02
   1.5787906e+02
   4.3437712e+02
   2.3558662e+02
   2.1880603e+02
   1.9041831e+02
   3.9719842e+02
   4.5441090e+02
   2.6261330e+02
   3.9233757e+02
   6.4747786e+01
   2.3907899e+01
   5.4023549e+02
   4.8724032e+02
   3.4527126e+01
   8.4285257e+01
   2.6816631e+01
   3.2658621e+02
   2.5941361e+02
  -1.4805609e+00
   2.3084394e+02
   2.3685902e+02
   6.7580962e+01
   1.4493464e+02
   4.4697815e+02
   3.4072446e+02
   1.0668876e+02
   3.7783681e+02
   3.3776005e+02
   4.0708781e+02
   5.3182607e+02
   1.5923377e+02
   2.9364584e+01
   1.9121622e+02
   4.6826431e+02
   4.9413757e+02
   3.3297779e+02
   3.1618717e+02
   4.8774964e+02
   4.9440960e+02
   5.9495540e+01
   4.2172997e+01
   7.6312890e+01
   5.3212288e+02
   6.2479426e+01
   1.6273637e+02
   5.5607415e+02
   1.5648346e+02
   4.7502127e+01
   1.8880716e+02
   3.9962252e+02
   3.0847152e+02
   5.7404707e+00
   5.3603382e+02
   5.4245464e+02
   3.2981299e+02
   4.2738095e+02
   3.0164988e+02
   4.5428889e+01
   1.3537469e+02
   1.6039417e+02
   5.5754142e+02
   1.0642596e+02
   2.2200965e+02
   2.5049703e+02
   5.5000475e+02
   7.4532651e+01
   1.6137842e+02
   9.9564388e+01
   3.1965539e+02
   2.5077776e+02
   1.3186819e+02
   8.0516167e-01
   4.1250090e+02
   2.7021837e+01
   3.8189275e+02
   8.4261691e+01
   3.4093161e+02
   5.1096013e+02
   4.1431778e+02
   7.0098070e+01
   2.9815681e+02
   2.4238230e+02
   4.6657214e+02
   5.2652328e+02
   3.4942001e+02
   9.2686498e+01
   1.1751192e+02
   2.4451249e+02
   1.0423808e+02
   3.9152308e+02
   2.6197185e+02
   3.8461912e+02
   5.2752843e+02
   4.6165736e+02
   4.8448233e+02
   5.1412977e+02
   3.3472293e+02
   1.7420053e+02
   5.3444599e+02
   4.7714722e+02
   3.7429391e+01
   3.9647517e+02
   2.1839095e+02
   4.9981233e+02
   1.8956381e+02
   1.4400870e+02
   1.7258465e+02
   1.9545865e+02
  -1.1164052e+01
   3.8419664e+02
   5.0906248e+02
   2.4808533e+02
   5.2406554e+00
   3.8785234e+02
   1.7098601e+02
   1.3993542e+02
   8.1784559e+00
   5.0292963e+02
   4.8847971e+01
  -1.3638860e+01
   2.4144357e+02
   1.0024208e+02
   4.2190024e+02
   1.3058936e+01
   2.1229274e+02
   1.2907631e+02
   5.5894032e+02
   2.7784184e+02
   3.7647288e+02
   4.7189112e+02
   1.6834299e+01
   3.1197415e+02
   4.1762014e+02
   3.4378801e+02
   5.5733638e+02
   4.2858890e+02
   5.5327904e+02
   5.4763254e+02
   4.7154442e+02
   2.7096320e+02
  -9.8399149e+00
   5.1080345e+02
   2.4138940e+02
   2.8792316e+02
   5.2211049e+02
   3.5300409e+02
   8.9675522e+01
   3.1476421e+02
   1.8741435e+02
   1.5428395e+02
   1.0552993e+02
   2.6205926e+02
   1.8145410e+02
   3.4149911e+02
   1.3348173e+02
   1.8643894e+02
   2.8257071e+02
   2.6010372e+02
   3.1735800e+02
   4.4332389e+02
   1.2868706e+02
   5.3133196e+02
   4.9559420e+02
   3.5798226e+02
   3.5815120e+02
   4.0651368e+02
   1.5804781e+02
   1.5359323e+02
   7.9510316e+01
   3.7590440e+01
   2.9647849e+02
   5.5218510e+02
   2.2736684e+02
   1.4708524e+02
   4.1275617e+02
   4.2176283e+01
   2.0957442e+01
   2.3455286e+02
   9.8967262e+01
   3.8839912e+02
   1.3777674e+02
   2.4816849e+02
   3.5279908e+02
   3.7224064e+02
   6.3804194e+01
   2.6199387e+02
   1.3651538e+02
   2.1916953e+02
   2.6253556e+02
   5.1488722e+02
   1.9979841e+02
   7.2261157e+01
   2.1163406e+02
   2.8049841e+02
   5.2185506e+02
  -2.4220611e+00
   6.8037351e+01
   3.6359040e+02
   3.1625735e+01
   1.1394204e+02
   5.2582522e+02
   4.4131811e+02
   2.1579375e+01
   9.9386229e+01
   5.1331573e+02
   3.8060707e+01
  -3.6099781e+00
   1.2423329e+02
   3.8072984e+02
   3.1451755e+02
   4.1781281e+02
   4.2718087e+01
   1.6311877e+02
   3.6055181e+02
   6.7981636e+01
   3.5770668e+02
   1.6855948e+02
   4.4337815e+02
   2.8719080e+02
   5.1631305e+02
   5.5016533e+02
   3.8812774e+02
   5.0345378e+02
   4.1589033e+02
   4.8778862e+02
   6.5854263e+01
   3.6893667e+01
   2.5644952e+02
   4.4973066e+02
   2.9333315e+00
   6.8861314e+01
   1.4446249e+02
   4.9985099e+02
   1.0623366e+02
   1.3716046e+02
   2.3038484e+02
   2.4569638e+02
   5.5903256e+01
   2.6006116e+02
   2.8423224e+02
   1.6208650e+02
   1.1231907e+02
   5.2044402e+02
   3.3800368e+02
   5.6056676e+02
   4.6368080e+02
   9.7765746e+01
   2.2820439e+02
  -1.4515322e+01
   1.7639243e+01
   4.1857543e+02
  -9.1877159e-01
   1.4385845e+02
   1.0476665e+02
   1.2371374e+02
   2.1627192e+02
   1.2429603e+02
   2.6851203e+02
   1.0486103e+02
   1.6546536e+02
   5.2874427e+02
   5.1384587e+02
   2.1107833e+02
  -6.8845061e+00
   2.8631133e+02
   3.5788217e+02
   3.9271305e+02
   3.7477544e+02
   4.7015715e+02
   3.1295207e+02
   4.1979214e+02
   7.7963005e+01
   2.4780041e+01
   4.6121000e+02
   6.1033555e+01
   1.3760861e+02
   3.1277384e+02
   3.9989217e+02
   5.1146283e+02
   8.7086276e+01
   2.7941305e+02
   2.6315921e+02
   1.9323406e+02
   1.7051754e+02
   2.6924657e+02
   4.2642026e+02
   1.5880502e+02
   3.5080227e+02
   3.3157569e+02
   3.0662845e+02
   2.9641671e+02
   4.1947403e+02
   4.7210188e+02
   1.9454820e+02
   6.9492712e+01
   3.3557518e+02
   3.2890050e+02
   3.3079135e+02
   4.7894731e+02
   1.8029276e+02
   4.4508673e+02
   8.2726933e+01
   5.1479098e+02
   3.1035172e+02
   5.2482153e+02
   3.8318224e+02
   4.9345743e+02
   4.9750664e+02
   5.2142530e+02
  -1.3270122e+01
   5.3399363e+02
   5.5601127e+02
   1.5690141e+02
   3.2330552e+02
   4.0343474e+02
   2.5358893e+02
   2.8882008e+02
   3.5068238e+02
   1.3218253e+02
   7.5444285e+01
   8.8603517e+01
   2.5124450e+01
   1.4760978e+02
   5.5399627e+02
   3.4075345e+02
   4.8325898e+02
   1.4963172e+02
   1.3282832e+02
   8.5607016e+01
   3.6555662e+02
   3.2231593e+02
   8.2479058e+01
   5.4756020e+01
   4.2875991e+02
   1.9330006e+02
   5.6051570e+02
   3.5638054e+02
  -5.1578152e-01
   1.7806433e+02
   2.5682895e+02
   1.0932979e+02
   2.6350000e+02
   4.7352610e+02
   2.3528902e+02
  -1.6358571e+01
   3.6685756e+02
   2.5949623e+02
   2.1752152e+02
   4.1822387e+02
   5.2733304e+02
   1.3709067e+02
   1.2828739e+02
   3.7928814e+02
   2.3961858e+02
   9.9013588e+01
   2.4681629e+02
   5.1871399e+02
   2.5136644e+02
   1.6389085e+02
   3.3585493e+02
   5.1817227e+02
   5.0466772e+02
   2.4260888e+02
   5.4633435e+01
   1.9786432e+02
   1.7919317e+02
   4.9760514e+02
   3.1017047e+02
  -1.0712088e+01
   1.2752411e+02
   4.5106108e+02
   2.2286765e+02
   4.1943521e+02
   4.5454477e+02
   3.5785805e+02
   5.3903319e+02
   1.2234583e+02
   2.5930319e+02
   3.2445828e+02
   2.0496904e+02
   1.8271005e+02
   3.1993350e+01
   2.2368785e+01
   2.7153493e+02
   4.3485656e+02
   4.3082704e+02
   2.5455664e+02
   2.8541291e+02
   3.0417717e+02
   4.2587307e+02
   1.8978676e+02
   2.9455444e+01
   1.0489572e+02
   3.1523878e+02
   3.1015084e+02
   3.8489264e+02
  -1.2307933e+01
   4.4076840e+01
   2.5467863e+02
   1.7874464e+02
   2.3549946e+02
   3.6174964e+02
   4.7410673e+02
   4.9852926e+02
   3.3425300e+02
   3.6472759e+02
   3.4105989e+02
   1.5109615e+02
   2.9341962e+02
   2.9433870e+02
   3.2460982e+02
   2.6930141e+02
   4.2807335e+02
   2.5866255e+02
   3.4768621e+02
   3.9674044e+02
   4.3166835e+02
   7.1393997e+01
   2.1939282e+02
   1.2409710e+02
   9.2596688e+01
   1.2763259e+02
   5.6732832e+01
   4.9378030e+02
   3.9088364e+02
   2.3790990e+02
   2.7436813e+02
  -2.2461665e+00
   4.7809595e+02
   3.8346751e+02
   4.0331440e+02
   1.4086785e+01
   4.0088000e+02
   4.7858471e+02
   2.7906200e+02
   1.6014679e+02
   1.7285437e+02
   4.0856097e+02
   1.5809118e+02
   3.2714944e+02
   5.4251521e+02
   4.9323334e+02
   1.3691383e+02
   3.4846897e+02
   5.3513639e+02
   2.2986407e+02
   4.9049131e+02
   5.5328367e+02
   4.1665612e+02
   1.8806043e+02
   3.8717725e+02
   4.3879927e+02
   5.4064844e+02
   4.7860136e+02
   1.6079189e+02
   1.1749818e+02
   5.2762243e+02
   2.5263457e+01
   6.3215562e+01
   1.4510196e+02
   2.9516507e+02
   4.1818647e+02
   1.4246692e+02
   3.0016746e+02
   3.0606955e+02
   3.6664990e+02
   3.4129441e+02
  -1.8592304e+01
   2.9712505e+02
   5.1484993e+02
   1.8725621e+02
   3.2103556e+02
   1.0006895e+02
   4.9757310e+02
   2.8707364e+02
   4.0110560e+02
   3.3474438e+02
   3.1458357e+02
   1.4853020e+02
   1.7516748e+02
   9.9734804e+01
   3.2839646e+02
   3.4979169e+02
   3.8318748e+02
   1.8235042e+02
   4.8889102e+02
   3.1702904e+02
   1.3071832e+02
   2.2463408e+02
   3.7268058e+02
   4.1476433e+02
   8.8875162e+01
   4.5847665e+02
   4.2782775e+02
   3.4483083e+02
   7.6664976e+01
   2.8334952e+02
   1.5072764e+02
   4.3316910e+02
   3.9612417e+02
   6.9543331e+01
   1.1068982e+02
   3.7152389e+02
   3.8124823e+02
   4.4828051e+02
   2.2999571e+02
   5.4121771e+02
   3.6273139e+02
   1.4436593e+02
   2.7428770e+02
   5.1406082e+02
   3.8579196e+02
   3.9295103e+01
   1.2970177e+02
   5.7158884e+01
   4.8889795e+02
   3.7556794e+02
   5.4916366e+02
   2.7251511e+02
   1.4426529e+02
   2.8359362e+02
   4.4011062e+02
   5.0715207e+02
   3.4866586e+02
   1.6541915e+02
   5.1893215e+02
   2.4853852e+02
   3.2549688e+02
   5.1248591e+02
   3.8654827e+02
   3.4176431e+02
   4.5839103e+02
   2.9778150e+02
   3.5572130e+02
   4.2515835e+02
   3.1209389e+02
   3.9282098e+02
   4.0989893e+02
   1.5693505e+02
   5.2190268e+02
   2.6601078e+02
   2.1956594e+01
   2.5560474e+02
   1.2762438e+02
   5.6607077e+01
   1.8712534e+02
   1.4205114e+02
   3.1917282e+02
   3.6189194e+02
   9.1246937e+01
   4.3952468e+02
   1.5324136e+02
   1.9157930e+02
   5.2361492e+02
   3.3410512e+02
   1.7067852e+02
  -8.1254809e+00
   3.2769169e+02
   2.9463617e+02
   8.9177295e+00
   4.4254327e+02
   4.9897889e+02
   3.5854989e+02
   4.4343576e+02
   1.5367533e+02
   2.0449721e+01
   3.1195788e+02
   5.0179608e+02
   4.0870041e+02
   2.2355803e+02
   2.1472914e+02
   2.4258226e+02
   2.4703970e+02
   1.7845064e+02
   2.0106486e+02
   4.1130048e+02
   3.6946159e+02
   5.2944642e+02
   5.3303357e+02
   9.3946675e+01
   1.1157164e+02
   1.6620203e+02
   3.3970802e+02
   7.5511119e+01
   4.4062492e+02
   2.5973725e+02
   1.2357311e+02
   2.1055745e+02
   1.1265567e+02
   2.4668904e+02
   9.4817547e+01
   1.0705069e+02
   2.2491277e+02
   8.8760747e+01
   1.5397880e+02
   4.9179472e+02
   3.0788528e+02
   3.6906885e+02
   3.1592652e+01
   4.0321151e+02
   2.4836327e+02
   4.9673857e+02
   4.7170801e+02
   4.3630232e+02
   3.8844469e+02
   1.3371043e+02
   7.4644060e+00
   4.4870489e+02
   3.5031963e+02
   2.4115106e+02
   5.3995579e+02
   3.1899823e+02
  -1.0424384e+01
   2.2306844e+02
   4.8477037e+02
   1.1829162e+02
   2.0356404e+02
   2.0992166e+02
   1.0976748e+02
   5.4422900e+02
   5.0526495e+02
   6.3727954e+01
   3.5893242e+02
   3.5753509e+02
   4.7582575e+02
   3.3956588e+02
   3.1414045e+01
   2.0017695e+02
   3.4720926e+02
   8.9887742e+00
   5.1475912e+02
   4.5893456e+02
   4.7400808e+02
   4.5770697e+02
   3.4511442e+02
   2.2595557e+02
   1.0484338e+02
   3.3986084e+02
   3.1681189e+02
   7.7207294e+01
   6.9628989e+01
   2.1964358e+02
   2.2801309e+02
   2.5542055e+02
   1.0512047e+02
   3.7821402e+02
   2.1464283e+02
   4.8937964e+02
   5.8167535e+01
   1.6191328e+02
   2.9790398e+02
   3.0228650e+02
   2.3842319e+02
   3.6079805e+02
   1.8568526e+02
   3.9344981e+02
   5.0902754e+02
   2.2000030e+02
   4.9301392e+02
   3.8099960e+01
   1.2659627e+02
   4.5987234e+02
   1.0935573e+02
   2.0044951e+02
   4.8785759e+02
   1.3269129e+02
   3.2685936e+02
   4.8346459e+02
   9.1017863e+01
   2.0441596e+02
   6.0090118e+01
   4.2849809e+02
   1.3305648e+02
   4.8788636e+02
   5.3884984e+02
   4.6028470e+02
   1.4704470e+01
   1.9264651e+02
   2.2575870e+02
   2.1539527e+02
   2.0350107e+02
   3.5517487e+02
   3.3272501e+02
   4.7349032e+02
   9.6616224e+01
   5.1772076e+02
   5.0546708e+02
   2.7865919e+02
   1.4752938e+02
   2.5058389e+01
   5.2773811e+02
   2.3038084e+01
   2.6580160e+02
   7.6828473e+01
   3.2745005e+02
   2.9835879e+02
   1.7851617e+02
   4.7115962e+02
   1.0125245e+02
   3.7044362e+00
   1.8623560e+02
   1.8562212e+02
   1.8107477e+02
   6.1823467e+01
   1.4721371e+02
   5.4537009e+02
   2.4716374e+02
   1.7937040e+02
   1.8443406e+02
   3.3667878e+02
   5.1047028e+02
   4.6916657e+02
   1.8044178e+01
   4.3850104e+02
   4.3084460e+02
   3.9596929e+01
   5.5264680e+02
   2.5607553e+02
   6.5410949e+01
   1.1803162e+02
  -1.9317665e+00
   2.6240446e+02
   3.0430120e+02
   1.5745324e+01
   5.2174025e+02
   3.3715326e+02
   1.6740578e+02
   1.5254656e+02
   3.3199375e+02
   5.6219711e+02
   4.9166773e+02
   1.8935975e+02
   5.1956922e+02
   3.5575910e+02
   3.0886798e+02
   3.3088239e+02
   5.6244667e+01
   8.7573374e+01
   4.6531442e+02
   2.9685036e+02
   2.1965392e+02
   5.2258867e+02
   1.3482641e+02
   3.1412055e+02
   3.8953336e+02
   5.0410084e+02
   3.6726213e+02
  -3.0057623e+00
   1.2202005e+02
   3.0272732e+02
   4.3960019e+01
   3.6275649e+01
   3.0843560e+02
   2.1067011e+02
   1.8194094e+02
   4.1890423e+02
   9.4334424e+01
   3.9803804e+02
   3.3442108e+02
   4.2705590e+01
   1.1155623e+02
   2.1562963e+02
   8.4775559e+01
   5.5005196e+02
   4.0960365e+02
   1.8067879e+01
   4.9519855e+02
   8.5559849e+01
   2.9923175e+02
   3.1522245e+02
   3.7453119e+02
   1.8306086e+02
   5.3018773e+02
   5.3888104e+02
   2.2428768e+02
   4.9123400e+02
   2.1622357e+02
   1.7525098e+01
   2.8182737e+02
   4.9137288e+02
   2.2496193e+02
   2.7641668e+02
   5.5075657e+02
   2.4668179e+02
   2.7414766e+02
   5.2335307e+02
   4.1265954e+02
   1.5734582e+02
   1.9472104e+02
   4.9566795e+02
   3.7727464e+02
   3.2038857e+02
   3.5813781e+02
   2.4834887e+02
   1.0579333e+02
   5.0470922e+01
   1.3112299e+02
   1.6712827e+02
   1.7999470e+02
   2.1383747e+02
   4.4433093e+02
   4.4638172e+01
  -1.9016140e+01
   3.3757873e+02
   1.6502665e+02
   1.1817286e+02
   2.4646588e+02
   7.5425783e+01
  -5.1557913e+00
   4.2440213e+02
   8.0752089e+01
  -1.7143257e+01
   3.8341835e+02
   1.6615903e+02
   1.4491487e+02
   2.3552774e+02
   4.1947268e+02
   1.0619357e+02
   2.9745883e+02
   1.2714958e-01
   1.9567477e+02
   1.8667865e+02
   7.1769107e+01
   2.8422287e+02
   3.3695068e+02
   4.1226155e+02
   3.7244238e+02
   4.9367514e+02
   5.4685853e+01
   5.4507472e+02
   5.0471407e+02
   2.7396883e+02
   2.1817380e+01
   1.3898608e+02
   3.0237407e+02
   1.7462598e+01
   2.0820087e+01
   2.5818533e+02
   4.9124759e+02
   7.4890237e+01
   4.8914385e+02
   3.7287259e+02
   2.9000806e+02
   2.4677090e+02
   5.0311845e+02
   5.2376634e+02
   1.8752469e+02
   1.5386501e+02
   7.3166405e+01
   4.6783001e+02
   5.4690260e+02
   1.8822736e+01
   1.2231341e+01
   1.9613809e+02
   1.9756398e+02
   4.3172703e+02
   3.5521011e+01
   4.1394904e+02
   9.2534390e+01
   2.1205326e+02
   2.8744119e+02
   3.2695289e+02
   5.3741163e+02
   5.4360115e+02
   8.6502152e+01
   2.8241169e+02
   4.8673532e+02
   2.0452869e+02
   4.7010832e+02
   2.7080995e+02
   5.5787895e+02
   3.6703607e+02
   4.4165511e+02
   1.6146381e+02
   4.4030113e+02
   4.1243374e+02
   3.1793435e+02
   2.2628048e+02
   2.3987258e+02
   9.2259790e+01
   1.2583659e+02
   2.1158924e+02
   8.9126592e+01
   6.8861739e+01
   4.8961506e+02
   2.6796574e+02
   2.2050630e+02
   5.5466449e+02
   2.5941657e+02
   1.8173925e+02
   2.0275370e+02
   2.8094132e+02
   2.5192075e+01
   2.6924572e+02
   5.0441585e+02
   5.0583814e+02
   4.7421477e+02
   1.4303323e+02
   6.2989230e+01
   5.3452701e+02
   3.2149033e+02
   4.9114529e+02
   1.6874699e+02
   2.4646724e+02
   5.2626501e+02
   5.1357796e+02
   1.2839029e+02
   2.8804119e+02
   7.2216700e+01
   2.7129073e+02
   2.1150688e+02
   3.6101080e+02
   1.9771884e+02
   2.1365313e+02
   5.2705802e+02
   4.9249021e+02
   1.5092466e+02
   2.1559551e+02
   1.4319885e+02
   5.1345995e+02
   5.5321506e+02
   3.8635073e+02
   1.1085629e+02
   3.5024139e+02
   2.4512995e+02
   3.1274781e+02
   3.4577583e+02
  -1.9652014e+01
  -1.9051492e+01
   1.8085273e+02
   3.1169622e+02
  -9.6246742e+00
   2.8645136e+02
   2.2435880e+02
   2.9895685e+02
   2.3102027e+02
   3.8613672e+02
   1.9390270e+02
  -1.8288961e+01
   8.1471372e+01
   7.6951279e+01
   4.6073066e+02
   7.5086656e+01
   3.2930198e+02
   3.5864077e+02
   4.7582021e+02
   1.2159189e+01
   4.6609751e+02
   3.5942833e+02
   2.7267794e+02
   4.9051695e+02
   2.5677634e+01
   1.1499371e+02
   1.6521849e+02
   1.1977976e+02
   3.5173227e+02
   2.3266594e+02
   3.3785706e+02
   4.4836255e+02
   3.2574707e+02
   5.0437496e+02
   1.2840971e+02
   4.3446153e+01
   3.9174358e+02
   5.0085957e+02
   7.0566875e+01
   2.2973007e+02
   1.0498999e+02
   6.8527544e+01
   2.4572593e+02
   3.7350055e+02
   9.6722625e+01
   4.4650023e+02
   3.4925260e+02
   9.5754467e+01
   3.1888749e+02
   8.5175817e+01
   1.9722246e+02
   2.2180164e+02
   1.4742385e+02
   3.4994589e+02
   4.1971124e+02
   2.4875715e+02
   4.0664536e+02
   2.2552915e+02
   6.1998953e+01
   4.4046817e+02
   4.7124428e+02
   3.6509873e+01
   9.9422095e+01
   3.8654734e+02
   4.3438027e+02
   3.9543169e+01
   4.6082711e+02
   2.0992637e+02
   5.5130421e+02
   5.1322519e+02
   2.1821176e+02
   3.8506490e+02
   5.0979898e+02
   1.5787906e+02
   4.3437712e+02
   2.3558662e+02
   2.1880603e+02
   1.9041831e+02
   3.9719842e+02
   4.5441090e+02
   2.6261330e+02
   3.9233757e+02
   6.4747786e+01
   2.3907899e+01
   5.4023549e+02
   4.8724032e+02
   3.4527126e+01
   8.4285257e+01
   2.6816631e+01
   3.2658621e+02
   2.5941361e+02
  -1.4805609e+00
   2.3084394e+02
   2.3685902e+02
   6.7580962e+01
   1.4493464e+02
   4.4697815e+02
   3.4072446e+02
   1.0668876e+02
   3.7783681e+02
   3.3776005e+02
   4.0708781e+02
   5.3182607e+02
   1.5923377e+02
   2.9364584e+01
   1.9121622e+02
   4.6826431e+02
   4.9413757e+02
   3.3297779e+02
   3.1618717e+02
   4.8774964e+02
   4.9440960e+02
   5.9495540e+01
   4.2172997e+01
   7.6312890e+01
   5.3212288e+02
   6.2479426e+01
   1.6273637e+02
   5.5607415e+02
   1.5648346e+02
   4.7502127e+01
   1.8880716e+02
   3.9962252e+02
   3.0847152e+02
   5.7404707e+00
   5.3603382e+02
   5.4245464e+02
   3.2981299e+02
   4.2738095e+02
   3.0164988e+02
   4.5428889e+01
   1.3537469e+02
   1.6039417e+02
   5.5754142e+02
   1.0642596e+02
   2.2200965e+02
   2.5049703e+02
   5.5000475e+02
   7.4532651e+01
   1.6137842e+02
   9.9564388e+01
   3.1965539e+02
   2.5077776e+02
   1.3186819e+02
   8.0516167e-01
   4.1250090e+02
   2.7021837e+01
   3.8189275e+02
   8.4261691e+01
   3.4093161e+02
   5.1096013e+02
   4.1431778e+02
   7.0098070e+01
   2.9815681e+02
   2.4238230e+02
   4.6657214e+02
   5.2652328e+02
   3.4942001e+02
   9.2686498e+01
   1.1751192e+02
   2.4451249e+02
   1.0423808e+02
   3.9152308e+02
   2.6197185e+02
   3.8461912e+02
   5.2752843e+02
   4.6165736e+02
   4.8448233e+02
   5.1412977e+02
   3.3472293e+02
   1.7420053e+02
   5.3444599e+02
   4.7714722e+02
   3.7429391e+01
   3.9647517e+02
   2.1839095e+02
   4.9981233e+02
   1.8956381e+02
   1.4400870e+02
   1.7258465e+02
   1.9545865e+02
  -1.1164052e+01
   3.8419664e+02
   5.0906248e+02
   2.4808533e+02
   5.2406554e+00
   3.8785234e+02
   1.7098601e+02
   1.3993542e+02
   8.1784559e+00
   5.0292963e+02
   4.8847971e+01
  -1.3638860e+01
   2.4144357e+02
   1.0024208e+02
   4.2190024e+02
   1.3058936e+01
   2.1229274e+02
   1.2907631e+02
   5.5894032e+02
   2.7784184e+02
   3.7647288e+02
   4.7189112e+02
   1.6834299e+01
   3.1197415e+02
   4.1762014e+02
   3.4378801e+02
   5.5733638e+02
   4.2858890e+02
   5.5327904e+02
   5.4763254e+02
   4.7154442e+02
   2.7096320e+02
  -9.8399149e+00
   5.1080345e+02
   2.4138940e+02
   2.8792316e+02
   5.2211049e+02
   3.5300409e+02
   8.9675522e+01
   3.1476421e+02
   1.8741435e+02
   1.5428395e+02
   1.0552993e+02
   2.6205926e+02
   1.8145410e+02
   3.4149911e+02
   1.3348173e+02
   1.8643894e+02
   2.8257071e+02
   2.6010372e+02
   3.1735800e+02
   4.4332389e+02
   1.2868706e+02
   5.3133196e+02
   4.9559420e+02
   3.5798226e+02
   3.5815120e+02
   4.0651368e+02
   1.5804781e+02
   1.5359323e+02
   7.9510316e+01
   3.7590440e+01
   2.9647849e+02
   5.5218510e+02
   2.2736684e+02
   1.4708524e+02
   4.1275617e+02
   4.2176283e+01
   2.0957442e+01
   2.3455286e+02
   9.8967262e+01
   3.8839912e+02
   1.3777674e+02
   2.4816849e+02
   3.5279908e+02
   3.7224064e+02
   6.3804194e+01
   2.6199387e+02
   1.3651538e+02
   2.1916953e+02
   2.6253556e+02
   5.1488722e+02
   1.9979841e+02
   7.2261157e+01
   2.1163406e+02
   2.8049841e+02
   5.2185506e+02
  -2.4220611e+00
   6.8037351e+01
   3.6359040e+02
   3.1625735e+01
   1.1394204e+02
   5.2582522e+02
   4.4131811e+02
   2.1579375e+01
   9.9386229e+01
   5.1331573e+02
   3.8060707e+01
  -3.6099781e+00
   1.2423329e+02
   3.8072984e+02
   3.1451755e+02
   4.1781281e+02
   4.2718087e+01
   1.6311877e+02
   3.6055181e+02
   6.7981636e+01
   3.5770668e+02
   1.6855948e+02
   4.4337815e+02
   2.8719080e+02
   5.1631305e+02
   5.5016533e+02
   3.8812774e+02
   5.0345378e+02
   4.1589033e+02
   4.8778862e+02
   6.5854263e+01
   3.6893667e+01
   2.5644952e+02
   4.4973066e+02
   2.9333315e+00
   6.8861314e+01
   1.4446249e+02
   4.9985099e+02
   1.0623366e+02
   1.3716046e+02
   2.3038484e+02
   2.4569638e+02
   5.5903256e+01
   2.6006116e+02
   2.8423224e+02
   1.6208650e+02
   1.1231907e+02
   5.2044402e+02
   3.3800368e+02
   5.6056676e+02
   4.6368080e+02
   9.7765746e+01
   2.2820439e+02
  -1.4515322e+01
   1.7639243e+01
   4.1857543e+02
  -9.1877159e-01
   1.4385845e+02
   1.0476665e+02
   1.2371374e+02
   2.1627192e+02
   1.2429603e+02
   2.6851203e+02
   1.0486103e+02
   1.6546536e+02
   5.2874427e+02
   5.1384587e+02
   2.1107833e+02
  -6.8845061e+00
   2.8631133e+02
   3.5788217e+02
   3.9271305e+02
   3.7477544e+02
   4.7015715e+02
   3.1295207e+02
   4.1979214e+02
   7.7963005e+01
   2.4780041e+01
   4.6121000e+02
   6.1033555e+01
   1.3760861e+02
   3.1277384e+02
   3.9989217e+02
   5.1146283e+02
   8.7086276e+01
   2.7941305e+02
   2.6315921e+02
   1.9323406e+02
   1.7051754e+02
   2.6924657e+02
   4.2642026e+02
   1.5880502e+02
   3.5080227e+02
   3.3157569e+02
   3.0662845e+02
   2.9641671e+02
   4.1947403e+02
   4.7210188e+02
   1.9454820e+02
   6.9492712e+01
   3.3557518e+02
   3.2890050e+02
   3.3079135e+02
   4.7894731e+02
   1.8029276e+02
   4.4508673e+02
   8.2726933e+01
   5.1479098e+02
   3.1035172e+02
   5.2482153e+02
   3.8318224e+02
   4.9345743e+02
   4.9750664e+02
   5.2142530e+02
  -1.3270122e+01
   5.3399363e+02
   5.5601127e+02
   1.5690141e+02
   3.2330552e+02
   4.0343474e+02
   2.5358893e+02
   2.8882008e+02
   3.5068238e+02
   1.3218253e+02
   7.5444285e+01
   8.8603517e+01
   2.5124450e+01
   1.4760978e+02
   5.5399627e+02
   3.4075345e+02
   4.8325898e+02
   1.4963172e+02
   1.3282832e+02
   8.5607016e+01
   3.6555662e+02
   3.2231593e+02
   8.2479058e+01
   5.4756020e+01
   4.2875991e+02
   1.9330006e+02
   5.6051570e+02
   3.5638054e+02
  -5.1578152e-01
   1.7806433e+02
   2.5682895e+02
   1.0932979e+02
   2.6350000e+02
   4.7352610e+02
   2.3528902e+02
  -1.6358571e+01
   3.6685756e+02
   2.5949623e+02
   2.1752152e+02
   4.1822387e+02
   5.2733304e+02
   1.3709067e+02
   1.2828739e+02
   3.7928814e+02
   2.3961858e+02
   9.9013588e+01
   2.4681629e+02
   5.1871399e+02
   2.5136644e+02
   1.6389085e+02
   3.3585493e+02
   5.1817227e+02
   5.0466772e+02
   2.4260888e+02
   5.4633435e+01
   1.9786432e+02
   1.7919317e+02
   4.9760514e+02
   3.1017047e+02
  -1.0712088e+01
   1.2752411e+02
   4.5106108e+02
   2.2286765e+02
   4.1943521e+02
   4.5454477e+02
   3.5785805e+02
   5.3903319e+02
   1.2234583e+02
   2.5930319e+02
   3.2445828e+02
   2.0496904e+02
   1.8271005e+02
   3.1993350e+01
   2.2368785e+01
   2.7153493e+02
   4.3485656e+02
   4.3082704e+02
   2.5455664e+02
   2.8541291e+02
   3.0417717e+02
   4.2587307e+02
   1.8978676e+02
   2.9455444e+01
   1.0489572e+02
   3.1523878e+02
   3.1015084e+02
   3.8489264e+02
  -1.2307933e+01
   4.4076840e+01
   2.5467863e+02
   1.7874464e+02
   2.3549946e+02
   3.6174964e+02
   4.7410673e+02
   4.9852926e+02
   3.3425300e+02
   3.6472759e+02
   3.4105989e+02
   1.5109615e+02
   2.9341962e+02
   2.9433870e+02
   3.2460982e+02
   2.6930141e+02
   4.2807335e+02
   2.5866255e+02
   3.4768621e+02
   3.9674044e+02
   4.3166835e+02
   7.1393997e+01
   2.1939282e+02
   1.2409710e+02
   9.2596688e+01
   1.2763259e+02
   5.6732832e+01
   4.9378030e+02
   3.9088364e+02
   2.3790990e+02
   2.7436813e+02
  -2.2461665e+00
   4.7809595e+02
   3.8346751e+02
   4.0331440e+02
   1.4086785e+01
   4.0088000e+02
   4.7858471e+02
   2.7906200e+02
   1.6014679e+02
   1.7285437e+02
   4.0856097e+02
   1.5809118e+02
   3.2714944e+02
   5.4251521e+02
   4.9323334e+02
   1.3691383e+02
   3.4846897e+02
   5.3513639e+02
   2.2986407e+02
   4.9049131e+02
   5.5328367e+02
   4.1665612e+02
   1.8806043e+02
   3.8717725e+02
   4.3879927e+02
   5.4064844e+02
   4.7860136e+02
   1.6079189e+02
   1.1749818e+02
   5.2762243e+02
   2.5263457e+01
   6.3215562e+01
   1.4510196e+02
   2.9516507e+02
   4.1818647e+02
   1.4246692e+02
   3.0016746e+02
   3.0606955e+02
   3.6664990e+02
   3.4129441e+02
  -1.8592304e+01
   2.9712505e+02
   5.1484993e+02
   1.8725621e+02
   3.2103556e+02
   1.0006895e+02
   4.9757310e+02
   2.8707364e+02
   4.0110560e+02
   3.3474438e+02
   3.1458357e+02
   1.4853020e+02
   1.7516748e+02
   9.9734804e+01
   3.2839646e+02
   3.4979169e+02
   3.8318748e+02
   1.8235042e+02
   4.8889102e+02
   3.1702904e+02
   1.3071832e+02
   2.2463408e+02
   3.7268058e+02
   4.1476433e+02
   8.8875162e+01
   4.5847665e+02
   4.2782775e+02
   3.4483083e+02
   7.6664976e+01
   2.8334952e+02
   1.5072764e+02
   4.3316910e+02
   3.9612417e+02
   6.9543331e+01
   1.1068982e+02
   3.7152389e+02
   3.8124823e+02
   4.4828051e+02
   2.2999571e+02
   5.4121771e+02
   3.6273139e+02
   1.4436593e+02
   2.7428770e+02
   5.1406082e+02
   3.8579196e+02
   3.9295103e+01
   1.2970177e+02
   5.7158884e+01
   4.8889795e+02
   3.7556794e+02
   5.4916366e+02
   2.7251511e+02
   1.4426529e+02
   2.8359362e+02
   4.4011062e+02
   5.0715207e+02
   3.4866586e+02
   1.6541915e+02
   5.1893215e+02
   2.4853852e+02
   3.2549688e+02
   5.1248591e+02
   3.8654827e+02
   3.4176431e+02
   4.5839103e+02
   2.9778150e+02
   3.5572130e+02
   4.2515835e+02
   3.1209389e+02
   3.9282098e+02
   4.0989893e+02
   1.5693505e+02
   5.2190268e+02
   2.6601078e+02
   2.1956594e+01
   2.5560474e+02
   1.2762438e+02
   5.6607077e+01
   1.8712534e+02
   1.4205114e+02
   3.1917282e+02
   3.6189194e+02
   9.1246937e+01
   4.3952468e+02
   1.5324136e+02
   1.9157930e+02
   5.2361492e+02
   3.3410512e+02
   1.7067852e+02
  -8.1254809e+00
   3.2769169e+02
   2.9463617e+02
   8.9177295e+00
   4.4254327e+02
   4.9897889e+02
   3.5854989e+02
   4.4343576e+02
   1.5367533e+02
   2.0449721e+01
   3.1195788e+02
   5.0179608e+02
   4.0870041e+02
   2.2355803e+02
   2.1472914e+02
   2.4258226e+02
   2.4703970e+02
   1.7845064e+02
   2.0106486e+02
   4.1130048e+02
   3.6946159e+02
   5.2944642e+02
   5.3303357e+02
   9.3946675e+01
   1.1157164e+02
   1.6620203e+02
   3.3970802e+02
   7.5511119e+01
   4.4062492e+02
   2.5973725e+02
   1.2357311e+02
   2.1055745e+02
   1.1265567e+02
   2.4668904e+02
   9.4817547e+01
   1.0705069e+02
   2.2491277e+02
   8.8760747e+01
   1.5397880e+02
   4.9179472e+02
   3.0788528e+02
   3.6906885e+02
   3.1592652e+01
   4.0321151e+02
   2.4836327e+02
   4.9673857e+02
   4.7170801e+02
   4.3630232e+02
   3.8844469e+02
   1.3371043e+02
   7.4644060e+00
   4.4870489e+02
   3.5031963e+02
   2.4115106e+02
   5.3995579e+02
   3.1899823e+02
  -1.0424384e+01
   2.2306844e+02
   4.8477037e+02
   1.1829162e+02
   2.0356404e+02
   2.0992166e+02
   1.0976748e+02
   5.4422900e+02
   5.0526495e+02
   6.3727954e+01
   3.5893242e+02
   3.5753509e+02
   4.7582575e+02
   3.3956588e+02
   3.1414045e+01
   2.0017695e+02
   3.4720926e+02
   8.9887742e+00
   5.1475912e+02
   4.5893456e+02
   4.7400808e+02
   4.5770697e+02
   3.4511442e+02
   2.2595557e+02
   1.0484338e+02
   3.3986084e+02
   3.1681189e+02
   7.7207294e+01
   6.9628989e+01
   2.1964358e+02
   2.2801309e+02
   2.5542055e+02
   1.0512047e+02
   3.7821402e+02
   2.1464283e+02
   4.8937964e+02
   5.8167535e+01
   1.6191328e+02
   2.9790398e+02
   3.0228650e+02
   2.3842319e+02
   3.6079805e+02
   1.8568526e+02
   3.9344981e+02
   5.0902754e+02
   2.2000030e+02
   4.9301392e+02
   3.8099960e+01
   1.2659627e+02
   4.5987234e+02
   1.0935573e+02
   2.0044951e+02
   4.8785759e+02
   1.3269129e+02
   3.2685936e+02
   4.8346459e+02
   9.1017863e+01
   2.0441596e+02
   6.0090118e+01
   4.2849809e+02
   1.3305648e+02
   4.8788636e+02
   5.3884984e+02
   4.6028470e+02
   1.4704470e+01
   1.9264651e+02
   2.2575870e+02
   2.1539527e+02
   2.0350107e+02
   3.5517487e+02
   3.3272501e+02
   4.7349032e+02
   9.6616224e+01
   5.1772076e+02
   5.0546708e+02
   2.7865919e+02
   1.4752938e+02
   2.5058389e+01
   5.2773811e+02
   2.3038084e+01
   2.6580160e+02
   7.6828473e+01
   3.2745005e+02
   2.9835879e+02
   1.7851617e+02
   4.7115962e+02
   1.0125245e+02
   3.7044362e+00
   1.8623560e+02
   1.8562212e+02
   1.8107477e+02
   6.1823467e+01
   1.4721371e+02
   5.4537009e+02
   2.4716374e+02
   1.7937040e+02
   1.8443406e+02
   3.3667878e+02
   5.1047028e+02
   4.6916657e+02
   1.8044178e+01
   4.3850104e+02
   4.3084460e+02
   3.9596929e+01
   5.5264680e+02
   2.5607553e+02
   6.5410949e+01
   1.1803162e+02
  -1.9317665e+00
   2.6240446e+02
   3.0430120e+02
   1.5745324e+01
   5.2174025e+02
   3.3715326e+02
   1.6740578e+02
   1.5254656e+02
   3.3199375e+02
   5.6219711e+02
   4.9166773e+02
   1.8935975e+02
   5.1956922e+02
   3.5575910e+02
   3.0886798e+02
   3.3088239e+02
   5.6244667e+01
   8.7573374e+01
   4.6531442e+02
   2.9685036e+02
   2.1965392e+02
   5.2258867e+02
   1.3482641e+02
   3.1412055e+02
   3.8953336e+02
   5.0410084e+02
   3.6726213e+02
  -3.0057623e+00
   1.2202005e+02
   3.0272732e+02
   4.3960019e+01
   3.6275649e+01
   3.0843560e+02
   2.1067011e+02
   1.8194094e+02
   4.1890423e+02
   9.4334424e+01
   3.9803804e+02
   3.3442108e+02
   4.2705590e+01
   1.1155623e+02
   2.1562963e+02
   8.4775559e+01
   5.5005196e+02
   4.0960365e+02
   1.8067879e+01
   4.9519855e+02
   8.5559849e+01
   2.9923175e+02
   3.1522245e+02
   3.7453119e+02
   1.8306086e+02
   5.3018773e+02
   5.3888104e+02
   2.2428768e+02
   4.9123400e+02
   2.1622357e+02
   1.7525098e+01
   2.8182737e+02
   4.9137288e+02
   2.2496193e+02
   2.7641668e+02
   5.5075657e+02
   2.4668179e+02
   2.7414766e+02
   5.2335307e+02
   4.1265954e+02
   1.5734582e+02
   1.9472104e+02
   4.9566795e+02
   3.7727464e+02
   3.2038857e+02
   3.5813781e+02
   2.4834887e+02
   1.0579333e+02
   5.0470922e+01
   1.3112299e+02
   1.6712827e+02
   1.7999470e+02
   2.1383747e+02
   4.4433093e+02
   4.4638172e+01
  -1.9016140e+01
   3.3757873e+02
   1.6502665e+02
   1.1817286e+02
   2.4646588e+02
   7.5425783e+01
  -5.1557913e+00
   4.2440213e+02
   8.0752089e+01
  -1.7143257e+01
   3.8341835e+02
   1.6615903e+02
   1.4491487e+02
   2.3552774e+02
   4.1947268e+02
   1.0619357e+02
   2.9745883e+02
   1.2714958e-01
   1.9567477e+02
   1.8667865e+02
   7.1769107e+01
   2.8422287e+02
   3.3695068e+02
   4.1226155e+02
   3.7244238e+02
   4.9367514e+02
   5.4685853e+01
   5.4507472e+02
   5.0471407e+02
   2.7396883e+02
   2.1817380e+01
   1.3898608e+02
   3.0237407e+02
   1.7462598e+01
   2.0820087e+01
   2.5818533e+02
   4.9124759e+02
   7.4890237e+01
   4.8914385e+02
   3.7287259e+02
   2.9000806e+02
   2.4677090e+02
   5.0311845e+02
   5.2376634e+02
   1.8752469e+02
   1.5386501e+02
   7.3166405e+01
   4.6783001e+02
   5.4690260e+02
   1.8822736e+01
   1.2231341e+01
   1.9613809e+02
   1.9756398e+02
   4.3172703e+02
   3.5521011e+01
   4.1394904e+02
   9.2534390e+01
   2.1205326e+02
   2.8744119e+02
   3.2695289e+02
   5.3741163e+02
   5.4360115e+02
   8.6502152e+01
   2.8241169e+02
   4.8673532e+02
   2.0452869e+02
   4.7010832e+02
   2.7080995e+02
   5.5787895e+02
   3.6703607e+02
   4.4165511e+02
   1.6146381e+02
   4.4030113e+02
   4.1243374e+02
   3.1793435e+02
   2.2628048e+02
   2.3987258e+02
   9.2259790e+01
   1.2583659e+02
   2.1158924e+02
   8.9126592e+01
   6.8861739e+01
   4.8961506e+02
   2.6796574e+02
   2.2050630e+02
   5.5466449e+02
   2.5941657e+02
   1.8173925e+02
   2.0275370e+02
   2.8094132e+02
   2.5192075e+01
   2.6924572e+02
   5.0441585e+02
   5.0583814e+02
   4.7421477e+02
   1.4303323e+02
   6.2989230e+01
   5.3452701e+02
   3.2149033e+02
   4.9114529e+02
   1.6874699e+02
   2.4646724e+02
   5.2626501e+02
   5.1357796e+02
   1.2839029e+02
   2.8804119e+02
   7.2216700e+01
   2.7129073e+02
   2.1150688e+02
   3.6101080e+02
   1.9771884e+02
   2.1365313e+02
   5.2705802e+02
   4.9249021e+02
   1.5092466e+02
   2.1559551e+02
   1.4319885e+02
   5.1345995e+02
   5.5321506e+02
   3.8635073e+02
   1.1085629e+02
   3.5024139e+02
   2.4512995e+02
   3.1274781e+02
   3.4577583e+02
  -1.9652014e+01
  -1.9051492e+01
   1.8085273e+02
   3.1169622e+02
  -9.6246742e+00
   2.8645136e+02
   2.2435880e+02
   2.9895685e+02
   2.3102027e+02
   3.8613672e+02
   1.9390270e+02
  -1.8288961e+01
   8.1471372e+01
   7.6951279e+01
   4.6073066e+02
   7.5086656e+01
   3.2930198e+02
   3.5864077e+02
   4.7582021e+02
   1.2159189e+01
   4.6609751e+02
   3.5942833e+02
   2.7267794e+02
   4.9051695e+02
   2.5677634e+01
   1.1499371e+02
   1.6521849e+02
   1.1977976e+02
   3.5173227e+02
   2.3266594e+02
   3.3785706e+02
   4.4836255e+02
   3.2574707e+02
   5.0437496e+02
   1.2840971e+02
   4.3446153e+01
   3.9174358e+02
   5.0085957e+02
   7.0566875e+01
   2.2973007e+02
   1.0498999e+02
   6.8527544e+01
   2.4572593e+02
   3.7350055e+02
   9.6722625e+01
   4.4650023e+02
   3.4925260e+02
   9.5754467e+01
   3.1888749e+02
   8.5175817e+01
   1.9722246e+02
   2.2180164e+02
   1.4742385e+02
   3.4994589e+02
   4.1971124e+02
   2.4875715e+02
   4.0664536e+02
   2.2552915e+02
   6.1998953e+01
   4.4046817e+02
   4.7124428e+02
   3.6509873e+01
   9.9422095e+01
   3.8654734e+02
   4.3438027e+02
   3.9543169e+01
   4.6082711e+02
   2.0992637e+02
   5.5130421e+02
   5.1322519e+02
   2.1821176e+02
   3.8506490e+02
   5.0979898e+02
   1.5787906e+02
   4.3437712e+02
   2.3558662e+02
   2.1880603e+02
   1.9041831e+02
   3.9719842e+02
   4.5441090e+02
   2.6261330e+02
   3.9233757e+02
   6.4747786e+01
   2.3907899e+01
   5.4023549e+02
   4.8724032e+02
   3.4527126e+01
   8.4285257e+01
   2.6816631e+01
   3.2658621e+02
   2.5941361e+02
  -1.4805609e+00
   2.3084394e+02
   2.3685902e+02
   6.7580962e+01
   1.4493464e+02
   4.4697815e+02
   3.4072446e+02
   1.0668876e+02
   3.7783681e+02
   3.3776005e+02
   4.0708781e+02
   5.3182607e+02
   1.5923377e+02
   2.9364584e+01
   1.9121622e+02
   4.6826431e+02
   4.9413757e+02
   3.3297779e+02
   3.1618717e+02
   4.8774964e+02
   4.9440960e+02
   5.9495540e+01
   4.2172997e+01
   7.6312890e+01
   5.3212288e+02
   6.2479426e+01
   1.6273637e+02
   5.5607415e+02
   1.5648346e+02
   4.7502127e+01
   1.8880716e+02
   3.9962252e+02
   3.0847152e+02
   5.7404707e+00
   5.3603382e+02
   5.4245464e+02
   3.2981299e+02
   4.2738095e+02
   3.0164988e+02
   4.5428889e+01
   1.3537469e+02
   1.6039417e+02
   5.5754142e+02
   1.0642596e+02
   2.2200965e+02
   2.5049703e+02
   5.5000475e+02
   7.4532651e+01
   1.6137842e+02
   9.9564388e+01
   3.1965539e+02
   2.5077776e+02
   1.3186819e+02
   8.0516167e-01
   4.1250090e+02
   2.7021837e+01
   3.8189275e+02
   8.4261691e+01
   3.4093161e+02
   5.1096013e+02
   4.1431778e+02
   7.0098070e+01
   2.9815681e+02
   2.4238230e+02
   4.6657214e+02
   5.2652328e+02
   3.4942001e+02
   9.2686498e+01
   1.1751192e+02
   2.4451249e+02
   1.0423808e+02
   3.9152308e+02
   2.6197185e+02
   3.8461912e+02
   5.2752843e+02
   4.6165736e+02
   4.8448233e+02
   5.1412977e+02
   3.3472293e+02
   1.7420053e+02
   5.3444599e+02
   4.7714722e+02
   3.7429391e+01
   3.9647517e+02
   2.1839095e+02
   4.9981233e+02
   1.8956381e+02
   1.4400870e+02
   1.7258465e+02
   1.9545865e+02
  -1.1164052e+01
   3.8419664e+02
   5.0906248e+02
   2.4808533e+02
   5.2406554e+00
   3.8785234e+02
   1.7098601e+02
   1.3993542e+02
   8.1784559e+00
   5.0292963e+02
   4.8847971e+01
  -1.3638860e+01
   2.4144357e+02
   1.0024208e+02
   4.2190024e+02
   1.3058936e+01
   2.1229274e+02
   1.2907631e+02
   5.5894032e+02
   2.7784184e+02
   3.7647288e+02
   4.7189112e+02
   1.6834299e+01
   3.1197415e+02
   4.1762014e+02
   3.4378801e+02
   5.5733638e+02
   4.2858890e+02
   5.5327904e+02
   5.4763254e+02
   4.7154442e+02
   2.7096320e+02
  -9.8399149e+00
   5.1080345e+02
   2.4138940e+02
   2.8792316e+02
   5.2211049e+02
   3.5300409e+02
   8.9675522e+01
   3.1476421e+02
   1.8741435e+02
   1.5428395e+02
   1.0552993e+02
   2.6205926e+02
   1.8145410e+02
   3.4149911e+02
   1.3348173e+02
   1.8643894e+02
   2.8257071e+02
   2.6010372e+02
   3.1735800e+02
   4.4332389e+02
   1.2868706e+02
   5.3133196e+02
   4.9559420e+02
   3.5798226e+02
   3.5815120e+02
   4.0651368e+02
   1.5804781e+02
   1.5359323e+02
   7.9510316e+01
   3.7590440e+01
   2.9647849e+02
   5.5218510e+02
   2.2736684e+02
   1.4708524e+02
   4.1275617e+02
   4.2176283e+01
   2.0957442e+01
   2.3455286e+02
   9.8967262e+01
   3.8839912e+02
   1.3777674e+02
   2.4816849e+02
   3.5279908e+02
   3.7224064e+02
   6.3804194e+01
   2.6199387e+02
   1.3651538e+02
   2.1916953e+02
   2.6253556e+02
   5.1488722e+02
   1.9979841e+02
   7.2261157e+01
   2.1163406e+02
   2.8049841e+02
   5.2185506e+02
  -2.4220611e+00
   6.8037351e+01
   3.6359040e+02
   3.1625735e+01
   1.1394204e+02
   5.2582522e+02
   4.4131811e+02
   2.1579375e+01
   9.9386229e+01
   5.1331573e+02
   3.8060707e+01
  -3.6099781e+00
   1.2423329e+02
   3.8072984e+02
   3.1451755e+02
   4.1781281e+02
   4.2718087e+01
   1.6311877e+02
   3.6055181e+02
   6.7981636e+01
   3.5770668e+02
   1.6855948e+02
   4.4337815e+02
   2.8719080e+02
   5.1631305e+02
   5.5016533e+02
   3.8812774e+02
   5.0345378e+02
   4.1589033e+02
   4.8778862e+02
   6.5854263e+01
   3.6893667e+01
   2.5644952e+02
   4.4973066e+02
   2.9333315e+00
   6.8861314e+01
   1.4446249e+02
   4.9985099e+02
   1.0623366e+02
   1.3716046e+02
   2.3038484e+02
   2.4569638e+02
   5.5903256e+01
   2.6006116e+02
   2.8423224e+02
   1.6208650e+02
   1.1231907e+02
   5.2044402e+02
   3.3800368e+02
   5.6056676e+02
   4.6368080e+02
   9.7765746e+01
   2.2820439e+02
  -1.4515322e+01
   1.7639243e+01
   4.1857543e+02
  -9.1877159e-01
   1.4385845e+02
   1.0476665e+02
   1.2371374e+02
   2.1627192e+02
   1.2429603e+02
   2.6851203e+02
   1.0486103e+02
   1.6546536e+02
   5.2874427e+02
   5.1384587e+02
   2.1107833e+02
  -6.8845061e+00
   2.8631133e+02
   3.5788217e+02
   3.9271305e+02
   3.7477544e+02
   4.7015715e+02
   3.1295207e+02
   4.1979214e+02
   7.7963005e+01
   2.4780041e+01
   4.6121000e+02
   6.1033555e+01
   1.3760861e+02
   3.1277384e+02
   3.9989217e+02
   5.1146283e+02
   8.7086276e+01
   2.7941305e+02
   2.6315921e+02
   1.9323406e+02
   1.7051754e+02
   2.6924657e+02
   4.2642026e+02
   1.5880502e+02
   3.5080227e+02
   3.3157569e+02
   3.0662845e+02
   2.9641671e+02
   4.1947403e+02
   4.7210188e+02
   1.9454820e+02
   6.9492712e+01
   3.3557518e+02
   3.2890050e+02
   3.3079135e+02
   4.7894731e+02
   1.8029276e+02
   4.4508673e+02
   8.2726933e+01
   5.1479098e+02
   3.1035172e+02
   5.2482153e+02
   3.8318224e+02
   4.9345743e+02
   4.9750664e+02
   5.2142530e+02
  -1.3270122e+01
   5.3399363e+02
   5.5601127e+02
   1.5690141e+02
   3.2330552e+02
   4.0343474e+02
   2.5358893e+02
   2.8882008e+02
   3.5068238e+02
   1.3218253e+02
   7.5444285e+01
   8.8603517e+01
   2.5124450e+01
   1.4760978e+02
   5.5399627e+02
   3.4075345e+02
   4.8325898e+02
   1.4963172e+02
   1.3282832e+02
   8.5607016e+01
   3.6555662e+02
   3.2231593e+02
   8.2479058e+01
   5.4756020e+01
   4.2875991e+02
   1.9330006e+02
   5.6051570e+02
   3.5638054e+02
  -5.1578152e-01
   1.7806433e+02
   2.5682895e+02
   1.0932979e+02
   2.6350000e+02
   4.7352610e+02
   2.3528902e+02
  -1.6358571e+01
   3.6685756e+02
   2.5949623e+02
   2.1752152e+02
   4.1822387e+02
   5.2733304e+02
   1.3709067e+02
   1.2828739e+02
   3.7928814e+02
   2.3961858e+02
   9.9013588e+01
   2.4681629e+02
   5.1871399e+02
   2.5136644e+02
   1.6389085e+02
   3.3585493e+02
   5.1817227e+02
   5.0466772e+02
   2.4260888e+02
   5.4633435e+01
   1.9786432e+02
   1.7919317e+02
   4.9760514e+02
   3.1017047e+02
  -1.0712088e+01
   1.2752411e+02
   4.5106108e+02
   2.2286765e+02
   4.1943521e+02
   4.5454477e+02
   3.5785805e+02
   5.3903319e+02
   1.2234583e+02
   2.5930319e+02
   3.2445828e+02
   2.0496904e+02
   1.8271005e+02
   3.1993350e+01
   2.2368785e+01
   2.7153493e+02
   4.3485656e+02
   4.3082704e+02
   2.5455664e+02
   2.8541291e+02
   3.0417717e+02
   4.2587307e+02
   1.8978676e+02
   2.9455444e+01
   1.0489572e+02
   3.1523878e+02
   3.1015084e+02
   3.8489264e+02
  -1.2307933e+01
   4.4076840e+01
   2.5467863e+02
   1.7874464e+02
   2.3549946e+02
   3.6174964e+02
   4.7410673e+02
   4.9852926e+02
   3.3425300e+02
   3.6472759e+02
   3.4105989e+02
   1.5109615e+02
   2.9341962e+02
   2.9433870e+02
   3.2460982e+02
   2.6930141e+02
   4.2807335e+02
   2.5866255e+02
   3.4768621e+02
   3.9674044e+02
   4.3166835e+02
   7.1393997e+01
   2.1939282e+02
   1.2409710e+02
   9.2596688e+01
   1.2763259e+02
   5.6732832e+01
   4.9378030e+02
   3.9088364e+02
   2.3790990e+02
   2.7436813e+02
  -2.2461665e+00
   4.7809595e+02
   3.8346751e+02
   4.0331440e+02
   1.4086785e+01
   4.0088000e+02
   4.7858471e+02
   2.7906200e+02
   1.6014679e+02
   1.7285437e+02
   4.0856097e+02
   1.5809118e+02
   3.2714944e+02
   5.4251521e+02
   4.9323334e+02
   1.3691383e+02
   3.4846897e+02
   5.3513639e+02
   2.2986407e+02
   4.9049131e+02
   5.5328367e+02
   4.1665612e+02
   1.8806043e+02
   3.8717725e+02
   4.3879927e+02
   5.4064844e+02
   4.7860136e+02
   1.6079189e+02
   1.1749818e+02
   5.2762243e+02
   2.5263457e+01
   6.3215562e+01
   1.4510196e+02
   2.9516507e+02
   4.1818647e+02
   1.4246692e+02
   3.0016746e+02
   3.0606955e+02
   3.6664990e+02
   3.4129441e+02
  -1.8592304e+01
   2.9712505e+02
   5.1484993e+02
   1.8725621e+02
   3.2103556e+02
   1.0006895e+02
   4.9757310e+02
   2.8707364e+02
   4.0110560e+02
   3.3474438e+02
   3.1458357e+02
   1.4853020e+02
   1.7516748e+02
   9.9734804e+01
   3.2839646e+02
   3.4979169e+02
   3.8318748e+02
   1.8235042e+02
   4.8889102e+02
   3.1702904e+02
   1.3071832e+02
   2.2463408e+02
   3.7268058e+02
   4.1476433e+02
   8.8875162e+01
   4.5847665e+02
   4.2782775e+02
   3.4483083e+02
   7.6664976e+01
   2.8334952e+02
   1.5072764e+02
   4.3316910e+02
   3.9612417e+02
   6.9543331e+01
   1.1068982e+02
   3.7152389e+02
   3.8124823e+02
   4.4828051e+02
   2.2999571e+02
   5.4121771e+02
   3.6273139e+02
   1.4436593e+02
   2.7428770e+02
   5.1406082e+02
   3.8579196e+02
   3.9295103e+01
   1.2970177e+02
   5.7158884e+01
   4.8889795e+02
   3.7556794e+02
   5.4916366e+02
   2.7251511e+02
   1.4426529e+02
   2.8359362e+02
   4.4011062e+02
   5.0715207e+02
   3.4866586e+02
   1.6541915e+02
   5.1893215e+02
   2.4853852e+02
   3.2549688e+02
   5.1248591e+02
   3.8654827e+02
   3.4176431e+02
   4.5839103e+02
   2.9778150e+02
   3.5572130e+02
   4.2515835e+02
   3.1209389e+02
   3.9282098e+02
   4.0989893e+02
   1.5693505e+02
   5.2190268e+02
   2.6601078e+02
   2.1956594e+01
   2.5560474e+02
   1.2762438e+02
   5.6607077e+01
   1.8712534e+02
   1.4205114e+02
   3.1917282e+02
   3.6189194e+02
   9.1246937e+01
   4.3952468e+02
   1.5324136e+02
   1.9157930e+02
   5.2361492e+02
   3.3410512e+02
   1.7067852e+02
  -8.1254809e+00
   3.2769169e+02
   2.9463617e+02
   8.9177295e+00
   4.4254327e+02
   4.9897889e+02
   3.5854989e+02
   4.4343576e+02
   1.5367533e+02
   2.0449721e+01
   3.1195788e+02
   5.0179608e+02
   4.0870041e+02
   2.2355803e+02
   2.1472914e+02
   2.4258226e+02
   2.4703970e+02
   1.7845064e+02
   2.0106486e+02
   4.1130048e+02
   3.6946159e+02
   5.2944642e+02
   5.3303357e+02
   9.3946675e+01
   1.1157164e+02
   1.6620203e+02
   3.3970802e+02
   7.5511119e+01
   4.4062492e+02
   2.5973725e+02
   1.2357311e+02
   2.1055745e+02
   1.1265567e+02
   2.4668904e+02
   9.4817547e+01
   1.0705069e+02
   2.2491277e+02
   8.8760747e+01
   1.5397880e+02
   4.9179472e+02
   3.0788528e+02
   3.6906885e+02
   3.1592652e+01
   4.0321151e+02
   2.4836327e+02
   4.9673857e+02
   4.7170801e+02
   4.3630232e+02
   3.8844469e+02
   1.3371043e+02
   7.4644060e+00
   4.4870489e+02
   3.5031963e+02
   2.4115106e+02
   5.3995579e+02
   3.1899823e+02
  -1.0424384e+01
   2.2306844e+02
   4.8477037e+02
   1.1829162e+02
   2.0356404e+02
   2.0992166e+02
   1.0976748e+02
   5.4422900e+02
   5.0526495e+02
   6.3727954e+01
   3.5893242e+02
   3.5753509e+02
   4.7582575e+02
   3.3956588e+02
   3.1414045e+01
   2.0017695e+02
   3.4720926e+02
   8.9887742e+00
   5.1475912e+02
   4.5893456e+02
   4.7400808e+02
   4.5770697e+02
   3.4511442e+02
   2.2595557e+02
   1.0484338e+02
   3.3986084e+02
   3.1681189e+02
   7.7207294e+01
   6.9628989e+01
   2.1964358e+02
   2.2801309e+02
   2.5542055e+02
   1.0512047e+02
   3.7821402e+02
   2.1464283e+02
   4.8937964e+02
   5.8167535e+01
   1.6191328e+02
   2.9790398e+02
   3.0228650e+02
   2.3842319e+02
   3.6079805e+02
   1.8568526e+02
   3.9344981e+02
   5.0902754e+02
   2.2000030e+02
   4.9301392e+02
   3.8099960e+01
   1.2659627e+02
   4.5987234e+02
   1.0935573e+02
   2.0044951e+02
   4.8785759e+02
   1.3269129e+02
   3.2685936e+02
   4.8346459e+02
   9.1017863e+01
   2.0441596e+02
   6.0090118e+01
   4.2849809e+02
   1.3305648e+02
   4.8788636e+02
   5.3884984e+02
   4.6028470e+02
   1.4704470e+01
   1.9264651e+02
   2.2575870e+02
   2.1539527e+02
   2.0350107e+02
   3.5517487e+02
   3.3272501e+02
   4.7349032e+02
   9.6616224e+01
   5.1772076e+02
   5.0546708e+02
   2.7865919e+02
   1.4752938e+02
   2.5058389e+01
   5.2773811e+02
   2.3038084e+01
   2.6580160e+02
   7.6828473e+01
   3.2745005e+02
   2.9835879e+02
   1.7851617e+02
   4.7115962e+02
   1.0125245e+02
   3.7044362e+00
   1.8623560e+02
   1.8562212e+02
   1.8107477e+02
   6.1823467e+01
   1.4721371e+02
   5.4537009e+02
   2.4716374e+02
   1.7937040e+02
   1.8443406e+02
   3.3667878e+02
   5.1047028e+02
   4.6916657e+02
   1.8044178e+01
   4.3850104e+02
   4.3084460e+02
   3.9596929e+01
   5.5264680e+02
   2.5607553e+02
   6.5410949e+01
   1.1803162e+02
  -1.9317665e+00
   2.6240446e+02
   3.0430120e+02
   1.5745324e+01
   5.2174025e+02
   3.3715326e+02
   1.6740578e+02
   1.5254656e+02
   3.3199375e+02
   5.6219711e+02
   4.9166773e+02
   1.8935975e+02
   5.1956922e+02
   3.5575910e+02
   3.0886798e+02
   3.3088239e+02
   5.6244667e+01
   8.7573374e+01
   4.6531442e+02
   2.9685036e+02
   2.1965392e+02
   5.2258867e+02
   1.3482641e+02
   3.1412055e+02
   3.8953336e+02
   5.0410084e+02
   3.6726213e+02
  -3.0057623e+00
   1.2202005e+02
   3.0272732e+02
   4.3960019e+01
   3.6275649e+01
   3.0843560e+02
   2.1067011e+02
   1.8194094e+02
   4.1890423e+02
   9.4334424e+01
   3.9803804e+02
   3.3442108e+02
   4.2705590e+01
   1.1155623e+02
   2.1562963e+02
   8.4775559e+01
   5.5005196e+02
   4.0960365e+02
   1.8067879e+01
   4.9519855e+02
   8.5559849e+01
   2.9923175e+02
   3.1522245e+02
   3.7453119e+02
   1.8306086e+02
   5.3018773e+02
   5.3888104e+02
   2.2428768e+02
   4.9123400e+02
   2.1622357e+02
   1.7525098e+01
   2.8182737e+02
   4.9137288e+02
   2.2496193e+02
   2.7641668e+02
   5.5075657e+02
   2.4668179e+02
   2.7414766e+02
   5.2335307e+02
   4.1265954e+02
   1.5734582e+02
   1.9472104e+02
   4.9566795e+02
   3.7727464e+02
   3.2038857e+02
   3.5813781e+02
   2.4834887e+02
   1.0579333e+02
   5.0470922e+01
   1.3112299e+02
   1.6712827e+02
   1.7999470e+02
   2.1383747e+02
   4.4433093e+02
   4.4638172e+01
  -1.9016140e+01
   3.3757873e+02
   1.6502665e+02
   1.1817286e+02
   2.4646588e+02
   7.5425783e+01
  -5.1557913e+00
   4.2440213e+02
   8.0752089e+01
  -1.7143257e+01
   3.8341835e+02
   1.6615903e+02
   1.4491487e+02
   2.3552774e+02
   4.1947268e+02
   1.0619357e+02
   2.9745883e+02
   1.2714958e-01
   1.9567477e+02
   1.8667865e+02
   7.1769107e+01
   2.8422287e+02
   3.3695068e+02
   4.1226155e+02
   3.7244238e+02
   4.9367514e+02
   5.4685853e+01
   5.4507472e+02
   5.0471407e+02
   2.7396883e+02
   2.1817380e+01
   1.3898608e+02
   3.0237407e+02
   1.7462598e+01
   2.0820087e+01
   2.5818533e+02
   4.9124759e+02
   7.4890237e+01
   4.8914385e+02
   3.7287259e+02
   2.9000806e+02
   2.4677090e+02
   5.0311845e+02
   5.2376634e+02
   1.8752469e+02
   1.5386501e+02
   7.3166405e+01
   4.6783001e+02
   5.4690260e+02
   1.8822736e+01
   1.2231341e+01
   1.9613809e+02
   1.9756398e+02
   4.3172703e+02
   3.5521011e+01
   4.1394904e+02
   9.2534390e+01
   2.1205326e+02
   2.8744119e+02
   3.2695289e+02
   5.3741163e+02
   5.4360115e+02
   8.6502152e+01
   2.8241169e+02
   4.8673532e+02
   2.0452869e+02
   4.7010832e+02
   2.7080995e+02
   5.5787895e+02
   3.6703607e+02
   4.4165511e+02
   1.6146381e+02
   4.4030113e+02
   4.1243374e+02
   3.1793435e+02
   2.2628048e+02
   2.3987258e+02
   9.2259790e+01
   1.2583659e+02
   2.1158924e+02
   8.9126592e+01
   6.8861739e+01
   4.8961506e+02
   2.6796574e+02
   2.2050630e+02
   5.5466449e+02
   2.5941657e+02
   1.8173925e+02
   2.0275370e+02
   2.8094132e+02
   2.5192075e+01
   2.6924572e+02
   5.0441585e+02
   5.0583814e+02
   4.7421477e+02
   1.4303323e+02
   6.2989230e+01
   5.3452701e+02
   3.2149033e+02
   4.9114529e+02
   1.6874699e+02
   2.4646724e+02
   5.2626501e+02
   5.1357796e+02
   1.2839029e+02
   2.8804119e+02
   7.2216700e+01
   2.7129073e+02
   2.1150688e+02
   3.6101080e+02
   1.9771884e+02
   2.1365313e+02
   5.2705802e+02
   4.9249021e+02
   1.5092466e+02
   2.1559551e+02
   1.4319885e+02
   5.1345995e+02
   5.5321506e+02
   3.8635073e+02
   1.1085629e+02
   3.5024139e+02
   2.4512995e+02
   3.1274781e+02
   3.4577583e+02
  -1.9652014e+01
  -1.9051492e+01
   1.8085273e+02
   3.1169622e+02
  -9.6246742e+00
   2.8645136e+02
   2.2435880e+02
   2.9895685e+02
   2.3102027e+02
   3.8613672e+02
   1.9390270e+02
  -1.8288961e+01
   8.1471372e+01
   7.6951279e+01
   4.6073066e+02
   7.5086656e+01
   3.2930198e+02
   3.5864077e+02
   4.7582021e+02
   1.2159189e+01
   4.6609751e+02
   3.5942833e+02
   2.7267794e+02
   4.9051695e+02
   2.5677634e+01
   1.1499371e+02
   1.6521849e+02
   1.1977976e+02
   3.5173227e+02
   2.3266594e+02
   3.3785706e+02
   4.4836255e+02
   3.2574707e+02
   5.0437496e+02
   1.2840971e+02
   4.3446153e+01
   3.9174358e+02
   5.0085957e+02
   7.0566875e+01
   2.2973007e+02
   1.0498999e+02
   6.8527544e+01
   2.4572593e+02
   3.7350055e+02
   9.6722625e+01
   4.4650023e+02
   3.4925260e+02
   9.5754467e+01
   3.1888749e+02
   8.5175817e+01
   1.9722246e+02
   2.2180164e+02
   1.4742385e+02
   3.4994589e+02
   4.1971124e+02
   2.4875715e+02
   4.0664536e+02
   2.2552915e+02
   6.1998953e+01
   4.4046817e+02
   4.7124428e+02
   3.6509873e+01
   9.9422095e+01
   3.8654734e+02
   4.3438027e+02
   3.9543169e+01
   4.6082711e+02
   2.0992637e+02
   5.5130421e+02
   5.1322519e+02
   2.1821176e+02
   3.8506490e+02
   5.0979898e+02
   1.5787906e+02
   4.3437712e+02
   2.3558662e+02
   2.1880603e+02
   1.9041831e+02
   3.9719842e+02
   4.5441090e+02
   2.6261330e+02
   3.9233757e+02
   6.4747786e+01
   2.3907899e+01
   5.4023549e+02
   4.8724032e+02
   3.4527126e+01
   8.4285257e+01
   2.6816631e+01
   3.2658621e+02
   2.5941361e+02
  -1.4805609e+00
   2.3084394e+02
   2.3685902e+02
   6.7580962e+01
   1.4493464e+02
   4.4697815e+02
   3.4072446e+02
   1.0668876e+02
   3.7783681e+02
   3.3776005e+02
   4.0708781e+02
   5.3182607e+02
   1.5923377e+02
   2.9364584e+01
   1.9121622e+02
   4.6826431e+02
   4.9413757e+02
   3.3297779e+02
   3.1618717e+02
   4.8774964e+02
   4.9440960e+02
   5.9495540e+01
   4.2172997e+01
   7.6312890e+01
   5.3212288e+02
   6.2479426e+01
   1.6273637e+02
   5.5607415e+02
   1.5648346e+02
   4.7502127e+01
   1.8880716e+02
   3.9962252e+02
   3.0847152e+02
   5.7404707e+00
   5.3603382e+02
   5.4245464e+02
   3.2981299e+02
   4.2738095e+02
   3.0164988e+02
   4.5428889e+01
   1.3537469e+02
   1.6039417e+02
   5.5754142e+02
   1.0642596e+02
   2.2200965e+02
   2.5049703e+02
   5.5000475e+02
   7.4532651e+01
   1.6137842e+02
   9.9564388e+01
   3.1965539e+02
   2.5077776e+02
   1.3186819e+02
   8.0516167e-01
   4.1250090e+02
   2.7021837e+01
   3.8189275e+02
   8.4261691e+01
   3.4093161e+02
   5.1096013e+02
   4.1431778e+02
   7.0098070e+01
   2.9815681e+02
   2.4238230e+02
   4.6657214e+02
   5.2652328e+02
   3.4942001e+02
   9.2686498e+01
   1.1751192e+02
   2.4451249e+02
   1.0423808e+02
   3.9152308e+02
   2.6197185e+02
   3.8461912e+02
   5.2752843e+02
   4.6165736e+02
   4.8448233e+02
   5.1412977e+02
   3.3472293e+02
   1.7420053e+02
   5.3444599e+02
   4.7714722e+02
   3.7429391e+01
   3.9647517e+02
   2.1839095e+02
   4.9981233e+02
   1.8956381e+02
   1.4400870e+02
   1.7258465e+02
   1.9545865e+02
  -1.1164052e+01
   3.8419664e+02
   5.0906248e+02
   2.4808533e+02
   5.2406554e+00
   3.8785234e+02
   1.7098601e+02
   1.3993542e+02
   8.1784559e+00
   5.0292963e+02
   4.8847971e+01
  -1.3638860e+01
   2.4144357e+02
   1.0024208e+02
   4.2190024e+02
   1.3058936e+01
   2.1229274e+02
   1.2907631e+02
   5.5894032e+02
   2.7784184e+02
   3.7647288e+02
   4.7189112e+02
   1.6834299e+01
   3.1197415e+02
   4.1762014e+02
   3.4378801e+02
   5.5733638e+02
   4.2858890e+02
   5.5327904e+02
   5.4763254e+02
   4.7154442e+02
   2.7096320e+02
  -9.8399149e+00
   5.1080345e+02
   2.4138940e+02
   2.8792316e+02
   5.2211049e+02
   3.5300409e+02
   8.9675522e+01
   3.1476421e+02
   1.8741435e+02
   1.5428395e+02
   1.0552993e+02
   2.6205926e+02
   1.8145410e+02
   3.4149911e+02
   1.3348173e+02
   1.8643894e+02
   2.8257071e+02
   2.6010372e+02
   3.1735800e+02
   4.4332389e+02
   1.2868706e+02
   5.3133196e+02
   4.9559420e+02
   3.5798226e+02
   3.5815120e+02
   4.0651368e+02
   1.5804781e+02
   1.5359323e+02
   7.9510316e+01
   3.7590440e+01
   2.9647849e+02
   5.5218510e+02
   2.2736684e+02
   1.4708524e+02
   4.1275617e+02
   4.2176283e+01
   2.0957442e+01
   2.3455286e+02
   9.8967262e+01
   3.8839912e+02
   1.3777674e+02
   2.4816849e+02
   3.5279908e+02
   3.7224064e+02
   6.3804194e+01
   2.6199387e+02
   1.3651538e+02
   2.1916953e+02
   2.6253556e+02
   5.1488722e+02
   1.9979841e+02
   7.2261157e+01
   2.1163406e+02
   2.8049841e+02
   5.2185506e+02
  -2.4220611e+00
   6.8037351e+01
   3.6359040e+02
   3.1625735e+01
   1.1394204e+02
   5.2582522e+02
   4.4131811e+02
   2.1579375e+01
   9.9386229e+01
   5.1331573e+02
   3.8060707e+01
  -3.6099781e+00
   1.2423329e+02
   3.8072984e+02
   3.1451755e+02
   4.1781281e+02
   4.2718087e+01
   1.6311877e+02
   3.6055181e+02
   6.7981636e+01
   3.5770668e+02
   1.6855948e+02
   4.4337815e+02
   2.8719080e+02
   5.1631305e+02
   5.5016533e+02
   3.8812774e+02
   5.0345378e+02
   4.1589033e+02
   4.8778862e+02
   6.5854263e+01
   3.6893667e+01
   2.5644952e+02
   4.4973066e+02
   2.9333315e+00
   6.8861314e+01
   1.4446249e+02
   4.9985099e+02
   1.0623366e+02
   1.3716046e+02
   2.3038484e+02
   2.4569638e+02
   5.5903256e+01
   2.6006116e+02
   2.8423224e+02
   1.6208650e+02
   1.1231907e+02
   5.2044402e+02
   3.3800368e+02
   5.6056676e+02
   4.6368080e+02
   9.7765746e+01
   2.2820439e+02
  -1.4515322e+01
   1.7639243e+01
   4.1857543e+02
  -9.1877159e-01
   1.4385845e+02
   1.0476665e+02
   1.2371374e+02
   2.1627192e+02
   1.2429603e+02
   2.6851203e+02
   1.0486103e+02
   1.6546536e+02
   5.2874427e+02
   5.1384587e+02
   2.1107833e+02
  -6.8845061e+00
   2.8631133e+02
   3.5788217e+02
   3.9271305e+02
   3.7477544e+02
   4.7015715e+02
   3.1295207e+02
   4.1979214e+02
   7.7963005e+01
   2.4780041e+01
   4.6121000e+02
   6.1033555e+01
   1.3760861e+02
   3.1277384e+02
   3.9989217e+02
   5.1146283e+02
   8.7086276e+01
   2.7941305e+02
   2.6315921e+02
   1.9323406e+02
   1.7051754e+02
   2.6924657e+02
   4.2642026e+02
   1.5880502e+02
   3.5080227e+02
   3.3157569e+02
   3.0662845e+02
   2.9641671e+02
   4.1947403e+02
   4.7210188e+02
   1.9454820e+02
   6.9492712e+01
   3.3557518e+02
   3.2890050e+02
   3.3079135e+02
   4.7894731e+02
   1.8029276e+02
   4.4508673e+02
   8.2726933e+01
   5.1479098e+02
   3.1035172e+02
   5.2482153e+02
   3.8318224e+02
   4.9345743e+02
   4.9750664e+02
   5.2142530e+02
  -1.3270122e+01
   5.3399363e+02
   5.5601127e+02
   1.5690141e+02
   3.2330552e+02
   4.0343474e+02
   2.5358893e+02
   2.8882008e+02
   3.5068238e+02
   1.3218253e+02
   7.5444285e+01
   8.8603517e+01
   2.5124450e+01
   1.4760978e+02
   5.5399627e+02
   3.4075345e+02
   4.8325898e+02
   1.4963172e+02
   1.3282832e+02
   8.5607016e+01
   3.6555662e+02
   3.2231593e+02
   8.2479058e+01
   5.4756020e+01
   4.2875991e+02
   1.9330006e+02
   5.6051570e+02
   3.5638054e+02
  -5.1578152e-01
   1.7806433e+02
   2.5682895e+02
   1.0932979e+02
   2.6350000e+02
   4.7352610e+02
   2.3528902e+02
  -1.6358571e+01
   3.6685756e+02
   2.5949623e+02
   2.1752152e+02
   4.1822387e+02
   5.2733304e+02
   1.3709067e+02
   1.2828739e+02
   3.7928814e+02
   2.3961858e+02
   9.9013588e+01
   2.4681629e+02
   5.1871399e+02
   2.5136644e+02
   1.6389085e+02
   3.3585493e+02
   5.1817227e+02
   5.0466772e+02
   2.4260888e+02
   5.4633435e+01
   1.9786432e+02
   1.7919317e+02
   4.9760514e+02
   3.1017047e+02
  -1.0712088e+01
   1.2752411e+02
   4.5106108e+02
   2.2286765e+02
   4.1943521e+02
   4.5454477e+02
   3.5785805e+02
   5.3903319e+02
   1.2234583e+02
   2.5930319e+02
   3.2445828e+02
   2.0496904e+02
   1.8271005e+02
   3.1993350e+01
   2.2368785e+01
   2.7153493e+02
   4.3485656e+02
   4.3082704e+02
   2.5455664e+02
   2.8541291e+02
   3.0417717e+02
   4.2587307e+02
   1.8978676e+02
   2.9455444e+01
   1.0489572e+02
   3.1523878e+02
   3.1015084e+02
   3.8489264e+02
  -1.2307933e+01
   4.4076840e+01
   2.5467863e+02
   1.7874464e+02
   2.3549946e+02
   3.6174964e+02
   4.7410673e+02
   4.9852926e+02
   3.3425300e+02
   3.6472759e+02
   3.4105989e+02
   1.5109615e+02
   2.9341962e+02
   2.9433870e+02
   3.2460982e+02
   2.6930141e+02
   4.2807335e+02
   2.5866255e+02
   3.4768621e+02
   3.9674044e+02
   4.3166835e+02
   7.1393997e+01
   2.1939282e+02
   1.2409710e+02
   9.2596688e+01
   1.2763259e+02
   5.6732832e+01
   4.9378030e+02
   3.9088364e+02
   2.3790990e+02
   2.7436813e+02
  -2.2461665e+00
   4.7809595e+02
   3.8346751e+02
   4.0331440e+02
   1.4086785e+01
   4.0088000e+02
   4.7858471e+02
   2.7906200e+02
   1.6014679e+02
   1.7285437e+02
   4.0856097e+02
   1.5809118e+02
   3.2714944e+02
   5.4251521e+02
   4.9323334e+02
   1.3691383e+02
   3.4846897e+02
   5.3513639e+02
   2.2986407e+02
   4.9049131e+02
   5.5328367e+02
   4.1665612e+02
   1.8806043e+02
   3.8717725e+02
   4.3879927e+02
   5.4064844e+02
   4.7860136e+02
   1.6079189e+02
   1.1749818e+02
   5.2762243e+02
   2.5263457e+01
   6.3215562e+01
   1.4510196e+02
   2.9516507e+02
   4.1818647e+02
   1.4246692e+02
   3.0016746e+02
   3.0606955e+02
   3.6664990e+02
   3.4129441e+02
  -1.8592304e+01
   2.9712505e+02
   5.1484993e+02
   1.8725621e+02
   3.2103556e+02
   1.0006895e+02
   4.9757310e+02
   2.8707364e+02
   4.0110560e+02
   3.3474438e+02
   3.1458357e+02
   1.4853020e+02
   1.7516748e+02
   9.9734804e+01
   3.2839646e+02
   3.4979169e+02
   3.8318748e+02
   1.8235042e+02
   4.8889102e+02
   3.1702904e+02
   1.3071832e+02
   2.2463408e+02
   3.7268058e+02
   4.1476433e+02
   8.8875162e+01
   4.5847665e+02
   4.2782775e+02
   3.4483083e+02
   7.6664976e+01
   2.8334952e+02
   1.5072764e+02
   4.3316910e+02
   3.9612417e+02
   6.9543331e+01
   1.1068982e+02
   3.7152389e+02
   3.8124823e+02
   4.4828051e+02
   2.2999571e+02
   5.4121771e+02
   3.6273139e+02
   1.4436593e+02
   2.7428770e+02
   5.1406082e+02
   3.8579196e+02
   3.9295103e+01
   1.2970177e+02
   5.7158884e+01
   4.8889795e+02
   3.7556794e+02
   5.4916366e+02
   2.7251511e+02
   1.4426529e+02
   2.8359362e+02
   4.4011062e+02
   5.0715207e+02
   3.4866586e+02
   1.6541915e+02
   5.1893215e+02
   2.4853852e+02
   3.2549688e+02
   5.1248591e+02
   3.8654827e+02
   3.4176431e+02
   4.5839103e+02
   2.9778150e+02
   3.5572130e+02
   4.2515835e+02
   3.1209389e+02
   3.9282098e+02
   4.0989893e+02
   1.5693505e+02
   5.2190268e+02
   2.6601078e+02
   2.1956594e+01
   2.5560474e+02
   1.2762438e+02
   5.6607077e+01
   1.8712534e+02
   1.4205114e+02
   3.1917282e+02
   3.6189194e+02
   9.1246937e+01
   4.3952468e+02
   1.5324136e+02
   1.9157930e+02
   5.2361492e+02
   3.3410512e+02
   1.7067852e+02
  -8.1254809e+00
   3.2769169e+02
   2.9463617e+02
   8.9177295e+00
   4.4254327e+02
   4.9897889e+02
   3.5854989e+02
   4.4343576e+02
   1.5367533e+02
   2.0449721e+01
   3.1195788e+02
   5.0179608e+02
   4.0870041e+02
   2.2355803e+02
   2.1472914e+02
   2.4258226e+02
   2.4703970e+02
   1.7845064e+02
   2.0106486e+02
   4.1130048e+02
   3.6946159e+02
   5.2944642e+02
   5.3303357e+02
   9.3946675e+01
   1.1157164e+02
   1.6620203e+02
   3.3970802e+02
   7.5511119e+01
   4.4062492e+02
   2.5973725e+02
   1.2357311e+02
   2.1055745e+02
   1.1265567e+02
   2.4668904e+02
   9.4817547e+01
   1.0705069e+02
   2.2491277e+02
   8.8760747e+01
   1.5397880e+02
   4.9179472e+02
   3.0788528e+02
   3.6906885e+02
   3.1592652e+01
   4.0321151e+02
   2.4836327e+02
   4.9673857e+02
   4.7170801e+02
   4.3630232e+02
   3.8844469e+02
   1.3371043e+02
   7.4644060e+00
   4.4870489e+02
   3.5031963e+02
   2.4115106e+02
   5.3995579e+02
   3.1899823e+02
  -1.0424384e+01
   2.2306844e+02
   4.8477037e+02
   1.1829162e+02
   2.0356404e+02
   2.0992166e+02
   1.0976748e+02
   5.4422900e+02
   5.0526495e+02
   6.3727954e+01
   3.5893242e+02
   3.5753509e+02
   4.7582575e+02
   3.3956588e+02
   3.1414045e+01
   2.0017695e+02
   3.4720926e+02
   8.9887742e+00
   5.1475912e+02
   4.5893456e+02
   4.7400808e+02
   4.5770697e+02
   3.4511442e+02
   2.2595557e+02
   1.0484338e+02
   3.3986084e+02
   3.1681189e+02
   7.7207294e+01
   6.9628989e+01
   2.1964358e+02
   2.2801309e+02
   2.5542055e+02
   1.0512047e+02
   3.7821402e+02
   2.1464283e+02
   4.8937964e+02
   5.8167535e+01
   1.6191328e+02
   2.9790398e+02
   3.0228650e+02
   2.3842319e+02
   3.6079805e+02
   1.8568526e+02
   3.9344981e+02
   5.0902754e+02
   2.2000030e+02
   4.9301392e+02
   3.8099960e+01
   1.2659627e+02
   4.5987234e+02
   1.0935573e+02
   2.0044951e+02
   4.8785759e+02
   1.3269129e+02
   3.2685936e+02
   4.8346459e+02
   9.1017863e+01
   2.0441596e+02
   6.0090118e+01
   4.2849809e+02
   1.3305648e+02
   4.8788636e+02
   5.3884984e+02
   4.6028470e+02
   1.4704470e+01
   1.9264651e+02
   2.2575870e+02
   2.1539527e+02
   2.0350107e+02
   3.5517487e+02
   3.3272501e+02
   4.7349032e+02
   9.6616224e+01
   5.1772076e+02
   5.0546708e+02
   2.7865919e+02
   1.4752938e+02
   2.5058389e+01
   5.2773811e+02
   2.3038084e+01
   2.6580160e+02
   7.6828473e+01
   3.2745005e+02
   2.9835879e+02
   1.7851617e+02
   4.7115962e+02
   1.0125245e+02
   3.7044362e+00
   1.8623560e+02
   1.8562212e+02
   1.8107477e+02
   6.1823467e+01
   1.4721371e+02
   5.4537009e+02
   2.4716374e+02
   1.7937040e+02
   1.8443406e+02
   3.3667878e+02
   5.1047028e+02
   4.6916657e+02
   1.8044178e+01
   4.3850104e+02
   4.3084460e+02
   3.9596929e+01
   5.5264680e+02
   2.5607553e+02
   6.5410949e+01
   1.1803162e+02
  -1.9317665e+00
   2.6240446e+02
   3.0430120e+02
   1.5745324e+01
   5.2174025e+02
   3.3715326e+02
   1.6740578e+02
   1.5254656e+02
   3.3199375e+02
   5.6219711e+02
   4.9166773e+02
   1.8935975e+02
   5.1956922e+02
   3.5575910e+02
   3.0886798e+02
   3.3088239e+02
   5.6244667e+01
   8.7573374e+01
   4.6531442e+02
   2.9685036e+02
   2.1965392e+02
   5.2258867e+02
   1.3482641e+02
   3.1412055e+02
   3.8953336e+02
   5.0410084e+02
   3.6726213e+02
  -3.0057623e+00
   1.2202005e+02
   3.0272732e+02
   4.3960019e+01
   3.6275649e+01
   3.0843560e+02
   2.1067011e+02
   1.8194094e+02
   4.1890423e+02
   9.4334424e+01
   3.9803804e+02
   3.3442108e+02
   4.2705590e+01
   1.1155623e+02
   2.1562963e+02
   8.4775559e+01
   5.5005196e+02
   4.0960365e+02
   1.8067879e+01
   4.9519855e+02
   8.5559849e+01
   2.9923175e+02
   3.1522245e+02
   3.7453119e+02
   1.8306086e+02
   5.3018773e+02
   5.3888104e+02
   2.2428768e+02
   4.9123400e+02
   2.1622357e+02
   1.7525098e+01
   2.8182737e+02
   4.9137288e+02
   2.2496193e+02
   2.7641668e+02
   5.5075657e+02
   2.4668179e+02
   2.7414766e+02
   5.2335307e+02
   4.1265954e+02
   1.5734582e+02
   1.9472104e+02
   4.9566795e+02
   3.7727464e+02
   3.2038857e+02
   3.5813781e+02
   2.4834887e+02
   1.0579333e+02
   5.0470922e+01
   1.3112299e+02
   1.6712827e+02
   1.7999470e+02
   2.1383747e+02
   4.4433093e+02
   4.4638172e+01
  -1.9016140e+01
   3.3757873e+02
   1.6502665e+02
   1.1817286e+02
   2.4646588e+02
   7.5425783e+01
  -5.1557913e+00
   4.2440213e+02
   8.0752089e+01
  -1.7143257e+01
   3.8341835e+02
   1.6615903e+02
   1.4491487e+02
   2.3552774e+02
   4.1947268e+02
   1.0619357e+02
   2.9745883e+02
   1.2714958e-01
   1.9567477e+02
   1.8667865e+02
   7.1769107e+01
   2.8422287e+02
   3.3695068e+02
   4.1226155e+02
   3.7244238e+02
   4.9367514e+02
   5.4685853e+01
   5.4507472e+02
   5.0471407e+02
   2.7396883e+02
   2.1817380e+01
   1.3898608e+02
   3.0237407e+02
   1.7462598e+01
   2.0820087e+01
   2.5818533e+02
   4.9124759e+02
   7.4890237e+01
   4.8914385e+02
   3.7287259e+02
   2.9000806e+02
   2.4677090e+02
   5.0311845e+02
   5.2376634e+02
   1.8752469e+02
   1.5386501e+02
   7.3166405e+01
   4.6783001e+02
   5.4690260e+02
   1.8822736e+01
   1.2231341e+01
   1.9613809e+02
   1.9756398e+02
   4.3172703e+02
   3.5521011e+01
   4.1394904e+02
   9.2534390e+01
   2.1205326e+02
   2.8744119e+02
   3.2695289e+02
   5.3741163e+02
   5.4360115e+02
   8.6502152e+01
   2.8241169e+02
   4.8673532e+02
   2.0452869e+02
   4.7010832e+02
   2.7080995e+02
   5.5787895e+02
   3.6703607e+02
   4.4165511e+02
   1.6146381e+02
   4.4030113e+02
   4.1243374e+02
   3.1793435e+02
   2.2628048e+02
   2.3987258e+02
   9.2259790e+01
   1.2583659e+02
   2.1158924e+02
   8.9126592e+01
   6.8861739e+01
   4.8961506e+02
   2.6796574e+02
   2.2050630e+02
   5.5466449e+02
   2.5941657e+02
   1.8173925e+02
   2.0275370e+02
   2.8094132e+02
   2.5192075e+01
   2.6924572e+02
   5.0441585e+02
   5.0583814e+02
   4.7421477e+02
   1.4303323e+02
   6.2989230e+01
   5.3452701e+02
   3.2149033e+02
   4.9114529e+02
   1.6874699e+02
   2.4646724e+02
   5.2626501e+02
   5.1357796e+02
   1.2839029e+02
   2.8804119e+02
   7.2216700e+01
   2.7129073e+02
   2.1150688e+02
   3.6101080e+02
   1.9771884e+02
   2.1365313e+02
   5.2705802e+02
   4.9249021e+02
   1.5092466e+02
   2.1559551e+02
   1.4319885e+02
   5.1345995e+02
   5.5321506e+02
   3.8635073e+02
   1.1085629e+02
   3.5024139e+02
   2.4512995e+02
   3.1274781e+02
   3.4577583e+02
  -1.9652014e+01
  -1.9051492e+01
   1.8085273e+02
   3.1169622e+02
  -9.6246742e+00
   2.8645136e+02
   2.2435880e+02
   2.9895685e+02
   2.3102027e+02
   3.8613672e+02
   1.9390270e+02
  -1.8288961e+01
   8.1471372e+01
   7.6951279e+01
   4.6073066e+02
   7.5086656e+01
   3.2930198e+02
   3.5864077e+02
   4.7582021e+02
   1.2159189e+01
   4.6609751e+02
   3.5942833e+02
   2.7267794e+02
   4.9051695e+02
   2.5677634e+01
   1.1499371e+02
   1.6521849e+02
   1.1977976e+02
   3.5173227e+02
   2.3266594e+02
   3.3785706e+02
   4.4836255e+02
   3.2574707e+02
   5.0437496e+02
   1.2840971e+02
   4.3446153e+01
   3.9174358e+02
   5.0085957e+02
   7.0566875e+01
   2.2973007e+02
   1.0498999e+02
   6.8527544e+01
   2.4572593e+02
   3.7350055e+02
   9.6722625e+01
   4.4650023e+02
   3.4925260e+02
   9.5754467e+01
   3.1888749e+02
   8.5175817e+01
   1.9722246e+02
   2.2180164e+02
   1.4742385e+02
   3.4994589e+02
   4.1971124e+02
   2.4875715e+02
   4.0664536e+02
   2.2552915e+02
   6.1998953e+01
   4.4046817e+02
   4.7124428e+02
   3.6509873e+01
   9.9422095e+01
   3.8654734e+02
   4.3438027e+02
   3.9543169e+01
   4.6082711e+02
   2.0992637e+02
   5.5130421e+02
   5.1322519e+02
   2.1821176e+02
   3.8506490e+02
   5.0979898e+02
   1.5787906e+02
   4.3437712e+02
   2.3558662e+02
   2.1880603e+02
   1.9041831e+02
   3.9719842e+02
   4.5441090e+02
   2.6261330e+02
   3.9233757e+02
   6.4747786e+01
   2.3907899e+01
   5.4023549e+02
   4.8724032e+02
   3.4527126e+01
   8.4285257e+01
   2.6816631e+01
   3.2658621e+02
   2.5941361e+02
  -1.4805609e+00
   2.3084394e+02
   2.3685902e+02
   6.7580962e+01
   1.4493464e+02
   4.4697815e+02
   3.4072446e+02
   1.0668876e+02
   3.7783681e+02
   3.3776005e+02
   4.0708781e+02
   5.3182607e+02
   1.5923377e+02
   2.9364584e+01
   1.9121622e+02
   4.6826431e+02
   4.9413757e+02
   3.3297779e+02
   3.1618717e+02
   4.8774964e+02
   4.9440960e+02
   5.9495540e+01
   4.2172997e+01
   7.6312890e+01
   5.3212288e+02
   6.2479426e+01
   1.6273637e+02
   5.5607415e+02
   1.5648346e+02
   4.7502127e+01
   1.8880716e+02
   3.9962252e+02
   3.0847152e+02
   5.7404707e+00
   5.3603382e+02
   5.4245464e+02
   3.2981299e+02
   4.2738095e+02
   3.0164988e+02
   4.5428889e+01
   1.3537469e+02
   1.6039417e+02
   5.5754142e+02
   1.0642596e+02
   2.2200965e+02
   2.5049703e+02
   5.5000475e+02
   7.4532651e+01
   1.6137842e+02
   9.9564388e+01
   3.1965539e+02
   2.5077776e+02
   1.3186819e+02
   8.0516167e-01
   4.1250090e+02
   2.7021837e+01
   3.8189275e+02
   8.4261691e+01
   3.4093161e+02
   5.1096013e+02
   4.1431778e+02
   7.0098070e+01
   2.9815681e+02
   2.4238230e+02
   4.6657214e+02
   5.2652328e+02
   3.4942001e+02
   9.2686498e+01
   1.1751192e+02
   2.4451249e+02
   1.0423808e+02
   3.9152308e+02
   2.6197185e+02
   3.8461912e+02
   5.2752843e+02
   4.6165736e+02
   4.8448233e+02
   5.1412977e+02
   3.3472293e+02
   1.7420053e+02
   5.3444599e+02
   4.7714722e+02
   3.7429391e+01
   3.9647517e+02
   2.1839095e+02
   4.9981233e+02
   1.8956381e+02
   1.4400870e+02
   1.7258465e+02
   1.9545865e+02
  -1.1164052e+01
   3.8419664e+02
   5.0906248e+02
   2.4808533e+02
   5.2406554e+00
   3.8785234e+02
   1.7098601e+02
   1.3993542e+02
   8.1784559e+00
   5.0292963e+02
   4.8847971e+01
  -1.3638860e+01
   2.4144357e+02
   1.0024208e+02
   4.2190024e+02
   1.3058936e+01
   2.1229274e+02
   1.2907631e+02
   5.5894032e+02
   2.7784184e+02
   3.7647288e+02
   4.7189112e+02
   1.6834299e+01
   3.1197415e+02
   4.1762014e+02
   3.4378801e+02
   5.5733638e+02
   4.2858890e+02
   5.5327904e+02
   5.4763254e+02
   4.7154442e+02
   2.7096320e+02
  -9.8399149e+00
   5.1080345e+02
   2.4138940e+02
   2.8792316e+02
   5.2211049e+02
   3.5300409e+02
   8.9675522e+01
   3.1476421e+02
   1.8741435e+02
   1.5428395e+02
   1.0552993e+02
   2.6205926e+02
   1.8145410e+02
   3.4149911e+02
   1.3348173e+02
   1.8643894e+02
   2.8257071e+02
   2.6010372e+02
   3.1735800e+02
   4.4332389e+02
   1.2868706e+02
   5.3133196e+02
   4.9559420e+02
   3.5798226e+02
   3.5815120e+02
   4.0651368e+02
   1.5804781e+02
   1.5359323e+02
   7.9510316e+01
   3.7590440e+01
   2.9647849e+02
   5.5218510e+02
   2.2736684e+02
   1.4708524e+02
   4.1275617e+02
   4.2176283e+01
   2.0957442e+01
   2.3455286e+02
   9.8967262e+01
   3.8839912e+02
   1.3777674e+02
   2.4816849e+02
   3.5279908e+02
   3.7224064e+02
   6.3804194e+01
   2.6199387e+02
   1.3651538e+02
   2.1916953e+02
   2.6253556e+02
   5.1488722e+02
   1.9979841e+02
   7.2261157e+01
   2.1163406e+02
   2.8049841e+02
   5.2185506e+02
  -2.4220611e+00
   6.8037351e+01
   3.6359040e+02
   3.1625735e+01
   1.1394204e+02
   5.2582522e+02
   4.4131811e+02
   2.1579375e+01
   9.9386229e+01
   5.1331573e+02
   3.8060707e+01
  -3.6099781e+00
   1.2423329e+02
   3.8072984e+02
   3.1451755e+02
   4.1781281e+02
   4.2718087e+01
   1.6311877e+02
   3.6055181e+02
   6.7981636e+01
   3.5770668e+02
   1.6855948e+02
   4.4337815e+02
   2.8719080e+02
   5.1631305e+02
   5.5016533e+02
   3.8812774e+02
   5.0345378e+02
   4.1589033e+02
   4.8778862e+02
   6.5854263e+01
   3.6893667e+01
   2.5644952e+02
   4.4973066e+02
   2.9333315e+00
   6.8861314e+01
   1.4446249e+02
   4.9985099e+02
   1.0623366e+02
   1.3716046e+02
   2.3038484e+02
   2.4569638e+02
   5.5903256e+01
   2.6006116e+02
   2.8423224e+02
   1.6208650e+02
   1.1231907e+02
   5.2044402e+02
   3.3800368e+02
   5.6056676e+02
   4.6368080e+02
   9.7765746e+01
   2.2820439e+02
  -1.4515322e+01
   1.7639243e+01
   4.1857543e+02
  -9.1877159e-01
   1.4385845e+02
   1.0476665e+02
   1.2371374e+02
   2.1627192e+02
   1.2429603e+02
   2.6851203e+02
   1.0486103e+02
   1.6546536e+02
   5.2874427e+02
   5.1384587e+02
   2.1107833e+02
  -6.8845061e+00
   2.8631133e+02
   3.5788217e+02
   3.9271305e+02
   3.7477544e+02
   4.7015715e+02
   3.1295207e+02
   4.1979214e+02
   7.7963005e+01
   2.4780041e+01
   4.6121000e+02
   6.1033555e+01
   1.3760861e+02
   3.1277384e+02
   3.9989217e+02
   5.1146283e+02
   8.7086276e+01
   2.7941305e+02
   2.6315921e+02
   1.9323406e+02
   1.7051754e+02
   2.6924657e+02
   4.2642026e+02
   1.5880502e+02
   3.5080227e+02
   3.3157569e+02
   3.0662845e+02
   2.9641671e+02
   4.1947403e+02
   4.7210188e+02
   1.9454820e+02
   6.9492712e+01
   3.3557518e+02
   3.2890050e+02
   3.3079135e+02
   4.7894731e+02
   1.8029276e+02
   4.4508673e+02
   8.2726933e+01
   5.1479098e+02
   3.1035172e+02
   5.2482153e+02
   3.8318224e+02
   4.9345743e+02
   4.9750664e+02
   5.2142530e+02
  -1.3270122e+01
   5.3399363e+02
   5.5601127e+02
   1.5690141e+02
   3.2330552e+02
   4.0343474e+02
   2.5358893e+02
   2.8882008e+02
   3.5068238e+02
   1.3218253e+02
   7.5444285e+01
   8.8603517e+01
   2.5124450e+01
   1.4760978e+02
   5.5399627e+02
   3.4075345e+02
   4.8325898e+02
   1.4963172e+02
   1.3282832e+02
   8.5607016e+01
   3.6555662e+02
   3.2231593e+02
   8.2479058e+01
   5.4756020e+01
   4.2875991e+02
   1.9330006e+02
   5.6051570e+02
   3.5638054e+02
  -5.1578152e-01
   1.7806433e+02
   2.5682895e+02
   1.0932979e+02
   2.6350000e+02
   4.7352610e+02
   2.3528902e+02
  -1.6358571e+01
   3.6685756e+02
   2.5949623e+02
   2.1752152e+02
   4.1822387e+02
   5.2733304e+02
   1.3709067e+02
   1.2828739e+02
   3.7928814e+02
   2.3961858e+02
   9.9013588e+01
   2.4681629e+02
   5.1871399e+02
   2.5136644e+02
   1.6389085e+02
   3.3585493e+02
   5.1817227e+02
   5.0466772e+02
   2.4260888e+02
   5.4633435e+01
   1.9786432e+02
   1.7919317e+02
   4.9760514e+02
   3.1017047e+02
  -1.0712088e+01
   1.2752411e+02
   4.5106108e+02
   2.2286765e+02
   4.1943521e+02
   4.5454477e+02
   3.5785805e+02
   5.3903319e+02
   1.2234583e+02
   2.5930319e+02
   3.2445828e+02
   2.0496904e+02
   1.8271005e+02
   3.1993350e+01
   2.2368785e+01
   2.7153493e+02
   4.3485656e+02
   4.3082704e+02
   2.5455664e+02
   2.8541291e+02
   3.0417717e+02
   4.2587307e+02
   1.8978676e+02
   2.9455444e+01
   1.0489572e+02
   3.1523878e+02
   3.1015084e+02
   3.8489264e+02
  -1.2307933e+01
   4.4076840e+01
   2.5467863e+02
   1.7874464e+02
   2.3549946e+02
   3.6174964e+02
   4.7410673e+02
   4.9852926e+02
   3.3425300e+02
   3.6472759e+02
   3.4105989e+02
   1.5109615e+02
   2.9341962e+02
   2.9433870e+02
   3.2460982e+02
   2.6930141e+02
   4.2807335e+02
   2.5866255e+02
   3.4768621e+02
   3.9674044e+02
   4.3166835e+02
   7.1393997e+01
   2.1939282e+02
   1.2409710e+02
   9.2596688e+01
   1.2763259e+02
   5.6732832e+01
   4.9378030e+02
   3.9088364e+02
   2.3790990e+02
   2.7436813e+02
  -2.2461665e+00
   4.7809595e+02
   3.8346751e+02
   4.0331440e+02
   1.4086785e+01
   4.0088000e+02
   4.7858471e+02
   2.7906200e+02
   1.6014679e+02
   1.7285437e+02
   4.0856097e+02
   1.5809118e+02
   3.2714944e+02
   5.4251521e+02
   4.9323334e+02
   1.3691383e+02
   3.4846897e+02
   5.3513639e+02
   2.2986407e+02
   4.9049131e+02
   5.5328367e+02
   4.1665612e+02
   1.8806043e+02
   3.8717725e+02
   4.3879927e+02
   5.4064844e+02
   4.7860136e+02
   1.6079189e+02
   1.1749818e+02
   5.2762243e+02
   2.5263457e+01
   6.3215562e+01
   1.4510196e+02
   2.9516507e+02
   4.1818647e+02
   1.4246692e+02
   3.0016746e+02
   3.0606955e+02
   3.6664990e+02
   3.4129441e+02
  -1.8592304e+01
   2.9712505e+02
   5.1484993e+02
   1.8725621e+02
   3.2103556e+02
   1.0006895e+02
   4.9757310e+02
   2.8707364e+02
   4.0110560e+02
   3.3474438e+02
   3.1458357e+02
   1.4853020e+02
   1.7516748e+02
   9.9734804e+01
   3.2839646e+02
   3.4979169e+02
   3.8318748e+02
   1.8235042e+02
   4.8889102e+02
   3.1702904e+02
   1.3071832e+02
   2.2463408e+02
   3.7268058e+02
   4.1476433e+02
   8.8875162e+01
   4.5847665e+02
   4.2782775e+02
   3.4483083e+02
   7.6664976e+01
   2.8334952e+02
   1.5072764e+02
   4.3316910e+02
   3.9612417e+02
   6.9543331e+01
   1.1068982e+02
   3.7152389e+02
   3.8124823e+02
   4.4828051e+02
   2.2999571e+02
   5.4121771e+02
   3.6273139e+02
   1.4436593e+02
   2.7428770e+02
   5.1406082e+02
   3.8579196e+02
   3.9295103e+01
   1.2970177e+02
   5.7158884e+01
   4.8889795e+02
   3.7556794e+02
   5.4916366e+02
   2.7251511e+02
   1.4426529e+02
   2.8359362e+02
   4.4011062e+02
   5.0715207e+02
   3.4866586e+02
   1.6541915e+02
   5.1893215e+02
   2.4853852e+02
   3.2549688e+02
   5.1248591e+02
   3.8654827e+02
   3.4176431e+02
   4.5839103e+02
   2.9778150e+02
   3.5572130e+02
   4.2515835e+02
   3.1209389e+02
   3.9282098e+02
   4.0989893e+02
   1.5693505e+02
   5.2190268e+02
   2.6601078e+02
   2.1956594e+01
   2.5560474e+02
   1.2762438e+02
   5.6607077e+01
   1.8712534e+02
   1.4205114e+02
   3.1917282e+02
   3.6189194e+02
   9.1246937e+01
   4.3952468e+02
   1.5324136e+02
   1.9157930e+02
   5.2361492e+02
   3.3410512e+02
   1.7067852e+02
  -8.1254809e+00
   3.2769169e+02
   2.9463617e+02
   8.9177295e+00
   4.4254327e+02
   4.9897889e+02
   3.5854989e+02
   4.4343576e+02
   1.5367533e+02
   2.0449721e+01
   3.1195788e+02
   5.0179608e+02
   4.0870041e+02
   2.2355803e+02
   2.1472914e+02
   2.4258226e+02
   2.4703970e+02
   1.7845064e+02
   2.0106486e+02
   4.1130048e+02
   3.6946159e+02
   5.2944642e+02
   5.3303357e+02
   9.3946675e+01
   1.1157164e+02
   1.6620203e+02
   3.3970802e+02
   7.5511119e+01
   4.4062492e+02
   2.5973725e+02
   1.2357311e+02
   2.1055745e+02
   1.1265567e+02
   2.4668904e+02
   9.4817547e+01
   1.0705069e+02
   2.2491277e+02
   8.8760747e+01
   1.5397880e+02
   4.9179472e+02
   3.0788528e+02
   3.6906885e+02
   3.1592652e+01
   4.0321151e+02
   2.4836327e+02
   4.9673857e+02
   4.7170801e+02
   4.3630232e+02
   3.8844469e+02
   1.3371043e+02
   7.4644060e+00
   4.4870489e+02
   3.5031963e+02
   2.4115106e+02
   5.3995579e+02
   3.1899823e+02
  -1.0424384e+01
   2.2306844e+02
   4.8477037e+02
   1.1829162e+02
   2.0356404e+02
   2.0992166e+02
   1.0976748e+02
   5.4422900e+02
   5.0526495e+02
   6.3727954e+01
   3.5893242e+02
   3.5753509e+02
   4.7582575e+02
   3.3956588e+02
   3.1414045e+01
   2.0017695e+02
   3.4720926e+02
   8.9887742e+00
   5.1475912e+02
   4.5893456e+02
   4.7400808e+02
   4.5770697e+02
   3.4511442e+02
   2.2595557e+02
   1.0484338e+02
   3.3986084e+02
   3.1681189e+02
   7.7207294e+01
   6.9628989e+01
   2.1964358e+02
   2.2801309e+02
   2.5542055e+02
   1.0512047e+02
   3.7821402e+02
   2.1464283e+02
   4.8937964e+02
   5.8167535e+01
   1.6191328e+02
   2.9790398e+02
   3.0228650e+02
   2.3842319e+02
   3.6079805e+02
   1.8568526e+02
   3.9344981e+02
   5.0902754e+02
   2.2000030e+02
   4.9301392e+02
   3.8099960e+01
   1.2659627e+02
   4.5987234e+02
   1.0935573e+02
   2.0044951e+02
   4.8785759e+02
   1.3269129e+02
   3.2685936e+02
   4.8346459e+02
   9.1017863e+01
   2.0441596e+02
   6.0090118e+01
   4.2849809e+02
   1.3305648e+02
   4.8788636e+02
   5.3884984e+02
   4.6028470e+02
   1.4704470e+01
   1.9264651e+02
   2.2575870e+02
   2.1539527e+02
   2.0350107e+02
   3.5517487e+02
   3.3272501e+02
   4.7349032e+02
   9.6616224e+01
   5.1772076e+02
   5.0546708e+02
   2.7865919e+02
   1.4752938e+02
   2.5058389e+01
   5.2773811e+02
   2.3038084e+01
   2.6580160e+02
   7.6828473e+01
   3.2745005e+02
   2.9835879e+02
   1.7851617e+02
   4.7115962e+02
   1.0125245e+02
   3.7044362e+00
   1.8623560e+02
   1.8562212e+02
   1.8107477e+02
   6.1823467e+01
   1.4721371e+02
   5.4537009e+02
   2.4716374e+02
   1.7937040e+02
   1.8443406e+02
   3.3667878e+02
   5.1047028e+02
   4.6916657e+02
   1.8044178e+01
   4.3850104e+02
   4.3084460e+02
   3.9596929e+01
   5.5264680e+02
   2.5607553e+02
   6.5410949e+01
   1.1803162e+02
  -1.9317665e+00
   2.6240446e+02
   3.0430120e+02
   1.5745324e+01
   5.2174025e+02
   3.3715326e+02
   1.6740578e+02
   1.5254656e+02
   3.3199375e+02
   5.6219711e+02
   4.9166773e+02
   1.8935975e+02
   5.1956922e+02
   3.5575910e+02
   3.0886798e+02
   3.3088239e+02
   5.6244667e+01
   8.7573374e+01
   4.6531442e+02
   2.9685036e+02
   2.1965392e+02
   5.2258867e+02
   1.3482641e+02
   3.1412055e+02
   3.8953336e+02
   5.0410084e+02
   3.6726213e+02
  -3.0057623e+00
   1.2202005e+02
   3.0272732e+02
   4.3960019e+01
   3.6275649e+01
   3.0843560e+02
   2.1067011e+02
   1.8194094e+02
   4.1890423e+02
   9.4334424e+01
   3.9803804e+02
   3.3442108e+02
   4.2705590e+01
   1.1155623e+02
   2.1562963e+02
   8.4775559e+01
   5.5005196e+02
   4.0960365e+02
   1.8067879e+01
   4.9519855e+02
   8.5559849e+01
   2.9923175e+02
   3.1522245e+02
   3.7453119e+02
   1.8306086e+02
   5.3018773e+02
   5.3888104e+02
   2.2428768e+02
   4.9123400e+02
   2.1622357e+02
   1.7525098e+01
   2.8182737e+02
   4.9137288e+02
   2.2496193e+02
   2.7641668e+02
   5.5075657e+02
   2.4668179e+02
   2.7414766e+02
   5.2335307e+02
   4.1265954e+02
   1.5734582e+02
   1.9472104e+02
   4.9566795e+02
   3.7727464e+02
   3.2038857e+02
   3.5813781e+02
   2.4834887e+02
   1.0579333e+02
   5.0470922e+01
   1.3112299e+02
   1.6712827e+02
   1.7999470e+02
   2.1383747e+02
   4.4433093e+02
   4.4638172e+01
  -1.9016140e+01
   3.3757873e+02
   1.6502665e+02
   1.1817286e+02
   2.4646588e+02
   7.5425783e+01
  -5.1557913e+00
   4.2440213e+02
   8.0752089e+01
  -1.7143257e+01
   3.8341835e+02
   1.6615903e+02
   1.4491487e+02
   2.3552774e+02
   4.1947268e+02
   1.0619357e+02
   2.9745883e+02
   1.2714958e-01
   1.9567477e+02
   1.8667865e+02
   7.1769107e+01
   2.8422287e+02
   3.3695068e+02
   4.1226155e+02
   3.7244238e+02
   4.9367514e+02
   5.4685853e+01
   5.4507472e+02
   5.0471407e+02
   2.7396883e+02
   2.1817380e+01
   1.3898608e+02
   3.0237407e+02
   1.7462598e+01
   2.0820087e+01
   2.5818533e+02
   4.9124759e+02
   7.4890237e+01
   4.8914385e+02
   3.7287259e+02
   2.9000806e+02
   2.4677090e+02
   5.0311845e+02
   5.2376634e+02
   1.8752469e+02
   1.5386501e+02
   7.3166405e+01
   4.6783001e+02
   5.4690260e+02
   1.8822736e+01
   1.2231341e+01
   1.9613809e+02
   1.9756398e+02
   4.3172703e+02
   3.5521011e+01
   4.1394904e+02
   9.2534390e+01
   2.1205326e+02
   2.8744119e+02
   3.2695289e+02
   5.3741163e+02
   5.4360115e+02
   8.6502152e+01
   2.8241169e+02
   4.8673532e+02
   2.0452869e+02
   4.7010832e+02
   2.7080995e+02
   5.5787895e+02
   3.6703607e+02
   4.4165511e+02
   1.6146381e+02
   4.4030113e+02
   4.1243374e+02
   3.1793435e+02
   2.2628048e+02
   2.3987258e+02
   9.2259790e+01
   1.2583659e+02
   2.1158924e+02
   8.9126592e+01
   6.8861739e+01
   4.8961506e+02
   2.6796574e+02
   2.2050630e+02
   5.5466449e+02
   2.5941657e+02
   1.8173925e+02
   2.0275370e+02
   2.8094132e+02
   2.5192075e+01
   2.6924572e+02
   5.0441585e+02
   5.0583814e+02
   4.7421477e+02
   1.4303323e+02
   6.2989230e+01
   5.3452701e+02
   3.2149033e+02
   4.9114529e+02
   1.6874699e+02
   2.4646724e+02
   5.2626501e+02
   5.1357796e+02
   1.2839029e+02
   2.8804119e+02
   7.2216700e+01
   2.7129073e+02
   2.1150688e+02
   3.6101080e+02
   1.9771884e+02
   2.1365313e+02
   5.2705802e+02
   4.9249021e+02
   1.5092466e+02
   2.1559551e+02
   1.4319885e+02
   5.1345995e+02
   5.5321506e+02
   3.8635073e+02
   1.1085629e+02
   3.5024139e+02
   2.4512995e+02
   3.1274781e+02
   3.4577583e+02
  -1.9652014e+01
  -1.9051492e+01
   1.8085273e+02
   3.1169622e+02
  -9.6246742e+00
   2.8645136e+02
   2.2435880e+02
   2.9895685e+02
   2.3102027e+02
   3.8613672e+02
   1.9390270e+02
  -1.8288961e+01
   8.1471372e+01
   7.6951279e+01
