  -8.9097106e+00
  -6.3739735e+01
   3.8038576e+01
  -2.3265766e+01
   1.7194142e+01
   5.2762520e+01
  -3.6413639e+01
   4.8481831e+00
  -3.0986167e+01
  -2.0204094e+01
  -5.3875867e+01
  -6.8943703e+01
  -6.0498419e+01
  -6.0601679e+01
   4.8283622e+01
   6.1992722e+01
   4.5957305e+01
   5.5997761e+01
   5.0031177e+01
   4.8851730e+01
   1.0319663e+01
  -5.6739002e+01
   1.6722842e+01
  -1.6309614e+01
  -3.8474684e+01
   6.6018163e+01
   2.3246275e+01
  -2.3483938e+01
   4.1808776e+00
  -5.8455854e+01
   9.3232879e+00
   6.8563386e+01
   6.5882582e+01
  -2.4040596e+01
  -5.9561523e+01
   1.2715352e+01
   6.3267219e+01
  -2.1509246e+01
  -3.4707107e+01
   5.3971715e+00
   6.9495660e+01
  -1.5577099e+01
  -6.1192675e+01
   2.2440569e+01
  -5.1972690e+01
   3.7548382e+01
   3.2851915e+01
  -6.6604968e+01
  -1.7008391e+01
  -1.7423003e+01
   6.7647231e+01
  -5.5589937e+01
   3.5241943e+01
   2.5321746e+01
  -5.2902565e+01
  -4.2361177e+01
  -1.8313810e+01
  -6.6921387e+01
   1.1278143e+00
  -2.9724517e+01
   4.8404271e+01
  -4.1520920e+01
   2.8141139e+01
   1.9831788e+01
   5.1325562e+01
  -3.8911939e+01
  -4.9137559e+01
   4.4764208e+01
  -1.7889239e+01
   1.3283931e+01
  -3.8488955e+01
   2.6857239e+01
  -2.4967434e+01
   3.3259504e+00
   8.5993053e+00
  -3.2386425e+01
  -3.6266924e+01
  -4.6800309e+01
   1.0530350e+01
  -1.3700038e+01
  -6.6903858e+01
   3.3068928e+01
   3.6226141e+01
  -5.6486390e+01
   3.5077664e+00
   6.4831729e+01
  -6.5762844e+01
   4.5293483e+01
   1.3184472e+01
   2.2852443e+01
  -3.6248857e+01
   5.7843669e+01
   4.0112054e+01
   6.2387540e+01
   4.9824634e+00
   6.5915491e+01
  -7.4985330e+00
   1.4329736e+01
  -6.2654671e+01
  -3.8540406e+01
  -2.5589980e+01
   6.7144761e+01
  -3.0768045e+01
   1.8319681e+01
   1.3850373e+01
   2.0526167e+01
   1.0871457e+01
  -7.1632164e+00
  -2.8866799e+01
  -6.1024805e+00
  -5.8424703e+01
  -3.5572736e+01
  -4.5316043e+01
  -5.7091115e+01
  -5.6797453e+01
  -6.7255340e+01
   7.5871712e+00
  -4.3780733e+01
  -1.6566198e+01
  -6.7215286e+01
   5.0647953e+01
  -5.8111017e+01
   1.9469298e+01
   2.6085994e+01
  -1.9514134e+01
   1.2809452e+01
   1.5156376e+00
  -3.3539212e+01
  -1.9796536e+00
  -4.3458630e+01
  -4.7617375e+01
   4.5312557e+01
  -4.7458457e+01
   3.6676447e+01
   1.2952477e+01
   7.4663881e+00
   4.5996957e+01
   5.6531566e+01
   7.9763870e+00
  -2.2043650e+01
  -2.6108950e+01
   8.9908683e+00
  -5.8808078e+01
  -1.4911105e+01
   1.0821078e+01
   3.0466748e+01
   4.7117550e+01
   5.8345647e+01
   2.1343156e+01
  -6.6606505e+01
  -1.9396537e+01
   1.3660274e+01
   6.5294689e+01
   4.2490351e+01
   4.4799240e+01
  -4.6673368e-01
   2.1295703e+01
  -2.6962336e+01
  -4.1136672e+01
   1.9671940e+01
  -2.3822040e+00
   3.9066855e+01
   2.2045982e+01
   5.3670972e+01
  -1.0653036e+01
   1.0893354e+00
  -5.4515476e+01
  -4.3136498e+00
   3.3304896e+01
  -4.9359994e+01
  -6.5021829e+01
  -4.0944762e+01
  -2.6603988e+01
   6.0138164e+01
   8.1864788e+00
   4.6665363e+00
  -6.1637269e+00
  -5.0775759e+01
   5.5656492e+00
   2.9278118e+01
  -6.1277253e+01
   3.7871415e+01
  -5.6190648e+01
  -2.9149550e+01
  -3.3122438e+00
  -3.5874455e+01
  -4.5221592e+01
  -6.8889514e+00
  -3.3251348e+01
   2.8906660e+01
   2.7530850e+01
   6.7232585e+01
   2.8077612e+01
   2.9674930e+01
   1.0159221e+01
  -3.7862869e+01
  -2.2856788e+01
   5.2632013e+01
   6.6736500e+00
  -6.7877444e+01
  -3.1917093e-01
   1.9526153e+01
  -3.0537832e+00
  -6.4067974e+01
   7.6973192e+00
   4.0850348e+01
  -4.6916294e+01
  -4.7612464e+00
  -1.3375945e-01
  -5.3239217e+01
   4.3323063e+01
  -6.3858697e+01
   6.3967241e+01
  -5.7762860e+01
   2.2971747e+01
  -3.9146368e+01
  -2.9894900e+01
  -1.8676689e+00
   4.9082646e+01
   5.8539165e+01
  -2.9178760e+01
   3.9224973e+01
  -2.3323511e+01
   2.0001686e+00
   5.4959725e+01
   2.5150509e+01
  -3.9957334e+01
   2.5246524e+01
  -8.5933868e+00
  -7.1142443e+00
   5.3771622e+01
  -4.1444721e+01
  -8.9322513e+00
   4.5775567e+01
   3.7094498e+01
  -2.8968995e+00
   1.6517937e+01
   4.5519823e+01
  -7.1442881e+00
  -1.9669957e+01
   6.4466995e+01
  -4.2058746e+01
   5.5993515e+00
   5.1968029e+01
  -6.4078493e+01
   6.7019461e+01
  -4.2061085e+01
   6.9449453e+01
   5.8548274e+01
   1.6549836e+01
  -1.2749636e+01
  -6.8082622e+01
  -2.4311450e+01
   2.2216733e+01
   6.7237245e+01
  -5.0593338e+01
  -5.1393793e+01
  -6.7934369e+01
  -3.7548543e+01
  -1.9762949e+00
   1.9794541e+01
  -1.8963255e+01
  -4.4471035e+01
  -4.4231700e+01
  -5.6337264e+01
   7.8113445e+00
   5.8271142e+01
   2.1408524e+01
   4.8761716e+01
   5.4199311e+01
  -3.8940102e+00
  -4.1864952e+00
   7.3073828e+00
  -3.5292181e+01
  -5.4776619e+01
   7.1340719e+00
  -1.4534600e+01
  -1.6288566e+01
  -4.9877875e+00
  -1.1927229e+01
  -6.9764541e+01
   6.6260532e+01
  -3.0825464e+01
   5.7199294e+01
   4.6910449e+01
  -5.4126516e+01
  -5.4480381e+01
  -3.0317641e+01
  -2.0531600e+01
  -5.1590091e+01
  -5.1889204e+01
  -1.2516235e+01
  -3.7922998e+01
   6.2065763e+01
  -3.1508230e+01
   5.0731373e+01
   2.6017390e+01
   4.7993594e+01
  -6.1607115e+01
   6.5988669e+01
   5.0623676e+01
   1.0880610e+01
   5.8584985e+01
   5.3103181e+01
   2.1512589e+01
  -6.6143911e+01
  -1.7194981e+01
   5.4452127e+01
   1.6502847e+01
   3.4569874e+01
   2.5741317e+01
   4.3931419e+01
   5.5809339e+01
   1.9189761e+01
  -2.5895194e+01
  -3.8261270e+01
  -3.7822325e+01
   5.3322078e+01
   4.5697829e+01
   1.1899773e+01
  -2.7533750e+01
   6.8672508e+01
   5.6749687e+00
  -4.2558288e+01
  -3.6631478e+01
   3.7399412e+01
   5.8594866e+01
   3.4746479e+01
   3.0165650e+01
  -4.7661319e+01
  -3.1316013e+01
  -5.4836965e+01
  -4.9325426e+01
  -1.8236997e+01
  -3.4668664e+01
   3.1558628e+01
  -1.1987324e+01
  -1.3313301e+01
  -3.2234045e+01
   8.9193797e+00
   6.1948175e+01
  -3.0912256e+01
  -5.7015411e+01
  -2.6917482e+01
   2.2985729e+01
   4.7261837e+01
   4.6746657e+01
  -2.5261009e+01
  -5.8606316e+01
   4.4656058e+01
   1.4135585e+01
   1.5096363e+01
  -3.5915615e+01
   3.3267511e+01
   5.4361092e+01
   4.4616559e+01
  -4.6048183e+01
   6.5011697e+01
  -3.1056936e+01
  -3.5652943e+01
  -3.1250750e+01
   5.3937885e+01
   6.3310036e+01
   6.5652007e+01
   2.0105454e+01
   3.0689222e-01
  -1.7881611e+01
  -1.5380798e+01
   2.6557033e+01
  -8.7244970e+00
   3.0512468e+01
   1.7766530e+01
  -1.9503682e+01
  -5.5298620e+01
  -5.4615256e+01
  -5.9582990e+01
   3.0075823e+00
   6.3081624e+01
  -1.1226068e+01
   6.2760148e+01
  -1.1894689e+00
  -1.8386938e+01
   6.5262962e+01
  -7.1752598e+00
   2.4392459e+01
   5.4518236e+01
  -6.8135113e+01
  -2.2424676e+01
   8.6306558e+00
  -6.9974903e+01
   5.7086112e+01
  -1.0059569e+01
   4.9489104e+01
  -3.8181171e+01
   7.4394609e+00
   4.4349646e+01
  -9.2742691e+00
  -6.2353608e+01
   7.9980671e+00
  -2.6079913e+01
   9.2172794e-03
   2.0231941e+01
  -3.0764844e+01
   9.1604927e+00
  -5.8716836e+01
   4.9339728e+01
  -5.2881237e+01
   5.8570353e+00
   5.4295647e+01
  -5.1865559e+01
   4.7261837e+01
   2.3388424e+01
   5.8773145e+01
   5.4684068e+00
  -6.0059448e+01
  -4.5392765e+00
   3.3562016e+01
  -4.5751667e+01
   6.9142987e+01
  -3.7709600e+01
   3.9581225e+01
   2.7450657e+01
   5.6740156e+01
  -6.0850799e+00
  -2.7686035e+01
   2.9092835e+00
  -2.1487227e+01
   5.7742467e+01
  -5.4140827e+01
   2.0627123e+01
  -5.8821212e+01
   3.9052961e+00
  -4.6402764e+01
  -4.0620960e-01
   6.5807415e+01
   6.0788802e+01
   3.9801648e+01
  -6.1012469e+01
   2.7767392e+01
  -4.7957634e+01
  -5.6949094e+01
   6.5067566e+01
   3.0050286e+01
   1.5006216e+01
   6.0521861e+01
  -5.8777983e+01
   5.1159539e+01
   1.0968924e+01
  -6.6216432e+01
   3.4538893e+01
   2.2888715e+01
  -6.6764413e+01
   1.2815407e+00
  -5.8319218e+01
  -1.9678003e+01
   1.4934493e+01
   5.6530173e+01
  -1.8172653e+01
  -4.8762256e+01
   9.8662078e+00
   2.2219980e+01
   5.6953776e+01
  -8.9401766e+00
   2.4368674e+01
  -2.5460292e+00
  -1.6210291e+01
  -6.3791384e+01
   6.4358874e+01
  -3.1117943e+01
   5.7049461e+01
   3.6454055e+01
  -5.0753154e+01
   2.1545329e+01
  -5.2381164e+01
   5.7495662e+01
   1.1215186e+01
   2.7596830e+01
   4.1245928e+01
   1.9483046e+01
  -4.8798040e+01
  -5.0009257e+01
   5.5385124e+01
   5.4777932e+01
  -5.7919274e+01
   6.5914198e+01
  -6.9818182e+01
  -5.9690276e+01
  -9.4699555e+00
   5.4273258e+01
  -5.3757803e+01
   3.2724807e+00
   8.5346009e+00
   4.6265903e+01
  -3.0701873e+01
   1.8063693e+01
   5.8347995e+01
  -4.8107811e+00
  -1.4890291e+01
   3.3649970e+01
  -1.9072256e+01
   4.0232604e+01
   6.9879020e+01
  -3.6830624e+01
  -4.8022515e+01
   3.7630503e+01
   6.1283058e+01
   1.3700069e+01
   1.6199518e+01
   3.8715895e+01
   4.6628195e+01
  -3.0135888e+01
  -5.2795033e+01
  -4.8046387e+01
  -3.7996858e+01
   5.6095613e+01
  -2.9443841e+01
   6.3538931e+01
   1.5660116e+01
   7.9763431e+00
  -2.0572571e+01
   1.1942952e+01
  -6.4411234e+01
  -2.4297241e+01
  -3.7630072e+01
   2.3768157e+01
   3.2332175e+01
   6.0474739e+01
  -2.7836884e+01
   2.6515554e+01
  -3.6768842e+00
   1.6150160e+01
   3.7974711e+01
   8.9872254e+00
   3.1504619e+01
   2.5341616e+01
   2.2620800e+01
  -4.7701980e+01
   5.4232049e+01
   3.2394798e+01
   4.4181497e+01
  -1.3343333e+01
  -1.0277177e+01
  -5.4561831e+01
   6.2223838e+01
   1.1109897e-02
  -6.7390247e+01
   1.7556209e+01
   1.0151126e+01
  -2.6788340e+00
  -6.2204867e+01
   2.0006455e+01
   6.6013418e+01
  -2.8605395e+01
  -1.5352394e+00
   6.5690338e+01
   5.1757241e+01
  -4.9226300e+01
   7.1579015e+00
  -1.7839174e+01
   4.0378878e+00
   7.9663107e+00
   1.2342216e+01
  -5.6144624e+01
  -3.0152724e+01
   6.5837415e+01
   5.8060415e+00
  -5.0514372e+01
   1.3869972e+00
  -3.2207214e+01
   1.0950260e+00
  -1.0913497e+01
   9.9654136e+00
   3.6216765e+01
   4.0712704e+01
  -3.0752601e+01
  -5.5959962e+01
  -3.0159971e+01
  -4.7676112e+01
  -2.9008433e+01
   3.4737864e+01
  -1.4171775e+01
  -1.9641171e+01
   5.9605175e+01
   2.9325827e+01
   3.6952110e+01
  -6.4425695e+01
   4.5122262e+01
  -4.9201161e+01
   6.0955550e+01
   5.0654871e+01
   1.7706598e+01
   2.2020046e+01
   2.4702137e+01
   1.6853703e+01
   4.0874727e+01
  -2.5074909e+01
   6.3593011e+01
   4.7619160e+01
   4.0887444e+01
  -5.3342042e+01
   2.7966241e+01
  -5.7008052e+01
  -6.3834006e+01
   4.1218561e+01
   2.7275169e+01
  -1.8370396e+01
  -5.7367270e+01
   5.1021350e+01
   3.5078448e+00
  -7.9865852e+00
  -5.5717072e+01
   1.9892599e+01
  -4.4477209e+01
  -6.3662627e+00
   7.0514897e+00
   6.1587893e+01
  -2.2590072e+01
   1.8774967e+01
  -3.7001432e+01
   2.6261058e+01
  -5.0822256e+01
  -4.5445106e+00
  -3.1054852e+01
  -4.9979970e+01
   1.9946851e+01
   4.0493969e+01
  -1.2201882e+01
   9.3504062e+00
   4.8897517e+01
   1.7085191e+01
  -2.7356812e+01
  -3.4501594e+01
   9.7178607e+00
  -4.4848607e+01
  -1.0748013e+00
  -4.4185278e+01
  -3.3865922e+01
  -4.5664563e+01
  -1.3304113e+01
   2.2056300e+01
   1.7417960e+01
  -5.2499329e+01
   3.8953235e+01
  -1.0660538e+01
   5.4993149e+01
  -4.8504685e+01
  -1.0458047e+01
  -2.8912974e+01
  -6.6448566e+01
   6.2880202e+01
  -4.9380581e+01
  -2.6687555e+01
   4.9580484e+01
   3.7705725e+00
   8.6277246e+00
  -1.5620280e+00
   4.4541182e+01
  -4.8048250e+01
  -2.8440074e+01
  -4.6060568e+01
  -2.4909186e+01
   2.0198105e+01
   3.7211511e+01
   3.4558847e+01
  -5.1091606e+01
   3.4821025e+01
  -1.2765092e+01
  -2.9813620e+01
  -1.4049030e+01
  -1.2345601e+01
  -2.0814840e+00
   1.1889998e+01
  -5.9115016e+01
  -8.6150572e-01
   2.9957895e+00
  -3.3727523e+00
   6.9597787e+01
   6.6830007e+01
   5.4840650e+00
  -4.9047741e+01
  -4.9759764e+01
  -1.9670484e+01
   5.0002254e+01
  -6.2089358e+01
   5.3238777e+01
   3.6364563e+01
  -7.5720396e+00
   3.3247149e+01
   2.0066223e+01
  -3.9488471e+00
  -1.0184721e+01
  -1.8754715e+01
   1.6729403e+01
   3.6226855e+01
  -5.1559569e+01
  -6.0102166e+01
   3.7838959e+01
   3.9552972e+01
   5.1293341e+01
   6.1108201e+01
   2.0442177e+01
  -4.8672516e+01
  -4.5524336e+01
  -3.8989097e+01
   3.6605908e+01
   1.0111486e+01
   6.3945031e+01
  -6.2582765e+01
   2.0111347e+01
   2.0302358e+01
   1.3139845e+01
  -1.8017924e+01
  -8.2481556e-01
  -6.0534792e+01
   5.8676358e+01
   2.0584296e+01
  -1.7801737e+01
  -1.4563808e+01
   2.2880434e+01
  -2.9949146e+00
  -3.4792282e+01
  -4.2431347e+01
   3.3364340e+01
  -4.2621363e+01
  -2.7967969e+01
  -2.2592959e+01
  -4.7508609e+01
   1.3855208e+01
   5.3592655e+01
  -4.7297530e+01
  -5.0995473e+00
   1.1211877e+01
  -1.3956462e+01
   3.4434207e+01
   4.2528570e+01
   1.6600824e+01
  -2.3127016e+01
  -6.3227518e+01
  -4.6331640e+01
  -4.2476602e+01
  -1.9786918e+01
   2.0861666e+01
   2.9017655e+01
  -7.8910435e+00
   4.9001263e+01
  -3.5724921e+01
  -5.3887817e+01
   5.0961565e+01
  -4.3987049e+01
   4.9100028e+01
   1.3427808e+00
   4.8241106e+01
  -3.5774758e+01
   6.8723787e+01
   6.3199566e+01
   5.1768250e+01
   4.7591012e+01
   6.3217552e+01
  -1.5461224e+01
  -8.7570178e-01
  -5.8727949e+01
  -2.0182834e+01
   3.7766271e+01
  -1.6303559e+01
   5.3182021e+01
  -2.4251517e+01
   1.8315282e+01
  -1.1487778e+01
   4.3089670e+01
  -3.9314730e+01
   7.7899546e+00
  -2.2293110e+01
  -1.6014090e+01
   4.6128908e+01
  -5.4090943e+00
   3.1760841e+01
  -5.0868168e+01
   9.8909148e+00
  -1.5065875e+01
   3.9964997e+01
  -2.5233265e+01
  -3.1794460e+01
   5.4744437e+01
  -4.2495251e+01
   7.9331412e+00
  -4.9959734e+01
   3.2542796e+01
  -6.6738533e+01
  -5.6366658e+01
  -5.1442337e+01
  -1.1558272e+01
   4.3973753e+01
   4.4100755e+01
  -5.0313527e+01
   6.9115816e+01
   2.7400511e+01
  -6.6444147e+01
   2.7384753e+01
   1.0988125e+01
  -5.2405836e+01
   1.2097878e+01
   3.0499933e+01
   2.2425229e+01
   5.7809829e-01
   4.0323205e+01
   6.4947274e+01
  -2.6275348e+01
  -3.3225030e+01
   4.9155953e+00
  -3.3975923e+01
  -1.2980507e+01
   1.0032002e+01
  -5.1350702e+01
   5.9576244e+00
   1.7183362e+01
   1.5469859e+01
  -3.9249406e+01
  -6.5424136e+01
   4.7190439e+00
   6.3692232e+01
  -6.4411123e+00
  -6.9046984e+01
   2.1379652e+01
   5.4627494e+01
   2.8553838e+00
   4.6326821e+01
  -1.9857731e+01
   2.2023787e+01
  -3.4218993e+01
  -2.3665160e+01
  -4.5723622e+01
  -2.9315085e+01
  -5.0100504e+01
  -4.7923199e+01
   2.8773368e+01
  -6.7877056e+01
   3.2301457e+01
   5.2495556e+01
  -4.6224693e+01
   3.2966961e+01
   3.6602286e+01
   3.4694692e+01
   4.9486388e+01
  -8.0930566e+00
   4.6564482e+01
   5.6817115e+01
  -2.3181889e+01
  -4.6626762e+01
  -2.6768885e+00
  -5.3472768e+01
  -6.3266154e+01
  -9.3323059e+00
  -6.3647896e+01
  -4.0528331e+01
   3.6290006e+00
  -3.3167862e+01
  -3.8503931e+01
  -1.8270453e+01
  -3.8168976e+01
   3.5616421e+01
  -3.7270749e+01
  -6.9267563e+01
  -6.6283996e+00
   1.4628980e+01
  -2.1172411e+01
  -5.3864661e+01
   6.1314091e+01
  -4.0815899e+01
  -3.9331531e+01
   1.0795344e+01
  -1.7000149e+01
  -5.2615101e+01
  -4.3098405e+01
  -3.2126034e+01
   2.2625150e+01
   3.5341204e+01
  -6.3660298e+01
  -2.7159436e+00
   5.4745373e+01
  -5.2823217e+00
   1.8334770e+01
  -6.1689329e+01
   5.5000897e+01
  -4.1095046e+01
  -4.2889217e+01
   3.4967028e+01
  -6.0881605e+01
  -4.1806306e+01
  -7.4874781e-01
  -5.9191084e+01
   5.0622198e+00
  -8.7958360e+00
  -2.6893299e+01
  -4.4699374e+01
  -1.4435647e+00
  -1.0859629e+01
  -1.8762885e+00
  -6.3723081e+01
   3.6222806e+01
   1.9695145e+01
   1.9094929e+01
  -1.6134720e+01
  -4.8646151e+01
   8.3546521e+00
  -5.3650213e+01
  -6.7104373e+01
   5.1141094e+00
  -5.5303739e+01
  -5.6873870e+00
   3.1067719e+00
   7.9060752e+00
   2.8598422e+01
  -4.8744823e+01
   3.9085417e+01
   6.6219578e+01
   8.1480640e+00
  -6.9094025e+01
   4.2523908e+01
  -6.6193217e+01
  -5.6824468e+01
  -4.4389505e+01
  -1.6216585e+00
   6.6605483e+01
   6.3532175e+01
  -2.3681774e+01
   5.8335717e+01
  -2.9318774e+00
   2.6613143e+01
   1.7685648e+01
  -1.3027294e+00
   2.0295285e+01
  -4.1338117e+01
   6.4727291e+01
   2.5788497e+00
  -2.7156564e+01
   3.4553010e+01
  -5.2920019e+01
  -5.2823770e+01
  -2.1219001e+01
   1.6762371e+01
   1.9884968e+01
   2.9445676e+01
  -3.7460463e+01
  -2.1971741e+01
  -1.5408620e+01
  -6.0094917e+01
   4.9822054e+00
   6.5290805e+01
   3.2119063e+01
  -2.5840695e+01
  -5.4707187e+00
  -5.2176808e+01
  -6.3210887e+00
  -4.6523451e+01
   3.3323028e+01
  -4.7749028e+01
   6.8056300e+01
   6.1470112e+01
   4.3134169e+01
   7.1808734e-01
  -6.5046926e+01
  -1.1802396e+01
  -6.4898492e+01
  -3.9480035e+01
  -2.7068839e+01
   6.2832641e+01
   8.3832449e+00
   4.6730348e+01
  -6.0178433e+01
  -6.1051073e+01
   2.9259438e+01
  -2.4144388e+01
   2.3412439e+01
  -9.5564167e+00
   6.4625485e+01
  -3.1383075e+01
  -3.2510252e+01
   1.4416270e+01
   5.3742018e+01
   1.5638836e+01
   4.6950142e+01
   3.4919464e+01
   6.0587749e-01
   5.3071625e+01
  -5.0971003e+00
   1.6736227e+01
  -5.0216108e+01
   5.8492958e+01
   4.1254615e+01
   2.3844102e+01
  -1.8736929e+01
  -5.1124461e+01
   4.8919444e+01
  -5.5898137e+01
   1.5776365e+01
   4.1923569e+01
   1.5541300e+01
   6.4029758e+01
   3.4470846e+01
  -6.8319654e+01
  -8.9097106e+00
  -6.3739735e+01
   3.8038576e+01
  -2.3265766e+01
   1.7194142e+01
   5.2762520e+01
  -3.6413639e+01
   4.8481831e+00
  -3.0986167e+01
  -2.0204094e+01
  -5.3875867e+01
  -6.8943703e+01
  -6.0498419e+01
  -6.0601679e+01
   4.8283622e+01
   6.1992722e+01
   4.5957305e+01
   5.5997761e+01
   5.0031177e+01
   4.8851730e+01
   1.0319663e+01
  -5.6739002e+01
   1.6722842e+01
  -1.6309614e+01
  -3.8474684e+01
   6.6018163e+01
   2.3246275e+01
  -2.3483938e+01
   4.1808776e+00
  -5.8455854e+01
   9.3232879e+00
   6.8563386e+01
   6.5882582e+01
  -2.4040596e+01
  -5.9561523e+01
   1.2715352e+01
   6.3267219e+01
  -2.1509246e+01
  -3.4707107e+01
   5.3971715e+00
   6.9495660e+01
  -1.5577099e+01
  -6.1192675e+01
   2.2440569e+01
  -5.1972690e+01
   3.7548382e+01
   3.2851915e+01
  -6.6604968e+01
  -1.7008391e+01
  -1.7423003e+01
   6.7647231e+01
  -5.5589937e+01
   3.5241943e+01
   2.5321746e+01
  -5.2902565e+01
  -4.2361177e+01
  -1.8313810e+01
  -6.6921387e+01
   1.1278143e+00
  -2.9724517e+01
   4.8404271e+01
  -4.1520920e+01
   2.8141139e+01
   1.9831788e+01
   5.1325562e+01
  -3.8911939e+01
  -4.9137559e+01
   4.4764208e+01
  -1.7889239e+01
   1.3283931e+01
  -3.8488955e+01
   2.6857239e+01
  -2.4967434e+01
   3.3259504e+00
   8.5993053e+00
  -3.2386425e+01
  -3.6266924e+01
  -4.6800309e+01
   1.0530350e+01
  -1.3700038e+01
  -6.6903858e+01
   3.3068928e+01
   3.6226141e+01
  -5.6486390e+01
   3.5077664e+00
   6.4831729e+01
  -6.5762844e+01
   4.5293483e+01
   1.3184472e+01
   2.2852443e+01
  -3.6248857e+01
   5.7843669e+01
   4.0112054e+01
   6.2387540e+01
   4.9824634e+00
   6.5915491e+01
  -7.4985330e+00
   1.4329736e+01
  -6.2654671e+01
  -3.8540406e+01
  -2.5589980e+01
   6.7144761e+01
  -3.0768045e+01
   1.8319681e+01
   1.3850373e+01
   2.0526167e+01
   1.0871457e+01
  -7.1632164e+00
  -2.8866799e+01
  -6.1024805e+00
  -5.8424703e+01
  -3.5572736e+01
  -4.5316043e+01
  -5.7091115e+01
  -5.6797453e+01
  -6.7255340e+01
   7.5871712e+00
  -4.3780733e+01
  -1.6566198e+01
  -6.7215286e+01
   5.0647953e+01
  -5.8111017e+01
   1.9469298e+01
   2.6085994e+01
  -1.9514134e+01
   1.2809452e+01
   1.5156376e+00
  -3.3539212e+01
  -1.9796536e+00
  -4.3458630e+01
  -4.7617375e+01
   4.5312557e+01
  -4.7458457e+01
   3.6676447e+01
   1.2952477e+01
   7.4663881e+00
   4.5996957e+01
   5.6531566e+01
   7.9763870e+00
  -2.2043650e+01
  -2.6108950e+01
   8.9908683e+00
  -5.8808078e+01
  -1.4911105e+01
   1.0821078e+01
   3.0466748e+01
   4.7117550e+01
   5.8345647e+01
   2.1343156e+01
  -6.6606505e+01
  -1.9396537e+01
   1.3660274e+01
   6.5294689e+01
   4.2490351e+01
   4.4799240e+01
  -4.6673368e-01
   2.1295703e+01
  -2.6962336e+01
  -4.1136672e+01
   1.9671940e+01
  -2.3822040e+00
   3.9066855e+01
   2.2045982e+01
   5.3670972e+01
  -1.0653036e+01
   1.0893354e+00
  -5.4515476e+01
  -4.3136498e+00
   3.3304896e+01
  -4.9359994e+01
  -6.5021829e+01
  -4.0944762e+01
  -2.6603988e+01
   6.0138164e+01
   8.1864788e+00
   4.6665363e+00
  -6.1637269e+00
  -5.0775759e+01
   5.5656492e+00
   2.9278118e+01
  -6.1277253e+01
   3.7871415e+01
  -5.6190648e+01
  -2.9149550e+01
  -3.3122438e+00
  -3.5874455e+01
  -4.5221592e+01
  -6.8889514e+00
  -3.3251348e+01
   2.8906660e+01
   2.7530850e+01
   6.7232585e+01
   2.8077612e+01
   2.9674930e+01
   1.0159221e+01
  -3.7862869e+01
  -2.2856788e+01
   5.2632013e+01
   6.6736500e+00
  -6.7877444e+01
  -3.1917093e-01
   1.9526153e+01
  -3.0537832e+00
  -6.4067974e+01
   7.6973192e+00
   4.0850348e+01
  -4.6916294e+01
  -4.7612464e+00
  -1.3375945e-01
  -5.3239217e+01
   4.3323063e+01
  -6.3858697e+01
   6.3967241e+01
  -5.7762860e+01
   2.2971747e+01
  -3.9146368e+01
  -2.9894900e+01
  -1.8676689e+00
   4.9082646e+01
   5.8539165e+01
  -2.9178760e+01
   3.9224973e+01
  -2.3323511e+01
   2.0001686e+00
   5.4959725e+01
   2.5150509e+01
  -3.9957334e+01
   2.5246524e+01
  -8.5933868e+00
  -7.1142443e+00
   5.3771622e+01
  -4.1444721e+01
  -8.9322513e+00
   4.5775567e+01
   3.7094498e+01
  -2.8968995e+00
   1.6517937e+01
   4.5519823e+01
  -7.1442881e+00
  -1.9669957e+01
   6.4466995e+01
  -4.2058746e+01
   5.5993515e+00
   5.1968029e+01
  -6.4078493e+01
   6.7019461e+01
  -4.2061085e+01
   6.9449453e+01
   5.8548274e+01
   1.6549836e+01
  -1.2749636e+01
  -6.8082622e+01
  -2.4311450e+01
   2.2216733e+01
   6.7237245e+01
  -5.0593338e+01
  -5.1393793e+01
  -6.7934369e+01
  -3.7548543e+01
  -1.9762949e+00
   1.9794541e+01
  -1.8963255e+01
  -4.4471035e+01
  -4.4231700e+01
  -5.6337264e+01
   7.8113445e+00
   5.8271142e+01
   2.1408524e+01
   4.8761716e+01
   5.4199311e+01
  -3.8940102e+00
  -4.1864952e+00
   7.3073828e+00
  -3.5292181e+01
  -5.4776619e+01
   7.1340719e+00
  -1.4534600e+01
  -1.6288566e+01
  -4.9877875e+00
  -1.1927229e+01
  -6.9764541e+01
   6.6260532e+01
  -3.0825464e+01
   5.7199294e+01
   4.6910449e+01
  -5.4126516e+01
  -5.4480381e+01
  -3.0317641e+01
  -2.0531600e+01
  -5.1590091e+01
  -5.1889204e+01
  -1.2516235e+01
  -3.7922998e+01
   6.2065763e+01
  -3.1508230e+01
   5.0731373e+01
   2.6017390e+01
   4.7993594e+01
  -6.1607115e+01
   6.5988669e+01
   5.0623676e+01
   1.0880610e+01
   5.8584985e+01
   5.3103181e+01
   2.1512589e+01
  -6.6143911e+01
  -1.7194981e+01
   5.4452127e+01
   1.6502847e+01
   3.4569874e+01
   2.5741317e+01
   4.3931419e+01
   5.5809339e+01
   1.9189761e+01
  -2.5895194e+01
  -3.8261270e+01
  -3.7822325e+01
   5.3322078e+01
   4.5697829e+01
   1.1899773e+01
  -2.7533750e+01
   6.8672508e+01
   5.6749687e+00
  -4.2558288e+01
  -3.6631478e+01
   3.7399412e+01
   5.8594866e+01
   3.4746479e+01
   3.0165650e+01
  -4.7661319e+01
  -3.1316013e+01
  -5.4836965e+01
  -4.9325426e+01
  -1.8236997e+01
  -3.4668664e+01
   3.1558628e+01
  -1.1987324e+01
  -1.3313301e+01
  -3.2234045e+01
   8.9193797e+00
   6.1948175e+01
  -3.0912256e+01
  -5.7015411e+01
  -2.6917482e+01
   2.2985729e+01
   4.7261837e+01
   4.6746657e+01
  -2.5261009e+01
  -5.8606316e+01
   4.4656058e+01
   1.4135585e+01
   1.5096363e+01
  -3.5915615e+01
   3.3267511e+01
   5.4361092e+01
   4.4616559e+01
  -4.6048183e+01
   6.5011697e+01
  -3.1056936e+01
  -3.5652943e+01
  -3.1250750e+01
   5.3937885e+01
   6.3310036e+01
   6.5652007e+01
   2.0105454e+01
   3.0689222e-01
  -1.7881611e+01
  -1.5380798e+01
   2.6557033e+01
  -8.7244970e+00
   3.0512468e+01
   1.7766530e+01
  -1.9503682e+01
  -5.5298620e+01
  -5.4615256e+01
  -5.9582990e+01
   3.0075823e+00
   6.3081624e+01
  -1.1226068e+01
   6.2760148e+01
  -1.1894689e+00
  -1.8386938e+01
   6.5262962e+01
  -7.1752598e+00
   2.4392459e+01
   5.4518236e+01
  -6.8135113e+01
  -2.2424676e+01
   8.6306558e+00
  -6.9974903e+01
   5.7086112e+01
  -1.0059569e+01
   4.9489104e+01
  -3.8181171e+01
   7.4394609e+00
   4.4349646e+01
  -9.2742691e+00
  -6.2353608e+01
   7.9980671e+00
  -2.6079913e+01
   9.2172794e-03
   2.0231941e+01
  -3.0764844e+01
   9.1604927e+00
  -5.8716836e+01
   4.9339728e+01
  -5.2881237e+01
   5.8570353e+00
   5.4295647e+01
  -5.1865559e+01
   4.7261837e+01
   2.3388424e+01
   5.8773145e+01
   5.4684068e+00
  -6.0059448e+01
  -4.5392765e+00
   3.3562016e+01
  -4.5751667e+01
   6.9142987e+01
  -3.7709600e+01
   3.9581225e+01
   2.7450657e+01
   5.6740156e+01
  -6.0850799e+00
  -2.7686035e+01
   2.9092835e+00
  -2.1487227e+01
   5.7742467e+01
  -5.4140827e+01
   2.0627123e+01
  -5.8821212e+01
   3.9052961e+00
  -4.6402764e+01
  -4.0620960e-01
   6.5807415e+01
   6.0788802e+01
   3.9801648e+01
  -6.1012469e+01
   2.7767392e+01
  -4.7957634e+01
  -5.6949094e+01
   6.5067566e+01
   3.0050286e+01
   1.5006216e+01
   6.0521861e+01
  -5.8777983e+01
   5.1159539e+01
   1.0968924e+01
  -6.6216432e+01
   3.4538893e+01
   2.2888715e+01
  -6.6764413e+01
   1.2815407e+00
  -5.8319218e+01
  -1.9678003e+01
   1.4934493e+01
   5.6530173e+01
  -1.8172653e+01
  -4.8762256e+01
   9.8662078e+00
   2.2219980e+01
   5.6953776e+01
  -8.9401766e+00
   2.4368674e+01
  -2.5460292e+00
  -1.6210291e+01
  -6.3791384e+01
   6.4358874e+01
  -3.1117943e+01
   5.7049461e+01
   3.6454055e+01
  -5.0753154e+01
   2.1545329e+01
  -5.2381164e+01
   5.7495662e+01
   1.1215186e+01
   2.7596830e+01
   4.1245928e+01
   1.9483046e+01
  -4.8798040e+01
  -5.0009257e+01
   5.5385124e+01
   5.4777932e+01
  -5.7919274e+01
   6.5914198e+01
  -6.9818182e+01
  -5.9690276e+01
  -9.4699555e+00
   5.4273258e+01
  -5.3757803e+01
   3.2724807e+00
   8.5346009e+00
   4.6265903e+01
  -3.0701873e+01
   1.8063693e+01
   5.8347995e+01
  -4.8107811e+00
  -1.4890291e+01
   3.3649970e+01
  -1.9072256e+01
   4.0232604e+01
   6.9879020e+01
  -3.6830624e+01
  -4.8022515e+01
   3.7630503e+01
   6.1283058e+01
   1.3700069e+01
   1.6199518e+01
   3.8715895e+01
   4.6628195e+01
  -3.0135888e+01
  -5.2795033e+01
  -4.8046387e+01
  -3.7996858e+01
   5.6095613e+01
  -2.9443841e+01
   6.3538931e+01
   1.5660116e+01
   7.9763431e+00
  -2.0572571e+01
   1.1942952e+01
  -6.4411234e+01
  -2.4297241e+01
  -3.7630072e+01
   2.3768157e+01
   3.2332175e+01
   6.0474739e+01
  -2.7836884e+01
   2.6515554e+01
  -3.6768842e+00
   1.6150160e+01
   3.7974711e+01
   8.9872254e+00
   3.1504619e+01
   2.5341616e+01
   2.2620800e+01
  -4.7701980e+01
   5.4232049e+01
   3.2394798e+01
   4.4181497e+01
  -1.3343333e+01
  -1.0277177e+01
  -5.4561831e+01
   6.2223838e+01
   1.1109897e-02
  -6.7390247e+01
   1.7556209e+01
   1.0151126e+01
  -2.6788340e+00
  -6.2204867e+01
   2.0006455e+01
   6.6013418e+01
  -2.8605395e+01
  -1.5352394e+00
   6.5690338e+01
   5.1757241e+01
  -4.9226300e+01
   7.1579015e+00
  -1.7839174e+01
   4.0378878e+00
   7.9663107e+00
   1.2342216e+01
  -5.6144624e+01
  -3.0152724e+01
   6.5837415e+01
   5.8060415e+00
  -5.0514372e+01
   1.3869972e+00
  -3.2207214e+01
   1.0950260e+00
  -1.0913497e+01
   9.9654136e+00
   3.6216765e+01
   4.0712704e+01
  -3.0752601e+01
  -5.5959962e+01
  -3.0159971e+01
  -4.7676112e+01
  -2.9008433e+01
   3.4737864e+01
  -1.4171775e+01
  -1.9641171e+01
   5.9605175e+01
   2.9325827e+01
   3.6952110e+01
  -6.4425695e+01
   4.5122262e+01
  -4.9201161e+01
   6.0955550e+01
   5.0654871e+01
   1.7706598e+01
   2.2020046e+01
   2.4702137e+01
   1.6853703e+01
   4.0874727e+01
  -2.5074909e+01
   6.3593011e+01
   4.7619160e+01
   4.0887444e+01
  -5.3342042e+01
   2.7966241e+01
  -5.7008052e+01
  -6.3834006e+01
   4.1218561e+01
   2.7275169e+01
  -1.8370396e+01
  -5.7367270e+01
   5.1021350e+01
   3.5078448e+00
  -7.9865852e+00
  -5.5717072e+01
   1.9892599e+01
  -4.4477209e+01
  -6.3662627e+00
   7.0514897e+00
   6.1587893e+01
  -2.2590072e+01
   1.8774967e+01
  -3.7001432e+01
   2.6261058e+01
  -5.0822256e+01
  -4.5445106e+00
  -3.1054852e+01
  -4.9979970e+01
   1.9946851e+01
   4.0493969e+01
  -1.2201882e+01
   9.3504062e+00
   4.8897517e+01
   1.7085191e+01
  -2.7356812e+01
  -3.4501594e+01
   9.7178607e+00
  -4.4848607e+01
  -1.0748013e+00
  -4.4185278e+01
  -3.3865922e+01
  -4.5664563e+01
  -1.3304113e+01
   2.2056300e+01
   1.7417960e+01
  -5.2499329e+01
   3.8953235e+01
  -1.0660538e+01
   5.4993149e+01
  -4.8504685e+01
  -1.0458047e+01
  -2.8912974e+01
  -6.6448566e+01
   6.2880202e+01
  -4.9380581e+01
  -2.6687555e+01
   4.9580484e+01
   3.7705725e+00
   8.6277246e+00
  -1.5620280e+00
   4.4541182e+01
  -4.8048250e+01
  -2.8440074e+01
  -4.6060568e+01
  -2.4909186e+01
   2.0198105e+01
   3.7211511e+01
   3.4558847e+01
  -5.1091606e+01
   3.4821025e+01
  -1.2765092e+01
  -2.9813620e+01
  -1.4049030e+01
  -1.2345601e+01
  -2.0814840e+00
   1.1889998e+01
  -5.9115016e+01
  -8.6150572e-01
   2.9957895e+00
  -3.3727523e+00
   6.9597787e+01
   6.6830007e+01
   5.4840650e+00
  -4.9047741e+01
  -4.9759764e+01
  -1.9670484e+01
   5.0002254e+01
  -6.2089358e+01
   5.3238777e+01
   3.6364563e+01
  -7.5720396e+00
   3.3247149e+01
   2.0066223e+01
  -3.9488471e+00
  -1.0184721e+01
  -1.8754715e+01
   1.6729403e+01
   3.6226855e+01
  -5.1559569e+01
  -6.0102166e+01
   3.7838959e+01
   3.9552972e+01
   5.1293341e+01
   6.1108201e+01
   2.0442177e+01
  -4.8672516e+01
  -4.5524336e+01
  -3.8989097e+01
   3.6605908e+01
   1.0111486e+01
   6.3945031e+01
  -6.2582765e+01
   2.0111347e+01
   2.0302358e+01
   1.3139845e+01
  -1.8017924e+01
  -8.2481556e-01
  -6.0534792e+01
   5.8676358e+01
   2.0584296e+01
  -1.7801737e+01
  -1.4563808e+01
   2.2880434e+01
  -2.9949146e+00
  -3.4792282e+01
  -4.2431347e+01
   3.3364340e+01
  -4.2621363e+01
  -2.7967969e+01
  -2.2592959e+01
  -4.7508609e+01
   1.3855208e+01
   5.3592655e+01
  -4.7297530e+01
  -5.0995473e+00
   1.1211877e+01
  -1.3956462e+01
   3.4434207e+01
   4.2528570e+01
   1.6600824e+01
  -2.3127016e+01
  -6.3227518e+01
  -4.6331640e+01
  -4.2476602e+01
  -1.9786918e+01
   2.0861666e+01
   2.9017655e+01
  -7.8910435e+00
   4.9001263e+01
  -3.5724921e+01
  -5.3887817e+01
   5.0961565e+01
  -4.3987049e+01
   4.9100028e+01
   1.3427808e+00
   4.8241106e+01
  -3.5774758e+01
   6.8723787e+01
   6.3199566e+01
   5.1768250e+01
   4.7591012e+01
   6.3217552e+01
  -1.5461224e+01
  -8.7570178e-01
  -5.8727949e+01
  -2.0182834e+01
   3.7766271e+01
  -1.6303559e+01
   5.3182021e+01
  -2.4251517e+01
   1.8315282e+01
  -1.1487778e+01
   4.3089670e+01
  -3.9314730e+01
   7.7899546e+00
  -2.2293110e+01
  -1.6014090e+01
   4.6128908e+01
  -5.4090943e+00
   3.1760841e+01
  -5.0868168e+01
   9.8909148e+00
  -1.5065875e+01
   3.9964997e+01
  -2.5233265e+01
  -3.1794460e+01
   5.4744437e+01
  -4.2495251e+01
   7.9331412e+00
  -4.9959734e+01
   3.2542796e+01
  -6.6738533e+01
  -5.6366658e+01
  -5.1442337e+01
  -1.1558272e+01
   4.3973753e+01
   4.4100755e+01
  -5.0313527e+01
   6.9115816e+01
   2.7400511e+01
  -6.6444147e+01
   2.7384753e+01
   1.0988125e+01
  -5.2405836e+01
   1.2097878e+01
   3.0499933e+01
   2.2425229e+01
   5.7809829e-01
   4.0323205e+01
   6.4947274e+01
  -2.6275348e+01
  -3.3225030e+01
   4.9155953e+00
  -3.3975923e+01
  -1.2980507e+01
   1.0032002e+01
  -5.1350702e+01
   5.9576244e+00
   1.7183362e+01
   1.5469859e+01
  -3.9249406e+01
  -6.5424136e+01
   4.7190439e+00
   6.3692232e+01
  -6.4411123e+00
  -6.9046984e+01
   2.1379652e+01
   5.4627494e+01
   2.8553838e+00
   4.6326821e+01
  -1.9857731e+01
   2.2023787e+01
  -3.4218993e+01
  -2.3665160e+01
  -4.5723622e+01
  -2.9315085e+01
  -5.0100504e+01
  -4.7923199e+01
   2.8773368e+01
  -6.7877056e+01
   3.2301457e+01
   5.2495556e+01
  -4.6224693e+01
   3.2966961e+01
   3.6602286e+01
   3.4694692e+01
   4.9486388e+01
  -8.0930566e+00
   4.6564482e+01
   5.6817115e+01
  -2.3181889e+01
  -4.6626762e+01
  -2.6768885e+00
  -5.3472768e+01
  -6.3266154e+01
  -9.3323059e+00
  -6.3647896e+01
  -4.0528331e+01
   3.6290006e+00
  -3.3167862e+01
  -3.8503931e+01
  -1.8270453e+01
  -3.8168976e+01
   3.5616421e+01
  -3.7270749e+01
  -6.9267563e+01
  -6.6283996e+00
   1.4628980e+01
  -2.1172411e+01
  -5.3864661e+01
   6.1314091e+01
  -4.0815899e+01
  -3.9331531e+01
   1.0795344e+01
  -1.7000149e+01
  -5.2615101e+01
  -4.3098405e+01
  -3.2126034e+01
   2.2625150e+01
   3.5341204e+01
  -6.3660298e+01
  -2.7159436e+00
   5.4745373e+01
  -5.2823217e+00
   1.8334770e+01
  -6.1689329e+01
   5.5000897e+01
  -4.1095046e+01
  -4.2889217e+01
   3.4967028e+01
  -6.0881605e+01
  -4.1806306e+01
  -7.4874781e-01
  -5.9191084e+01
   5.0622198e+00
  -8.7958360e+00
  -2.6893299e+01
  -4.4699374e+01
  -1.4435647e+00
  -1.0859629e+01
  -1.8762885e+00
  -6.3723081e+01
   3.6222806e+01
   1.9695145e+01
   1.9094929e+01
  -1.6134720e+01
  -4.8646151e+01
   8.3546521e+00
  -5.3650213e+01
  -6.7104373e+01
   5.1141094e+00
  -5.5303739e+01
  -5.6873870e+00
   3.1067719e+00
   7.9060752e+00
   2.8598422e+01
  -4.8744823e+01
   3.9085417e+01
   6.6219578e+01
   8.1480640e+00
  -6.9094025e+01
   4.2523908e+01
  -6.6193217e+01
  -5.6824468e+01
  -4.4389505e+01
  -1.6216585e+00
   6.6605483e+01
   6.3532175e+01
  -2.3681774e+01
   5.8335717e+01
  -2.9318774e+00
   2.6613143e+01
   1.7685648e+01
  -1.3027294e+00
   2.0295285e+01
  -4.1338117e+01
   6.4727291e+01
   2.5788497e+00
  -2.7156564e+01
   3.4553010e+01
  -5.2920019e+01
  -5.2823770e+01
  -2.1219001e+01
   1.6762371e+01
   1.9884968e+01
   2.9445676e+01
  -3.7460463e+01
  -2.1971741e+01
  -1.5408620e+01
  -6.0094917e+01
   4.9822054e+00
   6.5290805e+01
   3.2119063e+01
  -2.5840695e+01
  -5.4707187e+00
  -5.2176808e+01
  -6.3210887e+00
  -4.6523451e+01
   3.3323028e+01
  -4.7749028e+01
   6.8056300e+01
   6.1470112e+01
   4.3134169e+01
   7.1808734e-01
  -6.5046926e+01
  -1.1802396e+01
  -6.4898492e+01
  -3.9480035e+01
  -2.7068839e+01
   6.2832641e+01
   8.3832449e+00
   4.6730348e+01
  -6.0178433e+01
  -6.1051073e+01
   2.9259438e+01
  -2.4144388e+01
   2.3412439e+01
  -9.5564167e+00
   6.4625485e+01
  -3.1383075e+01
  -3.2510252e+01
   1.4416270e+01
   5.3742018e+01
   1.5638836e+01
   4.6950142e+01
   3.4919464e+01
   6.0587749e-01
   5.3071625e+01
  -5.0971003e+00
   1.6736227e+01
  -5.0216108e+01
   5.8492958e+01
   4.1254615e+01
   2.3844102e+01
  -1.8736929e+01
  -5.1124461e+01
   4.8919444e+01
  -5.5898137e+01
   1.5776365e+01
   4.1923569e+01
   1.5541300e+01
   6.4029758e+01
   3.4470846e+01
  -6.8319654e+01
  -8.9097106e+00
  -6.3739735e+01
   3.8038576e+01
  -2.3265766e+01
   1.7194142e+01
   5.2762520e+01
  -3.6413639e+01
   4.8481831e+00
  -3.0986167e+01
  -2.0204094e+01
  -5.3875867e+01
  -6.8943703e+01
  -6.0498419e+01
  -6.0601679e+01
   4.8283622e+01
   6.1992722e+01
   4.5957305e+01
   5.5997761e+01
   5.0031177e+01
   4.8851730e+01
   1.0319663e+01
  -5.6739002e+01
   1.6722842e+01
  -1.6309614e+01
  -3.8474684e+01
   6.6018163e+01
   2.3246275e+01
  -2.3483938e+01
   4.1808776e+00
  -5.8455854e+01
   9.3232879e+00
   6.8563386e+01
   6.5882582e+01
  -2.4040596e+01
  -5.9561523e+01
   1.2715352e+01
   6.3267219e+01
  -2.1509246e+01
  -3.4707107e+01
   5.3971715e+00
   6.9495660e+01
  -1.5577099e+01
  -6.1192675e+01
   2.2440569e+01
  -5.1972690e+01
   3.7548382e+01
   3.2851915e+01
  -6.6604968e+01
  -1.7008391e+01
  -1.7423003e+01
   6.7647231e+01
  -5.5589937e+01
   3.5241943e+01
   2.5321746e+01
  -5.2902565e+01
  -4.2361177e+01
  -1.8313810e+01
  -6.6921387e+01
   1.1278143e+00
  -2.9724517e+01
   4.8404271e+01
  -4.1520920e+01
   2.8141139e+01
   1.9831788e+01
   5.1325562e+01
  -3.8911939e+01
  -4.9137559e+01
   4.4764208e+01
  -1.7889239e+01
   1.3283931e+01
  -3.8488955e+01
   2.6857239e+01
  -2.4967434e+01
   3.3259504e+00
   8.5993053e+00
  -3.2386425e+01
  -3.6266924e+01
  -4.6800309e+01
   1.0530350e+01
  -1.3700038e+01
  -6.6903858e+01
   3.3068928e+01
   3.6226141e+01
  -5.6486390e+01
   3.5077664e+00
   6.4831729e+01
  -6.5762844e+01
   4.5293483e+01
   1.3184472e+01
   2.2852443e+01
  -3.6248857e+01
   5.7843669e+01
   4.0112054e+01
   6.2387540e+01
   4.9824634e+00
   6.5915491e+01
  -7.4985330e+00
   1.4329736e+01
  -6.2654671e+01
  -3.8540406e+01
  -2.5589980e+01
   6.7144761e+01
  -3.0768045e+01
   1.8319681e+01
   1.3850373e+01
   2.0526167e+01
   1.0871457e+01
  -7.1632164e+00
  -2.8866799e+01
  -6.1024805e+00
  -5.8424703e+01
  -3.5572736e+01
  -4.5316043e+01
  -5.7091115e+01
  -5.6797453e+01
  -6.7255340e+01
   7.5871712e+00
  -4.3780733e+01
  -1.6566198e+01
  -6.7215286e+01
   5.0647953e+01
  -5.8111017e+01
   1.9469298e+01
   2.6085994e+01
  -1.9514134e+01
   1.2809452e+01
   1.5156376e+00
  -3.3539212e+01
  -1.9796536e+00
  -4.3458630e+01
  -4.7617375e+01
   4.5312557e+01
  -4.7458457e+01
   3.6676447e+01
   1.2952477e+01
   7.4663881e+00
   4.5996957e+01
   5.6531566e+01
   7.9763870e+00
  -2.2043650e+01
  -2.6108950e+01
   8.9908683e+00
  -5.8808078e+01
  -1.4911105e+01
   1.0821078e+01
   3.0466748e+01
   4.7117550e+01
   5.8345647e+01
   2.1343156e+01
  -6.6606505e+01
  -1.9396537e+01
   1.3660274e+01
   6.5294689e+01
   4.2490351e+01
   4.4799240e+01
  -4.6673368e-01
   2.1295703e+01
  -2.6962336e+01
  -4.1136672e+01
   1.9671940e+01
  -2.3822040e+00
   3.9066855e+01
   2.2045982e+01
   5.3670972e+01
  -1.0653036e+01
   1.0893354e+00
  -5.4515476e+01
  -4.3136498e+00
   3.3304896e+01
  -4.9359994e+01
  -6.5021829e+01
  -4.0944762e+01
  -2.6603988e+01
   6.0138164e+01
   8.1864788e+00
   4.6665363e+00
  -6.1637269e+00
  -5.0775759e+01
   5.5656492e+00
   2.9278118e+01
  -6.1277253e+01
   3.7871415e+01
  -5.6190648e+01
  -2.9149550e+01
  -3.3122438e+00
  -3.5874455e+01
  -4.5221592e+01
  -6.8889514e+00
  -3.3251348e+01
   2.8906660e+01
   2.7530850e+01
   6.7232585e+01
   2.8077612e+01
   2.9674930e+01
   1.0159221e+01
  -3.7862869e+01
  -2.2856788e+01
   5.2632013e+01
   6.6736500e+00
  -6.7877444e+01
  -3.1917093e-01
   1.9526153e+01
  -3.0537832e+00
  -6.4067974e+01
   7.6973192e+00
   4.0850348e+01
  -4.6916294e+01
  -4.7612464e+00
  -1.3375945e-01
  -5.3239217e+01
   4.3323063e+01
  -6.3858697e+01
   6.3967241e+01
  -5.7762860e+01
   2.2971747e+01
  -3.9146368e+01
  -2.9894900e+01
  -1.8676689e+00
   4.9082646e+01
   5.8539165e+01
  -2.9178760e+01
   3.9224973e+01
  -2.3323511e+01
   2.0001686e+00
   5.4959725e+01
   2.5150509e+01
  -3.9957334e+01
   2.5246524e+01
  -8.5933868e+00
  -7.1142443e+00
   5.3771622e+01
  -4.1444721e+01
  -8.9322513e+00
   4.5775567e+01
   3.7094498e+01
  -2.8968995e+00
   1.6517937e+01
   4.5519823e+01
  -7.1442881e+00
  -1.9669957e+01
   6.4466995e+01
  -4.2058746e+01
   5.5993515e+00
   5.1968029e+01
  -6.4078493e+01
   6.7019461e+01
  -4.2061085e+01
   6.9449453e+01
   5.8548274e+01
   1.6549836e+01
  -1.2749636e+01
  -6.8082622e+01
  -2.4311450e+01
   2.2216733e+01
   6.7237245e+01
  -5.0593338e+01
  -5.1393793e+01
  -6.7934369e+01
  -3.7548543e+01
  -1.9762949e+00
   1.9794541e+01
  -1.8963255e+01
  -4.4471035e+01
  -4.4231700e+01
  -5.6337264e+01
   7.8113445e+00
   5.8271142e+01
   2.1408524e+01
   4.8761716e+01
   5.4199311e+01
  -3.8940102e+00
  -4.1864952e+00
   7.3073828e+00
  -3.5292181e+01
  -5.4776619e+01
   7.1340719e+00
  -1.4534600e+01
  -1.6288566e+01
  -4.9877875e+00
  -1.1927229e+01
  -6.9764541e+01
   6.6260532e+01
  -3.0825464e+01
   5.7199294e+01
   4.6910449e+01
  -5.4126516e+01
  -5.4480381e+01
  -3.0317641e+01
  -2.0531600e+01
  -5.1590091e+01
  -5.1889204e+01
  -1.2516235e+01
  -3.7922998e+01
   6.2065763e+01
  -3.1508230e+01
   5.0731373e+01
   2.6017390e+01
   4.7993594e+01
  -6.1607115e+01
   6.5988669e+01
   5.0623676e+01
   1.0880610e+01
   5.8584985e+01
   5.3103181e+01
   2.1512589e+01
  -6.6143911e+01
  -1.7194981e+01
   5.4452127e+01
   1.6502847e+01
   3.4569874e+01
   2.5741317e+01
   4.3931419e+01
   5.5809339e+01
   1.9189761e+01
  -2.5895194e+01
  -3.8261270e+01
  -3.7822325e+01
   5.3322078e+01
   4.5697829e+01
   1.1899773e+01
  -2.7533750e+01
   6.8672508e+01
   5.6749687e+00
  -4.2558288e+01
  -3.6631478e+01
   3.7399412e+01
   5.8594866e+01
   3.4746479e+01
   3.0165650e+01
  -4.7661319e+01
  -3.1316013e+01
  -5.4836965e+01
  -4.9325426e+01
  -1.8236997e+01
  -3.4668664e+01
   3.1558628e+01
  -1.1987324e+01
  -1.3313301e+01
  -3.2234045e+01
   8.9193797e+00
   6.1948175e+01
  -3.0912256e+01
  -5.7015411e+01
  -2.6917482e+01
   2.2985729e+01
   4.7261837e+01
   4.6746657e+01
  -2.5261009e+01
  -5.8606316e+01
   4.4656058e+01
   1.4135585e+01
   1.5096363e+01
  -3.5915615e+01
   3.3267511e+01
   5.4361092e+01
   4.4616559e+01
  -4.6048183e+01
   6.5011697e+01
  -3.1056936e+01
  -3.5652943e+01
  -3.1250750e+01
   5.3937885e+01
   6.3310036e+01
   6.5652007e+01
   2.0105454e+01
   3.0689222e-01
  -1.7881611e+01
  -1.5380798e+01
   2.6557033e+01
  -8.7244970e+00
   3.0512468e+01
   1.7766530e+01
  -1.9503682e+01
  -5.5298620e+01
  -5.4615256e+01
  -5.9582990e+01
   3.0075823e+00
   6.3081624e+01
  -1.1226068e+01
   6.2760148e+01
  -1.1894689e+00
  -1.8386938e+01
   6.5262962e+01
  -7.1752598e+00
   2.4392459e+01
   5.4518236e+01
  -6.8135113e+01
  -2.2424676e+01
   8.6306558e+00
  -6.9974903e+01
   5.7086112e+01
  -1.0059569e+01
   4.9489104e+01
  -3.8181171e+01
   7.4394609e+00
   4.4349646e+01
  -9.2742691e+00
  -6.2353608e+01
   7.9980671e+00
  -2.6079913e+01
   9.2172794e-03
   2.0231941e+01
  -3.0764844e+01
   9.1604927e+00
  -5.8716836e+01
   4.9339728e+01
  -5.2881237e+01
   5.8570353e+00
   5.4295647e+01
  -5.1865559e+01
   4.7261837e+01
   2.3388424e+01
   5.8773145e+01
   5.4684068e+00
  -6.0059448e+01
  -4.5392765e+00
   3.3562016e+01
  -4.5751667e+01
   6.9142987e+01
  -3.7709600e+01
   3.9581225e+01
   2.7450657e+01
   5.6740156e+01
  -6.0850799e+00
  -2.7686035e+01
   2.9092835e+00
  -2.1487227e+01
   5.7742467e+01
  -5.4140827e+01
   2.0627123e+01
  -5.8821212e+01
   3.9052961e+00
  -4.6402764e+01
  -4.0620960e-01
   6.5807415e+01
   6.0788802e+01
   3.9801648e+01
  -6.1012469e+01
   2.7767392e+01
  -4.7957634e+01
  -5.6949094e+01
   6.5067566e+01
   3.0050286e+01
   1.5006216e+01
   6.0521861e+01
  -5.8777983e+01
   5.1159539e+01
   1.0968924e+01
  -6.6216432e+01
   3.4538893e+01
   2.2888715e+01
  -6.6764413e+01
   1.2815407e+00
  -5.8319218e+01
  -1.9678003e+01
   1.4934493e+01
   5.6530173e+01
  -1.8172653e+01
  -4.8762256e+01
   9.8662078e+00
   2.2219980e+01
   5.6953776e+01
  -8.9401766e+00
   2.4368674e+01
  -2.5460292e+00
  -1.6210291e+01
  -6.3791384e+01
   6.4358874e+01
  -3.1117943e+01
   5.7049461e+01
   3.6454055e+01
  -5.0753154e+01
   2.1545329e+01
  -5.2381164e+01
   5.7495662e+01
   1.1215186e+01
   2.7596830e+01
   4.1245928e+01
   1.9483046e+01
  -4.8798040e+01
  -5.0009257e+01
   5.5385124e+01
   5.4777932e+01
  -5.7919274e+01
   6.5914198e+01
  -6.9818182e+01
  -5.9690276e+01
  -9.4699555e+00
   5.4273258e+01
  -5.3757803e+01
   3.2724807e+00
   8.5346009e+00
   4.6265903e+01
  -3.0701873e+01
   1.8063693e+01
   5.8347995e+01
  -4.8107811e+00
  -1.4890291e+01
   3.3649970e+01
  -1.9072256e+01
   4.0232604e+01
   6.9879020e+01
  -3.6830624e+01
  -4.8022515e+01
   3.7630503e+01
   6.1283058e+01
   1.3700069e+01
   1.6199518e+01
   3.8715895e+01
   4.6628195e+01
  -3.0135888e+01
  -5.2795033e+01
  -4.8046387e+01
  -3.7996858e+01
   5.6095613e+01
  -2.9443841e+01
   6.3538931e+01
   1.5660116e+01
   7.9763431e+00
  -2.0572571e+01
   1.1942952e+01
  -6.4411234e+01
  -2.4297241e+01
  -3.7630072e+01
   2.3768157e+01
   3.2332175e+01
   6.0474739e+01
  -2.7836884e+01
   2.6515554e+01
  -3.6768842e+00
   1.6150160e+01
   3.7974711e+01
   8.9872254e+00
   3.1504619e+01
   2.5341616e+01
   2.2620800e+01
  -4.7701980e+01
   5.4232049e+01
   3.2394798e+01
   4.4181497e+01
  -1.3343333e+01
  -1.0277177e+01
  -5.4561831e+01
   6.2223838e+01
   1.1109897e-02
  -6.7390247e+01
   1.7556209e+01
   1.0151126e+01
  -2.6788340e+00
  -6.2204867e+01
   2.0006455e+01
   6.6013418e+01
  -2.8605395e+01
  -1.5352394e+00
   6.5690338e+01
   5.1757241e+01
  -4.9226300e+01
   7.1579015e+00
  -1.7839174e+01
   4.0378878e+00
   7.9663107e+00
   1.2342216e+01
  -5.6144624e+01
  -3.0152724e+01
   6.5837415e+01
   5.8060415e+00
  -5.0514372e+01
   1.3869972e+00
  -3.2207214e+01
   1.0950260e+00
  -1.0913497e+01
   9.9654136e+00
   3.6216765e+01
   4.0712704e+01
  -3.0752601e+01
  -5.5959962e+01
  -3.0159971e+01
  -4.7676112e+01
  -2.9008433e+01
   3.4737864e+01
  -1.4171775e+01
  -1.9641171e+01
   5.9605175e+01
   2.9325827e+01
   3.6952110e+01
  -6.4425695e+01
   4.5122262e+01
  -4.9201161e+01
   6.0955550e+01
   5.0654871e+01
   1.7706598e+01
   2.2020046e+01
   2.4702137e+01
   1.6853703e+01
   4.0874727e+01
  -2.5074909e+01
   6.3593011e+01
   4.7619160e+01
   4.0887444e+01
  -5.3342042e+01
   2.7966241e+01
  -5.7008052e+01
  -6.3834006e+01
   4.1218561e+01
   2.7275169e+01
  -1.8370396e+01
  -5.7367270e+01
   5.1021350e+01
   3.5078448e+00
  -7.9865852e+00
  -5.5717072e+01
   1.9892599e+01
  -4.4477209e+01
  -6.3662627e+00
   7.0514897e+00
   6.1587893e+01
  -2.2590072e+01
   1.8774967e+01
  -3.7001432e+01
   2.6261058e+01
  -5.0822256e+01
  -4.5445106e+00
  -3.1054852e+01
  -4.9979970e+01
   1.9946851e+01
   4.0493969e+01
  -1.2201882e+01
   9.3504062e+00
   4.8897517e+01
   1.7085191e+01
  -2.7356812e+01
  -3.4501594e+01
   9.7178607e+00
  -4.4848607e+01
  -1.0748013e+00
  -4.4185278e+01
  -3.3865922e+01
  -4.5664563e+01
  -1.3304113e+01
   2.2056300e+01
   1.7417960e+01
  -5.2499329e+01
   3.8953235e+01
  -1.0660538e+01
   5.4993149e+01
  -4.8504685e+01
  -1.0458047e+01
  -2.8912974e+01
  -6.6448566e+01
   6.2880202e+01
  -4.9380581e+01
  -2.6687555e+01
   4.9580484e+01
   3.7705725e+00
   8.6277246e+00
  -1.5620280e+00
   4.4541182e+01
  -4.8048250e+01
  -2.8440074e+01
  -4.6060568e+01
  -2.4909186e+01
   2.0198105e+01
   3.7211511e+01
   3.4558847e+01
  -5.1091606e+01
   3.4821025e+01
  -1.2765092e+01
  -2.9813620e+01
  -1.4049030e+01
  -1.2345601e+01
  -2.0814840e+00
   1.1889998e+01
  -5.9115016e+01
  -8.6150572e-01
   2.9957895e+00
  -3.3727523e+00
   6.9597787e+01
   6.6830007e+01
   5.4840650e+00
  -4.9047741e+01
  -4.9759764e+01
  -1.9670484e+01
   5.0002254e+01
  -6.2089358e+01
   5.3238777e+01
   3.6364563e+01
  -7.5720396e+00
   3.3247149e+01
   2.0066223e+01
  -3.9488471e+00
  -1.0184721e+01
  -1.8754715e+01
   1.6729403e+01
   3.6226855e+01
  -5.1559569e+01
  -6.0102166e+01
   3.7838959e+01
   3.9552972e+01
   5.1293341e+01
   6.1108201e+01
   2.0442177e+01
  -4.8672516e+01
  -4.5524336e+01
  -3.8989097e+01
   3.6605908e+01
   1.0111486e+01
   6.3945031e+01
  -6.2582765e+01
   2.0111347e+01
   2.0302358e+01
   1.3139845e+01
  -1.8017924e+01
  -8.2481556e-01
  -6.0534792e+01
   5.8676358e+01
   2.0584296e+01
  -1.7801737e+01
  -1.4563808e+01
   2.2880434e+01
  -2.9949146e+00
  -3.4792282e+01
  -4.2431347e+01
   3.3364340e+01
  -4.2621363e+01
  -2.7967969e+01
  -2.2592959e+01
  -4.7508609e+01
   1.3855208e+01
   5.3592655e+01
  -4.7297530e+01
  -5.0995473e+00
   1.1211877e+01
  -1.3956462e+01
   3.4434207e+01
   4.2528570e+01
   1.6600824e+01
  -2.3127016e+01
  -6.3227518e+01
  -4.6331640e+01
  -4.2476602e+01
  -1.9786918e+01
   2.0861666e+01
   2.9017655e+01
  -7.8910435e+00
   4.9001263e+01
  -3.5724921e+01
  -5.3887817e+01
   5.0961565e+01
  -4.3987049e+01
   4.9100028e+01
   1.3427808e+00
   4.8241106e+01
  -3.5774758e+01
   6.8723787e+01
   6.3199566e+01
   5.1768250e+01
   4.7591012e+01
   6.3217552e+01
  -1.5461224e+01
  -8.7570178e-01
  -5.8727949e+01
  -2.0182834e+01
   3.7766271e+01
  -1.6303559e+01
   5.3182021e+01
  -2.4251517e+01
   1.8315282e+01
  -1.1487778e+01
   4.3089670e+01
  -3.9314730e+01
   7.7899546e+00
  -2.2293110e+01
  -1.6014090e+01
   4.6128908e+01
  -5.4090943e+00
   3.1760841e+01
  -5.0868168e+01
   9.8909148e+00
  -1.5065875e+01
   3.9964997e+01
  -2.5233265e+01
  -3.1794460e+01
   5.4744437e+01
  -4.2495251e+01
   7.9331412e+00
  -4.9959734e+01
   3.2542796e+01
  -6.6738533e+01
  -5.6366658e+01
  -5.1442337e+01
  -1.1558272e+01
   4.3973753e+01
   4.4100755e+01
  -5.0313527e+01
   6.9115816e+01
   2.7400511e+01
  -6.6444147e+01
   2.7384753e+01
   1.0988125e+01
  -5.2405836e+01
   1.2097878e+01
   3.0499933e+01
   2.2425229e+01
   5.7809829e-01
   4.0323205e+01
   6.4947274e+01
  -2.6275348e+01
  -3.3225030e+01
   4.9155953e+00
  -3.3975923e+01
  -1.2980507e+01
   1.0032002e+01
  -5.1350702e+01
   5.9576244e+00
   1.7183362e+01
   1.5469859e+01
  -3.9249406e+01
  -6.5424136e+01
   4.7190439e+00
   6.3692232e+01
  -6.4411123e+00
  -6.9046984e+01
   2.1379652e+01
   5.4627494e+01
   2.8553838e+00
   4.6326821e+01
  -1.9857731e+01
   2.2023787e+01
  -3.4218993e+01
  -2.3665160e+01
  -4.5723622e+01
  -2.9315085e+01
  -5.0100504e+01
  -4.7923199e+01
   2.8773368e+01
  -6.7877056e+01
   3.2301457e+01
   5.2495556e+01
  -4.6224693e+01
   3.2966961e+01
   3.6602286e+01
   3.4694692e+01
   4.9486388e+01
  -8.0930566e+00
   4.6564482e+01
   5.6817115e+01
  -2.3181889e+01
  -4.6626762e+01
  -2.6768885e+00
  -5.3472768e+01
  -6.3266154e+01
  -9.3323059e+00
  -6.3647896e+01
  -4.0528331e+01
   3.6290006e+00
  -3.3167862e+01
  -3.8503931e+01
  -1.8270453e+01
  -3.8168976e+01
   3.5616421e+01
  -3.7270749e+01
  -6.9267563e+01
  -6.6283996e+00
   1.4628980e+01
  -2.1172411e+01
  -5.3864661e+01
   6.1314091e+01
  -4.0815899e+01
  -3.9331531e+01
   1.0795344e+01
  -1.7000149e+01
  -5.2615101e+01
  -4.3098405e+01
  -3.2126034e+01
   2.2625150e+01
   3.5341204e+01
  -6.3660298e+01
  -2.7159436e+00
   5.4745373e+01
  -5.2823217e+00
   1.8334770e+01
  -6.1689329e+01
   5.5000897e+01
  -4.1095046e+01
  -4.2889217e+01
   3.4967028e+01
  -6.0881605e+01
  -4.1806306e+01
  -7.4874781e-01
  -5.9191084e+01
   5.0622198e+00
  -8.7958360e+00
  -2.6893299e+01
  -4.4699374e+01
  -1.4435647e+00
  -1.0859629e+01
  -1.8762885e+00
  -6.3723081e+01
   3.6222806e+01
   1.9695145e+01
   1.9094929e+01
  -1.6134720e+01
  -4.8646151e+01
   8.3546521e+00
  -5.3650213e+01
  -6.7104373e+01
   5.1141094e+00
  -5.5303739e+01
  -5.6873870e+00
   3.1067719e+00
   7.9060752e+00
   2.8598422e+01
  -4.8744823e+01
   3.9085417e+01
   6.6219578e+01
   8.1480640e+00
  -6.9094025e+01
   4.2523908e+01
  -6.6193217e+01
  -5.6824468e+01
  -4.4389505e+01
  -1.6216585e+00
   6.6605483e+01
   6.3532175e+01
  -2.3681774e+01
   5.8335717e+01
  -2.9318774e+00
   2.6613143e+01
   1.7685648e+01
  -1.3027294e+00
   2.0295285e+01
  -4.1338117e+01
   6.4727291e+01
   2.5788497e+00
  -2.7156564e+01
   3.4553010e+01
  -5.2920019e+01
  -5.2823770e+01
  -2.1219001e+01
   1.6762371e+01
   1.9884968e+01
   2.9445676e+01
  -3.7460463e+01
  -2.1971741e+01
  -1.5408620e+01
  -6.0094917e+01
   4.9822054e+00
   6.5290805e+01
   3.2119063e+01
  -2.5840695e+01
  -5.4707187e+00
  -5.2176808e+01
  -6.3210887e+00
  -4.6523451e+01
   3.3323028e+01
  -4.7749028e+01
   6.8056300e+01
   6.1470112e+01
   4.3134169e+01
   7.1808734e-01
  -6.5046926e+01
  -1.1802396e+01
  -6.4898492e+01
  -3.9480035e+01
  -2.7068839e+01
   6.2832641e+01
   8.3832449e+00
   4.6730348e+01
  -6.0178433e+01
  -6.1051073e+01
   2.9259438e+01
  -2.4144388e+01
   2.3412439e+01
  -9.5564167e+00
   6.4625485e+01
  -3.1383075e+01
  -3.2510252e+01
   1.4416270e+01
   5.3742018e+01
   1.5638836e+01
   4.6950142e+01
   3.4919464e+01
   6.0587749e-01
   5.3071625e+01
  -5.0971003e+00
   1.6736227e+01
  -5.0216108e+01
   5.8492958e+01
   4.1254615e+01
   2.3844102e+01
  -1.8736929e+01
  -5.1124461e+01
   4.8919444e+01
  -5.5898137e+01
   1.5776365e+01
   4.1923569e+01
   1.5541300e+01
   6.4029758e+01
   3.4470846e+01
  -6.8319654e+01
  -8.9097106e+00
  -6.3739735e+01
   3.8038576e+01
  -2.3265766e+01
   1.7194142e+01
   5.2762520e+01
  -3.6413639e+01
   4.8481831e+00
  -3.0986167e+01
  -2.0204094e+01
  -5.3875867e+01
  -6.8943703e+01
  -6.0498419e+01
  -6.0601679e+01
   4.8283622e+01
   6.1992722e+01
   4.5957305e+01
   5.5997761e+01
   5.0031177e+01
   4.8851730e+01
   1.0319663e+01
  -5.6739002e+01
   1.6722842e+01
  -1.6309614e+01
  -3.8474684e+01
   6.6018163e+01
   2.3246275e+01
  -2.3483938e+01
   4.1808776e+00
  -5.8455854e+01
   9.3232879e+00
   6.8563386e+01
   6.5882582e+01
  -2.4040596e+01
  -5.9561523e+01
   1.2715352e+01
   6.3267219e+01
  -2.1509246e+01
  -3.4707107e+01
   5.3971715e+00
   6.9495660e+01
  -1.5577099e+01
  -6.1192675e+01
   2.2440569e+01
  -5.1972690e+01
   3.7548382e+01
   3.2851915e+01
  -6.6604968e+01
  -1.7008391e+01
  -1.7423003e+01
   6.7647231e+01
  -5.5589937e+01
   3.5241943e+01
   2.5321746e+01
  -5.2902565e+01
  -4.2361177e+01
  -1.8313810e+01
  -6.6921387e+01
   1.1278143e+00
  -2.9724517e+01
   4.8404271e+01
  -4.1520920e+01
   2.8141139e+01
   1.9831788e+01
   5.1325562e+01
  -3.8911939e+01
  -4.9137559e+01
   4.4764208e+01
  -1.7889239e+01
   1.3283931e+01
  -3.8488955e+01
   2.6857239e+01
  -2.4967434e+01
   3.3259504e+00
   8.5993053e+00
  -3.2386425e+01
  -3.6266924e+01
  -4.6800309e+01
   1.0530350e+01
  -1.3700038e+01
  -6.6903858e+01
   3.3068928e+01
   3.6226141e+01
  -5.6486390e+01
   3.5077664e+00
   6.4831729e+01
  -6.5762844e+01
   4.5293483e+01
   1.3184472e+01
   2.2852443e+01
  -3.6248857e+01
   5.7843669e+01
   4.0112054e+01
   6.2387540e+01
   4.9824634e+00
   6.5915491e+01
  -7.4985330e+00
   1.4329736e+01
  -6.2654671e+01
  -3.8540406e+01
  -2.5589980e+01
   6.7144761e+01
  -3.0768045e+01
   1.8319681e+01
   1.3850373e+01
   2.0526167e+01
   1.0871457e+01
  -7.1632164e+00
  -2.8866799e+01
  -6.1024805e+00
  -5.8424703e+01
  -3.5572736e+01
  -4.5316043e+01
  -5.7091115e+01
  -5.6797453e+01
  -6.7255340e+01
   7.5871712e+00
  -4.3780733e+01
  -1.6566198e+01
  -6.7215286e+01
   5.0647953e+01
  -5.8111017e+01
   1.9469298e+01
   2.6085994e+01
  -1.9514134e+01
   1.2809452e+01
   1.5156376e+00
  -3.3539212e+01
  -1.9796536e+00
  -4.3458630e+01
  -4.7617375e+01
   4.5312557e+01
  -4.7458457e+01
   3.6676447e+01
   1.2952477e+01
   7.4663881e+00
   4.5996957e+01
   5.6531566e+01
   7.9763870e+00
  -2.2043650e+01
  -2.6108950e+01
   8.9908683e+00
  -5.8808078e+01
  -1.4911105e+01
   1.0821078e+01
   3.0466748e+01
   4.7117550e+01
   5.8345647e+01
   2.1343156e+01
  -6.6606505e+01
  -1.9396537e+01
   1.3660274e+01
   6.5294689e+01
   4.2490351e+01
   4.4799240e+01
  -4.6673368e-01
   2.1295703e+01
  -2.6962336e+01
  -4.1136672e+01
   1.9671940e+01
  -2.3822040e+00
   3.9066855e+01
   2.2045982e+01
   5.3670972e+01
  -1.0653036e+01
   1.0893354e+00
  -5.4515476e+01
  -4.3136498e+00
   3.3304896e+01
  -4.9359994e+01
  -6.5021829e+01
  -4.0944762e+01
  -2.6603988e+01
   6.0138164e+01
   8.1864788e+00
   4.6665363e+00
  -6.1637269e+00
  -5.0775759e+01
   5.5656492e+00
   2.9278118e+01
  -6.1277253e+01
   3.7871415e+01
  -5.6190648e+01
  -2.9149550e+01
  -3.3122438e+00
  -3.5874455e+01
  -4.5221592e+01
  -6.8889514e+00
  -3.3251348e+01
   2.8906660e+01
   2.7530850e+01
   6.7232585e+01
   2.8077612e+01
   2.9674930e+01
   1.0159221e+01
  -3.7862869e+01
  -2.2856788e+01
   5.2632013e+01
   6.6736500e+00
  -6.7877444e+01
  -3.1917093e-01
   1.9526153e+01
  -3.0537832e+00
  -6.4067974e+01
   7.6973192e+00
   4.0850348e+01
  -4.6916294e+01
  -4.7612464e+00
  -1.3375945e-01
  -5.3239217e+01
   4.3323063e+01
  -6.3858697e+01
   6.3967241e+01
  -5.7762860e+01
   2.2971747e+01
  -3.9146368e+01
  -2.9894900e+01
  -1.8676689e+00
   4.9082646e+01
   5.8539165e+01
  -2.9178760e+01
   3.9224973e+01
  -2.3323511e+01
   2.0001686e+00
   5.4959725e+01
   2.5150509e+01
  -3.9957334e+01
   2.5246524e+01
  -8.5933868e+00
  -7.1142443e+00
   5.3771622e+01
  -4.1444721e+01
  -8.9322513e+00
   4.5775567e+01
   3.7094498e+01
  -2.8968995e+00
   1.6517937e+01
   4.5519823e+01
  -7.1442881e+00
  -1.9669957e+01
   6.4466995e+01
  -4.2058746e+01
   5.5993515e+00
   5.1968029e+01
  -6.4078493e+01
   6.7019461e+01
  -4.2061085e+01
   6.9449453e+01
   5.8548274e+01
   1.6549836e+01
  -1.2749636e+01
  -6.8082622e+01
  -2.4311450e+01
   2.2216733e+01
   6.7237245e+01
  -5.0593338e+01
  -5.1393793e+01
  -6.7934369e+01
  -3.7548543e+01
  -1.9762949e+00
   1.9794541e+01
  -1.8963255e+01
  -4.4471035e+01
  -4.4231700e+01
  -5.6337264e+01
   7.8113445e+00
   5.8271142e+01
   2.1408524e+01
   4.8761716e+01
   5.4199311e+01
  -3.8940102e+00
  -4.1864952e+00
   7.3073828e+00
  -3.5292181e+01
  -5.4776619e+01
   7.1340719e+00
  -1.4534600e+01
  -1.6288566e+01
  -4.9877875e+00
  -1.1927229e+01
  -6.9764541e+01
   6.6260532e+01
  -3.0825464e+01
   5.7199294e+01
   4.6910449e+01
  -5.4126516e+01
  -5.4480381e+01
  -3.0317641e+01
  -2.0531600e+01
  -5.1590091e+01
  -5.1889204e+01
  -1.2516235e+01
  -3.7922998e+01
   6.2065763e+01
  -3.1508230e+01
   5.0731373e+01
   2.6017390e+01
   4.7993594e+01
  -6.1607115e+01
   6.5988669e+01
   5.0623676e+01
   1.0880610e+01
   5.8584985e+01
   5.3103181e+01
   2.1512589e+01
  -6.6143911e+01
  -1.7194981e+01
   5.4452127e+01
   1.6502847e+01
   3.4569874e+01
   2.5741317e+01
   4.3931419e+01
   5.5809339e+01
   1.9189761e+01
  -2.5895194e+01
  -3.8261270e+01
  -3.7822325e+01
   5.3322078e+01
   4.5697829e+01
   1.1899773e+01
  -2.7533750e+01
   6.8672508e+01
   5.6749687e+00
  -4.2558288e+01
  -3.6631478e+01
   3.7399412e+01
   5.8594866e+01
   3.4746479e+01
   3.0165650e+01
  -4.7661319e+01
  -3.1316013e+01
  -5.4836965e+01
  -4.9325426e+01
  -1.8236997e+01
  -3.4668664e+01
   3.1558628e+01
  -1.1987324e+01
  -1.3313301e+01
  -3.2234045e+01
   8.9193797e+00
   6.1948175e+01
  -3.0912256e+01
  -5.7015411e+01
  -2.6917482e+01
   2.2985729e+01
   4.7261837e+01
   4.6746657e+01
  -2.5261009e+01
  -5.8606316e+01
   4.4656058e+01
   1.4135585e+01
   1.5096363e+01
  -3.5915615e+01
   3.3267511e+01
   5.4361092e+01
   4.4616559e+01
  -4.6048183e+01
   6.5011697e+01
  -3.1056936e+01
  -3.5652943e+01
  -3.1250750e+01
   5.3937885e+01
   6.3310036e+01
   6.5652007e+01
   2.0105454e+01
   3.0689222e-01
  -1.7881611e+01
  -1.5380798e+01
   2.6557033e+01
  -8.7244970e+00
   3.0512468e+01
   1.7766530e+01
  -1.9503682e+01
  -5.5298620e+01
  -5.4615256e+01
  -5.9582990e+01
   3.0075823e+00
   6.3081624e+01
  -1.1226068e+01
   6.2760148e+01
  -1.1894689e+00
  -1.8386938e+01
   6.5262962e+01
  -7.1752598e+00
   2.4392459e+01
   5.4518236e+01
  -6.8135113e+01
  -2.2424676e+01
   8.6306558e+00
  -6.9974903e+01
   5.7086112e+01
  -1.0059569e+01
   4.9489104e+01
  -3.8181171e+01
   7.4394609e+00
   4.4349646e+01
  -9.2742691e+00
  -6.2353608e+01
   7.9980671e+00
  -2.6079913e+01
   9.2172794e-03
   2.0231941e+01
  -3.0764844e+01
   9.1604927e+00
  -5.8716836e+01
   4.9339728e+01
  -5.2881237e+01
   5.8570353e+00
   5.4295647e+01
  -5.1865559e+01
   4.7261837e+01
   2.3388424e+01
   5.8773145e+01
   5.4684068e+00
  -6.0059448e+01
  -4.5392765e+00
   3.3562016e+01
  -4.5751667e+01
   6.9142987e+01
  -3.7709600e+01
   3.9581225e+01
   2.7450657e+01
   5.6740156e+01
  -6.0850799e+00
  -2.7686035e+01
   2.9092835e+00
  -2.1487227e+01
   5.7742467e+01
  -5.4140827e+01
   2.0627123e+01
  -5.8821212e+01
   3.9052961e+00
  -4.6402764e+01
  -4.0620960e-01
   6.5807415e+01
   6.0788802e+01
   3.9801648e+01
  -6.1012469e+01
   2.7767392e+01
  -4.7957634e+01
  -5.6949094e+01
   6.5067566e+01
   3.0050286e+01
   1.5006216e+01
   6.0521861e+01
  -5.8777983e+01
   5.1159539e+01
   1.0968924e+01
  -6.6216432e+01
   3.4538893e+01
   2.2888715e+01
  -6.6764413e+01
   1.2815407e+00
  -5.8319218e+01
  -1.9678003e+01
   1.4934493e+01
   5.6530173e+01
  -1.8172653e+01
  -4.8762256e+01
   9.8662078e+00
   2.2219980e+01
   5.6953776e+01
  -8.9401766e+00
   2.4368674e+01
  -2.5460292e+00
  -1.6210291e+01
  -6.3791384e+01
   6.4358874e+01
  -3.1117943e+01
   5.7049461e+01
   3.6454055e+01
  -5.0753154e+01
   2.1545329e+01
  -5.2381164e+01
   5.7495662e+01
   1.1215186e+01
   2.7596830e+01
   4.1245928e+01
   1.9483046e+01
  -4.8798040e+01
  -5.0009257e+01
   5.5385124e+01
   5.4777932e+01
  -5.7919274e+01
   6.5914198e+01
  -6.9818182e+01
  -5.9690276e+01
  -9.4699555e+00
   5.4273258e+01
  -5.3757803e+01
   3.2724807e+00
   8.5346009e+00
   4.6265903e+01
  -3.0701873e+01
   1.8063693e+01
   5.8347995e+01
  -4.8107811e+00
  -1.4890291e+01
   3.3649970e+01
  -1.9072256e+01
   4.0232604e+01
   6.9879020e+01
  -3.6830624e+01
  -4.8022515e+01
   3.7630503e+01
   6.1283058e+01
   1.3700069e+01
   1.6199518e+01
   3.8715895e+01
   4.6628195e+01
  -3.0135888e+01
  -5.2795033e+01
  -4.8046387e+01
  -3.7996858e+01
   5.6095613e+01
  -2.9443841e+01
   6.3538931e+01
   1.5660116e+01
   7.9763431e+00
  -2.0572571e+01
   1.1942952e+01
  -6.4411234e+01
  -2.4297241e+01
  -3.7630072e+01
   2.3768157e+01
   3.2332175e+01
   6.0474739e+01
  -2.7836884e+01
   2.6515554e+01
  -3.6768842e+00
   1.6150160e+01
   3.7974711e+01
   8.9872254e+00
   3.1504619e+01
   2.5341616e+01
   2.2620800e+01
  -4.7701980e+01
   5.4232049e+01
   3.2394798e+01
   4.4181497e+01
  -1.3343333e+01
  -1.0277177e+01
  -5.4561831e+01
   6.2223838e+01
   1.1109897e-02
  -6.7390247e+01
   1.7556209e+01
   1.0151126e+01
  -2.6788340e+00
  -6.2204867e+01
   2.0006455e+01
   6.6013418e+01
  -2.8605395e+01
  -1.5352394e+00
   6.5690338e+01
   5.1757241e+01
  -4.9226300e+01
   7.1579015e+00
  -1.7839174e+01
   4.0378878e+00
   7.9663107e+00
   1.2342216e+01
  -5.6144624e+01
  -3.0152724e+01
   6.5837415e+01
   5.8060415e+00
  -5.0514372e+01
   1.3869972e+00
  -3.2207214e+01
   1.0950260e+00
  -1.0913497e+01
   9.9654136e+00
   3.6216765e+01
   4.0712704e+01
  -3.0752601e+01
  -5.5959962e+01
  -3.0159971e+01
  -4.7676112e+01
  -2.9008433e+01
   3.4737864e+01
  -1.4171775e+01
  -1.9641171e+01
   5.9605175e+01
   2.9325827e+01
   3.6952110e+01
  -6.4425695e+01
   4.5122262e+01
  -4.9201161e+01
   6.0955550e+01
   5.0654871e+01
   1.7706598e+01
   2.2020046e+01
   2.4702137e+01
   1.6853703e+01
   4.0874727e+01
  -2.5074909e+01
   6.3593011e+01
   4.7619160e+01
   4.0887444e+01
  -5.3342042e+01
   2.7966241e+01
  -5.7008052e+01
  -6.3834006e+01
   4.1218561e+01
   2.7275169e+01
  -1.8370396e+01
  -5.7367270e+01
   5.1021350e+01
   3.5078448e+00
  -7.9865852e+00
  -5.5717072e+01
   1.9892599e+01
  -4.4477209e+01
  -6.3662627e+00
   7.0514897e+00
   6.1587893e+01
  -2.2590072e+01
   1.8774967e+01
  -3.7001432e+01
   2.6261058e+01
  -5.0822256e+01
  -4.5445106e+00
  -3.1054852e+01
  -4.9979970e+01
   1.9946851e+01
   4.0493969e+01
  -1.2201882e+01
   9.3504062e+00
   4.8897517e+01
   1.7085191e+01
  -2.7356812e+01
  -3.4501594e+01
   9.7178607e+00
  -4.4848607e+01
  -1.0748013e+00
  -4.4185278e+01
  -3.3865922e+01
  -4.5664563e+01
  -1.3304113e+01
   2.2056300e+01
   1.7417960e+01
  -5.2499329e+01
   3.8953235e+01
  -1.0660538e+01
   5.4993149e+01
  -4.8504685e+01
  -1.0458047e+01
  -2.8912974e+01
  -6.6448566e+01
   6.2880202e+01
  -4.9380581e+01
  -2.6687555e+01
   4.9580484e+01
   3.7705725e+00
   8.6277246e+00
  -1.5620280e+00
   4.4541182e+01
  -4.8048250e+01
  -2.8440074e+01
  -4.6060568e+01
  -2.4909186e+01
   2.0198105e+01
   3.7211511e+01
   3.4558847e+01
  -5.1091606e+01
   3.4821025e+01
  -1.2765092e+01
  -2.9813620e+01
  -1.4049030e+01
  -1.2345601e+01
  -2.0814840e+00
   1.1889998e+01
  -5.9115016e+01
  -8.6150572e-01
   2.9957895e+00
  -3.3727523e+00
   6.9597787e+01
   6.6830007e+01
   5.4840650e+00
  -4.9047741e+01
  -4.9759764e+01
  -1.9670484e+01
   5.0002254e+01
  -6.2089358e+01
   5.3238777e+01
   3.6364563e+01
  -7.5720396e+00
   3.3247149e+01
   2.0066223e+01
  -3.9488471e+00
  -1.0184721e+01
  -1.8754715e+01
   1.6729403e+01
   3.6226855e+01
  -5.1559569e+01
  -6.0102166e+01
   3.7838959e+01
   3.9552972e+01
   5.1293341e+01
   6.1108201e+01
   2.0442177e+01
  -4.8672516e+01
  -4.5524336e+01
  -3.8989097e+01
   3.6605908e+01
   1.0111486e+01
   6.3945031e+01
  -6.2582765e+01
   2.0111347e+01
   2.0302358e+01
   1.3139845e+01
  -1.8017924e+01
  -8.2481556e-01
  -6.0534792e+01
   5.8676358e+01
   2.0584296e+01
  -1.7801737e+01
  -1.4563808e+01
   2.2880434e+01
  -2.9949146e+00
  -3.4792282e+01
  -4.2431347e+01
   3.3364340e+01
  -4.2621363e+01
  -2.7967969e+01
  -2.2592959e+01
  -4.7508609e+01
   1.3855208e+01
   5.3592655e+01
  -4.7297530e+01
  -5.0995473e+00
   1.1211877e+01
  -1.3956462e+01
   3.4434207e+01
   4.2528570e+01
   1.6600824e+01
  -2.3127016e+01
  -6.3227518e+01
  -4.6331640e+01
  -4.2476602e+01
  -1.9786918e+01
   2.0861666e+01
   2.9017655e+01
  -7.8910435e+00
   4.9001263e+01
  -3.5724921e+01
  -5.3887817e+01
   5.0961565e+01
  -4.3987049e+01
   4.9100028e+01
   1.3427808e+00
   4.8241106e+01
  -3.5774758e+01
   6.8723787e+01
   6.3199566e+01
   5.1768250e+01
   4.7591012e+01
   6.3217552e+01
  -1.5461224e+01
  -8.7570178e-01
  -5.8727949e+01
  -2.0182834e+01
   3.7766271e+01
  -1.6303559e+01
   5.3182021e+01
  -2.4251517e+01
   1.8315282e+01
  -1.1487778e+01
   4.3089670e+01
  -3.9314730e+01
   7.7899546e+00
  -2.2293110e+01
  -1.6014090e+01
   4.6128908e+01
  -5.4090943e+00
   3.1760841e+01
  -5.0868168e+01
   9.8909148e+00
  -1.5065875e+01
   3.9964997e+01
  -2.5233265e+01
  -3.1794460e+01
   5.4744437e+01
  -4.2495251e+01
   7.9331412e+00
  -4.9959734e+01
   3.2542796e+01
  -6.6738533e+01
  -5.6366658e+01
  -5.1442337e+01
  -1.1558272e+01
   4.3973753e+01
   4.4100755e+01
  -5.0313527e+01
   6.9115816e+01
   2.7400511e+01
  -6.6444147e+01
   2.7384753e+01
   1.0988125e+01
  -5.2405836e+01
   1.2097878e+01
   3.0499933e+01
   2.2425229e+01
   5.7809829e-01
   4.0323205e+01
   6.4947274e+01
  -2.6275348e+01
  -3.3225030e+01
   4.9155953e+00
  -3.3975923e+01
  -1.2980507e+01
   1.0032002e+01
  -5.1350702e+01
   5.9576244e+00
   1.7183362e+01
   1.5469859e+01
  -3.9249406e+01
  -6.5424136e+01
   4.7190439e+00
   6.3692232e+01
  -6.4411123e+00
  -6.9046984e+01
   2.1379652e+01
   5.4627494e+01
   2.8553838e+00
   4.6326821e+01
  -1.9857731e+01
   2.2023787e+01
  -3.4218993e+01
  -2.3665160e+01
  -4.5723622e+01
  -2.9315085e+01
  -5.0100504e+01
  -4.7923199e+01
   2.8773368e+01
  -6.7877056e+01
   3.2301457e+01
   5.2495556e+01
  -4.6224693e+01
   3.2966961e+01
   3.6602286e+01
   3.4694692e+01
   4.9486388e+01
  -8.0930566e+00
   4.6564482e+01
   5.6817115e+01
  -2.3181889e+01
  -4.6626762e+01
  -2.6768885e+00
  -5.3472768e+01
  -6.3266154e+01
  -9.3323059e+00
  -6.3647896e+01
  -4.0528331e+01
   3.6290006e+00
  -3.3167862e+01
  -3.8503931e+01
  -1.8270453e+01
  -3.8168976e+01
   3.5616421e+01
  -3.7270749e+01
  -6.9267563e+01
  -6.6283996e+00
   1.4628980e+01
  -2.1172411e+01
  -5.3864661e+01
   6.1314091e+01
  -4.0815899e+01
  -3.9331531e+01
   1.0795344e+01
  -1.7000149e+01
  -5.2615101e+01
  -4.3098405e+01
  -3.2126034e+01
   2.2625150e+01
   3.5341204e+01
  -6.3660298e+01
  -2.7159436e+00
   5.4745373e+01
  -5.2823217e+00
   1.8334770e+01
  -6.1689329e+01
   5.5000897e+01
  -4.1095046e+01
  -4.2889217e+01
   3.4967028e+01
  -6.0881605e+01
  -4.1806306e+01
  -7.4874781e-01
  -5.9191084e+01
   5.0622198e+00
  -8.7958360e+00
  -2.6893299e+01
  -4.4699374e+01
  -1.4435647e+00
  -1.0859629e+01
  -1.8762885e+00
  -6.3723081e+01
   3.6222806e+01
   1.9695145e+01
   1.9094929e+01
  -1.6134720e+01
  -4.8646151e+01
   8.3546521e+00
  -5.3650213e+01
  -6.7104373e+01
   5.1141094e+00
  -5.5303739e+01
  -5.6873870e+00
   3.1067719e+00
   7.9060752e+00
   2.8598422e+01
  -4.8744823e+01
   3.9085417e+01
   6.6219578e+01
   8.1480640e+00
  -6.9094025e+01
   4.2523908e+01
  -6.6193217e+01
  -5.6824468e+01
  -4.4389505e+01
  -1.6216585e+00
   6.6605483e+01
   6.3532175e+01
  -2.3681774e+01
   5.8335717e+01
  -2.9318774e+00
   2.6613143e+01
   1.7685648e+01
  -1.3027294e+00
   2.0295285e+01
  -4.1338117e+01
   6.4727291e+01
   2.5788497e+00
  -2.7156564e+01
   3.4553010e+01
  -5.2920019e+01
  -5.2823770e+01
  -2.1219001e+01
   1.6762371e+01
   1.9884968e+01
   2.9445676e+01
  -3.7460463e+01
  -2.1971741e+01
  -1.5408620e+01
  -6.0094917e+01
   4.9822054e+00
   6.5290805e+01
   3.2119063e+01
  -2.5840695e+01
  -5.4707187e+00
  -5.2176808e+01
  -6.3210887e+00
  -4.6523451e+01
   3.3323028e+01
  -4.7749028e+01
   6.8056300e+01
   6.1470112e+01
   4.3134169e+01
   7.1808734e-01
  -6.5046926e+01
  -1.1802396e+01
  -6.4898492e+01
  -3.9480035e+01
  -2.7068839e+01
   6.2832641e+01
   8.3832449e+00
   4.6730348e+01
  -6.0178433e+01
  -6.1051073e+01
   2.9259438e+01
  -2.4144388e+01
   2.3412439e+01
  -9.5564167e+00
   6.4625485e+01
  -3.1383075e+01
  -3.2510252e+01
   1.4416270e+01
   5.3742018e+01
   1.5638836e+01
   4.6950142e+01
   3.4919464e+01
   6.0587749e-01
   5.3071625e+01
  -5.0971003e+00
   1.6736227e+01
  -5.0216108e+01
   5.8492958e+01
   4.1254615e+01
   2.3844102e+01
  -1.8736929e+01
  -5.1124461e+01
   4.8919444e+01
  -5.5898137e+01
   1.5776365e+01
   4.1923569e+01
   1.5541300e+01
   6.4029758e+01
   3.4470846e+01
  -6.8319654e+01
  -8.9097106e+00
  -6.3739735e+01
   3.8038576e+01
  -2.3265766e+01
   1.7194142e+01
   5.2762520e+01
  -3.6413639e+01
   4.8481831e+00
  -3.0986167e+01
  -2.0204094e+01
  -5.3875867e+01
  -6.8943703e+01
  -6.0498419e+01
  -6.0601679e+01
   4.8283622e+01
   6.1992722e+01
   4.5957305e+01
   5.5997761e+01
   5.0031177e+01
   4.8851730e+01
   1.0319663e+01
  -5.6739002e+01
   1.6722842e+01
  -1.6309614e+01
  -3.8474684e+01
   6.6018163e+01
   2.3246275e+01
  -2.3483938e+01
   4.1808776e+00
  -5.8455854e+01
   9.3232879e+00
   6.8563386e+01
   6.5882582e+01
  -2.4040596e+01
  -5.9561523e+01
   1.2715352e+01
   6.3267219e+01
  -2.1509246e+01
  -3.4707107e+01
   5.3971715e+00
   6.9495660e+01
  -1.5577099e+01
  -6.1192675e+01
   2.2440569e+01
  -5.1972690e+01
   3.7548382e+01
   3.2851915e+01
  -6.6604968e+01
  -1.7008391e+01
  -1.7423003e+01
   6.7647231e+01
  -5.5589937e+01
   3.5241943e+01
   2.5321746e+01
  -5.2902565e+01
  -4.2361177e+01
  -1.8313810e+01
  -6.6921387e+01
   1.1278143e+00
  -2.9724517e+01
   4.8404271e+01
  -4.1520920e+01
   2.8141139e+01
   1.9831788e+01
   5.1325562e+01
  -3.8911939e+01
  -4.9137559e+01
   4.4764208e+01
  -1.7889239e+01
   1.3283931e+01
  -3.8488955e+01
   2.6857239e+01
  -2.4967434e+01
   3.3259504e+00
   8.5993053e+00
  -3.2386425e+01
  -3.6266924e+01
  -4.6800309e+01
   1.0530350e+01
  -1.3700038e+01
  -6.6903858e+01
   3.3068928e+01
   3.6226141e+01
  -5.6486390e+01
   3.5077664e+00
   6.4831729e+01
  -6.5762844e+01
   4.5293483e+01
   1.3184472e+01
   2.2852443e+01
  -3.6248857e+01
   5.7843669e+01
   4.0112054e+01
   6.2387540e+01
   4.9824634e+00
   6.5915491e+01
  -7.4985330e+00
   1.4329736e+01
  -6.2654671e+01
  -3.8540406e+01
  -2.5589980e+01
   6.7144761e+01
  -3.0768045e+01
   1.8319681e+01
   1.3850373e+01
   2.0526167e+01
   1.0871457e+01
  -7.1632164e+00
  -2.8866799e+01
  -6.1024805e+00
  -5.8424703e+01
  -3.5572736e+01
  -4.5316043e+01
  -5.7091115e+01
  -5.6797453e+01
  -6.7255340e+01
   7.5871712e+00
  -4.3780733e+01
  -1.6566198e+01
  -6.7215286e+01
   5.0647953e+01
  -5.8111017e+01
   1.9469298e+01
   2.6085994e+01
  -1.9514134e+01
   1.2809452e+01
   1.5156376e+00
  -3.3539212e+01
  -1.9796536e+00
  -4.3458630e+01
  -4.7617375e+01
   4.5312557e+01
  -4.7458457e+01
   3.6676447e+01
   1.2952477e+01
   7.4663881e+00
   4.5996957e+01
   5.6531566e+01
   7.9763870e+00
  -2.2043650e+01
  -2.6108950e+01
   8.9908683e+00
  -5.8808078e+01
  -1.4911105e+01
   1.0821078e+01
   3.0466748e+01
   4.7117550e+01
   5.8345647e+01
   2.1343156e+01
  -6.6606505e+01
  -1.9396537e+01
   1.3660274e+01
   6.5294689e+01
   4.2490351e+01
   4.4799240e+01
  -4.6673368e-01
   2.1295703e+01
  -2.6962336e+01
  -4.1136672e+01
   1.9671940e+01
  -2.3822040e+00
   3.9066855e+01
   2.2045982e+01
   5.3670972e+01
  -1.0653036e+01
   1.0893354e+00
  -5.4515476e+01
  -4.3136498e+00
   3.3304896e+01
  -4.9359994e+01
  -6.5021829e+01
  -4.0944762e+01
  -2.6603988e+01
   6.0138164e+01
   8.1864788e+00
   4.6665363e+00
  -6.1637269e+00
  -5.0775759e+01
   5.5656492e+00
   2.9278118e+01
  -6.1277253e+01
   3.7871415e+01
  -5.6190648e+01
  -2.9149550e+01
  -3.3122438e+00
  -3.5874455e+01
  -4.5221592e+01
  -6.8889514e+00
  -3.3251348e+01
   2.8906660e+01
   2.7530850e+01
   6.7232585e+01
   2.8077612e+01
   2.9674930e+01
   1.0159221e+01
  -3.7862869e+01
  -2.2856788e+01
   5.2632013e+01
   6.6736500e+00
  -6.7877444e+01
  -3.1917093e-01
   1.9526153e+01
  -3.0537832e+00
  -6.4067974e+01
   7.6973192e+00
   4.0850348e+01
  -4.6916294e+01
  -4.7612464e+00
  -1.3375945e-01
  -5.3239217e+01
   4.3323063e+01
  -6.3858697e+01
   6.3967241e+01
  -5.7762860e+01
   2.2971747e+01
  -3.9146368e+01
  -2.9894900e+01
  -1.8676689e+00
   4.9082646e+01
   5.8539165e+01
  -2.9178760e+01
   3.9224973e+01
  -2.3323511e+01
   2.0001686e+00
   5.4959725e+01
   2.5150509e+01
  -3.9957334e+01
   2.5246524e+01
  -8.5933868e+00
  -7.1142443e+00
   5.3771622e+01
  -4.1444721e+01
  -8.9322513e+00
   4.5775567e+01
   3.7094498e+01
  -2.8968995e+00
   1.6517937e+01
   4.5519823e+01
  -7.1442881e+00
  -1.9669957e+01
   6.4466995e+01
  -4.2058746e+01
   5.5993515e+00
   5.1968029e+01
  -6.4078493e+01
   6.7019461e+01
  -4.2061085e+01
   6.9449453e+01
   5.8548274e+01
   1.6549836e+01
  -1.2749636e+01
  -6.8082622e+01
  -2.4311450e+01
   2.2216733e+01
   6.7237245e+01
  -5.0593338e+01
  -5.1393793e+01
  -6.7934369e+01
  -3.7548543e+01
  -1.9762949e+00
   1.9794541e+01
  -1.8963255e+01
  -4.4471035e+01
  -4.4231700e+01
  -5.6337264e+01
   7.8113445e+00
   5.8271142e+01
   2.1408524e+01
   4.8761716e+01
   5.4199311e+01
  -3.8940102e+00
  -4.1864952e+00
   7.3073828e+00
  -3.5292181e+01
  -5.4776619e+01
   7.1340719e+00
  -1.4534600e+01
  -1.6288566e+01
  -4.9877875e+00
  -1.1927229e+01
  -6.9764541e+01
   6.6260532e+01
  -3.0825464e+01
   5.7199294e+01
   4.6910449e+01
  -5.4126516e+01
  -5.4480381e+01
  -3.0317641e+01
  -2.0531600e+01
  -5.1590091e+01
  -5.1889204e+01
  -1.2516235e+01
  -3.7922998e+01
   6.2065763e+01
  -3.1508230e+01
   5.0731373e+01
   2.6017390e+01
   4.7993594e+01
  -6.1607115e+01
   6.5988669e+01
   5.0623676e+01
   1.0880610e+01
   5.8584985e+01
   5.3103181e+01
   2.1512589e+01
  -6.6143911e+01
  -1.7194981e+01
   5.4452127e+01
   1.6502847e+01
   3.4569874e+01
   2.5741317e+01
   4.3931419e+01
   5.5809339e+01
   1.9189761e+01
  -2.5895194e+01
  -3.8261270e+01
  -3.7822325e+01
   5.3322078e+01
   4.5697829e+01
   1.1899773e+01
  -2.7533750e+01
   6.8672508e+01
   5.6749687e+00
  -4.2558288e+01
  -3.6631478e+01
   3.7399412e+01
   5.8594866e+01
   3.4746479e+01
   3.0165650e+01
  -4.7661319e+01
  -3.1316013e+01
  -5.4836965e+01
  -4.9325426e+01
  -1.8236997e+01
  -3.4668664e+01
   3.1558628e+01
  -1.1987324e+01
  -1.3313301e+01
  -3.2234045e+01
   8.9193797e+00
   6.1948175e+01
  -3.0912256e+01
  -5.7015411e+01
  -2.6917482e+01
   2.2985729e+01
   4.7261837e+01
   4.6746657e+01
  -2.5261009e+01
  -5.8606316e+01
   4.4656058e+01
   1.4135585e+01
   1.5096363e+01
  -3.5915615e+01
   3.3267511e+01
   5.4361092e+01
   4.4616559e+01
  -4.6048183e+01
   6.5011697e+01
  -3.1056936e+01
  -3.5652943e+01
  -3.1250750e+01
   5.3937885e+01
   6.3310036e+01
   6.5652007e+01
   2.0105454e+01
   3.0689222e-01
  -1.7881611e+01
  -1.5380798e+01
   2.6557033e+01
  -8.7244970e+00
   3.0512468e+01
   1.7766530e+01
  -1.9503682e+01
  -5.5298620e+01
  -5.4615256e+01
  -5.9582990e+01
   3.0075823e+00
   6.3081624e+01
  -1.1226068e+01
   6.2760148e+01
  -1.1894689e+00
  -1.8386938e+01
   6.5262962e+01
  -7.1752598e+00
   2.4392459e+01
   5.4518236e+01
  -6.8135113e+01
  -2.2424676e+01
   8.6306558e+00
  -6.9974903e+01
   5.7086112e+01
  -1.0059569e+01
   4.9489104e+01
  -3.8181171e+01
   7.4394609e+00
   4.4349646e+01
  -9.2742691e+00
  -6.2353608e+01
   7.9980671e+00
  -2.6079913e+01
   9.2172794e-03
   2.0231941e+01
  -3.0764844e+01
   9.1604927e+00
  -5.8716836e+01
   4.9339728e+01
  -5.2881237e+01
   5.8570353e+00
   5.4295647e+01
  -5.1865559e+01
   4.7261837e+01
   2.3388424e+01
   5.8773145e+01
   5.4684068e+00
  -6.0059448e+01
  -4.5392765e+00
   3.3562016e+01
  -4.5751667e+01
   6.9142987e+01
  -3.7709600e+01
   3.9581225e+01
   2.7450657e+01
   5.6740156e+01
  -6.0850799e+00
  -2.7686035e+01
   2.9092835e+00
  -2.1487227e+01
   5.7742467e+01
  -5.4140827e+01
   2.0627123e+01
  -5.8821212e+01
   3.9052961e+00
  -4.6402764e+01
  -4.0620960e-01
   6.5807415e+01
   6.0788802e+01
   3.9801648e+01
  -6.1012469e+01
   2.7767392e+01
  -4.7957634e+01
  -5.6949094e+01
   6.5067566e+01
   3.0050286e+01
   1.5006216e+01
   6.0521861e+01
  -5.8777983e+01
   5.1159539e+01
   1.0968924e+01
  -6.6216432e+01
   3.4538893e+01
   2.2888715e+01
  -6.6764413e+01
   1.2815407e+00
  -5.8319218e+01
  -1.9678003e+01
   1.4934493e+01
   5.6530173e+01
  -1.8172653e+01
  -4.8762256e+01
   9.8662078e+00
   2.2219980e+01
   5.6953776e+01
  -8.9401766e+00
   2.4368674e+01
  -2.5460292e+00
  -1.6210291e+01
  -6.3791384e+01
   6.4358874e+01
  -3.1117943e+01
   5.7049461e+01
   3.6454055e+01
  -5.0753154e+01
   2.1545329e+01
  -5.2381164e+01
   5.7495662e+01
   1.1215186e+01
   2.7596830e+01
   4.1245928e+01
   1.9483046e+01
  -4.8798040e+01
  -5.0009257e+01
   5.5385124e+01
   5.4777932e+01
  -5.7919274e+01
   6.5914198e+01
  -6.9818182e+01
  -5.9690276e+01
  -9.4699555e+00
   5.4273258e+01
  -5.3757803e+01
   3.2724807e+00
   8.5346009e+00
   4.6265903e+01
  -3.0701873e+01
   1.8063693e+01
   5.8347995e+01
  -4.8107811e+00
  -1.4890291e+01
   3.3649970e+01
  -1.9072256e+01
   4.0232604e+01
   6.9879020e+01
  -3.6830624e+01
  -4.8022515e+01
   3.7630503e+01
   6.1283058e+01
   1.3700069e+01
   1.6199518e+01
   3.8715895e+01
   4.6628195e+01
  -3.0135888e+01
  -5.2795033e+01
  -4.8046387e+01
  -3.7996858e+01
   5.6095613e+01
  -2.9443841e+01
   6.3538931e+01
   1.5660116e+01
   7.9763431e+00
  -2.0572571e+01
   1.1942952e+01
  -6.4411234e+01
  -2.4297241e+01
  -3.7630072e+01
   2.3768157e+01
   3.2332175e+01
   6.0474739e+01
  -2.7836884e+01
   2.6515554e+01
  -3.6768842e+00
   1.6150160e+01
   3.7974711e+01
   8.9872254e+00
   3.1504619e+01
   2.5341616e+01
   2.2620800e+01
  -4.7701980e+01
   5.4232049e+01
   3.2394798e+01
   4.4181497e+01
  -1.3343333e+01
  -1.0277177e+01
  -5.4561831e+01
   6.2223838e+01
   1.1109897e-02
  -6.7390247e+01
   1.7556209e+01
   1.0151126e+01
  -2.6788340e+00
  -6.2204867e+01
   2.0006455e+01
   6.6013418e+01
  -2.8605395e+01
  -1.5352394e+00
   6.5690338e+01
   5.1757241e+01
  -4.9226300e+01
   7.1579015e+00
  -1.7839174e+01
   4.0378878e+00
   7.9663107e+00
   1.2342216e+01
  -5.6144624e+01
  -3.0152724e+01
   6.5837415e+01
   5.8060415e+00
  -5.0514372e+01
   1.3869972e+00
  -3.2207214e+01
   1.0950260e+00
  -1.0913497e+01
   9.9654136e+00
   3.6216765e+01
   4.0712704e+01
  -3.0752601e+01
  -5.5959962e+01
  -3.0159971e+01
  -4.7676112e+01
  -2.9008433e+01
   3.4737864e+01
  -1.4171775e+01
  -1.9641171e+01
   5.9605175e+01
   2.9325827e+01
   3.6952110e+01
  -6.4425695e+01
   4.5122262e+01
  -4.9201161e+01
   6.0955550e+01
   5.0654871e+01
   1.7706598e+01
   2.2020046e+01
   2.4702137e+01
   1.6853703e+01
   4.0874727e+01
  -2.5074909e+01
   6.3593011e+01
   4.7619160e+01
   4.0887444e+01
  -5.3342042e+01
   2.7966241e+01
  -5.7008052e+01
  -6.3834006e+01
   4.1218561e+01
   2.7275169e+01
  -1.8370396e+01
  -5.7367270e+01
   5.1021350e+01
   3.5078448e+00
  -7.9865852e+00
  -5.5717072e+01
   1.9892599e+01
  -4.4477209e+01
  -6.3662627e+00
   7.0514897e+00
   6.1587893e+01
  -2.2590072e+01
   1.8774967e+01
  -3.7001432e+01
   2.6261058e+01
  -5.0822256e+01
  -4.5445106e+00
  -3.1054852e+01
  -4.9979970e+01
   1.9946851e+01
   4.0493969e+01
  -1.2201882e+01
   9.3504062e+00
   4.8897517e+01
   1.7085191e+01
  -2.7356812e+01
  -3.4501594e+01
   9.7178607e+00
  -4.4848607e+01
  -1.0748013e+00
  -4.4185278e+01
  -3.3865922e+01
  -4.5664563e+01
  -1.3304113e+01
   2.2056300e+01
   1.7417960e+01
  -5.2499329e+01
   3.8953235e+01
  -1.0660538e+01
   5.4993149e+01
  -4.8504685e+01
  -1.0458047e+01
  -2.8912974e+01
  -6.6448566e+01
   6.2880202e+01
  -4.9380581e+01
  -2.6687555e+01
   4.9580484e+01
   3.7705725e+00
   8.6277246e+00
  -1.5620280e+00
   4.4541182e+01
  -4.8048250e+01
  -2.8440074e+01
  -4.6060568e+01
  -2.4909186e+01
   2.0198105e+01
   3.7211511e+01
   3.4558847e+01
  -5.1091606e+01
   3.4821025e+01
  -1.2765092e+01
  -2.9813620e+01
  -1.4049030e+01
  -1.2345601e+01
  -2.0814840e+00
   1.1889998e+01
  -5.9115016e+01
  -8.6150572e-01
   2.9957895e+00
  -3.3727523e+00
   6.9597787e+01
   6.6830007e+01
   5.4840650e+00
  -4.9047741e+01
  -4.9759764e+01
  -1.9670484e+01
   5.0002254e+01
  -6.2089358e+01
   5.3238777e+01
   3.6364563e+01
  -7.5720396e+00
   3.3247149e+01
   2.0066223e+01
  -3.9488471e+00
  -1.0184721e+01
  -1.8754715e+01
   1.6729403e+01
   3.6226855e+01
  -5.1559569e+01
  -6.0102166e+01
   3.7838959e+01
   3.9552972e+01
   5.1293341e+01
   6.1108201e+01
   2.0442177e+01
  -4.8672516e+01
  -4.5524336e+01
  -3.8989097e+01
   3.6605908e+01
   1.0111486e+01
   6.3945031e+01
  -6.2582765e+01
   2.0111347e+01
   2.0302358e+01
   1.3139845e+01
  -1.8017924e+01
  -8.2481556e-01
  -6.0534792e+01
   5.8676358e+01
   2.0584296e+01
  -1.7801737e+01
  -1.4563808e+01
   2.2880434e+01
  -2.9949146e+00
  -3.4792282e+01
  -4.2431347e+01
   3.3364340e+01
  -4.2621363e+01
  -2.7967969e+01
  -2.2592959e+01
  -4.7508609e+01
   1.3855208e+01
   5.3592655e+01
  -4.7297530e+01
  -5.0995473e+00
   1.1211877e+01
  -1.3956462e+01
   3.4434207e+01
   4.2528570e+01
   1.6600824e+01
  -2.3127016e+01
  -6.3227518e+01
  -4.6331640e+01
  -4.2476602e+01
  -1.9786918e+01
   2.0861666e+01
   2.9017655e+01
  -7.8910435e+00
   4.9001263e+01
  -3.5724921e+01
  -5.3887817e+01
   5.0961565e+01
  -4.3987049e+01
   4.9100028e+01
   1.3427808e+00
   4.8241106e+01
  -3.5774758e+01
   6.8723787e+01
   6.3199566e+01
   5.1768250e+01
   4.7591012e+01
   6.3217552e+01
  -1.5461224e+01
  -8.7570178e-01
  -5.8727949e+01
  -2.0182834e+01
   3.7766271e+01
  -1.6303559e+01
   5.3182021e+01
  -2.4251517e+01
   1.8315282e+01
  -1.1487778e+01
   4.3089670e+01
  -3.9314730e+01
   7.7899546e+00
  -2.2293110e+01
  -1.6014090e+01
   4.6128908e+01
  -5.4090943e+00
   3.1760841e+01
  -5.0868168e+01
   9.8909148e+00
  -1.5065875e+01
   3.9964997e+01
  -2.5233265e+01
  -3.1794460e+01
   5.4744437e+01
  -4.2495251e+01
   7.9331412e+00
  -4.9959734e+01
   3.2542796e+01
  -6.6738533e+01
  -5.6366658e+01
  -5.1442337e+01
  -1.1558272e+01
   4.3973753e+01
   4.4100755e+01
  -5.0313527e+01
   6.9115816e+01
   2.7400511e+01
  -6.6444147e+01
   2.7384753e+01
   1.0988125e+01
  -5.2405836e+01
   1.2097878e+01
   3.0499933e+01
   2.2425229e+01
   5.7809829e-01
   4.0323205e+01
   6.4947274e+01
  -2.6275348e+01
  -3.3225030e+01
   4.9155953e+00
  -3.3975923e+01
  -1.2980507e+01
   1.0032002e+01
  -5.1350702e+01
   5.9576244e+00
   1.7183362e+01
   1.5469859e+01
  -3.9249406e+01
  -6.5424136e+01
   4.7190439e+00
   6.3692232e+01
  -6.4411123e+00
  -6.9046984e+01
   2.1379652e+01
   5.4627494e+01
   2.8553838e+00
   4.6326821e+01
  -1.9857731e+01
   2.2023787e+01
  -3.4218993e+01
  -2.3665160e+01
  -4.5723622e+01
  -2.9315085e+01
  -5.0100504e+01
  -4.7923199e+01
   2.8773368e+01
  -6.7877056e+01
   3.2301457e+01
   5.2495556e+01
  -4.6224693e+01
   3.2966961e+01
   3.6602286e+01
   3.4694692e+01
   4.9486388e+01
  -8.0930566e+00
   4.6564482e+01
   5.6817115e+01
  -2.3181889e+01
  -4.6626762e+01
  -2.6768885e+00
  -5.3472768e+01
  -6.3266154e+01
  -9.3323059e+00
  -6.3647896e+01
  -4.0528331e+01
   3.6290006e+00
  -3.3167862e+01
  -3.8503931e+01
  -1.8270453e+01
  -3.8168976e+01
   3.5616421e+01
  -3.7270749e+01
  -6.9267563e+01
  -6.6283996e+00
   1.4628980e+01
  -2.1172411e+01
  -5.3864661e+01
   6.1314091e+01
  -4.0815899e+01
  -3.9331531e+01
   1.0795344e+01
  -1.7000149e+01
  -5.2615101e+01
  -4.3098405e+01
  -3.2126034e+01
   2.2625150e+01
   3.5341204e+01
  -6.3660298e+01
  -2.7159436e+00
   5.4745373e+01
  -5.2823217e+00
   1.8334770e+01
  -6.1689329e+01
   5.5000897e+01
  -4.1095046e+01
  -4.2889217e+01
   3.4967028e+01
  -6.0881605e+01
  -4.1806306e+01
  -7.4874781e-01
  -5.9191084e+01
   5.0622198e+00
  -8.7958360e+00
  -2.6893299e+01
  -4.4699374e+01
  -1.4435647e+00
  -1.0859629e+01
  -1.8762885e+00
  -6.3723081e+01
   3.6222806e+01
   1.9695145e+01
   1.9094929e+01
  -1.6134720e+01
  -4.8646151e+01
   8.3546521e+00
  -5.3650213e+01
  -6.7104373e+01
   5.1141094e+00
  -5.5303739e+01
  -5.6873870e+00
   3.1067719e+00
   7.9060752e+00
   2.8598422e+01
  -4.8744823e+01
   3.9085417e+01
   6.6219578e+01
   8.1480640e+00
  -6.9094025e+01
   4.2523908e+01
  -6.6193217e+01
  -5.6824468e+01
  -4.4389505e+01
  -1.6216585e+00
   6.6605483e+01
   6.3532175e+01
  -2.3681774e+01
   5.8335717e+01
  -2.9318774e+00
   2.6613143e+01
   1.7685648e+01
  -1.3027294e+00
   2.0295285e+01
  -4.1338117e+01
   6.4727291e+01
   2.5788497e+00
  -2.7156564e+01
   3.4553010e+01
  -5.2920019e+01
  -5.2823770e+01
  -2.1219001e+01
   1.6762371e+01
   1.9884968e+01
   2.9445676e+01
  -3.7460463e+01
  -2.1971741e+01
  -1.5408620e+01
  -6.0094917e+01
   4.9822054e+00
   6.5290805e+01
   3.2119063e+01
  -2.5840695e+01
  -5.4707187e+00
  -5.2176808e+01
  -6.3210887e+00
  -4.6523451e+01
   3.3323028e+01
  -4.7749028e+01
   6.8056300e+01
   6.1470112e+01
   4.3134169e+01
   7.1808734e-01
  -6.5046926e+01
  -1.1802396e+01
  -6.4898492e+01
  -3.9480035e+01
  -2.7068839e+01
   6.2832641e+01
   8.3832449e+00
   4.6730348e+01
  -6.0178433e+01
  -6.1051073e+01
   2.9259438e+01
  -2.4144388e+01
   2.3412439e+01
  -9.5564167e+00
   6.4625485e+01
  -3.1383075e+01
  -3.2510252e+01
   1.4416270e+01
   5.3742018e+01
   1.5638836e+01
   4.6950142e+01
   3.4919464e+01
   6.0587749e-01
   5.3071625e+01
  -5.0971003e+00
   1.6736227e+01
  -5.0216108e+01
   5.8492958e+01
   4.1254615e+01
   2.3844102e+01
  -1.8736929e+01
  -5.1124461e+01
   4.8919444e+01
  -5.5898137e+01
   1.5776365e+01
   4.1923569e+01
   1.5541300e+01
   6.4029758e+01
   3.4470846e+01
  -6.8319654e+01
  -8.9097106e+00
  -6.3739735e+01
   3.8038576e+01
  -2.3265766e+01
   1.7194142e+01
   5.2762520e+01
  -3.6413639e+01
   4.8481831e+00
  -3.0986167e+01
  -2.0204094e+01
  -5.3875867e+01
  -6.8943703e+01
  -6.0498419e+01
  -6.0601679e+01
   4.8283622e+01
   6.1992722e+01
   4.5957305e+01
   5.5997761e+01
   5.0031177e+01
   4.8851730e+01
   1.0319663e+01
  -5.6739002e+01
   1.6722842e+01
  -1.6309614e+01
  -3.8474684e+01
   6.6018163e+01
   2.3246275e+01
  -2.3483938e+01
   4.1808776e+00
  -5.8455854e+01
   9.3232879e+00
   6.8563386e+01
   6.5882582e+01
  -2.4040596e+01
  -5.9561523e+01
   1.2715352e+01
   6.3267219e+01
  -2.1509246e+01
  -3.4707107e+01
   5.3971715e+00
   6.9495660e+01
  -1.5577099e+01
  -6.1192675e+01
   2.2440569e+01
  -5.1972690e+01
   3.7548382e+01
   3.2851915e+01
  -6.6604968e+01
  -1.7008391e+01
  -1.7423003e+01
   6.7647231e+01
  -5.5589937e+01
   3.5241943e+01
   2.5321746e+01
  -5.2902565e+01
  -4.2361177e+01
  -1.8313810e+01
  -6.6921387e+01
   1.1278143e+00
  -2.9724517e+01
   4.8404271e+01
  -4.1520920e+01
   2.8141139e+01
   1.9831788e+01
   5.1325562e+01
  -3.8911939e+01
  -4.9137559e+01
   4.4764208e+01
  -1.7889239e+01
   1.3283931e+01
  -3.8488955e+01
   2.6857239e+01
  -2.4967434e+01
   3.3259504e+00
   8.5993053e+00
  -3.2386425e+01
  -3.6266924e+01
  -4.6800309e+01
   1.0530350e+01
  -1.3700038e+01
  -6.6903858e+01
   3.3068928e+01
   3.6226141e+01
  -5.6486390e+01
   3.5077664e+00
   6.4831729e+01
  -6.5762844e+01
   4.5293483e+01
   1.3184472e+01
   2.2852443e+01
  -3.6248857e+01
   5.7843669e+01
   4.0112054e+01
   6.2387540e+01
   4.9824634e+00
   6.5915491e+01
  -7.4985330e+00
   1.4329736e+01
  -6.2654671e+01
  -3.8540406e+01
  -2.5589980e+01
   6.7144761e+01
  -3.0768045e+01
   1.8319681e+01
   1.3850373e+01
   2.0526167e+01
   1.0871457e+01
  -7.1632164e+00
  -2.8866799e+01
  -6.1024805e+00
  -5.8424703e+01
  -3.5572736e+01
  -4.5316043e+01
  -5.7091115e+01
  -5.6797453e+01
  -6.7255340e+01
   7.5871712e+00
  -4.3780733e+01
  -1.6566198e+01
  -6.7215286e+01
   5.0647953e+01
  -5.8111017e+01
   1.9469298e+01
   2.6085994e+01
  -1.9514134e+01
   1.2809452e+01
   1.5156376e+00
  -3.3539212e+01
  -1.9796536e+00
  -4.3458630e+01
  -4.7617375e+01
   4.5312557e+01
  -4.7458457e+01
   3.6676447e+01
   1.2952477e+01
   7.4663881e+00
   4.5996957e+01
   5.6531566e+01
   7.9763870e+00
  -2.2043650e+01
  -2.6108950e+01
   8.9908683e+00
  -5.8808078e+01
  -1.4911105e+01
   1.0821078e+01
   3.0466748e+01
   4.7117550e+01
   5.8345647e+01
   2.1343156e+01
  -6.6606505e+01
  -1.9396537e+01
   1.3660274e+01
   6.5294689e+01
   4.2490351e+01
   4.4799240e+01
  -4.6673368e-01
   2.1295703e+01
  -2.6962336e+01
  -4.1136672e+01
   1.9671940e+01
  -2.3822040e+00
   3.9066855e+01
   2.2045982e+01
   5.3670972e+01
  -1.0653036e+01
   1.0893354e+00
  -5.4515476e+01
  -4.3136498e+00
   3.3304896e+01
  -4.9359994e+01
  -6.5021829e+01
  -4.0944762e+01
  -2.6603988e+01
   6.0138164e+01
   8.1864788e+00
   4.6665363e+00
  -6.1637269e+00
  -5.0775759e+01
   5.5656492e+00
   2.9278118e+01
  -6.1277253e+01
   3.7871415e+01
  -5.6190648e+01
  -2.9149550e+01
  -3.3122438e+00
  -3.5874455e+01
  -4.5221592e+01
  -6.8889514e+00
  -3.3251348e+01
   2.8906660e+01
   2.7530850e+01
   6.7232585e+01
   2.8077612e+01
   2.9674930e+01
   1.0159221e+01
  -3.7862869e+01
  -2.2856788e+01
   5.2632013e+01
   6.6736500e+00
  -6.7877444e+01
  -3.1917093e-01
   1.9526153e+01
  -3.0537832e+00
  -6.4067974e+01
   7.6973192e+00
   4.0850348e+01
  -4.6916294e+01
  -4.7612464e+00
  -1.3375945e-01
  -5.3239217e+01
   4.3323063e+01
  -6.3858697e+01
   6.3967241e+01
  -5.7762860e+01
   2.2971747e+01
  -3.9146368e+01
  -2.9894900e+01
  -1.8676689e+00
   4.9082646e+01
   5.8539165e+01
  -2.9178760e+01
   3.9224973e+01
  -2.3323511e+01
   2.0001686e+00
   5.4959725e+01
   2.5150509e+01
  -3.9957334e+01
   2.5246524e+01
  -8.5933868e+00
  -7.1142443e+00
   5.3771622e+01
  -4.1444721e+01
  -8.9322513e+00
   4.5775567e+01
   3.7094498e+01
  -2.8968995e+00
   1.6517937e+01
   4.5519823e+01
  -7.1442881e+00
  -1.9669957e+01
   6.4466995e+01
  -4.2058746e+01
   5.5993515e+00
   5.1968029e+01
  -6.4078493e+01
   6.7019461e+01
  -4.2061085e+01
   6.9449453e+01
   5.8548274e+01
   1.6549836e+01
  -1.2749636e+01
  -6.8082622e+01
  -2.4311450e+01
   2.2216733e+01
   6.7237245e+01
  -5.0593338e+01
  -5.1393793e+01
  -6.7934369e+01
  -3.7548543e+01
  -1.9762949e+00
   1.9794541e+01
  -1.8963255e+01
  -4.4471035e+01
  -4.4231700e+01
  -5.6337264e+01
   7.8113445e+00
   5.8271142e+01
   2.1408524e+01
   4.8761716e+01
   5.4199311e+01
  -3.8940102e+00
  -4.1864952e+00
   7.3073828e+00
  -3.5292181e+01
  -5.4776619e+01
   7.1340719e+00
  -1.4534600e+01
  -1.6288566e+01
  -4.9877875e+00
  -1.1927229e+01
  -6.9764541e+01
   6.6260532e+01
  -3.0825464e+01
   5.7199294e+01
   4.6910449e+01
  -5.4126516e+01
  -5.4480381e+01
  -3.0317641e+01
  -2.0531600e+01
  -5.1590091e+01
  -5.1889204e+01
  -1.2516235e+01
  -3.7922998e+01
   6.2065763e+01
  -3.1508230e+01
   5.0731373e+01
   2.6017390e+01
   4.7993594e+01
  -6.1607115e+01
   6.5988669e+01
   5.0623676e+01
   1.0880610e+01
   5.8584985e+01
   5.3103181e+01
   2.1512589e+01
  -6.6143911e+01
  -1.7194981e+01
   5.4452127e+01
   1.6502847e+01
   3.4569874e+01
   2.5741317e+01
   4.3931419e+01
   5.5809339e+01
   1.9189761e+01
  -2.5895194e+01
  -3.8261270e+01
  -3.7822325e+01
   5.3322078e+01
   4.5697829e+01
   1.1899773e+01
  -2.7533750e+01
   6.8672508e+01
   5.6749687e+00
  -4.2558288e+01
  -3.6631478e+01
   3.7399412e+01
   5.8594866e+01
   3.4746479e+01
   3.0165650e+01
  -4.7661319e+01
  -3.1316013e+01
  -5.4836965e+01
  -4.9325426e+01
  -1.8236997e+01
  -3.4668664e+01
   3.1558628e+01
  -1.1987324e+01
  -1.3313301e+01
  -3.2234045e+01
   8.9193797e+00
   6.1948175e+01
  -3.0912256e+01
  -5.7015411e+01
  -2.6917482e+01
   2.2985729e+01
   4.7261837e+01
   4.6746657e+01
  -2.5261009e+01
  -5.8606316e+01
   4.4656058e+01
   1.4135585e+01
   1.5096363e+01
  -3.5915615e+01
   3.3267511e+01
   5.4361092e+01
   4.4616559e+01
  -4.6048183e+01
   6.5011697e+01
  -3.1056936e+01
  -3.5652943e+01
  -3.1250750e+01
   5.3937885e+01
   6.3310036e+01
   6.5652007e+01
   2.0105454e+01
   3.0689222e-01
  -1.7881611e+01
  -1.5380798e+01
   2.6557033e+01
  -8.7244970e+00
   3.0512468e+01
   1.7766530e+01
  -1.9503682e+01
  -5.5298620e+01
  -5.4615256e+01
  -5.9582990e+01
   3.0075823e+00
   6.3081624e+01
  -1.1226068e+01
   6.2760148e+01
  -1.1894689e+00
  -1.8386938e+01
   6.5262962e+01
  -7.1752598e+00
   2.4392459e+01
   5.4518236e+01
  -6.8135113e+01
  -2.2424676e+01
   8.6306558e+00
  -6.9974903e+01
   5.7086112e+01
  -1.0059569e+01
   4.9489104e+01
  -3.8181171e+01
   7.4394609e+00
   4.4349646e+01
  -9.2742691e+00
  -6.2353608e+01
   7.9980671e+00
  -2.6079913e+01
   9.2172794e-03
   2.0231941e+01
  -3.0764844e+01
   9.1604927e+00
  -5.8716836e+01
   4.9339728e+01
  -5.2881237e+01
   5.8570353e+00
   5.4295647e+01
  -5.1865559e+01
   4.7261837e+01
   2.3388424e+01
   5.8773145e+01
   5.4684068e+00
  -6.0059448e+01
  -4.5392765e+00
   3.3562016e+01
  -4.5751667e+01
   6.9142987e+01
  -3.7709600e+01
   3.9581225e+01
   2.7450657e+01
   5.6740156e+01
  -6.0850799e+00
  -2.7686035e+01
   2.9092835e+00
  -2.1487227e+01
   5.7742467e+01
  -5.4140827e+01
   2.0627123e+01
  -5.8821212e+01
   3.9052961e+00
  -4.6402764e+01
  -4.0620960e-01
   6.5807415e+01
   6.0788802e+01
   3.9801648e+01
  -6.1012469e+01
   2.7767392e+01
  -4.7957634e+01
  -5.6949094e+01
   6.5067566e+01
   3.0050286e+01
   1.5006216e+01
   6.0521861e+01
  -5.8777983e+01
   5.1159539e+01
   1.0968924e+01
  -6.6216432e+01
   3.4538893e+01
   2.2888715e+01
  -6.6764413e+01
   1.2815407e+00
  -5.8319218e+01
  -1.9678003e+01
   1.4934493e+01
   5.6530173e+01
  -1.8172653e+01
  -4.8762256e+01
   9.8662078e+00
   2.2219980e+01
   5.6953776e+01
  -8.9401766e+00
   2.4368674e+01
  -2.5460292e+00
  -1.6210291e+01
  -6.3791384e+01
   6.4358874e+01
  -3.1117943e+01
   5.7049461e+01
   3.6454055e+01
  -5.0753154e+01
   2.1545329e+01
  -5.2381164e+01
   5.7495662e+01
   1.1215186e+01
   2.7596830e+01
   4.1245928e+01
   1.9483046e+01
  -4.8798040e+01
  -5.0009257e+01
   5.5385124e+01
   5.4777932e+01
  -5.7919274e+01
   6.5914198e+01
  -6.9818182e+01
  -5.9690276e+01
  -9.4699555e+00
   5.4273258e+01
  -5.3757803e+01
   3.2724807e+00
   8.5346009e+00
   4.6265903e+01
  -3.0701873e+01
   1.8063693e+01
   5.8347995e+01
  -4.8107811e+00
  -1.4890291e+01
   3.3649970e+01
  -1.9072256e+01
   4.0232604e+01
   6.9879020e+01
  -3.6830624e+01
  -4.8022515e+01
   3.7630503e+01
   6.1283058e+01
   1.3700069e+01
   1.6199518e+01
   3.8715895e+01
   4.6628195e+01
  -3.0135888e+01
  -5.2795033e+01
  -4.8046387e+01
  -3.7996858e+01
   5.6095613e+01
  -2.9443841e+01
   6.3538931e+01
   1.5660116e+01
   7.9763431e+00
  -2.0572571e+01
   1.1942952e+01
  -6.4411234e+01
  -2.4297241e+01
  -3.7630072e+01
   2.3768157e+01
   3.2332175e+01
   6.0474739e+01
  -2.7836884e+01
   2.6515554e+01
  -3.6768842e+00
   1.6150160e+01
   3.7974711e+01
   8.9872254e+00
   3.1504619e+01
   2.5341616e+01
   2.2620800e+01
  -4.7701980e+01
   5.4232049e+01
   3.2394798e+01
   4.4181497e+01
  -1.3343333e+01
  -1.0277177e+01
  -5.4561831e+01
   6.2223838e+01
   1.1109897e-02
  -6.7390247e+01
   1.7556209e+01
   1.0151126e+01
  -2.6788340e+00
  -6.2204867e+01
   2.0006455e+01
   6.6013418e+01
  -2.8605395e+01
  -1.5352394e+00
   6.5690338e+01
   5.1757241e+01
  -4.9226300e+01
   7.1579015e+00
  -1.7839174e+01
   4.0378878e+00
   7.9663107e+00
   1.2342216e+01
  -5.6144624e+01
  -3.0152724e+01
   6.5837415e+01
   5.8060415e+00
  -5.0514372e+01
   1.3869972e+00
  -3.2207214e+01
   1.0950260e+00
  -1.0913497e+01
   9.9654136e+00
   3.6216765e+01
   4.0712704e+01
  -3.0752601e+01
  -5.5959962e+01
  -3.0159971e+01
  -4.7676112e+01
  -2.9008433e+01
   3.4737864e+01
  -1.4171775e+01
  -1.9641171e+01
   5.9605175e+01
   2.9325827e+01
   3.6952110e+01
  -6.4425695e+01
   4.5122262e+01
  -4.9201161e+01
   6.0955550e+01
   5.0654871e+01
   1.7706598e+01
   2.2020046e+01
   2.4702137e+01
   1.6853703e+01
   4.0874727e+01
  -2.5074909e+01
   6.3593011e+01
   4.7619160e+01
   4.0887444e+01
  -5.3342042e+01
   2.7966241e+01
  -5.7008052e+01
  -6.3834006e+01
   4.1218561e+01
   2.7275169e+01
  -1.8370396e+01
  -5.7367270e+01
   5.1021350e+01
   3.5078448e+00
  -7.9865852e+00
  -5.5717072e+01
   1.9892599e+01
  -4.4477209e+01
  -6.3662627e+00
   7.0514897e+00
   6.1587893e+01
  -2.2590072e+01
   1.8774967e+01
  -3.7001432e+01
   2.6261058e+01
  -5.0822256e+01
  -4.5445106e+00
  -3.1054852e+01
  -4.9979970e+01
   1.9946851e+01
   4.0493969e+01
  -1.2201882e+01
   9.3504062e+00
   4.8897517e+01
   1.7085191e+01
  -2.7356812e+01
  -3.4501594e+01
   9.7178607e+00
  -4.4848607e+01
  -1.0748013e+00
  -4.4185278e+01
  -3.3865922e+01
  -4.5664563e+01
  -1.3304113e+01
   2.2056300e+01
   1.7417960e+01
  -5.2499329e+01
   3.8953235e+01
  -1.0660538e+01
   5.4993149e+01
  -4.8504685e+01
  -1.0458047e+01
  -2.8912974e+01
  -6.6448566e+01
   6.2880202e+01
  -4.9380581e+01
  -2.6687555e+01
   4.9580484e+01
   3.7705725e+00
   8.6277246e+00
  -1.5620280e+00
   4.4541182e+01
  -4.8048250e+01
  -2.8440074e+01
  -4.6060568e+01
  -2.4909186e+01
   2.0198105e+01
   3.7211511e+01
   3.4558847e+01
  -5.1091606e+01
   3.4821025e+01
  -1.2765092e+01
  -2.9813620e+01
  -1.4049030e+01
  -1.2345601e+01
  -2.0814840e+00
   1.1889998e+01
  -5.9115016e+01
  -8.6150572e-01
   2.9957895e+00
  -3.3727523e+00
   6.9597787e+01
   6.6830007e+01
   5.4840650e+00
  -4.9047741e+01
  -4.9759764e+01
  -1.9670484e+01
   5.0002254e+01
  -6.2089358e+01
   5.3238777e+01
   3.6364563e+01
  -7.5720396e+00
   3.3247149e+01
   2.0066223e+01
  -3.9488471e+00
  -1.0184721e+01
  -1.8754715e+01
   1.6729403e+01
   3.6226855e+01
  -5.1559569e+01
  -6.0102166e+01
   3.7838959e+01
   3.9552972e+01
   5.1293341e+01
   6.1108201e+01
   2.0442177e+01
  -4.8672516e+01
  -4.5524336e+01
  -3.8989097e+01
   3.6605908e+01
   1.0111486e+01
   6.3945031e+01
  -6.2582765e+01
   2.0111347e+01
   2.0302358e+01
   1.3139845e+01
  -1.8017924e+01
  -8.2481556e-01
  -6.0534792e+01
   5.8676358e+01
   2.0584296e+01
  -1.7801737e+01
  -1.4563808e+01
   2.2880434e+01
  -2.9949146e+00
  -3.4792282e+01
  -4.2431347e+01
   3.3364340e+01
  -4.2621363e+01
  -2.7967969e+01
  -2.2592959e+01
  -4.7508609e+01
   1.3855208e+01
   5.3592655e+01
  -4.7297530e+01
  -5.0995473e+00
   1.1211877e+01
  -1.3956462e+01
   3.4434207e+01
   4.2528570e+01
   1.6600824e+01
  -2.3127016e+01
  -6.3227518e+01
  -4.6331640e+01
  -4.2476602e+01
  -1.9786918e+01
   2.0861666e+01
   2.9017655e+01
  -7.8910435e+00
   4.9001263e+01
  -3.5724921e+01
  -5.3887817e+01
   5.0961565e+01
  -4.3987049e+01
   4.9100028e+01
   1.3427808e+00
   4.8241106e+01
  -3.5774758e+01
   6.8723787e+01
   6.3199566e+01
   5.1768250e+01
   4.7591012e+01
   6.3217552e+01
  -1.5461224e+01
  -8.7570178e-01
  -5.8727949e+01
  -2.0182834e+01
   3.7766271e+01
  -1.6303559e+01
   5.3182021e+01
  -2.4251517e+01
   1.8315282e+01
  -1.1487778e+01
   4.3089670e+01
  -3.9314730e+01
   7.7899546e+00
  -2.2293110e+01
  -1.6014090e+01
   4.6128908e+01
  -5.4090943e+00
   3.1760841e+01
  -5.0868168e+01
   9.8909148e+00
  -1.5065875e+01
   3.9964997e+01
  -2.5233265e+01
  -3.1794460e+01
   5.4744437e+01
  -4.2495251e+01
   7.9331412e+00
  -4.9959734e+01
   3.2542796e+01
  -6.6738533e+01
  -5.6366658e+01
  -5.1442337e+01
  -1.1558272e+01
   4.3973753e+01
   4.4100755e+01
  -5.0313527e+01
   6.9115816e+01
   2.7400511e+01
  -6.6444147e+01
   2.7384753e+01
   1.0988125e+01
  -5.2405836e+01
   1.2097878e+01
   3.0499933e+01
   2.2425229e+01
   5.7809829e-01
   4.0323205e+01
   6.4947274e+01
  -2.6275348e+01
  -3.3225030e+01
   4.9155953e+00
  -3.3975923e+01
  -1.2980507e+01
   1.0032002e+01
  -5.1350702e+01
   5.9576244e+00
   1.7183362e+01
   1.5469859e+01
  -3.9249406e+01
  -6.5424136e+01
   4.7190439e+00
   6.3692232e+01
  -6.4411123e+00
  -6.9046984e+01
   2.1379652e+01
   5.4627494e+01
   2.8553838e+00
   4.6326821e+01
  -1.9857731e+01
   2.2023787e+01
  -3.4218993e+01
  -2.3665160e+01
  -4.5723622e+01
  -2.9315085e+01
  -5.0100504e+01
  -4.7923199e+01
   2.8773368e+01
  -6.7877056e+01
   3.2301457e+01
   5.2495556e+01
  -4.6224693e+01
   3.2966961e+01
   3.6602286e+01
   3.4694692e+01
   4.9486388e+01
  -8.0930566e+00
   4.6564482e+01
   5.6817115e+01
  -2.3181889e+01
  -4.6626762e+01
  -2.6768885e+00
  -5.3472768e+01
  -6.3266154e+01
  -9.3323059e+00
  -6.3647896e+01
  -4.0528331e+01
   3.6290006e+00
  -3.3167862e+01
  -3.8503931e+01
  -1.8270453e+01
  -3.8168976e+01
   3.5616421e+01
  -3.7270749e+01
  -6.9267563e+01
  -6.6283996e+00
   1.4628980e+01
  -2.1172411e+01
  -5.3864661e+01
   6.1314091e+01
  -4.0815899e+01
  -3.9331531e+01
   1.0795344e+01
  -1.7000149e+01
  -5.2615101e+01
  -4.3098405e+01
  -3.2126034e+01
   2.2625150e+01
   3.5341204e+01
  -6.3660298e+01
  -2.7159436e+00
   5.4745373e+01
  -5.2823217e+00
   1.8334770e+01
  -6.1689329e+01
   5.5000897e+01
  -4.1095046e+01
  -4.2889217e+01
   3.4967028e+01
  -6.0881605e+01
  -4.1806306e+01
  -7.4874781e-01
  -5.9191084e+01
   5.0622198e+00
  -8.7958360e+00
  -2.6893299e+01
  -4.4699374e+01
  -1.4435647e+00
  -1.0859629e+01
  -1.8762885e+00
  -6.3723081e+01
   3.6222806e+01
   1.9695145e+01
   1.9094929e+01
  -1.6134720e+01
  -4.8646151e+01
   8.3546521e+00
  -5.3650213e+01
  -6.7104373e+01
   5.1141094e+00
  -5.5303739e+01
  -5.6873870e+00
   3.1067719e+00
   7.9060752e+00
   2.8598422e+01
  -4.8744823e+01
   3.9085417e+01
   6.6219578e+01
   8.1480640e+00
  -6.9094025e+01
   4.2523908e+01
  -6.6193217e+01
  -5.6824468e+01
  -4.4389505e+01
  -1.6216585e+00
   6.6605483e+01
   6.3532175e+01
  -2.3681774e+01
   5.8335717e+01
  -2.9318774e+00
   2.6613143e+01
   1.7685648e+01
  -1.3027294e+00
   2.0295285e+01
  -4.1338117e+01
   6.4727291e+01
   2.5788497e+00
  -2.7156564e+01
   3.4553010e+01
  -5.2920019e+01
  -5.2823770e+01
  -2.1219001e+01
   1.6762371e+01
   1.9884968e+01
   2.9445676e+01
  -3.7460463e+01
  -2.1971741e+01
  -1.5408620e+01
  -6.0094917e+01
   4.9822054e+00
   6.5290805e+01
   3.2119063e+01
  -2.5840695e+01
  -5.4707187e+00
  -5.2176808e+01
  -6.3210887e+00
  -4.6523451e+01
   3.3323028e+01
  -4.7749028e+01
   6.8056300e+01
   6.1470112e+01
   4.3134169e+01
   7.1808734e-01
  -6.5046926e+01
  -1.1802396e+01
  -6.4898492e+01
  -3.9480035e+01
  -2.7068839e+01
   6.2832641e+01
   8.3832449e+00
   4.6730348e+01
  -6.0178433e+01
  -6.1051073e+01
   2.9259438e+01
  -2.4144388e+01
   2.3412439e+01
  -9.5564167e+00
   6.4625485e+01
  -3.1383075e+01
  -3.2510252e+01
   1.4416270e+01
   5.3742018e+01
   1.5638836e+01
   4.6950142e+01
   3.4919464e+01
   6.0587749e-01
   5.3071625e+01
  -5.0971003e+00
   1.6736227e+01
  -5.0216108e+01
   5.8492958e+01
   4.1254615e+01
   2.3844102e+01
  -1.8736929e+01
  -5.1124461e+01
   4.8919444e+01
  -5.5898137e+01
   1.5776365e+01
   4.1923569e+01
   1.5541300e+01
   6.4029758e+01
   3.4470846e+01
  -6.8319654e+01
  -8.9097106e+00
  -6.3739735e+01
   3.8038576e+01
  -2.3265766e+01
   1.7194142e+01
   5.2762520e+01
  -3.6413639e+01
   4.8481831e+00
  -3.0986167e+01
  -2.0204094e+01
  -5.3875867e+01
  -6.8943703e+01
  -6.0498419e+01
  -6.0601679e+01
   4.8283622e+01
   6.1992722e+01
   4.5957305e+01
   5.5997761e+01
   5.0031177e+01
   4.8851730e+01
   1.0319663e+01
  -5.6739002e+01
   1.6722842e+01
  -1.6309614e+01
  -3.8474684e+01
   6.6018163e+01
   2.3246275e+01
  -2.3483938e+01
   4.1808776e+00
  -5.8455854e+01
   9.3232879e+00
   6.8563386e+01
   6.5882582e+01
  -2.4040596e+01
  -5.9561523e+01
   1.2715352e+01
   6.3267219e+01
  -2.1509246e+01
  -3.4707107e+01
   5.3971715e+00
   6.9495660e+01
  -1.5577099e+01
  -6.1192675e+01
   2.2440569e+01
  -5.1972690e+01
   3.7548382e+01
   3.2851915e+01
  -6.6604968e+01
  -1.7008391e+01
  -1.7423003e+01
   6.7647231e+01
  -5.5589937e+01
   3.5241943e+01
   2.5321746e+01
  -5.2902565e+01
  -4.2361177e+01
  -1.8313810e+01
  -6.6921387e+01
   1.1278143e+00
  -2.9724517e+01
   4.8404271e+01
  -4.1520920e+01
   2.8141139e+01
   1.9831788e+01
   5.1325562e+01
  -3.8911939e+01
  -4.9137559e+01
   4.4764208e+01
  -1.7889239e+01
   1.3283931e+01
  -3.8488955e+01
   2.6857239e+01
  -2.4967434e+01
   3.3259504e+00
   8.5993053e+00
  -3.2386425e+01
  -3.6266924e+01
  -4.6800309e+01
   1.0530350e+01
  -1.3700038e+01
  -6.6903858e+01
   3.3068928e+01
   3.6226141e+01
  -5.6486390e+01
   3.5077664e+00
   6.4831729e+01
  -6.5762844e+01
   4.5293483e+01
   1.3184472e+01
   2.2852443e+01
  -3.6248857e+01
   5.7843669e+01
   4.0112054e+01
   6.2387540e+01
   4.9824634e+00
   6.5915491e+01
  -7.4985330e+00
   1.4329736e+01
  -6.2654671e+01
  -3.8540406e+01
  -2.5589980e+01
   6.7144761e+01
  -3.0768045e+01
   1.8319681e+01
   1.3850373e+01
   2.0526167e+01
   1.0871457e+01
  -7.1632164e+00
  -2.8866799e+01
  -6.1024805e+00
  -5.8424703e+01
  -3.5572736e+01
  -4.5316043e+01
  -5.7091115e+01
  -5.6797453e+01
  -6.7255340e+01
   7.5871712e+00
  -4.3780733e+01
  -1.6566198e+01
  -6.7215286e+01
   5.0647953e+01
  -5.8111017e+01
   1.9469298e+01
   2.6085994e+01
  -1.9514134e+01
   1.2809452e+01
   1.5156376e+00
  -3.3539212e+01
  -1.9796536e+00
  -4.3458630e+01
  -4.7617375e+01
   4.5312557e+01
  -4.7458457e+01
   3.6676447e+01
   1.2952477e+01
   7.4663881e+00
   4.5996957e+01
   5.6531566e+01
   7.9763870e+00
  -2.2043650e+01
  -2.6108950e+01
   8.9908683e+00
  -5.8808078e+01
  -1.4911105e+01
   1.0821078e+01
   3.0466748e+01
   4.7117550e+01
   5.8345647e+01
   2.1343156e+01
  -6.6606505e+01
  -1.9396537e+01
   1.3660274e+01
   6.5294689e+01
   4.2490351e+01
   4.4799240e+01
  -4.6673368e-01
   2.1295703e+01
  -2.6962336e+01
  -4.1136672e+01
   1.9671940e+01
  -2.3822040e+00
   3.9066855e+01
   2.2045982e+01
   5.3670972e+01
  -1.0653036e+01
   1.0893354e+00
  -5.4515476e+01
  -4.3136498e+00
   3.3304896e+01
  -4.9359994e+01
  -6.5021829e+01
  -4.0944762e+01
  -2.6603988e+01
   6.0138164e+01
   8.1864788e+00
   4.6665363e+00
  -6.1637269e+00
  -5.0775759e+01
   5.5656492e+00
   2.9278118e+01
  -6.1277253e+01
   3.7871415e+01
  -5.6190648e+01
  -2.9149550e+01
  -3.3122438e+00
  -3.5874455e+01
  -4.5221592e+01
  -6.8889514e+00
  -3.3251348e+01
   2.8906660e+01
   2.7530850e+01
   6.7232585e+01
   2.8077612e+01
   2.9674930e+01
   1.0159221e+01
  -3.7862869e+01
  -2.2856788e+01
   5.2632013e+01
   6.6736500e+00
  -6.7877444e+01
  -3.1917093e-01
   1.9526153e+01
  -3.0537832e+00
  -6.4067974e+01
   7.6973192e+00
   4.0850348e+01
  -4.6916294e+01
  -4.7612464e+00
  -1.3375945e-01
  -5.3239217e+01
   4.3323063e+01
  -6.3858697e+01
   6.3967241e+01
  -5.7762860e+01
   2.2971747e+01
  -3.9146368e+01
  -2.9894900e+01
  -1.8676689e+00
   4.9082646e+01
   5.8539165e+01
  -2.9178760e+01
   3.9224973e+01
  -2.3323511e+01
   2.0001686e+00
   5.4959725e+01
   2.5150509e+01
  -3.9957334e+01
   2.5246524e+01
  -8.5933868e+00
  -7.1142443e+00
   5.3771622e+01
  -4.1444721e+01
  -8.9322513e+00
   4.5775567e+01
   3.7094498e+01
  -2.8968995e+00
   1.6517937e+01
   4.5519823e+01
  -7.1442881e+00
  -1.9669957e+01
   6.4466995e+01
  -4.2058746e+01
   5.5993515e+00
   5.1968029e+01
  -6.4078493e+01
   6.7019461e+01
  -4.2061085e+01
   6.9449453e+01
   5.8548274e+01
   1.6549836e+01
  -1.2749636e+01
  -6.8082622e+01
  -2.4311450e+01
   2.2216733e+01
   6.7237245e+01
  -5.0593338e+01
  -5.1393793e+01
  -6.7934369e+01
  -3.7548543e+01
  -1.9762949e+00
   1.9794541e+01
  -1.8963255e+01
  -4.4471035e+01
  -4.4231700e+01
  -5.6337264e+01
   7.8113445e+00
   5.8271142e+01
   2.1408524e+01
   4.8761716e+01
   5.4199311e+01
  -3.8940102e+00
  -4.1864952e+00
   7.3073828e+00
  -3.5292181e+01
  -5.4776619e+01
   7.1340719e+00
  -1.4534600e+01
  -1.6288566e+01
  -4.9877875e+00
  -1.1927229e+01
  -6.9764541e+01
   6.6260532e+01
  -3.0825464e+01
   5.7199294e+01
   4.6910449e+01
  -5.4126516e+01
  -5.4480381e+01
  -3.0317641e+01
  -2.0531600e+01
  -5.1590091e+01
  -5.1889204e+01
  -1.2516235e+01
  -3.7922998e+01
   6.2065763e+01
  -3.1508230e+01
   5.0731373e+01
   2.6017390e+01
   4.7993594e+01
  -6.1607115e+01
   6.5988669e+01
   5.0623676e+01
   1.0880610e+01
   5.8584985e+01
   5.3103181e+01
   2.1512589e+01
  -6.6143911e+01
  -1.7194981e+01
   5.4452127e+01
   1.6502847e+01
   3.4569874e+01
   2.5741317e+01
   4.3931419e+01
   5.5809339e+01
   1.9189761e+01
  -2.5895194e+01
  -3.8261270e+01
  -3.7822325e+01
   5.3322078e+01
   4.5697829e+01
   1.1899773e+01
  -2.7533750e+01
   6.8672508e+01
   5.6749687e+00
  -4.2558288e+01
  -3.6631478e+01
   3.7399412e+01
   5.8594866e+01
   3.4746479e+01
   3.0165650e+01
  -4.7661319e+01
  -3.1316013e+01
  -5.4836965e+01
  -4.9325426e+01
  -1.8236997e+01
  -3.4668664e+01
   3.1558628e+01
  -1.1987324e+01
  -1.3313301e+01
  -3.2234045e+01
   8.9193797e+00
   6.1948175e+01
  -3.0912256e+01
  -5.7015411e+01
  -2.6917482e+01
   2.2985729e+01
   4.7261837e+01
   4.6746657e+01
  -2.5261009e+01
  -5.8606316e+01
   4.4656058e+01
   1.4135585e+01
   1.5096363e+01
  -3.5915615e+01
   3.3267511e+01
   5.4361092e+01
   4.4616559e+01
  -4.6048183e+01
   6.5011697e+01
  -3.1056936e+01
  -3.5652943e+01
  -3.1250750e+01
   5.3937885e+01
   6.3310036e+01
   6.5652007e+01
   2.0105454e+01
   3.0689222e-01
  -1.7881611e+01
  -1.5380798e+01
   2.6557033e+01
  -8.7244970e+00
   3.0512468e+01
   1.7766530e+01
  -1.9503682e+01
  -5.5298620e+01
  -5.4615256e+01
  -5.9582990e+01
   3.0075823e+00
   6.3081624e+01
  -1.1226068e+01
   6.2760148e+01
  -1.1894689e+00
  -1.8386938e+01
   6.5262962e+01
  -7.1752598e+00
   2.4392459e+01
   5.4518236e+01
  -6.8135113e+01
  -2.2424676e+01
   8.6306558e+00
  -6.9974903e+01
   5.7086112e+01
  -1.0059569e+01
   4.9489104e+01
  -3.8181171e+01
   7.4394609e+00
   4.4349646e+01
  -9.2742691e+00
  -6.2353608e+01
   7.9980671e+00
  -2.6079913e+01
   9.2172794e-03
   2.0231941e+01
  -3.0764844e+01
   9.1604927e+00
  -5.8716836e+01
   4.9339728e+01
  -5.2881237e+01
   5.8570353e+00
   5.4295647e+01
  -5.1865559e+01
   4.7261837e+01
   2.3388424e+01
   5.8773145e+01
   5.4684068e+00
  -6.0059448e+01
  -4.5392765e+00
   3.3562016e+01
  -4.5751667e+01
   6.9142987e+01
  -3.7709600e+01
   3.9581225e+01
   2.7450657e+01
   5.6740156e+01
  -6.0850799e+00
  -2.7686035e+01
   2.9092835e+00
  -2.1487227e+01
   5.7742467e+01
  -5.4140827e+01
   2.0627123e+01
  -5.8821212e+01
   3.9052961e+00
  -4.6402764e+01
  -4.0620960e-01
   6.5807415e+01
   6.0788802e+01
   3.9801648e+01
  -6.1012469e+01
   2.7767392e+01
  -4.7957634e+01
  -5.6949094e+01
   6.5067566e+01
   3.0050286e+01
   1.5006216e+01
   6.0521861e+01
  -5.8777983e+01
   5.1159539e+01
   1.0968924e+01
  -6.6216432e+01
   3.4538893e+01
   2.2888715e+01
  -6.6764413e+01
   1.2815407e+00
  -5.8319218e+01
  -1.9678003e+01
   1.4934493e+01
   5.6530173e+01
  -1.8172653e+01
  -4.8762256e+01
   9.8662078e+00
   2.2219980e+01
   5.6953776e+01
  -8.9401766e+00
   2.4368674e+01
  -2.5460292e+00
  -1.6210291e+01
  -6.3791384e+01
   6.4358874e+01
  -3.1117943e+01
   5.7049461e+01
   3.6454055e+01
  -5.0753154e+01
   2.1545329e+01
  -5.2381164e+01
   5.7495662e+01
   1.1215186e+01
   2.7596830e+01
   4.1245928e+01
   1.9483046e+01
  -4.8798040e+01
  -5.0009257e+01
   5.5385124e+01
   5.4777932e+01
  -5.7919274e+01
   6.5914198e+01
  -6.9818182e+01
  -5.9690276e+01
  -9.4699555e+00
   5.4273258e+01
  -5.3757803e+01
   3.2724807e+00
   8.5346009e+00
   4.6265903e+01
  -3.0701873e+01
   1.8063693e+01
   5.8347995e+01
  -4.8107811e+00
  -1.4890291e+01
   3.3649970e+01
  -1.9072256e+01
   4.0232604e+01
   6.9879020e+01
  -3.6830624e+01
  -4.8022515e+01
   3.7630503e+01
   6.1283058e+01
   1.3700069e+01
   1.6199518e+01
   3.8715895e+01
   4.6628195e+01
  -3.0135888e+01
  -5.2795033e+01
  -4.8046387e+01
  -3.7996858e+01
   5.6095613e+01
  -2.9443841e+01
   6.3538931e+01
   1.5660116e+01
   7.9763431e+00
  -2.0572571e+01
   1.1942952e+01
  -6.4411234e+01
  -2.4297241e+01
  -3.7630072e+01
   2.3768157e+01
   3.2332175e+01
   6.0474739e+01
  -2.7836884e+01
   2.6515554e+01
  -3.6768842e+00
   1.6150160e+01
   3.7974711e+01
   8.9872254e+00
   3.1504619e+01
   2.5341616e+01
   2.2620800e+01
  -4.7701980e+01
   5.4232049e+01
   3.2394798e+01
   4.4181497e+01
  -1.3343333e+01
  -1.0277177e+01
  -5.4561831e+01
   6.2223838e+01
   1.1109897e-02
  -6.7390247e+01
   1.7556209e+01
   1.0151126e+01
  -2.6788340e+00
  -6.2204867e+01
   2.0006455e+01
   6.6013418e+01
  -2.8605395e+01
  -1.5352394e+00
   6.5690338e+01
   5.1757241e+01
  -4.9226300e+01
   7.1579015e+00
  -1.7839174e+01
   4.0378878e+00
   7.9663107e+00
   1.2342216e+01
  -5.6144624e+01
  -3.0152724e+01
   6.5837415e+01
   5.8060415e+00
  -5.0514372e+01
   1.3869972e+00
  -3.2207214e+01
   1.0950260e+00
  -1.0913497e+01
   9.9654136e+00
   3.6216765e+01
   4.0712704e+01
  -3.0752601e+01
  -5.5959962e+01
  -3.0159971e+01
  -4.7676112e+01
  -2.9008433e+01
   3.4737864e+01
  -1.4171775e+01
  -1.9641171e+01
   5.9605175e+01
   2.9325827e+01
   3.6952110e+01
  -6.4425695e+01
   4.5122262e+01
  -4.9201161e+01
   6.0955550e+01
   5.0654871e+01
   1.7706598e+01
   2.2020046e+01
   2.4702137e+01
   1.6853703e+01
   4.0874727e+01
  -2.5074909e+01
   6.3593011e+01
   4.7619160e+01
   4.0887444e+01
  -5.3342042e+01
   2.7966241e+01
  -5.7008052e+01
  -6.3834006e+01
   4.1218561e+01
   2.7275169e+01
  -1.8370396e+01
  -5.7367270e+01
   5.1021350e+01
   3.5078448e+00
  -7.9865852e+00
  -5.5717072e+01
   1.9892599e+01
  -4.4477209e+01
  -6.3662627e+00
   7.0514897e+00
   6.1587893e+01
  -2.2590072e+01
   1.8774967e+01
  -3.7001432e+01
   2.6261058e+01
  -5.0822256e+01
  -4.5445106e+00
  -3.1054852e+01
  -4.9979970e+01
   1.9946851e+01
   4.0493969e+01
  -1.2201882e+01
   9.3504062e+00
   4.8897517e+01
   1.7085191e+01
  -2.7356812e+01
  -3.4501594e+01
   9.7178607e+00
  -4.4848607e+01
  -1.0748013e+00
  -4.4185278e+01
  -3.3865922e+01
  -4.5664563e+01
  -1.3304113e+01
   2.2056300e+01
   1.7417960e+01
  -5.2499329e+01
   3.8953235e+01
  -1.0660538e+01
   5.4993149e+01
  -4.8504685e+01
  -1.0458047e+01
  -2.8912974e+01
  -6.6448566e+01
   6.2880202e+01
  -4.9380581e+01
  -2.6687555e+01
   4.9580484e+01
   3.7705725e+00
   8.6277246e+00
  -1.5620280e+00
   4.4541182e+01
  -4.8048250e+01
  -2.8440074e+01
  -4.6060568e+01
  -2.4909186e+01
   2.0198105e+01
   3.7211511e+01
   3.4558847e+01
  -5.1091606e+01
   3.4821025e+01
  -1.2765092e+01
  -2.9813620e+01
  -1.4049030e+01
  -1.2345601e+01
  -2.0814840e+00
   1.1889998e+01
  -5.9115016e+01
  -8.6150572e-01
   2.9957895e+00
  -3.3727523e+00
   6.9597787e+01
   6.6830007e+01
   5.4840650e+00
  -4.9047741e+01
  -4.9759764e+01
  -1.9670484e+01
   5.0002254e+01
  -6.2089358e+01
   5.3238777e+01
   3.6364563e+01
  -7.5720396e+00
   3.3247149e+01
   2.0066223e+01
  -3.9488471e+00
  -1.0184721e+01
  -1.8754715e+01
   1.6729403e+01
   3.6226855e+01
  -5.1559569e+01
  -6.0102166e+01
   3.7838959e+01
   3.9552972e+01
   5.1293341e+01
   6.1108201e+01
   2.0442177e+01
  -4.8672516e+01
  -4.5524336e+01
  -3.8989097e+01
   3.6605908e+01
   1.0111486e+01
   6.3945031e+01
  -6.2582765e+01
   2.0111347e+01
   2.0302358e+01
   1.3139845e+01
  -1.8017924e+01
  -8.2481556e-01
  -6.0534792e+01
   5.8676358e+01
   2.0584296e+01
  -1.7801737e+01
  -1.4563808e+01
   2.2880434e+01
  -2.9949146e+00
  -3.4792282e+01
  -4.2431347e+01
   3.3364340e+01
  -4.2621363e+01
  -2.7967969e+01
  -2.2592959e+01
  -4.7508609e+01
   1.3855208e+01
   5.3592655e+01
  -4.7297530e+01
  -5.0995473e+00
   1.1211877e+01
  -1.3956462e+01
   3.4434207e+01
   4.2528570e+01
   1.6600824e+01
  -2.3127016e+01
  -6.3227518e+01
  -4.6331640e+01
  -4.2476602e+01
  -1.9786918e+01
   2.0861666e+01
   2.9017655e+01
  -7.8910435e+00
   4.9001263e+01
  -3.5724921e+01
  -5.3887817e+01
   5.0961565e+01
  -4.3987049e+01
   4.9100028e+01
   1.3427808e+00
   4.8241106e+01
  -3.5774758e+01
   6.8723787e+01
   6.3199566e+01
   5.1768250e+01
   4.7591012e+01
   6.3217552e+01
  -1.5461224e+01
  -8.7570178e-01
  -5.8727949e+01
  -2.0182834e+01
   3.7766271e+01
  -1.6303559e+01
   5.3182021e+01
  -2.4251517e+01
   1.8315282e+01
  -1.1487778e+01
   4.3089670e+01
  -3.9314730e+01
   7.7899546e+00
  -2.2293110e+01
  -1.6014090e+01
   4.6128908e+01
  -5.4090943e+00
   3.1760841e+01
  -5.0868168e+01
   9.8909148e+00
  -1.5065875e+01
   3.9964997e+01
  -2.5233265e+01
  -3.1794460e+01
   5.4744437e+01
  -4.2495251e+01
   7.9331412e+00
  -4.9959734e+01
   3.2542796e+01
  -6.6738533e+01
  -5.6366658e+01
  -5.1442337e+01
  -1.1558272e+01
   4.3973753e+01
   4.4100755e+01
  -5.0313527e+01
   6.9115816e+01
   2.7400511e+01
  -6.6444147e+01
   2.7384753e+01
   1.0988125e+01
  -5.2405836e+01
   1.2097878e+01
   3.0499933e+01
   2.2425229e+01
   5.7809829e-01
   4.0323205e+01
   6.4947274e+01
  -2.6275348e+01
  -3.3225030e+01
   4.9155953e+00
  -3.3975923e+01
  -1.2980507e+01
   1.0032002e+01
  -5.1350702e+01
   5.9576244e+00
   1.7183362e+01
   1.5469859e+01
  -3.9249406e+01
  -6.5424136e+01
   4.7190439e+00
   6.3692232e+01
  -6.4411123e+00
  -6.9046984e+01
   2.1379652e+01
   5.4627494e+01
   2.8553838e+00
   4.6326821e+01
  -1.9857731e+01
   2.2023787e+01
  -3.4218993e+01
  -2.3665160e+01
  -4.5723622e+01
  -2.9315085e+01
  -5.0100504e+01
  -4.7923199e+01
   2.8773368e+01
  -6.7877056e+01
   3.2301457e+01
   5.2495556e+01
  -4.6224693e+01
   3.2966961e+01
   3.6602286e+01
   3.4694692e+01
   4.9486388e+01
  -8.0930566e+00
   4.6564482e+01
   5.6817115e+01
  -2.3181889e+01
  -4.6626762e+01
  -2.6768885e+00
  -5.3472768e+01
  -6.3266154e+01
  -9.3323059e+00
  -6.3647896e+01
  -4.0528331e+01
   3.6290006e+00
  -3.3167862e+01
  -3.8503931e+01
  -1.8270453e+01
  -3.8168976e+01
   3.5616421e+01
  -3.7270749e+01
  -6.9267563e+01
  -6.6283996e+00
   1.4628980e+01
  -2.1172411e+01
  -5.3864661e+01
   6.1314091e+01
  -4.0815899e+01
  -3.9331531e+01
   1.0795344e+01
  -1.7000149e+01
  -5.2615101e+01
  -4.3098405e+01
  -3.2126034e+01
   2.2625150e+01
   3.5341204e+01
  -6.3660298e+01
  -2.7159436e+00
   5.4745373e+01
  -5.2823217e+00
   1.8334770e+01
  -6.1689329e+01
   5.5000897e+01
  -4.1095046e+01
  -4.2889217e+01
   3.4967028e+01
  -6.0881605e+01
  -4.1806306e+01
  -7.4874781e-01
  -5.9191084e+01
   5.0622198e+00
  -8.7958360e+00
  -2.6893299e+01
  -4.4699374e+01
  -1.4435647e+00
  -1.0859629e+01
  -1.8762885e+00
  -6.3723081e+01
   3.6222806e+01
   1.9695145e+01
   1.9094929e+01
  -1.6134720e+01
  -4.8646151e+01
   8.3546521e+00
  -5.3650213e+01
  -6.7104373e+01
   5.1141094e+00
  -5.5303739e+01
  -5.6873870e+00
   3.1067719e+00
   7.9060752e+00
   2.8598422e+01
  -4.8744823e+01
   3.9085417e+01
   6.6219578e+01
   8.1480640e+00
  -6.9094025e+01
   4.2523908e+01
  -6.6193217e+01
  -5.6824468e+01
  -4.4389505e+01
  -1.6216585e+00
   6.6605483e+01
   6.3532175e+01
  -2.3681774e+01
   5.8335717e+01
  -2.9318774e+00
   2.6613143e+01
   1.7685648e+01
  -1.3027294e+00
   2.0295285e+01
  -4.1338117e+01
   6.4727291e+01
   2.5788497e+00
  -2.7156564e+01
   3.4553010e+01
  -5.2920019e+01
  -5.2823770e+01
  -2.1219001e+01
   1.6762371e+01
   1.9884968e+01
   2.9445676e+01
  -3.7460463e+01
  -2.1971741e+01
  -1.5408620e+01
  -6.0094917e+01
   4.9822054e+00
   6.5290805e+01
   3.2119063e+01
  -2.5840695e+01
  -5.4707187e+00
  -5.2176808e+01
  -6.3210887e+00
  -4.6523451e+01
   3.3323028e+01
  -4.7749028e+01
   6.8056300e+01
   6.1470112e+01
   4.3134169e+01
   7.1808734e-01
  -6.5046926e+01
  -1.1802396e+01
  -6.4898492e+01
  -3.9480035e+01
  -2.7068839e+01
   6.2832641e+01
   8.3832449e+00
   4.6730348e+01
  -6.0178433e+01
  -6.1051073e+01
   2.9259438e+01
  -2.4144388e+01
   2.3412439e+01
  -9.5564167e+00
   6.4625485e+01
  -3.1383075e+01
  -3.2510252e+01
   1.4416270e+01
   5.3742018e+01
   1.5638836e+01
   4.6950142e+01
   3.4919464e+01
   6.0587749e-01
   5.3071625e+01
  -5.0971003e+00
   1.6736227e+01
  -5.0216108e+01
   5.8492958e+01
   4.1254615e+01
   2.3844102e+01
  -1.8736929e+01
  -5.1124461e+01
   4.8919444e+01
  -5.5898137e+01
   1.5776365e+01
   4.1923569e+01
   1.5541300e+01
   6.4029758e+01
   3.4470846e+01
  -6.8319654e+01
  -8.9097106e+00
  -6.3739735e+01
   3.8038576e+01
  -2.3265766e+01
   1.7194142e+01
   5.2762520e+01
  -3.6413639e+01
   4.8481831e+00
  -3.0986167e+01
  -2.0204094e+01
  -5.3875867e+01
  -6.8943703e+01
  -6.0498419e+01
  -6.0601679e+01
   4.8283622e+01
   6.1992722e+01
   4.5957305e+01
   5.5997761e+01
   5.0031177e+01
   4.8851730e+01
   1.0319663e+01
  -5.6739002e+01
   1.6722842e+01
  -1.6309614e+01
  -3.8474684e+01
   6.6018163e+01
   2.3246275e+01
  -2.3483938e+01
   4.1808776e+00
  -5.8455854e+01
   9.3232879e+00
   6.8563386e+01
   6.5882582e+01
  -2.4040596e+01
  -5.9561523e+01
   1.2715352e+01
   6.3267219e+01
  -2.1509246e+01
  -3.4707107e+01
   5.3971715e+00
   6.9495660e+01
  -1.5577099e+01
  -6.1192675e+01
   2.2440569e+01
  -5.1972690e+01
   3.7548382e+01
   3.2851915e+01
  -6.6604968e+01
  -1.7008391e+01
  -1.7423003e+01
   6.7647231e+01
  -5.5589937e+01
   3.5241943e+01
   2.5321746e+01
  -5.2902565e+01
  -4.2361177e+01
  -1.8313810e+01
  -6.6921387e+01
   1.1278143e+00
  -2.9724517e+01
   4.8404271e+01
  -4.1520920e+01
   2.8141139e+01
   1.9831788e+01
   5.1325562e+01
  -3.8911939e+01
  -4.9137559e+01
   4.4764208e+01
  -1.7889239e+01
   1.3283931e+01
  -3.8488955e+01
   2.6857239e+01
  -2.4967434e+01
   3.3259504e+00
   8.5993053e+00
  -3.2386425e+01
  -3.6266924e+01
  -4.6800309e+01
   1.0530350e+01
  -1.3700038e+01
  -6.6903858e+01
   3.3068928e+01
   3.6226141e+01
  -5.6486390e+01
   3.5077664e+00
   6.4831729e+01
  -6.5762844e+01
   4.5293483e+01
   1.3184472e+01
   2.2852443e+01
  -3.6248857e+01
   5.7843669e+01
   4.0112054e+01
   6.2387540e+01
   4.9824634e+00
   6.5915491e+01
  -7.4985330e+00
   1.4329736e+01
  -6.2654671e+01
  -3.8540406e+01
  -2.5589980e+01
   6.7144761e+01
  -3.0768045e+01
   1.8319681e+01
   1.3850373e+01
   2.0526167e+01
   1.0871457e+01
  -7.1632164e+00
  -2.8866799e+01
  -6.1024805e+00
  -5.8424703e+01
  -3.5572736e+01
  -4.5316043e+01
  -5.7091115e+01
  -5.6797453e+01
  -6.7255340e+01
   7.5871712e+00
  -4.3780733e+01
  -1.6566198e+01
  -6.7215286e+01
   5.0647953e+01
  -5.8111017e+01
   1.9469298e+01
   2.6085994e+01
  -1.9514134e+01
   1.2809452e+01
   1.5156376e+00
  -3.3539212e+01
  -1.9796536e+00
  -4.3458630e+01
  -4.7617375e+01
   4.5312557e+01
  -4.7458457e+01
   3.6676447e+01
   1.2952477e+01
   7.4663881e+00
   4.5996957e+01
   5.6531566e+01
   7.9763870e+00
  -2.2043650e+01
  -2.6108950e+01
   8.9908683e+00
  -5.8808078e+01
  -1.4911105e+01
   1.0821078e+01
   3.0466748e+01
   4.7117550e+01
   5.8345647e+01
   2.1343156e+01
  -6.6606505e+01
  -1.9396537e+01
   1.3660274e+01
   6.5294689e+01
   4.2490351e+01
   4.4799240e+01
  -4.6673368e-01
   2.1295703e+01
  -2.6962336e+01
  -4.1136672e+01
   1.9671940e+01
  -2.3822040e+00
   3.9066855e+01
   2.2045982e+01
   5.3670972e+01
  -1.0653036e+01
   1.0893354e+00
  -5.4515476e+01
  -4.3136498e+00
   3.3304896e+01
  -4.9359994e+01
  -6.5021829e+01
  -4.0944762e+01
  -2.6603988e+01
   6.0138164e+01
   8.1864788e+00
   4.6665363e+00
  -6.1637269e+00
  -5.0775759e+01
   5.5656492e+00
   2.9278118e+01
  -6.1277253e+01
   3.7871415e+01
  -5.6190648e+01
  -2.9149550e+01
  -3.3122438e+00
  -3.5874455e+01
  -4.5221592e+01
  -6.8889514e+00
  -3.3251348e+01
   2.8906660e+01
   2.7530850e+01
   6.7232585e+01
   2.8077612e+01
   2.9674930e+01
   1.0159221e+01
  -3.7862869e+01
  -2.2856788e+01
   5.2632013e+01
   6.6736500e+00
  -6.7877444e+01
  -3.1917093e-01
   1.9526153e+01
  -3.0537832e+00
  -6.4067974e+01
   7.6973192e+00
   4.0850348e+01
  -4.6916294e+01
  -4.7612464e+00
  -1.3375945e-01
  -5.3239217e+01
   4.3323063e+01
  -6.3858697e+01
   6.3967241e+01
  -5.7762860e+01
   2.2971747e+01
  -3.9146368e+01
  -2.9894900e+01
  -1.8676689e+00
   4.9082646e+01
   5.8539165e+01
  -2.9178760e+01
   3.9224973e+01
  -2.3323511e+01
   2.0001686e+00
   5.4959725e+01
   2.5150509e+01
  -3.9957334e+01
   2.5246524e+01
  -8.5933868e+00
  -7.1142443e+00
   5.3771622e+01
  -4.1444721e+01
  -8.9322513e+00
   4.5775567e+01
   3.7094498e+01
  -2.8968995e+00
   1.6517937e+01
   4.5519823e+01
  -7.1442881e+00
  -1.9669957e+01
   6.4466995e+01
  -4.2058746e+01
   5.5993515e+00
   5.1968029e+01
  -6.4078493e+01
   6.7019461e+01
  -4.2061085e+01
   6.9449453e+01
   5.8548274e+01
   1.6549836e+01
  -1.2749636e+01
  -6.8082622e+01
  -2.4311450e+01
   2.2216733e+01
   6.7237245e+01
  -5.0593338e+01
  -5.1393793e+01
  -6.7934369e+01
  -3.7548543e+01
  -1.9762949e+00
   1.9794541e+01
  -1.8963255e+01
  -4.4471035e+01
  -4.4231700e+01
  -5.6337264e+01
   7.8113445e+00
   5.8271142e+01
   2.1408524e+01
   4.8761716e+01
   5.4199311e+01
  -3.8940102e+00
  -4.1864952e+00
   7.3073828e+00
  -3.5292181e+01
  -5.4776619e+01
   7.1340719e+00
  -1.4534600e+01
  -1.6288566e+01
  -4.9877875e+00
  -1.1927229e+01
  -6.9764541e+01
   6.6260532e+01
  -3.0825464e+01
   5.7199294e+01
   4.6910449e+01
  -5.4126516e+01
  -5.4480381e+01
  -3.0317641e+01
  -2.0531600e+01
  -5.1590091e+01
  -5.1889204e+01
  -1.2516235e+01
  -3.7922998e+01
   6.2065763e+01
  -3.1508230e+01
   5.0731373e+01
   2.6017390e+01
   4.7993594e+01
  -6.1607115e+01
   6.5988669e+01
   5.0623676e+01
   1.0880610e+01
   5.8584985e+01
   5.3103181e+01
   2.1512589e+01
  -6.6143911e+01
  -1.7194981e+01
   5.4452127e+01
   1.6502847e+01
   3.4569874e+01
   2.5741317e+01
   4.3931419e+01
   5.5809339e+01
   1.9189761e+01
  -2.5895194e+01
  -3.8261270e+01
  -3.7822325e+01
   5.3322078e+01
   4.5697829e+01
   1.1899773e+01
  -2.7533750e+01
   6.8672508e+01
   5.6749687e+00
  -4.2558288e+01
  -3.6631478e+01
   3.7399412e+01
   5.8594866e+01
   3.4746479e+01
   3.0165650e+01
  -4.7661319e+01
  -3.1316013e+01
  -5.4836965e+01
  -4.9325426e+01
  -1.8236997e+01
  -3.4668664e+01
   3.1558628e+01
  -1.1987324e+01
  -1.3313301e+01
  -3.2234045e+01
   8.9193797e+00
   6.1948175e+01
  -3.0912256e+01
  -5.7015411e+01
  -2.6917482e+01
   2.2985729e+01
   4.7261837e+01
   4.6746657e+01
  -2.5261009e+01
  -5.8606316e+01
   4.4656058e+01
   1.4135585e+01
   1.5096363e+01
  -3.5915615e+01
   3.3267511e+01
   5.4361092e+01
   4.4616559e+01
  -4.6048183e+01
   6.5011697e+01
  -3.1056936e+01
  -3.5652943e+01
  -3.1250750e+01
   5.3937885e+01
   6.3310036e+01
   6.5652007e+01
   2.0105454e+01
   3.0689222e-01
  -1.7881611e+01
  -1.5380798e+01
   2.6557033e+01
  -8.7244970e+00
   3.0512468e+01
   1.7766530e+01
  -1.9503682e+01
  -5.5298620e+01
  -5.4615256e+01
  -5.9582990e+01
   3.0075823e+00
   6.3081624e+01
  -1.1226068e+01
   6.2760148e+01
  -1.1894689e+00
  -1.8386938e+01
   6.5262962e+01
  -7.1752598e+00
   2.4392459e+01
   5.4518236e+01
  -6.8135113e+01
  -2.2424676e+01
   8.6306558e+00
  -6.9974903e+01
   5.7086112e+01
  -1.0059569e+01
   4.9489104e+01
  -3.8181171e+01
   7.4394609e+00
   4.4349646e+01
  -9.2742691e+00
  -6.2353608e+01
   7.9980671e+00
  -2.6079913e+01
   9.2172794e-03
   2.0231941e+01
  -3.0764844e+01
   9.1604927e+00
  -5.8716836e+01
   4.9339728e+01
  -5.2881237e+01
   5.8570353e+00
   5.4295647e+01
  -5.1865559e+01
   4.7261837e+01
   2.3388424e+01
   5.8773145e+01
   5.4684068e+00
  -6.0059448e+01
  -4.5392765e+00
   3.3562016e+01
  -4.5751667e+01
   6.9142987e+01
  -3.7709600e+01
   3.9581225e+01
   2.7450657e+01
   5.6740156e+01
  -6.0850799e+00
  -2.7686035e+01
   2.9092835e+00
  -2.1487227e+01
   5.7742467e+01
  -5.4140827e+01
   2.0627123e+01
  -5.8821212e+01
   3.9052961e+00
  -4.6402764e+01
  -4.0620960e-01
   6.5807415e+01
   6.0788802e+01
   3.9801648e+01
  -6.1012469e+01
   2.7767392e+01
  -4.7957634e+01
  -5.6949094e+01
   6.5067566e+01
   3.0050286e+01
   1.5006216e+01
   6.0521861e+01
  -5.8777983e+01
   5.1159539e+01
   1.0968924e+01
  -6.6216432e+01
   3.4538893e+01
   2.2888715e+01
  -6.6764413e+01
   1.2815407e+00
  -5.8319218e+01
  -1.9678003e+01
   1.4934493e+01
   5.6530173e+01
  -1.8172653e+01
  -4.8762256e+01
   9.8662078e+00
   2.2219980e+01
   5.6953776e+01
  -8.9401766e+00
   2.4368674e+01
  -2.5460292e+00
  -1.6210291e+01
  -6.3791384e+01
   6.4358874e+01
  -3.1117943e+01
   5.7049461e+01
   3.6454055e+01
  -5.0753154e+01
   2.1545329e+01
  -5.2381164e+01
   5.7495662e+01
   1.1215186e+01
   2.7596830e+01
   4.1245928e+01
   1.9483046e+01
  -4.8798040e+01
  -5.0009257e+01
   5.5385124e+01
   5.4777932e+01
  -5.7919274e+01
   6.5914198e+01
  -6.9818182e+01
  -5.9690276e+01
  -9.4699555e+00
   5.4273258e+01
  -5.3757803e+01
   3.2724807e+00
   8.5346009e+00
   4.6265903e+01
  -3.0701873e+01
   1.8063693e+01
   5.8347995e+01
  -4.8107811e+00
  -1.4890291e+01
   3.3649970e+01
  -1.9072256e+01
   4.0232604e+01
   6.9879020e+01
  -3.6830624e+01
  -4.8022515e+01
   3.7630503e+01
   6.1283058e+01
   1.3700069e+01
   1.6199518e+01
   3.8715895e+01
   4.6628195e+01
  -3.0135888e+01
  -5.2795033e+01
  -4.8046387e+01
  -3.7996858e+01
   5.6095613e+01
  -2.9443841e+01
   6.3538931e+01
   1.5660116e+01
   7.9763431e+00
  -2.0572571e+01
   1.1942952e+01
  -6.4411234e+01
  -2.4297241e+01
  -3.7630072e+01
   2.3768157e+01
   3.2332175e+01
   6.0474739e+01
  -2.7836884e+01
   2.6515554e+01
  -3.6768842e+00
   1.6150160e+01
   3.7974711e+01
   8.9872254e+00
   3.1504619e+01
   2.5341616e+01
   2.2620800e+01
  -4.7701980e+01
   5.4232049e+01
   3.2394798e+01
   4.4181497e+01
  -1.3343333e+01
  -1.0277177e+01
  -5.4561831e+01
   6.2223838e+01
   1.1109897e-02
  -6.7390247e+01
   1.7556209e+01
   1.0151126e+01
  -2.6788340e+00
  -6.2204867e+01
   2.0006455e+01
   6.6013418e+01
  -2.8605395e+01
  -1.5352394e+00
   6.5690338e+01
   5.1757241e+01
  -4.9226300e+01
   7.1579015e+00
  -1.7839174e+01
   4.0378878e+00
   7.9663107e+00
   1.2342216e+01
  -5.6144624e+01
  -3.0152724e+01
   6.5837415e+01
   5.8060415e+00
  -5.0514372e+01
   1.3869972e+00
  -3.2207214e+01
   1.0950260e+00
  -1.0913497e+01
   9.9654136e+00
   3.6216765e+01
   4.0712704e+01
  -3.0752601e+01
  -5.5959962e+01
  -3.0159971e+01
  -4.7676112e+01
  -2.9008433e+01
   3.4737864e+01
  -1.4171775e+01
  -1.9641171e+01
   5.9605175e+01
   2.9325827e+01
   3.6952110e+01
  -6.4425695e+01
   4.5122262e+01
  -4.9201161e+01
   6.0955550e+01
   5.0654871e+01
   1.7706598e+01
   2.2020046e+01
   2.4702137e+01
   1.6853703e+01
   4.0874727e+01
  -2.5074909e+01
   6.3593011e+01
   4.7619160e+01
   4.0887444e+01
  -5.3342042e+01
   2.7966241e+01
  -5.7008052e+01
  -6.3834006e+01
   4.1218561e+01
   2.7275169e+01
  -1.8370396e+01
  -5.7367270e+01
   5.1021350e+01
   3.5078448e+00
  -7.9865852e+00
  -5.5717072e+01
   1.9892599e+01
  -4.4477209e+01
  -6.3662627e+00
   7.0514897e+00
   6.1587893e+01
  -2.2590072e+01
   1.8774967e+01
  -3.7001432e+01
   2.6261058e+01
  -5.0822256e+01
  -4.5445106e+00
  -3.1054852e+01
  -4.9979970e+01
   1.9946851e+01
   4.0493969e+01
  -1.2201882e+01
   9.3504062e+00
   4.8897517e+01
   1.7085191e+01
  -2.7356812e+01
  -3.4501594e+01
   9.7178607e+00
  -4.4848607e+01
  -1.0748013e+00
  -4.4185278e+01
  -3.3865922e+01
  -4.5664563e+01
  -1.3304113e+01
   2.2056300e+01
   1.7417960e+01
  -5.2499329e+01
   3.8953235e+01
  -1.0660538e+01
   5.4993149e+01
  -4.8504685e+01
  -1.0458047e+01
  -2.8912974e+01
  -6.6448566e+01
   6.2880202e+01
  -4.9380581e+01
  -2.6687555e+01
   4.9580484e+01
   3.7705725e+00
   8.6277246e+00
  -1.5620280e+00
   4.4541182e+01
  -4.8048250e+01
  -2.8440074e+01
  -4.6060568e+01
  -2.4909186e+01
   2.0198105e+01
   3.7211511e+01
   3.4558847e+01
  -5.1091606e+01
   3.4821025e+01
  -1.2765092e+01
  -2.9813620e+01
  -1.4049030e+01
  -1.2345601e+01
  -2.0814840e+00
   1.1889998e+01
  -5.9115016e+01
  -8.6150572e-01
   2.9957895e+00
  -3.3727523e+00
   6.9597787e+01
   6.6830007e+01
   5.4840650e+00
  -4.9047741e+01
  -4.9759764e+01
  -1.9670484e+01
   5.0002254e+01
  -6.2089358e+01
   5.3238777e+01
   3.6364563e+01
  -7.5720396e+00
   3.3247149e+01
   2.0066223e+01
  -3.9488471e+00
  -1.0184721e+01
  -1.8754715e+01
   1.6729403e+01
   3.6226855e+01
  -5.1559569e+01
  -6.0102166e+01
   3.7838959e+01
   3.9552972e+01
   5.1293341e+01
   6.1108201e+01
   2.0442177e+01
  -4.8672516e+01
  -4.5524336e+01
  -3.8989097e+01
   3.6605908e+01
   1.0111486e+01
   6.3945031e+01
  -6.2582765e+01
   2.0111347e+01
   2.0302358e+01
   1.3139845e+01
  -1.8017924e+01
  -8.2481556e-01
  -6.0534792e+01
   5.8676358e+01
   2.0584296e+01
  -1.7801737e+01
  -1.4563808e+01
   2.2880434e+01
  -2.9949146e+00
  -3.4792282e+01
  -4.2431347e+01
   3.3364340e+01
  -4.2621363e+01
  -2.7967969e+01
  -2.2592959e+01
  -4.7508609e+01
   1.3855208e+01
   5.3592655e+01
  -4.7297530e+01
  -5.0995473e+00
   1.1211877e+01
  -1.3956462e+01
   3.4434207e+01
   4.2528570e+01
   1.6600824e+01
  -2.3127016e+01
  -6.3227518e+01
  -4.6331640e+01
  -4.2476602e+01
  -1.9786918e+01
   2.0861666e+01
   2.9017655e+01
  -7.8910435e+00
   4.9001263e+01
  -3.5724921e+01
  -5.3887817e+01
   5.0961565e+01
  -4.3987049e+01
   4.9100028e+01
   1.3427808e+00
   4.8241106e+01
  -3.5774758e+01
   6.8723787e+01
   6.3199566e+01
   5.1768250e+01
   4.7591012e+01
   6.3217552e+01
  -1.5461224e+01
  -8.7570178e-01
  -5.8727949e+01
  -2.0182834e+01
   3.7766271e+01
  -1.6303559e+01
   5.3182021e+01
  -2.4251517e+01
   1.8315282e+01
  -1.1487778e+01
   4.3089670e+01
  -3.9314730e+01
   7.7899546e+00
  -2.2293110e+01
  -1.6014090e+01
   4.6128908e+01
  -5.4090943e+00
   3.1760841e+01
  -5.0868168e+01
   9.8909148e+00
  -1.5065875e+01
   3.9964997e+01
  -2.5233265e+01
  -3.1794460e+01
   5.4744437e+01
  -4.2495251e+01
   7.9331412e+00
  -4.9959734e+01
   3.2542796e+01
  -6.6738533e+01
  -5.6366658e+01
  -5.1442337e+01
  -1.1558272e+01
   4.3973753e+01
   4.4100755e+01
  -5.0313527e+01
   6.9115816e+01
   2.7400511e+01
  -6.6444147e+01
   2.7384753e+01
   1.0988125e+01
  -5.2405836e+01
   1.2097878e+01
   3.0499933e+01
   2.2425229e+01
   5.7809829e-01
   4.0323205e+01
   6.4947274e+01
  -2.6275348e+01
  -3.3225030e+01
   4.9155953e+00
  -3.3975923e+01
  -1.2980507e+01
   1.0032002e+01
  -5.1350702e+01
   5.9576244e+00
   1.7183362e+01
   1.5469859e+01
  -3.9249406e+01
  -6.5424136e+01
   4.7190439e+00
   6.3692232e+01
  -6.4411123e+00
  -6.9046984e+01
   2.1379652e+01
   5.4627494e+01
   2.8553838e+00
   4.6326821e+01
  -1.9857731e+01
   2.2023787e+01
  -3.4218993e+01
  -2.3665160e+01
  -4.5723622e+01
  -2.9315085e+01
  -5.0100504e+01
  -4.7923199e+01
   2.8773368e+01
  -6.7877056e+01
   3.2301457e+01
   5.2495556e+01
  -4.6224693e+01
   3.2966961e+01
   3.6602286e+01
   3.4694692e+01
   4.9486388e+01
  -8.0930566e+00
   4.6564482e+01
   5.6817115e+01
  -2.3181889e+01
  -4.6626762e+01
  -2.6768885e+00
  -5.3472768e+01
  -6.3266154e+01
  -9.3323059e+00
  -6.3647896e+01
  -4.0528331e+01
   3.6290006e+00
  -3.3167862e+01
  -3.8503931e+01
  -1.8270453e+01
  -3.8168976e+01
   3.5616421e+01
  -3.7270749e+01
  -6.9267563e+01
  -6.6283996e+00
   1.4628980e+01
  -2.1172411e+01
  -5.3864661e+01
   6.1314091e+01
  -4.0815899e+01
  -3.9331531e+01
   1.0795344e+01
  -1.7000149e+01
  -5.2615101e+01
  -4.3098405e+01
  -3.2126034e+01
   2.2625150e+01
   3.5341204e+01
  -6.3660298e+01
  -2.7159436e+00
   5.4745373e+01
  -5.2823217e+00
   1.8334770e+01
  -6.1689329e+01
   5.5000897e+01
  -4.1095046e+01
  -4.2889217e+01
   3.4967028e+01
  -6.0881605e+01
  -4.1806306e+01
  -7.4874781e-01
  -5.9191084e+01
   5.0622198e+00
  -8.7958360e+00
  -2.6893299e+01
  -4.4699374e+01
  -1.4435647e+00
  -1.0859629e+01
  -1.8762885e+00
  -6.3723081e+01
   3.6222806e+01
   1.9695145e+01
   1.9094929e+01
  -1.6134720e+01
  -4.8646151e+01
   8.3546521e+00
  -5.3650213e+01
  -6.7104373e+01
   5.1141094e+00
  -5.5303739e+01
  -5.6873870e+00
   3.1067719e+00
   7.9060752e+00
   2.8598422e+01
  -4.8744823e+01
   3.9085417e+01
   6.6219578e+01
   8.1480640e+00
  -6.9094025e+01
   4.2523908e+01
  -6.6193217e+01
  -5.6824468e+01
  -4.4389505e+01
  -1.6216585e+00
   6.6605483e+01
   6.3532175e+01
  -2.3681774e+01
   5.8335717e+01
  -2.9318774e+00
   2.6613143e+01
   1.7685648e+01
  -1.3027294e+00
   2.0295285e+01
  -4.1338117e+01
   6.4727291e+01
   2.5788497e+00
  -2.7156564e+01
   3.4553010e+01
  -5.2920019e+01
  -5.2823770e+01
  -2.1219001e+01
   1.6762371e+01
   1.9884968e+01
   2.9445676e+01
  -3.7460463e+01
  -2.1971741e+01
  -1.5408620e+01
  -6.0094917e+01
   4.9822054e+00
   6.5290805e+01
   3.2119063e+01
  -2.5840695e+01
  -5.4707187e+00
  -5.2176808e+01
  -6.3210887e+00
  -4.6523451e+01
   3.3323028e+01
  -4.7749028e+01
   6.8056300e+01
   6.1470112e+01
   4.3134169e+01
   7.1808734e-01
  -6.5046926e+01
  -1.1802396e+01
  -6.4898492e+01
  -3.9480035e+01
  -2.7068839e+01
   6.2832641e+01
   8.3832449e+00
   4.6730348e+01
  -6.0178433e+01
  -6.1051073e+01
   2.9259438e+01
  -2.4144388e+01
   2.3412439e+01
  -9.5564167e+00
   6.4625485e+01
  -3.1383075e+01
  -3.2510252e+01
   1.4416270e+01
   5.3742018e+01
   1.5638836e+01
   4.6950142e+01
   3.4919464e+01
   6.0587749e-01
   5.3071625e+01
  -5.0971003e+00
   1.6736227e+01
  -5.0216108e+01
   5.8492958e+01
   4.1254615e+01
   2.3844102e+01
  -1.8736929e+01
  -5.1124461e+01
   4.8919444e+01
  -5.5898137e+01
   1.5776365e+01
   4.1923569e+01
   1.5541300e+01
   6.4029758e+01
   3.4470846e+01
  -6.8319654e+01
  -8.9097106e+00
  -6.3739735e+01
   3.8038576e+01
  -2.3265766e+01
   1.7194142e+01
   5.2762520e+01
  -3.6413639e+01
   4.8481831e+00
  -3.0986167e+01
  -2.0204094e+01
  -5.3875867e+01
  -6.8943703e+01
  -6.0498419e+01
  -6.0601679e+01
   4.8283622e+01
   6.1992722e+01
   4.5957305e+01
   5.5997761e+01
   5.0031177e+01
   4.8851730e+01
   1.0319663e+01
  -5.6739002e+01
   1.6722842e+01
  -1.6309614e+01
  -3.8474684e+01
   6.6018163e+01
   2.3246275e+01
  -2.3483938e+01
   4.1808776e+00
  -5.8455854e+01
   9.3232879e+00
   6.8563386e+01
   6.5882582e+01
  -2.4040596e+01
  -5.9561523e+01
   1.2715352e+01
   6.3267219e+01
  -2.1509246e+01
  -3.4707107e+01
   5.3971715e+00
   6.9495660e+01
  -1.5577099e+01
  -6.1192675e+01
   2.2440569e+01
  -5.1972690e+01
   3.7548382e+01
   3.2851915e+01
  -6.6604968e+01
  -1.7008391e+01
  -1.7423003e+01
   6.7647231e+01
  -5.5589937e+01
   3.5241943e+01
   2.5321746e+01
  -5.2902565e+01
  -4.2361177e+01
  -1.8313810e+01
  -6.6921387e+01
   1.1278143e+00
  -2.9724517e+01
   4.8404271e+01
  -4.1520920e+01
   2.8141139e+01
   1.9831788e+01
   5.1325562e+01
  -3.8911939e+01
  -4.9137559e+01
   4.4764208e+01
  -1.7889239e+01
   1.3283931e+01
  -3.8488955e+01
   2.6857239e+01
  -2.4967434e+01
   3.3259504e+00
   8.5993053e+00
  -3.2386425e+01
  -3.6266924e+01
  -4.6800309e+01
   1.0530350e+01
  -1.3700038e+01
  -6.6903858e+01
   3.3068928e+01
   3.6226141e+01
  -5.6486390e+01
   3.5077664e+00
   6.4831729e+01
  -6.5762844e+01
   4.5293483e+01
   1.3184472e+01
   2.2852443e+01
  -3.6248857e+01
   5.7843669e+01
   4.0112054e+01
   6.2387540e+01
   4.9824634e+00
   6.5915491e+01
  -7.4985330e+00
   1.4329736e+01
  -6.2654671e+01
  -3.8540406e+01
  -2.5589980e+01
   6.7144761e+01
  -3.0768045e+01
   1.8319681e+01
   1.3850373e+01
   2.0526167e+01
   1.0871457e+01
  -7.1632164e+00
  -2.8866799e+01
  -6.1024805e+00
  -5.8424703e+01
  -3.5572736e+01
  -4.5316043e+01
  -5.7091115e+01
  -5.6797453e+01
  -6.7255340e+01
   7.5871712e+00
  -4.3780733e+01
  -1.6566198e+01
  -6.7215286e+01
   5.0647953e+01
  -5.8111017e+01
   1.9469298e+01
   2.6085994e+01
  -1.9514134e+01
   1.2809452e+01
   1.5156376e+00
  -3.3539212e+01
  -1.9796536e+00
  -4.3458630e+01
  -4.7617375e+01
   4.5312557e+01
  -4.7458457e+01
   3.6676447e+01
   1.2952477e+01
   7.4663881e+00
   4.5996957e+01
   5.6531566e+01
   7.9763870e+00
  -2.2043650e+01
  -2.6108950e+01
   8.9908683e+00
  -5.8808078e+01
  -1.4911105e+01
   1.0821078e+01
   3.0466748e+01
   4.7117550e+01
   5.8345647e+01
   2.1343156e+01
  -6.6606505e+01
  -1.9396537e+01
   1.3660274e+01
   6.5294689e+01
   4.2490351e+01
   4.4799240e+01
  -4.6673368e-01
   2.1295703e+01
  -2.6962336e+01
  -4.1136672e+01
   1.9671940e+01
  -2.3822040e+00
   3.9066855e+01
   2.2045982e+01
   5.3670972e+01
  -1.0653036e+01
   1.0893354e+00
  -5.4515476e+01
  -4.3136498e+00
   3.3304896e+01
  -4.9359994e+01
  -6.5021829e+01
  -4.0944762e+01
  -2.6603988e+01
   6.0138164e+01
   8.1864788e+00
   4.6665363e+00
  -6.1637269e+00
  -5.0775759e+01
   5.5656492e+00
   2.9278118e+01
  -6.1277253e+01
   3.7871415e+01
  -5.6190648e+01
  -2.9149550e+01
  -3.3122438e+00
  -3.5874455e+01
  -4.5221592e+01
  -6.8889514e+00
  -3.3251348e+01
   2.8906660e+01
   2.7530850e+01
   6.7232585e+01
   2.8077612e+01
   2.9674930e+01
   1.0159221e+01
  -3.7862869e+01
  -2.2856788e+01
   5.2632013e+01
   6.6736500e+00
  -6.7877444e+01
  -3.1917093e-01
   1.9526153e+01
  -3.0537832e+00
  -6.4067974e+01
   7.6973192e+00
   4.0850348e+01
  -4.6916294e+01
  -4.7612464e+00
  -1.3375945e-01
  -5.3239217e+01
   4.3323063e+01
  -6.3858697e+01
   6.3967241e+01
  -5.7762860e+01
   2.2971747e+01
  -3.9146368e+01
  -2.9894900e+01
  -1.8676689e+00
   4.9082646e+01
   5.8539165e+01
  -2.9178760e+01
   3.9224973e+01
  -2.3323511e+01
   2.0001686e+00
   5.4959725e+01
   2.5150509e+01
  -3.9957334e+01
   2.5246524e+01
  -8.5933868e+00
  -7.1142443e+00
   5.3771622e+01
  -4.1444721e+01
  -8.9322513e+00
   4.5775567e+01
   3.7094498e+01
  -2.8968995e+00
   1.6517937e+01
   4.5519823e+01
  -7.1442881e+00
  -1.9669957e+01
   6.4466995e+01
  -4.2058746e+01
   5.5993515e+00
   5.1968029e+01
  -6.4078493e+01
   6.7019461e+01
  -4.2061085e+01
   6.9449453e+01
   5.8548274e+01
   1.6549836e+01
  -1.2749636e+01
  -6.8082622e+01
  -2.4311450e+01
   2.2216733e+01
   6.7237245e+01
  -5.0593338e+01
  -5.1393793e+01
  -6.7934369e+01
  -3.7548543e+01
  -1.9762949e+00
   1.9794541e+01
  -1.8963255e+01
  -4.4471035e+01
  -4.4231700e+01
  -5.6337264e+01
   7.8113445e+00
   5.8271142e+01
   2.1408524e+01
   4.8761716e+01
   5.4199311e+01
  -3.8940102e+00
  -4.1864952e+00
   7.3073828e+00
  -3.5292181e+01
  -5.4776619e+01
   7.1340719e+00
  -1.4534600e+01
  -1.6288566e+01
  -4.9877875e+00
  -1.1927229e+01
  -6.9764541e+01
   6.6260532e+01
  -3.0825464e+01
   5.7199294e+01
   4.6910449e+01
  -5.4126516e+01
  -5.4480381e+01
  -3.0317641e+01
  -2.0531600e+01
  -5.1590091e+01
  -5.1889204e+01
  -1.2516235e+01
  -3.7922998e+01
   6.2065763e+01
  -3.1508230e+01
   5.0731373e+01
   2.6017390e+01
   4.7993594e+01
  -6.1607115e+01
   6.5988669e+01
   5.0623676e+01
   1.0880610e+01
   5.8584985e+01
   5.3103181e+01
   2.1512589e+01
  -6.6143911e+01
  -1.7194981e+01
   5.4452127e+01
   1.6502847e+01
   3.4569874e+01
   2.5741317e+01
   4.3931419e+01
   5.5809339e+01
   1.9189761e+01
  -2.5895194e+01
  -3.8261270e+01
  -3.7822325e+01
   5.3322078e+01
   4.5697829e+01
   1.1899773e+01
  -2.7533750e+01
   6.8672508e+01
   5.6749687e+00
  -4.2558288e+01
  -3.6631478e+01
   3.7399412e+01
   5.8594866e+01
   3.4746479e+01
   3.0165650e+01
  -4.7661319e+01
  -3.1316013e+01
  -5.4836965e+01
  -4.9325426e+01
  -1.8236997e+01
  -3.4668664e+01
   3.1558628e+01
  -1.1987324e+01
  -1.3313301e+01
  -3.2234045e+01
   8.9193797e+00
   6.1948175e+01
  -3.0912256e+01
  -5.7015411e+01
  -2.6917482e+01
   2.2985729e+01
   4.7261837e+01
   4.6746657e+01
  -2.5261009e+01
  -5.8606316e+01
   4.4656058e+01
   1.4135585e+01
   1.5096363e+01
  -3.5915615e+01
   3.3267511e+01
   5.4361092e+01
   4.4616559e+01
  -4.6048183e+01
   6.5011697e+01
  -3.1056936e+01
  -3.5652943e+01
  -3.1250750e+01
   5.3937885e+01
   6.3310036e+01
   6.5652007e+01
   2.0105454e+01
   3.0689222e-01
  -1.7881611e+01
  -1.5380798e+01
   2.6557033e+01
  -8.7244970e+00
   3.0512468e+01
   1.7766530e+01
  -1.9503682e+01
  -5.5298620e+01
  -5.4615256e+01
  -5.9582990e+01
   3.0075823e+00
   6.3081624e+01
  -1.1226068e+01
   6.2760148e+01
  -1.1894689e+00
  -1.8386938e+01
   6.5262962e+01
  -7.1752598e+00
   2.4392459e+01
   5.4518236e+01
  -6.8135113e+01
  -2.2424676e+01
   8.6306558e+00
  -6.9974903e+01
   5.7086112e+01
  -1.0059569e+01
   4.9489104e+01
  -3.8181171e+01
   7.4394609e+00
   4.4349646e+01
  -9.2742691e+00
  -6.2353608e+01
   7.9980671e+00
  -2.6079913e+01
   9.2172794e-03
   2.0231941e+01
  -3.0764844e+01
   9.1604927e+00
  -5.8716836e+01
   4.9339728e+01
  -5.2881237e+01
   5.8570353e+00
   5.4295647e+01
  -5.1865559e+01
   4.7261837e+01
   2.3388424e+01
   5.8773145e+01
   5.4684068e+00
  -6.0059448e+01
  -4.5392765e+00
   3.3562016e+01
  -4.5751667e+01
   6.9142987e+01
  -3.7709600e+01
   3.9581225e+01
   2.7450657e+01
   5.6740156e+01
  -6.0850799e+00
  -2.7686035e+01
   2.9092835e+00
  -2.1487227e+01
   5.7742467e+01
  -5.4140827e+01
   2.0627123e+01
  -5.8821212e+01
   3.9052961e+00
  -4.6402764e+01
  -4.0620960e-01
   6.5807415e+01
   6.0788802e+01
   3.9801648e+01
  -6.1012469e+01
   2.7767392e+01
  -4.7957634e+01
  -5.6949094e+01
   6.5067566e+01
   3.0050286e+01
   1.5006216e+01
   6.0521861e+01
  -5.8777983e+01
   5.1159539e+01
   1.0968924e+01
  -6.6216432e+01
   3.4538893e+01
   2.2888715e+01
  -6.6764413e+01
   1.2815407e+00
  -5.8319218e+01
  -1.9678003e+01
   1.4934493e+01
   5.6530173e+01
  -1.8172653e+01
  -4.8762256e+01
   9.8662078e+00
   2.2219980e+01
   5.6953776e+01
  -8.9401766e+00
   2.4368674e+01
  -2.5460292e+00
  -1.6210291e+01
  -6.3791384e+01
   6.4358874e+01
  -3.1117943e+01
   5.7049461e+01
   3.6454055e+01
  -5.0753154e+01
   2.1545329e+01
  -5.2381164e+01
   5.7495662e+01
   1.1215186e+01
   2.7596830e+01
   4.1245928e+01
   1.9483046e+01
  -4.8798040e+01
  -5.0009257e+01
   5.5385124e+01
   5.4777932e+01
  -5.7919274e+01
   6.5914198e+01
  -6.9818182e+01
  -5.9690276e+01
  -9.4699555e+00
   5.4273258e+01
  -5.3757803e+01
   3.2724807e+00
   8.5346009e+00
   4.6265903e+01
  -3.0701873e+01
   1.8063693e+01
   5.8347995e+01
  -4.8107811e+00
  -1.4890291e+01
   3.3649970e+01
  -1.9072256e+01
   4.0232604e+01
   6.9879020e+01
  -3.6830624e+01
  -4.8022515e+01
   3.7630503e+01
   6.1283058e+01
   1.3700069e+01
   1.6199518e+01
   3.8715895e+01
   4.6628195e+01
  -3.0135888e+01
  -5.2795033e+01
  -4.8046387e+01
  -3.7996858e+01
   5.6095613e+01
  -2.9443841e+01
   6.3538931e+01
   1.5660116e+01
   7.9763431e+00
  -2.0572571e+01
   1.1942952e+01
  -6.4411234e+01
  -2.4297241e+01
  -3.7630072e+01
   2.3768157e+01
   3.2332175e+01
   6.0474739e+01
  -2.7836884e+01
   2.6515554e+01
  -3.6768842e+00
   1.6150160e+01
   3.7974711e+01
   8.9872254e+00
   3.1504619e+01
   2.5341616e+01
   2.2620800e+01
  -4.7701980e+01
   5.4232049e+01
   3.2394798e+01
   4.4181497e+01
  -1.3343333e+01
  -1.0277177e+01
  -5.4561831e+01
   6.2223838e+01
   1.1109897e-02
  -6.7390247e+01
   1.7556209e+01
   1.0151126e+01
  -2.6788340e+00
  -6.2204867e+01
   2.0006455e+01
   6.6013418e+01
  -2.8605395e+01
  -1.5352394e+00
   6.5690338e+01
   5.1757241e+01
  -4.9226300e+01
   7.1579015e+00
  -1.7839174e+01
   4.0378878e+00
   7.9663107e+00
   1.2342216e+01
  -5.6144624e+01
  -3.0152724e+01
   6.5837415e+01
   5.8060415e+00
  -5.0514372e+01
   1.3869972e+00
  -3.2207214e+01
   1.0950260e+00
  -1.0913497e+01
   9.9654136e+00
   3.6216765e+01
   4.0712704e+01
  -3.0752601e+01
  -5.5959962e+01
  -3.0159971e+01
  -4.7676112e+01
  -2.9008433e+01
   3.4737864e+01
  -1.4171775e+01
  -1.9641171e+01
   5.9605175e+01
   2.9325827e+01
   3.6952110e+01
  -6.4425695e+01
   4.5122262e+01
  -4.9201161e+01
   6.0955550e+01
   5.0654871e+01
   1.7706598e+01
   2.2020046e+01
   2.4702137e+01
   1.6853703e+01
   4.0874727e+01
  -2.5074909e+01
   6.3593011e+01
   4.7619160e+01
   4.0887444e+01
  -5.3342042e+01
   2.7966241e+01
  -5.7008052e+01
  -6.3834006e+01
   4.1218561e+01
   2.7275169e+01
  -1.8370396e+01
  -5.7367270e+01
   5.1021350e+01
   3.5078448e+00
  -7.9865852e+00
  -5.5717072e+01
   1.9892599e+01
  -4.4477209e+01
  -6.3662627e+00
   7.0514897e+00
   6.1587893e+01
  -2.2590072e+01
   1.8774967e+01
  -3.7001432e+01
   2.6261058e+01
  -5.0822256e+01
  -4.5445106e+00
  -3.1054852e+01
  -4.9979970e+01
   1.9946851e+01
   4.0493969e+01
  -1.2201882e+01
   9.3504062e+00
   4.8897517e+01
   1.7085191e+01
  -2.7356812e+01
  -3.4501594e+01
   9.7178607e+00
  -4.4848607e+01
  -1.0748013e+00
  -4.4185278e+01
  -3.3865922e+01
  -4.5664563e+01
  -1.3304113e+01
   2.2056300e+01
   1.7417960e+01
  -5.2499329e+01
   3.8953235e+01
  -1.0660538e+01
   5.4993149e+01
  -4.8504685e+01
  -1.0458047e+01
  -2.8912974e+01
  -6.6448566e+01
   6.2880202e+01
  -4.9380581e+01
  -2.6687555e+01
   4.9580484e+01
   3.7705725e+00
   8.6277246e+00
  -1.5620280e+00
   4.4541182e+01
  -4.8048250e+01
  -2.8440074e+01
  -4.6060568e+01
  -2.4909186e+01
   2.0198105e+01
   3.7211511e+01
   3.4558847e+01
  -5.1091606e+01
   3.4821025e+01
  -1.2765092e+01
  -2.9813620e+01
  -1.4049030e+01
  -1.2345601e+01
  -2.0814840e+00
   1.1889998e+01
  -5.9115016e+01
  -8.6150572e-01
   2.9957895e+00
  -3.3727523e+00
   6.9597787e+01
   6.6830007e+01
   5.4840650e+00
  -4.9047741e+01
  -4.9759764e+01
  -1.9670484e+01
   5.0002254e+01
  -6.2089358e+01
   5.3238777e+01
   3.6364563e+01
  -7.5720396e+00
   3.3247149e+01
   2.0066223e+01
  -3.9488471e+00
  -1.0184721e+01
  -1.8754715e+01
   1.6729403e+01
   3.6226855e+01
  -5.1559569e+01
  -6.0102166e+01
   3.7838959e+01
   3.9552972e+01
   5.1293341e+01
   6.1108201e+01
   2.0442177e+01
  -4.8672516e+01
  -4.5524336e+01
  -3.8989097e+01
   3.6605908e+01
   1.0111486e+01
   6.3945031e+01
  -6.2582765e+01
   2.0111347e+01
   2.0302358e+01
   1.3139845e+01
  -1.8017924e+01
  -8.2481556e-01
  -6.0534792e+01
   5.8676358e+01
   2.0584296e+01
  -1.7801737e+01
  -1.4563808e+01
   2.2880434e+01
  -2.9949146e+00
  -3.4792282e+01
  -4.2431347e+01
   3.3364340e+01
  -4.2621363e+01
  -2.7967969e+01
  -2.2592959e+01
  -4.7508609e+01
   1.3855208e+01
   5.3592655e+01
  -4.7297530e+01
  -5.0995473e+00
   1.1211877e+01
  -1.3956462e+01
   3.4434207e+01
   4.2528570e+01
   1.6600824e+01
  -2.3127016e+01
  -6.3227518e+01
  -4.6331640e+01
  -4.2476602e+01
  -1.9786918e+01
   2.0861666e+01
   2.9017655e+01
  -7.8910435e+00
   4.9001263e+01
  -3.5724921e+01
  -5.3887817e+01
   5.0961565e+01
  -4.3987049e+01
   4.9100028e+01
   1.3427808e+00
   4.8241106e+01
  -3.5774758e+01
   6.8723787e+01
   6.3199566e+01
   5.1768250e+01
   4.7591012e+01
   6.3217552e+01
  -1.5461224e+01
  -8.7570178e-01
  -5.8727949e+01
  -2.0182834e+01
   3.7766271e+01
  -1.6303559e+01
   5.3182021e+01
  -2.4251517e+01
   1.8315282e+01
  -1.1487778e+01
   4.3089670e+01
  -3.9314730e+01
   7.7899546e+00
  -2.2293110e+01
  -1.6014090e+01
   4.6128908e+01
  -5.4090943e+00
   3.1760841e+01
  -5.0868168e+01
   9.8909148e+00
  -1.5065875e+01
   3.9964997e+01
  -2.5233265e+01
  -3.1794460e+01
   5.4744437e+01
  -4.2495251e+01
   7.9331412e+00
  -4.9959734e+01
   3.2542796e+01
  -6.6738533e+01
  -5.6366658e+01
  -5.1442337e+01
  -1.1558272e+01
   4.3973753e+01
   4.4100755e+01
  -5.0313527e+01
   6.9115816e+01
   2.7400511e+01
  -6.6444147e+01
   2.7384753e+01
   1.0988125e+01
  -5.2405836e+01
   1.2097878e+01
   3.0499933e+01
   2.2425229e+01
   5.7809829e-01
   4.0323205e+01
   6.4947274e+01
  -2.6275348e+01
  -3.3225030e+01
   4.9155953e+00
  -3.3975923e+01
  -1.2980507e+01
   1.0032002e+01
  -5.1350702e+01
   5.9576244e+00
   1.7183362e+01
   1.5469859e+01
  -3.9249406e+01
  -6.5424136e+01
   4.7190439e+00
   6.3692232e+01
  -6.4411123e+00
  -6.9046984e+01
   2.1379652e+01
   5.4627494e+01
   2.8553838e+00
   4.6326821e+01
  -1.9857731e+01
   2.2023787e+01
  -3.4218993e+01
  -2.3665160e+01
  -4.5723622e+01
  -2.9315085e+01
  -5.0100504e+01
  -4.7923199e+01
   2.8773368e+01
  -6.7877056e+01
   3.2301457e+01
   5.2495556e+01
  -4.6224693e+01
   3.2966961e+01
   3.6602286e+01
   3.4694692e+01
   4.9486388e+01
  -8.0930566e+00
   4.6564482e+01
   5.6817115e+01
  -2.3181889e+01
  -4.6626762e+01
  -2.6768885e+00
  -5.3472768e+01
  -6.3266154e+01
  -9.3323059e+00
  -6.3647896e+01
  -4.0528331e+01
   3.6290006e+00
  -3.3167862e+01
  -3.8503931e+01
  -1.8270453e+01
  -3.8168976e+01
   3.5616421e+01
  -3.7270749e+01
  -6.9267563e+01
  -6.6283996e+00
   1.4628980e+01
  -2.1172411e+01
  -5.3864661e+01
   6.1314091e+01
  -4.0815899e+01
  -3.9331531e+01
   1.0795344e+01
  -1.7000149e+01
  -5.2615101e+01
  -4.3098405e+01
  -3.2126034e+01
   2.2625150e+01
   3.5341204e+01
  -6.3660298e+01
  -2.7159436e+00
   5.4745373e+01
  -5.2823217e+00
   1.8334770e+01
  -6.1689329e+01
   5.5000897e+01
  -4.1095046e+01
  -4.2889217e+01
   3.4967028e+01
  -6.0881605e+01
  -4.1806306e+01
  -7.4874781e-01
  -5.9191084e+01
   5.0622198e+00
  -8.7958360e+00
  -2.6893299e+01
  -4.4699374e+01
  -1.4435647e+00
  -1.0859629e+01
  -1.8762885e+00
  -6.3723081e+01
   3.6222806e+01
   1.9695145e+01
   1.9094929e+01
  -1.6134720e+01
  -4.8646151e+01
   8.3546521e+00
  -5.3650213e+01
  -6.7104373e+01
   5.1141094e+00
  -5.5303739e+01
  -5.6873870e+00
   3.1067719e+00
   7.9060752e+00
   2.8598422e+01
  -4.8744823e+01
   3.9085417e+01
   6.6219578e+01
   8.1480640e+00
  -6.9094025e+01
   4.2523908e+01
  -6.6193217e+01
  -5.6824468e+01
  -4.4389505e+01
  -1.6216585e+00
   6.6605483e+01
   6.3532175e+01
  -2.3681774e+01
   5.8335717e+01
  -2.9318774e+00
   2.6613143e+01
   1.7685648e+01
  -1.3027294e+00
   2.0295285e+01
  -4.1338117e+01
   6.4727291e+01
   2.5788497e+00
  -2.7156564e+01
   3.4553010e+01
  -5.2920019e+01
  -5.2823770e+01
  -2.1219001e+01
   1.6762371e+01
   1.9884968e+01
   2.9445676e+01
  -3.7460463e+01
  -2.1971741e+01
  -1.5408620e+01
  -6.0094917e+01
   4.9822054e+00
   6.5290805e+01
   3.2119063e+01
  -2.5840695e+01
  -5.4707187e+00
  -5.2176808e+01
  -6.3210887e+00
  -4.6523451e+01
   3.3323028e+01
  -4.7749028e+01
   6.8056300e+01
   6.1470112e+01
   4.3134169e+01
   7.1808734e-01
  -6.5046926e+01
  -1.1802396e+01
  -6.4898492e+01
  -3.9480035e+01
  -2.7068839e+01
   6.2832641e+01
   8.3832449e+00
   4.6730348e+01
  -6.0178433e+01
  -6.1051073e+01
   2.9259438e+01
  -2.4144388e+01
   2.3412439e+01
  -9.5564167e+00
   6.4625485e+01
  -3.1383075e+01
  -3.2510252e+01
   1.4416270e+01
   5.3742018e+01
   1.5638836e+01
   4.6950142e+01
   3.4919464e+01
   6.0587749e-01
   5.3071625e+01
  -5.0971003e+00
   1.6736227e+01
  -5.0216108e+01
   5.8492958e+01
   4.1254615e+01
   2.3844102e+01
  -1.8736929e+01
  -5.1124461e+01
   4.8919444e+01
  -5.5898137e+01
   1.5776365e+01
   4.1923569e+01
   1.5541300e+01
   6.4029758e+01
   3.4470846e+01
  -6.8319654e+01
