   2.8582787e+05
   2.6324875e+05
   1.7989453e+05
   3.5534046e+05
   2.6451680e+05
   3.7734707e+05
   4.3151523e+05
   4.0519832e+05
   4.4520798e+05
   4.5272641e+05
   7.4568767e+04
   1.5362526e+05
   3.2643607e+05
   1.9713529e+05
   3.4453136e+05
   1.1711295e+05
   1.4842588e+05
   2.6956242e+05
   8.7790951e+04
   4.3600408e+05
   2.9057034e+05
   8.4378658e+04
   1.0389994e+05
   7.9138922e+04
   1.2005525e+05
   2.3335777e+05
   1.6880236e+05
   1.2214747e+05
   2.4663181e+05
   9.9123540e+04
   5.0258501e+04
   4.6911276e+05
   4.4953824e+05
   4.0749543e+05
   3.4951199e+05
   2.0588869e+05
   3.8128788e+05
   4.8751067e+05
   3.5507263e+05
   2.7731169e+05
   4.2805253e+04
   3.6072521e+05
   4.7866098e+05
   2.4178655e+05
   2.5753997e+05
   4.7918162e+05
   1.2016143e+05
   1.1255814e+05
   2.8455290e+05
   5.8819378e+04
   1.8606560e+05
   3.7478951e+05
   3.5115230e+05
   3.2959409e+05
   5.7495599e+04
   4.3679189e+05
   2.5507548e+05
   3.5535707e+05
   2.9317008e+05
   1.3667390e+05
   4.0667549e+05
   1.1116387e+05
   1.4012405e+05
   1.5868382e+05
   3.8370175e+04
   1.6964510e+05
   3.5625461e+05
   2.4802120e+05
   1.8723911e+05
   2.8938147e+05
   3.6850600e+05
   4.5701256e+05
   3.2696580e+05
   1.3262350e+05
   4.9916231e+04
   1.9638012e+05
   6.5103831e+04
   2.9542835e+05
   2.6243811e+05
   3.8377680e+05
   1.0879232e+05
   3.9190615e+05
   5.9437916e+04
   1.8247841e+05
   2.0011411e+05
   2.5807310e+05
   7.4742873e+04
   2.1483856e+05
   1.9468907e+05
   6.6719658e+04
   6.2506898e+04
   2.7091181e+05
   1.2544908e+05
   3.6915245e+04
   1.7170987e+05
   2.8112623e+05
   1.0715893e+05
   1.1300446e+05
   1.7385463e+05
   4.3839839e+04
   3.0377729e+05
   6.4168779e+04
   1.6866014e+05
   3.1683934e+05
   2.8783932e+05
   1.6666608e+05
   2.3068083e+05
   4.9831754e+05
   3.2708130e+04
   4.8425093e+05
   5.2278060e+04
   2.3539809e+05
   4.8497300e+05
   4.0413900e+05
   2.1503286e+05
   3.2395136e+05
   5.5248118e+04
   2.3797004e+05
   7.3826583e+04
   3.3857977e+05
   9.2798862e+04
   1.5454037e+05
   1.7862045e+05
   4.5689685e+04
   2.2851831e+05
   2.9515572e+05
   1.6821613e+05
   1.4486434e+05
   2.4919730e+05
   4.0108748e+05
   3.0825303e+05
   3.1958124e+04
   1.3504533e+05
   1.8559493e+05
   4.8729642e+05
   2.2843012e+05
   4.3169704e+05
   2.3177429e+05
   2.6278169e+05
   3.7581910e+04
   1.7634859e+05
   4.1688353e+05
   2.1884770e+05
   1.4804188e+05
   3.8542547e+04
   4.5285701e+05
   3.0763325e+05
   2.9216325e+05
   4.3610205e+05
   2.1121630e+05
   2.9813855e+05
   1.7193899e+05
   1.4692134e+05
   4.9798104e+05
   1.4339953e+05
   3.5416372e+05
   4.7457048e+04
   1.6908568e+05
   4.5615197e+05
   1.4415276e+05
   2.4282113e+05
   4.6816806e+05
   4.4554199e+05
   3.7745224e+05
   9.2128588e+04
   1.6803758e+05
   1.8479130e+05
   7.9296637e+04
   4.5487604e+05
   1.5274983e+05
   3.0654906e+05
   5.5731084e+04
   4.8275823e+05
   2.9039144e+05
   2.4417288e+05
   4.5634633e+05
   1.4087861e+05
   3.3976573e+05
   4.6415706e+05
   2.8198737e+05
   1.4239455e+05
   3.5279859e+05
   3.7127648e+05
   1.5666441e+05
   5.1974704e+04
   1.4897058e+05
   1.1443016e+05
   3.9793110e+05
   5.3491531e+04
   8.5119580e+04
   3.4730833e+05
   6.4278586e+04
   3.0529233e+05
   3.6110904e+05
   3.3293522e+05
   4.8463603e+05
   7.2361565e+04
   1.7611496e+05
   2.2930826e+05
   3.2092754e+05
   1.5380123e+05
   1.1536380e+05
   1.5440697e+05
   4.2607195e+05
   1.0863879e+05
   6.2327788e+04
   4.5752483e+05
   3.4218122e+05
   9.5596736e+04
   2.7542108e+05
   2.5633649e+05
   2.5251847e+05
   4.5751891e+05
   2.0631710e+05
   3.7748401e+05
   1.4141088e+05
   1.3472685e+05
   1.1246907e+05
   2.4727189e+05
   3.6650939e+05
   8.1788570e+04
   3.6574135e+05
   3.6924492e+05
   3.7490966e+04
   3.9787664e+05
   2.5161273e+05
   2.4422133e+05
   2.9425428e+05
   2.6326059e+05
   2.3172188e+05
   4.4049569e+04
   2.1062883e+05
   1.8485916e+05
   1.9021920e+05
   2.5769390e+05
   2.4445727e+05
   3.7110628e+05
   1.2683645e+05
   2.8551128e+05
   3.6266475e+05
   1.4735914e+05
   3.5822624e+05
   3.1530174e+05
   3.0335404e+04
   2.5550174e+05
   1.1133776e+05
   1.7237253e+05
   4.8811365e+05
   4.8514989e+05
   3.7990071e+05
   5.9604620e+04
   1.3375353e+05
   4.5633824e+05
   4.7734676e+05
   4.1046964e+05
   1.9472113e+05
   3.2090294e+05
   9.7405128e+04
   4.8026637e+05
   3.4006996e+05
   4.3178958e+05
   4.5386334e+05
   2.9820656e+05
   7.3100586e+04
   3.1781958e+05
   2.9491295e+05
   4.2450397e+05
   1.8700660e+05
   4.8465080e+05
   9.2540690e+04
   2.4417350e+05
   1.7589498e+05
   2.5367949e+05
   6.6412978e+04
   1.4237590e+05
   2.5103826e+05
   3.0751662e+05
   1.1539804e+05
   1.7385823e+05
   2.9341941e+05
   3.7398950e+05
   2.1919504e+05
   1.4649200e+05
   3.1078518e+05
   1.0399848e+05
   3.2541485e+05
   1.2846690e+05
   1.0524852e+05
   1.1716476e+05
   3.5728856e+05
   4.6405572e+05
   2.0791478e+05
   3.8749826e+05
   1.3674904e+05
   2.7721842e+05
   2.2227320e+05
   2.7690723e+05
   3.2893947e+05
   1.1040069e+05
   3.8222109e+05
   5.4236360e+04
   1.4028019e+05
   5.7629661e+04
   1.6903451e+05
   4.4538509e+05
   4.6979342e+05
   2.7328896e+05
   4.1995639e+05
   9.8908680e+04
   4.8952323e+05
   4.9689065e+05
   3.2911901e+05
   8.7546506e+04
   2.0489817e+05
   2.2733297e+05
   4.9974504e+05
   1.9288774e+05
   8.2477997e+04
   3.7494582e+05
   3.8887467e+05
   2.4962912e+05
   1.7531199e+05
   3.0365554e+05
   2.9443538e+05
   8.2710513e+04
   2.5701200e+05
   4.4199902e+05
   1.8343416e+05
   4.9844833e+05
   6.5827194e+04
   2.6862909e+05
   3.3783347e+05
   4.0893961e+05
   3.7918003e+05
   1.1512304e+05
   4.4499737e+05
   4.3508979e+05
   2.2213096e+05
   2.3639263e+05
   4.0534732e+05
   2.7503751e+05
   1.6078720e+05
   1.3931169e+05
   4.7418385e+05
   1.4905137e+05
   2.3112318e+05
   2.2160332e+05
   2.2014003e+05
   1.3257413e+05
   4.4119292e+05
   2.6292482e+05
   4.7183108e+05
   4.7742921e+05
   3.6561003e+05
   2.6399423e+05
   1.7250155e+05
   2.3552810e+05
   1.3658277e+05
   4.6074673e+05
   4.2370420e+05
   1.0071184e+05
   5.1831658e+04
   3.3124397e+05
   3.4564859e+05
   4.7381455e+05
   2.6963659e+05
   8.0156686e+04
   3.8916641e+05
   4.6307188e+05
   3.3864593e+05
   3.7927316e+05
   1.1768047e+05
   8.6139157e+04
   3.0603213e+05
   8.3559790e+04
   3.4938906e+05
   6.9811389e+04
   3.1252601e+05
   6.7577090e+04
   2.3983843e+05
   3.1943739e+05
   3.6970719e+05
   3.2084929e+05
   3.6934576e+05
   1.3059047e+05
   2.4266090e+05
   3.4573480e+05
   6.0565391e+04
   3.4444007e+04
   7.0364529e+04
   2.7416220e+05
   2.1009420e+05
   3.7731926e+05
   4.7719570e+05
   2.3119876e+05
   1.4688867e+05
   3.0005301e+05
   1.0802110e+05
   4.2667067e+05
   4.0767373e+05
   2.7164570e+05
   7.9591415e+04
   2.2121620e+05
   1.2392894e+05
   4.6277822e+05
   2.3012250e+05
   3.9163544e+05
   1.9153395e+05
   3.4839614e+05
   2.0320272e+05
   1.7236070e+05
   6.7788013e+04
   2.8641780e+05
   2.3817979e+05
   4.9250002e+05
   1.7294277e+05
   8.8610639e+04
   1.9607780e+05
   1.6491429e+05
   1.7739323e+05
   1.0247910e+05
   4.1153385e+05
   5.7831177e+04
   3.5096258e+05
   4.8469868e+05
   4.7559005e+05
   4.4816444e+05
   1.7592180e+05
   3.4300885e+05
   2.7077981e+05
   3.4415207e+05
   3.8629455e+04
   2.2400234e+05
   4.3540553e+05
   2.1426679e+05
   2.9880368e+05
   3.0967985e+05
   3.7114570e+05
   4.0908214e+05
   3.5000828e+05
   4.5370076e+05
   1.1940492e+05
   1.3967861e+05
   1.5363769e+05
   1.9767366e+05
   3.8902744e+05
   1.9511699e+05
   4.1183851e+05
   4.1461662e+05
   1.7865492e+05
   3.8128954e+05
   1.9786886e+05
   4.1734629e+05
   3.6773173e+05
   4.3240820e+05
   4.9270554e+05
   4.8845123e+05
   3.1484384e+05
   4.9818567e+05
   4.8556139e+04
   4.7456672e+05
   1.6290340e+05
   2.3249032e+05
   4.3312000e+05
   4.6538459e+05
   3.2415047e+05
   3.5094284e+05
   2.7004226e+05
   4.5266044e+04
   5.4774107e+04
   4.6617759e+05
   4.5918277e+05
   2.2124400e+05
   4.8725236e+05
   1.6989802e+05
   4.0818902e+05
   3.8844287e+05
   4.9251510e+05
   3.2292203e+05
   3.1382625e+05
   1.7152005e+05
   4.8581713e+05
   2.1693917e+05
   6.9509927e+04
   3.4346674e+05
   1.3838448e+05
   2.8225789e+05
   2.0858134e+05
   1.5509380e+05
   4.0364448e+05
   3.5670276e+05
   3.3186812e+05
   2.8952528e+05
   3.2597926e+05
   1.0386175e+05
   3.1993990e+05
   1.0019272e+05
   3.0059009e+05
   3.2940119e+04
   2.2017378e+05
   3.2286877e+05
   3.6294968e+05
   2.2319836e+05
   3.0845436e+05
   1.5111690e+05
   9.9429722e+04
   4.1224398e+05
   1.5538170e+05
   3.5909849e+05
   3.7864957e+05
   1.9391545e+05
   1.1929446e+05
   1.9976904e+05
   3.2181568e+05
   2.8289819e+05
   3.1184868e+05
   4.7953313e+05
   2.4637795e+05
   4.6240253e+05
   3.0851137e+05
   1.7071969e+05
   3.4271923e+05
   3.9946102e+05
   4.2601629e+05
   1.0211650e+05
   9.1512662e+04
   1.0699986e+05
   3.5644315e+05
   4.8374007e+05
   3.4875417e+05
   2.6841737e+05
   4.5647550e+05
   6.6284994e+04
   1.0178510e+05
   1.5935094e+05
   1.1014127e+05
   5.8291098e+04
   1.9874496e+05
   9.5059085e+04
   4.0294153e+05
   3.4316805e+05
   4.4827582e+05
   3.3810807e+05
   2.2097799e+05
   1.0883865e+05
   4.9058020e+05
   3.7698538e+05
   2.0346065e+05
   1.8823019e+05
   2.1057838e+05
   3.1988868e+05
   2.2845884e+05
   4.5809658e+04
   1.9659150e+05
   9.6716371e+04
   4.2944742e+05
   2.5909944e+05
   1.5135991e+05
   4.9951105e+05
   9.0633323e+04
   8.5659605e+04
   2.3565791e+05
   3.8840322e+04
   4.6284042e+05
   1.8647263e+05
   3.1399311e+04
   6.3790229e+04
   1.9926421e+05
   3.9760646e+05
   3.5118799e+05
   2.6729424e+05
   7.7146454e+04
   3.5077087e+05
   2.1951913e+05
   2.4559979e+05
   3.1949241e+05
   4.9560844e+05
   1.0634170e+05
   2.2063457e+05
   2.9286891e+05
   4.1586795e+05
   3.1023428e+05
   3.2450071e+05
   2.0234305e+05
   3.7159722e+05
   4.4043628e+05
   3.9981469e+05
   1.9450571e+05
   4.7594654e+05
   3.1290621e+05
   3.5596088e+05
   4.1524107e+05
   4.1468390e+05
   3.2660661e+05
   4.2606319e+04
   1.8619461e+05
   4.5423665e+05
   8.4471498e+04
   3.6634723e+05
   4.2050888e+05
   2.6138795e+05
   1.8132175e+05
   1.8037223e+05
   2.2196831e+05
   3.0399018e+05
   4.4541748e+04
   4.2234455e+04
   4.8314441e+05
   1.0389397e+05
   3.9786432e+05
   2.1493035e+05
   2.5286894e+05
   2.1403597e+05
   9.3904013e+04
   1.1669664e+05
   3.5965860e+05
   4.7547052e+05
   1.6466393e+05
   3.8192527e+04
   4.8229019e+05
   8.6733354e+04
   1.2343152e+05
   3.3436423e+05
   1.0549210e+05
   3.5249724e+05
   7.4107178e+04
   4.2206413e+04
   1.1996698e+05
   3.2940758e+05
   8.7989085e+04
   8.0661282e+04
   4.8103051e+05
   3.8840772e+05
   4.0484707e+05
   4.5102785e+05
   9.7565902e+04
   7.6685022e+04
   3.4798665e+04
   3.1266585e+05
   2.2964458e+05
   2.0997337e+05
   1.0252638e+05
   1.9461985e+05
   9.5220538e+04
   1.4001048e+05
   4.7513128e+05
   2.6391415e+05
   1.5933631e+05
   1.1211093e+05
   3.3929595e+05
   4.6458194e+05
   3.8670617e+05
   3.9793711e+05
   2.3769511e+05
   4.6305320e+05
   2.2110059e+05
   1.7415584e+05
   3.6849173e+05
   1.0070734e+05
   8.8310060e+04
   2.9684954e+05
   2.1205070e+05
   1.8296320e+05
   3.2322530e+05
   3.0336763e+04
   2.5661469e+05
   4.9779468e+05
   3.4875380e+05
   3.9764732e+05
   6.5488153e+04
   2.2940578e+05
   1.7006978e+05
   4.8226219e+04
   2.1941083e+05
   4.0439019e+05
   2.2230753e+05
   2.3689468e+05
   2.0021028e+05
   7.6707660e+04
   3.4407632e+05
   2.1816762e+05
   2.1182271e+05
   2.7729723e+05
   2.5484098e+05
   2.1498466e+05
   2.8368976e+05
   3.1162901e+05
   2.2084374e+05
   4.9762724e+04
   6.0097630e+04
   3.4143962e+05
   2.0023371e+05
   2.7855573e+05
   1.8690226e+05
   3.8716121e+05
   4.3638543e+05
   1.2588977e+05
   1.4485113e+05
   3.8547995e+04
   2.9932360e+05
   3.8322494e+05
   2.9962717e+05
   4.4174783e+05
   3.7683175e+05
   2.8644544e+05
   4.2094299e+05
   8.7950183e+04
   4.0260048e+04
   2.8190166e+05
   8.9894931e+04
   1.1528985e+05
   1.6248949e+05
   3.4013855e+05
   2.6814106e+05
   2.2029999e+05
   4.3394679e+05
   3.8484142e+05
   1.3540224e+05
   3.7211830e+05
   3.6195366e+05
   3.7837207e+05
   2.5236497e+05
   2.4889257e+05
   3.8733804e+05
   1.0050922e+05
   4.7707477e+05
   4.3417290e+05
   2.9176654e+05
   6.3980254e+04
   1.9548518e+05
   4.9997875e+05
   5.8921245e+04
   2.6311676e+05
   4.7990392e+05
   8.7333309e+04
   6.2583734e+04
   3.8380088e+05
   4.9589596e+05
   2.4175851e+05
   3.8822237e+05
   2.1043115e+05
   2.2826947e+05
   1.2928958e+05
   1.6875943e+05
   3.5974008e+05
   6.1957315e+04
   6.0144807e+04
   4.9848537e+05
   1.0601630e+05
   4.3064269e+05
   4.1182916e+05
   3.4965759e+05
   3.0191267e+05
   2.4217271e+05
   4.7622876e+05
   1.0161167e+05
   1.1006076e+05
   3.7078389e+05
   2.6456002e+05
   1.3730946e+05
   3.0523730e+05
   9.0377677e+04
   7.9636453e+04
   2.4964584e+05
   3.6025931e+05
   3.8010490e+04
   3.9419698e+05
   2.6663078e+05
   3.7890911e+05
   3.3544265e+05
   3.8763901e+04
   4.8896989e+05
   3.3087692e+05
   2.0238644e+05
   1.0367876e+05
   2.0207426e+05
   2.9174289e+05
   1.5529351e+05
   6.1829472e+04
   3.5486252e+05
   1.2985613e+05
   1.9256218e+05
   1.3966905e+05
   4.4364554e+04
   3.7891585e+05
   4.6387023e+05
   2.8136543e+05
   1.1446011e+05
   3.1339855e+05
   6.7267714e+04
   8.2995712e+04
   2.8921543e+05
   4.6436372e+05
   2.7058718e+05
   2.0656512e+05
   9.5544486e+04
   1.4948137e+05
   1.1443249e+05
   2.1030131e+05
   8.9654885e+04
   2.4047426e+05
   3.1179949e+05
   3.6928548e+05
   4.6992207e+05
   2.5260188e+05
   9.0291372e+04
   3.5409011e+05
   4.7300517e+05
   3.0329044e+04
   4.7235226e+05
   1.0611631e+05
   1.6395496e+05
   1.6550310e+05
   4.8678423e+05
   2.3946888e+05
   2.6862126e+05
   7.0761359e+04
   3.3202601e+05
   4.1453696e+05
   7.4676520e+04
   4.9015075e+05
   1.6731394e+05
   3.5494577e+05
   3.7585826e+05
   4.8267432e+05
   4.4675071e+05
   3.0195790e+05
   9.6014724e+04
   2.5216611e+05
   3.2156328e+05
   3.2652606e+04
   3.7018065e+05
   1.7664807e+05
   1.8341628e+05
   3.2990661e+05
   2.5306056e+05
   2.7762419e+05
   3.3149665e+05
   3.2301071e+05
   1.4845364e+05
   2.1019622e+05
   4.4268497e+05
   2.7223791e+05
   3.2032631e+05
   3.5380958e+05
   1.1757979e+05
   1.6532413e+05
   1.3499095e+05
   4.6283591e+04
   4.4251218e+05
   3.3514587e+05
   1.8165809e+05
   1.1904326e+05
   4.4752800e+05
   4.8386217e+05
   6.3543830e+04
   2.0368005e+05
   3.1133864e+05
   4.0419289e+05
   3.7775657e+05
   8.7992257e+04
   7.2635026e+04
   1.5891705e+05
   3.3425111e+05
   1.8017679e+05
   3.5547865e+05
   2.6917524e+05
   2.9493732e+05
   3.9813250e+05
   1.6198568e+05
   1.5534618e+05
   4.9607302e+05
   3.9787772e+05
   3.2902061e+05
   3.7427477e+05
   2.2015740e+05
   2.1307907e+05
   4.5991229e+05
   3.0887148e+05
   2.7179544e+05
   7.8184142e+04
   3.9051174e+05
   1.4924057e+05
   8.4668627e+04
   3.8134225e+05
   1.8778246e+05
   3.2817853e+05
   3.7549763e+05
   3.4450928e+05
   1.8144874e+05
   1.7481401e+05
   4.8577839e+05
   3.6331258e+05
   3.4561742e+05
   2.5380396e+05
   2.0002492e+05
   5.2370667e+04
   1.6318364e+05
   5.6241314e+04
   4.7998562e+05
   1.2364504e+05
   4.1639462e+05
   4.1641244e+05
   3.4353462e+05
   8.8725721e+04
   1.3514445e+05
   1.7838807e+05
   4.0455500e+05
   5.7617952e+04
   2.9818988e+05
   1.4571827e+05
   4.7194358e+05
   3.9028785e+05
   2.7280137e+05
   4.5924127e+05
   2.2074290e+05
   1.2159319e+05
   3.8843002e+05
   3.7465640e+05
   3.5923213e+05
   1.2971070e+05
   3.0403381e+05
   4.4496140e+05
   3.7675362e+05
   4.4648353e+05
   1.7508405e+05
   4.4449277e+05
   1.2093610e+05
   4.3470731e+05
   1.5313723e+05
   4.1228815e+05
   3.7176900e+05
   6.7272648e+04
   4.6698126e+05
   7.2447977e+04
   4.3852195e+05
   3.0645698e+05
   1.6646979e+05
   2.8409307e+05
   2.8401590e+05
   2.1123361e+05
   2.7075724e+05
   1.6416037e+05
   4.8320317e+05
   2.0256392e+05
   4.6463432e+04
   1.3107145e+05
   1.3391786e+05
   4.0469608e+05
   3.5873549e+05
   7.9777700e+04
   2.6845082e+05
   2.9941015e+05
   4.4861401e+04
   2.6185086e+05
   3.0895257e+05
   4.7136243e+05
   2.4596766e+05
   3.5307017e+05
   2.8235368e+05
   3.5725573e+05
   2.7920761e+05
   2.7498908e+05
   4.9380738e+05
   3.6523398e+05
   4.5262357e+05
   4.2012129e+05
   4.8251381e+05
   4.6687810e+05
   1.2009867e+05
   4.6193001e+05
   1.8929209e+05
   2.8519402e+05
   1.9736070e+05
   4.1647118e+05
   3.3101193e+05
   3.0626426e+05
   4.0314878e+05
   3.6970784e+05
   2.8490596e+05
   2.3472306e+05
   1.5073119e+05
   2.7033358e+05
   4.0543709e+05
   3.2191333e+05
   2.5532973e+05
   4.1179022e+04
   4.8341310e+05
   4.4842152e+05
   7.7584434e+04
   1.9028344e+05
   1.6936983e+05
   5.7853234e+04
   3.7554884e+05
   5.3860832e+04
   3.8052009e+04
   1.8575401e+05
   3.4373237e+04
   1.4454104e+05
   2.9694485e+05
   2.8582787e+05
   2.6324875e+05
   1.7989453e+05
   3.5534046e+05
   2.6451680e+05
   3.7734707e+05
   4.3151523e+05
   4.0519832e+05
   4.4520798e+05
   4.5272641e+05
   7.4568767e+04
   1.5362526e+05
   3.2643607e+05
   1.9713529e+05
   3.4453136e+05
   1.1711295e+05
   1.4842588e+05
   2.6956242e+05
   8.7790951e+04
   4.3600408e+05
   2.9057034e+05
   8.4378658e+04
   1.0389994e+05
   7.9138922e+04
   1.2005525e+05
   2.3335777e+05
   1.6880236e+05
   1.2214747e+05
   2.4663181e+05
   9.9123540e+04
   5.0258501e+04
   4.6911276e+05
   4.4953824e+05
   4.0749543e+05
   3.4951199e+05
   2.0588869e+05
   3.8128788e+05
   4.8751067e+05
   3.5507263e+05
   2.7731169e+05
   4.2805253e+04
   3.6072521e+05
   4.7866098e+05
   2.4178655e+05
   2.5753997e+05
   4.7918162e+05
   1.2016143e+05
   1.1255814e+05
   2.8455290e+05
   5.8819378e+04
   1.8606560e+05
   3.7478951e+05
   3.5115230e+05
   3.2959409e+05
   5.7495599e+04
   4.3679189e+05
   2.5507548e+05
   3.5535707e+05
   2.9317008e+05
   1.3667390e+05
   4.0667549e+05
   1.1116387e+05
   1.4012405e+05
   1.5868382e+05
   3.8370175e+04
   1.6964510e+05
   3.5625461e+05
   2.4802120e+05
   1.8723911e+05
   2.8938147e+05
   3.6850600e+05
   4.5701256e+05
   3.2696580e+05
   1.3262350e+05
   4.9916231e+04
   1.9638012e+05
   6.5103831e+04
   2.9542835e+05
   2.6243811e+05
   3.8377680e+05
   1.0879232e+05
   3.9190615e+05
   5.9437916e+04
   1.8247841e+05
   2.0011411e+05
   2.5807310e+05
   7.4742873e+04
   2.1483856e+05
   1.9468907e+05
   6.6719658e+04
   6.2506898e+04
   2.7091181e+05
   1.2544908e+05
   3.6915245e+04
   1.7170987e+05
   2.8112623e+05
   1.0715893e+05
   1.1300446e+05
   1.7385463e+05
   4.3839839e+04
   3.0377729e+05
   6.4168779e+04
   1.6866014e+05
   3.1683934e+05
   2.8783932e+05
   1.6666608e+05
   2.3068083e+05
   4.9831754e+05
   3.2708130e+04
   4.8425093e+05
   5.2278060e+04
   2.3539809e+05
   4.8497300e+05
   4.0413900e+05
   2.1503286e+05
   3.2395136e+05
   5.5248118e+04
   2.3797004e+05
   7.3826583e+04
   3.3857977e+05
   9.2798862e+04
   1.5454037e+05
   1.7862045e+05
   4.5689685e+04
   2.2851831e+05
   2.9515572e+05
   1.6821613e+05
   1.4486434e+05
   2.4919730e+05
   4.0108748e+05
   3.0825303e+05
   3.1958124e+04
   1.3504533e+05
   1.8559493e+05
   4.8729642e+05
   2.2843012e+05
   4.3169704e+05
   2.3177429e+05
   2.6278169e+05
   3.7581910e+04
   1.7634859e+05
   4.1688353e+05
   2.1884770e+05
   1.4804188e+05
   3.8542547e+04
   4.5285701e+05
   3.0763325e+05
   2.9216325e+05
   4.3610205e+05
   2.1121630e+05
   2.9813855e+05
   1.7193899e+05
   1.4692134e+05
   4.9798104e+05
   1.4339953e+05
   3.5416372e+05
   4.7457048e+04
   1.6908568e+05
   4.5615197e+05
   1.4415276e+05
   2.4282113e+05
   4.6816806e+05
   4.4554199e+05
   3.7745224e+05
   9.2128588e+04
   1.6803758e+05
   1.8479130e+05
   7.9296637e+04
   4.5487604e+05
   1.5274983e+05
   3.0654906e+05
   5.5731084e+04
   4.8275823e+05
   2.9039144e+05
   2.4417288e+05
   4.5634633e+05
   1.4087861e+05
   3.3976573e+05
   4.6415706e+05
   2.8198737e+05
   1.4239455e+05
   3.5279859e+05
   3.7127648e+05
   1.5666441e+05
   5.1974704e+04
   1.4897058e+05
   1.1443016e+05
   3.9793110e+05
   5.3491531e+04
   8.5119580e+04
   3.4730833e+05
   6.4278586e+04
   3.0529233e+05
   3.6110904e+05
   3.3293522e+05
   4.8463603e+05
   7.2361565e+04
   1.7611496e+05
   2.2930826e+05
   3.2092754e+05
   1.5380123e+05
   1.1536380e+05
   1.5440697e+05
   4.2607195e+05
   1.0863879e+05
   6.2327788e+04
   4.5752483e+05
   3.4218122e+05
   9.5596736e+04
   2.7542108e+05
   2.5633649e+05
   2.5251847e+05
   4.5751891e+05
   2.0631710e+05
   3.7748401e+05
   1.4141088e+05
   1.3472685e+05
   1.1246907e+05
   2.4727189e+05
   3.6650939e+05
   8.1788570e+04
   3.6574135e+05
   3.6924492e+05
   3.7490966e+04
   3.9787664e+05
   2.5161273e+05
   2.4422133e+05
   2.9425428e+05
   2.6326059e+05
   2.3172188e+05
   4.4049569e+04
   2.1062883e+05
   1.8485916e+05
   1.9021920e+05
   2.5769390e+05
   2.4445727e+05
   3.7110628e+05
   1.2683645e+05
   2.8551128e+05
   3.6266475e+05
   1.4735914e+05
   3.5822624e+05
   3.1530174e+05
   3.0335404e+04
   2.5550174e+05
   1.1133776e+05
   1.7237253e+05
   4.8811365e+05
   4.8514989e+05
   3.7990071e+05
   5.9604620e+04
   1.3375353e+05
   4.5633824e+05
   4.7734676e+05
   4.1046964e+05
   1.9472113e+05
   3.2090294e+05
   9.7405128e+04
   4.8026637e+05
   3.4006996e+05
   4.3178958e+05
   4.5386334e+05
   2.9820656e+05
   7.3100586e+04
   3.1781958e+05
   2.9491295e+05
   4.2450397e+05
   1.8700660e+05
   4.8465080e+05
   9.2540690e+04
   2.4417350e+05
   1.7589498e+05
   2.5367949e+05
   6.6412978e+04
   1.4237590e+05
   2.5103826e+05
   3.0751662e+05
   1.1539804e+05
   1.7385823e+05
   2.9341941e+05
   3.7398950e+05
   2.1919504e+05
   1.4649200e+05
   3.1078518e+05
   1.0399848e+05
   3.2541485e+05
   1.2846690e+05
   1.0524852e+05
   1.1716476e+05
   3.5728856e+05
   4.6405572e+05
   2.0791478e+05
   3.8749826e+05
   1.3674904e+05
   2.7721842e+05
   2.2227320e+05
   2.7690723e+05
   3.2893947e+05
   1.1040069e+05
   3.8222109e+05
   5.4236360e+04
   1.4028019e+05
   5.7629661e+04
   1.6903451e+05
   4.4538509e+05
   4.6979342e+05
   2.7328896e+05
   4.1995639e+05
   9.8908680e+04
   4.8952323e+05
   4.9689065e+05
   3.2911901e+05
   8.7546506e+04
   2.0489817e+05
   2.2733297e+05
   4.9974504e+05
   1.9288774e+05
   8.2477997e+04
   3.7494582e+05
   3.8887467e+05
   2.4962912e+05
   1.7531199e+05
   3.0365554e+05
   2.9443538e+05
   8.2710513e+04
   2.5701200e+05
   4.4199902e+05
   1.8343416e+05
   4.9844833e+05
   6.5827194e+04
   2.6862909e+05
   3.3783347e+05
   4.0893961e+05
   3.7918003e+05
   1.1512304e+05
   4.4499737e+05
   4.3508979e+05
   2.2213096e+05
   2.3639263e+05
   4.0534732e+05
   2.7503751e+05
   1.6078720e+05
   1.3931169e+05
   4.7418385e+05
   1.4905137e+05
   2.3112318e+05
   2.2160332e+05
   2.2014003e+05
   1.3257413e+05
   4.4119292e+05
   2.6292482e+05
   4.7183108e+05
   4.7742921e+05
   3.6561003e+05
   2.6399423e+05
   1.7250155e+05
   2.3552810e+05
   1.3658277e+05
   4.6074673e+05
   4.2370420e+05
   1.0071184e+05
   5.1831658e+04
   3.3124397e+05
   3.4564859e+05
   4.7381455e+05
   2.6963659e+05
   8.0156686e+04
   3.8916641e+05
   4.6307188e+05
   3.3864593e+05
   3.7927316e+05
   1.1768047e+05
   8.6139157e+04
   3.0603213e+05
   8.3559790e+04
   3.4938906e+05
   6.9811389e+04
   3.1252601e+05
   6.7577090e+04
   2.3983843e+05
   3.1943739e+05
   3.6970719e+05
   3.2084929e+05
   3.6934576e+05
   1.3059047e+05
   2.4266090e+05
   3.4573480e+05
   6.0565391e+04
   3.4444007e+04
   7.0364529e+04
   2.7416220e+05
   2.1009420e+05
   3.7731926e+05
   4.7719570e+05
   2.3119876e+05
   1.4688867e+05
   3.0005301e+05
   1.0802110e+05
   4.2667067e+05
   4.0767373e+05
   2.7164570e+05
   7.9591415e+04
   2.2121620e+05
   1.2392894e+05
   4.6277822e+05
   2.3012250e+05
   3.9163544e+05
   1.9153395e+05
   3.4839614e+05
   2.0320272e+05
   1.7236070e+05
   6.7788013e+04
   2.8641780e+05
   2.3817979e+05
   4.9250002e+05
   1.7294277e+05
   8.8610639e+04
   1.9607780e+05
   1.6491429e+05
   1.7739323e+05
   1.0247910e+05
   4.1153385e+05
   5.7831177e+04
   3.5096258e+05
   4.8469868e+05
   4.7559005e+05
   4.4816444e+05
   1.7592180e+05
   3.4300885e+05
   2.7077981e+05
   3.4415207e+05
   3.8629455e+04
   2.2400234e+05
   4.3540553e+05
   2.1426679e+05
   2.9880368e+05
   3.0967985e+05
   3.7114570e+05
   4.0908214e+05
   3.5000828e+05
   4.5370076e+05
   1.1940492e+05
   1.3967861e+05
   1.5363769e+05
   1.9767366e+05
   3.8902744e+05
   1.9511699e+05
   4.1183851e+05
   4.1461662e+05
   1.7865492e+05
   3.8128954e+05
   1.9786886e+05
   4.1734629e+05
   3.6773173e+05
   4.3240820e+05
   4.9270554e+05
   4.8845123e+05
   3.1484384e+05
   4.9818567e+05
   4.8556139e+04
   4.7456672e+05
   1.6290340e+05
   2.3249032e+05
   4.3312000e+05
   4.6538459e+05
   3.2415047e+05
   3.5094284e+05
   2.7004226e+05
   4.5266044e+04
   5.4774107e+04
   4.6617759e+05
   4.5918277e+05
   2.2124400e+05
   4.8725236e+05
   1.6989802e+05
   4.0818902e+05
   3.8844287e+05
   4.9251510e+05
   3.2292203e+05
   3.1382625e+05
   1.7152005e+05
   4.8581713e+05
   2.1693917e+05
   6.9509927e+04
   3.4346674e+05
   1.3838448e+05
   2.8225789e+05
   2.0858134e+05
   1.5509380e+05
   4.0364448e+05
   3.5670276e+05
   3.3186812e+05
   2.8952528e+05
   3.2597926e+05
   1.0386175e+05
   3.1993990e+05
   1.0019272e+05
   3.0059009e+05
   3.2940119e+04
   2.2017378e+05
   3.2286877e+05
   3.6294968e+05
   2.2319836e+05
   3.0845436e+05
   1.5111690e+05
   9.9429722e+04
   4.1224398e+05
   1.5538170e+05
   3.5909849e+05
   3.7864957e+05
   1.9391545e+05
   1.1929446e+05
   1.9976904e+05
   3.2181568e+05
   2.8289819e+05
   3.1184868e+05
   4.7953313e+05
   2.4637795e+05
   4.6240253e+05
   3.0851137e+05
   1.7071969e+05
   3.4271923e+05
   3.9946102e+05
   4.2601629e+05
   1.0211650e+05
   9.1512662e+04
   1.0699986e+05
   3.5644315e+05
   4.8374007e+05
   3.4875417e+05
   2.6841737e+05
   4.5647550e+05
   6.6284994e+04
   1.0178510e+05
   1.5935094e+05
   1.1014127e+05
   5.8291098e+04
   1.9874496e+05
   9.5059085e+04
   4.0294153e+05
   3.4316805e+05
   4.4827582e+05
   3.3810807e+05
   2.2097799e+05
   1.0883865e+05
   4.9058020e+05
   3.7698538e+05
   2.0346065e+05
   1.8823019e+05
   2.1057838e+05
   3.1988868e+05
   2.2845884e+05
   4.5809658e+04
   1.9659150e+05
   9.6716371e+04
   4.2944742e+05
   2.5909944e+05
   1.5135991e+05
   4.9951105e+05
   9.0633323e+04
   8.5659605e+04
   2.3565791e+05
   3.8840322e+04
   4.6284042e+05
   1.8647263e+05
   3.1399311e+04
   6.3790229e+04
   1.9926421e+05
   3.9760646e+05
   3.5118799e+05
   2.6729424e+05
   7.7146454e+04
   3.5077087e+05
   2.1951913e+05
   2.4559979e+05
   3.1949241e+05
   4.9560844e+05
   1.0634170e+05
   2.2063457e+05
   2.9286891e+05
   4.1586795e+05
   3.1023428e+05
   3.2450071e+05
   2.0234305e+05
   3.7159722e+05
   4.4043628e+05
   3.9981469e+05
   1.9450571e+05
   4.7594654e+05
   3.1290621e+05
   3.5596088e+05
   4.1524107e+05
   4.1468390e+05
   3.2660661e+05
   4.2606319e+04
   1.8619461e+05
   4.5423665e+05
   8.4471498e+04
   3.6634723e+05
   4.2050888e+05
   2.6138795e+05
   1.8132175e+05
   1.8037223e+05
   2.2196831e+05
   3.0399018e+05
   4.4541748e+04
   4.2234455e+04
   4.8314441e+05
   1.0389397e+05
   3.9786432e+05
   2.1493035e+05
   2.5286894e+05
   2.1403597e+05
   9.3904013e+04
   1.1669664e+05
   3.5965860e+05
   4.7547052e+05
   1.6466393e+05
   3.8192527e+04
   4.8229019e+05
   8.6733354e+04
   1.2343152e+05
   3.3436423e+05
   1.0549210e+05
   3.5249724e+05
   7.4107178e+04
   4.2206413e+04
   1.1996698e+05
   3.2940758e+05
   8.7989085e+04
   8.0661282e+04
   4.8103051e+05
   3.8840772e+05
   4.0484707e+05
   4.5102785e+05
   9.7565902e+04
   7.6685022e+04
   3.4798665e+04
   3.1266585e+05
   2.2964458e+05
   2.0997337e+05
   1.0252638e+05
   1.9461985e+05
   9.5220538e+04
   1.4001048e+05
   4.7513128e+05
   2.6391415e+05
   1.5933631e+05
   1.1211093e+05
   3.3929595e+05
   4.6458194e+05
   3.8670617e+05
   3.9793711e+05
   2.3769511e+05
   4.6305320e+05
   2.2110059e+05
   1.7415584e+05
   3.6849173e+05
   1.0070734e+05
   8.8310060e+04
   2.9684954e+05
   2.1205070e+05
   1.8296320e+05
   3.2322530e+05
   3.0336763e+04
   2.5661469e+05
   4.9779468e+05
   3.4875380e+05
   3.9764732e+05
   6.5488153e+04
   2.2940578e+05
   1.7006978e+05
   4.8226219e+04
   2.1941083e+05
   4.0439019e+05
   2.2230753e+05
   2.3689468e+05
   2.0021028e+05
   7.6707660e+04
   3.4407632e+05
   2.1816762e+05
   2.1182271e+05
   2.7729723e+05
   2.5484098e+05
   2.1498466e+05
   2.8368976e+05
   3.1162901e+05
   2.2084374e+05
   4.9762724e+04
   6.0097630e+04
   3.4143962e+05
   2.0023371e+05
   2.7855573e+05
   1.8690226e+05
   3.8716121e+05
   4.3638543e+05
   1.2588977e+05
   1.4485113e+05
   3.8547995e+04
   2.9932360e+05
   3.8322494e+05
   2.9962717e+05
   4.4174783e+05
   3.7683175e+05
   2.8644544e+05
   4.2094299e+05
   8.7950183e+04
   4.0260048e+04
   2.8190166e+05
   8.9894931e+04
   1.1528985e+05
   1.6248949e+05
   3.4013855e+05
   2.6814106e+05
   2.2029999e+05
   4.3394679e+05
   3.8484142e+05
   1.3540224e+05
   3.7211830e+05
   3.6195366e+05
   3.7837207e+05
   2.5236497e+05
   2.4889257e+05
   3.8733804e+05
   1.0050922e+05
   4.7707477e+05
   4.3417290e+05
   2.9176654e+05
   6.3980254e+04
   1.9548518e+05
   4.9997875e+05
   5.8921245e+04
   2.6311676e+05
   4.7990392e+05
   8.7333309e+04
   6.2583734e+04
   3.8380088e+05
   4.9589596e+05
   2.4175851e+05
   3.8822237e+05
   2.1043115e+05
   2.2826947e+05
   1.2928958e+05
   1.6875943e+05
   3.5974008e+05
   6.1957315e+04
   6.0144807e+04
   4.9848537e+05
   1.0601630e+05
   4.3064269e+05
   4.1182916e+05
   3.4965759e+05
   3.0191267e+05
   2.4217271e+05
   4.7622876e+05
   1.0161167e+05
   1.1006076e+05
   3.7078389e+05
   2.6456002e+05
   1.3730946e+05
   3.0523730e+05
   9.0377677e+04
   7.9636453e+04
   2.4964584e+05
   3.6025931e+05
   3.8010490e+04
   3.9419698e+05
   2.6663078e+05
   3.7890911e+05
   3.3544265e+05
   3.8763901e+04
   4.8896989e+05
   3.3087692e+05
   2.0238644e+05
   1.0367876e+05
   2.0207426e+05
   2.9174289e+05
   1.5529351e+05
   6.1829472e+04
   3.5486252e+05
   1.2985613e+05
   1.9256218e+05
   1.3966905e+05
   4.4364554e+04
   3.7891585e+05
   4.6387023e+05
   2.8136543e+05
   1.1446011e+05
   3.1339855e+05
   6.7267714e+04
   8.2995712e+04
   2.8921543e+05
   4.6436372e+05
   2.7058718e+05
   2.0656512e+05
   9.5544486e+04
   1.4948137e+05
   1.1443249e+05
   2.1030131e+05
   8.9654885e+04
   2.4047426e+05
   3.1179949e+05
   3.6928548e+05
   4.6992207e+05
   2.5260188e+05
   9.0291372e+04
   3.5409011e+05
   4.7300517e+05
   3.0329044e+04
   4.7235226e+05
   1.0611631e+05
   1.6395496e+05
   1.6550310e+05
   4.8678423e+05
   2.3946888e+05
   2.6862126e+05
   7.0761359e+04
   3.3202601e+05
   4.1453696e+05
   7.4676520e+04
   4.9015075e+05
   1.6731394e+05
   3.5494577e+05
   3.7585826e+05
   4.8267432e+05
   4.4675071e+05
   3.0195790e+05
   9.6014724e+04
   2.5216611e+05
   3.2156328e+05
   3.2652606e+04
   3.7018065e+05
   1.7664807e+05
   1.8341628e+05
   3.2990661e+05
   2.5306056e+05
   2.7762419e+05
   3.3149665e+05
   3.2301071e+05
   1.4845364e+05
   2.1019622e+05
   4.4268497e+05
   2.7223791e+05
   3.2032631e+05
   3.5380958e+05
   1.1757979e+05
   1.6532413e+05
   1.3499095e+05
   4.6283591e+04
   4.4251218e+05
   3.3514587e+05
   1.8165809e+05
   1.1904326e+05
   4.4752800e+05
   4.8386217e+05
   6.3543830e+04
   2.0368005e+05
   3.1133864e+05
   4.0419289e+05
   3.7775657e+05
   8.7992257e+04
   7.2635026e+04
   1.5891705e+05
   3.3425111e+05
   1.8017679e+05
   3.5547865e+05
   2.6917524e+05
   2.9493732e+05
   3.9813250e+05
   1.6198568e+05
   1.5534618e+05
   4.9607302e+05
   3.9787772e+05
   3.2902061e+05
   3.7427477e+05
   2.2015740e+05
   2.1307907e+05
   4.5991229e+05
   3.0887148e+05
   2.7179544e+05
   7.8184142e+04
   3.9051174e+05
   1.4924057e+05
   8.4668627e+04
   3.8134225e+05
   1.8778246e+05
   3.2817853e+05
   3.7549763e+05
   3.4450928e+05
   1.8144874e+05
   1.7481401e+05
   4.8577839e+05
   3.6331258e+05
   3.4561742e+05
   2.5380396e+05
   2.0002492e+05
   5.2370667e+04
   1.6318364e+05
   5.6241314e+04
   4.7998562e+05
   1.2364504e+05
   4.1639462e+05
   4.1641244e+05
   3.4353462e+05
   8.8725721e+04
   1.3514445e+05
   1.7838807e+05
   4.0455500e+05
   5.7617952e+04
   2.9818988e+05
   1.4571827e+05
   4.7194358e+05
   3.9028785e+05
   2.7280137e+05
   4.5924127e+05
   2.2074290e+05
   1.2159319e+05
   3.8843002e+05
   3.7465640e+05
   3.5923213e+05
   1.2971070e+05
   3.0403381e+05
   4.4496140e+05
   3.7675362e+05
   4.4648353e+05
   1.7508405e+05
   4.4449277e+05
   1.2093610e+05
   4.3470731e+05
   1.5313723e+05
   4.1228815e+05
   3.7176900e+05
   6.7272648e+04
   4.6698126e+05
   7.2447977e+04
   4.3852195e+05
   3.0645698e+05
   1.6646979e+05
   2.8409307e+05
   2.8401590e+05
   2.1123361e+05
   2.7075724e+05
   1.6416037e+05
   4.8320317e+05
   2.0256392e+05
   4.6463432e+04
   1.3107145e+05
   1.3391786e+05
   4.0469608e+05
   3.5873549e+05
   7.9777700e+04
   2.6845082e+05
   2.9941015e+05
   4.4861401e+04
   2.6185086e+05
   3.0895257e+05
   4.7136243e+05
   2.4596766e+05
   3.5307017e+05
   2.8235368e+05
   3.5725573e+05
   2.7920761e+05
   2.7498908e+05
   4.9380738e+05
   3.6523398e+05
   4.5262357e+05
   4.2012129e+05
   4.8251381e+05
   4.6687810e+05
   1.2009867e+05
   4.6193001e+05
   1.8929209e+05
   2.8519402e+05
   1.9736070e+05
   4.1647118e+05
   3.3101193e+05
   3.0626426e+05
   4.0314878e+05
   3.6970784e+05
   2.8490596e+05
   2.3472306e+05
   1.5073119e+05
   2.7033358e+05
   4.0543709e+05
   3.2191333e+05
   2.5532973e+05
   4.1179022e+04
   4.8341310e+05
   4.4842152e+05
   7.7584434e+04
   1.9028344e+05
   1.6936983e+05
   5.7853234e+04
   3.7554884e+05
   5.3860832e+04
   3.8052009e+04
   1.8575401e+05
   3.4373237e+04
   1.4454104e+05
   2.9694485e+05
   2.8582787e+05
   2.6324875e+05
   1.7989453e+05
   3.5534046e+05
   2.6451680e+05
   3.7734707e+05
   4.3151523e+05
   4.0519832e+05
   4.4520798e+05
   4.5272641e+05
   7.4568767e+04
   1.5362526e+05
   3.2643607e+05
   1.9713529e+05
   3.4453136e+05
   1.1711295e+05
   1.4842588e+05
   2.6956242e+05
   8.7790951e+04
   4.3600408e+05
   2.9057034e+05
   8.4378658e+04
   1.0389994e+05
   7.9138922e+04
   1.2005525e+05
   2.3335777e+05
   1.6880236e+05
   1.2214747e+05
   2.4663181e+05
   9.9123540e+04
   5.0258501e+04
   4.6911276e+05
   4.4953824e+05
   4.0749543e+05
   3.4951199e+05
   2.0588869e+05
   3.8128788e+05
   4.8751067e+05
   3.5507263e+05
   2.7731169e+05
   4.2805253e+04
   3.6072521e+05
   4.7866098e+05
   2.4178655e+05
   2.5753997e+05
   4.7918162e+05
   1.2016143e+05
   1.1255814e+05
   2.8455290e+05
   5.8819378e+04
   1.8606560e+05
   3.7478951e+05
   3.5115230e+05
   3.2959409e+05
   5.7495599e+04
   4.3679189e+05
   2.5507548e+05
   3.5535707e+05
   2.9317008e+05
   1.3667390e+05
   4.0667549e+05
   1.1116387e+05
   1.4012405e+05
   1.5868382e+05
   3.8370175e+04
   1.6964510e+05
   3.5625461e+05
   2.4802120e+05
   1.8723911e+05
   2.8938147e+05
   3.6850600e+05
   4.5701256e+05
   3.2696580e+05
   1.3262350e+05
   4.9916231e+04
   1.9638012e+05
   6.5103831e+04
   2.9542835e+05
   2.6243811e+05
   3.8377680e+05
   1.0879232e+05
   3.9190615e+05
   5.9437916e+04
   1.8247841e+05
   2.0011411e+05
   2.5807310e+05
   7.4742873e+04
   2.1483856e+05
   1.9468907e+05
   6.6719658e+04
   6.2506898e+04
   2.7091181e+05
   1.2544908e+05
   3.6915245e+04
   1.7170987e+05
   2.8112623e+05
   1.0715893e+05
   1.1300446e+05
   1.7385463e+05
   4.3839839e+04
   3.0377729e+05
   6.4168779e+04
   1.6866014e+05
   3.1683934e+05
   2.8783932e+05
   1.6666608e+05
   2.3068083e+05
   4.9831754e+05
   3.2708130e+04
   4.8425093e+05
   5.2278060e+04
   2.3539809e+05
   4.8497300e+05
   4.0413900e+05
   2.1503286e+05
   3.2395136e+05
   5.5248118e+04
   2.3797004e+05
   7.3826583e+04
   3.3857977e+05
   9.2798862e+04
   1.5454037e+05
   1.7862045e+05
   4.5689685e+04
   2.2851831e+05
   2.9515572e+05
   1.6821613e+05
   1.4486434e+05
   2.4919730e+05
   4.0108748e+05
   3.0825303e+05
   3.1958124e+04
   1.3504533e+05
   1.8559493e+05
   4.8729642e+05
   2.2843012e+05
   4.3169704e+05
   2.3177429e+05
   2.6278169e+05
   3.7581910e+04
   1.7634859e+05
   4.1688353e+05
   2.1884770e+05
   1.4804188e+05
   3.8542547e+04
   4.5285701e+05
   3.0763325e+05
   2.9216325e+05
   4.3610205e+05
   2.1121630e+05
   2.9813855e+05
   1.7193899e+05
   1.4692134e+05
   4.9798104e+05
   1.4339953e+05
   3.5416372e+05
   4.7457048e+04
   1.6908568e+05
   4.5615197e+05
   1.4415276e+05
   2.4282113e+05
   4.6816806e+05
   4.4554199e+05
   3.7745224e+05
   9.2128588e+04
   1.6803758e+05
   1.8479130e+05
   7.9296637e+04
   4.5487604e+05
   1.5274983e+05
   3.0654906e+05
   5.5731084e+04
   4.8275823e+05
   2.9039144e+05
   2.4417288e+05
   4.5634633e+05
   1.4087861e+05
   3.3976573e+05
   4.6415706e+05
   2.8198737e+05
   1.4239455e+05
   3.5279859e+05
   3.7127648e+05
   1.5666441e+05
   5.1974704e+04
   1.4897058e+05
   1.1443016e+05
   3.9793110e+05
   5.3491531e+04
   8.5119580e+04
   3.4730833e+05
   6.4278586e+04
   3.0529233e+05
   3.6110904e+05
   3.3293522e+05
   4.8463603e+05
   7.2361565e+04
   1.7611496e+05
   2.2930826e+05
   3.2092754e+05
   1.5380123e+05
   1.1536380e+05
   1.5440697e+05
   4.2607195e+05
   1.0863879e+05
   6.2327788e+04
   4.5752483e+05
   3.4218122e+05
   9.5596736e+04
   2.7542108e+05
   2.5633649e+05
   2.5251847e+05
   4.5751891e+05
   2.0631710e+05
   3.7748401e+05
   1.4141088e+05
   1.3472685e+05
   1.1246907e+05
   2.4727189e+05
   3.6650939e+05
   8.1788570e+04
   3.6574135e+05
   3.6924492e+05
   3.7490966e+04
   3.9787664e+05
   2.5161273e+05
   2.4422133e+05
   2.9425428e+05
   2.6326059e+05
   2.3172188e+05
   4.4049569e+04
   2.1062883e+05
   1.8485916e+05
   1.9021920e+05
   2.5769390e+05
   2.4445727e+05
   3.7110628e+05
   1.2683645e+05
   2.8551128e+05
   3.6266475e+05
   1.4735914e+05
   3.5822624e+05
   3.1530174e+05
   3.0335404e+04
   2.5550174e+05
   1.1133776e+05
   1.7237253e+05
   4.8811365e+05
   4.8514989e+05
   3.7990071e+05
   5.9604620e+04
   1.3375353e+05
   4.5633824e+05
   4.7734676e+05
   4.1046964e+05
   1.9472113e+05
   3.2090294e+05
   9.7405128e+04
   4.8026637e+05
   3.4006996e+05
   4.3178958e+05
   4.5386334e+05
   2.9820656e+05
   7.3100586e+04
   3.1781958e+05
   2.9491295e+05
   4.2450397e+05
   1.8700660e+05
   4.8465080e+05
   9.2540690e+04
   2.4417350e+05
   1.7589498e+05
   2.5367949e+05
   6.6412978e+04
   1.4237590e+05
   2.5103826e+05
   3.0751662e+05
   1.1539804e+05
   1.7385823e+05
   2.9341941e+05
   3.7398950e+05
   2.1919504e+05
   1.4649200e+05
   3.1078518e+05
   1.0399848e+05
   3.2541485e+05
   1.2846690e+05
   1.0524852e+05
   1.1716476e+05
   3.5728856e+05
   4.6405572e+05
   2.0791478e+05
   3.8749826e+05
   1.3674904e+05
   2.7721842e+05
   2.2227320e+05
   2.7690723e+05
   3.2893947e+05
   1.1040069e+05
   3.8222109e+05
   5.4236360e+04
   1.4028019e+05
   5.7629661e+04
   1.6903451e+05
   4.4538509e+05
   4.6979342e+05
   2.7328896e+05
   4.1995639e+05
   9.8908680e+04
   4.8952323e+05
   4.9689065e+05
   3.2911901e+05
   8.7546506e+04
   2.0489817e+05
   2.2733297e+05
   4.9974504e+05
   1.9288774e+05
   8.2477997e+04
   3.7494582e+05
   3.8887467e+05
   2.4962912e+05
   1.7531199e+05
   3.0365554e+05
   2.9443538e+05
   8.2710513e+04
   2.5701200e+05
   4.4199902e+05
   1.8343416e+05
   4.9844833e+05
   6.5827194e+04
   2.6862909e+05
   3.3783347e+05
   4.0893961e+05
   3.7918003e+05
   1.1512304e+05
   4.4499737e+05
   4.3508979e+05
   2.2213096e+05
   2.3639263e+05
   4.0534732e+05
   2.7503751e+05
   1.6078720e+05
   1.3931169e+05
   4.7418385e+05
   1.4905137e+05
   2.3112318e+05
   2.2160332e+05
   2.2014003e+05
   1.3257413e+05
   4.4119292e+05
   2.6292482e+05
   4.7183108e+05
   4.7742921e+05
   3.6561003e+05
   2.6399423e+05
   1.7250155e+05
   2.3552810e+05
   1.3658277e+05
   4.6074673e+05
   4.2370420e+05
   1.0071184e+05
   5.1831658e+04
   3.3124397e+05
   3.4564859e+05
   4.7381455e+05
   2.6963659e+05
   8.0156686e+04
   3.8916641e+05
   4.6307188e+05
   3.3864593e+05
   3.7927316e+05
   1.1768047e+05
   8.6139157e+04
   3.0603213e+05
   8.3559790e+04
   3.4938906e+05
   6.9811389e+04
   3.1252601e+05
   6.7577090e+04
   2.3983843e+05
   3.1943739e+05
   3.6970719e+05
   3.2084929e+05
   3.6934576e+05
   1.3059047e+05
   2.4266090e+05
   3.4573480e+05
   6.0565391e+04
   3.4444007e+04
   7.0364529e+04
   2.7416220e+05
   2.1009420e+05
   3.7731926e+05
   4.7719570e+05
   2.3119876e+05
   1.4688867e+05
   3.0005301e+05
   1.0802110e+05
   4.2667067e+05
   4.0767373e+05
   2.7164570e+05
   7.9591415e+04
   2.2121620e+05
   1.2392894e+05
   4.6277822e+05
   2.3012250e+05
   3.9163544e+05
   1.9153395e+05
   3.4839614e+05
   2.0320272e+05
   1.7236070e+05
   6.7788013e+04
   2.8641780e+05
   2.3817979e+05
   4.9250002e+05
   1.7294277e+05
   8.8610639e+04
   1.9607780e+05
   1.6491429e+05
   1.7739323e+05
   1.0247910e+05
   4.1153385e+05
   5.7831177e+04
   3.5096258e+05
   4.8469868e+05
   4.7559005e+05
   4.4816444e+05
   1.7592180e+05
   3.4300885e+05
   2.7077981e+05
   3.4415207e+05
   3.8629455e+04
   2.2400234e+05
   4.3540553e+05
   2.1426679e+05
   2.9880368e+05
   3.0967985e+05
   3.7114570e+05
   4.0908214e+05
   3.5000828e+05
   4.5370076e+05
   1.1940492e+05
   1.3967861e+05
   1.5363769e+05
   1.9767366e+05
   3.8902744e+05
   1.9511699e+05
   4.1183851e+05
   4.1461662e+05
   1.7865492e+05
   3.8128954e+05
   1.9786886e+05
   4.1734629e+05
   3.6773173e+05
   4.3240820e+05
   4.9270554e+05
   4.8845123e+05
   3.1484384e+05
   4.9818567e+05
   4.8556139e+04
   4.7456672e+05
   1.6290340e+05
   2.3249032e+05
   4.3312000e+05
   4.6538459e+05
   3.2415047e+05
   3.5094284e+05
   2.7004226e+05
   4.5266044e+04
   5.4774107e+04
   4.6617759e+05
   4.5918277e+05
   2.2124400e+05
   4.8725236e+05
   1.6989802e+05
   4.0818902e+05
   3.8844287e+05
   4.9251510e+05
   3.2292203e+05
   3.1382625e+05
   1.7152005e+05
   4.8581713e+05
   2.1693917e+05
   6.9509927e+04
   3.4346674e+05
   1.3838448e+05
   2.8225789e+05
   2.0858134e+05
   1.5509380e+05
   4.0364448e+05
   3.5670276e+05
   3.3186812e+05
   2.8952528e+05
   3.2597926e+05
   1.0386175e+05
   3.1993990e+05
   1.0019272e+05
   3.0059009e+05
   3.2940119e+04
   2.2017378e+05
   3.2286877e+05
   3.6294968e+05
   2.2319836e+05
   3.0845436e+05
   1.5111690e+05
   9.9429722e+04
   4.1224398e+05
   1.5538170e+05
   3.5909849e+05
   3.7864957e+05
   1.9391545e+05
   1.1929446e+05
   1.9976904e+05
   3.2181568e+05
   2.8289819e+05
   3.1184868e+05
   4.7953313e+05
   2.4637795e+05
   4.6240253e+05
   3.0851137e+05
   1.7071969e+05
   3.4271923e+05
   3.9946102e+05
   4.2601629e+05
   1.0211650e+05
   9.1512662e+04
   1.0699986e+05
   3.5644315e+05
   4.8374007e+05
   3.4875417e+05
   2.6841737e+05
   4.5647550e+05
   6.6284994e+04
   1.0178510e+05
   1.5935094e+05
   1.1014127e+05
   5.8291098e+04
   1.9874496e+05
   9.5059085e+04
   4.0294153e+05
   3.4316805e+05
   4.4827582e+05
   3.3810807e+05
   2.2097799e+05
   1.0883865e+05
   4.9058020e+05
   3.7698538e+05
   2.0346065e+05
   1.8823019e+05
   2.1057838e+05
   3.1988868e+05
   2.2845884e+05
   4.5809658e+04
   1.9659150e+05
   9.6716371e+04
   4.2944742e+05
   2.5909944e+05
   1.5135991e+05
   4.9951105e+05
   9.0633323e+04
   8.5659605e+04
   2.3565791e+05
   3.8840322e+04
   4.6284042e+05
   1.8647263e+05
   3.1399311e+04
   6.3790229e+04
   1.9926421e+05
   3.9760646e+05
   3.5118799e+05
   2.6729424e+05
   7.7146454e+04
   3.5077087e+05
   2.1951913e+05
   2.4559979e+05
   3.1949241e+05
   4.9560844e+05
   1.0634170e+05
   2.2063457e+05
   2.9286891e+05
   4.1586795e+05
   3.1023428e+05
   3.2450071e+05
   2.0234305e+05
   3.7159722e+05
   4.4043628e+05
   3.9981469e+05
   1.9450571e+05
   4.7594654e+05
   3.1290621e+05
   3.5596088e+05
   4.1524107e+05
   4.1468390e+05
   3.2660661e+05
   4.2606319e+04
   1.8619461e+05
   4.5423665e+05
   8.4471498e+04
   3.6634723e+05
   4.2050888e+05
   2.6138795e+05
   1.8132175e+05
   1.8037223e+05
   2.2196831e+05
   3.0399018e+05
   4.4541748e+04
   4.2234455e+04
   4.8314441e+05
   1.0389397e+05
   3.9786432e+05
   2.1493035e+05
   2.5286894e+05
   2.1403597e+05
   9.3904013e+04
   1.1669664e+05
   3.5965860e+05
   4.7547052e+05
   1.6466393e+05
   3.8192527e+04
   4.8229019e+05
   8.6733354e+04
   1.2343152e+05
   3.3436423e+05
   1.0549210e+05
   3.5249724e+05
   7.4107178e+04
   4.2206413e+04
   1.1996698e+05
   3.2940758e+05
   8.7989085e+04
   8.0661282e+04
   4.8103051e+05
   3.8840772e+05
   4.0484707e+05
   4.5102785e+05
   9.7565902e+04
   7.6685022e+04
   3.4798665e+04
   3.1266585e+05
   2.2964458e+05
   2.0997337e+05
   1.0252638e+05
   1.9461985e+05
   9.5220538e+04
   1.4001048e+05
   4.7513128e+05
   2.6391415e+05
   1.5933631e+05
   1.1211093e+05
   3.3929595e+05
   4.6458194e+05
   3.8670617e+05
   3.9793711e+05
   2.3769511e+05
   4.6305320e+05
   2.2110059e+05
   1.7415584e+05
   3.6849173e+05
   1.0070734e+05
   8.8310060e+04
   2.9684954e+05
   2.1205070e+05
   1.8296320e+05
   3.2322530e+05
   3.0336763e+04
   2.5661469e+05
   4.9779468e+05
   3.4875380e+05
   3.9764732e+05
   6.5488153e+04
   2.2940578e+05
   1.7006978e+05
   4.8226219e+04
   2.1941083e+05
   4.0439019e+05
   2.2230753e+05
   2.3689468e+05
   2.0021028e+05
   7.6707660e+04
   3.4407632e+05
   2.1816762e+05
   2.1182271e+05
   2.7729723e+05
   2.5484098e+05
   2.1498466e+05
   2.8368976e+05
   3.1162901e+05
   2.2084374e+05
   4.9762724e+04
   6.0097630e+04
   3.4143962e+05
   2.0023371e+05
   2.7855573e+05
   1.8690226e+05
   3.8716121e+05
   4.3638543e+05
   1.2588977e+05
   1.4485113e+05
   3.8547995e+04
   2.9932360e+05
   3.8322494e+05
   2.9962717e+05
   4.4174783e+05
   3.7683175e+05
   2.8644544e+05
   4.2094299e+05
   8.7950183e+04
   4.0260048e+04
   2.8190166e+05
   8.9894931e+04
   1.1528985e+05
   1.6248949e+05
   3.4013855e+05
   2.6814106e+05
   2.2029999e+05
   4.3394679e+05
   3.8484142e+05
   1.3540224e+05
   3.7211830e+05
   3.6195366e+05
   3.7837207e+05
   2.5236497e+05
   2.4889257e+05
   3.8733804e+05
   1.0050922e+05
   4.7707477e+05
   4.3417290e+05
   2.9176654e+05
   6.3980254e+04
   1.9548518e+05
   4.9997875e+05
   5.8921245e+04
   2.6311676e+05
   4.7990392e+05
   8.7333309e+04
   6.2583734e+04
   3.8380088e+05
   4.9589596e+05
   2.4175851e+05
   3.8822237e+05
   2.1043115e+05
   2.2826947e+05
   1.2928958e+05
   1.6875943e+05
   3.5974008e+05
   6.1957315e+04
   6.0144807e+04
   4.9848537e+05
   1.0601630e+05
   4.3064269e+05
   4.1182916e+05
   3.4965759e+05
   3.0191267e+05
   2.4217271e+05
   4.7622876e+05
   1.0161167e+05
   1.1006076e+05
   3.7078389e+05
   2.6456002e+05
   1.3730946e+05
   3.0523730e+05
   9.0377677e+04
   7.9636453e+04
   2.4964584e+05
   3.6025931e+05
   3.8010490e+04
   3.9419698e+05
   2.6663078e+05
   3.7890911e+05
   3.3544265e+05
   3.8763901e+04
   4.8896989e+05
   3.3087692e+05
   2.0238644e+05
   1.0367876e+05
   2.0207426e+05
   2.9174289e+05
   1.5529351e+05
   6.1829472e+04
   3.5486252e+05
   1.2985613e+05
   1.9256218e+05
   1.3966905e+05
   4.4364554e+04
   3.7891585e+05
   4.6387023e+05
   2.8136543e+05
   1.1446011e+05
   3.1339855e+05
   6.7267714e+04
   8.2995712e+04
   2.8921543e+05
   4.6436372e+05
   2.7058718e+05
   2.0656512e+05
   9.5544486e+04
   1.4948137e+05
   1.1443249e+05
   2.1030131e+05
   8.9654885e+04
   2.4047426e+05
   3.1179949e+05
   3.6928548e+05
   4.6992207e+05
   2.5260188e+05
   9.0291372e+04
   3.5409011e+05
   4.7300517e+05
   3.0329044e+04
   4.7235226e+05
   1.0611631e+05
   1.6395496e+05
   1.6550310e+05
   4.8678423e+05
   2.3946888e+05
   2.6862126e+05
   7.0761359e+04
   3.3202601e+05
   4.1453696e+05
   7.4676520e+04
   4.9015075e+05
   1.6731394e+05
   3.5494577e+05
   3.7585826e+05
   4.8267432e+05
   4.4675071e+05
   3.0195790e+05
   9.6014724e+04
   2.5216611e+05
   3.2156328e+05
   3.2652606e+04
   3.7018065e+05
   1.7664807e+05
   1.8341628e+05
   3.2990661e+05
   2.5306056e+05
   2.7762419e+05
   3.3149665e+05
   3.2301071e+05
   1.4845364e+05
   2.1019622e+05
   4.4268497e+05
   2.7223791e+05
   3.2032631e+05
   3.5380958e+05
   1.1757979e+05
   1.6532413e+05
   1.3499095e+05
   4.6283591e+04
   4.4251218e+05
   3.3514587e+05
   1.8165809e+05
   1.1904326e+05
   4.4752800e+05
   4.8386217e+05
   6.3543830e+04
   2.0368005e+05
   3.1133864e+05
   4.0419289e+05
   3.7775657e+05
   8.7992257e+04
   7.2635026e+04
   1.5891705e+05
   3.3425111e+05
   1.8017679e+05
   3.5547865e+05
   2.6917524e+05
   2.9493732e+05
   3.9813250e+05
   1.6198568e+05
   1.5534618e+05
   4.9607302e+05
   3.9787772e+05
   3.2902061e+05
   3.7427477e+05
   2.2015740e+05
   2.1307907e+05
   4.5991229e+05
   3.0887148e+05
   2.7179544e+05
   7.8184142e+04
   3.9051174e+05
   1.4924057e+05
   8.4668627e+04
   3.8134225e+05
   1.8778246e+05
   3.2817853e+05
   3.7549763e+05
   3.4450928e+05
   1.8144874e+05
   1.7481401e+05
   4.8577839e+05
   3.6331258e+05
   3.4561742e+05
   2.5380396e+05
   2.0002492e+05
   5.2370667e+04
   1.6318364e+05
   5.6241314e+04
   4.7998562e+05
   1.2364504e+05
   4.1639462e+05
   4.1641244e+05
   3.4353462e+05
   8.8725721e+04
   1.3514445e+05
   1.7838807e+05
   4.0455500e+05
   5.7617952e+04
   2.9818988e+05
   1.4571827e+05
   4.7194358e+05
   3.9028785e+05
   2.7280137e+05
   4.5924127e+05
   2.2074290e+05
   1.2159319e+05
   3.8843002e+05
   3.7465640e+05
   3.5923213e+05
   1.2971070e+05
   3.0403381e+05
   4.4496140e+05
   3.7675362e+05
   4.4648353e+05
   1.7508405e+05
   4.4449277e+05
   1.2093610e+05
   4.3470731e+05
   1.5313723e+05
   4.1228815e+05
   3.7176900e+05
   6.7272648e+04
   4.6698126e+05
   7.2447977e+04
   4.3852195e+05
   3.0645698e+05
   1.6646979e+05
   2.8409307e+05
   2.8401590e+05
   2.1123361e+05
   2.7075724e+05
   1.6416037e+05
   4.8320317e+05
   2.0256392e+05
   4.6463432e+04
   1.3107145e+05
   1.3391786e+05
   4.0469608e+05
   3.5873549e+05
   7.9777700e+04
   2.6845082e+05
   2.9941015e+05
   4.4861401e+04
   2.6185086e+05
   3.0895257e+05
   4.7136243e+05
   2.4596766e+05
   3.5307017e+05
   2.8235368e+05
   3.5725573e+05
   2.7920761e+05
   2.7498908e+05
   4.9380738e+05
   3.6523398e+05
   4.5262357e+05
   4.2012129e+05
   4.8251381e+05
   4.6687810e+05
   1.2009867e+05
   4.6193001e+05
   1.8929209e+05
   2.8519402e+05
   1.9736070e+05
   4.1647118e+05
   3.3101193e+05
   3.0626426e+05
   4.0314878e+05
   3.6970784e+05
   2.8490596e+05
   2.3472306e+05
   1.5073119e+05
   2.7033358e+05
   4.0543709e+05
   3.2191333e+05
   2.5532973e+05
   4.1179022e+04
   4.8341310e+05
   4.4842152e+05
   7.7584434e+04
   1.9028344e+05
   1.6936983e+05
   5.7853234e+04
   3.7554884e+05
   5.3860832e+04
   3.8052009e+04
   1.8575401e+05
   3.4373237e+04
   1.4454104e+05
   2.9694485e+05
   2.8582787e+05
   2.6324875e+05
   1.7989453e+05
   3.5534046e+05
   2.6451680e+05
   3.7734707e+05
   4.3151523e+05
   4.0519832e+05
   4.4520798e+05
   4.5272641e+05
   7.4568767e+04
   1.5362526e+05
   3.2643607e+05
   1.9713529e+05
   3.4453136e+05
   1.1711295e+05
   1.4842588e+05
   2.6956242e+05
   8.7790951e+04
   4.3600408e+05
   2.9057034e+05
   8.4378658e+04
   1.0389994e+05
   7.9138922e+04
   1.2005525e+05
   2.3335777e+05
   1.6880236e+05
   1.2214747e+05
   2.4663181e+05
   9.9123540e+04
   5.0258501e+04
   4.6911276e+05
   4.4953824e+05
   4.0749543e+05
   3.4951199e+05
   2.0588869e+05
   3.8128788e+05
   4.8751067e+05
   3.5507263e+05
   2.7731169e+05
   4.2805253e+04
   3.6072521e+05
   4.7866098e+05
   2.4178655e+05
   2.5753997e+05
   4.7918162e+05
   1.2016143e+05
   1.1255814e+05
   2.8455290e+05
   5.8819378e+04
   1.8606560e+05
   3.7478951e+05
   3.5115230e+05
   3.2959409e+05
   5.7495599e+04
   4.3679189e+05
   2.5507548e+05
   3.5535707e+05
   2.9317008e+05
   1.3667390e+05
   4.0667549e+05
   1.1116387e+05
   1.4012405e+05
   1.5868382e+05
   3.8370175e+04
   1.6964510e+05
   3.5625461e+05
   2.4802120e+05
   1.8723911e+05
   2.8938147e+05
   3.6850600e+05
   4.5701256e+05
   3.2696580e+05
   1.3262350e+05
   4.9916231e+04
   1.9638012e+05
   6.5103831e+04
   2.9542835e+05
   2.6243811e+05
   3.8377680e+05
   1.0879232e+05
   3.9190615e+05
   5.9437916e+04
   1.8247841e+05
   2.0011411e+05
   2.5807310e+05
   7.4742873e+04
   2.1483856e+05
   1.9468907e+05
   6.6719658e+04
   6.2506898e+04
   2.7091181e+05
   1.2544908e+05
   3.6915245e+04
   1.7170987e+05
   2.8112623e+05
   1.0715893e+05
   1.1300446e+05
   1.7385463e+05
   4.3839839e+04
   3.0377729e+05
   6.4168779e+04
   1.6866014e+05
   3.1683934e+05
   2.8783932e+05
   1.6666608e+05
   2.3068083e+05
   4.9831754e+05
   3.2708130e+04
   4.8425093e+05
   5.2278060e+04
   2.3539809e+05
   4.8497300e+05
   4.0413900e+05
   2.1503286e+05
   3.2395136e+05
   5.5248118e+04
   2.3797004e+05
   7.3826583e+04
   3.3857977e+05
   9.2798862e+04
   1.5454037e+05
   1.7862045e+05
   4.5689685e+04
   2.2851831e+05
   2.9515572e+05
   1.6821613e+05
   1.4486434e+05
   2.4919730e+05
   4.0108748e+05
   3.0825303e+05
   3.1958124e+04
   1.3504533e+05
   1.8559493e+05
   4.8729642e+05
   2.2843012e+05
   4.3169704e+05
   2.3177429e+05
   2.6278169e+05
   3.7581910e+04
   1.7634859e+05
   4.1688353e+05
   2.1884770e+05
   1.4804188e+05
   3.8542547e+04
   4.5285701e+05
   3.0763325e+05
   2.9216325e+05
   4.3610205e+05
   2.1121630e+05
   2.9813855e+05
   1.7193899e+05
   1.4692134e+05
   4.9798104e+05
   1.4339953e+05
   3.5416372e+05
   4.7457048e+04
   1.6908568e+05
   4.5615197e+05
   1.4415276e+05
   2.4282113e+05
   4.6816806e+05
   4.4554199e+05
   3.7745224e+05
   9.2128588e+04
   1.6803758e+05
   1.8479130e+05
   7.9296637e+04
   4.5487604e+05
   1.5274983e+05
   3.0654906e+05
   5.5731084e+04
   4.8275823e+05
   2.9039144e+05
   2.4417288e+05
   4.5634633e+05
   1.4087861e+05
   3.3976573e+05
   4.6415706e+05
   2.8198737e+05
   1.4239455e+05
   3.5279859e+05
   3.7127648e+05
   1.5666441e+05
   5.1974704e+04
   1.4897058e+05
   1.1443016e+05
   3.9793110e+05
   5.3491531e+04
   8.5119580e+04
   3.4730833e+05
   6.4278586e+04
   3.0529233e+05
   3.6110904e+05
   3.3293522e+05
   4.8463603e+05
   7.2361565e+04
   1.7611496e+05
   2.2930826e+05
   3.2092754e+05
   1.5380123e+05
   1.1536380e+05
   1.5440697e+05
   4.2607195e+05
   1.0863879e+05
   6.2327788e+04
   4.5752483e+05
   3.4218122e+05
   9.5596736e+04
   2.7542108e+05
   2.5633649e+05
   2.5251847e+05
   4.5751891e+05
   2.0631710e+05
   3.7748401e+05
   1.4141088e+05
   1.3472685e+05
   1.1246907e+05
   2.4727189e+05
   3.6650939e+05
   8.1788570e+04
   3.6574135e+05
   3.6924492e+05
   3.7490966e+04
   3.9787664e+05
   2.5161273e+05
   2.4422133e+05
   2.9425428e+05
   2.6326059e+05
   2.3172188e+05
   4.4049569e+04
   2.1062883e+05
   1.8485916e+05
   1.9021920e+05
   2.5769390e+05
   2.4445727e+05
   3.7110628e+05
   1.2683645e+05
   2.8551128e+05
   3.6266475e+05
   1.4735914e+05
   3.5822624e+05
   3.1530174e+05
   3.0335404e+04
   2.5550174e+05
   1.1133776e+05
   1.7237253e+05
   4.8811365e+05
   4.8514989e+05
   3.7990071e+05
   5.9604620e+04
   1.3375353e+05
   4.5633824e+05
   4.7734676e+05
   4.1046964e+05
   1.9472113e+05
   3.2090294e+05
   9.7405128e+04
   4.8026637e+05
   3.4006996e+05
   4.3178958e+05
   4.5386334e+05
   2.9820656e+05
   7.3100586e+04
   3.1781958e+05
   2.9491295e+05
   4.2450397e+05
   1.8700660e+05
   4.8465080e+05
   9.2540690e+04
   2.4417350e+05
   1.7589498e+05
   2.5367949e+05
   6.6412978e+04
   1.4237590e+05
   2.5103826e+05
   3.0751662e+05
   1.1539804e+05
   1.7385823e+05
   2.9341941e+05
   3.7398950e+05
   2.1919504e+05
   1.4649200e+05
   3.1078518e+05
   1.0399848e+05
   3.2541485e+05
   1.2846690e+05
   1.0524852e+05
   1.1716476e+05
   3.5728856e+05
   4.6405572e+05
   2.0791478e+05
   3.8749826e+05
   1.3674904e+05
   2.7721842e+05
   2.2227320e+05
   2.7690723e+05
   3.2893947e+05
   1.1040069e+05
   3.8222109e+05
   5.4236360e+04
   1.4028019e+05
   5.7629661e+04
   1.6903451e+05
   4.4538509e+05
   4.6979342e+05
   2.7328896e+05
   4.1995639e+05
   9.8908680e+04
   4.8952323e+05
   4.9689065e+05
   3.2911901e+05
   8.7546506e+04
   2.0489817e+05
   2.2733297e+05
   4.9974504e+05
   1.9288774e+05
   8.2477997e+04
   3.7494582e+05
   3.8887467e+05
   2.4962912e+05
   1.7531199e+05
   3.0365554e+05
   2.9443538e+05
   8.2710513e+04
   2.5701200e+05
   4.4199902e+05
   1.8343416e+05
   4.9844833e+05
   6.5827194e+04
   2.6862909e+05
   3.3783347e+05
   4.0893961e+05
   3.7918003e+05
   1.1512304e+05
   4.4499737e+05
   4.3508979e+05
   2.2213096e+05
   2.3639263e+05
   4.0534732e+05
   2.7503751e+05
   1.6078720e+05
   1.3931169e+05
   4.7418385e+05
   1.4905137e+05
   2.3112318e+05
   2.2160332e+05
   2.2014003e+05
   1.3257413e+05
   4.4119292e+05
   2.6292482e+05
   4.7183108e+05
   4.7742921e+05
   3.6561003e+05
   2.6399423e+05
   1.7250155e+05
   2.3552810e+05
   1.3658277e+05
   4.6074673e+05
   4.2370420e+05
   1.0071184e+05
   5.1831658e+04
   3.3124397e+05
   3.4564859e+05
   4.7381455e+05
   2.6963659e+05
   8.0156686e+04
   3.8916641e+05
   4.6307188e+05
   3.3864593e+05
   3.7927316e+05
   1.1768047e+05
   8.6139157e+04
   3.0603213e+05
   8.3559790e+04
   3.4938906e+05
   6.9811389e+04
   3.1252601e+05
   6.7577090e+04
   2.3983843e+05
   3.1943739e+05
   3.6970719e+05
   3.2084929e+05
   3.6934576e+05
   1.3059047e+05
   2.4266090e+05
   3.4573480e+05
   6.0565391e+04
   3.4444007e+04
   7.0364529e+04
   2.7416220e+05
   2.1009420e+05
   3.7731926e+05
   4.7719570e+05
   2.3119876e+05
   1.4688867e+05
   3.0005301e+05
   1.0802110e+05
   4.2667067e+05
   4.0767373e+05
   2.7164570e+05
   7.9591415e+04
   2.2121620e+05
   1.2392894e+05
   4.6277822e+05
   2.3012250e+05
   3.9163544e+05
   1.9153395e+05
   3.4839614e+05
   2.0320272e+05
   1.7236070e+05
   6.7788013e+04
   2.8641780e+05
   2.3817979e+05
   4.9250002e+05
   1.7294277e+05
   8.8610639e+04
   1.9607780e+05
   1.6491429e+05
   1.7739323e+05
   1.0247910e+05
   4.1153385e+05
   5.7831177e+04
   3.5096258e+05
   4.8469868e+05
   4.7559005e+05
   4.4816444e+05
   1.7592180e+05
   3.4300885e+05
   2.7077981e+05
   3.4415207e+05
   3.8629455e+04
   2.2400234e+05
   4.3540553e+05
   2.1426679e+05
   2.9880368e+05
   3.0967985e+05
   3.7114570e+05
   4.0908214e+05
   3.5000828e+05
   4.5370076e+05
   1.1940492e+05
   1.3967861e+05
   1.5363769e+05
   1.9767366e+05
   3.8902744e+05
   1.9511699e+05
   4.1183851e+05
   4.1461662e+05
   1.7865492e+05
   3.8128954e+05
   1.9786886e+05
   4.1734629e+05
   3.6773173e+05
   4.3240820e+05
   4.9270554e+05
   4.8845123e+05
   3.1484384e+05
   4.9818567e+05
   4.8556139e+04
   4.7456672e+05
   1.6290340e+05
   2.3249032e+05
   4.3312000e+05
   4.6538459e+05
   3.2415047e+05
   3.5094284e+05
   2.7004226e+05
   4.5266044e+04
   5.4774107e+04
   4.6617759e+05
   4.5918277e+05
   2.2124400e+05
   4.8725236e+05
   1.6989802e+05
   4.0818902e+05
   3.8844287e+05
   4.9251510e+05
   3.2292203e+05
   3.1382625e+05
   1.7152005e+05
   4.8581713e+05
   2.1693917e+05
   6.9509927e+04
   3.4346674e+05
   1.3838448e+05
   2.8225789e+05
   2.0858134e+05
   1.5509380e+05
   4.0364448e+05
   3.5670276e+05
   3.3186812e+05
   2.8952528e+05
   3.2597926e+05
   1.0386175e+05
   3.1993990e+05
   1.0019272e+05
   3.0059009e+05
   3.2940119e+04
   2.2017378e+05
   3.2286877e+05
   3.6294968e+05
   2.2319836e+05
   3.0845436e+05
   1.5111690e+05
   9.9429722e+04
   4.1224398e+05
   1.5538170e+05
   3.5909849e+05
   3.7864957e+05
   1.9391545e+05
   1.1929446e+05
   1.9976904e+05
   3.2181568e+05
   2.8289819e+05
   3.1184868e+05
   4.7953313e+05
   2.4637795e+05
   4.6240253e+05
   3.0851137e+05
   1.7071969e+05
   3.4271923e+05
   3.9946102e+05
   4.2601629e+05
   1.0211650e+05
   9.1512662e+04
   1.0699986e+05
   3.5644315e+05
   4.8374007e+05
   3.4875417e+05
   2.6841737e+05
   4.5647550e+05
   6.6284994e+04
   1.0178510e+05
   1.5935094e+05
   1.1014127e+05
   5.8291098e+04
   1.9874496e+05
   9.5059085e+04
   4.0294153e+05
   3.4316805e+05
   4.4827582e+05
   3.3810807e+05
   2.2097799e+05
   1.0883865e+05
   4.9058020e+05
   3.7698538e+05
   2.0346065e+05
   1.8823019e+05
   2.1057838e+05
   3.1988868e+05
   2.2845884e+05
   4.5809658e+04
   1.9659150e+05
   9.6716371e+04
   4.2944742e+05
   2.5909944e+05
   1.5135991e+05
   4.9951105e+05
   9.0633323e+04
   8.5659605e+04
   2.3565791e+05
   3.8840322e+04
   4.6284042e+05
   1.8647263e+05
   3.1399311e+04
   6.3790229e+04
   1.9926421e+05
   3.9760646e+05
   3.5118799e+05
   2.6729424e+05
   7.7146454e+04
   3.5077087e+05
   2.1951913e+05
   2.4559979e+05
   3.1949241e+05
   4.9560844e+05
   1.0634170e+05
   2.2063457e+05
   2.9286891e+05
   4.1586795e+05
   3.1023428e+05
   3.2450071e+05
   2.0234305e+05
   3.7159722e+05
   4.4043628e+05
   3.9981469e+05
   1.9450571e+05
   4.7594654e+05
   3.1290621e+05
   3.5596088e+05
   4.1524107e+05
   4.1468390e+05
   3.2660661e+05
   4.2606319e+04
   1.8619461e+05
   4.5423665e+05
   8.4471498e+04
   3.6634723e+05
   4.2050888e+05
   2.6138795e+05
   1.8132175e+05
   1.8037223e+05
   2.2196831e+05
   3.0399018e+05
   4.4541748e+04
   4.2234455e+04
   4.8314441e+05
   1.0389397e+05
   3.9786432e+05
   2.1493035e+05
   2.5286894e+05
   2.1403597e+05
   9.3904013e+04
   1.1669664e+05
   3.5965860e+05
   4.7547052e+05
   1.6466393e+05
   3.8192527e+04
   4.8229019e+05
   8.6733354e+04
   1.2343152e+05
   3.3436423e+05
   1.0549210e+05
   3.5249724e+05
   7.4107178e+04
   4.2206413e+04
   1.1996698e+05
   3.2940758e+05
   8.7989085e+04
   8.0661282e+04
   4.8103051e+05
   3.8840772e+05
   4.0484707e+05
   4.5102785e+05
   9.7565902e+04
   7.6685022e+04
   3.4798665e+04
   3.1266585e+05
   2.2964458e+05
   2.0997337e+05
   1.0252638e+05
   1.9461985e+05
   9.5220538e+04
   1.4001048e+05
   4.7513128e+05
   2.6391415e+05
   1.5933631e+05
   1.1211093e+05
   3.3929595e+05
   4.6458194e+05
   3.8670617e+05
   3.9793711e+05
   2.3769511e+05
   4.6305320e+05
   2.2110059e+05
   1.7415584e+05
   3.6849173e+05
   1.0070734e+05
   8.8310060e+04
   2.9684954e+05
   2.1205070e+05
   1.8296320e+05
   3.2322530e+05
   3.0336763e+04
   2.5661469e+05
   4.9779468e+05
   3.4875380e+05
   3.9764732e+05
   6.5488153e+04
   2.2940578e+05
   1.7006978e+05
   4.8226219e+04
   2.1941083e+05
   4.0439019e+05
   2.2230753e+05
   2.3689468e+05
   2.0021028e+05
   7.6707660e+04
   3.4407632e+05
   2.1816762e+05
   2.1182271e+05
   2.7729723e+05
   2.5484098e+05
   2.1498466e+05
   2.8368976e+05
   3.1162901e+05
   2.2084374e+05
   4.9762724e+04
   6.0097630e+04
   3.4143962e+05
   2.0023371e+05
   2.7855573e+05
   1.8690226e+05
   3.8716121e+05
   4.3638543e+05
   1.2588977e+05
   1.4485113e+05
   3.8547995e+04
   2.9932360e+05
   3.8322494e+05
   2.9962717e+05
   4.4174783e+05
   3.7683175e+05
   2.8644544e+05
   4.2094299e+05
   8.7950183e+04
   4.0260048e+04
   2.8190166e+05
   8.9894931e+04
   1.1528985e+05
   1.6248949e+05
   3.4013855e+05
   2.6814106e+05
   2.2029999e+05
   4.3394679e+05
   3.8484142e+05
   1.3540224e+05
   3.7211830e+05
   3.6195366e+05
   3.7837207e+05
   2.5236497e+05
   2.4889257e+05
   3.8733804e+05
   1.0050922e+05
   4.7707477e+05
   4.3417290e+05
   2.9176654e+05
   6.3980254e+04
   1.9548518e+05
   4.9997875e+05
   5.8921245e+04
   2.6311676e+05
   4.7990392e+05
   8.7333309e+04
   6.2583734e+04
   3.8380088e+05
   4.9589596e+05
   2.4175851e+05
   3.8822237e+05
   2.1043115e+05
   2.2826947e+05
   1.2928958e+05
   1.6875943e+05
   3.5974008e+05
   6.1957315e+04
   6.0144807e+04
   4.9848537e+05
   1.0601630e+05
   4.3064269e+05
   4.1182916e+05
   3.4965759e+05
   3.0191267e+05
   2.4217271e+05
   4.7622876e+05
   1.0161167e+05
   1.1006076e+05
   3.7078389e+05
   2.6456002e+05
   1.3730946e+05
   3.0523730e+05
   9.0377677e+04
   7.9636453e+04
   2.4964584e+05
   3.6025931e+05
   3.8010490e+04
   3.9419698e+05
   2.6663078e+05
   3.7890911e+05
   3.3544265e+05
   3.8763901e+04
   4.8896989e+05
   3.3087692e+05
   2.0238644e+05
   1.0367876e+05
   2.0207426e+05
   2.9174289e+05
   1.5529351e+05
   6.1829472e+04
   3.5486252e+05
   1.2985613e+05
   1.9256218e+05
   1.3966905e+05
   4.4364554e+04
   3.7891585e+05
   4.6387023e+05
   2.8136543e+05
   1.1446011e+05
   3.1339855e+05
   6.7267714e+04
   8.2995712e+04
   2.8921543e+05
   4.6436372e+05
   2.7058718e+05
   2.0656512e+05
   9.5544486e+04
   1.4948137e+05
   1.1443249e+05
   2.1030131e+05
   8.9654885e+04
   2.4047426e+05
   3.1179949e+05
   3.6928548e+05
   4.6992207e+05
   2.5260188e+05
   9.0291372e+04
   3.5409011e+05
   4.7300517e+05
   3.0329044e+04
   4.7235226e+05
   1.0611631e+05
   1.6395496e+05
   1.6550310e+05
   4.8678423e+05
   2.3946888e+05
   2.6862126e+05
   7.0761359e+04
   3.3202601e+05
   4.1453696e+05
   7.4676520e+04
   4.9015075e+05
   1.6731394e+05
   3.5494577e+05
   3.7585826e+05
   4.8267432e+05
   4.4675071e+05
   3.0195790e+05
   9.6014724e+04
   2.5216611e+05
   3.2156328e+05
   3.2652606e+04
   3.7018065e+05
   1.7664807e+05
   1.8341628e+05
   3.2990661e+05
   2.5306056e+05
   2.7762419e+05
   3.3149665e+05
   3.2301071e+05
   1.4845364e+05
   2.1019622e+05
   4.4268497e+05
   2.7223791e+05
   3.2032631e+05
   3.5380958e+05
   1.1757979e+05
   1.6532413e+05
   1.3499095e+05
   4.6283591e+04
   4.4251218e+05
   3.3514587e+05
   1.8165809e+05
   1.1904326e+05
   4.4752800e+05
   4.8386217e+05
   6.3543830e+04
   2.0368005e+05
   3.1133864e+05
   4.0419289e+05
   3.7775657e+05
   8.7992257e+04
   7.2635026e+04
   1.5891705e+05
   3.3425111e+05
   1.8017679e+05
   3.5547865e+05
   2.6917524e+05
   2.9493732e+05
   3.9813250e+05
   1.6198568e+05
   1.5534618e+05
   4.9607302e+05
   3.9787772e+05
   3.2902061e+05
   3.7427477e+05
   2.2015740e+05
   2.1307907e+05
   4.5991229e+05
   3.0887148e+05
   2.7179544e+05
   7.8184142e+04
   3.9051174e+05
   1.4924057e+05
   8.4668627e+04
   3.8134225e+05
   1.8778246e+05
   3.2817853e+05
   3.7549763e+05
   3.4450928e+05
   1.8144874e+05
   1.7481401e+05
   4.8577839e+05
   3.6331258e+05
   3.4561742e+05
   2.5380396e+05
   2.0002492e+05
   5.2370667e+04
   1.6318364e+05
   5.6241314e+04
   4.7998562e+05
   1.2364504e+05
   4.1639462e+05
   4.1641244e+05
   3.4353462e+05
   8.8725721e+04
   1.3514445e+05
   1.7838807e+05
   4.0455500e+05
   5.7617952e+04
   2.9818988e+05
   1.4571827e+05
   4.7194358e+05
   3.9028785e+05
   2.7280137e+05
   4.5924127e+05
   2.2074290e+05
   1.2159319e+05
   3.8843002e+05
   3.7465640e+05
   3.5923213e+05
   1.2971070e+05
   3.0403381e+05
   4.4496140e+05
   3.7675362e+05
   4.4648353e+05
   1.7508405e+05
   4.4449277e+05
   1.2093610e+05
   4.3470731e+05
   1.5313723e+05
   4.1228815e+05
   3.7176900e+05
   6.7272648e+04
   4.6698126e+05
   7.2447977e+04
   4.3852195e+05
   3.0645698e+05
   1.6646979e+05
   2.8409307e+05
   2.8401590e+05
   2.1123361e+05
   2.7075724e+05
   1.6416037e+05
   4.8320317e+05
   2.0256392e+05
   4.6463432e+04
   1.3107145e+05
   1.3391786e+05
   4.0469608e+05
   3.5873549e+05
   7.9777700e+04
   2.6845082e+05
   2.9941015e+05
   4.4861401e+04
   2.6185086e+05
   3.0895257e+05
   4.7136243e+05
   2.4596766e+05
   3.5307017e+05
   2.8235368e+05
   3.5725573e+05
   2.7920761e+05
   2.7498908e+05
   4.9380738e+05
   3.6523398e+05
   4.5262357e+05
   4.2012129e+05
   4.8251381e+05
   4.6687810e+05
   1.2009867e+05
   4.6193001e+05
   1.8929209e+05
   2.8519402e+05
   1.9736070e+05
   4.1647118e+05
   3.3101193e+05
   3.0626426e+05
   4.0314878e+05
   3.6970784e+05
   2.8490596e+05
   2.3472306e+05
   1.5073119e+05
   2.7033358e+05
   4.0543709e+05
   3.2191333e+05
   2.5532973e+05
   4.1179022e+04
   4.8341310e+05
   4.4842152e+05
   7.7584434e+04
   1.9028344e+05
   1.6936983e+05
   5.7853234e+04
   3.7554884e+05
   5.3860832e+04
   3.8052009e+04
   1.8575401e+05
   3.4373237e+04
   1.4454104e+05
   2.9694485e+05
   2.8582787e+05
   2.6324875e+05
   1.7989453e+05
   3.5534046e+05
   2.6451680e+05
   3.7734707e+05
   4.3151523e+05
   4.0519832e+05
   4.4520798e+05
   4.5272641e+05
   7.4568767e+04
   1.5362526e+05
   3.2643607e+05
   1.9713529e+05
   3.4453136e+05
   1.1711295e+05
   1.4842588e+05
   2.6956242e+05
   8.7790951e+04
   4.3600408e+05
   2.9057034e+05
   8.4378658e+04
   1.0389994e+05
   7.9138922e+04
   1.2005525e+05
   2.3335777e+05
   1.6880236e+05
   1.2214747e+05
   2.4663181e+05
   9.9123540e+04
   5.0258501e+04
   4.6911276e+05
   4.4953824e+05
   4.0749543e+05
   3.4951199e+05
   2.0588869e+05
   3.8128788e+05
   4.8751067e+05
   3.5507263e+05
   2.7731169e+05
   4.2805253e+04
   3.6072521e+05
   4.7866098e+05
   2.4178655e+05
   2.5753997e+05
   4.7918162e+05
   1.2016143e+05
   1.1255814e+05
   2.8455290e+05
   5.8819378e+04
   1.8606560e+05
   3.7478951e+05
   3.5115230e+05
   3.2959409e+05
   5.7495599e+04
   4.3679189e+05
   2.5507548e+05
   3.5535707e+05
   2.9317008e+05
   1.3667390e+05
   4.0667549e+05
   1.1116387e+05
   1.4012405e+05
   1.5868382e+05
   3.8370175e+04
   1.6964510e+05
   3.5625461e+05
   2.4802120e+05
   1.8723911e+05
   2.8938147e+05
   3.6850600e+05
   4.5701256e+05
   3.2696580e+05
   1.3262350e+05
   4.9916231e+04
   1.9638012e+05
   6.5103831e+04
   2.9542835e+05
   2.6243811e+05
   3.8377680e+05
   1.0879232e+05
   3.9190615e+05
   5.9437916e+04
   1.8247841e+05
   2.0011411e+05
   2.5807310e+05
   7.4742873e+04
   2.1483856e+05
   1.9468907e+05
   6.6719658e+04
   6.2506898e+04
   2.7091181e+05
   1.2544908e+05
   3.6915245e+04
   1.7170987e+05
   2.8112623e+05
   1.0715893e+05
   1.1300446e+05
   1.7385463e+05
   4.3839839e+04
   3.0377729e+05
   6.4168779e+04
   1.6866014e+05
   3.1683934e+05
   2.8783932e+05
   1.6666608e+05
   2.3068083e+05
   4.9831754e+05
   3.2708130e+04
   4.8425093e+05
   5.2278060e+04
   2.3539809e+05
   4.8497300e+05
   4.0413900e+05
   2.1503286e+05
   3.2395136e+05
   5.5248118e+04
   2.3797004e+05
   7.3826583e+04
   3.3857977e+05
   9.2798862e+04
   1.5454037e+05
   1.7862045e+05
   4.5689685e+04
   2.2851831e+05
   2.9515572e+05
   1.6821613e+05
   1.4486434e+05
   2.4919730e+05
   4.0108748e+05
   3.0825303e+05
   3.1958124e+04
   1.3504533e+05
   1.8559493e+05
   4.8729642e+05
   2.2843012e+05
   4.3169704e+05
   2.3177429e+05
   2.6278169e+05
   3.7581910e+04
   1.7634859e+05
   4.1688353e+05
   2.1884770e+05
   1.4804188e+05
   3.8542547e+04
   4.5285701e+05
   3.0763325e+05
   2.9216325e+05
   4.3610205e+05
   2.1121630e+05
   2.9813855e+05
   1.7193899e+05
   1.4692134e+05
   4.9798104e+05
   1.4339953e+05
   3.5416372e+05
   4.7457048e+04
   1.6908568e+05
   4.5615197e+05
   1.4415276e+05
   2.4282113e+05
   4.6816806e+05
   4.4554199e+05
   3.7745224e+05
   9.2128588e+04
   1.6803758e+05
   1.8479130e+05
   7.9296637e+04
   4.5487604e+05
   1.5274983e+05
   3.0654906e+05
   5.5731084e+04
   4.8275823e+05
   2.9039144e+05
   2.4417288e+05
   4.5634633e+05
   1.4087861e+05
   3.3976573e+05
   4.6415706e+05
   2.8198737e+05
   1.4239455e+05
   3.5279859e+05
   3.7127648e+05
   1.5666441e+05
   5.1974704e+04
   1.4897058e+05
   1.1443016e+05
   3.9793110e+05
   5.3491531e+04
   8.5119580e+04
   3.4730833e+05
   6.4278586e+04
   3.0529233e+05
   3.6110904e+05
   3.3293522e+05
   4.8463603e+05
   7.2361565e+04
   1.7611496e+05
   2.2930826e+05
   3.2092754e+05
   1.5380123e+05
   1.1536380e+05
   1.5440697e+05
   4.2607195e+05
   1.0863879e+05
   6.2327788e+04
   4.5752483e+05
   3.4218122e+05
   9.5596736e+04
   2.7542108e+05
   2.5633649e+05
   2.5251847e+05
   4.5751891e+05
   2.0631710e+05
   3.7748401e+05
   1.4141088e+05
   1.3472685e+05
   1.1246907e+05
   2.4727189e+05
   3.6650939e+05
   8.1788570e+04
   3.6574135e+05
   3.6924492e+05
   3.7490966e+04
   3.9787664e+05
   2.5161273e+05
   2.4422133e+05
   2.9425428e+05
   2.6326059e+05
   2.3172188e+05
   4.4049569e+04
   2.1062883e+05
   1.8485916e+05
   1.9021920e+05
   2.5769390e+05
   2.4445727e+05
   3.7110628e+05
   1.2683645e+05
   2.8551128e+05
   3.6266475e+05
   1.4735914e+05
   3.5822624e+05
   3.1530174e+05
   3.0335404e+04
   2.5550174e+05
   1.1133776e+05
   1.7237253e+05
   4.8811365e+05
   4.8514989e+05
   3.7990071e+05
   5.9604620e+04
   1.3375353e+05
   4.5633824e+05
   4.7734676e+05
   4.1046964e+05
   1.9472113e+05
   3.2090294e+05
   9.7405128e+04
   4.8026637e+05
   3.4006996e+05
   4.3178958e+05
   4.5386334e+05
   2.9820656e+05
   7.3100586e+04
   3.1781958e+05
   2.9491295e+05
   4.2450397e+05
   1.8700660e+05
   4.8465080e+05
   9.2540690e+04
   2.4417350e+05
   1.7589498e+05
   2.5367949e+05
   6.6412978e+04
   1.4237590e+05
   2.5103826e+05
   3.0751662e+05
   1.1539804e+05
   1.7385823e+05
   2.9341941e+05
   3.7398950e+05
   2.1919504e+05
   1.4649200e+05
   3.1078518e+05
   1.0399848e+05
   3.2541485e+05
   1.2846690e+05
   1.0524852e+05
   1.1716476e+05
   3.5728856e+05
   4.6405572e+05
   2.0791478e+05
   3.8749826e+05
   1.3674904e+05
   2.7721842e+05
   2.2227320e+05
   2.7690723e+05
   3.2893947e+05
   1.1040069e+05
   3.8222109e+05
   5.4236360e+04
   1.4028019e+05
   5.7629661e+04
   1.6903451e+05
   4.4538509e+05
   4.6979342e+05
   2.7328896e+05
   4.1995639e+05
   9.8908680e+04
   4.8952323e+05
   4.9689065e+05
   3.2911901e+05
   8.7546506e+04
   2.0489817e+05
   2.2733297e+05
   4.9974504e+05
   1.9288774e+05
   8.2477997e+04
   3.7494582e+05
   3.8887467e+05
   2.4962912e+05
   1.7531199e+05
   3.0365554e+05
   2.9443538e+05
   8.2710513e+04
   2.5701200e+05
   4.4199902e+05
   1.8343416e+05
   4.9844833e+05
   6.5827194e+04
   2.6862909e+05
   3.3783347e+05
   4.0893961e+05
   3.7918003e+05
   1.1512304e+05
   4.4499737e+05
   4.3508979e+05
   2.2213096e+05
   2.3639263e+05
   4.0534732e+05
   2.7503751e+05
   1.6078720e+05
   1.3931169e+05
   4.7418385e+05
   1.4905137e+05
   2.3112318e+05
   2.2160332e+05
   2.2014003e+05
   1.3257413e+05
   4.4119292e+05
   2.6292482e+05
   4.7183108e+05
   4.7742921e+05
   3.6561003e+05
   2.6399423e+05
   1.7250155e+05
   2.3552810e+05
   1.3658277e+05
   4.6074673e+05
   4.2370420e+05
   1.0071184e+05
   5.1831658e+04
   3.3124397e+05
   3.4564859e+05
   4.7381455e+05
   2.6963659e+05
   8.0156686e+04
   3.8916641e+05
   4.6307188e+05
   3.3864593e+05
   3.7927316e+05
   1.1768047e+05
   8.6139157e+04
   3.0603213e+05
   8.3559790e+04
   3.4938906e+05
   6.9811389e+04
   3.1252601e+05
   6.7577090e+04
   2.3983843e+05
   3.1943739e+05
   3.6970719e+05
   3.2084929e+05
   3.6934576e+05
   1.3059047e+05
   2.4266090e+05
   3.4573480e+05
   6.0565391e+04
   3.4444007e+04
   7.0364529e+04
   2.7416220e+05
   2.1009420e+05
   3.7731926e+05
   4.7719570e+05
   2.3119876e+05
   1.4688867e+05
   3.0005301e+05
   1.0802110e+05
   4.2667067e+05
   4.0767373e+05
   2.7164570e+05
   7.9591415e+04
   2.2121620e+05
   1.2392894e+05
   4.6277822e+05
   2.3012250e+05
   3.9163544e+05
   1.9153395e+05
   3.4839614e+05
   2.0320272e+05
   1.7236070e+05
   6.7788013e+04
   2.8641780e+05
   2.3817979e+05
   4.9250002e+05
   1.7294277e+05
   8.8610639e+04
   1.9607780e+05
   1.6491429e+05
   1.7739323e+05
   1.0247910e+05
   4.1153385e+05
   5.7831177e+04
   3.5096258e+05
   4.8469868e+05
   4.7559005e+05
   4.4816444e+05
   1.7592180e+05
   3.4300885e+05
   2.7077981e+05
   3.4415207e+05
   3.8629455e+04
   2.2400234e+05
   4.3540553e+05
   2.1426679e+05
   2.9880368e+05
   3.0967985e+05
   3.7114570e+05
   4.0908214e+05
   3.5000828e+05
   4.5370076e+05
   1.1940492e+05
   1.3967861e+05
   1.5363769e+05
   1.9767366e+05
   3.8902744e+05
   1.9511699e+05
   4.1183851e+05
   4.1461662e+05
   1.7865492e+05
   3.8128954e+05
   1.9786886e+05
   4.1734629e+05
   3.6773173e+05
   4.3240820e+05
   4.9270554e+05
   4.8845123e+05
   3.1484384e+05
   4.9818567e+05
   4.8556139e+04
   4.7456672e+05
   1.6290340e+05
   2.3249032e+05
   4.3312000e+05
   4.6538459e+05
   3.2415047e+05
   3.5094284e+05
   2.7004226e+05
   4.5266044e+04
   5.4774107e+04
   4.6617759e+05
   4.5918277e+05
   2.2124400e+05
   4.8725236e+05
   1.6989802e+05
   4.0818902e+05
   3.8844287e+05
   4.9251510e+05
   3.2292203e+05
   3.1382625e+05
   1.7152005e+05
   4.8581713e+05
   2.1693917e+05
   6.9509927e+04
   3.4346674e+05
   1.3838448e+05
   2.8225789e+05
   2.0858134e+05
   1.5509380e+05
   4.0364448e+05
   3.5670276e+05
   3.3186812e+05
   2.8952528e+05
   3.2597926e+05
   1.0386175e+05
   3.1993990e+05
   1.0019272e+05
   3.0059009e+05
   3.2940119e+04
   2.2017378e+05
   3.2286877e+05
   3.6294968e+05
   2.2319836e+05
   3.0845436e+05
   1.5111690e+05
   9.9429722e+04
   4.1224398e+05
   1.5538170e+05
   3.5909849e+05
   3.7864957e+05
   1.9391545e+05
   1.1929446e+05
   1.9976904e+05
   3.2181568e+05
   2.8289819e+05
   3.1184868e+05
   4.7953313e+05
   2.4637795e+05
   4.6240253e+05
   3.0851137e+05
   1.7071969e+05
   3.4271923e+05
   3.9946102e+05
   4.2601629e+05
   1.0211650e+05
   9.1512662e+04
   1.0699986e+05
   3.5644315e+05
   4.8374007e+05
   3.4875417e+05
   2.6841737e+05
   4.5647550e+05
   6.6284994e+04
   1.0178510e+05
   1.5935094e+05
   1.1014127e+05
   5.8291098e+04
   1.9874496e+05
   9.5059085e+04
   4.0294153e+05
   3.4316805e+05
   4.4827582e+05
   3.3810807e+05
   2.2097799e+05
   1.0883865e+05
   4.9058020e+05
   3.7698538e+05
   2.0346065e+05
   1.8823019e+05
   2.1057838e+05
   3.1988868e+05
   2.2845884e+05
   4.5809658e+04
   1.9659150e+05
   9.6716371e+04
   4.2944742e+05
   2.5909944e+05
   1.5135991e+05
   4.9951105e+05
   9.0633323e+04
   8.5659605e+04
   2.3565791e+05
   3.8840322e+04
   4.6284042e+05
   1.8647263e+05
   3.1399311e+04
   6.3790229e+04
   1.9926421e+05
   3.9760646e+05
   3.5118799e+05
   2.6729424e+05
   7.7146454e+04
   3.5077087e+05
   2.1951913e+05
   2.4559979e+05
   3.1949241e+05
   4.9560844e+05
   1.0634170e+05
   2.2063457e+05
   2.9286891e+05
   4.1586795e+05
   3.1023428e+05
   3.2450071e+05
   2.0234305e+05
   3.7159722e+05
   4.4043628e+05
   3.9981469e+05
   1.9450571e+05
   4.7594654e+05
   3.1290621e+05
   3.5596088e+05
   4.1524107e+05
   4.1468390e+05
   3.2660661e+05
   4.2606319e+04
   1.8619461e+05
   4.5423665e+05
   8.4471498e+04
   3.6634723e+05
   4.2050888e+05
   2.6138795e+05
   1.8132175e+05
   1.8037223e+05
   2.2196831e+05
   3.0399018e+05
   4.4541748e+04
   4.2234455e+04
   4.8314441e+05
   1.0389397e+05
   3.9786432e+05
   2.1493035e+05
   2.5286894e+05
   2.1403597e+05
   9.3904013e+04
   1.1669664e+05
   3.5965860e+05
   4.7547052e+05
   1.6466393e+05
   3.8192527e+04
   4.8229019e+05
   8.6733354e+04
   1.2343152e+05
   3.3436423e+05
   1.0549210e+05
   3.5249724e+05
   7.4107178e+04
   4.2206413e+04
   1.1996698e+05
   3.2940758e+05
   8.7989085e+04
   8.0661282e+04
   4.8103051e+05
   3.8840772e+05
   4.0484707e+05
   4.5102785e+05
   9.7565902e+04
   7.6685022e+04
   3.4798665e+04
   3.1266585e+05
   2.2964458e+05
   2.0997337e+05
   1.0252638e+05
   1.9461985e+05
   9.5220538e+04
   1.4001048e+05
   4.7513128e+05
   2.6391415e+05
   1.5933631e+05
   1.1211093e+05
   3.3929595e+05
   4.6458194e+05
   3.8670617e+05
   3.9793711e+05
   2.3769511e+05
   4.6305320e+05
   2.2110059e+05
   1.7415584e+05
   3.6849173e+05
   1.0070734e+05
   8.8310060e+04
   2.9684954e+05
   2.1205070e+05
   1.8296320e+05
   3.2322530e+05
   3.0336763e+04
   2.5661469e+05
   4.9779468e+05
   3.4875380e+05
   3.9764732e+05
   6.5488153e+04
   2.2940578e+05
   1.7006978e+05
   4.8226219e+04
   2.1941083e+05
   4.0439019e+05
   2.2230753e+05
   2.3689468e+05
   2.0021028e+05
   7.6707660e+04
   3.4407632e+05
   2.1816762e+05
   2.1182271e+05
   2.7729723e+05
   2.5484098e+05
   2.1498466e+05
   2.8368976e+05
   3.1162901e+05
   2.2084374e+05
   4.9762724e+04
   6.0097630e+04
   3.4143962e+05
   2.0023371e+05
   2.7855573e+05
   1.8690226e+05
   3.8716121e+05
   4.3638543e+05
   1.2588977e+05
   1.4485113e+05
   3.8547995e+04
   2.9932360e+05
   3.8322494e+05
   2.9962717e+05
   4.4174783e+05
   3.7683175e+05
   2.8644544e+05
   4.2094299e+05
   8.7950183e+04
   4.0260048e+04
   2.8190166e+05
   8.9894931e+04
   1.1528985e+05
   1.6248949e+05
   3.4013855e+05
   2.6814106e+05
   2.2029999e+05
   4.3394679e+05
   3.8484142e+05
   1.3540224e+05
   3.7211830e+05
   3.6195366e+05
   3.7837207e+05
   2.5236497e+05
   2.4889257e+05
   3.8733804e+05
   1.0050922e+05
   4.7707477e+05
   4.3417290e+05
   2.9176654e+05
   6.3980254e+04
   1.9548518e+05
   4.9997875e+05
   5.8921245e+04
   2.6311676e+05
   4.7990392e+05
   8.7333309e+04
   6.2583734e+04
   3.8380088e+05
   4.9589596e+05
   2.4175851e+05
   3.8822237e+05
   2.1043115e+05
   2.2826947e+05
   1.2928958e+05
   1.6875943e+05
   3.5974008e+05
   6.1957315e+04
   6.0144807e+04
   4.9848537e+05
   1.0601630e+05
   4.3064269e+05
   4.1182916e+05
   3.4965759e+05
   3.0191267e+05
   2.4217271e+05
   4.7622876e+05
   1.0161167e+05
   1.1006076e+05
   3.7078389e+05
   2.6456002e+05
   1.3730946e+05
   3.0523730e+05
   9.0377677e+04
   7.9636453e+04
   2.4964584e+05
   3.6025931e+05
   3.8010490e+04
   3.9419698e+05
   2.6663078e+05
   3.7890911e+05
   3.3544265e+05
   3.8763901e+04
   4.8896989e+05
   3.3087692e+05
   2.0238644e+05
   1.0367876e+05
   2.0207426e+05
   2.9174289e+05
   1.5529351e+05
   6.1829472e+04
   3.5486252e+05
   1.2985613e+05
   1.9256218e+05
   1.3966905e+05
   4.4364554e+04
   3.7891585e+05
   4.6387023e+05
   2.8136543e+05
   1.1446011e+05
   3.1339855e+05
   6.7267714e+04
   8.2995712e+04
   2.8921543e+05
   4.6436372e+05
   2.7058718e+05
   2.0656512e+05
   9.5544486e+04
   1.4948137e+05
   1.1443249e+05
   2.1030131e+05
   8.9654885e+04
   2.4047426e+05
   3.1179949e+05
   3.6928548e+05
   4.6992207e+05
   2.5260188e+05
   9.0291372e+04
   3.5409011e+05
   4.7300517e+05
   3.0329044e+04
   4.7235226e+05
   1.0611631e+05
   1.6395496e+05
   1.6550310e+05
   4.8678423e+05
   2.3946888e+05
   2.6862126e+05
   7.0761359e+04
   3.3202601e+05
   4.1453696e+05
   7.4676520e+04
   4.9015075e+05
   1.6731394e+05
   3.5494577e+05
   3.7585826e+05
   4.8267432e+05
   4.4675071e+05
   3.0195790e+05
   9.6014724e+04
   2.5216611e+05
   3.2156328e+05
   3.2652606e+04
   3.7018065e+05
   1.7664807e+05
   1.8341628e+05
   3.2990661e+05
   2.5306056e+05
   2.7762419e+05
   3.3149665e+05
   3.2301071e+05
   1.4845364e+05
   2.1019622e+05
   4.4268497e+05
   2.7223791e+05
   3.2032631e+05
   3.5380958e+05
   1.1757979e+05
   1.6532413e+05
   1.3499095e+05
   4.6283591e+04
   4.4251218e+05
   3.3514587e+05
   1.8165809e+05
   1.1904326e+05
   4.4752800e+05
   4.8386217e+05
   6.3543830e+04
   2.0368005e+05
   3.1133864e+05
   4.0419289e+05
   3.7775657e+05
   8.7992257e+04
   7.2635026e+04
   1.5891705e+05
   3.3425111e+05
   1.8017679e+05
   3.5547865e+05
   2.6917524e+05
   2.9493732e+05
   3.9813250e+05
   1.6198568e+05
   1.5534618e+05
   4.9607302e+05
   3.9787772e+05
   3.2902061e+05
   3.7427477e+05
   2.2015740e+05
   2.1307907e+05
   4.5991229e+05
   3.0887148e+05
   2.7179544e+05
   7.8184142e+04
   3.9051174e+05
   1.4924057e+05
   8.4668627e+04
   3.8134225e+05
   1.8778246e+05
   3.2817853e+05
   3.7549763e+05
   3.4450928e+05
   1.8144874e+05
   1.7481401e+05
   4.8577839e+05
   3.6331258e+05
   3.4561742e+05
   2.5380396e+05
   2.0002492e+05
   5.2370667e+04
   1.6318364e+05
   5.6241314e+04
   4.7998562e+05
   1.2364504e+05
   4.1639462e+05
   4.1641244e+05
   3.4353462e+05
   8.8725721e+04
   1.3514445e+05
   1.7838807e+05
   4.0455500e+05
   5.7617952e+04
   2.9818988e+05
   1.4571827e+05
   4.7194358e+05
   3.9028785e+05
   2.7280137e+05
   4.5924127e+05
   2.2074290e+05
   1.2159319e+05
   3.8843002e+05
   3.7465640e+05
   3.5923213e+05
   1.2971070e+05
   3.0403381e+05
   4.4496140e+05
   3.7675362e+05
   4.4648353e+05
   1.7508405e+05
   4.4449277e+05
   1.2093610e+05
   4.3470731e+05
   1.5313723e+05
   4.1228815e+05
   3.7176900e+05
   6.7272648e+04
   4.6698126e+05
   7.2447977e+04
   4.3852195e+05
   3.0645698e+05
   1.6646979e+05
   2.8409307e+05
   2.8401590e+05
   2.1123361e+05
   2.7075724e+05
   1.6416037e+05
   4.8320317e+05
   2.0256392e+05
   4.6463432e+04
   1.3107145e+05
   1.3391786e+05
   4.0469608e+05
   3.5873549e+05
   7.9777700e+04
   2.6845082e+05
   2.9941015e+05
   4.4861401e+04
   2.6185086e+05
   3.0895257e+05
   4.7136243e+05
   2.4596766e+05
   3.5307017e+05
   2.8235368e+05
   3.5725573e+05
   2.7920761e+05
   2.7498908e+05
   4.9380738e+05
   3.6523398e+05
   4.5262357e+05
   4.2012129e+05
   4.8251381e+05
   4.6687810e+05
   1.2009867e+05
   4.6193001e+05
   1.8929209e+05
   2.8519402e+05
   1.9736070e+05
   4.1647118e+05
   3.3101193e+05
   3.0626426e+05
   4.0314878e+05
   3.6970784e+05
   2.8490596e+05
   2.3472306e+05
   1.5073119e+05
   2.7033358e+05
   4.0543709e+05
   3.2191333e+05
   2.5532973e+05
   4.1179022e+04
   4.8341310e+05
   4.4842152e+05
   7.7584434e+04
   1.9028344e+05
   1.6936983e+05
   5.7853234e+04
   3.7554884e+05
   5.3860832e+04
   3.8052009e+04
   1.8575401e+05
   3.4373237e+04
   1.4454104e+05
   2.9694485e+05
   2.8582787e+05
   2.6324875e+05
   1.7989453e+05
   3.5534046e+05
   2.6451680e+05
   3.7734707e+05
   4.3151523e+05
   4.0519832e+05
   4.4520798e+05
   4.5272641e+05
   7.4568767e+04
   1.5362526e+05
   3.2643607e+05
   1.9713529e+05
   3.4453136e+05
   1.1711295e+05
   1.4842588e+05
   2.6956242e+05
   8.7790951e+04
   4.3600408e+05
   2.9057034e+05
   8.4378658e+04
   1.0389994e+05
   7.9138922e+04
   1.2005525e+05
   2.3335777e+05
   1.6880236e+05
   1.2214747e+05
   2.4663181e+05
   9.9123540e+04
   5.0258501e+04
   4.6911276e+05
   4.4953824e+05
   4.0749543e+05
   3.4951199e+05
   2.0588869e+05
   3.8128788e+05
   4.8751067e+05
   3.5507263e+05
   2.7731169e+05
   4.2805253e+04
   3.6072521e+05
   4.7866098e+05
   2.4178655e+05
   2.5753997e+05
   4.7918162e+05
   1.2016143e+05
   1.1255814e+05
   2.8455290e+05
   5.8819378e+04
   1.8606560e+05
   3.7478951e+05
   3.5115230e+05
   3.2959409e+05
   5.7495599e+04
   4.3679189e+05
   2.5507548e+05
   3.5535707e+05
   2.9317008e+05
   1.3667390e+05
   4.0667549e+05
   1.1116387e+05
   1.4012405e+05
   1.5868382e+05
   3.8370175e+04
   1.6964510e+05
   3.5625461e+05
   2.4802120e+05
   1.8723911e+05
   2.8938147e+05
   3.6850600e+05
   4.5701256e+05
   3.2696580e+05
   1.3262350e+05
   4.9916231e+04
   1.9638012e+05
   6.5103831e+04
   2.9542835e+05
   2.6243811e+05
   3.8377680e+05
   1.0879232e+05
   3.9190615e+05
   5.9437916e+04
   1.8247841e+05
   2.0011411e+05
   2.5807310e+05
   7.4742873e+04
   2.1483856e+05
   1.9468907e+05
   6.6719658e+04
   6.2506898e+04
   2.7091181e+05
   1.2544908e+05
   3.6915245e+04
   1.7170987e+05
   2.8112623e+05
   1.0715893e+05
   1.1300446e+05
   1.7385463e+05
   4.3839839e+04
   3.0377729e+05
   6.4168779e+04
   1.6866014e+05
   3.1683934e+05
   2.8783932e+05
   1.6666608e+05
   2.3068083e+05
   4.9831754e+05
   3.2708130e+04
   4.8425093e+05
   5.2278060e+04
   2.3539809e+05
   4.8497300e+05
   4.0413900e+05
   2.1503286e+05
   3.2395136e+05
   5.5248118e+04
   2.3797004e+05
   7.3826583e+04
   3.3857977e+05
   9.2798862e+04
   1.5454037e+05
   1.7862045e+05
   4.5689685e+04
   2.2851831e+05
   2.9515572e+05
   1.6821613e+05
   1.4486434e+05
   2.4919730e+05
   4.0108748e+05
   3.0825303e+05
   3.1958124e+04
   1.3504533e+05
   1.8559493e+05
   4.8729642e+05
   2.2843012e+05
   4.3169704e+05
   2.3177429e+05
   2.6278169e+05
   3.7581910e+04
   1.7634859e+05
   4.1688353e+05
   2.1884770e+05
   1.4804188e+05
   3.8542547e+04
   4.5285701e+05
   3.0763325e+05
   2.9216325e+05
   4.3610205e+05
   2.1121630e+05
   2.9813855e+05
   1.7193899e+05
   1.4692134e+05
   4.9798104e+05
   1.4339953e+05
   3.5416372e+05
   4.7457048e+04
   1.6908568e+05
   4.5615197e+05
   1.4415276e+05
   2.4282113e+05
   4.6816806e+05
   4.4554199e+05
   3.7745224e+05
   9.2128588e+04
   1.6803758e+05
   1.8479130e+05
   7.9296637e+04
   4.5487604e+05
   1.5274983e+05
   3.0654906e+05
   5.5731084e+04
   4.8275823e+05
   2.9039144e+05
   2.4417288e+05
   4.5634633e+05
   1.4087861e+05
   3.3976573e+05
   4.6415706e+05
   2.8198737e+05
   1.4239455e+05
   3.5279859e+05
   3.7127648e+05
   1.5666441e+05
   5.1974704e+04
   1.4897058e+05
   1.1443016e+05
   3.9793110e+05
   5.3491531e+04
   8.5119580e+04
   3.4730833e+05
   6.4278586e+04
   3.0529233e+05
   3.6110904e+05
   3.3293522e+05
   4.8463603e+05
   7.2361565e+04
   1.7611496e+05
   2.2930826e+05
   3.2092754e+05
   1.5380123e+05
   1.1536380e+05
   1.5440697e+05
   4.2607195e+05
   1.0863879e+05
   6.2327788e+04
   4.5752483e+05
   3.4218122e+05
   9.5596736e+04
   2.7542108e+05
   2.5633649e+05
   2.5251847e+05
   4.5751891e+05
   2.0631710e+05
   3.7748401e+05
   1.4141088e+05
   1.3472685e+05
   1.1246907e+05
   2.4727189e+05
   3.6650939e+05
   8.1788570e+04
   3.6574135e+05
   3.6924492e+05
   3.7490966e+04
   3.9787664e+05
   2.5161273e+05
   2.4422133e+05
   2.9425428e+05
   2.6326059e+05
   2.3172188e+05
   4.4049569e+04
   2.1062883e+05
   1.8485916e+05
   1.9021920e+05
   2.5769390e+05
   2.4445727e+05
   3.7110628e+05
   1.2683645e+05
   2.8551128e+05
   3.6266475e+05
   1.4735914e+05
   3.5822624e+05
   3.1530174e+05
   3.0335404e+04
   2.5550174e+05
   1.1133776e+05
   1.7237253e+05
   4.8811365e+05
   4.8514989e+05
   3.7990071e+05
   5.9604620e+04
   1.3375353e+05
   4.5633824e+05
   4.7734676e+05
   4.1046964e+05
   1.9472113e+05
   3.2090294e+05
   9.7405128e+04
   4.8026637e+05
   3.4006996e+05
   4.3178958e+05
   4.5386334e+05
   2.9820656e+05
   7.3100586e+04
   3.1781958e+05
   2.9491295e+05
   4.2450397e+05
   1.8700660e+05
   4.8465080e+05
   9.2540690e+04
   2.4417350e+05
   1.7589498e+05
   2.5367949e+05
   6.6412978e+04
   1.4237590e+05
   2.5103826e+05
   3.0751662e+05
   1.1539804e+05
   1.7385823e+05
   2.9341941e+05
   3.7398950e+05
   2.1919504e+05
   1.4649200e+05
   3.1078518e+05
   1.0399848e+05
   3.2541485e+05
   1.2846690e+05
   1.0524852e+05
   1.1716476e+05
   3.5728856e+05
   4.6405572e+05
   2.0791478e+05
   3.8749826e+05
   1.3674904e+05
   2.7721842e+05
   2.2227320e+05
   2.7690723e+05
   3.2893947e+05
   1.1040069e+05
   3.8222109e+05
   5.4236360e+04
   1.4028019e+05
   5.7629661e+04
   1.6903451e+05
   4.4538509e+05
   4.6979342e+05
   2.7328896e+05
   4.1995639e+05
   9.8908680e+04
   4.8952323e+05
   4.9689065e+05
   3.2911901e+05
   8.7546506e+04
   2.0489817e+05
   2.2733297e+05
   4.9974504e+05
   1.9288774e+05
   8.2477997e+04
   3.7494582e+05
   3.8887467e+05
   2.4962912e+05
   1.7531199e+05
   3.0365554e+05
   2.9443538e+05
   8.2710513e+04
   2.5701200e+05
   4.4199902e+05
   1.8343416e+05
   4.9844833e+05
   6.5827194e+04
   2.6862909e+05
   3.3783347e+05
   4.0893961e+05
   3.7918003e+05
   1.1512304e+05
   4.4499737e+05
   4.3508979e+05
   2.2213096e+05
   2.3639263e+05
   4.0534732e+05
   2.7503751e+05
   1.6078720e+05
   1.3931169e+05
   4.7418385e+05
   1.4905137e+05
   2.3112318e+05
   2.2160332e+05
   2.2014003e+05
   1.3257413e+05
   4.4119292e+05
   2.6292482e+05
   4.7183108e+05
   4.7742921e+05
   3.6561003e+05
   2.6399423e+05
   1.7250155e+05
   2.3552810e+05
   1.3658277e+05
   4.6074673e+05
   4.2370420e+05
   1.0071184e+05
   5.1831658e+04
   3.3124397e+05
   3.4564859e+05
   4.7381455e+05
   2.6963659e+05
   8.0156686e+04
   3.8916641e+05
   4.6307188e+05
   3.3864593e+05
   3.7927316e+05
   1.1768047e+05
   8.6139157e+04
   3.0603213e+05
   8.3559790e+04
   3.4938906e+05
   6.9811389e+04
   3.1252601e+05
   6.7577090e+04
   2.3983843e+05
   3.1943739e+05
   3.6970719e+05
   3.2084929e+05
   3.6934576e+05
   1.3059047e+05
   2.4266090e+05
   3.4573480e+05
   6.0565391e+04
   3.4444007e+04
   7.0364529e+04
   2.7416220e+05
   2.1009420e+05
   3.7731926e+05
   4.7719570e+05
   2.3119876e+05
   1.4688867e+05
   3.0005301e+05
   1.0802110e+05
   4.2667067e+05
   4.0767373e+05
   2.7164570e+05
   7.9591415e+04
   2.2121620e+05
   1.2392894e+05
   4.6277822e+05
   2.3012250e+05
   3.9163544e+05
   1.9153395e+05
   3.4839614e+05
   2.0320272e+05
   1.7236070e+05
   6.7788013e+04
   2.8641780e+05
   2.3817979e+05
   4.9250002e+05
   1.7294277e+05
   8.8610639e+04
   1.9607780e+05
   1.6491429e+05
   1.7739323e+05
   1.0247910e+05
   4.1153385e+05
   5.7831177e+04
   3.5096258e+05
   4.8469868e+05
   4.7559005e+05
   4.4816444e+05
   1.7592180e+05
   3.4300885e+05
   2.7077981e+05
   3.4415207e+05
   3.8629455e+04
   2.2400234e+05
   4.3540553e+05
   2.1426679e+05
   2.9880368e+05
   3.0967985e+05
   3.7114570e+05
   4.0908214e+05
   3.5000828e+05
   4.5370076e+05
   1.1940492e+05
   1.3967861e+05
   1.5363769e+05
   1.9767366e+05
   3.8902744e+05
   1.9511699e+05
   4.1183851e+05
   4.1461662e+05
   1.7865492e+05
   3.8128954e+05
   1.9786886e+05
   4.1734629e+05
   3.6773173e+05
   4.3240820e+05
   4.9270554e+05
   4.8845123e+05
   3.1484384e+05
   4.9818567e+05
   4.8556139e+04
   4.7456672e+05
   1.6290340e+05
   2.3249032e+05
   4.3312000e+05
   4.6538459e+05
   3.2415047e+05
   3.5094284e+05
   2.7004226e+05
   4.5266044e+04
   5.4774107e+04
   4.6617759e+05
   4.5918277e+05
   2.2124400e+05
   4.8725236e+05
   1.6989802e+05
   4.0818902e+05
   3.8844287e+05
   4.9251510e+05
   3.2292203e+05
   3.1382625e+05
   1.7152005e+05
   4.8581713e+05
   2.1693917e+05
   6.9509927e+04
   3.4346674e+05
   1.3838448e+05
   2.8225789e+05
   2.0858134e+05
   1.5509380e+05
   4.0364448e+05
   3.5670276e+05
   3.3186812e+05
   2.8952528e+05
   3.2597926e+05
   1.0386175e+05
   3.1993990e+05
   1.0019272e+05
   3.0059009e+05
   3.2940119e+04
   2.2017378e+05
   3.2286877e+05
   3.6294968e+05
   2.2319836e+05
   3.0845436e+05
   1.5111690e+05
   9.9429722e+04
   4.1224398e+05
   1.5538170e+05
   3.5909849e+05
   3.7864957e+05
   1.9391545e+05
   1.1929446e+05
   1.9976904e+05
   3.2181568e+05
   2.8289819e+05
   3.1184868e+05
   4.7953313e+05
   2.4637795e+05
   4.6240253e+05
   3.0851137e+05
   1.7071969e+05
   3.4271923e+05
   3.9946102e+05
   4.2601629e+05
   1.0211650e+05
   9.1512662e+04
   1.0699986e+05
   3.5644315e+05
   4.8374007e+05
   3.4875417e+05
   2.6841737e+05
   4.5647550e+05
   6.6284994e+04
   1.0178510e+05
   1.5935094e+05
   1.1014127e+05
   5.8291098e+04
   1.9874496e+05
   9.5059085e+04
   4.0294153e+05
   3.4316805e+05
   4.4827582e+05
   3.3810807e+05
   2.2097799e+05
   1.0883865e+05
   4.9058020e+05
   3.7698538e+05
   2.0346065e+05
   1.8823019e+05
   2.1057838e+05
   3.1988868e+05
   2.2845884e+05
   4.5809658e+04
   1.9659150e+05
   9.6716371e+04
   4.2944742e+05
   2.5909944e+05
   1.5135991e+05
   4.9951105e+05
   9.0633323e+04
   8.5659605e+04
   2.3565791e+05
   3.8840322e+04
   4.6284042e+05
   1.8647263e+05
   3.1399311e+04
   6.3790229e+04
   1.9926421e+05
   3.9760646e+05
   3.5118799e+05
   2.6729424e+05
   7.7146454e+04
   3.5077087e+05
   2.1951913e+05
   2.4559979e+05
   3.1949241e+05
   4.9560844e+05
   1.0634170e+05
   2.2063457e+05
   2.9286891e+05
   4.1586795e+05
   3.1023428e+05
   3.2450071e+05
   2.0234305e+05
   3.7159722e+05
   4.4043628e+05
   3.9981469e+05
   1.9450571e+05
   4.7594654e+05
   3.1290621e+05
   3.5596088e+05
   4.1524107e+05
   4.1468390e+05
   3.2660661e+05
   4.2606319e+04
   1.8619461e+05
   4.5423665e+05
   8.4471498e+04
   3.6634723e+05
   4.2050888e+05
   2.6138795e+05
   1.8132175e+05
   1.8037223e+05
   2.2196831e+05
   3.0399018e+05
   4.4541748e+04
   4.2234455e+04
   4.8314441e+05
   1.0389397e+05
   3.9786432e+05
   2.1493035e+05
   2.5286894e+05
   2.1403597e+05
   9.3904013e+04
   1.1669664e+05
   3.5965860e+05
   4.7547052e+05
   1.6466393e+05
   3.8192527e+04
   4.8229019e+05
   8.6733354e+04
   1.2343152e+05
   3.3436423e+05
   1.0549210e+05
   3.5249724e+05
   7.4107178e+04
   4.2206413e+04
   1.1996698e+05
   3.2940758e+05
   8.7989085e+04
   8.0661282e+04
   4.8103051e+05
   3.8840772e+05
   4.0484707e+05
   4.5102785e+05
   9.7565902e+04
   7.6685022e+04
   3.4798665e+04
   3.1266585e+05
   2.2964458e+05
   2.0997337e+05
   1.0252638e+05
   1.9461985e+05
   9.5220538e+04
   1.4001048e+05
   4.7513128e+05
   2.6391415e+05
   1.5933631e+05
   1.1211093e+05
   3.3929595e+05
   4.6458194e+05
   3.8670617e+05
   3.9793711e+05
   2.3769511e+05
   4.6305320e+05
   2.2110059e+05
   1.7415584e+05
   3.6849173e+05
   1.0070734e+05
   8.8310060e+04
   2.9684954e+05
   2.1205070e+05
   1.8296320e+05
   3.2322530e+05
   3.0336763e+04
   2.5661469e+05
   4.9779468e+05
   3.4875380e+05
   3.9764732e+05
   6.5488153e+04
   2.2940578e+05
   1.7006978e+05
   4.8226219e+04
   2.1941083e+05
   4.0439019e+05
   2.2230753e+05
   2.3689468e+05
   2.0021028e+05
   7.6707660e+04
   3.4407632e+05
   2.1816762e+05
   2.1182271e+05
   2.7729723e+05
   2.5484098e+05
   2.1498466e+05
   2.8368976e+05
   3.1162901e+05
   2.2084374e+05
   4.9762724e+04
   6.0097630e+04
   3.4143962e+05
   2.0023371e+05
   2.7855573e+05
   1.8690226e+05
   3.8716121e+05
   4.3638543e+05
   1.2588977e+05
   1.4485113e+05
   3.8547995e+04
   2.9932360e+05
   3.8322494e+05
   2.9962717e+05
   4.4174783e+05
   3.7683175e+05
   2.8644544e+05
   4.2094299e+05
   8.7950183e+04
   4.0260048e+04
   2.8190166e+05
   8.9894931e+04
   1.1528985e+05
   1.6248949e+05
   3.4013855e+05
   2.6814106e+05
   2.2029999e+05
   4.3394679e+05
   3.8484142e+05
   1.3540224e+05
   3.7211830e+05
   3.6195366e+05
   3.7837207e+05
   2.5236497e+05
   2.4889257e+05
   3.8733804e+05
   1.0050922e+05
   4.7707477e+05
   4.3417290e+05
   2.9176654e+05
   6.3980254e+04
   1.9548518e+05
   4.9997875e+05
   5.8921245e+04
   2.6311676e+05
   4.7990392e+05
   8.7333309e+04
   6.2583734e+04
   3.8380088e+05
   4.9589596e+05
   2.4175851e+05
   3.8822237e+05
   2.1043115e+05
   2.2826947e+05
   1.2928958e+05
   1.6875943e+05
   3.5974008e+05
   6.1957315e+04
   6.0144807e+04
   4.9848537e+05
   1.0601630e+05
   4.3064269e+05
   4.1182916e+05
   3.4965759e+05
   3.0191267e+05
   2.4217271e+05
   4.7622876e+05
   1.0161167e+05
   1.1006076e+05
   3.7078389e+05
   2.6456002e+05
   1.3730946e+05
   3.0523730e+05
   9.0377677e+04
   7.9636453e+04
   2.4964584e+05
   3.6025931e+05
   3.8010490e+04
   3.9419698e+05
   2.6663078e+05
   3.7890911e+05
   3.3544265e+05
   3.8763901e+04
   4.8896989e+05
   3.3087692e+05
   2.0238644e+05
   1.0367876e+05
   2.0207426e+05
   2.9174289e+05
   1.5529351e+05
   6.1829472e+04
   3.5486252e+05
   1.2985613e+05
   1.9256218e+05
   1.3966905e+05
   4.4364554e+04
   3.7891585e+05
   4.6387023e+05
   2.8136543e+05
   1.1446011e+05
   3.1339855e+05
   6.7267714e+04
   8.2995712e+04
   2.8921543e+05
   4.6436372e+05
   2.7058718e+05
   2.0656512e+05
   9.5544486e+04
   1.4948137e+05
   1.1443249e+05
   2.1030131e+05
   8.9654885e+04
   2.4047426e+05
   3.1179949e+05
   3.6928548e+05
   4.6992207e+05
   2.5260188e+05
   9.0291372e+04
   3.5409011e+05
   4.7300517e+05
   3.0329044e+04
   4.7235226e+05
   1.0611631e+05
   1.6395496e+05
   1.6550310e+05
   4.8678423e+05
   2.3946888e+05
   2.6862126e+05
   7.0761359e+04
   3.3202601e+05
   4.1453696e+05
   7.4676520e+04
   4.9015075e+05
   1.6731394e+05
   3.5494577e+05
   3.7585826e+05
   4.8267432e+05
   4.4675071e+05
   3.0195790e+05
   9.6014724e+04
   2.5216611e+05
   3.2156328e+05
   3.2652606e+04
   3.7018065e+05
   1.7664807e+05
   1.8341628e+05
   3.2990661e+05
   2.5306056e+05
   2.7762419e+05
   3.3149665e+05
   3.2301071e+05
   1.4845364e+05
   2.1019622e+05
   4.4268497e+05
   2.7223791e+05
   3.2032631e+05
   3.5380958e+05
   1.1757979e+05
   1.6532413e+05
   1.3499095e+05
   4.6283591e+04
   4.4251218e+05
   3.3514587e+05
   1.8165809e+05
   1.1904326e+05
   4.4752800e+05
   4.8386217e+05
   6.3543830e+04
   2.0368005e+05
   3.1133864e+05
   4.0419289e+05
   3.7775657e+05
   8.7992257e+04
   7.2635026e+04
   1.5891705e+05
   3.3425111e+05
   1.8017679e+05
   3.5547865e+05
   2.6917524e+05
   2.9493732e+05
   3.9813250e+05
   1.6198568e+05
   1.5534618e+05
   4.9607302e+05
   3.9787772e+05
   3.2902061e+05
   3.7427477e+05
   2.2015740e+05
   2.1307907e+05
   4.5991229e+05
   3.0887148e+05
   2.7179544e+05
   7.8184142e+04
   3.9051174e+05
   1.4924057e+05
   8.4668627e+04
   3.8134225e+05
   1.8778246e+05
   3.2817853e+05
   3.7549763e+05
   3.4450928e+05
   1.8144874e+05
   1.7481401e+05
   4.8577839e+05
   3.6331258e+05
   3.4561742e+05
   2.5380396e+05
   2.0002492e+05
   5.2370667e+04
   1.6318364e+05
   5.6241314e+04
   4.7998562e+05
   1.2364504e+05
   4.1639462e+05
   4.1641244e+05
   3.4353462e+05
   8.8725721e+04
   1.3514445e+05
   1.7838807e+05
   4.0455500e+05
   5.7617952e+04
   2.9818988e+05
   1.4571827e+05
   4.7194358e+05
   3.9028785e+05
   2.7280137e+05
   4.5924127e+05
   2.2074290e+05
   1.2159319e+05
   3.8843002e+05
   3.7465640e+05
   3.5923213e+05
   1.2971070e+05
   3.0403381e+05
   4.4496140e+05
   3.7675362e+05
   4.4648353e+05
   1.7508405e+05
   4.4449277e+05
   1.2093610e+05
   4.3470731e+05
   1.5313723e+05
   4.1228815e+05
   3.7176900e+05
   6.7272648e+04
   4.6698126e+05
   7.2447977e+04
   4.3852195e+05
   3.0645698e+05
   1.6646979e+05
   2.8409307e+05
   2.8401590e+05
   2.1123361e+05
   2.7075724e+05
   1.6416037e+05
   4.8320317e+05
   2.0256392e+05
   4.6463432e+04
   1.3107145e+05
   1.3391786e+05
   4.0469608e+05
   3.5873549e+05
   7.9777700e+04
   2.6845082e+05
   2.9941015e+05
   4.4861401e+04
   2.6185086e+05
   3.0895257e+05
   4.7136243e+05
   2.4596766e+05
   3.5307017e+05
   2.8235368e+05
   3.5725573e+05
   2.7920761e+05
   2.7498908e+05
   4.9380738e+05
   3.6523398e+05
   4.5262357e+05
   4.2012129e+05
   4.8251381e+05
   4.6687810e+05
   1.2009867e+05
   4.6193001e+05
   1.8929209e+05
   2.8519402e+05
   1.9736070e+05
   4.1647118e+05
   3.3101193e+05
   3.0626426e+05
   4.0314878e+05
   3.6970784e+05
   2.8490596e+05
   2.3472306e+05
   1.5073119e+05
   2.7033358e+05
   4.0543709e+05
   3.2191333e+05
   2.5532973e+05
   4.1179022e+04
   4.8341310e+05
   4.4842152e+05
   7.7584434e+04
   1.9028344e+05
   1.6936983e+05
   5.7853234e+04
   3.7554884e+05
   5.3860832e+04
   3.8052009e+04
   1.8575401e+05
   3.4373237e+04
   1.4454104e+05
   2.9694485e+05
   2.8582787e+05
   2.6324875e+05
   1.7989453e+05
   3.5534046e+05
   2.6451680e+05
   3.7734707e+05
   4.3151523e+05
   4.0519832e+05
   4.4520798e+05
   4.5272641e+05
   7.4568767e+04
   1.5362526e+05
   3.2643607e+05
   1.9713529e+05
   3.4453136e+05
   1.1711295e+05
   1.4842588e+05
   2.6956242e+05
   8.7790951e+04
   4.3600408e+05
   2.9057034e+05
   8.4378658e+04
   1.0389994e+05
   7.9138922e+04
   1.2005525e+05
   2.3335777e+05
   1.6880236e+05
   1.2214747e+05
   2.4663181e+05
   9.9123540e+04
   5.0258501e+04
   4.6911276e+05
   4.4953824e+05
   4.0749543e+05
   3.4951199e+05
   2.0588869e+05
   3.8128788e+05
   4.8751067e+05
   3.5507263e+05
   2.7731169e+05
   4.2805253e+04
   3.6072521e+05
   4.7866098e+05
   2.4178655e+05
   2.5753997e+05
   4.7918162e+05
   1.2016143e+05
   1.1255814e+05
   2.8455290e+05
   5.8819378e+04
   1.8606560e+05
   3.7478951e+05
   3.5115230e+05
   3.2959409e+05
   5.7495599e+04
   4.3679189e+05
   2.5507548e+05
   3.5535707e+05
   2.9317008e+05
   1.3667390e+05
   4.0667549e+05
   1.1116387e+05
   1.4012405e+05
   1.5868382e+05
   3.8370175e+04
   1.6964510e+05
   3.5625461e+05
   2.4802120e+05
   1.8723911e+05
   2.8938147e+05
   3.6850600e+05
   4.5701256e+05
   3.2696580e+05
   1.3262350e+05
   4.9916231e+04
   1.9638012e+05
   6.5103831e+04
   2.9542835e+05
   2.6243811e+05
   3.8377680e+05
   1.0879232e+05
   3.9190615e+05
   5.9437916e+04
   1.8247841e+05
   2.0011411e+05
   2.5807310e+05
   7.4742873e+04
   2.1483856e+05
   1.9468907e+05
   6.6719658e+04
   6.2506898e+04
   2.7091181e+05
   1.2544908e+05
   3.6915245e+04
   1.7170987e+05
   2.8112623e+05
   1.0715893e+05
   1.1300446e+05
   1.7385463e+05
   4.3839839e+04
   3.0377729e+05
   6.4168779e+04
   1.6866014e+05
   3.1683934e+05
   2.8783932e+05
   1.6666608e+05
   2.3068083e+05
   4.9831754e+05
   3.2708130e+04
   4.8425093e+05
   5.2278060e+04
   2.3539809e+05
   4.8497300e+05
   4.0413900e+05
   2.1503286e+05
   3.2395136e+05
   5.5248118e+04
   2.3797004e+05
   7.3826583e+04
   3.3857977e+05
   9.2798862e+04
   1.5454037e+05
   1.7862045e+05
   4.5689685e+04
   2.2851831e+05
   2.9515572e+05
   1.6821613e+05
   1.4486434e+05
   2.4919730e+05
   4.0108748e+05
   3.0825303e+05
   3.1958124e+04
   1.3504533e+05
   1.8559493e+05
   4.8729642e+05
   2.2843012e+05
   4.3169704e+05
   2.3177429e+05
   2.6278169e+05
   3.7581910e+04
   1.7634859e+05
   4.1688353e+05
   2.1884770e+05
   1.4804188e+05
   3.8542547e+04
   4.5285701e+05
   3.0763325e+05
   2.9216325e+05
   4.3610205e+05
   2.1121630e+05
   2.9813855e+05
   1.7193899e+05
   1.4692134e+05
   4.9798104e+05
   1.4339953e+05
   3.5416372e+05
   4.7457048e+04
   1.6908568e+05
   4.5615197e+05
   1.4415276e+05
   2.4282113e+05
   4.6816806e+05
   4.4554199e+05
   3.7745224e+05
   9.2128588e+04
   1.6803758e+05
   1.8479130e+05
   7.9296637e+04
   4.5487604e+05
   1.5274983e+05
   3.0654906e+05
   5.5731084e+04
   4.8275823e+05
   2.9039144e+05
   2.4417288e+05
   4.5634633e+05
   1.4087861e+05
   3.3976573e+05
   4.6415706e+05
   2.8198737e+05
   1.4239455e+05
   3.5279859e+05
   3.7127648e+05
   1.5666441e+05
   5.1974704e+04
   1.4897058e+05
   1.1443016e+05
   3.9793110e+05
   5.3491531e+04
   8.5119580e+04
   3.4730833e+05
   6.4278586e+04
   3.0529233e+05
   3.6110904e+05
   3.3293522e+05
   4.8463603e+05
   7.2361565e+04
   1.7611496e+05
   2.2930826e+05
   3.2092754e+05
   1.5380123e+05
   1.1536380e+05
   1.5440697e+05
   4.2607195e+05
   1.0863879e+05
   6.2327788e+04
   4.5752483e+05
   3.4218122e+05
   9.5596736e+04
   2.7542108e+05
   2.5633649e+05
   2.5251847e+05
   4.5751891e+05
   2.0631710e+05
   3.7748401e+05
   1.4141088e+05
   1.3472685e+05
   1.1246907e+05
   2.4727189e+05
   3.6650939e+05
   8.1788570e+04
   3.6574135e+05
   3.6924492e+05
   3.7490966e+04
   3.9787664e+05
   2.5161273e+05
   2.4422133e+05
   2.9425428e+05
   2.6326059e+05
   2.3172188e+05
   4.4049569e+04
   2.1062883e+05
   1.8485916e+05
   1.9021920e+05
   2.5769390e+05
   2.4445727e+05
   3.7110628e+05
   1.2683645e+05
   2.8551128e+05
   3.6266475e+05
   1.4735914e+05
   3.5822624e+05
   3.1530174e+05
   3.0335404e+04
   2.5550174e+05
   1.1133776e+05
   1.7237253e+05
   4.8811365e+05
   4.8514989e+05
   3.7990071e+05
   5.9604620e+04
   1.3375353e+05
   4.5633824e+05
   4.7734676e+05
   4.1046964e+05
   1.9472113e+05
   3.2090294e+05
   9.7405128e+04
   4.8026637e+05
   3.4006996e+05
   4.3178958e+05
   4.5386334e+05
   2.9820656e+05
   7.3100586e+04
   3.1781958e+05
   2.9491295e+05
   4.2450397e+05
   1.8700660e+05
   4.8465080e+05
   9.2540690e+04
   2.4417350e+05
   1.7589498e+05
   2.5367949e+05
   6.6412978e+04
   1.4237590e+05
   2.5103826e+05
   3.0751662e+05
   1.1539804e+05
   1.7385823e+05
   2.9341941e+05
   3.7398950e+05
   2.1919504e+05
   1.4649200e+05
   3.1078518e+05
   1.0399848e+05
   3.2541485e+05
   1.2846690e+05
   1.0524852e+05
   1.1716476e+05
   3.5728856e+05
   4.6405572e+05
   2.0791478e+05
   3.8749826e+05
   1.3674904e+05
   2.7721842e+05
   2.2227320e+05
   2.7690723e+05
   3.2893947e+05
   1.1040069e+05
   3.8222109e+05
   5.4236360e+04
   1.4028019e+05
   5.7629661e+04
   1.6903451e+05
   4.4538509e+05
   4.6979342e+05
   2.7328896e+05
   4.1995639e+05
   9.8908680e+04
   4.8952323e+05
   4.9689065e+05
   3.2911901e+05
   8.7546506e+04
   2.0489817e+05
   2.2733297e+05
   4.9974504e+05
   1.9288774e+05
   8.2477997e+04
   3.7494582e+05
   3.8887467e+05
   2.4962912e+05
   1.7531199e+05
   3.0365554e+05
   2.9443538e+05
   8.2710513e+04
   2.5701200e+05
   4.4199902e+05
   1.8343416e+05
   4.9844833e+05
   6.5827194e+04
   2.6862909e+05
   3.3783347e+05
   4.0893961e+05
   3.7918003e+05
   1.1512304e+05
   4.4499737e+05
   4.3508979e+05
   2.2213096e+05
   2.3639263e+05
   4.0534732e+05
   2.7503751e+05
   1.6078720e+05
   1.3931169e+05
   4.7418385e+05
   1.4905137e+05
   2.3112318e+05
   2.2160332e+05
   2.2014003e+05
   1.3257413e+05
   4.4119292e+05
   2.6292482e+05
   4.7183108e+05
   4.7742921e+05
   3.6561003e+05
   2.6399423e+05
   1.7250155e+05
   2.3552810e+05
   1.3658277e+05
   4.6074673e+05
   4.2370420e+05
   1.0071184e+05
   5.1831658e+04
   3.3124397e+05
   3.4564859e+05
   4.7381455e+05
   2.6963659e+05
   8.0156686e+04
   3.8916641e+05
   4.6307188e+05
   3.3864593e+05
   3.7927316e+05
   1.1768047e+05
   8.6139157e+04
   3.0603213e+05
   8.3559790e+04
   3.4938906e+05
   6.9811389e+04
   3.1252601e+05
   6.7577090e+04
   2.3983843e+05
   3.1943739e+05
   3.6970719e+05
   3.2084929e+05
   3.6934576e+05
   1.3059047e+05
   2.4266090e+05
   3.4573480e+05
   6.0565391e+04
   3.4444007e+04
   7.0364529e+04
   2.7416220e+05
   2.1009420e+05
   3.7731926e+05
   4.7719570e+05
   2.3119876e+05
   1.4688867e+05
   3.0005301e+05
   1.0802110e+05
   4.2667067e+05
   4.0767373e+05
   2.7164570e+05
   7.9591415e+04
   2.2121620e+05
   1.2392894e+05
   4.6277822e+05
   2.3012250e+05
   3.9163544e+05
   1.9153395e+05
   3.4839614e+05
   2.0320272e+05
   1.7236070e+05
   6.7788013e+04
   2.8641780e+05
   2.3817979e+05
   4.9250002e+05
   1.7294277e+05
   8.8610639e+04
   1.9607780e+05
   1.6491429e+05
   1.7739323e+05
   1.0247910e+05
   4.1153385e+05
   5.7831177e+04
   3.5096258e+05
   4.8469868e+05
   4.7559005e+05
   4.4816444e+05
   1.7592180e+05
   3.4300885e+05
   2.7077981e+05
   3.4415207e+05
   3.8629455e+04
   2.2400234e+05
   4.3540553e+05
   2.1426679e+05
   2.9880368e+05
   3.0967985e+05
   3.7114570e+05
   4.0908214e+05
   3.5000828e+05
   4.5370076e+05
   1.1940492e+05
   1.3967861e+05
   1.5363769e+05
   1.9767366e+05
   3.8902744e+05
   1.9511699e+05
   4.1183851e+05
   4.1461662e+05
   1.7865492e+05
   3.8128954e+05
   1.9786886e+05
   4.1734629e+05
   3.6773173e+05
   4.3240820e+05
   4.9270554e+05
   4.8845123e+05
   3.1484384e+05
   4.9818567e+05
   4.8556139e+04
   4.7456672e+05
   1.6290340e+05
   2.3249032e+05
   4.3312000e+05
   4.6538459e+05
   3.2415047e+05
   3.5094284e+05
   2.7004226e+05
   4.5266044e+04
   5.4774107e+04
   4.6617759e+05
   4.5918277e+05
   2.2124400e+05
   4.8725236e+05
   1.6989802e+05
   4.0818902e+05
   3.8844287e+05
   4.9251510e+05
   3.2292203e+05
   3.1382625e+05
   1.7152005e+05
   4.8581713e+05
   2.1693917e+05
   6.9509927e+04
   3.4346674e+05
   1.3838448e+05
   2.8225789e+05
   2.0858134e+05
   1.5509380e+05
   4.0364448e+05
   3.5670276e+05
   3.3186812e+05
   2.8952528e+05
   3.2597926e+05
   1.0386175e+05
   3.1993990e+05
   1.0019272e+05
   3.0059009e+05
   3.2940119e+04
   2.2017378e+05
   3.2286877e+05
   3.6294968e+05
   2.2319836e+05
   3.0845436e+05
   1.5111690e+05
   9.9429722e+04
   4.1224398e+05
   1.5538170e+05
   3.5909849e+05
   3.7864957e+05
   1.9391545e+05
   1.1929446e+05
   1.9976904e+05
   3.2181568e+05
   2.8289819e+05
   3.1184868e+05
   4.7953313e+05
   2.4637795e+05
   4.6240253e+05
   3.0851137e+05
   1.7071969e+05
   3.4271923e+05
   3.9946102e+05
   4.2601629e+05
   1.0211650e+05
   9.1512662e+04
   1.0699986e+05
   3.5644315e+05
   4.8374007e+05
   3.4875417e+05
   2.6841737e+05
   4.5647550e+05
   6.6284994e+04
   1.0178510e+05
   1.5935094e+05
   1.1014127e+05
   5.8291098e+04
   1.9874496e+05
   9.5059085e+04
   4.0294153e+05
   3.4316805e+05
   4.4827582e+05
   3.3810807e+05
   2.2097799e+05
   1.0883865e+05
   4.9058020e+05
   3.7698538e+05
   2.0346065e+05
   1.8823019e+05
   2.1057838e+05
   3.1988868e+05
   2.2845884e+05
   4.5809658e+04
   1.9659150e+05
   9.6716371e+04
   4.2944742e+05
   2.5909944e+05
   1.5135991e+05
   4.9951105e+05
   9.0633323e+04
   8.5659605e+04
   2.3565791e+05
   3.8840322e+04
   4.6284042e+05
   1.8647263e+05
   3.1399311e+04
   6.3790229e+04
   1.9926421e+05
   3.9760646e+05
   3.5118799e+05
   2.6729424e+05
   7.7146454e+04
   3.5077087e+05
   2.1951913e+05
   2.4559979e+05
   3.1949241e+05
   4.9560844e+05
   1.0634170e+05
   2.2063457e+05
   2.9286891e+05
   4.1586795e+05
   3.1023428e+05
   3.2450071e+05
   2.0234305e+05
   3.7159722e+05
   4.4043628e+05
   3.9981469e+05
   1.9450571e+05
   4.7594654e+05
   3.1290621e+05
   3.5596088e+05
   4.1524107e+05
   4.1468390e+05
   3.2660661e+05
   4.2606319e+04
   1.8619461e+05
   4.5423665e+05
   8.4471498e+04
   3.6634723e+05
   4.2050888e+05
   2.6138795e+05
   1.8132175e+05
   1.8037223e+05
   2.2196831e+05
   3.0399018e+05
   4.4541748e+04
   4.2234455e+04
   4.8314441e+05
   1.0389397e+05
   3.9786432e+05
   2.1493035e+05
   2.5286894e+05
   2.1403597e+05
   9.3904013e+04
   1.1669664e+05
   3.5965860e+05
   4.7547052e+05
   1.6466393e+05
   3.8192527e+04
   4.8229019e+05
   8.6733354e+04
   1.2343152e+05
   3.3436423e+05
   1.0549210e+05
   3.5249724e+05
   7.4107178e+04
   4.2206413e+04
   1.1996698e+05
   3.2940758e+05
   8.7989085e+04
   8.0661282e+04
   4.8103051e+05
   3.8840772e+05
   4.0484707e+05
   4.5102785e+05
   9.7565902e+04
   7.6685022e+04
   3.4798665e+04
   3.1266585e+05
   2.2964458e+05
   2.0997337e+05
   1.0252638e+05
   1.9461985e+05
   9.5220538e+04
   1.4001048e+05
   4.7513128e+05
   2.6391415e+05
   1.5933631e+05
   1.1211093e+05
   3.3929595e+05
   4.6458194e+05
   3.8670617e+05
   3.9793711e+05
   2.3769511e+05
   4.6305320e+05
   2.2110059e+05
   1.7415584e+05
   3.6849173e+05
   1.0070734e+05
   8.8310060e+04
   2.9684954e+05
   2.1205070e+05
   1.8296320e+05
   3.2322530e+05
   3.0336763e+04
   2.5661469e+05
   4.9779468e+05
   3.4875380e+05
   3.9764732e+05
   6.5488153e+04
   2.2940578e+05
   1.7006978e+05
   4.8226219e+04
   2.1941083e+05
   4.0439019e+05
   2.2230753e+05
   2.3689468e+05
   2.0021028e+05
   7.6707660e+04
   3.4407632e+05
   2.1816762e+05
   2.1182271e+05
   2.7729723e+05
   2.5484098e+05
   2.1498466e+05
   2.8368976e+05
   3.1162901e+05
   2.2084374e+05
   4.9762724e+04
   6.0097630e+04
   3.4143962e+05
   2.0023371e+05
   2.7855573e+05
   1.8690226e+05
   3.8716121e+05
   4.3638543e+05
   1.2588977e+05
   1.4485113e+05
   3.8547995e+04
   2.9932360e+05
   3.8322494e+05
   2.9962717e+05
   4.4174783e+05
   3.7683175e+05
   2.8644544e+05
   4.2094299e+05
   8.7950183e+04
   4.0260048e+04
   2.8190166e+05
   8.9894931e+04
   1.1528985e+05
   1.6248949e+05
   3.4013855e+05
   2.6814106e+05
   2.2029999e+05
   4.3394679e+05
   3.8484142e+05
   1.3540224e+05
   3.7211830e+05
   3.6195366e+05
   3.7837207e+05
   2.5236497e+05
   2.4889257e+05
   3.8733804e+05
   1.0050922e+05
   4.7707477e+05
   4.3417290e+05
   2.9176654e+05
   6.3980254e+04
   1.9548518e+05
   4.9997875e+05
   5.8921245e+04
   2.6311676e+05
   4.7990392e+05
   8.7333309e+04
   6.2583734e+04
   3.8380088e+05
   4.9589596e+05
   2.4175851e+05
   3.8822237e+05
   2.1043115e+05
   2.2826947e+05
   1.2928958e+05
   1.6875943e+05
   3.5974008e+05
   6.1957315e+04
   6.0144807e+04
   4.9848537e+05
   1.0601630e+05
   4.3064269e+05
   4.1182916e+05
   3.4965759e+05
   3.0191267e+05
   2.4217271e+05
   4.7622876e+05
   1.0161167e+05
   1.1006076e+05
   3.7078389e+05
   2.6456002e+05
   1.3730946e+05
   3.0523730e+05
   9.0377677e+04
   7.9636453e+04
   2.4964584e+05
   3.6025931e+05
   3.8010490e+04
   3.9419698e+05
   2.6663078e+05
   3.7890911e+05
   3.3544265e+05
   3.8763901e+04
   4.8896989e+05
   3.3087692e+05
   2.0238644e+05
   1.0367876e+05
   2.0207426e+05
   2.9174289e+05
   1.5529351e+05
   6.1829472e+04
   3.5486252e+05
   1.2985613e+05
   1.9256218e+05
   1.3966905e+05
   4.4364554e+04
   3.7891585e+05
   4.6387023e+05
   2.8136543e+05
   1.1446011e+05
   3.1339855e+05
   6.7267714e+04
   8.2995712e+04
   2.8921543e+05
   4.6436372e+05
   2.7058718e+05
   2.0656512e+05
   9.5544486e+04
   1.4948137e+05
   1.1443249e+05
   2.1030131e+05
   8.9654885e+04
   2.4047426e+05
   3.1179949e+05
   3.6928548e+05
   4.6992207e+05
   2.5260188e+05
   9.0291372e+04
   3.5409011e+05
   4.7300517e+05
   3.0329044e+04
   4.7235226e+05
   1.0611631e+05
   1.6395496e+05
   1.6550310e+05
   4.8678423e+05
   2.3946888e+05
   2.6862126e+05
   7.0761359e+04
   3.3202601e+05
   4.1453696e+05
   7.4676520e+04
   4.9015075e+05
   1.6731394e+05
   3.5494577e+05
   3.7585826e+05
   4.8267432e+05
   4.4675071e+05
   3.0195790e+05
   9.6014724e+04
   2.5216611e+05
   3.2156328e+05
   3.2652606e+04
   3.7018065e+05
   1.7664807e+05
   1.8341628e+05
   3.2990661e+05
   2.5306056e+05
   2.7762419e+05
   3.3149665e+05
   3.2301071e+05
   1.4845364e+05
   2.1019622e+05
   4.4268497e+05
   2.7223791e+05
   3.2032631e+05
   3.5380958e+05
   1.1757979e+05
   1.6532413e+05
   1.3499095e+05
   4.6283591e+04
   4.4251218e+05
   3.3514587e+05
   1.8165809e+05
   1.1904326e+05
   4.4752800e+05
   4.8386217e+05
   6.3543830e+04
   2.0368005e+05
   3.1133864e+05
   4.0419289e+05
   3.7775657e+05
   8.7992257e+04
   7.2635026e+04
   1.5891705e+05
   3.3425111e+05
   1.8017679e+05
   3.5547865e+05
   2.6917524e+05
   2.9493732e+05
   3.9813250e+05
   1.6198568e+05
   1.5534618e+05
   4.9607302e+05
   3.9787772e+05
   3.2902061e+05
   3.7427477e+05
   2.2015740e+05
   2.1307907e+05
   4.5991229e+05
   3.0887148e+05
   2.7179544e+05
   7.8184142e+04
   3.9051174e+05
   1.4924057e+05
   8.4668627e+04
   3.8134225e+05
   1.8778246e+05
   3.2817853e+05
   3.7549763e+05
   3.4450928e+05
   1.8144874e+05
   1.7481401e+05
   4.8577839e+05
   3.6331258e+05
   3.4561742e+05
   2.5380396e+05
   2.0002492e+05
   5.2370667e+04
   1.6318364e+05
   5.6241314e+04
   4.7998562e+05
   1.2364504e+05
   4.1639462e+05
   4.1641244e+05
   3.4353462e+05
   8.8725721e+04
   1.3514445e+05
   1.7838807e+05
   4.0455500e+05
   5.7617952e+04
   2.9818988e+05
   1.4571827e+05
   4.7194358e+05
   3.9028785e+05
   2.7280137e+05
   4.5924127e+05
   2.2074290e+05
   1.2159319e+05
   3.8843002e+05
   3.7465640e+05
   3.5923213e+05
   1.2971070e+05
   3.0403381e+05
   4.4496140e+05
   3.7675362e+05
   4.4648353e+05
   1.7508405e+05
   4.4449277e+05
   1.2093610e+05
   4.3470731e+05
   1.5313723e+05
   4.1228815e+05
   3.7176900e+05
   6.7272648e+04
   4.6698126e+05
   7.2447977e+04
   4.3852195e+05
   3.0645698e+05
   1.6646979e+05
   2.8409307e+05
   2.8401590e+05
   2.1123361e+05
   2.7075724e+05
   1.6416037e+05
   4.8320317e+05
   2.0256392e+05
   4.6463432e+04
   1.3107145e+05
   1.3391786e+05
   4.0469608e+05
   3.5873549e+05
   7.9777700e+04
   2.6845082e+05
   2.9941015e+05
   4.4861401e+04
   2.6185086e+05
   3.0895257e+05
   4.7136243e+05
   2.4596766e+05
   3.5307017e+05
   2.8235368e+05
   3.5725573e+05
   2.7920761e+05
   2.7498908e+05
   4.9380738e+05
   3.6523398e+05
   4.5262357e+05
   4.2012129e+05
   4.8251381e+05
   4.6687810e+05
   1.2009867e+05
   4.6193001e+05
   1.8929209e+05
   2.8519402e+05
   1.9736070e+05
   4.1647118e+05
   3.3101193e+05
   3.0626426e+05
   4.0314878e+05
   3.6970784e+05
   2.8490596e+05
   2.3472306e+05
   1.5073119e+05
   2.7033358e+05
   4.0543709e+05
   3.2191333e+05
   2.5532973e+05
   4.1179022e+04
   4.8341310e+05
   4.4842152e+05
   7.7584434e+04
   1.9028344e+05
   1.6936983e+05
   5.7853234e+04
   3.7554884e+05
   5.3860832e+04
   3.8052009e+04
   1.8575401e+05
   3.4373237e+04
   1.4454104e+05
   2.9694485e+05
   2.8582787e+05
   2.6324875e+05
   1.7989453e+05
   3.5534046e+05
   2.6451680e+05
   3.7734707e+05
   4.3151523e+05
   4.0519832e+05
   4.4520798e+05
   4.5272641e+05
   7.4568767e+04
   1.5362526e+05
   3.2643607e+05
   1.9713529e+05
   3.4453136e+05
   1.1711295e+05
   1.4842588e+05
   2.6956242e+05
   8.7790951e+04
   4.3600408e+05
   2.9057034e+05
   8.4378658e+04
   1.0389994e+05
   7.9138922e+04
   1.2005525e+05
   2.3335777e+05
   1.6880236e+05
   1.2214747e+05
   2.4663181e+05
   9.9123540e+04
   5.0258501e+04
   4.6911276e+05
   4.4953824e+05
   4.0749543e+05
   3.4951199e+05
   2.0588869e+05
   3.8128788e+05
   4.8751067e+05
   3.5507263e+05
   2.7731169e+05
   4.2805253e+04
   3.6072521e+05
   4.7866098e+05
   2.4178655e+05
   2.5753997e+05
   4.7918162e+05
   1.2016143e+05
   1.1255814e+05
   2.8455290e+05
   5.8819378e+04
   1.8606560e+05
   3.7478951e+05
   3.5115230e+05
   3.2959409e+05
   5.7495599e+04
   4.3679189e+05
   2.5507548e+05
   3.5535707e+05
   2.9317008e+05
   1.3667390e+05
   4.0667549e+05
   1.1116387e+05
   1.4012405e+05
   1.5868382e+05
   3.8370175e+04
   1.6964510e+05
   3.5625461e+05
   2.4802120e+05
   1.8723911e+05
   2.8938147e+05
   3.6850600e+05
   4.5701256e+05
   3.2696580e+05
   1.3262350e+05
   4.9916231e+04
   1.9638012e+05
   6.5103831e+04
   2.9542835e+05
   2.6243811e+05
   3.8377680e+05
   1.0879232e+05
   3.9190615e+05
   5.9437916e+04
   1.8247841e+05
   2.0011411e+05
   2.5807310e+05
   7.4742873e+04
   2.1483856e+05
   1.9468907e+05
   6.6719658e+04
   6.2506898e+04
   2.7091181e+05
   1.2544908e+05
   3.6915245e+04
   1.7170987e+05
   2.8112623e+05
   1.0715893e+05
   1.1300446e+05
   1.7385463e+05
   4.3839839e+04
   3.0377729e+05
   6.4168779e+04
   1.6866014e+05
   3.1683934e+05
   2.8783932e+05
   1.6666608e+05
   2.3068083e+05
   4.9831754e+05
   3.2708130e+04
   4.8425093e+05
   5.2278060e+04
   2.3539809e+05
   4.8497300e+05
   4.0413900e+05
   2.1503286e+05
   3.2395136e+05
   5.5248118e+04
   2.3797004e+05
   7.3826583e+04
   3.3857977e+05
   9.2798862e+04
   1.5454037e+05
   1.7862045e+05
   4.5689685e+04
   2.2851831e+05
   2.9515572e+05
   1.6821613e+05
   1.4486434e+05
   2.4919730e+05
   4.0108748e+05
   3.0825303e+05
   3.1958124e+04
   1.3504533e+05
   1.8559493e+05
   4.8729642e+05
   2.2843012e+05
   4.3169704e+05
   2.3177429e+05
   2.6278169e+05
   3.7581910e+04
   1.7634859e+05
   4.1688353e+05
   2.1884770e+05
   1.4804188e+05
   3.8542547e+04
   4.5285701e+05
   3.0763325e+05
   2.9216325e+05
   4.3610205e+05
   2.1121630e+05
   2.9813855e+05
   1.7193899e+05
   1.4692134e+05
   4.9798104e+05
   1.4339953e+05
   3.5416372e+05
   4.7457048e+04
   1.6908568e+05
   4.5615197e+05
   1.4415276e+05
   2.4282113e+05
   4.6816806e+05
   4.4554199e+05
   3.7745224e+05
   9.2128588e+04
   1.6803758e+05
   1.8479130e+05
   7.9296637e+04
   4.5487604e+05
   1.5274983e+05
   3.0654906e+05
   5.5731084e+04
   4.8275823e+05
   2.9039144e+05
   2.4417288e+05
   4.5634633e+05
   1.4087861e+05
   3.3976573e+05
   4.6415706e+05
   2.8198737e+05
   1.4239455e+05
   3.5279859e+05
   3.7127648e+05
   1.5666441e+05
   5.1974704e+04
   1.4897058e+05
   1.1443016e+05
   3.9793110e+05
   5.3491531e+04
   8.5119580e+04
   3.4730833e+05
   6.4278586e+04
   3.0529233e+05
   3.6110904e+05
   3.3293522e+05
   4.8463603e+05
   7.2361565e+04
   1.7611496e+05
   2.2930826e+05
   3.2092754e+05
   1.5380123e+05
   1.1536380e+05
   1.5440697e+05
   4.2607195e+05
   1.0863879e+05
   6.2327788e+04
   4.5752483e+05
   3.4218122e+05
   9.5596736e+04
   2.7542108e+05
   2.5633649e+05
   2.5251847e+05
   4.5751891e+05
   2.0631710e+05
   3.7748401e+05
   1.4141088e+05
   1.3472685e+05
   1.1246907e+05
   2.4727189e+05
   3.6650939e+05
   8.1788570e+04
   3.6574135e+05
   3.6924492e+05
   3.7490966e+04
   3.9787664e+05
   2.5161273e+05
   2.4422133e+05
   2.9425428e+05
   2.6326059e+05
   2.3172188e+05
   4.4049569e+04
   2.1062883e+05
   1.8485916e+05
   1.9021920e+05
   2.5769390e+05
   2.4445727e+05
   3.7110628e+05
   1.2683645e+05
   2.8551128e+05
   3.6266475e+05
   1.4735914e+05
   3.5822624e+05
   3.1530174e+05
   3.0335404e+04
   2.5550174e+05
   1.1133776e+05
   1.7237253e+05
   4.8811365e+05
   4.8514989e+05
   3.7990071e+05
   5.9604620e+04
   1.3375353e+05
   4.5633824e+05
   4.7734676e+05
   4.1046964e+05
   1.9472113e+05
   3.2090294e+05
   9.7405128e+04
   4.8026637e+05
   3.4006996e+05
   4.3178958e+05
   4.5386334e+05
   2.9820656e+05
   7.3100586e+04
   3.1781958e+05
   2.9491295e+05
   4.2450397e+05
   1.8700660e+05
   4.8465080e+05
   9.2540690e+04
   2.4417350e+05
   1.7589498e+05
   2.5367949e+05
   6.6412978e+04
   1.4237590e+05
   2.5103826e+05
   3.0751662e+05
   1.1539804e+05
   1.7385823e+05
   2.9341941e+05
   3.7398950e+05
   2.1919504e+05
   1.4649200e+05
   3.1078518e+05
   1.0399848e+05
   3.2541485e+05
   1.2846690e+05
   1.0524852e+05
   1.1716476e+05
   3.5728856e+05
   4.6405572e+05
   2.0791478e+05
   3.8749826e+05
   1.3674904e+05
   2.7721842e+05
   2.2227320e+05
   2.7690723e+05
   3.2893947e+05
   1.1040069e+05
   3.8222109e+05
   5.4236360e+04
   1.4028019e+05
   5.7629661e+04
   1.6903451e+05
   4.4538509e+05
   4.6979342e+05
   2.7328896e+05
   4.1995639e+05
   9.8908680e+04
   4.8952323e+05
   4.9689065e+05
   3.2911901e+05
   8.7546506e+04
   2.0489817e+05
   2.2733297e+05
   4.9974504e+05
   1.9288774e+05
   8.2477997e+04
   3.7494582e+05
   3.8887467e+05
   2.4962912e+05
   1.7531199e+05
   3.0365554e+05
   2.9443538e+05
   8.2710513e+04
   2.5701200e+05
   4.4199902e+05
   1.8343416e+05
   4.9844833e+05
   6.5827194e+04
   2.6862909e+05
   3.3783347e+05
   4.0893961e+05
   3.7918003e+05
   1.1512304e+05
   4.4499737e+05
   4.3508979e+05
   2.2213096e+05
   2.3639263e+05
   4.0534732e+05
   2.7503751e+05
   1.6078720e+05
   1.3931169e+05
   4.7418385e+05
   1.4905137e+05
   2.3112318e+05
   2.2160332e+05
   2.2014003e+05
   1.3257413e+05
   4.4119292e+05
   2.6292482e+05
   4.7183108e+05
   4.7742921e+05
   3.6561003e+05
   2.6399423e+05
   1.7250155e+05
   2.3552810e+05
   1.3658277e+05
   4.6074673e+05
   4.2370420e+05
   1.0071184e+05
   5.1831658e+04
   3.3124397e+05
   3.4564859e+05
   4.7381455e+05
   2.6963659e+05
   8.0156686e+04
   3.8916641e+05
   4.6307188e+05
   3.3864593e+05
   3.7927316e+05
   1.1768047e+05
   8.6139157e+04
   3.0603213e+05
   8.3559790e+04
   3.4938906e+05
   6.9811389e+04
   3.1252601e+05
   6.7577090e+04
   2.3983843e+05
   3.1943739e+05
   3.6970719e+05
   3.2084929e+05
   3.6934576e+05
   1.3059047e+05
   2.4266090e+05
   3.4573480e+05
   6.0565391e+04
   3.4444007e+04
   7.0364529e+04
   2.7416220e+05
   2.1009420e+05
   3.7731926e+05
   4.7719570e+05
   2.3119876e+05
   1.4688867e+05
   3.0005301e+05
   1.0802110e+05
   4.2667067e+05
   4.0767373e+05
   2.7164570e+05
   7.9591415e+04
   2.2121620e+05
   1.2392894e+05
   4.6277822e+05
   2.3012250e+05
   3.9163544e+05
   1.9153395e+05
   3.4839614e+05
   2.0320272e+05
   1.7236070e+05
   6.7788013e+04
   2.8641780e+05
   2.3817979e+05
   4.9250002e+05
   1.7294277e+05
   8.8610639e+04
   1.9607780e+05
   1.6491429e+05
   1.7739323e+05
   1.0247910e+05
   4.1153385e+05
   5.7831177e+04
   3.5096258e+05
   4.8469868e+05
   4.7559005e+05
   4.4816444e+05
   1.7592180e+05
   3.4300885e+05
   2.7077981e+05
   3.4415207e+05
   3.8629455e+04
   2.2400234e+05
   4.3540553e+05
   2.1426679e+05
   2.9880368e+05
   3.0967985e+05
   3.7114570e+05
   4.0908214e+05
   3.5000828e+05
   4.5370076e+05
   1.1940492e+05
   1.3967861e+05
   1.5363769e+05
   1.9767366e+05
   3.8902744e+05
   1.9511699e+05
   4.1183851e+05
   4.1461662e+05
   1.7865492e+05
   3.8128954e+05
   1.9786886e+05
   4.1734629e+05
   3.6773173e+05
   4.3240820e+05
   4.9270554e+05
   4.8845123e+05
   3.1484384e+05
   4.9818567e+05
   4.8556139e+04
   4.7456672e+05
   1.6290340e+05
   2.3249032e+05
   4.3312000e+05
   4.6538459e+05
   3.2415047e+05
   3.5094284e+05
   2.7004226e+05
   4.5266044e+04
   5.4774107e+04
   4.6617759e+05
   4.5918277e+05
   2.2124400e+05
   4.8725236e+05
   1.6989802e+05
   4.0818902e+05
   3.8844287e+05
   4.9251510e+05
   3.2292203e+05
   3.1382625e+05
   1.7152005e+05
   4.8581713e+05
   2.1693917e+05
   6.9509927e+04
   3.4346674e+05
   1.3838448e+05
   2.8225789e+05
   2.0858134e+05
   1.5509380e+05
   4.0364448e+05
   3.5670276e+05
   3.3186812e+05
   2.8952528e+05
   3.2597926e+05
   1.0386175e+05
   3.1993990e+05
   1.0019272e+05
   3.0059009e+05
   3.2940119e+04
   2.2017378e+05
   3.2286877e+05
   3.6294968e+05
   2.2319836e+05
   3.0845436e+05
   1.5111690e+05
   9.9429722e+04
   4.1224398e+05
   1.5538170e+05
   3.5909849e+05
   3.7864957e+05
   1.9391545e+05
   1.1929446e+05
   1.9976904e+05
   3.2181568e+05
   2.8289819e+05
   3.1184868e+05
   4.7953313e+05
   2.4637795e+05
   4.6240253e+05
   3.0851137e+05
   1.7071969e+05
   3.4271923e+05
   3.9946102e+05
   4.2601629e+05
   1.0211650e+05
   9.1512662e+04
   1.0699986e+05
   3.5644315e+05
   4.8374007e+05
   3.4875417e+05
   2.6841737e+05
   4.5647550e+05
   6.6284994e+04
   1.0178510e+05
   1.5935094e+05
   1.1014127e+05
   5.8291098e+04
   1.9874496e+05
   9.5059085e+04
   4.0294153e+05
   3.4316805e+05
   4.4827582e+05
   3.3810807e+05
   2.2097799e+05
   1.0883865e+05
   4.9058020e+05
   3.7698538e+05
   2.0346065e+05
   1.8823019e+05
   2.1057838e+05
   3.1988868e+05
   2.2845884e+05
   4.5809658e+04
   1.9659150e+05
   9.6716371e+04
   4.2944742e+05
   2.5909944e+05
   1.5135991e+05
   4.9951105e+05
   9.0633323e+04
   8.5659605e+04
   2.3565791e+05
   3.8840322e+04
   4.6284042e+05
   1.8647263e+05
   3.1399311e+04
   6.3790229e+04
   1.9926421e+05
   3.9760646e+05
   3.5118799e+05
   2.6729424e+05
   7.7146454e+04
   3.5077087e+05
   2.1951913e+05
   2.4559979e+05
   3.1949241e+05
   4.9560844e+05
   1.0634170e+05
   2.2063457e+05
   2.9286891e+05
   4.1586795e+05
   3.1023428e+05
   3.2450071e+05
   2.0234305e+05
   3.7159722e+05
   4.4043628e+05
   3.9981469e+05
   1.9450571e+05
   4.7594654e+05
   3.1290621e+05
   3.5596088e+05
   4.1524107e+05
   4.1468390e+05
   3.2660661e+05
   4.2606319e+04
   1.8619461e+05
   4.5423665e+05
   8.4471498e+04
   3.6634723e+05
   4.2050888e+05
   2.6138795e+05
   1.8132175e+05
   1.8037223e+05
   2.2196831e+05
   3.0399018e+05
   4.4541748e+04
   4.2234455e+04
   4.8314441e+05
   1.0389397e+05
   3.9786432e+05
   2.1493035e+05
   2.5286894e+05
   2.1403597e+05
   9.3904013e+04
   1.1669664e+05
   3.5965860e+05
   4.7547052e+05
   1.6466393e+05
   3.8192527e+04
   4.8229019e+05
   8.6733354e+04
   1.2343152e+05
   3.3436423e+05
   1.0549210e+05
   3.5249724e+05
   7.4107178e+04
   4.2206413e+04
   1.1996698e+05
   3.2940758e+05
   8.7989085e+04
   8.0661282e+04
   4.8103051e+05
   3.8840772e+05
   4.0484707e+05
   4.5102785e+05
   9.7565902e+04
   7.6685022e+04
   3.4798665e+04
   3.1266585e+05
   2.2964458e+05
   2.0997337e+05
   1.0252638e+05
   1.9461985e+05
   9.5220538e+04
   1.4001048e+05
   4.7513128e+05
   2.6391415e+05
   1.5933631e+05
   1.1211093e+05
   3.3929595e+05
   4.6458194e+05
   3.8670617e+05
   3.9793711e+05
   2.3769511e+05
   4.6305320e+05
   2.2110059e+05
   1.7415584e+05
   3.6849173e+05
   1.0070734e+05
   8.8310060e+04
   2.9684954e+05
   2.1205070e+05
   1.8296320e+05
   3.2322530e+05
   3.0336763e+04
   2.5661469e+05
   4.9779468e+05
   3.4875380e+05
   3.9764732e+05
   6.5488153e+04
   2.2940578e+05
   1.7006978e+05
   4.8226219e+04
   2.1941083e+05
   4.0439019e+05
   2.2230753e+05
   2.3689468e+05
   2.0021028e+05
   7.6707660e+04
   3.4407632e+05
   2.1816762e+05
   2.1182271e+05
   2.7729723e+05
   2.5484098e+05
   2.1498466e+05
   2.8368976e+05
   3.1162901e+05
   2.2084374e+05
   4.9762724e+04
   6.0097630e+04
   3.4143962e+05
   2.0023371e+05
   2.7855573e+05
   1.8690226e+05
   3.8716121e+05
   4.3638543e+05
   1.2588977e+05
   1.4485113e+05
   3.8547995e+04
   2.9932360e+05
   3.8322494e+05
   2.9962717e+05
   4.4174783e+05
   3.7683175e+05
   2.8644544e+05
   4.2094299e+05
   8.7950183e+04
   4.0260048e+04
   2.8190166e+05
   8.9894931e+04
   1.1528985e+05
   1.6248949e+05
   3.4013855e+05
   2.6814106e+05
   2.2029999e+05
   4.3394679e+05
   3.8484142e+05
   1.3540224e+05
   3.7211830e+05
   3.6195366e+05
   3.7837207e+05
   2.5236497e+05
   2.4889257e+05
   3.8733804e+05
   1.0050922e+05
   4.7707477e+05
   4.3417290e+05
   2.9176654e+05
   6.3980254e+04
   1.9548518e+05
   4.9997875e+05
   5.8921245e+04
   2.6311676e+05
   4.7990392e+05
   8.7333309e+04
   6.2583734e+04
   3.8380088e+05
   4.9589596e+05
   2.4175851e+05
   3.8822237e+05
   2.1043115e+05
   2.2826947e+05
   1.2928958e+05
   1.6875943e+05
   3.5974008e+05
   6.1957315e+04
   6.0144807e+04
   4.9848537e+05
   1.0601630e+05
   4.3064269e+05
   4.1182916e+05
   3.4965759e+05
   3.0191267e+05
   2.4217271e+05
   4.7622876e+05
   1.0161167e+05
   1.1006076e+05
   3.7078389e+05
   2.6456002e+05
   1.3730946e+05
   3.0523730e+05
   9.0377677e+04
   7.9636453e+04
   2.4964584e+05
   3.6025931e+05
   3.8010490e+04
   3.9419698e+05
   2.6663078e+05
   3.7890911e+05
   3.3544265e+05
   3.8763901e+04
   4.8896989e+05
   3.3087692e+05
   2.0238644e+05
   1.0367876e+05
   2.0207426e+05
   2.9174289e+05
   1.5529351e+05
   6.1829472e+04
   3.5486252e+05
   1.2985613e+05
   1.9256218e+05
   1.3966905e+05
   4.4364554e+04
   3.7891585e+05
   4.6387023e+05
   2.8136543e+05
   1.1446011e+05
   3.1339855e+05
   6.7267714e+04
   8.2995712e+04
   2.8921543e+05
   4.6436372e+05
   2.7058718e+05
   2.0656512e+05
   9.5544486e+04
   1.4948137e+05
   1.1443249e+05
   2.1030131e+05
   8.9654885e+04
   2.4047426e+05
   3.1179949e+05
   3.6928548e+05
   4.6992207e+05
   2.5260188e+05
   9.0291372e+04
   3.5409011e+05
   4.7300517e+05
   3.0329044e+04
   4.7235226e+05
   1.0611631e+05
   1.6395496e+05
   1.6550310e+05
   4.8678423e+05
   2.3946888e+05
   2.6862126e+05
   7.0761359e+04
   3.3202601e+05
   4.1453696e+05
   7.4676520e+04
   4.9015075e+05
   1.6731394e+05
   3.5494577e+05
   3.7585826e+05
   4.8267432e+05
   4.4675071e+05
   3.0195790e+05
   9.6014724e+04
   2.5216611e+05
   3.2156328e+05
   3.2652606e+04
   3.7018065e+05
   1.7664807e+05
   1.8341628e+05
   3.2990661e+05
   2.5306056e+05
   2.7762419e+05
   3.3149665e+05
   3.2301071e+05
   1.4845364e+05
   2.1019622e+05
   4.4268497e+05
   2.7223791e+05
   3.2032631e+05
   3.5380958e+05
   1.1757979e+05
   1.6532413e+05
   1.3499095e+05
   4.6283591e+04
   4.4251218e+05
   3.3514587e+05
   1.8165809e+05
   1.1904326e+05
   4.4752800e+05
   4.8386217e+05
   6.3543830e+04
   2.0368005e+05
   3.1133864e+05
   4.0419289e+05
   3.7775657e+05
   8.7992257e+04
   7.2635026e+04
   1.5891705e+05
   3.3425111e+05
   1.8017679e+05
   3.5547865e+05
   2.6917524e+05
   2.9493732e+05
   3.9813250e+05
   1.6198568e+05
   1.5534618e+05
   4.9607302e+05
   3.9787772e+05
   3.2902061e+05
   3.7427477e+05
   2.2015740e+05
   2.1307907e+05
   4.5991229e+05
   3.0887148e+05
   2.7179544e+05
   7.8184142e+04
   3.9051174e+05
   1.4924057e+05
   8.4668627e+04
   3.8134225e+05
   1.8778246e+05
   3.2817853e+05
   3.7549763e+05
   3.4450928e+05
   1.8144874e+05
   1.7481401e+05
   4.8577839e+05
   3.6331258e+05
   3.4561742e+05
   2.5380396e+05
   2.0002492e+05
   5.2370667e+04
   1.6318364e+05
   5.6241314e+04
   4.7998562e+05
   1.2364504e+05
   4.1639462e+05
   4.1641244e+05
   3.4353462e+05
   8.8725721e+04
   1.3514445e+05
   1.7838807e+05
   4.0455500e+05
   5.7617952e+04
   2.9818988e+05
   1.4571827e+05
   4.7194358e+05
   3.9028785e+05
   2.7280137e+05
   4.5924127e+05
   2.2074290e+05
   1.2159319e+05
   3.8843002e+05
   3.7465640e+05
   3.5923213e+05
   1.2971070e+05
   3.0403381e+05
   4.4496140e+05
   3.7675362e+05
   4.4648353e+05
   1.7508405e+05
   4.4449277e+05
   1.2093610e+05
   4.3470731e+05
   1.5313723e+05
   4.1228815e+05
   3.7176900e+05
   6.7272648e+04
   4.6698126e+05
   7.2447977e+04
   4.3852195e+05
   3.0645698e+05
   1.6646979e+05
   2.8409307e+05
   2.8401590e+05
   2.1123361e+05
   2.7075724e+05
   1.6416037e+05
   4.8320317e+05
   2.0256392e+05
   4.6463432e+04
   1.3107145e+05
   1.3391786e+05
   4.0469608e+05
   3.5873549e+05
   7.9777700e+04
   2.6845082e+05
   2.9941015e+05
   4.4861401e+04
   2.6185086e+05
   3.0895257e+05
   4.7136243e+05
   2.4596766e+05
   3.5307017e+05
   2.8235368e+05
   3.5725573e+05
   2.7920761e+05
   2.7498908e+05
   4.9380738e+05
   3.6523398e+05
   4.5262357e+05
   4.2012129e+05
   4.8251381e+05
   4.6687810e+05
   1.2009867e+05
   4.6193001e+05
   1.8929209e+05
   2.8519402e+05
   1.9736070e+05
   4.1647118e+05
   3.3101193e+05
   3.0626426e+05
   4.0314878e+05
   3.6970784e+05
   2.8490596e+05
   2.3472306e+05
   1.5073119e+05
   2.7033358e+05
   4.0543709e+05
   3.2191333e+05
   2.5532973e+05
   4.1179022e+04
   4.8341310e+05
   4.4842152e+05
   7.7584434e+04
   1.9028344e+05
   1.6936983e+05
   5.7853234e+04
   3.7554884e+05
   5.3860832e+04
   3.8052009e+04
   1.8575401e+05
   3.4373237e+04
   1.4454104e+05
   2.9694485e+05
   2.8582787e+05
   2.6324875e+05
   1.7989453e+05
   3.5534046e+05
   2.6451680e+05
   3.7734707e+05
   4.3151523e+05
   4.0519832e+05
   4.4520798e+05
   4.5272641e+05
   7.4568767e+04
   1.5362526e+05
   3.2643607e+05
   1.9713529e+05
   3.4453136e+05
   1.1711295e+05
   1.4842588e+05
   2.6956242e+05
   8.7790951e+04
   4.3600408e+05
   2.9057034e+05
   8.4378658e+04
   1.0389994e+05
   7.9138922e+04
   1.2005525e+05
   2.3335777e+05
   1.6880236e+05
   1.2214747e+05
   2.4663181e+05
   9.9123540e+04
   5.0258501e+04
   4.6911276e+05
   4.4953824e+05
   4.0749543e+05
   3.4951199e+05
   2.0588869e+05
   3.8128788e+05
   4.8751067e+05
   3.5507263e+05
   2.7731169e+05
   4.2805253e+04
   3.6072521e+05
   4.7866098e+05
   2.4178655e+05
   2.5753997e+05
   4.7918162e+05
   1.2016143e+05
   1.1255814e+05
   2.8455290e+05
   5.8819378e+04
   1.8606560e+05
   3.7478951e+05
   3.5115230e+05
   3.2959409e+05
   5.7495599e+04
   4.3679189e+05
   2.5507548e+05
   3.5535707e+05
   2.9317008e+05
   1.3667390e+05
   4.0667549e+05
   1.1116387e+05
   1.4012405e+05
   1.5868382e+05
   3.8370175e+04
   1.6964510e+05
   3.5625461e+05
   2.4802120e+05
   1.8723911e+05
   2.8938147e+05
   3.6850600e+05
   4.5701256e+05
   3.2696580e+05
   1.3262350e+05
   4.9916231e+04
   1.9638012e+05
   6.5103831e+04
   2.9542835e+05
   2.6243811e+05
   3.8377680e+05
   1.0879232e+05
   3.9190615e+05
   5.9437916e+04
   1.8247841e+05
   2.0011411e+05
   2.5807310e+05
   7.4742873e+04
   2.1483856e+05
   1.9468907e+05
   6.6719658e+04
   6.2506898e+04
   2.7091181e+05
   1.2544908e+05
   3.6915245e+04
   1.7170987e+05
   2.8112623e+05
   1.0715893e+05
   1.1300446e+05
   1.7385463e+05
   4.3839839e+04
   3.0377729e+05
   6.4168779e+04
   1.6866014e+05
   3.1683934e+05
   2.8783932e+05
   1.6666608e+05
   2.3068083e+05
   4.9831754e+05
   3.2708130e+04
   4.8425093e+05
   5.2278060e+04
   2.3539809e+05
   4.8497300e+05
   4.0413900e+05
   2.1503286e+05
   3.2395136e+05
   5.5248118e+04
   2.3797004e+05
   7.3826583e+04
   3.3857977e+05
   9.2798862e+04
   1.5454037e+05
   1.7862045e+05
   4.5689685e+04
   2.2851831e+05
   2.9515572e+05
   1.6821613e+05
   1.4486434e+05
   2.4919730e+05
   4.0108748e+05
   3.0825303e+05
   3.1958124e+04
   1.3504533e+05
   1.8559493e+05
   4.8729642e+05
   2.2843012e+05
   4.3169704e+05
   2.3177429e+05
   2.6278169e+05
   3.7581910e+04
   1.7634859e+05
   4.1688353e+05
   2.1884770e+05
   1.4804188e+05
   3.8542547e+04
   4.5285701e+05
   3.0763325e+05
   2.9216325e+05
   4.3610205e+05
   2.1121630e+05
   2.9813855e+05
   1.7193899e+05
   1.4692134e+05
   4.9798104e+05
   1.4339953e+05
   3.5416372e+05
   4.7457048e+04
   1.6908568e+05
   4.5615197e+05
   1.4415276e+05
   2.4282113e+05
   4.6816806e+05
   4.4554199e+05
   3.7745224e+05
   9.2128588e+04
   1.6803758e+05
   1.8479130e+05
   7.9296637e+04
   4.5487604e+05
   1.5274983e+05
   3.0654906e+05
   5.5731084e+04
   4.8275823e+05
   2.9039144e+05
   2.4417288e+05
   4.5634633e+05
   1.4087861e+05
   3.3976573e+05
   4.6415706e+05
   2.8198737e+05
   1.4239455e+05
   3.5279859e+05
   3.7127648e+05
   1.5666441e+05
   5.1974704e+04
   1.4897058e+05
   1.1443016e+05
   3.9793110e+05
   5.3491531e+04
   8.5119580e+04
   3.4730833e+05
   6.4278586e+04
   3.0529233e+05
   3.6110904e+05
   3.3293522e+05
   4.8463603e+05
   7.2361565e+04
   1.7611496e+05
   2.2930826e+05
   3.2092754e+05
   1.5380123e+05
   1.1536380e+05
   1.5440697e+05
   4.2607195e+05
   1.0863879e+05
   6.2327788e+04
   4.5752483e+05
   3.4218122e+05
   9.5596736e+04
   2.7542108e+05
   2.5633649e+05
   2.5251847e+05
   4.5751891e+05
   2.0631710e+05
   3.7748401e+05
   1.4141088e+05
   1.3472685e+05
   1.1246907e+05
   2.4727189e+05
   3.6650939e+05
   8.1788570e+04
   3.6574135e+05
   3.6924492e+05
   3.7490966e+04
   3.9787664e+05
   2.5161273e+05
   2.4422133e+05
   2.9425428e+05
   2.6326059e+05
   2.3172188e+05
   4.4049569e+04
   2.1062883e+05
   1.8485916e+05
   1.9021920e+05
   2.5769390e+05
   2.4445727e+05
   3.7110628e+05
   1.2683645e+05
   2.8551128e+05
   3.6266475e+05
   1.4735914e+05
   3.5822624e+05
   3.1530174e+05
   3.0335404e+04
   2.5550174e+05
   1.1133776e+05
   1.7237253e+05
   4.8811365e+05
   4.8514989e+05
   3.7990071e+05
   5.9604620e+04
   1.3375353e+05
   4.5633824e+05
   4.7734676e+05
   4.1046964e+05
   1.9472113e+05
   3.2090294e+05
   9.7405128e+04
   4.8026637e+05
   3.4006996e+05
   4.3178958e+05
   4.5386334e+05
   2.9820656e+05
   7.3100586e+04
   3.1781958e+05
   2.9491295e+05
   4.2450397e+05
   1.8700660e+05
   4.8465080e+05
   9.2540690e+04
   2.4417350e+05
   1.7589498e+05
   2.5367949e+05
   6.6412978e+04
   1.4237590e+05
   2.5103826e+05
   3.0751662e+05
   1.1539804e+05
   1.7385823e+05
   2.9341941e+05
   3.7398950e+05
   2.1919504e+05
   1.4649200e+05
   3.1078518e+05
   1.0399848e+05
   3.2541485e+05
   1.2846690e+05
   1.0524852e+05
   1.1716476e+05
   3.5728856e+05
   4.6405572e+05
   2.0791478e+05
   3.8749826e+05
   1.3674904e+05
   2.7721842e+05
   2.2227320e+05
   2.7690723e+05
   3.2893947e+05
   1.1040069e+05
   3.8222109e+05
   5.4236360e+04
   1.4028019e+05
   5.7629661e+04
   1.6903451e+05
   4.4538509e+05
   4.6979342e+05
   2.7328896e+05
   4.1995639e+05
   9.8908680e+04
   4.8952323e+05
   4.9689065e+05
   3.2911901e+05
   8.7546506e+04
   2.0489817e+05
   2.2733297e+05
   4.9974504e+05
   1.9288774e+05
   8.2477997e+04
   3.7494582e+05
   3.8887467e+05
   2.4962912e+05
   1.7531199e+05
   3.0365554e+05
   2.9443538e+05
   8.2710513e+04
   2.5701200e+05
   4.4199902e+05
   1.8343416e+05
   4.9844833e+05
   6.5827194e+04
   2.6862909e+05
   3.3783347e+05
   4.0893961e+05
   3.7918003e+05
   1.1512304e+05
   4.4499737e+05
   4.3508979e+05
   2.2213096e+05
   2.3639263e+05
   4.0534732e+05
   2.7503751e+05
   1.6078720e+05
   1.3931169e+05
   4.7418385e+05
   1.4905137e+05
   2.3112318e+05
   2.2160332e+05
   2.2014003e+05
   1.3257413e+05
   4.4119292e+05
   2.6292482e+05
   4.7183108e+05
   4.7742921e+05
   3.6561003e+05
   2.6399423e+05
   1.7250155e+05
   2.3552810e+05
   1.3658277e+05
   4.6074673e+05
   4.2370420e+05
   1.0071184e+05
   5.1831658e+04
   3.3124397e+05
   3.4564859e+05
   4.7381455e+05
   2.6963659e+05
   8.0156686e+04
   3.8916641e+05
   4.6307188e+05
   3.3864593e+05
   3.7927316e+05
   1.1768047e+05
   8.6139157e+04
   3.0603213e+05
   8.3559790e+04
   3.4938906e+05
   6.9811389e+04
   3.1252601e+05
   6.7577090e+04
   2.3983843e+05
   3.1943739e+05
   3.6970719e+05
   3.2084929e+05
   3.6934576e+05
   1.3059047e+05
   2.4266090e+05
   3.4573480e+05
   6.0565391e+04
   3.4444007e+04
   7.0364529e+04
   2.7416220e+05
   2.1009420e+05
   3.7731926e+05
   4.7719570e+05
   2.3119876e+05
   1.4688867e+05
   3.0005301e+05
   1.0802110e+05
   4.2667067e+05
   4.0767373e+05
   2.7164570e+05
   7.9591415e+04
   2.2121620e+05
   1.2392894e+05
   4.6277822e+05
   2.3012250e+05
   3.9163544e+05
   1.9153395e+05
   3.4839614e+05
   2.0320272e+05
   1.7236070e+05
   6.7788013e+04
   2.8641780e+05
   2.3817979e+05
   4.9250002e+05
   1.7294277e+05
   8.8610639e+04
   1.9607780e+05
   1.6491429e+05
   1.7739323e+05
   1.0247910e+05
   4.1153385e+05
   5.7831177e+04
   3.5096258e+05
   4.8469868e+05
   4.7559005e+05
   4.4816444e+05
   1.7592180e+05
   3.4300885e+05
   2.7077981e+05
   3.4415207e+05
   3.8629455e+04
   2.2400234e+05
   4.3540553e+05
   2.1426679e+05
   2.9880368e+05
   3.0967985e+05
   3.7114570e+05
   4.0908214e+05
   3.5000828e+05
   4.5370076e+05
   1.1940492e+05
   1.3967861e+05
   1.5363769e+05
   1.9767366e+05
   3.8902744e+05
   1.9511699e+05
   4.1183851e+05
   4.1461662e+05
   1.7865492e+05
   3.8128954e+05
   1.9786886e+05
   4.1734629e+05
   3.6773173e+05
   4.3240820e+05
   4.9270554e+05
   4.8845123e+05
   3.1484384e+05
   4.9818567e+05
   4.8556139e+04
   4.7456672e+05
   1.6290340e+05
   2.3249032e+05
   4.3312000e+05
   4.6538459e+05
   3.2415047e+05
   3.5094284e+05
   2.7004226e+05
   4.5266044e+04
   5.4774107e+04
   4.6617759e+05
   4.5918277e+05
   2.2124400e+05
   4.8725236e+05
   1.6989802e+05
   4.0818902e+05
   3.8844287e+05
   4.9251510e+05
   3.2292203e+05
   3.1382625e+05
   1.7152005e+05
   4.8581713e+05
   2.1693917e+05
   6.9509927e+04
   3.4346674e+05
   1.3838448e+05
   2.8225789e+05
   2.0858134e+05
   1.5509380e+05
   4.0364448e+05
   3.5670276e+05
   3.3186812e+05
   2.8952528e+05
   3.2597926e+05
   1.0386175e+05
   3.1993990e+05
   1.0019272e+05
   3.0059009e+05
   3.2940119e+04
   2.2017378e+05
   3.2286877e+05
   3.6294968e+05
   2.2319836e+05
   3.0845436e+05
   1.5111690e+05
   9.9429722e+04
   4.1224398e+05
   1.5538170e+05
   3.5909849e+05
   3.7864957e+05
   1.9391545e+05
   1.1929446e+05
   1.9976904e+05
   3.2181568e+05
   2.8289819e+05
   3.1184868e+05
   4.7953313e+05
   2.4637795e+05
   4.6240253e+05
   3.0851137e+05
   1.7071969e+05
   3.4271923e+05
   3.9946102e+05
   4.2601629e+05
   1.0211650e+05
   9.1512662e+04
   1.0699986e+05
   3.5644315e+05
   4.8374007e+05
   3.4875417e+05
   2.6841737e+05
   4.5647550e+05
   6.6284994e+04
   1.0178510e+05
   1.5935094e+05
   1.1014127e+05
   5.8291098e+04
   1.9874496e+05
   9.5059085e+04
   4.0294153e+05
   3.4316805e+05
   4.4827582e+05
   3.3810807e+05
   2.2097799e+05
   1.0883865e+05
   4.9058020e+05
   3.7698538e+05
   2.0346065e+05
   1.8823019e+05
   2.1057838e+05
   3.1988868e+05
   2.2845884e+05
   4.5809658e+04
   1.9659150e+05
   9.6716371e+04
   4.2944742e+05
   2.5909944e+05
   1.5135991e+05
   4.9951105e+05
   9.0633323e+04
   8.5659605e+04
   2.3565791e+05
   3.8840322e+04
   4.6284042e+05
   1.8647263e+05
   3.1399311e+04
   6.3790229e+04
   1.9926421e+05
   3.9760646e+05
   3.5118799e+05
   2.6729424e+05
   7.7146454e+04
   3.5077087e+05
   2.1951913e+05
   2.4559979e+05
   3.1949241e+05
   4.9560844e+05
   1.0634170e+05
   2.2063457e+05
   2.9286891e+05
   4.1586795e+05
   3.1023428e+05
   3.2450071e+05
   2.0234305e+05
   3.7159722e+05
   4.4043628e+05
   3.9981469e+05
   1.9450571e+05
   4.7594654e+05
   3.1290621e+05
   3.5596088e+05
   4.1524107e+05
   4.1468390e+05
   3.2660661e+05
   4.2606319e+04
   1.8619461e+05
   4.5423665e+05
   8.4471498e+04
   3.6634723e+05
   4.2050888e+05
   2.6138795e+05
   1.8132175e+05
   1.8037223e+05
   2.2196831e+05
   3.0399018e+05
   4.4541748e+04
   4.2234455e+04
   4.8314441e+05
   1.0389397e+05
   3.9786432e+05
   2.1493035e+05
   2.5286894e+05
   2.1403597e+05
   9.3904013e+04
   1.1669664e+05
   3.5965860e+05
   4.7547052e+05
   1.6466393e+05
   3.8192527e+04
   4.8229019e+05
   8.6733354e+04
   1.2343152e+05
   3.3436423e+05
   1.0549210e+05
   3.5249724e+05
   7.4107178e+04
   4.2206413e+04
   1.1996698e+05
   3.2940758e+05
   8.7989085e+04
   8.0661282e+04
   4.8103051e+05
   3.8840772e+05
   4.0484707e+05
   4.5102785e+05
   9.7565902e+04
   7.6685022e+04
   3.4798665e+04
   3.1266585e+05
   2.2964458e+05
   2.0997337e+05
   1.0252638e+05
   1.9461985e+05
   9.5220538e+04
   1.4001048e+05
   4.7513128e+05
   2.6391415e+05
   1.5933631e+05
   1.1211093e+05
   3.3929595e+05
   4.6458194e+05
   3.8670617e+05
   3.9793711e+05
   2.3769511e+05
   4.6305320e+05
   2.2110059e+05
   1.7415584e+05
   3.6849173e+05
   1.0070734e+05
   8.8310060e+04
   2.9684954e+05
   2.1205070e+05
   1.8296320e+05
   3.2322530e+05
   3.0336763e+04
   2.5661469e+05
   4.9779468e+05
   3.4875380e+05
   3.9764732e+05
   6.5488153e+04
   2.2940578e+05
   1.7006978e+05
   4.8226219e+04
   2.1941083e+05
   4.0439019e+05
   2.2230753e+05
   2.3689468e+05
   2.0021028e+05
   7.6707660e+04
   3.4407632e+05
   2.1816762e+05
   2.1182271e+05
   2.7729723e+05
   2.5484098e+05
   2.1498466e+05
   2.8368976e+05
   3.1162901e+05
   2.2084374e+05
   4.9762724e+04
   6.0097630e+04
   3.4143962e+05
   2.0023371e+05
   2.7855573e+05
   1.8690226e+05
   3.8716121e+05
   4.3638543e+05
   1.2588977e+05
   1.4485113e+05
   3.8547995e+04
   2.9932360e+05
   3.8322494e+05
   2.9962717e+05
   4.4174783e+05
   3.7683175e+05
   2.8644544e+05
   4.2094299e+05
   8.7950183e+04
   4.0260048e+04
   2.8190166e+05
   8.9894931e+04
   1.1528985e+05
   1.6248949e+05
   3.4013855e+05
   2.6814106e+05
   2.2029999e+05
   4.3394679e+05
   3.8484142e+05
   1.3540224e+05
   3.7211830e+05
   3.6195366e+05
   3.7837207e+05
   2.5236497e+05
   2.4889257e+05
   3.8733804e+05
   1.0050922e+05
   4.7707477e+05
   4.3417290e+05
   2.9176654e+05
   6.3980254e+04
   1.9548518e+05
   4.9997875e+05
   5.8921245e+04
   2.6311676e+05
   4.7990392e+05
   8.7333309e+04
   6.2583734e+04
   3.8380088e+05
   4.9589596e+05
   2.4175851e+05
   3.8822237e+05
   2.1043115e+05
   2.2826947e+05
   1.2928958e+05
   1.6875943e+05
   3.5974008e+05
   6.1957315e+04
   6.0144807e+04
   4.9848537e+05
   1.0601630e+05
   4.3064269e+05
   4.1182916e+05
   3.4965759e+05
   3.0191267e+05
   2.4217271e+05
   4.7622876e+05
   1.0161167e+05
   1.1006076e+05
   3.7078389e+05
   2.6456002e+05
   1.3730946e+05
   3.0523730e+05
   9.0377677e+04
   7.9636453e+04
   2.4964584e+05
   3.6025931e+05
   3.8010490e+04
   3.9419698e+05
   2.6663078e+05
   3.7890911e+05
   3.3544265e+05
   3.8763901e+04
   4.8896989e+05
   3.3087692e+05
   2.0238644e+05
   1.0367876e+05
   2.0207426e+05
   2.9174289e+05
   1.5529351e+05
   6.1829472e+04
   3.5486252e+05
   1.2985613e+05
   1.9256218e+05
   1.3966905e+05
   4.4364554e+04
   3.7891585e+05
   4.6387023e+05
   2.8136543e+05
   1.1446011e+05
   3.1339855e+05
   6.7267714e+04
   8.2995712e+04
   2.8921543e+05
   4.6436372e+05
   2.7058718e+05
   2.0656512e+05
   9.5544486e+04
   1.4948137e+05
   1.1443249e+05
   2.1030131e+05
   8.9654885e+04
   2.4047426e+05
   3.1179949e+05
   3.6928548e+05
   4.6992207e+05
   2.5260188e+05
   9.0291372e+04
   3.5409011e+05
   4.7300517e+05
   3.0329044e+04
   4.7235226e+05
   1.0611631e+05
   1.6395496e+05
   1.6550310e+05
   4.8678423e+05
   2.3946888e+05
   2.6862126e+05
   7.0761359e+04
   3.3202601e+05
   4.1453696e+05
   7.4676520e+04
   4.9015075e+05
   1.6731394e+05
   3.5494577e+05
   3.7585826e+05
   4.8267432e+05
   4.4675071e+05
   3.0195790e+05
   9.6014724e+04
   2.5216611e+05
   3.2156328e+05
   3.2652606e+04
   3.7018065e+05
   1.7664807e+05
   1.8341628e+05
   3.2990661e+05
   2.5306056e+05
   2.7762419e+05
   3.3149665e+05
   3.2301071e+05
   1.4845364e+05
   2.1019622e+05
   4.4268497e+05
   2.7223791e+05
   3.2032631e+05
   3.5380958e+05
   1.1757979e+05
   1.6532413e+05
   1.3499095e+05
   4.6283591e+04
   4.4251218e+05
   3.3514587e+05
   1.8165809e+05
   1.1904326e+05
   4.4752800e+05
   4.8386217e+05
   6.3543830e+04
   2.0368005e+05
   3.1133864e+05
   4.0419289e+05
   3.7775657e+05
   8.7992257e+04
   7.2635026e+04
   1.5891705e+05
   3.3425111e+05
   1.8017679e+05
   3.5547865e+05
   2.6917524e+05
   2.9493732e+05
   3.9813250e+05
   1.6198568e+05
   1.5534618e+05
   4.9607302e+05
   3.9787772e+05
   3.2902061e+05
   3.7427477e+05
   2.2015740e+05
   2.1307907e+05
   4.5991229e+05
   3.0887148e+05
   2.7179544e+05
   7.8184142e+04
   3.9051174e+05
   1.4924057e+05
   8.4668627e+04
   3.8134225e+05
   1.8778246e+05
   3.2817853e+05
   3.7549763e+05
   3.4450928e+05
   1.8144874e+05
   1.7481401e+05
   4.8577839e+05
   3.6331258e+05
   3.4561742e+05
   2.5380396e+05
   2.0002492e+05
   5.2370667e+04
   1.6318364e+05
   5.6241314e+04
   4.7998562e+05
   1.2364504e+05
   4.1639462e+05
   4.1641244e+05
   3.4353462e+05
   8.8725721e+04
   1.3514445e+05
   1.7838807e+05
   4.0455500e+05
   5.7617952e+04
   2.9818988e+05
   1.4571827e+05
   4.7194358e+05
   3.9028785e+05
   2.7280137e+05
   4.5924127e+05
   2.2074290e+05
   1.2159319e+05
   3.8843002e+05
   3.7465640e+05
   3.5923213e+05
   1.2971070e+05
   3.0403381e+05
   4.4496140e+05
   3.7675362e+05
   4.4648353e+05
   1.7508405e+05
   4.4449277e+05
   1.2093610e+05
   4.3470731e+05
   1.5313723e+05
   4.1228815e+05
   3.7176900e+05
   6.7272648e+04
   4.6698126e+05
   7.2447977e+04
   4.3852195e+05
   3.0645698e+05
   1.6646979e+05
   2.8409307e+05
   2.8401590e+05
   2.1123361e+05
   2.7075724e+05
   1.6416037e+05
   4.8320317e+05
   2.0256392e+05
   4.6463432e+04
   1.3107145e+05
   1.3391786e+05
   4.0469608e+05
   3.5873549e+05
   7.9777700e+04
   2.6845082e+05
   2.9941015e+05
   4.4861401e+04
   2.6185086e+05
   3.0895257e+05
   4.7136243e+05
   2.4596766e+05
   3.5307017e+05
   2.8235368e+05
   3.5725573e+05
   2.7920761e+05
   2.7498908e+05
   4.9380738e+05
   3.6523398e+05
   4.5262357e+05
   4.2012129e+05
   4.8251381e+05
   4.6687810e+05
   1.2009867e+05
   4.6193001e+05
   1.8929209e+05
   2.8519402e+05
   1.9736070e+05
   4.1647118e+05
   3.3101193e+05
   3.0626426e+05
   4.0314878e+05
   3.6970784e+05
   2.8490596e+05
   2.3472306e+05
   1.5073119e+05
   2.7033358e+05
   4.0543709e+05
   3.2191333e+05
   2.5532973e+05
   4.1179022e+04
   4.8341310e+05
   4.4842152e+05
   7.7584434e+04
   1.9028344e+05
   1.6936983e+05
   5.7853234e+04
   3.7554884e+05
   5.3860832e+04
   3.8052009e+04
   1.8575401e+05
   3.4373237e+04
   1.4454104e+05
   2.9694485e+05
