   2.1710979e+02
   3.3487877e+02
   6.5437164e+01
   7.6312454e+01
   9.9500340e+00
   5.4607334e+02
   1.6572896e+02
   1.6969845e+02
   4.0120070e+02
   5.1095378e+02
   2.4513249e+02
   6.6989405e+00
   3.4674812e+02
   1.9171457e+02
   3.9744483e+02
   2.6387643e+02
   5.1325428e+02
   3.6011995e+02
   1.9319182e+02
   3.5299989e+02
   8.9147436e+01
   3.0195921e+02
   3.7219940e+02
   2.8454946e+02
   3.1158317e+02
   2.5704127e+01
   8.9065477e+01
   1.1285919e+02
   4.0595826e+01
   2.6428007e+01
   2.2971127e+02
   1.0480748e+02
   4.8680249e+02
   2.5474665e+02
   3.4845104e+02
   4.6854317e+02
   1.1891074e+02
   1.0917014e+02
   4.7808703e+02
   1.7431008e+02
   1.7233392e+02
   4.0473908e+02
   1.7745587e+02
   6.6710075e+01
   3.0228536e+02
   1.0913747e+02
   1.0286216e+02
   1.1357999e+02
   3.5532980e+02
   2.2897201e+02
  -7.6328182e+00
   1.6508602e+02
   2.6156666e+02
   1.4875794e+02
   1.2997211e+02
   5.1513209e+02
   4.8574132e+02
   2.0449298e+02
   4.1395777e+01
   1.3388657e+02
   3.7277431e+02
   4.3850029e+01
   2.5016163e+02
   4.2854725e+02
   9.0145382e+01
   4.3771281e+02
   3.6339615e+02
   2.2063208e+02
   3.1302477e+02
   2.7902823e+01
   2.2998708e+02
   1.4728566e+02
   3.2848442e+02
   2.4224853e+02
   5.1378857e+02
   3.3157593e+02
   4.5536351e+01
   3.9919252e+01
   4.9466904e+02
   2.1772208e+02
   1.3755244e+02
   3.9941033e+02
  -1.3607627e+01
   4.3345478e+02
   3.3029565e+02
   4.2233385e+02
   1.1781848e+02
   5.1018802e+01
   5.3948735e+02
   7.7278592e+01
   4.7252829e+02
   4.7252408e+02
   2.6105666e+02
   2.2133262e+02
   3.7502638e+02
   3.9642748e+02
   1.1242118e+02
   2.0969892e+02
   4.8271759e+02
   5.4958676e+02
   1.6752561e+02
   8.1472170e+01
  -1.0648997e+01
   5.3323809e+02
   5.1938162e+02
   3.4764266e+02
   5.0436709e+02
   1.7961890e+02
   4.8017443e+02
   1.3475450e+02
   1.4918238e+02
   1.4129190e+02
   6.7073005e+01
   4.6565400e+02
   2.4639654e+02
   1.5324552e+02
   4.6047550e+02
   2.4102089e+02
   4.7196632e+02
   1.4278500e+02
   4.2564952e+02
   1.5651697e+02
   4.0666422e+02
   4.2597332e+02
   1.9708261e+02
   5.1939415e+02
   4.9045731e+02
   1.4967217e+02
  -2.0660408e+01
   3.5786906e+02
   9.3049252e+01
   4.0190045e+02
   1.7926633e+02
   3.5173841e+02
   3.2980278e+02
   3.7760548e+01
   1.8328683e+02
   4.4425804e+02
   3.7249506e+02
   2.1008798e+02
   9.0045267e+01
   4.6777429e+02
   5.3278396e+01
   4.3963839e+02
   3.9094099e+02
   9.8121548e+01
   2.2767754e+02
   3.9055189e+01
   7.7785455e+01
   1.8030173e+02
   1.6817861e+01
   4.5870636e+02
   2.3868078e+02
   3.9641871e+02
   5.0136117e+02
   3.2342363e+02
   2.8763972e+02
   5.2753079e+02
   5.2404084e+02
   3.0902246e+02
   1.5456150e+02
   7.7539400e+01
   3.6699198e+02
   2.0551204e+02
   1.3019110e+02
  -2.1221921e+01
   2.0763261e+02
   1.3503824e+02
   1.7530939e+02
   3.9690290e+02
   4.6464229e+02
  -2.3711245e+01
   3.7623572e+02
   3.4596336e+02
   9.0591445e+01
   2.3370265e+02
   3.2210704e+02
   5.1109145e+02
   2.0791572e+02
   2.7108208e+02
   4.7061577e+01
   3.4263222e+02
   4.2298779e+02
   2.2108302e+02
   4.5208295e+02
   4.9137803e+01
   5.1927988e+02
   6.4463095e+01
   5.2901826e+02
   2.8532777e+02
   3.3082236e+02
   8.1364436e+00
   1.6817452e+02
   5.4855455e+02
   2.6456529e+02
   1.8075702e+02
   4.6075287e+02
   2.9875629e+02
   2.4401535e+02
   7.6594682e+01
   4.7634749e+02
   4.7646487e+02
   2.6861407e+02
   1.6593873e+02
   2.4875318e+02
   5.1417072e+02
   2.8509016e+02
   1.6624177e+02
   4.3554357e+02
  -9.8775292e+00
   4.5612600e+02
   2.6391729e+02
   1.8508663e+02
   1.0481952e+02
   2.9976657e+02
   1.6712855e+02
   2.2137937e+02
   2.0136126e+02
   3.5637656e+02
   3.5167138e+02
   9.6343796e+01
   6.1438329e+01
   4.8475702e+02
   7.5166550e+01
   1.9999963e+02
   7.8666903e+01
   5.2291917e+02
   1.2931657e+02
   4.4593479e+00
   3.1388703e+02
   4.4920145e+02
   9.4965966e+01
   5.0921628e+02
   1.6275043e+02
   4.4961645e+02
   4.0974750e+02
   2.3085579e+02
   1.1217415e+02
   3.5574674e+02
   4.2223908e+02
   4.9220716e+02
  -2.2640401e+01
   2.0319687e+02
   5.4269033e+02
   2.9399142e+02
  -1.2707196e+01
   1.6163018e+02
   4.4998432e+02
   5.0653381e+02
   1.9736927e+01
   4.5468522e+02
   3.6771533e+02
   3.2124263e+02
   3.2198853e+02
   6.1529509e+01
   4.5287011e+02
   5.1870453e+01
   1.1008864e+02
   3.8621192e+02
   3.4693534e+02
   2.9208534e+02
   5.4431448e+02
  -2.2838137e+01
   4.5811374e+02
   2.8405039e+02
   4.6278086e+02
   4.7853439e+02
  -3.2213123e+00
   5.3063482e+02
   2.3818532e+02
   4.8157212e+02
   3.5332620e+02
   4.5623642e+02
   7.1609059e+01
   9.1093523e+01
   3.7160170e+02
   5.5603692e+01
   3.5657961e+02
   3.8255722e+02
   5.2445437e+02
   4.6824922e+02
   4.2080391e+02
   5.2739913e+02
   4.4649332e+02
   4.7366394e+02
   2.5136538e+02
   5.4186428e+02
   3.4693257e+02
   1.3987425e+02
   6.6708015e+01
   3.4788402e+02
   1.3738896e+02
   2.9215350e+02
   2.3904270e+02
   2.2712089e+01
   4.5857066e+02
   2.6405464e+01
   8.0389157e+01
  -1.0851195e+01
   3.3166920e+02
   2.0330426e+02
   3.3828429e+02
   7.2737693e+01
   2.4668915e+01
   6.4389937e+01
   2.4838633e+02
   4.0180233e+02
   4.3118015e+02
   2.4144296e+02
   3.2667532e+02
   1.7266239e+02
   3.5453013e+02
   2.2599891e+02
   2.2118535e+02
   6.5644724e+01
   2.7368508e+02
  -2.1565891e+01
   1.1290411e+02
   1.1741217e+02
   5.4037078e+01
   2.4282521e+02
   7.4691600e+01
   1.9763728e+02
   2.2797738e+02
   4.6878291e+02
   5.0377462e+02
   3.5085882e+02
   1.9876919e+01
   1.0149527e+02
   1.1189531e+02
   4.8674208e+02
   3.3885885e+02
   1.2588594e+01
   4.3094660e+02
   5.1507309e+02
   1.5551175e+02
   1.0297072e+02
   2.9587330e+02
   2.9620083e+02
   4.9236922e+02
   2.4002105e+02
   4.9020871e+01
   4.3901960e+02
   3.1050372e+02
   5.0039012e+02
   3.4351344e+01
   3.8968682e+02
   4.4472542e+02
   4.9245957e+02
  -2.4137130e+01
   4.7190047e+01
   5.1734933e+02
   4.1904538e+02
   1.4445920e+01
   2.8567310e+02
   4.0937678e+02
   4.2479551e+02
   3.7263230e+00
   1.4469362e+02
   4.9669116e+02
   4.1946562e+02
   3.2473548e+02
   2.8343983e+02
   3.0871057e+02
   4.6935559e+02
   2.9998948e+02
   2.0238536e+02
   3.4703765e+02
   5.3714318e+02
   8.0063956e+01
   2.4739231e+02
   1.3809923e+02
   3.6304284e+02
   1.9574693e+02
   2.7300210e+01
   1.2440467e+02
   4.3820072e+02
   4.9622701e+02
   2.4431767e+02
   2.8668121e+02
   4.7437522e+02
   5.0694793e+02
   3.7162622e+01
   8.2076184e+01
   5.3236621e+02
   4.8306707e+02
   2.9885245e+02
   4.5402830e+02
   5.4422418e+02
   1.8083251e+02
   3.9435991e+02
   4.3719175e+02
   8.7017775e+01
   3.9042613e+02
   4.3935058e+02
   4.7085330e+02
   5.4637754e+01
   6.0895473e+01
   1.4068175e+02
  -9.7496788e+00
   8.3913383e+01
   1.9831814e+02
   1.5674450e+02
   1.4852221e+02
   1.1176598e+02
   4.8383394e+02
   2.7577360e+02
   4.3109610e+02
   4.8804616e+02
   4.6009590e+02
   5.4274082e+02
   3.4832391e+01
   2.2389492e+02
  -4.5091918e+00
   5.3658444e+02
  -4.4935045e+00
   2.5014290e+02
   4.5417667e+02
   4.2461190e+02
   2.3337680e+02
   1.7268021e+02
   1.3872046e+02
   4.2714246e+02
   2.3321231e+02
   5.5803688e+01
   1.5375394e+02
   5.0320979e+02
   2.1581329e+02
   3.8975134e+02
   4.8340013e+02
   3.6773415e+02
   4.9598057e+02
   4.3652525e+01
   6.9769346e+01
   1.1513923e+02
   2.8161209e+02
   1.8218923e+02
   1.5699967e+02
   5.3367360e+02
   3.8751139e+02
   3.2920246e+02
   4.3982979e+02
  -1.7510520e+01
   3.3943026e+02
   2.1789122e+02
   1.2444394e+02
   1.8050482e+02
   7.4048788e+00
   4.4360307e+02
   9.8949339e+01
   2.1150311e+02
   4.7152396e+02
   5.2902644e+01
   1.2555044e+02
   5.3581758e+02
   1.3443491e+02
   4.1580033e+02
   1.4978401e+02
   2.8626536e+02
   4.4674016e+02
   1.2196006e+02
   3.7662078e+00
   3.8612211e+02
   5.2920481e+01
   2.4474007e+02
   1.2728903e+02
   2.7445105e+02
   6.1709250e+01
   9.4465308e+00
   4.9524033e+02
   3.2876647e+02
   4.1196910e+02
   9.0809334e+01
  -1.3261326e+01
   1.8084138e+02
   1.9268444e+02
   1.7932894e+02
   1.4247512e+00
   2.1497714e+01
   3.6293322e+02
   2.9768876e+02
   5.3579656e+02
   1.5475396e+02
   7.7283369e+01
   9.2360997e+01
   8.9900291e+01
   1.9150872e+02
   1.5538321e+01
   6.5188681e+01
   4.1196213e+02
   6.8797044e+01
   5.4739123e+02
   3.9877096e+02
   4.4169407e+02
   4.1866598e+02
   1.4966554e+02
   1.2543429e+02
   3.4577654e+02
   4.4766549e+02
   4.1473176e+02
   3.8460672e+01
   1.0583225e+02
   3.7356681e+02
   2.1642869e+01
   1.8296344e+02
   2.6743280e+02
   2.0625769e+02
   3.4336995e+02
   3.3267577e+02
   5.1647940e+02
  -1.3326380e+01
  -1.1910589e+01
   1.9569159e+02
   1.7053102e+02
   3.9315978e+02
   1.1865615e+02
   4.5033044e+02
   1.1029261e+02
   1.8716132e+01
   2.1040841e+02
   5.1333236e+02
  -1.0949381e+01
   3.6314976e+02
   3.6694943e+01
   3.5408025e+02
   3.5036345e+01
   3.9078101e+02
   5.6678222e+01
   1.9234072e+02
   5.0883698e+02
   4.3250961e+02
   2.9716544e+02
   5.3775716e+02
   3.9811838e+02
   8.9304247e+01
   2.1972540e+02
   3.5527555e+02
   4.4135983e+02
   5.1028416e+02
   7.3256473e+01
   9.0754347e+01
   1.7781178e+02
   5.5027241e+02
   4.4785603e+02
  -2.2127428e+01
   4.5223933e+02
   4.2969697e+02
   1.4652048e+02
   5.3534162e+02
   1.5983667e+02
   2.2566694e+02
   4.7249822e+02
   1.3877995e+02
   4.2773935e+02
   5.4575584e+02
   4.3182755e+01
   2.4162910e+02
   6.4166048e+01
   3.7980417e+02
   2.6814640e+02
   3.3977183e+02
   1.9184129e+02
   3.1995516e+02
   5.2864378e+02
   1.2632857e+02
   8.9906461e+01
   4.9844903e+02
   4.6016885e+02
   5.1170915e+02
   4.5431418e+02
   2.5021981e+02
   3.6845596e+02
   3.8373933e+02
   3.5510888e+01
   3.0267122e+02
   5.3902579e+02
   1.5929177e+02
   5.0215355e+02
  -2.6366728e+01
   5.4606724e+02
   1.2078033e+02
   2.3430462e+02
   5.1269554e+02
   3.0800429e+02
   1.8078422e+02
   1.6790512e+02
   1.6779524e+02
   4.3652744e+02
   2.6274129e+02
   2.4520211e+02
  -2.7662247e+00
   5.0328261e+02
   3.1614257e+02
   2.0503356e+02
   1.1255213e+02
   5.7448470e+01
   4.9098075e+02
   5.2060750e+02
   3.5470441e+02
   4.9623166e+02
   1.2376765e+02
   4.2261008e+02
   1.8971516e+02
   4.6312323e+02
   2.0819393e+02
   1.4988603e+02
   5.3096068e+02
   9.8653527e+00
   2.8340162e+02
   3.0583861e+02
   1.5844631e+02
   2.6851316e+02
   3.1057882e+02
   2.8734665e+02
   1.3466023e+02
   1.0120773e+02
   2.1348224e+01
  -1.8632689e+01
   4.4677416e+02
   1.4493599e+02
   2.2753391e+02
   1.0845994e+01
   1.5393719e+02
   4.0767713e+01
   5.1048661e+02
   4.1957084e+02
   3.0682490e+02
   3.3387075e+02
   1.0633192e+02
   3.3052756e+02
   3.0544633e+02
   1.8372821e+02
   3.0339472e+02
  -2.2104974e+01
   9.0793776e+01
   2.5865742e+02
   2.4298388e+02
   7.0859828e+01
   4.4652397e+02
   5.2281205e+02
   4.6948771e+02
   3.4783658e+02
   4.7024763e+02
   1.3057082e+02
   4.0604153e+02
   6.1960998e+01
   2.9860295e+02
   2.9923314e+02
   1.8287621e+02
   8.4507227e+01
   2.9497454e+02
   3.9223905e+02
   2.3650400e+02
   1.3472539e+02
   3.1939101e+02
   2.5426295e+02
   4.5133400e+02
   3.9884437e+02
   1.7605287e+02
   1.0673715e+02
   3.9865200e+02
   4.6325734e+01
   1.8626890e+02
   1.2984597e+02
   2.6280751e+02
   2.6893836e+02
   4.1127592e+02
   1.5451139e+02
  -6.9593169e+00
   3.4354757e+02
   1.0191884e+01
   4.0560074e+02
   2.7632360e+01
   1.5280121e+02
   2.0938767e+02
   3.0646178e+02
   2.5687680e+02
   2.0992501e+02
   3.5371287e+02
  -2.3891940e+01
   2.6493392e+02
   3.2484940e+02
  -1.5768570e+01
   5.4864308e+02
   3.5075982e+02
   6.9026092e+01
   4.6688910e+02
   5.2275780e+02
   2.4225204e+02
   1.9157285e+02
   1.2019144e+02
   3.8129856e+01
   1.6031779e+02
   4.6559136e+02
   5.0215281e+02
   5.4977349e+00
   3.4260078e+02
   1.4248860e+02
   3.7051342e+02
   4.3476470e+02
   2.6154531e+02
   2.4308088e+02
   4.5883006e+02
   6.9015504e+01
   4.1859345e+02
   5.0677126e+01
   4.2188175e+02
   5.3407934e+02
   3.5785782e+02
   2.4598285e+02
   9.5211272e+01
   4.6523695e+02
   3.3242149e+02
   5.2665449e+02
   6.1614707e+00
   8.4867080e+01
   3.5923874e+02
   4.0090633e+02
   4.0452283e+02
   2.7786738e+02
   2.3195705e+02
   8.0724181e+01
   3.5388708e+02
   4.7798434e+02
   2.6719289e+02
   4.3202611e+01
   3.3727659e+02
   2.6240074e+02
   2.6537117e+02
   2.5448197e+02
   1.6557033e+02
   7.7996960e+01
   5.0433410e+02
   3.7906422e+02
   1.9634983e+02
   1.1862263e+02
  -5.3843272e+00
   3.2545514e+02
   2.6810930e+02
   3.4152915e+02
   4.5229211e+01
   7.1925536e+01
   5.4301967e+02
   4.5099785e+02
   3.7432970e+02
   4.8242005e+02
   3.0207386e+02
   2.0240112e+02
  -1.5895379e+01
   4.1269686e+01
   4.4220632e+02
   4.6147490e+02
   2.1999922e+02
   2.5872932e+02
   3.5477768e+02
   1.0091807e+02
   2.2601207e+01
   5.0723223e+02
   3.7305558e+02
   5.2913573e+02
   1.8309478e+02
   2.3516832e+02
   3.4005916e+02
   1.0475549e+02
   4.0040411e+02
   4.9632672e+02
   2.1723550e+02
   3.0775017e+02
   1.8138918e+02
   4.6593458e+02
   3.7826898e+02
   8.1269328e+01
   4.8065523e+02
   1.4712363e+02
   3.3544537e+00
   3.4547323e+02
   1.2134323e+02
   2.4217116e+02
   2.8242917e+02
   1.4588293e+02
   3.5590700e+02
   2.2537447e+02
   3.6612172e+01
  -1.3705474e+01
   4.0852712e-01
   2.7397463e+01
   5.2271591e+02
   9.6823125e+01
   4.3357481e+02
   4.6104258e+02
   2.6660340e+02
   3.7137408e+02
  -3.9462846e+00
   2.6293192e+02
   5.3311088e+02
   4.8815467e+02
   1.6475448e+02
   2.9641679e+02
   4.6348282e+02
   1.3452276e+02
   1.6667176e+02
   3.3308563e+01
   3.5900207e+02
   2.5304700e+02
   2.0311281e+02
   3.6931333e+02
   5.1789641e+02
   2.5247228e+02
   3.4066207e+02
   2.8706650e+02
   3.4425639e+02
   1.2976979e+02
   3.8436124e+01
   3.4748098e+02
   3.0117798e+02
   1.3512655e+02
   3.9678847e+02
   3.8692482e+02
   4.1088750e+02
   2.2135254e+02
   2.2250458e+02
   3.0030818e+02
   6.0625133e+01
   4.7128481e+02
   2.3486997e+02
   1.8043050e+02
   2.2077222e+02
   2.8385856e+02
   6.2705460e+00
   4.5772303e+02
   2.7602292e+01
   4.1139172e+01
   3.4694121e+01
   6.5775814e+01
   2.1671212e+02
   3.4249763e+02
   2.5389042e+02
   2.3883361e+02
   1.1704154e+01
   2.4410165e+02
   1.7873057e+02
   5.2506423e+02
   1.2545859e+02
   1.7532767e+02
   2.3072844e+02
  -2.5532413e+01
   4.7166571e+02
   1.2396298e+01
   3.9400568e+02
   4.5978972e+02
   4.3609924e+02
   6.1806224e+01
   4.4529621e+02
   6.6305188e+01
   1.9927010e+02
   1.5308901e+02
   2.9561371e+02
   4.2973253e+02
   1.0646667e+02
   3.3288101e+01
   1.1940617e+02
   4.7873281e+02
   2.2033957e+01
   4.2309448e+02
   5.3256029e+02
   1.4124925e+02
   3.5628486e+02
   2.7593235e+02
   4.6501186e+02
   4.4172465e+02
   5.2206247e+02
   1.4499698e+01
   5.4029304e+02
   3.7013239e+02
   5.3745590e+02
   8.3605891e+01
   4.3833021e+00
  -1.3299965e+01
   4.9363859e+02
   2.9603232e+02
   4.6919531e+02
   1.2224937e+02
   2.3768942e+02
   2.4850165e+02
   4.0455410e+02
   1.5701019e+02
   4.8687956e+02
   2.8624702e+02
   6.3994327e+01
   1.1106057e+02
   3.0465739e+02
   2.1159024e+02
   4.9087046e+02
   3.2945002e+01
  -1.4714798e+01
   3.2738927e+02
   2.5085503e+02
   5.2403570e+02
   3.1208393e+02
   3.2742672e+02
   4.3095700e+02
   3.0893417e+02
   3.1847184e+02
   4.0396308e+01
   4.7877465e+02
   3.3476879e+02
   2.8785217e+02
   1.3345865e+02
   1.4453574e+02
   3.5890317e+02
   4.7460127e+02
   1.3473049e+02
   2.9551403e+02
   3.6833713e+02
   3.5816533e+02
   7.0324433e+00
   1.0408182e+02
   1.0501498e+02
   1.8401613e+02
   2.5277608e+02
   5.3551094e+01
  -2.4756750e+01
   1.1159332e+02
   3.2043270e+02
   3.3191948e+01
   3.4554349e+02
   2.1798948e+02
   1.6024570e+01
   3.6685677e+02
   3.1022596e+02
   9.1165476e+01
   4.7625466e+02
   6.8636907e+01
   5.3271936e+02
   3.7683158e+02
   4.6727421e+02
   1.7079061e+02
   6.0937316e+01
   5.0354194e+02
   1.6103585e+02
   3.2239734e+02
   2.4100149e+02
   4.9456508e+01
   1.7548485e+02
   1.7621790e+02
   5.2827289e+02
   1.5627847e+02
   1.7159192e+02
   4.3555654e+02
   1.9097700e+02
   1.8309259e+01
   2.5633779e+00
   6.6022597e+01
   1.4087332e+02
   8.7205336e+01
   1.4812011e+02
   4.6702629e+02
   2.2240914e+02
   5.3104152e+02
  -1.0121289e+00
   2.2990451e+02
  -4.8976131e+00
   2.8390692e+02
   5.4080621e+02
   2.3857082e+02
   2.5688935e+02
   4.5699661e+02
   4.8851623e+02
   3.7006798e+02
   2.0946049e+02
   3.6334494e+02
   6.1529614e+01
   8.2421855e+01
   1.4958336e+02
   9.7568487e+01
   8.9613798e+01
   5.3062504e+02
   4.6312705e+01
   3.8609832e+02
   4.8542141e+02
   3.9139798e+02
   1.8072589e+02
   6.2276876e+01
   1.7791244e+02
   2.9537490e+02
   4.5838538e+02
   2.5750145e+02
   1.8473928e+02
   4.4829153e+02
   3.8770570e+02
   3.3851238e+02
   4.6644739e+02
   4.0595740e+02
   7.7601158e+01
   3.6494235e+02
   2.7734165e+02
   3.1258192e+02
   1.8243813e+02
   4.6976347e+02
   5.4385785e+02
   2.1710979e+02
   3.3487877e+02
   6.5437164e+01
   7.6312454e+01
   9.9500340e+00
   5.4607334e+02
   1.6572896e+02
   1.6969845e+02
   4.0120070e+02
   5.1095378e+02
   2.4513249e+02
   6.6989405e+00
   3.4674812e+02
   1.9171457e+02
   3.9744483e+02
   2.6387643e+02
   5.1325428e+02
   3.6011995e+02
   1.9319182e+02
   3.5299989e+02
   8.9147436e+01
   3.0195921e+02
   3.7219940e+02
   2.8454946e+02
   3.1158317e+02
   2.5704127e+01
   8.9065477e+01
   1.1285919e+02
   4.0595826e+01
   2.6428007e+01
   2.2971127e+02
   1.0480748e+02
   4.8680249e+02
   2.5474665e+02
   3.4845104e+02
   4.6854317e+02
   1.1891074e+02
   1.0917014e+02
   4.7808703e+02
   1.7431008e+02
   1.7233392e+02
   4.0473908e+02
   1.7745587e+02
   6.6710075e+01
   3.0228536e+02
   1.0913747e+02
   1.0286216e+02
   1.1357999e+02
   3.5532980e+02
   2.2897201e+02
  -7.6328182e+00
   1.6508602e+02
   2.6156666e+02
   1.4875794e+02
   1.2997211e+02
   5.1513209e+02
   4.8574132e+02
   2.0449298e+02
   4.1395777e+01
   1.3388657e+02
   3.7277431e+02
   4.3850029e+01
   2.5016163e+02
   4.2854725e+02
   9.0145382e+01
   4.3771281e+02
   3.6339615e+02
   2.2063208e+02
   3.1302477e+02
   2.7902823e+01
   2.2998708e+02
   1.4728566e+02
   3.2848442e+02
   2.4224853e+02
   5.1378857e+02
   3.3157593e+02
   4.5536351e+01
   3.9919252e+01
   4.9466904e+02
   2.1772208e+02
   1.3755244e+02
   3.9941033e+02
  -1.3607627e+01
   4.3345478e+02
   3.3029565e+02
   4.2233385e+02
   1.1781848e+02
   5.1018802e+01
   5.3948735e+02
   7.7278592e+01
   4.7252829e+02
   4.7252408e+02
   2.6105666e+02
   2.2133262e+02
   3.7502638e+02
   3.9642748e+02
   1.1242118e+02
   2.0969892e+02
   4.8271759e+02
   5.4958676e+02
   1.6752561e+02
   8.1472170e+01
  -1.0648997e+01
   5.3323809e+02
   5.1938162e+02
   3.4764266e+02
   5.0436709e+02
   1.7961890e+02
   4.8017443e+02
   1.3475450e+02
   1.4918238e+02
   1.4129190e+02
   6.7073005e+01
   4.6565400e+02
   2.4639654e+02
   1.5324552e+02
   4.6047550e+02
   2.4102089e+02
   4.7196632e+02
   1.4278500e+02
   4.2564952e+02
   1.5651697e+02
   4.0666422e+02
   4.2597332e+02
   1.9708261e+02
   5.1939415e+02
   4.9045731e+02
   1.4967217e+02
  -2.0660408e+01
   3.5786906e+02
   9.3049252e+01
   4.0190045e+02
   1.7926633e+02
   3.5173841e+02
   3.2980278e+02
   3.7760548e+01
   1.8328683e+02
   4.4425804e+02
   3.7249506e+02
   2.1008798e+02
   9.0045267e+01
   4.6777429e+02
   5.3278396e+01
   4.3963839e+02
   3.9094099e+02
   9.8121548e+01
   2.2767754e+02
   3.9055189e+01
   7.7785455e+01
   1.8030173e+02
   1.6817861e+01
   4.5870636e+02
   2.3868078e+02
   3.9641871e+02
   5.0136117e+02
   3.2342363e+02
   2.8763972e+02
   5.2753079e+02
   5.2404084e+02
   3.0902246e+02
   1.5456150e+02
   7.7539400e+01
   3.6699198e+02
   2.0551204e+02
   1.3019110e+02
  -2.1221921e+01
   2.0763261e+02
   1.3503824e+02
   1.7530939e+02
   3.9690290e+02
   4.6464229e+02
  -2.3711245e+01
   3.7623572e+02
   3.4596336e+02
   9.0591445e+01
   2.3370265e+02
   3.2210704e+02
   5.1109145e+02
   2.0791572e+02
   2.7108208e+02
   4.7061577e+01
   3.4263222e+02
   4.2298779e+02
   2.2108302e+02
   4.5208295e+02
   4.9137803e+01
   5.1927988e+02
   6.4463095e+01
   5.2901826e+02
   2.8532777e+02
   3.3082236e+02
   8.1364436e+00
   1.6817452e+02
   5.4855455e+02
   2.6456529e+02
   1.8075702e+02
   4.6075287e+02
   2.9875629e+02
   2.4401535e+02
   7.6594682e+01
   4.7634749e+02
   4.7646487e+02
   2.6861407e+02
   1.6593873e+02
   2.4875318e+02
   5.1417072e+02
   2.8509016e+02
   1.6624177e+02
   4.3554357e+02
  -9.8775292e+00
   4.5612600e+02
   2.6391729e+02
   1.8508663e+02
   1.0481952e+02
   2.9976657e+02
   1.6712855e+02
   2.2137937e+02
   2.0136126e+02
   3.5637656e+02
   3.5167138e+02
   9.6343796e+01
   6.1438329e+01
   4.8475702e+02
   7.5166550e+01
   1.9999963e+02
   7.8666903e+01
   5.2291917e+02
   1.2931657e+02
   4.4593479e+00
   3.1388703e+02
   4.4920145e+02
   9.4965966e+01
   5.0921628e+02
   1.6275043e+02
   4.4961645e+02
   4.0974750e+02
   2.3085579e+02
   1.1217415e+02
   3.5574674e+02
   4.2223908e+02
   4.9220716e+02
  -2.2640401e+01
   2.0319687e+02
   5.4269033e+02
   2.9399142e+02
  -1.2707196e+01
   1.6163018e+02
   4.4998432e+02
   5.0653381e+02
   1.9736927e+01
   4.5468522e+02
   3.6771533e+02
   3.2124263e+02
   3.2198853e+02
   6.1529509e+01
   4.5287011e+02
   5.1870453e+01
   1.1008864e+02
   3.8621192e+02
   3.4693534e+02
   2.9208534e+02
   5.4431448e+02
  -2.2838137e+01
   4.5811374e+02
   2.8405039e+02
   4.6278086e+02
   4.7853439e+02
  -3.2213123e+00
   5.3063482e+02
   2.3818532e+02
   4.8157212e+02
   3.5332620e+02
   4.5623642e+02
   7.1609059e+01
   9.1093523e+01
   3.7160170e+02
   5.5603692e+01
   3.5657961e+02
   3.8255722e+02
   5.2445437e+02
   4.6824922e+02
   4.2080391e+02
   5.2739913e+02
   4.4649332e+02
   4.7366394e+02
   2.5136538e+02
   5.4186428e+02
   3.4693257e+02
   1.3987425e+02
   6.6708015e+01
   3.4788402e+02
   1.3738896e+02
   2.9215350e+02
   2.3904270e+02
   2.2712089e+01
   4.5857066e+02
   2.6405464e+01
   8.0389157e+01
  -1.0851195e+01
   3.3166920e+02
   2.0330426e+02
   3.3828429e+02
   7.2737693e+01
   2.4668915e+01
   6.4389937e+01
   2.4838633e+02
   4.0180233e+02
   4.3118015e+02
   2.4144296e+02
   3.2667532e+02
   1.7266239e+02
   3.5453013e+02
   2.2599891e+02
   2.2118535e+02
   6.5644724e+01
   2.7368508e+02
  -2.1565891e+01
   1.1290411e+02
   1.1741217e+02
   5.4037078e+01
   2.4282521e+02
   7.4691600e+01
   1.9763728e+02
   2.2797738e+02
   4.6878291e+02
   5.0377462e+02
   3.5085882e+02
   1.9876919e+01
   1.0149527e+02
   1.1189531e+02
   4.8674208e+02
   3.3885885e+02
   1.2588594e+01
   4.3094660e+02
   5.1507309e+02
   1.5551175e+02
   1.0297072e+02
   2.9587330e+02
   2.9620083e+02
   4.9236922e+02
   2.4002105e+02
   4.9020871e+01
   4.3901960e+02
   3.1050372e+02
   5.0039012e+02
   3.4351344e+01
   3.8968682e+02
   4.4472542e+02
   4.9245957e+02
  -2.4137130e+01
   4.7190047e+01
   5.1734933e+02
   4.1904538e+02
   1.4445920e+01
   2.8567310e+02
   4.0937678e+02
   4.2479551e+02
   3.7263230e+00
   1.4469362e+02
   4.9669116e+02
   4.1946562e+02
   3.2473548e+02
   2.8343983e+02
   3.0871057e+02
   4.6935559e+02
   2.9998948e+02
   2.0238536e+02
   3.4703765e+02
   5.3714318e+02
   8.0063956e+01
   2.4739231e+02
   1.3809923e+02
   3.6304284e+02
   1.9574693e+02
   2.7300210e+01
   1.2440467e+02
   4.3820072e+02
   4.9622701e+02
   2.4431767e+02
   2.8668121e+02
   4.7437522e+02
   5.0694793e+02
   3.7162622e+01
   8.2076184e+01
   5.3236621e+02
   4.8306707e+02
   2.9885245e+02
   4.5402830e+02
   5.4422418e+02
   1.8083251e+02
   3.9435991e+02
   4.3719175e+02
   8.7017775e+01
   3.9042613e+02
   4.3935058e+02
   4.7085330e+02
   5.4637754e+01
   6.0895473e+01
   1.4068175e+02
  -9.7496788e+00
   8.3913383e+01
   1.9831814e+02
   1.5674450e+02
   1.4852221e+02
   1.1176598e+02
   4.8383394e+02
   2.7577360e+02
   4.3109610e+02
   4.8804616e+02
   4.6009590e+02
   5.4274082e+02
   3.4832391e+01
   2.2389492e+02
  -4.5091918e+00
   5.3658444e+02
  -4.4935045e+00
   2.5014290e+02
   4.5417667e+02
   4.2461190e+02
   2.3337680e+02
   1.7268021e+02
   1.3872046e+02
   4.2714246e+02
   2.3321231e+02
   5.5803688e+01
   1.5375394e+02
   5.0320979e+02
   2.1581329e+02
   3.8975134e+02
   4.8340013e+02
   3.6773415e+02
   4.9598057e+02
   4.3652525e+01
   6.9769346e+01
   1.1513923e+02
   2.8161209e+02
   1.8218923e+02
   1.5699967e+02
   5.3367360e+02
   3.8751139e+02
   3.2920246e+02
   4.3982979e+02
  -1.7510520e+01
   3.3943026e+02
   2.1789122e+02
   1.2444394e+02
   1.8050482e+02
   7.4048788e+00
   4.4360307e+02
   9.8949339e+01
   2.1150311e+02
   4.7152396e+02
   5.2902644e+01
   1.2555044e+02
   5.3581758e+02
   1.3443491e+02
   4.1580033e+02
   1.4978401e+02
   2.8626536e+02
   4.4674016e+02
   1.2196006e+02
   3.7662078e+00
   3.8612211e+02
   5.2920481e+01
   2.4474007e+02
   1.2728903e+02
   2.7445105e+02
   6.1709250e+01
   9.4465308e+00
   4.9524033e+02
   3.2876647e+02
   4.1196910e+02
   9.0809334e+01
  -1.3261326e+01
   1.8084138e+02
   1.9268444e+02
   1.7932894e+02
   1.4247512e+00
   2.1497714e+01
   3.6293322e+02
   2.9768876e+02
   5.3579656e+02
   1.5475396e+02
   7.7283369e+01
   9.2360997e+01
   8.9900291e+01
   1.9150872e+02
   1.5538321e+01
   6.5188681e+01
   4.1196213e+02
   6.8797044e+01
   5.4739123e+02
   3.9877096e+02
   4.4169407e+02
   4.1866598e+02
   1.4966554e+02
   1.2543429e+02
   3.4577654e+02
   4.4766549e+02
   4.1473176e+02
   3.8460672e+01
   1.0583225e+02
   3.7356681e+02
   2.1642869e+01
   1.8296344e+02
   2.6743280e+02
   2.0625769e+02
   3.4336995e+02
   3.3267577e+02
   5.1647940e+02
  -1.3326380e+01
  -1.1910589e+01
   1.9569159e+02
   1.7053102e+02
   3.9315978e+02
   1.1865615e+02
   4.5033044e+02
   1.1029261e+02
   1.8716132e+01
   2.1040841e+02
   5.1333236e+02
  -1.0949381e+01
   3.6314976e+02
   3.6694943e+01
   3.5408025e+02
   3.5036345e+01
   3.9078101e+02
   5.6678222e+01
   1.9234072e+02
   5.0883698e+02
   4.3250961e+02
   2.9716544e+02
   5.3775716e+02
   3.9811838e+02
   8.9304247e+01
   2.1972540e+02
   3.5527555e+02
   4.4135983e+02
   5.1028416e+02
   7.3256473e+01
   9.0754347e+01
   1.7781178e+02
   5.5027241e+02
   4.4785603e+02
  -2.2127428e+01
   4.5223933e+02
   4.2969697e+02
   1.4652048e+02
   5.3534162e+02
   1.5983667e+02
   2.2566694e+02
   4.7249822e+02
   1.3877995e+02
   4.2773935e+02
   5.4575584e+02
   4.3182755e+01
   2.4162910e+02
   6.4166048e+01
   3.7980417e+02
   2.6814640e+02
   3.3977183e+02
   1.9184129e+02
   3.1995516e+02
   5.2864378e+02
   1.2632857e+02
   8.9906461e+01
   4.9844903e+02
   4.6016885e+02
   5.1170915e+02
   4.5431418e+02
   2.5021981e+02
   3.6845596e+02
   3.8373933e+02
   3.5510888e+01
   3.0267122e+02
   5.3902579e+02
   1.5929177e+02
   5.0215355e+02
  -2.6366728e+01
   5.4606724e+02
   1.2078033e+02
   2.3430462e+02
   5.1269554e+02
   3.0800429e+02
   1.8078422e+02
   1.6790512e+02
   1.6779524e+02
   4.3652744e+02
   2.6274129e+02
   2.4520211e+02
  -2.7662247e+00
   5.0328261e+02
   3.1614257e+02
   2.0503356e+02
   1.1255213e+02
   5.7448470e+01
   4.9098075e+02
   5.2060750e+02
   3.5470441e+02
   4.9623166e+02
   1.2376765e+02
   4.2261008e+02
   1.8971516e+02
   4.6312323e+02
   2.0819393e+02
   1.4988603e+02
   5.3096068e+02
   9.8653527e+00
   2.8340162e+02
   3.0583861e+02
   1.5844631e+02
   2.6851316e+02
   3.1057882e+02
   2.8734665e+02
   1.3466023e+02
   1.0120773e+02
   2.1348224e+01
  -1.8632689e+01
   4.4677416e+02
   1.4493599e+02
   2.2753391e+02
   1.0845994e+01
   1.5393719e+02
   4.0767713e+01
   5.1048661e+02
   4.1957084e+02
   3.0682490e+02
   3.3387075e+02
   1.0633192e+02
   3.3052756e+02
   3.0544633e+02
   1.8372821e+02
   3.0339472e+02
  -2.2104974e+01
   9.0793776e+01
   2.5865742e+02
   2.4298388e+02
   7.0859828e+01
   4.4652397e+02
   5.2281205e+02
   4.6948771e+02
   3.4783658e+02
   4.7024763e+02
   1.3057082e+02
   4.0604153e+02
   6.1960998e+01
   2.9860295e+02
   2.9923314e+02
   1.8287621e+02
   8.4507227e+01
   2.9497454e+02
   3.9223905e+02
   2.3650400e+02
   1.3472539e+02
   3.1939101e+02
   2.5426295e+02
   4.5133400e+02
   3.9884437e+02
   1.7605287e+02
   1.0673715e+02
   3.9865200e+02
   4.6325734e+01
   1.8626890e+02
   1.2984597e+02
   2.6280751e+02
   2.6893836e+02
   4.1127592e+02
   1.5451139e+02
  -6.9593169e+00
   3.4354757e+02
   1.0191884e+01
   4.0560074e+02
   2.7632360e+01
   1.5280121e+02
   2.0938767e+02
   3.0646178e+02
   2.5687680e+02
   2.0992501e+02
   3.5371287e+02
  -2.3891940e+01
   2.6493392e+02
   3.2484940e+02
  -1.5768570e+01
   5.4864308e+02
   3.5075982e+02
   6.9026092e+01
   4.6688910e+02
   5.2275780e+02
   2.4225204e+02
   1.9157285e+02
   1.2019144e+02
   3.8129856e+01
   1.6031779e+02
   4.6559136e+02
   5.0215281e+02
   5.4977349e+00
   3.4260078e+02
   1.4248860e+02
   3.7051342e+02
   4.3476470e+02
   2.6154531e+02
   2.4308088e+02
   4.5883006e+02
   6.9015504e+01
   4.1859345e+02
   5.0677126e+01
   4.2188175e+02
   5.3407934e+02
   3.5785782e+02
   2.4598285e+02
   9.5211272e+01
   4.6523695e+02
   3.3242149e+02
   5.2665449e+02
   6.1614707e+00
   8.4867080e+01
   3.5923874e+02
   4.0090633e+02
   4.0452283e+02
   2.7786738e+02
   2.3195705e+02
   8.0724181e+01
   3.5388708e+02
   4.7798434e+02
   2.6719289e+02
   4.3202611e+01
   3.3727659e+02
   2.6240074e+02
   2.6537117e+02
   2.5448197e+02
   1.6557033e+02
   7.7996960e+01
   5.0433410e+02
   3.7906422e+02
   1.9634983e+02
   1.1862263e+02
  -5.3843272e+00
   3.2545514e+02
   2.6810930e+02
   3.4152915e+02
   4.5229211e+01
   7.1925536e+01
   5.4301967e+02
   4.5099785e+02
   3.7432970e+02
   4.8242005e+02
   3.0207386e+02
   2.0240112e+02
  -1.5895379e+01
   4.1269686e+01
   4.4220632e+02
   4.6147490e+02
   2.1999922e+02
   2.5872932e+02
   3.5477768e+02
   1.0091807e+02
   2.2601207e+01
   5.0723223e+02
   3.7305558e+02
   5.2913573e+02
   1.8309478e+02
   2.3516832e+02
   3.4005916e+02
   1.0475549e+02
   4.0040411e+02
   4.9632672e+02
   2.1723550e+02
   3.0775017e+02
   1.8138918e+02
   4.6593458e+02
   3.7826898e+02
   8.1269328e+01
   4.8065523e+02
   1.4712363e+02
   3.3544537e+00
   3.4547323e+02
   1.2134323e+02
   2.4217116e+02
   2.8242917e+02
   1.4588293e+02
   3.5590700e+02
   2.2537447e+02
   3.6612172e+01
  -1.3705474e+01
   4.0852712e-01
   2.7397463e+01
   5.2271591e+02
   9.6823125e+01
   4.3357481e+02
   4.6104258e+02
   2.6660340e+02
   3.7137408e+02
  -3.9462846e+00
   2.6293192e+02
   5.3311088e+02
   4.8815467e+02
   1.6475448e+02
   2.9641679e+02
   4.6348282e+02
   1.3452276e+02
   1.6667176e+02
   3.3308563e+01
   3.5900207e+02
   2.5304700e+02
   2.0311281e+02
   3.6931333e+02
   5.1789641e+02
   2.5247228e+02
   3.4066207e+02
   2.8706650e+02
   3.4425639e+02
   1.2976979e+02
   3.8436124e+01
   3.4748098e+02
   3.0117798e+02
   1.3512655e+02
   3.9678847e+02
   3.8692482e+02
   4.1088750e+02
   2.2135254e+02
   2.2250458e+02
   3.0030818e+02
   6.0625133e+01
   4.7128481e+02
   2.3486997e+02
   1.8043050e+02
   2.2077222e+02
   2.8385856e+02
   6.2705460e+00
   4.5772303e+02
   2.7602292e+01
   4.1139172e+01
   3.4694121e+01
   6.5775814e+01
   2.1671212e+02
   3.4249763e+02
   2.5389042e+02
   2.3883361e+02
   1.1704154e+01
   2.4410165e+02
   1.7873057e+02
   5.2506423e+02
   1.2545859e+02
   1.7532767e+02
   2.3072844e+02
  -2.5532413e+01
   4.7166571e+02
   1.2396298e+01
   3.9400568e+02
   4.5978972e+02
   4.3609924e+02
   6.1806224e+01
   4.4529621e+02
   6.6305188e+01
   1.9927010e+02
   1.5308901e+02
   2.9561371e+02
   4.2973253e+02
   1.0646667e+02
   3.3288101e+01
   1.1940617e+02
   4.7873281e+02
   2.2033957e+01
   4.2309448e+02
   5.3256029e+02
   1.4124925e+02
   3.5628486e+02
   2.7593235e+02
   4.6501186e+02
   4.4172465e+02
   5.2206247e+02
   1.4499698e+01
   5.4029304e+02
   3.7013239e+02
   5.3745590e+02
   8.3605891e+01
   4.3833021e+00
  -1.3299965e+01
   4.9363859e+02
   2.9603232e+02
   4.6919531e+02
   1.2224937e+02
   2.3768942e+02
   2.4850165e+02
   4.0455410e+02
   1.5701019e+02
   4.8687956e+02
   2.8624702e+02
   6.3994327e+01
   1.1106057e+02
   3.0465739e+02
   2.1159024e+02
   4.9087046e+02
   3.2945002e+01
  -1.4714798e+01
   3.2738927e+02
   2.5085503e+02
   5.2403570e+02
   3.1208393e+02
   3.2742672e+02
   4.3095700e+02
   3.0893417e+02
   3.1847184e+02
   4.0396308e+01
   4.7877465e+02
   3.3476879e+02
   2.8785217e+02
   1.3345865e+02
   1.4453574e+02
   3.5890317e+02
   4.7460127e+02
   1.3473049e+02
   2.9551403e+02
   3.6833713e+02
   3.5816533e+02
   7.0324433e+00
   1.0408182e+02
   1.0501498e+02
   1.8401613e+02
   2.5277608e+02
   5.3551094e+01
  -2.4756750e+01
   1.1159332e+02
   3.2043270e+02
   3.3191948e+01
   3.4554349e+02
   2.1798948e+02
   1.6024570e+01
   3.6685677e+02
   3.1022596e+02
   9.1165476e+01
   4.7625466e+02
   6.8636907e+01
   5.3271936e+02
   3.7683158e+02
   4.6727421e+02
   1.7079061e+02
   6.0937316e+01
   5.0354194e+02
   1.6103585e+02
   3.2239734e+02
   2.4100149e+02
   4.9456508e+01
   1.7548485e+02
   1.7621790e+02
   5.2827289e+02
   1.5627847e+02
   1.7159192e+02
   4.3555654e+02
   1.9097700e+02
   1.8309259e+01
   2.5633779e+00
   6.6022597e+01
   1.4087332e+02
   8.7205336e+01
   1.4812011e+02
   4.6702629e+02
   2.2240914e+02
   5.3104152e+02
  -1.0121289e+00
   2.2990451e+02
  -4.8976131e+00
   2.8390692e+02
   5.4080621e+02
   2.3857082e+02
   2.5688935e+02
   4.5699661e+02
   4.8851623e+02
   3.7006798e+02
   2.0946049e+02
   3.6334494e+02
   6.1529614e+01
   8.2421855e+01
   1.4958336e+02
   9.7568487e+01
   8.9613798e+01
   5.3062504e+02
   4.6312705e+01
   3.8609832e+02
   4.8542141e+02
   3.9139798e+02
   1.8072589e+02
   6.2276876e+01
   1.7791244e+02
   2.9537490e+02
   4.5838538e+02
   2.5750145e+02
   1.8473928e+02
   4.4829153e+02
   3.8770570e+02
   3.3851238e+02
   4.6644739e+02
   4.0595740e+02
   7.7601158e+01
   3.6494235e+02
   2.7734165e+02
   3.1258192e+02
   1.8243813e+02
   4.6976347e+02
   5.4385785e+02
   2.1710979e+02
   3.3487877e+02
   6.5437164e+01
   7.6312454e+01
   9.9500340e+00
   5.4607334e+02
   1.6572896e+02
   1.6969845e+02
   4.0120070e+02
   5.1095378e+02
   2.4513249e+02
   6.6989405e+00
   3.4674812e+02
   1.9171457e+02
   3.9744483e+02
   2.6387643e+02
   5.1325428e+02
   3.6011995e+02
   1.9319182e+02
   3.5299989e+02
   8.9147436e+01
   3.0195921e+02
   3.7219940e+02
   2.8454946e+02
   3.1158317e+02
   2.5704127e+01
   8.9065477e+01
   1.1285919e+02
   4.0595826e+01
   2.6428007e+01
   2.2971127e+02
   1.0480748e+02
   4.8680249e+02
   2.5474665e+02
   3.4845104e+02
   4.6854317e+02
   1.1891074e+02
   1.0917014e+02
   4.7808703e+02
   1.7431008e+02
   1.7233392e+02
   4.0473908e+02
   1.7745587e+02
   6.6710075e+01
   3.0228536e+02
   1.0913747e+02
   1.0286216e+02
   1.1357999e+02
   3.5532980e+02
   2.2897201e+02
  -7.6328182e+00
   1.6508602e+02
   2.6156666e+02
   1.4875794e+02
   1.2997211e+02
   5.1513209e+02
   4.8574132e+02
   2.0449298e+02
   4.1395777e+01
   1.3388657e+02
   3.7277431e+02
   4.3850029e+01
   2.5016163e+02
   4.2854725e+02
   9.0145382e+01
   4.3771281e+02
   3.6339615e+02
   2.2063208e+02
   3.1302477e+02
   2.7902823e+01
   2.2998708e+02
   1.4728566e+02
   3.2848442e+02
   2.4224853e+02
   5.1378857e+02
   3.3157593e+02
   4.5536351e+01
   3.9919252e+01
   4.9466904e+02
   2.1772208e+02
   1.3755244e+02
   3.9941033e+02
  -1.3607627e+01
   4.3345478e+02
   3.3029565e+02
   4.2233385e+02
   1.1781848e+02
   5.1018802e+01
   5.3948735e+02
   7.7278592e+01
   4.7252829e+02
   4.7252408e+02
   2.6105666e+02
   2.2133262e+02
   3.7502638e+02
   3.9642748e+02
   1.1242118e+02
   2.0969892e+02
   4.8271759e+02
   5.4958676e+02
   1.6752561e+02
   8.1472170e+01
  -1.0648997e+01
   5.3323809e+02
   5.1938162e+02
   3.4764266e+02
   5.0436709e+02
   1.7961890e+02
   4.8017443e+02
   1.3475450e+02
   1.4918238e+02
   1.4129190e+02
   6.7073005e+01
   4.6565400e+02
   2.4639654e+02
   1.5324552e+02
   4.6047550e+02
   2.4102089e+02
   4.7196632e+02
   1.4278500e+02
   4.2564952e+02
   1.5651697e+02
   4.0666422e+02
   4.2597332e+02
   1.9708261e+02
   5.1939415e+02
   4.9045731e+02
   1.4967217e+02
  -2.0660408e+01
   3.5786906e+02
   9.3049252e+01
   4.0190045e+02
   1.7926633e+02
   3.5173841e+02
   3.2980278e+02
   3.7760548e+01
   1.8328683e+02
   4.4425804e+02
   3.7249506e+02
   2.1008798e+02
   9.0045267e+01
   4.6777429e+02
   5.3278396e+01
   4.3963839e+02
   3.9094099e+02
   9.8121548e+01
   2.2767754e+02
   3.9055189e+01
   7.7785455e+01
   1.8030173e+02
   1.6817861e+01
   4.5870636e+02
   2.3868078e+02
   3.9641871e+02
   5.0136117e+02
   3.2342363e+02
   2.8763972e+02
   5.2753079e+02
   5.2404084e+02
   3.0902246e+02
   1.5456150e+02
   7.7539400e+01
   3.6699198e+02
   2.0551204e+02
   1.3019110e+02
  -2.1221921e+01
   2.0763261e+02
   1.3503824e+02
   1.7530939e+02
   3.9690290e+02
   4.6464229e+02
  -2.3711245e+01
   3.7623572e+02
   3.4596336e+02
   9.0591445e+01
   2.3370265e+02
   3.2210704e+02
   5.1109145e+02
   2.0791572e+02
   2.7108208e+02
   4.7061577e+01
   3.4263222e+02
   4.2298779e+02
   2.2108302e+02
   4.5208295e+02
   4.9137803e+01
   5.1927988e+02
   6.4463095e+01
   5.2901826e+02
   2.8532777e+02
   3.3082236e+02
   8.1364436e+00
   1.6817452e+02
   5.4855455e+02
   2.6456529e+02
   1.8075702e+02
   4.6075287e+02
   2.9875629e+02
   2.4401535e+02
   7.6594682e+01
   4.7634749e+02
   4.7646487e+02
   2.6861407e+02
   1.6593873e+02
   2.4875318e+02
   5.1417072e+02
   2.8509016e+02
   1.6624177e+02
   4.3554357e+02
  -9.8775292e+00
   4.5612600e+02
   2.6391729e+02
   1.8508663e+02
   1.0481952e+02
   2.9976657e+02
   1.6712855e+02
   2.2137937e+02
   2.0136126e+02
   3.5637656e+02
   3.5167138e+02
   9.6343796e+01
   6.1438329e+01
   4.8475702e+02
   7.5166550e+01
   1.9999963e+02
   7.8666903e+01
   5.2291917e+02
   1.2931657e+02
   4.4593479e+00
   3.1388703e+02
   4.4920145e+02
   9.4965966e+01
   5.0921628e+02
   1.6275043e+02
   4.4961645e+02
   4.0974750e+02
   2.3085579e+02
   1.1217415e+02
   3.5574674e+02
   4.2223908e+02
   4.9220716e+02
  -2.2640401e+01
   2.0319687e+02
   5.4269033e+02
   2.9399142e+02
  -1.2707196e+01
   1.6163018e+02
   4.4998432e+02
   5.0653381e+02
   1.9736927e+01
   4.5468522e+02
   3.6771533e+02
   3.2124263e+02
   3.2198853e+02
   6.1529509e+01
   4.5287011e+02
   5.1870453e+01
   1.1008864e+02
   3.8621192e+02
   3.4693534e+02
   2.9208534e+02
   5.4431448e+02
  -2.2838137e+01
   4.5811374e+02
   2.8405039e+02
   4.6278086e+02
   4.7853439e+02
  -3.2213123e+00
   5.3063482e+02
   2.3818532e+02
   4.8157212e+02
   3.5332620e+02
   4.5623642e+02
   7.1609059e+01
   9.1093523e+01
   3.7160170e+02
   5.5603692e+01
   3.5657961e+02
   3.8255722e+02
   5.2445437e+02
   4.6824922e+02
   4.2080391e+02
   5.2739913e+02
   4.4649332e+02
   4.7366394e+02
   2.5136538e+02
   5.4186428e+02
   3.4693257e+02
   1.3987425e+02
   6.6708015e+01
   3.4788402e+02
   1.3738896e+02
   2.9215350e+02
   2.3904270e+02
   2.2712089e+01
   4.5857066e+02
   2.6405464e+01
   8.0389157e+01
  -1.0851195e+01
   3.3166920e+02
   2.0330426e+02
   3.3828429e+02
   7.2737693e+01
   2.4668915e+01
   6.4389937e+01
   2.4838633e+02
   4.0180233e+02
   4.3118015e+02
   2.4144296e+02
   3.2667532e+02
   1.7266239e+02
   3.5453013e+02
   2.2599891e+02
   2.2118535e+02
   6.5644724e+01
   2.7368508e+02
  -2.1565891e+01
   1.1290411e+02
   1.1741217e+02
   5.4037078e+01
   2.4282521e+02
   7.4691600e+01
   1.9763728e+02
   2.2797738e+02
   4.6878291e+02
   5.0377462e+02
   3.5085882e+02
   1.9876919e+01
   1.0149527e+02
   1.1189531e+02
   4.8674208e+02
   3.3885885e+02
   1.2588594e+01
   4.3094660e+02
   5.1507309e+02
   1.5551175e+02
   1.0297072e+02
   2.9587330e+02
   2.9620083e+02
   4.9236922e+02
   2.4002105e+02
   4.9020871e+01
   4.3901960e+02
   3.1050372e+02
   5.0039012e+02
   3.4351344e+01
   3.8968682e+02
   4.4472542e+02
   4.9245957e+02
  -2.4137130e+01
   4.7190047e+01
   5.1734933e+02
   4.1904538e+02
   1.4445920e+01
   2.8567310e+02
   4.0937678e+02
   4.2479551e+02
   3.7263230e+00
   1.4469362e+02
   4.9669116e+02
   4.1946562e+02
   3.2473548e+02
   2.8343983e+02
   3.0871057e+02
   4.6935559e+02
   2.9998948e+02
   2.0238536e+02
   3.4703765e+02
   5.3714318e+02
   8.0063956e+01
   2.4739231e+02
   1.3809923e+02
   3.6304284e+02
   1.9574693e+02
   2.7300210e+01
   1.2440467e+02
   4.3820072e+02
   4.9622701e+02
   2.4431767e+02
   2.8668121e+02
   4.7437522e+02
   5.0694793e+02
   3.7162622e+01
   8.2076184e+01
   5.3236621e+02
   4.8306707e+02
   2.9885245e+02
   4.5402830e+02
   5.4422418e+02
   1.8083251e+02
   3.9435991e+02
   4.3719175e+02
   8.7017775e+01
   3.9042613e+02
   4.3935058e+02
   4.7085330e+02
   5.4637754e+01
   6.0895473e+01
   1.4068175e+02
  -9.7496788e+00
   8.3913383e+01
   1.9831814e+02
   1.5674450e+02
   1.4852221e+02
   1.1176598e+02
   4.8383394e+02
   2.7577360e+02
   4.3109610e+02
   4.8804616e+02
   4.6009590e+02
   5.4274082e+02
   3.4832391e+01
   2.2389492e+02
  -4.5091918e+00
   5.3658444e+02
  -4.4935045e+00
   2.5014290e+02
   4.5417667e+02
   4.2461190e+02
   2.3337680e+02
   1.7268021e+02
   1.3872046e+02
   4.2714246e+02
   2.3321231e+02
   5.5803688e+01
   1.5375394e+02
   5.0320979e+02
   2.1581329e+02
   3.8975134e+02
   4.8340013e+02
   3.6773415e+02
   4.9598057e+02
   4.3652525e+01
   6.9769346e+01
   1.1513923e+02
   2.8161209e+02
   1.8218923e+02
   1.5699967e+02
   5.3367360e+02
   3.8751139e+02
   3.2920246e+02
   4.3982979e+02
  -1.7510520e+01
   3.3943026e+02
   2.1789122e+02
   1.2444394e+02
   1.8050482e+02
   7.4048788e+00
   4.4360307e+02
   9.8949339e+01
   2.1150311e+02
   4.7152396e+02
   5.2902644e+01
   1.2555044e+02
   5.3581758e+02
   1.3443491e+02
   4.1580033e+02
   1.4978401e+02
   2.8626536e+02
   4.4674016e+02
   1.2196006e+02
   3.7662078e+00
   3.8612211e+02
   5.2920481e+01
   2.4474007e+02
   1.2728903e+02
   2.7445105e+02
   6.1709250e+01
   9.4465308e+00
   4.9524033e+02
   3.2876647e+02
   4.1196910e+02
   9.0809334e+01
  -1.3261326e+01
   1.8084138e+02
   1.9268444e+02
   1.7932894e+02
   1.4247512e+00
   2.1497714e+01
   3.6293322e+02
   2.9768876e+02
   5.3579656e+02
   1.5475396e+02
   7.7283369e+01
   9.2360997e+01
   8.9900291e+01
   1.9150872e+02
   1.5538321e+01
   6.5188681e+01
   4.1196213e+02
   6.8797044e+01
   5.4739123e+02
   3.9877096e+02
   4.4169407e+02
   4.1866598e+02
   1.4966554e+02
   1.2543429e+02
   3.4577654e+02
   4.4766549e+02
   4.1473176e+02
   3.8460672e+01
   1.0583225e+02
   3.7356681e+02
   2.1642869e+01
   1.8296344e+02
   2.6743280e+02
   2.0625769e+02
   3.4336995e+02
   3.3267577e+02
   5.1647940e+02
  -1.3326380e+01
  -1.1910589e+01
   1.9569159e+02
   1.7053102e+02
   3.9315978e+02
   1.1865615e+02
   4.5033044e+02
   1.1029261e+02
   1.8716132e+01
   2.1040841e+02
   5.1333236e+02
  -1.0949381e+01
   3.6314976e+02
   3.6694943e+01
   3.5408025e+02
   3.5036345e+01
   3.9078101e+02
   5.6678222e+01
   1.9234072e+02
   5.0883698e+02
   4.3250961e+02
   2.9716544e+02
   5.3775716e+02
   3.9811838e+02
   8.9304247e+01
   2.1972540e+02
   3.5527555e+02
   4.4135983e+02
   5.1028416e+02
   7.3256473e+01
   9.0754347e+01
   1.7781178e+02
   5.5027241e+02
   4.4785603e+02
  -2.2127428e+01
   4.5223933e+02
   4.2969697e+02
   1.4652048e+02
   5.3534162e+02
   1.5983667e+02
   2.2566694e+02
   4.7249822e+02
   1.3877995e+02
   4.2773935e+02
   5.4575584e+02
   4.3182755e+01
   2.4162910e+02
   6.4166048e+01
   3.7980417e+02
   2.6814640e+02
   3.3977183e+02
   1.9184129e+02
   3.1995516e+02
   5.2864378e+02
   1.2632857e+02
   8.9906461e+01
   4.9844903e+02
   4.6016885e+02
   5.1170915e+02
   4.5431418e+02
   2.5021981e+02
   3.6845596e+02
   3.8373933e+02
   3.5510888e+01
   3.0267122e+02
   5.3902579e+02
   1.5929177e+02
   5.0215355e+02
  -2.6366728e+01
   5.4606724e+02
   1.2078033e+02
   2.3430462e+02
   5.1269554e+02
   3.0800429e+02
   1.8078422e+02
   1.6790512e+02
   1.6779524e+02
   4.3652744e+02
   2.6274129e+02
   2.4520211e+02
  -2.7662247e+00
   5.0328261e+02
   3.1614257e+02
   2.0503356e+02
   1.1255213e+02
   5.7448470e+01
   4.9098075e+02
   5.2060750e+02
   3.5470441e+02
   4.9623166e+02
   1.2376765e+02
   4.2261008e+02
   1.8971516e+02
   4.6312323e+02
   2.0819393e+02
   1.4988603e+02
   5.3096068e+02
   9.8653527e+00
   2.8340162e+02
   3.0583861e+02
   1.5844631e+02
   2.6851316e+02
   3.1057882e+02
   2.8734665e+02
   1.3466023e+02
   1.0120773e+02
   2.1348224e+01
  -1.8632689e+01
   4.4677416e+02
   1.4493599e+02
   2.2753391e+02
   1.0845994e+01
   1.5393719e+02
   4.0767713e+01
   5.1048661e+02
   4.1957084e+02
   3.0682490e+02
   3.3387075e+02
   1.0633192e+02
   3.3052756e+02
   3.0544633e+02
   1.8372821e+02
   3.0339472e+02
  -2.2104974e+01
   9.0793776e+01
   2.5865742e+02
   2.4298388e+02
   7.0859828e+01
   4.4652397e+02
   5.2281205e+02
   4.6948771e+02
   3.4783658e+02
   4.7024763e+02
   1.3057082e+02
   4.0604153e+02
   6.1960998e+01
   2.9860295e+02
   2.9923314e+02
   1.8287621e+02
   8.4507227e+01
   2.9497454e+02
   3.9223905e+02
   2.3650400e+02
   1.3472539e+02
   3.1939101e+02
   2.5426295e+02
   4.5133400e+02
   3.9884437e+02
   1.7605287e+02
   1.0673715e+02
   3.9865200e+02
   4.6325734e+01
   1.8626890e+02
   1.2984597e+02
   2.6280751e+02
   2.6893836e+02
   4.1127592e+02
   1.5451139e+02
  -6.9593169e+00
   3.4354757e+02
   1.0191884e+01
   4.0560074e+02
   2.7632360e+01
   1.5280121e+02
   2.0938767e+02
   3.0646178e+02
   2.5687680e+02
   2.0992501e+02
   3.5371287e+02
  -2.3891940e+01
   2.6493392e+02
   3.2484940e+02
  -1.5768570e+01
   5.4864308e+02
   3.5075982e+02
   6.9026092e+01
   4.6688910e+02
   5.2275780e+02
   2.4225204e+02
   1.9157285e+02
   1.2019144e+02
   3.8129856e+01
   1.6031779e+02
   4.6559136e+02
   5.0215281e+02
   5.4977349e+00
   3.4260078e+02
   1.4248860e+02
   3.7051342e+02
   4.3476470e+02
   2.6154531e+02
   2.4308088e+02
   4.5883006e+02
   6.9015504e+01
   4.1859345e+02
   5.0677126e+01
   4.2188175e+02
   5.3407934e+02
   3.5785782e+02
   2.4598285e+02
   9.5211272e+01
   4.6523695e+02
   3.3242149e+02
   5.2665449e+02
   6.1614707e+00
   8.4867080e+01
   3.5923874e+02
   4.0090633e+02
   4.0452283e+02
   2.7786738e+02
   2.3195705e+02
   8.0724181e+01
   3.5388708e+02
   4.7798434e+02
   2.6719289e+02
   4.3202611e+01
   3.3727659e+02
   2.6240074e+02
   2.6537117e+02
   2.5448197e+02
   1.6557033e+02
   7.7996960e+01
   5.0433410e+02
   3.7906422e+02
   1.9634983e+02
   1.1862263e+02
  -5.3843272e+00
   3.2545514e+02
   2.6810930e+02
   3.4152915e+02
   4.5229211e+01
   7.1925536e+01
   5.4301967e+02
   4.5099785e+02
   3.7432970e+02
   4.8242005e+02
   3.0207386e+02
   2.0240112e+02
  -1.5895379e+01
   4.1269686e+01
   4.4220632e+02
   4.6147490e+02
   2.1999922e+02
   2.5872932e+02
   3.5477768e+02
   1.0091807e+02
   2.2601207e+01
   5.0723223e+02
   3.7305558e+02
   5.2913573e+02
   1.8309478e+02
   2.3516832e+02
   3.4005916e+02
   1.0475549e+02
   4.0040411e+02
   4.9632672e+02
   2.1723550e+02
   3.0775017e+02
   1.8138918e+02
   4.6593458e+02
   3.7826898e+02
   8.1269328e+01
   4.8065523e+02
   1.4712363e+02
   3.3544537e+00
   3.4547323e+02
   1.2134323e+02
   2.4217116e+02
   2.8242917e+02
   1.4588293e+02
   3.5590700e+02
   2.2537447e+02
   3.6612172e+01
  -1.3705474e+01
   4.0852712e-01
   2.7397463e+01
   5.2271591e+02
   9.6823125e+01
   4.3357481e+02
   4.6104258e+02
   2.6660340e+02
   3.7137408e+02
  -3.9462846e+00
   2.6293192e+02
   5.3311088e+02
   4.8815467e+02
   1.6475448e+02
   2.9641679e+02
   4.6348282e+02
   1.3452276e+02
   1.6667176e+02
   3.3308563e+01
   3.5900207e+02
   2.5304700e+02
   2.0311281e+02
   3.6931333e+02
   5.1789641e+02
   2.5247228e+02
   3.4066207e+02
   2.8706650e+02
   3.4425639e+02
   1.2976979e+02
   3.8436124e+01
   3.4748098e+02
   3.0117798e+02
   1.3512655e+02
   3.9678847e+02
   3.8692482e+02
   4.1088750e+02
   2.2135254e+02
   2.2250458e+02
   3.0030818e+02
   6.0625133e+01
   4.7128481e+02
   2.3486997e+02
   1.8043050e+02
   2.2077222e+02
   2.8385856e+02
   6.2705460e+00
   4.5772303e+02
   2.7602292e+01
   4.1139172e+01
   3.4694121e+01
   6.5775814e+01
   2.1671212e+02
   3.4249763e+02
   2.5389042e+02
   2.3883361e+02
   1.1704154e+01
   2.4410165e+02
   1.7873057e+02
   5.2506423e+02
   1.2545859e+02
   1.7532767e+02
   2.3072844e+02
  -2.5532413e+01
   4.7166571e+02
   1.2396298e+01
   3.9400568e+02
   4.5978972e+02
   4.3609924e+02
   6.1806224e+01
   4.4529621e+02
   6.6305188e+01
   1.9927010e+02
   1.5308901e+02
   2.9561371e+02
   4.2973253e+02
   1.0646667e+02
   3.3288101e+01
   1.1940617e+02
   4.7873281e+02
   2.2033957e+01
   4.2309448e+02
   5.3256029e+02
   1.4124925e+02
   3.5628486e+02
   2.7593235e+02
   4.6501186e+02
   4.4172465e+02
   5.2206247e+02
   1.4499698e+01
   5.4029304e+02
   3.7013239e+02
   5.3745590e+02
   8.3605891e+01
   4.3833021e+00
  -1.3299965e+01
   4.9363859e+02
   2.9603232e+02
   4.6919531e+02
   1.2224937e+02
   2.3768942e+02
   2.4850165e+02
   4.0455410e+02
   1.5701019e+02
   4.8687956e+02
   2.8624702e+02
   6.3994327e+01
   1.1106057e+02
   3.0465739e+02
   2.1159024e+02
   4.9087046e+02
   3.2945002e+01
  -1.4714798e+01
   3.2738927e+02
   2.5085503e+02
   5.2403570e+02
   3.1208393e+02
   3.2742672e+02
   4.3095700e+02
   3.0893417e+02
   3.1847184e+02
   4.0396308e+01
   4.7877465e+02
   3.3476879e+02
   2.8785217e+02
   1.3345865e+02
   1.4453574e+02
   3.5890317e+02
   4.7460127e+02
   1.3473049e+02
   2.9551403e+02
   3.6833713e+02
   3.5816533e+02
   7.0324433e+00
   1.0408182e+02
   1.0501498e+02
   1.8401613e+02
   2.5277608e+02
   5.3551094e+01
  -2.4756750e+01
   1.1159332e+02
   3.2043270e+02
   3.3191948e+01
   3.4554349e+02
   2.1798948e+02
   1.6024570e+01
   3.6685677e+02
   3.1022596e+02
   9.1165476e+01
   4.7625466e+02
   6.8636907e+01
   5.3271936e+02
   3.7683158e+02
   4.6727421e+02
   1.7079061e+02
   6.0937316e+01
   5.0354194e+02
   1.6103585e+02
   3.2239734e+02
   2.4100149e+02
   4.9456508e+01
   1.7548485e+02
   1.7621790e+02
   5.2827289e+02
   1.5627847e+02
   1.7159192e+02
   4.3555654e+02
   1.9097700e+02
   1.8309259e+01
   2.5633779e+00
   6.6022597e+01
   1.4087332e+02
   8.7205336e+01
   1.4812011e+02
   4.6702629e+02
   2.2240914e+02
   5.3104152e+02
  -1.0121289e+00
   2.2990451e+02
  -4.8976131e+00
   2.8390692e+02
   5.4080621e+02
   2.3857082e+02
   2.5688935e+02
   4.5699661e+02
   4.8851623e+02
   3.7006798e+02
   2.0946049e+02
   3.6334494e+02
   6.1529614e+01
   8.2421855e+01
   1.4958336e+02
   9.7568487e+01
   8.9613798e+01
   5.3062504e+02
   4.6312705e+01
   3.8609832e+02
   4.8542141e+02
   3.9139798e+02
   1.8072589e+02
   6.2276876e+01
   1.7791244e+02
   2.9537490e+02
   4.5838538e+02
   2.5750145e+02
   1.8473928e+02
   4.4829153e+02
   3.8770570e+02
   3.3851238e+02
   4.6644739e+02
   4.0595740e+02
   7.7601158e+01
   3.6494235e+02
   2.7734165e+02
   3.1258192e+02
   1.8243813e+02
   4.6976347e+02
   5.4385785e+02
   2.1710979e+02
   3.3487877e+02
   6.5437164e+01
   7.6312454e+01
   9.9500340e+00
   5.4607334e+02
   1.6572896e+02
   1.6969845e+02
   4.0120070e+02
   5.1095378e+02
   2.4513249e+02
   6.6989405e+00
   3.4674812e+02
   1.9171457e+02
   3.9744483e+02
   2.6387643e+02
   5.1325428e+02
   3.6011995e+02
   1.9319182e+02
   3.5299989e+02
   8.9147436e+01
   3.0195921e+02
   3.7219940e+02
   2.8454946e+02
   3.1158317e+02
   2.5704127e+01
   8.9065477e+01
   1.1285919e+02
   4.0595826e+01
   2.6428007e+01
   2.2971127e+02
   1.0480748e+02
   4.8680249e+02
   2.5474665e+02
   3.4845104e+02
   4.6854317e+02
   1.1891074e+02
   1.0917014e+02
   4.7808703e+02
   1.7431008e+02
   1.7233392e+02
   4.0473908e+02
   1.7745587e+02
   6.6710075e+01
   3.0228536e+02
   1.0913747e+02
   1.0286216e+02
   1.1357999e+02
   3.5532980e+02
   2.2897201e+02
  -7.6328182e+00
   1.6508602e+02
   2.6156666e+02
   1.4875794e+02
   1.2997211e+02
   5.1513209e+02
   4.8574132e+02
   2.0449298e+02
   4.1395777e+01
   1.3388657e+02
   3.7277431e+02
   4.3850029e+01
   2.5016163e+02
   4.2854725e+02
   9.0145382e+01
   4.3771281e+02
   3.6339615e+02
   2.2063208e+02
   3.1302477e+02
   2.7902823e+01
   2.2998708e+02
   1.4728566e+02
   3.2848442e+02
   2.4224853e+02
   5.1378857e+02
   3.3157593e+02
   4.5536351e+01
   3.9919252e+01
   4.9466904e+02
   2.1772208e+02
   1.3755244e+02
   3.9941033e+02
  -1.3607627e+01
   4.3345478e+02
   3.3029565e+02
   4.2233385e+02
   1.1781848e+02
   5.1018802e+01
   5.3948735e+02
   7.7278592e+01
   4.7252829e+02
   4.7252408e+02
   2.6105666e+02
   2.2133262e+02
   3.7502638e+02
   3.9642748e+02
   1.1242118e+02
   2.0969892e+02
   4.8271759e+02
   5.4958676e+02
   1.6752561e+02
   8.1472170e+01
  -1.0648997e+01
   5.3323809e+02
   5.1938162e+02
   3.4764266e+02
   5.0436709e+02
   1.7961890e+02
   4.8017443e+02
   1.3475450e+02
   1.4918238e+02
   1.4129190e+02
   6.7073005e+01
   4.6565400e+02
   2.4639654e+02
   1.5324552e+02
   4.6047550e+02
   2.4102089e+02
   4.7196632e+02
   1.4278500e+02
   4.2564952e+02
   1.5651697e+02
   4.0666422e+02
   4.2597332e+02
   1.9708261e+02
   5.1939415e+02
   4.9045731e+02
   1.4967217e+02
  -2.0660408e+01
   3.5786906e+02
   9.3049252e+01
   4.0190045e+02
   1.7926633e+02
   3.5173841e+02
   3.2980278e+02
   3.7760548e+01
   1.8328683e+02
   4.4425804e+02
   3.7249506e+02
   2.1008798e+02
   9.0045267e+01
   4.6777429e+02
   5.3278396e+01
   4.3963839e+02
   3.9094099e+02
   9.8121548e+01
   2.2767754e+02
   3.9055189e+01
   7.7785455e+01
   1.8030173e+02
   1.6817861e+01
   4.5870636e+02
   2.3868078e+02
   3.9641871e+02
   5.0136117e+02
   3.2342363e+02
   2.8763972e+02
   5.2753079e+02
   5.2404084e+02
   3.0902246e+02
   1.5456150e+02
   7.7539400e+01
   3.6699198e+02
   2.0551204e+02
   1.3019110e+02
  -2.1221921e+01
   2.0763261e+02
   1.3503824e+02
   1.7530939e+02
   3.9690290e+02
   4.6464229e+02
  -2.3711245e+01
   3.7623572e+02
   3.4596336e+02
   9.0591445e+01
   2.3370265e+02
   3.2210704e+02
   5.1109145e+02
   2.0791572e+02
   2.7108208e+02
   4.7061577e+01
   3.4263222e+02
   4.2298779e+02
   2.2108302e+02
   4.5208295e+02
   4.9137803e+01
   5.1927988e+02
   6.4463095e+01
   5.2901826e+02
   2.8532777e+02
   3.3082236e+02
   8.1364436e+00
   1.6817452e+02
   5.4855455e+02
   2.6456529e+02
   1.8075702e+02
   4.6075287e+02
   2.9875629e+02
   2.4401535e+02
   7.6594682e+01
   4.7634749e+02
   4.7646487e+02
   2.6861407e+02
   1.6593873e+02
   2.4875318e+02
   5.1417072e+02
   2.8509016e+02
   1.6624177e+02
   4.3554357e+02
  -9.8775292e+00
   4.5612600e+02
   2.6391729e+02
   1.8508663e+02
   1.0481952e+02
   2.9976657e+02
   1.6712855e+02
   2.2137937e+02
   2.0136126e+02
   3.5637656e+02
   3.5167138e+02
   9.6343796e+01
   6.1438329e+01
   4.8475702e+02
   7.5166550e+01
   1.9999963e+02
   7.8666903e+01
   5.2291917e+02
   1.2931657e+02
   4.4593479e+00
   3.1388703e+02
   4.4920145e+02
   9.4965966e+01
   5.0921628e+02
   1.6275043e+02
   4.4961645e+02
   4.0974750e+02
   2.3085579e+02
   1.1217415e+02
   3.5574674e+02
   4.2223908e+02
   4.9220716e+02
  -2.2640401e+01
   2.0319687e+02
   5.4269033e+02
   2.9399142e+02
  -1.2707196e+01
   1.6163018e+02
   4.4998432e+02
   5.0653381e+02
   1.9736927e+01
   4.5468522e+02
   3.6771533e+02
   3.2124263e+02
   3.2198853e+02
   6.1529509e+01
   4.5287011e+02
   5.1870453e+01
   1.1008864e+02
   3.8621192e+02
   3.4693534e+02
   2.9208534e+02
   5.4431448e+02
  -2.2838137e+01
   4.5811374e+02
   2.8405039e+02
   4.6278086e+02
   4.7853439e+02
  -3.2213123e+00
   5.3063482e+02
   2.3818532e+02
   4.8157212e+02
   3.5332620e+02
   4.5623642e+02
   7.1609059e+01
   9.1093523e+01
   3.7160170e+02
   5.5603692e+01
   3.5657961e+02
   3.8255722e+02
   5.2445437e+02
   4.6824922e+02
   4.2080391e+02
   5.2739913e+02
   4.4649332e+02
   4.7366394e+02
   2.5136538e+02
   5.4186428e+02
   3.4693257e+02
   1.3987425e+02
   6.6708015e+01
   3.4788402e+02
   1.3738896e+02
   2.9215350e+02
   2.3904270e+02
   2.2712089e+01
   4.5857066e+02
   2.6405464e+01
   8.0389157e+01
  -1.0851195e+01
   3.3166920e+02
   2.0330426e+02
   3.3828429e+02
   7.2737693e+01
   2.4668915e+01
   6.4389937e+01
   2.4838633e+02
   4.0180233e+02
   4.3118015e+02
   2.4144296e+02
   3.2667532e+02
   1.7266239e+02
   3.5453013e+02
   2.2599891e+02
   2.2118535e+02
   6.5644724e+01
   2.7368508e+02
  -2.1565891e+01
   1.1290411e+02
   1.1741217e+02
   5.4037078e+01
   2.4282521e+02
   7.4691600e+01
   1.9763728e+02
   2.2797738e+02
   4.6878291e+02
   5.0377462e+02
   3.5085882e+02
   1.9876919e+01
   1.0149527e+02
   1.1189531e+02
   4.8674208e+02
   3.3885885e+02
   1.2588594e+01
   4.3094660e+02
   5.1507309e+02
   1.5551175e+02
   1.0297072e+02
   2.9587330e+02
   2.9620083e+02
   4.9236922e+02
   2.4002105e+02
   4.9020871e+01
   4.3901960e+02
   3.1050372e+02
   5.0039012e+02
   3.4351344e+01
   3.8968682e+02
   4.4472542e+02
   4.9245957e+02
  -2.4137130e+01
   4.7190047e+01
   5.1734933e+02
   4.1904538e+02
   1.4445920e+01
   2.8567310e+02
   4.0937678e+02
   4.2479551e+02
   3.7263230e+00
   1.4469362e+02
   4.9669116e+02
   4.1946562e+02
   3.2473548e+02
   2.8343983e+02
   3.0871057e+02
   4.6935559e+02
   2.9998948e+02
   2.0238536e+02
   3.4703765e+02
   5.3714318e+02
   8.0063956e+01
   2.4739231e+02
   1.3809923e+02
   3.6304284e+02
   1.9574693e+02
   2.7300210e+01
   1.2440467e+02
   4.3820072e+02
   4.9622701e+02
   2.4431767e+02
   2.8668121e+02
   4.7437522e+02
   5.0694793e+02
   3.7162622e+01
   8.2076184e+01
   5.3236621e+02
   4.8306707e+02
   2.9885245e+02
   4.5402830e+02
   5.4422418e+02
   1.8083251e+02
   3.9435991e+02
   4.3719175e+02
   8.7017775e+01
   3.9042613e+02
   4.3935058e+02
   4.7085330e+02
   5.4637754e+01
   6.0895473e+01
   1.4068175e+02
  -9.7496788e+00
   8.3913383e+01
   1.9831814e+02
   1.5674450e+02
   1.4852221e+02
   1.1176598e+02
   4.8383394e+02
   2.7577360e+02
   4.3109610e+02
   4.8804616e+02
   4.6009590e+02
   5.4274082e+02
   3.4832391e+01
   2.2389492e+02
  -4.5091918e+00
   5.3658444e+02
  -4.4935045e+00
   2.5014290e+02
   4.5417667e+02
   4.2461190e+02
   2.3337680e+02
   1.7268021e+02
   1.3872046e+02
   4.2714246e+02
   2.3321231e+02
   5.5803688e+01
   1.5375394e+02
   5.0320979e+02
   2.1581329e+02
   3.8975134e+02
   4.8340013e+02
   3.6773415e+02
   4.9598057e+02
   4.3652525e+01
   6.9769346e+01
   1.1513923e+02
   2.8161209e+02
   1.8218923e+02
   1.5699967e+02
   5.3367360e+02
   3.8751139e+02
   3.2920246e+02
   4.3982979e+02
  -1.7510520e+01
   3.3943026e+02
   2.1789122e+02
   1.2444394e+02
   1.8050482e+02
   7.4048788e+00
   4.4360307e+02
   9.8949339e+01
   2.1150311e+02
   4.7152396e+02
   5.2902644e+01
   1.2555044e+02
   5.3581758e+02
   1.3443491e+02
   4.1580033e+02
   1.4978401e+02
   2.8626536e+02
   4.4674016e+02
   1.2196006e+02
   3.7662078e+00
   3.8612211e+02
   5.2920481e+01
   2.4474007e+02
   1.2728903e+02
   2.7445105e+02
   6.1709250e+01
   9.4465308e+00
   4.9524033e+02
   3.2876647e+02
   4.1196910e+02
   9.0809334e+01
  -1.3261326e+01
   1.8084138e+02
   1.9268444e+02
   1.7932894e+02
   1.4247512e+00
   2.1497714e+01
   3.6293322e+02
   2.9768876e+02
   5.3579656e+02
   1.5475396e+02
   7.7283369e+01
   9.2360997e+01
   8.9900291e+01
   1.9150872e+02
   1.5538321e+01
   6.5188681e+01
   4.1196213e+02
   6.8797044e+01
   5.4739123e+02
   3.9877096e+02
   4.4169407e+02
   4.1866598e+02
   1.4966554e+02
   1.2543429e+02
   3.4577654e+02
   4.4766549e+02
   4.1473176e+02
   3.8460672e+01
   1.0583225e+02
   3.7356681e+02
   2.1642869e+01
   1.8296344e+02
   2.6743280e+02
   2.0625769e+02
   3.4336995e+02
   3.3267577e+02
   5.1647940e+02
  -1.3326380e+01
  -1.1910589e+01
   1.9569159e+02
   1.7053102e+02
   3.9315978e+02
   1.1865615e+02
   4.5033044e+02
   1.1029261e+02
   1.8716132e+01
   2.1040841e+02
   5.1333236e+02
  -1.0949381e+01
   3.6314976e+02
   3.6694943e+01
   3.5408025e+02
   3.5036345e+01
   3.9078101e+02
   5.6678222e+01
   1.9234072e+02
   5.0883698e+02
   4.3250961e+02
   2.9716544e+02
   5.3775716e+02
   3.9811838e+02
   8.9304247e+01
   2.1972540e+02
   3.5527555e+02
   4.4135983e+02
   5.1028416e+02
   7.3256473e+01
   9.0754347e+01
   1.7781178e+02
   5.5027241e+02
   4.4785603e+02
  -2.2127428e+01
   4.5223933e+02
   4.2969697e+02
   1.4652048e+02
   5.3534162e+02
   1.5983667e+02
   2.2566694e+02
   4.7249822e+02
   1.3877995e+02
   4.2773935e+02
   5.4575584e+02
   4.3182755e+01
   2.4162910e+02
   6.4166048e+01
   3.7980417e+02
   2.6814640e+02
   3.3977183e+02
   1.9184129e+02
   3.1995516e+02
   5.2864378e+02
   1.2632857e+02
   8.9906461e+01
   4.9844903e+02
   4.6016885e+02
   5.1170915e+02
   4.5431418e+02
   2.5021981e+02
   3.6845596e+02
   3.8373933e+02
   3.5510888e+01
   3.0267122e+02
   5.3902579e+02
   1.5929177e+02
   5.0215355e+02
  -2.6366728e+01
   5.4606724e+02
   1.2078033e+02
   2.3430462e+02
   5.1269554e+02
   3.0800429e+02
   1.8078422e+02
   1.6790512e+02
   1.6779524e+02
   4.3652744e+02
   2.6274129e+02
   2.4520211e+02
  -2.7662247e+00
   5.0328261e+02
   3.1614257e+02
   2.0503356e+02
   1.1255213e+02
   5.7448470e+01
   4.9098075e+02
   5.2060750e+02
   3.5470441e+02
   4.9623166e+02
   1.2376765e+02
   4.2261008e+02
   1.8971516e+02
   4.6312323e+02
   2.0819393e+02
   1.4988603e+02
   5.3096068e+02
   9.8653527e+00
   2.8340162e+02
   3.0583861e+02
   1.5844631e+02
   2.6851316e+02
   3.1057882e+02
   2.8734665e+02
   1.3466023e+02
   1.0120773e+02
   2.1348224e+01
  -1.8632689e+01
   4.4677416e+02
   1.4493599e+02
   2.2753391e+02
   1.0845994e+01
   1.5393719e+02
   4.0767713e+01
   5.1048661e+02
   4.1957084e+02
   3.0682490e+02
   3.3387075e+02
   1.0633192e+02
   3.3052756e+02
   3.0544633e+02
   1.8372821e+02
   3.0339472e+02
  -2.2104974e+01
   9.0793776e+01
   2.5865742e+02
   2.4298388e+02
   7.0859828e+01
   4.4652397e+02
   5.2281205e+02
   4.6948771e+02
   3.4783658e+02
   4.7024763e+02
   1.3057082e+02
   4.0604153e+02
   6.1960998e+01
   2.9860295e+02
   2.9923314e+02
   1.8287621e+02
   8.4507227e+01
   2.9497454e+02
   3.9223905e+02
   2.3650400e+02
   1.3472539e+02
   3.1939101e+02
   2.5426295e+02
   4.5133400e+02
   3.9884437e+02
   1.7605287e+02
   1.0673715e+02
   3.9865200e+02
   4.6325734e+01
   1.8626890e+02
   1.2984597e+02
   2.6280751e+02
   2.6893836e+02
   4.1127592e+02
   1.5451139e+02
  -6.9593169e+00
   3.4354757e+02
   1.0191884e+01
   4.0560074e+02
   2.7632360e+01
   1.5280121e+02
   2.0938767e+02
   3.0646178e+02
   2.5687680e+02
   2.0992501e+02
   3.5371287e+02
  -2.3891940e+01
   2.6493392e+02
   3.2484940e+02
  -1.5768570e+01
   5.4864308e+02
   3.5075982e+02
   6.9026092e+01
   4.6688910e+02
   5.2275780e+02
   2.4225204e+02
   1.9157285e+02
   1.2019144e+02
   3.8129856e+01
   1.6031779e+02
   4.6559136e+02
   5.0215281e+02
   5.4977349e+00
   3.4260078e+02
   1.4248860e+02
   3.7051342e+02
   4.3476470e+02
   2.6154531e+02
   2.4308088e+02
   4.5883006e+02
   6.9015504e+01
   4.1859345e+02
   5.0677126e+01
   4.2188175e+02
   5.3407934e+02
   3.5785782e+02
   2.4598285e+02
   9.5211272e+01
   4.6523695e+02
   3.3242149e+02
   5.2665449e+02
   6.1614707e+00
   8.4867080e+01
   3.5923874e+02
   4.0090633e+02
   4.0452283e+02
   2.7786738e+02
   2.3195705e+02
   8.0724181e+01
   3.5388708e+02
   4.7798434e+02
   2.6719289e+02
   4.3202611e+01
   3.3727659e+02
   2.6240074e+02
   2.6537117e+02
   2.5448197e+02
   1.6557033e+02
   7.7996960e+01
   5.0433410e+02
   3.7906422e+02
   1.9634983e+02
   1.1862263e+02
  -5.3843272e+00
   3.2545514e+02
   2.6810930e+02
   3.4152915e+02
   4.5229211e+01
   7.1925536e+01
   5.4301967e+02
   4.5099785e+02
   3.7432970e+02
   4.8242005e+02
   3.0207386e+02
   2.0240112e+02
  -1.5895379e+01
   4.1269686e+01
   4.4220632e+02
   4.6147490e+02
   2.1999922e+02
   2.5872932e+02
   3.5477768e+02
   1.0091807e+02
   2.2601207e+01
   5.0723223e+02
   3.7305558e+02
   5.2913573e+02
   1.8309478e+02
   2.3516832e+02
   3.4005916e+02
   1.0475549e+02
   4.0040411e+02
   4.9632672e+02
   2.1723550e+02
   3.0775017e+02
   1.8138918e+02
   4.6593458e+02
   3.7826898e+02
   8.1269328e+01
   4.8065523e+02
   1.4712363e+02
   3.3544537e+00
   3.4547323e+02
   1.2134323e+02
   2.4217116e+02
   2.8242917e+02
   1.4588293e+02
   3.5590700e+02
   2.2537447e+02
   3.6612172e+01
  -1.3705474e+01
   4.0852712e-01
   2.7397463e+01
   5.2271591e+02
   9.6823125e+01
   4.3357481e+02
   4.6104258e+02
   2.6660340e+02
   3.7137408e+02
  -3.9462846e+00
   2.6293192e+02
   5.3311088e+02
   4.8815467e+02
   1.6475448e+02
   2.9641679e+02
   4.6348282e+02
   1.3452276e+02
   1.6667176e+02
   3.3308563e+01
   3.5900207e+02
   2.5304700e+02
   2.0311281e+02
   3.6931333e+02
   5.1789641e+02
   2.5247228e+02
   3.4066207e+02
   2.8706650e+02
   3.4425639e+02
   1.2976979e+02
   3.8436124e+01
   3.4748098e+02
   3.0117798e+02
   1.3512655e+02
   3.9678847e+02
   3.8692482e+02
   4.1088750e+02
   2.2135254e+02
   2.2250458e+02
   3.0030818e+02
   6.0625133e+01
   4.7128481e+02
   2.3486997e+02
   1.8043050e+02
   2.2077222e+02
   2.8385856e+02
   6.2705460e+00
   4.5772303e+02
   2.7602292e+01
   4.1139172e+01
   3.4694121e+01
   6.5775814e+01
   2.1671212e+02
   3.4249763e+02
   2.5389042e+02
   2.3883361e+02
   1.1704154e+01
   2.4410165e+02
   1.7873057e+02
   5.2506423e+02
   1.2545859e+02
   1.7532767e+02
   2.3072844e+02
  -2.5532413e+01
   4.7166571e+02
   1.2396298e+01
   3.9400568e+02
   4.5978972e+02
   4.3609924e+02
   6.1806224e+01
   4.4529621e+02
   6.6305188e+01
   1.9927010e+02
   1.5308901e+02
   2.9561371e+02
   4.2973253e+02
   1.0646667e+02
   3.3288101e+01
   1.1940617e+02
   4.7873281e+02
   2.2033957e+01
   4.2309448e+02
   5.3256029e+02
   1.4124925e+02
   3.5628486e+02
   2.7593235e+02
   4.6501186e+02
   4.4172465e+02
   5.2206247e+02
   1.4499698e+01
   5.4029304e+02
   3.7013239e+02
   5.3745590e+02
   8.3605891e+01
   4.3833021e+00
  -1.3299965e+01
   4.9363859e+02
   2.9603232e+02
   4.6919531e+02
   1.2224937e+02
   2.3768942e+02
   2.4850165e+02
   4.0455410e+02
   1.5701019e+02
   4.8687956e+02
   2.8624702e+02
   6.3994327e+01
   1.1106057e+02
   3.0465739e+02
   2.1159024e+02
   4.9087046e+02
   3.2945002e+01
  -1.4714798e+01
   3.2738927e+02
   2.5085503e+02
   5.2403570e+02
   3.1208393e+02
   3.2742672e+02
   4.3095700e+02
   3.0893417e+02
   3.1847184e+02
   4.0396308e+01
   4.7877465e+02
   3.3476879e+02
   2.8785217e+02
   1.3345865e+02
   1.4453574e+02
   3.5890317e+02
   4.7460127e+02
   1.3473049e+02
   2.9551403e+02
   3.6833713e+02
   3.5816533e+02
   7.0324433e+00
   1.0408182e+02
   1.0501498e+02
   1.8401613e+02
   2.5277608e+02
   5.3551094e+01
  -2.4756750e+01
   1.1159332e+02
   3.2043270e+02
   3.3191948e+01
   3.4554349e+02
   2.1798948e+02
   1.6024570e+01
   3.6685677e+02
   3.1022596e+02
   9.1165476e+01
   4.7625466e+02
   6.8636907e+01
   5.3271936e+02
   3.7683158e+02
   4.6727421e+02
   1.7079061e+02
   6.0937316e+01
   5.0354194e+02
   1.6103585e+02
   3.2239734e+02
   2.4100149e+02
   4.9456508e+01
   1.7548485e+02
   1.7621790e+02
   5.2827289e+02
   1.5627847e+02
   1.7159192e+02
   4.3555654e+02
   1.9097700e+02
   1.8309259e+01
   2.5633779e+00
   6.6022597e+01
   1.4087332e+02
   8.7205336e+01
   1.4812011e+02
   4.6702629e+02
   2.2240914e+02
   5.3104152e+02
  -1.0121289e+00
   2.2990451e+02
  -4.8976131e+00
   2.8390692e+02
   5.4080621e+02
   2.3857082e+02
   2.5688935e+02
   4.5699661e+02
   4.8851623e+02
   3.7006798e+02
   2.0946049e+02
   3.6334494e+02
   6.1529614e+01
   8.2421855e+01
   1.4958336e+02
   9.7568487e+01
   8.9613798e+01
   5.3062504e+02
   4.6312705e+01
   3.8609832e+02
   4.8542141e+02
   3.9139798e+02
   1.8072589e+02
   6.2276876e+01
   1.7791244e+02
   2.9537490e+02
   4.5838538e+02
   2.5750145e+02
   1.8473928e+02
   4.4829153e+02
   3.8770570e+02
   3.3851238e+02
   4.6644739e+02
   4.0595740e+02
   7.7601158e+01
   3.6494235e+02
   2.7734165e+02
   3.1258192e+02
   1.8243813e+02
   4.6976347e+02
   5.4385785e+02
   2.1710979e+02
   3.3487877e+02
   6.5437164e+01
   7.6312454e+01
   9.9500340e+00
   5.4607334e+02
   1.6572896e+02
   1.6969845e+02
   4.0120070e+02
   5.1095378e+02
   2.4513249e+02
   6.6989405e+00
   3.4674812e+02
   1.9171457e+02
   3.9744483e+02
   2.6387643e+02
   5.1325428e+02
   3.6011995e+02
   1.9319182e+02
   3.5299989e+02
   8.9147436e+01
   3.0195921e+02
   3.7219940e+02
   2.8454946e+02
   3.1158317e+02
   2.5704127e+01
   8.9065477e+01
   1.1285919e+02
   4.0595826e+01
   2.6428007e+01
   2.2971127e+02
   1.0480748e+02
   4.8680249e+02
   2.5474665e+02
   3.4845104e+02
   4.6854317e+02
   1.1891074e+02
   1.0917014e+02
   4.7808703e+02
   1.7431008e+02
   1.7233392e+02
   4.0473908e+02
   1.7745587e+02
   6.6710075e+01
   3.0228536e+02
   1.0913747e+02
   1.0286216e+02
   1.1357999e+02
   3.5532980e+02
   2.2897201e+02
  -7.6328182e+00
   1.6508602e+02
   2.6156666e+02
   1.4875794e+02
   1.2997211e+02
   5.1513209e+02
   4.8574132e+02
   2.0449298e+02
   4.1395777e+01
   1.3388657e+02
   3.7277431e+02
   4.3850029e+01
   2.5016163e+02
   4.2854725e+02
   9.0145382e+01
   4.3771281e+02
   3.6339615e+02
   2.2063208e+02
   3.1302477e+02
   2.7902823e+01
   2.2998708e+02
   1.4728566e+02
   3.2848442e+02
   2.4224853e+02
   5.1378857e+02
   3.3157593e+02
   4.5536351e+01
   3.9919252e+01
   4.9466904e+02
   2.1772208e+02
   1.3755244e+02
   3.9941033e+02
  -1.3607627e+01
   4.3345478e+02
   3.3029565e+02
   4.2233385e+02
   1.1781848e+02
   5.1018802e+01
   5.3948735e+02
   7.7278592e+01
   4.7252829e+02
   4.7252408e+02
   2.6105666e+02
   2.2133262e+02
   3.7502638e+02
   3.9642748e+02
   1.1242118e+02
   2.0969892e+02
   4.8271759e+02
   5.4958676e+02
   1.6752561e+02
   8.1472170e+01
  -1.0648997e+01
   5.3323809e+02
   5.1938162e+02
   3.4764266e+02
   5.0436709e+02
   1.7961890e+02
   4.8017443e+02
   1.3475450e+02
   1.4918238e+02
   1.4129190e+02
   6.7073005e+01
   4.6565400e+02
   2.4639654e+02
   1.5324552e+02
   4.6047550e+02
   2.4102089e+02
   4.7196632e+02
   1.4278500e+02
   4.2564952e+02
   1.5651697e+02
   4.0666422e+02
   4.2597332e+02
   1.9708261e+02
   5.1939415e+02
   4.9045731e+02
   1.4967217e+02
  -2.0660408e+01
   3.5786906e+02
   9.3049252e+01
   4.0190045e+02
   1.7926633e+02
   3.5173841e+02
   3.2980278e+02
   3.7760548e+01
   1.8328683e+02
   4.4425804e+02
   3.7249506e+02
   2.1008798e+02
   9.0045267e+01
   4.6777429e+02
   5.3278396e+01
   4.3963839e+02
   3.9094099e+02
   9.8121548e+01
   2.2767754e+02
   3.9055189e+01
   7.7785455e+01
   1.8030173e+02
   1.6817861e+01
   4.5870636e+02
   2.3868078e+02
   3.9641871e+02
   5.0136117e+02
   3.2342363e+02
   2.8763972e+02
   5.2753079e+02
   5.2404084e+02
   3.0902246e+02
   1.5456150e+02
   7.7539400e+01
   3.6699198e+02
   2.0551204e+02
   1.3019110e+02
  -2.1221921e+01
   2.0763261e+02
   1.3503824e+02
   1.7530939e+02
   3.9690290e+02
   4.6464229e+02
  -2.3711245e+01
   3.7623572e+02
   3.4596336e+02
   9.0591445e+01
   2.3370265e+02
   3.2210704e+02
   5.1109145e+02
   2.0791572e+02
   2.7108208e+02
   4.7061577e+01
   3.4263222e+02
   4.2298779e+02
   2.2108302e+02
   4.5208295e+02
   4.9137803e+01
   5.1927988e+02
   6.4463095e+01
   5.2901826e+02
   2.8532777e+02
   3.3082236e+02
   8.1364436e+00
   1.6817452e+02
   5.4855455e+02
   2.6456529e+02
   1.8075702e+02
   4.6075287e+02
   2.9875629e+02
   2.4401535e+02
   7.6594682e+01
   4.7634749e+02
   4.7646487e+02
   2.6861407e+02
   1.6593873e+02
   2.4875318e+02
   5.1417072e+02
   2.8509016e+02
   1.6624177e+02
   4.3554357e+02
  -9.8775292e+00
   4.5612600e+02
   2.6391729e+02
   1.8508663e+02
   1.0481952e+02
   2.9976657e+02
   1.6712855e+02
   2.2137937e+02
   2.0136126e+02
   3.5637656e+02
   3.5167138e+02
   9.6343796e+01
   6.1438329e+01
   4.8475702e+02
   7.5166550e+01
   1.9999963e+02
   7.8666903e+01
   5.2291917e+02
   1.2931657e+02
   4.4593479e+00
   3.1388703e+02
   4.4920145e+02
   9.4965966e+01
   5.0921628e+02
   1.6275043e+02
   4.4961645e+02
   4.0974750e+02
   2.3085579e+02
   1.1217415e+02
   3.5574674e+02
   4.2223908e+02
   4.9220716e+02
  -2.2640401e+01
   2.0319687e+02
   5.4269033e+02
   2.9399142e+02
  -1.2707196e+01
   1.6163018e+02
   4.4998432e+02
   5.0653381e+02
   1.9736927e+01
   4.5468522e+02
   3.6771533e+02
   3.2124263e+02
   3.2198853e+02
   6.1529509e+01
   4.5287011e+02
   5.1870453e+01
   1.1008864e+02
   3.8621192e+02
   3.4693534e+02
   2.9208534e+02
   5.4431448e+02
  -2.2838137e+01
   4.5811374e+02
   2.8405039e+02
   4.6278086e+02
   4.7853439e+02
  -3.2213123e+00
   5.3063482e+02
   2.3818532e+02
   4.8157212e+02
   3.5332620e+02
   4.5623642e+02
   7.1609059e+01
   9.1093523e+01
   3.7160170e+02
   5.5603692e+01
   3.5657961e+02
   3.8255722e+02
   5.2445437e+02
   4.6824922e+02
   4.2080391e+02
   5.2739913e+02
   4.4649332e+02
   4.7366394e+02
   2.5136538e+02
   5.4186428e+02
   3.4693257e+02
   1.3987425e+02
   6.6708015e+01
   3.4788402e+02
   1.3738896e+02
   2.9215350e+02
   2.3904270e+02
   2.2712089e+01
   4.5857066e+02
   2.6405464e+01
   8.0389157e+01
  -1.0851195e+01
   3.3166920e+02
   2.0330426e+02
   3.3828429e+02
   7.2737693e+01
   2.4668915e+01
   6.4389937e+01
   2.4838633e+02
   4.0180233e+02
   4.3118015e+02
   2.4144296e+02
   3.2667532e+02
   1.7266239e+02
   3.5453013e+02
   2.2599891e+02
   2.2118535e+02
   6.5644724e+01
   2.7368508e+02
  -2.1565891e+01
   1.1290411e+02
   1.1741217e+02
   5.4037078e+01
   2.4282521e+02
   7.4691600e+01
   1.9763728e+02
   2.2797738e+02
   4.6878291e+02
   5.0377462e+02
   3.5085882e+02
   1.9876919e+01
   1.0149527e+02
   1.1189531e+02
   4.8674208e+02
   3.3885885e+02
   1.2588594e+01
   4.3094660e+02
   5.1507309e+02
   1.5551175e+02
   1.0297072e+02
   2.9587330e+02
   2.9620083e+02
   4.9236922e+02
   2.4002105e+02
   4.9020871e+01
   4.3901960e+02
   3.1050372e+02
   5.0039012e+02
   3.4351344e+01
   3.8968682e+02
   4.4472542e+02
   4.9245957e+02
  -2.4137130e+01
   4.7190047e+01
   5.1734933e+02
   4.1904538e+02
   1.4445920e+01
   2.8567310e+02
   4.0937678e+02
   4.2479551e+02
   3.7263230e+00
   1.4469362e+02
   4.9669116e+02
   4.1946562e+02
   3.2473548e+02
   2.8343983e+02
   3.0871057e+02
   4.6935559e+02
   2.9998948e+02
   2.0238536e+02
   3.4703765e+02
   5.3714318e+02
   8.0063956e+01
   2.4739231e+02
   1.3809923e+02
   3.6304284e+02
   1.9574693e+02
   2.7300210e+01
   1.2440467e+02
   4.3820072e+02
   4.9622701e+02
   2.4431767e+02
   2.8668121e+02
   4.7437522e+02
   5.0694793e+02
   3.7162622e+01
   8.2076184e+01
   5.3236621e+02
   4.8306707e+02
   2.9885245e+02
   4.5402830e+02
   5.4422418e+02
   1.8083251e+02
   3.9435991e+02
   4.3719175e+02
   8.7017775e+01
   3.9042613e+02
   4.3935058e+02
   4.7085330e+02
   5.4637754e+01
   6.0895473e+01
   1.4068175e+02
  -9.7496788e+00
   8.3913383e+01
   1.9831814e+02
   1.5674450e+02
   1.4852221e+02
   1.1176598e+02
   4.8383394e+02
   2.7577360e+02
   4.3109610e+02
   4.8804616e+02
   4.6009590e+02
   5.4274082e+02
   3.4832391e+01
   2.2389492e+02
  -4.5091918e+00
   5.3658444e+02
  -4.4935045e+00
   2.5014290e+02
   4.5417667e+02
   4.2461190e+02
   2.3337680e+02
   1.7268021e+02
   1.3872046e+02
   4.2714246e+02
   2.3321231e+02
   5.5803688e+01
   1.5375394e+02
   5.0320979e+02
   2.1581329e+02
   3.8975134e+02
   4.8340013e+02
   3.6773415e+02
   4.9598057e+02
   4.3652525e+01
   6.9769346e+01
   1.1513923e+02
   2.8161209e+02
   1.8218923e+02
   1.5699967e+02
   5.3367360e+02
   3.8751139e+02
   3.2920246e+02
   4.3982979e+02
  -1.7510520e+01
   3.3943026e+02
   2.1789122e+02
   1.2444394e+02
   1.8050482e+02
   7.4048788e+00
   4.4360307e+02
   9.8949339e+01
   2.1150311e+02
   4.7152396e+02
   5.2902644e+01
   1.2555044e+02
   5.3581758e+02
   1.3443491e+02
   4.1580033e+02
   1.4978401e+02
   2.8626536e+02
   4.4674016e+02
   1.2196006e+02
   3.7662078e+00
   3.8612211e+02
   5.2920481e+01
   2.4474007e+02
   1.2728903e+02
   2.7445105e+02
   6.1709250e+01
   9.4465308e+00
   4.9524033e+02
   3.2876647e+02
   4.1196910e+02
   9.0809334e+01
  -1.3261326e+01
   1.8084138e+02
   1.9268444e+02
   1.7932894e+02
   1.4247512e+00
   2.1497714e+01
   3.6293322e+02
   2.9768876e+02
   5.3579656e+02
   1.5475396e+02
   7.7283369e+01
   9.2360997e+01
   8.9900291e+01
   1.9150872e+02
   1.5538321e+01
   6.5188681e+01
   4.1196213e+02
   6.8797044e+01
   5.4739123e+02
   3.9877096e+02
   4.4169407e+02
   4.1866598e+02
   1.4966554e+02
   1.2543429e+02
   3.4577654e+02
   4.4766549e+02
   4.1473176e+02
   3.8460672e+01
   1.0583225e+02
   3.7356681e+02
   2.1642869e+01
   1.8296344e+02
   2.6743280e+02
   2.0625769e+02
   3.4336995e+02
   3.3267577e+02
   5.1647940e+02
  -1.3326380e+01
  -1.1910589e+01
   1.9569159e+02
   1.7053102e+02
   3.9315978e+02
   1.1865615e+02
   4.5033044e+02
   1.1029261e+02
   1.8716132e+01
   2.1040841e+02
   5.1333236e+02
  -1.0949381e+01
   3.6314976e+02
   3.6694943e+01
   3.5408025e+02
   3.5036345e+01
   3.9078101e+02
   5.6678222e+01
   1.9234072e+02
   5.0883698e+02
   4.3250961e+02
   2.9716544e+02
   5.3775716e+02
   3.9811838e+02
   8.9304247e+01
   2.1972540e+02
   3.5527555e+02
   4.4135983e+02
   5.1028416e+02
   7.3256473e+01
   9.0754347e+01
   1.7781178e+02
   5.5027241e+02
   4.4785603e+02
  -2.2127428e+01
   4.5223933e+02
   4.2969697e+02
   1.4652048e+02
   5.3534162e+02
   1.5983667e+02
   2.2566694e+02
   4.7249822e+02
   1.3877995e+02
   4.2773935e+02
   5.4575584e+02
   4.3182755e+01
   2.4162910e+02
   6.4166048e+01
   3.7980417e+02
   2.6814640e+02
   3.3977183e+02
   1.9184129e+02
   3.1995516e+02
   5.2864378e+02
   1.2632857e+02
   8.9906461e+01
   4.9844903e+02
   4.6016885e+02
   5.1170915e+02
   4.5431418e+02
   2.5021981e+02
   3.6845596e+02
   3.8373933e+02
   3.5510888e+01
   3.0267122e+02
   5.3902579e+02
   1.5929177e+02
   5.0215355e+02
  -2.6366728e+01
   5.4606724e+02
   1.2078033e+02
   2.3430462e+02
   5.1269554e+02
   3.0800429e+02
   1.8078422e+02
   1.6790512e+02
   1.6779524e+02
   4.3652744e+02
   2.6274129e+02
   2.4520211e+02
  -2.7662247e+00
   5.0328261e+02
   3.1614257e+02
   2.0503356e+02
   1.1255213e+02
   5.7448470e+01
   4.9098075e+02
   5.2060750e+02
   3.5470441e+02
   4.9623166e+02
   1.2376765e+02
   4.2261008e+02
   1.8971516e+02
   4.6312323e+02
   2.0819393e+02
   1.4988603e+02
   5.3096068e+02
   9.8653527e+00
   2.8340162e+02
   3.0583861e+02
   1.5844631e+02
   2.6851316e+02
   3.1057882e+02
   2.8734665e+02
   1.3466023e+02
   1.0120773e+02
   2.1348224e+01
  -1.8632689e+01
   4.4677416e+02
   1.4493599e+02
   2.2753391e+02
   1.0845994e+01
   1.5393719e+02
   4.0767713e+01
   5.1048661e+02
   4.1957084e+02
   3.0682490e+02
   3.3387075e+02
   1.0633192e+02
   3.3052756e+02
   3.0544633e+02
   1.8372821e+02
   3.0339472e+02
  -2.2104974e+01
   9.0793776e+01
   2.5865742e+02
   2.4298388e+02
   7.0859828e+01
   4.4652397e+02
   5.2281205e+02
   4.6948771e+02
   3.4783658e+02
   4.7024763e+02
   1.3057082e+02
   4.0604153e+02
   6.1960998e+01
   2.9860295e+02
   2.9923314e+02
   1.8287621e+02
   8.4507227e+01
   2.9497454e+02
   3.9223905e+02
   2.3650400e+02
   1.3472539e+02
   3.1939101e+02
   2.5426295e+02
   4.5133400e+02
   3.9884437e+02
   1.7605287e+02
   1.0673715e+02
   3.9865200e+02
   4.6325734e+01
   1.8626890e+02
   1.2984597e+02
   2.6280751e+02
   2.6893836e+02
   4.1127592e+02
   1.5451139e+02
  -6.9593169e+00
   3.4354757e+02
   1.0191884e+01
   4.0560074e+02
   2.7632360e+01
   1.5280121e+02
   2.0938767e+02
   3.0646178e+02
   2.5687680e+02
   2.0992501e+02
   3.5371287e+02
  -2.3891940e+01
   2.6493392e+02
   3.2484940e+02
  -1.5768570e+01
   5.4864308e+02
   3.5075982e+02
   6.9026092e+01
   4.6688910e+02
   5.2275780e+02
   2.4225204e+02
   1.9157285e+02
   1.2019144e+02
   3.8129856e+01
   1.6031779e+02
   4.6559136e+02
   5.0215281e+02
   5.4977349e+00
   3.4260078e+02
   1.4248860e+02
   3.7051342e+02
   4.3476470e+02
   2.6154531e+02
   2.4308088e+02
   4.5883006e+02
   6.9015504e+01
   4.1859345e+02
   5.0677126e+01
   4.2188175e+02
   5.3407934e+02
   3.5785782e+02
   2.4598285e+02
   9.5211272e+01
   4.6523695e+02
   3.3242149e+02
   5.2665449e+02
   6.1614707e+00
   8.4867080e+01
   3.5923874e+02
   4.0090633e+02
   4.0452283e+02
   2.7786738e+02
   2.3195705e+02
   8.0724181e+01
   3.5388708e+02
   4.7798434e+02
   2.6719289e+02
   4.3202611e+01
   3.3727659e+02
   2.6240074e+02
   2.6537117e+02
   2.5448197e+02
   1.6557033e+02
   7.7996960e+01
   5.0433410e+02
   3.7906422e+02
   1.9634983e+02
   1.1862263e+02
  -5.3843272e+00
   3.2545514e+02
   2.6810930e+02
   3.4152915e+02
   4.5229211e+01
   7.1925536e+01
   5.4301967e+02
   4.5099785e+02
   3.7432970e+02
   4.8242005e+02
   3.0207386e+02
   2.0240112e+02
  -1.5895379e+01
   4.1269686e+01
   4.4220632e+02
   4.6147490e+02
   2.1999922e+02
   2.5872932e+02
   3.5477768e+02
   1.0091807e+02
   2.2601207e+01
   5.0723223e+02
   3.7305558e+02
   5.2913573e+02
   1.8309478e+02
   2.3516832e+02
   3.4005916e+02
   1.0475549e+02
   4.0040411e+02
   4.9632672e+02
   2.1723550e+02
   3.0775017e+02
   1.8138918e+02
   4.6593458e+02
   3.7826898e+02
   8.1269328e+01
   4.8065523e+02
   1.4712363e+02
   3.3544537e+00
   3.4547323e+02
   1.2134323e+02
   2.4217116e+02
   2.8242917e+02
   1.4588293e+02
   3.5590700e+02
   2.2537447e+02
   3.6612172e+01
  -1.3705474e+01
   4.0852712e-01
   2.7397463e+01
   5.2271591e+02
   9.6823125e+01
   4.3357481e+02
   4.6104258e+02
   2.6660340e+02
   3.7137408e+02
  -3.9462846e+00
   2.6293192e+02
   5.3311088e+02
   4.8815467e+02
   1.6475448e+02
   2.9641679e+02
   4.6348282e+02
   1.3452276e+02
   1.6667176e+02
   3.3308563e+01
   3.5900207e+02
   2.5304700e+02
   2.0311281e+02
   3.6931333e+02
   5.1789641e+02
   2.5247228e+02
   3.4066207e+02
   2.8706650e+02
   3.4425639e+02
   1.2976979e+02
   3.8436124e+01
   3.4748098e+02
   3.0117798e+02
   1.3512655e+02
   3.9678847e+02
   3.8692482e+02
   4.1088750e+02
   2.2135254e+02
   2.2250458e+02
   3.0030818e+02
   6.0625133e+01
   4.7128481e+02
   2.3486997e+02
   1.8043050e+02
   2.2077222e+02
   2.8385856e+02
   6.2705460e+00
   4.5772303e+02
   2.7602292e+01
   4.1139172e+01
   3.4694121e+01
   6.5775814e+01
   2.1671212e+02
   3.4249763e+02
   2.5389042e+02
   2.3883361e+02
   1.1704154e+01
   2.4410165e+02
   1.7873057e+02
   5.2506423e+02
   1.2545859e+02
   1.7532767e+02
   2.3072844e+02
  -2.5532413e+01
   4.7166571e+02
   1.2396298e+01
   3.9400568e+02
   4.5978972e+02
   4.3609924e+02
   6.1806224e+01
   4.4529621e+02
   6.6305188e+01
   1.9927010e+02
   1.5308901e+02
   2.9561371e+02
   4.2973253e+02
   1.0646667e+02
   3.3288101e+01
   1.1940617e+02
   4.7873281e+02
   2.2033957e+01
   4.2309448e+02
   5.3256029e+02
   1.4124925e+02
   3.5628486e+02
   2.7593235e+02
   4.6501186e+02
   4.4172465e+02
   5.2206247e+02
   1.4499698e+01
   5.4029304e+02
   3.7013239e+02
   5.3745590e+02
   8.3605891e+01
   4.3833021e+00
  -1.3299965e+01
   4.9363859e+02
   2.9603232e+02
   4.6919531e+02
   1.2224937e+02
   2.3768942e+02
   2.4850165e+02
   4.0455410e+02
   1.5701019e+02
   4.8687956e+02
   2.8624702e+02
   6.3994327e+01
   1.1106057e+02
   3.0465739e+02
   2.1159024e+02
   4.9087046e+02
   3.2945002e+01
  -1.4714798e+01
   3.2738927e+02
   2.5085503e+02
   5.2403570e+02
   3.1208393e+02
   3.2742672e+02
   4.3095700e+02
   3.0893417e+02
   3.1847184e+02
   4.0396308e+01
   4.7877465e+02
   3.3476879e+02
   2.8785217e+02
   1.3345865e+02
   1.4453574e+02
   3.5890317e+02
   4.7460127e+02
   1.3473049e+02
   2.9551403e+02
   3.6833713e+02
   3.5816533e+02
   7.0324433e+00
   1.0408182e+02
   1.0501498e+02
   1.8401613e+02
   2.5277608e+02
   5.3551094e+01
  -2.4756750e+01
   1.1159332e+02
   3.2043270e+02
   3.3191948e+01
   3.4554349e+02
   2.1798948e+02
   1.6024570e+01
   3.6685677e+02
   3.1022596e+02
   9.1165476e+01
   4.7625466e+02
   6.8636907e+01
   5.3271936e+02
   3.7683158e+02
   4.6727421e+02
   1.7079061e+02
   6.0937316e+01
   5.0354194e+02
   1.6103585e+02
   3.2239734e+02
   2.4100149e+02
   4.9456508e+01
   1.7548485e+02
   1.7621790e+02
   5.2827289e+02
   1.5627847e+02
   1.7159192e+02
   4.3555654e+02
   1.9097700e+02
   1.8309259e+01
   2.5633779e+00
   6.6022597e+01
   1.4087332e+02
   8.7205336e+01
   1.4812011e+02
   4.6702629e+02
   2.2240914e+02
   5.3104152e+02
  -1.0121289e+00
   2.2990451e+02
  -4.8976131e+00
   2.8390692e+02
   5.4080621e+02
   2.3857082e+02
   2.5688935e+02
   4.5699661e+02
   4.8851623e+02
   3.7006798e+02
   2.0946049e+02
   3.6334494e+02
   6.1529614e+01
   8.2421855e+01
   1.4958336e+02
   9.7568487e+01
   8.9613798e+01
   5.3062504e+02
   4.6312705e+01
   3.8609832e+02
   4.8542141e+02
   3.9139798e+02
   1.8072589e+02
   6.2276876e+01
   1.7791244e+02
   2.9537490e+02
   4.5838538e+02
   2.5750145e+02
   1.8473928e+02
   4.4829153e+02
   3.8770570e+02
   3.3851238e+02
   4.6644739e+02
   4.0595740e+02
   7.7601158e+01
   3.6494235e+02
   2.7734165e+02
   3.1258192e+02
   1.8243813e+02
   4.6976347e+02
   5.4385785e+02
   2.1710979e+02
   3.3487877e+02
   6.5437164e+01
   7.6312454e+01
   9.9500340e+00
   5.4607334e+02
   1.6572896e+02
   1.6969845e+02
   4.0120070e+02
   5.1095378e+02
   2.4513249e+02
   6.6989405e+00
   3.4674812e+02
   1.9171457e+02
   3.9744483e+02
   2.6387643e+02
   5.1325428e+02
   3.6011995e+02
   1.9319182e+02
   3.5299989e+02
   8.9147436e+01
   3.0195921e+02
   3.7219940e+02
   2.8454946e+02
   3.1158317e+02
   2.5704127e+01
   8.9065477e+01
   1.1285919e+02
   4.0595826e+01
   2.6428007e+01
   2.2971127e+02
   1.0480748e+02
   4.8680249e+02
   2.5474665e+02
   3.4845104e+02
   4.6854317e+02
   1.1891074e+02
   1.0917014e+02
   4.7808703e+02
   1.7431008e+02
   1.7233392e+02
   4.0473908e+02
   1.7745587e+02
   6.6710075e+01
   3.0228536e+02
   1.0913747e+02
   1.0286216e+02
   1.1357999e+02
   3.5532980e+02
   2.2897201e+02
  -7.6328182e+00
   1.6508602e+02
   2.6156666e+02
   1.4875794e+02
   1.2997211e+02
   5.1513209e+02
   4.8574132e+02
   2.0449298e+02
   4.1395777e+01
   1.3388657e+02
   3.7277431e+02
   4.3850029e+01
   2.5016163e+02
   4.2854725e+02
   9.0145382e+01
   4.3771281e+02
   3.6339615e+02
   2.2063208e+02
   3.1302477e+02
   2.7902823e+01
   2.2998708e+02
   1.4728566e+02
   3.2848442e+02
   2.4224853e+02
   5.1378857e+02
   3.3157593e+02
   4.5536351e+01
   3.9919252e+01
   4.9466904e+02
   2.1772208e+02
   1.3755244e+02
   3.9941033e+02
  -1.3607627e+01
   4.3345478e+02
   3.3029565e+02
   4.2233385e+02
   1.1781848e+02
   5.1018802e+01
   5.3948735e+02
   7.7278592e+01
   4.7252829e+02
   4.7252408e+02
   2.6105666e+02
   2.2133262e+02
   3.7502638e+02
   3.9642748e+02
   1.1242118e+02
   2.0969892e+02
   4.8271759e+02
   5.4958676e+02
   1.6752561e+02
   8.1472170e+01
  -1.0648997e+01
   5.3323809e+02
   5.1938162e+02
   3.4764266e+02
   5.0436709e+02
   1.7961890e+02
   4.8017443e+02
   1.3475450e+02
   1.4918238e+02
   1.4129190e+02
   6.7073005e+01
   4.6565400e+02
   2.4639654e+02
   1.5324552e+02
   4.6047550e+02
   2.4102089e+02
   4.7196632e+02
   1.4278500e+02
   4.2564952e+02
   1.5651697e+02
   4.0666422e+02
   4.2597332e+02
   1.9708261e+02
   5.1939415e+02
   4.9045731e+02
   1.4967217e+02
  -2.0660408e+01
   3.5786906e+02
   9.3049252e+01
   4.0190045e+02
   1.7926633e+02
   3.5173841e+02
   3.2980278e+02
   3.7760548e+01
   1.8328683e+02
   4.4425804e+02
   3.7249506e+02
   2.1008798e+02
   9.0045267e+01
   4.6777429e+02
   5.3278396e+01
   4.3963839e+02
   3.9094099e+02
   9.8121548e+01
   2.2767754e+02
   3.9055189e+01
   7.7785455e+01
   1.8030173e+02
   1.6817861e+01
   4.5870636e+02
   2.3868078e+02
   3.9641871e+02
   5.0136117e+02
   3.2342363e+02
   2.8763972e+02
   5.2753079e+02
   5.2404084e+02
   3.0902246e+02
   1.5456150e+02
   7.7539400e+01
   3.6699198e+02
   2.0551204e+02
   1.3019110e+02
  -2.1221921e+01
   2.0763261e+02
   1.3503824e+02
   1.7530939e+02
   3.9690290e+02
   4.6464229e+02
  -2.3711245e+01
   3.7623572e+02
   3.4596336e+02
   9.0591445e+01
   2.3370265e+02
   3.2210704e+02
   5.1109145e+02
   2.0791572e+02
   2.7108208e+02
   4.7061577e+01
   3.4263222e+02
   4.2298779e+02
   2.2108302e+02
   4.5208295e+02
   4.9137803e+01
   5.1927988e+02
   6.4463095e+01
   5.2901826e+02
   2.8532777e+02
   3.3082236e+02
   8.1364436e+00
   1.6817452e+02
   5.4855455e+02
   2.6456529e+02
   1.8075702e+02
   4.6075287e+02
   2.9875629e+02
   2.4401535e+02
   7.6594682e+01
   4.7634749e+02
   4.7646487e+02
   2.6861407e+02
   1.6593873e+02
   2.4875318e+02
   5.1417072e+02
   2.8509016e+02
   1.6624177e+02
   4.3554357e+02
  -9.8775292e+00
   4.5612600e+02
   2.6391729e+02
   1.8508663e+02
   1.0481952e+02
   2.9976657e+02
   1.6712855e+02
   2.2137937e+02
   2.0136126e+02
   3.5637656e+02
   3.5167138e+02
   9.6343796e+01
   6.1438329e+01
   4.8475702e+02
   7.5166550e+01
   1.9999963e+02
   7.8666903e+01
   5.2291917e+02
   1.2931657e+02
   4.4593479e+00
   3.1388703e+02
   4.4920145e+02
   9.4965966e+01
   5.0921628e+02
   1.6275043e+02
   4.4961645e+02
   4.0974750e+02
   2.3085579e+02
   1.1217415e+02
   3.5574674e+02
   4.2223908e+02
   4.9220716e+02
  -2.2640401e+01
   2.0319687e+02
   5.4269033e+02
   2.9399142e+02
  -1.2707196e+01
   1.6163018e+02
   4.4998432e+02
   5.0653381e+02
   1.9736927e+01
   4.5468522e+02
   3.6771533e+02
   3.2124263e+02
   3.2198853e+02
   6.1529509e+01
   4.5287011e+02
   5.1870453e+01
   1.1008864e+02
   3.8621192e+02
   3.4693534e+02
   2.9208534e+02
   5.4431448e+02
  -2.2838137e+01
   4.5811374e+02
   2.8405039e+02
   4.6278086e+02
   4.7853439e+02
  -3.2213123e+00
   5.3063482e+02
   2.3818532e+02
   4.8157212e+02
   3.5332620e+02
   4.5623642e+02
   7.1609059e+01
   9.1093523e+01
   3.7160170e+02
   5.5603692e+01
   3.5657961e+02
   3.8255722e+02
   5.2445437e+02
   4.6824922e+02
   4.2080391e+02
   5.2739913e+02
   4.4649332e+02
   4.7366394e+02
   2.5136538e+02
   5.4186428e+02
   3.4693257e+02
   1.3987425e+02
   6.6708015e+01
   3.4788402e+02
   1.3738896e+02
   2.9215350e+02
   2.3904270e+02
   2.2712089e+01
   4.5857066e+02
   2.6405464e+01
   8.0389157e+01
  -1.0851195e+01
   3.3166920e+02
   2.0330426e+02
   3.3828429e+02
   7.2737693e+01
   2.4668915e+01
   6.4389937e+01
   2.4838633e+02
   4.0180233e+02
   4.3118015e+02
   2.4144296e+02
   3.2667532e+02
   1.7266239e+02
   3.5453013e+02
   2.2599891e+02
   2.2118535e+02
   6.5644724e+01
   2.7368508e+02
  -2.1565891e+01
   1.1290411e+02
   1.1741217e+02
   5.4037078e+01
   2.4282521e+02
   7.4691600e+01
   1.9763728e+02
   2.2797738e+02
   4.6878291e+02
   5.0377462e+02
   3.5085882e+02
   1.9876919e+01
   1.0149527e+02
   1.1189531e+02
   4.8674208e+02
   3.3885885e+02
   1.2588594e+01
   4.3094660e+02
   5.1507309e+02
   1.5551175e+02
   1.0297072e+02
   2.9587330e+02
   2.9620083e+02
   4.9236922e+02
   2.4002105e+02
   4.9020871e+01
   4.3901960e+02
   3.1050372e+02
   5.0039012e+02
   3.4351344e+01
   3.8968682e+02
   4.4472542e+02
   4.9245957e+02
  -2.4137130e+01
   4.7190047e+01
   5.1734933e+02
   4.1904538e+02
   1.4445920e+01
   2.8567310e+02
   4.0937678e+02
   4.2479551e+02
   3.7263230e+00
   1.4469362e+02
   4.9669116e+02
   4.1946562e+02
   3.2473548e+02
   2.8343983e+02
   3.0871057e+02
   4.6935559e+02
   2.9998948e+02
   2.0238536e+02
   3.4703765e+02
   5.3714318e+02
   8.0063956e+01
   2.4739231e+02
   1.3809923e+02
   3.6304284e+02
   1.9574693e+02
   2.7300210e+01
   1.2440467e+02
   4.3820072e+02
   4.9622701e+02
   2.4431767e+02
   2.8668121e+02
   4.7437522e+02
   5.0694793e+02
   3.7162622e+01
   8.2076184e+01
   5.3236621e+02
   4.8306707e+02
   2.9885245e+02
   4.5402830e+02
   5.4422418e+02
   1.8083251e+02
   3.9435991e+02
   4.3719175e+02
   8.7017775e+01
   3.9042613e+02
   4.3935058e+02
   4.7085330e+02
   5.4637754e+01
   6.0895473e+01
   1.4068175e+02
  -9.7496788e+00
   8.3913383e+01
   1.9831814e+02
   1.5674450e+02
   1.4852221e+02
   1.1176598e+02
   4.8383394e+02
   2.7577360e+02
   4.3109610e+02
   4.8804616e+02
   4.6009590e+02
   5.4274082e+02
   3.4832391e+01
   2.2389492e+02
  -4.5091918e+00
   5.3658444e+02
  -4.4935045e+00
   2.5014290e+02
   4.5417667e+02
   4.2461190e+02
   2.3337680e+02
   1.7268021e+02
   1.3872046e+02
   4.2714246e+02
   2.3321231e+02
   5.5803688e+01
   1.5375394e+02
   5.0320979e+02
   2.1581329e+02
   3.8975134e+02
   4.8340013e+02
   3.6773415e+02
   4.9598057e+02
   4.3652525e+01
   6.9769346e+01
   1.1513923e+02
   2.8161209e+02
   1.8218923e+02
   1.5699967e+02
   5.3367360e+02
   3.8751139e+02
   3.2920246e+02
   4.3982979e+02
  -1.7510520e+01
   3.3943026e+02
   2.1789122e+02
   1.2444394e+02
   1.8050482e+02
   7.4048788e+00
   4.4360307e+02
   9.8949339e+01
   2.1150311e+02
   4.7152396e+02
   5.2902644e+01
   1.2555044e+02
   5.3581758e+02
   1.3443491e+02
   4.1580033e+02
   1.4978401e+02
   2.8626536e+02
   4.4674016e+02
   1.2196006e+02
   3.7662078e+00
   3.8612211e+02
   5.2920481e+01
   2.4474007e+02
   1.2728903e+02
   2.7445105e+02
   6.1709250e+01
   9.4465308e+00
   4.9524033e+02
   3.2876647e+02
   4.1196910e+02
   9.0809334e+01
  -1.3261326e+01
   1.8084138e+02
   1.9268444e+02
   1.7932894e+02
   1.4247512e+00
   2.1497714e+01
   3.6293322e+02
   2.9768876e+02
   5.3579656e+02
   1.5475396e+02
   7.7283369e+01
   9.2360997e+01
   8.9900291e+01
   1.9150872e+02
   1.5538321e+01
   6.5188681e+01
   4.1196213e+02
   6.8797044e+01
   5.4739123e+02
   3.9877096e+02
   4.4169407e+02
   4.1866598e+02
   1.4966554e+02
   1.2543429e+02
   3.4577654e+02
   4.4766549e+02
   4.1473176e+02
   3.8460672e+01
   1.0583225e+02
   3.7356681e+02
   2.1642869e+01
   1.8296344e+02
   2.6743280e+02
   2.0625769e+02
   3.4336995e+02
   3.3267577e+02
   5.1647940e+02
  -1.3326380e+01
  -1.1910589e+01
   1.9569159e+02
   1.7053102e+02
   3.9315978e+02
   1.1865615e+02
   4.5033044e+02
   1.1029261e+02
   1.8716132e+01
   2.1040841e+02
   5.1333236e+02
  -1.0949381e+01
   3.6314976e+02
   3.6694943e+01
   3.5408025e+02
   3.5036345e+01
   3.9078101e+02
   5.6678222e+01
   1.9234072e+02
   5.0883698e+02
   4.3250961e+02
   2.9716544e+02
   5.3775716e+02
   3.9811838e+02
   8.9304247e+01
   2.1972540e+02
   3.5527555e+02
   4.4135983e+02
   5.1028416e+02
   7.3256473e+01
   9.0754347e+01
   1.7781178e+02
   5.5027241e+02
   4.4785603e+02
  -2.2127428e+01
   4.5223933e+02
   4.2969697e+02
   1.4652048e+02
   5.3534162e+02
   1.5983667e+02
   2.2566694e+02
   4.7249822e+02
   1.3877995e+02
   4.2773935e+02
   5.4575584e+02
   4.3182755e+01
   2.4162910e+02
   6.4166048e+01
   3.7980417e+02
   2.6814640e+02
   3.3977183e+02
   1.9184129e+02
   3.1995516e+02
   5.2864378e+02
   1.2632857e+02
   8.9906461e+01
   4.9844903e+02
   4.6016885e+02
   5.1170915e+02
   4.5431418e+02
   2.5021981e+02
   3.6845596e+02
   3.8373933e+02
   3.5510888e+01
   3.0267122e+02
   5.3902579e+02
   1.5929177e+02
   5.0215355e+02
  -2.6366728e+01
   5.4606724e+02
   1.2078033e+02
   2.3430462e+02
   5.1269554e+02
   3.0800429e+02
   1.8078422e+02
   1.6790512e+02
   1.6779524e+02
   4.3652744e+02
   2.6274129e+02
   2.4520211e+02
  -2.7662247e+00
   5.0328261e+02
   3.1614257e+02
   2.0503356e+02
   1.1255213e+02
   5.7448470e+01
   4.9098075e+02
   5.2060750e+02
   3.5470441e+02
   4.9623166e+02
   1.2376765e+02
   4.2261008e+02
   1.8971516e+02
   4.6312323e+02
   2.0819393e+02
   1.4988603e+02
   5.3096068e+02
   9.8653527e+00
   2.8340162e+02
   3.0583861e+02
   1.5844631e+02
   2.6851316e+02
   3.1057882e+02
   2.8734665e+02
   1.3466023e+02
   1.0120773e+02
   2.1348224e+01
  -1.8632689e+01
   4.4677416e+02
   1.4493599e+02
   2.2753391e+02
   1.0845994e+01
   1.5393719e+02
   4.0767713e+01
   5.1048661e+02
   4.1957084e+02
   3.0682490e+02
   3.3387075e+02
   1.0633192e+02
   3.3052756e+02
   3.0544633e+02
   1.8372821e+02
   3.0339472e+02
  -2.2104974e+01
   9.0793776e+01
   2.5865742e+02
   2.4298388e+02
   7.0859828e+01
   4.4652397e+02
   5.2281205e+02
   4.6948771e+02
   3.4783658e+02
   4.7024763e+02
   1.3057082e+02
   4.0604153e+02
   6.1960998e+01
   2.9860295e+02
   2.9923314e+02
   1.8287621e+02
   8.4507227e+01
   2.9497454e+02
   3.9223905e+02
   2.3650400e+02
   1.3472539e+02
   3.1939101e+02
   2.5426295e+02
   4.5133400e+02
   3.9884437e+02
   1.7605287e+02
   1.0673715e+02
   3.9865200e+02
   4.6325734e+01
   1.8626890e+02
   1.2984597e+02
   2.6280751e+02
   2.6893836e+02
   4.1127592e+02
   1.5451139e+02
  -6.9593169e+00
   3.4354757e+02
   1.0191884e+01
   4.0560074e+02
   2.7632360e+01
   1.5280121e+02
   2.0938767e+02
   3.0646178e+02
   2.5687680e+02
   2.0992501e+02
   3.5371287e+02
  -2.3891940e+01
   2.6493392e+02
   3.2484940e+02
  -1.5768570e+01
   5.4864308e+02
   3.5075982e+02
   6.9026092e+01
   4.6688910e+02
   5.2275780e+02
   2.4225204e+02
   1.9157285e+02
   1.2019144e+02
   3.8129856e+01
   1.6031779e+02
   4.6559136e+02
   5.0215281e+02
   5.4977349e+00
   3.4260078e+02
   1.4248860e+02
   3.7051342e+02
   4.3476470e+02
   2.6154531e+02
   2.4308088e+02
   4.5883006e+02
   6.9015504e+01
   4.1859345e+02
   5.0677126e+01
   4.2188175e+02
   5.3407934e+02
   3.5785782e+02
   2.4598285e+02
   9.5211272e+01
   4.6523695e+02
   3.3242149e+02
   5.2665449e+02
   6.1614707e+00
   8.4867080e+01
   3.5923874e+02
   4.0090633e+02
   4.0452283e+02
   2.7786738e+02
   2.3195705e+02
   8.0724181e+01
   3.5388708e+02
   4.7798434e+02
   2.6719289e+02
   4.3202611e+01
   3.3727659e+02
   2.6240074e+02
   2.6537117e+02
   2.5448197e+02
   1.6557033e+02
   7.7996960e+01
   5.0433410e+02
   3.7906422e+02
   1.9634983e+02
   1.1862263e+02
  -5.3843272e+00
   3.2545514e+02
   2.6810930e+02
   3.4152915e+02
   4.5229211e+01
   7.1925536e+01
   5.4301967e+02
   4.5099785e+02
   3.7432970e+02
   4.8242005e+02
   3.0207386e+02
   2.0240112e+02
  -1.5895379e+01
   4.1269686e+01
   4.4220632e+02
   4.6147490e+02
   2.1999922e+02
   2.5872932e+02
   3.5477768e+02
   1.0091807e+02
   2.2601207e+01
   5.0723223e+02
   3.7305558e+02
   5.2913573e+02
   1.8309478e+02
   2.3516832e+02
   3.4005916e+02
   1.0475549e+02
   4.0040411e+02
   4.9632672e+02
   2.1723550e+02
   3.0775017e+02
   1.8138918e+02
   4.6593458e+02
   3.7826898e+02
   8.1269328e+01
   4.8065523e+02
   1.4712363e+02
   3.3544537e+00
   3.4547323e+02
   1.2134323e+02
   2.4217116e+02
   2.8242917e+02
   1.4588293e+02
   3.5590700e+02
   2.2537447e+02
   3.6612172e+01
  -1.3705474e+01
   4.0852712e-01
   2.7397463e+01
   5.2271591e+02
   9.6823125e+01
   4.3357481e+02
   4.6104258e+02
   2.6660340e+02
   3.7137408e+02
  -3.9462846e+00
   2.6293192e+02
   5.3311088e+02
   4.8815467e+02
   1.6475448e+02
   2.9641679e+02
   4.6348282e+02
   1.3452276e+02
   1.6667176e+02
   3.3308563e+01
   3.5900207e+02
   2.5304700e+02
   2.0311281e+02
   3.6931333e+02
   5.1789641e+02
   2.5247228e+02
   3.4066207e+02
   2.8706650e+02
   3.4425639e+02
   1.2976979e+02
   3.8436124e+01
   3.4748098e+02
   3.0117798e+02
   1.3512655e+02
   3.9678847e+02
   3.8692482e+02
   4.1088750e+02
   2.2135254e+02
   2.2250458e+02
   3.0030818e+02
   6.0625133e+01
   4.7128481e+02
   2.3486997e+02
   1.8043050e+02
   2.2077222e+02
   2.8385856e+02
   6.2705460e+00
   4.5772303e+02
   2.7602292e+01
   4.1139172e+01
   3.4694121e+01
   6.5775814e+01
   2.1671212e+02
   3.4249763e+02
   2.5389042e+02
   2.3883361e+02
   1.1704154e+01
   2.4410165e+02
   1.7873057e+02
   5.2506423e+02
   1.2545859e+02
   1.7532767e+02
   2.3072844e+02
  -2.5532413e+01
   4.7166571e+02
   1.2396298e+01
   3.9400568e+02
   4.5978972e+02
   4.3609924e+02
   6.1806224e+01
   4.4529621e+02
   6.6305188e+01
   1.9927010e+02
   1.5308901e+02
   2.9561371e+02
   4.2973253e+02
   1.0646667e+02
   3.3288101e+01
   1.1940617e+02
   4.7873281e+02
   2.2033957e+01
   4.2309448e+02
   5.3256029e+02
   1.4124925e+02
   3.5628486e+02
   2.7593235e+02
   4.6501186e+02
   4.4172465e+02
   5.2206247e+02
   1.4499698e+01
   5.4029304e+02
   3.7013239e+02
   5.3745590e+02
   8.3605891e+01
   4.3833021e+00
  -1.3299965e+01
   4.9363859e+02
   2.9603232e+02
   4.6919531e+02
   1.2224937e+02
   2.3768942e+02
   2.4850165e+02
   4.0455410e+02
   1.5701019e+02
   4.8687956e+02
   2.8624702e+02
   6.3994327e+01
   1.1106057e+02
   3.0465739e+02
   2.1159024e+02
   4.9087046e+02
   3.2945002e+01
  -1.4714798e+01
   3.2738927e+02
   2.5085503e+02
   5.2403570e+02
   3.1208393e+02
   3.2742672e+02
   4.3095700e+02
   3.0893417e+02
   3.1847184e+02
   4.0396308e+01
   4.7877465e+02
   3.3476879e+02
   2.8785217e+02
   1.3345865e+02
   1.4453574e+02
   3.5890317e+02
   4.7460127e+02
   1.3473049e+02
   2.9551403e+02
   3.6833713e+02
   3.5816533e+02
   7.0324433e+00
   1.0408182e+02
   1.0501498e+02
   1.8401613e+02
   2.5277608e+02
   5.3551094e+01
  -2.4756750e+01
   1.1159332e+02
   3.2043270e+02
   3.3191948e+01
   3.4554349e+02
   2.1798948e+02
   1.6024570e+01
   3.6685677e+02
   3.1022596e+02
   9.1165476e+01
   4.7625466e+02
   6.8636907e+01
   5.3271936e+02
   3.7683158e+02
   4.6727421e+02
   1.7079061e+02
   6.0937316e+01
   5.0354194e+02
   1.6103585e+02
   3.2239734e+02
   2.4100149e+02
   4.9456508e+01
   1.7548485e+02
   1.7621790e+02
   5.2827289e+02
   1.5627847e+02
   1.7159192e+02
   4.3555654e+02
   1.9097700e+02
   1.8309259e+01
   2.5633779e+00
   6.6022597e+01
   1.4087332e+02
   8.7205336e+01
   1.4812011e+02
   4.6702629e+02
   2.2240914e+02
   5.3104152e+02
  -1.0121289e+00
   2.2990451e+02
  -4.8976131e+00
   2.8390692e+02
   5.4080621e+02
   2.3857082e+02
   2.5688935e+02
   4.5699661e+02
   4.8851623e+02
   3.7006798e+02
   2.0946049e+02
   3.6334494e+02
   6.1529614e+01
   8.2421855e+01
   1.4958336e+02
   9.7568487e+01
   8.9613798e+01
   5.3062504e+02
   4.6312705e+01
   3.8609832e+02
   4.8542141e+02
   3.9139798e+02
   1.8072589e+02
   6.2276876e+01
   1.7791244e+02
   2.9537490e+02
   4.5838538e+02
   2.5750145e+02
   1.8473928e+02
   4.4829153e+02
   3.8770570e+02
   3.3851238e+02
   4.6644739e+02
   4.0595740e+02
   7.7601158e+01
   3.6494235e+02
   2.7734165e+02
   3.1258192e+02
   1.8243813e+02
   4.6976347e+02
   5.4385785e+02
   2.1710979e+02
   3.3487877e+02
   6.5437164e+01
   7.6312454e+01
   9.9500340e+00
   5.4607334e+02
   1.6572896e+02
   1.6969845e+02
   4.0120070e+02
   5.1095378e+02
   2.4513249e+02
   6.6989405e+00
   3.4674812e+02
   1.9171457e+02
   3.9744483e+02
   2.6387643e+02
   5.1325428e+02
   3.6011995e+02
   1.9319182e+02
   3.5299989e+02
   8.9147436e+01
   3.0195921e+02
   3.7219940e+02
   2.8454946e+02
   3.1158317e+02
   2.5704127e+01
   8.9065477e+01
   1.1285919e+02
   4.0595826e+01
   2.6428007e+01
   2.2971127e+02
   1.0480748e+02
   4.8680249e+02
   2.5474665e+02
   3.4845104e+02
   4.6854317e+02
   1.1891074e+02
   1.0917014e+02
   4.7808703e+02
   1.7431008e+02
   1.7233392e+02
   4.0473908e+02
   1.7745587e+02
   6.6710075e+01
   3.0228536e+02
   1.0913747e+02
   1.0286216e+02
   1.1357999e+02
   3.5532980e+02
   2.2897201e+02
  -7.6328182e+00
   1.6508602e+02
   2.6156666e+02
   1.4875794e+02
   1.2997211e+02
   5.1513209e+02
   4.8574132e+02
   2.0449298e+02
   4.1395777e+01
   1.3388657e+02
   3.7277431e+02
   4.3850029e+01
   2.5016163e+02
   4.2854725e+02
   9.0145382e+01
   4.3771281e+02
   3.6339615e+02
   2.2063208e+02
   3.1302477e+02
   2.7902823e+01
   2.2998708e+02
   1.4728566e+02
   3.2848442e+02
   2.4224853e+02
   5.1378857e+02
   3.3157593e+02
   4.5536351e+01
   3.9919252e+01
   4.9466904e+02
   2.1772208e+02
   1.3755244e+02
   3.9941033e+02
  -1.3607627e+01
   4.3345478e+02
   3.3029565e+02
   4.2233385e+02
   1.1781848e+02
   5.1018802e+01
   5.3948735e+02
   7.7278592e+01
   4.7252829e+02
   4.7252408e+02
   2.6105666e+02
   2.2133262e+02
   3.7502638e+02
   3.9642748e+02
   1.1242118e+02
   2.0969892e+02
   4.8271759e+02
   5.4958676e+02
   1.6752561e+02
   8.1472170e+01
  -1.0648997e+01
   5.3323809e+02
   5.1938162e+02
   3.4764266e+02
   5.0436709e+02
   1.7961890e+02
   4.8017443e+02
   1.3475450e+02
   1.4918238e+02
   1.4129190e+02
   6.7073005e+01
   4.6565400e+02
   2.4639654e+02
   1.5324552e+02
   4.6047550e+02
   2.4102089e+02
   4.7196632e+02
   1.4278500e+02
   4.2564952e+02
   1.5651697e+02
   4.0666422e+02
   4.2597332e+02
   1.9708261e+02
   5.1939415e+02
   4.9045731e+02
   1.4967217e+02
  -2.0660408e+01
   3.5786906e+02
   9.3049252e+01
   4.0190045e+02
   1.7926633e+02
   3.5173841e+02
   3.2980278e+02
   3.7760548e+01
   1.8328683e+02
   4.4425804e+02
   3.7249506e+02
   2.1008798e+02
   9.0045267e+01
   4.6777429e+02
   5.3278396e+01
   4.3963839e+02
   3.9094099e+02
   9.8121548e+01
   2.2767754e+02
   3.9055189e+01
   7.7785455e+01
   1.8030173e+02
   1.6817861e+01
   4.5870636e+02
   2.3868078e+02
   3.9641871e+02
   5.0136117e+02
   3.2342363e+02
   2.8763972e+02
   5.2753079e+02
   5.2404084e+02
   3.0902246e+02
   1.5456150e+02
   7.7539400e+01
   3.6699198e+02
   2.0551204e+02
   1.3019110e+02
  -2.1221921e+01
   2.0763261e+02
   1.3503824e+02
   1.7530939e+02
   3.9690290e+02
   4.6464229e+02
  -2.3711245e+01
   3.7623572e+02
   3.4596336e+02
   9.0591445e+01
   2.3370265e+02
   3.2210704e+02
   5.1109145e+02
   2.0791572e+02
   2.7108208e+02
   4.7061577e+01
   3.4263222e+02
   4.2298779e+02
   2.2108302e+02
   4.5208295e+02
   4.9137803e+01
   5.1927988e+02
   6.4463095e+01
   5.2901826e+02
   2.8532777e+02
   3.3082236e+02
   8.1364436e+00
   1.6817452e+02
   5.4855455e+02
   2.6456529e+02
   1.8075702e+02
   4.6075287e+02
   2.9875629e+02
   2.4401535e+02
   7.6594682e+01
   4.7634749e+02
   4.7646487e+02
   2.6861407e+02
   1.6593873e+02
   2.4875318e+02
   5.1417072e+02
   2.8509016e+02
   1.6624177e+02
   4.3554357e+02
  -9.8775292e+00
   4.5612600e+02
   2.6391729e+02
   1.8508663e+02
   1.0481952e+02
   2.9976657e+02
   1.6712855e+02
   2.2137937e+02
   2.0136126e+02
   3.5637656e+02
   3.5167138e+02
   9.6343796e+01
   6.1438329e+01
   4.8475702e+02
   7.5166550e+01
   1.9999963e+02
   7.8666903e+01
   5.2291917e+02
   1.2931657e+02
   4.4593479e+00
   3.1388703e+02
   4.4920145e+02
   9.4965966e+01
   5.0921628e+02
   1.6275043e+02
   4.4961645e+02
   4.0974750e+02
   2.3085579e+02
   1.1217415e+02
   3.5574674e+02
   4.2223908e+02
   4.9220716e+02
  -2.2640401e+01
   2.0319687e+02
   5.4269033e+02
   2.9399142e+02
  -1.2707196e+01
   1.6163018e+02
   4.4998432e+02
   5.0653381e+02
   1.9736927e+01
   4.5468522e+02
   3.6771533e+02
   3.2124263e+02
   3.2198853e+02
   6.1529509e+01
   4.5287011e+02
   5.1870453e+01
   1.1008864e+02
   3.8621192e+02
   3.4693534e+02
   2.9208534e+02
   5.4431448e+02
  -2.2838137e+01
   4.5811374e+02
   2.8405039e+02
   4.6278086e+02
   4.7853439e+02
  -3.2213123e+00
   5.3063482e+02
   2.3818532e+02
   4.8157212e+02
   3.5332620e+02
   4.5623642e+02
   7.1609059e+01
   9.1093523e+01
   3.7160170e+02
   5.5603692e+01
   3.5657961e+02
   3.8255722e+02
   5.2445437e+02
   4.6824922e+02
   4.2080391e+02
   5.2739913e+02
   4.4649332e+02
   4.7366394e+02
   2.5136538e+02
   5.4186428e+02
   3.4693257e+02
   1.3987425e+02
   6.6708015e+01
   3.4788402e+02
   1.3738896e+02
   2.9215350e+02
   2.3904270e+02
   2.2712089e+01
   4.5857066e+02
   2.6405464e+01
   8.0389157e+01
  -1.0851195e+01
   3.3166920e+02
   2.0330426e+02
   3.3828429e+02
   7.2737693e+01
   2.4668915e+01
   6.4389937e+01
   2.4838633e+02
   4.0180233e+02
   4.3118015e+02
   2.4144296e+02
   3.2667532e+02
   1.7266239e+02
   3.5453013e+02
   2.2599891e+02
   2.2118535e+02
   6.5644724e+01
   2.7368508e+02
  -2.1565891e+01
   1.1290411e+02
   1.1741217e+02
   5.4037078e+01
   2.4282521e+02
   7.4691600e+01
   1.9763728e+02
   2.2797738e+02
   4.6878291e+02
   5.0377462e+02
   3.5085882e+02
   1.9876919e+01
   1.0149527e+02
   1.1189531e+02
   4.8674208e+02
   3.3885885e+02
   1.2588594e+01
   4.3094660e+02
   5.1507309e+02
   1.5551175e+02
   1.0297072e+02
   2.9587330e+02
   2.9620083e+02
   4.9236922e+02
   2.4002105e+02
   4.9020871e+01
   4.3901960e+02
   3.1050372e+02
   5.0039012e+02
   3.4351344e+01
   3.8968682e+02
   4.4472542e+02
   4.9245957e+02
  -2.4137130e+01
   4.7190047e+01
   5.1734933e+02
   4.1904538e+02
   1.4445920e+01
   2.8567310e+02
   4.0937678e+02
   4.2479551e+02
   3.7263230e+00
   1.4469362e+02
   4.9669116e+02
   4.1946562e+02
   3.2473548e+02
   2.8343983e+02
   3.0871057e+02
   4.6935559e+02
   2.9998948e+02
   2.0238536e+02
   3.4703765e+02
   5.3714318e+02
   8.0063956e+01
   2.4739231e+02
   1.3809923e+02
   3.6304284e+02
   1.9574693e+02
   2.7300210e+01
   1.2440467e+02
   4.3820072e+02
   4.9622701e+02
   2.4431767e+02
   2.8668121e+02
   4.7437522e+02
   5.0694793e+02
   3.7162622e+01
   8.2076184e+01
   5.3236621e+02
   4.8306707e+02
   2.9885245e+02
   4.5402830e+02
   5.4422418e+02
   1.8083251e+02
   3.9435991e+02
   4.3719175e+02
   8.7017775e+01
   3.9042613e+02
   4.3935058e+02
   4.7085330e+02
   5.4637754e+01
   6.0895473e+01
   1.4068175e+02
  -9.7496788e+00
   8.3913383e+01
   1.9831814e+02
   1.5674450e+02
   1.4852221e+02
   1.1176598e+02
   4.8383394e+02
   2.7577360e+02
   4.3109610e+02
   4.8804616e+02
   4.6009590e+02
   5.4274082e+02
   3.4832391e+01
   2.2389492e+02
  -4.5091918e+00
   5.3658444e+02
  -4.4935045e+00
   2.5014290e+02
   4.5417667e+02
   4.2461190e+02
   2.3337680e+02
   1.7268021e+02
   1.3872046e+02
   4.2714246e+02
   2.3321231e+02
   5.5803688e+01
   1.5375394e+02
   5.0320979e+02
   2.1581329e+02
   3.8975134e+02
   4.8340013e+02
   3.6773415e+02
   4.9598057e+02
   4.3652525e+01
   6.9769346e+01
   1.1513923e+02
   2.8161209e+02
   1.8218923e+02
   1.5699967e+02
   5.3367360e+02
   3.8751139e+02
   3.2920246e+02
   4.3982979e+02
  -1.7510520e+01
   3.3943026e+02
   2.1789122e+02
   1.2444394e+02
   1.8050482e+02
   7.4048788e+00
   4.4360307e+02
   9.8949339e+01
   2.1150311e+02
   4.7152396e+02
   5.2902644e+01
   1.2555044e+02
   5.3581758e+02
   1.3443491e+02
   4.1580033e+02
   1.4978401e+02
   2.8626536e+02
   4.4674016e+02
   1.2196006e+02
   3.7662078e+00
   3.8612211e+02
   5.2920481e+01
   2.4474007e+02
   1.2728903e+02
   2.7445105e+02
   6.1709250e+01
   9.4465308e+00
   4.9524033e+02
   3.2876647e+02
   4.1196910e+02
   9.0809334e+01
  -1.3261326e+01
   1.8084138e+02
   1.9268444e+02
   1.7932894e+02
   1.4247512e+00
   2.1497714e+01
   3.6293322e+02
   2.9768876e+02
   5.3579656e+02
   1.5475396e+02
   7.7283369e+01
   9.2360997e+01
   8.9900291e+01
   1.9150872e+02
   1.5538321e+01
   6.5188681e+01
   4.1196213e+02
   6.8797044e+01
   5.4739123e+02
   3.9877096e+02
   4.4169407e+02
   4.1866598e+02
   1.4966554e+02
   1.2543429e+02
   3.4577654e+02
   4.4766549e+02
   4.1473176e+02
   3.8460672e+01
   1.0583225e+02
   3.7356681e+02
   2.1642869e+01
   1.8296344e+02
   2.6743280e+02
   2.0625769e+02
   3.4336995e+02
   3.3267577e+02
   5.1647940e+02
  -1.3326380e+01
  -1.1910589e+01
   1.9569159e+02
   1.7053102e+02
   3.9315978e+02
   1.1865615e+02
   4.5033044e+02
   1.1029261e+02
   1.8716132e+01
   2.1040841e+02
   5.1333236e+02
  -1.0949381e+01
   3.6314976e+02
   3.6694943e+01
   3.5408025e+02
   3.5036345e+01
   3.9078101e+02
   5.6678222e+01
   1.9234072e+02
   5.0883698e+02
   4.3250961e+02
   2.9716544e+02
   5.3775716e+02
   3.9811838e+02
   8.9304247e+01
   2.1972540e+02
   3.5527555e+02
   4.4135983e+02
   5.1028416e+02
   7.3256473e+01
   9.0754347e+01
   1.7781178e+02
   5.5027241e+02
   4.4785603e+02
  -2.2127428e+01
   4.5223933e+02
   4.2969697e+02
   1.4652048e+02
   5.3534162e+02
   1.5983667e+02
   2.2566694e+02
   4.7249822e+02
   1.3877995e+02
   4.2773935e+02
   5.4575584e+02
   4.3182755e+01
   2.4162910e+02
   6.4166048e+01
   3.7980417e+02
   2.6814640e+02
   3.3977183e+02
   1.9184129e+02
   3.1995516e+02
   5.2864378e+02
   1.2632857e+02
   8.9906461e+01
   4.9844903e+02
   4.6016885e+02
   5.1170915e+02
   4.5431418e+02
   2.5021981e+02
   3.6845596e+02
   3.8373933e+02
   3.5510888e+01
   3.0267122e+02
   5.3902579e+02
   1.5929177e+02
   5.0215355e+02
  -2.6366728e+01
   5.4606724e+02
   1.2078033e+02
   2.3430462e+02
   5.1269554e+02
   3.0800429e+02
   1.8078422e+02
   1.6790512e+02
   1.6779524e+02
   4.3652744e+02
   2.6274129e+02
   2.4520211e+02
  -2.7662247e+00
   5.0328261e+02
   3.1614257e+02
   2.0503356e+02
   1.1255213e+02
   5.7448470e+01
   4.9098075e+02
   5.2060750e+02
   3.5470441e+02
   4.9623166e+02
   1.2376765e+02
   4.2261008e+02
   1.8971516e+02
   4.6312323e+02
   2.0819393e+02
   1.4988603e+02
   5.3096068e+02
   9.8653527e+00
   2.8340162e+02
   3.0583861e+02
   1.5844631e+02
   2.6851316e+02
   3.1057882e+02
   2.8734665e+02
   1.3466023e+02
   1.0120773e+02
   2.1348224e+01
  -1.8632689e+01
   4.4677416e+02
   1.4493599e+02
   2.2753391e+02
   1.0845994e+01
   1.5393719e+02
   4.0767713e+01
   5.1048661e+02
   4.1957084e+02
   3.0682490e+02
   3.3387075e+02
   1.0633192e+02
   3.3052756e+02
   3.0544633e+02
   1.8372821e+02
   3.0339472e+02
  -2.2104974e+01
   9.0793776e+01
   2.5865742e+02
   2.4298388e+02
   7.0859828e+01
   4.4652397e+02
   5.2281205e+02
   4.6948771e+02
   3.4783658e+02
   4.7024763e+02
   1.3057082e+02
   4.0604153e+02
   6.1960998e+01
   2.9860295e+02
   2.9923314e+02
   1.8287621e+02
   8.4507227e+01
   2.9497454e+02
   3.9223905e+02
   2.3650400e+02
   1.3472539e+02
   3.1939101e+02
   2.5426295e+02
   4.5133400e+02
   3.9884437e+02
   1.7605287e+02
   1.0673715e+02
   3.9865200e+02
   4.6325734e+01
   1.8626890e+02
   1.2984597e+02
   2.6280751e+02
   2.6893836e+02
   4.1127592e+02
   1.5451139e+02
  -6.9593169e+00
   3.4354757e+02
   1.0191884e+01
   4.0560074e+02
   2.7632360e+01
   1.5280121e+02
   2.0938767e+02
   3.0646178e+02
   2.5687680e+02
   2.0992501e+02
   3.5371287e+02
  -2.3891940e+01
   2.6493392e+02
   3.2484940e+02
  -1.5768570e+01
   5.4864308e+02
   3.5075982e+02
   6.9026092e+01
   4.6688910e+02
   5.2275780e+02
   2.4225204e+02
   1.9157285e+02
   1.2019144e+02
   3.8129856e+01
   1.6031779e+02
   4.6559136e+02
   5.0215281e+02
   5.4977349e+00
   3.4260078e+02
   1.4248860e+02
   3.7051342e+02
   4.3476470e+02
   2.6154531e+02
   2.4308088e+02
   4.5883006e+02
   6.9015504e+01
   4.1859345e+02
   5.0677126e+01
   4.2188175e+02
   5.3407934e+02
   3.5785782e+02
   2.4598285e+02
   9.5211272e+01
   4.6523695e+02
   3.3242149e+02
   5.2665449e+02
   6.1614707e+00
   8.4867080e+01
   3.5923874e+02
   4.0090633e+02
   4.0452283e+02
   2.7786738e+02
   2.3195705e+02
   8.0724181e+01
   3.5388708e+02
   4.7798434e+02
   2.6719289e+02
   4.3202611e+01
   3.3727659e+02
   2.6240074e+02
   2.6537117e+02
   2.5448197e+02
   1.6557033e+02
   7.7996960e+01
   5.0433410e+02
   3.7906422e+02
   1.9634983e+02
   1.1862263e+02
  -5.3843272e+00
   3.2545514e+02
   2.6810930e+02
   3.4152915e+02
   4.5229211e+01
   7.1925536e+01
   5.4301967e+02
   4.5099785e+02
   3.7432970e+02
   4.8242005e+02
   3.0207386e+02
   2.0240112e+02
  -1.5895379e+01
   4.1269686e+01
   4.4220632e+02
   4.6147490e+02
   2.1999922e+02
   2.5872932e+02
   3.5477768e+02
   1.0091807e+02
   2.2601207e+01
   5.0723223e+02
   3.7305558e+02
   5.2913573e+02
   1.8309478e+02
   2.3516832e+02
   3.4005916e+02
   1.0475549e+02
   4.0040411e+02
   4.9632672e+02
   2.1723550e+02
   3.0775017e+02
   1.8138918e+02
   4.6593458e+02
   3.7826898e+02
   8.1269328e+01
   4.8065523e+02
   1.4712363e+02
   3.3544537e+00
   3.4547323e+02
   1.2134323e+02
   2.4217116e+02
   2.8242917e+02
   1.4588293e+02
   3.5590700e+02
   2.2537447e+02
   3.6612172e+01
  -1.3705474e+01
   4.0852712e-01
   2.7397463e+01
   5.2271591e+02
   9.6823125e+01
   4.3357481e+02
   4.6104258e+02
   2.6660340e+02
   3.7137408e+02
  -3.9462846e+00
   2.6293192e+02
   5.3311088e+02
   4.8815467e+02
   1.6475448e+02
   2.9641679e+02
   4.6348282e+02
   1.3452276e+02
   1.6667176e+02
   3.3308563e+01
   3.5900207e+02
   2.5304700e+02
   2.0311281e+02
   3.6931333e+02
   5.1789641e+02
   2.5247228e+02
   3.4066207e+02
   2.8706650e+02
   3.4425639e+02
   1.2976979e+02
   3.8436124e+01
   3.4748098e+02
   3.0117798e+02
   1.3512655e+02
   3.9678847e+02
   3.8692482e+02
   4.1088750e+02
   2.2135254e+02
   2.2250458e+02
   3.0030818e+02
   6.0625133e+01
   4.7128481e+02
   2.3486997e+02
   1.8043050e+02
   2.2077222e+02
   2.8385856e+02
   6.2705460e+00
   4.5772303e+02
   2.7602292e+01
   4.1139172e+01
   3.4694121e+01
   6.5775814e+01
   2.1671212e+02
   3.4249763e+02
   2.5389042e+02
   2.3883361e+02
   1.1704154e+01
   2.4410165e+02
   1.7873057e+02
   5.2506423e+02
   1.2545859e+02
   1.7532767e+02
   2.3072844e+02
  -2.5532413e+01
   4.7166571e+02
   1.2396298e+01
   3.9400568e+02
   4.5978972e+02
   4.3609924e+02
   6.1806224e+01
   4.4529621e+02
   6.6305188e+01
   1.9927010e+02
   1.5308901e+02
   2.9561371e+02
   4.2973253e+02
   1.0646667e+02
   3.3288101e+01
   1.1940617e+02
   4.7873281e+02
   2.2033957e+01
   4.2309448e+02
   5.3256029e+02
   1.4124925e+02
   3.5628486e+02
   2.7593235e+02
   4.6501186e+02
   4.4172465e+02
   5.2206247e+02
   1.4499698e+01
   5.4029304e+02
   3.7013239e+02
   5.3745590e+02
   8.3605891e+01
   4.3833021e+00
  -1.3299965e+01
   4.9363859e+02
   2.9603232e+02
   4.6919531e+02
   1.2224937e+02
   2.3768942e+02
   2.4850165e+02
   4.0455410e+02
   1.5701019e+02
   4.8687956e+02
   2.8624702e+02
   6.3994327e+01
   1.1106057e+02
   3.0465739e+02
   2.1159024e+02
   4.9087046e+02
   3.2945002e+01
  -1.4714798e+01
   3.2738927e+02
   2.5085503e+02
   5.2403570e+02
   3.1208393e+02
   3.2742672e+02
   4.3095700e+02
   3.0893417e+02
   3.1847184e+02
   4.0396308e+01
   4.7877465e+02
   3.3476879e+02
   2.8785217e+02
   1.3345865e+02
   1.4453574e+02
   3.5890317e+02
   4.7460127e+02
   1.3473049e+02
   2.9551403e+02
   3.6833713e+02
   3.5816533e+02
   7.0324433e+00
   1.0408182e+02
   1.0501498e+02
   1.8401613e+02
   2.5277608e+02
   5.3551094e+01
  -2.4756750e+01
   1.1159332e+02
   3.2043270e+02
   3.3191948e+01
   3.4554349e+02
   2.1798948e+02
   1.6024570e+01
   3.6685677e+02
   3.1022596e+02
   9.1165476e+01
   4.7625466e+02
   6.8636907e+01
   5.3271936e+02
   3.7683158e+02
   4.6727421e+02
   1.7079061e+02
   6.0937316e+01
   5.0354194e+02
   1.6103585e+02
   3.2239734e+02
   2.4100149e+02
   4.9456508e+01
   1.7548485e+02
   1.7621790e+02
   5.2827289e+02
   1.5627847e+02
   1.7159192e+02
   4.3555654e+02
   1.9097700e+02
   1.8309259e+01
   2.5633779e+00
   6.6022597e+01
   1.4087332e+02
   8.7205336e+01
   1.4812011e+02
   4.6702629e+02
   2.2240914e+02
   5.3104152e+02
  -1.0121289e+00
   2.2990451e+02
  -4.8976131e+00
   2.8390692e+02
   5.4080621e+02
   2.3857082e+02
   2.5688935e+02
   4.5699661e+02
   4.8851623e+02
   3.7006798e+02
   2.0946049e+02
   3.6334494e+02
   6.1529614e+01
   8.2421855e+01
   1.4958336e+02
   9.7568487e+01
   8.9613798e+01
   5.3062504e+02
   4.6312705e+01
   3.8609832e+02
   4.8542141e+02
   3.9139798e+02
   1.8072589e+02
   6.2276876e+01
   1.7791244e+02
   2.9537490e+02
   4.5838538e+02
   2.5750145e+02
   1.8473928e+02
   4.4829153e+02
   3.8770570e+02
   3.3851238e+02
   4.6644739e+02
   4.0595740e+02
   7.7601158e+01
   3.6494235e+02
   2.7734165e+02
   3.1258192e+02
   1.8243813e+02
   4.6976347e+02
   5.4385785e+02
   2.1710979e+02
   3.3487877e+02
   6.5437164e+01
   7.6312454e+01
   9.9500340e+00
   5.4607334e+02
   1.6572896e+02
   1.6969845e+02
   4.0120070e+02
   5.1095378e+02
   2.4513249e+02
   6.6989405e+00
   3.4674812e+02
   1.9171457e+02
   3.9744483e+02
   2.6387643e+02
   5.1325428e+02
   3.6011995e+02
   1.9319182e+02
   3.5299989e+02
   8.9147436e+01
   3.0195921e+02
   3.7219940e+02
   2.8454946e+02
   3.1158317e+02
   2.5704127e+01
   8.9065477e+01
   1.1285919e+02
   4.0595826e+01
   2.6428007e+01
   2.2971127e+02
   1.0480748e+02
   4.8680249e+02
   2.5474665e+02
   3.4845104e+02
   4.6854317e+02
   1.1891074e+02
   1.0917014e+02
   4.7808703e+02
   1.7431008e+02
   1.7233392e+02
   4.0473908e+02
   1.7745587e+02
   6.6710075e+01
   3.0228536e+02
   1.0913747e+02
   1.0286216e+02
   1.1357999e+02
   3.5532980e+02
   2.2897201e+02
  -7.6328182e+00
   1.6508602e+02
   2.6156666e+02
   1.4875794e+02
   1.2997211e+02
   5.1513209e+02
   4.8574132e+02
   2.0449298e+02
   4.1395777e+01
   1.3388657e+02
   3.7277431e+02
   4.3850029e+01
   2.5016163e+02
   4.2854725e+02
   9.0145382e+01
   4.3771281e+02
   3.6339615e+02
   2.2063208e+02
   3.1302477e+02
   2.7902823e+01
   2.2998708e+02
   1.4728566e+02
   3.2848442e+02
   2.4224853e+02
   5.1378857e+02
   3.3157593e+02
   4.5536351e+01
   3.9919252e+01
   4.9466904e+02
   2.1772208e+02
   1.3755244e+02
   3.9941033e+02
  -1.3607627e+01
   4.3345478e+02
   3.3029565e+02
   4.2233385e+02
   1.1781848e+02
   5.1018802e+01
   5.3948735e+02
   7.7278592e+01
   4.7252829e+02
   4.7252408e+02
   2.6105666e+02
   2.2133262e+02
   3.7502638e+02
   3.9642748e+02
   1.1242118e+02
   2.0969892e+02
   4.8271759e+02
   5.4958676e+02
   1.6752561e+02
   8.1472170e+01
  -1.0648997e+01
   5.3323809e+02
   5.1938162e+02
   3.4764266e+02
   5.0436709e+02
   1.7961890e+02
   4.8017443e+02
   1.3475450e+02
   1.4918238e+02
   1.4129190e+02
   6.7073005e+01
   4.6565400e+02
   2.4639654e+02
   1.5324552e+02
   4.6047550e+02
   2.4102089e+02
   4.7196632e+02
   1.4278500e+02
   4.2564952e+02
   1.5651697e+02
   4.0666422e+02
   4.2597332e+02
   1.9708261e+02
   5.1939415e+02
   4.9045731e+02
   1.4967217e+02
  -2.0660408e+01
   3.5786906e+02
   9.3049252e+01
   4.0190045e+02
   1.7926633e+02
   3.5173841e+02
   3.2980278e+02
   3.7760548e+01
   1.8328683e+02
   4.4425804e+02
   3.7249506e+02
   2.1008798e+02
   9.0045267e+01
   4.6777429e+02
   5.3278396e+01
   4.3963839e+02
   3.9094099e+02
   9.8121548e+01
   2.2767754e+02
   3.9055189e+01
   7.7785455e+01
   1.8030173e+02
   1.6817861e+01
   4.5870636e+02
   2.3868078e+02
   3.9641871e+02
   5.0136117e+02
   3.2342363e+02
   2.8763972e+02
   5.2753079e+02
   5.2404084e+02
   3.0902246e+02
   1.5456150e+02
   7.7539400e+01
   3.6699198e+02
   2.0551204e+02
   1.3019110e+02
  -2.1221921e+01
   2.0763261e+02
   1.3503824e+02
   1.7530939e+02
   3.9690290e+02
   4.6464229e+02
  -2.3711245e+01
   3.7623572e+02
   3.4596336e+02
   9.0591445e+01
   2.3370265e+02
   3.2210704e+02
   5.1109145e+02
   2.0791572e+02
   2.7108208e+02
   4.7061577e+01
   3.4263222e+02
   4.2298779e+02
   2.2108302e+02
   4.5208295e+02
   4.9137803e+01
   5.1927988e+02
   6.4463095e+01
   5.2901826e+02
   2.8532777e+02
   3.3082236e+02
   8.1364436e+00
   1.6817452e+02
   5.4855455e+02
   2.6456529e+02
   1.8075702e+02
   4.6075287e+02
   2.9875629e+02
   2.4401535e+02
   7.6594682e+01
   4.7634749e+02
   4.7646487e+02
   2.6861407e+02
   1.6593873e+02
   2.4875318e+02
   5.1417072e+02
   2.8509016e+02
   1.6624177e+02
   4.3554357e+02
  -9.8775292e+00
   4.5612600e+02
   2.6391729e+02
   1.8508663e+02
   1.0481952e+02
   2.9976657e+02
   1.6712855e+02
   2.2137937e+02
   2.0136126e+02
   3.5637656e+02
   3.5167138e+02
   9.6343796e+01
   6.1438329e+01
   4.8475702e+02
   7.5166550e+01
   1.9999963e+02
   7.8666903e+01
   5.2291917e+02
   1.2931657e+02
   4.4593479e+00
   3.1388703e+02
   4.4920145e+02
   9.4965966e+01
   5.0921628e+02
   1.6275043e+02
   4.4961645e+02
   4.0974750e+02
   2.3085579e+02
   1.1217415e+02
   3.5574674e+02
   4.2223908e+02
   4.9220716e+02
  -2.2640401e+01
   2.0319687e+02
   5.4269033e+02
   2.9399142e+02
  -1.2707196e+01
   1.6163018e+02
   4.4998432e+02
   5.0653381e+02
   1.9736927e+01
   4.5468522e+02
   3.6771533e+02
   3.2124263e+02
   3.2198853e+02
   6.1529509e+01
   4.5287011e+02
   5.1870453e+01
   1.1008864e+02
   3.8621192e+02
   3.4693534e+02
   2.9208534e+02
   5.4431448e+02
  -2.2838137e+01
   4.5811374e+02
   2.8405039e+02
   4.6278086e+02
   4.7853439e+02
  -3.2213123e+00
   5.3063482e+02
   2.3818532e+02
   4.8157212e+02
   3.5332620e+02
   4.5623642e+02
   7.1609059e+01
   9.1093523e+01
   3.7160170e+02
   5.5603692e+01
   3.5657961e+02
   3.8255722e+02
   5.2445437e+02
   4.6824922e+02
   4.2080391e+02
   5.2739913e+02
   4.4649332e+02
   4.7366394e+02
   2.5136538e+02
   5.4186428e+02
   3.4693257e+02
   1.3987425e+02
   6.6708015e+01
   3.4788402e+02
   1.3738896e+02
   2.9215350e+02
   2.3904270e+02
   2.2712089e+01
   4.5857066e+02
   2.6405464e+01
   8.0389157e+01
  -1.0851195e+01
   3.3166920e+02
   2.0330426e+02
   3.3828429e+02
   7.2737693e+01
   2.4668915e+01
   6.4389937e+01
   2.4838633e+02
   4.0180233e+02
   4.3118015e+02
   2.4144296e+02
   3.2667532e+02
   1.7266239e+02
   3.5453013e+02
   2.2599891e+02
   2.2118535e+02
   6.5644724e+01
   2.7368508e+02
  -2.1565891e+01
   1.1290411e+02
   1.1741217e+02
   5.4037078e+01
   2.4282521e+02
   7.4691600e+01
   1.9763728e+02
   2.2797738e+02
   4.6878291e+02
   5.0377462e+02
   3.5085882e+02
   1.9876919e+01
   1.0149527e+02
   1.1189531e+02
   4.8674208e+02
   3.3885885e+02
   1.2588594e+01
   4.3094660e+02
   5.1507309e+02
   1.5551175e+02
   1.0297072e+02
   2.9587330e+02
   2.9620083e+02
   4.9236922e+02
   2.4002105e+02
   4.9020871e+01
   4.3901960e+02
   3.1050372e+02
   5.0039012e+02
   3.4351344e+01
   3.8968682e+02
   4.4472542e+02
   4.9245957e+02
  -2.4137130e+01
   4.7190047e+01
   5.1734933e+02
   4.1904538e+02
   1.4445920e+01
   2.8567310e+02
   4.0937678e+02
   4.2479551e+02
   3.7263230e+00
   1.4469362e+02
   4.9669116e+02
   4.1946562e+02
   3.2473548e+02
   2.8343983e+02
   3.0871057e+02
   4.6935559e+02
   2.9998948e+02
   2.0238536e+02
   3.4703765e+02
   5.3714318e+02
   8.0063956e+01
   2.4739231e+02
   1.3809923e+02
   3.6304284e+02
   1.9574693e+02
   2.7300210e+01
   1.2440467e+02
   4.3820072e+02
   4.9622701e+02
   2.4431767e+02
   2.8668121e+02
   4.7437522e+02
   5.0694793e+02
   3.7162622e+01
   8.2076184e+01
   5.3236621e+02
   4.8306707e+02
   2.9885245e+02
   4.5402830e+02
   5.4422418e+02
   1.8083251e+02
   3.9435991e+02
   4.3719175e+02
   8.7017775e+01
   3.9042613e+02
   4.3935058e+02
   4.7085330e+02
   5.4637754e+01
   6.0895473e+01
   1.4068175e+02
  -9.7496788e+00
   8.3913383e+01
   1.9831814e+02
   1.5674450e+02
   1.4852221e+02
   1.1176598e+02
   4.8383394e+02
   2.7577360e+02
   4.3109610e+02
   4.8804616e+02
   4.6009590e+02
   5.4274082e+02
   3.4832391e+01
   2.2389492e+02
  -4.5091918e+00
   5.3658444e+02
  -4.4935045e+00
   2.5014290e+02
   4.5417667e+02
   4.2461190e+02
   2.3337680e+02
   1.7268021e+02
   1.3872046e+02
   4.2714246e+02
   2.3321231e+02
   5.5803688e+01
   1.5375394e+02
   5.0320979e+02
   2.1581329e+02
   3.8975134e+02
   4.8340013e+02
   3.6773415e+02
   4.9598057e+02
   4.3652525e+01
   6.9769346e+01
   1.1513923e+02
   2.8161209e+02
   1.8218923e+02
   1.5699967e+02
   5.3367360e+02
   3.8751139e+02
   3.2920246e+02
   4.3982979e+02
  -1.7510520e+01
   3.3943026e+02
   2.1789122e+02
   1.2444394e+02
   1.8050482e+02
   7.4048788e+00
   4.4360307e+02
   9.8949339e+01
   2.1150311e+02
   4.7152396e+02
   5.2902644e+01
   1.2555044e+02
   5.3581758e+02
   1.3443491e+02
   4.1580033e+02
   1.4978401e+02
   2.8626536e+02
   4.4674016e+02
   1.2196006e+02
   3.7662078e+00
   3.8612211e+02
   5.2920481e+01
   2.4474007e+02
   1.2728903e+02
   2.7445105e+02
   6.1709250e+01
   9.4465308e+00
   4.9524033e+02
   3.2876647e+02
   4.1196910e+02
   9.0809334e+01
  -1.3261326e+01
   1.8084138e+02
   1.9268444e+02
   1.7932894e+02
   1.4247512e+00
   2.1497714e+01
   3.6293322e+02
   2.9768876e+02
   5.3579656e+02
   1.5475396e+02
   7.7283369e+01
   9.2360997e+01
   8.9900291e+01
   1.9150872e+02
   1.5538321e+01
   6.5188681e+01
   4.1196213e+02
   6.8797044e+01
   5.4739123e+02
   3.9877096e+02
   4.4169407e+02
   4.1866598e+02
   1.4966554e+02
   1.2543429e+02
   3.4577654e+02
   4.4766549e+02
   4.1473176e+02
   3.8460672e+01
   1.0583225e+02
   3.7356681e+02
   2.1642869e+01
   1.8296344e+02
   2.6743280e+02
   2.0625769e+02
   3.4336995e+02
   3.3267577e+02
   5.1647940e+02
  -1.3326380e+01
  -1.1910589e+01
   1.9569159e+02
   1.7053102e+02
   3.9315978e+02
   1.1865615e+02
   4.5033044e+02
   1.1029261e+02
   1.8716132e+01
   2.1040841e+02
   5.1333236e+02
  -1.0949381e+01
   3.6314976e+02
   3.6694943e+01
   3.5408025e+02
   3.5036345e+01
   3.9078101e+02
   5.6678222e+01
   1.9234072e+02
   5.0883698e+02
   4.3250961e+02
   2.9716544e+02
   5.3775716e+02
   3.9811838e+02
   8.9304247e+01
   2.1972540e+02
   3.5527555e+02
   4.4135983e+02
   5.1028416e+02
   7.3256473e+01
   9.0754347e+01
   1.7781178e+02
   5.5027241e+02
   4.4785603e+02
  -2.2127428e+01
   4.5223933e+02
   4.2969697e+02
   1.4652048e+02
   5.3534162e+02
   1.5983667e+02
   2.2566694e+02
   4.7249822e+02
   1.3877995e+02
   4.2773935e+02
   5.4575584e+02
   4.3182755e+01
   2.4162910e+02
   6.4166048e+01
   3.7980417e+02
   2.6814640e+02
   3.3977183e+02
   1.9184129e+02
   3.1995516e+02
   5.2864378e+02
   1.2632857e+02
   8.9906461e+01
   4.9844903e+02
   4.6016885e+02
   5.1170915e+02
   4.5431418e+02
   2.5021981e+02
   3.6845596e+02
   3.8373933e+02
   3.5510888e+01
   3.0267122e+02
   5.3902579e+02
   1.5929177e+02
   5.0215355e+02
  -2.6366728e+01
   5.4606724e+02
   1.2078033e+02
   2.3430462e+02
   5.1269554e+02
   3.0800429e+02
   1.8078422e+02
   1.6790512e+02
   1.6779524e+02
   4.3652744e+02
   2.6274129e+02
   2.4520211e+02
  -2.7662247e+00
   5.0328261e+02
   3.1614257e+02
   2.0503356e+02
   1.1255213e+02
   5.7448470e+01
   4.9098075e+02
   5.2060750e+02
   3.5470441e+02
   4.9623166e+02
   1.2376765e+02
   4.2261008e+02
   1.8971516e+02
   4.6312323e+02
   2.0819393e+02
   1.4988603e+02
   5.3096068e+02
   9.8653527e+00
   2.8340162e+02
   3.0583861e+02
   1.5844631e+02
   2.6851316e+02
   3.1057882e+02
   2.8734665e+02
   1.3466023e+02
   1.0120773e+02
   2.1348224e+01
  -1.8632689e+01
   4.4677416e+02
   1.4493599e+02
   2.2753391e+02
   1.0845994e+01
   1.5393719e+02
   4.0767713e+01
   5.1048661e+02
   4.1957084e+02
   3.0682490e+02
   3.3387075e+02
   1.0633192e+02
   3.3052756e+02
   3.0544633e+02
   1.8372821e+02
   3.0339472e+02
  -2.2104974e+01
   9.0793776e+01
   2.5865742e+02
   2.4298388e+02
   7.0859828e+01
   4.4652397e+02
   5.2281205e+02
   4.6948771e+02
   3.4783658e+02
   4.7024763e+02
   1.3057082e+02
   4.0604153e+02
   6.1960998e+01
   2.9860295e+02
   2.9923314e+02
   1.8287621e+02
   8.4507227e+01
   2.9497454e+02
   3.9223905e+02
   2.3650400e+02
   1.3472539e+02
   3.1939101e+02
   2.5426295e+02
   4.5133400e+02
   3.9884437e+02
   1.7605287e+02
   1.0673715e+02
   3.9865200e+02
   4.6325734e+01
   1.8626890e+02
   1.2984597e+02
   2.6280751e+02
   2.6893836e+02
   4.1127592e+02
   1.5451139e+02
  -6.9593169e+00
   3.4354757e+02
   1.0191884e+01
   4.0560074e+02
   2.7632360e+01
   1.5280121e+02
   2.0938767e+02
   3.0646178e+02
   2.5687680e+02
   2.0992501e+02
   3.5371287e+02
  -2.3891940e+01
   2.6493392e+02
   3.2484940e+02
  -1.5768570e+01
   5.4864308e+02
   3.5075982e+02
   6.9026092e+01
   4.6688910e+02
   5.2275780e+02
   2.4225204e+02
   1.9157285e+02
   1.2019144e+02
   3.8129856e+01
   1.6031779e+02
   4.6559136e+02
   5.0215281e+02
   5.4977349e+00
   3.4260078e+02
   1.4248860e+02
   3.7051342e+02
   4.3476470e+02
   2.6154531e+02
   2.4308088e+02
   4.5883006e+02
   6.9015504e+01
   4.1859345e+02
   5.0677126e+01
   4.2188175e+02
   5.3407934e+02
   3.5785782e+02
   2.4598285e+02
   9.5211272e+01
   4.6523695e+02
   3.3242149e+02
   5.2665449e+02
   6.1614707e+00
   8.4867080e+01
   3.5923874e+02
   4.0090633e+02
   4.0452283e+02
   2.7786738e+02
   2.3195705e+02
   8.0724181e+01
   3.5388708e+02
   4.7798434e+02
   2.6719289e+02
   4.3202611e+01
   3.3727659e+02
   2.6240074e+02
   2.6537117e+02
   2.5448197e+02
   1.6557033e+02
   7.7996960e+01
   5.0433410e+02
   3.7906422e+02
   1.9634983e+02
   1.1862263e+02
  -5.3843272e+00
   3.2545514e+02
   2.6810930e+02
   3.4152915e+02
   4.5229211e+01
   7.1925536e+01
   5.4301967e+02
   4.5099785e+02
   3.7432970e+02
   4.8242005e+02
   3.0207386e+02
   2.0240112e+02
  -1.5895379e+01
   4.1269686e+01
   4.4220632e+02
   4.6147490e+02
   2.1999922e+02
   2.5872932e+02
   3.5477768e+02
   1.0091807e+02
   2.2601207e+01
   5.0723223e+02
   3.7305558e+02
   5.2913573e+02
   1.8309478e+02
   2.3516832e+02
   3.4005916e+02
   1.0475549e+02
   4.0040411e+02
   4.9632672e+02
   2.1723550e+02
   3.0775017e+02
   1.8138918e+02
   4.6593458e+02
   3.7826898e+02
   8.1269328e+01
   4.8065523e+02
   1.4712363e+02
   3.3544537e+00
   3.4547323e+02
   1.2134323e+02
   2.4217116e+02
   2.8242917e+02
   1.4588293e+02
   3.5590700e+02
   2.2537447e+02
   3.6612172e+01
  -1.3705474e+01
   4.0852712e-01
   2.7397463e+01
   5.2271591e+02
   9.6823125e+01
   4.3357481e+02
   4.6104258e+02
   2.6660340e+02
   3.7137408e+02
  -3.9462846e+00
   2.6293192e+02
   5.3311088e+02
   4.8815467e+02
   1.6475448e+02
   2.9641679e+02
   4.6348282e+02
   1.3452276e+02
   1.6667176e+02
   3.3308563e+01
   3.5900207e+02
   2.5304700e+02
   2.0311281e+02
   3.6931333e+02
   5.1789641e+02
   2.5247228e+02
   3.4066207e+02
   2.8706650e+02
   3.4425639e+02
   1.2976979e+02
   3.8436124e+01
   3.4748098e+02
   3.0117798e+02
   1.3512655e+02
   3.9678847e+02
   3.8692482e+02
   4.1088750e+02
   2.2135254e+02
   2.2250458e+02
   3.0030818e+02
   6.0625133e+01
   4.7128481e+02
   2.3486997e+02
   1.8043050e+02
   2.2077222e+02
   2.8385856e+02
   6.2705460e+00
   4.5772303e+02
   2.7602292e+01
   4.1139172e+01
   3.4694121e+01
   6.5775814e+01
   2.1671212e+02
   3.4249763e+02
   2.5389042e+02
   2.3883361e+02
   1.1704154e+01
   2.4410165e+02
   1.7873057e+02
   5.2506423e+02
   1.2545859e+02
   1.7532767e+02
   2.3072844e+02
  -2.5532413e+01
   4.7166571e+02
   1.2396298e+01
   3.9400568e+02
   4.5978972e+02
   4.3609924e+02
   6.1806224e+01
   4.4529621e+02
   6.6305188e+01
   1.9927010e+02
   1.5308901e+02
   2.9561371e+02
   4.2973253e+02
   1.0646667e+02
   3.3288101e+01
   1.1940617e+02
   4.7873281e+02
   2.2033957e+01
   4.2309448e+02
   5.3256029e+02
   1.4124925e+02
   3.5628486e+02
   2.7593235e+02
   4.6501186e+02
   4.4172465e+02
   5.2206247e+02
   1.4499698e+01
   5.4029304e+02
   3.7013239e+02
   5.3745590e+02
   8.3605891e+01
   4.3833021e+00
  -1.3299965e+01
   4.9363859e+02
   2.9603232e+02
   4.6919531e+02
   1.2224937e+02
   2.3768942e+02
   2.4850165e+02
   4.0455410e+02
   1.5701019e+02
   4.8687956e+02
   2.8624702e+02
   6.3994327e+01
   1.1106057e+02
   3.0465739e+02
   2.1159024e+02
   4.9087046e+02
   3.2945002e+01
  -1.4714798e+01
   3.2738927e+02
   2.5085503e+02
   5.2403570e+02
   3.1208393e+02
   3.2742672e+02
   4.3095700e+02
   3.0893417e+02
   3.1847184e+02
   4.0396308e+01
   4.7877465e+02
   3.3476879e+02
   2.8785217e+02
   1.3345865e+02
   1.4453574e+02
   3.5890317e+02
   4.7460127e+02
   1.3473049e+02
   2.9551403e+02
   3.6833713e+02
   3.5816533e+02
   7.0324433e+00
   1.0408182e+02
   1.0501498e+02
   1.8401613e+02
   2.5277608e+02
   5.3551094e+01
  -2.4756750e+01
   1.1159332e+02
   3.2043270e+02
   3.3191948e+01
   3.4554349e+02
   2.1798948e+02
   1.6024570e+01
   3.6685677e+02
   3.1022596e+02
   9.1165476e+01
   4.7625466e+02
   6.8636907e+01
   5.3271936e+02
   3.7683158e+02
   4.6727421e+02
   1.7079061e+02
   6.0937316e+01
   5.0354194e+02
   1.6103585e+02
   3.2239734e+02
   2.4100149e+02
   4.9456508e+01
   1.7548485e+02
   1.7621790e+02
   5.2827289e+02
   1.5627847e+02
   1.7159192e+02
   4.3555654e+02
   1.9097700e+02
   1.8309259e+01
   2.5633779e+00
   6.6022597e+01
   1.4087332e+02
   8.7205336e+01
   1.4812011e+02
   4.6702629e+02
   2.2240914e+02
   5.3104152e+02
  -1.0121289e+00
   2.2990451e+02
  -4.8976131e+00
   2.8390692e+02
   5.4080621e+02
   2.3857082e+02
   2.5688935e+02
   4.5699661e+02
   4.8851623e+02
   3.7006798e+02
   2.0946049e+02
   3.6334494e+02
   6.1529614e+01
   8.2421855e+01
   1.4958336e+02
   9.7568487e+01
   8.9613798e+01
   5.3062504e+02
   4.6312705e+01
   3.8609832e+02
   4.8542141e+02
   3.9139798e+02
   1.8072589e+02
   6.2276876e+01
   1.7791244e+02
   2.9537490e+02
   4.5838538e+02
   2.5750145e+02
   1.8473928e+02
   4.4829153e+02
   3.8770570e+02
   3.3851238e+02
   4.6644739e+02
   4.0595740e+02
   7.7601158e+01
   3.6494235e+02
   2.7734165e+02
   3.1258192e+02
   1.8243813e+02
   4.6976347e+02
   5.4385785e+02
   2.1710979e+02
   3.3487877e+02
   6.5437164e+01
   7.6312454e+01
   9.9500340e+00
   5.4607334e+02
   1.6572896e+02
   1.6969845e+02
   4.0120070e+02
   5.1095378e+02
   2.4513249e+02
   6.6989405e+00
   3.4674812e+02
   1.9171457e+02
   3.9744483e+02
   2.6387643e+02
   5.1325428e+02
   3.6011995e+02
   1.9319182e+02
   3.5299989e+02
   8.9147436e+01
   3.0195921e+02
   3.7219940e+02
   2.8454946e+02
   3.1158317e+02
   2.5704127e+01
   8.9065477e+01
   1.1285919e+02
   4.0595826e+01
   2.6428007e+01
   2.2971127e+02
   1.0480748e+02
   4.8680249e+02
   2.5474665e+02
   3.4845104e+02
   4.6854317e+02
   1.1891074e+02
   1.0917014e+02
   4.7808703e+02
   1.7431008e+02
   1.7233392e+02
   4.0473908e+02
   1.7745587e+02
   6.6710075e+01
   3.0228536e+02
   1.0913747e+02
   1.0286216e+02
   1.1357999e+02
   3.5532980e+02
   2.2897201e+02
  -7.6328182e+00
   1.6508602e+02
   2.6156666e+02
   1.4875794e+02
   1.2997211e+02
   5.1513209e+02
   4.8574132e+02
   2.0449298e+02
   4.1395777e+01
   1.3388657e+02
   3.7277431e+02
   4.3850029e+01
   2.5016163e+02
   4.2854725e+02
   9.0145382e+01
   4.3771281e+02
   3.6339615e+02
   2.2063208e+02
   3.1302477e+02
   2.7902823e+01
   2.2998708e+02
   1.4728566e+02
   3.2848442e+02
   2.4224853e+02
   5.1378857e+02
   3.3157593e+02
   4.5536351e+01
   3.9919252e+01
   4.9466904e+02
   2.1772208e+02
   1.3755244e+02
   3.9941033e+02
  -1.3607627e+01
   4.3345478e+02
   3.3029565e+02
   4.2233385e+02
   1.1781848e+02
   5.1018802e+01
   5.3948735e+02
   7.7278592e+01
   4.7252829e+02
   4.7252408e+02
   2.6105666e+02
   2.2133262e+02
   3.7502638e+02
   3.9642748e+02
   1.1242118e+02
   2.0969892e+02
   4.8271759e+02
   5.4958676e+02
   1.6752561e+02
   8.1472170e+01
  -1.0648997e+01
   5.3323809e+02
   5.1938162e+02
   3.4764266e+02
   5.0436709e+02
   1.7961890e+02
   4.8017443e+02
   1.3475450e+02
   1.4918238e+02
   1.4129190e+02
   6.7073005e+01
   4.6565400e+02
   2.4639654e+02
   1.5324552e+02
   4.6047550e+02
   2.4102089e+02
   4.7196632e+02
   1.4278500e+02
   4.2564952e+02
   1.5651697e+02
   4.0666422e+02
   4.2597332e+02
   1.9708261e+02
   5.1939415e+02
   4.9045731e+02
   1.4967217e+02
  -2.0660408e+01
   3.5786906e+02
   9.3049252e+01
   4.0190045e+02
   1.7926633e+02
   3.5173841e+02
   3.2980278e+02
   3.7760548e+01
   1.8328683e+02
   4.4425804e+02
   3.7249506e+02
   2.1008798e+02
   9.0045267e+01
   4.6777429e+02
   5.3278396e+01
   4.3963839e+02
   3.9094099e+02
   9.8121548e+01
   2.2767754e+02
   3.9055189e+01
   7.7785455e+01
   1.8030173e+02
   1.6817861e+01
   4.5870636e+02
   2.3868078e+02
   3.9641871e+02
   5.0136117e+02
   3.2342363e+02
   2.8763972e+02
   5.2753079e+02
   5.2404084e+02
   3.0902246e+02
   1.5456150e+02
   7.7539400e+01
   3.6699198e+02
   2.0551204e+02
   1.3019110e+02
  -2.1221921e+01
   2.0763261e+02
   1.3503824e+02
   1.7530939e+02
   3.9690290e+02
   4.6464229e+02
  -2.3711245e+01
   3.7623572e+02
   3.4596336e+02
   9.0591445e+01
   2.3370265e+02
   3.2210704e+02
   5.1109145e+02
   2.0791572e+02
   2.7108208e+02
   4.7061577e+01
   3.4263222e+02
   4.2298779e+02
   2.2108302e+02
   4.5208295e+02
   4.9137803e+01
   5.1927988e+02
   6.4463095e+01
   5.2901826e+02
   2.8532777e+02
   3.3082236e+02
   8.1364436e+00
   1.6817452e+02
   5.4855455e+02
   2.6456529e+02
   1.8075702e+02
   4.6075287e+02
   2.9875629e+02
   2.4401535e+02
   7.6594682e+01
   4.7634749e+02
   4.7646487e+02
   2.6861407e+02
   1.6593873e+02
   2.4875318e+02
   5.1417072e+02
   2.8509016e+02
   1.6624177e+02
   4.3554357e+02
  -9.8775292e+00
   4.5612600e+02
   2.6391729e+02
   1.8508663e+02
   1.0481952e+02
   2.9976657e+02
   1.6712855e+02
   2.2137937e+02
   2.0136126e+02
   3.5637656e+02
   3.5167138e+02
   9.6343796e+01
   6.1438329e+01
   4.8475702e+02
   7.5166550e+01
   1.9999963e+02
   7.8666903e+01
   5.2291917e+02
   1.2931657e+02
   4.4593479e+00
   3.1388703e+02
   4.4920145e+02
   9.4965966e+01
   5.0921628e+02
   1.6275043e+02
   4.4961645e+02
   4.0974750e+02
   2.3085579e+02
   1.1217415e+02
   3.5574674e+02
   4.2223908e+02
   4.9220716e+02
  -2.2640401e+01
   2.0319687e+02
   5.4269033e+02
   2.9399142e+02
  -1.2707196e+01
   1.6163018e+02
   4.4998432e+02
   5.0653381e+02
   1.9736927e+01
   4.5468522e+02
   3.6771533e+02
   3.2124263e+02
   3.2198853e+02
   6.1529509e+01
   4.5287011e+02
   5.1870453e+01
   1.1008864e+02
   3.8621192e+02
   3.4693534e+02
   2.9208534e+02
   5.4431448e+02
  -2.2838137e+01
   4.5811374e+02
   2.8405039e+02
   4.6278086e+02
   4.7853439e+02
  -3.2213123e+00
   5.3063482e+02
   2.3818532e+02
   4.8157212e+02
   3.5332620e+02
   4.5623642e+02
   7.1609059e+01
   9.1093523e+01
   3.7160170e+02
   5.5603692e+01
   3.5657961e+02
   3.8255722e+02
   5.2445437e+02
   4.6824922e+02
   4.2080391e+02
   5.2739913e+02
   4.4649332e+02
   4.7366394e+02
   2.5136538e+02
   5.4186428e+02
   3.4693257e+02
   1.3987425e+02
   6.6708015e+01
   3.4788402e+02
   1.3738896e+02
   2.9215350e+02
   2.3904270e+02
   2.2712089e+01
   4.5857066e+02
   2.6405464e+01
   8.0389157e+01
  -1.0851195e+01
   3.3166920e+02
   2.0330426e+02
   3.3828429e+02
   7.2737693e+01
   2.4668915e+01
   6.4389937e+01
   2.4838633e+02
   4.0180233e+02
   4.3118015e+02
   2.4144296e+02
   3.2667532e+02
   1.7266239e+02
   3.5453013e+02
   2.2599891e+02
   2.2118535e+02
   6.5644724e+01
   2.7368508e+02
  -2.1565891e+01
   1.1290411e+02
   1.1741217e+02
   5.4037078e+01
   2.4282521e+02
   7.4691600e+01
   1.9763728e+02
   2.2797738e+02
   4.6878291e+02
   5.0377462e+02
   3.5085882e+02
   1.9876919e+01
   1.0149527e+02
   1.1189531e+02
   4.8674208e+02
   3.3885885e+02
   1.2588594e+01
   4.3094660e+02
   5.1507309e+02
   1.5551175e+02
   1.0297072e+02
   2.9587330e+02
   2.9620083e+02
   4.9236922e+02
   2.4002105e+02
   4.9020871e+01
   4.3901960e+02
   3.1050372e+02
   5.0039012e+02
   3.4351344e+01
   3.8968682e+02
   4.4472542e+02
   4.9245957e+02
  -2.4137130e+01
   4.7190047e+01
   5.1734933e+02
   4.1904538e+02
   1.4445920e+01
   2.8567310e+02
   4.0937678e+02
   4.2479551e+02
   3.7263230e+00
   1.4469362e+02
   4.9669116e+02
   4.1946562e+02
   3.2473548e+02
   2.8343983e+02
   3.0871057e+02
   4.6935559e+02
   2.9998948e+02
   2.0238536e+02
   3.4703765e+02
   5.3714318e+02
   8.0063956e+01
   2.4739231e+02
   1.3809923e+02
   3.6304284e+02
   1.9574693e+02
   2.7300210e+01
   1.2440467e+02
   4.3820072e+02
   4.9622701e+02
   2.4431767e+02
   2.8668121e+02
   4.7437522e+02
   5.0694793e+02
   3.7162622e+01
   8.2076184e+01
   5.3236621e+02
   4.8306707e+02
   2.9885245e+02
   4.5402830e+02
   5.4422418e+02
   1.8083251e+02
   3.9435991e+02
   4.3719175e+02
   8.7017775e+01
   3.9042613e+02
   4.3935058e+02
   4.7085330e+02
   5.4637754e+01
   6.0895473e+01
   1.4068175e+02
  -9.7496788e+00
   8.3913383e+01
   1.9831814e+02
   1.5674450e+02
   1.4852221e+02
   1.1176598e+02
   4.8383394e+02
   2.7577360e+02
   4.3109610e+02
   4.8804616e+02
   4.6009590e+02
   5.4274082e+02
   3.4832391e+01
   2.2389492e+02
  -4.5091918e+00
   5.3658444e+02
  -4.4935045e+00
   2.5014290e+02
   4.5417667e+02
   4.2461190e+02
   2.3337680e+02
   1.7268021e+02
   1.3872046e+02
   4.2714246e+02
   2.3321231e+02
   5.5803688e+01
   1.5375394e+02
   5.0320979e+02
   2.1581329e+02
   3.8975134e+02
   4.8340013e+02
   3.6773415e+02
   4.9598057e+02
   4.3652525e+01
   6.9769346e+01
   1.1513923e+02
   2.8161209e+02
   1.8218923e+02
   1.5699967e+02
   5.3367360e+02
   3.8751139e+02
   3.2920246e+02
   4.3982979e+02
  -1.7510520e+01
   3.3943026e+02
   2.1789122e+02
   1.2444394e+02
   1.8050482e+02
   7.4048788e+00
   4.4360307e+02
   9.8949339e+01
   2.1150311e+02
   4.7152396e+02
   5.2902644e+01
   1.2555044e+02
   5.3581758e+02
   1.3443491e+02
   4.1580033e+02
   1.4978401e+02
   2.8626536e+02
   4.4674016e+02
   1.2196006e+02
   3.7662078e+00
   3.8612211e+02
   5.2920481e+01
   2.4474007e+02
   1.2728903e+02
   2.7445105e+02
   6.1709250e+01
   9.4465308e+00
   4.9524033e+02
   3.2876647e+02
   4.1196910e+02
   9.0809334e+01
  -1.3261326e+01
   1.8084138e+02
   1.9268444e+02
   1.7932894e+02
   1.4247512e+00
   2.1497714e+01
   3.6293322e+02
   2.9768876e+02
   5.3579656e+02
   1.5475396e+02
   7.7283369e+01
   9.2360997e+01
   8.9900291e+01
   1.9150872e+02
   1.5538321e+01
   6.5188681e+01
   4.1196213e+02
   6.8797044e+01
   5.4739123e+02
   3.9877096e+02
   4.4169407e+02
   4.1866598e+02
   1.4966554e+02
   1.2543429e+02
   3.4577654e+02
   4.4766549e+02
   4.1473176e+02
   3.8460672e+01
   1.0583225e+02
   3.7356681e+02
   2.1642869e+01
   1.8296344e+02
   2.6743280e+02
   2.0625769e+02
   3.4336995e+02
   3.3267577e+02
   5.1647940e+02
  -1.3326380e+01
  -1.1910589e+01
   1.9569159e+02
   1.7053102e+02
   3.9315978e+02
   1.1865615e+02
   4.5033044e+02
   1.1029261e+02
   1.8716132e+01
   2.1040841e+02
   5.1333236e+02
  -1.0949381e+01
   3.6314976e+02
   3.6694943e+01
   3.5408025e+02
   3.5036345e+01
   3.9078101e+02
   5.6678222e+01
   1.9234072e+02
   5.0883698e+02
   4.3250961e+02
   2.9716544e+02
   5.3775716e+02
   3.9811838e+02
   8.9304247e+01
   2.1972540e+02
   3.5527555e+02
   4.4135983e+02
   5.1028416e+02
   7.3256473e+01
   9.0754347e+01
   1.7781178e+02
   5.5027241e+02
   4.4785603e+02
  -2.2127428e+01
   4.5223933e+02
   4.2969697e+02
   1.4652048e+02
   5.3534162e+02
   1.5983667e+02
   2.2566694e+02
   4.7249822e+02
   1.3877995e+02
   4.2773935e+02
   5.4575584e+02
   4.3182755e+01
   2.4162910e+02
   6.4166048e+01
   3.7980417e+02
   2.6814640e+02
   3.3977183e+02
   1.9184129e+02
   3.1995516e+02
   5.2864378e+02
   1.2632857e+02
   8.9906461e+01
   4.9844903e+02
   4.6016885e+02
   5.1170915e+02
   4.5431418e+02
   2.5021981e+02
   3.6845596e+02
   3.8373933e+02
   3.5510888e+01
   3.0267122e+02
   5.3902579e+02
   1.5929177e+02
   5.0215355e+02
  -2.6366728e+01
   5.4606724e+02
   1.2078033e+02
   2.3430462e+02
   5.1269554e+02
   3.0800429e+02
   1.8078422e+02
   1.6790512e+02
   1.6779524e+02
   4.3652744e+02
   2.6274129e+02
   2.4520211e+02
  -2.7662247e+00
   5.0328261e+02
   3.1614257e+02
   2.0503356e+02
   1.1255213e+02
   5.7448470e+01
   4.9098075e+02
   5.2060750e+02
   3.5470441e+02
   4.9623166e+02
   1.2376765e+02
   4.2261008e+02
   1.8971516e+02
   4.6312323e+02
   2.0819393e+02
   1.4988603e+02
   5.3096068e+02
   9.8653527e+00
   2.8340162e+02
   3.0583861e+02
   1.5844631e+02
   2.6851316e+02
   3.1057882e+02
   2.8734665e+02
   1.3466023e+02
   1.0120773e+02
   2.1348224e+01
  -1.8632689e+01
   4.4677416e+02
   1.4493599e+02
   2.2753391e+02
   1.0845994e+01
   1.5393719e+02
   4.0767713e+01
   5.1048661e+02
   4.1957084e+02
   3.0682490e+02
   3.3387075e+02
   1.0633192e+02
   3.3052756e+02
   3.0544633e+02
   1.8372821e+02
   3.0339472e+02
  -2.2104974e+01
   9.0793776e+01
   2.5865742e+02
   2.4298388e+02
   7.0859828e+01
   4.4652397e+02
   5.2281205e+02
   4.6948771e+02
   3.4783658e+02
   4.7024763e+02
   1.3057082e+02
   4.0604153e+02
   6.1960998e+01
   2.9860295e+02
   2.9923314e+02
   1.8287621e+02
   8.4507227e+01
   2.9497454e+02
   3.9223905e+02
   2.3650400e+02
   1.3472539e+02
   3.1939101e+02
   2.5426295e+02
   4.5133400e+02
   3.9884437e+02
   1.7605287e+02
   1.0673715e+02
   3.9865200e+02
   4.6325734e+01
   1.8626890e+02
   1.2984597e+02
   2.6280751e+02
   2.6893836e+02
   4.1127592e+02
   1.5451139e+02
  -6.9593169e+00
   3.4354757e+02
   1.0191884e+01
   4.0560074e+02
   2.7632360e+01
   1.5280121e+02
   2.0938767e+02
   3.0646178e+02
   2.5687680e+02
   2.0992501e+02
   3.5371287e+02
  -2.3891940e+01
   2.6493392e+02
   3.2484940e+02
  -1.5768570e+01
   5.4864308e+02
   3.5075982e+02
   6.9026092e+01
   4.6688910e+02
   5.2275780e+02
   2.4225204e+02
   1.9157285e+02
   1.2019144e+02
   3.8129856e+01
   1.6031779e+02
   4.6559136e+02
   5.0215281e+02
   5.4977349e+00
   3.4260078e+02
   1.4248860e+02
   3.7051342e+02
   4.3476470e+02
   2.6154531e+02
   2.4308088e+02
   4.5883006e+02
   6.9015504e+01
   4.1859345e+02
   5.0677126e+01
   4.2188175e+02
   5.3407934e+02
   3.5785782e+02
   2.4598285e+02
   9.5211272e+01
   4.6523695e+02
   3.3242149e+02
   5.2665449e+02
   6.1614707e+00
   8.4867080e+01
   3.5923874e+02
   4.0090633e+02
   4.0452283e+02
   2.7786738e+02
   2.3195705e+02
   8.0724181e+01
   3.5388708e+02
   4.7798434e+02
   2.6719289e+02
   4.3202611e+01
   3.3727659e+02
   2.6240074e+02
   2.6537117e+02
   2.5448197e+02
   1.6557033e+02
   7.7996960e+01
   5.0433410e+02
   3.7906422e+02
   1.9634983e+02
   1.1862263e+02
  -5.3843272e+00
   3.2545514e+02
   2.6810930e+02
   3.4152915e+02
   4.5229211e+01
   7.1925536e+01
   5.4301967e+02
   4.5099785e+02
   3.7432970e+02
   4.8242005e+02
   3.0207386e+02
   2.0240112e+02
  -1.5895379e+01
   4.1269686e+01
   4.4220632e+02
   4.6147490e+02
   2.1999922e+02
   2.5872932e+02
   3.5477768e+02
   1.0091807e+02
   2.2601207e+01
   5.0723223e+02
   3.7305558e+02
   5.2913573e+02
   1.8309478e+02
   2.3516832e+02
   3.4005916e+02
   1.0475549e+02
   4.0040411e+02
   4.9632672e+02
   2.1723550e+02
   3.0775017e+02
   1.8138918e+02
   4.6593458e+02
   3.7826898e+02
   8.1269328e+01
   4.8065523e+02
   1.4712363e+02
   3.3544537e+00
   3.4547323e+02
   1.2134323e+02
   2.4217116e+02
   2.8242917e+02
   1.4588293e+02
   3.5590700e+02
   2.2537447e+02
   3.6612172e+01
  -1.3705474e+01
   4.0852712e-01
   2.7397463e+01
   5.2271591e+02
   9.6823125e+01
   4.3357481e+02
   4.6104258e+02
   2.6660340e+02
   3.7137408e+02
  -3.9462846e+00
   2.6293192e+02
   5.3311088e+02
   4.8815467e+02
   1.6475448e+02
   2.9641679e+02
   4.6348282e+02
   1.3452276e+02
   1.6667176e+02
   3.3308563e+01
   3.5900207e+02
   2.5304700e+02
   2.0311281e+02
   3.6931333e+02
   5.1789641e+02
   2.5247228e+02
   3.4066207e+02
   2.8706650e+02
   3.4425639e+02
   1.2976979e+02
   3.8436124e+01
   3.4748098e+02
   3.0117798e+02
   1.3512655e+02
   3.9678847e+02
   3.8692482e+02
   4.1088750e+02
   2.2135254e+02
   2.2250458e+02
   3.0030818e+02
   6.0625133e+01
   4.7128481e+02
   2.3486997e+02
   1.8043050e+02
   2.2077222e+02
   2.8385856e+02
   6.2705460e+00
   4.5772303e+02
   2.7602292e+01
   4.1139172e+01
   3.4694121e+01
   6.5775814e+01
   2.1671212e+02
   3.4249763e+02
   2.5389042e+02
   2.3883361e+02
   1.1704154e+01
   2.4410165e+02
   1.7873057e+02
   5.2506423e+02
   1.2545859e+02
   1.7532767e+02
   2.3072844e+02
  -2.5532413e+01
   4.7166571e+02
   1.2396298e+01
   3.9400568e+02
   4.5978972e+02
   4.3609924e+02
   6.1806224e+01
   4.4529621e+02
   6.6305188e+01
   1.9927010e+02
   1.5308901e+02
   2.9561371e+02
   4.2973253e+02
   1.0646667e+02
   3.3288101e+01
   1.1940617e+02
   4.7873281e+02
   2.2033957e+01
   4.2309448e+02
   5.3256029e+02
   1.4124925e+02
   3.5628486e+02
   2.7593235e+02
   4.6501186e+02
   4.4172465e+02
   5.2206247e+02
   1.4499698e+01
   5.4029304e+02
   3.7013239e+02
   5.3745590e+02
   8.3605891e+01
   4.3833021e+00
  -1.3299965e+01
   4.9363859e+02
   2.9603232e+02
   4.6919531e+02
   1.2224937e+02
   2.3768942e+02
   2.4850165e+02
   4.0455410e+02
   1.5701019e+02
   4.8687956e+02
   2.8624702e+02
   6.3994327e+01
   1.1106057e+02
   3.0465739e+02
   2.1159024e+02
   4.9087046e+02
   3.2945002e+01
  -1.4714798e+01
   3.2738927e+02
   2.5085503e+02
   5.2403570e+02
   3.1208393e+02
   3.2742672e+02
   4.3095700e+02
   3.0893417e+02
   3.1847184e+02
   4.0396308e+01
   4.7877465e+02
   3.3476879e+02
   2.8785217e+02
   1.3345865e+02
   1.4453574e+02
   3.5890317e+02
   4.7460127e+02
   1.3473049e+02
   2.9551403e+02
   3.6833713e+02
   3.5816533e+02
   7.0324433e+00
   1.0408182e+02
   1.0501498e+02
   1.8401613e+02
   2.5277608e+02
   5.3551094e+01
  -2.4756750e+01
   1.1159332e+02
   3.2043270e+02
   3.3191948e+01
   3.4554349e+02
   2.1798948e+02
   1.6024570e+01
   3.6685677e+02
   3.1022596e+02
   9.1165476e+01
   4.7625466e+02
   6.8636907e+01
   5.3271936e+02
   3.7683158e+02
   4.6727421e+02
   1.7079061e+02
   6.0937316e+01
   5.0354194e+02
   1.6103585e+02
   3.2239734e+02
   2.4100149e+02
   4.9456508e+01
   1.7548485e+02
   1.7621790e+02
   5.2827289e+02
   1.5627847e+02
   1.7159192e+02
   4.3555654e+02
   1.9097700e+02
   1.8309259e+01
   2.5633779e+00
   6.6022597e+01
   1.4087332e+02
   8.7205336e+01
   1.4812011e+02
   4.6702629e+02
   2.2240914e+02
   5.3104152e+02
  -1.0121289e+00
   2.2990451e+02
  -4.8976131e+00
   2.8390692e+02
   5.4080621e+02
   2.3857082e+02
   2.5688935e+02
   4.5699661e+02
   4.8851623e+02
   3.7006798e+02
   2.0946049e+02
   3.6334494e+02
   6.1529614e+01
   8.2421855e+01
   1.4958336e+02
   9.7568487e+01
   8.9613798e+01
   5.3062504e+02
   4.6312705e+01
   3.8609832e+02
   4.8542141e+02
   3.9139798e+02
   1.8072589e+02
   6.2276876e+01
   1.7791244e+02
   2.9537490e+02
   4.5838538e+02
   2.5750145e+02
   1.8473928e+02
   4.4829153e+02
   3.8770570e+02
   3.3851238e+02
   4.6644739e+02
   4.0595740e+02
   7.7601158e+01
   3.6494235e+02
   2.7734165e+02
   3.1258192e+02
   1.8243813e+02
   4.6976347e+02
   5.4385785e+02
