   3.2147456e+02
   4.8970567e+02
   1.6302203e+02
   5.6755106e+01
   6.1344368e+02
   6.3776733e+02
   8.1879888e+01
   3.7337528e+02
   4.7263917e+02
   4.1498379e+02
   1.9478794e+02
   3.3948736e+01
   5.4098212e+02
   3.5570865e+02
   6.1670162e+02
   3.7539920e+01
   2.9661808e+02
   1.7254824e+02
   5.8478440e+02
   6.1678044e+02
   1.9628237e+02
   4.7817133e+02
   1.2942013e+02
   2.9358478e+02
   1.8683393e+02
   3.7568667e+02
   3.5022561e+02
   4.0150025e+02
   1.0108944e+02
   6.0173729e+01
   1.8726207e+02
   2.1401543e+02
   7.9317336e+01
   1.3871633e+02
   6.0388908e+02
   7.0533483e+01
   4.0746139e+02
   3.4430704e+02
   3.4309886e+02
   2.8416070e+01
   5.3360630e+02
   3.6507740e+01
   2.3150915e+02
   6.0796201e+02
   4.7186670e+02
   5.7514761e+02
   6.0093494e+02
   4.6884341e+01
   5.5571625e+02
   2.3002497e+02
   9.1316452e+01
   5.0423890e+02
   4.6029639e+02
   1.4348005e+02
   1.1742095e+02
   2.9840131e+02
   1.6486798e+02
   6.0495502e+02
   6.2135884e+02
   8.4731472e+01
   4.0344985e+02
   3.0079092e+02
   4.5175551e+02
   3.7450612e+01
   8.2083631e+01
   1.1911273e+00
  -2.7815443e+01
   5.1870122e+02
   1.2536874e+02
   2.9443831e+02
   3.6786379e+02
   5.7928833e+02
   2.8810759e+01
   4.4790275e+02
   2.2722997e+02
   4.2942500e+02
   6.2348334e+02
   2.0239353e+02
   4.8788601e+02
   3.0258174e+02
   2.7780143e+02
   6.1450382e+02
   2.7720477e+02
   5.4548676e+02
   6.0206505e+02
  -1.3504105e+01
   3.5204848e+02
   5.1365637e+02
   3.8865619e+02
  -1.4737028e+01
   2.2451026e+01
   5.0832430e+02
   3.1928711e+02
   1.4004665e+02
   7.3501837e+01
   1.6777284e+02
   1.3500148e+01
   4.1850599e+02
   1.9292842e+02
  -2.9273354e+01
   6.0692180e+01
   5.6323409e+02
   1.1909092e+02
   2.2482456e+02
   3.4891741e+02
   3.1698724e+02
   2.4232677e+02
   5.7899823e+02
   6.0174474e+02
   2.3228779e+02
   2.3999126e+02
   1.1841921e+02
   5.3348827e+02
   3.7491290e+02
   1.0507555e+02
   4.2531841e+02
   3.7630336e+02
   4.7701669e+02
   2.6637827e+02
   3.6793219e+02
   6.0237134e+02
   3.6521208e+02
   3.0116523e+02
   1.2904875e+02
   2.4486875e+02
   1.3985546e+02
   4.5204045e+02
   2.1311237e+02
   5.1553617e+02
   5.5103325e+02
   5.1721323e+02
   1.0226505e+02
   5.5086515e+02
  -1.5699391e+01
   7.4738698e+01
   4.6500826e+02
   2.5063099e+02
   6.1356525e+02
   4.9984365e+02
   6.1711499e+02
   1.6709668e+02
   5.4596804e+02
   9.1075568e+01
  -2.9862503e+01
   2.5228629e+02
   5.6608529e+02
   5.2172115e+02
   2.7780436e+02
   4.5409636e+02
   1.7525603e+02
   9.0031848e+01
   3.8839307e+02
   3.2372298e+02
   2.0455693e+02
   9.1251125e+01
   4.2634378e+02
   4.3958807e+02
   3.2890344e+02
   2.8575195e+02
   4.6199145e+02
   5.8024567e+02
   8.6143841e+01
   6.3134183e+02
   1.4324231e+02
   1.6974868e+02
   5.9390727e+01
   4.2703317e+01
   5.7356129e+02
   3.1560173e+02
   2.1588409e+02
   1.2019558e+02
   4.6328648e+02
   1.4167764e+02
   2.4201679e+02
   2.8479032e+02
   3.7145326e+02
   3.6223502e+02
   5.7161502e+02
   4.6743075e+02
   6.0261919e+02
   2.2302595e+02
   6.3074646e+02
   1.6302328e+02
   2.5462213e+02
   5.0591666e+02
   6.0513636e+02
   1.8783777e+02
   6.2255382e+02
   3.4725082e+02
   3.1106157e+02
   2.9036116e+02
   2.4939555e+01
   5.5474470e+02
   7.3860887e+01
   4.8636991e+02
   3.6914523e+02
   2.8887915e+02
   2.9658669e+02
   4.0825475e+02
   1.9698275e+02
   2.3508043e+02
   2.0418672e+02
   2.3505260e+02
   3.4994681e+02
   4.5028238e+02
   1.1597549e+02
   1.7230645e+02
   1.1676216e+02
   2.0379651e+02
   5.4700825e+02
   3.3548128e+02
   3.5791651e+02
   1.0742930e+02
   1.6549502e+02
   1.5382844e+02
   3.8796845e+02
   5.9003901e+02
   3.6789202e+02
   2.6053636e+02
   6.2581629e+02
   2.7604719e+02
   3.1326510e+02
   1.2304610e+02
   5.1771380e+02
   1.1054315e+01
   2.8440057e+02
   3.9694268e+02
   1.1443980e+02
   4.3727345e+02
   2.6334863e+01
   3.8753939e+02
   1.8076433e+02
   3.7673739e+02
   2.3759078e+01
   1.6935057e+02
   3.3446897e+02
   2.8267697e+02
   5.0969551e+02
   5.3129920e+02
   5.0364727e+02
   1.1477944e+02
   5.6140328e+02
   1.6777292e+02
   1.2367693e+02
   5.2966277e+02
   5.2690673e+02
   1.6256047e+02
   4.6839823e+02
   5.4549539e+01
   8.4117058e+01
   3.3085458e+02
   9.3797455e+01
   1.6960884e+02
   4.3370701e+02
   3.5524844e+02
   2.6790913e+02
   5.0728288e+02
   1.6615728e+02
   1.4828309e+02
   5.5529860e+02
   3.5515174e+02
   1.1503936e+01
   4.7430746e+02
   3.6748485e+02
   2.2542809e+02
   3.0895689e+01
   9.6762645e+01
  -1.8122221e+01
   2.2600527e+01
   3.2264415e+02
   2.1292305e+02
   6.1165819e+02
  -2.4958629e+01
   4.3787335e+02
   1.4770654e+02
   3.1049832e+02
   3.4877374e+02
  -6.8389262e+00
   9.2289818e+01
   6.2227199e+02
   5.1943422e+02
   3.1141916e+02
   1.1282965e+02
   6.1120969e+02
   5.4621158e+02
   2.5082851e+02
   3.2255206e+02
   6.3381671e+02
  -2.4335521e+01
   6.2085485e+02
   3.2732074e+02
   3.8858830e+02
   4.8989237e+02
  -4.0034808e+00
   1.7050697e+02
   1.4519649e+02
   3.5413476e+01
   3.8990463e+02
   5.7833241e+02
   3.3375364e+02
   4.3086678e+02
   2.3012741e+01
   9.6792643e+01
   4.2821950e+02
   2.1175959e+02
   2.0879911e+02
  -1.0923124e+01
   4.5073787e+02
   4.3069797e+02
   2.7875230e+02
   5.3757240e+01
   4.6702737e+02
   5.1536283e+02
   3.0692806e+02
   4.5599654e+02
   4.5518212e+02
   4.6916254e+02
   1.0238980e+02
   8.3905341e+01
   5.4989154e+02
   3.4500238e+02
   1.1457367e+02
   5.9908134e+02
   4.9594391e+01
   9.3172919e+01
   5.5435432e+02
  -1.7514779e+01
   5.2680331e+02
   2.3360604e+02
   1.6430111e+02
   5.1685189e+02
   3.2825253e+02
   2.8471413e+02
   3.0808651e+02
   5.4316848e+02
   4.7737176e+02
   4.3621232e+02
   5.0811617e+02
   2.6963993e+02
   3.0042445e+01
   2.8238147e+02
   8.3273841e+01
   3.9443144e+02
   4.5506976e+01
   1.7904445e+02
   4.6022610e+02
   1.1062068e+02
   3.1766758e+02
   2.2968889e+02
   4.9781200e+02
   2.0569780e+02
   4.7232448e+01
   3.6762262e+02
   2.1943474e+02
  -2.9742703e+01
   5.1195624e+02
   1.0979768e+02
   3.3531528e+01
   3.4410998e+02
   2.7846452e+02
   5.8489088e+02
   5.9727556e+01
   6.2316834e+02
   9.8826565e+01
   1.8832788e+02
   5.8192266e+02
   3.5478632e+02
   2.7130398e+02
   5.1793270e+02
   2.4097497e+02
   5.5688194e+02
   6.2749744e+02
   5.6576506e+02
   3.6888544e+02
  -1.1441535e+01
   1.3396154e+02
   6.1264438e+02
   2.0825510e+01
   6.3726527e+00
   3.6748752e+02
   4.5060059e+02
   2.5589601e+02
   6.3441721e+02
   5.4599224e+01
   6.0871317e+02
   3.6152451e+02
   5.6007025e+02
   2.3248428e+02
   1.2615245e+02
   3.9505941e+02
   5.9926999e+02
   2.8575341e+02
  -9.9168916e+00
   3.3930086e+02
   3.3904702e+02
   2.0823337e+02
   1.7759995e+02
   1.3707509e+02
   9.6221903e+01
   1.2225220e+02
   2.5442265e+02
   1.4882765e+02
   3.8648856e+01
  -1.8498158e+01
   4.8530059e+02
   3.2573642e+02
   4.2791665e+02
   2.4150005e+02
   1.5388012e+02
   3.2793795e+02
   5.9404112e+02
   1.2524663e+02
   6.3623494e+02
   1.3993332e+02
   4.6206435e+02
   3.0029376e+02
   3.0935071e+02
   3.4185369e+01
   1.1584225e+02
   2.3726844e+02
   5.4578901e+02
   3.1362992e+01
   3.3128271e+02
   2.4947451e+02
   4.1249313e+01
   1.3750371e+02
  -1.2462403e+01
   5.1269969e+02
   6.1868211e+02
   2.9106868e+02
   5.6784803e+02
   3.2300157e+02
   9.6798744e+01
   7.1203589e+01
   5.7028277e+01
   5.8561099e+02
  -6.0664041e+00
   3.8706652e+02
   1.1141355e+02
   1.9456554e+02
   5.3831153e+02
   4.2120081e+02
   5.4712793e+02
   8.2718818e+01
   6.0336607e+02
   1.1895895e+02
   2.2185227e+02
   5.6869228e+02
  -1.3790038e+01
   4.7829079e+02
   7.5061762e+01
   4.3763643e+02
   5.4189047e+02
   2.9223912e+02
   4.2030016e+02
   1.7737366e+02
   4.9729527e+02
   1.1150174e+02
  -1.8875496e+01
   5.7212239e+00
   4.1489953e+02
   5.7850698e+02
   2.8406999e+02
   4.3316647e+02
   2.3768823e+02
   2.0862781e+02
   1.1541762e+02
   4.8334966e+02
   1.3343458e+02
   6.0388051e+02
   5.7962366e+02
   1.3596042e+02
   5.0478679e+02
   2.7061308e+02
   2.0525107e+02
   1.2633114e+02
   2.8344490e+02
   2.4241027e+02
   4.2642444e+02
   5.2037846e+02
  -2.6698761e+01
   2.0118655e+02
   7.9249681e+01
   4.0753716e+02
   3.3531380e+02
   5.7602536e+02
   4.3532225e+02
   4.4487532e+02
   5.9395406e+02
   2.7048478e+02
   5.2356310e+02
   1.5903367e+02
   3.3333606e+02
   6.2941214e+02
   1.4824992e+02
   5.8172099e+02
   4.4768589e+02
   3.9069254e+02
   1.4709249e+02
   1.5453748e+02
   2.7294702e+02
   4.8376958e+02
   1.7372340e+02
   5.8125953e+02
   2.3138890e+02
   2.8500409e+02
   4.1041228e+02
   6.1592127e+02
   2.3047219e+02
   5.6265569e+02
   9.9132725e+01
   3.5515010e+02
   2.5957493e+02
   1.1281648e+02
   6.0500624e+02
   2.9047868e+02
   4.0424898e+02
   8.6730296e+01
   1.4312003e+02
   5.1206648e+02
   2.5580480e+02
   1.2074447e+02
   3.4543064e+02
  -1.3774519e+01
  -4.0158625e+00
   1.0251472e+02
   6.3970368e+02
   3.3943970e+02
   3.5175588e+02
   4.4319625e+02
   3.4807969e+01
   4.8189189e+02
   5.7849806e+02
   5.8617943e+02
   5.0211421e+02
   5.0847697e+02
   2.8412903e+02
   5.1315049e+02
   4.0072831e+02
   6.3220937e+02
   4.2594794e+02
  -4.9143706e+00
   2.0671535e+02
   1.5736758e+02
   4.8646461e+02
   4.8808416e+02
   6.4676524e+00
  -1.5493279e+00
   4.1514990e+02
   4.5209153e+02
   5.0632353e+02
   4.4177292e+01
   6.1680970e+01
   1.9458797e+02
   1.9197768e+02
   2.9871678e+01
   1.1229886e+02
   5.9805338e+02
   1.0678648e+01
   5.4138176e+01
   3.0037972e+02
   4.1886418e+02
   5.0033028e+02
   2.7784205e+02
   1.9755750e+01
   9.8274731e+01
   5.5418687e+02
   3.9903561e+02
   2.2603142e+02
   1.1175362e+02
   4.1887305e+02
   4.3083366e+02
   5.0233443e+02
   4.6479883e+02
   8.5954437e+00
   6.1604184e+02
   6.0986803e+02
   3.9609256e+02
   2.0274289e+02
   2.9557637e+02
   9.3900036e+01
   1.8818875e+02
   4.6376140e+02
   6.0728773e+02
   6.2477742e+02
   4.6021990e+02
   6.0761072e+02
   2.8328719e+02
   4.7372215e+02
   5.0760846e+02
   2.6800960e+02
   5.9630016e+02
   3.8266139e+02
   6.3742383e+02
   3.1726493e+02
   1.2059019e+02
   2.6938551e+02
   5.1470116e+02
   5.6086348e+02
   4.5440993e+02
   3.8443927e+02
   4.2851621e+02
   1.7592275e+02
   4.8875244e+02
   4.9071587e+02
   3.4828813e+02
   5.9128910e+02
   1.3858223e+02
   4.8966864e+02
   3.3075744e+02
   8.8251476e+01
   5.7461490e+02
   3.0663478e+02
   5.5398565e+02
   2.4228620e+02
   2.7282008e+01
   2.8551504e+01
   4.5242789e+02
   3.8266847e+02
   4.9426547e+02
   3.6925060e+02
   5.3328367e+02
   4.9911826e+02
   3.1235291e+02
   1.6475079e+02
   8.1703105e+00
   6.0936510e+00
   4.8648667e+02
   1.3341483e+02
   2.3674439e+02
   4.8971122e+02
   1.4764742e+02
   5.4852430e+02
   4.2283096e+02
   6.3823133e+02
   4.6223161e+02
   6.6533283e+01
   4.3336849e+02
   5.6148323e+00
   2.5347559e+02
   4.8467929e+01
   2.8602594e+02
   3.3440045e+02
   1.9983200e+02
   3.6749851e+01
   6.0090711e+02
   2.5199503e+02
   5.8597356e+02
  -1.4985622e+01
   4.7544690e+02
   7.8518866e+01
   1.2645124e+02
   6.0509497e+01
   1.2899882e+02
   5.9931629e+02
   1.1886711e+02
   3.5951402e+02
   1.2005722e+02
   4.3941937e+02
   3.4470470e+02
   7.8136518e+00
   1.7220354e+02
   4.0819950e+02
   6.3518695e+02
   2.7062594e+02
   6.2028824e+02
   1.8820440e+02
   5.9171993e+02
   1.6032377e+02
   4.2540496e+02
   3.5464846e+02
  -1.8614886e+01
   2.3086757e+02
   1.8465272e+02
   3.9110024e+02
   3.0530453e+02
   3.8480135e+02
   3.2162092e+02
   3.2297024e+02
   1.6997534e+02
   2.8719655e+02
   3.3084463e+02
   5.5336702e+02
   3.0945576e+02
   3.4625753e+02
   2.7029771e+02
   3.0234789e+02
   3.6303872e+02
   5.2926078e+02
   7.0710173e+00
   5.1766493e+02
   2.4586688e+02
   4.2397649e+02
   4.9261075e+02
   5.7481007e+02
   4.8166643e+02
   5.6724822e+02
   1.9649208e+02
   1.4675100e+01
   5.2638132e+02
   1.9555976e+02
   6.3441338e+02
   4.2301955e+02
   7.5537933e+00
   2.2368758e+02
   2.9214110e+02
   2.7252147e+02
   2.5786104e+02
   4.9410193e+02
   4.5345027e+02
   5.2783838e+02
   5.9493395e+02
   4.7621216e+02
  -1.1688029e+01
  -5.8384782e+00
   3.9231875e+02
   4.9165283e+02
   3.8127942e+02
   4.9185120e+02
   9.7592015e+01
   5.2618977e+02
   1.6820064e+02
   4.7047501e+01
   8.4751860e+01
   3.2751371e+02
   2.0619721e+02
   2.5205361e+02
   3.5482530e+01
   5.2049158e+02
   4.1932125e+02
   4.6707662e+02
   4.7806349e+02
   6.1343520e+01
   4.5256589e+02
   7.2327542e+00
   5.9117864e+02
   4.8278241e+02
   4.4850834e+02
   4.0376952e+02
   6.3574656e+02
   4.7040691e+02
   5.2220103e+02
   1.5094555e+02
  -1.4412837e+01
   6.1023450e+02
   5.0393174e+02
   2.0137207e+02
   6.0441534e+02
   2.1462711e+02
   1.1000705e+02
   5.4468179e+02
   3.6103651e+02
   7.6521202e+01
   2.1794449e+02
   4.6510130e+02
   3.9466122e+01
   4.4836243e+02
   2.6831822e+02
   8.9504274e+01
  -4.9050564e+00
   2.1151661e+02
   1.1054215e+02
   1.1712717e+02
   5.4172391e+02
   4.5464711e+02
   9.3790560e+01
   6.3860798e+02
   6.1099501e+02
   5.6358403e+02
   5.0228069e+02
   2.9217950e+02
   6.1597700e+02
   1.2682268e+02
   3.0512922e+02
  -1.1351201e+01
   4.3482526e+01
   5.0458683e+02
   5.5104233e+02
   4.4041752e+02
   6.0269571e+02
   4.1602572e+02
   7.2647874e+01
   5.9322401e+02
   3.5162619e+02
   4.5001178e+02
   4.7088735e+01
   5.5331179e+02
   1.1115275e+02
   5.3755541e+02
   6.1277978e+01
   1.2287782e+02
   5.6653080e+02
   2.2263045e+02
   5.2085907e+02
   5.7470465e+02
   3.6374500e+00
  -4.7013675e+00
   5.6148091e+02
   6.3510130e+02
   1.6869013e+02
   3.7577272e+02
   3.6040779e+02
  -2.9249661e+01
   4.3344830e+02
   5.4956530e+02
   4.3473104e+02
   2.5510221e+02
   1.2994594e+01
   4.2288015e+02
   6.0830557e+02
   9.9620370e+01
   4.2652555e+02
   2.9576173e+02
   4.4271692e+02
   5.7025213e+02
   3.9368089e+02
   4.6962186e+02
   5.3239637e+02
   4.6209206e+01
   2.1605061e+02
   2.1309383e+02
   2.5250177e+02
   2.8815575e+01
  -2.7450781e+01
   3.5795109e+02
   3.1165396e+02
   4.7101950e+02
   3.2889257e+02
   9.3850910e+01
   2.1731789e+02
   1.3932062e+02
   3.7287595e+02
   3.5517899e+02
   2.6844687e+02
   6.2633114e+02
  -1.8490599e+01
   5.0345894e+02
   3.8380433e+02
  -6.2631335e+00
  -1.6852990e+01
   1.9218264e+02
   6.2364844e+01
   1.8602468e+02
   4.5805948e+02
   1.6034726e+02
   1.5405018e+02
   5.6139917e+02
   2.9198398e+02
   5.4352793e+02
   1.6950374e+02
   3.3836259e+02
   2.9591699e+02
   5.6965770e+02
   3.5859375e+02
   8.3059766e+01
   3.3735477e+02
   3.0866318e+02
   2.7326218e+02
   2.8502819e+02
   4.8200408e+02
   5.3241067e+02
   3.6451472e+02
   1.4553831e+02
   3.5174928e+02
   3.4209248e+02
   2.1393794e+02
   3.2472067e+02
   2.2871936e+02
   4.2287142e+02
   5.6826079e+01
   1.3486067e+02
   6.0308960e+02
   3.9875020e+02
   5.8720115e+02
   2.2387798e+02
  -2.8854654e+01
   1.2089721e+02
   4.7421343e+02
   3.3996955e+02
   4.5887659e+02
   3.6355226e+02
   4.7839621e+02
   3.2040543e+02
   2.1556445e+02
   1.2348764e+02
   4.3656147e+01
   1.4972458e+02
   6.0084638e+02
   5.2202839e+02
   3.4646379e+02
   4.5374920e+02
   6.3510603e+01
   1.0740283e+02
   1.2786177e+02
   6.4480151e+01
   2.0394594e+02
   6.2743244e+02
   7.4000358e+01
   2.4228523e+01
   5.2166023e+02
   5.0102209e+02
   6.0841343e+02
   5.4649084e+02
   4.9840860e+02
   2.0196827e+02
   4.2668939e+02
   2.2382856e+02
   4.2444594e+02
   1.6954014e+01
   2.8626470e+02
   2.2519935e+02
   1.7681664e+02
   4.3466908e+02
   4.9991850e+02
   4.9682946e+02
   5.7838847e+01
   4.8124253e+02
   4.0988606e+02
   4.4161265e+02
   4.7776419e+02
   4.4001991e+02
   1.7180994e+02
   1.3225695e+02
   2.8660670e+02
   3.8578666e+02
   5.0060633e+02
   3.4790872e+01
  -1.3739979e+01
   8.2715334e+01
   1.3321207e+02
   6.1930845e+02
   3.9461985e+02
   6.3981511e+02
   4.7865348e+02
   3.9245105e+02
   3.5475666e+02
   5.7678117e+01
   5.0290684e+02
   1.1045632e+01
   3.3991744e+02
  -1.1776318e+01
   6.3664148e+02
   2.3280000e+02
   2.7541267e+02
   5.1210224e+02
  -2.3569014e+00
   2.8649522e+02
   2.8400289e+02
   1.8391354e+02
   2.1817757e+02
   2.2930176e+02
   6.3587442e+02
   1.4376140e+00
   2.4364571e+02
   3.8077101e+02
   5.0158942e+02
   3.0141025e+02
   1.0215515e+02
   2.5893209e+02
   4.9265826e+01
   3.0924831e+02
   1.1908863e+02
   2.2067369e+02
   5.5807754e+01
   6.3113040e+02
   6.2894868e+01
   5.5709706e+01
   6.2878191e+02
   3.6527767e+02
   2.3208717e+02
   4.2581565e+02
   4.7000673e+02
   6.0671864e+02
   3.9978271e+02
   4.7919891e+02
   3.0908875e+01
   4.9738143e+02
   1.9053605e+02
   4.1916399e+02
   3.6730701e+02
   2.7533466e+02
   2.8679800e+02
   4.9482580e+02
   5.7665977e+02
   3.1586100e+02
   3.8754828e+02
   4.7072183e+02
   7.7514818e+01
   2.1444895e+01
   2.7193950e+01
   8.8870228e+01
   7.0743519e+01
   1.2649841e+02
   4.6372851e+02
   2.4166447e+02
   5.5653368e+02
   3.0499791e+01
   4.6497718e+00
   2.1967232e+02
   2.7219084e+01
   3.2147456e+02
   4.8970567e+02
   1.6302203e+02
   5.6755106e+01
   6.1344368e+02
   6.3776733e+02
   8.1879888e+01
   3.7337528e+02
   4.7263917e+02
   4.1498379e+02
   1.9478794e+02
   3.3948736e+01
   5.4098212e+02
   3.5570865e+02
   6.1670162e+02
   3.7539920e+01
   2.9661808e+02
   1.7254824e+02
   5.8478440e+02
   6.1678044e+02
   1.9628237e+02
   4.7817133e+02
   1.2942013e+02
   2.9358478e+02
   1.8683393e+02
   3.7568667e+02
   3.5022561e+02
   4.0150025e+02
   1.0108944e+02
   6.0173729e+01
   1.8726207e+02
   2.1401543e+02
   7.9317336e+01
   1.3871633e+02
   6.0388908e+02
   7.0533483e+01
   4.0746139e+02
   3.4430704e+02
   3.4309886e+02
   2.8416070e+01
   5.3360630e+02
   3.6507740e+01
   2.3150915e+02
   6.0796201e+02
   4.7186670e+02
   5.7514761e+02
   6.0093494e+02
   4.6884341e+01
   5.5571625e+02
   2.3002497e+02
   9.1316452e+01
   5.0423890e+02
   4.6029639e+02
   1.4348005e+02
   1.1742095e+02
   2.9840131e+02
   1.6486798e+02
   6.0495502e+02
   6.2135884e+02
   8.4731472e+01
   4.0344985e+02
   3.0079092e+02
   4.5175551e+02
   3.7450612e+01
   8.2083631e+01
   1.1911273e+00
  -2.7815443e+01
   5.1870122e+02
   1.2536874e+02
   2.9443831e+02
   3.6786379e+02
   5.7928833e+02
   2.8810759e+01
   4.4790275e+02
   2.2722997e+02
   4.2942500e+02
   6.2348334e+02
   2.0239353e+02
   4.8788601e+02
   3.0258174e+02
   2.7780143e+02
   6.1450382e+02
   2.7720477e+02
   5.4548676e+02
   6.0206505e+02
  -1.3504105e+01
   3.5204848e+02
   5.1365637e+02
   3.8865619e+02
  -1.4737028e+01
   2.2451026e+01
   5.0832430e+02
   3.1928711e+02
   1.4004665e+02
   7.3501837e+01
   1.6777284e+02
   1.3500148e+01
   4.1850599e+02
   1.9292842e+02
  -2.9273354e+01
   6.0692180e+01
   5.6323409e+02
   1.1909092e+02
   2.2482456e+02
   3.4891741e+02
   3.1698724e+02
   2.4232677e+02
   5.7899823e+02
   6.0174474e+02
   2.3228779e+02
   2.3999126e+02
   1.1841921e+02
   5.3348827e+02
   3.7491290e+02
   1.0507555e+02
   4.2531841e+02
   3.7630336e+02
   4.7701669e+02
   2.6637827e+02
   3.6793219e+02
   6.0237134e+02
   3.6521208e+02
   3.0116523e+02
   1.2904875e+02
   2.4486875e+02
   1.3985546e+02
   4.5204045e+02
   2.1311237e+02
   5.1553617e+02
   5.5103325e+02
   5.1721323e+02
   1.0226505e+02
   5.5086515e+02
  -1.5699391e+01
   7.4738698e+01
   4.6500826e+02
   2.5063099e+02
   6.1356525e+02
   4.9984365e+02
   6.1711499e+02
   1.6709668e+02
   5.4596804e+02
   9.1075568e+01
  -2.9862503e+01
   2.5228629e+02
   5.6608529e+02
   5.2172115e+02
   2.7780436e+02
   4.5409636e+02
   1.7525603e+02
   9.0031848e+01
   3.8839307e+02
   3.2372298e+02
   2.0455693e+02
   9.1251125e+01
   4.2634378e+02
   4.3958807e+02
   3.2890344e+02
   2.8575195e+02
   4.6199145e+02
   5.8024567e+02
   8.6143841e+01
   6.3134183e+02
   1.4324231e+02
   1.6974868e+02
   5.9390727e+01
   4.2703317e+01
   5.7356129e+02
   3.1560173e+02
   2.1588409e+02
   1.2019558e+02
   4.6328648e+02
   1.4167764e+02
   2.4201679e+02
   2.8479032e+02
   3.7145326e+02
   3.6223502e+02
   5.7161502e+02
   4.6743075e+02
   6.0261919e+02
   2.2302595e+02
   6.3074646e+02
   1.6302328e+02
   2.5462213e+02
   5.0591666e+02
   6.0513636e+02
   1.8783777e+02
   6.2255382e+02
   3.4725082e+02
   3.1106157e+02
   2.9036116e+02
   2.4939555e+01
   5.5474470e+02
   7.3860887e+01
   4.8636991e+02
   3.6914523e+02
   2.8887915e+02
   2.9658669e+02
   4.0825475e+02
   1.9698275e+02
   2.3508043e+02
   2.0418672e+02
   2.3505260e+02
   3.4994681e+02
   4.5028238e+02
   1.1597549e+02
   1.7230645e+02
   1.1676216e+02
   2.0379651e+02
   5.4700825e+02
   3.3548128e+02
   3.5791651e+02
   1.0742930e+02
   1.6549502e+02
   1.5382844e+02
   3.8796845e+02
   5.9003901e+02
   3.6789202e+02
   2.6053636e+02
   6.2581629e+02
   2.7604719e+02
   3.1326510e+02
   1.2304610e+02
   5.1771380e+02
   1.1054315e+01
   2.8440057e+02
   3.9694268e+02
   1.1443980e+02
   4.3727345e+02
   2.6334863e+01
   3.8753939e+02
   1.8076433e+02
   3.7673739e+02
   2.3759078e+01
   1.6935057e+02
   3.3446897e+02
   2.8267697e+02
   5.0969551e+02
   5.3129920e+02
   5.0364727e+02
   1.1477944e+02
   5.6140328e+02
   1.6777292e+02
   1.2367693e+02
   5.2966277e+02
   5.2690673e+02
   1.6256047e+02
   4.6839823e+02
   5.4549539e+01
   8.4117058e+01
   3.3085458e+02
   9.3797455e+01
   1.6960884e+02
   4.3370701e+02
   3.5524844e+02
   2.6790913e+02
   5.0728288e+02
   1.6615728e+02
   1.4828309e+02
   5.5529860e+02
   3.5515174e+02
   1.1503936e+01
   4.7430746e+02
   3.6748485e+02
   2.2542809e+02
   3.0895689e+01
   9.6762645e+01
  -1.8122221e+01
   2.2600527e+01
   3.2264415e+02
   2.1292305e+02
   6.1165819e+02
  -2.4958629e+01
   4.3787335e+02
   1.4770654e+02
   3.1049832e+02
   3.4877374e+02
  -6.8389262e+00
   9.2289818e+01
   6.2227199e+02
   5.1943422e+02
   3.1141916e+02
   1.1282965e+02
   6.1120969e+02
   5.4621158e+02
   2.5082851e+02
   3.2255206e+02
   6.3381671e+02
  -2.4335521e+01
   6.2085485e+02
   3.2732074e+02
   3.8858830e+02
   4.8989237e+02
  -4.0034808e+00
   1.7050697e+02
   1.4519649e+02
   3.5413476e+01
   3.8990463e+02
   5.7833241e+02
   3.3375364e+02
   4.3086678e+02
   2.3012741e+01
   9.6792643e+01
   4.2821950e+02
   2.1175959e+02
   2.0879911e+02
  -1.0923124e+01
   4.5073787e+02
   4.3069797e+02
   2.7875230e+02
   5.3757240e+01
   4.6702737e+02
   5.1536283e+02
   3.0692806e+02
   4.5599654e+02
   4.5518212e+02
   4.6916254e+02
   1.0238980e+02
   8.3905341e+01
   5.4989154e+02
   3.4500238e+02
   1.1457367e+02
   5.9908134e+02
   4.9594391e+01
   9.3172919e+01
   5.5435432e+02
  -1.7514779e+01
   5.2680331e+02
   2.3360604e+02
   1.6430111e+02
   5.1685189e+02
   3.2825253e+02
   2.8471413e+02
   3.0808651e+02
   5.4316848e+02
   4.7737176e+02
   4.3621232e+02
   5.0811617e+02
   2.6963993e+02
   3.0042445e+01
   2.8238147e+02
   8.3273841e+01
   3.9443144e+02
   4.5506976e+01
   1.7904445e+02
   4.6022610e+02
   1.1062068e+02
   3.1766758e+02
   2.2968889e+02
   4.9781200e+02
   2.0569780e+02
   4.7232448e+01
   3.6762262e+02
   2.1943474e+02
  -2.9742703e+01
   5.1195624e+02
   1.0979768e+02
   3.3531528e+01
   3.4410998e+02
   2.7846452e+02
   5.8489088e+02
   5.9727556e+01
   6.2316834e+02
   9.8826565e+01
   1.8832788e+02
   5.8192266e+02
   3.5478632e+02
   2.7130398e+02
   5.1793270e+02
   2.4097497e+02
   5.5688194e+02
   6.2749744e+02
   5.6576506e+02
   3.6888544e+02
  -1.1441535e+01
   1.3396154e+02
   6.1264438e+02
   2.0825510e+01
   6.3726527e+00
   3.6748752e+02
   4.5060059e+02
   2.5589601e+02
   6.3441721e+02
   5.4599224e+01
   6.0871317e+02
   3.6152451e+02
   5.6007025e+02
   2.3248428e+02
   1.2615245e+02
   3.9505941e+02
   5.9926999e+02
   2.8575341e+02
  -9.9168916e+00
   3.3930086e+02
   3.3904702e+02
   2.0823337e+02
   1.7759995e+02
   1.3707509e+02
   9.6221903e+01
   1.2225220e+02
   2.5442265e+02
   1.4882765e+02
   3.8648856e+01
  -1.8498158e+01
   4.8530059e+02
   3.2573642e+02
   4.2791665e+02
   2.4150005e+02
   1.5388012e+02
   3.2793795e+02
   5.9404112e+02
   1.2524663e+02
   6.3623494e+02
   1.3993332e+02
   4.6206435e+02
   3.0029376e+02
   3.0935071e+02
   3.4185369e+01
   1.1584225e+02
   2.3726844e+02
   5.4578901e+02
   3.1362992e+01
   3.3128271e+02
   2.4947451e+02
   4.1249313e+01
   1.3750371e+02
  -1.2462403e+01
   5.1269969e+02
   6.1868211e+02
   2.9106868e+02
   5.6784803e+02
   3.2300157e+02
   9.6798744e+01
   7.1203589e+01
   5.7028277e+01
   5.8561099e+02
  -6.0664041e+00
   3.8706652e+02
   1.1141355e+02
   1.9456554e+02
   5.3831153e+02
   4.2120081e+02
   5.4712793e+02
   8.2718818e+01
   6.0336607e+02
   1.1895895e+02
   2.2185227e+02
   5.6869228e+02
  -1.3790038e+01
   4.7829079e+02
   7.5061762e+01
   4.3763643e+02
   5.4189047e+02
   2.9223912e+02
   4.2030016e+02
   1.7737366e+02
   4.9729527e+02
   1.1150174e+02
  -1.8875496e+01
   5.7212239e+00
   4.1489953e+02
   5.7850698e+02
   2.8406999e+02
   4.3316647e+02
   2.3768823e+02
   2.0862781e+02
   1.1541762e+02
   4.8334966e+02
   1.3343458e+02
   6.0388051e+02
   5.7962366e+02
   1.3596042e+02
   5.0478679e+02
   2.7061308e+02
   2.0525107e+02
   1.2633114e+02
   2.8344490e+02
   2.4241027e+02
   4.2642444e+02
   5.2037846e+02
  -2.6698761e+01
   2.0118655e+02
   7.9249681e+01
   4.0753716e+02
   3.3531380e+02
   5.7602536e+02
   4.3532225e+02
   4.4487532e+02
   5.9395406e+02
   2.7048478e+02
   5.2356310e+02
   1.5903367e+02
   3.3333606e+02
   6.2941214e+02
   1.4824992e+02
   5.8172099e+02
   4.4768589e+02
   3.9069254e+02
   1.4709249e+02
   1.5453748e+02
   2.7294702e+02
   4.8376958e+02
   1.7372340e+02
   5.8125953e+02
   2.3138890e+02
   2.8500409e+02
   4.1041228e+02
   6.1592127e+02
   2.3047219e+02
   5.6265569e+02
   9.9132725e+01
   3.5515010e+02
   2.5957493e+02
   1.1281648e+02
   6.0500624e+02
   2.9047868e+02
   4.0424898e+02
   8.6730296e+01
   1.4312003e+02
   5.1206648e+02
   2.5580480e+02
   1.2074447e+02
   3.4543064e+02
  -1.3774519e+01
  -4.0158625e+00
   1.0251472e+02
   6.3970368e+02
   3.3943970e+02
   3.5175588e+02
   4.4319625e+02
   3.4807969e+01
   4.8189189e+02
   5.7849806e+02
   5.8617943e+02
   5.0211421e+02
   5.0847697e+02
   2.8412903e+02
   5.1315049e+02
   4.0072831e+02
   6.3220937e+02
   4.2594794e+02
  -4.9143706e+00
   2.0671535e+02
   1.5736758e+02
   4.8646461e+02
   4.8808416e+02
   6.4676524e+00
  -1.5493279e+00
   4.1514990e+02
   4.5209153e+02
   5.0632353e+02
   4.4177292e+01
   6.1680970e+01
   1.9458797e+02
   1.9197768e+02
   2.9871678e+01
   1.1229886e+02
   5.9805338e+02
   1.0678648e+01
   5.4138176e+01
   3.0037972e+02
   4.1886418e+02
   5.0033028e+02
   2.7784205e+02
   1.9755750e+01
   9.8274731e+01
   5.5418687e+02
   3.9903561e+02
   2.2603142e+02
   1.1175362e+02
   4.1887305e+02
   4.3083366e+02
   5.0233443e+02
   4.6479883e+02
   8.5954437e+00
   6.1604184e+02
   6.0986803e+02
   3.9609256e+02
   2.0274289e+02
   2.9557637e+02
   9.3900036e+01
   1.8818875e+02
   4.6376140e+02
   6.0728773e+02
   6.2477742e+02
   4.6021990e+02
   6.0761072e+02
   2.8328719e+02
   4.7372215e+02
   5.0760846e+02
   2.6800960e+02
   5.9630016e+02
   3.8266139e+02
   6.3742383e+02
   3.1726493e+02
   1.2059019e+02
   2.6938551e+02
   5.1470116e+02
   5.6086348e+02
   4.5440993e+02
   3.8443927e+02
   4.2851621e+02
   1.7592275e+02
   4.8875244e+02
   4.9071587e+02
   3.4828813e+02
   5.9128910e+02
   1.3858223e+02
   4.8966864e+02
   3.3075744e+02
   8.8251476e+01
   5.7461490e+02
   3.0663478e+02
   5.5398565e+02
   2.4228620e+02
   2.7282008e+01
   2.8551504e+01
   4.5242789e+02
   3.8266847e+02
   4.9426547e+02
   3.6925060e+02
   5.3328367e+02
   4.9911826e+02
   3.1235291e+02
   1.6475079e+02
   8.1703105e+00
   6.0936510e+00
   4.8648667e+02
   1.3341483e+02
   2.3674439e+02
   4.8971122e+02
   1.4764742e+02
   5.4852430e+02
   4.2283096e+02
   6.3823133e+02
   4.6223161e+02
   6.6533283e+01
   4.3336849e+02
   5.6148323e+00
   2.5347559e+02
   4.8467929e+01
   2.8602594e+02
   3.3440045e+02
   1.9983200e+02
   3.6749851e+01
   6.0090711e+02
   2.5199503e+02
   5.8597356e+02
  -1.4985622e+01
   4.7544690e+02
   7.8518866e+01
   1.2645124e+02
   6.0509497e+01
   1.2899882e+02
   5.9931629e+02
   1.1886711e+02
   3.5951402e+02
   1.2005722e+02
   4.3941937e+02
   3.4470470e+02
   7.8136518e+00
   1.7220354e+02
   4.0819950e+02
   6.3518695e+02
   2.7062594e+02
   6.2028824e+02
   1.8820440e+02
   5.9171993e+02
   1.6032377e+02
   4.2540496e+02
   3.5464846e+02
  -1.8614886e+01
   2.3086757e+02
   1.8465272e+02
   3.9110024e+02
   3.0530453e+02
   3.8480135e+02
   3.2162092e+02
   3.2297024e+02
   1.6997534e+02
   2.8719655e+02
   3.3084463e+02
   5.5336702e+02
   3.0945576e+02
   3.4625753e+02
   2.7029771e+02
   3.0234789e+02
   3.6303872e+02
   5.2926078e+02
   7.0710173e+00
   5.1766493e+02
   2.4586688e+02
   4.2397649e+02
   4.9261075e+02
   5.7481007e+02
   4.8166643e+02
   5.6724822e+02
   1.9649208e+02
   1.4675100e+01
   5.2638132e+02
   1.9555976e+02
   6.3441338e+02
   4.2301955e+02
   7.5537933e+00
   2.2368758e+02
   2.9214110e+02
   2.7252147e+02
   2.5786104e+02
   4.9410193e+02
   4.5345027e+02
   5.2783838e+02
   5.9493395e+02
   4.7621216e+02
  -1.1688029e+01
  -5.8384782e+00
   3.9231875e+02
   4.9165283e+02
   3.8127942e+02
   4.9185120e+02
   9.7592015e+01
   5.2618977e+02
   1.6820064e+02
   4.7047501e+01
   8.4751860e+01
   3.2751371e+02
   2.0619721e+02
   2.5205361e+02
   3.5482530e+01
   5.2049158e+02
   4.1932125e+02
   4.6707662e+02
   4.7806349e+02
   6.1343520e+01
   4.5256589e+02
   7.2327542e+00
   5.9117864e+02
   4.8278241e+02
   4.4850834e+02
   4.0376952e+02
   6.3574656e+02
   4.7040691e+02
   5.2220103e+02
   1.5094555e+02
  -1.4412837e+01
   6.1023450e+02
   5.0393174e+02
   2.0137207e+02
   6.0441534e+02
   2.1462711e+02
   1.1000705e+02
   5.4468179e+02
   3.6103651e+02
   7.6521202e+01
   2.1794449e+02
   4.6510130e+02
   3.9466122e+01
   4.4836243e+02
   2.6831822e+02
   8.9504274e+01
  -4.9050564e+00
   2.1151661e+02
   1.1054215e+02
   1.1712717e+02
   5.4172391e+02
   4.5464711e+02
   9.3790560e+01
   6.3860798e+02
   6.1099501e+02
   5.6358403e+02
   5.0228069e+02
   2.9217950e+02
   6.1597700e+02
   1.2682268e+02
   3.0512922e+02
  -1.1351201e+01
   4.3482526e+01
   5.0458683e+02
   5.5104233e+02
   4.4041752e+02
   6.0269571e+02
   4.1602572e+02
   7.2647874e+01
   5.9322401e+02
   3.5162619e+02
   4.5001178e+02
   4.7088735e+01
   5.5331179e+02
   1.1115275e+02
   5.3755541e+02
   6.1277978e+01
   1.2287782e+02
   5.6653080e+02
   2.2263045e+02
   5.2085907e+02
   5.7470465e+02
   3.6374500e+00
  -4.7013675e+00
   5.6148091e+02
   6.3510130e+02
   1.6869013e+02
   3.7577272e+02
   3.6040779e+02
  -2.9249661e+01
   4.3344830e+02
   5.4956530e+02
   4.3473104e+02
   2.5510221e+02
   1.2994594e+01
   4.2288015e+02
   6.0830557e+02
   9.9620370e+01
   4.2652555e+02
   2.9576173e+02
   4.4271692e+02
   5.7025213e+02
   3.9368089e+02
   4.6962186e+02
   5.3239637e+02
   4.6209206e+01
   2.1605061e+02
   2.1309383e+02
   2.5250177e+02
   2.8815575e+01
  -2.7450781e+01
   3.5795109e+02
   3.1165396e+02
   4.7101950e+02
   3.2889257e+02
   9.3850910e+01
   2.1731789e+02
   1.3932062e+02
   3.7287595e+02
   3.5517899e+02
   2.6844687e+02
   6.2633114e+02
  -1.8490599e+01
   5.0345894e+02
   3.8380433e+02
  -6.2631335e+00
  -1.6852990e+01
   1.9218264e+02
   6.2364844e+01
   1.8602468e+02
   4.5805948e+02
   1.6034726e+02
   1.5405018e+02
   5.6139917e+02
   2.9198398e+02
   5.4352793e+02
   1.6950374e+02
   3.3836259e+02
   2.9591699e+02
   5.6965770e+02
   3.5859375e+02
   8.3059766e+01
   3.3735477e+02
   3.0866318e+02
   2.7326218e+02
   2.8502819e+02
   4.8200408e+02
   5.3241067e+02
   3.6451472e+02
   1.4553831e+02
   3.5174928e+02
   3.4209248e+02
   2.1393794e+02
   3.2472067e+02
   2.2871936e+02
   4.2287142e+02
   5.6826079e+01
   1.3486067e+02
   6.0308960e+02
   3.9875020e+02
   5.8720115e+02
   2.2387798e+02
  -2.8854654e+01
   1.2089721e+02
   4.7421343e+02
   3.3996955e+02
   4.5887659e+02
   3.6355226e+02
   4.7839621e+02
   3.2040543e+02
   2.1556445e+02
   1.2348764e+02
   4.3656147e+01
   1.4972458e+02
   6.0084638e+02
   5.2202839e+02
   3.4646379e+02
   4.5374920e+02
   6.3510603e+01
   1.0740283e+02
   1.2786177e+02
   6.4480151e+01
   2.0394594e+02
   6.2743244e+02
   7.4000358e+01
   2.4228523e+01
   5.2166023e+02
   5.0102209e+02
   6.0841343e+02
   5.4649084e+02
   4.9840860e+02
   2.0196827e+02
   4.2668939e+02
   2.2382856e+02
   4.2444594e+02
   1.6954014e+01
   2.8626470e+02
   2.2519935e+02
   1.7681664e+02
   4.3466908e+02
   4.9991850e+02
   4.9682946e+02
   5.7838847e+01
   4.8124253e+02
   4.0988606e+02
   4.4161265e+02
   4.7776419e+02
   4.4001991e+02
   1.7180994e+02
   1.3225695e+02
   2.8660670e+02
   3.8578666e+02
   5.0060633e+02
   3.4790872e+01
  -1.3739979e+01
   8.2715334e+01
   1.3321207e+02
   6.1930845e+02
   3.9461985e+02
   6.3981511e+02
   4.7865348e+02
   3.9245105e+02
   3.5475666e+02
   5.7678117e+01
   5.0290684e+02
   1.1045632e+01
   3.3991744e+02
  -1.1776318e+01
   6.3664148e+02
   2.3280000e+02
   2.7541267e+02
   5.1210224e+02
  -2.3569014e+00
   2.8649522e+02
   2.8400289e+02
   1.8391354e+02
   2.1817757e+02
   2.2930176e+02
   6.3587442e+02
   1.4376140e+00
   2.4364571e+02
   3.8077101e+02
   5.0158942e+02
   3.0141025e+02
   1.0215515e+02
   2.5893209e+02
   4.9265826e+01
   3.0924831e+02
   1.1908863e+02
   2.2067369e+02
   5.5807754e+01
   6.3113040e+02
   6.2894868e+01
   5.5709706e+01
   6.2878191e+02
   3.6527767e+02
   2.3208717e+02
   4.2581565e+02
   4.7000673e+02
   6.0671864e+02
   3.9978271e+02
   4.7919891e+02
   3.0908875e+01
   4.9738143e+02
   1.9053605e+02
   4.1916399e+02
   3.6730701e+02
   2.7533466e+02
   2.8679800e+02
   4.9482580e+02
   5.7665977e+02
   3.1586100e+02
   3.8754828e+02
   4.7072183e+02
   7.7514818e+01
   2.1444895e+01
   2.7193950e+01
   8.8870228e+01
   7.0743519e+01
   1.2649841e+02
   4.6372851e+02
   2.4166447e+02
   5.5653368e+02
   3.0499791e+01
   4.6497718e+00
   2.1967232e+02
   2.7219084e+01
   3.2147456e+02
   4.8970567e+02
   1.6302203e+02
   5.6755106e+01
   6.1344368e+02
   6.3776733e+02
   8.1879888e+01
   3.7337528e+02
   4.7263917e+02
   4.1498379e+02
   1.9478794e+02
   3.3948736e+01
   5.4098212e+02
   3.5570865e+02
   6.1670162e+02
   3.7539920e+01
   2.9661808e+02
   1.7254824e+02
   5.8478440e+02
   6.1678044e+02
   1.9628237e+02
   4.7817133e+02
   1.2942013e+02
   2.9358478e+02
   1.8683393e+02
   3.7568667e+02
   3.5022561e+02
   4.0150025e+02
   1.0108944e+02
   6.0173729e+01
   1.8726207e+02
   2.1401543e+02
   7.9317336e+01
   1.3871633e+02
   6.0388908e+02
   7.0533483e+01
   4.0746139e+02
   3.4430704e+02
   3.4309886e+02
   2.8416070e+01
   5.3360630e+02
   3.6507740e+01
   2.3150915e+02
   6.0796201e+02
   4.7186670e+02
   5.7514761e+02
   6.0093494e+02
   4.6884341e+01
   5.5571625e+02
   2.3002497e+02
   9.1316452e+01
   5.0423890e+02
   4.6029639e+02
   1.4348005e+02
   1.1742095e+02
   2.9840131e+02
   1.6486798e+02
   6.0495502e+02
   6.2135884e+02
   8.4731472e+01
   4.0344985e+02
   3.0079092e+02
   4.5175551e+02
   3.7450612e+01
   8.2083631e+01
   1.1911273e+00
  -2.7815443e+01
   5.1870122e+02
   1.2536874e+02
   2.9443831e+02
   3.6786379e+02
   5.7928833e+02
   2.8810759e+01
   4.4790275e+02
   2.2722997e+02
   4.2942500e+02
   6.2348334e+02
   2.0239353e+02
   4.8788601e+02
   3.0258174e+02
   2.7780143e+02
   6.1450382e+02
   2.7720477e+02
   5.4548676e+02
   6.0206505e+02
  -1.3504105e+01
   3.5204848e+02
   5.1365637e+02
   3.8865619e+02
  -1.4737028e+01
   2.2451026e+01
   5.0832430e+02
   3.1928711e+02
   1.4004665e+02
   7.3501837e+01
   1.6777284e+02
   1.3500148e+01
   4.1850599e+02
   1.9292842e+02
  -2.9273354e+01
   6.0692180e+01
   5.6323409e+02
   1.1909092e+02
   2.2482456e+02
   3.4891741e+02
   3.1698724e+02
   2.4232677e+02
   5.7899823e+02
   6.0174474e+02
   2.3228779e+02
   2.3999126e+02
   1.1841921e+02
   5.3348827e+02
   3.7491290e+02
   1.0507555e+02
   4.2531841e+02
   3.7630336e+02
   4.7701669e+02
   2.6637827e+02
   3.6793219e+02
   6.0237134e+02
   3.6521208e+02
   3.0116523e+02
   1.2904875e+02
   2.4486875e+02
   1.3985546e+02
   4.5204045e+02
   2.1311237e+02
   5.1553617e+02
   5.5103325e+02
   5.1721323e+02
   1.0226505e+02
   5.5086515e+02
  -1.5699391e+01
   7.4738698e+01
   4.6500826e+02
   2.5063099e+02
   6.1356525e+02
   4.9984365e+02
   6.1711499e+02
   1.6709668e+02
   5.4596804e+02
   9.1075568e+01
  -2.9862503e+01
   2.5228629e+02
   5.6608529e+02
   5.2172115e+02
   2.7780436e+02
   4.5409636e+02
   1.7525603e+02
   9.0031848e+01
   3.8839307e+02
   3.2372298e+02
   2.0455693e+02
   9.1251125e+01
   4.2634378e+02
   4.3958807e+02
   3.2890344e+02
   2.8575195e+02
   4.6199145e+02
   5.8024567e+02
   8.6143841e+01
   6.3134183e+02
   1.4324231e+02
   1.6974868e+02
   5.9390727e+01
   4.2703317e+01
   5.7356129e+02
   3.1560173e+02
   2.1588409e+02
   1.2019558e+02
   4.6328648e+02
   1.4167764e+02
   2.4201679e+02
   2.8479032e+02
   3.7145326e+02
   3.6223502e+02
   5.7161502e+02
   4.6743075e+02
   6.0261919e+02
   2.2302595e+02
   6.3074646e+02
   1.6302328e+02
   2.5462213e+02
   5.0591666e+02
   6.0513636e+02
   1.8783777e+02
   6.2255382e+02
   3.4725082e+02
   3.1106157e+02
   2.9036116e+02
   2.4939555e+01
   5.5474470e+02
   7.3860887e+01
   4.8636991e+02
   3.6914523e+02
   2.8887915e+02
   2.9658669e+02
   4.0825475e+02
   1.9698275e+02
   2.3508043e+02
   2.0418672e+02
   2.3505260e+02
   3.4994681e+02
   4.5028238e+02
   1.1597549e+02
   1.7230645e+02
   1.1676216e+02
   2.0379651e+02
   5.4700825e+02
   3.3548128e+02
   3.5791651e+02
   1.0742930e+02
   1.6549502e+02
   1.5382844e+02
   3.8796845e+02
   5.9003901e+02
   3.6789202e+02
   2.6053636e+02
   6.2581629e+02
   2.7604719e+02
   3.1326510e+02
   1.2304610e+02
   5.1771380e+02
   1.1054315e+01
   2.8440057e+02
   3.9694268e+02
   1.1443980e+02
   4.3727345e+02
   2.6334863e+01
   3.8753939e+02
   1.8076433e+02
   3.7673739e+02
   2.3759078e+01
   1.6935057e+02
   3.3446897e+02
   2.8267697e+02
   5.0969551e+02
   5.3129920e+02
   5.0364727e+02
   1.1477944e+02
   5.6140328e+02
   1.6777292e+02
   1.2367693e+02
   5.2966277e+02
   5.2690673e+02
   1.6256047e+02
   4.6839823e+02
   5.4549539e+01
   8.4117058e+01
   3.3085458e+02
   9.3797455e+01
   1.6960884e+02
   4.3370701e+02
   3.5524844e+02
   2.6790913e+02
   5.0728288e+02
   1.6615728e+02
   1.4828309e+02
   5.5529860e+02
   3.5515174e+02
   1.1503936e+01
   4.7430746e+02
   3.6748485e+02
   2.2542809e+02
   3.0895689e+01
   9.6762645e+01
  -1.8122221e+01
   2.2600527e+01
   3.2264415e+02
   2.1292305e+02
   6.1165819e+02
  -2.4958629e+01
   4.3787335e+02
   1.4770654e+02
   3.1049832e+02
   3.4877374e+02
  -6.8389262e+00
   9.2289818e+01
   6.2227199e+02
   5.1943422e+02
   3.1141916e+02
   1.1282965e+02
   6.1120969e+02
   5.4621158e+02
   2.5082851e+02
   3.2255206e+02
   6.3381671e+02
  -2.4335521e+01
   6.2085485e+02
   3.2732074e+02
   3.8858830e+02
   4.8989237e+02
  -4.0034808e+00
   1.7050697e+02
   1.4519649e+02
   3.5413476e+01
   3.8990463e+02
   5.7833241e+02
   3.3375364e+02
   4.3086678e+02
   2.3012741e+01
   9.6792643e+01
   4.2821950e+02
   2.1175959e+02
   2.0879911e+02
  -1.0923124e+01
   4.5073787e+02
   4.3069797e+02
   2.7875230e+02
   5.3757240e+01
   4.6702737e+02
   5.1536283e+02
   3.0692806e+02
   4.5599654e+02
   4.5518212e+02
   4.6916254e+02
   1.0238980e+02
   8.3905341e+01
   5.4989154e+02
   3.4500238e+02
   1.1457367e+02
   5.9908134e+02
   4.9594391e+01
   9.3172919e+01
   5.5435432e+02
  -1.7514779e+01
   5.2680331e+02
   2.3360604e+02
   1.6430111e+02
   5.1685189e+02
   3.2825253e+02
   2.8471413e+02
   3.0808651e+02
   5.4316848e+02
   4.7737176e+02
   4.3621232e+02
   5.0811617e+02
   2.6963993e+02
   3.0042445e+01
   2.8238147e+02
   8.3273841e+01
   3.9443144e+02
   4.5506976e+01
   1.7904445e+02
   4.6022610e+02
   1.1062068e+02
   3.1766758e+02
   2.2968889e+02
   4.9781200e+02
   2.0569780e+02
   4.7232448e+01
   3.6762262e+02
   2.1943474e+02
  -2.9742703e+01
   5.1195624e+02
   1.0979768e+02
   3.3531528e+01
   3.4410998e+02
   2.7846452e+02
   5.8489088e+02
   5.9727556e+01
   6.2316834e+02
   9.8826565e+01
   1.8832788e+02
   5.8192266e+02
   3.5478632e+02
   2.7130398e+02
   5.1793270e+02
   2.4097497e+02
   5.5688194e+02
   6.2749744e+02
   5.6576506e+02
   3.6888544e+02
  -1.1441535e+01
   1.3396154e+02
   6.1264438e+02
   2.0825510e+01
   6.3726527e+00
   3.6748752e+02
   4.5060059e+02
   2.5589601e+02
   6.3441721e+02
   5.4599224e+01
   6.0871317e+02
   3.6152451e+02
   5.6007025e+02
   2.3248428e+02
   1.2615245e+02
   3.9505941e+02
   5.9926999e+02
   2.8575341e+02
  -9.9168916e+00
   3.3930086e+02
   3.3904702e+02
   2.0823337e+02
   1.7759995e+02
   1.3707509e+02
   9.6221903e+01
   1.2225220e+02
   2.5442265e+02
   1.4882765e+02
   3.8648856e+01
  -1.8498158e+01
   4.8530059e+02
   3.2573642e+02
   4.2791665e+02
   2.4150005e+02
   1.5388012e+02
   3.2793795e+02
   5.9404112e+02
   1.2524663e+02
   6.3623494e+02
   1.3993332e+02
   4.6206435e+02
   3.0029376e+02
   3.0935071e+02
   3.4185369e+01
   1.1584225e+02
   2.3726844e+02
   5.4578901e+02
   3.1362992e+01
   3.3128271e+02
   2.4947451e+02
   4.1249313e+01
   1.3750371e+02
  -1.2462403e+01
   5.1269969e+02
   6.1868211e+02
   2.9106868e+02
   5.6784803e+02
   3.2300157e+02
   9.6798744e+01
   7.1203589e+01
   5.7028277e+01
   5.8561099e+02
  -6.0664041e+00
   3.8706652e+02
   1.1141355e+02
   1.9456554e+02
   5.3831153e+02
   4.2120081e+02
   5.4712793e+02
   8.2718818e+01
   6.0336607e+02
   1.1895895e+02
   2.2185227e+02
   5.6869228e+02
  -1.3790038e+01
   4.7829079e+02
   7.5061762e+01
   4.3763643e+02
   5.4189047e+02
   2.9223912e+02
   4.2030016e+02
   1.7737366e+02
   4.9729527e+02
   1.1150174e+02
  -1.8875496e+01
   5.7212239e+00
   4.1489953e+02
   5.7850698e+02
   2.8406999e+02
   4.3316647e+02
   2.3768823e+02
   2.0862781e+02
   1.1541762e+02
   4.8334966e+02
   1.3343458e+02
   6.0388051e+02
   5.7962366e+02
   1.3596042e+02
   5.0478679e+02
   2.7061308e+02
   2.0525107e+02
   1.2633114e+02
   2.8344490e+02
   2.4241027e+02
   4.2642444e+02
   5.2037846e+02
  -2.6698761e+01
   2.0118655e+02
   7.9249681e+01
   4.0753716e+02
   3.3531380e+02
   5.7602536e+02
   4.3532225e+02
   4.4487532e+02
   5.9395406e+02
   2.7048478e+02
   5.2356310e+02
   1.5903367e+02
   3.3333606e+02
   6.2941214e+02
   1.4824992e+02
   5.8172099e+02
   4.4768589e+02
   3.9069254e+02
   1.4709249e+02
   1.5453748e+02
   2.7294702e+02
   4.8376958e+02
   1.7372340e+02
   5.8125953e+02
   2.3138890e+02
   2.8500409e+02
   4.1041228e+02
   6.1592127e+02
   2.3047219e+02
   5.6265569e+02
   9.9132725e+01
   3.5515010e+02
   2.5957493e+02
   1.1281648e+02
   6.0500624e+02
   2.9047868e+02
   4.0424898e+02
   8.6730296e+01
   1.4312003e+02
   5.1206648e+02
   2.5580480e+02
   1.2074447e+02
   3.4543064e+02
  -1.3774519e+01
  -4.0158625e+00
   1.0251472e+02
   6.3970368e+02
   3.3943970e+02
   3.5175588e+02
   4.4319625e+02
   3.4807969e+01
   4.8189189e+02
   5.7849806e+02
   5.8617943e+02
   5.0211421e+02
   5.0847697e+02
   2.8412903e+02
   5.1315049e+02
   4.0072831e+02
   6.3220937e+02
   4.2594794e+02
  -4.9143706e+00
   2.0671535e+02
   1.5736758e+02
   4.8646461e+02
   4.8808416e+02
   6.4676524e+00
  -1.5493279e+00
   4.1514990e+02
   4.5209153e+02
   5.0632353e+02
   4.4177292e+01
   6.1680970e+01
   1.9458797e+02
   1.9197768e+02
   2.9871678e+01
   1.1229886e+02
   5.9805338e+02
   1.0678648e+01
   5.4138176e+01
   3.0037972e+02
   4.1886418e+02
   5.0033028e+02
   2.7784205e+02
   1.9755750e+01
   9.8274731e+01
   5.5418687e+02
   3.9903561e+02
   2.2603142e+02
   1.1175362e+02
   4.1887305e+02
   4.3083366e+02
   5.0233443e+02
   4.6479883e+02
   8.5954437e+00
   6.1604184e+02
   6.0986803e+02
   3.9609256e+02
   2.0274289e+02
   2.9557637e+02
   9.3900036e+01
   1.8818875e+02
   4.6376140e+02
   6.0728773e+02
   6.2477742e+02
   4.6021990e+02
   6.0761072e+02
   2.8328719e+02
   4.7372215e+02
   5.0760846e+02
   2.6800960e+02
   5.9630016e+02
   3.8266139e+02
   6.3742383e+02
   3.1726493e+02
   1.2059019e+02
   2.6938551e+02
   5.1470116e+02
   5.6086348e+02
   4.5440993e+02
   3.8443927e+02
   4.2851621e+02
   1.7592275e+02
   4.8875244e+02
   4.9071587e+02
   3.4828813e+02
   5.9128910e+02
   1.3858223e+02
   4.8966864e+02
   3.3075744e+02
   8.8251476e+01
   5.7461490e+02
   3.0663478e+02
   5.5398565e+02
   2.4228620e+02
   2.7282008e+01
   2.8551504e+01
   4.5242789e+02
   3.8266847e+02
   4.9426547e+02
   3.6925060e+02
   5.3328367e+02
   4.9911826e+02
   3.1235291e+02
   1.6475079e+02
   8.1703105e+00
   6.0936510e+00
   4.8648667e+02
   1.3341483e+02
   2.3674439e+02
   4.8971122e+02
   1.4764742e+02
   5.4852430e+02
   4.2283096e+02
   6.3823133e+02
   4.6223161e+02
   6.6533283e+01
   4.3336849e+02
   5.6148323e+00
   2.5347559e+02
   4.8467929e+01
   2.8602594e+02
   3.3440045e+02
   1.9983200e+02
   3.6749851e+01
   6.0090711e+02
   2.5199503e+02
   5.8597356e+02
  -1.4985622e+01
   4.7544690e+02
   7.8518866e+01
   1.2645124e+02
   6.0509497e+01
   1.2899882e+02
   5.9931629e+02
   1.1886711e+02
   3.5951402e+02
   1.2005722e+02
   4.3941937e+02
   3.4470470e+02
   7.8136518e+00
   1.7220354e+02
   4.0819950e+02
   6.3518695e+02
   2.7062594e+02
   6.2028824e+02
   1.8820440e+02
   5.9171993e+02
   1.6032377e+02
   4.2540496e+02
   3.5464846e+02
  -1.8614886e+01
   2.3086757e+02
   1.8465272e+02
   3.9110024e+02
   3.0530453e+02
   3.8480135e+02
   3.2162092e+02
   3.2297024e+02
   1.6997534e+02
   2.8719655e+02
   3.3084463e+02
   5.5336702e+02
   3.0945576e+02
   3.4625753e+02
   2.7029771e+02
   3.0234789e+02
   3.6303872e+02
   5.2926078e+02
   7.0710173e+00
   5.1766493e+02
   2.4586688e+02
   4.2397649e+02
   4.9261075e+02
   5.7481007e+02
   4.8166643e+02
   5.6724822e+02
   1.9649208e+02
   1.4675100e+01
   5.2638132e+02
   1.9555976e+02
   6.3441338e+02
   4.2301955e+02
   7.5537933e+00
   2.2368758e+02
   2.9214110e+02
   2.7252147e+02
   2.5786104e+02
   4.9410193e+02
   4.5345027e+02
   5.2783838e+02
   5.9493395e+02
   4.7621216e+02
  -1.1688029e+01
  -5.8384782e+00
   3.9231875e+02
   4.9165283e+02
   3.8127942e+02
   4.9185120e+02
   9.7592015e+01
   5.2618977e+02
   1.6820064e+02
   4.7047501e+01
   8.4751860e+01
   3.2751371e+02
   2.0619721e+02
   2.5205361e+02
   3.5482530e+01
   5.2049158e+02
   4.1932125e+02
   4.6707662e+02
   4.7806349e+02
   6.1343520e+01
   4.5256589e+02
   7.2327542e+00
   5.9117864e+02
   4.8278241e+02
   4.4850834e+02
   4.0376952e+02
   6.3574656e+02
   4.7040691e+02
   5.2220103e+02
   1.5094555e+02
  -1.4412837e+01
   6.1023450e+02
   5.0393174e+02
   2.0137207e+02
   6.0441534e+02
   2.1462711e+02
   1.1000705e+02
   5.4468179e+02
   3.6103651e+02
   7.6521202e+01
   2.1794449e+02
   4.6510130e+02
   3.9466122e+01
   4.4836243e+02
   2.6831822e+02
   8.9504274e+01
  -4.9050564e+00
   2.1151661e+02
   1.1054215e+02
   1.1712717e+02
   5.4172391e+02
   4.5464711e+02
   9.3790560e+01
   6.3860798e+02
   6.1099501e+02
   5.6358403e+02
   5.0228069e+02
   2.9217950e+02
   6.1597700e+02
   1.2682268e+02
   3.0512922e+02
  -1.1351201e+01
   4.3482526e+01
   5.0458683e+02
   5.5104233e+02
   4.4041752e+02
   6.0269571e+02
   4.1602572e+02
   7.2647874e+01
   5.9322401e+02
   3.5162619e+02
   4.5001178e+02
   4.7088735e+01
   5.5331179e+02
   1.1115275e+02
   5.3755541e+02
   6.1277978e+01
   1.2287782e+02
   5.6653080e+02
   2.2263045e+02
   5.2085907e+02
   5.7470465e+02
   3.6374500e+00
  -4.7013675e+00
   5.6148091e+02
   6.3510130e+02
   1.6869013e+02
   3.7577272e+02
   3.6040779e+02
  -2.9249661e+01
   4.3344830e+02
   5.4956530e+02
   4.3473104e+02
   2.5510221e+02
   1.2994594e+01
   4.2288015e+02
   6.0830557e+02
   9.9620370e+01
   4.2652555e+02
   2.9576173e+02
   4.4271692e+02
   5.7025213e+02
   3.9368089e+02
   4.6962186e+02
   5.3239637e+02
   4.6209206e+01
   2.1605061e+02
   2.1309383e+02
   2.5250177e+02
   2.8815575e+01
  -2.7450781e+01
   3.5795109e+02
   3.1165396e+02
   4.7101950e+02
   3.2889257e+02
   9.3850910e+01
   2.1731789e+02
   1.3932062e+02
   3.7287595e+02
   3.5517899e+02
   2.6844687e+02
   6.2633114e+02
  -1.8490599e+01
   5.0345894e+02
   3.8380433e+02
  -6.2631335e+00
  -1.6852990e+01
   1.9218264e+02
   6.2364844e+01
   1.8602468e+02
   4.5805948e+02
   1.6034726e+02
   1.5405018e+02
   5.6139917e+02
   2.9198398e+02
   5.4352793e+02
   1.6950374e+02
   3.3836259e+02
   2.9591699e+02
   5.6965770e+02
   3.5859375e+02
   8.3059766e+01
   3.3735477e+02
   3.0866318e+02
   2.7326218e+02
   2.8502819e+02
   4.8200408e+02
   5.3241067e+02
   3.6451472e+02
   1.4553831e+02
   3.5174928e+02
   3.4209248e+02
   2.1393794e+02
   3.2472067e+02
   2.2871936e+02
   4.2287142e+02
   5.6826079e+01
   1.3486067e+02
   6.0308960e+02
   3.9875020e+02
   5.8720115e+02
   2.2387798e+02
  -2.8854654e+01
   1.2089721e+02
   4.7421343e+02
   3.3996955e+02
   4.5887659e+02
   3.6355226e+02
   4.7839621e+02
   3.2040543e+02
   2.1556445e+02
   1.2348764e+02
   4.3656147e+01
   1.4972458e+02
   6.0084638e+02
   5.2202839e+02
   3.4646379e+02
   4.5374920e+02
   6.3510603e+01
   1.0740283e+02
   1.2786177e+02
   6.4480151e+01
   2.0394594e+02
   6.2743244e+02
   7.4000358e+01
   2.4228523e+01
   5.2166023e+02
   5.0102209e+02
   6.0841343e+02
   5.4649084e+02
   4.9840860e+02
   2.0196827e+02
   4.2668939e+02
   2.2382856e+02
   4.2444594e+02
   1.6954014e+01
   2.8626470e+02
   2.2519935e+02
   1.7681664e+02
   4.3466908e+02
   4.9991850e+02
   4.9682946e+02
   5.7838847e+01
   4.8124253e+02
   4.0988606e+02
   4.4161265e+02
   4.7776419e+02
   4.4001991e+02
   1.7180994e+02
   1.3225695e+02
   2.8660670e+02
   3.8578666e+02
   5.0060633e+02
   3.4790872e+01
  -1.3739979e+01
   8.2715334e+01
   1.3321207e+02
   6.1930845e+02
   3.9461985e+02
   6.3981511e+02
   4.7865348e+02
   3.9245105e+02
   3.5475666e+02
   5.7678117e+01
   5.0290684e+02
   1.1045632e+01
   3.3991744e+02
  -1.1776318e+01
   6.3664148e+02
   2.3280000e+02
   2.7541267e+02
   5.1210224e+02
  -2.3569014e+00
   2.8649522e+02
   2.8400289e+02
   1.8391354e+02
   2.1817757e+02
   2.2930176e+02
   6.3587442e+02
   1.4376140e+00
   2.4364571e+02
   3.8077101e+02
   5.0158942e+02
   3.0141025e+02
   1.0215515e+02
   2.5893209e+02
   4.9265826e+01
   3.0924831e+02
   1.1908863e+02
   2.2067369e+02
   5.5807754e+01
   6.3113040e+02
   6.2894868e+01
   5.5709706e+01
   6.2878191e+02
   3.6527767e+02
   2.3208717e+02
   4.2581565e+02
   4.7000673e+02
   6.0671864e+02
   3.9978271e+02
   4.7919891e+02
   3.0908875e+01
   4.9738143e+02
   1.9053605e+02
   4.1916399e+02
   3.6730701e+02
   2.7533466e+02
   2.8679800e+02
   4.9482580e+02
   5.7665977e+02
   3.1586100e+02
   3.8754828e+02
   4.7072183e+02
   7.7514818e+01
   2.1444895e+01
   2.7193950e+01
   8.8870228e+01
   7.0743519e+01
   1.2649841e+02
   4.6372851e+02
   2.4166447e+02
   5.5653368e+02
   3.0499791e+01
   4.6497718e+00
   2.1967232e+02
   2.7219084e+01
   3.2147456e+02
   4.8970567e+02
   1.6302203e+02
   5.6755106e+01
   6.1344368e+02
   6.3776733e+02
   8.1879888e+01
   3.7337528e+02
   4.7263917e+02
   4.1498379e+02
   1.9478794e+02
   3.3948736e+01
   5.4098212e+02
   3.5570865e+02
   6.1670162e+02
   3.7539920e+01
   2.9661808e+02
   1.7254824e+02
   5.8478440e+02
   6.1678044e+02
   1.9628237e+02
   4.7817133e+02
   1.2942013e+02
   2.9358478e+02
   1.8683393e+02
   3.7568667e+02
   3.5022561e+02
   4.0150025e+02
   1.0108944e+02
   6.0173729e+01
   1.8726207e+02
   2.1401543e+02
   7.9317336e+01
   1.3871633e+02
   6.0388908e+02
   7.0533483e+01
   4.0746139e+02
   3.4430704e+02
   3.4309886e+02
   2.8416070e+01
   5.3360630e+02
   3.6507740e+01
   2.3150915e+02
   6.0796201e+02
   4.7186670e+02
   5.7514761e+02
   6.0093494e+02
   4.6884341e+01
   5.5571625e+02
   2.3002497e+02
   9.1316452e+01
   5.0423890e+02
   4.6029639e+02
   1.4348005e+02
   1.1742095e+02
   2.9840131e+02
   1.6486798e+02
   6.0495502e+02
   6.2135884e+02
   8.4731472e+01
   4.0344985e+02
   3.0079092e+02
   4.5175551e+02
   3.7450612e+01
   8.2083631e+01
   1.1911273e+00
  -2.7815443e+01
   5.1870122e+02
   1.2536874e+02
   2.9443831e+02
   3.6786379e+02
   5.7928833e+02
   2.8810759e+01
   4.4790275e+02
   2.2722997e+02
   4.2942500e+02
   6.2348334e+02
   2.0239353e+02
   4.8788601e+02
   3.0258174e+02
   2.7780143e+02
   6.1450382e+02
   2.7720477e+02
   5.4548676e+02
   6.0206505e+02
  -1.3504105e+01
   3.5204848e+02
   5.1365637e+02
   3.8865619e+02
  -1.4737028e+01
   2.2451026e+01
   5.0832430e+02
   3.1928711e+02
   1.4004665e+02
   7.3501837e+01
   1.6777284e+02
   1.3500148e+01
   4.1850599e+02
   1.9292842e+02
  -2.9273354e+01
   6.0692180e+01
   5.6323409e+02
   1.1909092e+02
   2.2482456e+02
   3.4891741e+02
   3.1698724e+02
   2.4232677e+02
   5.7899823e+02
   6.0174474e+02
   2.3228779e+02
   2.3999126e+02
   1.1841921e+02
   5.3348827e+02
   3.7491290e+02
   1.0507555e+02
   4.2531841e+02
   3.7630336e+02
   4.7701669e+02
   2.6637827e+02
   3.6793219e+02
   6.0237134e+02
   3.6521208e+02
   3.0116523e+02
   1.2904875e+02
   2.4486875e+02
   1.3985546e+02
   4.5204045e+02
   2.1311237e+02
   5.1553617e+02
   5.5103325e+02
   5.1721323e+02
   1.0226505e+02
   5.5086515e+02
  -1.5699391e+01
   7.4738698e+01
   4.6500826e+02
   2.5063099e+02
   6.1356525e+02
   4.9984365e+02
   6.1711499e+02
   1.6709668e+02
   5.4596804e+02
   9.1075568e+01
  -2.9862503e+01
   2.5228629e+02
   5.6608529e+02
   5.2172115e+02
   2.7780436e+02
   4.5409636e+02
   1.7525603e+02
   9.0031848e+01
   3.8839307e+02
   3.2372298e+02
   2.0455693e+02
   9.1251125e+01
   4.2634378e+02
   4.3958807e+02
   3.2890344e+02
   2.8575195e+02
   4.6199145e+02
   5.8024567e+02
   8.6143841e+01
   6.3134183e+02
   1.4324231e+02
   1.6974868e+02
   5.9390727e+01
   4.2703317e+01
   5.7356129e+02
   3.1560173e+02
   2.1588409e+02
   1.2019558e+02
   4.6328648e+02
   1.4167764e+02
   2.4201679e+02
   2.8479032e+02
   3.7145326e+02
   3.6223502e+02
   5.7161502e+02
   4.6743075e+02
   6.0261919e+02
   2.2302595e+02
   6.3074646e+02
   1.6302328e+02
   2.5462213e+02
   5.0591666e+02
   6.0513636e+02
   1.8783777e+02
   6.2255382e+02
   3.4725082e+02
   3.1106157e+02
   2.9036116e+02
   2.4939555e+01
   5.5474470e+02
   7.3860887e+01
   4.8636991e+02
   3.6914523e+02
   2.8887915e+02
   2.9658669e+02
   4.0825475e+02
   1.9698275e+02
   2.3508043e+02
   2.0418672e+02
   2.3505260e+02
   3.4994681e+02
   4.5028238e+02
   1.1597549e+02
   1.7230645e+02
   1.1676216e+02
   2.0379651e+02
   5.4700825e+02
   3.3548128e+02
   3.5791651e+02
   1.0742930e+02
   1.6549502e+02
   1.5382844e+02
   3.8796845e+02
   5.9003901e+02
   3.6789202e+02
   2.6053636e+02
   6.2581629e+02
   2.7604719e+02
   3.1326510e+02
   1.2304610e+02
   5.1771380e+02
   1.1054315e+01
   2.8440057e+02
   3.9694268e+02
   1.1443980e+02
   4.3727345e+02
   2.6334863e+01
   3.8753939e+02
   1.8076433e+02
   3.7673739e+02
   2.3759078e+01
   1.6935057e+02
   3.3446897e+02
   2.8267697e+02
   5.0969551e+02
   5.3129920e+02
   5.0364727e+02
   1.1477944e+02
   5.6140328e+02
   1.6777292e+02
   1.2367693e+02
   5.2966277e+02
   5.2690673e+02
   1.6256047e+02
   4.6839823e+02
   5.4549539e+01
   8.4117058e+01
   3.3085458e+02
   9.3797455e+01
   1.6960884e+02
   4.3370701e+02
   3.5524844e+02
   2.6790913e+02
   5.0728288e+02
   1.6615728e+02
   1.4828309e+02
   5.5529860e+02
   3.5515174e+02
   1.1503936e+01
   4.7430746e+02
   3.6748485e+02
   2.2542809e+02
   3.0895689e+01
   9.6762645e+01
  -1.8122221e+01
   2.2600527e+01
   3.2264415e+02
   2.1292305e+02
   6.1165819e+02
  -2.4958629e+01
   4.3787335e+02
   1.4770654e+02
   3.1049832e+02
   3.4877374e+02
  -6.8389262e+00
   9.2289818e+01
   6.2227199e+02
   5.1943422e+02
   3.1141916e+02
   1.1282965e+02
   6.1120969e+02
   5.4621158e+02
   2.5082851e+02
   3.2255206e+02
   6.3381671e+02
  -2.4335521e+01
   6.2085485e+02
   3.2732074e+02
   3.8858830e+02
   4.8989237e+02
  -4.0034808e+00
   1.7050697e+02
   1.4519649e+02
   3.5413476e+01
   3.8990463e+02
   5.7833241e+02
   3.3375364e+02
   4.3086678e+02
   2.3012741e+01
   9.6792643e+01
   4.2821950e+02
   2.1175959e+02
   2.0879911e+02
  -1.0923124e+01
   4.5073787e+02
   4.3069797e+02
   2.7875230e+02
   5.3757240e+01
   4.6702737e+02
   5.1536283e+02
   3.0692806e+02
   4.5599654e+02
   4.5518212e+02
   4.6916254e+02
   1.0238980e+02
   8.3905341e+01
   5.4989154e+02
   3.4500238e+02
   1.1457367e+02
   5.9908134e+02
   4.9594391e+01
   9.3172919e+01
   5.5435432e+02
  -1.7514779e+01
   5.2680331e+02
   2.3360604e+02
   1.6430111e+02
   5.1685189e+02
   3.2825253e+02
   2.8471413e+02
   3.0808651e+02
   5.4316848e+02
   4.7737176e+02
   4.3621232e+02
   5.0811617e+02
   2.6963993e+02
   3.0042445e+01
   2.8238147e+02
   8.3273841e+01
   3.9443144e+02
   4.5506976e+01
   1.7904445e+02
   4.6022610e+02
   1.1062068e+02
   3.1766758e+02
   2.2968889e+02
   4.9781200e+02
   2.0569780e+02
   4.7232448e+01
   3.6762262e+02
   2.1943474e+02
  -2.9742703e+01
   5.1195624e+02
   1.0979768e+02
   3.3531528e+01
   3.4410998e+02
   2.7846452e+02
   5.8489088e+02
   5.9727556e+01
   6.2316834e+02
   9.8826565e+01
   1.8832788e+02
   5.8192266e+02
   3.5478632e+02
   2.7130398e+02
   5.1793270e+02
   2.4097497e+02
   5.5688194e+02
   6.2749744e+02
   5.6576506e+02
   3.6888544e+02
  -1.1441535e+01
   1.3396154e+02
   6.1264438e+02
   2.0825510e+01
   6.3726527e+00
   3.6748752e+02
   4.5060059e+02
   2.5589601e+02
   6.3441721e+02
   5.4599224e+01
   6.0871317e+02
   3.6152451e+02
   5.6007025e+02
   2.3248428e+02
   1.2615245e+02
   3.9505941e+02
   5.9926999e+02
   2.8575341e+02
  -9.9168916e+00
   3.3930086e+02
   3.3904702e+02
   2.0823337e+02
   1.7759995e+02
   1.3707509e+02
   9.6221903e+01
   1.2225220e+02
   2.5442265e+02
   1.4882765e+02
   3.8648856e+01
  -1.8498158e+01
   4.8530059e+02
   3.2573642e+02
   4.2791665e+02
   2.4150005e+02
   1.5388012e+02
   3.2793795e+02
   5.9404112e+02
   1.2524663e+02
   6.3623494e+02
   1.3993332e+02
   4.6206435e+02
   3.0029376e+02
   3.0935071e+02
   3.4185369e+01
   1.1584225e+02
   2.3726844e+02
   5.4578901e+02
   3.1362992e+01
   3.3128271e+02
   2.4947451e+02
   4.1249313e+01
   1.3750371e+02
  -1.2462403e+01
   5.1269969e+02
   6.1868211e+02
   2.9106868e+02
   5.6784803e+02
   3.2300157e+02
   9.6798744e+01
   7.1203589e+01
   5.7028277e+01
   5.8561099e+02
  -6.0664041e+00
   3.8706652e+02
   1.1141355e+02
   1.9456554e+02
   5.3831153e+02
   4.2120081e+02
   5.4712793e+02
   8.2718818e+01
   6.0336607e+02
   1.1895895e+02
   2.2185227e+02
   5.6869228e+02
  -1.3790038e+01
   4.7829079e+02
   7.5061762e+01
   4.3763643e+02
   5.4189047e+02
   2.9223912e+02
   4.2030016e+02
   1.7737366e+02
   4.9729527e+02
   1.1150174e+02
  -1.8875496e+01
   5.7212239e+00
   4.1489953e+02
   5.7850698e+02
   2.8406999e+02
   4.3316647e+02
   2.3768823e+02
   2.0862781e+02
   1.1541762e+02
   4.8334966e+02
   1.3343458e+02
   6.0388051e+02
   5.7962366e+02
   1.3596042e+02
   5.0478679e+02
   2.7061308e+02
   2.0525107e+02
   1.2633114e+02
   2.8344490e+02
   2.4241027e+02
   4.2642444e+02
   5.2037846e+02
  -2.6698761e+01
   2.0118655e+02
   7.9249681e+01
   4.0753716e+02
   3.3531380e+02
   5.7602536e+02
   4.3532225e+02
   4.4487532e+02
   5.9395406e+02
   2.7048478e+02
   5.2356310e+02
   1.5903367e+02
   3.3333606e+02
   6.2941214e+02
   1.4824992e+02
   5.8172099e+02
   4.4768589e+02
   3.9069254e+02
   1.4709249e+02
   1.5453748e+02
   2.7294702e+02
   4.8376958e+02
   1.7372340e+02
   5.8125953e+02
   2.3138890e+02
   2.8500409e+02
   4.1041228e+02
   6.1592127e+02
   2.3047219e+02
   5.6265569e+02
   9.9132725e+01
   3.5515010e+02
   2.5957493e+02
   1.1281648e+02
   6.0500624e+02
   2.9047868e+02
   4.0424898e+02
   8.6730296e+01
   1.4312003e+02
   5.1206648e+02
   2.5580480e+02
   1.2074447e+02
   3.4543064e+02
  -1.3774519e+01
  -4.0158625e+00
   1.0251472e+02
   6.3970368e+02
   3.3943970e+02
   3.5175588e+02
   4.4319625e+02
   3.4807969e+01
   4.8189189e+02
   5.7849806e+02
   5.8617943e+02
   5.0211421e+02
   5.0847697e+02
   2.8412903e+02
   5.1315049e+02
   4.0072831e+02
   6.3220937e+02
   4.2594794e+02
  -4.9143706e+00
   2.0671535e+02
   1.5736758e+02
   4.8646461e+02
   4.8808416e+02
   6.4676524e+00
  -1.5493279e+00
   4.1514990e+02
   4.5209153e+02
   5.0632353e+02
   4.4177292e+01
   6.1680970e+01
   1.9458797e+02
   1.9197768e+02
   2.9871678e+01
   1.1229886e+02
   5.9805338e+02
   1.0678648e+01
   5.4138176e+01
   3.0037972e+02
   4.1886418e+02
   5.0033028e+02
   2.7784205e+02
   1.9755750e+01
   9.8274731e+01
   5.5418687e+02
   3.9903561e+02
   2.2603142e+02
   1.1175362e+02
   4.1887305e+02
   4.3083366e+02
   5.0233443e+02
   4.6479883e+02
   8.5954437e+00
   6.1604184e+02
   6.0986803e+02
   3.9609256e+02
   2.0274289e+02
   2.9557637e+02
   9.3900036e+01
   1.8818875e+02
   4.6376140e+02
   6.0728773e+02
   6.2477742e+02
   4.6021990e+02
   6.0761072e+02
   2.8328719e+02
   4.7372215e+02
   5.0760846e+02
   2.6800960e+02
   5.9630016e+02
   3.8266139e+02
   6.3742383e+02
   3.1726493e+02
   1.2059019e+02
   2.6938551e+02
   5.1470116e+02
   5.6086348e+02
   4.5440993e+02
   3.8443927e+02
   4.2851621e+02
   1.7592275e+02
   4.8875244e+02
   4.9071587e+02
   3.4828813e+02
   5.9128910e+02
   1.3858223e+02
   4.8966864e+02
   3.3075744e+02
   8.8251476e+01
   5.7461490e+02
   3.0663478e+02
   5.5398565e+02
   2.4228620e+02
   2.7282008e+01
   2.8551504e+01
   4.5242789e+02
   3.8266847e+02
   4.9426547e+02
   3.6925060e+02
   5.3328367e+02
   4.9911826e+02
   3.1235291e+02
   1.6475079e+02
   8.1703105e+00
   6.0936510e+00
   4.8648667e+02
   1.3341483e+02
   2.3674439e+02
   4.8971122e+02
   1.4764742e+02
   5.4852430e+02
   4.2283096e+02
   6.3823133e+02
   4.6223161e+02
   6.6533283e+01
   4.3336849e+02
   5.6148323e+00
   2.5347559e+02
   4.8467929e+01
   2.8602594e+02
   3.3440045e+02
   1.9983200e+02
   3.6749851e+01
   6.0090711e+02
   2.5199503e+02
   5.8597356e+02
  -1.4985622e+01
   4.7544690e+02
   7.8518866e+01
   1.2645124e+02
   6.0509497e+01
   1.2899882e+02
   5.9931629e+02
   1.1886711e+02
   3.5951402e+02
   1.2005722e+02
   4.3941937e+02
   3.4470470e+02
   7.8136518e+00
   1.7220354e+02
   4.0819950e+02
   6.3518695e+02
   2.7062594e+02
   6.2028824e+02
   1.8820440e+02
   5.9171993e+02
   1.6032377e+02
   4.2540496e+02
   3.5464846e+02
  -1.8614886e+01
   2.3086757e+02
   1.8465272e+02
   3.9110024e+02
   3.0530453e+02
   3.8480135e+02
   3.2162092e+02
   3.2297024e+02
   1.6997534e+02
   2.8719655e+02
   3.3084463e+02
   5.5336702e+02
   3.0945576e+02
   3.4625753e+02
   2.7029771e+02
   3.0234789e+02
   3.6303872e+02
   5.2926078e+02
   7.0710173e+00
   5.1766493e+02
   2.4586688e+02
   4.2397649e+02
   4.9261075e+02
   5.7481007e+02
   4.8166643e+02
   5.6724822e+02
   1.9649208e+02
   1.4675100e+01
   5.2638132e+02
   1.9555976e+02
   6.3441338e+02
   4.2301955e+02
   7.5537933e+00
   2.2368758e+02
   2.9214110e+02
   2.7252147e+02
   2.5786104e+02
   4.9410193e+02
   4.5345027e+02
   5.2783838e+02
   5.9493395e+02
   4.7621216e+02
  -1.1688029e+01
  -5.8384782e+00
   3.9231875e+02
   4.9165283e+02
   3.8127942e+02
   4.9185120e+02
   9.7592015e+01
   5.2618977e+02
   1.6820064e+02
   4.7047501e+01
   8.4751860e+01
   3.2751371e+02
   2.0619721e+02
   2.5205361e+02
   3.5482530e+01
   5.2049158e+02
   4.1932125e+02
   4.6707662e+02
   4.7806349e+02
   6.1343520e+01
   4.5256589e+02
   7.2327542e+00
   5.9117864e+02
   4.8278241e+02
   4.4850834e+02
   4.0376952e+02
   6.3574656e+02
   4.7040691e+02
   5.2220103e+02
   1.5094555e+02
  -1.4412837e+01
   6.1023450e+02
   5.0393174e+02
   2.0137207e+02
   6.0441534e+02
   2.1462711e+02
   1.1000705e+02
   5.4468179e+02
   3.6103651e+02
   7.6521202e+01
   2.1794449e+02
   4.6510130e+02
   3.9466122e+01
   4.4836243e+02
   2.6831822e+02
   8.9504274e+01
  -4.9050564e+00
   2.1151661e+02
   1.1054215e+02
   1.1712717e+02
   5.4172391e+02
   4.5464711e+02
   9.3790560e+01
   6.3860798e+02
   6.1099501e+02
   5.6358403e+02
   5.0228069e+02
   2.9217950e+02
   6.1597700e+02
   1.2682268e+02
   3.0512922e+02
  -1.1351201e+01
   4.3482526e+01
   5.0458683e+02
   5.5104233e+02
   4.4041752e+02
   6.0269571e+02
   4.1602572e+02
   7.2647874e+01
   5.9322401e+02
   3.5162619e+02
   4.5001178e+02
   4.7088735e+01
   5.5331179e+02
   1.1115275e+02
   5.3755541e+02
   6.1277978e+01
   1.2287782e+02
   5.6653080e+02
   2.2263045e+02
   5.2085907e+02
   5.7470465e+02
   3.6374500e+00
  -4.7013675e+00
   5.6148091e+02
   6.3510130e+02
   1.6869013e+02
   3.7577272e+02
   3.6040779e+02
  -2.9249661e+01
   4.3344830e+02
   5.4956530e+02
   4.3473104e+02
   2.5510221e+02
   1.2994594e+01
   4.2288015e+02
   6.0830557e+02
   9.9620370e+01
   4.2652555e+02
   2.9576173e+02
   4.4271692e+02
   5.7025213e+02
   3.9368089e+02
   4.6962186e+02
   5.3239637e+02
   4.6209206e+01
   2.1605061e+02
   2.1309383e+02
   2.5250177e+02
   2.8815575e+01
  -2.7450781e+01
   3.5795109e+02
   3.1165396e+02
   4.7101950e+02
   3.2889257e+02
   9.3850910e+01
   2.1731789e+02
   1.3932062e+02
   3.7287595e+02
   3.5517899e+02
   2.6844687e+02
   6.2633114e+02
  -1.8490599e+01
   5.0345894e+02
   3.8380433e+02
  -6.2631335e+00
  -1.6852990e+01
   1.9218264e+02
   6.2364844e+01
   1.8602468e+02
   4.5805948e+02
   1.6034726e+02
   1.5405018e+02
   5.6139917e+02
   2.9198398e+02
   5.4352793e+02
   1.6950374e+02
   3.3836259e+02
   2.9591699e+02
   5.6965770e+02
   3.5859375e+02
   8.3059766e+01
   3.3735477e+02
   3.0866318e+02
   2.7326218e+02
   2.8502819e+02
   4.8200408e+02
   5.3241067e+02
   3.6451472e+02
   1.4553831e+02
   3.5174928e+02
   3.4209248e+02
   2.1393794e+02
   3.2472067e+02
   2.2871936e+02
   4.2287142e+02
   5.6826079e+01
   1.3486067e+02
   6.0308960e+02
   3.9875020e+02
   5.8720115e+02
   2.2387798e+02
  -2.8854654e+01
   1.2089721e+02
   4.7421343e+02
   3.3996955e+02
   4.5887659e+02
   3.6355226e+02
   4.7839621e+02
   3.2040543e+02
   2.1556445e+02
   1.2348764e+02
   4.3656147e+01
   1.4972458e+02
   6.0084638e+02
   5.2202839e+02
   3.4646379e+02
   4.5374920e+02
   6.3510603e+01
   1.0740283e+02
   1.2786177e+02
   6.4480151e+01
   2.0394594e+02
   6.2743244e+02
   7.4000358e+01
   2.4228523e+01
   5.2166023e+02
   5.0102209e+02
   6.0841343e+02
   5.4649084e+02
   4.9840860e+02
   2.0196827e+02
   4.2668939e+02
   2.2382856e+02
   4.2444594e+02
   1.6954014e+01
   2.8626470e+02
   2.2519935e+02
   1.7681664e+02
   4.3466908e+02
   4.9991850e+02
   4.9682946e+02
   5.7838847e+01
   4.8124253e+02
   4.0988606e+02
   4.4161265e+02
   4.7776419e+02
   4.4001991e+02
   1.7180994e+02
   1.3225695e+02
   2.8660670e+02
   3.8578666e+02
   5.0060633e+02
   3.4790872e+01
  -1.3739979e+01
   8.2715334e+01
   1.3321207e+02
   6.1930845e+02
   3.9461985e+02
   6.3981511e+02
   4.7865348e+02
   3.9245105e+02
   3.5475666e+02
   5.7678117e+01
   5.0290684e+02
   1.1045632e+01
   3.3991744e+02
  -1.1776318e+01
   6.3664148e+02
   2.3280000e+02
   2.7541267e+02
   5.1210224e+02
  -2.3569014e+00
   2.8649522e+02
   2.8400289e+02
   1.8391354e+02
   2.1817757e+02
   2.2930176e+02
   6.3587442e+02
   1.4376140e+00
   2.4364571e+02
   3.8077101e+02
   5.0158942e+02
   3.0141025e+02
   1.0215515e+02
   2.5893209e+02
   4.9265826e+01
   3.0924831e+02
   1.1908863e+02
   2.2067369e+02
   5.5807754e+01
   6.3113040e+02
   6.2894868e+01
   5.5709706e+01
   6.2878191e+02
   3.6527767e+02
   2.3208717e+02
   4.2581565e+02
   4.7000673e+02
   6.0671864e+02
   3.9978271e+02
   4.7919891e+02
   3.0908875e+01
   4.9738143e+02
   1.9053605e+02
   4.1916399e+02
   3.6730701e+02
   2.7533466e+02
   2.8679800e+02
   4.9482580e+02
   5.7665977e+02
   3.1586100e+02
   3.8754828e+02
   4.7072183e+02
   7.7514818e+01
   2.1444895e+01
   2.7193950e+01
   8.8870228e+01
   7.0743519e+01
   1.2649841e+02
   4.6372851e+02
   2.4166447e+02
   5.5653368e+02
   3.0499791e+01
   4.6497718e+00
   2.1967232e+02
   2.7219084e+01
   3.2147456e+02
   4.8970567e+02
   1.6302203e+02
   5.6755106e+01
   6.1344368e+02
   6.3776733e+02
   8.1879888e+01
   3.7337528e+02
   4.7263917e+02
   4.1498379e+02
   1.9478794e+02
   3.3948736e+01
   5.4098212e+02
   3.5570865e+02
   6.1670162e+02
   3.7539920e+01
   2.9661808e+02
   1.7254824e+02
   5.8478440e+02
   6.1678044e+02
   1.9628237e+02
   4.7817133e+02
   1.2942013e+02
   2.9358478e+02
   1.8683393e+02
   3.7568667e+02
   3.5022561e+02
   4.0150025e+02
   1.0108944e+02
   6.0173729e+01
   1.8726207e+02
   2.1401543e+02
   7.9317336e+01
   1.3871633e+02
   6.0388908e+02
   7.0533483e+01
   4.0746139e+02
   3.4430704e+02
   3.4309886e+02
   2.8416070e+01
   5.3360630e+02
   3.6507740e+01
   2.3150915e+02
   6.0796201e+02
   4.7186670e+02
   5.7514761e+02
   6.0093494e+02
   4.6884341e+01
   5.5571625e+02
   2.3002497e+02
   9.1316452e+01
   5.0423890e+02
   4.6029639e+02
   1.4348005e+02
   1.1742095e+02
   2.9840131e+02
   1.6486798e+02
   6.0495502e+02
   6.2135884e+02
   8.4731472e+01
   4.0344985e+02
   3.0079092e+02
   4.5175551e+02
   3.7450612e+01
   8.2083631e+01
   1.1911273e+00
  -2.7815443e+01
   5.1870122e+02
   1.2536874e+02
   2.9443831e+02
   3.6786379e+02
   5.7928833e+02
   2.8810759e+01
   4.4790275e+02
   2.2722997e+02
   4.2942500e+02
   6.2348334e+02
   2.0239353e+02
   4.8788601e+02
   3.0258174e+02
   2.7780143e+02
   6.1450382e+02
   2.7720477e+02
   5.4548676e+02
   6.0206505e+02
  -1.3504105e+01
   3.5204848e+02
   5.1365637e+02
   3.8865619e+02
  -1.4737028e+01
   2.2451026e+01
   5.0832430e+02
   3.1928711e+02
   1.4004665e+02
   7.3501837e+01
   1.6777284e+02
   1.3500148e+01
   4.1850599e+02
   1.9292842e+02
  -2.9273354e+01
   6.0692180e+01
   5.6323409e+02
   1.1909092e+02
   2.2482456e+02
   3.4891741e+02
   3.1698724e+02
   2.4232677e+02
   5.7899823e+02
   6.0174474e+02
   2.3228779e+02
   2.3999126e+02
   1.1841921e+02
   5.3348827e+02
   3.7491290e+02
   1.0507555e+02
   4.2531841e+02
   3.7630336e+02
   4.7701669e+02
   2.6637827e+02
   3.6793219e+02
   6.0237134e+02
   3.6521208e+02
   3.0116523e+02
   1.2904875e+02
   2.4486875e+02
   1.3985546e+02
   4.5204045e+02
   2.1311237e+02
   5.1553617e+02
   5.5103325e+02
   5.1721323e+02
   1.0226505e+02
   5.5086515e+02
  -1.5699391e+01
   7.4738698e+01
   4.6500826e+02
   2.5063099e+02
   6.1356525e+02
   4.9984365e+02
   6.1711499e+02
   1.6709668e+02
   5.4596804e+02
   9.1075568e+01
  -2.9862503e+01
   2.5228629e+02
   5.6608529e+02
   5.2172115e+02
   2.7780436e+02
   4.5409636e+02
   1.7525603e+02
   9.0031848e+01
   3.8839307e+02
   3.2372298e+02
   2.0455693e+02
   9.1251125e+01
   4.2634378e+02
   4.3958807e+02
   3.2890344e+02
   2.8575195e+02
   4.6199145e+02
   5.8024567e+02
   8.6143841e+01
   6.3134183e+02
   1.4324231e+02
   1.6974868e+02
   5.9390727e+01
   4.2703317e+01
   5.7356129e+02
   3.1560173e+02
   2.1588409e+02
   1.2019558e+02
   4.6328648e+02
   1.4167764e+02
   2.4201679e+02
   2.8479032e+02
   3.7145326e+02
   3.6223502e+02
   5.7161502e+02
   4.6743075e+02
   6.0261919e+02
   2.2302595e+02
   6.3074646e+02
   1.6302328e+02
   2.5462213e+02
   5.0591666e+02
   6.0513636e+02
   1.8783777e+02
   6.2255382e+02
   3.4725082e+02
   3.1106157e+02
   2.9036116e+02
   2.4939555e+01
   5.5474470e+02
   7.3860887e+01
   4.8636991e+02
   3.6914523e+02
   2.8887915e+02
   2.9658669e+02
   4.0825475e+02
   1.9698275e+02
   2.3508043e+02
   2.0418672e+02
   2.3505260e+02
   3.4994681e+02
   4.5028238e+02
   1.1597549e+02
   1.7230645e+02
   1.1676216e+02
   2.0379651e+02
   5.4700825e+02
   3.3548128e+02
   3.5791651e+02
   1.0742930e+02
   1.6549502e+02
   1.5382844e+02
   3.8796845e+02
   5.9003901e+02
   3.6789202e+02
   2.6053636e+02
   6.2581629e+02
   2.7604719e+02
   3.1326510e+02
   1.2304610e+02
   5.1771380e+02
   1.1054315e+01
   2.8440057e+02
   3.9694268e+02
   1.1443980e+02
   4.3727345e+02
   2.6334863e+01
   3.8753939e+02
   1.8076433e+02
   3.7673739e+02
   2.3759078e+01
   1.6935057e+02
   3.3446897e+02
   2.8267697e+02
   5.0969551e+02
   5.3129920e+02
   5.0364727e+02
   1.1477944e+02
   5.6140328e+02
   1.6777292e+02
   1.2367693e+02
   5.2966277e+02
   5.2690673e+02
   1.6256047e+02
   4.6839823e+02
   5.4549539e+01
   8.4117058e+01
   3.3085458e+02
   9.3797455e+01
   1.6960884e+02
   4.3370701e+02
   3.5524844e+02
   2.6790913e+02
   5.0728288e+02
   1.6615728e+02
   1.4828309e+02
   5.5529860e+02
   3.5515174e+02
   1.1503936e+01
   4.7430746e+02
   3.6748485e+02
   2.2542809e+02
   3.0895689e+01
   9.6762645e+01
  -1.8122221e+01
   2.2600527e+01
   3.2264415e+02
   2.1292305e+02
   6.1165819e+02
  -2.4958629e+01
   4.3787335e+02
   1.4770654e+02
   3.1049832e+02
   3.4877374e+02
  -6.8389262e+00
   9.2289818e+01
   6.2227199e+02
   5.1943422e+02
   3.1141916e+02
   1.1282965e+02
   6.1120969e+02
   5.4621158e+02
   2.5082851e+02
   3.2255206e+02
   6.3381671e+02
  -2.4335521e+01
   6.2085485e+02
   3.2732074e+02
   3.8858830e+02
   4.8989237e+02
  -4.0034808e+00
   1.7050697e+02
   1.4519649e+02
   3.5413476e+01
   3.8990463e+02
   5.7833241e+02
   3.3375364e+02
   4.3086678e+02
   2.3012741e+01
   9.6792643e+01
   4.2821950e+02
   2.1175959e+02
   2.0879911e+02
  -1.0923124e+01
   4.5073787e+02
   4.3069797e+02
   2.7875230e+02
   5.3757240e+01
   4.6702737e+02
   5.1536283e+02
   3.0692806e+02
   4.5599654e+02
   4.5518212e+02
   4.6916254e+02
   1.0238980e+02
   8.3905341e+01
   5.4989154e+02
   3.4500238e+02
   1.1457367e+02
   5.9908134e+02
   4.9594391e+01
   9.3172919e+01
   5.5435432e+02
  -1.7514779e+01
   5.2680331e+02
   2.3360604e+02
   1.6430111e+02
   5.1685189e+02
   3.2825253e+02
   2.8471413e+02
   3.0808651e+02
   5.4316848e+02
   4.7737176e+02
   4.3621232e+02
   5.0811617e+02
   2.6963993e+02
   3.0042445e+01
   2.8238147e+02
   8.3273841e+01
   3.9443144e+02
   4.5506976e+01
   1.7904445e+02
   4.6022610e+02
   1.1062068e+02
   3.1766758e+02
   2.2968889e+02
   4.9781200e+02
   2.0569780e+02
   4.7232448e+01
   3.6762262e+02
   2.1943474e+02
  -2.9742703e+01
   5.1195624e+02
   1.0979768e+02
   3.3531528e+01
   3.4410998e+02
   2.7846452e+02
   5.8489088e+02
   5.9727556e+01
   6.2316834e+02
   9.8826565e+01
   1.8832788e+02
   5.8192266e+02
   3.5478632e+02
   2.7130398e+02
   5.1793270e+02
   2.4097497e+02
   5.5688194e+02
   6.2749744e+02
   5.6576506e+02
   3.6888544e+02
  -1.1441535e+01
   1.3396154e+02
   6.1264438e+02
   2.0825510e+01
   6.3726527e+00
   3.6748752e+02
   4.5060059e+02
   2.5589601e+02
   6.3441721e+02
   5.4599224e+01
   6.0871317e+02
   3.6152451e+02
   5.6007025e+02
   2.3248428e+02
   1.2615245e+02
   3.9505941e+02
   5.9926999e+02
   2.8575341e+02
  -9.9168916e+00
   3.3930086e+02
   3.3904702e+02
   2.0823337e+02
   1.7759995e+02
   1.3707509e+02
   9.6221903e+01
   1.2225220e+02
   2.5442265e+02
   1.4882765e+02
   3.8648856e+01
  -1.8498158e+01
   4.8530059e+02
   3.2573642e+02
   4.2791665e+02
   2.4150005e+02
   1.5388012e+02
   3.2793795e+02
   5.9404112e+02
   1.2524663e+02
   6.3623494e+02
   1.3993332e+02
   4.6206435e+02
   3.0029376e+02
   3.0935071e+02
   3.4185369e+01
   1.1584225e+02
   2.3726844e+02
   5.4578901e+02
   3.1362992e+01
   3.3128271e+02
   2.4947451e+02
   4.1249313e+01
   1.3750371e+02
  -1.2462403e+01
   5.1269969e+02
   6.1868211e+02
   2.9106868e+02
   5.6784803e+02
   3.2300157e+02
   9.6798744e+01
   7.1203589e+01
   5.7028277e+01
   5.8561099e+02
  -6.0664041e+00
   3.8706652e+02
   1.1141355e+02
   1.9456554e+02
   5.3831153e+02
   4.2120081e+02
   5.4712793e+02
   8.2718818e+01
   6.0336607e+02
   1.1895895e+02
   2.2185227e+02
   5.6869228e+02
  -1.3790038e+01
   4.7829079e+02
   7.5061762e+01
   4.3763643e+02
   5.4189047e+02
   2.9223912e+02
   4.2030016e+02
   1.7737366e+02
   4.9729527e+02
   1.1150174e+02
  -1.8875496e+01
   5.7212239e+00
   4.1489953e+02
   5.7850698e+02
   2.8406999e+02
   4.3316647e+02
   2.3768823e+02
   2.0862781e+02
   1.1541762e+02
   4.8334966e+02
   1.3343458e+02
   6.0388051e+02
   5.7962366e+02
   1.3596042e+02
   5.0478679e+02
   2.7061308e+02
   2.0525107e+02
   1.2633114e+02
   2.8344490e+02
   2.4241027e+02
   4.2642444e+02
   5.2037846e+02
  -2.6698761e+01
   2.0118655e+02
   7.9249681e+01
   4.0753716e+02
   3.3531380e+02
   5.7602536e+02
   4.3532225e+02
   4.4487532e+02
   5.9395406e+02
   2.7048478e+02
   5.2356310e+02
   1.5903367e+02
   3.3333606e+02
   6.2941214e+02
   1.4824992e+02
   5.8172099e+02
   4.4768589e+02
   3.9069254e+02
   1.4709249e+02
   1.5453748e+02
   2.7294702e+02
   4.8376958e+02
   1.7372340e+02
   5.8125953e+02
   2.3138890e+02
   2.8500409e+02
   4.1041228e+02
   6.1592127e+02
   2.3047219e+02
   5.6265569e+02
   9.9132725e+01
   3.5515010e+02
   2.5957493e+02
   1.1281648e+02
   6.0500624e+02
   2.9047868e+02
   4.0424898e+02
   8.6730296e+01
   1.4312003e+02
   5.1206648e+02
   2.5580480e+02
   1.2074447e+02
   3.4543064e+02
  -1.3774519e+01
  -4.0158625e+00
   1.0251472e+02
   6.3970368e+02
   3.3943970e+02
   3.5175588e+02
   4.4319625e+02
   3.4807969e+01
   4.8189189e+02
   5.7849806e+02
   5.8617943e+02
   5.0211421e+02
   5.0847697e+02
   2.8412903e+02
   5.1315049e+02
   4.0072831e+02
   6.3220937e+02
   4.2594794e+02
  -4.9143706e+00
   2.0671535e+02
   1.5736758e+02
   4.8646461e+02
   4.8808416e+02
   6.4676524e+00
  -1.5493279e+00
   4.1514990e+02
   4.5209153e+02
   5.0632353e+02
   4.4177292e+01
   6.1680970e+01
   1.9458797e+02
   1.9197768e+02
   2.9871678e+01
   1.1229886e+02
   5.9805338e+02
   1.0678648e+01
   5.4138176e+01
   3.0037972e+02
   4.1886418e+02
   5.0033028e+02
   2.7784205e+02
   1.9755750e+01
   9.8274731e+01
   5.5418687e+02
   3.9903561e+02
   2.2603142e+02
   1.1175362e+02
   4.1887305e+02
   4.3083366e+02
   5.0233443e+02
   4.6479883e+02
   8.5954437e+00
   6.1604184e+02
   6.0986803e+02
   3.9609256e+02
   2.0274289e+02
   2.9557637e+02
   9.3900036e+01
   1.8818875e+02
   4.6376140e+02
   6.0728773e+02
   6.2477742e+02
   4.6021990e+02
   6.0761072e+02
   2.8328719e+02
   4.7372215e+02
   5.0760846e+02
   2.6800960e+02
   5.9630016e+02
   3.8266139e+02
   6.3742383e+02
   3.1726493e+02
   1.2059019e+02
   2.6938551e+02
   5.1470116e+02
   5.6086348e+02
   4.5440993e+02
   3.8443927e+02
   4.2851621e+02
   1.7592275e+02
   4.8875244e+02
   4.9071587e+02
   3.4828813e+02
   5.9128910e+02
   1.3858223e+02
   4.8966864e+02
   3.3075744e+02
   8.8251476e+01
   5.7461490e+02
   3.0663478e+02
   5.5398565e+02
   2.4228620e+02
   2.7282008e+01
   2.8551504e+01
   4.5242789e+02
   3.8266847e+02
   4.9426547e+02
   3.6925060e+02
   5.3328367e+02
   4.9911826e+02
   3.1235291e+02
   1.6475079e+02
   8.1703105e+00
   6.0936510e+00
   4.8648667e+02
   1.3341483e+02
   2.3674439e+02
   4.8971122e+02
   1.4764742e+02
   5.4852430e+02
   4.2283096e+02
   6.3823133e+02
   4.6223161e+02
   6.6533283e+01
   4.3336849e+02
   5.6148323e+00
   2.5347559e+02
   4.8467929e+01
   2.8602594e+02
   3.3440045e+02
   1.9983200e+02
   3.6749851e+01
   6.0090711e+02
   2.5199503e+02
   5.8597356e+02
  -1.4985622e+01
   4.7544690e+02
   7.8518866e+01
   1.2645124e+02
   6.0509497e+01
   1.2899882e+02
   5.9931629e+02
   1.1886711e+02
   3.5951402e+02
   1.2005722e+02
   4.3941937e+02
   3.4470470e+02
   7.8136518e+00
   1.7220354e+02
   4.0819950e+02
   6.3518695e+02
   2.7062594e+02
   6.2028824e+02
   1.8820440e+02
   5.9171993e+02
   1.6032377e+02
   4.2540496e+02
   3.5464846e+02
  -1.8614886e+01
   2.3086757e+02
   1.8465272e+02
   3.9110024e+02
   3.0530453e+02
   3.8480135e+02
   3.2162092e+02
   3.2297024e+02
   1.6997534e+02
   2.8719655e+02
   3.3084463e+02
   5.5336702e+02
   3.0945576e+02
   3.4625753e+02
   2.7029771e+02
   3.0234789e+02
   3.6303872e+02
   5.2926078e+02
   7.0710173e+00
   5.1766493e+02
   2.4586688e+02
   4.2397649e+02
   4.9261075e+02
   5.7481007e+02
   4.8166643e+02
   5.6724822e+02
   1.9649208e+02
   1.4675100e+01
   5.2638132e+02
   1.9555976e+02
   6.3441338e+02
   4.2301955e+02
   7.5537933e+00
   2.2368758e+02
   2.9214110e+02
   2.7252147e+02
   2.5786104e+02
   4.9410193e+02
   4.5345027e+02
   5.2783838e+02
   5.9493395e+02
   4.7621216e+02
  -1.1688029e+01
  -5.8384782e+00
   3.9231875e+02
   4.9165283e+02
   3.8127942e+02
   4.9185120e+02
   9.7592015e+01
   5.2618977e+02
   1.6820064e+02
   4.7047501e+01
   8.4751860e+01
   3.2751371e+02
   2.0619721e+02
   2.5205361e+02
   3.5482530e+01
   5.2049158e+02
   4.1932125e+02
   4.6707662e+02
   4.7806349e+02
   6.1343520e+01
   4.5256589e+02
   7.2327542e+00
   5.9117864e+02
   4.8278241e+02
   4.4850834e+02
   4.0376952e+02
   6.3574656e+02
   4.7040691e+02
   5.2220103e+02
   1.5094555e+02
  -1.4412837e+01
   6.1023450e+02
   5.0393174e+02
   2.0137207e+02
   6.0441534e+02
   2.1462711e+02
   1.1000705e+02
   5.4468179e+02
   3.6103651e+02
   7.6521202e+01
   2.1794449e+02
   4.6510130e+02
   3.9466122e+01
   4.4836243e+02
   2.6831822e+02
   8.9504274e+01
  -4.9050564e+00
   2.1151661e+02
   1.1054215e+02
   1.1712717e+02
   5.4172391e+02
   4.5464711e+02
   9.3790560e+01
   6.3860798e+02
   6.1099501e+02
   5.6358403e+02
   5.0228069e+02
   2.9217950e+02
   6.1597700e+02
   1.2682268e+02
   3.0512922e+02
  -1.1351201e+01
   4.3482526e+01
   5.0458683e+02
   5.5104233e+02
   4.4041752e+02
   6.0269571e+02
   4.1602572e+02
   7.2647874e+01
   5.9322401e+02
   3.5162619e+02
   4.5001178e+02
   4.7088735e+01
   5.5331179e+02
   1.1115275e+02
   5.3755541e+02
   6.1277978e+01
   1.2287782e+02
   5.6653080e+02
   2.2263045e+02
   5.2085907e+02
   5.7470465e+02
   3.6374500e+00
  -4.7013675e+00
   5.6148091e+02
   6.3510130e+02
   1.6869013e+02
   3.7577272e+02
   3.6040779e+02
  -2.9249661e+01
   4.3344830e+02
   5.4956530e+02
   4.3473104e+02
   2.5510221e+02
   1.2994594e+01
   4.2288015e+02
   6.0830557e+02
   9.9620370e+01
   4.2652555e+02
   2.9576173e+02
   4.4271692e+02
   5.7025213e+02
   3.9368089e+02
   4.6962186e+02
   5.3239637e+02
   4.6209206e+01
   2.1605061e+02
   2.1309383e+02
   2.5250177e+02
   2.8815575e+01
  -2.7450781e+01
   3.5795109e+02
   3.1165396e+02
   4.7101950e+02
   3.2889257e+02
   9.3850910e+01
   2.1731789e+02
   1.3932062e+02
   3.7287595e+02
   3.5517899e+02
   2.6844687e+02
   6.2633114e+02
  -1.8490599e+01
   5.0345894e+02
   3.8380433e+02
  -6.2631335e+00
  -1.6852990e+01
   1.9218264e+02
   6.2364844e+01
   1.8602468e+02
   4.5805948e+02
   1.6034726e+02
   1.5405018e+02
   5.6139917e+02
   2.9198398e+02
   5.4352793e+02
   1.6950374e+02
   3.3836259e+02
   2.9591699e+02
   5.6965770e+02
   3.5859375e+02
   8.3059766e+01
   3.3735477e+02
   3.0866318e+02
   2.7326218e+02
   2.8502819e+02
   4.8200408e+02
   5.3241067e+02
   3.6451472e+02
   1.4553831e+02
   3.5174928e+02
   3.4209248e+02
   2.1393794e+02
   3.2472067e+02
   2.2871936e+02
   4.2287142e+02
   5.6826079e+01
   1.3486067e+02
   6.0308960e+02
   3.9875020e+02
   5.8720115e+02
   2.2387798e+02
  -2.8854654e+01
   1.2089721e+02
   4.7421343e+02
   3.3996955e+02
   4.5887659e+02
   3.6355226e+02
   4.7839621e+02
   3.2040543e+02
   2.1556445e+02
   1.2348764e+02
   4.3656147e+01
   1.4972458e+02
   6.0084638e+02
   5.2202839e+02
   3.4646379e+02
   4.5374920e+02
   6.3510603e+01
   1.0740283e+02
   1.2786177e+02
   6.4480151e+01
   2.0394594e+02
   6.2743244e+02
   7.4000358e+01
   2.4228523e+01
   5.2166023e+02
   5.0102209e+02
   6.0841343e+02
   5.4649084e+02
   4.9840860e+02
   2.0196827e+02
   4.2668939e+02
   2.2382856e+02
   4.2444594e+02
   1.6954014e+01
   2.8626470e+02
   2.2519935e+02
   1.7681664e+02
   4.3466908e+02
   4.9991850e+02
   4.9682946e+02
   5.7838847e+01
   4.8124253e+02
   4.0988606e+02
   4.4161265e+02
   4.7776419e+02
   4.4001991e+02
   1.7180994e+02
   1.3225695e+02
   2.8660670e+02
   3.8578666e+02
   5.0060633e+02
   3.4790872e+01
  -1.3739979e+01
   8.2715334e+01
   1.3321207e+02
   6.1930845e+02
   3.9461985e+02
   6.3981511e+02
   4.7865348e+02
   3.9245105e+02
   3.5475666e+02
   5.7678117e+01
   5.0290684e+02
   1.1045632e+01
   3.3991744e+02
  -1.1776318e+01
   6.3664148e+02
   2.3280000e+02
   2.7541267e+02
   5.1210224e+02
  -2.3569014e+00
   2.8649522e+02
   2.8400289e+02
   1.8391354e+02
   2.1817757e+02
   2.2930176e+02
   6.3587442e+02
   1.4376140e+00
   2.4364571e+02
   3.8077101e+02
   5.0158942e+02
   3.0141025e+02
   1.0215515e+02
   2.5893209e+02
   4.9265826e+01
   3.0924831e+02
   1.1908863e+02
   2.2067369e+02
   5.5807754e+01
   6.3113040e+02
   6.2894868e+01
   5.5709706e+01
   6.2878191e+02
   3.6527767e+02
   2.3208717e+02
   4.2581565e+02
   4.7000673e+02
   6.0671864e+02
   3.9978271e+02
   4.7919891e+02
   3.0908875e+01
   4.9738143e+02
   1.9053605e+02
   4.1916399e+02
   3.6730701e+02
   2.7533466e+02
   2.8679800e+02
   4.9482580e+02
   5.7665977e+02
   3.1586100e+02
   3.8754828e+02
   4.7072183e+02
   7.7514818e+01
   2.1444895e+01
   2.7193950e+01
   8.8870228e+01
   7.0743519e+01
   1.2649841e+02
   4.6372851e+02
   2.4166447e+02
   5.5653368e+02
   3.0499791e+01
   4.6497718e+00
   2.1967232e+02
   2.7219084e+01
   3.2147456e+02
   4.8970567e+02
   1.6302203e+02
   5.6755106e+01
   6.1344368e+02
   6.3776733e+02
   8.1879888e+01
   3.7337528e+02
   4.7263917e+02
   4.1498379e+02
   1.9478794e+02
   3.3948736e+01
   5.4098212e+02
   3.5570865e+02
   6.1670162e+02
   3.7539920e+01
   2.9661808e+02
   1.7254824e+02
   5.8478440e+02
   6.1678044e+02
   1.9628237e+02
   4.7817133e+02
   1.2942013e+02
   2.9358478e+02
   1.8683393e+02
   3.7568667e+02
   3.5022561e+02
   4.0150025e+02
   1.0108944e+02
   6.0173729e+01
   1.8726207e+02
   2.1401543e+02
   7.9317336e+01
   1.3871633e+02
   6.0388908e+02
   7.0533483e+01
   4.0746139e+02
   3.4430704e+02
   3.4309886e+02
   2.8416070e+01
   5.3360630e+02
   3.6507740e+01
   2.3150915e+02
   6.0796201e+02
   4.7186670e+02
   5.7514761e+02
   6.0093494e+02
   4.6884341e+01
   5.5571625e+02
   2.3002497e+02
   9.1316452e+01
   5.0423890e+02
   4.6029639e+02
   1.4348005e+02
   1.1742095e+02
   2.9840131e+02
   1.6486798e+02
   6.0495502e+02
   6.2135884e+02
   8.4731472e+01
   4.0344985e+02
   3.0079092e+02
   4.5175551e+02
   3.7450612e+01
   8.2083631e+01
   1.1911273e+00
  -2.7815443e+01
   5.1870122e+02
   1.2536874e+02
   2.9443831e+02
   3.6786379e+02
   5.7928833e+02
   2.8810759e+01
   4.4790275e+02
   2.2722997e+02
   4.2942500e+02
   6.2348334e+02
   2.0239353e+02
   4.8788601e+02
   3.0258174e+02
   2.7780143e+02
   6.1450382e+02
   2.7720477e+02
   5.4548676e+02
   6.0206505e+02
  -1.3504105e+01
   3.5204848e+02
   5.1365637e+02
   3.8865619e+02
  -1.4737028e+01
   2.2451026e+01
   5.0832430e+02
   3.1928711e+02
   1.4004665e+02
   7.3501837e+01
   1.6777284e+02
   1.3500148e+01
   4.1850599e+02
   1.9292842e+02
  -2.9273354e+01
   6.0692180e+01
   5.6323409e+02
   1.1909092e+02
   2.2482456e+02
   3.4891741e+02
   3.1698724e+02
   2.4232677e+02
   5.7899823e+02
   6.0174474e+02
   2.3228779e+02
   2.3999126e+02
   1.1841921e+02
   5.3348827e+02
   3.7491290e+02
   1.0507555e+02
   4.2531841e+02
   3.7630336e+02
   4.7701669e+02
   2.6637827e+02
   3.6793219e+02
   6.0237134e+02
   3.6521208e+02
   3.0116523e+02
   1.2904875e+02
   2.4486875e+02
   1.3985546e+02
   4.5204045e+02
   2.1311237e+02
   5.1553617e+02
   5.5103325e+02
   5.1721323e+02
   1.0226505e+02
   5.5086515e+02
  -1.5699391e+01
   7.4738698e+01
   4.6500826e+02
   2.5063099e+02
   6.1356525e+02
   4.9984365e+02
   6.1711499e+02
   1.6709668e+02
   5.4596804e+02
   9.1075568e+01
  -2.9862503e+01
   2.5228629e+02
   5.6608529e+02
   5.2172115e+02
   2.7780436e+02
   4.5409636e+02
   1.7525603e+02
   9.0031848e+01
   3.8839307e+02
   3.2372298e+02
   2.0455693e+02
   9.1251125e+01
   4.2634378e+02
   4.3958807e+02
   3.2890344e+02
   2.8575195e+02
   4.6199145e+02
   5.8024567e+02
   8.6143841e+01
   6.3134183e+02
   1.4324231e+02
   1.6974868e+02
   5.9390727e+01
   4.2703317e+01
   5.7356129e+02
   3.1560173e+02
   2.1588409e+02
   1.2019558e+02
   4.6328648e+02
   1.4167764e+02
   2.4201679e+02
   2.8479032e+02
   3.7145326e+02
   3.6223502e+02
   5.7161502e+02
   4.6743075e+02
   6.0261919e+02
   2.2302595e+02
   6.3074646e+02
   1.6302328e+02
   2.5462213e+02
   5.0591666e+02
   6.0513636e+02
   1.8783777e+02
   6.2255382e+02
   3.4725082e+02
   3.1106157e+02
   2.9036116e+02
   2.4939555e+01
   5.5474470e+02
   7.3860887e+01
   4.8636991e+02
   3.6914523e+02
   2.8887915e+02
   2.9658669e+02
   4.0825475e+02
   1.9698275e+02
   2.3508043e+02
   2.0418672e+02
   2.3505260e+02
   3.4994681e+02
   4.5028238e+02
   1.1597549e+02
   1.7230645e+02
   1.1676216e+02
   2.0379651e+02
   5.4700825e+02
   3.3548128e+02
   3.5791651e+02
   1.0742930e+02
   1.6549502e+02
   1.5382844e+02
   3.8796845e+02
   5.9003901e+02
   3.6789202e+02
   2.6053636e+02
   6.2581629e+02
   2.7604719e+02
   3.1326510e+02
   1.2304610e+02
   5.1771380e+02
   1.1054315e+01
   2.8440057e+02
   3.9694268e+02
   1.1443980e+02
   4.3727345e+02
   2.6334863e+01
   3.8753939e+02
   1.8076433e+02
   3.7673739e+02
   2.3759078e+01
   1.6935057e+02
   3.3446897e+02
   2.8267697e+02
   5.0969551e+02
   5.3129920e+02
   5.0364727e+02
   1.1477944e+02
   5.6140328e+02
   1.6777292e+02
   1.2367693e+02
   5.2966277e+02
   5.2690673e+02
   1.6256047e+02
   4.6839823e+02
   5.4549539e+01
   8.4117058e+01
   3.3085458e+02
   9.3797455e+01
   1.6960884e+02
   4.3370701e+02
   3.5524844e+02
   2.6790913e+02
   5.0728288e+02
   1.6615728e+02
   1.4828309e+02
   5.5529860e+02
   3.5515174e+02
   1.1503936e+01
   4.7430746e+02
   3.6748485e+02
   2.2542809e+02
   3.0895689e+01
   9.6762645e+01
  -1.8122221e+01
   2.2600527e+01
   3.2264415e+02
   2.1292305e+02
   6.1165819e+02
  -2.4958629e+01
   4.3787335e+02
   1.4770654e+02
   3.1049832e+02
   3.4877374e+02
  -6.8389262e+00
   9.2289818e+01
   6.2227199e+02
   5.1943422e+02
   3.1141916e+02
   1.1282965e+02
   6.1120969e+02
   5.4621158e+02
   2.5082851e+02
   3.2255206e+02
   6.3381671e+02
  -2.4335521e+01
   6.2085485e+02
   3.2732074e+02
   3.8858830e+02
   4.8989237e+02
  -4.0034808e+00
   1.7050697e+02
   1.4519649e+02
   3.5413476e+01
   3.8990463e+02
   5.7833241e+02
   3.3375364e+02
   4.3086678e+02
   2.3012741e+01
   9.6792643e+01
   4.2821950e+02
   2.1175959e+02
   2.0879911e+02
  -1.0923124e+01
   4.5073787e+02
   4.3069797e+02
   2.7875230e+02
   5.3757240e+01
   4.6702737e+02
   5.1536283e+02
   3.0692806e+02
   4.5599654e+02
   4.5518212e+02
   4.6916254e+02
   1.0238980e+02
   8.3905341e+01
   5.4989154e+02
   3.4500238e+02
   1.1457367e+02
   5.9908134e+02
   4.9594391e+01
   9.3172919e+01
   5.5435432e+02
  -1.7514779e+01
   5.2680331e+02
   2.3360604e+02
   1.6430111e+02
   5.1685189e+02
   3.2825253e+02
   2.8471413e+02
   3.0808651e+02
   5.4316848e+02
   4.7737176e+02
   4.3621232e+02
   5.0811617e+02
   2.6963993e+02
   3.0042445e+01
   2.8238147e+02
   8.3273841e+01
   3.9443144e+02
   4.5506976e+01
   1.7904445e+02
   4.6022610e+02
   1.1062068e+02
   3.1766758e+02
   2.2968889e+02
   4.9781200e+02
   2.0569780e+02
   4.7232448e+01
   3.6762262e+02
   2.1943474e+02
  -2.9742703e+01
   5.1195624e+02
   1.0979768e+02
   3.3531528e+01
   3.4410998e+02
   2.7846452e+02
   5.8489088e+02
   5.9727556e+01
   6.2316834e+02
   9.8826565e+01
   1.8832788e+02
   5.8192266e+02
   3.5478632e+02
   2.7130398e+02
   5.1793270e+02
   2.4097497e+02
   5.5688194e+02
   6.2749744e+02
   5.6576506e+02
   3.6888544e+02
  -1.1441535e+01
   1.3396154e+02
   6.1264438e+02
   2.0825510e+01
   6.3726527e+00
   3.6748752e+02
   4.5060059e+02
   2.5589601e+02
   6.3441721e+02
   5.4599224e+01
   6.0871317e+02
   3.6152451e+02
   5.6007025e+02
   2.3248428e+02
   1.2615245e+02
   3.9505941e+02
   5.9926999e+02
   2.8575341e+02
  -9.9168916e+00
   3.3930086e+02
   3.3904702e+02
   2.0823337e+02
   1.7759995e+02
   1.3707509e+02
   9.6221903e+01
   1.2225220e+02
   2.5442265e+02
   1.4882765e+02
   3.8648856e+01
  -1.8498158e+01
   4.8530059e+02
   3.2573642e+02
   4.2791665e+02
   2.4150005e+02
   1.5388012e+02
   3.2793795e+02
   5.9404112e+02
   1.2524663e+02
   6.3623494e+02
   1.3993332e+02
   4.6206435e+02
   3.0029376e+02
   3.0935071e+02
   3.4185369e+01
   1.1584225e+02
   2.3726844e+02
   5.4578901e+02
   3.1362992e+01
   3.3128271e+02
   2.4947451e+02
   4.1249313e+01
   1.3750371e+02
  -1.2462403e+01
   5.1269969e+02
   6.1868211e+02
   2.9106868e+02
   5.6784803e+02
   3.2300157e+02
   9.6798744e+01
   7.1203589e+01
   5.7028277e+01
   5.8561099e+02
  -6.0664041e+00
   3.8706652e+02
   1.1141355e+02
   1.9456554e+02
   5.3831153e+02
   4.2120081e+02
   5.4712793e+02
   8.2718818e+01
   6.0336607e+02
   1.1895895e+02
   2.2185227e+02
   5.6869228e+02
  -1.3790038e+01
   4.7829079e+02
   7.5061762e+01
   4.3763643e+02
   5.4189047e+02
   2.9223912e+02
   4.2030016e+02
   1.7737366e+02
   4.9729527e+02
   1.1150174e+02
  -1.8875496e+01
   5.7212239e+00
   4.1489953e+02
   5.7850698e+02
   2.8406999e+02
   4.3316647e+02
   2.3768823e+02
   2.0862781e+02
   1.1541762e+02
   4.8334966e+02
   1.3343458e+02
   6.0388051e+02
   5.7962366e+02
   1.3596042e+02
   5.0478679e+02
   2.7061308e+02
   2.0525107e+02
   1.2633114e+02
   2.8344490e+02
   2.4241027e+02
   4.2642444e+02
   5.2037846e+02
  -2.6698761e+01
   2.0118655e+02
   7.9249681e+01
   4.0753716e+02
   3.3531380e+02
   5.7602536e+02
   4.3532225e+02
   4.4487532e+02
   5.9395406e+02
   2.7048478e+02
   5.2356310e+02
   1.5903367e+02
   3.3333606e+02
   6.2941214e+02
   1.4824992e+02
   5.8172099e+02
   4.4768589e+02
   3.9069254e+02
   1.4709249e+02
   1.5453748e+02
   2.7294702e+02
   4.8376958e+02
   1.7372340e+02
   5.8125953e+02
   2.3138890e+02
   2.8500409e+02
   4.1041228e+02
   6.1592127e+02
   2.3047219e+02
   5.6265569e+02
   9.9132725e+01
   3.5515010e+02
   2.5957493e+02
   1.1281648e+02
   6.0500624e+02
   2.9047868e+02
   4.0424898e+02
   8.6730296e+01
   1.4312003e+02
   5.1206648e+02
   2.5580480e+02
   1.2074447e+02
   3.4543064e+02
  -1.3774519e+01
  -4.0158625e+00
   1.0251472e+02
   6.3970368e+02
   3.3943970e+02
   3.5175588e+02
   4.4319625e+02
   3.4807969e+01
   4.8189189e+02
   5.7849806e+02
   5.8617943e+02
   5.0211421e+02
   5.0847697e+02
   2.8412903e+02
   5.1315049e+02
   4.0072831e+02
   6.3220937e+02
   4.2594794e+02
  -4.9143706e+00
   2.0671535e+02
   1.5736758e+02
   4.8646461e+02
   4.8808416e+02
   6.4676524e+00
  -1.5493279e+00
   4.1514990e+02
   4.5209153e+02
   5.0632353e+02
   4.4177292e+01
   6.1680970e+01
   1.9458797e+02
   1.9197768e+02
   2.9871678e+01
   1.1229886e+02
   5.9805338e+02
   1.0678648e+01
   5.4138176e+01
   3.0037972e+02
   4.1886418e+02
   5.0033028e+02
   2.7784205e+02
   1.9755750e+01
   9.8274731e+01
   5.5418687e+02
   3.9903561e+02
   2.2603142e+02
   1.1175362e+02
   4.1887305e+02
   4.3083366e+02
   5.0233443e+02
   4.6479883e+02
   8.5954437e+00
   6.1604184e+02
   6.0986803e+02
   3.9609256e+02
   2.0274289e+02
   2.9557637e+02
   9.3900036e+01
   1.8818875e+02
   4.6376140e+02
   6.0728773e+02
   6.2477742e+02
   4.6021990e+02
   6.0761072e+02
   2.8328719e+02
   4.7372215e+02
   5.0760846e+02
   2.6800960e+02
   5.9630016e+02
   3.8266139e+02
   6.3742383e+02
   3.1726493e+02
   1.2059019e+02
   2.6938551e+02
   5.1470116e+02
   5.6086348e+02
   4.5440993e+02
   3.8443927e+02
   4.2851621e+02
   1.7592275e+02
   4.8875244e+02
   4.9071587e+02
   3.4828813e+02
   5.9128910e+02
   1.3858223e+02
   4.8966864e+02
   3.3075744e+02
   8.8251476e+01
   5.7461490e+02
   3.0663478e+02
   5.5398565e+02
   2.4228620e+02
   2.7282008e+01
   2.8551504e+01
   4.5242789e+02
   3.8266847e+02
   4.9426547e+02
   3.6925060e+02
   5.3328367e+02
   4.9911826e+02
   3.1235291e+02
   1.6475079e+02
   8.1703105e+00
   6.0936510e+00
   4.8648667e+02
   1.3341483e+02
   2.3674439e+02
   4.8971122e+02
   1.4764742e+02
   5.4852430e+02
   4.2283096e+02
   6.3823133e+02
   4.6223161e+02
   6.6533283e+01
   4.3336849e+02
   5.6148323e+00
   2.5347559e+02
   4.8467929e+01
   2.8602594e+02
   3.3440045e+02
   1.9983200e+02
   3.6749851e+01
   6.0090711e+02
   2.5199503e+02
   5.8597356e+02
  -1.4985622e+01
   4.7544690e+02
   7.8518866e+01
   1.2645124e+02
   6.0509497e+01
   1.2899882e+02
   5.9931629e+02
   1.1886711e+02
   3.5951402e+02
   1.2005722e+02
   4.3941937e+02
   3.4470470e+02
   7.8136518e+00
   1.7220354e+02
   4.0819950e+02
   6.3518695e+02
   2.7062594e+02
   6.2028824e+02
   1.8820440e+02
   5.9171993e+02
   1.6032377e+02
   4.2540496e+02
   3.5464846e+02
  -1.8614886e+01
   2.3086757e+02
   1.8465272e+02
   3.9110024e+02
   3.0530453e+02
   3.8480135e+02
   3.2162092e+02
   3.2297024e+02
   1.6997534e+02
   2.8719655e+02
   3.3084463e+02
   5.5336702e+02
   3.0945576e+02
   3.4625753e+02
   2.7029771e+02
   3.0234789e+02
   3.6303872e+02
   5.2926078e+02
   7.0710173e+00
   5.1766493e+02
   2.4586688e+02
   4.2397649e+02
   4.9261075e+02
   5.7481007e+02
   4.8166643e+02
   5.6724822e+02
   1.9649208e+02
   1.4675100e+01
   5.2638132e+02
   1.9555976e+02
   6.3441338e+02
   4.2301955e+02
   7.5537933e+00
   2.2368758e+02
   2.9214110e+02
   2.7252147e+02
   2.5786104e+02
   4.9410193e+02
   4.5345027e+02
   5.2783838e+02
   5.9493395e+02
   4.7621216e+02
  -1.1688029e+01
  -5.8384782e+00
   3.9231875e+02
   4.9165283e+02
   3.8127942e+02
   4.9185120e+02
   9.7592015e+01
   5.2618977e+02
   1.6820064e+02
   4.7047501e+01
   8.4751860e+01
   3.2751371e+02
   2.0619721e+02
   2.5205361e+02
   3.5482530e+01
   5.2049158e+02
   4.1932125e+02
   4.6707662e+02
   4.7806349e+02
   6.1343520e+01
   4.5256589e+02
   7.2327542e+00
   5.9117864e+02
   4.8278241e+02
   4.4850834e+02
   4.0376952e+02
   6.3574656e+02
   4.7040691e+02
   5.2220103e+02
   1.5094555e+02
  -1.4412837e+01
   6.1023450e+02
   5.0393174e+02
   2.0137207e+02
   6.0441534e+02
   2.1462711e+02
   1.1000705e+02
   5.4468179e+02
   3.6103651e+02
   7.6521202e+01
   2.1794449e+02
   4.6510130e+02
   3.9466122e+01
   4.4836243e+02
   2.6831822e+02
   8.9504274e+01
  -4.9050564e+00
   2.1151661e+02
   1.1054215e+02
   1.1712717e+02
   5.4172391e+02
   4.5464711e+02
   9.3790560e+01
   6.3860798e+02
   6.1099501e+02
   5.6358403e+02
   5.0228069e+02
   2.9217950e+02
   6.1597700e+02
   1.2682268e+02
   3.0512922e+02
  -1.1351201e+01
   4.3482526e+01
   5.0458683e+02
   5.5104233e+02
   4.4041752e+02
   6.0269571e+02
   4.1602572e+02
   7.2647874e+01
   5.9322401e+02
   3.5162619e+02
   4.5001178e+02
   4.7088735e+01
   5.5331179e+02
   1.1115275e+02
   5.3755541e+02
   6.1277978e+01
   1.2287782e+02
   5.6653080e+02
   2.2263045e+02
   5.2085907e+02
   5.7470465e+02
   3.6374500e+00
  -4.7013675e+00
   5.6148091e+02
   6.3510130e+02
   1.6869013e+02
   3.7577272e+02
   3.6040779e+02
  -2.9249661e+01
   4.3344830e+02
   5.4956530e+02
   4.3473104e+02
   2.5510221e+02
   1.2994594e+01
   4.2288015e+02
   6.0830557e+02
   9.9620370e+01
   4.2652555e+02
   2.9576173e+02
   4.4271692e+02
   5.7025213e+02
   3.9368089e+02
   4.6962186e+02
   5.3239637e+02
   4.6209206e+01
   2.1605061e+02
   2.1309383e+02
   2.5250177e+02
   2.8815575e+01
  -2.7450781e+01
   3.5795109e+02
   3.1165396e+02
   4.7101950e+02
   3.2889257e+02
   9.3850910e+01
   2.1731789e+02
   1.3932062e+02
   3.7287595e+02
   3.5517899e+02
   2.6844687e+02
   6.2633114e+02
  -1.8490599e+01
   5.0345894e+02
   3.8380433e+02
  -6.2631335e+00
  -1.6852990e+01
   1.9218264e+02
   6.2364844e+01
   1.8602468e+02
   4.5805948e+02
   1.6034726e+02
   1.5405018e+02
   5.6139917e+02
   2.9198398e+02
   5.4352793e+02
   1.6950374e+02
   3.3836259e+02
   2.9591699e+02
   5.6965770e+02
   3.5859375e+02
   8.3059766e+01
   3.3735477e+02
   3.0866318e+02
   2.7326218e+02
   2.8502819e+02
   4.8200408e+02
   5.3241067e+02
   3.6451472e+02
   1.4553831e+02
   3.5174928e+02
   3.4209248e+02
   2.1393794e+02
   3.2472067e+02
   2.2871936e+02
   4.2287142e+02
   5.6826079e+01
   1.3486067e+02
   6.0308960e+02
   3.9875020e+02
   5.8720115e+02
   2.2387798e+02
  -2.8854654e+01
   1.2089721e+02
   4.7421343e+02
   3.3996955e+02
   4.5887659e+02
   3.6355226e+02
   4.7839621e+02
   3.2040543e+02
   2.1556445e+02
   1.2348764e+02
   4.3656147e+01
   1.4972458e+02
   6.0084638e+02
   5.2202839e+02
   3.4646379e+02
   4.5374920e+02
   6.3510603e+01
   1.0740283e+02
   1.2786177e+02
   6.4480151e+01
   2.0394594e+02
   6.2743244e+02
   7.4000358e+01
   2.4228523e+01
   5.2166023e+02
   5.0102209e+02
   6.0841343e+02
   5.4649084e+02
   4.9840860e+02
   2.0196827e+02
   4.2668939e+02
   2.2382856e+02
   4.2444594e+02
   1.6954014e+01
   2.8626470e+02
   2.2519935e+02
   1.7681664e+02
   4.3466908e+02
   4.9991850e+02
   4.9682946e+02
   5.7838847e+01
   4.8124253e+02
   4.0988606e+02
   4.4161265e+02
   4.7776419e+02
   4.4001991e+02
   1.7180994e+02
   1.3225695e+02
   2.8660670e+02
   3.8578666e+02
   5.0060633e+02
   3.4790872e+01
  -1.3739979e+01
   8.2715334e+01
   1.3321207e+02
   6.1930845e+02
   3.9461985e+02
   6.3981511e+02
   4.7865348e+02
   3.9245105e+02
   3.5475666e+02
   5.7678117e+01
   5.0290684e+02
   1.1045632e+01
   3.3991744e+02
  -1.1776318e+01
   6.3664148e+02
   2.3280000e+02
   2.7541267e+02
   5.1210224e+02
  -2.3569014e+00
   2.8649522e+02
   2.8400289e+02
   1.8391354e+02
   2.1817757e+02
   2.2930176e+02
   6.3587442e+02
   1.4376140e+00
   2.4364571e+02
   3.8077101e+02
   5.0158942e+02
   3.0141025e+02
   1.0215515e+02
   2.5893209e+02
   4.9265826e+01
   3.0924831e+02
   1.1908863e+02
   2.2067369e+02
   5.5807754e+01
   6.3113040e+02
   6.2894868e+01
   5.5709706e+01
   6.2878191e+02
   3.6527767e+02
   2.3208717e+02
   4.2581565e+02
   4.7000673e+02
   6.0671864e+02
   3.9978271e+02
   4.7919891e+02
   3.0908875e+01
   4.9738143e+02
   1.9053605e+02
   4.1916399e+02
   3.6730701e+02
   2.7533466e+02
   2.8679800e+02
   4.9482580e+02
   5.7665977e+02
   3.1586100e+02
   3.8754828e+02
   4.7072183e+02
   7.7514818e+01
   2.1444895e+01
   2.7193950e+01
   8.8870228e+01
   7.0743519e+01
   1.2649841e+02
   4.6372851e+02
   2.4166447e+02
   5.5653368e+02
   3.0499791e+01
   4.6497718e+00
   2.1967232e+02
   2.7219084e+01
   3.2147456e+02
   4.8970567e+02
   1.6302203e+02
   5.6755106e+01
   6.1344368e+02
   6.3776733e+02
   8.1879888e+01
   3.7337528e+02
   4.7263917e+02
   4.1498379e+02
   1.9478794e+02
   3.3948736e+01
   5.4098212e+02
   3.5570865e+02
   6.1670162e+02
   3.7539920e+01
   2.9661808e+02
   1.7254824e+02
   5.8478440e+02
   6.1678044e+02
   1.9628237e+02
   4.7817133e+02
   1.2942013e+02
   2.9358478e+02
   1.8683393e+02
   3.7568667e+02
   3.5022561e+02
   4.0150025e+02
   1.0108944e+02
   6.0173729e+01
   1.8726207e+02
   2.1401543e+02
   7.9317336e+01
   1.3871633e+02
   6.0388908e+02
   7.0533483e+01
   4.0746139e+02
   3.4430704e+02
   3.4309886e+02
   2.8416070e+01
   5.3360630e+02
   3.6507740e+01
   2.3150915e+02
   6.0796201e+02
   4.7186670e+02
   5.7514761e+02
   6.0093494e+02
   4.6884341e+01
   5.5571625e+02
   2.3002497e+02
   9.1316452e+01
   5.0423890e+02
   4.6029639e+02
   1.4348005e+02
   1.1742095e+02
   2.9840131e+02
   1.6486798e+02
   6.0495502e+02
   6.2135884e+02
   8.4731472e+01
   4.0344985e+02
   3.0079092e+02
   4.5175551e+02
   3.7450612e+01
   8.2083631e+01
   1.1911273e+00
  -2.7815443e+01
   5.1870122e+02
   1.2536874e+02
   2.9443831e+02
   3.6786379e+02
   5.7928833e+02
   2.8810759e+01
   4.4790275e+02
   2.2722997e+02
   4.2942500e+02
   6.2348334e+02
   2.0239353e+02
   4.8788601e+02
   3.0258174e+02
   2.7780143e+02
   6.1450382e+02
   2.7720477e+02
   5.4548676e+02
   6.0206505e+02
  -1.3504105e+01
   3.5204848e+02
   5.1365637e+02
   3.8865619e+02
  -1.4737028e+01
   2.2451026e+01
   5.0832430e+02
   3.1928711e+02
   1.4004665e+02
   7.3501837e+01
   1.6777284e+02
   1.3500148e+01
   4.1850599e+02
   1.9292842e+02
  -2.9273354e+01
   6.0692180e+01
   5.6323409e+02
   1.1909092e+02
   2.2482456e+02
   3.4891741e+02
   3.1698724e+02
   2.4232677e+02
   5.7899823e+02
   6.0174474e+02
   2.3228779e+02
   2.3999126e+02
   1.1841921e+02
   5.3348827e+02
   3.7491290e+02
   1.0507555e+02
   4.2531841e+02
   3.7630336e+02
   4.7701669e+02
   2.6637827e+02
   3.6793219e+02
   6.0237134e+02
   3.6521208e+02
   3.0116523e+02
   1.2904875e+02
   2.4486875e+02
   1.3985546e+02
   4.5204045e+02
   2.1311237e+02
   5.1553617e+02
   5.5103325e+02
   5.1721323e+02
   1.0226505e+02
   5.5086515e+02
  -1.5699391e+01
   7.4738698e+01
   4.6500826e+02
   2.5063099e+02
   6.1356525e+02
   4.9984365e+02
   6.1711499e+02
   1.6709668e+02
   5.4596804e+02
   9.1075568e+01
  -2.9862503e+01
   2.5228629e+02
   5.6608529e+02
   5.2172115e+02
   2.7780436e+02
   4.5409636e+02
   1.7525603e+02
   9.0031848e+01
   3.8839307e+02
   3.2372298e+02
   2.0455693e+02
   9.1251125e+01
   4.2634378e+02
   4.3958807e+02
   3.2890344e+02
   2.8575195e+02
   4.6199145e+02
   5.8024567e+02
   8.6143841e+01
   6.3134183e+02
   1.4324231e+02
   1.6974868e+02
   5.9390727e+01
   4.2703317e+01
   5.7356129e+02
   3.1560173e+02
   2.1588409e+02
   1.2019558e+02
   4.6328648e+02
   1.4167764e+02
   2.4201679e+02
   2.8479032e+02
   3.7145326e+02
   3.6223502e+02
   5.7161502e+02
   4.6743075e+02
   6.0261919e+02
   2.2302595e+02
   6.3074646e+02
   1.6302328e+02
   2.5462213e+02
   5.0591666e+02
   6.0513636e+02
   1.8783777e+02
   6.2255382e+02
   3.4725082e+02
   3.1106157e+02
   2.9036116e+02
   2.4939555e+01
   5.5474470e+02
   7.3860887e+01
   4.8636991e+02
   3.6914523e+02
   2.8887915e+02
   2.9658669e+02
   4.0825475e+02
   1.9698275e+02
   2.3508043e+02
   2.0418672e+02
   2.3505260e+02
   3.4994681e+02
   4.5028238e+02
   1.1597549e+02
   1.7230645e+02
   1.1676216e+02
   2.0379651e+02
   5.4700825e+02
   3.3548128e+02
   3.5791651e+02
   1.0742930e+02
   1.6549502e+02
   1.5382844e+02
   3.8796845e+02
   5.9003901e+02
   3.6789202e+02
   2.6053636e+02
   6.2581629e+02
   2.7604719e+02
   3.1326510e+02
   1.2304610e+02
   5.1771380e+02
   1.1054315e+01
   2.8440057e+02
   3.9694268e+02
   1.1443980e+02
   4.3727345e+02
   2.6334863e+01
   3.8753939e+02
   1.8076433e+02
   3.7673739e+02
   2.3759078e+01
   1.6935057e+02
   3.3446897e+02
   2.8267697e+02
   5.0969551e+02
   5.3129920e+02
   5.0364727e+02
   1.1477944e+02
   5.6140328e+02
   1.6777292e+02
   1.2367693e+02
   5.2966277e+02
   5.2690673e+02
   1.6256047e+02
   4.6839823e+02
   5.4549539e+01
   8.4117058e+01
   3.3085458e+02
   9.3797455e+01
   1.6960884e+02
   4.3370701e+02
   3.5524844e+02
   2.6790913e+02
   5.0728288e+02
   1.6615728e+02
   1.4828309e+02
   5.5529860e+02
   3.5515174e+02
   1.1503936e+01
   4.7430746e+02
   3.6748485e+02
   2.2542809e+02
   3.0895689e+01
   9.6762645e+01
  -1.8122221e+01
   2.2600527e+01
   3.2264415e+02
   2.1292305e+02
   6.1165819e+02
  -2.4958629e+01
   4.3787335e+02
   1.4770654e+02
   3.1049832e+02
   3.4877374e+02
  -6.8389262e+00
   9.2289818e+01
   6.2227199e+02
   5.1943422e+02
   3.1141916e+02
   1.1282965e+02
   6.1120969e+02
   5.4621158e+02
   2.5082851e+02
   3.2255206e+02
   6.3381671e+02
  -2.4335521e+01
   6.2085485e+02
   3.2732074e+02
   3.8858830e+02
   4.8989237e+02
  -4.0034808e+00
   1.7050697e+02
   1.4519649e+02
   3.5413476e+01
   3.8990463e+02
   5.7833241e+02
   3.3375364e+02
   4.3086678e+02
   2.3012741e+01
   9.6792643e+01
   4.2821950e+02
   2.1175959e+02
   2.0879911e+02
  -1.0923124e+01
   4.5073787e+02
   4.3069797e+02
   2.7875230e+02
   5.3757240e+01
   4.6702737e+02
   5.1536283e+02
   3.0692806e+02
   4.5599654e+02
   4.5518212e+02
   4.6916254e+02
   1.0238980e+02
   8.3905341e+01
   5.4989154e+02
   3.4500238e+02
   1.1457367e+02
   5.9908134e+02
   4.9594391e+01
   9.3172919e+01
   5.5435432e+02
  -1.7514779e+01
   5.2680331e+02
   2.3360604e+02
   1.6430111e+02
   5.1685189e+02
   3.2825253e+02
   2.8471413e+02
   3.0808651e+02
   5.4316848e+02
   4.7737176e+02
   4.3621232e+02
   5.0811617e+02
   2.6963993e+02
   3.0042445e+01
   2.8238147e+02
   8.3273841e+01
   3.9443144e+02
   4.5506976e+01
   1.7904445e+02
   4.6022610e+02
   1.1062068e+02
   3.1766758e+02
   2.2968889e+02
   4.9781200e+02
   2.0569780e+02
   4.7232448e+01
   3.6762262e+02
   2.1943474e+02
  -2.9742703e+01
   5.1195624e+02
   1.0979768e+02
   3.3531528e+01
   3.4410998e+02
   2.7846452e+02
   5.8489088e+02
   5.9727556e+01
   6.2316834e+02
   9.8826565e+01
   1.8832788e+02
   5.8192266e+02
   3.5478632e+02
   2.7130398e+02
   5.1793270e+02
   2.4097497e+02
   5.5688194e+02
   6.2749744e+02
   5.6576506e+02
   3.6888544e+02
  -1.1441535e+01
   1.3396154e+02
   6.1264438e+02
   2.0825510e+01
   6.3726527e+00
   3.6748752e+02
   4.5060059e+02
   2.5589601e+02
   6.3441721e+02
   5.4599224e+01
   6.0871317e+02
   3.6152451e+02
   5.6007025e+02
   2.3248428e+02
   1.2615245e+02
   3.9505941e+02
   5.9926999e+02
   2.8575341e+02
  -9.9168916e+00
   3.3930086e+02
   3.3904702e+02
   2.0823337e+02
   1.7759995e+02
   1.3707509e+02
   9.6221903e+01
   1.2225220e+02
   2.5442265e+02
   1.4882765e+02
   3.8648856e+01
  -1.8498158e+01
   4.8530059e+02
   3.2573642e+02
   4.2791665e+02
   2.4150005e+02
   1.5388012e+02
   3.2793795e+02
   5.9404112e+02
   1.2524663e+02
   6.3623494e+02
   1.3993332e+02
   4.6206435e+02
   3.0029376e+02
   3.0935071e+02
   3.4185369e+01
   1.1584225e+02
   2.3726844e+02
   5.4578901e+02
   3.1362992e+01
   3.3128271e+02
   2.4947451e+02
   4.1249313e+01
   1.3750371e+02
  -1.2462403e+01
   5.1269969e+02
   6.1868211e+02
   2.9106868e+02
   5.6784803e+02
   3.2300157e+02
   9.6798744e+01
   7.1203589e+01
   5.7028277e+01
   5.8561099e+02
  -6.0664041e+00
   3.8706652e+02
   1.1141355e+02
   1.9456554e+02
   5.3831153e+02
   4.2120081e+02
   5.4712793e+02
   8.2718818e+01
   6.0336607e+02
   1.1895895e+02
   2.2185227e+02
   5.6869228e+02
  -1.3790038e+01
   4.7829079e+02
   7.5061762e+01
   4.3763643e+02
   5.4189047e+02
   2.9223912e+02
   4.2030016e+02
   1.7737366e+02
   4.9729527e+02
   1.1150174e+02
  -1.8875496e+01
   5.7212239e+00
   4.1489953e+02
   5.7850698e+02
   2.8406999e+02
   4.3316647e+02
   2.3768823e+02
   2.0862781e+02
   1.1541762e+02
   4.8334966e+02
   1.3343458e+02
   6.0388051e+02
   5.7962366e+02
   1.3596042e+02
   5.0478679e+02
   2.7061308e+02
   2.0525107e+02
   1.2633114e+02
   2.8344490e+02
   2.4241027e+02
   4.2642444e+02
   5.2037846e+02
  -2.6698761e+01
   2.0118655e+02
   7.9249681e+01
   4.0753716e+02
   3.3531380e+02
   5.7602536e+02
   4.3532225e+02
   4.4487532e+02
   5.9395406e+02
   2.7048478e+02
   5.2356310e+02
   1.5903367e+02
   3.3333606e+02
   6.2941214e+02
   1.4824992e+02
   5.8172099e+02
   4.4768589e+02
   3.9069254e+02
   1.4709249e+02
   1.5453748e+02
   2.7294702e+02
   4.8376958e+02
   1.7372340e+02
   5.8125953e+02
   2.3138890e+02
   2.8500409e+02
   4.1041228e+02
   6.1592127e+02
   2.3047219e+02
   5.6265569e+02
   9.9132725e+01
   3.5515010e+02
   2.5957493e+02
   1.1281648e+02
   6.0500624e+02
   2.9047868e+02
   4.0424898e+02
   8.6730296e+01
   1.4312003e+02
   5.1206648e+02
   2.5580480e+02
   1.2074447e+02
   3.4543064e+02
  -1.3774519e+01
  -4.0158625e+00
   1.0251472e+02
   6.3970368e+02
   3.3943970e+02
   3.5175588e+02
   4.4319625e+02
   3.4807969e+01
   4.8189189e+02
   5.7849806e+02
   5.8617943e+02
   5.0211421e+02
   5.0847697e+02
   2.8412903e+02
   5.1315049e+02
   4.0072831e+02
   6.3220937e+02
   4.2594794e+02
  -4.9143706e+00
   2.0671535e+02
   1.5736758e+02
   4.8646461e+02
   4.8808416e+02
   6.4676524e+00
  -1.5493279e+00
   4.1514990e+02
   4.5209153e+02
   5.0632353e+02
   4.4177292e+01
   6.1680970e+01
   1.9458797e+02
   1.9197768e+02
   2.9871678e+01
   1.1229886e+02
   5.9805338e+02
   1.0678648e+01
   5.4138176e+01
   3.0037972e+02
   4.1886418e+02
   5.0033028e+02
   2.7784205e+02
   1.9755750e+01
   9.8274731e+01
   5.5418687e+02
   3.9903561e+02
   2.2603142e+02
   1.1175362e+02
   4.1887305e+02
   4.3083366e+02
   5.0233443e+02
   4.6479883e+02
   8.5954437e+00
   6.1604184e+02
   6.0986803e+02
   3.9609256e+02
   2.0274289e+02
   2.9557637e+02
   9.3900036e+01
   1.8818875e+02
   4.6376140e+02
   6.0728773e+02
   6.2477742e+02
   4.6021990e+02
   6.0761072e+02
   2.8328719e+02
   4.7372215e+02
   5.0760846e+02
   2.6800960e+02
   5.9630016e+02
   3.8266139e+02
   6.3742383e+02
   3.1726493e+02
   1.2059019e+02
   2.6938551e+02
   5.1470116e+02
   5.6086348e+02
   4.5440993e+02
   3.8443927e+02
   4.2851621e+02
   1.7592275e+02
   4.8875244e+02
   4.9071587e+02
   3.4828813e+02
   5.9128910e+02
   1.3858223e+02
   4.8966864e+02
   3.3075744e+02
   8.8251476e+01
   5.7461490e+02
   3.0663478e+02
   5.5398565e+02
   2.4228620e+02
   2.7282008e+01
   2.8551504e+01
   4.5242789e+02
   3.8266847e+02
   4.9426547e+02
   3.6925060e+02
   5.3328367e+02
   4.9911826e+02
   3.1235291e+02
   1.6475079e+02
   8.1703105e+00
   6.0936510e+00
   4.8648667e+02
   1.3341483e+02
   2.3674439e+02
   4.8971122e+02
   1.4764742e+02
   5.4852430e+02
   4.2283096e+02
   6.3823133e+02
   4.6223161e+02
   6.6533283e+01
   4.3336849e+02
   5.6148323e+00
   2.5347559e+02
   4.8467929e+01
   2.8602594e+02
   3.3440045e+02
   1.9983200e+02
   3.6749851e+01
   6.0090711e+02
   2.5199503e+02
   5.8597356e+02
  -1.4985622e+01
   4.7544690e+02
   7.8518866e+01
   1.2645124e+02
   6.0509497e+01
   1.2899882e+02
   5.9931629e+02
   1.1886711e+02
   3.5951402e+02
   1.2005722e+02
   4.3941937e+02
   3.4470470e+02
   7.8136518e+00
   1.7220354e+02
   4.0819950e+02
   6.3518695e+02
   2.7062594e+02
   6.2028824e+02
   1.8820440e+02
   5.9171993e+02
   1.6032377e+02
   4.2540496e+02
   3.5464846e+02
  -1.8614886e+01
   2.3086757e+02
   1.8465272e+02
   3.9110024e+02
   3.0530453e+02
   3.8480135e+02
   3.2162092e+02
   3.2297024e+02
   1.6997534e+02
   2.8719655e+02
   3.3084463e+02
   5.5336702e+02
   3.0945576e+02
   3.4625753e+02
   2.7029771e+02
   3.0234789e+02
   3.6303872e+02
   5.2926078e+02
   7.0710173e+00
   5.1766493e+02
   2.4586688e+02
   4.2397649e+02
   4.9261075e+02
   5.7481007e+02
   4.8166643e+02
   5.6724822e+02
   1.9649208e+02
   1.4675100e+01
   5.2638132e+02
   1.9555976e+02
   6.3441338e+02
   4.2301955e+02
   7.5537933e+00
   2.2368758e+02
   2.9214110e+02
   2.7252147e+02
   2.5786104e+02
   4.9410193e+02
   4.5345027e+02
   5.2783838e+02
   5.9493395e+02
   4.7621216e+02
  -1.1688029e+01
  -5.8384782e+00
   3.9231875e+02
   4.9165283e+02
   3.8127942e+02
   4.9185120e+02
   9.7592015e+01
   5.2618977e+02
   1.6820064e+02
   4.7047501e+01
   8.4751860e+01
   3.2751371e+02
   2.0619721e+02
   2.5205361e+02
   3.5482530e+01
   5.2049158e+02
   4.1932125e+02
   4.6707662e+02
   4.7806349e+02
   6.1343520e+01
   4.5256589e+02
   7.2327542e+00
   5.9117864e+02
   4.8278241e+02
   4.4850834e+02
   4.0376952e+02
   6.3574656e+02
   4.7040691e+02
   5.2220103e+02
   1.5094555e+02
  -1.4412837e+01
   6.1023450e+02
   5.0393174e+02
   2.0137207e+02
   6.0441534e+02
   2.1462711e+02
   1.1000705e+02
   5.4468179e+02
   3.6103651e+02
   7.6521202e+01
   2.1794449e+02
   4.6510130e+02
   3.9466122e+01
   4.4836243e+02
   2.6831822e+02
   8.9504274e+01
  -4.9050564e+00
   2.1151661e+02
   1.1054215e+02
   1.1712717e+02
   5.4172391e+02
   4.5464711e+02
   9.3790560e+01
   6.3860798e+02
   6.1099501e+02
   5.6358403e+02
   5.0228069e+02
   2.9217950e+02
   6.1597700e+02
   1.2682268e+02
   3.0512922e+02
  -1.1351201e+01
   4.3482526e+01
   5.0458683e+02
   5.5104233e+02
   4.4041752e+02
   6.0269571e+02
   4.1602572e+02
   7.2647874e+01
   5.9322401e+02
   3.5162619e+02
   4.5001178e+02
   4.7088735e+01
   5.5331179e+02
   1.1115275e+02
   5.3755541e+02
   6.1277978e+01
   1.2287782e+02
   5.6653080e+02
   2.2263045e+02
   5.2085907e+02
   5.7470465e+02
   3.6374500e+00
  -4.7013675e+00
   5.6148091e+02
   6.3510130e+02
   1.6869013e+02
   3.7577272e+02
   3.6040779e+02
  -2.9249661e+01
   4.3344830e+02
   5.4956530e+02
   4.3473104e+02
   2.5510221e+02
   1.2994594e+01
   4.2288015e+02
   6.0830557e+02
   9.9620370e+01
   4.2652555e+02
   2.9576173e+02
   4.4271692e+02
   5.7025213e+02
   3.9368089e+02
   4.6962186e+02
   5.3239637e+02
   4.6209206e+01
   2.1605061e+02
   2.1309383e+02
   2.5250177e+02
   2.8815575e+01
  -2.7450781e+01
   3.5795109e+02
   3.1165396e+02
   4.7101950e+02
   3.2889257e+02
   9.3850910e+01
   2.1731789e+02
   1.3932062e+02
   3.7287595e+02
   3.5517899e+02
   2.6844687e+02
   6.2633114e+02
  -1.8490599e+01
   5.0345894e+02
   3.8380433e+02
  -6.2631335e+00
  -1.6852990e+01
   1.9218264e+02
   6.2364844e+01
   1.8602468e+02
   4.5805948e+02
   1.6034726e+02
   1.5405018e+02
   5.6139917e+02
   2.9198398e+02
   5.4352793e+02
   1.6950374e+02
   3.3836259e+02
   2.9591699e+02
   5.6965770e+02
   3.5859375e+02
   8.3059766e+01
   3.3735477e+02
   3.0866318e+02
   2.7326218e+02
   2.8502819e+02
   4.8200408e+02
   5.3241067e+02
   3.6451472e+02
   1.4553831e+02
   3.5174928e+02
   3.4209248e+02
   2.1393794e+02
   3.2472067e+02
   2.2871936e+02
   4.2287142e+02
   5.6826079e+01
   1.3486067e+02
   6.0308960e+02
   3.9875020e+02
   5.8720115e+02
   2.2387798e+02
  -2.8854654e+01
   1.2089721e+02
   4.7421343e+02
   3.3996955e+02
   4.5887659e+02
   3.6355226e+02
   4.7839621e+02
   3.2040543e+02
   2.1556445e+02
   1.2348764e+02
   4.3656147e+01
   1.4972458e+02
   6.0084638e+02
   5.2202839e+02
   3.4646379e+02
   4.5374920e+02
   6.3510603e+01
   1.0740283e+02
   1.2786177e+02
   6.4480151e+01
   2.0394594e+02
   6.2743244e+02
   7.4000358e+01
   2.4228523e+01
   5.2166023e+02
   5.0102209e+02
   6.0841343e+02
   5.4649084e+02
   4.9840860e+02
   2.0196827e+02
   4.2668939e+02
   2.2382856e+02
   4.2444594e+02
   1.6954014e+01
   2.8626470e+02
   2.2519935e+02
   1.7681664e+02
   4.3466908e+02
   4.9991850e+02
   4.9682946e+02
   5.7838847e+01
   4.8124253e+02
   4.0988606e+02
   4.4161265e+02
   4.7776419e+02
   4.4001991e+02
   1.7180994e+02
   1.3225695e+02
   2.8660670e+02
   3.8578666e+02
   5.0060633e+02
   3.4790872e+01
  -1.3739979e+01
   8.2715334e+01
   1.3321207e+02
   6.1930845e+02
   3.9461985e+02
   6.3981511e+02
   4.7865348e+02
   3.9245105e+02
   3.5475666e+02
   5.7678117e+01
   5.0290684e+02
   1.1045632e+01
   3.3991744e+02
  -1.1776318e+01
   6.3664148e+02
   2.3280000e+02
   2.7541267e+02
   5.1210224e+02
  -2.3569014e+00
   2.8649522e+02
   2.8400289e+02
   1.8391354e+02
   2.1817757e+02
   2.2930176e+02
   6.3587442e+02
   1.4376140e+00
   2.4364571e+02
   3.8077101e+02
   5.0158942e+02
   3.0141025e+02
   1.0215515e+02
   2.5893209e+02
   4.9265826e+01
   3.0924831e+02
   1.1908863e+02
   2.2067369e+02
   5.5807754e+01
   6.3113040e+02
   6.2894868e+01
   5.5709706e+01
   6.2878191e+02
   3.6527767e+02
   2.3208717e+02
   4.2581565e+02
   4.7000673e+02
   6.0671864e+02
   3.9978271e+02
   4.7919891e+02
   3.0908875e+01
   4.9738143e+02
   1.9053605e+02
   4.1916399e+02
   3.6730701e+02
   2.7533466e+02
   2.8679800e+02
   4.9482580e+02
   5.7665977e+02
   3.1586100e+02
   3.8754828e+02
   4.7072183e+02
   7.7514818e+01
   2.1444895e+01
   2.7193950e+01
   8.8870228e+01
   7.0743519e+01
   1.2649841e+02
   4.6372851e+02
   2.4166447e+02
   5.5653368e+02
   3.0499791e+01
   4.6497718e+00
   2.1967232e+02
   2.7219084e+01
   3.2147456e+02
   4.8970567e+02
   1.6302203e+02
   5.6755106e+01
   6.1344368e+02
   6.3776733e+02
   8.1879888e+01
   3.7337528e+02
   4.7263917e+02
   4.1498379e+02
   1.9478794e+02
   3.3948736e+01
   5.4098212e+02
   3.5570865e+02
   6.1670162e+02
   3.7539920e+01
   2.9661808e+02
   1.7254824e+02
   5.8478440e+02
   6.1678044e+02
   1.9628237e+02
   4.7817133e+02
   1.2942013e+02
   2.9358478e+02
   1.8683393e+02
   3.7568667e+02
   3.5022561e+02
   4.0150025e+02
   1.0108944e+02
   6.0173729e+01
   1.8726207e+02
   2.1401543e+02
   7.9317336e+01
   1.3871633e+02
   6.0388908e+02
   7.0533483e+01
   4.0746139e+02
   3.4430704e+02
   3.4309886e+02
   2.8416070e+01
   5.3360630e+02
   3.6507740e+01
   2.3150915e+02
   6.0796201e+02
   4.7186670e+02
   5.7514761e+02
   6.0093494e+02
   4.6884341e+01
   5.5571625e+02
   2.3002497e+02
   9.1316452e+01
   5.0423890e+02
   4.6029639e+02
   1.4348005e+02
   1.1742095e+02
   2.9840131e+02
   1.6486798e+02
   6.0495502e+02
   6.2135884e+02
   8.4731472e+01
   4.0344985e+02
   3.0079092e+02
   4.5175551e+02
   3.7450612e+01
   8.2083631e+01
   1.1911273e+00
  -2.7815443e+01
   5.1870122e+02
   1.2536874e+02
   2.9443831e+02
   3.6786379e+02
   5.7928833e+02
   2.8810759e+01
   4.4790275e+02
   2.2722997e+02
   4.2942500e+02
   6.2348334e+02
   2.0239353e+02
   4.8788601e+02
   3.0258174e+02
   2.7780143e+02
   6.1450382e+02
   2.7720477e+02
   5.4548676e+02
   6.0206505e+02
  -1.3504105e+01
   3.5204848e+02
   5.1365637e+02
   3.8865619e+02
  -1.4737028e+01
   2.2451026e+01
   5.0832430e+02
   3.1928711e+02
   1.4004665e+02
   7.3501837e+01
   1.6777284e+02
   1.3500148e+01
   4.1850599e+02
   1.9292842e+02
  -2.9273354e+01
   6.0692180e+01
   5.6323409e+02
   1.1909092e+02
   2.2482456e+02
   3.4891741e+02
   3.1698724e+02
   2.4232677e+02
   5.7899823e+02
   6.0174474e+02
   2.3228779e+02
   2.3999126e+02
   1.1841921e+02
   5.3348827e+02
   3.7491290e+02
   1.0507555e+02
   4.2531841e+02
   3.7630336e+02
   4.7701669e+02
   2.6637827e+02
   3.6793219e+02
   6.0237134e+02
   3.6521208e+02
   3.0116523e+02
   1.2904875e+02
   2.4486875e+02
   1.3985546e+02
   4.5204045e+02
   2.1311237e+02
   5.1553617e+02
   5.5103325e+02
   5.1721323e+02
   1.0226505e+02
   5.5086515e+02
  -1.5699391e+01
   7.4738698e+01
   4.6500826e+02
   2.5063099e+02
   6.1356525e+02
   4.9984365e+02
   6.1711499e+02
   1.6709668e+02
   5.4596804e+02
   9.1075568e+01
  -2.9862503e+01
   2.5228629e+02
   5.6608529e+02
   5.2172115e+02
   2.7780436e+02
   4.5409636e+02
   1.7525603e+02
   9.0031848e+01
   3.8839307e+02
   3.2372298e+02
   2.0455693e+02
   9.1251125e+01
   4.2634378e+02
   4.3958807e+02
   3.2890344e+02
   2.8575195e+02
   4.6199145e+02
   5.8024567e+02
   8.6143841e+01
   6.3134183e+02
   1.4324231e+02
   1.6974868e+02
   5.9390727e+01
   4.2703317e+01
   5.7356129e+02
   3.1560173e+02
   2.1588409e+02
   1.2019558e+02
   4.6328648e+02
   1.4167764e+02
   2.4201679e+02
   2.8479032e+02
   3.7145326e+02
   3.6223502e+02
   5.7161502e+02
   4.6743075e+02
   6.0261919e+02
   2.2302595e+02
   6.3074646e+02
   1.6302328e+02
   2.5462213e+02
   5.0591666e+02
   6.0513636e+02
   1.8783777e+02
   6.2255382e+02
   3.4725082e+02
   3.1106157e+02
   2.9036116e+02
   2.4939555e+01
   5.5474470e+02
   7.3860887e+01
   4.8636991e+02
   3.6914523e+02
   2.8887915e+02
   2.9658669e+02
   4.0825475e+02
   1.9698275e+02
   2.3508043e+02
   2.0418672e+02
   2.3505260e+02
   3.4994681e+02
   4.5028238e+02
   1.1597549e+02
   1.7230645e+02
   1.1676216e+02
   2.0379651e+02
   5.4700825e+02
   3.3548128e+02
   3.5791651e+02
   1.0742930e+02
   1.6549502e+02
   1.5382844e+02
   3.8796845e+02
   5.9003901e+02
   3.6789202e+02
   2.6053636e+02
   6.2581629e+02
   2.7604719e+02
   3.1326510e+02
   1.2304610e+02
   5.1771380e+02
   1.1054315e+01
   2.8440057e+02
   3.9694268e+02
   1.1443980e+02
   4.3727345e+02
   2.6334863e+01
   3.8753939e+02
   1.8076433e+02
   3.7673739e+02
   2.3759078e+01
   1.6935057e+02
   3.3446897e+02
   2.8267697e+02
   5.0969551e+02
   5.3129920e+02
   5.0364727e+02
   1.1477944e+02
   5.6140328e+02
   1.6777292e+02
   1.2367693e+02
   5.2966277e+02
   5.2690673e+02
   1.6256047e+02
   4.6839823e+02
   5.4549539e+01
   8.4117058e+01
   3.3085458e+02
   9.3797455e+01
   1.6960884e+02
   4.3370701e+02
   3.5524844e+02
   2.6790913e+02
   5.0728288e+02
   1.6615728e+02
   1.4828309e+02
   5.5529860e+02
   3.5515174e+02
   1.1503936e+01
   4.7430746e+02
   3.6748485e+02
   2.2542809e+02
   3.0895689e+01
   9.6762645e+01
  -1.8122221e+01
   2.2600527e+01
   3.2264415e+02
   2.1292305e+02
   6.1165819e+02
  -2.4958629e+01
   4.3787335e+02
   1.4770654e+02
   3.1049832e+02
   3.4877374e+02
  -6.8389262e+00
   9.2289818e+01
   6.2227199e+02
   5.1943422e+02
   3.1141916e+02
   1.1282965e+02
   6.1120969e+02
   5.4621158e+02
   2.5082851e+02
   3.2255206e+02
   6.3381671e+02
  -2.4335521e+01
   6.2085485e+02
   3.2732074e+02
   3.8858830e+02
   4.8989237e+02
  -4.0034808e+00
   1.7050697e+02
   1.4519649e+02
   3.5413476e+01
   3.8990463e+02
   5.7833241e+02
   3.3375364e+02
   4.3086678e+02
   2.3012741e+01
   9.6792643e+01
   4.2821950e+02
   2.1175959e+02
   2.0879911e+02
  -1.0923124e+01
   4.5073787e+02
   4.3069797e+02
   2.7875230e+02
   5.3757240e+01
   4.6702737e+02
   5.1536283e+02
   3.0692806e+02
   4.5599654e+02
   4.5518212e+02
   4.6916254e+02
   1.0238980e+02
   8.3905341e+01
   5.4989154e+02
   3.4500238e+02
   1.1457367e+02
   5.9908134e+02
   4.9594391e+01
   9.3172919e+01
   5.5435432e+02
  -1.7514779e+01
   5.2680331e+02
   2.3360604e+02
   1.6430111e+02
   5.1685189e+02
   3.2825253e+02
   2.8471413e+02
   3.0808651e+02
   5.4316848e+02
   4.7737176e+02
   4.3621232e+02
   5.0811617e+02
   2.6963993e+02
   3.0042445e+01
   2.8238147e+02
   8.3273841e+01
   3.9443144e+02
   4.5506976e+01
   1.7904445e+02
   4.6022610e+02
   1.1062068e+02
   3.1766758e+02
   2.2968889e+02
   4.9781200e+02
   2.0569780e+02
   4.7232448e+01
   3.6762262e+02
   2.1943474e+02
  -2.9742703e+01
   5.1195624e+02
   1.0979768e+02
   3.3531528e+01
   3.4410998e+02
   2.7846452e+02
   5.8489088e+02
   5.9727556e+01
   6.2316834e+02
   9.8826565e+01
   1.8832788e+02
   5.8192266e+02
   3.5478632e+02
   2.7130398e+02
   5.1793270e+02
   2.4097497e+02
   5.5688194e+02
   6.2749744e+02
   5.6576506e+02
   3.6888544e+02
  -1.1441535e+01
   1.3396154e+02
   6.1264438e+02
   2.0825510e+01
   6.3726527e+00
   3.6748752e+02
   4.5060059e+02
   2.5589601e+02
   6.3441721e+02
   5.4599224e+01
   6.0871317e+02
   3.6152451e+02
   5.6007025e+02
   2.3248428e+02
   1.2615245e+02
   3.9505941e+02
   5.9926999e+02
   2.8575341e+02
  -9.9168916e+00
   3.3930086e+02
   3.3904702e+02
   2.0823337e+02
   1.7759995e+02
   1.3707509e+02
   9.6221903e+01
   1.2225220e+02
   2.5442265e+02
   1.4882765e+02
   3.8648856e+01
  -1.8498158e+01
   4.8530059e+02
   3.2573642e+02
   4.2791665e+02
   2.4150005e+02
   1.5388012e+02
   3.2793795e+02
   5.9404112e+02
   1.2524663e+02
   6.3623494e+02
   1.3993332e+02
   4.6206435e+02
   3.0029376e+02
   3.0935071e+02
   3.4185369e+01
   1.1584225e+02
   2.3726844e+02
   5.4578901e+02
   3.1362992e+01
   3.3128271e+02
   2.4947451e+02
   4.1249313e+01
   1.3750371e+02
  -1.2462403e+01
   5.1269969e+02
   6.1868211e+02
   2.9106868e+02
   5.6784803e+02
   3.2300157e+02
   9.6798744e+01
   7.1203589e+01
   5.7028277e+01
   5.8561099e+02
  -6.0664041e+00
   3.8706652e+02
   1.1141355e+02
   1.9456554e+02
   5.3831153e+02
   4.2120081e+02
   5.4712793e+02
   8.2718818e+01
   6.0336607e+02
   1.1895895e+02
   2.2185227e+02
   5.6869228e+02
  -1.3790038e+01
   4.7829079e+02
   7.5061762e+01
   4.3763643e+02
   5.4189047e+02
   2.9223912e+02
   4.2030016e+02
   1.7737366e+02
   4.9729527e+02
   1.1150174e+02
  -1.8875496e+01
   5.7212239e+00
   4.1489953e+02
   5.7850698e+02
   2.8406999e+02
   4.3316647e+02
   2.3768823e+02
   2.0862781e+02
   1.1541762e+02
   4.8334966e+02
   1.3343458e+02
   6.0388051e+02
   5.7962366e+02
   1.3596042e+02
   5.0478679e+02
   2.7061308e+02
   2.0525107e+02
   1.2633114e+02
   2.8344490e+02
   2.4241027e+02
   4.2642444e+02
   5.2037846e+02
  -2.6698761e+01
   2.0118655e+02
   7.9249681e+01
   4.0753716e+02
   3.3531380e+02
   5.7602536e+02
   4.3532225e+02
   4.4487532e+02
   5.9395406e+02
   2.7048478e+02
   5.2356310e+02
   1.5903367e+02
   3.3333606e+02
   6.2941214e+02
   1.4824992e+02
   5.8172099e+02
   4.4768589e+02
   3.9069254e+02
   1.4709249e+02
   1.5453748e+02
   2.7294702e+02
   4.8376958e+02
   1.7372340e+02
   5.8125953e+02
   2.3138890e+02
   2.8500409e+02
   4.1041228e+02
   6.1592127e+02
   2.3047219e+02
   5.6265569e+02
   9.9132725e+01
   3.5515010e+02
   2.5957493e+02
   1.1281648e+02
   6.0500624e+02
   2.9047868e+02
   4.0424898e+02
   8.6730296e+01
   1.4312003e+02
   5.1206648e+02
   2.5580480e+02
   1.2074447e+02
   3.4543064e+02
  -1.3774519e+01
  -4.0158625e+00
   1.0251472e+02
   6.3970368e+02
   3.3943970e+02
   3.5175588e+02
   4.4319625e+02
   3.4807969e+01
   4.8189189e+02
   5.7849806e+02
   5.8617943e+02
   5.0211421e+02
   5.0847697e+02
   2.8412903e+02
   5.1315049e+02
   4.0072831e+02
   6.3220937e+02
   4.2594794e+02
  -4.9143706e+00
   2.0671535e+02
   1.5736758e+02
   4.8646461e+02
   4.8808416e+02
   6.4676524e+00
  -1.5493279e+00
   4.1514990e+02
   4.5209153e+02
   5.0632353e+02
   4.4177292e+01
   6.1680970e+01
   1.9458797e+02
   1.9197768e+02
   2.9871678e+01
   1.1229886e+02
   5.9805338e+02
   1.0678648e+01
   5.4138176e+01
   3.0037972e+02
   4.1886418e+02
   5.0033028e+02
   2.7784205e+02
   1.9755750e+01
   9.8274731e+01
   5.5418687e+02
   3.9903561e+02
   2.2603142e+02
   1.1175362e+02
   4.1887305e+02
   4.3083366e+02
   5.0233443e+02
   4.6479883e+02
   8.5954437e+00
   6.1604184e+02
   6.0986803e+02
   3.9609256e+02
   2.0274289e+02
   2.9557637e+02
   9.3900036e+01
   1.8818875e+02
   4.6376140e+02
   6.0728773e+02
   6.2477742e+02
   4.6021990e+02
   6.0761072e+02
   2.8328719e+02
   4.7372215e+02
   5.0760846e+02
   2.6800960e+02
   5.9630016e+02
   3.8266139e+02
   6.3742383e+02
   3.1726493e+02
   1.2059019e+02
   2.6938551e+02
   5.1470116e+02
   5.6086348e+02
   4.5440993e+02
   3.8443927e+02
   4.2851621e+02
   1.7592275e+02
   4.8875244e+02
   4.9071587e+02
   3.4828813e+02
   5.9128910e+02
   1.3858223e+02
   4.8966864e+02
   3.3075744e+02
   8.8251476e+01
   5.7461490e+02
   3.0663478e+02
   5.5398565e+02
   2.4228620e+02
   2.7282008e+01
   2.8551504e+01
   4.5242789e+02
   3.8266847e+02
   4.9426547e+02
   3.6925060e+02
   5.3328367e+02
   4.9911826e+02
   3.1235291e+02
   1.6475079e+02
   8.1703105e+00
   6.0936510e+00
   4.8648667e+02
   1.3341483e+02
   2.3674439e+02
   4.8971122e+02
   1.4764742e+02
   5.4852430e+02
   4.2283096e+02
   6.3823133e+02
   4.6223161e+02
   6.6533283e+01
   4.3336849e+02
   5.6148323e+00
   2.5347559e+02
   4.8467929e+01
   2.8602594e+02
   3.3440045e+02
   1.9983200e+02
   3.6749851e+01
   6.0090711e+02
   2.5199503e+02
   5.8597356e+02
  -1.4985622e+01
   4.7544690e+02
   7.8518866e+01
   1.2645124e+02
   6.0509497e+01
   1.2899882e+02
   5.9931629e+02
   1.1886711e+02
   3.5951402e+02
   1.2005722e+02
   4.3941937e+02
   3.4470470e+02
   7.8136518e+00
   1.7220354e+02
   4.0819950e+02
   6.3518695e+02
   2.7062594e+02
   6.2028824e+02
   1.8820440e+02
   5.9171993e+02
   1.6032377e+02
   4.2540496e+02
   3.5464846e+02
  -1.8614886e+01
   2.3086757e+02
   1.8465272e+02
   3.9110024e+02
   3.0530453e+02
   3.8480135e+02
   3.2162092e+02
   3.2297024e+02
   1.6997534e+02
   2.8719655e+02
   3.3084463e+02
   5.5336702e+02
   3.0945576e+02
   3.4625753e+02
   2.7029771e+02
   3.0234789e+02
   3.6303872e+02
   5.2926078e+02
   7.0710173e+00
   5.1766493e+02
   2.4586688e+02
   4.2397649e+02
   4.9261075e+02
   5.7481007e+02
   4.8166643e+02
   5.6724822e+02
   1.9649208e+02
   1.4675100e+01
   5.2638132e+02
   1.9555976e+02
   6.3441338e+02
   4.2301955e+02
   7.5537933e+00
   2.2368758e+02
   2.9214110e+02
   2.7252147e+02
   2.5786104e+02
   4.9410193e+02
   4.5345027e+02
   5.2783838e+02
   5.9493395e+02
   4.7621216e+02
  -1.1688029e+01
  -5.8384782e+00
   3.9231875e+02
   4.9165283e+02
   3.8127942e+02
   4.9185120e+02
   9.7592015e+01
   5.2618977e+02
   1.6820064e+02
   4.7047501e+01
   8.4751860e+01
   3.2751371e+02
   2.0619721e+02
   2.5205361e+02
   3.5482530e+01
   5.2049158e+02
   4.1932125e+02
   4.6707662e+02
   4.7806349e+02
   6.1343520e+01
   4.5256589e+02
   7.2327542e+00
   5.9117864e+02
   4.8278241e+02
   4.4850834e+02
   4.0376952e+02
   6.3574656e+02
   4.7040691e+02
   5.2220103e+02
   1.5094555e+02
  -1.4412837e+01
   6.1023450e+02
   5.0393174e+02
   2.0137207e+02
   6.0441534e+02
   2.1462711e+02
   1.1000705e+02
   5.4468179e+02
   3.6103651e+02
   7.6521202e+01
   2.1794449e+02
   4.6510130e+02
   3.9466122e+01
   4.4836243e+02
   2.6831822e+02
   8.9504274e+01
  -4.9050564e+00
   2.1151661e+02
   1.1054215e+02
   1.1712717e+02
   5.4172391e+02
   4.5464711e+02
   9.3790560e+01
   6.3860798e+02
   6.1099501e+02
   5.6358403e+02
   5.0228069e+02
   2.9217950e+02
   6.1597700e+02
   1.2682268e+02
   3.0512922e+02
  -1.1351201e+01
   4.3482526e+01
   5.0458683e+02
   5.5104233e+02
   4.4041752e+02
   6.0269571e+02
   4.1602572e+02
   7.2647874e+01
   5.9322401e+02
   3.5162619e+02
   4.5001178e+02
   4.7088735e+01
   5.5331179e+02
   1.1115275e+02
   5.3755541e+02
   6.1277978e+01
   1.2287782e+02
   5.6653080e+02
   2.2263045e+02
   5.2085907e+02
   5.7470465e+02
   3.6374500e+00
  -4.7013675e+00
   5.6148091e+02
   6.3510130e+02
   1.6869013e+02
   3.7577272e+02
   3.6040779e+02
  -2.9249661e+01
   4.3344830e+02
   5.4956530e+02
   4.3473104e+02
   2.5510221e+02
   1.2994594e+01
   4.2288015e+02
   6.0830557e+02
   9.9620370e+01
   4.2652555e+02
   2.9576173e+02
   4.4271692e+02
   5.7025213e+02
   3.9368089e+02
   4.6962186e+02
   5.3239637e+02
   4.6209206e+01
   2.1605061e+02
   2.1309383e+02
   2.5250177e+02
   2.8815575e+01
  -2.7450781e+01
   3.5795109e+02
   3.1165396e+02
   4.7101950e+02
   3.2889257e+02
   9.3850910e+01
   2.1731789e+02
   1.3932062e+02
   3.7287595e+02
   3.5517899e+02
   2.6844687e+02
   6.2633114e+02
  -1.8490599e+01
   5.0345894e+02
   3.8380433e+02
  -6.2631335e+00
  -1.6852990e+01
   1.9218264e+02
   6.2364844e+01
   1.8602468e+02
   4.5805948e+02
   1.6034726e+02
   1.5405018e+02
   5.6139917e+02
   2.9198398e+02
   5.4352793e+02
   1.6950374e+02
   3.3836259e+02
   2.9591699e+02
   5.6965770e+02
   3.5859375e+02
   8.3059766e+01
   3.3735477e+02
   3.0866318e+02
   2.7326218e+02
   2.8502819e+02
   4.8200408e+02
   5.3241067e+02
   3.6451472e+02
   1.4553831e+02
   3.5174928e+02
   3.4209248e+02
   2.1393794e+02
   3.2472067e+02
   2.2871936e+02
   4.2287142e+02
   5.6826079e+01
   1.3486067e+02
   6.0308960e+02
   3.9875020e+02
   5.8720115e+02
   2.2387798e+02
  -2.8854654e+01
   1.2089721e+02
   4.7421343e+02
   3.3996955e+02
   4.5887659e+02
   3.6355226e+02
   4.7839621e+02
   3.2040543e+02
   2.1556445e+02
   1.2348764e+02
   4.3656147e+01
   1.4972458e+02
   6.0084638e+02
   5.2202839e+02
   3.4646379e+02
   4.5374920e+02
   6.3510603e+01
   1.0740283e+02
   1.2786177e+02
   6.4480151e+01
   2.0394594e+02
   6.2743244e+02
   7.4000358e+01
   2.4228523e+01
   5.2166023e+02
   5.0102209e+02
   6.0841343e+02
   5.4649084e+02
   4.9840860e+02
   2.0196827e+02
   4.2668939e+02
   2.2382856e+02
   4.2444594e+02
   1.6954014e+01
   2.8626470e+02
   2.2519935e+02
   1.7681664e+02
   4.3466908e+02
   4.9991850e+02
   4.9682946e+02
   5.7838847e+01
   4.8124253e+02
   4.0988606e+02
   4.4161265e+02
   4.7776419e+02
   4.4001991e+02
   1.7180994e+02
   1.3225695e+02
   2.8660670e+02
   3.8578666e+02
   5.0060633e+02
   3.4790872e+01
  -1.3739979e+01
   8.2715334e+01
   1.3321207e+02
   6.1930845e+02
   3.9461985e+02
   6.3981511e+02
   4.7865348e+02
   3.9245105e+02
   3.5475666e+02
   5.7678117e+01
   5.0290684e+02
   1.1045632e+01
   3.3991744e+02
  -1.1776318e+01
   6.3664148e+02
   2.3280000e+02
   2.7541267e+02
   5.1210224e+02
  -2.3569014e+00
   2.8649522e+02
   2.8400289e+02
   1.8391354e+02
   2.1817757e+02
   2.2930176e+02
   6.3587442e+02
   1.4376140e+00
   2.4364571e+02
   3.8077101e+02
   5.0158942e+02
   3.0141025e+02
   1.0215515e+02
   2.5893209e+02
   4.9265826e+01
   3.0924831e+02
   1.1908863e+02
   2.2067369e+02
   5.5807754e+01
   6.3113040e+02
   6.2894868e+01
   5.5709706e+01
   6.2878191e+02
   3.6527767e+02
   2.3208717e+02
   4.2581565e+02
   4.7000673e+02
   6.0671864e+02
   3.9978271e+02
   4.7919891e+02
   3.0908875e+01
   4.9738143e+02
   1.9053605e+02
   4.1916399e+02
   3.6730701e+02
   2.7533466e+02
   2.8679800e+02
   4.9482580e+02
   5.7665977e+02
   3.1586100e+02
   3.8754828e+02
   4.7072183e+02
   7.7514818e+01
   2.1444895e+01
   2.7193950e+01
   8.8870228e+01
   7.0743519e+01
   1.2649841e+02
   4.6372851e+02
   2.4166447e+02
   5.5653368e+02
   3.0499791e+01
   4.6497718e+00
   2.1967232e+02
   2.7219084e+01
   3.2147456e+02
   4.8970567e+02
   1.6302203e+02
   5.6755106e+01
   6.1344368e+02
   6.3776733e+02
   8.1879888e+01
   3.7337528e+02
   4.7263917e+02
   4.1498379e+02
   1.9478794e+02
   3.3948736e+01
   5.4098212e+02
   3.5570865e+02
   6.1670162e+02
   3.7539920e+01
   2.9661808e+02
   1.7254824e+02
   5.8478440e+02
   6.1678044e+02
   1.9628237e+02
   4.7817133e+02
   1.2942013e+02
   2.9358478e+02
   1.8683393e+02
   3.7568667e+02
   3.5022561e+02
   4.0150025e+02
   1.0108944e+02
   6.0173729e+01
   1.8726207e+02
   2.1401543e+02
   7.9317336e+01
   1.3871633e+02
   6.0388908e+02
   7.0533483e+01
   4.0746139e+02
   3.4430704e+02
   3.4309886e+02
   2.8416070e+01
   5.3360630e+02
   3.6507740e+01
   2.3150915e+02
   6.0796201e+02
   4.7186670e+02
   5.7514761e+02
   6.0093494e+02
   4.6884341e+01
   5.5571625e+02
   2.3002497e+02
   9.1316452e+01
   5.0423890e+02
   4.6029639e+02
   1.4348005e+02
   1.1742095e+02
   2.9840131e+02
   1.6486798e+02
   6.0495502e+02
   6.2135884e+02
   8.4731472e+01
   4.0344985e+02
   3.0079092e+02
   4.5175551e+02
   3.7450612e+01
   8.2083631e+01
   1.1911273e+00
  -2.7815443e+01
   5.1870122e+02
   1.2536874e+02
   2.9443831e+02
   3.6786379e+02
   5.7928833e+02
   2.8810759e+01
   4.4790275e+02
   2.2722997e+02
   4.2942500e+02
   6.2348334e+02
   2.0239353e+02
   4.8788601e+02
   3.0258174e+02
   2.7780143e+02
   6.1450382e+02
   2.7720477e+02
   5.4548676e+02
   6.0206505e+02
  -1.3504105e+01
   3.5204848e+02
   5.1365637e+02
   3.8865619e+02
  -1.4737028e+01
   2.2451026e+01
   5.0832430e+02
   3.1928711e+02
   1.4004665e+02
   7.3501837e+01
   1.6777284e+02
   1.3500148e+01
   4.1850599e+02
   1.9292842e+02
  -2.9273354e+01
   6.0692180e+01
   5.6323409e+02
   1.1909092e+02
   2.2482456e+02
   3.4891741e+02
   3.1698724e+02
   2.4232677e+02
   5.7899823e+02
   6.0174474e+02
   2.3228779e+02
   2.3999126e+02
   1.1841921e+02
   5.3348827e+02
   3.7491290e+02
   1.0507555e+02
   4.2531841e+02
   3.7630336e+02
   4.7701669e+02
   2.6637827e+02
   3.6793219e+02
   6.0237134e+02
   3.6521208e+02
   3.0116523e+02
   1.2904875e+02
   2.4486875e+02
   1.3985546e+02
   4.5204045e+02
   2.1311237e+02
   5.1553617e+02
   5.5103325e+02
   5.1721323e+02
   1.0226505e+02
   5.5086515e+02
  -1.5699391e+01
   7.4738698e+01
   4.6500826e+02
   2.5063099e+02
   6.1356525e+02
   4.9984365e+02
   6.1711499e+02
   1.6709668e+02
   5.4596804e+02
   9.1075568e+01
  -2.9862503e+01
   2.5228629e+02
   5.6608529e+02
   5.2172115e+02
   2.7780436e+02
   4.5409636e+02
   1.7525603e+02
   9.0031848e+01
   3.8839307e+02
   3.2372298e+02
   2.0455693e+02
   9.1251125e+01
   4.2634378e+02
   4.3958807e+02
   3.2890344e+02
   2.8575195e+02
   4.6199145e+02
   5.8024567e+02
   8.6143841e+01
   6.3134183e+02
   1.4324231e+02
   1.6974868e+02
   5.9390727e+01
   4.2703317e+01
   5.7356129e+02
   3.1560173e+02
   2.1588409e+02
   1.2019558e+02
   4.6328648e+02
   1.4167764e+02
   2.4201679e+02
   2.8479032e+02
   3.7145326e+02
   3.6223502e+02
   5.7161502e+02
   4.6743075e+02
   6.0261919e+02
   2.2302595e+02
   6.3074646e+02
   1.6302328e+02
   2.5462213e+02
   5.0591666e+02
   6.0513636e+02
   1.8783777e+02
   6.2255382e+02
   3.4725082e+02
   3.1106157e+02
   2.9036116e+02
   2.4939555e+01
   5.5474470e+02
   7.3860887e+01
   4.8636991e+02
   3.6914523e+02
   2.8887915e+02
   2.9658669e+02
   4.0825475e+02
   1.9698275e+02
   2.3508043e+02
   2.0418672e+02
   2.3505260e+02
   3.4994681e+02
   4.5028238e+02
   1.1597549e+02
   1.7230645e+02
   1.1676216e+02
   2.0379651e+02
   5.4700825e+02
   3.3548128e+02
   3.5791651e+02
   1.0742930e+02
   1.6549502e+02
   1.5382844e+02
   3.8796845e+02
   5.9003901e+02
   3.6789202e+02
   2.6053636e+02
   6.2581629e+02
   2.7604719e+02
   3.1326510e+02
   1.2304610e+02
   5.1771380e+02
   1.1054315e+01
   2.8440057e+02
   3.9694268e+02
   1.1443980e+02
   4.3727345e+02
   2.6334863e+01
   3.8753939e+02
   1.8076433e+02
   3.7673739e+02
   2.3759078e+01
   1.6935057e+02
   3.3446897e+02
   2.8267697e+02
   5.0969551e+02
   5.3129920e+02
   5.0364727e+02
   1.1477944e+02
   5.6140328e+02
   1.6777292e+02
   1.2367693e+02
   5.2966277e+02
   5.2690673e+02
   1.6256047e+02
   4.6839823e+02
   5.4549539e+01
   8.4117058e+01
   3.3085458e+02
   9.3797455e+01
   1.6960884e+02
   4.3370701e+02
   3.5524844e+02
   2.6790913e+02
   5.0728288e+02
   1.6615728e+02
   1.4828309e+02
   5.5529860e+02
   3.5515174e+02
   1.1503936e+01
   4.7430746e+02
   3.6748485e+02
   2.2542809e+02
   3.0895689e+01
   9.6762645e+01
  -1.8122221e+01
   2.2600527e+01
   3.2264415e+02
   2.1292305e+02
   6.1165819e+02
  -2.4958629e+01
   4.3787335e+02
   1.4770654e+02
   3.1049832e+02
   3.4877374e+02
  -6.8389262e+00
   9.2289818e+01
   6.2227199e+02
   5.1943422e+02
   3.1141916e+02
   1.1282965e+02
   6.1120969e+02
   5.4621158e+02
   2.5082851e+02
   3.2255206e+02
   6.3381671e+02
  -2.4335521e+01
   6.2085485e+02
   3.2732074e+02
   3.8858830e+02
   4.8989237e+02
  -4.0034808e+00
   1.7050697e+02
   1.4519649e+02
   3.5413476e+01
   3.8990463e+02
   5.7833241e+02
   3.3375364e+02
   4.3086678e+02
   2.3012741e+01
   9.6792643e+01
   4.2821950e+02
   2.1175959e+02
   2.0879911e+02
  -1.0923124e+01
   4.5073787e+02
   4.3069797e+02
   2.7875230e+02
   5.3757240e+01
   4.6702737e+02
   5.1536283e+02
   3.0692806e+02
   4.5599654e+02
   4.5518212e+02
   4.6916254e+02
   1.0238980e+02
   8.3905341e+01
   5.4989154e+02
   3.4500238e+02
   1.1457367e+02
   5.9908134e+02
   4.9594391e+01
   9.3172919e+01
   5.5435432e+02
  -1.7514779e+01
   5.2680331e+02
   2.3360604e+02
   1.6430111e+02
   5.1685189e+02
   3.2825253e+02
   2.8471413e+02
   3.0808651e+02
   5.4316848e+02
   4.7737176e+02
   4.3621232e+02
   5.0811617e+02
   2.6963993e+02
   3.0042445e+01
   2.8238147e+02
   8.3273841e+01
   3.9443144e+02
   4.5506976e+01
   1.7904445e+02
   4.6022610e+02
   1.1062068e+02
   3.1766758e+02
   2.2968889e+02
   4.9781200e+02
   2.0569780e+02
   4.7232448e+01
   3.6762262e+02
   2.1943474e+02
  -2.9742703e+01
   5.1195624e+02
   1.0979768e+02
   3.3531528e+01
   3.4410998e+02
   2.7846452e+02
   5.8489088e+02
   5.9727556e+01
   6.2316834e+02
   9.8826565e+01
   1.8832788e+02
   5.8192266e+02
   3.5478632e+02
   2.7130398e+02
   5.1793270e+02
   2.4097497e+02
   5.5688194e+02
   6.2749744e+02
   5.6576506e+02
   3.6888544e+02
  -1.1441535e+01
   1.3396154e+02
   6.1264438e+02
   2.0825510e+01
   6.3726527e+00
   3.6748752e+02
   4.5060059e+02
   2.5589601e+02
   6.3441721e+02
   5.4599224e+01
   6.0871317e+02
   3.6152451e+02
   5.6007025e+02
   2.3248428e+02
   1.2615245e+02
   3.9505941e+02
   5.9926999e+02
   2.8575341e+02
  -9.9168916e+00
   3.3930086e+02
   3.3904702e+02
   2.0823337e+02
   1.7759995e+02
   1.3707509e+02
   9.6221903e+01
   1.2225220e+02
   2.5442265e+02
   1.4882765e+02
   3.8648856e+01
  -1.8498158e+01
   4.8530059e+02
   3.2573642e+02
   4.2791665e+02
   2.4150005e+02
   1.5388012e+02
   3.2793795e+02
   5.9404112e+02
   1.2524663e+02
   6.3623494e+02
   1.3993332e+02
   4.6206435e+02
   3.0029376e+02
   3.0935071e+02
   3.4185369e+01
   1.1584225e+02
   2.3726844e+02
   5.4578901e+02
   3.1362992e+01
   3.3128271e+02
   2.4947451e+02
   4.1249313e+01
   1.3750371e+02
  -1.2462403e+01
   5.1269969e+02
   6.1868211e+02
   2.9106868e+02
   5.6784803e+02
   3.2300157e+02
   9.6798744e+01
   7.1203589e+01
   5.7028277e+01
   5.8561099e+02
  -6.0664041e+00
   3.8706652e+02
   1.1141355e+02
   1.9456554e+02
   5.3831153e+02
   4.2120081e+02
   5.4712793e+02
   8.2718818e+01
   6.0336607e+02
   1.1895895e+02
   2.2185227e+02
   5.6869228e+02
  -1.3790038e+01
   4.7829079e+02
   7.5061762e+01
   4.3763643e+02
   5.4189047e+02
   2.9223912e+02
   4.2030016e+02
   1.7737366e+02
   4.9729527e+02
   1.1150174e+02
  -1.8875496e+01
   5.7212239e+00
   4.1489953e+02
   5.7850698e+02
   2.8406999e+02
   4.3316647e+02
   2.3768823e+02
   2.0862781e+02
   1.1541762e+02
   4.8334966e+02
   1.3343458e+02
   6.0388051e+02
   5.7962366e+02
   1.3596042e+02
   5.0478679e+02
   2.7061308e+02
   2.0525107e+02
   1.2633114e+02
   2.8344490e+02
   2.4241027e+02
   4.2642444e+02
   5.2037846e+02
  -2.6698761e+01
   2.0118655e+02
   7.9249681e+01
   4.0753716e+02
   3.3531380e+02
   5.7602536e+02
   4.3532225e+02
   4.4487532e+02
   5.9395406e+02
   2.7048478e+02
   5.2356310e+02
   1.5903367e+02
   3.3333606e+02
   6.2941214e+02
   1.4824992e+02
   5.8172099e+02
   4.4768589e+02
   3.9069254e+02
   1.4709249e+02
   1.5453748e+02
   2.7294702e+02
   4.8376958e+02
   1.7372340e+02
   5.8125953e+02
   2.3138890e+02
   2.8500409e+02
   4.1041228e+02
   6.1592127e+02
   2.3047219e+02
   5.6265569e+02
   9.9132725e+01
   3.5515010e+02
   2.5957493e+02
   1.1281648e+02
   6.0500624e+02
   2.9047868e+02
   4.0424898e+02
   8.6730296e+01
   1.4312003e+02
   5.1206648e+02
   2.5580480e+02
   1.2074447e+02
   3.4543064e+02
  -1.3774519e+01
  -4.0158625e+00
   1.0251472e+02
   6.3970368e+02
   3.3943970e+02
   3.5175588e+02
   4.4319625e+02
   3.4807969e+01
   4.8189189e+02
   5.7849806e+02
   5.8617943e+02
   5.0211421e+02
   5.0847697e+02
   2.8412903e+02
   5.1315049e+02
   4.0072831e+02
   6.3220937e+02
   4.2594794e+02
  -4.9143706e+00
   2.0671535e+02
   1.5736758e+02
   4.8646461e+02
   4.8808416e+02
   6.4676524e+00
  -1.5493279e+00
   4.1514990e+02
   4.5209153e+02
   5.0632353e+02
   4.4177292e+01
   6.1680970e+01
   1.9458797e+02
   1.9197768e+02
   2.9871678e+01
   1.1229886e+02
   5.9805338e+02
   1.0678648e+01
   5.4138176e+01
   3.0037972e+02
   4.1886418e+02
   5.0033028e+02
   2.7784205e+02
   1.9755750e+01
   9.8274731e+01
   5.5418687e+02
   3.9903561e+02
   2.2603142e+02
   1.1175362e+02
   4.1887305e+02
   4.3083366e+02
   5.0233443e+02
   4.6479883e+02
   8.5954437e+00
   6.1604184e+02
   6.0986803e+02
   3.9609256e+02
   2.0274289e+02
   2.9557637e+02
   9.3900036e+01
   1.8818875e+02
   4.6376140e+02
   6.0728773e+02
   6.2477742e+02
   4.6021990e+02
   6.0761072e+02
   2.8328719e+02
   4.7372215e+02
   5.0760846e+02
   2.6800960e+02
   5.9630016e+02
   3.8266139e+02
   6.3742383e+02
   3.1726493e+02
   1.2059019e+02
   2.6938551e+02
   5.1470116e+02
   5.6086348e+02
   4.5440993e+02
   3.8443927e+02
   4.2851621e+02
   1.7592275e+02
   4.8875244e+02
   4.9071587e+02
   3.4828813e+02
   5.9128910e+02
   1.3858223e+02
   4.8966864e+02
   3.3075744e+02
   8.8251476e+01
   5.7461490e+02
   3.0663478e+02
   5.5398565e+02
   2.4228620e+02
   2.7282008e+01
   2.8551504e+01
   4.5242789e+02
   3.8266847e+02
   4.9426547e+02
   3.6925060e+02
   5.3328367e+02
   4.9911826e+02
   3.1235291e+02
   1.6475079e+02
   8.1703105e+00
   6.0936510e+00
   4.8648667e+02
   1.3341483e+02
   2.3674439e+02
   4.8971122e+02
   1.4764742e+02
   5.4852430e+02
   4.2283096e+02
   6.3823133e+02
   4.6223161e+02
   6.6533283e+01
   4.3336849e+02
   5.6148323e+00
   2.5347559e+02
   4.8467929e+01
   2.8602594e+02
   3.3440045e+02
   1.9983200e+02
   3.6749851e+01
   6.0090711e+02
   2.5199503e+02
   5.8597356e+02
  -1.4985622e+01
   4.7544690e+02
   7.8518866e+01
   1.2645124e+02
   6.0509497e+01
   1.2899882e+02
   5.9931629e+02
   1.1886711e+02
   3.5951402e+02
   1.2005722e+02
   4.3941937e+02
   3.4470470e+02
   7.8136518e+00
   1.7220354e+02
   4.0819950e+02
   6.3518695e+02
   2.7062594e+02
   6.2028824e+02
   1.8820440e+02
   5.9171993e+02
   1.6032377e+02
   4.2540496e+02
   3.5464846e+02
  -1.8614886e+01
   2.3086757e+02
   1.8465272e+02
   3.9110024e+02
   3.0530453e+02
   3.8480135e+02
   3.2162092e+02
   3.2297024e+02
   1.6997534e+02
   2.8719655e+02
   3.3084463e+02
   5.5336702e+02
   3.0945576e+02
   3.4625753e+02
   2.7029771e+02
   3.0234789e+02
   3.6303872e+02
   5.2926078e+02
   7.0710173e+00
   5.1766493e+02
   2.4586688e+02
   4.2397649e+02
   4.9261075e+02
   5.7481007e+02
   4.8166643e+02
   5.6724822e+02
   1.9649208e+02
   1.4675100e+01
   5.2638132e+02
   1.9555976e+02
   6.3441338e+02
   4.2301955e+02
   7.5537933e+00
   2.2368758e+02
   2.9214110e+02
   2.7252147e+02
   2.5786104e+02
   4.9410193e+02
   4.5345027e+02
   5.2783838e+02
   5.9493395e+02
   4.7621216e+02
  -1.1688029e+01
  -5.8384782e+00
   3.9231875e+02
   4.9165283e+02
   3.8127942e+02
   4.9185120e+02
   9.7592015e+01
   5.2618977e+02
   1.6820064e+02
   4.7047501e+01
   8.4751860e+01
   3.2751371e+02
   2.0619721e+02
   2.5205361e+02
   3.5482530e+01
   5.2049158e+02
   4.1932125e+02
   4.6707662e+02
   4.7806349e+02
   6.1343520e+01
   4.5256589e+02
   7.2327542e+00
   5.9117864e+02
   4.8278241e+02
   4.4850834e+02
   4.0376952e+02
   6.3574656e+02
   4.7040691e+02
   5.2220103e+02
   1.5094555e+02
  -1.4412837e+01
   6.1023450e+02
   5.0393174e+02
   2.0137207e+02
   6.0441534e+02
   2.1462711e+02
   1.1000705e+02
   5.4468179e+02
   3.6103651e+02
   7.6521202e+01
   2.1794449e+02
   4.6510130e+02
   3.9466122e+01
   4.4836243e+02
   2.6831822e+02
   8.9504274e+01
  -4.9050564e+00
   2.1151661e+02
   1.1054215e+02
   1.1712717e+02
   5.4172391e+02
   4.5464711e+02
   9.3790560e+01
   6.3860798e+02
   6.1099501e+02
   5.6358403e+02
   5.0228069e+02
   2.9217950e+02
   6.1597700e+02
   1.2682268e+02
   3.0512922e+02
  -1.1351201e+01
   4.3482526e+01
   5.0458683e+02
   5.5104233e+02
   4.4041752e+02
   6.0269571e+02
   4.1602572e+02
   7.2647874e+01
   5.9322401e+02
   3.5162619e+02
   4.5001178e+02
   4.7088735e+01
   5.5331179e+02
   1.1115275e+02
   5.3755541e+02
   6.1277978e+01
   1.2287782e+02
   5.6653080e+02
   2.2263045e+02
   5.2085907e+02
   5.7470465e+02
   3.6374500e+00
  -4.7013675e+00
   5.6148091e+02
   6.3510130e+02
   1.6869013e+02
   3.7577272e+02
   3.6040779e+02
  -2.9249661e+01
   4.3344830e+02
   5.4956530e+02
   4.3473104e+02
   2.5510221e+02
   1.2994594e+01
   4.2288015e+02
   6.0830557e+02
   9.9620370e+01
   4.2652555e+02
   2.9576173e+02
   4.4271692e+02
   5.7025213e+02
   3.9368089e+02
   4.6962186e+02
   5.3239637e+02
   4.6209206e+01
   2.1605061e+02
   2.1309383e+02
   2.5250177e+02
   2.8815575e+01
  -2.7450781e+01
   3.5795109e+02
   3.1165396e+02
   4.7101950e+02
   3.2889257e+02
   9.3850910e+01
   2.1731789e+02
   1.3932062e+02
   3.7287595e+02
   3.5517899e+02
   2.6844687e+02
   6.2633114e+02
  -1.8490599e+01
   5.0345894e+02
   3.8380433e+02
  -6.2631335e+00
  -1.6852990e+01
   1.9218264e+02
   6.2364844e+01
   1.8602468e+02
   4.5805948e+02
   1.6034726e+02
   1.5405018e+02
   5.6139917e+02
   2.9198398e+02
   5.4352793e+02
   1.6950374e+02
   3.3836259e+02
   2.9591699e+02
   5.6965770e+02
   3.5859375e+02
   8.3059766e+01
   3.3735477e+02
   3.0866318e+02
   2.7326218e+02
   2.8502819e+02
   4.8200408e+02
   5.3241067e+02
   3.6451472e+02
   1.4553831e+02
   3.5174928e+02
   3.4209248e+02
   2.1393794e+02
   3.2472067e+02
   2.2871936e+02
   4.2287142e+02
   5.6826079e+01
   1.3486067e+02
   6.0308960e+02
   3.9875020e+02
   5.8720115e+02
   2.2387798e+02
  -2.8854654e+01
   1.2089721e+02
   4.7421343e+02
   3.3996955e+02
   4.5887659e+02
   3.6355226e+02
   4.7839621e+02
   3.2040543e+02
   2.1556445e+02
   1.2348764e+02
   4.3656147e+01
   1.4972458e+02
   6.0084638e+02
   5.2202839e+02
   3.4646379e+02
   4.5374920e+02
   6.3510603e+01
   1.0740283e+02
   1.2786177e+02
   6.4480151e+01
   2.0394594e+02
   6.2743244e+02
   7.4000358e+01
   2.4228523e+01
   5.2166023e+02
   5.0102209e+02
   6.0841343e+02
   5.4649084e+02
   4.9840860e+02
   2.0196827e+02
   4.2668939e+02
   2.2382856e+02
   4.2444594e+02
   1.6954014e+01
   2.8626470e+02
   2.2519935e+02
   1.7681664e+02
   4.3466908e+02
   4.9991850e+02
   4.9682946e+02
   5.7838847e+01
   4.8124253e+02
   4.0988606e+02
   4.4161265e+02
   4.7776419e+02
   4.4001991e+02
   1.7180994e+02
   1.3225695e+02
   2.8660670e+02
   3.8578666e+02
   5.0060633e+02
   3.4790872e+01
  -1.3739979e+01
   8.2715334e+01
   1.3321207e+02
   6.1930845e+02
   3.9461985e+02
   6.3981511e+02
   4.7865348e+02
   3.9245105e+02
   3.5475666e+02
   5.7678117e+01
   5.0290684e+02
   1.1045632e+01
   3.3991744e+02
  -1.1776318e+01
   6.3664148e+02
   2.3280000e+02
   2.7541267e+02
   5.1210224e+02
  -2.3569014e+00
   2.8649522e+02
   2.8400289e+02
   1.8391354e+02
   2.1817757e+02
   2.2930176e+02
   6.3587442e+02
   1.4376140e+00
   2.4364571e+02
   3.8077101e+02
   5.0158942e+02
   3.0141025e+02
   1.0215515e+02
   2.5893209e+02
   4.9265826e+01
   3.0924831e+02
   1.1908863e+02
   2.2067369e+02
   5.5807754e+01
   6.3113040e+02
   6.2894868e+01
   5.5709706e+01
   6.2878191e+02
   3.6527767e+02
   2.3208717e+02
   4.2581565e+02
   4.7000673e+02
   6.0671864e+02
   3.9978271e+02
   4.7919891e+02
   3.0908875e+01
   4.9738143e+02
   1.9053605e+02
   4.1916399e+02
   3.6730701e+02
   2.7533466e+02
   2.8679800e+02
   4.9482580e+02
   5.7665977e+02
   3.1586100e+02
   3.8754828e+02
   4.7072183e+02
   7.7514818e+01
   2.1444895e+01
   2.7193950e+01
   8.8870228e+01
   7.0743519e+01
   1.2649841e+02
   4.6372851e+02
   2.4166447e+02
   5.5653368e+02
   3.0499791e+01
   4.6497718e+00
   2.1967232e+02
   2.7219084e+01
