   4.2693092e+02
   3.4684855e+02
   6.5973931e+02
   8.3166587e+02
   2.3115495e+02
   2.3320724e+02
   2.1284685e+02
   8.4459704e+02
   1.7170064e+02
   8.3114075e+02
   8.7285452e+02
  -1.6332042e+01
   1.4916563e+02
   7.4763095e+02
   2.2261278e+02
   2.3364846e+01
   3.3375901e+01
   8.6170526e+02
   1.3964005e+02
  -6.8327806e+01
   6.8007966e+02
   5.5951790e+02
   6.6429755e+02
   3.2083529e+02
   2.4500068e+02
   9.0453968e+02
   6.3891614e+02
   5.5419633e+02
   7.5833901e+02
   1.4846517e+02
   8.8590839e+02
   1.8358460e+02
   7.0267194e+02
   4.3198417e+02
   8.5818849e+02
   2.9267917e+02
   7.4990677e+01
  -6.1483104e+01
   2.8712080e+02
  -4.0189476e+01
   5.4037194e+02
   4.6654064e+02
  -6.5639289e+01
   7.2119475e+00
   8.3100519e+02
   4.3269268e+02
   8.0526141e+02
   5.1618608e+02
   8.8792750e+02
   4.7857887e+02
   4.3657632e+02
   3.8198629e+02
   1.8417772e+02
   4.7655416e+02
   6.4764491e+02
   2.3986578e+02
   1.5389901e+02
  -4.1601237e+01
   5.6026298e+02
   6.7387194e+02
   8.5070427e+01
   1.0436364e+02
   1.4572844e+02
   4.6185040e+02
   7.5234895e+02
   7.9549062e+02
   7.1193006e+01
   1.5197251e+02
   4.9756256e+02
   3.6794372e+02
   4.2519104e+02
   3.8032563e+02
   8.5596733e+02
   2.4248082e+02
   5.5062523e+02
   2.3890844e+02
   7.8518865e+02
   4.7230819e+02
   5.8318716e+02
   8.4428837e+01
   1.4446291e+02
   6.8804194e+02
   3.9507660e+02
   5.7751963e+02
   4.6485190e+02
   8.5016549e+02
   2.0465646e+02
   5.3028937e+02
   6.4533946e+02
   2.6766192e+01
   8.9066317e+02
   6.9428469e+02
  -6.5186190e+01
   3.5767679e+02
   4.7467266e+02
   4.0974919e+02
   4.0612304e+02
   3.0852398e+02
   5.6008015e+02
   2.1137704e+02
   5.1762952e+01
   3.2219355e+02
   6.0742230e+01
   7.8732686e+01
   3.1053376e+02
   6.4451949e+02
   8.8806430e+02
   4.9434237e+02
   7.5768325e+02
   4.2945072e+02
   7.0195561e+01
   5.7169798e+02
   1.8506986e+02
  -2.1370817e+01
  -6.4055627e+01
  -3.7705605e+01
   7.1917667e+02
   4.1197248e+02
   8.6635745e+02
   4.5615338e+02
   2.7829829e+02
   8.8430440e+02
   8.0503327e+02
   1.0674074e+02
   7.0371214e+02
   5.2848257e+02
   4.2442306e+02
   2.9799034e+02
   5.4504264e+01
   1.9372154e+02
   3.9737287e+02
   2.8576382e+02
   7.5617011e+02
   1.3568815e+02
   3.3609088e+02
   4.3993277e+02
   2.6142065e+02
  -7.3425047e+01
   5.7258085e+02
   4.5548738e+02
   2.4725996e+02
   5.2407786e+02
   8.6393827e+02
  -5.7914217e+01
   5.6772930e+02
   9.0543420e+02
   8.9856481e+02
   3.1557929e+02
   5.2495035e+02
  -3.7728663e+01
   4.0241893e+02
   6.9001913e+02
   6.4047952e+02
   2.2479036e+02
  -7.9034088e+01
   8.6275422e+02
  -5.1266525e+01
   9.0307111e+02
   6.1619647e+01
   7.4948249e+02
   2.3340076e+02
   4.6364903e+02
   3.5911103e+02
   2.7185843e+02
   5.1250212e+02
   3.1351805e+02
   3.7817110e+02
   6.7283612e+02
  -1.7916684e+01
   6.3271705e+02
   4.7706003e+02
   8.3025952e+02
   7.9994087e+01
   8.7429638e+00
   2.1262217e+02
   7.7813429e+01
  -4.0344461e+01
   6.5839572e+02
   3.3937210e+02
   7.0250822e+02
   2.8977153e+01
   7.1008445e+02
   5.0461664e+02
   6.0376729e+02
  -3.5813536e+01
  -5.0351156e+01
   3.5227101e+02
   4.0959467e+02
   1.9514914e+02
   7.8275415e+02
   8.5820392e+00
   2.4763385e+02
   1.5678727e+02
   3.5175698e+02
   5.9600092e+02
   4.6122980e+02
   3.1735255e+02
   8.4075091e+02
   5.7010925e+02
   6.2864741e+02
   5.5944465e+02
   1.8554710e+02
   6.0741642e+02
   8.6051415e+02
   6.6344294e+02
   1.2153278e+01
   7.9132905e+02
   1.3867410e+02
   4.4138559e+02
   8.9040079e+02
   5.6235323e+02
   9.1579579e+02
   2.3988955e+01
   9.0788657e+02
   4.1538221e+02
   2.9439729e+02
   9.2459288e+02
   2.3197622e+02
   5.5048975e+02
   7.3739957e+01
  -6.4263525e+01
   2.7048475e+02
   5.9630532e+02
   5.4085742e+01
   4.2681964e+02
   1.5160916e+02
   5.4861666e+02
   8.4745036e+02
   5.0934448e+02
   6.6514732e+02
   6.7334415e+02
   8.3542392e+02
   2.2321816e+02
   8.5112075e+02
   6.1476031e+02
   4.5260471e+01
   8.7507986e+02
   6.7099624e+02
  -7.0695736e+01
   2.3514098e+02
  -6.2735538e+01
   1.3321428e+02
   5.6297241e+02
   2.4408059e+02
   2.3716122e+02
   6.9193536e+02
   3.0044408e+02
   7.2448176e+02
   7.7117017e+02
  -6.4372466e+01
   8.8297598e+02
   1.2242353e+01
   8.0062827e+02
   4.7087772e+02
   8.2131144e+02
   8.6438044e+00
   4.8721480e+02
   5.2499022e+02
   2.1780367e+02
   8.4497314e+02
   2.9440609e+01
   8.8918530e+02
   1.0862011e+01
   6.4660281e+02
   8.5058153e+02
   3.1006866e+02
   8.3183028e+02
  -7.5864612e+01
   5.7503216e+02
   3.9658442e+02
   5.2459938e+02
   5.4359527e+02
   9.2749996e+02
   1.6375844e+01
   6.3982808e+02
   7.0613097e+02
   6.5155049e+02
   2.8217082e+02
   7.9089775e+01
   8.0412768e+02
   6.9908602e+02
   5.2211064e+01
   1.6324051e+02
   8.6217907e+02
   3.0847342e+02
   5.6435660e+02
   6.4240674e+02
   4.5900057e+02
   8.6246992e+01
   1.2609449e+02
   6.4908460e+02
   6.2504057e+02
   8.6871506e+02
   5.4954769e+01
   3.6144897e+02
   8.2331037e+02
   4.8498800e+02
   5.8857081e+02
   3.3212511e+02
   1.0989763e+02
  -6.7827318e+01
   5.9266526e+02
   7.3259408e+02
   3.3235010e+02
   3.4864204e+02
   7.9496494e+02
   2.0588905e+02
   6.1710214e+02
   7.9094840e+02
   8.3090839e+02
   1.6166778e+02
   7.4770323e+02
   7.5309262e+01
   8.1697995e+02
   1.5207778e+02
   7.3663117e+02
   6.8087555e+02
   5.6431491e+02
   4.7482335e+02
   2.1025703e+02
   4.4839942e+02
   5.1047978e+02
   7.8128808e+02
   2.1379772e+02
   9.6104664e+01
   4.7409521e+02
   7.1299006e+02
   1.6671328e+02
   1.7535917e+02
   2.0182099e+02
   6.0864832e-01
   9.1376653e+02
   5.5293676e+02
   5.6155594e+01
   9.1247083e+02
   6.1193076e+01
   7.8863550e+02
   2.6567624e+02
   9.2296826e+02
   2.4412824e+02
   1.9372696e+02
  -6.3215340e+01
   8.1288592e+02
  -2.7789471e+01
   5.8151534e+02
   5.0395764e+02
   8.4965634e+02
   8.1796352e+02
   6.3973651e+02
   8.8500258e+02
   5.5578577e+02
   1.4401585e+02
   8.5130573e+02
  -5.0960360e+01
   1.3096724e+02
   5.1140880e+02
   6.5099731e+02
   7.8659523e+02
   5.6651415e+02
   7.5020426e+02
   1.2436123e+02
   8.8847001e+02
   1.8962900e+02
   5.1977621e+02
   7.5327952e+02
   8.2063441e+02
   2.1911958e+02
  -2.9342275e+01
   4.6843719e+02
   2.4006514e+02
   7.8671960e+02
   3.9500405e+02
   6.0728144e+02
   2.2894339e+02
   7.5060743e+02
   2.2505093e+02
  -4.9051279e+01
   7.2768479e+02
   9.2135002e+02
  -1.8009821e+01
   6.7061794e+01
   7.5850932e+02
   7.4602282e+02
   6.0358891e+02
   1.7338576e+02
   8.6677285e+02
   3.2217079e+02
  -2.7918282e+01
   1.4000264e+02
   4.1774834e+02
   3.9865565e+02
   2.0809542e+02
   3.7277409e+02
   9.0458940e+02
   5.7382140e+02
   1.4990439e+02
   7.6154100e+02
   8.4236039e+01
   3.4663583e+02
   1.2264996e+02
   3.9600769e+02
   2.2033080e+02
   9.0647695e+02
   4.1166631e+02
   4.4592158e+02
   6.2398216e+02
   5.3895858e+02
   8.9719354e+02
   4.1829418e+02
   8.0978415e+02
  -1.4698455e+01
   2.6039175e+02
   7.6515941e+02
   1.0784638e+02
   9.2448700e+02
  -6.6361330e+01
   5.6748425e+02
   9.1972055e+01
   4.1537972e+02
   5.5475737e+02
   4.0366791e+02
   6.2896170e+02
   6.5127185e+02
   1.5897878e+02
   8.1800719e+02
   3.5608869e+02
   2.2644138e+02
   4.4653056e+00
   9.2661262e+02
   2.5535874e+02
   6.3210452e+02
   1.1297841e+02
   5.7901120e+02
   1.1018595e+02
   4.3333095e+02
   8.6478513e+02
  -9.6592933e+00
   1.7611207e+02
   7.2001317e+02
   8.3085123e+02
   5.1334680e+01
   2.5829579e+02
   7.7037097e+02
   2.0967475e+01
   6.2559166e+02
   1.6769245e+02
   2.8826749e+02
   5.2498879e+01
   4.1776760e+02
   5.7949562e+02
   5.7896345e+02
   6.9320010e+02
   8.2525782e+02
   7.4915044e+02
  -1.5903135e+01
   3.3769578e+02
  -9.3200357e+00
   3.1972194e+02
   4.4277576e+02
  -3.2712828e+01
   7.8291978e+02
   7.1877241e+02
   4.3133766e+02
   2.8369226e+02
  -7.1458011e+00
   2.6472376e+02
   1.0331811e+02
   4.7176324e+02
   7.7982095e+02
   3.9921481e+02
   6.3342446e+02
   6.0620906e+02
   2.9124996e+02
   2.2291009e+01
   5.9043327e+02
   7.0123898e+02
   6.3080113e+02
   7.9302196e+02
   7.3377041e+02
   9.2602495e+02
   8.4208602e+02
   1.6674441e+02
   1.7990887e+01
   1.4211967e+02
   3.3561240e+02
   4.8071309e+02
   8.2489955e+02
  -9.9810577e+00
   7.8165981e+02
   8.4500763e+02
   1.3695056e+02
   7.3275671e+02
  -1.1205141e+00
   4.7793761e+02
   6.5337279e+02
   3.5626096e+02
   4.2592045e+02
   1.1847485e+02
   6.4499370e+02
   6.7875421e+01
   6.7911502e+02
   7.7863478e+01
   1.9011959e+02
   6.0389715e+02
   2.7628619e+02
   9.0245008e+02
   4.9995325e+02
   1.1159336e+02
  -3.0327468e+01
   8.3851404e+02
   1.4174024e+00
   5.1565998e+02
   6.5208883e+02
   6.1503026e+02
   8.1487407e+02
   5.3066028e+02
   5.0497813e+01
   2.7942908e+02
   2.3546443e+02
   1.4178019e+02
   5.3798841e+02
   6.4509294e+02
   2.8249365e+02
   2.2736724e+02
   6.2870858e+02
   2.9273345e+02
   3.5275056e+02
   7.3486680e+00
   8.8211588e+02
   4.3479681e+01
   1.9800951e+02
   1.5350284e+02
   7.0067993e+02
  -7.7071921e+01
   1.6698230e+02
   8.6032017e+02
   7.8695054e+02
   3.1104499e+02
   7.8639064e+02
  -5.6067908e+01
   9.0472394e+02
   4.2352590e+02
   8.2866315e+02
   1.5077584e+01
   6.1146303e+02
   2.0771273e+02
   6.0625760e+02
   5.0101834e+01
   4.9161185e+02
   8.0241518e+02
   1.0595830e+01
   8.2647770e+02
   6.5492531e+02
   3.0471536e+02
   2.3650351e+01
   5.0508964e+02
   6.2170706e+02
   6.7344608e+02
   4.7606353e+02
   5.8871071e+02
   7.6201466e+01
   3.4955943e+02
   8.7461391e+02
   4.5017604e+02
   8.4735849e+02
   3.4509363e+01
   4.6577354e+02
  -1.0609765e+01
   6.8695268e+02
   6.1019251e+02
   7.5187160e+02
   7.1688069e+02
   3.3882263e+02
  -6.1996857e+00
   6.2574862e+02
   4.9089821e+02
   5.1454065e+02
   4.5957886e+02
   7.7093195e+02
   8.2716632e+01
   6.1884435e+02
   1.5267113e+02
   8.0330533e+02
   4.5833141e+02
   3.0443234e+02
   1.4743827e+02
   6.4311133e+02
   2.4464504e+02
   6.8076645e+02
   7.8435219e+02
   1.9472648e+02
   3.7782767e+02
  -7.5582385e+01
   2.7762715e+02
   1.3102430e+02
   6.0800310e+02
   1.7378036e+02
   3.6144873e+02
   2.1586631e+02
   9.1040506e+02
   4.4999406e+02
   6.1493784e+02
   4.4456677e+02
   2.6164717e+02
   1.4504429e+02
   1.8832933e+02
   3.6174240e+02
   5.9087627e+02
   1.8614375e+02
  -1.1175373e+01
   8.7430817e+01
   3.5322989e+02
  -7.5514428e+01
   5.1124865e+01
   4.9381765e+02
   5.1659574e+02
   2.6327276e+02
   3.8628643e+02
  -3.6960186e+01
  -4.7347746e+01
   7.8502071e+02
   6.7211209e+02
   5.1023368e+02
   3.4898397e+02
   2.6811046e+02
   4.0934998e+02
   3.5923046e+01
   9.2193143e+01
   6.1720489e+02
   4.9304995e+02
   8.0248870e+02
   1.3310582e+02
   7.5833342e+02
   6.5708220e+02
   8.9909431e+02
   1.2996928e+02
   9.6775995e+01
   7.9363848e+02
   5.3193447e+02
   2.5344152e+02
   7.5475843e+02
  -2.3515410e+01
   3.6632298e+02
   7.2099772e+02
  -7.3106692e+01
   2.6684997e+01
   5.5930483e+02
   2.6504284e+02
   7.4974632e+02
   1.2318740e+02
   8.5013197e+02
  -5.2168877e+01
   1.2778545e+02
  -1.9316986e+01
   6.5031754e+01
   1.2109339e+02
   3.9034265e+02
   2.5206704e+02
   3.0658146e+02
   3.1478570e+02
   6.4195969e+01
   1.3595216e+02
   2.7821566e+02
   1.0247147e+02
   2.8385152e+02
   8.9953264e+02
   6.8184778e+02
   2.3452898e+02
   8.5370243e+01
   8.8969312e+02
   4.0389788e+02
   8.4993938e+01
   2.5979982e+02
   5.4275803e+02
   2.5931621e+02
   6.3341312e+00
   2.1036781e+00
   3.1902624e+02
   5.3384702e+02
   2.9409410e+02
   4.1806712e+02
   3.9150822e+02
  -3.2898837e+01
   3.6841041e+02
   8.9986092e+02
  -5.7133338e+01
   3.3823537e+02
   5.4257010e+02
   3.8129385e+02
   8.8223274e+02
   7.2395175e+02
   1.6749295e+02
   7.8855094e+02
   2.9648932e+02
   2.2997376e+02
   6.7733320e+02
   2.3435220e+02
   2.3420237e+01
   5.2131735e+02
   3.1515490e+02
   6.4288889e+02
   7.6520997e+02
   1.4869651e+02
  -4.0266288e+01
   3.2662307e+02
   6.9767801e+02
   7.5838586e+02
   7.0553439e+02
   2.2636369e+02
   2.0250062e+02
   2.2423624e+02
   5.8379859e+02
   7.1425926e+02
   7.1498818e+02
   6.2931892e+02
   3.7640166e+02
   5.9181235e+01
   1.7008734e+02
   5.2295538e+02
   8.1998711e+02
   8.7383044e+02
   8.3673966e+02
   1.0455699e+02
   9.0443938e+02
   2.4191658e+02
   5.1605122e+02
   3.4453298e+02
   1.0987991e+02
   5.6875519e+02
   8.1510957e+02
   1.6478818e+02
   1.3116690e+02
   4.5861328e+02
   3.1730158e+02
   2.5392325e+02
   4.5521236e+02
  -2.4731279e+01
   7.0240825e+02
  -7.2268805e+01
   7.3629027e+02
   7.5461734e+02
   2.7192057e+02
  -4.8033226e+01
   1.3344108e+02
   7.5665878e+02
   1.9912964e+01
   4.4542878e+02
   2.0631122e+02
   1.5362090e+02
   5.6534827e+02
   2.0923076e+02
   8.7622201e+02
   3.3103206e+02
   6.7174075e+02
   6.1934188e+02
   2.8372526e+02
   3.4831709e+02
   3.9521028e+02
   4.6686657e+02
   5.5736537e+02
   5.3696061e+02
   8.0652511e+02
   4.6317934e+02
  -3.6189836e+01
   1.6702369e+02
   3.6701663e+02
   5.8056704e+01
   7.5008370e+02
   4.8016006e+02
   2.4670075e+02
   1.2646564e+02
   7.0881327e+02
  -5.8154037e+01
   5.3240957e+02
   6.8501910e+02
   3.8654030e+02
   8.6240489e+02
  -2.6391032e+01
   6.1190115e+01
   4.8384297e+02
   5.1099201e+02
   2.9606273e+02
   5.5369833e+02
   9.0197851e+02
   6.4830362e+02
   7.8061981e+02
   6.3505516e+02
   8.0396837e+02
   6.2996181e+02
   4.2156340e+02
   2.8012970e+02
   3.2862431e+02
   5.2299297e+02
   3.6763005e+02
   6.1769628e+02
   7.8530940e+02
   5.3905258e+02
   4.6370501e+02
   2.1907129e+02
   6.4185694e+02
   3.0631544e+02
   6.2707171e+02
   6.0463003e+02
   5.5105928e+01
   6.6729318e+02
   4.6702712e+02
   5.4406528e+02
   1.3186741e+02
   3.6675584e+02
   8.7293834e+02
  -6.5086053e+01
   6.2690253e+02
   3.3886540e+01
   4.8033405e+02
   7.5922202e+01
  -7.3797090e-01
   1.0834986e+02
   8.4679865e+02
   3.2937997e+02
   3.6952492e+02
   5.8933564e+02
   7.0179956e+02
   6.5777834e+02
   2.3524360e+02
  -6.6759251e+01
   1.5404697e+02
   1.3606323e+02
   7.7379799e+02
   7.2242031e+02
   2.4759209e+02
   6.3959204e+01
   4.7467516e+02
   1.3780943e+02
   8.2929322e+02
   8.6073456e+02
   6.5727194e+02
   6.3551397e+02
   4.7344551e+01
   5.0463684e+02
   8.4754400e+02
   6.2848875e+02
   4.3141163e+02
   9.6134184e+01
   3.9385922e+02
   4.8552896e+02
   8.3662378e+02
   6.9960047e+02
   5.9425191e+02
   1.6704349e+01
   3.7305460e+02
   6.3974165e+02
   4.4274588e+02
   8.9412014e+02
   1.1941102e+02
   4.0683591e+02
   3.6925054e+02
   2.0443547e+02
   4.4905291e+02
   6.5561562e+02
   2.1609153e+02
   7.0158328e+02
   3.6175355e+02
   7.4838612e+02
   3.5193960e+02
   2.7281744e+02
   9.0494088e+02
   7.1419226e+02
   2.4570357e+02
   2.0460487e+01
   1.8391688e+02
   1.0091393e+02
   8.7888865e+02
   8.5474034e+01
   6.5919397e+02
   2.6030323e+02
   3.7989735e+02
   4.0702444e+02
   6.6453273e+02
   4.8213496e+02
   1.1329670e+02
   2.5950224e+02
   3.3624140e+02
   3.3410843e+02
   8.2008651e+02
   5.6272791e+02
   3.1092036e+02
   1.5508888e+02
   6.3696612e+02
   2.0323777e+02
   8.1095417e+02
   7.0614235e+02
   6.4025030e+02
   7.9173334e+01
   7.9215933e+02
   7.7299321e+01
   8.7172501e+02
   5.4541228e+02
   6.5817161e+02
   1.8901878e+02
   6.5028288e+02
  -5.1519971e+01
   8.0799698e+02
   2.7906570e+02
   5.4661237e+02
   5.6521764e+02
   4.5020865e+02
   9.2849731e+02
   6.3100991e+02
   1.5018966e+02
   5.2058280e+02
   5.0180591e+02
   4.4602263e+02
  -2.1884168e+01
   8.2262391e+02
   1.2133057e+02
   6.8251586e+02
   8.5880520e+02
   5.2083511e+01
   6.9115057e+02
   8.3733087e+02
   4.6711390e+02
   1.6258437e+02
  -1.9895317e+01
   6.4873957e+02
   2.1797218e+02
   6.0275877e+02
   8.1329893e+02
   6.2356704e+02
   2.4259908e+02
  -1.0403125e+01
   2.3673767e+02
  -1.7165692e+01
   3.2747339e+02
   6.9333463e+02
   7.8122677e+02
   4.8729344e+02
   3.4897954e+01
   5.8121995e+02
   7.6875364e+02
   7.1711469e+02
   6.5927735e+02
   4.0449381e+02
   3.6376768e+01
   1.6888326e+02
   5.6307296e+02
   7.2141122e+02
   2.0796443e+02
   4.5893354e+02
   2.2324310e+00
   8.2777121e+02
   9.4353418e+01
   1.7985639e+02
   7.6232355e+02
   5.9153257e+02
   4.7232022e+02
   5.5384443e+02
   1.5938761e+02
   3.6759174e+02
   7.6064354e+02
   3.6805698e+02
   2.2783771e+02
   1.9898045e+02
   2.2010618e+02
  -2.2463635e+01
   5.7949346e+02
  -7.0100225e+01
   7.1081963e+02
   1.1154459e+02
   2.7272661e+02
   4.5166695e+02
   7.8053451e+01
   2.6109890e+02
   8.5382606e+02
   3.4017948e+02
   5.4402335e+02
   5.5210576e+02
   6.2682164e+02
   8.5965134e+02
   1.1932402e+02
   2.6304369e+02
   2.2948243e+02
   3.7782519e+02
   3.6291006e+02
   4.8643251e+02
   2.4465257e+02
   9.0359063e+02
   4.8335552e+02
   5.6089244e+02
   8.7888186e+02
   4.1597752e+02
   9.2310553e+02
   3.3138539e+02
   3.3166042e+02
   4.6768811e+02
  -3.5797357e+01
   8.1689606e+02
   1.6847651e+02
   8.1016497e+02
   7.7332619e+02
   6.4584844e+02
   4.2693092e+02
   3.4684855e+02
   6.5973931e+02
   8.3166587e+02
   2.3115495e+02
   2.3320724e+02
   2.1284685e+02
   8.4459704e+02
   1.7170064e+02
   8.3114075e+02
   8.7285452e+02
  -1.6332042e+01
   1.4916563e+02
   7.4763095e+02
   2.2261278e+02
   2.3364846e+01
   3.3375901e+01
   8.6170526e+02
   1.3964005e+02
  -6.8327806e+01
   6.8007966e+02
   5.5951790e+02
   6.6429755e+02
   3.2083529e+02
   2.4500068e+02
   9.0453968e+02
   6.3891614e+02
   5.5419633e+02
   7.5833901e+02
   1.4846517e+02
   8.8590839e+02
   1.8358460e+02
   7.0267194e+02
   4.3198417e+02
   8.5818849e+02
   2.9267917e+02
   7.4990677e+01
  -6.1483104e+01
   2.8712080e+02
  -4.0189476e+01
   5.4037194e+02
   4.6654064e+02
  -6.5639289e+01
   7.2119475e+00
   8.3100519e+02
   4.3269268e+02
   8.0526141e+02
   5.1618608e+02
   8.8792750e+02
   4.7857887e+02
   4.3657632e+02
   3.8198629e+02
   1.8417772e+02
   4.7655416e+02
   6.4764491e+02
   2.3986578e+02
   1.5389901e+02
  -4.1601237e+01
   5.6026298e+02
   6.7387194e+02
   8.5070427e+01
   1.0436364e+02
   1.4572844e+02
   4.6185040e+02
   7.5234895e+02
   7.9549062e+02
   7.1193006e+01
   1.5197251e+02
   4.9756256e+02
   3.6794372e+02
   4.2519104e+02
   3.8032563e+02
   8.5596733e+02
   2.4248082e+02
   5.5062523e+02
   2.3890844e+02
   7.8518865e+02
   4.7230819e+02
   5.8318716e+02
   8.4428837e+01
   1.4446291e+02
   6.8804194e+02
   3.9507660e+02
   5.7751963e+02
   4.6485190e+02
   8.5016549e+02
   2.0465646e+02
   5.3028937e+02
   6.4533946e+02
   2.6766192e+01
   8.9066317e+02
   6.9428469e+02
  -6.5186190e+01
   3.5767679e+02
   4.7467266e+02
   4.0974919e+02
   4.0612304e+02
   3.0852398e+02
   5.6008015e+02
   2.1137704e+02
   5.1762952e+01
   3.2219355e+02
   6.0742230e+01
   7.8732686e+01
   3.1053376e+02
   6.4451949e+02
   8.8806430e+02
   4.9434237e+02
   7.5768325e+02
   4.2945072e+02
   7.0195561e+01
   5.7169798e+02
   1.8506986e+02
  -2.1370817e+01
  -6.4055627e+01
  -3.7705605e+01
   7.1917667e+02
   4.1197248e+02
   8.6635745e+02
   4.5615338e+02
   2.7829829e+02
   8.8430440e+02
   8.0503327e+02
   1.0674074e+02
   7.0371214e+02
   5.2848257e+02
   4.2442306e+02
   2.9799034e+02
   5.4504264e+01
   1.9372154e+02
   3.9737287e+02
   2.8576382e+02
   7.5617011e+02
   1.3568815e+02
   3.3609088e+02
   4.3993277e+02
   2.6142065e+02
  -7.3425047e+01
   5.7258085e+02
   4.5548738e+02
   2.4725996e+02
   5.2407786e+02
   8.6393827e+02
  -5.7914217e+01
   5.6772930e+02
   9.0543420e+02
   8.9856481e+02
   3.1557929e+02
   5.2495035e+02
  -3.7728663e+01
   4.0241893e+02
   6.9001913e+02
   6.4047952e+02
   2.2479036e+02
  -7.9034088e+01
   8.6275422e+02
  -5.1266525e+01
   9.0307111e+02
   6.1619647e+01
   7.4948249e+02
   2.3340076e+02
   4.6364903e+02
   3.5911103e+02
   2.7185843e+02
   5.1250212e+02
   3.1351805e+02
   3.7817110e+02
   6.7283612e+02
  -1.7916684e+01
   6.3271705e+02
   4.7706003e+02
   8.3025952e+02
   7.9994087e+01
   8.7429638e+00
   2.1262217e+02
   7.7813429e+01
  -4.0344461e+01
   6.5839572e+02
   3.3937210e+02
   7.0250822e+02
   2.8977153e+01
   7.1008445e+02
   5.0461664e+02
   6.0376729e+02
  -3.5813536e+01
  -5.0351156e+01
   3.5227101e+02
   4.0959467e+02
   1.9514914e+02
   7.8275415e+02
   8.5820392e+00
   2.4763385e+02
   1.5678727e+02
   3.5175698e+02
   5.9600092e+02
   4.6122980e+02
   3.1735255e+02
   8.4075091e+02
   5.7010925e+02
   6.2864741e+02
   5.5944465e+02
   1.8554710e+02
   6.0741642e+02
   8.6051415e+02
   6.6344294e+02
   1.2153278e+01
   7.9132905e+02
   1.3867410e+02
   4.4138559e+02
   8.9040079e+02
   5.6235323e+02
   9.1579579e+02
   2.3988955e+01
   9.0788657e+02
   4.1538221e+02
   2.9439729e+02
   9.2459288e+02
   2.3197622e+02
   5.5048975e+02
   7.3739957e+01
  -6.4263525e+01
   2.7048475e+02
   5.9630532e+02
   5.4085742e+01
   4.2681964e+02
   1.5160916e+02
   5.4861666e+02
   8.4745036e+02
   5.0934448e+02
   6.6514732e+02
   6.7334415e+02
   8.3542392e+02
   2.2321816e+02
   8.5112075e+02
   6.1476031e+02
   4.5260471e+01
   8.7507986e+02
   6.7099624e+02
  -7.0695736e+01
   2.3514098e+02
  -6.2735538e+01
   1.3321428e+02
   5.6297241e+02
   2.4408059e+02
   2.3716122e+02
   6.9193536e+02
   3.0044408e+02
   7.2448176e+02
   7.7117017e+02
  -6.4372466e+01
   8.8297598e+02
   1.2242353e+01
   8.0062827e+02
   4.7087772e+02
   8.2131144e+02
   8.6438044e+00
   4.8721480e+02
   5.2499022e+02
   2.1780367e+02
   8.4497314e+02
   2.9440609e+01
   8.8918530e+02
   1.0862011e+01
   6.4660281e+02
   8.5058153e+02
   3.1006866e+02
   8.3183028e+02
  -7.5864612e+01
   5.7503216e+02
   3.9658442e+02
   5.2459938e+02
   5.4359527e+02
   9.2749996e+02
   1.6375844e+01
   6.3982808e+02
   7.0613097e+02
   6.5155049e+02
   2.8217082e+02
   7.9089775e+01
   8.0412768e+02
   6.9908602e+02
   5.2211064e+01
   1.6324051e+02
   8.6217907e+02
   3.0847342e+02
   5.6435660e+02
   6.4240674e+02
   4.5900057e+02
   8.6246992e+01
   1.2609449e+02
   6.4908460e+02
   6.2504057e+02
   8.6871506e+02
   5.4954769e+01
   3.6144897e+02
   8.2331037e+02
   4.8498800e+02
   5.8857081e+02
   3.3212511e+02
   1.0989763e+02
  -6.7827318e+01
   5.9266526e+02
   7.3259408e+02
   3.3235010e+02
   3.4864204e+02
   7.9496494e+02
   2.0588905e+02
   6.1710214e+02
   7.9094840e+02
   8.3090839e+02
   1.6166778e+02
   7.4770323e+02
   7.5309262e+01
   8.1697995e+02
   1.5207778e+02
   7.3663117e+02
   6.8087555e+02
   5.6431491e+02
   4.7482335e+02
   2.1025703e+02
   4.4839942e+02
   5.1047978e+02
   7.8128808e+02
   2.1379772e+02
   9.6104664e+01
   4.7409521e+02
   7.1299006e+02
   1.6671328e+02
   1.7535917e+02
   2.0182099e+02
   6.0864832e-01
   9.1376653e+02
   5.5293676e+02
   5.6155594e+01
   9.1247083e+02
   6.1193076e+01
   7.8863550e+02
   2.6567624e+02
   9.2296826e+02
   2.4412824e+02
   1.9372696e+02
  -6.3215340e+01
   8.1288592e+02
  -2.7789471e+01
   5.8151534e+02
   5.0395764e+02
   8.4965634e+02
   8.1796352e+02
   6.3973651e+02
   8.8500258e+02
   5.5578577e+02
   1.4401585e+02
   8.5130573e+02
  -5.0960360e+01
   1.3096724e+02
   5.1140880e+02
   6.5099731e+02
   7.8659523e+02
   5.6651415e+02
   7.5020426e+02
   1.2436123e+02
   8.8847001e+02
   1.8962900e+02
   5.1977621e+02
   7.5327952e+02
   8.2063441e+02
   2.1911958e+02
  -2.9342275e+01
   4.6843719e+02
   2.4006514e+02
   7.8671960e+02
   3.9500405e+02
   6.0728144e+02
   2.2894339e+02
   7.5060743e+02
   2.2505093e+02
  -4.9051279e+01
   7.2768479e+02
   9.2135002e+02
  -1.8009821e+01
   6.7061794e+01
   7.5850932e+02
   7.4602282e+02
   6.0358891e+02
   1.7338576e+02
   8.6677285e+02
   3.2217079e+02
  -2.7918282e+01
   1.4000264e+02
   4.1774834e+02
   3.9865565e+02
   2.0809542e+02
   3.7277409e+02
   9.0458940e+02
   5.7382140e+02
   1.4990439e+02
   7.6154100e+02
   8.4236039e+01
   3.4663583e+02
   1.2264996e+02
   3.9600769e+02
   2.2033080e+02
   9.0647695e+02
   4.1166631e+02
   4.4592158e+02
   6.2398216e+02
   5.3895858e+02
   8.9719354e+02
   4.1829418e+02
   8.0978415e+02
  -1.4698455e+01
   2.6039175e+02
   7.6515941e+02
   1.0784638e+02
   9.2448700e+02
  -6.6361330e+01
   5.6748425e+02
   9.1972055e+01
   4.1537972e+02
   5.5475737e+02
   4.0366791e+02
   6.2896170e+02
   6.5127185e+02
   1.5897878e+02
   8.1800719e+02
   3.5608869e+02
   2.2644138e+02
   4.4653056e+00
   9.2661262e+02
   2.5535874e+02
   6.3210452e+02
   1.1297841e+02
   5.7901120e+02
   1.1018595e+02
   4.3333095e+02
   8.6478513e+02
  -9.6592933e+00
   1.7611207e+02
   7.2001317e+02
   8.3085123e+02
   5.1334680e+01
   2.5829579e+02
   7.7037097e+02
   2.0967475e+01
   6.2559166e+02
   1.6769245e+02
   2.8826749e+02
   5.2498879e+01
   4.1776760e+02
   5.7949562e+02
   5.7896345e+02
   6.9320010e+02
   8.2525782e+02
   7.4915044e+02
  -1.5903135e+01
   3.3769578e+02
  -9.3200357e+00
   3.1972194e+02
   4.4277576e+02
  -3.2712828e+01
   7.8291978e+02
   7.1877241e+02
   4.3133766e+02
   2.8369226e+02
  -7.1458011e+00
   2.6472376e+02
   1.0331811e+02
   4.7176324e+02
   7.7982095e+02
   3.9921481e+02
   6.3342446e+02
   6.0620906e+02
   2.9124996e+02
   2.2291009e+01
   5.9043327e+02
   7.0123898e+02
   6.3080113e+02
   7.9302196e+02
   7.3377041e+02
   9.2602495e+02
   8.4208602e+02
   1.6674441e+02
   1.7990887e+01
   1.4211967e+02
   3.3561240e+02
   4.8071309e+02
   8.2489955e+02
  -9.9810577e+00
   7.8165981e+02
   8.4500763e+02
   1.3695056e+02
   7.3275671e+02
  -1.1205141e+00
   4.7793761e+02
   6.5337279e+02
   3.5626096e+02
   4.2592045e+02
   1.1847485e+02
   6.4499370e+02
   6.7875421e+01
   6.7911502e+02
   7.7863478e+01
   1.9011959e+02
   6.0389715e+02
   2.7628619e+02
   9.0245008e+02
   4.9995325e+02
   1.1159336e+02
  -3.0327468e+01
   8.3851404e+02
   1.4174024e+00
   5.1565998e+02
   6.5208883e+02
   6.1503026e+02
   8.1487407e+02
   5.3066028e+02
   5.0497813e+01
   2.7942908e+02
   2.3546443e+02
   1.4178019e+02
   5.3798841e+02
   6.4509294e+02
   2.8249365e+02
   2.2736724e+02
   6.2870858e+02
   2.9273345e+02
   3.5275056e+02
   7.3486680e+00
   8.8211588e+02
   4.3479681e+01
   1.9800951e+02
   1.5350284e+02
   7.0067993e+02
  -7.7071921e+01
   1.6698230e+02
   8.6032017e+02
   7.8695054e+02
   3.1104499e+02
   7.8639064e+02
  -5.6067908e+01
   9.0472394e+02
   4.2352590e+02
   8.2866315e+02
   1.5077584e+01
   6.1146303e+02
   2.0771273e+02
   6.0625760e+02
   5.0101834e+01
   4.9161185e+02
   8.0241518e+02
   1.0595830e+01
   8.2647770e+02
   6.5492531e+02
   3.0471536e+02
   2.3650351e+01
   5.0508964e+02
   6.2170706e+02
   6.7344608e+02
   4.7606353e+02
   5.8871071e+02
   7.6201466e+01
   3.4955943e+02
   8.7461391e+02
   4.5017604e+02
   8.4735849e+02
   3.4509363e+01
   4.6577354e+02
  -1.0609765e+01
   6.8695268e+02
   6.1019251e+02
   7.5187160e+02
   7.1688069e+02
   3.3882263e+02
  -6.1996857e+00
   6.2574862e+02
   4.9089821e+02
   5.1454065e+02
   4.5957886e+02
   7.7093195e+02
   8.2716632e+01
   6.1884435e+02
   1.5267113e+02
   8.0330533e+02
   4.5833141e+02
   3.0443234e+02
   1.4743827e+02
   6.4311133e+02
   2.4464504e+02
   6.8076645e+02
   7.8435219e+02
   1.9472648e+02
   3.7782767e+02
  -7.5582385e+01
   2.7762715e+02
   1.3102430e+02
   6.0800310e+02
   1.7378036e+02
   3.6144873e+02
   2.1586631e+02
   9.1040506e+02
   4.4999406e+02
   6.1493784e+02
   4.4456677e+02
   2.6164717e+02
   1.4504429e+02
   1.8832933e+02
   3.6174240e+02
   5.9087627e+02
   1.8614375e+02
  -1.1175373e+01
   8.7430817e+01
   3.5322989e+02
  -7.5514428e+01
   5.1124865e+01
   4.9381765e+02
   5.1659574e+02
   2.6327276e+02
   3.8628643e+02
  -3.6960186e+01
  -4.7347746e+01
   7.8502071e+02
   6.7211209e+02
   5.1023368e+02
   3.4898397e+02
   2.6811046e+02
   4.0934998e+02
   3.5923046e+01
   9.2193143e+01
   6.1720489e+02
   4.9304995e+02
   8.0248870e+02
   1.3310582e+02
   7.5833342e+02
   6.5708220e+02
   8.9909431e+02
   1.2996928e+02
   9.6775995e+01
   7.9363848e+02
   5.3193447e+02
   2.5344152e+02
   7.5475843e+02
  -2.3515410e+01
   3.6632298e+02
   7.2099772e+02
  -7.3106692e+01
   2.6684997e+01
   5.5930483e+02
   2.6504284e+02
   7.4974632e+02
   1.2318740e+02
   8.5013197e+02
  -5.2168877e+01
   1.2778545e+02
  -1.9316986e+01
   6.5031754e+01
   1.2109339e+02
   3.9034265e+02
   2.5206704e+02
   3.0658146e+02
   3.1478570e+02
   6.4195969e+01
   1.3595216e+02
   2.7821566e+02
   1.0247147e+02
   2.8385152e+02
   8.9953264e+02
   6.8184778e+02
   2.3452898e+02
   8.5370243e+01
   8.8969312e+02
   4.0389788e+02
   8.4993938e+01
   2.5979982e+02
   5.4275803e+02
   2.5931621e+02
   6.3341312e+00
   2.1036781e+00
   3.1902624e+02
   5.3384702e+02
   2.9409410e+02
   4.1806712e+02
   3.9150822e+02
  -3.2898837e+01
   3.6841041e+02
   8.9986092e+02
  -5.7133338e+01
   3.3823537e+02
   5.4257010e+02
   3.8129385e+02
   8.8223274e+02
   7.2395175e+02
   1.6749295e+02
   7.8855094e+02
   2.9648932e+02
   2.2997376e+02
   6.7733320e+02
   2.3435220e+02
   2.3420237e+01
   5.2131735e+02
   3.1515490e+02
   6.4288889e+02
   7.6520997e+02
   1.4869651e+02
  -4.0266288e+01
   3.2662307e+02
   6.9767801e+02
   7.5838586e+02
   7.0553439e+02
   2.2636369e+02
   2.0250062e+02
   2.2423624e+02
   5.8379859e+02
   7.1425926e+02
   7.1498818e+02
   6.2931892e+02
   3.7640166e+02
   5.9181235e+01
   1.7008734e+02
   5.2295538e+02
   8.1998711e+02
   8.7383044e+02
   8.3673966e+02
   1.0455699e+02
   9.0443938e+02
   2.4191658e+02
   5.1605122e+02
   3.4453298e+02
   1.0987991e+02
   5.6875519e+02
   8.1510957e+02
   1.6478818e+02
   1.3116690e+02
   4.5861328e+02
   3.1730158e+02
   2.5392325e+02
   4.5521236e+02
  -2.4731279e+01
   7.0240825e+02
  -7.2268805e+01
   7.3629027e+02
   7.5461734e+02
   2.7192057e+02
  -4.8033226e+01
   1.3344108e+02
   7.5665878e+02
   1.9912964e+01
   4.4542878e+02
   2.0631122e+02
   1.5362090e+02
   5.6534827e+02
   2.0923076e+02
   8.7622201e+02
   3.3103206e+02
   6.7174075e+02
   6.1934188e+02
   2.8372526e+02
   3.4831709e+02
   3.9521028e+02
   4.6686657e+02
   5.5736537e+02
   5.3696061e+02
   8.0652511e+02
   4.6317934e+02
  -3.6189836e+01
   1.6702369e+02
   3.6701663e+02
   5.8056704e+01
   7.5008370e+02
   4.8016006e+02
   2.4670075e+02
   1.2646564e+02
   7.0881327e+02
  -5.8154037e+01
   5.3240957e+02
   6.8501910e+02
   3.8654030e+02
   8.6240489e+02
  -2.6391032e+01
   6.1190115e+01
   4.8384297e+02
   5.1099201e+02
   2.9606273e+02
   5.5369833e+02
   9.0197851e+02
   6.4830362e+02
   7.8061981e+02
   6.3505516e+02
   8.0396837e+02
   6.2996181e+02
   4.2156340e+02
   2.8012970e+02
   3.2862431e+02
   5.2299297e+02
   3.6763005e+02
   6.1769628e+02
   7.8530940e+02
   5.3905258e+02
   4.6370501e+02
   2.1907129e+02
   6.4185694e+02
   3.0631544e+02
   6.2707171e+02
   6.0463003e+02
   5.5105928e+01
   6.6729318e+02
   4.6702712e+02
   5.4406528e+02
   1.3186741e+02
   3.6675584e+02
   8.7293834e+02
  -6.5086053e+01
   6.2690253e+02
   3.3886540e+01
   4.8033405e+02
   7.5922202e+01
  -7.3797090e-01
   1.0834986e+02
   8.4679865e+02
   3.2937997e+02
   3.6952492e+02
   5.8933564e+02
   7.0179956e+02
   6.5777834e+02
   2.3524360e+02
  -6.6759251e+01
   1.5404697e+02
   1.3606323e+02
   7.7379799e+02
   7.2242031e+02
   2.4759209e+02
   6.3959204e+01
   4.7467516e+02
   1.3780943e+02
   8.2929322e+02
   8.6073456e+02
   6.5727194e+02
   6.3551397e+02
   4.7344551e+01
   5.0463684e+02
   8.4754400e+02
   6.2848875e+02
   4.3141163e+02
   9.6134184e+01
   3.9385922e+02
   4.8552896e+02
   8.3662378e+02
   6.9960047e+02
   5.9425191e+02
   1.6704349e+01
   3.7305460e+02
   6.3974165e+02
   4.4274588e+02
   8.9412014e+02
   1.1941102e+02
   4.0683591e+02
   3.6925054e+02
   2.0443547e+02
   4.4905291e+02
   6.5561562e+02
   2.1609153e+02
   7.0158328e+02
   3.6175355e+02
   7.4838612e+02
   3.5193960e+02
   2.7281744e+02
   9.0494088e+02
   7.1419226e+02
   2.4570357e+02
   2.0460487e+01
   1.8391688e+02
   1.0091393e+02
   8.7888865e+02
   8.5474034e+01
   6.5919397e+02
   2.6030323e+02
   3.7989735e+02
   4.0702444e+02
   6.6453273e+02
   4.8213496e+02
   1.1329670e+02
   2.5950224e+02
   3.3624140e+02
   3.3410843e+02
   8.2008651e+02
   5.6272791e+02
   3.1092036e+02
   1.5508888e+02
   6.3696612e+02
   2.0323777e+02
   8.1095417e+02
   7.0614235e+02
   6.4025030e+02
   7.9173334e+01
   7.9215933e+02
   7.7299321e+01
   8.7172501e+02
   5.4541228e+02
   6.5817161e+02
   1.8901878e+02
   6.5028288e+02
  -5.1519971e+01
   8.0799698e+02
   2.7906570e+02
   5.4661237e+02
   5.6521764e+02
   4.5020865e+02
   9.2849731e+02
   6.3100991e+02
   1.5018966e+02
   5.2058280e+02
   5.0180591e+02
   4.4602263e+02
  -2.1884168e+01
   8.2262391e+02
   1.2133057e+02
   6.8251586e+02
   8.5880520e+02
   5.2083511e+01
   6.9115057e+02
   8.3733087e+02
   4.6711390e+02
   1.6258437e+02
  -1.9895317e+01
   6.4873957e+02
   2.1797218e+02
   6.0275877e+02
   8.1329893e+02
   6.2356704e+02
   2.4259908e+02
  -1.0403125e+01
   2.3673767e+02
  -1.7165692e+01
   3.2747339e+02
   6.9333463e+02
   7.8122677e+02
   4.8729344e+02
   3.4897954e+01
   5.8121995e+02
   7.6875364e+02
   7.1711469e+02
   6.5927735e+02
   4.0449381e+02
   3.6376768e+01
   1.6888326e+02
   5.6307296e+02
   7.2141122e+02
   2.0796443e+02
   4.5893354e+02
   2.2324310e+00
   8.2777121e+02
   9.4353418e+01
   1.7985639e+02
   7.6232355e+02
   5.9153257e+02
   4.7232022e+02
   5.5384443e+02
   1.5938761e+02
   3.6759174e+02
   7.6064354e+02
   3.6805698e+02
   2.2783771e+02
   1.9898045e+02
   2.2010618e+02
  -2.2463635e+01
   5.7949346e+02
  -7.0100225e+01
   7.1081963e+02
   1.1154459e+02
   2.7272661e+02
   4.5166695e+02
   7.8053451e+01
   2.6109890e+02
   8.5382606e+02
   3.4017948e+02
   5.4402335e+02
   5.5210576e+02
   6.2682164e+02
   8.5965134e+02
   1.1932402e+02
   2.6304369e+02
   2.2948243e+02
   3.7782519e+02
   3.6291006e+02
   4.8643251e+02
   2.4465257e+02
   9.0359063e+02
   4.8335552e+02
   5.6089244e+02
   8.7888186e+02
   4.1597752e+02
   9.2310553e+02
   3.3138539e+02
   3.3166042e+02
   4.6768811e+02
  -3.5797357e+01
   8.1689606e+02
   1.6847651e+02
   8.1016497e+02
   7.7332619e+02
   6.4584844e+02
   4.2693092e+02
   3.4684855e+02
   6.5973931e+02
   8.3166587e+02
   2.3115495e+02
   2.3320724e+02
   2.1284685e+02
   8.4459704e+02
   1.7170064e+02
   8.3114075e+02
   8.7285452e+02
  -1.6332042e+01
   1.4916563e+02
   7.4763095e+02
   2.2261278e+02
   2.3364846e+01
   3.3375901e+01
   8.6170526e+02
   1.3964005e+02
  -6.8327806e+01
   6.8007966e+02
   5.5951790e+02
   6.6429755e+02
   3.2083529e+02
   2.4500068e+02
   9.0453968e+02
   6.3891614e+02
   5.5419633e+02
   7.5833901e+02
   1.4846517e+02
   8.8590839e+02
   1.8358460e+02
   7.0267194e+02
   4.3198417e+02
   8.5818849e+02
   2.9267917e+02
   7.4990677e+01
  -6.1483104e+01
   2.8712080e+02
  -4.0189476e+01
   5.4037194e+02
   4.6654064e+02
  -6.5639289e+01
   7.2119475e+00
   8.3100519e+02
   4.3269268e+02
   8.0526141e+02
   5.1618608e+02
   8.8792750e+02
   4.7857887e+02
   4.3657632e+02
   3.8198629e+02
   1.8417772e+02
   4.7655416e+02
   6.4764491e+02
   2.3986578e+02
   1.5389901e+02
  -4.1601237e+01
   5.6026298e+02
   6.7387194e+02
   8.5070427e+01
   1.0436364e+02
   1.4572844e+02
   4.6185040e+02
   7.5234895e+02
   7.9549062e+02
   7.1193006e+01
   1.5197251e+02
   4.9756256e+02
   3.6794372e+02
   4.2519104e+02
   3.8032563e+02
   8.5596733e+02
   2.4248082e+02
   5.5062523e+02
   2.3890844e+02
   7.8518865e+02
   4.7230819e+02
   5.8318716e+02
   8.4428837e+01
   1.4446291e+02
   6.8804194e+02
   3.9507660e+02
   5.7751963e+02
   4.6485190e+02
   8.5016549e+02
   2.0465646e+02
   5.3028937e+02
   6.4533946e+02
   2.6766192e+01
   8.9066317e+02
   6.9428469e+02
  -6.5186190e+01
   3.5767679e+02
   4.7467266e+02
   4.0974919e+02
   4.0612304e+02
   3.0852398e+02
   5.6008015e+02
   2.1137704e+02
   5.1762952e+01
   3.2219355e+02
   6.0742230e+01
   7.8732686e+01
   3.1053376e+02
   6.4451949e+02
   8.8806430e+02
   4.9434237e+02
   7.5768325e+02
   4.2945072e+02
   7.0195561e+01
   5.7169798e+02
   1.8506986e+02
  -2.1370817e+01
  -6.4055627e+01
  -3.7705605e+01
   7.1917667e+02
   4.1197248e+02
   8.6635745e+02
   4.5615338e+02
   2.7829829e+02
   8.8430440e+02
   8.0503327e+02
   1.0674074e+02
   7.0371214e+02
   5.2848257e+02
   4.2442306e+02
   2.9799034e+02
   5.4504264e+01
   1.9372154e+02
   3.9737287e+02
   2.8576382e+02
   7.5617011e+02
   1.3568815e+02
   3.3609088e+02
   4.3993277e+02
   2.6142065e+02
  -7.3425047e+01
   5.7258085e+02
   4.5548738e+02
   2.4725996e+02
   5.2407786e+02
   8.6393827e+02
  -5.7914217e+01
   5.6772930e+02
   9.0543420e+02
   8.9856481e+02
   3.1557929e+02
   5.2495035e+02
  -3.7728663e+01
   4.0241893e+02
   6.9001913e+02
   6.4047952e+02
   2.2479036e+02
  -7.9034088e+01
   8.6275422e+02
  -5.1266525e+01
   9.0307111e+02
   6.1619647e+01
   7.4948249e+02
   2.3340076e+02
   4.6364903e+02
   3.5911103e+02
   2.7185843e+02
   5.1250212e+02
   3.1351805e+02
   3.7817110e+02
   6.7283612e+02
  -1.7916684e+01
   6.3271705e+02
   4.7706003e+02
   8.3025952e+02
   7.9994087e+01
   8.7429638e+00
   2.1262217e+02
   7.7813429e+01
  -4.0344461e+01
   6.5839572e+02
   3.3937210e+02
   7.0250822e+02
   2.8977153e+01
   7.1008445e+02
   5.0461664e+02
   6.0376729e+02
  -3.5813536e+01
  -5.0351156e+01
   3.5227101e+02
   4.0959467e+02
   1.9514914e+02
   7.8275415e+02
   8.5820392e+00
   2.4763385e+02
   1.5678727e+02
   3.5175698e+02
   5.9600092e+02
   4.6122980e+02
   3.1735255e+02
   8.4075091e+02
   5.7010925e+02
   6.2864741e+02
   5.5944465e+02
   1.8554710e+02
   6.0741642e+02
   8.6051415e+02
   6.6344294e+02
   1.2153278e+01
   7.9132905e+02
   1.3867410e+02
   4.4138559e+02
   8.9040079e+02
   5.6235323e+02
   9.1579579e+02
   2.3988955e+01
   9.0788657e+02
   4.1538221e+02
   2.9439729e+02
   9.2459288e+02
   2.3197622e+02
   5.5048975e+02
   7.3739957e+01
  -6.4263525e+01
   2.7048475e+02
   5.9630532e+02
   5.4085742e+01
   4.2681964e+02
   1.5160916e+02
   5.4861666e+02
   8.4745036e+02
   5.0934448e+02
   6.6514732e+02
   6.7334415e+02
   8.3542392e+02
   2.2321816e+02
   8.5112075e+02
   6.1476031e+02
   4.5260471e+01
   8.7507986e+02
   6.7099624e+02
  -7.0695736e+01
   2.3514098e+02
  -6.2735538e+01
   1.3321428e+02
   5.6297241e+02
   2.4408059e+02
   2.3716122e+02
   6.9193536e+02
   3.0044408e+02
   7.2448176e+02
   7.7117017e+02
  -6.4372466e+01
   8.8297598e+02
   1.2242353e+01
   8.0062827e+02
   4.7087772e+02
   8.2131144e+02
   8.6438044e+00
   4.8721480e+02
   5.2499022e+02
   2.1780367e+02
   8.4497314e+02
   2.9440609e+01
   8.8918530e+02
   1.0862011e+01
   6.4660281e+02
   8.5058153e+02
   3.1006866e+02
   8.3183028e+02
  -7.5864612e+01
   5.7503216e+02
   3.9658442e+02
   5.2459938e+02
   5.4359527e+02
   9.2749996e+02
   1.6375844e+01
   6.3982808e+02
   7.0613097e+02
   6.5155049e+02
   2.8217082e+02
   7.9089775e+01
   8.0412768e+02
   6.9908602e+02
   5.2211064e+01
   1.6324051e+02
   8.6217907e+02
   3.0847342e+02
   5.6435660e+02
   6.4240674e+02
   4.5900057e+02
   8.6246992e+01
   1.2609449e+02
   6.4908460e+02
   6.2504057e+02
   8.6871506e+02
   5.4954769e+01
   3.6144897e+02
   8.2331037e+02
   4.8498800e+02
   5.8857081e+02
   3.3212511e+02
   1.0989763e+02
  -6.7827318e+01
   5.9266526e+02
   7.3259408e+02
   3.3235010e+02
   3.4864204e+02
   7.9496494e+02
   2.0588905e+02
   6.1710214e+02
   7.9094840e+02
   8.3090839e+02
   1.6166778e+02
   7.4770323e+02
   7.5309262e+01
   8.1697995e+02
   1.5207778e+02
   7.3663117e+02
   6.8087555e+02
   5.6431491e+02
   4.7482335e+02
   2.1025703e+02
   4.4839942e+02
   5.1047978e+02
   7.8128808e+02
   2.1379772e+02
   9.6104664e+01
   4.7409521e+02
   7.1299006e+02
   1.6671328e+02
   1.7535917e+02
   2.0182099e+02
   6.0864832e-01
   9.1376653e+02
   5.5293676e+02
   5.6155594e+01
   9.1247083e+02
   6.1193076e+01
   7.8863550e+02
   2.6567624e+02
   9.2296826e+02
   2.4412824e+02
   1.9372696e+02
  -6.3215340e+01
   8.1288592e+02
  -2.7789471e+01
   5.8151534e+02
   5.0395764e+02
   8.4965634e+02
   8.1796352e+02
   6.3973651e+02
   8.8500258e+02
   5.5578577e+02
   1.4401585e+02
   8.5130573e+02
  -5.0960360e+01
   1.3096724e+02
   5.1140880e+02
   6.5099731e+02
   7.8659523e+02
   5.6651415e+02
   7.5020426e+02
   1.2436123e+02
   8.8847001e+02
   1.8962900e+02
   5.1977621e+02
   7.5327952e+02
   8.2063441e+02
   2.1911958e+02
  -2.9342275e+01
   4.6843719e+02
   2.4006514e+02
   7.8671960e+02
   3.9500405e+02
   6.0728144e+02
   2.2894339e+02
   7.5060743e+02
   2.2505093e+02
  -4.9051279e+01
   7.2768479e+02
   9.2135002e+02
  -1.8009821e+01
   6.7061794e+01
   7.5850932e+02
   7.4602282e+02
   6.0358891e+02
   1.7338576e+02
   8.6677285e+02
   3.2217079e+02
  -2.7918282e+01
   1.4000264e+02
   4.1774834e+02
   3.9865565e+02
   2.0809542e+02
   3.7277409e+02
   9.0458940e+02
   5.7382140e+02
   1.4990439e+02
   7.6154100e+02
   8.4236039e+01
   3.4663583e+02
   1.2264996e+02
   3.9600769e+02
   2.2033080e+02
   9.0647695e+02
   4.1166631e+02
   4.4592158e+02
   6.2398216e+02
   5.3895858e+02
   8.9719354e+02
   4.1829418e+02
   8.0978415e+02
  -1.4698455e+01
   2.6039175e+02
   7.6515941e+02
   1.0784638e+02
   9.2448700e+02
  -6.6361330e+01
   5.6748425e+02
   9.1972055e+01
   4.1537972e+02
   5.5475737e+02
   4.0366791e+02
   6.2896170e+02
   6.5127185e+02
   1.5897878e+02
   8.1800719e+02
   3.5608869e+02
   2.2644138e+02
   4.4653056e+00
   9.2661262e+02
   2.5535874e+02
   6.3210452e+02
   1.1297841e+02
   5.7901120e+02
   1.1018595e+02
   4.3333095e+02
   8.6478513e+02
  -9.6592933e+00
   1.7611207e+02
   7.2001317e+02
   8.3085123e+02
   5.1334680e+01
   2.5829579e+02
   7.7037097e+02
   2.0967475e+01
   6.2559166e+02
   1.6769245e+02
   2.8826749e+02
   5.2498879e+01
   4.1776760e+02
   5.7949562e+02
   5.7896345e+02
   6.9320010e+02
   8.2525782e+02
   7.4915044e+02
  -1.5903135e+01
   3.3769578e+02
  -9.3200357e+00
   3.1972194e+02
   4.4277576e+02
  -3.2712828e+01
   7.8291978e+02
   7.1877241e+02
   4.3133766e+02
   2.8369226e+02
  -7.1458011e+00
   2.6472376e+02
   1.0331811e+02
   4.7176324e+02
   7.7982095e+02
   3.9921481e+02
   6.3342446e+02
   6.0620906e+02
   2.9124996e+02
   2.2291009e+01
   5.9043327e+02
   7.0123898e+02
   6.3080113e+02
   7.9302196e+02
   7.3377041e+02
   9.2602495e+02
   8.4208602e+02
   1.6674441e+02
   1.7990887e+01
   1.4211967e+02
   3.3561240e+02
   4.8071309e+02
   8.2489955e+02
  -9.9810577e+00
   7.8165981e+02
   8.4500763e+02
   1.3695056e+02
   7.3275671e+02
  -1.1205141e+00
   4.7793761e+02
   6.5337279e+02
   3.5626096e+02
   4.2592045e+02
   1.1847485e+02
   6.4499370e+02
   6.7875421e+01
   6.7911502e+02
   7.7863478e+01
   1.9011959e+02
   6.0389715e+02
   2.7628619e+02
   9.0245008e+02
   4.9995325e+02
   1.1159336e+02
  -3.0327468e+01
   8.3851404e+02
   1.4174024e+00
   5.1565998e+02
   6.5208883e+02
   6.1503026e+02
   8.1487407e+02
   5.3066028e+02
   5.0497813e+01
   2.7942908e+02
   2.3546443e+02
   1.4178019e+02
   5.3798841e+02
   6.4509294e+02
   2.8249365e+02
   2.2736724e+02
   6.2870858e+02
   2.9273345e+02
   3.5275056e+02
   7.3486680e+00
   8.8211588e+02
   4.3479681e+01
   1.9800951e+02
   1.5350284e+02
   7.0067993e+02
  -7.7071921e+01
   1.6698230e+02
   8.6032017e+02
   7.8695054e+02
   3.1104499e+02
   7.8639064e+02
  -5.6067908e+01
   9.0472394e+02
   4.2352590e+02
   8.2866315e+02
   1.5077584e+01
   6.1146303e+02
   2.0771273e+02
   6.0625760e+02
   5.0101834e+01
   4.9161185e+02
   8.0241518e+02
   1.0595830e+01
   8.2647770e+02
   6.5492531e+02
   3.0471536e+02
   2.3650351e+01
   5.0508964e+02
   6.2170706e+02
   6.7344608e+02
   4.7606353e+02
   5.8871071e+02
   7.6201466e+01
   3.4955943e+02
   8.7461391e+02
   4.5017604e+02
   8.4735849e+02
   3.4509363e+01
   4.6577354e+02
  -1.0609765e+01
   6.8695268e+02
   6.1019251e+02
   7.5187160e+02
   7.1688069e+02
   3.3882263e+02
  -6.1996857e+00
   6.2574862e+02
   4.9089821e+02
   5.1454065e+02
   4.5957886e+02
   7.7093195e+02
   8.2716632e+01
   6.1884435e+02
   1.5267113e+02
   8.0330533e+02
   4.5833141e+02
   3.0443234e+02
   1.4743827e+02
   6.4311133e+02
   2.4464504e+02
   6.8076645e+02
   7.8435219e+02
   1.9472648e+02
   3.7782767e+02
  -7.5582385e+01
   2.7762715e+02
   1.3102430e+02
   6.0800310e+02
   1.7378036e+02
   3.6144873e+02
   2.1586631e+02
   9.1040506e+02
   4.4999406e+02
   6.1493784e+02
   4.4456677e+02
   2.6164717e+02
   1.4504429e+02
   1.8832933e+02
   3.6174240e+02
   5.9087627e+02
   1.8614375e+02
  -1.1175373e+01
   8.7430817e+01
   3.5322989e+02
  -7.5514428e+01
   5.1124865e+01
   4.9381765e+02
   5.1659574e+02
   2.6327276e+02
   3.8628643e+02
  -3.6960186e+01
  -4.7347746e+01
   7.8502071e+02
   6.7211209e+02
   5.1023368e+02
   3.4898397e+02
   2.6811046e+02
   4.0934998e+02
   3.5923046e+01
   9.2193143e+01
   6.1720489e+02
   4.9304995e+02
   8.0248870e+02
   1.3310582e+02
   7.5833342e+02
   6.5708220e+02
   8.9909431e+02
   1.2996928e+02
   9.6775995e+01
   7.9363848e+02
   5.3193447e+02
   2.5344152e+02
   7.5475843e+02
  -2.3515410e+01
   3.6632298e+02
   7.2099772e+02
  -7.3106692e+01
   2.6684997e+01
   5.5930483e+02
   2.6504284e+02
   7.4974632e+02
   1.2318740e+02
   8.5013197e+02
  -5.2168877e+01
   1.2778545e+02
  -1.9316986e+01
   6.5031754e+01
   1.2109339e+02
   3.9034265e+02
   2.5206704e+02
   3.0658146e+02
   3.1478570e+02
   6.4195969e+01
   1.3595216e+02
   2.7821566e+02
   1.0247147e+02
   2.8385152e+02
   8.9953264e+02
   6.8184778e+02
   2.3452898e+02
   8.5370243e+01
   8.8969312e+02
   4.0389788e+02
   8.4993938e+01
   2.5979982e+02
   5.4275803e+02
   2.5931621e+02
   6.3341312e+00
   2.1036781e+00
   3.1902624e+02
   5.3384702e+02
   2.9409410e+02
   4.1806712e+02
   3.9150822e+02
  -3.2898837e+01
   3.6841041e+02
   8.9986092e+02
  -5.7133338e+01
   3.3823537e+02
   5.4257010e+02
   3.8129385e+02
   8.8223274e+02
   7.2395175e+02
   1.6749295e+02
   7.8855094e+02
   2.9648932e+02
   2.2997376e+02
   6.7733320e+02
   2.3435220e+02
   2.3420237e+01
   5.2131735e+02
   3.1515490e+02
   6.4288889e+02
   7.6520997e+02
   1.4869651e+02
  -4.0266288e+01
   3.2662307e+02
   6.9767801e+02
   7.5838586e+02
   7.0553439e+02
   2.2636369e+02
   2.0250062e+02
   2.2423624e+02
   5.8379859e+02
   7.1425926e+02
   7.1498818e+02
   6.2931892e+02
   3.7640166e+02
   5.9181235e+01
   1.7008734e+02
   5.2295538e+02
   8.1998711e+02
   8.7383044e+02
   8.3673966e+02
   1.0455699e+02
   9.0443938e+02
   2.4191658e+02
   5.1605122e+02
   3.4453298e+02
   1.0987991e+02
   5.6875519e+02
   8.1510957e+02
   1.6478818e+02
   1.3116690e+02
   4.5861328e+02
   3.1730158e+02
   2.5392325e+02
   4.5521236e+02
  -2.4731279e+01
   7.0240825e+02
  -7.2268805e+01
   7.3629027e+02
   7.5461734e+02
   2.7192057e+02
  -4.8033226e+01
   1.3344108e+02
   7.5665878e+02
   1.9912964e+01
   4.4542878e+02
   2.0631122e+02
   1.5362090e+02
   5.6534827e+02
   2.0923076e+02
   8.7622201e+02
   3.3103206e+02
   6.7174075e+02
   6.1934188e+02
   2.8372526e+02
   3.4831709e+02
   3.9521028e+02
   4.6686657e+02
   5.5736537e+02
   5.3696061e+02
   8.0652511e+02
   4.6317934e+02
  -3.6189836e+01
   1.6702369e+02
   3.6701663e+02
   5.8056704e+01
   7.5008370e+02
   4.8016006e+02
   2.4670075e+02
   1.2646564e+02
   7.0881327e+02
  -5.8154037e+01
   5.3240957e+02
   6.8501910e+02
   3.8654030e+02
   8.6240489e+02
  -2.6391032e+01
   6.1190115e+01
   4.8384297e+02
   5.1099201e+02
   2.9606273e+02
   5.5369833e+02
   9.0197851e+02
   6.4830362e+02
   7.8061981e+02
   6.3505516e+02
   8.0396837e+02
   6.2996181e+02
   4.2156340e+02
   2.8012970e+02
   3.2862431e+02
   5.2299297e+02
   3.6763005e+02
   6.1769628e+02
   7.8530940e+02
   5.3905258e+02
   4.6370501e+02
   2.1907129e+02
   6.4185694e+02
   3.0631544e+02
   6.2707171e+02
   6.0463003e+02
   5.5105928e+01
   6.6729318e+02
   4.6702712e+02
   5.4406528e+02
   1.3186741e+02
   3.6675584e+02
   8.7293834e+02
  -6.5086053e+01
   6.2690253e+02
   3.3886540e+01
   4.8033405e+02
   7.5922202e+01
  -7.3797090e-01
   1.0834986e+02
   8.4679865e+02
   3.2937997e+02
   3.6952492e+02
   5.8933564e+02
   7.0179956e+02
   6.5777834e+02
   2.3524360e+02
  -6.6759251e+01
   1.5404697e+02
   1.3606323e+02
   7.7379799e+02
   7.2242031e+02
   2.4759209e+02
   6.3959204e+01
   4.7467516e+02
   1.3780943e+02
   8.2929322e+02
   8.6073456e+02
   6.5727194e+02
   6.3551397e+02
   4.7344551e+01
   5.0463684e+02
   8.4754400e+02
   6.2848875e+02
   4.3141163e+02
   9.6134184e+01
   3.9385922e+02
   4.8552896e+02
   8.3662378e+02
   6.9960047e+02
   5.9425191e+02
   1.6704349e+01
   3.7305460e+02
   6.3974165e+02
   4.4274588e+02
   8.9412014e+02
   1.1941102e+02
   4.0683591e+02
   3.6925054e+02
   2.0443547e+02
   4.4905291e+02
   6.5561562e+02
   2.1609153e+02
   7.0158328e+02
   3.6175355e+02
   7.4838612e+02
   3.5193960e+02
   2.7281744e+02
   9.0494088e+02
   7.1419226e+02
   2.4570357e+02
   2.0460487e+01
   1.8391688e+02
   1.0091393e+02
   8.7888865e+02
   8.5474034e+01
   6.5919397e+02
   2.6030323e+02
   3.7989735e+02
   4.0702444e+02
   6.6453273e+02
   4.8213496e+02
   1.1329670e+02
   2.5950224e+02
   3.3624140e+02
   3.3410843e+02
   8.2008651e+02
   5.6272791e+02
   3.1092036e+02
   1.5508888e+02
   6.3696612e+02
   2.0323777e+02
   8.1095417e+02
   7.0614235e+02
   6.4025030e+02
   7.9173334e+01
   7.9215933e+02
   7.7299321e+01
   8.7172501e+02
   5.4541228e+02
   6.5817161e+02
   1.8901878e+02
   6.5028288e+02
  -5.1519971e+01
   8.0799698e+02
   2.7906570e+02
   5.4661237e+02
   5.6521764e+02
   4.5020865e+02
   9.2849731e+02
   6.3100991e+02
   1.5018966e+02
   5.2058280e+02
   5.0180591e+02
   4.4602263e+02
  -2.1884168e+01
   8.2262391e+02
   1.2133057e+02
   6.8251586e+02
   8.5880520e+02
   5.2083511e+01
   6.9115057e+02
   8.3733087e+02
   4.6711390e+02
   1.6258437e+02
  -1.9895317e+01
   6.4873957e+02
   2.1797218e+02
   6.0275877e+02
   8.1329893e+02
   6.2356704e+02
   2.4259908e+02
  -1.0403125e+01
   2.3673767e+02
  -1.7165692e+01
   3.2747339e+02
   6.9333463e+02
   7.8122677e+02
   4.8729344e+02
   3.4897954e+01
   5.8121995e+02
   7.6875364e+02
   7.1711469e+02
   6.5927735e+02
   4.0449381e+02
   3.6376768e+01
   1.6888326e+02
   5.6307296e+02
   7.2141122e+02
   2.0796443e+02
   4.5893354e+02
   2.2324310e+00
   8.2777121e+02
   9.4353418e+01
   1.7985639e+02
   7.6232355e+02
   5.9153257e+02
   4.7232022e+02
   5.5384443e+02
   1.5938761e+02
   3.6759174e+02
   7.6064354e+02
   3.6805698e+02
   2.2783771e+02
   1.9898045e+02
   2.2010618e+02
  -2.2463635e+01
   5.7949346e+02
  -7.0100225e+01
   7.1081963e+02
   1.1154459e+02
   2.7272661e+02
   4.5166695e+02
   7.8053451e+01
   2.6109890e+02
   8.5382606e+02
   3.4017948e+02
   5.4402335e+02
   5.5210576e+02
   6.2682164e+02
   8.5965134e+02
   1.1932402e+02
   2.6304369e+02
   2.2948243e+02
   3.7782519e+02
   3.6291006e+02
   4.8643251e+02
   2.4465257e+02
   9.0359063e+02
   4.8335552e+02
   5.6089244e+02
   8.7888186e+02
   4.1597752e+02
   9.2310553e+02
   3.3138539e+02
   3.3166042e+02
   4.6768811e+02
  -3.5797357e+01
   8.1689606e+02
   1.6847651e+02
   8.1016497e+02
   7.7332619e+02
   6.4584844e+02
   4.2693092e+02
   3.4684855e+02
   6.5973931e+02
   8.3166587e+02
   2.3115495e+02
   2.3320724e+02
   2.1284685e+02
   8.4459704e+02
   1.7170064e+02
   8.3114075e+02
   8.7285452e+02
  -1.6332042e+01
   1.4916563e+02
   7.4763095e+02
   2.2261278e+02
   2.3364846e+01
   3.3375901e+01
   8.6170526e+02
   1.3964005e+02
  -6.8327806e+01
   6.8007966e+02
   5.5951790e+02
   6.6429755e+02
   3.2083529e+02
   2.4500068e+02
   9.0453968e+02
   6.3891614e+02
   5.5419633e+02
   7.5833901e+02
   1.4846517e+02
   8.8590839e+02
   1.8358460e+02
   7.0267194e+02
   4.3198417e+02
   8.5818849e+02
   2.9267917e+02
   7.4990677e+01
  -6.1483104e+01
   2.8712080e+02
  -4.0189476e+01
   5.4037194e+02
   4.6654064e+02
  -6.5639289e+01
   7.2119475e+00
   8.3100519e+02
   4.3269268e+02
   8.0526141e+02
   5.1618608e+02
   8.8792750e+02
   4.7857887e+02
   4.3657632e+02
   3.8198629e+02
   1.8417772e+02
   4.7655416e+02
   6.4764491e+02
   2.3986578e+02
   1.5389901e+02
  -4.1601237e+01
   5.6026298e+02
   6.7387194e+02
   8.5070427e+01
   1.0436364e+02
   1.4572844e+02
   4.6185040e+02
   7.5234895e+02
   7.9549062e+02
   7.1193006e+01
   1.5197251e+02
   4.9756256e+02
   3.6794372e+02
   4.2519104e+02
   3.8032563e+02
   8.5596733e+02
   2.4248082e+02
   5.5062523e+02
   2.3890844e+02
   7.8518865e+02
   4.7230819e+02
   5.8318716e+02
   8.4428837e+01
   1.4446291e+02
   6.8804194e+02
   3.9507660e+02
   5.7751963e+02
   4.6485190e+02
   8.5016549e+02
   2.0465646e+02
   5.3028937e+02
   6.4533946e+02
   2.6766192e+01
   8.9066317e+02
   6.9428469e+02
  -6.5186190e+01
   3.5767679e+02
   4.7467266e+02
   4.0974919e+02
   4.0612304e+02
   3.0852398e+02
   5.6008015e+02
   2.1137704e+02
   5.1762952e+01
   3.2219355e+02
   6.0742230e+01
   7.8732686e+01
   3.1053376e+02
   6.4451949e+02
   8.8806430e+02
   4.9434237e+02
   7.5768325e+02
   4.2945072e+02
   7.0195561e+01
   5.7169798e+02
   1.8506986e+02
  -2.1370817e+01
  -6.4055627e+01
  -3.7705605e+01
   7.1917667e+02
   4.1197248e+02
   8.6635745e+02
   4.5615338e+02
   2.7829829e+02
   8.8430440e+02
   8.0503327e+02
   1.0674074e+02
   7.0371214e+02
   5.2848257e+02
   4.2442306e+02
   2.9799034e+02
   5.4504264e+01
   1.9372154e+02
   3.9737287e+02
   2.8576382e+02
   7.5617011e+02
   1.3568815e+02
   3.3609088e+02
   4.3993277e+02
   2.6142065e+02
  -7.3425047e+01
   5.7258085e+02
   4.5548738e+02
   2.4725996e+02
   5.2407786e+02
   8.6393827e+02
  -5.7914217e+01
   5.6772930e+02
   9.0543420e+02
   8.9856481e+02
   3.1557929e+02
   5.2495035e+02
  -3.7728663e+01
   4.0241893e+02
   6.9001913e+02
   6.4047952e+02
   2.2479036e+02
  -7.9034088e+01
   8.6275422e+02
  -5.1266525e+01
   9.0307111e+02
   6.1619647e+01
   7.4948249e+02
   2.3340076e+02
   4.6364903e+02
   3.5911103e+02
   2.7185843e+02
   5.1250212e+02
   3.1351805e+02
   3.7817110e+02
   6.7283612e+02
  -1.7916684e+01
   6.3271705e+02
   4.7706003e+02
   8.3025952e+02
   7.9994087e+01
   8.7429638e+00
   2.1262217e+02
   7.7813429e+01
  -4.0344461e+01
   6.5839572e+02
   3.3937210e+02
   7.0250822e+02
   2.8977153e+01
   7.1008445e+02
   5.0461664e+02
   6.0376729e+02
  -3.5813536e+01
  -5.0351156e+01
   3.5227101e+02
   4.0959467e+02
   1.9514914e+02
   7.8275415e+02
   8.5820392e+00
   2.4763385e+02
   1.5678727e+02
   3.5175698e+02
   5.9600092e+02
   4.6122980e+02
   3.1735255e+02
   8.4075091e+02
   5.7010925e+02
   6.2864741e+02
   5.5944465e+02
   1.8554710e+02
   6.0741642e+02
   8.6051415e+02
   6.6344294e+02
   1.2153278e+01
   7.9132905e+02
   1.3867410e+02
   4.4138559e+02
   8.9040079e+02
   5.6235323e+02
   9.1579579e+02
   2.3988955e+01
   9.0788657e+02
   4.1538221e+02
   2.9439729e+02
   9.2459288e+02
   2.3197622e+02
   5.5048975e+02
   7.3739957e+01
  -6.4263525e+01
   2.7048475e+02
   5.9630532e+02
   5.4085742e+01
   4.2681964e+02
   1.5160916e+02
   5.4861666e+02
   8.4745036e+02
   5.0934448e+02
   6.6514732e+02
   6.7334415e+02
   8.3542392e+02
   2.2321816e+02
   8.5112075e+02
   6.1476031e+02
   4.5260471e+01
   8.7507986e+02
   6.7099624e+02
  -7.0695736e+01
   2.3514098e+02
  -6.2735538e+01
   1.3321428e+02
   5.6297241e+02
   2.4408059e+02
   2.3716122e+02
   6.9193536e+02
   3.0044408e+02
   7.2448176e+02
   7.7117017e+02
  -6.4372466e+01
   8.8297598e+02
   1.2242353e+01
   8.0062827e+02
   4.7087772e+02
   8.2131144e+02
   8.6438044e+00
   4.8721480e+02
   5.2499022e+02
   2.1780367e+02
   8.4497314e+02
   2.9440609e+01
   8.8918530e+02
   1.0862011e+01
   6.4660281e+02
   8.5058153e+02
   3.1006866e+02
   8.3183028e+02
  -7.5864612e+01
   5.7503216e+02
   3.9658442e+02
   5.2459938e+02
   5.4359527e+02
   9.2749996e+02
   1.6375844e+01
   6.3982808e+02
   7.0613097e+02
   6.5155049e+02
   2.8217082e+02
   7.9089775e+01
   8.0412768e+02
   6.9908602e+02
   5.2211064e+01
   1.6324051e+02
   8.6217907e+02
   3.0847342e+02
   5.6435660e+02
   6.4240674e+02
   4.5900057e+02
   8.6246992e+01
   1.2609449e+02
   6.4908460e+02
   6.2504057e+02
   8.6871506e+02
   5.4954769e+01
   3.6144897e+02
   8.2331037e+02
   4.8498800e+02
   5.8857081e+02
   3.3212511e+02
   1.0989763e+02
  -6.7827318e+01
   5.9266526e+02
   7.3259408e+02
   3.3235010e+02
   3.4864204e+02
   7.9496494e+02
   2.0588905e+02
   6.1710214e+02
   7.9094840e+02
   8.3090839e+02
   1.6166778e+02
   7.4770323e+02
   7.5309262e+01
   8.1697995e+02
   1.5207778e+02
   7.3663117e+02
   6.8087555e+02
   5.6431491e+02
   4.7482335e+02
   2.1025703e+02
   4.4839942e+02
   5.1047978e+02
   7.8128808e+02
   2.1379772e+02
   9.6104664e+01
   4.7409521e+02
   7.1299006e+02
   1.6671328e+02
   1.7535917e+02
   2.0182099e+02
   6.0864832e-01
   9.1376653e+02
   5.5293676e+02
   5.6155594e+01
   9.1247083e+02
   6.1193076e+01
   7.8863550e+02
   2.6567624e+02
   9.2296826e+02
   2.4412824e+02
   1.9372696e+02
  -6.3215340e+01
   8.1288592e+02
  -2.7789471e+01
   5.8151534e+02
   5.0395764e+02
   8.4965634e+02
   8.1796352e+02
   6.3973651e+02
   8.8500258e+02
   5.5578577e+02
   1.4401585e+02
   8.5130573e+02
  -5.0960360e+01
   1.3096724e+02
   5.1140880e+02
   6.5099731e+02
   7.8659523e+02
   5.6651415e+02
   7.5020426e+02
   1.2436123e+02
   8.8847001e+02
   1.8962900e+02
   5.1977621e+02
   7.5327952e+02
   8.2063441e+02
   2.1911958e+02
  -2.9342275e+01
   4.6843719e+02
   2.4006514e+02
   7.8671960e+02
   3.9500405e+02
   6.0728144e+02
   2.2894339e+02
   7.5060743e+02
   2.2505093e+02
  -4.9051279e+01
   7.2768479e+02
   9.2135002e+02
  -1.8009821e+01
   6.7061794e+01
   7.5850932e+02
   7.4602282e+02
   6.0358891e+02
   1.7338576e+02
   8.6677285e+02
   3.2217079e+02
  -2.7918282e+01
   1.4000264e+02
   4.1774834e+02
   3.9865565e+02
   2.0809542e+02
   3.7277409e+02
   9.0458940e+02
   5.7382140e+02
   1.4990439e+02
   7.6154100e+02
   8.4236039e+01
   3.4663583e+02
   1.2264996e+02
   3.9600769e+02
   2.2033080e+02
   9.0647695e+02
   4.1166631e+02
   4.4592158e+02
   6.2398216e+02
   5.3895858e+02
   8.9719354e+02
   4.1829418e+02
   8.0978415e+02
  -1.4698455e+01
   2.6039175e+02
   7.6515941e+02
   1.0784638e+02
   9.2448700e+02
  -6.6361330e+01
   5.6748425e+02
   9.1972055e+01
   4.1537972e+02
   5.5475737e+02
   4.0366791e+02
   6.2896170e+02
   6.5127185e+02
   1.5897878e+02
   8.1800719e+02
   3.5608869e+02
   2.2644138e+02
   4.4653056e+00
   9.2661262e+02
   2.5535874e+02
   6.3210452e+02
   1.1297841e+02
   5.7901120e+02
   1.1018595e+02
   4.3333095e+02
   8.6478513e+02
  -9.6592933e+00
   1.7611207e+02
   7.2001317e+02
   8.3085123e+02
   5.1334680e+01
   2.5829579e+02
   7.7037097e+02
   2.0967475e+01
   6.2559166e+02
   1.6769245e+02
   2.8826749e+02
   5.2498879e+01
   4.1776760e+02
   5.7949562e+02
   5.7896345e+02
   6.9320010e+02
   8.2525782e+02
   7.4915044e+02
  -1.5903135e+01
   3.3769578e+02
  -9.3200357e+00
   3.1972194e+02
   4.4277576e+02
  -3.2712828e+01
   7.8291978e+02
   7.1877241e+02
   4.3133766e+02
   2.8369226e+02
  -7.1458011e+00
   2.6472376e+02
   1.0331811e+02
   4.7176324e+02
   7.7982095e+02
   3.9921481e+02
   6.3342446e+02
   6.0620906e+02
   2.9124996e+02
   2.2291009e+01
   5.9043327e+02
   7.0123898e+02
   6.3080113e+02
   7.9302196e+02
   7.3377041e+02
   9.2602495e+02
   8.4208602e+02
   1.6674441e+02
   1.7990887e+01
   1.4211967e+02
   3.3561240e+02
   4.8071309e+02
   8.2489955e+02
  -9.9810577e+00
   7.8165981e+02
   8.4500763e+02
   1.3695056e+02
   7.3275671e+02
  -1.1205141e+00
   4.7793761e+02
   6.5337279e+02
   3.5626096e+02
   4.2592045e+02
   1.1847485e+02
   6.4499370e+02
   6.7875421e+01
   6.7911502e+02
   7.7863478e+01
   1.9011959e+02
   6.0389715e+02
   2.7628619e+02
   9.0245008e+02
   4.9995325e+02
   1.1159336e+02
  -3.0327468e+01
   8.3851404e+02
   1.4174024e+00
   5.1565998e+02
   6.5208883e+02
   6.1503026e+02
   8.1487407e+02
   5.3066028e+02
   5.0497813e+01
   2.7942908e+02
   2.3546443e+02
   1.4178019e+02
   5.3798841e+02
   6.4509294e+02
   2.8249365e+02
   2.2736724e+02
   6.2870858e+02
   2.9273345e+02
   3.5275056e+02
   7.3486680e+00
   8.8211588e+02
   4.3479681e+01
   1.9800951e+02
   1.5350284e+02
   7.0067993e+02
  -7.7071921e+01
   1.6698230e+02
   8.6032017e+02
   7.8695054e+02
   3.1104499e+02
   7.8639064e+02
  -5.6067908e+01
   9.0472394e+02
   4.2352590e+02
   8.2866315e+02
   1.5077584e+01
   6.1146303e+02
   2.0771273e+02
   6.0625760e+02
   5.0101834e+01
   4.9161185e+02
   8.0241518e+02
   1.0595830e+01
   8.2647770e+02
   6.5492531e+02
   3.0471536e+02
   2.3650351e+01
   5.0508964e+02
   6.2170706e+02
   6.7344608e+02
   4.7606353e+02
   5.8871071e+02
   7.6201466e+01
   3.4955943e+02
   8.7461391e+02
   4.5017604e+02
   8.4735849e+02
   3.4509363e+01
   4.6577354e+02
  -1.0609765e+01
   6.8695268e+02
   6.1019251e+02
   7.5187160e+02
   7.1688069e+02
   3.3882263e+02
  -6.1996857e+00
   6.2574862e+02
   4.9089821e+02
   5.1454065e+02
   4.5957886e+02
   7.7093195e+02
   8.2716632e+01
   6.1884435e+02
   1.5267113e+02
   8.0330533e+02
   4.5833141e+02
   3.0443234e+02
   1.4743827e+02
   6.4311133e+02
   2.4464504e+02
   6.8076645e+02
   7.8435219e+02
   1.9472648e+02
   3.7782767e+02
  -7.5582385e+01
   2.7762715e+02
   1.3102430e+02
   6.0800310e+02
   1.7378036e+02
   3.6144873e+02
   2.1586631e+02
   9.1040506e+02
   4.4999406e+02
   6.1493784e+02
   4.4456677e+02
   2.6164717e+02
   1.4504429e+02
   1.8832933e+02
   3.6174240e+02
   5.9087627e+02
   1.8614375e+02
  -1.1175373e+01
   8.7430817e+01
   3.5322989e+02
  -7.5514428e+01
   5.1124865e+01
   4.9381765e+02
   5.1659574e+02
   2.6327276e+02
   3.8628643e+02
  -3.6960186e+01
  -4.7347746e+01
   7.8502071e+02
   6.7211209e+02
   5.1023368e+02
   3.4898397e+02
   2.6811046e+02
   4.0934998e+02
   3.5923046e+01
   9.2193143e+01
   6.1720489e+02
   4.9304995e+02
   8.0248870e+02
   1.3310582e+02
   7.5833342e+02
   6.5708220e+02
   8.9909431e+02
   1.2996928e+02
   9.6775995e+01
   7.9363848e+02
   5.3193447e+02
   2.5344152e+02
   7.5475843e+02
  -2.3515410e+01
   3.6632298e+02
   7.2099772e+02
  -7.3106692e+01
   2.6684997e+01
   5.5930483e+02
   2.6504284e+02
   7.4974632e+02
   1.2318740e+02
   8.5013197e+02
  -5.2168877e+01
   1.2778545e+02
  -1.9316986e+01
   6.5031754e+01
   1.2109339e+02
   3.9034265e+02
   2.5206704e+02
   3.0658146e+02
   3.1478570e+02
   6.4195969e+01
   1.3595216e+02
   2.7821566e+02
   1.0247147e+02
   2.8385152e+02
   8.9953264e+02
   6.8184778e+02
   2.3452898e+02
   8.5370243e+01
   8.8969312e+02
   4.0389788e+02
   8.4993938e+01
   2.5979982e+02
   5.4275803e+02
   2.5931621e+02
   6.3341312e+00
   2.1036781e+00
   3.1902624e+02
   5.3384702e+02
   2.9409410e+02
   4.1806712e+02
   3.9150822e+02
  -3.2898837e+01
   3.6841041e+02
   8.9986092e+02
  -5.7133338e+01
   3.3823537e+02
   5.4257010e+02
   3.8129385e+02
   8.8223274e+02
   7.2395175e+02
   1.6749295e+02
   7.8855094e+02
   2.9648932e+02
   2.2997376e+02
   6.7733320e+02
   2.3435220e+02
   2.3420237e+01
   5.2131735e+02
   3.1515490e+02
   6.4288889e+02
   7.6520997e+02
   1.4869651e+02
  -4.0266288e+01
   3.2662307e+02
   6.9767801e+02
   7.5838586e+02
   7.0553439e+02
   2.2636369e+02
   2.0250062e+02
   2.2423624e+02
   5.8379859e+02
   7.1425926e+02
   7.1498818e+02
   6.2931892e+02
   3.7640166e+02
   5.9181235e+01
   1.7008734e+02
   5.2295538e+02
   8.1998711e+02
   8.7383044e+02
   8.3673966e+02
   1.0455699e+02
   9.0443938e+02
   2.4191658e+02
   5.1605122e+02
   3.4453298e+02
   1.0987991e+02
   5.6875519e+02
   8.1510957e+02
   1.6478818e+02
   1.3116690e+02
   4.5861328e+02
   3.1730158e+02
   2.5392325e+02
   4.5521236e+02
  -2.4731279e+01
   7.0240825e+02
  -7.2268805e+01
   7.3629027e+02
   7.5461734e+02
   2.7192057e+02
  -4.8033226e+01
   1.3344108e+02
   7.5665878e+02
   1.9912964e+01
   4.4542878e+02
   2.0631122e+02
   1.5362090e+02
   5.6534827e+02
   2.0923076e+02
   8.7622201e+02
   3.3103206e+02
   6.7174075e+02
   6.1934188e+02
   2.8372526e+02
   3.4831709e+02
   3.9521028e+02
   4.6686657e+02
   5.5736537e+02
   5.3696061e+02
   8.0652511e+02
   4.6317934e+02
  -3.6189836e+01
   1.6702369e+02
   3.6701663e+02
   5.8056704e+01
   7.5008370e+02
   4.8016006e+02
   2.4670075e+02
   1.2646564e+02
   7.0881327e+02
  -5.8154037e+01
   5.3240957e+02
   6.8501910e+02
   3.8654030e+02
   8.6240489e+02
  -2.6391032e+01
   6.1190115e+01
   4.8384297e+02
   5.1099201e+02
   2.9606273e+02
   5.5369833e+02
   9.0197851e+02
   6.4830362e+02
   7.8061981e+02
   6.3505516e+02
   8.0396837e+02
   6.2996181e+02
   4.2156340e+02
   2.8012970e+02
   3.2862431e+02
   5.2299297e+02
   3.6763005e+02
   6.1769628e+02
   7.8530940e+02
   5.3905258e+02
   4.6370501e+02
   2.1907129e+02
   6.4185694e+02
   3.0631544e+02
   6.2707171e+02
   6.0463003e+02
   5.5105928e+01
   6.6729318e+02
   4.6702712e+02
   5.4406528e+02
   1.3186741e+02
   3.6675584e+02
   8.7293834e+02
  -6.5086053e+01
   6.2690253e+02
   3.3886540e+01
   4.8033405e+02
   7.5922202e+01
  -7.3797090e-01
   1.0834986e+02
   8.4679865e+02
   3.2937997e+02
   3.6952492e+02
   5.8933564e+02
   7.0179956e+02
   6.5777834e+02
   2.3524360e+02
  -6.6759251e+01
   1.5404697e+02
   1.3606323e+02
   7.7379799e+02
   7.2242031e+02
   2.4759209e+02
   6.3959204e+01
   4.7467516e+02
   1.3780943e+02
   8.2929322e+02
   8.6073456e+02
   6.5727194e+02
   6.3551397e+02
   4.7344551e+01
   5.0463684e+02
   8.4754400e+02
   6.2848875e+02
   4.3141163e+02
   9.6134184e+01
   3.9385922e+02
   4.8552896e+02
   8.3662378e+02
   6.9960047e+02
   5.9425191e+02
   1.6704349e+01
   3.7305460e+02
   6.3974165e+02
   4.4274588e+02
   8.9412014e+02
   1.1941102e+02
   4.0683591e+02
   3.6925054e+02
   2.0443547e+02
   4.4905291e+02
   6.5561562e+02
   2.1609153e+02
   7.0158328e+02
   3.6175355e+02
   7.4838612e+02
   3.5193960e+02
   2.7281744e+02
   9.0494088e+02
   7.1419226e+02
   2.4570357e+02
   2.0460487e+01
   1.8391688e+02
   1.0091393e+02
   8.7888865e+02
   8.5474034e+01
   6.5919397e+02
   2.6030323e+02
   3.7989735e+02
   4.0702444e+02
   6.6453273e+02
   4.8213496e+02
   1.1329670e+02
   2.5950224e+02
   3.3624140e+02
   3.3410843e+02
   8.2008651e+02
   5.6272791e+02
   3.1092036e+02
   1.5508888e+02
   6.3696612e+02
   2.0323777e+02
   8.1095417e+02
   7.0614235e+02
   6.4025030e+02
   7.9173334e+01
   7.9215933e+02
   7.7299321e+01
   8.7172501e+02
   5.4541228e+02
   6.5817161e+02
   1.8901878e+02
   6.5028288e+02
  -5.1519971e+01
   8.0799698e+02
   2.7906570e+02
   5.4661237e+02
   5.6521764e+02
   4.5020865e+02
   9.2849731e+02
   6.3100991e+02
   1.5018966e+02
   5.2058280e+02
   5.0180591e+02
   4.4602263e+02
  -2.1884168e+01
   8.2262391e+02
   1.2133057e+02
   6.8251586e+02
   8.5880520e+02
   5.2083511e+01
   6.9115057e+02
   8.3733087e+02
   4.6711390e+02
   1.6258437e+02
  -1.9895317e+01
   6.4873957e+02
   2.1797218e+02
   6.0275877e+02
   8.1329893e+02
   6.2356704e+02
   2.4259908e+02
  -1.0403125e+01
   2.3673767e+02
  -1.7165692e+01
   3.2747339e+02
   6.9333463e+02
   7.8122677e+02
   4.8729344e+02
   3.4897954e+01
   5.8121995e+02
   7.6875364e+02
   7.1711469e+02
   6.5927735e+02
   4.0449381e+02
   3.6376768e+01
   1.6888326e+02
   5.6307296e+02
   7.2141122e+02
   2.0796443e+02
   4.5893354e+02
   2.2324310e+00
   8.2777121e+02
   9.4353418e+01
   1.7985639e+02
   7.6232355e+02
   5.9153257e+02
   4.7232022e+02
   5.5384443e+02
   1.5938761e+02
   3.6759174e+02
   7.6064354e+02
   3.6805698e+02
   2.2783771e+02
   1.9898045e+02
   2.2010618e+02
  -2.2463635e+01
   5.7949346e+02
  -7.0100225e+01
   7.1081963e+02
   1.1154459e+02
   2.7272661e+02
   4.5166695e+02
   7.8053451e+01
   2.6109890e+02
   8.5382606e+02
   3.4017948e+02
   5.4402335e+02
   5.5210576e+02
   6.2682164e+02
   8.5965134e+02
   1.1932402e+02
   2.6304369e+02
   2.2948243e+02
   3.7782519e+02
   3.6291006e+02
   4.8643251e+02
   2.4465257e+02
   9.0359063e+02
   4.8335552e+02
   5.6089244e+02
   8.7888186e+02
   4.1597752e+02
   9.2310553e+02
   3.3138539e+02
   3.3166042e+02
   4.6768811e+02
  -3.5797357e+01
   8.1689606e+02
   1.6847651e+02
   8.1016497e+02
   7.7332619e+02
   6.4584844e+02
   4.2693092e+02
   3.4684855e+02
   6.5973931e+02
   8.3166587e+02
   2.3115495e+02
   2.3320724e+02
   2.1284685e+02
   8.4459704e+02
   1.7170064e+02
   8.3114075e+02
   8.7285452e+02
  -1.6332042e+01
   1.4916563e+02
   7.4763095e+02
   2.2261278e+02
   2.3364846e+01
   3.3375901e+01
   8.6170526e+02
   1.3964005e+02
  -6.8327806e+01
   6.8007966e+02
   5.5951790e+02
   6.6429755e+02
   3.2083529e+02
   2.4500068e+02
   9.0453968e+02
   6.3891614e+02
   5.5419633e+02
   7.5833901e+02
   1.4846517e+02
   8.8590839e+02
   1.8358460e+02
   7.0267194e+02
   4.3198417e+02
   8.5818849e+02
   2.9267917e+02
   7.4990677e+01
  -6.1483104e+01
   2.8712080e+02
  -4.0189476e+01
   5.4037194e+02
   4.6654064e+02
  -6.5639289e+01
   7.2119475e+00
   8.3100519e+02
   4.3269268e+02
   8.0526141e+02
   5.1618608e+02
   8.8792750e+02
   4.7857887e+02
   4.3657632e+02
   3.8198629e+02
   1.8417772e+02
   4.7655416e+02
   6.4764491e+02
   2.3986578e+02
   1.5389901e+02
  -4.1601237e+01
   5.6026298e+02
   6.7387194e+02
   8.5070427e+01
   1.0436364e+02
   1.4572844e+02
   4.6185040e+02
   7.5234895e+02
   7.9549062e+02
   7.1193006e+01
   1.5197251e+02
   4.9756256e+02
   3.6794372e+02
   4.2519104e+02
   3.8032563e+02
   8.5596733e+02
   2.4248082e+02
   5.5062523e+02
   2.3890844e+02
   7.8518865e+02
   4.7230819e+02
   5.8318716e+02
   8.4428837e+01
   1.4446291e+02
   6.8804194e+02
   3.9507660e+02
   5.7751963e+02
   4.6485190e+02
   8.5016549e+02
   2.0465646e+02
   5.3028937e+02
   6.4533946e+02
   2.6766192e+01
   8.9066317e+02
   6.9428469e+02
  -6.5186190e+01
   3.5767679e+02
   4.7467266e+02
   4.0974919e+02
   4.0612304e+02
   3.0852398e+02
   5.6008015e+02
   2.1137704e+02
   5.1762952e+01
   3.2219355e+02
   6.0742230e+01
   7.8732686e+01
   3.1053376e+02
   6.4451949e+02
   8.8806430e+02
   4.9434237e+02
   7.5768325e+02
   4.2945072e+02
   7.0195561e+01
   5.7169798e+02
   1.8506986e+02
  -2.1370817e+01
  -6.4055627e+01
  -3.7705605e+01
   7.1917667e+02
   4.1197248e+02
   8.6635745e+02
   4.5615338e+02
   2.7829829e+02
   8.8430440e+02
   8.0503327e+02
   1.0674074e+02
   7.0371214e+02
   5.2848257e+02
   4.2442306e+02
   2.9799034e+02
   5.4504264e+01
   1.9372154e+02
   3.9737287e+02
   2.8576382e+02
   7.5617011e+02
   1.3568815e+02
   3.3609088e+02
   4.3993277e+02
   2.6142065e+02
  -7.3425047e+01
   5.7258085e+02
   4.5548738e+02
   2.4725996e+02
   5.2407786e+02
   8.6393827e+02
  -5.7914217e+01
   5.6772930e+02
   9.0543420e+02
   8.9856481e+02
   3.1557929e+02
   5.2495035e+02
  -3.7728663e+01
   4.0241893e+02
   6.9001913e+02
   6.4047952e+02
   2.2479036e+02
  -7.9034088e+01
   8.6275422e+02
  -5.1266525e+01
   9.0307111e+02
   6.1619647e+01
   7.4948249e+02
   2.3340076e+02
   4.6364903e+02
   3.5911103e+02
   2.7185843e+02
   5.1250212e+02
   3.1351805e+02
   3.7817110e+02
   6.7283612e+02
  -1.7916684e+01
   6.3271705e+02
   4.7706003e+02
   8.3025952e+02
   7.9994087e+01
   8.7429638e+00
   2.1262217e+02
   7.7813429e+01
  -4.0344461e+01
   6.5839572e+02
   3.3937210e+02
   7.0250822e+02
   2.8977153e+01
   7.1008445e+02
   5.0461664e+02
   6.0376729e+02
  -3.5813536e+01
  -5.0351156e+01
   3.5227101e+02
   4.0959467e+02
   1.9514914e+02
   7.8275415e+02
   8.5820392e+00
   2.4763385e+02
   1.5678727e+02
   3.5175698e+02
   5.9600092e+02
   4.6122980e+02
   3.1735255e+02
   8.4075091e+02
   5.7010925e+02
   6.2864741e+02
   5.5944465e+02
   1.8554710e+02
   6.0741642e+02
   8.6051415e+02
   6.6344294e+02
   1.2153278e+01
   7.9132905e+02
   1.3867410e+02
   4.4138559e+02
   8.9040079e+02
   5.6235323e+02
   9.1579579e+02
   2.3988955e+01
   9.0788657e+02
   4.1538221e+02
   2.9439729e+02
   9.2459288e+02
   2.3197622e+02
   5.5048975e+02
   7.3739957e+01
  -6.4263525e+01
   2.7048475e+02
   5.9630532e+02
   5.4085742e+01
   4.2681964e+02
   1.5160916e+02
   5.4861666e+02
   8.4745036e+02
   5.0934448e+02
   6.6514732e+02
   6.7334415e+02
   8.3542392e+02
   2.2321816e+02
   8.5112075e+02
   6.1476031e+02
   4.5260471e+01
   8.7507986e+02
   6.7099624e+02
  -7.0695736e+01
   2.3514098e+02
  -6.2735538e+01
   1.3321428e+02
   5.6297241e+02
   2.4408059e+02
   2.3716122e+02
   6.9193536e+02
   3.0044408e+02
   7.2448176e+02
   7.7117017e+02
  -6.4372466e+01
   8.8297598e+02
   1.2242353e+01
   8.0062827e+02
   4.7087772e+02
   8.2131144e+02
   8.6438044e+00
   4.8721480e+02
   5.2499022e+02
   2.1780367e+02
   8.4497314e+02
   2.9440609e+01
   8.8918530e+02
   1.0862011e+01
   6.4660281e+02
   8.5058153e+02
   3.1006866e+02
   8.3183028e+02
  -7.5864612e+01
   5.7503216e+02
   3.9658442e+02
   5.2459938e+02
   5.4359527e+02
   9.2749996e+02
   1.6375844e+01
   6.3982808e+02
   7.0613097e+02
   6.5155049e+02
   2.8217082e+02
   7.9089775e+01
   8.0412768e+02
   6.9908602e+02
   5.2211064e+01
   1.6324051e+02
   8.6217907e+02
   3.0847342e+02
   5.6435660e+02
   6.4240674e+02
   4.5900057e+02
   8.6246992e+01
   1.2609449e+02
   6.4908460e+02
   6.2504057e+02
   8.6871506e+02
   5.4954769e+01
   3.6144897e+02
   8.2331037e+02
   4.8498800e+02
   5.8857081e+02
   3.3212511e+02
   1.0989763e+02
  -6.7827318e+01
   5.9266526e+02
   7.3259408e+02
   3.3235010e+02
   3.4864204e+02
   7.9496494e+02
   2.0588905e+02
   6.1710214e+02
   7.9094840e+02
   8.3090839e+02
   1.6166778e+02
   7.4770323e+02
   7.5309262e+01
   8.1697995e+02
   1.5207778e+02
   7.3663117e+02
   6.8087555e+02
   5.6431491e+02
   4.7482335e+02
   2.1025703e+02
   4.4839942e+02
   5.1047978e+02
   7.8128808e+02
   2.1379772e+02
   9.6104664e+01
   4.7409521e+02
   7.1299006e+02
   1.6671328e+02
   1.7535917e+02
   2.0182099e+02
   6.0864832e-01
   9.1376653e+02
   5.5293676e+02
   5.6155594e+01
   9.1247083e+02
   6.1193076e+01
   7.8863550e+02
   2.6567624e+02
   9.2296826e+02
   2.4412824e+02
   1.9372696e+02
  -6.3215340e+01
   8.1288592e+02
  -2.7789471e+01
   5.8151534e+02
   5.0395764e+02
   8.4965634e+02
   8.1796352e+02
   6.3973651e+02
   8.8500258e+02
   5.5578577e+02
   1.4401585e+02
   8.5130573e+02
  -5.0960360e+01
   1.3096724e+02
   5.1140880e+02
   6.5099731e+02
   7.8659523e+02
   5.6651415e+02
   7.5020426e+02
   1.2436123e+02
   8.8847001e+02
   1.8962900e+02
   5.1977621e+02
   7.5327952e+02
   8.2063441e+02
   2.1911958e+02
  -2.9342275e+01
   4.6843719e+02
   2.4006514e+02
   7.8671960e+02
   3.9500405e+02
   6.0728144e+02
   2.2894339e+02
   7.5060743e+02
   2.2505093e+02
  -4.9051279e+01
   7.2768479e+02
   9.2135002e+02
  -1.8009821e+01
   6.7061794e+01
   7.5850932e+02
   7.4602282e+02
   6.0358891e+02
   1.7338576e+02
   8.6677285e+02
   3.2217079e+02
  -2.7918282e+01
   1.4000264e+02
   4.1774834e+02
   3.9865565e+02
   2.0809542e+02
   3.7277409e+02
   9.0458940e+02
   5.7382140e+02
   1.4990439e+02
   7.6154100e+02
   8.4236039e+01
   3.4663583e+02
   1.2264996e+02
   3.9600769e+02
   2.2033080e+02
   9.0647695e+02
   4.1166631e+02
   4.4592158e+02
   6.2398216e+02
   5.3895858e+02
   8.9719354e+02
   4.1829418e+02
   8.0978415e+02
  -1.4698455e+01
   2.6039175e+02
   7.6515941e+02
   1.0784638e+02
   9.2448700e+02
  -6.6361330e+01
   5.6748425e+02
   9.1972055e+01
   4.1537972e+02
   5.5475737e+02
   4.0366791e+02
   6.2896170e+02
   6.5127185e+02
   1.5897878e+02
   8.1800719e+02
   3.5608869e+02
   2.2644138e+02
   4.4653056e+00
   9.2661262e+02
   2.5535874e+02
   6.3210452e+02
   1.1297841e+02
   5.7901120e+02
   1.1018595e+02
   4.3333095e+02
   8.6478513e+02
  -9.6592933e+00
   1.7611207e+02
   7.2001317e+02
   8.3085123e+02
   5.1334680e+01
   2.5829579e+02
   7.7037097e+02
   2.0967475e+01
   6.2559166e+02
   1.6769245e+02
   2.8826749e+02
   5.2498879e+01
   4.1776760e+02
   5.7949562e+02
   5.7896345e+02
   6.9320010e+02
   8.2525782e+02
   7.4915044e+02
  -1.5903135e+01
   3.3769578e+02
  -9.3200357e+00
   3.1972194e+02
   4.4277576e+02
  -3.2712828e+01
   7.8291978e+02
   7.1877241e+02
   4.3133766e+02
   2.8369226e+02
  -7.1458011e+00
   2.6472376e+02
   1.0331811e+02
   4.7176324e+02
   7.7982095e+02
   3.9921481e+02
   6.3342446e+02
   6.0620906e+02
   2.9124996e+02
   2.2291009e+01
   5.9043327e+02
   7.0123898e+02
   6.3080113e+02
   7.9302196e+02
   7.3377041e+02
   9.2602495e+02
   8.4208602e+02
   1.6674441e+02
   1.7990887e+01
   1.4211967e+02
   3.3561240e+02
   4.8071309e+02
   8.2489955e+02
  -9.9810577e+00
   7.8165981e+02
   8.4500763e+02
   1.3695056e+02
   7.3275671e+02
  -1.1205141e+00
   4.7793761e+02
   6.5337279e+02
   3.5626096e+02
   4.2592045e+02
   1.1847485e+02
   6.4499370e+02
   6.7875421e+01
   6.7911502e+02
   7.7863478e+01
   1.9011959e+02
   6.0389715e+02
   2.7628619e+02
   9.0245008e+02
   4.9995325e+02
   1.1159336e+02
  -3.0327468e+01
   8.3851404e+02
   1.4174024e+00
   5.1565998e+02
   6.5208883e+02
   6.1503026e+02
   8.1487407e+02
   5.3066028e+02
   5.0497813e+01
   2.7942908e+02
   2.3546443e+02
   1.4178019e+02
   5.3798841e+02
   6.4509294e+02
   2.8249365e+02
   2.2736724e+02
   6.2870858e+02
   2.9273345e+02
   3.5275056e+02
   7.3486680e+00
   8.8211588e+02
   4.3479681e+01
   1.9800951e+02
   1.5350284e+02
   7.0067993e+02
  -7.7071921e+01
   1.6698230e+02
   8.6032017e+02
   7.8695054e+02
   3.1104499e+02
   7.8639064e+02
  -5.6067908e+01
   9.0472394e+02
   4.2352590e+02
   8.2866315e+02
   1.5077584e+01
   6.1146303e+02
   2.0771273e+02
   6.0625760e+02
   5.0101834e+01
   4.9161185e+02
   8.0241518e+02
   1.0595830e+01
   8.2647770e+02
   6.5492531e+02
   3.0471536e+02
   2.3650351e+01
   5.0508964e+02
   6.2170706e+02
   6.7344608e+02
   4.7606353e+02
   5.8871071e+02
   7.6201466e+01
   3.4955943e+02
   8.7461391e+02
   4.5017604e+02
   8.4735849e+02
   3.4509363e+01
   4.6577354e+02
  -1.0609765e+01
   6.8695268e+02
   6.1019251e+02
   7.5187160e+02
   7.1688069e+02
   3.3882263e+02
  -6.1996857e+00
   6.2574862e+02
   4.9089821e+02
   5.1454065e+02
   4.5957886e+02
   7.7093195e+02
   8.2716632e+01
   6.1884435e+02
   1.5267113e+02
   8.0330533e+02
   4.5833141e+02
   3.0443234e+02
   1.4743827e+02
   6.4311133e+02
   2.4464504e+02
   6.8076645e+02
   7.8435219e+02
   1.9472648e+02
   3.7782767e+02
  -7.5582385e+01
   2.7762715e+02
   1.3102430e+02
   6.0800310e+02
   1.7378036e+02
   3.6144873e+02
   2.1586631e+02
   9.1040506e+02
   4.4999406e+02
   6.1493784e+02
   4.4456677e+02
   2.6164717e+02
   1.4504429e+02
   1.8832933e+02
   3.6174240e+02
   5.9087627e+02
   1.8614375e+02
  -1.1175373e+01
   8.7430817e+01
   3.5322989e+02
  -7.5514428e+01
   5.1124865e+01
   4.9381765e+02
   5.1659574e+02
   2.6327276e+02
   3.8628643e+02
  -3.6960186e+01
  -4.7347746e+01
   7.8502071e+02
   6.7211209e+02
   5.1023368e+02
   3.4898397e+02
   2.6811046e+02
   4.0934998e+02
   3.5923046e+01
   9.2193143e+01
   6.1720489e+02
   4.9304995e+02
   8.0248870e+02
   1.3310582e+02
   7.5833342e+02
   6.5708220e+02
   8.9909431e+02
   1.2996928e+02
   9.6775995e+01
   7.9363848e+02
   5.3193447e+02
   2.5344152e+02
   7.5475843e+02
  -2.3515410e+01
   3.6632298e+02
   7.2099772e+02
  -7.3106692e+01
   2.6684997e+01
   5.5930483e+02
   2.6504284e+02
   7.4974632e+02
   1.2318740e+02
   8.5013197e+02
  -5.2168877e+01
   1.2778545e+02
  -1.9316986e+01
   6.5031754e+01
   1.2109339e+02
   3.9034265e+02
   2.5206704e+02
   3.0658146e+02
   3.1478570e+02
   6.4195969e+01
   1.3595216e+02
   2.7821566e+02
   1.0247147e+02
   2.8385152e+02
   8.9953264e+02
   6.8184778e+02
   2.3452898e+02
   8.5370243e+01
   8.8969312e+02
   4.0389788e+02
   8.4993938e+01
   2.5979982e+02
   5.4275803e+02
   2.5931621e+02
   6.3341312e+00
   2.1036781e+00
   3.1902624e+02
   5.3384702e+02
   2.9409410e+02
   4.1806712e+02
   3.9150822e+02
  -3.2898837e+01
   3.6841041e+02
   8.9986092e+02
  -5.7133338e+01
   3.3823537e+02
   5.4257010e+02
   3.8129385e+02
   8.8223274e+02
   7.2395175e+02
   1.6749295e+02
   7.8855094e+02
   2.9648932e+02
   2.2997376e+02
   6.7733320e+02
   2.3435220e+02
   2.3420237e+01
   5.2131735e+02
   3.1515490e+02
   6.4288889e+02
   7.6520997e+02
   1.4869651e+02
  -4.0266288e+01
   3.2662307e+02
   6.9767801e+02
   7.5838586e+02
   7.0553439e+02
   2.2636369e+02
   2.0250062e+02
   2.2423624e+02
   5.8379859e+02
   7.1425926e+02
   7.1498818e+02
   6.2931892e+02
   3.7640166e+02
   5.9181235e+01
   1.7008734e+02
   5.2295538e+02
   8.1998711e+02
   8.7383044e+02
   8.3673966e+02
   1.0455699e+02
   9.0443938e+02
   2.4191658e+02
   5.1605122e+02
   3.4453298e+02
   1.0987991e+02
   5.6875519e+02
   8.1510957e+02
   1.6478818e+02
   1.3116690e+02
   4.5861328e+02
   3.1730158e+02
   2.5392325e+02
   4.5521236e+02
  -2.4731279e+01
   7.0240825e+02
  -7.2268805e+01
   7.3629027e+02
   7.5461734e+02
   2.7192057e+02
  -4.8033226e+01
   1.3344108e+02
   7.5665878e+02
   1.9912964e+01
   4.4542878e+02
   2.0631122e+02
   1.5362090e+02
   5.6534827e+02
   2.0923076e+02
   8.7622201e+02
   3.3103206e+02
   6.7174075e+02
   6.1934188e+02
   2.8372526e+02
   3.4831709e+02
   3.9521028e+02
   4.6686657e+02
   5.5736537e+02
   5.3696061e+02
   8.0652511e+02
   4.6317934e+02
  -3.6189836e+01
   1.6702369e+02
   3.6701663e+02
   5.8056704e+01
   7.5008370e+02
   4.8016006e+02
   2.4670075e+02
   1.2646564e+02
   7.0881327e+02
  -5.8154037e+01
   5.3240957e+02
   6.8501910e+02
   3.8654030e+02
   8.6240489e+02
  -2.6391032e+01
   6.1190115e+01
   4.8384297e+02
   5.1099201e+02
   2.9606273e+02
   5.5369833e+02
   9.0197851e+02
   6.4830362e+02
   7.8061981e+02
   6.3505516e+02
   8.0396837e+02
   6.2996181e+02
   4.2156340e+02
   2.8012970e+02
   3.2862431e+02
   5.2299297e+02
   3.6763005e+02
   6.1769628e+02
   7.8530940e+02
   5.3905258e+02
   4.6370501e+02
   2.1907129e+02
   6.4185694e+02
   3.0631544e+02
   6.2707171e+02
   6.0463003e+02
   5.5105928e+01
   6.6729318e+02
   4.6702712e+02
   5.4406528e+02
   1.3186741e+02
   3.6675584e+02
   8.7293834e+02
  -6.5086053e+01
   6.2690253e+02
   3.3886540e+01
   4.8033405e+02
   7.5922202e+01
  -7.3797090e-01
   1.0834986e+02
   8.4679865e+02
   3.2937997e+02
   3.6952492e+02
   5.8933564e+02
   7.0179956e+02
   6.5777834e+02
   2.3524360e+02
  -6.6759251e+01
   1.5404697e+02
   1.3606323e+02
   7.7379799e+02
   7.2242031e+02
   2.4759209e+02
   6.3959204e+01
   4.7467516e+02
   1.3780943e+02
   8.2929322e+02
   8.6073456e+02
   6.5727194e+02
   6.3551397e+02
   4.7344551e+01
   5.0463684e+02
   8.4754400e+02
   6.2848875e+02
   4.3141163e+02
   9.6134184e+01
   3.9385922e+02
   4.8552896e+02
   8.3662378e+02
   6.9960047e+02
   5.9425191e+02
   1.6704349e+01
   3.7305460e+02
   6.3974165e+02
   4.4274588e+02
   8.9412014e+02
   1.1941102e+02
   4.0683591e+02
   3.6925054e+02
   2.0443547e+02
   4.4905291e+02
   6.5561562e+02
   2.1609153e+02
   7.0158328e+02
   3.6175355e+02
   7.4838612e+02
   3.5193960e+02
   2.7281744e+02
   9.0494088e+02
   7.1419226e+02
   2.4570357e+02
   2.0460487e+01
   1.8391688e+02
   1.0091393e+02
   8.7888865e+02
   8.5474034e+01
   6.5919397e+02
   2.6030323e+02
   3.7989735e+02
   4.0702444e+02
   6.6453273e+02
   4.8213496e+02
   1.1329670e+02
   2.5950224e+02
   3.3624140e+02
   3.3410843e+02
   8.2008651e+02
   5.6272791e+02
   3.1092036e+02
   1.5508888e+02
   6.3696612e+02
   2.0323777e+02
   8.1095417e+02
   7.0614235e+02
   6.4025030e+02
   7.9173334e+01
   7.9215933e+02
   7.7299321e+01
   8.7172501e+02
   5.4541228e+02
   6.5817161e+02
   1.8901878e+02
   6.5028288e+02
  -5.1519971e+01
   8.0799698e+02
   2.7906570e+02
   5.4661237e+02
   5.6521764e+02
   4.5020865e+02
   9.2849731e+02
   6.3100991e+02
   1.5018966e+02
   5.2058280e+02
   5.0180591e+02
   4.4602263e+02
  -2.1884168e+01
   8.2262391e+02
   1.2133057e+02
   6.8251586e+02
   8.5880520e+02
   5.2083511e+01
   6.9115057e+02
   8.3733087e+02
   4.6711390e+02
   1.6258437e+02
  -1.9895317e+01
   6.4873957e+02
   2.1797218e+02
   6.0275877e+02
   8.1329893e+02
   6.2356704e+02
   2.4259908e+02
  -1.0403125e+01
   2.3673767e+02
  -1.7165692e+01
   3.2747339e+02
   6.9333463e+02
   7.8122677e+02
   4.8729344e+02
   3.4897954e+01
   5.8121995e+02
   7.6875364e+02
   7.1711469e+02
   6.5927735e+02
   4.0449381e+02
   3.6376768e+01
   1.6888326e+02
   5.6307296e+02
   7.2141122e+02
   2.0796443e+02
   4.5893354e+02
   2.2324310e+00
   8.2777121e+02
   9.4353418e+01
   1.7985639e+02
   7.6232355e+02
   5.9153257e+02
   4.7232022e+02
   5.5384443e+02
   1.5938761e+02
   3.6759174e+02
   7.6064354e+02
   3.6805698e+02
   2.2783771e+02
   1.9898045e+02
   2.2010618e+02
  -2.2463635e+01
   5.7949346e+02
  -7.0100225e+01
   7.1081963e+02
   1.1154459e+02
   2.7272661e+02
   4.5166695e+02
   7.8053451e+01
   2.6109890e+02
   8.5382606e+02
   3.4017948e+02
   5.4402335e+02
   5.5210576e+02
   6.2682164e+02
   8.5965134e+02
   1.1932402e+02
   2.6304369e+02
   2.2948243e+02
   3.7782519e+02
   3.6291006e+02
   4.8643251e+02
   2.4465257e+02
   9.0359063e+02
   4.8335552e+02
   5.6089244e+02
   8.7888186e+02
   4.1597752e+02
   9.2310553e+02
   3.3138539e+02
   3.3166042e+02
   4.6768811e+02
  -3.5797357e+01
   8.1689606e+02
   1.6847651e+02
   8.1016497e+02
   7.7332619e+02
   6.4584844e+02
   4.2693092e+02
   3.4684855e+02
   6.5973931e+02
   8.3166587e+02
   2.3115495e+02
   2.3320724e+02
   2.1284685e+02
   8.4459704e+02
   1.7170064e+02
   8.3114075e+02
   8.7285452e+02
  -1.6332042e+01
   1.4916563e+02
   7.4763095e+02
   2.2261278e+02
   2.3364846e+01
   3.3375901e+01
   8.6170526e+02
   1.3964005e+02
  -6.8327806e+01
   6.8007966e+02
   5.5951790e+02
   6.6429755e+02
   3.2083529e+02
   2.4500068e+02
   9.0453968e+02
   6.3891614e+02
   5.5419633e+02
   7.5833901e+02
   1.4846517e+02
   8.8590839e+02
   1.8358460e+02
   7.0267194e+02
   4.3198417e+02
   8.5818849e+02
   2.9267917e+02
   7.4990677e+01
  -6.1483104e+01
   2.8712080e+02
  -4.0189476e+01
   5.4037194e+02
   4.6654064e+02
  -6.5639289e+01
   7.2119475e+00
   8.3100519e+02
   4.3269268e+02
   8.0526141e+02
   5.1618608e+02
   8.8792750e+02
   4.7857887e+02
   4.3657632e+02
   3.8198629e+02
   1.8417772e+02
   4.7655416e+02
   6.4764491e+02
   2.3986578e+02
   1.5389901e+02
  -4.1601237e+01
   5.6026298e+02
   6.7387194e+02
   8.5070427e+01
   1.0436364e+02
   1.4572844e+02
   4.6185040e+02
   7.5234895e+02
   7.9549062e+02
   7.1193006e+01
   1.5197251e+02
   4.9756256e+02
   3.6794372e+02
   4.2519104e+02
   3.8032563e+02
   8.5596733e+02
   2.4248082e+02
   5.5062523e+02
   2.3890844e+02
   7.8518865e+02
   4.7230819e+02
   5.8318716e+02
   8.4428837e+01
   1.4446291e+02
   6.8804194e+02
   3.9507660e+02
   5.7751963e+02
   4.6485190e+02
   8.5016549e+02
   2.0465646e+02
   5.3028937e+02
   6.4533946e+02
   2.6766192e+01
   8.9066317e+02
   6.9428469e+02
  -6.5186190e+01
   3.5767679e+02
   4.7467266e+02
   4.0974919e+02
   4.0612304e+02
   3.0852398e+02
   5.6008015e+02
   2.1137704e+02
   5.1762952e+01
   3.2219355e+02
   6.0742230e+01
   7.8732686e+01
   3.1053376e+02
   6.4451949e+02
   8.8806430e+02
   4.9434237e+02
   7.5768325e+02
   4.2945072e+02
   7.0195561e+01
   5.7169798e+02
   1.8506986e+02
  -2.1370817e+01
  -6.4055627e+01
  -3.7705605e+01
   7.1917667e+02
   4.1197248e+02
   8.6635745e+02
   4.5615338e+02
   2.7829829e+02
   8.8430440e+02
   8.0503327e+02
   1.0674074e+02
   7.0371214e+02
   5.2848257e+02
   4.2442306e+02
   2.9799034e+02
   5.4504264e+01
   1.9372154e+02
   3.9737287e+02
   2.8576382e+02
   7.5617011e+02
   1.3568815e+02
   3.3609088e+02
   4.3993277e+02
   2.6142065e+02
  -7.3425047e+01
   5.7258085e+02
   4.5548738e+02
   2.4725996e+02
   5.2407786e+02
   8.6393827e+02
  -5.7914217e+01
   5.6772930e+02
   9.0543420e+02
   8.9856481e+02
   3.1557929e+02
   5.2495035e+02
  -3.7728663e+01
   4.0241893e+02
   6.9001913e+02
   6.4047952e+02
   2.2479036e+02
  -7.9034088e+01
   8.6275422e+02
  -5.1266525e+01
   9.0307111e+02
   6.1619647e+01
   7.4948249e+02
   2.3340076e+02
   4.6364903e+02
   3.5911103e+02
   2.7185843e+02
   5.1250212e+02
   3.1351805e+02
   3.7817110e+02
   6.7283612e+02
  -1.7916684e+01
   6.3271705e+02
   4.7706003e+02
   8.3025952e+02
   7.9994087e+01
   8.7429638e+00
   2.1262217e+02
   7.7813429e+01
  -4.0344461e+01
   6.5839572e+02
   3.3937210e+02
   7.0250822e+02
   2.8977153e+01
   7.1008445e+02
   5.0461664e+02
   6.0376729e+02
  -3.5813536e+01
  -5.0351156e+01
   3.5227101e+02
   4.0959467e+02
   1.9514914e+02
   7.8275415e+02
   8.5820392e+00
   2.4763385e+02
   1.5678727e+02
   3.5175698e+02
   5.9600092e+02
   4.6122980e+02
   3.1735255e+02
   8.4075091e+02
   5.7010925e+02
   6.2864741e+02
   5.5944465e+02
   1.8554710e+02
   6.0741642e+02
   8.6051415e+02
   6.6344294e+02
   1.2153278e+01
   7.9132905e+02
   1.3867410e+02
   4.4138559e+02
   8.9040079e+02
   5.6235323e+02
   9.1579579e+02
   2.3988955e+01
   9.0788657e+02
   4.1538221e+02
   2.9439729e+02
   9.2459288e+02
   2.3197622e+02
   5.5048975e+02
   7.3739957e+01
  -6.4263525e+01
   2.7048475e+02
   5.9630532e+02
   5.4085742e+01
   4.2681964e+02
   1.5160916e+02
   5.4861666e+02
   8.4745036e+02
   5.0934448e+02
   6.6514732e+02
   6.7334415e+02
   8.3542392e+02
   2.2321816e+02
   8.5112075e+02
   6.1476031e+02
   4.5260471e+01
   8.7507986e+02
   6.7099624e+02
  -7.0695736e+01
   2.3514098e+02
  -6.2735538e+01
   1.3321428e+02
   5.6297241e+02
   2.4408059e+02
   2.3716122e+02
   6.9193536e+02
   3.0044408e+02
   7.2448176e+02
   7.7117017e+02
  -6.4372466e+01
   8.8297598e+02
   1.2242353e+01
   8.0062827e+02
   4.7087772e+02
   8.2131144e+02
   8.6438044e+00
   4.8721480e+02
   5.2499022e+02
   2.1780367e+02
   8.4497314e+02
   2.9440609e+01
   8.8918530e+02
   1.0862011e+01
   6.4660281e+02
   8.5058153e+02
   3.1006866e+02
   8.3183028e+02
  -7.5864612e+01
   5.7503216e+02
   3.9658442e+02
   5.2459938e+02
   5.4359527e+02
   9.2749996e+02
   1.6375844e+01
   6.3982808e+02
   7.0613097e+02
   6.5155049e+02
   2.8217082e+02
   7.9089775e+01
   8.0412768e+02
   6.9908602e+02
   5.2211064e+01
   1.6324051e+02
   8.6217907e+02
   3.0847342e+02
   5.6435660e+02
   6.4240674e+02
   4.5900057e+02
   8.6246992e+01
   1.2609449e+02
   6.4908460e+02
   6.2504057e+02
   8.6871506e+02
   5.4954769e+01
   3.6144897e+02
   8.2331037e+02
   4.8498800e+02
   5.8857081e+02
   3.3212511e+02
   1.0989763e+02
  -6.7827318e+01
   5.9266526e+02
   7.3259408e+02
   3.3235010e+02
   3.4864204e+02
   7.9496494e+02
   2.0588905e+02
   6.1710214e+02
   7.9094840e+02
   8.3090839e+02
   1.6166778e+02
   7.4770323e+02
   7.5309262e+01
   8.1697995e+02
   1.5207778e+02
   7.3663117e+02
   6.8087555e+02
   5.6431491e+02
   4.7482335e+02
   2.1025703e+02
   4.4839942e+02
   5.1047978e+02
   7.8128808e+02
   2.1379772e+02
   9.6104664e+01
   4.7409521e+02
   7.1299006e+02
   1.6671328e+02
   1.7535917e+02
   2.0182099e+02
   6.0864832e-01
   9.1376653e+02
   5.5293676e+02
   5.6155594e+01
   9.1247083e+02
   6.1193076e+01
   7.8863550e+02
   2.6567624e+02
   9.2296826e+02
   2.4412824e+02
   1.9372696e+02
  -6.3215340e+01
   8.1288592e+02
  -2.7789471e+01
   5.8151534e+02
   5.0395764e+02
   8.4965634e+02
   8.1796352e+02
   6.3973651e+02
   8.8500258e+02
   5.5578577e+02
   1.4401585e+02
   8.5130573e+02
  -5.0960360e+01
   1.3096724e+02
   5.1140880e+02
   6.5099731e+02
   7.8659523e+02
   5.6651415e+02
   7.5020426e+02
   1.2436123e+02
   8.8847001e+02
   1.8962900e+02
   5.1977621e+02
   7.5327952e+02
   8.2063441e+02
   2.1911958e+02
  -2.9342275e+01
   4.6843719e+02
   2.4006514e+02
   7.8671960e+02
   3.9500405e+02
   6.0728144e+02
   2.2894339e+02
   7.5060743e+02
   2.2505093e+02
  -4.9051279e+01
   7.2768479e+02
   9.2135002e+02
  -1.8009821e+01
   6.7061794e+01
   7.5850932e+02
   7.4602282e+02
   6.0358891e+02
   1.7338576e+02
   8.6677285e+02
   3.2217079e+02
  -2.7918282e+01
   1.4000264e+02
   4.1774834e+02
   3.9865565e+02
   2.0809542e+02
   3.7277409e+02
   9.0458940e+02
   5.7382140e+02
   1.4990439e+02
   7.6154100e+02
   8.4236039e+01
   3.4663583e+02
   1.2264996e+02
   3.9600769e+02
   2.2033080e+02
   9.0647695e+02
   4.1166631e+02
   4.4592158e+02
   6.2398216e+02
   5.3895858e+02
   8.9719354e+02
   4.1829418e+02
   8.0978415e+02
  -1.4698455e+01
   2.6039175e+02
   7.6515941e+02
   1.0784638e+02
   9.2448700e+02
  -6.6361330e+01
   5.6748425e+02
   9.1972055e+01
   4.1537972e+02
   5.5475737e+02
   4.0366791e+02
   6.2896170e+02
   6.5127185e+02
   1.5897878e+02
   8.1800719e+02
   3.5608869e+02
   2.2644138e+02
   4.4653056e+00
   9.2661262e+02
   2.5535874e+02
   6.3210452e+02
   1.1297841e+02
   5.7901120e+02
   1.1018595e+02
   4.3333095e+02
   8.6478513e+02
  -9.6592933e+00
   1.7611207e+02
   7.2001317e+02
   8.3085123e+02
   5.1334680e+01
   2.5829579e+02
   7.7037097e+02
   2.0967475e+01
   6.2559166e+02
   1.6769245e+02
   2.8826749e+02
   5.2498879e+01
   4.1776760e+02
   5.7949562e+02
   5.7896345e+02
   6.9320010e+02
   8.2525782e+02
   7.4915044e+02
  -1.5903135e+01
   3.3769578e+02
  -9.3200357e+00
   3.1972194e+02
   4.4277576e+02
  -3.2712828e+01
   7.8291978e+02
   7.1877241e+02
   4.3133766e+02
   2.8369226e+02
  -7.1458011e+00
   2.6472376e+02
   1.0331811e+02
   4.7176324e+02
   7.7982095e+02
   3.9921481e+02
   6.3342446e+02
   6.0620906e+02
   2.9124996e+02
   2.2291009e+01
   5.9043327e+02
   7.0123898e+02
   6.3080113e+02
   7.9302196e+02
   7.3377041e+02
   9.2602495e+02
   8.4208602e+02
   1.6674441e+02
   1.7990887e+01
   1.4211967e+02
   3.3561240e+02
   4.8071309e+02
   8.2489955e+02
  -9.9810577e+00
   7.8165981e+02
   8.4500763e+02
   1.3695056e+02
   7.3275671e+02
  -1.1205141e+00
   4.7793761e+02
   6.5337279e+02
   3.5626096e+02
   4.2592045e+02
   1.1847485e+02
   6.4499370e+02
   6.7875421e+01
   6.7911502e+02
   7.7863478e+01
   1.9011959e+02
   6.0389715e+02
   2.7628619e+02
   9.0245008e+02
   4.9995325e+02
   1.1159336e+02
  -3.0327468e+01
   8.3851404e+02
   1.4174024e+00
   5.1565998e+02
   6.5208883e+02
   6.1503026e+02
   8.1487407e+02
   5.3066028e+02
   5.0497813e+01
   2.7942908e+02
   2.3546443e+02
   1.4178019e+02
   5.3798841e+02
   6.4509294e+02
   2.8249365e+02
   2.2736724e+02
   6.2870858e+02
   2.9273345e+02
   3.5275056e+02
   7.3486680e+00
   8.8211588e+02
   4.3479681e+01
   1.9800951e+02
   1.5350284e+02
   7.0067993e+02
  -7.7071921e+01
   1.6698230e+02
   8.6032017e+02
   7.8695054e+02
   3.1104499e+02
   7.8639064e+02
  -5.6067908e+01
   9.0472394e+02
   4.2352590e+02
   8.2866315e+02
   1.5077584e+01
   6.1146303e+02
   2.0771273e+02
   6.0625760e+02
   5.0101834e+01
   4.9161185e+02
   8.0241518e+02
   1.0595830e+01
   8.2647770e+02
   6.5492531e+02
   3.0471536e+02
   2.3650351e+01
   5.0508964e+02
   6.2170706e+02
   6.7344608e+02
   4.7606353e+02
   5.8871071e+02
   7.6201466e+01
   3.4955943e+02
   8.7461391e+02
   4.5017604e+02
   8.4735849e+02
   3.4509363e+01
   4.6577354e+02
  -1.0609765e+01
   6.8695268e+02
   6.1019251e+02
   7.5187160e+02
   7.1688069e+02
   3.3882263e+02
  -6.1996857e+00
   6.2574862e+02
   4.9089821e+02
   5.1454065e+02
   4.5957886e+02
   7.7093195e+02
   8.2716632e+01
   6.1884435e+02
   1.5267113e+02
   8.0330533e+02
   4.5833141e+02
   3.0443234e+02
   1.4743827e+02
   6.4311133e+02
   2.4464504e+02
   6.8076645e+02
   7.8435219e+02
   1.9472648e+02
   3.7782767e+02
  -7.5582385e+01
   2.7762715e+02
   1.3102430e+02
   6.0800310e+02
   1.7378036e+02
   3.6144873e+02
   2.1586631e+02
   9.1040506e+02
   4.4999406e+02
   6.1493784e+02
   4.4456677e+02
   2.6164717e+02
   1.4504429e+02
   1.8832933e+02
   3.6174240e+02
   5.9087627e+02
   1.8614375e+02
  -1.1175373e+01
   8.7430817e+01
   3.5322989e+02
  -7.5514428e+01
   5.1124865e+01
   4.9381765e+02
   5.1659574e+02
   2.6327276e+02
   3.8628643e+02
  -3.6960186e+01
  -4.7347746e+01
   7.8502071e+02
   6.7211209e+02
   5.1023368e+02
   3.4898397e+02
   2.6811046e+02
   4.0934998e+02
   3.5923046e+01
   9.2193143e+01
   6.1720489e+02
   4.9304995e+02
   8.0248870e+02
   1.3310582e+02
   7.5833342e+02
   6.5708220e+02
   8.9909431e+02
   1.2996928e+02
   9.6775995e+01
   7.9363848e+02
   5.3193447e+02
   2.5344152e+02
   7.5475843e+02
  -2.3515410e+01
   3.6632298e+02
   7.2099772e+02
  -7.3106692e+01
   2.6684997e+01
   5.5930483e+02
   2.6504284e+02
   7.4974632e+02
   1.2318740e+02
   8.5013197e+02
  -5.2168877e+01
   1.2778545e+02
  -1.9316986e+01
   6.5031754e+01
   1.2109339e+02
   3.9034265e+02
   2.5206704e+02
   3.0658146e+02
   3.1478570e+02
   6.4195969e+01
   1.3595216e+02
   2.7821566e+02
   1.0247147e+02
   2.8385152e+02
   8.9953264e+02
   6.8184778e+02
   2.3452898e+02
   8.5370243e+01
   8.8969312e+02
   4.0389788e+02
   8.4993938e+01
   2.5979982e+02
   5.4275803e+02
   2.5931621e+02
   6.3341312e+00
   2.1036781e+00
   3.1902624e+02
   5.3384702e+02
   2.9409410e+02
   4.1806712e+02
   3.9150822e+02
  -3.2898837e+01
   3.6841041e+02
   8.9986092e+02
  -5.7133338e+01
   3.3823537e+02
   5.4257010e+02
   3.8129385e+02
   8.8223274e+02
   7.2395175e+02
   1.6749295e+02
   7.8855094e+02
   2.9648932e+02
   2.2997376e+02
   6.7733320e+02
   2.3435220e+02
   2.3420237e+01
   5.2131735e+02
   3.1515490e+02
   6.4288889e+02
   7.6520997e+02
   1.4869651e+02
  -4.0266288e+01
   3.2662307e+02
   6.9767801e+02
   7.5838586e+02
   7.0553439e+02
   2.2636369e+02
   2.0250062e+02
   2.2423624e+02
   5.8379859e+02
   7.1425926e+02
   7.1498818e+02
   6.2931892e+02
   3.7640166e+02
   5.9181235e+01
   1.7008734e+02
   5.2295538e+02
   8.1998711e+02
   8.7383044e+02
   8.3673966e+02
   1.0455699e+02
   9.0443938e+02
   2.4191658e+02
   5.1605122e+02
   3.4453298e+02
   1.0987991e+02
   5.6875519e+02
   8.1510957e+02
   1.6478818e+02
   1.3116690e+02
   4.5861328e+02
   3.1730158e+02
   2.5392325e+02
   4.5521236e+02
  -2.4731279e+01
   7.0240825e+02
  -7.2268805e+01
   7.3629027e+02
   7.5461734e+02
   2.7192057e+02
  -4.8033226e+01
   1.3344108e+02
   7.5665878e+02
   1.9912964e+01
   4.4542878e+02
   2.0631122e+02
   1.5362090e+02
   5.6534827e+02
   2.0923076e+02
   8.7622201e+02
   3.3103206e+02
   6.7174075e+02
   6.1934188e+02
   2.8372526e+02
   3.4831709e+02
   3.9521028e+02
   4.6686657e+02
   5.5736537e+02
   5.3696061e+02
   8.0652511e+02
   4.6317934e+02
  -3.6189836e+01
   1.6702369e+02
   3.6701663e+02
   5.8056704e+01
   7.5008370e+02
   4.8016006e+02
   2.4670075e+02
   1.2646564e+02
   7.0881327e+02
  -5.8154037e+01
   5.3240957e+02
   6.8501910e+02
   3.8654030e+02
   8.6240489e+02
  -2.6391032e+01
   6.1190115e+01
   4.8384297e+02
   5.1099201e+02
   2.9606273e+02
   5.5369833e+02
   9.0197851e+02
   6.4830362e+02
   7.8061981e+02
   6.3505516e+02
   8.0396837e+02
   6.2996181e+02
   4.2156340e+02
   2.8012970e+02
   3.2862431e+02
   5.2299297e+02
   3.6763005e+02
   6.1769628e+02
   7.8530940e+02
   5.3905258e+02
   4.6370501e+02
   2.1907129e+02
   6.4185694e+02
   3.0631544e+02
   6.2707171e+02
   6.0463003e+02
   5.5105928e+01
   6.6729318e+02
   4.6702712e+02
   5.4406528e+02
   1.3186741e+02
   3.6675584e+02
   8.7293834e+02
  -6.5086053e+01
   6.2690253e+02
   3.3886540e+01
   4.8033405e+02
   7.5922202e+01
  -7.3797090e-01
   1.0834986e+02
   8.4679865e+02
   3.2937997e+02
   3.6952492e+02
   5.8933564e+02
   7.0179956e+02
   6.5777834e+02
   2.3524360e+02
  -6.6759251e+01
   1.5404697e+02
   1.3606323e+02
   7.7379799e+02
   7.2242031e+02
   2.4759209e+02
   6.3959204e+01
   4.7467516e+02
   1.3780943e+02
   8.2929322e+02
   8.6073456e+02
   6.5727194e+02
   6.3551397e+02
   4.7344551e+01
   5.0463684e+02
   8.4754400e+02
   6.2848875e+02
   4.3141163e+02
   9.6134184e+01
   3.9385922e+02
   4.8552896e+02
   8.3662378e+02
   6.9960047e+02
   5.9425191e+02
   1.6704349e+01
   3.7305460e+02
   6.3974165e+02
   4.4274588e+02
   8.9412014e+02
   1.1941102e+02
   4.0683591e+02
   3.6925054e+02
   2.0443547e+02
   4.4905291e+02
   6.5561562e+02
   2.1609153e+02
   7.0158328e+02
   3.6175355e+02
   7.4838612e+02
   3.5193960e+02
   2.7281744e+02
   9.0494088e+02
   7.1419226e+02
   2.4570357e+02
   2.0460487e+01
   1.8391688e+02
   1.0091393e+02
   8.7888865e+02
   8.5474034e+01
   6.5919397e+02
   2.6030323e+02
   3.7989735e+02
   4.0702444e+02
   6.6453273e+02
   4.8213496e+02
   1.1329670e+02
   2.5950224e+02
   3.3624140e+02
   3.3410843e+02
   8.2008651e+02
   5.6272791e+02
   3.1092036e+02
   1.5508888e+02
   6.3696612e+02
   2.0323777e+02
   8.1095417e+02
   7.0614235e+02
   6.4025030e+02
   7.9173334e+01
   7.9215933e+02
   7.7299321e+01
   8.7172501e+02
   5.4541228e+02
   6.5817161e+02
   1.8901878e+02
   6.5028288e+02
  -5.1519971e+01
   8.0799698e+02
   2.7906570e+02
   5.4661237e+02
   5.6521764e+02
   4.5020865e+02
   9.2849731e+02
   6.3100991e+02
   1.5018966e+02
   5.2058280e+02
   5.0180591e+02
   4.4602263e+02
  -2.1884168e+01
   8.2262391e+02
   1.2133057e+02
   6.8251586e+02
   8.5880520e+02
   5.2083511e+01
   6.9115057e+02
   8.3733087e+02
   4.6711390e+02
   1.6258437e+02
  -1.9895317e+01
   6.4873957e+02
   2.1797218e+02
   6.0275877e+02
   8.1329893e+02
   6.2356704e+02
   2.4259908e+02
  -1.0403125e+01
   2.3673767e+02
  -1.7165692e+01
   3.2747339e+02
   6.9333463e+02
   7.8122677e+02
   4.8729344e+02
   3.4897954e+01
   5.8121995e+02
   7.6875364e+02
   7.1711469e+02
   6.5927735e+02
   4.0449381e+02
   3.6376768e+01
   1.6888326e+02
   5.6307296e+02
   7.2141122e+02
   2.0796443e+02
   4.5893354e+02
   2.2324310e+00
   8.2777121e+02
   9.4353418e+01
   1.7985639e+02
   7.6232355e+02
   5.9153257e+02
   4.7232022e+02
   5.5384443e+02
   1.5938761e+02
   3.6759174e+02
   7.6064354e+02
   3.6805698e+02
   2.2783771e+02
   1.9898045e+02
   2.2010618e+02
  -2.2463635e+01
   5.7949346e+02
  -7.0100225e+01
   7.1081963e+02
   1.1154459e+02
   2.7272661e+02
   4.5166695e+02
   7.8053451e+01
   2.6109890e+02
   8.5382606e+02
   3.4017948e+02
   5.4402335e+02
   5.5210576e+02
   6.2682164e+02
   8.5965134e+02
   1.1932402e+02
   2.6304369e+02
   2.2948243e+02
   3.7782519e+02
   3.6291006e+02
   4.8643251e+02
   2.4465257e+02
   9.0359063e+02
   4.8335552e+02
   5.6089244e+02
   8.7888186e+02
   4.1597752e+02
   9.2310553e+02
   3.3138539e+02
   3.3166042e+02
   4.6768811e+02
  -3.5797357e+01
   8.1689606e+02
   1.6847651e+02
   8.1016497e+02
   7.7332619e+02
   6.4584844e+02
   4.2693092e+02
   3.4684855e+02
   6.5973931e+02
   8.3166587e+02
   2.3115495e+02
   2.3320724e+02
   2.1284685e+02
   8.4459704e+02
   1.7170064e+02
   8.3114075e+02
   8.7285452e+02
  -1.6332042e+01
   1.4916563e+02
   7.4763095e+02
   2.2261278e+02
   2.3364846e+01
   3.3375901e+01
   8.6170526e+02
   1.3964005e+02
  -6.8327806e+01
   6.8007966e+02
   5.5951790e+02
   6.6429755e+02
   3.2083529e+02
   2.4500068e+02
   9.0453968e+02
   6.3891614e+02
   5.5419633e+02
   7.5833901e+02
   1.4846517e+02
   8.8590839e+02
   1.8358460e+02
   7.0267194e+02
   4.3198417e+02
   8.5818849e+02
   2.9267917e+02
   7.4990677e+01
  -6.1483104e+01
   2.8712080e+02
  -4.0189476e+01
   5.4037194e+02
   4.6654064e+02
  -6.5639289e+01
   7.2119475e+00
   8.3100519e+02
   4.3269268e+02
   8.0526141e+02
   5.1618608e+02
   8.8792750e+02
   4.7857887e+02
   4.3657632e+02
   3.8198629e+02
   1.8417772e+02
   4.7655416e+02
   6.4764491e+02
   2.3986578e+02
   1.5389901e+02
  -4.1601237e+01
   5.6026298e+02
   6.7387194e+02
   8.5070427e+01
   1.0436364e+02
   1.4572844e+02
   4.6185040e+02
   7.5234895e+02
   7.9549062e+02
   7.1193006e+01
   1.5197251e+02
   4.9756256e+02
   3.6794372e+02
   4.2519104e+02
   3.8032563e+02
   8.5596733e+02
   2.4248082e+02
   5.5062523e+02
   2.3890844e+02
   7.8518865e+02
   4.7230819e+02
   5.8318716e+02
   8.4428837e+01
   1.4446291e+02
   6.8804194e+02
   3.9507660e+02
   5.7751963e+02
   4.6485190e+02
   8.5016549e+02
   2.0465646e+02
   5.3028937e+02
   6.4533946e+02
   2.6766192e+01
   8.9066317e+02
   6.9428469e+02
  -6.5186190e+01
   3.5767679e+02
   4.7467266e+02
   4.0974919e+02
   4.0612304e+02
   3.0852398e+02
   5.6008015e+02
   2.1137704e+02
   5.1762952e+01
   3.2219355e+02
   6.0742230e+01
   7.8732686e+01
   3.1053376e+02
   6.4451949e+02
   8.8806430e+02
   4.9434237e+02
   7.5768325e+02
   4.2945072e+02
   7.0195561e+01
   5.7169798e+02
   1.8506986e+02
  -2.1370817e+01
  -6.4055627e+01
  -3.7705605e+01
   7.1917667e+02
   4.1197248e+02
   8.6635745e+02
   4.5615338e+02
   2.7829829e+02
   8.8430440e+02
   8.0503327e+02
   1.0674074e+02
   7.0371214e+02
   5.2848257e+02
   4.2442306e+02
   2.9799034e+02
   5.4504264e+01
   1.9372154e+02
   3.9737287e+02
   2.8576382e+02
   7.5617011e+02
   1.3568815e+02
   3.3609088e+02
   4.3993277e+02
   2.6142065e+02
  -7.3425047e+01
   5.7258085e+02
   4.5548738e+02
   2.4725996e+02
   5.2407786e+02
   8.6393827e+02
  -5.7914217e+01
   5.6772930e+02
   9.0543420e+02
   8.9856481e+02
   3.1557929e+02
   5.2495035e+02
  -3.7728663e+01
   4.0241893e+02
   6.9001913e+02
   6.4047952e+02
   2.2479036e+02
  -7.9034088e+01
   8.6275422e+02
  -5.1266525e+01
   9.0307111e+02
   6.1619647e+01
   7.4948249e+02
   2.3340076e+02
   4.6364903e+02
   3.5911103e+02
   2.7185843e+02
   5.1250212e+02
   3.1351805e+02
   3.7817110e+02
   6.7283612e+02
  -1.7916684e+01
   6.3271705e+02
   4.7706003e+02
   8.3025952e+02
   7.9994087e+01
   8.7429638e+00
   2.1262217e+02
   7.7813429e+01
  -4.0344461e+01
   6.5839572e+02
   3.3937210e+02
   7.0250822e+02
   2.8977153e+01
   7.1008445e+02
   5.0461664e+02
   6.0376729e+02
  -3.5813536e+01
  -5.0351156e+01
   3.5227101e+02
   4.0959467e+02
   1.9514914e+02
   7.8275415e+02
   8.5820392e+00
   2.4763385e+02
   1.5678727e+02
   3.5175698e+02
   5.9600092e+02
   4.6122980e+02
   3.1735255e+02
   8.4075091e+02
   5.7010925e+02
   6.2864741e+02
   5.5944465e+02
   1.8554710e+02
   6.0741642e+02
   8.6051415e+02
   6.6344294e+02
   1.2153278e+01
   7.9132905e+02
   1.3867410e+02
   4.4138559e+02
   8.9040079e+02
   5.6235323e+02
   9.1579579e+02
   2.3988955e+01
   9.0788657e+02
   4.1538221e+02
   2.9439729e+02
   9.2459288e+02
   2.3197622e+02
   5.5048975e+02
   7.3739957e+01
  -6.4263525e+01
   2.7048475e+02
   5.9630532e+02
   5.4085742e+01
   4.2681964e+02
   1.5160916e+02
   5.4861666e+02
   8.4745036e+02
   5.0934448e+02
   6.6514732e+02
   6.7334415e+02
   8.3542392e+02
   2.2321816e+02
   8.5112075e+02
   6.1476031e+02
   4.5260471e+01
   8.7507986e+02
   6.7099624e+02
  -7.0695736e+01
   2.3514098e+02
  -6.2735538e+01
   1.3321428e+02
   5.6297241e+02
   2.4408059e+02
   2.3716122e+02
   6.9193536e+02
   3.0044408e+02
   7.2448176e+02
   7.7117017e+02
  -6.4372466e+01
   8.8297598e+02
   1.2242353e+01
   8.0062827e+02
   4.7087772e+02
   8.2131144e+02
   8.6438044e+00
   4.8721480e+02
   5.2499022e+02
   2.1780367e+02
   8.4497314e+02
   2.9440609e+01
   8.8918530e+02
   1.0862011e+01
   6.4660281e+02
   8.5058153e+02
   3.1006866e+02
   8.3183028e+02
  -7.5864612e+01
   5.7503216e+02
   3.9658442e+02
   5.2459938e+02
   5.4359527e+02
   9.2749996e+02
   1.6375844e+01
   6.3982808e+02
   7.0613097e+02
   6.5155049e+02
   2.8217082e+02
   7.9089775e+01
   8.0412768e+02
   6.9908602e+02
   5.2211064e+01
   1.6324051e+02
   8.6217907e+02
   3.0847342e+02
   5.6435660e+02
   6.4240674e+02
   4.5900057e+02
   8.6246992e+01
   1.2609449e+02
   6.4908460e+02
   6.2504057e+02
   8.6871506e+02
   5.4954769e+01
   3.6144897e+02
   8.2331037e+02
   4.8498800e+02
   5.8857081e+02
   3.3212511e+02
   1.0989763e+02
  -6.7827318e+01
   5.9266526e+02
   7.3259408e+02
   3.3235010e+02
   3.4864204e+02
   7.9496494e+02
   2.0588905e+02
   6.1710214e+02
   7.9094840e+02
   8.3090839e+02
   1.6166778e+02
   7.4770323e+02
   7.5309262e+01
   8.1697995e+02
   1.5207778e+02
   7.3663117e+02
   6.8087555e+02
   5.6431491e+02
   4.7482335e+02
   2.1025703e+02
   4.4839942e+02
   5.1047978e+02
   7.8128808e+02
   2.1379772e+02
   9.6104664e+01
   4.7409521e+02
   7.1299006e+02
   1.6671328e+02
   1.7535917e+02
   2.0182099e+02
   6.0864832e-01
   9.1376653e+02
   5.5293676e+02
   5.6155594e+01
   9.1247083e+02
   6.1193076e+01
   7.8863550e+02
   2.6567624e+02
   9.2296826e+02
   2.4412824e+02
   1.9372696e+02
  -6.3215340e+01
   8.1288592e+02
  -2.7789471e+01
   5.8151534e+02
   5.0395764e+02
   8.4965634e+02
   8.1796352e+02
   6.3973651e+02
   8.8500258e+02
   5.5578577e+02
   1.4401585e+02
   8.5130573e+02
  -5.0960360e+01
   1.3096724e+02
   5.1140880e+02
   6.5099731e+02
   7.8659523e+02
   5.6651415e+02
   7.5020426e+02
   1.2436123e+02
   8.8847001e+02
   1.8962900e+02
   5.1977621e+02
   7.5327952e+02
   8.2063441e+02
   2.1911958e+02
  -2.9342275e+01
   4.6843719e+02
   2.4006514e+02
   7.8671960e+02
   3.9500405e+02
   6.0728144e+02
   2.2894339e+02
   7.5060743e+02
   2.2505093e+02
  -4.9051279e+01
   7.2768479e+02
   9.2135002e+02
  -1.8009821e+01
   6.7061794e+01
   7.5850932e+02
   7.4602282e+02
   6.0358891e+02
   1.7338576e+02
   8.6677285e+02
   3.2217079e+02
  -2.7918282e+01
   1.4000264e+02
   4.1774834e+02
   3.9865565e+02
   2.0809542e+02
   3.7277409e+02
   9.0458940e+02
   5.7382140e+02
   1.4990439e+02
   7.6154100e+02
   8.4236039e+01
   3.4663583e+02
   1.2264996e+02
   3.9600769e+02
   2.2033080e+02
   9.0647695e+02
   4.1166631e+02
   4.4592158e+02
   6.2398216e+02
   5.3895858e+02
   8.9719354e+02
   4.1829418e+02
   8.0978415e+02
  -1.4698455e+01
   2.6039175e+02
   7.6515941e+02
   1.0784638e+02
   9.2448700e+02
  -6.6361330e+01
   5.6748425e+02
   9.1972055e+01
   4.1537972e+02
   5.5475737e+02
   4.0366791e+02
   6.2896170e+02
   6.5127185e+02
   1.5897878e+02
   8.1800719e+02
   3.5608869e+02
   2.2644138e+02
   4.4653056e+00
   9.2661262e+02
   2.5535874e+02
   6.3210452e+02
   1.1297841e+02
   5.7901120e+02
   1.1018595e+02
   4.3333095e+02
   8.6478513e+02
  -9.6592933e+00
   1.7611207e+02
   7.2001317e+02
   8.3085123e+02
   5.1334680e+01
   2.5829579e+02
   7.7037097e+02
   2.0967475e+01
   6.2559166e+02
   1.6769245e+02
   2.8826749e+02
   5.2498879e+01
   4.1776760e+02
   5.7949562e+02
   5.7896345e+02
   6.9320010e+02
   8.2525782e+02
   7.4915044e+02
  -1.5903135e+01
   3.3769578e+02
  -9.3200357e+00
   3.1972194e+02
   4.4277576e+02
  -3.2712828e+01
   7.8291978e+02
   7.1877241e+02
   4.3133766e+02
   2.8369226e+02
  -7.1458011e+00
   2.6472376e+02
   1.0331811e+02
   4.7176324e+02
   7.7982095e+02
   3.9921481e+02
   6.3342446e+02
   6.0620906e+02
   2.9124996e+02
   2.2291009e+01
   5.9043327e+02
   7.0123898e+02
   6.3080113e+02
   7.9302196e+02
   7.3377041e+02
   9.2602495e+02
   8.4208602e+02
   1.6674441e+02
   1.7990887e+01
   1.4211967e+02
   3.3561240e+02
   4.8071309e+02
   8.2489955e+02
  -9.9810577e+00
   7.8165981e+02
   8.4500763e+02
   1.3695056e+02
   7.3275671e+02
  -1.1205141e+00
   4.7793761e+02
   6.5337279e+02
   3.5626096e+02
   4.2592045e+02
   1.1847485e+02
   6.4499370e+02
   6.7875421e+01
   6.7911502e+02
   7.7863478e+01
   1.9011959e+02
   6.0389715e+02
   2.7628619e+02
   9.0245008e+02
   4.9995325e+02
   1.1159336e+02
  -3.0327468e+01
   8.3851404e+02
   1.4174024e+00
   5.1565998e+02
   6.5208883e+02
   6.1503026e+02
   8.1487407e+02
   5.3066028e+02
   5.0497813e+01
   2.7942908e+02
   2.3546443e+02
   1.4178019e+02
   5.3798841e+02
   6.4509294e+02
   2.8249365e+02
   2.2736724e+02
   6.2870858e+02
   2.9273345e+02
   3.5275056e+02
   7.3486680e+00
   8.8211588e+02
   4.3479681e+01
   1.9800951e+02
   1.5350284e+02
   7.0067993e+02
  -7.7071921e+01
   1.6698230e+02
   8.6032017e+02
   7.8695054e+02
   3.1104499e+02
   7.8639064e+02
  -5.6067908e+01
   9.0472394e+02
   4.2352590e+02
   8.2866315e+02
   1.5077584e+01
   6.1146303e+02
   2.0771273e+02
   6.0625760e+02
   5.0101834e+01
   4.9161185e+02
   8.0241518e+02
   1.0595830e+01
   8.2647770e+02
   6.5492531e+02
   3.0471536e+02
   2.3650351e+01
   5.0508964e+02
   6.2170706e+02
   6.7344608e+02
   4.7606353e+02
   5.8871071e+02
   7.6201466e+01
   3.4955943e+02
   8.7461391e+02
   4.5017604e+02
   8.4735849e+02
   3.4509363e+01
   4.6577354e+02
  -1.0609765e+01
   6.8695268e+02
   6.1019251e+02
   7.5187160e+02
   7.1688069e+02
   3.3882263e+02
  -6.1996857e+00
   6.2574862e+02
   4.9089821e+02
   5.1454065e+02
   4.5957886e+02
   7.7093195e+02
   8.2716632e+01
   6.1884435e+02
   1.5267113e+02
   8.0330533e+02
   4.5833141e+02
   3.0443234e+02
   1.4743827e+02
   6.4311133e+02
   2.4464504e+02
   6.8076645e+02
   7.8435219e+02
   1.9472648e+02
   3.7782767e+02
  -7.5582385e+01
   2.7762715e+02
   1.3102430e+02
   6.0800310e+02
   1.7378036e+02
   3.6144873e+02
   2.1586631e+02
   9.1040506e+02
   4.4999406e+02
   6.1493784e+02
   4.4456677e+02
   2.6164717e+02
   1.4504429e+02
   1.8832933e+02
   3.6174240e+02
   5.9087627e+02
   1.8614375e+02
  -1.1175373e+01
   8.7430817e+01
   3.5322989e+02
  -7.5514428e+01
   5.1124865e+01
   4.9381765e+02
   5.1659574e+02
   2.6327276e+02
   3.8628643e+02
  -3.6960186e+01
  -4.7347746e+01
   7.8502071e+02
   6.7211209e+02
   5.1023368e+02
   3.4898397e+02
   2.6811046e+02
   4.0934998e+02
   3.5923046e+01
   9.2193143e+01
   6.1720489e+02
   4.9304995e+02
   8.0248870e+02
   1.3310582e+02
   7.5833342e+02
   6.5708220e+02
   8.9909431e+02
   1.2996928e+02
   9.6775995e+01
   7.9363848e+02
   5.3193447e+02
   2.5344152e+02
   7.5475843e+02
  -2.3515410e+01
   3.6632298e+02
   7.2099772e+02
  -7.3106692e+01
   2.6684997e+01
   5.5930483e+02
   2.6504284e+02
   7.4974632e+02
   1.2318740e+02
   8.5013197e+02
  -5.2168877e+01
   1.2778545e+02
  -1.9316986e+01
   6.5031754e+01
   1.2109339e+02
   3.9034265e+02
   2.5206704e+02
   3.0658146e+02
   3.1478570e+02
   6.4195969e+01
   1.3595216e+02
   2.7821566e+02
   1.0247147e+02
   2.8385152e+02
   8.9953264e+02
   6.8184778e+02
   2.3452898e+02
   8.5370243e+01
   8.8969312e+02
   4.0389788e+02
   8.4993938e+01
   2.5979982e+02
   5.4275803e+02
   2.5931621e+02
   6.3341312e+00
   2.1036781e+00
   3.1902624e+02
   5.3384702e+02
   2.9409410e+02
   4.1806712e+02
   3.9150822e+02
  -3.2898837e+01
   3.6841041e+02
   8.9986092e+02
  -5.7133338e+01
   3.3823537e+02
   5.4257010e+02
   3.8129385e+02
   8.8223274e+02
   7.2395175e+02
   1.6749295e+02
   7.8855094e+02
   2.9648932e+02
   2.2997376e+02
   6.7733320e+02
   2.3435220e+02
   2.3420237e+01
   5.2131735e+02
   3.1515490e+02
   6.4288889e+02
   7.6520997e+02
   1.4869651e+02
  -4.0266288e+01
   3.2662307e+02
   6.9767801e+02
   7.5838586e+02
   7.0553439e+02
   2.2636369e+02
   2.0250062e+02
   2.2423624e+02
   5.8379859e+02
   7.1425926e+02
   7.1498818e+02
   6.2931892e+02
   3.7640166e+02
   5.9181235e+01
   1.7008734e+02
   5.2295538e+02
   8.1998711e+02
   8.7383044e+02
   8.3673966e+02
   1.0455699e+02
   9.0443938e+02
   2.4191658e+02
   5.1605122e+02
   3.4453298e+02
   1.0987991e+02
   5.6875519e+02
   8.1510957e+02
   1.6478818e+02
   1.3116690e+02
   4.5861328e+02
   3.1730158e+02
   2.5392325e+02
   4.5521236e+02
  -2.4731279e+01
   7.0240825e+02
  -7.2268805e+01
   7.3629027e+02
   7.5461734e+02
   2.7192057e+02
  -4.8033226e+01
   1.3344108e+02
   7.5665878e+02
   1.9912964e+01
   4.4542878e+02
   2.0631122e+02
   1.5362090e+02
   5.6534827e+02
   2.0923076e+02
   8.7622201e+02
   3.3103206e+02
   6.7174075e+02
   6.1934188e+02
   2.8372526e+02
   3.4831709e+02
   3.9521028e+02
   4.6686657e+02
   5.5736537e+02
   5.3696061e+02
   8.0652511e+02
   4.6317934e+02
  -3.6189836e+01
   1.6702369e+02
   3.6701663e+02
   5.8056704e+01
   7.5008370e+02
   4.8016006e+02
   2.4670075e+02
   1.2646564e+02
   7.0881327e+02
  -5.8154037e+01
   5.3240957e+02
   6.8501910e+02
   3.8654030e+02
   8.6240489e+02
  -2.6391032e+01
   6.1190115e+01
   4.8384297e+02
   5.1099201e+02
   2.9606273e+02
   5.5369833e+02
   9.0197851e+02
   6.4830362e+02
   7.8061981e+02
   6.3505516e+02
   8.0396837e+02
   6.2996181e+02
   4.2156340e+02
   2.8012970e+02
   3.2862431e+02
   5.2299297e+02
   3.6763005e+02
   6.1769628e+02
   7.8530940e+02
   5.3905258e+02
   4.6370501e+02
   2.1907129e+02
   6.4185694e+02
   3.0631544e+02
   6.2707171e+02
   6.0463003e+02
   5.5105928e+01
   6.6729318e+02
   4.6702712e+02
   5.4406528e+02
   1.3186741e+02
   3.6675584e+02
   8.7293834e+02
  -6.5086053e+01
   6.2690253e+02
   3.3886540e+01
   4.8033405e+02
   7.5922202e+01
  -7.3797090e-01
   1.0834986e+02
   8.4679865e+02
   3.2937997e+02
   3.6952492e+02
   5.8933564e+02
   7.0179956e+02
   6.5777834e+02
   2.3524360e+02
  -6.6759251e+01
   1.5404697e+02
   1.3606323e+02
   7.7379799e+02
   7.2242031e+02
   2.4759209e+02
   6.3959204e+01
   4.7467516e+02
   1.3780943e+02
   8.2929322e+02
   8.6073456e+02
   6.5727194e+02
   6.3551397e+02
   4.7344551e+01
   5.0463684e+02
   8.4754400e+02
   6.2848875e+02
   4.3141163e+02
   9.6134184e+01
   3.9385922e+02
   4.8552896e+02
   8.3662378e+02
   6.9960047e+02
   5.9425191e+02
   1.6704349e+01
   3.7305460e+02
   6.3974165e+02
   4.4274588e+02
   8.9412014e+02
   1.1941102e+02
   4.0683591e+02
   3.6925054e+02
   2.0443547e+02
   4.4905291e+02
   6.5561562e+02
   2.1609153e+02
   7.0158328e+02
   3.6175355e+02
   7.4838612e+02
   3.5193960e+02
   2.7281744e+02
   9.0494088e+02
   7.1419226e+02
   2.4570357e+02
   2.0460487e+01
   1.8391688e+02
   1.0091393e+02
   8.7888865e+02
   8.5474034e+01
   6.5919397e+02
   2.6030323e+02
   3.7989735e+02
   4.0702444e+02
   6.6453273e+02
   4.8213496e+02
   1.1329670e+02
   2.5950224e+02
   3.3624140e+02
   3.3410843e+02
   8.2008651e+02
   5.6272791e+02
   3.1092036e+02
   1.5508888e+02
   6.3696612e+02
   2.0323777e+02
   8.1095417e+02
   7.0614235e+02
   6.4025030e+02
   7.9173334e+01
   7.9215933e+02
   7.7299321e+01
   8.7172501e+02
   5.4541228e+02
   6.5817161e+02
   1.8901878e+02
   6.5028288e+02
  -5.1519971e+01
   8.0799698e+02
   2.7906570e+02
   5.4661237e+02
   5.6521764e+02
   4.5020865e+02
   9.2849731e+02
   6.3100991e+02
   1.5018966e+02
   5.2058280e+02
   5.0180591e+02
   4.4602263e+02
  -2.1884168e+01
   8.2262391e+02
   1.2133057e+02
   6.8251586e+02
   8.5880520e+02
   5.2083511e+01
   6.9115057e+02
   8.3733087e+02
   4.6711390e+02
   1.6258437e+02
  -1.9895317e+01
   6.4873957e+02
   2.1797218e+02
   6.0275877e+02
   8.1329893e+02
   6.2356704e+02
   2.4259908e+02
  -1.0403125e+01
   2.3673767e+02
  -1.7165692e+01
   3.2747339e+02
   6.9333463e+02
   7.8122677e+02
   4.8729344e+02
   3.4897954e+01
   5.8121995e+02
   7.6875364e+02
   7.1711469e+02
   6.5927735e+02
   4.0449381e+02
   3.6376768e+01
   1.6888326e+02
   5.6307296e+02
   7.2141122e+02
   2.0796443e+02
   4.5893354e+02
   2.2324310e+00
   8.2777121e+02
   9.4353418e+01
   1.7985639e+02
   7.6232355e+02
   5.9153257e+02
   4.7232022e+02
   5.5384443e+02
   1.5938761e+02
   3.6759174e+02
   7.6064354e+02
   3.6805698e+02
   2.2783771e+02
   1.9898045e+02
   2.2010618e+02
  -2.2463635e+01
   5.7949346e+02
  -7.0100225e+01
   7.1081963e+02
   1.1154459e+02
   2.7272661e+02
   4.5166695e+02
   7.8053451e+01
   2.6109890e+02
   8.5382606e+02
   3.4017948e+02
   5.4402335e+02
   5.5210576e+02
   6.2682164e+02
   8.5965134e+02
   1.1932402e+02
   2.6304369e+02
   2.2948243e+02
   3.7782519e+02
   3.6291006e+02
   4.8643251e+02
   2.4465257e+02
   9.0359063e+02
   4.8335552e+02
   5.6089244e+02
   8.7888186e+02
   4.1597752e+02
   9.2310553e+02
   3.3138539e+02
   3.3166042e+02
   4.6768811e+02
  -3.5797357e+01
   8.1689606e+02
   1.6847651e+02
   8.1016497e+02
   7.7332619e+02
   6.4584844e+02
   4.2693092e+02
   3.4684855e+02
   6.5973931e+02
   8.3166587e+02
   2.3115495e+02
   2.3320724e+02
   2.1284685e+02
   8.4459704e+02
   1.7170064e+02
   8.3114075e+02
   8.7285452e+02
  -1.6332042e+01
   1.4916563e+02
   7.4763095e+02
   2.2261278e+02
   2.3364846e+01
   3.3375901e+01
   8.6170526e+02
   1.3964005e+02
  -6.8327806e+01
   6.8007966e+02
   5.5951790e+02
   6.6429755e+02
   3.2083529e+02
   2.4500068e+02
   9.0453968e+02
   6.3891614e+02
   5.5419633e+02
   7.5833901e+02
   1.4846517e+02
   8.8590839e+02
   1.8358460e+02
   7.0267194e+02
   4.3198417e+02
   8.5818849e+02
   2.9267917e+02
   7.4990677e+01
  -6.1483104e+01
   2.8712080e+02
  -4.0189476e+01
   5.4037194e+02
   4.6654064e+02
  -6.5639289e+01
   7.2119475e+00
   8.3100519e+02
   4.3269268e+02
   8.0526141e+02
   5.1618608e+02
   8.8792750e+02
   4.7857887e+02
   4.3657632e+02
   3.8198629e+02
   1.8417772e+02
   4.7655416e+02
   6.4764491e+02
   2.3986578e+02
   1.5389901e+02
  -4.1601237e+01
   5.6026298e+02
   6.7387194e+02
   8.5070427e+01
   1.0436364e+02
   1.4572844e+02
   4.6185040e+02
   7.5234895e+02
   7.9549062e+02
   7.1193006e+01
   1.5197251e+02
   4.9756256e+02
   3.6794372e+02
   4.2519104e+02
   3.8032563e+02
   8.5596733e+02
   2.4248082e+02
   5.5062523e+02
   2.3890844e+02
   7.8518865e+02
   4.7230819e+02
   5.8318716e+02
   8.4428837e+01
   1.4446291e+02
   6.8804194e+02
   3.9507660e+02
   5.7751963e+02
   4.6485190e+02
   8.5016549e+02
   2.0465646e+02
   5.3028937e+02
   6.4533946e+02
   2.6766192e+01
   8.9066317e+02
   6.9428469e+02
  -6.5186190e+01
   3.5767679e+02
   4.7467266e+02
   4.0974919e+02
   4.0612304e+02
   3.0852398e+02
   5.6008015e+02
   2.1137704e+02
   5.1762952e+01
   3.2219355e+02
   6.0742230e+01
   7.8732686e+01
   3.1053376e+02
   6.4451949e+02
   8.8806430e+02
   4.9434237e+02
   7.5768325e+02
   4.2945072e+02
   7.0195561e+01
   5.7169798e+02
   1.8506986e+02
  -2.1370817e+01
  -6.4055627e+01
  -3.7705605e+01
   7.1917667e+02
   4.1197248e+02
   8.6635745e+02
   4.5615338e+02
   2.7829829e+02
   8.8430440e+02
   8.0503327e+02
   1.0674074e+02
   7.0371214e+02
   5.2848257e+02
   4.2442306e+02
   2.9799034e+02
   5.4504264e+01
   1.9372154e+02
   3.9737287e+02
   2.8576382e+02
   7.5617011e+02
   1.3568815e+02
   3.3609088e+02
   4.3993277e+02
   2.6142065e+02
  -7.3425047e+01
   5.7258085e+02
   4.5548738e+02
   2.4725996e+02
   5.2407786e+02
   8.6393827e+02
  -5.7914217e+01
   5.6772930e+02
   9.0543420e+02
   8.9856481e+02
   3.1557929e+02
   5.2495035e+02
  -3.7728663e+01
   4.0241893e+02
   6.9001913e+02
   6.4047952e+02
   2.2479036e+02
  -7.9034088e+01
   8.6275422e+02
  -5.1266525e+01
   9.0307111e+02
   6.1619647e+01
   7.4948249e+02
   2.3340076e+02
   4.6364903e+02
   3.5911103e+02
   2.7185843e+02
   5.1250212e+02
   3.1351805e+02
   3.7817110e+02
   6.7283612e+02
  -1.7916684e+01
   6.3271705e+02
   4.7706003e+02
   8.3025952e+02
   7.9994087e+01
   8.7429638e+00
   2.1262217e+02
   7.7813429e+01
  -4.0344461e+01
   6.5839572e+02
   3.3937210e+02
   7.0250822e+02
   2.8977153e+01
   7.1008445e+02
   5.0461664e+02
   6.0376729e+02
  -3.5813536e+01
  -5.0351156e+01
   3.5227101e+02
   4.0959467e+02
   1.9514914e+02
   7.8275415e+02
   8.5820392e+00
   2.4763385e+02
   1.5678727e+02
   3.5175698e+02
   5.9600092e+02
   4.6122980e+02
   3.1735255e+02
   8.4075091e+02
   5.7010925e+02
   6.2864741e+02
   5.5944465e+02
   1.8554710e+02
   6.0741642e+02
   8.6051415e+02
   6.6344294e+02
   1.2153278e+01
   7.9132905e+02
   1.3867410e+02
   4.4138559e+02
   8.9040079e+02
   5.6235323e+02
   9.1579579e+02
   2.3988955e+01
   9.0788657e+02
   4.1538221e+02
   2.9439729e+02
   9.2459288e+02
   2.3197622e+02
   5.5048975e+02
   7.3739957e+01
  -6.4263525e+01
   2.7048475e+02
   5.9630532e+02
   5.4085742e+01
   4.2681964e+02
   1.5160916e+02
   5.4861666e+02
   8.4745036e+02
   5.0934448e+02
   6.6514732e+02
   6.7334415e+02
   8.3542392e+02
   2.2321816e+02
   8.5112075e+02
   6.1476031e+02
   4.5260471e+01
   8.7507986e+02
   6.7099624e+02
  -7.0695736e+01
   2.3514098e+02
  -6.2735538e+01
   1.3321428e+02
   5.6297241e+02
   2.4408059e+02
   2.3716122e+02
   6.9193536e+02
   3.0044408e+02
   7.2448176e+02
   7.7117017e+02
  -6.4372466e+01
   8.8297598e+02
   1.2242353e+01
   8.0062827e+02
   4.7087772e+02
   8.2131144e+02
   8.6438044e+00
   4.8721480e+02
   5.2499022e+02
   2.1780367e+02
   8.4497314e+02
   2.9440609e+01
   8.8918530e+02
   1.0862011e+01
   6.4660281e+02
   8.5058153e+02
   3.1006866e+02
   8.3183028e+02
  -7.5864612e+01
   5.7503216e+02
   3.9658442e+02
   5.2459938e+02
   5.4359527e+02
   9.2749996e+02
   1.6375844e+01
   6.3982808e+02
   7.0613097e+02
   6.5155049e+02
   2.8217082e+02
   7.9089775e+01
   8.0412768e+02
   6.9908602e+02
   5.2211064e+01
   1.6324051e+02
   8.6217907e+02
   3.0847342e+02
   5.6435660e+02
   6.4240674e+02
   4.5900057e+02
   8.6246992e+01
   1.2609449e+02
   6.4908460e+02
   6.2504057e+02
   8.6871506e+02
   5.4954769e+01
   3.6144897e+02
   8.2331037e+02
   4.8498800e+02
   5.8857081e+02
   3.3212511e+02
   1.0989763e+02
  -6.7827318e+01
   5.9266526e+02
   7.3259408e+02
   3.3235010e+02
   3.4864204e+02
   7.9496494e+02
   2.0588905e+02
   6.1710214e+02
   7.9094840e+02
   8.3090839e+02
   1.6166778e+02
   7.4770323e+02
   7.5309262e+01
   8.1697995e+02
   1.5207778e+02
   7.3663117e+02
   6.8087555e+02
   5.6431491e+02
   4.7482335e+02
   2.1025703e+02
   4.4839942e+02
   5.1047978e+02
   7.8128808e+02
   2.1379772e+02
   9.6104664e+01
   4.7409521e+02
   7.1299006e+02
   1.6671328e+02
   1.7535917e+02
   2.0182099e+02
   6.0864832e-01
   9.1376653e+02
   5.5293676e+02
   5.6155594e+01
   9.1247083e+02
   6.1193076e+01
   7.8863550e+02
   2.6567624e+02
   9.2296826e+02
   2.4412824e+02
   1.9372696e+02
  -6.3215340e+01
   8.1288592e+02
  -2.7789471e+01
   5.8151534e+02
   5.0395764e+02
   8.4965634e+02
   8.1796352e+02
   6.3973651e+02
   8.8500258e+02
   5.5578577e+02
   1.4401585e+02
   8.5130573e+02
  -5.0960360e+01
   1.3096724e+02
   5.1140880e+02
   6.5099731e+02
   7.8659523e+02
   5.6651415e+02
   7.5020426e+02
   1.2436123e+02
   8.8847001e+02
   1.8962900e+02
   5.1977621e+02
   7.5327952e+02
   8.2063441e+02
   2.1911958e+02
  -2.9342275e+01
   4.6843719e+02
   2.4006514e+02
   7.8671960e+02
   3.9500405e+02
   6.0728144e+02
   2.2894339e+02
   7.5060743e+02
   2.2505093e+02
  -4.9051279e+01
   7.2768479e+02
   9.2135002e+02
  -1.8009821e+01
   6.7061794e+01
   7.5850932e+02
   7.4602282e+02
   6.0358891e+02
   1.7338576e+02
   8.6677285e+02
   3.2217079e+02
  -2.7918282e+01
   1.4000264e+02
   4.1774834e+02
   3.9865565e+02
   2.0809542e+02
   3.7277409e+02
   9.0458940e+02
   5.7382140e+02
   1.4990439e+02
   7.6154100e+02
   8.4236039e+01
   3.4663583e+02
   1.2264996e+02
   3.9600769e+02
   2.2033080e+02
   9.0647695e+02
   4.1166631e+02
   4.4592158e+02
   6.2398216e+02
   5.3895858e+02
   8.9719354e+02
   4.1829418e+02
   8.0978415e+02
  -1.4698455e+01
   2.6039175e+02
   7.6515941e+02
   1.0784638e+02
   9.2448700e+02
  -6.6361330e+01
   5.6748425e+02
   9.1972055e+01
   4.1537972e+02
   5.5475737e+02
   4.0366791e+02
   6.2896170e+02
   6.5127185e+02
   1.5897878e+02
   8.1800719e+02
   3.5608869e+02
   2.2644138e+02
   4.4653056e+00
   9.2661262e+02
   2.5535874e+02
   6.3210452e+02
   1.1297841e+02
   5.7901120e+02
   1.1018595e+02
   4.3333095e+02
   8.6478513e+02
  -9.6592933e+00
   1.7611207e+02
   7.2001317e+02
   8.3085123e+02
   5.1334680e+01
   2.5829579e+02
   7.7037097e+02
   2.0967475e+01
   6.2559166e+02
   1.6769245e+02
   2.8826749e+02
   5.2498879e+01
   4.1776760e+02
   5.7949562e+02
   5.7896345e+02
   6.9320010e+02
   8.2525782e+02
   7.4915044e+02
  -1.5903135e+01
   3.3769578e+02
  -9.3200357e+00
   3.1972194e+02
   4.4277576e+02
  -3.2712828e+01
   7.8291978e+02
   7.1877241e+02
   4.3133766e+02
   2.8369226e+02
  -7.1458011e+00
   2.6472376e+02
   1.0331811e+02
   4.7176324e+02
   7.7982095e+02
   3.9921481e+02
   6.3342446e+02
   6.0620906e+02
   2.9124996e+02
   2.2291009e+01
   5.9043327e+02
   7.0123898e+02
   6.3080113e+02
   7.9302196e+02
   7.3377041e+02
   9.2602495e+02
   8.4208602e+02
   1.6674441e+02
   1.7990887e+01
   1.4211967e+02
   3.3561240e+02
   4.8071309e+02
   8.2489955e+02
  -9.9810577e+00
   7.8165981e+02
   8.4500763e+02
   1.3695056e+02
   7.3275671e+02
  -1.1205141e+00
   4.7793761e+02
   6.5337279e+02
   3.5626096e+02
   4.2592045e+02
   1.1847485e+02
   6.4499370e+02
   6.7875421e+01
   6.7911502e+02
   7.7863478e+01
   1.9011959e+02
   6.0389715e+02
   2.7628619e+02
   9.0245008e+02
   4.9995325e+02
   1.1159336e+02
  -3.0327468e+01
   8.3851404e+02
   1.4174024e+00
   5.1565998e+02
   6.5208883e+02
   6.1503026e+02
   8.1487407e+02
   5.3066028e+02
   5.0497813e+01
   2.7942908e+02
   2.3546443e+02
   1.4178019e+02
   5.3798841e+02
   6.4509294e+02
   2.8249365e+02
   2.2736724e+02
   6.2870858e+02
   2.9273345e+02
   3.5275056e+02
   7.3486680e+00
   8.8211588e+02
   4.3479681e+01
   1.9800951e+02
   1.5350284e+02
   7.0067993e+02
  -7.7071921e+01
   1.6698230e+02
   8.6032017e+02
   7.8695054e+02
   3.1104499e+02
   7.8639064e+02
  -5.6067908e+01
   9.0472394e+02
   4.2352590e+02
   8.2866315e+02
   1.5077584e+01
   6.1146303e+02
   2.0771273e+02
   6.0625760e+02
   5.0101834e+01
   4.9161185e+02
   8.0241518e+02
   1.0595830e+01
   8.2647770e+02
   6.5492531e+02
   3.0471536e+02
   2.3650351e+01
   5.0508964e+02
   6.2170706e+02
   6.7344608e+02
   4.7606353e+02
   5.8871071e+02
   7.6201466e+01
   3.4955943e+02
   8.7461391e+02
   4.5017604e+02
   8.4735849e+02
   3.4509363e+01
   4.6577354e+02
  -1.0609765e+01
   6.8695268e+02
   6.1019251e+02
   7.5187160e+02
   7.1688069e+02
   3.3882263e+02
  -6.1996857e+00
   6.2574862e+02
   4.9089821e+02
   5.1454065e+02
   4.5957886e+02
   7.7093195e+02
   8.2716632e+01
   6.1884435e+02
   1.5267113e+02
   8.0330533e+02
   4.5833141e+02
   3.0443234e+02
   1.4743827e+02
   6.4311133e+02
   2.4464504e+02
   6.8076645e+02
   7.8435219e+02
   1.9472648e+02
   3.7782767e+02
  -7.5582385e+01
   2.7762715e+02
   1.3102430e+02
   6.0800310e+02
   1.7378036e+02
   3.6144873e+02
   2.1586631e+02
   9.1040506e+02
   4.4999406e+02
   6.1493784e+02
   4.4456677e+02
   2.6164717e+02
   1.4504429e+02
   1.8832933e+02
   3.6174240e+02
   5.9087627e+02
   1.8614375e+02
  -1.1175373e+01
   8.7430817e+01
   3.5322989e+02
  -7.5514428e+01
   5.1124865e+01
   4.9381765e+02
   5.1659574e+02
   2.6327276e+02
   3.8628643e+02
  -3.6960186e+01
  -4.7347746e+01
   7.8502071e+02
   6.7211209e+02
   5.1023368e+02
   3.4898397e+02
   2.6811046e+02
   4.0934998e+02
   3.5923046e+01
   9.2193143e+01
   6.1720489e+02
   4.9304995e+02
   8.0248870e+02
   1.3310582e+02
   7.5833342e+02
   6.5708220e+02
   8.9909431e+02
   1.2996928e+02
   9.6775995e+01
   7.9363848e+02
   5.3193447e+02
   2.5344152e+02
   7.5475843e+02
  -2.3515410e+01
   3.6632298e+02
   7.2099772e+02
  -7.3106692e+01
   2.6684997e+01
   5.5930483e+02
   2.6504284e+02
   7.4974632e+02
   1.2318740e+02
   8.5013197e+02
  -5.2168877e+01
   1.2778545e+02
  -1.9316986e+01
   6.5031754e+01
   1.2109339e+02
   3.9034265e+02
   2.5206704e+02
   3.0658146e+02
   3.1478570e+02
   6.4195969e+01
   1.3595216e+02
   2.7821566e+02
   1.0247147e+02
   2.8385152e+02
   8.9953264e+02
   6.8184778e+02
   2.3452898e+02
   8.5370243e+01
   8.8969312e+02
   4.0389788e+02
   8.4993938e+01
   2.5979982e+02
   5.4275803e+02
   2.5931621e+02
   6.3341312e+00
   2.1036781e+00
   3.1902624e+02
   5.3384702e+02
   2.9409410e+02
   4.1806712e+02
   3.9150822e+02
  -3.2898837e+01
   3.6841041e+02
   8.9986092e+02
  -5.7133338e+01
   3.3823537e+02
   5.4257010e+02
   3.8129385e+02
   8.8223274e+02
   7.2395175e+02
   1.6749295e+02
   7.8855094e+02
   2.9648932e+02
   2.2997376e+02
   6.7733320e+02
   2.3435220e+02
   2.3420237e+01
   5.2131735e+02
   3.1515490e+02
   6.4288889e+02
   7.6520997e+02
   1.4869651e+02
  -4.0266288e+01
   3.2662307e+02
   6.9767801e+02
   7.5838586e+02
   7.0553439e+02
   2.2636369e+02
   2.0250062e+02
   2.2423624e+02
   5.8379859e+02
   7.1425926e+02
   7.1498818e+02
   6.2931892e+02
   3.7640166e+02
   5.9181235e+01
   1.7008734e+02
   5.2295538e+02
   8.1998711e+02
   8.7383044e+02
   8.3673966e+02
   1.0455699e+02
   9.0443938e+02
   2.4191658e+02
   5.1605122e+02
   3.4453298e+02
   1.0987991e+02
   5.6875519e+02
   8.1510957e+02
   1.6478818e+02
   1.3116690e+02
   4.5861328e+02
   3.1730158e+02
   2.5392325e+02
   4.5521236e+02
  -2.4731279e+01
   7.0240825e+02
  -7.2268805e+01
   7.3629027e+02
   7.5461734e+02
   2.7192057e+02
  -4.8033226e+01
   1.3344108e+02
   7.5665878e+02
   1.9912964e+01
   4.4542878e+02
   2.0631122e+02
   1.5362090e+02
   5.6534827e+02
   2.0923076e+02
   8.7622201e+02
   3.3103206e+02
   6.7174075e+02
   6.1934188e+02
   2.8372526e+02
   3.4831709e+02
   3.9521028e+02
   4.6686657e+02
   5.5736537e+02
   5.3696061e+02
   8.0652511e+02
   4.6317934e+02
  -3.6189836e+01
   1.6702369e+02
   3.6701663e+02
   5.8056704e+01
   7.5008370e+02
   4.8016006e+02
   2.4670075e+02
   1.2646564e+02
   7.0881327e+02
  -5.8154037e+01
   5.3240957e+02
   6.8501910e+02
   3.8654030e+02
   8.6240489e+02
  -2.6391032e+01
   6.1190115e+01
   4.8384297e+02
   5.1099201e+02
   2.9606273e+02
   5.5369833e+02
   9.0197851e+02
   6.4830362e+02
   7.8061981e+02
   6.3505516e+02
   8.0396837e+02
   6.2996181e+02
   4.2156340e+02
   2.8012970e+02
   3.2862431e+02
   5.2299297e+02
   3.6763005e+02
   6.1769628e+02
   7.8530940e+02
   5.3905258e+02
   4.6370501e+02
   2.1907129e+02
   6.4185694e+02
   3.0631544e+02
   6.2707171e+02
   6.0463003e+02
   5.5105928e+01
   6.6729318e+02
   4.6702712e+02
   5.4406528e+02
   1.3186741e+02
   3.6675584e+02
   8.7293834e+02
  -6.5086053e+01
   6.2690253e+02
   3.3886540e+01
   4.8033405e+02
   7.5922202e+01
  -7.3797090e-01
   1.0834986e+02
   8.4679865e+02
   3.2937997e+02
   3.6952492e+02
   5.8933564e+02
   7.0179956e+02
   6.5777834e+02
   2.3524360e+02
  -6.6759251e+01
   1.5404697e+02
   1.3606323e+02
   7.7379799e+02
   7.2242031e+02
   2.4759209e+02
   6.3959204e+01
   4.7467516e+02
   1.3780943e+02
   8.2929322e+02
   8.6073456e+02
   6.5727194e+02
   6.3551397e+02
   4.7344551e+01
   5.0463684e+02
   8.4754400e+02
   6.2848875e+02
   4.3141163e+02
   9.6134184e+01
   3.9385922e+02
   4.8552896e+02
   8.3662378e+02
   6.9960047e+02
   5.9425191e+02
   1.6704349e+01
   3.7305460e+02
   6.3974165e+02
   4.4274588e+02
   8.9412014e+02
   1.1941102e+02
   4.0683591e+02
   3.6925054e+02
   2.0443547e+02
   4.4905291e+02
   6.5561562e+02
   2.1609153e+02
   7.0158328e+02
   3.6175355e+02
   7.4838612e+02
   3.5193960e+02
   2.7281744e+02
   9.0494088e+02
   7.1419226e+02
   2.4570357e+02
   2.0460487e+01
   1.8391688e+02
   1.0091393e+02
   8.7888865e+02
   8.5474034e+01
   6.5919397e+02
   2.6030323e+02
   3.7989735e+02
   4.0702444e+02
   6.6453273e+02
   4.8213496e+02
   1.1329670e+02
   2.5950224e+02
   3.3624140e+02
   3.3410843e+02
   8.2008651e+02
   5.6272791e+02
   3.1092036e+02
   1.5508888e+02
   6.3696612e+02
   2.0323777e+02
   8.1095417e+02
   7.0614235e+02
   6.4025030e+02
   7.9173334e+01
   7.9215933e+02
   7.7299321e+01
   8.7172501e+02
   5.4541228e+02
   6.5817161e+02
   1.8901878e+02
   6.5028288e+02
  -5.1519971e+01
   8.0799698e+02
   2.7906570e+02
   5.4661237e+02
   5.6521764e+02
   4.5020865e+02
   9.2849731e+02
   6.3100991e+02
   1.5018966e+02
   5.2058280e+02
   5.0180591e+02
   4.4602263e+02
  -2.1884168e+01
   8.2262391e+02
   1.2133057e+02
   6.8251586e+02
   8.5880520e+02
   5.2083511e+01
   6.9115057e+02
   8.3733087e+02
   4.6711390e+02
   1.6258437e+02
  -1.9895317e+01
   6.4873957e+02
   2.1797218e+02
   6.0275877e+02
   8.1329893e+02
   6.2356704e+02
   2.4259908e+02
  -1.0403125e+01
   2.3673767e+02
  -1.7165692e+01
   3.2747339e+02
   6.9333463e+02
   7.8122677e+02
   4.8729344e+02
   3.4897954e+01
   5.8121995e+02
   7.6875364e+02
   7.1711469e+02
   6.5927735e+02
   4.0449381e+02
   3.6376768e+01
   1.6888326e+02
   5.6307296e+02
   7.2141122e+02
   2.0796443e+02
   4.5893354e+02
   2.2324310e+00
   8.2777121e+02
   9.4353418e+01
   1.7985639e+02
   7.6232355e+02
   5.9153257e+02
   4.7232022e+02
   5.5384443e+02
   1.5938761e+02
   3.6759174e+02
   7.6064354e+02
   3.6805698e+02
   2.2783771e+02
   1.9898045e+02
   2.2010618e+02
  -2.2463635e+01
   5.7949346e+02
  -7.0100225e+01
   7.1081963e+02
   1.1154459e+02
   2.7272661e+02
   4.5166695e+02
   7.8053451e+01
   2.6109890e+02
   8.5382606e+02
   3.4017948e+02
   5.4402335e+02
   5.5210576e+02
   6.2682164e+02
   8.5965134e+02
   1.1932402e+02
   2.6304369e+02
   2.2948243e+02
   3.7782519e+02
   3.6291006e+02
   4.8643251e+02
   2.4465257e+02
   9.0359063e+02
   4.8335552e+02
   5.6089244e+02
   8.7888186e+02
   4.1597752e+02
   9.2310553e+02
   3.3138539e+02
   3.3166042e+02
   4.6768811e+02
  -3.5797357e+01
   8.1689606e+02
   1.6847651e+02
   8.1016497e+02
   7.7332619e+02
   6.4584844e+02
   4.2693092e+02
   3.4684855e+02
   6.5973931e+02
   8.3166587e+02
   2.3115495e+02
   2.3320724e+02
   2.1284685e+02
   8.4459704e+02
   1.7170064e+02
   8.3114075e+02
   8.7285452e+02
  -1.6332042e+01
   1.4916563e+02
   7.4763095e+02
   2.2261278e+02
   2.3364846e+01
   3.3375901e+01
   8.6170526e+02
   1.3964005e+02
  -6.8327806e+01
   6.8007966e+02
   5.5951790e+02
   6.6429755e+02
   3.2083529e+02
   2.4500068e+02
   9.0453968e+02
   6.3891614e+02
   5.5419633e+02
   7.5833901e+02
   1.4846517e+02
   8.8590839e+02
   1.8358460e+02
   7.0267194e+02
   4.3198417e+02
   8.5818849e+02
   2.9267917e+02
   7.4990677e+01
  -6.1483104e+01
   2.8712080e+02
  -4.0189476e+01
   5.4037194e+02
   4.6654064e+02
  -6.5639289e+01
   7.2119475e+00
   8.3100519e+02
   4.3269268e+02
   8.0526141e+02
   5.1618608e+02
   8.8792750e+02
   4.7857887e+02
   4.3657632e+02
   3.8198629e+02
   1.8417772e+02
   4.7655416e+02
   6.4764491e+02
   2.3986578e+02
   1.5389901e+02
  -4.1601237e+01
   5.6026298e+02
   6.7387194e+02
   8.5070427e+01
   1.0436364e+02
   1.4572844e+02
   4.6185040e+02
   7.5234895e+02
   7.9549062e+02
   7.1193006e+01
   1.5197251e+02
   4.9756256e+02
   3.6794372e+02
   4.2519104e+02
   3.8032563e+02
   8.5596733e+02
   2.4248082e+02
   5.5062523e+02
   2.3890844e+02
   7.8518865e+02
   4.7230819e+02
   5.8318716e+02
   8.4428837e+01
   1.4446291e+02
   6.8804194e+02
   3.9507660e+02
   5.7751963e+02
   4.6485190e+02
   8.5016549e+02
   2.0465646e+02
   5.3028937e+02
   6.4533946e+02
   2.6766192e+01
   8.9066317e+02
   6.9428469e+02
  -6.5186190e+01
   3.5767679e+02
   4.7467266e+02
   4.0974919e+02
   4.0612304e+02
   3.0852398e+02
   5.6008015e+02
   2.1137704e+02
   5.1762952e+01
   3.2219355e+02
   6.0742230e+01
   7.8732686e+01
   3.1053376e+02
   6.4451949e+02
   8.8806430e+02
   4.9434237e+02
   7.5768325e+02
   4.2945072e+02
   7.0195561e+01
   5.7169798e+02
   1.8506986e+02
  -2.1370817e+01
  -6.4055627e+01
  -3.7705605e+01
   7.1917667e+02
   4.1197248e+02
   8.6635745e+02
   4.5615338e+02
   2.7829829e+02
   8.8430440e+02
   8.0503327e+02
   1.0674074e+02
   7.0371214e+02
   5.2848257e+02
   4.2442306e+02
   2.9799034e+02
   5.4504264e+01
   1.9372154e+02
   3.9737287e+02
   2.8576382e+02
   7.5617011e+02
   1.3568815e+02
   3.3609088e+02
   4.3993277e+02
   2.6142065e+02
  -7.3425047e+01
   5.7258085e+02
   4.5548738e+02
   2.4725996e+02
   5.2407786e+02
   8.6393827e+02
  -5.7914217e+01
   5.6772930e+02
   9.0543420e+02
   8.9856481e+02
   3.1557929e+02
   5.2495035e+02
  -3.7728663e+01
   4.0241893e+02
   6.9001913e+02
   6.4047952e+02
   2.2479036e+02
  -7.9034088e+01
   8.6275422e+02
  -5.1266525e+01
   9.0307111e+02
   6.1619647e+01
   7.4948249e+02
   2.3340076e+02
   4.6364903e+02
   3.5911103e+02
   2.7185843e+02
   5.1250212e+02
   3.1351805e+02
   3.7817110e+02
   6.7283612e+02
  -1.7916684e+01
   6.3271705e+02
   4.7706003e+02
   8.3025952e+02
   7.9994087e+01
   8.7429638e+00
   2.1262217e+02
   7.7813429e+01
  -4.0344461e+01
   6.5839572e+02
   3.3937210e+02
   7.0250822e+02
   2.8977153e+01
   7.1008445e+02
   5.0461664e+02
   6.0376729e+02
  -3.5813536e+01
  -5.0351156e+01
   3.5227101e+02
   4.0959467e+02
   1.9514914e+02
   7.8275415e+02
   8.5820392e+00
   2.4763385e+02
   1.5678727e+02
   3.5175698e+02
   5.9600092e+02
   4.6122980e+02
   3.1735255e+02
   8.4075091e+02
   5.7010925e+02
   6.2864741e+02
   5.5944465e+02
   1.8554710e+02
   6.0741642e+02
   8.6051415e+02
   6.6344294e+02
   1.2153278e+01
   7.9132905e+02
   1.3867410e+02
   4.4138559e+02
   8.9040079e+02
   5.6235323e+02
   9.1579579e+02
   2.3988955e+01
   9.0788657e+02
   4.1538221e+02
   2.9439729e+02
   9.2459288e+02
   2.3197622e+02
   5.5048975e+02
   7.3739957e+01
  -6.4263525e+01
   2.7048475e+02
   5.9630532e+02
   5.4085742e+01
   4.2681964e+02
   1.5160916e+02
   5.4861666e+02
   8.4745036e+02
   5.0934448e+02
   6.6514732e+02
   6.7334415e+02
   8.3542392e+02
   2.2321816e+02
   8.5112075e+02
   6.1476031e+02
   4.5260471e+01
   8.7507986e+02
   6.7099624e+02
  -7.0695736e+01
   2.3514098e+02
  -6.2735538e+01
   1.3321428e+02
   5.6297241e+02
   2.4408059e+02
   2.3716122e+02
   6.9193536e+02
   3.0044408e+02
   7.2448176e+02
   7.7117017e+02
  -6.4372466e+01
   8.8297598e+02
   1.2242353e+01
   8.0062827e+02
   4.7087772e+02
   8.2131144e+02
   8.6438044e+00
   4.8721480e+02
   5.2499022e+02
   2.1780367e+02
   8.4497314e+02
   2.9440609e+01
   8.8918530e+02
   1.0862011e+01
   6.4660281e+02
   8.5058153e+02
   3.1006866e+02
   8.3183028e+02
  -7.5864612e+01
   5.7503216e+02
   3.9658442e+02
   5.2459938e+02
   5.4359527e+02
   9.2749996e+02
   1.6375844e+01
   6.3982808e+02
   7.0613097e+02
   6.5155049e+02
   2.8217082e+02
   7.9089775e+01
   8.0412768e+02
   6.9908602e+02
   5.2211064e+01
   1.6324051e+02
   8.6217907e+02
   3.0847342e+02
   5.6435660e+02
   6.4240674e+02
   4.5900057e+02
   8.6246992e+01
   1.2609449e+02
   6.4908460e+02
   6.2504057e+02
   8.6871506e+02
   5.4954769e+01
   3.6144897e+02
   8.2331037e+02
   4.8498800e+02
   5.8857081e+02
   3.3212511e+02
   1.0989763e+02
  -6.7827318e+01
   5.9266526e+02
   7.3259408e+02
   3.3235010e+02
   3.4864204e+02
   7.9496494e+02
   2.0588905e+02
   6.1710214e+02
   7.9094840e+02
   8.3090839e+02
   1.6166778e+02
   7.4770323e+02
   7.5309262e+01
   8.1697995e+02
   1.5207778e+02
   7.3663117e+02
   6.8087555e+02
   5.6431491e+02
   4.7482335e+02
   2.1025703e+02
   4.4839942e+02
   5.1047978e+02
   7.8128808e+02
   2.1379772e+02
   9.6104664e+01
   4.7409521e+02
   7.1299006e+02
   1.6671328e+02
   1.7535917e+02
   2.0182099e+02
   6.0864832e-01
   9.1376653e+02
   5.5293676e+02
   5.6155594e+01
   9.1247083e+02
   6.1193076e+01
   7.8863550e+02
   2.6567624e+02
   9.2296826e+02
   2.4412824e+02
   1.9372696e+02
  -6.3215340e+01
   8.1288592e+02
  -2.7789471e+01
   5.8151534e+02
   5.0395764e+02
   8.4965634e+02
   8.1796352e+02
   6.3973651e+02
   8.8500258e+02
   5.5578577e+02
   1.4401585e+02
   8.5130573e+02
  -5.0960360e+01
   1.3096724e+02
   5.1140880e+02
   6.5099731e+02
   7.8659523e+02
   5.6651415e+02
   7.5020426e+02
   1.2436123e+02
   8.8847001e+02
   1.8962900e+02
   5.1977621e+02
   7.5327952e+02
   8.2063441e+02
   2.1911958e+02
  -2.9342275e+01
   4.6843719e+02
   2.4006514e+02
   7.8671960e+02
   3.9500405e+02
   6.0728144e+02
   2.2894339e+02
   7.5060743e+02
   2.2505093e+02
  -4.9051279e+01
   7.2768479e+02
   9.2135002e+02
  -1.8009821e+01
   6.7061794e+01
   7.5850932e+02
   7.4602282e+02
   6.0358891e+02
   1.7338576e+02
   8.6677285e+02
   3.2217079e+02
  -2.7918282e+01
   1.4000264e+02
   4.1774834e+02
   3.9865565e+02
   2.0809542e+02
   3.7277409e+02
   9.0458940e+02
   5.7382140e+02
   1.4990439e+02
   7.6154100e+02
   8.4236039e+01
   3.4663583e+02
   1.2264996e+02
   3.9600769e+02
   2.2033080e+02
   9.0647695e+02
   4.1166631e+02
   4.4592158e+02
   6.2398216e+02
   5.3895858e+02
   8.9719354e+02
   4.1829418e+02
   8.0978415e+02
  -1.4698455e+01
   2.6039175e+02
   7.6515941e+02
   1.0784638e+02
   9.2448700e+02
  -6.6361330e+01
   5.6748425e+02
   9.1972055e+01
   4.1537972e+02
   5.5475737e+02
   4.0366791e+02
   6.2896170e+02
   6.5127185e+02
   1.5897878e+02
   8.1800719e+02
   3.5608869e+02
   2.2644138e+02
   4.4653056e+00
   9.2661262e+02
   2.5535874e+02
   6.3210452e+02
   1.1297841e+02
   5.7901120e+02
   1.1018595e+02
   4.3333095e+02
   8.6478513e+02
  -9.6592933e+00
   1.7611207e+02
   7.2001317e+02
   8.3085123e+02
   5.1334680e+01
   2.5829579e+02
   7.7037097e+02
   2.0967475e+01
   6.2559166e+02
   1.6769245e+02
   2.8826749e+02
   5.2498879e+01
   4.1776760e+02
   5.7949562e+02
   5.7896345e+02
   6.9320010e+02
   8.2525782e+02
   7.4915044e+02
  -1.5903135e+01
   3.3769578e+02
  -9.3200357e+00
   3.1972194e+02
   4.4277576e+02
  -3.2712828e+01
   7.8291978e+02
   7.1877241e+02
   4.3133766e+02
   2.8369226e+02
  -7.1458011e+00
   2.6472376e+02
   1.0331811e+02
   4.7176324e+02
   7.7982095e+02
   3.9921481e+02
   6.3342446e+02
   6.0620906e+02
   2.9124996e+02
   2.2291009e+01
   5.9043327e+02
   7.0123898e+02
   6.3080113e+02
   7.9302196e+02
   7.3377041e+02
   9.2602495e+02
   8.4208602e+02
   1.6674441e+02
   1.7990887e+01
   1.4211967e+02
   3.3561240e+02
   4.8071309e+02
   8.2489955e+02
  -9.9810577e+00
   7.8165981e+02
   8.4500763e+02
   1.3695056e+02
   7.3275671e+02
  -1.1205141e+00
   4.7793761e+02
   6.5337279e+02
   3.5626096e+02
   4.2592045e+02
   1.1847485e+02
   6.4499370e+02
   6.7875421e+01
   6.7911502e+02
   7.7863478e+01
   1.9011959e+02
   6.0389715e+02
   2.7628619e+02
   9.0245008e+02
   4.9995325e+02
   1.1159336e+02
  -3.0327468e+01
   8.3851404e+02
   1.4174024e+00
   5.1565998e+02
   6.5208883e+02
   6.1503026e+02
   8.1487407e+02
   5.3066028e+02
   5.0497813e+01
   2.7942908e+02
   2.3546443e+02
   1.4178019e+02
   5.3798841e+02
   6.4509294e+02
   2.8249365e+02
   2.2736724e+02
   6.2870858e+02
   2.9273345e+02
   3.5275056e+02
   7.3486680e+00
   8.8211588e+02
   4.3479681e+01
   1.9800951e+02
   1.5350284e+02
   7.0067993e+02
  -7.7071921e+01
   1.6698230e+02
   8.6032017e+02
   7.8695054e+02
   3.1104499e+02
   7.8639064e+02
  -5.6067908e+01
   9.0472394e+02
   4.2352590e+02
   8.2866315e+02
   1.5077584e+01
   6.1146303e+02
   2.0771273e+02
   6.0625760e+02
   5.0101834e+01
   4.9161185e+02
   8.0241518e+02
   1.0595830e+01
   8.2647770e+02
   6.5492531e+02
   3.0471536e+02
   2.3650351e+01
   5.0508964e+02
   6.2170706e+02
   6.7344608e+02
   4.7606353e+02
   5.8871071e+02
   7.6201466e+01
   3.4955943e+02
   8.7461391e+02
   4.5017604e+02
   8.4735849e+02
   3.4509363e+01
   4.6577354e+02
  -1.0609765e+01
   6.8695268e+02
   6.1019251e+02
   7.5187160e+02
   7.1688069e+02
   3.3882263e+02
  -6.1996857e+00
   6.2574862e+02
   4.9089821e+02
   5.1454065e+02
   4.5957886e+02
   7.7093195e+02
   8.2716632e+01
   6.1884435e+02
   1.5267113e+02
   8.0330533e+02
   4.5833141e+02
   3.0443234e+02
   1.4743827e+02
   6.4311133e+02
   2.4464504e+02
   6.8076645e+02
   7.8435219e+02
   1.9472648e+02
   3.7782767e+02
  -7.5582385e+01
   2.7762715e+02
   1.3102430e+02
   6.0800310e+02
   1.7378036e+02
   3.6144873e+02
   2.1586631e+02
   9.1040506e+02
   4.4999406e+02
   6.1493784e+02
   4.4456677e+02
   2.6164717e+02
   1.4504429e+02
   1.8832933e+02
   3.6174240e+02
   5.9087627e+02
   1.8614375e+02
  -1.1175373e+01
   8.7430817e+01
   3.5322989e+02
  -7.5514428e+01
   5.1124865e+01
   4.9381765e+02
   5.1659574e+02
   2.6327276e+02
   3.8628643e+02
  -3.6960186e+01
  -4.7347746e+01
   7.8502071e+02
   6.7211209e+02
   5.1023368e+02
   3.4898397e+02
   2.6811046e+02
   4.0934998e+02
   3.5923046e+01
   9.2193143e+01
   6.1720489e+02
   4.9304995e+02
   8.0248870e+02
   1.3310582e+02
   7.5833342e+02
   6.5708220e+02
   8.9909431e+02
   1.2996928e+02
   9.6775995e+01
   7.9363848e+02
   5.3193447e+02
   2.5344152e+02
   7.5475843e+02
  -2.3515410e+01
   3.6632298e+02
   7.2099772e+02
  -7.3106692e+01
   2.6684997e+01
   5.5930483e+02
   2.6504284e+02
   7.4974632e+02
   1.2318740e+02
   8.5013197e+02
  -5.2168877e+01
   1.2778545e+02
  -1.9316986e+01
   6.5031754e+01
   1.2109339e+02
   3.9034265e+02
   2.5206704e+02
   3.0658146e+02
   3.1478570e+02
   6.4195969e+01
   1.3595216e+02
   2.7821566e+02
   1.0247147e+02
   2.8385152e+02
   8.9953264e+02
   6.8184778e+02
   2.3452898e+02
   8.5370243e+01
   8.8969312e+02
   4.0389788e+02
   8.4993938e+01
   2.5979982e+02
   5.4275803e+02
   2.5931621e+02
   6.3341312e+00
   2.1036781e+00
   3.1902624e+02
   5.3384702e+02
   2.9409410e+02
   4.1806712e+02
   3.9150822e+02
  -3.2898837e+01
   3.6841041e+02
   8.9986092e+02
  -5.7133338e+01
   3.3823537e+02
   5.4257010e+02
   3.8129385e+02
   8.8223274e+02
   7.2395175e+02
   1.6749295e+02
   7.8855094e+02
   2.9648932e+02
   2.2997376e+02
   6.7733320e+02
   2.3435220e+02
   2.3420237e+01
   5.2131735e+02
   3.1515490e+02
   6.4288889e+02
   7.6520997e+02
   1.4869651e+02
  -4.0266288e+01
   3.2662307e+02
   6.9767801e+02
   7.5838586e+02
   7.0553439e+02
   2.2636369e+02
   2.0250062e+02
   2.2423624e+02
   5.8379859e+02
   7.1425926e+02
   7.1498818e+02
   6.2931892e+02
   3.7640166e+02
   5.9181235e+01
   1.7008734e+02
   5.2295538e+02
   8.1998711e+02
   8.7383044e+02
   8.3673966e+02
   1.0455699e+02
   9.0443938e+02
   2.4191658e+02
   5.1605122e+02
   3.4453298e+02
   1.0987991e+02
   5.6875519e+02
   8.1510957e+02
   1.6478818e+02
   1.3116690e+02
   4.5861328e+02
   3.1730158e+02
   2.5392325e+02
   4.5521236e+02
  -2.4731279e+01
   7.0240825e+02
  -7.2268805e+01
   7.3629027e+02
   7.5461734e+02
   2.7192057e+02
  -4.8033226e+01
   1.3344108e+02
   7.5665878e+02
   1.9912964e+01
   4.4542878e+02
   2.0631122e+02
   1.5362090e+02
   5.6534827e+02
   2.0923076e+02
   8.7622201e+02
   3.3103206e+02
   6.7174075e+02
   6.1934188e+02
   2.8372526e+02
   3.4831709e+02
   3.9521028e+02
   4.6686657e+02
   5.5736537e+02
   5.3696061e+02
   8.0652511e+02
   4.6317934e+02
  -3.6189836e+01
   1.6702369e+02
   3.6701663e+02
   5.8056704e+01
   7.5008370e+02
   4.8016006e+02
   2.4670075e+02
   1.2646564e+02
   7.0881327e+02
  -5.8154037e+01
   5.3240957e+02
   6.8501910e+02
   3.8654030e+02
   8.6240489e+02
  -2.6391032e+01
   6.1190115e+01
   4.8384297e+02
   5.1099201e+02
   2.9606273e+02
   5.5369833e+02
   9.0197851e+02
   6.4830362e+02
   7.8061981e+02
   6.3505516e+02
   8.0396837e+02
   6.2996181e+02
   4.2156340e+02
   2.8012970e+02
   3.2862431e+02
   5.2299297e+02
   3.6763005e+02
   6.1769628e+02
   7.8530940e+02
   5.3905258e+02
   4.6370501e+02
   2.1907129e+02
   6.4185694e+02
   3.0631544e+02
   6.2707171e+02
   6.0463003e+02
   5.5105928e+01
   6.6729318e+02
   4.6702712e+02
   5.4406528e+02
   1.3186741e+02
   3.6675584e+02
   8.7293834e+02
  -6.5086053e+01
   6.2690253e+02
   3.3886540e+01
   4.8033405e+02
   7.5922202e+01
  -7.3797090e-01
   1.0834986e+02
   8.4679865e+02
   3.2937997e+02
   3.6952492e+02
   5.8933564e+02
   7.0179956e+02
   6.5777834e+02
   2.3524360e+02
  -6.6759251e+01
   1.5404697e+02
   1.3606323e+02
   7.7379799e+02
   7.2242031e+02
   2.4759209e+02
   6.3959204e+01
   4.7467516e+02
   1.3780943e+02
   8.2929322e+02
   8.6073456e+02
   6.5727194e+02
   6.3551397e+02
   4.7344551e+01
   5.0463684e+02
   8.4754400e+02
   6.2848875e+02
   4.3141163e+02
   9.6134184e+01
   3.9385922e+02
   4.8552896e+02
   8.3662378e+02
   6.9960047e+02
   5.9425191e+02
   1.6704349e+01
   3.7305460e+02
   6.3974165e+02
   4.4274588e+02
   8.9412014e+02
   1.1941102e+02
   4.0683591e+02
   3.6925054e+02
   2.0443547e+02
   4.4905291e+02
   6.5561562e+02
   2.1609153e+02
   7.0158328e+02
   3.6175355e+02
   7.4838612e+02
   3.5193960e+02
   2.7281744e+02
   9.0494088e+02
   7.1419226e+02
   2.4570357e+02
   2.0460487e+01
   1.8391688e+02
   1.0091393e+02
   8.7888865e+02
   8.5474034e+01
   6.5919397e+02
   2.6030323e+02
   3.7989735e+02
   4.0702444e+02
   6.6453273e+02
   4.8213496e+02
   1.1329670e+02
   2.5950224e+02
   3.3624140e+02
   3.3410843e+02
   8.2008651e+02
   5.6272791e+02
   3.1092036e+02
   1.5508888e+02
   6.3696612e+02
   2.0323777e+02
   8.1095417e+02
   7.0614235e+02
   6.4025030e+02
   7.9173334e+01
   7.9215933e+02
   7.7299321e+01
   8.7172501e+02
   5.4541228e+02
   6.5817161e+02
   1.8901878e+02
   6.5028288e+02
  -5.1519971e+01
   8.0799698e+02
   2.7906570e+02
   5.4661237e+02
   5.6521764e+02
   4.5020865e+02
   9.2849731e+02
   6.3100991e+02
   1.5018966e+02
   5.2058280e+02
   5.0180591e+02
   4.4602263e+02
  -2.1884168e+01
   8.2262391e+02
   1.2133057e+02
   6.8251586e+02
   8.5880520e+02
   5.2083511e+01
   6.9115057e+02
   8.3733087e+02
   4.6711390e+02
   1.6258437e+02
  -1.9895317e+01
   6.4873957e+02
   2.1797218e+02
   6.0275877e+02
   8.1329893e+02
   6.2356704e+02
   2.4259908e+02
  -1.0403125e+01
   2.3673767e+02
  -1.7165692e+01
   3.2747339e+02
   6.9333463e+02
   7.8122677e+02
   4.8729344e+02
   3.4897954e+01
   5.8121995e+02
   7.6875364e+02
   7.1711469e+02
   6.5927735e+02
   4.0449381e+02
   3.6376768e+01
   1.6888326e+02
   5.6307296e+02
   7.2141122e+02
   2.0796443e+02
   4.5893354e+02
   2.2324310e+00
   8.2777121e+02
   9.4353418e+01
   1.7985639e+02
   7.6232355e+02
   5.9153257e+02
   4.7232022e+02
   5.5384443e+02
   1.5938761e+02
   3.6759174e+02
   7.6064354e+02
   3.6805698e+02
   2.2783771e+02
   1.9898045e+02
   2.2010618e+02
  -2.2463635e+01
   5.7949346e+02
  -7.0100225e+01
   7.1081963e+02
   1.1154459e+02
   2.7272661e+02
   4.5166695e+02
   7.8053451e+01
   2.6109890e+02
   8.5382606e+02
   3.4017948e+02
   5.4402335e+02
   5.5210576e+02
   6.2682164e+02
   8.5965134e+02
   1.1932402e+02
   2.6304369e+02
   2.2948243e+02
   3.7782519e+02
   3.6291006e+02
   4.8643251e+02
   2.4465257e+02
   9.0359063e+02
   4.8335552e+02
   5.6089244e+02
   8.7888186e+02
   4.1597752e+02
   9.2310553e+02
   3.3138539e+02
   3.3166042e+02
   4.6768811e+02
  -3.5797357e+01
   8.1689606e+02
   1.6847651e+02
   8.1016497e+02
   7.7332619e+02
   6.4584844e+02
