  -1.5455500e+00
  -1.4068202e+01
  -4.5358952e+00
  -3.2763083e+00
   6.1421845e+00
  -4.3431039e+00
  -9.0098604e+00
   6.3601703e+00
  -1.4997858e+01
  -5.7449984e+00
  -2.4043576e+00
  -1.5000842e+00
  -1.0251267e+01
  -6.7037252e+00
  -5.9957510e+00
  -6.4786221e+00
  -1.1234265e+01
  -1.4599399e+00
  -3.3489675e+00
   4.3492332e+00
  -1.1286126e+01
  -1.3781442e+01
  -1.9794262e+00
  -1.1444238e+01
  -7.9940885e+00
   3.4420176e+00
  -5.4508144e+00
   5.0645364e+00
  -2.4765457e-01
   7.9170515e+00
   3.2932383e+00
  -1.4161461e+01
  -7.6797191e+00
  -6.4717085e+00
   1.8413986e+00
  -6.9341141e+00
  -1.1046926e+01
  -1.1263852e+00
   4.0186623e+00
  -8.7385429e+00
  -5.8567915e+00
  -6.7003787e+00
  -1.4431389e+01
  -1.3047324e+01
  -1.2871668e+01
  -1.5942800e+01
  -6.8775251e+00
  -2.2644159e+00
   6.2213245e+00
   1.5837133e+00
  -1.5539099e+01
  -9.4631344e+00
  -5.3713210e+00
  -5.0053539e+00
   2.3215184e+00
  -1.4849452e+01
   4.4684395e+00
  -1.1859439e+01
   2.3157430e+00
   3.6206046e+00
  -5.3697938e+00
  -7.5097096e+00
   3.8325548e-01
  -1.3571025e+01
   6.9097750e+00
  -1.5624013e+01
  -8.8154706e+00
  -1.4501492e+01
  -5.3610467e+00
  -7.4873989e+00
  -9.1063890e+00
  -4.3012716e+00
  -1.2290480e+01
  -1.2274806e+01
  -7.4289909e+00
   4.7027041e+00
  -8.3661888e+00
  -1.2854276e+01
  -8.6590956e+00
  -3.5465395e+00
  -1.1899502e+01
  -5.5086658e+00
  -8.3928099e+00
  -6.2926451e+00
   3.6400809e+00
   4.2278647e+00
  -1.5905437e+01
  -6.6459845e-02
  -1.4340686e+00
  -1.9652556e+00
   3.3137051e+00
   4.8504405e+00
  -2.6974278e+00
   9.3538892e-01
   4.9931136e+00
  -2.2308562e+00
   3.1307685e+00
   4.0324490e+00
  -6.6286258e+00
  -2.8797403e-01
  -1.7246813e+00
  -5.6114461e+00
  -6.5741718e+00
  -6.9906192e+00
  -1.1856653e+01
  -1.6985109e+00
  -7.1081771e+00
  -8.6207641e+00
   1.3454491e-01
   3.4405572e+00
  -1.2349158e+01
  -1.5356148e+01
   6.7344161e-01
  -9.9586196e+00
  -1.1748296e+00
  -6.3655238e+00
   7.9774624e+00
  -8.5007363e+00
  -6.2085681e+00
  -2.2962426e+00
  -1.2564100e+01
  -1.0091429e-01
   4.8250681e+00
  -1.2895116e+01
  -1.2450147e+00
  -1.2987461e+01
  -1.1362329e+01
  -1.0991903e+01
   6.8132290e+00
  -1.5763547e+01
  -1.2367330e+01
  -7.4152416e+00
  -2.7350256e+00
   6.2957310e+00
   4.4702040e+00
  -7.1026230e+00
   2.6301517e+00
   2.1931772e+00
   5.4411355e+00
   1.4988249e+00
   1.7463920e-01
  -1.3962648e+01
  -1.0714757e+01
   5.0771821e+00
  -8.7351884e+00
   8.7966766e-01
   7.9951383e+00
  -8.9305089e+00
  -9.1635193e+00
   5.5594748e+00
  -1.5791746e+01
  -2.0776292e+00
   1.9669041e+00
  -1.1812467e+01
  -4.6289420e-01
   4.4364433e+00
   5.9021702e+00
  -8.1001374e+00
  -1.2799912e+01
  -1.3715506e+01
  -7.3318282e-01
   6.8592775e+00
   2.4518647e+00
  -1.3763527e+01
   2.5766354e+00
   3.8983771e+00
  -8.0233104e+00
  -1.1249404e+01
   2.8553274e+00
  -9.8725245e+00
   6.1523418e+00
   4.7234442e+00
   7.1265001e-01
   7.2167598e+00
  -1.3445346e+01
  -1.2877349e+01
  -3.5656076e+00
  -1.5572352e+01
  -1.0215072e+01
  -3.4087129e+00
  -1.4674895e+01
  -1.1611568e+01
   5.0430507e+00
   2.6018092e+00
  -4.5490431e+00
   4.1298650e+00
   3.1401600e-01
   4.5776639e+00
   2.9122232e+00
  -1.5130242e+01
  -1.4930970e+01
   3.7667555e+00
  -1.5061270e+01
  -3.2324997e+00
  -4.7576750e+00
  -1.3873348e+01
   3.1351417e+00
  -4.7289912e+00
  -8.8729427e+00
  -3.1421402e+00
  -1.4864143e+01
  -3.0316599e+00
  -1.3715510e+01
  -1.2349642e+01
  -1.4704463e+00
  -6.1134417e+00
   5.1936816e+00
  -3.2786697e+00
  -2.8070217e+00
   3.5182541e+00
  -2.7707424e-01
   4.3335118e+00
  -1.2948896e+01
  -1.4399301e+01
  -1.4596029e+01
   1.4103069e+00
   2.5318377e+00
  -2.5467221e+00
  -4.6955798e+00
   5.0540228e+00
  -1.0787980e+00
   4.9696382e+00
   7.5478999e+00
  -1.8418055e-02
  -1.0590852e+01
  -6.7944860e+00
  -8.6382315e+00
  -5.1339212e+00
  -2.8303308e+00
   8.4919716e-02
   7.7970747e+00
  -1.1159899e+01
   4.2025560e+00
   7.5473315e+00
  -7.2143988e+00
  -2.3869544e+00
   2.6483345e+00
   2.7226579e+00
  -4.6273456e+00
   1.3569900e+00
  -5.4117014e+00
   3.7683296e+00
  -4.4678130e+00
  -6.2356221e-01
  -1.1305108e+01
  -1.4896757e+01
  -1.5204831e+01
  -1.3633333e+01
   3.4013314e+00
   4.7883753e+00
   6.1042779e+00
  -1.2304961e+01
  -1.2537712e+01
  -5.8465533e+00
  -5.8341351e+00
   7.6741076e+00
  -1.2011546e+01
  -1.0029913e+01
   6.7633418e+00
  -1.0970063e+01
  -1.4114090e+01
   1.3056366e+00
  -1.3195557e+01
  -8.4211165e+00
  -1.1158264e+01
  -8.0986375e+00
  -1.1506669e+01
   3.5507624e+00
  -3.6203213e+00
  -4.8032997e+00
  -8.2909756e-01
  -1.1496746e+01
  -1.4149633e+01
  -1.3360882e+01
   1.0887069e+00
  -7.1566353e+00
  -5.1054704e+00
  -1.2794591e+01
  -1.2834448e+01
   5.6074372e+00
  -7.8844603e+00
  -8.2705302e+00
  -4.9195203e+00
  -3.4851850e+00
  -1.3179061e+01
  -8.1982195e+00
   4.3400814e+00
  -1.0273258e+01
  -8.8480889e+00
   7.0375032e-02
  -1.6828130e+00
  -1.3948139e+01
  -6.7721284e+00
  -1.5602645e+01
  -4.7059957e-01
  -2.1863277e+00
  -1.4932949e+01
  -3.1702521e+00
   4.9685481e+00
  -9.6773263e+00
   2.5558204e+00
  -5.0329877e+00
  -1.4297399e+01
   2.7190884e-01
   8.3238609e-01
  -1.2012442e+01
  -6.8749754e+00
   2.6158104e+00
   2.6981261e+00
  -1.5654967e+01
  -1.2056028e+01
  -1.5641955e+01
  -1.4900114e+01
   6.3856288e+00
  -7.5543924e+00
  -8.7679027e+00
  -3.1660704e+00
  -2.8452331e+00
  -1.0798754e+01
   3.1282115e+00
  -6.0418387e+00
  -1.3286904e+00
  -5.7831606e+00
   7.9368490e+00
  -1.2859112e+01
  -1.3866904e+01
  -3.9822411e+00
  -9.3746634e+00
  -1.1592803e+01
  -1.2909127e+00
   1.5846324e+00
  -1.2557179e+01
  -5.1329647e+00
  -1.5191991e+01
   9.9842723e-01
  -1.3337418e+01
  -1.5468601e+01
   4.9580230e-01
  -6.8019257e+00
  -1.0609569e+01
   1.0343848e+00
  -1.8852450e+00
  -4.7742631e-01
  -1.4113788e+01
  -1.3588325e+01
   6.0595794e+00
  -1.4818398e+01
  -1.5183665e+01
  -4.9463250e+00
  -1.0405402e+01
   1.9564505e-01
   4.7123848e+00
  -6.4149646e+00
  -1.4148539e+01
  -9.0231396e+00
  -8.8507534e+00
   5.8065542e+00
  -1.0404436e+01
  -2.2449259e+00
  -1.1492244e+01
  -8.3070817e+00
  -1.8136961e+00
  -1.1124151e+01
  -1.3755117e+01
   1.7414937e+00
  -1.2566515e+01
  -1.0219334e+01
  -7.0238801e+00
  -9.5357065e+00
  -7.2873288e+00
  -5.5050821e+00
   3.8577231e+00
  -6.3289126e+00
  -1.5162143e+01
  -7.4629396e+00
   7.9040299e+00
   1.1593252e+00
  -1.0037767e+01
  -1.0523275e+01
  -7.5539706e+00
  -4.6941481e+00
  -3.9241543e+00
  -1.1726241e+01
  -5.0560216e+00
  -5.5538781e+00
  -4.7743147e+00
  -1.4603279e+01
   6.8074024e+00
  -1.3690457e+01
   4.8522988e+00
  -2.6964330e-01
   2.0045503e+00
   4.6367837e+00
  -6.1484186e+00
  -1.5437882e+01
  -7.0082608e+00
  -3.6968246e+00
  -3.6904854e+00
   4.1064170e+00
   6.9334796e-01
  -1.0962919e+01
  -1.5223029e+01
  -1.5381885e+01
  -4.5319198e+00
  -1.5182923e+01
   4.6843692e+00
  -1.3629485e+01
   5.8662261e+00
  -6.1221631e-01
   2.1368839e+00
  -6.2272334e+00
  -4.1434325e+00
  -5.9201487e+00
  -1.5809768e+01
  -1.7154401e-01
   4.7751943e+00
   4.5812338e+00
  -1.3799326e+01
   6.1801806e+00
  -8.5749978e+00
  -5.1080070e+00
  -1.0756089e+01
  -1.0644901e+01
  -1.4927038e+01
   6.3500819e+00
  -1.2249434e+01
  -6.3841813e+00
  -1.4910044e+01
  -6.9542465e+00
   1.7754505e+00
   5.0721193e+00
  -1.5134855e+01
  -5.2446414e+00
  -1.5499680e+01
  -5.4353789e+00
  -8.0898252e+00
  -2.6322227e+00
  -9.4619509e+00
  -6.8924353e-01
   2.8904640e+00
   1.9452629e+00
   9.9382254e-01
  -1.4565560e+01
  -2.1431356e+00
   7.6876898e+00
  -6.0472801e+00
  -4.6205061e+00
  -1.1521499e+01
   1.4876232e+00
  -1.0668355e+01
  -9.1901980e+00
  -8.4131891e+00
  -1.4298617e+01
  -1.5725477e+00
  -1.2651288e+01
   2.8353568e+00
  -1.2961433e+01
   7.5735486e+00
   4.5057557e+00
   2.9621514e+00
   3.9424840e-01
  -7.2292386e+00
  -8.6278083e+00
  -1.3312524e+01
  -1.0650427e+01
   7.0820448e-01
  -8.3379039e+00
   5.6596390e+00
   1.2450567e+00
  -1.1251544e+01
  -7.2798169e+00
   6.4102258e+00
  -3.2562156e+00
   3.4638779e+00
  -1.9470587e+00
  -1.2324690e+01
  -1.2562298e+01
  -1.3449184e+01
   6.4695037e+00
  -3.6274482e+00
   1.4522907e+00
  -3.6303364e+00
  -4.7532837e+00
  -5.9273001e+00
   7.2171062e+00
   4.8256514e+00
  -1.0772159e+01
  -1.5137718e+01
  -7.0378484e+00
  -3.0842743e+00
  -1.7655130e+00
   4.1944382e+00
  -6.8530295e+00
  -1.1169058e+01
   6.3885210e+00
   5.3233501e+00
  -1.2081183e+01
  -6.2111509e+00
   6.8683538e+00
  -5.4646570e+00
   7.5800144e+00
   3.0285305e+00
   5.3126916e+00
  -6.4433757e+00
   2.9002245e+00
  -1.4174361e+00
   3.8802680e+00
  -3.0217761e+00
  -1.7255836e+00
   8.1647042e-02
  -6.7560403e+00
  -8.1380846e+00
  -1.2399276e+01
  -2.7689735e+00
  -1.3805351e+01
  -2.9065508e+00
   1.6827951e+00
   5.2011743e+00
  -5.8821930e+00
   6.3768771e+00
  -1.5296340e+01
   7.2642110e+00
   2.7883102e+00
  -1.5293876e+01
  -4.8876916e+00
  -1.5648879e+01
   2.0500975e+00
   4.8804224e+00
   3.5420496e-01
  -4.7599813e+00
   9.4605428e-02
   3.1700567e+00
  -1.5857450e+01
   7.5874589e+00
   4.9943995e+00
   7.1759591e+00
   1.8459407e+00
   1.6160279e+00
  -6.2997981e-01
   1.9248360e+00
  -8.9716726e+00
   2.8099897e+00
  -7.7136398e+00
  -1.5201117e+01
  -2.6921489e+00
  -5.3635027e-01
  -4.5649266e+00
   6.7133692e+00
  -3.9529917e+00
  -1.1220215e+01
  -1.8376102e+00
   6.4366181e+00
   7.6344147e-01
  -4.6607417e+00
   3.7391962e+00
   4.7514535e+00
   4.1622409e+00
  -1.0487021e+01
  -7.6018748e+00
   3.1227342e+00
  -1.5048261e-01
  -1.0432638e+01
  -5.1329484e+00
  -3.8901740e+00
  -5.4772201e+00
  -1.3716282e+01
  -1.1925070e+01
   7.4350610e+00
  -1.3810316e+01
  -4.0921084e+00
   7.4339890e+00
  -2.1841712e+00
   7.4501915e+00
  -5.5247286e+00
  -7.7482199e+00
  -7.5854486e+00
  -1.3331961e+01
  -3.3544062e+00
  -1.0398871e+01
   2.4653985e-01
  -9.2746754e+00
  -1.3265247e-01
  -1.1531163e+01
   5.1182092e+00
  -1.4853170e+01
  -9.7826125e+00
  -7.0524462e+00
  -9.1961420e-01
  -7.6480363e+00
   6.4222720e+00
  -1.7065119e+00
   6.8274271e+00
  -3.3874102e+00
  -9.4010339e+00
   4.9016125e+00
  -1.2799030e+00
  -1.3624433e+01
   4.6032971e+00
  -1.4195183e+01
   1.7455851e+00
  -7.1848637e+00
  -1.2187637e+01
   1.0403684e+00
  -1.3334790e+01
   4.0236671e+00
  -2.7216147e+00
  -4.6006095e+00
  -4.8344178e+00
  -4.7011277e+00
  -7.5328185e+00
  -1.0340392e+01
  -1.1097255e+01
  -1.4154827e+01
   7.9159383e+00
   2.9719196e+00
  -1.9168327e+00
   3.3503895e+00
   3.9973101e+00
  -6.1328127e+00
   2.2124066e-01
  -2.2246793e+00
  -1.0321769e+01
  -1.3834270e+00
  -1.6380812e+00
   7.7421779e+00
  -1.5548177e+01
  -1.8791392e+00
   3.5302036e+00
  -7.9982615e+00
  -6.1315973e+00
   1.9463589e+00
   4.8663109e+00
   5.4020470e+00
  -2.8984980e+00
   6.4238508e+00
  -1.0898465e+01
  -4.5154158e+00
  -4.1671818e+00
  -3.6235759e+00
   6.5716194e+00
   7.7852211e+00
  -4.7182139e+00
   4.4541672e+00
  -5.8429897e+00
  -6.0636085e+00
  -1.6373492e+00
  -6.0970927e+00
   6.8378125e+00
  -8.1753132e+00
  -2.5347257e+00
  -1.0678330e+01
  -1.5879626e+01
   6.6286002e+00
  -4.2983562e+00
  -6.9020236e+00
  -8.0208913e-01
  -3.3916081e+00
  -9.9067833e+00
  -2.9983262e-01
  -8.5764297e+00
  -1.1306551e+01
  -7.9369715e+00
  -1.3263470e+01
  -5.9924176e+00
  -1.5933717e+01
  -1.4443718e+01
  -1.1485858e+01
   7.6321211e+00
  -9.5681902e+00
  -1.1423778e+00
  -1.5095045e-01
  -1.3834427e+01
  -3.4441888e+00
  -2.1455509e+00
  -1.1945212e+01
   8.8194921e-01
   7.8547750e+00
  -1.4920921e+01
  -7.7419123e+00
  -8.1081460e+00
  -2.6164869e+00
  -1.2634363e+01
  -8.5616829e+00
  -7.9095704e+00
   4.6059245e+00
   1.9199431e-01
   7.6883909e+00
  -5.4427881e+00
  -3.4658468e+00
   2.3280211e-01
   7.0901772e+00
   7.9597722e+00
  -2.4900493e-01
  -4.5997931e+00
  -1.1654512e+01
  -1.2693407e+01
  -4.4119467e+00
  -1.5118630e+01
   7.7831214e+00
  -1.7680384e+00
   2.9358952e+00
  -2.4232572e+00
  -1.4570099e+01
  -1.2316896e+01
  -4.5207333e+00
  -1.3027769e+00
  -1.0444299e+01
   5.1848900e+00
  -1.4253307e+01
   2.4651188e+00
   1.0346332e+00
  -7.0437930e+00
  -1.4366066e+01
  -7.4143348e+00
  -1.4463283e+01
  -5.6496703e+00
  -6.5378796e+00
  -1.2643661e+01
  -7.7078033e+00
  -8.2367683e+00
   5.4631705e-01
  -1.3708168e+01
   3.1213208e+00
  -7.4292687e+00
  -5.4739691e+00
   4.1755209e+00
   3.1187456e+00
  -1.3715118e+00
  -1.1217805e+01
  -6.3933408e+00
  -4.6463627e+00
  -7.3374326e-01
   6.7343734e+00
   1.0587454e+00
  -7.0781084e+00
  -8.1971627e+00
  -1.1572029e+01
  -9.9370696e+00
   1.9860957e+00
   5.6277282e+00
  -1.4160579e+00
  -1.4325599e+01
  -5.9719960e+00
  -1.2242639e+01
  -2.1845033e+00
  -1.2506458e+01
   1.3140476e+00
  -8.8683795e+00
  -1.9704704e+00
  -9.5262703e+00
  -1.3645212e+01
  -1.3448660e+01
   6.0403771e+00
  -7.8938784e+00
  -3.9568620e+00
  -1.3506444e+01
  -2.7892146e+00
  -1.5475711e+01
  -1.0774878e+01
   1.0859255e+00
  -8.6692092e+00
  -4.6460933e-01
  -5.9291860e+00
   8.1170076e-01
  -1.1669981e+00
   6.9594046e+00
   5.5066636e-01
  -1.4573564e+01
  -3.3386889e+00
  -6.3714276e+00
   5.5788173e+00
  -1.0676394e+01
  -8.9366778e+00
  -1.4784379e+01
   4.5393086e+00
   4.4037998e+00
  -2.3196859e+00
  -1.6330972e+00
  -1.0367667e+01
  -1.1485993e+01
  -3.3266301e+00
   3.2433534e+00
  -1.1039323e+01
   5.1331873e+00
  -1.2976337e+01
  -1.2759741e+00
  -1.3654051e+01
  -4.0887461e-01
  -1.1492795e+01
   2.9991313e-01
   2.5822811e-01
  -1.1272964e+01
   7.7043809e+00
  -7.1640332e+00
  -8.2415848e+00
  -3.7393524e+00
  -7.3211662e+00
   5.0474073e+00
  -2.9524667e+00
  -1.9685113e+00
   4.8972652e+00
  -1.2145813e+01
  -1.0132391e+01
   3.5489268e+00
  -7.5629954e+00
  -8.5639309e+00
  -2.7473600e+00
  -1.2455162e+01
  -1.0637389e+01
  -9.4026505e+00
  -1.2140740e+01
  -1.0153963e+01
  -1.0929695e+01
   7.8005405e+00
   6.8400434e+00
  -1.0726771e+01
  -9.0386723e+00
  -4.5025748e-01
   7.7249969e+00
  -8.5031840e+00
   2.9665351e+00
  -3.2264993e+00
   7.9090196e+00
  -2.3844297e+00
  -1.1934607e+01
  -1.1055166e+01
   5.4213935e-01
   4.4898860e+00
  -2.0878973e+00
  -5.8734373e+00
   6.2575042e+00
  -1.1292026e+01
  -5.9457657e+00
  -1.2606674e+01
  -4.2609671e+00
  -8.5639639e+00
   3.6876225e+00
  -1.1181609e+01
  -1.1508609e+01
  -8.5931953e+00
  -4.4940487e+00
  -1.4651475e+01
  -4.9847251e+00
  -5.5685783e+00
   3.9728981e+00
   6.4831217e+00
   7.3989625e+00
  -3.9170953e+00
   4.2224528e+00
   1.8259909e+00
  -8.4161594e+00
  -4.7043924e+00
  -3.6903604e+00
   4.1797148e+00
   6.1838830e+00
  -1.3894637e+01
  -3.1262221e+00
   2.0782828e-03
   1.8597022e+00
  -2.1154362e+00
   4.3878839e+00
  -1.8410995e+00
  -1.3243522e+01
   7.1731522e+00
  -1.3596866e+01
   2.5979297e+00
  -2.7261546e+00
  -2.1592926e+00
   5.6799740e+00
  -9.8465788e+00
   7.6254254e+00
  -1.9715743e+00
  -4.7374015e+00
  -1.0647908e+01
  -1.3781647e+01
   4.4063277e+00
  -5.4244844e+00
  -5.4645144e+00
  -1.5816822e+01
  -8.7850469e+00
  -5.5056874e+00
  -5.7269160e+00
   3.0412503e+00
  -6.2297724e+00
  -4.0230461e+00
   4.1099310e+00
   5.0455912e+00
  -1.4308977e+01
   1.7391971e+00
  -9.1914873e+00
  -3.3495560e+00
   6.4906997e+00
  -8.3152223e+00
  -1.1108171e+01
  -8.5317364e-01
  -2.7924939e+00
  -7.0853519e+00
   3.6002117e+00
   5.3581843e+00
   2.1148761e+00
  -1.5674701e+00
  -1.5924511e+01
  -1.1120938e+01
   2.3870033e+00
  -1.5862169e+01
  -2.5432945e+00
  -1.2114104e+01
  -1.7706331e+00
  -3.5582748e+00
  -2.1554036e-01
  -6.0014013e+00
  -1.3508004e+01
  -3.7912524e+00
   7.1393006e-01
  -6.2416829e+00
  -1.0506514e+00
   1.0957890e+00
  -8.1280770e-01
  -1.7866828e+00
  -7.1764829e+00
   7.5899383e+00
  -9.8408129e+00
  -4.5123449e+00
  -6.8411409e+00
  -4.3425830e+00
   4.2598393e+00
   7.5395988e+00
  -1.5452716e+01
  -7.1370280e+00
   5.4316256e+00
   1.8312804e+00
  -2.6424115e+00
  -9.2617900e+00
  -2.5393530e+00
  -5.2125358e+00
   7.1026979e+00
  -5.8297690e+00
   5.1595532e+00
   6.2892117e+00
  -7.5442569e+00
   5.6816122e+00
  -1.1811873e+01
  -1.5054677e+01
   5.2441082e+00
  -5.0413940e+00
  -1.3550063e+01
   4.9022190e+00
  -6.4218920e-01
   2.4169861e+00
  -1.4301385e+01
   4.6122392e+00
  -9.2162591e+00
   5.8918794e+00
  -1.3497915e+01
  -7.3691337e+00
  -7.1806269e-01
   3.7857485e-01
   5.6036407e+00
  -8.4570106e+00
  -6.2383834e+00
  -1.2268437e+01
  -1.7478228e+00
   5.4820164e-01
  -1.2812625e+01
  -9.6078361e+00
  -9.5772376e+00
   4.4155067e+00
  -1.3434160e+01
  -8.0082905e+00
  -7.1884537e+00
   1.1107986e+00
  -1.1782292e-01
  -6.2702514e+00
   4.0221802e+00
  -1.0102639e+01
  -1.5093076e+01
  -1.8370536e+00
  -8.5592161e+00
  -5.5144730e+00
   4.0962199e+00
   2.7320925e+00
  -7.3384540e+00
   3.2292810e+00
  -1.5862330e+01
   6.7519795e+00
  -1.4681721e+01
   7.4064847e-01
   7.6389469e+00
  -6.8844112e+00
  -4.3455547e+00
   8.2901999e-01
  -7.7410728e+00
   4.0625325e+00
  -8.7159326e+00
  -6.5583069e+00
   7.5545861e+00
   5.4741888e+00
   6.0652928e+00
  -7.8369838e+00
  -1.0915264e+00
  -1.5455500e+00
  -1.4068202e+01
  -4.5358952e+00
  -3.2763083e+00
   6.1421845e+00
  -4.3431039e+00
  -9.0098604e+00
   6.3601703e+00
  -1.4997858e+01
  -5.7449984e+00
  -2.4043576e+00
  -1.5000842e+00
  -1.0251267e+01
  -6.7037252e+00
  -5.9957510e+00
  -6.4786221e+00
  -1.1234265e+01
  -1.4599399e+00
  -3.3489675e+00
   4.3492332e+00
  -1.1286126e+01
  -1.3781442e+01
  -1.9794262e+00
  -1.1444238e+01
  -7.9940885e+00
   3.4420176e+00
  -5.4508144e+00
   5.0645364e+00
  -2.4765457e-01
   7.9170515e+00
   3.2932383e+00
  -1.4161461e+01
  -7.6797191e+00
  -6.4717085e+00
   1.8413986e+00
  -6.9341141e+00
  -1.1046926e+01
  -1.1263852e+00
   4.0186623e+00
  -8.7385429e+00
  -5.8567915e+00
  -6.7003787e+00
  -1.4431389e+01
  -1.3047324e+01
  -1.2871668e+01
  -1.5942800e+01
  -6.8775251e+00
  -2.2644159e+00
   6.2213245e+00
   1.5837133e+00
  -1.5539099e+01
  -9.4631344e+00
  -5.3713210e+00
  -5.0053539e+00
   2.3215184e+00
  -1.4849452e+01
   4.4684395e+00
  -1.1859439e+01
   2.3157430e+00
   3.6206046e+00
  -5.3697938e+00
  -7.5097096e+00
   3.8325548e-01
  -1.3571025e+01
   6.9097750e+00
  -1.5624013e+01
  -8.8154706e+00
  -1.4501492e+01
  -5.3610467e+00
  -7.4873989e+00
  -9.1063890e+00
  -4.3012716e+00
  -1.2290480e+01
  -1.2274806e+01
  -7.4289909e+00
   4.7027041e+00
  -8.3661888e+00
  -1.2854276e+01
  -8.6590956e+00
  -3.5465395e+00
  -1.1899502e+01
  -5.5086658e+00
  -8.3928099e+00
  -6.2926451e+00
   3.6400809e+00
   4.2278647e+00
  -1.5905437e+01
  -6.6459845e-02
  -1.4340686e+00
  -1.9652556e+00
   3.3137051e+00
   4.8504405e+00
  -2.6974278e+00
   9.3538892e-01
   4.9931136e+00
  -2.2308562e+00
   3.1307685e+00
   4.0324490e+00
  -6.6286258e+00
  -2.8797403e-01
  -1.7246813e+00
  -5.6114461e+00
  -6.5741718e+00
  -6.9906192e+00
  -1.1856653e+01
  -1.6985109e+00
  -7.1081771e+00
  -8.6207641e+00
   1.3454491e-01
   3.4405572e+00
  -1.2349158e+01
  -1.5356148e+01
   6.7344161e-01
  -9.9586196e+00
  -1.1748296e+00
  -6.3655238e+00
   7.9774624e+00
  -8.5007363e+00
  -6.2085681e+00
  -2.2962426e+00
  -1.2564100e+01
  -1.0091429e-01
   4.8250681e+00
  -1.2895116e+01
  -1.2450147e+00
  -1.2987461e+01
  -1.1362329e+01
  -1.0991903e+01
   6.8132290e+00
  -1.5763547e+01
  -1.2367330e+01
  -7.4152416e+00
  -2.7350256e+00
   6.2957310e+00
   4.4702040e+00
  -7.1026230e+00
   2.6301517e+00
   2.1931772e+00
   5.4411355e+00
   1.4988249e+00
   1.7463920e-01
  -1.3962648e+01
  -1.0714757e+01
   5.0771821e+00
  -8.7351884e+00
   8.7966766e-01
   7.9951383e+00
  -8.9305089e+00
  -9.1635193e+00
   5.5594748e+00
  -1.5791746e+01
  -2.0776292e+00
   1.9669041e+00
  -1.1812467e+01
  -4.6289420e-01
   4.4364433e+00
   5.9021702e+00
  -8.1001374e+00
  -1.2799912e+01
  -1.3715506e+01
  -7.3318282e-01
   6.8592775e+00
   2.4518647e+00
  -1.3763527e+01
   2.5766354e+00
   3.8983771e+00
  -8.0233104e+00
  -1.1249404e+01
   2.8553274e+00
  -9.8725245e+00
   6.1523418e+00
   4.7234442e+00
   7.1265001e-01
   7.2167598e+00
  -1.3445346e+01
  -1.2877349e+01
  -3.5656076e+00
  -1.5572352e+01
  -1.0215072e+01
  -3.4087129e+00
  -1.4674895e+01
  -1.1611568e+01
   5.0430507e+00
   2.6018092e+00
  -4.5490431e+00
   4.1298650e+00
   3.1401600e-01
   4.5776639e+00
   2.9122232e+00
  -1.5130242e+01
  -1.4930970e+01
   3.7667555e+00
  -1.5061270e+01
  -3.2324997e+00
  -4.7576750e+00
  -1.3873348e+01
   3.1351417e+00
  -4.7289912e+00
  -8.8729427e+00
  -3.1421402e+00
  -1.4864143e+01
  -3.0316599e+00
  -1.3715510e+01
  -1.2349642e+01
  -1.4704463e+00
  -6.1134417e+00
   5.1936816e+00
  -3.2786697e+00
  -2.8070217e+00
   3.5182541e+00
  -2.7707424e-01
   4.3335118e+00
  -1.2948896e+01
  -1.4399301e+01
  -1.4596029e+01
   1.4103069e+00
   2.5318377e+00
  -2.5467221e+00
  -4.6955798e+00
   5.0540228e+00
  -1.0787980e+00
   4.9696382e+00
   7.5478999e+00
  -1.8418055e-02
  -1.0590852e+01
  -6.7944860e+00
  -8.6382315e+00
  -5.1339212e+00
  -2.8303308e+00
   8.4919716e-02
   7.7970747e+00
  -1.1159899e+01
   4.2025560e+00
   7.5473315e+00
  -7.2143988e+00
  -2.3869544e+00
   2.6483345e+00
   2.7226579e+00
  -4.6273456e+00
   1.3569900e+00
  -5.4117014e+00
   3.7683296e+00
  -4.4678130e+00
  -6.2356221e-01
  -1.1305108e+01
  -1.4896757e+01
  -1.5204831e+01
  -1.3633333e+01
   3.4013314e+00
   4.7883753e+00
   6.1042779e+00
  -1.2304961e+01
  -1.2537712e+01
  -5.8465533e+00
  -5.8341351e+00
   7.6741076e+00
  -1.2011546e+01
  -1.0029913e+01
   6.7633418e+00
  -1.0970063e+01
  -1.4114090e+01
   1.3056366e+00
  -1.3195557e+01
  -8.4211165e+00
  -1.1158264e+01
  -8.0986375e+00
  -1.1506669e+01
   3.5507624e+00
  -3.6203213e+00
  -4.8032997e+00
  -8.2909756e-01
  -1.1496746e+01
  -1.4149633e+01
  -1.3360882e+01
   1.0887069e+00
  -7.1566353e+00
  -5.1054704e+00
  -1.2794591e+01
  -1.2834448e+01
   5.6074372e+00
  -7.8844603e+00
  -8.2705302e+00
  -4.9195203e+00
  -3.4851850e+00
  -1.3179061e+01
  -8.1982195e+00
   4.3400814e+00
  -1.0273258e+01
  -8.8480889e+00
   7.0375032e-02
  -1.6828130e+00
  -1.3948139e+01
  -6.7721284e+00
  -1.5602645e+01
  -4.7059957e-01
  -2.1863277e+00
  -1.4932949e+01
  -3.1702521e+00
   4.9685481e+00
  -9.6773263e+00
   2.5558204e+00
  -5.0329877e+00
  -1.4297399e+01
   2.7190884e-01
   8.3238609e-01
  -1.2012442e+01
  -6.8749754e+00
   2.6158104e+00
   2.6981261e+00
  -1.5654967e+01
  -1.2056028e+01
  -1.5641955e+01
  -1.4900114e+01
   6.3856288e+00
  -7.5543924e+00
  -8.7679027e+00
  -3.1660704e+00
  -2.8452331e+00
  -1.0798754e+01
   3.1282115e+00
  -6.0418387e+00
  -1.3286904e+00
  -5.7831606e+00
   7.9368490e+00
  -1.2859112e+01
  -1.3866904e+01
  -3.9822411e+00
  -9.3746634e+00
  -1.1592803e+01
  -1.2909127e+00
   1.5846324e+00
  -1.2557179e+01
  -5.1329647e+00
  -1.5191991e+01
   9.9842723e-01
  -1.3337418e+01
  -1.5468601e+01
   4.9580230e-01
  -6.8019257e+00
  -1.0609569e+01
   1.0343848e+00
  -1.8852450e+00
  -4.7742631e-01
  -1.4113788e+01
  -1.3588325e+01
   6.0595794e+00
  -1.4818398e+01
  -1.5183665e+01
  -4.9463250e+00
  -1.0405402e+01
   1.9564505e-01
   4.7123848e+00
  -6.4149646e+00
  -1.4148539e+01
  -9.0231396e+00
  -8.8507534e+00
   5.8065542e+00
  -1.0404436e+01
  -2.2449259e+00
  -1.1492244e+01
  -8.3070817e+00
  -1.8136961e+00
  -1.1124151e+01
  -1.3755117e+01
   1.7414937e+00
  -1.2566515e+01
  -1.0219334e+01
  -7.0238801e+00
  -9.5357065e+00
  -7.2873288e+00
  -5.5050821e+00
   3.8577231e+00
  -6.3289126e+00
  -1.5162143e+01
  -7.4629396e+00
   7.9040299e+00
   1.1593252e+00
  -1.0037767e+01
  -1.0523275e+01
  -7.5539706e+00
  -4.6941481e+00
  -3.9241543e+00
  -1.1726241e+01
  -5.0560216e+00
  -5.5538781e+00
  -4.7743147e+00
  -1.4603279e+01
   6.8074024e+00
  -1.3690457e+01
   4.8522988e+00
  -2.6964330e-01
   2.0045503e+00
   4.6367837e+00
  -6.1484186e+00
  -1.5437882e+01
  -7.0082608e+00
  -3.6968246e+00
  -3.6904854e+00
   4.1064170e+00
   6.9334796e-01
  -1.0962919e+01
  -1.5223029e+01
  -1.5381885e+01
  -4.5319198e+00
  -1.5182923e+01
   4.6843692e+00
  -1.3629485e+01
   5.8662261e+00
  -6.1221631e-01
   2.1368839e+00
  -6.2272334e+00
  -4.1434325e+00
  -5.9201487e+00
  -1.5809768e+01
  -1.7154401e-01
   4.7751943e+00
   4.5812338e+00
  -1.3799326e+01
   6.1801806e+00
  -8.5749978e+00
  -5.1080070e+00
  -1.0756089e+01
  -1.0644901e+01
  -1.4927038e+01
   6.3500819e+00
  -1.2249434e+01
  -6.3841813e+00
  -1.4910044e+01
  -6.9542465e+00
   1.7754505e+00
   5.0721193e+00
  -1.5134855e+01
  -5.2446414e+00
  -1.5499680e+01
  -5.4353789e+00
  -8.0898252e+00
  -2.6322227e+00
  -9.4619509e+00
  -6.8924353e-01
   2.8904640e+00
   1.9452629e+00
   9.9382254e-01
  -1.4565560e+01
  -2.1431356e+00
   7.6876898e+00
  -6.0472801e+00
  -4.6205061e+00
  -1.1521499e+01
   1.4876232e+00
  -1.0668355e+01
  -9.1901980e+00
  -8.4131891e+00
  -1.4298617e+01
  -1.5725477e+00
  -1.2651288e+01
   2.8353568e+00
  -1.2961433e+01
   7.5735486e+00
   4.5057557e+00
   2.9621514e+00
   3.9424840e-01
  -7.2292386e+00
  -8.6278083e+00
  -1.3312524e+01
  -1.0650427e+01
   7.0820448e-01
  -8.3379039e+00
   5.6596390e+00
   1.2450567e+00
  -1.1251544e+01
  -7.2798169e+00
   6.4102258e+00
  -3.2562156e+00
   3.4638779e+00
  -1.9470587e+00
  -1.2324690e+01
  -1.2562298e+01
  -1.3449184e+01
   6.4695037e+00
  -3.6274482e+00
   1.4522907e+00
  -3.6303364e+00
  -4.7532837e+00
  -5.9273001e+00
   7.2171062e+00
   4.8256514e+00
  -1.0772159e+01
  -1.5137718e+01
  -7.0378484e+00
  -3.0842743e+00
  -1.7655130e+00
   4.1944382e+00
  -6.8530295e+00
  -1.1169058e+01
   6.3885210e+00
   5.3233501e+00
  -1.2081183e+01
  -6.2111509e+00
   6.8683538e+00
  -5.4646570e+00
   7.5800144e+00
   3.0285305e+00
   5.3126916e+00
  -6.4433757e+00
   2.9002245e+00
  -1.4174361e+00
   3.8802680e+00
  -3.0217761e+00
  -1.7255836e+00
   8.1647042e-02
  -6.7560403e+00
  -8.1380846e+00
  -1.2399276e+01
  -2.7689735e+00
  -1.3805351e+01
  -2.9065508e+00
   1.6827951e+00
   5.2011743e+00
  -5.8821930e+00
   6.3768771e+00
  -1.5296340e+01
   7.2642110e+00
   2.7883102e+00
  -1.5293876e+01
  -4.8876916e+00
  -1.5648879e+01
   2.0500975e+00
   4.8804224e+00
   3.5420496e-01
  -4.7599813e+00
   9.4605428e-02
   3.1700567e+00
  -1.5857450e+01
   7.5874589e+00
   4.9943995e+00
   7.1759591e+00
   1.8459407e+00
   1.6160279e+00
  -6.2997981e-01
   1.9248360e+00
  -8.9716726e+00
   2.8099897e+00
  -7.7136398e+00
  -1.5201117e+01
  -2.6921489e+00
  -5.3635027e-01
  -4.5649266e+00
   6.7133692e+00
  -3.9529917e+00
  -1.1220215e+01
  -1.8376102e+00
   6.4366181e+00
   7.6344147e-01
  -4.6607417e+00
   3.7391962e+00
   4.7514535e+00
   4.1622409e+00
  -1.0487021e+01
  -7.6018748e+00
   3.1227342e+00
  -1.5048261e-01
  -1.0432638e+01
  -5.1329484e+00
  -3.8901740e+00
  -5.4772201e+00
  -1.3716282e+01
  -1.1925070e+01
   7.4350610e+00
  -1.3810316e+01
  -4.0921084e+00
   7.4339890e+00
  -2.1841712e+00
   7.4501915e+00
  -5.5247286e+00
  -7.7482199e+00
  -7.5854486e+00
  -1.3331961e+01
  -3.3544062e+00
  -1.0398871e+01
   2.4653985e-01
  -9.2746754e+00
  -1.3265247e-01
  -1.1531163e+01
   5.1182092e+00
  -1.4853170e+01
  -9.7826125e+00
  -7.0524462e+00
  -9.1961420e-01
  -7.6480363e+00
   6.4222720e+00
  -1.7065119e+00
   6.8274271e+00
  -3.3874102e+00
  -9.4010339e+00
   4.9016125e+00
  -1.2799030e+00
  -1.3624433e+01
   4.6032971e+00
  -1.4195183e+01
   1.7455851e+00
  -7.1848637e+00
  -1.2187637e+01
   1.0403684e+00
  -1.3334790e+01
   4.0236671e+00
  -2.7216147e+00
  -4.6006095e+00
  -4.8344178e+00
  -4.7011277e+00
  -7.5328185e+00
  -1.0340392e+01
  -1.1097255e+01
  -1.4154827e+01
   7.9159383e+00
   2.9719196e+00
  -1.9168327e+00
   3.3503895e+00
   3.9973101e+00
  -6.1328127e+00
   2.2124066e-01
  -2.2246793e+00
  -1.0321769e+01
  -1.3834270e+00
  -1.6380812e+00
   7.7421779e+00
  -1.5548177e+01
  -1.8791392e+00
   3.5302036e+00
  -7.9982615e+00
  -6.1315973e+00
   1.9463589e+00
   4.8663109e+00
   5.4020470e+00
  -2.8984980e+00
   6.4238508e+00
  -1.0898465e+01
  -4.5154158e+00
  -4.1671818e+00
  -3.6235759e+00
   6.5716194e+00
   7.7852211e+00
  -4.7182139e+00
   4.4541672e+00
  -5.8429897e+00
  -6.0636085e+00
  -1.6373492e+00
  -6.0970927e+00
   6.8378125e+00
  -8.1753132e+00
  -2.5347257e+00
  -1.0678330e+01
  -1.5879626e+01
   6.6286002e+00
  -4.2983562e+00
  -6.9020236e+00
  -8.0208913e-01
  -3.3916081e+00
  -9.9067833e+00
  -2.9983262e-01
  -8.5764297e+00
  -1.1306551e+01
  -7.9369715e+00
  -1.3263470e+01
  -5.9924176e+00
  -1.5933717e+01
  -1.4443718e+01
  -1.1485858e+01
   7.6321211e+00
  -9.5681902e+00
  -1.1423778e+00
  -1.5095045e-01
  -1.3834427e+01
  -3.4441888e+00
  -2.1455509e+00
  -1.1945212e+01
   8.8194921e-01
   7.8547750e+00
  -1.4920921e+01
  -7.7419123e+00
  -8.1081460e+00
  -2.6164869e+00
  -1.2634363e+01
  -8.5616829e+00
  -7.9095704e+00
   4.6059245e+00
   1.9199431e-01
   7.6883909e+00
  -5.4427881e+00
  -3.4658468e+00
   2.3280211e-01
   7.0901772e+00
   7.9597722e+00
  -2.4900493e-01
  -4.5997931e+00
  -1.1654512e+01
  -1.2693407e+01
  -4.4119467e+00
  -1.5118630e+01
   7.7831214e+00
  -1.7680384e+00
   2.9358952e+00
  -2.4232572e+00
  -1.4570099e+01
  -1.2316896e+01
  -4.5207333e+00
  -1.3027769e+00
  -1.0444299e+01
   5.1848900e+00
  -1.4253307e+01
   2.4651188e+00
   1.0346332e+00
  -7.0437930e+00
  -1.4366066e+01
  -7.4143348e+00
  -1.4463283e+01
  -5.6496703e+00
  -6.5378796e+00
  -1.2643661e+01
  -7.7078033e+00
  -8.2367683e+00
   5.4631705e-01
  -1.3708168e+01
   3.1213208e+00
  -7.4292687e+00
  -5.4739691e+00
   4.1755209e+00
   3.1187456e+00
  -1.3715118e+00
  -1.1217805e+01
  -6.3933408e+00
  -4.6463627e+00
  -7.3374326e-01
   6.7343734e+00
   1.0587454e+00
  -7.0781084e+00
  -8.1971627e+00
  -1.1572029e+01
  -9.9370696e+00
   1.9860957e+00
   5.6277282e+00
  -1.4160579e+00
  -1.4325599e+01
  -5.9719960e+00
  -1.2242639e+01
  -2.1845033e+00
  -1.2506458e+01
   1.3140476e+00
  -8.8683795e+00
  -1.9704704e+00
  -9.5262703e+00
  -1.3645212e+01
  -1.3448660e+01
   6.0403771e+00
  -7.8938784e+00
  -3.9568620e+00
  -1.3506444e+01
  -2.7892146e+00
  -1.5475711e+01
  -1.0774878e+01
   1.0859255e+00
  -8.6692092e+00
  -4.6460933e-01
  -5.9291860e+00
   8.1170076e-01
  -1.1669981e+00
   6.9594046e+00
   5.5066636e-01
  -1.4573564e+01
  -3.3386889e+00
  -6.3714276e+00
   5.5788173e+00
  -1.0676394e+01
  -8.9366778e+00
  -1.4784379e+01
   4.5393086e+00
   4.4037998e+00
  -2.3196859e+00
  -1.6330972e+00
  -1.0367667e+01
  -1.1485993e+01
  -3.3266301e+00
   3.2433534e+00
  -1.1039323e+01
   5.1331873e+00
  -1.2976337e+01
  -1.2759741e+00
  -1.3654051e+01
  -4.0887461e-01
  -1.1492795e+01
   2.9991313e-01
   2.5822811e-01
  -1.1272964e+01
   7.7043809e+00
  -7.1640332e+00
  -8.2415848e+00
  -3.7393524e+00
  -7.3211662e+00
   5.0474073e+00
  -2.9524667e+00
  -1.9685113e+00
   4.8972652e+00
  -1.2145813e+01
  -1.0132391e+01
   3.5489268e+00
  -7.5629954e+00
  -8.5639309e+00
  -2.7473600e+00
  -1.2455162e+01
  -1.0637389e+01
  -9.4026505e+00
  -1.2140740e+01
  -1.0153963e+01
  -1.0929695e+01
   7.8005405e+00
   6.8400434e+00
  -1.0726771e+01
  -9.0386723e+00
  -4.5025748e-01
   7.7249969e+00
  -8.5031840e+00
   2.9665351e+00
  -3.2264993e+00
   7.9090196e+00
  -2.3844297e+00
  -1.1934607e+01
  -1.1055166e+01
   5.4213935e-01
   4.4898860e+00
  -2.0878973e+00
  -5.8734373e+00
   6.2575042e+00
  -1.1292026e+01
  -5.9457657e+00
  -1.2606674e+01
  -4.2609671e+00
  -8.5639639e+00
   3.6876225e+00
  -1.1181609e+01
  -1.1508609e+01
  -8.5931953e+00
  -4.4940487e+00
  -1.4651475e+01
  -4.9847251e+00
  -5.5685783e+00
   3.9728981e+00
   6.4831217e+00
   7.3989625e+00
  -3.9170953e+00
   4.2224528e+00
   1.8259909e+00
  -8.4161594e+00
  -4.7043924e+00
  -3.6903604e+00
   4.1797148e+00
   6.1838830e+00
  -1.3894637e+01
  -3.1262221e+00
   2.0782828e-03
   1.8597022e+00
  -2.1154362e+00
   4.3878839e+00
  -1.8410995e+00
  -1.3243522e+01
   7.1731522e+00
  -1.3596866e+01
   2.5979297e+00
  -2.7261546e+00
  -2.1592926e+00
   5.6799740e+00
  -9.8465788e+00
   7.6254254e+00
  -1.9715743e+00
  -4.7374015e+00
  -1.0647908e+01
  -1.3781647e+01
   4.4063277e+00
  -5.4244844e+00
  -5.4645144e+00
  -1.5816822e+01
  -8.7850469e+00
  -5.5056874e+00
  -5.7269160e+00
   3.0412503e+00
  -6.2297724e+00
  -4.0230461e+00
   4.1099310e+00
   5.0455912e+00
  -1.4308977e+01
   1.7391971e+00
  -9.1914873e+00
  -3.3495560e+00
   6.4906997e+00
  -8.3152223e+00
  -1.1108171e+01
  -8.5317364e-01
  -2.7924939e+00
  -7.0853519e+00
   3.6002117e+00
   5.3581843e+00
   2.1148761e+00
  -1.5674701e+00
  -1.5924511e+01
  -1.1120938e+01
   2.3870033e+00
  -1.5862169e+01
  -2.5432945e+00
  -1.2114104e+01
  -1.7706331e+00
  -3.5582748e+00
  -2.1554036e-01
  -6.0014013e+00
  -1.3508004e+01
  -3.7912524e+00
   7.1393006e-01
  -6.2416829e+00
  -1.0506514e+00
   1.0957890e+00
  -8.1280770e-01
  -1.7866828e+00
  -7.1764829e+00
   7.5899383e+00
  -9.8408129e+00
  -4.5123449e+00
  -6.8411409e+00
  -4.3425830e+00
   4.2598393e+00
   7.5395988e+00
  -1.5452716e+01
  -7.1370280e+00
   5.4316256e+00
   1.8312804e+00
  -2.6424115e+00
  -9.2617900e+00
  -2.5393530e+00
  -5.2125358e+00
   7.1026979e+00
  -5.8297690e+00
   5.1595532e+00
   6.2892117e+00
  -7.5442569e+00
   5.6816122e+00
  -1.1811873e+01
  -1.5054677e+01
   5.2441082e+00
  -5.0413940e+00
  -1.3550063e+01
   4.9022190e+00
  -6.4218920e-01
   2.4169861e+00
  -1.4301385e+01
   4.6122392e+00
  -9.2162591e+00
   5.8918794e+00
  -1.3497915e+01
  -7.3691337e+00
  -7.1806269e-01
   3.7857485e-01
   5.6036407e+00
  -8.4570106e+00
  -6.2383834e+00
  -1.2268437e+01
  -1.7478228e+00
   5.4820164e-01
  -1.2812625e+01
  -9.6078361e+00
  -9.5772376e+00
   4.4155067e+00
  -1.3434160e+01
  -8.0082905e+00
  -7.1884537e+00
   1.1107986e+00
  -1.1782292e-01
  -6.2702514e+00
   4.0221802e+00
  -1.0102639e+01
  -1.5093076e+01
  -1.8370536e+00
  -8.5592161e+00
  -5.5144730e+00
   4.0962199e+00
   2.7320925e+00
  -7.3384540e+00
   3.2292810e+00
  -1.5862330e+01
   6.7519795e+00
  -1.4681721e+01
   7.4064847e-01
   7.6389469e+00
  -6.8844112e+00
  -4.3455547e+00
   8.2901999e-01
  -7.7410728e+00
   4.0625325e+00
  -8.7159326e+00
  -6.5583069e+00
   7.5545861e+00
   5.4741888e+00
   6.0652928e+00
  -7.8369838e+00
  -1.0915264e+00
  -1.5455500e+00
  -1.4068202e+01
  -4.5358952e+00
  -3.2763083e+00
   6.1421845e+00
  -4.3431039e+00
  -9.0098604e+00
   6.3601703e+00
  -1.4997858e+01
  -5.7449984e+00
  -2.4043576e+00
  -1.5000842e+00
  -1.0251267e+01
  -6.7037252e+00
  -5.9957510e+00
  -6.4786221e+00
  -1.1234265e+01
  -1.4599399e+00
  -3.3489675e+00
   4.3492332e+00
  -1.1286126e+01
  -1.3781442e+01
  -1.9794262e+00
  -1.1444238e+01
  -7.9940885e+00
   3.4420176e+00
  -5.4508144e+00
   5.0645364e+00
  -2.4765457e-01
   7.9170515e+00
   3.2932383e+00
  -1.4161461e+01
  -7.6797191e+00
  -6.4717085e+00
   1.8413986e+00
  -6.9341141e+00
  -1.1046926e+01
  -1.1263852e+00
   4.0186623e+00
  -8.7385429e+00
  -5.8567915e+00
  -6.7003787e+00
  -1.4431389e+01
  -1.3047324e+01
  -1.2871668e+01
  -1.5942800e+01
  -6.8775251e+00
  -2.2644159e+00
   6.2213245e+00
   1.5837133e+00
  -1.5539099e+01
  -9.4631344e+00
  -5.3713210e+00
  -5.0053539e+00
   2.3215184e+00
  -1.4849452e+01
   4.4684395e+00
  -1.1859439e+01
   2.3157430e+00
   3.6206046e+00
  -5.3697938e+00
  -7.5097096e+00
   3.8325548e-01
  -1.3571025e+01
   6.9097750e+00
  -1.5624013e+01
  -8.8154706e+00
  -1.4501492e+01
  -5.3610467e+00
  -7.4873989e+00
  -9.1063890e+00
  -4.3012716e+00
  -1.2290480e+01
  -1.2274806e+01
  -7.4289909e+00
   4.7027041e+00
  -8.3661888e+00
  -1.2854276e+01
  -8.6590956e+00
  -3.5465395e+00
  -1.1899502e+01
  -5.5086658e+00
  -8.3928099e+00
  -6.2926451e+00
   3.6400809e+00
   4.2278647e+00
  -1.5905437e+01
  -6.6459845e-02
  -1.4340686e+00
  -1.9652556e+00
   3.3137051e+00
   4.8504405e+00
  -2.6974278e+00
   9.3538892e-01
   4.9931136e+00
  -2.2308562e+00
   3.1307685e+00
   4.0324490e+00
  -6.6286258e+00
  -2.8797403e-01
  -1.7246813e+00
  -5.6114461e+00
  -6.5741718e+00
  -6.9906192e+00
  -1.1856653e+01
  -1.6985109e+00
  -7.1081771e+00
  -8.6207641e+00
   1.3454491e-01
   3.4405572e+00
  -1.2349158e+01
  -1.5356148e+01
   6.7344161e-01
  -9.9586196e+00
  -1.1748296e+00
  -6.3655238e+00
   7.9774624e+00
  -8.5007363e+00
  -6.2085681e+00
  -2.2962426e+00
  -1.2564100e+01
  -1.0091429e-01
   4.8250681e+00
  -1.2895116e+01
  -1.2450147e+00
  -1.2987461e+01
  -1.1362329e+01
  -1.0991903e+01
   6.8132290e+00
  -1.5763547e+01
  -1.2367330e+01
  -7.4152416e+00
  -2.7350256e+00
   6.2957310e+00
   4.4702040e+00
  -7.1026230e+00
   2.6301517e+00
   2.1931772e+00
   5.4411355e+00
   1.4988249e+00
   1.7463920e-01
  -1.3962648e+01
  -1.0714757e+01
   5.0771821e+00
  -8.7351884e+00
   8.7966766e-01
   7.9951383e+00
  -8.9305089e+00
  -9.1635193e+00
   5.5594748e+00
  -1.5791746e+01
  -2.0776292e+00
   1.9669041e+00
  -1.1812467e+01
  -4.6289420e-01
   4.4364433e+00
   5.9021702e+00
  -8.1001374e+00
  -1.2799912e+01
  -1.3715506e+01
  -7.3318282e-01
   6.8592775e+00
   2.4518647e+00
  -1.3763527e+01
   2.5766354e+00
   3.8983771e+00
  -8.0233104e+00
  -1.1249404e+01
   2.8553274e+00
  -9.8725245e+00
   6.1523418e+00
   4.7234442e+00
   7.1265001e-01
   7.2167598e+00
  -1.3445346e+01
  -1.2877349e+01
  -3.5656076e+00
  -1.5572352e+01
  -1.0215072e+01
  -3.4087129e+00
  -1.4674895e+01
  -1.1611568e+01
   5.0430507e+00
   2.6018092e+00
  -4.5490431e+00
   4.1298650e+00
   3.1401600e-01
   4.5776639e+00
   2.9122232e+00
  -1.5130242e+01
  -1.4930970e+01
   3.7667555e+00
  -1.5061270e+01
  -3.2324997e+00
  -4.7576750e+00
  -1.3873348e+01
   3.1351417e+00
  -4.7289912e+00
  -8.8729427e+00
  -3.1421402e+00
  -1.4864143e+01
  -3.0316599e+00
  -1.3715510e+01
  -1.2349642e+01
  -1.4704463e+00
  -6.1134417e+00
   5.1936816e+00
  -3.2786697e+00
  -2.8070217e+00
   3.5182541e+00
  -2.7707424e-01
   4.3335118e+00
  -1.2948896e+01
  -1.4399301e+01
  -1.4596029e+01
   1.4103069e+00
   2.5318377e+00
  -2.5467221e+00
  -4.6955798e+00
   5.0540228e+00
  -1.0787980e+00
   4.9696382e+00
   7.5478999e+00
  -1.8418055e-02
  -1.0590852e+01
  -6.7944860e+00
  -8.6382315e+00
  -5.1339212e+00
  -2.8303308e+00
   8.4919716e-02
   7.7970747e+00
  -1.1159899e+01
   4.2025560e+00
   7.5473315e+00
  -7.2143988e+00
  -2.3869544e+00
   2.6483345e+00
   2.7226579e+00
  -4.6273456e+00
   1.3569900e+00
  -5.4117014e+00
   3.7683296e+00
  -4.4678130e+00
  -6.2356221e-01
  -1.1305108e+01
  -1.4896757e+01
  -1.5204831e+01
  -1.3633333e+01
   3.4013314e+00
   4.7883753e+00
   6.1042779e+00
  -1.2304961e+01
  -1.2537712e+01
  -5.8465533e+00
  -5.8341351e+00
   7.6741076e+00
  -1.2011546e+01
  -1.0029913e+01
   6.7633418e+00
  -1.0970063e+01
  -1.4114090e+01
   1.3056366e+00
  -1.3195557e+01
  -8.4211165e+00
  -1.1158264e+01
  -8.0986375e+00
  -1.1506669e+01
   3.5507624e+00
  -3.6203213e+00
  -4.8032997e+00
  -8.2909756e-01
  -1.1496746e+01
  -1.4149633e+01
  -1.3360882e+01
   1.0887069e+00
  -7.1566353e+00
  -5.1054704e+00
  -1.2794591e+01
  -1.2834448e+01
   5.6074372e+00
  -7.8844603e+00
  -8.2705302e+00
  -4.9195203e+00
  -3.4851850e+00
  -1.3179061e+01
  -8.1982195e+00
   4.3400814e+00
  -1.0273258e+01
  -8.8480889e+00
   7.0375032e-02
  -1.6828130e+00
  -1.3948139e+01
  -6.7721284e+00
  -1.5602645e+01
  -4.7059957e-01
  -2.1863277e+00
  -1.4932949e+01
  -3.1702521e+00
   4.9685481e+00
  -9.6773263e+00
   2.5558204e+00
  -5.0329877e+00
  -1.4297399e+01
   2.7190884e-01
   8.3238609e-01
  -1.2012442e+01
  -6.8749754e+00
   2.6158104e+00
   2.6981261e+00
  -1.5654967e+01
  -1.2056028e+01
  -1.5641955e+01
  -1.4900114e+01
   6.3856288e+00
  -7.5543924e+00
  -8.7679027e+00
  -3.1660704e+00
  -2.8452331e+00
  -1.0798754e+01
   3.1282115e+00
  -6.0418387e+00
  -1.3286904e+00
  -5.7831606e+00
   7.9368490e+00
  -1.2859112e+01
  -1.3866904e+01
  -3.9822411e+00
  -9.3746634e+00
  -1.1592803e+01
  -1.2909127e+00
   1.5846324e+00
  -1.2557179e+01
  -5.1329647e+00
  -1.5191991e+01
   9.9842723e-01
  -1.3337418e+01
  -1.5468601e+01
   4.9580230e-01
  -6.8019257e+00
  -1.0609569e+01
   1.0343848e+00
  -1.8852450e+00
  -4.7742631e-01
  -1.4113788e+01
  -1.3588325e+01
   6.0595794e+00
  -1.4818398e+01
  -1.5183665e+01
  -4.9463250e+00
  -1.0405402e+01
   1.9564505e-01
   4.7123848e+00
  -6.4149646e+00
  -1.4148539e+01
  -9.0231396e+00
  -8.8507534e+00
   5.8065542e+00
  -1.0404436e+01
  -2.2449259e+00
  -1.1492244e+01
  -8.3070817e+00
  -1.8136961e+00
  -1.1124151e+01
  -1.3755117e+01
   1.7414937e+00
  -1.2566515e+01
  -1.0219334e+01
  -7.0238801e+00
  -9.5357065e+00
  -7.2873288e+00
  -5.5050821e+00
   3.8577231e+00
  -6.3289126e+00
  -1.5162143e+01
  -7.4629396e+00
   7.9040299e+00
   1.1593252e+00
  -1.0037767e+01
  -1.0523275e+01
  -7.5539706e+00
  -4.6941481e+00
  -3.9241543e+00
  -1.1726241e+01
  -5.0560216e+00
  -5.5538781e+00
  -4.7743147e+00
  -1.4603279e+01
   6.8074024e+00
  -1.3690457e+01
   4.8522988e+00
  -2.6964330e-01
   2.0045503e+00
   4.6367837e+00
  -6.1484186e+00
  -1.5437882e+01
  -7.0082608e+00
  -3.6968246e+00
  -3.6904854e+00
   4.1064170e+00
   6.9334796e-01
  -1.0962919e+01
  -1.5223029e+01
  -1.5381885e+01
  -4.5319198e+00
  -1.5182923e+01
   4.6843692e+00
  -1.3629485e+01
   5.8662261e+00
  -6.1221631e-01
   2.1368839e+00
  -6.2272334e+00
  -4.1434325e+00
  -5.9201487e+00
  -1.5809768e+01
  -1.7154401e-01
   4.7751943e+00
   4.5812338e+00
  -1.3799326e+01
   6.1801806e+00
  -8.5749978e+00
  -5.1080070e+00
  -1.0756089e+01
  -1.0644901e+01
  -1.4927038e+01
   6.3500819e+00
  -1.2249434e+01
  -6.3841813e+00
  -1.4910044e+01
  -6.9542465e+00
   1.7754505e+00
   5.0721193e+00
  -1.5134855e+01
  -5.2446414e+00
  -1.5499680e+01
  -5.4353789e+00
  -8.0898252e+00
  -2.6322227e+00
  -9.4619509e+00
  -6.8924353e-01
   2.8904640e+00
   1.9452629e+00
   9.9382254e-01
  -1.4565560e+01
  -2.1431356e+00
   7.6876898e+00
  -6.0472801e+00
  -4.6205061e+00
  -1.1521499e+01
   1.4876232e+00
  -1.0668355e+01
  -9.1901980e+00
  -8.4131891e+00
  -1.4298617e+01
  -1.5725477e+00
  -1.2651288e+01
   2.8353568e+00
  -1.2961433e+01
   7.5735486e+00
   4.5057557e+00
   2.9621514e+00
   3.9424840e-01
  -7.2292386e+00
  -8.6278083e+00
  -1.3312524e+01
  -1.0650427e+01
   7.0820448e-01
  -8.3379039e+00
   5.6596390e+00
   1.2450567e+00
  -1.1251544e+01
  -7.2798169e+00
   6.4102258e+00
  -3.2562156e+00
   3.4638779e+00
  -1.9470587e+00
  -1.2324690e+01
  -1.2562298e+01
  -1.3449184e+01
   6.4695037e+00
  -3.6274482e+00
   1.4522907e+00
  -3.6303364e+00
  -4.7532837e+00
  -5.9273001e+00
   7.2171062e+00
   4.8256514e+00
  -1.0772159e+01
  -1.5137718e+01
  -7.0378484e+00
  -3.0842743e+00
  -1.7655130e+00
   4.1944382e+00
  -6.8530295e+00
  -1.1169058e+01
   6.3885210e+00
   5.3233501e+00
  -1.2081183e+01
  -6.2111509e+00
   6.8683538e+00
  -5.4646570e+00
   7.5800144e+00
   3.0285305e+00
   5.3126916e+00
  -6.4433757e+00
   2.9002245e+00
  -1.4174361e+00
   3.8802680e+00
  -3.0217761e+00
  -1.7255836e+00
   8.1647042e-02
  -6.7560403e+00
  -8.1380846e+00
  -1.2399276e+01
  -2.7689735e+00
  -1.3805351e+01
  -2.9065508e+00
   1.6827951e+00
   5.2011743e+00
  -5.8821930e+00
   6.3768771e+00
  -1.5296340e+01
   7.2642110e+00
   2.7883102e+00
  -1.5293876e+01
  -4.8876916e+00
  -1.5648879e+01
   2.0500975e+00
   4.8804224e+00
   3.5420496e-01
  -4.7599813e+00
   9.4605428e-02
   3.1700567e+00
  -1.5857450e+01
   7.5874589e+00
   4.9943995e+00
   7.1759591e+00
   1.8459407e+00
   1.6160279e+00
  -6.2997981e-01
   1.9248360e+00
  -8.9716726e+00
   2.8099897e+00
  -7.7136398e+00
  -1.5201117e+01
  -2.6921489e+00
  -5.3635027e-01
  -4.5649266e+00
   6.7133692e+00
  -3.9529917e+00
  -1.1220215e+01
  -1.8376102e+00
   6.4366181e+00
   7.6344147e-01
  -4.6607417e+00
   3.7391962e+00
   4.7514535e+00
   4.1622409e+00
  -1.0487021e+01
  -7.6018748e+00
   3.1227342e+00
  -1.5048261e-01
  -1.0432638e+01
  -5.1329484e+00
  -3.8901740e+00
  -5.4772201e+00
  -1.3716282e+01
  -1.1925070e+01
   7.4350610e+00
  -1.3810316e+01
  -4.0921084e+00
   7.4339890e+00
  -2.1841712e+00
   7.4501915e+00
  -5.5247286e+00
  -7.7482199e+00
  -7.5854486e+00
  -1.3331961e+01
  -3.3544062e+00
  -1.0398871e+01
   2.4653985e-01
  -9.2746754e+00
  -1.3265247e-01
  -1.1531163e+01
   5.1182092e+00
  -1.4853170e+01
  -9.7826125e+00
  -7.0524462e+00
  -9.1961420e-01
  -7.6480363e+00
   6.4222720e+00
  -1.7065119e+00
   6.8274271e+00
  -3.3874102e+00
  -9.4010339e+00
   4.9016125e+00
  -1.2799030e+00
  -1.3624433e+01
   4.6032971e+00
  -1.4195183e+01
   1.7455851e+00
  -7.1848637e+00
  -1.2187637e+01
   1.0403684e+00
  -1.3334790e+01
   4.0236671e+00
  -2.7216147e+00
  -4.6006095e+00
  -4.8344178e+00
  -4.7011277e+00
  -7.5328185e+00
  -1.0340392e+01
  -1.1097255e+01
  -1.4154827e+01
   7.9159383e+00
   2.9719196e+00
  -1.9168327e+00
   3.3503895e+00
   3.9973101e+00
  -6.1328127e+00
   2.2124066e-01
  -2.2246793e+00
  -1.0321769e+01
  -1.3834270e+00
  -1.6380812e+00
   7.7421779e+00
  -1.5548177e+01
  -1.8791392e+00
   3.5302036e+00
  -7.9982615e+00
  -6.1315973e+00
   1.9463589e+00
   4.8663109e+00
   5.4020470e+00
  -2.8984980e+00
   6.4238508e+00
  -1.0898465e+01
  -4.5154158e+00
  -4.1671818e+00
  -3.6235759e+00
   6.5716194e+00
   7.7852211e+00
  -4.7182139e+00
   4.4541672e+00
  -5.8429897e+00
  -6.0636085e+00
  -1.6373492e+00
  -6.0970927e+00
   6.8378125e+00
  -8.1753132e+00
  -2.5347257e+00
  -1.0678330e+01
  -1.5879626e+01
   6.6286002e+00
  -4.2983562e+00
  -6.9020236e+00
  -8.0208913e-01
  -3.3916081e+00
  -9.9067833e+00
  -2.9983262e-01
  -8.5764297e+00
  -1.1306551e+01
  -7.9369715e+00
  -1.3263470e+01
  -5.9924176e+00
  -1.5933717e+01
  -1.4443718e+01
  -1.1485858e+01
   7.6321211e+00
  -9.5681902e+00
  -1.1423778e+00
  -1.5095045e-01
  -1.3834427e+01
  -3.4441888e+00
  -2.1455509e+00
  -1.1945212e+01
   8.8194921e-01
   7.8547750e+00
  -1.4920921e+01
  -7.7419123e+00
  -8.1081460e+00
  -2.6164869e+00
  -1.2634363e+01
  -8.5616829e+00
  -7.9095704e+00
   4.6059245e+00
   1.9199431e-01
   7.6883909e+00
  -5.4427881e+00
  -3.4658468e+00
   2.3280211e-01
   7.0901772e+00
   7.9597722e+00
  -2.4900493e-01
  -4.5997931e+00
  -1.1654512e+01
  -1.2693407e+01
  -4.4119467e+00
  -1.5118630e+01
   7.7831214e+00
  -1.7680384e+00
   2.9358952e+00
  -2.4232572e+00
  -1.4570099e+01
  -1.2316896e+01
  -4.5207333e+00
  -1.3027769e+00
  -1.0444299e+01
   5.1848900e+00
  -1.4253307e+01
   2.4651188e+00
   1.0346332e+00
  -7.0437930e+00
  -1.4366066e+01
  -7.4143348e+00
  -1.4463283e+01
  -5.6496703e+00
  -6.5378796e+00
  -1.2643661e+01
  -7.7078033e+00
  -8.2367683e+00
   5.4631705e-01
  -1.3708168e+01
   3.1213208e+00
  -7.4292687e+00
  -5.4739691e+00
   4.1755209e+00
   3.1187456e+00
  -1.3715118e+00
  -1.1217805e+01
  -6.3933408e+00
  -4.6463627e+00
  -7.3374326e-01
   6.7343734e+00
   1.0587454e+00
  -7.0781084e+00
  -8.1971627e+00
  -1.1572029e+01
  -9.9370696e+00
   1.9860957e+00
   5.6277282e+00
  -1.4160579e+00
  -1.4325599e+01
  -5.9719960e+00
  -1.2242639e+01
  -2.1845033e+00
  -1.2506458e+01
   1.3140476e+00
  -8.8683795e+00
  -1.9704704e+00
  -9.5262703e+00
  -1.3645212e+01
  -1.3448660e+01
   6.0403771e+00
  -7.8938784e+00
  -3.9568620e+00
  -1.3506444e+01
  -2.7892146e+00
  -1.5475711e+01
  -1.0774878e+01
   1.0859255e+00
  -8.6692092e+00
  -4.6460933e-01
  -5.9291860e+00
   8.1170076e-01
  -1.1669981e+00
   6.9594046e+00
   5.5066636e-01
  -1.4573564e+01
  -3.3386889e+00
  -6.3714276e+00
   5.5788173e+00
  -1.0676394e+01
  -8.9366778e+00
  -1.4784379e+01
   4.5393086e+00
   4.4037998e+00
  -2.3196859e+00
  -1.6330972e+00
  -1.0367667e+01
  -1.1485993e+01
  -3.3266301e+00
   3.2433534e+00
  -1.1039323e+01
   5.1331873e+00
  -1.2976337e+01
  -1.2759741e+00
  -1.3654051e+01
  -4.0887461e-01
  -1.1492795e+01
   2.9991313e-01
   2.5822811e-01
  -1.1272964e+01
   7.7043809e+00
  -7.1640332e+00
  -8.2415848e+00
  -3.7393524e+00
  -7.3211662e+00
   5.0474073e+00
  -2.9524667e+00
  -1.9685113e+00
   4.8972652e+00
  -1.2145813e+01
  -1.0132391e+01
   3.5489268e+00
  -7.5629954e+00
  -8.5639309e+00
  -2.7473600e+00
  -1.2455162e+01
  -1.0637389e+01
  -9.4026505e+00
  -1.2140740e+01
  -1.0153963e+01
  -1.0929695e+01
   7.8005405e+00
   6.8400434e+00
  -1.0726771e+01
  -9.0386723e+00
  -4.5025748e-01
   7.7249969e+00
  -8.5031840e+00
   2.9665351e+00
  -3.2264993e+00
   7.9090196e+00
  -2.3844297e+00
  -1.1934607e+01
  -1.1055166e+01
   5.4213935e-01
   4.4898860e+00
  -2.0878973e+00
  -5.8734373e+00
   6.2575042e+00
  -1.1292026e+01
  -5.9457657e+00
  -1.2606674e+01
  -4.2609671e+00
  -8.5639639e+00
   3.6876225e+00
  -1.1181609e+01
  -1.1508609e+01
  -8.5931953e+00
  -4.4940487e+00
  -1.4651475e+01
  -4.9847251e+00
  -5.5685783e+00
   3.9728981e+00
   6.4831217e+00
   7.3989625e+00
  -3.9170953e+00
   4.2224528e+00
   1.8259909e+00
  -8.4161594e+00
  -4.7043924e+00
  -3.6903604e+00
   4.1797148e+00
   6.1838830e+00
  -1.3894637e+01
  -3.1262221e+00
   2.0782828e-03
   1.8597022e+00
  -2.1154362e+00
   4.3878839e+00
  -1.8410995e+00
  -1.3243522e+01
   7.1731522e+00
  -1.3596866e+01
   2.5979297e+00
  -2.7261546e+00
  -2.1592926e+00
   5.6799740e+00
  -9.8465788e+00
   7.6254254e+00
  -1.9715743e+00
  -4.7374015e+00
  -1.0647908e+01
  -1.3781647e+01
   4.4063277e+00
  -5.4244844e+00
  -5.4645144e+00
  -1.5816822e+01
  -8.7850469e+00
  -5.5056874e+00
  -5.7269160e+00
   3.0412503e+00
  -6.2297724e+00
  -4.0230461e+00
   4.1099310e+00
   5.0455912e+00
  -1.4308977e+01
   1.7391971e+00
  -9.1914873e+00
  -3.3495560e+00
   6.4906997e+00
  -8.3152223e+00
  -1.1108171e+01
  -8.5317364e-01
  -2.7924939e+00
  -7.0853519e+00
   3.6002117e+00
   5.3581843e+00
   2.1148761e+00
  -1.5674701e+00
  -1.5924511e+01
  -1.1120938e+01
   2.3870033e+00
  -1.5862169e+01
  -2.5432945e+00
  -1.2114104e+01
  -1.7706331e+00
  -3.5582748e+00
  -2.1554036e-01
  -6.0014013e+00
  -1.3508004e+01
  -3.7912524e+00
   7.1393006e-01
  -6.2416829e+00
  -1.0506514e+00
   1.0957890e+00
  -8.1280770e-01
  -1.7866828e+00
  -7.1764829e+00
   7.5899383e+00
  -9.8408129e+00
  -4.5123449e+00
  -6.8411409e+00
  -4.3425830e+00
   4.2598393e+00
   7.5395988e+00
  -1.5452716e+01
  -7.1370280e+00
   5.4316256e+00
   1.8312804e+00
  -2.6424115e+00
  -9.2617900e+00
  -2.5393530e+00
  -5.2125358e+00
   7.1026979e+00
  -5.8297690e+00
   5.1595532e+00
   6.2892117e+00
  -7.5442569e+00
   5.6816122e+00
  -1.1811873e+01
  -1.5054677e+01
   5.2441082e+00
  -5.0413940e+00
  -1.3550063e+01
   4.9022190e+00
  -6.4218920e-01
   2.4169861e+00
  -1.4301385e+01
   4.6122392e+00
  -9.2162591e+00
   5.8918794e+00
  -1.3497915e+01
  -7.3691337e+00
  -7.1806269e-01
   3.7857485e-01
   5.6036407e+00
  -8.4570106e+00
  -6.2383834e+00
  -1.2268437e+01
  -1.7478228e+00
   5.4820164e-01
  -1.2812625e+01
  -9.6078361e+00
  -9.5772376e+00
   4.4155067e+00
  -1.3434160e+01
  -8.0082905e+00
  -7.1884537e+00
   1.1107986e+00
  -1.1782292e-01
  -6.2702514e+00
   4.0221802e+00
  -1.0102639e+01
  -1.5093076e+01
  -1.8370536e+00
  -8.5592161e+00
  -5.5144730e+00
   4.0962199e+00
   2.7320925e+00
  -7.3384540e+00
   3.2292810e+00
  -1.5862330e+01
   6.7519795e+00
  -1.4681721e+01
   7.4064847e-01
   7.6389469e+00
  -6.8844112e+00
  -4.3455547e+00
   8.2901999e-01
  -7.7410728e+00
   4.0625325e+00
  -8.7159326e+00
  -6.5583069e+00
   7.5545861e+00
   5.4741888e+00
   6.0652928e+00
  -7.8369838e+00
  -1.0915264e+00
  -1.5455500e+00
  -1.4068202e+01
  -4.5358952e+00
  -3.2763083e+00
   6.1421845e+00
  -4.3431039e+00
  -9.0098604e+00
   6.3601703e+00
  -1.4997858e+01
  -5.7449984e+00
  -2.4043576e+00
  -1.5000842e+00
  -1.0251267e+01
  -6.7037252e+00
  -5.9957510e+00
  -6.4786221e+00
  -1.1234265e+01
  -1.4599399e+00
  -3.3489675e+00
   4.3492332e+00
  -1.1286126e+01
  -1.3781442e+01
  -1.9794262e+00
  -1.1444238e+01
  -7.9940885e+00
   3.4420176e+00
  -5.4508144e+00
   5.0645364e+00
  -2.4765457e-01
   7.9170515e+00
   3.2932383e+00
  -1.4161461e+01
  -7.6797191e+00
  -6.4717085e+00
   1.8413986e+00
  -6.9341141e+00
  -1.1046926e+01
  -1.1263852e+00
   4.0186623e+00
  -8.7385429e+00
  -5.8567915e+00
  -6.7003787e+00
  -1.4431389e+01
  -1.3047324e+01
  -1.2871668e+01
  -1.5942800e+01
  -6.8775251e+00
  -2.2644159e+00
   6.2213245e+00
   1.5837133e+00
  -1.5539099e+01
  -9.4631344e+00
  -5.3713210e+00
  -5.0053539e+00
   2.3215184e+00
  -1.4849452e+01
   4.4684395e+00
  -1.1859439e+01
   2.3157430e+00
   3.6206046e+00
  -5.3697938e+00
  -7.5097096e+00
   3.8325548e-01
  -1.3571025e+01
   6.9097750e+00
  -1.5624013e+01
  -8.8154706e+00
  -1.4501492e+01
  -5.3610467e+00
  -7.4873989e+00
  -9.1063890e+00
  -4.3012716e+00
  -1.2290480e+01
  -1.2274806e+01
  -7.4289909e+00
   4.7027041e+00
  -8.3661888e+00
  -1.2854276e+01
  -8.6590956e+00
  -3.5465395e+00
  -1.1899502e+01
  -5.5086658e+00
  -8.3928099e+00
  -6.2926451e+00
   3.6400809e+00
   4.2278647e+00
  -1.5905437e+01
  -6.6459845e-02
  -1.4340686e+00
  -1.9652556e+00
   3.3137051e+00
   4.8504405e+00
  -2.6974278e+00
   9.3538892e-01
   4.9931136e+00
  -2.2308562e+00
   3.1307685e+00
   4.0324490e+00
  -6.6286258e+00
  -2.8797403e-01
  -1.7246813e+00
  -5.6114461e+00
  -6.5741718e+00
  -6.9906192e+00
  -1.1856653e+01
  -1.6985109e+00
  -7.1081771e+00
  -8.6207641e+00
   1.3454491e-01
   3.4405572e+00
  -1.2349158e+01
  -1.5356148e+01
   6.7344161e-01
  -9.9586196e+00
  -1.1748296e+00
  -6.3655238e+00
   7.9774624e+00
  -8.5007363e+00
  -6.2085681e+00
  -2.2962426e+00
  -1.2564100e+01
  -1.0091429e-01
   4.8250681e+00
  -1.2895116e+01
  -1.2450147e+00
  -1.2987461e+01
  -1.1362329e+01
  -1.0991903e+01
   6.8132290e+00
  -1.5763547e+01
  -1.2367330e+01
  -7.4152416e+00
  -2.7350256e+00
   6.2957310e+00
   4.4702040e+00
  -7.1026230e+00
   2.6301517e+00
   2.1931772e+00
   5.4411355e+00
   1.4988249e+00
   1.7463920e-01
  -1.3962648e+01
  -1.0714757e+01
   5.0771821e+00
  -8.7351884e+00
   8.7966766e-01
   7.9951383e+00
  -8.9305089e+00
  -9.1635193e+00
   5.5594748e+00
  -1.5791746e+01
  -2.0776292e+00
   1.9669041e+00
  -1.1812467e+01
  -4.6289420e-01
   4.4364433e+00
   5.9021702e+00
  -8.1001374e+00
  -1.2799912e+01
  -1.3715506e+01
  -7.3318282e-01
   6.8592775e+00
   2.4518647e+00
  -1.3763527e+01
   2.5766354e+00
   3.8983771e+00
  -8.0233104e+00
  -1.1249404e+01
   2.8553274e+00
  -9.8725245e+00
   6.1523418e+00
   4.7234442e+00
   7.1265001e-01
   7.2167598e+00
  -1.3445346e+01
  -1.2877349e+01
  -3.5656076e+00
  -1.5572352e+01
  -1.0215072e+01
  -3.4087129e+00
  -1.4674895e+01
  -1.1611568e+01
   5.0430507e+00
   2.6018092e+00
  -4.5490431e+00
   4.1298650e+00
   3.1401600e-01
   4.5776639e+00
   2.9122232e+00
  -1.5130242e+01
  -1.4930970e+01
   3.7667555e+00
  -1.5061270e+01
  -3.2324997e+00
  -4.7576750e+00
  -1.3873348e+01
   3.1351417e+00
  -4.7289912e+00
  -8.8729427e+00
  -3.1421402e+00
  -1.4864143e+01
  -3.0316599e+00
  -1.3715510e+01
  -1.2349642e+01
  -1.4704463e+00
  -6.1134417e+00
   5.1936816e+00
  -3.2786697e+00
  -2.8070217e+00
   3.5182541e+00
  -2.7707424e-01
   4.3335118e+00
  -1.2948896e+01
  -1.4399301e+01
  -1.4596029e+01
   1.4103069e+00
   2.5318377e+00
  -2.5467221e+00
  -4.6955798e+00
   5.0540228e+00
  -1.0787980e+00
   4.9696382e+00
   7.5478999e+00
  -1.8418055e-02
  -1.0590852e+01
  -6.7944860e+00
  -8.6382315e+00
  -5.1339212e+00
  -2.8303308e+00
   8.4919716e-02
   7.7970747e+00
  -1.1159899e+01
   4.2025560e+00
   7.5473315e+00
  -7.2143988e+00
  -2.3869544e+00
   2.6483345e+00
   2.7226579e+00
  -4.6273456e+00
   1.3569900e+00
  -5.4117014e+00
   3.7683296e+00
  -4.4678130e+00
  -6.2356221e-01
  -1.1305108e+01
  -1.4896757e+01
  -1.5204831e+01
  -1.3633333e+01
   3.4013314e+00
   4.7883753e+00
   6.1042779e+00
  -1.2304961e+01
  -1.2537712e+01
  -5.8465533e+00
  -5.8341351e+00
   7.6741076e+00
  -1.2011546e+01
  -1.0029913e+01
   6.7633418e+00
  -1.0970063e+01
  -1.4114090e+01
   1.3056366e+00
  -1.3195557e+01
  -8.4211165e+00
  -1.1158264e+01
  -8.0986375e+00
  -1.1506669e+01
   3.5507624e+00
  -3.6203213e+00
  -4.8032997e+00
  -8.2909756e-01
  -1.1496746e+01
  -1.4149633e+01
  -1.3360882e+01
   1.0887069e+00
  -7.1566353e+00
  -5.1054704e+00
  -1.2794591e+01
  -1.2834448e+01
   5.6074372e+00
  -7.8844603e+00
  -8.2705302e+00
  -4.9195203e+00
  -3.4851850e+00
  -1.3179061e+01
  -8.1982195e+00
   4.3400814e+00
  -1.0273258e+01
  -8.8480889e+00
   7.0375032e-02
  -1.6828130e+00
  -1.3948139e+01
  -6.7721284e+00
  -1.5602645e+01
  -4.7059957e-01
  -2.1863277e+00
  -1.4932949e+01
  -3.1702521e+00
   4.9685481e+00
  -9.6773263e+00
   2.5558204e+00
  -5.0329877e+00
  -1.4297399e+01
   2.7190884e-01
   8.3238609e-01
  -1.2012442e+01
  -6.8749754e+00
   2.6158104e+00
   2.6981261e+00
  -1.5654967e+01
  -1.2056028e+01
  -1.5641955e+01
  -1.4900114e+01
   6.3856288e+00
  -7.5543924e+00
  -8.7679027e+00
  -3.1660704e+00
  -2.8452331e+00
  -1.0798754e+01
   3.1282115e+00
  -6.0418387e+00
  -1.3286904e+00
  -5.7831606e+00
   7.9368490e+00
  -1.2859112e+01
  -1.3866904e+01
  -3.9822411e+00
  -9.3746634e+00
  -1.1592803e+01
  -1.2909127e+00
   1.5846324e+00
  -1.2557179e+01
  -5.1329647e+00
  -1.5191991e+01
   9.9842723e-01
  -1.3337418e+01
  -1.5468601e+01
   4.9580230e-01
  -6.8019257e+00
  -1.0609569e+01
   1.0343848e+00
  -1.8852450e+00
  -4.7742631e-01
  -1.4113788e+01
  -1.3588325e+01
   6.0595794e+00
  -1.4818398e+01
  -1.5183665e+01
  -4.9463250e+00
  -1.0405402e+01
   1.9564505e-01
   4.7123848e+00
  -6.4149646e+00
  -1.4148539e+01
  -9.0231396e+00
  -8.8507534e+00
   5.8065542e+00
  -1.0404436e+01
  -2.2449259e+00
  -1.1492244e+01
  -8.3070817e+00
  -1.8136961e+00
  -1.1124151e+01
  -1.3755117e+01
   1.7414937e+00
  -1.2566515e+01
  -1.0219334e+01
  -7.0238801e+00
  -9.5357065e+00
  -7.2873288e+00
  -5.5050821e+00
   3.8577231e+00
  -6.3289126e+00
  -1.5162143e+01
  -7.4629396e+00
   7.9040299e+00
   1.1593252e+00
  -1.0037767e+01
  -1.0523275e+01
  -7.5539706e+00
  -4.6941481e+00
  -3.9241543e+00
  -1.1726241e+01
  -5.0560216e+00
  -5.5538781e+00
  -4.7743147e+00
  -1.4603279e+01
   6.8074024e+00
  -1.3690457e+01
   4.8522988e+00
  -2.6964330e-01
   2.0045503e+00
   4.6367837e+00
  -6.1484186e+00
  -1.5437882e+01
  -7.0082608e+00
  -3.6968246e+00
  -3.6904854e+00
   4.1064170e+00
   6.9334796e-01
  -1.0962919e+01
  -1.5223029e+01
  -1.5381885e+01
  -4.5319198e+00
  -1.5182923e+01
   4.6843692e+00
  -1.3629485e+01
   5.8662261e+00
  -6.1221631e-01
   2.1368839e+00
  -6.2272334e+00
  -4.1434325e+00
  -5.9201487e+00
  -1.5809768e+01
  -1.7154401e-01
   4.7751943e+00
   4.5812338e+00
  -1.3799326e+01
   6.1801806e+00
  -8.5749978e+00
  -5.1080070e+00
  -1.0756089e+01
  -1.0644901e+01
  -1.4927038e+01
   6.3500819e+00
  -1.2249434e+01
  -6.3841813e+00
  -1.4910044e+01
  -6.9542465e+00
   1.7754505e+00
   5.0721193e+00
  -1.5134855e+01
  -5.2446414e+00
  -1.5499680e+01
  -5.4353789e+00
  -8.0898252e+00
  -2.6322227e+00
  -9.4619509e+00
  -6.8924353e-01
   2.8904640e+00
   1.9452629e+00
   9.9382254e-01
  -1.4565560e+01
  -2.1431356e+00
   7.6876898e+00
  -6.0472801e+00
  -4.6205061e+00
  -1.1521499e+01
   1.4876232e+00
  -1.0668355e+01
  -9.1901980e+00
  -8.4131891e+00
  -1.4298617e+01
  -1.5725477e+00
  -1.2651288e+01
   2.8353568e+00
  -1.2961433e+01
   7.5735486e+00
   4.5057557e+00
   2.9621514e+00
   3.9424840e-01
  -7.2292386e+00
  -8.6278083e+00
  -1.3312524e+01
  -1.0650427e+01
   7.0820448e-01
  -8.3379039e+00
   5.6596390e+00
   1.2450567e+00
  -1.1251544e+01
  -7.2798169e+00
   6.4102258e+00
  -3.2562156e+00
   3.4638779e+00
  -1.9470587e+00
  -1.2324690e+01
  -1.2562298e+01
  -1.3449184e+01
   6.4695037e+00
  -3.6274482e+00
   1.4522907e+00
  -3.6303364e+00
  -4.7532837e+00
  -5.9273001e+00
   7.2171062e+00
   4.8256514e+00
  -1.0772159e+01
  -1.5137718e+01
  -7.0378484e+00
  -3.0842743e+00
  -1.7655130e+00
   4.1944382e+00
  -6.8530295e+00
  -1.1169058e+01
   6.3885210e+00
   5.3233501e+00
  -1.2081183e+01
  -6.2111509e+00
   6.8683538e+00
  -5.4646570e+00
   7.5800144e+00
   3.0285305e+00
   5.3126916e+00
  -6.4433757e+00
   2.9002245e+00
  -1.4174361e+00
   3.8802680e+00
  -3.0217761e+00
  -1.7255836e+00
   8.1647042e-02
  -6.7560403e+00
  -8.1380846e+00
  -1.2399276e+01
  -2.7689735e+00
  -1.3805351e+01
  -2.9065508e+00
   1.6827951e+00
   5.2011743e+00
  -5.8821930e+00
   6.3768771e+00
  -1.5296340e+01
   7.2642110e+00
   2.7883102e+00
  -1.5293876e+01
  -4.8876916e+00
  -1.5648879e+01
   2.0500975e+00
   4.8804224e+00
   3.5420496e-01
  -4.7599813e+00
   9.4605428e-02
   3.1700567e+00
  -1.5857450e+01
   7.5874589e+00
   4.9943995e+00
   7.1759591e+00
   1.8459407e+00
   1.6160279e+00
  -6.2997981e-01
   1.9248360e+00
  -8.9716726e+00
   2.8099897e+00
  -7.7136398e+00
  -1.5201117e+01
  -2.6921489e+00
  -5.3635027e-01
  -4.5649266e+00
   6.7133692e+00
  -3.9529917e+00
  -1.1220215e+01
  -1.8376102e+00
   6.4366181e+00
   7.6344147e-01
  -4.6607417e+00
   3.7391962e+00
   4.7514535e+00
   4.1622409e+00
  -1.0487021e+01
  -7.6018748e+00
   3.1227342e+00
  -1.5048261e-01
  -1.0432638e+01
  -5.1329484e+00
  -3.8901740e+00
  -5.4772201e+00
  -1.3716282e+01
  -1.1925070e+01
   7.4350610e+00
  -1.3810316e+01
  -4.0921084e+00
   7.4339890e+00
  -2.1841712e+00
   7.4501915e+00
  -5.5247286e+00
  -7.7482199e+00
  -7.5854486e+00
  -1.3331961e+01
  -3.3544062e+00
  -1.0398871e+01
   2.4653985e-01
  -9.2746754e+00
  -1.3265247e-01
  -1.1531163e+01
   5.1182092e+00
  -1.4853170e+01
  -9.7826125e+00
  -7.0524462e+00
  -9.1961420e-01
  -7.6480363e+00
   6.4222720e+00
  -1.7065119e+00
   6.8274271e+00
  -3.3874102e+00
  -9.4010339e+00
   4.9016125e+00
  -1.2799030e+00
  -1.3624433e+01
   4.6032971e+00
  -1.4195183e+01
   1.7455851e+00
  -7.1848637e+00
  -1.2187637e+01
   1.0403684e+00
  -1.3334790e+01
   4.0236671e+00
  -2.7216147e+00
  -4.6006095e+00
  -4.8344178e+00
  -4.7011277e+00
  -7.5328185e+00
  -1.0340392e+01
  -1.1097255e+01
  -1.4154827e+01
   7.9159383e+00
   2.9719196e+00
  -1.9168327e+00
   3.3503895e+00
   3.9973101e+00
  -6.1328127e+00
   2.2124066e-01
  -2.2246793e+00
  -1.0321769e+01
  -1.3834270e+00
  -1.6380812e+00
   7.7421779e+00
  -1.5548177e+01
  -1.8791392e+00
   3.5302036e+00
  -7.9982615e+00
  -6.1315973e+00
   1.9463589e+00
   4.8663109e+00
   5.4020470e+00
  -2.8984980e+00
   6.4238508e+00
  -1.0898465e+01
  -4.5154158e+00
  -4.1671818e+00
  -3.6235759e+00
   6.5716194e+00
   7.7852211e+00
  -4.7182139e+00
   4.4541672e+00
  -5.8429897e+00
  -6.0636085e+00
  -1.6373492e+00
  -6.0970927e+00
   6.8378125e+00
  -8.1753132e+00
  -2.5347257e+00
  -1.0678330e+01
  -1.5879626e+01
   6.6286002e+00
  -4.2983562e+00
  -6.9020236e+00
  -8.0208913e-01
  -3.3916081e+00
  -9.9067833e+00
  -2.9983262e-01
  -8.5764297e+00
  -1.1306551e+01
  -7.9369715e+00
  -1.3263470e+01
  -5.9924176e+00
  -1.5933717e+01
  -1.4443718e+01
  -1.1485858e+01
   7.6321211e+00
  -9.5681902e+00
  -1.1423778e+00
  -1.5095045e-01
  -1.3834427e+01
  -3.4441888e+00
  -2.1455509e+00
  -1.1945212e+01
   8.8194921e-01
   7.8547750e+00
  -1.4920921e+01
  -7.7419123e+00
  -8.1081460e+00
  -2.6164869e+00
  -1.2634363e+01
  -8.5616829e+00
  -7.9095704e+00
   4.6059245e+00
   1.9199431e-01
   7.6883909e+00
  -5.4427881e+00
  -3.4658468e+00
   2.3280211e-01
   7.0901772e+00
   7.9597722e+00
  -2.4900493e-01
  -4.5997931e+00
  -1.1654512e+01
  -1.2693407e+01
  -4.4119467e+00
  -1.5118630e+01
   7.7831214e+00
  -1.7680384e+00
   2.9358952e+00
  -2.4232572e+00
  -1.4570099e+01
  -1.2316896e+01
  -4.5207333e+00
  -1.3027769e+00
  -1.0444299e+01
   5.1848900e+00
  -1.4253307e+01
   2.4651188e+00
   1.0346332e+00
  -7.0437930e+00
  -1.4366066e+01
  -7.4143348e+00
  -1.4463283e+01
  -5.6496703e+00
  -6.5378796e+00
  -1.2643661e+01
  -7.7078033e+00
  -8.2367683e+00
   5.4631705e-01
  -1.3708168e+01
   3.1213208e+00
  -7.4292687e+00
  -5.4739691e+00
   4.1755209e+00
   3.1187456e+00
  -1.3715118e+00
  -1.1217805e+01
  -6.3933408e+00
  -4.6463627e+00
  -7.3374326e-01
   6.7343734e+00
   1.0587454e+00
  -7.0781084e+00
  -8.1971627e+00
  -1.1572029e+01
  -9.9370696e+00
   1.9860957e+00
   5.6277282e+00
  -1.4160579e+00
  -1.4325599e+01
  -5.9719960e+00
  -1.2242639e+01
  -2.1845033e+00
  -1.2506458e+01
   1.3140476e+00
  -8.8683795e+00
  -1.9704704e+00
  -9.5262703e+00
  -1.3645212e+01
  -1.3448660e+01
   6.0403771e+00
  -7.8938784e+00
  -3.9568620e+00
  -1.3506444e+01
  -2.7892146e+00
  -1.5475711e+01
  -1.0774878e+01
   1.0859255e+00
  -8.6692092e+00
  -4.6460933e-01
  -5.9291860e+00
   8.1170076e-01
  -1.1669981e+00
   6.9594046e+00
   5.5066636e-01
  -1.4573564e+01
  -3.3386889e+00
  -6.3714276e+00
   5.5788173e+00
  -1.0676394e+01
  -8.9366778e+00
  -1.4784379e+01
   4.5393086e+00
   4.4037998e+00
  -2.3196859e+00
  -1.6330972e+00
  -1.0367667e+01
  -1.1485993e+01
  -3.3266301e+00
   3.2433534e+00
  -1.1039323e+01
   5.1331873e+00
  -1.2976337e+01
  -1.2759741e+00
  -1.3654051e+01
  -4.0887461e-01
  -1.1492795e+01
   2.9991313e-01
   2.5822811e-01
  -1.1272964e+01
   7.7043809e+00
  -7.1640332e+00
  -8.2415848e+00
  -3.7393524e+00
  -7.3211662e+00
   5.0474073e+00
  -2.9524667e+00
  -1.9685113e+00
   4.8972652e+00
  -1.2145813e+01
  -1.0132391e+01
   3.5489268e+00
  -7.5629954e+00
  -8.5639309e+00
  -2.7473600e+00
  -1.2455162e+01
  -1.0637389e+01
  -9.4026505e+00
  -1.2140740e+01
  -1.0153963e+01
  -1.0929695e+01
   7.8005405e+00
   6.8400434e+00
  -1.0726771e+01
  -9.0386723e+00
  -4.5025748e-01
   7.7249969e+00
  -8.5031840e+00
   2.9665351e+00
  -3.2264993e+00
   7.9090196e+00
  -2.3844297e+00
  -1.1934607e+01
  -1.1055166e+01
   5.4213935e-01
   4.4898860e+00
  -2.0878973e+00
  -5.8734373e+00
   6.2575042e+00
  -1.1292026e+01
  -5.9457657e+00
  -1.2606674e+01
  -4.2609671e+00
  -8.5639639e+00
   3.6876225e+00
  -1.1181609e+01
  -1.1508609e+01
  -8.5931953e+00
  -4.4940487e+00
  -1.4651475e+01
  -4.9847251e+00
  -5.5685783e+00
   3.9728981e+00
   6.4831217e+00
   7.3989625e+00
  -3.9170953e+00
   4.2224528e+00
   1.8259909e+00
  -8.4161594e+00
  -4.7043924e+00
  -3.6903604e+00
   4.1797148e+00
   6.1838830e+00
  -1.3894637e+01
  -3.1262221e+00
   2.0782828e-03
   1.8597022e+00
  -2.1154362e+00
   4.3878839e+00
  -1.8410995e+00
  -1.3243522e+01
   7.1731522e+00
  -1.3596866e+01
   2.5979297e+00
  -2.7261546e+00
  -2.1592926e+00
   5.6799740e+00
  -9.8465788e+00
   7.6254254e+00
  -1.9715743e+00
  -4.7374015e+00
  -1.0647908e+01
  -1.3781647e+01
   4.4063277e+00
  -5.4244844e+00
  -5.4645144e+00
  -1.5816822e+01
  -8.7850469e+00
  -5.5056874e+00
  -5.7269160e+00
   3.0412503e+00
  -6.2297724e+00
  -4.0230461e+00
   4.1099310e+00
   5.0455912e+00
  -1.4308977e+01
   1.7391971e+00
  -9.1914873e+00
  -3.3495560e+00
   6.4906997e+00
  -8.3152223e+00
  -1.1108171e+01
  -8.5317364e-01
  -2.7924939e+00
  -7.0853519e+00
   3.6002117e+00
   5.3581843e+00
   2.1148761e+00
  -1.5674701e+00
  -1.5924511e+01
  -1.1120938e+01
   2.3870033e+00
  -1.5862169e+01
  -2.5432945e+00
  -1.2114104e+01
  -1.7706331e+00
  -3.5582748e+00
  -2.1554036e-01
  -6.0014013e+00
  -1.3508004e+01
  -3.7912524e+00
   7.1393006e-01
  -6.2416829e+00
  -1.0506514e+00
   1.0957890e+00
  -8.1280770e-01
  -1.7866828e+00
  -7.1764829e+00
   7.5899383e+00
  -9.8408129e+00
  -4.5123449e+00
  -6.8411409e+00
  -4.3425830e+00
   4.2598393e+00
   7.5395988e+00
  -1.5452716e+01
  -7.1370280e+00
   5.4316256e+00
   1.8312804e+00
  -2.6424115e+00
  -9.2617900e+00
  -2.5393530e+00
  -5.2125358e+00
   7.1026979e+00
  -5.8297690e+00
   5.1595532e+00
   6.2892117e+00
  -7.5442569e+00
   5.6816122e+00
  -1.1811873e+01
  -1.5054677e+01
   5.2441082e+00
  -5.0413940e+00
  -1.3550063e+01
   4.9022190e+00
  -6.4218920e-01
   2.4169861e+00
  -1.4301385e+01
   4.6122392e+00
  -9.2162591e+00
   5.8918794e+00
  -1.3497915e+01
  -7.3691337e+00
  -7.1806269e-01
   3.7857485e-01
   5.6036407e+00
  -8.4570106e+00
  -6.2383834e+00
  -1.2268437e+01
  -1.7478228e+00
   5.4820164e-01
  -1.2812625e+01
  -9.6078361e+00
  -9.5772376e+00
   4.4155067e+00
  -1.3434160e+01
  -8.0082905e+00
  -7.1884537e+00
   1.1107986e+00
  -1.1782292e-01
  -6.2702514e+00
   4.0221802e+00
  -1.0102639e+01
  -1.5093076e+01
  -1.8370536e+00
  -8.5592161e+00
  -5.5144730e+00
   4.0962199e+00
   2.7320925e+00
  -7.3384540e+00
   3.2292810e+00
  -1.5862330e+01
   6.7519795e+00
  -1.4681721e+01
   7.4064847e-01
   7.6389469e+00
  -6.8844112e+00
  -4.3455547e+00
   8.2901999e-01
  -7.7410728e+00
   4.0625325e+00
  -8.7159326e+00
  -6.5583069e+00
   7.5545861e+00
   5.4741888e+00
   6.0652928e+00
  -7.8369838e+00
  -1.0915264e+00
  -1.5455500e+00
  -1.4068202e+01
  -4.5358952e+00
  -3.2763083e+00
   6.1421845e+00
  -4.3431039e+00
  -9.0098604e+00
   6.3601703e+00
  -1.4997858e+01
  -5.7449984e+00
  -2.4043576e+00
  -1.5000842e+00
  -1.0251267e+01
  -6.7037252e+00
  -5.9957510e+00
  -6.4786221e+00
  -1.1234265e+01
  -1.4599399e+00
  -3.3489675e+00
   4.3492332e+00
  -1.1286126e+01
  -1.3781442e+01
  -1.9794262e+00
  -1.1444238e+01
  -7.9940885e+00
   3.4420176e+00
  -5.4508144e+00
   5.0645364e+00
  -2.4765457e-01
   7.9170515e+00
   3.2932383e+00
  -1.4161461e+01
  -7.6797191e+00
  -6.4717085e+00
   1.8413986e+00
  -6.9341141e+00
  -1.1046926e+01
  -1.1263852e+00
   4.0186623e+00
  -8.7385429e+00
  -5.8567915e+00
  -6.7003787e+00
  -1.4431389e+01
  -1.3047324e+01
  -1.2871668e+01
  -1.5942800e+01
  -6.8775251e+00
  -2.2644159e+00
   6.2213245e+00
   1.5837133e+00
  -1.5539099e+01
  -9.4631344e+00
  -5.3713210e+00
  -5.0053539e+00
   2.3215184e+00
  -1.4849452e+01
   4.4684395e+00
  -1.1859439e+01
   2.3157430e+00
   3.6206046e+00
  -5.3697938e+00
  -7.5097096e+00
   3.8325548e-01
  -1.3571025e+01
   6.9097750e+00
  -1.5624013e+01
  -8.8154706e+00
  -1.4501492e+01
  -5.3610467e+00
  -7.4873989e+00
  -9.1063890e+00
  -4.3012716e+00
  -1.2290480e+01
  -1.2274806e+01
  -7.4289909e+00
   4.7027041e+00
  -8.3661888e+00
  -1.2854276e+01
  -8.6590956e+00
  -3.5465395e+00
  -1.1899502e+01
  -5.5086658e+00
  -8.3928099e+00
  -6.2926451e+00
   3.6400809e+00
   4.2278647e+00
  -1.5905437e+01
  -6.6459845e-02
  -1.4340686e+00
  -1.9652556e+00
   3.3137051e+00
   4.8504405e+00
  -2.6974278e+00
   9.3538892e-01
   4.9931136e+00
  -2.2308562e+00
   3.1307685e+00
   4.0324490e+00
  -6.6286258e+00
  -2.8797403e-01
  -1.7246813e+00
  -5.6114461e+00
  -6.5741718e+00
  -6.9906192e+00
  -1.1856653e+01
  -1.6985109e+00
  -7.1081771e+00
  -8.6207641e+00
   1.3454491e-01
   3.4405572e+00
  -1.2349158e+01
  -1.5356148e+01
   6.7344161e-01
  -9.9586196e+00
  -1.1748296e+00
  -6.3655238e+00
   7.9774624e+00
  -8.5007363e+00
  -6.2085681e+00
  -2.2962426e+00
  -1.2564100e+01
  -1.0091429e-01
   4.8250681e+00
  -1.2895116e+01
  -1.2450147e+00
  -1.2987461e+01
  -1.1362329e+01
  -1.0991903e+01
   6.8132290e+00
  -1.5763547e+01
  -1.2367330e+01
  -7.4152416e+00
  -2.7350256e+00
   6.2957310e+00
   4.4702040e+00
  -7.1026230e+00
   2.6301517e+00
   2.1931772e+00
   5.4411355e+00
   1.4988249e+00
   1.7463920e-01
  -1.3962648e+01
  -1.0714757e+01
   5.0771821e+00
  -8.7351884e+00
   8.7966766e-01
   7.9951383e+00
  -8.9305089e+00
  -9.1635193e+00
   5.5594748e+00
  -1.5791746e+01
  -2.0776292e+00
   1.9669041e+00
  -1.1812467e+01
  -4.6289420e-01
   4.4364433e+00
   5.9021702e+00
  -8.1001374e+00
  -1.2799912e+01
  -1.3715506e+01
  -7.3318282e-01
   6.8592775e+00
   2.4518647e+00
  -1.3763527e+01
   2.5766354e+00
   3.8983771e+00
  -8.0233104e+00
  -1.1249404e+01
   2.8553274e+00
  -9.8725245e+00
   6.1523418e+00
   4.7234442e+00
   7.1265001e-01
   7.2167598e+00
  -1.3445346e+01
  -1.2877349e+01
  -3.5656076e+00
  -1.5572352e+01
  -1.0215072e+01
  -3.4087129e+00
  -1.4674895e+01
  -1.1611568e+01
   5.0430507e+00
   2.6018092e+00
  -4.5490431e+00
   4.1298650e+00
   3.1401600e-01
   4.5776639e+00
   2.9122232e+00
  -1.5130242e+01
  -1.4930970e+01
   3.7667555e+00
  -1.5061270e+01
  -3.2324997e+00
  -4.7576750e+00
  -1.3873348e+01
   3.1351417e+00
  -4.7289912e+00
  -8.8729427e+00
  -3.1421402e+00
  -1.4864143e+01
  -3.0316599e+00
  -1.3715510e+01
  -1.2349642e+01
  -1.4704463e+00
  -6.1134417e+00
   5.1936816e+00
  -3.2786697e+00
  -2.8070217e+00
   3.5182541e+00
  -2.7707424e-01
   4.3335118e+00
  -1.2948896e+01
  -1.4399301e+01
  -1.4596029e+01
   1.4103069e+00
   2.5318377e+00
  -2.5467221e+00
  -4.6955798e+00
   5.0540228e+00
  -1.0787980e+00
   4.9696382e+00
   7.5478999e+00
  -1.8418055e-02
  -1.0590852e+01
  -6.7944860e+00
  -8.6382315e+00
  -5.1339212e+00
  -2.8303308e+00
   8.4919716e-02
   7.7970747e+00
  -1.1159899e+01
   4.2025560e+00
   7.5473315e+00
  -7.2143988e+00
  -2.3869544e+00
   2.6483345e+00
   2.7226579e+00
  -4.6273456e+00
   1.3569900e+00
  -5.4117014e+00
   3.7683296e+00
  -4.4678130e+00
  -6.2356221e-01
  -1.1305108e+01
  -1.4896757e+01
  -1.5204831e+01
  -1.3633333e+01
   3.4013314e+00
   4.7883753e+00
   6.1042779e+00
  -1.2304961e+01
  -1.2537712e+01
  -5.8465533e+00
  -5.8341351e+00
   7.6741076e+00
  -1.2011546e+01
  -1.0029913e+01
   6.7633418e+00
  -1.0970063e+01
  -1.4114090e+01
   1.3056366e+00
  -1.3195557e+01
  -8.4211165e+00
  -1.1158264e+01
  -8.0986375e+00
  -1.1506669e+01
   3.5507624e+00
  -3.6203213e+00
  -4.8032997e+00
  -8.2909756e-01
  -1.1496746e+01
  -1.4149633e+01
  -1.3360882e+01
   1.0887069e+00
  -7.1566353e+00
  -5.1054704e+00
  -1.2794591e+01
  -1.2834448e+01
   5.6074372e+00
  -7.8844603e+00
  -8.2705302e+00
  -4.9195203e+00
  -3.4851850e+00
  -1.3179061e+01
  -8.1982195e+00
   4.3400814e+00
  -1.0273258e+01
  -8.8480889e+00
   7.0375032e-02
  -1.6828130e+00
  -1.3948139e+01
  -6.7721284e+00
  -1.5602645e+01
  -4.7059957e-01
  -2.1863277e+00
  -1.4932949e+01
  -3.1702521e+00
   4.9685481e+00
  -9.6773263e+00
   2.5558204e+00
  -5.0329877e+00
  -1.4297399e+01
   2.7190884e-01
   8.3238609e-01
  -1.2012442e+01
  -6.8749754e+00
   2.6158104e+00
   2.6981261e+00
  -1.5654967e+01
  -1.2056028e+01
  -1.5641955e+01
  -1.4900114e+01
   6.3856288e+00
  -7.5543924e+00
  -8.7679027e+00
  -3.1660704e+00
  -2.8452331e+00
  -1.0798754e+01
   3.1282115e+00
  -6.0418387e+00
  -1.3286904e+00
  -5.7831606e+00
   7.9368490e+00
  -1.2859112e+01
  -1.3866904e+01
  -3.9822411e+00
  -9.3746634e+00
  -1.1592803e+01
  -1.2909127e+00
   1.5846324e+00
  -1.2557179e+01
  -5.1329647e+00
  -1.5191991e+01
   9.9842723e-01
  -1.3337418e+01
  -1.5468601e+01
   4.9580230e-01
  -6.8019257e+00
  -1.0609569e+01
   1.0343848e+00
  -1.8852450e+00
  -4.7742631e-01
  -1.4113788e+01
  -1.3588325e+01
   6.0595794e+00
  -1.4818398e+01
  -1.5183665e+01
  -4.9463250e+00
  -1.0405402e+01
   1.9564505e-01
   4.7123848e+00
  -6.4149646e+00
  -1.4148539e+01
  -9.0231396e+00
  -8.8507534e+00
   5.8065542e+00
  -1.0404436e+01
  -2.2449259e+00
  -1.1492244e+01
  -8.3070817e+00
  -1.8136961e+00
  -1.1124151e+01
  -1.3755117e+01
   1.7414937e+00
  -1.2566515e+01
  -1.0219334e+01
  -7.0238801e+00
  -9.5357065e+00
  -7.2873288e+00
  -5.5050821e+00
   3.8577231e+00
  -6.3289126e+00
  -1.5162143e+01
  -7.4629396e+00
   7.9040299e+00
   1.1593252e+00
  -1.0037767e+01
  -1.0523275e+01
  -7.5539706e+00
  -4.6941481e+00
  -3.9241543e+00
  -1.1726241e+01
  -5.0560216e+00
  -5.5538781e+00
  -4.7743147e+00
  -1.4603279e+01
   6.8074024e+00
  -1.3690457e+01
   4.8522988e+00
  -2.6964330e-01
   2.0045503e+00
   4.6367837e+00
  -6.1484186e+00
  -1.5437882e+01
  -7.0082608e+00
  -3.6968246e+00
  -3.6904854e+00
   4.1064170e+00
   6.9334796e-01
  -1.0962919e+01
  -1.5223029e+01
  -1.5381885e+01
  -4.5319198e+00
  -1.5182923e+01
   4.6843692e+00
  -1.3629485e+01
   5.8662261e+00
  -6.1221631e-01
   2.1368839e+00
  -6.2272334e+00
  -4.1434325e+00
  -5.9201487e+00
  -1.5809768e+01
  -1.7154401e-01
   4.7751943e+00
   4.5812338e+00
  -1.3799326e+01
   6.1801806e+00
  -8.5749978e+00
  -5.1080070e+00
  -1.0756089e+01
  -1.0644901e+01
  -1.4927038e+01
   6.3500819e+00
  -1.2249434e+01
  -6.3841813e+00
  -1.4910044e+01
  -6.9542465e+00
   1.7754505e+00
   5.0721193e+00
  -1.5134855e+01
  -5.2446414e+00
  -1.5499680e+01
  -5.4353789e+00
  -8.0898252e+00
  -2.6322227e+00
  -9.4619509e+00
  -6.8924353e-01
   2.8904640e+00
   1.9452629e+00
   9.9382254e-01
  -1.4565560e+01
  -2.1431356e+00
   7.6876898e+00
  -6.0472801e+00
  -4.6205061e+00
  -1.1521499e+01
   1.4876232e+00
  -1.0668355e+01
  -9.1901980e+00
  -8.4131891e+00
  -1.4298617e+01
  -1.5725477e+00
  -1.2651288e+01
   2.8353568e+00
  -1.2961433e+01
   7.5735486e+00
   4.5057557e+00
   2.9621514e+00
   3.9424840e-01
  -7.2292386e+00
  -8.6278083e+00
  -1.3312524e+01
  -1.0650427e+01
   7.0820448e-01
  -8.3379039e+00
   5.6596390e+00
   1.2450567e+00
  -1.1251544e+01
  -7.2798169e+00
   6.4102258e+00
  -3.2562156e+00
   3.4638779e+00
  -1.9470587e+00
  -1.2324690e+01
  -1.2562298e+01
  -1.3449184e+01
   6.4695037e+00
  -3.6274482e+00
   1.4522907e+00
  -3.6303364e+00
  -4.7532837e+00
  -5.9273001e+00
   7.2171062e+00
   4.8256514e+00
  -1.0772159e+01
  -1.5137718e+01
  -7.0378484e+00
  -3.0842743e+00
  -1.7655130e+00
   4.1944382e+00
  -6.8530295e+00
  -1.1169058e+01
   6.3885210e+00
   5.3233501e+00
  -1.2081183e+01
  -6.2111509e+00
   6.8683538e+00
  -5.4646570e+00
   7.5800144e+00
   3.0285305e+00
   5.3126916e+00
  -6.4433757e+00
   2.9002245e+00
  -1.4174361e+00
   3.8802680e+00
  -3.0217761e+00
  -1.7255836e+00
   8.1647042e-02
  -6.7560403e+00
  -8.1380846e+00
  -1.2399276e+01
  -2.7689735e+00
  -1.3805351e+01
  -2.9065508e+00
   1.6827951e+00
   5.2011743e+00
  -5.8821930e+00
   6.3768771e+00
  -1.5296340e+01
   7.2642110e+00
   2.7883102e+00
  -1.5293876e+01
  -4.8876916e+00
  -1.5648879e+01
   2.0500975e+00
   4.8804224e+00
   3.5420496e-01
  -4.7599813e+00
   9.4605428e-02
   3.1700567e+00
  -1.5857450e+01
   7.5874589e+00
   4.9943995e+00
   7.1759591e+00
   1.8459407e+00
   1.6160279e+00
  -6.2997981e-01
   1.9248360e+00
  -8.9716726e+00
   2.8099897e+00
  -7.7136398e+00
  -1.5201117e+01
  -2.6921489e+00
  -5.3635027e-01
  -4.5649266e+00
   6.7133692e+00
  -3.9529917e+00
  -1.1220215e+01
  -1.8376102e+00
   6.4366181e+00
   7.6344147e-01
  -4.6607417e+00
   3.7391962e+00
   4.7514535e+00
   4.1622409e+00
  -1.0487021e+01
  -7.6018748e+00
   3.1227342e+00
  -1.5048261e-01
  -1.0432638e+01
  -5.1329484e+00
  -3.8901740e+00
  -5.4772201e+00
  -1.3716282e+01
  -1.1925070e+01
   7.4350610e+00
  -1.3810316e+01
  -4.0921084e+00
   7.4339890e+00
  -2.1841712e+00
   7.4501915e+00
  -5.5247286e+00
  -7.7482199e+00
  -7.5854486e+00
  -1.3331961e+01
  -3.3544062e+00
  -1.0398871e+01
   2.4653985e-01
  -9.2746754e+00
  -1.3265247e-01
  -1.1531163e+01
   5.1182092e+00
  -1.4853170e+01
  -9.7826125e+00
  -7.0524462e+00
  -9.1961420e-01
  -7.6480363e+00
   6.4222720e+00
  -1.7065119e+00
   6.8274271e+00
  -3.3874102e+00
  -9.4010339e+00
   4.9016125e+00
  -1.2799030e+00
  -1.3624433e+01
   4.6032971e+00
  -1.4195183e+01
   1.7455851e+00
  -7.1848637e+00
  -1.2187637e+01
   1.0403684e+00
  -1.3334790e+01
   4.0236671e+00
  -2.7216147e+00
  -4.6006095e+00
  -4.8344178e+00
  -4.7011277e+00
  -7.5328185e+00
  -1.0340392e+01
  -1.1097255e+01
  -1.4154827e+01
   7.9159383e+00
   2.9719196e+00
  -1.9168327e+00
   3.3503895e+00
   3.9973101e+00
  -6.1328127e+00
   2.2124066e-01
  -2.2246793e+00
  -1.0321769e+01
  -1.3834270e+00
  -1.6380812e+00
   7.7421779e+00
  -1.5548177e+01
  -1.8791392e+00
   3.5302036e+00
  -7.9982615e+00
  -6.1315973e+00
   1.9463589e+00
   4.8663109e+00
   5.4020470e+00
  -2.8984980e+00
   6.4238508e+00
  -1.0898465e+01
  -4.5154158e+00
  -4.1671818e+00
  -3.6235759e+00
   6.5716194e+00
   7.7852211e+00
  -4.7182139e+00
   4.4541672e+00
  -5.8429897e+00
  -6.0636085e+00
  -1.6373492e+00
  -6.0970927e+00
   6.8378125e+00
  -8.1753132e+00
  -2.5347257e+00
  -1.0678330e+01
  -1.5879626e+01
   6.6286002e+00
  -4.2983562e+00
  -6.9020236e+00
  -8.0208913e-01
  -3.3916081e+00
  -9.9067833e+00
  -2.9983262e-01
  -8.5764297e+00
  -1.1306551e+01
  -7.9369715e+00
  -1.3263470e+01
  -5.9924176e+00
  -1.5933717e+01
  -1.4443718e+01
  -1.1485858e+01
   7.6321211e+00
  -9.5681902e+00
  -1.1423778e+00
  -1.5095045e-01
  -1.3834427e+01
  -3.4441888e+00
  -2.1455509e+00
  -1.1945212e+01
   8.8194921e-01
   7.8547750e+00
  -1.4920921e+01
  -7.7419123e+00
  -8.1081460e+00
  -2.6164869e+00
  -1.2634363e+01
  -8.5616829e+00
  -7.9095704e+00
   4.6059245e+00
   1.9199431e-01
   7.6883909e+00
  -5.4427881e+00
  -3.4658468e+00
   2.3280211e-01
   7.0901772e+00
   7.9597722e+00
  -2.4900493e-01
  -4.5997931e+00
  -1.1654512e+01
  -1.2693407e+01
  -4.4119467e+00
  -1.5118630e+01
   7.7831214e+00
  -1.7680384e+00
   2.9358952e+00
  -2.4232572e+00
  -1.4570099e+01
  -1.2316896e+01
  -4.5207333e+00
  -1.3027769e+00
  -1.0444299e+01
   5.1848900e+00
  -1.4253307e+01
   2.4651188e+00
   1.0346332e+00
  -7.0437930e+00
  -1.4366066e+01
  -7.4143348e+00
  -1.4463283e+01
  -5.6496703e+00
  -6.5378796e+00
  -1.2643661e+01
  -7.7078033e+00
  -8.2367683e+00
   5.4631705e-01
  -1.3708168e+01
   3.1213208e+00
  -7.4292687e+00
  -5.4739691e+00
   4.1755209e+00
   3.1187456e+00
  -1.3715118e+00
  -1.1217805e+01
  -6.3933408e+00
  -4.6463627e+00
  -7.3374326e-01
   6.7343734e+00
   1.0587454e+00
  -7.0781084e+00
  -8.1971627e+00
  -1.1572029e+01
  -9.9370696e+00
   1.9860957e+00
   5.6277282e+00
  -1.4160579e+00
  -1.4325599e+01
  -5.9719960e+00
  -1.2242639e+01
  -2.1845033e+00
  -1.2506458e+01
   1.3140476e+00
  -8.8683795e+00
  -1.9704704e+00
  -9.5262703e+00
  -1.3645212e+01
  -1.3448660e+01
   6.0403771e+00
  -7.8938784e+00
  -3.9568620e+00
  -1.3506444e+01
  -2.7892146e+00
  -1.5475711e+01
  -1.0774878e+01
   1.0859255e+00
  -8.6692092e+00
  -4.6460933e-01
  -5.9291860e+00
   8.1170076e-01
  -1.1669981e+00
   6.9594046e+00
   5.5066636e-01
  -1.4573564e+01
  -3.3386889e+00
  -6.3714276e+00
   5.5788173e+00
  -1.0676394e+01
  -8.9366778e+00
  -1.4784379e+01
   4.5393086e+00
   4.4037998e+00
  -2.3196859e+00
  -1.6330972e+00
  -1.0367667e+01
  -1.1485993e+01
  -3.3266301e+00
   3.2433534e+00
  -1.1039323e+01
   5.1331873e+00
  -1.2976337e+01
  -1.2759741e+00
  -1.3654051e+01
  -4.0887461e-01
  -1.1492795e+01
   2.9991313e-01
   2.5822811e-01
  -1.1272964e+01
   7.7043809e+00
  -7.1640332e+00
  -8.2415848e+00
  -3.7393524e+00
  -7.3211662e+00
   5.0474073e+00
  -2.9524667e+00
  -1.9685113e+00
   4.8972652e+00
  -1.2145813e+01
  -1.0132391e+01
   3.5489268e+00
  -7.5629954e+00
  -8.5639309e+00
  -2.7473600e+00
  -1.2455162e+01
  -1.0637389e+01
  -9.4026505e+00
  -1.2140740e+01
  -1.0153963e+01
  -1.0929695e+01
   7.8005405e+00
   6.8400434e+00
  -1.0726771e+01
  -9.0386723e+00
  -4.5025748e-01
   7.7249969e+00
  -8.5031840e+00
   2.9665351e+00
  -3.2264993e+00
   7.9090196e+00
  -2.3844297e+00
  -1.1934607e+01
  -1.1055166e+01
   5.4213935e-01
   4.4898860e+00
  -2.0878973e+00
  -5.8734373e+00
   6.2575042e+00
  -1.1292026e+01
  -5.9457657e+00
  -1.2606674e+01
  -4.2609671e+00
  -8.5639639e+00
   3.6876225e+00
  -1.1181609e+01
  -1.1508609e+01
  -8.5931953e+00
  -4.4940487e+00
  -1.4651475e+01
  -4.9847251e+00
  -5.5685783e+00
   3.9728981e+00
   6.4831217e+00
   7.3989625e+00
  -3.9170953e+00
   4.2224528e+00
   1.8259909e+00
  -8.4161594e+00
  -4.7043924e+00
  -3.6903604e+00
   4.1797148e+00
   6.1838830e+00
  -1.3894637e+01
  -3.1262221e+00
   2.0782828e-03
   1.8597022e+00
  -2.1154362e+00
   4.3878839e+00
  -1.8410995e+00
  -1.3243522e+01
   7.1731522e+00
  -1.3596866e+01
   2.5979297e+00
  -2.7261546e+00
  -2.1592926e+00
   5.6799740e+00
  -9.8465788e+00
   7.6254254e+00
  -1.9715743e+00
  -4.7374015e+00
  -1.0647908e+01
  -1.3781647e+01
   4.4063277e+00
  -5.4244844e+00
  -5.4645144e+00
  -1.5816822e+01
  -8.7850469e+00
  -5.5056874e+00
  -5.7269160e+00
   3.0412503e+00
  -6.2297724e+00
  -4.0230461e+00
   4.1099310e+00
   5.0455912e+00
  -1.4308977e+01
   1.7391971e+00
  -9.1914873e+00
  -3.3495560e+00
   6.4906997e+00
  -8.3152223e+00
  -1.1108171e+01
  -8.5317364e-01
  -2.7924939e+00
  -7.0853519e+00
   3.6002117e+00
   5.3581843e+00
   2.1148761e+00
  -1.5674701e+00
  -1.5924511e+01
  -1.1120938e+01
   2.3870033e+00
  -1.5862169e+01
  -2.5432945e+00
  -1.2114104e+01
  -1.7706331e+00
  -3.5582748e+00
  -2.1554036e-01
  -6.0014013e+00
  -1.3508004e+01
  -3.7912524e+00
   7.1393006e-01
  -6.2416829e+00
  -1.0506514e+00
   1.0957890e+00
  -8.1280770e-01
  -1.7866828e+00
  -7.1764829e+00
   7.5899383e+00
  -9.8408129e+00
  -4.5123449e+00
  -6.8411409e+00
  -4.3425830e+00
   4.2598393e+00
   7.5395988e+00
  -1.5452716e+01
  -7.1370280e+00
   5.4316256e+00
   1.8312804e+00
  -2.6424115e+00
  -9.2617900e+00
  -2.5393530e+00
  -5.2125358e+00
   7.1026979e+00
  -5.8297690e+00
   5.1595532e+00
   6.2892117e+00
  -7.5442569e+00
   5.6816122e+00
  -1.1811873e+01
  -1.5054677e+01
   5.2441082e+00
  -5.0413940e+00
  -1.3550063e+01
   4.9022190e+00
  -6.4218920e-01
   2.4169861e+00
  -1.4301385e+01
   4.6122392e+00
  -9.2162591e+00
   5.8918794e+00
  -1.3497915e+01
  -7.3691337e+00
  -7.1806269e-01
   3.7857485e-01
   5.6036407e+00
  -8.4570106e+00
  -6.2383834e+00
  -1.2268437e+01
  -1.7478228e+00
   5.4820164e-01
  -1.2812625e+01
  -9.6078361e+00
  -9.5772376e+00
   4.4155067e+00
  -1.3434160e+01
  -8.0082905e+00
  -7.1884537e+00
   1.1107986e+00
  -1.1782292e-01
  -6.2702514e+00
   4.0221802e+00
  -1.0102639e+01
  -1.5093076e+01
  -1.8370536e+00
  -8.5592161e+00
  -5.5144730e+00
   4.0962199e+00
   2.7320925e+00
  -7.3384540e+00
   3.2292810e+00
  -1.5862330e+01
   6.7519795e+00
  -1.4681721e+01
   7.4064847e-01
   7.6389469e+00
  -6.8844112e+00
  -4.3455547e+00
   8.2901999e-01
  -7.7410728e+00
   4.0625325e+00
  -8.7159326e+00
  -6.5583069e+00
   7.5545861e+00
   5.4741888e+00
   6.0652928e+00
  -7.8369838e+00
  -1.0915264e+00
  -1.5455500e+00
  -1.4068202e+01
  -4.5358952e+00
  -3.2763083e+00
   6.1421845e+00
  -4.3431039e+00
  -9.0098604e+00
   6.3601703e+00
  -1.4997858e+01
  -5.7449984e+00
  -2.4043576e+00
  -1.5000842e+00
  -1.0251267e+01
  -6.7037252e+00
  -5.9957510e+00
  -6.4786221e+00
  -1.1234265e+01
  -1.4599399e+00
  -3.3489675e+00
   4.3492332e+00
  -1.1286126e+01
  -1.3781442e+01
  -1.9794262e+00
  -1.1444238e+01
  -7.9940885e+00
   3.4420176e+00
  -5.4508144e+00
   5.0645364e+00
  -2.4765457e-01
   7.9170515e+00
   3.2932383e+00
  -1.4161461e+01
  -7.6797191e+00
  -6.4717085e+00
   1.8413986e+00
  -6.9341141e+00
  -1.1046926e+01
  -1.1263852e+00
   4.0186623e+00
  -8.7385429e+00
  -5.8567915e+00
  -6.7003787e+00
  -1.4431389e+01
  -1.3047324e+01
  -1.2871668e+01
  -1.5942800e+01
  -6.8775251e+00
  -2.2644159e+00
   6.2213245e+00
   1.5837133e+00
  -1.5539099e+01
  -9.4631344e+00
  -5.3713210e+00
  -5.0053539e+00
   2.3215184e+00
  -1.4849452e+01
   4.4684395e+00
  -1.1859439e+01
   2.3157430e+00
   3.6206046e+00
  -5.3697938e+00
  -7.5097096e+00
   3.8325548e-01
  -1.3571025e+01
   6.9097750e+00
  -1.5624013e+01
  -8.8154706e+00
  -1.4501492e+01
  -5.3610467e+00
  -7.4873989e+00
  -9.1063890e+00
  -4.3012716e+00
  -1.2290480e+01
  -1.2274806e+01
  -7.4289909e+00
   4.7027041e+00
  -8.3661888e+00
  -1.2854276e+01
  -8.6590956e+00
  -3.5465395e+00
  -1.1899502e+01
  -5.5086658e+00
  -8.3928099e+00
  -6.2926451e+00
   3.6400809e+00
   4.2278647e+00
  -1.5905437e+01
  -6.6459845e-02
  -1.4340686e+00
  -1.9652556e+00
   3.3137051e+00
   4.8504405e+00
  -2.6974278e+00
   9.3538892e-01
   4.9931136e+00
  -2.2308562e+00
   3.1307685e+00
   4.0324490e+00
  -6.6286258e+00
  -2.8797403e-01
  -1.7246813e+00
  -5.6114461e+00
  -6.5741718e+00
  -6.9906192e+00
  -1.1856653e+01
  -1.6985109e+00
  -7.1081771e+00
  -8.6207641e+00
   1.3454491e-01
   3.4405572e+00
  -1.2349158e+01
  -1.5356148e+01
   6.7344161e-01
  -9.9586196e+00
  -1.1748296e+00
  -6.3655238e+00
   7.9774624e+00
  -8.5007363e+00
  -6.2085681e+00
  -2.2962426e+00
  -1.2564100e+01
  -1.0091429e-01
   4.8250681e+00
  -1.2895116e+01
  -1.2450147e+00
  -1.2987461e+01
  -1.1362329e+01
  -1.0991903e+01
   6.8132290e+00
  -1.5763547e+01
  -1.2367330e+01
  -7.4152416e+00
  -2.7350256e+00
   6.2957310e+00
   4.4702040e+00
  -7.1026230e+00
   2.6301517e+00
   2.1931772e+00
   5.4411355e+00
   1.4988249e+00
   1.7463920e-01
  -1.3962648e+01
  -1.0714757e+01
   5.0771821e+00
  -8.7351884e+00
   8.7966766e-01
   7.9951383e+00
  -8.9305089e+00
  -9.1635193e+00
   5.5594748e+00
  -1.5791746e+01
  -2.0776292e+00
   1.9669041e+00
  -1.1812467e+01
  -4.6289420e-01
   4.4364433e+00
   5.9021702e+00
  -8.1001374e+00
  -1.2799912e+01
  -1.3715506e+01
  -7.3318282e-01
   6.8592775e+00
   2.4518647e+00
  -1.3763527e+01
   2.5766354e+00
   3.8983771e+00
  -8.0233104e+00
  -1.1249404e+01
   2.8553274e+00
  -9.8725245e+00
   6.1523418e+00
   4.7234442e+00
   7.1265001e-01
   7.2167598e+00
  -1.3445346e+01
  -1.2877349e+01
  -3.5656076e+00
  -1.5572352e+01
  -1.0215072e+01
  -3.4087129e+00
  -1.4674895e+01
  -1.1611568e+01
   5.0430507e+00
   2.6018092e+00
  -4.5490431e+00
   4.1298650e+00
   3.1401600e-01
   4.5776639e+00
   2.9122232e+00
  -1.5130242e+01
  -1.4930970e+01
   3.7667555e+00
  -1.5061270e+01
  -3.2324997e+00
  -4.7576750e+00
  -1.3873348e+01
   3.1351417e+00
  -4.7289912e+00
  -8.8729427e+00
  -3.1421402e+00
  -1.4864143e+01
  -3.0316599e+00
  -1.3715510e+01
  -1.2349642e+01
  -1.4704463e+00
  -6.1134417e+00
   5.1936816e+00
  -3.2786697e+00
  -2.8070217e+00
   3.5182541e+00
  -2.7707424e-01
   4.3335118e+00
  -1.2948896e+01
  -1.4399301e+01
  -1.4596029e+01
   1.4103069e+00
   2.5318377e+00
  -2.5467221e+00
  -4.6955798e+00
   5.0540228e+00
  -1.0787980e+00
   4.9696382e+00
   7.5478999e+00
  -1.8418055e-02
  -1.0590852e+01
  -6.7944860e+00
  -8.6382315e+00
  -5.1339212e+00
  -2.8303308e+00
   8.4919716e-02
   7.7970747e+00
  -1.1159899e+01
   4.2025560e+00
   7.5473315e+00
  -7.2143988e+00
  -2.3869544e+00
   2.6483345e+00
   2.7226579e+00
  -4.6273456e+00
   1.3569900e+00
  -5.4117014e+00
   3.7683296e+00
  -4.4678130e+00
  -6.2356221e-01
  -1.1305108e+01
  -1.4896757e+01
  -1.5204831e+01
  -1.3633333e+01
   3.4013314e+00
   4.7883753e+00
   6.1042779e+00
  -1.2304961e+01
  -1.2537712e+01
  -5.8465533e+00
  -5.8341351e+00
   7.6741076e+00
  -1.2011546e+01
  -1.0029913e+01
   6.7633418e+00
  -1.0970063e+01
  -1.4114090e+01
   1.3056366e+00
  -1.3195557e+01
  -8.4211165e+00
  -1.1158264e+01
  -8.0986375e+00
  -1.1506669e+01
   3.5507624e+00
  -3.6203213e+00
  -4.8032997e+00
  -8.2909756e-01
  -1.1496746e+01
  -1.4149633e+01
  -1.3360882e+01
   1.0887069e+00
  -7.1566353e+00
  -5.1054704e+00
  -1.2794591e+01
  -1.2834448e+01
   5.6074372e+00
  -7.8844603e+00
  -8.2705302e+00
  -4.9195203e+00
  -3.4851850e+00
  -1.3179061e+01
  -8.1982195e+00
   4.3400814e+00
  -1.0273258e+01
  -8.8480889e+00
   7.0375032e-02
  -1.6828130e+00
  -1.3948139e+01
  -6.7721284e+00
  -1.5602645e+01
  -4.7059957e-01
  -2.1863277e+00
  -1.4932949e+01
  -3.1702521e+00
   4.9685481e+00
  -9.6773263e+00
   2.5558204e+00
  -5.0329877e+00
  -1.4297399e+01
   2.7190884e-01
   8.3238609e-01
  -1.2012442e+01
  -6.8749754e+00
   2.6158104e+00
   2.6981261e+00
  -1.5654967e+01
  -1.2056028e+01
  -1.5641955e+01
  -1.4900114e+01
   6.3856288e+00
  -7.5543924e+00
  -8.7679027e+00
  -3.1660704e+00
  -2.8452331e+00
  -1.0798754e+01
   3.1282115e+00
  -6.0418387e+00
  -1.3286904e+00
  -5.7831606e+00
   7.9368490e+00
  -1.2859112e+01
  -1.3866904e+01
  -3.9822411e+00
  -9.3746634e+00
  -1.1592803e+01
  -1.2909127e+00
   1.5846324e+00
  -1.2557179e+01
  -5.1329647e+00
  -1.5191991e+01
   9.9842723e-01
  -1.3337418e+01
  -1.5468601e+01
   4.9580230e-01
  -6.8019257e+00
  -1.0609569e+01
   1.0343848e+00
  -1.8852450e+00
  -4.7742631e-01
  -1.4113788e+01
  -1.3588325e+01
   6.0595794e+00
  -1.4818398e+01
  -1.5183665e+01
  -4.9463250e+00
  -1.0405402e+01
   1.9564505e-01
   4.7123848e+00
  -6.4149646e+00
  -1.4148539e+01
  -9.0231396e+00
  -8.8507534e+00
   5.8065542e+00
  -1.0404436e+01
  -2.2449259e+00
  -1.1492244e+01
  -8.3070817e+00
  -1.8136961e+00
  -1.1124151e+01
  -1.3755117e+01
   1.7414937e+00
  -1.2566515e+01
  -1.0219334e+01
  -7.0238801e+00
  -9.5357065e+00
  -7.2873288e+00
  -5.5050821e+00
   3.8577231e+00
  -6.3289126e+00
  -1.5162143e+01
  -7.4629396e+00
   7.9040299e+00
   1.1593252e+00
  -1.0037767e+01
  -1.0523275e+01
  -7.5539706e+00
  -4.6941481e+00
  -3.9241543e+00
  -1.1726241e+01
  -5.0560216e+00
  -5.5538781e+00
  -4.7743147e+00
  -1.4603279e+01
   6.8074024e+00
  -1.3690457e+01
   4.8522988e+00
  -2.6964330e-01
   2.0045503e+00
   4.6367837e+00
  -6.1484186e+00
  -1.5437882e+01
  -7.0082608e+00
  -3.6968246e+00
  -3.6904854e+00
   4.1064170e+00
   6.9334796e-01
  -1.0962919e+01
  -1.5223029e+01
  -1.5381885e+01
  -4.5319198e+00
  -1.5182923e+01
   4.6843692e+00
  -1.3629485e+01
   5.8662261e+00
  -6.1221631e-01
   2.1368839e+00
  -6.2272334e+00
  -4.1434325e+00
  -5.9201487e+00
  -1.5809768e+01
  -1.7154401e-01
   4.7751943e+00
   4.5812338e+00
  -1.3799326e+01
   6.1801806e+00
  -8.5749978e+00
  -5.1080070e+00
  -1.0756089e+01
  -1.0644901e+01
  -1.4927038e+01
   6.3500819e+00
  -1.2249434e+01
  -6.3841813e+00
  -1.4910044e+01
  -6.9542465e+00
   1.7754505e+00
   5.0721193e+00
  -1.5134855e+01
  -5.2446414e+00
  -1.5499680e+01
  -5.4353789e+00
  -8.0898252e+00
  -2.6322227e+00
  -9.4619509e+00
  -6.8924353e-01
   2.8904640e+00
   1.9452629e+00
   9.9382254e-01
  -1.4565560e+01
  -2.1431356e+00
   7.6876898e+00
  -6.0472801e+00
  -4.6205061e+00
  -1.1521499e+01
   1.4876232e+00
  -1.0668355e+01
  -9.1901980e+00
  -8.4131891e+00
  -1.4298617e+01
  -1.5725477e+00
  -1.2651288e+01
   2.8353568e+00
  -1.2961433e+01
   7.5735486e+00
   4.5057557e+00
   2.9621514e+00
   3.9424840e-01
  -7.2292386e+00
  -8.6278083e+00
  -1.3312524e+01
  -1.0650427e+01
   7.0820448e-01
  -8.3379039e+00
   5.6596390e+00
   1.2450567e+00
  -1.1251544e+01
  -7.2798169e+00
   6.4102258e+00
  -3.2562156e+00
   3.4638779e+00
  -1.9470587e+00
  -1.2324690e+01
  -1.2562298e+01
  -1.3449184e+01
   6.4695037e+00
  -3.6274482e+00
   1.4522907e+00
  -3.6303364e+00
  -4.7532837e+00
  -5.9273001e+00
   7.2171062e+00
   4.8256514e+00
  -1.0772159e+01
  -1.5137718e+01
  -7.0378484e+00
  -3.0842743e+00
  -1.7655130e+00
   4.1944382e+00
  -6.8530295e+00
  -1.1169058e+01
   6.3885210e+00
   5.3233501e+00
  -1.2081183e+01
  -6.2111509e+00
   6.8683538e+00
  -5.4646570e+00
   7.5800144e+00
   3.0285305e+00
   5.3126916e+00
  -6.4433757e+00
   2.9002245e+00
  -1.4174361e+00
   3.8802680e+00
  -3.0217761e+00
  -1.7255836e+00
   8.1647042e-02
  -6.7560403e+00
  -8.1380846e+00
  -1.2399276e+01
  -2.7689735e+00
  -1.3805351e+01
  -2.9065508e+00
   1.6827951e+00
   5.2011743e+00
  -5.8821930e+00
   6.3768771e+00
  -1.5296340e+01
   7.2642110e+00
   2.7883102e+00
  -1.5293876e+01
  -4.8876916e+00
  -1.5648879e+01
   2.0500975e+00
   4.8804224e+00
   3.5420496e-01
  -4.7599813e+00
   9.4605428e-02
   3.1700567e+00
  -1.5857450e+01
   7.5874589e+00
   4.9943995e+00
   7.1759591e+00
   1.8459407e+00
   1.6160279e+00
  -6.2997981e-01
   1.9248360e+00
  -8.9716726e+00
   2.8099897e+00
  -7.7136398e+00
  -1.5201117e+01
  -2.6921489e+00
  -5.3635027e-01
  -4.5649266e+00
   6.7133692e+00
  -3.9529917e+00
  -1.1220215e+01
  -1.8376102e+00
   6.4366181e+00
   7.6344147e-01
  -4.6607417e+00
   3.7391962e+00
   4.7514535e+00
   4.1622409e+00
  -1.0487021e+01
  -7.6018748e+00
   3.1227342e+00
  -1.5048261e-01
  -1.0432638e+01
  -5.1329484e+00
  -3.8901740e+00
  -5.4772201e+00
  -1.3716282e+01
  -1.1925070e+01
   7.4350610e+00
  -1.3810316e+01
  -4.0921084e+00
   7.4339890e+00
  -2.1841712e+00
   7.4501915e+00
  -5.5247286e+00
  -7.7482199e+00
  -7.5854486e+00
  -1.3331961e+01
  -3.3544062e+00
  -1.0398871e+01
   2.4653985e-01
  -9.2746754e+00
  -1.3265247e-01
  -1.1531163e+01
   5.1182092e+00
  -1.4853170e+01
  -9.7826125e+00
  -7.0524462e+00
  -9.1961420e-01
  -7.6480363e+00
   6.4222720e+00
  -1.7065119e+00
   6.8274271e+00
  -3.3874102e+00
  -9.4010339e+00
   4.9016125e+00
  -1.2799030e+00
  -1.3624433e+01
   4.6032971e+00
  -1.4195183e+01
   1.7455851e+00
  -7.1848637e+00
  -1.2187637e+01
   1.0403684e+00
  -1.3334790e+01
   4.0236671e+00
  -2.7216147e+00
  -4.6006095e+00
  -4.8344178e+00
  -4.7011277e+00
  -7.5328185e+00
  -1.0340392e+01
  -1.1097255e+01
  -1.4154827e+01
   7.9159383e+00
   2.9719196e+00
  -1.9168327e+00
   3.3503895e+00
   3.9973101e+00
  -6.1328127e+00
   2.2124066e-01
  -2.2246793e+00
  -1.0321769e+01
  -1.3834270e+00
  -1.6380812e+00
   7.7421779e+00
  -1.5548177e+01
  -1.8791392e+00
   3.5302036e+00
  -7.9982615e+00
  -6.1315973e+00
   1.9463589e+00
   4.8663109e+00
   5.4020470e+00
  -2.8984980e+00
   6.4238508e+00
  -1.0898465e+01
  -4.5154158e+00
  -4.1671818e+00
  -3.6235759e+00
   6.5716194e+00
   7.7852211e+00
  -4.7182139e+00
   4.4541672e+00
  -5.8429897e+00
  -6.0636085e+00
  -1.6373492e+00
  -6.0970927e+00
   6.8378125e+00
  -8.1753132e+00
  -2.5347257e+00
  -1.0678330e+01
  -1.5879626e+01
   6.6286002e+00
  -4.2983562e+00
  -6.9020236e+00
  -8.0208913e-01
  -3.3916081e+00
  -9.9067833e+00
  -2.9983262e-01
  -8.5764297e+00
  -1.1306551e+01
  -7.9369715e+00
  -1.3263470e+01
  -5.9924176e+00
  -1.5933717e+01
  -1.4443718e+01
  -1.1485858e+01
   7.6321211e+00
  -9.5681902e+00
  -1.1423778e+00
  -1.5095045e-01
  -1.3834427e+01
  -3.4441888e+00
  -2.1455509e+00
  -1.1945212e+01
   8.8194921e-01
   7.8547750e+00
  -1.4920921e+01
  -7.7419123e+00
  -8.1081460e+00
  -2.6164869e+00
  -1.2634363e+01
  -8.5616829e+00
  -7.9095704e+00
   4.6059245e+00
   1.9199431e-01
   7.6883909e+00
  -5.4427881e+00
  -3.4658468e+00
   2.3280211e-01
   7.0901772e+00
   7.9597722e+00
  -2.4900493e-01
  -4.5997931e+00
  -1.1654512e+01
  -1.2693407e+01
  -4.4119467e+00
  -1.5118630e+01
   7.7831214e+00
  -1.7680384e+00
   2.9358952e+00
  -2.4232572e+00
  -1.4570099e+01
  -1.2316896e+01
  -4.5207333e+00
  -1.3027769e+00
  -1.0444299e+01
   5.1848900e+00
  -1.4253307e+01
   2.4651188e+00
   1.0346332e+00
  -7.0437930e+00
  -1.4366066e+01
  -7.4143348e+00
  -1.4463283e+01
  -5.6496703e+00
  -6.5378796e+00
  -1.2643661e+01
  -7.7078033e+00
  -8.2367683e+00
   5.4631705e-01
  -1.3708168e+01
   3.1213208e+00
  -7.4292687e+00
  -5.4739691e+00
   4.1755209e+00
   3.1187456e+00
  -1.3715118e+00
  -1.1217805e+01
  -6.3933408e+00
  -4.6463627e+00
  -7.3374326e-01
   6.7343734e+00
   1.0587454e+00
  -7.0781084e+00
  -8.1971627e+00
  -1.1572029e+01
  -9.9370696e+00
   1.9860957e+00
   5.6277282e+00
  -1.4160579e+00
  -1.4325599e+01
  -5.9719960e+00
  -1.2242639e+01
  -2.1845033e+00
  -1.2506458e+01
   1.3140476e+00
  -8.8683795e+00
  -1.9704704e+00
  -9.5262703e+00
  -1.3645212e+01
  -1.3448660e+01
   6.0403771e+00
  -7.8938784e+00
  -3.9568620e+00
  -1.3506444e+01
  -2.7892146e+00
  -1.5475711e+01
  -1.0774878e+01
   1.0859255e+00
  -8.6692092e+00
  -4.6460933e-01
  -5.9291860e+00
   8.1170076e-01
  -1.1669981e+00
   6.9594046e+00
   5.5066636e-01
  -1.4573564e+01
  -3.3386889e+00
  -6.3714276e+00
   5.5788173e+00
  -1.0676394e+01
  -8.9366778e+00
  -1.4784379e+01
   4.5393086e+00
   4.4037998e+00
  -2.3196859e+00
  -1.6330972e+00
  -1.0367667e+01
  -1.1485993e+01
  -3.3266301e+00
   3.2433534e+00
  -1.1039323e+01
   5.1331873e+00
  -1.2976337e+01
  -1.2759741e+00
  -1.3654051e+01
  -4.0887461e-01
  -1.1492795e+01
   2.9991313e-01
   2.5822811e-01
  -1.1272964e+01
   7.7043809e+00
  -7.1640332e+00
  -8.2415848e+00
  -3.7393524e+00
  -7.3211662e+00
   5.0474073e+00
  -2.9524667e+00
  -1.9685113e+00
   4.8972652e+00
  -1.2145813e+01
  -1.0132391e+01
   3.5489268e+00
  -7.5629954e+00
  -8.5639309e+00
  -2.7473600e+00
  -1.2455162e+01
  -1.0637389e+01
  -9.4026505e+00
  -1.2140740e+01
  -1.0153963e+01
  -1.0929695e+01
   7.8005405e+00
   6.8400434e+00
  -1.0726771e+01
  -9.0386723e+00
  -4.5025748e-01
   7.7249969e+00
  -8.5031840e+00
   2.9665351e+00
  -3.2264993e+00
   7.9090196e+00
  -2.3844297e+00
  -1.1934607e+01
  -1.1055166e+01
   5.4213935e-01
   4.4898860e+00
  -2.0878973e+00
  -5.8734373e+00
   6.2575042e+00
  -1.1292026e+01
  -5.9457657e+00
  -1.2606674e+01
  -4.2609671e+00
  -8.5639639e+00
   3.6876225e+00
  -1.1181609e+01
  -1.1508609e+01
  -8.5931953e+00
  -4.4940487e+00
  -1.4651475e+01
  -4.9847251e+00
  -5.5685783e+00
   3.9728981e+00
   6.4831217e+00
   7.3989625e+00
  -3.9170953e+00
   4.2224528e+00
   1.8259909e+00
  -8.4161594e+00
  -4.7043924e+00
  -3.6903604e+00
   4.1797148e+00
   6.1838830e+00
  -1.3894637e+01
  -3.1262221e+00
   2.0782828e-03
   1.8597022e+00
  -2.1154362e+00
   4.3878839e+00
  -1.8410995e+00
  -1.3243522e+01
   7.1731522e+00
  -1.3596866e+01
   2.5979297e+00
  -2.7261546e+00
  -2.1592926e+00
   5.6799740e+00
  -9.8465788e+00
   7.6254254e+00
  -1.9715743e+00
  -4.7374015e+00
  -1.0647908e+01
  -1.3781647e+01
   4.4063277e+00
  -5.4244844e+00
  -5.4645144e+00
  -1.5816822e+01
  -8.7850469e+00
  -5.5056874e+00
  -5.7269160e+00
   3.0412503e+00
  -6.2297724e+00
  -4.0230461e+00
   4.1099310e+00
   5.0455912e+00
  -1.4308977e+01
   1.7391971e+00
  -9.1914873e+00
  -3.3495560e+00
   6.4906997e+00
  -8.3152223e+00
  -1.1108171e+01
  -8.5317364e-01
  -2.7924939e+00
  -7.0853519e+00
   3.6002117e+00
   5.3581843e+00
   2.1148761e+00
  -1.5674701e+00
  -1.5924511e+01
  -1.1120938e+01
   2.3870033e+00
  -1.5862169e+01
  -2.5432945e+00
  -1.2114104e+01
  -1.7706331e+00
  -3.5582748e+00
  -2.1554036e-01
  -6.0014013e+00
  -1.3508004e+01
  -3.7912524e+00
   7.1393006e-01
  -6.2416829e+00
  -1.0506514e+00
   1.0957890e+00
  -8.1280770e-01
  -1.7866828e+00
  -7.1764829e+00
   7.5899383e+00
  -9.8408129e+00
  -4.5123449e+00
  -6.8411409e+00
  -4.3425830e+00
   4.2598393e+00
   7.5395988e+00
  -1.5452716e+01
  -7.1370280e+00
   5.4316256e+00
   1.8312804e+00
  -2.6424115e+00
  -9.2617900e+00
  -2.5393530e+00
  -5.2125358e+00
   7.1026979e+00
  -5.8297690e+00
   5.1595532e+00
   6.2892117e+00
  -7.5442569e+00
   5.6816122e+00
  -1.1811873e+01
  -1.5054677e+01
   5.2441082e+00
  -5.0413940e+00
  -1.3550063e+01
   4.9022190e+00
  -6.4218920e-01
   2.4169861e+00
  -1.4301385e+01
   4.6122392e+00
  -9.2162591e+00
   5.8918794e+00
  -1.3497915e+01
  -7.3691337e+00
  -7.1806269e-01
   3.7857485e-01
   5.6036407e+00
  -8.4570106e+00
  -6.2383834e+00
  -1.2268437e+01
  -1.7478228e+00
   5.4820164e-01
  -1.2812625e+01
  -9.6078361e+00
  -9.5772376e+00
   4.4155067e+00
  -1.3434160e+01
  -8.0082905e+00
  -7.1884537e+00
   1.1107986e+00
  -1.1782292e-01
  -6.2702514e+00
   4.0221802e+00
  -1.0102639e+01
  -1.5093076e+01
  -1.8370536e+00
  -8.5592161e+00
  -5.5144730e+00
   4.0962199e+00
   2.7320925e+00
  -7.3384540e+00
   3.2292810e+00
  -1.5862330e+01
   6.7519795e+00
  -1.4681721e+01
   7.4064847e-01
   7.6389469e+00
  -6.8844112e+00
  -4.3455547e+00
   8.2901999e-01
  -7.7410728e+00
   4.0625325e+00
  -8.7159326e+00
  -6.5583069e+00
   7.5545861e+00
   5.4741888e+00
   6.0652928e+00
  -7.8369838e+00
  -1.0915264e+00
  -1.5455500e+00
  -1.4068202e+01
  -4.5358952e+00
  -3.2763083e+00
   6.1421845e+00
  -4.3431039e+00
  -9.0098604e+00
   6.3601703e+00
  -1.4997858e+01
  -5.7449984e+00
  -2.4043576e+00
  -1.5000842e+00
  -1.0251267e+01
  -6.7037252e+00
  -5.9957510e+00
  -6.4786221e+00
  -1.1234265e+01
  -1.4599399e+00
  -3.3489675e+00
   4.3492332e+00
  -1.1286126e+01
  -1.3781442e+01
  -1.9794262e+00
  -1.1444238e+01
  -7.9940885e+00
   3.4420176e+00
  -5.4508144e+00
   5.0645364e+00
  -2.4765457e-01
   7.9170515e+00
   3.2932383e+00
  -1.4161461e+01
  -7.6797191e+00
  -6.4717085e+00
   1.8413986e+00
  -6.9341141e+00
  -1.1046926e+01
  -1.1263852e+00
   4.0186623e+00
  -8.7385429e+00
  -5.8567915e+00
  -6.7003787e+00
  -1.4431389e+01
  -1.3047324e+01
  -1.2871668e+01
  -1.5942800e+01
  -6.8775251e+00
  -2.2644159e+00
   6.2213245e+00
   1.5837133e+00
  -1.5539099e+01
  -9.4631344e+00
  -5.3713210e+00
  -5.0053539e+00
   2.3215184e+00
  -1.4849452e+01
   4.4684395e+00
  -1.1859439e+01
   2.3157430e+00
   3.6206046e+00
  -5.3697938e+00
  -7.5097096e+00
   3.8325548e-01
  -1.3571025e+01
   6.9097750e+00
  -1.5624013e+01
  -8.8154706e+00
  -1.4501492e+01
  -5.3610467e+00
  -7.4873989e+00
  -9.1063890e+00
  -4.3012716e+00
  -1.2290480e+01
  -1.2274806e+01
  -7.4289909e+00
   4.7027041e+00
  -8.3661888e+00
  -1.2854276e+01
  -8.6590956e+00
  -3.5465395e+00
  -1.1899502e+01
  -5.5086658e+00
  -8.3928099e+00
  -6.2926451e+00
   3.6400809e+00
   4.2278647e+00
  -1.5905437e+01
  -6.6459845e-02
  -1.4340686e+00
  -1.9652556e+00
   3.3137051e+00
   4.8504405e+00
  -2.6974278e+00
   9.3538892e-01
   4.9931136e+00
  -2.2308562e+00
   3.1307685e+00
   4.0324490e+00
  -6.6286258e+00
  -2.8797403e-01
  -1.7246813e+00
  -5.6114461e+00
  -6.5741718e+00
  -6.9906192e+00
  -1.1856653e+01
  -1.6985109e+00
  -7.1081771e+00
  -8.6207641e+00
   1.3454491e-01
   3.4405572e+00
  -1.2349158e+01
  -1.5356148e+01
   6.7344161e-01
  -9.9586196e+00
  -1.1748296e+00
  -6.3655238e+00
   7.9774624e+00
  -8.5007363e+00
  -6.2085681e+00
  -2.2962426e+00
  -1.2564100e+01
  -1.0091429e-01
   4.8250681e+00
  -1.2895116e+01
  -1.2450147e+00
  -1.2987461e+01
  -1.1362329e+01
  -1.0991903e+01
   6.8132290e+00
  -1.5763547e+01
  -1.2367330e+01
  -7.4152416e+00
  -2.7350256e+00
   6.2957310e+00
   4.4702040e+00
  -7.1026230e+00
   2.6301517e+00
   2.1931772e+00
   5.4411355e+00
   1.4988249e+00
   1.7463920e-01
  -1.3962648e+01
  -1.0714757e+01
   5.0771821e+00
  -8.7351884e+00
   8.7966766e-01
   7.9951383e+00
  -8.9305089e+00
  -9.1635193e+00
   5.5594748e+00
  -1.5791746e+01
  -2.0776292e+00
   1.9669041e+00
  -1.1812467e+01
  -4.6289420e-01
   4.4364433e+00
   5.9021702e+00
  -8.1001374e+00
  -1.2799912e+01
  -1.3715506e+01
  -7.3318282e-01
   6.8592775e+00
   2.4518647e+00
  -1.3763527e+01
   2.5766354e+00
   3.8983771e+00
  -8.0233104e+00
  -1.1249404e+01
   2.8553274e+00
  -9.8725245e+00
   6.1523418e+00
   4.7234442e+00
   7.1265001e-01
   7.2167598e+00
  -1.3445346e+01
  -1.2877349e+01
  -3.5656076e+00
  -1.5572352e+01
  -1.0215072e+01
  -3.4087129e+00
  -1.4674895e+01
  -1.1611568e+01
   5.0430507e+00
   2.6018092e+00
  -4.5490431e+00
   4.1298650e+00
   3.1401600e-01
   4.5776639e+00
   2.9122232e+00
  -1.5130242e+01
  -1.4930970e+01
   3.7667555e+00
  -1.5061270e+01
  -3.2324997e+00
  -4.7576750e+00
  -1.3873348e+01
   3.1351417e+00
  -4.7289912e+00
  -8.8729427e+00
  -3.1421402e+00
  -1.4864143e+01
  -3.0316599e+00
  -1.3715510e+01
  -1.2349642e+01
  -1.4704463e+00
  -6.1134417e+00
   5.1936816e+00
  -3.2786697e+00
  -2.8070217e+00
   3.5182541e+00
  -2.7707424e-01
   4.3335118e+00
  -1.2948896e+01
  -1.4399301e+01
  -1.4596029e+01
   1.4103069e+00
   2.5318377e+00
  -2.5467221e+00
  -4.6955798e+00
   5.0540228e+00
  -1.0787980e+00
   4.9696382e+00
   7.5478999e+00
  -1.8418055e-02
  -1.0590852e+01
  -6.7944860e+00
  -8.6382315e+00
  -5.1339212e+00
  -2.8303308e+00
   8.4919716e-02
   7.7970747e+00
  -1.1159899e+01
   4.2025560e+00
   7.5473315e+00
  -7.2143988e+00
  -2.3869544e+00
   2.6483345e+00
   2.7226579e+00
  -4.6273456e+00
   1.3569900e+00
  -5.4117014e+00
   3.7683296e+00
  -4.4678130e+00
  -6.2356221e-01
  -1.1305108e+01
  -1.4896757e+01
  -1.5204831e+01
  -1.3633333e+01
   3.4013314e+00
   4.7883753e+00
   6.1042779e+00
  -1.2304961e+01
  -1.2537712e+01
  -5.8465533e+00
  -5.8341351e+00
   7.6741076e+00
  -1.2011546e+01
  -1.0029913e+01
   6.7633418e+00
  -1.0970063e+01
  -1.4114090e+01
   1.3056366e+00
  -1.3195557e+01
  -8.4211165e+00
  -1.1158264e+01
  -8.0986375e+00
  -1.1506669e+01
   3.5507624e+00
  -3.6203213e+00
  -4.8032997e+00
  -8.2909756e-01
  -1.1496746e+01
  -1.4149633e+01
  -1.3360882e+01
   1.0887069e+00
  -7.1566353e+00
  -5.1054704e+00
  -1.2794591e+01
  -1.2834448e+01
   5.6074372e+00
  -7.8844603e+00
  -8.2705302e+00
  -4.9195203e+00
  -3.4851850e+00
  -1.3179061e+01
  -8.1982195e+00
   4.3400814e+00
  -1.0273258e+01
  -8.8480889e+00
   7.0375032e-02
  -1.6828130e+00
  -1.3948139e+01
  -6.7721284e+00
  -1.5602645e+01
  -4.7059957e-01
  -2.1863277e+00
  -1.4932949e+01
  -3.1702521e+00
   4.9685481e+00
  -9.6773263e+00
   2.5558204e+00
  -5.0329877e+00
  -1.4297399e+01
   2.7190884e-01
   8.3238609e-01
  -1.2012442e+01
  -6.8749754e+00
   2.6158104e+00
   2.6981261e+00
  -1.5654967e+01
  -1.2056028e+01
  -1.5641955e+01
  -1.4900114e+01
   6.3856288e+00
  -7.5543924e+00
  -8.7679027e+00
  -3.1660704e+00
  -2.8452331e+00
  -1.0798754e+01
   3.1282115e+00
  -6.0418387e+00
  -1.3286904e+00
  -5.7831606e+00
   7.9368490e+00
  -1.2859112e+01
  -1.3866904e+01
  -3.9822411e+00
  -9.3746634e+00
  -1.1592803e+01
  -1.2909127e+00
   1.5846324e+00
  -1.2557179e+01
  -5.1329647e+00
  -1.5191991e+01
   9.9842723e-01
  -1.3337418e+01
  -1.5468601e+01
   4.9580230e-01
  -6.8019257e+00
  -1.0609569e+01
   1.0343848e+00
  -1.8852450e+00
  -4.7742631e-01
  -1.4113788e+01
  -1.3588325e+01
   6.0595794e+00
  -1.4818398e+01
  -1.5183665e+01
  -4.9463250e+00
  -1.0405402e+01
   1.9564505e-01
   4.7123848e+00
  -6.4149646e+00
  -1.4148539e+01
  -9.0231396e+00
  -8.8507534e+00
   5.8065542e+00
  -1.0404436e+01
  -2.2449259e+00
  -1.1492244e+01
  -8.3070817e+00
  -1.8136961e+00
  -1.1124151e+01
  -1.3755117e+01
   1.7414937e+00
  -1.2566515e+01
  -1.0219334e+01
  -7.0238801e+00
  -9.5357065e+00
  -7.2873288e+00
  -5.5050821e+00
   3.8577231e+00
  -6.3289126e+00
  -1.5162143e+01
  -7.4629396e+00
   7.9040299e+00
   1.1593252e+00
  -1.0037767e+01
  -1.0523275e+01
  -7.5539706e+00
  -4.6941481e+00
  -3.9241543e+00
  -1.1726241e+01
  -5.0560216e+00
  -5.5538781e+00
  -4.7743147e+00
  -1.4603279e+01
   6.8074024e+00
  -1.3690457e+01
   4.8522988e+00
  -2.6964330e-01
   2.0045503e+00
   4.6367837e+00
  -6.1484186e+00
  -1.5437882e+01
  -7.0082608e+00
  -3.6968246e+00
  -3.6904854e+00
   4.1064170e+00
   6.9334796e-01
  -1.0962919e+01
  -1.5223029e+01
  -1.5381885e+01
  -4.5319198e+00
  -1.5182923e+01
   4.6843692e+00
  -1.3629485e+01
   5.8662261e+00
  -6.1221631e-01
   2.1368839e+00
  -6.2272334e+00
  -4.1434325e+00
  -5.9201487e+00
  -1.5809768e+01
  -1.7154401e-01
   4.7751943e+00
   4.5812338e+00
  -1.3799326e+01
   6.1801806e+00
  -8.5749978e+00
  -5.1080070e+00
  -1.0756089e+01
  -1.0644901e+01
  -1.4927038e+01
   6.3500819e+00
  -1.2249434e+01
  -6.3841813e+00
  -1.4910044e+01
  -6.9542465e+00
   1.7754505e+00
   5.0721193e+00
  -1.5134855e+01
  -5.2446414e+00
  -1.5499680e+01
  -5.4353789e+00
  -8.0898252e+00
  -2.6322227e+00
  -9.4619509e+00
  -6.8924353e-01
   2.8904640e+00
   1.9452629e+00
   9.9382254e-01
  -1.4565560e+01
  -2.1431356e+00
   7.6876898e+00
  -6.0472801e+00
  -4.6205061e+00
  -1.1521499e+01
   1.4876232e+00
  -1.0668355e+01
  -9.1901980e+00
  -8.4131891e+00
  -1.4298617e+01
  -1.5725477e+00
  -1.2651288e+01
   2.8353568e+00
  -1.2961433e+01
   7.5735486e+00
   4.5057557e+00
   2.9621514e+00
   3.9424840e-01
  -7.2292386e+00
  -8.6278083e+00
  -1.3312524e+01
  -1.0650427e+01
   7.0820448e-01
  -8.3379039e+00
   5.6596390e+00
   1.2450567e+00
  -1.1251544e+01
  -7.2798169e+00
   6.4102258e+00
  -3.2562156e+00
   3.4638779e+00
  -1.9470587e+00
  -1.2324690e+01
  -1.2562298e+01
  -1.3449184e+01
   6.4695037e+00
  -3.6274482e+00
   1.4522907e+00
  -3.6303364e+00
  -4.7532837e+00
  -5.9273001e+00
   7.2171062e+00
   4.8256514e+00
  -1.0772159e+01
  -1.5137718e+01
  -7.0378484e+00
  -3.0842743e+00
  -1.7655130e+00
   4.1944382e+00
  -6.8530295e+00
  -1.1169058e+01
   6.3885210e+00
   5.3233501e+00
  -1.2081183e+01
  -6.2111509e+00
   6.8683538e+00
  -5.4646570e+00
   7.5800144e+00
   3.0285305e+00
   5.3126916e+00
  -6.4433757e+00
   2.9002245e+00
  -1.4174361e+00
   3.8802680e+00
  -3.0217761e+00
  -1.7255836e+00
   8.1647042e-02
  -6.7560403e+00
  -8.1380846e+00
  -1.2399276e+01
  -2.7689735e+00
  -1.3805351e+01
  -2.9065508e+00
   1.6827951e+00
   5.2011743e+00
  -5.8821930e+00
   6.3768771e+00
  -1.5296340e+01
   7.2642110e+00
   2.7883102e+00
  -1.5293876e+01
  -4.8876916e+00
  -1.5648879e+01
   2.0500975e+00
   4.8804224e+00
   3.5420496e-01
  -4.7599813e+00
   9.4605428e-02
   3.1700567e+00
  -1.5857450e+01
   7.5874589e+00
   4.9943995e+00
   7.1759591e+00
   1.8459407e+00
   1.6160279e+00
  -6.2997981e-01
   1.9248360e+00
  -8.9716726e+00
   2.8099897e+00
  -7.7136398e+00
  -1.5201117e+01
  -2.6921489e+00
  -5.3635027e-01
  -4.5649266e+00
   6.7133692e+00
  -3.9529917e+00
  -1.1220215e+01
  -1.8376102e+00
   6.4366181e+00
   7.6344147e-01
  -4.6607417e+00
   3.7391962e+00
   4.7514535e+00
   4.1622409e+00
  -1.0487021e+01
  -7.6018748e+00
   3.1227342e+00
  -1.5048261e-01
  -1.0432638e+01
  -5.1329484e+00
  -3.8901740e+00
  -5.4772201e+00
  -1.3716282e+01
  -1.1925070e+01
   7.4350610e+00
  -1.3810316e+01
  -4.0921084e+00
   7.4339890e+00
  -2.1841712e+00
   7.4501915e+00
  -5.5247286e+00
  -7.7482199e+00
  -7.5854486e+00
  -1.3331961e+01
  -3.3544062e+00
  -1.0398871e+01
   2.4653985e-01
  -9.2746754e+00
  -1.3265247e-01
  -1.1531163e+01
   5.1182092e+00
  -1.4853170e+01
  -9.7826125e+00
  -7.0524462e+00
  -9.1961420e-01
  -7.6480363e+00
   6.4222720e+00
  -1.7065119e+00
   6.8274271e+00
  -3.3874102e+00
  -9.4010339e+00
   4.9016125e+00
  -1.2799030e+00
  -1.3624433e+01
   4.6032971e+00
  -1.4195183e+01
   1.7455851e+00
  -7.1848637e+00
  -1.2187637e+01
   1.0403684e+00
  -1.3334790e+01
   4.0236671e+00
  -2.7216147e+00
  -4.6006095e+00
  -4.8344178e+00
  -4.7011277e+00
  -7.5328185e+00
  -1.0340392e+01
  -1.1097255e+01
  -1.4154827e+01
   7.9159383e+00
   2.9719196e+00
  -1.9168327e+00
   3.3503895e+00
   3.9973101e+00
  -6.1328127e+00
   2.2124066e-01
  -2.2246793e+00
  -1.0321769e+01
  -1.3834270e+00
  -1.6380812e+00
   7.7421779e+00
  -1.5548177e+01
  -1.8791392e+00
   3.5302036e+00
  -7.9982615e+00
  -6.1315973e+00
   1.9463589e+00
   4.8663109e+00
   5.4020470e+00
  -2.8984980e+00
   6.4238508e+00
  -1.0898465e+01
  -4.5154158e+00
  -4.1671818e+00
  -3.6235759e+00
   6.5716194e+00
   7.7852211e+00
  -4.7182139e+00
   4.4541672e+00
  -5.8429897e+00
  -6.0636085e+00
  -1.6373492e+00
  -6.0970927e+00
   6.8378125e+00
  -8.1753132e+00
  -2.5347257e+00
  -1.0678330e+01
  -1.5879626e+01
   6.6286002e+00
  -4.2983562e+00
  -6.9020236e+00
  -8.0208913e-01
  -3.3916081e+00
  -9.9067833e+00
  -2.9983262e-01
  -8.5764297e+00
  -1.1306551e+01
  -7.9369715e+00
  -1.3263470e+01
  -5.9924176e+00
  -1.5933717e+01
  -1.4443718e+01
  -1.1485858e+01
   7.6321211e+00
  -9.5681902e+00
  -1.1423778e+00
  -1.5095045e-01
  -1.3834427e+01
  -3.4441888e+00
  -2.1455509e+00
  -1.1945212e+01
   8.8194921e-01
   7.8547750e+00
  -1.4920921e+01
  -7.7419123e+00
  -8.1081460e+00
  -2.6164869e+00
  -1.2634363e+01
  -8.5616829e+00
  -7.9095704e+00
   4.6059245e+00
   1.9199431e-01
   7.6883909e+00
  -5.4427881e+00
  -3.4658468e+00
   2.3280211e-01
   7.0901772e+00
   7.9597722e+00
  -2.4900493e-01
  -4.5997931e+00
  -1.1654512e+01
  -1.2693407e+01
  -4.4119467e+00
  -1.5118630e+01
   7.7831214e+00
  -1.7680384e+00
   2.9358952e+00
  -2.4232572e+00
  -1.4570099e+01
  -1.2316896e+01
  -4.5207333e+00
  -1.3027769e+00
  -1.0444299e+01
   5.1848900e+00
  -1.4253307e+01
   2.4651188e+00
   1.0346332e+00
  -7.0437930e+00
  -1.4366066e+01
  -7.4143348e+00
  -1.4463283e+01
  -5.6496703e+00
  -6.5378796e+00
  -1.2643661e+01
  -7.7078033e+00
  -8.2367683e+00
   5.4631705e-01
  -1.3708168e+01
   3.1213208e+00
  -7.4292687e+00
  -5.4739691e+00
   4.1755209e+00
   3.1187456e+00
  -1.3715118e+00
  -1.1217805e+01
  -6.3933408e+00
  -4.6463627e+00
  -7.3374326e-01
   6.7343734e+00
   1.0587454e+00
  -7.0781084e+00
  -8.1971627e+00
  -1.1572029e+01
  -9.9370696e+00
   1.9860957e+00
   5.6277282e+00
  -1.4160579e+00
  -1.4325599e+01
  -5.9719960e+00
  -1.2242639e+01
  -2.1845033e+00
  -1.2506458e+01
   1.3140476e+00
  -8.8683795e+00
  -1.9704704e+00
  -9.5262703e+00
  -1.3645212e+01
  -1.3448660e+01
   6.0403771e+00
  -7.8938784e+00
  -3.9568620e+00
  -1.3506444e+01
  -2.7892146e+00
  -1.5475711e+01
  -1.0774878e+01
   1.0859255e+00
  -8.6692092e+00
  -4.6460933e-01
  -5.9291860e+00
   8.1170076e-01
  -1.1669981e+00
   6.9594046e+00
   5.5066636e-01
  -1.4573564e+01
  -3.3386889e+00
  -6.3714276e+00
   5.5788173e+00
  -1.0676394e+01
  -8.9366778e+00
  -1.4784379e+01
   4.5393086e+00
   4.4037998e+00
  -2.3196859e+00
  -1.6330972e+00
  -1.0367667e+01
  -1.1485993e+01
  -3.3266301e+00
   3.2433534e+00
  -1.1039323e+01
   5.1331873e+00
  -1.2976337e+01
  -1.2759741e+00
  -1.3654051e+01
  -4.0887461e-01
  -1.1492795e+01
   2.9991313e-01
   2.5822811e-01
  -1.1272964e+01
   7.7043809e+00
  -7.1640332e+00
  -8.2415848e+00
  -3.7393524e+00
  -7.3211662e+00
   5.0474073e+00
  -2.9524667e+00
  -1.9685113e+00
   4.8972652e+00
  -1.2145813e+01
  -1.0132391e+01
   3.5489268e+00
  -7.5629954e+00
  -8.5639309e+00
  -2.7473600e+00
  -1.2455162e+01
  -1.0637389e+01
  -9.4026505e+00
  -1.2140740e+01
  -1.0153963e+01
  -1.0929695e+01
   7.8005405e+00
   6.8400434e+00
  -1.0726771e+01
  -9.0386723e+00
  -4.5025748e-01
   7.7249969e+00
  -8.5031840e+00
   2.9665351e+00
  -3.2264993e+00
   7.9090196e+00
  -2.3844297e+00
  -1.1934607e+01
  -1.1055166e+01
   5.4213935e-01
   4.4898860e+00
  -2.0878973e+00
  -5.8734373e+00
   6.2575042e+00
  -1.1292026e+01
  -5.9457657e+00
  -1.2606674e+01
  -4.2609671e+00
  -8.5639639e+00
   3.6876225e+00
  -1.1181609e+01
  -1.1508609e+01
  -8.5931953e+00
  -4.4940487e+00
  -1.4651475e+01
  -4.9847251e+00
  -5.5685783e+00
   3.9728981e+00
   6.4831217e+00
   7.3989625e+00
  -3.9170953e+00
   4.2224528e+00
   1.8259909e+00
  -8.4161594e+00
  -4.7043924e+00
  -3.6903604e+00
   4.1797148e+00
   6.1838830e+00
  -1.3894637e+01
  -3.1262221e+00
   2.0782828e-03
   1.8597022e+00
  -2.1154362e+00
   4.3878839e+00
  -1.8410995e+00
  -1.3243522e+01
   7.1731522e+00
  -1.3596866e+01
   2.5979297e+00
  -2.7261546e+00
  -2.1592926e+00
   5.6799740e+00
  -9.8465788e+00
   7.6254254e+00
  -1.9715743e+00
  -4.7374015e+00
  -1.0647908e+01
  -1.3781647e+01
   4.4063277e+00
  -5.4244844e+00
  -5.4645144e+00
  -1.5816822e+01
  -8.7850469e+00
  -5.5056874e+00
  -5.7269160e+00
   3.0412503e+00
  -6.2297724e+00
  -4.0230461e+00
   4.1099310e+00
   5.0455912e+00
  -1.4308977e+01
   1.7391971e+00
  -9.1914873e+00
  -3.3495560e+00
   6.4906997e+00
  -8.3152223e+00
  -1.1108171e+01
  -8.5317364e-01
  -2.7924939e+00
  -7.0853519e+00
   3.6002117e+00
   5.3581843e+00
   2.1148761e+00
  -1.5674701e+00
  -1.5924511e+01
  -1.1120938e+01
   2.3870033e+00
  -1.5862169e+01
  -2.5432945e+00
  -1.2114104e+01
  -1.7706331e+00
  -3.5582748e+00
  -2.1554036e-01
  -6.0014013e+00
  -1.3508004e+01
  -3.7912524e+00
   7.1393006e-01
  -6.2416829e+00
  -1.0506514e+00
   1.0957890e+00
  -8.1280770e-01
  -1.7866828e+00
  -7.1764829e+00
   7.5899383e+00
  -9.8408129e+00
  -4.5123449e+00
  -6.8411409e+00
  -4.3425830e+00
   4.2598393e+00
   7.5395988e+00
  -1.5452716e+01
  -7.1370280e+00
   5.4316256e+00
   1.8312804e+00
  -2.6424115e+00
  -9.2617900e+00
  -2.5393530e+00
  -5.2125358e+00
   7.1026979e+00
  -5.8297690e+00
   5.1595532e+00
   6.2892117e+00
  -7.5442569e+00
   5.6816122e+00
  -1.1811873e+01
  -1.5054677e+01
   5.2441082e+00
  -5.0413940e+00
  -1.3550063e+01
   4.9022190e+00
  -6.4218920e-01
   2.4169861e+00
  -1.4301385e+01
   4.6122392e+00
  -9.2162591e+00
   5.8918794e+00
  -1.3497915e+01
  -7.3691337e+00
  -7.1806269e-01
   3.7857485e-01
   5.6036407e+00
  -8.4570106e+00
  -6.2383834e+00
  -1.2268437e+01
  -1.7478228e+00
   5.4820164e-01
  -1.2812625e+01
  -9.6078361e+00
  -9.5772376e+00
   4.4155067e+00
  -1.3434160e+01
  -8.0082905e+00
  -7.1884537e+00
   1.1107986e+00
  -1.1782292e-01
  -6.2702514e+00
   4.0221802e+00
  -1.0102639e+01
  -1.5093076e+01
  -1.8370536e+00
  -8.5592161e+00
  -5.5144730e+00
   4.0962199e+00
   2.7320925e+00
  -7.3384540e+00
   3.2292810e+00
  -1.5862330e+01
   6.7519795e+00
  -1.4681721e+01
   7.4064847e-01
   7.6389469e+00
  -6.8844112e+00
  -4.3455547e+00
   8.2901999e-01
  -7.7410728e+00
   4.0625325e+00
  -8.7159326e+00
  -6.5583069e+00
   7.5545861e+00
   5.4741888e+00
   6.0652928e+00
  -7.8369838e+00
  -1.0915264e+00
  -1.5455500e+00
  -1.4068202e+01
  -4.5358952e+00
  -3.2763083e+00
   6.1421845e+00
  -4.3431039e+00
  -9.0098604e+00
   6.3601703e+00
  -1.4997858e+01
  -5.7449984e+00
  -2.4043576e+00
  -1.5000842e+00
  -1.0251267e+01
  -6.7037252e+00
  -5.9957510e+00
  -6.4786221e+00
  -1.1234265e+01
  -1.4599399e+00
  -3.3489675e+00
   4.3492332e+00
  -1.1286126e+01
  -1.3781442e+01
  -1.9794262e+00
  -1.1444238e+01
  -7.9940885e+00
   3.4420176e+00
  -5.4508144e+00
   5.0645364e+00
  -2.4765457e-01
   7.9170515e+00
   3.2932383e+00
  -1.4161461e+01
  -7.6797191e+00
  -6.4717085e+00
   1.8413986e+00
  -6.9341141e+00
  -1.1046926e+01
  -1.1263852e+00
   4.0186623e+00
  -8.7385429e+00
  -5.8567915e+00
  -6.7003787e+00
  -1.4431389e+01
  -1.3047324e+01
  -1.2871668e+01
  -1.5942800e+01
  -6.8775251e+00
  -2.2644159e+00
   6.2213245e+00
   1.5837133e+00
  -1.5539099e+01
  -9.4631344e+00
  -5.3713210e+00
  -5.0053539e+00
   2.3215184e+00
  -1.4849452e+01
   4.4684395e+00
  -1.1859439e+01
   2.3157430e+00
   3.6206046e+00
  -5.3697938e+00
  -7.5097096e+00
   3.8325548e-01
  -1.3571025e+01
   6.9097750e+00
  -1.5624013e+01
  -8.8154706e+00
  -1.4501492e+01
  -5.3610467e+00
  -7.4873989e+00
  -9.1063890e+00
  -4.3012716e+00
  -1.2290480e+01
  -1.2274806e+01
  -7.4289909e+00
   4.7027041e+00
  -8.3661888e+00
  -1.2854276e+01
  -8.6590956e+00
  -3.5465395e+00
  -1.1899502e+01
  -5.5086658e+00
  -8.3928099e+00
  -6.2926451e+00
   3.6400809e+00
   4.2278647e+00
  -1.5905437e+01
  -6.6459845e-02
  -1.4340686e+00
  -1.9652556e+00
   3.3137051e+00
   4.8504405e+00
  -2.6974278e+00
   9.3538892e-01
   4.9931136e+00
  -2.2308562e+00
   3.1307685e+00
   4.0324490e+00
  -6.6286258e+00
  -2.8797403e-01
  -1.7246813e+00
  -5.6114461e+00
  -6.5741718e+00
  -6.9906192e+00
  -1.1856653e+01
  -1.6985109e+00
  -7.1081771e+00
  -8.6207641e+00
   1.3454491e-01
   3.4405572e+00
  -1.2349158e+01
  -1.5356148e+01
   6.7344161e-01
  -9.9586196e+00
  -1.1748296e+00
  -6.3655238e+00
   7.9774624e+00
  -8.5007363e+00
  -6.2085681e+00
  -2.2962426e+00
  -1.2564100e+01
  -1.0091429e-01
   4.8250681e+00
  -1.2895116e+01
  -1.2450147e+00
  -1.2987461e+01
  -1.1362329e+01
  -1.0991903e+01
   6.8132290e+00
  -1.5763547e+01
  -1.2367330e+01
  -7.4152416e+00
  -2.7350256e+00
   6.2957310e+00
   4.4702040e+00
  -7.1026230e+00
   2.6301517e+00
   2.1931772e+00
   5.4411355e+00
   1.4988249e+00
   1.7463920e-01
  -1.3962648e+01
  -1.0714757e+01
   5.0771821e+00
  -8.7351884e+00
   8.7966766e-01
   7.9951383e+00
  -8.9305089e+00
  -9.1635193e+00
   5.5594748e+00
  -1.5791746e+01
  -2.0776292e+00
   1.9669041e+00
  -1.1812467e+01
  -4.6289420e-01
   4.4364433e+00
   5.9021702e+00
  -8.1001374e+00
  -1.2799912e+01
  -1.3715506e+01
  -7.3318282e-01
   6.8592775e+00
   2.4518647e+00
  -1.3763527e+01
   2.5766354e+00
   3.8983771e+00
  -8.0233104e+00
  -1.1249404e+01
   2.8553274e+00
  -9.8725245e+00
   6.1523418e+00
   4.7234442e+00
   7.1265001e-01
   7.2167598e+00
  -1.3445346e+01
  -1.2877349e+01
  -3.5656076e+00
  -1.5572352e+01
  -1.0215072e+01
  -3.4087129e+00
  -1.4674895e+01
  -1.1611568e+01
   5.0430507e+00
   2.6018092e+00
  -4.5490431e+00
   4.1298650e+00
   3.1401600e-01
   4.5776639e+00
   2.9122232e+00
  -1.5130242e+01
  -1.4930970e+01
   3.7667555e+00
  -1.5061270e+01
  -3.2324997e+00
  -4.7576750e+00
  -1.3873348e+01
   3.1351417e+00
  -4.7289912e+00
  -8.8729427e+00
  -3.1421402e+00
  -1.4864143e+01
  -3.0316599e+00
  -1.3715510e+01
  -1.2349642e+01
  -1.4704463e+00
  -6.1134417e+00
   5.1936816e+00
  -3.2786697e+00
  -2.8070217e+00
   3.5182541e+00
  -2.7707424e-01
   4.3335118e+00
  -1.2948896e+01
  -1.4399301e+01
  -1.4596029e+01
   1.4103069e+00
   2.5318377e+00
  -2.5467221e+00
  -4.6955798e+00
   5.0540228e+00
  -1.0787980e+00
   4.9696382e+00
   7.5478999e+00
  -1.8418055e-02
  -1.0590852e+01
  -6.7944860e+00
  -8.6382315e+00
  -5.1339212e+00
  -2.8303308e+00
   8.4919716e-02
   7.7970747e+00
  -1.1159899e+01
   4.2025560e+00
   7.5473315e+00
  -7.2143988e+00
  -2.3869544e+00
   2.6483345e+00
   2.7226579e+00
  -4.6273456e+00
   1.3569900e+00
  -5.4117014e+00
   3.7683296e+00
  -4.4678130e+00
  -6.2356221e-01
  -1.1305108e+01
  -1.4896757e+01
  -1.5204831e+01
  -1.3633333e+01
   3.4013314e+00
   4.7883753e+00
   6.1042779e+00
  -1.2304961e+01
  -1.2537712e+01
  -5.8465533e+00
  -5.8341351e+00
   7.6741076e+00
  -1.2011546e+01
  -1.0029913e+01
   6.7633418e+00
  -1.0970063e+01
  -1.4114090e+01
   1.3056366e+00
  -1.3195557e+01
  -8.4211165e+00
  -1.1158264e+01
  -8.0986375e+00
  -1.1506669e+01
   3.5507624e+00
  -3.6203213e+00
  -4.8032997e+00
  -8.2909756e-01
  -1.1496746e+01
  -1.4149633e+01
  -1.3360882e+01
   1.0887069e+00
  -7.1566353e+00
  -5.1054704e+00
  -1.2794591e+01
  -1.2834448e+01
   5.6074372e+00
  -7.8844603e+00
  -8.2705302e+00
  -4.9195203e+00
  -3.4851850e+00
  -1.3179061e+01
  -8.1982195e+00
   4.3400814e+00
  -1.0273258e+01
  -8.8480889e+00
   7.0375032e-02
  -1.6828130e+00
  -1.3948139e+01
  -6.7721284e+00
  -1.5602645e+01
  -4.7059957e-01
  -2.1863277e+00
  -1.4932949e+01
  -3.1702521e+00
   4.9685481e+00
  -9.6773263e+00
   2.5558204e+00
  -5.0329877e+00
  -1.4297399e+01
   2.7190884e-01
   8.3238609e-01
  -1.2012442e+01
  -6.8749754e+00
   2.6158104e+00
   2.6981261e+00
  -1.5654967e+01
  -1.2056028e+01
  -1.5641955e+01
  -1.4900114e+01
   6.3856288e+00
  -7.5543924e+00
  -8.7679027e+00
  -3.1660704e+00
  -2.8452331e+00
  -1.0798754e+01
   3.1282115e+00
  -6.0418387e+00
  -1.3286904e+00
  -5.7831606e+00
   7.9368490e+00
  -1.2859112e+01
  -1.3866904e+01
  -3.9822411e+00
  -9.3746634e+00
  -1.1592803e+01
  -1.2909127e+00
   1.5846324e+00
  -1.2557179e+01
  -5.1329647e+00
  -1.5191991e+01
   9.9842723e-01
  -1.3337418e+01
  -1.5468601e+01
   4.9580230e-01
  -6.8019257e+00
  -1.0609569e+01
   1.0343848e+00
  -1.8852450e+00
  -4.7742631e-01
  -1.4113788e+01
  -1.3588325e+01
   6.0595794e+00
  -1.4818398e+01
  -1.5183665e+01
  -4.9463250e+00
  -1.0405402e+01
   1.9564505e-01
   4.7123848e+00
  -6.4149646e+00
  -1.4148539e+01
  -9.0231396e+00
  -8.8507534e+00
   5.8065542e+00
  -1.0404436e+01
  -2.2449259e+00
  -1.1492244e+01
  -8.3070817e+00
  -1.8136961e+00
  -1.1124151e+01
  -1.3755117e+01
   1.7414937e+00
  -1.2566515e+01
  -1.0219334e+01
  -7.0238801e+00
  -9.5357065e+00
  -7.2873288e+00
  -5.5050821e+00
   3.8577231e+00
  -6.3289126e+00
  -1.5162143e+01
  -7.4629396e+00
   7.9040299e+00
   1.1593252e+00
  -1.0037767e+01
  -1.0523275e+01
  -7.5539706e+00
  -4.6941481e+00
  -3.9241543e+00
  -1.1726241e+01
  -5.0560216e+00
  -5.5538781e+00
  -4.7743147e+00
  -1.4603279e+01
   6.8074024e+00
  -1.3690457e+01
   4.8522988e+00
  -2.6964330e-01
   2.0045503e+00
   4.6367837e+00
  -6.1484186e+00
  -1.5437882e+01
  -7.0082608e+00
  -3.6968246e+00
  -3.6904854e+00
   4.1064170e+00
   6.9334796e-01
  -1.0962919e+01
  -1.5223029e+01
  -1.5381885e+01
  -4.5319198e+00
  -1.5182923e+01
   4.6843692e+00
  -1.3629485e+01
   5.8662261e+00
  -6.1221631e-01
   2.1368839e+00
  -6.2272334e+00
  -4.1434325e+00
  -5.9201487e+00
  -1.5809768e+01
  -1.7154401e-01
   4.7751943e+00
   4.5812338e+00
  -1.3799326e+01
   6.1801806e+00
  -8.5749978e+00
  -5.1080070e+00
  -1.0756089e+01
  -1.0644901e+01
  -1.4927038e+01
   6.3500819e+00
  -1.2249434e+01
  -6.3841813e+00
  -1.4910044e+01
  -6.9542465e+00
   1.7754505e+00
   5.0721193e+00
  -1.5134855e+01
  -5.2446414e+00
  -1.5499680e+01
  -5.4353789e+00
  -8.0898252e+00
  -2.6322227e+00
  -9.4619509e+00
  -6.8924353e-01
   2.8904640e+00
   1.9452629e+00
   9.9382254e-01
  -1.4565560e+01
  -2.1431356e+00
   7.6876898e+00
  -6.0472801e+00
  -4.6205061e+00
  -1.1521499e+01
   1.4876232e+00
  -1.0668355e+01
  -9.1901980e+00
  -8.4131891e+00
  -1.4298617e+01
  -1.5725477e+00
  -1.2651288e+01
   2.8353568e+00
  -1.2961433e+01
   7.5735486e+00
   4.5057557e+00
   2.9621514e+00
   3.9424840e-01
  -7.2292386e+00
  -8.6278083e+00
  -1.3312524e+01
  -1.0650427e+01
   7.0820448e-01
  -8.3379039e+00
   5.6596390e+00
   1.2450567e+00
  -1.1251544e+01
  -7.2798169e+00
   6.4102258e+00
  -3.2562156e+00
   3.4638779e+00
  -1.9470587e+00
  -1.2324690e+01
  -1.2562298e+01
  -1.3449184e+01
   6.4695037e+00
  -3.6274482e+00
   1.4522907e+00
  -3.6303364e+00
  -4.7532837e+00
  -5.9273001e+00
   7.2171062e+00
   4.8256514e+00
  -1.0772159e+01
  -1.5137718e+01
  -7.0378484e+00
  -3.0842743e+00
  -1.7655130e+00
   4.1944382e+00
  -6.8530295e+00
  -1.1169058e+01
   6.3885210e+00
   5.3233501e+00
  -1.2081183e+01
  -6.2111509e+00
   6.8683538e+00
  -5.4646570e+00
   7.5800144e+00
   3.0285305e+00
   5.3126916e+00
  -6.4433757e+00
   2.9002245e+00
  -1.4174361e+00
   3.8802680e+00
  -3.0217761e+00
  -1.7255836e+00
   8.1647042e-02
  -6.7560403e+00
  -8.1380846e+00
  -1.2399276e+01
  -2.7689735e+00
  -1.3805351e+01
  -2.9065508e+00
   1.6827951e+00
   5.2011743e+00
  -5.8821930e+00
   6.3768771e+00
  -1.5296340e+01
   7.2642110e+00
   2.7883102e+00
  -1.5293876e+01
  -4.8876916e+00
  -1.5648879e+01
   2.0500975e+00
   4.8804224e+00
   3.5420496e-01
  -4.7599813e+00
   9.4605428e-02
   3.1700567e+00
  -1.5857450e+01
   7.5874589e+00
   4.9943995e+00
   7.1759591e+00
   1.8459407e+00
   1.6160279e+00
  -6.2997981e-01
   1.9248360e+00
  -8.9716726e+00
   2.8099897e+00
  -7.7136398e+00
  -1.5201117e+01
  -2.6921489e+00
  -5.3635027e-01
  -4.5649266e+00
   6.7133692e+00
  -3.9529917e+00
  -1.1220215e+01
  -1.8376102e+00
   6.4366181e+00
   7.6344147e-01
  -4.6607417e+00
   3.7391962e+00
   4.7514535e+00
   4.1622409e+00
  -1.0487021e+01
  -7.6018748e+00
   3.1227342e+00
  -1.5048261e-01
  -1.0432638e+01
  -5.1329484e+00
  -3.8901740e+00
  -5.4772201e+00
  -1.3716282e+01
  -1.1925070e+01
   7.4350610e+00
  -1.3810316e+01
  -4.0921084e+00
   7.4339890e+00
  -2.1841712e+00
   7.4501915e+00
  -5.5247286e+00
  -7.7482199e+00
  -7.5854486e+00
  -1.3331961e+01
  -3.3544062e+00
  -1.0398871e+01
   2.4653985e-01
  -9.2746754e+00
  -1.3265247e-01
  -1.1531163e+01
   5.1182092e+00
  -1.4853170e+01
  -9.7826125e+00
  -7.0524462e+00
  -9.1961420e-01
  -7.6480363e+00
   6.4222720e+00
  -1.7065119e+00
   6.8274271e+00
  -3.3874102e+00
  -9.4010339e+00
   4.9016125e+00
  -1.2799030e+00
  -1.3624433e+01
   4.6032971e+00
  -1.4195183e+01
   1.7455851e+00
  -7.1848637e+00
  -1.2187637e+01
   1.0403684e+00
  -1.3334790e+01
   4.0236671e+00
  -2.7216147e+00
  -4.6006095e+00
  -4.8344178e+00
  -4.7011277e+00
  -7.5328185e+00
  -1.0340392e+01
  -1.1097255e+01
  -1.4154827e+01
   7.9159383e+00
   2.9719196e+00
  -1.9168327e+00
   3.3503895e+00
   3.9973101e+00
  -6.1328127e+00
   2.2124066e-01
  -2.2246793e+00
  -1.0321769e+01
  -1.3834270e+00
  -1.6380812e+00
   7.7421779e+00
  -1.5548177e+01
  -1.8791392e+00
   3.5302036e+00
  -7.9982615e+00
  -6.1315973e+00
   1.9463589e+00
   4.8663109e+00
   5.4020470e+00
  -2.8984980e+00
   6.4238508e+00
  -1.0898465e+01
  -4.5154158e+00
  -4.1671818e+00
  -3.6235759e+00
   6.5716194e+00
   7.7852211e+00
  -4.7182139e+00
   4.4541672e+00
  -5.8429897e+00
  -6.0636085e+00
  -1.6373492e+00
  -6.0970927e+00
   6.8378125e+00
  -8.1753132e+00
  -2.5347257e+00
  -1.0678330e+01
  -1.5879626e+01
   6.6286002e+00
  -4.2983562e+00
  -6.9020236e+00
  -8.0208913e-01
  -3.3916081e+00
  -9.9067833e+00
  -2.9983262e-01
  -8.5764297e+00
  -1.1306551e+01
  -7.9369715e+00
  -1.3263470e+01
  -5.9924176e+00
  -1.5933717e+01
  -1.4443718e+01
  -1.1485858e+01
   7.6321211e+00
  -9.5681902e+00
  -1.1423778e+00
  -1.5095045e-01
  -1.3834427e+01
  -3.4441888e+00
  -2.1455509e+00
  -1.1945212e+01
   8.8194921e-01
   7.8547750e+00
  -1.4920921e+01
  -7.7419123e+00
  -8.1081460e+00
  -2.6164869e+00
  -1.2634363e+01
  -8.5616829e+00
  -7.9095704e+00
   4.6059245e+00
   1.9199431e-01
   7.6883909e+00
  -5.4427881e+00
  -3.4658468e+00
   2.3280211e-01
   7.0901772e+00
   7.9597722e+00
  -2.4900493e-01
  -4.5997931e+00
  -1.1654512e+01
  -1.2693407e+01
  -4.4119467e+00
  -1.5118630e+01
   7.7831214e+00
  -1.7680384e+00
   2.9358952e+00
  -2.4232572e+00
  -1.4570099e+01
  -1.2316896e+01
  -4.5207333e+00
  -1.3027769e+00
  -1.0444299e+01
   5.1848900e+00
  -1.4253307e+01
   2.4651188e+00
   1.0346332e+00
  -7.0437930e+00
  -1.4366066e+01
  -7.4143348e+00
  -1.4463283e+01
  -5.6496703e+00
  -6.5378796e+00
  -1.2643661e+01
  -7.7078033e+00
  -8.2367683e+00
   5.4631705e-01
  -1.3708168e+01
   3.1213208e+00
  -7.4292687e+00
  -5.4739691e+00
   4.1755209e+00
   3.1187456e+00
  -1.3715118e+00
  -1.1217805e+01
  -6.3933408e+00
  -4.6463627e+00
  -7.3374326e-01
   6.7343734e+00
   1.0587454e+00
  -7.0781084e+00
  -8.1971627e+00
  -1.1572029e+01
  -9.9370696e+00
   1.9860957e+00
   5.6277282e+00
  -1.4160579e+00
  -1.4325599e+01
  -5.9719960e+00
  -1.2242639e+01
  -2.1845033e+00
  -1.2506458e+01
   1.3140476e+00
  -8.8683795e+00
  -1.9704704e+00
  -9.5262703e+00
  -1.3645212e+01
  -1.3448660e+01
   6.0403771e+00
  -7.8938784e+00
  -3.9568620e+00
  -1.3506444e+01
  -2.7892146e+00
  -1.5475711e+01
  -1.0774878e+01
   1.0859255e+00
  -8.6692092e+00
  -4.6460933e-01
  -5.9291860e+00
   8.1170076e-01
  -1.1669981e+00
   6.9594046e+00
   5.5066636e-01
  -1.4573564e+01
  -3.3386889e+00
  -6.3714276e+00
   5.5788173e+00
  -1.0676394e+01
  -8.9366778e+00
  -1.4784379e+01
   4.5393086e+00
   4.4037998e+00
  -2.3196859e+00
  -1.6330972e+00
  -1.0367667e+01
  -1.1485993e+01
  -3.3266301e+00
   3.2433534e+00
  -1.1039323e+01
   5.1331873e+00
  -1.2976337e+01
  -1.2759741e+00
  -1.3654051e+01
  -4.0887461e-01
  -1.1492795e+01
   2.9991313e-01
   2.5822811e-01
  -1.1272964e+01
   7.7043809e+00
  -7.1640332e+00
  -8.2415848e+00
  -3.7393524e+00
  -7.3211662e+00
   5.0474073e+00
  -2.9524667e+00
  -1.9685113e+00
   4.8972652e+00
  -1.2145813e+01
  -1.0132391e+01
   3.5489268e+00
  -7.5629954e+00
  -8.5639309e+00
  -2.7473600e+00
  -1.2455162e+01
  -1.0637389e+01
  -9.4026505e+00
  -1.2140740e+01
  -1.0153963e+01
  -1.0929695e+01
   7.8005405e+00
   6.8400434e+00
  -1.0726771e+01
  -9.0386723e+00
  -4.5025748e-01
   7.7249969e+00
  -8.5031840e+00
   2.9665351e+00
  -3.2264993e+00
   7.9090196e+00
  -2.3844297e+00
  -1.1934607e+01
  -1.1055166e+01
   5.4213935e-01
   4.4898860e+00
  -2.0878973e+00
  -5.8734373e+00
   6.2575042e+00
  -1.1292026e+01
  -5.9457657e+00
  -1.2606674e+01
  -4.2609671e+00
  -8.5639639e+00
   3.6876225e+00
  -1.1181609e+01
  -1.1508609e+01
  -8.5931953e+00
  -4.4940487e+00
  -1.4651475e+01
  -4.9847251e+00
  -5.5685783e+00
   3.9728981e+00
   6.4831217e+00
   7.3989625e+00
  -3.9170953e+00
   4.2224528e+00
   1.8259909e+00
  -8.4161594e+00
  -4.7043924e+00
  -3.6903604e+00
   4.1797148e+00
   6.1838830e+00
  -1.3894637e+01
  -3.1262221e+00
   2.0782828e-03
   1.8597022e+00
  -2.1154362e+00
   4.3878839e+00
  -1.8410995e+00
  -1.3243522e+01
   7.1731522e+00
  -1.3596866e+01
   2.5979297e+00
  -2.7261546e+00
  -2.1592926e+00
   5.6799740e+00
  -9.8465788e+00
   7.6254254e+00
  -1.9715743e+00
  -4.7374015e+00
  -1.0647908e+01
  -1.3781647e+01
   4.4063277e+00
  -5.4244844e+00
  -5.4645144e+00
  -1.5816822e+01
  -8.7850469e+00
  -5.5056874e+00
  -5.7269160e+00
   3.0412503e+00
  -6.2297724e+00
  -4.0230461e+00
   4.1099310e+00
   5.0455912e+00
  -1.4308977e+01
   1.7391971e+00
  -9.1914873e+00
  -3.3495560e+00
   6.4906997e+00
  -8.3152223e+00
  -1.1108171e+01
  -8.5317364e-01
  -2.7924939e+00
  -7.0853519e+00
   3.6002117e+00
   5.3581843e+00
   2.1148761e+00
  -1.5674701e+00
  -1.5924511e+01
  -1.1120938e+01
   2.3870033e+00
  -1.5862169e+01
  -2.5432945e+00
  -1.2114104e+01
  -1.7706331e+00
  -3.5582748e+00
  -2.1554036e-01
  -6.0014013e+00
  -1.3508004e+01
  -3.7912524e+00
   7.1393006e-01
  -6.2416829e+00
  -1.0506514e+00
   1.0957890e+00
  -8.1280770e-01
  -1.7866828e+00
  -7.1764829e+00
   7.5899383e+00
  -9.8408129e+00
  -4.5123449e+00
  -6.8411409e+00
  -4.3425830e+00
   4.2598393e+00
   7.5395988e+00
  -1.5452716e+01
  -7.1370280e+00
   5.4316256e+00
   1.8312804e+00
  -2.6424115e+00
  -9.2617900e+00
  -2.5393530e+00
  -5.2125358e+00
   7.1026979e+00
  -5.8297690e+00
   5.1595532e+00
   6.2892117e+00
  -7.5442569e+00
   5.6816122e+00
  -1.1811873e+01
  -1.5054677e+01
   5.2441082e+00
  -5.0413940e+00
  -1.3550063e+01
   4.9022190e+00
  -6.4218920e-01
   2.4169861e+00
  -1.4301385e+01
   4.6122392e+00
  -9.2162591e+00
   5.8918794e+00
  -1.3497915e+01
  -7.3691337e+00
  -7.1806269e-01
   3.7857485e-01
   5.6036407e+00
  -8.4570106e+00
  -6.2383834e+00
  -1.2268437e+01
  -1.7478228e+00
   5.4820164e-01
  -1.2812625e+01
  -9.6078361e+00
  -9.5772376e+00
   4.4155067e+00
  -1.3434160e+01
  -8.0082905e+00
  -7.1884537e+00
   1.1107986e+00
  -1.1782292e-01
  -6.2702514e+00
   4.0221802e+00
  -1.0102639e+01
  -1.5093076e+01
  -1.8370536e+00
  -8.5592161e+00
  -5.5144730e+00
   4.0962199e+00
   2.7320925e+00
  -7.3384540e+00
   3.2292810e+00
  -1.5862330e+01
   6.7519795e+00
  -1.4681721e+01
   7.4064847e-01
   7.6389469e+00
  -6.8844112e+00
  -4.3455547e+00
   8.2901999e-01
  -7.7410728e+00
   4.0625325e+00
  -8.7159326e+00
  -6.5583069e+00
   7.5545861e+00
   5.4741888e+00
   6.0652928e+00
  -7.8369838e+00
  -1.0915264e+00
  -1.5455500e+00
  -1.4068202e+01
  -4.5358952e+00
  -3.2763083e+00
   6.1421845e+00
  -4.3431039e+00
  -9.0098604e+00
   6.3601703e+00
  -1.4997858e+01
  -5.7449984e+00
  -2.4043576e+00
  -1.5000842e+00
  -1.0251267e+01
  -6.7037252e+00
  -5.9957510e+00
  -6.4786221e+00
  -1.1234265e+01
  -1.4599399e+00
  -3.3489675e+00
   4.3492332e+00
  -1.1286126e+01
  -1.3781442e+01
  -1.9794262e+00
  -1.1444238e+01
  -7.9940885e+00
   3.4420176e+00
  -5.4508144e+00
   5.0645364e+00
  -2.4765457e-01
   7.9170515e+00
   3.2932383e+00
  -1.4161461e+01
  -7.6797191e+00
  -6.4717085e+00
   1.8413986e+00
  -6.9341141e+00
  -1.1046926e+01
  -1.1263852e+00
   4.0186623e+00
  -8.7385429e+00
  -5.8567915e+00
  -6.7003787e+00
  -1.4431389e+01
  -1.3047324e+01
  -1.2871668e+01
  -1.5942800e+01
  -6.8775251e+00
  -2.2644159e+00
   6.2213245e+00
   1.5837133e+00
  -1.5539099e+01
  -9.4631344e+00
  -5.3713210e+00
  -5.0053539e+00
   2.3215184e+00
  -1.4849452e+01
   4.4684395e+00
  -1.1859439e+01
   2.3157430e+00
   3.6206046e+00
  -5.3697938e+00
  -7.5097096e+00
   3.8325548e-01
  -1.3571025e+01
   6.9097750e+00
  -1.5624013e+01
  -8.8154706e+00
  -1.4501492e+01
  -5.3610467e+00
  -7.4873989e+00
  -9.1063890e+00
  -4.3012716e+00
  -1.2290480e+01
  -1.2274806e+01
  -7.4289909e+00
   4.7027041e+00
  -8.3661888e+00
  -1.2854276e+01
  -8.6590956e+00
  -3.5465395e+00
  -1.1899502e+01
  -5.5086658e+00
  -8.3928099e+00
  -6.2926451e+00
   3.6400809e+00
   4.2278647e+00
  -1.5905437e+01
  -6.6459845e-02
  -1.4340686e+00
  -1.9652556e+00
   3.3137051e+00
   4.8504405e+00
  -2.6974278e+00
   9.3538892e-01
   4.9931136e+00
  -2.2308562e+00
   3.1307685e+00
   4.0324490e+00
  -6.6286258e+00
  -2.8797403e-01
  -1.7246813e+00
  -5.6114461e+00
  -6.5741718e+00
  -6.9906192e+00
  -1.1856653e+01
  -1.6985109e+00
  -7.1081771e+00
  -8.6207641e+00
   1.3454491e-01
   3.4405572e+00
  -1.2349158e+01
  -1.5356148e+01
   6.7344161e-01
  -9.9586196e+00
  -1.1748296e+00
  -6.3655238e+00
   7.9774624e+00
  -8.5007363e+00
  -6.2085681e+00
  -2.2962426e+00
  -1.2564100e+01
  -1.0091429e-01
   4.8250681e+00
  -1.2895116e+01
  -1.2450147e+00
  -1.2987461e+01
  -1.1362329e+01
  -1.0991903e+01
   6.8132290e+00
  -1.5763547e+01
  -1.2367330e+01
  -7.4152416e+00
  -2.7350256e+00
   6.2957310e+00
   4.4702040e+00
  -7.1026230e+00
   2.6301517e+00
   2.1931772e+00
   5.4411355e+00
   1.4988249e+00
   1.7463920e-01
  -1.3962648e+01
  -1.0714757e+01
   5.0771821e+00
  -8.7351884e+00
   8.7966766e-01
   7.9951383e+00
  -8.9305089e+00
  -9.1635193e+00
   5.5594748e+00
  -1.5791746e+01
  -2.0776292e+00
   1.9669041e+00
  -1.1812467e+01
  -4.6289420e-01
   4.4364433e+00
   5.9021702e+00
  -8.1001374e+00
  -1.2799912e+01
  -1.3715506e+01
  -7.3318282e-01
   6.8592775e+00
   2.4518647e+00
  -1.3763527e+01
   2.5766354e+00
   3.8983771e+00
  -8.0233104e+00
  -1.1249404e+01
   2.8553274e+00
  -9.8725245e+00
   6.1523418e+00
   4.7234442e+00
   7.1265001e-01
   7.2167598e+00
  -1.3445346e+01
  -1.2877349e+01
  -3.5656076e+00
  -1.5572352e+01
  -1.0215072e+01
  -3.4087129e+00
  -1.4674895e+01
  -1.1611568e+01
   5.0430507e+00
   2.6018092e+00
  -4.5490431e+00
   4.1298650e+00
   3.1401600e-01
   4.5776639e+00
   2.9122232e+00
  -1.5130242e+01
  -1.4930970e+01
   3.7667555e+00
  -1.5061270e+01
  -3.2324997e+00
  -4.7576750e+00
  -1.3873348e+01
   3.1351417e+00
  -4.7289912e+00
  -8.8729427e+00
  -3.1421402e+00
  -1.4864143e+01
  -3.0316599e+00
  -1.3715510e+01
  -1.2349642e+01
  -1.4704463e+00
  -6.1134417e+00
   5.1936816e+00
  -3.2786697e+00
  -2.8070217e+00
   3.5182541e+00
  -2.7707424e-01
   4.3335118e+00
  -1.2948896e+01
  -1.4399301e+01
  -1.4596029e+01
   1.4103069e+00
   2.5318377e+00
  -2.5467221e+00
  -4.6955798e+00
   5.0540228e+00
  -1.0787980e+00
   4.9696382e+00
   7.5478999e+00
  -1.8418055e-02
  -1.0590852e+01
  -6.7944860e+00
  -8.6382315e+00
  -5.1339212e+00
  -2.8303308e+00
   8.4919716e-02
   7.7970747e+00
  -1.1159899e+01
   4.2025560e+00
   7.5473315e+00
  -7.2143988e+00
  -2.3869544e+00
   2.6483345e+00
   2.7226579e+00
  -4.6273456e+00
   1.3569900e+00
  -5.4117014e+00
   3.7683296e+00
  -4.4678130e+00
  -6.2356221e-01
  -1.1305108e+01
  -1.4896757e+01
  -1.5204831e+01
  -1.3633333e+01
   3.4013314e+00
   4.7883753e+00
   6.1042779e+00
  -1.2304961e+01
  -1.2537712e+01
  -5.8465533e+00
  -5.8341351e+00
   7.6741076e+00
  -1.2011546e+01
  -1.0029913e+01
   6.7633418e+00
  -1.0970063e+01
  -1.4114090e+01
   1.3056366e+00
  -1.3195557e+01
  -8.4211165e+00
  -1.1158264e+01
  -8.0986375e+00
  -1.1506669e+01
   3.5507624e+00
  -3.6203213e+00
  -4.8032997e+00
  -8.2909756e-01
  -1.1496746e+01
  -1.4149633e+01
  -1.3360882e+01
   1.0887069e+00
  -7.1566353e+00
  -5.1054704e+00
  -1.2794591e+01
  -1.2834448e+01
   5.6074372e+00
  -7.8844603e+00
  -8.2705302e+00
  -4.9195203e+00
  -3.4851850e+00
  -1.3179061e+01
  -8.1982195e+00
   4.3400814e+00
  -1.0273258e+01
  -8.8480889e+00
   7.0375032e-02
  -1.6828130e+00
  -1.3948139e+01
  -6.7721284e+00
  -1.5602645e+01
  -4.7059957e-01
  -2.1863277e+00
  -1.4932949e+01
  -3.1702521e+00
   4.9685481e+00
  -9.6773263e+00
   2.5558204e+00
  -5.0329877e+00
  -1.4297399e+01
   2.7190884e-01
   8.3238609e-01
  -1.2012442e+01
  -6.8749754e+00
   2.6158104e+00
   2.6981261e+00
  -1.5654967e+01
  -1.2056028e+01
  -1.5641955e+01
  -1.4900114e+01
   6.3856288e+00
  -7.5543924e+00
  -8.7679027e+00
  -3.1660704e+00
  -2.8452331e+00
  -1.0798754e+01
   3.1282115e+00
  -6.0418387e+00
  -1.3286904e+00
  -5.7831606e+00
   7.9368490e+00
  -1.2859112e+01
  -1.3866904e+01
  -3.9822411e+00
  -9.3746634e+00
  -1.1592803e+01
  -1.2909127e+00
   1.5846324e+00
  -1.2557179e+01
  -5.1329647e+00
  -1.5191991e+01
   9.9842723e-01
  -1.3337418e+01
  -1.5468601e+01
   4.9580230e-01
  -6.8019257e+00
  -1.0609569e+01
   1.0343848e+00
  -1.8852450e+00
  -4.7742631e-01
  -1.4113788e+01
  -1.3588325e+01
   6.0595794e+00
  -1.4818398e+01
  -1.5183665e+01
  -4.9463250e+00
  -1.0405402e+01
   1.9564505e-01
   4.7123848e+00
  -6.4149646e+00
  -1.4148539e+01
  -9.0231396e+00
  -8.8507534e+00
   5.8065542e+00
  -1.0404436e+01
  -2.2449259e+00
  -1.1492244e+01
  -8.3070817e+00
  -1.8136961e+00
  -1.1124151e+01
  -1.3755117e+01
   1.7414937e+00
  -1.2566515e+01
  -1.0219334e+01
  -7.0238801e+00
  -9.5357065e+00
  -7.2873288e+00
  -5.5050821e+00
   3.8577231e+00
  -6.3289126e+00
  -1.5162143e+01
  -7.4629396e+00
   7.9040299e+00
   1.1593252e+00
  -1.0037767e+01
  -1.0523275e+01
  -7.5539706e+00
  -4.6941481e+00
  -3.9241543e+00
  -1.1726241e+01
  -5.0560216e+00
  -5.5538781e+00
  -4.7743147e+00
  -1.4603279e+01
   6.8074024e+00
  -1.3690457e+01
   4.8522988e+00
  -2.6964330e-01
   2.0045503e+00
   4.6367837e+00
  -6.1484186e+00
  -1.5437882e+01
  -7.0082608e+00
  -3.6968246e+00
  -3.6904854e+00
   4.1064170e+00
   6.9334796e-01
  -1.0962919e+01
  -1.5223029e+01
  -1.5381885e+01
  -4.5319198e+00
  -1.5182923e+01
   4.6843692e+00
  -1.3629485e+01
   5.8662261e+00
  -6.1221631e-01
   2.1368839e+00
  -6.2272334e+00
  -4.1434325e+00
  -5.9201487e+00
  -1.5809768e+01
  -1.7154401e-01
   4.7751943e+00
   4.5812338e+00
  -1.3799326e+01
   6.1801806e+00
  -8.5749978e+00
  -5.1080070e+00
  -1.0756089e+01
  -1.0644901e+01
  -1.4927038e+01
   6.3500819e+00
  -1.2249434e+01
  -6.3841813e+00
  -1.4910044e+01
  -6.9542465e+00
   1.7754505e+00
   5.0721193e+00
  -1.5134855e+01
  -5.2446414e+00
  -1.5499680e+01
  -5.4353789e+00
  -8.0898252e+00
  -2.6322227e+00
  -9.4619509e+00
  -6.8924353e-01
   2.8904640e+00
   1.9452629e+00
   9.9382254e-01
  -1.4565560e+01
  -2.1431356e+00
   7.6876898e+00
  -6.0472801e+00
  -4.6205061e+00
  -1.1521499e+01
   1.4876232e+00
  -1.0668355e+01
  -9.1901980e+00
  -8.4131891e+00
  -1.4298617e+01
  -1.5725477e+00
  -1.2651288e+01
   2.8353568e+00
  -1.2961433e+01
   7.5735486e+00
   4.5057557e+00
   2.9621514e+00
   3.9424840e-01
  -7.2292386e+00
  -8.6278083e+00
  -1.3312524e+01
  -1.0650427e+01
   7.0820448e-01
  -8.3379039e+00
   5.6596390e+00
   1.2450567e+00
  -1.1251544e+01
  -7.2798169e+00
   6.4102258e+00
  -3.2562156e+00
   3.4638779e+00
  -1.9470587e+00
  -1.2324690e+01
  -1.2562298e+01
  -1.3449184e+01
   6.4695037e+00
  -3.6274482e+00
   1.4522907e+00
  -3.6303364e+00
  -4.7532837e+00
  -5.9273001e+00
   7.2171062e+00
   4.8256514e+00
  -1.0772159e+01
  -1.5137718e+01
  -7.0378484e+00
  -3.0842743e+00
  -1.7655130e+00
   4.1944382e+00
  -6.8530295e+00
  -1.1169058e+01
   6.3885210e+00
   5.3233501e+00
  -1.2081183e+01
  -6.2111509e+00
   6.8683538e+00
  -5.4646570e+00
   7.5800144e+00
   3.0285305e+00
   5.3126916e+00
  -6.4433757e+00
   2.9002245e+00
  -1.4174361e+00
   3.8802680e+00
  -3.0217761e+00
  -1.7255836e+00
   8.1647042e-02
  -6.7560403e+00
  -8.1380846e+00
  -1.2399276e+01
  -2.7689735e+00
  -1.3805351e+01
  -2.9065508e+00
   1.6827951e+00
   5.2011743e+00
  -5.8821930e+00
   6.3768771e+00
  -1.5296340e+01
   7.2642110e+00
   2.7883102e+00
  -1.5293876e+01
  -4.8876916e+00
  -1.5648879e+01
   2.0500975e+00
   4.8804224e+00
   3.5420496e-01
  -4.7599813e+00
   9.4605428e-02
   3.1700567e+00
  -1.5857450e+01
   7.5874589e+00
   4.9943995e+00
   7.1759591e+00
   1.8459407e+00
   1.6160279e+00
  -6.2997981e-01
   1.9248360e+00
  -8.9716726e+00
   2.8099897e+00
  -7.7136398e+00
  -1.5201117e+01
  -2.6921489e+00
  -5.3635027e-01
  -4.5649266e+00
   6.7133692e+00
  -3.9529917e+00
  -1.1220215e+01
  -1.8376102e+00
   6.4366181e+00
   7.6344147e-01
  -4.6607417e+00
   3.7391962e+00
   4.7514535e+00
   4.1622409e+00
  -1.0487021e+01
  -7.6018748e+00
   3.1227342e+00
  -1.5048261e-01
  -1.0432638e+01
  -5.1329484e+00
  -3.8901740e+00
  -5.4772201e+00
  -1.3716282e+01
  -1.1925070e+01
   7.4350610e+00
  -1.3810316e+01
  -4.0921084e+00
   7.4339890e+00
  -2.1841712e+00
   7.4501915e+00
  -5.5247286e+00
  -7.7482199e+00
  -7.5854486e+00
  -1.3331961e+01
  -3.3544062e+00
  -1.0398871e+01
   2.4653985e-01
  -9.2746754e+00
  -1.3265247e-01
  -1.1531163e+01
   5.1182092e+00
  -1.4853170e+01
  -9.7826125e+00
  -7.0524462e+00
  -9.1961420e-01
  -7.6480363e+00
   6.4222720e+00
  -1.7065119e+00
   6.8274271e+00
  -3.3874102e+00
  -9.4010339e+00
   4.9016125e+00
  -1.2799030e+00
  -1.3624433e+01
   4.6032971e+00
  -1.4195183e+01
   1.7455851e+00
  -7.1848637e+00
  -1.2187637e+01
   1.0403684e+00
  -1.3334790e+01
   4.0236671e+00
  -2.7216147e+00
  -4.6006095e+00
  -4.8344178e+00
  -4.7011277e+00
  -7.5328185e+00
  -1.0340392e+01
  -1.1097255e+01
  -1.4154827e+01
   7.9159383e+00
   2.9719196e+00
  -1.9168327e+00
   3.3503895e+00
   3.9973101e+00
  -6.1328127e+00
   2.2124066e-01
  -2.2246793e+00
  -1.0321769e+01
  -1.3834270e+00
  -1.6380812e+00
   7.7421779e+00
  -1.5548177e+01
  -1.8791392e+00
   3.5302036e+00
  -7.9982615e+00
  -6.1315973e+00
   1.9463589e+00
   4.8663109e+00
   5.4020470e+00
  -2.8984980e+00
   6.4238508e+00
  -1.0898465e+01
  -4.5154158e+00
  -4.1671818e+00
  -3.6235759e+00
   6.5716194e+00
   7.7852211e+00
  -4.7182139e+00
   4.4541672e+00
  -5.8429897e+00
  -6.0636085e+00
  -1.6373492e+00
  -6.0970927e+00
   6.8378125e+00
  -8.1753132e+00
  -2.5347257e+00
  -1.0678330e+01
  -1.5879626e+01
   6.6286002e+00
  -4.2983562e+00
  -6.9020236e+00
  -8.0208913e-01
  -3.3916081e+00
  -9.9067833e+00
  -2.9983262e-01
  -8.5764297e+00
  -1.1306551e+01
  -7.9369715e+00
  -1.3263470e+01
  -5.9924176e+00
  -1.5933717e+01
  -1.4443718e+01
  -1.1485858e+01
   7.6321211e+00
  -9.5681902e+00
  -1.1423778e+00
  -1.5095045e-01
  -1.3834427e+01
  -3.4441888e+00
  -2.1455509e+00
  -1.1945212e+01
   8.8194921e-01
   7.8547750e+00
  -1.4920921e+01
  -7.7419123e+00
  -8.1081460e+00
  -2.6164869e+00
  -1.2634363e+01
  -8.5616829e+00
  -7.9095704e+00
   4.6059245e+00
   1.9199431e-01
   7.6883909e+00
  -5.4427881e+00
  -3.4658468e+00
   2.3280211e-01
   7.0901772e+00
   7.9597722e+00
  -2.4900493e-01
  -4.5997931e+00
  -1.1654512e+01
  -1.2693407e+01
  -4.4119467e+00
  -1.5118630e+01
   7.7831214e+00
  -1.7680384e+00
   2.9358952e+00
  -2.4232572e+00
  -1.4570099e+01
  -1.2316896e+01
  -4.5207333e+00
  -1.3027769e+00
  -1.0444299e+01
   5.1848900e+00
  -1.4253307e+01
   2.4651188e+00
   1.0346332e+00
  -7.0437930e+00
  -1.4366066e+01
  -7.4143348e+00
  -1.4463283e+01
  -5.6496703e+00
  -6.5378796e+00
  -1.2643661e+01
  -7.7078033e+00
  -8.2367683e+00
   5.4631705e-01
  -1.3708168e+01
   3.1213208e+00
  -7.4292687e+00
  -5.4739691e+00
   4.1755209e+00
   3.1187456e+00
  -1.3715118e+00
  -1.1217805e+01
  -6.3933408e+00
  -4.6463627e+00
  -7.3374326e-01
   6.7343734e+00
   1.0587454e+00
  -7.0781084e+00
  -8.1971627e+00
  -1.1572029e+01
  -9.9370696e+00
   1.9860957e+00
   5.6277282e+00
  -1.4160579e+00
  -1.4325599e+01
  -5.9719960e+00
  -1.2242639e+01
  -2.1845033e+00
  -1.2506458e+01
   1.3140476e+00
  -8.8683795e+00
  -1.9704704e+00
  -9.5262703e+00
  -1.3645212e+01
  -1.3448660e+01
   6.0403771e+00
  -7.8938784e+00
  -3.9568620e+00
  -1.3506444e+01
  -2.7892146e+00
  -1.5475711e+01
  -1.0774878e+01
   1.0859255e+00
  -8.6692092e+00
  -4.6460933e-01
  -5.9291860e+00
   8.1170076e-01
  -1.1669981e+00
   6.9594046e+00
   5.5066636e-01
  -1.4573564e+01
  -3.3386889e+00
  -6.3714276e+00
   5.5788173e+00
  -1.0676394e+01
  -8.9366778e+00
  -1.4784379e+01
   4.5393086e+00
   4.4037998e+00
  -2.3196859e+00
  -1.6330972e+00
  -1.0367667e+01
  -1.1485993e+01
  -3.3266301e+00
   3.2433534e+00
  -1.1039323e+01
   5.1331873e+00
  -1.2976337e+01
  -1.2759741e+00
  -1.3654051e+01
  -4.0887461e-01
  -1.1492795e+01
   2.9991313e-01
   2.5822811e-01
  -1.1272964e+01
   7.7043809e+00
  -7.1640332e+00
  -8.2415848e+00
  -3.7393524e+00
  -7.3211662e+00
   5.0474073e+00
  -2.9524667e+00
  -1.9685113e+00
   4.8972652e+00
  -1.2145813e+01
  -1.0132391e+01
   3.5489268e+00
  -7.5629954e+00
  -8.5639309e+00
  -2.7473600e+00
  -1.2455162e+01
  -1.0637389e+01
  -9.4026505e+00
  -1.2140740e+01
  -1.0153963e+01
  -1.0929695e+01
   7.8005405e+00
   6.8400434e+00
  -1.0726771e+01
  -9.0386723e+00
  -4.5025748e-01
   7.7249969e+00
  -8.5031840e+00
   2.9665351e+00
  -3.2264993e+00
   7.9090196e+00
  -2.3844297e+00
  -1.1934607e+01
  -1.1055166e+01
   5.4213935e-01
   4.4898860e+00
  -2.0878973e+00
  -5.8734373e+00
   6.2575042e+00
  -1.1292026e+01
  -5.9457657e+00
  -1.2606674e+01
  -4.2609671e+00
  -8.5639639e+00
   3.6876225e+00
  -1.1181609e+01
  -1.1508609e+01
  -8.5931953e+00
  -4.4940487e+00
  -1.4651475e+01
  -4.9847251e+00
  -5.5685783e+00
   3.9728981e+00
   6.4831217e+00
   7.3989625e+00
  -3.9170953e+00
   4.2224528e+00
   1.8259909e+00
  -8.4161594e+00
  -4.7043924e+00
  -3.6903604e+00
   4.1797148e+00
   6.1838830e+00
  -1.3894637e+01
  -3.1262221e+00
   2.0782828e-03
   1.8597022e+00
  -2.1154362e+00
   4.3878839e+00
  -1.8410995e+00
  -1.3243522e+01
   7.1731522e+00
  -1.3596866e+01
   2.5979297e+00
  -2.7261546e+00
  -2.1592926e+00
   5.6799740e+00
  -9.8465788e+00
   7.6254254e+00
  -1.9715743e+00
  -4.7374015e+00
  -1.0647908e+01
  -1.3781647e+01
   4.4063277e+00
  -5.4244844e+00
  -5.4645144e+00
  -1.5816822e+01
  -8.7850469e+00
  -5.5056874e+00
  -5.7269160e+00
   3.0412503e+00
  -6.2297724e+00
  -4.0230461e+00
   4.1099310e+00
   5.0455912e+00
  -1.4308977e+01
   1.7391971e+00
  -9.1914873e+00
  -3.3495560e+00
   6.4906997e+00
  -8.3152223e+00
  -1.1108171e+01
  -8.5317364e-01
  -2.7924939e+00
  -7.0853519e+00
   3.6002117e+00
   5.3581843e+00
   2.1148761e+00
  -1.5674701e+00
  -1.5924511e+01
  -1.1120938e+01
   2.3870033e+00
  -1.5862169e+01
  -2.5432945e+00
  -1.2114104e+01
  -1.7706331e+00
  -3.5582748e+00
  -2.1554036e-01
  -6.0014013e+00
  -1.3508004e+01
  -3.7912524e+00
   7.1393006e-01
  -6.2416829e+00
  -1.0506514e+00
   1.0957890e+00
  -8.1280770e-01
  -1.7866828e+00
  -7.1764829e+00
   7.5899383e+00
  -9.8408129e+00
  -4.5123449e+00
  -6.8411409e+00
  -4.3425830e+00
   4.2598393e+00
   7.5395988e+00
  -1.5452716e+01
  -7.1370280e+00
   5.4316256e+00
   1.8312804e+00
  -2.6424115e+00
  -9.2617900e+00
  -2.5393530e+00
  -5.2125358e+00
   7.1026979e+00
  -5.8297690e+00
   5.1595532e+00
   6.2892117e+00
  -7.5442569e+00
   5.6816122e+00
  -1.1811873e+01
  -1.5054677e+01
   5.2441082e+00
  -5.0413940e+00
  -1.3550063e+01
   4.9022190e+00
  -6.4218920e-01
   2.4169861e+00
  -1.4301385e+01
   4.6122392e+00
  -9.2162591e+00
   5.8918794e+00
  -1.3497915e+01
  -7.3691337e+00
  -7.1806269e-01
   3.7857485e-01
   5.6036407e+00
  -8.4570106e+00
  -6.2383834e+00
  -1.2268437e+01
  -1.7478228e+00
   5.4820164e-01
  -1.2812625e+01
  -9.6078361e+00
  -9.5772376e+00
   4.4155067e+00
  -1.3434160e+01
  -8.0082905e+00
  -7.1884537e+00
   1.1107986e+00
  -1.1782292e-01
  -6.2702514e+00
   4.0221802e+00
  -1.0102639e+01
  -1.5093076e+01
  -1.8370536e+00
  -8.5592161e+00
  -5.5144730e+00
   4.0962199e+00
   2.7320925e+00
  -7.3384540e+00
   3.2292810e+00
  -1.5862330e+01
   6.7519795e+00
  -1.4681721e+01
   7.4064847e-01
   7.6389469e+00
  -6.8844112e+00
  -4.3455547e+00
   8.2901999e-01
  -7.7410728e+00
   4.0625325e+00
  -8.7159326e+00
  -6.5583069e+00
   7.5545861e+00
   5.4741888e+00
   6.0652928e+00
  -7.8369838e+00
  -1.0915264e+00
