  -3.5606580e+01
  -2.1407284e+01
  -3.4917239e+01
  -3.3699931e+01
   3.0624705e+01
   1.5886718e+01
   8.4427049e+00
   3.5701953e+01
  -1.3169290e+01
   3.2158541e+01
  -3.1035323e+01
  -4.7262848e+00
  -3.2714371e+01
   4.8095008e+01
   2.6308104e+01
  -4.0363908e+01
   4.0454260e+01
   1.3400999e+01
   2.5346978e+01
   8.9095715e+00
  -4.6134100e+01
   2.8765177e+01
  -4.9988576e+01
  -8.3164845e+00
   4.2308832e+01
   1.9458848e+01
  -3.9588720e+01
   3.9409074e+00
   1.3579626e+01
  -1.5552499e+01
  -2.9767070e+00
   2.4586370e+01
   4.9475498e+01
  -6.9509593e+00
  -4.2733381e+01
   4.0227594e+01
  -6.3306487e+00
   5.6458374e+00
   1.3217006e+01
  -3.5896311e+01
  -4.4874810e+01
  -2.4108254e+01
   1.2016438e+01
  -3.2918383e+01
  -2.5889649e+01
   3.8948341e+01
   1.4919646e+01
  -1.4817950e+01
   3.6891126e+01
  -4.6815271e+01
  -1.1694969e+01
  -2.7132008e+01
   3.9971104e+01
  -4.6383896e+01
  -1.7068354e+01
  -3.8521251e+01
  -3.8790043e+01
   2.2975794e+01
   2.5884028e+01
   8.1125319e+00
  -2.3949355e+01
   2.1633431e+00
  -4.5941479e+00
   3.3800184e+00
   4.5027270e+01
   3.7039180e+01
   3.0931366e+01
   3.2082809e+01
   2.1865815e+01
  -2.6926008e+01
  -3.0331900e+01
  -5.1410513e-01
   6.3622444e+00
  -3.7320181e+01
  -2.6414641e+01
   3.0621631e+00
  -3.8524294e+01
   4.6813229e+01
  -2.3922327e+01
   2.2101629e+00
  -3.6475243e+01
  -9.9738018e+00
   8.8748134e+00
  -2.6603990e+01
   4.3826818e+01
   4.8493564e+01
  -4.4000640e+01
   1.1039417e+01
  -3.4060672e+01
   1.6453117e+01
  -1.3156407e+01
   1.2590110e+00
  -4.1012854e+01
  -3.9562978e+01
   4.6940349e+01
   3.8033375e+01
   3.3189373e+01
   2.4786796e+00
   4.4983811e+01
   3.5907080e+01
   3.4022152e+01
  -3.0271291e+01
   1.8941174e+01
   1.7974014e+01
   2.5938903e+01
   3.8912288e+00
   3.7932538e+01
  -4.3983686e+01
   3.3062245e+01
   4.4989467e+01
   4.1657622e+01
  -7.0170577e+00
   4.5768422e+01
  -3.6450513e+01
   2.0039101e+01
  -2.2204399e+01
  -3.2291677e-01
  -2.3279200e+01
   4.3156393e+01
  -3.2070135e+01
   4.9101646e+01
   3.4603381e+01
  -1.2473313e+01
   3.3327024e+01
   3.3553668e+01
  -4.6694933e+01
   4.5389786e+01
  -3.3791876e+01
   2.1603919e+00
  -5.8928146e+00
   3.6337382e+01
   3.2631342e+01
  -1.1534668e+01
   3.1948676e+01
  -2.7295041e+01
   4.8500196e+01
  -8.8127301e+00
   3.4146673e+01
   3.3769626e+01
   7.6556073e+00
  -2.3131992e+01
  -1.1076269e+01
   2.6839151e+01
   1.3034271e+01
  -2.5520453e+01
   2.9766943e+01
   4.4486969e+01
  -1.1722793e+01
  -1.5286377e+00
  -2.5523680e+01
   2.0714139e+01
  -4.3458054e+01
  -3.8147642e+00
  -2.1865850e+00
  -2.4372288e+01
  -3.7048665e+01
  -4.6661758e+01
   7.7393002e+00
  -2.7063313e+01
   4.3168744e+01
  -3.8562562e+01
   3.7857106e+01
  -6.7923282e+00
   4.6973044e+01
  -1.8209596e+01
   1.3743228e+01
  -2.2153755e+01
   1.5927546e+01
  -2.4217779e+01
   5.8625886e-02
   3.6504707e+01
   2.6288547e+00
  -7.7929391e+00
  -3.2519711e+01
  -8.5141162e+00
   1.3876772e+01
   3.6248901e+01
  -4.5715063e+01
   3.2958493e+01
  -2.5611393e+01
  -2.1395214e+01
  -3.9080214e+01
   1.0250874e+01
  -3.6795785e+01
   2.0900942e+01
  -4.1709893e+01
   3.9407528e+01
   9.6488706e+00
   9.5013396e+00
  -1.3607699e+01
   4.8215725e+01
  -4.0046158e+01
   4.6236849e+01
  -4.5257315e+00
   2.6214374e+01
  -3.7452409e+00
  -1.1405330e+01
  -8.9757482e+00
   3.7018143e+01
   8.2721453e+00
  -1.7258802e+01
   2.8362105e+01
  -2.3634808e+01
  -1.2286177e+01
   1.6037834e+01
  -3.8310816e+01
  -2.3572546e+01
  -2.1701145e+01
  -1.9354243e+01
  -3.1288741e+01
  -9.2956907e+00
  -4.7754340e+01
   6.2353105e+00
  -3.4175057e+01
   2.7417489e+01
  -3.3684643e+01
  -3.2703939e+01
  -1.1269724e+01
  -1.0004517e+01
  -3.8966958e+01
  -4.1341616e+01
  -4.3182523e+01
   3.4165411e+01
  -1.2492235e+00
   3.4613817e+01
   1.7360665e+01
  -3.5369128e+01
   1.6332339e+01
   2.7734811e+01
   2.0242712e+01
  -6.7325614e+00
  -3.4009706e+01
  -2.7526599e+01
  -9.4407234e+00
  -1.4205178e+01
  -2.4977854e+01
   1.8890193e+01
   2.4228514e+01
   1.6881184e+01
  -4.1458634e+01
   2.3363536e+01
  -4.5120227e+01
  -2.3323206e+01
   3.3238672e+01
   4.6245988e+01
  -4.9163802e+00
   1.6675848e+01
  -2.7019308e+01
  -6.0974967e+00
  -1.5734406e+01
  -4.7398519e+00
  -1.6251263e+01
   3.1929316e+01
   2.8508808e+01
  -2.0132152e+01
  -4.5688039e+01
   3.4746443e+01
   4.0807583e+00
   9.0662612e+00
   6.7091931e+00
   2.6021028e+01
  -1.1338725e+00
  -4.2655742e+01
  -3.9598451e+01
   1.5330654e+01
   2.3984243e+01
   4.7161450e+01
  -3.2959432e+01
   3.8298628e+01
  -1.6081688e+01
  -1.0619468e+01
   4.4306335e+01
  -3.2590953e+01
  -2.1912151e+01
   4.7222540e+00
   2.5509285e+01
   1.8694039e+01
   3.5685671e+01
  -3.8162273e+01
   3.0649099e+01
  -4.0830819e+01
  -4.3375581e+01
   1.0693326e+01
  -3.2580909e+01
   4.0549408e+01
   1.5461432e+01
  -3.7022765e+01
  -4.1568040e+00
   1.3175813e+01
   3.9758814e+01
   1.7873796e+01
  -3.2768157e+01
  -4.8420643e+01
  -1.3926539e+01
   4.1557022e+01
   3.0053347e+01
  -3.2685989e+01
  -4.7369841e+01
  -3.0041060e+01
  -4.6565815e+01
   2.8394494e+00
  -4.0915379e+01
   4.7460961e+01
  -1.6374775e+01
   1.1875299e+01
   3.0917913e+01
   3.2755031e+01
   1.6719171e+01
   3.1295723e+01
   2.5962800e+01
   1.4657196e+01
  -3.8495915e+00
   2.2006638e+01
   2.1631437e+01
   4.4135898e+01
  -1.0490355e+01
  -8.1675912e+00
   4.6173841e+01
  -4.6191736e+01
   3.2232251e+00
  -4.5118240e+01
  -1.9839167e+01
  -3.4259125e+01
   1.3658961e+01
   4.6346227e+01
  -2.5495987e+01
  -1.9133264e+01
  -5.6692080e+00
  -1.1188212e+01
  -3.1167900e+01
  -3.9021626e+01
   1.7644667e+00
   4.2529409e+01
   3.3858139e+01
   2.9039169e+01
   3.7607015e+01
   3.2795134e+01
  -1.7580693e+01
  -4.9295720e+01
   2.6933323e+01
   2.1843061e+01
   4.5351878e+01
   4.3108723e+01
  -3.9524306e+01
   4.3020241e+01
   4.1465521e+01
  -4.2798494e+01
  -1.3077772e+01
  -2.3294744e+01
  -6.8591445e-01
  -2.2044823e+01
   1.1973404e+01
   1.7897772e+01
  -4.5276123e+00
  -3.7212330e+01
   1.7372837e+01
   3.4926852e+01
  -2.5553564e+01
  -3.8711894e+01
  -2.3967967e+01
   1.2735069e+01
  -4.6164083e+01
   1.1821441e+01
   2.2858164e+01
   1.9902744e+01
   2.1239194e+01
  -3.9479336e+01
   1.5510051e+01
   4.2051153e+01
   2.2720586e+01
  -2.9878719e+01
  -8.5914139e+00
   3.1545811e+01
   3.2934477e+01
  -3.1648187e+01
   1.9525685e+01
  -2.5763921e+01
   3.6459209e+01
   3.2623018e+01
  -4.0560583e+01
  -8.3984949e+00
   4.4080598e+01
  -9.4501495e+00
   8.4947844e+00
   2.2512722e+01
  -2.3041838e+01
   4.2780313e+01
   4.3229437e+01
  -4.1933173e+01
   3.0137079e+01
   4.2558540e+01
  -9.4311435e+00
  -3.5740276e+01
  -2.6679572e+01
   1.3629196e+01
  -4.7333701e+01
   1.7164487e+01
  -2.5859702e+01
   4.3559196e+01
   1.6535238e+01
  -3.8331042e+01
   1.7384035e+01
  -3.0114014e+01
   3.6319970e+01
   2.2973780e+00
  -2.0855736e+00
   4.1587777e+01
  -4.5027591e+01
   1.9747112e+01
  -3.3314284e+01
   4.8650195e+01
   8.9659425e+00
   2.9370830e+01
  -2.1774906e+01
  -2.3423040e+01
  -2.8357922e+01
   8.8798311e+00
  -1.4704646e+01
   8.4944492e+00
   9.6701740e-01
  -4.7636664e+00
   3.6368439e+00
  -2.0386877e+01
   4.3927996e+01
   8.5497675e+00
   2.0685925e+01
   1.6844022e+01
   1.6597202e+00
   9.5144597e+00
   1.1318205e+01
   4.0331419e+01
  -2.8320851e+01
  -1.6458070e+01
   3.7544122e+01
  -2.1509780e+01
   2.8874987e+00
  -2.7676678e+01
  -4.1487231e+01
   3.4741501e+01
   3.3304837e+01
  -1.5228449e+01
   8.1041807e+00
   4.8064076e+00
   1.8773292e+00
   2.3995949e+01
  -1.3639520e+01
  -3.4065159e+01
   3.4809493e+01
   3.3889128e+01
  -9.5912007e+00
  -2.7917325e+00
   7.3039147e+00
   2.2531321e+01
   3.3647019e+01
   4.5811038e+01
   2.4039652e+01
  -4.9290734e+01
  -4.4808417e+01
  -1.0683824e+01
   3.1047020e+01
   3.3563021e+01
   3.1538336e+01
   2.4915763e+01
   3.0835304e+01
  -4.5714953e+01
   1.6621639e+01
  -4.7414617e+01
   8.5419226e+00
  -1.4097520e+01
   3.4971446e+01
  -2.6632803e+01
   3.6179820e+01
  -4.1575006e+01
  -1.4643935e+01
   4.0896174e+01
  -3.0650374e+01
  -3.2879883e+01
   4.2330514e+01
  -4.9936937e+01
  -5.2061417e+00
   1.1316020e+01
  -1.5539406e+01
   9.8246867e+00
  -3.9209510e+01
  -2.2501289e+00
   5.5994359e+00
  -2.0099474e+01
   4.7024464e+01
   1.3310039e+01
  -2.8535041e+01
  -3.1866658e+01
  -1.8651492e+01
  -1.6246059e+00
   3.3580820e+01
  -3.7869800e+01
   3.0202373e+01
  -3.7024548e+01
   2.1485112e+01
  -9.4228490e+00
   4.3405809e+01
   4.1064051e+01
   1.1520205e+01
  -8.1134121e-02
   4.6360466e+01
   3.4377627e+01
   1.8268178e+01
   1.2241536e+01
  -1.3002900e+01
  -4.1982078e+00
  -4.8693249e+00
  -8.2413679e-01
  -4.7111262e+00
  -4.7534113e+01
   4.0729663e+01
   4.2891681e+01
   4.7111428e+01
   3.9206812e+00
  -3.1987695e+01
  -4.1717567e+01
   3.2176719e+01
   2.1664581e+01
  -7.8814760e+00
  -4.2475346e+01
  -1.9287215e+01
   1.8388087e+01
  -6.0185951e+00
  -4.1032517e+00
  -3.7219611e+01
   3.8948514e+01
  -3.5226235e+01
   4.4104246e+01
   3.8339012e+00
  -3.5104219e+00
   3.4632145e+01
  -3.2961622e+01
   3.4566202e+01
   5.1433759e+00
   2.0258209e+01
  -3.7332608e+01
   4.0999080e+01
   6.2087677e+00
  -1.9939058e+01
   3.9394230e+01
  -2.1229357e+01
  -4.6255555e+01
   3.7977450e+01
  -2.8558075e+01
  -2.0612741e+01
  -3.3148824e+01
  -2.2561345e+01
   4.2002574e+00
   3.8790500e+01
   3.7677702e+00
  -1.7647770e+01
  -4.7201313e+01
   3.3240817e+01
   3.2010206e+01
   3.1745302e+01
   2.4158052e+01
   2.7778460e+01
  -2.7568638e+01
  -7.8486030e+00
  -2.7108417e+01
   2.6003260e+01
   4.0394884e+01
   3.3262217e+01
  -3.6909184e+01
   5.8519017e+00
   3.4902972e+01
  -4.5091395e+01
   4.5502502e+00
  -4.8837917e+01
   9.2039471e-01
  -1.0481590e+01
  -4.3323024e+01
   4.2330163e+01
   4.9546141e+00
   2.9060597e+01
   4.9410655e+00
   4.2750914e+00
  -1.7230346e+00
  -7.4983664e-01
  -4.7102047e+01
  -2.3426173e+01
  -4.9034412e+00
   6.4588797e+00
   2.6518278e+01
   4.4162438e+00
  -4.8094434e+01
  -4.4535119e+01
   2.6419935e+01
  -4.5381638e+01
  -1.6377080e+01
   4.5320793e+01
   4.0810454e+01
   3.1968778e+01
  -9.1908766e+00
  -1.8828360e+01
  -2.5992660e+01
   1.2678867e+01
   1.4970347e+01
   1.3934617e+00
   4.9330971e+01
   1.8129402e+01
   1.7897610e+01
  -2.6067097e+01
   1.4668409e+01
  -3.0227118e+01
   2.8168335e+01
   7.9628720e-03
   4.7539035e+01
  -2.3622869e+01
  -4.2550392e+01
  -3.9518565e+01
   1.0116638e+01
   8.1922526e+00
   4.7988591e+00
  -4.0165946e+01
   3.5114730e+01
  -1.7229853e+01
  -4.1698646e+01
   2.0402256e+01
  -1.0479307e+00
   8.2633091e+00
  -2.3485478e+01
   1.2443375e+01
   3.6001451e+00
   4.3254641e+01
   4.3470188e+01
  -4.9732471e+01
   3.9988843e+01
  -1.4878673e+01
   4.0457439e+01
   4.6867960e+01
   3.3494410e+00
  -1.3992342e+00
  -1.2755844e+01
  -1.0231262e+01
  -3.3558973e+00
   3.6972060e+01
   1.7804352e+01
  -3.7354039e+01
  -3.2916163e+01
  -2.9982431e+01
   4.2194944e+01
  -3.3364805e+01
  -3.3172337e+01
   8.9577177e+00
   4.8875751e+01
   4.9670758e+01
   9.8715014e+00
   3.4128600e+01
   3.2119070e+01
   4.8461068e+01
  -8.5151417e+00
  -2.6521644e+01
  -1.5632329e+01
   4.8106567e+00
  -3.0273227e+01
  -3.8549202e+01
  -1.4261408e+01
  -1.9277830e+01
   4.2027541e+01
  -1.4780673e+01
  -2.1051276e+01
   2.8134752e+00
  -3.7258427e+01
   2.0087684e+01
   4.7901313e+01
   2.3575537e+01
  -3.8313034e+01
  -2.2454085e+00
   3.2480865e+01
   1.5246787e+01
  -4.1224675e+01
  -3.7752890e+01
   1.6140543e+01
   3.4279480e+01
  -4.9639956e+01
   5.8117861e+00
   3.1278882e+01
   4.1353131e+01
   1.4436263e+01
   1.5156918e+01
   3.1292147e+01
  -2.6671750e+01
  -1.3743987e+01
   7.8349566e+00
  -3.6833630e+01
   4.3120801e+01
   1.9986012e+01
  -3.0362491e+01
   5.8805171e+00
  -8.3471094e+00
   1.1738938e+01
  -4.9240976e+00
  -3.0943701e+01
  -2.3793089e+01
  -4.5130565e+00
   3.2160238e+01
  -3.5487285e+01
   2.1706594e+00
  -4.6654417e+01
  -1.4779767e+01
   4.3518818e+01
   4.6390967e+00
  -2.8480038e+01
   1.1972923e+01
   1.6869042e+01
  -1.2877892e+01
   3.4113234e+01
   4.6131749e+01
   1.7017588e+01
   4.5267619e+01
   3.4213494e+01
  -8.3445877e+00
   3.4746637e+01
  -6.4438824e+00
  -3.3376606e+01
  -3.5071475e+01
  -4.7529939e+01
  -2.1955841e+01
   1.0233391e+01
   4.5427096e+01
  -4.8021556e+01
  -4.7790820e+01
   2.9168582e+01
  -3.0410923e+00
  -9.6524198e+00
  -4.0866079e+01
  -8.7881167e+00
   6.9279125e-02
   2.4108756e+01
   8.3985351e+00
  -1.8078619e+01
  -3.5409347e+01
  -1.7397521e+01
   4.4804205e+01
   3.7703960e+00
  -3.7423886e+01
   3.2410583e+01
  -4.4246474e+01
  -3.9475621e-01
  -4.5361230e+01
  -1.7895356e+01
  -1.8560207e+01
   1.0962343e+01
   3.4349583e+00
  -4.1772140e+01
   1.1686652e+01
   3.0365572e+01
   2.5547717e+01
  -4.8225879e+01
  -2.3005658e+01
  -2.0416183e+01
  -1.1068233e+00
  -3.2945814e+01
   6.6792733e+00
   2.3648661e+01
  -3.9780834e+00
   2.5069797e+01
   2.0493781e+01
   2.8519756e+01
   4.2514679e+01
  -1.9202266e+01
   5.5913342e+00
  -1.4387128e+01
   3.6037363e+00
   7.8540753e+00
  -4.4603512e+01
   2.5550263e+01
   4.7388154e+01
  -4.7685117e+00
   2.2258026e+01
  -1.3449077e+01
  -4.4291393e+01
  -3.7626876e+01
   3.5787961e+01
   4.4680005e+01
   2.7926397e+01
   4.3694146e+01
  -1.3069822e+01
  -3.9417775e+01
  -1.1453671e+01
  -6.4556839e+00
   3.4302043e+01
   1.7644456e+01
   4.0218374e+01
   3.7582431e+01
   4.8366052e+01
   4.7136438e+01
   4.1856236e+01
  -2.6531865e+01
   5.6338867e+00
  -4.7227760e+01
  -3.9481572e+00
   4.4446155e+01
   2.1461390e+01
  -4.0363826e+01
  -2.7672696e+00
  -3.6529081e+01
  -1.6510819e+01
  -3.3342733e+01
  -4.7279945e+01
   4.2964096e+01
   2.3886014e+01
  -1.9000486e+01
  -3.8191957e+01
  -4.5844154e+01
  -1.3664539e+01
   3.3798610e+01
   3.5839748e+01
  -3.7245297e+01
   1.1087013e+01
   3.9680163e+01
  -3.3045535e+01
   2.8218759e+01
   6.1879564e+00
   2.5923155e+01
  -1.3859297e+01
   1.4404544e+00
  -1.7413566e+01
  -2.6917964e+01
   4.4171739e+01
   3.3593233e+00
  -3.6388492e+00
  -4.5541048e+01
   4.1625618e+01
  -4.7855798e+01
   3.3827794e+01
   4.5011979e+01
   3.1901637e+01
   1.8715239e+01
   4.3654645e+01
  -8.5593888e+00
   2.8703405e+01
  -1.5477830e+01
  -4.1069934e+01
   3.7239520e+01
  -1.4569912e+01
   2.5585397e+01
  -5.2192723e+00
  -3.7410113e+01
  -3.3006024e+01
  -4.6924278e+01
   1.4877170e+01
   2.5978853e+01
  -3.9756915e+01
   1.5522644e+01
  -2.1140620e+01
   2.8532848e+01
   3.1303185e+01
   1.6230810e+01
  -3.4332575e+01
   8.0095732e+00
  -4.3780915e+01
  -2.1602775e+01
  -2.1065861e+01
  -2.9370370e+01
   2.8477021e+01
   2.2969910e+01
   6.0021346e+00
   1.9100473e+01
   4.2703236e+00
   4.5041080e+01
   3.2865283e+01
  -3.4802468e+01
  -3.9440458e+01
  -3.1026372e+01
   1.3933927e+01
   4.7017262e+01
  -2.8865314e+01
   1.1482533e+01
  -3.7521145e+01
  -4.5972771e+01
   3.4890792e+01
  -1.7165542e+01
   3.1678014e+01
  -1.2006099e+00
   3.4914882e+01
  -2.2494320e+01
   3.2645636e+01
   4.5135070e+01
  -6.4844232e+00
  -1.3077863e+01
  -1.7992516e+01
   3.5085556e+01
   1.9565446e+00
  -3.9321461e+01
   2.2200939e+01
   1.2850644e+01
  -2.4943240e+01
   4.4245804e+00
   4.4632397e+01
  -3.7974940e+01
  -4.2040981e+01
   3.8128096e-01
   1.8602839e+01
   1.2326959e+01
   4.5358427e+01
  -2.1682948e+01
   3.5008735e+01
   4.1555672e+01
  -3.1869943e+01
   2.4211546e+01
  -3.2614595e+00
   1.6999021e+01
  -6.6124408e-01
  -3.3656631e+01
   8.6528477e+00
   1.6364262e+01
  -3.0075232e+01
   3.9285030e+01
  -3.2971013e+01
  -1.4414871e+01
   4.6701775e+01
   3.4824102e+01
  -3.3332141e+00
  -2.0442702e+01
  -8.8496838e+00
   4.6760329e+01
   3.5324218e+01
   3.1547408e+01
  -2.2011710e+01
   3.6245859e+01
   3.0142322e+01
   1.4846876e+01
   2.6229529e+01
  -1.4712971e+01
   6.1839528e+00
   8.9064934e+00
   1.7552762e+01
   4.6969534e+01
  -3.7786987e+01
  -1.9772837e+01
  -4.7530844e+01
   2.2406051e+01
  -4.5737157e+01
   2.3959122e+01
  -2.1065296e+00
  -2.5898917e+01
  -2.4579241e+01
   1.5007526e+01
   3.2415655e+01
   1.4018400e+00
  -2.5864883e+01
   1.3230021e+01
  -1.1642277e+01
  -2.0891398e+01
   3.3278682e+01
   4.3729310e+01
  -1.1157772e+01
   9.9928281e+00
  -3.3922305e+01
   3.0683392e+01
   2.8073562e+01
  -3.8979693e+01
  -3.7403594e+01
   2.2753604e+01
  -4.8315485e+01
  -1.9184586e+01
   2.2040735e+01
  -3.7673359e+01
  -4.8389918e+01
   2.5158792e+01
  -6.6892418e-01
   6.9335587e+00
  -2.3205309e+01
  -4.9844946e+01
  -3.1946210e+01
  -3.4186460e+01
   1.1227023e+01
  -1.7926826e+01
   1.5756977e+01
   2.8911757e+01
   7.3008319e-01
  -1.0742395e+01
  -3.8462835e+01
   2.4126010e+01
  -1.2654269e+01
  -4.2377560e+01
  -2.0539133e+01
  -3.5698076e+01
   4.8213635e+01
   1.1038969e+01
  -1.9882083e+01
  -2.8190266e+01
  -2.2091887e+01
  -8.7741353e+00
   1.9157493e+01
  -2.5581488e+01
  -1.7199675e+01
  -2.7813429e+01
   1.5649389e+01
  -4.4787424e+01
   1.9643464e+01
  -2.1218924e+01
   2.6908239e+01
   3.6088799e+00
   1.5311684e+01
  -3.5606580e+01
  -2.1407284e+01
  -3.4917239e+01
  -3.3699931e+01
   3.0624705e+01
   1.5886718e+01
   8.4427049e+00
   3.5701953e+01
  -1.3169290e+01
   3.2158541e+01
  -3.1035323e+01
  -4.7262848e+00
  -3.2714371e+01
   4.8095008e+01
   2.6308104e+01
  -4.0363908e+01
   4.0454260e+01
   1.3400999e+01
   2.5346978e+01
   8.9095715e+00
  -4.6134100e+01
   2.8765177e+01
  -4.9988576e+01
  -8.3164845e+00
   4.2308832e+01
   1.9458848e+01
  -3.9588720e+01
   3.9409074e+00
   1.3579626e+01
  -1.5552499e+01
  -2.9767070e+00
   2.4586370e+01
   4.9475498e+01
  -6.9509593e+00
  -4.2733381e+01
   4.0227594e+01
  -6.3306487e+00
   5.6458374e+00
   1.3217006e+01
  -3.5896311e+01
  -4.4874810e+01
  -2.4108254e+01
   1.2016438e+01
  -3.2918383e+01
  -2.5889649e+01
   3.8948341e+01
   1.4919646e+01
  -1.4817950e+01
   3.6891126e+01
  -4.6815271e+01
  -1.1694969e+01
  -2.7132008e+01
   3.9971104e+01
  -4.6383896e+01
  -1.7068354e+01
  -3.8521251e+01
  -3.8790043e+01
   2.2975794e+01
   2.5884028e+01
   8.1125319e+00
  -2.3949355e+01
   2.1633431e+00
  -4.5941479e+00
   3.3800184e+00
   4.5027270e+01
   3.7039180e+01
   3.0931366e+01
   3.2082809e+01
   2.1865815e+01
  -2.6926008e+01
  -3.0331900e+01
  -5.1410513e-01
   6.3622444e+00
  -3.7320181e+01
  -2.6414641e+01
   3.0621631e+00
  -3.8524294e+01
   4.6813229e+01
  -2.3922327e+01
   2.2101629e+00
  -3.6475243e+01
  -9.9738018e+00
   8.8748134e+00
  -2.6603990e+01
   4.3826818e+01
   4.8493564e+01
  -4.4000640e+01
   1.1039417e+01
  -3.4060672e+01
   1.6453117e+01
  -1.3156407e+01
   1.2590110e+00
  -4.1012854e+01
  -3.9562978e+01
   4.6940349e+01
   3.8033375e+01
   3.3189373e+01
   2.4786796e+00
   4.4983811e+01
   3.5907080e+01
   3.4022152e+01
  -3.0271291e+01
   1.8941174e+01
   1.7974014e+01
   2.5938903e+01
   3.8912288e+00
   3.7932538e+01
  -4.3983686e+01
   3.3062245e+01
   4.4989467e+01
   4.1657622e+01
  -7.0170577e+00
   4.5768422e+01
  -3.6450513e+01
   2.0039101e+01
  -2.2204399e+01
  -3.2291677e-01
  -2.3279200e+01
   4.3156393e+01
  -3.2070135e+01
   4.9101646e+01
   3.4603381e+01
  -1.2473313e+01
   3.3327024e+01
   3.3553668e+01
  -4.6694933e+01
   4.5389786e+01
  -3.3791876e+01
   2.1603919e+00
  -5.8928146e+00
   3.6337382e+01
   3.2631342e+01
  -1.1534668e+01
   3.1948676e+01
  -2.7295041e+01
   4.8500196e+01
  -8.8127301e+00
   3.4146673e+01
   3.3769626e+01
   7.6556073e+00
  -2.3131992e+01
  -1.1076269e+01
   2.6839151e+01
   1.3034271e+01
  -2.5520453e+01
   2.9766943e+01
   4.4486969e+01
  -1.1722793e+01
  -1.5286377e+00
  -2.5523680e+01
   2.0714139e+01
  -4.3458054e+01
  -3.8147642e+00
  -2.1865850e+00
  -2.4372288e+01
  -3.7048665e+01
  -4.6661758e+01
   7.7393002e+00
  -2.7063313e+01
   4.3168744e+01
  -3.8562562e+01
   3.7857106e+01
  -6.7923282e+00
   4.6973044e+01
  -1.8209596e+01
   1.3743228e+01
  -2.2153755e+01
   1.5927546e+01
  -2.4217779e+01
   5.8625886e-02
   3.6504707e+01
   2.6288547e+00
  -7.7929391e+00
  -3.2519711e+01
  -8.5141162e+00
   1.3876772e+01
   3.6248901e+01
  -4.5715063e+01
   3.2958493e+01
  -2.5611393e+01
  -2.1395214e+01
  -3.9080214e+01
   1.0250874e+01
  -3.6795785e+01
   2.0900942e+01
  -4.1709893e+01
   3.9407528e+01
   9.6488706e+00
   9.5013396e+00
  -1.3607699e+01
   4.8215725e+01
  -4.0046158e+01
   4.6236849e+01
  -4.5257315e+00
   2.6214374e+01
  -3.7452409e+00
  -1.1405330e+01
  -8.9757482e+00
   3.7018143e+01
   8.2721453e+00
  -1.7258802e+01
   2.8362105e+01
  -2.3634808e+01
  -1.2286177e+01
   1.6037834e+01
  -3.8310816e+01
  -2.3572546e+01
  -2.1701145e+01
  -1.9354243e+01
  -3.1288741e+01
  -9.2956907e+00
  -4.7754340e+01
   6.2353105e+00
  -3.4175057e+01
   2.7417489e+01
  -3.3684643e+01
  -3.2703939e+01
  -1.1269724e+01
  -1.0004517e+01
  -3.8966958e+01
  -4.1341616e+01
  -4.3182523e+01
   3.4165411e+01
  -1.2492235e+00
   3.4613817e+01
   1.7360665e+01
  -3.5369128e+01
   1.6332339e+01
   2.7734811e+01
   2.0242712e+01
  -6.7325614e+00
  -3.4009706e+01
  -2.7526599e+01
  -9.4407234e+00
  -1.4205178e+01
  -2.4977854e+01
   1.8890193e+01
   2.4228514e+01
   1.6881184e+01
  -4.1458634e+01
   2.3363536e+01
  -4.5120227e+01
  -2.3323206e+01
   3.3238672e+01
   4.6245988e+01
  -4.9163802e+00
   1.6675848e+01
  -2.7019308e+01
  -6.0974967e+00
  -1.5734406e+01
  -4.7398519e+00
  -1.6251263e+01
   3.1929316e+01
   2.8508808e+01
  -2.0132152e+01
  -4.5688039e+01
   3.4746443e+01
   4.0807583e+00
   9.0662612e+00
   6.7091931e+00
   2.6021028e+01
  -1.1338725e+00
  -4.2655742e+01
  -3.9598451e+01
   1.5330654e+01
   2.3984243e+01
   4.7161450e+01
  -3.2959432e+01
   3.8298628e+01
  -1.6081688e+01
  -1.0619468e+01
   4.4306335e+01
  -3.2590953e+01
  -2.1912151e+01
   4.7222540e+00
   2.5509285e+01
   1.8694039e+01
   3.5685671e+01
  -3.8162273e+01
   3.0649099e+01
  -4.0830819e+01
  -4.3375581e+01
   1.0693326e+01
  -3.2580909e+01
   4.0549408e+01
   1.5461432e+01
  -3.7022765e+01
  -4.1568040e+00
   1.3175813e+01
   3.9758814e+01
   1.7873796e+01
  -3.2768157e+01
  -4.8420643e+01
  -1.3926539e+01
   4.1557022e+01
   3.0053347e+01
  -3.2685989e+01
  -4.7369841e+01
  -3.0041060e+01
  -4.6565815e+01
   2.8394494e+00
  -4.0915379e+01
   4.7460961e+01
  -1.6374775e+01
   1.1875299e+01
   3.0917913e+01
   3.2755031e+01
   1.6719171e+01
   3.1295723e+01
   2.5962800e+01
   1.4657196e+01
  -3.8495915e+00
   2.2006638e+01
   2.1631437e+01
   4.4135898e+01
  -1.0490355e+01
  -8.1675912e+00
   4.6173841e+01
  -4.6191736e+01
   3.2232251e+00
  -4.5118240e+01
  -1.9839167e+01
  -3.4259125e+01
   1.3658961e+01
   4.6346227e+01
  -2.5495987e+01
  -1.9133264e+01
  -5.6692080e+00
  -1.1188212e+01
  -3.1167900e+01
  -3.9021626e+01
   1.7644667e+00
   4.2529409e+01
   3.3858139e+01
   2.9039169e+01
   3.7607015e+01
   3.2795134e+01
  -1.7580693e+01
  -4.9295720e+01
   2.6933323e+01
   2.1843061e+01
   4.5351878e+01
   4.3108723e+01
  -3.9524306e+01
   4.3020241e+01
   4.1465521e+01
  -4.2798494e+01
  -1.3077772e+01
  -2.3294744e+01
  -6.8591445e-01
  -2.2044823e+01
   1.1973404e+01
   1.7897772e+01
  -4.5276123e+00
  -3.7212330e+01
   1.7372837e+01
   3.4926852e+01
  -2.5553564e+01
  -3.8711894e+01
  -2.3967967e+01
   1.2735069e+01
  -4.6164083e+01
   1.1821441e+01
   2.2858164e+01
   1.9902744e+01
   2.1239194e+01
  -3.9479336e+01
   1.5510051e+01
   4.2051153e+01
   2.2720586e+01
  -2.9878719e+01
  -8.5914139e+00
   3.1545811e+01
   3.2934477e+01
  -3.1648187e+01
   1.9525685e+01
  -2.5763921e+01
   3.6459209e+01
   3.2623018e+01
  -4.0560583e+01
  -8.3984949e+00
   4.4080598e+01
  -9.4501495e+00
   8.4947844e+00
   2.2512722e+01
  -2.3041838e+01
   4.2780313e+01
   4.3229437e+01
  -4.1933173e+01
   3.0137079e+01
   4.2558540e+01
  -9.4311435e+00
  -3.5740276e+01
  -2.6679572e+01
   1.3629196e+01
  -4.7333701e+01
   1.7164487e+01
  -2.5859702e+01
   4.3559196e+01
   1.6535238e+01
  -3.8331042e+01
   1.7384035e+01
  -3.0114014e+01
   3.6319970e+01
   2.2973780e+00
  -2.0855736e+00
   4.1587777e+01
  -4.5027591e+01
   1.9747112e+01
  -3.3314284e+01
   4.8650195e+01
   8.9659425e+00
   2.9370830e+01
  -2.1774906e+01
  -2.3423040e+01
  -2.8357922e+01
   8.8798311e+00
  -1.4704646e+01
   8.4944492e+00
   9.6701740e-01
  -4.7636664e+00
   3.6368439e+00
  -2.0386877e+01
   4.3927996e+01
   8.5497675e+00
   2.0685925e+01
   1.6844022e+01
   1.6597202e+00
   9.5144597e+00
   1.1318205e+01
   4.0331419e+01
  -2.8320851e+01
  -1.6458070e+01
   3.7544122e+01
  -2.1509780e+01
   2.8874987e+00
  -2.7676678e+01
  -4.1487231e+01
   3.4741501e+01
   3.3304837e+01
  -1.5228449e+01
   8.1041807e+00
   4.8064076e+00
   1.8773292e+00
   2.3995949e+01
  -1.3639520e+01
  -3.4065159e+01
   3.4809493e+01
   3.3889128e+01
  -9.5912007e+00
  -2.7917325e+00
   7.3039147e+00
   2.2531321e+01
   3.3647019e+01
   4.5811038e+01
   2.4039652e+01
  -4.9290734e+01
  -4.4808417e+01
  -1.0683824e+01
   3.1047020e+01
   3.3563021e+01
   3.1538336e+01
   2.4915763e+01
   3.0835304e+01
  -4.5714953e+01
   1.6621639e+01
  -4.7414617e+01
   8.5419226e+00
  -1.4097520e+01
   3.4971446e+01
  -2.6632803e+01
   3.6179820e+01
  -4.1575006e+01
  -1.4643935e+01
   4.0896174e+01
  -3.0650374e+01
  -3.2879883e+01
   4.2330514e+01
  -4.9936937e+01
  -5.2061417e+00
   1.1316020e+01
  -1.5539406e+01
   9.8246867e+00
  -3.9209510e+01
  -2.2501289e+00
   5.5994359e+00
  -2.0099474e+01
   4.7024464e+01
   1.3310039e+01
  -2.8535041e+01
  -3.1866658e+01
  -1.8651492e+01
  -1.6246059e+00
   3.3580820e+01
  -3.7869800e+01
   3.0202373e+01
  -3.7024548e+01
   2.1485112e+01
  -9.4228490e+00
   4.3405809e+01
   4.1064051e+01
   1.1520205e+01
  -8.1134121e-02
   4.6360466e+01
   3.4377627e+01
   1.8268178e+01
   1.2241536e+01
  -1.3002900e+01
  -4.1982078e+00
  -4.8693249e+00
  -8.2413679e-01
  -4.7111262e+00
  -4.7534113e+01
   4.0729663e+01
   4.2891681e+01
   4.7111428e+01
   3.9206812e+00
  -3.1987695e+01
  -4.1717567e+01
   3.2176719e+01
   2.1664581e+01
  -7.8814760e+00
  -4.2475346e+01
  -1.9287215e+01
   1.8388087e+01
  -6.0185951e+00
  -4.1032517e+00
  -3.7219611e+01
   3.8948514e+01
  -3.5226235e+01
   4.4104246e+01
   3.8339012e+00
  -3.5104219e+00
   3.4632145e+01
  -3.2961622e+01
   3.4566202e+01
   5.1433759e+00
   2.0258209e+01
  -3.7332608e+01
   4.0999080e+01
   6.2087677e+00
  -1.9939058e+01
   3.9394230e+01
  -2.1229357e+01
  -4.6255555e+01
   3.7977450e+01
  -2.8558075e+01
  -2.0612741e+01
  -3.3148824e+01
  -2.2561345e+01
   4.2002574e+00
   3.8790500e+01
   3.7677702e+00
  -1.7647770e+01
  -4.7201313e+01
   3.3240817e+01
   3.2010206e+01
   3.1745302e+01
   2.4158052e+01
   2.7778460e+01
  -2.7568638e+01
  -7.8486030e+00
  -2.7108417e+01
   2.6003260e+01
   4.0394884e+01
   3.3262217e+01
  -3.6909184e+01
   5.8519017e+00
   3.4902972e+01
  -4.5091395e+01
   4.5502502e+00
  -4.8837917e+01
   9.2039471e-01
  -1.0481590e+01
  -4.3323024e+01
   4.2330163e+01
   4.9546141e+00
   2.9060597e+01
   4.9410655e+00
   4.2750914e+00
  -1.7230346e+00
  -7.4983664e-01
  -4.7102047e+01
  -2.3426173e+01
  -4.9034412e+00
   6.4588797e+00
   2.6518278e+01
   4.4162438e+00
  -4.8094434e+01
  -4.4535119e+01
   2.6419935e+01
  -4.5381638e+01
  -1.6377080e+01
   4.5320793e+01
   4.0810454e+01
   3.1968778e+01
  -9.1908766e+00
  -1.8828360e+01
  -2.5992660e+01
   1.2678867e+01
   1.4970347e+01
   1.3934617e+00
   4.9330971e+01
   1.8129402e+01
   1.7897610e+01
  -2.6067097e+01
   1.4668409e+01
  -3.0227118e+01
   2.8168335e+01
   7.9628720e-03
   4.7539035e+01
  -2.3622869e+01
  -4.2550392e+01
  -3.9518565e+01
   1.0116638e+01
   8.1922526e+00
   4.7988591e+00
  -4.0165946e+01
   3.5114730e+01
  -1.7229853e+01
  -4.1698646e+01
   2.0402256e+01
  -1.0479307e+00
   8.2633091e+00
  -2.3485478e+01
   1.2443375e+01
   3.6001451e+00
   4.3254641e+01
   4.3470188e+01
  -4.9732471e+01
   3.9988843e+01
  -1.4878673e+01
   4.0457439e+01
   4.6867960e+01
   3.3494410e+00
  -1.3992342e+00
  -1.2755844e+01
  -1.0231262e+01
  -3.3558973e+00
   3.6972060e+01
   1.7804352e+01
  -3.7354039e+01
  -3.2916163e+01
  -2.9982431e+01
   4.2194944e+01
  -3.3364805e+01
  -3.3172337e+01
   8.9577177e+00
   4.8875751e+01
   4.9670758e+01
   9.8715014e+00
   3.4128600e+01
   3.2119070e+01
   4.8461068e+01
  -8.5151417e+00
  -2.6521644e+01
  -1.5632329e+01
   4.8106567e+00
  -3.0273227e+01
  -3.8549202e+01
  -1.4261408e+01
  -1.9277830e+01
   4.2027541e+01
  -1.4780673e+01
  -2.1051276e+01
   2.8134752e+00
  -3.7258427e+01
   2.0087684e+01
   4.7901313e+01
   2.3575537e+01
  -3.8313034e+01
  -2.2454085e+00
   3.2480865e+01
   1.5246787e+01
  -4.1224675e+01
  -3.7752890e+01
   1.6140543e+01
   3.4279480e+01
  -4.9639956e+01
   5.8117861e+00
   3.1278882e+01
   4.1353131e+01
   1.4436263e+01
   1.5156918e+01
   3.1292147e+01
  -2.6671750e+01
  -1.3743987e+01
   7.8349566e+00
  -3.6833630e+01
   4.3120801e+01
   1.9986012e+01
  -3.0362491e+01
   5.8805171e+00
  -8.3471094e+00
   1.1738938e+01
  -4.9240976e+00
  -3.0943701e+01
  -2.3793089e+01
  -4.5130565e+00
   3.2160238e+01
  -3.5487285e+01
   2.1706594e+00
  -4.6654417e+01
  -1.4779767e+01
   4.3518818e+01
   4.6390967e+00
  -2.8480038e+01
   1.1972923e+01
   1.6869042e+01
  -1.2877892e+01
   3.4113234e+01
   4.6131749e+01
   1.7017588e+01
   4.5267619e+01
   3.4213494e+01
  -8.3445877e+00
   3.4746637e+01
  -6.4438824e+00
  -3.3376606e+01
  -3.5071475e+01
  -4.7529939e+01
  -2.1955841e+01
   1.0233391e+01
   4.5427096e+01
  -4.8021556e+01
  -4.7790820e+01
   2.9168582e+01
  -3.0410923e+00
  -9.6524198e+00
  -4.0866079e+01
  -8.7881167e+00
   6.9279125e-02
   2.4108756e+01
   8.3985351e+00
  -1.8078619e+01
  -3.5409347e+01
  -1.7397521e+01
   4.4804205e+01
   3.7703960e+00
  -3.7423886e+01
   3.2410583e+01
  -4.4246474e+01
  -3.9475621e-01
  -4.5361230e+01
  -1.7895356e+01
  -1.8560207e+01
   1.0962343e+01
   3.4349583e+00
  -4.1772140e+01
   1.1686652e+01
   3.0365572e+01
   2.5547717e+01
  -4.8225879e+01
  -2.3005658e+01
  -2.0416183e+01
  -1.1068233e+00
  -3.2945814e+01
   6.6792733e+00
   2.3648661e+01
  -3.9780834e+00
   2.5069797e+01
   2.0493781e+01
   2.8519756e+01
   4.2514679e+01
  -1.9202266e+01
   5.5913342e+00
  -1.4387128e+01
   3.6037363e+00
   7.8540753e+00
  -4.4603512e+01
   2.5550263e+01
   4.7388154e+01
  -4.7685117e+00
   2.2258026e+01
  -1.3449077e+01
  -4.4291393e+01
  -3.7626876e+01
   3.5787961e+01
   4.4680005e+01
   2.7926397e+01
   4.3694146e+01
  -1.3069822e+01
  -3.9417775e+01
  -1.1453671e+01
  -6.4556839e+00
   3.4302043e+01
   1.7644456e+01
   4.0218374e+01
   3.7582431e+01
   4.8366052e+01
   4.7136438e+01
   4.1856236e+01
  -2.6531865e+01
   5.6338867e+00
  -4.7227760e+01
  -3.9481572e+00
   4.4446155e+01
   2.1461390e+01
  -4.0363826e+01
  -2.7672696e+00
  -3.6529081e+01
  -1.6510819e+01
  -3.3342733e+01
  -4.7279945e+01
   4.2964096e+01
   2.3886014e+01
  -1.9000486e+01
  -3.8191957e+01
  -4.5844154e+01
  -1.3664539e+01
   3.3798610e+01
   3.5839748e+01
  -3.7245297e+01
   1.1087013e+01
   3.9680163e+01
  -3.3045535e+01
   2.8218759e+01
   6.1879564e+00
   2.5923155e+01
  -1.3859297e+01
   1.4404544e+00
  -1.7413566e+01
  -2.6917964e+01
   4.4171739e+01
   3.3593233e+00
  -3.6388492e+00
  -4.5541048e+01
   4.1625618e+01
  -4.7855798e+01
   3.3827794e+01
   4.5011979e+01
   3.1901637e+01
   1.8715239e+01
   4.3654645e+01
  -8.5593888e+00
   2.8703405e+01
  -1.5477830e+01
  -4.1069934e+01
   3.7239520e+01
  -1.4569912e+01
   2.5585397e+01
  -5.2192723e+00
  -3.7410113e+01
  -3.3006024e+01
  -4.6924278e+01
   1.4877170e+01
   2.5978853e+01
  -3.9756915e+01
   1.5522644e+01
  -2.1140620e+01
   2.8532848e+01
   3.1303185e+01
   1.6230810e+01
  -3.4332575e+01
   8.0095732e+00
  -4.3780915e+01
  -2.1602775e+01
  -2.1065861e+01
  -2.9370370e+01
   2.8477021e+01
   2.2969910e+01
   6.0021346e+00
   1.9100473e+01
   4.2703236e+00
   4.5041080e+01
   3.2865283e+01
  -3.4802468e+01
  -3.9440458e+01
  -3.1026372e+01
   1.3933927e+01
   4.7017262e+01
  -2.8865314e+01
   1.1482533e+01
  -3.7521145e+01
  -4.5972771e+01
   3.4890792e+01
  -1.7165542e+01
   3.1678014e+01
  -1.2006099e+00
   3.4914882e+01
  -2.2494320e+01
   3.2645636e+01
   4.5135070e+01
  -6.4844232e+00
  -1.3077863e+01
  -1.7992516e+01
   3.5085556e+01
   1.9565446e+00
  -3.9321461e+01
   2.2200939e+01
   1.2850644e+01
  -2.4943240e+01
   4.4245804e+00
   4.4632397e+01
  -3.7974940e+01
  -4.2040981e+01
   3.8128096e-01
   1.8602839e+01
   1.2326959e+01
   4.5358427e+01
  -2.1682948e+01
   3.5008735e+01
   4.1555672e+01
  -3.1869943e+01
   2.4211546e+01
  -3.2614595e+00
   1.6999021e+01
  -6.6124408e-01
  -3.3656631e+01
   8.6528477e+00
   1.6364262e+01
  -3.0075232e+01
   3.9285030e+01
  -3.2971013e+01
  -1.4414871e+01
   4.6701775e+01
   3.4824102e+01
  -3.3332141e+00
  -2.0442702e+01
  -8.8496838e+00
   4.6760329e+01
   3.5324218e+01
   3.1547408e+01
  -2.2011710e+01
   3.6245859e+01
   3.0142322e+01
   1.4846876e+01
   2.6229529e+01
  -1.4712971e+01
   6.1839528e+00
   8.9064934e+00
   1.7552762e+01
   4.6969534e+01
  -3.7786987e+01
  -1.9772837e+01
  -4.7530844e+01
   2.2406051e+01
  -4.5737157e+01
   2.3959122e+01
  -2.1065296e+00
  -2.5898917e+01
  -2.4579241e+01
   1.5007526e+01
   3.2415655e+01
   1.4018400e+00
  -2.5864883e+01
   1.3230021e+01
  -1.1642277e+01
  -2.0891398e+01
   3.3278682e+01
   4.3729310e+01
  -1.1157772e+01
   9.9928281e+00
  -3.3922305e+01
   3.0683392e+01
   2.8073562e+01
  -3.8979693e+01
  -3.7403594e+01
   2.2753604e+01
  -4.8315485e+01
  -1.9184586e+01
   2.2040735e+01
  -3.7673359e+01
  -4.8389918e+01
   2.5158792e+01
  -6.6892418e-01
   6.9335587e+00
  -2.3205309e+01
  -4.9844946e+01
  -3.1946210e+01
  -3.4186460e+01
   1.1227023e+01
  -1.7926826e+01
   1.5756977e+01
   2.8911757e+01
   7.3008319e-01
  -1.0742395e+01
  -3.8462835e+01
   2.4126010e+01
  -1.2654269e+01
  -4.2377560e+01
  -2.0539133e+01
  -3.5698076e+01
   4.8213635e+01
   1.1038969e+01
  -1.9882083e+01
  -2.8190266e+01
  -2.2091887e+01
  -8.7741353e+00
   1.9157493e+01
  -2.5581488e+01
  -1.7199675e+01
  -2.7813429e+01
   1.5649389e+01
  -4.4787424e+01
   1.9643464e+01
  -2.1218924e+01
   2.6908239e+01
   3.6088799e+00
   1.5311684e+01
  -3.5606580e+01
  -2.1407284e+01
  -3.4917239e+01
  -3.3699931e+01
   3.0624705e+01
   1.5886718e+01
   8.4427049e+00
   3.5701953e+01
  -1.3169290e+01
   3.2158541e+01
  -3.1035323e+01
  -4.7262848e+00
  -3.2714371e+01
   4.8095008e+01
   2.6308104e+01
  -4.0363908e+01
   4.0454260e+01
   1.3400999e+01
   2.5346978e+01
   8.9095715e+00
  -4.6134100e+01
   2.8765177e+01
  -4.9988576e+01
  -8.3164845e+00
   4.2308832e+01
   1.9458848e+01
  -3.9588720e+01
   3.9409074e+00
   1.3579626e+01
  -1.5552499e+01
  -2.9767070e+00
   2.4586370e+01
   4.9475498e+01
  -6.9509593e+00
  -4.2733381e+01
   4.0227594e+01
  -6.3306487e+00
   5.6458374e+00
   1.3217006e+01
  -3.5896311e+01
  -4.4874810e+01
  -2.4108254e+01
   1.2016438e+01
  -3.2918383e+01
  -2.5889649e+01
   3.8948341e+01
   1.4919646e+01
  -1.4817950e+01
   3.6891126e+01
  -4.6815271e+01
  -1.1694969e+01
  -2.7132008e+01
   3.9971104e+01
  -4.6383896e+01
  -1.7068354e+01
  -3.8521251e+01
  -3.8790043e+01
   2.2975794e+01
   2.5884028e+01
   8.1125319e+00
  -2.3949355e+01
   2.1633431e+00
  -4.5941479e+00
   3.3800184e+00
   4.5027270e+01
   3.7039180e+01
   3.0931366e+01
   3.2082809e+01
   2.1865815e+01
  -2.6926008e+01
  -3.0331900e+01
  -5.1410513e-01
   6.3622444e+00
  -3.7320181e+01
  -2.6414641e+01
   3.0621631e+00
  -3.8524294e+01
   4.6813229e+01
  -2.3922327e+01
   2.2101629e+00
  -3.6475243e+01
  -9.9738018e+00
   8.8748134e+00
  -2.6603990e+01
   4.3826818e+01
   4.8493564e+01
  -4.4000640e+01
   1.1039417e+01
  -3.4060672e+01
   1.6453117e+01
  -1.3156407e+01
   1.2590110e+00
  -4.1012854e+01
  -3.9562978e+01
   4.6940349e+01
   3.8033375e+01
   3.3189373e+01
   2.4786796e+00
   4.4983811e+01
   3.5907080e+01
   3.4022152e+01
  -3.0271291e+01
   1.8941174e+01
   1.7974014e+01
   2.5938903e+01
   3.8912288e+00
   3.7932538e+01
  -4.3983686e+01
   3.3062245e+01
   4.4989467e+01
   4.1657622e+01
  -7.0170577e+00
   4.5768422e+01
  -3.6450513e+01
   2.0039101e+01
  -2.2204399e+01
  -3.2291677e-01
  -2.3279200e+01
   4.3156393e+01
  -3.2070135e+01
   4.9101646e+01
   3.4603381e+01
  -1.2473313e+01
   3.3327024e+01
   3.3553668e+01
  -4.6694933e+01
   4.5389786e+01
  -3.3791876e+01
   2.1603919e+00
  -5.8928146e+00
   3.6337382e+01
   3.2631342e+01
  -1.1534668e+01
   3.1948676e+01
  -2.7295041e+01
   4.8500196e+01
  -8.8127301e+00
   3.4146673e+01
   3.3769626e+01
   7.6556073e+00
  -2.3131992e+01
  -1.1076269e+01
   2.6839151e+01
   1.3034271e+01
  -2.5520453e+01
   2.9766943e+01
   4.4486969e+01
  -1.1722793e+01
  -1.5286377e+00
  -2.5523680e+01
   2.0714139e+01
  -4.3458054e+01
  -3.8147642e+00
  -2.1865850e+00
  -2.4372288e+01
  -3.7048665e+01
  -4.6661758e+01
   7.7393002e+00
  -2.7063313e+01
   4.3168744e+01
  -3.8562562e+01
   3.7857106e+01
  -6.7923282e+00
   4.6973044e+01
  -1.8209596e+01
   1.3743228e+01
  -2.2153755e+01
   1.5927546e+01
  -2.4217779e+01
   5.8625886e-02
   3.6504707e+01
   2.6288547e+00
  -7.7929391e+00
  -3.2519711e+01
  -8.5141162e+00
   1.3876772e+01
   3.6248901e+01
  -4.5715063e+01
   3.2958493e+01
  -2.5611393e+01
  -2.1395214e+01
  -3.9080214e+01
   1.0250874e+01
  -3.6795785e+01
   2.0900942e+01
  -4.1709893e+01
   3.9407528e+01
   9.6488706e+00
   9.5013396e+00
  -1.3607699e+01
   4.8215725e+01
  -4.0046158e+01
   4.6236849e+01
  -4.5257315e+00
   2.6214374e+01
  -3.7452409e+00
  -1.1405330e+01
  -8.9757482e+00
   3.7018143e+01
   8.2721453e+00
  -1.7258802e+01
   2.8362105e+01
  -2.3634808e+01
  -1.2286177e+01
   1.6037834e+01
  -3.8310816e+01
  -2.3572546e+01
  -2.1701145e+01
  -1.9354243e+01
  -3.1288741e+01
  -9.2956907e+00
  -4.7754340e+01
   6.2353105e+00
  -3.4175057e+01
   2.7417489e+01
  -3.3684643e+01
  -3.2703939e+01
  -1.1269724e+01
  -1.0004517e+01
  -3.8966958e+01
  -4.1341616e+01
  -4.3182523e+01
   3.4165411e+01
  -1.2492235e+00
   3.4613817e+01
   1.7360665e+01
  -3.5369128e+01
   1.6332339e+01
   2.7734811e+01
   2.0242712e+01
  -6.7325614e+00
  -3.4009706e+01
  -2.7526599e+01
  -9.4407234e+00
  -1.4205178e+01
  -2.4977854e+01
   1.8890193e+01
   2.4228514e+01
   1.6881184e+01
  -4.1458634e+01
   2.3363536e+01
  -4.5120227e+01
  -2.3323206e+01
   3.3238672e+01
   4.6245988e+01
  -4.9163802e+00
   1.6675848e+01
  -2.7019308e+01
  -6.0974967e+00
  -1.5734406e+01
  -4.7398519e+00
  -1.6251263e+01
   3.1929316e+01
   2.8508808e+01
  -2.0132152e+01
  -4.5688039e+01
   3.4746443e+01
   4.0807583e+00
   9.0662612e+00
   6.7091931e+00
   2.6021028e+01
  -1.1338725e+00
  -4.2655742e+01
  -3.9598451e+01
   1.5330654e+01
   2.3984243e+01
   4.7161450e+01
  -3.2959432e+01
   3.8298628e+01
  -1.6081688e+01
  -1.0619468e+01
   4.4306335e+01
  -3.2590953e+01
  -2.1912151e+01
   4.7222540e+00
   2.5509285e+01
   1.8694039e+01
   3.5685671e+01
  -3.8162273e+01
   3.0649099e+01
  -4.0830819e+01
  -4.3375581e+01
   1.0693326e+01
  -3.2580909e+01
   4.0549408e+01
   1.5461432e+01
  -3.7022765e+01
  -4.1568040e+00
   1.3175813e+01
   3.9758814e+01
   1.7873796e+01
  -3.2768157e+01
  -4.8420643e+01
  -1.3926539e+01
   4.1557022e+01
   3.0053347e+01
  -3.2685989e+01
  -4.7369841e+01
  -3.0041060e+01
  -4.6565815e+01
   2.8394494e+00
  -4.0915379e+01
   4.7460961e+01
  -1.6374775e+01
   1.1875299e+01
   3.0917913e+01
   3.2755031e+01
   1.6719171e+01
   3.1295723e+01
   2.5962800e+01
   1.4657196e+01
  -3.8495915e+00
   2.2006638e+01
   2.1631437e+01
   4.4135898e+01
  -1.0490355e+01
  -8.1675912e+00
   4.6173841e+01
  -4.6191736e+01
   3.2232251e+00
  -4.5118240e+01
  -1.9839167e+01
  -3.4259125e+01
   1.3658961e+01
   4.6346227e+01
  -2.5495987e+01
  -1.9133264e+01
  -5.6692080e+00
  -1.1188212e+01
  -3.1167900e+01
  -3.9021626e+01
   1.7644667e+00
   4.2529409e+01
   3.3858139e+01
   2.9039169e+01
   3.7607015e+01
   3.2795134e+01
  -1.7580693e+01
  -4.9295720e+01
   2.6933323e+01
   2.1843061e+01
   4.5351878e+01
   4.3108723e+01
  -3.9524306e+01
   4.3020241e+01
   4.1465521e+01
  -4.2798494e+01
  -1.3077772e+01
  -2.3294744e+01
  -6.8591445e-01
  -2.2044823e+01
   1.1973404e+01
   1.7897772e+01
  -4.5276123e+00
  -3.7212330e+01
   1.7372837e+01
   3.4926852e+01
  -2.5553564e+01
  -3.8711894e+01
  -2.3967967e+01
   1.2735069e+01
  -4.6164083e+01
   1.1821441e+01
   2.2858164e+01
   1.9902744e+01
   2.1239194e+01
  -3.9479336e+01
   1.5510051e+01
   4.2051153e+01
   2.2720586e+01
  -2.9878719e+01
  -8.5914139e+00
   3.1545811e+01
   3.2934477e+01
  -3.1648187e+01
   1.9525685e+01
  -2.5763921e+01
   3.6459209e+01
   3.2623018e+01
  -4.0560583e+01
  -8.3984949e+00
   4.4080598e+01
  -9.4501495e+00
   8.4947844e+00
   2.2512722e+01
  -2.3041838e+01
   4.2780313e+01
   4.3229437e+01
  -4.1933173e+01
   3.0137079e+01
   4.2558540e+01
  -9.4311435e+00
  -3.5740276e+01
  -2.6679572e+01
   1.3629196e+01
  -4.7333701e+01
   1.7164487e+01
  -2.5859702e+01
   4.3559196e+01
   1.6535238e+01
  -3.8331042e+01
   1.7384035e+01
  -3.0114014e+01
   3.6319970e+01
   2.2973780e+00
  -2.0855736e+00
   4.1587777e+01
  -4.5027591e+01
   1.9747112e+01
  -3.3314284e+01
   4.8650195e+01
   8.9659425e+00
   2.9370830e+01
  -2.1774906e+01
  -2.3423040e+01
  -2.8357922e+01
   8.8798311e+00
  -1.4704646e+01
   8.4944492e+00
   9.6701740e-01
  -4.7636664e+00
   3.6368439e+00
  -2.0386877e+01
   4.3927996e+01
   8.5497675e+00
   2.0685925e+01
   1.6844022e+01
   1.6597202e+00
   9.5144597e+00
   1.1318205e+01
   4.0331419e+01
  -2.8320851e+01
  -1.6458070e+01
   3.7544122e+01
  -2.1509780e+01
   2.8874987e+00
  -2.7676678e+01
  -4.1487231e+01
   3.4741501e+01
   3.3304837e+01
  -1.5228449e+01
   8.1041807e+00
   4.8064076e+00
   1.8773292e+00
   2.3995949e+01
  -1.3639520e+01
  -3.4065159e+01
   3.4809493e+01
   3.3889128e+01
  -9.5912007e+00
  -2.7917325e+00
   7.3039147e+00
   2.2531321e+01
   3.3647019e+01
   4.5811038e+01
   2.4039652e+01
  -4.9290734e+01
  -4.4808417e+01
  -1.0683824e+01
   3.1047020e+01
   3.3563021e+01
   3.1538336e+01
   2.4915763e+01
   3.0835304e+01
  -4.5714953e+01
   1.6621639e+01
  -4.7414617e+01
   8.5419226e+00
  -1.4097520e+01
   3.4971446e+01
  -2.6632803e+01
   3.6179820e+01
  -4.1575006e+01
  -1.4643935e+01
   4.0896174e+01
  -3.0650374e+01
  -3.2879883e+01
   4.2330514e+01
  -4.9936937e+01
  -5.2061417e+00
   1.1316020e+01
  -1.5539406e+01
   9.8246867e+00
  -3.9209510e+01
  -2.2501289e+00
   5.5994359e+00
  -2.0099474e+01
   4.7024464e+01
   1.3310039e+01
  -2.8535041e+01
  -3.1866658e+01
  -1.8651492e+01
  -1.6246059e+00
   3.3580820e+01
  -3.7869800e+01
   3.0202373e+01
  -3.7024548e+01
   2.1485112e+01
  -9.4228490e+00
   4.3405809e+01
   4.1064051e+01
   1.1520205e+01
  -8.1134121e-02
   4.6360466e+01
   3.4377627e+01
   1.8268178e+01
   1.2241536e+01
  -1.3002900e+01
  -4.1982078e+00
  -4.8693249e+00
  -8.2413679e-01
  -4.7111262e+00
  -4.7534113e+01
   4.0729663e+01
   4.2891681e+01
   4.7111428e+01
   3.9206812e+00
  -3.1987695e+01
  -4.1717567e+01
   3.2176719e+01
   2.1664581e+01
  -7.8814760e+00
  -4.2475346e+01
  -1.9287215e+01
   1.8388087e+01
  -6.0185951e+00
  -4.1032517e+00
  -3.7219611e+01
   3.8948514e+01
  -3.5226235e+01
   4.4104246e+01
   3.8339012e+00
  -3.5104219e+00
   3.4632145e+01
  -3.2961622e+01
   3.4566202e+01
   5.1433759e+00
   2.0258209e+01
  -3.7332608e+01
   4.0999080e+01
   6.2087677e+00
  -1.9939058e+01
   3.9394230e+01
  -2.1229357e+01
  -4.6255555e+01
   3.7977450e+01
  -2.8558075e+01
  -2.0612741e+01
  -3.3148824e+01
  -2.2561345e+01
   4.2002574e+00
   3.8790500e+01
   3.7677702e+00
  -1.7647770e+01
  -4.7201313e+01
   3.3240817e+01
   3.2010206e+01
   3.1745302e+01
   2.4158052e+01
   2.7778460e+01
  -2.7568638e+01
  -7.8486030e+00
  -2.7108417e+01
   2.6003260e+01
   4.0394884e+01
   3.3262217e+01
  -3.6909184e+01
   5.8519017e+00
   3.4902972e+01
  -4.5091395e+01
   4.5502502e+00
  -4.8837917e+01
   9.2039471e-01
  -1.0481590e+01
  -4.3323024e+01
   4.2330163e+01
   4.9546141e+00
   2.9060597e+01
   4.9410655e+00
   4.2750914e+00
  -1.7230346e+00
  -7.4983664e-01
  -4.7102047e+01
  -2.3426173e+01
  -4.9034412e+00
   6.4588797e+00
   2.6518278e+01
   4.4162438e+00
  -4.8094434e+01
  -4.4535119e+01
   2.6419935e+01
  -4.5381638e+01
  -1.6377080e+01
   4.5320793e+01
   4.0810454e+01
   3.1968778e+01
  -9.1908766e+00
  -1.8828360e+01
  -2.5992660e+01
   1.2678867e+01
   1.4970347e+01
   1.3934617e+00
   4.9330971e+01
   1.8129402e+01
   1.7897610e+01
  -2.6067097e+01
   1.4668409e+01
  -3.0227118e+01
   2.8168335e+01
   7.9628720e-03
   4.7539035e+01
  -2.3622869e+01
  -4.2550392e+01
  -3.9518565e+01
   1.0116638e+01
   8.1922526e+00
   4.7988591e+00
  -4.0165946e+01
   3.5114730e+01
  -1.7229853e+01
  -4.1698646e+01
   2.0402256e+01
  -1.0479307e+00
   8.2633091e+00
  -2.3485478e+01
   1.2443375e+01
   3.6001451e+00
   4.3254641e+01
   4.3470188e+01
  -4.9732471e+01
   3.9988843e+01
  -1.4878673e+01
   4.0457439e+01
   4.6867960e+01
   3.3494410e+00
  -1.3992342e+00
  -1.2755844e+01
  -1.0231262e+01
  -3.3558973e+00
   3.6972060e+01
   1.7804352e+01
  -3.7354039e+01
  -3.2916163e+01
  -2.9982431e+01
   4.2194944e+01
  -3.3364805e+01
  -3.3172337e+01
   8.9577177e+00
   4.8875751e+01
   4.9670758e+01
   9.8715014e+00
   3.4128600e+01
   3.2119070e+01
   4.8461068e+01
  -8.5151417e+00
  -2.6521644e+01
  -1.5632329e+01
   4.8106567e+00
  -3.0273227e+01
  -3.8549202e+01
  -1.4261408e+01
  -1.9277830e+01
   4.2027541e+01
  -1.4780673e+01
  -2.1051276e+01
   2.8134752e+00
  -3.7258427e+01
   2.0087684e+01
   4.7901313e+01
   2.3575537e+01
  -3.8313034e+01
  -2.2454085e+00
   3.2480865e+01
   1.5246787e+01
  -4.1224675e+01
  -3.7752890e+01
   1.6140543e+01
   3.4279480e+01
  -4.9639956e+01
   5.8117861e+00
   3.1278882e+01
   4.1353131e+01
   1.4436263e+01
   1.5156918e+01
   3.1292147e+01
  -2.6671750e+01
  -1.3743987e+01
   7.8349566e+00
  -3.6833630e+01
   4.3120801e+01
   1.9986012e+01
  -3.0362491e+01
   5.8805171e+00
  -8.3471094e+00
   1.1738938e+01
  -4.9240976e+00
  -3.0943701e+01
  -2.3793089e+01
  -4.5130565e+00
   3.2160238e+01
  -3.5487285e+01
   2.1706594e+00
  -4.6654417e+01
  -1.4779767e+01
   4.3518818e+01
   4.6390967e+00
  -2.8480038e+01
   1.1972923e+01
   1.6869042e+01
  -1.2877892e+01
   3.4113234e+01
   4.6131749e+01
   1.7017588e+01
   4.5267619e+01
   3.4213494e+01
  -8.3445877e+00
   3.4746637e+01
  -6.4438824e+00
  -3.3376606e+01
  -3.5071475e+01
  -4.7529939e+01
  -2.1955841e+01
   1.0233391e+01
   4.5427096e+01
  -4.8021556e+01
  -4.7790820e+01
   2.9168582e+01
  -3.0410923e+00
  -9.6524198e+00
  -4.0866079e+01
  -8.7881167e+00
   6.9279125e-02
   2.4108756e+01
   8.3985351e+00
  -1.8078619e+01
  -3.5409347e+01
  -1.7397521e+01
   4.4804205e+01
   3.7703960e+00
  -3.7423886e+01
   3.2410583e+01
  -4.4246474e+01
  -3.9475621e-01
  -4.5361230e+01
  -1.7895356e+01
  -1.8560207e+01
   1.0962343e+01
   3.4349583e+00
  -4.1772140e+01
   1.1686652e+01
   3.0365572e+01
   2.5547717e+01
  -4.8225879e+01
  -2.3005658e+01
  -2.0416183e+01
  -1.1068233e+00
  -3.2945814e+01
   6.6792733e+00
   2.3648661e+01
  -3.9780834e+00
   2.5069797e+01
   2.0493781e+01
   2.8519756e+01
   4.2514679e+01
  -1.9202266e+01
   5.5913342e+00
  -1.4387128e+01
   3.6037363e+00
   7.8540753e+00
  -4.4603512e+01
   2.5550263e+01
   4.7388154e+01
  -4.7685117e+00
   2.2258026e+01
  -1.3449077e+01
  -4.4291393e+01
  -3.7626876e+01
   3.5787961e+01
   4.4680005e+01
   2.7926397e+01
   4.3694146e+01
  -1.3069822e+01
  -3.9417775e+01
  -1.1453671e+01
  -6.4556839e+00
   3.4302043e+01
   1.7644456e+01
   4.0218374e+01
   3.7582431e+01
   4.8366052e+01
   4.7136438e+01
   4.1856236e+01
  -2.6531865e+01
   5.6338867e+00
  -4.7227760e+01
  -3.9481572e+00
   4.4446155e+01
   2.1461390e+01
  -4.0363826e+01
  -2.7672696e+00
  -3.6529081e+01
  -1.6510819e+01
  -3.3342733e+01
  -4.7279945e+01
   4.2964096e+01
   2.3886014e+01
  -1.9000486e+01
  -3.8191957e+01
  -4.5844154e+01
  -1.3664539e+01
   3.3798610e+01
   3.5839748e+01
  -3.7245297e+01
   1.1087013e+01
   3.9680163e+01
  -3.3045535e+01
   2.8218759e+01
   6.1879564e+00
   2.5923155e+01
  -1.3859297e+01
   1.4404544e+00
  -1.7413566e+01
  -2.6917964e+01
   4.4171739e+01
   3.3593233e+00
  -3.6388492e+00
  -4.5541048e+01
   4.1625618e+01
  -4.7855798e+01
   3.3827794e+01
   4.5011979e+01
   3.1901637e+01
   1.8715239e+01
   4.3654645e+01
  -8.5593888e+00
   2.8703405e+01
  -1.5477830e+01
  -4.1069934e+01
   3.7239520e+01
  -1.4569912e+01
   2.5585397e+01
  -5.2192723e+00
  -3.7410113e+01
  -3.3006024e+01
  -4.6924278e+01
   1.4877170e+01
   2.5978853e+01
  -3.9756915e+01
   1.5522644e+01
  -2.1140620e+01
   2.8532848e+01
   3.1303185e+01
   1.6230810e+01
  -3.4332575e+01
   8.0095732e+00
  -4.3780915e+01
  -2.1602775e+01
  -2.1065861e+01
  -2.9370370e+01
   2.8477021e+01
   2.2969910e+01
   6.0021346e+00
   1.9100473e+01
   4.2703236e+00
   4.5041080e+01
   3.2865283e+01
  -3.4802468e+01
  -3.9440458e+01
  -3.1026372e+01
   1.3933927e+01
   4.7017262e+01
  -2.8865314e+01
   1.1482533e+01
  -3.7521145e+01
  -4.5972771e+01
   3.4890792e+01
  -1.7165542e+01
   3.1678014e+01
  -1.2006099e+00
   3.4914882e+01
  -2.2494320e+01
   3.2645636e+01
   4.5135070e+01
  -6.4844232e+00
  -1.3077863e+01
  -1.7992516e+01
   3.5085556e+01
   1.9565446e+00
  -3.9321461e+01
   2.2200939e+01
   1.2850644e+01
  -2.4943240e+01
   4.4245804e+00
   4.4632397e+01
  -3.7974940e+01
  -4.2040981e+01
   3.8128096e-01
   1.8602839e+01
   1.2326959e+01
   4.5358427e+01
  -2.1682948e+01
   3.5008735e+01
   4.1555672e+01
  -3.1869943e+01
   2.4211546e+01
  -3.2614595e+00
   1.6999021e+01
  -6.6124408e-01
  -3.3656631e+01
   8.6528477e+00
   1.6364262e+01
  -3.0075232e+01
   3.9285030e+01
  -3.2971013e+01
  -1.4414871e+01
   4.6701775e+01
   3.4824102e+01
  -3.3332141e+00
  -2.0442702e+01
  -8.8496838e+00
   4.6760329e+01
   3.5324218e+01
   3.1547408e+01
  -2.2011710e+01
   3.6245859e+01
   3.0142322e+01
   1.4846876e+01
   2.6229529e+01
  -1.4712971e+01
   6.1839528e+00
   8.9064934e+00
   1.7552762e+01
   4.6969534e+01
  -3.7786987e+01
  -1.9772837e+01
  -4.7530844e+01
   2.2406051e+01
  -4.5737157e+01
   2.3959122e+01
  -2.1065296e+00
  -2.5898917e+01
  -2.4579241e+01
   1.5007526e+01
   3.2415655e+01
   1.4018400e+00
  -2.5864883e+01
   1.3230021e+01
  -1.1642277e+01
  -2.0891398e+01
   3.3278682e+01
   4.3729310e+01
  -1.1157772e+01
   9.9928281e+00
  -3.3922305e+01
   3.0683392e+01
   2.8073562e+01
  -3.8979693e+01
  -3.7403594e+01
   2.2753604e+01
  -4.8315485e+01
  -1.9184586e+01
   2.2040735e+01
  -3.7673359e+01
  -4.8389918e+01
   2.5158792e+01
  -6.6892418e-01
   6.9335587e+00
  -2.3205309e+01
  -4.9844946e+01
  -3.1946210e+01
  -3.4186460e+01
   1.1227023e+01
  -1.7926826e+01
   1.5756977e+01
   2.8911757e+01
   7.3008319e-01
  -1.0742395e+01
  -3.8462835e+01
   2.4126010e+01
  -1.2654269e+01
  -4.2377560e+01
  -2.0539133e+01
  -3.5698076e+01
   4.8213635e+01
   1.1038969e+01
  -1.9882083e+01
  -2.8190266e+01
  -2.2091887e+01
  -8.7741353e+00
   1.9157493e+01
  -2.5581488e+01
  -1.7199675e+01
  -2.7813429e+01
   1.5649389e+01
  -4.4787424e+01
   1.9643464e+01
  -2.1218924e+01
   2.6908239e+01
   3.6088799e+00
   1.5311684e+01
  -3.5606580e+01
  -2.1407284e+01
  -3.4917239e+01
  -3.3699931e+01
   3.0624705e+01
   1.5886718e+01
   8.4427049e+00
   3.5701953e+01
  -1.3169290e+01
   3.2158541e+01
  -3.1035323e+01
  -4.7262848e+00
  -3.2714371e+01
   4.8095008e+01
   2.6308104e+01
  -4.0363908e+01
   4.0454260e+01
   1.3400999e+01
   2.5346978e+01
   8.9095715e+00
  -4.6134100e+01
   2.8765177e+01
  -4.9988576e+01
  -8.3164845e+00
   4.2308832e+01
   1.9458848e+01
  -3.9588720e+01
   3.9409074e+00
   1.3579626e+01
  -1.5552499e+01
  -2.9767070e+00
   2.4586370e+01
   4.9475498e+01
  -6.9509593e+00
  -4.2733381e+01
   4.0227594e+01
  -6.3306487e+00
   5.6458374e+00
   1.3217006e+01
  -3.5896311e+01
  -4.4874810e+01
  -2.4108254e+01
   1.2016438e+01
  -3.2918383e+01
  -2.5889649e+01
   3.8948341e+01
   1.4919646e+01
  -1.4817950e+01
   3.6891126e+01
  -4.6815271e+01
  -1.1694969e+01
  -2.7132008e+01
   3.9971104e+01
  -4.6383896e+01
  -1.7068354e+01
  -3.8521251e+01
  -3.8790043e+01
   2.2975794e+01
   2.5884028e+01
   8.1125319e+00
  -2.3949355e+01
   2.1633431e+00
  -4.5941479e+00
   3.3800184e+00
   4.5027270e+01
   3.7039180e+01
   3.0931366e+01
   3.2082809e+01
   2.1865815e+01
  -2.6926008e+01
  -3.0331900e+01
  -5.1410513e-01
   6.3622444e+00
  -3.7320181e+01
  -2.6414641e+01
   3.0621631e+00
  -3.8524294e+01
   4.6813229e+01
  -2.3922327e+01
   2.2101629e+00
  -3.6475243e+01
  -9.9738018e+00
   8.8748134e+00
  -2.6603990e+01
   4.3826818e+01
   4.8493564e+01
  -4.4000640e+01
   1.1039417e+01
  -3.4060672e+01
   1.6453117e+01
  -1.3156407e+01
   1.2590110e+00
  -4.1012854e+01
  -3.9562978e+01
   4.6940349e+01
   3.8033375e+01
   3.3189373e+01
   2.4786796e+00
   4.4983811e+01
   3.5907080e+01
   3.4022152e+01
  -3.0271291e+01
   1.8941174e+01
   1.7974014e+01
   2.5938903e+01
   3.8912288e+00
   3.7932538e+01
  -4.3983686e+01
   3.3062245e+01
   4.4989467e+01
   4.1657622e+01
  -7.0170577e+00
   4.5768422e+01
  -3.6450513e+01
   2.0039101e+01
  -2.2204399e+01
  -3.2291677e-01
  -2.3279200e+01
   4.3156393e+01
  -3.2070135e+01
   4.9101646e+01
   3.4603381e+01
  -1.2473313e+01
   3.3327024e+01
   3.3553668e+01
  -4.6694933e+01
   4.5389786e+01
  -3.3791876e+01
   2.1603919e+00
  -5.8928146e+00
   3.6337382e+01
   3.2631342e+01
  -1.1534668e+01
   3.1948676e+01
  -2.7295041e+01
   4.8500196e+01
  -8.8127301e+00
   3.4146673e+01
   3.3769626e+01
   7.6556073e+00
  -2.3131992e+01
  -1.1076269e+01
   2.6839151e+01
   1.3034271e+01
  -2.5520453e+01
   2.9766943e+01
   4.4486969e+01
  -1.1722793e+01
  -1.5286377e+00
  -2.5523680e+01
   2.0714139e+01
  -4.3458054e+01
  -3.8147642e+00
  -2.1865850e+00
  -2.4372288e+01
  -3.7048665e+01
  -4.6661758e+01
   7.7393002e+00
  -2.7063313e+01
   4.3168744e+01
  -3.8562562e+01
   3.7857106e+01
  -6.7923282e+00
   4.6973044e+01
  -1.8209596e+01
   1.3743228e+01
  -2.2153755e+01
   1.5927546e+01
  -2.4217779e+01
   5.8625886e-02
   3.6504707e+01
   2.6288547e+00
  -7.7929391e+00
  -3.2519711e+01
  -8.5141162e+00
   1.3876772e+01
   3.6248901e+01
  -4.5715063e+01
   3.2958493e+01
  -2.5611393e+01
  -2.1395214e+01
  -3.9080214e+01
   1.0250874e+01
  -3.6795785e+01
   2.0900942e+01
  -4.1709893e+01
   3.9407528e+01
   9.6488706e+00
   9.5013396e+00
  -1.3607699e+01
   4.8215725e+01
  -4.0046158e+01
   4.6236849e+01
  -4.5257315e+00
   2.6214374e+01
  -3.7452409e+00
  -1.1405330e+01
  -8.9757482e+00
   3.7018143e+01
   8.2721453e+00
  -1.7258802e+01
   2.8362105e+01
  -2.3634808e+01
  -1.2286177e+01
   1.6037834e+01
  -3.8310816e+01
  -2.3572546e+01
  -2.1701145e+01
  -1.9354243e+01
  -3.1288741e+01
  -9.2956907e+00
  -4.7754340e+01
   6.2353105e+00
  -3.4175057e+01
   2.7417489e+01
  -3.3684643e+01
  -3.2703939e+01
  -1.1269724e+01
  -1.0004517e+01
  -3.8966958e+01
  -4.1341616e+01
  -4.3182523e+01
   3.4165411e+01
  -1.2492235e+00
   3.4613817e+01
   1.7360665e+01
  -3.5369128e+01
   1.6332339e+01
   2.7734811e+01
   2.0242712e+01
  -6.7325614e+00
  -3.4009706e+01
  -2.7526599e+01
  -9.4407234e+00
  -1.4205178e+01
  -2.4977854e+01
   1.8890193e+01
   2.4228514e+01
   1.6881184e+01
  -4.1458634e+01
   2.3363536e+01
  -4.5120227e+01
  -2.3323206e+01
   3.3238672e+01
   4.6245988e+01
  -4.9163802e+00
   1.6675848e+01
  -2.7019308e+01
  -6.0974967e+00
  -1.5734406e+01
  -4.7398519e+00
  -1.6251263e+01
   3.1929316e+01
   2.8508808e+01
  -2.0132152e+01
  -4.5688039e+01
   3.4746443e+01
   4.0807583e+00
   9.0662612e+00
   6.7091931e+00
   2.6021028e+01
  -1.1338725e+00
  -4.2655742e+01
  -3.9598451e+01
   1.5330654e+01
   2.3984243e+01
   4.7161450e+01
  -3.2959432e+01
   3.8298628e+01
  -1.6081688e+01
  -1.0619468e+01
   4.4306335e+01
  -3.2590953e+01
  -2.1912151e+01
   4.7222540e+00
   2.5509285e+01
   1.8694039e+01
   3.5685671e+01
  -3.8162273e+01
   3.0649099e+01
  -4.0830819e+01
  -4.3375581e+01
   1.0693326e+01
  -3.2580909e+01
   4.0549408e+01
   1.5461432e+01
  -3.7022765e+01
  -4.1568040e+00
   1.3175813e+01
   3.9758814e+01
   1.7873796e+01
  -3.2768157e+01
  -4.8420643e+01
  -1.3926539e+01
   4.1557022e+01
   3.0053347e+01
  -3.2685989e+01
  -4.7369841e+01
  -3.0041060e+01
  -4.6565815e+01
   2.8394494e+00
  -4.0915379e+01
   4.7460961e+01
  -1.6374775e+01
   1.1875299e+01
   3.0917913e+01
   3.2755031e+01
   1.6719171e+01
   3.1295723e+01
   2.5962800e+01
   1.4657196e+01
  -3.8495915e+00
   2.2006638e+01
   2.1631437e+01
   4.4135898e+01
  -1.0490355e+01
  -8.1675912e+00
   4.6173841e+01
  -4.6191736e+01
   3.2232251e+00
  -4.5118240e+01
  -1.9839167e+01
  -3.4259125e+01
   1.3658961e+01
   4.6346227e+01
  -2.5495987e+01
  -1.9133264e+01
  -5.6692080e+00
  -1.1188212e+01
  -3.1167900e+01
  -3.9021626e+01
   1.7644667e+00
   4.2529409e+01
   3.3858139e+01
   2.9039169e+01
   3.7607015e+01
   3.2795134e+01
  -1.7580693e+01
  -4.9295720e+01
   2.6933323e+01
   2.1843061e+01
   4.5351878e+01
   4.3108723e+01
  -3.9524306e+01
   4.3020241e+01
   4.1465521e+01
  -4.2798494e+01
  -1.3077772e+01
  -2.3294744e+01
  -6.8591445e-01
  -2.2044823e+01
   1.1973404e+01
   1.7897772e+01
  -4.5276123e+00
  -3.7212330e+01
   1.7372837e+01
   3.4926852e+01
  -2.5553564e+01
  -3.8711894e+01
  -2.3967967e+01
   1.2735069e+01
  -4.6164083e+01
   1.1821441e+01
   2.2858164e+01
   1.9902744e+01
   2.1239194e+01
  -3.9479336e+01
   1.5510051e+01
   4.2051153e+01
   2.2720586e+01
  -2.9878719e+01
  -8.5914139e+00
   3.1545811e+01
   3.2934477e+01
  -3.1648187e+01
   1.9525685e+01
  -2.5763921e+01
   3.6459209e+01
   3.2623018e+01
  -4.0560583e+01
  -8.3984949e+00
   4.4080598e+01
  -9.4501495e+00
   8.4947844e+00
   2.2512722e+01
  -2.3041838e+01
   4.2780313e+01
   4.3229437e+01
  -4.1933173e+01
   3.0137079e+01
   4.2558540e+01
  -9.4311435e+00
  -3.5740276e+01
  -2.6679572e+01
   1.3629196e+01
  -4.7333701e+01
   1.7164487e+01
  -2.5859702e+01
   4.3559196e+01
   1.6535238e+01
  -3.8331042e+01
   1.7384035e+01
  -3.0114014e+01
   3.6319970e+01
   2.2973780e+00
  -2.0855736e+00
   4.1587777e+01
  -4.5027591e+01
   1.9747112e+01
  -3.3314284e+01
   4.8650195e+01
   8.9659425e+00
   2.9370830e+01
  -2.1774906e+01
  -2.3423040e+01
  -2.8357922e+01
   8.8798311e+00
  -1.4704646e+01
   8.4944492e+00
   9.6701740e-01
  -4.7636664e+00
   3.6368439e+00
  -2.0386877e+01
   4.3927996e+01
   8.5497675e+00
   2.0685925e+01
   1.6844022e+01
   1.6597202e+00
   9.5144597e+00
   1.1318205e+01
   4.0331419e+01
  -2.8320851e+01
  -1.6458070e+01
   3.7544122e+01
  -2.1509780e+01
   2.8874987e+00
  -2.7676678e+01
  -4.1487231e+01
   3.4741501e+01
   3.3304837e+01
  -1.5228449e+01
   8.1041807e+00
   4.8064076e+00
   1.8773292e+00
   2.3995949e+01
  -1.3639520e+01
  -3.4065159e+01
   3.4809493e+01
   3.3889128e+01
  -9.5912007e+00
  -2.7917325e+00
   7.3039147e+00
   2.2531321e+01
   3.3647019e+01
   4.5811038e+01
   2.4039652e+01
  -4.9290734e+01
  -4.4808417e+01
  -1.0683824e+01
   3.1047020e+01
   3.3563021e+01
   3.1538336e+01
   2.4915763e+01
   3.0835304e+01
  -4.5714953e+01
   1.6621639e+01
  -4.7414617e+01
   8.5419226e+00
  -1.4097520e+01
   3.4971446e+01
  -2.6632803e+01
   3.6179820e+01
  -4.1575006e+01
  -1.4643935e+01
   4.0896174e+01
  -3.0650374e+01
  -3.2879883e+01
   4.2330514e+01
  -4.9936937e+01
  -5.2061417e+00
   1.1316020e+01
  -1.5539406e+01
   9.8246867e+00
  -3.9209510e+01
  -2.2501289e+00
   5.5994359e+00
  -2.0099474e+01
   4.7024464e+01
   1.3310039e+01
  -2.8535041e+01
  -3.1866658e+01
  -1.8651492e+01
  -1.6246059e+00
   3.3580820e+01
  -3.7869800e+01
   3.0202373e+01
  -3.7024548e+01
   2.1485112e+01
  -9.4228490e+00
   4.3405809e+01
   4.1064051e+01
   1.1520205e+01
  -8.1134121e-02
   4.6360466e+01
   3.4377627e+01
   1.8268178e+01
   1.2241536e+01
  -1.3002900e+01
  -4.1982078e+00
  -4.8693249e+00
  -8.2413679e-01
  -4.7111262e+00
  -4.7534113e+01
   4.0729663e+01
   4.2891681e+01
   4.7111428e+01
   3.9206812e+00
  -3.1987695e+01
  -4.1717567e+01
   3.2176719e+01
   2.1664581e+01
  -7.8814760e+00
  -4.2475346e+01
  -1.9287215e+01
   1.8388087e+01
  -6.0185951e+00
  -4.1032517e+00
  -3.7219611e+01
   3.8948514e+01
  -3.5226235e+01
   4.4104246e+01
   3.8339012e+00
  -3.5104219e+00
   3.4632145e+01
  -3.2961622e+01
   3.4566202e+01
   5.1433759e+00
   2.0258209e+01
  -3.7332608e+01
   4.0999080e+01
   6.2087677e+00
  -1.9939058e+01
   3.9394230e+01
  -2.1229357e+01
  -4.6255555e+01
   3.7977450e+01
  -2.8558075e+01
  -2.0612741e+01
  -3.3148824e+01
  -2.2561345e+01
   4.2002574e+00
   3.8790500e+01
   3.7677702e+00
  -1.7647770e+01
  -4.7201313e+01
   3.3240817e+01
   3.2010206e+01
   3.1745302e+01
   2.4158052e+01
   2.7778460e+01
  -2.7568638e+01
  -7.8486030e+00
  -2.7108417e+01
   2.6003260e+01
   4.0394884e+01
   3.3262217e+01
  -3.6909184e+01
   5.8519017e+00
   3.4902972e+01
  -4.5091395e+01
   4.5502502e+00
  -4.8837917e+01
   9.2039471e-01
  -1.0481590e+01
  -4.3323024e+01
   4.2330163e+01
   4.9546141e+00
   2.9060597e+01
   4.9410655e+00
   4.2750914e+00
  -1.7230346e+00
  -7.4983664e-01
  -4.7102047e+01
  -2.3426173e+01
  -4.9034412e+00
   6.4588797e+00
   2.6518278e+01
   4.4162438e+00
  -4.8094434e+01
  -4.4535119e+01
   2.6419935e+01
  -4.5381638e+01
  -1.6377080e+01
   4.5320793e+01
   4.0810454e+01
   3.1968778e+01
  -9.1908766e+00
  -1.8828360e+01
  -2.5992660e+01
   1.2678867e+01
   1.4970347e+01
   1.3934617e+00
   4.9330971e+01
   1.8129402e+01
   1.7897610e+01
  -2.6067097e+01
   1.4668409e+01
  -3.0227118e+01
   2.8168335e+01
   7.9628720e-03
   4.7539035e+01
  -2.3622869e+01
  -4.2550392e+01
  -3.9518565e+01
   1.0116638e+01
   8.1922526e+00
   4.7988591e+00
  -4.0165946e+01
   3.5114730e+01
  -1.7229853e+01
  -4.1698646e+01
   2.0402256e+01
  -1.0479307e+00
   8.2633091e+00
  -2.3485478e+01
   1.2443375e+01
   3.6001451e+00
   4.3254641e+01
   4.3470188e+01
  -4.9732471e+01
   3.9988843e+01
  -1.4878673e+01
   4.0457439e+01
   4.6867960e+01
   3.3494410e+00
  -1.3992342e+00
  -1.2755844e+01
  -1.0231262e+01
  -3.3558973e+00
   3.6972060e+01
   1.7804352e+01
  -3.7354039e+01
  -3.2916163e+01
  -2.9982431e+01
   4.2194944e+01
  -3.3364805e+01
  -3.3172337e+01
   8.9577177e+00
   4.8875751e+01
   4.9670758e+01
   9.8715014e+00
   3.4128600e+01
   3.2119070e+01
   4.8461068e+01
  -8.5151417e+00
  -2.6521644e+01
  -1.5632329e+01
   4.8106567e+00
  -3.0273227e+01
  -3.8549202e+01
  -1.4261408e+01
  -1.9277830e+01
   4.2027541e+01
  -1.4780673e+01
  -2.1051276e+01
   2.8134752e+00
  -3.7258427e+01
   2.0087684e+01
   4.7901313e+01
   2.3575537e+01
  -3.8313034e+01
  -2.2454085e+00
   3.2480865e+01
   1.5246787e+01
  -4.1224675e+01
  -3.7752890e+01
   1.6140543e+01
   3.4279480e+01
  -4.9639956e+01
   5.8117861e+00
   3.1278882e+01
   4.1353131e+01
   1.4436263e+01
   1.5156918e+01
   3.1292147e+01
  -2.6671750e+01
  -1.3743987e+01
   7.8349566e+00
  -3.6833630e+01
   4.3120801e+01
   1.9986012e+01
  -3.0362491e+01
   5.8805171e+00
  -8.3471094e+00
   1.1738938e+01
  -4.9240976e+00
  -3.0943701e+01
  -2.3793089e+01
  -4.5130565e+00
   3.2160238e+01
  -3.5487285e+01
   2.1706594e+00
  -4.6654417e+01
  -1.4779767e+01
   4.3518818e+01
   4.6390967e+00
  -2.8480038e+01
   1.1972923e+01
   1.6869042e+01
  -1.2877892e+01
   3.4113234e+01
   4.6131749e+01
   1.7017588e+01
   4.5267619e+01
   3.4213494e+01
  -8.3445877e+00
   3.4746637e+01
  -6.4438824e+00
  -3.3376606e+01
  -3.5071475e+01
  -4.7529939e+01
  -2.1955841e+01
   1.0233391e+01
   4.5427096e+01
  -4.8021556e+01
  -4.7790820e+01
   2.9168582e+01
  -3.0410923e+00
  -9.6524198e+00
  -4.0866079e+01
  -8.7881167e+00
   6.9279125e-02
   2.4108756e+01
   8.3985351e+00
  -1.8078619e+01
  -3.5409347e+01
  -1.7397521e+01
   4.4804205e+01
   3.7703960e+00
  -3.7423886e+01
   3.2410583e+01
  -4.4246474e+01
  -3.9475621e-01
  -4.5361230e+01
  -1.7895356e+01
  -1.8560207e+01
   1.0962343e+01
   3.4349583e+00
  -4.1772140e+01
   1.1686652e+01
   3.0365572e+01
   2.5547717e+01
  -4.8225879e+01
  -2.3005658e+01
  -2.0416183e+01
  -1.1068233e+00
  -3.2945814e+01
   6.6792733e+00
   2.3648661e+01
  -3.9780834e+00
   2.5069797e+01
   2.0493781e+01
   2.8519756e+01
   4.2514679e+01
  -1.9202266e+01
   5.5913342e+00
  -1.4387128e+01
   3.6037363e+00
   7.8540753e+00
  -4.4603512e+01
   2.5550263e+01
   4.7388154e+01
  -4.7685117e+00
   2.2258026e+01
  -1.3449077e+01
  -4.4291393e+01
  -3.7626876e+01
   3.5787961e+01
   4.4680005e+01
   2.7926397e+01
   4.3694146e+01
  -1.3069822e+01
  -3.9417775e+01
  -1.1453671e+01
  -6.4556839e+00
   3.4302043e+01
   1.7644456e+01
   4.0218374e+01
   3.7582431e+01
   4.8366052e+01
   4.7136438e+01
   4.1856236e+01
  -2.6531865e+01
   5.6338867e+00
  -4.7227760e+01
  -3.9481572e+00
   4.4446155e+01
   2.1461390e+01
  -4.0363826e+01
  -2.7672696e+00
  -3.6529081e+01
  -1.6510819e+01
  -3.3342733e+01
  -4.7279945e+01
   4.2964096e+01
   2.3886014e+01
  -1.9000486e+01
  -3.8191957e+01
  -4.5844154e+01
  -1.3664539e+01
   3.3798610e+01
   3.5839748e+01
  -3.7245297e+01
   1.1087013e+01
   3.9680163e+01
  -3.3045535e+01
   2.8218759e+01
   6.1879564e+00
   2.5923155e+01
  -1.3859297e+01
   1.4404544e+00
  -1.7413566e+01
  -2.6917964e+01
   4.4171739e+01
   3.3593233e+00
  -3.6388492e+00
  -4.5541048e+01
   4.1625618e+01
  -4.7855798e+01
   3.3827794e+01
   4.5011979e+01
   3.1901637e+01
   1.8715239e+01
   4.3654645e+01
  -8.5593888e+00
   2.8703405e+01
  -1.5477830e+01
  -4.1069934e+01
   3.7239520e+01
  -1.4569912e+01
   2.5585397e+01
  -5.2192723e+00
  -3.7410113e+01
  -3.3006024e+01
  -4.6924278e+01
   1.4877170e+01
   2.5978853e+01
  -3.9756915e+01
   1.5522644e+01
  -2.1140620e+01
   2.8532848e+01
   3.1303185e+01
   1.6230810e+01
  -3.4332575e+01
   8.0095732e+00
  -4.3780915e+01
  -2.1602775e+01
  -2.1065861e+01
  -2.9370370e+01
   2.8477021e+01
   2.2969910e+01
   6.0021346e+00
   1.9100473e+01
   4.2703236e+00
   4.5041080e+01
   3.2865283e+01
  -3.4802468e+01
  -3.9440458e+01
  -3.1026372e+01
   1.3933927e+01
   4.7017262e+01
  -2.8865314e+01
   1.1482533e+01
  -3.7521145e+01
  -4.5972771e+01
   3.4890792e+01
  -1.7165542e+01
   3.1678014e+01
  -1.2006099e+00
   3.4914882e+01
  -2.2494320e+01
   3.2645636e+01
   4.5135070e+01
  -6.4844232e+00
  -1.3077863e+01
  -1.7992516e+01
   3.5085556e+01
   1.9565446e+00
  -3.9321461e+01
   2.2200939e+01
   1.2850644e+01
  -2.4943240e+01
   4.4245804e+00
   4.4632397e+01
  -3.7974940e+01
  -4.2040981e+01
   3.8128096e-01
   1.8602839e+01
   1.2326959e+01
   4.5358427e+01
  -2.1682948e+01
   3.5008735e+01
   4.1555672e+01
  -3.1869943e+01
   2.4211546e+01
  -3.2614595e+00
   1.6999021e+01
  -6.6124408e-01
  -3.3656631e+01
   8.6528477e+00
   1.6364262e+01
  -3.0075232e+01
   3.9285030e+01
  -3.2971013e+01
  -1.4414871e+01
   4.6701775e+01
   3.4824102e+01
  -3.3332141e+00
  -2.0442702e+01
  -8.8496838e+00
   4.6760329e+01
   3.5324218e+01
   3.1547408e+01
  -2.2011710e+01
   3.6245859e+01
   3.0142322e+01
   1.4846876e+01
   2.6229529e+01
  -1.4712971e+01
   6.1839528e+00
   8.9064934e+00
   1.7552762e+01
   4.6969534e+01
  -3.7786987e+01
  -1.9772837e+01
  -4.7530844e+01
   2.2406051e+01
  -4.5737157e+01
   2.3959122e+01
  -2.1065296e+00
  -2.5898917e+01
  -2.4579241e+01
   1.5007526e+01
   3.2415655e+01
   1.4018400e+00
  -2.5864883e+01
   1.3230021e+01
  -1.1642277e+01
  -2.0891398e+01
   3.3278682e+01
   4.3729310e+01
  -1.1157772e+01
   9.9928281e+00
  -3.3922305e+01
   3.0683392e+01
   2.8073562e+01
  -3.8979693e+01
  -3.7403594e+01
   2.2753604e+01
  -4.8315485e+01
  -1.9184586e+01
   2.2040735e+01
  -3.7673359e+01
  -4.8389918e+01
   2.5158792e+01
  -6.6892418e-01
   6.9335587e+00
  -2.3205309e+01
  -4.9844946e+01
  -3.1946210e+01
  -3.4186460e+01
   1.1227023e+01
  -1.7926826e+01
   1.5756977e+01
   2.8911757e+01
   7.3008319e-01
  -1.0742395e+01
  -3.8462835e+01
   2.4126010e+01
  -1.2654269e+01
  -4.2377560e+01
  -2.0539133e+01
  -3.5698076e+01
   4.8213635e+01
   1.1038969e+01
  -1.9882083e+01
  -2.8190266e+01
  -2.2091887e+01
  -8.7741353e+00
   1.9157493e+01
  -2.5581488e+01
  -1.7199675e+01
  -2.7813429e+01
   1.5649389e+01
  -4.4787424e+01
   1.9643464e+01
  -2.1218924e+01
   2.6908239e+01
   3.6088799e+00
   1.5311684e+01
  -3.5606580e+01
  -2.1407284e+01
  -3.4917239e+01
  -3.3699931e+01
   3.0624705e+01
   1.5886718e+01
   8.4427049e+00
   3.5701953e+01
  -1.3169290e+01
   3.2158541e+01
  -3.1035323e+01
  -4.7262848e+00
  -3.2714371e+01
   4.8095008e+01
   2.6308104e+01
  -4.0363908e+01
   4.0454260e+01
   1.3400999e+01
   2.5346978e+01
   8.9095715e+00
  -4.6134100e+01
   2.8765177e+01
  -4.9988576e+01
  -8.3164845e+00
   4.2308832e+01
   1.9458848e+01
  -3.9588720e+01
   3.9409074e+00
   1.3579626e+01
  -1.5552499e+01
  -2.9767070e+00
   2.4586370e+01
   4.9475498e+01
  -6.9509593e+00
  -4.2733381e+01
   4.0227594e+01
  -6.3306487e+00
   5.6458374e+00
   1.3217006e+01
  -3.5896311e+01
  -4.4874810e+01
  -2.4108254e+01
   1.2016438e+01
  -3.2918383e+01
  -2.5889649e+01
   3.8948341e+01
   1.4919646e+01
  -1.4817950e+01
   3.6891126e+01
  -4.6815271e+01
  -1.1694969e+01
  -2.7132008e+01
   3.9971104e+01
  -4.6383896e+01
  -1.7068354e+01
  -3.8521251e+01
  -3.8790043e+01
   2.2975794e+01
   2.5884028e+01
   8.1125319e+00
  -2.3949355e+01
   2.1633431e+00
  -4.5941479e+00
   3.3800184e+00
   4.5027270e+01
   3.7039180e+01
   3.0931366e+01
   3.2082809e+01
   2.1865815e+01
  -2.6926008e+01
  -3.0331900e+01
  -5.1410513e-01
   6.3622444e+00
  -3.7320181e+01
  -2.6414641e+01
   3.0621631e+00
  -3.8524294e+01
   4.6813229e+01
  -2.3922327e+01
   2.2101629e+00
  -3.6475243e+01
  -9.9738018e+00
   8.8748134e+00
  -2.6603990e+01
   4.3826818e+01
   4.8493564e+01
  -4.4000640e+01
   1.1039417e+01
  -3.4060672e+01
   1.6453117e+01
  -1.3156407e+01
   1.2590110e+00
  -4.1012854e+01
  -3.9562978e+01
   4.6940349e+01
   3.8033375e+01
   3.3189373e+01
   2.4786796e+00
   4.4983811e+01
   3.5907080e+01
   3.4022152e+01
  -3.0271291e+01
   1.8941174e+01
   1.7974014e+01
   2.5938903e+01
   3.8912288e+00
   3.7932538e+01
  -4.3983686e+01
   3.3062245e+01
   4.4989467e+01
   4.1657622e+01
  -7.0170577e+00
   4.5768422e+01
  -3.6450513e+01
   2.0039101e+01
  -2.2204399e+01
  -3.2291677e-01
  -2.3279200e+01
   4.3156393e+01
  -3.2070135e+01
   4.9101646e+01
   3.4603381e+01
  -1.2473313e+01
   3.3327024e+01
   3.3553668e+01
  -4.6694933e+01
   4.5389786e+01
  -3.3791876e+01
   2.1603919e+00
  -5.8928146e+00
   3.6337382e+01
   3.2631342e+01
  -1.1534668e+01
   3.1948676e+01
  -2.7295041e+01
   4.8500196e+01
  -8.8127301e+00
   3.4146673e+01
   3.3769626e+01
   7.6556073e+00
  -2.3131992e+01
  -1.1076269e+01
   2.6839151e+01
   1.3034271e+01
  -2.5520453e+01
   2.9766943e+01
   4.4486969e+01
  -1.1722793e+01
  -1.5286377e+00
  -2.5523680e+01
   2.0714139e+01
  -4.3458054e+01
  -3.8147642e+00
  -2.1865850e+00
  -2.4372288e+01
  -3.7048665e+01
  -4.6661758e+01
   7.7393002e+00
  -2.7063313e+01
   4.3168744e+01
  -3.8562562e+01
   3.7857106e+01
  -6.7923282e+00
   4.6973044e+01
  -1.8209596e+01
   1.3743228e+01
  -2.2153755e+01
   1.5927546e+01
  -2.4217779e+01
   5.8625886e-02
   3.6504707e+01
   2.6288547e+00
  -7.7929391e+00
  -3.2519711e+01
  -8.5141162e+00
   1.3876772e+01
   3.6248901e+01
  -4.5715063e+01
   3.2958493e+01
  -2.5611393e+01
  -2.1395214e+01
  -3.9080214e+01
   1.0250874e+01
  -3.6795785e+01
   2.0900942e+01
  -4.1709893e+01
   3.9407528e+01
   9.6488706e+00
   9.5013396e+00
  -1.3607699e+01
   4.8215725e+01
  -4.0046158e+01
   4.6236849e+01
  -4.5257315e+00
   2.6214374e+01
  -3.7452409e+00
  -1.1405330e+01
  -8.9757482e+00
   3.7018143e+01
   8.2721453e+00
  -1.7258802e+01
   2.8362105e+01
  -2.3634808e+01
  -1.2286177e+01
   1.6037834e+01
  -3.8310816e+01
  -2.3572546e+01
  -2.1701145e+01
  -1.9354243e+01
  -3.1288741e+01
  -9.2956907e+00
  -4.7754340e+01
   6.2353105e+00
  -3.4175057e+01
   2.7417489e+01
  -3.3684643e+01
  -3.2703939e+01
  -1.1269724e+01
  -1.0004517e+01
  -3.8966958e+01
  -4.1341616e+01
  -4.3182523e+01
   3.4165411e+01
  -1.2492235e+00
   3.4613817e+01
   1.7360665e+01
  -3.5369128e+01
   1.6332339e+01
   2.7734811e+01
   2.0242712e+01
  -6.7325614e+00
  -3.4009706e+01
  -2.7526599e+01
  -9.4407234e+00
  -1.4205178e+01
  -2.4977854e+01
   1.8890193e+01
   2.4228514e+01
   1.6881184e+01
  -4.1458634e+01
   2.3363536e+01
  -4.5120227e+01
  -2.3323206e+01
   3.3238672e+01
   4.6245988e+01
  -4.9163802e+00
   1.6675848e+01
  -2.7019308e+01
  -6.0974967e+00
  -1.5734406e+01
  -4.7398519e+00
  -1.6251263e+01
   3.1929316e+01
   2.8508808e+01
  -2.0132152e+01
  -4.5688039e+01
   3.4746443e+01
   4.0807583e+00
   9.0662612e+00
   6.7091931e+00
   2.6021028e+01
  -1.1338725e+00
  -4.2655742e+01
  -3.9598451e+01
   1.5330654e+01
   2.3984243e+01
   4.7161450e+01
  -3.2959432e+01
   3.8298628e+01
  -1.6081688e+01
  -1.0619468e+01
   4.4306335e+01
  -3.2590953e+01
  -2.1912151e+01
   4.7222540e+00
   2.5509285e+01
   1.8694039e+01
   3.5685671e+01
  -3.8162273e+01
   3.0649099e+01
  -4.0830819e+01
  -4.3375581e+01
   1.0693326e+01
  -3.2580909e+01
   4.0549408e+01
   1.5461432e+01
  -3.7022765e+01
  -4.1568040e+00
   1.3175813e+01
   3.9758814e+01
   1.7873796e+01
  -3.2768157e+01
  -4.8420643e+01
  -1.3926539e+01
   4.1557022e+01
   3.0053347e+01
  -3.2685989e+01
  -4.7369841e+01
  -3.0041060e+01
  -4.6565815e+01
   2.8394494e+00
  -4.0915379e+01
   4.7460961e+01
  -1.6374775e+01
   1.1875299e+01
   3.0917913e+01
   3.2755031e+01
   1.6719171e+01
   3.1295723e+01
   2.5962800e+01
   1.4657196e+01
  -3.8495915e+00
   2.2006638e+01
   2.1631437e+01
   4.4135898e+01
  -1.0490355e+01
  -8.1675912e+00
   4.6173841e+01
  -4.6191736e+01
   3.2232251e+00
  -4.5118240e+01
  -1.9839167e+01
  -3.4259125e+01
   1.3658961e+01
   4.6346227e+01
  -2.5495987e+01
  -1.9133264e+01
  -5.6692080e+00
  -1.1188212e+01
  -3.1167900e+01
  -3.9021626e+01
   1.7644667e+00
   4.2529409e+01
   3.3858139e+01
   2.9039169e+01
   3.7607015e+01
   3.2795134e+01
  -1.7580693e+01
  -4.9295720e+01
   2.6933323e+01
   2.1843061e+01
   4.5351878e+01
   4.3108723e+01
  -3.9524306e+01
   4.3020241e+01
   4.1465521e+01
  -4.2798494e+01
  -1.3077772e+01
  -2.3294744e+01
  -6.8591445e-01
  -2.2044823e+01
   1.1973404e+01
   1.7897772e+01
  -4.5276123e+00
  -3.7212330e+01
   1.7372837e+01
   3.4926852e+01
  -2.5553564e+01
  -3.8711894e+01
  -2.3967967e+01
   1.2735069e+01
  -4.6164083e+01
   1.1821441e+01
   2.2858164e+01
   1.9902744e+01
   2.1239194e+01
  -3.9479336e+01
   1.5510051e+01
   4.2051153e+01
   2.2720586e+01
  -2.9878719e+01
  -8.5914139e+00
   3.1545811e+01
   3.2934477e+01
  -3.1648187e+01
   1.9525685e+01
  -2.5763921e+01
   3.6459209e+01
   3.2623018e+01
  -4.0560583e+01
  -8.3984949e+00
   4.4080598e+01
  -9.4501495e+00
   8.4947844e+00
   2.2512722e+01
  -2.3041838e+01
   4.2780313e+01
   4.3229437e+01
  -4.1933173e+01
   3.0137079e+01
   4.2558540e+01
  -9.4311435e+00
  -3.5740276e+01
  -2.6679572e+01
   1.3629196e+01
  -4.7333701e+01
   1.7164487e+01
  -2.5859702e+01
   4.3559196e+01
   1.6535238e+01
  -3.8331042e+01
   1.7384035e+01
  -3.0114014e+01
   3.6319970e+01
   2.2973780e+00
  -2.0855736e+00
   4.1587777e+01
  -4.5027591e+01
   1.9747112e+01
  -3.3314284e+01
   4.8650195e+01
   8.9659425e+00
   2.9370830e+01
  -2.1774906e+01
  -2.3423040e+01
  -2.8357922e+01
   8.8798311e+00
  -1.4704646e+01
   8.4944492e+00
   9.6701740e-01
  -4.7636664e+00
   3.6368439e+00
  -2.0386877e+01
   4.3927996e+01
   8.5497675e+00
   2.0685925e+01
   1.6844022e+01
   1.6597202e+00
   9.5144597e+00
   1.1318205e+01
   4.0331419e+01
  -2.8320851e+01
  -1.6458070e+01
   3.7544122e+01
  -2.1509780e+01
   2.8874987e+00
  -2.7676678e+01
  -4.1487231e+01
   3.4741501e+01
   3.3304837e+01
  -1.5228449e+01
   8.1041807e+00
   4.8064076e+00
   1.8773292e+00
   2.3995949e+01
  -1.3639520e+01
  -3.4065159e+01
   3.4809493e+01
   3.3889128e+01
  -9.5912007e+00
  -2.7917325e+00
   7.3039147e+00
   2.2531321e+01
   3.3647019e+01
   4.5811038e+01
   2.4039652e+01
  -4.9290734e+01
  -4.4808417e+01
  -1.0683824e+01
   3.1047020e+01
   3.3563021e+01
   3.1538336e+01
   2.4915763e+01
   3.0835304e+01
  -4.5714953e+01
   1.6621639e+01
  -4.7414617e+01
   8.5419226e+00
  -1.4097520e+01
   3.4971446e+01
  -2.6632803e+01
   3.6179820e+01
  -4.1575006e+01
  -1.4643935e+01
   4.0896174e+01
  -3.0650374e+01
  -3.2879883e+01
   4.2330514e+01
  -4.9936937e+01
  -5.2061417e+00
   1.1316020e+01
  -1.5539406e+01
   9.8246867e+00
  -3.9209510e+01
  -2.2501289e+00
   5.5994359e+00
  -2.0099474e+01
   4.7024464e+01
   1.3310039e+01
  -2.8535041e+01
  -3.1866658e+01
  -1.8651492e+01
  -1.6246059e+00
   3.3580820e+01
  -3.7869800e+01
   3.0202373e+01
  -3.7024548e+01
   2.1485112e+01
  -9.4228490e+00
   4.3405809e+01
   4.1064051e+01
   1.1520205e+01
  -8.1134121e-02
   4.6360466e+01
   3.4377627e+01
   1.8268178e+01
   1.2241536e+01
  -1.3002900e+01
  -4.1982078e+00
  -4.8693249e+00
  -8.2413679e-01
  -4.7111262e+00
  -4.7534113e+01
   4.0729663e+01
   4.2891681e+01
   4.7111428e+01
   3.9206812e+00
  -3.1987695e+01
  -4.1717567e+01
   3.2176719e+01
   2.1664581e+01
  -7.8814760e+00
  -4.2475346e+01
  -1.9287215e+01
   1.8388087e+01
  -6.0185951e+00
  -4.1032517e+00
  -3.7219611e+01
   3.8948514e+01
  -3.5226235e+01
   4.4104246e+01
   3.8339012e+00
  -3.5104219e+00
   3.4632145e+01
  -3.2961622e+01
   3.4566202e+01
   5.1433759e+00
   2.0258209e+01
  -3.7332608e+01
   4.0999080e+01
   6.2087677e+00
  -1.9939058e+01
   3.9394230e+01
  -2.1229357e+01
  -4.6255555e+01
   3.7977450e+01
  -2.8558075e+01
  -2.0612741e+01
  -3.3148824e+01
  -2.2561345e+01
   4.2002574e+00
   3.8790500e+01
   3.7677702e+00
  -1.7647770e+01
  -4.7201313e+01
   3.3240817e+01
   3.2010206e+01
   3.1745302e+01
   2.4158052e+01
   2.7778460e+01
  -2.7568638e+01
  -7.8486030e+00
  -2.7108417e+01
   2.6003260e+01
   4.0394884e+01
   3.3262217e+01
  -3.6909184e+01
   5.8519017e+00
   3.4902972e+01
  -4.5091395e+01
   4.5502502e+00
  -4.8837917e+01
   9.2039471e-01
  -1.0481590e+01
  -4.3323024e+01
   4.2330163e+01
   4.9546141e+00
   2.9060597e+01
   4.9410655e+00
   4.2750914e+00
  -1.7230346e+00
  -7.4983664e-01
  -4.7102047e+01
  -2.3426173e+01
  -4.9034412e+00
   6.4588797e+00
   2.6518278e+01
   4.4162438e+00
  -4.8094434e+01
  -4.4535119e+01
   2.6419935e+01
  -4.5381638e+01
  -1.6377080e+01
   4.5320793e+01
   4.0810454e+01
   3.1968778e+01
  -9.1908766e+00
  -1.8828360e+01
  -2.5992660e+01
   1.2678867e+01
   1.4970347e+01
   1.3934617e+00
   4.9330971e+01
   1.8129402e+01
   1.7897610e+01
  -2.6067097e+01
   1.4668409e+01
  -3.0227118e+01
   2.8168335e+01
   7.9628720e-03
   4.7539035e+01
  -2.3622869e+01
  -4.2550392e+01
  -3.9518565e+01
   1.0116638e+01
   8.1922526e+00
   4.7988591e+00
  -4.0165946e+01
   3.5114730e+01
  -1.7229853e+01
  -4.1698646e+01
   2.0402256e+01
  -1.0479307e+00
   8.2633091e+00
  -2.3485478e+01
   1.2443375e+01
   3.6001451e+00
   4.3254641e+01
   4.3470188e+01
  -4.9732471e+01
   3.9988843e+01
  -1.4878673e+01
   4.0457439e+01
   4.6867960e+01
   3.3494410e+00
  -1.3992342e+00
  -1.2755844e+01
  -1.0231262e+01
  -3.3558973e+00
   3.6972060e+01
   1.7804352e+01
  -3.7354039e+01
  -3.2916163e+01
  -2.9982431e+01
   4.2194944e+01
  -3.3364805e+01
  -3.3172337e+01
   8.9577177e+00
   4.8875751e+01
   4.9670758e+01
   9.8715014e+00
   3.4128600e+01
   3.2119070e+01
   4.8461068e+01
  -8.5151417e+00
  -2.6521644e+01
  -1.5632329e+01
   4.8106567e+00
  -3.0273227e+01
  -3.8549202e+01
  -1.4261408e+01
  -1.9277830e+01
   4.2027541e+01
  -1.4780673e+01
  -2.1051276e+01
   2.8134752e+00
  -3.7258427e+01
   2.0087684e+01
   4.7901313e+01
   2.3575537e+01
  -3.8313034e+01
  -2.2454085e+00
   3.2480865e+01
   1.5246787e+01
  -4.1224675e+01
  -3.7752890e+01
   1.6140543e+01
   3.4279480e+01
  -4.9639956e+01
   5.8117861e+00
   3.1278882e+01
   4.1353131e+01
   1.4436263e+01
   1.5156918e+01
   3.1292147e+01
  -2.6671750e+01
  -1.3743987e+01
   7.8349566e+00
  -3.6833630e+01
   4.3120801e+01
   1.9986012e+01
  -3.0362491e+01
   5.8805171e+00
  -8.3471094e+00
   1.1738938e+01
  -4.9240976e+00
  -3.0943701e+01
  -2.3793089e+01
  -4.5130565e+00
   3.2160238e+01
  -3.5487285e+01
   2.1706594e+00
  -4.6654417e+01
  -1.4779767e+01
   4.3518818e+01
   4.6390967e+00
  -2.8480038e+01
   1.1972923e+01
   1.6869042e+01
  -1.2877892e+01
   3.4113234e+01
   4.6131749e+01
   1.7017588e+01
   4.5267619e+01
   3.4213494e+01
  -8.3445877e+00
   3.4746637e+01
  -6.4438824e+00
  -3.3376606e+01
  -3.5071475e+01
  -4.7529939e+01
  -2.1955841e+01
   1.0233391e+01
   4.5427096e+01
  -4.8021556e+01
  -4.7790820e+01
   2.9168582e+01
  -3.0410923e+00
  -9.6524198e+00
  -4.0866079e+01
  -8.7881167e+00
   6.9279125e-02
   2.4108756e+01
   8.3985351e+00
  -1.8078619e+01
  -3.5409347e+01
  -1.7397521e+01
   4.4804205e+01
   3.7703960e+00
  -3.7423886e+01
   3.2410583e+01
  -4.4246474e+01
  -3.9475621e-01
  -4.5361230e+01
  -1.7895356e+01
  -1.8560207e+01
   1.0962343e+01
   3.4349583e+00
  -4.1772140e+01
   1.1686652e+01
   3.0365572e+01
   2.5547717e+01
  -4.8225879e+01
  -2.3005658e+01
  -2.0416183e+01
  -1.1068233e+00
  -3.2945814e+01
   6.6792733e+00
   2.3648661e+01
  -3.9780834e+00
   2.5069797e+01
   2.0493781e+01
   2.8519756e+01
   4.2514679e+01
  -1.9202266e+01
   5.5913342e+00
  -1.4387128e+01
   3.6037363e+00
   7.8540753e+00
  -4.4603512e+01
   2.5550263e+01
   4.7388154e+01
  -4.7685117e+00
   2.2258026e+01
  -1.3449077e+01
  -4.4291393e+01
  -3.7626876e+01
   3.5787961e+01
   4.4680005e+01
   2.7926397e+01
   4.3694146e+01
  -1.3069822e+01
  -3.9417775e+01
  -1.1453671e+01
  -6.4556839e+00
   3.4302043e+01
   1.7644456e+01
   4.0218374e+01
   3.7582431e+01
   4.8366052e+01
   4.7136438e+01
   4.1856236e+01
  -2.6531865e+01
   5.6338867e+00
  -4.7227760e+01
  -3.9481572e+00
   4.4446155e+01
   2.1461390e+01
  -4.0363826e+01
  -2.7672696e+00
  -3.6529081e+01
  -1.6510819e+01
  -3.3342733e+01
  -4.7279945e+01
   4.2964096e+01
   2.3886014e+01
  -1.9000486e+01
  -3.8191957e+01
  -4.5844154e+01
  -1.3664539e+01
   3.3798610e+01
   3.5839748e+01
  -3.7245297e+01
   1.1087013e+01
   3.9680163e+01
  -3.3045535e+01
   2.8218759e+01
   6.1879564e+00
   2.5923155e+01
  -1.3859297e+01
   1.4404544e+00
  -1.7413566e+01
  -2.6917964e+01
   4.4171739e+01
   3.3593233e+00
  -3.6388492e+00
  -4.5541048e+01
   4.1625618e+01
  -4.7855798e+01
   3.3827794e+01
   4.5011979e+01
   3.1901637e+01
   1.8715239e+01
   4.3654645e+01
  -8.5593888e+00
   2.8703405e+01
  -1.5477830e+01
  -4.1069934e+01
   3.7239520e+01
  -1.4569912e+01
   2.5585397e+01
  -5.2192723e+00
  -3.7410113e+01
  -3.3006024e+01
  -4.6924278e+01
   1.4877170e+01
   2.5978853e+01
  -3.9756915e+01
   1.5522644e+01
  -2.1140620e+01
   2.8532848e+01
   3.1303185e+01
   1.6230810e+01
  -3.4332575e+01
   8.0095732e+00
  -4.3780915e+01
  -2.1602775e+01
  -2.1065861e+01
  -2.9370370e+01
   2.8477021e+01
   2.2969910e+01
   6.0021346e+00
   1.9100473e+01
   4.2703236e+00
   4.5041080e+01
   3.2865283e+01
  -3.4802468e+01
  -3.9440458e+01
  -3.1026372e+01
   1.3933927e+01
   4.7017262e+01
  -2.8865314e+01
   1.1482533e+01
  -3.7521145e+01
  -4.5972771e+01
   3.4890792e+01
  -1.7165542e+01
   3.1678014e+01
  -1.2006099e+00
   3.4914882e+01
  -2.2494320e+01
   3.2645636e+01
   4.5135070e+01
  -6.4844232e+00
  -1.3077863e+01
  -1.7992516e+01
   3.5085556e+01
   1.9565446e+00
  -3.9321461e+01
   2.2200939e+01
   1.2850644e+01
  -2.4943240e+01
   4.4245804e+00
   4.4632397e+01
  -3.7974940e+01
  -4.2040981e+01
   3.8128096e-01
   1.8602839e+01
   1.2326959e+01
   4.5358427e+01
  -2.1682948e+01
   3.5008735e+01
   4.1555672e+01
  -3.1869943e+01
   2.4211546e+01
  -3.2614595e+00
   1.6999021e+01
  -6.6124408e-01
  -3.3656631e+01
   8.6528477e+00
   1.6364262e+01
  -3.0075232e+01
   3.9285030e+01
  -3.2971013e+01
  -1.4414871e+01
   4.6701775e+01
   3.4824102e+01
  -3.3332141e+00
  -2.0442702e+01
  -8.8496838e+00
   4.6760329e+01
   3.5324218e+01
   3.1547408e+01
  -2.2011710e+01
   3.6245859e+01
   3.0142322e+01
   1.4846876e+01
   2.6229529e+01
  -1.4712971e+01
   6.1839528e+00
   8.9064934e+00
   1.7552762e+01
   4.6969534e+01
  -3.7786987e+01
  -1.9772837e+01
  -4.7530844e+01
   2.2406051e+01
  -4.5737157e+01
   2.3959122e+01
  -2.1065296e+00
  -2.5898917e+01
  -2.4579241e+01
   1.5007526e+01
   3.2415655e+01
   1.4018400e+00
  -2.5864883e+01
   1.3230021e+01
  -1.1642277e+01
  -2.0891398e+01
   3.3278682e+01
   4.3729310e+01
  -1.1157772e+01
   9.9928281e+00
  -3.3922305e+01
   3.0683392e+01
   2.8073562e+01
  -3.8979693e+01
  -3.7403594e+01
   2.2753604e+01
  -4.8315485e+01
  -1.9184586e+01
   2.2040735e+01
  -3.7673359e+01
  -4.8389918e+01
   2.5158792e+01
  -6.6892418e-01
   6.9335587e+00
  -2.3205309e+01
  -4.9844946e+01
  -3.1946210e+01
  -3.4186460e+01
   1.1227023e+01
  -1.7926826e+01
   1.5756977e+01
   2.8911757e+01
   7.3008319e-01
  -1.0742395e+01
  -3.8462835e+01
   2.4126010e+01
  -1.2654269e+01
  -4.2377560e+01
  -2.0539133e+01
  -3.5698076e+01
   4.8213635e+01
   1.1038969e+01
  -1.9882083e+01
  -2.8190266e+01
  -2.2091887e+01
  -8.7741353e+00
   1.9157493e+01
  -2.5581488e+01
  -1.7199675e+01
  -2.7813429e+01
   1.5649389e+01
  -4.4787424e+01
   1.9643464e+01
  -2.1218924e+01
   2.6908239e+01
   3.6088799e+00
   1.5311684e+01
  -3.5606580e+01
  -2.1407284e+01
  -3.4917239e+01
  -3.3699931e+01
   3.0624705e+01
   1.5886718e+01
   8.4427049e+00
   3.5701953e+01
  -1.3169290e+01
   3.2158541e+01
  -3.1035323e+01
  -4.7262848e+00
  -3.2714371e+01
   4.8095008e+01
   2.6308104e+01
  -4.0363908e+01
   4.0454260e+01
   1.3400999e+01
   2.5346978e+01
   8.9095715e+00
  -4.6134100e+01
   2.8765177e+01
  -4.9988576e+01
  -8.3164845e+00
   4.2308832e+01
   1.9458848e+01
  -3.9588720e+01
   3.9409074e+00
   1.3579626e+01
  -1.5552499e+01
  -2.9767070e+00
   2.4586370e+01
   4.9475498e+01
  -6.9509593e+00
  -4.2733381e+01
   4.0227594e+01
  -6.3306487e+00
   5.6458374e+00
   1.3217006e+01
  -3.5896311e+01
  -4.4874810e+01
  -2.4108254e+01
   1.2016438e+01
  -3.2918383e+01
  -2.5889649e+01
   3.8948341e+01
   1.4919646e+01
  -1.4817950e+01
   3.6891126e+01
  -4.6815271e+01
  -1.1694969e+01
  -2.7132008e+01
   3.9971104e+01
  -4.6383896e+01
  -1.7068354e+01
  -3.8521251e+01
  -3.8790043e+01
   2.2975794e+01
   2.5884028e+01
   8.1125319e+00
  -2.3949355e+01
   2.1633431e+00
  -4.5941479e+00
   3.3800184e+00
   4.5027270e+01
   3.7039180e+01
   3.0931366e+01
   3.2082809e+01
   2.1865815e+01
  -2.6926008e+01
  -3.0331900e+01
  -5.1410513e-01
   6.3622444e+00
  -3.7320181e+01
  -2.6414641e+01
   3.0621631e+00
  -3.8524294e+01
   4.6813229e+01
  -2.3922327e+01
   2.2101629e+00
  -3.6475243e+01
  -9.9738018e+00
   8.8748134e+00
  -2.6603990e+01
   4.3826818e+01
   4.8493564e+01
  -4.4000640e+01
   1.1039417e+01
  -3.4060672e+01
   1.6453117e+01
  -1.3156407e+01
   1.2590110e+00
  -4.1012854e+01
  -3.9562978e+01
   4.6940349e+01
   3.8033375e+01
   3.3189373e+01
   2.4786796e+00
   4.4983811e+01
   3.5907080e+01
   3.4022152e+01
  -3.0271291e+01
   1.8941174e+01
   1.7974014e+01
   2.5938903e+01
   3.8912288e+00
   3.7932538e+01
  -4.3983686e+01
   3.3062245e+01
   4.4989467e+01
   4.1657622e+01
  -7.0170577e+00
   4.5768422e+01
  -3.6450513e+01
   2.0039101e+01
  -2.2204399e+01
  -3.2291677e-01
  -2.3279200e+01
   4.3156393e+01
  -3.2070135e+01
   4.9101646e+01
   3.4603381e+01
  -1.2473313e+01
   3.3327024e+01
   3.3553668e+01
  -4.6694933e+01
   4.5389786e+01
  -3.3791876e+01
   2.1603919e+00
  -5.8928146e+00
   3.6337382e+01
   3.2631342e+01
  -1.1534668e+01
   3.1948676e+01
  -2.7295041e+01
   4.8500196e+01
  -8.8127301e+00
   3.4146673e+01
   3.3769626e+01
   7.6556073e+00
  -2.3131992e+01
  -1.1076269e+01
   2.6839151e+01
   1.3034271e+01
  -2.5520453e+01
   2.9766943e+01
   4.4486969e+01
  -1.1722793e+01
  -1.5286377e+00
  -2.5523680e+01
   2.0714139e+01
  -4.3458054e+01
  -3.8147642e+00
  -2.1865850e+00
  -2.4372288e+01
  -3.7048665e+01
  -4.6661758e+01
   7.7393002e+00
  -2.7063313e+01
   4.3168744e+01
  -3.8562562e+01
   3.7857106e+01
  -6.7923282e+00
   4.6973044e+01
  -1.8209596e+01
   1.3743228e+01
  -2.2153755e+01
   1.5927546e+01
  -2.4217779e+01
   5.8625886e-02
   3.6504707e+01
   2.6288547e+00
  -7.7929391e+00
  -3.2519711e+01
  -8.5141162e+00
   1.3876772e+01
   3.6248901e+01
  -4.5715063e+01
   3.2958493e+01
  -2.5611393e+01
  -2.1395214e+01
  -3.9080214e+01
   1.0250874e+01
  -3.6795785e+01
   2.0900942e+01
  -4.1709893e+01
   3.9407528e+01
   9.6488706e+00
   9.5013396e+00
  -1.3607699e+01
   4.8215725e+01
  -4.0046158e+01
   4.6236849e+01
  -4.5257315e+00
   2.6214374e+01
  -3.7452409e+00
  -1.1405330e+01
  -8.9757482e+00
   3.7018143e+01
   8.2721453e+00
  -1.7258802e+01
   2.8362105e+01
  -2.3634808e+01
  -1.2286177e+01
   1.6037834e+01
  -3.8310816e+01
  -2.3572546e+01
  -2.1701145e+01
  -1.9354243e+01
  -3.1288741e+01
  -9.2956907e+00
  -4.7754340e+01
   6.2353105e+00
  -3.4175057e+01
   2.7417489e+01
  -3.3684643e+01
  -3.2703939e+01
  -1.1269724e+01
  -1.0004517e+01
  -3.8966958e+01
  -4.1341616e+01
  -4.3182523e+01
   3.4165411e+01
  -1.2492235e+00
   3.4613817e+01
   1.7360665e+01
  -3.5369128e+01
   1.6332339e+01
   2.7734811e+01
   2.0242712e+01
  -6.7325614e+00
  -3.4009706e+01
  -2.7526599e+01
  -9.4407234e+00
  -1.4205178e+01
  -2.4977854e+01
   1.8890193e+01
   2.4228514e+01
   1.6881184e+01
  -4.1458634e+01
   2.3363536e+01
  -4.5120227e+01
  -2.3323206e+01
   3.3238672e+01
   4.6245988e+01
  -4.9163802e+00
   1.6675848e+01
  -2.7019308e+01
  -6.0974967e+00
  -1.5734406e+01
  -4.7398519e+00
  -1.6251263e+01
   3.1929316e+01
   2.8508808e+01
  -2.0132152e+01
  -4.5688039e+01
   3.4746443e+01
   4.0807583e+00
   9.0662612e+00
   6.7091931e+00
   2.6021028e+01
  -1.1338725e+00
  -4.2655742e+01
  -3.9598451e+01
   1.5330654e+01
   2.3984243e+01
   4.7161450e+01
  -3.2959432e+01
   3.8298628e+01
  -1.6081688e+01
  -1.0619468e+01
   4.4306335e+01
  -3.2590953e+01
  -2.1912151e+01
   4.7222540e+00
   2.5509285e+01
   1.8694039e+01
   3.5685671e+01
  -3.8162273e+01
   3.0649099e+01
  -4.0830819e+01
  -4.3375581e+01
   1.0693326e+01
  -3.2580909e+01
   4.0549408e+01
   1.5461432e+01
  -3.7022765e+01
  -4.1568040e+00
   1.3175813e+01
   3.9758814e+01
   1.7873796e+01
  -3.2768157e+01
  -4.8420643e+01
  -1.3926539e+01
   4.1557022e+01
   3.0053347e+01
  -3.2685989e+01
  -4.7369841e+01
  -3.0041060e+01
  -4.6565815e+01
   2.8394494e+00
  -4.0915379e+01
   4.7460961e+01
  -1.6374775e+01
   1.1875299e+01
   3.0917913e+01
   3.2755031e+01
   1.6719171e+01
   3.1295723e+01
   2.5962800e+01
   1.4657196e+01
  -3.8495915e+00
   2.2006638e+01
   2.1631437e+01
   4.4135898e+01
  -1.0490355e+01
  -8.1675912e+00
   4.6173841e+01
  -4.6191736e+01
   3.2232251e+00
  -4.5118240e+01
  -1.9839167e+01
  -3.4259125e+01
   1.3658961e+01
   4.6346227e+01
  -2.5495987e+01
  -1.9133264e+01
  -5.6692080e+00
  -1.1188212e+01
  -3.1167900e+01
  -3.9021626e+01
   1.7644667e+00
   4.2529409e+01
   3.3858139e+01
   2.9039169e+01
   3.7607015e+01
   3.2795134e+01
  -1.7580693e+01
  -4.9295720e+01
   2.6933323e+01
   2.1843061e+01
   4.5351878e+01
   4.3108723e+01
  -3.9524306e+01
   4.3020241e+01
   4.1465521e+01
  -4.2798494e+01
  -1.3077772e+01
  -2.3294744e+01
  -6.8591445e-01
  -2.2044823e+01
   1.1973404e+01
   1.7897772e+01
  -4.5276123e+00
  -3.7212330e+01
   1.7372837e+01
   3.4926852e+01
  -2.5553564e+01
  -3.8711894e+01
  -2.3967967e+01
   1.2735069e+01
  -4.6164083e+01
   1.1821441e+01
   2.2858164e+01
   1.9902744e+01
   2.1239194e+01
  -3.9479336e+01
   1.5510051e+01
   4.2051153e+01
   2.2720586e+01
  -2.9878719e+01
  -8.5914139e+00
   3.1545811e+01
   3.2934477e+01
  -3.1648187e+01
   1.9525685e+01
  -2.5763921e+01
   3.6459209e+01
   3.2623018e+01
  -4.0560583e+01
  -8.3984949e+00
   4.4080598e+01
  -9.4501495e+00
   8.4947844e+00
   2.2512722e+01
  -2.3041838e+01
   4.2780313e+01
   4.3229437e+01
  -4.1933173e+01
   3.0137079e+01
   4.2558540e+01
  -9.4311435e+00
  -3.5740276e+01
  -2.6679572e+01
   1.3629196e+01
  -4.7333701e+01
   1.7164487e+01
  -2.5859702e+01
   4.3559196e+01
   1.6535238e+01
  -3.8331042e+01
   1.7384035e+01
  -3.0114014e+01
   3.6319970e+01
   2.2973780e+00
  -2.0855736e+00
   4.1587777e+01
  -4.5027591e+01
   1.9747112e+01
  -3.3314284e+01
   4.8650195e+01
   8.9659425e+00
   2.9370830e+01
  -2.1774906e+01
  -2.3423040e+01
  -2.8357922e+01
   8.8798311e+00
  -1.4704646e+01
   8.4944492e+00
   9.6701740e-01
  -4.7636664e+00
   3.6368439e+00
  -2.0386877e+01
   4.3927996e+01
   8.5497675e+00
   2.0685925e+01
   1.6844022e+01
   1.6597202e+00
   9.5144597e+00
   1.1318205e+01
   4.0331419e+01
  -2.8320851e+01
  -1.6458070e+01
   3.7544122e+01
  -2.1509780e+01
   2.8874987e+00
  -2.7676678e+01
  -4.1487231e+01
   3.4741501e+01
   3.3304837e+01
  -1.5228449e+01
   8.1041807e+00
   4.8064076e+00
   1.8773292e+00
   2.3995949e+01
  -1.3639520e+01
  -3.4065159e+01
   3.4809493e+01
   3.3889128e+01
  -9.5912007e+00
  -2.7917325e+00
   7.3039147e+00
   2.2531321e+01
   3.3647019e+01
   4.5811038e+01
   2.4039652e+01
  -4.9290734e+01
  -4.4808417e+01
  -1.0683824e+01
   3.1047020e+01
   3.3563021e+01
   3.1538336e+01
   2.4915763e+01
   3.0835304e+01
  -4.5714953e+01
   1.6621639e+01
  -4.7414617e+01
   8.5419226e+00
  -1.4097520e+01
   3.4971446e+01
  -2.6632803e+01
   3.6179820e+01
  -4.1575006e+01
  -1.4643935e+01
   4.0896174e+01
  -3.0650374e+01
  -3.2879883e+01
   4.2330514e+01
  -4.9936937e+01
  -5.2061417e+00
   1.1316020e+01
  -1.5539406e+01
   9.8246867e+00
  -3.9209510e+01
  -2.2501289e+00
   5.5994359e+00
  -2.0099474e+01
   4.7024464e+01
   1.3310039e+01
  -2.8535041e+01
  -3.1866658e+01
  -1.8651492e+01
  -1.6246059e+00
   3.3580820e+01
  -3.7869800e+01
   3.0202373e+01
  -3.7024548e+01
   2.1485112e+01
  -9.4228490e+00
   4.3405809e+01
   4.1064051e+01
   1.1520205e+01
  -8.1134121e-02
   4.6360466e+01
   3.4377627e+01
   1.8268178e+01
   1.2241536e+01
  -1.3002900e+01
  -4.1982078e+00
  -4.8693249e+00
  -8.2413679e-01
  -4.7111262e+00
  -4.7534113e+01
   4.0729663e+01
   4.2891681e+01
   4.7111428e+01
   3.9206812e+00
  -3.1987695e+01
  -4.1717567e+01
   3.2176719e+01
   2.1664581e+01
  -7.8814760e+00
  -4.2475346e+01
  -1.9287215e+01
   1.8388087e+01
  -6.0185951e+00
  -4.1032517e+00
  -3.7219611e+01
   3.8948514e+01
  -3.5226235e+01
   4.4104246e+01
   3.8339012e+00
  -3.5104219e+00
   3.4632145e+01
  -3.2961622e+01
   3.4566202e+01
   5.1433759e+00
   2.0258209e+01
  -3.7332608e+01
   4.0999080e+01
   6.2087677e+00
  -1.9939058e+01
   3.9394230e+01
  -2.1229357e+01
  -4.6255555e+01
   3.7977450e+01
  -2.8558075e+01
  -2.0612741e+01
  -3.3148824e+01
  -2.2561345e+01
   4.2002574e+00
   3.8790500e+01
   3.7677702e+00
  -1.7647770e+01
  -4.7201313e+01
   3.3240817e+01
   3.2010206e+01
   3.1745302e+01
   2.4158052e+01
   2.7778460e+01
  -2.7568638e+01
  -7.8486030e+00
  -2.7108417e+01
   2.6003260e+01
   4.0394884e+01
   3.3262217e+01
  -3.6909184e+01
   5.8519017e+00
   3.4902972e+01
  -4.5091395e+01
   4.5502502e+00
  -4.8837917e+01
   9.2039471e-01
  -1.0481590e+01
  -4.3323024e+01
   4.2330163e+01
   4.9546141e+00
   2.9060597e+01
   4.9410655e+00
   4.2750914e+00
  -1.7230346e+00
  -7.4983664e-01
  -4.7102047e+01
  -2.3426173e+01
  -4.9034412e+00
   6.4588797e+00
   2.6518278e+01
   4.4162438e+00
  -4.8094434e+01
  -4.4535119e+01
   2.6419935e+01
  -4.5381638e+01
  -1.6377080e+01
   4.5320793e+01
   4.0810454e+01
   3.1968778e+01
  -9.1908766e+00
  -1.8828360e+01
  -2.5992660e+01
   1.2678867e+01
   1.4970347e+01
   1.3934617e+00
   4.9330971e+01
   1.8129402e+01
   1.7897610e+01
  -2.6067097e+01
   1.4668409e+01
  -3.0227118e+01
   2.8168335e+01
   7.9628720e-03
   4.7539035e+01
  -2.3622869e+01
  -4.2550392e+01
  -3.9518565e+01
   1.0116638e+01
   8.1922526e+00
   4.7988591e+00
  -4.0165946e+01
   3.5114730e+01
  -1.7229853e+01
  -4.1698646e+01
   2.0402256e+01
  -1.0479307e+00
   8.2633091e+00
  -2.3485478e+01
   1.2443375e+01
   3.6001451e+00
   4.3254641e+01
   4.3470188e+01
  -4.9732471e+01
   3.9988843e+01
  -1.4878673e+01
   4.0457439e+01
   4.6867960e+01
   3.3494410e+00
  -1.3992342e+00
  -1.2755844e+01
  -1.0231262e+01
  -3.3558973e+00
   3.6972060e+01
   1.7804352e+01
  -3.7354039e+01
  -3.2916163e+01
  -2.9982431e+01
   4.2194944e+01
  -3.3364805e+01
  -3.3172337e+01
   8.9577177e+00
   4.8875751e+01
   4.9670758e+01
   9.8715014e+00
   3.4128600e+01
   3.2119070e+01
   4.8461068e+01
  -8.5151417e+00
  -2.6521644e+01
  -1.5632329e+01
   4.8106567e+00
  -3.0273227e+01
  -3.8549202e+01
  -1.4261408e+01
  -1.9277830e+01
   4.2027541e+01
  -1.4780673e+01
  -2.1051276e+01
   2.8134752e+00
  -3.7258427e+01
   2.0087684e+01
   4.7901313e+01
   2.3575537e+01
  -3.8313034e+01
  -2.2454085e+00
   3.2480865e+01
   1.5246787e+01
  -4.1224675e+01
  -3.7752890e+01
   1.6140543e+01
   3.4279480e+01
  -4.9639956e+01
   5.8117861e+00
   3.1278882e+01
   4.1353131e+01
   1.4436263e+01
   1.5156918e+01
   3.1292147e+01
  -2.6671750e+01
  -1.3743987e+01
   7.8349566e+00
  -3.6833630e+01
   4.3120801e+01
   1.9986012e+01
  -3.0362491e+01
   5.8805171e+00
  -8.3471094e+00
   1.1738938e+01
  -4.9240976e+00
  -3.0943701e+01
  -2.3793089e+01
  -4.5130565e+00
   3.2160238e+01
  -3.5487285e+01
   2.1706594e+00
  -4.6654417e+01
  -1.4779767e+01
   4.3518818e+01
   4.6390967e+00
  -2.8480038e+01
   1.1972923e+01
   1.6869042e+01
  -1.2877892e+01
   3.4113234e+01
   4.6131749e+01
   1.7017588e+01
   4.5267619e+01
   3.4213494e+01
  -8.3445877e+00
   3.4746637e+01
  -6.4438824e+00
  -3.3376606e+01
  -3.5071475e+01
  -4.7529939e+01
  -2.1955841e+01
   1.0233391e+01
   4.5427096e+01
  -4.8021556e+01
  -4.7790820e+01
   2.9168582e+01
  -3.0410923e+00
  -9.6524198e+00
  -4.0866079e+01
  -8.7881167e+00
   6.9279125e-02
   2.4108756e+01
   8.3985351e+00
  -1.8078619e+01
  -3.5409347e+01
  -1.7397521e+01
   4.4804205e+01
   3.7703960e+00
  -3.7423886e+01
   3.2410583e+01
  -4.4246474e+01
  -3.9475621e-01
  -4.5361230e+01
  -1.7895356e+01
  -1.8560207e+01
   1.0962343e+01
   3.4349583e+00
  -4.1772140e+01
   1.1686652e+01
   3.0365572e+01
   2.5547717e+01
  -4.8225879e+01
  -2.3005658e+01
  -2.0416183e+01
  -1.1068233e+00
  -3.2945814e+01
   6.6792733e+00
   2.3648661e+01
  -3.9780834e+00
   2.5069797e+01
   2.0493781e+01
   2.8519756e+01
   4.2514679e+01
  -1.9202266e+01
   5.5913342e+00
  -1.4387128e+01
   3.6037363e+00
   7.8540753e+00
  -4.4603512e+01
   2.5550263e+01
   4.7388154e+01
  -4.7685117e+00
   2.2258026e+01
  -1.3449077e+01
  -4.4291393e+01
  -3.7626876e+01
   3.5787961e+01
   4.4680005e+01
   2.7926397e+01
   4.3694146e+01
  -1.3069822e+01
  -3.9417775e+01
  -1.1453671e+01
  -6.4556839e+00
   3.4302043e+01
   1.7644456e+01
   4.0218374e+01
   3.7582431e+01
   4.8366052e+01
   4.7136438e+01
   4.1856236e+01
  -2.6531865e+01
   5.6338867e+00
  -4.7227760e+01
  -3.9481572e+00
   4.4446155e+01
   2.1461390e+01
  -4.0363826e+01
  -2.7672696e+00
  -3.6529081e+01
  -1.6510819e+01
  -3.3342733e+01
  -4.7279945e+01
   4.2964096e+01
   2.3886014e+01
  -1.9000486e+01
  -3.8191957e+01
  -4.5844154e+01
  -1.3664539e+01
   3.3798610e+01
   3.5839748e+01
  -3.7245297e+01
   1.1087013e+01
   3.9680163e+01
  -3.3045535e+01
   2.8218759e+01
   6.1879564e+00
   2.5923155e+01
  -1.3859297e+01
   1.4404544e+00
  -1.7413566e+01
  -2.6917964e+01
   4.4171739e+01
   3.3593233e+00
  -3.6388492e+00
  -4.5541048e+01
   4.1625618e+01
  -4.7855798e+01
   3.3827794e+01
   4.5011979e+01
   3.1901637e+01
   1.8715239e+01
   4.3654645e+01
  -8.5593888e+00
   2.8703405e+01
  -1.5477830e+01
  -4.1069934e+01
   3.7239520e+01
  -1.4569912e+01
   2.5585397e+01
  -5.2192723e+00
  -3.7410113e+01
  -3.3006024e+01
  -4.6924278e+01
   1.4877170e+01
   2.5978853e+01
  -3.9756915e+01
   1.5522644e+01
  -2.1140620e+01
   2.8532848e+01
   3.1303185e+01
   1.6230810e+01
  -3.4332575e+01
   8.0095732e+00
  -4.3780915e+01
  -2.1602775e+01
  -2.1065861e+01
  -2.9370370e+01
   2.8477021e+01
   2.2969910e+01
   6.0021346e+00
   1.9100473e+01
   4.2703236e+00
   4.5041080e+01
   3.2865283e+01
  -3.4802468e+01
  -3.9440458e+01
  -3.1026372e+01
   1.3933927e+01
   4.7017262e+01
  -2.8865314e+01
   1.1482533e+01
  -3.7521145e+01
  -4.5972771e+01
   3.4890792e+01
  -1.7165542e+01
   3.1678014e+01
  -1.2006099e+00
   3.4914882e+01
  -2.2494320e+01
   3.2645636e+01
   4.5135070e+01
  -6.4844232e+00
  -1.3077863e+01
  -1.7992516e+01
   3.5085556e+01
   1.9565446e+00
  -3.9321461e+01
   2.2200939e+01
   1.2850644e+01
  -2.4943240e+01
   4.4245804e+00
   4.4632397e+01
  -3.7974940e+01
  -4.2040981e+01
   3.8128096e-01
   1.8602839e+01
   1.2326959e+01
   4.5358427e+01
  -2.1682948e+01
   3.5008735e+01
   4.1555672e+01
  -3.1869943e+01
   2.4211546e+01
  -3.2614595e+00
   1.6999021e+01
  -6.6124408e-01
  -3.3656631e+01
   8.6528477e+00
   1.6364262e+01
  -3.0075232e+01
   3.9285030e+01
  -3.2971013e+01
  -1.4414871e+01
   4.6701775e+01
   3.4824102e+01
  -3.3332141e+00
  -2.0442702e+01
  -8.8496838e+00
   4.6760329e+01
   3.5324218e+01
   3.1547408e+01
  -2.2011710e+01
   3.6245859e+01
   3.0142322e+01
   1.4846876e+01
   2.6229529e+01
  -1.4712971e+01
   6.1839528e+00
   8.9064934e+00
   1.7552762e+01
   4.6969534e+01
  -3.7786987e+01
  -1.9772837e+01
  -4.7530844e+01
   2.2406051e+01
  -4.5737157e+01
   2.3959122e+01
  -2.1065296e+00
  -2.5898917e+01
  -2.4579241e+01
   1.5007526e+01
   3.2415655e+01
   1.4018400e+00
  -2.5864883e+01
   1.3230021e+01
  -1.1642277e+01
  -2.0891398e+01
   3.3278682e+01
   4.3729310e+01
  -1.1157772e+01
   9.9928281e+00
  -3.3922305e+01
   3.0683392e+01
   2.8073562e+01
  -3.8979693e+01
  -3.7403594e+01
   2.2753604e+01
  -4.8315485e+01
  -1.9184586e+01
   2.2040735e+01
  -3.7673359e+01
  -4.8389918e+01
   2.5158792e+01
  -6.6892418e-01
   6.9335587e+00
  -2.3205309e+01
  -4.9844946e+01
  -3.1946210e+01
  -3.4186460e+01
   1.1227023e+01
  -1.7926826e+01
   1.5756977e+01
   2.8911757e+01
   7.3008319e-01
  -1.0742395e+01
  -3.8462835e+01
   2.4126010e+01
  -1.2654269e+01
  -4.2377560e+01
  -2.0539133e+01
  -3.5698076e+01
   4.8213635e+01
   1.1038969e+01
  -1.9882083e+01
  -2.8190266e+01
  -2.2091887e+01
  -8.7741353e+00
   1.9157493e+01
  -2.5581488e+01
  -1.7199675e+01
  -2.7813429e+01
   1.5649389e+01
  -4.4787424e+01
   1.9643464e+01
  -2.1218924e+01
   2.6908239e+01
   3.6088799e+00
   1.5311684e+01
  -3.5606580e+01
  -2.1407284e+01
  -3.4917239e+01
  -3.3699931e+01
   3.0624705e+01
   1.5886718e+01
   8.4427049e+00
   3.5701953e+01
  -1.3169290e+01
   3.2158541e+01
  -3.1035323e+01
  -4.7262848e+00
  -3.2714371e+01
   4.8095008e+01
   2.6308104e+01
  -4.0363908e+01
   4.0454260e+01
   1.3400999e+01
   2.5346978e+01
   8.9095715e+00
  -4.6134100e+01
   2.8765177e+01
  -4.9988576e+01
  -8.3164845e+00
   4.2308832e+01
   1.9458848e+01
  -3.9588720e+01
   3.9409074e+00
   1.3579626e+01
  -1.5552499e+01
  -2.9767070e+00
   2.4586370e+01
   4.9475498e+01
  -6.9509593e+00
  -4.2733381e+01
   4.0227594e+01
  -6.3306487e+00
   5.6458374e+00
   1.3217006e+01
  -3.5896311e+01
  -4.4874810e+01
  -2.4108254e+01
   1.2016438e+01
  -3.2918383e+01
  -2.5889649e+01
   3.8948341e+01
   1.4919646e+01
  -1.4817950e+01
   3.6891126e+01
  -4.6815271e+01
  -1.1694969e+01
  -2.7132008e+01
   3.9971104e+01
  -4.6383896e+01
  -1.7068354e+01
  -3.8521251e+01
  -3.8790043e+01
   2.2975794e+01
   2.5884028e+01
   8.1125319e+00
  -2.3949355e+01
   2.1633431e+00
  -4.5941479e+00
   3.3800184e+00
   4.5027270e+01
   3.7039180e+01
   3.0931366e+01
   3.2082809e+01
   2.1865815e+01
  -2.6926008e+01
  -3.0331900e+01
  -5.1410513e-01
   6.3622444e+00
  -3.7320181e+01
  -2.6414641e+01
   3.0621631e+00
  -3.8524294e+01
   4.6813229e+01
  -2.3922327e+01
   2.2101629e+00
  -3.6475243e+01
  -9.9738018e+00
   8.8748134e+00
  -2.6603990e+01
   4.3826818e+01
   4.8493564e+01
  -4.4000640e+01
   1.1039417e+01
  -3.4060672e+01
   1.6453117e+01
  -1.3156407e+01
   1.2590110e+00
  -4.1012854e+01
  -3.9562978e+01
   4.6940349e+01
   3.8033375e+01
   3.3189373e+01
   2.4786796e+00
   4.4983811e+01
   3.5907080e+01
   3.4022152e+01
  -3.0271291e+01
   1.8941174e+01
   1.7974014e+01
   2.5938903e+01
   3.8912288e+00
   3.7932538e+01
  -4.3983686e+01
   3.3062245e+01
   4.4989467e+01
   4.1657622e+01
  -7.0170577e+00
   4.5768422e+01
  -3.6450513e+01
   2.0039101e+01
  -2.2204399e+01
  -3.2291677e-01
  -2.3279200e+01
   4.3156393e+01
  -3.2070135e+01
   4.9101646e+01
   3.4603381e+01
  -1.2473313e+01
   3.3327024e+01
   3.3553668e+01
  -4.6694933e+01
   4.5389786e+01
  -3.3791876e+01
   2.1603919e+00
  -5.8928146e+00
   3.6337382e+01
   3.2631342e+01
  -1.1534668e+01
   3.1948676e+01
  -2.7295041e+01
   4.8500196e+01
  -8.8127301e+00
   3.4146673e+01
   3.3769626e+01
   7.6556073e+00
  -2.3131992e+01
  -1.1076269e+01
   2.6839151e+01
   1.3034271e+01
  -2.5520453e+01
   2.9766943e+01
   4.4486969e+01
  -1.1722793e+01
  -1.5286377e+00
  -2.5523680e+01
   2.0714139e+01
  -4.3458054e+01
  -3.8147642e+00
  -2.1865850e+00
  -2.4372288e+01
  -3.7048665e+01
  -4.6661758e+01
   7.7393002e+00
  -2.7063313e+01
   4.3168744e+01
  -3.8562562e+01
   3.7857106e+01
  -6.7923282e+00
   4.6973044e+01
  -1.8209596e+01
   1.3743228e+01
  -2.2153755e+01
   1.5927546e+01
  -2.4217779e+01
   5.8625886e-02
   3.6504707e+01
   2.6288547e+00
  -7.7929391e+00
  -3.2519711e+01
  -8.5141162e+00
   1.3876772e+01
   3.6248901e+01
  -4.5715063e+01
   3.2958493e+01
  -2.5611393e+01
  -2.1395214e+01
  -3.9080214e+01
   1.0250874e+01
  -3.6795785e+01
   2.0900942e+01
  -4.1709893e+01
   3.9407528e+01
   9.6488706e+00
   9.5013396e+00
  -1.3607699e+01
   4.8215725e+01
  -4.0046158e+01
   4.6236849e+01
  -4.5257315e+00
   2.6214374e+01
  -3.7452409e+00
  -1.1405330e+01
  -8.9757482e+00
   3.7018143e+01
   8.2721453e+00
  -1.7258802e+01
   2.8362105e+01
  -2.3634808e+01
  -1.2286177e+01
   1.6037834e+01
  -3.8310816e+01
  -2.3572546e+01
  -2.1701145e+01
  -1.9354243e+01
  -3.1288741e+01
  -9.2956907e+00
  -4.7754340e+01
   6.2353105e+00
  -3.4175057e+01
   2.7417489e+01
  -3.3684643e+01
  -3.2703939e+01
  -1.1269724e+01
  -1.0004517e+01
  -3.8966958e+01
  -4.1341616e+01
  -4.3182523e+01
   3.4165411e+01
  -1.2492235e+00
   3.4613817e+01
   1.7360665e+01
  -3.5369128e+01
   1.6332339e+01
   2.7734811e+01
   2.0242712e+01
  -6.7325614e+00
  -3.4009706e+01
  -2.7526599e+01
  -9.4407234e+00
  -1.4205178e+01
  -2.4977854e+01
   1.8890193e+01
   2.4228514e+01
   1.6881184e+01
  -4.1458634e+01
   2.3363536e+01
  -4.5120227e+01
  -2.3323206e+01
   3.3238672e+01
   4.6245988e+01
  -4.9163802e+00
   1.6675848e+01
  -2.7019308e+01
  -6.0974967e+00
  -1.5734406e+01
  -4.7398519e+00
  -1.6251263e+01
   3.1929316e+01
   2.8508808e+01
  -2.0132152e+01
  -4.5688039e+01
   3.4746443e+01
   4.0807583e+00
   9.0662612e+00
   6.7091931e+00
   2.6021028e+01
  -1.1338725e+00
  -4.2655742e+01
  -3.9598451e+01
   1.5330654e+01
   2.3984243e+01
   4.7161450e+01
  -3.2959432e+01
   3.8298628e+01
  -1.6081688e+01
  -1.0619468e+01
   4.4306335e+01
  -3.2590953e+01
  -2.1912151e+01
   4.7222540e+00
   2.5509285e+01
   1.8694039e+01
   3.5685671e+01
  -3.8162273e+01
   3.0649099e+01
  -4.0830819e+01
  -4.3375581e+01
   1.0693326e+01
  -3.2580909e+01
   4.0549408e+01
   1.5461432e+01
  -3.7022765e+01
  -4.1568040e+00
   1.3175813e+01
   3.9758814e+01
   1.7873796e+01
  -3.2768157e+01
  -4.8420643e+01
  -1.3926539e+01
   4.1557022e+01
   3.0053347e+01
  -3.2685989e+01
  -4.7369841e+01
  -3.0041060e+01
  -4.6565815e+01
   2.8394494e+00
  -4.0915379e+01
   4.7460961e+01
  -1.6374775e+01
   1.1875299e+01
   3.0917913e+01
   3.2755031e+01
   1.6719171e+01
   3.1295723e+01
   2.5962800e+01
   1.4657196e+01
  -3.8495915e+00
   2.2006638e+01
   2.1631437e+01
   4.4135898e+01
  -1.0490355e+01
  -8.1675912e+00
   4.6173841e+01
  -4.6191736e+01
   3.2232251e+00
  -4.5118240e+01
  -1.9839167e+01
  -3.4259125e+01
   1.3658961e+01
   4.6346227e+01
  -2.5495987e+01
  -1.9133264e+01
  -5.6692080e+00
  -1.1188212e+01
  -3.1167900e+01
  -3.9021626e+01
   1.7644667e+00
   4.2529409e+01
   3.3858139e+01
   2.9039169e+01
   3.7607015e+01
   3.2795134e+01
  -1.7580693e+01
  -4.9295720e+01
   2.6933323e+01
   2.1843061e+01
   4.5351878e+01
   4.3108723e+01
  -3.9524306e+01
   4.3020241e+01
   4.1465521e+01
  -4.2798494e+01
  -1.3077772e+01
  -2.3294744e+01
  -6.8591445e-01
  -2.2044823e+01
   1.1973404e+01
   1.7897772e+01
  -4.5276123e+00
  -3.7212330e+01
   1.7372837e+01
   3.4926852e+01
  -2.5553564e+01
  -3.8711894e+01
  -2.3967967e+01
   1.2735069e+01
  -4.6164083e+01
   1.1821441e+01
   2.2858164e+01
   1.9902744e+01
   2.1239194e+01
  -3.9479336e+01
   1.5510051e+01
   4.2051153e+01
   2.2720586e+01
  -2.9878719e+01
  -8.5914139e+00
   3.1545811e+01
   3.2934477e+01
  -3.1648187e+01
   1.9525685e+01
  -2.5763921e+01
   3.6459209e+01
   3.2623018e+01
  -4.0560583e+01
  -8.3984949e+00
   4.4080598e+01
  -9.4501495e+00
   8.4947844e+00
   2.2512722e+01
  -2.3041838e+01
   4.2780313e+01
   4.3229437e+01
  -4.1933173e+01
   3.0137079e+01
   4.2558540e+01
  -9.4311435e+00
  -3.5740276e+01
  -2.6679572e+01
   1.3629196e+01
  -4.7333701e+01
   1.7164487e+01
  -2.5859702e+01
   4.3559196e+01
   1.6535238e+01
  -3.8331042e+01
   1.7384035e+01
  -3.0114014e+01
   3.6319970e+01
   2.2973780e+00
  -2.0855736e+00
   4.1587777e+01
  -4.5027591e+01
   1.9747112e+01
  -3.3314284e+01
   4.8650195e+01
   8.9659425e+00
   2.9370830e+01
  -2.1774906e+01
  -2.3423040e+01
  -2.8357922e+01
   8.8798311e+00
  -1.4704646e+01
   8.4944492e+00
   9.6701740e-01
  -4.7636664e+00
   3.6368439e+00
  -2.0386877e+01
   4.3927996e+01
   8.5497675e+00
   2.0685925e+01
   1.6844022e+01
   1.6597202e+00
   9.5144597e+00
   1.1318205e+01
   4.0331419e+01
  -2.8320851e+01
  -1.6458070e+01
   3.7544122e+01
  -2.1509780e+01
   2.8874987e+00
  -2.7676678e+01
  -4.1487231e+01
   3.4741501e+01
   3.3304837e+01
  -1.5228449e+01
   8.1041807e+00
   4.8064076e+00
   1.8773292e+00
   2.3995949e+01
  -1.3639520e+01
  -3.4065159e+01
   3.4809493e+01
   3.3889128e+01
  -9.5912007e+00
  -2.7917325e+00
   7.3039147e+00
   2.2531321e+01
   3.3647019e+01
   4.5811038e+01
   2.4039652e+01
  -4.9290734e+01
  -4.4808417e+01
  -1.0683824e+01
   3.1047020e+01
   3.3563021e+01
   3.1538336e+01
   2.4915763e+01
   3.0835304e+01
  -4.5714953e+01
   1.6621639e+01
  -4.7414617e+01
   8.5419226e+00
  -1.4097520e+01
   3.4971446e+01
  -2.6632803e+01
   3.6179820e+01
  -4.1575006e+01
  -1.4643935e+01
   4.0896174e+01
  -3.0650374e+01
  -3.2879883e+01
   4.2330514e+01
  -4.9936937e+01
  -5.2061417e+00
   1.1316020e+01
  -1.5539406e+01
   9.8246867e+00
  -3.9209510e+01
  -2.2501289e+00
   5.5994359e+00
  -2.0099474e+01
   4.7024464e+01
   1.3310039e+01
  -2.8535041e+01
  -3.1866658e+01
  -1.8651492e+01
  -1.6246059e+00
   3.3580820e+01
  -3.7869800e+01
   3.0202373e+01
  -3.7024548e+01
   2.1485112e+01
  -9.4228490e+00
   4.3405809e+01
   4.1064051e+01
   1.1520205e+01
  -8.1134121e-02
   4.6360466e+01
   3.4377627e+01
   1.8268178e+01
   1.2241536e+01
  -1.3002900e+01
  -4.1982078e+00
  -4.8693249e+00
  -8.2413679e-01
  -4.7111262e+00
  -4.7534113e+01
   4.0729663e+01
   4.2891681e+01
   4.7111428e+01
   3.9206812e+00
  -3.1987695e+01
  -4.1717567e+01
   3.2176719e+01
   2.1664581e+01
  -7.8814760e+00
  -4.2475346e+01
  -1.9287215e+01
   1.8388087e+01
  -6.0185951e+00
  -4.1032517e+00
  -3.7219611e+01
   3.8948514e+01
  -3.5226235e+01
   4.4104246e+01
   3.8339012e+00
  -3.5104219e+00
   3.4632145e+01
  -3.2961622e+01
   3.4566202e+01
   5.1433759e+00
   2.0258209e+01
  -3.7332608e+01
   4.0999080e+01
   6.2087677e+00
  -1.9939058e+01
   3.9394230e+01
  -2.1229357e+01
  -4.6255555e+01
   3.7977450e+01
  -2.8558075e+01
  -2.0612741e+01
  -3.3148824e+01
  -2.2561345e+01
   4.2002574e+00
   3.8790500e+01
   3.7677702e+00
  -1.7647770e+01
  -4.7201313e+01
   3.3240817e+01
   3.2010206e+01
   3.1745302e+01
   2.4158052e+01
   2.7778460e+01
  -2.7568638e+01
  -7.8486030e+00
  -2.7108417e+01
   2.6003260e+01
   4.0394884e+01
   3.3262217e+01
  -3.6909184e+01
   5.8519017e+00
   3.4902972e+01
  -4.5091395e+01
   4.5502502e+00
  -4.8837917e+01
   9.2039471e-01
  -1.0481590e+01
  -4.3323024e+01
   4.2330163e+01
   4.9546141e+00
   2.9060597e+01
   4.9410655e+00
   4.2750914e+00
  -1.7230346e+00
  -7.4983664e-01
  -4.7102047e+01
  -2.3426173e+01
  -4.9034412e+00
   6.4588797e+00
   2.6518278e+01
   4.4162438e+00
  -4.8094434e+01
  -4.4535119e+01
   2.6419935e+01
  -4.5381638e+01
  -1.6377080e+01
   4.5320793e+01
   4.0810454e+01
   3.1968778e+01
  -9.1908766e+00
  -1.8828360e+01
  -2.5992660e+01
   1.2678867e+01
   1.4970347e+01
   1.3934617e+00
   4.9330971e+01
   1.8129402e+01
   1.7897610e+01
  -2.6067097e+01
   1.4668409e+01
  -3.0227118e+01
   2.8168335e+01
   7.9628720e-03
   4.7539035e+01
  -2.3622869e+01
  -4.2550392e+01
  -3.9518565e+01
   1.0116638e+01
   8.1922526e+00
   4.7988591e+00
  -4.0165946e+01
   3.5114730e+01
  -1.7229853e+01
  -4.1698646e+01
   2.0402256e+01
  -1.0479307e+00
   8.2633091e+00
  -2.3485478e+01
   1.2443375e+01
   3.6001451e+00
   4.3254641e+01
   4.3470188e+01
  -4.9732471e+01
   3.9988843e+01
  -1.4878673e+01
   4.0457439e+01
   4.6867960e+01
   3.3494410e+00
  -1.3992342e+00
  -1.2755844e+01
  -1.0231262e+01
  -3.3558973e+00
   3.6972060e+01
   1.7804352e+01
  -3.7354039e+01
  -3.2916163e+01
  -2.9982431e+01
   4.2194944e+01
  -3.3364805e+01
  -3.3172337e+01
   8.9577177e+00
   4.8875751e+01
   4.9670758e+01
   9.8715014e+00
   3.4128600e+01
   3.2119070e+01
   4.8461068e+01
  -8.5151417e+00
  -2.6521644e+01
  -1.5632329e+01
   4.8106567e+00
  -3.0273227e+01
  -3.8549202e+01
  -1.4261408e+01
  -1.9277830e+01
   4.2027541e+01
  -1.4780673e+01
  -2.1051276e+01
   2.8134752e+00
  -3.7258427e+01
   2.0087684e+01
   4.7901313e+01
   2.3575537e+01
  -3.8313034e+01
  -2.2454085e+00
   3.2480865e+01
   1.5246787e+01
  -4.1224675e+01
  -3.7752890e+01
   1.6140543e+01
   3.4279480e+01
  -4.9639956e+01
   5.8117861e+00
   3.1278882e+01
   4.1353131e+01
   1.4436263e+01
   1.5156918e+01
   3.1292147e+01
  -2.6671750e+01
  -1.3743987e+01
   7.8349566e+00
  -3.6833630e+01
   4.3120801e+01
   1.9986012e+01
  -3.0362491e+01
   5.8805171e+00
  -8.3471094e+00
   1.1738938e+01
  -4.9240976e+00
  -3.0943701e+01
  -2.3793089e+01
  -4.5130565e+00
   3.2160238e+01
  -3.5487285e+01
   2.1706594e+00
  -4.6654417e+01
  -1.4779767e+01
   4.3518818e+01
   4.6390967e+00
  -2.8480038e+01
   1.1972923e+01
   1.6869042e+01
  -1.2877892e+01
   3.4113234e+01
   4.6131749e+01
   1.7017588e+01
   4.5267619e+01
   3.4213494e+01
  -8.3445877e+00
   3.4746637e+01
  -6.4438824e+00
  -3.3376606e+01
  -3.5071475e+01
  -4.7529939e+01
  -2.1955841e+01
   1.0233391e+01
   4.5427096e+01
  -4.8021556e+01
  -4.7790820e+01
   2.9168582e+01
  -3.0410923e+00
  -9.6524198e+00
  -4.0866079e+01
  -8.7881167e+00
   6.9279125e-02
   2.4108756e+01
   8.3985351e+00
  -1.8078619e+01
  -3.5409347e+01
  -1.7397521e+01
   4.4804205e+01
   3.7703960e+00
  -3.7423886e+01
   3.2410583e+01
  -4.4246474e+01
  -3.9475621e-01
  -4.5361230e+01
  -1.7895356e+01
  -1.8560207e+01
   1.0962343e+01
   3.4349583e+00
  -4.1772140e+01
   1.1686652e+01
   3.0365572e+01
   2.5547717e+01
  -4.8225879e+01
  -2.3005658e+01
  -2.0416183e+01
  -1.1068233e+00
  -3.2945814e+01
   6.6792733e+00
   2.3648661e+01
  -3.9780834e+00
   2.5069797e+01
   2.0493781e+01
   2.8519756e+01
   4.2514679e+01
  -1.9202266e+01
   5.5913342e+00
  -1.4387128e+01
   3.6037363e+00
   7.8540753e+00
  -4.4603512e+01
   2.5550263e+01
   4.7388154e+01
  -4.7685117e+00
   2.2258026e+01
  -1.3449077e+01
  -4.4291393e+01
  -3.7626876e+01
   3.5787961e+01
   4.4680005e+01
   2.7926397e+01
   4.3694146e+01
  -1.3069822e+01
  -3.9417775e+01
  -1.1453671e+01
  -6.4556839e+00
   3.4302043e+01
   1.7644456e+01
   4.0218374e+01
   3.7582431e+01
   4.8366052e+01
   4.7136438e+01
   4.1856236e+01
  -2.6531865e+01
   5.6338867e+00
  -4.7227760e+01
  -3.9481572e+00
   4.4446155e+01
   2.1461390e+01
  -4.0363826e+01
  -2.7672696e+00
  -3.6529081e+01
  -1.6510819e+01
  -3.3342733e+01
  -4.7279945e+01
   4.2964096e+01
   2.3886014e+01
  -1.9000486e+01
  -3.8191957e+01
  -4.5844154e+01
  -1.3664539e+01
   3.3798610e+01
   3.5839748e+01
  -3.7245297e+01
   1.1087013e+01
   3.9680163e+01
  -3.3045535e+01
   2.8218759e+01
   6.1879564e+00
   2.5923155e+01
  -1.3859297e+01
   1.4404544e+00
  -1.7413566e+01
  -2.6917964e+01
   4.4171739e+01
   3.3593233e+00
  -3.6388492e+00
  -4.5541048e+01
   4.1625618e+01
  -4.7855798e+01
   3.3827794e+01
   4.5011979e+01
   3.1901637e+01
   1.8715239e+01
   4.3654645e+01
  -8.5593888e+00
   2.8703405e+01
  -1.5477830e+01
  -4.1069934e+01
   3.7239520e+01
  -1.4569912e+01
   2.5585397e+01
  -5.2192723e+00
  -3.7410113e+01
  -3.3006024e+01
  -4.6924278e+01
   1.4877170e+01
   2.5978853e+01
  -3.9756915e+01
   1.5522644e+01
  -2.1140620e+01
   2.8532848e+01
   3.1303185e+01
   1.6230810e+01
  -3.4332575e+01
   8.0095732e+00
  -4.3780915e+01
  -2.1602775e+01
  -2.1065861e+01
  -2.9370370e+01
   2.8477021e+01
   2.2969910e+01
   6.0021346e+00
   1.9100473e+01
   4.2703236e+00
   4.5041080e+01
   3.2865283e+01
  -3.4802468e+01
  -3.9440458e+01
  -3.1026372e+01
   1.3933927e+01
   4.7017262e+01
  -2.8865314e+01
   1.1482533e+01
  -3.7521145e+01
  -4.5972771e+01
   3.4890792e+01
  -1.7165542e+01
   3.1678014e+01
  -1.2006099e+00
   3.4914882e+01
  -2.2494320e+01
   3.2645636e+01
   4.5135070e+01
  -6.4844232e+00
  -1.3077863e+01
  -1.7992516e+01
   3.5085556e+01
   1.9565446e+00
  -3.9321461e+01
   2.2200939e+01
   1.2850644e+01
  -2.4943240e+01
   4.4245804e+00
   4.4632397e+01
  -3.7974940e+01
  -4.2040981e+01
   3.8128096e-01
   1.8602839e+01
   1.2326959e+01
   4.5358427e+01
  -2.1682948e+01
   3.5008735e+01
   4.1555672e+01
  -3.1869943e+01
   2.4211546e+01
  -3.2614595e+00
   1.6999021e+01
  -6.6124408e-01
  -3.3656631e+01
   8.6528477e+00
   1.6364262e+01
  -3.0075232e+01
   3.9285030e+01
  -3.2971013e+01
  -1.4414871e+01
   4.6701775e+01
   3.4824102e+01
  -3.3332141e+00
  -2.0442702e+01
  -8.8496838e+00
   4.6760329e+01
   3.5324218e+01
   3.1547408e+01
  -2.2011710e+01
   3.6245859e+01
   3.0142322e+01
   1.4846876e+01
   2.6229529e+01
  -1.4712971e+01
   6.1839528e+00
   8.9064934e+00
   1.7552762e+01
   4.6969534e+01
  -3.7786987e+01
  -1.9772837e+01
  -4.7530844e+01
   2.2406051e+01
  -4.5737157e+01
   2.3959122e+01
  -2.1065296e+00
  -2.5898917e+01
  -2.4579241e+01
   1.5007526e+01
   3.2415655e+01
   1.4018400e+00
  -2.5864883e+01
   1.3230021e+01
  -1.1642277e+01
  -2.0891398e+01
   3.3278682e+01
   4.3729310e+01
  -1.1157772e+01
   9.9928281e+00
  -3.3922305e+01
   3.0683392e+01
   2.8073562e+01
  -3.8979693e+01
  -3.7403594e+01
   2.2753604e+01
  -4.8315485e+01
  -1.9184586e+01
   2.2040735e+01
  -3.7673359e+01
  -4.8389918e+01
   2.5158792e+01
  -6.6892418e-01
   6.9335587e+00
  -2.3205309e+01
  -4.9844946e+01
  -3.1946210e+01
  -3.4186460e+01
   1.1227023e+01
  -1.7926826e+01
   1.5756977e+01
   2.8911757e+01
   7.3008319e-01
  -1.0742395e+01
  -3.8462835e+01
   2.4126010e+01
  -1.2654269e+01
  -4.2377560e+01
  -2.0539133e+01
  -3.5698076e+01
   4.8213635e+01
   1.1038969e+01
  -1.9882083e+01
  -2.8190266e+01
  -2.2091887e+01
  -8.7741353e+00
   1.9157493e+01
  -2.5581488e+01
  -1.7199675e+01
  -2.7813429e+01
   1.5649389e+01
  -4.4787424e+01
   1.9643464e+01
  -2.1218924e+01
   2.6908239e+01
   3.6088799e+00
   1.5311684e+01
  -3.5606580e+01
  -2.1407284e+01
  -3.4917239e+01
  -3.3699931e+01
   3.0624705e+01
   1.5886718e+01
   8.4427049e+00
   3.5701953e+01
  -1.3169290e+01
   3.2158541e+01
  -3.1035323e+01
  -4.7262848e+00
  -3.2714371e+01
   4.8095008e+01
   2.6308104e+01
  -4.0363908e+01
   4.0454260e+01
   1.3400999e+01
   2.5346978e+01
   8.9095715e+00
  -4.6134100e+01
   2.8765177e+01
  -4.9988576e+01
  -8.3164845e+00
   4.2308832e+01
   1.9458848e+01
  -3.9588720e+01
   3.9409074e+00
   1.3579626e+01
  -1.5552499e+01
  -2.9767070e+00
   2.4586370e+01
   4.9475498e+01
  -6.9509593e+00
  -4.2733381e+01
   4.0227594e+01
  -6.3306487e+00
   5.6458374e+00
   1.3217006e+01
  -3.5896311e+01
  -4.4874810e+01
  -2.4108254e+01
   1.2016438e+01
  -3.2918383e+01
  -2.5889649e+01
   3.8948341e+01
   1.4919646e+01
  -1.4817950e+01
   3.6891126e+01
  -4.6815271e+01
  -1.1694969e+01
  -2.7132008e+01
   3.9971104e+01
  -4.6383896e+01
  -1.7068354e+01
  -3.8521251e+01
  -3.8790043e+01
   2.2975794e+01
   2.5884028e+01
   8.1125319e+00
  -2.3949355e+01
   2.1633431e+00
  -4.5941479e+00
   3.3800184e+00
   4.5027270e+01
   3.7039180e+01
   3.0931366e+01
   3.2082809e+01
   2.1865815e+01
  -2.6926008e+01
  -3.0331900e+01
  -5.1410513e-01
   6.3622444e+00
  -3.7320181e+01
  -2.6414641e+01
   3.0621631e+00
  -3.8524294e+01
   4.6813229e+01
  -2.3922327e+01
   2.2101629e+00
  -3.6475243e+01
  -9.9738018e+00
   8.8748134e+00
  -2.6603990e+01
   4.3826818e+01
   4.8493564e+01
  -4.4000640e+01
   1.1039417e+01
  -3.4060672e+01
   1.6453117e+01
  -1.3156407e+01
   1.2590110e+00
  -4.1012854e+01
  -3.9562978e+01
   4.6940349e+01
   3.8033375e+01
   3.3189373e+01
   2.4786796e+00
   4.4983811e+01
   3.5907080e+01
   3.4022152e+01
  -3.0271291e+01
   1.8941174e+01
   1.7974014e+01
   2.5938903e+01
   3.8912288e+00
   3.7932538e+01
  -4.3983686e+01
   3.3062245e+01
   4.4989467e+01
   4.1657622e+01
  -7.0170577e+00
   4.5768422e+01
  -3.6450513e+01
   2.0039101e+01
  -2.2204399e+01
  -3.2291677e-01
  -2.3279200e+01
   4.3156393e+01
  -3.2070135e+01
   4.9101646e+01
   3.4603381e+01
  -1.2473313e+01
   3.3327024e+01
   3.3553668e+01
  -4.6694933e+01
   4.5389786e+01
  -3.3791876e+01
   2.1603919e+00
  -5.8928146e+00
   3.6337382e+01
   3.2631342e+01
  -1.1534668e+01
   3.1948676e+01
  -2.7295041e+01
   4.8500196e+01
  -8.8127301e+00
   3.4146673e+01
   3.3769626e+01
   7.6556073e+00
  -2.3131992e+01
  -1.1076269e+01
   2.6839151e+01
   1.3034271e+01
  -2.5520453e+01
   2.9766943e+01
   4.4486969e+01
  -1.1722793e+01
  -1.5286377e+00
  -2.5523680e+01
   2.0714139e+01
  -4.3458054e+01
  -3.8147642e+00
  -2.1865850e+00
  -2.4372288e+01
  -3.7048665e+01
  -4.6661758e+01
   7.7393002e+00
  -2.7063313e+01
   4.3168744e+01
  -3.8562562e+01
   3.7857106e+01
  -6.7923282e+00
   4.6973044e+01
  -1.8209596e+01
   1.3743228e+01
  -2.2153755e+01
   1.5927546e+01
  -2.4217779e+01
   5.8625886e-02
   3.6504707e+01
   2.6288547e+00
  -7.7929391e+00
  -3.2519711e+01
  -8.5141162e+00
   1.3876772e+01
   3.6248901e+01
  -4.5715063e+01
   3.2958493e+01
  -2.5611393e+01
  -2.1395214e+01
  -3.9080214e+01
   1.0250874e+01
  -3.6795785e+01
   2.0900942e+01
  -4.1709893e+01
   3.9407528e+01
   9.6488706e+00
   9.5013396e+00
  -1.3607699e+01
   4.8215725e+01
  -4.0046158e+01
   4.6236849e+01
  -4.5257315e+00
   2.6214374e+01
  -3.7452409e+00
  -1.1405330e+01
  -8.9757482e+00
   3.7018143e+01
   8.2721453e+00
  -1.7258802e+01
   2.8362105e+01
  -2.3634808e+01
  -1.2286177e+01
   1.6037834e+01
  -3.8310816e+01
  -2.3572546e+01
  -2.1701145e+01
  -1.9354243e+01
  -3.1288741e+01
  -9.2956907e+00
  -4.7754340e+01
   6.2353105e+00
  -3.4175057e+01
   2.7417489e+01
  -3.3684643e+01
  -3.2703939e+01
  -1.1269724e+01
  -1.0004517e+01
  -3.8966958e+01
  -4.1341616e+01
  -4.3182523e+01
   3.4165411e+01
  -1.2492235e+00
   3.4613817e+01
   1.7360665e+01
  -3.5369128e+01
   1.6332339e+01
   2.7734811e+01
   2.0242712e+01
  -6.7325614e+00
  -3.4009706e+01
  -2.7526599e+01
  -9.4407234e+00
  -1.4205178e+01
  -2.4977854e+01
   1.8890193e+01
   2.4228514e+01
   1.6881184e+01
  -4.1458634e+01
   2.3363536e+01
  -4.5120227e+01
  -2.3323206e+01
   3.3238672e+01
   4.6245988e+01
  -4.9163802e+00
   1.6675848e+01
  -2.7019308e+01
  -6.0974967e+00
  -1.5734406e+01
  -4.7398519e+00
  -1.6251263e+01
   3.1929316e+01
   2.8508808e+01
  -2.0132152e+01
  -4.5688039e+01
   3.4746443e+01
   4.0807583e+00
   9.0662612e+00
   6.7091931e+00
   2.6021028e+01
  -1.1338725e+00
  -4.2655742e+01
  -3.9598451e+01
   1.5330654e+01
   2.3984243e+01
   4.7161450e+01
  -3.2959432e+01
   3.8298628e+01
  -1.6081688e+01
  -1.0619468e+01
   4.4306335e+01
  -3.2590953e+01
  -2.1912151e+01
   4.7222540e+00
   2.5509285e+01
   1.8694039e+01
   3.5685671e+01
  -3.8162273e+01
   3.0649099e+01
  -4.0830819e+01
  -4.3375581e+01
   1.0693326e+01
  -3.2580909e+01
   4.0549408e+01
   1.5461432e+01
  -3.7022765e+01
  -4.1568040e+00
   1.3175813e+01
   3.9758814e+01
   1.7873796e+01
  -3.2768157e+01
  -4.8420643e+01
  -1.3926539e+01
   4.1557022e+01
   3.0053347e+01
  -3.2685989e+01
  -4.7369841e+01
  -3.0041060e+01
  -4.6565815e+01
   2.8394494e+00
  -4.0915379e+01
   4.7460961e+01
  -1.6374775e+01
   1.1875299e+01
   3.0917913e+01
   3.2755031e+01
   1.6719171e+01
   3.1295723e+01
   2.5962800e+01
   1.4657196e+01
  -3.8495915e+00
   2.2006638e+01
   2.1631437e+01
   4.4135898e+01
  -1.0490355e+01
  -8.1675912e+00
   4.6173841e+01
  -4.6191736e+01
   3.2232251e+00
  -4.5118240e+01
  -1.9839167e+01
  -3.4259125e+01
   1.3658961e+01
   4.6346227e+01
  -2.5495987e+01
  -1.9133264e+01
  -5.6692080e+00
  -1.1188212e+01
  -3.1167900e+01
  -3.9021626e+01
   1.7644667e+00
   4.2529409e+01
   3.3858139e+01
   2.9039169e+01
   3.7607015e+01
   3.2795134e+01
  -1.7580693e+01
  -4.9295720e+01
   2.6933323e+01
   2.1843061e+01
   4.5351878e+01
   4.3108723e+01
  -3.9524306e+01
   4.3020241e+01
   4.1465521e+01
  -4.2798494e+01
  -1.3077772e+01
  -2.3294744e+01
  -6.8591445e-01
  -2.2044823e+01
   1.1973404e+01
   1.7897772e+01
  -4.5276123e+00
  -3.7212330e+01
   1.7372837e+01
   3.4926852e+01
  -2.5553564e+01
  -3.8711894e+01
  -2.3967967e+01
   1.2735069e+01
  -4.6164083e+01
   1.1821441e+01
   2.2858164e+01
   1.9902744e+01
   2.1239194e+01
  -3.9479336e+01
   1.5510051e+01
   4.2051153e+01
   2.2720586e+01
  -2.9878719e+01
  -8.5914139e+00
   3.1545811e+01
   3.2934477e+01
  -3.1648187e+01
   1.9525685e+01
  -2.5763921e+01
   3.6459209e+01
   3.2623018e+01
  -4.0560583e+01
  -8.3984949e+00
   4.4080598e+01
  -9.4501495e+00
   8.4947844e+00
   2.2512722e+01
  -2.3041838e+01
   4.2780313e+01
   4.3229437e+01
  -4.1933173e+01
   3.0137079e+01
   4.2558540e+01
  -9.4311435e+00
  -3.5740276e+01
  -2.6679572e+01
   1.3629196e+01
  -4.7333701e+01
   1.7164487e+01
  -2.5859702e+01
   4.3559196e+01
   1.6535238e+01
  -3.8331042e+01
   1.7384035e+01
  -3.0114014e+01
   3.6319970e+01
   2.2973780e+00
  -2.0855736e+00
   4.1587777e+01
  -4.5027591e+01
   1.9747112e+01
  -3.3314284e+01
   4.8650195e+01
   8.9659425e+00
   2.9370830e+01
  -2.1774906e+01
  -2.3423040e+01
  -2.8357922e+01
   8.8798311e+00
  -1.4704646e+01
   8.4944492e+00
   9.6701740e-01
  -4.7636664e+00
   3.6368439e+00
  -2.0386877e+01
   4.3927996e+01
   8.5497675e+00
   2.0685925e+01
   1.6844022e+01
   1.6597202e+00
   9.5144597e+00
   1.1318205e+01
   4.0331419e+01
  -2.8320851e+01
  -1.6458070e+01
   3.7544122e+01
  -2.1509780e+01
   2.8874987e+00
  -2.7676678e+01
  -4.1487231e+01
   3.4741501e+01
   3.3304837e+01
  -1.5228449e+01
   8.1041807e+00
   4.8064076e+00
   1.8773292e+00
   2.3995949e+01
  -1.3639520e+01
  -3.4065159e+01
   3.4809493e+01
   3.3889128e+01
  -9.5912007e+00
  -2.7917325e+00
   7.3039147e+00
   2.2531321e+01
   3.3647019e+01
   4.5811038e+01
   2.4039652e+01
  -4.9290734e+01
  -4.4808417e+01
  -1.0683824e+01
   3.1047020e+01
   3.3563021e+01
   3.1538336e+01
   2.4915763e+01
   3.0835304e+01
  -4.5714953e+01
   1.6621639e+01
  -4.7414617e+01
   8.5419226e+00
  -1.4097520e+01
   3.4971446e+01
  -2.6632803e+01
   3.6179820e+01
  -4.1575006e+01
  -1.4643935e+01
   4.0896174e+01
  -3.0650374e+01
  -3.2879883e+01
   4.2330514e+01
  -4.9936937e+01
  -5.2061417e+00
   1.1316020e+01
  -1.5539406e+01
   9.8246867e+00
  -3.9209510e+01
  -2.2501289e+00
   5.5994359e+00
  -2.0099474e+01
   4.7024464e+01
   1.3310039e+01
  -2.8535041e+01
  -3.1866658e+01
  -1.8651492e+01
  -1.6246059e+00
   3.3580820e+01
  -3.7869800e+01
   3.0202373e+01
  -3.7024548e+01
   2.1485112e+01
  -9.4228490e+00
   4.3405809e+01
   4.1064051e+01
   1.1520205e+01
  -8.1134121e-02
   4.6360466e+01
   3.4377627e+01
   1.8268178e+01
   1.2241536e+01
  -1.3002900e+01
  -4.1982078e+00
  -4.8693249e+00
  -8.2413679e-01
  -4.7111262e+00
  -4.7534113e+01
   4.0729663e+01
   4.2891681e+01
   4.7111428e+01
   3.9206812e+00
  -3.1987695e+01
  -4.1717567e+01
   3.2176719e+01
   2.1664581e+01
  -7.8814760e+00
  -4.2475346e+01
  -1.9287215e+01
   1.8388087e+01
  -6.0185951e+00
  -4.1032517e+00
  -3.7219611e+01
   3.8948514e+01
  -3.5226235e+01
   4.4104246e+01
   3.8339012e+00
  -3.5104219e+00
   3.4632145e+01
  -3.2961622e+01
   3.4566202e+01
   5.1433759e+00
   2.0258209e+01
  -3.7332608e+01
   4.0999080e+01
   6.2087677e+00
  -1.9939058e+01
   3.9394230e+01
  -2.1229357e+01
  -4.6255555e+01
   3.7977450e+01
  -2.8558075e+01
  -2.0612741e+01
  -3.3148824e+01
  -2.2561345e+01
   4.2002574e+00
   3.8790500e+01
   3.7677702e+00
  -1.7647770e+01
  -4.7201313e+01
   3.3240817e+01
   3.2010206e+01
   3.1745302e+01
   2.4158052e+01
   2.7778460e+01
  -2.7568638e+01
  -7.8486030e+00
  -2.7108417e+01
   2.6003260e+01
   4.0394884e+01
   3.3262217e+01
  -3.6909184e+01
   5.8519017e+00
   3.4902972e+01
  -4.5091395e+01
   4.5502502e+00
  -4.8837917e+01
   9.2039471e-01
  -1.0481590e+01
  -4.3323024e+01
   4.2330163e+01
   4.9546141e+00
   2.9060597e+01
   4.9410655e+00
   4.2750914e+00
  -1.7230346e+00
  -7.4983664e-01
  -4.7102047e+01
  -2.3426173e+01
  -4.9034412e+00
   6.4588797e+00
   2.6518278e+01
   4.4162438e+00
  -4.8094434e+01
  -4.4535119e+01
   2.6419935e+01
  -4.5381638e+01
  -1.6377080e+01
   4.5320793e+01
   4.0810454e+01
   3.1968778e+01
  -9.1908766e+00
  -1.8828360e+01
  -2.5992660e+01
   1.2678867e+01
   1.4970347e+01
   1.3934617e+00
   4.9330971e+01
   1.8129402e+01
   1.7897610e+01
  -2.6067097e+01
   1.4668409e+01
  -3.0227118e+01
   2.8168335e+01
   7.9628720e-03
   4.7539035e+01
  -2.3622869e+01
  -4.2550392e+01
  -3.9518565e+01
   1.0116638e+01
   8.1922526e+00
   4.7988591e+00
  -4.0165946e+01
   3.5114730e+01
  -1.7229853e+01
  -4.1698646e+01
   2.0402256e+01
  -1.0479307e+00
   8.2633091e+00
  -2.3485478e+01
   1.2443375e+01
   3.6001451e+00
   4.3254641e+01
   4.3470188e+01
  -4.9732471e+01
   3.9988843e+01
  -1.4878673e+01
   4.0457439e+01
   4.6867960e+01
   3.3494410e+00
  -1.3992342e+00
  -1.2755844e+01
  -1.0231262e+01
  -3.3558973e+00
   3.6972060e+01
   1.7804352e+01
  -3.7354039e+01
  -3.2916163e+01
  -2.9982431e+01
   4.2194944e+01
  -3.3364805e+01
  -3.3172337e+01
   8.9577177e+00
   4.8875751e+01
   4.9670758e+01
   9.8715014e+00
   3.4128600e+01
   3.2119070e+01
   4.8461068e+01
  -8.5151417e+00
  -2.6521644e+01
  -1.5632329e+01
   4.8106567e+00
  -3.0273227e+01
  -3.8549202e+01
  -1.4261408e+01
  -1.9277830e+01
   4.2027541e+01
  -1.4780673e+01
  -2.1051276e+01
   2.8134752e+00
  -3.7258427e+01
   2.0087684e+01
   4.7901313e+01
   2.3575537e+01
  -3.8313034e+01
  -2.2454085e+00
   3.2480865e+01
   1.5246787e+01
  -4.1224675e+01
  -3.7752890e+01
   1.6140543e+01
   3.4279480e+01
  -4.9639956e+01
   5.8117861e+00
   3.1278882e+01
   4.1353131e+01
   1.4436263e+01
   1.5156918e+01
   3.1292147e+01
  -2.6671750e+01
  -1.3743987e+01
   7.8349566e+00
  -3.6833630e+01
   4.3120801e+01
   1.9986012e+01
  -3.0362491e+01
   5.8805171e+00
  -8.3471094e+00
   1.1738938e+01
  -4.9240976e+00
  -3.0943701e+01
  -2.3793089e+01
  -4.5130565e+00
   3.2160238e+01
  -3.5487285e+01
   2.1706594e+00
  -4.6654417e+01
  -1.4779767e+01
   4.3518818e+01
   4.6390967e+00
  -2.8480038e+01
   1.1972923e+01
   1.6869042e+01
  -1.2877892e+01
   3.4113234e+01
   4.6131749e+01
   1.7017588e+01
   4.5267619e+01
   3.4213494e+01
  -8.3445877e+00
   3.4746637e+01
  -6.4438824e+00
  -3.3376606e+01
  -3.5071475e+01
  -4.7529939e+01
  -2.1955841e+01
   1.0233391e+01
   4.5427096e+01
  -4.8021556e+01
  -4.7790820e+01
   2.9168582e+01
  -3.0410923e+00
  -9.6524198e+00
  -4.0866079e+01
  -8.7881167e+00
   6.9279125e-02
   2.4108756e+01
   8.3985351e+00
  -1.8078619e+01
  -3.5409347e+01
  -1.7397521e+01
   4.4804205e+01
   3.7703960e+00
  -3.7423886e+01
   3.2410583e+01
  -4.4246474e+01
  -3.9475621e-01
  -4.5361230e+01
  -1.7895356e+01
  -1.8560207e+01
   1.0962343e+01
   3.4349583e+00
  -4.1772140e+01
   1.1686652e+01
   3.0365572e+01
   2.5547717e+01
  -4.8225879e+01
  -2.3005658e+01
  -2.0416183e+01
  -1.1068233e+00
  -3.2945814e+01
   6.6792733e+00
   2.3648661e+01
  -3.9780834e+00
   2.5069797e+01
   2.0493781e+01
   2.8519756e+01
   4.2514679e+01
  -1.9202266e+01
   5.5913342e+00
  -1.4387128e+01
   3.6037363e+00
   7.8540753e+00
  -4.4603512e+01
   2.5550263e+01
   4.7388154e+01
  -4.7685117e+00
   2.2258026e+01
  -1.3449077e+01
  -4.4291393e+01
  -3.7626876e+01
   3.5787961e+01
   4.4680005e+01
   2.7926397e+01
   4.3694146e+01
  -1.3069822e+01
  -3.9417775e+01
  -1.1453671e+01
  -6.4556839e+00
   3.4302043e+01
   1.7644456e+01
   4.0218374e+01
   3.7582431e+01
   4.8366052e+01
   4.7136438e+01
   4.1856236e+01
  -2.6531865e+01
   5.6338867e+00
  -4.7227760e+01
  -3.9481572e+00
   4.4446155e+01
   2.1461390e+01
  -4.0363826e+01
  -2.7672696e+00
  -3.6529081e+01
  -1.6510819e+01
  -3.3342733e+01
  -4.7279945e+01
   4.2964096e+01
   2.3886014e+01
  -1.9000486e+01
  -3.8191957e+01
  -4.5844154e+01
  -1.3664539e+01
   3.3798610e+01
   3.5839748e+01
  -3.7245297e+01
   1.1087013e+01
   3.9680163e+01
  -3.3045535e+01
   2.8218759e+01
   6.1879564e+00
   2.5923155e+01
  -1.3859297e+01
   1.4404544e+00
  -1.7413566e+01
  -2.6917964e+01
   4.4171739e+01
   3.3593233e+00
  -3.6388492e+00
  -4.5541048e+01
   4.1625618e+01
  -4.7855798e+01
   3.3827794e+01
   4.5011979e+01
   3.1901637e+01
   1.8715239e+01
   4.3654645e+01
  -8.5593888e+00
   2.8703405e+01
  -1.5477830e+01
  -4.1069934e+01
   3.7239520e+01
  -1.4569912e+01
   2.5585397e+01
  -5.2192723e+00
  -3.7410113e+01
  -3.3006024e+01
  -4.6924278e+01
   1.4877170e+01
   2.5978853e+01
  -3.9756915e+01
   1.5522644e+01
  -2.1140620e+01
   2.8532848e+01
   3.1303185e+01
   1.6230810e+01
  -3.4332575e+01
   8.0095732e+00
  -4.3780915e+01
  -2.1602775e+01
  -2.1065861e+01
  -2.9370370e+01
   2.8477021e+01
   2.2969910e+01
   6.0021346e+00
   1.9100473e+01
   4.2703236e+00
   4.5041080e+01
   3.2865283e+01
  -3.4802468e+01
  -3.9440458e+01
  -3.1026372e+01
   1.3933927e+01
   4.7017262e+01
  -2.8865314e+01
   1.1482533e+01
  -3.7521145e+01
  -4.5972771e+01
   3.4890792e+01
  -1.7165542e+01
   3.1678014e+01
  -1.2006099e+00
   3.4914882e+01
  -2.2494320e+01
   3.2645636e+01
   4.5135070e+01
  -6.4844232e+00
  -1.3077863e+01
  -1.7992516e+01
   3.5085556e+01
   1.9565446e+00
  -3.9321461e+01
   2.2200939e+01
   1.2850644e+01
  -2.4943240e+01
   4.4245804e+00
   4.4632397e+01
  -3.7974940e+01
  -4.2040981e+01
   3.8128096e-01
   1.8602839e+01
   1.2326959e+01
   4.5358427e+01
  -2.1682948e+01
   3.5008735e+01
   4.1555672e+01
  -3.1869943e+01
   2.4211546e+01
  -3.2614595e+00
   1.6999021e+01
  -6.6124408e-01
  -3.3656631e+01
   8.6528477e+00
   1.6364262e+01
  -3.0075232e+01
   3.9285030e+01
  -3.2971013e+01
  -1.4414871e+01
   4.6701775e+01
   3.4824102e+01
  -3.3332141e+00
  -2.0442702e+01
  -8.8496838e+00
   4.6760329e+01
   3.5324218e+01
   3.1547408e+01
  -2.2011710e+01
   3.6245859e+01
   3.0142322e+01
   1.4846876e+01
   2.6229529e+01
  -1.4712971e+01
   6.1839528e+00
   8.9064934e+00
   1.7552762e+01
   4.6969534e+01
  -3.7786987e+01
  -1.9772837e+01
  -4.7530844e+01
   2.2406051e+01
  -4.5737157e+01
   2.3959122e+01
  -2.1065296e+00
  -2.5898917e+01
  -2.4579241e+01
   1.5007526e+01
   3.2415655e+01
   1.4018400e+00
  -2.5864883e+01
   1.3230021e+01
  -1.1642277e+01
  -2.0891398e+01
   3.3278682e+01
   4.3729310e+01
  -1.1157772e+01
   9.9928281e+00
  -3.3922305e+01
   3.0683392e+01
   2.8073562e+01
  -3.8979693e+01
  -3.7403594e+01
   2.2753604e+01
  -4.8315485e+01
  -1.9184586e+01
   2.2040735e+01
  -3.7673359e+01
  -4.8389918e+01
   2.5158792e+01
  -6.6892418e-01
   6.9335587e+00
  -2.3205309e+01
  -4.9844946e+01
  -3.1946210e+01
  -3.4186460e+01
   1.1227023e+01
  -1.7926826e+01
   1.5756977e+01
   2.8911757e+01
   7.3008319e-01
  -1.0742395e+01
  -3.8462835e+01
   2.4126010e+01
  -1.2654269e+01
  -4.2377560e+01
  -2.0539133e+01
  -3.5698076e+01
   4.8213635e+01
   1.1038969e+01
  -1.9882083e+01
  -2.8190266e+01
  -2.2091887e+01
  -8.7741353e+00
   1.9157493e+01
  -2.5581488e+01
  -1.7199675e+01
  -2.7813429e+01
   1.5649389e+01
  -4.4787424e+01
   1.9643464e+01
  -2.1218924e+01
   2.6908239e+01
   3.6088799e+00
   1.5311684e+01
  -3.5606580e+01
  -2.1407284e+01
  -3.4917239e+01
  -3.3699931e+01
   3.0624705e+01
   1.5886718e+01
   8.4427049e+00
   3.5701953e+01
  -1.3169290e+01
   3.2158541e+01
  -3.1035323e+01
  -4.7262848e+00
  -3.2714371e+01
   4.8095008e+01
   2.6308104e+01
  -4.0363908e+01
   4.0454260e+01
   1.3400999e+01
   2.5346978e+01
   8.9095715e+00
  -4.6134100e+01
   2.8765177e+01
  -4.9988576e+01
  -8.3164845e+00
   4.2308832e+01
   1.9458848e+01
  -3.9588720e+01
   3.9409074e+00
   1.3579626e+01
  -1.5552499e+01
  -2.9767070e+00
   2.4586370e+01
   4.9475498e+01
  -6.9509593e+00
  -4.2733381e+01
   4.0227594e+01
  -6.3306487e+00
   5.6458374e+00
   1.3217006e+01
  -3.5896311e+01
  -4.4874810e+01
  -2.4108254e+01
   1.2016438e+01
  -3.2918383e+01
  -2.5889649e+01
   3.8948341e+01
   1.4919646e+01
  -1.4817950e+01
   3.6891126e+01
  -4.6815271e+01
  -1.1694969e+01
  -2.7132008e+01
   3.9971104e+01
  -4.6383896e+01
  -1.7068354e+01
  -3.8521251e+01
  -3.8790043e+01
   2.2975794e+01
   2.5884028e+01
   8.1125319e+00
  -2.3949355e+01
   2.1633431e+00
  -4.5941479e+00
   3.3800184e+00
   4.5027270e+01
   3.7039180e+01
   3.0931366e+01
   3.2082809e+01
   2.1865815e+01
  -2.6926008e+01
  -3.0331900e+01
  -5.1410513e-01
   6.3622444e+00
  -3.7320181e+01
  -2.6414641e+01
   3.0621631e+00
  -3.8524294e+01
   4.6813229e+01
  -2.3922327e+01
   2.2101629e+00
  -3.6475243e+01
  -9.9738018e+00
   8.8748134e+00
  -2.6603990e+01
   4.3826818e+01
   4.8493564e+01
  -4.4000640e+01
   1.1039417e+01
  -3.4060672e+01
   1.6453117e+01
  -1.3156407e+01
   1.2590110e+00
  -4.1012854e+01
  -3.9562978e+01
   4.6940349e+01
   3.8033375e+01
   3.3189373e+01
   2.4786796e+00
   4.4983811e+01
   3.5907080e+01
   3.4022152e+01
  -3.0271291e+01
   1.8941174e+01
   1.7974014e+01
   2.5938903e+01
   3.8912288e+00
   3.7932538e+01
  -4.3983686e+01
   3.3062245e+01
   4.4989467e+01
   4.1657622e+01
  -7.0170577e+00
   4.5768422e+01
  -3.6450513e+01
   2.0039101e+01
  -2.2204399e+01
  -3.2291677e-01
  -2.3279200e+01
   4.3156393e+01
  -3.2070135e+01
   4.9101646e+01
   3.4603381e+01
  -1.2473313e+01
   3.3327024e+01
   3.3553668e+01
  -4.6694933e+01
   4.5389786e+01
  -3.3791876e+01
   2.1603919e+00
  -5.8928146e+00
   3.6337382e+01
   3.2631342e+01
  -1.1534668e+01
   3.1948676e+01
  -2.7295041e+01
   4.8500196e+01
  -8.8127301e+00
   3.4146673e+01
   3.3769626e+01
   7.6556073e+00
  -2.3131992e+01
  -1.1076269e+01
   2.6839151e+01
   1.3034271e+01
  -2.5520453e+01
   2.9766943e+01
   4.4486969e+01
  -1.1722793e+01
  -1.5286377e+00
  -2.5523680e+01
   2.0714139e+01
  -4.3458054e+01
  -3.8147642e+00
  -2.1865850e+00
  -2.4372288e+01
  -3.7048665e+01
  -4.6661758e+01
   7.7393002e+00
  -2.7063313e+01
   4.3168744e+01
  -3.8562562e+01
   3.7857106e+01
  -6.7923282e+00
   4.6973044e+01
  -1.8209596e+01
   1.3743228e+01
  -2.2153755e+01
   1.5927546e+01
  -2.4217779e+01
   5.8625886e-02
   3.6504707e+01
   2.6288547e+00
  -7.7929391e+00
  -3.2519711e+01
  -8.5141162e+00
   1.3876772e+01
   3.6248901e+01
  -4.5715063e+01
   3.2958493e+01
  -2.5611393e+01
  -2.1395214e+01
  -3.9080214e+01
   1.0250874e+01
  -3.6795785e+01
   2.0900942e+01
  -4.1709893e+01
   3.9407528e+01
   9.6488706e+00
   9.5013396e+00
  -1.3607699e+01
   4.8215725e+01
  -4.0046158e+01
   4.6236849e+01
  -4.5257315e+00
   2.6214374e+01
  -3.7452409e+00
  -1.1405330e+01
  -8.9757482e+00
   3.7018143e+01
   8.2721453e+00
  -1.7258802e+01
   2.8362105e+01
  -2.3634808e+01
  -1.2286177e+01
   1.6037834e+01
  -3.8310816e+01
  -2.3572546e+01
  -2.1701145e+01
  -1.9354243e+01
  -3.1288741e+01
  -9.2956907e+00
  -4.7754340e+01
   6.2353105e+00
  -3.4175057e+01
   2.7417489e+01
  -3.3684643e+01
  -3.2703939e+01
  -1.1269724e+01
  -1.0004517e+01
  -3.8966958e+01
  -4.1341616e+01
  -4.3182523e+01
   3.4165411e+01
  -1.2492235e+00
   3.4613817e+01
   1.7360665e+01
  -3.5369128e+01
   1.6332339e+01
   2.7734811e+01
   2.0242712e+01
  -6.7325614e+00
  -3.4009706e+01
  -2.7526599e+01
  -9.4407234e+00
  -1.4205178e+01
  -2.4977854e+01
   1.8890193e+01
   2.4228514e+01
   1.6881184e+01
  -4.1458634e+01
   2.3363536e+01
  -4.5120227e+01
  -2.3323206e+01
   3.3238672e+01
   4.6245988e+01
  -4.9163802e+00
   1.6675848e+01
  -2.7019308e+01
  -6.0974967e+00
  -1.5734406e+01
  -4.7398519e+00
  -1.6251263e+01
   3.1929316e+01
   2.8508808e+01
  -2.0132152e+01
  -4.5688039e+01
   3.4746443e+01
   4.0807583e+00
   9.0662612e+00
   6.7091931e+00
   2.6021028e+01
  -1.1338725e+00
  -4.2655742e+01
  -3.9598451e+01
   1.5330654e+01
   2.3984243e+01
   4.7161450e+01
  -3.2959432e+01
   3.8298628e+01
  -1.6081688e+01
  -1.0619468e+01
   4.4306335e+01
  -3.2590953e+01
  -2.1912151e+01
   4.7222540e+00
   2.5509285e+01
   1.8694039e+01
   3.5685671e+01
  -3.8162273e+01
   3.0649099e+01
  -4.0830819e+01
  -4.3375581e+01
   1.0693326e+01
  -3.2580909e+01
   4.0549408e+01
   1.5461432e+01
  -3.7022765e+01
  -4.1568040e+00
   1.3175813e+01
   3.9758814e+01
   1.7873796e+01
  -3.2768157e+01
  -4.8420643e+01
  -1.3926539e+01
   4.1557022e+01
   3.0053347e+01
  -3.2685989e+01
  -4.7369841e+01
  -3.0041060e+01
  -4.6565815e+01
   2.8394494e+00
  -4.0915379e+01
   4.7460961e+01
  -1.6374775e+01
   1.1875299e+01
   3.0917913e+01
   3.2755031e+01
   1.6719171e+01
   3.1295723e+01
   2.5962800e+01
   1.4657196e+01
  -3.8495915e+00
   2.2006638e+01
   2.1631437e+01
   4.4135898e+01
  -1.0490355e+01
  -8.1675912e+00
   4.6173841e+01
  -4.6191736e+01
   3.2232251e+00
  -4.5118240e+01
  -1.9839167e+01
  -3.4259125e+01
   1.3658961e+01
   4.6346227e+01
  -2.5495987e+01
  -1.9133264e+01
  -5.6692080e+00
  -1.1188212e+01
  -3.1167900e+01
  -3.9021626e+01
   1.7644667e+00
   4.2529409e+01
   3.3858139e+01
   2.9039169e+01
   3.7607015e+01
   3.2795134e+01
  -1.7580693e+01
  -4.9295720e+01
   2.6933323e+01
   2.1843061e+01
   4.5351878e+01
   4.3108723e+01
  -3.9524306e+01
   4.3020241e+01
   4.1465521e+01
  -4.2798494e+01
  -1.3077772e+01
  -2.3294744e+01
  -6.8591445e-01
  -2.2044823e+01
   1.1973404e+01
   1.7897772e+01
  -4.5276123e+00
  -3.7212330e+01
   1.7372837e+01
   3.4926852e+01
  -2.5553564e+01
  -3.8711894e+01
  -2.3967967e+01
   1.2735069e+01
  -4.6164083e+01
   1.1821441e+01
   2.2858164e+01
   1.9902744e+01
   2.1239194e+01
  -3.9479336e+01
   1.5510051e+01
   4.2051153e+01
   2.2720586e+01
  -2.9878719e+01
  -8.5914139e+00
   3.1545811e+01
   3.2934477e+01
  -3.1648187e+01
   1.9525685e+01
  -2.5763921e+01
   3.6459209e+01
   3.2623018e+01
  -4.0560583e+01
  -8.3984949e+00
   4.4080598e+01
  -9.4501495e+00
   8.4947844e+00
   2.2512722e+01
  -2.3041838e+01
   4.2780313e+01
   4.3229437e+01
  -4.1933173e+01
   3.0137079e+01
   4.2558540e+01
  -9.4311435e+00
  -3.5740276e+01
  -2.6679572e+01
   1.3629196e+01
  -4.7333701e+01
   1.7164487e+01
  -2.5859702e+01
   4.3559196e+01
   1.6535238e+01
  -3.8331042e+01
   1.7384035e+01
  -3.0114014e+01
   3.6319970e+01
   2.2973780e+00
  -2.0855736e+00
   4.1587777e+01
  -4.5027591e+01
   1.9747112e+01
  -3.3314284e+01
   4.8650195e+01
   8.9659425e+00
   2.9370830e+01
  -2.1774906e+01
  -2.3423040e+01
  -2.8357922e+01
   8.8798311e+00
  -1.4704646e+01
   8.4944492e+00
   9.6701740e-01
  -4.7636664e+00
   3.6368439e+00
  -2.0386877e+01
   4.3927996e+01
   8.5497675e+00
   2.0685925e+01
   1.6844022e+01
   1.6597202e+00
   9.5144597e+00
   1.1318205e+01
   4.0331419e+01
  -2.8320851e+01
  -1.6458070e+01
   3.7544122e+01
  -2.1509780e+01
   2.8874987e+00
  -2.7676678e+01
  -4.1487231e+01
   3.4741501e+01
   3.3304837e+01
  -1.5228449e+01
   8.1041807e+00
   4.8064076e+00
   1.8773292e+00
   2.3995949e+01
  -1.3639520e+01
  -3.4065159e+01
   3.4809493e+01
   3.3889128e+01
  -9.5912007e+00
  -2.7917325e+00
   7.3039147e+00
   2.2531321e+01
   3.3647019e+01
   4.5811038e+01
   2.4039652e+01
  -4.9290734e+01
  -4.4808417e+01
  -1.0683824e+01
   3.1047020e+01
   3.3563021e+01
   3.1538336e+01
   2.4915763e+01
   3.0835304e+01
  -4.5714953e+01
   1.6621639e+01
  -4.7414617e+01
   8.5419226e+00
  -1.4097520e+01
   3.4971446e+01
  -2.6632803e+01
   3.6179820e+01
  -4.1575006e+01
  -1.4643935e+01
   4.0896174e+01
  -3.0650374e+01
  -3.2879883e+01
   4.2330514e+01
  -4.9936937e+01
  -5.2061417e+00
   1.1316020e+01
  -1.5539406e+01
   9.8246867e+00
  -3.9209510e+01
  -2.2501289e+00
   5.5994359e+00
  -2.0099474e+01
   4.7024464e+01
   1.3310039e+01
  -2.8535041e+01
  -3.1866658e+01
  -1.8651492e+01
  -1.6246059e+00
   3.3580820e+01
  -3.7869800e+01
   3.0202373e+01
  -3.7024548e+01
   2.1485112e+01
  -9.4228490e+00
   4.3405809e+01
   4.1064051e+01
   1.1520205e+01
  -8.1134121e-02
   4.6360466e+01
   3.4377627e+01
   1.8268178e+01
   1.2241536e+01
  -1.3002900e+01
  -4.1982078e+00
  -4.8693249e+00
  -8.2413679e-01
  -4.7111262e+00
  -4.7534113e+01
   4.0729663e+01
   4.2891681e+01
   4.7111428e+01
   3.9206812e+00
  -3.1987695e+01
  -4.1717567e+01
   3.2176719e+01
   2.1664581e+01
  -7.8814760e+00
  -4.2475346e+01
  -1.9287215e+01
   1.8388087e+01
  -6.0185951e+00
  -4.1032517e+00
  -3.7219611e+01
   3.8948514e+01
  -3.5226235e+01
   4.4104246e+01
   3.8339012e+00
  -3.5104219e+00
   3.4632145e+01
  -3.2961622e+01
   3.4566202e+01
   5.1433759e+00
   2.0258209e+01
  -3.7332608e+01
   4.0999080e+01
   6.2087677e+00
  -1.9939058e+01
   3.9394230e+01
  -2.1229357e+01
  -4.6255555e+01
   3.7977450e+01
  -2.8558075e+01
  -2.0612741e+01
  -3.3148824e+01
  -2.2561345e+01
   4.2002574e+00
   3.8790500e+01
   3.7677702e+00
  -1.7647770e+01
  -4.7201313e+01
   3.3240817e+01
   3.2010206e+01
   3.1745302e+01
   2.4158052e+01
   2.7778460e+01
  -2.7568638e+01
  -7.8486030e+00
  -2.7108417e+01
   2.6003260e+01
   4.0394884e+01
   3.3262217e+01
  -3.6909184e+01
   5.8519017e+00
   3.4902972e+01
  -4.5091395e+01
   4.5502502e+00
  -4.8837917e+01
   9.2039471e-01
  -1.0481590e+01
  -4.3323024e+01
   4.2330163e+01
   4.9546141e+00
   2.9060597e+01
   4.9410655e+00
   4.2750914e+00
  -1.7230346e+00
  -7.4983664e-01
  -4.7102047e+01
  -2.3426173e+01
  -4.9034412e+00
   6.4588797e+00
   2.6518278e+01
   4.4162438e+00
  -4.8094434e+01
  -4.4535119e+01
   2.6419935e+01
  -4.5381638e+01
  -1.6377080e+01
   4.5320793e+01
   4.0810454e+01
   3.1968778e+01
  -9.1908766e+00
  -1.8828360e+01
  -2.5992660e+01
   1.2678867e+01
   1.4970347e+01
   1.3934617e+00
   4.9330971e+01
   1.8129402e+01
   1.7897610e+01
  -2.6067097e+01
   1.4668409e+01
  -3.0227118e+01
   2.8168335e+01
   7.9628720e-03
   4.7539035e+01
  -2.3622869e+01
  -4.2550392e+01
  -3.9518565e+01
   1.0116638e+01
   8.1922526e+00
   4.7988591e+00
  -4.0165946e+01
   3.5114730e+01
  -1.7229853e+01
  -4.1698646e+01
   2.0402256e+01
  -1.0479307e+00
   8.2633091e+00
  -2.3485478e+01
   1.2443375e+01
   3.6001451e+00
   4.3254641e+01
   4.3470188e+01
  -4.9732471e+01
   3.9988843e+01
  -1.4878673e+01
   4.0457439e+01
   4.6867960e+01
   3.3494410e+00
  -1.3992342e+00
  -1.2755844e+01
  -1.0231262e+01
  -3.3558973e+00
   3.6972060e+01
   1.7804352e+01
  -3.7354039e+01
  -3.2916163e+01
  -2.9982431e+01
   4.2194944e+01
  -3.3364805e+01
  -3.3172337e+01
   8.9577177e+00
   4.8875751e+01
   4.9670758e+01
   9.8715014e+00
   3.4128600e+01
   3.2119070e+01
   4.8461068e+01
  -8.5151417e+00
  -2.6521644e+01
  -1.5632329e+01
   4.8106567e+00
  -3.0273227e+01
  -3.8549202e+01
  -1.4261408e+01
  -1.9277830e+01
   4.2027541e+01
  -1.4780673e+01
  -2.1051276e+01
   2.8134752e+00
  -3.7258427e+01
   2.0087684e+01
   4.7901313e+01
   2.3575537e+01
  -3.8313034e+01
  -2.2454085e+00
   3.2480865e+01
   1.5246787e+01
  -4.1224675e+01
  -3.7752890e+01
   1.6140543e+01
   3.4279480e+01
  -4.9639956e+01
   5.8117861e+00
   3.1278882e+01
   4.1353131e+01
   1.4436263e+01
   1.5156918e+01
   3.1292147e+01
  -2.6671750e+01
  -1.3743987e+01
   7.8349566e+00
  -3.6833630e+01
   4.3120801e+01
   1.9986012e+01
  -3.0362491e+01
   5.8805171e+00
  -8.3471094e+00
   1.1738938e+01
  -4.9240976e+00
  -3.0943701e+01
  -2.3793089e+01
  -4.5130565e+00
   3.2160238e+01
  -3.5487285e+01
   2.1706594e+00
  -4.6654417e+01
  -1.4779767e+01
   4.3518818e+01
   4.6390967e+00
  -2.8480038e+01
   1.1972923e+01
   1.6869042e+01
  -1.2877892e+01
   3.4113234e+01
   4.6131749e+01
   1.7017588e+01
   4.5267619e+01
   3.4213494e+01
  -8.3445877e+00
   3.4746637e+01
  -6.4438824e+00
  -3.3376606e+01
  -3.5071475e+01
  -4.7529939e+01
  -2.1955841e+01
   1.0233391e+01
   4.5427096e+01
  -4.8021556e+01
  -4.7790820e+01
   2.9168582e+01
  -3.0410923e+00
  -9.6524198e+00
  -4.0866079e+01
  -8.7881167e+00
   6.9279125e-02
   2.4108756e+01
   8.3985351e+00
  -1.8078619e+01
  -3.5409347e+01
  -1.7397521e+01
   4.4804205e+01
   3.7703960e+00
  -3.7423886e+01
   3.2410583e+01
  -4.4246474e+01
  -3.9475621e-01
  -4.5361230e+01
  -1.7895356e+01
  -1.8560207e+01
   1.0962343e+01
   3.4349583e+00
  -4.1772140e+01
   1.1686652e+01
   3.0365572e+01
   2.5547717e+01
  -4.8225879e+01
  -2.3005658e+01
  -2.0416183e+01
  -1.1068233e+00
  -3.2945814e+01
   6.6792733e+00
   2.3648661e+01
  -3.9780834e+00
   2.5069797e+01
   2.0493781e+01
   2.8519756e+01
   4.2514679e+01
  -1.9202266e+01
   5.5913342e+00
  -1.4387128e+01
   3.6037363e+00
   7.8540753e+00
  -4.4603512e+01
   2.5550263e+01
   4.7388154e+01
  -4.7685117e+00
   2.2258026e+01
  -1.3449077e+01
  -4.4291393e+01
  -3.7626876e+01
   3.5787961e+01
   4.4680005e+01
   2.7926397e+01
   4.3694146e+01
  -1.3069822e+01
  -3.9417775e+01
  -1.1453671e+01
  -6.4556839e+00
   3.4302043e+01
   1.7644456e+01
   4.0218374e+01
   3.7582431e+01
   4.8366052e+01
   4.7136438e+01
   4.1856236e+01
  -2.6531865e+01
   5.6338867e+00
  -4.7227760e+01
  -3.9481572e+00
   4.4446155e+01
   2.1461390e+01
  -4.0363826e+01
  -2.7672696e+00
  -3.6529081e+01
  -1.6510819e+01
  -3.3342733e+01
  -4.7279945e+01
   4.2964096e+01
   2.3886014e+01
  -1.9000486e+01
  -3.8191957e+01
  -4.5844154e+01
  -1.3664539e+01
   3.3798610e+01
   3.5839748e+01
  -3.7245297e+01
   1.1087013e+01
   3.9680163e+01
  -3.3045535e+01
   2.8218759e+01
   6.1879564e+00
   2.5923155e+01
  -1.3859297e+01
   1.4404544e+00
  -1.7413566e+01
  -2.6917964e+01
   4.4171739e+01
   3.3593233e+00
  -3.6388492e+00
  -4.5541048e+01
   4.1625618e+01
  -4.7855798e+01
   3.3827794e+01
   4.5011979e+01
   3.1901637e+01
   1.8715239e+01
   4.3654645e+01
  -8.5593888e+00
   2.8703405e+01
  -1.5477830e+01
  -4.1069934e+01
   3.7239520e+01
  -1.4569912e+01
   2.5585397e+01
  -5.2192723e+00
  -3.7410113e+01
  -3.3006024e+01
  -4.6924278e+01
   1.4877170e+01
   2.5978853e+01
  -3.9756915e+01
   1.5522644e+01
  -2.1140620e+01
   2.8532848e+01
   3.1303185e+01
   1.6230810e+01
  -3.4332575e+01
   8.0095732e+00
  -4.3780915e+01
  -2.1602775e+01
  -2.1065861e+01
  -2.9370370e+01
   2.8477021e+01
   2.2969910e+01
   6.0021346e+00
   1.9100473e+01
   4.2703236e+00
   4.5041080e+01
   3.2865283e+01
  -3.4802468e+01
  -3.9440458e+01
  -3.1026372e+01
   1.3933927e+01
   4.7017262e+01
  -2.8865314e+01
   1.1482533e+01
  -3.7521145e+01
  -4.5972771e+01
   3.4890792e+01
  -1.7165542e+01
   3.1678014e+01
  -1.2006099e+00
   3.4914882e+01
  -2.2494320e+01
   3.2645636e+01
   4.5135070e+01
  -6.4844232e+00
  -1.3077863e+01
  -1.7992516e+01
   3.5085556e+01
   1.9565446e+00
  -3.9321461e+01
   2.2200939e+01
   1.2850644e+01
  -2.4943240e+01
   4.4245804e+00
   4.4632397e+01
  -3.7974940e+01
  -4.2040981e+01
   3.8128096e-01
   1.8602839e+01
   1.2326959e+01
   4.5358427e+01
  -2.1682948e+01
   3.5008735e+01
   4.1555672e+01
  -3.1869943e+01
   2.4211546e+01
  -3.2614595e+00
   1.6999021e+01
  -6.6124408e-01
  -3.3656631e+01
   8.6528477e+00
   1.6364262e+01
  -3.0075232e+01
   3.9285030e+01
  -3.2971013e+01
  -1.4414871e+01
   4.6701775e+01
   3.4824102e+01
  -3.3332141e+00
  -2.0442702e+01
  -8.8496838e+00
   4.6760329e+01
   3.5324218e+01
   3.1547408e+01
  -2.2011710e+01
   3.6245859e+01
   3.0142322e+01
   1.4846876e+01
   2.6229529e+01
  -1.4712971e+01
   6.1839528e+00
   8.9064934e+00
   1.7552762e+01
   4.6969534e+01
  -3.7786987e+01
  -1.9772837e+01
  -4.7530844e+01
   2.2406051e+01
  -4.5737157e+01
   2.3959122e+01
  -2.1065296e+00
  -2.5898917e+01
  -2.4579241e+01
   1.5007526e+01
   3.2415655e+01
   1.4018400e+00
  -2.5864883e+01
   1.3230021e+01
  -1.1642277e+01
  -2.0891398e+01
   3.3278682e+01
   4.3729310e+01
  -1.1157772e+01
   9.9928281e+00
  -3.3922305e+01
   3.0683392e+01
   2.8073562e+01
  -3.8979693e+01
  -3.7403594e+01
   2.2753604e+01
  -4.8315485e+01
  -1.9184586e+01
   2.2040735e+01
  -3.7673359e+01
  -4.8389918e+01
   2.5158792e+01
  -6.6892418e-01
   6.9335587e+00
  -2.3205309e+01
  -4.9844946e+01
  -3.1946210e+01
  -3.4186460e+01
   1.1227023e+01
  -1.7926826e+01
   1.5756977e+01
   2.8911757e+01
   7.3008319e-01
  -1.0742395e+01
  -3.8462835e+01
   2.4126010e+01
  -1.2654269e+01
  -4.2377560e+01
  -2.0539133e+01
  -3.5698076e+01
   4.8213635e+01
   1.1038969e+01
  -1.9882083e+01
  -2.8190266e+01
  -2.2091887e+01
  -8.7741353e+00
   1.9157493e+01
  -2.5581488e+01
  -1.7199675e+01
  -2.7813429e+01
   1.5649389e+01
  -4.4787424e+01
   1.9643464e+01
  -2.1218924e+01
   2.6908239e+01
   3.6088799e+00
   1.5311684e+01
