  -1.1015195e+00
   4.5423917e+00
  -1.4072866e-02
   2.4878551e+00
  -1.5389166e+00
  -1.6028578e+00
   1.8435516e+00
  -4.6523689e+00
  -4.3016889e+00
   5.1240037e+00
   3.9393696e+00
   1.5491087e+00
  -5.4969722e+00
  -2.1907741e+00
   4.9255642e+00
   3.7163823e+00
  -1.4554313e+00
  -2.8432507e+00
  -2.6135020e+00
  -3.9901534e+00
   6.2198333e-01
   3.7767713e+00
   5.9574874e+00
  -1.8258059e-01
   1.1609007e+00
  -1.7351492e+00
  -2.8527228e+00
   1.6394832e+00
   4.8305817e+00
  -3.0723002e+00
   9.7516487e-01
  -4.9064449e+00
  -1.3265655e+00
  -1.1695781e-01
   5.4291581e+00
  -2.1039557e+00
   6.3058082e-01
  -6.8712206e-01
   5.8757289e+00
  -2.8197680e+00
  -1.1755023e+00
  -5.3728554e+00
   7.8727680e-01
  -2.7124603e+00
   3.4991202e+00
  -5.2330319e+00
  -5.8939292e+00
   2.0410595e+00
  -3.5593463e+00
   9.7676460e-02
  -3.0540829e+00
  -9.6108235e-01
  -5.6535186e+00
   7.8818263e-01
   2.9949686e+00
  -5.4332212e+00
  -2.6688342e+00
   4.2223372e+00
   5.9541646e-02
   1.8999656e+00
   1.2139125e+00
  -5.2780166e+00
  -1.7671475e+00
   2.5325133e+00
   1.9100350e-01
   3.8304633e+00
   2.3151493e+00
  -3.1322439e+00
   4.4602678e+00
   1.7880492e-01
  -1.3460219e+00
  -4.6664291e+00
  -8.7259080e-01
  -2.6581392e+00
   1.0825592e+00
  -1.0231630e-01
   1.1996805e-02
  -2.3404289e-01
  -9.6636300e-01
  -4.2885883e+00
   4.7866612e+00
  -1.3731879e+00
   5.1458288e+00
  -1.9108451e-01
   4.2270925e+00
   2.9707087e+00
   5.4310903e+00
   1.9266768e+00
   2.6116620e+00
  -1.9499932e+00
  -1.8082597e+00
  -5.1115952e-01
   4.1308189e-02
  -5.7768767e-01
   1.0707667e-01
  -2.4840382e+00
   5.8211478e+00
  -1.8608452e+00
  -1.8830513e+00
   9.6095332e-01
  -2.8989054e+00
  -4.3678547e+00
   4.7975894e+00
  -3.0556945e+00
  -1.4982090e+00
   4.8394212e+00
   5.7355736e+00
   5.7699287e+00
  -3.2434509e+00
  -5.7612719e+00
   1.8808029e+00
  -4.4883021e+00
  -1.2761653e+00
  -5.5024260e+00
   4.9784831e+00
   1.1707598e+00
   4.3724066e+00
  -7.9604591e-01
   7.7191259e-01
  -1.1933723e+00
  -5.0165725e+00
   1.7489626e+00
  -4.7958320e+00
   3.1565855e+00
  -1.5547037e+00
   7.8900152e-01
  -5.4054510e-01
   4.8690768e+00
   3.8106807e-01
  -9.2890486e-01
   5.8001094e-01
   4.9787186e+00
   4.8838026e+00
   5.8142277e+00
   1.1420279e+00
  -1.3410161e+00
  -5.7522063e+00
  -3.7645745e+00
   3.9825548e+00
   1.5375705e+00
  -5.1313555e-01
   5.4136120e+00
  -1.1323175e+00
  -2.1956833e+00
  -3.5741283e-01
   2.9026631e+00
  -2.6673109e+00
   2.1703802e+00
  -5.1968540e-01
  -1.3410702e+00
   1.4997945e+00
  -2.4609845e+00
  -1.9199851e+00
  -2.4313993e+00
  -3.9505397e+00
   3.2364536e+00
   3.1782863e+00
   1.5860126e+00
   1.7215350e-02
   9.8566223e-01
   5.1774494e+00
   3.1942404e+00
   8.0949966e-01
   4.7169423e-01
   5.5454043e+00
  -1.5200382e+00
  -5.1376759e+00
  -4.0853871e+00
   3.9927210e+00
  -9.4800766e-01
   1.5574411e+00
  -3.6238961e+00
  -2.3949937e+00
  -4.5433249e-01
   5.5775254e+00
  -2.9968375e+00
   1.1030927e+00
   2.5517727e+00
   4.4449189e+00
   1.8377092e+00
  -4.5697152e+00
  -5.4303789e+00
  -3.9551429e+00
   4.7711784e+00
   2.6154544e-01
  -1.3104544e+00
   1.8394647e+00
   5.5475061e+00
  -5.6799659e+00
  -4.5459976e+00
  -4.4444300e+00
   2.2235229e+00
   4.5246429e+00
   4.5732912e+00
   2.2889455e+00
  -5.1793730e+00
  -4.8482312e+00
  -1.0622399e-01
   2.6120777e+00
  -1.5780077e+00
   4.3507019e+00
   3.4768535e+00
   1.0378158e+00
  -4.7607757e+00
   1.7814042e+00
  -5.8122526e+00
   1.6395560e+00
  -2.1704622e+00
   5.6198843e+00
  -9.8013463e-01
   4.6282741e+00
  -2.2392983e+00
  -3.5099108e+00
  -2.2307823e+00
   3.8007127e+00
  -4.0961604e+00
  -6.2185595e-01
   6.7555550e-01
  -4.8720802e+00
   7.7132685e-01
   2.0984452e+00
   4.3855699e-02
  -5.5183378e+00
  -3.2480572e+00
   2.5133824e+00
   5.5960418e+00
   5.2668803e+00
  -1.3446342e+00
  -8.8561647e-01
  -7.3552017e-01
  -3.3413275e+00
  -4.0920192e+00
  -5.7231152e+00
  -5.6036109e+00
   4.9645294e-01
   1.5331934e+00
  -4.6706597e+00
  -3.8530962e+00
   2.3782467e+00
   9.6608335e-01
   2.7003318e+00
   5.9580764e+00
   4.1312350e+00
   5.1190981e+00
  -2.5965350e+00
  -5.2429125e+00
   5.6040256e+00
   2.8298448e+00
  -4.3730363e+00
  -4.5954282e+00
   1.5439855e-01
   5.6715064e+00
   2.9134285e+00
   2.3991298e+00
  -5.3444579e+00
  -5.2746499e+00
   5.7686843e+00
   4.4665403e-01
   5.4584898e+00
  -8.0002813e-01
  -1.3175135e+00
  -2.3680347e+00
   4.9564141e+00
  -4.2894871e+00
  -5.5896373e+00
  -2.2370656e+00
   1.8765703e+00
  -2.9872700e+00
   7.9108662e-01
   3.5991608e+00
  -4.5356775e+00
  -4.8025483e+00
   5.8891504e+00
  -4.7350502e+00
   4.0978999e+00
   3.0425009e+00
   2.9901717e+00
  -4.7448435e+00
  -1.4927058e+00
  -2.6536881e+00
  -1.3756065e+00
   3.2299396e+00
   3.4716437e+00
  -4.1115404e+00
   2.8058632e+00
   5.9020825e+00
  -8.1748594e-02
   4.8334536e+00
   2.5736565e+00
  -4.5744103e-01
  -7.3721563e-01
   2.3773812e-01
   4.3235944e+00
   3.3289020e+00
   3.5834179e+00
   5.2562269e+00
   1.3960384e+00
   5.3438823e+00
  -5.0275258e+00
  -1.1054935e+00
   2.7503226e+00
  -3.6962447e+00
   1.3143527e+00
  -5.0819208e+00
   1.0454182e-01
   2.3528176e+00
  -1.5647232e+00
  -4.6712635e+00
  -4.4242150e+00
   4.6148304e+00
   1.9358105e+00
   3.2818389e-01
  -5.8481460e+00
  -5.1395108e+00
   2.1697426e+00
   7.0213363e-01
  -6.1671713e-01
   4.4354993e+00
  -2.9604424e-01
   2.2935538e+00
  -1.6868336e+00
  -5.1943586e+00
  -1.7762353e+00
   4.9455234e+00
  -4.5967372e+00
   5.1069929e+00
  -5.7833661e+00
  -6.4895748e-01
   4.1735179e-01
   1.0886678e-01
  -7.0740125e-01
   5.1832079e+00
   4.4724474e+00
   1.0657525e+00
  -7.8573211e-01
  -5.8613927e+00
   1.5321501e-01
  -1.4715474e+00
  -2.6773122e+00
   1.5122645e+00
  -3.4663821e+00
   3.4161016e+00
   2.3449417e+00
  -5.6079778e+00
   7.2679597e-01
   3.8315516e+00
   5.0514444e+00
   2.7382537e+00
  -2.0435054e+00
   5.1098409e+00
  -9.8876785e-02
   3.0405781e-02
  -1.3040635e-02
   1.5365540e+00
   1.0382544e+00
  -4.0107682e+00
   4.9387947e+00
  -2.2938883e-01
   4.5407619e+00
   2.5701827e+00
  -1.0697169e+00
   3.9835849e+00
  -3.3242774e+00
  -4.2087665e+00
   9.2898335e-01
   2.8391350e+00
   2.1287330e+00
  -3.3906523e+00
   3.6038854e+00
   1.8664284e+00
  -3.4212615e+00
  -2.3958778e+00
   2.1129171e+00
  -1.7024638e-01
   4.2712680e+00
   3.3577705e+00
   5.8867707e+00
   4.4298931e+00
   2.7554844e+00
  -5.9363972e+00
   1.0413930e+00
  -1.3840977e+00
   5.7530446e+00
   4.9287481e+00
  -2.4180150e+00
   4.2869613e+00
   5.3944946e+00
   4.3742752e-01
   2.2465037e+00
   8.2704532e-01
   3.1575796e+00
   2.9129512e+00
   1.1848600e+00
   4.9325123e+00
  -1.1727728e-01
  -3.1471001e+00
  -2.1140454e+00
  -3.3181817e+00
   3.2544752e+00
  -1.2286879e+00
   2.3281988e+00
   4.1814370e+00
  -8.1664955e-04
   3.6114772e+00
  -3.7374392e-01
  -4.3120811e+00
   3.4353242e+00
  -5.9460874e-01
  -5.5533901e-02
   5.8099621e-01
  -7.8785989e-01
   2.8629196e-01
  -2.6242079e+00
   2.2173536e+00
   1.5635171e+00
   5.3890567e+00
   2.5818555e+00
   1.8784942e+00
  -2.1956313e+00
  -1.9101912e+00
   4.6301771e+00
   2.6902804e+00
  -1.1868649e+00
  -4.2209555e+00
   3.0667389e+00
  -1.1889042e+00
   1.9484365e+00
   3.2312527e+00
  -2.8518169e+00
   4.4024432e+00
   1.3582577e+00
   2.0162817e+00
   1.5835559e+00
  -4.7758593e-01
   3.2096087e+00
   2.1844051e+00
  -2.5315409e+00
   3.7880294e+00
  -4.1947243e-01
   5.3260374e+00
  -4.1846210e+00
   3.8991890e+00
  -2.8882309e+00
  -5.8505903e+00
  -1.0640174e+00
  -1.1686524e+00
   4.9989185e+00
  -9.4126648e-01
  -2.4505857e+00
  -9.3173135e-01
   2.7252324e+00
  -3.4626946e-01
   4.5926623e+00
   8.0583883e-01
   1.4637536e+00
  -4.8110931e+00
   3.5596412e+00
   2.8322113e+00
  -1.6330979e+00
  -7.5988395e-01
  -4.9771104e+00
   5.2046551e+00
  -2.1305705e+00
  -5.0396792e-01
  -4.9449066e+00
  -5.5699697e+00
   4.0536300e+00
  -5.3014732e+00
   5.9694967e+00
   5.2719019e+00
   3.6968946e+00
  -3.2686494e+00
  -2.9393103e+00
   4.3109022e+00
   4.7910846e+00
  -3.1047349e+00
   3.9922038e+00
  -5.4884696e-01
   3.9685758e-01
   1.8920982e+00
  -3.2636725e+00
  -1.5747334e+00
   5.4114241e+00
  -5.8367119e+00
  -3.7023821e-01
   4.8485656e+00
   2.1855511e+00
  -5.5069095e+00
  -5.1986188e-01
  -1.6854070e+00
   3.8080558e+00
   1.9471826e+00
   3.0004777e-01
   3.2034882e+00
  -5.8549480e+00
  -2.7430768e+00
   5.8576205e+00
   5.4673425e+00
   5.5455438e+00
   2.7231504e+00
   1.7265790e+00
  -4.8620959e+00
   2.3258145e+00
  -1.7961470e-01
  -3.0207152e+00
   3.9325958e+00
  -1.1139038e+00
  -4.4410516e-01
   7.9605079e-01
  -3.8249769e+00
   2.3626155e+00
  -7.2018940e-01
  -5.4199826e+00
   4.0506943e+00
   7.4287103e-01
  -2.4957764e-01
  -2.3905625e+00
   2.1552006e+00
   5.6329314e+00
   4.4055920e-01
   1.6690151e+00
   4.7149706e+00
  -1.5994401e+00
  -3.6835618e+00
  -3.2395414e+00
   2.4588852e+00
   1.6123449e+00
  -3.6944256e+00
  -2.7131723e+00
  -3.9459023e+00
  -5.6699446e+00
   1.7827713e+00
  -3.3141376e+00
   1.5817683e+00
   1.8328722e+00
  -7.0687270e-01
  -4.5501100e+00
  -2.6968171e+00
   3.8088717e+00
  -7.4071529e-01
  -1.4739409e+00
  -3.4658325e+00
  -9.0419196e-01
   5.3513061e+00
   1.5128279e+00
  -3.6472057e+00
   4.3768943e+00
  -2.3324892e+00
   5.3517070e+00
   3.6408950e-02
  -2.3921437e-02
  -5.1417985e+00
  -4.3447479e+00
  -1.5226447e+00
   4.9214031e+00
  -5.8840626e+00
  -4.0519699e-01
   4.5737871e+00
  -7.8133068e-02
   3.3208370e+00
  -2.4897351e+00
   2.9684469e+00
  -4.4480885e+00
  -1.8543462e+00
  -9.9544818e-01
   1.2583462e-01
  -3.4732613e+00
   5.4757660e+00
   2.5705364e+00
  -1.5909420e+00
  -4.3528249e+00
  -1.0908551e+00
  -3.3044725e+00
   5.9271969e+00
   5.5190790e+00
  -2.2316625e+00
   3.4931513e+00
  -1.3526635e-01
   2.4709513e-01
  -1.1489559e+00
   3.4933523e+00
  -4.0392727e+00
   5.0510807e+00
   2.1361526e+00
   3.7978474e+00
  -5.0842534e+00
  -2.3212631e+00
  -1.4179119e+00
  -1.8514352e+00
  -1.8477784e+00
  -2.2686725e-01
  -3.2777723e+00
  -5.2444863e+00
  -3.5342226e+00
   5.9778713e+00
   5.6791812e+00
  -2.5040175e-01
  -2.5701686e+00
   3.1454341e+00
  -3.9087595e+00
  -5.6547221e+00
   8.7167816e-01
  -5.5338415e+00
   2.8753141e+00
   3.2450943e+00
  -5.7638977e+00
  -5.1647711e+00
   5.5424269e+00
   4.1852012e+00
  -5.4504055e+00
   3.6046719e+00
  -2.5453683e+00
  -1.8651790e+00
   1.6346896e+00
   1.5350875e+00
   3.2631933e+00
  -2.8994946e+00
   4.2023198e+00
   2.5537777e-02
   3.5400589e+00
  -4.5550521e+00
   2.3977308e+00
  -2.5246843e+00
  -5.5054006e+00
   2.2175069e+00
   3.2213109e+00
   2.7805985e+00
  -2.4878621e+00
  -1.7291457e+00
  -2.3149960e+00
  -1.2349775e-01
   2.0077087e+00
   4.4698036e+00
   4.8929263e+00
  -1.8776512e+00
  -5.5594520e-02
   1.3667278e+00
  -4.1085616e+00
  -5.7591955e+00
  -2.9717461e+00
   2.8141634e+00
   5.7420049e+00
  -3.9146158e+00
   4.3188490e+00
   1.9820284e+00
  -4.3983476e+00
  -1.6613110e+00
  -4.8226245e+00
  -5.9310077e-01
   3.9124282e+00
   4.1175464e+00
  -2.1352236e+00
   1.2400564e+00
   2.3903459e+00
   1.6407760e+00
  -4.7981062e+00
   4.2784697e+00
  -3.8776703e+00
   2.9141755e+00
   5.3703571e+00
  -2.0718718e+00
   3.5591118e+00
  -1.2574190e+00
   5.9221622e+00
   3.5401158e+00
  -9.3500481e-01
   5.8227290e+00
  -3.8992425e+00
   2.7358666e-01
   5.0746272e+00
  -5.2139049e+00
  -5.9068371e+00
   1.8357063e+00
  -5.0381339e+00
  -2.4788354e-01
  -3.6600098e+00
   4.7682511e+00
   3.8449786e+00
  -5.6505291e+00
  -4.6388276e+00
   1.0508157e+00
  -3.9116712e+00
   2.3954323e+00
   2.7769783e+00
  -1.7145344e+00
   5.7397380e+00
   6.7892092e-01
   5.5968477e+00
  -5.5823329e+00
  -1.8031048e+00
   3.9583354e+00
  -4.6094709e+00
   8.4383501e-01
   4.3632206e+00
  -5.7932649e+00
  -2.8622767e+00
  -2.4797837e+00
  -1.7237975e+00
   3.2132773e+00
  -5.6927638e+00
   2.9316661e+00
  -5.2194148e+00
  -7.1820474e-01
  -3.5705951e+00
  -1.4820643e+00
  -2.5118341e+00
   1.6753182e+00
  -5.8359922e+00
   4.7615544e+00
  -1.5832705e+00
  -5.3389874e+00
   1.5051566e-01
  -5.2322576e-01
   5.7752988e+00
  -5.3556480e-01
  -3.1551920e+00
   4.7085699e+00
  -1.9924758e+00
  -2.8829314e+00
  -3.0457595e+00
  -4.4701540e+00
   2.7993326e+00
  -5.8451107e+00
   4.5223897e+00
  -6.5792318e-01
   1.0841836e+00
   2.3441717e-01
   3.7055240e-01
  -2.2094491e-01
   3.9158892e+00
   2.0104137e-01
   3.5717108e+00
   5.8481235e+00
   1.4750478e+00
  -5.5070346e+00
  -5.6468044e+00
  -4.3196866e+00
   3.5196403e+00
   3.7928711e+00
  -1.0376145e+00
   3.3624709e+00
  -2.7996932e-01
  -1.1623878e+00
   5.8007338e+00
  -4.3470317e+00
   2.4419833e+00
  -2.0250649e+00
  -4.3564716e+00
  -1.5724689e-01
  -2.0312202e+00
   1.4170083e+00
  -5.5717300e+00
   2.2082184e+00
   3.6065657e+00
  -4.0562153e+00
   5.2217587e+00
  -4.5732856e-02
   2.9623284e+00
  -3.7669370e-01
   2.9794388e+00
  -5.2218388e+00
   1.5916683e+00
  -2.0362891e+00
   2.1570746e+00
  -8.1266989e-01
  -4.8308428e+00
   3.9637911e+00
  -2.2610696e+00
  -5.2424310e+00
   5.6782911e+00
  -1.0048096e+00
  -3.5104620e+00
  -1.9242371e+00
  -1.7872173e+00
   4.9379009e+00
   2.8705596e+00
   4.6632271e+00
  -1.3021350e-01
  -3.9770220e-01
  -7.9915978e-01
   2.6370913e+00
  -7.1520568e-01
   1.6873156e+00
   7.0551561e-01
   5.2186952e+00
  -4.3187979e-01
   9.8773817e-02
   2.8549176e+00
   5.3369036e+00
   5.3168328e+00
   4.6131493e+00
  -2.4244418e+00
  -3.1090916e+00
  -4.7235925e-01
  -7.5922420e-01
   1.6764944e+00
   5.2791868e+00
   1.7965168e+00
  -5.2584597e-02
  -3.0536843e+00
  -4.6399752e+00
   2.0955909e+00
  -3.4435478e+00
   3.8665264e+00
   2.9949700e+00
   5.4700159e+00
  -2.3022969e+00
   2.1660066e-03
   2.7321460e+00
   1.0647526e+00
  -4.5128789e+00
   4.7581830e+00
  -3.8841468e+00
   1.3982249e-01
  -3.9805119e+00
  -2.3843580e+00
   5.9030585e-01
  -3.1740510e+00
   2.5101492e-01
   8.8933477e-03
   3.1075166e+00
   2.5784964e+00
   4.7365494e+00
   3.4837704e+00
   4.4972854e+00
  -7.4905771e-02
  -5.1461733e+00
   4.4527988e+00
  -5.7320580e+00
   1.2107195e+00
   5.4535710e+00
   3.2309965e+00
   7.2431105e-01
  -5.1337757e+00
   3.2695796e+00
   1.0867129e+00
   2.0383969e+00
  -3.7438989e+00
  -1.7606903e+00
  -4.0024794e+00
  -4.0545538e-01
  -2.3029656e+00
  -4.6642292e+00
  -3.1336488e+00
   3.4451874e+00
   3.9918088e-02
  -5.5776639e+00
   2.7771132e+00
  -5.3808464e+00
  -4.3477548e+00
  -2.7528804e+00
  -7.3942355e-01
   4.7993052e+00
   4.2882482e-02
   2.5087396e-01
  -3.2175211e+00
  -1.9413240e+00
  -3.3447211e+00
  -5.8341183e+00
  -4.6375809e+00
   6.1114536e-01
   1.0502203e+00
  -2.3199614e+00
   3.5762134e-01
  -3.8996843e+00
  -1.6875921e+00
   3.2169534e+00
   1.7045755e+00
  -4.6831025e+00
   2.6564400e+00
   5.7378960e+00
   5.2124801e+00
  -3.3433808e+00
  -5.7959679e+00
   4.3479851e+00
  -2.5679750e+00
   5.9637033e-01
  -1.1091075e-02
  -4.9783354e-01
   3.8790855e-01
   5.8247345e+00
   5.1854981e-01
  -4.2346060e+00
   4.1838155e+00
   2.3974530e+00
   1.1795289e+00
  -1.9384019e+00
  -3.0752302e+00
  -5.1077629e+00
  -4.9052410e+00
   3.1753623e+00
   2.8837061e+00
   2.0227830e+00
  -3.3903011e+00
   4.8082840e+00
  -2.5695450e+00
  -3.2438294e+00
   4.5439506e+00
   1.8104641e+00
   5.8317663e-01
   1.0521793e+00
  -2.0531082e+00
   3.2578320e-01
   2.6602849e+00
   5.3219631e+00
   8.3608044e-01
   4.0898517e+00
   2.5790968e+00
   4.7248809e+00
  -4.9280695e+00
   3.6588357e+00
   4.5850151e+00
  -3.8287340e+00
   5.2142201e+00
  -4.9303649e+00
  -2.1722978e-01
  -3.6396603e+00
   5.0695159e+00
  -1.3418989e+00
  -5.0329143e+00
  -1.1160806e-02
  -3.0831982e-02
   1.5761464e+00
   4.1613283e+00
   1.6728180e+00
   4.4072662e+00
   2.4985931e+00
   4.4266350e+00
   4.3055764e+00
  -4.6546408e+00
  -3.1027149e+00
  -6.6434356e-01
  -6.6355746e-01
   1.8303368e+00
   1.9998889e+00
   1.0811089e+00
   5.0921094e+00
   5.9949387e-01
  -1.6607284e+00
   2.9803739e+00
  -3.9212596e+00
  -5.3621115e+00
  -5.3571659e+00
   5.9250167e+00
   1.4043022e+00
   4.5240819e-01
  -1.9004991e+00
  -2.8050553e+00
   5.5314892e+00
  -5.4969686e-01
  -3.0015419e+00
  -5.9162002e+00
  -5.1649638e+00
  -4.5520089e+00
   4.2320593e+00
  -1.6522431e+00
  -5.2855233e+00
   1.7913691e-01
  -5.2012825e+00
  -5.2628286e-01
   2.4008477e+00
  -6.6479488e-01
   2.5788719e+00
  -1.6175940e+00
  -5.4012399e-01
   3.8311737e+00
   8.9429101e-01
   8.5526458e-02
  -2.2968391e+00
   5.1505984e+00
  -3.4833464e+00
   3.3628244e+00
  -1.5603516e+00
  -3.5493644e+00
   5.2419372e-01
   4.5808625e-01
   5.0463353e+00
   5.3499408e+00
  -8.8466923e-01
   4.9605616e+00
   4.7327400e+00
   4.8261738e-01
  -2.8816370e+00
  -5.3460138e+00
   2.7624412e+00
  -2.7542590e+00
   5.9023111e+00
   1.0729887e+00
   5.9158553e+00
   2.4210964e+00
  -5.6213903e+00
  -4.2780603e-01
  -1.1968122e+00
   2.3506004e-01
   7.3199741e-01
  -5.4928662e+00
   4.6554468e+00
  -4.0676069e+00
  -3.3105210e+00
  -1.2787853e+00
  -1.1015195e+00
   4.5423917e+00
  -1.4072866e-02
   2.4878551e+00
  -1.5389166e+00
  -1.6028578e+00
   1.8435516e+00
  -4.6523689e+00
  -4.3016889e+00
   5.1240037e+00
   3.9393696e+00
   1.5491087e+00
  -5.4969722e+00
  -2.1907741e+00
   4.9255642e+00
   3.7163823e+00
  -1.4554313e+00
  -2.8432507e+00
  -2.6135020e+00
  -3.9901534e+00
   6.2198333e-01
   3.7767713e+00
   5.9574874e+00
  -1.8258059e-01
   1.1609007e+00
  -1.7351492e+00
  -2.8527228e+00
   1.6394832e+00
   4.8305817e+00
  -3.0723002e+00
   9.7516487e-01
  -4.9064449e+00
  -1.3265655e+00
  -1.1695781e-01
   5.4291581e+00
  -2.1039557e+00
   6.3058082e-01
  -6.8712206e-01
   5.8757289e+00
  -2.8197680e+00
  -1.1755023e+00
  -5.3728554e+00
   7.8727680e-01
  -2.7124603e+00
   3.4991202e+00
  -5.2330319e+00
  -5.8939292e+00
   2.0410595e+00
  -3.5593463e+00
   9.7676460e-02
  -3.0540829e+00
  -9.6108235e-01
  -5.6535186e+00
   7.8818263e-01
   2.9949686e+00
  -5.4332212e+00
  -2.6688342e+00
   4.2223372e+00
   5.9541646e-02
   1.8999656e+00
   1.2139125e+00
  -5.2780166e+00
  -1.7671475e+00
   2.5325133e+00
   1.9100350e-01
   3.8304633e+00
   2.3151493e+00
  -3.1322439e+00
   4.4602678e+00
   1.7880492e-01
  -1.3460219e+00
  -4.6664291e+00
  -8.7259080e-01
  -2.6581392e+00
   1.0825592e+00
  -1.0231630e-01
   1.1996805e-02
  -2.3404289e-01
  -9.6636300e-01
  -4.2885883e+00
   4.7866612e+00
  -1.3731879e+00
   5.1458288e+00
  -1.9108451e-01
   4.2270925e+00
   2.9707087e+00
   5.4310903e+00
   1.9266768e+00
   2.6116620e+00
  -1.9499932e+00
  -1.8082597e+00
  -5.1115952e-01
   4.1308189e-02
  -5.7768767e-01
   1.0707667e-01
  -2.4840382e+00
   5.8211478e+00
  -1.8608452e+00
  -1.8830513e+00
   9.6095332e-01
  -2.8989054e+00
  -4.3678547e+00
   4.7975894e+00
  -3.0556945e+00
  -1.4982090e+00
   4.8394212e+00
   5.7355736e+00
   5.7699287e+00
  -3.2434509e+00
  -5.7612719e+00
   1.8808029e+00
  -4.4883021e+00
  -1.2761653e+00
  -5.5024260e+00
   4.9784831e+00
   1.1707598e+00
   4.3724066e+00
  -7.9604591e-01
   7.7191259e-01
  -1.1933723e+00
  -5.0165725e+00
   1.7489626e+00
  -4.7958320e+00
   3.1565855e+00
  -1.5547037e+00
   7.8900152e-01
  -5.4054510e-01
   4.8690768e+00
   3.8106807e-01
  -9.2890486e-01
   5.8001094e-01
   4.9787186e+00
   4.8838026e+00
   5.8142277e+00
   1.1420279e+00
  -1.3410161e+00
  -5.7522063e+00
  -3.7645745e+00
   3.9825548e+00
   1.5375705e+00
  -5.1313555e-01
   5.4136120e+00
  -1.1323175e+00
  -2.1956833e+00
  -3.5741283e-01
   2.9026631e+00
  -2.6673109e+00
   2.1703802e+00
  -5.1968540e-01
  -1.3410702e+00
   1.4997945e+00
  -2.4609845e+00
  -1.9199851e+00
  -2.4313993e+00
  -3.9505397e+00
   3.2364536e+00
   3.1782863e+00
   1.5860126e+00
   1.7215350e-02
   9.8566223e-01
   5.1774494e+00
   3.1942404e+00
   8.0949966e-01
   4.7169423e-01
   5.5454043e+00
  -1.5200382e+00
  -5.1376759e+00
  -4.0853871e+00
   3.9927210e+00
  -9.4800766e-01
   1.5574411e+00
  -3.6238961e+00
  -2.3949937e+00
  -4.5433249e-01
   5.5775254e+00
  -2.9968375e+00
   1.1030927e+00
   2.5517727e+00
   4.4449189e+00
   1.8377092e+00
  -4.5697152e+00
  -5.4303789e+00
  -3.9551429e+00
   4.7711784e+00
   2.6154544e-01
  -1.3104544e+00
   1.8394647e+00
   5.5475061e+00
  -5.6799659e+00
  -4.5459976e+00
  -4.4444300e+00
   2.2235229e+00
   4.5246429e+00
   4.5732912e+00
   2.2889455e+00
  -5.1793730e+00
  -4.8482312e+00
  -1.0622399e-01
   2.6120777e+00
  -1.5780077e+00
   4.3507019e+00
   3.4768535e+00
   1.0378158e+00
  -4.7607757e+00
   1.7814042e+00
  -5.8122526e+00
   1.6395560e+00
  -2.1704622e+00
   5.6198843e+00
  -9.8013463e-01
   4.6282741e+00
  -2.2392983e+00
  -3.5099108e+00
  -2.2307823e+00
   3.8007127e+00
  -4.0961604e+00
  -6.2185595e-01
   6.7555550e-01
  -4.8720802e+00
   7.7132685e-01
   2.0984452e+00
   4.3855699e-02
  -5.5183378e+00
  -3.2480572e+00
   2.5133824e+00
   5.5960418e+00
   5.2668803e+00
  -1.3446342e+00
  -8.8561647e-01
  -7.3552017e-01
  -3.3413275e+00
  -4.0920192e+00
  -5.7231152e+00
  -5.6036109e+00
   4.9645294e-01
   1.5331934e+00
  -4.6706597e+00
  -3.8530962e+00
   2.3782467e+00
   9.6608335e-01
   2.7003318e+00
   5.9580764e+00
   4.1312350e+00
   5.1190981e+00
  -2.5965350e+00
  -5.2429125e+00
   5.6040256e+00
   2.8298448e+00
  -4.3730363e+00
  -4.5954282e+00
   1.5439855e-01
   5.6715064e+00
   2.9134285e+00
   2.3991298e+00
  -5.3444579e+00
  -5.2746499e+00
   5.7686843e+00
   4.4665403e-01
   5.4584898e+00
  -8.0002813e-01
  -1.3175135e+00
  -2.3680347e+00
   4.9564141e+00
  -4.2894871e+00
  -5.5896373e+00
  -2.2370656e+00
   1.8765703e+00
  -2.9872700e+00
   7.9108662e-01
   3.5991608e+00
  -4.5356775e+00
  -4.8025483e+00
   5.8891504e+00
  -4.7350502e+00
   4.0978999e+00
   3.0425009e+00
   2.9901717e+00
  -4.7448435e+00
  -1.4927058e+00
  -2.6536881e+00
  -1.3756065e+00
   3.2299396e+00
   3.4716437e+00
  -4.1115404e+00
   2.8058632e+00
   5.9020825e+00
  -8.1748594e-02
   4.8334536e+00
   2.5736565e+00
  -4.5744103e-01
  -7.3721563e-01
   2.3773812e-01
   4.3235944e+00
   3.3289020e+00
   3.5834179e+00
   5.2562269e+00
   1.3960384e+00
   5.3438823e+00
  -5.0275258e+00
  -1.1054935e+00
   2.7503226e+00
  -3.6962447e+00
   1.3143527e+00
  -5.0819208e+00
   1.0454182e-01
   2.3528176e+00
  -1.5647232e+00
  -4.6712635e+00
  -4.4242150e+00
   4.6148304e+00
   1.9358105e+00
   3.2818389e-01
  -5.8481460e+00
  -5.1395108e+00
   2.1697426e+00
   7.0213363e-01
  -6.1671713e-01
   4.4354993e+00
  -2.9604424e-01
   2.2935538e+00
  -1.6868336e+00
  -5.1943586e+00
  -1.7762353e+00
   4.9455234e+00
  -4.5967372e+00
   5.1069929e+00
  -5.7833661e+00
  -6.4895748e-01
   4.1735179e-01
   1.0886678e-01
  -7.0740125e-01
   5.1832079e+00
   4.4724474e+00
   1.0657525e+00
  -7.8573211e-01
  -5.8613927e+00
   1.5321501e-01
  -1.4715474e+00
  -2.6773122e+00
   1.5122645e+00
  -3.4663821e+00
   3.4161016e+00
   2.3449417e+00
  -5.6079778e+00
   7.2679597e-01
   3.8315516e+00
   5.0514444e+00
   2.7382537e+00
  -2.0435054e+00
   5.1098409e+00
  -9.8876785e-02
   3.0405781e-02
  -1.3040635e-02
   1.5365540e+00
   1.0382544e+00
  -4.0107682e+00
   4.9387947e+00
  -2.2938883e-01
   4.5407619e+00
   2.5701827e+00
  -1.0697169e+00
   3.9835849e+00
  -3.3242774e+00
  -4.2087665e+00
   9.2898335e-01
   2.8391350e+00
   2.1287330e+00
  -3.3906523e+00
   3.6038854e+00
   1.8664284e+00
  -3.4212615e+00
  -2.3958778e+00
   2.1129171e+00
  -1.7024638e-01
   4.2712680e+00
   3.3577705e+00
   5.8867707e+00
   4.4298931e+00
   2.7554844e+00
  -5.9363972e+00
   1.0413930e+00
  -1.3840977e+00
   5.7530446e+00
   4.9287481e+00
  -2.4180150e+00
   4.2869613e+00
   5.3944946e+00
   4.3742752e-01
   2.2465037e+00
   8.2704532e-01
   3.1575796e+00
   2.9129512e+00
   1.1848600e+00
   4.9325123e+00
  -1.1727728e-01
  -3.1471001e+00
  -2.1140454e+00
  -3.3181817e+00
   3.2544752e+00
  -1.2286879e+00
   2.3281988e+00
   4.1814370e+00
  -8.1664955e-04
   3.6114772e+00
  -3.7374392e-01
  -4.3120811e+00
   3.4353242e+00
  -5.9460874e-01
  -5.5533901e-02
   5.8099621e-01
  -7.8785989e-01
   2.8629196e-01
  -2.6242079e+00
   2.2173536e+00
   1.5635171e+00
   5.3890567e+00
   2.5818555e+00
   1.8784942e+00
  -2.1956313e+00
  -1.9101912e+00
   4.6301771e+00
   2.6902804e+00
  -1.1868649e+00
  -4.2209555e+00
   3.0667389e+00
  -1.1889042e+00
   1.9484365e+00
   3.2312527e+00
  -2.8518169e+00
   4.4024432e+00
   1.3582577e+00
   2.0162817e+00
   1.5835559e+00
  -4.7758593e-01
   3.2096087e+00
   2.1844051e+00
  -2.5315409e+00
   3.7880294e+00
  -4.1947243e-01
   5.3260374e+00
  -4.1846210e+00
   3.8991890e+00
  -2.8882309e+00
  -5.8505903e+00
  -1.0640174e+00
  -1.1686524e+00
   4.9989185e+00
  -9.4126648e-01
  -2.4505857e+00
  -9.3173135e-01
   2.7252324e+00
  -3.4626946e-01
   4.5926623e+00
   8.0583883e-01
   1.4637536e+00
  -4.8110931e+00
   3.5596412e+00
   2.8322113e+00
  -1.6330979e+00
  -7.5988395e-01
  -4.9771104e+00
   5.2046551e+00
  -2.1305705e+00
  -5.0396792e-01
  -4.9449066e+00
  -5.5699697e+00
   4.0536300e+00
  -5.3014732e+00
   5.9694967e+00
   5.2719019e+00
   3.6968946e+00
  -3.2686494e+00
  -2.9393103e+00
   4.3109022e+00
   4.7910846e+00
  -3.1047349e+00
   3.9922038e+00
  -5.4884696e-01
   3.9685758e-01
   1.8920982e+00
  -3.2636725e+00
  -1.5747334e+00
   5.4114241e+00
  -5.8367119e+00
  -3.7023821e-01
   4.8485656e+00
   2.1855511e+00
  -5.5069095e+00
  -5.1986188e-01
  -1.6854070e+00
   3.8080558e+00
   1.9471826e+00
   3.0004777e-01
   3.2034882e+00
  -5.8549480e+00
  -2.7430768e+00
   5.8576205e+00
   5.4673425e+00
   5.5455438e+00
   2.7231504e+00
   1.7265790e+00
  -4.8620959e+00
   2.3258145e+00
  -1.7961470e-01
  -3.0207152e+00
   3.9325958e+00
  -1.1139038e+00
  -4.4410516e-01
   7.9605079e-01
  -3.8249769e+00
   2.3626155e+00
  -7.2018940e-01
  -5.4199826e+00
   4.0506943e+00
   7.4287103e-01
  -2.4957764e-01
  -2.3905625e+00
   2.1552006e+00
   5.6329314e+00
   4.4055920e-01
   1.6690151e+00
   4.7149706e+00
  -1.5994401e+00
  -3.6835618e+00
  -3.2395414e+00
   2.4588852e+00
   1.6123449e+00
  -3.6944256e+00
  -2.7131723e+00
  -3.9459023e+00
  -5.6699446e+00
   1.7827713e+00
  -3.3141376e+00
   1.5817683e+00
   1.8328722e+00
  -7.0687270e-01
  -4.5501100e+00
  -2.6968171e+00
   3.8088717e+00
  -7.4071529e-01
  -1.4739409e+00
  -3.4658325e+00
  -9.0419196e-01
   5.3513061e+00
   1.5128279e+00
  -3.6472057e+00
   4.3768943e+00
  -2.3324892e+00
   5.3517070e+00
   3.6408950e-02
  -2.3921437e-02
  -5.1417985e+00
  -4.3447479e+00
  -1.5226447e+00
   4.9214031e+00
  -5.8840626e+00
  -4.0519699e-01
   4.5737871e+00
  -7.8133068e-02
   3.3208370e+00
  -2.4897351e+00
   2.9684469e+00
  -4.4480885e+00
  -1.8543462e+00
  -9.9544818e-01
   1.2583462e-01
  -3.4732613e+00
   5.4757660e+00
   2.5705364e+00
  -1.5909420e+00
  -4.3528249e+00
  -1.0908551e+00
  -3.3044725e+00
   5.9271969e+00
   5.5190790e+00
  -2.2316625e+00
   3.4931513e+00
  -1.3526635e-01
   2.4709513e-01
  -1.1489559e+00
   3.4933523e+00
  -4.0392727e+00
   5.0510807e+00
   2.1361526e+00
   3.7978474e+00
  -5.0842534e+00
  -2.3212631e+00
  -1.4179119e+00
  -1.8514352e+00
  -1.8477784e+00
  -2.2686725e-01
  -3.2777723e+00
  -5.2444863e+00
  -3.5342226e+00
   5.9778713e+00
   5.6791812e+00
  -2.5040175e-01
  -2.5701686e+00
   3.1454341e+00
  -3.9087595e+00
  -5.6547221e+00
   8.7167816e-01
  -5.5338415e+00
   2.8753141e+00
   3.2450943e+00
  -5.7638977e+00
  -5.1647711e+00
   5.5424269e+00
   4.1852012e+00
  -5.4504055e+00
   3.6046719e+00
  -2.5453683e+00
  -1.8651790e+00
   1.6346896e+00
   1.5350875e+00
   3.2631933e+00
  -2.8994946e+00
   4.2023198e+00
   2.5537777e-02
   3.5400589e+00
  -4.5550521e+00
   2.3977308e+00
  -2.5246843e+00
  -5.5054006e+00
   2.2175069e+00
   3.2213109e+00
   2.7805985e+00
  -2.4878621e+00
  -1.7291457e+00
  -2.3149960e+00
  -1.2349775e-01
   2.0077087e+00
   4.4698036e+00
   4.8929263e+00
  -1.8776512e+00
  -5.5594520e-02
   1.3667278e+00
  -4.1085616e+00
  -5.7591955e+00
  -2.9717461e+00
   2.8141634e+00
   5.7420049e+00
  -3.9146158e+00
   4.3188490e+00
   1.9820284e+00
  -4.3983476e+00
  -1.6613110e+00
  -4.8226245e+00
  -5.9310077e-01
   3.9124282e+00
   4.1175464e+00
  -2.1352236e+00
   1.2400564e+00
   2.3903459e+00
   1.6407760e+00
  -4.7981062e+00
   4.2784697e+00
  -3.8776703e+00
   2.9141755e+00
   5.3703571e+00
  -2.0718718e+00
   3.5591118e+00
  -1.2574190e+00
   5.9221622e+00
   3.5401158e+00
  -9.3500481e-01
   5.8227290e+00
  -3.8992425e+00
   2.7358666e-01
   5.0746272e+00
  -5.2139049e+00
  -5.9068371e+00
   1.8357063e+00
  -5.0381339e+00
  -2.4788354e-01
  -3.6600098e+00
   4.7682511e+00
   3.8449786e+00
  -5.6505291e+00
  -4.6388276e+00
   1.0508157e+00
  -3.9116712e+00
   2.3954323e+00
   2.7769783e+00
  -1.7145344e+00
   5.7397380e+00
   6.7892092e-01
   5.5968477e+00
  -5.5823329e+00
  -1.8031048e+00
   3.9583354e+00
  -4.6094709e+00
   8.4383501e-01
   4.3632206e+00
  -5.7932649e+00
  -2.8622767e+00
  -2.4797837e+00
  -1.7237975e+00
   3.2132773e+00
  -5.6927638e+00
   2.9316661e+00
  -5.2194148e+00
  -7.1820474e-01
  -3.5705951e+00
  -1.4820643e+00
  -2.5118341e+00
   1.6753182e+00
  -5.8359922e+00
   4.7615544e+00
  -1.5832705e+00
  -5.3389874e+00
   1.5051566e-01
  -5.2322576e-01
   5.7752988e+00
  -5.3556480e-01
  -3.1551920e+00
   4.7085699e+00
  -1.9924758e+00
  -2.8829314e+00
  -3.0457595e+00
  -4.4701540e+00
   2.7993326e+00
  -5.8451107e+00
   4.5223897e+00
  -6.5792318e-01
   1.0841836e+00
   2.3441717e-01
   3.7055240e-01
  -2.2094491e-01
   3.9158892e+00
   2.0104137e-01
   3.5717108e+00
   5.8481235e+00
   1.4750478e+00
  -5.5070346e+00
  -5.6468044e+00
  -4.3196866e+00
   3.5196403e+00
   3.7928711e+00
  -1.0376145e+00
   3.3624709e+00
  -2.7996932e-01
  -1.1623878e+00
   5.8007338e+00
  -4.3470317e+00
   2.4419833e+00
  -2.0250649e+00
  -4.3564716e+00
  -1.5724689e-01
  -2.0312202e+00
   1.4170083e+00
  -5.5717300e+00
   2.2082184e+00
   3.6065657e+00
  -4.0562153e+00
   5.2217587e+00
  -4.5732856e-02
   2.9623284e+00
  -3.7669370e-01
   2.9794388e+00
  -5.2218388e+00
   1.5916683e+00
  -2.0362891e+00
   2.1570746e+00
  -8.1266989e-01
  -4.8308428e+00
   3.9637911e+00
  -2.2610696e+00
  -5.2424310e+00
   5.6782911e+00
  -1.0048096e+00
  -3.5104620e+00
  -1.9242371e+00
  -1.7872173e+00
   4.9379009e+00
   2.8705596e+00
   4.6632271e+00
  -1.3021350e-01
  -3.9770220e-01
  -7.9915978e-01
   2.6370913e+00
  -7.1520568e-01
   1.6873156e+00
   7.0551561e-01
   5.2186952e+00
  -4.3187979e-01
   9.8773817e-02
   2.8549176e+00
   5.3369036e+00
   5.3168328e+00
   4.6131493e+00
  -2.4244418e+00
  -3.1090916e+00
  -4.7235925e-01
  -7.5922420e-01
   1.6764944e+00
   5.2791868e+00
   1.7965168e+00
  -5.2584597e-02
  -3.0536843e+00
  -4.6399752e+00
   2.0955909e+00
  -3.4435478e+00
   3.8665264e+00
   2.9949700e+00
   5.4700159e+00
  -2.3022969e+00
   2.1660066e-03
   2.7321460e+00
   1.0647526e+00
  -4.5128789e+00
   4.7581830e+00
  -3.8841468e+00
   1.3982249e-01
  -3.9805119e+00
  -2.3843580e+00
   5.9030585e-01
  -3.1740510e+00
   2.5101492e-01
   8.8933477e-03
   3.1075166e+00
   2.5784964e+00
   4.7365494e+00
   3.4837704e+00
   4.4972854e+00
  -7.4905771e-02
  -5.1461733e+00
   4.4527988e+00
  -5.7320580e+00
   1.2107195e+00
   5.4535710e+00
   3.2309965e+00
   7.2431105e-01
  -5.1337757e+00
   3.2695796e+00
   1.0867129e+00
   2.0383969e+00
  -3.7438989e+00
  -1.7606903e+00
  -4.0024794e+00
  -4.0545538e-01
  -2.3029656e+00
  -4.6642292e+00
  -3.1336488e+00
   3.4451874e+00
   3.9918088e-02
  -5.5776639e+00
   2.7771132e+00
  -5.3808464e+00
  -4.3477548e+00
  -2.7528804e+00
  -7.3942355e-01
   4.7993052e+00
   4.2882482e-02
   2.5087396e-01
  -3.2175211e+00
  -1.9413240e+00
  -3.3447211e+00
  -5.8341183e+00
  -4.6375809e+00
   6.1114536e-01
   1.0502203e+00
  -2.3199614e+00
   3.5762134e-01
  -3.8996843e+00
  -1.6875921e+00
   3.2169534e+00
   1.7045755e+00
  -4.6831025e+00
   2.6564400e+00
   5.7378960e+00
   5.2124801e+00
  -3.3433808e+00
  -5.7959679e+00
   4.3479851e+00
  -2.5679750e+00
   5.9637033e-01
  -1.1091075e-02
  -4.9783354e-01
   3.8790855e-01
   5.8247345e+00
   5.1854981e-01
  -4.2346060e+00
   4.1838155e+00
   2.3974530e+00
   1.1795289e+00
  -1.9384019e+00
  -3.0752302e+00
  -5.1077629e+00
  -4.9052410e+00
   3.1753623e+00
   2.8837061e+00
   2.0227830e+00
  -3.3903011e+00
   4.8082840e+00
  -2.5695450e+00
  -3.2438294e+00
   4.5439506e+00
   1.8104641e+00
   5.8317663e-01
   1.0521793e+00
  -2.0531082e+00
   3.2578320e-01
   2.6602849e+00
   5.3219631e+00
   8.3608044e-01
   4.0898517e+00
   2.5790968e+00
   4.7248809e+00
  -4.9280695e+00
   3.6588357e+00
   4.5850151e+00
  -3.8287340e+00
   5.2142201e+00
  -4.9303649e+00
  -2.1722978e-01
  -3.6396603e+00
   5.0695159e+00
  -1.3418989e+00
  -5.0329143e+00
  -1.1160806e-02
  -3.0831982e-02
   1.5761464e+00
   4.1613283e+00
   1.6728180e+00
   4.4072662e+00
   2.4985931e+00
   4.4266350e+00
   4.3055764e+00
  -4.6546408e+00
  -3.1027149e+00
  -6.6434356e-01
  -6.6355746e-01
   1.8303368e+00
   1.9998889e+00
   1.0811089e+00
   5.0921094e+00
   5.9949387e-01
  -1.6607284e+00
   2.9803739e+00
  -3.9212596e+00
  -5.3621115e+00
  -5.3571659e+00
   5.9250167e+00
   1.4043022e+00
   4.5240819e-01
  -1.9004991e+00
  -2.8050553e+00
   5.5314892e+00
  -5.4969686e-01
  -3.0015419e+00
  -5.9162002e+00
  -5.1649638e+00
  -4.5520089e+00
   4.2320593e+00
  -1.6522431e+00
  -5.2855233e+00
   1.7913691e-01
  -5.2012825e+00
  -5.2628286e-01
   2.4008477e+00
  -6.6479488e-01
   2.5788719e+00
  -1.6175940e+00
  -5.4012399e-01
   3.8311737e+00
   8.9429101e-01
   8.5526458e-02
  -2.2968391e+00
   5.1505984e+00
  -3.4833464e+00
   3.3628244e+00
  -1.5603516e+00
  -3.5493644e+00
   5.2419372e-01
   4.5808625e-01
   5.0463353e+00
   5.3499408e+00
  -8.8466923e-01
   4.9605616e+00
   4.7327400e+00
   4.8261738e-01
  -2.8816370e+00
  -5.3460138e+00
   2.7624412e+00
  -2.7542590e+00
   5.9023111e+00
   1.0729887e+00
   5.9158553e+00
   2.4210964e+00
  -5.6213903e+00
  -4.2780603e-01
  -1.1968122e+00
   2.3506004e-01
   7.3199741e-01
  -5.4928662e+00
   4.6554468e+00
  -4.0676069e+00
  -3.3105210e+00
  -1.2787853e+00
  -1.1015195e+00
   4.5423917e+00
  -1.4072866e-02
   2.4878551e+00
  -1.5389166e+00
  -1.6028578e+00
   1.8435516e+00
  -4.6523689e+00
  -4.3016889e+00
   5.1240037e+00
   3.9393696e+00
   1.5491087e+00
  -5.4969722e+00
  -2.1907741e+00
   4.9255642e+00
   3.7163823e+00
  -1.4554313e+00
  -2.8432507e+00
  -2.6135020e+00
  -3.9901534e+00
   6.2198333e-01
   3.7767713e+00
   5.9574874e+00
  -1.8258059e-01
   1.1609007e+00
  -1.7351492e+00
  -2.8527228e+00
   1.6394832e+00
   4.8305817e+00
  -3.0723002e+00
   9.7516487e-01
  -4.9064449e+00
  -1.3265655e+00
  -1.1695781e-01
   5.4291581e+00
  -2.1039557e+00
   6.3058082e-01
  -6.8712206e-01
   5.8757289e+00
  -2.8197680e+00
  -1.1755023e+00
  -5.3728554e+00
   7.8727680e-01
  -2.7124603e+00
   3.4991202e+00
  -5.2330319e+00
  -5.8939292e+00
   2.0410595e+00
  -3.5593463e+00
   9.7676460e-02
  -3.0540829e+00
  -9.6108235e-01
  -5.6535186e+00
   7.8818263e-01
   2.9949686e+00
  -5.4332212e+00
  -2.6688342e+00
   4.2223372e+00
   5.9541646e-02
   1.8999656e+00
   1.2139125e+00
  -5.2780166e+00
  -1.7671475e+00
   2.5325133e+00
   1.9100350e-01
   3.8304633e+00
   2.3151493e+00
  -3.1322439e+00
   4.4602678e+00
   1.7880492e-01
  -1.3460219e+00
  -4.6664291e+00
  -8.7259080e-01
  -2.6581392e+00
   1.0825592e+00
  -1.0231630e-01
   1.1996805e-02
  -2.3404289e-01
  -9.6636300e-01
  -4.2885883e+00
   4.7866612e+00
  -1.3731879e+00
   5.1458288e+00
  -1.9108451e-01
   4.2270925e+00
   2.9707087e+00
   5.4310903e+00
   1.9266768e+00
   2.6116620e+00
  -1.9499932e+00
  -1.8082597e+00
  -5.1115952e-01
   4.1308189e-02
  -5.7768767e-01
   1.0707667e-01
  -2.4840382e+00
   5.8211478e+00
  -1.8608452e+00
  -1.8830513e+00
   9.6095332e-01
  -2.8989054e+00
  -4.3678547e+00
   4.7975894e+00
  -3.0556945e+00
  -1.4982090e+00
   4.8394212e+00
   5.7355736e+00
   5.7699287e+00
  -3.2434509e+00
  -5.7612719e+00
   1.8808029e+00
  -4.4883021e+00
  -1.2761653e+00
  -5.5024260e+00
   4.9784831e+00
   1.1707598e+00
   4.3724066e+00
  -7.9604591e-01
   7.7191259e-01
  -1.1933723e+00
  -5.0165725e+00
   1.7489626e+00
  -4.7958320e+00
   3.1565855e+00
  -1.5547037e+00
   7.8900152e-01
  -5.4054510e-01
   4.8690768e+00
   3.8106807e-01
  -9.2890486e-01
   5.8001094e-01
   4.9787186e+00
   4.8838026e+00
   5.8142277e+00
   1.1420279e+00
  -1.3410161e+00
  -5.7522063e+00
  -3.7645745e+00
   3.9825548e+00
   1.5375705e+00
  -5.1313555e-01
   5.4136120e+00
  -1.1323175e+00
  -2.1956833e+00
  -3.5741283e-01
   2.9026631e+00
  -2.6673109e+00
   2.1703802e+00
  -5.1968540e-01
  -1.3410702e+00
   1.4997945e+00
  -2.4609845e+00
  -1.9199851e+00
  -2.4313993e+00
  -3.9505397e+00
   3.2364536e+00
   3.1782863e+00
   1.5860126e+00
   1.7215350e-02
   9.8566223e-01
   5.1774494e+00
   3.1942404e+00
   8.0949966e-01
   4.7169423e-01
   5.5454043e+00
  -1.5200382e+00
  -5.1376759e+00
  -4.0853871e+00
   3.9927210e+00
  -9.4800766e-01
   1.5574411e+00
  -3.6238961e+00
  -2.3949937e+00
  -4.5433249e-01
   5.5775254e+00
  -2.9968375e+00
   1.1030927e+00
   2.5517727e+00
   4.4449189e+00
   1.8377092e+00
  -4.5697152e+00
  -5.4303789e+00
  -3.9551429e+00
   4.7711784e+00
   2.6154544e-01
  -1.3104544e+00
   1.8394647e+00
   5.5475061e+00
  -5.6799659e+00
  -4.5459976e+00
  -4.4444300e+00
   2.2235229e+00
   4.5246429e+00
   4.5732912e+00
   2.2889455e+00
  -5.1793730e+00
  -4.8482312e+00
  -1.0622399e-01
   2.6120777e+00
  -1.5780077e+00
   4.3507019e+00
   3.4768535e+00
   1.0378158e+00
  -4.7607757e+00
   1.7814042e+00
  -5.8122526e+00
   1.6395560e+00
  -2.1704622e+00
   5.6198843e+00
  -9.8013463e-01
   4.6282741e+00
  -2.2392983e+00
  -3.5099108e+00
  -2.2307823e+00
   3.8007127e+00
  -4.0961604e+00
  -6.2185595e-01
   6.7555550e-01
  -4.8720802e+00
   7.7132685e-01
   2.0984452e+00
   4.3855699e-02
  -5.5183378e+00
  -3.2480572e+00
   2.5133824e+00
   5.5960418e+00
   5.2668803e+00
  -1.3446342e+00
  -8.8561647e-01
  -7.3552017e-01
  -3.3413275e+00
  -4.0920192e+00
  -5.7231152e+00
  -5.6036109e+00
   4.9645294e-01
   1.5331934e+00
  -4.6706597e+00
  -3.8530962e+00
   2.3782467e+00
   9.6608335e-01
   2.7003318e+00
   5.9580764e+00
   4.1312350e+00
   5.1190981e+00
  -2.5965350e+00
  -5.2429125e+00
   5.6040256e+00
   2.8298448e+00
  -4.3730363e+00
  -4.5954282e+00
   1.5439855e-01
   5.6715064e+00
   2.9134285e+00
   2.3991298e+00
  -5.3444579e+00
  -5.2746499e+00
   5.7686843e+00
   4.4665403e-01
   5.4584898e+00
  -8.0002813e-01
  -1.3175135e+00
  -2.3680347e+00
   4.9564141e+00
  -4.2894871e+00
  -5.5896373e+00
  -2.2370656e+00
   1.8765703e+00
  -2.9872700e+00
   7.9108662e-01
   3.5991608e+00
  -4.5356775e+00
  -4.8025483e+00
   5.8891504e+00
  -4.7350502e+00
   4.0978999e+00
   3.0425009e+00
   2.9901717e+00
  -4.7448435e+00
  -1.4927058e+00
  -2.6536881e+00
  -1.3756065e+00
   3.2299396e+00
   3.4716437e+00
  -4.1115404e+00
   2.8058632e+00
   5.9020825e+00
  -8.1748594e-02
   4.8334536e+00
   2.5736565e+00
  -4.5744103e-01
  -7.3721563e-01
   2.3773812e-01
   4.3235944e+00
   3.3289020e+00
   3.5834179e+00
   5.2562269e+00
   1.3960384e+00
   5.3438823e+00
  -5.0275258e+00
  -1.1054935e+00
   2.7503226e+00
  -3.6962447e+00
   1.3143527e+00
  -5.0819208e+00
   1.0454182e-01
   2.3528176e+00
  -1.5647232e+00
  -4.6712635e+00
  -4.4242150e+00
   4.6148304e+00
   1.9358105e+00
   3.2818389e-01
  -5.8481460e+00
  -5.1395108e+00
   2.1697426e+00
   7.0213363e-01
  -6.1671713e-01
   4.4354993e+00
  -2.9604424e-01
   2.2935538e+00
  -1.6868336e+00
  -5.1943586e+00
  -1.7762353e+00
   4.9455234e+00
  -4.5967372e+00
   5.1069929e+00
  -5.7833661e+00
  -6.4895748e-01
   4.1735179e-01
   1.0886678e-01
  -7.0740125e-01
   5.1832079e+00
   4.4724474e+00
   1.0657525e+00
  -7.8573211e-01
  -5.8613927e+00
   1.5321501e-01
  -1.4715474e+00
  -2.6773122e+00
   1.5122645e+00
  -3.4663821e+00
   3.4161016e+00
   2.3449417e+00
  -5.6079778e+00
   7.2679597e-01
   3.8315516e+00
   5.0514444e+00
   2.7382537e+00
  -2.0435054e+00
   5.1098409e+00
  -9.8876785e-02
   3.0405781e-02
  -1.3040635e-02
   1.5365540e+00
   1.0382544e+00
  -4.0107682e+00
   4.9387947e+00
  -2.2938883e-01
   4.5407619e+00
   2.5701827e+00
  -1.0697169e+00
   3.9835849e+00
  -3.3242774e+00
  -4.2087665e+00
   9.2898335e-01
   2.8391350e+00
   2.1287330e+00
  -3.3906523e+00
   3.6038854e+00
   1.8664284e+00
  -3.4212615e+00
  -2.3958778e+00
   2.1129171e+00
  -1.7024638e-01
   4.2712680e+00
   3.3577705e+00
   5.8867707e+00
   4.4298931e+00
   2.7554844e+00
  -5.9363972e+00
   1.0413930e+00
  -1.3840977e+00
   5.7530446e+00
   4.9287481e+00
  -2.4180150e+00
   4.2869613e+00
   5.3944946e+00
   4.3742752e-01
   2.2465037e+00
   8.2704532e-01
   3.1575796e+00
   2.9129512e+00
   1.1848600e+00
   4.9325123e+00
  -1.1727728e-01
  -3.1471001e+00
  -2.1140454e+00
  -3.3181817e+00
   3.2544752e+00
  -1.2286879e+00
   2.3281988e+00
   4.1814370e+00
  -8.1664955e-04
   3.6114772e+00
  -3.7374392e-01
  -4.3120811e+00
   3.4353242e+00
  -5.9460874e-01
  -5.5533901e-02
   5.8099621e-01
  -7.8785989e-01
   2.8629196e-01
  -2.6242079e+00
   2.2173536e+00
   1.5635171e+00
   5.3890567e+00
   2.5818555e+00
   1.8784942e+00
  -2.1956313e+00
  -1.9101912e+00
   4.6301771e+00
   2.6902804e+00
  -1.1868649e+00
  -4.2209555e+00
   3.0667389e+00
  -1.1889042e+00
   1.9484365e+00
   3.2312527e+00
  -2.8518169e+00
   4.4024432e+00
   1.3582577e+00
   2.0162817e+00
   1.5835559e+00
  -4.7758593e-01
   3.2096087e+00
   2.1844051e+00
  -2.5315409e+00
   3.7880294e+00
  -4.1947243e-01
   5.3260374e+00
  -4.1846210e+00
   3.8991890e+00
  -2.8882309e+00
  -5.8505903e+00
  -1.0640174e+00
  -1.1686524e+00
   4.9989185e+00
  -9.4126648e-01
  -2.4505857e+00
  -9.3173135e-01
   2.7252324e+00
  -3.4626946e-01
   4.5926623e+00
   8.0583883e-01
   1.4637536e+00
  -4.8110931e+00
   3.5596412e+00
   2.8322113e+00
  -1.6330979e+00
  -7.5988395e-01
  -4.9771104e+00
   5.2046551e+00
  -2.1305705e+00
  -5.0396792e-01
  -4.9449066e+00
  -5.5699697e+00
   4.0536300e+00
  -5.3014732e+00
   5.9694967e+00
   5.2719019e+00
   3.6968946e+00
  -3.2686494e+00
  -2.9393103e+00
   4.3109022e+00
   4.7910846e+00
  -3.1047349e+00
   3.9922038e+00
  -5.4884696e-01
   3.9685758e-01
   1.8920982e+00
  -3.2636725e+00
  -1.5747334e+00
   5.4114241e+00
  -5.8367119e+00
  -3.7023821e-01
   4.8485656e+00
   2.1855511e+00
  -5.5069095e+00
  -5.1986188e-01
  -1.6854070e+00
   3.8080558e+00
   1.9471826e+00
   3.0004777e-01
   3.2034882e+00
  -5.8549480e+00
  -2.7430768e+00
   5.8576205e+00
   5.4673425e+00
   5.5455438e+00
   2.7231504e+00
   1.7265790e+00
  -4.8620959e+00
   2.3258145e+00
  -1.7961470e-01
  -3.0207152e+00
   3.9325958e+00
  -1.1139038e+00
  -4.4410516e-01
   7.9605079e-01
  -3.8249769e+00
   2.3626155e+00
  -7.2018940e-01
  -5.4199826e+00
   4.0506943e+00
   7.4287103e-01
  -2.4957764e-01
  -2.3905625e+00
   2.1552006e+00
   5.6329314e+00
   4.4055920e-01
   1.6690151e+00
   4.7149706e+00
  -1.5994401e+00
  -3.6835618e+00
  -3.2395414e+00
   2.4588852e+00
   1.6123449e+00
  -3.6944256e+00
  -2.7131723e+00
  -3.9459023e+00
  -5.6699446e+00
   1.7827713e+00
  -3.3141376e+00
   1.5817683e+00
   1.8328722e+00
  -7.0687270e-01
  -4.5501100e+00
  -2.6968171e+00
   3.8088717e+00
  -7.4071529e-01
  -1.4739409e+00
  -3.4658325e+00
  -9.0419196e-01
   5.3513061e+00
   1.5128279e+00
  -3.6472057e+00
   4.3768943e+00
  -2.3324892e+00
   5.3517070e+00
   3.6408950e-02
  -2.3921437e-02
  -5.1417985e+00
  -4.3447479e+00
  -1.5226447e+00
   4.9214031e+00
  -5.8840626e+00
  -4.0519699e-01
   4.5737871e+00
  -7.8133068e-02
   3.3208370e+00
  -2.4897351e+00
   2.9684469e+00
  -4.4480885e+00
  -1.8543462e+00
  -9.9544818e-01
   1.2583462e-01
  -3.4732613e+00
   5.4757660e+00
   2.5705364e+00
  -1.5909420e+00
  -4.3528249e+00
  -1.0908551e+00
  -3.3044725e+00
   5.9271969e+00
   5.5190790e+00
  -2.2316625e+00
   3.4931513e+00
  -1.3526635e-01
   2.4709513e-01
  -1.1489559e+00
   3.4933523e+00
  -4.0392727e+00
   5.0510807e+00
   2.1361526e+00
   3.7978474e+00
  -5.0842534e+00
  -2.3212631e+00
  -1.4179119e+00
  -1.8514352e+00
  -1.8477784e+00
  -2.2686725e-01
  -3.2777723e+00
  -5.2444863e+00
  -3.5342226e+00
   5.9778713e+00
   5.6791812e+00
  -2.5040175e-01
  -2.5701686e+00
   3.1454341e+00
  -3.9087595e+00
  -5.6547221e+00
   8.7167816e-01
  -5.5338415e+00
   2.8753141e+00
   3.2450943e+00
  -5.7638977e+00
  -5.1647711e+00
   5.5424269e+00
   4.1852012e+00
  -5.4504055e+00
   3.6046719e+00
  -2.5453683e+00
  -1.8651790e+00
   1.6346896e+00
   1.5350875e+00
   3.2631933e+00
  -2.8994946e+00
   4.2023198e+00
   2.5537777e-02
   3.5400589e+00
  -4.5550521e+00
   2.3977308e+00
  -2.5246843e+00
  -5.5054006e+00
   2.2175069e+00
   3.2213109e+00
   2.7805985e+00
  -2.4878621e+00
  -1.7291457e+00
  -2.3149960e+00
  -1.2349775e-01
   2.0077087e+00
   4.4698036e+00
   4.8929263e+00
  -1.8776512e+00
  -5.5594520e-02
   1.3667278e+00
  -4.1085616e+00
  -5.7591955e+00
  -2.9717461e+00
   2.8141634e+00
   5.7420049e+00
  -3.9146158e+00
   4.3188490e+00
   1.9820284e+00
  -4.3983476e+00
  -1.6613110e+00
  -4.8226245e+00
  -5.9310077e-01
   3.9124282e+00
   4.1175464e+00
  -2.1352236e+00
   1.2400564e+00
   2.3903459e+00
   1.6407760e+00
  -4.7981062e+00
   4.2784697e+00
  -3.8776703e+00
   2.9141755e+00
   5.3703571e+00
  -2.0718718e+00
   3.5591118e+00
  -1.2574190e+00
   5.9221622e+00
   3.5401158e+00
  -9.3500481e-01
   5.8227290e+00
  -3.8992425e+00
   2.7358666e-01
   5.0746272e+00
  -5.2139049e+00
  -5.9068371e+00
   1.8357063e+00
  -5.0381339e+00
  -2.4788354e-01
  -3.6600098e+00
   4.7682511e+00
   3.8449786e+00
  -5.6505291e+00
  -4.6388276e+00
   1.0508157e+00
  -3.9116712e+00
   2.3954323e+00
   2.7769783e+00
  -1.7145344e+00
   5.7397380e+00
   6.7892092e-01
   5.5968477e+00
  -5.5823329e+00
  -1.8031048e+00
   3.9583354e+00
  -4.6094709e+00
   8.4383501e-01
   4.3632206e+00
  -5.7932649e+00
  -2.8622767e+00
  -2.4797837e+00
  -1.7237975e+00
   3.2132773e+00
  -5.6927638e+00
   2.9316661e+00
  -5.2194148e+00
  -7.1820474e-01
  -3.5705951e+00
  -1.4820643e+00
  -2.5118341e+00
   1.6753182e+00
  -5.8359922e+00
   4.7615544e+00
  -1.5832705e+00
  -5.3389874e+00
   1.5051566e-01
  -5.2322576e-01
   5.7752988e+00
  -5.3556480e-01
  -3.1551920e+00
   4.7085699e+00
  -1.9924758e+00
  -2.8829314e+00
  -3.0457595e+00
  -4.4701540e+00
   2.7993326e+00
  -5.8451107e+00
   4.5223897e+00
  -6.5792318e-01
   1.0841836e+00
   2.3441717e-01
   3.7055240e-01
  -2.2094491e-01
   3.9158892e+00
   2.0104137e-01
   3.5717108e+00
   5.8481235e+00
   1.4750478e+00
  -5.5070346e+00
  -5.6468044e+00
  -4.3196866e+00
   3.5196403e+00
   3.7928711e+00
  -1.0376145e+00
   3.3624709e+00
  -2.7996932e-01
  -1.1623878e+00
   5.8007338e+00
  -4.3470317e+00
   2.4419833e+00
  -2.0250649e+00
  -4.3564716e+00
  -1.5724689e-01
  -2.0312202e+00
   1.4170083e+00
  -5.5717300e+00
   2.2082184e+00
   3.6065657e+00
  -4.0562153e+00
   5.2217587e+00
  -4.5732856e-02
   2.9623284e+00
  -3.7669370e-01
   2.9794388e+00
  -5.2218388e+00
   1.5916683e+00
  -2.0362891e+00
   2.1570746e+00
  -8.1266989e-01
  -4.8308428e+00
   3.9637911e+00
  -2.2610696e+00
  -5.2424310e+00
   5.6782911e+00
  -1.0048096e+00
  -3.5104620e+00
  -1.9242371e+00
  -1.7872173e+00
   4.9379009e+00
   2.8705596e+00
   4.6632271e+00
  -1.3021350e-01
  -3.9770220e-01
  -7.9915978e-01
   2.6370913e+00
  -7.1520568e-01
   1.6873156e+00
   7.0551561e-01
   5.2186952e+00
  -4.3187979e-01
   9.8773817e-02
   2.8549176e+00
   5.3369036e+00
   5.3168328e+00
   4.6131493e+00
  -2.4244418e+00
  -3.1090916e+00
  -4.7235925e-01
  -7.5922420e-01
   1.6764944e+00
   5.2791868e+00
   1.7965168e+00
  -5.2584597e-02
  -3.0536843e+00
  -4.6399752e+00
   2.0955909e+00
  -3.4435478e+00
   3.8665264e+00
   2.9949700e+00
   5.4700159e+00
  -2.3022969e+00
   2.1660066e-03
   2.7321460e+00
   1.0647526e+00
  -4.5128789e+00
   4.7581830e+00
  -3.8841468e+00
   1.3982249e-01
  -3.9805119e+00
  -2.3843580e+00
   5.9030585e-01
  -3.1740510e+00
   2.5101492e-01
   8.8933477e-03
   3.1075166e+00
   2.5784964e+00
   4.7365494e+00
   3.4837704e+00
   4.4972854e+00
  -7.4905771e-02
  -5.1461733e+00
   4.4527988e+00
  -5.7320580e+00
   1.2107195e+00
   5.4535710e+00
   3.2309965e+00
   7.2431105e-01
  -5.1337757e+00
   3.2695796e+00
   1.0867129e+00
   2.0383969e+00
  -3.7438989e+00
  -1.7606903e+00
  -4.0024794e+00
  -4.0545538e-01
  -2.3029656e+00
  -4.6642292e+00
  -3.1336488e+00
   3.4451874e+00
   3.9918088e-02
  -5.5776639e+00
   2.7771132e+00
  -5.3808464e+00
  -4.3477548e+00
  -2.7528804e+00
  -7.3942355e-01
   4.7993052e+00
   4.2882482e-02
   2.5087396e-01
  -3.2175211e+00
  -1.9413240e+00
  -3.3447211e+00
  -5.8341183e+00
  -4.6375809e+00
   6.1114536e-01
   1.0502203e+00
  -2.3199614e+00
   3.5762134e-01
  -3.8996843e+00
  -1.6875921e+00
   3.2169534e+00
   1.7045755e+00
  -4.6831025e+00
   2.6564400e+00
   5.7378960e+00
   5.2124801e+00
  -3.3433808e+00
  -5.7959679e+00
   4.3479851e+00
  -2.5679750e+00
   5.9637033e-01
  -1.1091075e-02
  -4.9783354e-01
   3.8790855e-01
   5.8247345e+00
   5.1854981e-01
  -4.2346060e+00
   4.1838155e+00
   2.3974530e+00
   1.1795289e+00
  -1.9384019e+00
  -3.0752302e+00
  -5.1077629e+00
  -4.9052410e+00
   3.1753623e+00
   2.8837061e+00
   2.0227830e+00
  -3.3903011e+00
   4.8082840e+00
  -2.5695450e+00
  -3.2438294e+00
   4.5439506e+00
   1.8104641e+00
   5.8317663e-01
   1.0521793e+00
  -2.0531082e+00
   3.2578320e-01
   2.6602849e+00
   5.3219631e+00
   8.3608044e-01
   4.0898517e+00
   2.5790968e+00
   4.7248809e+00
  -4.9280695e+00
   3.6588357e+00
   4.5850151e+00
  -3.8287340e+00
   5.2142201e+00
  -4.9303649e+00
  -2.1722978e-01
  -3.6396603e+00
   5.0695159e+00
  -1.3418989e+00
  -5.0329143e+00
  -1.1160806e-02
  -3.0831982e-02
   1.5761464e+00
   4.1613283e+00
   1.6728180e+00
   4.4072662e+00
   2.4985931e+00
   4.4266350e+00
   4.3055764e+00
  -4.6546408e+00
  -3.1027149e+00
  -6.6434356e-01
  -6.6355746e-01
   1.8303368e+00
   1.9998889e+00
   1.0811089e+00
   5.0921094e+00
   5.9949387e-01
  -1.6607284e+00
   2.9803739e+00
  -3.9212596e+00
  -5.3621115e+00
  -5.3571659e+00
   5.9250167e+00
   1.4043022e+00
   4.5240819e-01
  -1.9004991e+00
  -2.8050553e+00
   5.5314892e+00
  -5.4969686e-01
  -3.0015419e+00
  -5.9162002e+00
  -5.1649638e+00
  -4.5520089e+00
   4.2320593e+00
  -1.6522431e+00
  -5.2855233e+00
   1.7913691e-01
  -5.2012825e+00
  -5.2628286e-01
   2.4008477e+00
  -6.6479488e-01
   2.5788719e+00
  -1.6175940e+00
  -5.4012399e-01
   3.8311737e+00
   8.9429101e-01
   8.5526458e-02
  -2.2968391e+00
   5.1505984e+00
  -3.4833464e+00
   3.3628244e+00
  -1.5603516e+00
  -3.5493644e+00
   5.2419372e-01
   4.5808625e-01
   5.0463353e+00
   5.3499408e+00
  -8.8466923e-01
   4.9605616e+00
   4.7327400e+00
   4.8261738e-01
  -2.8816370e+00
  -5.3460138e+00
   2.7624412e+00
  -2.7542590e+00
   5.9023111e+00
   1.0729887e+00
   5.9158553e+00
   2.4210964e+00
  -5.6213903e+00
  -4.2780603e-01
  -1.1968122e+00
   2.3506004e-01
   7.3199741e-01
  -5.4928662e+00
   4.6554468e+00
  -4.0676069e+00
  -3.3105210e+00
  -1.2787853e+00
  -1.1015195e+00
   4.5423917e+00
  -1.4072866e-02
   2.4878551e+00
  -1.5389166e+00
  -1.6028578e+00
   1.8435516e+00
  -4.6523689e+00
  -4.3016889e+00
   5.1240037e+00
   3.9393696e+00
   1.5491087e+00
  -5.4969722e+00
  -2.1907741e+00
   4.9255642e+00
   3.7163823e+00
  -1.4554313e+00
  -2.8432507e+00
  -2.6135020e+00
  -3.9901534e+00
   6.2198333e-01
   3.7767713e+00
   5.9574874e+00
  -1.8258059e-01
   1.1609007e+00
  -1.7351492e+00
  -2.8527228e+00
   1.6394832e+00
   4.8305817e+00
  -3.0723002e+00
   9.7516487e-01
  -4.9064449e+00
  -1.3265655e+00
  -1.1695781e-01
   5.4291581e+00
  -2.1039557e+00
   6.3058082e-01
  -6.8712206e-01
   5.8757289e+00
  -2.8197680e+00
  -1.1755023e+00
  -5.3728554e+00
   7.8727680e-01
  -2.7124603e+00
   3.4991202e+00
  -5.2330319e+00
  -5.8939292e+00
   2.0410595e+00
  -3.5593463e+00
   9.7676460e-02
  -3.0540829e+00
  -9.6108235e-01
  -5.6535186e+00
   7.8818263e-01
   2.9949686e+00
  -5.4332212e+00
  -2.6688342e+00
   4.2223372e+00
   5.9541646e-02
   1.8999656e+00
   1.2139125e+00
  -5.2780166e+00
  -1.7671475e+00
   2.5325133e+00
   1.9100350e-01
   3.8304633e+00
   2.3151493e+00
  -3.1322439e+00
   4.4602678e+00
   1.7880492e-01
  -1.3460219e+00
  -4.6664291e+00
  -8.7259080e-01
  -2.6581392e+00
   1.0825592e+00
  -1.0231630e-01
   1.1996805e-02
  -2.3404289e-01
  -9.6636300e-01
  -4.2885883e+00
   4.7866612e+00
  -1.3731879e+00
   5.1458288e+00
  -1.9108451e-01
   4.2270925e+00
   2.9707087e+00
   5.4310903e+00
   1.9266768e+00
   2.6116620e+00
  -1.9499932e+00
  -1.8082597e+00
  -5.1115952e-01
   4.1308189e-02
  -5.7768767e-01
   1.0707667e-01
  -2.4840382e+00
   5.8211478e+00
  -1.8608452e+00
  -1.8830513e+00
   9.6095332e-01
  -2.8989054e+00
  -4.3678547e+00
   4.7975894e+00
  -3.0556945e+00
  -1.4982090e+00
   4.8394212e+00
   5.7355736e+00
   5.7699287e+00
  -3.2434509e+00
  -5.7612719e+00
   1.8808029e+00
  -4.4883021e+00
  -1.2761653e+00
  -5.5024260e+00
   4.9784831e+00
   1.1707598e+00
   4.3724066e+00
  -7.9604591e-01
   7.7191259e-01
  -1.1933723e+00
  -5.0165725e+00
   1.7489626e+00
  -4.7958320e+00
   3.1565855e+00
  -1.5547037e+00
   7.8900152e-01
  -5.4054510e-01
   4.8690768e+00
   3.8106807e-01
  -9.2890486e-01
   5.8001094e-01
   4.9787186e+00
   4.8838026e+00
   5.8142277e+00
   1.1420279e+00
  -1.3410161e+00
  -5.7522063e+00
  -3.7645745e+00
   3.9825548e+00
   1.5375705e+00
  -5.1313555e-01
   5.4136120e+00
  -1.1323175e+00
  -2.1956833e+00
  -3.5741283e-01
   2.9026631e+00
  -2.6673109e+00
   2.1703802e+00
  -5.1968540e-01
  -1.3410702e+00
   1.4997945e+00
  -2.4609845e+00
  -1.9199851e+00
  -2.4313993e+00
  -3.9505397e+00
   3.2364536e+00
   3.1782863e+00
   1.5860126e+00
   1.7215350e-02
   9.8566223e-01
   5.1774494e+00
   3.1942404e+00
   8.0949966e-01
   4.7169423e-01
   5.5454043e+00
  -1.5200382e+00
  -5.1376759e+00
  -4.0853871e+00
   3.9927210e+00
  -9.4800766e-01
   1.5574411e+00
  -3.6238961e+00
  -2.3949937e+00
  -4.5433249e-01
   5.5775254e+00
  -2.9968375e+00
   1.1030927e+00
   2.5517727e+00
   4.4449189e+00
   1.8377092e+00
  -4.5697152e+00
  -5.4303789e+00
  -3.9551429e+00
   4.7711784e+00
   2.6154544e-01
  -1.3104544e+00
   1.8394647e+00
   5.5475061e+00
  -5.6799659e+00
  -4.5459976e+00
  -4.4444300e+00
   2.2235229e+00
   4.5246429e+00
   4.5732912e+00
   2.2889455e+00
  -5.1793730e+00
  -4.8482312e+00
  -1.0622399e-01
   2.6120777e+00
  -1.5780077e+00
   4.3507019e+00
   3.4768535e+00
   1.0378158e+00
  -4.7607757e+00
   1.7814042e+00
  -5.8122526e+00
   1.6395560e+00
  -2.1704622e+00
   5.6198843e+00
  -9.8013463e-01
   4.6282741e+00
  -2.2392983e+00
  -3.5099108e+00
  -2.2307823e+00
   3.8007127e+00
  -4.0961604e+00
  -6.2185595e-01
   6.7555550e-01
  -4.8720802e+00
   7.7132685e-01
   2.0984452e+00
   4.3855699e-02
  -5.5183378e+00
  -3.2480572e+00
   2.5133824e+00
   5.5960418e+00
   5.2668803e+00
  -1.3446342e+00
  -8.8561647e-01
  -7.3552017e-01
  -3.3413275e+00
  -4.0920192e+00
  -5.7231152e+00
  -5.6036109e+00
   4.9645294e-01
   1.5331934e+00
  -4.6706597e+00
  -3.8530962e+00
   2.3782467e+00
   9.6608335e-01
   2.7003318e+00
   5.9580764e+00
   4.1312350e+00
   5.1190981e+00
  -2.5965350e+00
  -5.2429125e+00
   5.6040256e+00
   2.8298448e+00
  -4.3730363e+00
  -4.5954282e+00
   1.5439855e-01
   5.6715064e+00
   2.9134285e+00
   2.3991298e+00
  -5.3444579e+00
  -5.2746499e+00
   5.7686843e+00
   4.4665403e-01
   5.4584898e+00
  -8.0002813e-01
  -1.3175135e+00
  -2.3680347e+00
   4.9564141e+00
  -4.2894871e+00
  -5.5896373e+00
  -2.2370656e+00
   1.8765703e+00
  -2.9872700e+00
   7.9108662e-01
   3.5991608e+00
  -4.5356775e+00
  -4.8025483e+00
   5.8891504e+00
  -4.7350502e+00
   4.0978999e+00
   3.0425009e+00
   2.9901717e+00
  -4.7448435e+00
  -1.4927058e+00
  -2.6536881e+00
  -1.3756065e+00
   3.2299396e+00
   3.4716437e+00
  -4.1115404e+00
   2.8058632e+00
   5.9020825e+00
  -8.1748594e-02
   4.8334536e+00
   2.5736565e+00
  -4.5744103e-01
  -7.3721563e-01
   2.3773812e-01
   4.3235944e+00
   3.3289020e+00
   3.5834179e+00
   5.2562269e+00
   1.3960384e+00
   5.3438823e+00
  -5.0275258e+00
  -1.1054935e+00
   2.7503226e+00
  -3.6962447e+00
   1.3143527e+00
  -5.0819208e+00
   1.0454182e-01
   2.3528176e+00
  -1.5647232e+00
  -4.6712635e+00
  -4.4242150e+00
   4.6148304e+00
   1.9358105e+00
   3.2818389e-01
  -5.8481460e+00
  -5.1395108e+00
   2.1697426e+00
   7.0213363e-01
  -6.1671713e-01
   4.4354993e+00
  -2.9604424e-01
   2.2935538e+00
  -1.6868336e+00
  -5.1943586e+00
  -1.7762353e+00
   4.9455234e+00
  -4.5967372e+00
   5.1069929e+00
  -5.7833661e+00
  -6.4895748e-01
   4.1735179e-01
   1.0886678e-01
  -7.0740125e-01
   5.1832079e+00
   4.4724474e+00
   1.0657525e+00
  -7.8573211e-01
  -5.8613927e+00
   1.5321501e-01
  -1.4715474e+00
  -2.6773122e+00
   1.5122645e+00
  -3.4663821e+00
   3.4161016e+00
   2.3449417e+00
  -5.6079778e+00
   7.2679597e-01
   3.8315516e+00
   5.0514444e+00
   2.7382537e+00
  -2.0435054e+00
   5.1098409e+00
  -9.8876785e-02
   3.0405781e-02
  -1.3040635e-02
   1.5365540e+00
   1.0382544e+00
  -4.0107682e+00
   4.9387947e+00
  -2.2938883e-01
   4.5407619e+00
   2.5701827e+00
  -1.0697169e+00
   3.9835849e+00
  -3.3242774e+00
  -4.2087665e+00
   9.2898335e-01
   2.8391350e+00
   2.1287330e+00
  -3.3906523e+00
   3.6038854e+00
   1.8664284e+00
  -3.4212615e+00
  -2.3958778e+00
   2.1129171e+00
  -1.7024638e-01
   4.2712680e+00
   3.3577705e+00
   5.8867707e+00
   4.4298931e+00
   2.7554844e+00
  -5.9363972e+00
   1.0413930e+00
  -1.3840977e+00
   5.7530446e+00
   4.9287481e+00
  -2.4180150e+00
   4.2869613e+00
   5.3944946e+00
   4.3742752e-01
   2.2465037e+00
   8.2704532e-01
   3.1575796e+00
   2.9129512e+00
   1.1848600e+00
   4.9325123e+00
  -1.1727728e-01
  -3.1471001e+00
  -2.1140454e+00
  -3.3181817e+00
   3.2544752e+00
  -1.2286879e+00
   2.3281988e+00
   4.1814370e+00
  -8.1664955e-04
   3.6114772e+00
  -3.7374392e-01
  -4.3120811e+00
   3.4353242e+00
  -5.9460874e-01
  -5.5533901e-02
   5.8099621e-01
  -7.8785989e-01
   2.8629196e-01
  -2.6242079e+00
   2.2173536e+00
   1.5635171e+00
   5.3890567e+00
   2.5818555e+00
   1.8784942e+00
  -2.1956313e+00
  -1.9101912e+00
   4.6301771e+00
   2.6902804e+00
  -1.1868649e+00
  -4.2209555e+00
   3.0667389e+00
  -1.1889042e+00
   1.9484365e+00
   3.2312527e+00
  -2.8518169e+00
   4.4024432e+00
   1.3582577e+00
   2.0162817e+00
   1.5835559e+00
  -4.7758593e-01
   3.2096087e+00
   2.1844051e+00
  -2.5315409e+00
   3.7880294e+00
  -4.1947243e-01
   5.3260374e+00
  -4.1846210e+00
   3.8991890e+00
  -2.8882309e+00
  -5.8505903e+00
  -1.0640174e+00
  -1.1686524e+00
   4.9989185e+00
  -9.4126648e-01
  -2.4505857e+00
  -9.3173135e-01
   2.7252324e+00
  -3.4626946e-01
   4.5926623e+00
   8.0583883e-01
   1.4637536e+00
  -4.8110931e+00
   3.5596412e+00
   2.8322113e+00
  -1.6330979e+00
  -7.5988395e-01
  -4.9771104e+00
   5.2046551e+00
  -2.1305705e+00
  -5.0396792e-01
  -4.9449066e+00
  -5.5699697e+00
   4.0536300e+00
  -5.3014732e+00
   5.9694967e+00
   5.2719019e+00
   3.6968946e+00
  -3.2686494e+00
  -2.9393103e+00
   4.3109022e+00
   4.7910846e+00
  -3.1047349e+00
   3.9922038e+00
  -5.4884696e-01
   3.9685758e-01
   1.8920982e+00
  -3.2636725e+00
  -1.5747334e+00
   5.4114241e+00
  -5.8367119e+00
  -3.7023821e-01
   4.8485656e+00
   2.1855511e+00
  -5.5069095e+00
  -5.1986188e-01
  -1.6854070e+00
   3.8080558e+00
   1.9471826e+00
   3.0004777e-01
   3.2034882e+00
  -5.8549480e+00
  -2.7430768e+00
   5.8576205e+00
   5.4673425e+00
   5.5455438e+00
   2.7231504e+00
   1.7265790e+00
  -4.8620959e+00
   2.3258145e+00
  -1.7961470e-01
  -3.0207152e+00
   3.9325958e+00
  -1.1139038e+00
  -4.4410516e-01
   7.9605079e-01
  -3.8249769e+00
   2.3626155e+00
  -7.2018940e-01
  -5.4199826e+00
   4.0506943e+00
   7.4287103e-01
  -2.4957764e-01
  -2.3905625e+00
   2.1552006e+00
   5.6329314e+00
   4.4055920e-01
   1.6690151e+00
   4.7149706e+00
  -1.5994401e+00
  -3.6835618e+00
  -3.2395414e+00
   2.4588852e+00
   1.6123449e+00
  -3.6944256e+00
  -2.7131723e+00
  -3.9459023e+00
  -5.6699446e+00
   1.7827713e+00
  -3.3141376e+00
   1.5817683e+00
   1.8328722e+00
  -7.0687270e-01
  -4.5501100e+00
  -2.6968171e+00
   3.8088717e+00
  -7.4071529e-01
  -1.4739409e+00
  -3.4658325e+00
  -9.0419196e-01
   5.3513061e+00
   1.5128279e+00
  -3.6472057e+00
   4.3768943e+00
  -2.3324892e+00
   5.3517070e+00
   3.6408950e-02
  -2.3921437e-02
  -5.1417985e+00
  -4.3447479e+00
  -1.5226447e+00
   4.9214031e+00
  -5.8840626e+00
  -4.0519699e-01
   4.5737871e+00
  -7.8133068e-02
   3.3208370e+00
  -2.4897351e+00
   2.9684469e+00
  -4.4480885e+00
  -1.8543462e+00
  -9.9544818e-01
   1.2583462e-01
  -3.4732613e+00
   5.4757660e+00
   2.5705364e+00
  -1.5909420e+00
  -4.3528249e+00
  -1.0908551e+00
  -3.3044725e+00
   5.9271969e+00
   5.5190790e+00
  -2.2316625e+00
   3.4931513e+00
  -1.3526635e-01
   2.4709513e-01
  -1.1489559e+00
   3.4933523e+00
  -4.0392727e+00
   5.0510807e+00
   2.1361526e+00
   3.7978474e+00
  -5.0842534e+00
  -2.3212631e+00
  -1.4179119e+00
  -1.8514352e+00
  -1.8477784e+00
  -2.2686725e-01
  -3.2777723e+00
  -5.2444863e+00
  -3.5342226e+00
   5.9778713e+00
   5.6791812e+00
  -2.5040175e-01
  -2.5701686e+00
   3.1454341e+00
  -3.9087595e+00
  -5.6547221e+00
   8.7167816e-01
  -5.5338415e+00
   2.8753141e+00
   3.2450943e+00
  -5.7638977e+00
  -5.1647711e+00
   5.5424269e+00
   4.1852012e+00
  -5.4504055e+00
   3.6046719e+00
  -2.5453683e+00
  -1.8651790e+00
   1.6346896e+00
   1.5350875e+00
   3.2631933e+00
  -2.8994946e+00
   4.2023198e+00
   2.5537777e-02
   3.5400589e+00
  -4.5550521e+00
   2.3977308e+00
  -2.5246843e+00
  -5.5054006e+00
   2.2175069e+00
   3.2213109e+00
   2.7805985e+00
  -2.4878621e+00
  -1.7291457e+00
  -2.3149960e+00
  -1.2349775e-01
   2.0077087e+00
   4.4698036e+00
   4.8929263e+00
  -1.8776512e+00
  -5.5594520e-02
   1.3667278e+00
  -4.1085616e+00
  -5.7591955e+00
  -2.9717461e+00
   2.8141634e+00
   5.7420049e+00
  -3.9146158e+00
   4.3188490e+00
   1.9820284e+00
  -4.3983476e+00
  -1.6613110e+00
  -4.8226245e+00
  -5.9310077e-01
   3.9124282e+00
   4.1175464e+00
  -2.1352236e+00
   1.2400564e+00
   2.3903459e+00
   1.6407760e+00
  -4.7981062e+00
   4.2784697e+00
  -3.8776703e+00
   2.9141755e+00
   5.3703571e+00
  -2.0718718e+00
   3.5591118e+00
  -1.2574190e+00
   5.9221622e+00
   3.5401158e+00
  -9.3500481e-01
   5.8227290e+00
  -3.8992425e+00
   2.7358666e-01
   5.0746272e+00
  -5.2139049e+00
  -5.9068371e+00
   1.8357063e+00
  -5.0381339e+00
  -2.4788354e-01
  -3.6600098e+00
   4.7682511e+00
   3.8449786e+00
  -5.6505291e+00
  -4.6388276e+00
   1.0508157e+00
  -3.9116712e+00
   2.3954323e+00
   2.7769783e+00
  -1.7145344e+00
   5.7397380e+00
   6.7892092e-01
   5.5968477e+00
  -5.5823329e+00
  -1.8031048e+00
   3.9583354e+00
  -4.6094709e+00
   8.4383501e-01
   4.3632206e+00
  -5.7932649e+00
  -2.8622767e+00
  -2.4797837e+00
  -1.7237975e+00
   3.2132773e+00
  -5.6927638e+00
   2.9316661e+00
  -5.2194148e+00
  -7.1820474e-01
  -3.5705951e+00
  -1.4820643e+00
  -2.5118341e+00
   1.6753182e+00
  -5.8359922e+00
   4.7615544e+00
  -1.5832705e+00
  -5.3389874e+00
   1.5051566e-01
  -5.2322576e-01
   5.7752988e+00
  -5.3556480e-01
  -3.1551920e+00
   4.7085699e+00
  -1.9924758e+00
  -2.8829314e+00
  -3.0457595e+00
  -4.4701540e+00
   2.7993326e+00
  -5.8451107e+00
   4.5223897e+00
  -6.5792318e-01
   1.0841836e+00
   2.3441717e-01
   3.7055240e-01
  -2.2094491e-01
   3.9158892e+00
   2.0104137e-01
   3.5717108e+00
   5.8481235e+00
   1.4750478e+00
  -5.5070346e+00
  -5.6468044e+00
  -4.3196866e+00
   3.5196403e+00
   3.7928711e+00
  -1.0376145e+00
   3.3624709e+00
  -2.7996932e-01
  -1.1623878e+00
   5.8007338e+00
  -4.3470317e+00
   2.4419833e+00
  -2.0250649e+00
  -4.3564716e+00
  -1.5724689e-01
  -2.0312202e+00
   1.4170083e+00
  -5.5717300e+00
   2.2082184e+00
   3.6065657e+00
  -4.0562153e+00
   5.2217587e+00
  -4.5732856e-02
   2.9623284e+00
  -3.7669370e-01
   2.9794388e+00
  -5.2218388e+00
   1.5916683e+00
  -2.0362891e+00
   2.1570746e+00
  -8.1266989e-01
  -4.8308428e+00
   3.9637911e+00
  -2.2610696e+00
  -5.2424310e+00
   5.6782911e+00
  -1.0048096e+00
  -3.5104620e+00
  -1.9242371e+00
  -1.7872173e+00
   4.9379009e+00
   2.8705596e+00
   4.6632271e+00
  -1.3021350e-01
  -3.9770220e-01
  -7.9915978e-01
   2.6370913e+00
  -7.1520568e-01
   1.6873156e+00
   7.0551561e-01
   5.2186952e+00
  -4.3187979e-01
   9.8773817e-02
   2.8549176e+00
   5.3369036e+00
   5.3168328e+00
   4.6131493e+00
  -2.4244418e+00
  -3.1090916e+00
  -4.7235925e-01
  -7.5922420e-01
   1.6764944e+00
   5.2791868e+00
   1.7965168e+00
  -5.2584597e-02
  -3.0536843e+00
  -4.6399752e+00
   2.0955909e+00
  -3.4435478e+00
   3.8665264e+00
   2.9949700e+00
   5.4700159e+00
  -2.3022969e+00
   2.1660066e-03
   2.7321460e+00
   1.0647526e+00
  -4.5128789e+00
   4.7581830e+00
  -3.8841468e+00
   1.3982249e-01
  -3.9805119e+00
  -2.3843580e+00
   5.9030585e-01
  -3.1740510e+00
   2.5101492e-01
   8.8933477e-03
   3.1075166e+00
   2.5784964e+00
   4.7365494e+00
   3.4837704e+00
   4.4972854e+00
  -7.4905771e-02
  -5.1461733e+00
   4.4527988e+00
  -5.7320580e+00
   1.2107195e+00
   5.4535710e+00
   3.2309965e+00
   7.2431105e-01
  -5.1337757e+00
   3.2695796e+00
   1.0867129e+00
   2.0383969e+00
  -3.7438989e+00
  -1.7606903e+00
  -4.0024794e+00
  -4.0545538e-01
  -2.3029656e+00
  -4.6642292e+00
  -3.1336488e+00
   3.4451874e+00
   3.9918088e-02
  -5.5776639e+00
   2.7771132e+00
  -5.3808464e+00
  -4.3477548e+00
  -2.7528804e+00
  -7.3942355e-01
   4.7993052e+00
   4.2882482e-02
   2.5087396e-01
  -3.2175211e+00
  -1.9413240e+00
  -3.3447211e+00
  -5.8341183e+00
  -4.6375809e+00
   6.1114536e-01
   1.0502203e+00
  -2.3199614e+00
   3.5762134e-01
  -3.8996843e+00
  -1.6875921e+00
   3.2169534e+00
   1.7045755e+00
  -4.6831025e+00
   2.6564400e+00
   5.7378960e+00
   5.2124801e+00
  -3.3433808e+00
  -5.7959679e+00
   4.3479851e+00
  -2.5679750e+00
   5.9637033e-01
  -1.1091075e-02
  -4.9783354e-01
   3.8790855e-01
   5.8247345e+00
   5.1854981e-01
  -4.2346060e+00
   4.1838155e+00
   2.3974530e+00
   1.1795289e+00
  -1.9384019e+00
  -3.0752302e+00
  -5.1077629e+00
  -4.9052410e+00
   3.1753623e+00
   2.8837061e+00
   2.0227830e+00
  -3.3903011e+00
   4.8082840e+00
  -2.5695450e+00
  -3.2438294e+00
   4.5439506e+00
   1.8104641e+00
   5.8317663e-01
   1.0521793e+00
  -2.0531082e+00
   3.2578320e-01
   2.6602849e+00
   5.3219631e+00
   8.3608044e-01
   4.0898517e+00
   2.5790968e+00
   4.7248809e+00
  -4.9280695e+00
   3.6588357e+00
   4.5850151e+00
  -3.8287340e+00
   5.2142201e+00
  -4.9303649e+00
  -2.1722978e-01
  -3.6396603e+00
   5.0695159e+00
  -1.3418989e+00
  -5.0329143e+00
  -1.1160806e-02
  -3.0831982e-02
   1.5761464e+00
   4.1613283e+00
   1.6728180e+00
   4.4072662e+00
   2.4985931e+00
   4.4266350e+00
   4.3055764e+00
  -4.6546408e+00
  -3.1027149e+00
  -6.6434356e-01
  -6.6355746e-01
   1.8303368e+00
   1.9998889e+00
   1.0811089e+00
   5.0921094e+00
   5.9949387e-01
  -1.6607284e+00
   2.9803739e+00
  -3.9212596e+00
  -5.3621115e+00
  -5.3571659e+00
   5.9250167e+00
   1.4043022e+00
   4.5240819e-01
  -1.9004991e+00
  -2.8050553e+00
   5.5314892e+00
  -5.4969686e-01
  -3.0015419e+00
  -5.9162002e+00
  -5.1649638e+00
  -4.5520089e+00
   4.2320593e+00
  -1.6522431e+00
  -5.2855233e+00
   1.7913691e-01
  -5.2012825e+00
  -5.2628286e-01
   2.4008477e+00
  -6.6479488e-01
   2.5788719e+00
  -1.6175940e+00
  -5.4012399e-01
   3.8311737e+00
   8.9429101e-01
   8.5526458e-02
  -2.2968391e+00
   5.1505984e+00
  -3.4833464e+00
   3.3628244e+00
  -1.5603516e+00
  -3.5493644e+00
   5.2419372e-01
   4.5808625e-01
   5.0463353e+00
   5.3499408e+00
  -8.8466923e-01
   4.9605616e+00
   4.7327400e+00
   4.8261738e-01
  -2.8816370e+00
  -5.3460138e+00
   2.7624412e+00
  -2.7542590e+00
   5.9023111e+00
   1.0729887e+00
   5.9158553e+00
   2.4210964e+00
  -5.6213903e+00
  -4.2780603e-01
  -1.1968122e+00
   2.3506004e-01
   7.3199741e-01
  -5.4928662e+00
   4.6554468e+00
  -4.0676069e+00
  -3.3105210e+00
  -1.2787853e+00
  -1.1015195e+00
   4.5423917e+00
  -1.4072866e-02
   2.4878551e+00
  -1.5389166e+00
  -1.6028578e+00
   1.8435516e+00
  -4.6523689e+00
  -4.3016889e+00
   5.1240037e+00
   3.9393696e+00
   1.5491087e+00
  -5.4969722e+00
  -2.1907741e+00
   4.9255642e+00
   3.7163823e+00
  -1.4554313e+00
  -2.8432507e+00
  -2.6135020e+00
  -3.9901534e+00
   6.2198333e-01
   3.7767713e+00
   5.9574874e+00
  -1.8258059e-01
   1.1609007e+00
  -1.7351492e+00
  -2.8527228e+00
   1.6394832e+00
   4.8305817e+00
  -3.0723002e+00
   9.7516487e-01
  -4.9064449e+00
  -1.3265655e+00
  -1.1695781e-01
   5.4291581e+00
  -2.1039557e+00
   6.3058082e-01
  -6.8712206e-01
   5.8757289e+00
  -2.8197680e+00
  -1.1755023e+00
  -5.3728554e+00
   7.8727680e-01
  -2.7124603e+00
   3.4991202e+00
  -5.2330319e+00
  -5.8939292e+00
   2.0410595e+00
  -3.5593463e+00
   9.7676460e-02
  -3.0540829e+00
  -9.6108235e-01
  -5.6535186e+00
   7.8818263e-01
   2.9949686e+00
  -5.4332212e+00
  -2.6688342e+00
   4.2223372e+00
   5.9541646e-02
   1.8999656e+00
   1.2139125e+00
  -5.2780166e+00
  -1.7671475e+00
   2.5325133e+00
   1.9100350e-01
   3.8304633e+00
   2.3151493e+00
  -3.1322439e+00
   4.4602678e+00
   1.7880492e-01
  -1.3460219e+00
  -4.6664291e+00
  -8.7259080e-01
  -2.6581392e+00
   1.0825592e+00
  -1.0231630e-01
   1.1996805e-02
  -2.3404289e-01
  -9.6636300e-01
  -4.2885883e+00
   4.7866612e+00
  -1.3731879e+00
   5.1458288e+00
  -1.9108451e-01
   4.2270925e+00
   2.9707087e+00
   5.4310903e+00
   1.9266768e+00
   2.6116620e+00
  -1.9499932e+00
  -1.8082597e+00
  -5.1115952e-01
   4.1308189e-02
  -5.7768767e-01
   1.0707667e-01
  -2.4840382e+00
   5.8211478e+00
  -1.8608452e+00
  -1.8830513e+00
   9.6095332e-01
  -2.8989054e+00
  -4.3678547e+00
   4.7975894e+00
  -3.0556945e+00
  -1.4982090e+00
   4.8394212e+00
   5.7355736e+00
   5.7699287e+00
  -3.2434509e+00
  -5.7612719e+00
   1.8808029e+00
  -4.4883021e+00
  -1.2761653e+00
  -5.5024260e+00
   4.9784831e+00
   1.1707598e+00
   4.3724066e+00
  -7.9604591e-01
   7.7191259e-01
  -1.1933723e+00
  -5.0165725e+00
   1.7489626e+00
  -4.7958320e+00
   3.1565855e+00
  -1.5547037e+00
   7.8900152e-01
  -5.4054510e-01
   4.8690768e+00
   3.8106807e-01
  -9.2890486e-01
   5.8001094e-01
   4.9787186e+00
   4.8838026e+00
   5.8142277e+00
   1.1420279e+00
  -1.3410161e+00
  -5.7522063e+00
  -3.7645745e+00
   3.9825548e+00
   1.5375705e+00
  -5.1313555e-01
   5.4136120e+00
  -1.1323175e+00
  -2.1956833e+00
  -3.5741283e-01
   2.9026631e+00
  -2.6673109e+00
   2.1703802e+00
  -5.1968540e-01
  -1.3410702e+00
   1.4997945e+00
  -2.4609845e+00
  -1.9199851e+00
  -2.4313993e+00
  -3.9505397e+00
   3.2364536e+00
   3.1782863e+00
   1.5860126e+00
   1.7215350e-02
   9.8566223e-01
   5.1774494e+00
   3.1942404e+00
   8.0949966e-01
   4.7169423e-01
   5.5454043e+00
  -1.5200382e+00
  -5.1376759e+00
  -4.0853871e+00
   3.9927210e+00
  -9.4800766e-01
   1.5574411e+00
  -3.6238961e+00
  -2.3949937e+00
  -4.5433249e-01
   5.5775254e+00
  -2.9968375e+00
   1.1030927e+00
   2.5517727e+00
   4.4449189e+00
   1.8377092e+00
  -4.5697152e+00
  -5.4303789e+00
  -3.9551429e+00
   4.7711784e+00
   2.6154544e-01
  -1.3104544e+00
   1.8394647e+00
   5.5475061e+00
  -5.6799659e+00
  -4.5459976e+00
  -4.4444300e+00
   2.2235229e+00
   4.5246429e+00
   4.5732912e+00
   2.2889455e+00
  -5.1793730e+00
  -4.8482312e+00
  -1.0622399e-01
   2.6120777e+00
  -1.5780077e+00
   4.3507019e+00
   3.4768535e+00
   1.0378158e+00
  -4.7607757e+00
   1.7814042e+00
  -5.8122526e+00
   1.6395560e+00
  -2.1704622e+00
   5.6198843e+00
  -9.8013463e-01
   4.6282741e+00
  -2.2392983e+00
  -3.5099108e+00
  -2.2307823e+00
   3.8007127e+00
  -4.0961604e+00
  -6.2185595e-01
   6.7555550e-01
  -4.8720802e+00
   7.7132685e-01
   2.0984452e+00
   4.3855699e-02
  -5.5183378e+00
  -3.2480572e+00
   2.5133824e+00
   5.5960418e+00
   5.2668803e+00
  -1.3446342e+00
  -8.8561647e-01
  -7.3552017e-01
  -3.3413275e+00
  -4.0920192e+00
  -5.7231152e+00
  -5.6036109e+00
   4.9645294e-01
   1.5331934e+00
  -4.6706597e+00
  -3.8530962e+00
   2.3782467e+00
   9.6608335e-01
   2.7003318e+00
   5.9580764e+00
   4.1312350e+00
   5.1190981e+00
  -2.5965350e+00
  -5.2429125e+00
   5.6040256e+00
   2.8298448e+00
  -4.3730363e+00
  -4.5954282e+00
   1.5439855e-01
   5.6715064e+00
   2.9134285e+00
   2.3991298e+00
  -5.3444579e+00
  -5.2746499e+00
   5.7686843e+00
   4.4665403e-01
   5.4584898e+00
  -8.0002813e-01
  -1.3175135e+00
  -2.3680347e+00
   4.9564141e+00
  -4.2894871e+00
  -5.5896373e+00
  -2.2370656e+00
   1.8765703e+00
  -2.9872700e+00
   7.9108662e-01
   3.5991608e+00
  -4.5356775e+00
  -4.8025483e+00
   5.8891504e+00
  -4.7350502e+00
   4.0978999e+00
   3.0425009e+00
   2.9901717e+00
  -4.7448435e+00
  -1.4927058e+00
  -2.6536881e+00
  -1.3756065e+00
   3.2299396e+00
   3.4716437e+00
  -4.1115404e+00
   2.8058632e+00
   5.9020825e+00
  -8.1748594e-02
   4.8334536e+00
   2.5736565e+00
  -4.5744103e-01
  -7.3721563e-01
   2.3773812e-01
   4.3235944e+00
   3.3289020e+00
   3.5834179e+00
   5.2562269e+00
   1.3960384e+00
   5.3438823e+00
  -5.0275258e+00
  -1.1054935e+00
   2.7503226e+00
  -3.6962447e+00
   1.3143527e+00
  -5.0819208e+00
   1.0454182e-01
   2.3528176e+00
  -1.5647232e+00
  -4.6712635e+00
  -4.4242150e+00
   4.6148304e+00
   1.9358105e+00
   3.2818389e-01
  -5.8481460e+00
  -5.1395108e+00
   2.1697426e+00
   7.0213363e-01
  -6.1671713e-01
   4.4354993e+00
  -2.9604424e-01
   2.2935538e+00
  -1.6868336e+00
  -5.1943586e+00
  -1.7762353e+00
   4.9455234e+00
  -4.5967372e+00
   5.1069929e+00
  -5.7833661e+00
  -6.4895748e-01
   4.1735179e-01
   1.0886678e-01
  -7.0740125e-01
   5.1832079e+00
   4.4724474e+00
   1.0657525e+00
  -7.8573211e-01
  -5.8613927e+00
   1.5321501e-01
  -1.4715474e+00
  -2.6773122e+00
   1.5122645e+00
  -3.4663821e+00
   3.4161016e+00
   2.3449417e+00
  -5.6079778e+00
   7.2679597e-01
   3.8315516e+00
   5.0514444e+00
   2.7382537e+00
  -2.0435054e+00
   5.1098409e+00
  -9.8876785e-02
   3.0405781e-02
  -1.3040635e-02
   1.5365540e+00
   1.0382544e+00
  -4.0107682e+00
   4.9387947e+00
  -2.2938883e-01
   4.5407619e+00
   2.5701827e+00
  -1.0697169e+00
   3.9835849e+00
  -3.3242774e+00
  -4.2087665e+00
   9.2898335e-01
   2.8391350e+00
   2.1287330e+00
  -3.3906523e+00
   3.6038854e+00
   1.8664284e+00
  -3.4212615e+00
  -2.3958778e+00
   2.1129171e+00
  -1.7024638e-01
   4.2712680e+00
   3.3577705e+00
   5.8867707e+00
   4.4298931e+00
   2.7554844e+00
  -5.9363972e+00
   1.0413930e+00
  -1.3840977e+00
   5.7530446e+00
   4.9287481e+00
  -2.4180150e+00
   4.2869613e+00
   5.3944946e+00
   4.3742752e-01
   2.2465037e+00
   8.2704532e-01
   3.1575796e+00
   2.9129512e+00
   1.1848600e+00
   4.9325123e+00
  -1.1727728e-01
  -3.1471001e+00
  -2.1140454e+00
  -3.3181817e+00
   3.2544752e+00
  -1.2286879e+00
   2.3281988e+00
   4.1814370e+00
  -8.1664955e-04
   3.6114772e+00
  -3.7374392e-01
  -4.3120811e+00
   3.4353242e+00
  -5.9460874e-01
  -5.5533901e-02
   5.8099621e-01
  -7.8785989e-01
   2.8629196e-01
  -2.6242079e+00
   2.2173536e+00
   1.5635171e+00
   5.3890567e+00
   2.5818555e+00
   1.8784942e+00
  -2.1956313e+00
  -1.9101912e+00
   4.6301771e+00
   2.6902804e+00
  -1.1868649e+00
  -4.2209555e+00
   3.0667389e+00
  -1.1889042e+00
   1.9484365e+00
   3.2312527e+00
  -2.8518169e+00
   4.4024432e+00
   1.3582577e+00
   2.0162817e+00
   1.5835559e+00
  -4.7758593e-01
   3.2096087e+00
   2.1844051e+00
  -2.5315409e+00
   3.7880294e+00
  -4.1947243e-01
   5.3260374e+00
  -4.1846210e+00
   3.8991890e+00
  -2.8882309e+00
  -5.8505903e+00
  -1.0640174e+00
  -1.1686524e+00
   4.9989185e+00
  -9.4126648e-01
  -2.4505857e+00
  -9.3173135e-01
   2.7252324e+00
  -3.4626946e-01
   4.5926623e+00
   8.0583883e-01
   1.4637536e+00
  -4.8110931e+00
   3.5596412e+00
   2.8322113e+00
  -1.6330979e+00
  -7.5988395e-01
  -4.9771104e+00
   5.2046551e+00
  -2.1305705e+00
  -5.0396792e-01
  -4.9449066e+00
  -5.5699697e+00
   4.0536300e+00
  -5.3014732e+00
   5.9694967e+00
   5.2719019e+00
   3.6968946e+00
  -3.2686494e+00
  -2.9393103e+00
   4.3109022e+00
   4.7910846e+00
  -3.1047349e+00
   3.9922038e+00
  -5.4884696e-01
   3.9685758e-01
   1.8920982e+00
  -3.2636725e+00
  -1.5747334e+00
   5.4114241e+00
  -5.8367119e+00
  -3.7023821e-01
   4.8485656e+00
   2.1855511e+00
  -5.5069095e+00
  -5.1986188e-01
  -1.6854070e+00
   3.8080558e+00
   1.9471826e+00
   3.0004777e-01
   3.2034882e+00
  -5.8549480e+00
  -2.7430768e+00
   5.8576205e+00
   5.4673425e+00
   5.5455438e+00
   2.7231504e+00
   1.7265790e+00
  -4.8620959e+00
   2.3258145e+00
  -1.7961470e-01
  -3.0207152e+00
   3.9325958e+00
  -1.1139038e+00
  -4.4410516e-01
   7.9605079e-01
  -3.8249769e+00
   2.3626155e+00
  -7.2018940e-01
  -5.4199826e+00
   4.0506943e+00
   7.4287103e-01
  -2.4957764e-01
  -2.3905625e+00
   2.1552006e+00
   5.6329314e+00
   4.4055920e-01
   1.6690151e+00
   4.7149706e+00
  -1.5994401e+00
  -3.6835618e+00
  -3.2395414e+00
   2.4588852e+00
   1.6123449e+00
  -3.6944256e+00
  -2.7131723e+00
  -3.9459023e+00
  -5.6699446e+00
   1.7827713e+00
  -3.3141376e+00
   1.5817683e+00
   1.8328722e+00
  -7.0687270e-01
  -4.5501100e+00
  -2.6968171e+00
   3.8088717e+00
  -7.4071529e-01
  -1.4739409e+00
  -3.4658325e+00
  -9.0419196e-01
   5.3513061e+00
   1.5128279e+00
  -3.6472057e+00
   4.3768943e+00
  -2.3324892e+00
   5.3517070e+00
   3.6408950e-02
  -2.3921437e-02
  -5.1417985e+00
  -4.3447479e+00
  -1.5226447e+00
   4.9214031e+00
  -5.8840626e+00
  -4.0519699e-01
   4.5737871e+00
  -7.8133068e-02
   3.3208370e+00
  -2.4897351e+00
   2.9684469e+00
  -4.4480885e+00
  -1.8543462e+00
  -9.9544818e-01
   1.2583462e-01
  -3.4732613e+00
   5.4757660e+00
   2.5705364e+00
  -1.5909420e+00
  -4.3528249e+00
  -1.0908551e+00
  -3.3044725e+00
   5.9271969e+00
   5.5190790e+00
  -2.2316625e+00
   3.4931513e+00
  -1.3526635e-01
   2.4709513e-01
  -1.1489559e+00
   3.4933523e+00
  -4.0392727e+00
   5.0510807e+00
   2.1361526e+00
   3.7978474e+00
  -5.0842534e+00
  -2.3212631e+00
  -1.4179119e+00
  -1.8514352e+00
  -1.8477784e+00
  -2.2686725e-01
  -3.2777723e+00
  -5.2444863e+00
  -3.5342226e+00
   5.9778713e+00
   5.6791812e+00
  -2.5040175e-01
  -2.5701686e+00
   3.1454341e+00
  -3.9087595e+00
  -5.6547221e+00
   8.7167816e-01
  -5.5338415e+00
   2.8753141e+00
   3.2450943e+00
  -5.7638977e+00
  -5.1647711e+00
   5.5424269e+00
   4.1852012e+00
  -5.4504055e+00
   3.6046719e+00
  -2.5453683e+00
  -1.8651790e+00
   1.6346896e+00
   1.5350875e+00
   3.2631933e+00
  -2.8994946e+00
   4.2023198e+00
   2.5537777e-02
   3.5400589e+00
  -4.5550521e+00
   2.3977308e+00
  -2.5246843e+00
  -5.5054006e+00
   2.2175069e+00
   3.2213109e+00
   2.7805985e+00
  -2.4878621e+00
  -1.7291457e+00
  -2.3149960e+00
  -1.2349775e-01
   2.0077087e+00
   4.4698036e+00
   4.8929263e+00
  -1.8776512e+00
  -5.5594520e-02
   1.3667278e+00
  -4.1085616e+00
  -5.7591955e+00
  -2.9717461e+00
   2.8141634e+00
   5.7420049e+00
  -3.9146158e+00
   4.3188490e+00
   1.9820284e+00
  -4.3983476e+00
  -1.6613110e+00
  -4.8226245e+00
  -5.9310077e-01
   3.9124282e+00
   4.1175464e+00
  -2.1352236e+00
   1.2400564e+00
   2.3903459e+00
   1.6407760e+00
  -4.7981062e+00
   4.2784697e+00
  -3.8776703e+00
   2.9141755e+00
   5.3703571e+00
  -2.0718718e+00
   3.5591118e+00
  -1.2574190e+00
   5.9221622e+00
   3.5401158e+00
  -9.3500481e-01
   5.8227290e+00
  -3.8992425e+00
   2.7358666e-01
   5.0746272e+00
  -5.2139049e+00
  -5.9068371e+00
   1.8357063e+00
  -5.0381339e+00
  -2.4788354e-01
  -3.6600098e+00
   4.7682511e+00
   3.8449786e+00
  -5.6505291e+00
  -4.6388276e+00
   1.0508157e+00
  -3.9116712e+00
   2.3954323e+00
   2.7769783e+00
  -1.7145344e+00
   5.7397380e+00
   6.7892092e-01
   5.5968477e+00
  -5.5823329e+00
  -1.8031048e+00
   3.9583354e+00
  -4.6094709e+00
   8.4383501e-01
   4.3632206e+00
  -5.7932649e+00
  -2.8622767e+00
  -2.4797837e+00
  -1.7237975e+00
   3.2132773e+00
  -5.6927638e+00
   2.9316661e+00
  -5.2194148e+00
  -7.1820474e-01
  -3.5705951e+00
  -1.4820643e+00
  -2.5118341e+00
   1.6753182e+00
  -5.8359922e+00
   4.7615544e+00
  -1.5832705e+00
  -5.3389874e+00
   1.5051566e-01
  -5.2322576e-01
   5.7752988e+00
  -5.3556480e-01
  -3.1551920e+00
   4.7085699e+00
  -1.9924758e+00
  -2.8829314e+00
  -3.0457595e+00
  -4.4701540e+00
   2.7993326e+00
  -5.8451107e+00
   4.5223897e+00
  -6.5792318e-01
   1.0841836e+00
   2.3441717e-01
   3.7055240e-01
  -2.2094491e-01
   3.9158892e+00
   2.0104137e-01
   3.5717108e+00
   5.8481235e+00
   1.4750478e+00
  -5.5070346e+00
  -5.6468044e+00
  -4.3196866e+00
   3.5196403e+00
   3.7928711e+00
  -1.0376145e+00
   3.3624709e+00
  -2.7996932e-01
  -1.1623878e+00
   5.8007338e+00
  -4.3470317e+00
   2.4419833e+00
  -2.0250649e+00
  -4.3564716e+00
  -1.5724689e-01
  -2.0312202e+00
   1.4170083e+00
  -5.5717300e+00
   2.2082184e+00
   3.6065657e+00
  -4.0562153e+00
   5.2217587e+00
  -4.5732856e-02
   2.9623284e+00
  -3.7669370e-01
   2.9794388e+00
  -5.2218388e+00
   1.5916683e+00
  -2.0362891e+00
   2.1570746e+00
  -8.1266989e-01
  -4.8308428e+00
   3.9637911e+00
  -2.2610696e+00
  -5.2424310e+00
   5.6782911e+00
  -1.0048096e+00
  -3.5104620e+00
  -1.9242371e+00
  -1.7872173e+00
   4.9379009e+00
   2.8705596e+00
   4.6632271e+00
  -1.3021350e-01
  -3.9770220e-01
  -7.9915978e-01
   2.6370913e+00
  -7.1520568e-01
   1.6873156e+00
   7.0551561e-01
   5.2186952e+00
  -4.3187979e-01
   9.8773817e-02
   2.8549176e+00
   5.3369036e+00
   5.3168328e+00
   4.6131493e+00
  -2.4244418e+00
  -3.1090916e+00
  -4.7235925e-01
  -7.5922420e-01
   1.6764944e+00
   5.2791868e+00
   1.7965168e+00
  -5.2584597e-02
  -3.0536843e+00
  -4.6399752e+00
   2.0955909e+00
  -3.4435478e+00
   3.8665264e+00
   2.9949700e+00
   5.4700159e+00
  -2.3022969e+00
   2.1660066e-03
   2.7321460e+00
   1.0647526e+00
  -4.5128789e+00
   4.7581830e+00
  -3.8841468e+00
   1.3982249e-01
  -3.9805119e+00
  -2.3843580e+00
   5.9030585e-01
  -3.1740510e+00
   2.5101492e-01
   8.8933477e-03
   3.1075166e+00
   2.5784964e+00
   4.7365494e+00
   3.4837704e+00
   4.4972854e+00
  -7.4905771e-02
  -5.1461733e+00
   4.4527988e+00
  -5.7320580e+00
   1.2107195e+00
   5.4535710e+00
   3.2309965e+00
   7.2431105e-01
  -5.1337757e+00
   3.2695796e+00
   1.0867129e+00
   2.0383969e+00
  -3.7438989e+00
  -1.7606903e+00
  -4.0024794e+00
  -4.0545538e-01
  -2.3029656e+00
  -4.6642292e+00
  -3.1336488e+00
   3.4451874e+00
   3.9918088e-02
  -5.5776639e+00
   2.7771132e+00
  -5.3808464e+00
  -4.3477548e+00
  -2.7528804e+00
  -7.3942355e-01
   4.7993052e+00
   4.2882482e-02
   2.5087396e-01
  -3.2175211e+00
  -1.9413240e+00
  -3.3447211e+00
  -5.8341183e+00
  -4.6375809e+00
   6.1114536e-01
   1.0502203e+00
  -2.3199614e+00
   3.5762134e-01
  -3.8996843e+00
  -1.6875921e+00
   3.2169534e+00
   1.7045755e+00
  -4.6831025e+00
   2.6564400e+00
   5.7378960e+00
   5.2124801e+00
  -3.3433808e+00
  -5.7959679e+00
   4.3479851e+00
  -2.5679750e+00
   5.9637033e-01
  -1.1091075e-02
  -4.9783354e-01
   3.8790855e-01
   5.8247345e+00
   5.1854981e-01
  -4.2346060e+00
   4.1838155e+00
   2.3974530e+00
   1.1795289e+00
  -1.9384019e+00
  -3.0752302e+00
  -5.1077629e+00
  -4.9052410e+00
   3.1753623e+00
   2.8837061e+00
   2.0227830e+00
  -3.3903011e+00
   4.8082840e+00
  -2.5695450e+00
  -3.2438294e+00
   4.5439506e+00
   1.8104641e+00
   5.8317663e-01
   1.0521793e+00
  -2.0531082e+00
   3.2578320e-01
   2.6602849e+00
   5.3219631e+00
   8.3608044e-01
   4.0898517e+00
   2.5790968e+00
   4.7248809e+00
  -4.9280695e+00
   3.6588357e+00
   4.5850151e+00
  -3.8287340e+00
   5.2142201e+00
  -4.9303649e+00
  -2.1722978e-01
  -3.6396603e+00
   5.0695159e+00
  -1.3418989e+00
  -5.0329143e+00
  -1.1160806e-02
  -3.0831982e-02
   1.5761464e+00
   4.1613283e+00
   1.6728180e+00
   4.4072662e+00
   2.4985931e+00
   4.4266350e+00
   4.3055764e+00
  -4.6546408e+00
  -3.1027149e+00
  -6.6434356e-01
  -6.6355746e-01
   1.8303368e+00
   1.9998889e+00
   1.0811089e+00
   5.0921094e+00
   5.9949387e-01
  -1.6607284e+00
   2.9803739e+00
  -3.9212596e+00
  -5.3621115e+00
  -5.3571659e+00
   5.9250167e+00
   1.4043022e+00
   4.5240819e-01
  -1.9004991e+00
  -2.8050553e+00
   5.5314892e+00
  -5.4969686e-01
  -3.0015419e+00
  -5.9162002e+00
  -5.1649638e+00
  -4.5520089e+00
   4.2320593e+00
  -1.6522431e+00
  -5.2855233e+00
   1.7913691e-01
  -5.2012825e+00
  -5.2628286e-01
   2.4008477e+00
  -6.6479488e-01
   2.5788719e+00
  -1.6175940e+00
  -5.4012399e-01
   3.8311737e+00
   8.9429101e-01
   8.5526458e-02
  -2.2968391e+00
   5.1505984e+00
  -3.4833464e+00
   3.3628244e+00
  -1.5603516e+00
  -3.5493644e+00
   5.2419372e-01
   4.5808625e-01
   5.0463353e+00
   5.3499408e+00
  -8.8466923e-01
   4.9605616e+00
   4.7327400e+00
   4.8261738e-01
  -2.8816370e+00
  -5.3460138e+00
   2.7624412e+00
  -2.7542590e+00
   5.9023111e+00
   1.0729887e+00
   5.9158553e+00
   2.4210964e+00
  -5.6213903e+00
  -4.2780603e-01
  -1.1968122e+00
   2.3506004e-01
   7.3199741e-01
  -5.4928662e+00
   4.6554468e+00
  -4.0676069e+00
  -3.3105210e+00
  -1.2787853e+00
  -1.1015195e+00
   4.5423917e+00
  -1.4072866e-02
   2.4878551e+00
  -1.5389166e+00
  -1.6028578e+00
   1.8435516e+00
  -4.6523689e+00
  -4.3016889e+00
   5.1240037e+00
   3.9393696e+00
   1.5491087e+00
  -5.4969722e+00
  -2.1907741e+00
   4.9255642e+00
   3.7163823e+00
  -1.4554313e+00
  -2.8432507e+00
  -2.6135020e+00
  -3.9901534e+00
   6.2198333e-01
   3.7767713e+00
   5.9574874e+00
  -1.8258059e-01
   1.1609007e+00
  -1.7351492e+00
  -2.8527228e+00
   1.6394832e+00
   4.8305817e+00
  -3.0723002e+00
   9.7516487e-01
  -4.9064449e+00
  -1.3265655e+00
  -1.1695781e-01
   5.4291581e+00
  -2.1039557e+00
   6.3058082e-01
  -6.8712206e-01
   5.8757289e+00
  -2.8197680e+00
  -1.1755023e+00
  -5.3728554e+00
   7.8727680e-01
  -2.7124603e+00
   3.4991202e+00
  -5.2330319e+00
  -5.8939292e+00
   2.0410595e+00
  -3.5593463e+00
   9.7676460e-02
  -3.0540829e+00
  -9.6108235e-01
  -5.6535186e+00
   7.8818263e-01
   2.9949686e+00
  -5.4332212e+00
  -2.6688342e+00
   4.2223372e+00
   5.9541646e-02
   1.8999656e+00
   1.2139125e+00
  -5.2780166e+00
  -1.7671475e+00
   2.5325133e+00
   1.9100350e-01
   3.8304633e+00
   2.3151493e+00
  -3.1322439e+00
   4.4602678e+00
   1.7880492e-01
  -1.3460219e+00
  -4.6664291e+00
  -8.7259080e-01
  -2.6581392e+00
   1.0825592e+00
  -1.0231630e-01
   1.1996805e-02
  -2.3404289e-01
  -9.6636300e-01
  -4.2885883e+00
   4.7866612e+00
  -1.3731879e+00
   5.1458288e+00
  -1.9108451e-01
   4.2270925e+00
   2.9707087e+00
   5.4310903e+00
   1.9266768e+00
   2.6116620e+00
  -1.9499932e+00
  -1.8082597e+00
  -5.1115952e-01
   4.1308189e-02
  -5.7768767e-01
   1.0707667e-01
  -2.4840382e+00
   5.8211478e+00
  -1.8608452e+00
  -1.8830513e+00
   9.6095332e-01
  -2.8989054e+00
  -4.3678547e+00
   4.7975894e+00
  -3.0556945e+00
  -1.4982090e+00
   4.8394212e+00
   5.7355736e+00
   5.7699287e+00
  -3.2434509e+00
  -5.7612719e+00
   1.8808029e+00
  -4.4883021e+00
  -1.2761653e+00
  -5.5024260e+00
   4.9784831e+00
   1.1707598e+00
   4.3724066e+00
  -7.9604591e-01
   7.7191259e-01
  -1.1933723e+00
  -5.0165725e+00
   1.7489626e+00
  -4.7958320e+00
   3.1565855e+00
  -1.5547037e+00
   7.8900152e-01
  -5.4054510e-01
   4.8690768e+00
   3.8106807e-01
  -9.2890486e-01
   5.8001094e-01
   4.9787186e+00
   4.8838026e+00
   5.8142277e+00
   1.1420279e+00
  -1.3410161e+00
  -5.7522063e+00
  -3.7645745e+00
   3.9825548e+00
   1.5375705e+00
  -5.1313555e-01
   5.4136120e+00
  -1.1323175e+00
  -2.1956833e+00
  -3.5741283e-01
   2.9026631e+00
  -2.6673109e+00
   2.1703802e+00
  -5.1968540e-01
  -1.3410702e+00
   1.4997945e+00
  -2.4609845e+00
  -1.9199851e+00
  -2.4313993e+00
  -3.9505397e+00
   3.2364536e+00
   3.1782863e+00
   1.5860126e+00
   1.7215350e-02
   9.8566223e-01
   5.1774494e+00
   3.1942404e+00
   8.0949966e-01
   4.7169423e-01
   5.5454043e+00
  -1.5200382e+00
  -5.1376759e+00
  -4.0853871e+00
   3.9927210e+00
  -9.4800766e-01
   1.5574411e+00
  -3.6238961e+00
  -2.3949937e+00
  -4.5433249e-01
   5.5775254e+00
  -2.9968375e+00
   1.1030927e+00
   2.5517727e+00
   4.4449189e+00
   1.8377092e+00
  -4.5697152e+00
  -5.4303789e+00
  -3.9551429e+00
   4.7711784e+00
   2.6154544e-01
  -1.3104544e+00
   1.8394647e+00
   5.5475061e+00
  -5.6799659e+00
  -4.5459976e+00
  -4.4444300e+00
   2.2235229e+00
   4.5246429e+00
   4.5732912e+00
   2.2889455e+00
  -5.1793730e+00
  -4.8482312e+00
  -1.0622399e-01
   2.6120777e+00
  -1.5780077e+00
   4.3507019e+00
   3.4768535e+00
   1.0378158e+00
  -4.7607757e+00
   1.7814042e+00
  -5.8122526e+00
   1.6395560e+00
  -2.1704622e+00
   5.6198843e+00
  -9.8013463e-01
   4.6282741e+00
  -2.2392983e+00
  -3.5099108e+00
  -2.2307823e+00
   3.8007127e+00
  -4.0961604e+00
  -6.2185595e-01
   6.7555550e-01
  -4.8720802e+00
   7.7132685e-01
   2.0984452e+00
   4.3855699e-02
  -5.5183378e+00
  -3.2480572e+00
   2.5133824e+00
   5.5960418e+00
   5.2668803e+00
  -1.3446342e+00
  -8.8561647e-01
  -7.3552017e-01
  -3.3413275e+00
  -4.0920192e+00
  -5.7231152e+00
  -5.6036109e+00
   4.9645294e-01
   1.5331934e+00
  -4.6706597e+00
  -3.8530962e+00
   2.3782467e+00
   9.6608335e-01
   2.7003318e+00
   5.9580764e+00
   4.1312350e+00
   5.1190981e+00
  -2.5965350e+00
  -5.2429125e+00
   5.6040256e+00
   2.8298448e+00
  -4.3730363e+00
  -4.5954282e+00
   1.5439855e-01
   5.6715064e+00
   2.9134285e+00
   2.3991298e+00
  -5.3444579e+00
  -5.2746499e+00
   5.7686843e+00
   4.4665403e-01
   5.4584898e+00
  -8.0002813e-01
  -1.3175135e+00
  -2.3680347e+00
   4.9564141e+00
  -4.2894871e+00
  -5.5896373e+00
  -2.2370656e+00
   1.8765703e+00
  -2.9872700e+00
   7.9108662e-01
   3.5991608e+00
  -4.5356775e+00
  -4.8025483e+00
   5.8891504e+00
  -4.7350502e+00
   4.0978999e+00
   3.0425009e+00
   2.9901717e+00
  -4.7448435e+00
  -1.4927058e+00
  -2.6536881e+00
  -1.3756065e+00
   3.2299396e+00
   3.4716437e+00
  -4.1115404e+00
   2.8058632e+00
   5.9020825e+00
  -8.1748594e-02
   4.8334536e+00
   2.5736565e+00
  -4.5744103e-01
  -7.3721563e-01
   2.3773812e-01
   4.3235944e+00
   3.3289020e+00
   3.5834179e+00
   5.2562269e+00
   1.3960384e+00
   5.3438823e+00
  -5.0275258e+00
  -1.1054935e+00
   2.7503226e+00
  -3.6962447e+00
   1.3143527e+00
  -5.0819208e+00
   1.0454182e-01
   2.3528176e+00
  -1.5647232e+00
  -4.6712635e+00
  -4.4242150e+00
   4.6148304e+00
   1.9358105e+00
   3.2818389e-01
  -5.8481460e+00
  -5.1395108e+00
   2.1697426e+00
   7.0213363e-01
  -6.1671713e-01
   4.4354993e+00
  -2.9604424e-01
   2.2935538e+00
  -1.6868336e+00
  -5.1943586e+00
  -1.7762353e+00
   4.9455234e+00
  -4.5967372e+00
   5.1069929e+00
  -5.7833661e+00
  -6.4895748e-01
   4.1735179e-01
   1.0886678e-01
  -7.0740125e-01
   5.1832079e+00
   4.4724474e+00
   1.0657525e+00
  -7.8573211e-01
  -5.8613927e+00
   1.5321501e-01
  -1.4715474e+00
  -2.6773122e+00
   1.5122645e+00
  -3.4663821e+00
   3.4161016e+00
   2.3449417e+00
  -5.6079778e+00
   7.2679597e-01
   3.8315516e+00
   5.0514444e+00
   2.7382537e+00
  -2.0435054e+00
   5.1098409e+00
  -9.8876785e-02
   3.0405781e-02
  -1.3040635e-02
   1.5365540e+00
   1.0382544e+00
  -4.0107682e+00
   4.9387947e+00
  -2.2938883e-01
   4.5407619e+00
   2.5701827e+00
  -1.0697169e+00
   3.9835849e+00
  -3.3242774e+00
  -4.2087665e+00
   9.2898335e-01
   2.8391350e+00
   2.1287330e+00
  -3.3906523e+00
   3.6038854e+00
   1.8664284e+00
  -3.4212615e+00
  -2.3958778e+00
   2.1129171e+00
  -1.7024638e-01
   4.2712680e+00
   3.3577705e+00
   5.8867707e+00
   4.4298931e+00
   2.7554844e+00
  -5.9363972e+00
   1.0413930e+00
  -1.3840977e+00
   5.7530446e+00
   4.9287481e+00
  -2.4180150e+00
   4.2869613e+00
   5.3944946e+00
   4.3742752e-01
   2.2465037e+00
   8.2704532e-01
   3.1575796e+00
   2.9129512e+00
   1.1848600e+00
   4.9325123e+00
  -1.1727728e-01
  -3.1471001e+00
  -2.1140454e+00
  -3.3181817e+00
   3.2544752e+00
  -1.2286879e+00
   2.3281988e+00
   4.1814370e+00
  -8.1664955e-04
   3.6114772e+00
  -3.7374392e-01
  -4.3120811e+00
   3.4353242e+00
  -5.9460874e-01
  -5.5533901e-02
   5.8099621e-01
  -7.8785989e-01
   2.8629196e-01
  -2.6242079e+00
   2.2173536e+00
   1.5635171e+00
   5.3890567e+00
   2.5818555e+00
   1.8784942e+00
  -2.1956313e+00
  -1.9101912e+00
   4.6301771e+00
   2.6902804e+00
  -1.1868649e+00
  -4.2209555e+00
   3.0667389e+00
  -1.1889042e+00
   1.9484365e+00
   3.2312527e+00
  -2.8518169e+00
   4.4024432e+00
   1.3582577e+00
   2.0162817e+00
   1.5835559e+00
  -4.7758593e-01
   3.2096087e+00
   2.1844051e+00
  -2.5315409e+00
   3.7880294e+00
  -4.1947243e-01
   5.3260374e+00
  -4.1846210e+00
   3.8991890e+00
  -2.8882309e+00
  -5.8505903e+00
  -1.0640174e+00
  -1.1686524e+00
   4.9989185e+00
  -9.4126648e-01
  -2.4505857e+00
  -9.3173135e-01
   2.7252324e+00
  -3.4626946e-01
   4.5926623e+00
   8.0583883e-01
   1.4637536e+00
  -4.8110931e+00
   3.5596412e+00
   2.8322113e+00
  -1.6330979e+00
  -7.5988395e-01
  -4.9771104e+00
   5.2046551e+00
  -2.1305705e+00
  -5.0396792e-01
  -4.9449066e+00
  -5.5699697e+00
   4.0536300e+00
  -5.3014732e+00
   5.9694967e+00
   5.2719019e+00
   3.6968946e+00
  -3.2686494e+00
  -2.9393103e+00
   4.3109022e+00
   4.7910846e+00
  -3.1047349e+00
   3.9922038e+00
  -5.4884696e-01
   3.9685758e-01
   1.8920982e+00
  -3.2636725e+00
  -1.5747334e+00
   5.4114241e+00
  -5.8367119e+00
  -3.7023821e-01
   4.8485656e+00
   2.1855511e+00
  -5.5069095e+00
  -5.1986188e-01
  -1.6854070e+00
   3.8080558e+00
   1.9471826e+00
   3.0004777e-01
   3.2034882e+00
  -5.8549480e+00
  -2.7430768e+00
   5.8576205e+00
   5.4673425e+00
   5.5455438e+00
   2.7231504e+00
   1.7265790e+00
  -4.8620959e+00
   2.3258145e+00
  -1.7961470e-01
  -3.0207152e+00
   3.9325958e+00
  -1.1139038e+00
  -4.4410516e-01
   7.9605079e-01
  -3.8249769e+00
   2.3626155e+00
  -7.2018940e-01
  -5.4199826e+00
   4.0506943e+00
   7.4287103e-01
  -2.4957764e-01
  -2.3905625e+00
   2.1552006e+00
   5.6329314e+00
   4.4055920e-01
   1.6690151e+00
   4.7149706e+00
  -1.5994401e+00
  -3.6835618e+00
  -3.2395414e+00
   2.4588852e+00
   1.6123449e+00
  -3.6944256e+00
  -2.7131723e+00
  -3.9459023e+00
  -5.6699446e+00
   1.7827713e+00
  -3.3141376e+00
   1.5817683e+00
   1.8328722e+00
  -7.0687270e-01
  -4.5501100e+00
  -2.6968171e+00
   3.8088717e+00
  -7.4071529e-01
  -1.4739409e+00
  -3.4658325e+00
  -9.0419196e-01
   5.3513061e+00
   1.5128279e+00
  -3.6472057e+00
   4.3768943e+00
  -2.3324892e+00
   5.3517070e+00
   3.6408950e-02
  -2.3921437e-02
  -5.1417985e+00
  -4.3447479e+00
  -1.5226447e+00
   4.9214031e+00
  -5.8840626e+00
  -4.0519699e-01
   4.5737871e+00
  -7.8133068e-02
   3.3208370e+00
  -2.4897351e+00
   2.9684469e+00
  -4.4480885e+00
  -1.8543462e+00
  -9.9544818e-01
   1.2583462e-01
  -3.4732613e+00
   5.4757660e+00
   2.5705364e+00
  -1.5909420e+00
  -4.3528249e+00
  -1.0908551e+00
  -3.3044725e+00
   5.9271969e+00
   5.5190790e+00
  -2.2316625e+00
   3.4931513e+00
  -1.3526635e-01
   2.4709513e-01
  -1.1489559e+00
   3.4933523e+00
  -4.0392727e+00
   5.0510807e+00
   2.1361526e+00
   3.7978474e+00
  -5.0842534e+00
  -2.3212631e+00
  -1.4179119e+00
  -1.8514352e+00
  -1.8477784e+00
  -2.2686725e-01
  -3.2777723e+00
  -5.2444863e+00
  -3.5342226e+00
   5.9778713e+00
   5.6791812e+00
  -2.5040175e-01
  -2.5701686e+00
   3.1454341e+00
  -3.9087595e+00
  -5.6547221e+00
   8.7167816e-01
  -5.5338415e+00
   2.8753141e+00
   3.2450943e+00
  -5.7638977e+00
  -5.1647711e+00
   5.5424269e+00
   4.1852012e+00
  -5.4504055e+00
   3.6046719e+00
  -2.5453683e+00
  -1.8651790e+00
   1.6346896e+00
   1.5350875e+00
   3.2631933e+00
  -2.8994946e+00
   4.2023198e+00
   2.5537777e-02
   3.5400589e+00
  -4.5550521e+00
   2.3977308e+00
  -2.5246843e+00
  -5.5054006e+00
   2.2175069e+00
   3.2213109e+00
   2.7805985e+00
  -2.4878621e+00
  -1.7291457e+00
  -2.3149960e+00
  -1.2349775e-01
   2.0077087e+00
   4.4698036e+00
   4.8929263e+00
  -1.8776512e+00
  -5.5594520e-02
   1.3667278e+00
  -4.1085616e+00
  -5.7591955e+00
  -2.9717461e+00
   2.8141634e+00
   5.7420049e+00
  -3.9146158e+00
   4.3188490e+00
   1.9820284e+00
  -4.3983476e+00
  -1.6613110e+00
  -4.8226245e+00
  -5.9310077e-01
   3.9124282e+00
   4.1175464e+00
  -2.1352236e+00
   1.2400564e+00
   2.3903459e+00
   1.6407760e+00
  -4.7981062e+00
   4.2784697e+00
  -3.8776703e+00
   2.9141755e+00
   5.3703571e+00
  -2.0718718e+00
   3.5591118e+00
  -1.2574190e+00
   5.9221622e+00
   3.5401158e+00
  -9.3500481e-01
   5.8227290e+00
  -3.8992425e+00
   2.7358666e-01
   5.0746272e+00
  -5.2139049e+00
  -5.9068371e+00
   1.8357063e+00
  -5.0381339e+00
  -2.4788354e-01
  -3.6600098e+00
   4.7682511e+00
   3.8449786e+00
  -5.6505291e+00
  -4.6388276e+00
   1.0508157e+00
  -3.9116712e+00
   2.3954323e+00
   2.7769783e+00
  -1.7145344e+00
   5.7397380e+00
   6.7892092e-01
   5.5968477e+00
  -5.5823329e+00
  -1.8031048e+00
   3.9583354e+00
  -4.6094709e+00
   8.4383501e-01
   4.3632206e+00
  -5.7932649e+00
  -2.8622767e+00
  -2.4797837e+00
  -1.7237975e+00
   3.2132773e+00
  -5.6927638e+00
   2.9316661e+00
  -5.2194148e+00
  -7.1820474e-01
  -3.5705951e+00
  -1.4820643e+00
  -2.5118341e+00
   1.6753182e+00
  -5.8359922e+00
   4.7615544e+00
  -1.5832705e+00
  -5.3389874e+00
   1.5051566e-01
  -5.2322576e-01
   5.7752988e+00
  -5.3556480e-01
  -3.1551920e+00
   4.7085699e+00
  -1.9924758e+00
  -2.8829314e+00
  -3.0457595e+00
  -4.4701540e+00
   2.7993326e+00
  -5.8451107e+00
   4.5223897e+00
  -6.5792318e-01
   1.0841836e+00
   2.3441717e-01
   3.7055240e-01
  -2.2094491e-01
   3.9158892e+00
   2.0104137e-01
   3.5717108e+00
   5.8481235e+00
   1.4750478e+00
  -5.5070346e+00
  -5.6468044e+00
  -4.3196866e+00
   3.5196403e+00
   3.7928711e+00
  -1.0376145e+00
   3.3624709e+00
  -2.7996932e-01
  -1.1623878e+00
   5.8007338e+00
  -4.3470317e+00
   2.4419833e+00
  -2.0250649e+00
  -4.3564716e+00
  -1.5724689e-01
  -2.0312202e+00
   1.4170083e+00
  -5.5717300e+00
   2.2082184e+00
   3.6065657e+00
  -4.0562153e+00
   5.2217587e+00
  -4.5732856e-02
   2.9623284e+00
  -3.7669370e-01
   2.9794388e+00
  -5.2218388e+00
   1.5916683e+00
  -2.0362891e+00
   2.1570746e+00
  -8.1266989e-01
  -4.8308428e+00
   3.9637911e+00
  -2.2610696e+00
  -5.2424310e+00
   5.6782911e+00
  -1.0048096e+00
  -3.5104620e+00
  -1.9242371e+00
  -1.7872173e+00
   4.9379009e+00
   2.8705596e+00
   4.6632271e+00
  -1.3021350e-01
  -3.9770220e-01
  -7.9915978e-01
   2.6370913e+00
  -7.1520568e-01
   1.6873156e+00
   7.0551561e-01
   5.2186952e+00
  -4.3187979e-01
   9.8773817e-02
   2.8549176e+00
   5.3369036e+00
   5.3168328e+00
   4.6131493e+00
  -2.4244418e+00
  -3.1090916e+00
  -4.7235925e-01
  -7.5922420e-01
   1.6764944e+00
   5.2791868e+00
   1.7965168e+00
  -5.2584597e-02
  -3.0536843e+00
  -4.6399752e+00
   2.0955909e+00
  -3.4435478e+00
   3.8665264e+00
   2.9949700e+00
   5.4700159e+00
  -2.3022969e+00
   2.1660066e-03
   2.7321460e+00
   1.0647526e+00
  -4.5128789e+00
   4.7581830e+00
  -3.8841468e+00
   1.3982249e-01
  -3.9805119e+00
  -2.3843580e+00
   5.9030585e-01
  -3.1740510e+00
   2.5101492e-01
   8.8933477e-03
   3.1075166e+00
   2.5784964e+00
   4.7365494e+00
   3.4837704e+00
   4.4972854e+00
  -7.4905771e-02
  -5.1461733e+00
   4.4527988e+00
  -5.7320580e+00
   1.2107195e+00
   5.4535710e+00
   3.2309965e+00
   7.2431105e-01
  -5.1337757e+00
   3.2695796e+00
   1.0867129e+00
   2.0383969e+00
  -3.7438989e+00
  -1.7606903e+00
  -4.0024794e+00
  -4.0545538e-01
  -2.3029656e+00
  -4.6642292e+00
  -3.1336488e+00
   3.4451874e+00
   3.9918088e-02
  -5.5776639e+00
   2.7771132e+00
  -5.3808464e+00
  -4.3477548e+00
  -2.7528804e+00
  -7.3942355e-01
   4.7993052e+00
   4.2882482e-02
   2.5087396e-01
  -3.2175211e+00
  -1.9413240e+00
  -3.3447211e+00
  -5.8341183e+00
  -4.6375809e+00
   6.1114536e-01
   1.0502203e+00
  -2.3199614e+00
   3.5762134e-01
  -3.8996843e+00
  -1.6875921e+00
   3.2169534e+00
   1.7045755e+00
  -4.6831025e+00
   2.6564400e+00
   5.7378960e+00
   5.2124801e+00
  -3.3433808e+00
  -5.7959679e+00
   4.3479851e+00
  -2.5679750e+00
   5.9637033e-01
  -1.1091075e-02
  -4.9783354e-01
   3.8790855e-01
   5.8247345e+00
   5.1854981e-01
  -4.2346060e+00
   4.1838155e+00
   2.3974530e+00
   1.1795289e+00
  -1.9384019e+00
  -3.0752302e+00
  -5.1077629e+00
  -4.9052410e+00
   3.1753623e+00
   2.8837061e+00
   2.0227830e+00
  -3.3903011e+00
   4.8082840e+00
  -2.5695450e+00
  -3.2438294e+00
   4.5439506e+00
   1.8104641e+00
   5.8317663e-01
   1.0521793e+00
  -2.0531082e+00
   3.2578320e-01
   2.6602849e+00
   5.3219631e+00
   8.3608044e-01
   4.0898517e+00
   2.5790968e+00
   4.7248809e+00
  -4.9280695e+00
   3.6588357e+00
   4.5850151e+00
  -3.8287340e+00
   5.2142201e+00
  -4.9303649e+00
  -2.1722978e-01
  -3.6396603e+00
   5.0695159e+00
  -1.3418989e+00
  -5.0329143e+00
  -1.1160806e-02
  -3.0831982e-02
   1.5761464e+00
   4.1613283e+00
   1.6728180e+00
   4.4072662e+00
   2.4985931e+00
   4.4266350e+00
   4.3055764e+00
  -4.6546408e+00
  -3.1027149e+00
  -6.6434356e-01
  -6.6355746e-01
   1.8303368e+00
   1.9998889e+00
   1.0811089e+00
   5.0921094e+00
   5.9949387e-01
  -1.6607284e+00
   2.9803739e+00
  -3.9212596e+00
  -5.3621115e+00
  -5.3571659e+00
   5.9250167e+00
   1.4043022e+00
   4.5240819e-01
  -1.9004991e+00
  -2.8050553e+00
   5.5314892e+00
  -5.4969686e-01
  -3.0015419e+00
  -5.9162002e+00
  -5.1649638e+00
  -4.5520089e+00
   4.2320593e+00
  -1.6522431e+00
  -5.2855233e+00
   1.7913691e-01
  -5.2012825e+00
  -5.2628286e-01
   2.4008477e+00
  -6.6479488e-01
   2.5788719e+00
  -1.6175940e+00
  -5.4012399e-01
   3.8311737e+00
   8.9429101e-01
   8.5526458e-02
  -2.2968391e+00
   5.1505984e+00
  -3.4833464e+00
   3.3628244e+00
  -1.5603516e+00
  -3.5493644e+00
   5.2419372e-01
   4.5808625e-01
   5.0463353e+00
   5.3499408e+00
  -8.8466923e-01
   4.9605616e+00
   4.7327400e+00
   4.8261738e-01
  -2.8816370e+00
  -5.3460138e+00
   2.7624412e+00
  -2.7542590e+00
   5.9023111e+00
   1.0729887e+00
   5.9158553e+00
   2.4210964e+00
  -5.6213903e+00
  -4.2780603e-01
  -1.1968122e+00
   2.3506004e-01
   7.3199741e-01
  -5.4928662e+00
   4.6554468e+00
  -4.0676069e+00
  -3.3105210e+00
  -1.2787853e+00
  -1.1015195e+00
   4.5423917e+00
  -1.4072866e-02
   2.4878551e+00
  -1.5389166e+00
  -1.6028578e+00
   1.8435516e+00
  -4.6523689e+00
  -4.3016889e+00
   5.1240037e+00
   3.9393696e+00
   1.5491087e+00
  -5.4969722e+00
  -2.1907741e+00
   4.9255642e+00
   3.7163823e+00
  -1.4554313e+00
  -2.8432507e+00
  -2.6135020e+00
  -3.9901534e+00
   6.2198333e-01
   3.7767713e+00
   5.9574874e+00
  -1.8258059e-01
   1.1609007e+00
  -1.7351492e+00
  -2.8527228e+00
   1.6394832e+00
   4.8305817e+00
  -3.0723002e+00
   9.7516487e-01
  -4.9064449e+00
  -1.3265655e+00
  -1.1695781e-01
   5.4291581e+00
  -2.1039557e+00
   6.3058082e-01
  -6.8712206e-01
   5.8757289e+00
  -2.8197680e+00
  -1.1755023e+00
  -5.3728554e+00
   7.8727680e-01
  -2.7124603e+00
   3.4991202e+00
  -5.2330319e+00
  -5.8939292e+00
   2.0410595e+00
  -3.5593463e+00
   9.7676460e-02
  -3.0540829e+00
  -9.6108235e-01
  -5.6535186e+00
   7.8818263e-01
   2.9949686e+00
  -5.4332212e+00
  -2.6688342e+00
   4.2223372e+00
   5.9541646e-02
   1.8999656e+00
   1.2139125e+00
  -5.2780166e+00
  -1.7671475e+00
   2.5325133e+00
   1.9100350e-01
   3.8304633e+00
   2.3151493e+00
  -3.1322439e+00
   4.4602678e+00
   1.7880492e-01
  -1.3460219e+00
  -4.6664291e+00
  -8.7259080e-01
  -2.6581392e+00
   1.0825592e+00
  -1.0231630e-01
   1.1996805e-02
  -2.3404289e-01
  -9.6636300e-01
  -4.2885883e+00
   4.7866612e+00
  -1.3731879e+00
   5.1458288e+00
  -1.9108451e-01
   4.2270925e+00
   2.9707087e+00
   5.4310903e+00
   1.9266768e+00
   2.6116620e+00
  -1.9499932e+00
  -1.8082597e+00
  -5.1115952e-01
   4.1308189e-02
  -5.7768767e-01
   1.0707667e-01
  -2.4840382e+00
   5.8211478e+00
  -1.8608452e+00
  -1.8830513e+00
   9.6095332e-01
  -2.8989054e+00
  -4.3678547e+00
   4.7975894e+00
  -3.0556945e+00
  -1.4982090e+00
   4.8394212e+00
   5.7355736e+00
   5.7699287e+00
  -3.2434509e+00
  -5.7612719e+00
   1.8808029e+00
  -4.4883021e+00
  -1.2761653e+00
  -5.5024260e+00
   4.9784831e+00
   1.1707598e+00
   4.3724066e+00
  -7.9604591e-01
   7.7191259e-01
  -1.1933723e+00
  -5.0165725e+00
   1.7489626e+00
  -4.7958320e+00
   3.1565855e+00
  -1.5547037e+00
   7.8900152e-01
  -5.4054510e-01
   4.8690768e+00
   3.8106807e-01
  -9.2890486e-01
   5.8001094e-01
   4.9787186e+00
   4.8838026e+00
   5.8142277e+00
   1.1420279e+00
  -1.3410161e+00
  -5.7522063e+00
  -3.7645745e+00
   3.9825548e+00
   1.5375705e+00
  -5.1313555e-01
   5.4136120e+00
  -1.1323175e+00
  -2.1956833e+00
  -3.5741283e-01
   2.9026631e+00
  -2.6673109e+00
   2.1703802e+00
  -5.1968540e-01
  -1.3410702e+00
   1.4997945e+00
  -2.4609845e+00
  -1.9199851e+00
  -2.4313993e+00
  -3.9505397e+00
   3.2364536e+00
   3.1782863e+00
   1.5860126e+00
   1.7215350e-02
   9.8566223e-01
   5.1774494e+00
   3.1942404e+00
   8.0949966e-01
   4.7169423e-01
   5.5454043e+00
  -1.5200382e+00
  -5.1376759e+00
  -4.0853871e+00
   3.9927210e+00
  -9.4800766e-01
   1.5574411e+00
  -3.6238961e+00
  -2.3949937e+00
  -4.5433249e-01
   5.5775254e+00
  -2.9968375e+00
   1.1030927e+00
   2.5517727e+00
   4.4449189e+00
   1.8377092e+00
  -4.5697152e+00
  -5.4303789e+00
  -3.9551429e+00
   4.7711784e+00
   2.6154544e-01
  -1.3104544e+00
   1.8394647e+00
   5.5475061e+00
  -5.6799659e+00
  -4.5459976e+00
  -4.4444300e+00
   2.2235229e+00
   4.5246429e+00
   4.5732912e+00
   2.2889455e+00
  -5.1793730e+00
  -4.8482312e+00
  -1.0622399e-01
   2.6120777e+00
  -1.5780077e+00
   4.3507019e+00
   3.4768535e+00
   1.0378158e+00
  -4.7607757e+00
   1.7814042e+00
  -5.8122526e+00
   1.6395560e+00
  -2.1704622e+00
   5.6198843e+00
  -9.8013463e-01
   4.6282741e+00
  -2.2392983e+00
  -3.5099108e+00
  -2.2307823e+00
   3.8007127e+00
  -4.0961604e+00
  -6.2185595e-01
   6.7555550e-01
  -4.8720802e+00
   7.7132685e-01
   2.0984452e+00
   4.3855699e-02
  -5.5183378e+00
  -3.2480572e+00
   2.5133824e+00
   5.5960418e+00
   5.2668803e+00
  -1.3446342e+00
  -8.8561647e-01
  -7.3552017e-01
  -3.3413275e+00
  -4.0920192e+00
  -5.7231152e+00
  -5.6036109e+00
   4.9645294e-01
   1.5331934e+00
  -4.6706597e+00
  -3.8530962e+00
   2.3782467e+00
   9.6608335e-01
   2.7003318e+00
   5.9580764e+00
   4.1312350e+00
   5.1190981e+00
  -2.5965350e+00
  -5.2429125e+00
   5.6040256e+00
   2.8298448e+00
  -4.3730363e+00
  -4.5954282e+00
   1.5439855e-01
   5.6715064e+00
   2.9134285e+00
   2.3991298e+00
  -5.3444579e+00
  -5.2746499e+00
   5.7686843e+00
   4.4665403e-01
   5.4584898e+00
  -8.0002813e-01
  -1.3175135e+00
  -2.3680347e+00
   4.9564141e+00
  -4.2894871e+00
  -5.5896373e+00
  -2.2370656e+00
   1.8765703e+00
  -2.9872700e+00
   7.9108662e-01
   3.5991608e+00
  -4.5356775e+00
  -4.8025483e+00
   5.8891504e+00
  -4.7350502e+00
   4.0978999e+00
   3.0425009e+00
   2.9901717e+00
  -4.7448435e+00
  -1.4927058e+00
  -2.6536881e+00
  -1.3756065e+00
   3.2299396e+00
   3.4716437e+00
  -4.1115404e+00
   2.8058632e+00
   5.9020825e+00
  -8.1748594e-02
   4.8334536e+00
   2.5736565e+00
  -4.5744103e-01
  -7.3721563e-01
   2.3773812e-01
   4.3235944e+00
   3.3289020e+00
   3.5834179e+00
   5.2562269e+00
   1.3960384e+00
   5.3438823e+00
  -5.0275258e+00
  -1.1054935e+00
   2.7503226e+00
  -3.6962447e+00
   1.3143527e+00
  -5.0819208e+00
   1.0454182e-01
   2.3528176e+00
  -1.5647232e+00
  -4.6712635e+00
  -4.4242150e+00
   4.6148304e+00
   1.9358105e+00
   3.2818389e-01
  -5.8481460e+00
  -5.1395108e+00
   2.1697426e+00
   7.0213363e-01
  -6.1671713e-01
   4.4354993e+00
  -2.9604424e-01
   2.2935538e+00
  -1.6868336e+00
  -5.1943586e+00
  -1.7762353e+00
   4.9455234e+00
  -4.5967372e+00
   5.1069929e+00
  -5.7833661e+00
  -6.4895748e-01
   4.1735179e-01
   1.0886678e-01
  -7.0740125e-01
   5.1832079e+00
   4.4724474e+00
   1.0657525e+00
  -7.8573211e-01
  -5.8613927e+00
   1.5321501e-01
  -1.4715474e+00
  -2.6773122e+00
   1.5122645e+00
  -3.4663821e+00
   3.4161016e+00
   2.3449417e+00
  -5.6079778e+00
   7.2679597e-01
   3.8315516e+00
   5.0514444e+00
   2.7382537e+00
  -2.0435054e+00
   5.1098409e+00
  -9.8876785e-02
   3.0405781e-02
  -1.3040635e-02
   1.5365540e+00
   1.0382544e+00
  -4.0107682e+00
   4.9387947e+00
  -2.2938883e-01
   4.5407619e+00
   2.5701827e+00
  -1.0697169e+00
   3.9835849e+00
  -3.3242774e+00
  -4.2087665e+00
   9.2898335e-01
   2.8391350e+00
   2.1287330e+00
  -3.3906523e+00
   3.6038854e+00
   1.8664284e+00
  -3.4212615e+00
  -2.3958778e+00
   2.1129171e+00
  -1.7024638e-01
   4.2712680e+00
   3.3577705e+00
   5.8867707e+00
   4.4298931e+00
   2.7554844e+00
  -5.9363972e+00
   1.0413930e+00
  -1.3840977e+00
   5.7530446e+00
   4.9287481e+00
  -2.4180150e+00
   4.2869613e+00
   5.3944946e+00
   4.3742752e-01
   2.2465037e+00
   8.2704532e-01
   3.1575796e+00
   2.9129512e+00
   1.1848600e+00
   4.9325123e+00
  -1.1727728e-01
  -3.1471001e+00
  -2.1140454e+00
  -3.3181817e+00
   3.2544752e+00
  -1.2286879e+00
   2.3281988e+00
   4.1814370e+00
  -8.1664955e-04
   3.6114772e+00
  -3.7374392e-01
  -4.3120811e+00
   3.4353242e+00
  -5.9460874e-01
  -5.5533901e-02
   5.8099621e-01
  -7.8785989e-01
   2.8629196e-01
  -2.6242079e+00
   2.2173536e+00
   1.5635171e+00
   5.3890567e+00
   2.5818555e+00
   1.8784942e+00
  -2.1956313e+00
  -1.9101912e+00
   4.6301771e+00
   2.6902804e+00
  -1.1868649e+00
  -4.2209555e+00
   3.0667389e+00
  -1.1889042e+00
   1.9484365e+00
   3.2312527e+00
  -2.8518169e+00
   4.4024432e+00
   1.3582577e+00
   2.0162817e+00
   1.5835559e+00
  -4.7758593e-01
   3.2096087e+00
   2.1844051e+00
  -2.5315409e+00
   3.7880294e+00
  -4.1947243e-01
   5.3260374e+00
  -4.1846210e+00
   3.8991890e+00
  -2.8882309e+00
  -5.8505903e+00
  -1.0640174e+00
  -1.1686524e+00
   4.9989185e+00
  -9.4126648e-01
  -2.4505857e+00
  -9.3173135e-01
   2.7252324e+00
  -3.4626946e-01
   4.5926623e+00
   8.0583883e-01
   1.4637536e+00
  -4.8110931e+00
   3.5596412e+00
   2.8322113e+00
  -1.6330979e+00
  -7.5988395e-01
  -4.9771104e+00
   5.2046551e+00
  -2.1305705e+00
  -5.0396792e-01
  -4.9449066e+00
  -5.5699697e+00
   4.0536300e+00
  -5.3014732e+00
   5.9694967e+00
   5.2719019e+00
   3.6968946e+00
  -3.2686494e+00
  -2.9393103e+00
   4.3109022e+00
   4.7910846e+00
  -3.1047349e+00
   3.9922038e+00
  -5.4884696e-01
   3.9685758e-01
   1.8920982e+00
  -3.2636725e+00
  -1.5747334e+00
   5.4114241e+00
  -5.8367119e+00
  -3.7023821e-01
   4.8485656e+00
   2.1855511e+00
  -5.5069095e+00
  -5.1986188e-01
  -1.6854070e+00
   3.8080558e+00
   1.9471826e+00
   3.0004777e-01
   3.2034882e+00
  -5.8549480e+00
  -2.7430768e+00
   5.8576205e+00
   5.4673425e+00
   5.5455438e+00
   2.7231504e+00
   1.7265790e+00
  -4.8620959e+00
   2.3258145e+00
  -1.7961470e-01
  -3.0207152e+00
   3.9325958e+00
  -1.1139038e+00
  -4.4410516e-01
   7.9605079e-01
  -3.8249769e+00
   2.3626155e+00
  -7.2018940e-01
  -5.4199826e+00
   4.0506943e+00
   7.4287103e-01
  -2.4957764e-01
  -2.3905625e+00
   2.1552006e+00
   5.6329314e+00
   4.4055920e-01
   1.6690151e+00
   4.7149706e+00
  -1.5994401e+00
  -3.6835618e+00
  -3.2395414e+00
   2.4588852e+00
   1.6123449e+00
  -3.6944256e+00
  -2.7131723e+00
  -3.9459023e+00
  -5.6699446e+00
   1.7827713e+00
  -3.3141376e+00
   1.5817683e+00
   1.8328722e+00
  -7.0687270e-01
  -4.5501100e+00
  -2.6968171e+00
   3.8088717e+00
  -7.4071529e-01
  -1.4739409e+00
  -3.4658325e+00
  -9.0419196e-01
   5.3513061e+00
   1.5128279e+00
  -3.6472057e+00
   4.3768943e+00
  -2.3324892e+00
   5.3517070e+00
   3.6408950e-02
  -2.3921437e-02
  -5.1417985e+00
  -4.3447479e+00
  -1.5226447e+00
   4.9214031e+00
  -5.8840626e+00
  -4.0519699e-01
   4.5737871e+00
  -7.8133068e-02
   3.3208370e+00
  -2.4897351e+00
   2.9684469e+00
  -4.4480885e+00
  -1.8543462e+00
  -9.9544818e-01
   1.2583462e-01
  -3.4732613e+00
   5.4757660e+00
   2.5705364e+00
  -1.5909420e+00
  -4.3528249e+00
  -1.0908551e+00
  -3.3044725e+00
   5.9271969e+00
   5.5190790e+00
  -2.2316625e+00
   3.4931513e+00
  -1.3526635e-01
   2.4709513e-01
  -1.1489559e+00
   3.4933523e+00
  -4.0392727e+00
   5.0510807e+00
   2.1361526e+00
   3.7978474e+00
  -5.0842534e+00
  -2.3212631e+00
  -1.4179119e+00
  -1.8514352e+00
  -1.8477784e+00
  -2.2686725e-01
  -3.2777723e+00
  -5.2444863e+00
  -3.5342226e+00
   5.9778713e+00
   5.6791812e+00
  -2.5040175e-01
  -2.5701686e+00
   3.1454341e+00
  -3.9087595e+00
  -5.6547221e+00
   8.7167816e-01
  -5.5338415e+00
   2.8753141e+00
   3.2450943e+00
  -5.7638977e+00
  -5.1647711e+00
   5.5424269e+00
   4.1852012e+00
  -5.4504055e+00
   3.6046719e+00
  -2.5453683e+00
  -1.8651790e+00
   1.6346896e+00
   1.5350875e+00
   3.2631933e+00
  -2.8994946e+00
   4.2023198e+00
   2.5537777e-02
   3.5400589e+00
  -4.5550521e+00
   2.3977308e+00
  -2.5246843e+00
  -5.5054006e+00
   2.2175069e+00
   3.2213109e+00
   2.7805985e+00
  -2.4878621e+00
  -1.7291457e+00
  -2.3149960e+00
  -1.2349775e-01
   2.0077087e+00
   4.4698036e+00
   4.8929263e+00
  -1.8776512e+00
  -5.5594520e-02
   1.3667278e+00
  -4.1085616e+00
  -5.7591955e+00
  -2.9717461e+00
   2.8141634e+00
   5.7420049e+00
  -3.9146158e+00
   4.3188490e+00
   1.9820284e+00
  -4.3983476e+00
  -1.6613110e+00
  -4.8226245e+00
  -5.9310077e-01
   3.9124282e+00
   4.1175464e+00
  -2.1352236e+00
   1.2400564e+00
   2.3903459e+00
   1.6407760e+00
  -4.7981062e+00
   4.2784697e+00
  -3.8776703e+00
   2.9141755e+00
   5.3703571e+00
  -2.0718718e+00
   3.5591118e+00
  -1.2574190e+00
   5.9221622e+00
   3.5401158e+00
  -9.3500481e-01
   5.8227290e+00
  -3.8992425e+00
   2.7358666e-01
   5.0746272e+00
  -5.2139049e+00
  -5.9068371e+00
   1.8357063e+00
  -5.0381339e+00
  -2.4788354e-01
  -3.6600098e+00
   4.7682511e+00
   3.8449786e+00
  -5.6505291e+00
  -4.6388276e+00
   1.0508157e+00
  -3.9116712e+00
   2.3954323e+00
   2.7769783e+00
  -1.7145344e+00
   5.7397380e+00
   6.7892092e-01
   5.5968477e+00
  -5.5823329e+00
  -1.8031048e+00
   3.9583354e+00
  -4.6094709e+00
   8.4383501e-01
   4.3632206e+00
  -5.7932649e+00
  -2.8622767e+00
  -2.4797837e+00
  -1.7237975e+00
   3.2132773e+00
  -5.6927638e+00
   2.9316661e+00
  -5.2194148e+00
  -7.1820474e-01
  -3.5705951e+00
  -1.4820643e+00
  -2.5118341e+00
   1.6753182e+00
  -5.8359922e+00
   4.7615544e+00
  -1.5832705e+00
  -5.3389874e+00
   1.5051566e-01
  -5.2322576e-01
   5.7752988e+00
  -5.3556480e-01
  -3.1551920e+00
   4.7085699e+00
  -1.9924758e+00
  -2.8829314e+00
  -3.0457595e+00
  -4.4701540e+00
   2.7993326e+00
  -5.8451107e+00
   4.5223897e+00
  -6.5792318e-01
   1.0841836e+00
   2.3441717e-01
   3.7055240e-01
  -2.2094491e-01
   3.9158892e+00
   2.0104137e-01
   3.5717108e+00
   5.8481235e+00
   1.4750478e+00
  -5.5070346e+00
  -5.6468044e+00
  -4.3196866e+00
   3.5196403e+00
   3.7928711e+00
  -1.0376145e+00
   3.3624709e+00
  -2.7996932e-01
  -1.1623878e+00
   5.8007338e+00
  -4.3470317e+00
   2.4419833e+00
  -2.0250649e+00
  -4.3564716e+00
  -1.5724689e-01
  -2.0312202e+00
   1.4170083e+00
  -5.5717300e+00
   2.2082184e+00
   3.6065657e+00
  -4.0562153e+00
   5.2217587e+00
  -4.5732856e-02
   2.9623284e+00
  -3.7669370e-01
   2.9794388e+00
  -5.2218388e+00
   1.5916683e+00
  -2.0362891e+00
   2.1570746e+00
  -8.1266989e-01
  -4.8308428e+00
   3.9637911e+00
  -2.2610696e+00
  -5.2424310e+00
   5.6782911e+00
  -1.0048096e+00
  -3.5104620e+00
  -1.9242371e+00
  -1.7872173e+00
   4.9379009e+00
   2.8705596e+00
   4.6632271e+00
  -1.3021350e-01
  -3.9770220e-01
  -7.9915978e-01
   2.6370913e+00
  -7.1520568e-01
   1.6873156e+00
   7.0551561e-01
   5.2186952e+00
  -4.3187979e-01
   9.8773817e-02
   2.8549176e+00
   5.3369036e+00
   5.3168328e+00
   4.6131493e+00
  -2.4244418e+00
  -3.1090916e+00
  -4.7235925e-01
  -7.5922420e-01
   1.6764944e+00
   5.2791868e+00
   1.7965168e+00
  -5.2584597e-02
  -3.0536843e+00
  -4.6399752e+00
   2.0955909e+00
  -3.4435478e+00
   3.8665264e+00
   2.9949700e+00
   5.4700159e+00
  -2.3022969e+00
   2.1660066e-03
   2.7321460e+00
   1.0647526e+00
  -4.5128789e+00
   4.7581830e+00
  -3.8841468e+00
   1.3982249e-01
  -3.9805119e+00
  -2.3843580e+00
   5.9030585e-01
  -3.1740510e+00
   2.5101492e-01
   8.8933477e-03
   3.1075166e+00
   2.5784964e+00
   4.7365494e+00
   3.4837704e+00
   4.4972854e+00
  -7.4905771e-02
  -5.1461733e+00
   4.4527988e+00
  -5.7320580e+00
   1.2107195e+00
   5.4535710e+00
   3.2309965e+00
   7.2431105e-01
  -5.1337757e+00
   3.2695796e+00
   1.0867129e+00
   2.0383969e+00
  -3.7438989e+00
  -1.7606903e+00
  -4.0024794e+00
  -4.0545538e-01
  -2.3029656e+00
  -4.6642292e+00
  -3.1336488e+00
   3.4451874e+00
   3.9918088e-02
  -5.5776639e+00
   2.7771132e+00
  -5.3808464e+00
  -4.3477548e+00
  -2.7528804e+00
  -7.3942355e-01
   4.7993052e+00
   4.2882482e-02
   2.5087396e-01
  -3.2175211e+00
  -1.9413240e+00
  -3.3447211e+00
  -5.8341183e+00
  -4.6375809e+00
   6.1114536e-01
   1.0502203e+00
  -2.3199614e+00
   3.5762134e-01
  -3.8996843e+00
  -1.6875921e+00
   3.2169534e+00
   1.7045755e+00
  -4.6831025e+00
   2.6564400e+00
   5.7378960e+00
   5.2124801e+00
  -3.3433808e+00
  -5.7959679e+00
   4.3479851e+00
  -2.5679750e+00
   5.9637033e-01
  -1.1091075e-02
  -4.9783354e-01
   3.8790855e-01
   5.8247345e+00
   5.1854981e-01
  -4.2346060e+00
   4.1838155e+00
   2.3974530e+00
   1.1795289e+00
  -1.9384019e+00
  -3.0752302e+00
  -5.1077629e+00
  -4.9052410e+00
   3.1753623e+00
   2.8837061e+00
   2.0227830e+00
  -3.3903011e+00
   4.8082840e+00
  -2.5695450e+00
  -3.2438294e+00
   4.5439506e+00
   1.8104641e+00
   5.8317663e-01
   1.0521793e+00
  -2.0531082e+00
   3.2578320e-01
   2.6602849e+00
   5.3219631e+00
   8.3608044e-01
   4.0898517e+00
   2.5790968e+00
   4.7248809e+00
  -4.9280695e+00
   3.6588357e+00
   4.5850151e+00
  -3.8287340e+00
   5.2142201e+00
  -4.9303649e+00
  -2.1722978e-01
  -3.6396603e+00
   5.0695159e+00
  -1.3418989e+00
  -5.0329143e+00
  -1.1160806e-02
  -3.0831982e-02
   1.5761464e+00
   4.1613283e+00
   1.6728180e+00
   4.4072662e+00
   2.4985931e+00
   4.4266350e+00
   4.3055764e+00
  -4.6546408e+00
  -3.1027149e+00
  -6.6434356e-01
  -6.6355746e-01
   1.8303368e+00
   1.9998889e+00
   1.0811089e+00
   5.0921094e+00
   5.9949387e-01
  -1.6607284e+00
   2.9803739e+00
  -3.9212596e+00
  -5.3621115e+00
  -5.3571659e+00
   5.9250167e+00
   1.4043022e+00
   4.5240819e-01
  -1.9004991e+00
  -2.8050553e+00
   5.5314892e+00
  -5.4969686e-01
  -3.0015419e+00
  -5.9162002e+00
  -5.1649638e+00
  -4.5520089e+00
   4.2320593e+00
  -1.6522431e+00
  -5.2855233e+00
   1.7913691e-01
  -5.2012825e+00
  -5.2628286e-01
   2.4008477e+00
  -6.6479488e-01
   2.5788719e+00
  -1.6175940e+00
  -5.4012399e-01
   3.8311737e+00
   8.9429101e-01
   8.5526458e-02
  -2.2968391e+00
   5.1505984e+00
  -3.4833464e+00
   3.3628244e+00
  -1.5603516e+00
  -3.5493644e+00
   5.2419372e-01
   4.5808625e-01
   5.0463353e+00
   5.3499408e+00
  -8.8466923e-01
   4.9605616e+00
   4.7327400e+00
   4.8261738e-01
  -2.8816370e+00
  -5.3460138e+00
   2.7624412e+00
  -2.7542590e+00
   5.9023111e+00
   1.0729887e+00
   5.9158553e+00
   2.4210964e+00
  -5.6213903e+00
  -4.2780603e-01
  -1.1968122e+00
   2.3506004e-01
   7.3199741e-01
  -5.4928662e+00
   4.6554468e+00
  -4.0676069e+00
  -3.3105210e+00
  -1.2787853e+00
  -1.1015195e+00
   4.5423917e+00
  -1.4072866e-02
   2.4878551e+00
  -1.5389166e+00
  -1.6028578e+00
   1.8435516e+00
  -4.6523689e+00
  -4.3016889e+00
   5.1240037e+00
   3.9393696e+00
   1.5491087e+00
  -5.4969722e+00
  -2.1907741e+00
   4.9255642e+00
   3.7163823e+00
  -1.4554313e+00
  -2.8432507e+00
  -2.6135020e+00
  -3.9901534e+00
   6.2198333e-01
   3.7767713e+00
   5.9574874e+00
  -1.8258059e-01
   1.1609007e+00
  -1.7351492e+00
  -2.8527228e+00
   1.6394832e+00
   4.8305817e+00
  -3.0723002e+00
   9.7516487e-01
  -4.9064449e+00
  -1.3265655e+00
  -1.1695781e-01
   5.4291581e+00
  -2.1039557e+00
   6.3058082e-01
  -6.8712206e-01
   5.8757289e+00
  -2.8197680e+00
  -1.1755023e+00
  -5.3728554e+00
   7.8727680e-01
  -2.7124603e+00
   3.4991202e+00
  -5.2330319e+00
  -5.8939292e+00
   2.0410595e+00
  -3.5593463e+00
   9.7676460e-02
  -3.0540829e+00
  -9.6108235e-01
  -5.6535186e+00
   7.8818263e-01
   2.9949686e+00
  -5.4332212e+00
  -2.6688342e+00
   4.2223372e+00
   5.9541646e-02
   1.8999656e+00
   1.2139125e+00
  -5.2780166e+00
  -1.7671475e+00
   2.5325133e+00
   1.9100350e-01
   3.8304633e+00
   2.3151493e+00
  -3.1322439e+00
   4.4602678e+00
   1.7880492e-01
  -1.3460219e+00
  -4.6664291e+00
  -8.7259080e-01
  -2.6581392e+00
   1.0825592e+00
  -1.0231630e-01
   1.1996805e-02
  -2.3404289e-01
  -9.6636300e-01
  -4.2885883e+00
   4.7866612e+00
  -1.3731879e+00
   5.1458288e+00
  -1.9108451e-01
   4.2270925e+00
   2.9707087e+00
   5.4310903e+00
   1.9266768e+00
   2.6116620e+00
  -1.9499932e+00
  -1.8082597e+00
  -5.1115952e-01
   4.1308189e-02
  -5.7768767e-01
   1.0707667e-01
  -2.4840382e+00
   5.8211478e+00
  -1.8608452e+00
  -1.8830513e+00
   9.6095332e-01
  -2.8989054e+00
  -4.3678547e+00
   4.7975894e+00
  -3.0556945e+00
  -1.4982090e+00
   4.8394212e+00
   5.7355736e+00
   5.7699287e+00
  -3.2434509e+00
  -5.7612719e+00
   1.8808029e+00
  -4.4883021e+00
  -1.2761653e+00
  -5.5024260e+00
   4.9784831e+00
   1.1707598e+00
   4.3724066e+00
  -7.9604591e-01
   7.7191259e-01
  -1.1933723e+00
  -5.0165725e+00
   1.7489626e+00
  -4.7958320e+00
   3.1565855e+00
  -1.5547037e+00
   7.8900152e-01
  -5.4054510e-01
   4.8690768e+00
   3.8106807e-01
  -9.2890486e-01
   5.8001094e-01
   4.9787186e+00
   4.8838026e+00
   5.8142277e+00
   1.1420279e+00
  -1.3410161e+00
  -5.7522063e+00
  -3.7645745e+00
   3.9825548e+00
   1.5375705e+00
  -5.1313555e-01
   5.4136120e+00
  -1.1323175e+00
  -2.1956833e+00
  -3.5741283e-01
   2.9026631e+00
  -2.6673109e+00
   2.1703802e+00
  -5.1968540e-01
  -1.3410702e+00
   1.4997945e+00
  -2.4609845e+00
  -1.9199851e+00
  -2.4313993e+00
  -3.9505397e+00
   3.2364536e+00
   3.1782863e+00
   1.5860126e+00
   1.7215350e-02
   9.8566223e-01
   5.1774494e+00
   3.1942404e+00
   8.0949966e-01
   4.7169423e-01
   5.5454043e+00
  -1.5200382e+00
  -5.1376759e+00
  -4.0853871e+00
   3.9927210e+00
  -9.4800766e-01
   1.5574411e+00
  -3.6238961e+00
  -2.3949937e+00
  -4.5433249e-01
   5.5775254e+00
  -2.9968375e+00
   1.1030927e+00
   2.5517727e+00
   4.4449189e+00
   1.8377092e+00
  -4.5697152e+00
  -5.4303789e+00
  -3.9551429e+00
   4.7711784e+00
   2.6154544e-01
  -1.3104544e+00
   1.8394647e+00
   5.5475061e+00
  -5.6799659e+00
  -4.5459976e+00
  -4.4444300e+00
   2.2235229e+00
   4.5246429e+00
   4.5732912e+00
   2.2889455e+00
  -5.1793730e+00
  -4.8482312e+00
  -1.0622399e-01
   2.6120777e+00
  -1.5780077e+00
   4.3507019e+00
   3.4768535e+00
   1.0378158e+00
  -4.7607757e+00
   1.7814042e+00
  -5.8122526e+00
   1.6395560e+00
  -2.1704622e+00
   5.6198843e+00
  -9.8013463e-01
   4.6282741e+00
  -2.2392983e+00
  -3.5099108e+00
  -2.2307823e+00
   3.8007127e+00
  -4.0961604e+00
  -6.2185595e-01
   6.7555550e-01
  -4.8720802e+00
   7.7132685e-01
   2.0984452e+00
   4.3855699e-02
  -5.5183378e+00
  -3.2480572e+00
   2.5133824e+00
   5.5960418e+00
   5.2668803e+00
  -1.3446342e+00
  -8.8561647e-01
  -7.3552017e-01
  -3.3413275e+00
  -4.0920192e+00
  -5.7231152e+00
  -5.6036109e+00
   4.9645294e-01
   1.5331934e+00
  -4.6706597e+00
  -3.8530962e+00
   2.3782467e+00
   9.6608335e-01
   2.7003318e+00
   5.9580764e+00
   4.1312350e+00
   5.1190981e+00
  -2.5965350e+00
  -5.2429125e+00
   5.6040256e+00
   2.8298448e+00
  -4.3730363e+00
  -4.5954282e+00
   1.5439855e-01
   5.6715064e+00
   2.9134285e+00
   2.3991298e+00
  -5.3444579e+00
  -5.2746499e+00
   5.7686843e+00
   4.4665403e-01
   5.4584898e+00
  -8.0002813e-01
  -1.3175135e+00
  -2.3680347e+00
   4.9564141e+00
  -4.2894871e+00
  -5.5896373e+00
  -2.2370656e+00
   1.8765703e+00
  -2.9872700e+00
   7.9108662e-01
   3.5991608e+00
  -4.5356775e+00
  -4.8025483e+00
   5.8891504e+00
  -4.7350502e+00
   4.0978999e+00
   3.0425009e+00
   2.9901717e+00
  -4.7448435e+00
  -1.4927058e+00
  -2.6536881e+00
  -1.3756065e+00
   3.2299396e+00
   3.4716437e+00
  -4.1115404e+00
   2.8058632e+00
   5.9020825e+00
  -8.1748594e-02
   4.8334536e+00
   2.5736565e+00
  -4.5744103e-01
  -7.3721563e-01
   2.3773812e-01
   4.3235944e+00
   3.3289020e+00
   3.5834179e+00
   5.2562269e+00
   1.3960384e+00
   5.3438823e+00
  -5.0275258e+00
  -1.1054935e+00
   2.7503226e+00
  -3.6962447e+00
   1.3143527e+00
  -5.0819208e+00
   1.0454182e-01
   2.3528176e+00
  -1.5647232e+00
  -4.6712635e+00
  -4.4242150e+00
   4.6148304e+00
   1.9358105e+00
   3.2818389e-01
  -5.8481460e+00
  -5.1395108e+00
   2.1697426e+00
   7.0213363e-01
  -6.1671713e-01
   4.4354993e+00
  -2.9604424e-01
   2.2935538e+00
  -1.6868336e+00
  -5.1943586e+00
  -1.7762353e+00
   4.9455234e+00
  -4.5967372e+00
   5.1069929e+00
  -5.7833661e+00
  -6.4895748e-01
   4.1735179e-01
   1.0886678e-01
  -7.0740125e-01
   5.1832079e+00
   4.4724474e+00
   1.0657525e+00
  -7.8573211e-01
  -5.8613927e+00
   1.5321501e-01
  -1.4715474e+00
  -2.6773122e+00
   1.5122645e+00
  -3.4663821e+00
   3.4161016e+00
   2.3449417e+00
  -5.6079778e+00
   7.2679597e-01
   3.8315516e+00
   5.0514444e+00
   2.7382537e+00
  -2.0435054e+00
   5.1098409e+00
  -9.8876785e-02
   3.0405781e-02
  -1.3040635e-02
   1.5365540e+00
   1.0382544e+00
  -4.0107682e+00
   4.9387947e+00
  -2.2938883e-01
   4.5407619e+00
   2.5701827e+00
  -1.0697169e+00
   3.9835849e+00
  -3.3242774e+00
  -4.2087665e+00
   9.2898335e-01
   2.8391350e+00
   2.1287330e+00
  -3.3906523e+00
   3.6038854e+00
   1.8664284e+00
  -3.4212615e+00
  -2.3958778e+00
   2.1129171e+00
  -1.7024638e-01
   4.2712680e+00
   3.3577705e+00
   5.8867707e+00
   4.4298931e+00
   2.7554844e+00
  -5.9363972e+00
   1.0413930e+00
  -1.3840977e+00
   5.7530446e+00
   4.9287481e+00
  -2.4180150e+00
   4.2869613e+00
   5.3944946e+00
   4.3742752e-01
   2.2465037e+00
   8.2704532e-01
   3.1575796e+00
   2.9129512e+00
   1.1848600e+00
   4.9325123e+00
  -1.1727728e-01
  -3.1471001e+00
  -2.1140454e+00
  -3.3181817e+00
   3.2544752e+00
  -1.2286879e+00
   2.3281988e+00
   4.1814370e+00
  -8.1664955e-04
   3.6114772e+00
  -3.7374392e-01
  -4.3120811e+00
   3.4353242e+00
  -5.9460874e-01
  -5.5533901e-02
   5.8099621e-01
  -7.8785989e-01
   2.8629196e-01
  -2.6242079e+00
   2.2173536e+00
   1.5635171e+00
   5.3890567e+00
   2.5818555e+00
   1.8784942e+00
  -2.1956313e+00
  -1.9101912e+00
   4.6301771e+00
   2.6902804e+00
  -1.1868649e+00
  -4.2209555e+00
   3.0667389e+00
  -1.1889042e+00
   1.9484365e+00
   3.2312527e+00
  -2.8518169e+00
   4.4024432e+00
   1.3582577e+00
   2.0162817e+00
   1.5835559e+00
  -4.7758593e-01
   3.2096087e+00
   2.1844051e+00
  -2.5315409e+00
   3.7880294e+00
  -4.1947243e-01
   5.3260374e+00
  -4.1846210e+00
   3.8991890e+00
  -2.8882309e+00
  -5.8505903e+00
  -1.0640174e+00
  -1.1686524e+00
   4.9989185e+00
  -9.4126648e-01
  -2.4505857e+00
  -9.3173135e-01
   2.7252324e+00
  -3.4626946e-01
   4.5926623e+00
   8.0583883e-01
   1.4637536e+00
  -4.8110931e+00
   3.5596412e+00
   2.8322113e+00
  -1.6330979e+00
  -7.5988395e-01
  -4.9771104e+00
   5.2046551e+00
  -2.1305705e+00
  -5.0396792e-01
  -4.9449066e+00
  -5.5699697e+00
   4.0536300e+00
  -5.3014732e+00
   5.9694967e+00
   5.2719019e+00
   3.6968946e+00
  -3.2686494e+00
  -2.9393103e+00
   4.3109022e+00
   4.7910846e+00
  -3.1047349e+00
   3.9922038e+00
  -5.4884696e-01
   3.9685758e-01
   1.8920982e+00
  -3.2636725e+00
  -1.5747334e+00
   5.4114241e+00
  -5.8367119e+00
  -3.7023821e-01
   4.8485656e+00
   2.1855511e+00
  -5.5069095e+00
  -5.1986188e-01
  -1.6854070e+00
   3.8080558e+00
   1.9471826e+00
   3.0004777e-01
   3.2034882e+00
  -5.8549480e+00
  -2.7430768e+00
   5.8576205e+00
   5.4673425e+00
   5.5455438e+00
   2.7231504e+00
   1.7265790e+00
  -4.8620959e+00
   2.3258145e+00
  -1.7961470e-01
  -3.0207152e+00
   3.9325958e+00
  -1.1139038e+00
  -4.4410516e-01
   7.9605079e-01
  -3.8249769e+00
   2.3626155e+00
  -7.2018940e-01
  -5.4199826e+00
   4.0506943e+00
   7.4287103e-01
  -2.4957764e-01
  -2.3905625e+00
   2.1552006e+00
   5.6329314e+00
   4.4055920e-01
   1.6690151e+00
   4.7149706e+00
  -1.5994401e+00
  -3.6835618e+00
  -3.2395414e+00
   2.4588852e+00
   1.6123449e+00
  -3.6944256e+00
  -2.7131723e+00
  -3.9459023e+00
  -5.6699446e+00
   1.7827713e+00
  -3.3141376e+00
   1.5817683e+00
   1.8328722e+00
  -7.0687270e-01
  -4.5501100e+00
  -2.6968171e+00
   3.8088717e+00
  -7.4071529e-01
  -1.4739409e+00
  -3.4658325e+00
  -9.0419196e-01
   5.3513061e+00
   1.5128279e+00
  -3.6472057e+00
   4.3768943e+00
  -2.3324892e+00
   5.3517070e+00
   3.6408950e-02
  -2.3921437e-02
  -5.1417985e+00
  -4.3447479e+00
  -1.5226447e+00
   4.9214031e+00
  -5.8840626e+00
  -4.0519699e-01
   4.5737871e+00
  -7.8133068e-02
   3.3208370e+00
  -2.4897351e+00
   2.9684469e+00
  -4.4480885e+00
  -1.8543462e+00
  -9.9544818e-01
   1.2583462e-01
  -3.4732613e+00
   5.4757660e+00
   2.5705364e+00
  -1.5909420e+00
  -4.3528249e+00
  -1.0908551e+00
  -3.3044725e+00
   5.9271969e+00
   5.5190790e+00
  -2.2316625e+00
   3.4931513e+00
  -1.3526635e-01
   2.4709513e-01
  -1.1489559e+00
   3.4933523e+00
  -4.0392727e+00
   5.0510807e+00
   2.1361526e+00
   3.7978474e+00
  -5.0842534e+00
  -2.3212631e+00
  -1.4179119e+00
  -1.8514352e+00
  -1.8477784e+00
  -2.2686725e-01
  -3.2777723e+00
  -5.2444863e+00
  -3.5342226e+00
   5.9778713e+00
   5.6791812e+00
  -2.5040175e-01
  -2.5701686e+00
   3.1454341e+00
  -3.9087595e+00
  -5.6547221e+00
   8.7167816e-01
  -5.5338415e+00
   2.8753141e+00
   3.2450943e+00
  -5.7638977e+00
  -5.1647711e+00
   5.5424269e+00
   4.1852012e+00
  -5.4504055e+00
   3.6046719e+00
  -2.5453683e+00
  -1.8651790e+00
   1.6346896e+00
   1.5350875e+00
   3.2631933e+00
  -2.8994946e+00
   4.2023198e+00
   2.5537777e-02
   3.5400589e+00
  -4.5550521e+00
   2.3977308e+00
  -2.5246843e+00
  -5.5054006e+00
   2.2175069e+00
   3.2213109e+00
   2.7805985e+00
  -2.4878621e+00
  -1.7291457e+00
  -2.3149960e+00
  -1.2349775e-01
   2.0077087e+00
   4.4698036e+00
   4.8929263e+00
  -1.8776512e+00
  -5.5594520e-02
   1.3667278e+00
  -4.1085616e+00
  -5.7591955e+00
  -2.9717461e+00
   2.8141634e+00
   5.7420049e+00
  -3.9146158e+00
   4.3188490e+00
   1.9820284e+00
  -4.3983476e+00
  -1.6613110e+00
  -4.8226245e+00
  -5.9310077e-01
   3.9124282e+00
   4.1175464e+00
  -2.1352236e+00
   1.2400564e+00
   2.3903459e+00
   1.6407760e+00
  -4.7981062e+00
   4.2784697e+00
  -3.8776703e+00
   2.9141755e+00
   5.3703571e+00
  -2.0718718e+00
   3.5591118e+00
  -1.2574190e+00
   5.9221622e+00
   3.5401158e+00
  -9.3500481e-01
   5.8227290e+00
  -3.8992425e+00
   2.7358666e-01
   5.0746272e+00
  -5.2139049e+00
  -5.9068371e+00
   1.8357063e+00
  -5.0381339e+00
  -2.4788354e-01
  -3.6600098e+00
   4.7682511e+00
   3.8449786e+00
  -5.6505291e+00
  -4.6388276e+00
   1.0508157e+00
  -3.9116712e+00
   2.3954323e+00
   2.7769783e+00
  -1.7145344e+00
   5.7397380e+00
   6.7892092e-01
   5.5968477e+00
  -5.5823329e+00
  -1.8031048e+00
   3.9583354e+00
  -4.6094709e+00
   8.4383501e-01
   4.3632206e+00
  -5.7932649e+00
  -2.8622767e+00
  -2.4797837e+00
  -1.7237975e+00
   3.2132773e+00
  -5.6927638e+00
   2.9316661e+00
  -5.2194148e+00
  -7.1820474e-01
  -3.5705951e+00
  -1.4820643e+00
  -2.5118341e+00
   1.6753182e+00
  -5.8359922e+00
   4.7615544e+00
  -1.5832705e+00
  -5.3389874e+00
   1.5051566e-01
  -5.2322576e-01
   5.7752988e+00
  -5.3556480e-01
  -3.1551920e+00
   4.7085699e+00
  -1.9924758e+00
  -2.8829314e+00
  -3.0457595e+00
  -4.4701540e+00
   2.7993326e+00
  -5.8451107e+00
   4.5223897e+00
  -6.5792318e-01
   1.0841836e+00
   2.3441717e-01
   3.7055240e-01
  -2.2094491e-01
   3.9158892e+00
   2.0104137e-01
   3.5717108e+00
   5.8481235e+00
   1.4750478e+00
  -5.5070346e+00
  -5.6468044e+00
  -4.3196866e+00
   3.5196403e+00
   3.7928711e+00
  -1.0376145e+00
   3.3624709e+00
  -2.7996932e-01
  -1.1623878e+00
   5.8007338e+00
  -4.3470317e+00
   2.4419833e+00
  -2.0250649e+00
  -4.3564716e+00
  -1.5724689e-01
  -2.0312202e+00
   1.4170083e+00
  -5.5717300e+00
   2.2082184e+00
   3.6065657e+00
  -4.0562153e+00
   5.2217587e+00
  -4.5732856e-02
   2.9623284e+00
  -3.7669370e-01
   2.9794388e+00
  -5.2218388e+00
   1.5916683e+00
  -2.0362891e+00
   2.1570746e+00
  -8.1266989e-01
  -4.8308428e+00
   3.9637911e+00
  -2.2610696e+00
  -5.2424310e+00
   5.6782911e+00
  -1.0048096e+00
  -3.5104620e+00
  -1.9242371e+00
  -1.7872173e+00
   4.9379009e+00
   2.8705596e+00
   4.6632271e+00
  -1.3021350e-01
  -3.9770220e-01
  -7.9915978e-01
   2.6370913e+00
  -7.1520568e-01
   1.6873156e+00
   7.0551561e-01
   5.2186952e+00
  -4.3187979e-01
   9.8773817e-02
   2.8549176e+00
   5.3369036e+00
   5.3168328e+00
   4.6131493e+00
  -2.4244418e+00
  -3.1090916e+00
  -4.7235925e-01
  -7.5922420e-01
   1.6764944e+00
   5.2791868e+00
   1.7965168e+00
  -5.2584597e-02
  -3.0536843e+00
  -4.6399752e+00
   2.0955909e+00
  -3.4435478e+00
   3.8665264e+00
   2.9949700e+00
   5.4700159e+00
  -2.3022969e+00
   2.1660066e-03
   2.7321460e+00
   1.0647526e+00
  -4.5128789e+00
   4.7581830e+00
  -3.8841468e+00
   1.3982249e-01
  -3.9805119e+00
  -2.3843580e+00
   5.9030585e-01
  -3.1740510e+00
   2.5101492e-01
   8.8933477e-03
   3.1075166e+00
   2.5784964e+00
   4.7365494e+00
   3.4837704e+00
   4.4972854e+00
  -7.4905771e-02
  -5.1461733e+00
   4.4527988e+00
  -5.7320580e+00
   1.2107195e+00
   5.4535710e+00
   3.2309965e+00
   7.2431105e-01
  -5.1337757e+00
   3.2695796e+00
   1.0867129e+00
   2.0383969e+00
  -3.7438989e+00
  -1.7606903e+00
  -4.0024794e+00
  -4.0545538e-01
  -2.3029656e+00
  -4.6642292e+00
  -3.1336488e+00
   3.4451874e+00
   3.9918088e-02
  -5.5776639e+00
   2.7771132e+00
  -5.3808464e+00
  -4.3477548e+00
  -2.7528804e+00
  -7.3942355e-01
   4.7993052e+00
   4.2882482e-02
   2.5087396e-01
  -3.2175211e+00
  -1.9413240e+00
  -3.3447211e+00
  -5.8341183e+00
  -4.6375809e+00
   6.1114536e-01
   1.0502203e+00
  -2.3199614e+00
   3.5762134e-01
  -3.8996843e+00
  -1.6875921e+00
   3.2169534e+00
   1.7045755e+00
  -4.6831025e+00
   2.6564400e+00
   5.7378960e+00
   5.2124801e+00
  -3.3433808e+00
  -5.7959679e+00
   4.3479851e+00
  -2.5679750e+00
   5.9637033e-01
  -1.1091075e-02
  -4.9783354e-01
   3.8790855e-01
   5.8247345e+00
   5.1854981e-01
  -4.2346060e+00
   4.1838155e+00
   2.3974530e+00
   1.1795289e+00
  -1.9384019e+00
  -3.0752302e+00
  -5.1077629e+00
  -4.9052410e+00
   3.1753623e+00
   2.8837061e+00
   2.0227830e+00
  -3.3903011e+00
   4.8082840e+00
  -2.5695450e+00
  -3.2438294e+00
   4.5439506e+00
   1.8104641e+00
   5.8317663e-01
   1.0521793e+00
  -2.0531082e+00
   3.2578320e-01
   2.6602849e+00
   5.3219631e+00
   8.3608044e-01
   4.0898517e+00
   2.5790968e+00
   4.7248809e+00
  -4.9280695e+00
   3.6588357e+00
   4.5850151e+00
  -3.8287340e+00
   5.2142201e+00
  -4.9303649e+00
  -2.1722978e-01
  -3.6396603e+00
   5.0695159e+00
  -1.3418989e+00
  -5.0329143e+00
  -1.1160806e-02
  -3.0831982e-02
   1.5761464e+00
   4.1613283e+00
   1.6728180e+00
   4.4072662e+00
   2.4985931e+00
   4.4266350e+00
   4.3055764e+00
  -4.6546408e+00
  -3.1027149e+00
  -6.6434356e-01
  -6.6355746e-01
   1.8303368e+00
   1.9998889e+00
   1.0811089e+00
   5.0921094e+00
   5.9949387e-01
  -1.6607284e+00
   2.9803739e+00
  -3.9212596e+00
  -5.3621115e+00
  -5.3571659e+00
   5.9250167e+00
   1.4043022e+00
   4.5240819e-01
  -1.9004991e+00
  -2.8050553e+00
   5.5314892e+00
  -5.4969686e-01
  -3.0015419e+00
  -5.9162002e+00
  -5.1649638e+00
  -4.5520089e+00
   4.2320593e+00
  -1.6522431e+00
  -5.2855233e+00
   1.7913691e-01
  -5.2012825e+00
  -5.2628286e-01
   2.4008477e+00
  -6.6479488e-01
   2.5788719e+00
  -1.6175940e+00
  -5.4012399e-01
   3.8311737e+00
   8.9429101e-01
   8.5526458e-02
  -2.2968391e+00
   5.1505984e+00
  -3.4833464e+00
   3.3628244e+00
  -1.5603516e+00
  -3.5493644e+00
   5.2419372e-01
   4.5808625e-01
   5.0463353e+00
   5.3499408e+00
  -8.8466923e-01
   4.9605616e+00
   4.7327400e+00
   4.8261738e-01
  -2.8816370e+00
  -5.3460138e+00
   2.7624412e+00
  -2.7542590e+00
   5.9023111e+00
   1.0729887e+00
   5.9158553e+00
   2.4210964e+00
  -5.6213903e+00
  -4.2780603e-01
  -1.1968122e+00
   2.3506004e-01
   7.3199741e-01
  -5.4928662e+00
   4.6554468e+00
  -4.0676069e+00
  -3.3105210e+00
  -1.2787853e+00
  -1.1015195e+00
   4.5423917e+00
  -1.4072866e-02
   2.4878551e+00
  -1.5389166e+00
  -1.6028578e+00
   1.8435516e+00
  -4.6523689e+00
  -4.3016889e+00
   5.1240037e+00
   3.9393696e+00
   1.5491087e+00
  -5.4969722e+00
  -2.1907741e+00
   4.9255642e+00
   3.7163823e+00
  -1.4554313e+00
  -2.8432507e+00
  -2.6135020e+00
  -3.9901534e+00
   6.2198333e-01
   3.7767713e+00
   5.9574874e+00
  -1.8258059e-01
   1.1609007e+00
  -1.7351492e+00
  -2.8527228e+00
   1.6394832e+00
   4.8305817e+00
  -3.0723002e+00
   9.7516487e-01
  -4.9064449e+00
  -1.3265655e+00
  -1.1695781e-01
   5.4291581e+00
  -2.1039557e+00
   6.3058082e-01
  -6.8712206e-01
   5.8757289e+00
  -2.8197680e+00
  -1.1755023e+00
  -5.3728554e+00
   7.8727680e-01
  -2.7124603e+00
   3.4991202e+00
  -5.2330319e+00
  -5.8939292e+00
   2.0410595e+00
  -3.5593463e+00
   9.7676460e-02
  -3.0540829e+00
  -9.6108235e-01
  -5.6535186e+00
   7.8818263e-01
   2.9949686e+00
  -5.4332212e+00
  -2.6688342e+00
   4.2223372e+00
   5.9541646e-02
   1.8999656e+00
   1.2139125e+00
  -5.2780166e+00
  -1.7671475e+00
   2.5325133e+00
   1.9100350e-01
   3.8304633e+00
   2.3151493e+00
  -3.1322439e+00
   4.4602678e+00
   1.7880492e-01
  -1.3460219e+00
  -4.6664291e+00
  -8.7259080e-01
  -2.6581392e+00
   1.0825592e+00
  -1.0231630e-01
   1.1996805e-02
  -2.3404289e-01
  -9.6636300e-01
  -4.2885883e+00
   4.7866612e+00
  -1.3731879e+00
   5.1458288e+00
  -1.9108451e-01
   4.2270925e+00
   2.9707087e+00
   5.4310903e+00
   1.9266768e+00
   2.6116620e+00
  -1.9499932e+00
  -1.8082597e+00
  -5.1115952e-01
   4.1308189e-02
  -5.7768767e-01
   1.0707667e-01
  -2.4840382e+00
   5.8211478e+00
  -1.8608452e+00
  -1.8830513e+00
   9.6095332e-01
  -2.8989054e+00
  -4.3678547e+00
   4.7975894e+00
  -3.0556945e+00
  -1.4982090e+00
   4.8394212e+00
   5.7355736e+00
   5.7699287e+00
  -3.2434509e+00
  -5.7612719e+00
   1.8808029e+00
  -4.4883021e+00
  -1.2761653e+00
  -5.5024260e+00
   4.9784831e+00
   1.1707598e+00
   4.3724066e+00
  -7.9604591e-01
   7.7191259e-01
  -1.1933723e+00
  -5.0165725e+00
   1.7489626e+00
  -4.7958320e+00
   3.1565855e+00
  -1.5547037e+00
   7.8900152e-01
  -5.4054510e-01
   4.8690768e+00
   3.8106807e-01
  -9.2890486e-01
   5.8001094e-01
   4.9787186e+00
   4.8838026e+00
   5.8142277e+00
   1.1420279e+00
  -1.3410161e+00
  -5.7522063e+00
  -3.7645745e+00
   3.9825548e+00
   1.5375705e+00
  -5.1313555e-01
   5.4136120e+00
  -1.1323175e+00
  -2.1956833e+00
  -3.5741283e-01
   2.9026631e+00
  -2.6673109e+00
   2.1703802e+00
  -5.1968540e-01
  -1.3410702e+00
   1.4997945e+00
  -2.4609845e+00
  -1.9199851e+00
  -2.4313993e+00
  -3.9505397e+00
   3.2364536e+00
   3.1782863e+00
   1.5860126e+00
   1.7215350e-02
   9.8566223e-01
   5.1774494e+00
   3.1942404e+00
   8.0949966e-01
   4.7169423e-01
   5.5454043e+00
  -1.5200382e+00
  -5.1376759e+00
  -4.0853871e+00
   3.9927210e+00
  -9.4800766e-01
   1.5574411e+00
  -3.6238961e+00
  -2.3949937e+00
  -4.5433249e-01
   5.5775254e+00
  -2.9968375e+00
   1.1030927e+00
   2.5517727e+00
   4.4449189e+00
   1.8377092e+00
  -4.5697152e+00
  -5.4303789e+00
  -3.9551429e+00
   4.7711784e+00
   2.6154544e-01
  -1.3104544e+00
   1.8394647e+00
   5.5475061e+00
  -5.6799659e+00
  -4.5459976e+00
  -4.4444300e+00
   2.2235229e+00
   4.5246429e+00
   4.5732912e+00
   2.2889455e+00
  -5.1793730e+00
  -4.8482312e+00
  -1.0622399e-01
   2.6120777e+00
  -1.5780077e+00
   4.3507019e+00
   3.4768535e+00
   1.0378158e+00
  -4.7607757e+00
   1.7814042e+00
  -5.8122526e+00
   1.6395560e+00
  -2.1704622e+00
   5.6198843e+00
  -9.8013463e-01
   4.6282741e+00
  -2.2392983e+00
  -3.5099108e+00
  -2.2307823e+00
   3.8007127e+00
  -4.0961604e+00
  -6.2185595e-01
   6.7555550e-01
  -4.8720802e+00
   7.7132685e-01
   2.0984452e+00
   4.3855699e-02
  -5.5183378e+00
  -3.2480572e+00
   2.5133824e+00
   5.5960418e+00
   5.2668803e+00
  -1.3446342e+00
  -8.8561647e-01
  -7.3552017e-01
  -3.3413275e+00
  -4.0920192e+00
  -5.7231152e+00
  -5.6036109e+00
   4.9645294e-01
   1.5331934e+00
  -4.6706597e+00
  -3.8530962e+00
   2.3782467e+00
   9.6608335e-01
   2.7003318e+00
   5.9580764e+00
   4.1312350e+00
   5.1190981e+00
  -2.5965350e+00
  -5.2429125e+00
   5.6040256e+00
   2.8298448e+00
  -4.3730363e+00
  -4.5954282e+00
   1.5439855e-01
   5.6715064e+00
   2.9134285e+00
   2.3991298e+00
  -5.3444579e+00
  -5.2746499e+00
   5.7686843e+00
   4.4665403e-01
   5.4584898e+00
  -8.0002813e-01
  -1.3175135e+00
  -2.3680347e+00
   4.9564141e+00
  -4.2894871e+00
  -5.5896373e+00
  -2.2370656e+00
   1.8765703e+00
  -2.9872700e+00
   7.9108662e-01
   3.5991608e+00
  -4.5356775e+00
  -4.8025483e+00
   5.8891504e+00
  -4.7350502e+00
   4.0978999e+00
   3.0425009e+00
   2.9901717e+00
  -4.7448435e+00
  -1.4927058e+00
  -2.6536881e+00
  -1.3756065e+00
   3.2299396e+00
   3.4716437e+00
  -4.1115404e+00
   2.8058632e+00
   5.9020825e+00
  -8.1748594e-02
   4.8334536e+00
   2.5736565e+00
  -4.5744103e-01
  -7.3721563e-01
   2.3773812e-01
   4.3235944e+00
   3.3289020e+00
   3.5834179e+00
   5.2562269e+00
   1.3960384e+00
   5.3438823e+00
  -5.0275258e+00
  -1.1054935e+00
   2.7503226e+00
  -3.6962447e+00
   1.3143527e+00
  -5.0819208e+00
   1.0454182e-01
   2.3528176e+00
  -1.5647232e+00
  -4.6712635e+00
  -4.4242150e+00
   4.6148304e+00
   1.9358105e+00
   3.2818389e-01
  -5.8481460e+00
  -5.1395108e+00
   2.1697426e+00
   7.0213363e-01
  -6.1671713e-01
   4.4354993e+00
  -2.9604424e-01
   2.2935538e+00
  -1.6868336e+00
  -5.1943586e+00
  -1.7762353e+00
   4.9455234e+00
  -4.5967372e+00
   5.1069929e+00
  -5.7833661e+00
  -6.4895748e-01
   4.1735179e-01
   1.0886678e-01
  -7.0740125e-01
   5.1832079e+00
   4.4724474e+00
   1.0657525e+00
  -7.8573211e-01
  -5.8613927e+00
   1.5321501e-01
  -1.4715474e+00
  -2.6773122e+00
   1.5122645e+00
  -3.4663821e+00
   3.4161016e+00
   2.3449417e+00
  -5.6079778e+00
   7.2679597e-01
   3.8315516e+00
   5.0514444e+00
   2.7382537e+00
  -2.0435054e+00
   5.1098409e+00
  -9.8876785e-02
   3.0405781e-02
  -1.3040635e-02
   1.5365540e+00
   1.0382544e+00
  -4.0107682e+00
   4.9387947e+00
  -2.2938883e-01
   4.5407619e+00
   2.5701827e+00
  -1.0697169e+00
   3.9835849e+00
  -3.3242774e+00
  -4.2087665e+00
   9.2898335e-01
   2.8391350e+00
   2.1287330e+00
  -3.3906523e+00
   3.6038854e+00
   1.8664284e+00
  -3.4212615e+00
  -2.3958778e+00
   2.1129171e+00
  -1.7024638e-01
   4.2712680e+00
   3.3577705e+00
   5.8867707e+00
   4.4298931e+00
   2.7554844e+00
  -5.9363972e+00
   1.0413930e+00
  -1.3840977e+00
   5.7530446e+00
   4.9287481e+00
  -2.4180150e+00
   4.2869613e+00
   5.3944946e+00
   4.3742752e-01
   2.2465037e+00
   8.2704532e-01
   3.1575796e+00
   2.9129512e+00
   1.1848600e+00
   4.9325123e+00
  -1.1727728e-01
  -3.1471001e+00
  -2.1140454e+00
  -3.3181817e+00
   3.2544752e+00
  -1.2286879e+00
   2.3281988e+00
   4.1814370e+00
  -8.1664955e-04
   3.6114772e+00
  -3.7374392e-01
  -4.3120811e+00
   3.4353242e+00
  -5.9460874e-01
  -5.5533901e-02
   5.8099621e-01
  -7.8785989e-01
   2.8629196e-01
  -2.6242079e+00
   2.2173536e+00
   1.5635171e+00
   5.3890567e+00
   2.5818555e+00
   1.8784942e+00
  -2.1956313e+00
  -1.9101912e+00
   4.6301771e+00
   2.6902804e+00
  -1.1868649e+00
  -4.2209555e+00
   3.0667389e+00
  -1.1889042e+00
   1.9484365e+00
   3.2312527e+00
  -2.8518169e+00
   4.4024432e+00
   1.3582577e+00
   2.0162817e+00
   1.5835559e+00
  -4.7758593e-01
   3.2096087e+00
   2.1844051e+00
  -2.5315409e+00
   3.7880294e+00
  -4.1947243e-01
   5.3260374e+00
  -4.1846210e+00
   3.8991890e+00
  -2.8882309e+00
  -5.8505903e+00
  -1.0640174e+00
  -1.1686524e+00
   4.9989185e+00
  -9.4126648e-01
  -2.4505857e+00
  -9.3173135e-01
   2.7252324e+00
  -3.4626946e-01
   4.5926623e+00
   8.0583883e-01
   1.4637536e+00
  -4.8110931e+00
   3.5596412e+00
   2.8322113e+00
  -1.6330979e+00
  -7.5988395e-01
  -4.9771104e+00
   5.2046551e+00
  -2.1305705e+00
  -5.0396792e-01
  -4.9449066e+00
  -5.5699697e+00
   4.0536300e+00
  -5.3014732e+00
   5.9694967e+00
   5.2719019e+00
   3.6968946e+00
  -3.2686494e+00
  -2.9393103e+00
   4.3109022e+00
   4.7910846e+00
  -3.1047349e+00
   3.9922038e+00
  -5.4884696e-01
   3.9685758e-01
   1.8920982e+00
  -3.2636725e+00
  -1.5747334e+00
   5.4114241e+00
  -5.8367119e+00
  -3.7023821e-01
   4.8485656e+00
   2.1855511e+00
  -5.5069095e+00
  -5.1986188e-01
  -1.6854070e+00
   3.8080558e+00
   1.9471826e+00
   3.0004777e-01
   3.2034882e+00
  -5.8549480e+00
  -2.7430768e+00
   5.8576205e+00
   5.4673425e+00
   5.5455438e+00
   2.7231504e+00
   1.7265790e+00
  -4.8620959e+00
   2.3258145e+00
  -1.7961470e-01
  -3.0207152e+00
   3.9325958e+00
  -1.1139038e+00
  -4.4410516e-01
   7.9605079e-01
  -3.8249769e+00
   2.3626155e+00
  -7.2018940e-01
  -5.4199826e+00
   4.0506943e+00
   7.4287103e-01
  -2.4957764e-01
  -2.3905625e+00
   2.1552006e+00
   5.6329314e+00
   4.4055920e-01
   1.6690151e+00
   4.7149706e+00
  -1.5994401e+00
  -3.6835618e+00
  -3.2395414e+00
   2.4588852e+00
   1.6123449e+00
  -3.6944256e+00
  -2.7131723e+00
  -3.9459023e+00
  -5.6699446e+00
   1.7827713e+00
  -3.3141376e+00
   1.5817683e+00
   1.8328722e+00
  -7.0687270e-01
  -4.5501100e+00
  -2.6968171e+00
   3.8088717e+00
  -7.4071529e-01
  -1.4739409e+00
  -3.4658325e+00
  -9.0419196e-01
   5.3513061e+00
   1.5128279e+00
  -3.6472057e+00
   4.3768943e+00
  -2.3324892e+00
   5.3517070e+00
   3.6408950e-02
  -2.3921437e-02
  -5.1417985e+00
  -4.3447479e+00
  -1.5226447e+00
   4.9214031e+00
  -5.8840626e+00
  -4.0519699e-01
   4.5737871e+00
  -7.8133068e-02
   3.3208370e+00
  -2.4897351e+00
   2.9684469e+00
  -4.4480885e+00
  -1.8543462e+00
  -9.9544818e-01
   1.2583462e-01
  -3.4732613e+00
   5.4757660e+00
   2.5705364e+00
  -1.5909420e+00
  -4.3528249e+00
  -1.0908551e+00
  -3.3044725e+00
   5.9271969e+00
   5.5190790e+00
  -2.2316625e+00
   3.4931513e+00
  -1.3526635e-01
   2.4709513e-01
  -1.1489559e+00
   3.4933523e+00
  -4.0392727e+00
   5.0510807e+00
   2.1361526e+00
   3.7978474e+00
  -5.0842534e+00
  -2.3212631e+00
  -1.4179119e+00
  -1.8514352e+00
  -1.8477784e+00
  -2.2686725e-01
  -3.2777723e+00
  -5.2444863e+00
  -3.5342226e+00
   5.9778713e+00
   5.6791812e+00
  -2.5040175e-01
  -2.5701686e+00
   3.1454341e+00
  -3.9087595e+00
  -5.6547221e+00
   8.7167816e-01
  -5.5338415e+00
   2.8753141e+00
   3.2450943e+00
  -5.7638977e+00
  -5.1647711e+00
   5.5424269e+00
   4.1852012e+00
  -5.4504055e+00
   3.6046719e+00
  -2.5453683e+00
  -1.8651790e+00
   1.6346896e+00
   1.5350875e+00
   3.2631933e+00
  -2.8994946e+00
   4.2023198e+00
   2.5537777e-02
   3.5400589e+00
  -4.5550521e+00
   2.3977308e+00
  -2.5246843e+00
  -5.5054006e+00
   2.2175069e+00
   3.2213109e+00
   2.7805985e+00
  -2.4878621e+00
  -1.7291457e+00
  -2.3149960e+00
  -1.2349775e-01
   2.0077087e+00
   4.4698036e+00
   4.8929263e+00
  -1.8776512e+00
  -5.5594520e-02
   1.3667278e+00
  -4.1085616e+00
  -5.7591955e+00
  -2.9717461e+00
   2.8141634e+00
   5.7420049e+00
  -3.9146158e+00
   4.3188490e+00
   1.9820284e+00
  -4.3983476e+00
  -1.6613110e+00
  -4.8226245e+00
  -5.9310077e-01
   3.9124282e+00
   4.1175464e+00
  -2.1352236e+00
   1.2400564e+00
   2.3903459e+00
   1.6407760e+00
  -4.7981062e+00
   4.2784697e+00
  -3.8776703e+00
   2.9141755e+00
   5.3703571e+00
  -2.0718718e+00
   3.5591118e+00
  -1.2574190e+00
   5.9221622e+00
   3.5401158e+00
  -9.3500481e-01
   5.8227290e+00
  -3.8992425e+00
   2.7358666e-01
   5.0746272e+00
  -5.2139049e+00
  -5.9068371e+00
   1.8357063e+00
  -5.0381339e+00
  -2.4788354e-01
  -3.6600098e+00
   4.7682511e+00
   3.8449786e+00
  -5.6505291e+00
  -4.6388276e+00
   1.0508157e+00
  -3.9116712e+00
   2.3954323e+00
   2.7769783e+00
  -1.7145344e+00
   5.7397380e+00
   6.7892092e-01
   5.5968477e+00
  -5.5823329e+00
  -1.8031048e+00
   3.9583354e+00
  -4.6094709e+00
   8.4383501e-01
   4.3632206e+00
  -5.7932649e+00
  -2.8622767e+00
  -2.4797837e+00
  -1.7237975e+00
   3.2132773e+00
  -5.6927638e+00
   2.9316661e+00
  -5.2194148e+00
  -7.1820474e-01
  -3.5705951e+00
  -1.4820643e+00
  -2.5118341e+00
   1.6753182e+00
  -5.8359922e+00
   4.7615544e+00
  -1.5832705e+00
  -5.3389874e+00
   1.5051566e-01
  -5.2322576e-01
   5.7752988e+00
  -5.3556480e-01
  -3.1551920e+00
   4.7085699e+00
  -1.9924758e+00
  -2.8829314e+00
  -3.0457595e+00
  -4.4701540e+00
   2.7993326e+00
  -5.8451107e+00
   4.5223897e+00
  -6.5792318e-01
   1.0841836e+00
   2.3441717e-01
   3.7055240e-01
  -2.2094491e-01
   3.9158892e+00
   2.0104137e-01
   3.5717108e+00
   5.8481235e+00
   1.4750478e+00
  -5.5070346e+00
  -5.6468044e+00
  -4.3196866e+00
   3.5196403e+00
   3.7928711e+00
  -1.0376145e+00
   3.3624709e+00
  -2.7996932e-01
  -1.1623878e+00
   5.8007338e+00
  -4.3470317e+00
   2.4419833e+00
  -2.0250649e+00
  -4.3564716e+00
  -1.5724689e-01
  -2.0312202e+00
   1.4170083e+00
  -5.5717300e+00
   2.2082184e+00
   3.6065657e+00
  -4.0562153e+00
   5.2217587e+00
  -4.5732856e-02
   2.9623284e+00
  -3.7669370e-01
   2.9794388e+00
  -5.2218388e+00
   1.5916683e+00
  -2.0362891e+00
   2.1570746e+00
  -8.1266989e-01
  -4.8308428e+00
   3.9637911e+00
  -2.2610696e+00
  -5.2424310e+00
   5.6782911e+00
  -1.0048096e+00
  -3.5104620e+00
  -1.9242371e+00
  -1.7872173e+00
   4.9379009e+00
   2.8705596e+00
   4.6632271e+00
  -1.3021350e-01
  -3.9770220e-01
  -7.9915978e-01
   2.6370913e+00
  -7.1520568e-01
   1.6873156e+00
   7.0551561e-01
   5.2186952e+00
  -4.3187979e-01
   9.8773817e-02
   2.8549176e+00
   5.3369036e+00
   5.3168328e+00
   4.6131493e+00
  -2.4244418e+00
  -3.1090916e+00
  -4.7235925e-01
  -7.5922420e-01
   1.6764944e+00
   5.2791868e+00
   1.7965168e+00
  -5.2584597e-02
  -3.0536843e+00
  -4.6399752e+00
   2.0955909e+00
  -3.4435478e+00
   3.8665264e+00
   2.9949700e+00
   5.4700159e+00
  -2.3022969e+00
   2.1660066e-03
   2.7321460e+00
   1.0647526e+00
  -4.5128789e+00
   4.7581830e+00
  -3.8841468e+00
   1.3982249e-01
  -3.9805119e+00
  -2.3843580e+00
   5.9030585e-01
  -3.1740510e+00
   2.5101492e-01
   8.8933477e-03
   3.1075166e+00
   2.5784964e+00
   4.7365494e+00
   3.4837704e+00
   4.4972854e+00
  -7.4905771e-02
  -5.1461733e+00
   4.4527988e+00
  -5.7320580e+00
   1.2107195e+00
   5.4535710e+00
   3.2309965e+00
   7.2431105e-01
  -5.1337757e+00
   3.2695796e+00
   1.0867129e+00
   2.0383969e+00
  -3.7438989e+00
  -1.7606903e+00
  -4.0024794e+00
  -4.0545538e-01
  -2.3029656e+00
  -4.6642292e+00
  -3.1336488e+00
   3.4451874e+00
   3.9918088e-02
  -5.5776639e+00
   2.7771132e+00
  -5.3808464e+00
  -4.3477548e+00
  -2.7528804e+00
  -7.3942355e-01
   4.7993052e+00
   4.2882482e-02
   2.5087396e-01
  -3.2175211e+00
  -1.9413240e+00
  -3.3447211e+00
  -5.8341183e+00
  -4.6375809e+00
   6.1114536e-01
   1.0502203e+00
  -2.3199614e+00
   3.5762134e-01
  -3.8996843e+00
  -1.6875921e+00
   3.2169534e+00
   1.7045755e+00
  -4.6831025e+00
   2.6564400e+00
   5.7378960e+00
   5.2124801e+00
  -3.3433808e+00
  -5.7959679e+00
   4.3479851e+00
  -2.5679750e+00
   5.9637033e-01
  -1.1091075e-02
  -4.9783354e-01
   3.8790855e-01
   5.8247345e+00
   5.1854981e-01
  -4.2346060e+00
   4.1838155e+00
   2.3974530e+00
   1.1795289e+00
  -1.9384019e+00
  -3.0752302e+00
  -5.1077629e+00
  -4.9052410e+00
   3.1753623e+00
   2.8837061e+00
   2.0227830e+00
  -3.3903011e+00
   4.8082840e+00
  -2.5695450e+00
  -3.2438294e+00
   4.5439506e+00
   1.8104641e+00
   5.8317663e-01
   1.0521793e+00
  -2.0531082e+00
   3.2578320e-01
   2.6602849e+00
   5.3219631e+00
   8.3608044e-01
   4.0898517e+00
   2.5790968e+00
   4.7248809e+00
  -4.9280695e+00
   3.6588357e+00
   4.5850151e+00
  -3.8287340e+00
   5.2142201e+00
  -4.9303649e+00
  -2.1722978e-01
  -3.6396603e+00
   5.0695159e+00
  -1.3418989e+00
  -5.0329143e+00
  -1.1160806e-02
  -3.0831982e-02
   1.5761464e+00
   4.1613283e+00
   1.6728180e+00
   4.4072662e+00
   2.4985931e+00
   4.4266350e+00
   4.3055764e+00
  -4.6546408e+00
  -3.1027149e+00
  -6.6434356e-01
  -6.6355746e-01
   1.8303368e+00
   1.9998889e+00
   1.0811089e+00
   5.0921094e+00
   5.9949387e-01
  -1.6607284e+00
   2.9803739e+00
  -3.9212596e+00
  -5.3621115e+00
  -5.3571659e+00
   5.9250167e+00
   1.4043022e+00
   4.5240819e-01
  -1.9004991e+00
  -2.8050553e+00
   5.5314892e+00
  -5.4969686e-01
  -3.0015419e+00
  -5.9162002e+00
  -5.1649638e+00
  -4.5520089e+00
   4.2320593e+00
  -1.6522431e+00
  -5.2855233e+00
   1.7913691e-01
  -5.2012825e+00
  -5.2628286e-01
   2.4008477e+00
  -6.6479488e-01
   2.5788719e+00
  -1.6175940e+00
  -5.4012399e-01
   3.8311737e+00
   8.9429101e-01
   8.5526458e-02
  -2.2968391e+00
   5.1505984e+00
  -3.4833464e+00
   3.3628244e+00
  -1.5603516e+00
  -3.5493644e+00
   5.2419372e-01
   4.5808625e-01
   5.0463353e+00
   5.3499408e+00
  -8.8466923e-01
   4.9605616e+00
   4.7327400e+00
   4.8261738e-01
  -2.8816370e+00
  -5.3460138e+00
   2.7624412e+00
  -2.7542590e+00
   5.9023111e+00
   1.0729887e+00
   5.9158553e+00
   2.4210964e+00
  -5.6213903e+00
  -4.2780603e-01
  -1.1968122e+00
   2.3506004e-01
   7.3199741e-01
  -5.4928662e+00
   4.6554468e+00
  -4.0676069e+00
  -3.3105210e+00
  -1.2787853e+00
