   2.9672035e+02
   2.8030040e+02
   2.3196557e+02
   1.8274712e+02
   1.7995972e+02
   2.9711420e+02
   1.2448667e+02
   5.6697992e+01
   2.2420286e+02
   3.0838911e+02
   1.6122274e+02
   2.6951033e+02
   2.8840354e+02
   9.2993321e+01
   5.0965508e+01
   2.1001973e+02
   1.8283995e+02
   2.2254654e+02
  -3.7043799e+00
   3.0671938e+02
   7.7799545e+01
   1.9016664e+02
   7.5160066e+01
   6.4038082e+01
   1.2308324e+02
   2.4242195e+02
   2.3050223e+02
   2.9898471e+02
   1.7682598e+02
   4.5131326e+01
   2.6852946e+02
   3.0939950e+01
  -1.8554513e+00
   3.0511384e+02
   8.9968708e+01
   4.3625394e+01
   1.3953933e+01
   2.0430395e+02
   1.5015505e+02
   2.5445324e+01
   7.7720159e+01
   2.1971517e+02
   1.6455678e+02
   8.5650263e+01
   3.0779635e+02
   5.7754024e+01
   1.5177740e+02
   1.5033659e+01
  -4.4228590e+00
   2.8809174e+02
   1.3448341e+02
   2.6288915e+02
   3.0296482e+02
   8.9793116e+01
   1.3388845e+02
   2.7475603e+02
   2.1162403e+01
   2.0571668e+02
   5.8914234e+01
   7.0588559e+01
   2.6703895e+02
   2.5866383e+02
   5.6014222e+00
   2.6023442e+02
   3.3510350e+01
   1.0755806e+02
   2.9253638e+02
   1.5669121e+02
   2.1247031e+02
   5.4009756e+01
   1.6068866e+02
   3.0469440e+02
   2.6122288e+02
   2.6834846e+02
   2.2395031e+02
   1.5790051e+02
   5.0465525e+01
   1.8242693e+02
   2.9046039e+02
   2.0328687e+02
   2.4554861e+02
   2.5115194e+02
   2.1702350e+02
   1.5416308e+02
   3.0978063e+02
   5.9788784e+01
   1.3259958e+02
   2.2277938e+02
   2.2414828e+02
   1.0518288e+02
  -4.1265517e+00
   8.3842213e+01
   1.4406721e+02
   3.7803791e+01
   5.7715325e+01
   1.2394665e+02
   6.1662188e+01
   5.2012674e+00
   2.5371183e+02
   2.6590396e+02
   3.0500424e+02
   1.9653600e+02
   1.3340579e+02
   1.4783205e+02
   6.4993594e+01
   1.0697093e+02
   2.7988303e+02
   2.2485747e+02
   1.0813263e+02
   1.1731178e+02
   2.1965870e+02
   2.7592144e+02
   1.5809029e+02
   1.6299010e+02
   2.8193846e+02
   1.1407925e+02
   2.3266987e+02
   3.0289911e+02
   6.0714733e+01
   1.8355554e+02
   2.8173037e+02
  -2.9680629e+00
   1.1759982e+02
   6.6835173e+01
   2.3585763e+02
   3.4994415e+01
   2.7632679e+02
   1.3489947e+02
   6.2097443e+01
   2.9482675e+02
   2.2370846e+02
   4.7035809e+01
   2.2101548e+02
   1.8400255e+02
   2.6820860e+02
   6.5392763e+01
   2.4545892e+02
   1.9357867e+02
   2.6137083e+02
   8.7681899e+01
   2.0945753e+02
   2.9113446e+02
   1.0011501e+02
   2.7879111e+02
   2.6984447e+02
   2.9113993e+02
   1.3469979e+02
   1.9768861e+02
   2.1230020e+02
   3.8968609e+01
   2.1424140e+02
   2.2347311e+02
   1.1780983e+02
   7.4539079e+01
   5.9740766e+01
   9.2193070e+01
   7.0778878e+01
   2.8514970e+02
   3.0560779e+02
   5.7055302e+00
   1.4561058e+02
   1.8681292e+02
   1.3327284e+02
   5.5717990e+01
   1.4821041e+02
   2.0863214e+02
   2.3225623e+02
   1.5452139e+02
   2.0656082e+02
   8.5523706e+00
   2.8995447e+02
   6.2095897e+01
   2.1402202e+02
   1.3947424e+02
   1.5130607e+02
   2.8434349e+02
   2.2003321e+02
   1.2326523e+02
   2.9238111e+02
   6.4323280e+01
   3.5132617e+01
   1.5256321e+02
   5.1045771e+01
   2.1919140e+02
   2.2910607e+02
   3.0344088e+01
   2.4573778e+02
   1.9156136e+02
   2.2501209e+02
   8.8836770e+01
   2.2127283e+02
   2.3852230e+02
   2.1964889e+02
   1.6210040e+02
   7.9602360e+01
   2.9490789e+02
   2.2574395e+01
   2.4247273e+02
   2.3406047e+02
   1.1126063e+02
   3.9043855e+01
   2.1330190e+02
   2.8339060e+02
   4.7531585e+01
   3.2906441e+01
   1.4801998e+02
   1.6222449e+02
   1.9046063e+02
   1.0535694e+01
   1.9751060e+02
   1.9640895e+01
   7.1710422e+01
   2.8322933e+02
   9.4158385e+01
   1.4163909e+02
   1.6356835e+02
   3.1679705e+01
   2.4512459e+02
   3.5532705e+01
   3.0910001e+02
   1.7023441e+01
   5.2547070e+01
   2.3083371e+02
   4.3455789e+01
   2.7268578e+02
  -3.2835491e+00
   3.7799611e+01
   1.9452169e+02
   2.1318482e+02
   2.1600072e+02
   7.1157375e+01
   6.6554105e+01
   9.7251786e+01
   5.8281941e+01
   1.6148159e+02
   2.2665517e+02
   1.5736239e+02
   1.5563769e+02
   1.5463052e+02
   1.5872725e+02
   3.1231198e+01
   1.0700159e+02
   2.5779276e+02
   2.4905187e+02
   2.8142809e+02
   3.5781034e+01
   3.0792492e+02
   2.1560592e+02
   2.3046465e+02
   1.7624745e+01
   2.7792767e+02
   1.5385283e+01
   1.0299302e+02
   2.0370916e+02
   1.4252181e+02
   2.3621694e+01
   1.0746262e+02
   1.5967208e+02
   1.0148319e+02
   1.3488732e+02
   7.8899171e+01
   1.1955974e+02
   6.0847302e+01
   1.2257566e+02
   1.6791404e+02
   2.0930127e+02
   1.0864522e+02
   1.5958693e+02
   2.8519907e+02
   2.5355426e+02
   3.2389117e+01
   2.2543377e+02
   2.8583156e+02
   7.7874254e+01
   1.5783912e+02
   7.2535386e+01
   3.2115277e+00
   1.2594909e+02
   3.9520325e+01
   9.9301938e+01
   6.1054566e+00
   7.7986028e+01
   1.7448173e+02
   2.8819611e+02
   1.1435043e+02
   4.2103439e+01
   2.4905071e+02
   1.9424055e+02
   2.0360188e+01
   2.3875071e+02
   2.9279832e+02
   1.8252059e+02
   5.5894914e+01
   1.2210691e+02
   1.4222493e+02
  -4.2383723e+00
   1.2745513e+02
   1.2786877e+02
   2.8911854e+01
   9.5817682e+00
   2.0424741e+02
   2.5597179e+02
   3.0060006e+01
   2.8371352e+02
   1.4527123e+02
   1.4758582e+02
   1.2673135e+02
   9.6047874e+01
   1.0762340e+02
   1.6415946e+01
   1.4606416e+02
   4.7704979e+01
   1.8474466e+02
   1.7320213e+02
   3.0822376e+02
   1.5185926e+02
   2.9007155e+02
   1.1757025e+01
   5.3011109e+01
   3.2587181e+01
   3.7711811e+01
   1.8272613e+02
   2.9729270e+02
   1.0958286e+02
   5.8541405e+01
   1.8196061e+02
   2.2127609e+02
   1.9667047e+02
   1.3619315e+01
   1.3598671e+02
   1.5661110e+02
   9.2250008e+01
   3.4704716e+01
   2.8776539e+02
   8.0892755e+00
   2.9025105e+02
   2.1184884e+02
   1.0282430e+02
   4.7008241e+01
   5.5399946e+00
   1.5587022e+02
   1.4540295e+02
   2.3885508e+02
   1.9733091e+02
   2.2678963e+02
   2.4965761e+02
   2.9927937e+02
   1.6083004e+02
   2.5171055e+02
   1.5698588e+02
   1.1340596e+02
   2.1076687e+01
   2.2945535e+00
   1.5888194e+02
   4.7271630e+01
   1.1225922e+02
   2.0819864e+02
   1.4333826e+02
   1.8386442e+02
   2.4707530e+02
   2.3851408e+02
   1.9541127e+02
   1.5041191e+02
   2.3262752e+02
  -3.7097148e+00
   2.7698414e+02
   1.5254846e+02
   3.0197783e+02
   4.5023960e+00
   2.2943664e+02
   1.3268618e+02
   1.9961917e+02
   1.5009506e+01
   3.0583045e+02
   1.9759691e+02
   2.4569153e+02
   1.4893358e+02
   3.0351355e+01
   1.5074260e+02
   9.5161374e+01
   2.7962620e+02
   3.0770528e+01
   2.1350258e+01
   5.0928309e+01
   3.0437020e+02
   1.4143667e+02
   2.6768463e+02
   3.0353765e+02
   1.7928108e+01
   2.4237164e+02
   1.2662283e+02
   1.0687393e+02
   2.7190973e+02
   1.5497660e+01
   7.8271810e+01
   2.9462031e+02
   2.4736236e+02
   8.8712454e+01
   1.5197875e+02
   6.2906289e+01
  -2.8553271e+00
   1.1471168e+02
   1.5511607e+02
   3.2551546e+00
   2.3746110e+02
   9.2898690e+00
   7.6370997e+01
   2.7601031e+02
   2.0657329e+02
   1.0066053e+01
   1.1553025e+02
   9.4140920e+01
   3.6914891e+01
   1.1169013e+02
   2.7193380e+02
   9.1307209e+01
   2.0235412e+02
   1.9071661e+02
   2.8841892e+02
   2.4422978e+02
   2.7265232e+02
   1.1552361e+02
   2.2353205e+02
   4.5224883e+00
   1.4156541e+02
   1.3870440e+02
   5.7838263e+01
   2.2787703e+00
   1.1579857e+02
   1.4007179e+02
   1.8846897e+01
   2.0615275e+02
   3.0766304e+01
   7.8208839e+01
   2.8589063e+02
   1.3869221e+02
   4.4319808e+01
   9.5825897e+01
   2.6877064e+02
   2.1493145e+01
   6.1548458e+01
   2.8313339e+02
   2.7296262e+02
   1.2553560e+02
  -3.7099313e+00
   1.5683051e+02
   2.6178529e+02
   2.2479819e+01
   9.5161720e+00
   3.6517449e+01
   2.4459591e+02
   7.1290014e+01
   9.9628894e+01
   9.3569127e+00
   2.1542018e+02
   2.2892457e+02
   1.9938312e+02
   4.4272457e+01
   1.3179768e+02
   1.7040493e+01
   1.4545064e+02
   2.4405882e+02
   1.9789000e+02
   9.5560456e+01
   2.0666300e+02
   1.6350906e+02
   1.1829997e+01
   1.2033417e+02
   1.5215525e+01
   2.1443475e+02
   7.8628408e+01
   1.8681448e+01
   1.8191212e+02
   2.7970366e+02
   2.9698784e+01
   2.2398380e+02
   2.2974603e+02
   8.3850552e+01
   2.4740154e+02
   2.7528782e+02
   2.8776274e+02
   2.8429369e+02
   4.9831765e+01
   9.7788251e+01
   8.0244544e+01
   4.7217666e+01
   2.0211661e+02
   2.5344325e+02
   1.0824335e+02
   3.5909876e+01
   6.8408937e+01
  -3.2244457e+00
   2.9149573e+02
   2.9693119e+02
   1.1011651e+02
   1.1337396e+02
   1.1377197e+02
   5.1353114e+01
   2.7970195e+02
   2.1731469e+02
   7.6651224e+01
   2.2246034e+02
   1.1481205e+02
   1.8698659e+02
   9.2167014e+01
   6.8629364e+01
   2.2345772e+02
   2.9903662e+02
   1.4242730e+02
   1.1463119e+02
   1.7760824e+02
   8.3557043e+01
   1.3114293e+02
   3.0883400e+02
   1.4547649e+02
   2.5379899e+01
   3.0757116e+02
   2.7561577e+02
   1.9686368e+02
   2.5193632e+02
   6.4240060e+01
   8.0521170e+00
   1.8513005e+02
   1.4303933e+00
   2.9238262e+02
   5.6114144e+01
   2.6658298e+02
   9.6659767e+01
   4.1960448e+00
   1.4062036e+02
   9.1733499e+01
   1.9864477e+02
   1.8365856e+02
   1.1188485e+02
   1.1302552e+02
   1.2403975e+02
   1.2737097e+02
   3.3057441e+01
   1.2026563e-01
   1.5341849e+02
   5.1342685e+01
   1.6130879e+02
   1.2326043e+02
   1.0029217e+02
   2.5773297e+02
  -1.9294490e+00
   2.4585984e+02
   6.6422546e+01
   2.1596020e+02
   2.0317241e+02
   2.9266440e+02
   4.8806542e+01
   2.3379403e+02
   3.1546814e+01
   1.7147354e+02
   2.2204962e+02
   2.3420695e+02
   1.4062584e+02
   7.0417680e+01
   2.0028363e+02
   2.1546171e+02
   1.5071395e+02
  -2.3886031e+00
   9.6350950e+01
   3.9424532e+01
   2.2003014e+02
   3.8214851e+01
   2.5399260e+02
   2.7399894e+02
   1.7549997e+01
   1.7527524e+00
   2.5670985e+02
   7.1817510e+01
   2.4606011e+02
   6.5815344e+01
   1.8488775e+01
   2.9854697e+01
   1.2515471e+02
   1.0278465e+02
   9.5971650e+01
   2.9222697e+02
   2.9001464e+02
   9.7263417e+01
   2.3472368e+02
   2.5632957e+02
   6.2586901e+01
   9.6704835e+01
   1.3227775e+02
   1.2912846e+02
   8.6149152e+01
   2.0250689e+02
   8.6261762e+01
   2.3865984e+02
   2.6015987e+02
   2.6717717e+02
   2.8778347e+02
   2.4809185e+02
   2.5211034e+02
   2.7018363e+02
   1.5019640e+02
   1.0758927e+02
   7.5266066e+01
   2.5662624e+02
   1.9865655e+02
   1.2753101e+02
   1.8069357e+01
   6.5755667e+01
   5.2766201e+01
   1.5983664e+02
   4.1698580e+01
   5.4706424e+00
   1.8591209e+02
   1.7588819e+02
   2.6148816e+02
   3.0102511e+01
   1.0789372e+02
   1.7526454e+02
   1.1602552e+02
   2.7886740e+02
   2.3399377e+02
   5.9088590e+01
   2.3163088e+02
   1.3540815e+02
   1.5623645e+01
   1.8074439e+02
   2.7413314e+02
   5.0323024e+01
   1.0881784e+01
   1.8945381e+02
   1.3109847e+02
   5.5380124e+01
   2.7061468e+02
   3.6636941e+01
   2.1256616e+02
   2.0594893e+02
   1.7011495e+02
   5.7296191e+01
   1.5712605e+02
   2.0100266e+02
  -5.8363573e+00
   1.2338253e+02
   2.2470647e+02
   1.5423627e+02
   1.6553244e+02
   1.1696401e+02
   2.4540216e+02
   1.1378768e+02
   2.5400919e+02
   2.8169710e+02
   1.4238943e+02
   3.3488427e+01
   1.0433849e+02
   2.1625261e+02
  -5.7647958e+00
   1.0095464e+02
   1.0553986e+02
   1.8607838e+02
   5.4330562e+01
   2.7020642e+02
   3.5682549e+01
   1.7953425e+02
   1.7597655e+02
   1.4178580e+02
   1.5247656e+02
   2.8625272e+02
   1.1810919e+02
   1.8517201e+02
   2.4702012e+02
   2.6383988e+02
   1.0660820e+02
   1.1619119e+02
   3.5794901e+01
   9.9309853e+01
   2.2440965e+02
   1.5583691e+02
   1.6153562e+01
   1.5788702e+02
   9.7971147e+01
   1.0250923e+02
   1.8406714e+02
   2.9198505e+02
   2.3759077e+02
   1.1412336e+02
   2.2481900e+02
   2.4229055e+02
   3.9678622e+01
   2.8365239e+02
   2.0146460e+02
   9.8745051e+01
   2.9638160e+02
   2.7821990e+01
   1.0601059e+01
   2.7236603e+02
   2.7178880e+02
   2.8340433e+02
   3.7166890e+01
   2.4830410e+02
   2.9262485e+02
   8.9942561e+00
   8.8097084e+01
   5.1210961e+01
   2.6274526e+02
   6.5484272e+01
   2.2289922e+02
   5.4238115e+01
   2.8061079e+02
   3.3019602e+01
  -4.9622765e+00
   1.9139202e+02
   5.8874805e+01
   2.0069041e+02
   9.1133945e+01
   3.6752699e+01
   1.2813549e+02
   1.8886258e+02
   1.4357320e+02
   2.9076370e+02
   1.1794567e+02
   1.9050356e+02
   2.3699599e+02
   1.7124446e+02
  -4.6243013e+00
   2.0880928e+02
   1.8025276e+02
   1.3624075e+02
   2.6888762e+02
   5.8750028e+01
   4.0385655e+01
   2.6274658e+02
   2.0892860e+02
   1.9325780e+02
   1.3785621e+02
   2.7594908e+01
   1.3041285e+02
   1.2203175e+01
   2.7753620e+02
   1.0464982e+02
   1.0715664e+02
   9.9012762e+01
   2.9706806e+02
   2.9905412e+02
   1.9245438e+02
   1.2823089e+02
   2.0373996e+02
   2.9732837e+02
   8.1236957e+01
   2.7896072e+02
   8.4387630e+01
   5.6503223e+01
   2.3503370e+02
   8.8147441e+01
   2.2272823e+01
   5.3293166e+01
   7.4308835e+01
   2.6034268e+02
   1.9862299e+02
   8.4583361e+01
   3.2477633e+01
   9.2889811e+01
   1.1468791e+02
   5.6387884e+01
   8.7012273e+01
   2.1925054e+02
   2.3167332e+02
   1.4435266e+02
   9.6552764e+01
   2.2758964e+02
   7.8391661e+01
   2.0373594e+02
   1.9292319e+02
   1.2031496e+02
   2.2553345e+02
   2.3828769e+02
   2.4396467e-01
   1.2114788e+02
   3.0982842e+02
   2.2259746e+02
   1.5854758e+02
   2.8083792e+02
   1.6236663e+02
   9.2961318e+01
   2.1385681e+02
   1.5189857e+02
   1.5603229e+02
   1.1001387e+02
   4.7378748e+00
   1.8114380e+02
   2.7877564e+02
   1.5392412e+02
   1.5750558e+02
   3.0112678e+01
   2.8455242e+02
   2.7727603e+02
   4.4575098e+01
   1.9060496e+02
   2.2144231e+02
  -8.0287878e-01
   5.8856421e+01
   1.7043437e+02
   2.5872874e+02
   1.0060483e+02
   4.7048470e+01
  -1.3672838e+00
   1.9114160e+02
   2.8704681e+02
   6.1568019e+01
   2.7293713e+02
   2.0171679e+02
   3.0434477e+02
   1.2094495e+02
   8.4422090e+01
   1.6297442e+02
   1.4978141e+02
   2.8889183e+02
   2.8185965e+02
   2.8041521e+02
   1.5058557e+01
   2.4608008e+02
  -1.0944858e+00
   3.3882488e+01
   1.3524578e+02
   2.3984902e+01
   9.7992725e+01
   8.8654110e+01
   2.1584972e+02
   2.9871218e+02
   1.7084865e+02
   1.7728226e+02
   2.0981388e+02
   1.5311253e+02
   5.0944592e+01
   3.0873518e+02
   2.4826395e+02
   1.3831991e+02
   1.8088626e+02
   2.6575932e+02
   1.6632944e+01
   1.1450924e+02
   2.4011169e+01
   2.1627658e+01
   4.9537027e+01
   1.6764371e+02
   7.8934397e+01
   2.8561005e+00
   2.2559712e+02
   2.8737794e+01
   1.8519468e+01
   2.1672049e+02
   2.0237769e+02
   9.3687356e+01
   3.5049526e+01
   3.8175603e+01
   4.1974718e+01
   1.0243412e+02
   2.7756790e+02
   9.6580038e+01
   2.7129777e+02
   6.2346823e+00
   1.4363504e+02
   2.0353502e+02
   1.0724016e+02
   1.9109707e+02
   1.2989058e+02
   1.3783274e+01
   8.3745969e+01
   2.8299614e+02
   2.2217939e+01
   8.4734670e+00
   4.2917922e+01
   1.9243419e+02
   2.2019582e+02
   7.9100406e+01
   7.8136158e+01
   2.7205864e+02
   2.6751364e+02
   1.1721975e+02
   4.4542244e+01
   2.5443669e+02
   1.0930378e+02
   1.2851482e+02
   7.4813776e+01
   1.1287977e+02
   8.5311075e+01
   1.3280553e+02
   1.6332107e+02
   2.0124067e+02
   3.0847506e+02
   1.5458501e+02
   1.4845292e+02
   1.4883906e+02
   3.5950919e+01
   2.0926122e+02
   7.1491277e+01
  -1.9283251e+00
   1.6815139e+02
   1.0523849e+02
   5.7230554e+01
   2.9548131e+02
   2.2866955e+02
   1.9586824e+02
   2.8204526e+02
   5.9158917e+01
   3.3239289e+01
   6.2749150e+01
   2.6325227e+02
   2.1291509e+02
   1.8252293e+02
   1.5881450e+02
   1.8670652e+02
   5.5948818e+00
   1.0324722e+00
   1.5268680e+02
   1.3068836e+02
   2.8349506e+02
  -2.9524156e+00
   4.0003919e+01
   1.5116936e+01
   2.8375490e+02
   4.8284457e+01
   1.8206455e+02
   1.2463314e+02
   2.3753196e+01
   1.6078710e+02
   1.5150400e+02
   2.4820245e+02
   1.9812192e+01
   1.1787016e+02
   1.1953905e+02
   9.7057758e+01
   5.1683479e+01
   2.9512835e+02
   1.1061305e+02
   1.2299592e+02
   1.8768424e+02
   1.8602825e+01
   2.7318198e+02
   8.6781519e+01
   8.8658305e+01
   2.3515888e+02
   4.4613675e+01
   1.4876467e+02
   1.1560451e+02
   2.1779819e+01
   1.9126541e+02
   5.0524759e+01
   1.3034289e+02
   5.7676890e+01
   1.4146495e+02
   1.6772417e+02
   2.3941395e+02
   2.6158117e+01
   2.7308450e+02
   2.1045086e+02
   2.5114043e+02
   1.5383218e+01
   3.3263758e+01
   1.5275763e+01
   1.8061172e+02
   1.1483069e+02
   1.1321023e+02
   2.1201398e+02
   1.8715144e+02
   5.9868711e+01
   2.6285576e+02
  -4.5670538e+00
   2.9620481e+02
   2.3284741e+02
   2.7395625e+02
   1.4497395e+02
   1.1444638e+01
   2.7367641e+02
   1.7663586e+01
   3.0471803e+02
   1.0519353e+02
   5.6640499e+01
   6.9200277e+01
   9.1874574e+01
   3.6461768e+01
   9.4830172e+01
   7.7982021e+01
   2.9903129e+02
   2.1267831e+02
   1.0275404e+02
   1.3721485e+02
   3.0510184e+02
   6.0819808e+01
   2.7463317e+02
   2.3421213e+02
   4.4031525e+01
   2.7308778e+02
   2.7347175e+02
   2.3218454e+02
   1.2350882e+02
   1.6907380e+02
   2.8310731e+02
   2.5508686e+02
   2.1590939e+02
   1.5210732e+02
   1.9219275e+02
   1.8570834e+02
   2.9672035e+02
   2.8030040e+02
   2.3196557e+02
   1.8274712e+02
   1.7995972e+02
   2.9711420e+02
   1.2448667e+02
   5.6697992e+01
   2.2420286e+02
   3.0838911e+02
   1.6122274e+02
   2.6951033e+02
   2.8840354e+02
   9.2993321e+01
   5.0965508e+01
   2.1001973e+02
   1.8283995e+02
   2.2254654e+02
  -3.7043799e+00
   3.0671938e+02
   7.7799545e+01
   1.9016664e+02
   7.5160066e+01
   6.4038082e+01
   1.2308324e+02
   2.4242195e+02
   2.3050223e+02
   2.9898471e+02
   1.7682598e+02
   4.5131326e+01
   2.6852946e+02
   3.0939950e+01
  -1.8554513e+00
   3.0511384e+02
   8.9968708e+01
   4.3625394e+01
   1.3953933e+01
   2.0430395e+02
   1.5015505e+02
   2.5445324e+01
   7.7720159e+01
   2.1971517e+02
   1.6455678e+02
   8.5650263e+01
   3.0779635e+02
   5.7754024e+01
   1.5177740e+02
   1.5033659e+01
  -4.4228590e+00
   2.8809174e+02
   1.3448341e+02
   2.6288915e+02
   3.0296482e+02
   8.9793116e+01
   1.3388845e+02
   2.7475603e+02
   2.1162403e+01
   2.0571668e+02
   5.8914234e+01
   7.0588559e+01
   2.6703895e+02
   2.5866383e+02
   5.6014222e+00
   2.6023442e+02
   3.3510350e+01
   1.0755806e+02
   2.9253638e+02
   1.5669121e+02
   2.1247031e+02
   5.4009756e+01
   1.6068866e+02
   3.0469440e+02
   2.6122288e+02
   2.6834846e+02
   2.2395031e+02
   1.5790051e+02
   5.0465525e+01
   1.8242693e+02
   2.9046039e+02
   2.0328687e+02
   2.4554861e+02
   2.5115194e+02
   2.1702350e+02
   1.5416308e+02
   3.0978063e+02
   5.9788784e+01
   1.3259958e+02
   2.2277938e+02
   2.2414828e+02
   1.0518288e+02
  -4.1265517e+00
   8.3842213e+01
   1.4406721e+02
   3.7803791e+01
   5.7715325e+01
   1.2394665e+02
   6.1662188e+01
   5.2012674e+00
   2.5371183e+02
   2.6590396e+02
   3.0500424e+02
   1.9653600e+02
   1.3340579e+02
   1.4783205e+02
   6.4993594e+01
   1.0697093e+02
   2.7988303e+02
   2.2485747e+02
   1.0813263e+02
   1.1731178e+02
   2.1965870e+02
   2.7592144e+02
   1.5809029e+02
   1.6299010e+02
   2.8193846e+02
   1.1407925e+02
   2.3266987e+02
   3.0289911e+02
   6.0714733e+01
   1.8355554e+02
   2.8173037e+02
  -2.9680629e+00
   1.1759982e+02
   6.6835173e+01
   2.3585763e+02
   3.4994415e+01
   2.7632679e+02
   1.3489947e+02
   6.2097443e+01
   2.9482675e+02
   2.2370846e+02
   4.7035809e+01
   2.2101548e+02
   1.8400255e+02
   2.6820860e+02
   6.5392763e+01
   2.4545892e+02
   1.9357867e+02
   2.6137083e+02
   8.7681899e+01
   2.0945753e+02
   2.9113446e+02
   1.0011501e+02
   2.7879111e+02
   2.6984447e+02
   2.9113993e+02
   1.3469979e+02
   1.9768861e+02
   2.1230020e+02
   3.8968609e+01
   2.1424140e+02
   2.2347311e+02
   1.1780983e+02
   7.4539079e+01
   5.9740766e+01
   9.2193070e+01
   7.0778878e+01
   2.8514970e+02
   3.0560779e+02
   5.7055302e+00
   1.4561058e+02
   1.8681292e+02
   1.3327284e+02
   5.5717990e+01
   1.4821041e+02
   2.0863214e+02
   2.3225623e+02
   1.5452139e+02
   2.0656082e+02
   8.5523706e+00
   2.8995447e+02
   6.2095897e+01
   2.1402202e+02
   1.3947424e+02
   1.5130607e+02
   2.8434349e+02
   2.2003321e+02
   1.2326523e+02
   2.9238111e+02
   6.4323280e+01
   3.5132617e+01
   1.5256321e+02
   5.1045771e+01
   2.1919140e+02
   2.2910607e+02
   3.0344088e+01
   2.4573778e+02
   1.9156136e+02
   2.2501209e+02
   8.8836770e+01
   2.2127283e+02
   2.3852230e+02
   2.1964889e+02
   1.6210040e+02
   7.9602360e+01
   2.9490789e+02
   2.2574395e+01
   2.4247273e+02
   2.3406047e+02
   1.1126063e+02
   3.9043855e+01
   2.1330190e+02
   2.8339060e+02
   4.7531585e+01
   3.2906441e+01
   1.4801998e+02
   1.6222449e+02
   1.9046063e+02
   1.0535694e+01
   1.9751060e+02
   1.9640895e+01
   7.1710422e+01
   2.8322933e+02
   9.4158385e+01
   1.4163909e+02
   1.6356835e+02
   3.1679705e+01
   2.4512459e+02
   3.5532705e+01
   3.0910001e+02
   1.7023441e+01
   5.2547070e+01
   2.3083371e+02
   4.3455789e+01
   2.7268578e+02
  -3.2835491e+00
   3.7799611e+01
   1.9452169e+02
   2.1318482e+02
   2.1600072e+02
   7.1157375e+01
   6.6554105e+01
   9.7251786e+01
   5.8281941e+01
   1.6148159e+02
   2.2665517e+02
   1.5736239e+02
   1.5563769e+02
   1.5463052e+02
   1.5872725e+02
   3.1231198e+01
   1.0700159e+02
   2.5779276e+02
   2.4905187e+02
   2.8142809e+02
   3.5781034e+01
   3.0792492e+02
   2.1560592e+02
   2.3046465e+02
   1.7624745e+01
   2.7792767e+02
   1.5385283e+01
   1.0299302e+02
   2.0370916e+02
   1.4252181e+02
   2.3621694e+01
   1.0746262e+02
   1.5967208e+02
   1.0148319e+02
   1.3488732e+02
   7.8899171e+01
   1.1955974e+02
   6.0847302e+01
   1.2257566e+02
   1.6791404e+02
   2.0930127e+02
   1.0864522e+02
   1.5958693e+02
   2.8519907e+02
   2.5355426e+02
   3.2389117e+01
   2.2543377e+02
   2.8583156e+02
   7.7874254e+01
   1.5783912e+02
   7.2535386e+01
   3.2115277e+00
   1.2594909e+02
   3.9520325e+01
   9.9301938e+01
   6.1054566e+00
   7.7986028e+01
   1.7448173e+02
   2.8819611e+02
   1.1435043e+02
   4.2103439e+01
   2.4905071e+02
   1.9424055e+02
   2.0360188e+01
   2.3875071e+02
   2.9279832e+02
   1.8252059e+02
   5.5894914e+01
   1.2210691e+02
   1.4222493e+02
  -4.2383723e+00
   1.2745513e+02
   1.2786877e+02
   2.8911854e+01
   9.5817682e+00
   2.0424741e+02
   2.5597179e+02
   3.0060006e+01
   2.8371352e+02
   1.4527123e+02
   1.4758582e+02
   1.2673135e+02
   9.6047874e+01
   1.0762340e+02
   1.6415946e+01
   1.4606416e+02
   4.7704979e+01
   1.8474466e+02
   1.7320213e+02
   3.0822376e+02
   1.5185926e+02
   2.9007155e+02
   1.1757025e+01
   5.3011109e+01
   3.2587181e+01
   3.7711811e+01
   1.8272613e+02
   2.9729270e+02
   1.0958286e+02
   5.8541405e+01
   1.8196061e+02
   2.2127609e+02
   1.9667047e+02
   1.3619315e+01
   1.3598671e+02
   1.5661110e+02
   9.2250008e+01
   3.4704716e+01
   2.8776539e+02
   8.0892755e+00
   2.9025105e+02
   2.1184884e+02
   1.0282430e+02
   4.7008241e+01
   5.5399946e+00
   1.5587022e+02
   1.4540295e+02
   2.3885508e+02
   1.9733091e+02
   2.2678963e+02
   2.4965761e+02
   2.9927937e+02
   1.6083004e+02
   2.5171055e+02
   1.5698588e+02
   1.1340596e+02
   2.1076687e+01
   2.2945535e+00
   1.5888194e+02
   4.7271630e+01
   1.1225922e+02
   2.0819864e+02
   1.4333826e+02
   1.8386442e+02
   2.4707530e+02
   2.3851408e+02
   1.9541127e+02
   1.5041191e+02
   2.3262752e+02
  -3.7097148e+00
   2.7698414e+02
   1.5254846e+02
   3.0197783e+02
   4.5023960e+00
   2.2943664e+02
   1.3268618e+02
   1.9961917e+02
   1.5009506e+01
   3.0583045e+02
   1.9759691e+02
   2.4569153e+02
   1.4893358e+02
   3.0351355e+01
   1.5074260e+02
   9.5161374e+01
   2.7962620e+02
   3.0770528e+01
   2.1350258e+01
   5.0928309e+01
   3.0437020e+02
   1.4143667e+02
   2.6768463e+02
   3.0353765e+02
   1.7928108e+01
   2.4237164e+02
   1.2662283e+02
   1.0687393e+02
   2.7190973e+02
   1.5497660e+01
   7.8271810e+01
   2.9462031e+02
   2.4736236e+02
   8.8712454e+01
   1.5197875e+02
   6.2906289e+01
  -2.8553271e+00
   1.1471168e+02
   1.5511607e+02
   3.2551546e+00
   2.3746110e+02
   9.2898690e+00
   7.6370997e+01
   2.7601031e+02
   2.0657329e+02
   1.0066053e+01
   1.1553025e+02
   9.4140920e+01
   3.6914891e+01
   1.1169013e+02
   2.7193380e+02
   9.1307209e+01
   2.0235412e+02
   1.9071661e+02
   2.8841892e+02
   2.4422978e+02
   2.7265232e+02
   1.1552361e+02
   2.2353205e+02
   4.5224883e+00
   1.4156541e+02
   1.3870440e+02
   5.7838263e+01
   2.2787703e+00
   1.1579857e+02
   1.4007179e+02
   1.8846897e+01
   2.0615275e+02
   3.0766304e+01
   7.8208839e+01
   2.8589063e+02
   1.3869221e+02
   4.4319808e+01
   9.5825897e+01
   2.6877064e+02
   2.1493145e+01
   6.1548458e+01
   2.8313339e+02
   2.7296262e+02
   1.2553560e+02
  -3.7099313e+00
   1.5683051e+02
   2.6178529e+02
   2.2479819e+01
   9.5161720e+00
   3.6517449e+01
   2.4459591e+02
   7.1290014e+01
   9.9628894e+01
   9.3569127e+00
   2.1542018e+02
   2.2892457e+02
   1.9938312e+02
   4.4272457e+01
   1.3179768e+02
   1.7040493e+01
   1.4545064e+02
   2.4405882e+02
   1.9789000e+02
   9.5560456e+01
   2.0666300e+02
   1.6350906e+02
   1.1829997e+01
   1.2033417e+02
   1.5215525e+01
   2.1443475e+02
   7.8628408e+01
   1.8681448e+01
   1.8191212e+02
   2.7970366e+02
   2.9698784e+01
   2.2398380e+02
   2.2974603e+02
   8.3850552e+01
   2.4740154e+02
   2.7528782e+02
   2.8776274e+02
   2.8429369e+02
   4.9831765e+01
   9.7788251e+01
   8.0244544e+01
   4.7217666e+01
   2.0211661e+02
   2.5344325e+02
   1.0824335e+02
   3.5909876e+01
   6.8408937e+01
  -3.2244457e+00
   2.9149573e+02
   2.9693119e+02
   1.1011651e+02
   1.1337396e+02
   1.1377197e+02
   5.1353114e+01
   2.7970195e+02
   2.1731469e+02
   7.6651224e+01
   2.2246034e+02
   1.1481205e+02
   1.8698659e+02
   9.2167014e+01
   6.8629364e+01
   2.2345772e+02
   2.9903662e+02
   1.4242730e+02
   1.1463119e+02
   1.7760824e+02
   8.3557043e+01
   1.3114293e+02
   3.0883400e+02
   1.4547649e+02
   2.5379899e+01
   3.0757116e+02
   2.7561577e+02
   1.9686368e+02
   2.5193632e+02
   6.4240060e+01
   8.0521170e+00
   1.8513005e+02
   1.4303933e+00
   2.9238262e+02
   5.6114144e+01
   2.6658298e+02
   9.6659767e+01
   4.1960448e+00
   1.4062036e+02
   9.1733499e+01
   1.9864477e+02
   1.8365856e+02
   1.1188485e+02
   1.1302552e+02
   1.2403975e+02
   1.2737097e+02
   3.3057441e+01
   1.2026563e-01
   1.5341849e+02
   5.1342685e+01
   1.6130879e+02
   1.2326043e+02
   1.0029217e+02
   2.5773297e+02
  -1.9294490e+00
   2.4585984e+02
   6.6422546e+01
   2.1596020e+02
   2.0317241e+02
   2.9266440e+02
   4.8806542e+01
   2.3379403e+02
   3.1546814e+01
   1.7147354e+02
   2.2204962e+02
   2.3420695e+02
   1.4062584e+02
   7.0417680e+01
   2.0028363e+02
   2.1546171e+02
   1.5071395e+02
  -2.3886031e+00
   9.6350950e+01
   3.9424532e+01
   2.2003014e+02
   3.8214851e+01
   2.5399260e+02
   2.7399894e+02
   1.7549997e+01
   1.7527524e+00
   2.5670985e+02
   7.1817510e+01
   2.4606011e+02
   6.5815344e+01
   1.8488775e+01
   2.9854697e+01
   1.2515471e+02
   1.0278465e+02
   9.5971650e+01
   2.9222697e+02
   2.9001464e+02
   9.7263417e+01
   2.3472368e+02
   2.5632957e+02
   6.2586901e+01
   9.6704835e+01
   1.3227775e+02
   1.2912846e+02
   8.6149152e+01
   2.0250689e+02
   8.6261762e+01
   2.3865984e+02
   2.6015987e+02
   2.6717717e+02
   2.8778347e+02
   2.4809185e+02
   2.5211034e+02
   2.7018363e+02
   1.5019640e+02
   1.0758927e+02
   7.5266066e+01
   2.5662624e+02
   1.9865655e+02
   1.2753101e+02
   1.8069357e+01
   6.5755667e+01
   5.2766201e+01
   1.5983664e+02
   4.1698580e+01
   5.4706424e+00
   1.8591209e+02
   1.7588819e+02
   2.6148816e+02
   3.0102511e+01
   1.0789372e+02
   1.7526454e+02
   1.1602552e+02
   2.7886740e+02
   2.3399377e+02
   5.9088590e+01
   2.3163088e+02
   1.3540815e+02
   1.5623645e+01
   1.8074439e+02
   2.7413314e+02
   5.0323024e+01
   1.0881784e+01
   1.8945381e+02
   1.3109847e+02
   5.5380124e+01
   2.7061468e+02
   3.6636941e+01
   2.1256616e+02
   2.0594893e+02
   1.7011495e+02
   5.7296191e+01
   1.5712605e+02
   2.0100266e+02
  -5.8363573e+00
   1.2338253e+02
   2.2470647e+02
   1.5423627e+02
   1.6553244e+02
   1.1696401e+02
   2.4540216e+02
   1.1378768e+02
   2.5400919e+02
   2.8169710e+02
   1.4238943e+02
   3.3488427e+01
   1.0433849e+02
   2.1625261e+02
  -5.7647958e+00
   1.0095464e+02
   1.0553986e+02
   1.8607838e+02
   5.4330562e+01
   2.7020642e+02
   3.5682549e+01
   1.7953425e+02
   1.7597655e+02
   1.4178580e+02
   1.5247656e+02
   2.8625272e+02
   1.1810919e+02
   1.8517201e+02
   2.4702012e+02
   2.6383988e+02
   1.0660820e+02
   1.1619119e+02
   3.5794901e+01
   9.9309853e+01
   2.2440965e+02
   1.5583691e+02
   1.6153562e+01
   1.5788702e+02
   9.7971147e+01
   1.0250923e+02
   1.8406714e+02
   2.9198505e+02
   2.3759077e+02
   1.1412336e+02
   2.2481900e+02
   2.4229055e+02
   3.9678622e+01
   2.8365239e+02
   2.0146460e+02
   9.8745051e+01
   2.9638160e+02
   2.7821990e+01
   1.0601059e+01
   2.7236603e+02
   2.7178880e+02
   2.8340433e+02
   3.7166890e+01
   2.4830410e+02
   2.9262485e+02
   8.9942561e+00
   8.8097084e+01
   5.1210961e+01
   2.6274526e+02
   6.5484272e+01
   2.2289922e+02
   5.4238115e+01
   2.8061079e+02
   3.3019602e+01
  -4.9622765e+00
   1.9139202e+02
   5.8874805e+01
   2.0069041e+02
   9.1133945e+01
   3.6752699e+01
   1.2813549e+02
   1.8886258e+02
   1.4357320e+02
   2.9076370e+02
   1.1794567e+02
   1.9050356e+02
   2.3699599e+02
   1.7124446e+02
  -4.6243013e+00
   2.0880928e+02
   1.8025276e+02
   1.3624075e+02
   2.6888762e+02
   5.8750028e+01
   4.0385655e+01
   2.6274658e+02
   2.0892860e+02
   1.9325780e+02
   1.3785621e+02
   2.7594908e+01
   1.3041285e+02
   1.2203175e+01
   2.7753620e+02
   1.0464982e+02
   1.0715664e+02
   9.9012762e+01
   2.9706806e+02
   2.9905412e+02
   1.9245438e+02
   1.2823089e+02
   2.0373996e+02
   2.9732837e+02
   8.1236957e+01
   2.7896072e+02
   8.4387630e+01
   5.6503223e+01
   2.3503370e+02
   8.8147441e+01
   2.2272823e+01
   5.3293166e+01
   7.4308835e+01
   2.6034268e+02
   1.9862299e+02
   8.4583361e+01
   3.2477633e+01
   9.2889811e+01
   1.1468791e+02
   5.6387884e+01
   8.7012273e+01
   2.1925054e+02
   2.3167332e+02
   1.4435266e+02
   9.6552764e+01
   2.2758964e+02
   7.8391661e+01
   2.0373594e+02
   1.9292319e+02
   1.2031496e+02
   2.2553345e+02
   2.3828769e+02
   2.4396467e-01
   1.2114788e+02
   3.0982842e+02
   2.2259746e+02
   1.5854758e+02
   2.8083792e+02
   1.6236663e+02
   9.2961318e+01
   2.1385681e+02
   1.5189857e+02
   1.5603229e+02
   1.1001387e+02
   4.7378748e+00
   1.8114380e+02
   2.7877564e+02
   1.5392412e+02
   1.5750558e+02
   3.0112678e+01
   2.8455242e+02
   2.7727603e+02
   4.4575098e+01
   1.9060496e+02
   2.2144231e+02
  -8.0287878e-01
   5.8856421e+01
   1.7043437e+02
   2.5872874e+02
   1.0060483e+02
   4.7048470e+01
  -1.3672838e+00
   1.9114160e+02
   2.8704681e+02
   6.1568019e+01
   2.7293713e+02
   2.0171679e+02
   3.0434477e+02
   1.2094495e+02
   8.4422090e+01
   1.6297442e+02
   1.4978141e+02
   2.8889183e+02
   2.8185965e+02
   2.8041521e+02
   1.5058557e+01
   2.4608008e+02
  -1.0944858e+00
   3.3882488e+01
   1.3524578e+02
   2.3984902e+01
   9.7992725e+01
   8.8654110e+01
   2.1584972e+02
   2.9871218e+02
   1.7084865e+02
   1.7728226e+02
   2.0981388e+02
   1.5311253e+02
   5.0944592e+01
   3.0873518e+02
   2.4826395e+02
   1.3831991e+02
   1.8088626e+02
   2.6575932e+02
   1.6632944e+01
   1.1450924e+02
   2.4011169e+01
   2.1627658e+01
   4.9537027e+01
   1.6764371e+02
   7.8934397e+01
   2.8561005e+00
   2.2559712e+02
   2.8737794e+01
   1.8519468e+01
   2.1672049e+02
   2.0237769e+02
   9.3687356e+01
   3.5049526e+01
   3.8175603e+01
   4.1974718e+01
   1.0243412e+02
   2.7756790e+02
   9.6580038e+01
   2.7129777e+02
   6.2346823e+00
   1.4363504e+02
   2.0353502e+02
   1.0724016e+02
   1.9109707e+02
   1.2989058e+02
   1.3783274e+01
   8.3745969e+01
   2.8299614e+02
   2.2217939e+01
   8.4734670e+00
   4.2917922e+01
   1.9243419e+02
   2.2019582e+02
   7.9100406e+01
   7.8136158e+01
   2.7205864e+02
   2.6751364e+02
   1.1721975e+02
   4.4542244e+01
   2.5443669e+02
   1.0930378e+02
   1.2851482e+02
   7.4813776e+01
   1.1287977e+02
   8.5311075e+01
   1.3280553e+02
   1.6332107e+02
   2.0124067e+02
   3.0847506e+02
   1.5458501e+02
   1.4845292e+02
   1.4883906e+02
   3.5950919e+01
   2.0926122e+02
   7.1491277e+01
  -1.9283251e+00
   1.6815139e+02
   1.0523849e+02
   5.7230554e+01
   2.9548131e+02
   2.2866955e+02
   1.9586824e+02
   2.8204526e+02
   5.9158917e+01
   3.3239289e+01
   6.2749150e+01
   2.6325227e+02
   2.1291509e+02
   1.8252293e+02
   1.5881450e+02
   1.8670652e+02
   5.5948818e+00
   1.0324722e+00
   1.5268680e+02
   1.3068836e+02
   2.8349506e+02
  -2.9524156e+00
   4.0003919e+01
   1.5116936e+01
   2.8375490e+02
   4.8284457e+01
   1.8206455e+02
   1.2463314e+02
   2.3753196e+01
   1.6078710e+02
   1.5150400e+02
   2.4820245e+02
   1.9812192e+01
   1.1787016e+02
   1.1953905e+02
   9.7057758e+01
   5.1683479e+01
   2.9512835e+02
   1.1061305e+02
   1.2299592e+02
   1.8768424e+02
   1.8602825e+01
   2.7318198e+02
   8.6781519e+01
   8.8658305e+01
   2.3515888e+02
   4.4613675e+01
   1.4876467e+02
   1.1560451e+02
   2.1779819e+01
   1.9126541e+02
   5.0524759e+01
   1.3034289e+02
   5.7676890e+01
   1.4146495e+02
   1.6772417e+02
   2.3941395e+02
   2.6158117e+01
   2.7308450e+02
   2.1045086e+02
   2.5114043e+02
   1.5383218e+01
   3.3263758e+01
   1.5275763e+01
   1.8061172e+02
   1.1483069e+02
   1.1321023e+02
   2.1201398e+02
   1.8715144e+02
   5.9868711e+01
   2.6285576e+02
  -4.5670538e+00
   2.9620481e+02
   2.3284741e+02
   2.7395625e+02
   1.4497395e+02
   1.1444638e+01
   2.7367641e+02
   1.7663586e+01
   3.0471803e+02
   1.0519353e+02
   5.6640499e+01
   6.9200277e+01
   9.1874574e+01
   3.6461768e+01
   9.4830172e+01
   7.7982021e+01
   2.9903129e+02
   2.1267831e+02
   1.0275404e+02
   1.3721485e+02
   3.0510184e+02
   6.0819808e+01
   2.7463317e+02
   2.3421213e+02
   4.4031525e+01
   2.7308778e+02
   2.7347175e+02
   2.3218454e+02
   1.2350882e+02
   1.6907380e+02
   2.8310731e+02
   2.5508686e+02
   2.1590939e+02
   1.5210732e+02
   1.9219275e+02
   1.8570834e+02
   2.9672035e+02
   2.8030040e+02
   2.3196557e+02
   1.8274712e+02
   1.7995972e+02
   2.9711420e+02
   1.2448667e+02
   5.6697992e+01
   2.2420286e+02
   3.0838911e+02
   1.6122274e+02
   2.6951033e+02
   2.8840354e+02
   9.2993321e+01
   5.0965508e+01
   2.1001973e+02
   1.8283995e+02
   2.2254654e+02
  -3.7043799e+00
   3.0671938e+02
   7.7799545e+01
   1.9016664e+02
   7.5160066e+01
   6.4038082e+01
   1.2308324e+02
   2.4242195e+02
   2.3050223e+02
   2.9898471e+02
   1.7682598e+02
   4.5131326e+01
   2.6852946e+02
   3.0939950e+01
  -1.8554513e+00
   3.0511384e+02
   8.9968708e+01
   4.3625394e+01
   1.3953933e+01
   2.0430395e+02
   1.5015505e+02
   2.5445324e+01
   7.7720159e+01
   2.1971517e+02
   1.6455678e+02
   8.5650263e+01
   3.0779635e+02
   5.7754024e+01
   1.5177740e+02
   1.5033659e+01
  -4.4228590e+00
   2.8809174e+02
   1.3448341e+02
   2.6288915e+02
   3.0296482e+02
   8.9793116e+01
   1.3388845e+02
   2.7475603e+02
   2.1162403e+01
   2.0571668e+02
   5.8914234e+01
   7.0588559e+01
   2.6703895e+02
   2.5866383e+02
   5.6014222e+00
   2.6023442e+02
   3.3510350e+01
   1.0755806e+02
   2.9253638e+02
   1.5669121e+02
   2.1247031e+02
   5.4009756e+01
   1.6068866e+02
   3.0469440e+02
   2.6122288e+02
   2.6834846e+02
   2.2395031e+02
   1.5790051e+02
   5.0465525e+01
   1.8242693e+02
   2.9046039e+02
   2.0328687e+02
   2.4554861e+02
   2.5115194e+02
   2.1702350e+02
   1.5416308e+02
   3.0978063e+02
   5.9788784e+01
   1.3259958e+02
   2.2277938e+02
   2.2414828e+02
   1.0518288e+02
  -4.1265517e+00
   8.3842213e+01
   1.4406721e+02
   3.7803791e+01
   5.7715325e+01
   1.2394665e+02
   6.1662188e+01
   5.2012674e+00
   2.5371183e+02
   2.6590396e+02
   3.0500424e+02
   1.9653600e+02
   1.3340579e+02
   1.4783205e+02
   6.4993594e+01
   1.0697093e+02
   2.7988303e+02
   2.2485747e+02
   1.0813263e+02
   1.1731178e+02
   2.1965870e+02
   2.7592144e+02
   1.5809029e+02
   1.6299010e+02
   2.8193846e+02
   1.1407925e+02
   2.3266987e+02
   3.0289911e+02
   6.0714733e+01
   1.8355554e+02
   2.8173037e+02
  -2.9680629e+00
   1.1759982e+02
   6.6835173e+01
   2.3585763e+02
   3.4994415e+01
   2.7632679e+02
   1.3489947e+02
   6.2097443e+01
   2.9482675e+02
   2.2370846e+02
   4.7035809e+01
   2.2101548e+02
   1.8400255e+02
   2.6820860e+02
   6.5392763e+01
   2.4545892e+02
   1.9357867e+02
   2.6137083e+02
   8.7681899e+01
   2.0945753e+02
   2.9113446e+02
   1.0011501e+02
   2.7879111e+02
   2.6984447e+02
   2.9113993e+02
   1.3469979e+02
   1.9768861e+02
   2.1230020e+02
   3.8968609e+01
   2.1424140e+02
   2.2347311e+02
   1.1780983e+02
   7.4539079e+01
   5.9740766e+01
   9.2193070e+01
   7.0778878e+01
   2.8514970e+02
   3.0560779e+02
   5.7055302e+00
   1.4561058e+02
   1.8681292e+02
   1.3327284e+02
   5.5717990e+01
   1.4821041e+02
   2.0863214e+02
   2.3225623e+02
   1.5452139e+02
   2.0656082e+02
   8.5523706e+00
   2.8995447e+02
   6.2095897e+01
   2.1402202e+02
   1.3947424e+02
   1.5130607e+02
   2.8434349e+02
   2.2003321e+02
   1.2326523e+02
   2.9238111e+02
   6.4323280e+01
   3.5132617e+01
   1.5256321e+02
   5.1045771e+01
   2.1919140e+02
   2.2910607e+02
   3.0344088e+01
   2.4573778e+02
   1.9156136e+02
   2.2501209e+02
   8.8836770e+01
   2.2127283e+02
   2.3852230e+02
   2.1964889e+02
   1.6210040e+02
   7.9602360e+01
   2.9490789e+02
   2.2574395e+01
   2.4247273e+02
   2.3406047e+02
   1.1126063e+02
   3.9043855e+01
   2.1330190e+02
   2.8339060e+02
   4.7531585e+01
   3.2906441e+01
   1.4801998e+02
   1.6222449e+02
   1.9046063e+02
   1.0535694e+01
   1.9751060e+02
   1.9640895e+01
   7.1710422e+01
   2.8322933e+02
   9.4158385e+01
   1.4163909e+02
   1.6356835e+02
   3.1679705e+01
   2.4512459e+02
   3.5532705e+01
   3.0910001e+02
   1.7023441e+01
   5.2547070e+01
   2.3083371e+02
   4.3455789e+01
   2.7268578e+02
  -3.2835491e+00
   3.7799611e+01
   1.9452169e+02
   2.1318482e+02
   2.1600072e+02
   7.1157375e+01
   6.6554105e+01
   9.7251786e+01
   5.8281941e+01
   1.6148159e+02
   2.2665517e+02
   1.5736239e+02
   1.5563769e+02
   1.5463052e+02
   1.5872725e+02
   3.1231198e+01
   1.0700159e+02
   2.5779276e+02
   2.4905187e+02
   2.8142809e+02
   3.5781034e+01
   3.0792492e+02
   2.1560592e+02
   2.3046465e+02
   1.7624745e+01
   2.7792767e+02
   1.5385283e+01
   1.0299302e+02
   2.0370916e+02
   1.4252181e+02
   2.3621694e+01
   1.0746262e+02
   1.5967208e+02
   1.0148319e+02
   1.3488732e+02
   7.8899171e+01
   1.1955974e+02
   6.0847302e+01
   1.2257566e+02
   1.6791404e+02
   2.0930127e+02
   1.0864522e+02
   1.5958693e+02
   2.8519907e+02
   2.5355426e+02
   3.2389117e+01
   2.2543377e+02
   2.8583156e+02
   7.7874254e+01
   1.5783912e+02
   7.2535386e+01
   3.2115277e+00
   1.2594909e+02
   3.9520325e+01
   9.9301938e+01
   6.1054566e+00
   7.7986028e+01
   1.7448173e+02
   2.8819611e+02
   1.1435043e+02
   4.2103439e+01
   2.4905071e+02
   1.9424055e+02
   2.0360188e+01
   2.3875071e+02
   2.9279832e+02
   1.8252059e+02
   5.5894914e+01
   1.2210691e+02
   1.4222493e+02
  -4.2383723e+00
   1.2745513e+02
   1.2786877e+02
   2.8911854e+01
   9.5817682e+00
   2.0424741e+02
   2.5597179e+02
   3.0060006e+01
   2.8371352e+02
   1.4527123e+02
   1.4758582e+02
   1.2673135e+02
   9.6047874e+01
   1.0762340e+02
   1.6415946e+01
   1.4606416e+02
   4.7704979e+01
   1.8474466e+02
   1.7320213e+02
   3.0822376e+02
   1.5185926e+02
   2.9007155e+02
   1.1757025e+01
   5.3011109e+01
   3.2587181e+01
   3.7711811e+01
   1.8272613e+02
   2.9729270e+02
   1.0958286e+02
   5.8541405e+01
   1.8196061e+02
   2.2127609e+02
   1.9667047e+02
   1.3619315e+01
   1.3598671e+02
   1.5661110e+02
   9.2250008e+01
   3.4704716e+01
   2.8776539e+02
   8.0892755e+00
   2.9025105e+02
   2.1184884e+02
   1.0282430e+02
   4.7008241e+01
   5.5399946e+00
   1.5587022e+02
   1.4540295e+02
   2.3885508e+02
   1.9733091e+02
   2.2678963e+02
   2.4965761e+02
   2.9927937e+02
   1.6083004e+02
   2.5171055e+02
   1.5698588e+02
   1.1340596e+02
   2.1076687e+01
   2.2945535e+00
   1.5888194e+02
   4.7271630e+01
   1.1225922e+02
   2.0819864e+02
   1.4333826e+02
   1.8386442e+02
   2.4707530e+02
   2.3851408e+02
   1.9541127e+02
   1.5041191e+02
   2.3262752e+02
  -3.7097148e+00
   2.7698414e+02
   1.5254846e+02
   3.0197783e+02
   4.5023960e+00
   2.2943664e+02
   1.3268618e+02
   1.9961917e+02
   1.5009506e+01
   3.0583045e+02
   1.9759691e+02
   2.4569153e+02
   1.4893358e+02
   3.0351355e+01
   1.5074260e+02
   9.5161374e+01
   2.7962620e+02
   3.0770528e+01
   2.1350258e+01
   5.0928309e+01
   3.0437020e+02
   1.4143667e+02
   2.6768463e+02
   3.0353765e+02
   1.7928108e+01
   2.4237164e+02
   1.2662283e+02
   1.0687393e+02
   2.7190973e+02
   1.5497660e+01
   7.8271810e+01
   2.9462031e+02
   2.4736236e+02
   8.8712454e+01
   1.5197875e+02
   6.2906289e+01
  -2.8553271e+00
   1.1471168e+02
   1.5511607e+02
   3.2551546e+00
   2.3746110e+02
   9.2898690e+00
   7.6370997e+01
   2.7601031e+02
   2.0657329e+02
   1.0066053e+01
   1.1553025e+02
   9.4140920e+01
   3.6914891e+01
   1.1169013e+02
   2.7193380e+02
   9.1307209e+01
   2.0235412e+02
   1.9071661e+02
   2.8841892e+02
   2.4422978e+02
   2.7265232e+02
   1.1552361e+02
   2.2353205e+02
   4.5224883e+00
   1.4156541e+02
   1.3870440e+02
   5.7838263e+01
   2.2787703e+00
   1.1579857e+02
   1.4007179e+02
   1.8846897e+01
   2.0615275e+02
   3.0766304e+01
   7.8208839e+01
   2.8589063e+02
   1.3869221e+02
   4.4319808e+01
   9.5825897e+01
   2.6877064e+02
   2.1493145e+01
   6.1548458e+01
   2.8313339e+02
   2.7296262e+02
   1.2553560e+02
  -3.7099313e+00
   1.5683051e+02
   2.6178529e+02
   2.2479819e+01
   9.5161720e+00
   3.6517449e+01
   2.4459591e+02
   7.1290014e+01
   9.9628894e+01
   9.3569127e+00
   2.1542018e+02
   2.2892457e+02
   1.9938312e+02
   4.4272457e+01
   1.3179768e+02
   1.7040493e+01
   1.4545064e+02
   2.4405882e+02
   1.9789000e+02
   9.5560456e+01
   2.0666300e+02
   1.6350906e+02
   1.1829997e+01
   1.2033417e+02
   1.5215525e+01
   2.1443475e+02
   7.8628408e+01
   1.8681448e+01
   1.8191212e+02
   2.7970366e+02
   2.9698784e+01
   2.2398380e+02
   2.2974603e+02
   8.3850552e+01
   2.4740154e+02
   2.7528782e+02
   2.8776274e+02
   2.8429369e+02
   4.9831765e+01
   9.7788251e+01
   8.0244544e+01
   4.7217666e+01
   2.0211661e+02
   2.5344325e+02
   1.0824335e+02
   3.5909876e+01
   6.8408937e+01
  -3.2244457e+00
   2.9149573e+02
   2.9693119e+02
   1.1011651e+02
   1.1337396e+02
   1.1377197e+02
   5.1353114e+01
   2.7970195e+02
   2.1731469e+02
   7.6651224e+01
   2.2246034e+02
   1.1481205e+02
   1.8698659e+02
   9.2167014e+01
   6.8629364e+01
   2.2345772e+02
   2.9903662e+02
   1.4242730e+02
   1.1463119e+02
   1.7760824e+02
   8.3557043e+01
   1.3114293e+02
   3.0883400e+02
   1.4547649e+02
   2.5379899e+01
   3.0757116e+02
   2.7561577e+02
   1.9686368e+02
   2.5193632e+02
   6.4240060e+01
   8.0521170e+00
   1.8513005e+02
   1.4303933e+00
   2.9238262e+02
   5.6114144e+01
   2.6658298e+02
   9.6659767e+01
   4.1960448e+00
   1.4062036e+02
   9.1733499e+01
   1.9864477e+02
   1.8365856e+02
   1.1188485e+02
   1.1302552e+02
   1.2403975e+02
   1.2737097e+02
   3.3057441e+01
   1.2026563e-01
   1.5341849e+02
   5.1342685e+01
   1.6130879e+02
   1.2326043e+02
   1.0029217e+02
   2.5773297e+02
  -1.9294490e+00
   2.4585984e+02
   6.6422546e+01
   2.1596020e+02
   2.0317241e+02
   2.9266440e+02
   4.8806542e+01
   2.3379403e+02
   3.1546814e+01
   1.7147354e+02
   2.2204962e+02
   2.3420695e+02
   1.4062584e+02
   7.0417680e+01
   2.0028363e+02
   2.1546171e+02
   1.5071395e+02
  -2.3886031e+00
   9.6350950e+01
   3.9424532e+01
   2.2003014e+02
   3.8214851e+01
   2.5399260e+02
   2.7399894e+02
   1.7549997e+01
   1.7527524e+00
   2.5670985e+02
   7.1817510e+01
   2.4606011e+02
   6.5815344e+01
   1.8488775e+01
   2.9854697e+01
   1.2515471e+02
   1.0278465e+02
   9.5971650e+01
   2.9222697e+02
   2.9001464e+02
   9.7263417e+01
   2.3472368e+02
   2.5632957e+02
   6.2586901e+01
   9.6704835e+01
   1.3227775e+02
   1.2912846e+02
   8.6149152e+01
   2.0250689e+02
   8.6261762e+01
   2.3865984e+02
   2.6015987e+02
   2.6717717e+02
   2.8778347e+02
   2.4809185e+02
   2.5211034e+02
   2.7018363e+02
   1.5019640e+02
   1.0758927e+02
   7.5266066e+01
   2.5662624e+02
   1.9865655e+02
   1.2753101e+02
   1.8069357e+01
   6.5755667e+01
   5.2766201e+01
   1.5983664e+02
   4.1698580e+01
   5.4706424e+00
   1.8591209e+02
   1.7588819e+02
   2.6148816e+02
   3.0102511e+01
   1.0789372e+02
   1.7526454e+02
   1.1602552e+02
   2.7886740e+02
   2.3399377e+02
   5.9088590e+01
   2.3163088e+02
   1.3540815e+02
   1.5623645e+01
   1.8074439e+02
   2.7413314e+02
   5.0323024e+01
   1.0881784e+01
   1.8945381e+02
   1.3109847e+02
   5.5380124e+01
   2.7061468e+02
   3.6636941e+01
   2.1256616e+02
   2.0594893e+02
   1.7011495e+02
   5.7296191e+01
   1.5712605e+02
   2.0100266e+02
  -5.8363573e+00
   1.2338253e+02
   2.2470647e+02
   1.5423627e+02
   1.6553244e+02
   1.1696401e+02
   2.4540216e+02
   1.1378768e+02
   2.5400919e+02
   2.8169710e+02
   1.4238943e+02
   3.3488427e+01
   1.0433849e+02
   2.1625261e+02
  -5.7647958e+00
   1.0095464e+02
   1.0553986e+02
   1.8607838e+02
   5.4330562e+01
   2.7020642e+02
   3.5682549e+01
   1.7953425e+02
   1.7597655e+02
   1.4178580e+02
   1.5247656e+02
   2.8625272e+02
   1.1810919e+02
   1.8517201e+02
   2.4702012e+02
   2.6383988e+02
   1.0660820e+02
   1.1619119e+02
   3.5794901e+01
   9.9309853e+01
   2.2440965e+02
   1.5583691e+02
   1.6153562e+01
   1.5788702e+02
   9.7971147e+01
   1.0250923e+02
   1.8406714e+02
   2.9198505e+02
   2.3759077e+02
   1.1412336e+02
   2.2481900e+02
   2.4229055e+02
   3.9678622e+01
   2.8365239e+02
   2.0146460e+02
   9.8745051e+01
   2.9638160e+02
   2.7821990e+01
   1.0601059e+01
   2.7236603e+02
   2.7178880e+02
   2.8340433e+02
   3.7166890e+01
   2.4830410e+02
   2.9262485e+02
   8.9942561e+00
   8.8097084e+01
   5.1210961e+01
   2.6274526e+02
   6.5484272e+01
   2.2289922e+02
   5.4238115e+01
   2.8061079e+02
   3.3019602e+01
  -4.9622765e+00
   1.9139202e+02
   5.8874805e+01
   2.0069041e+02
   9.1133945e+01
   3.6752699e+01
   1.2813549e+02
   1.8886258e+02
   1.4357320e+02
   2.9076370e+02
   1.1794567e+02
   1.9050356e+02
   2.3699599e+02
   1.7124446e+02
  -4.6243013e+00
   2.0880928e+02
   1.8025276e+02
   1.3624075e+02
   2.6888762e+02
   5.8750028e+01
   4.0385655e+01
   2.6274658e+02
   2.0892860e+02
   1.9325780e+02
   1.3785621e+02
   2.7594908e+01
   1.3041285e+02
   1.2203175e+01
   2.7753620e+02
   1.0464982e+02
   1.0715664e+02
   9.9012762e+01
   2.9706806e+02
   2.9905412e+02
   1.9245438e+02
   1.2823089e+02
   2.0373996e+02
   2.9732837e+02
   8.1236957e+01
   2.7896072e+02
   8.4387630e+01
   5.6503223e+01
   2.3503370e+02
   8.8147441e+01
   2.2272823e+01
   5.3293166e+01
   7.4308835e+01
   2.6034268e+02
   1.9862299e+02
   8.4583361e+01
   3.2477633e+01
   9.2889811e+01
   1.1468791e+02
   5.6387884e+01
   8.7012273e+01
   2.1925054e+02
   2.3167332e+02
   1.4435266e+02
   9.6552764e+01
   2.2758964e+02
   7.8391661e+01
   2.0373594e+02
   1.9292319e+02
   1.2031496e+02
   2.2553345e+02
   2.3828769e+02
   2.4396467e-01
   1.2114788e+02
   3.0982842e+02
   2.2259746e+02
   1.5854758e+02
   2.8083792e+02
   1.6236663e+02
   9.2961318e+01
   2.1385681e+02
   1.5189857e+02
   1.5603229e+02
   1.1001387e+02
   4.7378748e+00
   1.8114380e+02
   2.7877564e+02
   1.5392412e+02
   1.5750558e+02
   3.0112678e+01
   2.8455242e+02
   2.7727603e+02
   4.4575098e+01
   1.9060496e+02
   2.2144231e+02
  -8.0287878e-01
   5.8856421e+01
   1.7043437e+02
   2.5872874e+02
   1.0060483e+02
   4.7048470e+01
  -1.3672838e+00
   1.9114160e+02
   2.8704681e+02
   6.1568019e+01
   2.7293713e+02
   2.0171679e+02
   3.0434477e+02
   1.2094495e+02
   8.4422090e+01
   1.6297442e+02
   1.4978141e+02
   2.8889183e+02
   2.8185965e+02
   2.8041521e+02
   1.5058557e+01
   2.4608008e+02
  -1.0944858e+00
   3.3882488e+01
   1.3524578e+02
   2.3984902e+01
   9.7992725e+01
   8.8654110e+01
   2.1584972e+02
   2.9871218e+02
   1.7084865e+02
   1.7728226e+02
   2.0981388e+02
   1.5311253e+02
   5.0944592e+01
   3.0873518e+02
   2.4826395e+02
   1.3831991e+02
   1.8088626e+02
   2.6575932e+02
   1.6632944e+01
   1.1450924e+02
   2.4011169e+01
   2.1627658e+01
   4.9537027e+01
   1.6764371e+02
   7.8934397e+01
   2.8561005e+00
   2.2559712e+02
   2.8737794e+01
   1.8519468e+01
   2.1672049e+02
   2.0237769e+02
   9.3687356e+01
   3.5049526e+01
   3.8175603e+01
   4.1974718e+01
   1.0243412e+02
   2.7756790e+02
   9.6580038e+01
   2.7129777e+02
   6.2346823e+00
   1.4363504e+02
   2.0353502e+02
   1.0724016e+02
   1.9109707e+02
   1.2989058e+02
   1.3783274e+01
   8.3745969e+01
   2.8299614e+02
   2.2217939e+01
   8.4734670e+00
   4.2917922e+01
   1.9243419e+02
   2.2019582e+02
   7.9100406e+01
   7.8136158e+01
   2.7205864e+02
   2.6751364e+02
   1.1721975e+02
   4.4542244e+01
   2.5443669e+02
   1.0930378e+02
   1.2851482e+02
   7.4813776e+01
   1.1287977e+02
   8.5311075e+01
   1.3280553e+02
   1.6332107e+02
   2.0124067e+02
   3.0847506e+02
   1.5458501e+02
   1.4845292e+02
   1.4883906e+02
   3.5950919e+01
   2.0926122e+02
   7.1491277e+01
  -1.9283251e+00
   1.6815139e+02
   1.0523849e+02
   5.7230554e+01
   2.9548131e+02
   2.2866955e+02
   1.9586824e+02
   2.8204526e+02
   5.9158917e+01
   3.3239289e+01
   6.2749150e+01
   2.6325227e+02
   2.1291509e+02
   1.8252293e+02
   1.5881450e+02
   1.8670652e+02
   5.5948818e+00
   1.0324722e+00
   1.5268680e+02
   1.3068836e+02
   2.8349506e+02
  -2.9524156e+00
   4.0003919e+01
   1.5116936e+01
   2.8375490e+02
   4.8284457e+01
   1.8206455e+02
   1.2463314e+02
   2.3753196e+01
   1.6078710e+02
   1.5150400e+02
   2.4820245e+02
   1.9812192e+01
   1.1787016e+02
   1.1953905e+02
   9.7057758e+01
   5.1683479e+01
   2.9512835e+02
   1.1061305e+02
   1.2299592e+02
   1.8768424e+02
   1.8602825e+01
   2.7318198e+02
   8.6781519e+01
   8.8658305e+01
   2.3515888e+02
   4.4613675e+01
   1.4876467e+02
   1.1560451e+02
   2.1779819e+01
   1.9126541e+02
   5.0524759e+01
   1.3034289e+02
   5.7676890e+01
   1.4146495e+02
   1.6772417e+02
   2.3941395e+02
   2.6158117e+01
   2.7308450e+02
   2.1045086e+02
   2.5114043e+02
   1.5383218e+01
   3.3263758e+01
   1.5275763e+01
   1.8061172e+02
   1.1483069e+02
   1.1321023e+02
   2.1201398e+02
   1.8715144e+02
   5.9868711e+01
   2.6285576e+02
  -4.5670538e+00
   2.9620481e+02
   2.3284741e+02
   2.7395625e+02
   1.4497395e+02
   1.1444638e+01
   2.7367641e+02
   1.7663586e+01
   3.0471803e+02
   1.0519353e+02
   5.6640499e+01
   6.9200277e+01
   9.1874574e+01
   3.6461768e+01
   9.4830172e+01
   7.7982021e+01
   2.9903129e+02
   2.1267831e+02
   1.0275404e+02
   1.3721485e+02
   3.0510184e+02
   6.0819808e+01
   2.7463317e+02
   2.3421213e+02
   4.4031525e+01
   2.7308778e+02
   2.7347175e+02
   2.3218454e+02
   1.2350882e+02
   1.6907380e+02
   2.8310731e+02
   2.5508686e+02
   2.1590939e+02
   1.5210732e+02
   1.9219275e+02
   1.8570834e+02
   2.9672035e+02
   2.8030040e+02
   2.3196557e+02
   1.8274712e+02
   1.7995972e+02
   2.9711420e+02
   1.2448667e+02
   5.6697992e+01
   2.2420286e+02
   3.0838911e+02
   1.6122274e+02
   2.6951033e+02
   2.8840354e+02
   9.2993321e+01
   5.0965508e+01
   2.1001973e+02
   1.8283995e+02
   2.2254654e+02
  -3.7043799e+00
   3.0671938e+02
   7.7799545e+01
   1.9016664e+02
   7.5160066e+01
   6.4038082e+01
   1.2308324e+02
   2.4242195e+02
   2.3050223e+02
   2.9898471e+02
   1.7682598e+02
   4.5131326e+01
   2.6852946e+02
   3.0939950e+01
  -1.8554513e+00
   3.0511384e+02
   8.9968708e+01
   4.3625394e+01
   1.3953933e+01
   2.0430395e+02
   1.5015505e+02
   2.5445324e+01
   7.7720159e+01
   2.1971517e+02
   1.6455678e+02
   8.5650263e+01
   3.0779635e+02
   5.7754024e+01
   1.5177740e+02
   1.5033659e+01
  -4.4228590e+00
   2.8809174e+02
   1.3448341e+02
   2.6288915e+02
   3.0296482e+02
   8.9793116e+01
   1.3388845e+02
   2.7475603e+02
   2.1162403e+01
   2.0571668e+02
   5.8914234e+01
   7.0588559e+01
   2.6703895e+02
   2.5866383e+02
   5.6014222e+00
   2.6023442e+02
   3.3510350e+01
   1.0755806e+02
   2.9253638e+02
   1.5669121e+02
   2.1247031e+02
   5.4009756e+01
   1.6068866e+02
   3.0469440e+02
   2.6122288e+02
   2.6834846e+02
   2.2395031e+02
   1.5790051e+02
   5.0465525e+01
   1.8242693e+02
   2.9046039e+02
   2.0328687e+02
   2.4554861e+02
   2.5115194e+02
   2.1702350e+02
   1.5416308e+02
   3.0978063e+02
   5.9788784e+01
   1.3259958e+02
   2.2277938e+02
   2.2414828e+02
   1.0518288e+02
  -4.1265517e+00
   8.3842213e+01
   1.4406721e+02
   3.7803791e+01
   5.7715325e+01
   1.2394665e+02
   6.1662188e+01
   5.2012674e+00
   2.5371183e+02
   2.6590396e+02
   3.0500424e+02
   1.9653600e+02
   1.3340579e+02
   1.4783205e+02
   6.4993594e+01
   1.0697093e+02
   2.7988303e+02
   2.2485747e+02
   1.0813263e+02
   1.1731178e+02
   2.1965870e+02
   2.7592144e+02
   1.5809029e+02
   1.6299010e+02
   2.8193846e+02
   1.1407925e+02
   2.3266987e+02
   3.0289911e+02
   6.0714733e+01
   1.8355554e+02
   2.8173037e+02
  -2.9680629e+00
   1.1759982e+02
   6.6835173e+01
   2.3585763e+02
   3.4994415e+01
   2.7632679e+02
   1.3489947e+02
   6.2097443e+01
   2.9482675e+02
   2.2370846e+02
   4.7035809e+01
   2.2101548e+02
   1.8400255e+02
   2.6820860e+02
   6.5392763e+01
   2.4545892e+02
   1.9357867e+02
   2.6137083e+02
   8.7681899e+01
   2.0945753e+02
   2.9113446e+02
   1.0011501e+02
   2.7879111e+02
   2.6984447e+02
   2.9113993e+02
   1.3469979e+02
   1.9768861e+02
   2.1230020e+02
   3.8968609e+01
   2.1424140e+02
   2.2347311e+02
   1.1780983e+02
   7.4539079e+01
   5.9740766e+01
   9.2193070e+01
   7.0778878e+01
   2.8514970e+02
   3.0560779e+02
   5.7055302e+00
   1.4561058e+02
   1.8681292e+02
   1.3327284e+02
   5.5717990e+01
   1.4821041e+02
   2.0863214e+02
   2.3225623e+02
   1.5452139e+02
   2.0656082e+02
   8.5523706e+00
   2.8995447e+02
   6.2095897e+01
   2.1402202e+02
   1.3947424e+02
   1.5130607e+02
   2.8434349e+02
   2.2003321e+02
   1.2326523e+02
   2.9238111e+02
   6.4323280e+01
   3.5132617e+01
   1.5256321e+02
   5.1045771e+01
   2.1919140e+02
   2.2910607e+02
   3.0344088e+01
   2.4573778e+02
   1.9156136e+02
   2.2501209e+02
   8.8836770e+01
   2.2127283e+02
   2.3852230e+02
   2.1964889e+02
   1.6210040e+02
   7.9602360e+01
   2.9490789e+02
   2.2574395e+01
   2.4247273e+02
   2.3406047e+02
   1.1126063e+02
   3.9043855e+01
   2.1330190e+02
   2.8339060e+02
   4.7531585e+01
   3.2906441e+01
   1.4801998e+02
   1.6222449e+02
   1.9046063e+02
   1.0535694e+01
   1.9751060e+02
   1.9640895e+01
   7.1710422e+01
   2.8322933e+02
   9.4158385e+01
   1.4163909e+02
   1.6356835e+02
   3.1679705e+01
   2.4512459e+02
   3.5532705e+01
   3.0910001e+02
   1.7023441e+01
   5.2547070e+01
   2.3083371e+02
   4.3455789e+01
   2.7268578e+02
  -3.2835491e+00
   3.7799611e+01
   1.9452169e+02
   2.1318482e+02
   2.1600072e+02
   7.1157375e+01
   6.6554105e+01
   9.7251786e+01
   5.8281941e+01
   1.6148159e+02
   2.2665517e+02
   1.5736239e+02
   1.5563769e+02
   1.5463052e+02
   1.5872725e+02
   3.1231198e+01
   1.0700159e+02
   2.5779276e+02
   2.4905187e+02
   2.8142809e+02
   3.5781034e+01
   3.0792492e+02
   2.1560592e+02
   2.3046465e+02
   1.7624745e+01
   2.7792767e+02
   1.5385283e+01
   1.0299302e+02
   2.0370916e+02
   1.4252181e+02
   2.3621694e+01
   1.0746262e+02
   1.5967208e+02
   1.0148319e+02
   1.3488732e+02
   7.8899171e+01
   1.1955974e+02
   6.0847302e+01
   1.2257566e+02
   1.6791404e+02
   2.0930127e+02
   1.0864522e+02
   1.5958693e+02
   2.8519907e+02
   2.5355426e+02
   3.2389117e+01
   2.2543377e+02
   2.8583156e+02
   7.7874254e+01
   1.5783912e+02
   7.2535386e+01
   3.2115277e+00
   1.2594909e+02
   3.9520325e+01
   9.9301938e+01
   6.1054566e+00
   7.7986028e+01
   1.7448173e+02
   2.8819611e+02
   1.1435043e+02
   4.2103439e+01
   2.4905071e+02
   1.9424055e+02
   2.0360188e+01
   2.3875071e+02
   2.9279832e+02
   1.8252059e+02
   5.5894914e+01
   1.2210691e+02
   1.4222493e+02
  -4.2383723e+00
   1.2745513e+02
   1.2786877e+02
   2.8911854e+01
   9.5817682e+00
   2.0424741e+02
   2.5597179e+02
   3.0060006e+01
   2.8371352e+02
   1.4527123e+02
   1.4758582e+02
   1.2673135e+02
   9.6047874e+01
   1.0762340e+02
   1.6415946e+01
   1.4606416e+02
   4.7704979e+01
   1.8474466e+02
   1.7320213e+02
   3.0822376e+02
   1.5185926e+02
   2.9007155e+02
   1.1757025e+01
   5.3011109e+01
   3.2587181e+01
   3.7711811e+01
   1.8272613e+02
   2.9729270e+02
   1.0958286e+02
   5.8541405e+01
   1.8196061e+02
   2.2127609e+02
   1.9667047e+02
   1.3619315e+01
   1.3598671e+02
   1.5661110e+02
   9.2250008e+01
   3.4704716e+01
   2.8776539e+02
   8.0892755e+00
   2.9025105e+02
   2.1184884e+02
   1.0282430e+02
   4.7008241e+01
   5.5399946e+00
   1.5587022e+02
   1.4540295e+02
   2.3885508e+02
   1.9733091e+02
   2.2678963e+02
   2.4965761e+02
   2.9927937e+02
   1.6083004e+02
   2.5171055e+02
   1.5698588e+02
   1.1340596e+02
   2.1076687e+01
   2.2945535e+00
   1.5888194e+02
   4.7271630e+01
   1.1225922e+02
   2.0819864e+02
   1.4333826e+02
   1.8386442e+02
   2.4707530e+02
   2.3851408e+02
   1.9541127e+02
   1.5041191e+02
   2.3262752e+02
  -3.7097148e+00
   2.7698414e+02
   1.5254846e+02
   3.0197783e+02
   4.5023960e+00
   2.2943664e+02
   1.3268618e+02
   1.9961917e+02
   1.5009506e+01
   3.0583045e+02
   1.9759691e+02
   2.4569153e+02
   1.4893358e+02
   3.0351355e+01
   1.5074260e+02
   9.5161374e+01
   2.7962620e+02
   3.0770528e+01
   2.1350258e+01
   5.0928309e+01
   3.0437020e+02
   1.4143667e+02
   2.6768463e+02
   3.0353765e+02
   1.7928108e+01
   2.4237164e+02
   1.2662283e+02
   1.0687393e+02
   2.7190973e+02
   1.5497660e+01
   7.8271810e+01
   2.9462031e+02
   2.4736236e+02
   8.8712454e+01
   1.5197875e+02
   6.2906289e+01
  -2.8553271e+00
   1.1471168e+02
   1.5511607e+02
   3.2551546e+00
   2.3746110e+02
   9.2898690e+00
   7.6370997e+01
   2.7601031e+02
   2.0657329e+02
   1.0066053e+01
   1.1553025e+02
   9.4140920e+01
   3.6914891e+01
   1.1169013e+02
   2.7193380e+02
   9.1307209e+01
   2.0235412e+02
   1.9071661e+02
   2.8841892e+02
   2.4422978e+02
   2.7265232e+02
   1.1552361e+02
   2.2353205e+02
   4.5224883e+00
   1.4156541e+02
   1.3870440e+02
   5.7838263e+01
   2.2787703e+00
   1.1579857e+02
   1.4007179e+02
   1.8846897e+01
   2.0615275e+02
   3.0766304e+01
   7.8208839e+01
   2.8589063e+02
   1.3869221e+02
   4.4319808e+01
   9.5825897e+01
   2.6877064e+02
   2.1493145e+01
   6.1548458e+01
   2.8313339e+02
   2.7296262e+02
   1.2553560e+02
  -3.7099313e+00
   1.5683051e+02
   2.6178529e+02
   2.2479819e+01
   9.5161720e+00
   3.6517449e+01
   2.4459591e+02
   7.1290014e+01
   9.9628894e+01
   9.3569127e+00
   2.1542018e+02
   2.2892457e+02
   1.9938312e+02
   4.4272457e+01
   1.3179768e+02
   1.7040493e+01
   1.4545064e+02
   2.4405882e+02
   1.9789000e+02
   9.5560456e+01
   2.0666300e+02
   1.6350906e+02
   1.1829997e+01
   1.2033417e+02
   1.5215525e+01
   2.1443475e+02
   7.8628408e+01
   1.8681448e+01
   1.8191212e+02
   2.7970366e+02
   2.9698784e+01
   2.2398380e+02
   2.2974603e+02
   8.3850552e+01
   2.4740154e+02
   2.7528782e+02
   2.8776274e+02
   2.8429369e+02
   4.9831765e+01
   9.7788251e+01
   8.0244544e+01
   4.7217666e+01
   2.0211661e+02
   2.5344325e+02
   1.0824335e+02
   3.5909876e+01
   6.8408937e+01
  -3.2244457e+00
   2.9149573e+02
   2.9693119e+02
   1.1011651e+02
   1.1337396e+02
   1.1377197e+02
   5.1353114e+01
   2.7970195e+02
   2.1731469e+02
   7.6651224e+01
   2.2246034e+02
   1.1481205e+02
   1.8698659e+02
   9.2167014e+01
   6.8629364e+01
   2.2345772e+02
   2.9903662e+02
   1.4242730e+02
   1.1463119e+02
   1.7760824e+02
   8.3557043e+01
   1.3114293e+02
   3.0883400e+02
   1.4547649e+02
   2.5379899e+01
   3.0757116e+02
   2.7561577e+02
   1.9686368e+02
   2.5193632e+02
   6.4240060e+01
   8.0521170e+00
   1.8513005e+02
   1.4303933e+00
   2.9238262e+02
   5.6114144e+01
   2.6658298e+02
   9.6659767e+01
   4.1960448e+00
   1.4062036e+02
   9.1733499e+01
   1.9864477e+02
   1.8365856e+02
   1.1188485e+02
   1.1302552e+02
   1.2403975e+02
   1.2737097e+02
   3.3057441e+01
   1.2026563e-01
   1.5341849e+02
   5.1342685e+01
   1.6130879e+02
   1.2326043e+02
   1.0029217e+02
   2.5773297e+02
  -1.9294490e+00
   2.4585984e+02
   6.6422546e+01
   2.1596020e+02
   2.0317241e+02
   2.9266440e+02
   4.8806542e+01
   2.3379403e+02
   3.1546814e+01
   1.7147354e+02
   2.2204962e+02
   2.3420695e+02
   1.4062584e+02
   7.0417680e+01
   2.0028363e+02
   2.1546171e+02
   1.5071395e+02
  -2.3886031e+00
   9.6350950e+01
   3.9424532e+01
   2.2003014e+02
   3.8214851e+01
   2.5399260e+02
   2.7399894e+02
   1.7549997e+01
   1.7527524e+00
   2.5670985e+02
   7.1817510e+01
   2.4606011e+02
   6.5815344e+01
   1.8488775e+01
   2.9854697e+01
   1.2515471e+02
   1.0278465e+02
   9.5971650e+01
   2.9222697e+02
   2.9001464e+02
   9.7263417e+01
   2.3472368e+02
   2.5632957e+02
   6.2586901e+01
   9.6704835e+01
   1.3227775e+02
   1.2912846e+02
   8.6149152e+01
   2.0250689e+02
   8.6261762e+01
   2.3865984e+02
   2.6015987e+02
   2.6717717e+02
   2.8778347e+02
   2.4809185e+02
   2.5211034e+02
   2.7018363e+02
   1.5019640e+02
   1.0758927e+02
   7.5266066e+01
   2.5662624e+02
   1.9865655e+02
   1.2753101e+02
   1.8069357e+01
   6.5755667e+01
   5.2766201e+01
   1.5983664e+02
   4.1698580e+01
   5.4706424e+00
   1.8591209e+02
   1.7588819e+02
   2.6148816e+02
   3.0102511e+01
   1.0789372e+02
   1.7526454e+02
   1.1602552e+02
   2.7886740e+02
   2.3399377e+02
   5.9088590e+01
   2.3163088e+02
   1.3540815e+02
   1.5623645e+01
   1.8074439e+02
   2.7413314e+02
   5.0323024e+01
   1.0881784e+01
   1.8945381e+02
   1.3109847e+02
   5.5380124e+01
   2.7061468e+02
   3.6636941e+01
   2.1256616e+02
   2.0594893e+02
   1.7011495e+02
   5.7296191e+01
   1.5712605e+02
   2.0100266e+02
  -5.8363573e+00
   1.2338253e+02
   2.2470647e+02
   1.5423627e+02
   1.6553244e+02
   1.1696401e+02
   2.4540216e+02
   1.1378768e+02
   2.5400919e+02
   2.8169710e+02
   1.4238943e+02
   3.3488427e+01
   1.0433849e+02
   2.1625261e+02
  -5.7647958e+00
   1.0095464e+02
   1.0553986e+02
   1.8607838e+02
   5.4330562e+01
   2.7020642e+02
   3.5682549e+01
   1.7953425e+02
   1.7597655e+02
   1.4178580e+02
   1.5247656e+02
   2.8625272e+02
   1.1810919e+02
   1.8517201e+02
   2.4702012e+02
   2.6383988e+02
   1.0660820e+02
   1.1619119e+02
   3.5794901e+01
   9.9309853e+01
   2.2440965e+02
   1.5583691e+02
   1.6153562e+01
   1.5788702e+02
   9.7971147e+01
   1.0250923e+02
   1.8406714e+02
   2.9198505e+02
   2.3759077e+02
   1.1412336e+02
   2.2481900e+02
   2.4229055e+02
   3.9678622e+01
   2.8365239e+02
   2.0146460e+02
   9.8745051e+01
   2.9638160e+02
   2.7821990e+01
   1.0601059e+01
   2.7236603e+02
   2.7178880e+02
   2.8340433e+02
   3.7166890e+01
   2.4830410e+02
   2.9262485e+02
   8.9942561e+00
   8.8097084e+01
   5.1210961e+01
   2.6274526e+02
   6.5484272e+01
   2.2289922e+02
   5.4238115e+01
   2.8061079e+02
   3.3019602e+01
  -4.9622765e+00
   1.9139202e+02
   5.8874805e+01
   2.0069041e+02
   9.1133945e+01
   3.6752699e+01
   1.2813549e+02
   1.8886258e+02
   1.4357320e+02
   2.9076370e+02
   1.1794567e+02
   1.9050356e+02
   2.3699599e+02
   1.7124446e+02
  -4.6243013e+00
   2.0880928e+02
   1.8025276e+02
   1.3624075e+02
   2.6888762e+02
   5.8750028e+01
   4.0385655e+01
   2.6274658e+02
   2.0892860e+02
   1.9325780e+02
   1.3785621e+02
   2.7594908e+01
   1.3041285e+02
   1.2203175e+01
   2.7753620e+02
   1.0464982e+02
   1.0715664e+02
   9.9012762e+01
   2.9706806e+02
   2.9905412e+02
   1.9245438e+02
   1.2823089e+02
   2.0373996e+02
   2.9732837e+02
   8.1236957e+01
   2.7896072e+02
   8.4387630e+01
   5.6503223e+01
   2.3503370e+02
   8.8147441e+01
   2.2272823e+01
   5.3293166e+01
   7.4308835e+01
   2.6034268e+02
   1.9862299e+02
   8.4583361e+01
   3.2477633e+01
   9.2889811e+01
   1.1468791e+02
   5.6387884e+01
   8.7012273e+01
   2.1925054e+02
   2.3167332e+02
   1.4435266e+02
   9.6552764e+01
   2.2758964e+02
   7.8391661e+01
   2.0373594e+02
   1.9292319e+02
   1.2031496e+02
   2.2553345e+02
   2.3828769e+02
   2.4396467e-01
   1.2114788e+02
   3.0982842e+02
   2.2259746e+02
   1.5854758e+02
   2.8083792e+02
   1.6236663e+02
   9.2961318e+01
   2.1385681e+02
   1.5189857e+02
   1.5603229e+02
   1.1001387e+02
   4.7378748e+00
   1.8114380e+02
   2.7877564e+02
   1.5392412e+02
   1.5750558e+02
   3.0112678e+01
   2.8455242e+02
   2.7727603e+02
   4.4575098e+01
   1.9060496e+02
   2.2144231e+02
  -8.0287878e-01
   5.8856421e+01
   1.7043437e+02
   2.5872874e+02
   1.0060483e+02
   4.7048470e+01
  -1.3672838e+00
   1.9114160e+02
   2.8704681e+02
   6.1568019e+01
   2.7293713e+02
   2.0171679e+02
   3.0434477e+02
   1.2094495e+02
   8.4422090e+01
   1.6297442e+02
   1.4978141e+02
   2.8889183e+02
   2.8185965e+02
   2.8041521e+02
   1.5058557e+01
   2.4608008e+02
  -1.0944858e+00
   3.3882488e+01
   1.3524578e+02
   2.3984902e+01
   9.7992725e+01
   8.8654110e+01
   2.1584972e+02
   2.9871218e+02
   1.7084865e+02
   1.7728226e+02
   2.0981388e+02
   1.5311253e+02
   5.0944592e+01
   3.0873518e+02
   2.4826395e+02
   1.3831991e+02
   1.8088626e+02
   2.6575932e+02
   1.6632944e+01
   1.1450924e+02
   2.4011169e+01
   2.1627658e+01
   4.9537027e+01
   1.6764371e+02
   7.8934397e+01
   2.8561005e+00
   2.2559712e+02
   2.8737794e+01
   1.8519468e+01
   2.1672049e+02
   2.0237769e+02
   9.3687356e+01
   3.5049526e+01
   3.8175603e+01
   4.1974718e+01
   1.0243412e+02
   2.7756790e+02
   9.6580038e+01
   2.7129777e+02
   6.2346823e+00
   1.4363504e+02
   2.0353502e+02
   1.0724016e+02
   1.9109707e+02
   1.2989058e+02
   1.3783274e+01
   8.3745969e+01
   2.8299614e+02
   2.2217939e+01
   8.4734670e+00
   4.2917922e+01
   1.9243419e+02
   2.2019582e+02
   7.9100406e+01
   7.8136158e+01
   2.7205864e+02
   2.6751364e+02
   1.1721975e+02
   4.4542244e+01
   2.5443669e+02
   1.0930378e+02
   1.2851482e+02
   7.4813776e+01
   1.1287977e+02
   8.5311075e+01
   1.3280553e+02
   1.6332107e+02
   2.0124067e+02
   3.0847506e+02
   1.5458501e+02
   1.4845292e+02
   1.4883906e+02
   3.5950919e+01
   2.0926122e+02
   7.1491277e+01
  -1.9283251e+00
   1.6815139e+02
   1.0523849e+02
   5.7230554e+01
   2.9548131e+02
   2.2866955e+02
   1.9586824e+02
   2.8204526e+02
   5.9158917e+01
   3.3239289e+01
   6.2749150e+01
   2.6325227e+02
   2.1291509e+02
   1.8252293e+02
   1.5881450e+02
   1.8670652e+02
   5.5948818e+00
   1.0324722e+00
   1.5268680e+02
   1.3068836e+02
   2.8349506e+02
  -2.9524156e+00
   4.0003919e+01
   1.5116936e+01
   2.8375490e+02
   4.8284457e+01
   1.8206455e+02
   1.2463314e+02
   2.3753196e+01
   1.6078710e+02
   1.5150400e+02
   2.4820245e+02
   1.9812192e+01
   1.1787016e+02
   1.1953905e+02
   9.7057758e+01
   5.1683479e+01
   2.9512835e+02
   1.1061305e+02
   1.2299592e+02
   1.8768424e+02
   1.8602825e+01
   2.7318198e+02
   8.6781519e+01
   8.8658305e+01
   2.3515888e+02
   4.4613675e+01
   1.4876467e+02
   1.1560451e+02
   2.1779819e+01
   1.9126541e+02
   5.0524759e+01
   1.3034289e+02
   5.7676890e+01
   1.4146495e+02
   1.6772417e+02
   2.3941395e+02
   2.6158117e+01
   2.7308450e+02
   2.1045086e+02
   2.5114043e+02
   1.5383218e+01
   3.3263758e+01
   1.5275763e+01
   1.8061172e+02
   1.1483069e+02
   1.1321023e+02
   2.1201398e+02
   1.8715144e+02
   5.9868711e+01
   2.6285576e+02
  -4.5670538e+00
   2.9620481e+02
   2.3284741e+02
   2.7395625e+02
   1.4497395e+02
   1.1444638e+01
   2.7367641e+02
   1.7663586e+01
   3.0471803e+02
   1.0519353e+02
   5.6640499e+01
   6.9200277e+01
   9.1874574e+01
   3.6461768e+01
   9.4830172e+01
   7.7982021e+01
   2.9903129e+02
   2.1267831e+02
   1.0275404e+02
   1.3721485e+02
   3.0510184e+02
   6.0819808e+01
   2.7463317e+02
   2.3421213e+02
   4.4031525e+01
   2.7308778e+02
   2.7347175e+02
   2.3218454e+02
   1.2350882e+02
   1.6907380e+02
   2.8310731e+02
   2.5508686e+02
   2.1590939e+02
   1.5210732e+02
   1.9219275e+02
   1.8570834e+02
   2.9672035e+02
   2.8030040e+02
   2.3196557e+02
   1.8274712e+02
   1.7995972e+02
   2.9711420e+02
   1.2448667e+02
   5.6697992e+01
   2.2420286e+02
   3.0838911e+02
   1.6122274e+02
   2.6951033e+02
   2.8840354e+02
   9.2993321e+01
   5.0965508e+01
   2.1001973e+02
   1.8283995e+02
   2.2254654e+02
  -3.7043799e+00
   3.0671938e+02
   7.7799545e+01
   1.9016664e+02
   7.5160066e+01
   6.4038082e+01
   1.2308324e+02
   2.4242195e+02
   2.3050223e+02
   2.9898471e+02
   1.7682598e+02
   4.5131326e+01
   2.6852946e+02
   3.0939950e+01
  -1.8554513e+00
   3.0511384e+02
   8.9968708e+01
   4.3625394e+01
   1.3953933e+01
   2.0430395e+02
   1.5015505e+02
   2.5445324e+01
   7.7720159e+01
   2.1971517e+02
   1.6455678e+02
   8.5650263e+01
   3.0779635e+02
   5.7754024e+01
   1.5177740e+02
   1.5033659e+01
  -4.4228590e+00
   2.8809174e+02
   1.3448341e+02
   2.6288915e+02
   3.0296482e+02
   8.9793116e+01
   1.3388845e+02
   2.7475603e+02
   2.1162403e+01
   2.0571668e+02
   5.8914234e+01
   7.0588559e+01
   2.6703895e+02
   2.5866383e+02
   5.6014222e+00
   2.6023442e+02
   3.3510350e+01
   1.0755806e+02
   2.9253638e+02
   1.5669121e+02
   2.1247031e+02
   5.4009756e+01
   1.6068866e+02
   3.0469440e+02
   2.6122288e+02
   2.6834846e+02
   2.2395031e+02
   1.5790051e+02
   5.0465525e+01
   1.8242693e+02
   2.9046039e+02
   2.0328687e+02
   2.4554861e+02
   2.5115194e+02
   2.1702350e+02
   1.5416308e+02
   3.0978063e+02
   5.9788784e+01
   1.3259958e+02
   2.2277938e+02
   2.2414828e+02
   1.0518288e+02
  -4.1265517e+00
   8.3842213e+01
   1.4406721e+02
   3.7803791e+01
   5.7715325e+01
   1.2394665e+02
   6.1662188e+01
   5.2012674e+00
   2.5371183e+02
   2.6590396e+02
   3.0500424e+02
   1.9653600e+02
   1.3340579e+02
   1.4783205e+02
   6.4993594e+01
   1.0697093e+02
   2.7988303e+02
   2.2485747e+02
   1.0813263e+02
   1.1731178e+02
   2.1965870e+02
   2.7592144e+02
   1.5809029e+02
   1.6299010e+02
   2.8193846e+02
   1.1407925e+02
   2.3266987e+02
   3.0289911e+02
   6.0714733e+01
   1.8355554e+02
   2.8173037e+02
  -2.9680629e+00
   1.1759982e+02
   6.6835173e+01
   2.3585763e+02
   3.4994415e+01
   2.7632679e+02
   1.3489947e+02
   6.2097443e+01
   2.9482675e+02
   2.2370846e+02
   4.7035809e+01
   2.2101548e+02
   1.8400255e+02
   2.6820860e+02
   6.5392763e+01
   2.4545892e+02
   1.9357867e+02
   2.6137083e+02
   8.7681899e+01
   2.0945753e+02
   2.9113446e+02
   1.0011501e+02
   2.7879111e+02
   2.6984447e+02
   2.9113993e+02
   1.3469979e+02
   1.9768861e+02
   2.1230020e+02
   3.8968609e+01
   2.1424140e+02
   2.2347311e+02
   1.1780983e+02
   7.4539079e+01
   5.9740766e+01
   9.2193070e+01
   7.0778878e+01
   2.8514970e+02
   3.0560779e+02
   5.7055302e+00
   1.4561058e+02
   1.8681292e+02
   1.3327284e+02
   5.5717990e+01
   1.4821041e+02
   2.0863214e+02
   2.3225623e+02
   1.5452139e+02
   2.0656082e+02
   8.5523706e+00
   2.8995447e+02
   6.2095897e+01
   2.1402202e+02
   1.3947424e+02
   1.5130607e+02
   2.8434349e+02
   2.2003321e+02
   1.2326523e+02
   2.9238111e+02
   6.4323280e+01
   3.5132617e+01
   1.5256321e+02
   5.1045771e+01
   2.1919140e+02
   2.2910607e+02
   3.0344088e+01
   2.4573778e+02
   1.9156136e+02
   2.2501209e+02
   8.8836770e+01
   2.2127283e+02
   2.3852230e+02
   2.1964889e+02
   1.6210040e+02
   7.9602360e+01
   2.9490789e+02
   2.2574395e+01
   2.4247273e+02
   2.3406047e+02
   1.1126063e+02
   3.9043855e+01
   2.1330190e+02
   2.8339060e+02
   4.7531585e+01
   3.2906441e+01
   1.4801998e+02
   1.6222449e+02
   1.9046063e+02
   1.0535694e+01
   1.9751060e+02
   1.9640895e+01
   7.1710422e+01
   2.8322933e+02
   9.4158385e+01
   1.4163909e+02
   1.6356835e+02
   3.1679705e+01
   2.4512459e+02
   3.5532705e+01
   3.0910001e+02
   1.7023441e+01
   5.2547070e+01
   2.3083371e+02
   4.3455789e+01
   2.7268578e+02
  -3.2835491e+00
   3.7799611e+01
   1.9452169e+02
   2.1318482e+02
   2.1600072e+02
   7.1157375e+01
   6.6554105e+01
   9.7251786e+01
   5.8281941e+01
   1.6148159e+02
   2.2665517e+02
   1.5736239e+02
   1.5563769e+02
   1.5463052e+02
   1.5872725e+02
   3.1231198e+01
   1.0700159e+02
   2.5779276e+02
   2.4905187e+02
   2.8142809e+02
   3.5781034e+01
   3.0792492e+02
   2.1560592e+02
   2.3046465e+02
   1.7624745e+01
   2.7792767e+02
   1.5385283e+01
   1.0299302e+02
   2.0370916e+02
   1.4252181e+02
   2.3621694e+01
   1.0746262e+02
   1.5967208e+02
   1.0148319e+02
   1.3488732e+02
   7.8899171e+01
   1.1955974e+02
   6.0847302e+01
   1.2257566e+02
   1.6791404e+02
   2.0930127e+02
   1.0864522e+02
   1.5958693e+02
   2.8519907e+02
   2.5355426e+02
   3.2389117e+01
   2.2543377e+02
   2.8583156e+02
   7.7874254e+01
   1.5783912e+02
   7.2535386e+01
   3.2115277e+00
   1.2594909e+02
   3.9520325e+01
   9.9301938e+01
   6.1054566e+00
   7.7986028e+01
   1.7448173e+02
   2.8819611e+02
   1.1435043e+02
   4.2103439e+01
   2.4905071e+02
   1.9424055e+02
   2.0360188e+01
   2.3875071e+02
   2.9279832e+02
   1.8252059e+02
   5.5894914e+01
   1.2210691e+02
   1.4222493e+02
  -4.2383723e+00
   1.2745513e+02
   1.2786877e+02
   2.8911854e+01
   9.5817682e+00
   2.0424741e+02
   2.5597179e+02
   3.0060006e+01
   2.8371352e+02
   1.4527123e+02
   1.4758582e+02
   1.2673135e+02
   9.6047874e+01
   1.0762340e+02
   1.6415946e+01
   1.4606416e+02
   4.7704979e+01
   1.8474466e+02
   1.7320213e+02
   3.0822376e+02
   1.5185926e+02
   2.9007155e+02
   1.1757025e+01
   5.3011109e+01
   3.2587181e+01
   3.7711811e+01
   1.8272613e+02
   2.9729270e+02
   1.0958286e+02
   5.8541405e+01
   1.8196061e+02
   2.2127609e+02
   1.9667047e+02
   1.3619315e+01
   1.3598671e+02
   1.5661110e+02
   9.2250008e+01
   3.4704716e+01
   2.8776539e+02
   8.0892755e+00
   2.9025105e+02
   2.1184884e+02
   1.0282430e+02
   4.7008241e+01
   5.5399946e+00
   1.5587022e+02
   1.4540295e+02
   2.3885508e+02
   1.9733091e+02
   2.2678963e+02
   2.4965761e+02
   2.9927937e+02
   1.6083004e+02
   2.5171055e+02
   1.5698588e+02
   1.1340596e+02
   2.1076687e+01
   2.2945535e+00
   1.5888194e+02
   4.7271630e+01
   1.1225922e+02
   2.0819864e+02
   1.4333826e+02
   1.8386442e+02
   2.4707530e+02
   2.3851408e+02
   1.9541127e+02
   1.5041191e+02
   2.3262752e+02
  -3.7097148e+00
   2.7698414e+02
   1.5254846e+02
   3.0197783e+02
   4.5023960e+00
   2.2943664e+02
   1.3268618e+02
   1.9961917e+02
   1.5009506e+01
   3.0583045e+02
   1.9759691e+02
   2.4569153e+02
   1.4893358e+02
   3.0351355e+01
   1.5074260e+02
   9.5161374e+01
   2.7962620e+02
   3.0770528e+01
   2.1350258e+01
   5.0928309e+01
   3.0437020e+02
   1.4143667e+02
   2.6768463e+02
   3.0353765e+02
   1.7928108e+01
   2.4237164e+02
   1.2662283e+02
   1.0687393e+02
   2.7190973e+02
   1.5497660e+01
   7.8271810e+01
   2.9462031e+02
   2.4736236e+02
   8.8712454e+01
   1.5197875e+02
   6.2906289e+01
  -2.8553271e+00
   1.1471168e+02
   1.5511607e+02
   3.2551546e+00
   2.3746110e+02
   9.2898690e+00
   7.6370997e+01
   2.7601031e+02
   2.0657329e+02
   1.0066053e+01
   1.1553025e+02
   9.4140920e+01
   3.6914891e+01
   1.1169013e+02
   2.7193380e+02
   9.1307209e+01
   2.0235412e+02
   1.9071661e+02
   2.8841892e+02
   2.4422978e+02
   2.7265232e+02
   1.1552361e+02
   2.2353205e+02
   4.5224883e+00
   1.4156541e+02
   1.3870440e+02
   5.7838263e+01
   2.2787703e+00
   1.1579857e+02
   1.4007179e+02
   1.8846897e+01
   2.0615275e+02
   3.0766304e+01
   7.8208839e+01
   2.8589063e+02
   1.3869221e+02
   4.4319808e+01
   9.5825897e+01
   2.6877064e+02
   2.1493145e+01
   6.1548458e+01
   2.8313339e+02
   2.7296262e+02
   1.2553560e+02
  -3.7099313e+00
   1.5683051e+02
   2.6178529e+02
   2.2479819e+01
   9.5161720e+00
   3.6517449e+01
   2.4459591e+02
   7.1290014e+01
   9.9628894e+01
   9.3569127e+00
   2.1542018e+02
   2.2892457e+02
   1.9938312e+02
   4.4272457e+01
   1.3179768e+02
   1.7040493e+01
   1.4545064e+02
   2.4405882e+02
   1.9789000e+02
   9.5560456e+01
   2.0666300e+02
   1.6350906e+02
   1.1829997e+01
   1.2033417e+02
   1.5215525e+01
   2.1443475e+02
   7.8628408e+01
   1.8681448e+01
   1.8191212e+02
   2.7970366e+02
   2.9698784e+01
   2.2398380e+02
   2.2974603e+02
   8.3850552e+01
   2.4740154e+02
   2.7528782e+02
   2.8776274e+02
   2.8429369e+02
   4.9831765e+01
   9.7788251e+01
   8.0244544e+01
   4.7217666e+01
   2.0211661e+02
   2.5344325e+02
   1.0824335e+02
   3.5909876e+01
   6.8408937e+01
  -3.2244457e+00
   2.9149573e+02
   2.9693119e+02
   1.1011651e+02
   1.1337396e+02
   1.1377197e+02
   5.1353114e+01
   2.7970195e+02
   2.1731469e+02
   7.6651224e+01
   2.2246034e+02
   1.1481205e+02
   1.8698659e+02
   9.2167014e+01
   6.8629364e+01
   2.2345772e+02
   2.9903662e+02
   1.4242730e+02
   1.1463119e+02
   1.7760824e+02
   8.3557043e+01
   1.3114293e+02
   3.0883400e+02
   1.4547649e+02
   2.5379899e+01
   3.0757116e+02
   2.7561577e+02
   1.9686368e+02
   2.5193632e+02
   6.4240060e+01
   8.0521170e+00
   1.8513005e+02
   1.4303933e+00
   2.9238262e+02
   5.6114144e+01
   2.6658298e+02
   9.6659767e+01
   4.1960448e+00
   1.4062036e+02
   9.1733499e+01
   1.9864477e+02
   1.8365856e+02
   1.1188485e+02
   1.1302552e+02
   1.2403975e+02
   1.2737097e+02
   3.3057441e+01
   1.2026563e-01
   1.5341849e+02
   5.1342685e+01
   1.6130879e+02
   1.2326043e+02
   1.0029217e+02
   2.5773297e+02
  -1.9294490e+00
   2.4585984e+02
   6.6422546e+01
   2.1596020e+02
   2.0317241e+02
   2.9266440e+02
   4.8806542e+01
   2.3379403e+02
   3.1546814e+01
   1.7147354e+02
   2.2204962e+02
   2.3420695e+02
   1.4062584e+02
   7.0417680e+01
   2.0028363e+02
   2.1546171e+02
   1.5071395e+02
  -2.3886031e+00
   9.6350950e+01
   3.9424532e+01
   2.2003014e+02
   3.8214851e+01
   2.5399260e+02
   2.7399894e+02
   1.7549997e+01
   1.7527524e+00
   2.5670985e+02
   7.1817510e+01
   2.4606011e+02
   6.5815344e+01
   1.8488775e+01
   2.9854697e+01
   1.2515471e+02
   1.0278465e+02
   9.5971650e+01
   2.9222697e+02
   2.9001464e+02
   9.7263417e+01
   2.3472368e+02
   2.5632957e+02
   6.2586901e+01
   9.6704835e+01
   1.3227775e+02
   1.2912846e+02
   8.6149152e+01
   2.0250689e+02
   8.6261762e+01
   2.3865984e+02
   2.6015987e+02
   2.6717717e+02
   2.8778347e+02
   2.4809185e+02
   2.5211034e+02
   2.7018363e+02
   1.5019640e+02
   1.0758927e+02
   7.5266066e+01
   2.5662624e+02
   1.9865655e+02
   1.2753101e+02
   1.8069357e+01
   6.5755667e+01
   5.2766201e+01
   1.5983664e+02
   4.1698580e+01
   5.4706424e+00
   1.8591209e+02
   1.7588819e+02
   2.6148816e+02
   3.0102511e+01
   1.0789372e+02
   1.7526454e+02
   1.1602552e+02
   2.7886740e+02
   2.3399377e+02
   5.9088590e+01
   2.3163088e+02
   1.3540815e+02
   1.5623645e+01
   1.8074439e+02
   2.7413314e+02
   5.0323024e+01
   1.0881784e+01
   1.8945381e+02
   1.3109847e+02
   5.5380124e+01
   2.7061468e+02
   3.6636941e+01
   2.1256616e+02
   2.0594893e+02
   1.7011495e+02
   5.7296191e+01
   1.5712605e+02
   2.0100266e+02
  -5.8363573e+00
   1.2338253e+02
   2.2470647e+02
   1.5423627e+02
   1.6553244e+02
   1.1696401e+02
   2.4540216e+02
   1.1378768e+02
   2.5400919e+02
   2.8169710e+02
   1.4238943e+02
   3.3488427e+01
   1.0433849e+02
   2.1625261e+02
  -5.7647958e+00
   1.0095464e+02
   1.0553986e+02
   1.8607838e+02
   5.4330562e+01
   2.7020642e+02
   3.5682549e+01
   1.7953425e+02
   1.7597655e+02
   1.4178580e+02
   1.5247656e+02
   2.8625272e+02
   1.1810919e+02
   1.8517201e+02
   2.4702012e+02
   2.6383988e+02
   1.0660820e+02
   1.1619119e+02
   3.5794901e+01
   9.9309853e+01
   2.2440965e+02
   1.5583691e+02
   1.6153562e+01
   1.5788702e+02
   9.7971147e+01
   1.0250923e+02
   1.8406714e+02
   2.9198505e+02
   2.3759077e+02
   1.1412336e+02
   2.2481900e+02
   2.4229055e+02
   3.9678622e+01
   2.8365239e+02
   2.0146460e+02
   9.8745051e+01
   2.9638160e+02
   2.7821990e+01
   1.0601059e+01
   2.7236603e+02
   2.7178880e+02
   2.8340433e+02
   3.7166890e+01
   2.4830410e+02
   2.9262485e+02
   8.9942561e+00
   8.8097084e+01
   5.1210961e+01
   2.6274526e+02
   6.5484272e+01
   2.2289922e+02
   5.4238115e+01
   2.8061079e+02
   3.3019602e+01
  -4.9622765e+00
   1.9139202e+02
   5.8874805e+01
   2.0069041e+02
   9.1133945e+01
   3.6752699e+01
   1.2813549e+02
   1.8886258e+02
   1.4357320e+02
   2.9076370e+02
   1.1794567e+02
   1.9050356e+02
   2.3699599e+02
   1.7124446e+02
  -4.6243013e+00
   2.0880928e+02
   1.8025276e+02
   1.3624075e+02
   2.6888762e+02
   5.8750028e+01
   4.0385655e+01
   2.6274658e+02
   2.0892860e+02
   1.9325780e+02
   1.3785621e+02
   2.7594908e+01
   1.3041285e+02
   1.2203175e+01
   2.7753620e+02
   1.0464982e+02
   1.0715664e+02
   9.9012762e+01
   2.9706806e+02
   2.9905412e+02
   1.9245438e+02
   1.2823089e+02
   2.0373996e+02
   2.9732837e+02
   8.1236957e+01
   2.7896072e+02
   8.4387630e+01
   5.6503223e+01
   2.3503370e+02
   8.8147441e+01
   2.2272823e+01
   5.3293166e+01
   7.4308835e+01
   2.6034268e+02
   1.9862299e+02
   8.4583361e+01
   3.2477633e+01
   9.2889811e+01
   1.1468791e+02
   5.6387884e+01
   8.7012273e+01
   2.1925054e+02
   2.3167332e+02
   1.4435266e+02
   9.6552764e+01
   2.2758964e+02
   7.8391661e+01
   2.0373594e+02
   1.9292319e+02
   1.2031496e+02
   2.2553345e+02
   2.3828769e+02
   2.4396467e-01
   1.2114788e+02
   3.0982842e+02
   2.2259746e+02
   1.5854758e+02
   2.8083792e+02
   1.6236663e+02
   9.2961318e+01
   2.1385681e+02
   1.5189857e+02
   1.5603229e+02
   1.1001387e+02
   4.7378748e+00
   1.8114380e+02
   2.7877564e+02
   1.5392412e+02
   1.5750558e+02
   3.0112678e+01
   2.8455242e+02
   2.7727603e+02
   4.4575098e+01
   1.9060496e+02
   2.2144231e+02
  -8.0287878e-01
   5.8856421e+01
   1.7043437e+02
   2.5872874e+02
   1.0060483e+02
   4.7048470e+01
  -1.3672838e+00
   1.9114160e+02
   2.8704681e+02
   6.1568019e+01
   2.7293713e+02
   2.0171679e+02
   3.0434477e+02
   1.2094495e+02
   8.4422090e+01
   1.6297442e+02
   1.4978141e+02
   2.8889183e+02
   2.8185965e+02
   2.8041521e+02
   1.5058557e+01
   2.4608008e+02
  -1.0944858e+00
   3.3882488e+01
   1.3524578e+02
   2.3984902e+01
   9.7992725e+01
   8.8654110e+01
   2.1584972e+02
   2.9871218e+02
   1.7084865e+02
   1.7728226e+02
   2.0981388e+02
   1.5311253e+02
   5.0944592e+01
   3.0873518e+02
   2.4826395e+02
   1.3831991e+02
   1.8088626e+02
   2.6575932e+02
   1.6632944e+01
   1.1450924e+02
   2.4011169e+01
   2.1627658e+01
   4.9537027e+01
   1.6764371e+02
   7.8934397e+01
   2.8561005e+00
   2.2559712e+02
   2.8737794e+01
   1.8519468e+01
   2.1672049e+02
   2.0237769e+02
   9.3687356e+01
   3.5049526e+01
   3.8175603e+01
   4.1974718e+01
   1.0243412e+02
   2.7756790e+02
   9.6580038e+01
   2.7129777e+02
   6.2346823e+00
   1.4363504e+02
   2.0353502e+02
   1.0724016e+02
   1.9109707e+02
   1.2989058e+02
   1.3783274e+01
   8.3745969e+01
   2.8299614e+02
   2.2217939e+01
   8.4734670e+00
   4.2917922e+01
   1.9243419e+02
   2.2019582e+02
   7.9100406e+01
   7.8136158e+01
   2.7205864e+02
   2.6751364e+02
   1.1721975e+02
   4.4542244e+01
   2.5443669e+02
   1.0930378e+02
   1.2851482e+02
   7.4813776e+01
   1.1287977e+02
   8.5311075e+01
   1.3280553e+02
   1.6332107e+02
   2.0124067e+02
   3.0847506e+02
   1.5458501e+02
   1.4845292e+02
   1.4883906e+02
   3.5950919e+01
   2.0926122e+02
   7.1491277e+01
  -1.9283251e+00
   1.6815139e+02
   1.0523849e+02
   5.7230554e+01
   2.9548131e+02
   2.2866955e+02
   1.9586824e+02
   2.8204526e+02
   5.9158917e+01
   3.3239289e+01
   6.2749150e+01
   2.6325227e+02
   2.1291509e+02
   1.8252293e+02
   1.5881450e+02
   1.8670652e+02
   5.5948818e+00
   1.0324722e+00
   1.5268680e+02
   1.3068836e+02
   2.8349506e+02
  -2.9524156e+00
   4.0003919e+01
   1.5116936e+01
   2.8375490e+02
   4.8284457e+01
   1.8206455e+02
   1.2463314e+02
   2.3753196e+01
   1.6078710e+02
   1.5150400e+02
   2.4820245e+02
   1.9812192e+01
   1.1787016e+02
   1.1953905e+02
   9.7057758e+01
   5.1683479e+01
   2.9512835e+02
   1.1061305e+02
   1.2299592e+02
   1.8768424e+02
   1.8602825e+01
   2.7318198e+02
   8.6781519e+01
   8.8658305e+01
   2.3515888e+02
   4.4613675e+01
   1.4876467e+02
   1.1560451e+02
   2.1779819e+01
   1.9126541e+02
   5.0524759e+01
   1.3034289e+02
   5.7676890e+01
   1.4146495e+02
   1.6772417e+02
   2.3941395e+02
   2.6158117e+01
   2.7308450e+02
   2.1045086e+02
   2.5114043e+02
   1.5383218e+01
   3.3263758e+01
   1.5275763e+01
   1.8061172e+02
   1.1483069e+02
   1.1321023e+02
   2.1201398e+02
   1.8715144e+02
   5.9868711e+01
   2.6285576e+02
  -4.5670538e+00
   2.9620481e+02
   2.3284741e+02
   2.7395625e+02
   1.4497395e+02
   1.1444638e+01
   2.7367641e+02
   1.7663586e+01
   3.0471803e+02
   1.0519353e+02
   5.6640499e+01
   6.9200277e+01
   9.1874574e+01
   3.6461768e+01
   9.4830172e+01
   7.7982021e+01
   2.9903129e+02
   2.1267831e+02
   1.0275404e+02
   1.3721485e+02
   3.0510184e+02
   6.0819808e+01
   2.7463317e+02
   2.3421213e+02
   4.4031525e+01
   2.7308778e+02
   2.7347175e+02
   2.3218454e+02
   1.2350882e+02
   1.6907380e+02
   2.8310731e+02
   2.5508686e+02
   2.1590939e+02
   1.5210732e+02
   1.9219275e+02
   1.8570834e+02
   2.9672035e+02
   2.8030040e+02
   2.3196557e+02
   1.8274712e+02
   1.7995972e+02
   2.9711420e+02
   1.2448667e+02
   5.6697992e+01
   2.2420286e+02
   3.0838911e+02
   1.6122274e+02
   2.6951033e+02
   2.8840354e+02
   9.2993321e+01
   5.0965508e+01
   2.1001973e+02
   1.8283995e+02
   2.2254654e+02
  -3.7043799e+00
   3.0671938e+02
   7.7799545e+01
   1.9016664e+02
   7.5160066e+01
   6.4038082e+01
   1.2308324e+02
   2.4242195e+02
   2.3050223e+02
   2.9898471e+02
   1.7682598e+02
   4.5131326e+01
   2.6852946e+02
   3.0939950e+01
  -1.8554513e+00
   3.0511384e+02
   8.9968708e+01
   4.3625394e+01
   1.3953933e+01
   2.0430395e+02
   1.5015505e+02
   2.5445324e+01
   7.7720159e+01
   2.1971517e+02
   1.6455678e+02
   8.5650263e+01
   3.0779635e+02
   5.7754024e+01
   1.5177740e+02
   1.5033659e+01
  -4.4228590e+00
   2.8809174e+02
   1.3448341e+02
   2.6288915e+02
   3.0296482e+02
   8.9793116e+01
   1.3388845e+02
   2.7475603e+02
   2.1162403e+01
   2.0571668e+02
   5.8914234e+01
   7.0588559e+01
   2.6703895e+02
   2.5866383e+02
   5.6014222e+00
   2.6023442e+02
   3.3510350e+01
   1.0755806e+02
   2.9253638e+02
   1.5669121e+02
   2.1247031e+02
   5.4009756e+01
   1.6068866e+02
   3.0469440e+02
   2.6122288e+02
   2.6834846e+02
   2.2395031e+02
   1.5790051e+02
   5.0465525e+01
   1.8242693e+02
   2.9046039e+02
   2.0328687e+02
   2.4554861e+02
   2.5115194e+02
   2.1702350e+02
   1.5416308e+02
   3.0978063e+02
   5.9788784e+01
   1.3259958e+02
   2.2277938e+02
   2.2414828e+02
   1.0518288e+02
  -4.1265517e+00
   8.3842213e+01
   1.4406721e+02
   3.7803791e+01
   5.7715325e+01
   1.2394665e+02
   6.1662188e+01
   5.2012674e+00
   2.5371183e+02
   2.6590396e+02
   3.0500424e+02
   1.9653600e+02
   1.3340579e+02
   1.4783205e+02
   6.4993594e+01
   1.0697093e+02
   2.7988303e+02
   2.2485747e+02
   1.0813263e+02
   1.1731178e+02
   2.1965870e+02
   2.7592144e+02
   1.5809029e+02
   1.6299010e+02
   2.8193846e+02
   1.1407925e+02
   2.3266987e+02
   3.0289911e+02
   6.0714733e+01
   1.8355554e+02
   2.8173037e+02
  -2.9680629e+00
   1.1759982e+02
   6.6835173e+01
   2.3585763e+02
   3.4994415e+01
   2.7632679e+02
   1.3489947e+02
   6.2097443e+01
   2.9482675e+02
   2.2370846e+02
   4.7035809e+01
   2.2101548e+02
   1.8400255e+02
   2.6820860e+02
   6.5392763e+01
   2.4545892e+02
   1.9357867e+02
   2.6137083e+02
   8.7681899e+01
   2.0945753e+02
   2.9113446e+02
   1.0011501e+02
   2.7879111e+02
   2.6984447e+02
   2.9113993e+02
   1.3469979e+02
   1.9768861e+02
   2.1230020e+02
   3.8968609e+01
   2.1424140e+02
   2.2347311e+02
   1.1780983e+02
   7.4539079e+01
   5.9740766e+01
   9.2193070e+01
   7.0778878e+01
   2.8514970e+02
   3.0560779e+02
   5.7055302e+00
   1.4561058e+02
   1.8681292e+02
   1.3327284e+02
   5.5717990e+01
   1.4821041e+02
   2.0863214e+02
   2.3225623e+02
   1.5452139e+02
   2.0656082e+02
   8.5523706e+00
   2.8995447e+02
   6.2095897e+01
   2.1402202e+02
   1.3947424e+02
   1.5130607e+02
   2.8434349e+02
   2.2003321e+02
   1.2326523e+02
   2.9238111e+02
   6.4323280e+01
   3.5132617e+01
   1.5256321e+02
   5.1045771e+01
   2.1919140e+02
   2.2910607e+02
   3.0344088e+01
   2.4573778e+02
   1.9156136e+02
   2.2501209e+02
   8.8836770e+01
   2.2127283e+02
   2.3852230e+02
   2.1964889e+02
   1.6210040e+02
   7.9602360e+01
   2.9490789e+02
   2.2574395e+01
   2.4247273e+02
   2.3406047e+02
   1.1126063e+02
   3.9043855e+01
   2.1330190e+02
   2.8339060e+02
   4.7531585e+01
   3.2906441e+01
   1.4801998e+02
   1.6222449e+02
   1.9046063e+02
   1.0535694e+01
   1.9751060e+02
   1.9640895e+01
   7.1710422e+01
   2.8322933e+02
   9.4158385e+01
   1.4163909e+02
   1.6356835e+02
   3.1679705e+01
   2.4512459e+02
   3.5532705e+01
   3.0910001e+02
   1.7023441e+01
   5.2547070e+01
   2.3083371e+02
   4.3455789e+01
   2.7268578e+02
  -3.2835491e+00
   3.7799611e+01
   1.9452169e+02
   2.1318482e+02
   2.1600072e+02
   7.1157375e+01
   6.6554105e+01
   9.7251786e+01
   5.8281941e+01
   1.6148159e+02
   2.2665517e+02
   1.5736239e+02
   1.5563769e+02
   1.5463052e+02
   1.5872725e+02
   3.1231198e+01
   1.0700159e+02
   2.5779276e+02
   2.4905187e+02
   2.8142809e+02
   3.5781034e+01
   3.0792492e+02
   2.1560592e+02
   2.3046465e+02
   1.7624745e+01
   2.7792767e+02
   1.5385283e+01
   1.0299302e+02
   2.0370916e+02
   1.4252181e+02
   2.3621694e+01
   1.0746262e+02
   1.5967208e+02
   1.0148319e+02
   1.3488732e+02
   7.8899171e+01
   1.1955974e+02
   6.0847302e+01
   1.2257566e+02
   1.6791404e+02
   2.0930127e+02
   1.0864522e+02
   1.5958693e+02
   2.8519907e+02
   2.5355426e+02
   3.2389117e+01
   2.2543377e+02
   2.8583156e+02
   7.7874254e+01
   1.5783912e+02
   7.2535386e+01
   3.2115277e+00
   1.2594909e+02
   3.9520325e+01
   9.9301938e+01
   6.1054566e+00
   7.7986028e+01
   1.7448173e+02
   2.8819611e+02
   1.1435043e+02
   4.2103439e+01
   2.4905071e+02
   1.9424055e+02
   2.0360188e+01
   2.3875071e+02
   2.9279832e+02
   1.8252059e+02
   5.5894914e+01
   1.2210691e+02
   1.4222493e+02
  -4.2383723e+00
   1.2745513e+02
   1.2786877e+02
   2.8911854e+01
   9.5817682e+00
   2.0424741e+02
   2.5597179e+02
   3.0060006e+01
   2.8371352e+02
   1.4527123e+02
   1.4758582e+02
   1.2673135e+02
   9.6047874e+01
   1.0762340e+02
   1.6415946e+01
   1.4606416e+02
   4.7704979e+01
   1.8474466e+02
   1.7320213e+02
   3.0822376e+02
   1.5185926e+02
   2.9007155e+02
   1.1757025e+01
   5.3011109e+01
   3.2587181e+01
   3.7711811e+01
   1.8272613e+02
   2.9729270e+02
   1.0958286e+02
   5.8541405e+01
   1.8196061e+02
   2.2127609e+02
   1.9667047e+02
   1.3619315e+01
   1.3598671e+02
   1.5661110e+02
   9.2250008e+01
   3.4704716e+01
   2.8776539e+02
   8.0892755e+00
   2.9025105e+02
   2.1184884e+02
   1.0282430e+02
   4.7008241e+01
   5.5399946e+00
   1.5587022e+02
   1.4540295e+02
   2.3885508e+02
   1.9733091e+02
   2.2678963e+02
   2.4965761e+02
   2.9927937e+02
   1.6083004e+02
   2.5171055e+02
   1.5698588e+02
   1.1340596e+02
   2.1076687e+01
   2.2945535e+00
   1.5888194e+02
   4.7271630e+01
   1.1225922e+02
   2.0819864e+02
   1.4333826e+02
   1.8386442e+02
   2.4707530e+02
   2.3851408e+02
   1.9541127e+02
   1.5041191e+02
   2.3262752e+02
  -3.7097148e+00
   2.7698414e+02
   1.5254846e+02
   3.0197783e+02
   4.5023960e+00
   2.2943664e+02
   1.3268618e+02
   1.9961917e+02
   1.5009506e+01
   3.0583045e+02
   1.9759691e+02
   2.4569153e+02
   1.4893358e+02
   3.0351355e+01
   1.5074260e+02
   9.5161374e+01
   2.7962620e+02
   3.0770528e+01
   2.1350258e+01
   5.0928309e+01
   3.0437020e+02
   1.4143667e+02
   2.6768463e+02
   3.0353765e+02
   1.7928108e+01
   2.4237164e+02
   1.2662283e+02
   1.0687393e+02
   2.7190973e+02
   1.5497660e+01
   7.8271810e+01
   2.9462031e+02
   2.4736236e+02
   8.8712454e+01
   1.5197875e+02
   6.2906289e+01
  -2.8553271e+00
   1.1471168e+02
   1.5511607e+02
   3.2551546e+00
   2.3746110e+02
   9.2898690e+00
   7.6370997e+01
   2.7601031e+02
   2.0657329e+02
   1.0066053e+01
   1.1553025e+02
   9.4140920e+01
   3.6914891e+01
   1.1169013e+02
   2.7193380e+02
   9.1307209e+01
   2.0235412e+02
   1.9071661e+02
   2.8841892e+02
   2.4422978e+02
   2.7265232e+02
   1.1552361e+02
   2.2353205e+02
   4.5224883e+00
   1.4156541e+02
   1.3870440e+02
   5.7838263e+01
   2.2787703e+00
   1.1579857e+02
   1.4007179e+02
   1.8846897e+01
   2.0615275e+02
   3.0766304e+01
   7.8208839e+01
   2.8589063e+02
   1.3869221e+02
   4.4319808e+01
   9.5825897e+01
   2.6877064e+02
   2.1493145e+01
   6.1548458e+01
   2.8313339e+02
   2.7296262e+02
   1.2553560e+02
  -3.7099313e+00
   1.5683051e+02
   2.6178529e+02
   2.2479819e+01
   9.5161720e+00
   3.6517449e+01
   2.4459591e+02
   7.1290014e+01
   9.9628894e+01
   9.3569127e+00
   2.1542018e+02
   2.2892457e+02
   1.9938312e+02
   4.4272457e+01
   1.3179768e+02
   1.7040493e+01
   1.4545064e+02
   2.4405882e+02
   1.9789000e+02
   9.5560456e+01
   2.0666300e+02
   1.6350906e+02
   1.1829997e+01
   1.2033417e+02
   1.5215525e+01
   2.1443475e+02
   7.8628408e+01
   1.8681448e+01
   1.8191212e+02
   2.7970366e+02
   2.9698784e+01
   2.2398380e+02
   2.2974603e+02
   8.3850552e+01
   2.4740154e+02
   2.7528782e+02
   2.8776274e+02
   2.8429369e+02
   4.9831765e+01
   9.7788251e+01
   8.0244544e+01
   4.7217666e+01
   2.0211661e+02
   2.5344325e+02
   1.0824335e+02
   3.5909876e+01
   6.8408937e+01
  -3.2244457e+00
   2.9149573e+02
   2.9693119e+02
   1.1011651e+02
   1.1337396e+02
   1.1377197e+02
   5.1353114e+01
   2.7970195e+02
   2.1731469e+02
   7.6651224e+01
   2.2246034e+02
   1.1481205e+02
   1.8698659e+02
   9.2167014e+01
   6.8629364e+01
   2.2345772e+02
   2.9903662e+02
   1.4242730e+02
   1.1463119e+02
   1.7760824e+02
   8.3557043e+01
   1.3114293e+02
   3.0883400e+02
   1.4547649e+02
   2.5379899e+01
   3.0757116e+02
   2.7561577e+02
   1.9686368e+02
   2.5193632e+02
   6.4240060e+01
   8.0521170e+00
   1.8513005e+02
   1.4303933e+00
   2.9238262e+02
   5.6114144e+01
   2.6658298e+02
   9.6659767e+01
   4.1960448e+00
   1.4062036e+02
   9.1733499e+01
   1.9864477e+02
   1.8365856e+02
   1.1188485e+02
   1.1302552e+02
   1.2403975e+02
   1.2737097e+02
   3.3057441e+01
   1.2026563e-01
   1.5341849e+02
   5.1342685e+01
   1.6130879e+02
   1.2326043e+02
   1.0029217e+02
   2.5773297e+02
  -1.9294490e+00
   2.4585984e+02
   6.6422546e+01
   2.1596020e+02
   2.0317241e+02
   2.9266440e+02
   4.8806542e+01
   2.3379403e+02
   3.1546814e+01
   1.7147354e+02
   2.2204962e+02
   2.3420695e+02
   1.4062584e+02
   7.0417680e+01
   2.0028363e+02
   2.1546171e+02
   1.5071395e+02
  -2.3886031e+00
   9.6350950e+01
   3.9424532e+01
   2.2003014e+02
   3.8214851e+01
   2.5399260e+02
   2.7399894e+02
   1.7549997e+01
   1.7527524e+00
   2.5670985e+02
   7.1817510e+01
   2.4606011e+02
   6.5815344e+01
   1.8488775e+01
   2.9854697e+01
   1.2515471e+02
   1.0278465e+02
   9.5971650e+01
   2.9222697e+02
   2.9001464e+02
   9.7263417e+01
   2.3472368e+02
   2.5632957e+02
   6.2586901e+01
   9.6704835e+01
   1.3227775e+02
   1.2912846e+02
   8.6149152e+01
   2.0250689e+02
   8.6261762e+01
   2.3865984e+02
   2.6015987e+02
   2.6717717e+02
   2.8778347e+02
   2.4809185e+02
   2.5211034e+02
   2.7018363e+02
   1.5019640e+02
   1.0758927e+02
   7.5266066e+01
   2.5662624e+02
   1.9865655e+02
   1.2753101e+02
   1.8069357e+01
   6.5755667e+01
   5.2766201e+01
   1.5983664e+02
   4.1698580e+01
   5.4706424e+00
   1.8591209e+02
   1.7588819e+02
   2.6148816e+02
   3.0102511e+01
   1.0789372e+02
   1.7526454e+02
   1.1602552e+02
   2.7886740e+02
   2.3399377e+02
   5.9088590e+01
   2.3163088e+02
   1.3540815e+02
   1.5623645e+01
   1.8074439e+02
   2.7413314e+02
   5.0323024e+01
   1.0881784e+01
   1.8945381e+02
   1.3109847e+02
   5.5380124e+01
   2.7061468e+02
   3.6636941e+01
   2.1256616e+02
   2.0594893e+02
   1.7011495e+02
   5.7296191e+01
   1.5712605e+02
   2.0100266e+02
  -5.8363573e+00
   1.2338253e+02
   2.2470647e+02
   1.5423627e+02
   1.6553244e+02
   1.1696401e+02
   2.4540216e+02
   1.1378768e+02
   2.5400919e+02
   2.8169710e+02
   1.4238943e+02
   3.3488427e+01
   1.0433849e+02
   2.1625261e+02
  -5.7647958e+00
   1.0095464e+02
   1.0553986e+02
   1.8607838e+02
   5.4330562e+01
   2.7020642e+02
   3.5682549e+01
   1.7953425e+02
   1.7597655e+02
   1.4178580e+02
   1.5247656e+02
   2.8625272e+02
   1.1810919e+02
   1.8517201e+02
   2.4702012e+02
   2.6383988e+02
   1.0660820e+02
   1.1619119e+02
   3.5794901e+01
   9.9309853e+01
   2.2440965e+02
   1.5583691e+02
   1.6153562e+01
   1.5788702e+02
   9.7971147e+01
   1.0250923e+02
   1.8406714e+02
   2.9198505e+02
   2.3759077e+02
   1.1412336e+02
   2.2481900e+02
   2.4229055e+02
   3.9678622e+01
   2.8365239e+02
   2.0146460e+02
   9.8745051e+01
   2.9638160e+02
   2.7821990e+01
   1.0601059e+01
   2.7236603e+02
   2.7178880e+02
   2.8340433e+02
   3.7166890e+01
   2.4830410e+02
   2.9262485e+02
   8.9942561e+00
   8.8097084e+01
   5.1210961e+01
   2.6274526e+02
   6.5484272e+01
   2.2289922e+02
   5.4238115e+01
   2.8061079e+02
   3.3019602e+01
  -4.9622765e+00
   1.9139202e+02
   5.8874805e+01
   2.0069041e+02
   9.1133945e+01
   3.6752699e+01
   1.2813549e+02
   1.8886258e+02
   1.4357320e+02
   2.9076370e+02
   1.1794567e+02
   1.9050356e+02
   2.3699599e+02
   1.7124446e+02
  -4.6243013e+00
   2.0880928e+02
   1.8025276e+02
   1.3624075e+02
   2.6888762e+02
   5.8750028e+01
   4.0385655e+01
   2.6274658e+02
   2.0892860e+02
   1.9325780e+02
   1.3785621e+02
   2.7594908e+01
   1.3041285e+02
   1.2203175e+01
   2.7753620e+02
   1.0464982e+02
   1.0715664e+02
   9.9012762e+01
   2.9706806e+02
   2.9905412e+02
   1.9245438e+02
   1.2823089e+02
   2.0373996e+02
   2.9732837e+02
   8.1236957e+01
   2.7896072e+02
   8.4387630e+01
   5.6503223e+01
   2.3503370e+02
   8.8147441e+01
   2.2272823e+01
   5.3293166e+01
   7.4308835e+01
   2.6034268e+02
   1.9862299e+02
   8.4583361e+01
   3.2477633e+01
   9.2889811e+01
   1.1468791e+02
   5.6387884e+01
   8.7012273e+01
   2.1925054e+02
   2.3167332e+02
   1.4435266e+02
   9.6552764e+01
   2.2758964e+02
   7.8391661e+01
   2.0373594e+02
   1.9292319e+02
   1.2031496e+02
   2.2553345e+02
   2.3828769e+02
   2.4396467e-01
   1.2114788e+02
   3.0982842e+02
   2.2259746e+02
   1.5854758e+02
   2.8083792e+02
   1.6236663e+02
   9.2961318e+01
   2.1385681e+02
   1.5189857e+02
   1.5603229e+02
   1.1001387e+02
   4.7378748e+00
   1.8114380e+02
   2.7877564e+02
   1.5392412e+02
   1.5750558e+02
   3.0112678e+01
   2.8455242e+02
   2.7727603e+02
   4.4575098e+01
   1.9060496e+02
   2.2144231e+02
  -8.0287878e-01
   5.8856421e+01
   1.7043437e+02
   2.5872874e+02
   1.0060483e+02
   4.7048470e+01
  -1.3672838e+00
   1.9114160e+02
   2.8704681e+02
   6.1568019e+01
   2.7293713e+02
   2.0171679e+02
   3.0434477e+02
   1.2094495e+02
   8.4422090e+01
   1.6297442e+02
   1.4978141e+02
   2.8889183e+02
   2.8185965e+02
   2.8041521e+02
   1.5058557e+01
   2.4608008e+02
  -1.0944858e+00
   3.3882488e+01
   1.3524578e+02
   2.3984902e+01
   9.7992725e+01
   8.8654110e+01
   2.1584972e+02
   2.9871218e+02
   1.7084865e+02
   1.7728226e+02
   2.0981388e+02
   1.5311253e+02
   5.0944592e+01
   3.0873518e+02
   2.4826395e+02
   1.3831991e+02
   1.8088626e+02
   2.6575932e+02
   1.6632944e+01
   1.1450924e+02
   2.4011169e+01
   2.1627658e+01
   4.9537027e+01
   1.6764371e+02
   7.8934397e+01
   2.8561005e+00
   2.2559712e+02
   2.8737794e+01
   1.8519468e+01
   2.1672049e+02
   2.0237769e+02
   9.3687356e+01
   3.5049526e+01
   3.8175603e+01
   4.1974718e+01
   1.0243412e+02
   2.7756790e+02
   9.6580038e+01
   2.7129777e+02
   6.2346823e+00
   1.4363504e+02
   2.0353502e+02
   1.0724016e+02
   1.9109707e+02
   1.2989058e+02
   1.3783274e+01
   8.3745969e+01
   2.8299614e+02
   2.2217939e+01
   8.4734670e+00
   4.2917922e+01
   1.9243419e+02
   2.2019582e+02
   7.9100406e+01
   7.8136158e+01
   2.7205864e+02
   2.6751364e+02
   1.1721975e+02
   4.4542244e+01
   2.5443669e+02
   1.0930378e+02
   1.2851482e+02
   7.4813776e+01
   1.1287977e+02
   8.5311075e+01
   1.3280553e+02
   1.6332107e+02
   2.0124067e+02
   3.0847506e+02
   1.5458501e+02
   1.4845292e+02
   1.4883906e+02
   3.5950919e+01
   2.0926122e+02
   7.1491277e+01
  -1.9283251e+00
   1.6815139e+02
   1.0523849e+02
   5.7230554e+01
   2.9548131e+02
   2.2866955e+02
   1.9586824e+02
   2.8204526e+02
   5.9158917e+01
   3.3239289e+01
   6.2749150e+01
   2.6325227e+02
   2.1291509e+02
   1.8252293e+02
   1.5881450e+02
   1.8670652e+02
   5.5948818e+00
   1.0324722e+00
   1.5268680e+02
   1.3068836e+02
   2.8349506e+02
  -2.9524156e+00
   4.0003919e+01
   1.5116936e+01
   2.8375490e+02
   4.8284457e+01
   1.8206455e+02
   1.2463314e+02
   2.3753196e+01
   1.6078710e+02
   1.5150400e+02
   2.4820245e+02
   1.9812192e+01
   1.1787016e+02
   1.1953905e+02
   9.7057758e+01
   5.1683479e+01
   2.9512835e+02
   1.1061305e+02
   1.2299592e+02
   1.8768424e+02
   1.8602825e+01
   2.7318198e+02
   8.6781519e+01
   8.8658305e+01
   2.3515888e+02
   4.4613675e+01
   1.4876467e+02
   1.1560451e+02
   2.1779819e+01
   1.9126541e+02
   5.0524759e+01
   1.3034289e+02
   5.7676890e+01
   1.4146495e+02
   1.6772417e+02
   2.3941395e+02
   2.6158117e+01
   2.7308450e+02
   2.1045086e+02
   2.5114043e+02
   1.5383218e+01
   3.3263758e+01
   1.5275763e+01
   1.8061172e+02
   1.1483069e+02
   1.1321023e+02
   2.1201398e+02
   1.8715144e+02
   5.9868711e+01
   2.6285576e+02
  -4.5670538e+00
   2.9620481e+02
   2.3284741e+02
   2.7395625e+02
   1.4497395e+02
   1.1444638e+01
   2.7367641e+02
   1.7663586e+01
   3.0471803e+02
   1.0519353e+02
   5.6640499e+01
   6.9200277e+01
   9.1874574e+01
   3.6461768e+01
   9.4830172e+01
   7.7982021e+01
   2.9903129e+02
   2.1267831e+02
   1.0275404e+02
   1.3721485e+02
   3.0510184e+02
   6.0819808e+01
   2.7463317e+02
   2.3421213e+02
   4.4031525e+01
   2.7308778e+02
   2.7347175e+02
   2.3218454e+02
   1.2350882e+02
   1.6907380e+02
   2.8310731e+02
   2.5508686e+02
   2.1590939e+02
   1.5210732e+02
   1.9219275e+02
   1.8570834e+02
   2.9672035e+02
   2.8030040e+02
   2.3196557e+02
   1.8274712e+02
   1.7995972e+02
   2.9711420e+02
   1.2448667e+02
   5.6697992e+01
   2.2420286e+02
   3.0838911e+02
   1.6122274e+02
   2.6951033e+02
   2.8840354e+02
   9.2993321e+01
   5.0965508e+01
   2.1001973e+02
   1.8283995e+02
   2.2254654e+02
  -3.7043799e+00
   3.0671938e+02
   7.7799545e+01
   1.9016664e+02
   7.5160066e+01
   6.4038082e+01
   1.2308324e+02
   2.4242195e+02
   2.3050223e+02
   2.9898471e+02
   1.7682598e+02
   4.5131326e+01
   2.6852946e+02
   3.0939950e+01
  -1.8554513e+00
   3.0511384e+02
   8.9968708e+01
   4.3625394e+01
   1.3953933e+01
   2.0430395e+02
   1.5015505e+02
   2.5445324e+01
   7.7720159e+01
   2.1971517e+02
   1.6455678e+02
   8.5650263e+01
   3.0779635e+02
   5.7754024e+01
   1.5177740e+02
   1.5033659e+01
  -4.4228590e+00
   2.8809174e+02
   1.3448341e+02
   2.6288915e+02
   3.0296482e+02
   8.9793116e+01
   1.3388845e+02
   2.7475603e+02
   2.1162403e+01
   2.0571668e+02
   5.8914234e+01
   7.0588559e+01
   2.6703895e+02
   2.5866383e+02
   5.6014222e+00
   2.6023442e+02
   3.3510350e+01
   1.0755806e+02
   2.9253638e+02
   1.5669121e+02
   2.1247031e+02
   5.4009756e+01
   1.6068866e+02
   3.0469440e+02
   2.6122288e+02
   2.6834846e+02
   2.2395031e+02
   1.5790051e+02
   5.0465525e+01
   1.8242693e+02
   2.9046039e+02
   2.0328687e+02
   2.4554861e+02
   2.5115194e+02
   2.1702350e+02
   1.5416308e+02
   3.0978063e+02
   5.9788784e+01
   1.3259958e+02
   2.2277938e+02
   2.2414828e+02
   1.0518288e+02
  -4.1265517e+00
   8.3842213e+01
   1.4406721e+02
   3.7803791e+01
   5.7715325e+01
   1.2394665e+02
   6.1662188e+01
   5.2012674e+00
   2.5371183e+02
   2.6590396e+02
   3.0500424e+02
   1.9653600e+02
   1.3340579e+02
   1.4783205e+02
   6.4993594e+01
   1.0697093e+02
   2.7988303e+02
   2.2485747e+02
   1.0813263e+02
   1.1731178e+02
   2.1965870e+02
   2.7592144e+02
   1.5809029e+02
   1.6299010e+02
   2.8193846e+02
   1.1407925e+02
   2.3266987e+02
   3.0289911e+02
   6.0714733e+01
   1.8355554e+02
   2.8173037e+02
  -2.9680629e+00
   1.1759982e+02
   6.6835173e+01
   2.3585763e+02
   3.4994415e+01
   2.7632679e+02
   1.3489947e+02
   6.2097443e+01
   2.9482675e+02
   2.2370846e+02
   4.7035809e+01
   2.2101548e+02
   1.8400255e+02
   2.6820860e+02
   6.5392763e+01
   2.4545892e+02
   1.9357867e+02
   2.6137083e+02
   8.7681899e+01
   2.0945753e+02
   2.9113446e+02
   1.0011501e+02
   2.7879111e+02
   2.6984447e+02
   2.9113993e+02
   1.3469979e+02
   1.9768861e+02
   2.1230020e+02
   3.8968609e+01
   2.1424140e+02
   2.2347311e+02
   1.1780983e+02
   7.4539079e+01
   5.9740766e+01
   9.2193070e+01
   7.0778878e+01
   2.8514970e+02
   3.0560779e+02
   5.7055302e+00
   1.4561058e+02
   1.8681292e+02
   1.3327284e+02
   5.5717990e+01
   1.4821041e+02
   2.0863214e+02
   2.3225623e+02
   1.5452139e+02
   2.0656082e+02
   8.5523706e+00
   2.8995447e+02
   6.2095897e+01
   2.1402202e+02
   1.3947424e+02
   1.5130607e+02
   2.8434349e+02
   2.2003321e+02
   1.2326523e+02
   2.9238111e+02
   6.4323280e+01
   3.5132617e+01
   1.5256321e+02
   5.1045771e+01
   2.1919140e+02
   2.2910607e+02
   3.0344088e+01
   2.4573778e+02
   1.9156136e+02
   2.2501209e+02
   8.8836770e+01
   2.2127283e+02
   2.3852230e+02
   2.1964889e+02
   1.6210040e+02
   7.9602360e+01
   2.9490789e+02
   2.2574395e+01
   2.4247273e+02
   2.3406047e+02
   1.1126063e+02
   3.9043855e+01
   2.1330190e+02
   2.8339060e+02
   4.7531585e+01
   3.2906441e+01
   1.4801998e+02
   1.6222449e+02
   1.9046063e+02
   1.0535694e+01
   1.9751060e+02
   1.9640895e+01
   7.1710422e+01
   2.8322933e+02
   9.4158385e+01
   1.4163909e+02
   1.6356835e+02
   3.1679705e+01
   2.4512459e+02
   3.5532705e+01
   3.0910001e+02
   1.7023441e+01
   5.2547070e+01
   2.3083371e+02
   4.3455789e+01
   2.7268578e+02
  -3.2835491e+00
   3.7799611e+01
   1.9452169e+02
   2.1318482e+02
   2.1600072e+02
   7.1157375e+01
   6.6554105e+01
   9.7251786e+01
   5.8281941e+01
   1.6148159e+02
   2.2665517e+02
   1.5736239e+02
   1.5563769e+02
   1.5463052e+02
   1.5872725e+02
   3.1231198e+01
   1.0700159e+02
   2.5779276e+02
   2.4905187e+02
   2.8142809e+02
   3.5781034e+01
   3.0792492e+02
   2.1560592e+02
   2.3046465e+02
   1.7624745e+01
   2.7792767e+02
   1.5385283e+01
   1.0299302e+02
   2.0370916e+02
   1.4252181e+02
   2.3621694e+01
   1.0746262e+02
   1.5967208e+02
   1.0148319e+02
   1.3488732e+02
   7.8899171e+01
   1.1955974e+02
   6.0847302e+01
   1.2257566e+02
   1.6791404e+02
   2.0930127e+02
   1.0864522e+02
   1.5958693e+02
   2.8519907e+02
   2.5355426e+02
   3.2389117e+01
   2.2543377e+02
   2.8583156e+02
   7.7874254e+01
   1.5783912e+02
   7.2535386e+01
   3.2115277e+00
   1.2594909e+02
   3.9520325e+01
   9.9301938e+01
   6.1054566e+00
   7.7986028e+01
   1.7448173e+02
   2.8819611e+02
   1.1435043e+02
   4.2103439e+01
   2.4905071e+02
   1.9424055e+02
   2.0360188e+01
   2.3875071e+02
   2.9279832e+02
   1.8252059e+02
   5.5894914e+01
   1.2210691e+02
   1.4222493e+02
  -4.2383723e+00
   1.2745513e+02
   1.2786877e+02
   2.8911854e+01
   9.5817682e+00
   2.0424741e+02
   2.5597179e+02
   3.0060006e+01
   2.8371352e+02
   1.4527123e+02
   1.4758582e+02
   1.2673135e+02
   9.6047874e+01
   1.0762340e+02
   1.6415946e+01
   1.4606416e+02
   4.7704979e+01
   1.8474466e+02
   1.7320213e+02
   3.0822376e+02
   1.5185926e+02
   2.9007155e+02
   1.1757025e+01
   5.3011109e+01
   3.2587181e+01
   3.7711811e+01
   1.8272613e+02
   2.9729270e+02
   1.0958286e+02
   5.8541405e+01
   1.8196061e+02
   2.2127609e+02
   1.9667047e+02
   1.3619315e+01
   1.3598671e+02
   1.5661110e+02
   9.2250008e+01
   3.4704716e+01
   2.8776539e+02
   8.0892755e+00
   2.9025105e+02
   2.1184884e+02
   1.0282430e+02
   4.7008241e+01
   5.5399946e+00
   1.5587022e+02
   1.4540295e+02
   2.3885508e+02
   1.9733091e+02
   2.2678963e+02
   2.4965761e+02
   2.9927937e+02
   1.6083004e+02
   2.5171055e+02
   1.5698588e+02
   1.1340596e+02
   2.1076687e+01
   2.2945535e+00
   1.5888194e+02
   4.7271630e+01
   1.1225922e+02
   2.0819864e+02
   1.4333826e+02
   1.8386442e+02
   2.4707530e+02
   2.3851408e+02
   1.9541127e+02
   1.5041191e+02
   2.3262752e+02
  -3.7097148e+00
   2.7698414e+02
   1.5254846e+02
   3.0197783e+02
   4.5023960e+00
   2.2943664e+02
   1.3268618e+02
   1.9961917e+02
   1.5009506e+01
   3.0583045e+02
   1.9759691e+02
   2.4569153e+02
   1.4893358e+02
   3.0351355e+01
   1.5074260e+02
   9.5161374e+01
   2.7962620e+02
   3.0770528e+01
   2.1350258e+01
   5.0928309e+01
   3.0437020e+02
   1.4143667e+02
   2.6768463e+02
   3.0353765e+02
   1.7928108e+01
   2.4237164e+02
   1.2662283e+02
   1.0687393e+02
   2.7190973e+02
   1.5497660e+01
   7.8271810e+01
   2.9462031e+02
   2.4736236e+02
   8.8712454e+01
   1.5197875e+02
   6.2906289e+01
  -2.8553271e+00
   1.1471168e+02
   1.5511607e+02
   3.2551546e+00
   2.3746110e+02
   9.2898690e+00
   7.6370997e+01
   2.7601031e+02
   2.0657329e+02
   1.0066053e+01
   1.1553025e+02
   9.4140920e+01
   3.6914891e+01
   1.1169013e+02
   2.7193380e+02
   9.1307209e+01
   2.0235412e+02
   1.9071661e+02
   2.8841892e+02
   2.4422978e+02
   2.7265232e+02
   1.1552361e+02
   2.2353205e+02
   4.5224883e+00
   1.4156541e+02
   1.3870440e+02
   5.7838263e+01
   2.2787703e+00
   1.1579857e+02
   1.4007179e+02
   1.8846897e+01
   2.0615275e+02
   3.0766304e+01
   7.8208839e+01
   2.8589063e+02
   1.3869221e+02
   4.4319808e+01
   9.5825897e+01
   2.6877064e+02
   2.1493145e+01
   6.1548458e+01
   2.8313339e+02
   2.7296262e+02
   1.2553560e+02
  -3.7099313e+00
   1.5683051e+02
   2.6178529e+02
   2.2479819e+01
   9.5161720e+00
   3.6517449e+01
   2.4459591e+02
   7.1290014e+01
   9.9628894e+01
   9.3569127e+00
   2.1542018e+02
   2.2892457e+02
   1.9938312e+02
   4.4272457e+01
   1.3179768e+02
   1.7040493e+01
   1.4545064e+02
   2.4405882e+02
   1.9789000e+02
   9.5560456e+01
   2.0666300e+02
   1.6350906e+02
   1.1829997e+01
   1.2033417e+02
   1.5215525e+01
   2.1443475e+02
   7.8628408e+01
   1.8681448e+01
   1.8191212e+02
   2.7970366e+02
   2.9698784e+01
   2.2398380e+02
   2.2974603e+02
   8.3850552e+01
   2.4740154e+02
   2.7528782e+02
   2.8776274e+02
   2.8429369e+02
   4.9831765e+01
   9.7788251e+01
   8.0244544e+01
   4.7217666e+01
   2.0211661e+02
   2.5344325e+02
   1.0824335e+02
   3.5909876e+01
   6.8408937e+01
  -3.2244457e+00
   2.9149573e+02
   2.9693119e+02
   1.1011651e+02
   1.1337396e+02
   1.1377197e+02
   5.1353114e+01
   2.7970195e+02
   2.1731469e+02
   7.6651224e+01
   2.2246034e+02
   1.1481205e+02
   1.8698659e+02
   9.2167014e+01
   6.8629364e+01
   2.2345772e+02
   2.9903662e+02
   1.4242730e+02
   1.1463119e+02
   1.7760824e+02
   8.3557043e+01
   1.3114293e+02
   3.0883400e+02
   1.4547649e+02
   2.5379899e+01
   3.0757116e+02
   2.7561577e+02
   1.9686368e+02
   2.5193632e+02
   6.4240060e+01
   8.0521170e+00
   1.8513005e+02
   1.4303933e+00
   2.9238262e+02
   5.6114144e+01
   2.6658298e+02
   9.6659767e+01
   4.1960448e+00
   1.4062036e+02
   9.1733499e+01
   1.9864477e+02
   1.8365856e+02
   1.1188485e+02
   1.1302552e+02
   1.2403975e+02
   1.2737097e+02
   3.3057441e+01
   1.2026563e-01
   1.5341849e+02
   5.1342685e+01
   1.6130879e+02
   1.2326043e+02
   1.0029217e+02
   2.5773297e+02
  -1.9294490e+00
   2.4585984e+02
   6.6422546e+01
   2.1596020e+02
   2.0317241e+02
   2.9266440e+02
   4.8806542e+01
   2.3379403e+02
   3.1546814e+01
   1.7147354e+02
   2.2204962e+02
   2.3420695e+02
   1.4062584e+02
   7.0417680e+01
   2.0028363e+02
   2.1546171e+02
   1.5071395e+02
  -2.3886031e+00
   9.6350950e+01
   3.9424532e+01
   2.2003014e+02
   3.8214851e+01
   2.5399260e+02
   2.7399894e+02
   1.7549997e+01
   1.7527524e+00
   2.5670985e+02
   7.1817510e+01
   2.4606011e+02
   6.5815344e+01
   1.8488775e+01
   2.9854697e+01
   1.2515471e+02
   1.0278465e+02
   9.5971650e+01
   2.9222697e+02
   2.9001464e+02
   9.7263417e+01
   2.3472368e+02
   2.5632957e+02
   6.2586901e+01
   9.6704835e+01
   1.3227775e+02
   1.2912846e+02
   8.6149152e+01
   2.0250689e+02
   8.6261762e+01
   2.3865984e+02
   2.6015987e+02
   2.6717717e+02
   2.8778347e+02
   2.4809185e+02
   2.5211034e+02
   2.7018363e+02
   1.5019640e+02
   1.0758927e+02
   7.5266066e+01
   2.5662624e+02
   1.9865655e+02
   1.2753101e+02
   1.8069357e+01
   6.5755667e+01
   5.2766201e+01
   1.5983664e+02
   4.1698580e+01
   5.4706424e+00
   1.8591209e+02
   1.7588819e+02
   2.6148816e+02
   3.0102511e+01
   1.0789372e+02
   1.7526454e+02
   1.1602552e+02
   2.7886740e+02
   2.3399377e+02
   5.9088590e+01
   2.3163088e+02
   1.3540815e+02
   1.5623645e+01
   1.8074439e+02
   2.7413314e+02
   5.0323024e+01
   1.0881784e+01
   1.8945381e+02
   1.3109847e+02
   5.5380124e+01
   2.7061468e+02
   3.6636941e+01
   2.1256616e+02
   2.0594893e+02
   1.7011495e+02
   5.7296191e+01
   1.5712605e+02
   2.0100266e+02
  -5.8363573e+00
   1.2338253e+02
   2.2470647e+02
   1.5423627e+02
   1.6553244e+02
   1.1696401e+02
   2.4540216e+02
   1.1378768e+02
   2.5400919e+02
   2.8169710e+02
   1.4238943e+02
   3.3488427e+01
   1.0433849e+02
   2.1625261e+02
  -5.7647958e+00
   1.0095464e+02
   1.0553986e+02
   1.8607838e+02
   5.4330562e+01
   2.7020642e+02
   3.5682549e+01
   1.7953425e+02
   1.7597655e+02
   1.4178580e+02
   1.5247656e+02
   2.8625272e+02
   1.1810919e+02
   1.8517201e+02
   2.4702012e+02
   2.6383988e+02
   1.0660820e+02
   1.1619119e+02
   3.5794901e+01
   9.9309853e+01
   2.2440965e+02
   1.5583691e+02
   1.6153562e+01
   1.5788702e+02
   9.7971147e+01
   1.0250923e+02
   1.8406714e+02
   2.9198505e+02
   2.3759077e+02
   1.1412336e+02
   2.2481900e+02
   2.4229055e+02
   3.9678622e+01
   2.8365239e+02
   2.0146460e+02
   9.8745051e+01
   2.9638160e+02
   2.7821990e+01
   1.0601059e+01
   2.7236603e+02
   2.7178880e+02
   2.8340433e+02
   3.7166890e+01
   2.4830410e+02
   2.9262485e+02
   8.9942561e+00
   8.8097084e+01
   5.1210961e+01
   2.6274526e+02
   6.5484272e+01
   2.2289922e+02
   5.4238115e+01
   2.8061079e+02
   3.3019602e+01
  -4.9622765e+00
   1.9139202e+02
   5.8874805e+01
   2.0069041e+02
   9.1133945e+01
   3.6752699e+01
   1.2813549e+02
   1.8886258e+02
   1.4357320e+02
   2.9076370e+02
   1.1794567e+02
   1.9050356e+02
   2.3699599e+02
   1.7124446e+02
  -4.6243013e+00
   2.0880928e+02
   1.8025276e+02
   1.3624075e+02
   2.6888762e+02
   5.8750028e+01
   4.0385655e+01
   2.6274658e+02
   2.0892860e+02
   1.9325780e+02
   1.3785621e+02
   2.7594908e+01
   1.3041285e+02
   1.2203175e+01
   2.7753620e+02
   1.0464982e+02
   1.0715664e+02
   9.9012762e+01
   2.9706806e+02
   2.9905412e+02
   1.9245438e+02
   1.2823089e+02
   2.0373996e+02
   2.9732837e+02
   8.1236957e+01
   2.7896072e+02
   8.4387630e+01
   5.6503223e+01
   2.3503370e+02
   8.8147441e+01
   2.2272823e+01
   5.3293166e+01
   7.4308835e+01
   2.6034268e+02
   1.9862299e+02
   8.4583361e+01
   3.2477633e+01
   9.2889811e+01
   1.1468791e+02
   5.6387884e+01
   8.7012273e+01
   2.1925054e+02
   2.3167332e+02
   1.4435266e+02
   9.6552764e+01
   2.2758964e+02
   7.8391661e+01
   2.0373594e+02
   1.9292319e+02
   1.2031496e+02
   2.2553345e+02
   2.3828769e+02
   2.4396467e-01
   1.2114788e+02
   3.0982842e+02
   2.2259746e+02
   1.5854758e+02
   2.8083792e+02
   1.6236663e+02
   9.2961318e+01
   2.1385681e+02
   1.5189857e+02
   1.5603229e+02
   1.1001387e+02
   4.7378748e+00
   1.8114380e+02
   2.7877564e+02
   1.5392412e+02
   1.5750558e+02
   3.0112678e+01
   2.8455242e+02
   2.7727603e+02
   4.4575098e+01
   1.9060496e+02
   2.2144231e+02
  -8.0287878e-01
   5.8856421e+01
   1.7043437e+02
   2.5872874e+02
   1.0060483e+02
   4.7048470e+01
  -1.3672838e+00
   1.9114160e+02
   2.8704681e+02
   6.1568019e+01
   2.7293713e+02
   2.0171679e+02
   3.0434477e+02
   1.2094495e+02
   8.4422090e+01
   1.6297442e+02
   1.4978141e+02
   2.8889183e+02
   2.8185965e+02
   2.8041521e+02
   1.5058557e+01
   2.4608008e+02
  -1.0944858e+00
   3.3882488e+01
   1.3524578e+02
   2.3984902e+01
   9.7992725e+01
   8.8654110e+01
   2.1584972e+02
   2.9871218e+02
   1.7084865e+02
   1.7728226e+02
   2.0981388e+02
   1.5311253e+02
   5.0944592e+01
   3.0873518e+02
   2.4826395e+02
   1.3831991e+02
   1.8088626e+02
   2.6575932e+02
   1.6632944e+01
   1.1450924e+02
   2.4011169e+01
   2.1627658e+01
   4.9537027e+01
   1.6764371e+02
   7.8934397e+01
   2.8561005e+00
   2.2559712e+02
   2.8737794e+01
   1.8519468e+01
   2.1672049e+02
   2.0237769e+02
   9.3687356e+01
   3.5049526e+01
   3.8175603e+01
   4.1974718e+01
   1.0243412e+02
   2.7756790e+02
   9.6580038e+01
   2.7129777e+02
   6.2346823e+00
   1.4363504e+02
   2.0353502e+02
   1.0724016e+02
   1.9109707e+02
   1.2989058e+02
   1.3783274e+01
   8.3745969e+01
   2.8299614e+02
   2.2217939e+01
   8.4734670e+00
   4.2917922e+01
   1.9243419e+02
   2.2019582e+02
   7.9100406e+01
   7.8136158e+01
   2.7205864e+02
   2.6751364e+02
   1.1721975e+02
   4.4542244e+01
   2.5443669e+02
   1.0930378e+02
   1.2851482e+02
   7.4813776e+01
   1.1287977e+02
   8.5311075e+01
   1.3280553e+02
   1.6332107e+02
   2.0124067e+02
   3.0847506e+02
   1.5458501e+02
   1.4845292e+02
   1.4883906e+02
   3.5950919e+01
   2.0926122e+02
   7.1491277e+01
  -1.9283251e+00
   1.6815139e+02
   1.0523849e+02
   5.7230554e+01
   2.9548131e+02
   2.2866955e+02
   1.9586824e+02
   2.8204526e+02
   5.9158917e+01
   3.3239289e+01
   6.2749150e+01
   2.6325227e+02
   2.1291509e+02
   1.8252293e+02
   1.5881450e+02
   1.8670652e+02
   5.5948818e+00
   1.0324722e+00
   1.5268680e+02
   1.3068836e+02
   2.8349506e+02
  -2.9524156e+00
   4.0003919e+01
   1.5116936e+01
   2.8375490e+02
   4.8284457e+01
   1.8206455e+02
   1.2463314e+02
   2.3753196e+01
   1.6078710e+02
   1.5150400e+02
   2.4820245e+02
   1.9812192e+01
   1.1787016e+02
   1.1953905e+02
   9.7057758e+01
   5.1683479e+01
   2.9512835e+02
   1.1061305e+02
   1.2299592e+02
   1.8768424e+02
   1.8602825e+01
   2.7318198e+02
   8.6781519e+01
   8.8658305e+01
   2.3515888e+02
   4.4613675e+01
   1.4876467e+02
   1.1560451e+02
   2.1779819e+01
   1.9126541e+02
   5.0524759e+01
   1.3034289e+02
   5.7676890e+01
   1.4146495e+02
   1.6772417e+02
   2.3941395e+02
   2.6158117e+01
   2.7308450e+02
   2.1045086e+02
   2.5114043e+02
   1.5383218e+01
   3.3263758e+01
   1.5275763e+01
   1.8061172e+02
   1.1483069e+02
   1.1321023e+02
   2.1201398e+02
   1.8715144e+02
   5.9868711e+01
   2.6285576e+02
  -4.5670538e+00
   2.9620481e+02
   2.3284741e+02
   2.7395625e+02
   1.4497395e+02
   1.1444638e+01
   2.7367641e+02
   1.7663586e+01
   3.0471803e+02
   1.0519353e+02
   5.6640499e+01
   6.9200277e+01
   9.1874574e+01
   3.6461768e+01
   9.4830172e+01
   7.7982021e+01
   2.9903129e+02
   2.1267831e+02
   1.0275404e+02
   1.3721485e+02
   3.0510184e+02
   6.0819808e+01
   2.7463317e+02
   2.3421213e+02
   4.4031525e+01
   2.7308778e+02
   2.7347175e+02
   2.3218454e+02
   1.2350882e+02
   1.6907380e+02
   2.8310731e+02
   2.5508686e+02
   2.1590939e+02
   1.5210732e+02
   1.9219275e+02
   1.8570834e+02
   2.9672035e+02
   2.8030040e+02
   2.3196557e+02
   1.8274712e+02
   1.7995972e+02
   2.9711420e+02
   1.2448667e+02
   5.6697992e+01
   2.2420286e+02
   3.0838911e+02
   1.6122274e+02
   2.6951033e+02
   2.8840354e+02
   9.2993321e+01
   5.0965508e+01
   2.1001973e+02
   1.8283995e+02
   2.2254654e+02
  -3.7043799e+00
   3.0671938e+02
   7.7799545e+01
   1.9016664e+02
   7.5160066e+01
   6.4038082e+01
   1.2308324e+02
   2.4242195e+02
   2.3050223e+02
   2.9898471e+02
   1.7682598e+02
   4.5131326e+01
   2.6852946e+02
   3.0939950e+01
  -1.8554513e+00
   3.0511384e+02
   8.9968708e+01
   4.3625394e+01
   1.3953933e+01
   2.0430395e+02
   1.5015505e+02
   2.5445324e+01
   7.7720159e+01
   2.1971517e+02
   1.6455678e+02
   8.5650263e+01
   3.0779635e+02
   5.7754024e+01
   1.5177740e+02
   1.5033659e+01
  -4.4228590e+00
   2.8809174e+02
   1.3448341e+02
   2.6288915e+02
   3.0296482e+02
   8.9793116e+01
   1.3388845e+02
   2.7475603e+02
   2.1162403e+01
   2.0571668e+02
   5.8914234e+01
   7.0588559e+01
   2.6703895e+02
   2.5866383e+02
   5.6014222e+00
   2.6023442e+02
   3.3510350e+01
   1.0755806e+02
   2.9253638e+02
   1.5669121e+02
   2.1247031e+02
   5.4009756e+01
   1.6068866e+02
   3.0469440e+02
   2.6122288e+02
   2.6834846e+02
   2.2395031e+02
   1.5790051e+02
   5.0465525e+01
   1.8242693e+02
   2.9046039e+02
   2.0328687e+02
   2.4554861e+02
   2.5115194e+02
   2.1702350e+02
   1.5416308e+02
   3.0978063e+02
   5.9788784e+01
   1.3259958e+02
   2.2277938e+02
   2.2414828e+02
   1.0518288e+02
  -4.1265517e+00
   8.3842213e+01
   1.4406721e+02
   3.7803791e+01
   5.7715325e+01
   1.2394665e+02
   6.1662188e+01
   5.2012674e+00
   2.5371183e+02
   2.6590396e+02
   3.0500424e+02
   1.9653600e+02
   1.3340579e+02
   1.4783205e+02
   6.4993594e+01
   1.0697093e+02
   2.7988303e+02
   2.2485747e+02
   1.0813263e+02
   1.1731178e+02
   2.1965870e+02
   2.7592144e+02
   1.5809029e+02
   1.6299010e+02
   2.8193846e+02
   1.1407925e+02
   2.3266987e+02
   3.0289911e+02
   6.0714733e+01
   1.8355554e+02
   2.8173037e+02
  -2.9680629e+00
   1.1759982e+02
   6.6835173e+01
   2.3585763e+02
   3.4994415e+01
   2.7632679e+02
   1.3489947e+02
   6.2097443e+01
   2.9482675e+02
   2.2370846e+02
   4.7035809e+01
   2.2101548e+02
   1.8400255e+02
   2.6820860e+02
   6.5392763e+01
   2.4545892e+02
   1.9357867e+02
   2.6137083e+02
   8.7681899e+01
   2.0945753e+02
   2.9113446e+02
   1.0011501e+02
   2.7879111e+02
   2.6984447e+02
   2.9113993e+02
   1.3469979e+02
   1.9768861e+02
   2.1230020e+02
   3.8968609e+01
   2.1424140e+02
   2.2347311e+02
   1.1780983e+02
   7.4539079e+01
   5.9740766e+01
   9.2193070e+01
   7.0778878e+01
   2.8514970e+02
   3.0560779e+02
   5.7055302e+00
   1.4561058e+02
   1.8681292e+02
   1.3327284e+02
   5.5717990e+01
   1.4821041e+02
   2.0863214e+02
   2.3225623e+02
   1.5452139e+02
   2.0656082e+02
   8.5523706e+00
   2.8995447e+02
   6.2095897e+01
   2.1402202e+02
   1.3947424e+02
   1.5130607e+02
   2.8434349e+02
   2.2003321e+02
   1.2326523e+02
   2.9238111e+02
   6.4323280e+01
   3.5132617e+01
   1.5256321e+02
   5.1045771e+01
   2.1919140e+02
   2.2910607e+02
   3.0344088e+01
   2.4573778e+02
   1.9156136e+02
   2.2501209e+02
   8.8836770e+01
   2.2127283e+02
   2.3852230e+02
   2.1964889e+02
   1.6210040e+02
   7.9602360e+01
   2.9490789e+02
   2.2574395e+01
   2.4247273e+02
   2.3406047e+02
   1.1126063e+02
   3.9043855e+01
   2.1330190e+02
   2.8339060e+02
   4.7531585e+01
   3.2906441e+01
   1.4801998e+02
   1.6222449e+02
   1.9046063e+02
   1.0535694e+01
   1.9751060e+02
   1.9640895e+01
   7.1710422e+01
   2.8322933e+02
   9.4158385e+01
   1.4163909e+02
   1.6356835e+02
   3.1679705e+01
   2.4512459e+02
   3.5532705e+01
   3.0910001e+02
   1.7023441e+01
   5.2547070e+01
   2.3083371e+02
   4.3455789e+01
   2.7268578e+02
  -3.2835491e+00
   3.7799611e+01
   1.9452169e+02
   2.1318482e+02
   2.1600072e+02
   7.1157375e+01
   6.6554105e+01
   9.7251786e+01
   5.8281941e+01
   1.6148159e+02
   2.2665517e+02
   1.5736239e+02
   1.5563769e+02
   1.5463052e+02
   1.5872725e+02
   3.1231198e+01
   1.0700159e+02
   2.5779276e+02
   2.4905187e+02
   2.8142809e+02
   3.5781034e+01
   3.0792492e+02
   2.1560592e+02
   2.3046465e+02
   1.7624745e+01
   2.7792767e+02
   1.5385283e+01
   1.0299302e+02
   2.0370916e+02
   1.4252181e+02
   2.3621694e+01
   1.0746262e+02
   1.5967208e+02
   1.0148319e+02
   1.3488732e+02
   7.8899171e+01
   1.1955974e+02
   6.0847302e+01
   1.2257566e+02
   1.6791404e+02
   2.0930127e+02
   1.0864522e+02
   1.5958693e+02
   2.8519907e+02
   2.5355426e+02
   3.2389117e+01
   2.2543377e+02
   2.8583156e+02
   7.7874254e+01
   1.5783912e+02
   7.2535386e+01
   3.2115277e+00
   1.2594909e+02
   3.9520325e+01
   9.9301938e+01
   6.1054566e+00
   7.7986028e+01
   1.7448173e+02
   2.8819611e+02
   1.1435043e+02
   4.2103439e+01
   2.4905071e+02
   1.9424055e+02
   2.0360188e+01
   2.3875071e+02
   2.9279832e+02
   1.8252059e+02
   5.5894914e+01
   1.2210691e+02
   1.4222493e+02
  -4.2383723e+00
   1.2745513e+02
   1.2786877e+02
   2.8911854e+01
   9.5817682e+00
   2.0424741e+02
   2.5597179e+02
   3.0060006e+01
   2.8371352e+02
   1.4527123e+02
   1.4758582e+02
   1.2673135e+02
   9.6047874e+01
   1.0762340e+02
   1.6415946e+01
   1.4606416e+02
   4.7704979e+01
   1.8474466e+02
   1.7320213e+02
   3.0822376e+02
   1.5185926e+02
   2.9007155e+02
   1.1757025e+01
   5.3011109e+01
   3.2587181e+01
   3.7711811e+01
   1.8272613e+02
   2.9729270e+02
   1.0958286e+02
   5.8541405e+01
   1.8196061e+02
   2.2127609e+02
   1.9667047e+02
   1.3619315e+01
   1.3598671e+02
   1.5661110e+02
   9.2250008e+01
   3.4704716e+01
   2.8776539e+02
   8.0892755e+00
   2.9025105e+02
   2.1184884e+02
   1.0282430e+02
   4.7008241e+01
   5.5399946e+00
   1.5587022e+02
   1.4540295e+02
   2.3885508e+02
   1.9733091e+02
   2.2678963e+02
   2.4965761e+02
   2.9927937e+02
   1.6083004e+02
   2.5171055e+02
   1.5698588e+02
   1.1340596e+02
   2.1076687e+01
   2.2945535e+00
   1.5888194e+02
   4.7271630e+01
   1.1225922e+02
   2.0819864e+02
   1.4333826e+02
   1.8386442e+02
   2.4707530e+02
   2.3851408e+02
   1.9541127e+02
   1.5041191e+02
   2.3262752e+02
  -3.7097148e+00
   2.7698414e+02
   1.5254846e+02
   3.0197783e+02
   4.5023960e+00
   2.2943664e+02
   1.3268618e+02
   1.9961917e+02
   1.5009506e+01
   3.0583045e+02
   1.9759691e+02
   2.4569153e+02
   1.4893358e+02
   3.0351355e+01
   1.5074260e+02
   9.5161374e+01
   2.7962620e+02
   3.0770528e+01
   2.1350258e+01
   5.0928309e+01
   3.0437020e+02
   1.4143667e+02
   2.6768463e+02
   3.0353765e+02
   1.7928108e+01
   2.4237164e+02
   1.2662283e+02
   1.0687393e+02
   2.7190973e+02
   1.5497660e+01
   7.8271810e+01
   2.9462031e+02
   2.4736236e+02
   8.8712454e+01
   1.5197875e+02
   6.2906289e+01
  -2.8553271e+00
   1.1471168e+02
   1.5511607e+02
   3.2551546e+00
   2.3746110e+02
   9.2898690e+00
   7.6370997e+01
   2.7601031e+02
   2.0657329e+02
   1.0066053e+01
   1.1553025e+02
   9.4140920e+01
   3.6914891e+01
   1.1169013e+02
   2.7193380e+02
   9.1307209e+01
   2.0235412e+02
   1.9071661e+02
   2.8841892e+02
   2.4422978e+02
   2.7265232e+02
   1.1552361e+02
   2.2353205e+02
   4.5224883e+00
   1.4156541e+02
   1.3870440e+02
   5.7838263e+01
   2.2787703e+00
   1.1579857e+02
   1.4007179e+02
   1.8846897e+01
   2.0615275e+02
   3.0766304e+01
   7.8208839e+01
   2.8589063e+02
   1.3869221e+02
   4.4319808e+01
   9.5825897e+01
   2.6877064e+02
   2.1493145e+01
   6.1548458e+01
   2.8313339e+02
   2.7296262e+02
   1.2553560e+02
  -3.7099313e+00
   1.5683051e+02
   2.6178529e+02
   2.2479819e+01
   9.5161720e+00
   3.6517449e+01
   2.4459591e+02
   7.1290014e+01
   9.9628894e+01
   9.3569127e+00
   2.1542018e+02
   2.2892457e+02
   1.9938312e+02
   4.4272457e+01
   1.3179768e+02
   1.7040493e+01
   1.4545064e+02
   2.4405882e+02
   1.9789000e+02
   9.5560456e+01
   2.0666300e+02
   1.6350906e+02
   1.1829997e+01
   1.2033417e+02
   1.5215525e+01
   2.1443475e+02
   7.8628408e+01
   1.8681448e+01
   1.8191212e+02
   2.7970366e+02
   2.9698784e+01
   2.2398380e+02
   2.2974603e+02
   8.3850552e+01
   2.4740154e+02
   2.7528782e+02
   2.8776274e+02
   2.8429369e+02
   4.9831765e+01
   9.7788251e+01
   8.0244544e+01
   4.7217666e+01
   2.0211661e+02
   2.5344325e+02
   1.0824335e+02
   3.5909876e+01
   6.8408937e+01
  -3.2244457e+00
   2.9149573e+02
   2.9693119e+02
   1.1011651e+02
   1.1337396e+02
   1.1377197e+02
   5.1353114e+01
   2.7970195e+02
   2.1731469e+02
   7.6651224e+01
   2.2246034e+02
   1.1481205e+02
   1.8698659e+02
   9.2167014e+01
   6.8629364e+01
   2.2345772e+02
   2.9903662e+02
   1.4242730e+02
   1.1463119e+02
   1.7760824e+02
   8.3557043e+01
   1.3114293e+02
   3.0883400e+02
   1.4547649e+02
   2.5379899e+01
   3.0757116e+02
   2.7561577e+02
   1.9686368e+02
   2.5193632e+02
   6.4240060e+01
   8.0521170e+00
   1.8513005e+02
   1.4303933e+00
   2.9238262e+02
   5.6114144e+01
   2.6658298e+02
   9.6659767e+01
   4.1960448e+00
   1.4062036e+02
   9.1733499e+01
   1.9864477e+02
   1.8365856e+02
   1.1188485e+02
   1.1302552e+02
   1.2403975e+02
   1.2737097e+02
   3.3057441e+01
   1.2026563e-01
   1.5341849e+02
   5.1342685e+01
   1.6130879e+02
   1.2326043e+02
   1.0029217e+02
   2.5773297e+02
  -1.9294490e+00
   2.4585984e+02
   6.6422546e+01
   2.1596020e+02
   2.0317241e+02
   2.9266440e+02
   4.8806542e+01
   2.3379403e+02
   3.1546814e+01
   1.7147354e+02
   2.2204962e+02
   2.3420695e+02
   1.4062584e+02
   7.0417680e+01
   2.0028363e+02
   2.1546171e+02
   1.5071395e+02
  -2.3886031e+00
   9.6350950e+01
   3.9424532e+01
   2.2003014e+02
   3.8214851e+01
   2.5399260e+02
   2.7399894e+02
   1.7549997e+01
   1.7527524e+00
   2.5670985e+02
   7.1817510e+01
   2.4606011e+02
   6.5815344e+01
   1.8488775e+01
   2.9854697e+01
   1.2515471e+02
   1.0278465e+02
   9.5971650e+01
   2.9222697e+02
   2.9001464e+02
   9.7263417e+01
   2.3472368e+02
   2.5632957e+02
   6.2586901e+01
   9.6704835e+01
   1.3227775e+02
   1.2912846e+02
   8.6149152e+01
   2.0250689e+02
   8.6261762e+01
   2.3865984e+02
   2.6015987e+02
   2.6717717e+02
   2.8778347e+02
   2.4809185e+02
   2.5211034e+02
   2.7018363e+02
   1.5019640e+02
   1.0758927e+02
   7.5266066e+01
   2.5662624e+02
   1.9865655e+02
   1.2753101e+02
   1.8069357e+01
   6.5755667e+01
   5.2766201e+01
   1.5983664e+02
   4.1698580e+01
   5.4706424e+00
   1.8591209e+02
   1.7588819e+02
   2.6148816e+02
   3.0102511e+01
   1.0789372e+02
   1.7526454e+02
   1.1602552e+02
   2.7886740e+02
   2.3399377e+02
   5.9088590e+01
   2.3163088e+02
   1.3540815e+02
   1.5623645e+01
   1.8074439e+02
   2.7413314e+02
   5.0323024e+01
   1.0881784e+01
   1.8945381e+02
   1.3109847e+02
   5.5380124e+01
   2.7061468e+02
   3.6636941e+01
   2.1256616e+02
   2.0594893e+02
   1.7011495e+02
   5.7296191e+01
   1.5712605e+02
   2.0100266e+02
  -5.8363573e+00
   1.2338253e+02
   2.2470647e+02
   1.5423627e+02
   1.6553244e+02
   1.1696401e+02
   2.4540216e+02
   1.1378768e+02
   2.5400919e+02
   2.8169710e+02
   1.4238943e+02
   3.3488427e+01
   1.0433849e+02
   2.1625261e+02
  -5.7647958e+00
   1.0095464e+02
   1.0553986e+02
   1.8607838e+02
   5.4330562e+01
   2.7020642e+02
   3.5682549e+01
   1.7953425e+02
   1.7597655e+02
   1.4178580e+02
   1.5247656e+02
   2.8625272e+02
   1.1810919e+02
   1.8517201e+02
   2.4702012e+02
   2.6383988e+02
   1.0660820e+02
   1.1619119e+02
   3.5794901e+01
   9.9309853e+01
   2.2440965e+02
   1.5583691e+02
   1.6153562e+01
   1.5788702e+02
   9.7971147e+01
   1.0250923e+02
   1.8406714e+02
   2.9198505e+02
   2.3759077e+02
   1.1412336e+02
   2.2481900e+02
   2.4229055e+02
   3.9678622e+01
   2.8365239e+02
   2.0146460e+02
   9.8745051e+01
   2.9638160e+02
   2.7821990e+01
   1.0601059e+01
   2.7236603e+02
   2.7178880e+02
   2.8340433e+02
   3.7166890e+01
   2.4830410e+02
   2.9262485e+02
   8.9942561e+00
   8.8097084e+01
   5.1210961e+01
   2.6274526e+02
   6.5484272e+01
   2.2289922e+02
   5.4238115e+01
   2.8061079e+02
   3.3019602e+01
  -4.9622765e+00
   1.9139202e+02
   5.8874805e+01
   2.0069041e+02
   9.1133945e+01
   3.6752699e+01
   1.2813549e+02
   1.8886258e+02
   1.4357320e+02
   2.9076370e+02
   1.1794567e+02
   1.9050356e+02
   2.3699599e+02
   1.7124446e+02
  -4.6243013e+00
   2.0880928e+02
   1.8025276e+02
   1.3624075e+02
   2.6888762e+02
   5.8750028e+01
   4.0385655e+01
   2.6274658e+02
   2.0892860e+02
   1.9325780e+02
   1.3785621e+02
   2.7594908e+01
   1.3041285e+02
   1.2203175e+01
   2.7753620e+02
   1.0464982e+02
   1.0715664e+02
   9.9012762e+01
   2.9706806e+02
   2.9905412e+02
   1.9245438e+02
   1.2823089e+02
   2.0373996e+02
   2.9732837e+02
   8.1236957e+01
   2.7896072e+02
   8.4387630e+01
   5.6503223e+01
   2.3503370e+02
   8.8147441e+01
   2.2272823e+01
   5.3293166e+01
   7.4308835e+01
   2.6034268e+02
   1.9862299e+02
   8.4583361e+01
   3.2477633e+01
   9.2889811e+01
   1.1468791e+02
   5.6387884e+01
   8.7012273e+01
   2.1925054e+02
   2.3167332e+02
   1.4435266e+02
   9.6552764e+01
   2.2758964e+02
   7.8391661e+01
   2.0373594e+02
   1.9292319e+02
   1.2031496e+02
   2.2553345e+02
   2.3828769e+02
   2.4396467e-01
   1.2114788e+02
   3.0982842e+02
   2.2259746e+02
   1.5854758e+02
   2.8083792e+02
   1.6236663e+02
   9.2961318e+01
   2.1385681e+02
   1.5189857e+02
   1.5603229e+02
   1.1001387e+02
   4.7378748e+00
   1.8114380e+02
   2.7877564e+02
   1.5392412e+02
   1.5750558e+02
   3.0112678e+01
   2.8455242e+02
   2.7727603e+02
   4.4575098e+01
   1.9060496e+02
   2.2144231e+02
  -8.0287878e-01
   5.8856421e+01
   1.7043437e+02
   2.5872874e+02
   1.0060483e+02
   4.7048470e+01
  -1.3672838e+00
   1.9114160e+02
   2.8704681e+02
   6.1568019e+01
   2.7293713e+02
   2.0171679e+02
   3.0434477e+02
   1.2094495e+02
   8.4422090e+01
   1.6297442e+02
   1.4978141e+02
   2.8889183e+02
   2.8185965e+02
   2.8041521e+02
   1.5058557e+01
   2.4608008e+02
  -1.0944858e+00
   3.3882488e+01
   1.3524578e+02
   2.3984902e+01
   9.7992725e+01
   8.8654110e+01
   2.1584972e+02
   2.9871218e+02
   1.7084865e+02
   1.7728226e+02
   2.0981388e+02
   1.5311253e+02
   5.0944592e+01
   3.0873518e+02
   2.4826395e+02
   1.3831991e+02
   1.8088626e+02
   2.6575932e+02
   1.6632944e+01
   1.1450924e+02
   2.4011169e+01
   2.1627658e+01
   4.9537027e+01
   1.6764371e+02
   7.8934397e+01
   2.8561005e+00
   2.2559712e+02
   2.8737794e+01
   1.8519468e+01
   2.1672049e+02
   2.0237769e+02
   9.3687356e+01
   3.5049526e+01
   3.8175603e+01
   4.1974718e+01
   1.0243412e+02
   2.7756790e+02
   9.6580038e+01
   2.7129777e+02
   6.2346823e+00
   1.4363504e+02
   2.0353502e+02
   1.0724016e+02
   1.9109707e+02
   1.2989058e+02
   1.3783274e+01
   8.3745969e+01
   2.8299614e+02
   2.2217939e+01
   8.4734670e+00
   4.2917922e+01
   1.9243419e+02
   2.2019582e+02
   7.9100406e+01
   7.8136158e+01
   2.7205864e+02
   2.6751364e+02
   1.1721975e+02
   4.4542244e+01
   2.5443669e+02
   1.0930378e+02
   1.2851482e+02
   7.4813776e+01
   1.1287977e+02
   8.5311075e+01
   1.3280553e+02
   1.6332107e+02
   2.0124067e+02
   3.0847506e+02
   1.5458501e+02
   1.4845292e+02
   1.4883906e+02
   3.5950919e+01
   2.0926122e+02
   7.1491277e+01
  -1.9283251e+00
   1.6815139e+02
   1.0523849e+02
   5.7230554e+01
   2.9548131e+02
   2.2866955e+02
   1.9586824e+02
   2.8204526e+02
   5.9158917e+01
   3.3239289e+01
   6.2749150e+01
   2.6325227e+02
   2.1291509e+02
   1.8252293e+02
   1.5881450e+02
   1.8670652e+02
   5.5948818e+00
   1.0324722e+00
   1.5268680e+02
   1.3068836e+02
   2.8349506e+02
  -2.9524156e+00
   4.0003919e+01
   1.5116936e+01
   2.8375490e+02
   4.8284457e+01
   1.8206455e+02
   1.2463314e+02
   2.3753196e+01
   1.6078710e+02
   1.5150400e+02
   2.4820245e+02
   1.9812192e+01
   1.1787016e+02
   1.1953905e+02
   9.7057758e+01
   5.1683479e+01
   2.9512835e+02
   1.1061305e+02
   1.2299592e+02
   1.8768424e+02
   1.8602825e+01
   2.7318198e+02
   8.6781519e+01
   8.8658305e+01
   2.3515888e+02
   4.4613675e+01
   1.4876467e+02
   1.1560451e+02
   2.1779819e+01
   1.9126541e+02
   5.0524759e+01
   1.3034289e+02
   5.7676890e+01
   1.4146495e+02
   1.6772417e+02
   2.3941395e+02
   2.6158117e+01
   2.7308450e+02
   2.1045086e+02
   2.5114043e+02
   1.5383218e+01
   3.3263758e+01
   1.5275763e+01
   1.8061172e+02
   1.1483069e+02
   1.1321023e+02
   2.1201398e+02
   1.8715144e+02
   5.9868711e+01
   2.6285576e+02
  -4.5670538e+00
   2.9620481e+02
   2.3284741e+02
   2.7395625e+02
   1.4497395e+02
   1.1444638e+01
   2.7367641e+02
   1.7663586e+01
   3.0471803e+02
   1.0519353e+02
   5.6640499e+01
   6.9200277e+01
   9.1874574e+01
   3.6461768e+01
   9.4830172e+01
   7.7982021e+01
   2.9903129e+02
   2.1267831e+02
   1.0275404e+02
   1.3721485e+02
   3.0510184e+02
   6.0819808e+01
   2.7463317e+02
   2.3421213e+02
   4.4031525e+01
   2.7308778e+02
   2.7347175e+02
   2.3218454e+02
   1.2350882e+02
   1.6907380e+02
   2.8310731e+02
   2.5508686e+02
   2.1590939e+02
   1.5210732e+02
   1.9219275e+02
   1.8570834e+02
   2.9672035e+02
   2.8030040e+02
   2.3196557e+02
   1.8274712e+02
   1.7995972e+02
   2.9711420e+02
   1.2448667e+02
   5.6697992e+01
   2.2420286e+02
   3.0838911e+02
   1.6122274e+02
   2.6951033e+02
   2.8840354e+02
   9.2993321e+01
   5.0965508e+01
   2.1001973e+02
   1.8283995e+02
   2.2254654e+02
  -3.7043799e+00
   3.0671938e+02
   7.7799545e+01
   1.9016664e+02
   7.5160066e+01
   6.4038082e+01
   1.2308324e+02
   2.4242195e+02
   2.3050223e+02
   2.9898471e+02
   1.7682598e+02
   4.5131326e+01
   2.6852946e+02
   3.0939950e+01
  -1.8554513e+00
   3.0511384e+02
   8.9968708e+01
   4.3625394e+01
   1.3953933e+01
   2.0430395e+02
   1.5015505e+02
   2.5445324e+01
   7.7720159e+01
   2.1971517e+02
   1.6455678e+02
   8.5650263e+01
   3.0779635e+02
   5.7754024e+01
   1.5177740e+02
   1.5033659e+01
  -4.4228590e+00
   2.8809174e+02
   1.3448341e+02
   2.6288915e+02
   3.0296482e+02
   8.9793116e+01
   1.3388845e+02
   2.7475603e+02
   2.1162403e+01
   2.0571668e+02
   5.8914234e+01
   7.0588559e+01
   2.6703895e+02
   2.5866383e+02
   5.6014222e+00
   2.6023442e+02
   3.3510350e+01
   1.0755806e+02
   2.9253638e+02
   1.5669121e+02
   2.1247031e+02
   5.4009756e+01
   1.6068866e+02
   3.0469440e+02
   2.6122288e+02
   2.6834846e+02
   2.2395031e+02
   1.5790051e+02
   5.0465525e+01
   1.8242693e+02
   2.9046039e+02
   2.0328687e+02
   2.4554861e+02
   2.5115194e+02
   2.1702350e+02
   1.5416308e+02
   3.0978063e+02
   5.9788784e+01
   1.3259958e+02
   2.2277938e+02
   2.2414828e+02
   1.0518288e+02
  -4.1265517e+00
   8.3842213e+01
   1.4406721e+02
   3.7803791e+01
   5.7715325e+01
   1.2394665e+02
   6.1662188e+01
   5.2012674e+00
   2.5371183e+02
   2.6590396e+02
   3.0500424e+02
   1.9653600e+02
   1.3340579e+02
   1.4783205e+02
   6.4993594e+01
   1.0697093e+02
   2.7988303e+02
   2.2485747e+02
   1.0813263e+02
   1.1731178e+02
   2.1965870e+02
   2.7592144e+02
   1.5809029e+02
   1.6299010e+02
   2.8193846e+02
   1.1407925e+02
   2.3266987e+02
   3.0289911e+02
   6.0714733e+01
   1.8355554e+02
   2.8173037e+02
  -2.9680629e+00
   1.1759982e+02
   6.6835173e+01
   2.3585763e+02
   3.4994415e+01
   2.7632679e+02
   1.3489947e+02
   6.2097443e+01
   2.9482675e+02
   2.2370846e+02
   4.7035809e+01
   2.2101548e+02
   1.8400255e+02
   2.6820860e+02
   6.5392763e+01
   2.4545892e+02
   1.9357867e+02
   2.6137083e+02
   8.7681899e+01
   2.0945753e+02
   2.9113446e+02
   1.0011501e+02
   2.7879111e+02
   2.6984447e+02
   2.9113993e+02
   1.3469979e+02
   1.9768861e+02
   2.1230020e+02
   3.8968609e+01
   2.1424140e+02
   2.2347311e+02
   1.1780983e+02
   7.4539079e+01
   5.9740766e+01
   9.2193070e+01
   7.0778878e+01
   2.8514970e+02
   3.0560779e+02
   5.7055302e+00
   1.4561058e+02
   1.8681292e+02
   1.3327284e+02
   5.5717990e+01
   1.4821041e+02
   2.0863214e+02
   2.3225623e+02
   1.5452139e+02
   2.0656082e+02
   8.5523706e+00
   2.8995447e+02
   6.2095897e+01
   2.1402202e+02
   1.3947424e+02
   1.5130607e+02
   2.8434349e+02
   2.2003321e+02
   1.2326523e+02
   2.9238111e+02
   6.4323280e+01
   3.5132617e+01
   1.5256321e+02
   5.1045771e+01
   2.1919140e+02
   2.2910607e+02
   3.0344088e+01
   2.4573778e+02
   1.9156136e+02
   2.2501209e+02
   8.8836770e+01
   2.2127283e+02
   2.3852230e+02
   2.1964889e+02
   1.6210040e+02
   7.9602360e+01
   2.9490789e+02
   2.2574395e+01
   2.4247273e+02
   2.3406047e+02
   1.1126063e+02
   3.9043855e+01
   2.1330190e+02
   2.8339060e+02
   4.7531585e+01
   3.2906441e+01
   1.4801998e+02
   1.6222449e+02
   1.9046063e+02
   1.0535694e+01
   1.9751060e+02
   1.9640895e+01
   7.1710422e+01
   2.8322933e+02
   9.4158385e+01
   1.4163909e+02
   1.6356835e+02
   3.1679705e+01
   2.4512459e+02
   3.5532705e+01
   3.0910001e+02
   1.7023441e+01
   5.2547070e+01
   2.3083371e+02
   4.3455789e+01
   2.7268578e+02
  -3.2835491e+00
   3.7799611e+01
   1.9452169e+02
   2.1318482e+02
   2.1600072e+02
   7.1157375e+01
   6.6554105e+01
   9.7251786e+01
   5.8281941e+01
   1.6148159e+02
   2.2665517e+02
   1.5736239e+02
   1.5563769e+02
   1.5463052e+02
   1.5872725e+02
   3.1231198e+01
   1.0700159e+02
   2.5779276e+02
   2.4905187e+02
   2.8142809e+02
   3.5781034e+01
   3.0792492e+02
   2.1560592e+02
   2.3046465e+02
   1.7624745e+01
   2.7792767e+02
   1.5385283e+01
   1.0299302e+02
   2.0370916e+02
   1.4252181e+02
   2.3621694e+01
   1.0746262e+02
   1.5967208e+02
   1.0148319e+02
   1.3488732e+02
   7.8899171e+01
   1.1955974e+02
   6.0847302e+01
   1.2257566e+02
   1.6791404e+02
   2.0930127e+02
   1.0864522e+02
   1.5958693e+02
   2.8519907e+02
   2.5355426e+02
   3.2389117e+01
   2.2543377e+02
   2.8583156e+02
   7.7874254e+01
   1.5783912e+02
   7.2535386e+01
   3.2115277e+00
   1.2594909e+02
   3.9520325e+01
   9.9301938e+01
   6.1054566e+00
   7.7986028e+01
   1.7448173e+02
   2.8819611e+02
   1.1435043e+02
   4.2103439e+01
   2.4905071e+02
   1.9424055e+02
   2.0360188e+01
   2.3875071e+02
   2.9279832e+02
   1.8252059e+02
   5.5894914e+01
   1.2210691e+02
   1.4222493e+02
  -4.2383723e+00
   1.2745513e+02
   1.2786877e+02
   2.8911854e+01
   9.5817682e+00
   2.0424741e+02
   2.5597179e+02
   3.0060006e+01
   2.8371352e+02
   1.4527123e+02
   1.4758582e+02
   1.2673135e+02
   9.6047874e+01
   1.0762340e+02
   1.6415946e+01
   1.4606416e+02
   4.7704979e+01
   1.8474466e+02
   1.7320213e+02
   3.0822376e+02
   1.5185926e+02
   2.9007155e+02
   1.1757025e+01
   5.3011109e+01
   3.2587181e+01
   3.7711811e+01
   1.8272613e+02
   2.9729270e+02
   1.0958286e+02
   5.8541405e+01
   1.8196061e+02
   2.2127609e+02
   1.9667047e+02
   1.3619315e+01
   1.3598671e+02
   1.5661110e+02
   9.2250008e+01
   3.4704716e+01
   2.8776539e+02
   8.0892755e+00
   2.9025105e+02
   2.1184884e+02
   1.0282430e+02
   4.7008241e+01
   5.5399946e+00
   1.5587022e+02
   1.4540295e+02
   2.3885508e+02
   1.9733091e+02
   2.2678963e+02
   2.4965761e+02
   2.9927937e+02
   1.6083004e+02
   2.5171055e+02
   1.5698588e+02
   1.1340596e+02
   2.1076687e+01
   2.2945535e+00
   1.5888194e+02
   4.7271630e+01
   1.1225922e+02
   2.0819864e+02
   1.4333826e+02
   1.8386442e+02
   2.4707530e+02
   2.3851408e+02
   1.9541127e+02
   1.5041191e+02
   2.3262752e+02
  -3.7097148e+00
   2.7698414e+02
   1.5254846e+02
   3.0197783e+02
   4.5023960e+00
   2.2943664e+02
   1.3268618e+02
   1.9961917e+02
   1.5009506e+01
   3.0583045e+02
   1.9759691e+02
   2.4569153e+02
   1.4893358e+02
   3.0351355e+01
   1.5074260e+02
   9.5161374e+01
   2.7962620e+02
   3.0770528e+01
   2.1350258e+01
   5.0928309e+01
   3.0437020e+02
   1.4143667e+02
   2.6768463e+02
   3.0353765e+02
   1.7928108e+01
   2.4237164e+02
   1.2662283e+02
   1.0687393e+02
   2.7190973e+02
   1.5497660e+01
   7.8271810e+01
   2.9462031e+02
   2.4736236e+02
   8.8712454e+01
   1.5197875e+02
   6.2906289e+01
  -2.8553271e+00
   1.1471168e+02
   1.5511607e+02
   3.2551546e+00
   2.3746110e+02
   9.2898690e+00
   7.6370997e+01
   2.7601031e+02
   2.0657329e+02
   1.0066053e+01
   1.1553025e+02
   9.4140920e+01
   3.6914891e+01
   1.1169013e+02
   2.7193380e+02
   9.1307209e+01
   2.0235412e+02
   1.9071661e+02
   2.8841892e+02
   2.4422978e+02
   2.7265232e+02
   1.1552361e+02
   2.2353205e+02
   4.5224883e+00
   1.4156541e+02
   1.3870440e+02
   5.7838263e+01
   2.2787703e+00
   1.1579857e+02
   1.4007179e+02
   1.8846897e+01
   2.0615275e+02
   3.0766304e+01
   7.8208839e+01
   2.8589063e+02
   1.3869221e+02
   4.4319808e+01
   9.5825897e+01
   2.6877064e+02
   2.1493145e+01
   6.1548458e+01
   2.8313339e+02
   2.7296262e+02
   1.2553560e+02
  -3.7099313e+00
   1.5683051e+02
   2.6178529e+02
   2.2479819e+01
   9.5161720e+00
   3.6517449e+01
   2.4459591e+02
   7.1290014e+01
   9.9628894e+01
   9.3569127e+00
   2.1542018e+02
   2.2892457e+02
   1.9938312e+02
   4.4272457e+01
   1.3179768e+02
   1.7040493e+01
   1.4545064e+02
   2.4405882e+02
   1.9789000e+02
   9.5560456e+01
   2.0666300e+02
   1.6350906e+02
   1.1829997e+01
   1.2033417e+02
   1.5215525e+01
   2.1443475e+02
   7.8628408e+01
   1.8681448e+01
   1.8191212e+02
   2.7970366e+02
   2.9698784e+01
   2.2398380e+02
   2.2974603e+02
   8.3850552e+01
   2.4740154e+02
   2.7528782e+02
   2.8776274e+02
   2.8429369e+02
   4.9831765e+01
   9.7788251e+01
   8.0244544e+01
   4.7217666e+01
   2.0211661e+02
   2.5344325e+02
   1.0824335e+02
   3.5909876e+01
   6.8408937e+01
  -3.2244457e+00
   2.9149573e+02
   2.9693119e+02
   1.1011651e+02
   1.1337396e+02
   1.1377197e+02
   5.1353114e+01
   2.7970195e+02
   2.1731469e+02
   7.6651224e+01
   2.2246034e+02
   1.1481205e+02
   1.8698659e+02
   9.2167014e+01
   6.8629364e+01
   2.2345772e+02
   2.9903662e+02
   1.4242730e+02
   1.1463119e+02
   1.7760824e+02
   8.3557043e+01
   1.3114293e+02
   3.0883400e+02
   1.4547649e+02
   2.5379899e+01
   3.0757116e+02
   2.7561577e+02
   1.9686368e+02
   2.5193632e+02
   6.4240060e+01
   8.0521170e+00
   1.8513005e+02
   1.4303933e+00
   2.9238262e+02
   5.6114144e+01
   2.6658298e+02
   9.6659767e+01
   4.1960448e+00
   1.4062036e+02
   9.1733499e+01
   1.9864477e+02
   1.8365856e+02
   1.1188485e+02
   1.1302552e+02
   1.2403975e+02
   1.2737097e+02
   3.3057441e+01
   1.2026563e-01
   1.5341849e+02
   5.1342685e+01
   1.6130879e+02
   1.2326043e+02
   1.0029217e+02
   2.5773297e+02
  -1.9294490e+00
   2.4585984e+02
   6.6422546e+01
   2.1596020e+02
   2.0317241e+02
   2.9266440e+02
   4.8806542e+01
   2.3379403e+02
   3.1546814e+01
   1.7147354e+02
   2.2204962e+02
   2.3420695e+02
   1.4062584e+02
   7.0417680e+01
   2.0028363e+02
   2.1546171e+02
   1.5071395e+02
  -2.3886031e+00
   9.6350950e+01
   3.9424532e+01
   2.2003014e+02
   3.8214851e+01
   2.5399260e+02
   2.7399894e+02
   1.7549997e+01
   1.7527524e+00
   2.5670985e+02
   7.1817510e+01
   2.4606011e+02
   6.5815344e+01
   1.8488775e+01
   2.9854697e+01
   1.2515471e+02
   1.0278465e+02
   9.5971650e+01
   2.9222697e+02
   2.9001464e+02
   9.7263417e+01
   2.3472368e+02
   2.5632957e+02
   6.2586901e+01
   9.6704835e+01
   1.3227775e+02
   1.2912846e+02
   8.6149152e+01
   2.0250689e+02
   8.6261762e+01
   2.3865984e+02
   2.6015987e+02
   2.6717717e+02
   2.8778347e+02
   2.4809185e+02
   2.5211034e+02
   2.7018363e+02
   1.5019640e+02
   1.0758927e+02
   7.5266066e+01
   2.5662624e+02
   1.9865655e+02
   1.2753101e+02
   1.8069357e+01
   6.5755667e+01
   5.2766201e+01
   1.5983664e+02
   4.1698580e+01
   5.4706424e+00
   1.8591209e+02
   1.7588819e+02
   2.6148816e+02
   3.0102511e+01
   1.0789372e+02
   1.7526454e+02
   1.1602552e+02
   2.7886740e+02
   2.3399377e+02
   5.9088590e+01
   2.3163088e+02
   1.3540815e+02
   1.5623645e+01
   1.8074439e+02
   2.7413314e+02
   5.0323024e+01
   1.0881784e+01
   1.8945381e+02
   1.3109847e+02
   5.5380124e+01
   2.7061468e+02
   3.6636941e+01
   2.1256616e+02
   2.0594893e+02
   1.7011495e+02
   5.7296191e+01
   1.5712605e+02
   2.0100266e+02
  -5.8363573e+00
   1.2338253e+02
   2.2470647e+02
   1.5423627e+02
   1.6553244e+02
   1.1696401e+02
   2.4540216e+02
   1.1378768e+02
   2.5400919e+02
   2.8169710e+02
   1.4238943e+02
   3.3488427e+01
   1.0433849e+02
   2.1625261e+02
  -5.7647958e+00
   1.0095464e+02
   1.0553986e+02
   1.8607838e+02
   5.4330562e+01
   2.7020642e+02
   3.5682549e+01
   1.7953425e+02
   1.7597655e+02
   1.4178580e+02
   1.5247656e+02
   2.8625272e+02
   1.1810919e+02
   1.8517201e+02
   2.4702012e+02
   2.6383988e+02
   1.0660820e+02
   1.1619119e+02
   3.5794901e+01
   9.9309853e+01
   2.2440965e+02
   1.5583691e+02
   1.6153562e+01
   1.5788702e+02
   9.7971147e+01
   1.0250923e+02
   1.8406714e+02
   2.9198505e+02
   2.3759077e+02
   1.1412336e+02
   2.2481900e+02
   2.4229055e+02
   3.9678622e+01
   2.8365239e+02
   2.0146460e+02
   9.8745051e+01
   2.9638160e+02
   2.7821990e+01
   1.0601059e+01
   2.7236603e+02
   2.7178880e+02
   2.8340433e+02
   3.7166890e+01
   2.4830410e+02
   2.9262485e+02
   8.9942561e+00
   8.8097084e+01
   5.1210961e+01
   2.6274526e+02
   6.5484272e+01
   2.2289922e+02
   5.4238115e+01
   2.8061079e+02
   3.3019602e+01
  -4.9622765e+00
   1.9139202e+02
   5.8874805e+01
   2.0069041e+02
   9.1133945e+01
   3.6752699e+01
   1.2813549e+02
   1.8886258e+02
   1.4357320e+02
   2.9076370e+02
   1.1794567e+02
   1.9050356e+02
   2.3699599e+02
   1.7124446e+02
  -4.6243013e+00
   2.0880928e+02
   1.8025276e+02
   1.3624075e+02
   2.6888762e+02
   5.8750028e+01
   4.0385655e+01
   2.6274658e+02
   2.0892860e+02
   1.9325780e+02
   1.3785621e+02
   2.7594908e+01
   1.3041285e+02
   1.2203175e+01
   2.7753620e+02
   1.0464982e+02
   1.0715664e+02
   9.9012762e+01
   2.9706806e+02
   2.9905412e+02
   1.9245438e+02
   1.2823089e+02
   2.0373996e+02
   2.9732837e+02
   8.1236957e+01
   2.7896072e+02
   8.4387630e+01
   5.6503223e+01
   2.3503370e+02
   8.8147441e+01
   2.2272823e+01
   5.3293166e+01
   7.4308835e+01
   2.6034268e+02
   1.9862299e+02
   8.4583361e+01
   3.2477633e+01
   9.2889811e+01
   1.1468791e+02
   5.6387884e+01
   8.7012273e+01
   2.1925054e+02
   2.3167332e+02
   1.4435266e+02
   9.6552764e+01
   2.2758964e+02
   7.8391661e+01
   2.0373594e+02
   1.9292319e+02
   1.2031496e+02
   2.2553345e+02
   2.3828769e+02
   2.4396467e-01
   1.2114788e+02
   3.0982842e+02
   2.2259746e+02
   1.5854758e+02
   2.8083792e+02
   1.6236663e+02
   9.2961318e+01
   2.1385681e+02
   1.5189857e+02
   1.5603229e+02
   1.1001387e+02
   4.7378748e+00
   1.8114380e+02
   2.7877564e+02
   1.5392412e+02
   1.5750558e+02
   3.0112678e+01
   2.8455242e+02
   2.7727603e+02
   4.4575098e+01
   1.9060496e+02
   2.2144231e+02
  -8.0287878e-01
   5.8856421e+01
   1.7043437e+02
   2.5872874e+02
   1.0060483e+02
   4.7048470e+01
  -1.3672838e+00
   1.9114160e+02
   2.8704681e+02
   6.1568019e+01
   2.7293713e+02
   2.0171679e+02
   3.0434477e+02
   1.2094495e+02
   8.4422090e+01
   1.6297442e+02
   1.4978141e+02
   2.8889183e+02
   2.8185965e+02
   2.8041521e+02
   1.5058557e+01
   2.4608008e+02
  -1.0944858e+00
   3.3882488e+01
   1.3524578e+02
   2.3984902e+01
   9.7992725e+01
   8.8654110e+01
   2.1584972e+02
   2.9871218e+02
   1.7084865e+02
   1.7728226e+02
   2.0981388e+02
   1.5311253e+02
   5.0944592e+01
   3.0873518e+02
   2.4826395e+02
   1.3831991e+02
   1.8088626e+02
   2.6575932e+02
   1.6632944e+01
   1.1450924e+02
   2.4011169e+01
   2.1627658e+01
   4.9537027e+01
   1.6764371e+02
   7.8934397e+01
   2.8561005e+00
   2.2559712e+02
   2.8737794e+01
   1.8519468e+01
   2.1672049e+02
   2.0237769e+02
   9.3687356e+01
   3.5049526e+01
   3.8175603e+01
   4.1974718e+01
   1.0243412e+02
   2.7756790e+02
   9.6580038e+01
   2.7129777e+02
   6.2346823e+00
   1.4363504e+02
   2.0353502e+02
   1.0724016e+02
   1.9109707e+02
   1.2989058e+02
   1.3783274e+01
   8.3745969e+01
   2.8299614e+02
   2.2217939e+01
   8.4734670e+00
   4.2917922e+01
   1.9243419e+02
   2.2019582e+02
   7.9100406e+01
   7.8136158e+01
   2.7205864e+02
   2.6751364e+02
   1.1721975e+02
   4.4542244e+01
   2.5443669e+02
   1.0930378e+02
   1.2851482e+02
   7.4813776e+01
   1.1287977e+02
   8.5311075e+01
   1.3280553e+02
   1.6332107e+02
   2.0124067e+02
   3.0847506e+02
   1.5458501e+02
   1.4845292e+02
   1.4883906e+02
   3.5950919e+01
   2.0926122e+02
   7.1491277e+01
  -1.9283251e+00
   1.6815139e+02
   1.0523849e+02
   5.7230554e+01
   2.9548131e+02
   2.2866955e+02
   1.9586824e+02
   2.8204526e+02
   5.9158917e+01
   3.3239289e+01
   6.2749150e+01
   2.6325227e+02
   2.1291509e+02
   1.8252293e+02
   1.5881450e+02
   1.8670652e+02
   5.5948818e+00
   1.0324722e+00
   1.5268680e+02
   1.3068836e+02
   2.8349506e+02
  -2.9524156e+00
   4.0003919e+01
   1.5116936e+01
   2.8375490e+02
   4.8284457e+01
   1.8206455e+02
   1.2463314e+02
   2.3753196e+01
   1.6078710e+02
   1.5150400e+02
   2.4820245e+02
   1.9812192e+01
   1.1787016e+02
   1.1953905e+02
   9.7057758e+01
   5.1683479e+01
   2.9512835e+02
   1.1061305e+02
   1.2299592e+02
   1.8768424e+02
   1.8602825e+01
   2.7318198e+02
   8.6781519e+01
   8.8658305e+01
   2.3515888e+02
   4.4613675e+01
   1.4876467e+02
   1.1560451e+02
   2.1779819e+01
   1.9126541e+02
   5.0524759e+01
   1.3034289e+02
   5.7676890e+01
   1.4146495e+02
   1.6772417e+02
   2.3941395e+02
   2.6158117e+01
   2.7308450e+02
   2.1045086e+02
   2.5114043e+02
   1.5383218e+01
   3.3263758e+01
   1.5275763e+01
   1.8061172e+02
   1.1483069e+02
   1.1321023e+02
   2.1201398e+02
   1.8715144e+02
   5.9868711e+01
   2.6285576e+02
  -4.5670538e+00
   2.9620481e+02
   2.3284741e+02
   2.7395625e+02
   1.4497395e+02
   1.1444638e+01
   2.7367641e+02
   1.7663586e+01
   3.0471803e+02
   1.0519353e+02
   5.6640499e+01
   6.9200277e+01
   9.1874574e+01
   3.6461768e+01
   9.4830172e+01
   7.7982021e+01
   2.9903129e+02
   2.1267831e+02
   1.0275404e+02
   1.3721485e+02
   3.0510184e+02
   6.0819808e+01
   2.7463317e+02
   2.3421213e+02
   4.4031525e+01
   2.7308778e+02
   2.7347175e+02
   2.3218454e+02
   1.2350882e+02
   1.6907380e+02
   2.8310731e+02
   2.5508686e+02
   2.1590939e+02
   1.5210732e+02
   1.9219275e+02
   1.8570834e+02
