  -2.1622542e+01
   2.2570803e+01
  -2.5070284e+01
  -2.6430996e+01
  -4.1313893e+01
   9.2537431e+00
  -2.3345177e+01
   8.9973340e+00
  -2.4547889e+01
  -9.0119058e+00
  -1.5244292e+01
  -2.9850524e+01
   1.1386793e+01
  -3.0568595e+01
  -2.2765755e+01
   2.7503622e+01
  -3.2915561e+01
  -1.3419108e+01
   2.5928462e+01
   5.4539735e+00
   2.8784950e+01
   1.2402084e+01
  -4.5663654e+01
  -2.5460076e+01
  -1.2598658e+01
  -4.1363805e+01
   2.9022945e+01
  -4.5553008e+01
  -3.7899155e+01
  -4.0436905e+01
  -3.0168331e+01
  -9.7172304e+00
   2.2567547e+01
   2.9421454e+01
  -3.3650059e+01
  -2.1664846e+01
   1.3772149e+01
   1.2902644e+00
  -3.9792856e+01
  -3.8985085e+01
   2.0109907e+01
   4.7084972e+00
   1.6214663e+01
   1.8149991e+00
  -2.0242030e+01
   2.4525345e+01
  -1.7709910e+01
  -9.0663574e+00
  -1.1265545e+01
  -2.6050142e+01
  -2.7745149e+01
   2.6912664e+01
  -2.7303185e+00
   6.5821462e+00
  -2.8331028e+01
  -2.6521824e+01
  -1.9891904e+01
   1.2814229e+01
   2.6023567e+01
   9.4387968e+00
  -2.4587480e+01
  -3.6249212e+01
  -1.0717032e+01
  -1.0648789e+01
   7.0710548e+00
  -3.0836160e+01
   6.8678928e+00
   1.7347076e+01
  -2.1763249e+01
  -4.9206941e+01
   2.3098674e+00
   2.1894478e+01
   1.8193056e+01
  -3.7687169e+01
  -3.7590288e+01
  -3.5972411e+01
  -7.2837132e+00
  -4.2862939e+01
   5.5744273e+00
  -4.1731055e+01
   5.1082645e+00
  -5.5510878e+00
   2.5175163e+01
  -7.4804531e-01
  -7.8612429e+00
  -4.7958791e+01
   5.6825083e+00
  -1.2644359e+01
   2.1794418e+00
  -2.5887640e+01
  -3.2975914e+01
  -4.1418343e+01
  -3.7334304e+01
   2.1476619e+01
  -8.0338530e+00
   2.8564459e+01
   1.2561249e+01
  -3.7907792e+01
  -4.8593366e+01
   2.9929162e+01
  -1.8691104e+01
  -4.3543650e+01
  -1.4938095e+01
   1.9781191e+01
  -4.0256113e+01
  -1.1450758e+01
  -5.9008290e-01
  -3.5960112e+01
   1.1743403e+01
   6.6344771e+00
   2.5680542e+01
   1.1099390e+01
   2.1711763e+01
   2.8197338e+01
  -4.2182045e+01
  -3.6400062e+01
   1.5941263e+01
  -7.3386122e+00
  -1.3234124e+00
  -3.4364273e+01
  -1.2250505e+00
  -2.4766972e+01
  -2.0986535e+01
  -3.5261233e+01
  -2.7174190e+01
  -3.3435336e+01
  -2.8608164e+01
   8.3631380e+00
  -2.1861586e+01
  -3.3479268e+01
   2.1527241e+01
   2.9222276e+01
   2.0492287e+01
  -4.8953423e+01
  -1.8818012e+01
   7.1226523e+00
  -3.1451343e+01
  -9.9225446e+00
  -1.7342959e+01
  -4.9595281e+01
  -2.8184214e+01
  -4.9901736e+01
  -4.7161874e+01
   1.6301962e+01
   1.7468654e+01
  -8.9158908e+00
  -4.8839689e+01
   6.7390093e+00
   2.8145059e+01
  -2.7221283e+01
   6.3437410e+00
  -4.9077152e+01
   1.8544608e+01
   2.3199011e+01
  -1.6640707e+01
   1.0995608e+01
  -3.9821105e+01
  -3.8332477e+01
   2.4213627e+01
   1.6797159e+01
   1.9427729e+01
  -1.9547390e+01
  -4.3458262e+01
   2.6705014e+01
  -2.1615702e+01
  -2.4475465e-01
  -1.4059625e+00
   1.8887691e+01
  -4.2351271e-01
   1.5735338e+01
   1.5447708e+01
  -4.4897261e+01
   2.9543659e+01
   2.1698630e+01
   1.3727674e+01
  -5.8484991e+00
   1.8806175e+01
   2.9449134e+01
   7.6251274e+00
   1.9951193e+01
  -4.8590164e+01
  -4.5839054e+01
   2.4872389e+01
  -3.4430728e+01
   2.4173093e+01
   7.2388383e-01
  -4.5413547e+01
   6.0505121e+00
  -3.6368099e+01
   1.5574368e+01
   2.9786431e+00
  -1.7918502e+01
   1.1773890e+01
  -4.6075203e+01
   5.8431857e+00
  -3.7757580e+01
   2.0356353e+01
  -4.6404259e+00
  -2.9309251e+01
  -2.6812905e+00
  -3.3100180e+01
  -3.5015109e+01
  -1.2940457e+01
  -9.4694318e+00
   1.2976732e+01
   1.2487745e+00
  -2.8525605e+01
   2.0044367e+01
  -3.1537055e-02
  -4.9753804e+01
   5.7245351e+00
   1.2030658e+01
   2.1588243e+01
  -1.9606126e+01
  -1.8710613e+00
  -1.6307295e+01
  -1.9499060e+01
   1.4509416e+01
   1.1493442e+01
  -3.1932576e+01
   1.0227043e+01
  -3.1640643e+01
   4.8432506e-01
  -4.7070697e+01
  -1.9511908e+00
  -3.7878824e+01
  -3.5836997e+01
  -1.6715512e+01
  -6.2260938e+00
  -1.7753317e+01
  -2.8092844e+01
  -2.7768981e+01
  -1.9267036e+00
   9.4108801e+00
  -3.9340210e+01
  -4.9373348e+01
  -2.1928031e+01
  -2.8141845e+01
   1.6729030e+01
  -1.9904440e+01
  -2.1787966e+01
   9.4899205e+00
   2.6108435e+01
   1.6970688e+01
  -1.1339260e+01
  -1.6869136e+01
  -9.3465291e+00
  -1.9115218e+01
  -2.2077453e+01
  -2.6349073e+00
  -2.3012722e+01
  -2.5050677e+00
  -4.5544188e+01
  -3.2223423e+01
   1.8220733e+01
  -4.4977852e+00
  -3.4386235e+01
   3.8047123e+00
   1.7950704e+01
  -2.3938405e+00
   1.1171075e+01
   2.5565473e+01
  -3.4019143e+01
  -1.5333251e+01
   1.2409787e+01
  -2.9442551e+01
  -5.2751637e+00
   3.4924932e-01
   1.4918043e+01
  -1.0616585e+01
  -3.6472082e+01
   1.6232543e+01
   1.2607633e+01
  -4.0433921e+01
   4.9846464e+00
  -5.7276527e+00
   4.9972642e+00
  -3.1153810e+00
  -1.2884197e+01
  -1.5778444e+01
  -4.7361677e+01
   1.4159139e+01
  -2.4960072e+01
   4.9452268e+00
  -2.5264937e+00
   9.5848943e+00
   2.4886660e+01
  -3.3369773e+01
   2.2857981e+01
  -5.7320249e+00
  -3.0469529e+01
   1.6243662e+01
  -1.7090781e+01
  -1.2446468e+00
   1.1050874e+01
   1.1415481e+01
  -6.6392341e+00
   1.4728423e+01
  -3.3943502e+01
   1.6765646e+00
  -1.9811884e+01
   1.4936972e+01
  -2.1005719e+01
   1.8592600e+01
  -3.7546741e+00
  -1.1138083e+01
  -4.4380280e+01
  -5.4363152e+00
  -4.5171678e+01
   1.5370427e+01
   1.6147226e+00
   1.0323542e+01
  -7.5470810e+00
  -4.8632136e+01
  -3.0428351e+01
   2.2337827e+01
  -1.9338130e+01
  -2.8729246e+01
   8.6021637e+00
  -4.3948604e+01
  -2.9068540e+01
   2.1005627e+01
   2.8358555e+01
   2.8755374e+01
   2.1106387e+01
   2.3742788e+01
  -1.0498266e+01
   1.8874734e+01
  -3.7931909e+01
   2.1987606e+01
   2.7728170e+01
  -3.9754271e+01
   3.9467716e+00
   2.1831051e+01
   1.2099835e+01
   1.0272019e+01
   7.1799078e+00
  -1.8448017e+01
  -1.3132929e+01
   1.7975866e+01
   1.1458852e+01
  -4.7241993e+01
  -4.9027289e+01
  -2.8604919e+01
  -3.5888285e+01
  -3.1868202e+01
   1.3330463e+01
   2.0810671e+01
   2.7382456e+01
  -2.8330776e+01
   1.9034848e+00
  -2.2259465e+01
   1.8149596e+01
  -3.6873703e+01
   1.3940813e+01
   2.4539809e+01
   2.1409512e+01
  -3.6210488e+01
  -2.7433147e+01
   1.1950556e+01
  -1.3926274e+01
  -4.5196379e+00
   6.2197813e+00
  -4.3886011e+01
   2.2982570e+01
  -3.6582150e+01
   4.5301469e+00
  -1.5161055e+01
   2.3167455e+01
  -4.9646898e+01
   1.2552791e+01
   2.7209028e+01
   1.6958918e+00
   1.6772377e+01
  -1.4164956e+01
  -1.8724647e+01
   1.7589421e+01
  -1.4500905e+01
  -2.2294899e+01
  -4.7783378e+01
   2.4853367e+01
  -9.7677636e+00
   1.6886656e+01
  -2.6503284e+01
  -2.0732938e+01
   6.0621992e+00
  -9.2845123e+00
  -2.7311039e+01
  -4.3217842e+01
  -2.9602783e+01
  -4.4960311e+01
  -3.2165380e+01
   2.0268463e+00
   6.8194016e+00
  -4.9075633e+01
  -2.2521000e+01
  -4.5762635e+01
   7.9699891e+00
  -3.8490502e+01
  -2.2487433e-01
  -1.8484722e+00
  -3.9085269e+01
  -3.9177922e+01
   2.2472941e+01
  -3.8801130e+01
  -3.9113007e+01
  -4.8240563e+01
   6.9382170e+00
   1.2206636e+01
  -2.3816073e+01
  -5.8151156e-01
  -3.9964697e+01
  -2.8747864e+01
   4.6329398e+00
  -2.2773971e+01
  -2.8341687e+01
  -2.1885415e+01
   1.8717886e+01
  -2.6535548e+01
  -7.4894623e+00
   8.3963723e+00
   2.4283782e+01
  -3.8123120e+01
  -1.0475771e+01
  -1.7587318e+01
  -3.2209718e+01
  -6.1452763e+00
  -3.9861308e-01
  -2.8767591e+01
   1.3077563e+01
   2.2755266e+00
  -2.3940879e+01
   2.6302413e+01
  -4.9285287e+01
  -1.1687640e+01
  -4.6068726e+01
   9.7741913e+00
  -4.8365794e+01
  -2.9855229e+01
  -2.7909347e+01
  -2.7871937e+01
   6.9579354e+00
  -9.0995215e-01
   2.9209687e+01
  -3.2780169e+00
  -4.7118138e+01
   2.2418411e+01
  -2.8586510e+01
   2.3046244e+01
  -5.6090865e+00
   2.2106366e+01
  -2.2837198e+01
   7.4242532e+00
  -8.6123797e+00
  -4.6981241e+01
  -3.3055522e+01
  -3.2011536e+01
  -3.4433304e+01
  -1.2614510e+01
   4.9178574e-01
  -4.3843128e+01
  -3.5865426e+01
   2.2994073e+01
  -3.9264036e+01
  -3.3038089e+01
   2.8851683e+01
  -4.1258137e+01
  -5.2952795e+00
  -4.1763519e+01
  -3.7900202e+01
  -6.7257776e+00
  -3.8824035e+01
  -3.7100973e+01
  -1.0502482e+01
  -3.2126147e+01
   1.3033686e+01
  -3.3772394e+01
   2.5207820e+01
  -1.8813437e+01
   1.5915072e+01
   2.4500496e+01
   3.2930051e+00
  -3.0676145e+01
  -1.2631646e+01
  -3.3712603e+01
   6.6905954e+00
   1.4946448e+01
   2.9195568e+01
  -1.5475528e+01
   1.8446989e+01
  -2.3170692e+01
  -3.3830456e+01
   1.6262564e+01
  -1.8330830e+01
   2.2638093e+01
   5.4015752e+00
  -4.7822642e+01
   2.8101693e+01
   1.6536267e-01
  -7.1463354e+00
  -3.3870882e+00
  -4.6350475e+01
   2.2108699e+01
  -4.8890116e+01
  -3.9790902e+01
  -2.0083240e+01
  -2.8585901e+01
  -4.9768884e+01
   5.8308887e+00
  -4.8429816e+01
   1.4974687e+01
  -3.7125857e+01
  -2.5703694e+01
   3.5949314e+00
  -3.7118859e+01
   1.3286690e+01
   1.0603564e+01
  -3.6647893e+01
  -4.6297705e+01
  -7.3738853e+00
   1.0622152e+01
   1.3524767e+01
   2.1552798e+01
  -4.8003177e+00
   1.3902518e+01
   1.3643214e+01
   3.2878703e+00
   2.8678713e+01
  -1.4767563e+01
   1.8011807e+01
   2.6947596e+01
  -3.9396423e+01
   2.1344247e+01
  -9.9407746e+00
  -3.4094807e+01
  -2.8475589e+01
  -2.5336161e+01
   1.9138350e+01
  -8.5197058e+00
  -3.5246625e+01
  -4.2479573e+01
  -4.7933173e+01
   1.9692825e+01
   2.3176829e+01
   2.2819181e+01
  -2.3958656e+01
  -2.0648347e+01
  -1.7807250e+01
  -3.5182013e+01
  -4.5115611e+01
  -9.1586332e+00
   1.5913252e+01
  -3.4563932e+01
  -1.6471366e+01
  -2.2844166e+01
   7.4372287e-01
   3.5482081e+00
  -2.6818396e+01
   1.0572317e+00
  -3.1893681e+01
  -3.7572896e+00
  -1.8651571e+01
  -2.9259621e+01
  -2.7620709e+01
   2.4324731e+01
  -2.0530948e+01
  -3.2215291e+01
   1.2248466e+01
  -4.7006172e+01
  -3.2404018e+01
   1.3470855e+01
  -2.0529033e+01
  -7.2236150e-01
   1.3900765e+01
  -4.6906077e+01
   6.6982418e+00
   1.3017048e+01
  -2.0129678e+01
  -8.0490855e+00
  -8.0326231e+00
   2.0295412e+01
   1.5308292e+01
  -8.4641148e+00
  -2.5759243e+01
  -3.6711639e+01
   2.4951624e+01
   1.2161580e+01
  -4.3857549e+01
  -4.9753811e+01
   1.9632346e+01
  -2.6725544e+00
  -3.6547534e+01
  -1.4407913e+01
  -1.5579295e+01
  -7.7078539e+00
   2.7544757e+01
   1.6926919e+01
  -3.4809536e+01
  -6.6324743e+00
   1.3375998e+01
  -5.4281299e+00
  -2.4147582e+01
   1.6599993e+01
  -2.0798843e+01
  -4.3252304e+01
  -1.1890958e+00
  -6.7003029e+00
   2.5545474e+01
   1.1903728e+01
   7.0804177e+00
   8.8942365e+00
  -1.0524138e+01
  -1.6764698e+01
  -6.9472829e-01
  -3.9238317e+00
  -3.4138951e+00
   2.8019065e+01
  -2.9725683e+00
  -1.0149743e+01
   2.8068312e+01
  -3.3505092e+00
  -3.2249108e+01
  -2.1172685e+01
  -4.1958644e+01
   2.8754561e+01
   8.5106082e+00
  -1.2778979e+01
  -1.9410772e+01
   1.4623950e+01
  -1.1587337e+01
  -1.8720937e+01
   1.4555323e+00
  -4.9431189e+01
   2.7068733e+01
   2.9949551e+01
  -6.0143850e+00
   9.3253227e+00
   2.9760751e+01
  -3.9752392e+01
  -4.2372730e+01
  -1.4741599e+01
   6.0033531e+00
  -4.8859281e+01
  -2.4216633e+00
  -1.4943963e+01
   1.1529506e+00
  -4.4549485e+01
   7.5711137e+00
  -4.2797127e+01
  -2.6770511e+01
  -1.1481375e+01
   1.9903769e+00
  -2.4158577e+01
   1.8770522e+01
  -4.9831004e+00
  -8.2033083e+00
   3.5185861e+00
   1.3400061e+01
  -2.6561628e+01
  -4.8067341e+01
  -2.5761217e+01
   3.4876606e+00
  -2.6967901e+01
  -4.0149148e+01
   8.1797097e+00
   1.3427383e+01
  -1.5042362e+01
  -1.3168588e+01
   2.0541918e+01
   2.2303385e+01
   8.3482282e+00
   1.3263193e+01
  -3.8918804e+01
  -2.8342407e+01
  -3.2711434e+01
   2.1883174e+01
   1.9448294e+01
   5.3113159e+00
   1.6882771e+01
  -2.9090901e+01
  -1.2568805e+01
  -3.7293886e+01
   1.4072224e+01
  -3.3948545e+01
   1.9841153e+00
   1.1802342e+01
   1.2539794e+01
  -3.8308353e+01
  -2.9072330e+01
  -1.9909537e+01
  -3.2233927e+01
   7.3824194e+00
   9.4478889e+00
   7.1535082e+00
  -4.0352003e+01
  -3.1210968e+01
   2.4511356e+01
   1.0785327e+01
  -2.0829498e+01
  -2.0574606e+01
   1.2606560e+01
   2.2936013e+01
  -2.7570544e+01
   2.5090394e+00
   2.5102864e+01
  -1.7493849e+01
  -4.5390542e+01
  -4.7127059e+01
  -2.5458571e+01
   2.5118033e+01
   8.8667306e+00
   1.8121884e+01
  -2.4810056e+01
  -2.3123467e+01
  -1.6297851e+00
  -2.5097455e+01
  -4.1495259e+01
   9.8577503e+00
  -3.0211825e+01
   2.3986643e+01
  -6.0913563e-01
  -1.1030783e+01
   2.9314090e+00
  -4.2715072e+01
  -2.9821059e+01
   1.0427115e+01
  -2.3863881e+01
   2.4851329e+01
   8.7086483e+00
  -4.1628711e+01
   2.3775555e+01
  -3.0829496e+01
  -8.8466785e+00
   5.7647304e+00
   1.5390948e-01
   3.5390713e+00
   1.0501758e+01
  -1.1160348e+01
  -3.6797820e+01
  -1.7254069e+01
  -1.2885738e+01
  -8.5125354e+00
   2.0381395e+01
   2.8649077e+01
   6.2266599e+00
  -4.7954169e+00
  -2.3499631e+01
  -2.2246662e+01
  -6.2852867e+00
   7.5877343e+00
   1.0417174e+01
   2.1485665e+01
   5.2394651e+00
   1.1761325e+01
  -7.7339149e+00
   7.3726457e-01
  -1.6573880e+01
  -2.7102373e+01
  -2.8234834e+01
   7.1687588e+00
  -1.2082685e+01
  -4.0702409e+01
   1.7253969e+01
  -4.8101707e+01
   1.8444426e-01
  -8.1726685e+00
  -2.2002776e+01
  -4.7242314e+00
  -3.3182772e+00
  -1.6345268e+01
   2.0879881e+01
   2.0014954e+01
  -1.4556411e+01
  -2.3931253e+01
   4.9746129e+00
   5.7808007e+00
   1.2509063e+01
   2.2861114e+01
  -4.8015655e+01
  -4.7158453e+01
  -4.6119329e+00
   2.0525487e+01
   2.8626118e+01
  -1.4179718e+01
  -1.5791792e+01
  -4.6925569e+01
   2.6588126e+01
   1.6847525e+00
   2.0079612e+01
   2.1052150e+01
  -3.2436115e+01
   1.4828728e+01
  -4.5923130e+01
   3.4744874e+00
  -6.3697945e+00
  -1.5123788e+01
   2.3249389e+01
  -1.5042291e+01
  -2.3048342e+01
  -1.0119542e+01
   1.2300311e+01
  -9.2741657e+00
   2.5390742e+01
   2.6201908e+01
  -2.9053010e+01
  -1.4237237e+01
  -3.0206669e+01
   2.4665367e+01
  -6.8502639e+00
  -4.7329383e+01
   1.1292851e+01
  -4.7163437e+01
  -4.4074235e+01
  -6.0846354e+00
  -3.3508395e+01
  -1.2285347e+01
  -2.3593942e+00
   2.2915377e+01
  -4.2245085e+01
  -3.8025577e+01
  -2.1975678e+01
  -4.1007030e+01
   1.4514364e+01
  -4.5095448e+01
  -4.9285640e+00
  -8.7366721e+00
  -2.5052560e+01
  -4.4430592e+01
  -2.4603433e+01
  -4.0626754e+01
  -4.9328972e+01
  -3.6927108e+01
   2.0698352e+01
  -4.5103347e+01
   2.6114284e+01
  -1.4163945e+01
  -4.3218751e+01
  -1.4223511e+01
  -3.6260832e+01
  -5.8314188e+00
  -3.9404984e+01
  -2.3240275e+01
  -5.3310223e+00
  -4.2524358e+01
  -4.9821607e+01
  -2.9507486e+01
   5.2791205e+00
   1.4890945e+01
  -4.8644319e+01
  -1.2224410e+01
  -2.8897978e+01
  -1.0241371e+01
   2.4322004e+01
   7.5614251e+00
   1.5998428e+01
  -4.9503664e+01
  -3.1636947e+01
   2.1526882e+01
   2.4997060e+01
   5.1861785e+00
  -1.2703588e+01
  -1.5821102e+01
  -4.0810932e+00
   2.2567513e+01
   1.4284718e+01
   1.3245813e+01
   6.8146363e+00
   2.5635241e+01
  -6.5407699e+00
   2.6318342e+01
  -1.0276122e+01
  -2.1911732e-01
   1.6401548e+01
  -5.3580882e-01
  -1.4422983e+01
  -2.9247091e+01
   7.9233749e+00
  -1.0518816e+01
  -3.1698968e+01
  -3.5396484e+01
   1.0955998e+01
   2.5581281e+01
  -2.8028364e+01
  -4.1117483e+01
  -2.1488449e+01
  -3.3306429e+01
   2.1628326e+00
   5.7167716e+00
  -2.5064695e+01
   2.9156223e+01
  -3.6198176e+01
   4.0283017e+00
  -4.5456997e+01
   5.6848705e+00
  -1.1649582e+01
  -5.7185768e+00
  -1.0101369e+01
  -2.1751076e+01
   7.5853834e+00
  -1.4321888e-01
  -3.5398463e+01
  -2.2249843e+01
  -1.8718152e+01
  -1.3734942e+00
  -4.2571451e+00
  -4.0444287e+01
  -2.2846590e+01
  -3.1796098e+01
   4.2503240e+00
   6.6143710e+00
  -1.0862191e+01
   1.2772853e+01
  -2.2804221e+01
  -2.3575941e+01
   2.2883247e-02
  -3.1102898e+01
   5.4546556e+00
   1.1515550e+01
  -1.1313990e+01
  -4.2918415e+00
   2.0447493e+01
  -1.6902600e+00
  -4.9295048e+01
  -2.7282673e+01
   1.5973434e+01
  -2.1538990e+01
  -3.5574742e+01
  -1.2992407e+01
   1.5031587e+01
   2.7265168e+01
  -1.1509440e+01
  -2.6163139e+01
   2.0096897e+01
   4.6826638e+00
   1.7820297e+01
   6.0659669e+00
  -9.6544047e+00
   1.0093049e+01
  -1.2412169e+01
   1.2945414e+01
  -2.2435864e+01
  -2.4316256e+00
  -1.0844138e+01
   1.6358716e+01
  -4.2855954e+01
  -4.3421319e+00
  -3.9689174e+01
   1.4211259e+01
  -4.5411763e+01
  -7.6731086e+00
  -1.6669664e+01
  -3.5378644e+01
  -3.2647859e+01
   2.0599270e+01
   2.3837552e+01
  -3.8361777e+01
  -4.6647885e+01
  -7.0777138e+00
   2.8309644e+01
  -1.3399030e+01
   1.7607462e+01
  -4.6308626e+00
  -8.5680346e-03
  -1.4206805e+01
  -4.7318047e+01
   1.2410939e+01
   7.3994758e+00
   2.6936793e+01
  -6.7272278e+00
  -1.7850324e+01
  -1.6182321e+01
  -3.3830068e+01
   1.4488132e+01
   2.9694588e-01
  -1.4960933e-01
  -3.8666125e+01
   1.0469395e+01
   4.3417761e+00
   2.8380447e+01
  -4.9952038e+01
   2.1312185e+01
  -4.2756753e+01
  -2.6406573e+01
   1.5859453e+01
  -7.9037180e+00
   4.5354838e+00
  -3.7323886e+01
  -3.6025726e+01
   2.5816247e+01
   4.5908417e+00
  -4.5315456e+01
  -4.2857949e+01
  -2.9718961e+01
  -3.2178257e+01
  -3.0655840e+01
   2.4988977e+01
  -4.8616792e+01
   1.4150466e+00
  -4.1083925e+01
  -3.1248857e+00
  -2.1622542e+01
   2.2570803e+01
  -2.5070284e+01
  -2.6430996e+01
  -4.1313893e+01
   9.2537431e+00
  -2.3345177e+01
   8.9973340e+00
  -2.4547889e+01
  -9.0119058e+00
  -1.5244292e+01
  -2.9850524e+01
   1.1386793e+01
  -3.0568595e+01
  -2.2765755e+01
   2.7503622e+01
  -3.2915561e+01
  -1.3419108e+01
   2.5928462e+01
   5.4539735e+00
   2.8784950e+01
   1.2402084e+01
  -4.5663654e+01
  -2.5460076e+01
  -1.2598658e+01
  -4.1363805e+01
   2.9022945e+01
  -4.5553008e+01
  -3.7899155e+01
  -4.0436905e+01
  -3.0168331e+01
  -9.7172304e+00
   2.2567547e+01
   2.9421454e+01
  -3.3650059e+01
  -2.1664846e+01
   1.3772149e+01
   1.2902644e+00
  -3.9792856e+01
  -3.8985085e+01
   2.0109907e+01
   4.7084972e+00
   1.6214663e+01
   1.8149991e+00
  -2.0242030e+01
   2.4525345e+01
  -1.7709910e+01
  -9.0663574e+00
  -1.1265545e+01
  -2.6050142e+01
  -2.7745149e+01
   2.6912664e+01
  -2.7303185e+00
   6.5821462e+00
  -2.8331028e+01
  -2.6521824e+01
  -1.9891904e+01
   1.2814229e+01
   2.6023567e+01
   9.4387968e+00
  -2.4587480e+01
  -3.6249212e+01
  -1.0717032e+01
  -1.0648789e+01
   7.0710548e+00
  -3.0836160e+01
   6.8678928e+00
   1.7347076e+01
  -2.1763249e+01
  -4.9206941e+01
   2.3098674e+00
   2.1894478e+01
   1.8193056e+01
  -3.7687169e+01
  -3.7590288e+01
  -3.5972411e+01
  -7.2837132e+00
  -4.2862939e+01
   5.5744273e+00
  -4.1731055e+01
   5.1082645e+00
  -5.5510878e+00
   2.5175163e+01
  -7.4804531e-01
  -7.8612429e+00
  -4.7958791e+01
   5.6825083e+00
  -1.2644359e+01
   2.1794418e+00
  -2.5887640e+01
  -3.2975914e+01
  -4.1418343e+01
  -3.7334304e+01
   2.1476619e+01
  -8.0338530e+00
   2.8564459e+01
   1.2561249e+01
  -3.7907792e+01
  -4.8593366e+01
   2.9929162e+01
  -1.8691104e+01
  -4.3543650e+01
  -1.4938095e+01
   1.9781191e+01
  -4.0256113e+01
  -1.1450758e+01
  -5.9008290e-01
  -3.5960112e+01
   1.1743403e+01
   6.6344771e+00
   2.5680542e+01
   1.1099390e+01
   2.1711763e+01
   2.8197338e+01
  -4.2182045e+01
  -3.6400062e+01
   1.5941263e+01
  -7.3386122e+00
  -1.3234124e+00
  -3.4364273e+01
  -1.2250505e+00
  -2.4766972e+01
  -2.0986535e+01
  -3.5261233e+01
  -2.7174190e+01
  -3.3435336e+01
  -2.8608164e+01
   8.3631380e+00
  -2.1861586e+01
  -3.3479268e+01
   2.1527241e+01
   2.9222276e+01
   2.0492287e+01
  -4.8953423e+01
  -1.8818012e+01
   7.1226523e+00
  -3.1451343e+01
  -9.9225446e+00
  -1.7342959e+01
  -4.9595281e+01
  -2.8184214e+01
  -4.9901736e+01
  -4.7161874e+01
   1.6301962e+01
   1.7468654e+01
  -8.9158908e+00
  -4.8839689e+01
   6.7390093e+00
   2.8145059e+01
  -2.7221283e+01
   6.3437410e+00
  -4.9077152e+01
   1.8544608e+01
   2.3199011e+01
  -1.6640707e+01
   1.0995608e+01
  -3.9821105e+01
  -3.8332477e+01
   2.4213627e+01
   1.6797159e+01
   1.9427729e+01
  -1.9547390e+01
  -4.3458262e+01
   2.6705014e+01
  -2.1615702e+01
  -2.4475465e-01
  -1.4059625e+00
   1.8887691e+01
  -4.2351271e-01
   1.5735338e+01
   1.5447708e+01
  -4.4897261e+01
   2.9543659e+01
   2.1698630e+01
   1.3727674e+01
  -5.8484991e+00
   1.8806175e+01
   2.9449134e+01
   7.6251274e+00
   1.9951193e+01
  -4.8590164e+01
  -4.5839054e+01
   2.4872389e+01
  -3.4430728e+01
   2.4173093e+01
   7.2388383e-01
  -4.5413547e+01
   6.0505121e+00
  -3.6368099e+01
   1.5574368e+01
   2.9786431e+00
  -1.7918502e+01
   1.1773890e+01
  -4.6075203e+01
   5.8431857e+00
  -3.7757580e+01
   2.0356353e+01
  -4.6404259e+00
  -2.9309251e+01
  -2.6812905e+00
  -3.3100180e+01
  -3.5015109e+01
  -1.2940457e+01
  -9.4694318e+00
   1.2976732e+01
   1.2487745e+00
  -2.8525605e+01
   2.0044367e+01
  -3.1537055e-02
  -4.9753804e+01
   5.7245351e+00
   1.2030658e+01
   2.1588243e+01
  -1.9606126e+01
  -1.8710613e+00
  -1.6307295e+01
  -1.9499060e+01
   1.4509416e+01
   1.1493442e+01
  -3.1932576e+01
   1.0227043e+01
  -3.1640643e+01
   4.8432506e-01
  -4.7070697e+01
  -1.9511908e+00
  -3.7878824e+01
  -3.5836997e+01
  -1.6715512e+01
  -6.2260938e+00
  -1.7753317e+01
  -2.8092844e+01
  -2.7768981e+01
  -1.9267036e+00
   9.4108801e+00
  -3.9340210e+01
  -4.9373348e+01
  -2.1928031e+01
  -2.8141845e+01
   1.6729030e+01
  -1.9904440e+01
  -2.1787966e+01
   9.4899205e+00
   2.6108435e+01
   1.6970688e+01
  -1.1339260e+01
  -1.6869136e+01
  -9.3465291e+00
  -1.9115218e+01
  -2.2077453e+01
  -2.6349073e+00
  -2.3012722e+01
  -2.5050677e+00
  -4.5544188e+01
  -3.2223423e+01
   1.8220733e+01
  -4.4977852e+00
  -3.4386235e+01
   3.8047123e+00
   1.7950704e+01
  -2.3938405e+00
   1.1171075e+01
   2.5565473e+01
  -3.4019143e+01
  -1.5333251e+01
   1.2409787e+01
  -2.9442551e+01
  -5.2751637e+00
   3.4924932e-01
   1.4918043e+01
  -1.0616585e+01
  -3.6472082e+01
   1.6232543e+01
   1.2607633e+01
  -4.0433921e+01
   4.9846464e+00
  -5.7276527e+00
   4.9972642e+00
  -3.1153810e+00
  -1.2884197e+01
  -1.5778444e+01
  -4.7361677e+01
   1.4159139e+01
  -2.4960072e+01
   4.9452268e+00
  -2.5264937e+00
   9.5848943e+00
   2.4886660e+01
  -3.3369773e+01
   2.2857981e+01
  -5.7320249e+00
  -3.0469529e+01
   1.6243662e+01
  -1.7090781e+01
  -1.2446468e+00
   1.1050874e+01
   1.1415481e+01
  -6.6392341e+00
   1.4728423e+01
  -3.3943502e+01
   1.6765646e+00
  -1.9811884e+01
   1.4936972e+01
  -2.1005719e+01
   1.8592600e+01
  -3.7546741e+00
  -1.1138083e+01
  -4.4380280e+01
  -5.4363152e+00
  -4.5171678e+01
   1.5370427e+01
   1.6147226e+00
   1.0323542e+01
  -7.5470810e+00
  -4.8632136e+01
  -3.0428351e+01
   2.2337827e+01
  -1.9338130e+01
  -2.8729246e+01
   8.6021637e+00
  -4.3948604e+01
  -2.9068540e+01
   2.1005627e+01
   2.8358555e+01
   2.8755374e+01
   2.1106387e+01
   2.3742788e+01
  -1.0498266e+01
   1.8874734e+01
  -3.7931909e+01
   2.1987606e+01
   2.7728170e+01
  -3.9754271e+01
   3.9467716e+00
   2.1831051e+01
   1.2099835e+01
   1.0272019e+01
   7.1799078e+00
  -1.8448017e+01
  -1.3132929e+01
   1.7975866e+01
   1.1458852e+01
  -4.7241993e+01
  -4.9027289e+01
  -2.8604919e+01
  -3.5888285e+01
  -3.1868202e+01
   1.3330463e+01
   2.0810671e+01
   2.7382456e+01
  -2.8330776e+01
   1.9034848e+00
  -2.2259465e+01
   1.8149596e+01
  -3.6873703e+01
   1.3940813e+01
   2.4539809e+01
   2.1409512e+01
  -3.6210488e+01
  -2.7433147e+01
   1.1950556e+01
  -1.3926274e+01
  -4.5196379e+00
   6.2197813e+00
  -4.3886011e+01
   2.2982570e+01
  -3.6582150e+01
   4.5301469e+00
  -1.5161055e+01
   2.3167455e+01
  -4.9646898e+01
   1.2552791e+01
   2.7209028e+01
   1.6958918e+00
   1.6772377e+01
  -1.4164956e+01
  -1.8724647e+01
   1.7589421e+01
  -1.4500905e+01
  -2.2294899e+01
  -4.7783378e+01
   2.4853367e+01
  -9.7677636e+00
   1.6886656e+01
  -2.6503284e+01
  -2.0732938e+01
   6.0621992e+00
  -9.2845123e+00
  -2.7311039e+01
  -4.3217842e+01
  -2.9602783e+01
  -4.4960311e+01
  -3.2165380e+01
   2.0268463e+00
   6.8194016e+00
  -4.9075633e+01
  -2.2521000e+01
  -4.5762635e+01
   7.9699891e+00
  -3.8490502e+01
  -2.2487433e-01
  -1.8484722e+00
  -3.9085269e+01
  -3.9177922e+01
   2.2472941e+01
  -3.8801130e+01
  -3.9113007e+01
  -4.8240563e+01
   6.9382170e+00
   1.2206636e+01
  -2.3816073e+01
  -5.8151156e-01
  -3.9964697e+01
  -2.8747864e+01
   4.6329398e+00
  -2.2773971e+01
  -2.8341687e+01
  -2.1885415e+01
   1.8717886e+01
  -2.6535548e+01
  -7.4894623e+00
   8.3963723e+00
   2.4283782e+01
  -3.8123120e+01
  -1.0475771e+01
  -1.7587318e+01
  -3.2209718e+01
  -6.1452763e+00
  -3.9861308e-01
  -2.8767591e+01
   1.3077563e+01
   2.2755266e+00
  -2.3940879e+01
   2.6302413e+01
  -4.9285287e+01
  -1.1687640e+01
  -4.6068726e+01
   9.7741913e+00
  -4.8365794e+01
  -2.9855229e+01
  -2.7909347e+01
  -2.7871937e+01
   6.9579354e+00
  -9.0995215e-01
   2.9209687e+01
  -3.2780169e+00
  -4.7118138e+01
   2.2418411e+01
  -2.8586510e+01
   2.3046244e+01
  -5.6090865e+00
   2.2106366e+01
  -2.2837198e+01
   7.4242532e+00
  -8.6123797e+00
  -4.6981241e+01
  -3.3055522e+01
  -3.2011536e+01
  -3.4433304e+01
  -1.2614510e+01
   4.9178574e-01
  -4.3843128e+01
  -3.5865426e+01
   2.2994073e+01
  -3.9264036e+01
  -3.3038089e+01
   2.8851683e+01
  -4.1258137e+01
  -5.2952795e+00
  -4.1763519e+01
  -3.7900202e+01
  -6.7257776e+00
  -3.8824035e+01
  -3.7100973e+01
  -1.0502482e+01
  -3.2126147e+01
   1.3033686e+01
  -3.3772394e+01
   2.5207820e+01
  -1.8813437e+01
   1.5915072e+01
   2.4500496e+01
   3.2930051e+00
  -3.0676145e+01
  -1.2631646e+01
  -3.3712603e+01
   6.6905954e+00
   1.4946448e+01
   2.9195568e+01
  -1.5475528e+01
   1.8446989e+01
  -2.3170692e+01
  -3.3830456e+01
   1.6262564e+01
  -1.8330830e+01
   2.2638093e+01
   5.4015752e+00
  -4.7822642e+01
   2.8101693e+01
   1.6536267e-01
  -7.1463354e+00
  -3.3870882e+00
  -4.6350475e+01
   2.2108699e+01
  -4.8890116e+01
  -3.9790902e+01
  -2.0083240e+01
  -2.8585901e+01
  -4.9768884e+01
   5.8308887e+00
  -4.8429816e+01
   1.4974687e+01
  -3.7125857e+01
  -2.5703694e+01
   3.5949314e+00
  -3.7118859e+01
   1.3286690e+01
   1.0603564e+01
  -3.6647893e+01
  -4.6297705e+01
  -7.3738853e+00
   1.0622152e+01
   1.3524767e+01
   2.1552798e+01
  -4.8003177e+00
   1.3902518e+01
   1.3643214e+01
   3.2878703e+00
   2.8678713e+01
  -1.4767563e+01
   1.8011807e+01
   2.6947596e+01
  -3.9396423e+01
   2.1344247e+01
  -9.9407746e+00
  -3.4094807e+01
  -2.8475589e+01
  -2.5336161e+01
   1.9138350e+01
  -8.5197058e+00
  -3.5246625e+01
  -4.2479573e+01
  -4.7933173e+01
   1.9692825e+01
   2.3176829e+01
   2.2819181e+01
  -2.3958656e+01
  -2.0648347e+01
  -1.7807250e+01
  -3.5182013e+01
  -4.5115611e+01
  -9.1586332e+00
   1.5913252e+01
  -3.4563932e+01
  -1.6471366e+01
  -2.2844166e+01
   7.4372287e-01
   3.5482081e+00
  -2.6818396e+01
   1.0572317e+00
  -3.1893681e+01
  -3.7572896e+00
  -1.8651571e+01
  -2.9259621e+01
  -2.7620709e+01
   2.4324731e+01
  -2.0530948e+01
  -3.2215291e+01
   1.2248466e+01
  -4.7006172e+01
  -3.2404018e+01
   1.3470855e+01
  -2.0529033e+01
  -7.2236150e-01
   1.3900765e+01
  -4.6906077e+01
   6.6982418e+00
   1.3017048e+01
  -2.0129678e+01
  -8.0490855e+00
  -8.0326231e+00
   2.0295412e+01
   1.5308292e+01
  -8.4641148e+00
  -2.5759243e+01
  -3.6711639e+01
   2.4951624e+01
   1.2161580e+01
  -4.3857549e+01
  -4.9753811e+01
   1.9632346e+01
  -2.6725544e+00
  -3.6547534e+01
  -1.4407913e+01
  -1.5579295e+01
  -7.7078539e+00
   2.7544757e+01
   1.6926919e+01
  -3.4809536e+01
  -6.6324743e+00
   1.3375998e+01
  -5.4281299e+00
  -2.4147582e+01
   1.6599993e+01
  -2.0798843e+01
  -4.3252304e+01
  -1.1890958e+00
  -6.7003029e+00
   2.5545474e+01
   1.1903728e+01
   7.0804177e+00
   8.8942365e+00
  -1.0524138e+01
  -1.6764698e+01
  -6.9472829e-01
  -3.9238317e+00
  -3.4138951e+00
   2.8019065e+01
  -2.9725683e+00
  -1.0149743e+01
   2.8068312e+01
  -3.3505092e+00
  -3.2249108e+01
  -2.1172685e+01
  -4.1958644e+01
   2.8754561e+01
   8.5106082e+00
  -1.2778979e+01
  -1.9410772e+01
   1.4623950e+01
  -1.1587337e+01
  -1.8720937e+01
   1.4555323e+00
  -4.9431189e+01
   2.7068733e+01
   2.9949551e+01
  -6.0143850e+00
   9.3253227e+00
   2.9760751e+01
  -3.9752392e+01
  -4.2372730e+01
  -1.4741599e+01
   6.0033531e+00
  -4.8859281e+01
  -2.4216633e+00
  -1.4943963e+01
   1.1529506e+00
  -4.4549485e+01
   7.5711137e+00
  -4.2797127e+01
  -2.6770511e+01
  -1.1481375e+01
   1.9903769e+00
  -2.4158577e+01
   1.8770522e+01
  -4.9831004e+00
  -8.2033083e+00
   3.5185861e+00
   1.3400061e+01
  -2.6561628e+01
  -4.8067341e+01
  -2.5761217e+01
   3.4876606e+00
  -2.6967901e+01
  -4.0149148e+01
   8.1797097e+00
   1.3427383e+01
  -1.5042362e+01
  -1.3168588e+01
   2.0541918e+01
   2.2303385e+01
   8.3482282e+00
   1.3263193e+01
  -3.8918804e+01
  -2.8342407e+01
  -3.2711434e+01
   2.1883174e+01
   1.9448294e+01
   5.3113159e+00
   1.6882771e+01
  -2.9090901e+01
  -1.2568805e+01
  -3.7293886e+01
   1.4072224e+01
  -3.3948545e+01
   1.9841153e+00
   1.1802342e+01
   1.2539794e+01
  -3.8308353e+01
  -2.9072330e+01
  -1.9909537e+01
  -3.2233927e+01
   7.3824194e+00
   9.4478889e+00
   7.1535082e+00
  -4.0352003e+01
  -3.1210968e+01
   2.4511356e+01
   1.0785327e+01
  -2.0829498e+01
  -2.0574606e+01
   1.2606560e+01
   2.2936013e+01
  -2.7570544e+01
   2.5090394e+00
   2.5102864e+01
  -1.7493849e+01
  -4.5390542e+01
  -4.7127059e+01
  -2.5458571e+01
   2.5118033e+01
   8.8667306e+00
   1.8121884e+01
  -2.4810056e+01
  -2.3123467e+01
  -1.6297851e+00
  -2.5097455e+01
  -4.1495259e+01
   9.8577503e+00
  -3.0211825e+01
   2.3986643e+01
  -6.0913563e-01
  -1.1030783e+01
   2.9314090e+00
  -4.2715072e+01
  -2.9821059e+01
   1.0427115e+01
  -2.3863881e+01
   2.4851329e+01
   8.7086483e+00
  -4.1628711e+01
   2.3775555e+01
  -3.0829496e+01
  -8.8466785e+00
   5.7647304e+00
   1.5390948e-01
   3.5390713e+00
   1.0501758e+01
  -1.1160348e+01
  -3.6797820e+01
  -1.7254069e+01
  -1.2885738e+01
  -8.5125354e+00
   2.0381395e+01
   2.8649077e+01
   6.2266599e+00
  -4.7954169e+00
  -2.3499631e+01
  -2.2246662e+01
  -6.2852867e+00
   7.5877343e+00
   1.0417174e+01
   2.1485665e+01
   5.2394651e+00
   1.1761325e+01
  -7.7339149e+00
   7.3726457e-01
  -1.6573880e+01
  -2.7102373e+01
  -2.8234834e+01
   7.1687588e+00
  -1.2082685e+01
  -4.0702409e+01
   1.7253969e+01
  -4.8101707e+01
   1.8444426e-01
  -8.1726685e+00
  -2.2002776e+01
  -4.7242314e+00
  -3.3182772e+00
  -1.6345268e+01
   2.0879881e+01
   2.0014954e+01
  -1.4556411e+01
  -2.3931253e+01
   4.9746129e+00
   5.7808007e+00
   1.2509063e+01
   2.2861114e+01
  -4.8015655e+01
  -4.7158453e+01
  -4.6119329e+00
   2.0525487e+01
   2.8626118e+01
  -1.4179718e+01
  -1.5791792e+01
  -4.6925569e+01
   2.6588126e+01
   1.6847525e+00
   2.0079612e+01
   2.1052150e+01
  -3.2436115e+01
   1.4828728e+01
  -4.5923130e+01
   3.4744874e+00
  -6.3697945e+00
  -1.5123788e+01
   2.3249389e+01
  -1.5042291e+01
  -2.3048342e+01
  -1.0119542e+01
   1.2300311e+01
  -9.2741657e+00
   2.5390742e+01
   2.6201908e+01
  -2.9053010e+01
  -1.4237237e+01
  -3.0206669e+01
   2.4665367e+01
  -6.8502639e+00
  -4.7329383e+01
   1.1292851e+01
  -4.7163437e+01
  -4.4074235e+01
  -6.0846354e+00
  -3.3508395e+01
  -1.2285347e+01
  -2.3593942e+00
   2.2915377e+01
  -4.2245085e+01
  -3.8025577e+01
  -2.1975678e+01
  -4.1007030e+01
   1.4514364e+01
  -4.5095448e+01
  -4.9285640e+00
  -8.7366721e+00
  -2.5052560e+01
  -4.4430592e+01
  -2.4603433e+01
  -4.0626754e+01
  -4.9328972e+01
  -3.6927108e+01
   2.0698352e+01
  -4.5103347e+01
   2.6114284e+01
  -1.4163945e+01
  -4.3218751e+01
  -1.4223511e+01
  -3.6260832e+01
  -5.8314188e+00
  -3.9404984e+01
  -2.3240275e+01
  -5.3310223e+00
  -4.2524358e+01
  -4.9821607e+01
  -2.9507486e+01
   5.2791205e+00
   1.4890945e+01
  -4.8644319e+01
  -1.2224410e+01
  -2.8897978e+01
  -1.0241371e+01
   2.4322004e+01
   7.5614251e+00
   1.5998428e+01
  -4.9503664e+01
  -3.1636947e+01
   2.1526882e+01
   2.4997060e+01
   5.1861785e+00
  -1.2703588e+01
  -1.5821102e+01
  -4.0810932e+00
   2.2567513e+01
   1.4284718e+01
   1.3245813e+01
   6.8146363e+00
   2.5635241e+01
  -6.5407699e+00
   2.6318342e+01
  -1.0276122e+01
  -2.1911732e-01
   1.6401548e+01
  -5.3580882e-01
  -1.4422983e+01
  -2.9247091e+01
   7.9233749e+00
  -1.0518816e+01
  -3.1698968e+01
  -3.5396484e+01
   1.0955998e+01
   2.5581281e+01
  -2.8028364e+01
  -4.1117483e+01
  -2.1488449e+01
  -3.3306429e+01
   2.1628326e+00
   5.7167716e+00
  -2.5064695e+01
   2.9156223e+01
  -3.6198176e+01
   4.0283017e+00
  -4.5456997e+01
   5.6848705e+00
  -1.1649582e+01
  -5.7185768e+00
  -1.0101369e+01
  -2.1751076e+01
   7.5853834e+00
  -1.4321888e-01
  -3.5398463e+01
  -2.2249843e+01
  -1.8718152e+01
  -1.3734942e+00
  -4.2571451e+00
  -4.0444287e+01
  -2.2846590e+01
  -3.1796098e+01
   4.2503240e+00
   6.6143710e+00
  -1.0862191e+01
   1.2772853e+01
  -2.2804221e+01
  -2.3575941e+01
   2.2883247e-02
  -3.1102898e+01
   5.4546556e+00
   1.1515550e+01
  -1.1313990e+01
  -4.2918415e+00
   2.0447493e+01
  -1.6902600e+00
  -4.9295048e+01
  -2.7282673e+01
   1.5973434e+01
  -2.1538990e+01
  -3.5574742e+01
  -1.2992407e+01
   1.5031587e+01
   2.7265168e+01
  -1.1509440e+01
  -2.6163139e+01
   2.0096897e+01
   4.6826638e+00
   1.7820297e+01
   6.0659669e+00
  -9.6544047e+00
   1.0093049e+01
  -1.2412169e+01
   1.2945414e+01
  -2.2435864e+01
  -2.4316256e+00
  -1.0844138e+01
   1.6358716e+01
  -4.2855954e+01
  -4.3421319e+00
  -3.9689174e+01
   1.4211259e+01
  -4.5411763e+01
  -7.6731086e+00
  -1.6669664e+01
  -3.5378644e+01
  -3.2647859e+01
   2.0599270e+01
   2.3837552e+01
  -3.8361777e+01
  -4.6647885e+01
  -7.0777138e+00
   2.8309644e+01
  -1.3399030e+01
   1.7607462e+01
  -4.6308626e+00
  -8.5680346e-03
  -1.4206805e+01
  -4.7318047e+01
   1.2410939e+01
   7.3994758e+00
   2.6936793e+01
  -6.7272278e+00
  -1.7850324e+01
  -1.6182321e+01
  -3.3830068e+01
   1.4488132e+01
   2.9694588e-01
  -1.4960933e-01
  -3.8666125e+01
   1.0469395e+01
   4.3417761e+00
   2.8380447e+01
  -4.9952038e+01
   2.1312185e+01
  -4.2756753e+01
  -2.6406573e+01
   1.5859453e+01
  -7.9037180e+00
   4.5354838e+00
  -3.7323886e+01
  -3.6025726e+01
   2.5816247e+01
   4.5908417e+00
  -4.5315456e+01
  -4.2857949e+01
  -2.9718961e+01
  -3.2178257e+01
  -3.0655840e+01
   2.4988977e+01
  -4.8616792e+01
   1.4150466e+00
  -4.1083925e+01
  -3.1248857e+00
  -2.1622542e+01
   2.2570803e+01
  -2.5070284e+01
  -2.6430996e+01
  -4.1313893e+01
   9.2537431e+00
  -2.3345177e+01
   8.9973340e+00
  -2.4547889e+01
  -9.0119058e+00
  -1.5244292e+01
  -2.9850524e+01
   1.1386793e+01
  -3.0568595e+01
  -2.2765755e+01
   2.7503622e+01
  -3.2915561e+01
  -1.3419108e+01
   2.5928462e+01
   5.4539735e+00
   2.8784950e+01
   1.2402084e+01
  -4.5663654e+01
  -2.5460076e+01
  -1.2598658e+01
  -4.1363805e+01
   2.9022945e+01
  -4.5553008e+01
  -3.7899155e+01
  -4.0436905e+01
  -3.0168331e+01
  -9.7172304e+00
   2.2567547e+01
   2.9421454e+01
  -3.3650059e+01
  -2.1664846e+01
   1.3772149e+01
   1.2902644e+00
  -3.9792856e+01
  -3.8985085e+01
   2.0109907e+01
   4.7084972e+00
   1.6214663e+01
   1.8149991e+00
  -2.0242030e+01
   2.4525345e+01
  -1.7709910e+01
  -9.0663574e+00
  -1.1265545e+01
  -2.6050142e+01
  -2.7745149e+01
   2.6912664e+01
  -2.7303185e+00
   6.5821462e+00
  -2.8331028e+01
  -2.6521824e+01
  -1.9891904e+01
   1.2814229e+01
   2.6023567e+01
   9.4387968e+00
  -2.4587480e+01
  -3.6249212e+01
  -1.0717032e+01
  -1.0648789e+01
   7.0710548e+00
  -3.0836160e+01
   6.8678928e+00
   1.7347076e+01
  -2.1763249e+01
  -4.9206941e+01
   2.3098674e+00
   2.1894478e+01
   1.8193056e+01
  -3.7687169e+01
  -3.7590288e+01
  -3.5972411e+01
  -7.2837132e+00
  -4.2862939e+01
   5.5744273e+00
  -4.1731055e+01
   5.1082645e+00
  -5.5510878e+00
   2.5175163e+01
  -7.4804531e-01
  -7.8612429e+00
  -4.7958791e+01
   5.6825083e+00
  -1.2644359e+01
   2.1794418e+00
  -2.5887640e+01
  -3.2975914e+01
  -4.1418343e+01
  -3.7334304e+01
   2.1476619e+01
  -8.0338530e+00
   2.8564459e+01
   1.2561249e+01
  -3.7907792e+01
  -4.8593366e+01
   2.9929162e+01
  -1.8691104e+01
  -4.3543650e+01
  -1.4938095e+01
   1.9781191e+01
  -4.0256113e+01
  -1.1450758e+01
  -5.9008290e-01
  -3.5960112e+01
   1.1743403e+01
   6.6344771e+00
   2.5680542e+01
   1.1099390e+01
   2.1711763e+01
   2.8197338e+01
  -4.2182045e+01
  -3.6400062e+01
   1.5941263e+01
  -7.3386122e+00
  -1.3234124e+00
  -3.4364273e+01
  -1.2250505e+00
  -2.4766972e+01
  -2.0986535e+01
  -3.5261233e+01
  -2.7174190e+01
  -3.3435336e+01
  -2.8608164e+01
   8.3631380e+00
  -2.1861586e+01
  -3.3479268e+01
   2.1527241e+01
   2.9222276e+01
   2.0492287e+01
  -4.8953423e+01
  -1.8818012e+01
   7.1226523e+00
  -3.1451343e+01
  -9.9225446e+00
  -1.7342959e+01
  -4.9595281e+01
  -2.8184214e+01
  -4.9901736e+01
  -4.7161874e+01
   1.6301962e+01
   1.7468654e+01
  -8.9158908e+00
  -4.8839689e+01
   6.7390093e+00
   2.8145059e+01
  -2.7221283e+01
   6.3437410e+00
  -4.9077152e+01
   1.8544608e+01
   2.3199011e+01
  -1.6640707e+01
   1.0995608e+01
  -3.9821105e+01
  -3.8332477e+01
   2.4213627e+01
   1.6797159e+01
   1.9427729e+01
  -1.9547390e+01
  -4.3458262e+01
   2.6705014e+01
  -2.1615702e+01
  -2.4475465e-01
  -1.4059625e+00
   1.8887691e+01
  -4.2351271e-01
   1.5735338e+01
   1.5447708e+01
  -4.4897261e+01
   2.9543659e+01
   2.1698630e+01
   1.3727674e+01
  -5.8484991e+00
   1.8806175e+01
   2.9449134e+01
   7.6251274e+00
   1.9951193e+01
  -4.8590164e+01
  -4.5839054e+01
   2.4872389e+01
  -3.4430728e+01
   2.4173093e+01
   7.2388383e-01
  -4.5413547e+01
   6.0505121e+00
  -3.6368099e+01
   1.5574368e+01
   2.9786431e+00
  -1.7918502e+01
   1.1773890e+01
  -4.6075203e+01
   5.8431857e+00
  -3.7757580e+01
   2.0356353e+01
  -4.6404259e+00
  -2.9309251e+01
  -2.6812905e+00
  -3.3100180e+01
  -3.5015109e+01
  -1.2940457e+01
  -9.4694318e+00
   1.2976732e+01
   1.2487745e+00
  -2.8525605e+01
   2.0044367e+01
  -3.1537055e-02
  -4.9753804e+01
   5.7245351e+00
   1.2030658e+01
   2.1588243e+01
  -1.9606126e+01
  -1.8710613e+00
  -1.6307295e+01
  -1.9499060e+01
   1.4509416e+01
   1.1493442e+01
  -3.1932576e+01
   1.0227043e+01
  -3.1640643e+01
   4.8432506e-01
  -4.7070697e+01
  -1.9511908e+00
  -3.7878824e+01
  -3.5836997e+01
  -1.6715512e+01
  -6.2260938e+00
  -1.7753317e+01
  -2.8092844e+01
  -2.7768981e+01
  -1.9267036e+00
   9.4108801e+00
  -3.9340210e+01
  -4.9373348e+01
  -2.1928031e+01
  -2.8141845e+01
   1.6729030e+01
  -1.9904440e+01
  -2.1787966e+01
   9.4899205e+00
   2.6108435e+01
   1.6970688e+01
  -1.1339260e+01
  -1.6869136e+01
  -9.3465291e+00
  -1.9115218e+01
  -2.2077453e+01
  -2.6349073e+00
  -2.3012722e+01
  -2.5050677e+00
  -4.5544188e+01
  -3.2223423e+01
   1.8220733e+01
  -4.4977852e+00
  -3.4386235e+01
   3.8047123e+00
   1.7950704e+01
  -2.3938405e+00
   1.1171075e+01
   2.5565473e+01
  -3.4019143e+01
  -1.5333251e+01
   1.2409787e+01
  -2.9442551e+01
  -5.2751637e+00
   3.4924932e-01
   1.4918043e+01
  -1.0616585e+01
  -3.6472082e+01
   1.6232543e+01
   1.2607633e+01
  -4.0433921e+01
   4.9846464e+00
  -5.7276527e+00
   4.9972642e+00
  -3.1153810e+00
  -1.2884197e+01
  -1.5778444e+01
  -4.7361677e+01
   1.4159139e+01
  -2.4960072e+01
   4.9452268e+00
  -2.5264937e+00
   9.5848943e+00
   2.4886660e+01
  -3.3369773e+01
   2.2857981e+01
  -5.7320249e+00
  -3.0469529e+01
   1.6243662e+01
  -1.7090781e+01
  -1.2446468e+00
   1.1050874e+01
   1.1415481e+01
  -6.6392341e+00
   1.4728423e+01
  -3.3943502e+01
   1.6765646e+00
  -1.9811884e+01
   1.4936972e+01
  -2.1005719e+01
   1.8592600e+01
  -3.7546741e+00
  -1.1138083e+01
  -4.4380280e+01
  -5.4363152e+00
  -4.5171678e+01
   1.5370427e+01
   1.6147226e+00
   1.0323542e+01
  -7.5470810e+00
  -4.8632136e+01
  -3.0428351e+01
   2.2337827e+01
  -1.9338130e+01
  -2.8729246e+01
   8.6021637e+00
  -4.3948604e+01
  -2.9068540e+01
   2.1005627e+01
   2.8358555e+01
   2.8755374e+01
   2.1106387e+01
   2.3742788e+01
  -1.0498266e+01
   1.8874734e+01
  -3.7931909e+01
   2.1987606e+01
   2.7728170e+01
  -3.9754271e+01
   3.9467716e+00
   2.1831051e+01
   1.2099835e+01
   1.0272019e+01
   7.1799078e+00
  -1.8448017e+01
  -1.3132929e+01
   1.7975866e+01
   1.1458852e+01
  -4.7241993e+01
  -4.9027289e+01
  -2.8604919e+01
  -3.5888285e+01
  -3.1868202e+01
   1.3330463e+01
   2.0810671e+01
   2.7382456e+01
  -2.8330776e+01
   1.9034848e+00
  -2.2259465e+01
   1.8149596e+01
  -3.6873703e+01
   1.3940813e+01
   2.4539809e+01
   2.1409512e+01
  -3.6210488e+01
  -2.7433147e+01
   1.1950556e+01
  -1.3926274e+01
  -4.5196379e+00
   6.2197813e+00
  -4.3886011e+01
   2.2982570e+01
  -3.6582150e+01
   4.5301469e+00
  -1.5161055e+01
   2.3167455e+01
  -4.9646898e+01
   1.2552791e+01
   2.7209028e+01
   1.6958918e+00
   1.6772377e+01
  -1.4164956e+01
  -1.8724647e+01
   1.7589421e+01
  -1.4500905e+01
  -2.2294899e+01
  -4.7783378e+01
   2.4853367e+01
  -9.7677636e+00
   1.6886656e+01
  -2.6503284e+01
  -2.0732938e+01
   6.0621992e+00
  -9.2845123e+00
  -2.7311039e+01
  -4.3217842e+01
  -2.9602783e+01
  -4.4960311e+01
  -3.2165380e+01
   2.0268463e+00
   6.8194016e+00
  -4.9075633e+01
  -2.2521000e+01
  -4.5762635e+01
   7.9699891e+00
  -3.8490502e+01
  -2.2487433e-01
  -1.8484722e+00
  -3.9085269e+01
  -3.9177922e+01
   2.2472941e+01
  -3.8801130e+01
  -3.9113007e+01
  -4.8240563e+01
   6.9382170e+00
   1.2206636e+01
  -2.3816073e+01
  -5.8151156e-01
  -3.9964697e+01
  -2.8747864e+01
   4.6329398e+00
  -2.2773971e+01
  -2.8341687e+01
  -2.1885415e+01
   1.8717886e+01
  -2.6535548e+01
  -7.4894623e+00
   8.3963723e+00
   2.4283782e+01
  -3.8123120e+01
  -1.0475771e+01
  -1.7587318e+01
  -3.2209718e+01
  -6.1452763e+00
  -3.9861308e-01
  -2.8767591e+01
   1.3077563e+01
   2.2755266e+00
  -2.3940879e+01
   2.6302413e+01
  -4.9285287e+01
  -1.1687640e+01
  -4.6068726e+01
   9.7741913e+00
  -4.8365794e+01
  -2.9855229e+01
  -2.7909347e+01
  -2.7871937e+01
   6.9579354e+00
  -9.0995215e-01
   2.9209687e+01
  -3.2780169e+00
  -4.7118138e+01
   2.2418411e+01
  -2.8586510e+01
   2.3046244e+01
  -5.6090865e+00
   2.2106366e+01
  -2.2837198e+01
   7.4242532e+00
  -8.6123797e+00
  -4.6981241e+01
  -3.3055522e+01
  -3.2011536e+01
  -3.4433304e+01
  -1.2614510e+01
   4.9178574e-01
  -4.3843128e+01
  -3.5865426e+01
   2.2994073e+01
  -3.9264036e+01
  -3.3038089e+01
   2.8851683e+01
  -4.1258137e+01
  -5.2952795e+00
  -4.1763519e+01
  -3.7900202e+01
  -6.7257776e+00
  -3.8824035e+01
  -3.7100973e+01
  -1.0502482e+01
  -3.2126147e+01
   1.3033686e+01
  -3.3772394e+01
   2.5207820e+01
  -1.8813437e+01
   1.5915072e+01
   2.4500496e+01
   3.2930051e+00
  -3.0676145e+01
  -1.2631646e+01
  -3.3712603e+01
   6.6905954e+00
   1.4946448e+01
   2.9195568e+01
  -1.5475528e+01
   1.8446989e+01
  -2.3170692e+01
  -3.3830456e+01
   1.6262564e+01
  -1.8330830e+01
   2.2638093e+01
   5.4015752e+00
  -4.7822642e+01
   2.8101693e+01
   1.6536267e-01
  -7.1463354e+00
  -3.3870882e+00
  -4.6350475e+01
   2.2108699e+01
  -4.8890116e+01
  -3.9790902e+01
  -2.0083240e+01
  -2.8585901e+01
  -4.9768884e+01
   5.8308887e+00
  -4.8429816e+01
   1.4974687e+01
  -3.7125857e+01
  -2.5703694e+01
   3.5949314e+00
  -3.7118859e+01
   1.3286690e+01
   1.0603564e+01
  -3.6647893e+01
  -4.6297705e+01
  -7.3738853e+00
   1.0622152e+01
   1.3524767e+01
   2.1552798e+01
  -4.8003177e+00
   1.3902518e+01
   1.3643214e+01
   3.2878703e+00
   2.8678713e+01
  -1.4767563e+01
   1.8011807e+01
   2.6947596e+01
  -3.9396423e+01
   2.1344247e+01
  -9.9407746e+00
  -3.4094807e+01
  -2.8475589e+01
  -2.5336161e+01
   1.9138350e+01
  -8.5197058e+00
  -3.5246625e+01
  -4.2479573e+01
  -4.7933173e+01
   1.9692825e+01
   2.3176829e+01
   2.2819181e+01
  -2.3958656e+01
  -2.0648347e+01
  -1.7807250e+01
  -3.5182013e+01
  -4.5115611e+01
  -9.1586332e+00
   1.5913252e+01
  -3.4563932e+01
  -1.6471366e+01
  -2.2844166e+01
   7.4372287e-01
   3.5482081e+00
  -2.6818396e+01
   1.0572317e+00
  -3.1893681e+01
  -3.7572896e+00
  -1.8651571e+01
  -2.9259621e+01
  -2.7620709e+01
   2.4324731e+01
  -2.0530948e+01
  -3.2215291e+01
   1.2248466e+01
  -4.7006172e+01
  -3.2404018e+01
   1.3470855e+01
  -2.0529033e+01
  -7.2236150e-01
   1.3900765e+01
  -4.6906077e+01
   6.6982418e+00
   1.3017048e+01
  -2.0129678e+01
  -8.0490855e+00
  -8.0326231e+00
   2.0295412e+01
   1.5308292e+01
  -8.4641148e+00
  -2.5759243e+01
  -3.6711639e+01
   2.4951624e+01
   1.2161580e+01
  -4.3857549e+01
  -4.9753811e+01
   1.9632346e+01
  -2.6725544e+00
  -3.6547534e+01
  -1.4407913e+01
  -1.5579295e+01
  -7.7078539e+00
   2.7544757e+01
   1.6926919e+01
  -3.4809536e+01
  -6.6324743e+00
   1.3375998e+01
  -5.4281299e+00
  -2.4147582e+01
   1.6599993e+01
  -2.0798843e+01
  -4.3252304e+01
  -1.1890958e+00
  -6.7003029e+00
   2.5545474e+01
   1.1903728e+01
   7.0804177e+00
   8.8942365e+00
  -1.0524138e+01
  -1.6764698e+01
  -6.9472829e-01
  -3.9238317e+00
  -3.4138951e+00
   2.8019065e+01
  -2.9725683e+00
  -1.0149743e+01
   2.8068312e+01
  -3.3505092e+00
  -3.2249108e+01
  -2.1172685e+01
  -4.1958644e+01
   2.8754561e+01
   8.5106082e+00
  -1.2778979e+01
  -1.9410772e+01
   1.4623950e+01
  -1.1587337e+01
  -1.8720937e+01
   1.4555323e+00
  -4.9431189e+01
   2.7068733e+01
   2.9949551e+01
  -6.0143850e+00
   9.3253227e+00
   2.9760751e+01
  -3.9752392e+01
  -4.2372730e+01
  -1.4741599e+01
   6.0033531e+00
  -4.8859281e+01
  -2.4216633e+00
  -1.4943963e+01
   1.1529506e+00
  -4.4549485e+01
   7.5711137e+00
  -4.2797127e+01
  -2.6770511e+01
  -1.1481375e+01
   1.9903769e+00
  -2.4158577e+01
   1.8770522e+01
  -4.9831004e+00
  -8.2033083e+00
   3.5185861e+00
   1.3400061e+01
  -2.6561628e+01
  -4.8067341e+01
  -2.5761217e+01
   3.4876606e+00
  -2.6967901e+01
  -4.0149148e+01
   8.1797097e+00
   1.3427383e+01
  -1.5042362e+01
  -1.3168588e+01
   2.0541918e+01
   2.2303385e+01
   8.3482282e+00
   1.3263193e+01
  -3.8918804e+01
  -2.8342407e+01
  -3.2711434e+01
   2.1883174e+01
   1.9448294e+01
   5.3113159e+00
   1.6882771e+01
  -2.9090901e+01
  -1.2568805e+01
  -3.7293886e+01
   1.4072224e+01
  -3.3948545e+01
   1.9841153e+00
   1.1802342e+01
   1.2539794e+01
  -3.8308353e+01
  -2.9072330e+01
  -1.9909537e+01
  -3.2233927e+01
   7.3824194e+00
   9.4478889e+00
   7.1535082e+00
  -4.0352003e+01
  -3.1210968e+01
   2.4511356e+01
   1.0785327e+01
  -2.0829498e+01
  -2.0574606e+01
   1.2606560e+01
   2.2936013e+01
  -2.7570544e+01
   2.5090394e+00
   2.5102864e+01
  -1.7493849e+01
  -4.5390542e+01
  -4.7127059e+01
  -2.5458571e+01
   2.5118033e+01
   8.8667306e+00
   1.8121884e+01
  -2.4810056e+01
  -2.3123467e+01
  -1.6297851e+00
  -2.5097455e+01
  -4.1495259e+01
   9.8577503e+00
  -3.0211825e+01
   2.3986643e+01
  -6.0913563e-01
  -1.1030783e+01
   2.9314090e+00
  -4.2715072e+01
  -2.9821059e+01
   1.0427115e+01
  -2.3863881e+01
   2.4851329e+01
   8.7086483e+00
  -4.1628711e+01
   2.3775555e+01
  -3.0829496e+01
  -8.8466785e+00
   5.7647304e+00
   1.5390948e-01
   3.5390713e+00
   1.0501758e+01
  -1.1160348e+01
  -3.6797820e+01
  -1.7254069e+01
  -1.2885738e+01
  -8.5125354e+00
   2.0381395e+01
   2.8649077e+01
   6.2266599e+00
  -4.7954169e+00
  -2.3499631e+01
  -2.2246662e+01
  -6.2852867e+00
   7.5877343e+00
   1.0417174e+01
   2.1485665e+01
   5.2394651e+00
   1.1761325e+01
  -7.7339149e+00
   7.3726457e-01
  -1.6573880e+01
  -2.7102373e+01
  -2.8234834e+01
   7.1687588e+00
  -1.2082685e+01
  -4.0702409e+01
   1.7253969e+01
  -4.8101707e+01
   1.8444426e-01
  -8.1726685e+00
  -2.2002776e+01
  -4.7242314e+00
  -3.3182772e+00
  -1.6345268e+01
   2.0879881e+01
   2.0014954e+01
  -1.4556411e+01
  -2.3931253e+01
   4.9746129e+00
   5.7808007e+00
   1.2509063e+01
   2.2861114e+01
  -4.8015655e+01
  -4.7158453e+01
  -4.6119329e+00
   2.0525487e+01
   2.8626118e+01
  -1.4179718e+01
  -1.5791792e+01
  -4.6925569e+01
   2.6588126e+01
   1.6847525e+00
   2.0079612e+01
   2.1052150e+01
  -3.2436115e+01
   1.4828728e+01
  -4.5923130e+01
   3.4744874e+00
  -6.3697945e+00
  -1.5123788e+01
   2.3249389e+01
  -1.5042291e+01
  -2.3048342e+01
  -1.0119542e+01
   1.2300311e+01
  -9.2741657e+00
   2.5390742e+01
   2.6201908e+01
  -2.9053010e+01
  -1.4237237e+01
  -3.0206669e+01
   2.4665367e+01
  -6.8502639e+00
  -4.7329383e+01
   1.1292851e+01
  -4.7163437e+01
  -4.4074235e+01
  -6.0846354e+00
  -3.3508395e+01
  -1.2285347e+01
  -2.3593942e+00
   2.2915377e+01
  -4.2245085e+01
  -3.8025577e+01
  -2.1975678e+01
  -4.1007030e+01
   1.4514364e+01
  -4.5095448e+01
  -4.9285640e+00
  -8.7366721e+00
  -2.5052560e+01
  -4.4430592e+01
  -2.4603433e+01
  -4.0626754e+01
  -4.9328972e+01
  -3.6927108e+01
   2.0698352e+01
  -4.5103347e+01
   2.6114284e+01
  -1.4163945e+01
  -4.3218751e+01
  -1.4223511e+01
  -3.6260832e+01
  -5.8314188e+00
  -3.9404984e+01
  -2.3240275e+01
  -5.3310223e+00
  -4.2524358e+01
  -4.9821607e+01
  -2.9507486e+01
   5.2791205e+00
   1.4890945e+01
  -4.8644319e+01
  -1.2224410e+01
  -2.8897978e+01
  -1.0241371e+01
   2.4322004e+01
   7.5614251e+00
   1.5998428e+01
  -4.9503664e+01
  -3.1636947e+01
   2.1526882e+01
   2.4997060e+01
   5.1861785e+00
  -1.2703588e+01
  -1.5821102e+01
  -4.0810932e+00
   2.2567513e+01
   1.4284718e+01
   1.3245813e+01
   6.8146363e+00
   2.5635241e+01
  -6.5407699e+00
   2.6318342e+01
  -1.0276122e+01
  -2.1911732e-01
   1.6401548e+01
  -5.3580882e-01
  -1.4422983e+01
  -2.9247091e+01
   7.9233749e+00
  -1.0518816e+01
  -3.1698968e+01
  -3.5396484e+01
   1.0955998e+01
   2.5581281e+01
  -2.8028364e+01
  -4.1117483e+01
  -2.1488449e+01
  -3.3306429e+01
   2.1628326e+00
   5.7167716e+00
  -2.5064695e+01
   2.9156223e+01
  -3.6198176e+01
   4.0283017e+00
  -4.5456997e+01
   5.6848705e+00
  -1.1649582e+01
  -5.7185768e+00
  -1.0101369e+01
  -2.1751076e+01
   7.5853834e+00
  -1.4321888e-01
  -3.5398463e+01
  -2.2249843e+01
  -1.8718152e+01
  -1.3734942e+00
  -4.2571451e+00
  -4.0444287e+01
  -2.2846590e+01
  -3.1796098e+01
   4.2503240e+00
   6.6143710e+00
  -1.0862191e+01
   1.2772853e+01
  -2.2804221e+01
  -2.3575941e+01
   2.2883247e-02
  -3.1102898e+01
   5.4546556e+00
   1.1515550e+01
  -1.1313990e+01
  -4.2918415e+00
   2.0447493e+01
  -1.6902600e+00
  -4.9295048e+01
  -2.7282673e+01
   1.5973434e+01
  -2.1538990e+01
  -3.5574742e+01
  -1.2992407e+01
   1.5031587e+01
   2.7265168e+01
  -1.1509440e+01
  -2.6163139e+01
   2.0096897e+01
   4.6826638e+00
   1.7820297e+01
   6.0659669e+00
  -9.6544047e+00
   1.0093049e+01
  -1.2412169e+01
   1.2945414e+01
  -2.2435864e+01
  -2.4316256e+00
  -1.0844138e+01
   1.6358716e+01
  -4.2855954e+01
  -4.3421319e+00
  -3.9689174e+01
   1.4211259e+01
  -4.5411763e+01
  -7.6731086e+00
  -1.6669664e+01
  -3.5378644e+01
  -3.2647859e+01
   2.0599270e+01
   2.3837552e+01
  -3.8361777e+01
  -4.6647885e+01
  -7.0777138e+00
   2.8309644e+01
  -1.3399030e+01
   1.7607462e+01
  -4.6308626e+00
  -8.5680346e-03
  -1.4206805e+01
  -4.7318047e+01
   1.2410939e+01
   7.3994758e+00
   2.6936793e+01
  -6.7272278e+00
  -1.7850324e+01
  -1.6182321e+01
  -3.3830068e+01
   1.4488132e+01
   2.9694588e-01
  -1.4960933e-01
  -3.8666125e+01
   1.0469395e+01
   4.3417761e+00
   2.8380447e+01
  -4.9952038e+01
   2.1312185e+01
  -4.2756753e+01
  -2.6406573e+01
   1.5859453e+01
  -7.9037180e+00
   4.5354838e+00
  -3.7323886e+01
  -3.6025726e+01
   2.5816247e+01
   4.5908417e+00
  -4.5315456e+01
  -4.2857949e+01
  -2.9718961e+01
  -3.2178257e+01
  -3.0655840e+01
   2.4988977e+01
  -4.8616792e+01
   1.4150466e+00
  -4.1083925e+01
  -3.1248857e+00
  -2.1622542e+01
   2.2570803e+01
  -2.5070284e+01
  -2.6430996e+01
  -4.1313893e+01
   9.2537431e+00
  -2.3345177e+01
   8.9973340e+00
  -2.4547889e+01
  -9.0119058e+00
  -1.5244292e+01
  -2.9850524e+01
   1.1386793e+01
  -3.0568595e+01
  -2.2765755e+01
   2.7503622e+01
  -3.2915561e+01
  -1.3419108e+01
   2.5928462e+01
   5.4539735e+00
   2.8784950e+01
   1.2402084e+01
  -4.5663654e+01
  -2.5460076e+01
  -1.2598658e+01
  -4.1363805e+01
   2.9022945e+01
  -4.5553008e+01
  -3.7899155e+01
  -4.0436905e+01
  -3.0168331e+01
  -9.7172304e+00
   2.2567547e+01
   2.9421454e+01
  -3.3650059e+01
  -2.1664846e+01
   1.3772149e+01
   1.2902644e+00
  -3.9792856e+01
  -3.8985085e+01
   2.0109907e+01
   4.7084972e+00
   1.6214663e+01
   1.8149991e+00
  -2.0242030e+01
   2.4525345e+01
  -1.7709910e+01
  -9.0663574e+00
  -1.1265545e+01
  -2.6050142e+01
  -2.7745149e+01
   2.6912664e+01
  -2.7303185e+00
   6.5821462e+00
  -2.8331028e+01
  -2.6521824e+01
  -1.9891904e+01
   1.2814229e+01
   2.6023567e+01
   9.4387968e+00
  -2.4587480e+01
  -3.6249212e+01
  -1.0717032e+01
  -1.0648789e+01
   7.0710548e+00
  -3.0836160e+01
   6.8678928e+00
   1.7347076e+01
  -2.1763249e+01
  -4.9206941e+01
   2.3098674e+00
   2.1894478e+01
   1.8193056e+01
  -3.7687169e+01
  -3.7590288e+01
  -3.5972411e+01
  -7.2837132e+00
  -4.2862939e+01
   5.5744273e+00
  -4.1731055e+01
   5.1082645e+00
  -5.5510878e+00
   2.5175163e+01
  -7.4804531e-01
  -7.8612429e+00
  -4.7958791e+01
   5.6825083e+00
  -1.2644359e+01
   2.1794418e+00
  -2.5887640e+01
  -3.2975914e+01
  -4.1418343e+01
  -3.7334304e+01
   2.1476619e+01
  -8.0338530e+00
   2.8564459e+01
   1.2561249e+01
  -3.7907792e+01
  -4.8593366e+01
   2.9929162e+01
  -1.8691104e+01
  -4.3543650e+01
  -1.4938095e+01
   1.9781191e+01
  -4.0256113e+01
  -1.1450758e+01
  -5.9008290e-01
  -3.5960112e+01
   1.1743403e+01
   6.6344771e+00
   2.5680542e+01
   1.1099390e+01
   2.1711763e+01
   2.8197338e+01
  -4.2182045e+01
  -3.6400062e+01
   1.5941263e+01
  -7.3386122e+00
  -1.3234124e+00
  -3.4364273e+01
  -1.2250505e+00
  -2.4766972e+01
  -2.0986535e+01
  -3.5261233e+01
  -2.7174190e+01
  -3.3435336e+01
  -2.8608164e+01
   8.3631380e+00
  -2.1861586e+01
  -3.3479268e+01
   2.1527241e+01
   2.9222276e+01
   2.0492287e+01
  -4.8953423e+01
  -1.8818012e+01
   7.1226523e+00
  -3.1451343e+01
  -9.9225446e+00
  -1.7342959e+01
  -4.9595281e+01
  -2.8184214e+01
  -4.9901736e+01
  -4.7161874e+01
   1.6301962e+01
   1.7468654e+01
  -8.9158908e+00
  -4.8839689e+01
   6.7390093e+00
   2.8145059e+01
  -2.7221283e+01
   6.3437410e+00
  -4.9077152e+01
   1.8544608e+01
   2.3199011e+01
  -1.6640707e+01
   1.0995608e+01
  -3.9821105e+01
  -3.8332477e+01
   2.4213627e+01
   1.6797159e+01
   1.9427729e+01
  -1.9547390e+01
  -4.3458262e+01
   2.6705014e+01
  -2.1615702e+01
  -2.4475465e-01
  -1.4059625e+00
   1.8887691e+01
  -4.2351271e-01
   1.5735338e+01
   1.5447708e+01
  -4.4897261e+01
   2.9543659e+01
   2.1698630e+01
   1.3727674e+01
  -5.8484991e+00
   1.8806175e+01
   2.9449134e+01
   7.6251274e+00
   1.9951193e+01
  -4.8590164e+01
  -4.5839054e+01
   2.4872389e+01
  -3.4430728e+01
   2.4173093e+01
   7.2388383e-01
  -4.5413547e+01
   6.0505121e+00
  -3.6368099e+01
   1.5574368e+01
   2.9786431e+00
  -1.7918502e+01
   1.1773890e+01
  -4.6075203e+01
   5.8431857e+00
  -3.7757580e+01
   2.0356353e+01
  -4.6404259e+00
  -2.9309251e+01
  -2.6812905e+00
  -3.3100180e+01
  -3.5015109e+01
  -1.2940457e+01
  -9.4694318e+00
   1.2976732e+01
   1.2487745e+00
  -2.8525605e+01
   2.0044367e+01
  -3.1537055e-02
  -4.9753804e+01
   5.7245351e+00
   1.2030658e+01
   2.1588243e+01
  -1.9606126e+01
  -1.8710613e+00
  -1.6307295e+01
  -1.9499060e+01
   1.4509416e+01
   1.1493442e+01
  -3.1932576e+01
   1.0227043e+01
  -3.1640643e+01
   4.8432506e-01
  -4.7070697e+01
  -1.9511908e+00
  -3.7878824e+01
  -3.5836997e+01
  -1.6715512e+01
  -6.2260938e+00
  -1.7753317e+01
  -2.8092844e+01
  -2.7768981e+01
  -1.9267036e+00
   9.4108801e+00
  -3.9340210e+01
  -4.9373348e+01
  -2.1928031e+01
  -2.8141845e+01
   1.6729030e+01
  -1.9904440e+01
  -2.1787966e+01
   9.4899205e+00
   2.6108435e+01
   1.6970688e+01
  -1.1339260e+01
  -1.6869136e+01
  -9.3465291e+00
  -1.9115218e+01
  -2.2077453e+01
  -2.6349073e+00
  -2.3012722e+01
  -2.5050677e+00
  -4.5544188e+01
  -3.2223423e+01
   1.8220733e+01
  -4.4977852e+00
  -3.4386235e+01
   3.8047123e+00
   1.7950704e+01
  -2.3938405e+00
   1.1171075e+01
   2.5565473e+01
  -3.4019143e+01
  -1.5333251e+01
   1.2409787e+01
  -2.9442551e+01
  -5.2751637e+00
   3.4924932e-01
   1.4918043e+01
  -1.0616585e+01
  -3.6472082e+01
   1.6232543e+01
   1.2607633e+01
  -4.0433921e+01
   4.9846464e+00
  -5.7276527e+00
   4.9972642e+00
  -3.1153810e+00
  -1.2884197e+01
  -1.5778444e+01
  -4.7361677e+01
   1.4159139e+01
  -2.4960072e+01
   4.9452268e+00
  -2.5264937e+00
   9.5848943e+00
   2.4886660e+01
  -3.3369773e+01
   2.2857981e+01
  -5.7320249e+00
  -3.0469529e+01
   1.6243662e+01
  -1.7090781e+01
  -1.2446468e+00
   1.1050874e+01
   1.1415481e+01
  -6.6392341e+00
   1.4728423e+01
  -3.3943502e+01
   1.6765646e+00
  -1.9811884e+01
   1.4936972e+01
  -2.1005719e+01
   1.8592600e+01
  -3.7546741e+00
  -1.1138083e+01
  -4.4380280e+01
  -5.4363152e+00
  -4.5171678e+01
   1.5370427e+01
   1.6147226e+00
   1.0323542e+01
  -7.5470810e+00
  -4.8632136e+01
  -3.0428351e+01
   2.2337827e+01
  -1.9338130e+01
  -2.8729246e+01
   8.6021637e+00
  -4.3948604e+01
  -2.9068540e+01
   2.1005627e+01
   2.8358555e+01
   2.8755374e+01
   2.1106387e+01
   2.3742788e+01
  -1.0498266e+01
   1.8874734e+01
  -3.7931909e+01
   2.1987606e+01
   2.7728170e+01
  -3.9754271e+01
   3.9467716e+00
   2.1831051e+01
   1.2099835e+01
   1.0272019e+01
   7.1799078e+00
  -1.8448017e+01
  -1.3132929e+01
   1.7975866e+01
   1.1458852e+01
  -4.7241993e+01
  -4.9027289e+01
  -2.8604919e+01
  -3.5888285e+01
  -3.1868202e+01
   1.3330463e+01
   2.0810671e+01
   2.7382456e+01
  -2.8330776e+01
   1.9034848e+00
  -2.2259465e+01
   1.8149596e+01
  -3.6873703e+01
   1.3940813e+01
   2.4539809e+01
   2.1409512e+01
  -3.6210488e+01
  -2.7433147e+01
   1.1950556e+01
  -1.3926274e+01
  -4.5196379e+00
   6.2197813e+00
  -4.3886011e+01
   2.2982570e+01
  -3.6582150e+01
   4.5301469e+00
  -1.5161055e+01
   2.3167455e+01
  -4.9646898e+01
   1.2552791e+01
   2.7209028e+01
   1.6958918e+00
   1.6772377e+01
  -1.4164956e+01
  -1.8724647e+01
   1.7589421e+01
  -1.4500905e+01
  -2.2294899e+01
  -4.7783378e+01
   2.4853367e+01
  -9.7677636e+00
   1.6886656e+01
  -2.6503284e+01
  -2.0732938e+01
   6.0621992e+00
  -9.2845123e+00
  -2.7311039e+01
  -4.3217842e+01
  -2.9602783e+01
  -4.4960311e+01
  -3.2165380e+01
   2.0268463e+00
   6.8194016e+00
  -4.9075633e+01
  -2.2521000e+01
  -4.5762635e+01
   7.9699891e+00
  -3.8490502e+01
  -2.2487433e-01
  -1.8484722e+00
  -3.9085269e+01
  -3.9177922e+01
   2.2472941e+01
  -3.8801130e+01
  -3.9113007e+01
  -4.8240563e+01
   6.9382170e+00
   1.2206636e+01
  -2.3816073e+01
  -5.8151156e-01
  -3.9964697e+01
  -2.8747864e+01
   4.6329398e+00
  -2.2773971e+01
  -2.8341687e+01
  -2.1885415e+01
   1.8717886e+01
  -2.6535548e+01
  -7.4894623e+00
   8.3963723e+00
   2.4283782e+01
  -3.8123120e+01
  -1.0475771e+01
  -1.7587318e+01
  -3.2209718e+01
  -6.1452763e+00
  -3.9861308e-01
  -2.8767591e+01
   1.3077563e+01
   2.2755266e+00
  -2.3940879e+01
   2.6302413e+01
  -4.9285287e+01
  -1.1687640e+01
  -4.6068726e+01
   9.7741913e+00
  -4.8365794e+01
  -2.9855229e+01
  -2.7909347e+01
  -2.7871937e+01
   6.9579354e+00
  -9.0995215e-01
   2.9209687e+01
  -3.2780169e+00
  -4.7118138e+01
   2.2418411e+01
  -2.8586510e+01
   2.3046244e+01
  -5.6090865e+00
   2.2106366e+01
  -2.2837198e+01
   7.4242532e+00
  -8.6123797e+00
  -4.6981241e+01
  -3.3055522e+01
  -3.2011536e+01
  -3.4433304e+01
  -1.2614510e+01
   4.9178574e-01
  -4.3843128e+01
  -3.5865426e+01
   2.2994073e+01
  -3.9264036e+01
  -3.3038089e+01
   2.8851683e+01
  -4.1258137e+01
  -5.2952795e+00
  -4.1763519e+01
  -3.7900202e+01
  -6.7257776e+00
  -3.8824035e+01
  -3.7100973e+01
  -1.0502482e+01
  -3.2126147e+01
   1.3033686e+01
  -3.3772394e+01
   2.5207820e+01
  -1.8813437e+01
   1.5915072e+01
   2.4500496e+01
   3.2930051e+00
  -3.0676145e+01
  -1.2631646e+01
  -3.3712603e+01
   6.6905954e+00
   1.4946448e+01
   2.9195568e+01
  -1.5475528e+01
   1.8446989e+01
  -2.3170692e+01
  -3.3830456e+01
   1.6262564e+01
  -1.8330830e+01
   2.2638093e+01
   5.4015752e+00
  -4.7822642e+01
   2.8101693e+01
   1.6536267e-01
  -7.1463354e+00
  -3.3870882e+00
  -4.6350475e+01
   2.2108699e+01
  -4.8890116e+01
  -3.9790902e+01
  -2.0083240e+01
  -2.8585901e+01
  -4.9768884e+01
   5.8308887e+00
  -4.8429816e+01
   1.4974687e+01
  -3.7125857e+01
  -2.5703694e+01
   3.5949314e+00
  -3.7118859e+01
   1.3286690e+01
   1.0603564e+01
  -3.6647893e+01
  -4.6297705e+01
  -7.3738853e+00
   1.0622152e+01
   1.3524767e+01
   2.1552798e+01
  -4.8003177e+00
   1.3902518e+01
   1.3643214e+01
   3.2878703e+00
   2.8678713e+01
  -1.4767563e+01
   1.8011807e+01
   2.6947596e+01
  -3.9396423e+01
   2.1344247e+01
  -9.9407746e+00
  -3.4094807e+01
  -2.8475589e+01
  -2.5336161e+01
   1.9138350e+01
  -8.5197058e+00
  -3.5246625e+01
  -4.2479573e+01
  -4.7933173e+01
   1.9692825e+01
   2.3176829e+01
   2.2819181e+01
  -2.3958656e+01
  -2.0648347e+01
  -1.7807250e+01
  -3.5182013e+01
  -4.5115611e+01
  -9.1586332e+00
   1.5913252e+01
  -3.4563932e+01
  -1.6471366e+01
  -2.2844166e+01
   7.4372287e-01
   3.5482081e+00
  -2.6818396e+01
   1.0572317e+00
  -3.1893681e+01
  -3.7572896e+00
  -1.8651571e+01
  -2.9259621e+01
  -2.7620709e+01
   2.4324731e+01
  -2.0530948e+01
  -3.2215291e+01
   1.2248466e+01
  -4.7006172e+01
  -3.2404018e+01
   1.3470855e+01
  -2.0529033e+01
  -7.2236150e-01
   1.3900765e+01
  -4.6906077e+01
   6.6982418e+00
   1.3017048e+01
  -2.0129678e+01
  -8.0490855e+00
  -8.0326231e+00
   2.0295412e+01
   1.5308292e+01
  -8.4641148e+00
  -2.5759243e+01
  -3.6711639e+01
   2.4951624e+01
   1.2161580e+01
  -4.3857549e+01
  -4.9753811e+01
   1.9632346e+01
  -2.6725544e+00
  -3.6547534e+01
  -1.4407913e+01
  -1.5579295e+01
  -7.7078539e+00
   2.7544757e+01
   1.6926919e+01
  -3.4809536e+01
  -6.6324743e+00
   1.3375998e+01
  -5.4281299e+00
  -2.4147582e+01
   1.6599993e+01
  -2.0798843e+01
  -4.3252304e+01
  -1.1890958e+00
  -6.7003029e+00
   2.5545474e+01
   1.1903728e+01
   7.0804177e+00
   8.8942365e+00
  -1.0524138e+01
  -1.6764698e+01
  -6.9472829e-01
  -3.9238317e+00
  -3.4138951e+00
   2.8019065e+01
  -2.9725683e+00
  -1.0149743e+01
   2.8068312e+01
  -3.3505092e+00
  -3.2249108e+01
  -2.1172685e+01
  -4.1958644e+01
   2.8754561e+01
   8.5106082e+00
  -1.2778979e+01
  -1.9410772e+01
   1.4623950e+01
  -1.1587337e+01
  -1.8720937e+01
   1.4555323e+00
  -4.9431189e+01
   2.7068733e+01
   2.9949551e+01
  -6.0143850e+00
   9.3253227e+00
   2.9760751e+01
  -3.9752392e+01
  -4.2372730e+01
  -1.4741599e+01
   6.0033531e+00
  -4.8859281e+01
  -2.4216633e+00
  -1.4943963e+01
   1.1529506e+00
  -4.4549485e+01
   7.5711137e+00
  -4.2797127e+01
  -2.6770511e+01
  -1.1481375e+01
   1.9903769e+00
  -2.4158577e+01
   1.8770522e+01
  -4.9831004e+00
  -8.2033083e+00
   3.5185861e+00
   1.3400061e+01
  -2.6561628e+01
  -4.8067341e+01
  -2.5761217e+01
   3.4876606e+00
  -2.6967901e+01
  -4.0149148e+01
   8.1797097e+00
   1.3427383e+01
  -1.5042362e+01
  -1.3168588e+01
   2.0541918e+01
   2.2303385e+01
   8.3482282e+00
   1.3263193e+01
  -3.8918804e+01
  -2.8342407e+01
  -3.2711434e+01
   2.1883174e+01
   1.9448294e+01
   5.3113159e+00
   1.6882771e+01
  -2.9090901e+01
  -1.2568805e+01
  -3.7293886e+01
   1.4072224e+01
  -3.3948545e+01
   1.9841153e+00
   1.1802342e+01
   1.2539794e+01
  -3.8308353e+01
  -2.9072330e+01
  -1.9909537e+01
  -3.2233927e+01
   7.3824194e+00
   9.4478889e+00
   7.1535082e+00
  -4.0352003e+01
  -3.1210968e+01
   2.4511356e+01
   1.0785327e+01
  -2.0829498e+01
  -2.0574606e+01
   1.2606560e+01
   2.2936013e+01
  -2.7570544e+01
   2.5090394e+00
   2.5102864e+01
  -1.7493849e+01
  -4.5390542e+01
  -4.7127059e+01
  -2.5458571e+01
   2.5118033e+01
   8.8667306e+00
   1.8121884e+01
  -2.4810056e+01
  -2.3123467e+01
  -1.6297851e+00
  -2.5097455e+01
  -4.1495259e+01
   9.8577503e+00
  -3.0211825e+01
   2.3986643e+01
  -6.0913563e-01
  -1.1030783e+01
   2.9314090e+00
  -4.2715072e+01
  -2.9821059e+01
   1.0427115e+01
  -2.3863881e+01
   2.4851329e+01
   8.7086483e+00
  -4.1628711e+01
   2.3775555e+01
  -3.0829496e+01
  -8.8466785e+00
   5.7647304e+00
   1.5390948e-01
   3.5390713e+00
   1.0501758e+01
  -1.1160348e+01
  -3.6797820e+01
  -1.7254069e+01
  -1.2885738e+01
  -8.5125354e+00
   2.0381395e+01
   2.8649077e+01
   6.2266599e+00
  -4.7954169e+00
  -2.3499631e+01
  -2.2246662e+01
  -6.2852867e+00
   7.5877343e+00
   1.0417174e+01
   2.1485665e+01
   5.2394651e+00
   1.1761325e+01
  -7.7339149e+00
   7.3726457e-01
  -1.6573880e+01
  -2.7102373e+01
  -2.8234834e+01
   7.1687588e+00
  -1.2082685e+01
  -4.0702409e+01
   1.7253969e+01
  -4.8101707e+01
   1.8444426e-01
  -8.1726685e+00
  -2.2002776e+01
  -4.7242314e+00
  -3.3182772e+00
  -1.6345268e+01
   2.0879881e+01
   2.0014954e+01
  -1.4556411e+01
  -2.3931253e+01
   4.9746129e+00
   5.7808007e+00
   1.2509063e+01
   2.2861114e+01
  -4.8015655e+01
  -4.7158453e+01
  -4.6119329e+00
   2.0525487e+01
   2.8626118e+01
  -1.4179718e+01
  -1.5791792e+01
  -4.6925569e+01
   2.6588126e+01
   1.6847525e+00
   2.0079612e+01
   2.1052150e+01
  -3.2436115e+01
   1.4828728e+01
  -4.5923130e+01
   3.4744874e+00
  -6.3697945e+00
  -1.5123788e+01
   2.3249389e+01
  -1.5042291e+01
  -2.3048342e+01
  -1.0119542e+01
   1.2300311e+01
  -9.2741657e+00
   2.5390742e+01
   2.6201908e+01
  -2.9053010e+01
  -1.4237237e+01
  -3.0206669e+01
   2.4665367e+01
  -6.8502639e+00
  -4.7329383e+01
   1.1292851e+01
  -4.7163437e+01
  -4.4074235e+01
  -6.0846354e+00
  -3.3508395e+01
  -1.2285347e+01
  -2.3593942e+00
   2.2915377e+01
  -4.2245085e+01
  -3.8025577e+01
  -2.1975678e+01
  -4.1007030e+01
   1.4514364e+01
  -4.5095448e+01
  -4.9285640e+00
  -8.7366721e+00
  -2.5052560e+01
  -4.4430592e+01
  -2.4603433e+01
  -4.0626754e+01
  -4.9328972e+01
  -3.6927108e+01
   2.0698352e+01
  -4.5103347e+01
   2.6114284e+01
  -1.4163945e+01
  -4.3218751e+01
  -1.4223511e+01
  -3.6260832e+01
  -5.8314188e+00
  -3.9404984e+01
  -2.3240275e+01
  -5.3310223e+00
  -4.2524358e+01
  -4.9821607e+01
  -2.9507486e+01
   5.2791205e+00
   1.4890945e+01
  -4.8644319e+01
  -1.2224410e+01
  -2.8897978e+01
  -1.0241371e+01
   2.4322004e+01
   7.5614251e+00
   1.5998428e+01
  -4.9503664e+01
  -3.1636947e+01
   2.1526882e+01
   2.4997060e+01
   5.1861785e+00
  -1.2703588e+01
  -1.5821102e+01
  -4.0810932e+00
   2.2567513e+01
   1.4284718e+01
   1.3245813e+01
   6.8146363e+00
   2.5635241e+01
  -6.5407699e+00
   2.6318342e+01
  -1.0276122e+01
  -2.1911732e-01
   1.6401548e+01
  -5.3580882e-01
  -1.4422983e+01
  -2.9247091e+01
   7.9233749e+00
  -1.0518816e+01
  -3.1698968e+01
  -3.5396484e+01
   1.0955998e+01
   2.5581281e+01
  -2.8028364e+01
  -4.1117483e+01
  -2.1488449e+01
  -3.3306429e+01
   2.1628326e+00
   5.7167716e+00
  -2.5064695e+01
   2.9156223e+01
  -3.6198176e+01
   4.0283017e+00
  -4.5456997e+01
   5.6848705e+00
  -1.1649582e+01
  -5.7185768e+00
  -1.0101369e+01
  -2.1751076e+01
   7.5853834e+00
  -1.4321888e-01
  -3.5398463e+01
  -2.2249843e+01
  -1.8718152e+01
  -1.3734942e+00
  -4.2571451e+00
  -4.0444287e+01
  -2.2846590e+01
  -3.1796098e+01
   4.2503240e+00
   6.6143710e+00
  -1.0862191e+01
   1.2772853e+01
  -2.2804221e+01
  -2.3575941e+01
   2.2883247e-02
  -3.1102898e+01
   5.4546556e+00
   1.1515550e+01
  -1.1313990e+01
  -4.2918415e+00
   2.0447493e+01
  -1.6902600e+00
  -4.9295048e+01
  -2.7282673e+01
   1.5973434e+01
  -2.1538990e+01
  -3.5574742e+01
  -1.2992407e+01
   1.5031587e+01
   2.7265168e+01
  -1.1509440e+01
  -2.6163139e+01
   2.0096897e+01
   4.6826638e+00
   1.7820297e+01
   6.0659669e+00
  -9.6544047e+00
   1.0093049e+01
  -1.2412169e+01
   1.2945414e+01
  -2.2435864e+01
  -2.4316256e+00
  -1.0844138e+01
   1.6358716e+01
  -4.2855954e+01
  -4.3421319e+00
  -3.9689174e+01
   1.4211259e+01
  -4.5411763e+01
  -7.6731086e+00
  -1.6669664e+01
  -3.5378644e+01
  -3.2647859e+01
   2.0599270e+01
   2.3837552e+01
  -3.8361777e+01
  -4.6647885e+01
  -7.0777138e+00
   2.8309644e+01
  -1.3399030e+01
   1.7607462e+01
  -4.6308626e+00
  -8.5680346e-03
  -1.4206805e+01
  -4.7318047e+01
   1.2410939e+01
   7.3994758e+00
   2.6936793e+01
  -6.7272278e+00
  -1.7850324e+01
  -1.6182321e+01
  -3.3830068e+01
   1.4488132e+01
   2.9694588e-01
  -1.4960933e-01
  -3.8666125e+01
   1.0469395e+01
   4.3417761e+00
   2.8380447e+01
  -4.9952038e+01
   2.1312185e+01
  -4.2756753e+01
  -2.6406573e+01
   1.5859453e+01
  -7.9037180e+00
   4.5354838e+00
  -3.7323886e+01
  -3.6025726e+01
   2.5816247e+01
   4.5908417e+00
  -4.5315456e+01
  -4.2857949e+01
  -2.9718961e+01
  -3.2178257e+01
  -3.0655840e+01
   2.4988977e+01
  -4.8616792e+01
   1.4150466e+00
  -4.1083925e+01
  -3.1248857e+00
  -2.1622542e+01
   2.2570803e+01
  -2.5070284e+01
  -2.6430996e+01
  -4.1313893e+01
   9.2537431e+00
  -2.3345177e+01
   8.9973340e+00
  -2.4547889e+01
  -9.0119058e+00
  -1.5244292e+01
  -2.9850524e+01
   1.1386793e+01
  -3.0568595e+01
  -2.2765755e+01
   2.7503622e+01
  -3.2915561e+01
  -1.3419108e+01
   2.5928462e+01
   5.4539735e+00
   2.8784950e+01
   1.2402084e+01
  -4.5663654e+01
  -2.5460076e+01
  -1.2598658e+01
  -4.1363805e+01
   2.9022945e+01
  -4.5553008e+01
  -3.7899155e+01
  -4.0436905e+01
  -3.0168331e+01
  -9.7172304e+00
   2.2567547e+01
   2.9421454e+01
  -3.3650059e+01
  -2.1664846e+01
   1.3772149e+01
   1.2902644e+00
  -3.9792856e+01
  -3.8985085e+01
   2.0109907e+01
   4.7084972e+00
   1.6214663e+01
   1.8149991e+00
  -2.0242030e+01
   2.4525345e+01
  -1.7709910e+01
  -9.0663574e+00
  -1.1265545e+01
  -2.6050142e+01
  -2.7745149e+01
   2.6912664e+01
  -2.7303185e+00
   6.5821462e+00
  -2.8331028e+01
  -2.6521824e+01
  -1.9891904e+01
   1.2814229e+01
   2.6023567e+01
   9.4387968e+00
  -2.4587480e+01
  -3.6249212e+01
  -1.0717032e+01
  -1.0648789e+01
   7.0710548e+00
  -3.0836160e+01
   6.8678928e+00
   1.7347076e+01
  -2.1763249e+01
  -4.9206941e+01
   2.3098674e+00
   2.1894478e+01
   1.8193056e+01
  -3.7687169e+01
  -3.7590288e+01
  -3.5972411e+01
  -7.2837132e+00
  -4.2862939e+01
   5.5744273e+00
  -4.1731055e+01
   5.1082645e+00
  -5.5510878e+00
   2.5175163e+01
  -7.4804531e-01
  -7.8612429e+00
  -4.7958791e+01
   5.6825083e+00
  -1.2644359e+01
   2.1794418e+00
  -2.5887640e+01
  -3.2975914e+01
  -4.1418343e+01
  -3.7334304e+01
   2.1476619e+01
  -8.0338530e+00
   2.8564459e+01
   1.2561249e+01
  -3.7907792e+01
  -4.8593366e+01
   2.9929162e+01
  -1.8691104e+01
  -4.3543650e+01
  -1.4938095e+01
   1.9781191e+01
  -4.0256113e+01
  -1.1450758e+01
  -5.9008290e-01
  -3.5960112e+01
   1.1743403e+01
   6.6344771e+00
   2.5680542e+01
   1.1099390e+01
   2.1711763e+01
   2.8197338e+01
  -4.2182045e+01
  -3.6400062e+01
   1.5941263e+01
  -7.3386122e+00
  -1.3234124e+00
  -3.4364273e+01
  -1.2250505e+00
  -2.4766972e+01
  -2.0986535e+01
  -3.5261233e+01
  -2.7174190e+01
  -3.3435336e+01
  -2.8608164e+01
   8.3631380e+00
  -2.1861586e+01
  -3.3479268e+01
   2.1527241e+01
   2.9222276e+01
   2.0492287e+01
  -4.8953423e+01
  -1.8818012e+01
   7.1226523e+00
  -3.1451343e+01
  -9.9225446e+00
  -1.7342959e+01
  -4.9595281e+01
  -2.8184214e+01
  -4.9901736e+01
  -4.7161874e+01
   1.6301962e+01
   1.7468654e+01
  -8.9158908e+00
  -4.8839689e+01
   6.7390093e+00
   2.8145059e+01
  -2.7221283e+01
   6.3437410e+00
  -4.9077152e+01
   1.8544608e+01
   2.3199011e+01
  -1.6640707e+01
   1.0995608e+01
  -3.9821105e+01
  -3.8332477e+01
   2.4213627e+01
   1.6797159e+01
   1.9427729e+01
  -1.9547390e+01
  -4.3458262e+01
   2.6705014e+01
  -2.1615702e+01
  -2.4475465e-01
  -1.4059625e+00
   1.8887691e+01
  -4.2351271e-01
   1.5735338e+01
   1.5447708e+01
  -4.4897261e+01
   2.9543659e+01
   2.1698630e+01
   1.3727674e+01
  -5.8484991e+00
   1.8806175e+01
   2.9449134e+01
   7.6251274e+00
   1.9951193e+01
  -4.8590164e+01
  -4.5839054e+01
   2.4872389e+01
  -3.4430728e+01
   2.4173093e+01
   7.2388383e-01
  -4.5413547e+01
   6.0505121e+00
  -3.6368099e+01
   1.5574368e+01
   2.9786431e+00
  -1.7918502e+01
   1.1773890e+01
  -4.6075203e+01
   5.8431857e+00
  -3.7757580e+01
   2.0356353e+01
  -4.6404259e+00
  -2.9309251e+01
  -2.6812905e+00
  -3.3100180e+01
  -3.5015109e+01
  -1.2940457e+01
  -9.4694318e+00
   1.2976732e+01
   1.2487745e+00
  -2.8525605e+01
   2.0044367e+01
  -3.1537055e-02
  -4.9753804e+01
   5.7245351e+00
   1.2030658e+01
   2.1588243e+01
  -1.9606126e+01
  -1.8710613e+00
  -1.6307295e+01
  -1.9499060e+01
   1.4509416e+01
   1.1493442e+01
  -3.1932576e+01
   1.0227043e+01
  -3.1640643e+01
   4.8432506e-01
  -4.7070697e+01
  -1.9511908e+00
  -3.7878824e+01
  -3.5836997e+01
  -1.6715512e+01
  -6.2260938e+00
  -1.7753317e+01
  -2.8092844e+01
  -2.7768981e+01
  -1.9267036e+00
   9.4108801e+00
  -3.9340210e+01
  -4.9373348e+01
  -2.1928031e+01
  -2.8141845e+01
   1.6729030e+01
  -1.9904440e+01
  -2.1787966e+01
   9.4899205e+00
   2.6108435e+01
   1.6970688e+01
  -1.1339260e+01
  -1.6869136e+01
  -9.3465291e+00
  -1.9115218e+01
  -2.2077453e+01
  -2.6349073e+00
  -2.3012722e+01
  -2.5050677e+00
  -4.5544188e+01
  -3.2223423e+01
   1.8220733e+01
  -4.4977852e+00
  -3.4386235e+01
   3.8047123e+00
   1.7950704e+01
  -2.3938405e+00
   1.1171075e+01
   2.5565473e+01
  -3.4019143e+01
  -1.5333251e+01
   1.2409787e+01
  -2.9442551e+01
  -5.2751637e+00
   3.4924932e-01
   1.4918043e+01
  -1.0616585e+01
  -3.6472082e+01
   1.6232543e+01
   1.2607633e+01
  -4.0433921e+01
   4.9846464e+00
  -5.7276527e+00
   4.9972642e+00
  -3.1153810e+00
  -1.2884197e+01
  -1.5778444e+01
  -4.7361677e+01
   1.4159139e+01
  -2.4960072e+01
   4.9452268e+00
  -2.5264937e+00
   9.5848943e+00
   2.4886660e+01
  -3.3369773e+01
   2.2857981e+01
  -5.7320249e+00
  -3.0469529e+01
   1.6243662e+01
  -1.7090781e+01
  -1.2446468e+00
   1.1050874e+01
   1.1415481e+01
  -6.6392341e+00
   1.4728423e+01
  -3.3943502e+01
   1.6765646e+00
  -1.9811884e+01
   1.4936972e+01
  -2.1005719e+01
   1.8592600e+01
  -3.7546741e+00
  -1.1138083e+01
  -4.4380280e+01
  -5.4363152e+00
  -4.5171678e+01
   1.5370427e+01
   1.6147226e+00
   1.0323542e+01
  -7.5470810e+00
  -4.8632136e+01
  -3.0428351e+01
   2.2337827e+01
  -1.9338130e+01
  -2.8729246e+01
   8.6021637e+00
  -4.3948604e+01
  -2.9068540e+01
   2.1005627e+01
   2.8358555e+01
   2.8755374e+01
   2.1106387e+01
   2.3742788e+01
  -1.0498266e+01
   1.8874734e+01
  -3.7931909e+01
   2.1987606e+01
   2.7728170e+01
  -3.9754271e+01
   3.9467716e+00
   2.1831051e+01
   1.2099835e+01
   1.0272019e+01
   7.1799078e+00
  -1.8448017e+01
  -1.3132929e+01
   1.7975866e+01
   1.1458852e+01
  -4.7241993e+01
  -4.9027289e+01
  -2.8604919e+01
  -3.5888285e+01
  -3.1868202e+01
   1.3330463e+01
   2.0810671e+01
   2.7382456e+01
  -2.8330776e+01
   1.9034848e+00
  -2.2259465e+01
   1.8149596e+01
  -3.6873703e+01
   1.3940813e+01
   2.4539809e+01
   2.1409512e+01
  -3.6210488e+01
  -2.7433147e+01
   1.1950556e+01
  -1.3926274e+01
  -4.5196379e+00
   6.2197813e+00
  -4.3886011e+01
   2.2982570e+01
  -3.6582150e+01
   4.5301469e+00
  -1.5161055e+01
   2.3167455e+01
  -4.9646898e+01
   1.2552791e+01
   2.7209028e+01
   1.6958918e+00
   1.6772377e+01
  -1.4164956e+01
  -1.8724647e+01
   1.7589421e+01
  -1.4500905e+01
  -2.2294899e+01
  -4.7783378e+01
   2.4853367e+01
  -9.7677636e+00
   1.6886656e+01
  -2.6503284e+01
  -2.0732938e+01
   6.0621992e+00
  -9.2845123e+00
  -2.7311039e+01
  -4.3217842e+01
  -2.9602783e+01
  -4.4960311e+01
  -3.2165380e+01
   2.0268463e+00
   6.8194016e+00
  -4.9075633e+01
  -2.2521000e+01
  -4.5762635e+01
   7.9699891e+00
  -3.8490502e+01
  -2.2487433e-01
  -1.8484722e+00
  -3.9085269e+01
  -3.9177922e+01
   2.2472941e+01
  -3.8801130e+01
  -3.9113007e+01
  -4.8240563e+01
   6.9382170e+00
   1.2206636e+01
  -2.3816073e+01
  -5.8151156e-01
  -3.9964697e+01
  -2.8747864e+01
   4.6329398e+00
  -2.2773971e+01
  -2.8341687e+01
  -2.1885415e+01
   1.8717886e+01
  -2.6535548e+01
  -7.4894623e+00
   8.3963723e+00
   2.4283782e+01
  -3.8123120e+01
  -1.0475771e+01
  -1.7587318e+01
  -3.2209718e+01
  -6.1452763e+00
  -3.9861308e-01
  -2.8767591e+01
   1.3077563e+01
   2.2755266e+00
  -2.3940879e+01
   2.6302413e+01
  -4.9285287e+01
  -1.1687640e+01
  -4.6068726e+01
   9.7741913e+00
  -4.8365794e+01
  -2.9855229e+01
  -2.7909347e+01
  -2.7871937e+01
   6.9579354e+00
  -9.0995215e-01
   2.9209687e+01
  -3.2780169e+00
  -4.7118138e+01
   2.2418411e+01
  -2.8586510e+01
   2.3046244e+01
  -5.6090865e+00
   2.2106366e+01
  -2.2837198e+01
   7.4242532e+00
  -8.6123797e+00
  -4.6981241e+01
  -3.3055522e+01
  -3.2011536e+01
  -3.4433304e+01
  -1.2614510e+01
   4.9178574e-01
  -4.3843128e+01
  -3.5865426e+01
   2.2994073e+01
  -3.9264036e+01
  -3.3038089e+01
   2.8851683e+01
  -4.1258137e+01
  -5.2952795e+00
  -4.1763519e+01
  -3.7900202e+01
  -6.7257776e+00
  -3.8824035e+01
  -3.7100973e+01
  -1.0502482e+01
  -3.2126147e+01
   1.3033686e+01
  -3.3772394e+01
   2.5207820e+01
  -1.8813437e+01
   1.5915072e+01
   2.4500496e+01
   3.2930051e+00
  -3.0676145e+01
  -1.2631646e+01
  -3.3712603e+01
   6.6905954e+00
   1.4946448e+01
   2.9195568e+01
  -1.5475528e+01
   1.8446989e+01
  -2.3170692e+01
  -3.3830456e+01
   1.6262564e+01
  -1.8330830e+01
   2.2638093e+01
   5.4015752e+00
  -4.7822642e+01
   2.8101693e+01
   1.6536267e-01
  -7.1463354e+00
  -3.3870882e+00
  -4.6350475e+01
   2.2108699e+01
  -4.8890116e+01
  -3.9790902e+01
  -2.0083240e+01
  -2.8585901e+01
  -4.9768884e+01
   5.8308887e+00
  -4.8429816e+01
   1.4974687e+01
  -3.7125857e+01
  -2.5703694e+01
   3.5949314e+00
  -3.7118859e+01
   1.3286690e+01
   1.0603564e+01
  -3.6647893e+01
  -4.6297705e+01
  -7.3738853e+00
   1.0622152e+01
   1.3524767e+01
   2.1552798e+01
  -4.8003177e+00
   1.3902518e+01
   1.3643214e+01
   3.2878703e+00
   2.8678713e+01
  -1.4767563e+01
   1.8011807e+01
   2.6947596e+01
  -3.9396423e+01
   2.1344247e+01
  -9.9407746e+00
  -3.4094807e+01
  -2.8475589e+01
  -2.5336161e+01
   1.9138350e+01
  -8.5197058e+00
  -3.5246625e+01
  -4.2479573e+01
  -4.7933173e+01
   1.9692825e+01
   2.3176829e+01
   2.2819181e+01
  -2.3958656e+01
  -2.0648347e+01
  -1.7807250e+01
  -3.5182013e+01
  -4.5115611e+01
  -9.1586332e+00
   1.5913252e+01
  -3.4563932e+01
  -1.6471366e+01
  -2.2844166e+01
   7.4372287e-01
   3.5482081e+00
  -2.6818396e+01
   1.0572317e+00
  -3.1893681e+01
  -3.7572896e+00
  -1.8651571e+01
  -2.9259621e+01
  -2.7620709e+01
   2.4324731e+01
  -2.0530948e+01
  -3.2215291e+01
   1.2248466e+01
  -4.7006172e+01
  -3.2404018e+01
   1.3470855e+01
  -2.0529033e+01
  -7.2236150e-01
   1.3900765e+01
  -4.6906077e+01
   6.6982418e+00
   1.3017048e+01
  -2.0129678e+01
  -8.0490855e+00
  -8.0326231e+00
   2.0295412e+01
   1.5308292e+01
  -8.4641148e+00
  -2.5759243e+01
  -3.6711639e+01
   2.4951624e+01
   1.2161580e+01
  -4.3857549e+01
  -4.9753811e+01
   1.9632346e+01
  -2.6725544e+00
  -3.6547534e+01
  -1.4407913e+01
  -1.5579295e+01
  -7.7078539e+00
   2.7544757e+01
   1.6926919e+01
  -3.4809536e+01
  -6.6324743e+00
   1.3375998e+01
  -5.4281299e+00
  -2.4147582e+01
   1.6599993e+01
  -2.0798843e+01
  -4.3252304e+01
  -1.1890958e+00
  -6.7003029e+00
   2.5545474e+01
   1.1903728e+01
   7.0804177e+00
   8.8942365e+00
  -1.0524138e+01
  -1.6764698e+01
  -6.9472829e-01
  -3.9238317e+00
  -3.4138951e+00
   2.8019065e+01
  -2.9725683e+00
  -1.0149743e+01
   2.8068312e+01
  -3.3505092e+00
  -3.2249108e+01
  -2.1172685e+01
  -4.1958644e+01
   2.8754561e+01
   8.5106082e+00
  -1.2778979e+01
  -1.9410772e+01
   1.4623950e+01
  -1.1587337e+01
  -1.8720937e+01
   1.4555323e+00
  -4.9431189e+01
   2.7068733e+01
   2.9949551e+01
  -6.0143850e+00
   9.3253227e+00
   2.9760751e+01
  -3.9752392e+01
  -4.2372730e+01
  -1.4741599e+01
   6.0033531e+00
  -4.8859281e+01
  -2.4216633e+00
  -1.4943963e+01
   1.1529506e+00
  -4.4549485e+01
   7.5711137e+00
  -4.2797127e+01
  -2.6770511e+01
  -1.1481375e+01
   1.9903769e+00
  -2.4158577e+01
   1.8770522e+01
  -4.9831004e+00
  -8.2033083e+00
   3.5185861e+00
   1.3400061e+01
  -2.6561628e+01
  -4.8067341e+01
  -2.5761217e+01
   3.4876606e+00
  -2.6967901e+01
  -4.0149148e+01
   8.1797097e+00
   1.3427383e+01
  -1.5042362e+01
  -1.3168588e+01
   2.0541918e+01
   2.2303385e+01
   8.3482282e+00
   1.3263193e+01
  -3.8918804e+01
  -2.8342407e+01
  -3.2711434e+01
   2.1883174e+01
   1.9448294e+01
   5.3113159e+00
   1.6882771e+01
  -2.9090901e+01
  -1.2568805e+01
  -3.7293886e+01
   1.4072224e+01
  -3.3948545e+01
   1.9841153e+00
   1.1802342e+01
   1.2539794e+01
  -3.8308353e+01
  -2.9072330e+01
  -1.9909537e+01
  -3.2233927e+01
   7.3824194e+00
   9.4478889e+00
   7.1535082e+00
  -4.0352003e+01
  -3.1210968e+01
   2.4511356e+01
   1.0785327e+01
  -2.0829498e+01
  -2.0574606e+01
   1.2606560e+01
   2.2936013e+01
  -2.7570544e+01
   2.5090394e+00
   2.5102864e+01
  -1.7493849e+01
  -4.5390542e+01
  -4.7127059e+01
  -2.5458571e+01
   2.5118033e+01
   8.8667306e+00
   1.8121884e+01
  -2.4810056e+01
  -2.3123467e+01
  -1.6297851e+00
  -2.5097455e+01
  -4.1495259e+01
   9.8577503e+00
  -3.0211825e+01
   2.3986643e+01
  -6.0913563e-01
  -1.1030783e+01
   2.9314090e+00
  -4.2715072e+01
  -2.9821059e+01
   1.0427115e+01
  -2.3863881e+01
   2.4851329e+01
   8.7086483e+00
  -4.1628711e+01
   2.3775555e+01
  -3.0829496e+01
  -8.8466785e+00
   5.7647304e+00
   1.5390948e-01
   3.5390713e+00
   1.0501758e+01
  -1.1160348e+01
  -3.6797820e+01
  -1.7254069e+01
  -1.2885738e+01
  -8.5125354e+00
   2.0381395e+01
   2.8649077e+01
   6.2266599e+00
  -4.7954169e+00
  -2.3499631e+01
  -2.2246662e+01
  -6.2852867e+00
   7.5877343e+00
   1.0417174e+01
   2.1485665e+01
   5.2394651e+00
   1.1761325e+01
  -7.7339149e+00
   7.3726457e-01
  -1.6573880e+01
  -2.7102373e+01
  -2.8234834e+01
   7.1687588e+00
  -1.2082685e+01
  -4.0702409e+01
   1.7253969e+01
  -4.8101707e+01
   1.8444426e-01
  -8.1726685e+00
  -2.2002776e+01
  -4.7242314e+00
  -3.3182772e+00
  -1.6345268e+01
   2.0879881e+01
   2.0014954e+01
  -1.4556411e+01
  -2.3931253e+01
   4.9746129e+00
   5.7808007e+00
   1.2509063e+01
   2.2861114e+01
  -4.8015655e+01
  -4.7158453e+01
  -4.6119329e+00
   2.0525487e+01
   2.8626118e+01
  -1.4179718e+01
  -1.5791792e+01
  -4.6925569e+01
   2.6588126e+01
   1.6847525e+00
   2.0079612e+01
   2.1052150e+01
  -3.2436115e+01
   1.4828728e+01
  -4.5923130e+01
   3.4744874e+00
  -6.3697945e+00
  -1.5123788e+01
   2.3249389e+01
  -1.5042291e+01
  -2.3048342e+01
  -1.0119542e+01
   1.2300311e+01
  -9.2741657e+00
   2.5390742e+01
   2.6201908e+01
  -2.9053010e+01
  -1.4237237e+01
  -3.0206669e+01
   2.4665367e+01
  -6.8502639e+00
  -4.7329383e+01
   1.1292851e+01
  -4.7163437e+01
  -4.4074235e+01
  -6.0846354e+00
  -3.3508395e+01
  -1.2285347e+01
  -2.3593942e+00
   2.2915377e+01
  -4.2245085e+01
  -3.8025577e+01
  -2.1975678e+01
  -4.1007030e+01
   1.4514364e+01
  -4.5095448e+01
  -4.9285640e+00
  -8.7366721e+00
  -2.5052560e+01
  -4.4430592e+01
  -2.4603433e+01
  -4.0626754e+01
  -4.9328972e+01
  -3.6927108e+01
   2.0698352e+01
  -4.5103347e+01
   2.6114284e+01
  -1.4163945e+01
  -4.3218751e+01
  -1.4223511e+01
  -3.6260832e+01
  -5.8314188e+00
  -3.9404984e+01
  -2.3240275e+01
  -5.3310223e+00
  -4.2524358e+01
  -4.9821607e+01
  -2.9507486e+01
   5.2791205e+00
   1.4890945e+01
  -4.8644319e+01
  -1.2224410e+01
  -2.8897978e+01
  -1.0241371e+01
   2.4322004e+01
   7.5614251e+00
   1.5998428e+01
  -4.9503664e+01
  -3.1636947e+01
   2.1526882e+01
   2.4997060e+01
   5.1861785e+00
  -1.2703588e+01
  -1.5821102e+01
  -4.0810932e+00
   2.2567513e+01
   1.4284718e+01
   1.3245813e+01
   6.8146363e+00
   2.5635241e+01
  -6.5407699e+00
   2.6318342e+01
  -1.0276122e+01
  -2.1911732e-01
   1.6401548e+01
  -5.3580882e-01
  -1.4422983e+01
  -2.9247091e+01
   7.9233749e+00
  -1.0518816e+01
  -3.1698968e+01
  -3.5396484e+01
   1.0955998e+01
   2.5581281e+01
  -2.8028364e+01
  -4.1117483e+01
  -2.1488449e+01
  -3.3306429e+01
   2.1628326e+00
   5.7167716e+00
  -2.5064695e+01
   2.9156223e+01
  -3.6198176e+01
   4.0283017e+00
  -4.5456997e+01
   5.6848705e+00
  -1.1649582e+01
  -5.7185768e+00
  -1.0101369e+01
  -2.1751076e+01
   7.5853834e+00
  -1.4321888e-01
  -3.5398463e+01
  -2.2249843e+01
  -1.8718152e+01
  -1.3734942e+00
  -4.2571451e+00
  -4.0444287e+01
  -2.2846590e+01
  -3.1796098e+01
   4.2503240e+00
   6.6143710e+00
  -1.0862191e+01
   1.2772853e+01
  -2.2804221e+01
  -2.3575941e+01
   2.2883247e-02
  -3.1102898e+01
   5.4546556e+00
   1.1515550e+01
  -1.1313990e+01
  -4.2918415e+00
   2.0447493e+01
  -1.6902600e+00
  -4.9295048e+01
  -2.7282673e+01
   1.5973434e+01
  -2.1538990e+01
  -3.5574742e+01
  -1.2992407e+01
   1.5031587e+01
   2.7265168e+01
  -1.1509440e+01
  -2.6163139e+01
   2.0096897e+01
   4.6826638e+00
   1.7820297e+01
   6.0659669e+00
  -9.6544047e+00
   1.0093049e+01
  -1.2412169e+01
   1.2945414e+01
  -2.2435864e+01
  -2.4316256e+00
  -1.0844138e+01
   1.6358716e+01
  -4.2855954e+01
  -4.3421319e+00
  -3.9689174e+01
   1.4211259e+01
  -4.5411763e+01
  -7.6731086e+00
  -1.6669664e+01
  -3.5378644e+01
  -3.2647859e+01
   2.0599270e+01
   2.3837552e+01
  -3.8361777e+01
  -4.6647885e+01
  -7.0777138e+00
   2.8309644e+01
  -1.3399030e+01
   1.7607462e+01
  -4.6308626e+00
  -8.5680346e-03
  -1.4206805e+01
  -4.7318047e+01
   1.2410939e+01
   7.3994758e+00
   2.6936793e+01
  -6.7272278e+00
  -1.7850324e+01
  -1.6182321e+01
  -3.3830068e+01
   1.4488132e+01
   2.9694588e-01
  -1.4960933e-01
  -3.8666125e+01
   1.0469395e+01
   4.3417761e+00
   2.8380447e+01
  -4.9952038e+01
   2.1312185e+01
  -4.2756753e+01
  -2.6406573e+01
   1.5859453e+01
  -7.9037180e+00
   4.5354838e+00
  -3.7323886e+01
  -3.6025726e+01
   2.5816247e+01
   4.5908417e+00
  -4.5315456e+01
  -4.2857949e+01
  -2.9718961e+01
  -3.2178257e+01
  -3.0655840e+01
   2.4988977e+01
  -4.8616792e+01
   1.4150466e+00
  -4.1083925e+01
  -3.1248857e+00
  -2.1622542e+01
   2.2570803e+01
  -2.5070284e+01
  -2.6430996e+01
  -4.1313893e+01
   9.2537431e+00
  -2.3345177e+01
   8.9973340e+00
  -2.4547889e+01
  -9.0119058e+00
  -1.5244292e+01
  -2.9850524e+01
   1.1386793e+01
  -3.0568595e+01
  -2.2765755e+01
   2.7503622e+01
  -3.2915561e+01
  -1.3419108e+01
   2.5928462e+01
   5.4539735e+00
   2.8784950e+01
   1.2402084e+01
  -4.5663654e+01
  -2.5460076e+01
  -1.2598658e+01
  -4.1363805e+01
   2.9022945e+01
  -4.5553008e+01
  -3.7899155e+01
  -4.0436905e+01
  -3.0168331e+01
  -9.7172304e+00
   2.2567547e+01
   2.9421454e+01
  -3.3650059e+01
  -2.1664846e+01
   1.3772149e+01
   1.2902644e+00
  -3.9792856e+01
  -3.8985085e+01
   2.0109907e+01
   4.7084972e+00
   1.6214663e+01
   1.8149991e+00
  -2.0242030e+01
   2.4525345e+01
  -1.7709910e+01
  -9.0663574e+00
  -1.1265545e+01
  -2.6050142e+01
  -2.7745149e+01
   2.6912664e+01
  -2.7303185e+00
   6.5821462e+00
  -2.8331028e+01
  -2.6521824e+01
  -1.9891904e+01
   1.2814229e+01
   2.6023567e+01
   9.4387968e+00
  -2.4587480e+01
  -3.6249212e+01
  -1.0717032e+01
  -1.0648789e+01
   7.0710548e+00
  -3.0836160e+01
   6.8678928e+00
   1.7347076e+01
  -2.1763249e+01
  -4.9206941e+01
   2.3098674e+00
   2.1894478e+01
   1.8193056e+01
  -3.7687169e+01
  -3.7590288e+01
  -3.5972411e+01
  -7.2837132e+00
  -4.2862939e+01
   5.5744273e+00
  -4.1731055e+01
   5.1082645e+00
  -5.5510878e+00
   2.5175163e+01
  -7.4804531e-01
  -7.8612429e+00
  -4.7958791e+01
   5.6825083e+00
  -1.2644359e+01
   2.1794418e+00
  -2.5887640e+01
  -3.2975914e+01
  -4.1418343e+01
  -3.7334304e+01
   2.1476619e+01
  -8.0338530e+00
   2.8564459e+01
   1.2561249e+01
  -3.7907792e+01
  -4.8593366e+01
   2.9929162e+01
  -1.8691104e+01
  -4.3543650e+01
  -1.4938095e+01
   1.9781191e+01
  -4.0256113e+01
  -1.1450758e+01
  -5.9008290e-01
  -3.5960112e+01
   1.1743403e+01
   6.6344771e+00
   2.5680542e+01
   1.1099390e+01
   2.1711763e+01
   2.8197338e+01
  -4.2182045e+01
  -3.6400062e+01
   1.5941263e+01
  -7.3386122e+00
  -1.3234124e+00
  -3.4364273e+01
  -1.2250505e+00
  -2.4766972e+01
  -2.0986535e+01
  -3.5261233e+01
  -2.7174190e+01
  -3.3435336e+01
  -2.8608164e+01
   8.3631380e+00
  -2.1861586e+01
  -3.3479268e+01
   2.1527241e+01
   2.9222276e+01
   2.0492287e+01
  -4.8953423e+01
  -1.8818012e+01
   7.1226523e+00
  -3.1451343e+01
  -9.9225446e+00
  -1.7342959e+01
  -4.9595281e+01
  -2.8184214e+01
  -4.9901736e+01
  -4.7161874e+01
   1.6301962e+01
   1.7468654e+01
  -8.9158908e+00
  -4.8839689e+01
   6.7390093e+00
   2.8145059e+01
  -2.7221283e+01
   6.3437410e+00
  -4.9077152e+01
   1.8544608e+01
   2.3199011e+01
  -1.6640707e+01
   1.0995608e+01
  -3.9821105e+01
  -3.8332477e+01
   2.4213627e+01
   1.6797159e+01
   1.9427729e+01
  -1.9547390e+01
  -4.3458262e+01
   2.6705014e+01
  -2.1615702e+01
  -2.4475465e-01
  -1.4059625e+00
   1.8887691e+01
  -4.2351271e-01
   1.5735338e+01
   1.5447708e+01
  -4.4897261e+01
   2.9543659e+01
   2.1698630e+01
   1.3727674e+01
  -5.8484991e+00
   1.8806175e+01
   2.9449134e+01
   7.6251274e+00
   1.9951193e+01
  -4.8590164e+01
  -4.5839054e+01
   2.4872389e+01
  -3.4430728e+01
   2.4173093e+01
   7.2388383e-01
  -4.5413547e+01
   6.0505121e+00
  -3.6368099e+01
   1.5574368e+01
   2.9786431e+00
  -1.7918502e+01
   1.1773890e+01
  -4.6075203e+01
   5.8431857e+00
  -3.7757580e+01
   2.0356353e+01
  -4.6404259e+00
  -2.9309251e+01
  -2.6812905e+00
  -3.3100180e+01
  -3.5015109e+01
  -1.2940457e+01
  -9.4694318e+00
   1.2976732e+01
   1.2487745e+00
  -2.8525605e+01
   2.0044367e+01
  -3.1537055e-02
  -4.9753804e+01
   5.7245351e+00
   1.2030658e+01
   2.1588243e+01
  -1.9606126e+01
  -1.8710613e+00
  -1.6307295e+01
  -1.9499060e+01
   1.4509416e+01
   1.1493442e+01
  -3.1932576e+01
   1.0227043e+01
  -3.1640643e+01
   4.8432506e-01
  -4.7070697e+01
  -1.9511908e+00
  -3.7878824e+01
  -3.5836997e+01
  -1.6715512e+01
  -6.2260938e+00
  -1.7753317e+01
  -2.8092844e+01
  -2.7768981e+01
  -1.9267036e+00
   9.4108801e+00
  -3.9340210e+01
  -4.9373348e+01
  -2.1928031e+01
  -2.8141845e+01
   1.6729030e+01
  -1.9904440e+01
  -2.1787966e+01
   9.4899205e+00
   2.6108435e+01
   1.6970688e+01
  -1.1339260e+01
  -1.6869136e+01
  -9.3465291e+00
  -1.9115218e+01
  -2.2077453e+01
  -2.6349073e+00
  -2.3012722e+01
  -2.5050677e+00
  -4.5544188e+01
  -3.2223423e+01
   1.8220733e+01
  -4.4977852e+00
  -3.4386235e+01
   3.8047123e+00
   1.7950704e+01
  -2.3938405e+00
   1.1171075e+01
   2.5565473e+01
  -3.4019143e+01
  -1.5333251e+01
   1.2409787e+01
  -2.9442551e+01
  -5.2751637e+00
   3.4924932e-01
   1.4918043e+01
  -1.0616585e+01
  -3.6472082e+01
   1.6232543e+01
   1.2607633e+01
  -4.0433921e+01
   4.9846464e+00
  -5.7276527e+00
   4.9972642e+00
  -3.1153810e+00
  -1.2884197e+01
  -1.5778444e+01
  -4.7361677e+01
   1.4159139e+01
  -2.4960072e+01
   4.9452268e+00
  -2.5264937e+00
   9.5848943e+00
   2.4886660e+01
  -3.3369773e+01
   2.2857981e+01
  -5.7320249e+00
  -3.0469529e+01
   1.6243662e+01
  -1.7090781e+01
  -1.2446468e+00
   1.1050874e+01
   1.1415481e+01
  -6.6392341e+00
   1.4728423e+01
  -3.3943502e+01
   1.6765646e+00
  -1.9811884e+01
   1.4936972e+01
  -2.1005719e+01
   1.8592600e+01
  -3.7546741e+00
  -1.1138083e+01
  -4.4380280e+01
  -5.4363152e+00
  -4.5171678e+01
   1.5370427e+01
   1.6147226e+00
   1.0323542e+01
  -7.5470810e+00
  -4.8632136e+01
  -3.0428351e+01
   2.2337827e+01
  -1.9338130e+01
  -2.8729246e+01
   8.6021637e+00
  -4.3948604e+01
  -2.9068540e+01
   2.1005627e+01
   2.8358555e+01
   2.8755374e+01
   2.1106387e+01
   2.3742788e+01
  -1.0498266e+01
   1.8874734e+01
  -3.7931909e+01
   2.1987606e+01
   2.7728170e+01
  -3.9754271e+01
   3.9467716e+00
   2.1831051e+01
   1.2099835e+01
   1.0272019e+01
   7.1799078e+00
  -1.8448017e+01
  -1.3132929e+01
   1.7975866e+01
   1.1458852e+01
  -4.7241993e+01
  -4.9027289e+01
  -2.8604919e+01
  -3.5888285e+01
  -3.1868202e+01
   1.3330463e+01
   2.0810671e+01
   2.7382456e+01
  -2.8330776e+01
   1.9034848e+00
  -2.2259465e+01
   1.8149596e+01
  -3.6873703e+01
   1.3940813e+01
   2.4539809e+01
   2.1409512e+01
  -3.6210488e+01
  -2.7433147e+01
   1.1950556e+01
  -1.3926274e+01
  -4.5196379e+00
   6.2197813e+00
  -4.3886011e+01
   2.2982570e+01
  -3.6582150e+01
   4.5301469e+00
  -1.5161055e+01
   2.3167455e+01
  -4.9646898e+01
   1.2552791e+01
   2.7209028e+01
   1.6958918e+00
   1.6772377e+01
  -1.4164956e+01
  -1.8724647e+01
   1.7589421e+01
  -1.4500905e+01
  -2.2294899e+01
  -4.7783378e+01
   2.4853367e+01
  -9.7677636e+00
   1.6886656e+01
  -2.6503284e+01
  -2.0732938e+01
   6.0621992e+00
  -9.2845123e+00
  -2.7311039e+01
  -4.3217842e+01
  -2.9602783e+01
  -4.4960311e+01
  -3.2165380e+01
   2.0268463e+00
   6.8194016e+00
  -4.9075633e+01
  -2.2521000e+01
  -4.5762635e+01
   7.9699891e+00
  -3.8490502e+01
  -2.2487433e-01
  -1.8484722e+00
  -3.9085269e+01
  -3.9177922e+01
   2.2472941e+01
  -3.8801130e+01
  -3.9113007e+01
  -4.8240563e+01
   6.9382170e+00
   1.2206636e+01
  -2.3816073e+01
  -5.8151156e-01
  -3.9964697e+01
  -2.8747864e+01
   4.6329398e+00
  -2.2773971e+01
  -2.8341687e+01
  -2.1885415e+01
   1.8717886e+01
  -2.6535548e+01
  -7.4894623e+00
   8.3963723e+00
   2.4283782e+01
  -3.8123120e+01
  -1.0475771e+01
  -1.7587318e+01
  -3.2209718e+01
  -6.1452763e+00
  -3.9861308e-01
  -2.8767591e+01
   1.3077563e+01
   2.2755266e+00
  -2.3940879e+01
   2.6302413e+01
  -4.9285287e+01
  -1.1687640e+01
  -4.6068726e+01
   9.7741913e+00
  -4.8365794e+01
  -2.9855229e+01
  -2.7909347e+01
  -2.7871937e+01
   6.9579354e+00
  -9.0995215e-01
   2.9209687e+01
  -3.2780169e+00
  -4.7118138e+01
   2.2418411e+01
  -2.8586510e+01
   2.3046244e+01
  -5.6090865e+00
   2.2106366e+01
  -2.2837198e+01
   7.4242532e+00
  -8.6123797e+00
  -4.6981241e+01
  -3.3055522e+01
  -3.2011536e+01
  -3.4433304e+01
  -1.2614510e+01
   4.9178574e-01
  -4.3843128e+01
  -3.5865426e+01
   2.2994073e+01
  -3.9264036e+01
  -3.3038089e+01
   2.8851683e+01
  -4.1258137e+01
  -5.2952795e+00
  -4.1763519e+01
  -3.7900202e+01
  -6.7257776e+00
  -3.8824035e+01
  -3.7100973e+01
  -1.0502482e+01
  -3.2126147e+01
   1.3033686e+01
  -3.3772394e+01
   2.5207820e+01
  -1.8813437e+01
   1.5915072e+01
   2.4500496e+01
   3.2930051e+00
  -3.0676145e+01
  -1.2631646e+01
  -3.3712603e+01
   6.6905954e+00
   1.4946448e+01
   2.9195568e+01
  -1.5475528e+01
   1.8446989e+01
  -2.3170692e+01
  -3.3830456e+01
   1.6262564e+01
  -1.8330830e+01
   2.2638093e+01
   5.4015752e+00
  -4.7822642e+01
   2.8101693e+01
   1.6536267e-01
  -7.1463354e+00
  -3.3870882e+00
  -4.6350475e+01
   2.2108699e+01
  -4.8890116e+01
  -3.9790902e+01
  -2.0083240e+01
  -2.8585901e+01
  -4.9768884e+01
   5.8308887e+00
  -4.8429816e+01
   1.4974687e+01
  -3.7125857e+01
  -2.5703694e+01
   3.5949314e+00
  -3.7118859e+01
   1.3286690e+01
   1.0603564e+01
  -3.6647893e+01
  -4.6297705e+01
  -7.3738853e+00
   1.0622152e+01
   1.3524767e+01
   2.1552798e+01
  -4.8003177e+00
   1.3902518e+01
   1.3643214e+01
   3.2878703e+00
   2.8678713e+01
  -1.4767563e+01
   1.8011807e+01
   2.6947596e+01
  -3.9396423e+01
   2.1344247e+01
  -9.9407746e+00
  -3.4094807e+01
  -2.8475589e+01
  -2.5336161e+01
   1.9138350e+01
  -8.5197058e+00
  -3.5246625e+01
  -4.2479573e+01
  -4.7933173e+01
   1.9692825e+01
   2.3176829e+01
   2.2819181e+01
  -2.3958656e+01
  -2.0648347e+01
  -1.7807250e+01
  -3.5182013e+01
  -4.5115611e+01
  -9.1586332e+00
   1.5913252e+01
  -3.4563932e+01
  -1.6471366e+01
  -2.2844166e+01
   7.4372287e-01
   3.5482081e+00
  -2.6818396e+01
   1.0572317e+00
  -3.1893681e+01
  -3.7572896e+00
  -1.8651571e+01
  -2.9259621e+01
  -2.7620709e+01
   2.4324731e+01
  -2.0530948e+01
  -3.2215291e+01
   1.2248466e+01
  -4.7006172e+01
  -3.2404018e+01
   1.3470855e+01
  -2.0529033e+01
  -7.2236150e-01
   1.3900765e+01
  -4.6906077e+01
   6.6982418e+00
   1.3017048e+01
  -2.0129678e+01
  -8.0490855e+00
  -8.0326231e+00
   2.0295412e+01
   1.5308292e+01
  -8.4641148e+00
  -2.5759243e+01
  -3.6711639e+01
   2.4951624e+01
   1.2161580e+01
  -4.3857549e+01
  -4.9753811e+01
   1.9632346e+01
  -2.6725544e+00
  -3.6547534e+01
  -1.4407913e+01
  -1.5579295e+01
  -7.7078539e+00
   2.7544757e+01
   1.6926919e+01
  -3.4809536e+01
  -6.6324743e+00
   1.3375998e+01
  -5.4281299e+00
  -2.4147582e+01
   1.6599993e+01
  -2.0798843e+01
  -4.3252304e+01
  -1.1890958e+00
  -6.7003029e+00
   2.5545474e+01
   1.1903728e+01
   7.0804177e+00
   8.8942365e+00
  -1.0524138e+01
  -1.6764698e+01
  -6.9472829e-01
  -3.9238317e+00
  -3.4138951e+00
   2.8019065e+01
  -2.9725683e+00
  -1.0149743e+01
   2.8068312e+01
  -3.3505092e+00
  -3.2249108e+01
  -2.1172685e+01
  -4.1958644e+01
   2.8754561e+01
   8.5106082e+00
  -1.2778979e+01
  -1.9410772e+01
   1.4623950e+01
  -1.1587337e+01
  -1.8720937e+01
   1.4555323e+00
  -4.9431189e+01
   2.7068733e+01
   2.9949551e+01
  -6.0143850e+00
   9.3253227e+00
   2.9760751e+01
  -3.9752392e+01
  -4.2372730e+01
  -1.4741599e+01
   6.0033531e+00
  -4.8859281e+01
  -2.4216633e+00
  -1.4943963e+01
   1.1529506e+00
  -4.4549485e+01
   7.5711137e+00
  -4.2797127e+01
  -2.6770511e+01
  -1.1481375e+01
   1.9903769e+00
  -2.4158577e+01
   1.8770522e+01
  -4.9831004e+00
  -8.2033083e+00
   3.5185861e+00
   1.3400061e+01
  -2.6561628e+01
  -4.8067341e+01
  -2.5761217e+01
   3.4876606e+00
  -2.6967901e+01
  -4.0149148e+01
   8.1797097e+00
   1.3427383e+01
  -1.5042362e+01
  -1.3168588e+01
   2.0541918e+01
   2.2303385e+01
   8.3482282e+00
   1.3263193e+01
  -3.8918804e+01
  -2.8342407e+01
  -3.2711434e+01
   2.1883174e+01
   1.9448294e+01
   5.3113159e+00
   1.6882771e+01
  -2.9090901e+01
  -1.2568805e+01
  -3.7293886e+01
   1.4072224e+01
  -3.3948545e+01
   1.9841153e+00
   1.1802342e+01
   1.2539794e+01
  -3.8308353e+01
  -2.9072330e+01
  -1.9909537e+01
  -3.2233927e+01
   7.3824194e+00
   9.4478889e+00
   7.1535082e+00
  -4.0352003e+01
  -3.1210968e+01
   2.4511356e+01
   1.0785327e+01
  -2.0829498e+01
  -2.0574606e+01
   1.2606560e+01
   2.2936013e+01
  -2.7570544e+01
   2.5090394e+00
   2.5102864e+01
  -1.7493849e+01
  -4.5390542e+01
  -4.7127059e+01
  -2.5458571e+01
   2.5118033e+01
   8.8667306e+00
   1.8121884e+01
  -2.4810056e+01
  -2.3123467e+01
  -1.6297851e+00
  -2.5097455e+01
  -4.1495259e+01
   9.8577503e+00
  -3.0211825e+01
   2.3986643e+01
  -6.0913563e-01
  -1.1030783e+01
   2.9314090e+00
  -4.2715072e+01
  -2.9821059e+01
   1.0427115e+01
  -2.3863881e+01
   2.4851329e+01
   8.7086483e+00
  -4.1628711e+01
   2.3775555e+01
  -3.0829496e+01
  -8.8466785e+00
   5.7647304e+00
   1.5390948e-01
   3.5390713e+00
   1.0501758e+01
  -1.1160348e+01
  -3.6797820e+01
  -1.7254069e+01
  -1.2885738e+01
  -8.5125354e+00
   2.0381395e+01
   2.8649077e+01
   6.2266599e+00
  -4.7954169e+00
  -2.3499631e+01
  -2.2246662e+01
  -6.2852867e+00
   7.5877343e+00
   1.0417174e+01
   2.1485665e+01
   5.2394651e+00
   1.1761325e+01
  -7.7339149e+00
   7.3726457e-01
  -1.6573880e+01
  -2.7102373e+01
  -2.8234834e+01
   7.1687588e+00
  -1.2082685e+01
  -4.0702409e+01
   1.7253969e+01
  -4.8101707e+01
   1.8444426e-01
  -8.1726685e+00
  -2.2002776e+01
  -4.7242314e+00
  -3.3182772e+00
  -1.6345268e+01
   2.0879881e+01
   2.0014954e+01
  -1.4556411e+01
  -2.3931253e+01
   4.9746129e+00
   5.7808007e+00
   1.2509063e+01
   2.2861114e+01
  -4.8015655e+01
  -4.7158453e+01
  -4.6119329e+00
   2.0525487e+01
   2.8626118e+01
  -1.4179718e+01
  -1.5791792e+01
  -4.6925569e+01
   2.6588126e+01
   1.6847525e+00
   2.0079612e+01
   2.1052150e+01
  -3.2436115e+01
   1.4828728e+01
  -4.5923130e+01
   3.4744874e+00
  -6.3697945e+00
  -1.5123788e+01
   2.3249389e+01
  -1.5042291e+01
  -2.3048342e+01
  -1.0119542e+01
   1.2300311e+01
  -9.2741657e+00
   2.5390742e+01
   2.6201908e+01
  -2.9053010e+01
  -1.4237237e+01
  -3.0206669e+01
   2.4665367e+01
  -6.8502639e+00
  -4.7329383e+01
   1.1292851e+01
  -4.7163437e+01
  -4.4074235e+01
  -6.0846354e+00
  -3.3508395e+01
  -1.2285347e+01
  -2.3593942e+00
   2.2915377e+01
  -4.2245085e+01
  -3.8025577e+01
  -2.1975678e+01
  -4.1007030e+01
   1.4514364e+01
  -4.5095448e+01
  -4.9285640e+00
  -8.7366721e+00
  -2.5052560e+01
  -4.4430592e+01
  -2.4603433e+01
  -4.0626754e+01
  -4.9328972e+01
  -3.6927108e+01
   2.0698352e+01
  -4.5103347e+01
   2.6114284e+01
  -1.4163945e+01
  -4.3218751e+01
  -1.4223511e+01
  -3.6260832e+01
  -5.8314188e+00
  -3.9404984e+01
  -2.3240275e+01
  -5.3310223e+00
  -4.2524358e+01
  -4.9821607e+01
  -2.9507486e+01
   5.2791205e+00
   1.4890945e+01
  -4.8644319e+01
  -1.2224410e+01
  -2.8897978e+01
  -1.0241371e+01
   2.4322004e+01
   7.5614251e+00
   1.5998428e+01
  -4.9503664e+01
  -3.1636947e+01
   2.1526882e+01
   2.4997060e+01
   5.1861785e+00
  -1.2703588e+01
  -1.5821102e+01
  -4.0810932e+00
   2.2567513e+01
   1.4284718e+01
   1.3245813e+01
   6.8146363e+00
   2.5635241e+01
  -6.5407699e+00
   2.6318342e+01
  -1.0276122e+01
  -2.1911732e-01
   1.6401548e+01
  -5.3580882e-01
  -1.4422983e+01
  -2.9247091e+01
   7.9233749e+00
  -1.0518816e+01
  -3.1698968e+01
  -3.5396484e+01
   1.0955998e+01
   2.5581281e+01
  -2.8028364e+01
  -4.1117483e+01
  -2.1488449e+01
  -3.3306429e+01
   2.1628326e+00
   5.7167716e+00
  -2.5064695e+01
   2.9156223e+01
  -3.6198176e+01
   4.0283017e+00
  -4.5456997e+01
   5.6848705e+00
  -1.1649582e+01
  -5.7185768e+00
  -1.0101369e+01
  -2.1751076e+01
   7.5853834e+00
  -1.4321888e-01
  -3.5398463e+01
  -2.2249843e+01
  -1.8718152e+01
  -1.3734942e+00
  -4.2571451e+00
  -4.0444287e+01
  -2.2846590e+01
  -3.1796098e+01
   4.2503240e+00
   6.6143710e+00
  -1.0862191e+01
   1.2772853e+01
  -2.2804221e+01
  -2.3575941e+01
   2.2883247e-02
  -3.1102898e+01
   5.4546556e+00
   1.1515550e+01
  -1.1313990e+01
  -4.2918415e+00
   2.0447493e+01
  -1.6902600e+00
  -4.9295048e+01
  -2.7282673e+01
   1.5973434e+01
  -2.1538990e+01
  -3.5574742e+01
  -1.2992407e+01
   1.5031587e+01
   2.7265168e+01
  -1.1509440e+01
  -2.6163139e+01
   2.0096897e+01
   4.6826638e+00
   1.7820297e+01
   6.0659669e+00
  -9.6544047e+00
   1.0093049e+01
  -1.2412169e+01
   1.2945414e+01
  -2.2435864e+01
  -2.4316256e+00
  -1.0844138e+01
   1.6358716e+01
  -4.2855954e+01
  -4.3421319e+00
  -3.9689174e+01
   1.4211259e+01
  -4.5411763e+01
  -7.6731086e+00
  -1.6669664e+01
  -3.5378644e+01
  -3.2647859e+01
   2.0599270e+01
   2.3837552e+01
  -3.8361777e+01
  -4.6647885e+01
  -7.0777138e+00
   2.8309644e+01
  -1.3399030e+01
   1.7607462e+01
  -4.6308626e+00
  -8.5680346e-03
  -1.4206805e+01
  -4.7318047e+01
   1.2410939e+01
   7.3994758e+00
   2.6936793e+01
  -6.7272278e+00
  -1.7850324e+01
  -1.6182321e+01
  -3.3830068e+01
   1.4488132e+01
   2.9694588e-01
  -1.4960933e-01
  -3.8666125e+01
   1.0469395e+01
   4.3417761e+00
   2.8380447e+01
  -4.9952038e+01
   2.1312185e+01
  -4.2756753e+01
  -2.6406573e+01
   1.5859453e+01
  -7.9037180e+00
   4.5354838e+00
  -3.7323886e+01
  -3.6025726e+01
   2.5816247e+01
   4.5908417e+00
  -4.5315456e+01
  -4.2857949e+01
  -2.9718961e+01
  -3.2178257e+01
  -3.0655840e+01
   2.4988977e+01
  -4.8616792e+01
   1.4150466e+00
  -4.1083925e+01
  -3.1248857e+00
  -2.1622542e+01
   2.2570803e+01
  -2.5070284e+01
  -2.6430996e+01
  -4.1313893e+01
   9.2537431e+00
  -2.3345177e+01
   8.9973340e+00
  -2.4547889e+01
  -9.0119058e+00
  -1.5244292e+01
  -2.9850524e+01
   1.1386793e+01
  -3.0568595e+01
  -2.2765755e+01
   2.7503622e+01
  -3.2915561e+01
  -1.3419108e+01
   2.5928462e+01
   5.4539735e+00
   2.8784950e+01
   1.2402084e+01
  -4.5663654e+01
  -2.5460076e+01
  -1.2598658e+01
  -4.1363805e+01
   2.9022945e+01
  -4.5553008e+01
  -3.7899155e+01
  -4.0436905e+01
  -3.0168331e+01
  -9.7172304e+00
   2.2567547e+01
   2.9421454e+01
  -3.3650059e+01
  -2.1664846e+01
   1.3772149e+01
   1.2902644e+00
  -3.9792856e+01
  -3.8985085e+01
   2.0109907e+01
   4.7084972e+00
   1.6214663e+01
   1.8149991e+00
  -2.0242030e+01
   2.4525345e+01
  -1.7709910e+01
  -9.0663574e+00
  -1.1265545e+01
  -2.6050142e+01
  -2.7745149e+01
   2.6912664e+01
  -2.7303185e+00
   6.5821462e+00
  -2.8331028e+01
  -2.6521824e+01
  -1.9891904e+01
   1.2814229e+01
   2.6023567e+01
   9.4387968e+00
  -2.4587480e+01
  -3.6249212e+01
  -1.0717032e+01
  -1.0648789e+01
   7.0710548e+00
  -3.0836160e+01
   6.8678928e+00
   1.7347076e+01
  -2.1763249e+01
  -4.9206941e+01
   2.3098674e+00
   2.1894478e+01
   1.8193056e+01
  -3.7687169e+01
  -3.7590288e+01
  -3.5972411e+01
  -7.2837132e+00
  -4.2862939e+01
   5.5744273e+00
  -4.1731055e+01
   5.1082645e+00
  -5.5510878e+00
   2.5175163e+01
  -7.4804531e-01
  -7.8612429e+00
  -4.7958791e+01
   5.6825083e+00
  -1.2644359e+01
   2.1794418e+00
  -2.5887640e+01
  -3.2975914e+01
  -4.1418343e+01
  -3.7334304e+01
   2.1476619e+01
  -8.0338530e+00
   2.8564459e+01
   1.2561249e+01
  -3.7907792e+01
  -4.8593366e+01
   2.9929162e+01
  -1.8691104e+01
  -4.3543650e+01
  -1.4938095e+01
   1.9781191e+01
  -4.0256113e+01
  -1.1450758e+01
  -5.9008290e-01
  -3.5960112e+01
   1.1743403e+01
   6.6344771e+00
   2.5680542e+01
   1.1099390e+01
   2.1711763e+01
   2.8197338e+01
  -4.2182045e+01
  -3.6400062e+01
   1.5941263e+01
  -7.3386122e+00
  -1.3234124e+00
  -3.4364273e+01
  -1.2250505e+00
  -2.4766972e+01
  -2.0986535e+01
  -3.5261233e+01
  -2.7174190e+01
  -3.3435336e+01
  -2.8608164e+01
   8.3631380e+00
  -2.1861586e+01
  -3.3479268e+01
   2.1527241e+01
   2.9222276e+01
   2.0492287e+01
  -4.8953423e+01
  -1.8818012e+01
   7.1226523e+00
  -3.1451343e+01
  -9.9225446e+00
  -1.7342959e+01
  -4.9595281e+01
  -2.8184214e+01
  -4.9901736e+01
  -4.7161874e+01
   1.6301962e+01
   1.7468654e+01
  -8.9158908e+00
  -4.8839689e+01
   6.7390093e+00
   2.8145059e+01
  -2.7221283e+01
   6.3437410e+00
  -4.9077152e+01
   1.8544608e+01
   2.3199011e+01
  -1.6640707e+01
   1.0995608e+01
  -3.9821105e+01
  -3.8332477e+01
   2.4213627e+01
   1.6797159e+01
   1.9427729e+01
  -1.9547390e+01
  -4.3458262e+01
   2.6705014e+01
  -2.1615702e+01
  -2.4475465e-01
  -1.4059625e+00
   1.8887691e+01
  -4.2351271e-01
   1.5735338e+01
   1.5447708e+01
  -4.4897261e+01
   2.9543659e+01
   2.1698630e+01
   1.3727674e+01
  -5.8484991e+00
   1.8806175e+01
   2.9449134e+01
   7.6251274e+00
   1.9951193e+01
  -4.8590164e+01
  -4.5839054e+01
   2.4872389e+01
  -3.4430728e+01
   2.4173093e+01
   7.2388383e-01
  -4.5413547e+01
   6.0505121e+00
  -3.6368099e+01
   1.5574368e+01
   2.9786431e+00
  -1.7918502e+01
   1.1773890e+01
  -4.6075203e+01
   5.8431857e+00
  -3.7757580e+01
   2.0356353e+01
  -4.6404259e+00
  -2.9309251e+01
  -2.6812905e+00
  -3.3100180e+01
  -3.5015109e+01
  -1.2940457e+01
  -9.4694318e+00
   1.2976732e+01
   1.2487745e+00
  -2.8525605e+01
   2.0044367e+01
  -3.1537055e-02
  -4.9753804e+01
   5.7245351e+00
   1.2030658e+01
   2.1588243e+01
  -1.9606126e+01
  -1.8710613e+00
  -1.6307295e+01
  -1.9499060e+01
   1.4509416e+01
   1.1493442e+01
  -3.1932576e+01
   1.0227043e+01
  -3.1640643e+01
   4.8432506e-01
  -4.7070697e+01
  -1.9511908e+00
  -3.7878824e+01
  -3.5836997e+01
  -1.6715512e+01
  -6.2260938e+00
  -1.7753317e+01
  -2.8092844e+01
  -2.7768981e+01
  -1.9267036e+00
   9.4108801e+00
  -3.9340210e+01
  -4.9373348e+01
  -2.1928031e+01
  -2.8141845e+01
   1.6729030e+01
  -1.9904440e+01
  -2.1787966e+01
   9.4899205e+00
   2.6108435e+01
   1.6970688e+01
  -1.1339260e+01
  -1.6869136e+01
  -9.3465291e+00
  -1.9115218e+01
  -2.2077453e+01
  -2.6349073e+00
  -2.3012722e+01
  -2.5050677e+00
  -4.5544188e+01
  -3.2223423e+01
   1.8220733e+01
  -4.4977852e+00
  -3.4386235e+01
   3.8047123e+00
   1.7950704e+01
  -2.3938405e+00
   1.1171075e+01
   2.5565473e+01
  -3.4019143e+01
  -1.5333251e+01
   1.2409787e+01
  -2.9442551e+01
  -5.2751637e+00
   3.4924932e-01
   1.4918043e+01
  -1.0616585e+01
  -3.6472082e+01
   1.6232543e+01
   1.2607633e+01
  -4.0433921e+01
   4.9846464e+00
  -5.7276527e+00
   4.9972642e+00
  -3.1153810e+00
  -1.2884197e+01
  -1.5778444e+01
  -4.7361677e+01
   1.4159139e+01
  -2.4960072e+01
   4.9452268e+00
  -2.5264937e+00
   9.5848943e+00
   2.4886660e+01
  -3.3369773e+01
   2.2857981e+01
  -5.7320249e+00
  -3.0469529e+01
   1.6243662e+01
  -1.7090781e+01
  -1.2446468e+00
   1.1050874e+01
   1.1415481e+01
  -6.6392341e+00
   1.4728423e+01
  -3.3943502e+01
   1.6765646e+00
  -1.9811884e+01
   1.4936972e+01
  -2.1005719e+01
   1.8592600e+01
  -3.7546741e+00
  -1.1138083e+01
  -4.4380280e+01
  -5.4363152e+00
  -4.5171678e+01
   1.5370427e+01
   1.6147226e+00
   1.0323542e+01
  -7.5470810e+00
  -4.8632136e+01
  -3.0428351e+01
   2.2337827e+01
  -1.9338130e+01
  -2.8729246e+01
   8.6021637e+00
  -4.3948604e+01
  -2.9068540e+01
   2.1005627e+01
   2.8358555e+01
   2.8755374e+01
   2.1106387e+01
   2.3742788e+01
  -1.0498266e+01
   1.8874734e+01
  -3.7931909e+01
   2.1987606e+01
   2.7728170e+01
  -3.9754271e+01
   3.9467716e+00
   2.1831051e+01
   1.2099835e+01
   1.0272019e+01
   7.1799078e+00
  -1.8448017e+01
  -1.3132929e+01
   1.7975866e+01
   1.1458852e+01
  -4.7241993e+01
  -4.9027289e+01
  -2.8604919e+01
  -3.5888285e+01
  -3.1868202e+01
   1.3330463e+01
   2.0810671e+01
   2.7382456e+01
  -2.8330776e+01
   1.9034848e+00
  -2.2259465e+01
   1.8149596e+01
  -3.6873703e+01
   1.3940813e+01
   2.4539809e+01
   2.1409512e+01
  -3.6210488e+01
  -2.7433147e+01
   1.1950556e+01
  -1.3926274e+01
  -4.5196379e+00
   6.2197813e+00
  -4.3886011e+01
   2.2982570e+01
  -3.6582150e+01
   4.5301469e+00
  -1.5161055e+01
   2.3167455e+01
  -4.9646898e+01
   1.2552791e+01
   2.7209028e+01
   1.6958918e+00
   1.6772377e+01
  -1.4164956e+01
  -1.8724647e+01
   1.7589421e+01
  -1.4500905e+01
  -2.2294899e+01
  -4.7783378e+01
   2.4853367e+01
  -9.7677636e+00
   1.6886656e+01
  -2.6503284e+01
  -2.0732938e+01
   6.0621992e+00
  -9.2845123e+00
  -2.7311039e+01
  -4.3217842e+01
  -2.9602783e+01
  -4.4960311e+01
  -3.2165380e+01
   2.0268463e+00
   6.8194016e+00
  -4.9075633e+01
  -2.2521000e+01
  -4.5762635e+01
   7.9699891e+00
  -3.8490502e+01
  -2.2487433e-01
  -1.8484722e+00
  -3.9085269e+01
  -3.9177922e+01
   2.2472941e+01
  -3.8801130e+01
  -3.9113007e+01
  -4.8240563e+01
   6.9382170e+00
   1.2206636e+01
  -2.3816073e+01
  -5.8151156e-01
  -3.9964697e+01
  -2.8747864e+01
   4.6329398e+00
  -2.2773971e+01
  -2.8341687e+01
  -2.1885415e+01
   1.8717886e+01
  -2.6535548e+01
  -7.4894623e+00
   8.3963723e+00
   2.4283782e+01
  -3.8123120e+01
  -1.0475771e+01
  -1.7587318e+01
  -3.2209718e+01
  -6.1452763e+00
  -3.9861308e-01
  -2.8767591e+01
   1.3077563e+01
   2.2755266e+00
  -2.3940879e+01
   2.6302413e+01
  -4.9285287e+01
  -1.1687640e+01
  -4.6068726e+01
   9.7741913e+00
  -4.8365794e+01
  -2.9855229e+01
  -2.7909347e+01
  -2.7871937e+01
   6.9579354e+00
  -9.0995215e-01
   2.9209687e+01
  -3.2780169e+00
  -4.7118138e+01
   2.2418411e+01
  -2.8586510e+01
   2.3046244e+01
  -5.6090865e+00
   2.2106366e+01
  -2.2837198e+01
   7.4242532e+00
  -8.6123797e+00
  -4.6981241e+01
  -3.3055522e+01
  -3.2011536e+01
  -3.4433304e+01
  -1.2614510e+01
   4.9178574e-01
  -4.3843128e+01
  -3.5865426e+01
   2.2994073e+01
  -3.9264036e+01
  -3.3038089e+01
   2.8851683e+01
  -4.1258137e+01
  -5.2952795e+00
  -4.1763519e+01
  -3.7900202e+01
  -6.7257776e+00
  -3.8824035e+01
  -3.7100973e+01
  -1.0502482e+01
  -3.2126147e+01
   1.3033686e+01
  -3.3772394e+01
   2.5207820e+01
  -1.8813437e+01
   1.5915072e+01
   2.4500496e+01
   3.2930051e+00
  -3.0676145e+01
  -1.2631646e+01
  -3.3712603e+01
   6.6905954e+00
   1.4946448e+01
   2.9195568e+01
  -1.5475528e+01
   1.8446989e+01
  -2.3170692e+01
  -3.3830456e+01
   1.6262564e+01
  -1.8330830e+01
   2.2638093e+01
   5.4015752e+00
  -4.7822642e+01
   2.8101693e+01
   1.6536267e-01
  -7.1463354e+00
  -3.3870882e+00
  -4.6350475e+01
   2.2108699e+01
  -4.8890116e+01
  -3.9790902e+01
  -2.0083240e+01
  -2.8585901e+01
  -4.9768884e+01
   5.8308887e+00
  -4.8429816e+01
   1.4974687e+01
  -3.7125857e+01
  -2.5703694e+01
   3.5949314e+00
  -3.7118859e+01
   1.3286690e+01
   1.0603564e+01
  -3.6647893e+01
  -4.6297705e+01
  -7.3738853e+00
   1.0622152e+01
   1.3524767e+01
   2.1552798e+01
  -4.8003177e+00
   1.3902518e+01
   1.3643214e+01
   3.2878703e+00
   2.8678713e+01
  -1.4767563e+01
   1.8011807e+01
   2.6947596e+01
  -3.9396423e+01
   2.1344247e+01
  -9.9407746e+00
  -3.4094807e+01
  -2.8475589e+01
  -2.5336161e+01
   1.9138350e+01
  -8.5197058e+00
  -3.5246625e+01
  -4.2479573e+01
  -4.7933173e+01
   1.9692825e+01
   2.3176829e+01
   2.2819181e+01
  -2.3958656e+01
  -2.0648347e+01
  -1.7807250e+01
  -3.5182013e+01
  -4.5115611e+01
  -9.1586332e+00
   1.5913252e+01
  -3.4563932e+01
  -1.6471366e+01
  -2.2844166e+01
   7.4372287e-01
   3.5482081e+00
  -2.6818396e+01
   1.0572317e+00
  -3.1893681e+01
  -3.7572896e+00
  -1.8651571e+01
  -2.9259621e+01
  -2.7620709e+01
   2.4324731e+01
  -2.0530948e+01
  -3.2215291e+01
   1.2248466e+01
  -4.7006172e+01
  -3.2404018e+01
   1.3470855e+01
  -2.0529033e+01
  -7.2236150e-01
   1.3900765e+01
  -4.6906077e+01
   6.6982418e+00
   1.3017048e+01
  -2.0129678e+01
  -8.0490855e+00
  -8.0326231e+00
   2.0295412e+01
   1.5308292e+01
  -8.4641148e+00
  -2.5759243e+01
  -3.6711639e+01
   2.4951624e+01
   1.2161580e+01
  -4.3857549e+01
  -4.9753811e+01
   1.9632346e+01
  -2.6725544e+00
  -3.6547534e+01
  -1.4407913e+01
  -1.5579295e+01
  -7.7078539e+00
   2.7544757e+01
   1.6926919e+01
  -3.4809536e+01
  -6.6324743e+00
   1.3375998e+01
  -5.4281299e+00
  -2.4147582e+01
   1.6599993e+01
  -2.0798843e+01
  -4.3252304e+01
  -1.1890958e+00
  -6.7003029e+00
   2.5545474e+01
   1.1903728e+01
   7.0804177e+00
   8.8942365e+00
  -1.0524138e+01
  -1.6764698e+01
  -6.9472829e-01
  -3.9238317e+00
  -3.4138951e+00
   2.8019065e+01
  -2.9725683e+00
  -1.0149743e+01
   2.8068312e+01
  -3.3505092e+00
  -3.2249108e+01
  -2.1172685e+01
  -4.1958644e+01
   2.8754561e+01
   8.5106082e+00
  -1.2778979e+01
  -1.9410772e+01
   1.4623950e+01
  -1.1587337e+01
  -1.8720937e+01
   1.4555323e+00
  -4.9431189e+01
   2.7068733e+01
   2.9949551e+01
  -6.0143850e+00
   9.3253227e+00
   2.9760751e+01
  -3.9752392e+01
  -4.2372730e+01
  -1.4741599e+01
   6.0033531e+00
  -4.8859281e+01
  -2.4216633e+00
  -1.4943963e+01
   1.1529506e+00
  -4.4549485e+01
   7.5711137e+00
  -4.2797127e+01
  -2.6770511e+01
  -1.1481375e+01
   1.9903769e+00
  -2.4158577e+01
   1.8770522e+01
  -4.9831004e+00
  -8.2033083e+00
   3.5185861e+00
   1.3400061e+01
  -2.6561628e+01
  -4.8067341e+01
  -2.5761217e+01
   3.4876606e+00
  -2.6967901e+01
  -4.0149148e+01
   8.1797097e+00
   1.3427383e+01
  -1.5042362e+01
  -1.3168588e+01
   2.0541918e+01
   2.2303385e+01
   8.3482282e+00
   1.3263193e+01
  -3.8918804e+01
  -2.8342407e+01
  -3.2711434e+01
   2.1883174e+01
   1.9448294e+01
   5.3113159e+00
   1.6882771e+01
  -2.9090901e+01
  -1.2568805e+01
  -3.7293886e+01
   1.4072224e+01
  -3.3948545e+01
   1.9841153e+00
   1.1802342e+01
   1.2539794e+01
  -3.8308353e+01
  -2.9072330e+01
  -1.9909537e+01
  -3.2233927e+01
   7.3824194e+00
   9.4478889e+00
   7.1535082e+00
  -4.0352003e+01
  -3.1210968e+01
   2.4511356e+01
   1.0785327e+01
  -2.0829498e+01
  -2.0574606e+01
   1.2606560e+01
   2.2936013e+01
  -2.7570544e+01
   2.5090394e+00
   2.5102864e+01
  -1.7493849e+01
  -4.5390542e+01
  -4.7127059e+01
  -2.5458571e+01
   2.5118033e+01
   8.8667306e+00
   1.8121884e+01
  -2.4810056e+01
  -2.3123467e+01
  -1.6297851e+00
  -2.5097455e+01
  -4.1495259e+01
   9.8577503e+00
  -3.0211825e+01
   2.3986643e+01
  -6.0913563e-01
  -1.1030783e+01
   2.9314090e+00
  -4.2715072e+01
  -2.9821059e+01
   1.0427115e+01
  -2.3863881e+01
   2.4851329e+01
   8.7086483e+00
  -4.1628711e+01
   2.3775555e+01
  -3.0829496e+01
  -8.8466785e+00
   5.7647304e+00
   1.5390948e-01
   3.5390713e+00
   1.0501758e+01
  -1.1160348e+01
  -3.6797820e+01
  -1.7254069e+01
  -1.2885738e+01
  -8.5125354e+00
   2.0381395e+01
   2.8649077e+01
   6.2266599e+00
  -4.7954169e+00
  -2.3499631e+01
  -2.2246662e+01
  -6.2852867e+00
   7.5877343e+00
   1.0417174e+01
   2.1485665e+01
   5.2394651e+00
   1.1761325e+01
  -7.7339149e+00
   7.3726457e-01
  -1.6573880e+01
  -2.7102373e+01
  -2.8234834e+01
   7.1687588e+00
  -1.2082685e+01
  -4.0702409e+01
   1.7253969e+01
  -4.8101707e+01
   1.8444426e-01
  -8.1726685e+00
  -2.2002776e+01
  -4.7242314e+00
  -3.3182772e+00
  -1.6345268e+01
   2.0879881e+01
   2.0014954e+01
  -1.4556411e+01
  -2.3931253e+01
   4.9746129e+00
   5.7808007e+00
   1.2509063e+01
   2.2861114e+01
  -4.8015655e+01
  -4.7158453e+01
  -4.6119329e+00
   2.0525487e+01
   2.8626118e+01
  -1.4179718e+01
  -1.5791792e+01
  -4.6925569e+01
   2.6588126e+01
   1.6847525e+00
   2.0079612e+01
   2.1052150e+01
  -3.2436115e+01
   1.4828728e+01
  -4.5923130e+01
   3.4744874e+00
  -6.3697945e+00
  -1.5123788e+01
   2.3249389e+01
  -1.5042291e+01
  -2.3048342e+01
  -1.0119542e+01
   1.2300311e+01
  -9.2741657e+00
   2.5390742e+01
   2.6201908e+01
  -2.9053010e+01
  -1.4237237e+01
  -3.0206669e+01
   2.4665367e+01
  -6.8502639e+00
  -4.7329383e+01
   1.1292851e+01
  -4.7163437e+01
  -4.4074235e+01
  -6.0846354e+00
  -3.3508395e+01
  -1.2285347e+01
  -2.3593942e+00
   2.2915377e+01
  -4.2245085e+01
  -3.8025577e+01
  -2.1975678e+01
  -4.1007030e+01
   1.4514364e+01
  -4.5095448e+01
  -4.9285640e+00
  -8.7366721e+00
  -2.5052560e+01
  -4.4430592e+01
  -2.4603433e+01
  -4.0626754e+01
  -4.9328972e+01
  -3.6927108e+01
   2.0698352e+01
  -4.5103347e+01
   2.6114284e+01
  -1.4163945e+01
  -4.3218751e+01
  -1.4223511e+01
  -3.6260832e+01
  -5.8314188e+00
  -3.9404984e+01
  -2.3240275e+01
  -5.3310223e+00
  -4.2524358e+01
  -4.9821607e+01
  -2.9507486e+01
   5.2791205e+00
   1.4890945e+01
  -4.8644319e+01
  -1.2224410e+01
  -2.8897978e+01
  -1.0241371e+01
   2.4322004e+01
   7.5614251e+00
   1.5998428e+01
  -4.9503664e+01
  -3.1636947e+01
   2.1526882e+01
   2.4997060e+01
   5.1861785e+00
  -1.2703588e+01
  -1.5821102e+01
  -4.0810932e+00
   2.2567513e+01
   1.4284718e+01
   1.3245813e+01
   6.8146363e+00
   2.5635241e+01
  -6.5407699e+00
   2.6318342e+01
  -1.0276122e+01
  -2.1911732e-01
   1.6401548e+01
  -5.3580882e-01
  -1.4422983e+01
  -2.9247091e+01
   7.9233749e+00
  -1.0518816e+01
  -3.1698968e+01
  -3.5396484e+01
   1.0955998e+01
   2.5581281e+01
  -2.8028364e+01
  -4.1117483e+01
  -2.1488449e+01
  -3.3306429e+01
   2.1628326e+00
   5.7167716e+00
  -2.5064695e+01
   2.9156223e+01
  -3.6198176e+01
   4.0283017e+00
  -4.5456997e+01
   5.6848705e+00
  -1.1649582e+01
  -5.7185768e+00
  -1.0101369e+01
  -2.1751076e+01
   7.5853834e+00
  -1.4321888e-01
  -3.5398463e+01
  -2.2249843e+01
  -1.8718152e+01
  -1.3734942e+00
  -4.2571451e+00
  -4.0444287e+01
  -2.2846590e+01
  -3.1796098e+01
   4.2503240e+00
   6.6143710e+00
  -1.0862191e+01
   1.2772853e+01
  -2.2804221e+01
  -2.3575941e+01
   2.2883247e-02
  -3.1102898e+01
   5.4546556e+00
   1.1515550e+01
  -1.1313990e+01
  -4.2918415e+00
   2.0447493e+01
  -1.6902600e+00
  -4.9295048e+01
  -2.7282673e+01
   1.5973434e+01
  -2.1538990e+01
  -3.5574742e+01
  -1.2992407e+01
   1.5031587e+01
   2.7265168e+01
  -1.1509440e+01
  -2.6163139e+01
   2.0096897e+01
   4.6826638e+00
   1.7820297e+01
   6.0659669e+00
  -9.6544047e+00
   1.0093049e+01
  -1.2412169e+01
   1.2945414e+01
  -2.2435864e+01
  -2.4316256e+00
  -1.0844138e+01
   1.6358716e+01
  -4.2855954e+01
  -4.3421319e+00
  -3.9689174e+01
   1.4211259e+01
  -4.5411763e+01
  -7.6731086e+00
  -1.6669664e+01
  -3.5378644e+01
  -3.2647859e+01
   2.0599270e+01
   2.3837552e+01
  -3.8361777e+01
  -4.6647885e+01
  -7.0777138e+00
   2.8309644e+01
  -1.3399030e+01
   1.7607462e+01
  -4.6308626e+00
  -8.5680346e-03
  -1.4206805e+01
  -4.7318047e+01
   1.2410939e+01
   7.3994758e+00
   2.6936793e+01
  -6.7272278e+00
  -1.7850324e+01
  -1.6182321e+01
  -3.3830068e+01
   1.4488132e+01
   2.9694588e-01
  -1.4960933e-01
  -3.8666125e+01
   1.0469395e+01
   4.3417761e+00
   2.8380447e+01
  -4.9952038e+01
   2.1312185e+01
  -4.2756753e+01
  -2.6406573e+01
   1.5859453e+01
  -7.9037180e+00
   4.5354838e+00
  -3.7323886e+01
  -3.6025726e+01
   2.5816247e+01
   4.5908417e+00
  -4.5315456e+01
  -4.2857949e+01
  -2.9718961e+01
  -3.2178257e+01
  -3.0655840e+01
   2.4988977e+01
  -4.8616792e+01
   1.4150466e+00
  -4.1083925e+01
  -3.1248857e+00
  -2.1622542e+01
   2.2570803e+01
  -2.5070284e+01
  -2.6430996e+01
  -4.1313893e+01
   9.2537431e+00
  -2.3345177e+01
   8.9973340e+00
  -2.4547889e+01
  -9.0119058e+00
  -1.5244292e+01
  -2.9850524e+01
   1.1386793e+01
  -3.0568595e+01
  -2.2765755e+01
   2.7503622e+01
  -3.2915561e+01
  -1.3419108e+01
   2.5928462e+01
   5.4539735e+00
   2.8784950e+01
   1.2402084e+01
  -4.5663654e+01
  -2.5460076e+01
  -1.2598658e+01
  -4.1363805e+01
   2.9022945e+01
  -4.5553008e+01
  -3.7899155e+01
  -4.0436905e+01
  -3.0168331e+01
  -9.7172304e+00
   2.2567547e+01
   2.9421454e+01
  -3.3650059e+01
  -2.1664846e+01
   1.3772149e+01
   1.2902644e+00
  -3.9792856e+01
  -3.8985085e+01
   2.0109907e+01
   4.7084972e+00
   1.6214663e+01
   1.8149991e+00
  -2.0242030e+01
   2.4525345e+01
  -1.7709910e+01
  -9.0663574e+00
  -1.1265545e+01
  -2.6050142e+01
  -2.7745149e+01
   2.6912664e+01
  -2.7303185e+00
   6.5821462e+00
  -2.8331028e+01
  -2.6521824e+01
  -1.9891904e+01
   1.2814229e+01
   2.6023567e+01
   9.4387968e+00
  -2.4587480e+01
  -3.6249212e+01
  -1.0717032e+01
  -1.0648789e+01
   7.0710548e+00
  -3.0836160e+01
   6.8678928e+00
   1.7347076e+01
  -2.1763249e+01
  -4.9206941e+01
   2.3098674e+00
   2.1894478e+01
   1.8193056e+01
  -3.7687169e+01
  -3.7590288e+01
  -3.5972411e+01
  -7.2837132e+00
  -4.2862939e+01
   5.5744273e+00
  -4.1731055e+01
   5.1082645e+00
  -5.5510878e+00
   2.5175163e+01
  -7.4804531e-01
  -7.8612429e+00
  -4.7958791e+01
   5.6825083e+00
  -1.2644359e+01
   2.1794418e+00
  -2.5887640e+01
  -3.2975914e+01
  -4.1418343e+01
  -3.7334304e+01
   2.1476619e+01
  -8.0338530e+00
   2.8564459e+01
   1.2561249e+01
  -3.7907792e+01
  -4.8593366e+01
   2.9929162e+01
  -1.8691104e+01
  -4.3543650e+01
  -1.4938095e+01
   1.9781191e+01
  -4.0256113e+01
  -1.1450758e+01
  -5.9008290e-01
  -3.5960112e+01
   1.1743403e+01
   6.6344771e+00
   2.5680542e+01
   1.1099390e+01
   2.1711763e+01
   2.8197338e+01
  -4.2182045e+01
  -3.6400062e+01
   1.5941263e+01
  -7.3386122e+00
  -1.3234124e+00
  -3.4364273e+01
  -1.2250505e+00
  -2.4766972e+01
  -2.0986535e+01
  -3.5261233e+01
  -2.7174190e+01
  -3.3435336e+01
  -2.8608164e+01
   8.3631380e+00
  -2.1861586e+01
  -3.3479268e+01
   2.1527241e+01
   2.9222276e+01
   2.0492287e+01
  -4.8953423e+01
  -1.8818012e+01
   7.1226523e+00
  -3.1451343e+01
  -9.9225446e+00
  -1.7342959e+01
  -4.9595281e+01
  -2.8184214e+01
  -4.9901736e+01
  -4.7161874e+01
   1.6301962e+01
   1.7468654e+01
  -8.9158908e+00
  -4.8839689e+01
   6.7390093e+00
   2.8145059e+01
  -2.7221283e+01
   6.3437410e+00
  -4.9077152e+01
   1.8544608e+01
   2.3199011e+01
  -1.6640707e+01
   1.0995608e+01
  -3.9821105e+01
  -3.8332477e+01
   2.4213627e+01
   1.6797159e+01
   1.9427729e+01
  -1.9547390e+01
  -4.3458262e+01
   2.6705014e+01
  -2.1615702e+01
  -2.4475465e-01
  -1.4059625e+00
   1.8887691e+01
  -4.2351271e-01
   1.5735338e+01
   1.5447708e+01
  -4.4897261e+01
   2.9543659e+01
   2.1698630e+01
   1.3727674e+01
  -5.8484991e+00
   1.8806175e+01
   2.9449134e+01
   7.6251274e+00
   1.9951193e+01
  -4.8590164e+01
  -4.5839054e+01
   2.4872389e+01
  -3.4430728e+01
   2.4173093e+01
   7.2388383e-01
  -4.5413547e+01
   6.0505121e+00
  -3.6368099e+01
   1.5574368e+01
   2.9786431e+00
  -1.7918502e+01
   1.1773890e+01
  -4.6075203e+01
   5.8431857e+00
  -3.7757580e+01
   2.0356353e+01
  -4.6404259e+00
  -2.9309251e+01
  -2.6812905e+00
  -3.3100180e+01
  -3.5015109e+01
  -1.2940457e+01
  -9.4694318e+00
   1.2976732e+01
   1.2487745e+00
  -2.8525605e+01
   2.0044367e+01
  -3.1537055e-02
  -4.9753804e+01
   5.7245351e+00
   1.2030658e+01
   2.1588243e+01
  -1.9606126e+01
  -1.8710613e+00
  -1.6307295e+01
  -1.9499060e+01
   1.4509416e+01
   1.1493442e+01
  -3.1932576e+01
   1.0227043e+01
  -3.1640643e+01
   4.8432506e-01
  -4.7070697e+01
  -1.9511908e+00
  -3.7878824e+01
  -3.5836997e+01
  -1.6715512e+01
  -6.2260938e+00
  -1.7753317e+01
  -2.8092844e+01
  -2.7768981e+01
  -1.9267036e+00
   9.4108801e+00
  -3.9340210e+01
  -4.9373348e+01
  -2.1928031e+01
  -2.8141845e+01
   1.6729030e+01
  -1.9904440e+01
  -2.1787966e+01
   9.4899205e+00
   2.6108435e+01
   1.6970688e+01
  -1.1339260e+01
  -1.6869136e+01
  -9.3465291e+00
  -1.9115218e+01
  -2.2077453e+01
  -2.6349073e+00
  -2.3012722e+01
  -2.5050677e+00
  -4.5544188e+01
  -3.2223423e+01
   1.8220733e+01
  -4.4977852e+00
  -3.4386235e+01
   3.8047123e+00
   1.7950704e+01
  -2.3938405e+00
   1.1171075e+01
   2.5565473e+01
  -3.4019143e+01
  -1.5333251e+01
   1.2409787e+01
  -2.9442551e+01
  -5.2751637e+00
   3.4924932e-01
   1.4918043e+01
  -1.0616585e+01
  -3.6472082e+01
   1.6232543e+01
   1.2607633e+01
  -4.0433921e+01
   4.9846464e+00
  -5.7276527e+00
   4.9972642e+00
  -3.1153810e+00
  -1.2884197e+01
  -1.5778444e+01
  -4.7361677e+01
   1.4159139e+01
  -2.4960072e+01
   4.9452268e+00
  -2.5264937e+00
   9.5848943e+00
   2.4886660e+01
  -3.3369773e+01
   2.2857981e+01
  -5.7320249e+00
  -3.0469529e+01
   1.6243662e+01
  -1.7090781e+01
  -1.2446468e+00
   1.1050874e+01
   1.1415481e+01
  -6.6392341e+00
   1.4728423e+01
  -3.3943502e+01
   1.6765646e+00
  -1.9811884e+01
   1.4936972e+01
  -2.1005719e+01
   1.8592600e+01
  -3.7546741e+00
  -1.1138083e+01
  -4.4380280e+01
  -5.4363152e+00
  -4.5171678e+01
   1.5370427e+01
   1.6147226e+00
   1.0323542e+01
  -7.5470810e+00
  -4.8632136e+01
  -3.0428351e+01
   2.2337827e+01
  -1.9338130e+01
  -2.8729246e+01
   8.6021637e+00
  -4.3948604e+01
  -2.9068540e+01
   2.1005627e+01
   2.8358555e+01
   2.8755374e+01
   2.1106387e+01
   2.3742788e+01
  -1.0498266e+01
   1.8874734e+01
  -3.7931909e+01
   2.1987606e+01
   2.7728170e+01
  -3.9754271e+01
   3.9467716e+00
   2.1831051e+01
   1.2099835e+01
   1.0272019e+01
   7.1799078e+00
  -1.8448017e+01
  -1.3132929e+01
   1.7975866e+01
   1.1458852e+01
  -4.7241993e+01
  -4.9027289e+01
  -2.8604919e+01
  -3.5888285e+01
  -3.1868202e+01
   1.3330463e+01
   2.0810671e+01
   2.7382456e+01
  -2.8330776e+01
   1.9034848e+00
  -2.2259465e+01
   1.8149596e+01
  -3.6873703e+01
   1.3940813e+01
   2.4539809e+01
   2.1409512e+01
  -3.6210488e+01
  -2.7433147e+01
   1.1950556e+01
  -1.3926274e+01
  -4.5196379e+00
   6.2197813e+00
  -4.3886011e+01
   2.2982570e+01
  -3.6582150e+01
   4.5301469e+00
  -1.5161055e+01
   2.3167455e+01
  -4.9646898e+01
   1.2552791e+01
   2.7209028e+01
   1.6958918e+00
   1.6772377e+01
  -1.4164956e+01
  -1.8724647e+01
   1.7589421e+01
  -1.4500905e+01
  -2.2294899e+01
  -4.7783378e+01
   2.4853367e+01
  -9.7677636e+00
   1.6886656e+01
  -2.6503284e+01
  -2.0732938e+01
   6.0621992e+00
  -9.2845123e+00
  -2.7311039e+01
  -4.3217842e+01
  -2.9602783e+01
  -4.4960311e+01
  -3.2165380e+01
   2.0268463e+00
   6.8194016e+00
  -4.9075633e+01
  -2.2521000e+01
  -4.5762635e+01
   7.9699891e+00
  -3.8490502e+01
  -2.2487433e-01
  -1.8484722e+00
  -3.9085269e+01
  -3.9177922e+01
   2.2472941e+01
  -3.8801130e+01
  -3.9113007e+01
  -4.8240563e+01
   6.9382170e+00
   1.2206636e+01
  -2.3816073e+01
  -5.8151156e-01
  -3.9964697e+01
  -2.8747864e+01
   4.6329398e+00
  -2.2773971e+01
  -2.8341687e+01
  -2.1885415e+01
   1.8717886e+01
  -2.6535548e+01
  -7.4894623e+00
   8.3963723e+00
   2.4283782e+01
  -3.8123120e+01
  -1.0475771e+01
  -1.7587318e+01
  -3.2209718e+01
  -6.1452763e+00
  -3.9861308e-01
  -2.8767591e+01
   1.3077563e+01
   2.2755266e+00
  -2.3940879e+01
   2.6302413e+01
  -4.9285287e+01
  -1.1687640e+01
  -4.6068726e+01
   9.7741913e+00
  -4.8365794e+01
  -2.9855229e+01
  -2.7909347e+01
  -2.7871937e+01
   6.9579354e+00
  -9.0995215e-01
   2.9209687e+01
  -3.2780169e+00
  -4.7118138e+01
   2.2418411e+01
  -2.8586510e+01
   2.3046244e+01
  -5.6090865e+00
   2.2106366e+01
  -2.2837198e+01
   7.4242532e+00
  -8.6123797e+00
  -4.6981241e+01
  -3.3055522e+01
  -3.2011536e+01
  -3.4433304e+01
  -1.2614510e+01
   4.9178574e-01
  -4.3843128e+01
  -3.5865426e+01
   2.2994073e+01
  -3.9264036e+01
  -3.3038089e+01
   2.8851683e+01
  -4.1258137e+01
  -5.2952795e+00
  -4.1763519e+01
  -3.7900202e+01
  -6.7257776e+00
  -3.8824035e+01
  -3.7100973e+01
  -1.0502482e+01
  -3.2126147e+01
   1.3033686e+01
  -3.3772394e+01
   2.5207820e+01
  -1.8813437e+01
   1.5915072e+01
   2.4500496e+01
   3.2930051e+00
  -3.0676145e+01
  -1.2631646e+01
  -3.3712603e+01
   6.6905954e+00
   1.4946448e+01
   2.9195568e+01
  -1.5475528e+01
   1.8446989e+01
  -2.3170692e+01
  -3.3830456e+01
   1.6262564e+01
  -1.8330830e+01
   2.2638093e+01
   5.4015752e+00
  -4.7822642e+01
   2.8101693e+01
   1.6536267e-01
  -7.1463354e+00
  -3.3870882e+00
  -4.6350475e+01
   2.2108699e+01
  -4.8890116e+01
  -3.9790902e+01
  -2.0083240e+01
  -2.8585901e+01
  -4.9768884e+01
   5.8308887e+00
  -4.8429816e+01
   1.4974687e+01
  -3.7125857e+01
  -2.5703694e+01
   3.5949314e+00
  -3.7118859e+01
   1.3286690e+01
   1.0603564e+01
  -3.6647893e+01
  -4.6297705e+01
  -7.3738853e+00
   1.0622152e+01
   1.3524767e+01
   2.1552798e+01
  -4.8003177e+00
   1.3902518e+01
   1.3643214e+01
   3.2878703e+00
   2.8678713e+01
  -1.4767563e+01
   1.8011807e+01
   2.6947596e+01
  -3.9396423e+01
   2.1344247e+01
  -9.9407746e+00
  -3.4094807e+01
  -2.8475589e+01
  -2.5336161e+01
   1.9138350e+01
  -8.5197058e+00
  -3.5246625e+01
  -4.2479573e+01
  -4.7933173e+01
   1.9692825e+01
   2.3176829e+01
   2.2819181e+01
  -2.3958656e+01
  -2.0648347e+01
  -1.7807250e+01
  -3.5182013e+01
  -4.5115611e+01
  -9.1586332e+00
   1.5913252e+01
  -3.4563932e+01
  -1.6471366e+01
  -2.2844166e+01
   7.4372287e-01
   3.5482081e+00
  -2.6818396e+01
   1.0572317e+00
  -3.1893681e+01
  -3.7572896e+00
  -1.8651571e+01
  -2.9259621e+01
  -2.7620709e+01
   2.4324731e+01
  -2.0530948e+01
  -3.2215291e+01
   1.2248466e+01
  -4.7006172e+01
  -3.2404018e+01
   1.3470855e+01
  -2.0529033e+01
  -7.2236150e-01
   1.3900765e+01
  -4.6906077e+01
   6.6982418e+00
   1.3017048e+01
  -2.0129678e+01
  -8.0490855e+00
  -8.0326231e+00
   2.0295412e+01
   1.5308292e+01
  -8.4641148e+00
  -2.5759243e+01
  -3.6711639e+01
   2.4951624e+01
   1.2161580e+01
  -4.3857549e+01
  -4.9753811e+01
   1.9632346e+01
  -2.6725544e+00
  -3.6547534e+01
  -1.4407913e+01
  -1.5579295e+01
  -7.7078539e+00
   2.7544757e+01
   1.6926919e+01
  -3.4809536e+01
  -6.6324743e+00
   1.3375998e+01
  -5.4281299e+00
  -2.4147582e+01
   1.6599993e+01
  -2.0798843e+01
  -4.3252304e+01
  -1.1890958e+00
  -6.7003029e+00
   2.5545474e+01
   1.1903728e+01
   7.0804177e+00
   8.8942365e+00
  -1.0524138e+01
  -1.6764698e+01
  -6.9472829e-01
  -3.9238317e+00
  -3.4138951e+00
   2.8019065e+01
  -2.9725683e+00
  -1.0149743e+01
   2.8068312e+01
  -3.3505092e+00
  -3.2249108e+01
  -2.1172685e+01
  -4.1958644e+01
   2.8754561e+01
   8.5106082e+00
  -1.2778979e+01
  -1.9410772e+01
   1.4623950e+01
  -1.1587337e+01
  -1.8720937e+01
   1.4555323e+00
  -4.9431189e+01
   2.7068733e+01
   2.9949551e+01
  -6.0143850e+00
   9.3253227e+00
   2.9760751e+01
  -3.9752392e+01
  -4.2372730e+01
  -1.4741599e+01
   6.0033531e+00
  -4.8859281e+01
  -2.4216633e+00
  -1.4943963e+01
   1.1529506e+00
  -4.4549485e+01
   7.5711137e+00
  -4.2797127e+01
  -2.6770511e+01
  -1.1481375e+01
   1.9903769e+00
  -2.4158577e+01
   1.8770522e+01
  -4.9831004e+00
  -8.2033083e+00
   3.5185861e+00
   1.3400061e+01
  -2.6561628e+01
  -4.8067341e+01
  -2.5761217e+01
   3.4876606e+00
  -2.6967901e+01
  -4.0149148e+01
   8.1797097e+00
   1.3427383e+01
  -1.5042362e+01
  -1.3168588e+01
   2.0541918e+01
   2.2303385e+01
   8.3482282e+00
   1.3263193e+01
  -3.8918804e+01
  -2.8342407e+01
  -3.2711434e+01
   2.1883174e+01
   1.9448294e+01
   5.3113159e+00
   1.6882771e+01
  -2.9090901e+01
  -1.2568805e+01
  -3.7293886e+01
   1.4072224e+01
  -3.3948545e+01
   1.9841153e+00
   1.1802342e+01
   1.2539794e+01
  -3.8308353e+01
  -2.9072330e+01
  -1.9909537e+01
  -3.2233927e+01
   7.3824194e+00
   9.4478889e+00
   7.1535082e+00
  -4.0352003e+01
  -3.1210968e+01
   2.4511356e+01
   1.0785327e+01
  -2.0829498e+01
  -2.0574606e+01
   1.2606560e+01
   2.2936013e+01
  -2.7570544e+01
   2.5090394e+00
   2.5102864e+01
  -1.7493849e+01
  -4.5390542e+01
  -4.7127059e+01
  -2.5458571e+01
   2.5118033e+01
   8.8667306e+00
   1.8121884e+01
  -2.4810056e+01
  -2.3123467e+01
  -1.6297851e+00
  -2.5097455e+01
  -4.1495259e+01
   9.8577503e+00
  -3.0211825e+01
   2.3986643e+01
  -6.0913563e-01
  -1.1030783e+01
   2.9314090e+00
  -4.2715072e+01
  -2.9821059e+01
   1.0427115e+01
  -2.3863881e+01
   2.4851329e+01
   8.7086483e+00
  -4.1628711e+01
   2.3775555e+01
  -3.0829496e+01
  -8.8466785e+00
   5.7647304e+00
   1.5390948e-01
   3.5390713e+00
   1.0501758e+01
  -1.1160348e+01
  -3.6797820e+01
  -1.7254069e+01
  -1.2885738e+01
  -8.5125354e+00
   2.0381395e+01
   2.8649077e+01
   6.2266599e+00
  -4.7954169e+00
  -2.3499631e+01
  -2.2246662e+01
  -6.2852867e+00
   7.5877343e+00
   1.0417174e+01
   2.1485665e+01
   5.2394651e+00
   1.1761325e+01
  -7.7339149e+00
   7.3726457e-01
  -1.6573880e+01
  -2.7102373e+01
  -2.8234834e+01
   7.1687588e+00
  -1.2082685e+01
  -4.0702409e+01
   1.7253969e+01
  -4.8101707e+01
   1.8444426e-01
  -8.1726685e+00
  -2.2002776e+01
  -4.7242314e+00
  -3.3182772e+00
  -1.6345268e+01
   2.0879881e+01
   2.0014954e+01
  -1.4556411e+01
  -2.3931253e+01
   4.9746129e+00
   5.7808007e+00
   1.2509063e+01
   2.2861114e+01
  -4.8015655e+01
  -4.7158453e+01
  -4.6119329e+00
   2.0525487e+01
   2.8626118e+01
  -1.4179718e+01
  -1.5791792e+01
  -4.6925569e+01
   2.6588126e+01
   1.6847525e+00
   2.0079612e+01
   2.1052150e+01
  -3.2436115e+01
   1.4828728e+01
  -4.5923130e+01
   3.4744874e+00
  -6.3697945e+00
  -1.5123788e+01
   2.3249389e+01
  -1.5042291e+01
  -2.3048342e+01
  -1.0119542e+01
   1.2300311e+01
  -9.2741657e+00
   2.5390742e+01
   2.6201908e+01
  -2.9053010e+01
  -1.4237237e+01
  -3.0206669e+01
   2.4665367e+01
  -6.8502639e+00
  -4.7329383e+01
   1.1292851e+01
  -4.7163437e+01
  -4.4074235e+01
  -6.0846354e+00
  -3.3508395e+01
  -1.2285347e+01
  -2.3593942e+00
   2.2915377e+01
  -4.2245085e+01
  -3.8025577e+01
  -2.1975678e+01
  -4.1007030e+01
   1.4514364e+01
  -4.5095448e+01
  -4.9285640e+00
  -8.7366721e+00
  -2.5052560e+01
  -4.4430592e+01
  -2.4603433e+01
  -4.0626754e+01
  -4.9328972e+01
  -3.6927108e+01
   2.0698352e+01
  -4.5103347e+01
   2.6114284e+01
  -1.4163945e+01
  -4.3218751e+01
  -1.4223511e+01
  -3.6260832e+01
  -5.8314188e+00
  -3.9404984e+01
  -2.3240275e+01
  -5.3310223e+00
  -4.2524358e+01
  -4.9821607e+01
  -2.9507486e+01
   5.2791205e+00
   1.4890945e+01
  -4.8644319e+01
  -1.2224410e+01
  -2.8897978e+01
  -1.0241371e+01
   2.4322004e+01
   7.5614251e+00
   1.5998428e+01
  -4.9503664e+01
  -3.1636947e+01
   2.1526882e+01
   2.4997060e+01
   5.1861785e+00
  -1.2703588e+01
  -1.5821102e+01
  -4.0810932e+00
   2.2567513e+01
   1.4284718e+01
   1.3245813e+01
   6.8146363e+00
   2.5635241e+01
  -6.5407699e+00
   2.6318342e+01
  -1.0276122e+01
  -2.1911732e-01
   1.6401548e+01
  -5.3580882e-01
  -1.4422983e+01
  -2.9247091e+01
   7.9233749e+00
  -1.0518816e+01
  -3.1698968e+01
  -3.5396484e+01
   1.0955998e+01
   2.5581281e+01
  -2.8028364e+01
  -4.1117483e+01
  -2.1488449e+01
  -3.3306429e+01
   2.1628326e+00
   5.7167716e+00
  -2.5064695e+01
   2.9156223e+01
  -3.6198176e+01
   4.0283017e+00
  -4.5456997e+01
   5.6848705e+00
  -1.1649582e+01
  -5.7185768e+00
  -1.0101369e+01
  -2.1751076e+01
   7.5853834e+00
  -1.4321888e-01
  -3.5398463e+01
  -2.2249843e+01
  -1.8718152e+01
  -1.3734942e+00
  -4.2571451e+00
  -4.0444287e+01
  -2.2846590e+01
  -3.1796098e+01
   4.2503240e+00
   6.6143710e+00
  -1.0862191e+01
   1.2772853e+01
  -2.2804221e+01
  -2.3575941e+01
   2.2883247e-02
  -3.1102898e+01
   5.4546556e+00
   1.1515550e+01
  -1.1313990e+01
  -4.2918415e+00
   2.0447493e+01
  -1.6902600e+00
  -4.9295048e+01
  -2.7282673e+01
   1.5973434e+01
  -2.1538990e+01
  -3.5574742e+01
  -1.2992407e+01
   1.5031587e+01
   2.7265168e+01
  -1.1509440e+01
  -2.6163139e+01
   2.0096897e+01
   4.6826638e+00
   1.7820297e+01
   6.0659669e+00
  -9.6544047e+00
   1.0093049e+01
  -1.2412169e+01
   1.2945414e+01
  -2.2435864e+01
  -2.4316256e+00
  -1.0844138e+01
   1.6358716e+01
  -4.2855954e+01
  -4.3421319e+00
  -3.9689174e+01
   1.4211259e+01
  -4.5411763e+01
  -7.6731086e+00
  -1.6669664e+01
  -3.5378644e+01
  -3.2647859e+01
   2.0599270e+01
   2.3837552e+01
  -3.8361777e+01
  -4.6647885e+01
  -7.0777138e+00
   2.8309644e+01
  -1.3399030e+01
   1.7607462e+01
  -4.6308626e+00
  -8.5680346e-03
  -1.4206805e+01
  -4.7318047e+01
   1.2410939e+01
   7.3994758e+00
   2.6936793e+01
  -6.7272278e+00
  -1.7850324e+01
  -1.6182321e+01
  -3.3830068e+01
   1.4488132e+01
   2.9694588e-01
  -1.4960933e-01
  -3.8666125e+01
   1.0469395e+01
   4.3417761e+00
   2.8380447e+01
  -4.9952038e+01
   2.1312185e+01
  -4.2756753e+01
  -2.6406573e+01
   1.5859453e+01
  -7.9037180e+00
   4.5354838e+00
  -3.7323886e+01
  -3.6025726e+01
   2.5816247e+01
   4.5908417e+00
  -4.5315456e+01
  -4.2857949e+01
  -2.9718961e+01
  -3.2178257e+01
  -3.0655840e+01
   2.4988977e+01
  -4.8616792e+01
   1.4150466e+00
  -4.1083925e+01
  -3.1248857e+00
  -2.1622542e+01
   2.2570803e+01
  -2.5070284e+01
  -2.6430996e+01
  -4.1313893e+01
   9.2537431e+00
  -2.3345177e+01
   8.9973340e+00
  -2.4547889e+01
  -9.0119058e+00
  -1.5244292e+01
  -2.9850524e+01
   1.1386793e+01
  -3.0568595e+01
  -2.2765755e+01
   2.7503622e+01
  -3.2915561e+01
  -1.3419108e+01
   2.5928462e+01
   5.4539735e+00
   2.8784950e+01
   1.2402084e+01
  -4.5663654e+01
  -2.5460076e+01
  -1.2598658e+01
  -4.1363805e+01
   2.9022945e+01
  -4.5553008e+01
  -3.7899155e+01
  -4.0436905e+01
  -3.0168331e+01
  -9.7172304e+00
   2.2567547e+01
   2.9421454e+01
  -3.3650059e+01
  -2.1664846e+01
   1.3772149e+01
   1.2902644e+00
  -3.9792856e+01
  -3.8985085e+01
   2.0109907e+01
   4.7084972e+00
   1.6214663e+01
   1.8149991e+00
  -2.0242030e+01
   2.4525345e+01
  -1.7709910e+01
  -9.0663574e+00
  -1.1265545e+01
  -2.6050142e+01
  -2.7745149e+01
   2.6912664e+01
  -2.7303185e+00
   6.5821462e+00
  -2.8331028e+01
  -2.6521824e+01
  -1.9891904e+01
   1.2814229e+01
   2.6023567e+01
   9.4387968e+00
  -2.4587480e+01
  -3.6249212e+01
  -1.0717032e+01
  -1.0648789e+01
   7.0710548e+00
  -3.0836160e+01
   6.8678928e+00
   1.7347076e+01
  -2.1763249e+01
  -4.9206941e+01
   2.3098674e+00
   2.1894478e+01
   1.8193056e+01
  -3.7687169e+01
  -3.7590288e+01
  -3.5972411e+01
  -7.2837132e+00
  -4.2862939e+01
   5.5744273e+00
  -4.1731055e+01
   5.1082645e+00
  -5.5510878e+00
   2.5175163e+01
  -7.4804531e-01
  -7.8612429e+00
  -4.7958791e+01
   5.6825083e+00
  -1.2644359e+01
   2.1794418e+00
  -2.5887640e+01
  -3.2975914e+01
  -4.1418343e+01
  -3.7334304e+01
   2.1476619e+01
  -8.0338530e+00
   2.8564459e+01
   1.2561249e+01
  -3.7907792e+01
  -4.8593366e+01
   2.9929162e+01
  -1.8691104e+01
  -4.3543650e+01
  -1.4938095e+01
   1.9781191e+01
  -4.0256113e+01
  -1.1450758e+01
  -5.9008290e-01
  -3.5960112e+01
   1.1743403e+01
   6.6344771e+00
   2.5680542e+01
   1.1099390e+01
   2.1711763e+01
   2.8197338e+01
  -4.2182045e+01
  -3.6400062e+01
   1.5941263e+01
  -7.3386122e+00
  -1.3234124e+00
  -3.4364273e+01
  -1.2250505e+00
  -2.4766972e+01
  -2.0986535e+01
  -3.5261233e+01
  -2.7174190e+01
  -3.3435336e+01
  -2.8608164e+01
   8.3631380e+00
  -2.1861586e+01
  -3.3479268e+01
   2.1527241e+01
   2.9222276e+01
   2.0492287e+01
  -4.8953423e+01
  -1.8818012e+01
   7.1226523e+00
  -3.1451343e+01
  -9.9225446e+00
  -1.7342959e+01
  -4.9595281e+01
  -2.8184214e+01
  -4.9901736e+01
  -4.7161874e+01
   1.6301962e+01
   1.7468654e+01
  -8.9158908e+00
  -4.8839689e+01
   6.7390093e+00
   2.8145059e+01
  -2.7221283e+01
   6.3437410e+00
  -4.9077152e+01
   1.8544608e+01
   2.3199011e+01
  -1.6640707e+01
   1.0995608e+01
  -3.9821105e+01
  -3.8332477e+01
   2.4213627e+01
   1.6797159e+01
   1.9427729e+01
  -1.9547390e+01
  -4.3458262e+01
   2.6705014e+01
  -2.1615702e+01
  -2.4475465e-01
  -1.4059625e+00
   1.8887691e+01
  -4.2351271e-01
   1.5735338e+01
   1.5447708e+01
  -4.4897261e+01
   2.9543659e+01
   2.1698630e+01
   1.3727674e+01
  -5.8484991e+00
   1.8806175e+01
   2.9449134e+01
   7.6251274e+00
   1.9951193e+01
  -4.8590164e+01
  -4.5839054e+01
   2.4872389e+01
  -3.4430728e+01
   2.4173093e+01
   7.2388383e-01
  -4.5413547e+01
   6.0505121e+00
  -3.6368099e+01
   1.5574368e+01
   2.9786431e+00
  -1.7918502e+01
   1.1773890e+01
  -4.6075203e+01
   5.8431857e+00
  -3.7757580e+01
   2.0356353e+01
  -4.6404259e+00
  -2.9309251e+01
  -2.6812905e+00
  -3.3100180e+01
  -3.5015109e+01
  -1.2940457e+01
  -9.4694318e+00
   1.2976732e+01
   1.2487745e+00
  -2.8525605e+01
   2.0044367e+01
  -3.1537055e-02
  -4.9753804e+01
   5.7245351e+00
   1.2030658e+01
   2.1588243e+01
  -1.9606126e+01
  -1.8710613e+00
  -1.6307295e+01
  -1.9499060e+01
   1.4509416e+01
   1.1493442e+01
  -3.1932576e+01
   1.0227043e+01
  -3.1640643e+01
   4.8432506e-01
  -4.7070697e+01
  -1.9511908e+00
  -3.7878824e+01
  -3.5836997e+01
  -1.6715512e+01
  -6.2260938e+00
  -1.7753317e+01
  -2.8092844e+01
  -2.7768981e+01
  -1.9267036e+00
   9.4108801e+00
  -3.9340210e+01
  -4.9373348e+01
  -2.1928031e+01
  -2.8141845e+01
   1.6729030e+01
  -1.9904440e+01
  -2.1787966e+01
   9.4899205e+00
   2.6108435e+01
   1.6970688e+01
  -1.1339260e+01
  -1.6869136e+01
  -9.3465291e+00
  -1.9115218e+01
  -2.2077453e+01
  -2.6349073e+00
  -2.3012722e+01
  -2.5050677e+00
  -4.5544188e+01
  -3.2223423e+01
   1.8220733e+01
  -4.4977852e+00
  -3.4386235e+01
   3.8047123e+00
   1.7950704e+01
  -2.3938405e+00
   1.1171075e+01
   2.5565473e+01
  -3.4019143e+01
  -1.5333251e+01
   1.2409787e+01
  -2.9442551e+01
  -5.2751637e+00
   3.4924932e-01
   1.4918043e+01
  -1.0616585e+01
  -3.6472082e+01
   1.6232543e+01
   1.2607633e+01
  -4.0433921e+01
   4.9846464e+00
  -5.7276527e+00
   4.9972642e+00
  -3.1153810e+00
  -1.2884197e+01
  -1.5778444e+01
  -4.7361677e+01
   1.4159139e+01
  -2.4960072e+01
   4.9452268e+00
  -2.5264937e+00
   9.5848943e+00
   2.4886660e+01
  -3.3369773e+01
   2.2857981e+01
  -5.7320249e+00
  -3.0469529e+01
   1.6243662e+01
  -1.7090781e+01
  -1.2446468e+00
   1.1050874e+01
   1.1415481e+01
  -6.6392341e+00
   1.4728423e+01
  -3.3943502e+01
   1.6765646e+00
  -1.9811884e+01
   1.4936972e+01
  -2.1005719e+01
   1.8592600e+01
  -3.7546741e+00
  -1.1138083e+01
  -4.4380280e+01
  -5.4363152e+00
  -4.5171678e+01
   1.5370427e+01
   1.6147226e+00
   1.0323542e+01
  -7.5470810e+00
  -4.8632136e+01
  -3.0428351e+01
   2.2337827e+01
  -1.9338130e+01
  -2.8729246e+01
   8.6021637e+00
  -4.3948604e+01
  -2.9068540e+01
   2.1005627e+01
   2.8358555e+01
   2.8755374e+01
   2.1106387e+01
   2.3742788e+01
  -1.0498266e+01
   1.8874734e+01
  -3.7931909e+01
   2.1987606e+01
   2.7728170e+01
  -3.9754271e+01
   3.9467716e+00
   2.1831051e+01
   1.2099835e+01
   1.0272019e+01
   7.1799078e+00
  -1.8448017e+01
  -1.3132929e+01
   1.7975866e+01
   1.1458852e+01
  -4.7241993e+01
  -4.9027289e+01
  -2.8604919e+01
  -3.5888285e+01
  -3.1868202e+01
   1.3330463e+01
   2.0810671e+01
   2.7382456e+01
  -2.8330776e+01
   1.9034848e+00
  -2.2259465e+01
   1.8149596e+01
  -3.6873703e+01
   1.3940813e+01
   2.4539809e+01
   2.1409512e+01
  -3.6210488e+01
  -2.7433147e+01
   1.1950556e+01
  -1.3926274e+01
  -4.5196379e+00
   6.2197813e+00
  -4.3886011e+01
   2.2982570e+01
  -3.6582150e+01
   4.5301469e+00
  -1.5161055e+01
   2.3167455e+01
  -4.9646898e+01
   1.2552791e+01
   2.7209028e+01
   1.6958918e+00
   1.6772377e+01
  -1.4164956e+01
  -1.8724647e+01
   1.7589421e+01
  -1.4500905e+01
  -2.2294899e+01
  -4.7783378e+01
   2.4853367e+01
  -9.7677636e+00
   1.6886656e+01
  -2.6503284e+01
  -2.0732938e+01
   6.0621992e+00
  -9.2845123e+00
  -2.7311039e+01
  -4.3217842e+01
  -2.9602783e+01
  -4.4960311e+01
  -3.2165380e+01
   2.0268463e+00
   6.8194016e+00
  -4.9075633e+01
  -2.2521000e+01
  -4.5762635e+01
   7.9699891e+00
  -3.8490502e+01
  -2.2487433e-01
  -1.8484722e+00
  -3.9085269e+01
  -3.9177922e+01
   2.2472941e+01
  -3.8801130e+01
  -3.9113007e+01
  -4.8240563e+01
   6.9382170e+00
   1.2206636e+01
  -2.3816073e+01
  -5.8151156e-01
  -3.9964697e+01
  -2.8747864e+01
   4.6329398e+00
  -2.2773971e+01
  -2.8341687e+01
  -2.1885415e+01
   1.8717886e+01
  -2.6535548e+01
  -7.4894623e+00
   8.3963723e+00
   2.4283782e+01
  -3.8123120e+01
  -1.0475771e+01
  -1.7587318e+01
  -3.2209718e+01
  -6.1452763e+00
  -3.9861308e-01
  -2.8767591e+01
   1.3077563e+01
   2.2755266e+00
  -2.3940879e+01
   2.6302413e+01
  -4.9285287e+01
  -1.1687640e+01
  -4.6068726e+01
   9.7741913e+00
  -4.8365794e+01
  -2.9855229e+01
  -2.7909347e+01
  -2.7871937e+01
   6.9579354e+00
  -9.0995215e-01
   2.9209687e+01
  -3.2780169e+00
  -4.7118138e+01
   2.2418411e+01
  -2.8586510e+01
   2.3046244e+01
  -5.6090865e+00
   2.2106366e+01
  -2.2837198e+01
   7.4242532e+00
  -8.6123797e+00
  -4.6981241e+01
  -3.3055522e+01
  -3.2011536e+01
  -3.4433304e+01
  -1.2614510e+01
   4.9178574e-01
  -4.3843128e+01
  -3.5865426e+01
   2.2994073e+01
  -3.9264036e+01
  -3.3038089e+01
   2.8851683e+01
  -4.1258137e+01
  -5.2952795e+00
  -4.1763519e+01
  -3.7900202e+01
  -6.7257776e+00
  -3.8824035e+01
  -3.7100973e+01
  -1.0502482e+01
  -3.2126147e+01
   1.3033686e+01
  -3.3772394e+01
   2.5207820e+01
  -1.8813437e+01
   1.5915072e+01
   2.4500496e+01
   3.2930051e+00
  -3.0676145e+01
  -1.2631646e+01
  -3.3712603e+01
   6.6905954e+00
   1.4946448e+01
   2.9195568e+01
  -1.5475528e+01
   1.8446989e+01
  -2.3170692e+01
  -3.3830456e+01
   1.6262564e+01
  -1.8330830e+01
   2.2638093e+01
   5.4015752e+00
  -4.7822642e+01
   2.8101693e+01
   1.6536267e-01
  -7.1463354e+00
  -3.3870882e+00
  -4.6350475e+01
   2.2108699e+01
  -4.8890116e+01
  -3.9790902e+01
  -2.0083240e+01
  -2.8585901e+01
  -4.9768884e+01
   5.8308887e+00
  -4.8429816e+01
   1.4974687e+01
  -3.7125857e+01
  -2.5703694e+01
   3.5949314e+00
  -3.7118859e+01
   1.3286690e+01
   1.0603564e+01
  -3.6647893e+01
  -4.6297705e+01
  -7.3738853e+00
   1.0622152e+01
   1.3524767e+01
   2.1552798e+01
  -4.8003177e+00
   1.3902518e+01
   1.3643214e+01
   3.2878703e+00
   2.8678713e+01
  -1.4767563e+01
   1.8011807e+01
   2.6947596e+01
  -3.9396423e+01
   2.1344247e+01
  -9.9407746e+00
  -3.4094807e+01
  -2.8475589e+01
  -2.5336161e+01
   1.9138350e+01
  -8.5197058e+00
  -3.5246625e+01
  -4.2479573e+01
  -4.7933173e+01
   1.9692825e+01
   2.3176829e+01
   2.2819181e+01
  -2.3958656e+01
  -2.0648347e+01
  -1.7807250e+01
  -3.5182013e+01
  -4.5115611e+01
  -9.1586332e+00
   1.5913252e+01
  -3.4563932e+01
  -1.6471366e+01
  -2.2844166e+01
   7.4372287e-01
   3.5482081e+00
  -2.6818396e+01
   1.0572317e+00
  -3.1893681e+01
  -3.7572896e+00
  -1.8651571e+01
  -2.9259621e+01
  -2.7620709e+01
   2.4324731e+01
  -2.0530948e+01
  -3.2215291e+01
   1.2248466e+01
  -4.7006172e+01
  -3.2404018e+01
   1.3470855e+01
  -2.0529033e+01
  -7.2236150e-01
   1.3900765e+01
  -4.6906077e+01
   6.6982418e+00
   1.3017048e+01
  -2.0129678e+01
  -8.0490855e+00
  -8.0326231e+00
   2.0295412e+01
   1.5308292e+01
  -8.4641148e+00
  -2.5759243e+01
  -3.6711639e+01
   2.4951624e+01
   1.2161580e+01
  -4.3857549e+01
  -4.9753811e+01
   1.9632346e+01
  -2.6725544e+00
  -3.6547534e+01
  -1.4407913e+01
  -1.5579295e+01
  -7.7078539e+00
   2.7544757e+01
   1.6926919e+01
  -3.4809536e+01
  -6.6324743e+00
   1.3375998e+01
  -5.4281299e+00
  -2.4147582e+01
   1.6599993e+01
  -2.0798843e+01
  -4.3252304e+01
  -1.1890958e+00
  -6.7003029e+00
   2.5545474e+01
   1.1903728e+01
   7.0804177e+00
   8.8942365e+00
  -1.0524138e+01
  -1.6764698e+01
  -6.9472829e-01
  -3.9238317e+00
  -3.4138951e+00
   2.8019065e+01
  -2.9725683e+00
  -1.0149743e+01
   2.8068312e+01
  -3.3505092e+00
  -3.2249108e+01
  -2.1172685e+01
  -4.1958644e+01
   2.8754561e+01
   8.5106082e+00
  -1.2778979e+01
  -1.9410772e+01
   1.4623950e+01
  -1.1587337e+01
  -1.8720937e+01
   1.4555323e+00
  -4.9431189e+01
   2.7068733e+01
   2.9949551e+01
  -6.0143850e+00
   9.3253227e+00
   2.9760751e+01
  -3.9752392e+01
  -4.2372730e+01
  -1.4741599e+01
   6.0033531e+00
  -4.8859281e+01
  -2.4216633e+00
  -1.4943963e+01
   1.1529506e+00
  -4.4549485e+01
   7.5711137e+00
  -4.2797127e+01
  -2.6770511e+01
  -1.1481375e+01
   1.9903769e+00
  -2.4158577e+01
   1.8770522e+01
  -4.9831004e+00
  -8.2033083e+00
   3.5185861e+00
   1.3400061e+01
  -2.6561628e+01
  -4.8067341e+01
  -2.5761217e+01
   3.4876606e+00
  -2.6967901e+01
  -4.0149148e+01
   8.1797097e+00
   1.3427383e+01
  -1.5042362e+01
  -1.3168588e+01
   2.0541918e+01
   2.2303385e+01
   8.3482282e+00
   1.3263193e+01
  -3.8918804e+01
  -2.8342407e+01
  -3.2711434e+01
   2.1883174e+01
   1.9448294e+01
   5.3113159e+00
   1.6882771e+01
  -2.9090901e+01
  -1.2568805e+01
  -3.7293886e+01
   1.4072224e+01
  -3.3948545e+01
   1.9841153e+00
   1.1802342e+01
   1.2539794e+01
  -3.8308353e+01
  -2.9072330e+01
  -1.9909537e+01
  -3.2233927e+01
   7.3824194e+00
   9.4478889e+00
   7.1535082e+00
  -4.0352003e+01
  -3.1210968e+01
   2.4511356e+01
   1.0785327e+01
  -2.0829498e+01
  -2.0574606e+01
   1.2606560e+01
   2.2936013e+01
  -2.7570544e+01
   2.5090394e+00
   2.5102864e+01
  -1.7493849e+01
  -4.5390542e+01
  -4.7127059e+01
  -2.5458571e+01
   2.5118033e+01
   8.8667306e+00
   1.8121884e+01
  -2.4810056e+01
  -2.3123467e+01
  -1.6297851e+00
  -2.5097455e+01
  -4.1495259e+01
   9.8577503e+00
  -3.0211825e+01
   2.3986643e+01
  -6.0913563e-01
  -1.1030783e+01
   2.9314090e+00
  -4.2715072e+01
  -2.9821059e+01
   1.0427115e+01
  -2.3863881e+01
   2.4851329e+01
   8.7086483e+00
  -4.1628711e+01
   2.3775555e+01
  -3.0829496e+01
  -8.8466785e+00
   5.7647304e+00
   1.5390948e-01
   3.5390713e+00
   1.0501758e+01
  -1.1160348e+01
  -3.6797820e+01
  -1.7254069e+01
  -1.2885738e+01
  -8.5125354e+00
   2.0381395e+01
   2.8649077e+01
   6.2266599e+00
  -4.7954169e+00
  -2.3499631e+01
  -2.2246662e+01
  -6.2852867e+00
   7.5877343e+00
   1.0417174e+01
   2.1485665e+01
   5.2394651e+00
   1.1761325e+01
  -7.7339149e+00
   7.3726457e-01
  -1.6573880e+01
  -2.7102373e+01
  -2.8234834e+01
   7.1687588e+00
  -1.2082685e+01
  -4.0702409e+01
   1.7253969e+01
  -4.8101707e+01
   1.8444426e-01
  -8.1726685e+00
  -2.2002776e+01
  -4.7242314e+00
  -3.3182772e+00
  -1.6345268e+01
   2.0879881e+01
   2.0014954e+01
  -1.4556411e+01
  -2.3931253e+01
   4.9746129e+00
   5.7808007e+00
   1.2509063e+01
   2.2861114e+01
  -4.8015655e+01
  -4.7158453e+01
  -4.6119329e+00
   2.0525487e+01
   2.8626118e+01
  -1.4179718e+01
  -1.5791792e+01
  -4.6925569e+01
   2.6588126e+01
   1.6847525e+00
   2.0079612e+01
   2.1052150e+01
  -3.2436115e+01
   1.4828728e+01
  -4.5923130e+01
   3.4744874e+00
  -6.3697945e+00
  -1.5123788e+01
   2.3249389e+01
  -1.5042291e+01
  -2.3048342e+01
  -1.0119542e+01
   1.2300311e+01
  -9.2741657e+00
   2.5390742e+01
   2.6201908e+01
  -2.9053010e+01
  -1.4237237e+01
  -3.0206669e+01
   2.4665367e+01
  -6.8502639e+00
  -4.7329383e+01
   1.1292851e+01
  -4.7163437e+01
  -4.4074235e+01
  -6.0846354e+00
  -3.3508395e+01
  -1.2285347e+01
  -2.3593942e+00
   2.2915377e+01
  -4.2245085e+01
  -3.8025577e+01
  -2.1975678e+01
  -4.1007030e+01
   1.4514364e+01
  -4.5095448e+01
  -4.9285640e+00
  -8.7366721e+00
  -2.5052560e+01
  -4.4430592e+01
  -2.4603433e+01
  -4.0626754e+01
  -4.9328972e+01
  -3.6927108e+01
   2.0698352e+01
  -4.5103347e+01
   2.6114284e+01
  -1.4163945e+01
  -4.3218751e+01
  -1.4223511e+01
  -3.6260832e+01
  -5.8314188e+00
  -3.9404984e+01
  -2.3240275e+01
  -5.3310223e+00
  -4.2524358e+01
  -4.9821607e+01
  -2.9507486e+01
   5.2791205e+00
   1.4890945e+01
  -4.8644319e+01
  -1.2224410e+01
  -2.8897978e+01
  -1.0241371e+01
   2.4322004e+01
   7.5614251e+00
   1.5998428e+01
  -4.9503664e+01
  -3.1636947e+01
   2.1526882e+01
   2.4997060e+01
   5.1861785e+00
  -1.2703588e+01
  -1.5821102e+01
  -4.0810932e+00
   2.2567513e+01
   1.4284718e+01
   1.3245813e+01
   6.8146363e+00
   2.5635241e+01
  -6.5407699e+00
   2.6318342e+01
  -1.0276122e+01
  -2.1911732e-01
   1.6401548e+01
  -5.3580882e-01
  -1.4422983e+01
  -2.9247091e+01
   7.9233749e+00
  -1.0518816e+01
  -3.1698968e+01
  -3.5396484e+01
   1.0955998e+01
   2.5581281e+01
  -2.8028364e+01
  -4.1117483e+01
  -2.1488449e+01
  -3.3306429e+01
   2.1628326e+00
   5.7167716e+00
  -2.5064695e+01
   2.9156223e+01
  -3.6198176e+01
   4.0283017e+00
  -4.5456997e+01
   5.6848705e+00
  -1.1649582e+01
  -5.7185768e+00
  -1.0101369e+01
  -2.1751076e+01
   7.5853834e+00
  -1.4321888e-01
  -3.5398463e+01
  -2.2249843e+01
  -1.8718152e+01
  -1.3734942e+00
  -4.2571451e+00
  -4.0444287e+01
  -2.2846590e+01
  -3.1796098e+01
   4.2503240e+00
   6.6143710e+00
  -1.0862191e+01
   1.2772853e+01
  -2.2804221e+01
  -2.3575941e+01
   2.2883247e-02
  -3.1102898e+01
   5.4546556e+00
   1.1515550e+01
  -1.1313990e+01
  -4.2918415e+00
   2.0447493e+01
  -1.6902600e+00
  -4.9295048e+01
  -2.7282673e+01
   1.5973434e+01
  -2.1538990e+01
  -3.5574742e+01
  -1.2992407e+01
   1.5031587e+01
   2.7265168e+01
  -1.1509440e+01
  -2.6163139e+01
   2.0096897e+01
   4.6826638e+00
   1.7820297e+01
   6.0659669e+00
  -9.6544047e+00
   1.0093049e+01
  -1.2412169e+01
   1.2945414e+01
  -2.2435864e+01
  -2.4316256e+00
  -1.0844138e+01
   1.6358716e+01
  -4.2855954e+01
  -4.3421319e+00
  -3.9689174e+01
   1.4211259e+01
  -4.5411763e+01
  -7.6731086e+00
  -1.6669664e+01
  -3.5378644e+01
  -3.2647859e+01
   2.0599270e+01
   2.3837552e+01
  -3.8361777e+01
  -4.6647885e+01
  -7.0777138e+00
   2.8309644e+01
  -1.3399030e+01
   1.7607462e+01
  -4.6308626e+00
  -8.5680346e-03
  -1.4206805e+01
  -4.7318047e+01
   1.2410939e+01
   7.3994758e+00
   2.6936793e+01
  -6.7272278e+00
  -1.7850324e+01
  -1.6182321e+01
  -3.3830068e+01
   1.4488132e+01
   2.9694588e-01
  -1.4960933e-01
  -3.8666125e+01
   1.0469395e+01
   4.3417761e+00
   2.8380447e+01
  -4.9952038e+01
   2.1312185e+01
  -4.2756753e+01
  -2.6406573e+01
   1.5859453e+01
  -7.9037180e+00
   4.5354838e+00
  -3.7323886e+01
  -3.6025726e+01
   2.5816247e+01
   4.5908417e+00
  -4.5315456e+01
  -4.2857949e+01
  -2.9718961e+01
  -3.2178257e+01
  -3.0655840e+01
   2.4988977e+01
  -4.8616792e+01
   1.4150466e+00
  -4.1083925e+01
  -3.1248857e+00
