   5.9814471e-02
  -8.8071572e-03
  -2.9250517e+00
  -3.5544107e+00
   3.7403619e+00
  -3.1477390e+00
  -3.9860397e+00
  -3.4418298e+00
   2.1901422e+00
  -8.3183078e-01
   4.4373364e+00
  -2.4122497e+00
  -1.7717636e+00
   2.7282902e+00
  -3.8807679e+00
   3.3153940e-02
  -3.5490924e+00
  -8.9301212e-01
  -5.6363229e-01
   6.2884024e+00
  -1.7635059e+00
   3.3888680e+00
   6.7194193e+00
  -1.0218201e+00
   3.3555709e+00
  -3.3470636e+00
   5.4199244e+00
  -2.1652426e+00
   3.1421961e+00
  -3.0890127e+00
  -1.5690497e+00
  -2.8114286e+00
  -2.3568201e+00
  -2.0674241e+00
   5.1960284e+00
   1.4352491e+00
  -1.8087690e+00
   1.0834224e+00
   6.3096475e+00
  -2.4012557e-01
   6.3611214e+00
   4.2883632e+00
  -3.6885343e+00
   3.2733525e+00
  -3.9724358e+00
  -3.2596930e+00
  -2.8341799e+00
   4.4171581e+00
  -1.0863466e+00
   6.2881767e+00
   5.4760677e+00
   3.8959974e+00
   2.5671596e+00
  -2.1568594e+00
   3.0849824e+00
  -1.5572975e+00
  -3.7490955e+00
   3.6632971e+00
  -7.8294607e-01
   4.4696639e+00
   2.1618679e+00
   5.4149467e+00
   3.2906893e+00
  -1.3358001e-01
   5.9061610e+00
   1.0689221e+00
   5.9088298e+00
   6.6698049e-01
  -1.6966588e+00
   1.7204734e+00
   6.9627602e+00
   5.2761008e+00
   1.5237790e+00
   5.9181982e+00
  -1.7358845e+00
   2.4506258e+00
   2.3239279e+00
   2.7536353e+00
  -3.3592531e+00
   6.7209048e+00
   1.1204835e+00
   3.1112650e+00
  -2.6518965e+00
   5.3433964e+00
  -3.3058518e+00
  -1.3267500e+00
  -3.2153745e+00
  -1.3390126e+00
   5.3902067e+00
   4.9527824e+00
   1.7825988e+00
  -1.8140143e+00
   3.7539969e+00
   5.9893414e+00
   2.0960203e+00
   4.7821388e+00
   6.3535418e+00
   4.1936186e+00
   4.9469810e+00
   6.0938939e+00
   6.5943116e+00
   1.3278709e+00
   5.9549944e-02
   9.6059381e-01
   1.6159683e+00
  -3.7195097e+00
   6.2143196e+00
   4.5895380e+00
  -4.8036817e-01
   1.5899546e+00
   5.4438606e+00
   5.4780622e+00
  -9.4299241e-01
  -3.5347921e+00
   5.4445211e+00
   4.5884861e+00
  -3.0318602e+00
  -2.4633660e+00
  -2.3967606e+00
   2.1486284e+00
  -3.8936785e+00
  -2.8220178e+00
   1.0009843e+00
  -3.0830766e+00
   2.4899938e+00
   2.9931802e+00
  -3.3426740e+00
  -1.3875397e+00
   6.6373522e+00
   1.1895594e+00
   2.3630409e+00
   2.0761202e+00
   4.0471656e+00
   1.1386137e-01
   4.8747264e+00
   3.3775966e+00
   2.7142657e+00
  -8.8620608e-01
   1.6919027e+00
   4.3947772e+00
   1.0472904e+00
   6.9075347e-01
   5.4128539e-01
   4.3925119e+00
   2.7824243e+00
   5.3802952e+00
   4.7971589e+00
  -3.9322952e+00
  -9.0564949e-01
   3.0389506e+00
  -5.0140291e-01
   5.6717178e+00
   2.2378609e-01
   2.2969279e+00
  -1.1257016e+00
  -3.0942472e+00
   6.3052385e+00
   1.9347718e+00
   2.1213255e+00
   2.0505628e+00
   4.7594164e+00
  -9.0021867e-01
   6.4642787e+00
   5.6199163e-01
  -3.3294677e+00
   3.5731824e+00
  -3.4393975e+00
   6.2985391e+00
   6.7167428e+00
  -3.7549748e+00
   5.7158557e-01
   5.9888761e+00
  -1.3366413e+00
   4.3853032e-01
  -4.0847361e-01
  -3.9245738e+00
   6.6482146e+00
   5.1283644e+00
  -3.3654911e-01
   6.9416461e+00
  -3.2666607e+00
  -3.2875429e+00
   4.5867187e+00
   6.2876102e+00
   2.2011988e+00
  -2.7122939e+00
   6.2949370e+00
   3.9843709e+00
  -3.5702602e+00
  -3.1266564e+00
   4.2179532e+00
   2.1193139e+00
   1.8994580e+00
  -3.3723922e+00
   2.3591239e+00
   4.2134766e+00
   2.9027840e+00
   5.5623864e+00
   6.3848687e+00
   7.9061094e-01
   6.3619435e+00
  -3.2518266e+00
   1.7298289e+00
   6.8320997e+00
  -3.4979801e+00
   4.9295001e+00
   5.2126864e+00
   2.3071008e+00
  -1.8645172e+00
  -3.3653901e+00
  -2.9551435e+00
   2.9536545e+00
  -2.2805166e-01
   1.4828756e+00
   2.6919340e+00
   6.2361776e+00
  -3.0560489e+00
   5.8309466e+00
   5.6772654e+00
   1.5745331e+00
   5.7071172e+00
   2.8565910e+00
   4.7672224e+00
  -3.0804051e+00
   5.6011914e+00
  -1.0171922e+00
   5.8187119e+00
   3.0254447e+00
   3.2839803e+00
   3.0010420e+00
  -2.0347740e+00
   3.5197802e+00
   5.6178721e+00
  -2.7840996e-01
   9.0766052e-01
  -3.4243764e+00
   4.4878361e+00
  -1.0461649e+00
   2.5802547e+00
  -3.4686970e+00
   5.3996970e+00
   2.5064261e+00
   8.7758927e-01
  -1.2146242e+00
  -8.9606371e-01
  -2.6425169e+00
   3.8124935e+00
  -3.3757040e+00
   4.0166059e+00
   3.2231266e+00
   2.5392446e+00
   6.8919237e+00
   3.1754007e-02
   7.0613484e-01
   2.7081852e+00
  -1.9812568e+00
   1.3438863e+00
  -3.0753883e+00
   1.5490700e+00
  -2.1867471e+00
  -3.1848549e+00
   2.4058995e+00
   6.7380821e+00
  -3.1718004e+00
  -1.7372145e+00
  -1.3621100e+00
   3.1483576e+00
   6.7651712e+00
   4.2912562e+00
   6.0745273e+00
  -2.1192633e+00
  -2.4550501e+00
   5.3925444e+00
  -2.9798448e+00
   2.3137727e-01
   5.4584642e+00
  -1.4871022e+00
   3.3424123e+00
   4.6847758e+00
  -1.7492489e+00
   3.3946666e+00
  -1.0425739e+00
   5.0964388e+00
   2.6595603e+00
  -2.7020866e+00
   4.4685028e+00
  -3.0239277e+00
  -1.4457679e-01
  -1.7717425e+00
   6.6408245e+00
   8.6047888e-02
   5.1742880e+00
   4.8486598e+00
  -3.4455963e+00
   2.1608128e+00
   7.6869792e-01
   5.4722966e+00
   5.5144819e-01
  -2.1441874e+00
   5.6577379e+00
  -1.5548600e+00
   5.2752913e+00
   1.9918541e+00
   2.3749495e+00
  -3.1220132e+00
   3.3046943e+00
   1.5402995e+00
   1.9480145e+00
  -2.7952366e+00
   1.3648047e+00
  -1.2929937e+00
   4.4955458e+00
   4.3500100e+00
   3.7973996e+00
   2.3734441e+00
   5.5559096e+00
   6.5570780e+00
  -2.8164539e+00
  -3.1071664e+00
   4.7476216e-01
  -1.2584787e+00
   5.0299817e+00
   3.0296249e+00
   5.7943613e+00
   1.0023504e+00
  -2.6329434e+00
   4.8586472e+00
   1.7930013e+00
   1.0897720e+00
  -3.6459524e-01
   2.7382562e+00
   6.1269767e+00
  -2.0008032e+00
  -8.5753900e-01
   5.0601726e+00
  -1.5602829e+00
   4.0797187e+00
   6.2956091e-01
   2.7272735e+00
   6.0465367e-01
  -1.3725415e+00
   6.3245021e+00
   6.1400876e+00
   5.9829881e-01
  -3.6955553e+00
   5.4007004e+00
  -3.7802681e+00
   3.8771422e+00
   5.6347306e-01
  -4.4957059e-01
   5.4172196e+00
  -1.1394328e+00
   6.3183389e-01
  -2.9687474e+00
  -3.7789212e+00
   6.6947816e+00
  -6.7800333e-01
   2.9629952e+00
   6.1550035e-01
   2.7201983e+00
   2.6708958e+00
   2.8712481e-01
   4.5926477e+00
   4.1705402e-01
   5.5644302e+00
   3.5780041e+00
  -2.2197073e+00
  -3.4310052e+00
  -1.1967163e+00
  -2.6260762e-04
  -3.1020104e+00
  -1.7064033e-01
  -1.8578597e+00
   5.9082445e+00
  -1.4811644e+00
   6.6266302e+00
  -1.3715427e+00
  -1.4224965e+00
  -9.3289010e-01
   2.5815239e+00
  -3.8350899e+00
  -1.7196515e+00
   2.6886268e+00
  -2.4239595e+00
   1.5194300e+00
  -1.9986803e+00
   3.9439701e-01
   4.0462387e+00
   6.9566174e+00
   5.7041962e-01
  -3.5451682e+00
  -2.0607744e+00
   6.6912850e-01
   4.9927472e+00
   4.4617240e+00
  -7.5156601e-01
  -3.9354384e+00
  -1.2698471e+00
  -2.9924393e+00
   3.0029151e+00
  -6.2108801e-01
   3.1330888e+00
  -3.3315264e+00
   6.1892748e+00
  -3.0501196e+00
   1.9593671e-01
  -3.9470582e+00
   2.3698619e+00
  -3.8916287e+00
  -2.8572677e+00
   5.0292355e+00
  -3.6228366e+00
   1.4790447e+00
  -1.6004565e+00
   4.0467387e+00
   5.8800951e+00
   2.2155009e+00
   2.9072158e+00
   5.2804953e+00
   6.7776863e+00
   3.8786136e+00
   3.7976284e+00
   6.0514538e+00
  -6.4380568e-02
  -2.1749225e+00
   6.9728192e+00
  -3.7245511e+00
   2.2784603e+00
  -2.9721045e+00
   5.7049034e+00
   1.7581288e+00
  -2.5399169e+00
  -7.4702559e-02
   4.8744793e+00
  -5.1806420e-01
   6.7341850e+00
   5.2158219e+00
  -7.3455326e-01
   5.1710978e-01
   6.6111961e+00
   1.3356685e+00
  -3.4602010e+00
   1.5198566e+00
   6.1357917e+00
   6.9747697e+00
   6.4681034e+00
   4.7229112e+00
   5.4100735e+00
   6.4023669e+00
   3.7815317e+00
   1.7270631e+00
   4.4318387e+00
   6.2873915e+00
   2.8950230e+00
   4.4831570e+00
   1.8949362e+00
   8.4867969e-01
  -1.9699825e+00
  -3.1511023e+00
  -1.3333020e+00
   5.8234982e+00
   5.4923394e+00
   2.3770857e+00
   5.6842540e+00
   2.8436005e+00
   1.0745691e+00
  -2.7708992e+00
   6.1573145e+00
   3.5236159e+00
   1.7615132e+00
  -1.1672052e+00
  -1.4515930e+00
   4.9908139e+00
   2.3511650e+00
   3.2994234e+00
   4.3599437e+00
   2.1472519e+00
   4.4023337e+00
  -7.0997894e-01
  -3.7222116e+00
   4.5063418e+00
  -2.6139266e+00
   1.7360644e+00
  -3.1132741e+00
  -3.9358259e+00
   1.3750622e+00
   4.6750732e+00
  -3.1165076e+00
  -2.3382687e-02
  -2.4816745e+00
   3.6762294e+00
   3.7918955e+00
   2.3318858e-01
   2.6253804e+00
   6.5439865e+00
   5.3930916e+00
  -1.0444441e+00
  -1.1424385e+00
  -1.8288776e+00
   1.6038004e+00
  -3.3443624e+00
  -2.0652952e+00
   2.3648291e-01
   1.7502158e+00
  -2.2980369e+00
   2.9670420e-01
   1.6346687e+00
   5.5800742e-02
   2.6959380e+00
   5.6869051e+00
   1.7852685e+00
   9.1149666e-01
   4.2683431e+00
  -1.3319908e+00
  -2.7053849e+00
   6.5498720e+00
  -1.6738754e+00
   4.9481432e+00
   2.3836112e+00
   2.7794243e+00
  -3.9251639e+00
   2.2755523e+00
  -9.5698858e-01
   1.1952698e+00
  -1.1784427e+00
  -1.6277915e+00
   6.6013067e+00
   2.0709943e+00
   2.8850413e+00
  -1.6285120e+00
  -2.4351770e-01
   6.1903956e+00
   5.4292929e+00
  -1.8002426e+00
   4.1579479e+00
   2.8041040e-01
   3.3412438e+00
   2.7880772e+00
  -3.6478398e+00
  -5.9187579e-01
   4.2568774e+00
   5.7774430e+00
  -1.8187485e+00
   3.1970218e+00
   2.6047947e+00
  -1.4006797e-01
   3.4954283e+00
   6.9248145e+00
  -1.0002283e+00
   3.5254500e-01
   1.2220363e+00
   8.9979768e-01
  -3.4976263e+00
   3.4083149e-01
   5.2110368e+00
  -2.3524462e+00
   1.2253825e+00
   8.2759338e-01
   9.1855670e-01
   5.6550492e+00
  -1.2429515e+00
   2.5194331e+00
  -1.9999383e+00
  -2.4451425e+00
   2.9811545e+00
   4.4481183e+00
   4.4399649e+00
   2.6076535e-01
  -1.5228511e-01
   3.9468922e+00
   5.3367763e+00
   2.5923091e+00
   1.4634203e+00
   2.8004428e+00
   6.0919471e+00
   4.7471666e+00
  -1.3105195e+00
   6.3986313e+00
   3.7077019e+00
   2.9952536e+00
   2.4824310e+00
   5.4523732e+00
   1.7727653e+00
   2.2101927e+00
  -1.9056854e+00
   6.8776009e+00
   4.0551734e+00
  -3.5024152e+00
   2.2374015e-01
   6.9490973e+00
   2.9843921e+00
  -2.7404248e+00
   5.0768748e+00
  -2.5809001e+00
   4.2325419e+00
  -1.4775489e+00
   1.6341498e+00
   5.4292017e+00
   6.6978303e+00
   5.9869752e+00
   3.3415207e+00
   3.3027688e+00
   6.4278831e-02
   4.5846166e+00
  -1.4094344e+00
   1.8758243e+00
   1.1973968e+00
  -1.5883537e-01
   6.0275967e+00
  -3.8458606e+00
  -3.9073439e+00
   9.7228146e-02
   5.6996291e+00
  -1.1942877e+00
   6.1098334e+00
  -1.2977982e+00
   3.9564758e+00
   5.9070060e+00
  -3.6883209e+00
   5.8044396e+00
  -2.2980691e+00
   4.0008534e+00
  -2.7850319e+00
   2.0604712e+00
   4.9992774e+00
   2.2787423e-01
  -3.5583744e+00
   3.0073186e-01
  -3.5638825e+00
   2.9161344e+00
   1.4099432e+00
  -2.9163968e-02
   2.4772664e+00
   2.4461603e+00
   5.5228697e+00
   1.8447703e+00
  -5.2971967e-01
   1.9165709e+00
   1.6285794e+00
   6.3154584e+00
   1.4810302e+00
   1.2987743e-02
  -1.7597821e+00
   3.3568035e+00
  -8.0942754e-01
  -1.8163123e-01
   5.4134879e+00
  -3.9651016e+00
  -6.6343388e-01
   3.6095379e+00
   1.5368736e+00
   5.6449480e+00
   6.8871642e+00
   6.7039266e+00
   3.1911004e+00
  -2.8890550e+00
   2.3117260e+00
   4.9827412e+00
   5.9495035e+00
  -2.8444393e+00
  -1.1548588e+00
   3.9441677e+00
  -1.2461551e+00
  -3.1819564e+00
   2.7105712e+00
   1.3200159e+00
   3.4189134e+00
  -3.6275846e-01
  -3.0508153e+00
   6.2042400e+00
   1.7585360e+00
   5.4309652e+00
  -1.6284243e+00
  -3.2113441e+00
   1.8292782e+00
   4.2669166e+00
   6.1593654e+00
   6.2772957e+00
   6.0324594e+00
   5.2214310e+00
   4.9203343e+00
   3.1197169e+00
  -3.9885309e+00
  -3.2817048e+00
   6.0194606e+00
  -3.8429574e+00
  -6.7952501e-01
   4.2698661e+00
   8.5719020e-01
  -6.4775174e-03
  -3.1277674e+00
   3.5284944e+00
  -2.8702620e+00
   6.3396062e+00
  -1.6095581e+00
  -2.2514001e+00
   2.8274615e+00
   3.6927524e+00
   6.1964882e+00
   6.5318056e+00
   5.7688124e-01
   3.0840490e+00
   3.6583623e+00
  -2.9599779e+00
  -4.0060408e-01
   5.9997608e+00
   2.6806839e+00
  -2.1540322e+00
  -1.4505328e+00
   2.7727509e+00
   2.2882457e+00
   5.7251181e+00
  -5.1517927e-01
  -1.2840904e+00
  -5.8414958e-01
   1.6043377e+00
  -1.7032185e+00
  -3.9732732e+00
   2.3696063e+00
  -2.3331073e+00
   5.6040159e-01
  -2.4272228e+00
  -3.0394016e+00
   6.7029572e+00
  -2.6177053e+00
  -1.6967265e+00
   7.8073953e-01
   1.5916852e-01
  -1.9108836e-01
  -3.8999015e+00
  -3.3803757e+00
   6.9390808e+00
   1.8317371e+00
  -3.0980568e-03
   1.3196232e+00
   6.8279413e+00
  -3.0953192e+00
   6.5798490e+00
   6.1568121e+00
  -3.0664025e+00
  -1.3909767e+00
   6.0038246e+00
   6.3387511e+00
  -3.3064706e+00
   3.1916473e+00
  -2.8033461e+00
   6.2982217e-01
  -2.3525219e+00
  -7.8522048e-02
   3.2141080e+00
   6.0527656e+00
   6.5737604e+00
   5.3093539e+00
   2.0640467e+00
   6.6845073e+00
   2.6799052e+00
   1.7405785e+00
   4.1530420e+00
  -3.8271410e+00
   3.5297996e+00
   3.0632295e+00
   4.3599714e+00
   2.0952449e+00
   2.5382418e+00
  -1.7045494e+00
  -1.0182579e+00
   6.6110383e+00
   3.9502038e+00
   5.4511886e-01
   2.7577432e+00
  -1.3402211e+00
  -8.0985680e-01
   6.4206962e+00
   4.7422765e+00
  -3.8752296e+00
   2.4264690e+00
  -1.0088887e+00
   2.1345113e+00
  -3.5000478e-01
   3.3429488e+00
  -2.8129231e+00
  -3.8467921e+00
   1.7832385e+00
  -9.7186349e-01
   9.2927006e-01
  -5.9349047e-01
   2.3533482e+00
   4.9964023e+00
   3.9641931e+00
   5.1731491e+00
   4.4269312e+00
   1.1465961e+00
   1.8402827e-01
  -2.9487156e-01
   4.8126813e+00
   2.8507850e+00
  -2.7240761e+00
   5.8120122e+00
   1.5639891e+00
  -3.5248187e+00
  -4.8901569e-01
   2.6275584e+00
   4.5632072e+00
   3.6460566e+00
  -2.6364844e+00
   1.9960577e+00
  -4.5455443e-01
  -3.8754139e+00
  -3.7944612e+00
  -8.4582619e-01
   6.7430129e+00
   6.1334173e+00
   1.9498427e+00
   8.0305816e-01
   2.6981248e+00
  -2.8869141e+00
   5.1368361e-01
   4.3657745e+00
  -2.9182687e+00
  -6.0148508e-02
   8.4007050e-01
   2.8382534e+00
  -2.9424970e+00
   2.6595660e+00
  -1.0858815e+00
   2.9003275e+00
  -1.3687827e+00
   4.3831935e+00
  -1.0395625e+00
  -2.1946351e+00
  -1.8778995e+00
  -3.2663136e+00
   4.6785894e+00
  -2.9932972e+00
  -2.8086530e+00
   4.2091291e+00
  -6.6733931e-01
   1.3565097e-01
   1.7431145e+00
   5.5879369e+00
  -2.9628832e+00
   5.4207852e+00
  -1.6668907e+00
   1.5981327e+00
   4.6784150e+00
   2.1524423e+00
  -3.8799415e+00
   1.7149151e-02
   3.9841880e+00
   5.9339870e+00
  -3.3135513e+00
   2.9847884e+00
  -1.6032201e+00
   5.2971168e+00
  -3.4200248e-01
   1.1469074e+00
   6.5205769e+00
   6.8124279e+00
  -7.0656325e-01
   4.4313707e+00
   2.7640249e+00
  -3.7481981e+00
   2.7551782e+00
   2.2063963e+00
  -1.2835163e+00
   2.0751063e+00
   2.3913901e+00
  -1.5852067e+00
  -3.9419446e+00
   3.8223502e+00
   1.7360639e-01
   3.3812372e+00
   4.8237507e+00
   1.5534088e+00
  -2.6071992e+00
   4.4155047e+00
   2.4794676e-02
   3.3138528e+00
   6.9150860e+00
   1.4337286e+00
  -6.0871855e-01
  -2.5837615e+00
   8.5425489e-01
  -1.7221213e-01
  -1.4184440e+00
  -3.3583192e+00
   3.9312652e+00
  -1.7212236e+00
  -2.3913643e+00
   1.4596016e+00
   6.0039985e-01
   3.5416427e+00
  -1.8930371e+00
   4.8972828e+00
   6.6642887e+00
  -3.0699061e+00
  -2.1769128e+00
   5.6085537e+00
  -1.8457041e+00
  -1.3688871e-01
  -3.5185803e+00
   1.7978972e+00
   4.1701850e+00
  -3.8748240e+00
   9.9873254e-02
   3.5496269e+00
   5.6569655e+00
   2.0335830e+00
  -1.3008483e+00
   4.3694811e+00
   5.5706347e+00
   1.4911091e-01
   5.5690975e+00
   5.0909832e+00
   5.0152259e+00
   6.4849644e+00
   4.9342095e-01
  -1.4851563e+00
  -3.1869764e+00
   3.2019645e+00
   1.3948812e+00
   2.5040696e+00
   3.8457937e+00
   6.8311247e+00
  -1.8806118e+00
   4.1331942e+00
   4.0629048e-01
   8.0258059e-02
  -3.7668081e+00
   2.5615415e+00
   2.1993971e+00
   3.3770033e+00
   3.8533067e+00
  -8.5360530e-01
   3.1943241e+00
   2.2810309e-02
   4.0801362e+00
   2.5136667e+00
  -1.1784579e+00
   5.4368366e+00
  -3.6226518e+00
  -3.5314113e-01
   5.7123115e+00
   5.7885998e+00
  -2.3105117e+00
   1.8954041e+00
   1.7173214e+00
   2.9170057e+00
   3.4334063e+00
  -5.7912476e-02
  -3.3658824e+00
   4.9025502e-01
  -1.0239895e+00
   5.8335032e+00
  -2.5725633e+00
  -1.1093438e+00
  -3.6096528e+00
   6.6211009e-01
   4.8772284e-01
  -1.9947847e+00
   2.1186742e+00
   5.7970178e+00
   2.7457886e+00
   1.5923322e+00
   5.9799974e+00
  -2.2506683e+00
  -2.4614361e+00
  -3.4474982e+00
  -4.2499161e-01
   4.0402279e+00
   6.0321118e+00
   4.4821871e+00
   1.8904679e+00
  -1.9580370e+00
   1.7199687e-01
  -3.9508546e+00
   4.2917656e+00
   4.7067050e+00
   8.3236759e-01
  -1.0630778e+00
   2.1094555e+00
  -1.1047441e+00
  -2.1131997e-01
   9.3933163e-01
  -1.3061740e+00
  -2.2317049e+00
   5.0226554e-01
  -3.7037411e+00
   4.7101315e+00
  -8.3170514e-01
   5.0324422e+00
   4.2159707e+00
  -2.1241937e+00
   5.5046893e+00
  -2.1374979e+00
   5.1923140e+00
  -3.3019249e+00
   5.0045259e-01
   4.6733499e+00
  -4.3606746e-01
   5.9814471e-02
  -8.8071572e-03
  -2.9250517e+00
  -3.5544107e+00
   3.7403619e+00
  -3.1477390e+00
  -3.9860397e+00
  -3.4418298e+00
   2.1901422e+00
  -8.3183078e-01
   4.4373364e+00
  -2.4122497e+00
  -1.7717636e+00
   2.7282902e+00
  -3.8807679e+00
   3.3153940e-02
  -3.5490924e+00
  -8.9301212e-01
  -5.6363229e-01
   6.2884024e+00
  -1.7635059e+00
   3.3888680e+00
   6.7194193e+00
  -1.0218201e+00
   3.3555709e+00
  -3.3470636e+00
   5.4199244e+00
  -2.1652426e+00
   3.1421961e+00
  -3.0890127e+00
  -1.5690497e+00
  -2.8114286e+00
  -2.3568201e+00
  -2.0674241e+00
   5.1960284e+00
   1.4352491e+00
  -1.8087690e+00
   1.0834224e+00
   6.3096475e+00
  -2.4012557e-01
   6.3611214e+00
   4.2883632e+00
  -3.6885343e+00
   3.2733525e+00
  -3.9724358e+00
  -3.2596930e+00
  -2.8341799e+00
   4.4171581e+00
  -1.0863466e+00
   6.2881767e+00
   5.4760677e+00
   3.8959974e+00
   2.5671596e+00
  -2.1568594e+00
   3.0849824e+00
  -1.5572975e+00
  -3.7490955e+00
   3.6632971e+00
  -7.8294607e-01
   4.4696639e+00
   2.1618679e+00
   5.4149467e+00
   3.2906893e+00
  -1.3358001e-01
   5.9061610e+00
   1.0689221e+00
   5.9088298e+00
   6.6698049e-01
  -1.6966588e+00
   1.7204734e+00
   6.9627602e+00
   5.2761008e+00
   1.5237790e+00
   5.9181982e+00
  -1.7358845e+00
   2.4506258e+00
   2.3239279e+00
   2.7536353e+00
  -3.3592531e+00
   6.7209048e+00
   1.1204835e+00
   3.1112650e+00
  -2.6518965e+00
   5.3433964e+00
  -3.3058518e+00
  -1.3267500e+00
  -3.2153745e+00
  -1.3390126e+00
   5.3902067e+00
   4.9527824e+00
   1.7825988e+00
  -1.8140143e+00
   3.7539969e+00
   5.9893414e+00
   2.0960203e+00
   4.7821388e+00
   6.3535418e+00
   4.1936186e+00
   4.9469810e+00
   6.0938939e+00
   6.5943116e+00
   1.3278709e+00
   5.9549944e-02
   9.6059381e-01
   1.6159683e+00
  -3.7195097e+00
   6.2143196e+00
   4.5895380e+00
  -4.8036817e-01
   1.5899546e+00
   5.4438606e+00
   5.4780622e+00
  -9.4299241e-01
  -3.5347921e+00
   5.4445211e+00
   4.5884861e+00
  -3.0318602e+00
  -2.4633660e+00
  -2.3967606e+00
   2.1486284e+00
  -3.8936785e+00
  -2.8220178e+00
   1.0009843e+00
  -3.0830766e+00
   2.4899938e+00
   2.9931802e+00
  -3.3426740e+00
  -1.3875397e+00
   6.6373522e+00
   1.1895594e+00
   2.3630409e+00
   2.0761202e+00
   4.0471656e+00
   1.1386137e-01
   4.8747264e+00
   3.3775966e+00
   2.7142657e+00
  -8.8620608e-01
   1.6919027e+00
   4.3947772e+00
   1.0472904e+00
   6.9075347e-01
   5.4128539e-01
   4.3925119e+00
   2.7824243e+00
   5.3802952e+00
   4.7971589e+00
  -3.9322952e+00
  -9.0564949e-01
   3.0389506e+00
  -5.0140291e-01
   5.6717178e+00
   2.2378609e-01
   2.2969279e+00
  -1.1257016e+00
  -3.0942472e+00
   6.3052385e+00
   1.9347718e+00
   2.1213255e+00
   2.0505628e+00
   4.7594164e+00
  -9.0021867e-01
   6.4642787e+00
   5.6199163e-01
  -3.3294677e+00
   3.5731824e+00
  -3.4393975e+00
   6.2985391e+00
   6.7167428e+00
  -3.7549748e+00
   5.7158557e-01
   5.9888761e+00
  -1.3366413e+00
   4.3853032e-01
  -4.0847361e-01
  -3.9245738e+00
   6.6482146e+00
   5.1283644e+00
  -3.3654911e-01
   6.9416461e+00
  -3.2666607e+00
  -3.2875429e+00
   4.5867187e+00
   6.2876102e+00
   2.2011988e+00
  -2.7122939e+00
   6.2949370e+00
   3.9843709e+00
  -3.5702602e+00
  -3.1266564e+00
   4.2179532e+00
   2.1193139e+00
   1.8994580e+00
  -3.3723922e+00
   2.3591239e+00
   4.2134766e+00
   2.9027840e+00
   5.5623864e+00
   6.3848687e+00
   7.9061094e-01
   6.3619435e+00
  -3.2518266e+00
   1.7298289e+00
   6.8320997e+00
  -3.4979801e+00
   4.9295001e+00
   5.2126864e+00
   2.3071008e+00
  -1.8645172e+00
  -3.3653901e+00
  -2.9551435e+00
   2.9536545e+00
  -2.2805166e-01
   1.4828756e+00
   2.6919340e+00
   6.2361776e+00
  -3.0560489e+00
   5.8309466e+00
   5.6772654e+00
   1.5745331e+00
   5.7071172e+00
   2.8565910e+00
   4.7672224e+00
  -3.0804051e+00
   5.6011914e+00
  -1.0171922e+00
   5.8187119e+00
   3.0254447e+00
   3.2839803e+00
   3.0010420e+00
  -2.0347740e+00
   3.5197802e+00
   5.6178721e+00
  -2.7840996e-01
   9.0766052e-01
  -3.4243764e+00
   4.4878361e+00
  -1.0461649e+00
   2.5802547e+00
  -3.4686970e+00
   5.3996970e+00
   2.5064261e+00
   8.7758927e-01
  -1.2146242e+00
  -8.9606371e-01
  -2.6425169e+00
   3.8124935e+00
  -3.3757040e+00
   4.0166059e+00
   3.2231266e+00
   2.5392446e+00
   6.8919237e+00
   3.1754007e-02
   7.0613484e-01
   2.7081852e+00
  -1.9812568e+00
   1.3438863e+00
  -3.0753883e+00
   1.5490700e+00
  -2.1867471e+00
  -3.1848549e+00
   2.4058995e+00
   6.7380821e+00
  -3.1718004e+00
  -1.7372145e+00
  -1.3621100e+00
   3.1483576e+00
   6.7651712e+00
   4.2912562e+00
   6.0745273e+00
  -2.1192633e+00
  -2.4550501e+00
   5.3925444e+00
  -2.9798448e+00
   2.3137727e-01
   5.4584642e+00
  -1.4871022e+00
   3.3424123e+00
   4.6847758e+00
  -1.7492489e+00
   3.3946666e+00
  -1.0425739e+00
   5.0964388e+00
   2.6595603e+00
  -2.7020866e+00
   4.4685028e+00
  -3.0239277e+00
  -1.4457679e-01
  -1.7717425e+00
   6.6408245e+00
   8.6047888e-02
   5.1742880e+00
   4.8486598e+00
  -3.4455963e+00
   2.1608128e+00
   7.6869792e-01
   5.4722966e+00
   5.5144819e-01
  -2.1441874e+00
   5.6577379e+00
  -1.5548600e+00
   5.2752913e+00
   1.9918541e+00
   2.3749495e+00
  -3.1220132e+00
   3.3046943e+00
   1.5402995e+00
   1.9480145e+00
  -2.7952366e+00
   1.3648047e+00
  -1.2929937e+00
   4.4955458e+00
   4.3500100e+00
   3.7973996e+00
   2.3734441e+00
   5.5559096e+00
   6.5570780e+00
  -2.8164539e+00
  -3.1071664e+00
   4.7476216e-01
  -1.2584787e+00
   5.0299817e+00
   3.0296249e+00
   5.7943613e+00
   1.0023504e+00
  -2.6329434e+00
   4.8586472e+00
   1.7930013e+00
   1.0897720e+00
  -3.6459524e-01
   2.7382562e+00
   6.1269767e+00
  -2.0008032e+00
  -8.5753900e-01
   5.0601726e+00
  -1.5602829e+00
   4.0797187e+00
   6.2956091e-01
   2.7272735e+00
   6.0465367e-01
  -1.3725415e+00
   6.3245021e+00
   6.1400876e+00
   5.9829881e-01
  -3.6955553e+00
   5.4007004e+00
  -3.7802681e+00
   3.8771422e+00
   5.6347306e-01
  -4.4957059e-01
   5.4172196e+00
  -1.1394328e+00
   6.3183389e-01
  -2.9687474e+00
  -3.7789212e+00
   6.6947816e+00
  -6.7800333e-01
   2.9629952e+00
   6.1550035e-01
   2.7201983e+00
   2.6708958e+00
   2.8712481e-01
   4.5926477e+00
   4.1705402e-01
   5.5644302e+00
   3.5780041e+00
  -2.2197073e+00
  -3.4310052e+00
  -1.1967163e+00
  -2.6260762e-04
  -3.1020104e+00
  -1.7064033e-01
  -1.8578597e+00
   5.9082445e+00
  -1.4811644e+00
   6.6266302e+00
  -1.3715427e+00
  -1.4224965e+00
  -9.3289010e-01
   2.5815239e+00
  -3.8350899e+00
  -1.7196515e+00
   2.6886268e+00
  -2.4239595e+00
   1.5194300e+00
  -1.9986803e+00
   3.9439701e-01
   4.0462387e+00
   6.9566174e+00
   5.7041962e-01
  -3.5451682e+00
  -2.0607744e+00
   6.6912850e-01
   4.9927472e+00
   4.4617240e+00
  -7.5156601e-01
  -3.9354384e+00
  -1.2698471e+00
  -2.9924393e+00
   3.0029151e+00
  -6.2108801e-01
   3.1330888e+00
  -3.3315264e+00
   6.1892748e+00
  -3.0501196e+00
   1.9593671e-01
  -3.9470582e+00
   2.3698619e+00
  -3.8916287e+00
  -2.8572677e+00
   5.0292355e+00
  -3.6228366e+00
   1.4790447e+00
  -1.6004565e+00
   4.0467387e+00
   5.8800951e+00
   2.2155009e+00
   2.9072158e+00
   5.2804953e+00
   6.7776863e+00
   3.8786136e+00
   3.7976284e+00
   6.0514538e+00
  -6.4380568e-02
  -2.1749225e+00
   6.9728192e+00
  -3.7245511e+00
   2.2784603e+00
  -2.9721045e+00
   5.7049034e+00
   1.7581288e+00
  -2.5399169e+00
  -7.4702559e-02
   4.8744793e+00
  -5.1806420e-01
   6.7341850e+00
   5.2158219e+00
  -7.3455326e-01
   5.1710978e-01
   6.6111961e+00
   1.3356685e+00
  -3.4602010e+00
   1.5198566e+00
   6.1357917e+00
   6.9747697e+00
   6.4681034e+00
   4.7229112e+00
   5.4100735e+00
   6.4023669e+00
   3.7815317e+00
   1.7270631e+00
   4.4318387e+00
   6.2873915e+00
   2.8950230e+00
   4.4831570e+00
   1.8949362e+00
   8.4867969e-01
  -1.9699825e+00
  -3.1511023e+00
  -1.3333020e+00
   5.8234982e+00
   5.4923394e+00
   2.3770857e+00
   5.6842540e+00
   2.8436005e+00
   1.0745691e+00
  -2.7708992e+00
   6.1573145e+00
   3.5236159e+00
   1.7615132e+00
  -1.1672052e+00
  -1.4515930e+00
   4.9908139e+00
   2.3511650e+00
   3.2994234e+00
   4.3599437e+00
   2.1472519e+00
   4.4023337e+00
  -7.0997894e-01
  -3.7222116e+00
   4.5063418e+00
  -2.6139266e+00
   1.7360644e+00
  -3.1132741e+00
  -3.9358259e+00
   1.3750622e+00
   4.6750732e+00
  -3.1165076e+00
  -2.3382687e-02
  -2.4816745e+00
   3.6762294e+00
   3.7918955e+00
   2.3318858e-01
   2.6253804e+00
   6.5439865e+00
   5.3930916e+00
  -1.0444441e+00
  -1.1424385e+00
  -1.8288776e+00
   1.6038004e+00
  -3.3443624e+00
  -2.0652952e+00
   2.3648291e-01
   1.7502158e+00
  -2.2980369e+00
   2.9670420e-01
   1.6346687e+00
   5.5800742e-02
   2.6959380e+00
   5.6869051e+00
   1.7852685e+00
   9.1149666e-01
   4.2683431e+00
  -1.3319908e+00
  -2.7053849e+00
   6.5498720e+00
  -1.6738754e+00
   4.9481432e+00
   2.3836112e+00
   2.7794243e+00
  -3.9251639e+00
   2.2755523e+00
  -9.5698858e-01
   1.1952698e+00
  -1.1784427e+00
  -1.6277915e+00
   6.6013067e+00
   2.0709943e+00
   2.8850413e+00
  -1.6285120e+00
  -2.4351770e-01
   6.1903956e+00
   5.4292929e+00
  -1.8002426e+00
   4.1579479e+00
   2.8041040e-01
   3.3412438e+00
   2.7880772e+00
  -3.6478398e+00
  -5.9187579e-01
   4.2568774e+00
   5.7774430e+00
  -1.8187485e+00
   3.1970218e+00
   2.6047947e+00
  -1.4006797e-01
   3.4954283e+00
   6.9248145e+00
  -1.0002283e+00
   3.5254500e-01
   1.2220363e+00
   8.9979768e-01
  -3.4976263e+00
   3.4083149e-01
   5.2110368e+00
  -2.3524462e+00
   1.2253825e+00
   8.2759338e-01
   9.1855670e-01
   5.6550492e+00
  -1.2429515e+00
   2.5194331e+00
  -1.9999383e+00
  -2.4451425e+00
   2.9811545e+00
   4.4481183e+00
   4.4399649e+00
   2.6076535e-01
  -1.5228511e-01
   3.9468922e+00
   5.3367763e+00
   2.5923091e+00
   1.4634203e+00
   2.8004428e+00
   6.0919471e+00
   4.7471666e+00
  -1.3105195e+00
   6.3986313e+00
   3.7077019e+00
   2.9952536e+00
   2.4824310e+00
   5.4523732e+00
   1.7727653e+00
   2.2101927e+00
  -1.9056854e+00
   6.8776009e+00
   4.0551734e+00
  -3.5024152e+00
   2.2374015e-01
   6.9490973e+00
   2.9843921e+00
  -2.7404248e+00
   5.0768748e+00
  -2.5809001e+00
   4.2325419e+00
  -1.4775489e+00
   1.6341498e+00
   5.4292017e+00
   6.6978303e+00
   5.9869752e+00
   3.3415207e+00
   3.3027688e+00
   6.4278831e-02
   4.5846166e+00
  -1.4094344e+00
   1.8758243e+00
   1.1973968e+00
  -1.5883537e-01
   6.0275967e+00
  -3.8458606e+00
  -3.9073439e+00
   9.7228146e-02
   5.6996291e+00
  -1.1942877e+00
   6.1098334e+00
  -1.2977982e+00
   3.9564758e+00
   5.9070060e+00
  -3.6883209e+00
   5.8044396e+00
  -2.2980691e+00
   4.0008534e+00
  -2.7850319e+00
   2.0604712e+00
   4.9992774e+00
   2.2787423e-01
  -3.5583744e+00
   3.0073186e-01
  -3.5638825e+00
   2.9161344e+00
   1.4099432e+00
  -2.9163968e-02
   2.4772664e+00
   2.4461603e+00
   5.5228697e+00
   1.8447703e+00
  -5.2971967e-01
   1.9165709e+00
   1.6285794e+00
   6.3154584e+00
   1.4810302e+00
   1.2987743e-02
  -1.7597821e+00
   3.3568035e+00
  -8.0942754e-01
  -1.8163123e-01
   5.4134879e+00
  -3.9651016e+00
  -6.6343388e-01
   3.6095379e+00
   1.5368736e+00
   5.6449480e+00
   6.8871642e+00
   6.7039266e+00
   3.1911004e+00
  -2.8890550e+00
   2.3117260e+00
   4.9827412e+00
   5.9495035e+00
  -2.8444393e+00
  -1.1548588e+00
   3.9441677e+00
  -1.2461551e+00
  -3.1819564e+00
   2.7105712e+00
   1.3200159e+00
   3.4189134e+00
  -3.6275846e-01
  -3.0508153e+00
   6.2042400e+00
   1.7585360e+00
   5.4309652e+00
  -1.6284243e+00
  -3.2113441e+00
   1.8292782e+00
   4.2669166e+00
   6.1593654e+00
   6.2772957e+00
   6.0324594e+00
   5.2214310e+00
   4.9203343e+00
   3.1197169e+00
  -3.9885309e+00
  -3.2817048e+00
   6.0194606e+00
  -3.8429574e+00
  -6.7952501e-01
   4.2698661e+00
   8.5719020e-01
  -6.4775174e-03
  -3.1277674e+00
   3.5284944e+00
  -2.8702620e+00
   6.3396062e+00
  -1.6095581e+00
  -2.2514001e+00
   2.8274615e+00
   3.6927524e+00
   6.1964882e+00
   6.5318056e+00
   5.7688124e-01
   3.0840490e+00
   3.6583623e+00
  -2.9599779e+00
  -4.0060408e-01
   5.9997608e+00
   2.6806839e+00
  -2.1540322e+00
  -1.4505328e+00
   2.7727509e+00
   2.2882457e+00
   5.7251181e+00
  -5.1517927e-01
  -1.2840904e+00
  -5.8414958e-01
   1.6043377e+00
  -1.7032185e+00
  -3.9732732e+00
   2.3696063e+00
  -2.3331073e+00
   5.6040159e-01
  -2.4272228e+00
  -3.0394016e+00
   6.7029572e+00
  -2.6177053e+00
  -1.6967265e+00
   7.8073953e-01
   1.5916852e-01
  -1.9108836e-01
  -3.8999015e+00
  -3.3803757e+00
   6.9390808e+00
   1.8317371e+00
  -3.0980568e-03
   1.3196232e+00
   6.8279413e+00
  -3.0953192e+00
   6.5798490e+00
   6.1568121e+00
  -3.0664025e+00
  -1.3909767e+00
   6.0038246e+00
   6.3387511e+00
  -3.3064706e+00
   3.1916473e+00
  -2.8033461e+00
   6.2982217e-01
  -2.3525219e+00
  -7.8522048e-02
   3.2141080e+00
   6.0527656e+00
   6.5737604e+00
   5.3093539e+00
   2.0640467e+00
   6.6845073e+00
   2.6799052e+00
   1.7405785e+00
   4.1530420e+00
  -3.8271410e+00
   3.5297996e+00
   3.0632295e+00
   4.3599714e+00
   2.0952449e+00
   2.5382418e+00
  -1.7045494e+00
  -1.0182579e+00
   6.6110383e+00
   3.9502038e+00
   5.4511886e-01
   2.7577432e+00
  -1.3402211e+00
  -8.0985680e-01
   6.4206962e+00
   4.7422765e+00
  -3.8752296e+00
   2.4264690e+00
  -1.0088887e+00
   2.1345113e+00
  -3.5000478e-01
   3.3429488e+00
  -2.8129231e+00
  -3.8467921e+00
   1.7832385e+00
  -9.7186349e-01
   9.2927006e-01
  -5.9349047e-01
   2.3533482e+00
   4.9964023e+00
   3.9641931e+00
   5.1731491e+00
   4.4269312e+00
   1.1465961e+00
   1.8402827e-01
  -2.9487156e-01
   4.8126813e+00
   2.8507850e+00
  -2.7240761e+00
   5.8120122e+00
   1.5639891e+00
  -3.5248187e+00
  -4.8901569e-01
   2.6275584e+00
   4.5632072e+00
   3.6460566e+00
  -2.6364844e+00
   1.9960577e+00
  -4.5455443e-01
  -3.8754139e+00
  -3.7944612e+00
  -8.4582619e-01
   6.7430129e+00
   6.1334173e+00
   1.9498427e+00
   8.0305816e-01
   2.6981248e+00
  -2.8869141e+00
   5.1368361e-01
   4.3657745e+00
  -2.9182687e+00
  -6.0148508e-02
   8.4007050e-01
   2.8382534e+00
  -2.9424970e+00
   2.6595660e+00
  -1.0858815e+00
   2.9003275e+00
  -1.3687827e+00
   4.3831935e+00
  -1.0395625e+00
  -2.1946351e+00
  -1.8778995e+00
  -3.2663136e+00
   4.6785894e+00
  -2.9932972e+00
  -2.8086530e+00
   4.2091291e+00
  -6.6733931e-01
   1.3565097e-01
   1.7431145e+00
   5.5879369e+00
  -2.9628832e+00
   5.4207852e+00
  -1.6668907e+00
   1.5981327e+00
   4.6784150e+00
   2.1524423e+00
  -3.8799415e+00
   1.7149151e-02
   3.9841880e+00
   5.9339870e+00
  -3.3135513e+00
   2.9847884e+00
  -1.6032201e+00
   5.2971168e+00
  -3.4200248e-01
   1.1469074e+00
   6.5205769e+00
   6.8124279e+00
  -7.0656325e-01
   4.4313707e+00
   2.7640249e+00
  -3.7481981e+00
   2.7551782e+00
   2.2063963e+00
  -1.2835163e+00
   2.0751063e+00
   2.3913901e+00
  -1.5852067e+00
  -3.9419446e+00
   3.8223502e+00
   1.7360639e-01
   3.3812372e+00
   4.8237507e+00
   1.5534088e+00
  -2.6071992e+00
   4.4155047e+00
   2.4794676e-02
   3.3138528e+00
   6.9150860e+00
   1.4337286e+00
  -6.0871855e-01
  -2.5837615e+00
   8.5425489e-01
  -1.7221213e-01
  -1.4184440e+00
  -3.3583192e+00
   3.9312652e+00
  -1.7212236e+00
  -2.3913643e+00
   1.4596016e+00
   6.0039985e-01
   3.5416427e+00
  -1.8930371e+00
   4.8972828e+00
   6.6642887e+00
  -3.0699061e+00
  -2.1769128e+00
   5.6085537e+00
  -1.8457041e+00
  -1.3688871e-01
  -3.5185803e+00
   1.7978972e+00
   4.1701850e+00
  -3.8748240e+00
   9.9873254e-02
   3.5496269e+00
   5.6569655e+00
   2.0335830e+00
  -1.3008483e+00
   4.3694811e+00
   5.5706347e+00
   1.4911091e-01
   5.5690975e+00
   5.0909832e+00
   5.0152259e+00
   6.4849644e+00
   4.9342095e-01
  -1.4851563e+00
  -3.1869764e+00
   3.2019645e+00
   1.3948812e+00
   2.5040696e+00
   3.8457937e+00
   6.8311247e+00
  -1.8806118e+00
   4.1331942e+00
   4.0629048e-01
   8.0258059e-02
  -3.7668081e+00
   2.5615415e+00
   2.1993971e+00
   3.3770033e+00
   3.8533067e+00
  -8.5360530e-01
   3.1943241e+00
   2.2810309e-02
   4.0801362e+00
   2.5136667e+00
  -1.1784579e+00
   5.4368366e+00
  -3.6226518e+00
  -3.5314113e-01
   5.7123115e+00
   5.7885998e+00
  -2.3105117e+00
   1.8954041e+00
   1.7173214e+00
   2.9170057e+00
   3.4334063e+00
  -5.7912476e-02
  -3.3658824e+00
   4.9025502e-01
  -1.0239895e+00
   5.8335032e+00
  -2.5725633e+00
  -1.1093438e+00
  -3.6096528e+00
   6.6211009e-01
   4.8772284e-01
  -1.9947847e+00
   2.1186742e+00
   5.7970178e+00
   2.7457886e+00
   1.5923322e+00
   5.9799974e+00
  -2.2506683e+00
  -2.4614361e+00
  -3.4474982e+00
  -4.2499161e-01
   4.0402279e+00
   6.0321118e+00
   4.4821871e+00
   1.8904679e+00
  -1.9580370e+00
   1.7199687e-01
  -3.9508546e+00
   4.2917656e+00
   4.7067050e+00
   8.3236759e-01
  -1.0630778e+00
   2.1094555e+00
  -1.1047441e+00
  -2.1131997e-01
   9.3933163e-01
  -1.3061740e+00
  -2.2317049e+00
   5.0226554e-01
  -3.7037411e+00
   4.7101315e+00
  -8.3170514e-01
   5.0324422e+00
   4.2159707e+00
  -2.1241937e+00
   5.5046893e+00
  -2.1374979e+00
   5.1923140e+00
  -3.3019249e+00
   5.0045259e-01
   4.6733499e+00
  -4.3606746e-01
   5.9814471e-02
  -8.8071572e-03
  -2.9250517e+00
  -3.5544107e+00
   3.7403619e+00
  -3.1477390e+00
  -3.9860397e+00
  -3.4418298e+00
   2.1901422e+00
  -8.3183078e-01
   4.4373364e+00
  -2.4122497e+00
  -1.7717636e+00
   2.7282902e+00
  -3.8807679e+00
   3.3153940e-02
  -3.5490924e+00
  -8.9301212e-01
  -5.6363229e-01
   6.2884024e+00
  -1.7635059e+00
   3.3888680e+00
   6.7194193e+00
  -1.0218201e+00
   3.3555709e+00
  -3.3470636e+00
   5.4199244e+00
  -2.1652426e+00
   3.1421961e+00
  -3.0890127e+00
  -1.5690497e+00
  -2.8114286e+00
  -2.3568201e+00
  -2.0674241e+00
   5.1960284e+00
   1.4352491e+00
  -1.8087690e+00
   1.0834224e+00
   6.3096475e+00
  -2.4012557e-01
   6.3611214e+00
   4.2883632e+00
  -3.6885343e+00
   3.2733525e+00
  -3.9724358e+00
  -3.2596930e+00
  -2.8341799e+00
   4.4171581e+00
  -1.0863466e+00
   6.2881767e+00
   5.4760677e+00
   3.8959974e+00
   2.5671596e+00
  -2.1568594e+00
   3.0849824e+00
  -1.5572975e+00
  -3.7490955e+00
   3.6632971e+00
  -7.8294607e-01
   4.4696639e+00
   2.1618679e+00
   5.4149467e+00
   3.2906893e+00
  -1.3358001e-01
   5.9061610e+00
   1.0689221e+00
   5.9088298e+00
   6.6698049e-01
  -1.6966588e+00
   1.7204734e+00
   6.9627602e+00
   5.2761008e+00
   1.5237790e+00
   5.9181982e+00
  -1.7358845e+00
   2.4506258e+00
   2.3239279e+00
   2.7536353e+00
  -3.3592531e+00
   6.7209048e+00
   1.1204835e+00
   3.1112650e+00
  -2.6518965e+00
   5.3433964e+00
  -3.3058518e+00
  -1.3267500e+00
  -3.2153745e+00
  -1.3390126e+00
   5.3902067e+00
   4.9527824e+00
   1.7825988e+00
  -1.8140143e+00
   3.7539969e+00
   5.9893414e+00
   2.0960203e+00
   4.7821388e+00
   6.3535418e+00
   4.1936186e+00
   4.9469810e+00
   6.0938939e+00
   6.5943116e+00
   1.3278709e+00
   5.9549944e-02
   9.6059381e-01
   1.6159683e+00
  -3.7195097e+00
   6.2143196e+00
   4.5895380e+00
  -4.8036817e-01
   1.5899546e+00
   5.4438606e+00
   5.4780622e+00
  -9.4299241e-01
  -3.5347921e+00
   5.4445211e+00
   4.5884861e+00
  -3.0318602e+00
  -2.4633660e+00
  -2.3967606e+00
   2.1486284e+00
  -3.8936785e+00
  -2.8220178e+00
   1.0009843e+00
  -3.0830766e+00
   2.4899938e+00
   2.9931802e+00
  -3.3426740e+00
  -1.3875397e+00
   6.6373522e+00
   1.1895594e+00
   2.3630409e+00
   2.0761202e+00
   4.0471656e+00
   1.1386137e-01
   4.8747264e+00
   3.3775966e+00
   2.7142657e+00
  -8.8620608e-01
   1.6919027e+00
   4.3947772e+00
   1.0472904e+00
   6.9075347e-01
   5.4128539e-01
   4.3925119e+00
   2.7824243e+00
   5.3802952e+00
   4.7971589e+00
  -3.9322952e+00
  -9.0564949e-01
   3.0389506e+00
  -5.0140291e-01
   5.6717178e+00
   2.2378609e-01
   2.2969279e+00
  -1.1257016e+00
  -3.0942472e+00
   6.3052385e+00
   1.9347718e+00
   2.1213255e+00
   2.0505628e+00
   4.7594164e+00
  -9.0021867e-01
   6.4642787e+00
   5.6199163e-01
  -3.3294677e+00
   3.5731824e+00
  -3.4393975e+00
   6.2985391e+00
   6.7167428e+00
  -3.7549748e+00
   5.7158557e-01
   5.9888761e+00
  -1.3366413e+00
   4.3853032e-01
  -4.0847361e-01
  -3.9245738e+00
   6.6482146e+00
   5.1283644e+00
  -3.3654911e-01
   6.9416461e+00
  -3.2666607e+00
  -3.2875429e+00
   4.5867187e+00
   6.2876102e+00
   2.2011988e+00
  -2.7122939e+00
   6.2949370e+00
   3.9843709e+00
  -3.5702602e+00
  -3.1266564e+00
   4.2179532e+00
   2.1193139e+00
   1.8994580e+00
  -3.3723922e+00
   2.3591239e+00
   4.2134766e+00
   2.9027840e+00
   5.5623864e+00
   6.3848687e+00
   7.9061094e-01
   6.3619435e+00
  -3.2518266e+00
   1.7298289e+00
   6.8320997e+00
  -3.4979801e+00
   4.9295001e+00
   5.2126864e+00
   2.3071008e+00
  -1.8645172e+00
  -3.3653901e+00
  -2.9551435e+00
   2.9536545e+00
  -2.2805166e-01
   1.4828756e+00
   2.6919340e+00
   6.2361776e+00
  -3.0560489e+00
   5.8309466e+00
   5.6772654e+00
   1.5745331e+00
   5.7071172e+00
   2.8565910e+00
   4.7672224e+00
  -3.0804051e+00
   5.6011914e+00
  -1.0171922e+00
   5.8187119e+00
   3.0254447e+00
   3.2839803e+00
   3.0010420e+00
  -2.0347740e+00
   3.5197802e+00
   5.6178721e+00
  -2.7840996e-01
   9.0766052e-01
  -3.4243764e+00
   4.4878361e+00
  -1.0461649e+00
   2.5802547e+00
  -3.4686970e+00
   5.3996970e+00
   2.5064261e+00
   8.7758927e-01
  -1.2146242e+00
  -8.9606371e-01
  -2.6425169e+00
   3.8124935e+00
  -3.3757040e+00
   4.0166059e+00
   3.2231266e+00
   2.5392446e+00
   6.8919237e+00
   3.1754007e-02
   7.0613484e-01
   2.7081852e+00
  -1.9812568e+00
   1.3438863e+00
  -3.0753883e+00
   1.5490700e+00
  -2.1867471e+00
  -3.1848549e+00
   2.4058995e+00
   6.7380821e+00
  -3.1718004e+00
  -1.7372145e+00
  -1.3621100e+00
   3.1483576e+00
   6.7651712e+00
   4.2912562e+00
   6.0745273e+00
  -2.1192633e+00
  -2.4550501e+00
   5.3925444e+00
  -2.9798448e+00
   2.3137727e-01
   5.4584642e+00
  -1.4871022e+00
   3.3424123e+00
   4.6847758e+00
  -1.7492489e+00
   3.3946666e+00
  -1.0425739e+00
   5.0964388e+00
   2.6595603e+00
  -2.7020866e+00
   4.4685028e+00
  -3.0239277e+00
  -1.4457679e-01
  -1.7717425e+00
   6.6408245e+00
   8.6047888e-02
   5.1742880e+00
   4.8486598e+00
  -3.4455963e+00
   2.1608128e+00
   7.6869792e-01
   5.4722966e+00
   5.5144819e-01
  -2.1441874e+00
   5.6577379e+00
  -1.5548600e+00
   5.2752913e+00
   1.9918541e+00
   2.3749495e+00
  -3.1220132e+00
   3.3046943e+00
   1.5402995e+00
   1.9480145e+00
  -2.7952366e+00
   1.3648047e+00
  -1.2929937e+00
   4.4955458e+00
   4.3500100e+00
   3.7973996e+00
   2.3734441e+00
   5.5559096e+00
   6.5570780e+00
  -2.8164539e+00
  -3.1071664e+00
   4.7476216e-01
  -1.2584787e+00
   5.0299817e+00
   3.0296249e+00
   5.7943613e+00
   1.0023504e+00
  -2.6329434e+00
   4.8586472e+00
   1.7930013e+00
   1.0897720e+00
  -3.6459524e-01
   2.7382562e+00
   6.1269767e+00
  -2.0008032e+00
  -8.5753900e-01
   5.0601726e+00
  -1.5602829e+00
   4.0797187e+00
   6.2956091e-01
   2.7272735e+00
   6.0465367e-01
  -1.3725415e+00
   6.3245021e+00
   6.1400876e+00
   5.9829881e-01
  -3.6955553e+00
   5.4007004e+00
  -3.7802681e+00
   3.8771422e+00
   5.6347306e-01
  -4.4957059e-01
   5.4172196e+00
  -1.1394328e+00
   6.3183389e-01
  -2.9687474e+00
  -3.7789212e+00
   6.6947816e+00
  -6.7800333e-01
   2.9629952e+00
   6.1550035e-01
   2.7201983e+00
   2.6708958e+00
   2.8712481e-01
   4.5926477e+00
   4.1705402e-01
   5.5644302e+00
   3.5780041e+00
  -2.2197073e+00
  -3.4310052e+00
  -1.1967163e+00
  -2.6260762e-04
  -3.1020104e+00
  -1.7064033e-01
  -1.8578597e+00
   5.9082445e+00
  -1.4811644e+00
   6.6266302e+00
  -1.3715427e+00
  -1.4224965e+00
  -9.3289010e-01
   2.5815239e+00
  -3.8350899e+00
  -1.7196515e+00
   2.6886268e+00
  -2.4239595e+00
   1.5194300e+00
  -1.9986803e+00
   3.9439701e-01
   4.0462387e+00
   6.9566174e+00
   5.7041962e-01
  -3.5451682e+00
  -2.0607744e+00
   6.6912850e-01
   4.9927472e+00
   4.4617240e+00
  -7.5156601e-01
  -3.9354384e+00
  -1.2698471e+00
  -2.9924393e+00
   3.0029151e+00
  -6.2108801e-01
   3.1330888e+00
  -3.3315264e+00
   6.1892748e+00
  -3.0501196e+00
   1.9593671e-01
  -3.9470582e+00
   2.3698619e+00
  -3.8916287e+00
  -2.8572677e+00
   5.0292355e+00
  -3.6228366e+00
   1.4790447e+00
  -1.6004565e+00
   4.0467387e+00
   5.8800951e+00
   2.2155009e+00
   2.9072158e+00
   5.2804953e+00
   6.7776863e+00
   3.8786136e+00
   3.7976284e+00
   6.0514538e+00
  -6.4380568e-02
  -2.1749225e+00
   6.9728192e+00
  -3.7245511e+00
   2.2784603e+00
  -2.9721045e+00
   5.7049034e+00
   1.7581288e+00
  -2.5399169e+00
  -7.4702559e-02
   4.8744793e+00
  -5.1806420e-01
   6.7341850e+00
   5.2158219e+00
  -7.3455326e-01
   5.1710978e-01
   6.6111961e+00
   1.3356685e+00
  -3.4602010e+00
   1.5198566e+00
   6.1357917e+00
   6.9747697e+00
   6.4681034e+00
   4.7229112e+00
   5.4100735e+00
   6.4023669e+00
   3.7815317e+00
   1.7270631e+00
   4.4318387e+00
   6.2873915e+00
   2.8950230e+00
   4.4831570e+00
   1.8949362e+00
   8.4867969e-01
  -1.9699825e+00
  -3.1511023e+00
  -1.3333020e+00
   5.8234982e+00
   5.4923394e+00
   2.3770857e+00
   5.6842540e+00
   2.8436005e+00
   1.0745691e+00
  -2.7708992e+00
   6.1573145e+00
   3.5236159e+00
   1.7615132e+00
  -1.1672052e+00
  -1.4515930e+00
   4.9908139e+00
   2.3511650e+00
   3.2994234e+00
   4.3599437e+00
   2.1472519e+00
   4.4023337e+00
  -7.0997894e-01
  -3.7222116e+00
   4.5063418e+00
  -2.6139266e+00
   1.7360644e+00
  -3.1132741e+00
  -3.9358259e+00
   1.3750622e+00
   4.6750732e+00
  -3.1165076e+00
  -2.3382687e-02
  -2.4816745e+00
   3.6762294e+00
   3.7918955e+00
   2.3318858e-01
   2.6253804e+00
   6.5439865e+00
   5.3930916e+00
  -1.0444441e+00
  -1.1424385e+00
  -1.8288776e+00
   1.6038004e+00
  -3.3443624e+00
  -2.0652952e+00
   2.3648291e-01
   1.7502158e+00
  -2.2980369e+00
   2.9670420e-01
   1.6346687e+00
   5.5800742e-02
   2.6959380e+00
   5.6869051e+00
   1.7852685e+00
   9.1149666e-01
   4.2683431e+00
  -1.3319908e+00
  -2.7053849e+00
   6.5498720e+00
  -1.6738754e+00
   4.9481432e+00
   2.3836112e+00
   2.7794243e+00
  -3.9251639e+00
   2.2755523e+00
  -9.5698858e-01
   1.1952698e+00
  -1.1784427e+00
  -1.6277915e+00
   6.6013067e+00
   2.0709943e+00
   2.8850413e+00
  -1.6285120e+00
  -2.4351770e-01
   6.1903956e+00
   5.4292929e+00
  -1.8002426e+00
   4.1579479e+00
   2.8041040e-01
   3.3412438e+00
   2.7880772e+00
  -3.6478398e+00
  -5.9187579e-01
   4.2568774e+00
   5.7774430e+00
  -1.8187485e+00
   3.1970218e+00
   2.6047947e+00
  -1.4006797e-01
   3.4954283e+00
   6.9248145e+00
  -1.0002283e+00
   3.5254500e-01
   1.2220363e+00
   8.9979768e-01
  -3.4976263e+00
   3.4083149e-01
   5.2110368e+00
  -2.3524462e+00
   1.2253825e+00
   8.2759338e-01
   9.1855670e-01
   5.6550492e+00
  -1.2429515e+00
   2.5194331e+00
  -1.9999383e+00
  -2.4451425e+00
   2.9811545e+00
   4.4481183e+00
   4.4399649e+00
   2.6076535e-01
  -1.5228511e-01
   3.9468922e+00
   5.3367763e+00
   2.5923091e+00
   1.4634203e+00
   2.8004428e+00
   6.0919471e+00
   4.7471666e+00
  -1.3105195e+00
   6.3986313e+00
   3.7077019e+00
   2.9952536e+00
   2.4824310e+00
   5.4523732e+00
   1.7727653e+00
   2.2101927e+00
  -1.9056854e+00
   6.8776009e+00
   4.0551734e+00
  -3.5024152e+00
   2.2374015e-01
   6.9490973e+00
   2.9843921e+00
  -2.7404248e+00
   5.0768748e+00
  -2.5809001e+00
   4.2325419e+00
  -1.4775489e+00
   1.6341498e+00
   5.4292017e+00
   6.6978303e+00
   5.9869752e+00
   3.3415207e+00
   3.3027688e+00
   6.4278831e-02
   4.5846166e+00
  -1.4094344e+00
   1.8758243e+00
   1.1973968e+00
  -1.5883537e-01
   6.0275967e+00
  -3.8458606e+00
  -3.9073439e+00
   9.7228146e-02
   5.6996291e+00
  -1.1942877e+00
   6.1098334e+00
  -1.2977982e+00
   3.9564758e+00
   5.9070060e+00
  -3.6883209e+00
   5.8044396e+00
  -2.2980691e+00
   4.0008534e+00
  -2.7850319e+00
   2.0604712e+00
   4.9992774e+00
   2.2787423e-01
  -3.5583744e+00
   3.0073186e-01
  -3.5638825e+00
   2.9161344e+00
   1.4099432e+00
  -2.9163968e-02
   2.4772664e+00
   2.4461603e+00
   5.5228697e+00
   1.8447703e+00
  -5.2971967e-01
   1.9165709e+00
   1.6285794e+00
   6.3154584e+00
   1.4810302e+00
   1.2987743e-02
  -1.7597821e+00
   3.3568035e+00
  -8.0942754e-01
  -1.8163123e-01
   5.4134879e+00
  -3.9651016e+00
  -6.6343388e-01
   3.6095379e+00
   1.5368736e+00
   5.6449480e+00
   6.8871642e+00
   6.7039266e+00
   3.1911004e+00
  -2.8890550e+00
   2.3117260e+00
   4.9827412e+00
   5.9495035e+00
  -2.8444393e+00
  -1.1548588e+00
   3.9441677e+00
  -1.2461551e+00
  -3.1819564e+00
   2.7105712e+00
   1.3200159e+00
   3.4189134e+00
  -3.6275846e-01
  -3.0508153e+00
   6.2042400e+00
   1.7585360e+00
   5.4309652e+00
  -1.6284243e+00
  -3.2113441e+00
   1.8292782e+00
   4.2669166e+00
   6.1593654e+00
   6.2772957e+00
   6.0324594e+00
   5.2214310e+00
   4.9203343e+00
   3.1197169e+00
  -3.9885309e+00
  -3.2817048e+00
   6.0194606e+00
  -3.8429574e+00
  -6.7952501e-01
   4.2698661e+00
   8.5719020e-01
  -6.4775174e-03
  -3.1277674e+00
   3.5284944e+00
  -2.8702620e+00
   6.3396062e+00
  -1.6095581e+00
  -2.2514001e+00
   2.8274615e+00
   3.6927524e+00
   6.1964882e+00
   6.5318056e+00
   5.7688124e-01
   3.0840490e+00
   3.6583623e+00
  -2.9599779e+00
  -4.0060408e-01
   5.9997608e+00
   2.6806839e+00
  -2.1540322e+00
  -1.4505328e+00
   2.7727509e+00
   2.2882457e+00
   5.7251181e+00
  -5.1517927e-01
  -1.2840904e+00
  -5.8414958e-01
   1.6043377e+00
  -1.7032185e+00
  -3.9732732e+00
   2.3696063e+00
  -2.3331073e+00
   5.6040159e-01
  -2.4272228e+00
  -3.0394016e+00
   6.7029572e+00
  -2.6177053e+00
  -1.6967265e+00
   7.8073953e-01
   1.5916852e-01
  -1.9108836e-01
  -3.8999015e+00
  -3.3803757e+00
   6.9390808e+00
   1.8317371e+00
  -3.0980568e-03
   1.3196232e+00
   6.8279413e+00
  -3.0953192e+00
   6.5798490e+00
   6.1568121e+00
  -3.0664025e+00
  -1.3909767e+00
   6.0038246e+00
   6.3387511e+00
  -3.3064706e+00
   3.1916473e+00
  -2.8033461e+00
   6.2982217e-01
  -2.3525219e+00
  -7.8522048e-02
   3.2141080e+00
   6.0527656e+00
   6.5737604e+00
   5.3093539e+00
   2.0640467e+00
   6.6845073e+00
   2.6799052e+00
   1.7405785e+00
   4.1530420e+00
  -3.8271410e+00
   3.5297996e+00
   3.0632295e+00
   4.3599714e+00
   2.0952449e+00
   2.5382418e+00
  -1.7045494e+00
  -1.0182579e+00
   6.6110383e+00
   3.9502038e+00
   5.4511886e-01
   2.7577432e+00
  -1.3402211e+00
  -8.0985680e-01
   6.4206962e+00
   4.7422765e+00
  -3.8752296e+00
   2.4264690e+00
  -1.0088887e+00
   2.1345113e+00
  -3.5000478e-01
   3.3429488e+00
  -2.8129231e+00
  -3.8467921e+00
   1.7832385e+00
  -9.7186349e-01
   9.2927006e-01
  -5.9349047e-01
   2.3533482e+00
   4.9964023e+00
   3.9641931e+00
   5.1731491e+00
   4.4269312e+00
   1.1465961e+00
   1.8402827e-01
  -2.9487156e-01
   4.8126813e+00
   2.8507850e+00
  -2.7240761e+00
   5.8120122e+00
   1.5639891e+00
  -3.5248187e+00
  -4.8901569e-01
   2.6275584e+00
   4.5632072e+00
   3.6460566e+00
  -2.6364844e+00
   1.9960577e+00
  -4.5455443e-01
  -3.8754139e+00
  -3.7944612e+00
  -8.4582619e-01
   6.7430129e+00
   6.1334173e+00
   1.9498427e+00
   8.0305816e-01
   2.6981248e+00
  -2.8869141e+00
   5.1368361e-01
   4.3657745e+00
  -2.9182687e+00
  -6.0148508e-02
   8.4007050e-01
   2.8382534e+00
  -2.9424970e+00
   2.6595660e+00
  -1.0858815e+00
   2.9003275e+00
  -1.3687827e+00
   4.3831935e+00
  -1.0395625e+00
  -2.1946351e+00
  -1.8778995e+00
  -3.2663136e+00
   4.6785894e+00
  -2.9932972e+00
  -2.8086530e+00
   4.2091291e+00
  -6.6733931e-01
   1.3565097e-01
   1.7431145e+00
   5.5879369e+00
  -2.9628832e+00
   5.4207852e+00
  -1.6668907e+00
   1.5981327e+00
   4.6784150e+00
   2.1524423e+00
  -3.8799415e+00
   1.7149151e-02
   3.9841880e+00
   5.9339870e+00
  -3.3135513e+00
   2.9847884e+00
  -1.6032201e+00
   5.2971168e+00
  -3.4200248e-01
   1.1469074e+00
   6.5205769e+00
   6.8124279e+00
  -7.0656325e-01
   4.4313707e+00
   2.7640249e+00
  -3.7481981e+00
   2.7551782e+00
   2.2063963e+00
  -1.2835163e+00
   2.0751063e+00
   2.3913901e+00
  -1.5852067e+00
  -3.9419446e+00
   3.8223502e+00
   1.7360639e-01
   3.3812372e+00
   4.8237507e+00
   1.5534088e+00
  -2.6071992e+00
   4.4155047e+00
   2.4794676e-02
   3.3138528e+00
   6.9150860e+00
   1.4337286e+00
  -6.0871855e-01
  -2.5837615e+00
   8.5425489e-01
  -1.7221213e-01
  -1.4184440e+00
  -3.3583192e+00
   3.9312652e+00
  -1.7212236e+00
  -2.3913643e+00
   1.4596016e+00
   6.0039985e-01
   3.5416427e+00
  -1.8930371e+00
   4.8972828e+00
   6.6642887e+00
  -3.0699061e+00
  -2.1769128e+00
   5.6085537e+00
  -1.8457041e+00
  -1.3688871e-01
  -3.5185803e+00
   1.7978972e+00
   4.1701850e+00
  -3.8748240e+00
   9.9873254e-02
   3.5496269e+00
   5.6569655e+00
   2.0335830e+00
  -1.3008483e+00
   4.3694811e+00
   5.5706347e+00
   1.4911091e-01
   5.5690975e+00
   5.0909832e+00
   5.0152259e+00
   6.4849644e+00
   4.9342095e-01
  -1.4851563e+00
  -3.1869764e+00
   3.2019645e+00
   1.3948812e+00
   2.5040696e+00
   3.8457937e+00
   6.8311247e+00
  -1.8806118e+00
   4.1331942e+00
   4.0629048e-01
   8.0258059e-02
  -3.7668081e+00
   2.5615415e+00
   2.1993971e+00
   3.3770033e+00
   3.8533067e+00
  -8.5360530e-01
   3.1943241e+00
   2.2810309e-02
   4.0801362e+00
   2.5136667e+00
  -1.1784579e+00
   5.4368366e+00
  -3.6226518e+00
  -3.5314113e-01
   5.7123115e+00
   5.7885998e+00
  -2.3105117e+00
   1.8954041e+00
   1.7173214e+00
   2.9170057e+00
   3.4334063e+00
  -5.7912476e-02
  -3.3658824e+00
   4.9025502e-01
  -1.0239895e+00
   5.8335032e+00
  -2.5725633e+00
  -1.1093438e+00
  -3.6096528e+00
   6.6211009e-01
   4.8772284e-01
  -1.9947847e+00
   2.1186742e+00
   5.7970178e+00
   2.7457886e+00
   1.5923322e+00
   5.9799974e+00
  -2.2506683e+00
  -2.4614361e+00
  -3.4474982e+00
  -4.2499161e-01
   4.0402279e+00
   6.0321118e+00
   4.4821871e+00
   1.8904679e+00
  -1.9580370e+00
   1.7199687e-01
  -3.9508546e+00
   4.2917656e+00
   4.7067050e+00
   8.3236759e-01
  -1.0630778e+00
   2.1094555e+00
  -1.1047441e+00
  -2.1131997e-01
   9.3933163e-01
  -1.3061740e+00
  -2.2317049e+00
   5.0226554e-01
  -3.7037411e+00
   4.7101315e+00
  -8.3170514e-01
   5.0324422e+00
   4.2159707e+00
  -2.1241937e+00
   5.5046893e+00
  -2.1374979e+00
   5.1923140e+00
  -3.3019249e+00
   5.0045259e-01
   4.6733499e+00
  -4.3606746e-01
   5.9814471e-02
  -8.8071572e-03
  -2.9250517e+00
  -3.5544107e+00
   3.7403619e+00
  -3.1477390e+00
  -3.9860397e+00
  -3.4418298e+00
   2.1901422e+00
  -8.3183078e-01
   4.4373364e+00
  -2.4122497e+00
  -1.7717636e+00
   2.7282902e+00
  -3.8807679e+00
   3.3153940e-02
  -3.5490924e+00
  -8.9301212e-01
  -5.6363229e-01
   6.2884024e+00
  -1.7635059e+00
   3.3888680e+00
   6.7194193e+00
  -1.0218201e+00
   3.3555709e+00
  -3.3470636e+00
   5.4199244e+00
  -2.1652426e+00
   3.1421961e+00
  -3.0890127e+00
  -1.5690497e+00
  -2.8114286e+00
  -2.3568201e+00
  -2.0674241e+00
   5.1960284e+00
   1.4352491e+00
  -1.8087690e+00
   1.0834224e+00
   6.3096475e+00
  -2.4012557e-01
   6.3611214e+00
   4.2883632e+00
  -3.6885343e+00
   3.2733525e+00
  -3.9724358e+00
  -3.2596930e+00
  -2.8341799e+00
   4.4171581e+00
  -1.0863466e+00
   6.2881767e+00
   5.4760677e+00
   3.8959974e+00
   2.5671596e+00
  -2.1568594e+00
   3.0849824e+00
  -1.5572975e+00
  -3.7490955e+00
   3.6632971e+00
  -7.8294607e-01
   4.4696639e+00
   2.1618679e+00
   5.4149467e+00
   3.2906893e+00
  -1.3358001e-01
   5.9061610e+00
   1.0689221e+00
   5.9088298e+00
   6.6698049e-01
  -1.6966588e+00
   1.7204734e+00
   6.9627602e+00
   5.2761008e+00
   1.5237790e+00
   5.9181982e+00
  -1.7358845e+00
   2.4506258e+00
   2.3239279e+00
   2.7536353e+00
  -3.3592531e+00
   6.7209048e+00
   1.1204835e+00
   3.1112650e+00
  -2.6518965e+00
   5.3433964e+00
  -3.3058518e+00
  -1.3267500e+00
  -3.2153745e+00
  -1.3390126e+00
   5.3902067e+00
   4.9527824e+00
   1.7825988e+00
  -1.8140143e+00
   3.7539969e+00
   5.9893414e+00
   2.0960203e+00
   4.7821388e+00
   6.3535418e+00
   4.1936186e+00
   4.9469810e+00
   6.0938939e+00
   6.5943116e+00
   1.3278709e+00
   5.9549944e-02
   9.6059381e-01
   1.6159683e+00
  -3.7195097e+00
   6.2143196e+00
   4.5895380e+00
  -4.8036817e-01
   1.5899546e+00
   5.4438606e+00
   5.4780622e+00
  -9.4299241e-01
  -3.5347921e+00
   5.4445211e+00
   4.5884861e+00
  -3.0318602e+00
  -2.4633660e+00
  -2.3967606e+00
   2.1486284e+00
  -3.8936785e+00
  -2.8220178e+00
   1.0009843e+00
  -3.0830766e+00
   2.4899938e+00
   2.9931802e+00
  -3.3426740e+00
  -1.3875397e+00
   6.6373522e+00
   1.1895594e+00
   2.3630409e+00
   2.0761202e+00
   4.0471656e+00
   1.1386137e-01
   4.8747264e+00
   3.3775966e+00
   2.7142657e+00
  -8.8620608e-01
   1.6919027e+00
   4.3947772e+00
   1.0472904e+00
   6.9075347e-01
   5.4128539e-01
   4.3925119e+00
   2.7824243e+00
   5.3802952e+00
   4.7971589e+00
  -3.9322952e+00
  -9.0564949e-01
   3.0389506e+00
  -5.0140291e-01
   5.6717178e+00
   2.2378609e-01
   2.2969279e+00
  -1.1257016e+00
  -3.0942472e+00
   6.3052385e+00
   1.9347718e+00
   2.1213255e+00
   2.0505628e+00
   4.7594164e+00
  -9.0021867e-01
   6.4642787e+00
   5.6199163e-01
  -3.3294677e+00
   3.5731824e+00
  -3.4393975e+00
   6.2985391e+00
   6.7167428e+00
  -3.7549748e+00
   5.7158557e-01
   5.9888761e+00
  -1.3366413e+00
   4.3853032e-01
  -4.0847361e-01
  -3.9245738e+00
   6.6482146e+00
   5.1283644e+00
  -3.3654911e-01
   6.9416461e+00
  -3.2666607e+00
  -3.2875429e+00
   4.5867187e+00
   6.2876102e+00
   2.2011988e+00
  -2.7122939e+00
   6.2949370e+00
   3.9843709e+00
  -3.5702602e+00
  -3.1266564e+00
   4.2179532e+00
   2.1193139e+00
   1.8994580e+00
  -3.3723922e+00
   2.3591239e+00
   4.2134766e+00
   2.9027840e+00
   5.5623864e+00
   6.3848687e+00
   7.9061094e-01
   6.3619435e+00
  -3.2518266e+00
   1.7298289e+00
   6.8320997e+00
  -3.4979801e+00
   4.9295001e+00
   5.2126864e+00
   2.3071008e+00
  -1.8645172e+00
  -3.3653901e+00
  -2.9551435e+00
   2.9536545e+00
  -2.2805166e-01
   1.4828756e+00
   2.6919340e+00
   6.2361776e+00
  -3.0560489e+00
   5.8309466e+00
   5.6772654e+00
   1.5745331e+00
   5.7071172e+00
   2.8565910e+00
   4.7672224e+00
  -3.0804051e+00
   5.6011914e+00
  -1.0171922e+00
   5.8187119e+00
   3.0254447e+00
   3.2839803e+00
   3.0010420e+00
  -2.0347740e+00
   3.5197802e+00
   5.6178721e+00
  -2.7840996e-01
   9.0766052e-01
  -3.4243764e+00
   4.4878361e+00
  -1.0461649e+00
   2.5802547e+00
  -3.4686970e+00
   5.3996970e+00
   2.5064261e+00
   8.7758927e-01
  -1.2146242e+00
  -8.9606371e-01
  -2.6425169e+00
   3.8124935e+00
  -3.3757040e+00
   4.0166059e+00
   3.2231266e+00
   2.5392446e+00
   6.8919237e+00
   3.1754007e-02
   7.0613484e-01
   2.7081852e+00
  -1.9812568e+00
   1.3438863e+00
  -3.0753883e+00
   1.5490700e+00
  -2.1867471e+00
  -3.1848549e+00
   2.4058995e+00
   6.7380821e+00
  -3.1718004e+00
  -1.7372145e+00
  -1.3621100e+00
   3.1483576e+00
   6.7651712e+00
   4.2912562e+00
   6.0745273e+00
  -2.1192633e+00
  -2.4550501e+00
   5.3925444e+00
  -2.9798448e+00
   2.3137727e-01
   5.4584642e+00
  -1.4871022e+00
   3.3424123e+00
   4.6847758e+00
  -1.7492489e+00
   3.3946666e+00
  -1.0425739e+00
   5.0964388e+00
   2.6595603e+00
  -2.7020866e+00
   4.4685028e+00
  -3.0239277e+00
  -1.4457679e-01
  -1.7717425e+00
   6.6408245e+00
   8.6047888e-02
   5.1742880e+00
   4.8486598e+00
  -3.4455963e+00
   2.1608128e+00
   7.6869792e-01
   5.4722966e+00
   5.5144819e-01
  -2.1441874e+00
   5.6577379e+00
  -1.5548600e+00
   5.2752913e+00
   1.9918541e+00
   2.3749495e+00
  -3.1220132e+00
   3.3046943e+00
   1.5402995e+00
   1.9480145e+00
  -2.7952366e+00
   1.3648047e+00
  -1.2929937e+00
   4.4955458e+00
   4.3500100e+00
   3.7973996e+00
   2.3734441e+00
   5.5559096e+00
   6.5570780e+00
  -2.8164539e+00
  -3.1071664e+00
   4.7476216e-01
  -1.2584787e+00
   5.0299817e+00
   3.0296249e+00
   5.7943613e+00
   1.0023504e+00
  -2.6329434e+00
   4.8586472e+00
   1.7930013e+00
   1.0897720e+00
  -3.6459524e-01
   2.7382562e+00
   6.1269767e+00
  -2.0008032e+00
  -8.5753900e-01
   5.0601726e+00
  -1.5602829e+00
   4.0797187e+00
   6.2956091e-01
   2.7272735e+00
   6.0465367e-01
  -1.3725415e+00
   6.3245021e+00
   6.1400876e+00
   5.9829881e-01
  -3.6955553e+00
   5.4007004e+00
  -3.7802681e+00
   3.8771422e+00
   5.6347306e-01
  -4.4957059e-01
   5.4172196e+00
  -1.1394328e+00
   6.3183389e-01
  -2.9687474e+00
  -3.7789212e+00
   6.6947816e+00
  -6.7800333e-01
   2.9629952e+00
   6.1550035e-01
   2.7201983e+00
   2.6708958e+00
   2.8712481e-01
   4.5926477e+00
   4.1705402e-01
   5.5644302e+00
   3.5780041e+00
  -2.2197073e+00
  -3.4310052e+00
  -1.1967163e+00
  -2.6260762e-04
  -3.1020104e+00
  -1.7064033e-01
  -1.8578597e+00
   5.9082445e+00
  -1.4811644e+00
   6.6266302e+00
  -1.3715427e+00
  -1.4224965e+00
  -9.3289010e-01
   2.5815239e+00
  -3.8350899e+00
  -1.7196515e+00
   2.6886268e+00
  -2.4239595e+00
   1.5194300e+00
  -1.9986803e+00
   3.9439701e-01
   4.0462387e+00
   6.9566174e+00
   5.7041962e-01
  -3.5451682e+00
  -2.0607744e+00
   6.6912850e-01
   4.9927472e+00
   4.4617240e+00
  -7.5156601e-01
  -3.9354384e+00
  -1.2698471e+00
  -2.9924393e+00
   3.0029151e+00
  -6.2108801e-01
   3.1330888e+00
  -3.3315264e+00
   6.1892748e+00
  -3.0501196e+00
   1.9593671e-01
  -3.9470582e+00
   2.3698619e+00
  -3.8916287e+00
  -2.8572677e+00
   5.0292355e+00
  -3.6228366e+00
   1.4790447e+00
  -1.6004565e+00
   4.0467387e+00
   5.8800951e+00
   2.2155009e+00
   2.9072158e+00
   5.2804953e+00
   6.7776863e+00
   3.8786136e+00
   3.7976284e+00
   6.0514538e+00
  -6.4380568e-02
  -2.1749225e+00
   6.9728192e+00
  -3.7245511e+00
   2.2784603e+00
  -2.9721045e+00
   5.7049034e+00
   1.7581288e+00
  -2.5399169e+00
  -7.4702559e-02
   4.8744793e+00
  -5.1806420e-01
   6.7341850e+00
   5.2158219e+00
  -7.3455326e-01
   5.1710978e-01
   6.6111961e+00
   1.3356685e+00
  -3.4602010e+00
   1.5198566e+00
   6.1357917e+00
   6.9747697e+00
   6.4681034e+00
   4.7229112e+00
   5.4100735e+00
   6.4023669e+00
   3.7815317e+00
   1.7270631e+00
   4.4318387e+00
   6.2873915e+00
   2.8950230e+00
   4.4831570e+00
   1.8949362e+00
   8.4867969e-01
  -1.9699825e+00
  -3.1511023e+00
  -1.3333020e+00
   5.8234982e+00
   5.4923394e+00
   2.3770857e+00
   5.6842540e+00
   2.8436005e+00
   1.0745691e+00
  -2.7708992e+00
   6.1573145e+00
   3.5236159e+00
   1.7615132e+00
  -1.1672052e+00
  -1.4515930e+00
   4.9908139e+00
   2.3511650e+00
   3.2994234e+00
   4.3599437e+00
   2.1472519e+00
   4.4023337e+00
  -7.0997894e-01
  -3.7222116e+00
   4.5063418e+00
  -2.6139266e+00
   1.7360644e+00
  -3.1132741e+00
  -3.9358259e+00
   1.3750622e+00
   4.6750732e+00
  -3.1165076e+00
  -2.3382687e-02
  -2.4816745e+00
   3.6762294e+00
   3.7918955e+00
   2.3318858e-01
   2.6253804e+00
   6.5439865e+00
   5.3930916e+00
  -1.0444441e+00
  -1.1424385e+00
  -1.8288776e+00
   1.6038004e+00
  -3.3443624e+00
  -2.0652952e+00
   2.3648291e-01
   1.7502158e+00
  -2.2980369e+00
   2.9670420e-01
   1.6346687e+00
   5.5800742e-02
   2.6959380e+00
   5.6869051e+00
   1.7852685e+00
   9.1149666e-01
   4.2683431e+00
  -1.3319908e+00
  -2.7053849e+00
   6.5498720e+00
  -1.6738754e+00
   4.9481432e+00
   2.3836112e+00
   2.7794243e+00
  -3.9251639e+00
   2.2755523e+00
  -9.5698858e-01
   1.1952698e+00
  -1.1784427e+00
  -1.6277915e+00
   6.6013067e+00
   2.0709943e+00
   2.8850413e+00
  -1.6285120e+00
  -2.4351770e-01
   6.1903956e+00
   5.4292929e+00
  -1.8002426e+00
   4.1579479e+00
   2.8041040e-01
   3.3412438e+00
   2.7880772e+00
  -3.6478398e+00
  -5.9187579e-01
   4.2568774e+00
   5.7774430e+00
  -1.8187485e+00
   3.1970218e+00
   2.6047947e+00
  -1.4006797e-01
   3.4954283e+00
   6.9248145e+00
  -1.0002283e+00
   3.5254500e-01
   1.2220363e+00
   8.9979768e-01
  -3.4976263e+00
   3.4083149e-01
   5.2110368e+00
  -2.3524462e+00
   1.2253825e+00
   8.2759338e-01
   9.1855670e-01
   5.6550492e+00
  -1.2429515e+00
   2.5194331e+00
  -1.9999383e+00
  -2.4451425e+00
   2.9811545e+00
   4.4481183e+00
   4.4399649e+00
   2.6076535e-01
  -1.5228511e-01
   3.9468922e+00
   5.3367763e+00
   2.5923091e+00
   1.4634203e+00
   2.8004428e+00
   6.0919471e+00
   4.7471666e+00
  -1.3105195e+00
   6.3986313e+00
   3.7077019e+00
   2.9952536e+00
   2.4824310e+00
   5.4523732e+00
   1.7727653e+00
   2.2101927e+00
  -1.9056854e+00
   6.8776009e+00
   4.0551734e+00
  -3.5024152e+00
   2.2374015e-01
   6.9490973e+00
   2.9843921e+00
  -2.7404248e+00
   5.0768748e+00
  -2.5809001e+00
   4.2325419e+00
  -1.4775489e+00
   1.6341498e+00
   5.4292017e+00
   6.6978303e+00
   5.9869752e+00
   3.3415207e+00
   3.3027688e+00
   6.4278831e-02
   4.5846166e+00
  -1.4094344e+00
   1.8758243e+00
   1.1973968e+00
  -1.5883537e-01
   6.0275967e+00
  -3.8458606e+00
  -3.9073439e+00
   9.7228146e-02
   5.6996291e+00
  -1.1942877e+00
   6.1098334e+00
  -1.2977982e+00
   3.9564758e+00
   5.9070060e+00
  -3.6883209e+00
   5.8044396e+00
  -2.2980691e+00
   4.0008534e+00
  -2.7850319e+00
   2.0604712e+00
   4.9992774e+00
   2.2787423e-01
  -3.5583744e+00
   3.0073186e-01
  -3.5638825e+00
   2.9161344e+00
   1.4099432e+00
  -2.9163968e-02
   2.4772664e+00
   2.4461603e+00
   5.5228697e+00
   1.8447703e+00
  -5.2971967e-01
   1.9165709e+00
   1.6285794e+00
   6.3154584e+00
   1.4810302e+00
   1.2987743e-02
  -1.7597821e+00
   3.3568035e+00
  -8.0942754e-01
  -1.8163123e-01
   5.4134879e+00
  -3.9651016e+00
  -6.6343388e-01
   3.6095379e+00
   1.5368736e+00
   5.6449480e+00
   6.8871642e+00
   6.7039266e+00
   3.1911004e+00
  -2.8890550e+00
   2.3117260e+00
   4.9827412e+00
   5.9495035e+00
  -2.8444393e+00
  -1.1548588e+00
   3.9441677e+00
  -1.2461551e+00
  -3.1819564e+00
   2.7105712e+00
   1.3200159e+00
   3.4189134e+00
  -3.6275846e-01
  -3.0508153e+00
   6.2042400e+00
   1.7585360e+00
   5.4309652e+00
  -1.6284243e+00
  -3.2113441e+00
   1.8292782e+00
   4.2669166e+00
   6.1593654e+00
   6.2772957e+00
   6.0324594e+00
   5.2214310e+00
   4.9203343e+00
   3.1197169e+00
  -3.9885309e+00
  -3.2817048e+00
   6.0194606e+00
  -3.8429574e+00
  -6.7952501e-01
   4.2698661e+00
   8.5719020e-01
  -6.4775174e-03
  -3.1277674e+00
   3.5284944e+00
  -2.8702620e+00
   6.3396062e+00
  -1.6095581e+00
  -2.2514001e+00
   2.8274615e+00
   3.6927524e+00
   6.1964882e+00
   6.5318056e+00
   5.7688124e-01
   3.0840490e+00
   3.6583623e+00
  -2.9599779e+00
  -4.0060408e-01
   5.9997608e+00
   2.6806839e+00
  -2.1540322e+00
  -1.4505328e+00
   2.7727509e+00
   2.2882457e+00
   5.7251181e+00
  -5.1517927e-01
  -1.2840904e+00
  -5.8414958e-01
   1.6043377e+00
  -1.7032185e+00
  -3.9732732e+00
   2.3696063e+00
  -2.3331073e+00
   5.6040159e-01
  -2.4272228e+00
  -3.0394016e+00
   6.7029572e+00
  -2.6177053e+00
  -1.6967265e+00
   7.8073953e-01
   1.5916852e-01
  -1.9108836e-01
  -3.8999015e+00
  -3.3803757e+00
   6.9390808e+00
   1.8317371e+00
  -3.0980568e-03
   1.3196232e+00
   6.8279413e+00
  -3.0953192e+00
   6.5798490e+00
   6.1568121e+00
  -3.0664025e+00
  -1.3909767e+00
   6.0038246e+00
   6.3387511e+00
  -3.3064706e+00
   3.1916473e+00
  -2.8033461e+00
   6.2982217e-01
  -2.3525219e+00
  -7.8522048e-02
   3.2141080e+00
   6.0527656e+00
   6.5737604e+00
   5.3093539e+00
   2.0640467e+00
   6.6845073e+00
   2.6799052e+00
   1.7405785e+00
   4.1530420e+00
  -3.8271410e+00
   3.5297996e+00
   3.0632295e+00
   4.3599714e+00
   2.0952449e+00
   2.5382418e+00
  -1.7045494e+00
  -1.0182579e+00
   6.6110383e+00
   3.9502038e+00
   5.4511886e-01
   2.7577432e+00
  -1.3402211e+00
  -8.0985680e-01
   6.4206962e+00
   4.7422765e+00
  -3.8752296e+00
   2.4264690e+00
  -1.0088887e+00
   2.1345113e+00
  -3.5000478e-01
   3.3429488e+00
  -2.8129231e+00
  -3.8467921e+00
   1.7832385e+00
  -9.7186349e-01
   9.2927006e-01
  -5.9349047e-01
   2.3533482e+00
   4.9964023e+00
   3.9641931e+00
   5.1731491e+00
   4.4269312e+00
   1.1465961e+00
   1.8402827e-01
  -2.9487156e-01
   4.8126813e+00
   2.8507850e+00
  -2.7240761e+00
   5.8120122e+00
   1.5639891e+00
  -3.5248187e+00
  -4.8901569e-01
   2.6275584e+00
   4.5632072e+00
   3.6460566e+00
  -2.6364844e+00
   1.9960577e+00
  -4.5455443e-01
  -3.8754139e+00
  -3.7944612e+00
  -8.4582619e-01
   6.7430129e+00
   6.1334173e+00
   1.9498427e+00
   8.0305816e-01
   2.6981248e+00
  -2.8869141e+00
   5.1368361e-01
   4.3657745e+00
  -2.9182687e+00
  -6.0148508e-02
   8.4007050e-01
   2.8382534e+00
  -2.9424970e+00
   2.6595660e+00
  -1.0858815e+00
   2.9003275e+00
  -1.3687827e+00
   4.3831935e+00
  -1.0395625e+00
  -2.1946351e+00
  -1.8778995e+00
  -3.2663136e+00
   4.6785894e+00
  -2.9932972e+00
  -2.8086530e+00
   4.2091291e+00
  -6.6733931e-01
   1.3565097e-01
   1.7431145e+00
   5.5879369e+00
  -2.9628832e+00
   5.4207852e+00
  -1.6668907e+00
   1.5981327e+00
   4.6784150e+00
   2.1524423e+00
  -3.8799415e+00
   1.7149151e-02
   3.9841880e+00
   5.9339870e+00
  -3.3135513e+00
   2.9847884e+00
  -1.6032201e+00
   5.2971168e+00
  -3.4200248e-01
   1.1469074e+00
   6.5205769e+00
   6.8124279e+00
  -7.0656325e-01
   4.4313707e+00
   2.7640249e+00
  -3.7481981e+00
   2.7551782e+00
   2.2063963e+00
  -1.2835163e+00
   2.0751063e+00
   2.3913901e+00
  -1.5852067e+00
  -3.9419446e+00
   3.8223502e+00
   1.7360639e-01
   3.3812372e+00
   4.8237507e+00
   1.5534088e+00
  -2.6071992e+00
   4.4155047e+00
   2.4794676e-02
   3.3138528e+00
   6.9150860e+00
   1.4337286e+00
  -6.0871855e-01
  -2.5837615e+00
   8.5425489e-01
  -1.7221213e-01
  -1.4184440e+00
  -3.3583192e+00
   3.9312652e+00
  -1.7212236e+00
  -2.3913643e+00
   1.4596016e+00
   6.0039985e-01
   3.5416427e+00
  -1.8930371e+00
   4.8972828e+00
   6.6642887e+00
  -3.0699061e+00
  -2.1769128e+00
   5.6085537e+00
  -1.8457041e+00
  -1.3688871e-01
  -3.5185803e+00
   1.7978972e+00
   4.1701850e+00
  -3.8748240e+00
   9.9873254e-02
   3.5496269e+00
   5.6569655e+00
   2.0335830e+00
  -1.3008483e+00
   4.3694811e+00
   5.5706347e+00
   1.4911091e-01
   5.5690975e+00
   5.0909832e+00
   5.0152259e+00
   6.4849644e+00
   4.9342095e-01
  -1.4851563e+00
  -3.1869764e+00
   3.2019645e+00
   1.3948812e+00
   2.5040696e+00
   3.8457937e+00
   6.8311247e+00
  -1.8806118e+00
   4.1331942e+00
   4.0629048e-01
   8.0258059e-02
  -3.7668081e+00
   2.5615415e+00
   2.1993971e+00
   3.3770033e+00
   3.8533067e+00
  -8.5360530e-01
   3.1943241e+00
   2.2810309e-02
   4.0801362e+00
   2.5136667e+00
  -1.1784579e+00
   5.4368366e+00
  -3.6226518e+00
  -3.5314113e-01
   5.7123115e+00
   5.7885998e+00
  -2.3105117e+00
   1.8954041e+00
   1.7173214e+00
   2.9170057e+00
   3.4334063e+00
  -5.7912476e-02
  -3.3658824e+00
   4.9025502e-01
  -1.0239895e+00
   5.8335032e+00
  -2.5725633e+00
  -1.1093438e+00
  -3.6096528e+00
   6.6211009e-01
   4.8772284e-01
  -1.9947847e+00
   2.1186742e+00
   5.7970178e+00
   2.7457886e+00
   1.5923322e+00
   5.9799974e+00
  -2.2506683e+00
  -2.4614361e+00
  -3.4474982e+00
  -4.2499161e-01
   4.0402279e+00
   6.0321118e+00
   4.4821871e+00
   1.8904679e+00
  -1.9580370e+00
   1.7199687e-01
  -3.9508546e+00
   4.2917656e+00
   4.7067050e+00
   8.3236759e-01
  -1.0630778e+00
   2.1094555e+00
  -1.1047441e+00
  -2.1131997e-01
   9.3933163e-01
  -1.3061740e+00
  -2.2317049e+00
   5.0226554e-01
  -3.7037411e+00
   4.7101315e+00
  -8.3170514e-01
   5.0324422e+00
   4.2159707e+00
  -2.1241937e+00
   5.5046893e+00
  -2.1374979e+00
   5.1923140e+00
  -3.3019249e+00
   5.0045259e-01
   4.6733499e+00
  -4.3606746e-01
   5.9814471e-02
  -8.8071572e-03
  -2.9250517e+00
  -3.5544107e+00
   3.7403619e+00
  -3.1477390e+00
  -3.9860397e+00
  -3.4418298e+00
   2.1901422e+00
  -8.3183078e-01
   4.4373364e+00
  -2.4122497e+00
  -1.7717636e+00
   2.7282902e+00
  -3.8807679e+00
   3.3153940e-02
  -3.5490924e+00
  -8.9301212e-01
  -5.6363229e-01
   6.2884024e+00
  -1.7635059e+00
   3.3888680e+00
   6.7194193e+00
  -1.0218201e+00
   3.3555709e+00
  -3.3470636e+00
   5.4199244e+00
  -2.1652426e+00
   3.1421961e+00
  -3.0890127e+00
  -1.5690497e+00
  -2.8114286e+00
  -2.3568201e+00
  -2.0674241e+00
   5.1960284e+00
   1.4352491e+00
  -1.8087690e+00
   1.0834224e+00
   6.3096475e+00
  -2.4012557e-01
   6.3611214e+00
   4.2883632e+00
  -3.6885343e+00
   3.2733525e+00
  -3.9724358e+00
  -3.2596930e+00
  -2.8341799e+00
   4.4171581e+00
  -1.0863466e+00
   6.2881767e+00
   5.4760677e+00
   3.8959974e+00
   2.5671596e+00
  -2.1568594e+00
   3.0849824e+00
  -1.5572975e+00
  -3.7490955e+00
   3.6632971e+00
  -7.8294607e-01
   4.4696639e+00
   2.1618679e+00
   5.4149467e+00
   3.2906893e+00
  -1.3358001e-01
   5.9061610e+00
   1.0689221e+00
   5.9088298e+00
   6.6698049e-01
  -1.6966588e+00
   1.7204734e+00
   6.9627602e+00
   5.2761008e+00
   1.5237790e+00
   5.9181982e+00
  -1.7358845e+00
   2.4506258e+00
   2.3239279e+00
   2.7536353e+00
  -3.3592531e+00
   6.7209048e+00
   1.1204835e+00
   3.1112650e+00
  -2.6518965e+00
   5.3433964e+00
  -3.3058518e+00
  -1.3267500e+00
  -3.2153745e+00
  -1.3390126e+00
   5.3902067e+00
   4.9527824e+00
   1.7825988e+00
  -1.8140143e+00
   3.7539969e+00
   5.9893414e+00
   2.0960203e+00
   4.7821388e+00
   6.3535418e+00
   4.1936186e+00
   4.9469810e+00
   6.0938939e+00
   6.5943116e+00
   1.3278709e+00
   5.9549944e-02
   9.6059381e-01
   1.6159683e+00
  -3.7195097e+00
   6.2143196e+00
   4.5895380e+00
  -4.8036817e-01
   1.5899546e+00
   5.4438606e+00
   5.4780622e+00
  -9.4299241e-01
  -3.5347921e+00
   5.4445211e+00
   4.5884861e+00
  -3.0318602e+00
  -2.4633660e+00
  -2.3967606e+00
   2.1486284e+00
  -3.8936785e+00
  -2.8220178e+00
   1.0009843e+00
  -3.0830766e+00
   2.4899938e+00
   2.9931802e+00
  -3.3426740e+00
  -1.3875397e+00
   6.6373522e+00
   1.1895594e+00
   2.3630409e+00
   2.0761202e+00
   4.0471656e+00
   1.1386137e-01
   4.8747264e+00
   3.3775966e+00
   2.7142657e+00
  -8.8620608e-01
   1.6919027e+00
   4.3947772e+00
   1.0472904e+00
   6.9075347e-01
   5.4128539e-01
   4.3925119e+00
   2.7824243e+00
   5.3802952e+00
   4.7971589e+00
  -3.9322952e+00
  -9.0564949e-01
   3.0389506e+00
  -5.0140291e-01
   5.6717178e+00
   2.2378609e-01
   2.2969279e+00
  -1.1257016e+00
  -3.0942472e+00
   6.3052385e+00
   1.9347718e+00
   2.1213255e+00
   2.0505628e+00
   4.7594164e+00
  -9.0021867e-01
   6.4642787e+00
   5.6199163e-01
  -3.3294677e+00
   3.5731824e+00
  -3.4393975e+00
   6.2985391e+00
   6.7167428e+00
  -3.7549748e+00
   5.7158557e-01
   5.9888761e+00
  -1.3366413e+00
   4.3853032e-01
  -4.0847361e-01
  -3.9245738e+00
   6.6482146e+00
   5.1283644e+00
  -3.3654911e-01
   6.9416461e+00
  -3.2666607e+00
  -3.2875429e+00
   4.5867187e+00
   6.2876102e+00
   2.2011988e+00
  -2.7122939e+00
   6.2949370e+00
   3.9843709e+00
  -3.5702602e+00
  -3.1266564e+00
   4.2179532e+00
   2.1193139e+00
   1.8994580e+00
  -3.3723922e+00
   2.3591239e+00
   4.2134766e+00
   2.9027840e+00
   5.5623864e+00
   6.3848687e+00
   7.9061094e-01
   6.3619435e+00
  -3.2518266e+00
   1.7298289e+00
   6.8320997e+00
  -3.4979801e+00
   4.9295001e+00
   5.2126864e+00
   2.3071008e+00
  -1.8645172e+00
  -3.3653901e+00
  -2.9551435e+00
   2.9536545e+00
  -2.2805166e-01
   1.4828756e+00
   2.6919340e+00
   6.2361776e+00
  -3.0560489e+00
   5.8309466e+00
   5.6772654e+00
   1.5745331e+00
   5.7071172e+00
   2.8565910e+00
   4.7672224e+00
  -3.0804051e+00
   5.6011914e+00
  -1.0171922e+00
   5.8187119e+00
   3.0254447e+00
   3.2839803e+00
   3.0010420e+00
  -2.0347740e+00
   3.5197802e+00
   5.6178721e+00
  -2.7840996e-01
   9.0766052e-01
  -3.4243764e+00
   4.4878361e+00
  -1.0461649e+00
   2.5802547e+00
  -3.4686970e+00
   5.3996970e+00
   2.5064261e+00
   8.7758927e-01
  -1.2146242e+00
  -8.9606371e-01
  -2.6425169e+00
   3.8124935e+00
  -3.3757040e+00
   4.0166059e+00
   3.2231266e+00
   2.5392446e+00
   6.8919237e+00
   3.1754007e-02
   7.0613484e-01
   2.7081852e+00
  -1.9812568e+00
   1.3438863e+00
  -3.0753883e+00
   1.5490700e+00
  -2.1867471e+00
  -3.1848549e+00
   2.4058995e+00
   6.7380821e+00
  -3.1718004e+00
  -1.7372145e+00
  -1.3621100e+00
   3.1483576e+00
   6.7651712e+00
   4.2912562e+00
   6.0745273e+00
  -2.1192633e+00
  -2.4550501e+00
   5.3925444e+00
  -2.9798448e+00
   2.3137727e-01
   5.4584642e+00
  -1.4871022e+00
   3.3424123e+00
   4.6847758e+00
  -1.7492489e+00
   3.3946666e+00
  -1.0425739e+00
   5.0964388e+00
   2.6595603e+00
  -2.7020866e+00
   4.4685028e+00
  -3.0239277e+00
  -1.4457679e-01
  -1.7717425e+00
   6.6408245e+00
   8.6047888e-02
   5.1742880e+00
   4.8486598e+00
  -3.4455963e+00
   2.1608128e+00
   7.6869792e-01
   5.4722966e+00
   5.5144819e-01
  -2.1441874e+00
   5.6577379e+00
  -1.5548600e+00
   5.2752913e+00
   1.9918541e+00
   2.3749495e+00
  -3.1220132e+00
   3.3046943e+00
   1.5402995e+00
   1.9480145e+00
  -2.7952366e+00
   1.3648047e+00
  -1.2929937e+00
   4.4955458e+00
   4.3500100e+00
   3.7973996e+00
   2.3734441e+00
   5.5559096e+00
   6.5570780e+00
  -2.8164539e+00
  -3.1071664e+00
   4.7476216e-01
  -1.2584787e+00
   5.0299817e+00
   3.0296249e+00
   5.7943613e+00
   1.0023504e+00
  -2.6329434e+00
   4.8586472e+00
   1.7930013e+00
   1.0897720e+00
  -3.6459524e-01
   2.7382562e+00
   6.1269767e+00
  -2.0008032e+00
  -8.5753900e-01
   5.0601726e+00
  -1.5602829e+00
   4.0797187e+00
   6.2956091e-01
   2.7272735e+00
   6.0465367e-01
  -1.3725415e+00
   6.3245021e+00
   6.1400876e+00
   5.9829881e-01
  -3.6955553e+00
   5.4007004e+00
  -3.7802681e+00
   3.8771422e+00
   5.6347306e-01
  -4.4957059e-01
   5.4172196e+00
  -1.1394328e+00
   6.3183389e-01
  -2.9687474e+00
  -3.7789212e+00
   6.6947816e+00
  -6.7800333e-01
   2.9629952e+00
   6.1550035e-01
   2.7201983e+00
   2.6708958e+00
   2.8712481e-01
   4.5926477e+00
   4.1705402e-01
   5.5644302e+00
   3.5780041e+00
  -2.2197073e+00
  -3.4310052e+00
  -1.1967163e+00
  -2.6260762e-04
  -3.1020104e+00
  -1.7064033e-01
  -1.8578597e+00
   5.9082445e+00
  -1.4811644e+00
   6.6266302e+00
  -1.3715427e+00
  -1.4224965e+00
  -9.3289010e-01
   2.5815239e+00
  -3.8350899e+00
  -1.7196515e+00
   2.6886268e+00
  -2.4239595e+00
   1.5194300e+00
  -1.9986803e+00
   3.9439701e-01
   4.0462387e+00
   6.9566174e+00
   5.7041962e-01
  -3.5451682e+00
  -2.0607744e+00
   6.6912850e-01
   4.9927472e+00
   4.4617240e+00
  -7.5156601e-01
  -3.9354384e+00
  -1.2698471e+00
  -2.9924393e+00
   3.0029151e+00
  -6.2108801e-01
   3.1330888e+00
  -3.3315264e+00
   6.1892748e+00
  -3.0501196e+00
   1.9593671e-01
  -3.9470582e+00
   2.3698619e+00
  -3.8916287e+00
  -2.8572677e+00
   5.0292355e+00
  -3.6228366e+00
   1.4790447e+00
  -1.6004565e+00
   4.0467387e+00
   5.8800951e+00
   2.2155009e+00
   2.9072158e+00
   5.2804953e+00
   6.7776863e+00
   3.8786136e+00
   3.7976284e+00
   6.0514538e+00
  -6.4380568e-02
  -2.1749225e+00
   6.9728192e+00
  -3.7245511e+00
   2.2784603e+00
  -2.9721045e+00
   5.7049034e+00
   1.7581288e+00
  -2.5399169e+00
  -7.4702559e-02
   4.8744793e+00
  -5.1806420e-01
   6.7341850e+00
   5.2158219e+00
  -7.3455326e-01
   5.1710978e-01
   6.6111961e+00
   1.3356685e+00
  -3.4602010e+00
   1.5198566e+00
   6.1357917e+00
   6.9747697e+00
   6.4681034e+00
   4.7229112e+00
   5.4100735e+00
   6.4023669e+00
   3.7815317e+00
   1.7270631e+00
   4.4318387e+00
   6.2873915e+00
   2.8950230e+00
   4.4831570e+00
   1.8949362e+00
   8.4867969e-01
  -1.9699825e+00
  -3.1511023e+00
  -1.3333020e+00
   5.8234982e+00
   5.4923394e+00
   2.3770857e+00
   5.6842540e+00
   2.8436005e+00
   1.0745691e+00
  -2.7708992e+00
   6.1573145e+00
   3.5236159e+00
   1.7615132e+00
  -1.1672052e+00
  -1.4515930e+00
   4.9908139e+00
   2.3511650e+00
   3.2994234e+00
   4.3599437e+00
   2.1472519e+00
   4.4023337e+00
  -7.0997894e-01
  -3.7222116e+00
   4.5063418e+00
  -2.6139266e+00
   1.7360644e+00
  -3.1132741e+00
  -3.9358259e+00
   1.3750622e+00
   4.6750732e+00
  -3.1165076e+00
  -2.3382687e-02
  -2.4816745e+00
   3.6762294e+00
   3.7918955e+00
   2.3318858e-01
   2.6253804e+00
   6.5439865e+00
   5.3930916e+00
  -1.0444441e+00
  -1.1424385e+00
  -1.8288776e+00
   1.6038004e+00
  -3.3443624e+00
  -2.0652952e+00
   2.3648291e-01
   1.7502158e+00
  -2.2980369e+00
   2.9670420e-01
   1.6346687e+00
   5.5800742e-02
   2.6959380e+00
   5.6869051e+00
   1.7852685e+00
   9.1149666e-01
   4.2683431e+00
  -1.3319908e+00
  -2.7053849e+00
   6.5498720e+00
  -1.6738754e+00
   4.9481432e+00
   2.3836112e+00
   2.7794243e+00
  -3.9251639e+00
   2.2755523e+00
  -9.5698858e-01
   1.1952698e+00
  -1.1784427e+00
  -1.6277915e+00
   6.6013067e+00
   2.0709943e+00
   2.8850413e+00
  -1.6285120e+00
  -2.4351770e-01
   6.1903956e+00
   5.4292929e+00
  -1.8002426e+00
   4.1579479e+00
   2.8041040e-01
   3.3412438e+00
   2.7880772e+00
  -3.6478398e+00
  -5.9187579e-01
   4.2568774e+00
   5.7774430e+00
  -1.8187485e+00
   3.1970218e+00
   2.6047947e+00
  -1.4006797e-01
   3.4954283e+00
   6.9248145e+00
  -1.0002283e+00
   3.5254500e-01
   1.2220363e+00
   8.9979768e-01
  -3.4976263e+00
   3.4083149e-01
   5.2110368e+00
  -2.3524462e+00
   1.2253825e+00
   8.2759338e-01
   9.1855670e-01
   5.6550492e+00
  -1.2429515e+00
   2.5194331e+00
  -1.9999383e+00
  -2.4451425e+00
   2.9811545e+00
   4.4481183e+00
   4.4399649e+00
   2.6076535e-01
  -1.5228511e-01
   3.9468922e+00
   5.3367763e+00
   2.5923091e+00
   1.4634203e+00
   2.8004428e+00
   6.0919471e+00
   4.7471666e+00
  -1.3105195e+00
   6.3986313e+00
   3.7077019e+00
   2.9952536e+00
   2.4824310e+00
   5.4523732e+00
   1.7727653e+00
   2.2101927e+00
  -1.9056854e+00
   6.8776009e+00
   4.0551734e+00
  -3.5024152e+00
   2.2374015e-01
   6.9490973e+00
   2.9843921e+00
  -2.7404248e+00
   5.0768748e+00
  -2.5809001e+00
   4.2325419e+00
  -1.4775489e+00
   1.6341498e+00
   5.4292017e+00
   6.6978303e+00
   5.9869752e+00
   3.3415207e+00
   3.3027688e+00
   6.4278831e-02
   4.5846166e+00
  -1.4094344e+00
   1.8758243e+00
   1.1973968e+00
  -1.5883537e-01
   6.0275967e+00
  -3.8458606e+00
  -3.9073439e+00
   9.7228146e-02
   5.6996291e+00
  -1.1942877e+00
   6.1098334e+00
  -1.2977982e+00
   3.9564758e+00
   5.9070060e+00
  -3.6883209e+00
   5.8044396e+00
  -2.2980691e+00
   4.0008534e+00
  -2.7850319e+00
   2.0604712e+00
   4.9992774e+00
   2.2787423e-01
  -3.5583744e+00
   3.0073186e-01
  -3.5638825e+00
   2.9161344e+00
   1.4099432e+00
  -2.9163968e-02
   2.4772664e+00
   2.4461603e+00
   5.5228697e+00
   1.8447703e+00
  -5.2971967e-01
   1.9165709e+00
   1.6285794e+00
   6.3154584e+00
   1.4810302e+00
   1.2987743e-02
  -1.7597821e+00
   3.3568035e+00
  -8.0942754e-01
  -1.8163123e-01
   5.4134879e+00
  -3.9651016e+00
  -6.6343388e-01
   3.6095379e+00
   1.5368736e+00
   5.6449480e+00
   6.8871642e+00
   6.7039266e+00
   3.1911004e+00
  -2.8890550e+00
   2.3117260e+00
   4.9827412e+00
   5.9495035e+00
  -2.8444393e+00
  -1.1548588e+00
   3.9441677e+00
  -1.2461551e+00
  -3.1819564e+00
   2.7105712e+00
   1.3200159e+00
   3.4189134e+00
  -3.6275846e-01
  -3.0508153e+00
   6.2042400e+00
   1.7585360e+00
   5.4309652e+00
  -1.6284243e+00
  -3.2113441e+00
   1.8292782e+00
   4.2669166e+00
   6.1593654e+00
   6.2772957e+00
   6.0324594e+00
   5.2214310e+00
   4.9203343e+00
   3.1197169e+00
  -3.9885309e+00
  -3.2817048e+00
   6.0194606e+00
  -3.8429574e+00
  -6.7952501e-01
   4.2698661e+00
   8.5719020e-01
  -6.4775174e-03
  -3.1277674e+00
   3.5284944e+00
  -2.8702620e+00
   6.3396062e+00
  -1.6095581e+00
  -2.2514001e+00
   2.8274615e+00
   3.6927524e+00
   6.1964882e+00
   6.5318056e+00
   5.7688124e-01
   3.0840490e+00
   3.6583623e+00
  -2.9599779e+00
  -4.0060408e-01
   5.9997608e+00
   2.6806839e+00
  -2.1540322e+00
  -1.4505328e+00
   2.7727509e+00
   2.2882457e+00
   5.7251181e+00
  -5.1517927e-01
  -1.2840904e+00
  -5.8414958e-01
   1.6043377e+00
  -1.7032185e+00
  -3.9732732e+00
   2.3696063e+00
  -2.3331073e+00
   5.6040159e-01
  -2.4272228e+00
  -3.0394016e+00
   6.7029572e+00
  -2.6177053e+00
  -1.6967265e+00
   7.8073953e-01
   1.5916852e-01
  -1.9108836e-01
  -3.8999015e+00
  -3.3803757e+00
   6.9390808e+00
   1.8317371e+00
  -3.0980568e-03
   1.3196232e+00
   6.8279413e+00
  -3.0953192e+00
   6.5798490e+00
   6.1568121e+00
  -3.0664025e+00
  -1.3909767e+00
   6.0038246e+00
   6.3387511e+00
  -3.3064706e+00
   3.1916473e+00
  -2.8033461e+00
   6.2982217e-01
  -2.3525219e+00
  -7.8522048e-02
   3.2141080e+00
   6.0527656e+00
   6.5737604e+00
   5.3093539e+00
   2.0640467e+00
   6.6845073e+00
   2.6799052e+00
   1.7405785e+00
   4.1530420e+00
  -3.8271410e+00
   3.5297996e+00
   3.0632295e+00
   4.3599714e+00
   2.0952449e+00
   2.5382418e+00
  -1.7045494e+00
  -1.0182579e+00
   6.6110383e+00
   3.9502038e+00
   5.4511886e-01
   2.7577432e+00
  -1.3402211e+00
  -8.0985680e-01
   6.4206962e+00
   4.7422765e+00
  -3.8752296e+00
   2.4264690e+00
  -1.0088887e+00
   2.1345113e+00
  -3.5000478e-01
   3.3429488e+00
  -2.8129231e+00
  -3.8467921e+00
   1.7832385e+00
  -9.7186349e-01
   9.2927006e-01
  -5.9349047e-01
   2.3533482e+00
   4.9964023e+00
   3.9641931e+00
   5.1731491e+00
   4.4269312e+00
   1.1465961e+00
   1.8402827e-01
  -2.9487156e-01
   4.8126813e+00
   2.8507850e+00
  -2.7240761e+00
   5.8120122e+00
   1.5639891e+00
  -3.5248187e+00
  -4.8901569e-01
   2.6275584e+00
   4.5632072e+00
   3.6460566e+00
  -2.6364844e+00
   1.9960577e+00
  -4.5455443e-01
  -3.8754139e+00
  -3.7944612e+00
  -8.4582619e-01
   6.7430129e+00
   6.1334173e+00
   1.9498427e+00
   8.0305816e-01
   2.6981248e+00
  -2.8869141e+00
   5.1368361e-01
   4.3657745e+00
  -2.9182687e+00
  -6.0148508e-02
   8.4007050e-01
   2.8382534e+00
  -2.9424970e+00
   2.6595660e+00
  -1.0858815e+00
   2.9003275e+00
  -1.3687827e+00
   4.3831935e+00
  -1.0395625e+00
  -2.1946351e+00
  -1.8778995e+00
  -3.2663136e+00
   4.6785894e+00
  -2.9932972e+00
  -2.8086530e+00
   4.2091291e+00
  -6.6733931e-01
   1.3565097e-01
   1.7431145e+00
   5.5879369e+00
  -2.9628832e+00
   5.4207852e+00
  -1.6668907e+00
   1.5981327e+00
   4.6784150e+00
   2.1524423e+00
  -3.8799415e+00
   1.7149151e-02
   3.9841880e+00
   5.9339870e+00
  -3.3135513e+00
   2.9847884e+00
  -1.6032201e+00
   5.2971168e+00
  -3.4200248e-01
   1.1469074e+00
   6.5205769e+00
   6.8124279e+00
  -7.0656325e-01
   4.4313707e+00
   2.7640249e+00
  -3.7481981e+00
   2.7551782e+00
   2.2063963e+00
  -1.2835163e+00
   2.0751063e+00
   2.3913901e+00
  -1.5852067e+00
  -3.9419446e+00
   3.8223502e+00
   1.7360639e-01
   3.3812372e+00
   4.8237507e+00
   1.5534088e+00
  -2.6071992e+00
   4.4155047e+00
   2.4794676e-02
   3.3138528e+00
   6.9150860e+00
   1.4337286e+00
  -6.0871855e-01
  -2.5837615e+00
   8.5425489e-01
  -1.7221213e-01
  -1.4184440e+00
  -3.3583192e+00
   3.9312652e+00
  -1.7212236e+00
  -2.3913643e+00
   1.4596016e+00
   6.0039985e-01
   3.5416427e+00
  -1.8930371e+00
   4.8972828e+00
   6.6642887e+00
  -3.0699061e+00
  -2.1769128e+00
   5.6085537e+00
  -1.8457041e+00
  -1.3688871e-01
  -3.5185803e+00
   1.7978972e+00
   4.1701850e+00
  -3.8748240e+00
   9.9873254e-02
   3.5496269e+00
   5.6569655e+00
   2.0335830e+00
  -1.3008483e+00
   4.3694811e+00
   5.5706347e+00
   1.4911091e-01
   5.5690975e+00
   5.0909832e+00
   5.0152259e+00
   6.4849644e+00
   4.9342095e-01
  -1.4851563e+00
  -3.1869764e+00
   3.2019645e+00
   1.3948812e+00
   2.5040696e+00
   3.8457937e+00
   6.8311247e+00
  -1.8806118e+00
   4.1331942e+00
   4.0629048e-01
   8.0258059e-02
  -3.7668081e+00
   2.5615415e+00
   2.1993971e+00
   3.3770033e+00
   3.8533067e+00
  -8.5360530e-01
   3.1943241e+00
   2.2810309e-02
   4.0801362e+00
   2.5136667e+00
  -1.1784579e+00
   5.4368366e+00
  -3.6226518e+00
  -3.5314113e-01
   5.7123115e+00
   5.7885998e+00
  -2.3105117e+00
   1.8954041e+00
   1.7173214e+00
   2.9170057e+00
   3.4334063e+00
  -5.7912476e-02
  -3.3658824e+00
   4.9025502e-01
  -1.0239895e+00
   5.8335032e+00
  -2.5725633e+00
  -1.1093438e+00
  -3.6096528e+00
   6.6211009e-01
   4.8772284e-01
  -1.9947847e+00
   2.1186742e+00
   5.7970178e+00
   2.7457886e+00
   1.5923322e+00
   5.9799974e+00
  -2.2506683e+00
  -2.4614361e+00
  -3.4474982e+00
  -4.2499161e-01
   4.0402279e+00
   6.0321118e+00
   4.4821871e+00
   1.8904679e+00
  -1.9580370e+00
   1.7199687e-01
  -3.9508546e+00
   4.2917656e+00
   4.7067050e+00
   8.3236759e-01
  -1.0630778e+00
   2.1094555e+00
  -1.1047441e+00
  -2.1131997e-01
   9.3933163e-01
  -1.3061740e+00
  -2.2317049e+00
   5.0226554e-01
  -3.7037411e+00
   4.7101315e+00
  -8.3170514e-01
   5.0324422e+00
   4.2159707e+00
  -2.1241937e+00
   5.5046893e+00
  -2.1374979e+00
   5.1923140e+00
  -3.3019249e+00
   5.0045259e-01
   4.6733499e+00
  -4.3606746e-01
   5.9814471e-02
  -8.8071572e-03
  -2.9250517e+00
  -3.5544107e+00
   3.7403619e+00
  -3.1477390e+00
  -3.9860397e+00
  -3.4418298e+00
   2.1901422e+00
  -8.3183078e-01
   4.4373364e+00
  -2.4122497e+00
  -1.7717636e+00
   2.7282902e+00
  -3.8807679e+00
   3.3153940e-02
  -3.5490924e+00
  -8.9301212e-01
  -5.6363229e-01
   6.2884024e+00
  -1.7635059e+00
   3.3888680e+00
   6.7194193e+00
  -1.0218201e+00
   3.3555709e+00
  -3.3470636e+00
   5.4199244e+00
  -2.1652426e+00
   3.1421961e+00
  -3.0890127e+00
  -1.5690497e+00
  -2.8114286e+00
  -2.3568201e+00
  -2.0674241e+00
   5.1960284e+00
   1.4352491e+00
  -1.8087690e+00
   1.0834224e+00
   6.3096475e+00
  -2.4012557e-01
   6.3611214e+00
   4.2883632e+00
  -3.6885343e+00
   3.2733525e+00
  -3.9724358e+00
  -3.2596930e+00
  -2.8341799e+00
   4.4171581e+00
  -1.0863466e+00
   6.2881767e+00
   5.4760677e+00
   3.8959974e+00
   2.5671596e+00
  -2.1568594e+00
   3.0849824e+00
  -1.5572975e+00
  -3.7490955e+00
   3.6632971e+00
  -7.8294607e-01
   4.4696639e+00
   2.1618679e+00
   5.4149467e+00
   3.2906893e+00
  -1.3358001e-01
   5.9061610e+00
   1.0689221e+00
   5.9088298e+00
   6.6698049e-01
  -1.6966588e+00
   1.7204734e+00
   6.9627602e+00
   5.2761008e+00
   1.5237790e+00
   5.9181982e+00
  -1.7358845e+00
   2.4506258e+00
   2.3239279e+00
   2.7536353e+00
  -3.3592531e+00
   6.7209048e+00
   1.1204835e+00
   3.1112650e+00
  -2.6518965e+00
   5.3433964e+00
  -3.3058518e+00
  -1.3267500e+00
  -3.2153745e+00
  -1.3390126e+00
   5.3902067e+00
   4.9527824e+00
   1.7825988e+00
  -1.8140143e+00
   3.7539969e+00
   5.9893414e+00
   2.0960203e+00
   4.7821388e+00
   6.3535418e+00
   4.1936186e+00
   4.9469810e+00
   6.0938939e+00
   6.5943116e+00
   1.3278709e+00
   5.9549944e-02
   9.6059381e-01
   1.6159683e+00
  -3.7195097e+00
   6.2143196e+00
   4.5895380e+00
  -4.8036817e-01
   1.5899546e+00
   5.4438606e+00
   5.4780622e+00
  -9.4299241e-01
  -3.5347921e+00
   5.4445211e+00
   4.5884861e+00
  -3.0318602e+00
  -2.4633660e+00
  -2.3967606e+00
   2.1486284e+00
  -3.8936785e+00
  -2.8220178e+00
   1.0009843e+00
  -3.0830766e+00
   2.4899938e+00
   2.9931802e+00
  -3.3426740e+00
  -1.3875397e+00
   6.6373522e+00
   1.1895594e+00
   2.3630409e+00
   2.0761202e+00
   4.0471656e+00
   1.1386137e-01
   4.8747264e+00
   3.3775966e+00
   2.7142657e+00
  -8.8620608e-01
   1.6919027e+00
   4.3947772e+00
   1.0472904e+00
   6.9075347e-01
   5.4128539e-01
   4.3925119e+00
   2.7824243e+00
   5.3802952e+00
   4.7971589e+00
  -3.9322952e+00
  -9.0564949e-01
   3.0389506e+00
  -5.0140291e-01
   5.6717178e+00
   2.2378609e-01
   2.2969279e+00
  -1.1257016e+00
  -3.0942472e+00
   6.3052385e+00
   1.9347718e+00
   2.1213255e+00
   2.0505628e+00
   4.7594164e+00
  -9.0021867e-01
   6.4642787e+00
   5.6199163e-01
  -3.3294677e+00
   3.5731824e+00
  -3.4393975e+00
   6.2985391e+00
   6.7167428e+00
  -3.7549748e+00
   5.7158557e-01
   5.9888761e+00
  -1.3366413e+00
   4.3853032e-01
  -4.0847361e-01
  -3.9245738e+00
   6.6482146e+00
   5.1283644e+00
  -3.3654911e-01
   6.9416461e+00
  -3.2666607e+00
  -3.2875429e+00
   4.5867187e+00
   6.2876102e+00
   2.2011988e+00
  -2.7122939e+00
   6.2949370e+00
   3.9843709e+00
  -3.5702602e+00
  -3.1266564e+00
   4.2179532e+00
   2.1193139e+00
   1.8994580e+00
  -3.3723922e+00
   2.3591239e+00
   4.2134766e+00
   2.9027840e+00
   5.5623864e+00
   6.3848687e+00
   7.9061094e-01
   6.3619435e+00
  -3.2518266e+00
   1.7298289e+00
   6.8320997e+00
  -3.4979801e+00
   4.9295001e+00
   5.2126864e+00
   2.3071008e+00
  -1.8645172e+00
  -3.3653901e+00
  -2.9551435e+00
   2.9536545e+00
  -2.2805166e-01
   1.4828756e+00
   2.6919340e+00
   6.2361776e+00
  -3.0560489e+00
   5.8309466e+00
   5.6772654e+00
   1.5745331e+00
   5.7071172e+00
   2.8565910e+00
   4.7672224e+00
  -3.0804051e+00
   5.6011914e+00
  -1.0171922e+00
   5.8187119e+00
   3.0254447e+00
   3.2839803e+00
   3.0010420e+00
  -2.0347740e+00
   3.5197802e+00
   5.6178721e+00
  -2.7840996e-01
   9.0766052e-01
  -3.4243764e+00
   4.4878361e+00
  -1.0461649e+00
   2.5802547e+00
  -3.4686970e+00
   5.3996970e+00
   2.5064261e+00
   8.7758927e-01
  -1.2146242e+00
  -8.9606371e-01
  -2.6425169e+00
   3.8124935e+00
  -3.3757040e+00
   4.0166059e+00
   3.2231266e+00
   2.5392446e+00
   6.8919237e+00
   3.1754007e-02
   7.0613484e-01
   2.7081852e+00
  -1.9812568e+00
   1.3438863e+00
  -3.0753883e+00
   1.5490700e+00
  -2.1867471e+00
  -3.1848549e+00
   2.4058995e+00
   6.7380821e+00
  -3.1718004e+00
  -1.7372145e+00
  -1.3621100e+00
   3.1483576e+00
   6.7651712e+00
   4.2912562e+00
   6.0745273e+00
  -2.1192633e+00
  -2.4550501e+00
   5.3925444e+00
  -2.9798448e+00
   2.3137727e-01
   5.4584642e+00
  -1.4871022e+00
   3.3424123e+00
   4.6847758e+00
  -1.7492489e+00
   3.3946666e+00
  -1.0425739e+00
   5.0964388e+00
   2.6595603e+00
  -2.7020866e+00
   4.4685028e+00
  -3.0239277e+00
  -1.4457679e-01
  -1.7717425e+00
   6.6408245e+00
   8.6047888e-02
   5.1742880e+00
   4.8486598e+00
  -3.4455963e+00
   2.1608128e+00
   7.6869792e-01
   5.4722966e+00
   5.5144819e-01
  -2.1441874e+00
   5.6577379e+00
  -1.5548600e+00
   5.2752913e+00
   1.9918541e+00
   2.3749495e+00
  -3.1220132e+00
   3.3046943e+00
   1.5402995e+00
   1.9480145e+00
  -2.7952366e+00
   1.3648047e+00
  -1.2929937e+00
   4.4955458e+00
   4.3500100e+00
   3.7973996e+00
   2.3734441e+00
   5.5559096e+00
   6.5570780e+00
  -2.8164539e+00
  -3.1071664e+00
   4.7476216e-01
  -1.2584787e+00
   5.0299817e+00
   3.0296249e+00
   5.7943613e+00
   1.0023504e+00
  -2.6329434e+00
   4.8586472e+00
   1.7930013e+00
   1.0897720e+00
  -3.6459524e-01
   2.7382562e+00
   6.1269767e+00
  -2.0008032e+00
  -8.5753900e-01
   5.0601726e+00
  -1.5602829e+00
   4.0797187e+00
   6.2956091e-01
   2.7272735e+00
   6.0465367e-01
  -1.3725415e+00
   6.3245021e+00
   6.1400876e+00
   5.9829881e-01
  -3.6955553e+00
   5.4007004e+00
  -3.7802681e+00
   3.8771422e+00
   5.6347306e-01
  -4.4957059e-01
   5.4172196e+00
  -1.1394328e+00
   6.3183389e-01
  -2.9687474e+00
  -3.7789212e+00
   6.6947816e+00
  -6.7800333e-01
   2.9629952e+00
   6.1550035e-01
   2.7201983e+00
   2.6708958e+00
   2.8712481e-01
   4.5926477e+00
   4.1705402e-01
   5.5644302e+00
   3.5780041e+00
  -2.2197073e+00
  -3.4310052e+00
  -1.1967163e+00
  -2.6260762e-04
  -3.1020104e+00
  -1.7064033e-01
  -1.8578597e+00
   5.9082445e+00
  -1.4811644e+00
   6.6266302e+00
  -1.3715427e+00
  -1.4224965e+00
  -9.3289010e-01
   2.5815239e+00
  -3.8350899e+00
  -1.7196515e+00
   2.6886268e+00
  -2.4239595e+00
   1.5194300e+00
  -1.9986803e+00
   3.9439701e-01
   4.0462387e+00
   6.9566174e+00
   5.7041962e-01
  -3.5451682e+00
  -2.0607744e+00
   6.6912850e-01
   4.9927472e+00
   4.4617240e+00
  -7.5156601e-01
  -3.9354384e+00
  -1.2698471e+00
  -2.9924393e+00
   3.0029151e+00
  -6.2108801e-01
   3.1330888e+00
  -3.3315264e+00
   6.1892748e+00
  -3.0501196e+00
   1.9593671e-01
  -3.9470582e+00
   2.3698619e+00
  -3.8916287e+00
  -2.8572677e+00
   5.0292355e+00
  -3.6228366e+00
   1.4790447e+00
  -1.6004565e+00
   4.0467387e+00
   5.8800951e+00
   2.2155009e+00
   2.9072158e+00
   5.2804953e+00
   6.7776863e+00
   3.8786136e+00
   3.7976284e+00
   6.0514538e+00
  -6.4380568e-02
  -2.1749225e+00
   6.9728192e+00
  -3.7245511e+00
   2.2784603e+00
  -2.9721045e+00
   5.7049034e+00
   1.7581288e+00
  -2.5399169e+00
  -7.4702559e-02
   4.8744793e+00
  -5.1806420e-01
   6.7341850e+00
   5.2158219e+00
  -7.3455326e-01
   5.1710978e-01
   6.6111961e+00
   1.3356685e+00
  -3.4602010e+00
   1.5198566e+00
   6.1357917e+00
   6.9747697e+00
   6.4681034e+00
   4.7229112e+00
   5.4100735e+00
   6.4023669e+00
   3.7815317e+00
   1.7270631e+00
   4.4318387e+00
   6.2873915e+00
   2.8950230e+00
   4.4831570e+00
   1.8949362e+00
   8.4867969e-01
  -1.9699825e+00
  -3.1511023e+00
  -1.3333020e+00
   5.8234982e+00
   5.4923394e+00
   2.3770857e+00
   5.6842540e+00
   2.8436005e+00
   1.0745691e+00
  -2.7708992e+00
   6.1573145e+00
   3.5236159e+00
   1.7615132e+00
  -1.1672052e+00
  -1.4515930e+00
   4.9908139e+00
   2.3511650e+00
   3.2994234e+00
   4.3599437e+00
   2.1472519e+00
   4.4023337e+00
  -7.0997894e-01
  -3.7222116e+00
   4.5063418e+00
  -2.6139266e+00
   1.7360644e+00
  -3.1132741e+00
  -3.9358259e+00
   1.3750622e+00
   4.6750732e+00
  -3.1165076e+00
  -2.3382687e-02
  -2.4816745e+00
   3.6762294e+00
   3.7918955e+00
   2.3318858e-01
   2.6253804e+00
   6.5439865e+00
   5.3930916e+00
  -1.0444441e+00
  -1.1424385e+00
  -1.8288776e+00
   1.6038004e+00
  -3.3443624e+00
  -2.0652952e+00
   2.3648291e-01
   1.7502158e+00
  -2.2980369e+00
   2.9670420e-01
   1.6346687e+00
   5.5800742e-02
   2.6959380e+00
   5.6869051e+00
   1.7852685e+00
   9.1149666e-01
   4.2683431e+00
  -1.3319908e+00
  -2.7053849e+00
   6.5498720e+00
  -1.6738754e+00
   4.9481432e+00
   2.3836112e+00
   2.7794243e+00
  -3.9251639e+00
   2.2755523e+00
  -9.5698858e-01
   1.1952698e+00
  -1.1784427e+00
  -1.6277915e+00
   6.6013067e+00
   2.0709943e+00
   2.8850413e+00
  -1.6285120e+00
  -2.4351770e-01
   6.1903956e+00
   5.4292929e+00
  -1.8002426e+00
   4.1579479e+00
   2.8041040e-01
   3.3412438e+00
   2.7880772e+00
  -3.6478398e+00
  -5.9187579e-01
   4.2568774e+00
   5.7774430e+00
  -1.8187485e+00
   3.1970218e+00
   2.6047947e+00
  -1.4006797e-01
   3.4954283e+00
   6.9248145e+00
  -1.0002283e+00
   3.5254500e-01
   1.2220363e+00
   8.9979768e-01
  -3.4976263e+00
   3.4083149e-01
   5.2110368e+00
  -2.3524462e+00
   1.2253825e+00
   8.2759338e-01
   9.1855670e-01
   5.6550492e+00
  -1.2429515e+00
   2.5194331e+00
  -1.9999383e+00
  -2.4451425e+00
   2.9811545e+00
   4.4481183e+00
   4.4399649e+00
   2.6076535e-01
  -1.5228511e-01
   3.9468922e+00
   5.3367763e+00
   2.5923091e+00
   1.4634203e+00
   2.8004428e+00
   6.0919471e+00
   4.7471666e+00
  -1.3105195e+00
   6.3986313e+00
   3.7077019e+00
   2.9952536e+00
   2.4824310e+00
   5.4523732e+00
   1.7727653e+00
   2.2101927e+00
  -1.9056854e+00
   6.8776009e+00
   4.0551734e+00
  -3.5024152e+00
   2.2374015e-01
   6.9490973e+00
   2.9843921e+00
  -2.7404248e+00
   5.0768748e+00
  -2.5809001e+00
   4.2325419e+00
  -1.4775489e+00
   1.6341498e+00
   5.4292017e+00
   6.6978303e+00
   5.9869752e+00
   3.3415207e+00
   3.3027688e+00
   6.4278831e-02
   4.5846166e+00
  -1.4094344e+00
   1.8758243e+00
   1.1973968e+00
  -1.5883537e-01
   6.0275967e+00
  -3.8458606e+00
  -3.9073439e+00
   9.7228146e-02
   5.6996291e+00
  -1.1942877e+00
   6.1098334e+00
  -1.2977982e+00
   3.9564758e+00
   5.9070060e+00
  -3.6883209e+00
   5.8044396e+00
  -2.2980691e+00
   4.0008534e+00
  -2.7850319e+00
   2.0604712e+00
   4.9992774e+00
   2.2787423e-01
  -3.5583744e+00
   3.0073186e-01
  -3.5638825e+00
   2.9161344e+00
   1.4099432e+00
  -2.9163968e-02
   2.4772664e+00
   2.4461603e+00
   5.5228697e+00
   1.8447703e+00
  -5.2971967e-01
   1.9165709e+00
   1.6285794e+00
   6.3154584e+00
   1.4810302e+00
   1.2987743e-02
  -1.7597821e+00
   3.3568035e+00
  -8.0942754e-01
  -1.8163123e-01
   5.4134879e+00
  -3.9651016e+00
  -6.6343388e-01
   3.6095379e+00
   1.5368736e+00
   5.6449480e+00
   6.8871642e+00
   6.7039266e+00
   3.1911004e+00
  -2.8890550e+00
   2.3117260e+00
   4.9827412e+00
   5.9495035e+00
  -2.8444393e+00
  -1.1548588e+00
   3.9441677e+00
  -1.2461551e+00
  -3.1819564e+00
   2.7105712e+00
   1.3200159e+00
   3.4189134e+00
  -3.6275846e-01
  -3.0508153e+00
   6.2042400e+00
   1.7585360e+00
   5.4309652e+00
  -1.6284243e+00
  -3.2113441e+00
   1.8292782e+00
   4.2669166e+00
   6.1593654e+00
   6.2772957e+00
   6.0324594e+00
   5.2214310e+00
   4.9203343e+00
   3.1197169e+00
  -3.9885309e+00
  -3.2817048e+00
   6.0194606e+00
  -3.8429574e+00
  -6.7952501e-01
   4.2698661e+00
   8.5719020e-01
  -6.4775174e-03
  -3.1277674e+00
   3.5284944e+00
  -2.8702620e+00
   6.3396062e+00
  -1.6095581e+00
  -2.2514001e+00
   2.8274615e+00
   3.6927524e+00
   6.1964882e+00
   6.5318056e+00
   5.7688124e-01
   3.0840490e+00
   3.6583623e+00
  -2.9599779e+00
  -4.0060408e-01
   5.9997608e+00
   2.6806839e+00
  -2.1540322e+00
  -1.4505328e+00
   2.7727509e+00
   2.2882457e+00
   5.7251181e+00
  -5.1517927e-01
  -1.2840904e+00
  -5.8414958e-01
   1.6043377e+00
  -1.7032185e+00
  -3.9732732e+00
   2.3696063e+00
  -2.3331073e+00
   5.6040159e-01
  -2.4272228e+00
  -3.0394016e+00
   6.7029572e+00
  -2.6177053e+00
  -1.6967265e+00
   7.8073953e-01
   1.5916852e-01
  -1.9108836e-01
  -3.8999015e+00
  -3.3803757e+00
   6.9390808e+00
   1.8317371e+00
  -3.0980568e-03
   1.3196232e+00
   6.8279413e+00
  -3.0953192e+00
   6.5798490e+00
   6.1568121e+00
  -3.0664025e+00
  -1.3909767e+00
   6.0038246e+00
   6.3387511e+00
  -3.3064706e+00
   3.1916473e+00
  -2.8033461e+00
   6.2982217e-01
  -2.3525219e+00
  -7.8522048e-02
   3.2141080e+00
   6.0527656e+00
   6.5737604e+00
   5.3093539e+00
   2.0640467e+00
   6.6845073e+00
   2.6799052e+00
   1.7405785e+00
   4.1530420e+00
  -3.8271410e+00
   3.5297996e+00
   3.0632295e+00
   4.3599714e+00
   2.0952449e+00
   2.5382418e+00
  -1.7045494e+00
  -1.0182579e+00
   6.6110383e+00
   3.9502038e+00
   5.4511886e-01
   2.7577432e+00
  -1.3402211e+00
  -8.0985680e-01
   6.4206962e+00
   4.7422765e+00
  -3.8752296e+00
   2.4264690e+00
  -1.0088887e+00
   2.1345113e+00
  -3.5000478e-01
   3.3429488e+00
  -2.8129231e+00
  -3.8467921e+00
   1.7832385e+00
  -9.7186349e-01
   9.2927006e-01
  -5.9349047e-01
   2.3533482e+00
   4.9964023e+00
   3.9641931e+00
   5.1731491e+00
   4.4269312e+00
   1.1465961e+00
   1.8402827e-01
  -2.9487156e-01
   4.8126813e+00
   2.8507850e+00
  -2.7240761e+00
   5.8120122e+00
   1.5639891e+00
  -3.5248187e+00
  -4.8901569e-01
   2.6275584e+00
   4.5632072e+00
   3.6460566e+00
  -2.6364844e+00
   1.9960577e+00
  -4.5455443e-01
  -3.8754139e+00
  -3.7944612e+00
  -8.4582619e-01
   6.7430129e+00
   6.1334173e+00
   1.9498427e+00
   8.0305816e-01
   2.6981248e+00
  -2.8869141e+00
   5.1368361e-01
   4.3657745e+00
  -2.9182687e+00
  -6.0148508e-02
   8.4007050e-01
   2.8382534e+00
  -2.9424970e+00
   2.6595660e+00
  -1.0858815e+00
   2.9003275e+00
  -1.3687827e+00
   4.3831935e+00
  -1.0395625e+00
  -2.1946351e+00
  -1.8778995e+00
  -3.2663136e+00
   4.6785894e+00
  -2.9932972e+00
  -2.8086530e+00
   4.2091291e+00
  -6.6733931e-01
   1.3565097e-01
   1.7431145e+00
   5.5879369e+00
  -2.9628832e+00
   5.4207852e+00
  -1.6668907e+00
   1.5981327e+00
   4.6784150e+00
   2.1524423e+00
  -3.8799415e+00
   1.7149151e-02
   3.9841880e+00
   5.9339870e+00
  -3.3135513e+00
   2.9847884e+00
  -1.6032201e+00
   5.2971168e+00
  -3.4200248e-01
   1.1469074e+00
   6.5205769e+00
   6.8124279e+00
  -7.0656325e-01
   4.4313707e+00
   2.7640249e+00
  -3.7481981e+00
   2.7551782e+00
   2.2063963e+00
  -1.2835163e+00
   2.0751063e+00
   2.3913901e+00
  -1.5852067e+00
  -3.9419446e+00
   3.8223502e+00
   1.7360639e-01
   3.3812372e+00
   4.8237507e+00
   1.5534088e+00
  -2.6071992e+00
   4.4155047e+00
   2.4794676e-02
   3.3138528e+00
   6.9150860e+00
   1.4337286e+00
  -6.0871855e-01
  -2.5837615e+00
   8.5425489e-01
  -1.7221213e-01
  -1.4184440e+00
  -3.3583192e+00
   3.9312652e+00
  -1.7212236e+00
  -2.3913643e+00
   1.4596016e+00
   6.0039985e-01
   3.5416427e+00
  -1.8930371e+00
   4.8972828e+00
   6.6642887e+00
  -3.0699061e+00
  -2.1769128e+00
   5.6085537e+00
  -1.8457041e+00
  -1.3688871e-01
  -3.5185803e+00
   1.7978972e+00
   4.1701850e+00
  -3.8748240e+00
   9.9873254e-02
   3.5496269e+00
   5.6569655e+00
   2.0335830e+00
  -1.3008483e+00
   4.3694811e+00
   5.5706347e+00
   1.4911091e-01
   5.5690975e+00
   5.0909832e+00
   5.0152259e+00
   6.4849644e+00
   4.9342095e-01
  -1.4851563e+00
  -3.1869764e+00
   3.2019645e+00
   1.3948812e+00
   2.5040696e+00
   3.8457937e+00
   6.8311247e+00
  -1.8806118e+00
   4.1331942e+00
   4.0629048e-01
   8.0258059e-02
  -3.7668081e+00
   2.5615415e+00
   2.1993971e+00
   3.3770033e+00
   3.8533067e+00
  -8.5360530e-01
   3.1943241e+00
   2.2810309e-02
   4.0801362e+00
   2.5136667e+00
  -1.1784579e+00
   5.4368366e+00
  -3.6226518e+00
  -3.5314113e-01
   5.7123115e+00
   5.7885998e+00
  -2.3105117e+00
   1.8954041e+00
   1.7173214e+00
   2.9170057e+00
   3.4334063e+00
  -5.7912476e-02
  -3.3658824e+00
   4.9025502e-01
  -1.0239895e+00
   5.8335032e+00
  -2.5725633e+00
  -1.1093438e+00
  -3.6096528e+00
   6.6211009e-01
   4.8772284e-01
  -1.9947847e+00
   2.1186742e+00
   5.7970178e+00
   2.7457886e+00
   1.5923322e+00
   5.9799974e+00
  -2.2506683e+00
  -2.4614361e+00
  -3.4474982e+00
  -4.2499161e-01
   4.0402279e+00
   6.0321118e+00
   4.4821871e+00
   1.8904679e+00
  -1.9580370e+00
   1.7199687e-01
  -3.9508546e+00
   4.2917656e+00
   4.7067050e+00
   8.3236759e-01
  -1.0630778e+00
   2.1094555e+00
  -1.1047441e+00
  -2.1131997e-01
   9.3933163e-01
  -1.3061740e+00
  -2.2317049e+00
   5.0226554e-01
  -3.7037411e+00
   4.7101315e+00
  -8.3170514e-01
   5.0324422e+00
   4.2159707e+00
  -2.1241937e+00
   5.5046893e+00
  -2.1374979e+00
   5.1923140e+00
  -3.3019249e+00
   5.0045259e-01
   4.6733499e+00
  -4.3606746e-01
   5.9814471e-02
  -8.8071572e-03
  -2.9250517e+00
  -3.5544107e+00
   3.7403619e+00
  -3.1477390e+00
  -3.9860397e+00
  -3.4418298e+00
   2.1901422e+00
  -8.3183078e-01
   4.4373364e+00
  -2.4122497e+00
  -1.7717636e+00
   2.7282902e+00
  -3.8807679e+00
   3.3153940e-02
  -3.5490924e+00
  -8.9301212e-01
  -5.6363229e-01
   6.2884024e+00
  -1.7635059e+00
   3.3888680e+00
   6.7194193e+00
  -1.0218201e+00
   3.3555709e+00
  -3.3470636e+00
   5.4199244e+00
  -2.1652426e+00
   3.1421961e+00
  -3.0890127e+00
  -1.5690497e+00
  -2.8114286e+00
  -2.3568201e+00
  -2.0674241e+00
   5.1960284e+00
   1.4352491e+00
  -1.8087690e+00
   1.0834224e+00
   6.3096475e+00
  -2.4012557e-01
   6.3611214e+00
   4.2883632e+00
  -3.6885343e+00
   3.2733525e+00
  -3.9724358e+00
  -3.2596930e+00
  -2.8341799e+00
   4.4171581e+00
  -1.0863466e+00
   6.2881767e+00
   5.4760677e+00
   3.8959974e+00
   2.5671596e+00
  -2.1568594e+00
   3.0849824e+00
  -1.5572975e+00
  -3.7490955e+00
   3.6632971e+00
  -7.8294607e-01
   4.4696639e+00
   2.1618679e+00
   5.4149467e+00
   3.2906893e+00
  -1.3358001e-01
   5.9061610e+00
   1.0689221e+00
   5.9088298e+00
   6.6698049e-01
  -1.6966588e+00
   1.7204734e+00
   6.9627602e+00
   5.2761008e+00
   1.5237790e+00
   5.9181982e+00
  -1.7358845e+00
   2.4506258e+00
   2.3239279e+00
   2.7536353e+00
  -3.3592531e+00
   6.7209048e+00
   1.1204835e+00
   3.1112650e+00
  -2.6518965e+00
   5.3433964e+00
  -3.3058518e+00
  -1.3267500e+00
  -3.2153745e+00
  -1.3390126e+00
   5.3902067e+00
   4.9527824e+00
   1.7825988e+00
  -1.8140143e+00
   3.7539969e+00
   5.9893414e+00
   2.0960203e+00
   4.7821388e+00
   6.3535418e+00
   4.1936186e+00
   4.9469810e+00
   6.0938939e+00
   6.5943116e+00
   1.3278709e+00
   5.9549944e-02
   9.6059381e-01
   1.6159683e+00
  -3.7195097e+00
   6.2143196e+00
   4.5895380e+00
  -4.8036817e-01
   1.5899546e+00
   5.4438606e+00
   5.4780622e+00
  -9.4299241e-01
  -3.5347921e+00
   5.4445211e+00
   4.5884861e+00
  -3.0318602e+00
  -2.4633660e+00
  -2.3967606e+00
   2.1486284e+00
  -3.8936785e+00
  -2.8220178e+00
   1.0009843e+00
  -3.0830766e+00
   2.4899938e+00
   2.9931802e+00
  -3.3426740e+00
  -1.3875397e+00
   6.6373522e+00
   1.1895594e+00
   2.3630409e+00
   2.0761202e+00
   4.0471656e+00
   1.1386137e-01
   4.8747264e+00
   3.3775966e+00
   2.7142657e+00
  -8.8620608e-01
   1.6919027e+00
   4.3947772e+00
   1.0472904e+00
   6.9075347e-01
   5.4128539e-01
   4.3925119e+00
   2.7824243e+00
   5.3802952e+00
   4.7971589e+00
  -3.9322952e+00
  -9.0564949e-01
   3.0389506e+00
  -5.0140291e-01
   5.6717178e+00
   2.2378609e-01
   2.2969279e+00
  -1.1257016e+00
  -3.0942472e+00
   6.3052385e+00
   1.9347718e+00
   2.1213255e+00
   2.0505628e+00
   4.7594164e+00
  -9.0021867e-01
   6.4642787e+00
   5.6199163e-01
  -3.3294677e+00
   3.5731824e+00
  -3.4393975e+00
   6.2985391e+00
   6.7167428e+00
  -3.7549748e+00
   5.7158557e-01
   5.9888761e+00
  -1.3366413e+00
   4.3853032e-01
  -4.0847361e-01
  -3.9245738e+00
   6.6482146e+00
   5.1283644e+00
  -3.3654911e-01
   6.9416461e+00
  -3.2666607e+00
  -3.2875429e+00
   4.5867187e+00
   6.2876102e+00
   2.2011988e+00
  -2.7122939e+00
   6.2949370e+00
   3.9843709e+00
  -3.5702602e+00
  -3.1266564e+00
   4.2179532e+00
   2.1193139e+00
   1.8994580e+00
  -3.3723922e+00
   2.3591239e+00
   4.2134766e+00
   2.9027840e+00
   5.5623864e+00
   6.3848687e+00
   7.9061094e-01
   6.3619435e+00
  -3.2518266e+00
   1.7298289e+00
   6.8320997e+00
  -3.4979801e+00
   4.9295001e+00
   5.2126864e+00
   2.3071008e+00
  -1.8645172e+00
  -3.3653901e+00
  -2.9551435e+00
   2.9536545e+00
  -2.2805166e-01
   1.4828756e+00
   2.6919340e+00
   6.2361776e+00
  -3.0560489e+00
   5.8309466e+00
   5.6772654e+00
   1.5745331e+00
   5.7071172e+00
   2.8565910e+00
   4.7672224e+00
  -3.0804051e+00
   5.6011914e+00
  -1.0171922e+00
   5.8187119e+00
   3.0254447e+00
   3.2839803e+00
   3.0010420e+00
  -2.0347740e+00
   3.5197802e+00
   5.6178721e+00
  -2.7840996e-01
   9.0766052e-01
  -3.4243764e+00
   4.4878361e+00
  -1.0461649e+00
   2.5802547e+00
  -3.4686970e+00
   5.3996970e+00
   2.5064261e+00
   8.7758927e-01
  -1.2146242e+00
  -8.9606371e-01
  -2.6425169e+00
   3.8124935e+00
  -3.3757040e+00
   4.0166059e+00
   3.2231266e+00
   2.5392446e+00
   6.8919237e+00
   3.1754007e-02
   7.0613484e-01
   2.7081852e+00
  -1.9812568e+00
   1.3438863e+00
  -3.0753883e+00
   1.5490700e+00
  -2.1867471e+00
  -3.1848549e+00
   2.4058995e+00
   6.7380821e+00
  -3.1718004e+00
  -1.7372145e+00
  -1.3621100e+00
   3.1483576e+00
   6.7651712e+00
   4.2912562e+00
   6.0745273e+00
  -2.1192633e+00
  -2.4550501e+00
   5.3925444e+00
  -2.9798448e+00
   2.3137727e-01
   5.4584642e+00
  -1.4871022e+00
   3.3424123e+00
   4.6847758e+00
  -1.7492489e+00
   3.3946666e+00
  -1.0425739e+00
   5.0964388e+00
   2.6595603e+00
  -2.7020866e+00
   4.4685028e+00
  -3.0239277e+00
  -1.4457679e-01
  -1.7717425e+00
   6.6408245e+00
   8.6047888e-02
   5.1742880e+00
   4.8486598e+00
  -3.4455963e+00
   2.1608128e+00
   7.6869792e-01
   5.4722966e+00
   5.5144819e-01
  -2.1441874e+00
   5.6577379e+00
  -1.5548600e+00
   5.2752913e+00
   1.9918541e+00
   2.3749495e+00
  -3.1220132e+00
   3.3046943e+00
   1.5402995e+00
   1.9480145e+00
  -2.7952366e+00
   1.3648047e+00
  -1.2929937e+00
   4.4955458e+00
   4.3500100e+00
   3.7973996e+00
   2.3734441e+00
   5.5559096e+00
   6.5570780e+00
  -2.8164539e+00
  -3.1071664e+00
   4.7476216e-01
  -1.2584787e+00
   5.0299817e+00
   3.0296249e+00
   5.7943613e+00
   1.0023504e+00
  -2.6329434e+00
   4.8586472e+00
   1.7930013e+00
   1.0897720e+00
  -3.6459524e-01
   2.7382562e+00
   6.1269767e+00
  -2.0008032e+00
  -8.5753900e-01
   5.0601726e+00
  -1.5602829e+00
   4.0797187e+00
   6.2956091e-01
   2.7272735e+00
   6.0465367e-01
  -1.3725415e+00
   6.3245021e+00
   6.1400876e+00
   5.9829881e-01
  -3.6955553e+00
   5.4007004e+00
  -3.7802681e+00
   3.8771422e+00
   5.6347306e-01
  -4.4957059e-01
   5.4172196e+00
  -1.1394328e+00
   6.3183389e-01
  -2.9687474e+00
  -3.7789212e+00
   6.6947816e+00
  -6.7800333e-01
   2.9629952e+00
   6.1550035e-01
   2.7201983e+00
   2.6708958e+00
   2.8712481e-01
   4.5926477e+00
   4.1705402e-01
   5.5644302e+00
   3.5780041e+00
  -2.2197073e+00
  -3.4310052e+00
  -1.1967163e+00
  -2.6260762e-04
  -3.1020104e+00
  -1.7064033e-01
  -1.8578597e+00
   5.9082445e+00
  -1.4811644e+00
   6.6266302e+00
  -1.3715427e+00
  -1.4224965e+00
  -9.3289010e-01
   2.5815239e+00
  -3.8350899e+00
  -1.7196515e+00
   2.6886268e+00
  -2.4239595e+00
   1.5194300e+00
  -1.9986803e+00
   3.9439701e-01
   4.0462387e+00
   6.9566174e+00
   5.7041962e-01
  -3.5451682e+00
  -2.0607744e+00
   6.6912850e-01
   4.9927472e+00
   4.4617240e+00
  -7.5156601e-01
  -3.9354384e+00
  -1.2698471e+00
  -2.9924393e+00
   3.0029151e+00
  -6.2108801e-01
   3.1330888e+00
  -3.3315264e+00
   6.1892748e+00
  -3.0501196e+00
   1.9593671e-01
  -3.9470582e+00
   2.3698619e+00
  -3.8916287e+00
  -2.8572677e+00
   5.0292355e+00
  -3.6228366e+00
   1.4790447e+00
  -1.6004565e+00
   4.0467387e+00
   5.8800951e+00
   2.2155009e+00
   2.9072158e+00
   5.2804953e+00
   6.7776863e+00
   3.8786136e+00
   3.7976284e+00
   6.0514538e+00
  -6.4380568e-02
  -2.1749225e+00
   6.9728192e+00
  -3.7245511e+00
   2.2784603e+00
  -2.9721045e+00
   5.7049034e+00
   1.7581288e+00
  -2.5399169e+00
  -7.4702559e-02
   4.8744793e+00
  -5.1806420e-01
   6.7341850e+00
   5.2158219e+00
  -7.3455326e-01
   5.1710978e-01
   6.6111961e+00
   1.3356685e+00
  -3.4602010e+00
   1.5198566e+00
   6.1357917e+00
   6.9747697e+00
   6.4681034e+00
   4.7229112e+00
   5.4100735e+00
   6.4023669e+00
   3.7815317e+00
   1.7270631e+00
   4.4318387e+00
   6.2873915e+00
   2.8950230e+00
   4.4831570e+00
   1.8949362e+00
   8.4867969e-01
  -1.9699825e+00
  -3.1511023e+00
  -1.3333020e+00
   5.8234982e+00
   5.4923394e+00
   2.3770857e+00
   5.6842540e+00
   2.8436005e+00
   1.0745691e+00
  -2.7708992e+00
   6.1573145e+00
   3.5236159e+00
   1.7615132e+00
  -1.1672052e+00
  -1.4515930e+00
   4.9908139e+00
   2.3511650e+00
   3.2994234e+00
   4.3599437e+00
   2.1472519e+00
   4.4023337e+00
  -7.0997894e-01
  -3.7222116e+00
   4.5063418e+00
  -2.6139266e+00
   1.7360644e+00
  -3.1132741e+00
  -3.9358259e+00
   1.3750622e+00
   4.6750732e+00
  -3.1165076e+00
  -2.3382687e-02
  -2.4816745e+00
   3.6762294e+00
   3.7918955e+00
   2.3318858e-01
   2.6253804e+00
   6.5439865e+00
   5.3930916e+00
  -1.0444441e+00
  -1.1424385e+00
  -1.8288776e+00
   1.6038004e+00
  -3.3443624e+00
  -2.0652952e+00
   2.3648291e-01
   1.7502158e+00
  -2.2980369e+00
   2.9670420e-01
   1.6346687e+00
   5.5800742e-02
   2.6959380e+00
   5.6869051e+00
   1.7852685e+00
   9.1149666e-01
   4.2683431e+00
  -1.3319908e+00
  -2.7053849e+00
   6.5498720e+00
  -1.6738754e+00
   4.9481432e+00
   2.3836112e+00
   2.7794243e+00
  -3.9251639e+00
   2.2755523e+00
  -9.5698858e-01
   1.1952698e+00
  -1.1784427e+00
  -1.6277915e+00
   6.6013067e+00
   2.0709943e+00
   2.8850413e+00
  -1.6285120e+00
  -2.4351770e-01
   6.1903956e+00
   5.4292929e+00
  -1.8002426e+00
   4.1579479e+00
   2.8041040e-01
   3.3412438e+00
   2.7880772e+00
  -3.6478398e+00
  -5.9187579e-01
   4.2568774e+00
   5.7774430e+00
  -1.8187485e+00
   3.1970218e+00
   2.6047947e+00
  -1.4006797e-01
   3.4954283e+00
   6.9248145e+00
  -1.0002283e+00
   3.5254500e-01
   1.2220363e+00
   8.9979768e-01
  -3.4976263e+00
   3.4083149e-01
   5.2110368e+00
  -2.3524462e+00
   1.2253825e+00
   8.2759338e-01
   9.1855670e-01
   5.6550492e+00
  -1.2429515e+00
   2.5194331e+00
  -1.9999383e+00
  -2.4451425e+00
   2.9811545e+00
   4.4481183e+00
   4.4399649e+00
   2.6076535e-01
  -1.5228511e-01
   3.9468922e+00
   5.3367763e+00
   2.5923091e+00
   1.4634203e+00
   2.8004428e+00
   6.0919471e+00
   4.7471666e+00
  -1.3105195e+00
   6.3986313e+00
   3.7077019e+00
   2.9952536e+00
   2.4824310e+00
   5.4523732e+00
   1.7727653e+00
   2.2101927e+00
  -1.9056854e+00
   6.8776009e+00
   4.0551734e+00
  -3.5024152e+00
   2.2374015e-01
   6.9490973e+00
   2.9843921e+00
  -2.7404248e+00
   5.0768748e+00
  -2.5809001e+00
   4.2325419e+00
  -1.4775489e+00
   1.6341498e+00
   5.4292017e+00
   6.6978303e+00
   5.9869752e+00
   3.3415207e+00
   3.3027688e+00
   6.4278831e-02
   4.5846166e+00
  -1.4094344e+00
   1.8758243e+00
   1.1973968e+00
  -1.5883537e-01
   6.0275967e+00
  -3.8458606e+00
  -3.9073439e+00
   9.7228146e-02
   5.6996291e+00
  -1.1942877e+00
   6.1098334e+00
  -1.2977982e+00
   3.9564758e+00
   5.9070060e+00
  -3.6883209e+00
   5.8044396e+00
  -2.2980691e+00
   4.0008534e+00
  -2.7850319e+00
   2.0604712e+00
   4.9992774e+00
   2.2787423e-01
  -3.5583744e+00
   3.0073186e-01
  -3.5638825e+00
   2.9161344e+00
   1.4099432e+00
  -2.9163968e-02
   2.4772664e+00
   2.4461603e+00
   5.5228697e+00
   1.8447703e+00
  -5.2971967e-01
   1.9165709e+00
   1.6285794e+00
   6.3154584e+00
   1.4810302e+00
   1.2987743e-02
  -1.7597821e+00
   3.3568035e+00
  -8.0942754e-01
  -1.8163123e-01
   5.4134879e+00
  -3.9651016e+00
  -6.6343388e-01
   3.6095379e+00
   1.5368736e+00
   5.6449480e+00
   6.8871642e+00
   6.7039266e+00
   3.1911004e+00
  -2.8890550e+00
   2.3117260e+00
   4.9827412e+00
   5.9495035e+00
  -2.8444393e+00
  -1.1548588e+00
   3.9441677e+00
  -1.2461551e+00
  -3.1819564e+00
   2.7105712e+00
   1.3200159e+00
   3.4189134e+00
  -3.6275846e-01
  -3.0508153e+00
   6.2042400e+00
   1.7585360e+00
   5.4309652e+00
  -1.6284243e+00
  -3.2113441e+00
   1.8292782e+00
   4.2669166e+00
   6.1593654e+00
   6.2772957e+00
   6.0324594e+00
   5.2214310e+00
   4.9203343e+00
   3.1197169e+00
  -3.9885309e+00
  -3.2817048e+00
   6.0194606e+00
  -3.8429574e+00
  -6.7952501e-01
   4.2698661e+00
   8.5719020e-01
  -6.4775174e-03
  -3.1277674e+00
   3.5284944e+00
  -2.8702620e+00
   6.3396062e+00
  -1.6095581e+00
  -2.2514001e+00
   2.8274615e+00
   3.6927524e+00
   6.1964882e+00
   6.5318056e+00
   5.7688124e-01
   3.0840490e+00
   3.6583623e+00
  -2.9599779e+00
  -4.0060408e-01
   5.9997608e+00
   2.6806839e+00
  -2.1540322e+00
  -1.4505328e+00
   2.7727509e+00
   2.2882457e+00
   5.7251181e+00
  -5.1517927e-01
  -1.2840904e+00
  -5.8414958e-01
   1.6043377e+00
  -1.7032185e+00
  -3.9732732e+00
   2.3696063e+00
  -2.3331073e+00
   5.6040159e-01
  -2.4272228e+00
  -3.0394016e+00
   6.7029572e+00
  -2.6177053e+00
  -1.6967265e+00
   7.8073953e-01
   1.5916852e-01
  -1.9108836e-01
  -3.8999015e+00
  -3.3803757e+00
   6.9390808e+00
   1.8317371e+00
  -3.0980568e-03
   1.3196232e+00
   6.8279413e+00
  -3.0953192e+00
   6.5798490e+00
   6.1568121e+00
  -3.0664025e+00
  -1.3909767e+00
   6.0038246e+00
   6.3387511e+00
  -3.3064706e+00
   3.1916473e+00
  -2.8033461e+00
   6.2982217e-01
  -2.3525219e+00
  -7.8522048e-02
   3.2141080e+00
   6.0527656e+00
   6.5737604e+00
   5.3093539e+00
   2.0640467e+00
   6.6845073e+00
   2.6799052e+00
   1.7405785e+00
   4.1530420e+00
  -3.8271410e+00
   3.5297996e+00
   3.0632295e+00
   4.3599714e+00
   2.0952449e+00
   2.5382418e+00
  -1.7045494e+00
  -1.0182579e+00
   6.6110383e+00
   3.9502038e+00
   5.4511886e-01
   2.7577432e+00
  -1.3402211e+00
  -8.0985680e-01
   6.4206962e+00
   4.7422765e+00
  -3.8752296e+00
   2.4264690e+00
  -1.0088887e+00
   2.1345113e+00
  -3.5000478e-01
   3.3429488e+00
  -2.8129231e+00
  -3.8467921e+00
   1.7832385e+00
  -9.7186349e-01
   9.2927006e-01
  -5.9349047e-01
   2.3533482e+00
   4.9964023e+00
   3.9641931e+00
   5.1731491e+00
   4.4269312e+00
   1.1465961e+00
   1.8402827e-01
  -2.9487156e-01
   4.8126813e+00
   2.8507850e+00
  -2.7240761e+00
   5.8120122e+00
   1.5639891e+00
  -3.5248187e+00
  -4.8901569e-01
   2.6275584e+00
   4.5632072e+00
   3.6460566e+00
  -2.6364844e+00
   1.9960577e+00
  -4.5455443e-01
  -3.8754139e+00
  -3.7944612e+00
  -8.4582619e-01
   6.7430129e+00
   6.1334173e+00
   1.9498427e+00
   8.0305816e-01
   2.6981248e+00
  -2.8869141e+00
   5.1368361e-01
   4.3657745e+00
  -2.9182687e+00
  -6.0148508e-02
   8.4007050e-01
   2.8382534e+00
  -2.9424970e+00
   2.6595660e+00
  -1.0858815e+00
   2.9003275e+00
  -1.3687827e+00
   4.3831935e+00
  -1.0395625e+00
  -2.1946351e+00
  -1.8778995e+00
  -3.2663136e+00
   4.6785894e+00
  -2.9932972e+00
  -2.8086530e+00
   4.2091291e+00
  -6.6733931e-01
   1.3565097e-01
   1.7431145e+00
   5.5879369e+00
  -2.9628832e+00
   5.4207852e+00
  -1.6668907e+00
   1.5981327e+00
   4.6784150e+00
   2.1524423e+00
  -3.8799415e+00
   1.7149151e-02
   3.9841880e+00
   5.9339870e+00
  -3.3135513e+00
   2.9847884e+00
  -1.6032201e+00
   5.2971168e+00
  -3.4200248e-01
   1.1469074e+00
   6.5205769e+00
   6.8124279e+00
  -7.0656325e-01
   4.4313707e+00
   2.7640249e+00
  -3.7481981e+00
   2.7551782e+00
   2.2063963e+00
  -1.2835163e+00
   2.0751063e+00
   2.3913901e+00
  -1.5852067e+00
  -3.9419446e+00
   3.8223502e+00
   1.7360639e-01
   3.3812372e+00
   4.8237507e+00
   1.5534088e+00
  -2.6071992e+00
   4.4155047e+00
   2.4794676e-02
   3.3138528e+00
   6.9150860e+00
   1.4337286e+00
  -6.0871855e-01
  -2.5837615e+00
   8.5425489e-01
  -1.7221213e-01
  -1.4184440e+00
  -3.3583192e+00
   3.9312652e+00
  -1.7212236e+00
  -2.3913643e+00
   1.4596016e+00
   6.0039985e-01
   3.5416427e+00
  -1.8930371e+00
   4.8972828e+00
   6.6642887e+00
  -3.0699061e+00
  -2.1769128e+00
   5.6085537e+00
  -1.8457041e+00
  -1.3688871e-01
  -3.5185803e+00
   1.7978972e+00
   4.1701850e+00
  -3.8748240e+00
   9.9873254e-02
   3.5496269e+00
   5.6569655e+00
   2.0335830e+00
  -1.3008483e+00
   4.3694811e+00
   5.5706347e+00
   1.4911091e-01
   5.5690975e+00
   5.0909832e+00
   5.0152259e+00
   6.4849644e+00
   4.9342095e-01
  -1.4851563e+00
  -3.1869764e+00
   3.2019645e+00
   1.3948812e+00
   2.5040696e+00
   3.8457937e+00
   6.8311247e+00
  -1.8806118e+00
   4.1331942e+00
   4.0629048e-01
   8.0258059e-02
  -3.7668081e+00
   2.5615415e+00
   2.1993971e+00
   3.3770033e+00
   3.8533067e+00
  -8.5360530e-01
   3.1943241e+00
   2.2810309e-02
   4.0801362e+00
   2.5136667e+00
  -1.1784579e+00
   5.4368366e+00
  -3.6226518e+00
  -3.5314113e-01
   5.7123115e+00
   5.7885998e+00
  -2.3105117e+00
   1.8954041e+00
   1.7173214e+00
   2.9170057e+00
   3.4334063e+00
  -5.7912476e-02
  -3.3658824e+00
   4.9025502e-01
  -1.0239895e+00
   5.8335032e+00
  -2.5725633e+00
  -1.1093438e+00
  -3.6096528e+00
   6.6211009e-01
   4.8772284e-01
  -1.9947847e+00
   2.1186742e+00
   5.7970178e+00
   2.7457886e+00
   1.5923322e+00
   5.9799974e+00
  -2.2506683e+00
  -2.4614361e+00
  -3.4474982e+00
  -4.2499161e-01
   4.0402279e+00
   6.0321118e+00
   4.4821871e+00
   1.8904679e+00
  -1.9580370e+00
   1.7199687e-01
  -3.9508546e+00
   4.2917656e+00
   4.7067050e+00
   8.3236759e-01
  -1.0630778e+00
   2.1094555e+00
  -1.1047441e+00
  -2.1131997e-01
   9.3933163e-01
  -1.3061740e+00
  -2.2317049e+00
   5.0226554e-01
  -3.7037411e+00
   4.7101315e+00
  -8.3170514e-01
   5.0324422e+00
   4.2159707e+00
  -2.1241937e+00
   5.5046893e+00
  -2.1374979e+00
   5.1923140e+00
  -3.3019249e+00
   5.0045259e-01
   4.6733499e+00
  -4.3606746e-01
   5.9814471e-02
  -8.8071572e-03
  -2.9250517e+00
  -3.5544107e+00
   3.7403619e+00
  -3.1477390e+00
  -3.9860397e+00
  -3.4418298e+00
   2.1901422e+00
  -8.3183078e-01
   4.4373364e+00
  -2.4122497e+00
  -1.7717636e+00
   2.7282902e+00
  -3.8807679e+00
   3.3153940e-02
  -3.5490924e+00
  -8.9301212e-01
  -5.6363229e-01
   6.2884024e+00
  -1.7635059e+00
   3.3888680e+00
   6.7194193e+00
  -1.0218201e+00
   3.3555709e+00
  -3.3470636e+00
   5.4199244e+00
  -2.1652426e+00
   3.1421961e+00
  -3.0890127e+00
  -1.5690497e+00
  -2.8114286e+00
  -2.3568201e+00
  -2.0674241e+00
   5.1960284e+00
   1.4352491e+00
  -1.8087690e+00
   1.0834224e+00
   6.3096475e+00
  -2.4012557e-01
   6.3611214e+00
   4.2883632e+00
  -3.6885343e+00
   3.2733525e+00
  -3.9724358e+00
  -3.2596930e+00
  -2.8341799e+00
   4.4171581e+00
  -1.0863466e+00
   6.2881767e+00
   5.4760677e+00
   3.8959974e+00
   2.5671596e+00
  -2.1568594e+00
   3.0849824e+00
  -1.5572975e+00
  -3.7490955e+00
   3.6632971e+00
  -7.8294607e-01
   4.4696639e+00
   2.1618679e+00
   5.4149467e+00
   3.2906893e+00
  -1.3358001e-01
   5.9061610e+00
   1.0689221e+00
   5.9088298e+00
   6.6698049e-01
  -1.6966588e+00
   1.7204734e+00
   6.9627602e+00
   5.2761008e+00
   1.5237790e+00
   5.9181982e+00
  -1.7358845e+00
   2.4506258e+00
   2.3239279e+00
   2.7536353e+00
  -3.3592531e+00
   6.7209048e+00
   1.1204835e+00
   3.1112650e+00
  -2.6518965e+00
   5.3433964e+00
  -3.3058518e+00
  -1.3267500e+00
  -3.2153745e+00
  -1.3390126e+00
   5.3902067e+00
   4.9527824e+00
   1.7825988e+00
  -1.8140143e+00
   3.7539969e+00
   5.9893414e+00
   2.0960203e+00
   4.7821388e+00
   6.3535418e+00
   4.1936186e+00
   4.9469810e+00
   6.0938939e+00
   6.5943116e+00
   1.3278709e+00
   5.9549944e-02
   9.6059381e-01
   1.6159683e+00
  -3.7195097e+00
   6.2143196e+00
   4.5895380e+00
  -4.8036817e-01
   1.5899546e+00
   5.4438606e+00
   5.4780622e+00
  -9.4299241e-01
  -3.5347921e+00
   5.4445211e+00
   4.5884861e+00
  -3.0318602e+00
  -2.4633660e+00
  -2.3967606e+00
   2.1486284e+00
  -3.8936785e+00
  -2.8220178e+00
   1.0009843e+00
  -3.0830766e+00
   2.4899938e+00
   2.9931802e+00
  -3.3426740e+00
  -1.3875397e+00
   6.6373522e+00
   1.1895594e+00
   2.3630409e+00
   2.0761202e+00
   4.0471656e+00
   1.1386137e-01
   4.8747264e+00
   3.3775966e+00
   2.7142657e+00
  -8.8620608e-01
   1.6919027e+00
   4.3947772e+00
   1.0472904e+00
   6.9075347e-01
   5.4128539e-01
   4.3925119e+00
   2.7824243e+00
   5.3802952e+00
   4.7971589e+00
  -3.9322952e+00
  -9.0564949e-01
   3.0389506e+00
  -5.0140291e-01
   5.6717178e+00
   2.2378609e-01
   2.2969279e+00
  -1.1257016e+00
  -3.0942472e+00
   6.3052385e+00
   1.9347718e+00
   2.1213255e+00
   2.0505628e+00
   4.7594164e+00
  -9.0021867e-01
   6.4642787e+00
   5.6199163e-01
  -3.3294677e+00
   3.5731824e+00
  -3.4393975e+00
   6.2985391e+00
   6.7167428e+00
  -3.7549748e+00
   5.7158557e-01
   5.9888761e+00
  -1.3366413e+00
   4.3853032e-01
  -4.0847361e-01
  -3.9245738e+00
   6.6482146e+00
   5.1283644e+00
  -3.3654911e-01
   6.9416461e+00
  -3.2666607e+00
  -3.2875429e+00
   4.5867187e+00
   6.2876102e+00
   2.2011988e+00
  -2.7122939e+00
   6.2949370e+00
   3.9843709e+00
  -3.5702602e+00
  -3.1266564e+00
   4.2179532e+00
   2.1193139e+00
   1.8994580e+00
  -3.3723922e+00
   2.3591239e+00
   4.2134766e+00
   2.9027840e+00
   5.5623864e+00
   6.3848687e+00
   7.9061094e-01
   6.3619435e+00
  -3.2518266e+00
   1.7298289e+00
   6.8320997e+00
  -3.4979801e+00
   4.9295001e+00
   5.2126864e+00
   2.3071008e+00
  -1.8645172e+00
  -3.3653901e+00
  -2.9551435e+00
   2.9536545e+00
  -2.2805166e-01
   1.4828756e+00
   2.6919340e+00
   6.2361776e+00
  -3.0560489e+00
   5.8309466e+00
   5.6772654e+00
   1.5745331e+00
   5.7071172e+00
   2.8565910e+00
   4.7672224e+00
  -3.0804051e+00
   5.6011914e+00
  -1.0171922e+00
   5.8187119e+00
   3.0254447e+00
   3.2839803e+00
   3.0010420e+00
  -2.0347740e+00
   3.5197802e+00
   5.6178721e+00
  -2.7840996e-01
   9.0766052e-01
  -3.4243764e+00
   4.4878361e+00
  -1.0461649e+00
   2.5802547e+00
  -3.4686970e+00
   5.3996970e+00
   2.5064261e+00
   8.7758927e-01
  -1.2146242e+00
  -8.9606371e-01
  -2.6425169e+00
   3.8124935e+00
  -3.3757040e+00
   4.0166059e+00
   3.2231266e+00
   2.5392446e+00
   6.8919237e+00
   3.1754007e-02
   7.0613484e-01
   2.7081852e+00
  -1.9812568e+00
   1.3438863e+00
  -3.0753883e+00
   1.5490700e+00
  -2.1867471e+00
  -3.1848549e+00
   2.4058995e+00
   6.7380821e+00
  -3.1718004e+00
  -1.7372145e+00
  -1.3621100e+00
   3.1483576e+00
   6.7651712e+00
   4.2912562e+00
   6.0745273e+00
  -2.1192633e+00
  -2.4550501e+00
   5.3925444e+00
  -2.9798448e+00
   2.3137727e-01
   5.4584642e+00
  -1.4871022e+00
   3.3424123e+00
   4.6847758e+00
  -1.7492489e+00
   3.3946666e+00
  -1.0425739e+00
   5.0964388e+00
   2.6595603e+00
  -2.7020866e+00
   4.4685028e+00
  -3.0239277e+00
  -1.4457679e-01
  -1.7717425e+00
   6.6408245e+00
   8.6047888e-02
   5.1742880e+00
   4.8486598e+00
  -3.4455963e+00
   2.1608128e+00
   7.6869792e-01
   5.4722966e+00
   5.5144819e-01
  -2.1441874e+00
   5.6577379e+00
  -1.5548600e+00
   5.2752913e+00
   1.9918541e+00
   2.3749495e+00
  -3.1220132e+00
   3.3046943e+00
   1.5402995e+00
   1.9480145e+00
  -2.7952366e+00
   1.3648047e+00
  -1.2929937e+00
   4.4955458e+00
   4.3500100e+00
   3.7973996e+00
   2.3734441e+00
   5.5559096e+00
   6.5570780e+00
  -2.8164539e+00
  -3.1071664e+00
   4.7476216e-01
  -1.2584787e+00
   5.0299817e+00
   3.0296249e+00
   5.7943613e+00
   1.0023504e+00
  -2.6329434e+00
   4.8586472e+00
   1.7930013e+00
   1.0897720e+00
  -3.6459524e-01
   2.7382562e+00
   6.1269767e+00
  -2.0008032e+00
  -8.5753900e-01
   5.0601726e+00
  -1.5602829e+00
   4.0797187e+00
   6.2956091e-01
   2.7272735e+00
   6.0465367e-01
  -1.3725415e+00
   6.3245021e+00
   6.1400876e+00
   5.9829881e-01
  -3.6955553e+00
   5.4007004e+00
  -3.7802681e+00
   3.8771422e+00
   5.6347306e-01
  -4.4957059e-01
   5.4172196e+00
  -1.1394328e+00
   6.3183389e-01
  -2.9687474e+00
  -3.7789212e+00
   6.6947816e+00
  -6.7800333e-01
   2.9629952e+00
   6.1550035e-01
   2.7201983e+00
   2.6708958e+00
   2.8712481e-01
   4.5926477e+00
   4.1705402e-01
   5.5644302e+00
   3.5780041e+00
  -2.2197073e+00
  -3.4310052e+00
  -1.1967163e+00
  -2.6260762e-04
  -3.1020104e+00
  -1.7064033e-01
  -1.8578597e+00
   5.9082445e+00
  -1.4811644e+00
   6.6266302e+00
  -1.3715427e+00
  -1.4224965e+00
  -9.3289010e-01
   2.5815239e+00
  -3.8350899e+00
  -1.7196515e+00
   2.6886268e+00
  -2.4239595e+00
   1.5194300e+00
  -1.9986803e+00
   3.9439701e-01
   4.0462387e+00
   6.9566174e+00
   5.7041962e-01
  -3.5451682e+00
  -2.0607744e+00
   6.6912850e-01
   4.9927472e+00
   4.4617240e+00
  -7.5156601e-01
  -3.9354384e+00
  -1.2698471e+00
  -2.9924393e+00
   3.0029151e+00
  -6.2108801e-01
   3.1330888e+00
  -3.3315264e+00
   6.1892748e+00
  -3.0501196e+00
   1.9593671e-01
  -3.9470582e+00
   2.3698619e+00
  -3.8916287e+00
  -2.8572677e+00
   5.0292355e+00
  -3.6228366e+00
   1.4790447e+00
  -1.6004565e+00
   4.0467387e+00
   5.8800951e+00
   2.2155009e+00
   2.9072158e+00
   5.2804953e+00
   6.7776863e+00
   3.8786136e+00
   3.7976284e+00
   6.0514538e+00
  -6.4380568e-02
  -2.1749225e+00
   6.9728192e+00
  -3.7245511e+00
   2.2784603e+00
  -2.9721045e+00
   5.7049034e+00
   1.7581288e+00
  -2.5399169e+00
  -7.4702559e-02
   4.8744793e+00
  -5.1806420e-01
   6.7341850e+00
   5.2158219e+00
  -7.3455326e-01
   5.1710978e-01
   6.6111961e+00
   1.3356685e+00
  -3.4602010e+00
   1.5198566e+00
   6.1357917e+00
   6.9747697e+00
   6.4681034e+00
   4.7229112e+00
   5.4100735e+00
   6.4023669e+00
   3.7815317e+00
   1.7270631e+00
   4.4318387e+00
   6.2873915e+00
   2.8950230e+00
   4.4831570e+00
   1.8949362e+00
   8.4867969e-01
  -1.9699825e+00
  -3.1511023e+00
  -1.3333020e+00
   5.8234982e+00
   5.4923394e+00
   2.3770857e+00
   5.6842540e+00
   2.8436005e+00
   1.0745691e+00
  -2.7708992e+00
   6.1573145e+00
   3.5236159e+00
   1.7615132e+00
  -1.1672052e+00
  -1.4515930e+00
   4.9908139e+00
   2.3511650e+00
   3.2994234e+00
   4.3599437e+00
   2.1472519e+00
   4.4023337e+00
  -7.0997894e-01
  -3.7222116e+00
   4.5063418e+00
  -2.6139266e+00
   1.7360644e+00
  -3.1132741e+00
  -3.9358259e+00
   1.3750622e+00
   4.6750732e+00
  -3.1165076e+00
  -2.3382687e-02
  -2.4816745e+00
   3.6762294e+00
   3.7918955e+00
   2.3318858e-01
   2.6253804e+00
   6.5439865e+00
   5.3930916e+00
  -1.0444441e+00
  -1.1424385e+00
  -1.8288776e+00
   1.6038004e+00
  -3.3443624e+00
  -2.0652952e+00
   2.3648291e-01
   1.7502158e+00
  -2.2980369e+00
   2.9670420e-01
   1.6346687e+00
   5.5800742e-02
   2.6959380e+00
   5.6869051e+00
   1.7852685e+00
   9.1149666e-01
   4.2683431e+00
  -1.3319908e+00
  -2.7053849e+00
   6.5498720e+00
  -1.6738754e+00
   4.9481432e+00
   2.3836112e+00
   2.7794243e+00
  -3.9251639e+00
   2.2755523e+00
  -9.5698858e-01
   1.1952698e+00
  -1.1784427e+00
  -1.6277915e+00
   6.6013067e+00
   2.0709943e+00
   2.8850413e+00
  -1.6285120e+00
  -2.4351770e-01
   6.1903956e+00
   5.4292929e+00
  -1.8002426e+00
   4.1579479e+00
   2.8041040e-01
   3.3412438e+00
   2.7880772e+00
  -3.6478398e+00
  -5.9187579e-01
   4.2568774e+00
   5.7774430e+00
  -1.8187485e+00
   3.1970218e+00
   2.6047947e+00
  -1.4006797e-01
   3.4954283e+00
   6.9248145e+00
  -1.0002283e+00
   3.5254500e-01
   1.2220363e+00
   8.9979768e-01
  -3.4976263e+00
   3.4083149e-01
   5.2110368e+00
  -2.3524462e+00
   1.2253825e+00
   8.2759338e-01
   9.1855670e-01
   5.6550492e+00
  -1.2429515e+00
   2.5194331e+00
  -1.9999383e+00
  -2.4451425e+00
   2.9811545e+00
   4.4481183e+00
   4.4399649e+00
   2.6076535e-01
  -1.5228511e-01
   3.9468922e+00
   5.3367763e+00
   2.5923091e+00
   1.4634203e+00
   2.8004428e+00
   6.0919471e+00
   4.7471666e+00
  -1.3105195e+00
   6.3986313e+00
   3.7077019e+00
   2.9952536e+00
   2.4824310e+00
   5.4523732e+00
   1.7727653e+00
   2.2101927e+00
  -1.9056854e+00
   6.8776009e+00
   4.0551734e+00
  -3.5024152e+00
   2.2374015e-01
   6.9490973e+00
   2.9843921e+00
  -2.7404248e+00
   5.0768748e+00
  -2.5809001e+00
   4.2325419e+00
  -1.4775489e+00
   1.6341498e+00
   5.4292017e+00
   6.6978303e+00
   5.9869752e+00
   3.3415207e+00
   3.3027688e+00
   6.4278831e-02
   4.5846166e+00
  -1.4094344e+00
   1.8758243e+00
   1.1973968e+00
  -1.5883537e-01
   6.0275967e+00
  -3.8458606e+00
  -3.9073439e+00
   9.7228146e-02
   5.6996291e+00
  -1.1942877e+00
   6.1098334e+00
  -1.2977982e+00
   3.9564758e+00
   5.9070060e+00
  -3.6883209e+00
   5.8044396e+00
  -2.2980691e+00
   4.0008534e+00
  -2.7850319e+00
   2.0604712e+00
   4.9992774e+00
   2.2787423e-01
  -3.5583744e+00
   3.0073186e-01
  -3.5638825e+00
   2.9161344e+00
   1.4099432e+00
  -2.9163968e-02
   2.4772664e+00
   2.4461603e+00
   5.5228697e+00
   1.8447703e+00
  -5.2971967e-01
   1.9165709e+00
   1.6285794e+00
   6.3154584e+00
   1.4810302e+00
   1.2987743e-02
  -1.7597821e+00
   3.3568035e+00
  -8.0942754e-01
  -1.8163123e-01
   5.4134879e+00
  -3.9651016e+00
  -6.6343388e-01
   3.6095379e+00
   1.5368736e+00
   5.6449480e+00
   6.8871642e+00
   6.7039266e+00
   3.1911004e+00
  -2.8890550e+00
   2.3117260e+00
   4.9827412e+00
   5.9495035e+00
  -2.8444393e+00
  -1.1548588e+00
   3.9441677e+00
  -1.2461551e+00
  -3.1819564e+00
   2.7105712e+00
   1.3200159e+00
   3.4189134e+00
  -3.6275846e-01
  -3.0508153e+00
   6.2042400e+00
   1.7585360e+00
   5.4309652e+00
  -1.6284243e+00
  -3.2113441e+00
   1.8292782e+00
   4.2669166e+00
   6.1593654e+00
   6.2772957e+00
   6.0324594e+00
   5.2214310e+00
   4.9203343e+00
   3.1197169e+00
  -3.9885309e+00
  -3.2817048e+00
   6.0194606e+00
  -3.8429574e+00
  -6.7952501e-01
   4.2698661e+00
   8.5719020e-01
  -6.4775174e-03
  -3.1277674e+00
   3.5284944e+00
  -2.8702620e+00
   6.3396062e+00
  -1.6095581e+00
  -2.2514001e+00
   2.8274615e+00
   3.6927524e+00
   6.1964882e+00
   6.5318056e+00
   5.7688124e-01
   3.0840490e+00
   3.6583623e+00
  -2.9599779e+00
  -4.0060408e-01
   5.9997608e+00
   2.6806839e+00
  -2.1540322e+00
  -1.4505328e+00
   2.7727509e+00
   2.2882457e+00
   5.7251181e+00
  -5.1517927e-01
  -1.2840904e+00
  -5.8414958e-01
   1.6043377e+00
  -1.7032185e+00
  -3.9732732e+00
   2.3696063e+00
  -2.3331073e+00
   5.6040159e-01
  -2.4272228e+00
  -3.0394016e+00
   6.7029572e+00
  -2.6177053e+00
  -1.6967265e+00
   7.8073953e-01
   1.5916852e-01
  -1.9108836e-01
  -3.8999015e+00
  -3.3803757e+00
   6.9390808e+00
   1.8317371e+00
  -3.0980568e-03
   1.3196232e+00
   6.8279413e+00
  -3.0953192e+00
   6.5798490e+00
   6.1568121e+00
  -3.0664025e+00
  -1.3909767e+00
   6.0038246e+00
   6.3387511e+00
  -3.3064706e+00
   3.1916473e+00
  -2.8033461e+00
   6.2982217e-01
  -2.3525219e+00
  -7.8522048e-02
   3.2141080e+00
   6.0527656e+00
   6.5737604e+00
   5.3093539e+00
   2.0640467e+00
   6.6845073e+00
   2.6799052e+00
   1.7405785e+00
   4.1530420e+00
  -3.8271410e+00
   3.5297996e+00
   3.0632295e+00
   4.3599714e+00
   2.0952449e+00
   2.5382418e+00
  -1.7045494e+00
  -1.0182579e+00
   6.6110383e+00
   3.9502038e+00
   5.4511886e-01
   2.7577432e+00
  -1.3402211e+00
  -8.0985680e-01
   6.4206962e+00
   4.7422765e+00
  -3.8752296e+00
   2.4264690e+00
  -1.0088887e+00
   2.1345113e+00
  -3.5000478e-01
   3.3429488e+00
  -2.8129231e+00
  -3.8467921e+00
   1.7832385e+00
  -9.7186349e-01
   9.2927006e-01
  -5.9349047e-01
   2.3533482e+00
   4.9964023e+00
   3.9641931e+00
   5.1731491e+00
   4.4269312e+00
   1.1465961e+00
   1.8402827e-01
  -2.9487156e-01
   4.8126813e+00
   2.8507850e+00
  -2.7240761e+00
   5.8120122e+00
   1.5639891e+00
  -3.5248187e+00
  -4.8901569e-01
   2.6275584e+00
   4.5632072e+00
   3.6460566e+00
  -2.6364844e+00
   1.9960577e+00
  -4.5455443e-01
  -3.8754139e+00
  -3.7944612e+00
  -8.4582619e-01
   6.7430129e+00
   6.1334173e+00
   1.9498427e+00
   8.0305816e-01
   2.6981248e+00
  -2.8869141e+00
   5.1368361e-01
   4.3657745e+00
  -2.9182687e+00
  -6.0148508e-02
   8.4007050e-01
   2.8382534e+00
  -2.9424970e+00
   2.6595660e+00
  -1.0858815e+00
   2.9003275e+00
  -1.3687827e+00
   4.3831935e+00
  -1.0395625e+00
  -2.1946351e+00
  -1.8778995e+00
  -3.2663136e+00
   4.6785894e+00
  -2.9932972e+00
  -2.8086530e+00
   4.2091291e+00
  -6.6733931e-01
   1.3565097e-01
   1.7431145e+00
   5.5879369e+00
  -2.9628832e+00
   5.4207852e+00
  -1.6668907e+00
   1.5981327e+00
   4.6784150e+00
   2.1524423e+00
  -3.8799415e+00
   1.7149151e-02
   3.9841880e+00
   5.9339870e+00
  -3.3135513e+00
   2.9847884e+00
  -1.6032201e+00
   5.2971168e+00
  -3.4200248e-01
   1.1469074e+00
   6.5205769e+00
   6.8124279e+00
  -7.0656325e-01
   4.4313707e+00
   2.7640249e+00
  -3.7481981e+00
   2.7551782e+00
   2.2063963e+00
  -1.2835163e+00
   2.0751063e+00
   2.3913901e+00
  -1.5852067e+00
  -3.9419446e+00
   3.8223502e+00
   1.7360639e-01
   3.3812372e+00
   4.8237507e+00
   1.5534088e+00
  -2.6071992e+00
   4.4155047e+00
   2.4794676e-02
   3.3138528e+00
   6.9150860e+00
   1.4337286e+00
  -6.0871855e-01
  -2.5837615e+00
   8.5425489e-01
  -1.7221213e-01
  -1.4184440e+00
  -3.3583192e+00
   3.9312652e+00
  -1.7212236e+00
  -2.3913643e+00
   1.4596016e+00
   6.0039985e-01
   3.5416427e+00
  -1.8930371e+00
   4.8972828e+00
   6.6642887e+00
  -3.0699061e+00
  -2.1769128e+00
   5.6085537e+00
  -1.8457041e+00
  -1.3688871e-01
  -3.5185803e+00
   1.7978972e+00
   4.1701850e+00
  -3.8748240e+00
   9.9873254e-02
   3.5496269e+00
   5.6569655e+00
   2.0335830e+00
  -1.3008483e+00
   4.3694811e+00
   5.5706347e+00
   1.4911091e-01
   5.5690975e+00
   5.0909832e+00
   5.0152259e+00
   6.4849644e+00
   4.9342095e-01
  -1.4851563e+00
  -3.1869764e+00
   3.2019645e+00
   1.3948812e+00
   2.5040696e+00
   3.8457937e+00
   6.8311247e+00
  -1.8806118e+00
   4.1331942e+00
   4.0629048e-01
   8.0258059e-02
  -3.7668081e+00
   2.5615415e+00
   2.1993971e+00
   3.3770033e+00
   3.8533067e+00
  -8.5360530e-01
   3.1943241e+00
   2.2810309e-02
   4.0801362e+00
   2.5136667e+00
  -1.1784579e+00
   5.4368366e+00
  -3.6226518e+00
  -3.5314113e-01
   5.7123115e+00
   5.7885998e+00
  -2.3105117e+00
   1.8954041e+00
   1.7173214e+00
   2.9170057e+00
   3.4334063e+00
  -5.7912476e-02
  -3.3658824e+00
   4.9025502e-01
  -1.0239895e+00
   5.8335032e+00
  -2.5725633e+00
  -1.1093438e+00
  -3.6096528e+00
   6.6211009e-01
   4.8772284e-01
  -1.9947847e+00
   2.1186742e+00
   5.7970178e+00
   2.7457886e+00
   1.5923322e+00
   5.9799974e+00
  -2.2506683e+00
  -2.4614361e+00
  -3.4474982e+00
  -4.2499161e-01
   4.0402279e+00
   6.0321118e+00
   4.4821871e+00
   1.8904679e+00
  -1.9580370e+00
   1.7199687e-01
  -3.9508546e+00
   4.2917656e+00
   4.7067050e+00
   8.3236759e-01
  -1.0630778e+00
   2.1094555e+00
  -1.1047441e+00
  -2.1131997e-01
   9.3933163e-01
  -1.3061740e+00
  -2.2317049e+00
   5.0226554e-01
  -3.7037411e+00
   4.7101315e+00
  -8.3170514e-01
   5.0324422e+00
   4.2159707e+00
  -2.1241937e+00
   5.5046893e+00
  -2.1374979e+00
   5.1923140e+00
  -3.3019249e+00
   5.0045259e-01
   4.6733499e+00
  -4.3606746e-01
   5.9814471e-02
  -8.8071572e-03
  -2.9250517e+00
  -3.5544107e+00
   3.7403619e+00
  -3.1477390e+00
  -3.9860397e+00
  -3.4418298e+00
   2.1901422e+00
  -8.3183078e-01
   4.4373364e+00
  -2.4122497e+00
  -1.7717636e+00
   2.7282902e+00
  -3.8807679e+00
   3.3153940e-02
  -3.5490924e+00
  -8.9301212e-01
  -5.6363229e-01
   6.2884024e+00
  -1.7635059e+00
   3.3888680e+00
   6.7194193e+00
  -1.0218201e+00
   3.3555709e+00
  -3.3470636e+00
   5.4199244e+00
  -2.1652426e+00
   3.1421961e+00
  -3.0890127e+00
  -1.5690497e+00
  -2.8114286e+00
  -2.3568201e+00
  -2.0674241e+00
   5.1960284e+00
   1.4352491e+00
  -1.8087690e+00
   1.0834224e+00
   6.3096475e+00
  -2.4012557e-01
   6.3611214e+00
   4.2883632e+00
  -3.6885343e+00
   3.2733525e+00
  -3.9724358e+00
  -3.2596930e+00
  -2.8341799e+00
   4.4171581e+00
  -1.0863466e+00
   6.2881767e+00
   5.4760677e+00
   3.8959974e+00
   2.5671596e+00
  -2.1568594e+00
   3.0849824e+00
  -1.5572975e+00
  -3.7490955e+00
   3.6632971e+00
  -7.8294607e-01
   4.4696639e+00
   2.1618679e+00
   5.4149467e+00
   3.2906893e+00
  -1.3358001e-01
   5.9061610e+00
   1.0689221e+00
   5.9088298e+00
   6.6698049e-01
  -1.6966588e+00
   1.7204734e+00
   6.9627602e+00
   5.2761008e+00
   1.5237790e+00
   5.9181982e+00
  -1.7358845e+00
   2.4506258e+00
   2.3239279e+00
   2.7536353e+00
  -3.3592531e+00
   6.7209048e+00
   1.1204835e+00
   3.1112650e+00
  -2.6518965e+00
   5.3433964e+00
  -3.3058518e+00
  -1.3267500e+00
  -3.2153745e+00
  -1.3390126e+00
   5.3902067e+00
   4.9527824e+00
   1.7825988e+00
  -1.8140143e+00
   3.7539969e+00
   5.9893414e+00
   2.0960203e+00
   4.7821388e+00
   6.3535418e+00
   4.1936186e+00
   4.9469810e+00
   6.0938939e+00
   6.5943116e+00
   1.3278709e+00
   5.9549944e-02
   9.6059381e-01
   1.6159683e+00
  -3.7195097e+00
   6.2143196e+00
   4.5895380e+00
  -4.8036817e-01
   1.5899546e+00
   5.4438606e+00
   5.4780622e+00
  -9.4299241e-01
  -3.5347921e+00
   5.4445211e+00
   4.5884861e+00
  -3.0318602e+00
  -2.4633660e+00
  -2.3967606e+00
   2.1486284e+00
  -3.8936785e+00
  -2.8220178e+00
   1.0009843e+00
  -3.0830766e+00
   2.4899938e+00
   2.9931802e+00
  -3.3426740e+00
  -1.3875397e+00
   6.6373522e+00
   1.1895594e+00
   2.3630409e+00
   2.0761202e+00
   4.0471656e+00
   1.1386137e-01
   4.8747264e+00
   3.3775966e+00
   2.7142657e+00
  -8.8620608e-01
   1.6919027e+00
   4.3947772e+00
   1.0472904e+00
   6.9075347e-01
   5.4128539e-01
   4.3925119e+00
   2.7824243e+00
   5.3802952e+00
   4.7971589e+00
  -3.9322952e+00
  -9.0564949e-01
   3.0389506e+00
  -5.0140291e-01
   5.6717178e+00
   2.2378609e-01
   2.2969279e+00
  -1.1257016e+00
  -3.0942472e+00
   6.3052385e+00
   1.9347718e+00
   2.1213255e+00
   2.0505628e+00
   4.7594164e+00
  -9.0021867e-01
   6.4642787e+00
   5.6199163e-01
  -3.3294677e+00
   3.5731824e+00
  -3.4393975e+00
   6.2985391e+00
   6.7167428e+00
  -3.7549748e+00
   5.7158557e-01
   5.9888761e+00
  -1.3366413e+00
   4.3853032e-01
  -4.0847361e-01
  -3.9245738e+00
   6.6482146e+00
   5.1283644e+00
  -3.3654911e-01
   6.9416461e+00
  -3.2666607e+00
  -3.2875429e+00
   4.5867187e+00
   6.2876102e+00
   2.2011988e+00
  -2.7122939e+00
   6.2949370e+00
   3.9843709e+00
  -3.5702602e+00
  -3.1266564e+00
   4.2179532e+00
   2.1193139e+00
   1.8994580e+00
  -3.3723922e+00
   2.3591239e+00
   4.2134766e+00
   2.9027840e+00
   5.5623864e+00
   6.3848687e+00
   7.9061094e-01
   6.3619435e+00
  -3.2518266e+00
   1.7298289e+00
   6.8320997e+00
  -3.4979801e+00
   4.9295001e+00
   5.2126864e+00
   2.3071008e+00
  -1.8645172e+00
  -3.3653901e+00
  -2.9551435e+00
   2.9536545e+00
  -2.2805166e-01
   1.4828756e+00
   2.6919340e+00
   6.2361776e+00
  -3.0560489e+00
   5.8309466e+00
   5.6772654e+00
   1.5745331e+00
   5.7071172e+00
   2.8565910e+00
   4.7672224e+00
  -3.0804051e+00
   5.6011914e+00
  -1.0171922e+00
   5.8187119e+00
   3.0254447e+00
   3.2839803e+00
   3.0010420e+00
  -2.0347740e+00
   3.5197802e+00
   5.6178721e+00
  -2.7840996e-01
   9.0766052e-01
  -3.4243764e+00
   4.4878361e+00
  -1.0461649e+00
   2.5802547e+00
  -3.4686970e+00
   5.3996970e+00
   2.5064261e+00
   8.7758927e-01
  -1.2146242e+00
  -8.9606371e-01
  -2.6425169e+00
   3.8124935e+00
  -3.3757040e+00
   4.0166059e+00
   3.2231266e+00
   2.5392446e+00
   6.8919237e+00
   3.1754007e-02
   7.0613484e-01
   2.7081852e+00
  -1.9812568e+00
   1.3438863e+00
  -3.0753883e+00
   1.5490700e+00
  -2.1867471e+00
  -3.1848549e+00
   2.4058995e+00
   6.7380821e+00
  -3.1718004e+00
  -1.7372145e+00
  -1.3621100e+00
   3.1483576e+00
   6.7651712e+00
   4.2912562e+00
   6.0745273e+00
  -2.1192633e+00
  -2.4550501e+00
   5.3925444e+00
  -2.9798448e+00
   2.3137727e-01
   5.4584642e+00
  -1.4871022e+00
   3.3424123e+00
   4.6847758e+00
  -1.7492489e+00
   3.3946666e+00
  -1.0425739e+00
   5.0964388e+00
   2.6595603e+00
  -2.7020866e+00
   4.4685028e+00
  -3.0239277e+00
  -1.4457679e-01
  -1.7717425e+00
   6.6408245e+00
   8.6047888e-02
   5.1742880e+00
   4.8486598e+00
  -3.4455963e+00
   2.1608128e+00
   7.6869792e-01
   5.4722966e+00
   5.5144819e-01
  -2.1441874e+00
   5.6577379e+00
  -1.5548600e+00
   5.2752913e+00
   1.9918541e+00
   2.3749495e+00
  -3.1220132e+00
   3.3046943e+00
   1.5402995e+00
   1.9480145e+00
  -2.7952366e+00
   1.3648047e+00
  -1.2929937e+00
   4.4955458e+00
   4.3500100e+00
   3.7973996e+00
   2.3734441e+00
   5.5559096e+00
   6.5570780e+00
  -2.8164539e+00
  -3.1071664e+00
   4.7476216e-01
  -1.2584787e+00
   5.0299817e+00
   3.0296249e+00
   5.7943613e+00
   1.0023504e+00
  -2.6329434e+00
   4.8586472e+00
   1.7930013e+00
   1.0897720e+00
  -3.6459524e-01
   2.7382562e+00
   6.1269767e+00
  -2.0008032e+00
  -8.5753900e-01
   5.0601726e+00
  -1.5602829e+00
   4.0797187e+00
   6.2956091e-01
   2.7272735e+00
   6.0465367e-01
  -1.3725415e+00
   6.3245021e+00
   6.1400876e+00
   5.9829881e-01
  -3.6955553e+00
   5.4007004e+00
  -3.7802681e+00
   3.8771422e+00
   5.6347306e-01
  -4.4957059e-01
   5.4172196e+00
  -1.1394328e+00
   6.3183389e-01
  -2.9687474e+00
  -3.7789212e+00
   6.6947816e+00
  -6.7800333e-01
   2.9629952e+00
   6.1550035e-01
   2.7201983e+00
   2.6708958e+00
   2.8712481e-01
   4.5926477e+00
   4.1705402e-01
   5.5644302e+00
   3.5780041e+00
  -2.2197073e+00
  -3.4310052e+00
  -1.1967163e+00
  -2.6260762e-04
  -3.1020104e+00
  -1.7064033e-01
  -1.8578597e+00
   5.9082445e+00
  -1.4811644e+00
   6.6266302e+00
  -1.3715427e+00
  -1.4224965e+00
  -9.3289010e-01
   2.5815239e+00
  -3.8350899e+00
  -1.7196515e+00
   2.6886268e+00
  -2.4239595e+00
   1.5194300e+00
  -1.9986803e+00
   3.9439701e-01
   4.0462387e+00
   6.9566174e+00
   5.7041962e-01
  -3.5451682e+00
  -2.0607744e+00
   6.6912850e-01
   4.9927472e+00
   4.4617240e+00
  -7.5156601e-01
  -3.9354384e+00
  -1.2698471e+00
  -2.9924393e+00
   3.0029151e+00
  -6.2108801e-01
   3.1330888e+00
  -3.3315264e+00
   6.1892748e+00
  -3.0501196e+00
   1.9593671e-01
  -3.9470582e+00
   2.3698619e+00
  -3.8916287e+00
  -2.8572677e+00
   5.0292355e+00
  -3.6228366e+00
   1.4790447e+00
  -1.6004565e+00
   4.0467387e+00
   5.8800951e+00
   2.2155009e+00
   2.9072158e+00
   5.2804953e+00
   6.7776863e+00
   3.8786136e+00
   3.7976284e+00
   6.0514538e+00
  -6.4380568e-02
  -2.1749225e+00
   6.9728192e+00
  -3.7245511e+00
   2.2784603e+00
  -2.9721045e+00
   5.7049034e+00
   1.7581288e+00
  -2.5399169e+00
  -7.4702559e-02
   4.8744793e+00
  -5.1806420e-01
   6.7341850e+00
   5.2158219e+00
  -7.3455326e-01
   5.1710978e-01
   6.6111961e+00
   1.3356685e+00
  -3.4602010e+00
   1.5198566e+00
   6.1357917e+00
   6.9747697e+00
   6.4681034e+00
   4.7229112e+00
   5.4100735e+00
   6.4023669e+00
   3.7815317e+00
   1.7270631e+00
   4.4318387e+00
   6.2873915e+00
   2.8950230e+00
   4.4831570e+00
   1.8949362e+00
   8.4867969e-01
  -1.9699825e+00
  -3.1511023e+00
  -1.3333020e+00
   5.8234982e+00
   5.4923394e+00
   2.3770857e+00
   5.6842540e+00
   2.8436005e+00
   1.0745691e+00
  -2.7708992e+00
   6.1573145e+00
   3.5236159e+00
   1.7615132e+00
  -1.1672052e+00
  -1.4515930e+00
   4.9908139e+00
   2.3511650e+00
   3.2994234e+00
   4.3599437e+00
   2.1472519e+00
   4.4023337e+00
  -7.0997894e-01
  -3.7222116e+00
   4.5063418e+00
  -2.6139266e+00
   1.7360644e+00
  -3.1132741e+00
  -3.9358259e+00
   1.3750622e+00
   4.6750732e+00
  -3.1165076e+00
  -2.3382687e-02
  -2.4816745e+00
   3.6762294e+00
   3.7918955e+00
   2.3318858e-01
   2.6253804e+00
   6.5439865e+00
   5.3930916e+00
  -1.0444441e+00
  -1.1424385e+00
  -1.8288776e+00
   1.6038004e+00
  -3.3443624e+00
  -2.0652952e+00
   2.3648291e-01
   1.7502158e+00
  -2.2980369e+00
   2.9670420e-01
   1.6346687e+00
   5.5800742e-02
   2.6959380e+00
   5.6869051e+00
   1.7852685e+00
   9.1149666e-01
   4.2683431e+00
  -1.3319908e+00
  -2.7053849e+00
   6.5498720e+00
  -1.6738754e+00
   4.9481432e+00
   2.3836112e+00
   2.7794243e+00
  -3.9251639e+00
   2.2755523e+00
  -9.5698858e-01
   1.1952698e+00
  -1.1784427e+00
  -1.6277915e+00
   6.6013067e+00
   2.0709943e+00
   2.8850413e+00
  -1.6285120e+00
  -2.4351770e-01
   6.1903956e+00
   5.4292929e+00
  -1.8002426e+00
   4.1579479e+00
   2.8041040e-01
   3.3412438e+00
   2.7880772e+00
  -3.6478398e+00
  -5.9187579e-01
   4.2568774e+00
   5.7774430e+00
  -1.8187485e+00
   3.1970218e+00
   2.6047947e+00
  -1.4006797e-01
   3.4954283e+00
   6.9248145e+00
  -1.0002283e+00
   3.5254500e-01
   1.2220363e+00
   8.9979768e-01
  -3.4976263e+00
   3.4083149e-01
   5.2110368e+00
  -2.3524462e+00
   1.2253825e+00
   8.2759338e-01
   9.1855670e-01
   5.6550492e+00
  -1.2429515e+00
   2.5194331e+00
  -1.9999383e+00
  -2.4451425e+00
   2.9811545e+00
   4.4481183e+00
   4.4399649e+00
   2.6076535e-01
  -1.5228511e-01
   3.9468922e+00
   5.3367763e+00
   2.5923091e+00
   1.4634203e+00
   2.8004428e+00
   6.0919471e+00
   4.7471666e+00
  -1.3105195e+00
   6.3986313e+00
   3.7077019e+00
   2.9952536e+00
   2.4824310e+00
   5.4523732e+00
   1.7727653e+00
   2.2101927e+00
  -1.9056854e+00
   6.8776009e+00
   4.0551734e+00
  -3.5024152e+00
   2.2374015e-01
   6.9490973e+00
   2.9843921e+00
  -2.7404248e+00
   5.0768748e+00
  -2.5809001e+00
   4.2325419e+00
  -1.4775489e+00
   1.6341498e+00
   5.4292017e+00
   6.6978303e+00
   5.9869752e+00
   3.3415207e+00
   3.3027688e+00
   6.4278831e-02
   4.5846166e+00
  -1.4094344e+00
   1.8758243e+00
   1.1973968e+00
  -1.5883537e-01
   6.0275967e+00
  -3.8458606e+00
  -3.9073439e+00
   9.7228146e-02
   5.6996291e+00
  -1.1942877e+00
   6.1098334e+00
  -1.2977982e+00
   3.9564758e+00
   5.9070060e+00
  -3.6883209e+00
   5.8044396e+00
  -2.2980691e+00
   4.0008534e+00
  -2.7850319e+00
   2.0604712e+00
   4.9992774e+00
   2.2787423e-01
  -3.5583744e+00
   3.0073186e-01
  -3.5638825e+00
   2.9161344e+00
   1.4099432e+00
  -2.9163968e-02
   2.4772664e+00
   2.4461603e+00
   5.5228697e+00
   1.8447703e+00
  -5.2971967e-01
   1.9165709e+00
   1.6285794e+00
   6.3154584e+00
   1.4810302e+00
   1.2987743e-02
  -1.7597821e+00
   3.3568035e+00
  -8.0942754e-01
  -1.8163123e-01
   5.4134879e+00
  -3.9651016e+00
  -6.6343388e-01
   3.6095379e+00
   1.5368736e+00
   5.6449480e+00
   6.8871642e+00
   6.7039266e+00
   3.1911004e+00
  -2.8890550e+00
   2.3117260e+00
   4.9827412e+00
   5.9495035e+00
  -2.8444393e+00
  -1.1548588e+00
   3.9441677e+00
  -1.2461551e+00
  -3.1819564e+00
   2.7105712e+00
   1.3200159e+00
   3.4189134e+00
  -3.6275846e-01
  -3.0508153e+00
   6.2042400e+00
   1.7585360e+00
   5.4309652e+00
  -1.6284243e+00
  -3.2113441e+00
   1.8292782e+00
   4.2669166e+00
   6.1593654e+00
   6.2772957e+00
   6.0324594e+00
   5.2214310e+00
   4.9203343e+00
   3.1197169e+00
  -3.9885309e+00
  -3.2817048e+00
   6.0194606e+00
  -3.8429574e+00
  -6.7952501e-01
   4.2698661e+00
   8.5719020e-01
  -6.4775174e-03
  -3.1277674e+00
   3.5284944e+00
  -2.8702620e+00
   6.3396062e+00
  -1.6095581e+00
  -2.2514001e+00
   2.8274615e+00
   3.6927524e+00
   6.1964882e+00
   6.5318056e+00
   5.7688124e-01
   3.0840490e+00
   3.6583623e+00
  -2.9599779e+00
  -4.0060408e-01
   5.9997608e+00
   2.6806839e+00
  -2.1540322e+00
  -1.4505328e+00
   2.7727509e+00
   2.2882457e+00
   5.7251181e+00
  -5.1517927e-01
  -1.2840904e+00
  -5.8414958e-01
   1.6043377e+00
  -1.7032185e+00
  -3.9732732e+00
   2.3696063e+00
  -2.3331073e+00
   5.6040159e-01
  -2.4272228e+00
  -3.0394016e+00
   6.7029572e+00
  -2.6177053e+00
  -1.6967265e+00
   7.8073953e-01
   1.5916852e-01
  -1.9108836e-01
  -3.8999015e+00
  -3.3803757e+00
   6.9390808e+00
   1.8317371e+00
  -3.0980568e-03
   1.3196232e+00
   6.8279413e+00
  -3.0953192e+00
   6.5798490e+00
   6.1568121e+00
  -3.0664025e+00
  -1.3909767e+00
   6.0038246e+00
   6.3387511e+00
  -3.3064706e+00
   3.1916473e+00
  -2.8033461e+00
   6.2982217e-01
  -2.3525219e+00
  -7.8522048e-02
   3.2141080e+00
   6.0527656e+00
   6.5737604e+00
   5.3093539e+00
   2.0640467e+00
   6.6845073e+00
   2.6799052e+00
   1.7405785e+00
   4.1530420e+00
  -3.8271410e+00
   3.5297996e+00
   3.0632295e+00
   4.3599714e+00
   2.0952449e+00
   2.5382418e+00
  -1.7045494e+00
  -1.0182579e+00
   6.6110383e+00
   3.9502038e+00
   5.4511886e-01
   2.7577432e+00
  -1.3402211e+00
  -8.0985680e-01
   6.4206962e+00
   4.7422765e+00
  -3.8752296e+00
   2.4264690e+00
  -1.0088887e+00
   2.1345113e+00
  -3.5000478e-01
   3.3429488e+00
  -2.8129231e+00
  -3.8467921e+00
   1.7832385e+00
  -9.7186349e-01
   9.2927006e-01
  -5.9349047e-01
   2.3533482e+00
   4.9964023e+00
   3.9641931e+00
   5.1731491e+00
   4.4269312e+00
   1.1465961e+00
   1.8402827e-01
  -2.9487156e-01
   4.8126813e+00
   2.8507850e+00
  -2.7240761e+00
   5.8120122e+00
   1.5639891e+00
  -3.5248187e+00
  -4.8901569e-01
   2.6275584e+00
   4.5632072e+00
   3.6460566e+00
  -2.6364844e+00
   1.9960577e+00
  -4.5455443e-01
  -3.8754139e+00
  -3.7944612e+00
  -8.4582619e-01
   6.7430129e+00
   6.1334173e+00
   1.9498427e+00
   8.0305816e-01
   2.6981248e+00
  -2.8869141e+00
   5.1368361e-01
   4.3657745e+00
  -2.9182687e+00
  -6.0148508e-02
   8.4007050e-01
   2.8382534e+00
  -2.9424970e+00
   2.6595660e+00
  -1.0858815e+00
   2.9003275e+00
  -1.3687827e+00
   4.3831935e+00
  -1.0395625e+00
  -2.1946351e+00
  -1.8778995e+00
  -3.2663136e+00
   4.6785894e+00
  -2.9932972e+00
  -2.8086530e+00
   4.2091291e+00
  -6.6733931e-01
   1.3565097e-01
   1.7431145e+00
   5.5879369e+00
  -2.9628832e+00
   5.4207852e+00
  -1.6668907e+00
   1.5981327e+00
   4.6784150e+00
   2.1524423e+00
  -3.8799415e+00
   1.7149151e-02
   3.9841880e+00
   5.9339870e+00
  -3.3135513e+00
   2.9847884e+00
  -1.6032201e+00
   5.2971168e+00
  -3.4200248e-01
   1.1469074e+00
   6.5205769e+00
   6.8124279e+00
  -7.0656325e-01
   4.4313707e+00
   2.7640249e+00
  -3.7481981e+00
   2.7551782e+00
   2.2063963e+00
  -1.2835163e+00
   2.0751063e+00
   2.3913901e+00
  -1.5852067e+00
  -3.9419446e+00
   3.8223502e+00
   1.7360639e-01
   3.3812372e+00
   4.8237507e+00
   1.5534088e+00
  -2.6071992e+00
   4.4155047e+00
   2.4794676e-02
   3.3138528e+00
   6.9150860e+00
   1.4337286e+00
  -6.0871855e-01
  -2.5837615e+00
   8.5425489e-01
  -1.7221213e-01
  -1.4184440e+00
  -3.3583192e+00
   3.9312652e+00
  -1.7212236e+00
  -2.3913643e+00
   1.4596016e+00
   6.0039985e-01
   3.5416427e+00
  -1.8930371e+00
   4.8972828e+00
   6.6642887e+00
  -3.0699061e+00
  -2.1769128e+00
   5.6085537e+00
  -1.8457041e+00
  -1.3688871e-01
  -3.5185803e+00
   1.7978972e+00
   4.1701850e+00
  -3.8748240e+00
   9.9873254e-02
   3.5496269e+00
   5.6569655e+00
   2.0335830e+00
  -1.3008483e+00
   4.3694811e+00
   5.5706347e+00
   1.4911091e-01
   5.5690975e+00
   5.0909832e+00
   5.0152259e+00
   6.4849644e+00
   4.9342095e-01
  -1.4851563e+00
  -3.1869764e+00
   3.2019645e+00
   1.3948812e+00
   2.5040696e+00
   3.8457937e+00
   6.8311247e+00
  -1.8806118e+00
   4.1331942e+00
   4.0629048e-01
   8.0258059e-02
  -3.7668081e+00
   2.5615415e+00
   2.1993971e+00
   3.3770033e+00
   3.8533067e+00
  -8.5360530e-01
   3.1943241e+00
   2.2810309e-02
   4.0801362e+00
   2.5136667e+00
  -1.1784579e+00
   5.4368366e+00
  -3.6226518e+00
  -3.5314113e-01
   5.7123115e+00
   5.7885998e+00
  -2.3105117e+00
   1.8954041e+00
   1.7173214e+00
   2.9170057e+00
   3.4334063e+00
  -5.7912476e-02
  -3.3658824e+00
   4.9025502e-01
  -1.0239895e+00
   5.8335032e+00
  -2.5725633e+00
  -1.1093438e+00
  -3.6096528e+00
   6.6211009e-01
   4.8772284e-01
  -1.9947847e+00
   2.1186742e+00
   5.7970178e+00
   2.7457886e+00
   1.5923322e+00
   5.9799974e+00
  -2.2506683e+00
  -2.4614361e+00
  -3.4474982e+00
  -4.2499161e-01
   4.0402279e+00
   6.0321118e+00
   4.4821871e+00
   1.8904679e+00
  -1.9580370e+00
   1.7199687e-01
  -3.9508546e+00
   4.2917656e+00
   4.7067050e+00
   8.3236759e-01
  -1.0630778e+00
   2.1094555e+00
  -1.1047441e+00
  -2.1131997e-01
   9.3933163e-01
  -1.3061740e+00
  -2.2317049e+00
   5.0226554e-01
  -3.7037411e+00
   4.7101315e+00
  -8.3170514e-01
   5.0324422e+00
   4.2159707e+00
  -2.1241937e+00
   5.5046893e+00
  -2.1374979e+00
   5.1923140e+00
  -3.3019249e+00
   5.0045259e-01
   4.6733499e+00
  -4.3606746e-01
