   7.9940892e+02
  -3.9600572e+01
   6.2818194e+02
   2.5239405e+02
   3.8393305e+02
   6.4879886e+02
   1.4605830e+02
   3.5368837e+02
   1.2048232e+02
   5.3874196e+02
   4.1520992e+01
  -7.4593508e+01
  -6.8930201e+01
   1.2755309e+02
  -4.9956051e+01
   1.3978687e+02
  -1.5952818e+01
   1.1358361e+02
   1.2532839e+02
   5.4715154e+02
   1.6336085e+02
   2.3681428e+02
   8.8037637e+01
   8.0647287e+02
   6.6066554e+02
   7.9357948e+02
   7.6120350e+02
  -7.2400697e+01
   6.9099239e+02
   2.5684001e+02
   3.7274739e+02
   6.7602009e+02
   5.2595599e+02
   3.0261917e+02
   1.6522774e+02
   1.5245848e+02
   7.6370502e+02
   5.4921047e+02
   3.4183776e+02
   6.1182562e+02
   8.0425972e+02
   6.4677260e+02
  -7.2189371e+00
   5.9662261e+02
   1.0315568e+02
   1.5143640e+02
   1.2018946e+02
   3.8867852e+02
   4.1159263e+02
   3.8254295e+02
   5.8844046e+01
   4.7186459e+02
  -7.9357252e+01
   1.4068708e+02
   1.9413963e+02
   4.1139749e+02
   3.6443216e+02
   3.7847019e+02
   5.4993993e+02
   3.4868973e+02
   7.3089897e+02
   4.6115852e+02
   1.4109285e+02
   1.6715211e+02
   2.8304559e+02
   5.1466065e+02
   5.8176375e+02
   7.7494384e+02
   5.1910475e+02
   4.8530075e+00
   2.2477846e+02
   9.1090671e+00
   1.8692091e+02
   1.5128516e+02
   7.2521811e+02
   4.1749698e+02
  -1.3009092e+01
   6.5406135e+02
   2.7718950e+02
   6.7982951e+02
  -4.9401579e+01
   7.4879621e+02
  -8.4097723e+01
  -8.4851480e+01
   5.9155313e+02
   8.1481754e+02
   7.9548246e+02
   5.9193137e+02
   4.1483549e+02
   5.2066637e+01
   3.9336745e+02
   2.6795529e+02
   9.6253824e+01
   5.0664384e+02
   1.5202002e+02
   7.6553301e+02
   2.9542669e+02
   4.3217366e+02
   7.6770338e+02
   4.3021909e+02
   5.2622330e+02
   7.5263712e+02
   4.9650967e+02
   7.4748378e+02
   7.2335514e+02
   2.2357839e+02
   4.4971440e+02
   6.4426662e+02
   1.3231939e+02
   1.5148855e+01
   7.7077201e+02
   4.3495740e+02
  -3.9152163e+01
   4.5561922e+02
  -8.8472618e+01
   1.1389777e+02
   5.0559816e+02
  -7.5326947e+01
   7.6019494e+02
   1.5913162e+01
   3.9396987e+02
   6.1337022e+02
  -3.3667436e+01
   2.4488516e+02
   2.2015232e+01
   1.3304975e+02
   5.6024403e+02
   7.7683972e+02
   6.7454399e+02
   4.9266834e+02
   1.4932653e+02
   2.5615550e+02
   9.8804224e+01
   7.4278865e+02
   2.6689437e+02
   7.8345269e+02
   5.7792239e+02
   7.9379196e+02
   2.9080116e+02
   4.6550681e+02
  -1.1520345e+01
   8.1370579e+02
   5.2263996e+02
   5.4396108e+02
   4.1473751e+02
   5.1888948e+02
   1.4449799e+02
   5.2037090e+01
   5.4793169e+02
  -5.7632244e+01
   2.5214609e+02
   4.6777142e+02
   5.4979393e+02
   7.7625028e+02
   2.1474874e+02
   6.6735894e+02
   2.9871695e+02
   4.8106201e+02
   5.4612592e+02
   5.4086288e+01
   3.0242741e+02
   2.1942799e+02
   4.4280497e+02
   2.9444763e+02
   1.3766275e+02
   7.7629428e+01
   1.3403291e+02
   3.2404914e+02
   4.1922644e+02
   1.9165740e+02
   7.7892746e+02
   3.6154951e+02
   4.8787186e+02
   5.7293010e+02
   6.1418535e+02
   5.8484932e+02
   5.3062716e+02
   1.2871927e+02
   6.6147601e+02
   3.1140555e+02
   2.4264266e+02
   4.0881872e+02
   3.0914182e+02
   5.3553351e+02
   9.1794239e+01
   5.5596323e+02
   6.7073808e+02
   3.6502820e+02
   7.6669287e+02
   3.8517684e+02
   3.6791666e+02
   2.0726627e+02
   5.7266850e+02
   4.6853129e+02
  -3.5370351e+01
   3.0703895e+02
   6.1823888e+02
   7.5740794e+02
   5.0494953e+02
   4.7908837e+01
   3.5515026e+02
   2.9981339e+02
   6.7697145e+02
   1.6312409e+01
   7.1868049e+02
   7.5703227e+01
  -1.5381366e+00
  -6.5853375e+01
   3.1366751e+02
   3.5058764e+02
   3.2295589e+02
  -7.3996317e+01
   4.2930326e+02
   8.9459938e+01
   1.9309415e+02
   5.7833215e+02
   4.3879591e+02
   1.6791886e+02
   7.2840027e+02
   2.0334315e+02
   6.3565555e+02
  -5.7498880e+01
   4.1487153e+02
   3.6258935e+02
   7.0248231e+01
   7.6445364e+02
   3.3819658e+02
   6.1408835e+02
   6.4111272e+01
   6.4056674e+02
   1.1705540e+02
   7.1312641e+02
   2.4479599e+02
   1.2221362e+02
   3.8767799e+02
   5.9453900e+02
   4.4731401e+02
   8.0521208e+02
   5.6129887e+02
   1.9160101e+02
   6.5411094e+02
   6.6318526e+02
   4.8572852e+02
   1.7063386e+02
   1.2190380e+02
   4.7586866e+02
   5.2367204e+02
   5.5669772e+02
   7.3473127e+02
   6.1476711e+02
   5.1039881e+01
   1.4851242e+02
   2.1717688e+02
   6.6571173e+02
   5.8421093e+02
   4.0441242e+02
   5.3650786e+02
   2.6179450e+02
  -7.7377904e+01
   3.3848056e+02
   4.9711166e+02
   4.5175901e+02
   8.8019501e+01
   1.8869799e+02
  -1.2836521e+01
   1.7448937e+01
   6.9699128e+02
   3.3539005e+02
  -2.8536006e+01
   3.7435459e+02
  -1.4321665e+01
   4.2785993e+02
   8.1747235e+01
  -8.4002546e+00
   2.1145854e+02
   5.0971585e+01
   3.0611349e+02
   7.4664053e+02
   2.8737452e+02
   5.8863139e+02
   6.4110832e+02
   6.2381346e+02
   4.2760129e+02
  -3.8078542e+01
   1.7819063e+02
   1.2543815e+02
   2.5980423e+02
   2.9598992e+02
   7.6427562e+02
   7.3817239e+02
   4.2451260e+02
   5.1512277e+02
   7.5614822e+01
   2.6554317e+02
   5.4111368e+02
   2.1413258e+02
   4.7124596e+02
   1.0800635e+02
   5.9365691e+02
   7.9681042e+02
   5.1306749e+02
   3.4590799e+02
   4.5169282e+02
   5.0406302e+01
   8.0494722e+02
   4.3809371e+02
   1.3931849e+02
   7.8781853e+02
   2.0364782e+02
  -7.8493231e+01
   8.5628433e+01
   1.1315604e+02
   3.6716594e+02
   7.9271144e+02
   4.1620972e+02
   4.2517997e+02
   5.2929459e+02
   4.2438480e+02
   2.3734270e+01
   5.6949561e+02
  -4.2752881e+01
   6.8511445e+02
   5.5925775e+02
   7.5721242e+02
   3.3080060e+02
  -9.2350974e+01
   4.2382411e+02
   5.7092342e+02
   3.3496623e+02
   3.3587026e+01
   7.5870088e+02
   6.2444489e+02
   6.4250187e+01
   6.9871947e+01
   6.4785342e+02
   4.6129916e+02
   6.5946090e+02
   7.5042759e+02
   4.3089223e+02
   3.6828656e+02
   4.7406259e+02
   1.0448749e+02
  -8.6113417e+01
   8.6720315e+01
   4.8996383e+02
   5.0040904e+02
   7.5834706e+02
   3.8200729e+02
   3.3065849e+02
   1.4214366e+02
   2.8795796e+02
   4.5211721e+02
   6.8147415e+02
   2.4770728e+02
   6.0779074e+02
  -6.5786996e+01
   5.2233313e+02
   6.2596977e+02
   8.0319765e+02
   1.0737192e+02
   5.5296136e-01
   5.1684429e+02
   1.4062574e+02
   2.2370552e+01
  -2.1463678e+01
   7.7679596e+02
   4.0781016e+02
   5.8403187e+02
   6.8411857e+02
   3.5379638e+02
   4.2344302e+02
   4.2828584e+02
   1.1925397e+02
   7.5005018e+02
   1.4984196e+02
   6.0841602e+02
   1.0120423e+01
   4.2349027e+02
  -7.7981828e+01
   3.1938852e+02
   7.6128189e+02
   1.2754463e+02
   5.4385314e+02
   6.0113355e+02
   5.8631941e+02
   7.9593300e+02
   4.3319916e+02
   4.5880269e+02
   8.0181955e+02
   6.6725752e+02
   3.5787772e+01
   3.8543963e+02
  -8.6056375e+01
   2.3300132e+02
   5.1070617e+02
   4.5242844e+02
   7.4237754e+02
   4.4217197e+02
   1.9933883e+02
   1.3811863e+02
   7.9345154e+02
   4.7903667e+02
   7.3338448e+01
   2.5843989e+02
   5.5665745e+02
  -7.3356298e+01
   5.4408766e+01
   7.3895984e+02
   7.9163157e+02
   4.0544119e+02
   3.2382067e+02
   2.9586449e+02
   5.8229844e+02
   6.6562908e+02
   5.6830406e+02
  -4.2294531e+01
   7.0859962e+02
  -5.6540721e+01
   2.7795242e+02
   3.2713193e+02
   6.1983673e+02
   4.4347460e+02
   5.8836875e+02
   5.8623500e+02
   3.9577925e+02
   9.9357166e+01
  -6.6936177e+01
   7.1724401e+01
   2.6559211e+01
   4.2549651e+02
  -8.4192180e+01
   2.4949368e+02
   4.3625198e+02
   2.3951373e+02
   4.1837810e+02
   3.0113501e+02
   6.3070169e+02
   4.8545267e+02
   1.2168362e+02
   5.0948879e+02
   4.0974839e+02
   1.3405920e+02
   2.7668316e+02
   4.6173543e+02
   1.9040661e+02
   1.7856628e+02
   7.9762152e+01
   8.0245566e+02
   4.0767716e+02
   1.9635006e+02
   3.9850928e+02
   2.2204553e+02
   3.1759198e+02
  -2.5039315e+00
   4.2316036e+02
   3.1367702e+01
   1.8771154e+02
   7.2565005e+02
   7.0923184e+02
  -1.5029585e+01
   1.9764687e+02
   5.2972152e+02
   6.4509722e+02
   5.9146820e+02
   5.4326837e+02
   4.0246975e+02
   6.1763183e+02
   4.4459088e+02
   3.1571295e+02
   3.5004164e+02
   1.4898269e+02
   4.3182989e+02
   3.1049427e+02
   5.5592535e+02
   7.0775516e+02
  -8.2426856e+01
   8.6019989e+01
   6.9859391e+02
   7.2128772e+02
   7.9277276e+02
   1.7070148e+02
   6.5018389e+02
   6.3305691e+02
   6.6656775e+02
   3.7721445e+02
  -2.0791366e+01
   9.6048398e+01
   5.8411449e+02
   5.2098958e+01
   2.3231589e+02
   9.8167755e+01
   5.6581247e+01
   1.1307221e+02
   7.4496952e+02
   8.0770614e+02
   1.1215923e+02
   7.7650700e+02
   4.7194428e+01
   2.1588703e+02
   4.8325105e+02
   5.0772421e+02
   6.4139650e+01
  -4.2392537e+01
   6.2295817e+02
   6.0169323e+02
   1.8495193e+02
  -4.7339426e+01
   1.4356259e+02
   4.3563725e+02
  -1.4717331e+01
   2.6180574e+02
  -3.7516161e+01
  -5.0351426e+01
   5.4596161e+02
   7.9149298e+02
   8.1465583e+02
   1.9937833e+01
   3.6614285e+02
   1.8221080e+02
   4.1146045e+02
   5.6850264e+02
   6.1640965e+02
   3.7442004e+02
   3.1437628e+02
   1.5447682e+01
   3.3519045e+02
   7.9594276e+02
   6.3055964e+02
   1.4547964e+02
   2.3940140e+02
   3.0462159e+01
   1.3326806e+02
   7.4499582e+02
   6.0552005e+00
   7.4438327e+02
   7.1885538e+02
   4.0176260e+02
   4.4849253e+02
  -8.9430352e+01
   1.6592478e+02
   4.7099561e+01
   6.6958303e+02
   1.9260675e+02
   7.5378176e+02
   5.1315916e+02
   3.2791376e-01
   7.2536701e+02
   7.0185220e+02
   3.0949694e+02
   1.9587616e+02
  -6.5849401e+01
   5.7359383e+02
   7.4938260e+02
   4.8386717e+02
   5.0709694e+02
  -7.0018441e+01
   7.0550635e+02
   4.1639171e+01
   5.1046789e+02
   3.8784555e+02
   1.3735617e+02
   7.5505145e+02
   3.5334103e+01
   7.7640365e+02
   6.6877906e+02
  -5.9007566e+01
   1.3377497e+01
   6.0934463e+02
   1.6144638e+02
   3.4523416e+02
   4.9525262e+02
  -6.7826163e+01
   3.6736966e+02
   4.2218431e+02
   7.8013917e+01
   4.1805880e+02
   7.6172585e+02
   7.0938096e+02
   1.5817872e+02
   7.8998306e+02
   3.5093084e+02
   7.0430265e+02
   6.7373483e+02
   1.2871343e+01
   5.1643617e+02
   6.3010745e+02
   3.8480082e+02
   7.1341618e+01
   4.1595477e+02
   9.2374404e+00
   4.8132610e+02
   3.6341012e+02
   7.3898059e+02
   1.7622679e+02
   1.2939564e+02
   1.3154945e+02
   7.9210021e+02
   1.0695371e+02
   5.2529667e+01
   2.3837511e+02
   2.1520736e+02
  -5.9609759e+01
  -1.3235628e+01
   6.6719215e+02
   5.7080495e+02
   6.9296103e+02
   7.5537260e+02
   8.0679097e+02
   4.4980172e+02
   7.8978895e+02
   2.4346729e+02
   2.3500614e+02
   5.7563711e+02
   7.8659265e+02
   5.0921800e+02
   3.3492954e+02
   5.4395458e+02
   2.9139978e+02
   4.5070151e+02
   5.1666110e+02
   8.0285006e+02
   5.9066090e+02
  -5.4854655e+01
   2.2065146e+02
  -5.6004493e+01
   3.5539530e+02
   8.0716472e+02
   5.7088423e+02
   5.2314756e+02
   6.3766862e+02
   9.5270042e+01
   2.3606931e+02
   2.9901102e+02
  -7.1398135e+01
   7.8141762e+02
   6.1014530e+02
   3.3947480e+02
   4.4098405e+02
   8.0170445e+02
  -3.1730288e+01
   2.6038626e+02
   5.3884018e+02
   3.7832411e+02
   6.1055866e+02
   6.5687170e+02
  -4.2924633e+01
  -5.1288766e+01
   1.5450901e+02
   3.2787039e+02
   6.6729348e+02
   9.0406049e+01
  -6.0357848e+01
   1.3894449e+02
   4.6228951e+02
   5.3007970e+02
   7.7582411e+02
   6.8432432e+02
  -5.5615672e+01
   5.7916197e+02
  -5.4223256e+01
  -8.8298909e+01
   7.2898500e+02
   7.5279190e+02
   5.8348763e+02
   2.0272447e+02
   3.4633602e+02
   3.9112107e+02
   6.3139030e+02
   6.9465462e+02
   6.5795386e+02
   4.1579068e+02
   2.7303593e+02
   1.4149156e+02
   5.5689600e+02
  -6.0168797e+01
   2.9981480e+02
   5.1951624e+02
   1.6377842e+02
   5.4797772e+02
   7.6807139e+02
  -2.6267226e+01
   3.1713291e+01
  -1.1486858e+01
   4.9280972e+02
   2.1547751e+01
   1.8319411e+02
   4.6508300e+02
   7.3656740e+02
   6.7894445e+02
  -1.8319659e+01
   3.8981123e+02
   2.1989768e+02
   3.2313784e+02
   7.7713124e+02
   3.1981764e+02
   2.0413337e+02
   3.4951307e+02
   5.2519787e+02
   7.8396675e+02
   3.4185737e+02
   5.6888358e+02
   3.1107244e+02
  -3.7658443e+01
   6.2271275e+01
   7.5932031e+02
   6.6626055e+02
   7.7216828e+02
   3.7059358e+02
   6.8540673e+02
   6.0087347e+02
   5.5623694e+02
   5.5568573e+02
  -5.2658280e+01
   1.4821243e+02
   1.2493284e+02
   6.9860532e+02
   2.5354943e+01
   3.9279449e+02
   7.4483672e+02
   6.1462297e+02
   2.1992098e+02
   1.9923778e+02
  -9.3356552e+00
  -4.2620146e+01
   1.8435810e+02
   2.7443970e+02
   4.6606991e+02
  -8.6386280e+01
   4.8738973e+02
   7.8574448e+02
   3.8432366e+02
   2.0311360e+02
   7.1765541e+02
   3.9907963e+02
   3.5027164e+02
   3.0477029e+02
   7.0331771e+02
   5.4586484e+02
   4.1606911e+01
   1.6541705e+01
   3.8655452e+02
   1.7388137e+02
   2.4445287e+02
   3.6828272e+02
   3.6894162e+02
   1.9414723e+02
   4.8314245e+02
  -7.0522597e+01
   7.9616278e+02
   5.1877708e+02
   4.2279590e+02
   1.7976892e+02
   4.4027900e+02
   3.6040690e+02
  -1.9472546e+01
   2.1390588e+02
   3.7958468e+01
   6.7199082e+02
   7.6895051e+01
   6.3541442e+02
   6.2254767e+02
   7.3833221e+02
   4.5805410e+02
   6.0414487e+02
   7.8384109e+02
   7.3344083e+02
   2.2096219e+02
  -6.8602048e+01
   4.0945326e+02
   2.7338972e+02
   4.4959890e+02
   7.0106635e+02
   5.5830538e+02
   5.2085274e+02
   6.4467642e+02
   3.1943805e+02
   5.1271786e+01
   5.1680922e+02
   6.7120844e+02
   3.5979492e+02
   7.3255924e+02
   4.5813372e+02
   2.9957089e+01
   2.9349715e+02
   2.6073330e+02
   3.8327541e+02
   4.3819044e+02
   7.0090545e+02
   1.3390261e+01
  -3.3777580e+01
   5.8524557e+02
   4.9545255e+01
   1.7609036e+02
   7.4486474e+02
   4.3260715e+02
   3.6559652e+02
   1.5792578e+02
   2.3547972e+02
   1.1121138e+02
  -7.0903281e+01
   5.9212914e+01
  -6.1406679e+01
   6.8970756e+02
   2.9671944e+02
  -7.5203074e+01
   6.3385290e+02
   6.2834472e+00
   4.4551998e+02
   3.0395000e+02
   1.6243081e+02
   4.2784322e+02
   2.1830855e+02
   8.0980906e+00
   1.7206281e+02
   4.8543260e+02
   1.1866802e+02
   5.1847483e+02
   2.9969661e+02
   2.2660874e+02
  -7.2694954e+01
   5.3294510e+02
   6.8986440e+02
   2.2235874e+02
   8.0193093e+01
   3.2971495e+02
   2.9401668e+01
   1.0682200e+02
   7.0326174e+02
   7.2306611e+02
   5.8103610e+02
   4.5826693e+02
  -9.0898822e+01
   5.6684278e+02
   4.3563124e+02
   4.6056936e+02
   6.7658946e+02
   4.1109078e+02
   5.0049505e+02
   3.3935609e+02
  -1.9397869e+01
   3.7643155e+02
   3.6027717e+01
   2.4283464e+02
   1.2286768e+02
   5.0288056e+02
  -7.3362657e+01
   6.3291536e+01
  -6.0883817e+01
   5.5973324e+02
  -4.1634677e+01
  -7.8121074e+01
  -6.1182949e+01
   6.7889049e+02
   1.1797228e+02
   5.3203294e+01
   2.8943364e+02
   5.9683661e+02
   6.5027524e+02
   6.9324968e+02
   5.4258832e+02
  -6.2080801e+01
   6.3557339e+02
   2.6320713e+02
   2.2319853e+02
   3.4073443e+02
   4.9417739e+02
   6.6166320e+01
  -5.8904091e+01
   5.7304586e+02
   3.6983349e+02
   3.4243927e+02
   6.4405011e+02
   3.0395644e+01
   1.1556199e+02
   2.3001087e+01
  -2.8107131e+01
   6.2270857e+02
   5.8597097e+02
   6.7299798e+02
   2.9967258e+02
   7.8416796e+02
   7.7477283e+02
   7.3517866e+02
   4.3157606e+02
  -9.0365193e+01
   1.9568983e+02
  -7.0640500e+01
  -8.6938462e+01
   7.5432742e+02
   6.4122224e+02
   6.4790846e+02
   2.9251078e+01
  -9.0628178e+01
   1.4519118e+01
   5.2391266e+02
   6.1315243e+02
   8.3193110e+01
   4.3786709e+02
   1.1251183e+01
   4.0161466e+02
   3.8371186e+02
   2.1908475e+02
   1.7929915e+02
   8.5609892e+01
   6.6187236e+02
   4.2815142e+02
   2.1327293e+02
   4.0439247e+02
   1.0077624e+01
   2.6426794e+02
   6.0488189e+02
   7.6375342e+02
   5.8038999e+02
   7.0508333e+02
   5.3071024e+02
   3.3079229e+02
   6.7114568e+02
   7.9666271e+02
   6.8638191e+02
   3.3463964e+02
   3.8866142e+02
   4.0840277e+02
   6.6827304e+02
   5.7307534e+02
   2.1236054e+02
   6.8574223e+02
   1.2619676e+02
   4.0565677e+02
  -3.4436081e+01
   3.0982111e+02
   7.7340178e+02
   5.9743628e+02
   6.9906651e+02
   3.3724502e+02
   2.9708071e+02
  -8.7920834e+01
  -4.1914693e+00
   6.0405531e+02
   7.7678586e+02
  -6.6264095e+00
   7.0018676e+01
   6.5098645e+01
   3.9424737e+02
   4.3445784e+02
   1.4161500e+02
   7.8191330e+02
   1.9095288e+02
   4.8168587e+02
   3.4821218e+02
   9.3983008e+01
   5.3271677e+02
   4.3281412e+02
   6.4269691e+02
   6.0549372e+02
   6.4535695e+02
   6.4759435e+02
   3.0268009e+02
   7.0698118e+02
   1.7256805e+02
  -4.1503824e+01
   7.5305325e+02
   6.2269615e+01
   4.2337551e+02
   2.7835447e+02
   6.9492839e+02
  -1.2234588e+01
   4.7673222e+02
  -1.4768694e-01
   5.5911294e+02
   5.5484361e+02
  -5.4500546e+01
  -1.9422613e+01
   4.3415801e+02
   4.1771780e+02
   6.4666032e+02
   7.7127828e+02
  -4.3892495e+01
   6.4699881e+02
  -7.5490747e+01
   7.0207016e+02
   6.7462064e+02
   7.8276861e+02
   5.3936621e+02
   4.8674436e+02
   7.6036765e+02
   4.9360541e-01
   3.5323258e+02
   3.3216245e+02
   2.9631296e+02
   4.1307534e+02
   6.8032912e+02
   9.8508493e+01
   4.6178601e+02
  -7.4648611e+01
   6.0640484e+02
   3.4496560e+02
   7.9783334e+02
   5.2149278e+02
   5.8075439e+02
   4.0741242e+02
   7.9940892e+02
  -3.9600572e+01
   6.2818194e+02
   2.5239405e+02
   3.8393305e+02
   6.4879886e+02
   1.4605830e+02
   3.5368837e+02
   1.2048232e+02
   5.3874196e+02
   4.1520992e+01
  -7.4593508e+01
  -6.8930201e+01
   1.2755309e+02
  -4.9956051e+01
   1.3978687e+02
  -1.5952818e+01
   1.1358361e+02
   1.2532839e+02
   5.4715154e+02
   1.6336085e+02
   2.3681428e+02
   8.8037637e+01
   8.0647287e+02
   6.6066554e+02
   7.9357948e+02
   7.6120350e+02
  -7.2400697e+01
   6.9099239e+02
   2.5684001e+02
   3.7274739e+02
   6.7602009e+02
   5.2595599e+02
   3.0261917e+02
   1.6522774e+02
   1.5245848e+02
   7.6370502e+02
   5.4921047e+02
   3.4183776e+02
   6.1182562e+02
   8.0425972e+02
   6.4677260e+02
  -7.2189371e+00
   5.9662261e+02
   1.0315568e+02
   1.5143640e+02
   1.2018946e+02
   3.8867852e+02
   4.1159263e+02
   3.8254295e+02
   5.8844046e+01
   4.7186459e+02
  -7.9357252e+01
   1.4068708e+02
   1.9413963e+02
   4.1139749e+02
   3.6443216e+02
   3.7847019e+02
   5.4993993e+02
   3.4868973e+02
   7.3089897e+02
   4.6115852e+02
   1.4109285e+02
   1.6715211e+02
   2.8304559e+02
   5.1466065e+02
   5.8176375e+02
   7.7494384e+02
   5.1910475e+02
   4.8530075e+00
   2.2477846e+02
   9.1090671e+00
   1.8692091e+02
   1.5128516e+02
   7.2521811e+02
   4.1749698e+02
  -1.3009092e+01
   6.5406135e+02
   2.7718950e+02
   6.7982951e+02
  -4.9401579e+01
   7.4879621e+02
  -8.4097723e+01
  -8.4851480e+01
   5.9155313e+02
   8.1481754e+02
   7.9548246e+02
   5.9193137e+02
   4.1483549e+02
   5.2066637e+01
   3.9336745e+02
   2.6795529e+02
   9.6253824e+01
   5.0664384e+02
   1.5202002e+02
   7.6553301e+02
   2.9542669e+02
   4.3217366e+02
   7.6770338e+02
   4.3021909e+02
   5.2622330e+02
   7.5263712e+02
   4.9650967e+02
   7.4748378e+02
   7.2335514e+02
   2.2357839e+02
   4.4971440e+02
   6.4426662e+02
   1.3231939e+02
   1.5148855e+01
   7.7077201e+02
   4.3495740e+02
  -3.9152163e+01
   4.5561922e+02
  -8.8472618e+01
   1.1389777e+02
   5.0559816e+02
  -7.5326947e+01
   7.6019494e+02
   1.5913162e+01
   3.9396987e+02
   6.1337022e+02
  -3.3667436e+01
   2.4488516e+02
   2.2015232e+01
   1.3304975e+02
   5.6024403e+02
   7.7683972e+02
   6.7454399e+02
   4.9266834e+02
   1.4932653e+02
   2.5615550e+02
   9.8804224e+01
   7.4278865e+02
   2.6689437e+02
   7.8345269e+02
   5.7792239e+02
   7.9379196e+02
   2.9080116e+02
   4.6550681e+02
  -1.1520345e+01
   8.1370579e+02
   5.2263996e+02
   5.4396108e+02
   4.1473751e+02
   5.1888948e+02
   1.4449799e+02
   5.2037090e+01
   5.4793169e+02
  -5.7632244e+01
   2.5214609e+02
   4.6777142e+02
   5.4979393e+02
   7.7625028e+02
   2.1474874e+02
   6.6735894e+02
   2.9871695e+02
   4.8106201e+02
   5.4612592e+02
   5.4086288e+01
   3.0242741e+02
   2.1942799e+02
   4.4280497e+02
   2.9444763e+02
   1.3766275e+02
   7.7629428e+01
   1.3403291e+02
   3.2404914e+02
   4.1922644e+02
   1.9165740e+02
   7.7892746e+02
   3.6154951e+02
   4.8787186e+02
   5.7293010e+02
   6.1418535e+02
   5.8484932e+02
   5.3062716e+02
   1.2871927e+02
   6.6147601e+02
   3.1140555e+02
   2.4264266e+02
   4.0881872e+02
   3.0914182e+02
   5.3553351e+02
   9.1794239e+01
   5.5596323e+02
   6.7073808e+02
   3.6502820e+02
   7.6669287e+02
   3.8517684e+02
   3.6791666e+02
   2.0726627e+02
   5.7266850e+02
   4.6853129e+02
  -3.5370351e+01
   3.0703895e+02
   6.1823888e+02
   7.5740794e+02
   5.0494953e+02
   4.7908837e+01
   3.5515026e+02
   2.9981339e+02
   6.7697145e+02
   1.6312409e+01
   7.1868049e+02
   7.5703227e+01
  -1.5381366e+00
  -6.5853375e+01
   3.1366751e+02
   3.5058764e+02
   3.2295589e+02
  -7.3996317e+01
   4.2930326e+02
   8.9459938e+01
   1.9309415e+02
   5.7833215e+02
   4.3879591e+02
   1.6791886e+02
   7.2840027e+02
   2.0334315e+02
   6.3565555e+02
  -5.7498880e+01
   4.1487153e+02
   3.6258935e+02
   7.0248231e+01
   7.6445364e+02
   3.3819658e+02
   6.1408835e+02
   6.4111272e+01
   6.4056674e+02
   1.1705540e+02
   7.1312641e+02
   2.4479599e+02
   1.2221362e+02
   3.8767799e+02
   5.9453900e+02
   4.4731401e+02
   8.0521208e+02
   5.6129887e+02
   1.9160101e+02
   6.5411094e+02
   6.6318526e+02
   4.8572852e+02
   1.7063386e+02
   1.2190380e+02
   4.7586866e+02
   5.2367204e+02
   5.5669772e+02
   7.3473127e+02
   6.1476711e+02
   5.1039881e+01
   1.4851242e+02
   2.1717688e+02
   6.6571173e+02
   5.8421093e+02
   4.0441242e+02
   5.3650786e+02
   2.6179450e+02
  -7.7377904e+01
   3.3848056e+02
   4.9711166e+02
   4.5175901e+02
   8.8019501e+01
   1.8869799e+02
  -1.2836521e+01
   1.7448937e+01
   6.9699128e+02
   3.3539005e+02
  -2.8536006e+01
   3.7435459e+02
  -1.4321665e+01
   4.2785993e+02
   8.1747235e+01
  -8.4002546e+00
   2.1145854e+02
   5.0971585e+01
   3.0611349e+02
   7.4664053e+02
   2.8737452e+02
   5.8863139e+02
   6.4110832e+02
   6.2381346e+02
   4.2760129e+02
  -3.8078542e+01
   1.7819063e+02
   1.2543815e+02
   2.5980423e+02
   2.9598992e+02
   7.6427562e+02
   7.3817239e+02
   4.2451260e+02
   5.1512277e+02
   7.5614822e+01
   2.6554317e+02
   5.4111368e+02
   2.1413258e+02
   4.7124596e+02
   1.0800635e+02
   5.9365691e+02
   7.9681042e+02
   5.1306749e+02
   3.4590799e+02
   4.5169282e+02
   5.0406302e+01
   8.0494722e+02
   4.3809371e+02
   1.3931849e+02
   7.8781853e+02
   2.0364782e+02
  -7.8493231e+01
   8.5628433e+01
   1.1315604e+02
   3.6716594e+02
   7.9271144e+02
   4.1620972e+02
   4.2517997e+02
   5.2929459e+02
   4.2438480e+02
   2.3734270e+01
   5.6949561e+02
  -4.2752881e+01
   6.8511445e+02
   5.5925775e+02
   7.5721242e+02
   3.3080060e+02
  -9.2350974e+01
   4.2382411e+02
   5.7092342e+02
   3.3496623e+02
   3.3587026e+01
   7.5870088e+02
   6.2444489e+02
   6.4250187e+01
   6.9871947e+01
   6.4785342e+02
   4.6129916e+02
   6.5946090e+02
   7.5042759e+02
   4.3089223e+02
   3.6828656e+02
   4.7406259e+02
   1.0448749e+02
  -8.6113417e+01
   8.6720315e+01
   4.8996383e+02
   5.0040904e+02
   7.5834706e+02
   3.8200729e+02
   3.3065849e+02
   1.4214366e+02
   2.8795796e+02
   4.5211721e+02
   6.8147415e+02
   2.4770728e+02
   6.0779074e+02
  -6.5786996e+01
   5.2233313e+02
   6.2596977e+02
   8.0319765e+02
   1.0737192e+02
   5.5296136e-01
   5.1684429e+02
   1.4062574e+02
   2.2370552e+01
  -2.1463678e+01
   7.7679596e+02
   4.0781016e+02
   5.8403187e+02
   6.8411857e+02
   3.5379638e+02
   4.2344302e+02
   4.2828584e+02
   1.1925397e+02
   7.5005018e+02
   1.4984196e+02
   6.0841602e+02
   1.0120423e+01
   4.2349027e+02
  -7.7981828e+01
   3.1938852e+02
   7.6128189e+02
   1.2754463e+02
   5.4385314e+02
   6.0113355e+02
   5.8631941e+02
   7.9593300e+02
   4.3319916e+02
   4.5880269e+02
   8.0181955e+02
   6.6725752e+02
   3.5787772e+01
   3.8543963e+02
  -8.6056375e+01
   2.3300132e+02
   5.1070617e+02
   4.5242844e+02
   7.4237754e+02
   4.4217197e+02
   1.9933883e+02
   1.3811863e+02
   7.9345154e+02
   4.7903667e+02
   7.3338448e+01
   2.5843989e+02
   5.5665745e+02
  -7.3356298e+01
   5.4408766e+01
   7.3895984e+02
   7.9163157e+02
   4.0544119e+02
   3.2382067e+02
   2.9586449e+02
   5.8229844e+02
   6.6562908e+02
   5.6830406e+02
  -4.2294531e+01
   7.0859962e+02
  -5.6540721e+01
   2.7795242e+02
   3.2713193e+02
   6.1983673e+02
   4.4347460e+02
   5.8836875e+02
   5.8623500e+02
   3.9577925e+02
   9.9357166e+01
  -6.6936177e+01
   7.1724401e+01
   2.6559211e+01
   4.2549651e+02
  -8.4192180e+01
   2.4949368e+02
   4.3625198e+02
   2.3951373e+02
   4.1837810e+02
   3.0113501e+02
   6.3070169e+02
   4.8545267e+02
   1.2168362e+02
   5.0948879e+02
   4.0974839e+02
   1.3405920e+02
   2.7668316e+02
   4.6173543e+02
   1.9040661e+02
   1.7856628e+02
   7.9762152e+01
   8.0245566e+02
   4.0767716e+02
   1.9635006e+02
   3.9850928e+02
   2.2204553e+02
   3.1759198e+02
  -2.5039315e+00
   4.2316036e+02
   3.1367702e+01
   1.8771154e+02
   7.2565005e+02
   7.0923184e+02
  -1.5029585e+01
   1.9764687e+02
   5.2972152e+02
   6.4509722e+02
   5.9146820e+02
   5.4326837e+02
   4.0246975e+02
   6.1763183e+02
   4.4459088e+02
   3.1571295e+02
   3.5004164e+02
   1.4898269e+02
   4.3182989e+02
   3.1049427e+02
   5.5592535e+02
   7.0775516e+02
  -8.2426856e+01
   8.6019989e+01
   6.9859391e+02
   7.2128772e+02
   7.9277276e+02
   1.7070148e+02
   6.5018389e+02
   6.3305691e+02
   6.6656775e+02
   3.7721445e+02
  -2.0791366e+01
   9.6048398e+01
   5.8411449e+02
   5.2098958e+01
   2.3231589e+02
   9.8167755e+01
   5.6581247e+01
   1.1307221e+02
   7.4496952e+02
   8.0770614e+02
   1.1215923e+02
   7.7650700e+02
   4.7194428e+01
   2.1588703e+02
   4.8325105e+02
   5.0772421e+02
   6.4139650e+01
  -4.2392537e+01
   6.2295817e+02
   6.0169323e+02
   1.8495193e+02
  -4.7339426e+01
   1.4356259e+02
   4.3563725e+02
  -1.4717331e+01
   2.6180574e+02
  -3.7516161e+01
  -5.0351426e+01
   5.4596161e+02
   7.9149298e+02
   8.1465583e+02
   1.9937833e+01
   3.6614285e+02
   1.8221080e+02
   4.1146045e+02
   5.6850264e+02
   6.1640965e+02
   3.7442004e+02
   3.1437628e+02
   1.5447682e+01
   3.3519045e+02
   7.9594276e+02
   6.3055964e+02
   1.4547964e+02
   2.3940140e+02
   3.0462159e+01
   1.3326806e+02
   7.4499582e+02
   6.0552005e+00
   7.4438327e+02
   7.1885538e+02
   4.0176260e+02
   4.4849253e+02
  -8.9430352e+01
   1.6592478e+02
   4.7099561e+01
   6.6958303e+02
   1.9260675e+02
   7.5378176e+02
   5.1315916e+02
   3.2791376e-01
   7.2536701e+02
   7.0185220e+02
   3.0949694e+02
   1.9587616e+02
  -6.5849401e+01
   5.7359383e+02
   7.4938260e+02
   4.8386717e+02
   5.0709694e+02
  -7.0018441e+01
   7.0550635e+02
   4.1639171e+01
   5.1046789e+02
   3.8784555e+02
   1.3735617e+02
   7.5505145e+02
   3.5334103e+01
   7.7640365e+02
   6.6877906e+02
  -5.9007566e+01
   1.3377497e+01
   6.0934463e+02
   1.6144638e+02
   3.4523416e+02
   4.9525262e+02
  -6.7826163e+01
   3.6736966e+02
   4.2218431e+02
   7.8013917e+01
   4.1805880e+02
   7.6172585e+02
   7.0938096e+02
   1.5817872e+02
   7.8998306e+02
   3.5093084e+02
   7.0430265e+02
   6.7373483e+02
   1.2871343e+01
   5.1643617e+02
   6.3010745e+02
   3.8480082e+02
   7.1341618e+01
   4.1595477e+02
   9.2374404e+00
   4.8132610e+02
   3.6341012e+02
   7.3898059e+02
   1.7622679e+02
   1.2939564e+02
   1.3154945e+02
   7.9210021e+02
   1.0695371e+02
   5.2529667e+01
   2.3837511e+02
   2.1520736e+02
  -5.9609759e+01
  -1.3235628e+01
   6.6719215e+02
   5.7080495e+02
   6.9296103e+02
   7.5537260e+02
   8.0679097e+02
   4.4980172e+02
   7.8978895e+02
   2.4346729e+02
   2.3500614e+02
   5.7563711e+02
   7.8659265e+02
   5.0921800e+02
   3.3492954e+02
   5.4395458e+02
   2.9139978e+02
   4.5070151e+02
   5.1666110e+02
   8.0285006e+02
   5.9066090e+02
  -5.4854655e+01
   2.2065146e+02
  -5.6004493e+01
   3.5539530e+02
   8.0716472e+02
   5.7088423e+02
   5.2314756e+02
   6.3766862e+02
   9.5270042e+01
   2.3606931e+02
   2.9901102e+02
  -7.1398135e+01
   7.8141762e+02
   6.1014530e+02
   3.3947480e+02
   4.4098405e+02
   8.0170445e+02
  -3.1730288e+01
   2.6038626e+02
   5.3884018e+02
   3.7832411e+02
   6.1055866e+02
   6.5687170e+02
  -4.2924633e+01
  -5.1288766e+01
   1.5450901e+02
   3.2787039e+02
   6.6729348e+02
   9.0406049e+01
  -6.0357848e+01
   1.3894449e+02
   4.6228951e+02
   5.3007970e+02
   7.7582411e+02
   6.8432432e+02
  -5.5615672e+01
   5.7916197e+02
  -5.4223256e+01
  -8.8298909e+01
   7.2898500e+02
   7.5279190e+02
   5.8348763e+02
   2.0272447e+02
   3.4633602e+02
   3.9112107e+02
   6.3139030e+02
   6.9465462e+02
   6.5795386e+02
   4.1579068e+02
   2.7303593e+02
   1.4149156e+02
   5.5689600e+02
  -6.0168797e+01
   2.9981480e+02
   5.1951624e+02
   1.6377842e+02
   5.4797772e+02
   7.6807139e+02
  -2.6267226e+01
   3.1713291e+01
  -1.1486858e+01
   4.9280972e+02
   2.1547751e+01
   1.8319411e+02
   4.6508300e+02
   7.3656740e+02
   6.7894445e+02
  -1.8319659e+01
   3.8981123e+02
   2.1989768e+02
   3.2313784e+02
   7.7713124e+02
   3.1981764e+02
   2.0413337e+02
   3.4951307e+02
   5.2519787e+02
   7.8396675e+02
   3.4185737e+02
   5.6888358e+02
   3.1107244e+02
  -3.7658443e+01
   6.2271275e+01
   7.5932031e+02
   6.6626055e+02
   7.7216828e+02
   3.7059358e+02
   6.8540673e+02
   6.0087347e+02
   5.5623694e+02
   5.5568573e+02
  -5.2658280e+01
   1.4821243e+02
   1.2493284e+02
   6.9860532e+02
   2.5354943e+01
   3.9279449e+02
   7.4483672e+02
   6.1462297e+02
   2.1992098e+02
   1.9923778e+02
  -9.3356552e+00
  -4.2620146e+01
   1.8435810e+02
   2.7443970e+02
   4.6606991e+02
  -8.6386280e+01
   4.8738973e+02
   7.8574448e+02
   3.8432366e+02
   2.0311360e+02
   7.1765541e+02
   3.9907963e+02
   3.5027164e+02
   3.0477029e+02
   7.0331771e+02
   5.4586484e+02
   4.1606911e+01
   1.6541705e+01
   3.8655452e+02
   1.7388137e+02
   2.4445287e+02
   3.6828272e+02
   3.6894162e+02
   1.9414723e+02
   4.8314245e+02
  -7.0522597e+01
   7.9616278e+02
   5.1877708e+02
   4.2279590e+02
   1.7976892e+02
   4.4027900e+02
   3.6040690e+02
  -1.9472546e+01
   2.1390588e+02
   3.7958468e+01
   6.7199082e+02
   7.6895051e+01
   6.3541442e+02
   6.2254767e+02
   7.3833221e+02
   4.5805410e+02
   6.0414487e+02
   7.8384109e+02
   7.3344083e+02
   2.2096219e+02
  -6.8602048e+01
   4.0945326e+02
   2.7338972e+02
   4.4959890e+02
   7.0106635e+02
   5.5830538e+02
   5.2085274e+02
   6.4467642e+02
   3.1943805e+02
   5.1271786e+01
   5.1680922e+02
   6.7120844e+02
   3.5979492e+02
   7.3255924e+02
   4.5813372e+02
   2.9957089e+01
   2.9349715e+02
   2.6073330e+02
   3.8327541e+02
   4.3819044e+02
   7.0090545e+02
   1.3390261e+01
  -3.3777580e+01
   5.8524557e+02
   4.9545255e+01
   1.7609036e+02
   7.4486474e+02
   4.3260715e+02
   3.6559652e+02
   1.5792578e+02
   2.3547972e+02
   1.1121138e+02
  -7.0903281e+01
   5.9212914e+01
  -6.1406679e+01
   6.8970756e+02
   2.9671944e+02
  -7.5203074e+01
   6.3385290e+02
   6.2834472e+00
   4.4551998e+02
   3.0395000e+02
   1.6243081e+02
   4.2784322e+02
   2.1830855e+02
   8.0980906e+00
   1.7206281e+02
   4.8543260e+02
   1.1866802e+02
   5.1847483e+02
   2.9969661e+02
   2.2660874e+02
  -7.2694954e+01
   5.3294510e+02
   6.8986440e+02
   2.2235874e+02
   8.0193093e+01
   3.2971495e+02
   2.9401668e+01
   1.0682200e+02
   7.0326174e+02
   7.2306611e+02
   5.8103610e+02
   4.5826693e+02
  -9.0898822e+01
   5.6684278e+02
   4.3563124e+02
   4.6056936e+02
   6.7658946e+02
   4.1109078e+02
   5.0049505e+02
   3.3935609e+02
  -1.9397869e+01
   3.7643155e+02
   3.6027717e+01
   2.4283464e+02
   1.2286768e+02
   5.0288056e+02
  -7.3362657e+01
   6.3291536e+01
  -6.0883817e+01
   5.5973324e+02
  -4.1634677e+01
  -7.8121074e+01
  -6.1182949e+01
   6.7889049e+02
   1.1797228e+02
   5.3203294e+01
   2.8943364e+02
   5.9683661e+02
   6.5027524e+02
   6.9324968e+02
   5.4258832e+02
  -6.2080801e+01
   6.3557339e+02
   2.6320713e+02
   2.2319853e+02
   3.4073443e+02
   4.9417739e+02
   6.6166320e+01
  -5.8904091e+01
   5.7304586e+02
   3.6983349e+02
   3.4243927e+02
   6.4405011e+02
   3.0395644e+01
   1.1556199e+02
   2.3001087e+01
  -2.8107131e+01
   6.2270857e+02
   5.8597097e+02
   6.7299798e+02
   2.9967258e+02
   7.8416796e+02
   7.7477283e+02
   7.3517866e+02
   4.3157606e+02
  -9.0365193e+01
   1.9568983e+02
  -7.0640500e+01
  -8.6938462e+01
   7.5432742e+02
   6.4122224e+02
   6.4790846e+02
   2.9251078e+01
  -9.0628178e+01
   1.4519118e+01
   5.2391266e+02
   6.1315243e+02
   8.3193110e+01
   4.3786709e+02
   1.1251183e+01
   4.0161466e+02
   3.8371186e+02
   2.1908475e+02
   1.7929915e+02
   8.5609892e+01
   6.6187236e+02
   4.2815142e+02
   2.1327293e+02
   4.0439247e+02
   1.0077624e+01
   2.6426794e+02
   6.0488189e+02
   7.6375342e+02
   5.8038999e+02
   7.0508333e+02
   5.3071024e+02
   3.3079229e+02
   6.7114568e+02
   7.9666271e+02
   6.8638191e+02
   3.3463964e+02
   3.8866142e+02
   4.0840277e+02
   6.6827304e+02
   5.7307534e+02
   2.1236054e+02
   6.8574223e+02
   1.2619676e+02
   4.0565677e+02
  -3.4436081e+01
   3.0982111e+02
   7.7340178e+02
   5.9743628e+02
   6.9906651e+02
   3.3724502e+02
   2.9708071e+02
  -8.7920834e+01
  -4.1914693e+00
   6.0405531e+02
   7.7678586e+02
  -6.6264095e+00
   7.0018676e+01
   6.5098645e+01
   3.9424737e+02
   4.3445784e+02
   1.4161500e+02
   7.8191330e+02
   1.9095288e+02
   4.8168587e+02
   3.4821218e+02
   9.3983008e+01
   5.3271677e+02
   4.3281412e+02
   6.4269691e+02
   6.0549372e+02
   6.4535695e+02
   6.4759435e+02
   3.0268009e+02
   7.0698118e+02
   1.7256805e+02
  -4.1503824e+01
   7.5305325e+02
   6.2269615e+01
   4.2337551e+02
   2.7835447e+02
   6.9492839e+02
  -1.2234588e+01
   4.7673222e+02
  -1.4768694e-01
   5.5911294e+02
   5.5484361e+02
  -5.4500546e+01
  -1.9422613e+01
   4.3415801e+02
   4.1771780e+02
   6.4666032e+02
   7.7127828e+02
  -4.3892495e+01
   6.4699881e+02
  -7.5490747e+01
   7.0207016e+02
   6.7462064e+02
   7.8276861e+02
   5.3936621e+02
   4.8674436e+02
   7.6036765e+02
   4.9360541e-01
   3.5323258e+02
   3.3216245e+02
   2.9631296e+02
   4.1307534e+02
   6.8032912e+02
   9.8508493e+01
   4.6178601e+02
  -7.4648611e+01
   6.0640484e+02
   3.4496560e+02
   7.9783334e+02
   5.2149278e+02
   5.8075439e+02
   4.0741242e+02
   7.9940892e+02
  -3.9600572e+01
   6.2818194e+02
   2.5239405e+02
   3.8393305e+02
   6.4879886e+02
   1.4605830e+02
   3.5368837e+02
   1.2048232e+02
   5.3874196e+02
   4.1520992e+01
  -7.4593508e+01
  -6.8930201e+01
   1.2755309e+02
  -4.9956051e+01
   1.3978687e+02
  -1.5952818e+01
   1.1358361e+02
   1.2532839e+02
   5.4715154e+02
   1.6336085e+02
   2.3681428e+02
   8.8037637e+01
   8.0647287e+02
   6.6066554e+02
   7.9357948e+02
   7.6120350e+02
  -7.2400697e+01
   6.9099239e+02
   2.5684001e+02
   3.7274739e+02
   6.7602009e+02
   5.2595599e+02
   3.0261917e+02
   1.6522774e+02
   1.5245848e+02
   7.6370502e+02
   5.4921047e+02
   3.4183776e+02
   6.1182562e+02
   8.0425972e+02
   6.4677260e+02
  -7.2189371e+00
   5.9662261e+02
   1.0315568e+02
   1.5143640e+02
   1.2018946e+02
   3.8867852e+02
   4.1159263e+02
   3.8254295e+02
   5.8844046e+01
   4.7186459e+02
  -7.9357252e+01
   1.4068708e+02
   1.9413963e+02
   4.1139749e+02
   3.6443216e+02
   3.7847019e+02
   5.4993993e+02
   3.4868973e+02
   7.3089897e+02
   4.6115852e+02
   1.4109285e+02
   1.6715211e+02
   2.8304559e+02
   5.1466065e+02
   5.8176375e+02
   7.7494384e+02
   5.1910475e+02
   4.8530075e+00
   2.2477846e+02
   9.1090671e+00
   1.8692091e+02
   1.5128516e+02
   7.2521811e+02
   4.1749698e+02
  -1.3009092e+01
   6.5406135e+02
   2.7718950e+02
   6.7982951e+02
  -4.9401579e+01
   7.4879621e+02
  -8.4097723e+01
  -8.4851480e+01
   5.9155313e+02
   8.1481754e+02
   7.9548246e+02
   5.9193137e+02
   4.1483549e+02
   5.2066637e+01
   3.9336745e+02
   2.6795529e+02
   9.6253824e+01
   5.0664384e+02
   1.5202002e+02
   7.6553301e+02
   2.9542669e+02
   4.3217366e+02
   7.6770338e+02
   4.3021909e+02
   5.2622330e+02
   7.5263712e+02
   4.9650967e+02
   7.4748378e+02
   7.2335514e+02
   2.2357839e+02
   4.4971440e+02
   6.4426662e+02
   1.3231939e+02
   1.5148855e+01
   7.7077201e+02
   4.3495740e+02
  -3.9152163e+01
   4.5561922e+02
  -8.8472618e+01
   1.1389777e+02
   5.0559816e+02
  -7.5326947e+01
   7.6019494e+02
   1.5913162e+01
   3.9396987e+02
   6.1337022e+02
  -3.3667436e+01
   2.4488516e+02
   2.2015232e+01
   1.3304975e+02
   5.6024403e+02
   7.7683972e+02
   6.7454399e+02
   4.9266834e+02
   1.4932653e+02
   2.5615550e+02
   9.8804224e+01
   7.4278865e+02
   2.6689437e+02
   7.8345269e+02
   5.7792239e+02
   7.9379196e+02
   2.9080116e+02
   4.6550681e+02
  -1.1520345e+01
   8.1370579e+02
   5.2263996e+02
   5.4396108e+02
   4.1473751e+02
   5.1888948e+02
   1.4449799e+02
   5.2037090e+01
   5.4793169e+02
  -5.7632244e+01
   2.5214609e+02
   4.6777142e+02
   5.4979393e+02
   7.7625028e+02
   2.1474874e+02
   6.6735894e+02
   2.9871695e+02
   4.8106201e+02
   5.4612592e+02
   5.4086288e+01
   3.0242741e+02
   2.1942799e+02
   4.4280497e+02
   2.9444763e+02
   1.3766275e+02
   7.7629428e+01
   1.3403291e+02
   3.2404914e+02
   4.1922644e+02
   1.9165740e+02
   7.7892746e+02
   3.6154951e+02
   4.8787186e+02
   5.7293010e+02
   6.1418535e+02
   5.8484932e+02
   5.3062716e+02
   1.2871927e+02
   6.6147601e+02
   3.1140555e+02
   2.4264266e+02
   4.0881872e+02
   3.0914182e+02
   5.3553351e+02
   9.1794239e+01
   5.5596323e+02
   6.7073808e+02
   3.6502820e+02
   7.6669287e+02
   3.8517684e+02
   3.6791666e+02
   2.0726627e+02
   5.7266850e+02
   4.6853129e+02
  -3.5370351e+01
   3.0703895e+02
   6.1823888e+02
   7.5740794e+02
   5.0494953e+02
   4.7908837e+01
   3.5515026e+02
   2.9981339e+02
   6.7697145e+02
   1.6312409e+01
   7.1868049e+02
   7.5703227e+01
  -1.5381366e+00
  -6.5853375e+01
   3.1366751e+02
   3.5058764e+02
   3.2295589e+02
  -7.3996317e+01
   4.2930326e+02
   8.9459938e+01
   1.9309415e+02
   5.7833215e+02
   4.3879591e+02
   1.6791886e+02
   7.2840027e+02
   2.0334315e+02
   6.3565555e+02
  -5.7498880e+01
   4.1487153e+02
   3.6258935e+02
   7.0248231e+01
   7.6445364e+02
   3.3819658e+02
   6.1408835e+02
   6.4111272e+01
   6.4056674e+02
   1.1705540e+02
   7.1312641e+02
   2.4479599e+02
   1.2221362e+02
   3.8767799e+02
   5.9453900e+02
   4.4731401e+02
   8.0521208e+02
   5.6129887e+02
   1.9160101e+02
   6.5411094e+02
   6.6318526e+02
   4.8572852e+02
   1.7063386e+02
   1.2190380e+02
   4.7586866e+02
   5.2367204e+02
   5.5669772e+02
   7.3473127e+02
   6.1476711e+02
   5.1039881e+01
   1.4851242e+02
   2.1717688e+02
   6.6571173e+02
   5.8421093e+02
   4.0441242e+02
   5.3650786e+02
   2.6179450e+02
  -7.7377904e+01
   3.3848056e+02
   4.9711166e+02
   4.5175901e+02
   8.8019501e+01
   1.8869799e+02
  -1.2836521e+01
   1.7448937e+01
   6.9699128e+02
   3.3539005e+02
  -2.8536006e+01
   3.7435459e+02
  -1.4321665e+01
   4.2785993e+02
   8.1747235e+01
  -8.4002546e+00
   2.1145854e+02
   5.0971585e+01
   3.0611349e+02
   7.4664053e+02
   2.8737452e+02
   5.8863139e+02
   6.4110832e+02
   6.2381346e+02
   4.2760129e+02
  -3.8078542e+01
   1.7819063e+02
   1.2543815e+02
   2.5980423e+02
   2.9598992e+02
   7.6427562e+02
   7.3817239e+02
   4.2451260e+02
   5.1512277e+02
   7.5614822e+01
   2.6554317e+02
   5.4111368e+02
   2.1413258e+02
   4.7124596e+02
   1.0800635e+02
   5.9365691e+02
   7.9681042e+02
   5.1306749e+02
   3.4590799e+02
   4.5169282e+02
   5.0406302e+01
   8.0494722e+02
   4.3809371e+02
   1.3931849e+02
   7.8781853e+02
   2.0364782e+02
  -7.8493231e+01
   8.5628433e+01
   1.1315604e+02
   3.6716594e+02
   7.9271144e+02
   4.1620972e+02
   4.2517997e+02
   5.2929459e+02
   4.2438480e+02
   2.3734270e+01
   5.6949561e+02
  -4.2752881e+01
   6.8511445e+02
   5.5925775e+02
   7.5721242e+02
   3.3080060e+02
  -9.2350974e+01
   4.2382411e+02
   5.7092342e+02
   3.3496623e+02
   3.3587026e+01
   7.5870088e+02
   6.2444489e+02
   6.4250187e+01
   6.9871947e+01
   6.4785342e+02
   4.6129916e+02
   6.5946090e+02
   7.5042759e+02
   4.3089223e+02
   3.6828656e+02
   4.7406259e+02
   1.0448749e+02
  -8.6113417e+01
   8.6720315e+01
   4.8996383e+02
   5.0040904e+02
   7.5834706e+02
   3.8200729e+02
   3.3065849e+02
   1.4214366e+02
   2.8795796e+02
   4.5211721e+02
   6.8147415e+02
   2.4770728e+02
   6.0779074e+02
  -6.5786996e+01
   5.2233313e+02
   6.2596977e+02
   8.0319765e+02
   1.0737192e+02
   5.5296136e-01
   5.1684429e+02
   1.4062574e+02
   2.2370552e+01
  -2.1463678e+01
   7.7679596e+02
   4.0781016e+02
   5.8403187e+02
   6.8411857e+02
   3.5379638e+02
   4.2344302e+02
   4.2828584e+02
   1.1925397e+02
   7.5005018e+02
   1.4984196e+02
   6.0841602e+02
   1.0120423e+01
   4.2349027e+02
  -7.7981828e+01
   3.1938852e+02
   7.6128189e+02
   1.2754463e+02
   5.4385314e+02
   6.0113355e+02
   5.8631941e+02
   7.9593300e+02
   4.3319916e+02
   4.5880269e+02
   8.0181955e+02
   6.6725752e+02
   3.5787772e+01
   3.8543963e+02
  -8.6056375e+01
   2.3300132e+02
   5.1070617e+02
   4.5242844e+02
   7.4237754e+02
   4.4217197e+02
   1.9933883e+02
   1.3811863e+02
   7.9345154e+02
   4.7903667e+02
   7.3338448e+01
   2.5843989e+02
   5.5665745e+02
  -7.3356298e+01
   5.4408766e+01
   7.3895984e+02
   7.9163157e+02
   4.0544119e+02
   3.2382067e+02
   2.9586449e+02
   5.8229844e+02
   6.6562908e+02
   5.6830406e+02
  -4.2294531e+01
   7.0859962e+02
  -5.6540721e+01
   2.7795242e+02
   3.2713193e+02
   6.1983673e+02
   4.4347460e+02
   5.8836875e+02
   5.8623500e+02
   3.9577925e+02
   9.9357166e+01
  -6.6936177e+01
   7.1724401e+01
   2.6559211e+01
   4.2549651e+02
  -8.4192180e+01
   2.4949368e+02
   4.3625198e+02
   2.3951373e+02
   4.1837810e+02
   3.0113501e+02
   6.3070169e+02
   4.8545267e+02
   1.2168362e+02
   5.0948879e+02
   4.0974839e+02
   1.3405920e+02
   2.7668316e+02
   4.6173543e+02
   1.9040661e+02
   1.7856628e+02
   7.9762152e+01
   8.0245566e+02
   4.0767716e+02
   1.9635006e+02
   3.9850928e+02
   2.2204553e+02
   3.1759198e+02
  -2.5039315e+00
   4.2316036e+02
   3.1367702e+01
   1.8771154e+02
   7.2565005e+02
   7.0923184e+02
  -1.5029585e+01
   1.9764687e+02
   5.2972152e+02
   6.4509722e+02
   5.9146820e+02
   5.4326837e+02
   4.0246975e+02
   6.1763183e+02
   4.4459088e+02
   3.1571295e+02
   3.5004164e+02
   1.4898269e+02
   4.3182989e+02
   3.1049427e+02
   5.5592535e+02
   7.0775516e+02
  -8.2426856e+01
   8.6019989e+01
   6.9859391e+02
   7.2128772e+02
   7.9277276e+02
   1.7070148e+02
   6.5018389e+02
   6.3305691e+02
   6.6656775e+02
   3.7721445e+02
  -2.0791366e+01
   9.6048398e+01
   5.8411449e+02
   5.2098958e+01
   2.3231589e+02
   9.8167755e+01
   5.6581247e+01
   1.1307221e+02
   7.4496952e+02
   8.0770614e+02
   1.1215923e+02
   7.7650700e+02
   4.7194428e+01
   2.1588703e+02
   4.8325105e+02
   5.0772421e+02
   6.4139650e+01
  -4.2392537e+01
   6.2295817e+02
   6.0169323e+02
   1.8495193e+02
  -4.7339426e+01
   1.4356259e+02
   4.3563725e+02
  -1.4717331e+01
   2.6180574e+02
  -3.7516161e+01
  -5.0351426e+01
   5.4596161e+02
   7.9149298e+02
   8.1465583e+02
   1.9937833e+01
   3.6614285e+02
   1.8221080e+02
   4.1146045e+02
   5.6850264e+02
   6.1640965e+02
   3.7442004e+02
   3.1437628e+02
   1.5447682e+01
   3.3519045e+02
   7.9594276e+02
   6.3055964e+02
   1.4547964e+02
   2.3940140e+02
   3.0462159e+01
   1.3326806e+02
   7.4499582e+02
   6.0552005e+00
   7.4438327e+02
   7.1885538e+02
   4.0176260e+02
   4.4849253e+02
  -8.9430352e+01
   1.6592478e+02
   4.7099561e+01
   6.6958303e+02
   1.9260675e+02
   7.5378176e+02
   5.1315916e+02
   3.2791376e-01
   7.2536701e+02
   7.0185220e+02
   3.0949694e+02
   1.9587616e+02
  -6.5849401e+01
   5.7359383e+02
   7.4938260e+02
   4.8386717e+02
   5.0709694e+02
  -7.0018441e+01
   7.0550635e+02
   4.1639171e+01
   5.1046789e+02
   3.8784555e+02
   1.3735617e+02
   7.5505145e+02
   3.5334103e+01
   7.7640365e+02
   6.6877906e+02
  -5.9007566e+01
   1.3377497e+01
   6.0934463e+02
   1.6144638e+02
   3.4523416e+02
   4.9525262e+02
  -6.7826163e+01
   3.6736966e+02
   4.2218431e+02
   7.8013917e+01
   4.1805880e+02
   7.6172585e+02
   7.0938096e+02
   1.5817872e+02
   7.8998306e+02
   3.5093084e+02
   7.0430265e+02
   6.7373483e+02
   1.2871343e+01
   5.1643617e+02
   6.3010745e+02
   3.8480082e+02
   7.1341618e+01
   4.1595477e+02
   9.2374404e+00
   4.8132610e+02
   3.6341012e+02
   7.3898059e+02
   1.7622679e+02
   1.2939564e+02
   1.3154945e+02
   7.9210021e+02
   1.0695371e+02
   5.2529667e+01
   2.3837511e+02
   2.1520736e+02
  -5.9609759e+01
  -1.3235628e+01
   6.6719215e+02
   5.7080495e+02
   6.9296103e+02
   7.5537260e+02
   8.0679097e+02
   4.4980172e+02
   7.8978895e+02
   2.4346729e+02
   2.3500614e+02
   5.7563711e+02
   7.8659265e+02
   5.0921800e+02
   3.3492954e+02
   5.4395458e+02
   2.9139978e+02
   4.5070151e+02
   5.1666110e+02
   8.0285006e+02
   5.9066090e+02
  -5.4854655e+01
   2.2065146e+02
  -5.6004493e+01
   3.5539530e+02
   8.0716472e+02
   5.7088423e+02
   5.2314756e+02
   6.3766862e+02
   9.5270042e+01
   2.3606931e+02
   2.9901102e+02
  -7.1398135e+01
   7.8141762e+02
   6.1014530e+02
   3.3947480e+02
   4.4098405e+02
   8.0170445e+02
  -3.1730288e+01
   2.6038626e+02
   5.3884018e+02
   3.7832411e+02
   6.1055866e+02
   6.5687170e+02
  -4.2924633e+01
  -5.1288766e+01
   1.5450901e+02
   3.2787039e+02
   6.6729348e+02
   9.0406049e+01
  -6.0357848e+01
   1.3894449e+02
   4.6228951e+02
   5.3007970e+02
   7.7582411e+02
   6.8432432e+02
  -5.5615672e+01
   5.7916197e+02
  -5.4223256e+01
  -8.8298909e+01
   7.2898500e+02
   7.5279190e+02
   5.8348763e+02
   2.0272447e+02
   3.4633602e+02
   3.9112107e+02
   6.3139030e+02
   6.9465462e+02
   6.5795386e+02
   4.1579068e+02
   2.7303593e+02
   1.4149156e+02
   5.5689600e+02
  -6.0168797e+01
   2.9981480e+02
   5.1951624e+02
   1.6377842e+02
   5.4797772e+02
   7.6807139e+02
  -2.6267226e+01
   3.1713291e+01
  -1.1486858e+01
   4.9280972e+02
   2.1547751e+01
   1.8319411e+02
   4.6508300e+02
   7.3656740e+02
   6.7894445e+02
  -1.8319659e+01
   3.8981123e+02
   2.1989768e+02
   3.2313784e+02
   7.7713124e+02
   3.1981764e+02
   2.0413337e+02
   3.4951307e+02
   5.2519787e+02
   7.8396675e+02
   3.4185737e+02
   5.6888358e+02
   3.1107244e+02
  -3.7658443e+01
   6.2271275e+01
   7.5932031e+02
   6.6626055e+02
   7.7216828e+02
   3.7059358e+02
   6.8540673e+02
   6.0087347e+02
   5.5623694e+02
   5.5568573e+02
  -5.2658280e+01
   1.4821243e+02
   1.2493284e+02
   6.9860532e+02
   2.5354943e+01
   3.9279449e+02
   7.4483672e+02
   6.1462297e+02
   2.1992098e+02
   1.9923778e+02
  -9.3356552e+00
  -4.2620146e+01
   1.8435810e+02
   2.7443970e+02
   4.6606991e+02
  -8.6386280e+01
   4.8738973e+02
   7.8574448e+02
   3.8432366e+02
   2.0311360e+02
   7.1765541e+02
   3.9907963e+02
   3.5027164e+02
   3.0477029e+02
   7.0331771e+02
   5.4586484e+02
   4.1606911e+01
   1.6541705e+01
   3.8655452e+02
   1.7388137e+02
   2.4445287e+02
   3.6828272e+02
   3.6894162e+02
   1.9414723e+02
   4.8314245e+02
  -7.0522597e+01
   7.9616278e+02
   5.1877708e+02
   4.2279590e+02
   1.7976892e+02
   4.4027900e+02
   3.6040690e+02
  -1.9472546e+01
   2.1390588e+02
   3.7958468e+01
   6.7199082e+02
   7.6895051e+01
   6.3541442e+02
   6.2254767e+02
   7.3833221e+02
   4.5805410e+02
   6.0414487e+02
   7.8384109e+02
   7.3344083e+02
   2.2096219e+02
  -6.8602048e+01
   4.0945326e+02
   2.7338972e+02
   4.4959890e+02
   7.0106635e+02
   5.5830538e+02
   5.2085274e+02
   6.4467642e+02
   3.1943805e+02
   5.1271786e+01
   5.1680922e+02
   6.7120844e+02
   3.5979492e+02
   7.3255924e+02
   4.5813372e+02
   2.9957089e+01
   2.9349715e+02
   2.6073330e+02
   3.8327541e+02
   4.3819044e+02
   7.0090545e+02
   1.3390261e+01
  -3.3777580e+01
   5.8524557e+02
   4.9545255e+01
   1.7609036e+02
   7.4486474e+02
   4.3260715e+02
   3.6559652e+02
   1.5792578e+02
   2.3547972e+02
   1.1121138e+02
  -7.0903281e+01
   5.9212914e+01
  -6.1406679e+01
   6.8970756e+02
   2.9671944e+02
  -7.5203074e+01
   6.3385290e+02
   6.2834472e+00
   4.4551998e+02
   3.0395000e+02
   1.6243081e+02
   4.2784322e+02
   2.1830855e+02
   8.0980906e+00
   1.7206281e+02
   4.8543260e+02
   1.1866802e+02
   5.1847483e+02
   2.9969661e+02
   2.2660874e+02
  -7.2694954e+01
   5.3294510e+02
   6.8986440e+02
   2.2235874e+02
   8.0193093e+01
   3.2971495e+02
   2.9401668e+01
   1.0682200e+02
   7.0326174e+02
   7.2306611e+02
   5.8103610e+02
   4.5826693e+02
  -9.0898822e+01
   5.6684278e+02
   4.3563124e+02
   4.6056936e+02
   6.7658946e+02
   4.1109078e+02
   5.0049505e+02
   3.3935609e+02
  -1.9397869e+01
   3.7643155e+02
   3.6027717e+01
   2.4283464e+02
   1.2286768e+02
   5.0288056e+02
  -7.3362657e+01
   6.3291536e+01
  -6.0883817e+01
   5.5973324e+02
  -4.1634677e+01
  -7.8121074e+01
  -6.1182949e+01
   6.7889049e+02
   1.1797228e+02
   5.3203294e+01
   2.8943364e+02
   5.9683661e+02
   6.5027524e+02
   6.9324968e+02
   5.4258832e+02
  -6.2080801e+01
   6.3557339e+02
   2.6320713e+02
   2.2319853e+02
   3.4073443e+02
   4.9417739e+02
   6.6166320e+01
  -5.8904091e+01
   5.7304586e+02
   3.6983349e+02
   3.4243927e+02
   6.4405011e+02
   3.0395644e+01
   1.1556199e+02
   2.3001087e+01
  -2.8107131e+01
   6.2270857e+02
   5.8597097e+02
   6.7299798e+02
   2.9967258e+02
   7.8416796e+02
   7.7477283e+02
   7.3517866e+02
   4.3157606e+02
  -9.0365193e+01
   1.9568983e+02
  -7.0640500e+01
  -8.6938462e+01
   7.5432742e+02
   6.4122224e+02
   6.4790846e+02
   2.9251078e+01
  -9.0628178e+01
   1.4519118e+01
   5.2391266e+02
   6.1315243e+02
   8.3193110e+01
   4.3786709e+02
   1.1251183e+01
   4.0161466e+02
   3.8371186e+02
   2.1908475e+02
   1.7929915e+02
   8.5609892e+01
   6.6187236e+02
   4.2815142e+02
   2.1327293e+02
   4.0439247e+02
   1.0077624e+01
   2.6426794e+02
   6.0488189e+02
   7.6375342e+02
   5.8038999e+02
   7.0508333e+02
   5.3071024e+02
   3.3079229e+02
   6.7114568e+02
   7.9666271e+02
   6.8638191e+02
   3.3463964e+02
   3.8866142e+02
   4.0840277e+02
   6.6827304e+02
   5.7307534e+02
   2.1236054e+02
   6.8574223e+02
   1.2619676e+02
   4.0565677e+02
  -3.4436081e+01
   3.0982111e+02
   7.7340178e+02
   5.9743628e+02
   6.9906651e+02
   3.3724502e+02
   2.9708071e+02
  -8.7920834e+01
  -4.1914693e+00
   6.0405531e+02
   7.7678586e+02
  -6.6264095e+00
   7.0018676e+01
   6.5098645e+01
   3.9424737e+02
   4.3445784e+02
   1.4161500e+02
   7.8191330e+02
   1.9095288e+02
   4.8168587e+02
   3.4821218e+02
   9.3983008e+01
   5.3271677e+02
   4.3281412e+02
   6.4269691e+02
   6.0549372e+02
   6.4535695e+02
   6.4759435e+02
   3.0268009e+02
   7.0698118e+02
   1.7256805e+02
  -4.1503824e+01
   7.5305325e+02
   6.2269615e+01
   4.2337551e+02
   2.7835447e+02
   6.9492839e+02
  -1.2234588e+01
   4.7673222e+02
  -1.4768694e-01
   5.5911294e+02
   5.5484361e+02
  -5.4500546e+01
  -1.9422613e+01
   4.3415801e+02
   4.1771780e+02
   6.4666032e+02
   7.7127828e+02
  -4.3892495e+01
   6.4699881e+02
  -7.5490747e+01
   7.0207016e+02
   6.7462064e+02
   7.8276861e+02
   5.3936621e+02
   4.8674436e+02
   7.6036765e+02
   4.9360541e-01
   3.5323258e+02
   3.3216245e+02
   2.9631296e+02
   4.1307534e+02
   6.8032912e+02
   9.8508493e+01
   4.6178601e+02
  -7.4648611e+01
   6.0640484e+02
   3.4496560e+02
   7.9783334e+02
   5.2149278e+02
   5.8075439e+02
   4.0741242e+02
   7.9940892e+02
  -3.9600572e+01
   6.2818194e+02
   2.5239405e+02
   3.8393305e+02
   6.4879886e+02
   1.4605830e+02
   3.5368837e+02
   1.2048232e+02
   5.3874196e+02
   4.1520992e+01
  -7.4593508e+01
  -6.8930201e+01
   1.2755309e+02
  -4.9956051e+01
   1.3978687e+02
  -1.5952818e+01
   1.1358361e+02
   1.2532839e+02
   5.4715154e+02
   1.6336085e+02
   2.3681428e+02
   8.8037637e+01
   8.0647287e+02
   6.6066554e+02
   7.9357948e+02
   7.6120350e+02
  -7.2400697e+01
   6.9099239e+02
   2.5684001e+02
   3.7274739e+02
   6.7602009e+02
   5.2595599e+02
   3.0261917e+02
   1.6522774e+02
   1.5245848e+02
   7.6370502e+02
   5.4921047e+02
   3.4183776e+02
   6.1182562e+02
   8.0425972e+02
   6.4677260e+02
  -7.2189371e+00
   5.9662261e+02
   1.0315568e+02
   1.5143640e+02
   1.2018946e+02
   3.8867852e+02
   4.1159263e+02
   3.8254295e+02
   5.8844046e+01
   4.7186459e+02
  -7.9357252e+01
   1.4068708e+02
   1.9413963e+02
   4.1139749e+02
   3.6443216e+02
   3.7847019e+02
   5.4993993e+02
   3.4868973e+02
   7.3089897e+02
   4.6115852e+02
   1.4109285e+02
   1.6715211e+02
   2.8304559e+02
   5.1466065e+02
   5.8176375e+02
   7.7494384e+02
   5.1910475e+02
   4.8530075e+00
   2.2477846e+02
   9.1090671e+00
   1.8692091e+02
   1.5128516e+02
   7.2521811e+02
   4.1749698e+02
  -1.3009092e+01
   6.5406135e+02
   2.7718950e+02
   6.7982951e+02
  -4.9401579e+01
   7.4879621e+02
  -8.4097723e+01
  -8.4851480e+01
   5.9155313e+02
   8.1481754e+02
   7.9548246e+02
   5.9193137e+02
   4.1483549e+02
   5.2066637e+01
   3.9336745e+02
   2.6795529e+02
   9.6253824e+01
   5.0664384e+02
   1.5202002e+02
   7.6553301e+02
   2.9542669e+02
   4.3217366e+02
   7.6770338e+02
   4.3021909e+02
   5.2622330e+02
   7.5263712e+02
   4.9650967e+02
   7.4748378e+02
   7.2335514e+02
   2.2357839e+02
   4.4971440e+02
   6.4426662e+02
   1.3231939e+02
   1.5148855e+01
   7.7077201e+02
   4.3495740e+02
  -3.9152163e+01
   4.5561922e+02
  -8.8472618e+01
   1.1389777e+02
   5.0559816e+02
  -7.5326947e+01
   7.6019494e+02
   1.5913162e+01
   3.9396987e+02
   6.1337022e+02
  -3.3667436e+01
   2.4488516e+02
   2.2015232e+01
   1.3304975e+02
   5.6024403e+02
   7.7683972e+02
   6.7454399e+02
   4.9266834e+02
   1.4932653e+02
   2.5615550e+02
   9.8804224e+01
   7.4278865e+02
   2.6689437e+02
   7.8345269e+02
   5.7792239e+02
   7.9379196e+02
   2.9080116e+02
   4.6550681e+02
  -1.1520345e+01
   8.1370579e+02
   5.2263996e+02
   5.4396108e+02
   4.1473751e+02
   5.1888948e+02
   1.4449799e+02
   5.2037090e+01
   5.4793169e+02
  -5.7632244e+01
   2.5214609e+02
   4.6777142e+02
   5.4979393e+02
   7.7625028e+02
   2.1474874e+02
   6.6735894e+02
   2.9871695e+02
   4.8106201e+02
   5.4612592e+02
   5.4086288e+01
   3.0242741e+02
   2.1942799e+02
   4.4280497e+02
   2.9444763e+02
   1.3766275e+02
   7.7629428e+01
   1.3403291e+02
   3.2404914e+02
   4.1922644e+02
   1.9165740e+02
   7.7892746e+02
   3.6154951e+02
   4.8787186e+02
   5.7293010e+02
   6.1418535e+02
   5.8484932e+02
   5.3062716e+02
   1.2871927e+02
   6.6147601e+02
   3.1140555e+02
   2.4264266e+02
   4.0881872e+02
   3.0914182e+02
   5.3553351e+02
   9.1794239e+01
   5.5596323e+02
   6.7073808e+02
   3.6502820e+02
   7.6669287e+02
   3.8517684e+02
   3.6791666e+02
   2.0726627e+02
   5.7266850e+02
   4.6853129e+02
  -3.5370351e+01
   3.0703895e+02
   6.1823888e+02
   7.5740794e+02
   5.0494953e+02
   4.7908837e+01
   3.5515026e+02
   2.9981339e+02
   6.7697145e+02
   1.6312409e+01
   7.1868049e+02
   7.5703227e+01
  -1.5381366e+00
  -6.5853375e+01
   3.1366751e+02
   3.5058764e+02
   3.2295589e+02
  -7.3996317e+01
   4.2930326e+02
   8.9459938e+01
   1.9309415e+02
   5.7833215e+02
   4.3879591e+02
   1.6791886e+02
   7.2840027e+02
   2.0334315e+02
   6.3565555e+02
  -5.7498880e+01
   4.1487153e+02
   3.6258935e+02
   7.0248231e+01
   7.6445364e+02
   3.3819658e+02
   6.1408835e+02
   6.4111272e+01
   6.4056674e+02
   1.1705540e+02
   7.1312641e+02
   2.4479599e+02
   1.2221362e+02
   3.8767799e+02
   5.9453900e+02
   4.4731401e+02
   8.0521208e+02
   5.6129887e+02
   1.9160101e+02
   6.5411094e+02
   6.6318526e+02
   4.8572852e+02
   1.7063386e+02
   1.2190380e+02
   4.7586866e+02
   5.2367204e+02
   5.5669772e+02
   7.3473127e+02
   6.1476711e+02
   5.1039881e+01
   1.4851242e+02
   2.1717688e+02
   6.6571173e+02
   5.8421093e+02
   4.0441242e+02
   5.3650786e+02
   2.6179450e+02
  -7.7377904e+01
   3.3848056e+02
   4.9711166e+02
   4.5175901e+02
   8.8019501e+01
   1.8869799e+02
  -1.2836521e+01
   1.7448937e+01
   6.9699128e+02
   3.3539005e+02
  -2.8536006e+01
   3.7435459e+02
  -1.4321665e+01
   4.2785993e+02
   8.1747235e+01
  -8.4002546e+00
   2.1145854e+02
   5.0971585e+01
   3.0611349e+02
   7.4664053e+02
   2.8737452e+02
   5.8863139e+02
   6.4110832e+02
   6.2381346e+02
   4.2760129e+02
  -3.8078542e+01
   1.7819063e+02
   1.2543815e+02
   2.5980423e+02
   2.9598992e+02
   7.6427562e+02
   7.3817239e+02
   4.2451260e+02
   5.1512277e+02
   7.5614822e+01
   2.6554317e+02
   5.4111368e+02
   2.1413258e+02
   4.7124596e+02
   1.0800635e+02
   5.9365691e+02
   7.9681042e+02
   5.1306749e+02
   3.4590799e+02
   4.5169282e+02
   5.0406302e+01
   8.0494722e+02
   4.3809371e+02
   1.3931849e+02
   7.8781853e+02
   2.0364782e+02
  -7.8493231e+01
   8.5628433e+01
   1.1315604e+02
   3.6716594e+02
   7.9271144e+02
   4.1620972e+02
   4.2517997e+02
   5.2929459e+02
   4.2438480e+02
   2.3734270e+01
   5.6949561e+02
  -4.2752881e+01
   6.8511445e+02
   5.5925775e+02
   7.5721242e+02
   3.3080060e+02
  -9.2350974e+01
   4.2382411e+02
   5.7092342e+02
   3.3496623e+02
   3.3587026e+01
   7.5870088e+02
   6.2444489e+02
   6.4250187e+01
   6.9871947e+01
   6.4785342e+02
   4.6129916e+02
   6.5946090e+02
   7.5042759e+02
   4.3089223e+02
   3.6828656e+02
   4.7406259e+02
   1.0448749e+02
  -8.6113417e+01
   8.6720315e+01
   4.8996383e+02
   5.0040904e+02
   7.5834706e+02
   3.8200729e+02
   3.3065849e+02
   1.4214366e+02
   2.8795796e+02
   4.5211721e+02
   6.8147415e+02
   2.4770728e+02
   6.0779074e+02
  -6.5786996e+01
   5.2233313e+02
   6.2596977e+02
   8.0319765e+02
   1.0737192e+02
   5.5296136e-01
   5.1684429e+02
   1.4062574e+02
   2.2370552e+01
  -2.1463678e+01
   7.7679596e+02
   4.0781016e+02
   5.8403187e+02
   6.8411857e+02
   3.5379638e+02
   4.2344302e+02
   4.2828584e+02
   1.1925397e+02
   7.5005018e+02
   1.4984196e+02
   6.0841602e+02
   1.0120423e+01
   4.2349027e+02
  -7.7981828e+01
   3.1938852e+02
   7.6128189e+02
   1.2754463e+02
   5.4385314e+02
   6.0113355e+02
   5.8631941e+02
   7.9593300e+02
   4.3319916e+02
   4.5880269e+02
   8.0181955e+02
   6.6725752e+02
   3.5787772e+01
   3.8543963e+02
  -8.6056375e+01
   2.3300132e+02
   5.1070617e+02
   4.5242844e+02
   7.4237754e+02
   4.4217197e+02
   1.9933883e+02
   1.3811863e+02
   7.9345154e+02
   4.7903667e+02
   7.3338448e+01
   2.5843989e+02
   5.5665745e+02
  -7.3356298e+01
   5.4408766e+01
   7.3895984e+02
   7.9163157e+02
   4.0544119e+02
   3.2382067e+02
   2.9586449e+02
   5.8229844e+02
   6.6562908e+02
   5.6830406e+02
  -4.2294531e+01
   7.0859962e+02
  -5.6540721e+01
   2.7795242e+02
   3.2713193e+02
   6.1983673e+02
   4.4347460e+02
   5.8836875e+02
   5.8623500e+02
   3.9577925e+02
   9.9357166e+01
  -6.6936177e+01
   7.1724401e+01
   2.6559211e+01
   4.2549651e+02
  -8.4192180e+01
   2.4949368e+02
   4.3625198e+02
   2.3951373e+02
   4.1837810e+02
   3.0113501e+02
   6.3070169e+02
   4.8545267e+02
   1.2168362e+02
   5.0948879e+02
   4.0974839e+02
   1.3405920e+02
   2.7668316e+02
   4.6173543e+02
   1.9040661e+02
   1.7856628e+02
   7.9762152e+01
   8.0245566e+02
   4.0767716e+02
   1.9635006e+02
   3.9850928e+02
   2.2204553e+02
   3.1759198e+02
  -2.5039315e+00
   4.2316036e+02
   3.1367702e+01
   1.8771154e+02
   7.2565005e+02
   7.0923184e+02
  -1.5029585e+01
   1.9764687e+02
   5.2972152e+02
   6.4509722e+02
   5.9146820e+02
   5.4326837e+02
   4.0246975e+02
   6.1763183e+02
   4.4459088e+02
   3.1571295e+02
   3.5004164e+02
   1.4898269e+02
   4.3182989e+02
   3.1049427e+02
   5.5592535e+02
   7.0775516e+02
  -8.2426856e+01
   8.6019989e+01
   6.9859391e+02
   7.2128772e+02
   7.9277276e+02
   1.7070148e+02
   6.5018389e+02
   6.3305691e+02
   6.6656775e+02
   3.7721445e+02
  -2.0791366e+01
   9.6048398e+01
   5.8411449e+02
   5.2098958e+01
   2.3231589e+02
   9.8167755e+01
   5.6581247e+01
   1.1307221e+02
   7.4496952e+02
   8.0770614e+02
   1.1215923e+02
   7.7650700e+02
   4.7194428e+01
   2.1588703e+02
   4.8325105e+02
   5.0772421e+02
   6.4139650e+01
  -4.2392537e+01
   6.2295817e+02
   6.0169323e+02
   1.8495193e+02
  -4.7339426e+01
   1.4356259e+02
   4.3563725e+02
  -1.4717331e+01
   2.6180574e+02
  -3.7516161e+01
  -5.0351426e+01
   5.4596161e+02
   7.9149298e+02
   8.1465583e+02
   1.9937833e+01
   3.6614285e+02
   1.8221080e+02
   4.1146045e+02
   5.6850264e+02
   6.1640965e+02
   3.7442004e+02
   3.1437628e+02
   1.5447682e+01
   3.3519045e+02
   7.9594276e+02
   6.3055964e+02
   1.4547964e+02
   2.3940140e+02
   3.0462159e+01
   1.3326806e+02
   7.4499582e+02
   6.0552005e+00
   7.4438327e+02
   7.1885538e+02
   4.0176260e+02
   4.4849253e+02
  -8.9430352e+01
   1.6592478e+02
   4.7099561e+01
   6.6958303e+02
   1.9260675e+02
   7.5378176e+02
   5.1315916e+02
   3.2791376e-01
   7.2536701e+02
   7.0185220e+02
   3.0949694e+02
   1.9587616e+02
  -6.5849401e+01
   5.7359383e+02
   7.4938260e+02
   4.8386717e+02
   5.0709694e+02
  -7.0018441e+01
   7.0550635e+02
   4.1639171e+01
   5.1046789e+02
   3.8784555e+02
   1.3735617e+02
   7.5505145e+02
   3.5334103e+01
   7.7640365e+02
   6.6877906e+02
  -5.9007566e+01
   1.3377497e+01
   6.0934463e+02
   1.6144638e+02
   3.4523416e+02
   4.9525262e+02
  -6.7826163e+01
   3.6736966e+02
   4.2218431e+02
   7.8013917e+01
   4.1805880e+02
   7.6172585e+02
   7.0938096e+02
   1.5817872e+02
   7.8998306e+02
   3.5093084e+02
   7.0430265e+02
   6.7373483e+02
   1.2871343e+01
   5.1643617e+02
   6.3010745e+02
   3.8480082e+02
   7.1341618e+01
   4.1595477e+02
   9.2374404e+00
   4.8132610e+02
   3.6341012e+02
   7.3898059e+02
   1.7622679e+02
   1.2939564e+02
   1.3154945e+02
   7.9210021e+02
   1.0695371e+02
   5.2529667e+01
   2.3837511e+02
   2.1520736e+02
  -5.9609759e+01
  -1.3235628e+01
   6.6719215e+02
   5.7080495e+02
   6.9296103e+02
   7.5537260e+02
   8.0679097e+02
   4.4980172e+02
   7.8978895e+02
   2.4346729e+02
   2.3500614e+02
   5.7563711e+02
   7.8659265e+02
   5.0921800e+02
   3.3492954e+02
   5.4395458e+02
   2.9139978e+02
   4.5070151e+02
   5.1666110e+02
   8.0285006e+02
   5.9066090e+02
  -5.4854655e+01
   2.2065146e+02
  -5.6004493e+01
   3.5539530e+02
   8.0716472e+02
   5.7088423e+02
   5.2314756e+02
   6.3766862e+02
   9.5270042e+01
   2.3606931e+02
   2.9901102e+02
  -7.1398135e+01
   7.8141762e+02
   6.1014530e+02
   3.3947480e+02
   4.4098405e+02
   8.0170445e+02
  -3.1730288e+01
   2.6038626e+02
   5.3884018e+02
   3.7832411e+02
   6.1055866e+02
   6.5687170e+02
  -4.2924633e+01
  -5.1288766e+01
   1.5450901e+02
   3.2787039e+02
   6.6729348e+02
   9.0406049e+01
  -6.0357848e+01
   1.3894449e+02
   4.6228951e+02
   5.3007970e+02
   7.7582411e+02
   6.8432432e+02
  -5.5615672e+01
   5.7916197e+02
  -5.4223256e+01
  -8.8298909e+01
   7.2898500e+02
   7.5279190e+02
   5.8348763e+02
   2.0272447e+02
   3.4633602e+02
   3.9112107e+02
   6.3139030e+02
   6.9465462e+02
   6.5795386e+02
   4.1579068e+02
   2.7303593e+02
   1.4149156e+02
   5.5689600e+02
  -6.0168797e+01
   2.9981480e+02
   5.1951624e+02
   1.6377842e+02
   5.4797772e+02
   7.6807139e+02
  -2.6267226e+01
   3.1713291e+01
  -1.1486858e+01
   4.9280972e+02
   2.1547751e+01
   1.8319411e+02
   4.6508300e+02
   7.3656740e+02
   6.7894445e+02
  -1.8319659e+01
   3.8981123e+02
   2.1989768e+02
   3.2313784e+02
   7.7713124e+02
   3.1981764e+02
   2.0413337e+02
   3.4951307e+02
   5.2519787e+02
   7.8396675e+02
   3.4185737e+02
   5.6888358e+02
   3.1107244e+02
  -3.7658443e+01
   6.2271275e+01
   7.5932031e+02
   6.6626055e+02
   7.7216828e+02
   3.7059358e+02
   6.8540673e+02
   6.0087347e+02
   5.5623694e+02
   5.5568573e+02
  -5.2658280e+01
   1.4821243e+02
   1.2493284e+02
   6.9860532e+02
   2.5354943e+01
   3.9279449e+02
   7.4483672e+02
   6.1462297e+02
   2.1992098e+02
   1.9923778e+02
  -9.3356552e+00
  -4.2620146e+01
   1.8435810e+02
   2.7443970e+02
   4.6606991e+02
  -8.6386280e+01
   4.8738973e+02
   7.8574448e+02
   3.8432366e+02
   2.0311360e+02
   7.1765541e+02
   3.9907963e+02
   3.5027164e+02
   3.0477029e+02
   7.0331771e+02
   5.4586484e+02
   4.1606911e+01
   1.6541705e+01
   3.8655452e+02
   1.7388137e+02
   2.4445287e+02
   3.6828272e+02
   3.6894162e+02
   1.9414723e+02
   4.8314245e+02
  -7.0522597e+01
   7.9616278e+02
   5.1877708e+02
   4.2279590e+02
   1.7976892e+02
   4.4027900e+02
   3.6040690e+02
  -1.9472546e+01
   2.1390588e+02
   3.7958468e+01
   6.7199082e+02
   7.6895051e+01
   6.3541442e+02
   6.2254767e+02
   7.3833221e+02
   4.5805410e+02
   6.0414487e+02
   7.8384109e+02
   7.3344083e+02
   2.2096219e+02
  -6.8602048e+01
   4.0945326e+02
   2.7338972e+02
   4.4959890e+02
   7.0106635e+02
   5.5830538e+02
   5.2085274e+02
   6.4467642e+02
   3.1943805e+02
   5.1271786e+01
   5.1680922e+02
   6.7120844e+02
   3.5979492e+02
   7.3255924e+02
   4.5813372e+02
   2.9957089e+01
   2.9349715e+02
   2.6073330e+02
   3.8327541e+02
   4.3819044e+02
   7.0090545e+02
   1.3390261e+01
  -3.3777580e+01
   5.8524557e+02
   4.9545255e+01
   1.7609036e+02
   7.4486474e+02
   4.3260715e+02
   3.6559652e+02
   1.5792578e+02
   2.3547972e+02
   1.1121138e+02
  -7.0903281e+01
   5.9212914e+01
  -6.1406679e+01
   6.8970756e+02
   2.9671944e+02
  -7.5203074e+01
   6.3385290e+02
   6.2834472e+00
   4.4551998e+02
   3.0395000e+02
   1.6243081e+02
   4.2784322e+02
   2.1830855e+02
   8.0980906e+00
   1.7206281e+02
   4.8543260e+02
   1.1866802e+02
   5.1847483e+02
   2.9969661e+02
   2.2660874e+02
  -7.2694954e+01
   5.3294510e+02
   6.8986440e+02
   2.2235874e+02
   8.0193093e+01
   3.2971495e+02
   2.9401668e+01
   1.0682200e+02
   7.0326174e+02
   7.2306611e+02
   5.8103610e+02
   4.5826693e+02
  -9.0898822e+01
   5.6684278e+02
   4.3563124e+02
   4.6056936e+02
   6.7658946e+02
   4.1109078e+02
   5.0049505e+02
   3.3935609e+02
  -1.9397869e+01
   3.7643155e+02
   3.6027717e+01
   2.4283464e+02
   1.2286768e+02
   5.0288056e+02
  -7.3362657e+01
   6.3291536e+01
  -6.0883817e+01
   5.5973324e+02
  -4.1634677e+01
  -7.8121074e+01
  -6.1182949e+01
   6.7889049e+02
   1.1797228e+02
   5.3203294e+01
   2.8943364e+02
   5.9683661e+02
   6.5027524e+02
   6.9324968e+02
   5.4258832e+02
  -6.2080801e+01
   6.3557339e+02
   2.6320713e+02
   2.2319853e+02
   3.4073443e+02
   4.9417739e+02
   6.6166320e+01
  -5.8904091e+01
   5.7304586e+02
   3.6983349e+02
   3.4243927e+02
   6.4405011e+02
   3.0395644e+01
   1.1556199e+02
   2.3001087e+01
  -2.8107131e+01
   6.2270857e+02
   5.8597097e+02
   6.7299798e+02
   2.9967258e+02
   7.8416796e+02
   7.7477283e+02
   7.3517866e+02
   4.3157606e+02
  -9.0365193e+01
   1.9568983e+02
  -7.0640500e+01
  -8.6938462e+01
   7.5432742e+02
   6.4122224e+02
   6.4790846e+02
   2.9251078e+01
  -9.0628178e+01
   1.4519118e+01
   5.2391266e+02
   6.1315243e+02
   8.3193110e+01
   4.3786709e+02
   1.1251183e+01
   4.0161466e+02
   3.8371186e+02
   2.1908475e+02
   1.7929915e+02
   8.5609892e+01
   6.6187236e+02
   4.2815142e+02
   2.1327293e+02
   4.0439247e+02
   1.0077624e+01
   2.6426794e+02
   6.0488189e+02
   7.6375342e+02
   5.8038999e+02
   7.0508333e+02
   5.3071024e+02
   3.3079229e+02
   6.7114568e+02
   7.9666271e+02
   6.8638191e+02
   3.3463964e+02
   3.8866142e+02
   4.0840277e+02
   6.6827304e+02
   5.7307534e+02
   2.1236054e+02
   6.8574223e+02
   1.2619676e+02
   4.0565677e+02
  -3.4436081e+01
   3.0982111e+02
   7.7340178e+02
   5.9743628e+02
   6.9906651e+02
   3.3724502e+02
   2.9708071e+02
  -8.7920834e+01
  -4.1914693e+00
   6.0405531e+02
   7.7678586e+02
  -6.6264095e+00
   7.0018676e+01
   6.5098645e+01
   3.9424737e+02
   4.3445784e+02
   1.4161500e+02
   7.8191330e+02
   1.9095288e+02
   4.8168587e+02
   3.4821218e+02
   9.3983008e+01
   5.3271677e+02
   4.3281412e+02
   6.4269691e+02
   6.0549372e+02
   6.4535695e+02
   6.4759435e+02
   3.0268009e+02
   7.0698118e+02
   1.7256805e+02
  -4.1503824e+01
   7.5305325e+02
   6.2269615e+01
   4.2337551e+02
   2.7835447e+02
   6.9492839e+02
  -1.2234588e+01
   4.7673222e+02
  -1.4768694e-01
   5.5911294e+02
   5.5484361e+02
  -5.4500546e+01
  -1.9422613e+01
   4.3415801e+02
   4.1771780e+02
   6.4666032e+02
   7.7127828e+02
  -4.3892495e+01
   6.4699881e+02
  -7.5490747e+01
   7.0207016e+02
   6.7462064e+02
   7.8276861e+02
   5.3936621e+02
   4.8674436e+02
   7.6036765e+02
   4.9360541e-01
   3.5323258e+02
   3.3216245e+02
   2.9631296e+02
   4.1307534e+02
   6.8032912e+02
   9.8508493e+01
   4.6178601e+02
  -7.4648611e+01
   6.0640484e+02
   3.4496560e+02
   7.9783334e+02
   5.2149278e+02
   5.8075439e+02
   4.0741242e+02
   7.9940892e+02
  -3.9600572e+01
   6.2818194e+02
   2.5239405e+02
   3.8393305e+02
   6.4879886e+02
   1.4605830e+02
   3.5368837e+02
   1.2048232e+02
   5.3874196e+02
   4.1520992e+01
  -7.4593508e+01
  -6.8930201e+01
   1.2755309e+02
  -4.9956051e+01
   1.3978687e+02
  -1.5952818e+01
   1.1358361e+02
   1.2532839e+02
   5.4715154e+02
   1.6336085e+02
   2.3681428e+02
   8.8037637e+01
   8.0647287e+02
   6.6066554e+02
   7.9357948e+02
   7.6120350e+02
  -7.2400697e+01
   6.9099239e+02
   2.5684001e+02
   3.7274739e+02
   6.7602009e+02
   5.2595599e+02
   3.0261917e+02
   1.6522774e+02
   1.5245848e+02
   7.6370502e+02
   5.4921047e+02
   3.4183776e+02
   6.1182562e+02
   8.0425972e+02
   6.4677260e+02
  -7.2189371e+00
   5.9662261e+02
   1.0315568e+02
   1.5143640e+02
   1.2018946e+02
   3.8867852e+02
   4.1159263e+02
   3.8254295e+02
   5.8844046e+01
   4.7186459e+02
  -7.9357252e+01
   1.4068708e+02
   1.9413963e+02
   4.1139749e+02
   3.6443216e+02
   3.7847019e+02
   5.4993993e+02
   3.4868973e+02
   7.3089897e+02
   4.6115852e+02
   1.4109285e+02
   1.6715211e+02
   2.8304559e+02
   5.1466065e+02
   5.8176375e+02
   7.7494384e+02
   5.1910475e+02
   4.8530075e+00
   2.2477846e+02
   9.1090671e+00
   1.8692091e+02
   1.5128516e+02
   7.2521811e+02
   4.1749698e+02
  -1.3009092e+01
   6.5406135e+02
   2.7718950e+02
   6.7982951e+02
  -4.9401579e+01
   7.4879621e+02
  -8.4097723e+01
  -8.4851480e+01
   5.9155313e+02
   8.1481754e+02
   7.9548246e+02
   5.9193137e+02
   4.1483549e+02
   5.2066637e+01
   3.9336745e+02
   2.6795529e+02
   9.6253824e+01
   5.0664384e+02
   1.5202002e+02
   7.6553301e+02
   2.9542669e+02
   4.3217366e+02
   7.6770338e+02
   4.3021909e+02
   5.2622330e+02
   7.5263712e+02
   4.9650967e+02
   7.4748378e+02
   7.2335514e+02
   2.2357839e+02
   4.4971440e+02
   6.4426662e+02
   1.3231939e+02
   1.5148855e+01
   7.7077201e+02
   4.3495740e+02
  -3.9152163e+01
   4.5561922e+02
  -8.8472618e+01
   1.1389777e+02
   5.0559816e+02
  -7.5326947e+01
   7.6019494e+02
   1.5913162e+01
   3.9396987e+02
   6.1337022e+02
  -3.3667436e+01
   2.4488516e+02
   2.2015232e+01
   1.3304975e+02
   5.6024403e+02
   7.7683972e+02
   6.7454399e+02
   4.9266834e+02
   1.4932653e+02
   2.5615550e+02
   9.8804224e+01
   7.4278865e+02
   2.6689437e+02
   7.8345269e+02
   5.7792239e+02
   7.9379196e+02
   2.9080116e+02
   4.6550681e+02
  -1.1520345e+01
   8.1370579e+02
   5.2263996e+02
   5.4396108e+02
   4.1473751e+02
   5.1888948e+02
   1.4449799e+02
   5.2037090e+01
   5.4793169e+02
  -5.7632244e+01
   2.5214609e+02
   4.6777142e+02
   5.4979393e+02
   7.7625028e+02
   2.1474874e+02
   6.6735894e+02
   2.9871695e+02
   4.8106201e+02
   5.4612592e+02
   5.4086288e+01
   3.0242741e+02
   2.1942799e+02
   4.4280497e+02
   2.9444763e+02
   1.3766275e+02
   7.7629428e+01
   1.3403291e+02
   3.2404914e+02
   4.1922644e+02
   1.9165740e+02
   7.7892746e+02
   3.6154951e+02
   4.8787186e+02
   5.7293010e+02
   6.1418535e+02
   5.8484932e+02
   5.3062716e+02
   1.2871927e+02
   6.6147601e+02
   3.1140555e+02
   2.4264266e+02
   4.0881872e+02
   3.0914182e+02
   5.3553351e+02
   9.1794239e+01
   5.5596323e+02
   6.7073808e+02
   3.6502820e+02
   7.6669287e+02
   3.8517684e+02
   3.6791666e+02
   2.0726627e+02
   5.7266850e+02
   4.6853129e+02
  -3.5370351e+01
   3.0703895e+02
   6.1823888e+02
   7.5740794e+02
   5.0494953e+02
   4.7908837e+01
   3.5515026e+02
   2.9981339e+02
   6.7697145e+02
   1.6312409e+01
   7.1868049e+02
   7.5703227e+01
  -1.5381366e+00
  -6.5853375e+01
   3.1366751e+02
   3.5058764e+02
   3.2295589e+02
  -7.3996317e+01
   4.2930326e+02
   8.9459938e+01
   1.9309415e+02
   5.7833215e+02
   4.3879591e+02
   1.6791886e+02
   7.2840027e+02
   2.0334315e+02
   6.3565555e+02
  -5.7498880e+01
   4.1487153e+02
   3.6258935e+02
   7.0248231e+01
   7.6445364e+02
   3.3819658e+02
   6.1408835e+02
   6.4111272e+01
   6.4056674e+02
   1.1705540e+02
   7.1312641e+02
   2.4479599e+02
   1.2221362e+02
   3.8767799e+02
   5.9453900e+02
   4.4731401e+02
   8.0521208e+02
   5.6129887e+02
   1.9160101e+02
   6.5411094e+02
   6.6318526e+02
   4.8572852e+02
   1.7063386e+02
   1.2190380e+02
   4.7586866e+02
   5.2367204e+02
   5.5669772e+02
   7.3473127e+02
   6.1476711e+02
   5.1039881e+01
   1.4851242e+02
   2.1717688e+02
   6.6571173e+02
   5.8421093e+02
   4.0441242e+02
   5.3650786e+02
   2.6179450e+02
  -7.7377904e+01
   3.3848056e+02
   4.9711166e+02
   4.5175901e+02
   8.8019501e+01
   1.8869799e+02
  -1.2836521e+01
   1.7448937e+01
   6.9699128e+02
   3.3539005e+02
  -2.8536006e+01
   3.7435459e+02
  -1.4321665e+01
   4.2785993e+02
   8.1747235e+01
  -8.4002546e+00
   2.1145854e+02
   5.0971585e+01
   3.0611349e+02
   7.4664053e+02
   2.8737452e+02
   5.8863139e+02
   6.4110832e+02
   6.2381346e+02
   4.2760129e+02
  -3.8078542e+01
   1.7819063e+02
   1.2543815e+02
   2.5980423e+02
   2.9598992e+02
   7.6427562e+02
   7.3817239e+02
   4.2451260e+02
   5.1512277e+02
   7.5614822e+01
   2.6554317e+02
   5.4111368e+02
   2.1413258e+02
   4.7124596e+02
   1.0800635e+02
   5.9365691e+02
   7.9681042e+02
   5.1306749e+02
   3.4590799e+02
   4.5169282e+02
   5.0406302e+01
   8.0494722e+02
   4.3809371e+02
   1.3931849e+02
   7.8781853e+02
   2.0364782e+02
  -7.8493231e+01
   8.5628433e+01
   1.1315604e+02
   3.6716594e+02
   7.9271144e+02
   4.1620972e+02
   4.2517997e+02
   5.2929459e+02
   4.2438480e+02
   2.3734270e+01
   5.6949561e+02
  -4.2752881e+01
   6.8511445e+02
   5.5925775e+02
   7.5721242e+02
   3.3080060e+02
  -9.2350974e+01
   4.2382411e+02
   5.7092342e+02
   3.3496623e+02
   3.3587026e+01
   7.5870088e+02
   6.2444489e+02
   6.4250187e+01
   6.9871947e+01
   6.4785342e+02
   4.6129916e+02
   6.5946090e+02
   7.5042759e+02
   4.3089223e+02
   3.6828656e+02
   4.7406259e+02
   1.0448749e+02
  -8.6113417e+01
   8.6720315e+01
   4.8996383e+02
   5.0040904e+02
   7.5834706e+02
   3.8200729e+02
   3.3065849e+02
   1.4214366e+02
   2.8795796e+02
   4.5211721e+02
   6.8147415e+02
   2.4770728e+02
   6.0779074e+02
  -6.5786996e+01
   5.2233313e+02
   6.2596977e+02
   8.0319765e+02
   1.0737192e+02
   5.5296136e-01
   5.1684429e+02
   1.4062574e+02
   2.2370552e+01
  -2.1463678e+01
   7.7679596e+02
   4.0781016e+02
   5.8403187e+02
   6.8411857e+02
   3.5379638e+02
   4.2344302e+02
   4.2828584e+02
   1.1925397e+02
   7.5005018e+02
   1.4984196e+02
   6.0841602e+02
   1.0120423e+01
   4.2349027e+02
  -7.7981828e+01
   3.1938852e+02
   7.6128189e+02
   1.2754463e+02
   5.4385314e+02
   6.0113355e+02
   5.8631941e+02
   7.9593300e+02
   4.3319916e+02
   4.5880269e+02
   8.0181955e+02
   6.6725752e+02
   3.5787772e+01
   3.8543963e+02
  -8.6056375e+01
   2.3300132e+02
   5.1070617e+02
   4.5242844e+02
   7.4237754e+02
   4.4217197e+02
   1.9933883e+02
   1.3811863e+02
   7.9345154e+02
   4.7903667e+02
   7.3338448e+01
   2.5843989e+02
   5.5665745e+02
  -7.3356298e+01
   5.4408766e+01
   7.3895984e+02
   7.9163157e+02
   4.0544119e+02
   3.2382067e+02
   2.9586449e+02
   5.8229844e+02
   6.6562908e+02
   5.6830406e+02
  -4.2294531e+01
   7.0859962e+02
  -5.6540721e+01
   2.7795242e+02
   3.2713193e+02
   6.1983673e+02
   4.4347460e+02
   5.8836875e+02
   5.8623500e+02
   3.9577925e+02
   9.9357166e+01
  -6.6936177e+01
   7.1724401e+01
   2.6559211e+01
   4.2549651e+02
  -8.4192180e+01
   2.4949368e+02
   4.3625198e+02
   2.3951373e+02
   4.1837810e+02
   3.0113501e+02
   6.3070169e+02
   4.8545267e+02
   1.2168362e+02
   5.0948879e+02
   4.0974839e+02
   1.3405920e+02
   2.7668316e+02
   4.6173543e+02
   1.9040661e+02
   1.7856628e+02
   7.9762152e+01
   8.0245566e+02
   4.0767716e+02
   1.9635006e+02
   3.9850928e+02
   2.2204553e+02
   3.1759198e+02
  -2.5039315e+00
   4.2316036e+02
   3.1367702e+01
   1.8771154e+02
   7.2565005e+02
   7.0923184e+02
  -1.5029585e+01
   1.9764687e+02
   5.2972152e+02
   6.4509722e+02
   5.9146820e+02
   5.4326837e+02
   4.0246975e+02
   6.1763183e+02
   4.4459088e+02
   3.1571295e+02
   3.5004164e+02
   1.4898269e+02
   4.3182989e+02
   3.1049427e+02
   5.5592535e+02
   7.0775516e+02
  -8.2426856e+01
   8.6019989e+01
   6.9859391e+02
   7.2128772e+02
   7.9277276e+02
   1.7070148e+02
   6.5018389e+02
   6.3305691e+02
   6.6656775e+02
   3.7721445e+02
  -2.0791366e+01
   9.6048398e+01
   5.8411449e+02
   5.2098958e+01
   2.3231589e+02
   9.8167755e+01
   5.6581247e+01
   1.1307221e+02
   7.4496952e+02
   8.0770614e+02
   1.1215923e+02
   7.7650700e+02
   4.7194428e+01
   2.1588703e+02
   4.8325105e+02
   5.0772421e+02
   6.4139650e+01
  -4.2392537e+01
   6.2295817e+02
   6.0169323e+02
   1.8495193e+02
  -4.7339426e+01
   1.4356259e+02
   4.3563725e+02
  -1.4717331e+01
   2.6180574e+02
  -3.7516161e+01
  -5.0351426e+01
   5.4596161e+02
   7.9149298e+02
   8.1465583e+02
   1.9937833e+01
   3.6614285e+02
   1.8221080e+02
   4.1146045e+02
   5.6850264e+02
   6.1640965e+02
   3.7442004e+02
   3.1437628e+02
   1.5447682e+01
   3.3519045e+02
   7.9594276e+02
   6.3055964e+02
   1.4547964e+02
   2.3940140e+02
   3.0462159e+01
   1.3326806e+02
   7.4499582e+02
   6.0552005e+00
   7.4438327e+02
   7.1885538e+02
   4.0176260e+02
   4.4849253e+02
  -8.9430352e+01
   1.6592478e+02
   4.7099561e+01
   6.6958303e+02
   1.9260675e+02
   7.5378176e+02
   5.1315916e+02
   3.2791376e-01
   7.2536701e+02
   7.0185220e+02
   3.0949694e+02
   1.9587616e+02
  -6.5849401e+01
   5.7359383e+02
   7.4938260e+02
   4.8386717e+02
   5.0709694e+02
  -7.0018441e+01
   7.0550635e+02
   4.1639171e+01
   5.1046789e+02
   3.8784555e+02
   1.3735617e+02
   7.5505145e+02
   3.5334103e+01
   7.7640365e+02
   6.6877906e+02
  -5.9007566e+01
   1.3377497e+01
   6.0934463e+02
   1.6144638e+02
   3.4523416e+02
   4.9525262e+02
  -6.7826163e+01
   3.6736966e+02
   4.2218431e+02
   7.8013917e+01
   4.1805880e+02
   7.6172585e+02
   7.0938096e+02
   1.5817872e+02
   7.8998306e+02
   3.5093084e+02
   7.0430265e+02
   6.7373483e+02
   1.2871343e+01
   5.1643617e+02
   6.3010745e+02
   3.8480082e+02
   7.1341618e+01
   4.1595477e+02
   9.2374404e+00
   4.8132610e+02
   3.6341012e+02
   7.3898059e+02
   1.7622679e+02
   1.2939564e+02
   1.3154945e+02
   7.9210021e+02
   1.0695371e+02
   5.2529667e+01
   2.3837511e+02
   2.1520736e+02
  -5.9609759e+01
  -1.3235628e+01
   6.6719215e+02
   5.7080495e+02
   6.9296103e+02
   7.5537260e+02
   8.0679097e+02
   4.4980172e+02
   7.8978895e+02
   2.4346729e+02
   2.3500614e+02
   5.7563711e+02
   7.8659265e+02
   5.0921800e+02
   3.3492954e+02
   5.4395458e+02
   2.9139978e+02
   4.5070151e+02
   5.1666110e+02
   8.0285006e+02
   5.9066090e+02
  -5.4854655e+01
   2.2065146e+02
  -5.6004493e+01
   3.5539530e+02
   8.0716472e+02
   5.7088423e+02
   5.2314756e+02
   6.3766862e+02
   9.5270042e+01
   2.3606931e+02
   2.9901102e+02
  -7.1398135e+01
   7.8141762e+02
   6.1014530e+02
   3.3947480e+02
   4.4098405e+02
   8.0170445e+02
  -3.1730288e+01
   2.6038626e+02
   5.3884018e+02
   3.7832411e+02
   6.1055866e+02
   6.5687170e+02
  -4.2924633e+01
  -5.1288766e+01
   1.5450901e+02
   3.2787039e+02
   6.6729348e+02
   9.0406049e+01
  -6.0357848e+01
   1.3894449e+02
   4.6228951e+02
   5.3007970e+02
   7.7582411e+02
   6.8432432e+02
  -5.5615672e+01
   5.7916197e+02
  -5.4223256e+01
  -8.8298909e+01
   7.2898500e+02
   7.5279190e+02
   5.8348763e+02
   2.0272447e+02
   3.4633602e+02
   3.9112107e+02
   6.3139030e+02
   6.9465462e+02
   6.5795386e+02
   4.1579068e+02
   2.7303593e+02
   1.4149156e+02
   5.5689600e+02
  -6.0168797e+01
   2.9981480e+02
   5.1951624e+02
   1.6377842e+02
   5.4797772e+02
   7.6807139e+02
  -2.6267226e+01
   3.1713291e+01
  -1.1486858e+01
   4.9280972e+02
   2.1547751e+01
   1.8319411e+02
   4.6508300e+02
   7.3656740e+02
   6.7894445e+02
  -1.8319659e+01
   3.8981123e+02
   2.1989768e+02
   3.2313784e+02
   7.7713124e+02
   3.1981764e+02
   2.0413337e+02
   3.4951307e+02
   5.2519787e+02
   7.8396675e+02
   3.4185737e+02
   5.6888358e+02
   3.1107244e+02
  -3.7658443e+01
   6.2271275e+01
   7.5932031e+02
   6.6626055e+02
   7.7216828e+02
   3.7059358e+02
   6.8540673e+02
   6.0087347e+02
   5.5623694e+02
   5.5568573e+02
  -5.2658280e+01
   1.4821243e+02
   1.2493284e+02
   6.9860532e+02
   2.5354943e+01
   3.9279449e+02
   7.4483672e+02
   6.1462297e+02
   2.1992098e+02
   1.9923778e+02
  -9.3356552e+00
  -4.2620146e+01
   1.8435810e+02
   2.7443970e+02
   4.6606991e+02
  -8.6386280e+01
   4.8738973e+02
   7.8574448e+02
   3.8432366e+02
   2.0311360e+02
   7.1765541e+02
   3.9907963e+02
   3.5027164e+02
   3.0477029e+02
   7.0331771e+02
   5.4586484e+02
   4.1606911e+01
   1.6541705e+01
   3.8655452e+02
   1.7388137e+02
   2.4445287e+02
   3.6828272e+02
   3.6894162e+02
   1.9414723e+02
   4.8314245e+02
  -7.0522597e+01
   7.9616278e+02
   5.1877708e+02
   4.2279590e+02
   1.7976892e+02
   4.4027900e+02
   3.6040690e+02
  -1.9472546e+01
   2.1390588e+02
   3.7958468e+01
   6.7199082e+02
   7.6895051e+01
   6.3541442e+02
   6.2254767e+02
   7.3833221e+02
   4.5805410e+02
   6.0414487e+02
   7.8384109e+02
   7.3344083e+02
   2.2096219e+02
  -6.8602048e+01
   4.0945326e+02
   2.7338972e+02
   4.4959890e+02
   7.0106635e+02
   5.5830538e+02
   5.2085274e+02
   6.4467642e+02
   3.1943805e+02
   5.1271786e+01
   5.1680922e+02
   6.7120844e+02
   3.5979492e+02
   7.3255924e+02
   4.5813372e+02
   2.9957089e+01
   2.9349715e+02
   2.6073330e+02
   3.8327541e+02
   4.3819044e+02
   7.0090545e+02
   1.3390261e+01
  -3.3777580e+01
   5.8524557e+02
   4.9545255e+01
   1.7609036e+02
   7.4486474e+02
   4.3260715e+02
   3.6559652e+02
   1.5792578e+02
   2.3547972e+02
   1.1121138e+02
  -7.0903281e+01
   5.9212914e+01
  -6.1406679e+01
   6.8970756e+02
   2.9671944e+02
  -7.5203074e+01
   6.3385290e+02
   6.2834472e+00
   4.4551998e+02
   3.0395000e+02
   1.6243081e+02
   4.2784322e+02
   2.1830855e+02
   8.0980906e+00
   1.7206281e+02
   4.8543260e+02
   1.1866802e+02
   5.1847483e+02
   2.9969661e+02
   2.2660874e+02
  -7.2694954e+01
   5.3294510e+02
   6.8986440e+02
   2.2235874e+02
   8.0193093e+01
   3.2971495e+02
   2.9401668e+01
   1.0682200e+02
   7.0326174e+02
   7.2306611e+02
   5.8103610e+02
   4.5826693e+02
  -9.0898822e+01
   5.6684278e+02
   4.3563124e+02
   4.6056936e+02
   6.7658946e+02
   4.1109078e+02
   5.0049505e+02
   3.3935609e+02
  -1.9397869e+01
   3.7643155e+02
   3.6027717e+01
   2.4283464e+02
   1.2286768e+02
   5.0288056e+02
  -7.3362657e+01
   6.3291536e+01
  -6.0883817e+01
   5.5973324e+02
  -4.1634677e+01
  -7.8121074e+01
  -6.1182949e+01
   6.7889049e+02
   1.1797228e+02
   5.3203294e+01
   2.8943364e+02
   5.9683661e+02
   6.5027524e+02
   6.9324968e+02
   5.4258832e+02
  -6.2080801e+01
   6.3557339e+02
   2.6320713e+02
   2.2319853e+02
   3.4073443e+02
   4.9417739e+02
   6.6166320e+01
  -5.8904091e+01
   5.7304586e+02
   3.6983349e+02
   3.4243927e+02
   6.4405011e+02
   3.0395644e+01
   1.1556199e+02
   2.3001087e+01
  -2.8107131e+01
   6.2270857e+02
   5.8597097e+02
   6.7299798e+02
   2.9967258e+02
   7.8416796e+02
   7.7477283e+02
   7.3517866e+02
   4.3157606e+02
  -9.0365193e+01
   1.9568983e+02
  -7.0640500e+01
  -8.6938462e+01
   7.5432742e+02
   6.4122224e+02
   6.4790846e+02
   2.9251078e+01
  -9.0628178e+01
   1.4519118e+01
   5.2391266e+02
   6.1315243e+02
   8.3193110e+01
   4.3786709e+02
   1.1251183e+01
   4.0161466e+02
   3.8371186e+02
   2.1908475e+02
   1.7929915e+02
   8.5609892e+01
   6.6187236e+02
   4.2815142e+02
   2.1327293e+02
   4.0439247e+02
   1.0077624e+01
   2.6426794e+02
   6.0488189e+02
   7.6375342e+02
   5.8038999e+02
   7.0508333e+02
   5.3071024e+02
   3.3079229e+02
   6.7114568e+02
   7.9666271e+02
   6.8638191e+02
   3.3463964e+02
   3.8866142e+02
   4.0840277e+02
   6.6827304e+02
   5.7307534e+02
   2.1236054e+02
   6.8574223e+02
   1.2619676e+02
   4.0565677e+02
  -3.4436081e+01
   3.0982111e+02
   7.7340178e+02
   5.9743628e+02
   6.9906651e+02
   3.3724502e+02
   2.9708071e+02
  -8.7920834e+01
  -4.1914693e+00
   6.0405531e+02
   7.7678586e+02
  -6.6264095e+00
   7.0018676e+01
   6.5098645e+01
   3.9424737e+02
   4.3445784e+02
   1.4161500e+02
   7.8191330e+02
   1.9095288e+02
   4.8168587e+02
   3.4821218e+02
   9.3983008e+01
   5.3271677e+02
   4.3281412e+02
   6.4269691e+02
   6.0549372e+02
   6.4535695e+02
   6.4759435e+02
   3.0268009e+02
   7.0698118e+02
   1.7256805e+02
  -4.1503824e+01
   7.5305325e+02
   6.2269615e+01
   4.2337551e+02
   2.7835447e+02
   6.9492839e+02
  -1.2234588e+01
   4.7673222e+02
  -1.4768694e-01
   5.5911294e+02
   5.5484361e+02
  -5.4500546e+01
  -1.9422613e+01
   4.3415801e+02
   4.1771780e+02
   6.4666032e+02
   7.7127828e+02
  -4.3892495e+01
   6.4699881e+02
  -7.5490747e+01
   7.0207016e+02
   6.7462064e+02
   7.8276861e+02
   5.3936621e+02
   4.8674436e+02
   7.6036765e+02
   4.9360541e-01
   3.5323258e+02
   3.3216245e+02
   2.9631296e+02
   4.1307534e+02
   6.8032912e+02
   9.8508493e+01
   4.6178601e+02
  -7.4648611e+01
   6.0640484e+02
   3.4496560e+02
   7.9783334e+02
   5.2149278e+02
   5.8075439e+02
   4.0741242e+02
   7.9940892e+02
  -3.9600572e+01
   6.2818194e+02
   2.5239405e+02
   3.8393305e+02
   6.4879886e+02
   1.4605830e+02
   3.5368837e+02
   1.2048232e+02
   5.3874196e+02
   4.1520992e+01
  -7.4593508e+01
  -6.8930201e+01
   1.2755309e+02
  -4.9956051e+01
   1.3978687e+02
  -1.5952818e+01
   1.1358361e+02
   1.2532839e+02
   5.4715154e+02
   1.6336085e+02
   2.3681428e+02
   8.8037637e+01
   8.0647287e+02
   6.6066554e+02
   7.9357948e+02
   7.6120350e+02
  -7.2400697e+01
   6.9099239e+02
   2.5684001e+02
   3.7274739e+02
   6.7602009e+02
   5.2595599e+02
   3.0261917e+02
   1.6522774e+02
   1.5245848e+02
   7.6370502e+02
   5.4921047e+02
   3.4183776e+02
   6.1182562e+02
   8.0425972e+02
   6.4677260e+02
  -7.2189371e+00
   5.9662261e+02
   1.0315568e+02
   1.5143640e+02
   1.2018946e+02
   3.8867852e+02
   4.1159263e+02
   3.8254295e+02
   5.8844046e+01
   4.7186459e+02
  -7.9357252e+01
   1.4068708e+02
   1.9413963e+02
   4.1139749e+02
   3.6443216e+02
   3.7847019e+02
   5.4993993e+02
   3.4868973e+02
   7.3089897e+02
   4.6115852e+02
   1.4109285e+02
   1.6715211e+02
   2.8304559e+02
   5.1466065e+02
   5.8176375e+02
   7.7494384e+02
   5.1910475e+02
   4.8530075e+00
   2.2477846e+02
   9.1090671e+00
   1.8692091e+02
   1.5128516e+02
   7.2521811e+02
   4.1749698e+02
  -1.3009092e+01
   6.5406135e+02
   2.7718950e+02
   6.7982951e+02
  -4.9401579e+01
   7.4879621e+02
  -8.4097723e+01
  -8.4851480e+01
   5.9155313e+02
   8.1481754e+02
   7.9548246e+02
   5.9193137e+02
   4.1483549e+02
   5.2066637e+01
   3.9336745e+02
   2.6795529e+02
   9.6253824e+01
   5.0664384e+02
   1.5202002e+02
   7.6553301e+02
   2.9542669e+02
   4.3217366e+02
   7.6770338e+02
   4.3021909e+02
   5.2622330e+02
   7.5263712e+02
   4.9650967e+02
   7.4748378e+02
   7.2335514e+02
   2.2357839e+02
   4.4971440e+02
   6.4426662e+02
   1.3231939e+02
   1.5148855e+01
   7.7077201e+02
   4.3495740e+02
  -3.9152163e+01
   4.5561922e+02
  -8.8472618e+01
   1.1389777e+02
   5.0559816e+02
  -7.5326947e+01
   7.6019494e+02
   1.5913162e+01
   3.9396987e+02
   6.1337022e+02
  -3.3667436e+01
   2.4488516e+02
   2.2015232e+01
   1.3304975e+02
   5.6024403e+02
   7.7683972e+02
   6.7454399e+02
   4.9266834e+02
   1.4932653e+02
   2.5615550e+02
   9.8804224e+01
   7.4278865e+02
   2.6689437e+02
   7.8345269e+02
   5.7792239e+02
   7.9379196e+02
   2.9080116e+02
   4.6550681e+02
  -1.1520345e+01
   8.1370579e+02
   5.2263996e+02
   5.4396108e+02
   4.1473751e+02
   5.1888948e+02
   1.4449799e+02
   5.2037090e+01
   5.4793169e+02
  -5.7632244e+01
   2.5214609e+02
   4.6777142e+02
   5.4979393e+02
   7.7625028e+02
   2.1474874e+02
   6.6735894e+02
   2.9871695e+02
   4.8106201e+02
   5.4612592e+02
   5.4086288e+01
   3.0242741e+02
   2.1942799e+02
   4.4280497e+02
   2.9444763e+02
   1.3766275e+02
   7.7629428e+01
   1.3403291e+02
   3.2404914e+02
   4.1922644e+02
   1.9165740e+02
   7.7892746e+02
   3.6154951e+02
   4.8787186e+02
   5.7293010e+02
   6.1418535e+02
   5.8484932e+02
   5.3062716e+02
   1.2871927e+02
   6.6147601e+02
   3.1140555e+02
   2.4264266e+02
   4.0881872e+02
   3.0914182e+02
   5.3553351e+02
   9.1794239e+01
   5.5596323e+02
   6.7073808e+02
   3.6502820e+02
   7.6669287e+02
   3.8517684e+02
   3.6791666e+02
   2.0726627e+02
   5.7266850e+02
   4.6853129e+02
  -3.5370351e+01
   3.0703895e+02
   6.1823888e+02
   7.5740794e+02
   5.0494953e+02
   4.7908837e+01
   3.5515026e+02
   2.9981339e+02
   6.7697145e+02
   1.6312409e+01
   7.1868049e+02
   7.5703227e+01
  -1.5381366e+00
  -6.5853375e+01
   3.1366751e+02
   3.5058764e+02
   3.2295589e+02
  -7.3996317e+01
   4.2930326e+02
   8.9459938e+01
   1.9309415e+02
   5.7833215e+02
   4.3879591e+02
   1.6791886e+02
   7.2840027e+02
   2.0334315e+02
   6.3565555e+02
  -5.7498880e+01
   4.1487153e+02
   3.6258935e+02
   7.0248231e+01
   7.6445364e+02
   3.3819658e+02
   6.1408835e+02
   6.4111272e+01
   6.4056674e+02
   1.1705540e+02
   7.1312641e+02
   2.4479599e+02
   1.2221362e+02
   3.8767799e+02
   5.9453900e+02
   4.4731401e+02
   8.0521208e+02
   5.6129887e+02
   1.9160101e+02
   6.5411094e+02
   6.6318526e+02
   4.8572852e+02
   1.7063386e+02
   1.2190380e+02
   4.7586866e+02
   5.2367204e+02
   5.5669772e+02
   7.3473127e+02
   6.1476711e+02
   5.1039881e+01
   1.4851242e+02
   2.1717688e+02
   6.6571173e+02
   5.8421093e+02
   4.0441242e+02
   5.3650786e+02
   2.6179450e+02
  -7.7377904e+01
   3.3848056e+02
   4.9711166e+02
   4.5175901e+02
   8.8019501e+01
   1.8869799e+02
  -1.2836521e+01
   1.7448937e+01
   6.9699128e+02
   3.3539005e+02
  -2.8536006e+01
   3.7435459e+02
  -1.4321665e+01
   4.2785993e+02
   8.1747235e+01
  -8.4002546e+00
   2.1145854e+02
   5.0971585e+01
   3.0611349e+02
   7.4664053e+02
   2.8737452e+02
   5.8863139e+02
   6.4110832e+02
   6.2381346e+02
   4.2760129e+02
  -3.8078542e+01
   1.7819063e+02
   1.2543815e+02
   2.5980423e+02
   2.9598992e+02
   7.6427562e+02
   7.3817239e+02
   4.2451260e+02
   5.1512277e+02
   7.5614822e+01
   2.6554317e+02
   5.4111368e+02
   2.1413258e+02
   4.7124596e+02
   1.0800635e+02
   5.9365691e+02
   7.9681042e+02
   5.1306749e+02
   3.4590799e+02
   4.5169282e+02
   5.0406302e+01
   8.0494722e+02
   4.3809371e+02
   1.3931849e+02
   7.8781853e+02
   2.0364782e+02
  -7.8493231e+01
   8.5628433e+01
   1.1315604e+02
   3.6716594e+02
   7.9271144e+02
   4.1620972e+02
   4.2517997e+02
   5.2929459e+02
   4.2438480e+02
   2.3734270e+01
   5.6949561e+02
  -4.2752881e+01
   6.8511445e+02
   5.5925775e+02
   7.5721242e+02
   3.3080060e+02
  -9.2350974e+01
   4.2382411e+02
   5.7092342e+02
   3.3496623e+02
   3.3587026e+01
   7.5870088e+02
   6.2444489e+02
   6.4250187e+01
   6.9871947e+01
   6.4785342e+02
   4.6129916e+02
   6.5946090e+02
   7.5042759e+02
   4.3089223e+02
   3.6828656e+02
   4.7406259e+02
   1.0448749e+02
  -8.6113417e+01
   8.6720315e+01
   4.8996383e+02
   5.0040904e+02
   7.5834706e+02
   3.8200729e+02
   3.3065849e+02
   1.4214366e+02
   2.8795796e+02
   4.5211721e+02
   6.8147415e+02
   2.4770728e+02
   6.0779074e+02
  -6.5786996e+01
   5.2233313e+02
   6.2596977e+02
   8.0319765e+02
   1.0737192e+02
   5.5296136e-01
   5.1684429e+02
   1.4062574e+02
   2.2370552e+01
  -2.1463678e+01
   7.7679596e+02
   4.0781016e+02
   5.8403187e+02
   6.8411857e+02
   3.5379638e+02
   4.2344302e+02
   4.2828584e+02
   1.1925397e+02
   7.5005018e+02
   1.4984196e+02
   6.0841602e+02
   1.0120423e+01
   4.2349027e+02
  -7.7981828e+01
   3.1938852e+02
   7.6128189e+02
   1.2754463e+02
   5.4385314e+02
   6.0113355e+02
   5.8631941e+02
   7.9593300e+02
   4.3319916e+02
   4.5880269e+02
   8.0181955e+02
   6.6725752e+02
   3.5787772e+01
   3.8543963e+02
  -8.6056375e+01
   2.3300132e+02
   5.1070617e+02
   4.5242844e+02
   7.4237754e+02
   4.4217197e+02
   1.9933883e+02
   1.3811863e+02
   7.9345154e+02
   4.7903667e+02
   7.3338448e+01
   2.5843989e+02
   5.5665745e+02
  -7.3356298e+01
   5.4408766e+01
   7.3895984e+02
   7.9163157e+02
   4.0544119e+02
   3.2382067e+02
   2.9586449e+02
   5.8229844e+02
   6.6562908e+02
   5.6830406e+02
  -4.2294531e+01
   7.0859962e+02
  -5.6540721e+01
   2.7795242e+02
   3.2713193e+02
   6.1983673e+02
   4.4347460e+02
   5.8836875e+02
   5.8623500e+02
   3.9577925e+02
   9.9357166e+01
  -6.6936177e+01
   7.1724401e+01
   2.6559211e+01
   4.2549651e+02
  -8.4192180e+01
   2.4949368e+02
   4.3625198e+02
   2.3951373e+02
   4.1837810e+02
   3.0113501e+02
   6.3070169e+02
   4.8545267e+02
   1.2168362e+02
   5.0948879e+02
   4.0974839e+02
   1.3405920e+02
   2.7668316e+02
   4.6173543e+02
   1.9040661e+02
   1.7856628e+02
   7.9762152e+01
   8.0245566e+02
   4.0767716e+02
   1.9635006e+02
   3.9850928e+02
   2.2204553e+02
   3.1759198e+02
  -2.5039315e+00
   4.2316036e+02
   3.1367702e+01
   1.8771154e+02
   7.2565005e+02
   7.0923184e+02
  -1.5029585e+01
   1.9764687e+02
   5.2972152e+02
   6.4509722e+02
   5.9146820e+02
   5.4326837e+02
   4.0246975e+02
   6.1763183e+02
   4.4459088e+02
   3.1571295e+02
   3.5004164e+02
   1.4898269e+02
   4.3182989e+02
   3.1049427e+02
   5.5592535e+02
   7.0775516e+02
  -8.2426856e+01
   8.6019989e+01
   6.9859391e+02
   7.2128772e+02
   7.9277276e+02
   1.7070148e+02
   6.5018389e+02
   6.3305691e+02
   6.6656775e+02
   3.7721445e+02
  -2.0791366e+01
   9.6048398e+01
   5.8411449e+02
   5.2098958e+01
   2.3231589e+02
   9.8167755e+01
   5.6581247e+01
   1.1307221e+02
   7.4496952e+02
   8.0770614e+02
   1.1215923e+02
   7.7650700e+02
   4.7194428e+01
   2.1588703e+02
   4.8325105e+02
   5.0772421e+02
   6.4139650e+01
  -4.2392537e+01
   6.2295817e+02
   6.0169323e+02
   1.8495193e+02
  -4.7339426e+01
   1.4356259e+02
   4.3563725e+02
  -1.4717331e+01
   2.6180574e+02
  -3.7516161e+01
  -5.0351426e+01
   5.4596161e+02
   7.9149298e+02
   8.1465583e+02
   1.9937833e+01
   3.6614285e+02
   1.8221080e+02
   4.1146045e+02
   5.6850264e+02
   6.1640965e+02
   3.7442004e+02
   3.1437628e+02
   1.5447682e+01
   3.3519045e+02
   7.9594276e+02
   6.3055964e+02
   1.4547964e+02
   2.3940140e+02
   3.0462159e+01
   1.3326806e+02
   7.4499582e+02
   6.0552005e+00
   7.4438327e+02
   7.1885538e+02
   4.0176260e+02
   4.4849253e+02
  -8.9430352e+01
   1.6592478e+02
   4.7099561e+01
   6.6958303e+02
   1.9260675e+02
   7.5378176e+02
   5.1315916e+02
   3.2791376e-01
   7.2536701e+02
   7.0185220e+02
   3.0949694e+02
   1.9587616e+02
  -6.5849401e+01
   5.7359383e+02
   7.4938260e+02
   4.8386717e+02
   5.0709694e+02
  -7.0018441e+01
   7.0550635e+02
   4.1639171e+01
   5.1046789e+02
   3.8784555e+02
   1.3735617e+02
   7.5505145e+02
   3.5334103e+01
   7.7640365e+02
   6.6877906e+02
  -5.9007566e+01
   1.3377497e+01
   6.0934463e+02
   1.6144638e+02
   3.4523416e+02
   4.9525262e+02
  -6.7826163e+01
   3.6736966e+02
   4.2218431e+02
   7.8013917e+01
   4.1805880e+02
   7.6172585e+02
   7.0938096e+02
   1.5817872e+02
   7.8998306e+02
   3.5093084e+02
   7.0430265e+02
   6.7373483e+02
   1.2871343e+01
   5.1643617e+02
   6.3010745e+02
   3.8480082e+02
   7.1341618e+01
   4.1595477e+02
   9.2374404e+00
   4.8132610e+02
   3.6341012e+02
   7.3898059e+02
   1.7622679e+02
   1.2939564e+02
   1.3154945e+02
   7.9210021e+02
   1.0695371e+02
   5.2529667e+01
   2.3837511e+02
   2.1520736e+02
  -5.9609759e+01
  -1.3235628e+01
   6.6719215e+02
   5.7080495e+02
   6.9296103e+02
   7.5537260e+02
   8.0679097e+02
   4.4980172e+02
   7.8978895e+02
   2.4346729e+02
   2.3500614e+02
   5.7563711e+02
   7.8659265e+02
   5.0921800e+02
   3.3492954e+02
   5.4395458e+02
   2.9139978e+02
   4.5070151e+02
   5.1666110e+02
   8.0285006e+02
   5.9066090e+02
  -5.4854655e+01
   2.2065146e+02
  -5.6004493e+01
   3.5539530e+02
   8.0716472e+02
   5.7088423e+02
   5.2314756e+02
   6.3766862e+02
   9.5270042e+01
   2.3606931e+02
   2.9901102e+02
  -7.1398135e+01
   7.8141762e+02
   6.1014530e+02
   3.3947480e+02
   4.4098405e+02
   8.0170445e+02
  -3.1730288e+01
   2.6038626e+02
   5.3884018e+02
   3.7832411e+02
   6.1055866e+02
   6.5687170e+02
  -4.2924633e+01
  -5.1288766e+01
   1.5450901e+02
   3.2787039e+02
   6.6729348e+02
   9.0406049e+01
  -6.0357848e+01
   1.3894449e+02
   4.6228951e+02
   5.3007970e+02
   7.7582411e+02
   6.8432432e+02
  -5.5615672e+01
   5.7916197e+02
  -5.4223256e+01
  -8.8298909e+01
   7.2898500e+02
   7.5279190e+02
   5.8348763e+02
   2.0272447e+02
   3.4633602e+02
   3.9112107e+02
   6.3139030e+02
   6.9465462e+02
   6.5795386e+02
   4.1579068e+02
   2.7303593e+02
   1.4149156e+02
   5.5689600e+02
  -6.0168797e+01
   2.9981480e+02
   5.1951624e+02
   1.6377842e+02
   5.4797772e+02
   7.6807139e+02
  -2.6267226e+01
   3.1713291e+01
  -1.1486858e+01
   4.9280972e+02
   2.1547751e+01
   1.8319411e+02
   4.6508300e+02
   7.3656740e+02
   6.7894445e+02
  -1.8319659e+01
   3.8981123e+02
   2.1989768e+02
   3.2313784e+02
   7.7713124e+02
   3.1981764e+02
   2.0413337e+02
   3.4951307e+02
   5.2519787e+02
   7.8396675e+02
   3.4185737e+02
   5.6888358e+02
   3.1107244e+02
  -3.7658443e+01
   6.2271275e+01
   7.5932031e+02
   6.6626055e+02
   7.7216828e+02
   3.7059358e+02
   6.8540673e+02
   6.0087347e+02
   5.5623694e+02
   5.5568573e+02
  -5.2658280e+01
   1.4821243e+02
   1.2493284e+02
   6.9860532e+02
   2.5354943e+01
   3.9279449e+02
   7.4483672e+02
   6.1462297e+02
   2.1992098e+02
   1.9923778e+02
  -9.3356552e+00
  -4.2620146e+01
   1.8435810e+02
   2.7443970e+02
   4.6606991e+02
  -8.6386280e+01
   4.8738973e+02
   7.8574448e+02
   3.8432366e+02
   2.0311360e+02
   7.1765541e+02
   3.9907963e+02
   3.5027164e+02
   3.0477029e+02
   7.0331771e+02
   5.4586484e+02
   4.1606911e+01
   1.6541705e+01
   3.8655452e+02
   1.7388137e+02
   2.4445287e+02
   3.6828272e+02
   3.6894162e+02
   1.9414723e+02
   4.8314245e+02
  -7.0522597e+01
   7.9616278e+02
   5.1877708e+02
   4.2279590e+02
   1.7976892e+02
   4.4027900e+02
   3.6040690e+02
  -1.9472546e+01
   2.1390588e+02
   3.7958468e+01
   6.7199082e+02
   7.6895051e+01
   6.3541442e+02
   6.2254767e+02
   7.3833221e+02
   4.5805410e+02
   6.0414487e+02
   7.8384109e+02
   7.3344083e+02
   2.2096219e+02
  -6.8602048e+01
   4.0945326e+02
   2.7338972e+02
   4.4959890e+02
   7.0106635e+02
   5.5830538e+02
   5.2085274e+02
   6.4467642e+02
   3.1943805e+02
   5.1271786e+01
   5.1680922e+02
   6.7120844e+02
   3.5979492e+02
   7.3255924e+02
   4.5813372e+02
   2.9957089e+01
   2.9349715e+02
   2.6073330e+02
   3.8327541e+02
   4.3819044e+02
   7.0090545e+02
   1.3390261e+01
  -3.3777580e+01
   5.8524557e+02
   4.9545255e+01
   1.7609036e+02
   7.4486474e+02
   4.3260715e+02
   3.6559652e+02
   1.5792578e+02
   2.3547972e+02
   1.1121138e+02
  -7.0903281e+01
   5.9212914e+01
  -6.1406679e+01
   6.8970756e+02
   2.9671944e+02
  -7.5203074e+01
   6.3385290e+02
   6.2834472e+00
   4.4551998e+02
   3.0395000e+02
   1.6243081e+02
   4.2784322e+02
   2.1830855e+02
   8.0980906e+00
   1.7206281e+02
   4.8543260e+02
   1.1866802e+02
   5.1847483e+02
   2.9969661e+02
   2.2660874e+02
  -7.2694954e+01
   5.3294510e+02
   6.8986440e+02
   2.2235874e+02
   8.0193093e+01
   3.2971495e+02
   2.9401668e+01
   1.0682200e+02
   7.0326174e+02
   7.2306611e+02
   5.8103610e+02
   4.5826693e+02
  -9.0898822e+01
   5.6684278e+02
   4.3563124e+02
   4.6056936e+02
   6.7658946e+02
   4.1109078e+02
   5.0049505e+02
   3.3935609e+02
  -1.9397869e+01
   3.7643155e+02
   3.6027717e+01
   2.4283464e+02
   1.2286768e+02
   5.0288056e+02
  -7.3362657e+01
   6.3291536e+01
  -6.0883817e+01
   5.5973324e+02
  -4.1634677e+01
  -7.8121074e+01
  -6.1182949e+01
   6.7889049e+02
   1.1797228e+02
   5.3203294e+01
   2.8943364e+02
   5.9683661e+02
   6.5027524e+02
   6.9324968e+02
   5.4258832e+02
  -6.2080801e+01
   6.3557339e+02
   2.6320713e+02
   2.2319853e+02
   3.4073443e+02
   4.9417739e+02
   6.6166320e+01
  -5.8904091e+01
   5.7304586e+02
   3.6983349e+02
   3.4243927e+02
   6.4405011e+02
   3.0395644e+01
   1.1556199e+02
   2.3001087e+01
  -2.8107131e+01
   6.2270857e+02
   5.8597097e+02
   6.7299798e+02
   2.9967258e+02
   7.8416796e+02
   7.7477283e+02
   7.3517866e+02
   4.3157606e+02
  -9.0365193e+01
   1.9568983e+02
  -7.0640500e+01
  -8.6938462e+01
   7.5432742e+02
   6.4122224e+02
   6.4790846e+02
   2.9251078e+01
  -9.0628178e+01
   1.4519118e+01
   5.2391266e+02
   6.1315243e+02
   8.3193110e+01
   4.3786709e+02
   1.1251183e+01
   4.0161466e+02
   3.8371186e+02
   2.1908475e+02
   1.7929915e+02
   8.5609892e+01
   6.6187236e+02
   4.2815142e+02
   2.1327293e+02
   4.0439247e+02
   1.0077624e+01
   2.6426794e+02
   6.0488189e+02
   7.6375342e+02
   5.8038999e+02
   7.0508333e+02
   5.3071024e+02
   3.3079229e+02
   6.7114568e+02
   7.9666271e+02
   6.8638191e+02
   3.3463964e+02
   3.8866142e+02
   4.0840277e+02
   6.6827304e+02
   5.7307534e+02
   2.1236054e+02
   6.8574223e+02
   1.2619676e+02
   4.0565677e+02
  -3.4436081e+01
   3.0982111e+02
   7.7340178e+02
   5.9743628e+02
   6.9906651e+02
   3.3724502e+02
   2.9708071e+02
  -8.7920834e+01
  -4.1914693e+00
   6.0405531e+02
   7.7678586e+02
  -6.6264095e+00
   7.0018676e+01
   6.5098645e+01
   3.9424737e+02
   4.3445784e+02
   1.4161500e+02
   7.8191330e+02
   1.9095288e+02
   4.8168587e+02
   3.4821218e+02
   9.3983008e+01
   5.3271677e+02
   4.3281412e+02
   6.4269691e+02
   6.0549372e+02
   6.4535695e+02
   6.4759435e+02
   3.0268009e+02
   7.0698118e+02
   1.7256805e+02
  -4.1503824e+01
   7.5305325e+02
   6.2269615e+01
   4.2337551e+02
   2.7835447e+02
   6.9492839e+02
  -1.2234588e+01
   4.7673222e+02
  -1.4768694e-01
   5.5911294e+02
   5.5484361e+02
  -5.4500546e+01
  -1.9422613e+01
   4.3415801e+02
   4.1771780e+02
   6.4666032e+02
   7.7127828e+02
  -4.3892495e+01
   6.4699881e+02
  -7.5490747e+01
   7.0207016e+02
   6.7462064e+02
   7.8276861e+02
   5.3936621e+02
   4.8674436e+02
   7.6036765e+02
   4.9360541e-01
   3.5323258e+02
   3.3216245e+02
   2.9631296e+02
   4.1307534e+02
   6.8032912e+02
   9.8508493e+01
   4.6178601e+02
  -7.4648611e+01
   6.0640484e+02
   3.4496560e+02
   7.9783334e+02
   5.2149278e+02
   5.8075439e+02
   4.0741242e+02
   7.9940892e+02
  -3.9600572e+01
   6.2818194e+02
   2.5239405e+02
   3.8393305e+02
   6.4879886e+02
   1.4605830e+02
   3.5368837e+02
   1.2048232e+02
   5.3874196e+02
   4.1520992e+01
  -7.4593508e+01
  -6.8930201e+01
   1.2755309e+02
  -4.9956051e+01
   1.3978687e+02
  -1.5952818e+01
   1.1358361e+02
   1.2532839e+02
   5.4715154e+02
   1.6336085e+02
   2.3681428e+02
   8.8037637e+01
   8.0647287e+02
   6.6066554e+02
   7.9357948e+02
   7.6120350e+02
  -7.2400697e+01
   6.9099239e+02
   2.5684001e+02
   3.7274739e+02
   6.7602009e+02
   5.2595599e+02
   3.0261917e+02
   1.6522774e+02
   1.5245848e+02
   7.6370502e+02
   5.4921047e+02
   3.4183776e+02
   6.1182562e+02
   8.0425972e+02
   6.4677260e+02
  -7.2189371e+00
   5.9662261e+02
   1.0315568e+02
   1.5143640e+02
   1.2018946e+02
   3.8867852e+02
   4.1159263e+02
   3.8254295e+02
   5.8844046e+01
   4.7186459e+02
  -7.9357252e+01
   1.4068708e+02
   1.9413963e+02
   4.1139749e+02
   3.6443216e+02
   3.7847019e+02
   5.4993993e+02
   3.4868973e+02
   7.3089897e+02
   4.6115852e+02
   1.4109285e+02
   1.6715211e+02
   2.8304559e+02
   5.1466065e+02
   5.8176375e+02
   7.7494384e+02
   5.1910475e+02
   4.8530075e+00
   2.2477846e+02
   9.1090671e+00
   1.8692091e+02
   1.5128516e+02
   7.2521811e+02
   4.1749698e+02
  -1.3009092e+01
   6.5406135e+02
   2.7718950e+02
   6.7982951e+02
  -4.9401579e+01
   7.4879621e+02
  -8.4097723e+01
  -8.4851480e+01
   5.9155313e+02
   8.1481754e+02
   7.9548246e+02
   5.9193137e+02
   4.1483549e+02
   5.2066637e+01
   3.9336745e+02
   2.6795529e+02
   9.6253824e+01
   5.0664384e+02
   1.5202002e+02
   7.6553301e+02
   2.9542669e+02
   4.3217366e+02
   7.6770338e+02
   4.3021909e+02
   5.2622330e+02
   7.5263712e+02
   4.9650967e+02
   7.4748378e+02
   7.2335514e+02
   2.2357839e+02
   4.4971440e+02
   6.4426662e+02
   1.3231939e+02
   1.5148855e+01
   7.7077201e+02
   4.3495740e+02
  -3.9152163e+01
   4.5561922e+02
  -8.8472618e+01
   1.1389777e+02
   5.0559816e+02
  -7.5326947e+01
   7.6019494e+02
   1.5913162e+01
   3.9396987e+02
   6.1337022e+02
  -3.3667436e+01
   2.4488516e+02
   2.2015232e+01
   1.3304975e+02
   5.6024403e+02
   7.7683972e+02
   6.7454399e+02
   4.9266834e+02
   1.4932653e+02
   2.5615550e+02
   9.8804224e+01
   7.4278865e+02
   2.6689437e+02
   7.8345269e+02
   5.7792239e+02
   7.9379196e+02
   2.9080116e+02
   4.6550681e+02
  -1.1520345e+01
   8.1370579e+02
   5.2263996e+02
   5.4396108e+02
   4.1473751e+02
   5.1888948e+02
   1.4449799e+02
   5.2037090e+01
   5.4793169e+02
  -5.7632244e+01
   2.5214609e+02
   4.6777142e+02
   5.4979393e+02
   7.7625028e+02
   2.1474874e+02
   6.6735894e+02
   2.9871695e+02
   4.8106201e+02
   5.4612592e+02
   5.4086288e+01
   3.0242741e+02
   2.1942799e+02
   4.4280497e+02
   2.9444763e+02
   1.3766275e+02
   7.7629428e+01
   1.3403291e+02
   3.2404914e+02
   4.1922644e+02
   1.9165740e+02
   7.7892746e+02
   3.6154951e+02
   4.8787186e+02
   5.7293010e+02
   6.1418535e+02
   5.8484932e+02
   5.3062716e+02
   1.2871927e+02
   6.6147601e+02
   3.1140555e+02
   2.4264266e+02
   4.0881872e+02
   3.0914182e+02
   5.3553351e+02
   9.1794239e+01
   5.5596323e+02
   6.7073808e+02
   3.6502820e+02
   7.6669287e+02
   3.8517684e+02
   3.6791666e+02
   2.0726627e+02
   5.7266850e+02
   4.6853129e+02
  -3.5370351e+01
   3.0703895e+02
   6.1823888e+02
   7.5740794e+02
   5.0494953e+02
   4.7908837e+01
   3.5515026e+02
   2.9981339e+02
   6.7697145e+02
   1.6312409e+01
   7.1868049e+02
   7.5703227e+01
  -1.5381366e+00
  -6.5853375e+01
   3.1366751e+02
   3.5058764e+02
   3.2295589e+02
  -7.3996317e+01
   4.2930326e+02
   8.9459938e+01
   1.9309415e+02
   5.7833215e+02
   4.3879591e+02
   1.6791886e+02
   7.2840027e+02
   2.0334315e+02
   6.3565555e+02
  -5.7498880e+01
   4.1487153e+02
   3.6258935e+02
   7.0248231e+01
   7.6445364e+02
   3.3819658e+02
   6.1408835e+02
   6.4111272e+01
   6.4056674e+02
   1.1705540e+02
   7.1312641e+02
   2.4479599e+02
   1.2221362e+02
   3.8767799e+02
   5.9453900e+02
   4.4731401e+02
   8.0521208e+02
   5.6129887e+02
   1.9160101e+02
   6.5411094e+02
   6.6318526e+02
   4.8572852e+02
   1.7063386e+02
   1.2190380e+02
   4.7586866e+02
   5.2367204e+02
   5.5669772e+02
   7.3473127e+02
   6.1476711e+02
   5.1039881e+01
   1.4851242e+02
   2.1717688e+02
   6.6571173e+02
   5.8421093e+02
   4.0441242e+02
   5.3650786e+02
   2.6179450e+02
  -7.7377904e+01
   3.3848056e+02
   4.9711166e+02
   4.5175901e+02
   8.8019501e+01
   1.8869799e+02
  -1.2836521e+01
   1.7448937e+01
   6.9699128e+02
   3.3539005e+02
  -2.8536006e+01
   3.7435459e+02
  -1.4321665e+01
   4.2785993e+02
   8.1747235e+01
  -8.4002546e+00
   2.1145854e+02
   5.0971585e+01
   3.0611349e+02
   7.4664053e+02
   2.8737452e+02
   5.8863139e+02
   6.4110832e+02
   6.2381346e+02
   4.2760129e+02
  -3.8078542e+01
   1.7819063e+02
   1.2543815e+02
   2.5980423e+02
   2.9598992e+02
   7.6427562e+02
   7.3817239e+02
   4.2451260e+02
   5.1512277e+02
   7.5614822e+01
   2.6554317e+02
   5.4111368e+02
   2.1413258e+02
   4.7124596e+02
   1.0800635e+02
   5.9365691e+02
   7.9681042e+02
   5.1306749e+02
   3.4590799e+02
   4.5169282e+02
   5.0406302e+01
   8.0494722e+02
   4.3809371e+02
   1.3931849e+02
   7.8781853e+02
   2.0364782e+02
  -7.8493231e+01
   8.5628433e+01
   1.1315604e+02
   3.6716594e+02
   7.9271144e+02
   4.1620972e+02
   4.2517997e+02
   5.2929459e+02
   4.2438480e+02
   2.3734270e+01
   5.6949561e+02
  -4.2752881e+01
   6.8511445e+02
   5.5925775e+02
   7.5721242e+02
   3.3080060e+02
  -9.2350974e+01
   4.2382411e+02
   5.7092342e+02
   3.3496623e+02
   3.3587026e+01
   7.5870088e+02
   6.2444489e+02
   6.4250187e+01
   6.9871947e+01
   6.4785342e+02
   4.6129916e+02
   6.5946090e+02
   7.5042759e+02
   4.3089223e+02
   3.6828656e+02
   4.7406259e+02
   1.0448749e+02
  -8.6113417e+01
   8.6720315e+01
   4.8996383e+02
   5.0040904e+02
   7.5834706e+02
   3.8200729e+02
   3.3065849e+02
   1.4214366e+02
   2.8795796e+02
   4.5211721e+02
   6.8147415e+02
   2.4770728e+02
   6.0779074e+02
  -6.5786996e+01
   5.2233313e+02
   6.2596977e+02
   8.0319765e+02
   1.0737192e+02
   5.5296136e-01
   5.1684429e+02
   1.4062574e+02
   2.2370552e+01
  -2.1463678e+01
   7.7679596e+02
   4.0781016e+02
   5.8403187e+02
   6.8411857e+02
   3.5379638e+02
   4.2344302e+02
   4.2828584e+02
   1.1925397e+02
   7.5005018e+02
   1.4984196e+02
   6.0841602e+02
   1.0120423e+01
   4.2349027e+02
  -7.7981828e+01
   3.1938852e+02
   7.6128189e+02
   1.2754463e+02
   5.4385314e+02
   6.0113355e+02
   5.8631941e+02
   7.9593300e+02
   4.3319916e+02
   4.5880269e+02
   8.0181955e+02
   6.6725752e+02
   3.5787772e+01
   3.8543963e+02
  -8.6056375e+01
   2.3300132e+02
   5.1070617e+02
   4.5242844e+02
   7.4237754e+02
   4.4217197e+02
   1.9933883e+02
   1.3811863e+02
   7.9345154e+02
   4.7903667e+02
   7.3338448e+01
   2.5843989e+02
   5.5665745e+02
  -7.3356298e+01
   5.4408766e+01
   7.3895984e+02
   7.9163157e+02
   4.0544119e+02
   3.2382067e+02
   2.9586449e+02
   5.8229844e+02
   6.6562908e+02
   5.6830406e+02
  -4.2294531e+01
   7.0859962e+02
  -5.6540721e+01
   2.7795242e+02
   3.2713193e+02
   6.1983673e+02
   4.4347460e+02
   5.8836875e+02
   5.8623500e+02
   3.9577925e+02
   9.9357166e+01
  -6.6936177e+01
   7.1724401e+01
   2.6559211e+01
   4.2549651e+02
  -8.4192180e+01
   2.4949368e+02
   4.3625198e+02
   2.3951373e+02
   4.1837810e+02
   3.0113501e+02
   6.3070169e+02
   4.8545267e+02
   1.2168362e+02
   5.0948879e+02
   4.0974839e+02
   1.3405920e+02
   2.7668316e+02
   4.6173543e+02
   1.9040661e+02
   1.7856628e+02
   7.9762152e+01
   8.0245566e+02
   4.0767716e+02
   1.9635006e+02
   3.9850928e+02
   2.2204553e+02
   3.1759198e+02
  -2.5039315e+00
   4.2316036e+02
   3.1367702e+01
   1.8771154e+02
   7.2565005e+02
   7.0923184e+02
  -1.5029585e+01
   1.9764687e+02
   5.2972152e+02
   6.4509722e+02
   5.9146820e+02
   5.4326837e+02
   4.0246975e+02
   6.1763183e+02
   4.4459088e+02
   3.1571295e+02
   3.5004164e+02
   1.4898269e+02
   4.3182989e+02
   3.1049427e+02
   5.5592535e+02
   7.0775516e+02
  -8.2426856e+01
   8.6019989e+01
   6.9859391e+02
   7.2128772e+02
   7.9277276e+02
   1.7070148e+02
   6.5018389e+02
   6.3305691e+02
   6.6656775e+02
   3.7721445e+02
  -2.0791366e+01
   9.6048398e+01
   5.8411449e+02
   5.2098958e+01
   2.3231589e+02
   9.8167755e+01
   5.6581247e+01
   1.1307221e+02
   7.4496952e+02
   8.0770614e+02
   1.1215923e+02
   7.7650700e+02
   4.7194428e+01
   2.1588703e+02
   4.8325105e+02
   5.0772421e+02
   6.4139650e+01
  -4.2392537e+01
   6.2295817e+02
   6.0169323e+02
   1.8495193e+02
  -4.7339426e+01
   1.4356259e+02
   4.3563725e+02
  -1.4717331e+01
   2.6180574e+02
  -3.7516161e+01
  -5.0351426e+01
   5.4596161e+02
   7.9149298e+02
   8.1465583e+02
   1.9937833e+01
   3.6614285e+02
   1.8221080e+02
   4.1146045e+02
   5.6850264e+02
   6.1640965e+02
   3.7442004e+02
   3.1437628e+02
   1.5447682e+01
   3.3519045e+02
   7.9594276e+02
   6.3055964e+02
   1.4547964e+02
   2.3940140e+02
   3.0462159e+01
   1.3326806e+02
   7.4499582e+02
   6.0552005e+00
   7.4438327e+02
   7.1885538e+02
   4.0176260e+02
   4.4849253e+02
  -8.9430352e+01
   1.6592478e+02
   4.7099561e+01
   6.6958303e+02
   1.9260675e+02
   7.5378176e+02
   5.1315916e+02
   3.2791376e-01
   7.2536701e+02
   7.0185220e+02
   3.0949694e+02
   1.9587616e+02
  -6.5849401e+01
   5.7359383e+02
   7.4938260e+02
   4.8386717e+02
   5.0709694e+02
  -7.0018441e+01
   7.0550635e+02
   4.1639171e+01
   5.1046789e+02
   3.8784555e+02
   1.3735617e+02
   7.5505145e+02
   3.5334103e+01
   7.7640365e+02
   6.6877906e+02
  -5.9007566e+01
   1.3377497e+01
   6.0934463e+02
   1.6144638e+02
   3.4523416e+02
   4.9525262e+02
  -6.7826163e+01
   3.6736966e+02
   4.2218431e+02
   7.8013917e+01
   4.1805880e+02
   7.6172585e+02
   7.0938096e+02
   1.5817872e+02
   7.8998306e+02
   3.5093084e+02
   7.0430265e+02
   6.7373483e+02
   1.2871343e+01
   5.1643617e+02
   6.3010745e+02
   3.8480082e+02
   7.1341618e+01
   4.1595477e+02
   9.2374404e+00
   4.8132610e+02
   3.6341012e+02
   7.3898059e+02
   1.7622679e+02
   1.2939564e+02
   1.3154945e+02
   7.9210021e+02
   1.0695371e+02
   5.2529667e+01
   2.3837511e+02
   2.1520736e+02
  -5.9609759e+01
  -1.3235628e+01
   6.6719215e+02
   5.7080495e+02
   6.9296103e+02
   7.5537260e+02
   8.0679097e+02
   4.4980172e+02
   7.8978895e+02
   2.4346729e+02
   2.3500614e+02
   5.7563711e+02
   7.8659265e+02
   5.0921800e+02
   3.3492954e+02
   5.4395458e+02
   2.9139978e+02
   4.5070151e+02
   5.1666110e+02
   8.0285006e+02
   5.9066090e+02
  -5.4854655e+01
   2.2065146e+02
  -5.6004493e+01
   3.5539530e+02
   8.0716472e+02
   5.7088423e+02
   5.2314756e+02
   6.3766862e+02
   9.5270042e+01
   2.3606931e+02
   2.9901102e+02
  -7.1398135e+01
   7.8141762e+02
   6.1014530e+02
   3.3947480e+02
   4.4098405e+02
   8.0170445e+02
  -3.1730288e+01
   2.6038626e+02
   5.3884018e+02
   3.7832411e+02
   6.1055866e+02
   6.5687170e+02
  -4.2924633e+01
  -5.1288766e+01
   1.5450901e+02
   3.2787039e+02
   6.6729348e+02
   9.0406049e+01
  -6.0357848e+01
   1.3894449e+02
   4.6228951e+02
   5.3007970e+02
   7.7582411e+02
   6.8432432e+02
  -5.5615672e+01
   5.7916197e+02
  -5.4223256e+01
  -8.8298909e+01
   7.2898500e+02
   7.5279190e+02
   5.8348763e+02
   2.0272447e+02
   3.4633602e+02
   3.9112107e+02
   6.3139030e+02
   6.9465462e+02
   6.5795386e+02
   4.1579068e+02
   2.7303593e+02
   1.4149156e+02
   5.5689600e+02
  -6.0168797e+01
   2.9981480e+02
   5.1951624e+02
   1.6377842e+02
   5.4797772e+02
   7.6807139e+02
  -2.6267226e+01
   3.1713291e+01
  -1.1486858e+01
   4.9280972e+02
   2.1547751e+01
   1.8319411e+02
   4.6508300e+02
   7.3656740e+02
   6.7894445e+02
  -1.8319659e+01
   3.8981123e+02
   2.1989768e+02
   3.2313784e+02
   7.7713124e+02
   3.1981764e+02
   2.0413337e+02
   3.4951307e+02
   5.2519787e+02
   7.8396675e+02
   3.4185737e+02
   5.6888358e+02
   3.1107244e+02
  -3.7658443e+01
   6.2271275e+01
   7.5932031e+02
   6.6626055e+02
   7.7216828e+02
   3.7059358e+02
   6.8540673e+02
   6.0087347e+02
   5.5623694e+02
   5.5568573e+02
  -5.2658280e+01
   1.4821243e+02
   1.2493284e+02
   6.9860532e+02
   2.5354943e+01
   3.9279449e+02
   7.4483672e+02
   6.1462297e+02
   2.1992098e+02
   1.9923778e+02
  -9.3356552e+00
  -4.2620146e+01
   1.8435810e+02
   2.7443970e+02
   4.6606991e+02
  -8.6386280e+01
   4.8738973e+02
   7.8574448e+02
   3.8432366e+02
   2.0311360e+02
   7.1765541e+02
   3.9907963e+02
   3.5027164e+02
   3.0477029e+02
   7.0331771e+02
   5.4586484e+02
   4.1606911e+01
   1.6541705e+01
   3.8655452e+02
   1.7388137e+02
   2.4445287e+02
   3.6828272e+02
   3.6894162e+02
   1.9414723e+02
   4.8314245e+02
  -7.0522597e+01
   7.9616278e+02
   5.1877708e+02
   4.2279590e+02
   1.7976892e+02
   4.4027900e+02
   3.6040690e+02
  -1.9472546e+01
   2.1390588e+02
   3.7958468e+01
   6.7199082e+02
   7.6895051e+01
   6.3541442e+02
   6.2254767e+02
   7.3833221e+02
   4.5805410e+02
   6.0414487e+02
   7.8384109e+02
   7.3344083e+02
   2.2096219e+02
  -6.8602048e+01
   4.0945326e+02
   2.7338972e+02
   4.4959890e+02
   7.0106635e+02
   5.5830538e+02
   5.2085274e+02
   6.4467642e+02
   3.1943805e+02
   5.1271786e+01
   5.1680922e+02
   6.7120844e+02
   3.5979492e+02
   7.3255924e+02
   4.5813372e+02
   2.9957089e+01
   2.9349715e+02
   2.6073330e+02
   3.8327541e+02
   4.3819044e+02
   7.0090545e+02
   1.3390261e+01
  -3.3777580e+01
   5.8524557e+02
   4.9545255e+01
   1.7609036e+02
   7.4486474e+02
   4.3260715e+02
   3.6559652e+02
   1.5792578e+02
   2.3547972e+02
   1.1121138e+02
  -7.0903281e+01
   5.9212914e+01
  -6.1406679e+01
   6.8970756e+02
   2.9671944e+02
  -7.5203074e+01
   6.3385290e+02
   6.2834472e+00
   4.4551998e+02
   3.0395000e+02
   1.6243081e+02
   4.2784322e+02
   2.1830855e+02
   8.0980906e+00
   1.7206281e+02
   4.8543260e+02
   1.1866802e+02
   5.1847483e+02
   2.9969661e+02
   2.2660874e+02
  -7.2694954e+01
   5.3294510e+02
   6.8986440e+02
   2.2235874e+02
   8.0193093e+01
   3.2971495e+02
   2.9401668e+01
   1.0682200e+02
   7.0326174e+02
   7.2306611e+02
   5.8103610e+02
   4.5826693e+02
  -9.0898822e+01
   5.6684278e+02
   4.3563124e+02
   4.6056936e+02
   6.7658946e+02
   4.1109078e+02
   5.0049505e+02
   3.3935609e+02
  -1.9397869e+01
   3.7643155e+02
   3.6027717e+01
   2.4283464e+02
   1.2286768e+02
   5.0288056e+02
  -7.3362657e+01
   6.3291536e+01
  -6.0883817e+01
   5.5973324e+02
  -4.1634677e+01
  -7.8121074e+01
  -6.1182949e+01
   6.7889049e+02
   1.1797228e+02
   5.3203294e+01
   2.8943364e+02
   5.9683661e+02
   6.5027524e+02
   6.9324968e+02
   5.4258832e+02
  -6.2080801e+01
   6.3557339e+02
   2.6320713e+02
   2.2319853e+02
   3.4073443e+02
   4.9417739e+02
   6.6166320e+01
  -5.8904091e+01
   5.7304586e+02
   3.6983349e+02
   3.4243927e+02
   6.4405011e+02
   3.0395644e+01
   1.1556199e+02
   2.3001087e+01
  -2.8107131e+01
   6.2270857e+02
   5.8597097e+02
   6.7299798e+02
   2.9967258e+02
   7.8416796e+02
   7.7477283e+02
   7.3517866e+02
   4.3157606e+02
  -9.0365193e+01
   1.9568983e+02
  -7.0640500e+01
  -8.6938462e+01
   7.5432742e+02
   6.4122224e+02
   6.4790846e+02
   2.9251078e+01
  -9.0628178e+01
   1.4519118e+01
   5.2391266e+02
   6.1315243e+02
   8.3193110e+01
   4.3786709e+02
   1.1251183e+01
   4.0161466e+02
   3.8371186e+02
   2.1908475e+02
   1.7929915e+02
   8.5609892e+01
   6.6187236e+02
   4.2815142e+02
   2.1327293e+02
   4.0439247e+02
   1.0077624e+01
   2.6426794e+02
   6.0488189e+02
   7.6375342e+02
   5.8038999e+02
   7.0508333e+02
   5.3071024e+02
   3.3079229e+02
   6.7114568e+02
   7.9666271e+02
   6.8638191e+02
   3.3463964e+02
   3.8866142e+02
   4.0840277e+02
   6.6827304e+02
   5.7307534e+02
   2.1236054e+02
   6.8574223e+02
   1.2619676e+02
   4.0565677e+02
  -3.4436081e+01
   3.0982111e+02
   7.7340178e+02
   5.9743628e+02
   6.9906651e+02
   3.3724502e+02
   2.9708071e+02
  -8.7920834e+01
  -4.1914693e+00
   6.0405531e+02
   7.7678586e+02
  -6.6264095e+00
   7.0018676e+01
   6.5098645e+01
   3.9424737e+02
   4.3445784e+02
   1.4161500e+02
   7.8191330e+02
   1.9095288e+02
   4.8168587e+02
   3.4821218e+02
   9.3983008e+01
   5.3271677e+02
   4.3281412e+02
   6.4269691e+02
   6.0549372e+02
   6.4535695e+02
   6.4759435e+02
   3.0268009e+02
   7.0698118e+02
   1.7256805e+02
  -4.1503824e+01
   7.5305325e+02
   6.2269615e+01
   4.2337551e+02
   2.7835447e+02
   6.9492839e+02
  -1.2234588e+01
   4.7673222e+02
  -1.4768694e-01
   5.5911294e+02
   5.5484361e+02
  -5.4500546e+01
  -1.9422613e+01
   4.3415801e+02
   4.1771780e+02
   6.4666032e+02
   7.7127828e+02
  -4.3892495e+01
   6.4699881e+02
  -7.5490747e+01
   7.0207016e+02
   6.7462064e+02
   7.8276861e+02
   5.3936621e+02
   4.8674436e+02
   7.6036765e+02
   4.9360541e-01
   3.5323258e+02
   3.3216245e+02
   2.9631296e+02
   4.1307534e+02
   6.8032912e+02
   9.8508493e+01
   4.6178601e+02
  -7.4648611e+01
   6.0640484e+02
   3.4496560e+02
   7.9783334e+02
   5.2149278e+02
   5.8075439e+02
   4.0741242e+02
   7.9940892e+02
  -3.9600572e+01
   6.2818194e+02
   2.5239405e+02
   3.8393305e+02
   6.4879886e+02
   1.4605830e+02
   3.5368837e+02
   1.2048232e+02
   5.3874196e+02
   4.1520992e+01
  -7.4593508e+01
  -6.8930201e+01
   1.2755309e+02
  -4.9956051e+01
   1.3978687e+02
  -1.5952818e+01
   1.1358361e+02
   1.2532839e+02
   5.4715154e+02
   1.6336085e+02
   2.3681428e+02
   8.8037637e+01
   8.0647287e+02
   6.6066554e+02
   7.9357948e+02
   7.6120350e+02
  -7.2400697e+01
   6.9099239e+02
   2.5684001e+02
   3.7274739e+02
   6.7602009e+02
   5.2595599e+02
   3.0261917e+02
   1.6522774e+02
   1.5245848e+02
   7.6370502e+02
   5.4921047e+02
   3.4183776e+02
   6.1182562e+02
   8.0425972e+02
   6.4677260e+02
  -7.2189371e+00
   5.9662261e+02
   1.0315568e+02
   1.5143640e+02
   1.2018946e+02
   3.8867852e+02
   4.1159263e+02
   3.8254295e+02
   5.8844046e+01
   4.7186459e+02
  -7.9357252e+01
   1.4068708e+02
   1.9413963e+02
   4.1139749e+02
   3.6443216e+02
   3.7847019e+02
   5.4993993e+02
   3.4868973e+02
   7.3089897e+02
   4.6115852e+02
   1.4109285e+02
   1.6715211e+02
   2.8304559e+02
   5.1466065e+02
   5.8176375e+02
   7.7494384e+02
   5.1910475e+02
   4.8530075e+00
   2.2477846e+02
   9.1090671e+00
   1.8692091e+02
   1.5128516e+02
   7.2521811e+02
   4.1749698e+02
  -1.3009092e+01
   6.5406135e+02
   2.7718950e+02
   6.7982951e+02
  -4.9401579e+01
   7.4879621e+02
  -8.4097723e+01
  -8.4851480e+01
   5.9155313e+02
   8.1481754e+02
   7.9548246e+02
   5.9193137e+02
   4.1483549e+02
   5.2066637e+01
   3.9336745e+02
   2.6795529e+02
   9.6253824e+01
   5.0664384e+02
   1.5202002e+02
   7.6553301e+02
   2.9542669e+02
   4.3217366e+02
   7.6770338e+02
   4.3021909e+02
   5.2622330e+02
   7.5263712e+02
   4.9650967e+02
   7.4748378e+02
   7.2335514e+02
   2.2357839e+02
   4.4971440e+02
   6.4426662e+02
   1.3231939e+02
   1.5148855e+01
   7.7077201e+02
   4.3495740e+02
  -3.9152163e+01
   4.5561922e+02
  -8.8472618e+01
   1.1389777e+02
   5.0559816e+02
  -7.5326947e+01
   7.6019494e+02
   1.5913162e+01
   3.9396987e+02
   6.1337022e+02
  -3.3667436e+01
   2.4488516e+02
   2.2015232e+01
   1.3304975e+02
   5.6024403e+02
   7.7683972e+02
   6.7454399e+02
   4.9266834e+02
   1.4932653e+02
   2.5615550e+02
   9.8804224e+01
   7.4278865e+02
   2.6689437e+02
   7.8345269e+02
   5.7792239e+02
   7.9379196e+02
   2.9080116e+02
   4.6550681e+02
  -1.1520345e+01
   8.1370579e+02
   5.2263996e+02
   5.4396108e+02
   4.1473751e+02
   5.1888948e+02
   1.4449799e+02
   5.2037090e+01
   5.4793169e+02
  -5.7632244e+01
   2.5214609e+02
   4.6777142e+02
   5.4979393e+02
   7.7625028e+02
   2.1474874e+02
   6.6735894e+02
   2.9871695e+02
   4.8106201e+02
   5.4612592e+02
   5.4086288e+01
   3.0242741e+02
   2.1942799e+02
   4.4280497e+02
   2.9444763e+02
   1.3766275e+02
   7.7629428e+01
   1.3403291e+02
   3.2404914e+02
   4.1922644e+02
   1.9165740e+02
   7.7892746e+02
   3.6154951e+02
   4.8787186e+02
   5.7293010e+02
   6.1418535e+02
   5.8484932e+02
   5.3062716e+02
   1.2871927e+02
   6.6147601e+02
   3.1140555e+02
   2.4264266e+02
   4.0881872e+02
   3.0914182e+02
   5.3553351e+02
   9.1794239e+01
   5.5596323e+02
   6.7073808e+02
   3.6502820e+02
   7.6669287e+02
   3.8517684e+02
   3.6791666e+02
   2.0726627e+02
   5.7266850e+02
   4.6853129e+02
  -3.5370351e+01
   3.0703895e+02
   6.1823888e+02
   7.5740794e+02
   5.0494953e+02
   4.7908837e+01
   3.5515026e+02
   2.9981339e+02
   6.7697145e+02
   1.6312409e+01
   7.1868049e+02
   7.5703227e+01
  -1.5381366e+00
  -6.5853375e+01
   3.1366751e+02
   3.5058764e+02
   3.2295589e+02
  -7.3996317e+01
   4.2930326e+02
   8.9459938e+01
   1.9309415e+02
   5.7833215e+02
   4.3879591e+02
   1.6791886e+02
   7.2840027e+02
   2.0334315e+02
   6.3565555e+02
  -5.7498880e+01
   4.1487153e+02
   3.6258935e+02
   7.0248231e+01
   7.6445364e+02
   3.3819658e+02
   6.1408835e+02
   6.4111272e+01
   6.4056674e+02
   1.1705540e+02
   7.1312641e+02
   2.4479599e+02
   1.2221362e+02
   3.8767799e+02
   5.9453900e+02
   4.4731401e+02
   8.0521208e+02
   5.6129887e+02
   1.9160101e+02
   6.5411094e+02
   6.6318526e+02
   4.8572852e+02
   1.7063386e+02
   1.2190380e+02
   4.7586866e+02
   5.2367204e+02
   5.5669772e+02
   7.3473127e+02
   6.1476711e+02
   5.1039881e+01
   1.4851242e+02
   2.1717688e+02
   6.6571173e+02
   5.8421093e+02
   4.0441242e+02
   5.3650786e+02
   2.6179450e+02
  -7.7377904e+01
   3.3848056e+02
   4.9711166e+02
   4.5175901e+02
   8.8019501e+01
   1.8869799e+02
  -1.2836521e+01
   1.7448937e+01
   6.9699128e+02
   3.3539005e+02
  -2.8536006e+01
   3.7435459e+02
  -1.4321665e+01
   4.2785993e+02
   8.1747235e+01
  -8.4002546e+00
   2.1145854e+02
   5.0971585e+01
   3.0611349e+02
   7.4664053e+02
   2.8737452e+02
   5.8863139e+02
   6.4110832e+02
   6.2381346e+02
   4.2760129e+02
  -3.8078542e+01
   1.7819063e+02
   1.2543815e+02
   2.5980423e+02
   2.9598992e+02
   7.6427562e+02
   7.3817239e+02
   4.2451260e+02
   5.1512277e+02
   7.5614822e+01
   2.6554317e+02
   5.4111368e+02
   2.1413258e+02
   4.7124596e+02
   1.0800635e+02
   5.9365691e+02
   7.9681042e+02
   5.1306749e+02
   3.4590799e+02
   4.5169282e+02
   5.0406302e+01
   8.0494722e+02
   4.3809371e+02
   1.3931849e+02
   7.8781853e+02
   2.0364782e+02
  -7.8493231e+01
   8.5628433e+01
   1.1315604e+02
   3.6716594e+02
   7.9271144e+02
   4.1620972e+02
   4.2517997e+02
   5.2929459e+02
   4.2438480e+02
   2.3734270e+01
   5.6949561e+02
  -4.2752881e+01
   6.8511445e+02
   5.5925775e+02
   7.5721242e+02
   3.3080060e+02
  -9.2350974e+01
   4.2382411e+02
   5.7092342e+02
   3.3496623e+02
   3.3587026e+01
   7.5870088e+02
   6.2444489e+02
   6.4250187e+01
   6.9871947e+01
   6.4785342e+02
   4.6129916e+02
   6.5946090e+02
   7.5042759e+02
   4.3089223e+02
   3.6828656e+02
   4.7406259e+02
   1.0448749e+02
  -8.6113417e+01
   8.6720315e+01
   4.8996383e+02
   5.0040904e+02
   7.5834706e+02
   3.8200729e+02
   3.3065849e+02
   1.4214366e+02
   2.8795796e+02
   4.5211721e+02
   6.8147415e+02
   2.4770728e+02
   6.0779074e+02
  -6.5786996e+01
   5.2233313e+02
   6.2596977e+02
   8.0319765e+02
   1.0737192e+02
   5.5296136e-01
   5.1684429e+02
   1.4062574e+02
   2.2370552e+01
  -2.1463678e+01
   7.7679596e+02
   4.0781016e+02
   5.8403187e+02
   6.8411857e+02
   3.5379638e+02
   4.2344302e+02
   4.2828584e+02
   1.1925397e+02
   7.5005018e+02
   1.4984196e+02
   6.0841602e+02
   1.0120423e+01
   4.2349027e+02
  -7.7981828e+01
   3.1938852e+02
   7.6128189e+02
   1.2754463e+02
   5.4385314e+02
   6.0113355e+02
   5.8631941e+02
   7.9593300e+02
   4.3319916e+02
   4.5880269e+02
   8.0181955e+02
   6.6725752e+02
   3.5787772e+01
   3.8543963e+02
  -8.6056375e+01
   2.3300132e+02
   5.1070617e+02
   4.5242844e+02
   7.4237754e+02
   4.4217197e+02
   1.9933883e+02
   1.3811863e+02
   7.9345154e+02
   4.7903667e+02
   7.3338448e+01
   2.5843989e+02
   5.5665745e+02
  -7.3356298e+01
   5.4408766e+01
   7.3895984e+02
   7.9163157e+02
   4.0544119e+02
   3.2382067e+02
   2.9586449e+02
   5.8229844e+02
   6.6562908e+02
   5.6830406e+02
  -4.2294531e+01
   7.0859962e+02
  -5.6540721e+01
   2.7795242e+02
   3.2713193e+02
   6.1983673e+02
   4.4347460e+02
   5.8836875e+02
   5.8623500e+02
   3.9577925e+02
   9.9357166e+01
  -6.6936177e+01
   7.1724401e+01
   2.6559211e+01
   4.2549651e+02
  -8.4192180e+01
   2.4949368e+02
   4.3625198e+02
   2.3951373e+02
   4.1837810e+02
   3.0113501e+02
   6.3070169e+02
   4.8545267e+02
   1.2168362e+02
   5.0948879e+02
   4.0974839e+02
   1.3405920e+02
   2.7668316e+02
   4.6173543e+02
   1.9040661e+02
   1.7856628e+02
   7.9762152e+01
   8.0245566e+02
   4.0767716e+02
   1.9635006e+02
   3.9850928e+02
   2.2204553e+02
   3.1759198e+02
  -2.5039315e+00
   4.2316036e+02
   3.1367702e+01
   1.8771154e+02
   7.2565005e+02
   7.0923184e+02
  -1.5029585e+01
   1.9764687e+02
   5.2972152e+02
   6.4509722e+02
   5.9146820e+02
   5.4326837e+02
   4.0246975e+02
   6.1763183e+02
   4.4459088e+02
   3.1571295e+02
   3.5004164e+02
   1.4898269e+02
   4.3182989e+02
   3.1049427e+02
   5.5592535e+02
   7.0775516e+02
  -8.2426856e+01
   8.6019989e+01
   6.9859391e+02
   7.2128772e+02
   7.9277276e+02
   1.7070148e+02
   6.5018389e+02
   6.3305691e+02
   6.6656775e+02
   3.7721445e+02
  -2.0791366e+01
   9.6048398e+01
   5.8411449e+02
   5.2098958e+01
   2.3231589e+02
   9.8167755e+01
   5.6581247e+01
   1.1307221e+02
   7.4496952e+02
   8.0770614e+02
   1.1215923e+02
   7.7650700e+02
   4.7194428e+01
   2.1588703e+02
   4.8325105e+02
   5.0772421e+02
   6.4139650e+01
  -4.2392537e+01
   6.2295817e+02
   6.0169323e+02
   1.8495193e+02
  -4.7339426e+01
   1.4356259e+02
   4.3563725e+02
  -1.4717331e+01
   2.6180574e+02
  -3.7516161e+01
  -5.0351426e+01
   5.4596161e+02
   7.9149298e+02
   8.1465583e+02
   1.9937833e+01
   3.6614285e+02
   1.8221080e+02
   4.1146045e+02
   5.6850264e+02
   6.1640965e+02
   3.7442004e+02
   3.1437628e+02
   1.5447682e+01
   3.3519045e+02
   7.9594276e+02
   6.3055964e+02
   1.4547964e+02
   2.3940140e+02
   3.0462159e+01
   1.3326806e+02
   7.4499582e+02
   6.0552005e+00
   7.4438327e+02
   7.1885538e+02
   4.0176260e+02
   4.4849253e+02
  -8.9430352e+01
   1.6592478e+02
   4.7099561e+01
   6.6958303e+02
   1.9260675e+02
   7.5378176e+02
   5.1315916e+02
   3.2791376e-01
   7.2536701e+02
   7.0185220e+02
   3.0949694e+02
   1.9587616e+02
  -6.5849401e+01
   5.7359383e+02
   7.4938260e+02
   4.8386717e+02
   5.0709694e+02
  -7.0018441e+01
   7.0550635e+02
   4.1639171e+01
   5.1046789e+02
   3.8784555e+02
   1.3735617e+02
   7.5505145e+02
   3.5334103e+01
   7.7640365e+02
   6.6877906e+02
  -5.9007566e+01
   1.3377497e+01
   6.0934463e+02
   1.6144638e+02
   3.4523416e+02
   4.9525262e+02
  -6.7826163e+01
   3.6736966e+02
   4.2218431e+02
   7.8013917e+01
   4.1805880e+02
   7.6172585e+02
   7.0938096e+02
   1.5817872e+02
   7.8998306e+02
   3.5093084e+02
   7.0430265e+02
   6.7373483e+02
   1.2871343e+01
   5.1643617e+02
   6.3010745e+02
   3.8480082e+02
   7.1341618e+01
   4.1595477e+02
   9.2374404e+00
   4.8132610e+02
   3.6341012e+02
   7.3898059e+02
   1.7622679e+02
   1.2939564e+02
   1.3154945e+02
   7.9210021e+02
   1.0695371e+02
   5.2529667e+01
   2.3837511e+02
   2.1520736e+02
  -5.9609759e+01
  -1.3235628e+01
   6.6719215e+02
   5.7080495e+02
   6.9296103e+02
   7.5537260e+02
   8.0679097e+02
   4.4980172e+02
   7.8978895e+02
   2.4346729e+02
   2.3500614e+02
   5.7563711e+02
   7.8659265e+02
   5.0921800e+02
   3.3492954e+02
   5.4395458e+02
   2.9139978e+02
   4.5070151e+02
   5.1666110e+02
   8.0285006e+02
   5.9066090e+02
  -5.4854655e+01
   2.2065146e+02
  -5.6004493e+01
   3.5539530e+02
   8.0716472e+02
   5.7088423e+02
   5.2314756e+02
   6.3766862e+02
   9.5270042e+01
   2.3606931e+02
   2.9901102e+02
  -7.1398135e+01
   7.8141762e+02
   6.1014530e+02
   3.3947480e+02
   4.4098405e+02
   8.0170445e+02
  -3.1730288e+01
   2.6038626e+02
   5.3884018e+02
   3.7832411e+02
   6.1055866e+02
   6.5687170e+02
  -4.2924633e+01
  -5.1288766e+01
   1.5450901e+02
   3.2787039e+02
   6.6729348e+02
   9.0406049e+01
  -6.0357848e+01
   1.3894449e+02
   4.6228951e+02
   5.3007970e+02
   7.7582411e+02
   6.8432432e+02
  -5.5615672e+01
   5.7916197e+02
  -5.4223256e+01
  -8.8298909e+01
   7.2898500e+02
   7.5279190e+02
   5.8348763e+02
   2.0272447e+02
   3.4633602e+02
   3.9112107e+02
   6.3139030e+02
   6.9465462e+02
   6.5795386e+02
   4.1579068e+02
   2.7303593e+02
   1.4149156e+02
   5.5689600e+02
  -6.0168797e+01
   2.9981480e+02
   5.1951624e+02
   1.6377842e+02
   5.4797772e+02
   7.6807139e+02
  -2.6267226e+01
   3.1713291e+01
  -1.1486858e+01
   4.9280972e+02
   2.1547751e+01
   1.8319411e+02
   4.6508300e+02
   7.3656740e+02
   6.7894445e+02
  -1.8319659e+01
   3.8981123e+02
   2.1989768e+02
   3.2313784e+02
   7.7713124e+02
   3.1981764e+02
   2.0413337e+02
   3.4951307e+02
   5.2519787e+02
   7.8396675e+02
   3.4185737e+02
   5.6888358e+02
   3.1107244e+02
  -3.7658443e+01
   6.2271275e+01
   7.5932031e+02
   6.6626055e+02
   7.7216828e+02
   3.7059358e+02
   6.8540673e+02
   6.0087347e+02
   5.5623694e+02
   5.5568573e+02
  -5.2658280e+01
   1.4821243e+02
   1.2493284e+02
   6.9860532e+02
   2.5354943e+01
   3.9279449e+02
   7.4483672e+02
   6.1462297e+02
   2.1992098e+02
   1.9923778e+02
  -9.3356552e+00
  -4.2620146e+01
   1.8435810e+02
   2.7443970e+02
   4.6606991e+02
  -8.6386280e+01
   4.8738973e+02
   7.8574448e+02
   3.8432366e+02
   2.0311360e+02
   7.1765541e+02
   3.9907963e+02
   3.5027164e+02
   3.0477029e+02
   7.0331771e+02
   5.4586484e+02
   4.1606911e+01
   1.6541705e+01
   3.8655452e+02
   1.7388137e+02
   2.4445287e+02
   3.6828272e+02
   3.6894162e+02
   1.9414723e+02
   4.8314245e+02
  -7.0522597e+01
   7.9616278e+02
   5.1877708e+02
   4.2279590e+02
   1.7976892e+02
   4.4027900e+02
   3.6040690e+02
  -1.9472546e+01
   2.1390588e+02
   3.7958468e+01
   6.7199082e+02
   7.6895051e+01
   6.3541442e+02
   6.2254767e+02
   7.3833221e+02
   4.5805410e+02
   6.0414487e+02
   7.8384109e+02
   7.3344083e+02
   2.2096219e+02
  -6.8602048e+01
   4.0945326e+02
   2.7338972e+02
   4.4959890e+02
   7.0106635e+02
   5.5830538e+02
   5.2085274e+02
   6.4467642e+02
   3.1943805e+02
   5.1271786e+01
   5.1680922e+02
   6.7120844e+02
   3.5979492e+02
   7.3255924e+02
   4.5813372e+02
   2.9957089e+01
   2.9349715e+02
   2.6073330e+02
   3.8327541e+02
   4.3819044e+02
   7.0090545e+02
   1.3390261e+01
  -3.3777580e+01
   5.8524557e+02
   4.9545255e+01
   1.7609036e+02
   7.4486474e+02
   4.3260715e+02
   3.6559652e+02
   1.5792578e+02
   2.3547972e+02
   1.1121138e+02
  -7.0903281e+01
   5.9212914e+01
  -6.1406679e+01
   6.8970756e+02
   2.9671944e+02
  -7.5203074e+01
   6.3385290e+02
   6.2834472e+00
   4.4551998e+02
   3.0395000e+02
   1.6243081e+02
   4.2784322e+02
   2.1830855e+02
   8.0980906e+00
   1.7206281e+02
   4.8543260e+02
   1.1866802e+02
   5.1847483e+02
   2.9969661e+02
   2.2660874e+02
  -7.2694954e+01
   5.3294510e+02
   6.8986440e+02
   2.2235874e+02
   8.0193093e+01
   3.2971495e+02
   2.9401668e+01
   1.0682200e+02
   7.0326174e+02
   7.2306611e+02
   5.8103610e+02
   4.5826693e+02
  -9.0898822e+01
   5.6684278e+02
   4.3563124e+02
   4.6056936e+02
   6.7658946e+02
   4.1109078e+02
   5.0049505e+02
   3.3935609e+02
  -1.9397869e+01
   3.7643155e+02
   3.6027717e+01
   2.4283464e+02
   1.2286768e+02
   5.0288056e+02
  -7.3362657e+01
   6.3291536e+01
  -6.0883817e+01
   5.5973324e+02
  -4.1634677e+01
  -7.8121074e+01
  -6.1182949e+01
   6.7889049e+02
   1.1797228e+02
   5.3203294e+01
   2.8943364e+02
   5.9683661e+02
   6.5027524e+02
   6.9324968e+02
   5.4258832e+02
  -6.2080801e+01
   6.3557339e+02
   2.6320713e+02
   2.2319853e+02
   3.4073443e+02
   4.9417739e+02
   6.6166320e+01
  -5.8904091e+01
   5.7304586e+02
   3.6983349e+02
   3.4243927e+02
   6.4405011e+02
   3.0395644e+01
   1.1556199e+02
   2.3001087e+01
  -2.8107131e+01
   6.2270857e+02
   5.8597097e+02
   6.7299798e+02
   2.9967258e+02
   7.8416796e+02
   7.7477283e+02
   7.3517866e+02
   4.3157606e+02
  -9.0365193e+01
   1.9568983e+02
  -7.0640500e+01
  -8.6938462e+01
   7.5432742e+02
   6.4122224e+02
   6.4790846e+02
   2.9251078e+01
  -9.0628178e+01
   1.4519118e+01
   5.2391266e+02
   6.1315243e+02
   8.3193110e+01
   4.3786709e+02
   1.1251183e+01
   4.0161466e+02
   3.8371186e+02
   2.1908475e+02
   1.7929915e+02
   8.5609892e+01
   6.6187236e+02
   4.2815142e+02
   2.1327293e+02
   4.0439247e+02
   1.0077624e+01
   2.6426794e+02
   6.0488189e+02
   7.6375342e+02
   5.8038999e+02
   7.0508333e+02
   5.3071024e+02
   3.3079229e+02
   6.7114568e+02
   7.9666271e+02
   6.8638191e+02
   3.3463964e+02
   3.8866142e+02
   4.0840277e+02
   6.6827304e+02
   5.7307534e+02
   2.1236054e+02
   6.8574223e+02
   1.2619676e+02
   4.0565677e+02
  -3.4436081e+01
   3.0982111e+02
   7.7340178e+02
   5.9743628e+02
   6.9906651e+02
   3.3724502e+02
   2.9708071e+02
  -8.7920834e+01
  -4.1914693e+00
   6.0405531e+02
   7.7678586e+02
  -6.6264095e+00
   7.0018676e+01
   6.5098645e+01
   3.9424737e+02
   4.3445784e+02
   1.4161500e+02
   7.8191330e+02
   1.9095288e+02
   4.8168587e+02
   3.4821218e+02
   9.3983008e+01
   5.3271677e+02
   4.3281412e+02
   6.4269691e+02
   6.0549372e+02
   6.4535695e+02
   6.4759435e+02
   3.0268009e+02
   7.0698118e+02
   1.7256805e+02
  -4.1503824e+01
   7.5305325e+02
   6.2269615e+01
   4.2337551e+02
   2.7835447e+02
   6.9492839e+02
  -1.2234588e+01
   4.7673222e+02
  -1.4768694e-01
   5.5911294e+02
   5.5484361e+02
  -5.4500546e+01
  -1.9422613e+01
   4.3415801e+02
   4.1771780e+02
   6.4666032e+02
   7.7127828e+02
  -4.3892495e+01
   6.4699881e+02
  -7.5490747e+01
   7.0207016e+02
   6.7462064e+02
   7.8276861e+02
   5.3936621e+02
   4.8674436e+02
   7.6036765e+02
   4.9360541e-01
   3.5323258e+02
   3.3216245e+02
   2.9631296e+02
   4.1307534e+02
   6.8032912e+02
   9.8508493e+01
   4.6178601e+02
  -7.4648611e+01
   6.0640484e+02
   3.4496560e+02
   7.9783334e+02
   5.2149278e+02
   5.8075439e+02
   4.0741242e+02
   7.9940892e+02
  -3.9600572e+01
   6.2818194e+02
   2.5239405e+02
   3.8393305e+02
   6.4879886e+02
   1.4605830e+02
   3.5368837e+02
   1.2048232e+02
   5.3874196e+02
   4.1520992e+01
  -7.4593508e+01
  -6.8930201e+01
   1.2755309e+02
  -4.9956051e+01
   1.3978687e+02
  -1.5952818e+01
   1.1358361e+02
   1.2532839e+02
   5.4715154e+02
   1.6336085e+02
   2.3681428e+02
   8.8037637e+01
   8.0647287e+02
   6.6066554e+02
   7.9357948e+02
   7.6120350e+02
  -7.2400697e+01
   6.9099239e+02
   2.5684001e+02
   3.7274739e+02
   6.7602009e+02
   5.2595599e+02
   3.0261917e+02
   1.6522774e+02
   1.5245848e+02
   7.6370502e+02
   5.4921047e+02
   3.4183776e+02
   6.1182562e+02
   8.0425972e+02
   6.4677260e+02
  -7.2189371e+00
   5.9662261e+02
   1.0315568e+02
   1.5143640e+02
   1.2018946e+02
   3.8867852e+02
   4.1159263e+02
   3.8254295e+02
   5.8844046e+01
   4.7186459e+02
  -7.9357252e+01
   1.4068708e+02
   1.9413963e+02
   4.1139749e+02
   3.6443216e+02
   3.7847019e+02
   5.4993993e+02
   3.4868973e+02
   7.3089897e+02
   4.6115852e+02
   1.4109285e+02
   1.6715211e+02
   2.8304559e+02
   5.1466065e+02
   5.8176375e+02
   7.7494384e+02
   5.1910475e+02
   4.8530075e+00
   2.2477846e+02
   9.1090671e+00
   1.8692091e+02
   1.5128516e+02
   7.2521811e+02
   4.1749698e+02
  -1.3009092e+01
   6.5406135e+02
   2.7718950e+02
   6.7982951e+02
  -4.9401579e+01
   7.4879621e+02
  -8.4097723e+01
  -8.4851480e+01
   5.9155313e+02
   8.1481754e+02
   7.9548246e+02
   5.9193137e+02
   4.1483549e+02
   5.2066637e+01
   3.9336745e+02
   2.6795529e+02
   9.6253824e+01
   5.0664384e+02
   1.5202002e+02
   7.6553301e+02
   2.9542669e+02
   4.3217366e+02
   7.6770338e+02
   4.3021909e+02
   5.2622330e+02
   7.5263712e+02
   4.9650967e+02
   7.4748378e+02
   7.2335514e+02
   2.2357839e+02
   4.4971440e+02
   6.4426662e+02
   1.3231939e+02
   1.5148855e+01
   7.7077201e+02
   4.3495740e+02
  -3.9152163e+01
   4.5561922e+02
  -8.8472618e+01
   1.1389777e+02
   5.0559816e+02
  -7.5326947e+01
   7.6019494e+02
   1.5913162e+01
   3.9396987e+02
   6.1337022e+02
  -3.3667436e+01
   2.4488516e+02
   2.2015232e+01
   1.3304975e+02
   5.6024403e+02
   7.7683972e+02
   6.7454399e+02
   4.9266834e+02
   1.4932653e+02
   2.5615550e+02
   9.8804224e+01
   7.4278865e+02
   2.6689437e+02
   7.8345269e+02
   5.7792239e+02
   7.9379196e+02
   2.9080116e+02
   4.6550681e+02
  -1.1520345e+01
   8.1370579e+02
   5.2263996e+02
   5.4396108e+02
   4.1473751e+02
   5.1888948e+02
   1.4449799e+02
   5.2037090e+01
   5.4793169e+02
  -5.7632244e+01
   2.5214609e+02
   4.6777142e+02
   5.4979393e+02
   7.7625028e+02
   2.1474874e+02
   6.6735894e+02
   2.9871695e+02
   4.8106201e+02
   5.4612592e+02
   5.4086288e+01
   3.0242741e+02
   2.1942799e+02
   4.4280497e+02
   2.9444763e+02
   1.3766275e+02
   7.7629428e+01
   1.3403291e+02
   3.2404914e+02
   4.1922644e+02
   1.9165740e+02
   7.7892746e+02
   3.6154951e+02
   4.8787186e+02
   5.7293010e+02
   6.1418535e+02
   5.8484932e+02
   5.3062716e+02
   1.2871927e+02
   6.6147601e+02
   3.1140555e+02
   2.4264266e+02
   4.0881872e+02
   3.0914182e+02
   5.3553351e+02
   9.1794239e+01
   5.5596323e+02
   6.7073808e+02
   3.6502820e+02
   7.6669287e+02
   3.8517684e+02
   3.6791666e+02
   2.0726627e+02
   5.7266850e+02
   4.6853129e+02
  -3.5370351e+01
   3.0703895e+02
   6.1823888e+02
   7.5740794e+02
   5.0494953e+02
   4.7908837e+01
   3.5515026e+02
   2.9981339e+02
   6.7697145e+02
   1.6312409e+01
   7.1868049e+02
   7.5703227e+01
  -1.5381366e+00
  -6.5853375e+01
   3.1366751e+02
   3.5058764e+02
   3.2295589e+02
  -7.3996317e+01
   4.2930326e+02
   8.9459938e+01
   1.9309415e+02
   5.7833215e+02
   4.3879591e+02
   1.6791886e+02
   7.2840027e+02
   2.0334315e+02
   6.3565555e+02
  -5.7498880e+01
   4.1487153e+02
   3.6258935e+02
   7.0248231e+01
   7.6445364e+02
   3.3819658e+02
   6.1408835e+02
   6.4111272e+01
   6.4056674e+02
   1.1705540e+02
   7.1312641e+02
   2.4479599e+02
   1.2221362e+02
   3.8767799e+02
   5.9453900e+02
   4.4731401e+02
   8.0521208e+02
   5.6129887e+02
   1.9160101e+02
   6.5411094e+02
   6.6318526e+02
   4.8572852e+02
   1.7063386e+02
   1.2190380e+02
   4.7586866e+02
   5.2367204e+02
   5.5669772e+02
   7.3473127e+02
   6.1476711e+02
   5.1039881e+01
   1.4851242e+02
   2.1717688e+02
   6.6571173e+02
   5.8421093e+02
   4.0441242e+02
   5.3650786e+02
   2.6179450e+02
  -7.7377904e+01
   3.3848056e+02
   4.9711166e+02
   4.5175901e+02
   8.8019501e+01
   1.8869799e+02
  -1.2836521e+01
   1.7448937e+01
   6.9699128e+02
   3.3539005e+02
  -2.8536006e+01
   3.7435459e+02
  -1.4321665e+01
   4.2785993e+02
   8.1747235e+01
  -8.4002546e+00
   2.1145854e+02
   5.0971585e+01
   3.0611349e+02
   7.4664053e+02
   2.8737452e+02
   5.8863139e+02
   6.4110832e+02
   6.2381346e+02
   4.2760129e+02
  -3.8078542e+01
   1.7819063e+02
   1.2543815e+02
   2.5980423e+02
   2.9598992e+02
   7.6427562e+02
   7.3817239e+02
   4.2451260e+02
   5.1512277e+02
   7.5614822e+01
   2.6554317e+02
   5.4111368e+02
   2.1413258e+02
   4.7124596e+02
   1.0800635e+02
   5.9365691e+02
   7.9681042e+02
   5.1306749e+02
   3.4590799e+02
   4.5169282e+02
   5.0406302e+01
   8.0494722e+02
   4.3809371e+02
   1.3931849e+02
   7.8781853e+02
   2.0364782e+02
  -7.8493231e+01
   8.5628433e+01
   1.1315604e+02
   3.6716594e+02
   7.9271144e+02
   4.1620972e+02
   4.2517997e+02
   5.2929459e+02
   4.2438480e+02
   2.3734270e+01
   5.6949561e+02
  -4.2752881e+01
   6.8511445e+02
   5.5925775e+02
   7.5721242e+02
   3.3080060e+02
  -9.2350974e+01
   4.2382411e+02
   5.7092342e+02
   3.3496623e+02
   3.3587026e+01
   7.5870088e+02
   6.2444489e+02
   6.4250187e+01
   6.9871947e+01
   6.4785342e+02
   4.6129916e+02
   6.5946090e+02
   7.5042759e+02
   4.3089223e+02
   3.6828656e+02
   4.7406259e+02
   1.0448749e+02
  -8.6113417e+01
   8.6720315e+01
   4.8996383e+02
   5.0040904e+02
   7.5834706e+02
   3.8200729e+02
   3.3065849e+02
   1.4214366e+02
   2.8795796e+02
   4.5211721e+02
   6.8147415e+02
   2.4770728e+02
   6.0779074e+02
  -6.5786996e+01
   5.2233313e+02
   6.2596977e+02
   8.0319765e+02
   1.0737192e+02
   5.5296136e-01
   5.1684429e+02
   1.4062574e+02
   2.2370552e+01
  -2.1463678e+01
   7.7679596e+02
   4.0781016e+02
   5.8403187e+02
   6.8411857e+02
   3.5379638e+02
   4.2344302e+02
   4.2828584e+02
   1.1925397e+02
   7.5005018e+02
   1.4984196e+02
   6.0841602e+02
   1.0120423e+01
   4.2349027e+02
  -7.7981828e+01
   3.1938852e+02
   7.6128189e+02
   1.2754463e+02
   5.4385314e+02
   6.0113355e+02
   5.8631941e+02
   7.9593300e+02
   4.3319916e+02
   4.5880269e+02
   8.0181955e+02
   6.6725752e+02
   3.5787772e+01
   3.8543963e+02
  -8.6056375e+01
   2.3300132e+02
   5.1070617e+02
   4.5242844e+02
   7.4237754e+02
   4.4217197e+02
   1.9933883e+02
   1.3811863e+02
   7.9345154e+02
   4.7903667e+02
   7.3338448e+01
   2.5843989e+02
   5.5665745e+02
  -7.3356298e+01
   5.4408766e+01
   7.3895984e+02
   7.9163157e+02
   4.0544119e+02
   3.2382067e+02
   2.9586449e+02
   5.8229844e+02
   6.6562908e+02
   5.6830406e+02
  -4.2294531e+01
   7.0859962e+02
  -5.6540721e+01
   2.7795242e+02
   3.2713193e+02
   6.1983673e+02
   4.4347460e+02
   5.8836875e+02
   5.8623500e+02
   3.9577925e+02
   9.9357166e+01
  -6.6936177e+01
   7.1724401e+01
   2.6559211e+01
   4.2549651e+02
  -8.4192180e+01
   2.4949368e+02
   4.3625198e+02
   2.3951373e+02
   4.1837810e+02
   3.0113501e+02
   6.3070169e+02
   4.8545267e+02
   1.2168362e+02
   5.0948879e+02
   4.0974839e+02
   1.3405920e+02
   2.7668316e+02
   4.6173543e+02
   1.9040661e+02
   1.7856628e+02
   7.9762152e+01
   8.0245566e+02
   4.0767716e+02
   1.9635006e+02
   3.9850928e+02
   2.2204553e+02
   3.1759198e+02
  -2.5039315e+00
   4.2316036e+02
   3.1367702e+01
   1.8771154e+02
   7.2565005e+02
   7.0923184e+02
  -1.5029585e+01
   1.9764687e+02
   5.2972152e+02
   6.4509722e+02
   5.9146820e+02
   5.4326837e+02
   4.0246975e+02
   6.1763183e+02
   4.4459088e+02
   3.1571295e+02
   3.5004164e+02
   1.4898269e+02
   4.3182989e+02
   3.1049427e+02
   5.5592535e+02
   7.0775516e+02
  -8.2426856e+01
   8.6019989e+01
   6.9859391e+02
   7.2128772e+02
   7.9277276e+02
   1.7070148e+02
   6.5018389e+02
   6.3305691e+02
   6.6656775e+02
   3.7721445e+02
  -2.0791366e+01
   9.6048398e+01
   5.8411449e+02
   5.2098958e+01
   2.3231589e+02
   9.8167755e+01
   5.6581247e+01
   1.1307221e+02
   7.4496952e+02
   8.0770614e+02
   1.1215923e+02
   7.7650700e+02
   4.7194428e+01
   2.1588703e+02
   4.8325105e+02
   5.0772421e+02
   6.4139650e+01
  -4.2392537e+01
   6.2295817e+02
   6.0169323e+02
   1.8495193e+02
  -4.7339426e+01
   1.4356259e+02
   4.3563725e+02
  -1.4717331e+01
   2.6180574e+02
  -3.7516161e+01
  -5.0351426e+01
   5.4596161e+02
   7.9149298e+02
   8.1465583e+02
   1.9937833e+01
   3.6614285e+02
   1.8221080e+02
   4.1146045e+02
   5.6850264e+02
   6.1640965e+02
   3.7442004e+02
   3.1437628e+02
   1.5447682e+01
   3.3519045e+02
   7.9594276e+02
   6.3055964e+02
   1.4547964e+02
   2.3940140e+02
   3.0462159e+01
   1.3326806e+02
   7.4499582e+02
   6.0552005e+00
   7.4438327e+02
   7.1885538e+02
   4.0176260e+02
   4.4849253e+02
  -8.9430352e+01
   1.6592478e+02
   4.7099561e+01
   6.6958303e+02
   1.9260675e+02
   7.5378176e+02
   5.1315916e+02
   3.2791376e-01
   7.2536701e+02
   7.0185220e+02
   3.0949694e+02
   1.9587616e+02
  -6.5849401e+01
   5.7359383e+02
   7.4938260e+02
   4.8386717e+02
   5.0709694e+02
  -7.0018441e+01
   7.0550635e+02
   4.1639171e+01
   5.1046789e+02
   3.8784555e+02
   1.3735617e+02
   7.5505145e+02
   3.5334103e+01
   7.7640365e+02
   6.6877906e+02
  -5.9007566e+01
   1.3377497e+01
   6.0934463e+02
   1.6144638e+02
   3.4523416e+02
   4.9525262e+02
  -6.7826163e+01
   3.6736966e+02
   4.2218431e+02
   7.8013917e+01
   4.1805880e+02
   7.6172585e+02
   7.0938096e+02
   1.5817872e+02
   7.8998306e+02
   3.5093084e+02
   7.0430265e+02
   6.7373483e+02
   1.2871343e+01
   5.1643617e+02
   6.3010745e+02
   3.8480082e+02
   7.1341618e+01
   4.1595477e+02
   9.2374404e+00
   4.8132610e+02
   3.6341012e+02
   7.3898059e+02
   1.7622679e+02
   1.2939564e+02
   1.3154945e+02
   7.9210021e+02
   1.0695371e+02
   5.2529667e+01
   2.3837511e+02
   2.1520736e+02
  -5.9609759e+01
  -1.3235628e+01
   6.6719215e+02
   5.7080495e+02
   6.9296103e+02
   7.5537260e+02
   8.0679097e+02
   4.4980172e+02
   7.8978895e+02
   2.4346729e+02
   2.3500614e+02
   5.7563711e+02
   7.8659265e+02
   5.0921800e+02
   3.3492954e+02
   5.4395458e+02
   2.9139978e+02
   4.5070151e+02
   5.1666110e+02
   8.0285006e+02
   5.9066090e+02
  -5.4854655e+01
   2.2065146e+02
  -5.6004493e+01
   3.5539530e+02
   8.0716472e+02
   5.7088423e+02
   5.2314756e+02
   6.3766862e+02
   9.5270042e+01
   2.3606931e+02
   2.9901102e+02
  -7.1398135e+01
   7.8141762e+02
   6.1014530e+02
   3.3947480e+02
   4.4098405e+02
   8.0170445e+02
  -3.1730288e+01
   2.6038626e+02
   5.3884018e+02
   3.7832411e+02
   6.1055866e+02
   6.5687170e+02
  -4.2924633e+01
  -5.1288766e+01
   1.5450901e+02
   3.2787039e+02
   6.6729348e+02
   9.0406049e+01
  -6.0357848e+01
   1.3894449e+02
   4.6228951e+02
   5.3007970e+02
   7.7582411e+02
   6.8432432e+02
  -5.5615672e+01
   5.7916197e+02
  -5.4223256e+01
  -8.8298909e+01
   7.2898500e+02
   7.5279190e+02
   5.8348763e+02
   2.0272447e+02
   3.4633602e+02
   3.9112107e+02
   6.3139030e+02
   6.9465462e+02
   6.5795386e+02
   4.1579068e+02
   2.7303593e+02
   1.4149156e+02
   5.5689600e+02
  -6.0168797e+01
   2.9981480e+02
   5.1951624e+02
   1.6377842e+02
   5.4797772e+02
   7.6807139e+02
  -2.6267226e+01
   3.1713291e+01
  -1.1486858e+01
   4.9280972e+02
   2.1547751e+01
   1.8319411e+02
   4.6508300e+02
   7.3656740e+02
   6.7894445e+02
  -1.8319659e+01
   3.8981123e+02
   2.1989768e+02
   3.2313784e+02
   7.7713124e+02
   3.1981764e+02
   2.0413337e+02
   3.4951307e+02
   5.2519787e+02
   7.8396675e+02
   3.4185737e+02
   5.6888358e+02
   3.1107244e+02
  -3.7658443e+01
   6.2271275e+01
   7.5932031e+02
   6.6626055e+02
   7.7216828e+02
   3.7059358e+02
   6.8540673e+02
   6.0087347e+02
   5.5623694e+02
   5.5568573e+02
  -5.2658280e+01
   1.4821243e+02
   1.2493284e+02
   6.9860532e+02
   2.5354943e+01
   3.9279449e+02
   7.4483672e+02
   6.1462297e+02
   2.1992098e+02
   1.9923778e+02
  -9.3356552e+00
  -4.2620146e+01
   1.8435810e+02
   2.7443970e+02
   4.6606991e+02
  -8.6386280e+01
   4.8738973e+02
   7.8574448e+02
   3.8432366e+02
   2.0311360e+02
   7.1765541e+02
   3.9907963e+02
   3.5027164e+02
   3.0477029e+02
   7.0331771e+02
   5.4586484e+02
   4.1606911e+01
   1.6541705e+01
   3.8655452e+02
   1.7388137e+02
   2.4445287e+02
   3.6828272e+02
   3.6894162e+02
   1.9414723e+02
   4.8314245e+02
  -7.0522597e+01
   7.9616278e+02
   5.1877708e+02
   4.2279590e+02
   1.7976892e+02
   4.4027900e+02
   3.6040690e+02
  -1.9472546e+01
   2.1390588e+02
   3.7958468e+01
   6.7199082e+02
   7.6895051e+01
   6.3541442e+02
   6.2254767e+02
   7.3833221e+02
   4.5805410e+02
   6.0414487e+02
   7.8384109e+02
   7.3344083e+02
   2.2096219e+02
  -6.8602048e+01
   4.0945326e+02
   2.7338972e+02
   4.4959890e+02
   7.0106635e+02
   5.5830538e+02
   5.2085274e+02
   6.4467642e+02
   3.1943805e+02
   5.1271786e+01
   5.1680922e+02
   6.7120844e+02
   3.5979492e+02
   7.3255924e+02
   4.5813372e+02
   2.9957089e+01
   2.9349715e+02
   2.6073330e+02
   3.8327541e+02
   4.3819044e+02
   7.0090545e+02
   1.3390261e+01
  -3.3777580e+01
   5.8524557e+02
   4.9545255e+01
   1.7609036e+02
   7.4486474e+02
   4.3260715e+02
   3.6559652e+02
   1.5792578e+02
   2.3547972e+02
   1.1121138e+02
  -7.0903281e+01
   5.9212914e+01
  -6.1406679e+01
   6.8970756e+02
   2.9671944e+02
  -7.5203074e+01
   6.3385290e+02
   6.2834472e+00
   4.4551998e+02
   3.0395000e+02
   1.6243081e+02
   4.2784322e+02
   2.1830855e+02
   8.0980906e+00
   1.7206281e+02
   4.8543260e+02
   1.1866802e+02
   5.1847483e+02
   2.9969661e+02
   2.2660874e+02
  -7.2694954e+01
   5.3294510e+02
   6.8986440e+02
   2.2235874e+02
   8.0193093e+01
   3.2971495e+02
   2.9401668e+01
   1.0682200e+02
   7.0326174e+02
   7.2306611e+02
   5.8103610e+02
   4.5826693e+02
  -9.0898822e+01
   5.6684278e+02
   4.3563124e+02
   4.6056936e+02
   6.7658946e+02
   4.1109078e+02
   5.0049505e+02
   3.3935609e+02
  -1.9397869e+01
   3.7643155e+02
   3.6027717e+01
   2.4283464e+02
   1.2286768e+02
   5.0288056e+02
  -7.3362657e+01
   6.3291536e+01
  -6.0883817e+01
   5.5973324e+02
  -4.1634677e+01
  -7.8121074e+01
  -6.1182949e+01
   6.7889049e+02
   1.1797228e+02
   5.3203294e+01
   2.8943364e+02
   5.9683661e+02
   6.5027524e+02
   6.9324968e+02
   5.4258832e+02
  -6.2080801e+01
   6.3557339e+02
   2.6320713e+02
   2.2319853e+02
   3.4073443e+02
   4.9417739e+02
   6.6166320e+01
  -5.8904091e+01
   5.7304586e+02
   3.6983349e+02
   3.4243927e+02
   6.4405011e+02
   3.0395644e+01
   1.1556199e+02
   2.3001087e+01
  -2.8107131e+01
   6.2270857e+02
   5.8597097e+02
   6.7299798e+02
   2.9967258e+02
   7.8416796e+02
   7.7477283e+02
   7.3517866e+02
   4.3157606e+02
  -9.0365193e+01
   1.9568983e+02
  -7.0640500e+01
  -8.6938462e+01
   7.5432742e+02
   6.4122224e+02
   6.4790846e+02
   2.9251078e+01
  -9.0628178e+01
   1.4519118e+01
   5.2391266e+02
   6.1315243e+02
   8.3193110e+01
   4.3786709e+02
   1.1251183e+01
   4.0161466e+02
   3.8371186e+02
   2.1908475e+02
   1.7929915e+02
   8.5609892e+01
   6.6187236e+02
   4.2815142e+02
   2.1327293e+02
   4.0439247e+02
   1.0077624e+01
   2.6426794e+02
   6.0488189e+02
   7.6375342e+02
   5.8038999e+02
   7.0508333e+02
   5.3071024e+02
   3.3079229e+02
   6.7114568e+02
   7.9666271e+02
   6.8638191e+02
   3.3463964e+02
   3.8866142e+02
   4.0840277e+02
   6.6827304e+02
   5.7307534e+02
   2.1236054e+02
   6.8574223e+02
   1.2619676e+02
   4.0565677e+02
  -3.4436081e+01
   3.0982111e+02
   7.7340178e+02
   5.9743628e+02
   6.9906651e+02
   3.3724502e+02
   2.9708071e+02
  -8.7920834e+01
  -4.1914693e+00
   6.0405531e+02
   7.7678586e+02
  -6.6264095e+00
   7.0018676e+01
   6.5098645e+01
   3.9424737e+02
   4.3445784e+02
   1.4161500e+02
   7.8191330e+02
   1.9095288e+02
   4.8168587e+02
   3.4821218e+02
   9.3983008e+01
   5.3271677e+02
   4.3281412e+02
   6.4269691e+02
   6.0549372e+02
   6.4535695e+02
   6.4759435e+02
   3.0268009e+02
   7.0698118e+02
   1.7256805e+02
  -4.1503824e+01
   7.5305325e+02
   6.2269615e+01
   4.2337551e+02
   2.7835447e+02
   6.9492839e+02
  -1.2234588e+01
   4.7673222e+02
  -1.4768694e-01
   5.5911294e+02
   5.5484361e+02
  -5.4500546e+01
  -1.9422613e+01
   4.3415801e+02
   4.1771780e+02
   6.4666032e+02
   7.7127828e+02
  -4.3892495e+01
   6.4699881e+02
  -7.5490747e+01
   7.0207016e+02
   6.7462064e+02
   7.8276861e+02
   5.3936621e+02
   4.8674436e+02
   7.6036765e+02
   4.9360541e-01
   3.5323258e+02
   3.3216245e+02
   2.9631296e+02
   4.1307534e+02
   6.8032912e+02
   9.8508493e+01
   4.6178601e+02
  -7.4648611e+01
   6.0640484e+02
   3.4496560e+02
   7.9783334e+02
   5.2149278e+02
   5.8075439e+02
   4.0741242e+02
