   1.9911439e+02
   2.4740585e+01
   1.6457600e+02
   9.2774198e+01
  -3.8317680e+01
   1.0735979e+02
   8.9174765e+01
   1.8356864e+02
   1.9031800e+02
   1.4627354e+02
   1.4820284e+02
  -1.5044676e+00
  -5.0661042e+01
   2.8233637e+01
   1.7084657e+02
   3.5313303e+01
  -3.2097444e+01
   7.8155412e+01
   1.2260760e+02
  -4.4935531e+00
   1.1589590e+02
   9.8164018e+01
  -4.4148438e+01
   3.2732805e-01
  -1.3368385e+01
   4.1930069e+01
   5.7175760e+01
   1.9416963e+02
   1.3439127e+02
   1.6596395e+02
   1.4545177e+02
   1.6452643e+02
   6.5583510e+01
   1.3717009e+02
   5.3698511e-01
   1.9848313e+02
   1.9388109e+02
   1.1227549e+02
   1.5474699e+02
   4.7627837e+01
   9.5822930e+01
  -3.8078037e+01
   7.9111480e+00
   1.5231315e+02
   7.0589139e+01
   2.2576517e+01
  -4.2740666e+01
   1.8516267e+02
   1.0840179e+02
   3.7288495e+01
   1.2218372e+02
   9.9322586e+01
   6.5409064e+01
   1.1928282e+02
   1.6226219e+02
   5.9795057e+01
   1.3150507e+02
   2.2176216e+01
   5.5121482e+01
   1.3268817e+02
   1.4055024e+02
   2.3352918e-01
  -1.0075068e+01
   1.1800943e+02
   1.3212529e+02
   1.5929990e+02
   1.7595940e+02
   1.1383308e+02
   1.4040673e+02
   3.4283226e+01
  -1.4737595e+01
   1.7693220e+02
   1.6201255e+02
   1.3836795e+02
  -2.6147723e+01
   3.9880128e+01
   1.8035402e+02
   5.0335432e+00
  -4.2781440e+00
  -1.9392827e+00
   9.5230891e+01
   4.8416847e+01
   1.4024359e+02
  -5.0633803e+01
   2.6898174e+01
  -2.8463443e+01
   5.1196722e+01
   1.7492049e+02
   9.6283086e+01
   1.6853490e+02
  -1.0852402e+01
   1.8661614e+02
  -1.7743061e+01
   9.5202250e+01
   1.4883547e+02
   1.5817229e+02
   8.5578943e+01
   1.2420015e+02
   1.9918239e+02
   7.1173517e+01
  -3.1788439e+01
   1.3234085e+02
  -5.6109393e+01
   1.8725167e+02
   5.3785191e+01
   1.4667390e+02
   7.5717308e+00
   1.5034226e+02
  -3.2563846e+01
   6.2736302e+00
   1.4298800e+02
  -4.5939757e+01
   9.9806721e+01
   8.7259556e+01
   1.4831843e+02
  -1.5674676e+01
  -3.2716743e+01
   1.4186596e+02
   1.6127813e+02
   1.3712083e+02
   4.7678391e+01
  -1.1833969e+01
  -2.5400105e+01
   1.0934042e+02
  -5.2460062e+01
   2.7880465e+01
   1.0337616e+02
   9.1997974e+01
   4.2073608e+01
   1.9936965e+02
   6.8403410e+01
   7.6488626e+01
   1.5329810e+02
   5.0045666e+01
   7.2589755e+01
   1.9788518e+02
   1.0661406e+02
   1.9699836e+02
   2.8862013e+01
   2.3058740e+01
   1.5356551e+02
   1.4324780e+02
   1.9542062e+02
   5.3584659e+01
   8.8513073e+01
   9.1506474e+01
   1.5872625e+02
  -4.1620115e+01
   3.5531673e+01
  -2.0737091e+01
   1.0028376e+02
   9.0725557e+01
   2.9762115e+01
   1.2387337e+02
   1.7376743e+02
   1.6182497e+02
   1.9089783e+02
   1.2545076e+02
   1.5002200e+02
   1.2013746e+02
   1.9027497e+02
   3.6248067e+01
   1.7408568e+02
   7.8136678e+01
   1.5521624e+02
   1.5990704e+02
  -2.8520130e+01
   1.0050075e+02
   1.3375043e+02
  -4.6861973e+01
   1.8260573e+02
   3.3670085e+01
   1.0420493e+01
   9.2946016e+01
   6.3737621e+01
   4.2819863e+01
   1.9184246e+02
   1.0013041e+01
   2.1342911e+01
   3.1943069e+01
   2.7982933e+01
   1.4108995e+02
   1.6391761e+02
  -3.2997752e+00
  -5.1783957e+01
  -1.6863454e+01
   9.5124741e+01
   1.1499298e+02
   1.3388459e+02
   5.3182563e+01
   4.3200788e+01
   2.9019279e+01
   3.4120346e+01
  -4.0654296e+01
  -3.2048154e+01
   1.7424056e+02
   2.7294917e+00
   1.8681102e+01
   1.5839355e+02
   5.8649886e+01
   5.3419723e+01
   1.2265426e+02
   9.7806662e+01
  -2.1792358e+01
  -4.0798423e+01
   1.9235030e+01
  -9.3088691e+00
  -1.8505182e+01
  -3.7657506e+01
  -5.4783097e+01
   1.9055190e+02
   1.6674107e+02
   8.1002834e+00
   1.0604639e+02
   1.4010185e+02
   6.5075975e+01
  -5.9166143e+00
   1.1666230e+02
   1.8793860e+01
   1.1856932e+02
   1.1037234e+02
   1.2921085e+02
   1.8106848e+02
   1.8280670e+02
   1.6693582e+02
   1.1797515e+02
   1.8735214e+02
   8.9122950e+01
   3.0340919e+01
   7.0320317e+00
   1.6413889e+02
   1.6568797e+02
   3.3002891e+01
   5.3198759e+01
  -1.4733508e+01
  -5.6362375e+01
   2.6854006e+01
   8.3062334e+01
   4.6721713e+01
  -3.1531986e+01
   5.4567508e+01
  -5.1777856e+01
   1.9591200e+02
  -1.1220647e+01
   7.5535892e+01
   1.6166228e+02
   8.6907995e+01
   6.2768567e+01
   4.6889424e+01
  -5.0508447e+01
   1.3394306e+02
   1.4122165e+02
   5.4561976e+01
   6.9015015e+01
   3.2684598e+00
   1.6607934e+02
  -5.2131135e+00
   9.8734433e+01
   8.9316368e+01
   1.2930016e+02
   1.1768646e+02
   6.7557577e+01
   6.5013709e+01
  -7.3932102e+00
   2.5199873e+01
   1.0358118e+02
   1.5587506e+02
   1.1526829e+02
   1.0613773e+00
   9.1313913e+01
  -3.6019887e+01
   8.7746477e+01
  -4.2248109e+01
  -4.9790099e+01
   1.2041420e+02
   6.0939416e+01
   1.0389389e+01
  -3.8612821e+00
   1.6254950e+02
   1.5796034e+02
  -4.2615666e+01
  -1.9987676e+01
  -2.1823313e+01
   1.7224880e+02
   1.1166216e+02
   1.8051079e+02
   4.5800115e+01
   8.0676839e+01
   1.2006692e+02
  -4.6303107e+01
   1.4497490e+02
   3.8650518e+01
   1.4971558e+02
   7.6605401e+01
  -8.3605919e+00
  -5.4406985e+01
   1.7595103e+02
  -3.2246695e+01
  -1.2037630e+01
   1.3551687e+02
   1.1588867e+02
   1.7058999e+02
  -5.9138667e+01
   1.2348683e+02
   1.1643603e+02
   1.6359556e+02
   2.9333871e+01
  -4.0917920e+01
   1.9237602e+02
   2.1953423e+01
   3.7196273e+01
   1.0060618e+02
   1.1395845e+02
  -5.3785478e+01
  -3.5978742e+01
   1.3516762e+02
  -3.7301969e+01
  -6.4867877e+00
   1.2357939e+02
  -2.3944632e+01
   1.8974345e+01
   1.0007321e+02
  -5.0938687e+00
   1.9816855e+02
   6.2024671e+01
   7.6311374e+00
   1.9718392e+02
   1.9653133e+02
   1.1335028e+02
  -1.0275841e+01
  -3.5395388e+01
   1.1455321e+02
   1.4434239e+02
   1.4056761e+02
   1.9457748e+01
   1.0684130e+02
   1.1006172e+02
   1.0740175e+02
  -3.9176971e+01
   4.6658540e+01
   1.2556216e+02
   1.2058671e+02
   2.4366764e+01
   7.1064430e+01
  -1.1819692e+00
   1.1636837e+02
  -4.7592820e+01
   1.4996617e+02
  -8.4345718e+00
   5.5626276e+01
   1.0237008e+02
   1.7232035e+02
   5.7697048e+01
   1.4352097e+01
  -5.1242034e+01
   1.4353758e+02
  -5.5963738e+01
  -5.8191908e+01
   6.1289525e+01
   1.5462515e+02
   7.7358210e+01
  -2.2600942e+01
   8.1252015e+01
   1.1762689e+02
   1.9688234e+02
   4.0880240e+01
   1.5937695e+02
  -2.8802776e+01
   1.2632932e+02
  -4.3003588e+01
  -5.0202644e+00
   1.2535852e+02
   1.1386307e+02
  -3.4768869e+01
  -5.2078847e+01
   1.8855329e+01
  -3.4089202e+00
   1.0261625e+02
   4.4258327e+01
  -4.8606271e+01
   1.6313158e+02
  -4.8333850e+01
  -3.1739653e+01
   1.0787879e+02
   1.3782015e+02
   1.5202941e+02
   1.5178356e+02
   7.5550529e+01
   1.6153214e+02
   1.4349032e+02
   1.4842056e+02
   1.0666360e+02
  -2.4313789e+01
   1.8925893e+02
   1.5966676e+02
   1.4373883e+02
  -3.6077776e+01
   4.7756784e+01
   1.1545360e+02
   1.4172357e+02
   5.9363086e+01
  -1.2737831e+01
   1.8102404e+00
  -3.7476321e+01
   1.1905742e+02
   4.9671579e+01
   4.8627757e+01
   2.3029586e+01
   1.5563755e+02
   1.2514442e+02
   1.1682652e+02
   4.3543459e+01
   1.7478272e+01
  -4.2103986e+01
   1.2849732e+02
  -5.4576405e+01
  -4.8634078e+01
   5.0026455e+01
   6.6886729e+01
   7.0172289e+01
   3.7169764e+01
   1.7535475e+02
   1.7178675e+02
   1.0913479e+02
   1.0649906e+02
  -4.4475387e+00
   1.1532527e+02
   1.3941697e+01
   1.0345448e+02
   1.0424278e+02
   3.6220626e+01
   1.0409917e+02
   1.9762118e+01
  -9.7540009e+00
   6.6353131e+01
   7.3591733e+01
   1.0055462e+02
   1.0966634e+02
  -3.4981720e+01
   5.6332620e+01
   1.5015809e+01
   9.0628398e+01
  -5.8701373e+01
   1.2523162e+02
   9.6841832e+01
  -4.2244880e+01
  -2.1918771e+01
   5.3565739e+01
  -3.1329593e+01
   1.1722787e+02
  -1.0796911e+01
   1.4326063e+00
   6.5819450e+01
   1.6275080e+02
   1.4498544e+01
  -3.0570182e+01
   5.4725719e+01
   1.2526393e+02
   8.7534275e+01
   1.8298697e+02
  -2.0100064e+01
  -4.8072174e+01
   1.1124925e+02
  -5.4667427e+01
   1.8424661e+02
  -1.4458541e+01
   1.5528924e+02
   1.7143178e+02
  -4.5723704e+01
  -3.9858840e+01
  -7.5604380e+00
   1.8960772e+02
  -1.9484370e+01
   9.9895422e+01
   7.1705019e+00
  -7.4624383e+00
   1.2425905e+02
   6.0511287e+01
  -5.0338773e+00
   8.8849570e+01
   1.9033293e+02
   1.8873985e+02
   1.3213187e+02
  -1.0041099e+01
  -4.3557346e+01
   1.7221230e+02
   9.3892138e+01
  -5.6464954e+01
  -5.0672947e+01
  -4.2472826e+01
  -1.6626175e+01
   9.7853594e+01
   5.6378489e+01
   1.7991550e+02
  -4.7574125e+01
   2.5367170e+01
   4.9602343e+01
   1.4620828e+02
   8.2207198e+01
   7.9967007e+01
   8.2567036e+01
   1.2749993e+02
   1.2149981e+02
   1.2205705e+02
  -5.6504400e+01
   6.4720655e+01
   7.3482329e+01
   1.1305355e+02
   2.2552763e+01
   4.1599803e+00
   1.4002295e+02
   1.3564429e+02
   6.1420961e+01
  -3.9299725e-02
  -3.2355811e+01
   5.8316602e+01
   1.8091729e+02
   9.5415575e+01
   1.0474791e+02
   1.5343915e+02
   1.6658894e+02
   6.1278941e+01
   2.3674403e+01
   1.9271978e+02
  -1.0253909e+01
   1.7755321e+02
   1.4161450e+02
  -3.3523256e+01
  -2.5376491e+01
  -5.5822672e+00
   1.8321184e+02
  -3.2446655e+01
   5.0001086e+01
   1.1838509e+02
   1.3847594e+01
   1.2560802e+02
   1.1262050e+02
   1.0145919e+02
   1.8697270e+02
   1.6138338e+02
   7.4275255e+01
   9.8788552e+01
  -1.6578813e+01
  -1.6320795e+01
   7.0647641e+01
   6.3761715e+01
  -4.7845503e+01
   4.8302909e+01
   1.8380037e+02
   1.4333102e+02
   1.3928172e+01
   1.9411704e+02
   4.0847531e+01
   9.3035609e+01
   3.6514374e+00
  -5.4459018e+00
   1.5349879e+02
   1.2095430e+02
  -6.9757583e+00
   1.6562130e+02
  -5.6125480e+00
   1.5435330e+02
  -2.6289557e+00
   1.0442862e+02
   8.5795578e+01
   1.7800641e+02
   6.0837776e+01
  -2.7656153e+01
   1.7670082e+02
   8.2480339e+01
   5.7497110e+01
   1.6742428e+02
   3.3825765e+01
   1.0165440e+02
  -2.7625522e+01
  -4.9343610e+01
   1.1630592e+01
   1.6678443e+01
   1.3533069e+02
   4.9809437e+01
   2.4355617e-01
   3.6704392e+01
   6.3206393e+01
   1.7006303e+02
   7.2202037e+01
   1.6779334e+02
  -1.1685950e+01
   1.2508796e+02
   1.1047068e+02
   8.3012593e+01
   6.0230755e+01
   1.3630705e+02
  -2.9028441e+00
   9.0751006e+01
   1.7624154e+01
   4.9386232e+01
   5.7913464e+01
   1.5575900e+01
   5.0605800e+00
  -3.8122239e+01
   1.0457659e+01
   1.4558242e+02
   2.8400571e+01
   1.0093016e+02
  -1.2557203e+01
   4.5236241e+01
   1.2841245e+02
   1.5318501e+02
   1.8407013e+02
   1.2555611e+02
   1.3004428e+02
   1.7231252e+02
   1.5673646e+01
   1.4103239e+02
   7.0749094e+01
  -5.2421259e+01
   6.6576003e+01
   1.6185110e+02
  -3.1173367e+01
   1.0962542e+00
   1.2058110e+02
   1.4326244e+02
   6.6078580e+01
   4.7359182e+01
   1.0643529e+02
   1.5577575e+02
   1.5525820e+02
   9.1142356e+01
   1.0068206e+02
   6.5215672e+01
   1.1678418e+02
   1.3280774e+02
   3.9673542e+01
   1.7487210e+02
   8.5305940e+01
   1.9636421e+02
   4.5368641e+01
   1.8457035e+02
   1.7374375e+02
  -4.1824633e+01
   7.4521538e+01
   6.5307945e+01
   1.3442004e+02
   1.3859578e+02
   7.4464715e+01
   9.0934582e+00
  -3.3631416e+01
   1.5867690e+02
   1.1289872e+02
   1.9491572e+02
   1.2768458e+02
  -2.7390905e+01
   1.9591472e+02
   2.0021414e+02
   1.1526810e+02
  -2.7953998e+01
   6.7367805e+01
   1.2695244e+02
  -4.3466418e+01
   1.2539536e+02
   1.1883841e+02
   7.7404155e+01
  -2.0472854e+01
   1.9734448e+02
   1.9548547e+02
  -3.4042615e+01
   1.1098320e+02
   1.7697934e+02
   6.2820348e+01
   1.0632861e+02
   1.9567321e+02
   1.8244028e+02
   1.0044459e+01
   9.6215368e+00
   1.5182147e+02
   4.3558396e+01
   1.6980866e+02
   1.1429848e+02
   1.1754741e+02
   1.5548786e+02
   2.7484690e+01
   1.9763630e+02
   1.9461873e+02
   7.4616370e+01
   1.7809235e+02
   5.1975284e+01
   3.7511140e+01
   7.3335961e+01
   1.9659205e+02
   1.7279694e+02
   1.6134608e+02
  -4.9675538e+01
  -2.5662958e+01
   1.2976473e+02
   7.0122036e+01
  -4.2426685e+01
  -5.3687590e+01
   1.6753495e+02
   8.3860046e+01
   1.1323966e+02
   3.7288197e+01
   1.7046074e+02
   8.5693479e+01
   1.3848565e+02
   1.3670465e+02
   8.2225625e+01
   1.7529805e+02
   1.1061291e+02
   2.1028411e+01
   8.7152011e+01
  -3.9034548e+01
   1.8135940e+00
   8.8394617e+01
  -5.1659039e+01
   6.8869496e+01
   1.5724785e+02
   4.7936106e+01
   1.7946035e+02
   1.8661873e+02
   5.2905157e+01
   2.3764367e+01
   1.5845084e+02
   5.2360991e+01
   8.2414059e+01
  -5.9558986e+00
   7.0022400e+01
   2.1961804e+01
   1.7288518e+02
  -9.6758158e+00
   7.7217645e+01
   2.5590897e+00
   4.7715179e+01
   1.3379690e+02
   2.4942705e+01
   4.1755654e+01
   1.7425101e+02
   3.9849515e+01
   1.4894175e+02
   7.3324765e+01
  -1.8593503e+01
   6.0617645e+01
  -5.5071533e+01
   9.3174132e+01
   1.2197857e+01
   1.7568893e+02
  -1.6024229e+01
   3.5806658e-01
   1.1059343e+01
   1.8508883e+02
   1.8573701e+02
  -2.6290386e+00
   7.6021330e+01
   5.4735143e+01
   2.1635757e+01
   4.0925063e+01
   1.9235365e+02
  -2.4592423e+01
   1.3188495e+02
   1.4709788e+02
   1.0165212e+02
   2.0641713e+01
  -5.1634499e+01
   1.8966773e+02
   1.8999799e+02
   3.9346866e+01
   1.3644275e+02
   4.3155194e+01
  -2.0498336e+01
   1.8756241e+02
   1.2211971e+02
   3.4657446e+01
   4.5645394e+01
   2.0242914e+01
   5.1548167e+01
   1.1999118e+02
  -4.4250635e+01
  -6.3149959e+00
   1.3834898e+02
   1.2519403e+02
   7.4495085e+01
   9.1387326e+01
   6.5026278e+01
   4.2802165e+01
   7.3082747e+01
   1.4234653e+02
   1.8988971e+02
   1.1644710e+01
   1.9066775e+02
  -1.5647374e+01
   9.4571509e+01
   1.1722349e+02
   1.4405774e+02
  -1.0531237e+01
   1.4951383e+02
   1.5955997e+02
   8.6611728e+01
  -6.3936093e+00
   6.6247340e+01
   1.6508424e+02
   1.0487883e+02
   8.9780497e+00
   2.8679955e+01
   1.9903327e+02
   1.7355987e+02
   4.3413322e+01
  -3.3625447e+01
   2.4284645e+01
  -3.1786797e+01
   2.7453295e+01
   1.4487817e+01
   4.0545123e+01
  -4.4747991e+01
  -4.1877538e+01
   4.2358823e+01
  -4.7680685e+01
   1.8799036e+02
   1.9973222e+02
   1.9896936e+02
   5.8767866e+01
   1.9775893e+02
   1.3536028e+02
   1.9551275e+02
   1.8826890e+02
   5.1789651e+01
   1.9478001e+02
   1.5033970e+02
   1.9780074e+02
   1.3789626e+01
   1.5590253e+02
   1.0335338e+02
   1.7889864e+02
   6.7930303e+01
  -2.8162731e+01
   1.6436882e+02
   1.9118763e+02
  -1.8327096e+01
   1.3687576e+02
  -3.7334200e+01
  -5.4462460e+01
  -4.7513192e+01
   3.2702395e+01
  -2.3407669e+01
   9.9083772e+01
   8.7317440e+00
   8.0107512e+01
   1.1322329e+02
   1.2061023e+02
   5.9011380e+01
   1.5453423e+02
  -3.6277953e+01
   2.6262396e+01
  -5.6892609e+01
   9.9337760e+01
   1.3615559e+02
   1.7320135e+02
   1.7293368e+02
  -4.5962377e+01
   1.0994657e+02
   1.4612611e+02
   5.0499472e+01
   5.7293630e+01
   4.1768355e+01
   1.7154449e+02
  -3.4814138e+01
   1.7457665e+02
   1.4971726e+02
   1.6144120e+02
  -1.1393730e+01
   1.3113507e+02
   1.4156705e+02
   2.5437121e+01
   1.3000069e+02
   1.3811043e+02
  -8.6195603e+00
  -2.3306894e+01
   3.8672123e+01
  -9.7590516e+00
   1.7570917e+02
  -3.6248975e+01
   6.0941561e+01
   1.5724970e+02
   2.3077179e+01
   1.5542464e+02
   7.1269164e+01
   6.4310763e+01
   3.7572336e+01
   5.7611242e+00
   1.2312022e+02
  -4.8689469e+00
   2.1050427e+00
  -2.6523644e+01
   1.3848903e+02
   1.7120481e+02
   3.5924882e+01
   1.7605553e+02
   1.5260070e+02
   7.6842530e+01
   1.8187343e+02
   2.0196698e+01
   1.8764467e+02
  -1.9463027e+01
  -2.2412229e+01
  -1.2369467e+01
   1.4211251e+02
   4.6067002e+01
   9.1603456e+00
   3.6211679e+01
   4.5088460e+01
   1.2406981e+02
   1.6771194e+02
   1.7508309e+02
   7.6026955e+00
   9.0468947e+01
   1.6963903e+02
   1.5884357e+02
  -4.4009413e+01
   1.0143190e+02
   6.4827812e+01
   8.8396743e+01
   1.2850568e+02
  -1.8890622e-01
   1.7978831e+02
   1.0194814e+02
   1.5089826e+02
   2.8132638e-01
   1.4981578e+02
   1.9011761e+02
   7.7988707e+01
   7.0186511e+01
   9.0015437e+01
   3.7616127e+01
   1.1760977e+02
   5.5838542e+01
  -4.0640264e+00
  -5.6098367e+01
   1.0028190e+02
   2.7319751e+00
  -2.9820400e+01
  -2.0536634e+01
   1.2696783e+02
   9.5496260e+00
   1.6400226e+02
   7.6839441e+00
  -3.4905577e+00
   6.4942445e+01
   1.5964374e+02
   6.7850557e+01
   1.0002702e+02
  -4.8775169e+01
   1.4225831e+02
   1.6334283e+02
  -3.1086406e+01
   6.1821014e+01
  -3.1923413e+01
   1.5391072e+02
   7.5002823e+01
   1.7432125e+02
   6.0828244e+01
  -3.1806334e+01
  -4.5053986e+00
   1.4216849e+02
   8.4210599e+00
   8.6967490e+01
   1.7890854e+02
   1.6705410e+02
  -3.3535729e+01
   8.5423018e+01
   1.3321008e+02
   1.7039752e+02
   8.5209214e+01
   6.9621216e+01
   9.1409897e+01
   1.0116920e+02
   9.4109260e+01
   9.9497239e+01
   1.7031053e+02
   9.6682996e+01
  -4.6905224e+01
   1.1615314e+02
   4.2956497e+01
   1.5612920e+02
   7.8602792e+01
   9.8694241e+01
   1.4331614e+02
   4.0358008e+01
  -1.1281273e+00
   3.7373472e+01
   2.7348698e+01
   3.8640702e+01
   1.0899840e+02
   1.7832066e+02
   1.8841836e+02
   2.0601560e+01
   8.9087959e+01
   1.3545882e+02
   1.9956126e+02
   1.4892991e+02
   1.9646798e+02
   8.2569788e+01
   1.4991944e+02
   1.9911439e+02
   2.4740585e+01
   1.6457600e+02
   9.2774198e+01
  -3.8317680e+01
   1.0735979e+02
   8.9174765e+01
   1.8356864e+02
   1.9031800e+02
   1.4627354e+02
   1.4820284e+02
  -1.5044676e+00
  -5.0661042e+01
   2.8233637e+01
   1.7084657e+02
   3.5313303e+01
  -3.2097444e+01
   7.8155412e+01
   1.2260760e+02
  -4.4935531e+00
   1.1589590e+02
   9.8164018e+01
  -4.4148438e+01
   3.2732805e-01
  -1.3368385e+01
   4.1930069e+01
   5.7175760e+01
   1.9416963e+02
   1.3439127e+02
   1.6596395e+02
   1.4545177e+02
   1.6452643e+02
   6.5583510e+01
   1.3717009e+02
   5.3698511e-01
   1.9848313e+02
   1.9388109e+02
   1.1227549e+02
   1.5474699e+02
   4.7627837e+01
   9.5822930e+01
  -3.8078037e+01
   7.9111480e+00
   1.5231315e+02
   7.0589139e+01
   2.2576517e+01
  -4.2740666e+01
   1.8516267e+02
   1.0840179e+02
   3.7288495e+01
   1.2218372e+02
   9.9322586e+01
   6.5409064e+01
   1.1928282e+02
   1.6226219e+02
   5.9795057e+01
   1.3150507e+02
   2.2176216e+01
   5.5121482e+01
   1.3268817e+02
   1.4055024e+02
   2.3352918e-01
  -1.0075068e+01
   1.1800943e+02
   1.3212529e+02
   1.5929990e+02
   1.7595940e+02
   1.1383308e+02
   1.4040673e+02
   3.4283226e+01
  -1.4737595e+01
   1.7693220e+02
   1.6201255e+02
   1.3836795e+02
  -2.6147723e+01
   3.9880128e+01
   1.8035402e+02
   5.0335432e+00
  -4.2781440e+00
  -1.9392827e+00
   9.5230891e+01
   4.8416847e+01
   1.4024359e+02
  -5.0633803e+01
   2.6898174e+01
  -2.8463443e+01
   5.1196722e+01
   1.7492049e+02
   9.6283086e+01
   1.6853490e+02
  -1.0852402e+01
   1.8661614e+02
  -1.7743061e+01
   9.5202250e+01
   1.4883547e+02
   1.5817229e+02
   8.5578943e+01
   1.2420015e+02
   1.9918239e+02
   7.1173517e+01
  -3.1788439e+01
   1.3234085e+02
  -5.6109393e+01
   1.8725167e+02
   5.3785191e+01
   1.4667390e+02
   7.5717308e+00
   1.5034226e+02
  -3.2563846e+01
   6.2736302e+00
   1.4298800e+02
  -4.5939757e+01
   9.9806721e+01
   8.7259556e+01
   1.4831843e+02
  -1.5674676e+01
  -3.2716743e+01
   1.4186596e+02
   1.6127813e+02
   1.3712083e+02
   4.7678391e+01
  -1.1833969e+01
  -2.5400105e+01
   1.0934042e+02
  -5.2460062e+01
   2.7880465e+01
   1.0337616e+02
   9.1997974e+01
   4.2073608e+01
   1.9936965e+02
   6.8403410e+01
   7.6488626e+01
   1.5329810e+02
   5.0045666e+01
   7.2589755e+01
   1.9788518e+02
   1.0661406e+02
   1.9699836e+02
   2.8862013e+01
   2.3058740e+01
   1.5356551e+02
   1.4324780e+02
   1.9542062e+02
   5.3584659e+01
   8.8513073e+01
   9.1506474e+01
   1.5872625e+02
  -4.1620115e+01
   3.5531673e+01
  -2.0737091e+01
   1.0028376e+02
   9.0725557e+01
   2.9762115e+01
   1.2387337e+02
   1.7376743e+02
   1.6182497e+02
   1.9089783e+02
   1.2545076e+02
   1.5002200e+02
   1.2013746e+02
   1.9027497e+02
   3.6248067e+01
   1.7408568e+02
   7.8136678e+01
   1.5521624e+02
   1.5990704e+02
  -2.8520130e+01
   1.0050075e+02
   1.3375043e+02
  -4.6861973e+01
   1.8260573e+02
   3.3670085e+01
   1.0420493e+01
   9.2946016e+01
   6.3737621e+01
   4.2819863e+01
   1.9184246e+02
   1.0013041e+01
   2.1342911e+01
   3.1943069e+01
   2.7982933e+01
   1.4108995e+02
   1.6391761e+02
  -3.2997752e+00
  -5.1783957e+01
  -1.6863454e+01
   9.5124741e+01
   1.1499298e+02
   1.3388459e+02
   5.3182563e+01
   4.3200788e+01
   2.9019279e+01
   3.4120346e+01
  -4.0654296e+01
  -3.2048154e+01
   1.7424056e+02
   2.7294917e+00
   1.8681102e+01
   1.5839355e+02
   5.8649886e+01
   5.3419723e+01
   1.2265426e+02
   9.7806662e+01
  -2.1792358e+01
  -4.0798423e+01
   1.9235030e+01
  -9.3088691e+00
  -1.8505182e+01
  -3.7657506e+01
  -5.4783097e+01
   1.9055190e+02
   1.6674107e+02
   8.1002834e+00
   1.0604639e+02
   1.4010185e+02
   6.5075975e+01
  -5.9166143e+00
   1.1666230e+02
   1.8793860e+01
   1.1856932e+02
   1.1037234e+02
   1.2921085e+02
   1.8106848e+02
   1.8280670e+02
   1.6693582e+02
   1.1797515e+02
   1.8735214e+02
   8.9122950e+01
   3.0340919e+01
   7.0320317e+00
   1.6413889e+02
   1.6568797e+02
   3.3002891e+01
   5.3198759e+01
  -1.4733508e+01
  -5.6362375e+01
   2.6854006e+01
   8.3062334e+01
   4.6721713e+01
  -3.1531986e+01
   5.4567508e+01
  -5.1777856e+01
   1.9591200e+02
  -1.1220647e+01
   7.5535892e+01
   1.6166228e+02
   8.6907995e+01
   6.2768567e+01
   4.6889424e+01
  -5.0508447e+01
   1.3394306e+02
   1.4122165e+02
   5.4561976e+01
   6.9015015e+01
   3.2684598e+00
   1.6607934e+02
  -5.2131135e+00
   9.8734433e+01
   8.9316368e+01
   1.2930016e+02
   1.1768646e+02
   6.7557577e+01
   6.5013709e+01
  -7.3932102e+00
   2.5199873e+01
   1.0358118e+02
   1.5587506e+02
   1.1526829e+02
   1.0613773e+00
   9.1313913e+01
  -3.6019887e+01
   8.7746477e+01
  -4.2248109e+01
  -4.9790099e+01
   1.2041420e+02
   6.0939416e+01
   1.0389389e+01
  -3.8612821e+00
   1.6254950e+02
   1.5796034e+02
  -4.2615666e+01
  -1.9987676e+01
  -2.1823313e+01
   1.7224880e+02
   1.1166216e+02
   1.8051079e+02
   4.5800115e+01
   8.0676839e+01
   1.2006692e+02
  -4.6303107e+01
   1.4497490e+02
   3.8650518e+01
   1.4971558e+02
   7.6605401e+01
  -8.3605919e+00
  -5.4406985e+01
   1.7595103e+02
  -3.2246695e+01
  -1.2037630e+01
   1.3551687e+02
   1.1588867e+02
   1.7058999e+02
  -5.9138667e+01
   1.2348683e+02
   1.1643603e+02
   1.6359556e+02
   2.9333871e+01
  -4.0917920e+01
   1.9237602e+02
   2.1953423e+01
   3.7196273e+01
   1.0060618e+02
   1.1395845e+02
  -5.3785478e+01
  -3.5978742e+01
   1.3516762e+02
  -3.7301969e+01
  -6.4867877e+00
   1.2357939e+02
  -2.3944632e+01
   1.8974345e+01
   1.0007321e+02
  -5.0938687e+00
   1.9816855e+02
   6.2024671e+01
   7.6311374e+00
   1.9718392e+02
   1.9653133e+02
   1.1335028e+02
  -1.0275841e+01
  -3.5395388e+01
   1.1455321e+02
   1.4434239e+02
   1.4056761e+02
   1.9457748e+01
   1.0684130e+02
   1.1006172e+02
   1.0740175e+02
  -3.9176971e+01
   4.6658540e+01
   1.2556216e+02
   1.2058671e+02
   2.4366764e+01
   7.1064430e+01
  -1.1819692e+00
   1.1636837e+02
  -4.7592820e+01
   1.4996617e+02
  -8.4345718e+00
   5.5626276e+01
   1.0237008e+02
   1.7232035e+02
   5.7697048e+01
   1.4352097e+01
  -5.1242034e+01
   1.4353758e+02
  -5.5963738e+01
  -5.8191908e+01
   6.1289525e+01
   1.5462515e+02
   7.7358210e+01
  -2.2600942e+01
   8.1252015e+01
   1.1762689e+02
   1.9688234e+02
   4.0880240e+01
   1.5937695e+02
  -2.8802776e+01
   1.2632932e+02
  -4.3003588e+01
  -5.0202644e+00
   1.2535852e+02
   1.1386307e+02
  -3.4768869e+01
  -5.2078847e+01
   1.8855329e+01
  -3.4089202e+00
   1.0261625e+02
   4.4258327e+01
  -4.8606271e+01
   1.6313158e+02
  -4.8333850e+01
  -3.1739653e+01
   1.0787879e+02
   1.3782015e+02
   1.5202941e+02
   1.5178356e+02
   7.5550529e+01
   1.6153214e+02
   1.4349032e+02
   1.4842056e+02
   1.0666360e+02
  -2.4313789e+01
   1.8925893e+02
   1.5966676e+02
   1.4373883e+02
  -3.6077776e+01
   4.7756784e+01
   1.1545360e+02
   1.4172357e+02
   5.9363086e+01
  -1.2737831e+01
   1.8102404e+00
  -3.7476321e+01
   1.1905742e+02
   4.9671579e+01
   4.8627757e+01
   2.3029586e+01
   1.5563755e+02
   1.2514442e+02
   1.1682652e+02
   4.3543459e+01
   1.7478272e+01
  -4.2103986e+01
   1.2849732e+02
  -5.4576405e+01
  -4.8634078e+01
   5.0026455e+01
   6.6886729e+01
   7.0172289e+01
   3.7169764e+01
   1.7535475e+02
   1.7178675e+02
   1.0913479e+02
   1.0649906e+02
  -4.4475387e+00
   1.1532527e+02
   1.3941697e+01
   1.0345448e+02
   1.0424278e+02
   3.6220626e+01
   1.0409917e+02
   1.9762118e+01
  -9.7540009e+00
   6.6353131e+01
   7.3591733e+01
   1.0055462e+02
   1.0966634e+02
  -3.4981720e+01
   5.6332620e+01
   1.5015809e+01
   9.0628398e+01
  -5.8701373e+01
   1.2523162e+02
   9.6841832e+01
  -4.2244880e+01
  -2.1918771e+01
   5.3565739e+01
  -3.1329593e+01
   1.1722787e+02
  -1.0796911e+01
   1.4326063e+00
   6.5819450e+01
   1.6275080e+02
   1.4498544e+01
  -3.0570182e+01
   5.4725719e+01
   1.2526393e+02
   8.7534275e+01
   1.8298697e+02
  -2.0100064e+01
  -4.8072174e+01
   1.1124925e+02
  -5.4667427e+01
   1.8424661e+02
  -1.4458541e+01
   1.5528924e+02
   1.7143178e+02
  -4.5723704e+01
  -3.9858840e+01
  -7.5604380e+00
   1.8960772e+02
  -1.9484370e+01
   9.9895422e+01
   7.1705019e+00
  -7.4624383e+00
   1.2425905e+02
   6.0511287e+01
  -5.0338773e+00
   8.8849570e+01
   1.9033293e+02
   1.8873985e+02
   1.3213187e+02
  -1.0041099e+01
  -4.3557346e+01
   1.7221230e+02
   9.3892138e+01
  -5.6464954e+01
  -5.0672947e+01
  -4.2472826e+01
  -1.6626175e+01
   9.7853594e+01
   5.6378489e+01
   1.7991550e+02
  -4.7574125e+01
   2.5367170e+01
   4.9602343e+01
   1.4620828e+02
   8.2207198e+01
   7.9967007e+01
   8.2567036e+01
   1.2749993e+02
   1.2149981e+02
   1.2205705e+02
  -5.6504400e+01
   6.4720655e+01
   7.3482329e+01
   1.1305355e+02
   2.2552763e+01
   4.1599803e+00
   1.4002295e+02
   1.3564429e+02
   6.1420961e+01
  -3.9299725e-02
  -3.2355811e+01
   5.8316602e+01
   1.8091729e+02
   9.5415575e+01
   1.0474791e+02
   1.5343915e+02
   1.6658894e+02
   6.1278941e+01
   2.3674403e+01
   1.9271978e+02
  -1.0253909e+01
   1.7755321e+02
   1.4161450e+02
  -3.3523256e+01
  -2.5376491e+01
  -5.5822672e+00
   1.8321184e+02
  -3.2446655e+01
   5.0001086e+01
   1.1838509e+02
   1.3847594e+01
   1.2560802e+02
   1.1262050e+02
   1.0145919e+02
   1.8697270e+02
   1.6138338e+02
   7.4275255e+01
   9.8788552e+01
  -1.6578813e+01
  -1.6320795e+01
   7.0647641e+01
   6.3761715e+01
  -4.7845503e+01
   4.8302909e+01
   1.8380037e+02
   1.4333102e+02
   1.3928172e+01
   1.9411704e+02
   4.0847531e+01
   9.3035609e+01
   3.6514374e+00
  -5.4459018e+00
   1.5349879e+02
   1.2095430e+02
  -6.9757583e+00
   1.6562130e+02
  -5.6125480e+00
   1.5435330e+02
  -2.6289557e+00
   1.0442862e+02
   8.5795578e+01
   1.7800641e+02
   6.0837776e+01
  -2.7656153e+01
   1.7670082e+02
   8.2480339e+01
   5.7497110e+01
   1.6742428e+02
   3.3825765e+01
   1.0165440e+02
  -2.7625522e+01
  -4.9343610e+01
   1.1630592e+01
   1.6678443e+01
   1.3533069e+02
   4.9809437e+01
   2.4355617e-01
   3.6704392e+01
   6.3206393e+01
   1.7006303e+02
   7.2202037e+01
   1.6779334e+02
  -1.1685950e+01
   1.2508796e+02
   1.1047068e+02
   8.3012593e+01
   6.0230755e+01
   1.3630705e+02
  -2.9028441e+00
   9.0751006e+01
   1.7624154e+01
   4.9386232e+01
   5.7913464e+01
   1.5575900e+01
   5.0605800e+00
  -3.8122239e+01
   1.0457659e+01
   1.4558242e+02
   2.8400571e+01
   1.0093016e+02
  -1.2557203e+01
   4.5236241e+01
   1.2841245e+02
   1.5318501e+02
   1.8407013e+02
   1.2555611e+02
   1.3004428e+02
   1.7231252e+02
   1.5673646e+01
   1.4103239e+02
   7.0749094e+01
  -5.2421259e+01
   6.6576003e+01
   1.6185110e+02
  -3.1173367e+01
   1.0962542e+00
   1.2058110e+02
   1.4326244e+02
   6.6078580e+01
   4.7359182e+01
   1.0643529e+02
   1.5577575e+02
   1.5525820e+02
   9.1142356e+01
   1.0068206e+02
   6.5215672e+01
   1.1678418e+02
   1.3280774e+02
   3.9673542e+01
   1.7487210e+02
   8.5305940e+01
   1.9636421e+02
   4.5368641e+01
   1.8457035e+02
   1.7374375e+02
  -4.1824633e+01
   7.4521538e+01
   6.5307945e+01
   1.3442004e+02
   1.3859578e+02
   7.4464715e+01
   9.0934582e+00
  -3.3631416e+01
   1.5867690e+02
   1.1289872e+02
   1.9491572e+02
   1.2768458e+02
  -2.7390905e+01
   1.9591472e+02
   2.0021414e+02
   1.1526810e+02
  -2.7953998e+01
   6.7367805e+01
   1.2695244e+02
  -4.3466418e+01
   1.2539536e+02
   1.1883841e+02
   7.7404155e+01
  -2.0472854e+01
   1.9734448e+02
   1.9548547e+02
  -3.4042615e+01
   1.1098320e+02
   1.7697934e+02
   6.2820348e+01
   1.0632861e+02
   1.9567321e+02
   1.8244028e+02
   1.0044459e+01
   9.6215368e+00
   1.5182147e+02
   4.3558396e+01
   1.6980866e+02
   1.1429848e+02
   1.1754741e+02
   1.5548786e+02
   2.7484690e+01
   1.9763630e+02
   1.9461873e+02
   7.4616370e+01
   1.7809235e+02
   5.1975284e+01
   3.7511140e+01
   7.3335961e+01
   1.9659205e+02
   1.7279694e+02
   1.6134608e+02
  -4.9675538e+01
  -2.5662958e+01
   1.2976473e+02
   7.0122036e+01
  -4.2426685e+01
  -5.3687590e+01
   1.6753495e+02
   8.3860046e+01
   1.1323966e+02
   3.7288197e+01
   1.7046074e+02
   8.5693479e+01
   1.3848565e+02
   1.3670465e+02
   8.2225625e+01
   1.7529805e+02
   1.1061291e+02
   2.1028411e+01
   8.7152011e+01
  -3.9034548e+01
   1.8135940e+00
   8.8394617e+01
  -5.1659039e+01
   6.8869496e+01
   1.5724785e+02
   4.7936106e+01
   1.7946035e+02
   1.8661873e+02
   5.2905157e+01
   2.3764367e+01
   1.5845084e+02
   5.2360991e+01
   8.2414059e+01
  -5.9558986e+00
   7.0022400e+01
   2.1961804e+01
   1.7288518e+02
  -9.6758158e+00
   7.7217645e+01
   2.5590897e+00
   4.7715179e+01
   1.3379690e+02
   2.4942705e+01
   4.1755654e+01
   1.7425101e+02
   3.9849515e+01
   1.4894175e+02
   7.3324765e+01
  -1.8593503e+01
   6.0617645e+01
  -5.5071533e+01
   9.3174132e+01
   1.2197857e+01
   1.7568893e+02
  -1.6024229e+01
   3.5806658e-01
   1.1059343e+01
   1.8508883e+02
   1.8573701e+02
  -2.6290386e+00
   7.6021330e+01
   5.4735143e+01
   2.1635757e+01
   4.0925063e+01
   1.9235365e+02
  -2.4592423e+01
   1.3188495e+02
   1.4709788e+02
   1.0165212e+02
   2.0641713e+01
  -5.1634499e+01
   1.8966773e+02
   1.8999799e+02
   3.9346866e+01
   1.3644275e+02
   4.3155194e+01
  -2.0498336e+01
   1.8756241e+02
   1.2211971e+02
   3.4657446e+01
   4.5645394e+01
   2.0242914e+01
   5.1548167e+01
   1.1999118e+02
  -4.4250635e+01
  -6.3149959e+00
   1.3834898e+02
   1.2519403e+02
   7.4495085e+01
   9.1387326e+01
   6.5026278e+01
   4.2802165e+01
   7.3082747e+01
   1.4234653e+02
   1.8988971e+02
   1.1644710e+01
   1.9066775e+02
  -1.5647374e+01
   9.4571509e+01
   1.1722349e+02
   1.4405774e+02
  -1.0531237e+01
   1.4951383e+02
   1.5955997e+02
   8.6611728e+01
  -6.3936093e+00
   6.6247340e+01
   1.6508424e+02
   1.0487883e+02
   8.9780497e+00
   2.8679955e+01
   1.9903327e+02
   1.7355987e+02
   4.3413322e+01
  -3.3625447e+01
   2.4284645e+01
  -3.1786797e+01
   2.7453295e+01
   1.4487817e+01
   4.0545123e+01
  -4.4747991e+01
  -4.1877538e+01
   4.2358823e+01
  -4.7680685e+01
   1.8799036e+02
   1.9973222e+02
   1.9896936e+02
   5.8767866e+01
   1.9775893e+02
   1.3536028e+02
   1.9551275e+02
   1.8826890e+02
   5.1789651e+01
   1.9478001e+02
   1.5033970e+02
   1.9780074e+02
   1.3789626e+01
   1.5590253e+02
   1.0335338e+02
   1.7889864e+02
   6.7930303e+01
  -2.8162731e+01
   1.6436882e+02
   1.9118763e+02
  -1.8327096e+01
   1.3687576e+02
  -3.7334200e+01
  -5.4462460e+01
  -4.7513192e+01
   3.2702395e+01
  -2.3407669e+01
   9.9083772e+01
   8.7317440e+00
   8.0107512e+01
   1.1322329e+02
   1.2061023e+02
   5.9011380e+01
   1.5453423e+02
  -3.6277953e+01
   2.6262396e+01
  -5.6892609e+01
   9.9337760e+01
   1.3615559e+02
   1.7320135e+02
   1.7293368e+02
  -4.5962377e+01
   1.0994657e+02
   1.4612611e+02
   5.0499472e+01
   5.7293630e+01
   4.1768355e+01
   1.7154449e+02
  -3.4814138e+01
   1.7457665e+02
   1.4971726e+02
   1.6144120e+02
  -1.1393730e+01
   1.3113507e+02
   1.4156705e+02
   2.5437121e+01
   1.3000069e+02
   1.3811043e+02
  -8.6195603e+00
  -2.3306894e+01
   3.8672123e+01
  -9.7590516e+00
   1.7570917e+02
  -3.6248975e+01
   6.0941561e+01
   1.5724970e+02
   2.3077179e+01
   1.5542464e+02
   7.1269164e+01
   6.4310763e+01
   3.7572336e+01
   5.7611242e+00
   1.2312022e+02
  -4.8689469e+00
   2.1050427e+00
  -2.6523644e+01
   1.3848903e+02
   1.7120481e+02
   3.5924882e+01
   1.7605553e+02
   1.5260070e+02
   7.6842530e+01
   1.8187343e+02
   2.0196698e+01
   1.8764467e+02
  -1.9463027e+01
  -2.2412229e+01
  -1.2369467e+01
   1.4211251e+02
   4.6067002e+01
   9.1603456e+00
   3.6211679e+01
   4.5088460e+01
   1.2406981e+02
   1.6771194e+02
   1.7508309e+02
   7.6026955e+00
   9.0468947e+01
   1.6963903e+02
   1.5884357e+02
  -4.4009413e+01
   1.0143190e+02
   6.4827812e+01
   8.8396743e+01
   1.2850568e+02
  -1.8890622e-01
   1.7978831e+02
   1.0194814e+02
   1.5089826e+02
   2.8132638e-01
   1.4981578e+02
   1.9011761e+02
   7.7988707e+01
   7.0186511e+01
   9.0015437e+01
   3.7616127e+01
   1.1760977e+02
   5.5838542e+01
  -4.0640264e+00
  -5.6098367e+01
   1.0028190e+02
   2.7319751e+00
  -2.9820400e+01
  -2.0536634e+01
   1.2696783e+02
   9.5496260e+00
   1.6400226e+02
   7.6839441e+00
  -3.4905577e+00
   6.4942445e+01
   1.5964374e+02
   6.7850557e+01
   1.0002702e+02
  -4.8775169e+01
   1.4225831e+02
   1.6334283e+02
  -3.1086406e+01
   6.1821014e+01
  -3.1923413e+01
   1.5391072e+02
   7.5002823e+01
   1.7432125e+02
   6.0828244e+01
  -3.1806334e+01
  -4.5053986e+00
   1.4216849e+02
   8.4210599e+00
   8.6967490e+01
   1.7890854e+02
   1.6705410e+02
  -3.3535729e+01
   8.5423018e+01
   1.3321008e+02
   1.7039752e+02
   8.5209214e+01
   6.9621216e+01
   9.1409897e+01
   1.0116920e+02
   9.4109260e+01
   9.9497239e+01
   1.7031053e+02
   9.6682996e+01
  -4.6905224e+01
   1.1615314e+02
   4.2956497e+01
   1.5612920e+02
   7.8602792e+01
   9.8694241e+01
   1.4331614e+02
   4.0358008e+01
  -1.1281273e+00
   3.7373472e+01
   2.7348698e+01
   3.8640702e+01
   1.0899840e+02
   1.7832066e+02
   1.8841836e+02
   2.0601560e+01
   8.9087959e+01
   1.3545882e+02
   1.9956126e+02
   1.4892991e+02
   1.9646798e+02
   8.2569788e+01
   1.4991944e+02
   1.9911439e+02
   2.4740585e+01
   1.6457600e+02
   9.2774198e+01
  -3.8317680e+01
   1.0735979e+02
   8.9174765e+01
   1.8356864e+02
   1.9031800e+02
   1.4627354e+02
   1.4820284e+02
  -1.5044676e+00
  -5.0661042e+01
   2.8233637e+01
   1.7084657e+02
   3.5313303e+01
  -3.2097444e+01
   7.8155412e+01
   1.2260760e+02
  -4.4935531e+00
   1.1589590e+02
   9.8164018e+01
  -4.4148438e+01
   3.2732805e-01
  -1.3368385e+01
   4.1930069e+01
   5.7175760e+01
   1.9416963e+02
   1.3439127e+02
   1.6596395e+02
   1.4545177e+02
   1.6452643e+02
   6.5583510e+01
   1.3717009e+02
   5.3698511e-01
   1.9848313e+02
   1.9388109e+02
   1.1227549e+02
   1.5474699e+02
   4.7627837e+01
   9.5822930e+01
  -3.8078037e+01
   7.9111480e+00
   1.5231315e+02
   7.0589139e+01
   2.2576517e+01
  -4.2740666e+01
   1.8516267e+02
   1.0840179e+02
   3.7288495e+01
   1.2218372e+02
   9.9322586e+01
   6.5409064e+01
   1.1928282e+02
   1.6226219e+02
   5.9795057e+01
   1.3150507e+02
   2.2176216e+01
   5.5121482e+01
   1.3268817e+02
   1.4055024e+02
   2.3352918e-01
  -1.0075068e+01
   1.1800943e+02
   1.3212529e+02
   1.5929990e+02
   1.7595940e+02
   1.1383308e+02
   1.4040673e+02
   3.4283226e+01
  -1.4737595e+01
   1.7693220e+02
   1.6201255e+02
   1.3836795e+02
  -2.6147723e+01
   3.9880128e+01
   1.8035402e+02
   5.0335432e+00
  -4.2781440e+00
  -1.9392827e+00
   9.5230891e+01
   4.8416847e+01
   1.4024359e+02
  -5.0633803e+01
   2.6898174e+01
  -2.8463443e+01
   5.1196722e+01
   1.7492049e+02
   9.6283086e+01
   1.6853490e+02
  -1.0852402e+01
   1.8661614e+02
  -1.7743061e+01
   9.5202250e+01
   1.4883547e+02
   1.5817229e+02
   8.5578943e+01
   1.2420015e+02
   1.9918239e+02
   7.1173517e+01
  -3.1788439e+01
   1.3234085e+02
  -5.6109393e+01
   1.8725167e+02
   5.3785191e+01
   1.4667390e+02
   7.5717308e+00
   1.5034226e+02
  -3.2563846e+01
   6.2736302e+00
   1.4298800e+02
  -4.5939757e+01
   9.9806721e+01
   8.7259556e+01
   1.4831843e+02
  -1.5674676e+01
  -3.2716743e+01
   1.4186596e+02
   1.6127813e+02
   1.3712083e+02
   4.7678391e+01
  -1.1833969e+01
  -2.5400105e+01
   1.0934042e+02
  -5.2460062e+01
   2.7880465e+01
   1.0337616e+02
   9.1997974e+01
   4.2073608e+01
   1.9936965e+02
   6.8403410e+01
   7.6488626e+01
   1.5329810e+02
   5.0045666e+01
   7.2589755e+01
   1.9788518e+02
   1.0661406e+02
   1.9699836e+02
   2.8862013e+01
   2.3058740e+01
   1.5356551e+02
   1.4324780e+02
   1.9542062e+02
   5.3584659e+01
   8.8513073e+01
   9.1506474e+01
   1.5872625e+02
  -4.1620115e+01
   3.5531673e+01
  -2.0737091e+01
   1.0028376e+02
   9.0725557e+01
   2.9762115e+01
   1.2387337e+02
   1.7376743e+02
   1.6182497e+02
   1.9089783e+02
   1.2545076e+02
   1.5002200e+02
   1.2013746e+02
   1.9027497e+02
   3.6248067e+01
   1.7408568e+02
   7.8136678e+01
   1.5521624e+02
   1.5990704e+02
  -2.8520130e+01
   1.0050075e+02
   1.3375043e+02
  -4.6861973e+01
   1.8260573e+02
   3.3670085e+01
   1.0420493e+01
   9.2946016e+01
   6.3737621e+01
   4.2819863e+01
   1.9184246e+02
   1.0013041e+01
   2.1342911e+01
   3.1943069e+01
   2.7982933e+01
   1.4108995e+02
   1.6391761e+02
  -3.2997752e+00
  -5.1783957e+01
  -1.6863454e+01
   9.5124741e+01
   1.1499298e+02
   1.3388459e+02
   5.3182563e+01
   4.3200788e+01
   2.9019279e+01
   3.4120346e+01
  -4.0654296e+01
  -3.2048154e+01
   1.7424056e+02
   2.7294917e+00
   1.8681102e+01
   1.5839355e+02
   5.8649886e+01
   5.3419723e+01
   1.2265426e+02
   9.7806662e+01
  -2.1792358e+01
  -4.0798423e+01
   1.9235030e+01
  -9.3088691e+00
  -1.8505182e+01
  -3.7657506e+01
  -5.4783097e+01
   1.9055190e+02
   1.6674107e+02
   8.1002834e+00
   1.0604639e+02
   1.4010185e+02
   6.5075975e+01
  -5.9166143e+00
   1.1666230e+02
   1.8793860e+01
   1.1856932e+02
   1.1037234e+02
   1.2921085e+02
   1.8106848e+02
   1.8280670e+02
   1.6693582e+02
   1.1797515e+02
   1.8735214e+02
   8.9122950e+01
   3.0340919e+01
   7.0320317e+00
   1.6413889e+02
   1.6568797e+02
   3.3002891e+01
   5.3198759e+01
  -1.4733508e+01
  -5.6362375e+01
   2.6854006e+01
   8.3062334e+01
   4.6721713e+01
  -3.1531986e+01
   5.4567508e+01
  -5.1777856e+01
   1.9591200e+02
  -1.1220647e+01
   7.5535892e+01
   1.6166228e+02
   8.6907995e+01
   6.2768567e+01
   4.6889424e+01
  -5.0508447e+01
   1.3394306e+02
   1.4122165e+02
   5.4561976e+01
   6.9015015e+01
   3.2684598e+00
   1.6607934e+02
  -5.2131135e+00
   9.8734433e+01
   8.9316368e+01
   1.2930016e+02
   1.1768646e+02
   6.7557577e+01
   6.5013709e+01
  -7.3932102e+00
   2.5199873e+01
   1.0358118e+02
   1.5587506e+02
   1.1526829e+02
   1.0613773e+00
   9.1313913e+01
  -3.6019887e+01
   8.7746477e+01
  -4.2248109e+01
  -4.9790099e+01
   1.2041420e+02
   6.0939416e+01
   1.0389389e+01
  -3.8612821e+00
   1.6254950e+02
   1.5796034e+02
  -4.2615666e+01
  -1.9987676e+01
  -2.1823313e+01
   1.7224880e+02
   1.1166216e+02
   1.8051079e+02
   4.5800115e+01
   8.0676839e+01
   1.2006692e+02
  -4.6303107e+01
   1.4497490e+02
   3.8650518e+01
   1.4971558e+02
   7.6605401e+01
  -8.3605919e+00
  -5.4406985e+01
   1.7595103e+02
  -3.2246695e+01
  -1.2037630e+01
   1.3551687e+02
   1.1588867e+02
   1.7058999e+02
  -5.9138667e+01
   1.2348683e+02
   1.1643603e+02
   1.6359556e+02
   2.9333871e+01
  -4.0917920e+01
   1.9237602e+02
   2.1953423e+01
   3.7196273e+01
   1.0060618e+02
   1.1395845e+02
  -5.3785478e+01
  -3.5978742e+01
   1.3516762e+02
  -3.7301969e+01
  -6.4867877e+00
   1.2357939e+02
  -2.3944632e+01
   1.8974345e+01
   1.0007321e+02
  -5.0938687e+00
   1.9816855e+02
   6.2024671e+01
   7.6311374e+00
   1.9718392e+02
   1.9653133e+02
   1.1335028e+02
  -1.0275841e+01
  -3.5395388e+01
   1.1455321e+02
   1.4434239e+02
   1.4056761e+02
   1.9457748e+01
   1.0684130e+02
   1.1006172e+02
   1.0740175e+02
  -3.9176971e+01
   4.6658540e+01
   1.2556216e+02
   1.2058671e+02
   2.4366764e+01
   7.1064430e+01
  -1.1819692e+00
   1.1636837e+02
  -4.7592820e+01
   1.4996617e+02
  -8.4345718e+00
   5.5626276e+01
   1.0237008e+02
   1.7232035e+02
   5.7697048e+01
   1.4352097e+01
  -5.1242034e+01
   1.4353758e+02
  -5.5963738e+01
  -5.8191908e+01
   6.1289525e+01
   1.5462515e+02
   7.7358210e+01
  -2.2600942e+01
   8.1252015e+01
   1.1762689e+02
   1.9688234e+02
   4.0880240e+01
   1.5937695e+02
  -2.8802776e+01
   1.2632932e+02
  -4.3003588e+01
  -5.0202644e+00
   1.2535852e+02
   1.1386307e+02
  -3.4768869e+01
  -5.2078847e+01
   1.8855329e+01
  -3.4089202e+00
   1.0261625e+02
   4.4258327e+01
  -4.8606271e+01
   1.6313158e+02
  -4.8333850e+01
  -3.1739653e+01
   1.0787879e+02
   1.3782015e+02
   1.5202941e+02
   1.5178356e+02
   7.5550529e+01
   1.6153214e+02
   1.4349032e+02
   1.4842056e+02
   1.0666360e+02
  -2.4313789e+01
   1.8925893e+02
   1.5966676e+02
   1.4373883e+02
  -3.6077776e+01
   4.7756784e+01
   1.1545360e+02
   1.4172357e+02
   5.9363086e+01
  -1.2737831e+01
   1.8102404e+00
  -3.7476321e+01
   1.1905742e+02
   4.9671579e+01
   4.8627757e+01
   2.3029586e+01
   1.5563755e+02
   1.2514442e+02
   1.1682652e+02
   4.3543459e+01
   1.7478272e+01
  -4.2103986e+01
   1.2849732e+02
  -5.4576405e+01
  -4.8634078e+01
   5.0026455e+01
   6.6886729e+01
   7.0172289e+01
   3.7169764e+01
   1.7535475e+02
   1.7178675e+02
   1.0913479e+02
   1.0649906e+02
  -4.4475387e+00
   1.1532527e+02
   1.3941697e+01
   1.0345448e+02
   1.0424278e+02
   3.6220626e+01
   1.0409917e+02
   1.9762118e+01
  -9.7540009e+00
   6.6353131e+01
   7.3591733e+01
   1.0055462e+02
   1.0966634e+02
  -3.4981720e+01
   5.6332620e+01
   1.5015809e+01
   9.0628398e+01
  -5.8701373e+01
   1.2523162e+02
   9.6841832e+01
  -4.2244880e+01
  -2.1918771e+01
   5.3565739e+01
  -3.1329593e+01
   1.1722787e+02
  -1.0796911e+01
   1.4326063e+00
   6.5819450e+01
   1.6275080e+02
   1.4498544e+01
  -3.0570182e+01
   5.4725719e+01
   1.2526393e+02
   8.7534275e+01
   1.8298697e+02
  -2.0100064e+01
  -4.8072174e+01
   1.1124925e+02
  -5.4667427e+01
   1.8424661e+02
  -1.4458541e+01
   1.5528924e+02
   1.7143178e+02
  -4.5723704e+01
  -3.9858840e+01
  -7.5604380e+00
   1.8960772e+02
  -1.9484370e+01
   9.9895422e+01
   7.1705019e+00
  -7.4624383e+00
   1.2425905e+02
   6.0511287e+01
  -5.0338773e+00
   8.8849570e+01
   1.9033293e+02
   1.8873985e+02
   1.3213187e+02
  -1.0041099e+01
  -4.3557346e+01
   1.7221230e+02
   9.3892138e+01
  -5.6464954e+01
  -5.0672947e+01
  -4.2472826e+01
  -1.6626175e+01
   9.7853594e+01
   5.6378489e+01
   1.7991550e+02
  -4.7574125e+01
   2.5367170e+01
   4.9602343e+01
   1.4620828e+02
   8.2207198e+01
   7.9967007e+01
   8.2567036e+01
   1.2749993e+02
   1.2149981e+02
   1.2205705e+02
  -5.6504400e+01
   6.4720655e+01
   7.3482329e+01
   1.1305355e+02
   2.2552763e+01
   4.1599803e+00
   1.4002295e+02
   1.3564429e+02
   6.1420961e+01
  -3.9299725e-02
  -3.2355811e+01
   5.8316602e+01
   1.8091729e+02
   9.5415575e+01
   1.0474791e+02
   1.5343915e+02
   1.6658894e+02
   6.1278941e+01
   2.3674403e+01
   1.9271978e+02
  -1.0253909e+01
   1.7755321e+02
   1.4161450e+02
  -3.3523256e+01
  -2.5376491e+01
  -5.5822672e+00
   1.8321184e+02
  -3.2446655e+01
   5.0001086e+01
   1.1838509e+02
   1.3847594e+01
   1.2560802e+02
   1.1262050e+02
   1.0145919e+02
   1.8697270e+02
   1.6138338e+02
   7.4275255e+01
   9.8788552e+01
  -1.6578813e+01
  -1.6320795e+01
   7.0647641e+01
   6.3761715e+01
  -4.7845503e+01
   4.8302909e+01
   1.8380037e+02
   1.4333102e+02
   1.3928172e+01
   1.9411704e+02
   4.0847531e+01
   9.3035609e+01
   3.6514374e+00
  -5.4459018e+00
   1.5349879e+02
   1.2095430e+02
  -6.9757583e+00
   1.6562130e+02
  -5.6125480e+00
   1.5435330e+02
  -2.6289557e+00
   1.0442862e+02
   8.5795578e+01
   1.7800641e+02
   6.0837776e+01
  -2.7656153e+01
   1.7670082e+02
   8.2480339e+01
   5.7497110e+01
   1.6742428e+02
   3.3825765e+01
   1.0165440e+02
  -2.7625522e+01
  -4.9343610e+01
   1.1630592e+01
   1.6678443e+01
   1.3533069e+02
   4.9809437e+01
   2.4355617e-01
   3.6704392e+01
   6.3206393e+01
   1.7006303e+02
   7.2202037e+01
   1.6779334e+02
  -1.1685950e+01
   1.2508796e+02
   1.1047068e+02
   8.3012593e+01
   6.0230755e+01
   1.3630705e+02
  -2.9028441e+00
   9.0751006e+01
   1.7624154e+01
   4.9386232e+01
   5.7913464e+01
   1.5575900e+01
   5.0605800e+00
  -3.8122239e+01
   1.0457659e+01
   1.4558242e+02
   2.8400571e+01
   1.0093016e+02
  -1.2557203e+01
   4.5236241e+01
   1.2841245e+02
   1.5318501e+02
   1.8407013e+02
   1.2555611e+02
   1.3004428e+02
   1.7231252e+02
   1.5673646e+01
   1.4103239e+02
   7.0749094e+01
  -5.2421259e+01
   6.6576003e+01
   1.6185110e+02
  -3.1173367e+01
   1.0962542e+00
   1.2058110e+02
   1.4326244e+02
   6.6078580e+01
   4.7359182e+01
   1.0643529e+02
   1.5577575e+02
   1.5525820e+02
   9.1142356e+01
   1.0068206e+02
   6.5215672e+01
   1.1678418e+02
   1.3280774e+02
   3.9673542e+01
   1.7487210e+02
   8.5305940e+01
   1.9636421e+02
   4.5368641e+01
   1.8457035e+02
   1.7374375e+02
  -4.1824633e+01
   7.4521538e+01
   6.5307945e+01
   1.3442004e+02
   1.3859578e+02
   7.4464715e+01
   9.0934582e+00
  -3.3631416e+01
   1.5867690e+02
   1.1289872e+02
   1.9491572e+02
   1.2768458e+02
  -2.7390905e+01
   1.9591472e+02
   2.0021414e+02
   1.1526810e+02
  -2.7953998e+01
   6.7367805e+01
   1.2695244e+02
  -4.3466418e+01
   1.2539536e+02
   1.1883841e+02
   7.7404155e+01
  -2.0472854e+01
   1.9734448e+02
   1.9548547e+02
  -3.4042615e+01
   1.1098320e+02
   1.7697934e+02
   6.2820348e+01
   1.0632861e+02
   1.9567321e+02
   1.8244028e+02
   1.0044459e+01
   9.6215368e+00
   1.5182147e+02
   4.3558396e+01
   1.6980866e+02
   1.1429848e+02
   1.1754741e+02
   1.5548786e+02
   2.7484690e+01
   1.9763630e+02
   1.9461873e+02
   7.4616370e+01
   1.7809235e+02
   5.1975284e+01
   3.7511140e+01
   7.3335961e+01
   1.9659205e+02
   1.7279694e+02
   1.6134608e+02
  -4.9675538e+01
  -2.5662958e+01
   1.2976473e+02
   7.0122036e+01
  -4.2426685e+01
  -5.3687590e+01
   1.6753495e+02
   8.3860046e+01
   1.1323966e+02
   3.7288197e+01
   1.7046074e+02
   8.5693479e+01
   1.3848565e+02
   1.3670465e+02
   8.2225625e+01
   1.7529805e+02
   1.1061291e+02
   2.1028411e+01
   8.7152011e+01
  -3.9034548e+01
   1.8135940e+00
   8.8394617e+01
  -5.1659039e+01
   6.8869496e+01
   1.5724785e+02
   4.7936106e+01
   1.7946035e+02
   1.8661873e+02
   5.2905157e+01
   2.3764367e+01
   1.5845084e+02
   5.2360991e+01
   8.2414059e+01
  -5.9558986e+00
   7.0022400e+01
   2.1961804e+01
   1.7288518e+02
  -9.6758158e+00
   7.7217645e+01
   2.5590897e+00
   4.7715179e+01
   1.3379690e+02
   2.4942705e+01
   4.1755654e+01
   1.7425101e+02
   3.9849515e+01
   1.4894175e+02
   7.3324765e+01
  -1.8593503e+01
   6.0617645e+01
  -5.5071533e+01
   9.3174132e+01
   1.2197857e+01
   1.7568893e+02
  -1.6024229e+01
   3.5806658e-01
   1.1059343e+01
   1.8508883e+02
   1.8573701e+02
  -2.6290386e+00
   7.6021330e+01
   5.4735143e+01
   2.1635757e+01
   4.0925063e+01
   1.9235365e+02
  -2.4592423e+01
   1.3188495e+02
   1.4709788e+02
   1.0165212e+02
   2.0641713e+01
  -5.1634499e+01
   1.8966773e+02
   1.8999799e+02
   3.9346866e+01
   1.3644275e+02
   4.3155194e+01
  -2.0498336e+01
   1.8756241e+02
   1.2211971e+02
   3.4657446e+01
   4.5645394e+01
   2.0242914e+01
   5.1548167e+01
   1.1999118e+02
  -4.4250635e+01
  -6.3149959e+00
   1.3834898e+02
   1.2519403e+02
   7.4495085e+01
   9.1387326e+01
   6.5026278e+01
   4.2802165e+01
   7.3082747e+01
   1.4234653e+02
   1.8988971e+02
   1.1644710e+01
   1.9066775e+02
  -1.5647374e+01
   9.4571509e+01
   1.1722349e+02
   1.4405774e+02
  -1.0531237e+01
   1.4951383e+02
   1.5955997e+02
   8.6611728e+01
  -6.3936093e+00
   6.6247340e+01
   1.6508424e+02
   1.0487883e+02
   8.9780497e+00
   2.8679955e+01
   1.9903327e+02
   1.7355987e+02
   4.3413322e+01
  -3.3625447e+01
   2.4284645e+01
  -3.1786797e+01
   2.7453295e+01
   1.4487817e+01
   4.0545123e+01
  -4.4747991e+01
  -4.1877538e+01
   4.2358823e+01
  -4.7680685e+01
   1.8799036e+02
   1.9973222e+02
   1.9896936e+02
   5.8767866e+01
   1.9775893e+02
   1.3536028e+02
   1.9551275e+02
   1.8826890e+02
   5.1789651e+01
   1.9478001e+02
   1.5033970e+02
   1.9780074e+02
   1.3789626e+01
   1.5590253e+02
   1.0335338e+02
   1.7889864e+02
   6.7930303e+01
  -2.8162731e+01
   1.6436882e+02
   1.9118763e+02
  -1.8327096e+01
   1.3687576e+02
  -3.7334200e+01
  -5.4462460e+01
  -4.7513192e+01
   3.2702395e+01
  -2.3407669e+01
   9.9083772e+01
   8.7317440e+00
   8.0107512e+01
   1.1322329e+02
   1.2061023e+02
   5.9011380e+01
   1.5453423e+02
  -3.6277953e+01
   2.6262396e+01
  -5.6892609e+01
   9.9337760e+01
   1.3615559e+02
   1.7320135e+02
   1.7293368e+02
  -4.5962377e+01
   1.0994657e+02
   1.4612611e+02
   5.0499472e+01
   5.7293630e+01
   4.1768355e+01
   1.7154449e+02
  -3.4814138e+01
   1.7457665e+02
   1.4971726e+02
   1.6144120e+02
  -1.1393730e+01
   1.3113507e+02
   1.4156705e+02
   2.5437121e+01
   1.3000069e+02
   1.3811043e+02
  -8.6195603e+00
  -2.3306894e+01
   3.8672123e+01
  -9.7590516e+00
   1.7570917e+02
  -3.6248975e+01
   6.0941561e+01
   1.5724970e+02
   2.3077179e+01
   1.5542464e+02
   7.1269164e+01
   6.4310763e+01
   3.7572336e+01
   5.7611242e+00
   1.2312022e+02
  -4.8689469e+00
   2.1050427e+00
  -2.6523644e+01
   1.3848903e+02
   1.7120481e+02
   3.5924882e+01
   1.7605553e+02
   1.5260070e+02
   7.6842530e+01
   1.8187343e+02
   2.0196698e+01
   1.8764467e+02
  -1.9463027e+01
  -2.2412229e+01
  -1.2369467e+01
   1.4211251e+02
   4.6067002e+01
   9.1603456e+00
   3.6211679e+01
   4.5088460e+01
   1.2406981e+02
   1.6771194e+02
   1.7508309e+02
   7.6026955e+00
   9.0468947e+01
   1.6963903e+02
   1.5884357e+02
  -4.4009413e+01
   1.0143190e+02
   6.4827812e+01
   8.8396743e+01
   1.2850568e+02
  -1.8890622e-01
   1.7978831e+02
   1.0194814e+02
   1.5089826e+02
   2.8132638e-01
   1.4981578e+02
   1.9011761e+02
   7.7988707e+01
   7.0186511e+01
   9.0015437e+01
   3.7616127e+01
   1.1760977e+02
   5.5838542e+01
  -4.0640264e+00
  -5.6098367e+01
   1.0028190e+02
   2.7319751e+00
  -2.9820400e+01
  -2.0536634e+01
   1.2696783e+02
   9.5496260e+00
   1.6400226e+02
   7.6839441e+00
  -3.4905577e+00
   6.4942445e+01
   1.5964374e+02
   6.7850557e+01
   1.0002702e+02
  -4.8775169e+01
   1.4225831e+02
   1.6334283e+02
  -3.1086406e+01
   6.1821014e+01
  -3.1923413e+01
   1.5391072e+02
   7.5002823e+01
   1.7432125e+02
   6.0828244e+01
  -3.1806334e+01
  -4.5053986e+00
   1.4216849e+02
   8.4210599e+00
   8.6967490e+01
   1.7890854e+02
   1.6705410e+02
  -3.3535729e+01
   8.5423018e+01
   1.3321008e+02
   1.7039752e+02
   8.5209214e+01
   6.9621216e+01
   9.1409897e+01
   1.0116920e+02
   9.4109260e+01
   9.9497239e+01
   1.7031053e+02
   9.6682996e+01
  -4.6905224e+01
   1.1615314e+02
   4.2956497e+01
   1.5612920e+02
   7.8602792e+01
   9.8694241e+01
   1.4331614e+02
   4.0358008e+01
  -1.1281273e+00
   3.7373472e+01
   2.7348698e+01
   3.8640702e+01
   1.0899840e+02
   1.7832066e+02
   1.8841836e+02
   2.0601560e+01
   8.9087959e+01
   1.3545882e+02
   1.9956126e+02
   1.4892991e+02
   1.9646798e+02
   8.2569788e+01
   1.4991944e+02
   1.9911439e+02
   2.4740585e+01
   1.6457600e+02
   9.2774198e+01
  -3.8317680e+01
   1.0735979e+02
   8.9174765e+01
   1.8356864e+02
   1.9031800e+02
   1.4627354e+02
   1.4820284e+02
  -1.5044676e+00
  -5.0661042e+01
   2.8233637e+01
   1.7084657e+02
   3.5313303e+01
  -3.2097444e+01
   7.8155412e+01
   1.2260760e+02
  -4.4935531e+00
   1.1589590e+02
   9.8164018e+01
  -4.4148438e+01
   3.2732805e-01
  -1.3368385e+01
   4.1930069e+01
   5.7175760e+01
   1.9416963e+02
   1.3439127e+02
   1.6596395e+02
   1.4545177e+02
   1.6452643e+02
   6.5583510e+01
   1.3717009e+02
   5.3698511e-01
   1.9848313e+02
   1.9388109e+02
   1.1227549e+02
   1.5474699e+02
   4.7627837e+01
   9.5822930e+01
  -3.8078037e+01
   7.9111480e+00
   1.5231315e+02
   7.0589139e+01
   2.2576517e+01
  -4.2740666e+01
   1.8516267e+02
   1.0840179e+02
   3.7288495e+01
   1.2218372e+02
   9.9322586e+01
   6.5409064e+01
   1.1928282e+02
   1.6226219e+02
   5.9795057e+01
   1.3150507e+02
   2.2176216e+01
   5.5121482e+01
   1.3268817e+02
   1.4055024e+02
   2.3352918e-01
  -1.0075068e+01
   1.1800943e+02
   1.3212529e+02
   1.5929990e+02
   1.7595940e+02
   1.1383308e+02
   1.4040673e+02
   3.4283226e+01
  -1.4737595e+01
   1.7693220e+02
   1.6201255e+02
   1.3836795e+02
  -2.6147723e+01
   3.9880128e+01
   1.8035402e+02
   5.0335432e+00
  -4.2781440e+00
  -1.9392827e+00
   9.5230891e+01
   4.8416847e+01
   1.4024359e+02
  -5.0633803e+01
   2.6898174e+01
  -2.8463443e+01
   5.1196722e+01
   1.7492049e+02
   9.6283086e+01
   1.6853490e+02
  -1.0852402e+01
   1.8661614e+02
  -1.7743061e+01
   9.5202250e+01
   1.4883547e+02
   1.5817229e+02
   8.5578943e+01
   1.2420015e+02
   1.9918239e+02
   7.1173517e+01
  -3.1788439e+01
   1.3234085e+02
  -5.6109393e+01
   1.8725167e+02
   5.3785191e+01
   1.4667390e+02
   7.5717308e+00
   1.5034226e+02
  -3.2563846e+01
   6.2736302e+00
   1.4298800e+02
  -4.5939757e+01
   9.9806721e+01
   8.7259556e+01
   1.4831843e+02
  -1.5674676e+01
  -3.2716743e+01
   1.4186596e+02
   1.6127813e+02
   1.3712083e+02
   4.7678391e+01
  -1.1833969e+01
  -2.5400105e+01
   1.0934042e+02
  -5.2460062e+01
   2.7880465e+01
   1.0337616e+02
   9.1997974e+01
   4.2073608e+01
   1.9936965e+02
   6.8403410e+01
   7.6488626e+01
   1.5329810e+02
   5.0045666e+01
   7.2589755e+01
   1.9788518e+02
   1.0661406e+02
   1.9699836e+02
   2.8862013e+01
   2.3058740e+01
   1.5356551e+02
   1.4324780e+02
   1.9542062e+02
   5.3584659e+01
   8.8513073e+01
   9.1506474e+01
   1.5872625e+02
  -4.1620115e+01
   3.5531673e+01
  -2.0737091e+01
   1.0028376e+02
   9.0725557e+01
   2.9762115e+01
   1.2387337e+02
   1.7376743e+02
   1.6182497e+02
   1.9089783e+02
   1.2545076e+02
   1.5002200e+02
   1.2013746e+02
   1.9027497e+02
   3.6248067e+01
   1.7408568e+02
   7.8136678e+01
   1.5521624e+02
   1.5990704e+02
  -2.8520130e+01
   1.0050075e+02
   1.3375043e+02
  -4.6861973e+01
   1.8260573e+02
   3.3670085e+01
   1.0420493e+01
   9.2946016e+01
   6.3737621e+01
   4.2819863e+01
   1.9184246e+02
   1.0013041e+01
   2.1342911e+01
   3.1943069e+01
   2.7982933e+01
   1.4108995e+02
   1.6391761e+02
  -3.2997752e+00
  -5.1783957e+01
  -1.6863454e+01
   9.5124741e+01
   1.1499298e+02
   1.3388459e+02
   5.3182563e+01
   4.3200788e+01
   2.9019279e+01
   3.4120346e+01
  -4.0654296e+01
  -3.2048154e+01
   1.7424056e+02
   2.7294917e+00
   1.8681102e+01
   1.5839355e+02
   5.8649886e+01
   5.3419723e+01
   1.2265426e+02
   9.7806662e+01
  -2.1792358e+01
  -4.0798423e+01
   1.9235030e+01
  -9.3088691e+00
  -1.8505182e+01
  -3.7657506e+01
  -5.4783097e+01
   1.9055190e+02
   1.6674107e+02
   8.1002834e+00
   1.0604639e+02
   1.4010185e+02
   6.5075975e+01
  -5.9166143e+00
   1.1666230e+02
   1.8793860e+01
   1.1856932e+02
   1.1037234e+02
   1.2921085e+02
   1.8106848e+02
   1.8280670e+02
   1.6693582e+02
   1.1797515e+02
   1.8735214e+02
   8.9122950e+01
   3.0340919e+01
   7.0320317e+00
   1.6413889e+02
   1.6568797e+02
   3.3002891e+01
   5.3198759e+01
  -1.4733508e+01
  -5.6362375e+01
   2.6854006e+01
   8.3062334e+01
   4.6721713e+01
  -3.1531986e+01
   5.4567508e+01
  -5.1777856e+01
   1.9591200e+02
  -1.1220647e+01
   7.5535892e+01
   1.6166228e+02
   8.6907995e+01
   6.2768567e+01
   4.6889424e+01
  -5.0508447e+01
   1.3394306e+02
   1.4122165e+02
   5.4561976e+01
   6.9015015e+01
   3.2684598e+00
   1.6607934e+02
  -5.2131135e+00
   9.8734433e+01
   8.9316368e+01
   1.2930016e+02
   1.1768646e+02
   6.7557577e+01
   6.5013709e+01
  -7.3932102e+00
   2.5199873e+01
   1.0358118e+02
   1.5587506e+02
   1.1526829e+02
   1.0613773e+00
   9.1313913e+01
  -3.6019887e+01
   8.7746477e+01
  -4.2248109e+01
  -4.9790099e+01
   1.2041420e+02
   6.0939416e+01
   1.0389389e+01
  -3.8612821e+00
   1.6254950e+02
   1.5796034e+02
  -4.2615666e+01
  -1.9987676e+01
  -2.1823313e+01
   1.7224880e+02
   1.1166216e+02
   1.8051079e+02
   4.5800115e+01
   8.0676839e+01
   1.2006692e+02
  -4.6303107e+01
   1.4497490e+02
   3.8650518e+01
   1.4971558e+02
   7.6605401e+01
  -8.3605919e+00
  -5.4406985e+01
   1.7595103e+02
  -3.2246695e+01
  -1.2037630e+01
   1.3551687e+02
   1.1588867e+02
   1.7058999e+02
  -5.9138667e+01
   1.2348683e+02
   1.1643603e+02
   1.6359556e+02
   2.9333871e+01
  -4.0917920e+01
   1.9237602e+02
   2.1953423e+01
   3.7196273e+01
   1.0060618e+02
   1.1395845e+02
  -5.3785478e+01
  -3.5978742e+01
   1.3516762e+02
  -3.7301969e+01
  -6.4867877e+00
   1.2357939e+02
  -2.3944632e+01
   1.8974345e+01
   1.0007321e+02
  -5.0938687e+00
   1.9816855e+02
   6.2024671e+01
   7.6311374e+00
   1.9718392e+02
   1.9653133e+02
   1.1335028e+02
  -1.0275841e+01
  -3.5395388e+01
   1.1455321e+02
   1.4434239e+02
   1.4056761e+02
   1.9457748e+01
   1.0684130e+02
   1.1006172e+02
   1.0740175e+02
  -3.9176971e+01
   4.6658540e+01
   1.2556216e+02
   1.2058671e+02
   2.4366764e+01
   7.1064430e+01
  -1.1819692e+00
   1.1636837e+02
  -4.7592820e+01
   1.4996617e+02
  -8.4345718e+00
   5.5626276e+01
   1.0237008e+02
   1.7232035e+02
   5.7697048e+01
   1.4352097e+01
  -5.1242034e+01
   1.4353758e+02
  -5.5963738e+01
  -5.8191908e+01
   6.1289525e+01
   1.5462515e+02
   7.7358210e+01
  -2.2600942e+01
   8.1252015e+01
   1.1762689e+02
   1.9688234e+02
   4.0880240e+01
   1.5937695e+02
  -2.8802776e+01
   1.2632932e+02
  -4.3003588e+01
  -5.0202644e+00
   1.2535852e+02
   1.1386307e+02
  -3.4768869e+01
  -5.2078847e+01
   1.8855329e+01
  -3.4089202e+00
   1.0261625e+02
   4.4258327e+01
  -4.8606271e+01
   1.6313158e+02
  -4.8333850e+01
  -3.1739653e+01
   1.0787879e+02
   1.3782015e+02
   1.5202941e+02
   1.5178356e+02
   7.5550529e+01
   1.6153214e+02
   1.4349032e+02
   1.4842056e+02
   1.0666360e+02
  -2.4313789e+01
   1.8925893e+02
   1.5966676e+02
   1.4373883e+02
  -3.6077776e+01
   4.7756784e+01
   1.1545360e+02
   1.4172357e+02
   5.9363086e+01
  -1.2737831e+01
   1.8102404e+00
  -3.7476321e+01
   1.1905742e+02
   4.9671579e+01
   4.8627757e+01
   2.3029586e+01
   1.5563755e+02
   1.2514442e+02
   1.1682652e+02
   4.3543459e+01
   1.7478272e+01
  -4.2103986e+01
   1.2849732e+02
  -5.4576405e+01
  -4.8634078e+01
   5.0026455e+01
   6.6886729e+01
   7.0172289e+01
   3.7169764e+01
   1.7535475e+02
   1.7178675e+02
   1.0913479e+02
   1.0649906e+02
  -4.4475387e+00
   1.1532527e+02
   1.3941697e+01
   1.0345448e+02
   1.0424278e+02
   3.6220626e+01
   1.0409917e+02
   1.9762118e+01
  -9.7540009e+00
   6.6353131e+01
   7.3591733e+01
   1.0055462e+02
   1.0966634e+02
  -3.4981720e+01
   5.6332620e+01
   1.5015809e+01
   9.0628398e+01
  -5.8701373e+01
   1.2523162e+02
   9.6841832e+01
  -4.2244880e+01
  -2.1918771e+01
   5.3565739e+01
  -3.1329593e+01
   1.1722787e+02
  -1.0796911e+01
   1.4326063e+00
   6.5819450e+01
   1.6275080e+02
   1.4498544e+01
  -3.0570182e+01
   5.4725719e+01
   1.2526393e+02
   8.7534275e+01
   1.8298697e+02
  -2.0100064e+01
  -4.8072174e+01
   1.1124925e+02
  -5.4667427e+01
   1.8424661e+02
  -1.4458541e+01
   1.5528924e+02
   1.7143178e+02
  -4.5723704e+01
  -3.9858840e+01
  -7.5604380e+00
   1.8960772e+02
  -1.9484370e+01
   9.9895422e+01
   7.1705019e+00
  -7.4624383e+00
   1.2425905e+02
   6.0511287e+01
  -5.0338773e+00
   8.8849570e+01
   1.9033293e+02
   1.8873985e+02
   1.3213187e+02
  -1.0041099e+01
  -4.3557346e+01
   1.7221230e+02
   9.3892138e+01
  -5.6464954e+01
  -5.0672947e+01
  -4.2472826e+01
  -1.6626175e+01
   9.7853594e+01
   5.6378489e+01
   1.7991550e+02
  -4.7574125e+01
   2.5367170e+01
   4.9602343e+01
   1.4620828e+02
   8.2207198e+01
   7.9967007e+01
   8.2567036e+01
   1.2749993e+02
   1.2149981e+02
   1.2205705e+02
  -5.6504400e+01
   6.4720655e+01
   7.3482329e+01
   1.1305355e+02
   2.2552763e+01
   4.1599803e+00
   1.4002295e+02
   1.3564429e+02
   6.1420961e+01
  -3.9299725e-02
  -3.2355811e+01
   5.8316602e+01
   1.8091729e+02
   9.5415575e+01
   1.0474791e+02
   1.5343915e+02
   1.6658894e+02
   6.1278941e+01
   2.3674403e+01
   1.9271978e+02
  -1.0253909e+01
   1.7755321e+02
   1.4161450e+02
  -3.3523256e+01
  -2.5376491e+01
  -5.5822672e+00
   1.8321184e+02
  -3.2446655e+01
   5.0001086e+01
   1.1838509e+02
   1.3847594e+01
   1.2560802e+02
   1.1262050e+02
   1.0145919e+02
   1.8697270e+02
   1.6138338e+02
   7.4275255e+01
   9.8788552e+01
  -1.6578813e+01
  -1.6320795e+01
   7.0647641e+01
   6.3761715e+01
  -4.7845503e+01
   4.8302909e+01
   1.8380037e+02
   1.4333102e+02
   1.3928172e+01
   1.9411704e+02
   4.0847531e+01
   9.3035609e+01
   3.6514374e+00
  -5.4459018e+00
   1.5349879e+02
   1.2095430e+02
  -6.9757583e+00
   1.6562130e+02
  -5.6125480e+00
   1.5435330e+02
  -2.6289557e+00
   1.0442862e+02
   8.5795578e+01
   1.7800641e+02
   6.0837776e+01
  -2.7656153e+01
   1.7670082e+02
   8.2480339e+01
   5.7497110e+01
   1.6742428e+02
   3.3825765e+01
   1.0165440e+02
  -2.7625522e+01
  -4.9343610e+01
   1.1630592e+01
   1.6678443e+01
   1.3533069e+02
   4.9809437e+01
   2.4355617e-01
   3.6704392e+01
   6.3206393e+01
   1.7006303e+02
   7.2202037e+01
   1.6779334e+02
  -1.1685950e+01
   1.2508796e+02
   1.1047068e+02
   8.3012593e+01
   6.0230755e+01
   1.3630705e+02
  -2.9028441e+00
   9.0751006e+01
   1.7624154e+01
   4.9386232e+01
   5.7913464e+01
   1.5575900e+01
   5.0605800e+00
  -3.8122239e+01
   1.0457659e+01
   1.4558242e+02
   2.8400571e+01
   1.0093016e+02
  -1.2557203e+01
   4.5236241e+01
   1.2841245e+02
   1.5318501e+02
   1.8407013e+02
   1.2555611e+02
   1.3004428e+02
   1.7231252e+02
   1.5673646e+01
   1.4103239e+02
   7.0749094e+01
  -5.2421259e+01
   6.6576003e+01
   1.6185110e+02
  -3.1173367e+01
   1.0962542e+00
   1.2058110e+02
   1.4326244e+02
   6.6078580e+01
   4.7359182e+01
   1.0643529e+02
   1.5577575e+02
   1.5525820e+02
   9.1142356e+01
   1.0068206e+02
   6.5215672e+01
   1.1678418e+02
   1.3280774e+02
   3.9673542e+01
   1.7487210e+02
   8.5305940e+01
   1.9636421e+02
   4.5368641e+01
   1.8457035e+02
   1.7374375e+02
  -4.1824633e+01
   7.4521538e+01
   6.5307945e+01
   1.3442004e+02
   1.3859578e+02
   7.4464715e+01
   9.0934582e+00
  -3.3631416e+01
   1.5867690e+02
   1.1289872e+02
   1.9491572e+02
   1.2768458e+02
  -2.7390905e+01
   1.9591472e+02
   2.0021414e+02
   1.1526810e+02
  -2.7953998e+01
   6.7367805e+01
   1.2695244e+02
  -4.3466418e+01
   1.2539536e+02
   1.1883841e+02
   7.7404155e+01
  -2.0472854e+01
   1.9734448e+02
   1.9548547e+02
  -3.4042615e+01
   1.1098320e+02
   1.7697934e+02
   6.2820348e+01
   1.0632861e+02
   1.9567321e+02
   1.8244028e+02
   1.0044459e+01
   9.6215368e+00
   1.5182147e+02
   4.3558396e+01
   1.6980866e+02
   1.1429848e+02
   1.1754741e+02
   1.5548786e+02
   2.7484690e+01
   1.9763630e+02
   1.9461873e+02
   7.4616370e+01
   1.7809235e+02
   5.1975284e+01
   3.7511140e+01
   7.3335961e+01
   1.9659205e+02
   1.7279694e+02
   1.6134608e+02
  -4.9675538e+01
  -2.5662958e+01
   1.2976473e+02
   7.0122036e+01
  -4.2426685e+01
  -5.3687590e+01
   1.6753495e+02
   8.3860046e+01
   1.1323966e+02
   3.7288197e+01
   1.7046074e+02
   8.5693479e+01
   1.3848565e+02
   1.3670465e+02
   8.2225625e+01
   1.7529805e+02
   1.1061291e+02
   2.1028411e+01
   8.7152011e+01
  -3.9034548e+01
   1.8135940e+00
   8.8394617e+01
  -5.1659039e+01
   6.8869496e+01
   1.5724785e+02
   4.7936106e+01
   1.7946035e+02
   1.8661873e+02
   5.2905157e+01
   2.3764367e+01
   1.5845084e+02
   5.2360991e+01
   8.2414059e+01
  -5.9558986e+00
   7.0022400e+01
   2.1961804e+01
   1.7288518e+02
  -9.6758158e+00
   7.7217645e+01
   2.5590897e+00
   4.7715179e+01
   1.3379690e+02
   2.4942705e+01
   4.1755654e+01
   1.7425101e+02
   3.9849515e+01
   1.4894175e+02
   7.3324765e+01
  -1.8593503e+01
   6.0617645e+01
  -5.5071533e+01
   9.3174132e+01
   1.2197857e+01
   1.7568893e+02
  -1.6024229e+01
   3.5806658e-01
   1.1059343e+01
   1.8508883e+02
   1.8573701e+02
  -2.6290386e+00
   7.6021330e+01
   5.4735143e+01
   2.1635757e+01
   4.0925063e+01
   1.9235365e+02
  -2.4592423e+01
   1.3188495e+02
   1.4709788e+02
   1.0165212e+02
   2.0641713e+01
  -5.1634499e+01
   1.8966773e+02
   1.8999799e+02
   3.9346866e+01
   1.3644275e+02
   4.3155194e+01
  -2.0498336e+01
   1.8756241e+02
   1.2211971e+02
   3.4657446e+01
   4.5645394e+01
   2.0242914e+01
   5.1548167e+01
   1.1999118e+02
  -4.4250635e+01
  -6.3149959e+00
   1.3834898e+02
   1.2519403e+02
   7.4495085e+01
   9.1387326e+01
   6.5026278e+01
   4.2802165e+01
   7.3082747e+01
   1.4234653e+02
   1.8988971e+02
   1.1644710e+01
   1.9066775e+02
  -1.5647374e+01
   9.4571509e+01
   1.1722349e+02
   1.4405774e+02
  -1.0531237e+01
   1.4951383e+02
   1.5955997e+02
   8.6611728e+01
  -6.3936093e+00
   6.6247340e+01
   1.6508424e+02
   1.0487883e+02
   8.9780497e+00
   2.8679955e+01
   1.9903327e+02
   1.7355987e+02
   4.3413322e+01
  -3.3625447e+01
   2.4284645e+01
  -3.1786797e+01
   2.7453295e+01
   1.4487817e+01
   4.0545123e+01
  -4.4747991e+01
  -4.1877538e+01
   4.2358823e+01
  -4.7680685e+01
   1.8799036e+02
   1.9973222e+02
   1.9896936e+02
   5.8767866e+01
   1.9775893e+02
   1.3536028e+02
   1.9551275e+02
   1.8826890e+02
   5.1789651e+01
   1.9478001e+02
   1.5033970e+02
   1.9780074e+02
   1.3789626e+01
   1.5590253e+02
   1.0335338e+02
   1.7889864e+02
   6.7930303e+01
  -2.8162731e+01
   1.6436882e+02
   1.9118763e+02
  -1.8327096e+01
   1.3687576e+02
  -3.7334200e+01
  -5.4462460e+01
  -4.7513192e+01
   3.2702395e+01
  -2.3407669e+01
   9.9083772e+01
   8.7317440e+00
   8.0107512e+01
   1.1322329e+02
   1.2061023e+02
   5.9011380e+01
   1.5453423e+02
  -3.6277953e+01
   2.6262396e+01
  -5.6892609e+01
   9.9337760e+01
   1.3615559e+02
   1.7320135e+02
   1.7293368e+02
  -4.5962377e+01
   1.0994657e+02
   1.4612611e+02
   5.0499472e+01
   5.7293630e+01
   4.1768355e+01
   1.7154449e+02
  -3.4814138e+01
   1.7457665e+02
   1.4971726e+02
   1.6144120e+02
  -1.1393730e+01
   1.3113507e+02
   1.4156705e+02
   2.5437121e+01
   1.3000069e+02
   1.3811043e+02
  -8.6195603e+00
  -2.3306894e+01
   3.8672123e+01
  -9.7590516e+00
   1.7570917e+02
  -3.6248975e+01
   6.0941561e+01
   1.5724970e+02
   2.3077179e+01
   1.5542464e+02
   7.1269164e+01
   6.4310763e+01
   3.7572336e+01
   5.7611242e+00
   1.2312022e+02
  -4.8689469e+00
   2.1050427e+00
  -2.6523644e+01
   1.3848903e+02
   1.7120481e+02
   3.5924882e+01
   1.7605553e+02
   1.5260070e+02
   7.6842530e+01
   1.8187343e+02
   2.0196698e+01
   1.8764467e+02
  -1.9463027e+01
  -2.2412229e+01
  -1.2369467e+01
   1.4211251e+02
   4.6067002e+01
   9.1603456e+00
   3.6211679e+01
   4.5088460e+01
   1.2406981e+02
   1.6771194e+02
   1.7508309e+02
   7.6026955e+00
   9.0468947e+01
   1.6963903e+02
   1.5884357e+02
  -4.4009413e+01
   1.0143190e+02
   6.4827812e+01
   8.8396743e+01
   1.2850568e+02
  -1.8890622e-01
   1.7978831e+02
   1.0194814e+02
   1.5089826e+02
   2.8132638e-01
   1.4981578e+02
   1.9011761e+02
   7.7988707e+01
   7.0186511e+01
   9.0015437e+01
   3.7616127e+01
   1.1760977e+02
   5.5838542e+01
  -4.0640264e+00
  -5.6098367e+01
   1.0028190e+02
   2.7319751e+00
  -2.9820400e+01
  -2.0536634e+01
   1.2696783e+02
   9.5496260e+00
   1.6400226e+02
   7.6839441e+00
  -3.4905577e+00
   6.4942445e+01
   1.5964374e+02
   6.7850557e+01
   1.0002702e+02
  -4.8775169e+01
   1.4225831e+02
   1.6334283e+02
  -3.1086406e+01
   6.1821014e+01
  -3.1923413e+01
   1.5391072e+02
   7.5002823e+01
   1.7432125e+02
   6.0828244e+01
  -3.1806334e+01
  -4.5053986e+00
   1.4216849e+02
   8.4210599e+00
   8.6967490e+01
   1.7890854e+02
   1.6705410e+02
  -3.3535729e+01
   8.5423018e+01
   1.3321008e+02
   1.7039752e+02
   8.5209214e+01
   6.9621216e+01
   9.1409897e+01
   1.0116920e+02
   9.4109260e+01
   9.9497239e+01
   1.7031053e+02
   9.6682996e+01
  -4.6905224e+01
   1.1615314e+02
   4.2956497e+01
   1.5612920e+02
   7.8602792e+01
   9.8694241e+01
   1.4331614e+02
   4.0358008e+01
  -1.1281273e+00
   3.7373472e+01
   2.7348698e+01
   3.8640702e+01
   1.0899840e+02
   1.7832066e+02
   1.8841836e+02
   2.0601560e+01
   8.9087959e+01
   1.3545882e+02
   1.9956126e+02
   1.4892991e+02
   1.9646798e+02
   8.2569788e+01
   1.4991944e+02
   1.9911439e+02
   2.4740585e+01
   1.6457600e+02
   9.2774198e+01
  -3.8317680e+01
   1.0735979e+02
   8.9174765e+01
   1.8356864e+02
   1.9031800e+02
   1.4627354e+02
   1.4820284e+02
  -1.5044676e+00
  -5.0661042e+01
   2.8233637e+01
   1.7084657e+02
   3.5313303e+01
  -3.2097444e+01
   7.8155412e+01
   1.2260760e+02
  -4.4935531e+00
   1.1589590e+02
   9.8164018e+01
  -4.4148438e+01
   3.2732805e-01
  -1.3368385e+01
   4.1930069e+01
   5.7175760e+01
   1.9416963e+02
   1.3439127e+02
   1.6596395e+02
   1.4545177e+02
   1.6452643e+02
   6.5583510e+01
   1.3717009e+02
   5.3698511e-01
   1.9848313e+02
   1.9388109e+02
   1.1227549e+02
   1.5474699e+02
   4.7627837e+01
   9.5822930e+01
  -3.8078037e+01
   7.9111480e+00
   1.5231315e+02
   7.0589139e+01
   2.2576517e+01
  -4.2740666e+01
   1.8516267e+02
   1.0840179e+02
   3.7288495e+01
   1.2218372e+02
   9.9322586e+01
   6.5409064e+01
   1.1928282e+02
   1.6226219e+02
   5.9795057e+01
   1.3150507e+02
   2.2176216e+01
   5.5121482e+01
   1.3268817e+02
   1.4055024e+02
   2.3352918e-01
  -1.0075068e+01
   1.1800943e+02
   1.3212529e+02
   1.5929990e+02
   1.7595940e+02
   1.1383308e+02
   1.4040673e+02
   3.4283226e+01
  -1.4737595e+01
   1.7693220e+02
   1.6201255e+02
   1.3836795e+02
  -2.6147723e+01
   3.9880128e+01
   1.8035402e+02
   5.0335432e+00
  -4.2781440e+00
  -1.9392827e+00
   9.5230891e+01
   4.8416847e+01
   1.4024359e+02
  -5.0633803e+01
   2.6898174e+01
  -2.8463443e+01
   5.1196722e+01
   1.7492049e+02
   9.6283086e+01
   1.6853490e+02
  -1.0852402e+01
   1.8661614e+02
  -1.7743061e+01
   9.5202250e+01
   1.4883547e+02
   1.5817229e+02
   8.5578943e+01
   1.2420015e+02
   1.9918239e+02
   7.1173517e+01
  -3.1788439e+01
   1.3234085e+02
  -5.6109393e+01
   1.8725167e+02
   5.3785191e+01
   1.4667390e+02
   7.5717308e+00
   1.5034226e+02
  -3.2563846e+01
   6.2736302e+00
   1.4298800e+02
  -4.5939757e+01
   9.9806721e+01
   8.7259556e+01
   1.4831843e+02
  -1.5674676e+01
  -3.2716743e+01
   1.4186596e+02
   1.6127813e+02
   1.3712083e+02
   4.7678391e+01
  -1.1833969e+01
  -2.5400105e+01
   1.0934042e+02
  -5.2460062e+01
   2.7880465e+01
   1.0337616e+02
   9.1997974e+01
   4.2073608e+01
   1.9936965e+02
   6.8403410e+01
   7.6488626e+01
   1.5329810e+02
   5.0045666e+01
   7.2589755e+01
   1.9788518e+02
   1.0661406e+02
   1.9699836e+02
   2.8862013e+01
   2.3058740e+01
   1.5356551e+02
   1.4324780e+02
   1.9542062e+02
   5.3584659e+01
   8.8513073e+01
   9.1506474e+01
   1.5872625e+02
  -4.1620115e+01
   3.5531673e+01
  -2.0737091e+01
   1.0028376e+02
   9.0725557e+01
   2.9762115e+01
   1.2387337e+02
   1.7376743e+02
   1.6182497e+02
   1.9089783e+02
   1.2545076e+02
   1.5002200e+02
   1.2013746e+02
   1.9027497e+02
   3.6248067e+01
   1.7408568e+02
   7.8136678e+01
   1.5521624e+02
   1.5990704e+02
  -2.8520130e+01
   1.0050075e+02
   1.3375043e+02
  -4.6861973e+01
   1.8260573e+02
   3.3670085e+01
   1.0420493e+01
   9.2946016e+01
   6.3737621e+01
   4.2819863e+01
   1.9184246e+02
   1.0013041e+01
   2.1342911e+01
   3.1943069e+01
   2.7982933e+01
   1.4108995e+02
   1.6391761e+02
  -3.2997752e+00
  -5.1783957e+01
  -1.6863454e+01
   9.5124741e+01
   1.1499298e+02
   1.3388459e+02
   5.3182563e+01
   4.3200788e+01
   2.9019279e+01
   3.4120346e+01
  -4.0654296e+01
  -3.2048154e+01
   1.7424056e+02
   2.7294917e+00
   1.8681102e+01
   1.5839355e+02
   5.8649886e+01
   5.3419723e+01
   1.2265426e+02
   9.7806662e+01
  -2.1792358e+01
  -4.0798423e+01
   1.9235030e+01
  -9.3088691e+00
  -1.8505182e+01
  -3.7657506e+01
  -5.4783097e+01
   1.9055190e+02
   1.6674107e+02
   8.1002834e+00
   1.0604639e+02
   1.4010185e+02
   6.5075975e+01
  -5.9166143e+00
   1.1666230e+02
   1.8793860e+01
   1.1856932e+02
   1.1037234e+02
   1.2921085e+02
   1.8106848e+02
   1.8280670e+02
   1.6693582e+02
   1.1797515e+02
   1.8735214e+02
   8.9122950e+01
   3.0340919e+01
   7.0320317e+00
   1.6413889e+02
   1.6568797e+02
   3.3002891e+01
   5.3198759e+01
  -1.4733508e+01
  -5.6362375e+01
   2.6854006e+01
   8.3062334e+01
   4.6721713e+01
  -3.1531986e+01
   5.4567508e+01
  -5.1777856e+01
   1.9591200e+02
  -1.1220647e+01
   7.5535892e+01
   1.6166228e+02
   8.6907995e+01
   6.2768567e+01
   4.6889424e+01
  -5.0508447e+01
   1.3394306e+02
   1.4122165e+02
   5.4561976e+01
   6.9015015e+01
   3.2684598e+00
   1.6607934e+02
  -5.2131135e+00
   9.8734433e+01
   8.9316368e+01
   1.2930016e+02
   1.1768646e+02
   6.7557577e+01
   6.5013709e+01
  -7.3932102e+00
   2.5199873e+01
   1.0358118e+02
   1.5587506e+02
   1.1526829e+02
   1.0613773e+00
   9.1313913e+01
  -3.6019887e+01
   8.7746477e+01
  -4.2248109e+01
  -4.9790099e+01
   1.2041420e+02
   6.0939416e+01
   1.0389389e+01
  -3.8612821e+00
   1.6254950e+02
   1.5796034e+02
  -4.2615666e+01
  -1.9987676e+01
  -2.1823313e+01
   1.7224880e+02
   1.1166216e+02
   1.8051079e+02
   4.5800115e+01
   8.0676839e+01
   1.2006692e+02
  -4.6303107e+01
   1.4497490e+02
   3.8650518e+01
   1.4971558e+02
   7.6605401e+01
  -8.3605919e+00
  -5.4406985e+01
   1.7595103e+02
  -3.2246695e+01
  -1.2037630e+01
   1.3551687e+02
   1.1588867e+02
   1.7058999e+02
  -5.9138667e+01
   1.2348683e+02
   1.1643603e+02
   1.6359556e+02
   2.9333871e+01
  -4.0917920e+01
   1.9237602e+02
   2.1953423e+01
   3.7196273e+01
   1.0060618e+02
   1.1395845e+02
  -5.3785478e+01
  -3.5978742e+01
   1.3516762e+02
  -3.7301969e+01
  -6.4867877e+00
   1.2357939e+02
  -2.3944632e+01
   1.8974345e+01
   1.0007321e+02
  -5.0938687e+00
   1.9816855e+02
   6.2024671e+01
   7.6311374e+00
   1.9718392e+02
   1.9653133e+02
   1.1335028e+02
  -1.0275841e+01
  -3.5395388e+01
   1.1455321e+02
   1.4434239e+02
   1.4056761e+02
   1.9457748e+01
   1.0684130e+02
   1.1006172e+02
   1.0740175e+02
  -3.9176971e+01
   4.6658540e+01
   1.2556216e+02
   1.2058671e+02
   2.4366764e+01
   7.1064430e+01
  -1.1819692e+00
   1.1636837e+02
  -4.7592820e+01
   1.4996617e+02
  -8.4345718e+00
   5.5626276e+01
   1.0237008e+02
   1.7232035e+02
   5.7697048e+01
   1.4352097e+01
  -5.1242034e+01
   1.4353758e+02
  -5.5963738e+01
  -5.8191908e+01
   6.1289525e+01
   1.5462515e+02
   7.7358210e+01
  -2.2600942e+01
   8.1252015e+01
   1.1762689e+02
   1.9688234e+02
   4.0880240e+01
   1.5937695e+02
  -2.8802776e+01
   1.2632932e+02
  -4.3003588e+01
  -5.0202644e+00
   1.2535852e+02
   1.1386307e+02
  -3.4768869e+01
  -5.2078847e+01
   1.8855329e+01
  -3.4089202e+00
   1.0261625e+02
   4.4258327e+01
  -4.8606271e+01
   1.6313158e+02
  -4.8333850e+01
  -3.1739653e+01
   1.0787879e+02
   1.3782015e+02
   1.5202941e+02
   1.5178356e+02
   7.5550529e+01
   1.6153214e+02
   1.4349032e+02
   1.4842056e+02
   1.0666360e+02
  -2.4313789e+01
   1.8925893e+02
   1.5966676e+02
   1.4373883e+02
  -3.6077776e+01
   4.7756784e+01
   1.1545360e+02
   1.4172357e+02
   5.9363086e+01
  -1.2737831e+01
   1.8102404e+00
  -3.7476321e+01
   1.1905742e+02
   4.9671579e+01
   4.8627757e+01
   2.3029586e+01
   1.5563755e+02
   1.2514442e+02
   1.1682652e+02
   4.3543459e+01
   1.7478272e+01
  -4.2103986e+01
   1.2849732e+02
  -5.4576405e+01
  -4.8634078e+01
   5.0026455e+01
   6.6886729e+01
   7.0172289e+01
   3.7169764e+01
   1.7535475e+02
   1.7178675e+02
   1.0913479e+02
   1.0649906e+02
  -4.4475387e+00
   1.1532527e+02
   1.3941697e+01
   1.0345448e+02
   1.0424278e+02
   3.6220626e+01
   1.0409917e+02
   1.9762118e+01
  -9.7540009e+00
   6.6353131e+01
   7.3591733e+01
   1.0055462e+02
   1.0966634e+02
  -3.4981720e+01
   5.6332620e+01
   1.5015809e+01
   9.0628398e+01
  -5.8701373e+01
   1.2523162e+02
   9.6841832e+01
  -4.2244880e+01
  -2.1918771e+01
   5.3565739e+01
  -3.1329593e+01
   1.1722787e+02
  -1.0796911e+01
   1.4326063e+00
   6.5819450e+01
   1.6275080e+02
   1.4498544e+01
  -3.0570182e+01
   5.4725719e+01
   1.2526393e+02
   8.7534275e+01
   1.8298697e+02
  -2.0100064e+01
  -4.8072174e+01
   1.1124925e+02
  -5.4667427e+01
   1.8424661e+02
  -1.4458541e+01
   1.5528924e+02
   1.7143178e+02
  -4.5723704e+01
  -3.9858840e+01
  -7.5604380e+00
   1.8960772e+02
  -1.9484370e+01
   9.9895422e+01
   7.1705019e+00
  -7.4624383e+00
   1.2425905e+02
   6.0511287e+01
  -5.0338773e+00
   8.8849570e+01
   1.9033293e+02
   1.8873985e+02
   1.3213187e+02
  -1.0041099e+01
  -4.3557346e+01
   1.7221230e+02
   9.3892138e+01
  -5.6464954e+01
  -5.0672947e+01
  -4.2472826e+01
  -1.6626175e+01
   9.7853594e+01
   5.6378489e+01
   1.7991550e+02
  -4.7574125e+01
   2.5367170e+01
   4.9602343e+01
   1.4620828e+02
   8.2207198e+01
   7.9967007e+01
   8.2567036e+01
   1.2749993e+02
   1.2149981e+02
   1.2205705e+02
  -5.6504400e+01
   6.4720655e+01
   7.3482329e+01
   1.1305355e+02
   2.2552763e+01
   4.1599803e+00
   1.4002295e+02
   1.3564429e+02
   6.1420961e+01
  -3.9299725e-02
  -3.2355811e+01
   5.8316602e+01
   1.8091729e+02
   9.5415575e+01
   1.0474791e+02
   1.5343915e+02
   1.6658894e+02
   6.1278941e+01
   2.3674403e+01
   1.9271978e+02
  -1.0253909e+01
   1.7755321e+02
   1.4161450e+02
  -3.3523256e+01
  -2.5376491e+01
  -5.5822672e+00
   1.8321184e+02
  -3.2446655e+01
   5.0001086e+01
   1.1838509e+02
   1.3847594e+01
   1.2560802e+02
   1.1262050e+02
   1.0145919e+02
   1.8697270e+02
   1.6138338e+02
   7.4275255e+01
   9.8788552e+01
  -1.6578813e+01
  -1.6320795e+01
   7.0647641e+01
   6.3761715e+01
  -4.7845503e+01
   4.8302909e+01
   1.8380037e+02
   1.4333102e+02
   1.3928172e+01
   1.9411704e+02
   4.0847531e+01
   9.3035609e+01
   3.6514374e+00
  -5.4459018e+00
   1.5349879e+02
   1.2095430e+02
  -6.9757583e+00
   1.6562130e+02
  -5.6125480e+00
   1.5435330e+02
  -2.6289557e+00
   1.0442862e+02
   8.5795578e+01
   1.7800641e+02
   6.0837776e+01
  -2.7656153e+01
   1.7670082e+02
   8.2480339e+01
   5.7497110e+01
   1.6742428e+02
   3.3825765e+01
   1.0165440e+02
  -2.7625522e+01
  -4.9343610e+01
   1.1630592e+01
   1.6678443e+01
   1.3533069e+02
   4.9809437e+01
   2.4355617e-01
   3.6704392e+01
   6.3206393e+01
   1.7006303e+02
   7.2202037e+01
   1.6779334e+02
  -1.1685950e+01
   1.2508796e+02
   1.1047068e+02
   8.3012593e+01
   6.0230755e+01
   1.3630705e+02
  -2.9028441e+00
   9.0751006e+01
   1.7624154e+01
   4.9386232e+01
   5.7913464e+01
   1.5575900e+01
   5.0605800e+00
  -3.8122239e+01
   1.0457659e+01
   1.4558242e+02
   2.8400571e+01
   1.0093016e+02
  -1.2557203e+01
   4.5236241e+01
   1.2841245e+02
   1.5318501e+02
   1.8407013e+02
   1.2555611e+02
   1.3004428e+02
   1.7231252e+02
   1.5673646e+01
   1.4103239e+02
   7.0749094e+01
  -5.2421259e+01
   6.6576003e+01
   1.6185110e+02
  -3.1173367e+01
   1.0962542e+00
   1.2058110e+02
   1.4326244e+02
   6.6078580e+01
   4.7359182e+01
   1.0643529e+02
   1.5577575e+02
   1.5525820e+02
   9.1142356e+01
   1.0068206e+02
   6.5215672e+01
   1.1678418e+02
   1.3280774e+02
   3.9673542e+01
   1.7487210e+02
   8.5305940e+01
   1.9636421e+02
   4.5368641e+01
   1.8457035e+02
   1.7374375e+02
  -4.1824633e+01
   7.4521538e+01
   6.5307945e+01
   1.3442004e+02
   1.3859578e+02
   7.4464715e+01
   9.0934582e+00
  -3.3631416e+01
   1.5867690e+02
   1.1289872e+02
   1.9491572e+02
   1.2768458e+02
  -2.7390905e+01
   1.9591472e+02
   2.0021414e+02
   1.1526810e+02
  -2.7953998e+01
   6.7367805e+01
   1.2695244e+02
  -4.3466418e+01
   1.2539536e+02
   1.1883841e+02
   7.7404155e+01
  -2.0472854e+01
   1.9734448e+02
   1.9548547e+02
  -3.4042615e+01
   1.1098320e+02
   1.7697934e+02
   6.2820348e+01
   1.0632861e+02
   1.9567321e+02
   1.8244028e+02
   1.0044459e+01
   9.6215368e+00
   1.5182147e+02
   4.3558396e+01
   1.6980866e+02
   1.1429848e+02
   1.1754741e+02
   1.5548786e+02
   2.7484690e+01
   1.9763630e+02
   1.9461873e+02
   7.4616370e+01
   1.7809235e+02
   5.1975284e+01
   3.7511140e+01
   7.3335961e+01
   1.9659205e+02
   1.7279694e+02
   1.6134608e+02
  -4.9675538e+01
  -2.5662958e+01
   1.2976473e+02
   7.0122036e+01
  -4.2426685e+01
  -5.3687590e+01
   1.6753495e+02
   8.3860046e+01
   1.1323966e+02
   3.7288197e+01
   1.7046074e+02
   8.5693479e+01
   1.3848565e+02
   1.3670465e+02
   8.2225625e+01
   1.7529805e+02
   1.1061291e+02
   2.1028411e+01
   8.7152011e+01
  -3.9034548e+01
   1.8135940e+00
   8.8394617e+01
  -5.1659039e+01
   6.8869496e+01
   1.5724785e+02
   4.7936106e+01
   1.7946035e+02
   1.8661873e+02
   5.2905157e+01
   2.3764367e+01
   1.5845084e+02
   5.2360991e+01
   8.2414059e+01
  -5.9558986e+00
   7.0022400e+01
   2.1961804e+01
   1.7288518e+02
  -9.6758158e+00
   7.7217645e+01
   2.5590897e+00
   4.7715179e+01
   1.3379690e+02
   2.4942705e+01
   4.1755654e+01
   1.7425101e+02
   3.9849515e+01
   1.4894175e+02
   7.3324765e+01
  -1.8593503e+01
   6.0617645e+01
  -5.5071533e+01
   9.3174132e+01
   1.2197857e+01
   1.7568893e+02
  -1.6024229e+01
   3.5806658e-01
   1.1059343e+01
   1.8508883e+02
   1.8573701e+02
  -2.6290386e+00
   7.6021330e+01
   5.4735143e+01
   2.1635757e+01
   4.0925063e+01
   1.9235365e+02
  -2.4592423e+01
   1.3188495e+02
   1.4709788e+02
   1.0165212e+02
   2.0641713e+01
  -5.1634499e+01
   1.8966773e+02
   1.8999799e+02
   3.9346866e+01
   1.3644275e+02
   4.3155194e+01
  -2.0498336e+01
   1.8756241e+02
   1.2211971e+02
   3.4657446e+01
   4.5645394e+01
   2.0242914e+01
   5.1548167e+01
   1.1999118e+02
  -4.4250635e+01
  -6.3149959e+00
   1.3834898e+02
   1.2519403e+02
   7.4495085e+01
   9.1387326e+01
   6.5026278e+01
   4.2802165e+01
   7.3082747e+01
   1.4234653e+02
   1.8988971e+02
   1.1644710e+01
   1.9066775e+02
  -1.5647374e+01
   9.4571509e+01
   1.1722349e+02
   1.4405774e+02
  -1.0531237e+01
   1.4951383e+02
   1.5955997e+02
   8.6611728e+01
  -6.3936093e+00
   6.6247340e+01
   1.6508424e+02
   1.0487883e+02
   8.9780497e+00
   2.8679955e+01
   1.9903327e+02
   1.7355987e+02
   4.3413322e+01
  -3.3625447e+01
   2.4284645e+01
  -3.1786797e+01
   2.7453295e+01
   1.4487817e+01
   4.0545123e+01
  -4.4747991e+01
  -4.1877538e+01
   4.2358823e+01
  -4.7680685e+01
   1.8799036e+02
   1.9973222e+02
   1.9896936e+02
   5.8767866e+01
   1.9775893e+02
   1.3536028e+02
   1.9551275e+02
   1.8826890e+02
   5.1789651e+01
   1.9478001e+02
   1.5033970e+02
   1.9780074e+02
   1.3789626e+01
   1.5590253e+02
   1.0335338e+02
   1.7889864e+02
   6.7930303e+01
  -2.8162731e+01
   1.6436882e+02
   1.9118763e+02
  -1.8327096e+01
   1.3687576e+02
  -3.7334200e+01
  -5.4462460e+01
  -4.7513192e+01
   3.2702395e+01
  -2.3407669e+01
   9.9083772e+01
   8.7317440e+00
   8.0107512e+01
   1.1322329e+02
   1.2061023e+02
   5.9011380e+01
   1.5453423e+02
  -3.6277953e+01
   2.6262396e+01
  -5.6892609e+01
   9.9337760e+01
   1.3615559e+02
   1.7320135e+02
   1.7293368e+02
  -4.5962377e+01
   1.0994657e+02
   1.4612611e+02
   5.0499472e+01
   5.7293630e+01
   4.1768355e+01
   1.7154449e+02
  -3.4814138e+01
   1.7457665e+02
   1.4971726e+02
   1.6144120e+02
  -1.1393730e+01
   1.3113507e+02
   1.4156705e+02
   2.5437121e+01
   1.3000069e+02
   1.3811043e+02
  -8.6195603e+00
  -2.3306894e+01
   3.8672123e+01
  -9.7590516e+00
   1.7570917e+02
  -3.6248975e+01
   6.0941561e+01
   1.5724970e+02
   2.3077179e+01
   1.5542464e+02
   7.1269164e+01
   6.4310763e+01
   3.7572336e+01
   5.7611242e+00
   1.2312022e+02
  -4.8689469e+00
   2.1050427e+00
  -2.6523644e+01
   1.3848903e+02
   1.7120481e+02
   3.5924882e+01
   1.7605553e+02
   1.5260070e+02
   7.6842530e+01
   1.8187343e+02
   2.0196698e+01
   1.8764467e+02
  -1.9463027e+01
  -2.2412229e+01
  -1.2369467e+01
   1.4211251e+02
   4.6067002e+01
   9.1603456e+00
   3.6211679e+01
   4.5088460e+01
   1.2406981e+02
   1.6771194e+02
   1.7508309e+02
   7.6026955e+00
   9.0468947e+01
   1.6963903e+02
   1.5884357e+02
  -4.4009413e+01
   1.0143190e+02
   6.4827812e+01
   8.8396743e+01
   1.2850568e+02
  -1.8890622e-01
   1.7978831e+02
   1.0194814e+02
   1.5089826e+02
   2.8132638e-01
   1.4981578e+02
   1.9011761e+02
   7.7988707e+01
   7.0186511e+01
   9.0015437e+01
   3.7616127e+01
   1.1760977e+02
   5.5838542e+01
  -4.0640264e+00
  -5.6098367e+01
   1.0028190e+02
   2.7319751e+00
  -2.9820400e+01
  -2.0536634e+01
   1.2696783e+02
   9.5496260e+00
   1.6400226e+02
   7.6839441e+00
  -3.4905577e+00
   6.4942445e+01
   1.5964374e+02
   6.7850557e+01
   1.0002702e+02
  -4.8775169e+01
   1.4225831e+02
   1.6334283e+02
  -3.1086406e+01
   6.1821014e+01
  -3.1923413e+01
   1.5391072e+02
   7.5002823e+01
   1.7432125e+02
   6.0828244e+01
  -3.1806334e+01
  -4.5053986e+00
   1.4216849e+02
   8.4210599e+00
   8.6967490e+01
   1.7890854e+02
   1.6705410e+02
  -3.3535729e+01
   8.5423018e+01
   1.3321008e+02
   1.7039752e+02
   8.5209214e+01
   6.9621216e+01
   9.1409897e+01
   1.0116920e+02
   9.4109260e+01
   9.9497239e+01
   1.7031053e+02
   9.6682996e+01
  -4.6905224e+01
   1.1615314e+02
   4.2956497e+01
   1.5612920e+02
   7.8602792e+01
   9.8694241e+01
   1.4331614e+02
   4.0358008e+01
  -1.1281273e+00
   3.7373472e+01
   2.7348698e+01
   3.8640702e+01
   1.0899840e+02
   1.7832066e+02
   1.8841836e+02
   2.0601560e+01
   8.9087959e+01
   1.3545882e+02
   1.9956126e+02
   1.4892991e+02
   1.9646798e+02
   8.2569788e+01
   1.4991944e+02
   1.9911439e+02
   2.4740585e+01
   1.6457600e+02
   9.2774198e+01
  -3.8317680e+01
   1.0735979e+02
   8.9174765e+01
   1.8356864e+02
   1.9031800e+02
   1.4627354e+02
   1.4820284e+02
  -1.5044676e+00
  -5.0661042e+01
   2.8233637e+01
   1.7084657e+02
   3.5313303e+01
  -3.2097444e+01
   7.8155412e+01
   1.2260760e+02
  -4.4935531e+00
   1.1589590e+02
   9.8164018e+01
  -4.4148438e+01
   3.2732805e-01
  -1.3368385e+01
   4.1930069e+01
   5.7175760e+01
   1.9416963e+02
   1.3439127e+02
   1.6596395e+02
   1.4545177e+02
   1.6452643e+02
   6.5583510e+01
   1.3717009e+02
   5.3698511e-01
   1.9848313e+02
   1.9388109e+02
   1.1227549e+02
   1.5474699e+02
   4.7627837e+01
   9.5822930e+01
  -3.8078037e+01
   7.9111480e+00
   1.5231315e+02
   7.0589139e+01
   2.2576517e+01
  -4.2740666e+01
   1.8516267e+02
   1.0840179e+02
   3.7288495e+01
   1.2218372e+02
   9.9322586e+01
   6.5409064e+01
   1.1928282e+02
   1.6226219e+02
   5.9795057e+01
   1.3150507e+02
   2.2176216e+01
   5.5121482e+01
   1.3268817e+02
   1.4055024e+02
   2.3352918e-01
  -1.0075068e+01
   1.1800943e+02
   1.3212529e+02
   1.5929990e+02
   1.7595940e+02
   1.1383308e+02
   1.4040673e+02
   3.4283226e+01
  -1.4737595e+01
   1.7693220e+02
   1.6201255e+02
   1.3836795e+02
  -2.6147723e+01
   3.9880128e+01
   1.8035402e+02
   5.0335432e+00
  -4.2781440e+00
  -1.9392827e+00
   9.5230891e+01
   4.8416847e+01
   1.4024359e+02
  -5.0633803e+01
   2.6898174e+01
  -2.8463443e+01
   5.1196722e+01
   1.7492049e+02
   9.6283086e+01
   1.6853490e+02
  -1.0852402e+01
   1.8661614e+02
  -1.7743061e+01
   9.5202250e+01
   1.4883547e+02
   1.5817229e+02
   8.5578943e+01
   1.2420015e+02
   1.9918239e+02
   7.1173517e+01
  -3.1788439e+01
   1.3234085e+02
  -5.6109393e+01
   1.8725167e+02
   5.3785191e+01
   1.4667390e+02
   7.5717308e+00
   1.5034226e+02
  -3.2563846e+01
   6.2736302e+00
   1.4298800e+02
  -4.5939757e+01
   9.9806721e+01
   8.7259556e+01
   1.4831843e+02
  -1.5674676e+01
  -3.2716743e+01
   1.4186596e+02
   1.6127813e+02
   1.3712083e+02
   4.7678391e+01
  -1.1833969e+01
  -2.5400105e+01
   1.0934042e+02
  -5.2460062e+01
   2.7880465e+01
   1.0337616e+02
   9.1997974e+01
   4.2073608e+01
   1.9936965e+02
   6.8403410e+01
   7.6488626e+01
   1.5329810e+02
   5.0045666e+01
   7.2589755e+01
   1.9788518e+02
   1.0661406e+02
   1.9699836e+02
   2.8862013e+01
   2.3058740e+01
   1.5356551e+02
   1.4324780e+02
   1.9542062e+02
   5.3584659e+01
   8.8513073e+01
   9.1506474e+01
   1.5872625e+02
  -4.1620115e+01
   3.5531673e+01
  -2.0737091e+01
   1.0028376e+02
   9.0725557e+01
   2.9762115e+01
   1.2387337e+02
   1.7376743e+02
   1.6182497e+02
   1.9089783e+02
   1.2545076e+02
   1.5002200e+02
   1.2013746e+02
   1.9027497e+02
   3.6248067e+01
   1.7408568e+02
   7.8136678e+01
   1.5521624e+02
   1.5990704e+02
  -2.8520130e+01
   1.0050075e+02
   1.3375043e+02
  -4.6861973e+01
   1.8260573e+02
   3.3670085e+01
   1.0420493e+01
   9.2946016e+01
   6.3737621e+01
   4.2819863e+01
   1.9184246e+02
   1.0013041e+01
   2.1342911e+01
   3.1943069e+01
   2.7982933e+01
   1.4108995e+02
   1.6391761e+02
  -3.2997752e+00
  -5.1783957e+01
  -1.6863454e+01
   9.5124741e+01
   1.1499298e+02
   1.3388459e+02
   5.3182563e+01
   4.3200788e+01
   2.9019279e+01
   3.4120346e+01
  -4.0654296e+01
  -3.2048154e+01
   1.7424056e+02
   2.7294917e+00
   1.8681102e+01
   1.5839355e+02
   5.8649886e+01
   5.3419723e+01
   1.2265426e+02
   9.7806662e+01
  -2.1792358e+01
  -4.0798423e+01
   1.9235030e+01
  -9.3088691e+00
  -1.8505182e+01
  -3.7657506e+01
  -5.4783097e+01
   1.9055190e+02
   1.6674107e+02
   8.1002834e+00
   1.0604639e+02
   1.4010185e+02
   6.5075975e+01
  -5.9166143e+00
   1.1666230e+02
   1.8793860e+01
   1.1856932e+02
   1.1037234e+02
   1.2921085e+02
   1.8106848e+02
   1.8280670e+02
   1.6693582e+02
   1.1797515e+02
   1.8735214e+02
   8.9122950e+01
   3.0340919e+01
   7.0320317e+00
   1.6413889e+02
   1.6568797e+02
   3.3002891e+01
   5.3198759e+01
  -1.4733508e+01
  -5.6362375e+01
   2.6854006e+01
   8.3062334e+01
   4.6721713e+01
  -3.1531986e+01
   5.4567508e+01
  -5.1777856e+01
   1.9591200e+02
  -1.1220647e+01
   7.5535892e+01
   1.6166228e+02
   8.6907995e+01
   6.2768567e+01
   4.6889424e+01
  -5.0508447e+01
   1.3394306e+02
   1.4122165e+02
   5.4561976e+01
   6.9015015e+01
   3.2684598e+00
   1.6607934e+02
  -5.2131135e+00
   9.8734433e+01
   8.9316368e+01
   1.2930016e+02
   1.1768646e+02
   6.7557577e+01
   6.5013709e+01
  -7.3932102e+00
   2.5199873e+01
   1.0358118e+02
   1.5587506e+02
   1.1526829e+02
   1.0613773e+00
   9.1313913e+01
  -3.6019887e+01
   8.7746477e+01
  -4.2248109e+01
  -4.9790099e+01
   1.2041420e+02
   6.0939416e+01
   1.0389389e+01
  -3.8612821e+00
   1.6254950e+02
   1.5796034e+02
  -4.2615666e+01
  -1.9987676e+01
  -2.1823313e+01
   1.7224880e+02
   1.1166216e+02
   1.8051079e+02
   4.5800115e+01
   8.0676839e+01
   1.2006692e+02
  -4.6303107e+01
   1.4497490e+02
   3.8650518e+01
   1.4971558e+02
   7.6605401e+01
  -8.3605919e+00
  -5.4406985e+01
   1.7595103e+02
  -3.2246695e+01
  -1.2037630e+01
   1.3551687e+02
   1.1588867e+02
   1.7058999e+02
  -5.9138667e+01
   1.2348683e+02
   1.1643603e+02
   1.6359556e+02
   2.9333871e+01
  -4.0917920e+01
   1.9237602e+02
   2.1953423e+01
   3.7196273e+01
   1.0060618e+02
   1.1395845e+02
  -5.3785478e+01
  -3.5978742e+01
   1.3516762e+02
  -3.7301969e+01
  -6.4867877e+00
   1.2357939e+02
  -2.3944632e+01
   1.8974345e+01
   1.0007321e+02
  -5.0938687e+00
   1.9816855e+02
   6.2024671e+01
   7.6311374e+00
   1.9718392e+02
   1.9653133e+02
   1.1335028e+02
  -1.0275841e+01
  -3.5395388e+01
   1.1455321e+02
   1.4434239e+02
   1.4056761e+02
   1.9457748e+01
   1.0684130e+02
   1.1006172e+02
   1.0740175e+02
  -3.9176971e+01
   4.6658540e+01
   1.2556216e+02
   1.2058671e+02
   2.4366764e+01
   7.1064430e+01
  -1.1819692e+00
   1.1636837e+02
  -4.7592820e+01
   1.4996617e+02
  -8.4345718e+00
   5.5626276e+01
   1.0237008e+02
   1.7232035e+02
   5.7697048e+01
   1.4352097e+01
  -5.1242034e+01
   1.4353758e+02
  -5.5963738e+01
  -5.8191908e+01
   6.1289525e+01
   1.5462515e+02
   7.7358210e+01
  -2.2600942e+01
   8.1252015e+01
   1.1762689e+02
   1.9688234e+02
   4.0880240e+01
   1.5937695e+02
  -2.8802776e+01
   1.2632932e+02
  -4.3003588e+01
  -5.0202644e+00
   1.2535852e+02
   1.1386307e+02
  -3.4768869e+01
  -5.2078847e+01
   1.8855329e+01
  -3.4089202e+00
   1.0261625e+02
   4.4258327e+01
  -4.8606271e+01
   1.6313158e+02
  -4.8333850e+01
  -3.1739653e+01
   1.0787879e+02
   1.3782015e+02
   1.5202941e+02
   1.5178356e+02
   7.5550529e+01
   1.6153214e+02
   1.4349032e+02
   1.4842056e+02
   1.0666360e+02
  -2.4313789e+01
   1.8925893e+02
   1.5966676e+02
   1.4373883e+02
  -3.6077776e+01
   4.7756784e+01
   1.1545360e+02
   1.4172357e+02
   5.9363086e+01
  -1.2737831e+01
   1.8102404e+00
  -3.7476321e+01
   1.1905742e+02
   4.9671579e+01
   4.8627757e+01
   2.3029586e+01
   1.5563755e+02
   1.2514442e+02
   1.1682652e+02
   4.3543459e+01
   1.7478272e+01
  -4.2103986e+01
   1.2849732e+02
  -5.4576405e+01
  -4.8634078e+01
   5.0026455e+01
   6.6886729e+01
   7.0172289e+01
   3.7169764e+01
   1.7535475e+02
   1.7178675e+02
   1.0913479e+02
   1.0649906e+02
  -4.4475387e+00
   1.1532527e+02
   1.3941697e+01
   1.0345448e+02
   1.0424278e+02
   3.6220626e+01
   1.0409917e+02
   1.9762118e+01
  -9.7540009e+00
   6.6353131e+01
   7.3591733e+01
   1.0055462e+02
   1.0966634e+02
  -3.4981720e+01
   5.6332620e+01
   1.5015809e+01
   9.0628398e+01
  -5.8701373e+01
   1.2523162e+02
   9.6841832e+01
  -4.2244880e+01
  -2.1918771e+01
   5.3565739e+01
  -3.1329593e+01
   1.1722787e+02
  -1.0796911e+01
   1.4326063e+00
   6.5819450e+01
   1.6275080e+02
   1.4498544e+01
  -3.0570182e+01
   5.4725719e+01
   1.2526393e+02
   8.7534275e+01
   1.8298697e+02
  -2.0100064e+01
  -4.8072174e+01
   1.1124925e+02
  -5.4667427e+01
   1.8424661e+02
  -1.4458541e+01
   1.5528924e+02
   1.7143178e+02
  -4.5723704e+01
  -3.9858840e+01
  -7.5604380e+00
   1.8960772e+02
  -1.9484370e+01
   9.9895422e+01
   7.1705019e+00
  -7.4624383e+00
   1.2425905e+02
   6.0511287e+01
  -5.0338773e+00
   8.8849570e+01
   1.9033293e+02
   1.8873985e+02
   1.3213187e+02
  -1.0041099e+01
  -4.3557346e+01
   1.7221230e+02
   9.3892138e+01
  -5.6464954e+01
  -5.0672947e+01
  -4.2472826e+01
  -1.6626175e+01
   9.7853594e+01
   5.6378489e+01
   1.7991550e+02
  -4.7574125e+01
   2.5367170e+01
   4.9602343e+01
   1.4620828e+02
   8.2207198e+01
   7.9967007e+01
   8.2567036e+01
   1.2749993e+02
   1.2149981e+02
   1.2205705e+02
  -5.6504400e+01
   6.4720655e+01
   7.3482329e+01
   1.1305355e+02
   2.2552763e+01
   4.1599803e+00
   1.4002295e+02
   1.3564429e+02
   6.1420961e+01
  -3.9299725e-02
  -3.2355811e+01
   5.8316602e+01
   1.8091729e+02
   9.5415575e+01
   1.0474791e+02
   1.5343915e+02
   1.6658894e+02
   6.1278941e+01
   2.3674403e+01
   1.9271978e+02
  -1.0253909e+01
   1.7755321e+02
   1.4161450e+02
  -3.3523256e+01
  -2.5376491e+01
  -5.5822672e+00
   1.8321184e+02
  -3.2446655e+01
   5.0001086e+01
   1.1838509e+02
   1.3847594e+01
   1.2560802e+02
   1.1262050e+02
   1.0145919e+02
   1.8697270e+02
   1.6138338e+02
   7.4275255e+01
   9.8788552e+01
  -1.6578813e+01
  -1.6320795e+01
   7.0647641e+01
   6.3761715e+01
  -4.7845503e+01
   4.8302909e+01
   1.8380037e+02
   1.4333102e+02
   1.3928172e+01
   1.9411704e+02
   4.0847531e+01
   9.3035609e+01
   3.6514374e+00
  -5.4459018e+00
   1.5349879e+02
   1.2095430e+02
  -6.9757583e+00
   1.6562130e+02
  -5.6125480e+00
   1.5435330e+02
  -2.6289557e+00
   1.0442862e+02
   8.5795578e+01
   1.7800641e+02
   6.0837776e+01
  -2.7656153e+01
   1.7670082e+02
   8.2480339e+01
   5.7497110e+01
   1.6742428e+02
   3.3825765e+01
   1.0165440e+02
  -2.7625522e+01
  -4.9343610e+01
   1.1630592e+01
   1.6678443e+01
   1.3533069e+02
   4.9809437e+01
   2.4355617e-01
   3.6704392e+01
   6.3206393e+01
   1.7006303e+02
   7.2202037e+01
   1.6779334e+02
  -1.1685950e+01
   1.2508796e+02
   1.1047068e+02
   8.3012593e+01
   6.0230755e+01
   1.3630705e+02
  -2.9028441e+00
   9.0751006e+01
   1.7624154e+01
   4.9386232e+01
   5.7913464e+01
   1.5575900e+01
   5.0605800e+00
  -3.8122239e+01
   1.0457659e+01
   1.4558242e+02
   2.8400571e+01
   1.0093016e+02
  -1.2557203e+01
   4.5236241e+01
   1.2841245e+02
   1.5318501e+02
   1.8407013e+02
   1.2555611e+02
   1.3004428e+02
   1.7231252e+02
   1.5673646e+01
   1.4103239e+02
   7.0749094e+01
  -5.2421259e+01
   6.6576003e+01
   1.6185110e+02
  -3.1173367e+01
   1.0962542e+00
   1.2058110e+02
   1.4326244e+02
   6.6078580e+01
   4.7359182e+01
   1.0643529e+02
   1.5577575e+02
   1.5525820e+02
   9.1142356e+01
   1.0068206e+02
   6.5215672e+01
   1.1678418e+02
   1.3280774e+02
   3.9673542e+01
   1.7487210e+02
   8.5305940e+01
   1.9636421e+02
   4.5368641e+01
   1.8457035e+02
   1.7374375e+02
  -4.1824633e+01
   7.4521538e+01
   6.5307945e+01
   1.3442004e+02
   1.3859578e+02
   7.4464715e+01
   9.0934582e+00
  -3.3631416e+01
   1.5867690e+02
   1.1289872e+02
   1.9491572e+02
   1.2768458e+02
  -2.7390905e+01
   1.9591472e+02
   2.0021414e+02
   1.1526810e+02
  -2.7953998e+01
   6.7367805e+01
   1.2695244e+02
  -4.3466418e+01
   1.2539536e+02
   1.1883841e+02
   7.7404155e+01
  -2.0472854e+01
   1.9734448e+02
   1.9548547e+02
  -3.4042615e+01
   1.1098320e+02
   1.7697934e+02
   6.2820348e+01
   1.0632861e+02
   1.9567321e+02
   1.8244028e+02
   1.0044459e+01
   9.6215368e+00
   1.5182147e+02
   4.3558396e+01
   1.6980866e+02
   1.1429848e+02
   1.1754741e+02
   1.5548786e+02
   2.7484690e+01
   1.9763630e+02
   1.9461873e+02
   7.4616370e+01
   1.7809235e+02
   5.1975284e+01
   3.7511140e+01
   7.3335961e+01
   1.9659205e+02
   1.7279694e+02
   1.6134608e+02
  -4.9675538e+01
  -2.5662958e+01
   1.2976473e+02
   7.0122036e+01
  -4.2426685e+01
  -5.3687590e+01
   1.6753495e+02
   8.3860046e+01
   1.1323966e+02
   3.7288197e+01
   1.7046074e+02
   8.5693479e+01
   1.3848565e+02
   1.3670465e+02
   8.2225625e+01
   1.7529805e+02
   1.1061291e+02
   2.1028411e+01
   8.7152011e+01
  -3.9034548e+01
   1.8135940e+00
   8.8394617e+01
  -5.1659039e+01
   6.8869496e+01
   1.5724785e+02
   4.7936106e+01
   1.7946035e+02
   1.8661873e+02
   5.2905157e+01
   2.3764367e+01
   1.5845084e+02
   5.2360991e+01
   8.2414059e+01
  -5.9558986e+00
   7.0022400e+01
   2.1961804e+01
   1.7288518e+02
  -9.6758158e+00
   7.7217645e+01
   2.5590897e+00
   4.7715179e+01
   1.3379690e+02
   2.4942705e+01
   4.1755654e+01
   1.7425101e+02
   3.9849515e+01
   1.4894175e+02
   7.3324765e+01
  -1.8593503e+01
   6.0617645e+01
  -5.5071533e+01
   9.3174132e+01
   1.2197857e+01
   1.7568893e+02
  -1.6024229e+01
   3.5806658e-01
   1.1059343e+01
   1.8508883e+02
   1.8573701e+02
  -2.6290386e+00
   7.6021330e+01
   5.4735143e+01
   2.1635757e+01
   4.0925063e+01
   1.9235365e+02
  -2.4592423e+01
   1.3188495e+02
   1.4709788e+02
   1.0165212e+02
   2.0641713e+01
  -5.1634499e+01
   1.8966773e+02
   1.8999799e+02
   3.9346866e+01
   1.3644275e+02
   4.3155194e+01
  -2.0498336e+01
   1.8756241e+02
   1.2211971e+02
   3.4657446e+01
   4.5645394e+01
   2.0242914e+01
   5.1548167e+01
   1.1999118e+02
  -4.4250635e+01
  -6.3149959e+00
   1.3834898e+02
   1.2519403e+02
   7.4495085e+01
   9.1387326e+01
   6.5026278e+01
   4.2802165e+01
   7.3082747e+01
   1.4234653e+02
   1.8988971e+02
   1.1644710e+01
   1.9066775e+02
  -1.5647374e+01
   9.4571509e+01
   1.1722349e+02
   1.4405774e+02
  -1.0531237e+01
   1.4951383e+02
   1.5955997e+02
   8.6611728e+01
  -6.3936093e+00
   6.6247340e+01
   1.6508424e+02
   1.0487883e+02
   8.9780497e+00
   2.8679955e+01
   1.9903327e+02
   1.7355987e+02
   4.3413322e+01
  -3.3625447e+01
   2.4284645e+01
  -3.1786797e+01
   2.7453295e+01
   1.4487817e+01
   4.0545123e+01
  -4.4747991e+01
  -4.1877538e+01
   4.2358823e+01
  -4.7680685e+01
   1.8799036e+02
   1.9973222e+02
   1.9896936e+02
   5.8767866e+01
   1.9775893e+02
   1.3536028e+02
   1.9551275e+02
   1.8826890e+02
   5.1789651e+01
   1.9478001e+02
   1.5033970e+02
   1.9780074e+02
   1.3789626e+01
   1.5590253e+02
   1.0335338e+02
   1.7889864e+02
   6.7930303e+01
  -2.8162731e+01
   1.6436882e+02
   1.9118763e+02
  -1.8327096e+01
   1.3687576e+02
  -3.7334200e+01
  -5.4462460e+01
  -4.7513192e+01
   3.2702395e+01
  -2.3407669e+01
   9.9083772e+01
   8.7317440e+00
   8.0107512e+01
   1.1322329e+02
   1.2061023e+02
   5.9011380e+01
   1.5453423e+02
  -3.6277953e+01
   2.6262396e+01
  -5.6892609e+01
   9.9337760e+01
   1.3615559e+02
   1.7320135e+02
   1.7293368e+02
  -4.5962377e+01
   1.0994657e+02
   1.4612611e+02
   5.0499472e+01
   5.7293630e+01
   4.1768355e+01
   1.7154449e+02
  -3.4814138e+01
   1.7457665e+02
   1.4971726e+02
   1.6144120e+02
  -1.1393730e+01
   1.3113507e+02
   1.4156705e+02
   2.5437121e+01
   1.3000069e+02
   1.3811043e+02
  -8.6195603e+00
  -2.3306894e+01
   3.8672123e+01
  -9.7590516e+00
   1.7570917e+02
  -3.6248975e+01
   6.0941561e+01
   1.5724970e+02
   2.3077179e+01
   1.5542464e+02
   7.1269164e+01
   6.4310763e+01
   3.7572336e+01
   5.7611242e+00
   1.2312022e+02
  -4.8689469e+00
   2.1050427e+00
  -2.6523644e+01
   1.3848903e+02
   1.7120481e+02
   3.5924882e+01
   1.7605553e+02
   1.5260070e+02
   7.6842530e+01
   1.8187343e+02
   2.0196698e+01
   1.8764467e+02
  -1.9463027e+01
  -2.2412229e+01
  -1.2369467e+01
   1.4211251e+02
   4.6067002e+01
   9.1603456e+00
   3.6211679e+01
   4.5088460e+01
   1.2406981e+02
   1.6771194e+02
   1.7508309e+02
   7.6026955e+00
   9.0468947e+01
   1.6963903e+02
   1.5884357e+02
  -4.4009413e+01
   1.0143190e+02
   6.4827812e+01
   8.8396743e+01
   1.2850568e+02
  -1.8890622e-01
   1.7978831e+02
   1.0194814e+02
   1.5089826e+02
   2.8132638e-01
   1.4981578e+02
   1.9011761e+02
   7.7988707e+01
   7.0186511e+01
   9.0015437e+01
   3.7616127e+01
   1.1760977e+02
   5.5838542e+01
  -4.0640264e+00
  -5.6098367e+01
   1.0028190e+02
   2.7319751e+00
  -2.9820400e+01
  -2.0536634e+01
   1.2696783e+02
   9.5496260e+00
   1.6400226e+02
   7.6839441e+00
  -3.4905577e+00
   6.4942445e+01
   1.5964374e+02
   6.7850557e+01
   1.0002702e+02
  -4.8775169e+01
   1.4225831e+02
   1.6334283e+02
  -3.1086406e+01
   6.1821014e+01
  -3.1923413e+01
   1.5391072e+02
   7.5002823e+01
   1.7432125e+02
   6.0828244e+01
  -3.1806334e+01
  -4.5053986e+00
   1.4216849e+02
   8.4210599e+00
   8.6967490e+01
   1.7890854e+02
   1.6705410e+02
  -3.3535729e+01
   8.5423018e+01
   1.3321008e+02
   1.7039752e+02
   8.5209214e+01
   6.9621216e+01
   9.1409897e+01
   1.0116920e+02
   9.4109260e+01
   9.9497239e+01
   1.7031053e+02
   9.6682996e+01
  -4.6905224e+01
   1.1615314e+02
   4.2956497e+01
   1.5612920e+02
   7.8602792e+01
   9.8694241e+01
   1.4331614e+02
   4.0358008e+01
  -1.1281273e+00
   3.7373472e+01
   2.7348698e+01
   3.8640702e+01
   1.0899840e+02
   1.7832066e+02
   1.8841836e+02
   2.0601560e+01
   8.9087959e+01
   1.3545882e+02
   1.9956126e+02
   1.4892991e+02
   1.9646798e+02
   8.2569788e+01
   1.4991944e+02
   1.9911439e+02
   2.4740585e+01
   1.6457600e+02
   9.2774198e+01
  -3.8317680e+01
   1.0735979e+02
   8.9174765e+01
   1.8356864e+02
   1.9031800e+02
   1.4627354e+02
   1.4820284e+02
  -1.5044676e+00
  -5.0661042e+01
   2.8233637e+01
   1.7084657e+02
   3.5313303e+01
  -3.2097444e+01
   7.8155412e+01
   1.2260760e+02
  -4.4935531e+00
   1.1589590e+02
   9.8164018e+01
  -4.4148438e+01
   3.2732805e-01
  -1.3368385e+01
   4.1930069e+01
   5.7175760e+01
   1.9416963e+02
   1.3439127e+02
   1.6596395e+02
   1.4545177e+02
   1.6452643e+02
   6.5583510e+01
   1.3717009e+02
   5.3698511e-01
   1.9848313e+02
   1.9388109e+02
   1.1227549e+02
   1.5474699e+02
   4.7627837e+01
   9.5822930e+01
  -3.8078037e+01
   7.9111480e+00
   1.5231315e+02
   7.0589139e+01
   2.2576517e+01
  -4.2740666e+01
   1.8516267e+02
   1.0840179e+02
   3.7288495e+01
   1.2218372e+02
   9.9322586e+01
   6.5409064e+01
   1.1928282e+02
   1.6226219e+02
   5.9795057e+01
   1.3150507e+02
   2.2176216e+01
   5.5121482e+01
   1.3268817e+02
   1.4055024e+02
   2.3352918e-01
  -1.0075068e+01
   1.1800943e+02
   1.3212529e+02
   1.5929990e+02
   1.7595940e+02
   1.1383308e+02
   1.4040673e+02
   3.4283226e+01
  -1.4737595e+01
   1.7693220e+02
   1.6201255e+02
   1.3836795e+02
  -2.6147723e+01
   3.9880128e+01
   1.8035402e+02
   5.0335432e+00
  -4.2781440e+00
  -1.9392827e+00
   9.5230891e+01
   4.8416847e+01
   1.4024359e+02
  -5.0633803e+01
   2.6898174e+01
  -2.8463443e+01
   5.1196722e+01
   1.7492049e+02
   9.6283086e+01
   1.6853490e+02
  -1.0852402e+01
   1.8661614e+02
  -1.7743061e+01
   9.5202250e+01
   1.4883547e+02
   1.5817229e+02
   8.5578943e+01
   1.2420015e+02
   1.9918239e+02
   7.1173517e+01
  -3.1788439e+01
   1.3234085e+02
  -5.6109393e+01
   1.8725167e+02
   5.3785191e+01
   1.4667390e+02
   7.5717308e+00
   1.5034226e+02
  -3.2563846e+01
   6.2736302e+00
   1.4298800e+02
  -4.5939757e+01
   9.9806721e+01
   8.7259556e+01
   1.4831843e+02
  -1.5674676e+01
  -3.2716743e+01
   1.4186596e+02
   1.6127813e+02
   1.3712083e+02
   4.7678391e+01
  -1.1833969e+01
  -2.5400105e+01
   1.0934042e+02
  -5.2460062e+01
   2.7880465e+01
   1.0337616e+02
   9.1997974e+01
   4.2073608e+01
   1.9936965e+02
   6.8403410e+01
   7.6488626e+01
   1.5329810e+02
   5.0045666e+01
   7.2589755e+01
   1.9788518e+02
   1.0661406e+02
   1.9699836e+02
   2.8862013e+01
   2.3058740e+01
   1.5356551e+02
   1.4324780e+02
   1.9542062e+02
   5.3584659e+01
   8.8513073e+01
   9.1506474e+01
   1.5872625e+02
  -4.1620115e+01
   3.5531673e+01
  -2.0737091e+01
   1.0028376e+02
   9.0725557e+01
   2.9762115e+01
   1.2387337e+02
   1.7376743e+02
   1.6182497e+02
   1.9089783e+02
   1.2545076e+02
   1.5002200e+02
   1.2013746e+02
   1.9027497e+02
   3.6248067e+01
   1.7408568e+02
   7.8136678e+01
   1.5521624e+02
   1.5990704e+02
  -2.8520130e+01
   1.0050075e+02
   1.3375043e+02
  -4.6861973e+01
   1.8260573e+02
   3.3670085e+01
   1.0420493e+01
   9.2946016e+01
   6.3737621e+01
   4.2819863e+01
   1.9184246e+02
   1.0013041e+01
   2.1342911e+01
   3.1943069e+01
   2.7982933e+01
   1.4108995e+02
   1.6391761e+02
  -3.2997752e+00
  -5.1783957e+01
  -1.6863454e+01
   9.5124741e+01
   1.1499298e+02
   1.3388459e+02
   5.3182563e+01
   4.3200788e+01
   2.9019279e+01
   3.4120346e+01
  -4.0654296e+01
  -3.2048154e+01
   1.7424056e+02
   2.7294917e+00
   1.8681102e+01
   1.5839355e+02
   5.8649886e+01
   5.3419723e+01
   1.2265426e+02
   9.7806662e+01
  -2.1792358e+01
  -4.0798423e+01
   1.9235030e+01
  -9.3088691e+00
  -1.8505182e+01
  -3.7657506e+01
  -5.4783097e+01
   1.9055190e+02
   1.6674107e+02
   8.1002834e+00
   1.0604639e+02
   1.4010185e+02
   6.5075975e+01
  -5.9166143e+00
   1.1666230e+02
   1.8793860e+01
   1.1856932e+02
   1.1037234e+02
   1.2921085e+02
   1.8106848e+02
   1.8280670e+02
   1.6693582e+02
   1.1797515e+02
   1.8735214e+02
   8.9122950e+01
   3.0340919e+01
   7.0320317e+00
   1.6413889e+02
   1.6568797e+02
   3.3002891e+01
   5.3198759e+01
  -1.4733508e+01
  -5.6362375e+01
   2.6854006e+01
   8.3062334e+01
   4.6721713e+01
  -3.1531986e+01
   5.4567508e+01
  -5.1777856e+01
   1.9591200e+02
  -1.1220647e+01
   7.5535892e+01
   1.6166228e+02
   8.6907995e+01
   6.2768567e+01
   4.6889424e+01
  -5.0508447e+01
   1.3394306e+02
   1.4122165e+02
   5.4561976e+01
   6.9015015e+01
   3.2684598e+00
   1.6607934e+02
  -5.2131135e+00
   9.8734433e+01
   8.9316368e+01
   1.2930016e+02
   1.1768646e+02
   6.7557577e+01
   6.5013709e+01
  -7.3932102e+00
   2.5199873e+01
   1.0358118e+02
   1.5587506e+02
   1.1526829e+02
   1.0613773e+00
   9.1313913e+01
  -3.6019887e+01
   8.7746477e+01
  -4.2248109e+01
  -4.9790099e+01
   1.2041420e+02
   6.0939416e+01
   1.0389389e+01
  -3.8612821e+00
   1.6254950e+02
   1.5796034e+02
  -4.2615666e+01
  -1.9987676e+01
  -2.1823313e+01
   1.7224880e+02
   1.1166216e+02
   1.8051079e+02
   4.5800115e+01
   8.0676839e+01
   1.2006692e+02
  -4.6303107e+01
   1.4497490e+02
   3.8650518e+01
   1.4971558e+02
   7.6605401e+01
  -8.3605919e+00
  -5.4406985e+01
   1.7595103e+02
  -3.2246695e+01
  -1.2037630e+01
   1.3551687e+02
   1.1588867e+02
   1.7058999e+02
  -5.9138667e+01
   1.2348683e+02
   1.1643603e+02
   1.6359556e+02
   2.9333871e+01
  -4.0917920e+01
   1.9237602e+02
   2.1953423e+01
   3.7196273e+01
   1.0060618e+02
   1.1395845e+02
  -5.3785478e+01
  -3.5978742e+01
   1.3516762e+02
  -3.7301969e+01
  -6.4867877e+00
   1.2357939e+02
  -2.3944632e+01
   1.8974345e+01
   1.0007321e+02
  -5.0938687e+00
   1.9816855e+02
   6.2024671e+01
   7.6311374e+00
   1.9718392e+02
   1.9653133e+02
   1.1335028e+02
  -1.0275841e+01
  -3.5395388e+01
   1.1455321e+02
   1.4434239e+02
   1.4056761e+02
   1.9457748e+01
   1.0684130e+02
   1.1006172e+02
   1.0740175e+02
  -3.9176971e+01
   4.6658540e+01
   1.2556216e+02
   1.2058671e+02
   2.4366764e+01
   7.1064430e+01
  -1.1819692e+00
   1.1636837e+02
  -4.7592820e+01
   1.4996617e+02
  -8.4345718e+00
   5.5626276e+01
   1.0237008e+02
   1.7232035e+02
   5.7697048e+01
   1.4352097e+01
  -5.1242034e+01
   1.4353758e+02
  -5.5963738e+01
  -5.8191908e+01
   6.1289525e+01
   1.5462515e+02
   7.7358210e+01
  -2.2600942e+01
   8.1252015e+01
   1.1762689e+02
   1.9688234e+02
   4.0880240e+01
   1.5937695e+02
  -2.8802776e+01
   1.2632932e+02
  -4.3003588e+01
  -5.0202644e+00
   1.2535852e+02
   1.1386307e+02
  -3.4768869e+01
  -5.2078847e+01
   1.8855329e+01
  -3.4089202e+00
   1.0261625e+02
   4.4258327e+01
  -4.8606271e+01
   1.6313158e+02
  -4.8333850e+01
  -3.1739653e+01
   1.0787879e+02
   1.3782015e+02
   1.5202941e+02
   1.5178356e+02
   7.5550529e+01
   1.6153214e+02
   1.4349032e+02
   1.4842056e+02
   1.0666360e+02
  -2.4313789e+01
   1.8925893e+02
   1.5966676e+02
   1.4373883e+02
  -3.6077776e+01
   4.7756784e+01
   1.1545360e+02
   1.4172357e+02
   5.9363086e+01
  -1.2737831e+01
   1.8102404e+00
  -3.7476321e+01
   1.1905742e+02
   4.9671579e+01
   4.8627757e+01
   2.3029586e+01
   1.5563755e+02
   1.2514442e+02
   1.1682652e+02
   4.3543459e+01
   1.7478272e+01
  -4.2103986e+01
   1.2849732e+02
  -5.4576405e+01
  -4.8634078e+01
   5.0026455e+01
   6.6886729e+01
   7.0172289e+01
   3.7169764e+01
   1.7535475e+02
   1.7178675e+02
   1.0913479e+02
   1.0649906e+02
  -4.4475387e+00
   1.1532527e+02
   1.3941697e+01
   1.0345448e+02
   1.0424278e+02
   3.6220626e+01
   1.0409917e+02
   1.9762118e+01
  -9.7540009e+00
   6.6353131e+01
   7.3591733e+01
   1.0055462e+02
   1.0966634e+02
  -3.4981720e+01
   5.6332620e+01
   1.5015809e+01
   9.0628398e+01
  -5.8701373e+01
   1.2523162e+02
   9.6841832e+01
  -4.2244880e+01
  -2.1918771e+01
   5.3565739e+01
  -3.1329593e+01
   1.1722787e+02
  -1.0796911e+01
   1.4326063e+00
   6.5819450e+01
   1.6275080e+02
   1.4498544e+01
  -3.0570182e+01
   5.4725719e+01
   1.2526393e+02
   8.7534275e+01
   1.8298697e+02
  -2.0100064e+01
  -4.8072174e+01
   1.1124925e+02
  -5.4667427e+01
   1.8424661e+02
  -1.4458541e+01
   1.5528924e+02
   1.7143178e+02
  -4.5723704e+01
  -3.9858840e+01
  -7.5604380e+00
   1.8960772e+02
  -1.9484370e+01
   9.9895422e+01
   7.1705019e+00
  -7.4624383e+00
   1.2425905e+02
   6.0511287e+01
  -5.0338773e+00
   8.8849570e+01
   1.9033293e+02
   1.8873985e+02
   1.3213187e+02
  -1.0041099e+01
  -4.3557346e+01
   1.7221230e+02
   9.3892138e+01
  -5.6464954e+01
  -5.0672947e+01
  -4.2472826e+01
  -1.6626175e+01
   9.7853594e+01
   5.6378489e+01
   1.7991550e+02
  -4.7574125e+01
   2.5367170e+01
   4.9602343e+01
   1.4620828e+02
   8.2207198e+01
   7.9967007e+01
   8.2567036e+01
   1.2749993e+02
   1.2149981e+02
   1.2205705e+02
  -5.6504400e+01
   6.4720655e+01
   7.3482329e+01
   1.1305355e+02
   2.2552763e+01
   4.1599803e+00
   1.4002295e+02
   1.3564429e+02
   6.1420961e+01
  -3.9299725e-02
  -3.2355811e+01
   5.8316602e+01
   1.8091729e+02
   9.5415575e+01
   1.0474791e+02
   1.5343915e+02
   1.6658894e+02
   6.1278941e+01
   2.3674403e+01
   1.9271978e+02
  -1.0253909e+01
   1.7755321e+02
   1.4161450e+02
  -3.3523256e+01
  -2.5376491e+01
  -5.5822672e+00
   1.8321184e+02
  -3.2446655e+01
   5.0001086e+01
   1.1838509e+02
   1.3847594e+01
   1.2560802e+02
   1.1262050e+02
   1.0145919e+02
   1.8697270e+02
   1.6138338e+02
   7.4275255e+01
   9.8788552e+01
  -1.6578813e+01
  -1.6320795e+01
   7.0647641e+01
   6.3761715e+01
  -4.7845503e+01
   4.8302909e+01
   1.8380037e+02
   1.4333102e+02
   1.3928172e+01
   1.9411704e+02
   4.0847531e+01
   9.3035609e+01
   3.6514374e+00
  -5.4459018e+00
   1.5349879e+02
   1.2095430e+02
  -6.9757583e+00
   1.6562130e+02
  -5.6125480e+00
   1.5435330e+02
  -2.6289557e+00
   1.0442862e+02
   8.5795578e+01
   1.7800641e+02
   6.0837776e+01
  -2.7656153e+01
   1.7670082e+02
   8.2480339e+01
   5.7497110e+01
   1.6742428e+02
   3.3825765e+01
   1.0165440e+02
  -2.7625522e+01
  -4.9343610e+01
   1.1630592e+01
   1.6678443e+01
   1.3533069e+02
   4.9809437e+01
   2.4355617e-01
   3.6704392e+01
   6.3206393e+01
   1.7006303e+02
   7.2202037e+01
   1.6779334e+02
  -1.1685950e+01
   1.2508796e+02
   1.1047068e+02
   8.3012593e+01
   6.0230755e+01
   1.3630705e+02
  -2.9028441e+00
   9.0751006e+01
   1.7624154e+01
   4.9386232e+01
   5.7913464e+01
   1.5575900e+01
   5.0605800e+00
  -3.8122239e+01
   1.0457659e+01
   1.4558242e+02
   2.8400571e+01
   1.0093016e+02
  -1.2557203e+01
   4.5236241e+01
   1.2841245e+02
   1.5318501e+02
   1.8407013e+02
   1.2555611e+02
   1.3004428e+02
   1.7231252e+02
   1.5673646e+01
   1.4103239e+02
   7.0749094e+01
  -5.2421259e+01
   6.6576003e+01
   1.6185110e+02
  -3.1173367e+01
   1.0962542e+00
   1.2058110e+02
   1.4326244e+02
   6.6078580e+01
   4.7359182e+01
   1.0643529e+02
   1.5577575e+02
   1.5525820e+02
   9.1142356e+01
   1.0068206e+02
   6.5215672e+01
   1.1678418e+02
   1.3280774e+02
   3.9673542e+01
   1.7487210e+02
   8.5305940e+01
   1.9636421e+02
   4.5368641e+01
   1.8457035e+02
   1.7374375e+02
  -4.1824633e+01
   7.4521538e+01
   6.5307945e+01
   1.3442004e+02
   1.3859578e+02
   7.4464715e+01
   9.0934582e+00
  -3.3631416e+01
   1.5867690e+02
   1.1289872e+02
   1.9491572e+02
   1.2768458e+02
  -2.7390905e+01
   1.9591472e+02
   2.0021414e+02
   1.1526810e+02
  -2.7953998e+01
   6.7367805e+01
   1.2695244e+02
  -4.3466418e+01
   1.2539536e+02
   1.1883841e+02
   7.7404155e+01
  -2.0472854e+01
   1.9734448e+02
   1.9548547e+02
  -3.4042615e+01
   1.1098320e+02
   1.7697934e+02
   6.2820348e+01
   1.0632861e+02
   1.9567321e+02
   1.8244028e+02
   1.0044459e+01
   9.6215368e+00
   1.5182147e+02
   4.3558396e+01
   1.6980866e+02
   1.1429848e+02
   1.1754741e+02
   1.5548786e+02
   2.7484690e+01
   1.9763630e+02
   1.9461873e+02
   7.4616370e+01
   1.7809235e+02
   5.1975284e+01
   3.7511140e+01
   7.3335961e+01
   1.9659205e+02
   1.7279694e+02
   1.6134608e+02
  -4.9675538e+01
  -2.5662958e+01
   1.2976473e+02
   7.0122036e+01
  -4.2426685e+01
  -5.3687590e+01
   1.6753495e+02
   8.3860046e+01
   1.1323966e+02
   3.7288197e+01
   1.7046074e+02
   8.5693479e+01
   1.3848565e+02
   1.3670465e+02
   8.2225625e+01
   1.7529805e+02
   1.1061291e+02
   2.1028411e+01
   8.7152011e+01
  -3.9034548e+01
   1.8135940e+00
   8.8394617e+01
  -5.1659039e+01
   6.8869496e+01
   1.5724785e+02
   4.7936106e+01
   1.7946035e+02
   1.8661873e+02
   5.2905157e+01
   2.3764367e+01
   1.5845084e+02
   5.2360991e+01
   8.2414059e+01
  -5.9558986e+00
   7.0022400e+01
   2.1961804e+01
   1.7288518e+02
  -9.6758158e+00
   7.7217645e+01
   2.5590897e+00
   4.7715179e+01
   1.3379690e+02
   2.4942705e+01
   4.1755654e+01
   1.7425101e+02
   3.9849515e+01
   1.4894175e+02
   7.3324765e+01
  -1.8593503e+01
   6.0617645e+01
  -5.5071533e+01
   9.3174132e+01
   1.2197857e+01
   1.7568893e+02
  -1.6024229e+01
   3.5806658e-01
   1.1059343e+01
   1.8508883e+02
   1.8573701e+02
  -2.6290386e+00
   7.6021330e+01
   5.4735143e+01
   2.1635757e+01
   4.0925063e+01
   1.9235365e+02
  -2.4592423e+01
   1.3188495e+02
   1.4709788e+02
   1.0165212e+02
   2.0641713e+01
  -5.1634499e+01
   1.8966773e+02
   1.8999799e+02
   3.9346866e+01
   1.3644275e+02
   4.3155194e+01
  -2.0498336e+01
   1.8756241e+02
   1.2211971e+02
   3.4657446e+01
   4.5645394e+01
   2.0242914e+01
   5.1548167e+01
   1.1999118e+02
  -4.4250635e+01
  -6.3149959e+00
   1.3834898e+02
   1.2519403e+02
   7.4495085e+01
   9.1387326e+01
   6.5026278e+01
   4.2802165e+01
   7.3082747e+01
   1.4234653e+02
   1.8988971e+02
   1.1644710e+01
   1.9066775e+02
  -1.5647374e+01
   9.4571509e+01
   1.1722349e+02
   1.4405774e+02
  -1.0531237e+01
   1.4951383e+02
   1.5955997e+02
   8.6611728e+01
  -6.3936093e+00
   6.6247340e+01
   1.6508424e+02
   1.0487883e+02
   8.9780497e+00
   2.8679955e+01
   1.9903327e+02
   1.7355987e+02
   4.3413322e+01
  -3.3625447e+01
   2.4284645e+01
  -3.1786797e+01
   2.7453295e+01
   1.4487817e+01
   4.0545123e+01
  -4.4747991e+01
  -4.1877538e+01
   4.2358823e+01
  -4.7680685e+01
   1.8799036e+02
   1.9973222e+02
   1.9896936e+02
   5.8767866e+01
   1.9775893e+02
   1.3536028e+02
   1.9551275e+02
   1.8826890e+02
   5.1789651e+01
   1.9478001e+02
   1.5033970e+02
   1.9780074e+02
   1.3789626e+01
   1.5590253e+02
   1.0335338e+02
   1.7889864e+02
   6.7930303e+01
  -2.8162731e+01
   1.6436882e+02
   1.9118763e+02
  -1.8327096e+01
   1.3687576e+02
  -3.7334200e+01
  -5.4462460e+01
  -4.7513192e+01
   3.2702395e+01
  -2.3407669e+01
   9.9083772e+01
   8.7317440e+00
   8.0107512e+01
   1.1322329e+02
   1.2061023e+02
   5.9011380e+01
   1.5453423e+02
  -3.6277953e+01
   2.6262396e+01
  -5.6892609e+01
   9.9337760e+01
   1.3615559e+02
   1.7320135e+02
   1.7293368e+02
  -4.5962377e+01
   1.0994657e+02
   1.4612611e+02
   5.0499472e+01
   5.7293630e+01
   4.1768355e+01
   1.7154449e+02
  -3.4814138e+01
   1.7457665e+02
   1.4971726e+02
   1.6144120e+02
  -1.1393730e+01
   1.3113507e+02
   1.4156705e+02
   2.5437121e+01
   1.3000069e+02
   1.3811043e+02
  -8.6195603e+00
  -2.3306894e+01
   3.8672123e+01
  -9.7590516e+00
   1.7570917e+02
  -3.6248975e+01
   6.0941561e+01
   1.5724970e+02
   2.3077179e+01
   1.5542464e+02
   7.1269164e+01
   6.4310763e+01
   3.7572336e+01
   5.7611242e+00
   1.2312022e+02
  -4.8689469e+00
   2.1050427e+00
  -2.6523644e+01
   1.3848903e+02
   1.7120481e+02
   3.5924882e+01
   1.7605553e+02
   1.5260070e+02
   7.6842530e+01
   1.8187343e+02
   2.0196698e+01
   1.8764467e+02
  -1.9463027e+01
  -2.2412229e+01
  -1.2369467e+01
   1.4211251e+02
   4.6067002e+01
   9.1603456e+00
   3.6211679e+01
   4.5088460e+01
   1.2406981e+02
   1.6771194e+02
   1.7508309e+02
   7.6026955e+00
   9.0468947e+01
   1.6963903e+02
   1.5884357e+02
  -4.4009413e+01
   1.0143190e+02
   6.4827812e+01
   8.8396743e+01
   1.2850568e+02
  -1.8890622e-01
   1.7978831e+02
   1.0194814e+02
   1.5089826e+02
   2.8132638e-01
   1.4981578e+02
   1.9011761e+02
   7.7988707e+01
   7.0186511e+01
   9.0015437e+01
   3.7616127e+01
   1.1760977e+02
   5.5838542e+01
  -4.0640264e+00
  -5.6098367e+01
   1.0028190e+02
   2.7319751e+00
  -2.9820400e+01
  -2.0536634e+01
   1.2696783e+02
   9.5496260e+00
   1.6400226e+02
   7.6839441e+00
  -3.4905577e+00
   6.4942445e+01
   1.5964374e+02
   6.7850557e+01
   1.0002702e+02
  -4.8775169e+01
   1.4225831e+02
   1.6334283e+02
  -3.1086406e+01
   6.1821014e+01
  -3.1923413e+01
   1.5391072e+02
   7.5002823e+01
   1.7432125e+02
   6.0828244e+01
  -3.1806334e+01
  -4.5053986e+00
   1.4216849e+02
   8.4210599e+00
   8.6967490e+01
   1.7890854e+02
   1.6705410e+02
  -3.3535729e+01
   8.5423018e+01
   1.3321008e+02
   1.7039752e+02
   8.5209214e+01
   6.9621216e+01
   9.1409897e+01
   1.0116920e+02
   9.4109260e+01
   9.9497239e+01
   1.7031053e+02
   9.6682996e+01
  -4.6905224e+01
   1.1615314e+02
   4.2956497e+01
   1.5612920e+02
   7.8602792e+01
   9.8694241e+01
   1.4331614e+02
   4.0358008e+01
  -1.1281273e+00
   3.7373472e+01
   2.7348698e+01
   3.8640702e+01
   1.0899840e+02
   1.7832066e+02
   1.8841836e+02
   2.0601560e+01
   8.9087959e+01
   1.3545882e+02
   1.9956126e+02
   1.4892991e+02
   1.9646798e+02
   8.2569788e+01
   1.4991944e+02
   1.9911439e+02
   2.4740585e+01
   1.6457600e+02
   9.2774198e+01
  -3.8317680e+01
   1.0735979e+02
   8.9174765e+01
   1.8356864e+02
   1.9031800e+02
   1.4627354e+02
   1.4820284e+02
  -1.5044676e+00
  -5.0661042e+01
   2.8233637e+01
   1.7084657e+02
   3.5313303e+01
  -3.2097444e+01
   7.8155412e+01
   1.2260760e+02
  -4.4935531e+00
   1.1589590e+02
   9.8164018e+01
  -4.4148438e+01
   3.2732805e-01
  -1.3368385e+01
   4.1930069e+01
   5.7175760e+01
   1.9416963e+02
   1.3439127e+02
   1.6596395e+02
   1.4545177e+02
   1.6452643e+02
   6.5583510e+01
   1.3717009e+02
   5.3698511e-01
   1.9848313e+02
   1.9388109e+02
   1.1227549e+02
   1.5474699e+02
   4.7627837e+01
   9.5822930e+01
  -3.8078037e+01
   7.9111480e+00
   1.5231315e+02
   7.0589139e+01
   2.2576517e+01
  -4.2740666e+01
   1.8516267e+02
   1.0840179e+02
   3.7288495e+01
   1.2218372e+02
   9.9322586e+01
   6.5409064e+01
   1.1928282e+02
   1.6226219e+02
   5.9795057e+01
   1.3150507e+02
   2.2176216e+01
   5.5121482e+01
   1.3268817e+02
   1.4055024e+02
   2.3352918e-01
  -1.0075068e+01
   1.1800943e+02
   1.3212529e+02
   1.5929990e+02
   1.7595940e+02
   1.1383308e+02
   1.4040673e+02
   3.4283226e+01
  -1.4737595e+01
   1.7693220e+02
   1.6201255e+02
   1.3836795e+02
  -2.6147723e+01
   3.9880128e+01
   1.8035402e+02
   5.0335432e+00
  -4.2781440e+00
  -1.9392827e+00
   9.5230891e+01
   4.8416847e+01
   1.4024359e+02
  -5.0633803e+01
   2.6898174e+01
  -2.8463443e+01
   5.1196722e+01
   1.7492049e+02
   9.6283086e+01
   1.6853490e+02
  -1.0852402e+01
   1.8661614e+02
  -1.7743061e+01
   9.5202250e+01
   1.4883547e+02
   1.5817229e+02
   8.5578943e+01
   1.2420015e+02
   1.9918239e+02
   7.1173517e+01
  -3.1788439e+01
   1.3234085e+02
  -5.6109393e+01
   1.8725167e+02
   5.3785191e+01
   1.4667390e+02
   7.5717308e+00
   1.5034226e+02
  -3.2563846e+01
   6.2736302e+00
   1.4298800e+02
  -4.5939757e+01
   9.9806721e+01
   8.7259556e+01
   1.4831843e+02
  -1.5674676e+01
  -3.2716743e+01
   1.4186596e+02
   1.6127813e+02
   1.3712083e+02
   4.7678391e+01
  -1.1833969e+01
  -2.5400105e+01
   1.0934042e+02
  -5.2460062e+01
   2.7880465e+01
   1.0337616e+02
   9.1997974e+01
   4.2073608e+01
   1.9936965e+02
   6.8403410e+01
   7.6488626e+01
   1.5329810e+02
   5.0045666e+01
   7.2589755e+01
   1.9788518e+02
   1.0661406e+02
   1.9699836e+02
   2.8862013e+01
   2.3058740e+01
   1.5356551e+02
   1.4324780e+02
   1.9542062e+02
   5.3584659e+01
   8.8513073e+01
   9.1506474e+01
   1.5872625e+02
  -4.1620115e+01
   3.5531673e+01
  -2.0737091e+01
   1.0028376e+02
   9.0725557e+01
   2.9762115e+01
   1.2387337e+02
   1.7376743e+02
   1.6182497e+02
   1.9089783e+02
   1.2545076e+02
   1.5002200e+02
   1.2013746e+02
   1.9027497e+02
   3.6248067e+01
   1.7408568e+02
   7.8136678e+01
   1.5521624e+02
   1.5990704e+02
  -2.8520130e+01
   1.0050075e+02
   1.3375043e+02
  -4.6861973e+01
   1.8260573e+02
   3.3670085e+01
   1.0420493e+01
   9.2946016e+01
   6.3737621e+01
   4.2819863e+01
   1.9184246e+02
   1.0013041e+01
   2.1342911e+01
   3.1943069e+01
   2.7982933e+01
   1.4108995e+02
   1.6391761e+02
  -3.2997752e+00
  -5.1783957e+01
  -1.6863454e+01
   9.5124741e+01
   1.1499298e+02
   1.3388459e+02
   5.3182563e+01
   4.3200788e+01
   2.9019279e+01
   3.4120346e+01
  -4.0654296e+01
  -3.2048154e+01
   1.7424056e+02
   2.7294917e+00
   1.8681102e+01
   1.5839355e+02
   5.8649886e+01
   5.3419723e+01
   1.2265426e+02
   9.7806662e+01
  -2.1792358e+01
  -4.0798423e+01
   1.9235030e+01
  -9.3088691e+00
  -1.8505182e+01
  -3.7657506e+01
  -5.4783097e+01
   1.9055190e+02
   1.6674107e+02
   8.1002834e+00
   1.0604639e+02
   1.4010185e+02
   6.5075975e+01
  -5.9166143e+00
   1.1666230e+02
   1.8793860e+01
   1.1856932e+02
   1.1037234e+02
   1.2921085e+02
   1.8106848e+02
   1.8280670e+02
   1.6693582e+02
   1.1797515e+02
   1.8735214e+02
   8.9122950e+01
   3.0340919e+01
   7.0320317e+00
   1.6413889e+02
   1.6568797e+02
   3.3002891e+01
   5.3198759e+01
  -1.4733508e+01
  -5.6362375e+01
   2.6854006e+01
   8.3062334e+01
   4.6721713e+01
  -3.1531986e+01
   5.4567508e+01
  -5.1777856e+01
   1.9591200e+02
  -1.1220647e+01
   7.5535892e+01
   1.6166228e+02
   8.6907995e+01
   6.2768567e+01
   4.6889424e+01
  -5.0508447e+01
   1.3394306e+02
   1.4122165e+02
   5.4561976e+01
   6.9015015e+01
   3.2684598e+00
   1.6607934e+02
  -5.2131135e+00
   9.8734433e+01
   8.9316368e+01
   1.2930016e+02
   1.1768646e+02
   6.7557577e+01
   6.5013709e+01
  -7.3932102e+00
   2.5199873e+01
   1.0358118e+02
   1.5587506e+02
   1.1526829e+02
   1.0613773e+00
   9.1313913e+01
  -3.6019887e+01
   8.7746477e+01
  -4.2248109e+01
  -4.9790099e+01
   1.2041420e+02
   6.0939416e+01
   1.0389389e+01
  -3.8612821e+00
   1.6254950e+02
   1.5796034e+02
  -4.2615666e+01
  -1.9987676e+01
  -2.1823313e+01
   1.7224880e+02
   1.1166216e+02
   1.8051079e+02
   4.5800115e+01
   8.0676839e+01
   1.2006692e+02
  -4.6303107e+01
   1.4497490e+02
   3.8650518e+01
   1.4971558e+02
   7.6605401e+01
  -8.3605919e+00
  -5.4406985e+01
   1.7595103e+02
  -3.2246695e+01
  -1.2037630e+01
   1.3551687e+02
   1.1588867e+02
   1.7058999e+02
  -5.9138667e+01
   1.2348683e+02
   1.1643603e+02
   1.6359556e+02
   2.9333871e+01
  -4.0917920e+01
   1.9237602e+02
   2.1953423e+01
   3.7196273e+01
   1.0060618e+02
   1.1395845e+02
  -5.3785478e+01
  -3.5978742e+01
   1.3516762e+02
  -3.7301969e+01
  -6.4867877e+00
   1.2357939e+02
  -2.3944632e+01
   1.8974345e+01
   1.0007321e+02
  -5.0938687e+00
   1.9816855e+02
   6.2024671e+01
   7.6311374e+00
   1.9718392e+02
   1.9653133e+02
   1.1335028e+02
  -1.0275841e+01
  -3.5395388e+01
   1.1455321e+02
   1.4434239e+02
   1.4056761e+02
   1.9457748e+01
   1.0684130e+02
   1.1006172e+02
   1.0740175e+02
  -3.9176971e+01
   4.6658540e+01
   1.2556216e+02
   1.2058671e+02
   2.4366764e+01
   7.1064430e+01
  -1.1819692e+00
   1.1636837e+02
  -4.7592820e+01
   1.4996617e+02
  -8.4345718e+00
   5.5626276e+01
   1.0237008e+02
   1.7232035e+02
   5.7697048e+01
   1.4352097e+01
  -5.1242034e+01
   1.4353758e+02
  -5.5963738e+01
  -5.8191908e+01
   6.1289525e+01
   1.5462515e+02
   7.7358210e+01
  -2.2600942e+01
   8.1252015e+01
   1.1762689e+02
   1.9688234e+02
   4.0880240e+01
   1.5937695e+02
  -2.8802776e+01
   1.2632932e+02
  -4.3003588e+01
  -5.0202644e+00
   1.2535852e+02
   1.1386307e+02
  -3.4768869e+01
  -5.2078847e+01
   1.8855329e+01
  -3.4089202e+00
   1.0261625e+02
   4.4258327e+01
  -4.8606271e+01
   1.6313158e+02
  -4.8333850e+01
  -3.1739653e+01
   1.0787879e+02
   1.3782015e+02
   1.5202941e+02
   1.5178356e+02
   7.5550529e+01
   1.6153214e+02
   1.4349032e+02
   1.4842056e+02
   1.0666360e+02
  -2.4313789e+01
   1.8925893e+02
   1.5966676e+02
   1.4373883e+02
  -3.6077776e+01
   4.7756784e+01
   1.1545360e+02
   1.4172357e+02
   5.9363086e+01
  -1.2737831e+01
   1.8102404e+00
  -3.7476321e+01
   1.1905742e+02
   4.9671579e+01
   4.8627757e+01
   2.3029586e+01
   1.5563755e+02
   1.2514442e+02
   1.1682652e+02
   4.3543459e+01
   1.7478272e+01
  -4.2103986e+01
   1.2849732e+02
  -5.4576405e+01
  -4.8634078e+01
   5.0026455e+01
   6.6886729e+01
   7.0172289e+01
   3.7169764e+01
   1.7535475e+02
   1.7178675e+02
   1.0913479e+02
   1.0649906e+02
  -4.4475387e+00
   1.1532527e+02
   1.3941697e+01
   1.0345448e+02
   1.0424278e+02
   3.6220626e+01
   1.0409917e+02
   1.9762118e+01
  -9.7540009e+00
   6.6353131e+01
   7.3591733e+01
   1.0055462e+02
   1.0966634e+02
  -3.4981720e+01
   5.6332620e+01
   1.5015809e+01
   9.0628398e+01
  -5.8701373e+01
   1.2523162e+02
   9.6841832e+01
  -4.2244880e+01
  -2.1918771e+01
   5.3565739e+01
  -3.1329593e+01
   1.1722787e+02
  -1.0796911e+01
   1.4326063e+00
   6.5819450e+01
   1.6275080e+02
   1.4498544e+01
  -3.0570182e+01
   5.4725719e+01
   1.2526393e+02
   8.7534275e+01
   1.8298697e+02
  -2.0100064e+01
  -4.8072174e+01
   1.1124925e+02
  -5.4667427e+01
   1.8424661e+02
  -1.4458541e+01
   1.5528924e+02
   1.7143178e+02
  -4.5723704e+01
  -3.9858840e+01
  -7.5604380e+00
   1.8960772e+02
  -1.9484370e+01
   9.9895422e+01
   7.1705019e+00
  -7.4624383e+00
   1.2425905e+02
   6.0511287e+01
  -5.0338773e+00
   8.8849570e+01
   1.9033293e+02
   1.8873985e+02
   1.3213187e+02
  -1.0041099e+01
  -4.3557346e+01
   1.7221230e+02
   9.3892138e+01
  -5.6464954e+01
  -5.0672947e+01
  -4.2472826e+01
  -1.6626175e+01
   9.7853594e+01
   5.6378489e+01
   1.7991550e+02
  -4.7574125e+01
   2.5367170e+01
   4.9602343e+01
   1.4620828e+02
   8.2207198e+01
   7.9967007e+01
   8.2567036e+01
   1.2749993e+02
   1.2149981e+02
   1.2205705e+02
  -5.6504400e+01
   6.4720655e+01
   7.3482329e+01
   1.1305355e+02
   2.2552763e+01
   4.1599803e+00
   1.4002295e+02
   1.3564429e+02
   6.1420961e+01
  -3.9299725e-02
  -3.2355811e+01
   5.8316602e+01
   1.8091729e+02
   9.5415575e+01
   1.0474791e+02
   1.5343915e+02
   1.6658894e+02
   6.1278941e+01
   2.3674403e+01
   1.9271978e+02
  -1.0253909e+01
   1.7755321e+02
   1.4161450e+02
  -3.3523256e+01
  -2.5376491e+01
  -5.5822672e+00
   1.8321184e+02
  -3.2446655e+01
   5.0001086e+01
   1.1838509e+02
   1.3847594e+01
   1.2560802e+02
   1.1262050e+02
   1.0145919e+02
   1.8697270e+02
   1.6138338e+02
   7.4275255e+01
   9.8788552e+01
  -1.6578813e+01
  -1.6320795e+01
   7.0647641e+01
   6.3761715e+01
  -4.7845503e+01
   4.8302909e+01
   1.8380037e+02
   1.4333102e+02
   1.3928172e+01
   1.9411704e+02
   4.0847531e+01
   9.3035609e+01
   3.6514374e+00
  -5.4459018e+00
   1.5349879e+02
   1.2095430e+02
  -6.9757583e+00
   1.6562130e+02
  -5.6125480e+00
   1.5435330e+02
  -2.6289557e+00
   1.0442862e+02
   8.5795578e+01
   1.7800641e+02
   6.0837776e+01
  -2.7656153e+01
   1.7670082e+02
   8.2480339e+01
   5.7497110e+01
   1.6742428e+02
   3.3825765e+01
   1.0165440e+02
  -2.7625522e+01
  -4.9343610e+01
   1.1630592e+01
   1.6678443e+01
   1.3533069e+02
   4.9809437e+01
   2.4355617e-01
   3.6704392e+01
   6.3206393e+01
   1.7006303e+02
   7.2202037e+01
   1.6779334e+02
  -1.1685950e+01
   1.2508796e+02
   1.1047068e+02
   8.3012593e+01
   6.0230755e+01
   1.3630705e+02
  -2.9028441e+00
   9.0751006e+01
   1.7624154e+01
   4.9386232e+01
   5.7913464e+01
   1.5575900e+01
   5.0605800e+00
  -3.8122239e+01
   1.0457659e+01
   1.4558242e+02
   2.8400571e+01
   1.0093016e+02
  -1.2557203e+01
   4.5236241e+01
   1.2841245e+02
   1.5318501e+02
   1.8407013e+02
   1.2555611e+02
   1.3004428e+02
   1.7231252e+02
   1.5673646e+01
   1.4103239e+02
   7.0749094e+01
  -5.2421259e+01
   6.6576003e+01
   1.6185110e+02
  -3.1173367e+01
   1.0962542e+00
   1.2058110e+02
   1.4326244e+02
   6.6078580e+01
   4.7359182e+01
   1.0643529e+02
   1.5577575e+02
   1.5525820e+02
   9.1142356e+01
   1.0068206e+02
   6.5215672e+01
   1.1678418e+02
   1.3280774e+02
   3.9673542e+01
   1.7487210e+02
   8.5305940e+01
   1.9636421e+02
   4.5368641e+01
   1.8457035e+02
   1.7374375e+02
  -4.1824633e+01
   7.4521538e+01
   6.5307945e+01
   1.3442004e+02
   1.3859578e+02
   7.4464715e+01
   9.0934582e+00
  -3.3631416e+01
   1.5867690e+02
   1.1289872e+02
   1.9491572e+02
   1.2768458e+02
  -2.7390905e+01
   1.9591472e+02
   2.0021414e+02
   1.1526810e+02
  -2.7953998e+01
   6.7367805e+01
   1.2695244e+02
  -4.3466418e+01
   1.2539536e+02
   1.1883841e+02
   7.7404155e+01
  -2.0472854e+01
   1.9734448e+02
   1.9548547e+02
  -3.4042615e+01
   1.1098320e+02
   1.7697934e+02
   6.2820348e+01
   1.0632861e+02
   1.9567321e+02
   1.8244028e+02
   1.0044459e+01
   9.6215368e+00
   1.5182147e+02
   4.3558396e+01
   1.6980866e+02
   1.1429848e+02
   1.1754741e+02
   1.5548786e+02
   2.7484690e+01
   1.9763630e+02
   1.9461873e+02
   7.4616370e+01
   1.7809235e+02
   5.1975284e+01
   3.7511140e+01
   7.3335961e+01
   1.9659205e+02
   1.7279694e+02
   1.6134608e+02
  -4.9675538e+01
  -2.5662958e+01
   1.2976473e+02
   7.0122036e+01
  -4.2426685e+01
  -5.3687590e+01
   1.6753495e+02
   8.3860046e+01
   1.1323966e+02
   3.7288197e+01
   1.7046074e+02
   8.5693479e+01
   1.3848565e+02
   1.3670465e+02
   8.2225625e+01
   1.7529805e+02
   1.1061291e+02
   2.1028411e+01
   8.7152011e+01
  -3.9034548e+01
   1.8135940e+00
   8.8394617e+01
  -5.1659039e+01
   6.8869496e+01
   1.5724785e+02
   4.7936106e+01
   1.7946035e+02
   1.8661873e+02
   5.2905157e+01
   2.3764367e+01
   1.5845084e+02
   5.2360991e+01
   8.2414059e+01
  -5.9558986e+00
   7.0022400e+01
   2.1961804e+01
   1.7288518e+02
  -9.6758158e+00
   7.7217645e+01
   2.5590897e+00
   4.7715179e+01
   1.3379690e+02
   2.4942705e+01
   4.1755654e+01
   1.7425101e+02
   3.9849515e+01
   1.4894175e+02
   7.3324765e+01
  -1.8593503e+01
   6.0617645e+01
  -5.5071533e+01
   9.3174132e+01
   1.2197857e+01
   1.7568893e+02
  -1.6024229e+01
   3.5806658e-01
   1.1059343e+01
   1.8508883e+02
   1.8573701e+02
  -2.6290386e+00
   7.6021330e+01
   5.4735143e+01
   2.1635757e+01
   4.0925063e+01
   1.9235365e+02
  -2.4592423e+01
   1.3188495e+02
   1.4709788e+02
   1.0165212e+02
   2.0641713e+01
  -5.1634499e+01
   1.8966773e+02
   1.8999799e+02
   3.9346866e+01
   1.3644275e+02
   4.3155194e+01
  -2.0498336e+01
   1.8756241e+02
   1.2211971e+02
   3.4657446e+01
   4.5645394e+01
   2.0242914e+01
   5.1548167e+01
   1.1999118e+02
  -4.4250635e+01
  -6.3149959e+00
   1.3834898e+02
   1.2519403e+02
   7.4495085e+01
   9.1387326e+01
   6.5026278e+01
   4.2802165e+01
   7.3082747e+01
   1.4234653e+02
   1.8988971e+02
   1.1644710e+01
   1.9066775e+02
  -1.5647374e+01
   9.4571509e+01
   1.1722349e+02
   1.4405774e+02
  -1.0531237e+01
   1.4951383e+02
   1.5955997e+02
   8.6611728e+01
  -6.3936093e+00
   6.6247340e+01
   1.6508424e+02
   1.0487883e+02
   8.9780497e+00
   2.8679955e+01
   1.9903327e+02
   1.7355987e+02
   4.3413322e+01
  -3.3625447e+01
   2.4284645e+01
  -3.1786797e+01
   2.7453295e+01
   1.4487817e+01
   4.0545123e+01
  -4.4747991e+01
  -4.1877538e+01
   4.2358823e+01
  -4.7680685e+01
   1.8799036e+02
   1.9973222e+02
   1.9896936e+02
   5.8767866e+01
   1.9775893e+02
   1.3536028e+02
   1.9551275e+02
   1.8826890e+02
   5.1789651e+01
   1.9478001e+02
   1.5033970e+02
   1.9780074e+02
   1.3789626e+01
   1.5590253e+02
   1.0335338e+02
   1.7889864e+02
   6.7930303e+01
  -2.8162731e+01
   1.6436882e+02
   1.9118763e+02
  -1.8327096e+01
   1.3687576e+02
  -3.7334200e+01
  -5.4462460e+01
  -4.7513192e+01
   3.2702395e+01
  -2.3407669e+01
   9.9083772e+01
   8.7317440e+00
   8.0107512e+01
   1.1322329e+02
   1.2061023e+02
   5.9011380e+01
   1.5453423e+02
  -3.6277953e+01
   2.6262396e+01
  -5.6892609e+01
   9.9337760e+01
   1.3615559e+02
   1.7320135e+02
   1.7293368e+02
  -4.5962377e+01
   1.0994657e+02
   1.4612611e+02
   5.0499472e+01
   5.7293630e+01
   4.1768355e+01
   1.7154449e+02
  -3.4814138e+01
   1.7457665e+02
   1.4971726e+02
   1.6144120e+02
  -1.1393730e+01
   1.3113507e+02
   1.4156705e+02
   2.5437121e+01
   1.3000069e+02
   1.3811043e+02
  -8.6195603e+00
  -2.3306894e+01
   3.8672123e+01
  -9.7590516e+00
   1.7570917e+02
  -3.6248975e+01
   6.0941561e+01
   1.5724970e+02
   2.3077179e+01
   1.5542464e+02
   7.1269164e+01
   6.4310763e+01
   3.7572336e+01
   5.7611242e+00
   1.2312022e+02
  -4.8689469e+00
   2.1050427e+00
  -2.6523644e+01
   1.3848903e+02
   1.7120481e+02
   3.5924882e+01
   1.7605553e+02
   1.5260070e+02
   7.6842530e+01
   1.8187343e+02
   2.0196698e+01
   1.8764467e+02
  -1.9463027e+01
  -2.2412229e+01
  -1.2369467e+01
   1.4211251e+02
   4.6067002e+01
   9.1603456e+00
   3.6211679e+01
   4.5088460e+01
   1.2406981e+02
   1.6771194e+02
   1.7508309e+02
   7.6026955e+00
   9.0468947e+01
   1.6963903e+02
   1.5884357e+02
  -4.4009413e+01
   1.0143190e+02
   6.4827812e+01
   8.8396743e+01
   1.2850568e+02
  -1.8890622e-01
   1.7978831e+02
   1.0194814e+02
   1.5089826e+02
   2.8132638e-01
   1.4981578e+02
   1.9011761e+02
   7.7988707e+01
   7.0186511e+01
   9.0015437e+01
   3.7616127e+01
   1.1760977e+02
   5.5838542e+01
  -4.0640264e+00
  -5.6098367e+01
   1.0028190e+02
   2.7319751e+00
  -2.9820400e+01
  -2.0536634e+01
   1.2696783e+02
   9.5496260e+00
   1.6400226e+02
   7.6839441e+00
  -3.4905577e+00
   6.4942445e+01
   1.5964374e+02
   6.7850557e+01
   1.0002702e+02
  -4.8775169e+01
   1.4225831e+02
   1.6334283e+02
  -3.1086406e+01
   6.1821014e+01
  -3.1923413e+01
   1.5391072e+02
   7.5002823e+01
   1.7432125e+02
   6.0828244e+01
  -3.1806334e+01
  -4.5053986e+00
   1.4216849e+02
   8.4210599e+00
   8.6967490e+01
   1.7890854e+02
   1.6705410e+02
  -3.3535729e+01
   8.5423018e+01
   1.3321008e+02
   1.7039752e+02
   8.5209214e+01
   6.9621216e+01
   9.1409897e+01
   1.0116920e+02
   9.4109260e+01
   9.9497239e+01
   1.7031053e+02
   9.6682996e+01
  -4.6905224e+01
   1.1615314e+02
   4.2956497e+01
   1.5612920e+02
   7.8602792e+01
   9.8694241e+01
   1.4331614e+02
   4.0358008e+01
  -1.1281273e+00
   3.7373472e+01
   2.7348698e+01
   3.8640702e+01
   1.0899840e+02
   1.7832066e+02
   1.8841836e+02
   2.0601560e+01
   8.9087959e+01
   1.3545882e+02
   1.9956126e+02
   1.4892991e+02
   1.9646798e+02
   8.2569788e+01
   1.4991944e+02
   1.9911439e+02
   2.4740585e+01
   1.6457600e+02
   9.2774198e+01
  -3.8317680e+01
   1.0735979e+02
   8.9174765e+01
   1.8356864e+02
   1.9031800e+02
   1.4627354e+02
   1.4820284e+02
  -1.5044676e+00
  -5.0661042e+01
   2.8233637e+01
   1.7084657e+02
   3.5313303e+01
  -3.2097444e+01
   7.8155412e+01
   1.2260760e+02
  -4.4935531e+00
   1.1589590e+02
   9.8164018e+01
  -4.4148438e+01
   3.2732805e-01
  -1.3368385e+01
   4.1930069e+01
   5.7175760e+01
   1.9416963e+02
   1.3439127e+02
   1.6596395e+02
   1.4545177e+02
   1.6452643e+02
   6.5583510e+01
   1.3717009e+02
   5.3698511e-01
   1.9848313e+02
   1.9388109e+02
   1.1227549e+02
   1.5474699e+02
   4.7627837e+01
   9.5822930e+01
  -3.8078037e+01
   7.9111480e+00
   1.5231315e+02
   7.0589139e+01
   2.2576517e+01
  -4.2740666e+01
   1.8516267e+02
   1.0840179e+02
   3.7288495e+01
   1.2218372e+02
   9.9322586e+01
   6.5409064e+01
   1.1928282e+02
   1.6226219e+02
   5.9795057e+01
   1.3150507e+02
   2.2176216e+01
   5.5121482e+01
   1.3268817e+02
   1.4055024e+02
   2.3352918e-01
  -1.0075068e+01
   1.1800943e+02
   1.3212529e+02
   1.5929990e+02
   1.7595940e+02
   1.1383308e+02
   1.4040673e+02
   3.4283226e+01
  -1.4737595e+01
   1.7693220e+02
   1.6201255e+02
   1.3836795e+02
  -2.6147723e+01
   3.9880128e+01
   1.8035402e+02
   5.0335432e+00
  -4.2781440e+00
  -1.9392827e+00
   9.5230891e+01
   4.8416847e+01
   1.4024359e+02
  -5.0633803e+01
   2.6898174e+01
  -2.8463443e+01
   5.1196722e+01
   1.7492049e+02
   9.6283086e+01
   1.6853490e+02
  -1.0852402e+01
   1.8661614e+02
  -1.7743061e+01
   9.5202250e+01
   1.4883547e+02
   1.5817229e+02
   8.5578943e+01
   1.2420015e+02
   1.9918239e+02
   7.1173517e+01
  -3.1788439e+01
   1.3234085e+02
  -5.6109393e+01
   1.8725167e+02
   5.3785191e+01
   1.4667390e+02
   7.5717308e+00
   1.5034226e+02
  -3.2563846e+01
   6.2736302e+00
   1.4298800e+02
  -4.5939757e+01
   9.9806721e+01
   8.7259556e+01
   1.4831843e+02
  -1.5674676e+01
  -3.2716743e+01
   1.4186596e+02
   1.6127813e+02
   1.3712083e+02
   4.7678391e+01
  -1.1833969e+01
  -2.5400105e+01
   1.0934042e+02
  -5.2460062e+01
   2.7880465e+01
   1.0337616e+02
   9.1997974e+01
   4.2073608e+01
   1.9936965e+02
   6.8403410e+01
   7.6488626e+01
   1.5329810e+02
   5.0045666e+01
   7.2589755e+01
   1.9788518e+02
   1.0661406e+02
   1.9699836e+02
   2.8862013e+01
   2.3058740e+01
   1.5356551e+02
   1.4324780e+02
   1.9542062e+02
   5.3584659e+01
   8.8513073e+01
   9.1506474e+01
   1.5872625e+02
  -4.1620115e+01
   3.5531673e+01
  -2.0737091e+01
   1.0028376e+02
   9.0725557e+01
   2.9762115e+01
   1.2387337e+02
   1.7376743e+02
   1.6182497e+02
   1.9089783e+02
   1.2545076e+02
   1.5002200e+02
   1.2013746e+02
   1.9027497e+02
   3.6248067e+01
   1.7408568e+02
   7.8136678e+01
   1.5521624e+02
   1.5990704e+02
  -2.8520130e+01
   1.0050075e+02
   1.3375043e+02
  -4.6861973e+01
   1.8260573e+02
   3.3670085e+01
   1.0420493e+01
   9.2946016e+01
   6.3737621e+01
   4.2819863e+01
   1.9184246e+02
   1.0013041e+01
   2.1342911e+01
   3.1943069e+01
   2.7982933e+01
   1.4108995e+02
   1.6391761e+02
  -3.2997752e+00
  -5.1783957e+01
  -1.6863454e+01
   9.5124741e+01
   1.1499298e+02
   1.3388459e+02
   5.3182563e+01
   4.3200788e+01
   2.9019279e+01
   3.4120346e+01
  -4.0654296e+01
  -3.2048154e+01
   1.7424056e+02
   2.7294917e+00
   1.8681102e+01
   1.5839355e+02
   5.8649886e+01
   5.3419723e+01
   1.2265426e+02
   9.7806662e+01
  -2.1792358e+01
  -4.0798423e+01
   1.9235030e+01
  -9.3088691e+00
  -1.8505182e+01
  -3.7657506e+01
  -5.4783097e+01
   1.9055190e+02
   1.6674107e+02
   8.1002834e+00
   1.0604639e+02
   1.4010185e+02
   6.5075975e+01
  -5.9166143e+00
   1.1666230e+02
   1.8793860e+01
   1.1856932e+02
   1.1037234e+02
   1.2921085e+02
   1.8106848e+02
   1.8280670e+02
   1.6693582e+02
   1.1797515e+02
   1.8735214e+02
   8.9122950e+01
   3.0340919e+01
   7.0320317e+00
   1.6413889e+02
   1.6568797e+02
   3.3002891e+01
   5.3198759e+01
  -1.4733508e+01
  -5.6362375e+01
   2.6854006e+01
   8.3062334e+01
   4.6721713e+01
  -3.1531986e+01
   5.4567508e+01
  -5.1777856e+01
   1.9591200e+02
  -1.1220647e+01
   7.5535892e+01
   1.6166228e+02
   8.6907995e+01
   6.2768567e+01
   4.6889424e+01
  -5.0508447e+01
   1.3394306e+02
   1.4122165e+02
   5.4561976e+01
   6.9015015e+01
   3.2684598e+00
   1.6607934e+02
  -5.2131135e+00
   9.8734433e+01
   8.9316368e+01
   1.2930016e+02
   1.1768646e+02
   6.7557577e+01
   6.5013709e+01
  -7.3932102e+00
   2.5199873e+01
   1.0358118e+02
   1.5587506e+02
   1.1526829e+02
   1.0613773e+00
   9.1313913e+01
  -3.6019887e+01
   8.7746477e+01
  -4.2248109e+01
  -4.9790099e+01
   1.2041420e+02
   6.0939416e+01
   1.0389389e+01
  -3.8612821e+00
   1.6254950e+02
   1.5796034e+02
  -4.2615666e+01
  -1.9987676e+01
  -2.1823313e+01
   1.7224880e+02
   1.1166216e+02
   1.8051079e+02
   4.5800115e+01
   8.0676839e+01
   1.2006692e+02
  -4.6303107e+01
   1.4497490e+02
   3.8650518e+01
   1.4971558e+02
   7.6605401e+01
  -8.3605919e+00
  -5.4406985e+01
   1.7595103e+02
  -3.2246695e+01
  -1.2037630e+01
   1.3551687e+02
   1.1588867e+02
   1.7058999e+02
  -5.9138667e+01
   1.2348683e+02
   1.1643603e+02
   1.6359556e+02
   2.9333871e+01
  -4.0917920e+01
   1.9237602e+02
   2.1953423e+01
   3.7196273e+01
   1.0060618e+02
   1.1395845e+02
  -5.3785478e+01
  -3.5978742e+01
   1.3516762e+02
  -3.7301969e+01
  -6.4867877e+00
   1.2357939e+02
  -2.3944632e+01
   1.8974345e+01
   1.0007321e+02
  -5.0938687e+00
   1.9816855e+02
   6.2024671e+01
   7.6311374e+00
   1.9718392e+02
   1.9653133e+02
   1.1335028e+02
  -1.0275841e+01
  -3.5395388e+01
   1.1455321e+02
   1.4434239e+02
   1.4056761e+02
   1.9457748e+01
   1.0684130e+02
   1.1006172e+02
   1.0740175e+02
  -3.9176971e+01
   4.6658540e+01
   1.2556216e+02
   1.2058671e+02
   2.4366764e+01
   7.1064430e+01
  -1.1819692e+00
   1.1636837e+02
  -4.7592820e+01
   1.4996617e+02
  -8.4345718e+00
   5.5626276e+01
   1.0237008e+02
   1.7232035e+02
   5.7697048e+01
   1.4352097e+01
  -5.1242034e+01
   1.4353758e+02
  -5.5963738e+01
  -5.8191908e+01
   6.1289525e+01
   1.5462515e+02
   7.7358210e+01
  -2.2600942e+01
   8.1252015e+01
   1.1762689e+02
   1.9688234e+02
   4.0880240e+01
   1.5937695e+02
  -2.8802776e+01
   1.2632932e+02
  -4.3003588e+01
  -5.0202644e+00
   1.2535852e+02
   1.1386307e+02
  -3.4768869e+01
  -5.2078847e+01
   1.8855329e+01
  -3.4089202e+00
   1.0261625e+02
   4.4258327e+01
  -4.8606271e+01
   1.6313158e+02
  -4.8333850e+01
  -3.1739653e+01
   1.0787879e+02
   1.3782015e+02
   1.5202941e+02
   1.5178356e+02
   7.5550529e+01
   1.6153214e+02
   1.4349032e+02
   1.4842056e+02
   1.0666360e+02
  -2.4313789e+01
   1.8925893e+02
   1.5966676e+02
   1.4373883e+02
  -3.6077776e+01
   4.7756784e+01
   1.1545360e+02
   1.4172357e+02
   5.9363086e+01
  -1.2737831e+01
   1.8102404e+00
  -3.7476321e+01
   1.1905742e+02
   4.9671579e+01
   4.8627757e+01
   2.3029586e+01
   1.5563755e+02
   1.2514442e+02
   1.1682652e+02
   4.3543459e+01
   1.7478272e+01
  -4.2103986e+01
   1.2849732e+02
  -5.4576405e+01
  -4.8634078e+01
   5.0026455e+01
   6.6886729e+01
   7.0172289e+01
   3.7169764e+01
   1.7535475e+02
   1.7178675e+02
   1.0913479e+02
   1.0649906e+02
  -4.4475387e+00
   1.1532527e+02
   1.3941697e+01
   1.0345448e+02
   1.0424278e+02
   3.6220626e+01
   1.0409917e+02
   1.9762118e+01
  -9.7540009e+00
   6.6353131e+01
   7.3591733e+01
   1.0055462e+02
   1.0966634e+02
  -3.4981720e+01
   5.6332620e+01
   1.5015809e+01
   9.0628398e+01
  -5.8701373e+01
   1.2523162e+02
   9.6841832e+01
  -4.2244880e+01
  -2.1918771e+01
   5.3565739e+01
  -3.1329593e+01
   1.1722787e+02
  -1.0796911e+01
   1.4326063e+00
   6.5819450e+01
   1.6275080e+02
   1.4498544e+01
  -3.0570182e+01
   5.4725719e+01
   1.2526393e+02
   8.7534275e+01
   1.8298697e+02
  -2.0100064e+01
  -4.8072174e+01
   1.1124925e+02
  -5.4667427e+01
   1.8424661e+02
  -1.4458541e+01
   1.5528924e+02
   1.7143178e+02
  -4.5723704e+01
  -3.9858840e+01
  -7.5604380e+00
   1.8960772e+02
  -1.9484370e+01
   9.9895422e+01
   7.1705019e+00
  -7.4624383e+00
   1.2425905e+02
   6.0511287e+01
  -5.0338773e+00
   8.8849570e+01
   1.9033293e+02
   1.8873985e+02
   1.3213187e+02
  -1.0041099e+01
  -4.3557346e+01
   1.7221230e+02
   9.3892138e+01
  -5.6464954e+01
  -5.0672947e+01
  -4.2472826e+01
  -1.6626175e+01
   9.7853594e+01
   5.6378489e+01
   1.7991550e+02
  -4.7574125e+01
   2.5367170e+01
   4.9602343e+01
   1.4620828e+02
   8.2207198e+01
   7.9967007e+01
   8.2567036e+01
   1.2749993e+02
   1.2149981e+02
   1.2205705e+02
  -5.6504400e+01
   6.4720655e+01
   7.3482329e+01
   1.1305355e+02
   2.2552763e+01
   4.1599803e+00
   1.4002295e+02
   1.3564429e+02
   6.1420961e+01
  -3.9299725e-02
  -3.2355811e+01
   5.8316602e+01
   1.8091729e+02
   9.5415575e+01
   1.0474791e+02
   1.5343915e+02
   1.6658894e+02
   6.1278941e+01
   2.3674403e+01
   1.9271978e+02
  -1.0253909e+01
   1.7755321e+02
   1.4161450e+02
  -3.3523256e+01
  -2.5376491e+01
  -5.5822672e+00
   1.8321184e+02
  -3.2446655e+01
   5.0001086e+01
   1.1838509e+02
   1.3847594e+01
   1.2560802e+02
   1.1262050e+02
   1.0145919e+02
   1.8697270e+02
   1.6138338e+02
   7.4275255e+01
   9.8788552e+01
  -1.6578813e+01
  -1.6320795e+01
   7.0647641e+01
   6.3761715e+01
  -4.7845503e+01
   4.8302909e+01
   1.8380037e+02
   1.4333102e+02
   1.3928172e+01
   1.9411704e+02
   4.0847531e+01
   9.3035609e+01
   3.6514374e+00
  -5.4459018e+00
   1.5349879e+02
   1.2095430e+02
  -6.9757583e+00
   1.6562130e+02
  -5.6125480e+00
   1.5435330e+02
  -2.6289557e+00
   1.0442862e+02
   8.5795578e+01
   1.7800641e+02
   6.0837776e+01
  -2.7656153e+01
   1.7670082e+02
   8.2480339e+01
   5.7497110e+01
   1.6742428e+02
   3.3825765e+01
   1.0165440e+02
  -2.7625522e+01
  -4.9343610e+01
   1.1630592e+01
   1.6678443e+01
   1.3533069e+02
   4.9809437e+01
   2.4355617e-01
   3.6704392e+01
   6.3206393e+01
   1.7006303e+02
   7.2202037e+01
   1.6779334e+02
  -1.1685950e+01
   1.2508796e+02
   1.1047068e+02
   8.3012593e+01
   6.0230755e+01
   1.3630705e+02
  -2.9028441e+00
   9.0751006e+01
   1.7624154e+01
   4.9386232e+01
   5.7913464e+01
   1.5575900e+01
   5.0605800e+00
  -3.8122239e+01
   1.0457659e+01
   1.4558242e+02
   2.8400571e+01
   1.0093016e+02
  -1.2557203e+01
   4.5236241e+01
   1.2841245e+02
   1.5318501e+02
   1.8407013e+02
   1.2555611e+02
   1.3004428e+02
   1.7231252e+02
   1.5673646e+01
   1.4103239e+02
   7.0749094e+01
  -5.2421259e+01
   6.6576003e+01
   1.6185110e+02
  -3.1173367e+01
   1.0962542e+00
   1.2058110e+02
   1.4326244e+02
   6.6078580e+01
   4.7359182e+01
   1.0643529e+02
   1.5577575e+02
   1.5525820e+02
   9.1142356e+01
   1.0068206e+02
   6.5215672e+01
   1.1678418e+02
   1.3280774e+02
   3.9673542e+01
   1.7487210e+02
   8.5305940e+01
   1.9636421e+02
   4.5368641e+01
   1.8457035e+02
   1.7374375e+02
  -4.1824633e+01
   7.4521538e+01
   6.5307945e+01
   1.3442004e+02
   1.3859578e+02
   7.4464715e+01
   9.0934582e+00
  -3.3631416e+01
   1.5867690e+02
   1.1289872e+02
   1.9491572e+02
   1.2768458e+02
  -2.7390905e+01
   1.9591472e+02
   2.0021414e+02
   1.1526810e+02
  -2.7953998e+01
   6.7367805e+01
   1.2695244e+02
  -4.3466418e+01
   1.2539536e+02
   1.1883841e+02
   7.7404155e+01
  -2.0472854e+01
   1.9734448e+02
   1.9548547e+02
  -3.4042615e+01
   1.1098320e+02
   1.7697934e+02
   6.2820348e+01
   1.0632861e+02
   1.9567321e+02
   1.8244028e+02
   1.0044459e+01
   9.6215368e+00
   1.5182147e+02
   4.3558396e+01
   1.6980866e+02
   1.1429848e+02
   1.1754741e+02
   1.5548786e+02
   2.7484690e+01
   1.9763630e+02
   1.9461873e+02
   7.4616370e+01
   1.7809235e+02
   5.1975284e+01
   3.7511140e+01
   7.3335961e+01
   1.9659205e+02
   1.7279694e+02
   1.6134608e+02
  -4.9675538e+01
  -2.5662958e+01
   1.2976473e+02
   7.0122036e+01
  -4.2426685e+01
  -5.3687590e+01
   1.6753495e+02
   8.3860046e+01
   1.1323966e+02
   3.7288197e+01
   1.7046074e+02
   8.5693479e+01
   1.3848565e+02
   1.3670465e+02
   8.2225625e+01
   1.7529805e+02
   1.1061291e+02
   2.1028411e+01
   8.7152011e+01
  -3.9034548e+01
   1.8135940e+00
   8.8394617e+01
  -5.1659039e+01
   6.8869496e+01
   1.5724785e+02
   4.7936106e+01
   1.7946035e+02
   1.8661873e+02
   5.2905157e+01
   2.3764367e+01
   1.5845084e+02
   5.2360991e+01
   8.2414059e+01
  -5.9558986e+00
   7.0022400e+01
   2.1961804e+01
   1.7288518e+02
  -9.6758158e+00
   7.7217645e+01
   2.5590897e+00
   4.7715179e+01
   1.3379690e+02
   2.4942705e+01
   4.1755654e+01
   1.7425101e+02
   3.9849515e+01
   1.4894175e+02
   7.3324765e+01
  -1.8593503e+01
   6.0617645e+01
  -5.5071533e+01
   9.3174132e+01
   1.2197857e+01
   1.7568893e+02
  -1.6024229e+01
   3.5806658e-01
   1.1059343e+01
   1.8508883e+02
   1.8573701e+02
  -2.6290386e+00
   7.6021330e+01
   5.4735143e+01
   2.1635757e+01
   4.0925063e+01
   1.9235365e+02
  -2.4592423e+01
   1.3188495e+02
   1.4709788e+02
   1.0165212e+02
   2.0641713e+01
  -5.1634499e+01
   1.8966773e+02
   1.8999799e+02
   3.9346866e+01
   1.3644275e+02
   4.3155194e+01
  -2.0498336e+01
   1.8756241e+02
   1.2211971e+02
   3.4657446e+01
   4.5645394e+01
   2.0242914e+01
   5.1548167e+01
   1.1999118e+02
  -4.4250635e+01
  -6.3149959e+00
   1.3834898e+02
   1.2519403e+02
   7.4495085e+01
   9.1387326e+01
   6.5026278e+01
   4.2802165e+01
   7.3082747e+01
   1.4234653e+02
   1.8988971e+02
   1.1644710e+01
   1.9066775e+02
  -1.5647374e+01
   9.4571509e+01
   1.1722349e+02
   1.4405774e+02
  -1.0531237e+01
   1.4951383e+02
   1.5955997e+02
   8.6611728e+01
  -6.3936093e+00
   6.6247340e+01
   1.6508424e+02
   1.0487883e+02
   8.9780497e+00
   2.8679955e+01
   1.9903327e+02
   1.7355987e+02
   4.3413322e+01
  -3.3625447e+01
   2.4284645e+01
  -3.1786797e+01
   2.7453295e+01
   1.4487817e+01
   4.0545123e+01
  -4.4747991e+01
  -4.1877538e+01
   4.2358823e+01
  -4.7680685e+01
   1.8799036e+02
   1.9973222e+02
   1.9896936e+02
   5.8767866e+01
   1.9775893e+02
   1.3536028e+02
   1.9551275e+02
   1.8826890e+02
   5.1789651e+01
   1.9478001e+02
   1.5033970e+02
   1.9780074e+02
   1.3789626e+01
   1.5590253e+02
   1.0335338e+02
   1.7889864e+02
   6.7930303e+01
  -2.8162731e+01
   1.6436882e+02
   1.9118763e+02
  -1.8327096e+01
   1.3687576e+02
  -3.7334200e+01
  -5.4462460e+01
  -4.7513192e+01
   3.2702395e+01
  -2.3407669e+01
   9.9083772e+01
   8.7317440e+00
   8.0107512e+01
   1.1322329e+02
   1.2061023e+02
   5.9011380e+01
   1.5453423e+02
  -3.6277953e+01
   2.6262396e+01
  -5.6892609e+01
   9.9337760e+01
   1.3615559e+02
   1.7320135e+02
   1.7293368e+02
  -4.5962377e+01
   1.0994657e+02
   1.4612611e+02
   5.0499472e+01
   5.7293630e+01
   4.1768355e+01
   1.7154449e+02
  -3.4814138e+01
   1.7457665e+02
   1.4971726e+02
   1.6144120e+02
  -1.1393730e+01
   1.3113507e+02
   1.4156705e+02
   2.5437121e+01
   1.3000069e+02
   1.3811043e+02
  -8.6195603e+00
  -2.3306894e+01
   3.8672123e+01
  -9.7590516e+00
   1.7570917e+02
  -3.6248975e+01
   6.0941561e+01
   1.5724970e+02
   2.3077179e+01
   1.5542464e+02
   7.1269164e+01
   6.4310763e+01
   3.7572336e+01
   5.7611242e+00
   1.2312022e+02
  -4.8689469e+00
   2.1050427e+00
  -2.6523644e+01
   1.3848903e+02
   1.7120481e+02
   3.5924882e+01
   1.7605553e+02
   1.5260070e+02
   7.6842530e+01
   1.8187343e+02
   2.0196698e+01
   1.8764467e+02
  -1.9463027e+01
  -2.2412229e+01
  -1.2369467e+01
   1.4211251e+02
   4.6067002e+01
   9.1603456e+00
   3.6211679e+01
   4.5088460e+01
   1.2406981e+02
   1.6771194e+02
   1.7508309e+02
   7.6026955e+00
   9.0468947e+01
   1.6963903e+02
   1.5884357e+02
  -4.4009413e+01
   1.0143190e+02
   6.4827812e+01
   8.8396743e+01
   1.2850568e+02
  -1.8890622e-01
   1.7978831e+02
   1.0194814e+02
   1.5089826e+02
   2.8132638e-01
   1.4981578e+02
   1.9011761e+02
   7.7988707e+01
   7.0186511e+01
   9.0015437e+01
   3.7616127e+01
   1.1760977e+02
   5.5838542e+01
  -4.0640264e+00
  -5.6098367e+01
   1.0028190e+02
   2.7319751e+00
  -2.9820400e+01
  -2.0536634e+01
   1.2696783e+02
   9.5496260e+00
   1.6400226e+02
   7.6839441e+00
  -3.4905577e+00
   6.4942445e+01
   1.5964374e+02
   6.7850557e+01
   1.0002702e+02
  -4.8775169e+01
   1.4225831e+02
   1.6334283e+02
  -3.1086406e+01
   6.1821014e+01
  -3.1923413e+01
   1.5391072e+02
   7.5002823e+01
   1.7432125e+02
   6.0828244e+01
  -3.1806334e+01
  -4.5053986e+00
   1.4216849e+02
   8.4210599e+00
   8.6967490e+01
   1.7890854e+02
   1.6705410e+02
  -3.3535729e+01
   8.5423018e+01
   1.3321008e+02
   1.7039752e+02
   8.5209214e+01
   6.9621216e+01
   9.1409897e+01
   1.0116920e+02
   9.4109260e+01
   9.9497239e+01
   1.7031053e+02
   9.6682996e+01
  -4.6905224e+01
   1.1615314e+02
   4.2956497e+01
   1.5612920e+02
   7.8602792e+01
   9.8694241e+01
   1.4331614e+02
   4.0358008e+01
  -1.1281273e+00
   3.7373472e+01
   2.7348698e+01
   3.8640702e+01
   1.0899840e+02
   1.7832066e+02
   1.8841836e+02
   2.0601560e+01
   8.9087959e+01
   1.3545882e+02
   1.9956126e+02
   1.4892991e+02
   1.9646798e+02
   8.2569788e+01
   1.4991944e+02
