   1.7436053e+02
   4.4378749e+02
   3.7455540e+02
   1.2127470e+01
   3.9007992e+02
   4.0789482e+02
   3.2535827e+02
   3.5366445e+02
   3.2685368e+02
   3.4576329e+02
   2.1223882e+02
   4.0574312e+02
   6.7865287e+02
   4.4596232e+02
   1.8401493e+02
   1.7322021e+02
   2.8495444e+01
   5.7064386e+01
   4.4612581e+02
   3.4623762e+02
   9.5623123e+01
   2.6865126e+02
   6.6988622e+02
   4.9216651e+02
   5.3758897e+02
   5.4526595e+02
   2.3880569e+02
   1.5720062e+02
   1.4693511e+02
   2.0671922e+02
   2.1919622e+02
   8.1858807e+01
   5.0695751e+02
   5.3733941e+02
   5.1967703e+02
   4.4666421e+02
   2.7011420e+01
   6.3077385e+02
   1.5430066e+02
   1.4968041e+01
   4.9263142e+01
   7.2287068e+01
   3.9593748e+02
   3.9091138e+02
   1.1414620e+02
   4.8330505e+02
   1.3466516e+02
   3.3156297e+02
   1.7525043e+02
   1.2618067e+02
   4.8213060e+02
   2.7789998e+02
   1.6589481e+02
   6.8231924e+02
   3.1396429e+02
   5.7170873e+02
   6.6147910e+02
   6.5656530e+02
   4.6046745e+02
   3.9402304e+00
   6.1482887e+02
   5.1393620e+02
   4.2512377e+02
   3.6733150e+02
   2.5493071e+02
   5.9232428e+02
   1.7879151e+02
   1.1069083e+02
   6.3542529e+02
   3.4431432e+02
   3.1229345e+02
   3.2452549e+02
   1.4234793e+02
   6.5161917e+02
   6.5441269e+02
   6.7533936e+02
   4.6384014e+02
   6.4037614e+02
   8.8472300e+01
   2.1462333e+02
   6.6429446e+02
   5.3150035e+02
   4.4112217e+02
   2.8532483e+02
   2.4072029e+02
   3.3024747e+02
   1.6748573e+02
   8.3802564e+01
   4.9537123e+02
   3.6335542e+02
   1.5022932e+01
  -1.5363594e-01
   6.8036250e+02
   1.1025424e+02
   4.0334547e+02
   5.7563630e+02
   2.3489725e+01
   5.6732308e+02
   4.0558196e+02
   1.5154492e+02
   5.4362345e+02
  -5.9353019e-01
   3.0707946e+02
  -2.0327108e+01
   6.5265009e+01
   3.2150358e+02
   2.7115064e+02
   1.1201730e+02
   3.9620889e+02
   2.0182770e+02
   6.1929692e+02
   3.7775126e+02
   3.0571979e+02
   5.4602876e+01
   4.7388566e+02
   2.8927504e+02
   6.5630965e+02
   8.0569415e+01
   6.5888026e+02
   3.0285696e+02
   1.9808626e+02
   4.5562859e+02
   6.0882727e+02
   4.8135398e+02
   6.2261459e+02
   1.5369971e+01
   5.2966188e+02
   1.3670176e+02
   1.4431802e+02
   1.7065961e+02
   5.3687124e+01
   5.2057312e+02
   4.7657171e+02
   9.8297880e+00
   5.8758945e+02
   4.3637449e+02
   6.4546423e+02
   4.5533598e+02
   2.2410071e+02
   2.7745473e+02
   5.5969286e+02
   3.2408126e+02
   6.6056500e+02
   1.6447347e+02
   2.3549574e+02
   4.7125752e+02
   5.8155664e+02
   5.6219062e+02
   4.0887391e+02
   4.9636191e+02
   1.4693097e+02
   4.5475035e+02
   1.4299700e+02
   2.9380895e+01
   6.5005656e+02
   5.7753780e+02
  -1.2234424e+00
   6.3795977e+02
   5.2450907e+01
   5.0504469e+02
   1.0210110e+02
   2.8473664e+02
   6.1979181e+02
   1.0408722e+01
   1.6293219e+01
   6.6240036e+02
   3.8580199e+02
   5.9052536e+02
   4.6725893e+02
   5.7674624e+02
   4.1652486e+02
   4.7020627e+02
   2.1018564e+02
   3.5001504e+01
   5.7527176e+02
   4.0187496e+02
   1.3423583e+02
   1.4137258e+02
   6.2499873e+02
  -3.2518180e+00
   1.5246321e+01
   4.6234953e+01
   4.2609570e+02
   1.2883522e+02
   4.1595321e+02
   3.0562091e+01
   3.0074897e+01
   1.6281546e+02
   8.1956886e+01
   6.5428573e+02
   3.0254389e+02
   1.1875466e+02
   4.1573452e+01
   1.8445186e+02
   6.3190105e+02
   4.4101657e+02
   6.5061059e+02
   4.1427257e+02
  -2.3850558e+01
   3.9894686e+02
   6.3602259e+02
   3.8672870e+02
   3.5105528e+02
   2.6077677e+02
  -2.4895675e+01
   2.8004279e+02
   1.6837293e+02
   1.4106802e+02
   4.4192304e+01
   3.5953805e+02
  -2.0514747e+01
   1.2675216e+02
   4.3028000e+02
   7.1640729e+01
   3.0164469e+02
   2.5569626e+02
   2.8262540e+02
   7.7315254e+01
   1.5343544e+02
   5.1856015e+02
   2.7519197e+02
   6.5053670e+02
   3.2907044e+01
  -1.1269909e+01
   3.4768764e+02
   2.1852718e+02
   5.6868469e+02
   3.7548956e+02
   6.5676925e+02
   5.6551588e+02
   4.8381381e+02
  -6.8491113e+00
   4.1157262e+02
   1.2775164e+02
   5.9128880e+02
   5.4942911e+02
   2.9445988e+02
   1.8745275e+01
   5.4148137e+01
   6.4646101e+02
   3.3587905e+01
   3.6726326e+02
   2.6929988e+02
   3.2976919e+02
   1.5206119e+02
  -1.2038184e+01
   3.2887599e+02
   4.2675065e+02
   5.5756831e+02
   5.7312119e+02
   4.8352064e+02
   3.7624924e+02
   1.8290853e+02
   3.2302797e+02
   6.7452012e+02
   3.0062760e+02
   1.2357356e+02
   3.0423199e+02
   2.1330876e+02
   6.2070575e+02
   6.3086198e+02
   8.7820672e+01
   4.8915856e+02
   1.7439217e+02
  -1.9921231e+01
  -5.2833702e+00
   3.9243344e+02
   6.4881669e+02
   3.2399779e+02
   4.8732831e+02
   2.9467163e+02
  -1.5877725e+01
   5.7223385e+02
   6.3749182e+02
   4.1075322e+01
   4.5915498e+02
  -1.2437511e+01
   6.3525198e+02
   4.4141691e+02
   2.1717058e+02
   1.8350709e+02
   4.2276377e+02
   6.6898323e+02
   6.3771665e+02
   2.6467359e+02
   5.3025362e+02
   3.1088099e+02
   4.7195210e+02
   4.7491838e+02
   2.1780049e+02
   4.1758024e+02
   8.7735595e+01
   6.0131484e+01
   2.2046003e+02
   3.3393811e+02
   3.0379733e+02
   6.3230931e+02
   2.1348174e+02
   5.6617478e+01
   3.0852419e+02
   1.8335752e+02
   3.9991113e+02
   5.9836557e+02
   2.0218197e+02
   4.9604139e+02
   2.7153769e+02
   6.5273592e+02
   6.2586801e+02
   6.8331406e+02
   4.6269786e+02
   4.1424793e+02
   1.7156828e+02
   5.7858782e+02
   2.5787980e+02
   4.2971118e+02
   2.4389193e+02
   4.4602457e+02
   5.8092892e+02
   4.3533786e+02
   5.6379672e+02
   5.0107739e+02
   1.2556040e+02
   2.8797072e+02
   6.5859469e+02
   9.7420359e+01
   5.4595967e+02
   5.4484128e+02
   3.8265940e+02
   1.0591141e+02
   5.0865253e+02
   2.6786231e+02
   2.3800811e+02
   5.3641679e+02
   4.7249818e+02
  -1.5062191e+01
   1.2778477e+02
   6.7020229e+02
   3.2684874e+02
   5.4222688e+02
   6.0304959e+02
   4.1251957e+02
  -1.7593336e+00
  -1.4033051e+01
   2.3715859e+01
  -2.0910698e+01
   1.7772664e+02
   6.1523747e+02
   4.5161995e+02
   4.7820984e+02
   1.1732428e+02
   1.4182431e+00
   3.3514588e+02
   6.8229914e+02
   6.7171435e+02
   4.5183170e+02
   2.0549098e+01
   6.7027433e+02
   3.6504391e+02
   1.3682756e+01
   1.2158693e+01
   1.5298418e+02
   2.7349814e+02
   3.1011638e+02
   4.9669583e+01
   4.7585208e+00
   5.8790004e+02
   2.0816738e+02
   3.4232680e+02
   3.9964685e+02
   6.1366209e+00
   3.2865725e+02
   5.3304831e+02
   6.3560964e+02
   1.5217703e+02
   8.4375329e+01
   3.5642554e+02
   4.5020066e+02
   1.3320186e+02
   4.5878625e+02
   5.8044216e+02
   4.4217180e+02
   4.3122853e+02
   4.7041361e+02
  -8.0543943e+00
   4.5987217e+02
   2.7837434e+02
   1.0615239e+02
   4.1532716e+02
   1.2308579e+02
   3.1453517e+02
   6.1492042e+01
   4.5214606e+02
   5.1866609e+02
   6.1563278e+02
   4.0478654e+02
   2.8650131e+02
   7.0764411e+01
   1.1097898e+02
  -1.1807600e+00
   6.2786981e+02
   3.5544622e+01
   4.3729973e+02
   5.7959728e+01
   4.8861823e+02
   2.0126253e+02
   3.8080206e+02
   5.9507415e+02
   1.9757532e+02
   1.6461469e+02
   1.1098776e+02
   2.4418453e+02
   4.6764797e+02
   3.7766766e+01
   1.1421975e+02
   2.9566388e+02
   3.1280476e+02
   4.9123911e+02
   3.1451198e+02
   5.3859664e+02
   1.6622463e+02
   6.6380704e+02
   2.8396865e+02
   4.9895789e+02
   5.6511726e+00
   5.7757037e+02
   1.5269497e+01
   6.5788332e+02
   3.6989021e+02
   2.4075019e+02
   4.8015682e+02
   2.1314953e+02
   5.8918800e+01
   1.3757860e+02
   4.4159809e+02
   1.8781491e+02
   2.9501386e+01
   7.1464789e+01
   5.7055958e+02
   4.0505179e+02
   6.0778112e+02
   1.7264422e+02
   4.9358656e+02
   2.3764562e+02
   2.5172498e+02
   5.4294197e+02
   4.3474361e+02
   5.5182414e+02
   5.3802755e+02
   4.6569946e+02
   6.5708052e+02
   1.3467919e+02
   3.5351166e+02
   6.4220014e+01
   5.6258495e+02
   5.1088598e+02
   6.3048128e+02
   5.9245715e+02
   6.2155262e+02
   3.2397038e+02
   5.3361683e+02
   1.6833926e+02
   4.3006915e+02
   6.6168222e+02
   5.2423646e+02
   2.2309040e+01
   3.4736921e+02
   4.2063989e+02
   5.4483757e+02
   1.6559831e+02
   5.1499496e+02
   7.9919623e+01
   1.9040205e+02
   8.1126548e+01
   1.6378888e+02
   2.7052596e+02
   6.5107165e+01
   6.5691089e+02
   6.3975898e+02
   5.1168713e+01
   2.8589880e+01
   3.7330053e+02
   1.4566118e+02
   6.7164684e+02
   6.2614914e+02
   3.7060322e+02
   3.3889175e+02
   4.5417760e+02
   5.3045303e+02
   2.5096155e+02
   2.2620623e+02
   3.6652168e+01
   1.7127846e+02
   2.9705859e+02
   3.1975980e+02
   6.6083323e+02
   4.7146430e+02
   2.4322593e+02
   1.0821597e+02
   3.3331942e+02
   1.7440344e+02
   5.8915176e+02
   5.5896965e+02
   5.9978369e+01
   4.1939392e+02
   6.6179258e+01
   3.9681074e+02
   4.2323613e+02
   1.2956566e+02
   1.2721898e+02
   1.7585808e+02
   4.4948054e+02
   5.4160513e+02
   5.8342156e+02
   4.5881969e+02
   5.1227377e+02
   1.0824905e+02
   2.3992157e+02
   5.7179626e+02
   3.2908044e+02
   3.1666809e+02
   2.8865823e+02
   5.4140412e+02
   5.1105574e+02
   2.3059585e+02
   4.3704577e+02
   6.1676430e+02
   4.5190664e+02
   2.4658862e+02
   5.0646912e+02
   1.9108065e+02
   9.8831867e+00
   2.0886582e+00
   1.8336688e+02
   1.4680760e+02
   5.6336811e+02
   6.0133565e+02
   3.0297174e+02
   8.3646354e+01
   5.8664227e+02
  -2.3959165e+01
   4.6674647e+01
   6.0208773e+02
   2.9328790e+02
   6.3325114e+02
  -2.0423563e+01
   1.6514841e+02
   4.0825209e+02
   1.8179991e+02
   1.8956516e+02
   6.6678910e+02
   4.1863834e+02
   1.6840433e+02
   4.6923613e+02
   4.6082136e+02
   3.2000000e+02
   6.3288524e+02
   2.7803879e+02
   2.9608123e+02
   7.0633144e+01
   3.1248041e+02
   5.8750116e+02
   5.7828682e+02
   1.2304914e+02
   3.7435513e+02
   1.4449419e+02
   6.5939167e+02
   6.5955353e+02
   3.8097506e+02
   4.2986645e+02
   1.4753371e+02
   2.8130765e+02
   1.5647154e+02
   1.4588827e+02
   3.1039015e+02
   3.1876572e+02
   3.9718897e+02
   2.6637183e+02
   2.1211623e+02
   4.2304252e+02
  -2.4092742e+01
   4.0788244e+02
  -5.3066573e+00
   1.6749246e+02
   2.3757183e+02
   3.9308506e+02
   2.2421079e+02
   3.5198016e+00
   7.9880765e+00
   3.5273416e+02
   4.8513104e+02
   3.0436257e+02
   5.3517906e+02
   1.4790816e+02
   4.7189047e+02
   3.3508458e+01
   6.2895602e+02
   5.1891957e+02
   1.1407665e+02
   5.8402770e+02
   1.4922311e+01
   4.2954867e+02
   4.9011512e+02
   6.9168792e+01
   4.9831241e+02
   3.8507674e+02
   2.6015339e+02
  -2.2501928e+01
  -2.0042875e+01
   4.7265590e+02
   4.8233762e+02
   2.0703971e+02
   1.2744617e+02
   5.6268630e+02
   3.5902314e+02
   1.0114132e+02
   4.4879703e+01
   6.3460916e+02
   3.8946301e+02
   6.7653935e+02
   2.7207399e+02
   6.1145774e+02
   2.2552922e+02
   9.5515055e+01
   2.9203663e+02
   4.1417731e+02
   5.3909845e+02
   2.3265700e+02
   4.6883701e+02
   4.2635192e+02
   5.3509480e+02
   5.8403095e+02
   3.7783872e+02
   5.3771466e+02
   4.3772192e+02
   1.2349266e+01
   4.7892978e+01
   4.3816543e+02
   3.0201658e+02
   6.7837803e+02
   2.5335864e+02
   5.3125128e+02
   5.6285590e+02
   3.3442512e+02
   2.6033424e+02
   6.5476375e+02
   8.2324985e+01
   4.6050719e+02
   4.9264798e+02
   6.0603700e+02
   6.9298536e+01
   6.1983244e+02
   3.4335702e+02
   2.1316135e+02
   6.1110628e+02
   3.4644836e+02
   1.5147029e+02
   2.4233900e+01
   1.0575706e+02
   5.9975853e+02
   6.1891367e+02
   2.0607623e+02
   3.2599893e+02
   2.2085660e+02
   1.3929759e+02
   5.4367552e+02
   1.9319273e+02
   6.4875654e+02
   5.5011774e+02
   4.0546761e+02
   7.3450229e+01
   3.4673009e+02
   5.1473467e+02
   2.5623690e+02
   3.0670769e+02
   2.1458008e+01
   2.1053004e+02
   2.7942114e+02
   2.3071302e+02
   1.9750811e+02
   4.0397256e+01
   4.4065778e+02
   6.0164775e+02
   5.3602402e+02
   3.6364276e+02
   6.5422196e+02
   3.2366500e+02
   2.0153684e+02
   6.0208875e+02
   2.7467203e+02
   2.6617950e+01
   1.2881949e+02
   2.6504730e+02
   1.1975326e+02
   5.2070516e+02
   6.0769504e+02
   1.4180536e+02
   5.6673961e+02
   3.7834121e+02
   5.0667275e+02
   1.6285211e+02
   3.9565287e+02
   4.5564055e+02
   3.6572819e+02
   1.0788190e+02
   6.4646065e+02
   2.8244050e+02
   5.1388711e+02
   2.9870486e+02
   1.4011864e+02
   1.6724202e+02
   1.5355112e+02
   2.4005832e+02
   4.0131692e+02
   6.6837545e+01
   5.3854966e+02
   3.2513219e+02
   5.4368987e+02
   2.8039077e+02
   4.3454085e+02
   6.6969824e+02
   1.4444990e+02
   4.3045933e+02
   1.7623427e+02
   5.0940892e+02
   3.0167278e+02
   2.6791600e+02
   3.4223626e+02
   2.5270776e+02
   1.1585604e+02
  -4.0960509e+00
   3.4831647e+02
   5.9138694e+01
   4.7616548e+02
   1.2218638e+02
   3.9062592e+02
   6.4533676e+02
   4.7008588e+02
   1.9821670e+02
   7.7329270e+00
   4.5203526e+02
   1.2693595e+02
   7.9718166e+01
   4.6628219e+02
   1.7109010e+02
   5.5937403e+02
   5.3893434e+02
   3.3372325e+02
  -8.3831705e-01
   5.3846751e+01
   5.6578835e+02
   6.8598943e+01
   1.4490293e+02
   8.4772384e+01
   2.9882027e+02
   6.5898517e+02
   5.8733371e+02
   3.9336328e+02
   2.8946333e+02
   4.6097430e+02
   6.4705375e+02
   3.6207750e+02
   1.8570474e+02
   2.6071682e+01
   2.6809458e+02
   3.4395458e+02
   3.0768802e+02
   6.8526939e+02
   3.0956525e+02
   3.2822252e+01
   6.6083632e+02
   5.2857274e+02
   6.3754042e+02
   2.0642495e+02
   2.2000484e+02
   6.9137738e+01
   3.5681405e+02
   5.9553617e+02
   5.4229398e+02
   1.8692679e+02
   2.2614274e+02
   2.0959322e+02
   3.7722986e+02
   2.2717967e+02
   4.2577058e+02
  -5.8612364e+00
   3.9934442e+02
   4.4628067e+01
   2.3141702e+02
   2.2293303e+02
   4.1164532e+02
   4.8203008e+02
   6.0882839e+02
   1.4475805e+02
   3.4549458e+02
   6.7751273e+02
   5.5922035e+02
   6.8306181e+02
   2.4768995e+02
   4.5512972e+01
   4.9684511e+01
   5.8089680e+00
   3.4607826e+02
   6.4985866e+01
   5.3965056e+02
   5.0963013e+01
   6.7082284e+02
   3.4665162e+02
   4.9472724e+02
   6.4710500e+01
   6.3415428e+02
   5.9746497e+02
   3.2134547e+02
   6.0138442e+01
  -1.8565472e+01
   6.6617092e+02
   2.2518714e+02
   2.6449837e+02
   4.9560467e+02
   6.5249320e+02
   9.3719891e+01
  -9.6883382e+00
   5.6432953e+02
   4.3900681e+02
   3.9072471e+02
   5.6090721e+02
   1.5320366e+02
   5.4888599e+01
   1.3173495e+02
   4.0229981e+02
   1.8604981e+01
   4.2961444e+02
   6.4209281e+01
   3.9698964e+02
   2.4383528e+02
   5.7207095e+02
   3.6062306e+02
   1.8275827e+02
   4.3466515e+02
   1.8720478e+02
   6.2876603e+02
   4.7344941e+02
   3.8316044e+02
   6.1446537e+01
   5.2889880e+02
   3.1447897e+01
   3.0731325e+02
   6.5983477e+02
   6.8433515e+02
   3.2273072e+02
   1.8388737e+02
   4.3876116e+02
   6.7685179e+02
   2.9604851e+02
   1.2822307e+02
   6.4424447e+02
   3.1743638e+01
   2.1817788e+02
   5.0056940e+02
   2.7947956e+02
   1.9293125e+02
   3.4779272e+02
   4.0978662e+02
   2.9107474e+02
   4.9158684e+02
   3.1755787e+02
   2.8790534e+02
   2.6069278e+01
   6.1639969e+01
   6.3954454e+01
   5.4276251e+02
   2.8361750e+01
   6.5825631e+02
   5.4672490e+02
   2.0425703e+02
   1.5832333e+01
   4.8508816e+02
   2.7326454e+02
   3.9516895e+02
   4.7379143e+02
   4.0344429e+02
   4.6444630e+02
   3.7524464e+02
   3.2599619e+02
   1.7540487e+02
   5.3630158e+02
   4.8118183e+02
   6.1887004e+02
   1.2076903e+02
   3.2897173e+02
   3.0588209e+02
   6.7076514e+02
   1.6761002e+02
  -2.1032042e+01
   1.3194772e+02
   2.1811142e+02
   4.5736678e+02
   5.8204385e+02
   2.5778499e+02
   3.4137206e+02
   1.4261769e+02
   2.4070443e+02
   7.3711895e+01
   4.6240582e+02
   1.9864312e+01
   5.9500307e+02
   2.2632016e+02
   5.0731176e+02
   4.2716719e+02
   4.7874903e+02
   6.4116172e+02
   1.5008120e+02
   1.0721194e+02
   1.3056030e+02
   1.0278372e+02
   6.4295023e+02
   2.8798071e+02
   4.4851610e+02
   2.5686397e+02
   3.1031458e+02
   5.6291443e+02
   4.8740148e+02
   6.1040847e+02
   1.7396809e+02
   5.3637140e+02
   4.8427741e+02
   2.3800361e+02
   3.3189883e+02
   6.7801192e+02
   6.9946399e+00
   3.7479005e+02
   3.5642208e+02
   5.9101782e+02
   4.0606953e+02
   1.8282663e+02
   6.8536351e+02
   3.4656868e+01
   5.9912085e+02
   5.1389576e+02
   6.3133922e+02
   4.1068567e+02
   5.0910011e+02
   3.8495998e+02
   1.9910885e+02
   1.7824755e+02
   3.7354176e+02
   3.2414478e+02
   2.3802872e+02
   6.7047552e+02
   4.5197950e+02
   1.0575073e+02
   2.4557791e+02
   1.4755115e+02
   5.2827386e+02
   9.6960772e+00
   2.2593223e+02
   3.9931228e+02
   3.4946343e+02
   6.1725272e+02
   5.2140505e+02
   1.1770194e+02
   8.9958704e+01
   6.4855160e+02
   6.0580709e+02
   2.8738101e+02
   7.7560928e+00
   3.6541674e+01
   1.0891496e+02
   1.9423873e+02
   3.8543747e+02
   4.3275030e+01
   1.8510393e+02
   1.4322049e+01
   2.8734707e+02
   2.7743727e+02
   2.0620892e+02
   1.3488028e+02
   4.8768128e+01
   5.6743909e+02
   5.5062964e+02
   5.0296134e+02
   1.2945472e+02
  -1.7266985e+01
   1.3415654e+02
   5.6734439e+02
   3.2342596e+02
   9.6261441e+01
   6.8284375e+02
   2.6599619e+02
   4.9652793e+02
   5.7766987e+02
   4.1764780e+02
   2.7704245e+02
   2.6678834e+02
   5.2798245e+02
   1.7274739e+02
   4.7239844e+02
   6.4246330e+02
   6.4069362e+02
   4.7864192e+02
   4.4832516e+02
   1.7436053e+02
   4.4378749e+02
   3.7455540e+02
   1.2127470e+01
   3.9007992e+02
   4.0789482e+02
   3.2535827e+02
   3.5366445e+02
   3.2685368e+02
   3.4576329e+02
   2.1223882e+02
   4.0574312e+02
   6.7865287e+02
   4.4596232e+02
   1.8401493e+02
   1.7322021e+02
   2.8495444e+01
   5.7064386e+01
   4.4612581e+02
   3.4623762e+02
   9.5623123e+01
   2.6865126e+02
   6.6988622e+02
   4.9216651e+02
   5.3758897e+02
   5.4526595e+02
   2.3880569e+02
   1.5720062e+02
   1.4693511e+02
   2.0671922e+02
   2.1919622e+02
   8.1858807e+01
   5.0695751e+02
   5.3733941e+02
   5.1967703e+02
   4.4666421e+02
   2.7011420e+01
   6.3077385e+02
   1.5430066e+02
   1.4968041e+01
   4.9263142e+01
   7.2287068e+01
   3.9593748e+02
   3.9091138e+02
   1.1414620e+02
   4.8330505e+02
   1.3466516e+02
   3.3156297e+02
   1.7525043e+02
   1.2618067e+02
   4.8213060e+02
   2.7789998e+02
   1.6589481e+02
   6.8231924e+02
   3.1396429e+02
   5.7170873e+02
   6.6147910e+02
   6.5656530e+02
   4.6046745e+02
   3.9402304e+00
   6.1482887e+02
   5.1393620e+02
   4.2512377e+02
   3.6733150e+02
   2.5493071e+02
   5.9232428e+02
   1.7879151e+02
   1.1069083e+02
   6.3542529e+02
   3.4431432e+02
   3.1229345e+02
   3.2452549e+02
   1.4234793e+02
   6.5161917e+02
   6.5441269e+02
   6.7533936e+02
   4.6384014e+02
   6.4037614e+02
   8.8472300e+01
   2.1462333e+02
   6.6429446e+02
   5.3150035e+02
   4.4112217e+02
   2.8532483e+02
   2.4072029e+02
   3.3024747e+02
   1.6748573e+02
   8.3802564e+01
   4.9537123e+02
   3.6335542e+02
   1.5022932e+01
  -1.5363594e-01
   6.8036250e+02
   1.1025424e+02
   4.0334547e+02
   5.7563630e+02
   2.3489725e+01
   5.6732308e+02
   4.0558196e+02
   1.5154492e+02
   5.4362345e+02
  -5.9353019e-01
   3.0707946e+02
  -2.0327108e+01
   6.5265009e+01
   3.2150358e+02
   2.7115064e+02
   1.1201730e+02
   3.9620889e+02
   2.0182770e+02
   6.1929692e+02
   3.7775126e+02
   3.0571979e+02
   5.4602876e+01
   4.7388566e+02
   2.8927504e+02
   6.5630965e+02
   8.0569415e+01
   6.5888026e+02
   3.0285696e+02
   1.9808626e+02
   4.5562859e+02
   6.0882727e+02
   4.8135398e+02
   6.2261459e+02
   1.5369971e+01
   5.2966188e+02
   1.3670176e+02
   1.4431802e+02
   1.7065961e+02
   5.3687124e+01
   5.2057312e+02
   4.7657171e+02
   9.8297880e+00
   5.8758945e+02
   4.3637449e+02
   6.4546423e+02
   4.5533598e+02
   2.2410071e+02
   2.7745473e+02
   5.5969286e+02
   3.2408126e+02
   6.6056500e+02
   1.6447347e+02
   2.3549574e+02
   4.7125752e+02
   5.8155664e+02
   5.6219062e+02
   4.0887391e+02
   4.9636191e+02
   1.4693097e+02
   4.5475035e+02
   1.4299700e+02
   2.9380895e+01
   6.5005656e+02
   5.7753780e+02
  -1.2234424e+00
   6.3795977e+02
   5.2450907e+01
   5.0504469e+02
   1.0210110e+02
   2.8473664e+02
   6.1979181e+02
   1.0408722e+01
   1.6293219e+01
   6.6240036e+02
   3.8580199e+02
   5.9052536e+02
   4.6725893e+02
   5.7674624e+02
   4.1652486e+02
   4.7020627e+02
   2.1018564e+02
   3.5001504e+01
   5.7527176e+02
   4.0187496e+02
   1.3423583e+02
   1.4137258e+02
   6.2499873e+02
  -3.2518180e+00
   1.5246321e+01
   4.6234953e+01
   4.2609570e+02
   1.2883522e+02
   4.1595321e+02
   3.0562091e+01
   3.0074897e+01
   1.6281546e+02
   8.1956886e+01
   6.5428573e+02
   3.0254389e+02
   1.1875466e+02
   4.1573452e+01
   1.8445186e+02
   6.3190105e+02
   4.4101657e+02
   6.5061059e+02
   4.1427257e+02
  -2.3850558e+01
   3.9894686e+02
   6.3602259e+02
   3.8672870e+02
   3.5105528e+02
   2.6077677e+02
  -2.4895675e+01
   2.8004279e+02
   1.6837293e+02
   1.4106802e+02
   4.4192304e+01
   3.5953805e+02
  -2.0514747e+01
   1.2675216e+02
   4.3028000e+02
   7.1640729e+01
   3.0164469e+02
   2.5569626e+02
   2.8262540e+02
   7.7315254e+01
   1.5343544e+02
   5.1856015e+02
   2.7519197e+02
   6.5053670e+02
   3.2907044e+01
  -1.1269909e+01
   3.4768764e+02
   2.1852718e+02
   5.6868469e+02
   3.7548956e+02
   6.5676925e+02
   5.6551588e+02
   4.8381381e+02
  -6.8491113e+00
   4.1157262e+02
   1.2775164e+02
   5.9128880e+02
   5.4942911e+02
   2.9445988e+02
   1.8745275e+01
   5.4148137e+01
   6.4646101e+02
   3.3587905e+01
   3.6726326e+02
   2.6929988e+02
   3.2976919e+02
   1.5206119e+02
  -1.2038184e+01
   3.2887599e+02
   4.2675065e+02
   5.5756831e+02
   5.7312119e+02
   4.8352064e+02
   3.7624924e+02
   1.8290853e+02
   3.2302797e+02
   6.7452012e+02
   3.0062760e+02
   1.2357356e+02
   3.0423199e+02
   2.1330876e+02
   6.2070575e+02
   6.3086198e+02
   8.7820672e+01
   4.8915856e+02
   1.7439217e+02
  -1.9921231e+01
  -5.2833702e+00
   3.9243344e+02
   6.4881669e+02
   3.2399779e+02
   4.8732831e+02
   2.9467163e+02
  -1.5877725e+01
   5.7223385e+02
   6.3749182e+02
   4.1075322e+01
   4.5915498e+02
  -1.2437511e+01
   6.3525198e+02
   4.4141691e+02
   2.1717058e+02
   1.8350709e+02
   4.2276377e+02
   6.6898323e+02
   6.3771665e+02
   2.6467359e+02
   5.3025362e+02
   3.1088099e+02
   4.7195210e+02
   4.7491838e+02
   2.1780049e+02
   4.1758024e+02
   8.7735595e+01
   6.0131484e+01
   2.2046003e+02
   3.3393811e+02
   3.0379733e+02
   6.3230931e+02
   2.1348174e+02
   5.6617478e+01
   3.0852419e+02
   1.8335752e+02
   3.9991113e+02
   5.9836557e+02
   2.0218197e+02
   4.9604139e+02
   2.7153769e+02
   6.5273592e+02
   6.2586801e+02
   6.8331406e+02
   4.6269786e+02
   4.1424793e+02
   1.7156828e+02
   5.7858782e+02
   2.5787980e+02
   4.2971118e+02
   2.4389193e+02
   4.4602457e+02
   5.8092892e+02
   4.3533786e+02
   5.6379672e+02
   5.0107739e+02
   1.2556040e+02
   2.8797072e+02
   6.5859469e+02
   9.7420359e+01
   5.4595967e+02
   5.4484128e+02
   3.8265940e+02
   1.0591141e+02
   5.0865253e+02
   2.6786231e+02
   2.3800811e+02
   5.3641679e+02
   4.7249818e+02
  -1.5062191e+01
   1.2778477e+02
   6.7020229e+02
   3.2684874e+02
   5.4222688e+02
   6.0304959e+02
   4.1251957e+02
  -1.7593336e+00
  -1.4033051e+01
   2.3715859e+01
  -2.0910698e+01
   1.7772664e+02
   6.1523747e+02
   4.5161995e+02
   4.7820984e+02
   1.1732428e+02
   1.4182431e+00
   3.3514588e+02
   6.8229914e+02
   6.7171435e+02
   4.5183170e+02
   2.0549098e+01
   6.7027433e+02
   3.6504391e+02
   1.3682756e+01
   1.2158693e+01
   1.5298418e+02
   2.7349814e+02
   3.1011638e+02
   4.9669583e+01
   4.7585208e+00
   5.8790004e+02
   2.0816738e+02
   3.4232680e+02
   3.9964685e+02
   6.1366209e+00
   3.2865725e+02
   5.3304831e+02
   6.3560964e+02
   1.5217703e+02
   8.4375329e+01
   3.5642554e+02
   4.5020066e+02
   1.3320186e+02
   4.5878625e+02
   5.8044216e+02
   4.4217180e+02
   4.3122853e+02
   4.7041361e+02
  -8.0543943e+00
   4.5987217e+02
   2.7837434e+02
   1.0615239e+02
   4.1532716e+02
   1.2308579e+02
   3.1453517e+02
   6.1492042e+01
   4.5214606e+02
   5.1866609e+02
   6.1563278e+02
   4.0478654e+02
   2.8650131e+02
   7.0764411e+01
   1.1097898e+02
  -1.1807600e+00
   6.2786981e+02
   3.5544622e+01
   4.3729973e+02
   5.7959728e+01
   4.8861823e+02
   2.0126253e+02
   3.8080206e+02
   5.9507415e+02
   1.9757532e+02
   1.6461469e+02
   1.1098776e+02
   2.4418453e+02
   4.6764797e+02
   3.7766766e+01
   1.1421975e+02
   2.9566388e+02
   3.1280476e+02
   4.9123911e+02
   3.1451198e+02
   5.3859664e+02
   1.6622463e+02
   6.6380704e+02
   2.8396865e+02
   4.9895789e+02
   5.6511726e+00
   5.7757037e+02
   1.5269497e+01
   6.5788332e+02
   3.6989021e+02
   2.4075019e+02
   4.8015682e+02
   2.1314953e+02
   5.8918800e+01
   1.3757860e+02
   4.4159809e+02
   1.8781491e+02
   2.9501386e+01
   7.1464789e+01
   5.7055958e+02
   4.0505179e+02
   6.0778112e+02
   1.7264422e+02
   4.9358656e+02
   2.3764562e+02
   2.5172498e+02
   5.4294197e+02
   4.3474361e+02
   5.5182414e+02
   5.3802755e+02
   4.6569946e+02
   6.5708052e+02
   1.3467919e+02
   3.5351166e+02
   6.4220014e+01
   5.6258495e+02
   5.1088598e+02
   6.3048128e+02
   5.9245715e+02
   6.2155262e+02
   3.2397038e+02
   5.3361683e+02
   1.6833926e+02
   4.3006915e+02
   6.6168222e+02
   5.2423646e+02
   2.2309040e+01
   3.4736921e+02
   4.2063989e+02
   5.4483757e+02
   1.6559831e+02
   5.1499496e+02
   7.9919623e+01
   1.9040205e+02
   8.1126548e+01
   1.6378888e+02
   2.7052596e+02
   6.5107165e+01
   6.5691089e+02
   6.3975898e+02
   5.1168713e+01
   2.8589880e+01
   3.7330053e+02
   1.4566118e+02
   6.7164684e+02
   6.2614914e+02
   3.7060322e+02
   3.3889175e+02
   4.5417760e+02
   5.3045303e+02
   2.5096155e+02
   2.2620623e+02
   3.6652168e+01
   1.7127846e+02
   2.9705859e+02
   3.1975980e+02
   6.6083323e+02
   4.7146430e+02
   2.4322593e+02
   1.0821597e+02
   3.3331942e+02
   1.7440344e+02
   5.8915176e+02
   5.5896965e+02
   5.9978369e+01
   4.1939392e+02
   6.6179258e+01
   3.9681074e+02
   4.2323613e+02
   1.2956566e+02
   1.2721898e+02
   1.7585808e+02
   4.4948054e+02
   5.4160513e+02
   5.8342156e+02
   4.5881969e+02
   5.1227377e+02
   1.0824905e+02
   2.3992157e+02
   5.7179626e+02
   3.2908044e+02
   3.1666809e+02
   2.8865823e+02
   5.4140412e+02
   5.1105574e+02
   2.3059585e+02
   4.3704577e+02
   6.1676430e+02
   4.5190664e+02
   2.4658862e+02
   5.0646912e+02
   1.9108065e+02
   9.8831867e+00
   2.0886582e+00
   1.8336688e+02
   1.4680760e+02
   5.6336811e+02
   6.0133565e+02
   3.0297174e+02
   8.3646354e+01
   5.8664227e+02
  -2.3959165e+01
   4.6674647e+01
   6.0208773e+02
   2.9328790e+02
   6.3325114e+02
  -2.0423563e+01
   1.6514841e+02
   4.0825209e+02
   1.8179991e+02
   1.8956516e+02
   6.6678910e+02
   4.1863834e+02
   1.6840433e+02
   4.6923613e+02
   4.6082136e+02
   3.2000000e+02
   6.3288524e+02
   2.7803879e+02
   2.9608123e+02
   7.0633144e+01
   3.1248041e+02
   5.8750116e+02
   5.7828682e+02
   1.2304914e+02
   3.7435513e+02
   1.4449419e+02
   6.5939167e+02
   6.5955353e+02
   3.8097506e+02
   4.2986645e+02
   1.4753371e+02
   2.8130765e+02
   1.5647154e+02
   1.4588827e+02
   3.1039015e+02
   3.1876572e+02
   3.9718897e+02
   2.6637183e+02
   2.1211623e+02
   4.2304252e+02
  -2.4092742e+01
   4.0788244e+02
  -5.3066573e+00
   1.6749246e+02
   2.3757183e+02
   3.9308506e+02
   2.2421079e+02
   3.5198016e+00
   7.9880765e+00
   3.5273416e+02
   4.8513104e+02
   3.0436257e+02
   5.3517906e+02
   1.4790816e+02
   4.7189047e+02
   3.3508458e+01
   6.2895602e+02
   5.1891957e+02
   1.1407665e+02
   5.8402770e+02
   1.4922311e+01
   4.2954867e+02
   4.9011512e+02
   6.9168792e+01
   4.9831241e+02
   3.8507674e+02
   2.6015339e+02
  -2.2501928e+01
  -2.0042875e+01
   4.7265590e+02
   4.8233762e+02
   2.0703971e+02
   1.2744617e+02
   5.6268630e+02
   3.5902314e+02
   1.0114132e+02
   4.4879703e+01
   6.3460916e+02
   3.8946301e+02
   6.7653935e+02
   2.7207399e+02
   6.1145774e+02
   2.2552922e+02
   9.5515055e+01
   2.9203663e+02
   4.1417731e+02
   5.3909845e+02
   2.3265700e+02
   4.6883701e+02
   4.2635192e+02
   5.3509480e+02
   5.8403095e+02
   3.7783872e+02
   5.3771466e+02
   4.3772192e+02
   1.2349266e+01
   4.7892978e+01
   4.3816543e+02
   3.0201658e+02
   6.7837803e+02
   2.5335864e+02
   5.3125128e+02
   5.6285590e+02
   3.3442512e+02
   2.6033424e+02
   6.5476375e+02
   8.2324985e+01
   4.6050719e+02
   4.9264798e+02
   6.0603700e+02
   6.9298536e+01
   6.1983244e+02
   3.4335702e+02
   2.1316135e+02
   6.1110628e+02
   3.4644836e+02
   1.5147029e+02
   2.4233900e+01
   1.0575706e+02
   5.9975853e+02
   6.1891367e+02
   2.0607623e+02
   3.2599893e+02
   2.2085660e+02
   1.3929759e+02
   5.4367552e+02
   1.9319273e+02
   6.4875654e+02
   5.5011774e+02
   4.0546761e+02
   7.3450229e+01
   3.4673009e+02
   5.1473467e+02
   2.5623690e+02
   3.0670769e+02
   2.1458008e+01
   2.1053004e+02
   2.7942114e+02
   2.3071302e+02
   1.9750811e+02
   4.0397256e+01
   4.4065778e+02
   6.0164775e+02
   5.3602402e+02
   3.6364276e+02
   6.5422196e+02
   3.2366500e+02
   2.0153684e+02
   6.0208875e+02
   2.7467203e+02
   2.6617950e+01
   1.2881949e+02
   2.6504730e+02
   1.1975326e+02
   5.2070516e+02
   6.0769504e+02
   1.4180536e+02
   5.6673961e+02
   3.7834121e+02
   5.0667275e+02
   1.6285211e+02
   3.9565287e+02
   4.5564055e+02
   3.6572819e+02
   1.0788190e+02
   6.4646065e+02
   2.8244050e+02
   5.1388711e+02
   2.9870486e+02
   1.4011864e+02
   1.6724202e+02
   1.5355112e+02
   2.4005832e+02
   4.0131692e+02
   6.6837545e+01
   5.3854966e+02
   3.2513219e+02
   5.4368987e+02
   2.8039077e+02
   4.3454085e+02
   6.6969824e+02
   1.4444990e+02
   4.3045933e+02
   1.7623427e+02
   5.0940892e+02
   3.0167278e+02
   2.6791600e+02
   3.4223626e+02
   2.5270776e+02
   1.1585604e+02
  -4.0960509e+00
   3.4831647e+02
   5.9138694e+01
   4.7616548e+02
   1.2218638e+02
   3.9062592e+02
   6.4533676e+02
   4.7008588e+02
   1.9821670e+02
   7.7329270e+00
   4.5203526e+02
   1.2693595e+02
   7.9718166e+01
   4.6628219e+02
   1.7109010e+02
   5.5937403e+02
   5.3893434e+02
   3.3372325e+02
  -8.3831705e-01
   5.3846751e+01
   5.6578835e+02
   6.8598943e+01
   1.4490293e+02
   8.4772384e+01
   2.9882027e+02
   6.5898517e+02
   5.8733371e+02
   3.9336328e+02
   2.8946333e+02
   4.6097430e+02
   6.4705375e+02
   3.6207750e+02
   1.8570474e+02
   2.6071682e+01
   2.6809458e+02
   3.4395458e+02
   3.0768802e+02
   6.8526939e+02
   3.0956525e+02
   3.2822252e+01
   6.6083632e+02
   5.2857274e+02
   6.3754042e+02
   2.0642495e+02
   2.2000484e+02
   6.9137738e+01
   3.5681405e+02
   5.9553617e+02
   5.4229398e+02
   1.8692679e+02
   2.2614274e+02
   2.0959322e+02
   3.7722986e+02
   2.2717967e+02
   4.2577058e+02
  -5.8612364e+00
   3.9934442e+02
   4.4628067e+01
   2.3141702e+02
   2.2293303e+02
   4.1164532e+02
   4.8203008e+02
   6.0882839e+02
   1.4475805e+02
   3.4549458e+02
   6.7751273e+02
   5.5922035e+02
   6.8306181e+02
   2.4768995e+02
   4.5512972e+01
   4.9684511e+01
   5.8089680e+00
   3.4607826e+02
   6.4985866e+01
   5.3965056e+02
   5.0963013e+01
   6.7082284e+02
   3.4665162e+02
   4.9472724e+02
   6.4710500e+01
   6.3415428e+02
   5.9746497e+02
   3.2134547e+02
   6.0138442e+01
  -1.8565472e+01
   6.6617092e+02
   2.2518714e+02
   2.6449837e+02
   4.9560467e+02
   6.5249320e+02
   9.3719891e+01
  -9.6883382e+00
   5.6432953e+02
   4.3900681e+02
   3.9072471e+02
   5.6090721e+02
   1.5320366e+02
   5.4888599e+01
   1.3173495e+02
   4.0229981e+02
   1.8604981e+01
   4.2961444e+02
   6.4209281e+01
   3.9698964e+02
   2.4383528e+02
   5.7207095e+02
   3.6062306e+02
   1.8275827e+02
   4.3466515e+02
   1.8720478e+02
   6.2876603e+02
   4.7344941e+02
   3.8316044e+02
   6.1446537e+01
   5.2889880e+02
   3.1447897e+01
   3.0731325e+02
   6.5983477e+02
   6.8433515e+02
   3.2273072e+02
   1.8388737e+02
   4.3876116e+02
   6.7685179e+02
   2.9604851e+02
   1.2822307e+02
   6.4424447e+02
   3.1743638e+01
   2.1817788e+02
   5.0056940e+02
   2.7947956e+02
   1.9293125e+02
   3.4779272e+02
   4.0978662e+02
   2.9107474e+02
   4.9158684e+02
   3.1755787e+02
   2.8790534e+02
   2.6069278e+01
   6.1639969e+01
   6.3954454e+01
   5.4276251e+02
   2.8361750e+01
   6.5825631e+02
   5.4672490e+02
   2.0425703e+02
   1.5832333e+01
   4.8508816e+02
   2.7326454e+02
   3.9516895e+02
   4.7379143e+02
   4.0344429e+02
   4.6444630e+02
   3.7524464e+02
   3.2599619e+02
   1.7540487e+02
   5.3630158e+02
   4.8118183e+02
   6.1887004e+02
   1.2076903e+02
   3.2897173e+02
   3.0588209e+02
   6.7076514e+02
   1.6761002e+02
  -2.1032042e+01
   1.3194772e+02
   2.1811142e+02
   4.5736678e+02
   5.8204385e+02
   2.5778499e+02
   3.4137206e+02
   1.4261769e+02
   2.4070443e+02
   7.3711895e+01
   4.6240582e+02
   1.9864312e+01
   5.9500307e+02
   2.2632016e+02
   5.0731176e+02
   4.2716719e+02
   4.7874903e+02
   6.4116172e+02
   1.5008120e+02
   1.0721194e+02
   1.3056030e+02
   1.0278372e+02
   6.4295023e+02
   2.8798071e+02
   4.4851610e+02
   2.5686397e+02
   3.1031458e+02
   5.6291443e+02
   4.8740148e+02
   6.1040847e+02
   1.7396809e+02
   5.3637140e+02
   4.8427741e+02
   2.3800361e+02
   3.3189883e+02
   6.7801192e+02
   6.9946399e+00
   3.7479005e+02
   3.5642208e+02
   5.9101782e+02
   4.0606953e+02
   1.8282663e+02
   6.8536351e+02
   3.4656868e+01
   5.9912085e+02
   5.1389576e+02
   6.3133922e+02
   4.1068567e+02
   5.0910011e+02
   3.8495998e+02
   1.9910885e+02
   1.7824755e+02
   3.7354176e+02
   3.2414478e+02
   2.3802872e+02
   6.7047552e+02
   4.5197950e+02
   1.0575073e+02
   2.4557791e+02
   1.4755115e+02
   5.2827386e+02
   9.6960772e+00
   2.2593223e+02
   3.9931228e+02
   3.4946343e+02
   6.1725272e+02
   5.2140505e+02
   1.1770194e+02
   8.9958704e+01
   6.4855160e+02
   6.0580709e+02
   2.8738101e+02
   7.7560928e+00
   3.6541674e+01
   1.0891496e+02
   1.9423873e+02
   3.8543747e+02
   4.3275030e+01
   1.8510393e+02
   1.4322049e+01
   2.8734707e+02
   2.7743727e+02
   2.0620892e+02
   1.3488028e+02
   4.8768128e+01
   5.6743909e+02
   5.5062964e+02
   5.0296134e+02
   1.2945472e+02
  -1.7266985e+01
   1.3415654e+02
   5.6734439e+02
   3.2342596e+02
   9.6261441e+01
   6.8284375e+02
   2.6599619e+02
   4.9652793e+02
   5.7766987e+02
   4.1764780e+02
   2.7704245e+02
   2.6678834e+02
   5.2798245e+02
   1.7274739e+02
   4.7239844e+02
   6.4246330e+02
   6.4069362e+02
   4.7864192e+02
   4.4832516e+02
   1.7436053e+02
   4.4378749e+02
   3.7455540e+02
   1.2127470e+01
   3.9007992e+02
   4.0789482e+02
   3.2535827e+02
   3.5366445e+02
   3.2685368e+02
   3.4576329e+02
   2.1223882e+02
   4.0574312e+02
   6.7865287e+02
   4.4596232e+02
   1.8401493e+02
   1.7322021e+02
   2.8495444e+01
   5.7064386e+01
   4.4612581e+02
   3.4623762e+02
   9.5623123e+01
   2.6865126e+02
   6.6988622e+02
   4.9216651e+02
   5.3758897e+02
   5.4526595e+02
   2.3880569e+02
   1.5720062e+02
   1.4693511e+02
   2.0671922e+02
   2.1919622e+02
   8.1858807e+01
   5.0695751e+02
   5.3733941e+02
   5.1967703e+02
   4.4666421e+02
   2.7011420e+01
   6.3077385e+02
   1.5430066e+02
   1.4968041e+01
   4.9263142e+01
   7.2287068e+01
   3.9593748e+02
   3.9091138e+02
   1.1414620e+02
   4.8330505e+02
   1.3466516e+02
   3.3156297e+02
   1.7525043e+02
   1.2618067e+02
   4.8213060e+02
   2.7789998e+02
   1.6589481e+02
   6.8231924e+02
   3.1396429e+02
   5.7170873e+02
   6.6147910e+02
   6.5656530e+02
   4.6046745e+02
   3.9402304e+00
   6.1482887e+02
   5.1393620e+02
   4.2512377e+02
   3.6733150e+02
   2.5493071e+02
   5.9232428e+02
   1.7879151e+02
   1.1069083e+02
   6.3542529e+02
   3.4431432e+02
   3.1229345e+02
   3.2452549e+02
   1.4234793e+02
   6.5161917e+02
   6.5441269e+02
   6.7533936e+02
   4.6384014e+02
   6.4037614e+02
   8.8472300e+01
   2.1462333e+02
   6.6429446e+02
   5.3150035e+02
   4.4112217e+02
   2.8532483e+02
   2.4072029e+02
   3.3024747e+02
   1.6748573e+02
   8.3802564e+01
   4.9537123e+02
   3.6335542e+02
   1.5022932e+01
  -1.5363594e-01
   6.8036250e+02
   1.1025424e+02
   4.0334547e+02
   5.7563630e+02
   2.3489725e+01
   5.6732308e+02
   4.0558196e+02
   1.5154492e+02
   5.4362345e+02
  -5.9353019e-01
   3.0707946e+02
  -2.0327108e+01
   6.5265009e+01
   3.2150358e+02
   2.7115064e+02
   1.1201730e+02
   3.9620889e+02
   2.0182770e+02
   6.1929692e+02
   3.7775126e+02
   3.0571979e+02
   5.4602876e+01
   4.7388566e+02
   2.8927504e+02
   6.5630965e+02
   8.0569415e+01
   6.5888026e+02
   3.0285696e+02
   1.9808626e+02
   4.5562859e+02
   6.0882727e+02
   4.8135398e+02
   6.2261459e+02
   1.5369971e+01
   5.2966188e+02
   1.3670176e+02
   1.4431802e+02
   1.7065961e+02
   5.3687124e+01
   5.2057312e+02
   4.7657171e+02
   9.8297880e+00
   5.8758945e+02
   4.3637449e+02
   6.4546423e+02
   4.5533598e+02
   2.2410071e+02
   2.7745473e+02
   5.5969286e+02
   3.2408126e+02
   6.6056500e+02
   1.6447347e+02
   2.3549574e+02
   4.7125752e+02
   5.8155664e+02
   5.6219062e+02
   4.0887391e+02
   4.9636191e+02
   1.4693097e+02
   4.5475035e+02
   1.4299700e+02
   2.9380895e+01
   6.5005656e+02
   5.7753780e+02
  -1.2234424e+00
   6.3795977e+02
   5.2450907e+01
   5.0504469e+02
   1.0210110e+02
   2.8473664e+02
   6.1979181e+02
   1.0408722e+01
   1.6293219e+01
   6.6240036e+02
   3.8580199e+02
   5.9052536e+02
   4.6725893e+02
   5.7674624e+02
   4.1652486e+02
   4.7020627e+02
   2.1018564e+02
   3.5001504e+01
   5.7527176e+02
   4.0187496e+02
   1.3423583e+02
   1.4137258e+02
   6.2499873e+02
  -3.2518180e+00
   1.5246321e+01
   4.6234953e+01
   4.2609570e+02
   1.2883522e+02
   4.1595321e+02
   3.0562091e+01
   3.0074897e+01
   1.6281546e+02
   8.1956886e+01
   6.5428573e+02
   3.0254389e+02
   1.1875466e+02
   4.1573452e+01
   1.8445186e+02
   6.3190105e+02
   4.4101657e+02
   6.5061059e+02
   4.1427257e+02
  -2.3850558e+01
   3.9894686e+02
   6.3602259e+02
   3.8672870e+02
   3.5105528e+02
   2.6077677e+02
  -2.4895675e+01
   2.8004279e+02
   1.6837293e+02
   1.4106802e+02
   4.4192304e+01
   3.5953805e+02
  -2.0514747e+01
   1.2675216e+02
   4.3028000e+02
   7.1640729e+01
   3.0164469e+02
   2.5569626e+02
   2.8262540e+02
   7.7315254e+01
   1.5343544e+02
   5.1856015e+02
   2.7519197e+02
   6.5053670e+02
   3.2907044e+01
  -1.1269909e+01
   3.4768764e+02
   2.1852718e+02
   5.6868469e+02
   3.7548956e+02
   6.5676925e+02
   5.6551588e+02
   4.8381381e+02
  -6.8491113e+00
   4.1157262e+02
   1.2775164e+02
   5.9128880e+02
   5.4942911e+02
   2.9445988e+02
   1.8745275e+01
   5.4148137e+01
   6.4646101e+02
   3.3587905e+01
   3.6726326e+02
   2.6929988e+02
   3.2976919e+02
   1.5206119e+02
  -1.2038184e+01
   3.2887599e+02
   4.2675065e+02
   5.5756831e+02
   5.7312119e+02
   4.8352064e+02
   3.7624924e+02
   1.8290853e+02
   3.2302797e+02
   6.7452012e+02
   3.0062760e+02
   1.2357356e+02
   3.0423199e+02
   2.1330876e+02
   6.2070575e+02
   6.3086198e+02
   8.7820672e+01
   4.8915856e+02
   1.7439217e+02
  -1.9921231e+01
  -5.2833702e+00
   3.9243344e+02
   6.4881669e+02
   3.2399779e+02
   4.8732831e+02
   2.9467163e+02
  -1.5877725e+01
   5.7223385e+02
   6.3749182e+02
   4.1075322e+01
   4.5915498e+02
  -1.2437511e+01
   6.3525198e+02
   4.4141691e+02
   2.1717058e+02
   1.8350709e+02
   4.2276377e+02
   6.6898323e+02
   6.3771665e+02
   2.6467359e+02
   5.3025362e+02
   3.1088099e+02
   4.7195210e+02
   4.7491838e+02
   2.1780049e+02
   4.1758024e+02
   8.7735595e+01
   6.0131484e+01
   2.2046003e+02
   3.3393811e+02
   3.0379733e+02
   6.3230931e+02
   2.1348174e+02
   5.6617478e+01
   3.0852419e+02
   1.8335752e+02
   3.9991113e+02
   5.9836557e+02
   2.0218197e+02
   4.9604139e+02
   2.7153769e+02
   6.5273592e+02
   6.2586801e+02
   6.8331406e+02
   4.6269786e+02
   4.1424793e+02
   1.7156828e+02
   5.7858782e+02
   2.5787980e+02
   4.2971118e+02
   2.4389193e+02
   4.4602457e+02
   5.8092892e+02
   4.3533786e+02
   5.6379672e+02
   5.0107739e+02
   1.2556040e+02
   2.8797072e+02
   6.5859469e+02
   9.7420359e+01
   5.4595967e+02
   5.4484128e+02
   3.8265940e+02
   1.0591141e+02
   5.0865253e+02
   2.6786231e+02
   2.3800811e+02
   5.3641679e+02
   4.7249818e+02
  -1.5062191e+01
   1.2778477e+02
   6.7020229e+02
   3.2684874e+02
   5.4222688e+02
   6.0304959e+02
   4.1251957e+02
  -1.7593336e+00
  -1.4033051e+01
   2.3715859e+01
  -2.0910698e+01
   1.7772664e+02
   6.1523747e+02
   4.5161995e+02
   4.7820984e+02
   1.1732428e+02
   1.4182431e+00
   3.3514588e+02
   6.8229914e+02
   6.7171435e+02
   4.5183170e+02
   2.0549098e+01
   6.7027433e+02
   3.6504391e+02
   1.3682756e+01
   1.2158693e+01
   1.5298418e+02
   2.7349814e+02
   3.1011638e+02
   4.9669583e+01
   4.7585208e+00
   5.8790004e+02
   2.0816738e+02
   3.4232680e+02
   3.9964685e+02
   6.1366209e+00
   3.2865725e+02
   5.3304831e+02
   6.3560964e+02
   1.5217703e+02
   8.4375329e+01
   3.5642554e+02
   4.5020066e+02
   1.3320186e+02
   4.5878625e+02
   5.8044216e+02
   4.4217180e+02
   4.3122853e+02
   4.7041361e+02
  -8.0543943e+00
   4.5987217e+02
   2.7837434e+02
   1.0615239e+02
   4.1532716e+02
   1.2308579e+02
   3.1453517e+02
   6.1492042e+01
   4.5214606e+02
   5.1866609e+02
   6.1563278e+02
   4.0478654e+02
   2.8650131e+02
   7.0764411e+01
   1.1097898e+02
  -1.1807600e+00
   6.2786981e+02
   3.5544622e+01
   4.3729973e+02
   5.7959728e+01
   4.8861823e+02
   2.0126253e+02
   3.8080206e+02
   5.9507415e+02
   1.9757532e+02
   1.6461469e+02
   1.1098776e+02
   2.4418453e+02
   4.6764797e+02
   3.7766766e+01
   1.1421975e+02
   2.9566388e+02
   3.1280476e+02
   4.9123911e+02
   3.1451198e+02
   5.3859664e+02
   1.6622463e+02
   6.6380704e+02
   2.8396865e+02
   4.9895789e+02
   5.6511726e+00
   5.7757037e+02
   1.5269497e+01
   6.5788332e+02
   3.6989021e+02
   2.4075019e+02
   4.8015682e+02
   2.1314953e+02
   5.8918800e+01
   1.3757860e+02
   4.4159809e+02
   1.8781491e+02
   2.9501386e+01
   7.1464789e+01
   5.7055958e+02
   4.0505179e+02
   6.0778112e+02
   1.7264422e+02
   4.9358656e+02
   2.3764562e+02
   2.5172498e+02
   5.4294197e+02
   4.3474361e+02
   5.5182414e+02
   5.3802755e+02
   4.6569946e+02
   6.5708052e+02
   1.3467919e+02
   3.5351166e+02
   6.4220014e+01
   5.6258495e+02
   5.1088598e+02
   6.3048128e+02
   5.9245715e+02
   6.2155262e+02
   3.2397038e+02
   5.3361683e+02
   1.6833926e+02
   4.3006915e+02
   6.6168222e+02
   5.2423646e+02
   2.2309040e+01
   3.4736921e+02
   4.2063989e+02
   5.4483757e+02
   1.6559831e+02
   5.1499496e+02
   7.9919623e+01
   1.9040205e+02
   8.1126548e+01
   1.6378888e+02
   2.7052596e+02
   6.5107165e+01
   6.5691089e+02
   6.3975898e+02
   5.1168713e+01
   2.8589880e+01
   3.7330053e+02
   1.4566118e+02
   6.7164684e+02
   6.2614914e+02
   3.7060322e+02
   3.3889175e+02
   4.5417760e+02
   5.3045303e+02
   2.5096155e+02
   2.2620623e+02
   3.6652168e+01
   1.7127846e+02
   2.9705859e+02
   3.1975980e+02
   6.6083323e+02
   4.7146430e+02
   2.4322593e+02
   1.0821597e+02
   3.3331942e+02
   1.7440344e+02
   5.8915176e+02
   5.5896965e+02
   5.9978369e+01
   4.1939392e+02
   6.6179258e+01
   3.9681074e+02
   4.2323613e+02
   1.2956566e+02
   1.2721898e+02
   1.7585808e+02
   4.4948054e+02
   5.4160513e+02
   5.8342156e+02
   4.5881969e+02
   5.1227377e+02
   1.0824905e+02
   2.3992157e+02
   5.7179626e+02
   3.2908044e+02
   3.1666809e+02
   2.8865823e+02
   5.4140412e+02
   5.1105574e+02
   2.3059585e+02
   4.3704577e+02
   6.1676430e+02
   4.5190664e+02
   2.4658862e+02
   5.0646912e+02
   1.9108065e+02
   9.8831867e+00
   2.0886582e+00
   1.8336688e+02
   1.4680760e+02
   5.6336811e+02
   6.0133565e+02
   3.0297174e+02
   8.3646354e+01
   5.8664227e+02
  -2.3959165e+01
   4.6674647e+01
   6.0208773e+02
   2.9328790e+02
   6.3325114e+02
  -2.0423563e+01
   1.6514841e+02
   4.0825209e+02
   1.8179991e+02
   1.8956516e+02
   6.6678910e+02
   4.1863834e+02
   1.6840433e+02
   4.6923613e+02
   4.6082136e+02
   3.2000000e+02
   6.3288524e+02
   2.7803879e+02
   2.9608123e+02
   7.0633144e+01
   3.1248041e+02
   5.8750116e+02
   5.7828682e+02
   1.2304914e+02
   3.7435513e+02
   1.4449419e+02
   6.5939167e+02
   6.5955353e+02
   3.8097506e+02
   4.2986645e+02
   1.4753371e+02
   2.8130765e+02
   1.5647154e+02
   1.4588827e+02
   3.1039015e+02
   3.1876572e+02
   3.9718897e+02
   2.6637183e+02
   2.1211623e+02
   4.2304252e+02
  -2.4092742e+01
   4.0788244e+02
  -5.3066573e+00
   1.6749246e+02
   2.3757183e+02
   3.9308506e+02
   2.2421079e+02
   3.5198016e+00
   7.9880765e+00
   3.5273416e+02
   4.8513104e+02
   3.0436257e+02
   5.3517906e+02
   1.4790816e+02
   4.7189047e+02
   3.3508458e+01
   6.2895602e+02
   5.1891957e+02
   1.1407665e+02
   5.8402770e+02
   1.4922311e+01
   4.2954867e+02
   4.9011512e+02
   6.9168792e+01
   4.9831241e+02
   3.8507674e+02
   2.6015339e+02
  -2.2501928e+01
  -2.0042875e+01
   4.7265590e+02
   4.8233762e+02
   2.0703971e+02
   1.2744617e+02
   5.6268630e+02
   3.5902314e+02
   1.0114132e+02
   4.4879703e+01
   6.3460916e+02
   3.8946301e+02
   6.7653935e+02
   2.7207399e+02
   6.1145774e+02
   2.2552922e+02
   9.5515055e+01
   2.9203663e+02
   4.1417731e+02
   5.3909845e+02
   2.3265700e+02
   4.6883701e+02
   4.2635192e+02
   5.3509480e+02
   5.8403095e+02
   3.7783872e+02
   5.3771466e+02
   4.3772192e+02
   1.2349266e+01
   4.7892978e+01
   4.3816543e+02
   3.0201658e+02
   6.7837803e+02
   2.5335864e+02
   5.3125128e+02
   5.6285590e+02
   3.3442512e+02
   2.6033424e+02
   6.5476375e+02
   8.2324985e+01
   4.6050719e+02
   4.9264798e+02
   6.0603700e+02
   6.9298536e+01
   6.1983244e+02
   3.4335702e+02
   2.1316135e+02
   6.1110628e+02
   3.4644836e+02
   1.5147029e+02
   2.4233900e+01
   1.0575706e+02
   5.9975853e+02
   6.1891367e+02
   2.0607623e+02
   3.2599893e+02
   2.2085660e+02
   1.3929759e+02
   5.4367552e+02
   1.9319273e+02
   6.4875654e+02
   5.5011774e+02
   4.0546761e+02
   7.3450229e+01
   3.4673009e+02
   5.1473467e+02
   2.5623690e+02
   3.0670769e+02
   2.1458008e+01
   2.1053004e+02
   2.7942114e+02
   2.3071302e+02
   1.9750811e+02
   4.0397256e+01
   4.4065778e+02
   6.0164775e+02
   5.3602402e+02
   3.6364276e+02
   6.5422196e+02
   3.2366500e+02
   2.0153684e+02
   6.0208875e+02
   2.7467203e+02
   2.6617950e+01
   1.2881949e+02
   2.6504730e+02
   1.1975326e+02
   5.2070516e+02
   6.0769504e+02
   1.4180536e+02
   5.6673961e+02
   3.7834121e+02
   5.0667275e+02
   1.6285211e+02
   3.9565287e+02
   4.5564055e+02
   3.6572819e+02
   1.0788190e+02
   6.4646065e+02
   2.8244050e+02
   5.1388711e+02
   2.9870486e+02
   1.4011864e+02
   1.6724202e+02
   1.5355112e+02
   2.4005832e+02
   4.0131692e+02
   6.6837545e+01
   5.3854966e+02
   3.2513219e+02
   5.4368987e+02
   2.8039077e+02
   4.3454085e+02
   6.6969824e+02
   1.4444990e+02
   4.3045933e+02
   1.7623427e+02
   5.0940892e+02
   3.0167278e+02
   2.6791600e+02
   3.4223626e+02
   2.5270776e+02
   1.1585604e+02
  -4.0960509e+00
   3.4831647e+02
   5.9138694e+01
   4.7616548e+02
   1.2218638e+02
   3.9062592e+02
   6.4533676e+02
   4.7008588e+02
   1.9821670e+02
   7.7329270e+00
   4.5203526e+02
   1.2693595e+02
   7.9718166e+01
   4.6628219e+02
   1.7109010e+02
   5.5937403e+02
   5.3893434e+02
   3.3372325e+02
  -8.3831705e-01
   5.3846751e+01
   5.6578835e+02
   6.8598943e+01
   1.4490293e+02
   8.4772384e+01
   2.9882027e+02
   6.5898517e+02
   5.8733371e+02
   3.9336328e+02
   2.8946333e+02
   4.6097430e+02
   6.4705375e+02
   3.6207750e+02
   1.8570474e+02
   2.6071682e+01
   2.6809458e+02
   3.4395458e+02
   3.0768802e+02
   6.8526939e+02
   3.0956525e+02
   3.2822252e+01
   6.6083632e+02
   5.2857274e+02
   6.3754042e+02
   2.0642495e+02
   2.2000484e+02
   6.9137738e+01
   3.5681405e+02
   5.9553617e+02
   5.4229398e+02
   1.8692679e+02
   2.2614274e+02
   2.0959322e+02
   3.7722986e+02
   2.2717967e+02
   4.2577058e+02
  -5.8612364e+00
   3.9934442e+02
   4.4628067e+01
   2.3141702e+02
   2.2293303e+02
   4.1164532e+02
   4.8203008e+02
   6.0882839e+02
   1.4475805e+02
   3.4549458e+02
   6.7751273e+02
   5.5922035e+02
   6.8306181e+02
   2.4768995e+02
   4.5512972e+01
   4.9684511e+01
   5.8089680e+00
   3.4607826e+02
   6.4985866e+01
   5.3965056e+02
   5.0963013e+01
   6.7082284e+02
   3.4665162e+02
   4.9472724e+02
   6.4710500e+01
   6.3415428e+02
   5.9746497e+02
   3.2134547e+02
   6.0138442e+01
  -1.8565472e+01
   6.6617092e+02
   2.2518714e+02
   2.6449837e+02
   4.9560467e+02
   6.5249320e+02
   9.3719891e+01
  -9.6883382e+00
   5.6432953e+02
   4.3900681e+02
   3.9072471e+02
   5.6090721e+02
   1.5320366e+02
   5.4888599e+01
   1.3173495e+02
   4.0229981e+02
   1.8604981e+01
   4.2961444e+02
   6.4209281e+01
   3.9698964e+02
   2.4383528e+02
   5.7207095e+02
   3.6062306e+02
   1.8275827e+02
   4.3466515e+02
   1.8720478e+02
   6.2876603e+02
   4.7344941e+02
   3.8316044e+02
   6.1446537e+01
   5.2889880e+02
   3.1447897e+01
   3.0731325e+02
   6.5983477e+02
   6.8433515e+02
   3.2273072e+02
   1.8388737e+02
   4.3876116e+02
   6.7685179e+02
   2.9604851e+02
   1.2822307e+02
   6.4424447e+02
   3.1743638e+01
   2.1817788e+02
   5.0056940e+02
   2.7947956e+02
   1.9293125e+02
   3.4779272e+02
   4.0978662e+02
   2.9107474e+02
   4.9158684e+02
   3.1755787e+02
   2.8790534e+02
   2.6069278e+01
   6.1639969e+01
   6.3954454e+01
   5.4276251e+02
   2.8361750e+01
   6.5825631e+02
   5.4672490e+02
   2.0425703e+02
   1.5832333e+01
   4.8508816e+02
   2.7326454e+02
   3.9516895e+02
   4.7379143e+02
   4.0344429e+02
   4.6444630e+02
   3.7524464e+02
   3.2599619e+02
   1.7540487e+02
   5.3630158e+02
   4.8118183e+02
   6.1887004e+02
   1.2076903e+02
   3.2897173e+02
   3.0588209e+02
   6.7076514e+02
   1.6761002e+02
  -2.1032042e+01
   1.3194772e+02
   2.1811142e+02
   4.5736678e+02
   5.8204385e+02
   2.5778499e+02
   3.4137206e+02
   1.4261769e+02
   2.4070443e+02
   7.3711895e+01
   4.6240582e+02
   1.9864312e+01
   5.9500307e+02
   2.2632016e+02
   5.0731176e+02
   4.2716719e+02
   4.7874903e+02
   6.4116172e+02
   1.5008120e+02
   1.0721194e+02
   1.3056030e+02
   1.0278372e+02
   6.4295023e+02
   2.8798071e+02
   4.4851610e+02
   2.5686397e+02
   3.1031458e+02
   5.6291443e+02
   4.8740148e+02
   6.1040847e+02
   1.7396809e+02
   5.3637140e+02
   4.8427741e+02
   2.3800361e+02
   3.3189883e+02
   6.7801192e+02
   6.9946399e+00
   3.7479005e+02
   3.5642208e+02
   5.9101782e+02
   4.0606953e+02
   1.8282663e+02
   6.8536351e+02
   3.4656868e+01
   5.9912085e+02
   5.1389576e+02
   6.3133922e+02
   4.1068567e+02
   5.0910011e+02
   3.8495998e+02
   1.9910885e+02
   1.7824755e+02
   3.7354176e+02
   3.2414478e+02
   2.3802872e+02
   6.7047552e+02
   4.5197950e+02
   1.0575073e+02
   2.4557791e+02
   1.4755115e+02
   5.2827386e+02
   9.6960772e+00
   2.2593223e+02
   3.9931228e+02
   3.4946343e+02
   6.1725272e+02
   5.2140505e+02
   1.1770194e+02
   8.9958704e+01
   6.4855160e+02
   6.0580709e+02
   2.8738101e+02
   7.7560928e+00
   3.6541674e+01
   1.0891496e+02
   1.9423873e+02
   3.8543747e+02
   4.3275030e+01
   1.8510393e+02
   1.4322049e+01
   2.8734707e+02
   2.7743727e+02
   2.0620892e+02
   1.3488028e+02
   4.8768128e+01
   5.6743909e+02
   5.5062964e+02
   5.0296134e+02
   1.2945472e+02
  -1.7266985e+01
   1.3415654e+02
   5.6734439e+02
   3.2342596e+02
   9.6261441e+01
   6.8284375e+02
   2.6599619e+02
   4.9652793e+02
   5.7766987e+02
   4.1764780e+02
   2.7704245e+02
   2.6678834e+02
   5.2798245e+02
   1.7274739e+02
   4.7239844e+02
   6.4246330e+02
   6.4069362e+02
   4.7864192e+02
   4.4832516e+02
   1.7436053e+02
   4.4378749e+02
   3.7455540e+02
   1.2127470e+01
   3.9007992e+02
   4.0789482e+02
   3.2535827e+02
   3.5366445e+02
   3.2685368e+02
   3.4576329e+02
   2.1223882e+02
   4.0574312e+02
   6.7865287e+02
   4.4596232e+02
   1.8401493e+02
   1.7322021e+02
   2.8495444e+01
   5.7064386e+01
   4.4612581e+02
   3.4623762e+02
   9.5623123e+01
   2.6865126e+02
   6.6988622e+02
   4.9216651e+02
   5.3758897e+02
   5.4526595e+02
   2.3880569e+02
   1.5720062e+02
   1.4693511e+02
   2.0671922e+02
   2.1919622e+02
   8.1858807e+01
   5.0695751e+02
   5.3733941e+02
   5.1967703e+02
   4.4666421e+02
   2.7011420e+01
   6.3077385e+02
   1.5430066e+02
   1.4968041e+01
   4.9263142e+01
   7.2287068e+01
   3.9593748e+02
   3.9091138e+02
   1.1414620e+02
   4.8330505e+02
   1.3466516e+02
   3.3156297e+02
   1.7525043e+02
   1.2618067e+02
   4.8213060e+02
   2.7789998e+02
   1.6589481e+02
   6.8231924e+02
   3.1396429e+02
   5.7170873e+02
   6.6147910e+02
   6.5656530e+02
   4.6046745e+02
   3.9402304e+00
   6.1482887e+02
   5.1393620e+02
   4.2512377e+02
   3.6733150e+02
   2.5493071e+02
   5.9232428e+02
   1.7879151e+02
   1.1069083e+02
   6.3542529e+02
   3.4431432e+02
   3.1229345e+02
   3.2452549e+02
   1.4234793e+02
   6.5161917e+02
   6.5441269e+02
   6.7533936e+02
   4.6384014e+02
   6.4037614e+02
   8.8472300e+01
   2.1462333e+02
   6.6429446e+02
   5.3150035e+02
   4.4112217e+02
   2.8532483e+02
   2.4072029e+02
   3.3024747e+02
   1.6748573e+02
   8.3802564e+01
   4.9537123e+02
   3.6335542e+02
   1.5022932e+01
  -1.5363594e-01
   6.8036250e+02
   1.1025424e+02
   4.0334547e+02
   5.7563630e+02
   2.3489725e+01
   5.6732308e+02
   4.0558196e+02
   1.5154492e+02
   5.4362345e+02
  -5.9353019e-01
   3.0707946e+02
  -2.0327108e+01
   6.5265009e+01
   3.2150358e+02
   2.7115064e+02
   1.1201730e+02
   3.9620889e+02
   2.0182770e+02
   6.1929692e+02
   3.7775126e+02
   3.0571979e+02
   5.4602876e+01
   4.7388566e+02
   2.8927504e+02
   6.5630965e+02
   8.0569415e+01
   6.5888026e+02
   3.0285696e+02
   1.9808626e+02
   4.5562859e+02
   6.0882727e+02
   4.8135398e+02
   6.2261459e+02
   1.5369971e+01
   5.2966188e+02
   1.3670176e+02
   1.4431802e+02
   1.7065961e+02
   5.3687124e+01
   5.2057312e+02
   4.7657171e+02
   9.8297880e+00
   5.8758945e+02
   4.3637449e+02
   6.4546423e+02
   4.5533598e+02
   2.2410071e+02
   2.7745473e+02
   5.5969286e+02
   3.2408126e+02
   6.6056500e+02
   1.6447347e+02
   2.3549574e+02
   4.7125752e+02
   5.8155664e+02
   5.6219062e+02
   4.0887391e+02
   4.9636191e+02
   1.4693097e+02
   4.5475035e+02
   1.4299700e+02
   2.9380895e+01
   6.5005656e+02
   5.7753780e+02
  -1.2234424e+00
   6.3795977e+02
   5.2450907e+01
   5.0504469e+02
   1.0210110e+02
   2.8473664e+02
   6.1979181e+02
   1.0408722e+01
   1.6293219e+01
   6.6240036e+02
   3.8580199e+02
   5.9052536e+02
   4.6725893e+02
   5.7674624e+02
   4.1652486e+02
   4.7020627e+02
   2.1018564e+02
   3.5001504e+01
   5.7527176e+02
   4.0187496e+02
   1.3423583e+02
   1.4137258e+02
   6.2499873e+02
  -3.2518180e+00
   1.5246321e+01
   4.6234953e+01
   4.2609570e+02
   1.2883522e+02
   4.1595321e+02
   3.0562091e+01
   3.0074897e+01
   1.6281546e+02
   8.1956886e+01
   6.5428573e+02
   3.0254389e+02
   1.1875466e+02
   4.1573452e+01
   1.8445186e+02
   6.3190105e+02
   4.4101657e+02
   6.5061059e+02
   4.1427257e+02
  -2.3850558e+01
   3.9894686e+02
   6.3602259e+02
   3.8672870e+02
   3.5105528e+02
   2.6077677e+02
  -2.4895675e+01
   2.8004279e+02
   1.6837293e+02
   1.4106802e+02
   4.4192304e+01
   3.5953805e+02
  -2.0514747e+01
   1.2675216e+02
   4.3028000e+02
   7.1640729e+01
   3.0164469e+02
   2.5569626e+02
   2.8262540e+02
   7.7315254e+01
   1.5343544e+02
   5.1856015e+02
   2.7519197e+02
   6.5053670e+02
   3.2907044e+01
  -1.1269909e+01
   3.4768764e+02
   2.1852718e+02
   5.6868469e+02
   3.7548956e+02
   6.5676925e+02
   5.6551588e+02
   4.8381381e+02
  -6.8491113e+00
   4.1157262e+02
   1.2775164e+02
   5.9128880e+02
   5.4942911e+02
   2.9445988e+02
   1.8745275e+01
   5.4148137e+01
   6.4646101e+02
   3.3587905e+01
   3.6726326e+02
   2.6929988e+02
   3.2976919e+02
   1.5206119e+02
  -1.2038184e+01
   3.2887599e+02
   4.2675065e+02
   5.5756831e+02
   5.7312119e+02
   4.8352064e+02
   3.7624924e+02
   1.8290853e+02
   3.2302797e+02
   6.7452012e+02
   3.0062760e+02
   1.2357356e+02
   3.0423199e+02
   2.1330876e+02
   6.2070575e+02
   6.3086198e+02
   8.7820672e+01
   4.8915856e+02
   1.7439217e+02
  -1.9921231e+01
  -5.2833702e+00
   3.9243344e+02
   6.4881669e+02
   3.2399779e+02
   4.8732831e+02
   2.9467163e+02
  -1.5877725e+01
   5.7223385e+02
   6.3749182e+02
   4.1075322e+01
   4.5915498e+02
  -1.2437511e+01
   6.3525198e+02
   4.4141691e+02
   2.1717058e+02
   1.8350709e+02
   4.2276377e+02
   6.6898323e+02
   6.3771665e+02
   2.6467359e+02
   5.3025362e+02
   3.1088099e+02
   4.7195210e+02
   4.7491838e+02
   2.1780049e+02
   4.1758024e+02
   8.7735595e+01
   6.0131484e+01
   2.2046003e+02
   3.3393811e+02
   3.0379733e+02
   6.3230931e+02
   2.1348174e+02
   5.6617478e+01
   3.0852419e+02
   1.8335752e+02
   3.9991113e+02
   5.9836557e+02
   2.0218197e+02
   4.9604139e+02
   2.7153769e+02
   6.5273592e+02
   6.2586801e+02
   6.8331406e+02
   4.6269786e+02
   4.1424793e+02
   1.7156828e+02
   5.7858782e+02
   2.5787980e+02
   4.2971118e+02
   2.4389193e+02
   4.4602457e+02
   5.8092892e+02
   4.3533786e+02
   5.6379672e+02
   5.0107739e+02
   1.2556040e+02
   2.8797072e+02
   6.5859469e+02
   9.7420359e+01
   5.4595967e+02
   5.4484128e+02
   3.8265940e+02
   1.0591141e+02
   5.0865253e+02
   2.6786231e+02
   2.3800811e+02
   5.3641679e+02
   4.7249818e+02
  -1.5062191e+01
   1.2778477e+02
   6.7020229e+02
   3.2684874e+02
   5.4222688e+02
   6.0304959e+02
   4.1251957e+02
  -1.7593336e+00
  -1.4033051e+01
   2.3715859e+01
  -2.0910698e+01
   1.7772664e+02
   6.1523747e+02
   4.5161995e+02
   4.7820984e+02
   1.1732428e+02
   1.4182431e+00
   3.3514588e+02
   6.8229914e+02
   6.7171435e+02
   4.5183170e+02
   2.0549098e+01
   6.7027433e+02
   3.6504391e+02
   1.3682756e+01
   1.2158693e+01
   1.5298418e+02
   2.7349814e+02
   3.1011638e+02
   4.9669583e+01
   4.7585208e+00
   5.8790004e+02
   2.0816738e+02
   3.4232680e+02
   3.9964685e+02
   6.1366209e+00
   3.2865725e+02
   5.3304831e+02
   6.3560964e+02
   1.5217703e+02
   8.4375329e+01
   3.5642554e+02
   4.5020066e+02
   1.3320186e+02
   4.5878625e+02
   5.8044216e+02
   4.4217180e+02
   4.3122853e+02
   4.7041361e+02
  -8.0543943e+00
   4.5987217e+02
   2.7837434e+02
   1.0615239e+02
   4.1532716e+02
   1.2308579e+02
   3.1453517e+02
   6.1492042e+01
   4.5214606e+02
   5.1866609e+02
   6.1563278e+02
   4.0478654e+02
   2.8650131e+02
   7.0764411e+01
   1.1097898e+02
  -1.1807600e+00
   6.2786981e+02
   3.5544622e+01
   4.3729973e+02
   5.7959728e+01
   4.8861823e+02
   2.0126253e+02
   3.8080206e+02
   5.9507415e+02
   1.9757532e+02
   1.6461469e+02
   1.1098776e+02
   2.4418453e+02
   4.6764797e+02
   3.7766766e+01
   1.1421975e+02
   2.9566388e+02
   3.1280476e+02
   4.9123911e+02
   3.1451198e+02
   5.3859664e+02
   1.6622463e+02
   6.6380704e+02
   2.8396865e+02
   4.9895789e+02
   5.6511726e+00
   5.7757037e+02
   1.5269497e+01
   6.5788332e+02
   3.6989021e+02
   2.4075019e+02
   4.8015682e+02
   2.1314953e+02
   5.8918800e+01
   1.3757860e+02
   4.4159809e+02
   1.8781491e+02
   2.9501386e+01
   7.1464789e+01
   5.7055958e+02
   4.0505179e+02
   6.0778112e+02
   1.7264422e+02
   4.9358656e+02
   2.3764562e+02
   2.5172498e+02
   5.4294197e+02
   4.3474361e+02
   5.5182414e+02
   5.3802755e+02
   4.6569946e+02
   6.5708052e+02
   1.3467919e+02
   3.5351166e+02
   6.4220014e+01
   5.6258495e+02
   5.1088598e+02
   6.3048128e+02
   5.9245715e+02
   6.2155262e+02
   3.2397038e+02
   5.3361683e+02
   1.6833926e+02
   4.3006915e+02
   6.6168222e+02
   5.2423646e+02
   2.2309040e+01
   3.4736921e+02
   4.2063989e+02
   5.4483757e+02
   1.6559831e+02
   5.1499496e+02
   7.9919623e+01
   1.9040205e+02
   8.1126548e+01
   1.6378888e+02
   2.7052596e+02
   6.5107165e+01
   6.5691089e+02
   6.3975898e+02
   5.1168713e+01
   2.8589880e+01
   3.7330053e+02
   1.4566118e+02
   6.7164684e+02
   6.2614914e+02
   3.7060322e+02
   3.3889175e+02
   4.5417760e+02
   5.3045303e+02
   2.5096155e+02
   2.2620623e+02
   3.6652168e+01
   1.7127846e+02
   2.9705859e+02
   3.1975980e+02
   6.6083323e+02
   4.7146430e+02
   2.4322593e+02
   1.0821597e+02
   3.3331942e+02
   1.7440344e+02
   5.8915176e+02
   5.5896965e+02
   5.9978369e+01
   4.1939392e+02
   6.6179258e+01
   3.9681074e+02
   4.2323613e+02
   1.2956566e+02
   1.2721898e+02
   1.7585808e+02
   4.4948054e+02
   5.4160513e+02
   5.8342156e+02
   4.5881969e+02
   5.1227377e+02
   1.0824905e+02
   2.3992157e+02
   5.7179626e+02
   3.2908044e+02
   3.1666809e+02
   2.8865823e+02
   5.4140412e+02
   5.1105574e+02
   2.3059585e+02
   4.3704577e+02
   6.1676430e+02
   4.5190664e+02
   2.4658862e+02
   5.0646912e+02
   1.9108065e+02
   9.8831867e+00
   2.0886582e+00
   1.8336688e+02
   1.4680760e+02
   5.6336811e+02
   6.0133565e+02
   3.0297174e+02
   8.3646354e+01
   5.8664227e+02
  -2.3959165e+01
   4.6674647e+01
   6.0208773e+02
   2.9328790e+02
   6.3325114e+02
  -2.0423563e+01
   1.6514841e+02
   4.0825209e+02
   1.8179991e+02
   1.8956516e+02
   6.6678910e+02
   4.1863834e+02
   1.6840433e+02
   4.6923613e+02
   4.6082136e+02
   3.2000000e+02
   6.3288524e+02
   2.7803879e+02
   2.9608123e+02
   7.0633144e+01
   3.1248041e+02
   5.8750116e+02
   5.7828682e+02
   1.2304914e+02
   3.7435513e+02
   1.4449419e+02
   6.5939167e+02
   6.5955353e+02
   3.8097506e+02
   4.2986645e+02
   1.4753371e+02
   2.8130765e+02
   1.5647154e+02
   1.4588827e+02
   3.1039015e+02
   3.1876572e+02
   3.9718897e+02
   2.6637183e+02
   2.1211623e+02
   4.2304252e+02
  -2.4092742e+01
   4.0788244e+02
  -5.3066573e+00
   1.6749246e+02
   2.3757183e+02
   3.9308506e+02
   2.2421079e+02
   3.5198016e+00
   7.9880765e+00
   3.5273416e+02
   4.8513104e+02
   3.0436257e+02
   5.3517906e+02
   1.4790816e+02
   4.7189047e+02
   3.3508458e+01
   6.2895602e+02
   5.1891957e+02
   1.1407665e+02
   5.8402770e+02
   1.4922311e+01
   4.2954867e+02
   4.9011512e+02
   6.9168792e+01
   4.9831241e+02
   3.8507674e+02
   2.6015339e+02
  -2.2501928e+01
  -2.0042875e+01
   4.7265590e+02
   4.8233762e+02
   2.0703971e+02
   1.2744617e+02
   5.6268630e+02
   3.5902314e+02
   1.0114132e+02
   4.4879703e+01
   6.3460916e+02
   3.8946301e+02
   6.7653935e+02
   2.7207399e+02
   6.1145774e+02
   2.2552922e+02
   9.5515055e+01
   2.9203663e+02
   4.1417731e+02
   5.3909845e+02
   2.3265700e+02
   4.6883701e+02
   4.2635192e+02
   5.3509480e+02
   5.8403095e+02
   3.7783872e+02
   5.3771466e+02
   4.3772192e+02
   1.2349266e+01
   4.7892978e+01
   4.3816543e+02
   3.0201658e+02
   6.7837803e+02
   2.5335864e+02
   5.3125128e+02
   5.6285590e+02
   3.3442512e+02
   2.6033424e+02
   6.5476375e+02
   8.2324985e+01
   4.6050719e+02
   4.9264798e+02
   6.0603700e+02
   6.9298536e+01
   6.1983244e+02
   3.4335702e+02
   2.1316135e+02
   6.1110628e+02
   3.4644836e+02
   1.5147029e+02
   2.4233900e+01
   1.0575706e+02
   5.9975853e+02
   6.1891367e+02
   2.0607623e+02
   3.2599893e+02
   2.2085660e+02
   1.3929759e+02
   5.4367552e+02
   1.9319273e+02
   6.4875654e+02
   5.5011774e+02
   4.0546761e+02
   7.3450229e+01
   3.4673009e+02
   5.1473467e+02
   2.5623690e+02
   3.0670769e+02
   2.1458008e+01
   2.1053004e+02
   2.7942114e+02
   2.3071302e+02
   1.9750811e+02
   4.0397256e+01
   4.4065778e+02
   6.0164775e+02
   5.3602402e+02
   3.6364276e+02
   6.5422196e+02
   3.2366500e+02
   2.0153684e+02
   6.0208875e+02
   2.7467203e+02
   2.6617950e+01
   1.2881949e+02
   2.6504730e+02
   1.1975326e+02
   5.2070516e+02
   6.0769504e+02
   1.4180536e+02
   5.6673961e+02
   3.7834121e+02
   5.0667275e+02
   1.6285211e+02
   3.9565287e+02
   4.5564055e+02
   3.6572819e+02
   1.0788190e+02
   6.4646065e+02
   2.8244050e+02
   5.1388711e+02
   2.9870486e+02
   1.4011864e+02
   1.6724202e+02
   1.5355112e+02
   2.4005832e+02
   4.0131692e+02
   6.6837545e+01
   5.3854966e+02
   3.2513219e+02
   5.4368987e+02
   2.8039077e+02
   4.3454085e+02
   6.6969824e+02
   1.4444990e+02
   4.3045933e+02
   1.7623427e+02
   5.0940892e+02
   3.0167278e+02
   2.6791600e+02
   3.4223626e+02
   2.5270776e+02
   1.1585604e+02
  -4.0960509e+00
   3.4831647e+02
   5.9138694e+01
   4.7616548e+02
   1.2218638e+02
   3.9062592e+02
   6.4533676e+02
   4.7008588e+02
   1.9821670e+02
   7.7329270e+00
   4.5203526e+02
   1.2693595e+02
   7.9718166e+01
   4.6628219e+02
   1.7109010e+02
   5.5937403e+02
   5.3893434e+02
   3.3372325e+02
  -8.3831705e-01
   5.3846751e+01
   5.6578835e+02
   6.8598943e+01
   1.4490293e+02
   8.4772384e+01
   2.9882027e+02
   6.5898517e+02
   5.8733371e+02
   3.9336328e+02
   2.8946333e+02
   4.6097430e+02
   6.4705375e+02
   3.6207750e+02
   1.8570474e+02
   2.6071682e+01
   2.6809458e+02
   3.4395458e+02
   3.0768802e+02
   6.8526939e+02
   3.0956525e+02
   3.2822252e+01
   6.6083632e+02
   5.2857274e+02
   6.3754042e+02
   2.0642495e+02
   2.2000484e+02
   6.9137738e+01
   3.5681405e+02
   5.9553617e+02
   5.4229398e+02
   1.8692679e+02
   2.2614274e+02
   2.0959322e+02
   3.7722986e+02
   2.2717967e+02
   4.2577058e+02
  -5.8612364e+00
   3.9934442e+02
   4.4628067e+01
   2.3141702e+02
   2.2293303e+02
   4.1164532e+02
   4.8203008e+02
   6.0882839e+02
   1.4475805e+02
   3.4549458e+02
   6.7751273e+02
   5.5922035e+02
   6.8306181e+02
   2.4768995e+02
   4.5512972e+01
   4.9684511e+01
   5.8089680e+00
   3.4607826e+02
   6.4985866e+01
   5.3965056e+02
   5.0963013e+01
   6.7082284e+02
   3.4665162e+02
   4.9472724e+02
   6.4710500e+01
   6.3415428e+02
   5.9746497e+02
   3.2134547e+02
   6.0138442e+01
  -1.8565472e+01
   6.6617092e+02
   2.2518714e+02
   2.6449837e+02
   4.9560467e+02
   6.5249320e+02
   9.3719891e+01
  -9.6883382e+00
   5.6432953e+02
   4.3900681e+02
   3.9072471e+02
   5.6090721e+02
   1.5320366e+02
   5.4888599e+01
   1.3173495e+02
   4.0229981e+02
   1.8604981e+01
   4.2961444e+02
   6.4209281e+01
   3.9698964e+02
   2.4383528e+02
   5.7207095e+02
   3.6062306e+02
   1.8275827e+02
   4.3466515e+02
   1.8720478e+02
   6.2876603e+02
   4.7344941e+02
   3.8316044e+02
   6.1446537e+01
   5.2889880e+02
   3.1447897e+01
   3.0731325e+02
   6.5983477e+02
   6.8433515e+02
   3.2273072e+02
   1.8388737e+02
   4.3876116e+02
   6.7685179e+02
   2.9604851e+02
   1.2822307e+02
   6.4424447e+02
   3.1743638e+01
   2.1817788e+02
   5.0056940e+02
   2.7947956e+02
   1.9293125e+02
   3.4779272e+02
   4.0978662e+02
   2.9107474e+02
   4.9158684e+02
   3.1755787e+02
   2.8790534e+02
   2.6069278e+01
   6.1639969e+01
   6.3954454e+01
   5.4276251e+02
   2.8361750e+01
   6.5825631e+02
   5.4672490e+02
   2.0425703e+02
   1.5832333e+01
   4.8508816e+02
   2.7326454e+02
   3.9516895e+02
   4.7379143e+02
   4.0344429e+02
   4.6444630e+02
   3.7524464e+02
   3.2599619e+02
   1.7540487e+02
   5.3630158e+02
   4.8118183e+02
   6.1887004e+02
   1.2076903e+02
   3.2897173e+02
   3.0588209e+02
   6.7076514e+02
   1.6761002e+02
  -2.1032042e+01
   1.3194772e+02
   2.1811142e+02
   4.5736678e+02
   5.8204385e+02
   2.5778499e+02
   3.4137206e+02
   1.4261769e+02
   2.4070443e+02
   7.3711895e+01
   4.6240582e+02
   1.9864312e+01
   5.9500307e+02
   2.2632016e+02
   5.0731176e+02
   4.2716719e+02
   4.7874903e+02
   6.4116172e+02
   1.5008120e+02
   1.0721194e+02
   1.3056030e+02
   1.0278372e+02
   6.4295023e+02
   2.8798071e+02
   4.4851610e+02
   2.5686397e+02
   3.1031458e+02
   5.6291443e+02
   4.8740148e+02
   6.1040847e+02
   1.7396809e+02
   5.3637140e+02
   4.8427741e+02
   2.3800361e+02
   3.3189883e+02
   6.7801192e+02
   6.9946399e+00
   3.7479005e+02
   3.5642208e+02
   5.9101782e+02
   4.0606953e+02
   1.8282663e+02
   6.8536351e+02
   3.4656868e+01
   5.9912085e+02
   5.1389576e+02
   6.3133922e+02
   4.1068567e+02
   5.0910011e+02
   3.8495998e+02
   1.9910885e+02
   1.7824755e+02
   3.7354176e+02
   3.2414478e+02
   2.3802872e+02
   6.7047552e+02
   4.5197950e+02
   1.0575073e+02
   2.4557791e+02
   1.4755115e+02
   5.2827386e+02
   9.6960772e+00
   2.2593223e+02
   3.9931228e+02
   3.4946343e+02
   6.1725272e+02
   5.2140505e+02
   1.1770194e+02
   8.9958704e+01
   6.4855160e+02
   6.0580709e+02
   2.8738101e+02
   7.7560928e+00
   3.6541674e+01
   1.0891496e+02
   1.9423873e+02
   3.8543747e+02
   4.3275030e+01
   1.8510393e+02
   1.4322049e+01
   2.8734707e+02
   2.7743727e+02
   2.0620892e+02
   1.3488028e+02
   4.8768128e+01
   5.6743909e+02
   5.5062964e+02
   5.0296134e+02
   1.2945472e+02
  -1.7266985e+01
   1.3415654e+02
   5.6734439e+02
   3.2342596e+02
   9.6261441e+01
   6.8284375e+02
   2.6599619e+02
   4.9652793e+02
   5.7766987e+02
   4.1764780e+02
   2.7704245e+02
   2.6678834e+02
   5.2798245e+02
   1.7274739e+02
   4.7239844e+02
   6.4246330e+02
   6.4069362e+02
   4.7864192e+02
   4.4832516e+02
   1.7436053e+02
   4.4378749e+02
   3.7455540e+02
   1.2127470e+01
   3.9007992e+02
   4.0789482e+02
   3.2535827e+02
   3.5366445e+02
   3.2685368e+02
   3.4576329e+02
   2.1223882e+02
   4.0574312e+02
   6.7865287e+02
   4.4596232e+02
   1.8401493e+02
   1.7322021e+02
   2.8495444e+01
   5.7064386e+01
   4.4612581e+02
   3.4623762e+02
   9.5623123e+01
   2.6865126e+02
   6.6988622e+02
   4.9216651e+02
   5.3758897e+02
   5.4526595e+02
   2.3880569e+02
   1.5720062e+02
   1.4693511e+02
   2.0671922e+02
   2.1919622e+02
   8.1858807e+01
   5.0695751e+02
   5.3733941e+02
   5.1967703e+02
   4.4666421e+02
   2.7011420e+01
   6.3077385e+02
   1.5430066e+02
   1.4968041e+01
   4.9263142e+01
   7.2287068e+01
   3.9593748e+02
   3.9091138e+02
   1.1414620e+02
   4.8330505e+02
   1.3466516e+02
   3.3156297e+02
   1.7525043e+02
   1.2618067e+02
   4.8213060e+02
   2.7789998e+02
   1.6589481e+02
   6.8231924e+02
   3.1396429e+02
   5.7170873e+02
   6.6147910e+02
   6.5656530e+02
   4.6046745e+02
   3.9402304e+00
   6.1482887e+02
   5.1393620e+02
   4.2512377e+02
   3.6733150e+02
   2.5493071e+02
   5.9232428e+02
   1.7879151e+02
   1.1069083e+02
   6.3542529e+02
   3.4431432e+02
   3.1229345e+02
   3.2452549e+02
   1.4234793e+02
   6.5161917e+02
   6.5441269e+02
   6.7533936e+02
   4.6384014e+02
   6.4037614e+02
   8.8472300e+01
   2.1462333e+02
   6.6429446e+02
   5.3150035e+02
   4.4112217e+02
   2.8532483e+02
   2.4072029e+02
   3.3024747e+02
   1.6748573e+02
   8.3802564e+01
   4.9537123e+02
   3.6335542e+02
   1.5022932e+01
  -1.5363594e-01
   6.8036250e+02
   1.1025424e+02
   4.0334547e+02
   5.7563630e+02
   2.3489725e+01
   5.6732308e+02
   4.0558196e+02
   1.5154492e+02
   5.4362345e+02
  -5.9353019e-01
   3.0707946e+02
  -2.0327108e+01
   6.5265009e+01
   3.2150358e+02
   2.7115064e+02
   1.1201730e+02
   3.9620889e+02
   2.0182770e+02
   6.1929692e+02
   3.7775126e+02
   3.0571979e+02
   5.4602876e+01
   4.7388566e+02
   2.8927504e+02
   6.5630965e+02
   8.0569415e+01
   6.5888026e+02
   3.0285696e+02
   1.9808626e+02
   4.5562859e+02
   6.0882727e+02
   4.8135398e+02
   6.2261459e+02
   1.5369971e+01
   5.2966188e+02
   1.3670176e+02
   1.4431802e+02
   1.7065961e+02
   5.3687124e+01
   5.2057312e+02
   4.7657171e+02
   9.8297880e+00
   5.8758945e+02
   4.3637449e+02
   6.4546423e+02
   4.5533598e+02
   2.2410071e+02
   2.7745473e+02
   5.5969286e+02
   3.2408126e+02
   6.6056500e+02
   1.6447347e+02
   2.3549574e+02
   4.7125752e+02
   5.8155664e+02
   5.6219062e+02
   4.0887391e+02
   4.9636191e+02
   1.4693097e+02
   4.5475035e+02
   1.4299700e+02
   2.9380895e+01
   6.5005656e+02
   5.7753780e+02
  -1.2234424e+00
   6.3795977e+02
   5.2450907e+01
   5.0504469e+02
   1.0210110e+02
   2.8473664e+02
   6.1979181e+02
   1.0408722e+01
   1.6293219e+01
   6.6240036e+02
   3.8580199e+02
   5.9052536e+02
   4.6725893e+02
   5.7674624e+02
   4.1652486e+02
   4.7020627e+02
   2.1018564e+02
   3.5001504e+01
   5.7527176e+02
   4.0187496e+02
   1.3423583e+02
   1.4137258e+02
   6.2499873e+02
  -3.2518180e+00
   1.5246321e+01
   4.6234953e+01
   4.2609570e+02
   1.2883522e+02
   4.1595321e+02
   3.0562091e+01
   3.0074897e+01
   1.6281546e+02
   8.1956886e+01
   6.5428573e+02
   3.0254389e+02
   1.1875466e+02
   4.1573452e+01
   1.8445186e+02
   6.3190105e+02
   4.4101657e+02
   6.5061059e+02
   4.1427257e+02
  -2.3850558e+01
   3.9894686e+02
   6.3602259e+02
   3.8672870e+02
   3.5105528e+02
   2.6077677e+02
  -2.4895675e+01
   2.8004279e+02
   1.6837293e+02
   1.4106802e+02
   4.4192304e+01
   3.5953805e+02
  -2.0514747e+01
   1.2675216e+02
   4.3028000e+02
   7.1640729e+01
   3.0164469e+02
   2.5569626e+02
   2.8262540e+02
   7.7315254e+01
   1.5343544e+02
   5.1856015e+02
   2.7519197e+02
   6.5053670e+02
   3.2907044e+01
  -1.1269909e+01
   3.4768764e+02
   2.1852718e+02
   5.6868469e+02
   3.7548956e+02
   6.5676925e+02
   5.6551588e+02
   4.8381381e+02
  -6.8491113e+00
   4.1157262e+02
   1.2775164e+02
   5.9128880e+02
   5.4942911e+02
   2.9445988e+02
   1.8745275e+01
   5.4148137e+01
   6.4646101e+02
   3.3587905e+01
   3.6726326e+02
   2.6929988e+02
   3.2976919e+02
   1.5206119e+02
  -1.2038184e+01
   3.2887599e+02
   4.2675065e+02
   5.5756831e+02
   5.7312119e+02
   4.8352064e+02
   3.7624924e+02
   1.8290853e+02
   3.2302797e+02
   6.7452012e+02
   3.0062760e+02
   1.2357356e+02
   3.0423199e+02
   2.1330876e+02
   6.2070575e+02
   6.3086198e+02
   8.7820672e+01
   4.8915856e+02
   1.7439217e+02
  -1.9921231e+01
  -5.2833702e+00
   3.9243344e+02
   6.4881669e+02
   3.2399779e+02
   4.8732831e+02
   2.9467163e+02
  -1.5877725e+01
   5.7223385e+02
   6.3749182e+02
   4.1075322e+01
   4.5915498e+02
  -1.2437511e+01
   6.3525198e+02
   4.4141691e+02
   2.1717058e+02
   1.8350709e+02
   4.2276377e+02
   6.6898323e+02
   6.3771665e+02
   2.6467359e+02
   5.3025362e+02
   3.1088099e+02
   4.7195210e+02
   4.7491838e+02
   2.1780049e+02
   4.1758024e+02
   8.7735595e+01
   6.0131484e+01
   2.2046003e+02
   3.3393811e+02
   3.0379733e+02
   6.3230931e+02
   2.1348174e+02
   5.6617478e+01
   3.0852419e+02
   1.8335752e+02
   3.9991113e+02
   5.9836557e+02
   2.0218197e+02
   4.9604139e+02
   2.7153769e+02
   6.5273592e+02
   6.2586801e+02
   6.8331406e+02
   4.6269786e+02
   4.1424793e+02
   1.7156828e+02
   5.7858782e+02
   2.5787980e+02
   4.2971118e+02
   2.4389193e+02
   4.4602457e+02
   5.8092892e+02
   4.3533786e+02
   5.6379672e+02
   5.0107739e+02
   1.2556040e+02
   2.8797072e+02
   6.5859469e+02
   9.7420359e+01
   5.4595967e+02
   5.4484128e+02
   3.8265940e+02
   1.0591141e+02
   5.0865253e+02
   2.6786231e+02
   2.3800811e+02
   5.3641679e+02
   4.7249818e+02
  -1.5062191e+01
   1.2778477e+02
   6.7020229e+02
   3.2684874e+02
   5.4222688e+02
   6.0304959e+02
   4.1251957e+02
  -1.7593336e+00
  -1.4033051e+01
   2.3715859e+01
  -2.0910698e+01
   1.7772664e+02
   6.1523747e+02
   4.5161995e+02
   4.7820984e+02
   1.1732428e+02
   1.4182431e+00
   3.3514588e+02
   6.8229914e+02
   6.7171435e+02
   4.5183170e+02
   2.0549098e+01
   6.7027433e+02
   3.6504391e+02
   1.3682756e+01
   1.2158693e+01
   1.5298418e+02
   2.7349814e+02
   3.1011638e+02
   4.9669583e+01
   4.7585208e+00
   5.8790004e+02
   2.0816738e+02
   3.4232680e+02
   3.9964685e+02
   6.1366209e+00
   3.2865725e+02
   5.3304831e+02
   6.3560964e+02
   1.5217703e+02
   8.4375329e+01
   3.5642554e+02
   4.5020066e+02
   1.3320186e+02
   4.5878625e+02
   5.8044216e+02
   4.4217180e+02
   4.3122853e+02
   4.7041361e+02
  -8.0543943e+00
   4.5987217e+02
   2.7837434e+02
   1.0615239e+02
   4.1532716e+02
   1.2308579e+02
   3.1453517e+02
   6.1492042e+01
   4.5214606e+02
   5.1866609e+02
   6.1563278e+02
   4.0478654e+02
   2.8650131e+02
   7.0764411e+01
   1.1097898e+02
  -1.1807600e+00
   6.2786981e+02
   3.5544622e+01
   4.3729973e+02
   5.7959728e+01
   4.8861823e+02
   2.0126253e+02
   3.8080206e+02
   5.9507415e+02
   1.9757532e+02
   1.6461469e+02
   1.1098776e+02
   2.4418453e+02
   4.6764797e+02
   3.7766766e+01
   1.1421975e+02
   2.9566388e+02
   3.1280476e+02
   4.9123911e+02
   3.1451198e+02
   5.3859664e+02
   1.6622463e+02
   6.6380704e+02
   2.8396865e+02
   4.9895789e+02
   5.6511726e+00
   5.7757037e+02
   1.5269497e+01
   6.5788332e+02
   3.6989021e+02
   2.4075019e+02
   4.8015682e+02
   2.1314953e+02
   5.8918800e+01
   1.3757860e+02
   4.4159809e+02
   1.8781491e+02
   2.9501386e+01
   7.1464789e+01
   5.7055958e+02
   4.0505179e+02
   6.0778112e+02
   1.7264422e+02
   4.9358656e+02
   2.3764562e+02
   2.5172498e+02
   5.4294197e+02
   4.3474361e+02
   5.5182414e+02
   5.3802755e+02
   4.6569946e+02
   6.5708052e+02
   1.3467919e+02
   3.5351166e+02
   6.4220014e+01
   5.6258495e+02
   5.1088598e+02
   6.3048128e+02
   5.9245715e+02
   6.2155262e+02
   3.2397038e+02
   5.3361683e+02
   1.6833926e+02
   4.3006915e+02
   6.6168222e+02
   5.2423646e+02
   2.2309040e+01
   3.4736921e+02
   4.2063989e+02
   5.4483757e+02
   1.6559831e+02
   5.1499496e+02
   7.9919623e+01
   1.9040205e+02
   8.1126548e+01
   1.6378888e+02
   2.7052596e+02
   6.5107165e+01
   6.5691089e+02
   6.3975898e+02
   5.1168713e+01
   2.8589880e+01
   3.7330053e+02
   1.4566118e+02
   6.7164684e+02
   6.2614914e+02
   3.7060322e+02
   3.3889175e+02
   4.5417760e+02
   5.3045303e+02
   2.5096155e+02
   2.2620623e+02
   3.6652168e+01
   1.7127846e+02
   2.9705859e+02
   3.1975980e+02
   6.6083323e+02
   4.7146430e+02
   2.4322593e+02
   1.0821597e+02
   3.3331942e+02
   1.7440344e+02
   5.8915176e+02
   5.5896965e+02
   5.9978369e+01
   4.1939392e+02
   6.6179258e+01
   3.9681074e+02
   4.2323613e+02
   1.2956566e+02
   1.2721898e+02
   1.7585808e+02
   4.4948054e+02
   5.4160513e+02
   5.8342156e+02
   4.5881969e+02
   5.1227377e+02
   1.0824905e+02
   2.3992157e+02
   5.7179626e+02
   3.2908044e+02
   3.1666809e+02
   2.8865823e+02
   5.4140412e+02
   5.1105574e+02
   2.3059585e+02
   4.3704577e+02
   6.1676430e+02
   4.5190664e+02
   2.4658862e+02
   5.0646912e+02
   1.9108065e+02
   9.8831867e+00
   2.0886582e+00
   1.8336688e+02
   1.4680760e+02
   5.6336811e+02
   6.0133565e+02
   3.0297174e+02
   8.3646354e+01
   5.8664227e+02
  -2.3959165e+01
   4.6674647e+01
   6.0208773e+02
   2.9328790e+02
   6.3325114e+02
  -2.0423563e+01
   1.6514841e+02
   4.0825209e+02
   1.8179991e+02
   1.8956516e+02
   6.6678910e+02
   4.1863834e+02
   1.6840433e+02
   4.6923613e+02
   4.6082136e+02
   3.2000000e+02
   6.3288524e+02
   2.7803879e+02
   2.9608123e+02
   7.0633144e+01
   3.1248041e+02
   5.8750116e+02
   5.7828682e+02
   1.2304914e+02
   3.7435513e+02
   1.4449419e+02
   6.5939167e+02
   6.5955353e+02
   3.8097506e+02
   4.2986645e+02
   1.4753371e+02
   2.8130765e+02
   1.5647154e+02
   1.4588827e+02
   3.1039015e+02
   3.1876572e+02
   3.9718897e+02
   2.6637183e+02
   2.1211623e+02
   4.2304252e+02
  -2.4092742e+01
   4.0788244e+02
  -5.3066573e+00
   1.6749246e+02
   2.3757183e+02
   3.9308506e+02
   2.2421079e+02
   3.5198016e+00
   7.9880765e+00
   3.5273416e+02
   4.8513104e+02
   3.0436257e+02
   5.3517906e+02
   1.4790816e+02
   4.7189047e+02
   3.3508458e+01
   6.2895602e+02
   5.1891957e+02
   1.1407665e+02
   5.8402770e+02
   1.4922311e+01
   4.2954867e+02
   4.9011512e+02
   6.9168792e+01
   4.9831241e+02
   3.8507674e+02
   2.6015339e+02
  -2.2501928e+01
  -2.0042875e+01
   4.7265590e+02
   4.8233762e+02
   2.0703971e+02
   1.2744617e+02
   5.6268630e+02
   3.5902314e+02
   1.0114132e+02
   4.4879703e+01
   6.3460916e+02
   3.8946301e+02
   6.7653935e+02
   2.7207399e+02
   6.1145774e+02
   2.2552922e+02
   9.5515055e+01
   2.9203663e+02
   4.1417731e+02
   5.3909845e+02
   2.3265700e+02
   4.6883701e+02
   4.2635192e+02
   5.3509480e+02
   5.8403095e+02
   3.7783872e+02
   5.3771466e+02
   4.3772192e+02
   1.2349266e+01
   4.7892978e+01
   4.3816543e+02
   3.0201658e+02
   6.7837803e+02
   2.5335864e+02
   5.3125128e+02
   5.6285590e+02
   3.3442512e+02
   2.6033424e+02
   6.5476375e+02
   8.2324985e+01
   4.6050719e+02
   4.9264798e+02
   6.0603700e+02
   6.9298536e+01
   6.1983244e+02
   3.4335702e+02
   2.1316135e+02
   6.1110628e+02
   3.4644836e+02
   1.5147029e+02
   2.4233900e+01
   1.0575706e+02
   5.9975853e+02
   6.1891367e+02
   2.0607623e+02
   3.2599893e+02
   2.2085660e+02
   1.3929759e+02
   5.4367552e+02
   1.9319273e+02
   6.4875654e+02
   5.5011774e+02
   4.0546761e+02
   7.3450229e+01
   3.4673009e+02
   5.1473467e+02
   2.5623690e+02
   3.0670769e+02
   2.1458008e+01
   2.1053004e+02
   2.7942114e+02
   2.3071302e+02
   1.9750811e+02
   4.0397256e+01
   4.4065778e+02
   6.0164775e+02
   5.3602402e+02
   3.6364276e+02
   6.5422196e+02
   3.2366500e+02
   2.0153684e+02
   6.0208875e+02
   2.7467203e+02
   2.6617950e+01
   1.2881949e+02
   2.6504730e+02
   1.1975326e+02
   5.2070516e+02
   6.0769504e+02
   1.4180536e+02
   5.6673961e+02
   3.7834121e+02
   5.0667275e+02
   1.6285211e+02
   3.9565287e+02
   4.5564055e+02
   3.6572819e+02
   1.0788190e+02
   6.4646065e+02
   2.8244050e+02
   5.1388711e+02
   2.9870486e+02
   1.4011864e+02
   1.6724202e+02
   1.5355112e+02
   2.4005832e+02
   4.0131692e+02
   6.6837545e+01
   5.3854966e+02
   3.2513219e+02
   5.4368987e+02
   2.8039077e+02
   4.3454085e+02
   6.6969824e+02
   1.4444990e+02
   4.3045933e+02
   1.7623427e+02
   5.0940892e+02
   3.0167278e+02
   2.6791600e+02
   3.4223626e+02
   2.5270776e+02
   1.1585604e+02
  -4.0960509e+00
   3.4831647e+02
   5.9138694e+01
   4.7616548e+02
   1.2218638e+02
   3.9062592e+02
   6.4533676e+02
   4.7008588e+02
   1.9821670e+02
   7.7329270e+00
   4.5203526e+02
   1.2693595e+02
   7.9718166e+01
   4.6628219e+02
   1.7109010e+02
   5.5937403e+02
   5.3893434e+02
   3.3372325e+02
  -8.3831705e-01
   5.3846751e+01
   5.6578835e+02
   6.8598943e+01
   1.4490293e+02
   8.4772384e+01
   2.9882027e+02
   6.5898517e+02
   5.8733371e+02
   3.9336328e+02
   2.8946333e+02
   4.6097430e+02
   6.4705375e+02
   3.6207750e+02
   1.8570474e+02
   2.6071682e+01
   2.6809458e+02
   3.4395458e+02
   3.0768802e+02
   6.8526939e+02
   3.0956525e+02
   3.2822252e+01
   6.6083632e+02
   5.2857274e+02
   6.3754042e+02
   2.0642495e+02
   2.2000484e+02
   6.9137738e+01
   3.5681405e+02
   5.9553617e+02
   5.4229398e+02
   1.8692679e+02
   2.2614274e+02
   2.0959322e+02
   3.7722986e+02
   2.2717967e+02
   4.2577058e+02
  -5.8612364e+00
   3.9934442e+02
   4.4628067e+01
   2.3141702e+02
   2.2293303e+02
   4.1164532e+02
   4.8203008e+02
   6.0882839e+02
   1.4475805e+02
   3.4549458e+02
   6.7751273e+02
   5.5922035e+02
   6.8306181e+02
   2.4768995e+02
   4.5512972e+01
   4.9684511e+01
   5.8089680e+00
   3.4607826e+02
   6.4985866e+01
   5.3965056e+02
   5.0963013e+01
   6.7082284e+02
   3.4665162e+02
   4.9472724e+02
   6.4710500e+01
   6.3415428e+02
   5.9746497e+02
   3.2134547e+02
   6.0138442e+01
  -1.8565472e+01
   6.6617092e+02
   2.2518714e+02
   2.6449837e+02
   4.9560467e+02
   6.5249320e+02
   9.3719891e+01
  -9.6883382e+00
   5.6432953e+02
   4.3900681e+02
   3.9072471e+02
   5.6090721e+02
   1.5320366e+02
   5.4888599e+01
   1.3173495e+02
   4.0229981e+02
   1.8604981e+01
   4.2961444e+02
   6.4209281e+01
   3.9698964e+02
   2.4383528e+02
   5.7207095e+02
   3.6062306e+02
   1.8275827e+02
   4.3466515e+02
   1.8720478e+02
   6.2876603e+02
   4.7344941e+02
   3.8316044e+02
   6.1446537e+01
   5.2889880e+02
   3.1447897e+01
   3.0731325e+02
   6.5983477e+02
   6.8433515e+02
   3.2273072e+02
   1.8388737e+02
   4.3876116e+02
   6.7685179e+02
   2.9604851e+02
   1.2822307e+02
   6.4424447e+02
   3.1743638e+01
   2.1817788e+02
   5.0056940e+02
   2.7947956e+02
   1.9293125e+02
   3.4779272e+02
   4.0978662e+02
   2.9107474e+02
   4.9158684e+02
   3.1755787e+02
   2.8790534e+02
   2.6069278e+01
   6.1639969e+01
   6.3954454e+01
   5.4276251e+02
   2.8361750e+01
   6.5825631e+02
   5.4672490e+02
   2.0425703e+02
   1.5832333e+01
   4.8508816e+02
   2.7326454e+02
   3.9516895e+02
   4.7379143e+02
   4.0344429e+02
   4.6444630e+02
   3.7524464e+02
   3.2599619e+02
   1.7540487e+02
   5.3630158e+02
   4.8118183e+02
   6.1887004e+02
   1.2076903e+02
   3.2897173e+02
   3.0588209e+02
   6.7076514e+02
   1.6761002e+02
  -2.1032042e+01
   1.3194772e+02
   2.1811142e+02
   4.5736678e+02
   5.8204385e+02
   2.5778499e+02
   3.4137206e+02
   1.4261769e+02
   2.4070443e+02
   7.3711895e+01
   4.6240582e+02
   1.9864312e+01
   5.9500307e+02
   2.2632016e+02
   5.0731176e+02
   4.2716719e+02
   4.7874903e+02
   6.4116172e+02
   1.5008120e+02
   1.0721194e+02
   1.3056030e+02
   1.0278372e+02
   6.4295023e+02
   2.8798071e+02
   4.4851610e+02
   2.5686397e+02
   3.1031458e+02
   5.6291443e+02
   4.8740148e+02
   6.1040847e+02
   1.7396809e+02
   5.3637140e+02
   4.8427741e+02
   2.3800361e+02
   3.3189883e+02
   6.7801192e+02
   6.9946399e+00
   3.7479005e+02
   3.5642208e+02
   5.9101782e+02
   4.0606953e+02
   1.8282663e+02
   6.8536351e+02
   3.4656868e+01
   5.9912085e+02
   5.1389576e+02
   6.3133922e+02
   4.1068567e+02
   5.0910011e+02
   3.8495998e+02
   1.9910885e+02
   1.7824755e+02
   3.7354176e+02
   3.2414478e+02
   2.3802872e+02
   6.7047552e+02
   4.5197950e+02
   1.0575073e+02
   2.4557791e+02
   1.4755115e+02
   5.2827386e+02
   9.6960772e+00
   2.2593223e+02
   3.9931228e+02
   3.4946343e+02
   6.1725272e+02
   5.2140505e+02
   1.1770194e+02
   8.9958704e+01
   6.4855160e+02
   6.0580709e+02
   2.8738101e+02
   7.7560928e+00
   3.6541674e+01
   1.0891496e+02
   1.9423873e+02
   3.8543747e+02
   4.3275030e+01
   1.8510393e+02
   1.4322049e+01
   2.8734707e+02
   2.7743727e+02
   2.0620892e+02
   1.3488028e+02
   4.8768128e+01
   5.6743909e+02
   5.5062964e+02
   5.0296134e+02
   1.2945472e+02
  -1.7266985e+01
   1.3415654e+02
   5.6734439e+02
   3.2342596e+02
   9.6261441e+01
   6.8284375e+02
   2.6599619e+02
   4.9652793e+02
   5.7766987e+02
   4.1764780e+02
   2.7704245e+02
   2.6678834e+02
   5.2798245e+02
   1.7274739e+02
   4.7239844e+02
   6.4246330e+02
   6.4069362e+02
   4.7864192e+02
   4.4832516e+02
   1.7436053e+02
   4.4378749e+02
   3.7455540e+02
   1.2127470e+01
   3.9007992e+02
   4.0789482e+02
   3.2535827e+02
   3.5366445e+02
   3.2685368e+02
   3.4576329e+02
   2.1223882e+02
   4.0574312e+02
   6.7865287e+02
   4.4596232e+02
   1.8401493e+02
   1.7322021e+02
   2.8495444e+01
   5.7064386e+01
   4.4612581e+02
   3.4623762e+02
   9.5623123e+01
   2.6865126e+02
   6.6988622e+02
   4.9216651e+02
   5.3758897e+02
   5.4526595e+02
   2.3880569e+02
   1.5720062e+02
   1.4693511e+02
   2.0671922e+02
   2.1919622e+02
   8.1858807e+01
   5.0695751e+02
   5.3733941e+02
   5.1967703e+02
   4.4666421e+02
   2.7011420e+01
   6.3077385e+02
   1.5430066e+02
   1.4968041e+01
   4.9263142e+01
   7.2287068e+01
   3.9593748e+02
   3.9091138e+02
   1.1414620e+02
   4.8330505e+02
   1.3466516e+02
   3.3156297e+02
   1.7525043e+02
   1.2618067e+02
   4.8213060e+02
   2.7789998e+02
   1.6589481e+02
   6.8231924e+02
   3.1396429e+02
   5.7170873e+02
   6.6147910e+02
   6.5656530e+02
   4.6046745e+02
   3.9402304e+00
   6.1482887e+02
   5.1393620e+02
   4.2512377e+02
   3.6733150e+02
   2.5493071e+02
   5.9232428e+02
   1.7879151e+02
   1.1069083e+02
   6.3542529e+02
   3.4431432e+02
   3.1229345e+02
   3.2452549e+02
   1.4234793e+02
   6.5161917e+02
   6.5441269e+02
   6.7533936e+02
   4.6384014e+02
   6.4037614e+02
   8.8472300e+01
   2.1462333e+02
   6.6429446e+02
   5.3150035e+02
   4.4112217e+02
   2.8532483e+02
   2.4072029e+02
   3.3024747e+02
   1.6748573e+02
   8.3802564e+01
   4.9537123e+02
   3.6335542e+02
   1.5022932e+01
  -1.5363594e-01
   6.8036250e+02
   1.1025424e+02
   4.0334547e+02
   5.7563630e+02
   2.3489725e+01
   5.6732308e+02
   4.0558196e+02
   1.5154492e+02
   5.4362345e+02
  -5.9353019e-01
   3.0707946e+02
  -2.0327108e+01
   6.5265009e+01
   3.2150358e+02
   2.7115064e+02
   1.1201730e+02
   3.9620889e+02
   2.0182770e+02
   6.1929692e+02
   3.7775126e+02
   3.0571979e+02
   5.4602876e+01
   4.7388566e+02
   2.8927504e+02
   6.5630965e+02
   8.0569415e+01
   6.5888026e+02
   3.0285696e+02
   1.9808626e+02
   4.5562859e+02
   6.0882727e+02
   4.8135398e+02
   6.2261459e+02
   1.5369971e+01
   5.2966188e+02
   1.3670176e+02
   1.4431802e+02
   1.7065961e+02
   5.3687124e+01
   5.2057312e+02
   4.7657171e+02
   9.8297880e+00
   5.8758945e+02
   4.3637449e+02
   6.4546423e+02
   4.5533598e+02
   2.2410071e+02
   2.7745473e+02
   5.5969286e+02
   3.2408126e+02
   6.6056500e+02
   1.6447347e+02
   2.3549574e+02
   4.7125752e+02
   5.8155664e+02
   5.6219062e+02
   4.0887391e+02
   4.9636191e+02
   1.4693097e+02
   4.5475035e+02
   1.4299700e+02
   2.9380895e+01
   6.5005656e+02
   5.7753780e+02
  -1.2234424e+00
   6.3795977e+02
   5.2450907e+01
   5.0504469e+02
   1.0210110e+02
   2.8473664e+02
   6.1979181e+02
   1.0408722e+01
   1.6293219e+01
   6.6240036e+02
   3.8580199e+02
   5.9052536e+02
   4.6725893e+02
   5.7674624e+02
   4.1652486e+02
   4.7020627e+02
   2.1018564e+02
   3.5001504e+01
   5.7527176e+02
   4.0187496e+02
   1.3423583e+02
   1.4137258e+02
   6.2499873e+02
  -3.2518180e+00
   1.5246321e+01
   4.6234953e+01
   4.2609570e+02
   1.2883522e+02
   4.1595321e+02
   3.0562091e+01
   3.0074897e+01
   1.6281546e+02
   8.1956886e+01
   6.5428573e+02
   3.0254389e+02
   1.1875466e+02
   4.1573452e+01
   1.8445186e+02
   6.3190105e+02
   4.4101657e+02
   6.5061059e+02
   4.1427257e+02
  -2.3850558e+01
   3.9894686e+02
   6.3602259e+02
   3.8672870e+02
   3.5105528e+02
   2.6077677e+02
  -2.4895675e+01
   2.8004279e+02
   1.6837293e+02
   1.4106802e+02
   4.4192304e+01
   3.5953805e+02
  -2.0514747e+01
   1.2675216e+02
   4.3028000e+02
   7.1640729e+01
   3.0164469e+02
   2.5569626e+02
   2.8262540e+02
   7.7315254e+01
   1.5343544e+02
   5.1856015e+02
   2.7519197e+02
   6.5053670e+02
   3.2907044e+01
  -1.1269909e+01
   3.4768764e+02
   2.1852718e+02
   5.6868469e+02
   3.7548956e+02
   6.5676925e+02
   5.6551588e+02
   4.8381381e+02
  -6.8491113e+00
   4.1157262e+02
   1.2775164e+02
   5.9128880e+02
   5.4942911e+02
   2.9445988e+02
   1.8745275e+01
   5.4148137e+01
   6.4646101e+02
   3.3587905e+01
   3.6726326e+02
   2.6929988e+02
   3.2976919e+02
   1.5206119e+02
  -1.2038184e+01
   3.2887599e+02
   4.2675065e+02
   5.5756831e+02
   5.7312119e+02
   4.8352064e+02
   3.7624924e+02
   1.8290853e+02
   3.2302797e+02
   6.7452012e+02
   3.0062760e+02
   1.2357356e+02
   3.0423199e+02
   2.1330876e+02
   6.2070575e+02
   6.3086198e+02
   8.7820672e+01
   4.8915856e+02
   1.7439217e+02
  -1.9921231e+01
  -5.2833702e+00
   3.9243344e+02
   6.4881669e+02
   3.2399779e+02
   4.8732831e+02
   2.9467163e+02
  -1.5877725e+01
   5.7223385e+02
   6.3749182e+02
   4.1075322e+01
   4.5915498e+02
  -1.2437511e+01
   6.3525198e+02
   4.4141691e+02
   2.1717058e+02
   1.8350709e+02
   4.2276377e+02
   6.6898323e+02
   6.3771665e+02
   2.6467359e+02
   5.3025362e+02
   3.1088099e+02
   4.7195210e+02
   4.7491838e+02
   2.1780049e+02
   4.1758024e+02
   8.7735595e+01
   6.0131484e+01
   2.2046003e+02
   3.3393811e+02
   3.0379733e+02
   6.3230931e+02
   2.1348174e+02
   5.6617478e+01
   3.0852419e+02
   1.8335752e+02
   3.9991113e+02
   5.9836557e+02
   2.0218197e+02
   4.9604139e+02
   2.7153769e+02
   6.5273592e+02
   6.2586801e+02
   6.8331406e+02
   4.6269786e+02
   4.1424793e+02
   1.7156828e+02
   5.7858782e+02
   2.5787980e+02
   4.2971118e+02
   2.4389193e+02
   4.4602457e+02
   5.8092892e+02
   4.3533786e+02
   5.6379672e+02
   5.0107739e+02
   1.2556040e+02
   2.8797072e+02
   6.5859469e+02
   9.7420359e+01
   5.4595967e+02
   5.4484128e+02
   3.8265940e+02
   1.0591141e+02
   5.0865253e+02
   2.6786231e+02
   2.3800811e+02
   5.3641679e+02
   4.7249818e+02
  -1.5062191e+01
   1.2778477e+02
   6.7020229e+02
   3.2684874e+02
   5.4222688e+02
   6.0304959e+02
   4.1251957e+02
  -1.7593336e+00
  -1.4033051e+01
   2.3715859e+01
  -2.0910698e+01
   1.7772664e+02
   6.1523747e+02
   4.5161995e+02
   4.7820984e+02
   1.1732428e+02
   1.4182431e+00
   3.3514588e+02
   6.8229914e+02
   6.7171435e+02
   4.5183170e+02
   2.0549098e+01
   6.7027433e+02
   3.6504391e+02
   1.3682756e+01
   1.2158693e+01
   1.5298418e+02
   2.7349814e+02
   3.1011638e+02
   4.9669583e+01
   4.7585208e+00
   5.8790004e+02
   2.0816738e+02
   3.4232680e+02
   3.9964685e+02
   6.1366209e+00
   3.2865725e+02
   5.3304831e+02
   6.3560964e+02
   1.5217703e+02
   8.4375329e+01
   3.5642554e+02
   4.5020066e+02
   1.3320186e+02
   4.5878625e+02
   5.8044216e+02
   4.4217180e+02
   4.3122853e+02
   4.7041361e+02
  -8.0543943e+00
   4.5987217e+02
   2.7837434e+02
   1.0615239e+02
   4.1532716e+02
   1.2308579e+02
   3.1453517e+02
   6.1492042e+01
   4.5214606e+02
   5.1866609e+02
   6.1563278e+02
   4.0478654e+02
   2.8650131e+02
   7.0764411e+01
   1.1097898e+02
  -1.1807600e+00
   6.2786981e+02
   3.5544622e+01
   4.3729973e+02
   5.7959728e+01
   4.8861823e+02
   2.0126253e+02
   3.8080206e+02
   5.9507415e+02
   1.9757532e+02
   1.6461469e+02
   1.1098776e+02
   2.4418453e+02
   4.6764797e+02
   3.7766766e+01
   1.1421975e+02
   2.9566388e+02
   3.1280476e+02
   4.9123911e+02
   3.1451198e+02
   5.3859664e+02
   1.6622463e+02
   6.6380704e+02
   2.8396865e+02
   4.9895789e+02
   5.6511726e+00
   5.7757037e+02
   1.5269497e+01
   6.5788332e+02
   3.6989021e+02
   2.4075019e+02
   4.8015682e+02
   2.1314953e+02
   5.8918800e+01
   1.3757860e+02
   4.4159809e+02
   1.8781491e+02
   2.9501386e+01
   7.1464789e+01
   5.7055958e+02
   4.0505179e+02
   6.0778112e+02
   1.7264422e+02
   4.9358656e+02
   2.3764562e+02
   2.5172498e+02
   5.4294197e+02
   4.3474361e+02
   5.5182414e+02
   5.3802755e+02
   4.6569946e+02
   6.5708052e+02
   1.3467919e+02
   3.5351166e+02
   6.4220014e+01
   5.6258495e+02
   5.1088598e+02
   6.3048128e+02
   5.9245715e+02
   6.2155262e+02
   3.2397038e+02
   5.3361683e+02
   1.6833926e+02
   4.3006915e+02
   6.6168222e+02
   5.2423646e+02
   2.2309040e+01
   3.4736921e+02
   4.2063989e+02
   5.4483757e+02
   1.6559831e+02
   5.1499496e+02
   7.9919623e+01
   1.9040205e+02
   8.1126548e+01
   1.6378888e+02
   2.7052596e+02
   6.5107165e+01
   6.5691089e+02
   6.3975898e+02
   5.1168713e+01
   2.8589880e+01
   3.7330053e+02
   1.4566118e+02
   6.7164684e+02
   6.2614914e+02
   3.7060322e+02
   3.3889175e+02
   4.5417760e+02
   5.3045303e+02
   2.5096155e+02
   2.2620623e+02
   3.6652168e+01
   1.7127846e+02
   2.9705859e+02
   3.1975980e+02
   6.6083323e+02
   4.7146430e+02
   2.4322593e+02
   1.0821597e+02
   3.3331942e+02
   1.7440344e+02
   5.8915176e+02
   5.5896965e+02
   5.9978369e+01
   4.1939392e+02
   6.6179258e+01
   3.9681074e+02
   4.2323613e+02
   1.2956566e+02
   1.2721898e+02
   1.7585808e+02
   4.4948054e+02
   5.4160513e+02
   5.8342156e+02
   4.5881969e+02
   5.1227377e+02
   1.0824905e+02
   2.3992157e+02
   5.7179626e+02
   3.2908044e+02
   3.1666809e+02
   2.8865823e+02
   5.4140412e+02
   5.1105574e+02
   2.3059585e+02
   4.3704577e+02
   6.1676430e+02
   4.5190664e+02
   2.4658862e+02
   5.0646912e+02
   1.9108065e+02
   9.8831867e+00
   2.0886582e+00
   1.8336688e+02
   1.4680760e+02
   5.6336811e+02
   6.0133565e+02
   3.0297174e+02
   8.3646354e+01
   5.8664227e+02
  -2.3959165e+01
   4.6674647e+01
   6.0208773e+02
   2.9328790e+02
   6.3325114e+02
  -2.0423563e+01
   1.6514841e+02
   4.0825209e+02
   1.8179991e+02
   1.8956516e+02
   6.6678910e+02
   4.1863834e+02
   1.6840433e+02
   4.6923613e+02
   4.6082136e+02
   3.2000000e+02
   6.3288524e+02
   2.7803879e+02
   2.9608123e+02
   7.0633144e+01
   3.1248041e+02
   5.8750116e+02
   5.7828682e+02
   1.2304914e+02
   3.7435513e+02
   1.4449419e+02
   6.5939167e+02
   6.5955353e+02
   3.8097506e+02
   4.2986645e+02
   1.4753371e+02
   2.8130765e+02
   1.5647154e+02
   1.4588827e+02
   3.1039015e+02
   3.1876572e+02
   3.9718897e+02
   2.6637183e+02
   2.1211623e+02
   4.2304252e+02
  -2.4092742e+01
   4.0788244e+02
  -5.3066573e+00
   1.6749246e+02
   2.3757183e+02
   3.9308506e+02
   2.2421079e+02
   3.5198016e+00
   7.9880765e+00
   3.5273416e+02
   4.8513104e+02
   3.0436257e+02
   5.3517906e+02
   1.4790816e+02
   4.7189047e+02
   3.3508458e+01
   6.2895602e+02
   5.1891957e+02
   1.1407665e+02
   5.8402770e+02
   1.4922311e+01
   4.2954867e+02
   4.9011512e+02
   6.9168792e+01
   4.9831241e+02
   3.8507674e+02
   2.6015339e+02
  -2.2501928e+01
  -2.0042875e+01
   4.7265590e+02
   4.8233762e+02
   2.0703971e+02
   1.2744617e+02
   5.6268630e+02
   3.5902314e+02
   1.0114132e+02
   4.4879703e+01
   6.3460916e+02
   3.8946301e+02
   6.7653935e+02
   2.7207399e+02
   6.1145774e+02
   2.2552922e+02
   9.5515055e+01
   2.9203663e+02
   4.1417731e+02
   5.3909845e+02
   2.3265700e+02
   4.6883701e+02
   4.2635192e+02
   5.3509480e+02
   5.8403095e+02
   3.7783872e+02
   5.3771466e+02
   4.3772192e+02
   1.2349266e+01
   4.7892978e+01
   4.3816543e+02
   3.0201658e+02
   6.7837803e+02
   2.5335864e+02
   5.3125128e+02
   5.6285590e+02
   3.3442512e+02
   2.6033424e+02
   6.5476375e+02
   8.2324985e+01
   4.6050719e+02
   4.9264798e+02
   6.0603700e+02
   6.9298536e+01
   6.1983244e+02
   3.4335702e+02
   2.1316135e+02
   6.1110628e+02
   3.4644836e+02
   1.5147029e+02
   2.4233900e+01
   1.0575706e+02
   5.9975853e+02
   6.1891367e+02
   2.0607623e+02
   3.2599893e+02
   2.2085660e+02
   1.3929759e+02
   5.4367552e+02
   1.9319273e+02
   6.4875654e+02
   5.5011774e+02
   4.0546761e+02
   7.3450229e+01
   3.4673009e+02
   5.1473467e+02
   2.5623690e+02
   3.0670769e+02
   2.1458008e+01
   2.1053004e+02
   2.7942114e+02
   2.3071302e+02
   1.9750811e+02
   4.0397256e+01
   4.4065778e+02
   6.0164775e+02
   5.3602402e+02
   3.6364276e+02
   6.5422196e+02
   3.2366500e+02
   2.0153684e+02
   6.0208875e+02
   2.7467203e+02
   2.6617950e+01
   1.2881949e+02
   2.6504730e+02
   1.1975326e+02
   5.2070516e+02
   6.0769504e+02
   1.4180536e+02
   5.6673961e+02
   3.7834121e+02
   5.0667275e+02
   1.6285211e+02
   3.9565287e+02
   4.5564055e+02
   3.6572819e+02
   1.0788190e+02
   6.4646065e+02
   2.8244050e+02
   5.1388711e+02
   2.9870486e+02
   1.4011864e+02
   1.6724202e+02
   1.5355112e+02
   2.4005832e+02
   4.0131692e+02
   6.6837545e+01
   5.3854966e+02
   3.2513219e+02
   5.4368987e+02
   2.8039077e+02
   4.3454085e+02
   6.6969824e+02
   1.4444990e+02
   4.3045933e+02
   1.7623427e+02
   5.0940892e+02
   3.0167278e+02
   2.6791600e+02
   3.4223626e+02
   2.5270776e+02
   1.1585604e+02
  -4.0960509e+00
   3.4831647e+02
   5.9138694e+01
   4.7616548e+02
   1.2218638e+02
   3.9062592e+02
   6.4533676e+02
   4.7008588e+02
   1.9821670e+02
   7.7329270e+00
   4.5203526e+02
   1.2693595e+02
   7.9718166e+01
   4.6628219e+02
   1.7109010e+02
   5.5937403e+02
   5.3893434e+02
   3.3372325e+02
  -8.3831705e-01
   5.3846751e+01
   5.6578835e+02
   6.8598943e+01
   1.4490293e+02
   8.4772384e+01
   2.9882027e+02
   6.5898517e+02
   5.8733371e+02
   3.9336328e+02
   2.8946333e+02
   4.6097430e+02
   6.4705375e+02
   3.6207750e+02
   1.8570474e+02
   2.6071682e+01
   2.6809458e+02
   3.4395458e+02
   3.0768802e+02
   6.8526939e+02
   3.0956525e+02
   3.2822252e+01
   6.6083632e+02
   5.2857274e+02
   6.3754042e+02
   2.0642495e+02
   2.2000484e+02
   6.9137738e+01
   3.5681405e+02
   5.9553617e+02
   5.4229398e+02
   1.8692679e+02
   2.2614274e+02
   2.0959322e+02
   3.7722986e+02
   2.2717967e+02
   4.2577058e+02
  -5.8612364e+00
   3.9934442e+02
   4.4628067e+01
   2.3141702e+02
   2.2293303e+02
   4.1164532e+02
   4.8203008e+02
   6.0882839e+02
   1.4475805e+02
   3.4549458e+02
   6.7751273e+02
   5.5922035e+02
   6.8306181e+02
   2.4768995e+02
   4.5512972e+01
   4.9684511e+01
   5.8089680e+00
   3.4607826e+02
   6.4985866e+01
   5.3965056e+02
   5.0963013e+01
   6.7082284e+02
   3.4665162e+02
   4.9472724e+02
   6.4710500e+01
   6.3415428e+02
   5.9746497e+02
   3.2134547e+02
   6.0138442e+01
  -1.8565472e+01
   6.6617092e+02
   2.2518714e+02
   2.6449837e+02
   4.9560467e+02
   6.5249320e+02
   9.3719891e+01
  -9.6883382e+00
   5.6432953e+02
   4.3900681e+02
   3.9072471e+02
   5.6090721e+02
   1.5320366e+02
   5.4888599e+01
   1.3173495e+02
   4.0229981e+02
   1.8604981e+01
   4.2961444e+02
   6.4209281e+01
   3.9698964e+02
   2.4383528e+02
   5.7207095e+02
   3.6062306e+02
   1.8275827e+02
   4.3466515e+02
   1.8720478e+02
   6.2876603e+02
   4.7344941e+02
   3.8316044e+02
   6.1446537e+01
   5.2889880e+02
   3.1447897e+01
   3.0731325e+02
   6.5983477e+02
   6.8433515e+02
   3.2273072e+02
   1.8388737e+02
   4.3876116e+02
   6.7685179e+02
   2.9604851e+02
   1.2822307e+02
   6.4424447e+02
   3.1743638e+01
   2.1817788e+02
   5.0056940e+02
   2.7947956e+02
   1.9293125e+02
   3.4779272e+02
   4.0978662e+02
   2.9107474e+02
   4.9158684e+02
   3.1755787e+02
   2.8790534e+02
   2.6069278e+01
   6.1639969e+01
   6.3954454e+01
   5.4276251e+02
   2.8361750e+01
   6.5825631e+02
   5.4672490e+02
   2.0425703e+02
   1.5832333e+01
   4.8508816e+02
   2.7326454e+02
   3.9516895e+02
   4.7379143e+02
   4.0344429e+02
   4.6444630e+02
   3.7524464e+02
   3.2599619e+02
   1.7540487e+02
   5.3630158e+02
   4.8118183e+02
   6.1887004e+02
   1.2076903e+02
   3.2897173e+02
   3.0588209e+02
   6.7076514e+02
   1.6761002e+02
  -2.1032042e+01
   1.3194772e+02
   2.1811142e+02
   4.5736678e+02
   5.8204385e+02
   2.5778499e+02
   3.4137206e+02
   1.4261769e+02
   2.4070443e+02
   7.3711895e+01
   4.6240582e+02
   1.9864312e+01
   5.9500307e+02
   2.2632016e+02
   5.0731176e+02
   4.2716719e+02
   4.7874903e+02
   6.4116172e+02
   1.5008120e+02
   1.0721194e+02
   1.3056030e+02
   1.0278372e+02
   6.4295023e+02
   2.8798071e+02
   4.4851610e+02
   2.5686397e+02
   3.1031458e+02
   5.6291443e+02
   4.8740148e+02
   6.1040847e+02
   1.7396809e+02
   5.3637140e+02
   4.8427741e+02
   2.3800361e+02
   3.3189883e+02
   6.7801192e+02
   6.9946399e+00
   3.7479005e+02
   3.5642208e+02
   5.9101782e+02
   4.0606953e+02
   1.8282663e+02
   6.8536351e+02
   3.4656868e+01
   5.9912085e+02
   5.1389576e+02
   6.3133922e+02
   4.1068567e+02
   5.0910011e+02
   3.8495998e+02
   1.9910885e+02
   1.7824755e+02
   3.7354176e+02
   3.2414478e+02
   2.3802872e+02
   6.7047552e+02
   4.5197950e+02
   1.0575073e+02
   2.4557791e+02
   1.4755115e+02
   5.2827386e+02
   9.6960772e+00
   2.2593223e+02
   3.9931228e+02
   3.4946343e+02
   6.1725272e+02
   5.2140505e+02
   1.1770194e+02
   8.9958704e+01
   6.4855160e+02
   6.0580709e+02
   2.8738101e+02
   7.7560928e+00
   3.6541674e+01
   1.0891496e+02
   1.9423873e+02
   3.8543747e+02
   4.3275030e+01
   1.8510393e+02
   1.4322049e+01
   2.8734707e+02
   2.7743727e+02
   2.0620892e+02
   1.3488028e+02
   4.8768128e+01
   5.6743909e+02
   5.5062964e+02
   5.0296134e+02
   1.2945472e+02
  -1.7266985e+01
   1.3415654e+02
   5.6734439e+02
   3.2342596e+02
   9.6261441e+01
   6.8284375e+02
   2.6599619e+02
   4.9652793e+02
   5.7766987e+02
   4.1764780e+02
   2.7704245e+02
   2.6678834e+02
   5.2798245e+02
   1.7274739e+02
   4.7239844e+02
   6.4246330e+02
   6.4069362e+02
   4.7864192e+02
   4.4832516e+02
   1.7436053e+02
   4.4378749e+02
   3.7455540e+02
   1.2127470e+01
   3.9007992e+02
   4.0789482e+02
   3.2535827e+02
   3.5366445e+02
   3.2685368e+02
   3.4576329e+02
   2.1223882e+02
   4.0574312e+02
   6.7865287e+02
   4.4596232e+02
   1.8401493e+02
   1.7322021e+02
   2.8495444e+01
   5.7064386e+01
   4.4612581e+02
   3.4623762e+02
   9.5623123e+01
   2.6865126e+02
   6.6988622e+02
   4.9216651e+02
   5.3758897e+02
   5.4526595e+02
   2.3880569e+02
   1.5720062e+02
   1.4693511e+02
   2.0671922e+02
   2.1919622e+02
   8.1858807e+01
   5.0695751e+02
   5.3733941e+02
   5.1967703e+02
   4.4666421e+02
   2.7011420e+01
   6.3077385e+02
   1.5430066e+02
   1.4968041e+01
   4.9263142e+01
   7.2287068e+01
   3.9593748e+02
   3.9091138e+02
   1.1414620e+02
   4.8330505e+02
   1.3466516e+02
   3.3156297e+02
   1.7525043e+02
   1.2618067e+02
   4.8213060e+02
   2.7789998e+02
   1.6589481e+02
   6.8231924e+02
   3.1396429e+02
   5.7170873e+02
   6.6147910e+02
   6.5656530e+02
   4.6046745e+02
   3.9402304e+00
   6.1482887e+02
   5.1393620e+02
   4.2512377e+02
   3.6733150e+02
   2.5493071e+02
   5.9232428e+02
   1.7879151e+02
   1.1069083e+02
   6.3542529e+02
   3.4431432e+02
   3.1229345e+02
   3.2452549e+02
   1.4234793e+02
   6.5161917e+02
   6.5441269e+02
   6.7533936e+02
   4.6384014e+02
   6.4037614e+02
   8.8472300e+01
   2.1462333e+02
   6.6429446e+02
   5.3150035e+02
   4.4112217e+02
   2.8532483e+02
   2.4072029e+02
   3.3024747e+02
   1.6748573e+02
   8.3802564e+01
   4.9537123e+02
   3.6335542e+02
   1.5022932e+01
  -1.5363594e-01
   6.8036250e+02
   1.1025424e+02
   4.0334547e+02
   5.7563630e+02
   2.3489725e+01
   5.6732308e+02
   4.0558196e+02
   1.5154492e+02
   5.4362345e+02
  -5.9353019e-01
   3.0707946e+02
  -2.0327108e+01
   6.5265009e+01
   3.2150358e+02
   2.7115064e+02
   1.1201730e+02
   3.9620889e+02
   2.0182770e+02
   6.1929692e+02
   3.7775126e+02
   3.0571979e+02
   5.4602876e+01
   4.7388566e+02
   2.8927504e+02
   6.5630965e+02
   8.0569415e+01
   6.5888026e+02
   3.0285696e+02
   1.9808626e+02
   4.5562859e+02
   6.0882727e+02
   4.8135398e+02
   6.2261459e+02
   1.5369971e+01
   5.2966188e+02
   1.3670176e+02
   1.4431802e+02
   1.7065961e+02
   5.3687124e+01
   5.2057312e+02
   4.7657171e+02
   9.8297880e+00
   5.8758945e+02
   4.3637449e+02
   6.4546423e+02
   4.5533598e+02
   2.2410071e+02
   2.7745473e+02
   5.5969286e+02
   3.2408126e+02
   6.6056500e+02
   1.6447347e+02
   2.3549574e+02
   4.7125752e+02
   5.8155664e+02
   5.6219062e+02
   4.0887391e+02
   4.9636191e+02
   1.4693097e+02
   4.5475035e+02
   1.4299700e+02
   2.9380895e+01
   6.5005656e+02
   5.7753780e+02
  -1.2234424e+00
   6.3795977e+02
   5.2450907e+01
   5.0504469e+02
   1.0210110e+02
   2.8473664e+02
   6.1979181e+02
   1.0408722e+01
   1.6293219e+01
   6.6240036e+02
   3.8580199e+02
   5.9052536e+02
   4.6725893e+02
   5.7674624e+02
   4.1652486e+02
   4.7020627e+02
   2.1018564e+02
   3.5001504e+01
   5.7527176e+02
   4.0187496e+02
   1.3423583e+02
   1.4137258e+02
   6.2499873e+02
  -3.2518180e+00
   1.5246321e+01
   4.6234953e+01
   4.2609570e+02
   1.2883522e+02
   4.1595321e+02
   3.0562091e+01
   3.0074897e+01
   1.6281546e+02
   8.1956886e+01
   6.5428573e+02
   3.0254389e+02
   1.1875466e+02
   4.1573452e+01
   1.8445186e+02
   6.3190105e+02
   4.4101657e+02
   6.5061059e+02
   4.1427257e+02
  -2.3850558e+01
   3.9894686e+02
   6.3602259e+02
   3.8672870e+02
   3.5105528e+02
   2.6077677e+02
  -2.4895675e+01
   2.8004279e+02
   1.6837293e+02
   1.4106802e+02
   4.4192304e+01
   3.5953805e+02
  -2.0514747e+01
   1.2675216e+02
   4.3028000e+02
   7.1640729e+01
   3.0164469e+02
   2.5569626e+02
   2.8262540e+02
   7.7315254e+01
   1.5343544e+02
   5.1856015e+02
   2.7519197e+02
   6.5053670e+02
   3.2907044e+01
  -1.1269909e+01
   3.4768764e+02
   2.1852718e+02
   5.6868469e+02
   3.7548956e+02
   6.5676925e+02
   5.6551588e+02
   4.8381381e+02
  -6.8491113e+00
   4.1157262e+02
   1.2775164e+02
   5.9128880e+02
   5.4942911e+02
   2.9445988e+02
   1.8745275e+01
   5.4148137e+01
   6.4646101e+02
   3.3587905e+01
   3.6726326e+02
   2.6929988e+02
   3.2976919e+02
   1.5206119e+02
  -1.2038184e+01
   3.2887599e+02
   4.2675065e+02
   5.5756831e+02
   5.7312119e+02
   4.8352064e+02
   3.7624924e+02
   1.8290853e+02
   3.2302797e+02
   6.7452012e+02
   3.0062760e+02
   1.2357356e+02
   3.0423199e+02
   2.1330876e+02
   6.2070575e+02
   6.3086198e+02
   8.7820672e+01
   4.8915856e+02
   1.7439217e+02
  -1.9921231e+01
  -5.2833702e+00
   3.9243344e+02
   6.4881669e+02
   3.2399779e+02
   4.8732831e+02
   2.9467163e+02
  -1.5877725e+01
   5.7223385e+02
   6.3749182e+02
   4.1075322e+01
   4.5915498e+02
  -1.2437511e+01
   6.3525198e+02
   4.4141691e+02
   2.1717058e+02
   1.8350709e+02
   4.2276377e+02
   6.6898323e+02
   6.3771665e+02
   2.6467359e+02
   5.3025362e+02
   3.1088099e+02
   4.7195210e+02
   4.7491838e+02
   2.1780049e+02
   4.1758024e+02
   8.7735595e+01
   6.0131484e+01
   2.2046003e+02
   3.3393811e+02
   3.0379733e+02
   6.3230931e+02
   2.1348174e+02
   5.6617478e+01
   3.0852419e+02
   1.8335752e+02
   3.9991113e+02
   5.9836557e+02
   2.0218197e+02
   4.9604139e+02
   2.7153769e+02
   6.5273592e+02
   6.2586801e+02
   6.8331406e+02
   4.6269786e+02
   4.1424793e+02
   1.7156828e+02
   5.7858782e+02
   2.5787980e+02
   4.2971118e+02
   2.4389193e+02
   4.4602457e+02
   5.8092892e+02
   4.3533786e+02
   5.6379672e+02
   5.0107739e+02
   1.2556040e+02
   2.8797072e+02
   6.5859469e+02
   9.7420359e+01
   5.4595967e+02
   5.4484128e+02
   3.8265940e+02
   1.0591141e+02
   5.0865253e+02
   2.6786231e+02
   2.3800811e+02
   5.3641679e+02
   4.7249818e+02
  -1.5062191e+01
   1.2778477e+02
   6.7020229e+02
   3.2684874e+02
   5.4222688e+02
   6.0304959e+02
   4.1251957e+02
  -1.7593336e+00
  -1.4033051e+01
   2.3715859e+01
  -2.0910698e+01
   1.7772664e+02
   6.1523747e+02
   4.5161995e+02
   4.7820984e+02
   1.1732428e+02
   1.4182431e+00
   3.3514588e+02
   6.8229914e+02
   6.7171435e+02
   4.5183170e+02
   2.0549098e+01
   6.7027433e+02
   3.6504391e+02
   1.3682756e+01
   1.2158693e+01
   1.5298418e+02
   2.7349814e+02
   3.1011638e+02
   4.9669583e+01
   4.7585208e+00
   5.8790004e+02
   2.0816738e+02
   3.4232680e+02
   3.9964685e+02
   6.1366209e+00
   3.2865725e+02
   5.3304831e+02
   6.3560964e+02
   1.5217703e+02
   8.4375329e+01
   3.5642554e+02
   4.5020066e+02
   1.3320186e+02
   4.5878625e+02
   5.8044216e+02
   4.4217180e+02
   4.3122853e+02
   4.7041361e+02
  -8.0543943e+00
   4.5987217e+02
   2.7837434e+02
   1.0615239e+02
   4.1532716e+02
   1.2308579e+02
   3.1453517e+02
   6.1492042e+01
   4.5214606e+02
   5.1866609e+02
   6.1563278e+02
   4.0478654e+02
   2.8650131e+02
   7.0764411e+01
   1.1097898e+02
  -1.1807600e+00
   6.2786981e+02
   3.5544622e+01
   4.3729973e+02
   5.7959728e+01
   4.8861823e+02
   2.0126253e+02
   3.8080206e+02
   5.9507415e+02
   1.9757532e+02
   1.6461469e+02
   1.1098776e+02
   2.4418453e+02
   4.6764797e+02
   3.7766766e+01
   1.1421975e+02
   2.9566388e+02
   3.1280476e+02
   4.9123911e+02
   3.1451198e+02
   5.3859664e+02
   1.6622463e+02
   6.6380704e+02
   2.8396865e+02
   4.9895789e+02
   5.6511726e+00
   5.7757037e+02
   1.5269497e+01
   6.5788332e+02
   3.6989021e+02
   2.4075019e+02
   4.8015682e+02
   2.1314953e+02
   5.8918800e+01
   1.3757860e+02
   4.4159809e+02
   1.8781491e+02
   2.9501386e+01
   7.1464789e+01
   5.7055958e+02
   4.0505179e+02
   6.0778112e+02
   1.7264422e+02
   4.9358656e+02
   2.3764562e+02
   2.5172498e+02
   5.4294197e+02
   4.3474361e+02
   5.5182414e+02
   5.3802755e+02
   4.6569946e+02
   6.5708052e+02
   1.3467919e+02
   3.5351166e+02
   6.4220014e+01
   5.6258495e+02
   5.1088598e+02
   6.3048128e+02
   5.9245715e+02
   6.2155262e+02
   3.2397038e+02
   5.3361683e+02
   1.6833926e+02
   4.3006915e+02
   6.6168222e+02
   5.2423646e+02
   2.2309040e+01
   3.4736921e+02
   4.2063989e+02
   5.4483757e+02
   1.6559831e+02
   5.1499496e+02
   7.9919623e+01
   1.9040205e+02
   8.1126548e+01
   1.6378888e+02
   2.7052596e+02
   6.5107165e+01
   6.5691089e+02
   6.3975898e+02
   5.1168713e+01
   2.8589880e+01
   3.7330053e+02
   1.4566118e+02
   6.7164684e+02
   6.2614914e+02
   3.7060322e+02
   3.3889175e+02
   4.5417760e+02
   5.3045303e+02
   2.5096155e+02
   2.2620623e+02
   3.6652168e+01
   1.7127846e+02
   2.9705859e+02
   3.1975980e+02
   6.6083323e+02
   4.7146430e+02
   2.4322593e+02
   1.0821597e+02
   3.3331942e+02
   1.7440344e+02
   5.8915176e+02
   5.5896965e+02
   5.9978369e+01
   4.1939392e+02
   6.6179258e+01
   3.9681074e+02
   4.2323613e+02
   1.2956566e+02
   1.2721898e+02
   1.7585808e+02
   4.4948054e+02
   5.4160513e+02
   5.8342156e+02
   4.5881969e+02
   5.1227377e+02
   1.0824905e+02
   2.3992157e+02
   5.7179626e+02
   3.2908044e+02
   3.1666809e+02
   2.8865823e+02
   5.4140412e+02
   5.1105574e+02
   2.3059585e+02
   4.3704577e+02
   6.1676430e+02
   4.5190664e+02
   2.4658862e+02
   5.0646912e+02
   1.9108065e+02
   9.8831867e+00
   2.0886582e+00
   1.8336688e+02
   1.4680760e+02
   5.6336811e+02
   6.0133565e+02
   3.0297174e+02
   8.3646354e+01
   5.8664227e+02
  -2.3959165e+01
   4.6674647e+01
   6.0208773e+02
   2.9328790e+02
   6.3325114e+02
  -2.0423563e+01
   1.6514841e+02
   4.0825209e+02
   1.8179991e+02
   1.8956516e+02
   6.6678910e+02
   4.1863834e+02
   1.6840433e+02
   4.6923613e+02
   4.6082136e+02
   3.2000000e+02
   6.3288524e+02
   2.7803879e+02
   2.9608123e+02
   7.0633144e+01
   3.1248041e+02
   5.8750116e+02
   5.7828682e+02
   1.2304914e+02
   3.7435513e+02
   1.4449419e+02
   6.5939167e+02
   6.5955353e+02
   3.8097506e+02
   4.2986645e+02
   1.4753371e+02
   2.8130765e+02
   1.5647154e+02
   1.4588827e+02
   3.1039015e+02
   3.1876572e+02
   3.9718897e+02
   2.6637183e+02
   2.1211623e+02
   4.2304252e+02
  -2.4092742e+01
   4.0788244e+02
  -5.3066573e+00
   1.6749246e+02
   2.3757183e+02
   3.9308506e+02
   2.2421079e+02
   3.5198016e+00
   7.9880765e+00
   3.5273416e+02
   4.8513104e+02
   3.0436257e+02
   5.3517906e+02
   1.4790816e+02
   4.7189047e+02
   3.3508458e+01
   6.2895602e+02
   5.1891957e+02
   1.1407665e+02
   5.8402770e+02
   1.4922311e+01
   4.2954867e+02
   4.9011512e+02
   6.9168792e+01
   4.9831241e+02
   3.8507674e+02
   2.6015339e+02
  -2.2501928e+01
  -2.0042875e+01
   4.7265590e+02
   4.8233762e+02
   2.0703971e+02
   1.2744617e+02
   5.6268630e+02
   3.5902314e+02
   1.0114132e+02
   4.4879703e+01
   6.3460916e+02
   3.8946301e+02
   6.7653935e+02
   2.7207399e+02
   6.1145774e+02
   2.2552922e+02
   9.5515055e+01
   2.9203663e+02
   4.1417731e+02
   5.3909845e+02
   2.3265700e+02
   4.6883701e+02
   4.2635192e+02
   5.3509480e+02
   5.8403095e+02
   3.7783872e+02
   5.3771466e+02
   4.3772192e+02
   1.2349266e+01
   4.7892978e+01
   4.3816543e+02
   3.0201658e+02
   6.7837803e+02
   2.5335864e+02
   5.3125128e+02
   5.6285590e+02
   3.3442512e+02
   2.6033424e+02
   6.5476375e+02
   8.2324985e+01
   4.6050719e+02
   4.9264798e+02
   6.0603700e+02
   6.9298536e+01
   6.1983244e+02
   3.4335702e+02
   2.1316135e+02
   6.1110628e+02
   3.4644836e+02
   1.5147029e+02
   2.4233900e+01
   1.0575706e+02
   5.9975853e+02
   6.1891367e+02
   2.0607623e+02
   3.2599893e+02
   2.2085660e+02
   1.3929759e+02
   5.4367552e+02
   1.9319273e+02
   6.4875654e+02
   5.5011774e+02
   4.0546761e+02
   7.3450229e+01
   3.4673009e+02
   5.1473467e+02
   2.5623690e+02
   3.0670769e+02
   2.1458008e+01
   2.1053004e+02
   2.7942114e+02
   2.3071302e+02
   1.9750811e+02
   4.0397256e+01
   4.4065778e+02
   6.0164775e+02
   5.3602402e+02
   3.6364276e+02
   6.5422196e+02
   3.2366500e+02
   2.0153684e+02
   6.0208875e+02
   2.7467203e+02
   2.6617950e+01
   1.2881949e+02
   2.6504730e+02
   1.1975326e+02
   5.2070516e+02
   6.0769504e+02
   1.4180536e+02
   5.6673961e+02
   3.7834121e+02
   5.0667275e+02
   1.6285211e+02
   3.9565287e+02
   4.5564055e+02
   3.6572819e+02
   1.0788190e+02
   6.4646065e+02
   2.8244050e+02
   5.1388711e+02
   2.9870486e+02
   1.4011864e+02
   1.6724202e+02
   1.5355112e+02
   2.4005832e+02
   4.0131692e+02
   6.6837545e+01
   5.3854966e+02
   3.2513219e+02
   5.4368987e+02
   2.8039077e+02
   4.3454085e+02
   6.6969824e+02
   1.4444990e+02
   4.3045933e+02
   1.7623427e+02
   5.0940892e+02
   3.0167278e+02
   2.6791600e+02
   3.4223626e+02
   2.5270776e+02
   1.1585604e+02
  -4.0960509e+00
   3.4831647e+02
   5.9138694e+01
   4.7616548e+02
   1.2218638e+02
   3.9062592e+02
   6.4533676e+02
   4.7008588e+02
   1.9821670e+02
   7.7329270e+00
   4.5203526e+02
   1.2693595e+02
   7.9718166e+01
   4.6628219e+02
   1.7109010e+02
   5.5937403e+02
   5.3893434e+02
   3.3372325e+02
  -8.3831705e-01
   5.3846751e+01
   5.6578835e+02
   6.8598943e+01
   1.4490293e+02
   8.4772384e+01
   2.9882027e+02
   6.5898517e+02
   5.8733371e+02
   3.9336328e+02
   2.8946333e+02
   4.6097430e+02
   6.4705375e+02
   3.6207750e+02
   1.8570474e+02
   2.6071682e+01
   2.6809458e+02
   3.4395458e+02
   3.0768802e+02
   6.8526939e+02
   3.0956525e+02
   3.2822252e+01
   6.6083632e+02
   5.2857274e+02
   6.3754042e+02
   2.0642495e+02
   2.2000484e+02
   6.9137738e+01
   3.5681405e+02
   5.9553617e+02
   5.4229398e+02
   1.8692679e+02
   2.2614274e+02
   2.0959322e+02
   3.7722986e+02
   2.2717967e+02
   4.2577058e+02
  -5.8612364e+00
   3.9934442e+02
   4.4628067e+01
   2.3141702e+02
   2.2293303e+02
   4.1164532e+02
   4.8203008e+02
   6.0882839e+02
   1.4475805e+02
   3.4549458e+02
   6.7751273e+02
   5.5922035e+02
   6.8306181e+02
   2.4768995e+02
   4.5512972e+01
   4.9684511e+01
   5.8089680e+00
   3.4607826e+02
   6.4985866e+01
   5.3965056e+02
   5.0963013e+01
   6.7082284e+02
   3.4665162e+02
   4.9472724e+02
   6.4710500e+01
   6.3415428e+02
   5.9746497e+02
   3.2134547e+02
   6.0138442e+01
  -1.8565472e+01
   6.6617092e+02
   2.2518714e+02
   2.6449837e+02
   4.9560467e+02
   6.5249320e+02
   9.3719891e+01
  -9.6883382e+00
   5.6432953e+02
   4.3900681e+02
   3.9072471e+02
   5.6090721e+02
   1.5320366e+02
   5.4888599e+01
   1.3173495e+02
   4.0229981e+02
   1.8604981e+01
   4.2961444e+02
   6.4209281e+01
   3.9698964e+02
   2.4383528e+02
   5.7207095e+02
   3.6062306e+02
   1.8275827e+02
   4.3466515e+02
   1.8720478e+02
   6.2876603e+02
   4.7344941e+02
   3.8316044e+02
   6.1446537e+01
   5.2889880e+02
   3.1447897e+01
   3.0731325e+02
   6.5983477e+02
   6.8433515e+02
   3.2273072e+02
   1.8388737e+02
   4.3876116e+02
   6.7685179e+02
   2.9604851e+02
   1.2822307e+02
   6.4424447e+02
   3.1743638e+01
   2.1817788e+02
   5.0056940e+02
   2.7947956e+02
   1.9293125e+02
   3.4779272e+02
   4.0978662e+02
   2.9107474e+02
   4.9158684e+02
   3.1755787e+02
   2.8790534e+02
   2.6069278e+01
   6.1639969e+01
   6.3954454e+01
   5.4276251e+02
   2.8361750e+01
   6.5825631e+02
   5.4672490e+02
   2.0425703e+02
   1.5832333e+01
   4.8508816e+02
   2.7326454e+02
   3.9516895e+02
   4.7379143e+02
   4.0344429e+02
   4.6444630e+02
   3.7524464e+02
   3.2599619e+02
   1.7540487e+02
   5.3630158e+02
   4.8118183e+02
   6.1887004e+02
   1.2076903e+02
   3.2897173e+02
   3.0588209e+02
   6.7076514e+02
   1.6761002e+02
  -2.1032042e+01
   1.3194772e+02
   2.1811142e+02
   4.5736678e+02
   5.8204385e+02
   2.5778499e+02
   3.4137206e+02
   1.4261769e+02
   2.4070443e+02
   7.3711895e+01
   4.6240582e+02
   1.9864312e+01
   5.9500307e+02
   2.2632016e+02
   5.0731176e+02
   4.2716719e+02
   4.7874903e+02
   6.4116172e+02
   1.5008120e+02
   1.0721194e+02
   1.3056030e+02
   1.0278372e+02
   6.4295023e+02
   2.8798071e+02
   4.4851610e+02
   2.5686397e+02
   3.1031458e+02
   5.6291443e+02
   4.8740148e+02
   6.1040847e+02
   1.7396809e+02
   5.3637140e+02
   4.8427741e+02
   2.3800361e+02
   3.3189883e+02
   6.7801192e+02
   6.9946399e+00
   3.7479005e+02
   3.5642208e+02
   5.9101782e+02
   4.0606953e+02
   1.8282663e+02
   6.8536351e+02
   3.4656868e+01
   5.9912085e+02
   5.1389576e+02
   6.3133922e+02
   4.1068567e+02
   5.0910011e+02
   3.8495998e+02
   1.9910885e+02
   1.7824755e+02
   3.7354176e+02
   3.2414478e+02
   2.3802872e+02
   6.7047552e+02
   4.5197950e+02
   1.0575073e+02
   2.4557791e+02
   1.4755115e+02
   5.2827386e+02
   9.6960772e+00
   2.2593223e+02
   3.9931228e+02
   3.4946343e+02
   6.1725272e+02
   5.2140505e+02
   1.1770194e+02
   8.9958704e+01
   6.4855160e+02
   6.0580709e+02
   2.8738101e+02
   7.7560928e+00
   3.6541674e+01
   1.0891496e+02
   1.9423873e+02
   3.8543747e+02
   4.3275030e+01
   1.8510393e+02
   1.4322049e+01
   2.8734707e+02
   2.7743727e+02
   2.0620892e+02
   1.3488028e+02
   4.8768128e+01
   5.6743909e+02
   5.5062964e+02
   5.0296134e+02
   1.2945472e+02
  -1.7266985e+01
   1.3415654e+02
   5.6734439e+02
   3.2342596e+02
   9.6261441e+01
   6.8284375e+02
   2.6599619e+02
   4.9652793e+02
   5.7766987e+02
   4.1764780e+02
   2.7704245e+02
   2.6678834e+02
   5.2798245e+02
   1.7274739e+02
   4.7239844e+02
   6.4246330e+02
   6.4069362e+02
   4.7864192e+02
   4.4832516e+02
   1.7436053e+02
   4.4378749e+02
   3.7455540e+02
   1.2127470e+01
   3.9007992e+02
   4.0789482e+02
   3.2535827e+02
   3.5366445e+02
   3.2685368e+02
   3.4576329e+02
   2.1223882e+02
   4.0574312e+02
   6.7865287e+02
   4.4596232e+02
   1.8401493e+02
   1.7322021e+02
   2.8495444e+01
   5.7064386e+01
   4.4612581e+02
   3.4623762e+02
   9.5623123e+01
   2.6865126e+02
   6.6988622e+02
   4.9216651e+02
   5.3758897e+02
   5.4526595e+02
   2.3880569e+02
   1.5720062e+02
   1.4693511e+02
   2.0671922e+02
   2.1919622e+02
   8.1858807e+01
   5.0695751e+02
   5.3733941e+02
   5.1967703e+02
   4.4666421e+02
   2.7011420e+01
   6.3077385e+02
   1.5430066e+02
   1.4968041e+01
   4.9263142e+01
   7.2287068e+01
   3.9593748e+02
   3.9091138e+02
   1.1414620e+02
   4.8330505e+02
   1.3466516e+02
   3.3156297e+02
   1.7525043e+02
   1.2618067e+02
   4.8213060e+02
   2.7789998e+02
   1.6589481e+02
   6.8231924e+02
   3.1396429e+02
   5.7170873e+02
   6.6147910e+02
   6.5656530e+02
   4.6046745e+02
   3.9402304e+00
   6.1482887e+02
   5.1393620e+02
   4.2512377e+02
   3.6733150e+02
   2.5493071e+02
   5.9232428e+02
   1.7879151e+02
   1.1069083e+02
   6.3542529e+02
   3.4431432e+02
   3.1229345e+02
   3.2452549e+02
   1.4234793e+02
   6.5161917e+02
   6.5441269e+02
   6.7533936e+02
   4.6384014e+02
   6.4037614e+02
   8.8472300e+01
   2.1462333e+02
   6.6429446e+02
   5.3150035e+02
   4.4112217e+02
   2.8532483e+02
   2.4072029e+02
   3.3024747e+02
   1.6748573e+02
   8.3802564e+01
   4.9537123e+02
   3.6335542e+02
   1.5022932e+01
  -1.5363594e-01
   6.8036250e+02
   1.1025424e+02
   4.0334547e+02
   5.7563630e+02
   2.3489725e+01
   5.6732308e+02
   4.0558196e+02
   1.5154492e+02
   5.4362345e+02
  -5.9353019e-01
   3.0707946e+02
  -2.0327108e+01
   6.5265009e+01
   3.2150358e+02
   2.7115064e+02
   1.1201730e+02
   3.9620889e+02
   2.0182770e+02
   6.1929692e+02
   3.7775126e+02
   3.0571979e+02
   5.4602876e+01
   4.7388566e+02
   2.8927504e+02
   6.5630965e+02
   8.0569415e+01
   6.5888026e+02
   3.0285696e+02
   1.9808626e+02
   4.5562859e+02
   6.0882727e+02
   4.8135398e+02
   6.2261459e+02
   1.5369971e+01
   5.2966188e+02
   1.3670176e+02
   1.4431802e+02
   1.7065961e+02
   5.3687124e+01
   5.2057312e+02
   4.7657171e+02
   9.8297880e+00
   5.8758945e+02
   4.3637449e+02
   6.4546423e+02
   4.5533598e+02
   2.2410071e+02
   2.7745473e+02
   5.5969286e+02
   3.2408126e+02
   6.6056500e+02
   1.6447347e+02
   2.3549574e+02
   4.7125752e+02
   5.8155664e+02
   5.6219062e+02
   4.0887391e+02
   4.9636191e+02
   1.4693097e+02
   4.5475035e+02
   1.4299700e+02
   2.9380895e+01
   6.5005656e+02
   5.7753780e+02
  -1.2234424e+00
   6.3795977e+02
   5.2450907e+01
   5.0504469e+02
   1.0210110e+02
   2.8473664e+02
   6.1979181e+02
   1.0408722e+01
   1.6293219e+01
   6.6240036e+02
   3.8580199e+02
   5.9052536e+02
   4.6725893e+02
   5.7674624e+02
   4.1652486e+02
   4.7020627e+02
   2.1018564e+02
   3.5001504e+01
   5.7527176e+02
   4.0187496e+02
   1.3423583e+02
   1.4137258e+02
   6.2499873e+02
  -3.2518180e+00
   1.5246321e+01
   4.6234953e+01
   4.2609570e+02
   1.2883522e+02
   4.1595321e+02
   3.0562091e+01
   3.0074897e+01
   1.6281546e+02
   8.1956886e+01
   6.5428573e+02
   3.0254389e+02
   1.1875466e+02
   4.1573452e+01
   1.8445186e+02
   6.3190105e+02
   4.4101657e+02
   6.5061059e+02
   4.1427257e+02
  -2.3850558e+01
   3.9894686e+02
   6.3602259e+02
   3.8672870e+02
   3.5105528e+02
   2.6077677e+02
  -2.4895675e+01
   2.8004279e+02
   1.6837293e+02
   1.4106802e+02
   4.4192304e+01
   3.5953805e+02
  -2.0514747e+01
   1.2675216e+02
   4.3028000e+02
   7.1640729e+01
   3.0164469e+02
   2.5569626e+02
   2.8262540e+02
   7.7315254e+01
   1.5343544e+02
   5.1856015e+02
   2.7519197e+02
   6.5053670e+02
   3.2907044e+01
  -1.1269909e+01
   3.4768764e+02
   2.1852718e+02
   5.6868469e+02
   3.7548956e+02
   6.5676925e+02
   5.6551588e+02
   4.8381381e+02
  -6.8491113e+00
   4.1157262e+02
   1.2775164e+02
   5.9128880e+02
   5.4942911e+02
   2.9445988e+02
   1.8745275e+01
   5.4148137e+01
   6.4646101e+02
   3.3587905e+01
   3.6726326e+02
   2.6929988e+02
   3.2976919e+02
   1.5206119e+02
  -1.2038184e+01
   3.2887599e+02
   4.2675065e+02
   5.5756831e+02
   5.7312119e+02
   4.8352064e+02
   3.7624924e+02
   1.8290853e+02
   3.2302797e+02
   6.7452012e+02
   3.0062760e+02
   1.2357356e+02
   3.0423199e+02
   2.1330876e+02
   6.2070575e+02
   6.3086198e+02
   8.7820672e+01
   4.8915856e+02
   1.7439217e+02
  -1.9921231e+01
  -5.2833702e+00
   3.9243344e+02
   6.4881669e+02
   3.2399779e+02
   4.8732831e+02
   2.9467163e+02
  -1.5877725e+01
   5.7223385e+02
   6.3749182e+02
   4.1075322e+01
   4.5915498e+02
  -1.2437511e+01
   6.3525198e+02
   4.4141691e+02
   2.1717058e+02
   1.8350709e+02
   4.2276377e+02
   6.6898323e+02
   6.3771665e+02
   2.6467359e+02
   5.3025362e+02
   3.1088099e+02
   4.7195210e+02
   4.7491838e+02
   2.1780049e+02
   4.1758024e+02
   8.7735595e+01
   6.0131484e+01
   2.2046003e+02
   3.3393811e+02
   3.0379733e+02
   6.3230931e+02
   2.1348174e+02
   5.6617478e+01
   3.0852419e+02
   1.8335752e+02
   3.9991113e+02
   5.9836557e+02
   2.0218197e+02
   4.9604139e+02
   2.7153769e+02
   6.5273592e+02
   6.2586801e+02
   6.8331406e+02
   4.6269786e+02
   4.1424793e+02
   1.7156828e+02
   5.7858782e+02
   2.5787980e+02
   4.2971118e+02
   2.4389193e+02
   4.4602457e+02
   5.8092892e+02
   4.3533786e+02
   5.6379672e+02
   5.0107739e+02
   1.2556040e+02
   2.8797072e+02
   6.5859469e+02
   9.7420359e+01
   5.4595967e+02
   5.4484128e+02
   3.8265940e+02
   1.0591141e+02
   5.0865253e+02
   2.6786231e+02
   2.3800811e+02
   5.3641679e+02
   4.7249818e+02
  -1.5062191e+01
   1.2778477e+02
   6.7020229e+02
   3.2684874e+02
   5.4222688e+02
   6.0304959e+02
   4.1251957e+02
  -1.7593336e+00
  -1.4033051e+01
   2.3715859e+01
  -2.0910698e+01
   1.7772664e+02
   6.1523747e+02
   4.5161995e+02
   4.7820984e+02
   1.1732428e+02
   1.4182431e+00
   3.3514588e+02
   6.8229914e+02
   6.7171435e+02
   4.5183170e+02
   2.0549098e+01
   6.7027433e+02
   3.6504391e+02
   1.3682756e+01
   1.2158693e+01
   1.5298418e+02
   2.7349814e+02
   3.1011638e+02
   4.9669583e+01
   4.7585208e+00
   5.8790004e+02
   2.0816738e+02
   3.4232680e+02
   3.9964685e+02
   6.1366209e+00
   3.2865725e+02
   5.3304831e+02
   6.3560964e+02
   1.5217703e+02
   8.4375329e+01
   3.5642554e+02
   4.5020066e+02
   1.3320186e+02
   4.5878625e+02
   5.8044216e+02
   4.4217180e+02
   4.3122853e+02
   4.7041361e+02
  -8.0543943e+00
   4.5987217e+02
   2.7837434e+02
   1.0615239e+02
   4.1532716e+02
   1.2308579e+02
   3.1453517e+02
   6.1492042e+01
   4.5214606e+02
   5.1866609e+02
   6.1563278e+02
   4.0478654e+02
   2.8650131e+02
   7.0764411e+01
   1.1097898e+02
  -1.1807600e+00
   6.2786981e+02
   3.5544622e+01
   4.3729973e+02
   5.7959728e+01
   4.8861823e+02
   2.0126253e+02
   3.8080206e+02
   5.9507415e+02
   1.9757532e+02
   1.6461469e+02
   1.1098776e+02
   2.4418453e+02
   4.6764797e+02
   3.7766766e+01
   1.1421975e+02
   2.9566388e+02
   3.1280476e+02
   4.9123911e+02
   3.1451198e+02
   5.3859664e+02
   1.6622463e+02
   6.6380704e+02
   2.8396865e+02
   4.9895789e+02
   5.6511726e+00
   5.7757037e+02
   1.5269497e+01
   6.5788332e+02
   3.6989021e+02
   2.4075019e+02
   4.8015682e+02
   2.1314953e+02
   5.8918800e+01
   1.3757860e+02
   4.4159809e+02
   1.8781491e+02
   2.9501386e+01
   7.1464789e+01
   5.7055958e+02
   4.0505179e+02
   6.0778112e+02
   1.7264422e+02
   4.9358656e+02
   2.3764562e+02
   2.5172498e+02
   5.4294197e+02
   4.3474361e+02
   5.5182414e+02
   5.3802755e+02
   4.6569946e+02
   6.5708052e+02
   1.3467919e+02
   3.5351166e+02
   6.4220014e+01
   5.6258495e+02
   5.1088598e+02
   6.3048128e+02
   5.9245715e+02
   6.2155262e+02
   3.2397038e+02
   5.3361683e+02
   1.6833926e+02
   4.3006915e+02
   6.6168222e+02
   5.2423646e+02
   2.2309040e+01
   3.4736921e+02
   4.2063989e+02
   5.4483757e+02
   1.6559831e+02
   5.1499496e+02
   7.9919623e+01
   1.9040205e+02
   8.1126548e+01
   1.6378888e+02
   2.7052596e+02
   6.5107165e+01
   6.5691089e+02
   6.3975898e+02
   5.1168713e+01
   2.8589880e+01
   3.7330053e+02
   1.4566118e+02
   6.7164684e+02
   6.2614914e+02
   3.7060322e+02
   3.3889175e+02
   4.5417760e+02
   5.3045303e+02
   2.5096155e+02
   2.2620623e+02
   3.6652168e+01
   1.7127846e+02
   2.9705859e+02
   3.1975980e+02
   6.6083323e+02
   4.7146430e+02
   2.4322593e+02
   1.0821597e+02
   3.3331942e+02
   1.7440344e+02
   5.8915176e+02
   5.5896965e+02
   5.9978369e+01
   4.1939392e+02
   6.6179258e+01
   3.9681074e+02
   4.2323613e+02
   1.2956566e+02
   1.2721898e+02
   1.7585808e+02
   4.4948054e+02
   5.4160513e+02
   5.8342156e+02
   4.5881969e+02
   5.1227377e+02
   1.0824905e+02
   2.3992157e+02
   5.7179626e+02
   3.2908044e+02
   3.1666809e+02
   2.8865823e+02
   5.4140412e+02
   5.1105574e+02
   2.3059585e+02
   4.3704577e+02
   6.1676430e+02
   4.5190664e+02
   2.4658862e+02
   5.0646912e+02
   1.9108065e+02
   9.8831867e+00
   2.0886582e+00
   1.8336688e+02
   1.4680760e+02
   5.6336811e+02
   6.0133565e+02
   3.0297174e+02
   8.3646354e+01
   5.8664227e+02
  -2.3959165e+01
   4.6674647e+01
   6.0208773e+02
   2.9328790e+02
   6.3325114e+02
  -2.0423563e+01
   1.6514841e+02
   4.0825209e+02
   1.8179991e+02
   1.8956516e+02
   6.6678910e+02
   4.1863834e+02
   1.6840433e+02
   4.6923613e+02
   4.6082136e+02
   3.2000000e+02
   6.3288524e+02
   2.7803879e+02
   2.9608123e+02
   7.0633144e+01
   3.1248041e+02
   5.8750116e+02
   5.7828682e+02
   1.2304914e+02
   3.7435513e+02
   1.4449419e+02
   6.5939167e+02
   6.5955353e+02
   3.8097506e+02
   4.2986645e+02
   1.4753371e+02
   2.8130765e+02
   1.5647154e+02
   1.4588827e+02
   3.1039015e+02
   3.1876572e+02
   3.9718897e+02
   2.6637183e+02
   2.1211623e+02
   4.2304252e+02
  -2.4092742e+01
   4.0788244e+02
  -5.3066573e+00
   1.6749246e+02
   2.3757183e+02
   3.9308506e+02
   2.2421079e+02
   3.5198016e+00
   7.9880765e+00
   3.5273416e+02
   4.8513104e+02
   3.0436257e+02
   5.3517906e+02
   1.4790816e+02
   4.7189047e+02
   3.3508458e+01
   6.2895602e+02
   5.1891957e+02
   1.1407665e+02
   5.8402770e+02
   1.4922311e+01
   4.2954867e+02
   4.9011512e+02
   6.9168792e+01
   4.9831241e+02
   3.8507674e+02
   2.6015339e+02
  -2.2501928e+01
  -2.0042875e+01
   4.7265590e+02
   4.8233762e+02
   2.0703971e+02
   1.2744617e+02
   5.6268630e+02
   3.5902314e+02
   1.0114132e+02
   4.4879703e+01
   6.3460916e+02
   3.8946301e+02
   6.7653935e+02
   2.7207399e+02
   6.1145774e+02
   2.2552922e+02
   9.5515055e+01
   2.9203663e+02
   4.1417731e+02
   5.3909845e+02
   2.3265700e+02
   4.6883701e+02
   4.2635192e+02
   5.3509480e+02
   5.8403095e+02
   3.7783872e+02
   5.3771466e+02
   4.3772192e+02
   1.2349266e+01
   4.7892978e+01
   4.3816543e+02
   3.0201658e+02
   6.7837803e+02
   2.5335864e+02
   5.3125128e+02
   5.6285590e+02
   3.3442512e+02
   2.6033424e+02
   6.5476375e+02
   8.2324985e+01
   4.6050719e+02
   4.9264798e+02
   6.0603700e+02
   6.9298536e+01
   6.1983244e+02
   3.4335702e+02
   2.1316135e+02
   6.1110628e+02
   3.4644836e+02
   1.5147029e+02
   2.4233900e+01
   1.0575706e+02
   5.9975853e+02
   6.1891367e+02
   2.0607623e+02
   3.2599893e+02
   2.2085660e+02
   1.3929759e+02
   5.4367552e+02
   1.9319273e+02
   6.4875654e+02
   5.5011774e+02
   4.0546761e+02
   7.3450229e+01
   3.4673009e+02
   5.1473467e+02
   2.5623690e+02
   3.0670769e+02
   2.1458008e+01
   2.1053004e+02
   2.7942114e+02
   2.3071302e+02
   1.9750811e+02
   4.0397256e+01
   4.4065778e+02
   6.0164775e+02
   5.3602402e+02
   3.6364276e+02
   6.5422196e+02
   3.2366500e+02
   2.0153684e+02
   6.0208875e+02
   2.7467203e+02
   2.6617950e+01
   1.2881949e+02
   2.6504730e+02
   1.1975326e+02
   5.2070516e+02
   6.0769504e+02
   1.4180536e+02
   5.6673961e+02
   3.7834121e+02
   5.0667275e+02
   1.6285211e+02
   3.9565287e+02
   4.5564055e+02
   3.6572819e+02
   1.0788190e+02
   6.4646065e+02
   2.8244050e+02
   5.1388711e+02
   2.9870486e+02
   1.4011864e+02
   1.6724202e+02
   1.5355112e+02
   2.4005832e+02
   4.0131692e+02
   6.6837545e+01
   5.3854966e+02
   3.2513219e+02
   5.4368987e+02
   2.8039077e+02
   4.3454085e+02
   6.6969824e+02
   1.4444990e+02
   4.3045933e+02
   1.7623427e+02
   5.0940892e+02
   3.0167278e+02
   2.6791600e+02
   3.4223626e+02
   2.5270776e+02
   1.1585604e+02
  -4.0960509e+00
   3.4831647e+02
   5.9138694e+01
   4.7616548e+02
   1.2218638e+02
   3.9062592e+02
   6.4533676e+02
   4.7008588e+02
   1.9821670e+02
   7.7329270e+00
   4.5203526e+02
   1.2693595e+02
   7.9718166e+01
   4.6628219e+02
   1.7109010e+02
   5.5937403e+02
   5.3893434e+02
   3.3372325e+02
  -8.3831705e-01
   5.3846751e+01
   5.6578835e+02
   6.8598943e+01
   1.4490293e+02
   8.4772384e+01
   2.9882027e+02
   6.5898517e+02
   5.8733371e+02
   3.9336328e+02
   2.8946333e+02
   4.6097430e+02
   6.4705375e+02
   3.6207750e+02
   1.8570474e+02
   2.6071682e+01
   2.6809458e+02
   3.4395458e+02
   3.0768802e+02
   6.8526939e+02
   3.0956525e+02
   3.2822252e+01
   6.6083632e+02
   5.2857274e+02
   6.3754042e+02
   2.0642495e+02
   2.2000484e+02
   6.9137738e+01
   3.5681405e+02
   5.9553617e+02
   5.4229398e+02
   1.8692679e+02
   2.2614274e+02
   2.0959322e+02
   3.7722986e+02
   2.2717967e+02
   4.2577058e+02
  -5.8612364e+00
   3.9934442e+02
   4.4628067e+01
   2.3141702e+02
   2.2293303e+02
   4.1164532e+02
   4.8203008e+02
   6.0882839e+02
   1.4475805e+02
   3.4549458e+02
   6.7751273e+02
   5.5922035e+02
   6.8306181e+02
   2.4768995e+02
   4.5512972e+01
   4.9684511e+01
   5.8089680e+00
   3.4607826e+02
   6.4985866e+01
   5.3965056e+02
   5.0963013e+01
   6.7082284e+02
   3.4665162e+02
   4.9472724e+02
   6.4710500e+01
   6.3415428e+02
   5.9746497e+02
   3.2134547e+02
   6.0138442e+01
  -1.8565472e+01
   6.6617092e+02
   2.2518714e+02
   2.6449837e+02
   4.9560467e+02
   6.5249320e+02
   9.3719891e+01
  -9.6883382e+00
   5.6432953e+02
   4.3900681e+02
   3.9072471e+02
   5.6090721e+02
   1.5320366e+02
   5.4888599e+01
   1.3173495e+02
   4.0229981e+02
   1.8604981e+01
   4.2961444e+02
   6.4209281e+01
   3.9698964e+02
   2.4383528e+02
   5.7207095e+02
   3.6062306e+02
   1.8275827e+02
   4.3466515e+02
   1.8720478e+02
   6.2876603e+02
   4.7344941e+02
   3.8316044e+02
   6.1446537e+01
   5.2889880e+02
   3.1447897e+01
   3.0731325e+02
   6.5983477e+02
   6.8433515e+02
   3.2273072e+02
   1.8388737e+02
   4.3876116e+02
   6.7685179e+02
   2.9604851e+02
   1.2822307e+02
   6.4424447e+02
   3.1743638e+01
   2.1817788e+02
   5.0056940e+02
   2.7947956e+02
   1.9293125e+02
   3.4779272e+02
   4.0978662e+02
   2.9107474e+02
   4.9158684e+02
   3.1755787e+02
   2.8790534e+02
   2.6069278e+01
   6.1639969e+01
   6.3954454e+01
   5.4276251e+02
   2.8361750e+01
   6.5825631e+02
   5.4672490e+02
   2.0425703e+02
   1.5832333e+01
   4.8508816e+02
   2.7326454e+02
   3.9516895e+02
   4.7379143e+02
   4.0344429e+02
   4.6444630e+02
   3.7524464e+02
   3.2599619e+02
   1.7540487e+02
   5.3630158e+02
   4.8118183e+02
   6.1887004e+02
   1.2076903e+02
   3.2897173e+02
   3.0588209e+02
   6.7076514e+02
   1.6761002e+02
  -2.1032042e+01
   1.3194772e+02
   2.1811142e+02
   4.5736678e+02
   5.8204385e+02
   2.5778499e+02
   3.4137206e+02
   1.4261769e+02
   2.4070443e+02
   7.3711895e+01
   4.6240582e+02
   1.9864312e+01
   5.9500307e+02
   2.2632016e+02
   5.0731176e+02
   4.2716719e+02
   4.7874903e+02
   6.4116172e+02
   1.5008120e+02
   1.0721194e+02
   1.3056030e+02
   1.0278372e+02
   6.4295023e+02
   2.8798071e+02
   4.4851610e+02
   2.5686397e+02
   3.1031458e+02
   5.6291443e+02
   4.8740148e+02
   6.1040847e+02
   1.7396809e+02
   5.3637140e+02
   4.8427741e+02
   2.3800361e+02
   3.3189883e+02
   6.7801192e+02
   6.9946399e+00
   3.7479005e+02
   3.5642208e+02
   5.9101782e+02
   4.0606953e+02
   1.8282663e+02
   6.8536351e+02
   3.4656868e+01
   5.9912085e+02
   5.1389576e+02
   6.3133922e+02
   4.1068567e+02
   5.0910011e+02
   3.8495998e+02
   1.9910885e+02
   1.7824755e+02
   3.7354176e+02
   3.2414478e+02
   2.3802872e+02
   6.7047552e+02
   4.5197950e+02
   1.0575073e+02
   2.4557791e+02
   1.4755115e+02
   5.2827386e+02
   9.6960772e+00
   2.2593223e+02
   3.9931228e+02
   3.4946343e+02
   6.1725272e+02
   5.2140505e+02
   1.1770194e+02
   8.9958704e+01
   6.4855160e+02
   6.0580709e+02
   2.8738101e+02
   7.7560928e+00
   3.6541674e+01
   1.0891496e+02
   1.9423873e+02
   3.8543747e+02
   4.3275030e+01
   1.8510393e+02
   1.4322049e+01
   2.8734707e+02
   2.7743727e+02
   2.0620892e+02
   1.3488028e+02
   4.8768128e+01
   5.6743909e+02
   5.5062964e+02
   5.0296134e+02
   1.2945472e+02
  -1.7266985e+01
   1.3415654e+02
   5.6734439e+02
   3.2342596e+02
   9.6261441e+01
   6.8284375e+02
   2.6599619e+02
   4.9652793e+02
   5.7766987e+02
   4.1764780e+02
   2.7704245e+02
   2.6678834e+02
   5.2798245e+02
   1.7274739e+02
   4.7239844e+02
   6.4246330e+02
   6.4069362e+02
   4.7864192e+02
   4.4832516e+02
   1.7436053e+02
   4.4378749e+02
   3.7455540e+02
   1.2127470e+01
   3.9007992e+02
   4.0789482e+02
   3.2535827e+02
   3.5366445e+02
   3.2685368e+02
   3.4576329e+02
   2.1223882e+02
   4.0574312e+02
   6.7865287e+02
   4.4596232e+02
   1.8401493e+02
   1.7322021e+02
   2.8495444e+01
   5.7064386e+01
   4.4612581e+02
   3.4623762e+02
   9.5623123e+01
   2.6865126e+02
   6.6988622e+02
   4.9216651e+02
   5.3758897e+02
   5.4526595e+02
   2.3880569e+02
   1.5720062e+02
   1.4693511e+02
   2.0671922e+02
   2.1919622e+02
   8.1858807e+01
   5.0695751e+02
   5.3733941e+02
   5.1967703e+02
   4.4666421e+02
   2.7011420e+01
   6.3077385e+02
   1.5430066e+02
   1.4968041e+01
   4.9263142e+01
   7.2287068e+01
   3.9593748e+02
   3.9091138e+02
   1.1414620e+02
   4.8330505e+02
   1.3466516e+02
   3.3156297e+02
   1.7525043e+02
   1.2618067e+02
   4.8213060e+02
   2.7789998e+02
   1.6589481e+02
   6.8231924e+02
   3.1396429e+02
   5.7170873e+02
   6.6147910e+02
   6.5656530e+02
   4.6046745e+02
   3.9402304e+00
   6.1482887e+02
   5.1393620e+02
   4.2512377e+02
   3.6733150e+02
   2.5493071e+02
   5.9232428e+02
   1.7879151e+02
   1.1069083e+02
   6.3542529e+02
   3.4431432e+02
   3.1229345e+02
   3.2452549e+02
   1.4234793e+02
   6.5161917e+02
   6.5441269e+02
   6.7533936e+02
   4.6384014e+02
   6.4037614e+02
   8.8472300e+01
   2.1462333e+02
   6.6429446e+02
   5.3150035e+02
   4.4112217e+02
   2.8532483e+02
   2.4072029e+02
   3.3024747e+02
   1.6748573e+02
   8.3802564e+01
   4.9537123e+02
   3.6335542e+02
   1.5022932e+01
  -1.5363594e-01
   6.8036250e+02
   1.1025424e+02
   4.0334547e+02
   5.7563630e+02
   2.3489725e+01
   5.6732308e+02
   4.0558196e+02
   1.5154492e+02
   5.4362345e+02
  -5.9353019e-01
   3.0707946e+02
  -2.0327108e+01
   6.5265009e+01
   3.2150358e+02
   2.7115064e+02
   1.1201730e+02
   3.9620889e+02
   2.0182770e+02
   6.1929692e+02
   3.7775126e+02
   3.0571979e+02
   5.4602876e+01
   4.7388566e+02
   2.8927504e+02
   6.5630965e+02
   8.0569415e+01
   6.5888026e+02
   3.0285696e+02
   1.9808626e+02
   4.5562859e+02
   6.0882727e+02
   4.8135398e+02
   6.2261459e+02
   1.5369971e+01
   5.2966188e+02
   1.3670176e+02
   1.4431802e+02
   1.7065961e+02
   5.3687124e+01
   5.2057312e+02
   4.7657171e+02
   9.8297880e+00
   5.8758945e+02
   4.3637449e+02
   6.4546423e+02
   4.5533598e+02
   2.2410071e+02
   2.7745473e+02
   5.5969286e+02
   3.2408126e+02
   6.6056500e+02
   1.6447347e+02
   2.3549574e+02
   4.7125752e+02
   5.8155664e+02
   5.6219062e+02
   4.0887391e+02
   4.9636191e+02
   1.4693097e+02
   4.5475035e+02
   1.4299700e+02
   2.9380895e+01
   6.5005656e+02
   5.7753780e+02
  -1.2234424e+00
   6.3795977e+02
   5.2450907e+01
   5.0504469e+02
   1.0210110e+02
   2.8473664e+02
   6.1979181e+02
   1.0408722e+01
   1.6293219e+01
   6.6240036e+02
   3.8580199e+02
   5.9052536e+02
   4.6725893e+02
   5.7674624e+02
   4.1652486e+02
   4.7020627e+02
   2.1018564e+02
   3.5001504e+01
   5.7527176e+02
   4.0187496e+02
   1.3423583e+02
   1.4137258e+02
   6.2499873e+02
  -3.2518180e+00
   1.5246321e+01
   4.6234953e+01
   4.2609570e+02
   1.2883522e+02
   4.1595321e+02
   3.0562091e+01
   3.0074897e+01
   1.6281546e+02
   8.1956886e+01
   6.5428573e+02
   3.0254389e+02
   1.1875466e+02
   4.1573452e+01
   1.8445186e+02
   6.3190105e+02
   4.4101657e+02
   6.5061059e+02
   4.1427257e+02
  -2.3850558e+01
   3.9894686e+02
   6.3602259e+02
   3.8672870e+02
   3.5105528e+02
   2.6077677e+02
  -2.4895675e+01
   2.8004279e+02
   1.6837293e+02
   1.4106802e+02
   4.4192304e+01
   3.5953805e+02
  -2.0514747e+01
   1.2675216e+02
   4.3028000e+02
   7.1640729e+01
   3.0164469e+02
   2.5569626e+02
   2.8262540e+02
   7.7315254e+01
   1.5343544e+02
   5.1856015e+02
   2.7519197e+02
   6.5053670e+02
   3.2907044e+01
  -1.1269909e+01
   3.4768764e+02
   2.1852718e+02
   5.6868469e+02
   3.7548956e+02
   6.5676925e+02
   5.6551588e+02
   4.8381381e+02
  -6.8491113e+00
   4.1157262e+02
   1.2775164e+02
   5.9128880e+02
   5.4942911e+02
   2.9445988e+02
   1.8745275e+01
   5.4148137e+01
   6.4646101e+02
   3.3587905e+01
   3.6726326e+02
   2.6929988e+02
   3.2976919e+02
   1.5206119e+02
  -1.2038184e+01
   3.2887599e+02
   4.2675065e+02
   5.5756831e+02
   5.7312119e+02
   4.8352064e+02
   3.7624924e+02
   1.8290853e+02
   3.2302797e+02
   6.7452012e+02
   3.0062760e+02
   1.2357356e+02
   3.0423199e+02
   2.1330876e+02
   6.2070575e+02
   6.3086198e+02
   8.7820672e+01
   4.8915856e+02
   1.7439217e+02
  -1.9921231e+01
  -5.2833702e+00
   3.9243344e+02
   6.4881669e+02
   3.2399779e+02
   4.8732831e+02
   2.9467163e+02
  -1.5877725e+01
   5.7223385e+02
   6.3749182e+02
   4.1075322e+01
   4.5915498e+02
  -1.2437511e+01
   6.3525198e+02
   4.4141691e+02
   2.1717058e+02
   1.8350709e+02
   4.2276377e+02
   6.6898323e+02
   6.3771665e+02
   2.6467359e+02
   5.3025362e+02
   3.1088099e+02
   4.7195210e+02
   4.7491838e+02
   2.1780049e+02
   4.1758024e+02
   8.7735595e+01
   6.0131484e+01
   2.2046003e+02
   3.3393811e+02
   3.0379733e+02
   6.3230931e+02
   2.1348174e+02
   5.6617478e+01
   3.0852419e+02
   1.8335752e+02
   3.9991113e+02
   5.9836557e+02
   2.0218197e+02
   4.9604139e+02
   2.7153769e+02
   6.5273592e+02
   6.2586801e+02
   6.8331406e+02
   4.6269786e+02
   4.1424793e+02
   1.7156828e+02
   5.7858782e+02
   2.5787980e+02
   4.2971118e+02
   2.4389193e+02
   4.4602457e+02
   5.8092892e+02
   4.3533786e+02
   5.6379672e+02
   5.0107739e+02
   1.2556040e+02
   2.8797072e+02
   6.5859469e+02
   9.7420359e+01
   5.4595967e+02
   5.4484128e+02
   3.8265940e+02
   1.0591141e+02
   5.0865253e+02
   2.6786231e+02
   2.3800811e+02
   5.3641679e+02
   4.7249818e+02
  -1.5062191e+01
   1.2778477e+02
   6.7020229e+02
   3.2684874e+02
   5.4222688e+02
   6.0304959e+02
   4.1251957e+02
  -1.7593336e+00
  -1.4033051e+01
   2.3715859e+01
  -2.0910698e+01
   1.7772664e+02
   6.1523747e+02
   4.5161995e+02
   4.7820984e+02
   1.1732428e+02
   1.4182431e+00
   3.3514588e+02
   6.8229914e+02
   6.7171435e+02
   4.5183170e+02
   2.0549098e+01
   6.7027433e+02
   3.6504391e+02
   1.3682756e+01
   1.2158693e+01
   1.5298418e+02
   2.7349814e+02
   3.1011638e+02
   4.9669583e+01
   4.7585208e+00
   5.8790004e+02
   2.0816738e+02
   3.4232680e+02
   3.9964685e+02
   6.1366209e+00
   3.2865725e+02
   5.3304831e+02
   6.3560964e+02
   1.5217703e+02
   8.4375329e+01
   3.5642554e+02
   4.5020066e+02
   1.3320186e+02
   4.5878625e+02
   5.8044216e+02
   4.4217180e+02
   4.3122853e+02
   4.7041361e+02
  -8.0543943e+00
   4.5987217e+02
   2.7837434e+02
   1.0615239e+02
   4.1532716e+02
   1.2308579e+02
   3.1453517e+02
   6.1492042e+01
   4.5214606e+02
   5.1866609e+02
   6.1563278e+02
   4.0478654e+02
   2.8650131e+02
   7.0764411e+01
   1.1097898e+02
  -1.1807600e+00
   6.2786981e+02
   3.5544622e+01
   4.3729973e+02
   5.7959728e+01
   4.8861823e+02
   2.0126253e+02
   3.8080206e+02
   5.9507415e+02
   1.9757532e+02
   1.6461469e+02
   1.1098776e+02
   2.4418453e+02
   4.6764797e+02
   3.7766766e+01
   1.1421975e+02
   2.9566388e+02
   3.1280476e+02
   4.9123911e+02
   3.1451198e+02
   5.3859664e+02
   1.6622463e+02
   6.6380704e+02
   2.8396865e+02
   4.9895789e+02
   5.6511726e+00
   5.7757037e+02
   1.5269497e+01
   6.5788332e+02
   3.6989021e+02
   2.4075019e+02
   4.8015682e+02
   2.1314953e+02
   5.8918800e+01
   1.3757860e+02
   4.4159809e+02
   1.8781491e+02
   2.9501386e+01
   7.1464789e+01
   5.7055958e+02
   4.0505179e+02
   6.0778112e+02
   1.7264422e+02
   4.9358656e+02
   2.3764562e+02
   2.5172498e+02
   5.4294197e+02
   4.3474361e+02
   5.5182414e+02
   5.3802755e+02
   4.6569946e+02
   6.5708052e+02
   1.3467919e+02
   3.5351166e+02
   6.4220014e+01
   5.6258495e+02
   5.1088598e+02
   6.3048128e+02
   5.9245715e+02
   6.2155262e+02
   3.2397038e+02
   5.3361683e+02
   1.6833926e+02
   4.3006915e+02
   6.6168222e+02
   5.2423646e+02
   2.2309040e+01
   3.4736921e+02
   4.2063989e+02
   5.4483757e+02
   1.6559831e+02
   5.1499496e+02
   7.9919623e+01
   1.9040205e+02
   8.1126548e+01
   1.6378888e+02
   2.7052596e+02
   6.5107165e+01
   6.5691089e+02
   6.3975898e+02
   5.1168713e+01
   2.8589880e+01
   3.7330053e+02
   1.4566118e+02
   6.7164684e+02
   6.2614914e+02
   3.7060322e+02
   3.3889175e+02
   4.5417760e+02
   5.3045303e+02
   2.5096155e+02
   2.2620623e+02
   3.6652168e+01
   1.7127846e+02
   2.9705859e+02
   3.1975980e+02
   6.6083323e+02
   4.7146430e+02
   2.4322593e+02
   1.0821597e+02
   3.3331942e+02
   1.7440344e+02
   5.8915176e+02
   5.5896965e+02
   5.9978369e+01
   4.1939392e+02
   6.6179258e+01
   3.9681074e+02
   4.2323613e+02
   1.2956566e+02
   1.2721898e+02
   1.7585808e+02
   4.4948054e+02
   5.4160513e+02
   5.8342156e+02
   4.5881969e+02
   5.1227377e+02
   1.0824905e+02
   2.3992157e+02
   5.7179626e+02
   3.2908044e+02
   3.1666809e+02
   2.8865823e+02
   5.4140412e+02
   5.1105574e+02
   2.3059585e+02
   4.3704577e+02
   6.1676430e+02
   4.5190664e+02
   2.4658862e+02
   5.0646912e+02
   1.9108065e+02
   9.8831867e+00
   2.0886582e+00
   1.8336688e+02
   1.4680760e+02
   5.6336811e+02
   6.0133565e+02
   3.0297174e+02
   8.3646354e+01
   5.8664227e+02
  -2.3959165e+01
   4.6674647e+01
   6.0208773e+02
   2.9328790e+02
   6.3325114e+02
  -2.0423563e+01
   1.6514841e+02
   4.0825209e+02
   1.8179991e+02
   1.8956516e+02
   6.6678910e+02
   4.1863834e+02
   1.6840433e+02
   4.6923613e+02
   4.6082136e+02
   3.2000000e+02
   6.3288524e+02
   2.7803879e+02
   2.9608123e+02
   7.0633144e+01
   3.1248041e+02
   5.8750116e+02
   5.7828682e+02
   1.2304914e+02
   3.7435513e+02
   1.4449419e+02
   6.5939167e+02
   6.5955353e+02
   3.8097506e+02
   4.2986645e+02
   1.4753371e+02
   2.8130765e+02
   1.5647154e+02
   1.4588827e+02
   3.1039015e+02
   3.1876572e+02
   3.9718897e+02
   2.6637183e+02
   2.1211623e+02
   4.2304252e+02
  -2.4092742e+01
   4.0788244e+02
  -5.3066573e+00
   1.6749246e+02
   2.3757183e+02
   3.9308506e+02
   2.2421079e+02
   3.5198016e+00
   7.9880765e+00
   3.5273416e+02
   4.8513104e+02
   3.0436257e+02
   5.3517906e+02
   1.4790816e+02
   4.7189047e+02
   3.3508458e+01
   6.2895602e+02
   5.1891957e+02
   1.1407665e+02
   5.8402770e+02
   1.4922311e+01
   4.2954867e+02
   4.9011512e+02
   6.9168792e+01
   4.9831241e+02
   3.8507674e+02
   2.6015339e+02
  -2.2501928e+01
  -2.0042875e+01
   4.7265590e+02
   4.8233762e+02
   2.0703971e+02
   1.2744617e+02
   5.6268630e+02
   3.5902314e+02
   1.0114132e+02
   4.4879703e+01
   6.3460916e+02
   3.8946301e+02
   6.7653935e+02
   2.7207399e+02
   6.1145774e+02
   2.2552922e+02
   9.5515055e+01
   2.9203663e+02
   4.1417731e+02
   5.3909845e+02
   2.3265700e+02
   4.6883701e+02
   4.2635192e+02
   5.3509480e+02
   5.8403095e+02
   3.7783872e+02
   5.3771466e+02
   4.3772192e+02
   1.2349266e+01
   4.7892978e+01
   4.3816543e+02
   3.0201658e+02
   6.7837803e+02
   2.5335864e+02
   5.3125128e+02
   5.6285590e+02
   3.3442512e+02
   2.6033424e+02
   6.5476375e+02
   8.2324985e+01
   4.6050719e+02
   4.9264798e+02
   6.0603700e+02
   6.9298536e+01
   6.1983244e+02
   3.4335702e+02
   2.1316135e+02
   6.1110628e+02
   3.4644836e+02
   1.5147029e+02
   2.4233900e+01
   1.0575706e+02
   5.9975853e+02
   6.1891367e+02
   2.0607623e+02
   3.2599893e+02
   2.2085660e+02
   1.3929759e+02
   5.4367552e+02
   1.9319273e+02
   6.4875654e+02
   5.5011774e+02
   4.0546761e+02
   7.3450229e+01
   3.4673009e+02
   5.1473467e+02
   2.5623690e+02
   3.0670769e+02
   2.1458008e+01
   2.1053004e+02
   2.7942114e+02
   2.3071302e+02
   1.9750811e+02
   4.0397256e+01
   4.4065778e+02
   6.0164775e+02
   5.3602402e+02
   3.6364276e+02
   6.5422196e+02
   3.2366500e+02
   2.0153684e+02
   6.0208875e+02
   2.7467203e+02
   2.6617950e+01
   1.2881949e+02
   2.6504730e+02
   1.1975326e+02
   5.2070516e+02
   6.0769504e+02
   1.4180536e+02
   5.6673961e+02
   3.7834121e+02
   5.0667275e+02
   1.6285211e+02
   3.9565287e+02
   4.5564055e+02
   3.6572819e+02
   1.0788190e+02
   6.4646065e+02
   2.8244050e+02
   5.1388711e+02
   2.9870486e+02
   1.4011864e+02
   1.6724202e+02
   1.5355112e+02
   2.4005832e+02
   4.0131692e+02
   6.6837545e+01
   5.3854966e+02
   3.2513219e+02
   5.4368987e+02
   2.8039077e+02
   4.3454085e+02
   6.6969824e+02
   1.4444990e+02
   4.3045933e+02
   1.7623427e+02
   5.0940892e+02
   3.0167278e+02
   2.6791600e+02
   3.4223626e+02
   2.5270776e+02
   1.1585604e+02
  -4.0960509e+00
   3.4831647e+02
   5.9138694e+01
   4.7616548e+02
   1.2218638e+02
   3.9062592e+02
   6.4533676e+02
   4.7008588e+02
   1.9821670e+02
   7.7329270e+00
   4.5203526e+02
   1.2693595e+02
   7.9718166e+01
   4.6628219e+02
   1.7109010e+02
   5.5937403e+02
   5.3893434e+02
   3.3372325e+02
  -8.3831705e-01
   5.3846751e+01
   5.6578835e+02
   6.8598943e+01
   1.4490293e+02
   8.4772384e+01
   2.9882027e+02
   6.5898517e+02
   5.8733371e+02
   3.9336328e+02
   2.8946333e+02
   4.6097430e+02
   6.4705375e+02
   3.6207750e+02
   1.8570474e+02
   2.6071682e+01
   2.6809458e+02
   3.4395458e+02
   3.0768802e+02
   6.8526939e+02
   3.0956525e+02
   3.2822252e+01
   6.6083632e+02
   5.2857274e+02
   6.3754042e+02
   2.0642495e+02
   2.2000484e+02
   6.9137738e+01
   3.5681405e+02
   5.9553617e+02
   5.4229398e+02
   1.8692679e+02
   2.2614274e+02
   2.0959322e+02
   3.7722986e+02
   2.2717967e+02
   4.2577058e+02
  -5.8612364e+00
   3.9934442e+02
   4.4628067e+01
   2.3141702e+02
   2.2293303e+02
   4.1164532e+02
   4.8203008e+02
   6.0882839e+02
   1.4475805e+02
   3.4549458e+02
   6.7751273e+02
   5.5922035e+02
   6.8306181e+02
   2.4768995e+02
   4.5512972e+01
   4.9684511e+01
   5.8089680e+00
   3.4607826e+02
   6.4985866e+01
   5.3965056e+02
   5.0963013e+01
   6.7082284e+02
   3.4665162e+02
   4.9472724e+02
   6.4710500e+01
   6.3415428e+02
   5.9746497e+02
   3.2134547e+02
   6.0138442e+01
  -1.8565472e+01
   6.6617092e+02
   2.2518714e+02
   2.6449837e+02
   4.9560467e+02
   6.5249320e+02
   9.3719891e+01
  -9.6883382e+00
   5.6432953e+02
   4.3900681e+02
   3.9072471e+02
   5.6090721e+02
   1.5320366e+02
   5.4888599e+01
   1.3173495e+02
   4.0229981e+02
   1.8604981e+01
   4.2961444e+02
   6.4209281e+01
   3.9698964e+02
   2.4383528e+02
   5.7207095e+02
   3.6062306e+02
   1.8275827e+02
   4.3466515e+02
   1.8720478e+02
   6.2876603e+02
   4.7344941e+02
   3.8316044e+02
   6.1446537e+01
   5.2889880e+02
   3.1447897e+01
   3.0731325e+02
   6.5983477e+02
   6.8433515e+02
   3.2273072e+02
   1.8388737e+02
   4.3876116e+02
   6.7685179e+02
   2.9604851e+02
   1.2822307e+02
   6.4424447e+02
   3.1743638e+01
   2.1817788e+02
   5.0056940e+02
   2.7947956e+02
   1.9293125e+02
   3.4779272e+02
   4.0978662e+02
   2.9107474e+02
   4.9158684e+02
   3.1755787e+02
   2.8790534e+02
   2.6069278e+01
   6.1639969e+01
   6.3954454e+01
   5.4276251e+02
   2.8361750e+01
   6.5825631e+02
   5.4672490e+02
   2.0425703e+02
   1.5832333e+01
   4.8508816e+02
   2.7326454e+02
   3.9516895e+02
   4.7379143e+02
   4.0344429e+02
   4.6444630e+02
   3.7524464e+02
   3.2599619e+02
   1.7540487e+02
   5.3630158e+02
   4.8118183e+02
   6.1887004e+02
   1.2076903e+02
   3.2897173e+02
   3.0588209e+02
   6.7076514e+02
   1.6761002e+02
  -2.1032042e+01
   1.3194772e+02
   2.1811142e+02
   4.5736678e+02
   5.8204385e+02
   2.5778499e+02
   3.4137206e+02
   1.4261769e+02
   2.4070443e+02
   7.3711895e+01
   4.6240582e+02
   1.9864312e+01
   5.9500307e+02
   2.2632016e+02
   5.0731176e+02
   4.2716719e+02
   4.7874903e+02
   6.4116172e+02
   1.5008120e+02
   1.0721194e+02
   1.3056030e+02
   1.0278372e+02
   6.4295023e+02
   2.8798071e+02
   4.4851610e+02
   2.5686397e+02
   3.1031458e+02
   5.6291443e+02
   4.8740148e+02
   6.1040847e+02
   1.7396809e+02
   5.3637140e+02
   4.8427741e+02
   2.3800361e+02
   3.3189883e+02
   6.7801192e+02
   6.9946399e+00
   3.7479005e+02
   3.5642208e+02
   5.9101782e+02
   4.0606953e+02
   1.8282663e+02
   6.8536351e+02
   3.4656868e+01
   5.9912085e+02
   5.1389576e+02
   6.3133922e+02
   4.1068567e+02
   5.0910011e+02
   3.8495998e+02
   1.9910885e+02
   1.7824755e+02
   3.7354176e+02
   3.2414478e+02
   2.3802872e+02
   6.7047552e+02
   4.5197950e+02
   1.0575073e+02
   2.4557791e+02
   1.4755115e+02
   5.2827386e+02
   9.6960772e+00
   2.2593223e+02
   3.9931228e+02
   3.4946343e+02
   6.1725272e+02
   5.2140505e+02
   1.1770194e+02
   8.9958704e+01
   6.4855160e+02
   6.0580709e+02
   2.8738101e+02
   7.7560928e+00
   3.6541674e+01
   1.0891496e+02
   1.9423873e+02
   3.8543747e+02
   4.3275030e+01
   1.8510393e+02
   1.4322049e+01
   2.8734707e+02
   2.7743727e+02
   2.0620892e+02
   1.3488028e+02
   4.8768128e+01
   5.6743909e+02
   5.5062964e+02
   5.0296134e+02
   1.2945472e+02
  -1.7266985e+01
   1.3415654e+02
   5.6734439e+02
   3.2342596e+02
   9.6261441e+01
   6.8284375e+02
   2.6599619e+02
   4.9652793e+02
   5.7766987e+02
   4.1764780e+02
   2.7704245e+02
   2.6678834e+02
   5.2798245e+02
   1.7274739e+02
   4.7239844e+02
   6.4246330e+02
   6.4069362e+02
   4.7864192e+02
   4.4832516e+02
