start_time,end_time,product_name,product_code,other_param_1_input_1,other_param_2_input_2,other_param_3_input_3,other_param_4_input_4,other_param_5_input_5,other_param_6_input_6,other_param_7_input_7,other_param_8_input_8,other_param_9_input_9,other_param_10_input_10,other_param_11_input_11,other_param_12_input_12,other_param_13_input_13,other_param_14_input_14,other_param_15_input_15,other_param_16_input_16,other_param_17_input_17,other_param_18_input_18,other_param_19_input_19,other_param_20_input_20,other_param_21_input_21,other_param_22_input_22,other_param_23_input_23,other_param_24_input_24,other_param_25_input_25,other_param_26_input_26,other_param_27_input_27,other_param_28_input_28,other_param_29_input_29,other_param_30_input_30,P1_output1,P2_output2,P3_output3,P4_output4,P5_output5,P6_output6,P7_output7,P8_output8,P9_output9,P10_output10,P11_output11,P12_output12,P13_output13,P14_output14,P15_output15,P16_output16,P17_output17,P18_output18,P19_output19,P20_output20,P21_output21,P22_output22,P23_output23,P24_output24,P25_output25,P26_output26,P27_output27,P28_output28,P29_output29,P30_output30,P31_output31,P32_output32,P33_output33,P34_output34,P35_output35,P36_output36,P37_output37,P38_output38,P39_output39,P40_output40,P41_output41,P42_output42,P43_output43,P44_output44,P45_output45,P46_output46,P47_output47,P48_output48,P49_output49,P50_output50,P51_output51,P52_output52,P53_output53,P54_output54,P55_output55,P56_output56,P57_output57,P58_output58,P59_output59,P60_output60,P61_output61,P62_output62,P63_output63,P64_output64,P65_output65,P66_output66,P67_output67,P68_output68,P69_output69,P70_output70,P71_output71,P72_output72,P73_output73,P74_output74,P75_output75,P76_output76,P77_output77,P78_output78,P79_output79,P80_output80,P81_output81,P82_output82,P83_output83,P84_output84,P85_output85,P86_output86,P87_output87,P88_output88,P89_output89,P90_output90,P91_output91,P92_output92,P93_output93,P94_output94,P95_output95,P96_output96,P97_output97,P98_output98,P99_output99,P100_output100,P101_output101,P102_output102,P103_output103,P104_output104,P105_output105,P106_output106,P107_output107,P108_output108,P109_output109,P110_output110,P111_output111,P112_output112,P113_output113,P114_output114,P115_output115,P116_output116,P117_output117,P118_output118,P119_output119,P120_output120,P121_output121,P122_output122,P123_output123,P124_output124,P125_output125,P126_output126,P127_output127,P128_output128,P129_output129,P130_output130,P131_output131,P132_output132,P133_output133,P134_output134,P135_output135,P136_output136,P137_output137,P138_output138,P139_output139,P140_output140,P141_output141,P142_output142,P143_output143,P144_output144,P145_output145,P146_output146,P147_output147,P148_output148,P149_output149,P150_output150,P151_output151,P152_output152,P153_output153,P154_output154,P155_output155,P156_output156,P157_output157,P158_output158,P159_output159,P160_output160
0,0.5,A,10,7.01E-08,2.85E-08,3.79E-09,1.62E-09,2.81E-09,4.12E-10,2.42E-09,3.06E-10,1.13E-10,2.55E-09,2.17E-09,2.37E-10,1.19E-09,1.94E-10,1.16E-09,1.75E-10,1.27E-10,1.75E-10,7.16E-11,3.13E-10,7.96E-11,5.12E-10,1.47E-10,1.63E-11,4.02E-11,1.25E-10,2.31E-10,2.29E-10,4.32E-10,4.33E-11,7.01E-08,2.85E-08,3.79E-09,1.62E-09,2.81E-09,4.12E-10,2.42E-09,3.06E-10,1.13E-10,2.55E-09,2.17E-09,2.37E-10,1.19E-09,1.94E-10,1.16E-09,1.75E-10,1.27E-10,1.75E-10,7.16E-11,3.13E-10,7.96E-11,5.12E-10,1.47E-10,1.63E-11,4.02E-11,1.25E-10,2.31E-10,2.29E-10,4.32E-10,4.33E-11,3.48E-10,3.87E-10,8.26E-11,7.30E-11,8.12E-11,1.42E-10,3.01E-10,1.62E-10,9.33E-11,2.30E-10,2.53E-10,2.09E-10,1.10E-10,1.66E-10,2.04E-10,2.09E-10,7.68E-11,4.52E-11,1.34E-10,3.06E-10,2.37E-10,9.41E-11,1.44E-10,3.62E-10,1.62E-11,5.44E-10,2.79E-10,3.71E-10,2.47E-11,1.39E-10,2.37E-10,1.95E-10,1.85E-10,1.54E-10,3.60E-10,3.30E-11,1.43E-10,1.48E-11,7.94E-11,7.65E-10,3.13E-10,2.79E-10,6.36E-12,2.70E-10,6.02E-10,8.74E-11,6.10E-11,2.36E-10,4.09E-10,2.64E-10,1.30E-10,1.37E-10,1.68E-11,3.53E-10,1.93E-10,3.40E-10,1.39E-10,9.21E-11,3.87E-10,2.60E-10,4.58E-11,1.25E-10,2.37E-10,6.46E-10,5.02E-10,3.77E-10,9.95E-11,1.61E-10,2.34E-10,4.35E-10,7.13E-11,1.97E-10,7.63E-11,6.90E-10,2.50E-10,3.08E-10,9.37E-11,3.06E-10,2.84E-10,1.12E-10,2.18E-10,5.76E-10,2.87E-10,6.92E-10,5.13E-11,1.15E-10,1.09E-10,5.45E-10,1.24E-10,1.21E-10,2.40E-10,1.21E-10,1.53E-10,7.13E-11,1.14E-10,2.84E-10,3.85E-10,5.38E-11,1.04E-10,2.10E-10,1.09E-10,3.48E-10,3.56E-10,1.08E-10,2.38E-10,2.45E-10,2.60E-10,2.21E-10,1.67E-10,9.26E-11,3.82E-11,3.95E-11,3.29E-10,5.87E-10,1.75E-10,2.01E-10,1.71E-10,9.69E-11,1.44E-10,1.64E-10,1.86E-10,1.08E-10,2.24E-10,3.47E-11,7.08E-10,1.31E-10,5.58E-11,3.13E-11,1.19E-10,2.44E-10
0.25,0.75,A,10,4.31E-08,4.02E-08,8.39E-09,6.07E-10,1.05E-09,2.02E-09,8.18E-10,1.08E-09,6.68E-10,3.40E-09,1.36E-09,2.96E-09,6.66E-10,2.52E-11,3.17E-10,2.76E-10,3.69E-10,2.03E-10,3.48E-10,2.12E-10,6.88E-10,3.36E-10,2.18E-10,2.37E-10,9.16E-11,1.16E-10,3.42E-11,8.28E-11,1.96E-10,2.73E-10,4.31E-08,4.02E-08,8.39E-09,6.07E-10,1.05E-09,2.02E-09,8.18E-10,1.08E-09,6.68E-10,3.40E-09,1.36E-09,2.96E-09,6.66E-10,2.52E-11,3.17E-10,2.76E-10,3.69E-10,2.03E-10,3.48E-10,2.12E-10,6.88E-10,3.36E-10,2.18E-10,2.37E-10,9.16E-11,1.16E-10,3.42E-11,8.28E-11,1.96E-10,2.73E-10,4.85E-10,1.31E-09,2.30E-10,1.95E-10,1.99E-10,1.30E-11,6.68E-10,2.80E-10,2.88E-10,2.02E-10,5.20E-11,1.77E-10,2.81E-10,7.99E-11,2.19E-10,3.12E-10,9.93E-11,2.99E-10,5.43E-10,4.47E-10,5.74E-11,1.65E-10,3.71E-10,1.33E-10,3.39E-10,2.55E-10,1.36E-10,1.46E-10,3.99E-11,2.52E-10,6.63E-11,6.45E-11,2.50E-10,5.55E-11,1.73E-10,1.62E-10,3.93E-10,3.71E-11,8.11E-11,3.63E-10,7.22E-11,1.60E-10,7.67E-10,1.68E-10,2.31E-10,2.66E-10,2.15E-10,2.49E-10,8.54E-11,7.78E-11,1.29E-10,7.26E-11,4.22E-10,2.09E-10,2.59E-10,1.44E-10,2.14E-10,4.26E-12,9.79E-12,5.67E-11,3.66E-10,2.92E-11,5.08E-11,2.75E-10,1.49E-10,1.46E-10,2.86E-10,5.55E-11,1.58E-10,2.98E-10,1.33E-10,2.55E-10,2.31E-11,5.58E-11,1.21E-10,1.19E-10,1.22E-10,3.24E-10,7.75E-11,5.38E-11,2.81E-10,2.73E-10,4.31E-10,2.20E-11,1.94E-10,8.01E-11,1.19E-10,1.12E-10,2.30E-10,5.01E-10,3.12E-10,3.76E-11,2.23E-10,4.26E-11,1.36E-10,7.95E-10,5.70E-10,1.58E-10,1.04E-10,3.10E-10,4.26E-10,3.64E-10,1.43E-10,7.20E-11,8.46E-11,2.10E-10,1.37E-11,1.99E-10,1.38E-10,2.15E-10,5.55E-11,3.85E-10,1.95E-10,5.37E-10,3.55E-10,9.38E-11,6.47E-10,1.73E-11,5.01E-11,5.50E-11,6.48E-11,7.45E-11,3.85E-10,2.09E-10,1.80E-10,6.78E-11,1.34E-09,6.26E-10,9.90E-11,4.82E-10
0.5,1,A,10,6.21E-09,4.72E-08,9.25E-09,1.61E-08,8.09E-09,3.05E-09,3.24E-09,3.04E-09,1.55E-09,3.78E-09,2.36E-10,5.08E-10,1.33E-09,2.03E-09,7.51E-10,1.61E-09,1.04E-09,6.89E-10,2.42E-10,3.23E-10,1.32E-09,7.87E-10,4.93E-10,9.49E-11,9.44E-11,6.71E-10,2.84E-10,7.26E-10,6.72E-10,4.19E-10,6.21E-09,4.72E-08,9.25E-09,1.61E-08,8.09E-09,3.05E-09,3.24E-09,3.04E-09,1.55E-09,3.78E-09,2.36E-10,5.08E-10,1.33E-09,2.03E-09,7.51E-10,1.61E-09,1.04E-09,6.89E-10,2.42E-10,3.23E-10,1.32E-09,7.87E-10,4.93E-10,9.49E-11,9.44E-11,6.71E-10,2.84E-10,7.26E-10,6.72E-10,4.19E-10,4.98E-10,3.76E-10,6.99E-10,6.30E-10,6.57E-10,1.04E-10,7.93E-10,1.43E-10,5.77E-10,2.00E-10,3.87E-10,2.29E-10,1.52E-09,1.48E-10,1.47E-10,8.91E-10,3.15E-11,7.21E-10,6.15E-10,6.69E-10,2.70E-10,1.40E-10,2.95E-10,1.82E-10,8.16E-11,2.17E-10,5.45E-10,3.33E-10,3.54E-10,1.02E-10,4.35E-10,3.62E-10,3.45E-10,4.42E-11,1.82E-10,9.76E-10,2.13E-10,5.94E-11,7.56E-11,2.50E-11,2.81E-10,8.47E-10,1.05E-11,5.46E-11,3.83E-10,6.96E-10,4.72E-10,1.50E-10,4.85E-10,1.76E-11,1.66E-10,3.16E-10,3.35E-10,1.10E-10,2.53E-10,4.10E-11,4.18E-11,2.53E-10,3.14E-10,2.81E-10,2.57E-11,3.47E-10,1.37E-10,3.94E-10,4.30E-10,4.95E-10,4.95E-10,7.91E-11,1.77E-10,3.26E-10,3.58E-11,2.50E-10,1.27E-10,4.16E-10,1.36E-10,1.32E-10,9.06E-10,4.46E-11,3.74E-10,1.91E-10,1.05E-10,4.01E-10,5.79E-11,1.03E-10,1.15E-10,1.33E-10,1.89E-10,4.37E-10,8.70E-11,1.89E-10,2.35E-10,1.95E-10,2.58E-11,1.47E-10,3.24E-10,1.13E-10,4.10E-11,5.68E-10,3.51E-11,6.32E-10,3.96E-10,7.16E-11,7.55E-11,4.77E-10,1.90E-10,3.11E-11,2.69E-10,3.61E-10,1.77E-10,1.43E-10,7.52E-11,6.27E-11,7.53E-11,1.59E-11,8.35E-12,2.66E-10,5.67E-11,1.92E-10,1.64E-10,7.44E-11,4.59E-11,4.02E-10,2.00E-10,1.65E-10,3.18E-10,6.85E-10,1.11E-10,8.08E-11,1.04E-10,2.56E-10
0.75,1.25,A,10,1.30E-07,1.44E-08,2.01E-08,1.47E-09,3.69E-09,4.17E-09,2.27E-10,7.02E-10,5.64E-10,5.07E-11,7.36E-10,8.67E-10,1.76E-09,6.32E-10,1.12E-09,1.32E-10,2.94E-10,1.76E-09,9.76E-11,7.52E-10,9.09E-11,4.47E-10,6.36E-10,3.27E-11,7.82E-10,8.62E-10,7.30E-10,3.06E-10,1.01E-10,1.71E-09,1.30E-07,1.44E-08,2.01E-08,1.47E-09,3.69E-09,4.17E-09,2.27E-10,7.02E-10,5.64E-10,5.07E-11,7.36E-10,8.67E-10,1.76E-09,6.32E-10,1.12E-09,1.32E-10,2.94E-10,1.76E-09,9.76E-11,7.52E-10,9.09E-11,4.47E-10,6.36E-10,3.27E-11,7.82E-10,8.62E-10,7.30E-10,3.06E-10,1.01E-10,1.71E-09,2.01E-10,9.49E-10,2.88E-10,2.86E-11,4.06E-10,8.82E-10,2.27E-10,7.94E-11,5.32E-10,5.68E-11,7.15E-11,2.01E-10,6.60E-10,1.26E-09,1.19E-09,2.10E-10,3.26E-10,2.17E-10,1.88E-10,4.33E-10,9.85E-11,1.20E-10,6.90E-10,1.64E-10,2.61E-10,5.55E-10,1.52E-10,1.02E-09,1.06E-10,2.79E-10,3.63E-10,1.07E-10,5.83E-10,3.78E-11,6.10E-10,1.01E-10,1.95E-10,4.36E-11,1.40E-11,2.50E-10,2.58E-10,9.41E-10,3.09E-10,6.55E-10,5.51E-10,4.33E-10,1.61E-10,3.60E-10,8.24E-10,1.69E-10,1.39E-10,2.40E-11,1.25E-11,8.28E-11,1.58E-10,2.33E-10,1.25E-10,3.90E-10,1.85E-10,1.07E-10,7.58E-11,2.42E-10,1.47E-10,5.19E-10,5.62E-10,7.67E-10,9.08E-11,1.76E-10,1.96E-10,1.11E-09,4.71E-10,9.84E-10,1.39E-10,4.40E-10,1.67E-10,2.80E-10,7.70E-11,9.40E-10,7.31E-10,1.77E-11,4.50E-10,3.23E-11,1.88E-10,4.33E-11,1.29E-10,1.83E-11,6.49E-10,3.26E-10,3.53E-11,1.04E-10,3.86E-10,1.44E-10,3.08E-10,7.74E-11,5.68E-11,2.21E-10,1.51E-10,7.47E-10,1.73E-10,1.44E-10,2.38E-10,1.21E-10,5.43E-10,1.08E-10,2.15E-10,3.80E-10,1.69E-10,2.16E-10,2.68E-10,3.38E-10,6.86E-10,5.42E-10,1.26E-10,2.38E-10,1.84E-10,1.11E-09,5.74E-10,3.33E-10,1.75E-10,2.97E-10,2.47E-10,7.94E-11,8.30E-11,2.54E-10,1.92E-10,6.12E-11,6.72E-11,5.45E-11,1.50E-10,2.44E-10
1,1.5,A,10,1.35E-07,1.42E-08,4.10E-09,1.80E-10,1.69E-09,7.21E-09,1.45E-09,2.34E-10,7.10E-10,1.29E-09,2.90E-10,2.98E-10,6.75E-11,3.55E-11,4.86E-10,3.81E-10,8.39E-11,3.12E-10,9.74E-12,6.44E-10,2.87E-10,1.56E-10,8.99E-10,6.92E-11,1.59E-10,9.66E-11,1.74E-10,4.86E-10,2.70E-10,1.74E-11,1.35E-07,1.42E-08,4.10E-09,1.80E-10,1.69E-09,7.21E-09,1.45E-09,2.34E-10,7.10E-10,1.29E-09,2.90E-10,2.98E-10,6.75E-11,3.55E-11,4.86E-10,3.81E-10,8.39E-11,3.12E-10,9.74E-12,6.44E-10,2.87E-10,1.56E-10,8.99E-10,6.92E-11,1.59E-10,9.66E-11,1.74E-10,4.86E-10,2.70E-10,1.74E-11,7.69E-10,1.67E-10,2.01E-10,3.40E-10,4.50E-10,9.08E-12,4.13E-10,2.21E-10,1.71E-10,1.87E-10,2.53E-10,1.66E-10,3.74E-10,2.82E-11,5.28E-11,2.55E-10,9.96E-11,2.43E-10,7.99E-11,4.02E-10,2.37E-10,3.99E-10,2.35E-10,2.01E-10,2.13E-10,4.65E-11,1.27E-10,1.08E-10,2.19E-10,2.39E-11,2.93E-10,1.59E-10,3.67E-10,5.43E-11,2.06E-11,2.27E-11,1.10E-10,5.10E-11,1.59E-10,2.10E-10,6.79E-11,2.17E-10,5.85E-11,3.11E-11,2.29E-10,9.42E-11,1.62E-10,1.01E-11,2.70E-10,1.90E-10,9.61E-11,4.46E-11,9.57E-11,4.52E-10,1.60E-10,2.26E-10,3.03E-10,3.26E-10,8.82E-11,2.35E-10,1.56E-10,6.10E-11,8.40E-11,1.43E-10,3.66E-11,4.33E-11,6.47E-11,2.65E-10,7.47E-11,2.96E-10,1.77E-11,8.20E-11,1.24E-10,9.72E-11,3.75E-10,7.70E-11,4.65E-10,3.84E-10,1.30E-10,1.64E-10,4.77E-11,4.18E-11,1.33E-11,6.78E-11,1.26E-11,1.44E-10,6.19E-11,1.82E-11,5.91E-10,3.14E-10,3.57E-10,1.67E-10,2.90E-10,1.53E-10,2.63E-10,2.97E-10,1.82E-10,4.45E-12,3.75E-11,5.34E-11,1.70E-11,2.12E-10,5.04E-11,1.88E-10,4.12E-11,2.59E-10,1.06E-10,4.31E-10,7.66E-11,1.78E-10,7.85E-11,2.77E-10,1.62E-10,7.73E-10,2.55E-10,1.82E-11,1.85E-10,1.51E-10,3.30E-10,4.94E-11,3.83E-11,6.33E-11,3.85E-10,9.11E-11,3.04E-10,4.13E-10,2.84E-10,3.87E-10,2.29E-10,1.19E-10
1.25,1.75,A,10,5.73E-08,2.21E-08,4.66E-09,2.86E-09,1.22E-09,4.93E-09,1.10E-09,1.31E-09,3.03E-09,5.05E-09,1.66E-09,1.46E-09,2.97E-10,1.62E-10,1.11E-09,7.84E-10,5.15E-10,9.95E-10,1.37E-09,3.01E-10,2.43E-10,9.37E-10,1.05E-09,1.80E-10,3.48E-10,2.83E-10,9.67E-10,4.16E-10,4.73E-11,9.27E-10,5.73E-08,2.21E-08,4.66E-09,2.86E-09,1.22E-09,4.93E-09,1.10E-09,1.31E-09,3.03E-09,5.05E-09,1.66E-09,1.46E-09,2.97E-10,1.62E-10,1.11E-09,7.84E-10,5.15E-10,9.95E-10,1.37E-09,3.01E-10,2.43E-10,9.37E-10,1.05E-09,1.80E-10,3.48E-10,2.83E-10,9.67E-10,4.16E-10,4.73E-11,9.27E-10,4.91E-10,1.62E-09,6.30E-10,4.27E-10,7.20E-10,1.96E-10,5.48E-10,4.72E-11,1.43E-09,1.93E-10,3.36E-10,4.16E-10,2.02E-10,1.61E-10,4.85E-10,2.35E-10,3.70E-10,4.11E-10,1.73E-10,1.26E-09,4.13E-11,7.97E-11,4.73E-10,2.00E-10,8.99E-11,1.20E-10,1.47E-10,7.02E-10,2.78E-10,1.67E-10,3.12E-11,1.16E-09,6.03E-10,3.70E-10,5.03E-10,1.60E-10,1.09E-10,1.15E-10,4.29E-10,9.12E-10,5.07E-10,3.48E-10,1.28E-10,5.84E-11,2.60E-10,1.30E-10,1.87E-10,3.52E-11,7.61E-10,2.76E-10,1.28E-10,3.21E-10,1.86E-11,2.24E-10,5.76E-11,2.50E-10,2.63E-10,3.49E-10,1.03E-10,1.26E-10,1.19E-10,1.97E-10,3.68E-11,3.37E-10,2.63E-11,1.75E-10,1.05E-09,6.57E-10,1.62E-10,6.17E-10,2.93E-11,2.38E-10,4.81E-10,2.19E-10,1.97E-11,5.95E-10,5.72E-10,3.01E-10,4.75E-11,2.29E-11,6.77E-10,5.53E-10,1.61E-10,3.15E-10,1.12E-09,2.97E-10,1.54E-10,9.15E-10,4.35E-11,2.41E-10,1.64E-10,1.85E-10,2.50E-10,9.47E-11,7.39E-10,1.22E-10,1.24E-10,4.75E-11,1.30E-09,6.79E-11,3.64E-10,3.41E-10,5.67E-10,5.18E-11,1.25E-10,6.12E-11,2.93E-11,4.40E-10,4.92E-10,3.14E-10,8.14E-11,2.75E-10,7.85E-10,7.06E-11,4.43E-10,9.80E-10,2.58E-10,1.94E-10,2.30E-10,1.56E-10,7.12E-10,4.05E-10,3.05E-10,4.78E-10,3.96E-10,2.83E-10,2.64E-10,3.32E-10,1.49E-10,1.14E-10
1.5,2,A,10,3.28E-08,3.74E-08,1.24E-08,3.04E-09,1.68E-09,1.37E-09,2.79E-09,2.16E-10,7.49E-10,1.22E-10,4.69E-10,6.50E-10,1.41E-09,1.06E-10,1.29E-09,1.44E-09,1.35E-10,9.53E-10,1.47E-09,2.19E-10,3.97E-10,1.14E-09,6.88E-10,2.72E-10,3.12E-10,3.87E-10,4.45E-10,6.00E-10,2.75E-10,2.25E-10,3.28E-08,3.74E-08,1.24E-08,3.04E-09,1.68E-09,1.37E-09,2.79E-09,2.16E-10,7.49E-10,1.22E-10,4.69E-10,6.50E-10,1.41E-09,1.06E-10,1.29E-09,1.44E-09,1.35E-10,9.53E-10,1.47E-09,2.19E-10,3.97E-10,1.14E-09,6.88E-10,2.72E-10,3.12E-10,3.87E-10,4.45E-10,6.00E-10,2.75E-10,2.25E-10,3.31E-10,1.08E-10,4.81E-10,5.85E-10,1.54E-10,1.06E-10,3.05E-10,2.65E-11,4.93E-10,2.23E-10,5.29E-10,4.18E-10,1.41E-10,1.97E-10,1.48E-10,1.25E-10,1.57E-10,1.07E-10,5.38E-10,4.25E-10,8.17E-11,3.95E-10,2.54E-10,7.94E-10,6.64E-11,9.92E-11,5.42E-10,1.15E-10,5.95E-10,5.20E-10,3.70E-10,1.41E-09,8.76E-10,5.01E-10,3.41E-10,5.46E-10,2.84E-10,1.86E-10,8.57E-11,6.44E-11,1.23E-10,1.60E-10,1.02E-10,2.09E-10,3.41E-10,2.96E-10,3.18E-10,5.46E-11,5.47E-10,4.75E-10,7.16E-11,1.57E-10,5.70E-11,4.49E-10,2.37E-10,4.93E-10,1.66E-10,3.91E-10,2.75E-10,4.06E-10,9.36E-11,1.09E-10,2.14E-10,3.60E-10,4.13E-10,1.20E-10,2.04E-10,8.67E-11,4.14E-10,2.53E-10,1.47E-10,7.03E-10,5.93E-10,1.60E-10,2.49E-11,6.96E-11,1.02E-10,1.92E-10,3.28E-11,9.89E-11,3.77E-11,8.29E-11,2.91E-10,3.38E-11,4.41E-10,7.79E-10,1.57E-10,5.79E-10,5.31E-11,3.17E-11,1.86E-11,1.73E-10,2.94E-11,1.67E-10,1.46E-10,1.08E-09,3.49E-10,1.65E-10,4.65E-10,3.43E-11,2.84E-10,4.01E-10,2.27E-10,7.54E-10,6.28E-11,3.09E-10,4.29E-10,1.07E-10,2.85E-10,9.69E-10,1.03E-10,5.31E-10,1.88E-11,1.66E-10,1.13E-10,5.47E-10,1.21E-10,1.73E-10,2.74E-10,5.17E-10,2.12E-10,2.82E-11,1.36E-10,3.45E-10,2.35E-10,4.94E-11,1.40E-10,1.08E-10,2.54E-11,1.14E-10
1.75,2.25,A,10,2.60E-08,1.45E-08,5.99E-09,9.87E-09,3.46E-10,2.34E-09,8.59E-10,4.39E-10,6.88E-10,9.59E-10,3.95E-10,1.93E-09,6.26E-10,3.91E-10,1.22E-09,1.35E-09,9.98E-10,9.59E-10,1.77E-10,2.74E-10,4.41E-10,5.26E-10,2.53E-11,2.40E-10,2.58E-10,3.33E-10,5.95E-10,3.51E-10,2.18E-11,2.48E-10,2.60E-08,1.45E-08,5.99E-09,9.87E-09,3.46E-10,2.34E-09,8.59E-10,4.39E-10,6.88E-10,9.59E-10,3.95E-10,1.93E-09,6.26E-10,3.91E-10,1.22E-09,1.35E-09,9.98E-10,9.59E-10,1.77E-10,2.74E-10,4.41E-10,5.26E-10,2.53E-11,2.40E-10,2.58E-10,3.33E-10,5.95E-10,3.51E-10,2.18E-11,2.48E-10,2.28E-10,1.57E-10,1.85E-10,1.73E-10,1.76E-10,1.10E-10,1.88E-10,1.41E-10,4.43E-11,1.92E-10,5.20E-11,4.86E-10,1.87E-10,8.14E-10,3.97E-10,1.20E-10,2.69E-10,2.23E-10,7.62E-10,1.43E-10,4.87E-10,1.57E-10,8.99E-10,1.41E-10,4.92E-10,5.99E-11,9.27E-11,6.51E-10,1.65E-10,7.74E-12,7.20E-11,1.16E-09,2.79E-10,3.43E-10,4.12E-10,6.21E-10,1.44E-10,6.88E-10,6.92E-10,9.16E-10,4.16E-10,4.74E-11,4.67E-11,6.17E-10,1.24E-10,2.18E-10,3.14E-10,2.31E-11,2.22E-10,2.08E-10,1.03E-09,9.88E-10,2.74E-10,2.27E-10,1.85E-10,6.41E-10,1.14E-10,6.96E-10,1.18E-10,3.89E-11,1.95E-10,1.60E-10,4.14E-11,8.89E-10,1.94E-10,7.28E-10,1.86E-10,2.43E-10,6.60E-11,1.43E-10,5.56E-10,4.35E-10,4.61E-11,8.47E-11,2.80E-11,3.05E-10,1.08E-10,6.56E-11,2.11E-10,2.06E-10,1.86E-10,6.40E-11,1.46E-10,3.86E-10,3.87E-10,4.15E-10,1.64E-10,5.20E-11,4.24E-11,6.94E-10,1.77E-10,3.23E-10,5.30E-11,3.33E-10,2.21E-10,1.43E-10,1.24E-11,2.39E-10,3.94E-10,4.42E-10,3.61E-11,7.33E-11,1.65E-11,1.85E-10,4.02E-10,2.79E-10,6.38E-10,6.83E-10,4.01E-10,1.48E-10,4.29E-10,3.55E-10,1.13E-09,6.76E-10,1.58E-11,3.43E-10,1.36E-10,1.02E-10,2.94E-10,1.14E-10,6.06E-10,4.23E-10,3.55E-11,4.92E-10,1.90E-11,1.09E-10,3.88E-10,4.84E-11,5.60E-11,3.38E-10
2,2.5,A,10,5.35E-09,1.30E-08,3.06E-09,9.86E-09,3.00E-09,2.86E-09,9.35E-10,5.57E-10,3.92E-10,1.89E-10,1.29E-09,1.53E-09,3.21E-10,4.91E-11,1.10E-09,7.78E-10,2.81E-10,2.75E-10,4.26E-10,5.42E-10,1.47E-10,3.11E-10,1.32E-10,1.49E-10,8.54E-11,2.40E-10,9.25E-10,1.08E-10,5.00E-10,1.54E-10,5.35E-09,1.30E-08,3.06E-09,9.86E-09,3.00E-09,2.86E-09,9.35E-10,5.57E-10,3.92E-10,1.89E-10,1.29E-09,1.53E-09,3.21E-10,4.91E-11,1.10E-09,7.78E-10,2.81E-10,2.75E-10,4.26E-10,5.42E-10,1.47E-10,3.11E-10,1.32E-10,1.49E-10,8.54E-11,2.40E-10,9.25E-10,1.08E-10,5.00E-10,1.54E-10,1.71E-10,3.01E-10,7.78E-10,8.48E-10,1.63E-10,1.26E-10,7.04E-10,1.80E-10,1.59E-10,3.08E-10,8.50E-11,3.30E-10,4.61E-11,2.45E-10,1.23E-10,2.59E-10,2.20E-10,2.92E-10,1.78E-10,1.33E-10,5.89E-10,7.35E-11,2.39E-10,1.84E-10,2.51E-10,1.86E-11,7.33E-11,3.27E-10,5.84E-11,1.55E-13,1.85E-10,4.36E-10,4.51E-11,2.72E-10,6.71E-11,1.44E-10,1.80E-10,8.19E-11,2.80E-10,6.16E-11,2.31E-10,3.55E-10,1.75E-10,5.79E-10,3.12E-10,1.92E-10,7.15E-10,2.51E-10,3.37E-11,8.90E-11,9.47E-11,2.12E-10,2.59E-10,1.77E-10,2.40E-10,2.61E-10,1.77E-10,3.13E-10,6.66E-11,2.25E-10,2.07E-10,4.77E-11,6.78E-11,5.34E-11,1.50E-10,1.01E-10,8.56E-11,1.98E-10,5.63E-11,2.52E-10,2.65E-10,1.93E-10,4.03E-10,2.66E-10,7.04E-10,3.24E-10,3.76E-11,2.45E-10,5.46E-10,3.82E-10,1.96E-10,2.59E-10,3.67E-10,4.92E-11,3.84E-11,6.97E-11,1.57E-10,3.18E-10,1.19E-10,2.03E-10,6.33E-11,4.19E-10,1.44E-10,3.34E-11,1.39E-10,1.95E-10,1.76E-10,3.52E-10,2.81E-10,1.70E-10,2.14E-11,2.41E-11,2.78E-10,1.51E-11,2.23E-10,2.02E-10,3.61E-11,3.70E-10,7.51E-10,3.42E-11,2.32E-10,8.56E-11,4.50E-10,6.73E-10,3.13E-10,2.70E-11,2.28E-10,2.91E-10,2.69E-10,9.15E-10,3.33E-10,9.32E-11,1.69E-10,4.16E-11,5.44E-11,5.53E-10,6.10E-11,4.28E-10,3.25E-10,1.55E-10
2.25,2.75,A,10,7.25E-09,2.30E-08,5.15E-09,1.91E-09,2.01E-09,5.68E-09,4.39E-10,3.18E-10,2.26E-09,7.01E-10,1.07E-09,1.02E-09,1.83E-10,1.49E-09,1.00E-10,1.67E-10,1.30E-09,6.57E-11,8.55E-10,9.95E-10,1.84E-10,1.38E-10,4.97E-10,1.91E-10,3.20E-10,3.55E-10,2.77E-10,5.79E-10,2.22E-10,2.53E-10,7.25E-09,2.30E-08,5.15E-09,1.91E-09,2.01E-09,5.68E-09,4.39E-10,3.18E-10,2.26E-09,7.01E-10,1.07E-09,1.02E-09,1.83E-10,1.49E-09,1.00E-10,1.67E-10,1.30E-09,6.57E-11,8.55E-10,9.95E-10,1.84E-10,1.38E-10,4.97E-10,1.91E-10,3.20E-10,3.55E-10,2.77E-10,5.79E-10,2.22E-10,2.53E-10,1.01E-09,1.26E-10,8.89E-10,4.82E-10,4.48E-10,1.27E-09,1.14E-09,1.91E-10,2.80E-10,4.49E-10,5.62E-10,4.22E-10,1.23E-10,1.09E-10,9.59E-11,1.76E-10,6.56E-10,4.20E-10,3.11E-11,1.18E-10,9.21E-11,2.84E-10,1.68E-10,5.95E-11,2.28E-10,2.23E-10,2.30E-10,7.87E-10,5.47E-10,1.41E-10,1.73E-10,4.07E-10,6.04E-10,3.20E-11,1.25E-11,4.32E-11,8.29E-11,1.31E-10,3.18E-10,3.06E-10,9.25E-11,1.58E-10,1.13E-09,8.91E-10,1.77E-10,1.14E-10,7.73E-11,2.41E-10,1.35E-11,9.08E-11,1.92E-10,4.41E-11,1.08E-10,2.12E-10,2.28E-10,7.11E-11,3.72E-10,3.75E-10,2.99E-10,1.91E-10,7.40E-10,1.56E-10,2.94E-10,4.24E-11,3.30E-10,4.03E-10,1.30E-10,3.96E-10,6.24E-10,1.13E-09,1.54E-10,7.73E-10,3.80E-10,3.03E-10,2.05E-10,1.19E-10,3.97E-10,9.57E-11,2.46E-10,3.06E-10,2.20E-10,4.09E-10,2.02E-10,6.79E-10,1.43E-10,3.20E-10,3.39E-10,2.98E-10,3.09E-10,5.16E-10,7.71E-11,1.39E-10,3.48E-10,1.53E-10,1.33E-10,1.75E-10,1.83E-10,6.86E-11,2.41E-10,2.50E-10,1.17E-10,9.58E-11,1.82E-10,4.24E-10,7.03E-10,1.39E-10,6.08E-11,1.63E-10,1.04E-09,1.14E-10,1.50E-10,1.35E-10,3.04E-10,2.81E-10,2.37E-10,2.20E-10,1.48E-10,3.25E-10,1.16E-10,3.08E-10,5.46E-12,2.92E-11,1.33E-10,8.04E-11,5.82E-11,1.96E-10,3.30E-10,1.45E-10,1.33E-10,1.30E-11
2.5,3,A,10,2.81E-08,2.55E-08,3.27E-09,2.14E-09,7.95E-09,4.43E-09,1.15E-09,5.53E-10,1.84E-09,7.44E-10,4.76E-10,8.18E-10,5.88E-11,2.38E-10,6.62E-11,8.94E-11,6.74E-10,9.24E-10,1.71E-10,3.20E-11,1.32E-10,9.44E-11,3.59E-10,6.69E-10,1.42E-10,1.97E-10,2.07E-10,2.23E-11,4.02E-10,2.70E-10,2.81E-08,2.55E-08,3.27E-09,2.14E-09,7.95E-09,4.43E-09,1.15E-09,5.53E-10,1.84E-09,7.44E-10,4.76E-10,8.18E-10,5.88E-11,2.38E-10,6.62E-11,8.94E-11,6.74E-10,9.24E-10,1.71E-10,3.20E-11,1.32E-10,9.44E-11,3.59E-10,6.69E-10,1.42E-10,1.97E-10,2.07E-10,2.23E-11,4.02E-10,2.70E-10,1.24E-10,8.47E-11,7.83E-11,2.68E-11,3.65E-11,2.30E-10,2.24E-11,1.18E-10,5.07E-10,2.15E-11,1.82E-10,1.09E-10,1.46E-10,2.90E-10,7.32E-11,3.04E-10,1.34E-10,2.32E-10,8.73E-11,9.55E-11,8.51E-11,8.61E-11,1.94E-11,1.41E-10,7.95E-11,2.77E-11,6.58E-11,9.32E-11,9.47E-11,3.82E-11,3.81E-11,1.02E-10,1.19E-11,1.41E-10,1.20E-10,1.17E-10,2.12E-10,1.54E-10,3.60E-11,2.56E-11,7.04E-11,1.11E-10,9.65E-11,1.05E-10,2.37E-11,2.23E-10,3.00E-10,5.34E-10,5.67E-11,1.04E-10,3.54E-10,2.28E-10,9.87E-11,1.89E-10,8.37E-11,8.66E-11,2.31E-10,7.99E-11,6.18E-11,1.02E-10,4.95E-11,9.66E-12,9.85E-11,5.32E-11,2.51E-10,2.51E-10,5.11E-11,1.28E-10,5.98E-11,1.69E-11,4.87E-11,1.18E-10,1.20E-10,8.75E-11,3.51E-10,2.88E-10,4.05E-10,7.68E-11,9.43E-11,5.93E-11,1.15E-11,2.52E-10,4.92E-10,7.37E-11,1.40E-10,2.99E-10,2.72E-10,9.36E-11,1.90E-10,1.37E-10,2.14E-10,8.02E-11,2.56E-10,6.91E-10,3.73E-10,6.58E-11,4.04E-10,4.20E-10,3.24E-11,1.35E-10,1.82E-10,4.05E-11,1.43E-10,8.26E-11,1.03E-10,1.97E-10,1.46E-10,1.50E-10,6.81E-11,2.26E-10,3.31E-10,4.56E-10,4.82E-11,1.76E-10,3.08E-10,3.78E-10,4.46E-10,6.35E-11,1.94E-10,8.45E-11,2.62E-12,1.65E-10,1.48E-10,1.77E-10,4.12E-11,6.21E-11,9.06E-12,1.85E-10,3.81E-10,7.18E-11
2.75,3.25,A,10,5.44E-09,2.99E-08,8.81E-10,2.91E-09,3.74E-09,4.23E-10,1.31E-09,2.03E-09,3.14E-09,1.24E-09,2.55E-09,7.57E-10,3.15E-10,1.16E-09,2.01E-09,3.74E-10,9.79E-10,3.60E-10,1.16E-09,5.30E-10,1.07E-10,6.73E-10,1.20E-11,1.23E-09,4.36E-10,2.64E-10,1.00E-09,7.27E-11,5.66E-10,1.81E-10,5.44E-09,2.99E-08,8.81E-10,2.91E-09,3.74E-09,4.23E-10,1.31E-09,2.03E-09,3.14E-09,1.24E-09,2.55E-09,7.57E-10,3.15E-10,1.16E-09,2.01E-09,3.74E-10,9.79E-10,3.60E-10,1.16E-09,5.30E-10,1.07E-10,6.73E-10,1.20E-11,1.23E-09,4.36E-10,2.64E-10,1.00E-09,7.27E-11,5.66E-10,1.81E-10,1.03E-09,1.67E-10,1.79E-10,5.55E-10,8.60E-10,3.23E-10,3.09E-10,7.10E-10,9.83E-10,2.41E-11,2.44E-10,5.93E-10,1.19E-10,3.84E-10,4.65E-10,2.59E-10,6.75E-11,2.93E-10,2.52E-10,5.78E-10,1.66E-10,3.73E-10,3.09E-10,1.65E-10,3.32E-11,5.52E-10,2.83E-10,3.84E-10,2.64E-10,8.97E-10,5.12E-10,1.66E-09,7.25E-11,2.33E-10,9.22E-10,1.34E-10,1.43E-10,4.69E-11,1.21E-10,1.64E-10,3.96E-10,7.29E-12,3.78E-10,9.39E-11,2.20E-10,5.27E-10,2.73E-11,3.06E-10,1.26E-10,1.40E-10,2.58E-11,6.46E-10,4.00E-10,4.55E-10,1.36E-10,8.98E-11,6.78E-10,1.40E-10,1.12E-10,3.07E-10,1.51E-10,1.37E-09,6.88E-10,2.33E-10,4.55E-10,7.96E-10,6.49E-11,2.13E-10,1.51E-10,7.81E-10,2.53E-10,1.44E-10,7.83E-10,3.02E-10,2.87E-10,3.14E-10,3.03E-10,1.31E-10,1.52E-10,4.52E-10,1.28E-10,9.32E-10,9.56E-11,9.22E-11,3.45E-11,2.51E-10,4.43E-10,3.03E-10,3.93E-10,2.97E-10,2.22E-10,1.43E-10,2.47E-11,3.47E-11,4.05E-10,2.56E-10,9.08E-10,1.55E-10,2.11E-10,1.33E-10,8.60E-11,9.36E-11,4.89E-10,1.93E-10,1.59E-10,6.78E-10,5.33E-11,1.23E-10,5.18E-11,4.69E-10,2.83E-11,5.33E-10,1.60E-10,2.57E-10,2.26E-10,1.47E-10,6.05E-10,1.51E-09,4.87E-10,7.57E-11,3.10E-10,6.72E-10,1.89E-10,6.15E-10,3.78E-10,5.30E-10,1.41E-10,1.55E-10,3.21E-10,1.52E-09
3,3.5,A,10,4.85E-10,5.32E-08,5.48E-09,3.84E-10,3.12E-09,4.28E-09,2.38E-09,9.02E-10,8.08E-10,2.24E-09,8.80E-11,7.94E-10,6.02E-10,5.91E-10,1.02E-09,1.47E-09,8.26E-11,5.96E-10,2.79E-10,5.07E-10,1.07E-10,5.51E-10,1.25E-10,1.35E-10,3.28E-10,6.32E-11,1.48E-10,4.60E-10,4.81E-10,1.02E-10,4.85E-10,5.32E-08,5.48E-09,3.84E-10,3.12E-09,4.28E-09,2.38E-09,9.02E-10,8.08E-10,2.24E-09,8.80E-11,7.94E-10,6.02E-10,5.91E-10,1.02E-09,1.47E-09,8.26E-11,5.96E-10,2.79E-10,5.07E-10,1.07E-10,5.51E-10,1.25E-10,1.35E-10,3.28E-10,6.32E-11,1.48E-10,4.60E-10,4.81E-10,1.02E-10,2.50E-11,9.90E-11,7.37E-10,5.72E-11,1.31E-10,6.73E-10,1.20E-10,8.46E-11,7.10E-11,7.31E-11,2.71E-10,4.27E-10,3.15E-10,1.84E-10,7.34E-11,1.82E-11,3.27E-10,5.82E-10,1.77E-10,8.51E-11,2.44E-11,4.31E-10,7.43E-10,6.48E-11,2.88E-10,6.08E-10,1.65E-10,2.07E-10,2.17E-10,3.51E-10,1.44E-11,2.89E-11,5.82E-11,3.73E-11,2.47E-10,1.58E-10,4.89E-10,1.31E-10,3.80E-11,2.26E-10,1.44E-10,5.70E-11,1.36E-10,3.77E-10,4.95E-10,3.14E-10,5.27E-10,1.72E-10,2.15E-10,1.94E-10,3.30E-11,4.25E-11,2.07E-10,1.11E-10,1.12E-10,1.88E-10,2.03E-10,2.88E-10,2.69E-10,8.90E-11,4.36E-11,1.80E-11,6.35E-10,1.05E-10,9.55E-10,1.50E-10,3.59E-11,1.25E-10,4.14E-10,9.82E-11,3.12E-10,1.39E-10,1.79E-10,4.62E-10,1.87E-10,1.02E-10,1.28E-10,7.83E-11,2.07E-11,2.00E-10,4.43E-11,1.12E-10,1.32E-10,7.43E-11,1.09E-10,5.39E-11,8.95E-11,9.99E-11,2.00E-10,3.36E-10,1.99E-10,2.81E-10,5.04E-11,3.15E-10,4.53E-10,7.09E-11,5.55E-10,1.29E-10,5.22E-10,3.29E-10,5.82E-10,1.48E-10,2.06E-10,4.91E-11,3.78E-10,3.64E-10,1.35E-10,1.26E-10,1.60E-10,2.38E-10,3.16E-11,1.42E-10,4.74E-11,2.27E-10,2.54E-10,2.88E-10,3.81E-12,1.40E-09,4.20E-10,2.84E-10,1.64E-11,1.64E-10,1.02E-09,4.80E-10,1.26E-10,2.72E-10,5.43E-10,5.85E-10,2.76E-11,2.74E-10
3.25,3.75,A,10,1.45E-08,7.35E-09,4.72E-09,7.17E-09,1.13E-09,2.37E-09,3.75E-09,5.48E-09,6.32E-10,8.36E-10,8.70E-10,6.06E-10,2.41E-10,7.47E-10,1.17E-09,1.10E-09,2.68E-10,2.97E-10,4.98E-10,1.31E-10,3.27E-10,3.98E-10,4.63E-10,3.05E-10,5.58E-10,4.03E-10,1.37E-10,1.60E-10,1.24E-10,1.02E-10,1.45E-08,7.35E-09,4.72E-09,7.17E-09,1.13E-09,2.37E-09,3.75E-09,5.48E-09,6.32E-10,8.36E-10,8.70E-10,6.06E-10,2.41E-10,7.47E-10,1.17E-09,1.10E-09,2.68E-10,2.97E-10,4.98E-10,1.31E-10,3.27E-10,3.98E-10,4.63E-10,3.05E-10,5.58E-10,4.03E-10,1.37E-10,1.60E-10,1.24E-10,1.02E-10,3.97E-10,1.17E-10,2.10E-10,2.22E-10,1.00E-10,7.18E-11,3.93E-11,8.87E-11,2.10E-10,2.80E-10,9.18E-10,1.50E-11,1.53E-10,1.08E-09,6.00E-10,4.01E-10,4.66E-10,2.03E-10,5.15E-12,4.03E-10,6.71E-12,4.87E-10,4.23E-10,1.09E-09,7.51E-10,1.27E-10,6.65E-10,9.23E-11,2.06E-10,1.86E-10,2.60E-10,2.23E-11,1.06E-10,2.00E-10,6.05E-11,5.07E-10,1.46E-10,9.40E-11,1.92E-10,1.84E-10,1.89E-10,1.09E-09,3.02E-10,1.24E-10,3.72E-10,3.36E-11,7.39E-10,1.96E-10,1.35E-10,1.27E-10,2.76E-10,2.22E-10,3.26E-10,2.70E-10,8.74E-11,7.43E-11,2.06E-11,1.06E-10,7.23E-11,9.99E-11,3.51E-10,2.77E-10,5.83E-11,1.57E-10,9.92E-11,8.21E-11,4.43E-10,2.03E-10,6.74E-10,4.31E-11,3.77E-11,2.53E-11,1.01E-09,1.41E-10,8.88E-11,2.85E-10,4.84E-10,4.32E-11,7.20E-11,2.82E-11,4.30E-11,2.14E-10,2.87E-10,8.31E-10,2.24E-10,2.67E-10,4.73E-10,1.23E-10,2.96E-10,4.13E-10,3.27E-10,1.01E-11,4.67E-10,3.56E-10,1.46E-10,5.96E-10,2.92E-10,1.38E-10,8.62E-10,8.96E-11,4.81E-10,1.59E-10,8.09E-10,1.47E-09,8.29E-11,1.22E-10,8.81E-10,3.76E-10,4.24E-11,8.97E-11,1.93E-10,1.17E-10,9.42E-11,1.61E-10,2.38E-10,5.02E-10,8.68E-11,2.63E-10,5.34E-11,2.26E-10,3.37E-10,4.75E-11,8.71E-11,7.14E-11,1.99E-10,5.90E-11,1.22E-10,4.38E-10,2.11E-10,7.24E-10
3.5,4,A,10,4.16E-08,1.17E-08,1.63E-08,2.15E-09,6.86E-09,2.17E-09,3.11E-09,4.22E-09,4.97E-10,1.08E-09,1.88E-09,8.24E-10,2.04E-10,5.57E-10,8.19E-10,1.41E-09,2.03E-10,1.03E-10,5.16E-10,2.01E-10,2.42E-10,1.46E-10,3.67E-10,3.34E-10,3.85E-10,2.26E-10,9.48E-12,3.13E-10,1.18E-10,2.05E-10,4.16E-08,1.17E-08,1.63E-08,2.15E-09,6.86E-09,2.17E-09,3.11E-09,4.22E-09,4.97E-10,1.08E-09,1.88E-09,8.24E-10,2.04E-10,5.57E-10,8.19E-10,1.41E-09,2.03E-10,1.03E-10,5.16E-10,2.01E-10,2.42E-10,1.46E-10,3.67E-10,3.34E-10,3.85E-10,2.26E-10,9.48E-12,3.13E-10,1.18E-10,2.05E-10,4.60E-11,1.18E-10,1.12E-10,9.15E-10,1.37E-10,2.74E-10,2.38E-11,3.77E-10,3.07E-10,4.94E-10,1.43E-10,9.78E-10,1.04E-09,2.21E-10,6.70E-10,1.40E-09,1.50E-10,8.63E-10,1.02E-09,5.33E-10,2.84E-10,1.55E-10,1.27E-10,6.96E-10,3.88E-10,2.54E-10,6.10E-10,4.17E-10,6.29E-10,6.17E-10,2.88E-10,5.96E-10,1.78E-10,1.06E-09,9.25E-10,2.80E-10,5.85E-10,2.04E-10,1.33E-11,7.51E-11,3.15E-10,1.20E-10,2.72E-10,4.97E-10,3.69E-10,6.77E-10,2.28E-10,1.56E-10,3.55E-10,6.52E-10,3.33E-10,2.00E-10,6.89E-11,1.91E-10,2.48E-10,2.89E-10,6.66E-11,2.10E-10,4.46E-10,2.25E-10,1.43E-10,1.41E-10,8.11E-11,7.60E-11,2.54E-10,3.79E-10,2.51E-10,3.98E-10,5.13E-10,2.52E-10,7.38E-10,2.83E-10,2.33E-10,9.11E-11,8.27E-10,1.76E-10,1.14E-10,3.99E-10,6.90E-10,7.18E-11,3.45E-10,1.37E-11,1.04E-10,1.34E-10,4.30E-10,1.40E-10,1.10E-10,7.77E-11,1.38E-10,1.95E-10,1.26E-10,1.19E-10,6.66E-10,7.96E-11,1.69E-11,2.22E-10,1.41E-10,8.68E-10,2.14E-10,1.23E-11,9.29E-11,9.40E-11,2.19E-10,3.31E-10,1.90E-10,1.73E-10,4.15E-11,1.43E-10,7.87E-11,2.13E-10,2.10E-10,2.64E-10,1.72E-11,3.05E-10,1.25E-09,6.21E-12,9.84E-11,4.16E-10,3.69E-10,1.81E-10,3.91E-10,2.17E-10,6.16E-11,2.24E-10,5.88E-10,2.38E-10,3.12E-10,1.49E-10,5.28E-10,1.90E-10
3.75,4.25,A,10,4.87E-08,2.00E-08,1.57E-09,1.00E-08,7.81E-09,2.44E-09,2.53E-09,1.33E-09,4.60E-10,9.69E-10,5.46E-10,1.61E-09,4.51E-10,3.56E-10,2.04E-10,2.40E-10,9.64E-10,3.36E-10,6.75E-10,3.74E-10,1.14E-09,7.34E-10,3.00E-10,1.71E-10,2.40E-10,1.40E-10,1.06E-10,5.64E-10,1.43E-09,6.58E-10,4.87E-08,2.00E-08,1.57E-09,1.00E-08,7.81E-09,2.44E-09,2.53E-09,1.33E-09,4.60E-10,9.69E-10,5.46E-10,1.61E-09,4.51E-10,3.56E-10,2.04E-10,2.40E-10,9.64E-10,3.36E-10,6.75E-10,3.74E-10,1.14E-09,7.34E-10,3.00E-10,1.71E-10,2.40E-10,1.40E-10,1.06E-10,5.64E-10,1.43E-09,6.58E-10,4.37E-10,5.72E-10,4.51E-10,6.29E-10,1.59E-10,1.86E-10,7.81E-11,1.06E-10,8.75E-11,9.21E-11,6.42E-11,1.81E-10,3.23E-10,7.44E-10,8.70E-11,2.73E-11,2.75E-10,2.33E-10,6.61E-11,7.78E-11,8.94E-10,3.01E-10,5.68E-10,5.90E-11,6.86E-10,4.62E-10,4.02E-10,4.66E-10,2.70E-10,6.92E-11,5.82E-10,2.41E-10,4.89E-10,5.30E-10,2.01E-10,1.92E-10,7.22E-10,1.79E-10,1.65E-10,1.31E-10,6.94E-10,3.06E-10,3.55E-10,4.80E-10,3.72E-10,2.81E-10,1.84E-10,3.43E-10,5.72E-10,6.36E-10,2.14E-10,1.42E-10,2.87E-10,6.30E-10,7.22E-10,1.06E-10,4.14E-10,6.03E-10,2.70E-11,8.27E-11,5.99E-10,4.99E-11,3.93E-10,3.57E-10,5.23E-11,6.14E-11,9.07E-11,9.04E-11,7.74E-10,1.56E-10,4.15E-10,2.14E-10,7.28E-11,8.04E-10,2.93E-10,7.61E-10,2.47E-10,5.83E-10,4.50E-10,1.84E-10,1.23E-10,3.45E-10,8.58E-10,7.55E-10,6.75E-10,1.91E-10,1.58E-10,2.40E-10,1.77E-10,1.44E-10,2.81E-10,3.70E-10,1.89E-10,8.26E-11,2.08E-10,4.72E-10,1.57E-10,1.55E-11,4.38E-10,6.65E-10,1.15E-09,6.63E-12,4.51E-11,5.87E-10,1.20E-10,3.90E-11,1.23E-11,3.09E-11,3.82E-10,1.62E-10,1.35E-11,2.48E-10,1.07E-10,1.56E-10,1.82E-10,1.92E-10,1.85E-10,1.05E-09,1.01E-09,4.95E-10,5.13E-10,4.85E-10,2.59E-10,2.45E-09,1.62E-10,5.10E-10,1.35E-10,8.69E-11,1.80E-09,1.63E-10
4,4.5,A,10,4.60E-09,1.71E-08,8.82E-09,2.24E-09,1.64E-09,1.31E-09,3.42E-09,1.87E-09,1.01E-09,3.53E-10,2.33E-10,1.33E-10,7.62E-10,9.86E-10,5.65E-10,1.33E-09,9.73E-10,5.97E-10,1.11E-09,1.27E-10,2.13E-09,4.80E-10,3.22E-10,5.05E-10,3.09E-10,1.23E-09,7.46E-10,2.83E-11,5.38E-10,8.78E-10,4.60E-09,1.71E-08,8.82E-09,2.24E-09,1.64E-09,1.31E-09,3.42E-09,1.87E-09,1.01E-09,3.53E-10,2.33E-10,1.33E-10,7.62E-10,9.86E-10,5.65E-10,1.33E-09,9.73E-10,5.97E-10,1.11E-09,1.27E-10,2.13E-09,4.80E-10,3.22E-10,5.05E-10,3.09E-10,1.23E-09,7.46E-10,2.83E-11,5.38E-10,8.78E-10,3.37E-10,8.24E-10,3.28E-10,4.36E-10,8.34E-11,4.43E-10,1.63E-10,1.35E-10,2.63E-10,2.05E-10,5.33E-10,5.54E-10,1.78E-10,3.62E-10,4.90E-10,1.88E-11,2.35E-10,5.46E-11,1.98E-10,5.26E-10,8.68E-11,3.57E-10,4.25E-10,9.97E-11,1.12E-09,6.48E-10,2.71E-10,2.51E-10,3.48E-11,1.30E-10,6.26E-11,2.45E-10,9.68E-10,6.01E-11,3.99E-10,3.23E-11,2.41E-10,1.12E-10,8.41E-11,1.40E-10,3.80E-11,7.11E-10,7.33E-10,1.66E-09,6.06E-10,8.36E-11,3.83E-10,7.14E-11,8.47E-10,3.63E-10,1.48E-10,3.72E-10,3.91E-11,3.42E-10,4.54E-10,2.23E-10,2.53E-10,6.05E-10,8.14E-10,5.71E-10,1.41E-10,7.78E-10,4.28E-10,5.35E-11,3.38E-10,3.47E-10,1.13E-09,6.44E-11,3.54E-10,1.57E-10,2.57E-09,2.07E-10,2.42E-10,1.14E-10,3.67E-11,1.54E-10,4.77E-10,1.38E-10,2.71E-10,2.23E-10,4.80E-10,1.24E-10,2.89E-10,3.57E-10,6.21E-11,4.19E-10,5.35E-10,8.41E-10,3.58E-10,1.91E-10,8.28E-11,1.37E-10,5.08E-10,3.63E-10,9.52E-10,9.32E-10,7.25E-11,1.09E-10,4.69E-10,6.47E-10,4.33E-10,1.86E-10,5.36E-10,9.63E-11,7.23E-11,2.30E-10,1.80E-09,1.80E-10,3.16E-11,1.85E-10,2.41E-10,5.38E-10,3.38E-10,1.61E-10,1.58E-10,9.81E-11,1.36E-10,5.17E-10,2.60E-10,4.62E-11,2.78E-10,1.50E-10,1.33E-10,3.37E-10,1.24E-10,2.38E-10,6.01E-11,1.47E-10,4.74E-10,5.66E-10
4.25,4.75,A,10,1.90E-08,2.40E-08,1.48E-09,2.73E-09,2.18E-09,2.17E-10,2.71E-09,1.22E-09,7.12E-10,1.22E-09,5.37E-10,1.40E-10,1.77E-09,5.43E-10,1.95E-10,2.95E-10,1.15E-10,1.26E-09,2.84E-10,4.24E-10,8.23E-11,3.27E-10,5.35E-10,6.36E-10,3.80E-10,2.44E-09,5.72E-10,9.92E-11,1.94E-10,4.06E-10,1.90E-08,2.40E-08,1.48E-09,2.73E-09,2.18E-09,2.17E-10,2.71E-09,1.22E-09,7.12E-10,1.22E-09,5.37E-10,1.40E-10,1.77E-09,5.43E-10,1.95E-10,2.95E-10,1.15E-10,1.26E-09,2.84E-10,4.24E-10,8.23E-11,3.27E-10,5.35E-10,6.36E-10,3.80E-10,2.44E-09,5.72E-10,9.92E-11,1.94E-10,4.06E-10,2.70E-10,1.10E-10,3.27E-10,1.20E-10,6.85E-10,5.01E-10,3.90E-10,1.33E-10,1.67E-10,6.51E-10,4.82E-10,1.26E-10,1.66E-10,1.13E-10,1.65E-10,1.99E-10,1.36E-10,1.48E-10,2.45E-10,1.30E-10,6.37E-10,3.56E-10,2.74E-11,3.88E-10,3.24E-10,3.47E-11,7.98E-10,9.12E-10,1.23E-10,1.01E-11,4.46E-10,1.70E-10,1.37E-10,2.45E-10,1.71E-10,2.11E-11,6.90E-10,1.62E-10,3.88E-10,5.50E-10,3.19E-10,3.33E-10,3.25E-10,3.25E-10,6.20E-11,1.72E-10,1.54E-10,2.78E-10,1.82E-10,4.28E-10,1.73E-10,5.77E-11,4.81E-10,1.03E-10,4.98E-10,3.89E-10,2.52E-10,4.33E-10,4.88E-10,1.08E-10,1.34E-11,3.00E-10,2.80E-11,2.08E-09,2.22E-10,1.48E-10,2.28E-10,6.04E-10,5.44E-10,3.76E-10,1.17E-10,4.99E-10,4.78E-10,8.06E-11,1.41E-09,5.01E-10,2.45E-10,7.14E-10,1.44E-10,5.70E-10,3.10E-10,6.64E-10,7.45E-12,4.97E-11,8.31E-10,1.81E-10,6.67E-10,2.88E-10,4.20E-10,2.50E-10,3.02E-10,5.53E-10,1.27E-09,8.24E-10,1.25E-11,4.14E-10,6.36E-10,1.18E-09,3.82E-11,2.17E-10,3.11E-10,2.19E-10,5.65E-10,6.36E-11,2.86E-11,2.51E-10,9.10E-10,5.48E-10,4.70E-10,1.06E-10,3.44E-10,1.11E-10,3.69E-10,6.28E-11,5.28E-10,1.50E-11,1.66E-10,9.79E-11,5.79E-10,2.68E-10,1.30E-09,4.03E-10,5.83E-11,3.25E-10,1.96E-10,7.85E-11,2.82E-11,3.01E-10,2.78E-11,9.62E-11
4.5,5,A,10,3.44E-09,2.03E-08,4.39E-10,1.16E-09,1.71E-09,5.24E-10,3.42E-10,1.03E-09,8.74E-10,3.78E-09,5.94E-10,1.16E-10,9.48E-10,3.08E-10,1.16E-09,8.10E-10,1.21E-10,2.92E-09,2.00E-10,4.59E-10,5.86E-10,5.15E-10,3.36E-10,2.22E-10,7.41E-11,3.00E-10,2.54E-10,7.45E-10,9.69E-11,1.53E-10,3.44E-09,2.03E-08,4.39E-10,1.16E-09,1.71E-09,5.24E-10,3.42E-10,1.03E-09,8.74E-10,3.78E-09,5.94E-10,1.16E-10,9.48E-10,3.08E-10,1.16E-09,8.10E-10,1.21E-10,2.92E-09,2.00E-10,4.59E-10,5.86E-10,5.15E-10,3.36E-10,2.22E-10,7.41E-11,3.00E-10,2.54E-10,7.45E-10,9.69E-11,1.53E-10,2.08E-10,1.07E-10,1.27E-10,2.52E-10,1.94E-10,6.84E-10,1.67E-10,5.00E-10,4.26E-10,5.43E-11,5.97E-11,1.26E-09,1.52E-10,4.02E-10,9.69E-11,6.21E-10,9.39E-11,4.53E-10,6.62E-11,7.99E-10,1.12E-10,6.89E-10,2.94E-10,4.56E-11,1.36E-10,5.48E-11,3.58E-10,5.87E-10,3.41E-10,1.79E-10,4.93E-10,3.93E-10,7.41E-11,3.36E-10,2.62E-11,6.58E-11,2.85E-10,4.67E-10,4.67E-10,4.60E-10,1.16E-10,3.71E-10,4.34E-10,1.24E-10,2.68E-10,2.49E-10,1.46E-10,1.33E-10,1.58E-10,1.12E-10,5.02E-10,7.22E-11,2.39E-10,3.00E-10,4.85E-10,1.70E-10,1.47E-09,1.72E-10,1.92E-10,5.15E-10,3.26E-10,1.65E-10,7.23E-10,2.73E-10,2.05E-10,4.86E-10,3.66E-10,1.91E-10,3.99E-10,1.11E-10,1.42E-10,3.66E-10,1.18E-09,4.12E-11,1.01E-10,3.81E-11,8.77E-11,7.63E-11,4.64E-10,2.27E-11,2.60E-11,3.83E-10,7.30E-10,4.25E-10,7.22E-11,1.61E-10,2.74E-10,1.33E-10,3.22E-10,4.88E-11,5.84E-11,2.47E-10,1.79E-10,4.44E-10,2.37E-10,2.38E-10,1.52E-10,7.65E-11,6.58E-11,1.83E-10,2.07E-10,1.85E-10,1.31E-10,1.22E-10,9.18E-10,1.29E-10,4.29E-10,5.61E-10,3.50E-10,2.92E-10,3.77E-10,9.75E-11,8.23E-11,1.92E-10,3.70E-11,1.49E-10,1.99E-10,1.56E-10,1.11E-10,2.67E-10,8.38E-10,4.11E-10,6.16E-10,3.54E-10,6.51E-10,6.57E-10,2.14E-10,2.55E-10,1.17E-10,5.49E-11
4.75,5.25,A,10,2.87E-09,2.38E-08,8.58E-09,6.52E-09,4.73E-09,5.06E-09,1.18E-09,3.39E-10,4.03E-10,3.19E-10,7.59E-11,1.68E-10,9.91E-10,1.84E-10,8.39E-11,7.84E-10,2.33E-10,5.44E-10,6.91E-10,2.78E-10,3.04E-10,2.88E-10,5.75E-10,1.74E-10,3.05E-10,5.34E-10,3.17E-10,1.55E-10,3.60E-10,4.61E-10,2.87E-09,2.38E-08,8.58E-09,6.52E-09,4.73E-09,5.06E-09,1.18E-09,3.39E-10,4.03E-10,3.19E-10,7.59E-11,1.68E-10,9.91E-10,1.84E-10,8.39E-11,7.84E-10,2.33E-10,5.44E-10,6.91E-10,2.78E-10,3.04E-10,2.88E-10,5.75E-10,1.74E-10,3.05E-10,5.34E-10,3.17E-10,1.55E-10,3.60E-10,4.61E-10,1.60E-10,4.78E-10,4.56E-10,8.77E-11,1.81E-10,1.68E-10,4.40E-10,8.21E-11,2.13E-10,2.32E-10,1.55E-10,1.04E-10,2.86E-10,3.60E-10,3.55E-10,3.76E-10,5.87E-11,5.34E-10,4.36E-11,2.65E-10,4.33E-11,8.53E-10,1.84E-10,5.31E-10,3.78E-10,5.75E-10,2.91E-10,1.90E-10,5.19E-10,2.56E-10,3.10E-10,2.98E-10,5.30E-10,6.70E-10,6.22E-11,2.62E-11,1.25E-10,7.13E-10,9.45E-10,2.09E-10,3.16E-10,1.56E-10,1.28E-10,2.95E-10,1.89E-10,1.04E-11,9.20E-11,1.01E-10,1.48E-10,3.01E-10,6.24E-11,3.96E-11,8.50E-11,7.48E-11,2.52E-11,1.52E-10,2.62E-10,2.44E-10,3.91E-10,2.84E-10,1.80E-10,9.83E-12,1.58E-10,4.81E-10,1.57E-10,7.91E-11,1.02E-10,3.56E-10,1.98E-10,1.69E-10,2.29E-10,4.72E-10,9.65E-11,2.70E-11,2.20E-10,3.50E-10,1.29E-10,2.37E-10,2.31E-10,1.87E-10,9.38E-11,2.10E-10,2.40E-10,8.87E-11,2.90E-10,1.52E-10,2.00E-10,3.40E-11,2.68E-10,1.25E-10,2.34E-11,1.83E-10,3.29E-11,2.32E-10,1.17E-10,2.01E-10,4.17E-11,5.18E-10,2.03E-10,9.03E-11,1.40E-10,7.00E-11,6.92E-11,8.81E-11,6.07E-11,1.64E-10,2.08E-10,1.22E-10,2.29E-10,9.38E-11,3.03E-10,1.40E-11,1.46E-10,5.58E-10,2.78E-10,4.52E-11,6.25E-10,1.81E-10,1.49E-10,1.96E-10,5.83E-11,2.09E-10,2.54E-10,1.44E-10,2.24E-10,1.75E-10,5.27E-10,3.86E-10,9.06E-11,2.44E-10
5,5.5,A,10,9.83E-09,2.68E-09,2.06E-09,4.07E-09,1.61E-09,2.80E-10,3.00E-09,1.18E-09,2.60E-09,6.97E-10,1.63E-09,2.12E-10,7.00E-10,1.09E-09,4.06E-10,6.42E-10,2.23E-10,1.31E-09,1.67E-10,4.73E-10,6.10E-10,1.63E-09,9.55E-10,4.92E-10,1.05E-09,7.30E-10,3.30E-10,1.24E-10,1.18E-10,1.95E-10,9.83E-09,2.68E-09,2.06E-09,4.07E-09,1.61E-09,2.80E-10,3.00E-09,1.18E-09,2.60E-09,6.97E-10,1.63E-09,2.12E-10,7.00E-10,1.09E-09,4.06E-10,6.42E-10,2.23E-10,1.31E-09,1.67E-10,4.73E-10,6.10E-10,1.63E-09,9.55E-10,4.92E-10,1.05E-09,7.30E-10,3.30E-10,1.24E-10,1.18E-10,1.95E-10,4.39E-10,5.54E-10,1.23E-11,5.78E-10,3.81E-10,1.19E-09,4.22E-11,4.72E-11,1.74E-10,3.02E-10,1.20E-10,6.27E-10,9.17E-10,2.88E-10,7.38E-10,5.16E-11,1.26E-10,8.92E-11,2.91E-10,3.86E-10,5.12E-12,2.07E-10,3.92E-10,1.35E-10,2.17E-10,2.43E-10,3.74E-10,3.19E-10,6.25E-10,3.01E-10,6.62E-11,4.08E-10,4.55E-10,5.04E-11,8.99E-11,1.52E-11,8.11E-10,3.16E-10,6.30E-11,6.51E-10,1.62E-10,2.38E-10,1.43E-10,1.84E-10,1.15E-10,4.24E-10,5.50E-10,2.47E-10,1.05E-10,3.69E-10,1.86E-10,1.21E-10,3.10E-10,1.12E-10,3.59E-10,2.93E-11,2.96E-10,8.27E-11,6.01E-11,2.60E-10,1.56E-10,1.82E-10,1.09E-10,1.58E-10,4.79E-11,2.43E-10,3.57E-10,1.28E-10,5.33E-10,2.10E-10,5.75E-10,1.17E-10,8.57E-11,4.35E-10,2.18E-11,1.69E-10,2.21E-10,1.97E-10,5.58E-10,6.55E-11,5.30E-10,1.19E-10,1.94E-10,6.29E-11,2.14E-10,3.98E-11,2.12E-10,4.18E-10,1.06E-10,2.74E-10,3.37E-11,2.93E-10,5.00E-11,2.39E-10,2.68E-11,9.18E-10,3.25E-11,8.66E-11,6.60E-10,1.94E-10,1.56E-10,2.26E-10,1.81E-10,7.16E-11,2.83E-10,9.44E-10,6.90E-10,1.53E-10,3.99E-11,2.92E-10,1.07E-10,2.24E-11,8.31E-10,5.88E-10,6.01E-11,2.60E-10,9.62E-11,2.31E-10,1.34E-10,1.25E-10,2.88E-10,8.82E-10,2.89E-10,1.56E-10,4.65E-11,4.99E-10,1.10E-10,5.14E-10,3.48E-10,3.12E-11
5.25,5.75,A,10,9.09E-10,6.14E-09,8.09E-09,2.96E-09,4.88E-09,1.52E-09,1.35E-09,1.66E-10,1.35E-09,1.41E-09,8.58E-10,1.43E-10,6.23E-11,6.78E-10,1.09E-09,1.93E-10,1.87E-10,3.44E-10,1.39E-10,2.11E-10,6.64E-10,2.72E-10,5.25E-10,2.74E-10,4.45E-10,4.09E-10,7.64E-10,4.25E-10,3.30E-10,3.53E-10,9.09E-10,6.14E-09,8.09E-09,2.96E-09,4.88E-09,1.52E-09,1.35E-09,1.66E-10,1.35E-09,1.41E-09,8.58E-10,1.43E-10,6.23E-11,6.78E-10,1.09E-09,1.93E-10,1.87E-10,3.44E-10,1.39E-10,2.11E-10,6.64E-10,2.72E-10,5.25E-10,2.74E-10,4.45E-10,4.09E-10,7.64E-10,4.25E-10,3.30E-10,3.53E-10,3.81E-10,3.56E-10,8.72E-10,3.42E-11,4.04E-10,1.79E-10,3.99E-11,3.93E-11,2.67E-10,1.40E-10,2.55E-10,6.20E-11,1.39E-10,3.11E-10,3.06E-11,1.35E-10,1.68E-10,1.37E-10,5.41E-10,3.09E-11,7.87E-12,1.61E-10,1.24E-10,1.06E-10,4.23E-11,1.20E-10,4.20E-11,2.56E-10,8.84E-11,4.50E-10,1.51E-10,4.84E-10,3.37E-10,1.53E-10,4.72E-10,2.22E-10,4.28E-10,2.91E-11,5.35E-10,2.48E-10,1.43E-10,1.72E-10,4.81E-10,2.86E-11,3.05E-10,6.87E-11,5.23E-10,1.00E-10,6.04E-11,2.14E-11,7.25E-11,9.04E-11,7.26E-11,9.06E-11,1.83E-11,9.60E-11,5.06E-11,3.25E-10,6.13E-10,1.11E-10,1.22E-11,2.34E-10,8.75E-10,1.29E-10,3.04E-11,8.47E-11,5.74E-10,4.37E-10,9.04E-11,1.19E-11,8.51E-11,1.37E-11,1.72E-10,2.16E-10,1.57E-10,1.76E-10,1.31E-10,2.57E-10,3.51E-10,4.95E-10,6.25E-10,3.19E-10,9.26E-11,4.05E-10,3.81E-10,2.22E-10,1.73E-10,2.28E-10,2.09E-10,1.71E-10,2.06E-10,9.40E-11,1.32E-10,8.16E-10,6.94E-11,1.22E-10,8.80E-11,1.53E-10,2.04E-10,1.98E-10,1.13E-10,8.56E-10,3.76E-10,2.37E-10,1.46E-10,5.45E-10,6.57E-11,3.50E-10,2.02E-10,3.11E-10,4.57E-10,7.45E-11,2.81E-10,1.39E-10,5.57E-11,6.57E-10,8.85E-11,4.13E-11,1.05E-10,2.51E-10,1.28E-10,1.56E-10,2.41E-10,5.28E-11,1.00E-10,1.79E-10,1.26E-10,1.26E-10,5.33E-11,1.73E-10
5.5,6,A,10,2.75E-08,9.51E-09,2.15E-08,2.07E-09,8.13E-11,2.36E-09,4.16E-09,1.81E-09,4.40E-10,8.73E-13,8.55E-10,3.09E-10,7.79E-10,2.45E-10,1.22E-09,3.15E-10,1.53E-10,1.18E-10,2.36E-10,4.46E-10,2.30E-10,1.41E-10,1.07E-09,1.24E-10,1.08E-09,5.31E-10,1.27E-10,3.08E-10,2.68E-10,1.15E-09,2.75E-08,9.51E-09,2.15E-08,2.07E-09,8.13E-11,2.36E-09,4.16E-09,1.81E-09,4.40E-10,8.73E-13,8.55E-10,3.09E-10,7.79E-10,2.45E-10,1.22E-09,3.15E-10,1.53E-10,1.18E-10,2.36E-10,4.46E-10,2.30E-10,1.41E-10,1.07E-09,1.24E-10,1.08E-09,5.31E-10,1.27E-10,3.08E-10,2.68E-10,1.15E-09,7.38E-11,2.51E-10,4.31E-10,4.67E-10,4.18E-10,7.27E-10,6.42E-10,4.13E-10,1.14E-10,1.62E-10,8.75E-11,1.07E-09,3.78E-10,1.52E-10,2.25E-10,8.11E-11,4.61E-11,1.58E-10,1.29E-10,6.57E-11,7.67E-11,4.28E-11,8.86E-10,1.06E-10,1.95E-10,4.97E-11,2.79E-10,1.43E-10,2.26E-11,2.56E-10,1.52E-11,4.97E-10,6.95E-11,3.12E-10,9.69E-10,1.11E-10,6.77E-10,1.08E-10,1.20E-10,1.15E-10,3.01E-10,5.22E-10,7.72E-11,3.02E-10,6.86E-11,1.40E-10,7.00E-10,4.45E-10,1.14E-10,1.98E-10,6.92E-11,2.24E-10,1.54E-10,2.07E-11,4.90E-11,4.88E-10,1.74E-11,1.21E-10,3.60E-10,6.49E-10,4.05E-10,5.77E-11,8.32E-10,1.22E-10,5.02E-11,2.37E-10,1.66E-10,2.59E-10,4.76E-10,2.63E-10,1.01E-09,4.52E-11,2.16E-11,5.11E-10,1.71E-10,2.92E-10,9.65E-11,4.96E-10,3.66E-10,3.72E-10,4.91E-10,1.96E-10,4.30E-10,2.74E-10,5.40E-11,1.85E-10,4.39E-10,3.88E-10,6.46E-11,2.26E-10,4.82E-10,1.58E-10,1.52E-10,1.79E-10,7.12E-11,1.04E-10,1.58E-10,2.66E-10,4.41E-10,2.36E-10,8.70E-11,2.71E-10,7.56E-10,9.98E-11,4.47E-10,1.11E-10,3.30E-11,8.94E-10,8.19E-11,1.20E-10,2.33E-10,1.84E-10,7.18E-10,2.89E-10,4.05E-10,3.67E-10,1.20E-10,1.12E-09,1.55E-10,4.45E-10,2.62E-10,1.26E-10,7.08E-10,1.35E-10,5.16E-10,5.45E-10,2.39E-10,4.55E-10,8.13E-11,4.57E-10
5.75,6.25,A,10,8.03E-10,1.36E-08,5.48E-09,3.70E-09,2.64E-09,1.01E-09,9.92E-10,1.77E-09,6.72E-10,1.36E-09,1.87E-09,4.39E-10,9.01E-10,8.88E-10,1.40E-10,4.29E-10,3.27E-10,2.31E-09,3.28E-09,3.73E-10,2.01E-10,1.53E-09,3.95E-10,2.75E-10,2.16E-11,1.14E-10,2.19E-10,4.51E-11,3.71E-11,6.42E-10,8.03E-10,1.36E-08,5.48E-09,3.70E-09,2.64E-09,1.01E-09,9.92E-10,1.77E-09,6.72E-10,1.36E-09,1.87E-09,4.39E-10,9.01E-10,8.88E-10,1.40E-10,4.29E-10,3.27E-10,2.31E-09,3.28E-09,3.73E-10,2.01E-10,1.53E-09,3.95E-10,2.75E-10,2.16E-11,1.14E-10,2.19E-10,4.51E-11,3.71E-11,6.42E-10,1.40E-09,1.77E-09,1.88E-10,4.20E-10,4.24E-10,8.54E-11,3.56E-10,4.47E-10,1.55E-09,7.69E-10,8.59E-11,1.20E-10,1.41E-10,5.14E-10,2.15E-10,1.56E-10,1.99E-10,8.06E-10,1.16E-10,4.82E-11,7.12E-11,6.26E-10,8.41E-10,6.82E-10,9.43E-11,6.43E-11,5.02E-10,1.53E-10,3.72E-10,2.24E-10,3.53E-10,2.07E-10,1.45E-10,1.71E-10,1.41E-10,3.15E-11,2.28E-10,5.45E-10,2.22E-10,8.52E-11,2.62E-10,6.22E-10,3.33E-10,7.52E-11,8.64E-11,1.55E-10,2.73E-10,7.88E-11,4.85E-11,1.12E-10,3.70E-10,1.81E-10,7.71E-11,3.04E-11,2.89E-10,3.45E-10,9.62E-11,7.14E-10,1.66E-10,4.76E-10,8.49E-11,2.45E-10,1.21E-10,2.43E-10,1.39E-10,5.57E-10,1.48E-11,8.07E-11,1.60E-10,5.39E-10,5.10E-10,3.65E-10,1.18E-10,4.71E-10,2.09E-10,4.29E-10,4.91E-10,1.81E-10,8.88E-11,2.56E-11,2.94E-10,8.70E-11,5.44E-10,7.79E-11,9.33E-11,1.06E-10,1.50E-10,4.25E-10,2.26E-10,3.14E-10,3.09E-10,6.95E-11,1.36E-10,1.44E-10,9.01E-11,1.03E-10,5.05E-10,4.15E-10,6.01E-11,8.25E-11,1.02E-09,3.96E-10,7.13E-11,2.49E-10,3.75E-11,9.61E-11,3.25E-11,1.45E-09,3.08E-10,2.76E-10,3.66E-10,1.72E-10,8.52E-10,7.91E-11,1.00E-09,2.76E-10,1.56E-10,1.04E-09,1.22E-09,5.91E-10,2.73E-10,2.42E-10,9.18E-11,1.56E-10,2.88E-11,1.09E-10,4.68E-10,2.49E-10,6.66E-11,2.24E-12
6,6.5,A,10,1.18E-08,8.25E-09,3.83E-09,3.21E-09,1.06E-09,1.27E-09,1.98E-09,3.83E-10,5.50E-10,1.05E-09,3.91E-10,3.38E-10,7.95E-10,7.34E-11,9.74E-10,2.64E-10,5.65E-10,4.99E-10,3.18E-11,3.16E-10,3.83E-10,3.27E-10,5.87E-10,2.38E-10,3.84E-10,2.22E-10,3.03E-10,6.13E-11,2.44E-10,1.51E-10,1.18E-08,8.25E-09,3.83E-09,3.21E-09,1.06E-09,1.27E-09,1.98E-09,3.83E-10,5.50E-10,1.05E-09,3.91E-10,3.38E-10,7.95E-10,7.34E-11,9.74E-10,2.64E-10,5.65E-10,4.99E-10,3.18E-11,3.16E-10,3.83E-10,3.27E-10,5.87E-10,2.38E-10,3.84E-10,2.22E-10,3.03E-10,6.13E-11,2.44E-10,1.51E-10,8.66E-11,2.35E-10,3.34E-10,2.11E-10,2.68E-10,1.25E-10,2.02E-11,2.31E-10,8.67E-11,3.99E-10,8.23E-11,9.76E-11,1.91E-10,2.02E-10,1.71E-10,1.88E-10,1.30E-10,2.38E-10,3.01E-11,2.86E-10,1.26E-10,1.97E-10,3.71E-10,1.09E-10,1.76E-10,1.44E-11,7.85E-11,2.02E-10,1.27E-10,4.59E-10,2.52E-10,5.46E-11,4.59E-11,3.47E-10,6.61E-11,5.16E-10,7.82E-11,3.02E-10,1.25E-11,2.80E-10,5.58E-10,9.07E-11,2.93E-10,2.26E-10,5.79E-11,6.50E-11,3.61E-10,5.79E-11,4.22E-10,2.55E-10,2.76E-10,2.20E-10,4.36E-10,5.44E-11,4.29E-10,2.40E-10,2.51E-11,1.35E-10,5.81E-10,3.37E-10,3.51E-10,1.31E-10,2.46E-10,3.94E-10,1.96E-10,5.07E-10,2.73E-11,6.26E-10,5.81E-11,4.51E-10,8.00E-11,5.02E-11,4.45E-10,2.02E-10,4.14E-11,4.20E-10,2.30E-10,1.10E-10,8.86E-11,2.99E-10,7.61E-11,1.53E-10,5.49E-12,1.34E-10,1.70E-10,1.02E-10,8.64E-11,1.46E-10,3.74E-10,3.42E-11,1.26E-10,4.11E-10,7.63E-12,1.92E-10,6.24E-10,2.68E-10,2.91E-10,5.90E-11,4.14E-10,3.67E-10,5.48E-11,1.54E-10,4.04E-11,2.99E-10,1.01E-10,3.42E-10,1.55E-10,5.64E-11,2.80E-10,1.89E-10,3.53E-10,4.74E-11,4.19E-11,4.35E-10,2.69E-10,3.10E-10,4.70E-11,1.28E-10,1.58E-10,6.72E-10,2.20E-10,4.08E-10,1.26E-10,7.50E-10,5.41E-12,2.98E-10,3.17E-10,2.11E-10,1.54E-10,2.61E-10
6.25,6.75,A,10,9.46E-09,1.62E-08,7.22E-09,7.44E-09,7.77E-11,5.88E-10,2.43E-10,5.97E-10,1.78E-10,2.43E-09,1.08E-09,1.67E-09,2.41E-10,9.34E-10,3.33E-10,7.91E-10,3.72E-11,1.22E-10,7.00E-10,8.98E-11,1.48E-09,4.49E-10,1.37E-10,1.07E-10,1.71E-10,3.76E-10,1.72E-10,2.13E-10,5.32E-10,1.51E-10,9.46E-09,1.62E-08,7.22E-09,7.44E-09,7.77E-11,5.88E-10,2.43E-10,5.97E-10,1.78E-10,2.43E-09,1.08E-09,1.67E-09,2.41E-10,9.34E-10,3.33E-10,7.91E-10,3.72E-11,1.22E-10,7.00E-10,8.98E-11,1.48E-09,4.49E-10,1.37E-10,1.07E-10,1.71E-10,3.76E-10,1.72E-10,2.13E-10,5.32E-10,1.51E-10,3.20E-10,1.69E-10,1.25E-10,5.88E-10,1.47E-10,2.32E-10,6.23E-10,8.86E-10,2.10E-10,1.35E-10,1.20E-10,2.42E-11,1.36E-10,3.22E-10,1.51E-10,4.70E-10,9.06E-11,8.56E-11,6.76E-10,1.74E-10,1.62E-10,1.43E-10,1.89E-10,1.87E-10,7.57E-11,1.54E-10,2.69E-10,2.07E-12,2.76E-10,2.34E-10,9.03E-10,6.78E-11,2.06E-10,2.70E-11,4.48E-12,1.21E-10,1.52E-10,1.26E-10,1.83E-10,8.01E-11,1.69E-10,3.25E-10,4.97E-11,4.72E-11,2.15E-10,4.90E-10,9.52E-11,8.95E-11,1.38E-10,6.25E-10,3.05E-11,6.76E-10,2.78E-10,4.69E-10,7.78E-11,6.82E-10,2.67E-10,1.76E-10,8.37E-10,5.62E-10,2.78E-10,1.53E-10,7.87E-11,4.29E-11,7.18E-11,9.54E-10,9.83E-11,8.88E-11,2.24E-10,4.04E-10,1.43E-10,7.62E-10,3.84E-10,8.02E-10,5.29E-10,9.98E-11,2.77E-10,1.19E-10,4.21E-11,5.50E-11,2.93E-11,6.30E-11,8.52E-11,6.84E-10,3.24E-11,2.97E-10,1.32E-10,8.52E-11,3.62E-11,1.89E-10,2.10E-10,3.30E-10,5.39E-11,3.79E-10,2.07E-10,2.82E-11,6.51E-11,1.32E-10,3.11E-10,1.10E-10,3.30E-10,1.39E-10,2.87E-10,1.25E-10,3.05E-10,3.12E-10,2.97E-10,2.65E-11,1.89E-10,1.66E-10,1.22E-10,1.57E-10,6.47E-10,2.83E-10,9.38E-11,8.42E-10,9.44E-11,5.54E-10,1.72E-10,2.52E-10,2.51E-10,4.38E-11,5.54E-10,1.00E-10,6.27E-10,1.11E-10,7.66E-11,3.03E-10,5.30E-11,3.52E-11
6.5,7,A,10,7.41E-11,5.41E-08,3.68E-09,7.69E-09,3.89E-10,1.44E-09,4.21E-10,6.86E-10,4.05E-10,7.57E-11,3.78E-11,8.60E-10,1.12E-10,3.58E-10,1.85E-10,8.33E-11,1.45E-10,2.93E-10,2.83E-11,4.48E-11,2.91E-10,8.93E-11,2.55E-10,2.71E-10,1.09E-10,3.04E-10,4.66E-11,1.01E-11,2.17E-10,1.78E-10,7.41E-11,5.41E-08,3.68E-09,7.69E-09,3.89E-10,1.44E-09,4.21E-10,6.86E-10,4.05E-10,7.57E-11,3.78E-11,8.60E-10,1.12E-10,3.58E-10,1.85E-10,8.33E-11,1.45E-10,2.93E-10,2.83E-11,4.48E-11,2.91E-10,8.93E-11,2.55E-10,2.71E-10,1.09E-10,3.04E-10,4.66E-11,1.01E-11,2.17E-10,1.78E-10,2.92E-10,1.51E-11,1.47E-10,2.16E-10,8.55E-10,4.39E-10,2.15E-10,1.29E-10,4.54E-11,1.13E-10,2.02E-10,2.04E-10,1.77E-10,3.25E-10,8.26E-12,2.48E-10,2.70E-10,3.45E-10,8.78E-10,4.83E-10,9.43E-11,7.09E-11,1.63E-10,9.86E-11,1.18E-09,4.91E-10,1.65E-10,5.18E-10,4.70E-11,6.14E-11,1.63E-10,6.75E-11,1.79E-10,4.00E-11,1.76E-10,2.94E-10,5.08E-11,2.85E-10,1.33E-11,1.47E-10,2.49E-10,1.54E-10,2.22E-10,2.80E-11,8.61E-11,2.05E-10,3.84E-10,7.77E-11,2.79E-10,2.79E-11,7.95E-12,5.75E-11,8.11E-11,1.77E-10,3.80E-10,1.64E-10,2.62E-10,2.31E-10,7.82E-11,3.46E-10,1.50E-10,3.61E-11,1.76E-10,1.53E-10,6.42E-11,3.56E-10,1.41E-10,1.19E-10,1.62E-11,3.41E-10,3.61E-10,8.78E-10,7.92E-11,7.74E-10,1.99E-11,3.93E-11,1.48E-11,1.11E-10,4.98E-10,3.34E-10,4.45E-11,1.44E-10,1.95E-10,1.66E-10,1.50E-10,5.39E-10,5.53E-10,1.44E-10,2.68E-10,4.51E-10,4.01E-10,7.82E-10,2.35E-10,1.59E-10,4.74E-10,3.47E-10,5.97E-10,1.94E-10,2.85E-10,1.15E-10,4.58E-11,1.09E-10,3.17E-10,6.17E-10,1.85E-10,2.85E-10,2.39E-10,2.31E-11,1.10E-11,9.75E-11,9.72E-12,1.57E-11,4.45E-10,1.49E-10,7.88E-11,2.39E-10,3.66E-11,2.29E-10,2.30E-11,6.48E-11,4.74E-10,2.95E-10,1.02E-10,8.06E-11,2.54E-10,3.51E-10,2.47E-11,4.39E-10,1.68E-10,3.42E-10
6.75,7.25,A,10,6.15E-09,3.01E-09,8.97E-10,1.90E-09,6.01E-10,1.29E-09,1.64E-09,1.33E-09,7.36E-10,3.88E-10,4.21E-10,5.03E-10,2.68E-10,3.54E-10,1.93E-10,2.94E-10,1.55E-10,5.29E-10,3.32E-10,1.63E-10,6.66E-11,1.19E-10,1.87E-10,8.31E-11,8.85E-11,4.75E-11,4.37E-11,1.71E-10,4.63E-11,2.52E-10,6.15E-09,3.01E-09,8.97E-10,1.90E-09,6.01E-10,1.29E-09,1.64E-09,1.33E-09,7.36E-10,3.88E-10,4.21E-10,5.03E-10,2.68E-10,3.54E-10,1.93E-10,2.94E-10,1.55E-10,5.29E-10,3.32E-10,1.63E-10,6.66E-11,1.19E-10,1.87E-10,8.31E-11,8.85E-11,4.75E-11,4.37E-11,1.71E-10,4.63E-11,2.52E-10,1.52E-10,6.70E-11,1.67E-10,3.30E-10,5.19E-10,1.48E-10,1.45E-10,1.33E-11,3.81E-10,2.59E-10,5.16E-10,1.26E-10,1.51E-10,4.62E-10,1.70E-10,1.28E-10,5.11E-11,1.43E-10,1.91E-10,4.03E-11,2.86E-10,2.07E-10,4.03E-10,3.18E-10,4.08E-11,7.42E-11,2.03E-11,4.05E-10,5.57E-10,2.73E-10,1.27E-10,4.37E-11,7.76E-11,9.30E-11,2.62E-10,1.04E-10,4.44E-11,1.07E-10,1.99E-11,3.48E-10,6.59E-11,1.09E-11,1.96E-10,5.22E-10,1.02E-09,3.76E-10,5.98E-11,8.38E-11,2.72E-11,2.61E-10,1.00E-10,2.13E-10,6.05E-11,4.02E-11,7.31E-11,8.07E-11,7.02E-11,2.94E-10,2.20E-10,1.45E-10,2.00E-10,7.11E-11,4.25E-10,4.61E-10,1.02E-10,6.22E-11,1.40E-10,4.52E-11,2.94E-10,3.63E-10,3.64E-10,1.14E-10,1.24E-10,4.38E-11,1.68E-10,3.99E-10,1.36E-10,1.37E-10,2.51E-11,8.45E-11,1.22E-10,6.13E-11,1.51E-10,6.25E-11,1.28E-11,1.32E-10,1.16E-10,1.42E-10,3.85E-11,2.79E-10,2.27E-10,1.99E-10,6.42E-11,7.57E-11,1.31E-10,2.37E-10,1.35E-10,4.78E-11,7.93E-11,6.82E-11,5.51E-11,1.32E-10,6.88E-11,2.82E-10,2.39E-10,8.55E-11,6.82E-11,7.15E-11,3.30E-10,1.73E-10,8.93E-12,1.76E-11,3.16E-11,2.46E-10,2.00E-11,2.53E-11,1.01E-10,2.93E-10,2.32E-10,2.39E-11,1.61E-10,1.75E-11,3.24E-10,2.86E-11,2.38E-10,3.22E-10,1.14E-10,4.74E-10,5.29E-10,1.79E-10
7,7.5,A,10,2.90E-09,4.01E-09,1.93E-09,4.23E-10,1.15E-09,2.22E-10,5.24E-10,9.38E-10,2.43E-10,2.52E-10,5.18E-10,1.69E-10,4.70E-10,4.91E-10,4.27E-11,2.02E-10,4.40E-10,8.86E-10,4.78E-12,5.45E-11,8.89E-10,2.43E-11,3.39E-10,3.93E-10,3.52E-10,4.56E-11,7.24E-10,2.11E-10,1.07E-10,2.42E-10,2.90E-09,4.01E-09,1.93E-09,4.23E-10,1.15E-09,2.22E-10,5.24E-10,9.38E-10,2.43E-10,2.52E-10,5.18E-10,1.69E-10,4.70E-10,4.91E-10,4.27E-11,2.02E-10,4.40E-10,8.86E-10,4.78E-12,5.45E-11,8.89E-10,2.43E-11,3.39E-10,3.93E-10,3.52E-10,4.56E-11,7.24E-10,2.11E-10,1.07E-10,2.42E-10,2.43E-10,2.90E-10,1.38E-10,3.77E-10,6.61E-11,2.43E-10,2.08E-10,6.92E-11,3.33E-11,2.49E-10,3.31E-10,4.63E-11,1.42E-10,2.75E-10,7.78E-11,3.44E-11,2.99E-10,5.83E-10,3.06E-10,8.60E-11,7.55E-11,4.26E-10,1.60E-10,1.20E-10,2.34E-10,4.56E-11,1.65E-12,5.46E-10,3.04E-10,1.41E-10,1.81E-10,2.50E-10,3.44E-11,5.21E-11,2.79E-11,8.95E-11,1.64E-10,6.69E-11,1.45E-10,9.14E-11,2.82E-11,1.82E-10,3.04E-11,9.96E-11,6.74E-11,1.72E-10,8.81E-11,2.53E-10,8.32E-11,2.73E-10,8.65E-11,8.17E-11,1.62E-10,1.87E-10,3.67E-11,8.12E-11,9.36E-11,1.46E-10,4.74E-12,1.10E-10,1.62E-10,3.15E-10,1.66E-10,6.18E-10,1.40E-10,4.23E-10,3.54E-10,4.01E-10,3.93E-10,4.35E-10,4.04E-10,2.18E-11,1.57E-10,1.80E-10,1.43E-10,3.22E-10,6.08E-10,7.80E-11,3.65E-11,2.59E-10,7.42E-11,2.18E-10,6.26E-11,2.57E-10,1.10E-10,4.03E-10,9.23E-11,1.18E-10,8.45E-11,1.20E-10,9.00E-11,6.85E-12,4.65E-10,3.36E-10,1.24E-10,5.64E-11,1.43E-10,1.17E-10,2.80E-10,3.01E-10,3.82E-11,6.48E-11,1.20E-11,1.16E-10,1.68E-10,1.14E-10,1.99E-11,1.09E-10,9.86E-11,1.82E-10,4.97E-11,1.69E-10,1.78E-11,5.55E-11,1.71E-10,6.18E-12,1.10E-10,3.06E-11,1.15E-10,3.43E-10,4.99E-11,7.89E-11,6.48E-11,4.52E-10,1.41E-10,2.11E-11,3.29E-10,3.17E-10,2.14E-10,1.64E-10
7.25,7.75,A,10,1.95E-08,1.84E-08,5.20E-10,2.67E-09,1.21E-09,1.20E-09,5.53E-10,2.53E-09,8.72E-10,3.77E-10,5.36E-10,1.18E-10,1.02E-09,2.78E-10,2.90E-10,9.39E-11,3.94E-10,1.23E-10,3.32E-10,3.26E-10,2.45E-10,5.87E-10,7.74E-10,7.54E-10,3.08E-11,9.29E-11,6.40E-11,1.48E-10,3.26E-10,1.64E-10,1.95E-08,1.84E-08,5.20E-10,2.67E-09,1.21E-09,1.20E-09,5.53E-10,2.53E-09,8.72E-10,3.77E-10,5.36E-10,1.18E-10,1.02E-09,2.78E-10,2.90E-10,9.39E-11,3.94E-10,1.23E-10,3.32E-10,3.26E-10,2.45E-10,5.87E-10,7.74E-10,7.54E-10,3.08E-11,9.29E-11,6.40E-11,1.48E-10,3.26E-10,1.64E-10,1.10E-10,8.42E-11,1.50E-10,9.70E-11,2.54E-10,3.10E-10,2.76E-10,3.05E-10,5.16E-11,1.10E-10,8.03E-11,1.79E-10,9.31E-11,5.79E-10,8.15E-11,2.77E-10,4.19E-10,6.99E-10,2.79E-10,2.81E-11,2.06E-11,8.59E-10,1.35E-10,2.85E-10,2.06E-10,3.34E-10,2.41E-10,1.84E-10,3.57E-10,5.25E-11,3.91E-11,1.07E-10,1.61E-10,5.66E-11,4.84E-11,8.22E-11,3.65E-10,2.89E-10,8.84E-10,1.95E-10,2.43E-10,7.59E-10,4.79E-10,4.69E-12,7.39E-11,4.43E-10,2.01E-10,3.01E-10,2.13E-10,7.06E-11,4.78E-10,7.22E-11,3.84E-10,1.66E-10,1.78E-10,3.36E-10,6.94E-11,3.67E-11,9.17E-11,1.07E-10,7.09E-11,1.01E-10,8.16E-11,3.67E-10,8.92E-11,3.73E-10,2.60E-10,7.01E-11,1.65E-10,1.15E-10,1.65E-10,1.73E-10,4.13E-11,5.71E-11,4.81E-11,1.29E-10,2.00E-11,9.89E-11,3.26E-10,5.52E-11,1.57E-10,7.13E-11,2.88E-10,1.71E-10,6.31E-11,1.79E-10,7.97E-11,5.21E-10,7.11E-10,6.75E-11,5.77E-10,2.63E-10,6.39E-11,8.06E-11,2.29E-10,2.42E-10,6.25E-10,3.39E-12,5.16E-11,3.91E-10,7.86E-11,1.09E-10,4.11E-10,5.17E-10,4.13E-11,1.42E-10,7.66E-12,9.94E-10,2.17E-10,2.72E-10,4.97E-10,6.65E-11,4.67E-10,6.49E-10,2.21E-10,1.71E-10,5.60E-10,2.38E-10,6.13E-11,2.27E-10,3.05E-10,1.11E-10,1.77E-10,6.04E-10,2.73E-10,3.56E-10,6.96E-11,1.20E-10,1.35E-10,2.99E-10
7.5,8,A,10,4.67E-08,4.73E-08,5.96E-09,3.63E-09,2.19E-09,4.81E-10,4.04E-09,5.21E-10,1.20E-09,1.56E-10,4.90E-10,2.54E-10,1.07E-09,6.62E-11,1.14E-09,3.55E-10,2.20E-10,2.58E-10,1.44E-10,8.01E-11,1.53E-10,1.83E-10,2.24E-10,9.45E-10,1.53E-10,5.77E-10,2.49E-10,1.62E-10,1.55E-10,6.54E-10,4.67E-08,4.73E-08,5.96E-09,3.63E-09,2.19E-09,4.81E-10,4.04E-09,5.21E-10,1.20E-09,1.56E-10,4.90E-10,2.54E-10,1.07E-09,6.62E-11,1.14E-09,3.55E-10,2.20E-10,2.58E-10,1.44E-10,8.01E-11,1.53E-10,1.83E-10,2.24E-10,9.45E-10,1.53E-10,5.77E-10,2.49E-10,1.62E-10,1.55E-10,6.54E-10,4.02E-10,3.44E-10,5.79E-11,3.09E-10,1.27E-10,3.14E-10,3.86E-11,3.36E-10,3.14E-10,4.00E-10,5.50E-10,8.62E-10,4.79E-10,1.76E-10,1.78E-09,3.07E-10,1.89E-10,7.84E-11,3.41E-10,3.11E-10,1.18E-10,7.94E-11,1.83E-10,2.34E-10,4.79E-10,1.06E-11,5.23E-10,5.63E-11,2.24E-10,1.03E-10,4.58E-10,9.54E-11,8.20E-11,2.63E-11,1.59E-10,2.68E-10,2.53E-10,1.28E-10,8.82E-10,9.31E-10,1.45E-10,9.79E-11,1.79E-10,5.55E-10,3.16E-10,8.50E-11,7.97E-10,2.57E-11,2.15E-10,4.53E-11,3.72E-10,5.79E-11,1.54E-09,2.90E-10,7.86E-11,2.46E-10,2.29E-10,1.23E-10,1.14E-10,9.45E-11,1.16E-10,9.25E-11,1.46E-11,2.27E-10,1.08E-10,7.02E-11,3.29E-10,4.53E-10,4.63E-10,1.45E-10,3.52E-10,8.00E-10,2.99E-10,6.37E-11,7.14E-11,4.53E-10,2.51E-10,6.48E-11,9.29E-11,1.94E-10,1.43E-10,3.05E-10,1.96E-10,3.06E-10,8.39E-11,5.77E-10,3.52E-10,9.54E-11,6.08E-11,5.36E-11,8.41E-11,2.15E-10,9.24E-11,1.04E-10,4.57E-11,1.88E-10,4.63E-10,1.30E-10,9.20E-11,1.11E-10,1.04E-10,6.32E-11,4.37E-10,8.96E-11,3.61E-11,2.41E-10,3.08E-10,8.16E-10,1.18E-10,1.08E-10,2.52E-10,4.64E-10,2.73E-10,5.59E-10,7.74E-11,2.08E-10,5.64E-11,3.69E-10,8.59E-10,7.52E-11,3.88E-10,1.51E-10,2.55E-10,6.60E-11,2.09E-10,3.22E-11,2.66E-11,7.09E-10,2.21E-11,9.18E-11
7.75,8.25,A,10,1.45E-08,1.59E-08,4.26E-09,3.36E-09,1.50E-09,9.64E-10,1.35E-09,2.97E-09,1.12E-09,5.16E-10,1.05E-10,2.18E-10,1.94E-10,3.66E-10,2.93E-10,1.21E-09,7.53E-10,5.50E-10,5.35E-10,4.60E-11,2.26E-10,2.64E-10,1.18E-09,2.08E-10,2.20E-10,2.43E-10,3.75E-11,1.54E-10,5.55E-11,2.28E-10,1.45E-08,1.59E-08,4.26E-09,3.36E-09,1.50E-09,9.64E-10,1.35E-09,2.97E-09,1.12E-09,5.16E-10,1.05E-10,2.18E-10,1.94E-10,3.66E-10,2.93E-10,1.21E-09,7.53E-10,5.50E-10,5.35E-10,4.60E-11,2.26E-10,2.64E-10,1.18E-09,2.08E-10,2.20E-10,2.43E-10,3.75E-11,1.54E-10,5.55E-11,2.28E-10,7.32E-11,9.14E-11,8.46E-11,4.15E-11,3.77E-10,1.20E-10,6.41E-10,1.74E-11,1.06E-10,1.75E-10,3.22E-11,2.13E-10,6.15E-11,3.86E-10,9.63E-11,5.05E-10,5.27E-10,9.72E-11,3.10E-10,1.51E-10,2.22E-12,9.92E-11,9.46E-11,2.06E-10,5.84E-10,4.48E-10,3.74E-10,4.53E-10,1.05E-10,1.89E-10,2.49E-10,1.90E-10,6.54E-10,2.33E-11,2.76E-10,1.80E-10,3.30E-10,4.34E-10,3.93E-10,4.78E-11,7.60E-10,3.64E-11,9.30E-12,2.35E-10,7.28E-11,7.52E-11,1.13E-10,4.47E-10,2.67E-10,1.29E-10,1.24E-10,2.25E-10,2.24E-10,3.04E-10,1.96E-10,4.82E-11,1.51E-10,1.64E-10,3.53E-11,4.08E-11,3.73E-11,3.76E-11,4.46E-11,4.70E-11,7.68E-12,5.54E-10,3.03E-10,1.17E-10,1.85E-10,1.21E-10,2.97E-10,1.46E-10,2.33E-10,3.67E-10,1.13E-10,1.99E-10,1.21E-10,4.45E-11,2.53E-11,7.94E-11,4.75E-11,1.40E-10,1.39E-10,2.89E-10,4.33E-10,5.18E-10,2.12E-10,1.07E-10,3.39E-10,1.99E-10,1.45E-10,1.93E-10,3.23E-10,3.54E-10,3.85E-11,5.89E-11,2.47E-10,1.70E-10,2.03E-10,1.08E-10,2.35E-11,2.78E-10,1.37E-10,1.36E-10,6.19E-11,9.42E-11,1.89E-10,2.94E-10,1.23E-10,3.74E-11,1.59E-10,3.77E-11,2.77E-10,6.15E-10,1.46E-10,8.36E-12,5.06E-11,2.10E-10,8.67E-11,1.70E-10,1.87E-09,4.68E-10,2.98E-10,6.86E-11,1.84E-10,2.19E-11,2.24E-11,4.63E-11,8.88E-11,2.90E-11
8,8.5,A,10,1.83E-08,1.87E-09,2.89E-09,3.11E-09,1.09E-09,4.94E-10,3.26E-10,1.45E-09,3.05E-10,1.14E-09,8.60E-11,9.50E-10,7.41E-10,1.36E-10,1.09E-09,1.76E-09,5.57E-11,3.25E-10,8.57E-11,1.54E-10,2.37E-10,9.40E-10,1.14E-09,1.23E-10,1.98E-10,1.95E-10,5.89E-10,1.19E-11,4.73E-11,4.86E-11,1.83E-08,1.87E-09,2.89E-09,3.11E-09,1.09E-09,4.94E-10,3.26E-10,1.45E-09,3.05E-10,1.14E-09,8.60E-11,9.50E-10,7.41E-10,1.36E-10,1.09E-09,1.76E-09,5.57E-11,3.25E-10,8.57E-11,1.54E-10,2.37E-10,9.40E-10,1.14E-09,1.23E-10,1.98E-10,1.95E-10,5.89E-10,1.19E-11,4.73E-11,4.86E-11,3.24E-11,1.65E-10,7.89E-12,1.58E-10,1.02E-10,3.25E-10,3.02E-11,6.28E-11,7.51E-12,2.04E-10,2.26E-11,6.30E-11,6.66E-11,1.69E-10,1.12E-10,4.95E-10,6.49E-10,2.02E-10,6.06E-11,3.26E-11,2.65E-10,2.30E-11,1.66E-10,1.12E-10,4.39E-11,7.50E-11,3.27E-10,1.88E-10,4.19E-10,2.18E-10,3.20E-10,1.56E-10,1.43E-10,1.22E-10,5.22E-11,1.97E-10,2.76E-10,1.57E-10,7.44E-12,1.03E-10,6.02E-11,3.11E-10,1.97E-10,5.44E-11,3.17E-10,2.08E-10,2.28E-10,1.12E-10,1.56E-10,1.80E-10,2.46E-10,2.18E-10,1.54E-10,2.45E-10,4.11E-10,4.63E-10,8.96E-11,2.57E-10,6.50E-11,4.57E-10,2.61E-10,4.62E-10,9.27E-11,2.57E-10,7.19E-11,1.36E-10,3.38E-10,3.97E-10,8.89E-11,4.28E-10,5.62E-11,1.01E-10,2.30E-10,1.04E-10,1.12E-10,6.37E-11,4.30E-10,5.15E-11,3.51E-11,1.38E-10,5.34E-11,1.06E-10,9.15E-11,5.46E-10,8.76E-11,1.04E-10,1.87E-11,5.56E-11,3.86E-11,2.58E-10,1.56E-10,1.41E-10,1.68E-10,1.57E-10,9.73E-11,9.12E-11,3.42E-10,3.62E-10,1.09E-10,1.93E-10,4.94E-10,3.01E-10,6.93E-11,2.02E-10,3.71E-11,2.98E-11,2.47E-11,2.09E-10,5.64E-10,6.56E-11,3.81E-11,1.57E-11,6.36E-11,1.95E-10,1.94E-10,6.66E-11,1.02E-10,1.92E-10,5.61E-10,6.36E-10,1.63E-10,5.70E-10,2.90E-10,6.20E-11,1.20E-10,8.88E-11,1.67E-10,5.80E-11,3.76E-11,1.65E-11
8.25,8.75,A,10,4.72E-09,1.94E-08,2.58E-09,3.32E-09,1.14E-10,3.98E-10,7.38E-10,4.08E-11,4.38E-10,4.35E-10,6.14E-11,3.23E-10,1.82E-10,6.09E-10,1.39E-10,5.68E-11,2.46E-10,8.59E-11,9.29E-11,2.78E-10,1.22E-10,2.41E-10,5.18E-11,7.01E-12,6.89E-10,4.07E-10,9.97E-11,8.57E-11,3.29E-11,1.41E-10,4.72E-09,1.94E-08,2.58E-09,3.32E-09,1.14E-10,3.98E-10,7.38E-10,4.08E-11,4.38E-10,4.35E-10,6.14E-11,3.23E-10,1.82E-10,6.09E-10,1.39E-10,5.68E-11,2.46E-10,8.59E-11,9.29E-11,2.78E-10,1.22E-10,2.41E-10,5.18E-11,7.01E-12,6.89E-10,4.07E-10,9.97E-11,8.57E-11,3.29E-11,1.41E-10,3.80E-10,6.04E-11,2.87E-10,2.57E-10,2.77E-11,1.25E-10,2.10E-11,8.97E-11,1.02E-10,1.88E-10,2.17E-11,1.77E-11,5.81E-10,9.32E-11,6.26E-11,4.63E-11,4.61E-10,2.64E-10,1.77E-10,7.52E-10,9.03E-11,1.31E-10,1.36E-10,3.24E-11,4.54E-11,1.43E-10,1.21E-10,5.13E-11,7.23E-11,1.91E-10,4.10E-10,2.70E-10,3.79E-11,3.35E-10,1.80E-10,1.33E-10,8.28E-12,6.67E-11,2.74E-10,7.21E-11,7.52E-11,7.67E-11,2.74E-11,1.71E-10,1.79E-11,5.82E-11,1.36E-10,2.12E-10,4.27E-10,1.07E-10,1.78E-10,3.98E-11,2.82E-10,1.07E-10,3.82E-10,2.29E-10,1.49E-10,7.20E-11,2.19E-10,2.83E-10,6.02E-11,1.66E-11,2.10E-10,6.28E-11,4.40E-11,3.37E-10,1.30E-10,1.15E-10,2.13E-10,8.85E-10,4.44E-11,8.02E-11,1.59E-10,7.39E-12,3.88E-11,1.05E-11,2.61E-10,1.30E-10,1.26E-11,2.94E-10,9.74E-11,3.71E-11,6.12E-10,1.18E-10,3.62E-10,5.93E-11,8.05E-11,1.01E-10,8.84E-12,4.03E-10,3.70E-10,1.64E-10,1.90E-10,1.39E-10,2.74E-11,5.98E-11,4.70E-10,1.38E-10,1.39E-10,7.43E-11,2.33E-11,8.89E-11,5.02E-11,1.48E-10,6.51E-11,5.93E-11,2.63E-10,2.79E-10,1.19E-10,8.27E-11,4.83E-11,5.37E-11,8.68E-12,1.15E-10,2.82E-10,4.74E-11,5.58E-11,1.11E-10,5.12E-11,1.64E-10,1.36E-10,7.83E-10,2.25E-10,7.31E-11,3.64E-11,4.38E-11,5.06E-10,7.25E-11,6.24E-11,1.63E-11
8.5,9,A,10,2.40E-08,3.41E-08,1.99E-09,2.19E-09,2.14E-09,1.25E-09,2.21E-09,1.79E-09,1.13E-09,1.16E-10,4.95E-10,7.19E-10,1.48E-10,1.04E-10,9.23E-10,3.47E-10,1.78E-10,1.48E-10,1.13E-10,8.34E-10,2.94E-10,6.76E-11,1.76E-10,1.76E-10,4.54E-10,3.79E-10,1.17E-10,3.46E-11,7.10E-10,1.88E-10,2.40E-08,3.41E-08,1.99E-09,2.19E-09,2.14E-09,1.25E-09,2.21E-09,1.79E-09,1.13E-09,1.16E-10,4.95E-10,7.19E-10,1.48E-10,1.04E-10,9.23E-10,3.47E-10,1.78E-10,1.48E-10,1.13E-10,8.34E-10,2.94E-10,6.76E-11,1.76E-10,1.76E-10,4.54E-10,3.79E-10,1.17E-10,3.46E-11,7.10E-10,1.88E-10,2.88E-10,1.86E-10,2.03E-10,3.52E-10,8.38E-10,4.58E-10,4.49E-10,2.66E-11,5.61E-11,9.77E-11,3.74E-10,5.04E-11,1.44E-11,1.43E-10,3.83E-10,1.60E-10,1.23E-10,2.97E-10,2.03E-10,2.00E-10,4.35E-12,2.49E-10,5.21E-10,2.64E-10,1.89E-10,1.93E-10,7.44E-11,4.83E-11,1.87E-10,1.03E-12,3.32E-11,1.45E-10,3.76E-11,5.50E-10,3.89E-10,9.55E-11,4.54E-10,2.52E-10,1.24E-10,3.53E-11,1.37E-10,4.83E-11,1.47E-10,2.17E-11,1.58E-10,1.95E-10,6.41E-11,1.54E-10,1.16E-10,4.37E-11,1.16E-10,3.42E-11,4.34E-10,4.95E-10,3.08E-10,1.31E-09,3.44E-10,3.39E-10,7.00E-11,5.05E-10,1.65E-10,2.18E-10,8.85E-11,8.59E-10,1.08E-10,3.50E-10,2.36E-10,1.25E-10,1.77E-10,2.14E-10,2.25E-10,3.50E-10,7.76E-11,3.82E-10,9.16E-11,2.20E-10,4.32E-10,2.28E-10,1.63E-10,1.39E-10,5.39E-10,1.12E-10,1.55E-10,1.75E-10,1.72E-10,3.05E-10,1.74E-10,1.96E-10,4.79E-10,6.01E-11,1.91E-10,1.15E-10,1.17E-10,1.00E-09,7.32E-10,5.71E-11,2.92E-10,6.48E-10,3.77E-10,1.11E-10,2.52E-10,1.88E-10,2.67E-11,1.94E-10,8.08E-10,3.42E-10,6.52E-11,2.74E-11,3.38E-11,5.36E-10,9.73E-10,3.37E-10,3.55E-10,1.80E-10,4.14E-10,1.41E-10,3.17E-11,4.05E-10,6.32E-11,3.72E-11,3.94E-10,1.70E-10,4.19E-10,4.29E-11,1.12E-10,1.18E-10,7.19E-11,2.29E-10,2.50E-10,3.27E-10
8.75,9.25,A,10,2.20E-08,3.70E-08,4.42E-09,1.74E-09,3.28E-09,3.32E-09,3.67E-09,2.44E-09,2.89E-10,1.11E-09,8.00E-10,2.58E-10,6.22E-10,4.70E-10,1.73E-10,8.35E-10,6.02E-10,3.62E-10,1.37E-10,1.29E-10,1.02E-09,1.50E-10,1.37E-10,3.26E-10,3.00E-10,2.13E-10,1.16E-10,3.05E-11,4.99E-11,1.33E-10,2.20E-08,3.70E-08,4.42E-09,1.74E-09,3.28E-09,3.32E-09,3.67E-09,2.44E-09,2.89E-10,1.11E-09,8.00E-10,2.58E-10,6.22E-10,4.70E-10,1.73E-10,8.35E-10,6.02E-10,3.62E-10,1.37E-10,1.29E-10,1.02E-09,1.50E-10,1.37E-10,3.26E-10,3.00E-10,2.13E-10,1.16E-10,3.05E-11,4.99E-11,1.33E-10,2.24E-10,2.09E-10,4.39E-10,1.46E-10,1.18E-10,1.98E-10,3.80E-10,9.55E-11,1.20E-10,2.80E-10,1.34E-10,1.16E-10,1.16E-10,1.26E-11,1.11E-10,8.07E-11,1.61E-11,3.05E-10,1.94E-10,8.89E-11,2.26E-11,1.42E-10,8.44E-10,3.35E-10,1.84E-10,2.97E-11,1.58E-10,1.44E-10,1.57E-10,9.82E-11,3.18E-10,1.69E-10,7.33E-11,5.56E-10,1.07E-10,4.52E-10,3.68E-10,1.72E-10,1.29E-10,1.07E-10,8.11E-11,2.49E-10,1.98E-10,7.61E-10,4.42E-10,3.75E-11,2.98E-10,2.20E-10,1.06E-10,2.57E-10,1.41E-10,1.65E-10,1.61E-10,1.10E-10,5.15E-10,1.77E-10,3.77E-10,1.37E-10,5.63E-11,3.12E-10,3.80E-11,3.50E-10,2.44E-10,4.69E-10,1.01E-10,2.28E-10,2.34E-10,9.46E-11,5.37E-11,1.35E-10,1.00E-10,9.72E-11,3.19E-10,6.62E-11,1.39E-10,5.55E-10,2.36E-10,2.34E-10,8.55E-11,1.36E-11,1.08E-10,1.40E-10,1.42E-10,9.63E-11,1.28E-10,7.05E-11,4.58E-11,1.42E-10,1.34E-11,4.25E-11,1.48E-10,5.49E-10,5.71E-10,3.54E-11,5.85E-10,6.19E-11,2.54E-10,5.45E-11,6.93E-11,1.73E-10,3.32E-11,3.01E-10,2.52E-10,1.04E-10,1.49E-10,1.81E-11,8.47E-11,2.53E-10,1.33E-10,4.41E-10,1.90E-11,1.80E-10,4.22E-10,3.38E-11,6.37E-10,1.75E-10,3.10E-10,2.17E-10,1.60E-11,8.18E-11,3.24E-12,1.07E-10,1.81E-10,9.58E-11,1.83E-10,1.01E-10,3.41E-10,8.03E-11,3.18E-10,2.00E-10
9,9.5,A,10,7.07E-09,1.79E-08,1.61E-08,8.28E-09,3.69E-09,1.91E-09,2.48E-10,7.43E-10,6.73E-11,3.98E-10,7.80E-10,3.90E-10,7.30E-10,1.84E-10,3.37E-10,3.37E-10,7.20E-10,1.48E-10,3.18E-10,7.13E-10,3.47E-10,3.28E-10,4.15E-10,7.99E-11,2.31E-10,2.08E-10,2.61E-10,4.19E-10,4.06E-10,1.35E-10,7.07E-09,1.79E-08,1.61E-08,8.28E-09,3.69E-09,1.91E-09,2.48E-10,7.43E-10,6.73E-11,3.98E-10,7.80E-10,3.90E-10,7.30E-10,1.84E-10,3.37E-10,3.37E-10,7.20E-10,1.48E-10,3.18E-10,7.13E-10,3.47E-10,3.28E-10,4.15E-10,7.99E-11,2.31E-10,2.08E-10,2.61E-10,4.19E-10,4.06E-10,1.35E-10,1.73E-10,5.28E-10,1.14E-10,3.66E-11,5.97E-10,1.12E-10,1.61E-10,4.43E-10,1.31E-10,7.17E-10,1.42E-10,3.36E-10,3.05E-10,2.98E-10,5.54E-11,9.83E-10,1.14E-09,2.07E-10,1.02E-09,3.83E-11,1.80E-10,6.10E-10,3.21E-10,2.44E-10,6.43E-10,4.66E-10,4.84E-10,2.10E-10,3.93E-11,7.77E-10,3.08E-10,1.78E-10,1.27E-10,1.87E-10,5.87E-11,2.36E-10,1.10E-10,5.85E-10,2.67E-10,2.24E-10,2.24E-10,4.01E-10,7.81E-11,1.82E-10,1.71E-10,3.04E-10,1.40E-10,2.16E-10,8.40E-10,2.58E-10,1.85E-10,5.08E-10,3.40E-11,3.59E-10,3.82E-10,2.92E-10,3.81E-10,1.28E-10,4.00E-10,2.37E-10,2.23E-10,5.01E-11,4.43E-10,1.47E-10,3.49E-10,9.46E-10,8.99E-11,2.17E-10,2.18E-10,1.15E-10,2.52E-10,8.03E-11,3.59E-10,7.30E-10,1.37E-11,2.26E-10,6.21E-10,5.40E-11,7.26E-11,5.61E-10,9.60E-11,3.76E-11,1.70E-10,6.71E-10,2.20E-11,2.21E-10,3.82E-10,3.60E-11,1.00E-11,1.09E-10,8.50E-11,1.99E-10,5.25E-10,1.07E-10,3.72E-10,8.73E-11,1.06E-10,1.96E-10,2.10E-10,3.89E-11,1.82E-10,6.93E-11,9.77E-11,2.22E-10,4.86E-10,4.96E-10,1.43E-10,2.94E-10,2.92E-10,4.59E-10,8.72E-11,2.05E-09,3.57E-10,1.93E-09,3.69E-10,1.49E-10,1.25E-09,8.38E-10,3.07E-10,1.63E-10,1.40E-10,1.48E-10,6.44E-10,5.47E-10,5.42E-10,1.34E-10,5.67E-10,1.39E-10,9.26E-10,7.41E-10
9.25,9.75,A,10,1.41E-08,1.11E-08,1.26E-09,1.29E-09,7.81E-10,1.37E-09,1.37E-09,3.59E-09,1.73E-09,1.08E-10,1.07E-09,1.37E-09,5.11E-10,5.70E-10,6.89E-11,4.78E-10,2.13E-10,1.04E-09,2.95E-10,1.43E-10,8.85E-10,1.22E-09,5.72E-11,5.43E-10,9.86E-11,2.55E-10,8.62E-11,1.18E-10,2.27E-10,9.06E-11,1.41E-08,1.11E-08,1.26E-09,1.29E-09,7.81E-10,1.37E-09,1.37E-09,3.59E-09,1.73E-09,1.08E-10,1.07E-09,1.37E-09,5.11E-10,5.70E-10,6.89E-11,4.78E-10,2.13E-10,1.04E-09,2.95E-10,1.43E-10,8.85E-10,1.22E-09,5.72E-11,5.43E-10,9.86E-11,2.55E-10,8.62E-11,1.18E-10,2.27E-10,9.06E-11,1.01E-10,1.17E-12,7.63E-10,2.18E-10,4.70E-10,1.72E-10,2.34E-10,1.20E-10,1.01E-10,2.54E-10,9.25E-11,3.99E-10,5.61E-11,3.03E-10,2.56E-10,2.10E-10,3.00E-10,4.72E-11,1.45E-10,1.05E-10,1.92E-11,3.79E-10,6.53E-10,2.00E-10,2.12E-11,2.37E-10,6.94E-10,2.06E-10,7.03E-11,2.77E-11,9.75E-11,5.07E-10,2.83E-10,1.09E-10,4.25E-10,7.43E-10,1.65E-10,2.71E-11,7.73E-10,9.77E-10,3.66E-10,2.87E-11,5.98E-10,2.83E-10,7.76E-11,1.49E-10,5.30E-12,1.53E-11,3.07E-10,1.24E-10,3.51E-11,1.20E-10,4.06E-11,1.74E-10,9.48E-11,1.23E-10,7.40E-11,2.19E-10,3.62E-10,7.13E-11,1.42E-10,4.01E-10,4.19E-10,7.63E-10,1.71E-11,1.14E-10,1.11E-10,2.72E-10,5.13E-10,2.66E-10,2.26E-10,1.26E-10,5.14E-11,1.07E-10,2.51E-10,1.21E-11,1.65E-11,3.47E-10,7.55E-11,1.29E-10,1.22E-10,1.76E-10,2.53E-10,3.16E-11,2.45E-10,3.51E-11,1.66E-10,2.79E-11,1.12E-10,9.50E-11,1.54E-10,6.72E-10,2.37E-10,1.56E-10,1.60E-10,2.60E-10,2.76E-10,4.45E-10,3.39E-10,2.41E-10,1.29E-10,2.51E-10,2.53E-10,4.98E-11,6.05E-11,1.50E-10,1.79E-10,2.56E-11,1.54E-10,2.42E-10,6.71E-11,3.54E-11,1.85E-10,8.33E-11,2.95E-10,2.94E-11,1.89E-11,1.12E-10,3.46E-11,1.55E-10,4.80E-11,2.01E-11,1.24E-10,5.93E-10,5.29E-10,1.95E-10,1.70E-10,3.77E-11,3.30E-10,8.85E-10
9.5,10,A,10,6.70E-09,4.38E-09,1.11E-09,1.80E-09,2.20E-09,2.12E-09,7.09E-10,1.76E-10,1.31E-10,2.92E-11,6.49E-10,1.97E-10,1.54E-10,3.02E-10,7.72E-10,6.25E-10,4.17E-10,4.41E-10,1.60E-10,3.62E-10,2.04E-10,6.81E-10,7.12E-10,9.09E-10,5.10E-11,2.01E-10,6.18E-10,4.58E-10,3.75E-10,1.39E-11,6.70E-09,4.38E-09,1.11E-09,1.80E-09,2.20E-09,2.12E-09,7.09E-10,1.76E-10,1.31E-10,2.92E-11,6.49E-10,1.97E-10,1.54E-10,3.02E-10,7.72E-10,6.25E-10,4.17E-10,4.41E-10,1.60E-10,3.62E-10,2.04E-10,6.81E-10,7.12E-10,9.09E-10,5.10E-11,2.01E-10,6.18E-10,4.58E-10,3.75E-10,1.39E-11,8.88E-11,9.41E-11,3.21E-11,1.16E-10,2.40E-11,2.46E-10,1.46E-11,1.17E-11,3.90E-12,3.20E-11,1.52E-11,1.75E-10,4.04E-11,1.72E-10,1.20E-10,8.34E-11,3.55E-11,3.03E-10,2.75E-10,1.74E-10,2.31E-11,1.19E-10,9.09E-11,8.09E-11,1.52E-10,3.29E-11,1.89E-10,1.40E-10,2.64E-10,2.90E-12,1.68E-11,1.29E-10,2.04E-11,1.51E-11,3.09E-10,2.96E-11,8.71E-11,4.54E-10,1.01E-10,3.68E-10,1.43E-10,1.14E-10,1.92E-10,1.79E-11,2.78E-10,1.66E-10,3.05E-11,4.90E-11,5.19E-11,4.91E-10,1.87E-10,8.89E-11,1.92E-11,2.74E-10,4.13E-11,3.92E-11,8.19E-11,3.20E-10,2.75E-11,1.09E-10,4.90E-11,7.21E-12,9.83E-11,1.02E-10,5.55E-11,1.72E-10,3.14E-10,9.42E-11,3.88E-10,9.56E-11,1.73E-11,2.75E-11,1.80E-10,1.13E-10,1.84E-11,1.15E-10,9.80E-11,3.01E-10,1.30E-10,2.81E-12,4.96E-11,1.71E-10,3.19E-10,1.11E-10,1.05E-10,1.68E-10,2.23E-10,2.47E-10,2.73E-10,1.94E-10,1.85E-10,4.65E-10,4.44E-10,5.16E-10,1.13E-10,9.27E-11,6.40E-10,1.66E-10,1.48E-11,3.80E-11,2.16E-10,2.15E-10,3.53E-11,2.22E-10,1.18E-10,7.33E-11,1.26E-10,3.51E-10,1.30E-10,2.85E-10,7.96E-11,2.73E-10,4.09E-10,1.25E-09,4.47E-10,2.38E-10,2.17E-10,2.97E-10,1.26E-10,1.47E-11,1.40E-10,6.03E-10,1.84E-10,4.31E-10,1.01E-10,1.37E-11,3.22E-10,7.02E-11,4.16E-10,1.13E-10
9.75,10.25,A,10,8.93E-09,1.19E-09,1.43E-09,6.76E-09,1.75E-09,1.62E-10,1.79E-09,5.92E-10,1.72E-10,6.25E-11,4.14E-10,2.37E-11,1.51E-10,1.27E-10,7.14E-11,4.41E-11,1.16E-10,1.19E-10,9.76E-10,3.29E-10,7.53E-11,1.26E-10,1.62E-10,1.00E-10,3.58E-10,3.19E-11,7.89E-10,2.71E-10,7.21E-11,2.93E-10,8.93E-09,1.19E-09,1.43E-09,6.76E-09,1.75E-09,1.62E-10,1.79E-09,5.92E-10,1.72E-10,6.25E-11,4.14E-10,2.37E-11,1.51E-10,1.27E-10,7.14E-11,4.41E-11,1.16E-10,1.19E-10,9.76E-10,3.29E-10,7.53E-11,1.26E-10,1.62E-10,1.00E-10,3.58E-10,3.19E-11,7.89E-10,2.71E-10,7.21E-11,2.93E-10,1.40E-10,9.93E-11,1.69E-10,2.81E-11,8.11E-12,2.47E-10,1.03E-10,1.28E-10,1.52E-10,2.18E-10,6.96E-11,2.79E-11,2.52E-11,1.38E-10,8.08E-11,5.47E-10,4.24E-10,8.74E-10,2.82E-11,1.30E-10,1.11E-11,2.41E-10,3.59E-10,3.28E-10,4.50E-11,5.43E-10,2.56E-10,1.01E-09,6.29E-10,7.01E-12,3.50E-10,1.98E-10,1.87E-11,3.70E-11,2.58E-10,1.47E-10,3.87E-10,3.69E-10,6.26E-11,1.07E-10,3.99E-11,8.57E-11,7.59E-11,1.04E-10,3.16E-10,1.28E-10,8.11E-11,4.91E-10,3.34E-10,4.39E-10,3.64E-10,1.25E-10,7.49E-11,3.15E-10,1.97E-10,2.53E-10,8.53E-10,6.74E-11,8.47E-11,1.90E-10,2.03E-10,5.63E-10,6.00E-11,1.37E-10,6.60E-11,4.42E-11,1.12E-10,3.54E-10,3.34E-11,1.94E-10,2.63E-10,7.06E-11,4.30E-10,2.49E-10,5.31E-11,9.85E-11,1.63E-10,2.39E-10,4.99E-11,9.76E-11,5.55E-12,6.61E-11,9.03E-11,7.49E-11,5.61E-10,4.13E-10,1.20E-10,5.04E-11,5.85E-11,1.25E-10,1.71E-10,1.73E-10,7.36E-11,1.47E-10,2.41E-11,8.26E-11,3.34E-11,1.51E-10,2.45E-11,5.59E-11,1.35E-10,9.58E-11,1.93E-11,1.20E-10,4.53E-11,3.36E-11,3.98E-11,2.67E-11,1.23E-10,2.44E-10,2.01E-11,4.00E-12,2.41E-10,9.87E-10,1.35E-10,3.21E-11,3.66E-10,6.97E-11,3.46E-10,1.56E-10,3.88E-10,1.60E-10,1.04E-10,5.11E-10,5.52E-10,5.02E-11,1.10E-10,7.76E-11,7.83E-11,2.91E-11
10,10.5,A,10,2.24E-10,1.19E-08,4.58E-09,1.46E-09,2.42E-09,4.90E-10,1.56E-09,3.95E-10,7.74E-10,8.43E-11,4.58E-11,5.26E-11,4.74E-10,3.79E-10,8.35E-10,4.94E-10,1.17E-10,7.90E-11,1.77E-10,9.47E-11,3.41E-10,8.28E-11,9.90E-11,7.47E-10,4.26E-11,2.44E-10,3.52E-10,3.50E-11,3.10E-10,1.99E-10,2.24E-10,1.19E-08,4.58E-09,1.46E-09,2.42E-09,4.90E-10,1.56E-09,3.95E-10,7.74E-10,8.43E-11,4.58E-11,5.26E-11,4.74E-10,3.79E-10,8.35E-10,4.94E-10,1.17E-10,7.90E-11,1.77E-10,9.47E-11,3.41E-10,8.28E-11,9.90E-11,7.47E-10,4.26E-11,2.44E-10,3.52E-10,3.50E-11,3.10E-10,1.99E-10,8.97E-11,4.17E-10,1.50E-09,3.58E-10,7.08E-10,1.47E-10,1.10E-10,2.72E-10,8.80E-10,6.26E-10,1.14E-10,4.31E-11,1.12E-10,9.37E-11,2.79E-10,7.09E-10,4.29E-10,1.01E-11,8.65E-11,7.33E-11,4.53E-10,5.72E-11,6.62E-10,1.68E-10,2.46E-10,9.65E-11,8.33E-11,4.49E-10,5.10E-10,1.75E-10,1.64E-11,9.47E-11,5.50E-10,3.20E-11,4.03E-11,2.01E-10,1.25E-10,1.07E-10,3.56E-10,3.04E-10,7.08E-11,5.86E-11,8.37E-11,2.24E-10,7.62E-10,1.18E-10,1.22E-10,1.26E-10,2.02E-10,8.76E-11,1.96E-10,8.59E-11,2.44E-10,1.32E-10,5.45E-11,2.20E-10,9.29E-10,4.90E-11,4.66E-11,1.97E-10,2.17E-10,9.04E-10,2.21E-10,2.12E-11,6.31E-11,8.02E-10,5.59E-10,5.11E-11,6.18E-11,5.39E-10,2.41E-11,2.37E-10,1.84E-10,2.62E-10,7.99E-11,5.44E-11,2.39E-10,1.78E-11,1.25E-10,4.45E-10,1.10E-10,2.40E-10,8.66E-11,1.95E-10,5.41E-10,2.97E-10,2.63E-11,6.31E-10,4.72E-11,2.69E-10,2.07E-10,1.50E-10,5.99E-10,1.86E-11,2.06E-10,2.13E-10,4.41E-10,6.20E-11,4.33E-10,3.30E-10,1.93E-10,3.69E-11,4.88E-11,6.05E-10,7.80E-11,3.36E-10,2.07E-10,3.54E-10,1.25E-10,2.78E-10,2.63E-10,6.76E-10,2.19E-10,5.15E-11,5.17E-10,2.45E-10,3.10E-10,1.06E-10,1.01E-10,2.32E-10,4.07E-10,1.43E-10,6.13E-10,1.71E-10,1.55E-10,2.23E-10,1.04E-10,1.06E-09,7.64E-11,5.08E-11
10.25,10.75,A,10,3.79E-09,2.72E-08,3.89E-09,3.31E-09,1.53E-09,5.49E-10,1.41E-09,1.27E-09,1.51E-10,6.52E-11,3.20E-10,2.46E-10,4.96E-10,4.26E-10,1.21E-10,1.16E-10,5.27E-10,2.33E-10,3.66E-10,1.70E-10,1.97E-10,1.85E-10,7.67E-11,3.04E-10,1.60E-10,1.43E-10,4.54E-10,1.69E-11,2.74E-10,2.37E-10,3.79E-09,2.72E-08,3.89E-09,3.31E-09,1.53E-09,5.49E-10,1.41E-09,1.27E-09,1.51E-10,6.52E-11,3.20E-10,2.46E-10,4.96E-10,4.26E-10,1.21E-10,1.16E-10,5.27E-10,2.33E-10,3.66E-10,1.70E-10,1.97E-10,1.85E-10,7.67E-11,3.04E-10,1.60E-10,1.43E-10,4.54E-10,1.69E-11,2.74E-10,2.37E-10,1.66E-10,1.27E-10,4.80E-10,4.89E-10,3.82E-10,5.13E-10,1.12E-09,2.39E-10,9.07E-11,3.83E-10,1.17E-10,8.73E-11,1.89E-10,5.18E-11,1.91E-10,2.38E-10,3.30E-11,1.18E-10,3.68E-10,7.51E-11,6.22E-11,1.49E-10,7.87E-11,1.40E-10,1.36E-11,3.40E-11,1.75E-10,1.76E-10,7.06E-11,5.11E-11,3.49E-11,5.75E-11,4.60E-11,2.18E-10,1.38E-11,2.38E-11,2.61E-10,4.89E-10,4.44E-11,1.80E-10,7.04E-11,1.12E-11,6.23E-10,1.07E-10,1.78E-10,2.79E-11,2.02E-11,5.41E-11,2.29E-10,2.67E-10,1.21E-10,2.38E-11,1.33E-10,4.92E-11,2.30E-10,6.49E-11,9.41E-11,6.32E-11,8.70E-11,8.69E-11,3.11E-11,3.91E-11,3.58E-11,1.54E-10,1.34E-10,3.05E-10,1.62E-10,9.34E-11,7.46E-11,3.46E-10,3.61E-10,2.34E-10,1.20E-10,1.81E-10,3.64E-10,2.63E-10,2.24E-10,8.83E-11,1.04E-10,5.80E-12,1.54E-11,5.96E-10,1.12E-10,7.21E-11,7.90E-11,8.53E-11,1.71E-11,1.31E-10,4.74E-11,6.87E-11,8.87E-11,1.07E-10,3.70E-11,2.17E-10,5.19E-11,1.73E-10,6.02E-10,2.65E-11,1.73E-10,8.42E-11,2.12E-10,3.81E-10,5.90E-11,6.97E-11,3.29E-10,2.17E-10,3.25E-11,3.12E-10,2.45E-10,2.66E-10,4.35E-11,3.30E-10,1.14E-10,1.89E-10,2.17E-10,1.51E-11,4.72E-11,8.86E-11,6.73E-11,6.35E-11,1.92E-10,4.76E-11,1.15E-10,1.30E-10,6.83E-11,2.36E-10,1.42E-10,9.88E-11,1.52E-10,1.35E-10
10.5,11,A,10,7.23E-09,2.22E-08,3.59E-09,1.11E-09,1.08E-09,4.43E-09,2.21E-09,1.20E-09,8.26E-10,7.95E-10,8.94E-10,3.91E-10,1.09E-10,3.79E-10,7.02E-10,1.99E-10,1.49E-09,5.47E-10,2.18E-10,1.08E-09,1.69E-10,7.88E-10,4.85E-10,3.73E-10,1.82E-10,1.83E-10,3.34E-12,1.43E-10,9.85E-11,9.01E-11,7.23E-09,2.22E-08,3.59E-09,1.11E-09,1.08E-09,4.43E-09,2.21E-09,1.20E-09,8.26E-10,7.95E-10,8.94E-10,3.91E-10,1.09E-10,3.79E-10,7.02E-10,1.99E-10,1.49E-09,5.47E-10,2.18E-10,1.08E-09,1.69E-10,7.88E-10,4.85E-10,3.73E-10,1.82E-10,1.83E-10,3.34E-12,1.43E-10,9.85E-11,9.01E-11,4.86E-10,5.44E-10,2.80E-10,2.11E-10,4.30E-10,3.83E-10,6.21E-11,1.07E-10,2.46E-11,1.73E-11,4.53E-11,5.49E-10,2.17E-10,4.61E-10,7.85E-11,7.60E-10,8.29E-10,1.04E-09,2.37E-10,1.94E-10,1.31E-10,2.51E-10,1.68E-10,2.27E-10,1.95E-10,6.37E-11,2.18E-10,2.60E-10,2.97E-11,1.01E-10,9.32E-11,9.47E-11,2.03E-10,1.85E-10,2.26E-10,1.68E-10,2.12E-10,6.56E-10,1.86E-10,9.62E-12,1.81E-10,3.07E-10,1.19E-10,1.52E-10,6.62E-11,2.63E-10,2.32E-10,3.08E-10,9.95E-11,1.00E-10,2.15E-10,2.22E-10,5.20E-10,1.09E-10,3.00E-10,3.99E-10,1.28E-10,1.00E-10,6.48E-10,2.03E-10,9.48E-10,3.63E-10,1.90E-10,3.54E-11,3.59E-10,1.27E-10,1.99E-10,4.82E-10,3.11E-10,4.42E-10,6.07E-10,1.49E-10,1.34E-10,3.56E-10,2.55E-10,3.12E-11,3.52E-10,6.31E-10,1.82E-10,2.94E-11,2.12E-10,1.72E-10,2.16E-10,6.98E-11,3.86E-10,5.42E-11,2.20E-10,7.11E-11,1.24E-10,1.12E-09,1.14E-10,1.50E-10,8.53E-11,7.17E-11,9.51E-10,1.64E-10,3.51E-10,1.81E-10,2.79E-10,2.88E-10,3.12E-11,9.57E-10,2.02E-10,5.75E-11,3.31E-10,2.50E-10,9.95E-11,2.33E-10,1.83E-10,3.44E-10,3.73E-11,5.51E-10,1.89E-10,4.50E-10,3.53E-10,8.15E-11,7.16E-11,5.86E-11,3.40E-11,1.17E-10,2.99E-11,3.23E-10,1.19E-10,4.69E-11,9.69E-11,9.77E-11,1.86E-10,1.13E-10,6.46E-10,3.58E-10
10.75,11.25,A,10,2.12E-08,3.77E-09,3.46E-09,6.98E-09,8.68E-10,1.61E-09,6.25E-10,1.57E-09,7.02E-10,1.66E-09,4.10E-10,1.13E-09,1.68E-10,5.00E-10,2.38E-10,2.31E-10,7.85E-10,1.32E-09,6.59E-10,5.80E-10,6.47E-10,1.31E-09,5.50E-10,4.00E-11,1.40E-10,2.21E-10,3.65E-10,1.61E-10,1.17E-10,9.21E-11,2.12E-08,3.77E-09,3.46E-09,6.98E-09,8.68E-10,1.61E-09,6.25E-10,1.57E-09,7.02E-10,1.66E-09,4.10E-10,1.13E-09,1.68E-10,5.00E-10,2.38E-10,2.31E-10,7.85E-10,1.32E-09,6.59E-10,5.80E-10,6.47E-10,1.31E-09,5.50E-10,4.00E-11,1.40E-10,2.21E-10,3.65E-10,1.61E-10,1.17E-10,9.21E-11,3.70E-11,6.04E-11,2.73E-10,8.65E-11,2.42E-10,2.11E-10,5.45E-10,3.78E-11,5.29E-10,1.85E-10,4.02E-10,3.68E-10,1.48E-10,5.21E-10,5.49E-10,9.98E-11,1.40E-10,5.88E-10,2.19E-11,2.38E-10,5.55E-10,2.90E-10,2.87E-10,4.78E-10,1.08E-10,1.05E-10,3.41E-10,2.98E-10,8.27E-10,8.72E-11,1.84E-10,6.11E-10,2.44E-10,6.06E-11,4.80E-10,8.52E-11,2.08E-10,1.37E-09,3.88E-10,1.22E-12,2.10E-10,2.79E-10,3.41E-11,1.69E-10,4.10E-10,3.63E-10,1.15E-10,3.52E-11,3.32E-10,7.18E-11,1.48E-10,4.73E-10,1.10E-10,2.84E-10,1.13E-10,2.54E-10,2.42E-11,6.46E-11,2.31E-10,6.34E-11,1.96E-10,1.87E-10,2.01E-10,1.12E-10,4.07E-10,8.85E-10,2.07E-10,6.74E-11,5.58E-10,1.37E-10,1.66E-10,2.48E-10,9.33E-11,6.18E-10,1.00E-10,9.20E-11,4.44E-10,1.46E-10,9.24E-11,2.05E-10,7.46E-11,9.09E-12,4.24E-11,4.20E-11,6.98E-12,6.98E-11,4.52E-11,7.93E-11,6.54E-11,3.82E-11,1.77E-10,2.02E-11,3.05E-11,7.15E-11,2.55E-10,4.03E-10,1.22E-10,3.83E-10,2.74E-10,1.83E-10,2.28E-10,1.11E-10,9.15E-11,1.85E-10,6.83E-11,3.19E-10,3.84E-10,5.89E-10,8.40E-11,4.12E-10,1.11E-10,2.32E-10,2.63E-10,5.25E-11,1.71E-10,6.75E-11,2.51E-10,1.71E-10,2.47E-10,4.37E-10,2.17E-10,2.32E-10,2.21E-11,5.36E-12,2.20E-10,1.53E-10,3.13E-10,3.35E-11,2.01E-10,5.98E-10
11,11.5,A,10,1.48E-08,3.53E-08,1.55E-09,7.18E-09,6.98E-09,1.12E-10,4.62E-10,1.36E-09,2.92E-10,7.58E-10,1.71E-10,7.13E-10,5.33E-10,2.26E-10,5.04E-10,1.89E-10,1.34E-09,2.20E-10,2.31E-10,6.16E-10,5.44E-10,8.27E-10,3.64E-11,2.27E-10,5.58E-10,4.06E-10,9.99E-10,3.05E-11,6.47E-11,2.48E-11,1.48E-08,3.53E-08,1.55E-09,7.18E-09,6.98E-09,1.12E-10,4.62E-10,1.36E-09,2.92E-10,7.58E-10,1.71E-10,7.13E-10,5.33E-10,2.26E-10,5.04E-10,1.89E-10,1.34E-09,2.20E-10,2.31E-10,6.16E-10,5.44E-10,8.27E-10,3.64E-11,2.27E-10,5.58E-10,4.06E-10,9.99E-10,3.05E-11,6.47E-11,2.48E-11,2.11E-10,1.70E-10,1.04E-10,2.34E-10,1.75E-10,4.41E-10,1.07E-11,8.37E-11,5.07E-12,1.29E-10,5.45E-10,3.21E-10,7.65E-11,3.76E-10,6.39E-10,1.75E-11,1.02E-10,1.56E-10,1.99E-10,6.21E-11,2.57E-11,5.07E-11,9.41E-11,2.73E-10,6.60E-11,9.16E-11,3.13E-10,1.24E-10,1.45E-10,1.27E-10,3.00E-10,2.00E-10,3.21E-10,2.77E-10,7.95E-11,1.40E-10,5.27E-10,5.42E-11,1.65E-11,3.15E-11,1.12E-10,1.04E-10,7.95E-11,4.18E-10,2.69E-11,1.24E-10,9.31E-11,2.15E-10,5.64E-11,2.21E-10,1.06E-10,9.52E-11,3.79E-11,6.86E-11,6.06E-11,8.48E-10,7.90E-12,1.53E-10,1.31E-10,3.18E-11,9.68E-12,9.34E-11,2.59E-10,3.65E-11,7.52E-11,3.89E-10,4.41E-11,1.14E-11,2.04E-10,1.74E-10,1.03E-10,7.52E-11,5.65E-10,1.59E-10,2.07E-10,5.60E-11,1.32E-10,9.78E-11,2.82E-10,4.14E-10,6.55E-11,2.74E-10,9.98E-11,2.27E-10,1.37E-11,6.71E-11,1.51E-10,2.16E-10,1.17E-10,4.47E-11,1.45E-10,3.32E-11,1.86E-10,1.10E-11,1.08E-10,2.32E-11,5.99E-11,1.28E-10,1.14E-10,2.72E-10,1.01E-10,1.32E-10,1.97E-11,1.80E-10,4.51E-10,1.55E-10,2.12E-11,2.93E-10,4.58E-11,2.72E-10,1.66E-10,2.22E-10,5.53E-10,5.77E-11,5.35E-10,3.37E-10,3.04E-10,9.87E-11,1.08E-10,3.03E-10,5.54E-10,3.97E-11,1.18E-11,1.47E-10,4.11E-10,5.52E-10,2.36E-10,1.61E-10,1.01E-10,1.78E-10
11.25,11.75,A,10,7.61E-09,4.98E-08,2.22E-09,4.57E-09,3.09E-10,2.71E-10,9.98E-10,3.74E-09,1.82E-09,6.60E-11,9.47E-10,3.80E-10,1.41E-10,1.58E-10,2.42E-09,4.95E-10,8.86E-10,5.96E-11,2.62E-10,4.26E-10,1.69E-10,3.33E-10,6.59E-10,1.07E-09,1.95E-10,1.11E-09,1.41E-10,3.55E-10,1.45E-10,1.82E-10,7.61E-09,4.98E-08,2.22E-09,4.57E-09,3.09E-10,2.71E-10,9.98E-10,3.74E-09,1.82E-09,6.60E-11,9.47E-10,3.80E-10,1.41E-10,1.58E-10,2.42E-09,4.95E-10,8.86E-10,5.96E-11,2.62E-10,4.26E-10,1.69E-10,3.33E-10,6.59E-10,1.07E-09,1.95E-10,1.11E-09,1.41E-10,3.55E-10,1.45E-10,1.82E-10,8.38E-11,3.33E-10,8.67E-10,1.51E-10,8.64E-11,1.30E-09,6.02E-10,2.54E-10,4.22E-10,1.24E-10,1.50E-10,2.15E-10,1.11E-10,8.12E-11,6.80E-11,2.80E-10,8.35E-11,1.27E-09,5.84E-10,5.64E-10,2.53E-10,1.79E-10,1.11E-10,7.52E-11,1.04E-09,7.25E-11,9.78E-11,1.55E-10,1.83E-10,8.83E-10,4.92E-10,8.84E-11,2.41E-10,6.23E-11,1.01E-10,2.01E-10,1.63E-10,9.16E-11,8.59E-10,7.48E-11,2.67E-10,3.98E-10,1.21E-10,2.65E-11,2.64E-10,1.46E-10,1.15E-09,5.46E-10,8.53E-11,1.80E-10,6.92E-11,8.55E-10,2.42E-10,6.54E-10,1.52E-10,2.17E-10,2.22E-10,5.20E-10,6.53E-11,1.24E-11,4.06E-10,2.49E-10,4.66E-11,3.09E-10,2.62E-10,1.07E-10,4.24E-10,1.28E-10,8.91E-11,1.93E-10,1.89E-10,1.59E-10,5.76E-10,2.38E-10,4.85E-10,4.82E-10,6.12E-10,3.18E-10,6.34E-10,7.91E-11,2.66E-11,1.11E-10,8.66E-10,1.08E-10,1.05E-10,5.06E-10,2.48E-10,6.83E-11,3.62E-10,1.45E-10,5.63E-10,2.34E-10,3.27E-10,1.05E-10,1.82E-10,4.36E-10,4.34E-10,3.01E-10,1.13E-11,2.74E-10,1.00E-10,2.55E-10,2.20E-10,1.90E-10,4.20E-10,2.65E-10,1.47E-10,3.51E-10,1.28E-10,3.80E-11,2.97E-10,9.60E-11,7.79E-11,7.84E-11,1.05E-09,6.30E-10,3.60E-10,2.49E-10,1.44E-10,2.17E-10,7.95E-11,1.62E-10,7.84E-11,2.07E-10,4.01E-10,6.80E-12,3.56E-10,3.39E-10,1.11E-10,1.69E-11
11.5,12,A,10,6.43E-09,9.09E-09,2.22E-09,4.00E-09,4.17E-09,2.09E-09,8.24E-10,4.27E-11,1.70E-10,7.70E-10,6.00E-10,2.59E-09,5.63E-10,3.12E-11,1.67E-09,3.07E-10,7.51E-11,1.48E-10,9.47E-11,7.13E-11,9.61E-11,3.30E-10,6.32E-11,9.08E-11,3.94E-10,6.21E-10,2.28E-10,4.96E-10,1.38E-09,7.33E-10,6.43E-09,9.09E-09,2.22E-09,4.00E-09,4.17E-09,2.09E-09,8.24E-10,4.27E-11,1.70E-10,7.70E-10,6.00E-10,2.59E-09,5.63E-10,3.12E-11,1.67E-09,3.07E-10,7.51E-11,1.48E-10,9.47E-11,7.13E-11,9.61E-11,3.30E-10,6.32E-11,9.08E-11,3.94E-10,6.21E-10,2.28E-10,4.96E-10,1.38E-09,7.33E-10,3.89E-10,4.08E-10,2.58E-10,7.78E-11,1.89E-10,2.59E-10,1.41E-10,1.58E-10,1.66E-10,8.38E-11,1.65E-11,1.71E-10,1.48E-10,1.46E-10,2.22E-10,8.04E-11,3.23E-10,1.15E-10,1.31E-10,2.75E-10,4.30E-10,4.21E-10,3.43E-10,1.49E-10,2.45E-10,4.26E-10,4.28E-10,1.10E-09,4.12E-11,1.08E-11,1.24E-10,1.41E-10,4.06E-10,1.27E-10,2.04E-11,4.30E-10,3.80E-10,3.34E-10,1.58E-11,1.21E-10,3.76E-10,3.92E-12,1.18E-10,6.18E-10,1.08E-10,1.14E-10,7.05E-11,9.83E-11,1.38E-10,2.39E-10,1.14E-10,4.76E-10,8.96E-10,5.14E-10,6.19E-10,9.26E-10,6.46E-11,2.24E-10,6.07E-11,7.33E-10,4.07E-10,4.12E-10,6.83E-11,5.67E-11,2.14E-10,7.15E-11,1.63E-10,9.36E-11,5.67E-11,1.68E-10,1.57E-10,1.98E-10,1.30E-10,1.20E-10,2.00E-11,1.71E-10,3.05E-10,1.38E-10,1.92E-10,2.19E-10,8.79E-10,3.37E-10,2.60E-10,4.85E-10,4.89E-11,2.88E-10,1.37E-10,1.50E-10,1.10E-11,1.28E-10,1.06E-10,4.84E-10,1.82E-10,1.68E-10,5.66E-10,1.29E-10,1.92E-11,2.87E-11,1.93E-10,1.35E-10,1.21E-10,3.56E-11,2.77E-11,5.42E-11,6.79E-11,5.32E-11,7.04E-11,2.50E-11,9.86E-11,1.28E-10,5.50E-11,7.15E-11,3.42E-10,6.21E-11,1.84E-10,3.58E-10,1.22E-10,2.70E-10,1.19E-10,2.47E-10,2.01E-10,5.29E-11,2.67E-10,4.51E-11,4.80E-10,7.36E-10,1.56E-10,4.11E-10,5.59E-10,1.87E-10
11.75,12.25,A,10,2.36E-08,9.94E-09,4.66E-09,2.99E-09,5.48E-10,1.58E-09,2.19E-09,9.54E-10,2.18E-10,1.92E-10,1.36E-09,9.56E-10,5.59E-10,1.10E-09,6.97E-10,9.66E-10,2.90E-09,1.15E-10,2.10E-10,2.03E-10,1.77E-10,1.49E-10,4.85E-10,2.47E-10,9.10E-11,2.00E-10,3.32E-10,1.57E-10,5.60E-10,2.77E-10,2.36E-08,9.94E-09,4.66E-09,2.99E-09,5.48E-10,1.58E-09,2.19E-09,9.54E-10,2.18E-10,1.92E-10,1.36E-09,9.56E-10,5.59E-10,1.10E-09,6.97E-10,9.66E-10,2.90E-09,1.15E-10,2.10E-10,2.03E-10,1.77E-10,1.49E-10,4.85E-10,2.47E-10,9.10E-11,2.00E-10,3.32E-10,1.57E-10,5.60E-10,2.77E-10,2.16E-10,1.12E-10,4.12E-10,2.78E-10,2.81E-10,3.93E-10,1.04E-10,3.49E-10,2.81E-10,1.49E-09,2.19E-10,5.13E-10,1.16E-09,9.14E-11,1.69E-10,3.62E-10,1.55E-11,1.55E-10,2.13E-10,5.85E-11,5.63E-11,6.45E-10,1.15E-10,1.28E-10,4.02E-10,1.84E-10,6.13E-11,4.17E-10,1.81E-11,2.38E-11,2.80E-10,4.41E-10,3.45E-10,1.71E-10,1.61E-10,3.38E-10,2.55E-11,1.41E-10,1.30E-10,1.85E-11,3.27E-11,1.89E-10,8.70E-10,3.80E-12,5.07E-10,1.86E-10,1.03E-10,2.56E-10,2.03E-10,9.57E-11,6.21E-11,8.82E-11,9.40E-12,2.02E-10,4.69E-11,2.41E-10,8.23E-11,2.91E-10,6.86E-11,1.12E-10,1.32E-10,7.76E-11,1.57E-10,1.30E-10,2.92E-10,4.07E-10,3.18E-11,2.38E-10,7.66E-11,1.74E-11,1.99E-10,4.01E-10,2.21E-11,7.62E-11,4.20E-11,3.10E-10,3.27E-11,1.23E-10,2.89E-10,4.62E-11,6.13E-10,7.24E-11,3.71E-10,2.68E-11,2.90E-11,3.57E-10,1.04E-10,6.46E-11,8.59E-11,4.69E-11,1.88E-12,2.83E-10,4.98E-11,4.53E-11,1.81E-11,2.42E-11,7.07E-11,6.30E-11,1.11E-10,1.71E-10,2.08E-10,1.41E-10,2.08E-11,6.50E-11,9.21E-12,6.84E-11,1.22E-10,2.31E-10,9.72E-11,2.02E-10,7.06E-11,1.10E-10,2.59E-10,1.97E-10,5.24E-11,1.52E-11,2.98E-10,3.25E-10,1.89E-10,1.38E-10,8.46E-11,1.85E-10,7.78E-11,1.47E-10,3.15E-10,2.01E-10,1.23E-10,7.19E-11,1.17E-10,2.82E-10
12,12.5,A,10,8.11E-09,8.81E-09,2.10E-09,8.07E-10,9.07E-10,1.61E-09,1.53E-10,1.51E-10,7.06E-11,6.13E-10,7.40E-11,1.75E-11,5.99E-10,6.84E-10,7.64E-11,1.58E-10,2.48E-11,4.62E-10,1.13E-10,2.87E-10,3.06E-10,8.14E-11,3.56E-11,2.68E-10,2.40E-10,1.99E-10,5.37E-10,5.23E-11,3.88E-11,1.36E-10,8.11E-09,8.81E-09,2.10E-09,8.07E-10,9.07E-10,1.61E-09,1.53E-10,1.51E-10,7.06E-11,6.13E-10,7.40E-11,1.75E-11,5.99E-10,6.84E-10,7.64E-11,1.58E-10,2.48E-11,4.62E-10,1.13E-10,2.87E-10,3.06E-10,8.14E-11,3.56E-11,2.68E-10,2.40E-10,1.99E-10,5.37E-10,5.23E-11,3.88E-11,1.36E-10,2.45E-10,2.21E-10,3.16E-10,3.57E-10,3.53E-10,5.41E-10,5.57E-11,1.61E-10,1.27E-10,5.03E-11,1.21E-10,2.87E-10,2.72E-10,6.92E-10,4.06E-10,3.86E-10,4.45E-10,1.46E-10,1.20E-10,4.96E-11,1.82E-10,1.82E-10,9.38E-11,1.23E-10,3.99E-11,1.18E-10,7.42E-11,7.49E-11,3.83E-11,2.53E-11,1.73E-10,1.06E-10,3.48E-10,4.37E-10,2.49E-10,7.69E-11,2.36E-11,1.46E-10,2.64E-11,8.99E-11,7.96E-11,2.92E-11,2.14E-11,5.92E-11,3.49E-10,6.94E-11,1.41E-10,3.31E-10,2.08E-11,1.21E-10,1.35E-10,6.26E-11,3.66E-10,7.64E-11,9.57E-11,4.78E-11,7.90E-11,1.63E-10,1.15E-10,1.05E-10,1.88E-11,1.45E-10,1.34E-11,1.07E-10,3.62E-11,2.90E-11,8.33E-13,5.71E-11,8.82E-11,2.98E-10,3.98E-10,2.05E-10,1.66E-10,3.28E-10,3.55E-10,3.60E-10,6.62E-10,6.55E-10,2.49E-10,3.91E-11,4.98E-10,6.19E-12,5.73E-10,2.49E-10,7.68E-11,4.58E-11,2.33E-10,2.80E-10,9.89E-11,3.27E-10,2.56E-10,1.13E-10,3.19E-11,2.11E-10,3.23E-10,1.10E-10,7.71E-11,5.26E-11,2.13E-11,1.65E-10,1.76E-10,4.00E-10,1.75E-10,2.82E-11,2.07E-10,2.71E-10,5.03E-10,7.61E-11,1.00E-10,1.64E-10,1.83E-10,4.24E-10,2.67E-10,7.53E-11,4.37E-11,2.28E-11,3.25E-11,8.76E-11,1.26E-11,4.30E-11,7.46E-12,5.71E-11,7.86E-11,3.64E-10,1.13E-10,3.20E-11,9.95E-11,1.45E-10,1.55E-10,1.74E-10
12.25,12.75,A,10,1.04E-08,1.52E-08,3.03E-09,4.63E-10,1.96E-09,4.12E-09,3.61E-10,5.56E-10,3.24E-10,2.43E-10,1.67E-09,1.52E-11,2.87E-10,2.52E-10,2.49E-10,5.91E-10,5.58E-10,4.24E-10,2.67E-10,7.33E-11,3.68E-10,3.60E-10,5.91E-12,6.69E-10,3.29E-10,2.78E-10,1.58E-10,1.68E-10,4.02E-11,1.16E-10,1.04E-08,1.52E-08,3.03E-09,4.63E-10,1.96E-09,4.12E-09,3.61E-10,5.56E-10,3.24E-10,2.43E-10,1.67E-09,1.52E-11,2.87E-10,2.52E-10,2.49E-10,5.91E-10,5.58E-10,4.24E-10,2.67E-10,7.33E-11,3.68E-10,3.60E-10,5.91E-12,6.69E-10,3.29E-10,2.78E-10,1.58E-10,1.68E-10,4.02E-11,1.16E-10,2.61E-10,2.42E-10,7.49E-11,2.14E-10,4.43E-12,3.72E-10,5.01E-10,1.26E-10,3.02E-11,8.44E-11,3.05E-10,2.44E-10,9.41E-11,6.00E-10,2.33E-10,2.02E-10,6.05E-10,5.93E-11,2.20E-10,2.09E-10,1.63E-10,2.43E-10,1.51E-12,7.27E-11,5.23E-10,5.11E-10,1.53E-10,2.68E-11,2.77E-10,1.56E-10,2.29E-10,4.58E-11,3.06E-10,1.75E-10,1.00E-10,1.30E-10,9.97E-11,6.75E-11,1.12E-10,9.82E-11,1.67E-10,1.11E-10,4.01E-10,4.50E-10,2.58E-10,2.10E-10,1.55E-10,2.75E-11,4.29E-11,2.39E-10,3.79E-10,2.26E-11,1.09E-10,9.79E-11,6.36E-11,1.10E-10,3.80E-10,3.99E-10,5.19E-10,3.35E-10,1.49E-11,3.42E-10,2.34E-10,2.06E-10,1.07E-10,5.02E-10,4.84E-11,5.59E-10,2.41E-10,4.72E-11,4.60E-10,1.43E-10,9.51E-11,3.32E-10,4.87E-10,6.77E-11,5.36E-10,7.63E-11,1.28E-10,3.32E-10,1.36E-11,1.78E-10,1.23E-10,3.89E-10,7.00E-11,5.29E-11,6.53E-11,2.54E-10,3.24E-11,1.75E-10,1.09E-10,2.58E-10,2.66E-10,4.60E-11,1.49E-10,4.17E-10,1.17E-10,1.85E-10,1.47E-10,1.95E-10,1.91E-11,4.16E-10,6.33E-10,2.07E-10,1.04E-10,5.94E-10,6.79E-10,4.09E-10,6.57E-11,1.97E-10,2.64E-10,1.50E-10,1.87E-10,2.06E-10,1.01E-10,1.46E-10,5.61E-10,1.43E-10,9.58E-11,4.10E-10,3.56E-11,1.97E-10,1.60E-10,7.77E-11,1.56E-10,1.12E-10,1.85E-11,2.37E-10,3.69E-10,1.83E-10
12.5,13,A,10,3.11E-08,4.52E-08,1.03E-09,1.90E-09,7.72E-10,1.02E-09,8.50E-11,2.28E-10,1.17E-10,5.88E-10,4.35E-10,2.44E-09,6.07E-10,1.27E-10,2.85E-10,2.29E-10,5.41E-10,9.08E-10,8.01E-10,6.73E-10,1.51E-10,2.30E-10,1.83E-10,5.21E-10,1.63E-10,1.94E-10,2.95E-10,4.29E-10,4.53E-11,8.62E-11,3.11E-08,4.52E-08,1.03E-09,1.90E-09,7.72E-10,1.02E-09,8.50E-11,2.28E-10,1.17E-10,5.88E-10,4.35E-10,2.44E-09,6.07E-10,1.27E-10,2.85E-10,2.29E-10,5.41E-10,9.08E-10,8.01E-10,6.73E-10,1.51E-10,2.30E-10,1.83E-10,5.21E-10,1.63E-10,1.94E-10,2.95E-10,4.29E-10,4.53E-11,8.62E-11,2.66E-10,2.39E-11,1.33E-10,3.44E-10,2.47E-10,5.89E-11,2.71E-10,7.18E-10,6.42E-11,4.44E-10,1.69E-10,1.78E-10,2.35E-10,7.49E-10,2.51E-10,4.61E-10,5.66E-10,2.66E-10,2.76E-11,4.82E-10,4.55E-10,3.68E-10,1.27E-09,5.01E-10,9.94E-12,5.44E-10,4.35E-10,1.43E-10,6.48E-11,1.25E-11,1.93E-10,3.95E-11,3.35E-10,1.11E-10,3.31E-10,4.64E-10,4.05E-10,1.41E-10,4.12E-10,9.69E-11,2.50E-10,3.29E-10,7.39E-10,2.44E-10,2.72E-10,2.88E-10,3.88E-10,1.94E-10,9.96E-11,1.51E-10,9.41E-11,2.62E-10,1.44E-10,1.46E-10,6.27E-11,1.81E-10,7.97E-11,3.08E-10,4.44E-10,2.39E-10,1.74E-10,1.02E-10,4.91E-11,1.75E-10,7.58E-11,1.59E-10,4.72E-10,4.24E-10,4.21E-10,8.34E-11,3.35E-10,9.08E-10,7.54E-10,4.85E-10,4.53E-11,1.27E-09,5.85E-10,1.49E-09,2.82E-10,7.24E-10,1.36E-10,2.22E-10,5.16E-10,2.66E-10,8.47E-11,3.24E-10,3.08E-10,1.87E-10,1.31E-10,1.63E-10,4.62E-10,3.00E-10,4.09E-11,2.65E-10,4.31E-10,3.73E-10,3.28E-10,9.13E-11,7.21E-10,1.49E-10,3.68E-10,7.06E-11,9.79E-11,2.71E-10,6.20E-10,4.14E-10,1.63E-10,3.91E-10,1.91E-10,8.30E-11,2.05E-10,6.62E-10,2.85E-10,7.83E-10,1.80E-10,2.33E-10,1.25E-09,3.43E-10,2.53E-10,2.94E-10,1.36E-09,4.53E-10,4.72E-11,2.06E-10,4.38E-10,1.04E-09,4.15E-10,1.61E-10,2.97E-10,9.67E-10
12.75,13.25,A,10,3.36E-08,1.28E-08,9.80E-10,4.76E-09,3.39E-09,7.38E-10,3.94E-09,1.88E-09,1.38E-09,4.51E-10,7.74E-10,1.17E-09,2.77E-10,2.17E-09,5.61E-10,1.14E-10,1.90E-10,7.25E-10,2.13E-10,1.71E-10,3.62E-10,1.48E-10,2.48E-10,3.19E-11,5.47E-10,1.04E-10,3.19E-10,1.03E-09,3.10E-11,9.38E-11,3.36E-08,1.28E-08,9.80E-10,4.76E-09,3.39E-09,7.38E-10,3.94E-09,1.88E-09,1.38E-09,4.51E-10,7.74E-10,1.17E-09,2.77E-10,2.17E-09,5.61E-10,1.14E-10,1.90E-10,7.25E-10,2.13E-10,1.71E-10,3.62E-10,1.48E-10,2.48E-10,3.19E-11,5.47E-10,1.04E-10,3.19E-10,1.03E-09,3.10E-11,9.38E-11,5.17E-10,1.27E-09,5.69E-11,2.48E-10,2.35E-10,2.68E-10,1.17E-11,2.44E-10,6.69E-10,4.72E-10,1.17E-09,9.96E-10,6.20E-10,7.27E-11,5.55E-10,1.36E-09,1.05E-10,7.68E-10,7.40E-11,1.67E-10,2.45E-11,3.29E-10,2.21E-10,8.03E-11,1.81E-10,3.80E-10,3.97E-10,2.81E-10,2.10E-10,6.02E-10,6.41E-10,1.15E-10,4.69E-10,1.56E-10,3.01E-10,3.11E-10,3.77E-10,4.95E-10,1.02E-10,1.10E-10,7.00E-10,4.44E-11,4.13E-10,1.78E-10,2.12E-10,6.75E-11,1.42E-10,1.17E-10,2.56E-10,8.75E-10,1.52E-10,2.97E-10,2.22E-10,1.09E-09,6.47E-10,1.27E-10,8.40E-11,2.62E-10,5.76E-10,2.43E-12,5.64E-10,9.74E-11,1.15E-10,8.47E-10,5.32E-11,1.49E-10,7.77E-11,8.86E-10,4.19E-10,1.13E-10,6.91E-10,2.83E-10,2.47E-10,1.18E-10,8.35E-11,1.51E-10,1.06E-10,4.78E-10,8.09E-11,1.13E-09,3.70E-10,1.29E-10,1.88E-10,1.15E-09,6.82E-10,2.61E-10,6.32E-10,2.49E-10,2.37E-10,9.81E-11,1.47E-10,3.65E-10,8.76E-10,3.92E-11,2.32E-10,1.77E-10,7.69E-10,2.96E-10,1.67E-10,1.22E-10,1.82E-10,6.75E-11,8.72E-11,2.75E-10,2.68E-10,4.55E-10,2.49E-11,1.96E-10,1.74E-10,6.19E-11,3.03E-10,7.04E-10,5.21E-10,2.09E-10,2.31E-10,6.26E-10,7.35E-11,1.25E-10,4.00E-10,2.66E-10,2.35E-10,7.32E-11,1.75E-10,1.54E-10,3.06E-10,4.62E-11,1.27E-10,1.13E-10,1.49E-10,2.67E-10
13,13.5,A,10,1.07E-08,1.13E-08,2.04E-09,5.34E-10,1.80E-09,7.74E-10,8.17E-10,1.85E-10,8.25E-11,5.39E-11,4.56E-10,1.50E-10,4.53E-10,8.26E-10,3.90E-10,1.89E-10,3.17E-10,1.12E-09,4.02E-11,2.33E-10,2.75E-10,9.71E-10,2.50E-10,6.69E-10,2.84E-10,2.37E-10,4.97E-10,1.50E-10,5.10E-10,7.36E-11,1.07E-08,1.13E-08,2.04E-09,5.34E-10,1.80E-09,7.74E-10,8.17E-10,1.85E-10,8.25E-11,5.39E-11,4.56E-10,1.50E-10,4.53E-10,8.26E-10,3.90E-10,1.89E-10,3.17E-10,1.12E-09,4.02E-11,2.33E-10,2.75E-10,9.71E-10,2.50E-10,6.69E-10,2.84E-10,2.37E-10,4.97E-10,1.50E-10,5.10E-10,7.36E-11,1.39E-11,2.20E-10,7.37E-12,1.91E-10,1.88E-10,3.69E-10,6.59E-11,3.94E-11,6.46E-10,3.56E-10,1.60E-10,4.42E-10,3.05E-10,2.71E-10,1.18E-10,1.03E-10,1.28E-10,1.42E-10,9.55E-11,1.18E-10,1.11E-10,2.84E-10,1.06E-10,7.90E-10,4.77E-11,2.26E-10,3.32E-11,2.70E-10,1.18E-10,9.14E-11,8.65E-10,2.20E-10,5.83E-10,2.10E-10,1.14E-10,1.36E-10,2.11E-10,5.89E-11,2.02E-10,2.06E-10,3.45E-10,1.13E-10,3.69E-10,1.50E-10,6.22E-11,1.99E-10,2.03E-10,5.78E-11,5.43E-11,2.23E-10,1.96E-10,2.23E-10,1.21E-11,9.07E-11,4.37E-10,3.71E-10,3.06E-10,4.97E-10,2.02E-10,4.25E-10,3.87E-10,5.53E-11,5.30E-11,2.94E-11,1.00E-10,5.00E-11,1.30E-10,2.85E-10,9.26E-10,1.44E-10,2.57E-10,2.53E-10,3.74E-11,1.55E-10,5.72E-10,1.19E-10,3.39E-10,6.29E-10,5.21E-10,6.00E-11,7.62E-11,1.12E-10,4.11E-10,7.83E-11,1.18E-10,5.24E-11,1.26E-10,1.92E-10,5.02E-11,5.32E-11,6.26E-11,7.98E-11,1.82E-10,1.60E-10,3.65E-11,5.79E-11,6.14E-11,6.10E-11,1.36E-11,1.71E-10,1.07E-10,2.91E-10,5.81E-11,3.66E-10,2.11E-10,3.78E-10,1.48E-10,2.69E-10,1.89E-11,1.00E-10,4.73E-10,1.61E-10,1.14E-10,5.43E-11,3.23E-11,3.18E-10,1.28E-10,5.70E-11,2.83E-10,1.16E-10,5.68E-10,1.64E-11,8.81E-11,1.37E-10,2.11E-10,8.14E-11,2.28E-10,5.47E-10,2.23E-10,2.70E-11
13.25,13.75,A,10,1.65E-09,7.66E-09,5.78E-09,1.37E-09,2.07E-09,4.17E-09,6.58E-10,1.47E-09,1.68E-09,5.77E-10,1.01E-10,1.51E-10,2.34E-10,5.21E-11,6.73E-11,8.76E-10,3.31E-10,9.59E-11,8.62E-11,1.19E-09,4.44E-10,2.03E-10,1.63E-10,7.15E-10,7.07E-10,2.87E-10,2.35E-11,1.70E-10,1.40E-10,1.45E-09,1.65E-09,7.66E-09,5.78E-09,1.37E-09,2.07E-09,4.17E-09,6.58E-10,1.47E-09,1.68E-09,5.77E-10,1.01E-10,1.51E-10,2.34E-10,5.21E-11,6.73E-11,8.76E-10,3.31E-10,9.59E-11,8.62E-11,1.19E-09,4.44E-10,2.03E-10,1.63E-10,7.15E-10,7.07E-10,2.87E-10,2.35E-11,1.70E-10,1.40E-10,1.45E-09,3.48E-10,2.79E-10,8.87E-11,2.85E-10,5.79E-10,9.15E-11,5.80E-11,1.80E-10,1.58E-10,1.36E-10,7.67E-11,4.12E-10,7.71E-11,6.99E-10,1.99E-10,4.99E-11,3.40E-11,3.73E-11,1.55E-10,6.19E-11,7.94E-12,1.41E-10,4.06E-10,6.95E-10,4.79E-10,1.05E-10,1.14E-10,8.86E-10,4.12E-10,7.33E-10,2.98E-10,4.88E-10,2.79E-10,8.29E-11,3.40E-11,3.08E-10,8.78E-10,6.78E-10,1.27E-10,5.14E-10,2.25E-10,9.57E-11,2.73E-10,1.88E-10,4.93E-10,8.82E-11,5.95E-11,4.50E-10,3.58E-11,3.77E-10,9.15E-11,1.06E-10,5.95E-10,1.57E-10,1.08E-10,3.41E-10,2.40E-10,3.24E-11,4.40E-10,1.37E-10,2.61E-10,4.94E-11,1.76E-10,4.93E-10,1.02E-10,1.31E-10,1.14E-09,6.80E-12,5.84E-10,4.31E-10,5.79E-10,3.92E-10,1.18E-10,1.76E-10,1.99E-10,4.80E-10,6.98E-10,1.50E-10,6.47E-10,2.93E-10,4.90E-10,6.80E-11,3.78E-10,4.92E-10,8.27E-10,3.45E-10,4.96E-11,5.11E-10,1.65E-11,1.45E-10,5.05E-10,4.62E-10,1.77E-11,4.96E-10,4.08E-11,1.54E-10,1.21E-10,6.41E-10,1.66E-10,2.23E-10,3.38E-10,6.42E-10,3.86E-10,7.52E-11,3.92E-10,3.93E-11,1.66E-11,1.16E-11,1.72E-12,2.28E-10,5.94E-10,1.23E-10,5.92E-11,4.35E-10,1.30E-10,2.08E-11,3.94E-11,4.30E-10,3.13E-10,2.43E-10,2.11E-10,1.19E-10,2.46E-10,3.80E-10,8.73E-11,5.34E-11,2.44E-10,4.24E-10,8.02E-11,2.97E-10
13.5,14,A,10,6.39E-08,3.23E-09,4.42E-09,2.40E-09,3.68E-09,7.06E-09,3.87E-10,2.69E-09,1.73E-09,5.71E-11,2.43E-09,4.19E-11,1.07E-09,3.57E-10,1.24E-09,1.55E-09,8.06E-10,3.53E-10,2.12E-11,4.15E-10,3.11E-10,2.03E-10,2.56E-10,3.33E-10,1.64E-10,3.53E-11,3.80E-10,2.74E-10,1.07E-10,2.39E-10,6.39E-08,3.23E-09,4.42E-09,2.40E-09,3.68E-09,7.06E-09,3.87E-10,2.69E-09,1.73E-09,5.71E-11,2.43E-09,4.19E-11,1.07E-09,3.57E-10,1.24E-09,1.55E-09,8.06E-10,3.53E-10,2.12E-11,4.15E-10,3.11E-10,2.03E-10,2.56E-10,3.33E-10,1.64E-10,3.53E-11,3.80E-10,2.74E-10,1.07E-10,2.39E-10,1.66E-10,2.66E-10,6.89E-10,9.38E-12,1.07E-10,1.00E-10,8.24E-11,3.26E-11,1.53E-10,1.18E-10,1.36E-10,2.81E-10,1.07E-10,4.10E-10,5.33E-10,2.28E-10,3.67E-10,1.05E-10,1.22E-10,1.10E-10,3.27E-11,1.07E-09,1.70E-10,1.63E-10,2.26E-10,1.95E-10,3.15E-10,2.96E-10,1.27E-09,7.31E-10,6.21E-11,6.35E-11,2.79E-10,1.25E-10,3.19E-11,1.99E-11,6.71E-11,3.71E-10,1.06E-10,7.05E-10,1.04E-10,8.32E-11,1.33E-10,6.05E-11,3.22E-10,4.71E-10,4.92E-10,7.32E-10,2.54E-11,8.41E-10,3.11E-10,7.20E-10,1.15E-10,2.79E-10,2.51E-11,3.09E-10,6.86E-11,7.94E-10,2.46E-11,2.67E-10,6.19E-10,1.69E-10,3.50E-10,2.48E-10,4.65E-10,4.81E-10,1.36E-11,1.28E-10,5.80E-10,1.03E-10,8.19E-11,7.93E-11,1.23E-10,1.06E-10,2.87E-10,3.34E-11,9.80E-11,8.78E-11,1.04E-10,2.75E-10,7.44E-11,1.23E-09,2.12E-10,5.02E-11,2.46E-10,3.39E-10,1.27E-10,1.27E-10,1.14E-10,9.01E-11,1.96E-10,3.71E-10,2.17E-10,1.32E-10,7.64E-10,4.35E-11,5.18E-11,4.16E-11,1.20E-10,1.41E-10,1.41E-10,2.57E-10,5.48E-11,1.42E-10,3.23E-11,4.01E-10,2.97E-10,1.75E-10,1.25E-10,1.67E-10,3.17E-10,1.18E-10,1.09E-10,3.40E-11,5.60E-10,3.68E-10,9.35E-11,7.47E-11,1.24E-10,4.54E-11,1.42E-10,1.86E-10,1.54E-10,1.70E-10,4.44E-10,1.11E-10,8.17E-11,6.66E-10,1.29E-11,2.06E-10
13.75,14.25,A,10,1.11E-08,9.71E-09,4.96E-09,3.98E-09,9.76E-10,1.96E-09,3.66E-10,4.52E-09,1.70E-09,3.87E-10,1.92E-10,2.09E-09,5.26E-10,7.83E-11,3.14E-09,2.01E-10,4.88E-10,1.00E-10,2.89E-10,6.65E-10,3.55E-10,1.62E-10,1.36E-10,3.97E-10,7.40E-10,2.28E-10,9.96E-10,3.00E-11,3.60E-10,3.39E-10,1.11E-08,9.71E-09,4.96E-09,3.98E-09,9.76E-10,1.96E-09,3.66E-10,4.52E-09,1.70E-09,3.87E-10,1.92E-10,2.09E-09,5.26E-10,7.83E-11,3.14E-09,2.01E-10,4.88E-10,1.00E-10,2.89E-10,6.65E-10,3.55E-10,1.62E-10,1.36E-10,3.97E-10,7.40E-10,2.28E-10,9.96E-10,3.00E-11,3.60E-10,3.39E-10,3.27E-10,6.79E-10,1.19E-09,9.42E-10,5.66E-10,1.13E-10,2.10E-10,6.71E-10,2.08E-10,3.85E-10,1.50E-10,2.30E-11,1.05E-11,1.12E-09,1.25E-10,5.29E-11,4.65E-11,9.03E-11,3.01E-10,3.84E-10,1.00E-09,2.00E-10,7.44E-11,5.04E-10,4.74E-10,6.24E-10,9.23E-10,3.96E-10,3.18E-10,3.77E-10,1.01E-09,7.32E-10,2.57E-10,8.33E-10,1.11E-11,4.14E-10,5.53E-10,2.41E-10,5.76E-10,4.58E-10,3.83E-10,4.38E-10,1.53E-10,3.37E-11,8.77E-11,3.56E-10,7.53E-10,1.37E-10,3.04E-10,1.49E-10,8.96E-11,1.03E-09,4.13E-10,3.23E-10,5.29E-11,3.30E-10,9.28E-11,1.28E-10,1.16E-09,5.09E-10,8.50E-10,6.36E-10,1.74E-10,4.60E-10,1.56E-10,3.31E-10,1.46E-09,1.22E-10,6.67E-10,2.67E-10,5.32E-11,9.54E-11,4.21E-10,2.17E-10,8.46E-11,2.38E-10,1.67E-10,2.75E-10,1.00E-10,1.27E-10,9.74E-11,3.15E-10,2.41E-10,5.61E-10,2.31E-10,9.27E-11,1.01E-09,3.55E-11,4.79E-10,1.16E-09,1.94E-10,1.60E-10,1.16E-09,9.29E-10,6.85E-10,1.39E-10,7.44E-10,4.31E-11,6.73E-10,1.38E-10,6.55E-11,1.14E-09,1.18E-10,1.62E-10,1.26E-10,3.29E-11,1.29E-10,2.24E-10,1.12E-10,1.06E-10,1.24E-10,7.20E-11,3.73E-10,5.68E-10,3.92E-10,1.68E-10,4.73E-10,3.74E-10,5.57E-10,7.45E-10,1.10E-10,2.91E-10,3.29E-10,4.69E-10,9.11E-11,1.09E-10,3.45E-10,1.39E-10,9.17E-11,9.71E-10
14,14.5,A,10,1.46E-08,2.71E-08,7.76E-09,5.80E-09,2.14E-09,2.80E-09,3.23E-10,3.11E-09,4.17E-10,1.23E-10,1.63E-09,4.24E-09,2.27E-10,4.11E-10,1.09E-11,9.48E-10,5.01E-10,4.19E-10,4.22E-10,1.05E-09,1.49E-10,3.94E-10,1.02E-09,7.47E-11,5.07E-10,8.32E-10,7.56E-11,2.59E-11,2.40E-11,2.18E-10,1.46E-08,2.71E-08,7.76E-09,5.80E-09,2.14E-09,2.80E-09,3.23E-10,3.11E-09,4.17E-10,1.23E-10,1.63E-09,4.24E-09,2.27E-10,4.11E-10,1.09E-11,9.48E-10,5.01E-10,4.19E-10,4.22E-10,1.05E-09,1.49E-10,3.94E-10,1.02E-09,7.47E-11,5.07E-10,8.32E-10,7.56E-11,2.59E-11,2.40E-11,2.18E-10,7.77E-10,5.47E-10,7.97E-10,7.64E-10,1.65E-10,8.53E-10,1.94E-10,9.88E-11,1.68E-10,2.60E-10,2.91E-10,1.75E-11,2.15E-10,3.00E-10,9.60E-10,9.23E-11,5.26E-11,8.48E-11,2.18E-10,2.93E-10,3.13E-11,1.08E-10,3.50E-10,5.51E-10,4.70E-10,1.72E-10,5.99E-10,1.01E-10,1.21E-10,2.36E-10,2.18E-10,8.01E-10,2.41E-10,5.03E-10,1.06E-09,1.39E-10,1.54E-09,4.09E-10,3.30E-10,1.68E-10,4.37E-10,5.74E-10,1.80E-10,7.46E-11,5.57E-10,9.96E-11,1.37E-10,9.79E-10,8.03E-11,1.20E-10,1.38E-10,4.66E-10,2.92E-10,4.95E-10,1.33E-10,4.04E-10,4.68E-10,4.66E-11,9.44E-10,6.95E-10,7.69E-11,1.17E-09,1.56E-10,3.86E-10,2.00E-10,1.96E-10,3.41E-11,2.29E-10,2.56E-10,2.58E-10,3.72E-10,4.12E-10,6.42E-11,4.56E-10,1.77E-11,9.62E-10,2.07E-10,1.29E-10,4.34E-10,4.94E-10,3.99E-10,7.31E-10,2.15E-10,4.47E-10,1.53E-10,1.47E-10,3.31E-10,4.64E-11,4.54E-11,8.84E-11,2.11E-10,2.59E-10,5.56E-11,1.42E-10,2.24E-10,2.35E-11,2.91E-10,6.55E-10,1.49E-10,3.09E-10,4.62E-10,2.65E-10,8.83E-11,2.06E-10,6.05E-11,1.78E-11,1.05E-10,7.82E-10,6.19E-11,8.58E-11,2.16E-11,6.20E-11,4.03E-10,1.33E-10,1.97E-10,3.39E-10,3.23E-10,3.41E-10,6.28E-10,4.87E-10,9.04E-11,1.16E-09,2.16E-10,4.76E-10,3.71E-10,1.05E-09,4.99E-10,1.61E-10,1.80E-10,3.76E-10
14.25,14.75,A,10,3.25E-08,1.29E-08,6.17E-09,1.44E-09,1.12E-09,1.96E-09,4.88E-10,1.40E-09,3.88E-10,7.21E-10,2.53E-10,2.18E-09,4.78E-10,1.94E-10,1.69E-09,1.28E-10,8.73E-10,5.10E-11,1.42E-09,1.39E-10,1.34E-11,2.90E-10,7.74E-10,5.07E-11,7.15E-12,2.07E-11,4.11E-10,8.90E-11,9.18E-11,2.69E-10,3.25E-08,1.29E-08,6.17E-09,1.44E-09,1.12E-09,1.96E-09,4.88E-10,1.40E-09,3.88E-10,7.21E-10,2.53E-10,2.18E-09,4.78E-10,1.94E-10,1.69E-09,1.28E-10,8.73E-10,5.10E-11,1.42E-09,1.39E-10,1.34E-11,2.90E-10,7.74E-10,5.07E-11,7.15E-12,2.07E-11,4.11E-10,8.90E-11,9.18E-11,2.69E-10,2.36E-10,3.07E-10,5.63E-11,1.43E-10,3.19E-10,3.63E-10,4.39E-11,6.41E-10,1.30E-09,1.18E-10,8.14E-10,2.46E-11,1.00E-09,6.69E-11,7.26E-10,2.33E-09,3.69E-10,5.12E-10,2.73E-10,3.58E-10,2.51E-11,3.27E-10,4.24E-10,7.23E-11,1.25E-10,3.41E-10,4.25E-10,3.90E-10,3.05E-10,6.23E-11,7.95E-11,7.38E-11,1.84E-10,3.60E-10,1.15E-10,5.05E-10,7.22E-11,2.74E-10,1.75E-10,3.10E-10,1.19E-10,5.39E-10,3.79E-11,3.82E-11,3.03E-10,1.28E-10,3.85E-10,3.67E-10,2.44E-10,6.96E-10,2.03E-10,4.62E-10,4.03E-10,2.80E-10,8.07E-10,2.20E-10,2.51E-10,3.86E-10,3.08E-10,8.23E-11,7.65E-10,5.41E-11,1.41E-10,1.81E-10,6.02E-10,4.26E-10,3.16E-10,2.57E-10,7.63E-10,2.44E-10,2.39E-11,1.09E-10,1.64E-10,2.22E-10,2.05E-10,1.88E-10,2.26E-10,6.60E-10,2.84E-10,1.03E-10,3.46E-11,5.81E-10,8.55E-11,3.72E-11,8.79E-10,1.70E-10,1.12E-10,6.17E-11,6.70E-10,1.50E-10,3.44E-10,9.44E-10,7.51E-11,3.54E-11,6.26E-10,2.15E-10,4.54E-10,9.26E-11,7.41E-11,3.46E-10,9.87E-11,3.86E-10,1.28E-10,2.71E-10,1.58E-10,2.35E-10,2.80E-10,1.55E-10,5.19E-10,2.06E-10,4.66E-10,2.31E-10,2.79E-10,1.37E-10,2.76E-10,3.30E-10,1.71E-10,3.34E-10,6.48E-11,1.39E-10,7.46E-11,4.36E-11,1.27E-10,2.49E-10,3.81E-10,1.37E-10,3.78E-10,2.00E-10,4.00E-10,1.31E-10
14.5,15,A,10,2.57E-09,8.27E-09,1.49E-09,2.18E-09,2.95E-10,4.39E-10,6.16E-10,2.66E-09,6.80E-10,1.37E-09,3.77E-11,4.84E-10,4.56E-10,1.26E-10,2.46E-10,2.21E-10,2.15E-11,8.60E-11,4.54E-11,2.76E-10,2.80E-11,1.68E-10,1.45E-10,1.94E-10,1.48E-10,1.92E-10,2.83E-10,1.35E-10,1.36E-10,3.12E-11,2.57E-09,8.27E-09,1.49E-09,2.18E-09,2.95E-10,4.39E-10,6.16E-10,2.66E-09,6.80E-10,1.37E-09,3.77E-11,4.84E-10,4.56E-10,1.26E-10,2.46E-10,2.21E-10,2.15E-11,8.60E-11,4.54E-11,2.76E-10,2.80E-11,1.68E-10,1.45E-10,1.94E-10,1.48E-10,1.92E-10,2.83E-10,1.35E-10,1.36E-10,3.12E-11,2.83E-10,4.59E-10,1.32E-10,2.18E-11,9.42E-11,1.50E-10,4.15E-10,3.02E-10,1.95E-10,1.30E-10,3.16E-10,7.82E-10,3.29E-10,3.03E-10,7.25E-11,5.10E-10,2.77E-10,5.38E-10,2.29E-10,1.99E-10,2.81E-10,3.26E-10,1.01E-10,1.38E-10,1.45E-10,1.43E-10,9.02E-11,3.09E-11,1.47E-10,1.23E-10,2.57E-11,7.01E-11,1.40E-10,1.13E-10,1.19E-10,1.54E-10,2.75E-11,3.16E-10,7.05E-11,3.73E-11,2.55E-10,1.65E-10,1.45E-10,2.32E-11,8.04E-11,2.51E-10,1.12E-10,6.47E-10,2.36E-11,1.61E-10,8.48E-11,2.09E-11,1.12E-10,8.86E-10,9.53E-10,3.95E-10,7.15E-11,3.94E-10,2.34E-10,4.16E-11,6.89E-11,1.03E-10,2.90E-10,1.88E-10,2.14E-11,1.38E-10,4.39E-11,8.38E-11,4.58E-11,7.80E-11,1.42E-10,5.26E-11,1.16E-10,4.84E-11,1.82E-10,1.51E-10,7.74E-11,1.28E-10,1.33E-10,2.92E-11,2.34E-10,1.24E-10,1.06E-10,3.88E-11,2.89E-10,5.31E-10,2.68E-10,1.77E-10,1.14E-09,5.60E-10,2.55E-10,3.66E-10,6.23E-11,1.62E-10,3.90E-10,3.57E-10,1.09E-10,7.19E-11,8.80E-11,4.46E-11,3.44E-10,1.08E-10,1.24E-10,1.21E-10,5.69E-11,9.08E-11,7.96E-10,5.08E-11,3.19E-10,8.28E-11,2.40E-10,1.27E-11,1.98E-10,4.94E-10,1.69E-10,3.08E-10,1.90E-10,1.34E-10,1.08E-10,2.09E-10,8.81E-11,1.94E-10,8.60E-11,2.34E-10,6.49E-10,9.03E-12,1.25E-10,3.55E-10,1.88E-10,2.27E-12
14.75,15.25,A,10,3.13E-08,4.98E-09,1.68E-09,4.21E-09,1.83E-09,1.36E-09,5.84E-10,8.02E-10,8.10E-11,2.25E-10,5.89E-10,9.84E-10,6.26E-10,1.03E-09,3.66E-10,2.34E-10,1.59E-10,1.25E-10,1.50E-09,1.88E-10,3.59E-11,7.92E-10,1.72E-10,1.67E-10,1.72E-10,8.90E-11,4.89E-10,2.01E-10,2.66E-10,3.79E-11,3.13E-08,4.98E-09,1.68E-09,4.21E-09,1.83E-09,1.36E-09,5.84E-10,8.02E-10,8.10E-11,2.25E-10,5.89E-10,9.84E-10,6.26E-10,1.03E-09,3.66E-10,2.34E-10,1.59E-10,1.25E-10,1.50E-09,1.88E-10,3.59E-11,7.92E-10,1.72E-10,1.67E-10,1.72E-10,8.90E-11,4.89E-10,2.01E-10,2.66E-10,3.79E-11,2.98E-11,1.41E-10,1.81E-10,9.34E-10,7.54E-10,5.58E-10,9.25E-10,3.39E-10,4.38E-10,1.51E-10,2.40E-10,9.46E-11,5.09E-11,7.66E-11,2.63E-11,3.03E-11,1.08E-10,8.86E-11,2.41E-10,2.87E-11,6.70E-11,4.33E-11,7.52E-11,4.72E-10,5.39E-11,4.34E-10,6.77E-11,3.09E-11,2.72E-11,6.04E-10,5.37E-10,2.96E-10,1.37E-09,1.78E-10,4.30E-11,8.61E-11,2.69E-11,6.84E-11,4.47E-10,1.07E-10,1.26E-10,9.73E-10,3.42E-10,9.32E-12,3.50E-10,2.65E-10,4.68E-11,1.11E-10,2.27E-11,4.58E-10,7.55E-10,4.68E-10,2.22E-11,1.04E-09,7.03E-11,4.82E-10,4.13E-11,4.73E-10,1.41E-10,3.26E-10,1.21E-10,1.57E-10,6.92E-10,1.14E-10,1.55E-10,3.36E-10,4.51E-10,3.11E-10,1.52E-10,3.65E-10,1.98E-10,5.12E-10,9.78E-11,2.94E-10,4.30E-10,3.54E-10,6.08E-10,3.38E-11,4.01E-10,3.98E-10,7.61E-11,2.92E-10,1.07E-10,5.50E-11,2.38E-10,9.05E-11,2.72E-10,5.52E-10,2.76E-11,1.22E-10,4.99E-11,4.74E-11,1.99E-10,4.61E-11,7.39E-11,2.81E-10,2.10E-10,3.31E-10,2.98E-10,2.53E-10,4.82E-11,6.89E-10,5.59E-11,5.08E-10,2.15E-10,2.61E-10,2.12E-11,4.06E-10,2.26E-10,4.15E-10,4.21E-11,1.45E-10,5.70E-10,3.65E-11,8.36E-11,3.49E-11,2.29E-10,4.21E-11,1.51E-10,6.21E-10,9.45E-11,2.87E-10,1.63E-10,3.17E-10,1.12E-10,1.88E-10,2.91E-10,3.41E-10,7.66E-11,1.39E-10
15,15.5,A,10,4.06E-08,3.54E-08,2.35E-09,2.61E-09,4.22E-10,3.23E-10,4.95E-09,1.90E-09,1.22E-09,7.90E-10,4.20E-10,3.43E-10,1.01E-09,1.80E-10,4.61E-10,2.30E-10,3.24E-10,4.09E-10,1.18E-09,1.11E-10,1.82E-10,1.59E-10,1.74E-10,2.23E-10,7.44E-10,2.75E-10,7.15E-10,2.95E-10,2.87E-10,3.35E-10,4.06E-08,3.54E-08,2.35E-09,2.61E-09,4.22E-10,3.23E-10,4.95E-09,1.90E-09,1.22E-09,7.90E-10,4.20E-10,3.43E-10,1.01E-09,1.80E-10,4.61E-10,2.30E-10,3.24E-10,4.09E-10,1.18E-09,1.11E-10,1.82E-10,1.59E-10,1.74E-10,2.23E-10,7.44E-10,2.75E-10,7.15E-10,2.95E-10,2.87E-10,3.35E-10,1.45E-10,8.27E-11,4.33E-10,3.92E-10,8.25E-10,3.26E-10,1.49E-10,5.54E-10,3.27E-10,7.42E-10,4.89E-11,1.88E-10,5.69E-11,6.26E-11,7.52E-11,1.57E-10,1.56E-10,1.03E-09,6.63E-11,1.94E-10,1.45E-09,5.45E-10,2.10E-10,5.17E-10,5.63E-10,9.71E-11,3.44E-10,3.43E-11,2.33E-10,3.23E-11,2.28E-10,9.72E-11,2.61E-10,1.26E-09,1.32E-10,2.34E-10,9.66E-11,2.42E-11,9.78E-10,1.64E-10,1.13E-10,1.24E-10,4.18E-11,7.15E-11,4.43E-10,1.84E-10,2.97E-10,4.72E-10,9.45E-11,2.72E-10,1.98E-10,3.47E-10,2.11E-10,2.93E-10,3.04E-11,2.70E-10,4.08E-10,2.96E-10,6.65E-11,1.40E-10,2.74E-10,1.14E-10,4.15E-10,7.53E-11,3.70E-10,7.53E-11,1.53E-10,2.24E-10,2.83E-11,3.29E-10,3.55E-10,5.89E-10,1.45E-10,6.35E-11,3.64E-10,4.33E-10,1.15E-10,1.47E-10,1.15E-11,4.31E-11,1.58E-10,2.29E-10,1.91E-10,9.72E-11,1.47E-10,1.56E-10,2.02E-10,3.65E-10,1.41E-10,1.64E-10,7.30E-11,3.23E-10,1.07E-10,4.45E-10,1.61E-10,9.61E-11,4.05E-11,7.36E-10,5.98E-12,5.49E-10,2.78E-10,3.11E-10,3.30E-11,6.84E-11,3.87E-10,1.24E-09,4.96E-10,2.96E-10,1.84E-10,3.58E-10,4.60E-10,2.66E-10,4.36E-10,1.18E-09,5.91E-11,1.57E-10,1.43E-10,6.18E-10,1.24E-09,1.79E-10,7.74E-11,1.81E-10,5.80E-10,6.27E-10,8.87E-10,2.63E-10,8.32E-10,1.29E-10,3.89E-10,3.73E-10
15.25,15.75,A,10,3.02E-08,6.43E-08,5.89E-09,1.41E-09,2.57E-10,1.75E-09,8.37E-10,8.01E-10,3.56E-10,6.34E-10,1.06E-09,1.86E-09,6.21E-10,2.30E-10,1.54E-09,4.68E-10,5.59E-10,1.62E-09,3.89E-11,5.15E-10,1.43E-10,3.58E-10,4.22E-10,1.35E-10,4.73E-11,8.73E-10,4.75E-10,7.62E-10,2.52E-10,1.41E-10,3.02E-08,6.43E-08,5.89E-09,1.41E-09,2.57E-10,1.75E-09,8.37E-10,8.01E-10,3.56E-10,6.34E-10,1.06E-09,1.86E-09,6.21E-10,2.30E-10,1.54E-09,4.68E-10,5.59E-10,1.62E-09,3.89E-11,5.15E-10,1.43E-10,3.58E-10,4.22E-10,1.35E-10,4.73E-11,8.73E-10,4.75E-10,7.62E-10,2.52E-10,1.41E-10,2.63E-10,2.22E-11,3.11E-11,1.22E-10,2.02E-10,8.07E-11,3.62E-10,2.96E-10,3.10E-10,7.18E-10,1.77E-10,1.42E-10,2.58E-10,3.13E-11,1.50E-10,2.14E-10,8.21E-11,2.90E-10,1.12E-10,1.41E-10,1.17E-10,1.20E-09,1.13E-10,1.63E-10,1.09E-11,8.01E-11,6.66E-10,2.52E-11,5.39E-10,3.80E-10,7.22E-11,2.72E-10,1.85E-10,4.94E-10,5.06E-10,4.27E-10,1.91E-10,1.03E-09,8.68E-10,2.53E-10,5.35E-10,1.06E-10,1.61E-10,3.65E-10,1.05E-09,4.24E-11,7.02E-10,6.37E-10,2.48E-10,2.60E-10,3.31E-10,3.11E-11,2.60E-10,5.65E-10,1.38E-10,4.32E-10,5.86E-11,2.00E-10,9.63E-11,3.68E-10,2.00E-10,1.21E-10,3.17E-10,2.57E-10,2.24E-10,2.17E-10,7.00E-11,2.44E-10,3.63E-11,3.23E-10,2.50E-10,5.81E-11,8.94E-11,4.30E-11,1.71E-10,4.48E-11,3.01E-10,3.94E-10,3.77E-11,2.19E-11,2.39E-10,6.74E-11,8.43E-11,2.05E-10,1.33E-10,3.64E-11,2.03E-11,5.58E-11,3.71E-11,1.31E-10,1.63E-10,2.52E-10,1.37E-10,4.40E-12,7.16E-10,2.16E-11,3.07E-10,1.42E-10,9.12E-11,1.33E-10,2.17E-10,1.62E-10,2.86E-10,3.50E-10,2.10E-10,1.93E-11,1.94E-11,7.64E-11,5.27E-10,1.62E-10,1.79E-10,2.82E-10,7.61E-11,2.28E-10,6.73E-10,3.33E-10,2.79E-10,1.92E-10,1.83E-10,4.30E-11,1.18E-10,1.01E-10,3.99E-11,7.62E-11,3.35E-10,1.18E-10,1.06E-10,6.31E-11,9.30E-11,6.53E-12
15.5,16,A,10,4.34E-09,1.16E-08,1.29E-08,1.44E-09,4.33E-09,1.34E-09,7.94E-10,3.95E-09,1.11E-09,1.81E-10,8.31E-11,4.07E-10,1.96E-10,6.43E-10,2.03E-10,2.51E-10,5.17E-10,1.37E-11,2.00E-09,4.20E-10,1.70E-10,1.15E-09,7.11E-10,1.92E-09,4.14E-10,4.94E-10,1.95E-10,1.14E-10,5.35E-10,4.79E-11,4.34E-09,1.16E-08,1.29E-08,1.44E-09,4.33E-09,1.34E-09,7.94E-10,3.95E-09,1.11E-09,1.81E-10,8.31E-11,4.07E-10,1.96E-10,6.43E-10,2.03E-10,2.51E-10,5.17E-10,1.37E-11,2.00E-09,4.20E-10,1.70E-10,1.15E-09,7.11E-10,1.92E-09,4.14E-10,4.94E-10,1.95E-10,1.14E-10,5.35E-10,4.79E-11,1.26E-09,4.60E-10,2.58E-10,5.08E-11,3.18E-10,1.16E-09,5.83E-10,5.21E-10,3.89E-10,4.73E-10,3.92E-10,4.72E-10,6.23E-10,8.60E-11,4.80E-10,1.51E-11,4.39E-10,2.39E-11,1.01E-09,1.86E-10,5.60E-10,5.74E-10,2.15E-10,7.82E-10,8.41E-11,4.89E-10,2.30E-10,4.11E-11,6.61E-11,3.46E-10,4.17E-10,5.14E-10,6.84E-10,7.80E-10,8.05E-11,6.98E-10,1.97E-10,8.90E-11,4.61E-11,2.14E-11,3.72E-10,2.72E-11,1.02E-10,3.88E-10,2.55E-10,3.24E-10,8.93E-10,2.08E-10,1.92E-10,6.25E-10,1.52E-10,2.12E-10,2.04E-10,3.91E-11,3.34E-10,1.19E-10,6.86E-12,8.23E-11,2.12E-10,7.93E-11,1.19E-10,2.84E-11,2.69E-10,1.42E-10,3.46E-11,7.82E-11,3.56E-10,7.62E-10,4.91E-12,4.49E-10,5.90E-10,3.86E-10,1.24E-10,5.13E-11,1.72E-10,7.79E-11,6.85E-11,2.68E-10,2.34E-10,4.15E-10,1.08E-10,1.37E-10,3.86E-10,2.15E-10,1.57E-10,2.90E-10,4.73E-10,1.49E-10,9.06E-11,4.40E-10,9.34E-11,2.17E-10,4.96E-11,8.92E-11,1.02E-10,1.53E-11,1.87E-10,1.28E-10,8.44E-11,2.76E-10,3.44E-10,1.16E-10,6.33E-12,1.61E-10,1.05E-10,1.54E-10,4.03E-10,2.71E-10,5.32E-11,2.91E-10,3.85E-11,1.44E-10,8.56E-11,4.93E-10,2.16E-10,1.11E-10,1.56E-10,6.06E-11,1.76E-10,1.53E-11,1.29E-09,1.78E-10,1.76E-10,4.30E-11,2.94E-10,3.07E-10,5.39E-10,1.31E-10,6.79E-11,8.36E-12
15.75,16.25,A,10,1.53E-08,3.61E-09,1.88E-08,2.49E-09,2.36E-09,1.47E-09,4.21E-09,6.99E-10,2.21E-09,2.86E-10,4.20E-11,6.00E-10,2.06E-10,2.50E-10,1.39E-09,1.14E-10,5.24E-10,2.69E-10,4.02E-10,4.38E-10,2.63E-10,5.17E-10,1.24E-10,8.59E-12,1.75E-10,6.48E-10,1.20E-10,2.12E-11,2.06E-10,9.39E-11,1.53E-08,3.61E-09,1.88E-08,2.49E-09,2.36E-09,1.47E-09,4.21E-09,6.99E-10,2.21E-09,2.86E-10,4.20E-11,6.00E-10,2.06E-10,2.50E-10,1.39E-09,1.14E-10,5.24E-10,2.69E-10,4.02E-10,4.38E-10,2.63E-10,5.17E-10,1.24E-10,8.59E-12,1.75E-10,6.48E-10,1.20E-10,2.12E-11,2.06E-10,9.39E-11,6.62E-10,1.45E-11,2.97E-10,9.09E-11,8.66E-11,6.50E-11,4.76E-11,4.19E-11,1.77E-10,6.95E-11,1.92E-10,5.79E-10,4.83E-10,2.03E-10,3.43E-11,2.43E-10,4.00E-10,1.11E-09,4.36E-10,1.19E-10,3.35E-10,8.98E-10,4.31E-10,3.18E-10,2.07E-10,2.15E-10,2.08E-10,2.77E-10,4.75E-10,1.15E-11,1.28E-10,5.62E-11,1.52E-10,9.86E-11,1.27E-10,7.47E-11,2.29E-10,2.59E-10,6.67E-11,5.06E-11,2.05E-10,8.64E-11,3.54E-11,6.44E-11,7.29E-11,2.16E-10,2.72E-11,6.35E-11,1.71E-10,1.12E-10,2.12E-10,3.71E-11,2.50E-10,1.34E-10,1.04E-10,2.08E-11,7.97E-11,2.90E-11,1.67E-10,8.09E-11,6.20E-11,2.67E-12,2.64E-10,3.02E-11,7.03E-11,2.09E-10,9.97E-11,7.87E-11,5.92E-11,3.51E-10,2.24E-11,9.21E-11,2.67E-10,1.18E-10,4.07E-11,3.39E-11,3.88E-10,9.76E-11,1.07E-10,3.72E-11,8.40E-11,6.33E-10,6.62E-11,3.01E-10,1.75E-10,4.29E-10,3.97E-10,1.84E-10,8.83E-11,5.09E-11,4.81E-10,1.15E-11,4.01E-10,3.03E-11,1.75E-10,1.28E-10,9.93E-11,1.59E-10,7.28E-11,4.77E-11,1.77E-10,7.26E-11,2.92E-11,4.89E-11,2.16E-10,2.84E-10,4.74E-12,1.07E-10,4.71E-11,8.69E-11,2.71E-11,4.01E-12,2.26E-11,6.29E-11,1.52E-10,4.90E-11,3.20E-10,2.66E-11,4.50E-11,1.06E-11,4.39E-10,1.11E-10,1.45E-10,4.93E-11,2.98E-10,4.24E-11,9.09E-11,1.13E-10,2.53E-10,1.01E-10
16,16.5,A,10,3.41E-08,1.58E-08,7.94E-09,7.05E-09,1.48E-08,6.26E-10,8.47E-09,5.37E-10,7.34E-10,2.38E-10,1.57E-09,3.63E-10,6.90E-10,1.23E-09,1.73E-09,1.08E-09,1.97E-10,1.88E-10,4.75E-10,3.28E-11,6.39E-11,6.24E-10,1.80E-10,5.29E-10,2.34E-10,6.10E-10,2.55E-10,1.23E-10,3.36E-10,1.19E-09,3.41E-08,1.58E-08,7.94E-09,7.05E-09,1.48E-08,6.26E-10,8.47E-09,5.37E-10,7.34E-10,2.38E-10,1.57E-09,3.63E-10,6.90E-10,1.23E-09,1.73E-09,1.08E-09,1.97E-10,1.88E-10,4.75E-10,3.28E-11,6.39E-11,6.24E-10,1.80E-10,5.29E-10,2.34E-10,6.10E-10,2.55E-10,1.23E-10,3.36E-10,1.19E-09,1.33E-10,1.27E-10,7.21E-10,1.44E-10,1.42E-10,4.56E-11,2.58E-11,3.75E-10,4.03E-10,5.34E-10,1.85E-10,2.27E-10,4.77E-10,4.69E-10,1.14E-09,6.66E-10,5.33E-10,8.41E-10,6.08E-10,3.06E-10,1.64E-10,9.79E-11,6.05E-10,1.26E-10,7.54E-11,4.93E-10,2.01E-10,7.98E-11,4.93E-10,1.15E-10,2.44E-10,9.12E-11,3.79E-10,6.27E-10,1.28E-09,4.34E-10,2.35E-10,3.97E-10,1.01E-09,3.66E-11,1.97E-10,7.83E-10,1.07E-11,1.55E-10,2.29E-10,1.16E-10,4.64E-10,5.72E-10,5.04E-10,4.93E-10,4.09E-10,4.46E-10,1.71E-10,1.72E-10,5.58E-10,7.34E-11,7.14E-10,2.33E-10,5.09E-11,6.68E-11,1.37E-10,2.37E-11,1.44E-10,1.65E-10,1.81E-10,7.19E-11,2.13E-10,7.86E-11,6.03E-10,2.00E-10,1.53E-10,1.25E-10,1.13E-10,1.00E-11,2.73E-10,1.21E-11,2.07E-10,1.77E-10,6.03E-12,7.87E-10,6.98E-11,1.54E-10,1.35E-10,3.07E-10,1.69E-10,2.81E-10,2.33E-10,1.93E-10,1.45E-10,1.77E-10,6.30E-11,3.64E-11,5.64E-11,4.24E-10,1.13E-10,3.54E-10,1.44E-11,1.27E-10,3.04E-10,1.36E-10,8.31E-11,7.23E-10,2.24E-10,1.99E-10,3.97E-10,1.07E-10,6.35E-10,3.83E-10,1.35E-09,4.68E-10,1.52E-10,4.06E-11,3.98E-10,6.88E-10,2.03E-10,7.06E-11,1.13E-09,1.38E-10,3.17E-11,3.81E-10,9.38E-11,9.83E-10,4.48E-10,1.09E-09,1.57E-10,4.59E-10,7.59E-10,4.17E-10,2.05E-10,1.04E-09
16.25,16.75,A,10,2.24E-08,6.35E-08,4.06E-09,1.53E-09,1.53E-09,2.26E-09,1.35E-09,1.25E-09,8.40E-10,6.17E-10,1.48E-09,4.23E-10,6.84E-10,1.24E-09,3.75E-10,1.05E-10,2.35E-10,1.95E-10,1.62E-11,6.73E-10,3.12E-10,2.95E-10,4.71E-11,3.65E-10,3.84E-10,1.75E-10,1.69E-10,2.41E-10,4.83E-10,2.41E-10,2.24E-08,6.35E-08,4.06E-09,1.53E-09,1.53E-09,2.26E-09,1.35E-09,1.25E-09,8.40E-10,6.17E-10,1.48E-09,4.23E-10,6.84E-10,1.24E-09,3.75E-10,1.05E-10,2.35E-10,1.95E-10,1.62E-11,6.73E-10,3.12E-10,2.95E-10,4.71E-11,3.65E-10,3.84E-10,1.75E-10,1.69E-10,2.41E-10,4.83E-10,2.41E-10,1.39E-10,8.30E-11,5.27E-10,2.12E-10,3.23E-10,8.55E-11,4.49E-10,5.34E-11,2.78E-10,7.07E-10,5.46E-11,4.95E-10,2.38E-10,1.11E-10,3.20E-10,5.30E-10,2.01E-10,7.60E-11,4.32E-10,1.13E-10,2.71E-10,2.62E-10,4.70E-11,2.84E-10,9.97E-11,1.20E-10,4.95E-11,5.16E-10,5.95E-10,2.80E-10,2.12E-11,6.69E-10,1.22E-10,1.07E-10,2.10E-10,5.65E-10,1.72E-11,2.13E-11,1.33E-10,5.70E-10,9.45E-11,1.36E-10,1.75E-10,5.67E-11,2.76E-10,1.72E-10,2.86E-11,1.71E-10,2.66E-11,6.27E-11,2.01E-10,1.77E-10,1.23E-10,4.90E-10,1.68E-10,1.31E-10,9.92E-11,6.44E-11,3.10E-10,5.48E-10,2.39E-10,3.11E-10,2.47E-10,4.38E-10,9.06E-11,3.02E-10,6.60E-10,4.51E-10,2.80E-11,8.88E-11,7.90E-10,6.03E-11,5.99E-11,3.92E-11,2.67E-10,1.52E-11,6.64E-11,1.34E-10,2.17E-10,2.04E-10,1.86E-11,3.35E-10,3.80E-10,2.63E-11,1.54E-10,5.87E-10,1.28E-11,1.76E-10,7.77E-11,3.15E-10,3.11E-10,2.01E-10,3.75E-10,5.99E-11,1.23E-10,8.10E-11,3.82E-11,2.52E-10,2.13E-11,5.53E-10,1.35E-10,1.36E-11,4.94E-10,9.26E-11,2.28E-10,2.39E-10,4.86E-11,1.50E-10,5.31E-10,7.15E-11,1.83E-10,7.89E-11,2.33E-10,4.63E-10,1.60E-10,1.19E-11,7.20E-11,1.65E-10,2.01E-10,2.54E-10,1.94E-10,2.77E-10,2.67E-10,5.81E-11,1.25E-11,1.49E-10,9.95E-11,2.23E-10,1.19E-10,9.76E-11
16.5,17,A,10,3.39E-09,9.33E-09,1.14E-09,2.06E-09,2.56E-09,1.68E-09,1.16E-09,1.57E-09,6.53E-10,1.20E-09,2.63E-10,3.58E-10,9.24E-10,1.10E-09,1.05E-10,4.22E-10,3.94E-10,1.33E-10,4.08E-10,5.30E-10,2.80E-10,1.16E-10,3.89E-10,4.13E-10,8.09E-11,4.46E-10,1.44E-10,2.12E-10,9.79E-11,5.62E-10,3.39E-09,9.33E-09,1.14E-09,2.06E-09,2.56E-09,1.68E-09,1.16E-09,1.57E-09,6.53E-10,1.20E-09,2.63E-10,3.58E-10,9.24E-10,1.10E-09,1.05E-10,4.22E-10,3.94E-10,1.33E-10,4.08E-10,5.30E-10,2.80E-10,1.16E-10,3.89E-10,4.13E-10,8.09E-11,4.46E-10,1.44E-10,2.12E-10,9.79E-11,5.62E-10,6.69E-10,1.66E-10,1.75E-10,6.97E-10,1.04E-10,2.68E-10,8.07E-11,9.15E-11,3.34E-10,2.85E-10,2.79E-10,2.21E-10,5.18E-11,2.03E-10,1.47E-10,2.49E-11,2.86E-10,7.26E-11,1.69E-10,2.67E-10,3.02E-11,4.68E-10,3.61E-11,1.45E-10,2.24E-11,2.00E-12,6.47E-11,1.24E-10,2.30E-11,1.26E-10,5.36E-10,1.18E-10,4.74E-10,4.02E-10,3.17E-11,2.05E-10,4.51E-10,1.88E-10,7.28E-10,2.53E-10,8.84E-11,1.14E-10,5.53E-10,4.83E-10,2.13E-10,1.14E-10,4.19E-11,9.03E-11,5.11E-11,7.44E-10,1.10E-10,3.65E-10,5.15E-10,1.05E-10,1.33E-10,3.67E-10,4.13E-11,7.11E-11,6.63E-11,1.16E-10,1.06E-10,1.77E-10,7.32E-11,1.20E-09,3.94E-10,5.80E-11,8.16E-11,2.69E-10,3.73E-10,4.11E-10,1.53E-10,1.20E-10,7.48E-11,2.24E-10,1.07E-10,3.05E-11,2.11E-10,7.22E-10,3.65E-10,1.80E-11,1.18E-10,2.52E-10,7.37E-11,1.57E-10,1.66E-10,2.19E-11,3.27E-10,1.90E-11,2.18E-10,4.80E-10,3.71E-10,1.81E-10,6.38E-10,2.45E-10,4.12E-10,1.72E-11,1.88E-10,6.20E-11,5.38E-10,3.35E-10,1.71E-10,9.67E-12,1.30E-10,2.05E-10,1.09E-11,2.17E-10,1.55E-10,1.74E-10,9.71E-11,2.49E-10,4.04E-10,1.32E-11,1.34E-10,2.17E-10,1.23E-10,1.70E-10,3.23E-10,2.46E-10,1.95E-10,7.66E-11,7.84E-11,5.92E-12,5.37E-10,2.35E-10,2.19E-11,7.23E-10,4.34E-10,4.15E-10,5.68E-11,2.95E-10
16.75,17.25,A,10,1.09E-08,1.21E-08,2.29E-08,4.74E-09,2.25E-09,1.47E-09,3.26E-09,6.89E-10,1.36E-09,2.05E-11,4.45E-11,3.00E-11,4.23E-10,1.38E-11,4.85E-10,1.03E-10,8.83E-10,3.03E-11,1.28E-09,8.97E-11,6.26E-11,1.71E-10,2.44E-10,8.69E-10,4.67E-10,1.88E-10,1.44E-10,9.34E-10,1.96E-10,4.99E-11,1.09E-08,1.21E-08,2.29E-08,4.74E-09,2.25E-09,1.47E-09,3.26E-09,6.89E-10,1.36E-09,2.05E-11,4.45E-11,3.00E-11,4.23E-10,1.38E-11,4.85E-10,1.03E-10,8.83E-10,3.03E-11,1.28E-09,8.97E-11,6.26E-11,1.71E-10,2.44E-10,8.69E-10,4.67E-10,1.88E-10,1.44E-10,9.34E-10,1.96E-10,4.99E-11,3.39E-10,2.18E-10,8.30E-11,1.94E-10,3.76E-10,5.09E-10,3.71E-10,7.86E-11,7.61E-11,9.86E-11,4.30E-11,1.96E-11,2.54E-10,7.08E-10,1.41E-10,4.63E-10,8.22E-11,4.39E-10,9.43E-11,3.87E-11,1.36E-10,3.87E-10,2.14E-10,5.11E-11,6.01E-10,4.89E-10,3.43E-10,1.04E-10,2.18E-10,8.17E-11,9.09E-10,3.05E-10,1.60E-11,2.39E-10,2.06E-10,4.21E-10,1.11E-10,1.46E-10,3.12E-10,1.03E-10,6.63E-11,5.50E-10,9.90E-10,7.31E-10,1.44E-10,2.50E-10,1.61E-10,4.63E-11,4.37E-11,1.26E-10,2.06E-10,1.34E-10,1.03E-10,2.65E-11,3.65E-10,1.94E-11,2.79E-10,1.68E-10,2.95E-10,2.20E-10,3.25E-11,1.42E-10,2.84E-10,7.15E-11,4.43E-10,1.85E-10,1.70E-10,1.41E-10,1.19E-10,2.74E-10,4.12E-11,4.47E-11,8.19E-11,2.00E-10,1.94E-10,7.36E-11,6.66E-11,1.12E-10,1.91E-10,9.86E-11,1.50E-10,1.05E-10,1.28E-10,9.98E-11,2.68E-10,1.69E-10,2.46E-10,1.36E-10,3.59E-11,2.40E-10,2.73E-10,1.39E-10,6.27E-11,8.99E-11,2.60E-10,2.48E-10,3.84E-10,9.91E-11,4.33E-10,8.88E-11,1.21E-10,2.12E-10,2.83E-10,8.68E-11,8.49E-11,2.78E-11,2.81E-10,8.33E-11,1.45E-10,7.57E-11,7.92E-11,2.64E-10,1.94E-10,1.64E-10,9.41E-11,5.92E-11,2.32E-10,1.43E-10,3.31E-10,1.19E-10,2.69E-10,3.42E-11,1.63E-10,5.36E-10,1.69E-10,1.61E-10,9.57E-11,1.54E-10,1.20E-10,6.26E-10
17,17.5,A,10,1.54E-10,1.42E-08,9.00E-10,5.49E-10,4.18E-09,5.95E-09,1.44E-09,2.09E-09,3.14E-10,1.97E-10,1.52E-09,6.40E-10,1.04E-10,8.93E-10,9.97E-10,1.02E-10,3.46E-10,1.40E-11,2.94E-10,2.53E-10,2.09E-10,1.28E-10,1.72E-10,4.54E-10,2.52E-10,3.34E-10,1.79E-10,1.67E-10,7.62E-11,4.06E-10,1.54E-10,1.42E-08,9.00E-10,5.49E-10,4.18E-09,5.95E-09,1.44E-09,2.09E-09,3.14E-10,1.97E-10,1.52E-09,6.40E-10,1.04E-10,8.93E-10,9.97E-10,1.02E-10,3.46E-10,1.40E-11,2.94E-10,2.53E-10,2.09E-10,1.28E-10,1.72E-10,4.54E-10,2.52E-10,3.34E-10,1.79E-10,1.67E-10,7.62E-11,4.06E-10,7.12E-10,4.01E-10,5.56E-10,1.74E-10,6.56E-11,2.09E-10,7.59E-10,4.78E-10,4.36E-10,1.09E-09,5.22E-10,5.97E-10,4.52E-10,4.70E-11,7.51E-11,4.05E-10,1.62E-10,1.15E-10,4.83E-10,2.43E-10,3.88E-11,3.91E-11,1.88E-10,8.45E-11,3.45E-10,6.00E-11,7.80E-11,1.11E-10,1.42E-10,6.57E-10,2.03E-10,8.47E-11,2.41E-10,1.64E-10,1.40E-10,2.13E-10,1.04E-10,3.34E-10,3.61E-10,1.11E-10,2.84E-10,4.57E-10,5.63E-10,1.30E-10,2.57E-10,1.23E-10,2.91E-10,2.58E-10,1.78E-11,3.91E-11,1.71E-10,3.50E-10,9.83E-10,1.45E-10,1.48E-10,3.00E-10,7.93E-11,1.33E-10,1.22E-10,5.06E-11,2.61E-10,1.03E-10,5.32E-10,2.46E-10,1.96E-10,2.65E-10,2.91E-10,2.66E-10,2.22E-10,5.85E-11,1.83E-10,7.44E-10,2.65E-10,6.01E-10,1.52E-10,6.98E-11,4.48E-12,4.88E-11,1.16E-11,1.81E-11,5.12E-10,1.57E-10,1.27E-10,3.14E-10,3.21E-10,1.27E-10,1.16E-10,5.66E-10,2.58E-10,8.16E-11,3.79E-11,2.26E-10,2.02E-10,1.78E-10,2.25E-10,3.61E-10,1.54E-10,4.61E-10,1.58E-10,2.21E-10,8.21E-10,2.23E-10,5.41E-11,1.00E-10,5.52E-10,6.53E-10,1.55E-10,1.11E-10,1.87E-10,3.52E-11,1.57E-10,2.90E-10,7.80E-10,6.86E-11,2.09E-10,6.70E-10,8.86E-11,4.31E-11,2.33E-10,8.78E-10,3.57E-10,1.32E-10,2.79E-10,3.25E-10,2.08E-11,8.23E-10,4.96E-11,1.11E-09,2.80E-10,2.58E-10
17.25,17.75,A,10,3.56E-09,3.87E-09,1.21E-09,2.54E-10,4.43E-09,5.83E-10,8.37E-10,4.56E-09,7.81E-11,6.96E-10,5.95E-10,1.08E-09,1.65E-09,1.30E-10,4.62E-10,6.07E-10,6.95E-11,2.13E-09,8.19E-10,1.05E-10,2.71E-10,3.55E-10,3.41E-10,2.44E-10,1.98E-10,6.43E-11,3.39E-10,1.11E-09,1.64E-09,2.98E-10,3.56E-09,3.87E-09,1.21E-09,2.54E-10,4.43E-09,5.83E-10,8.37E-10,4.56E-09,7.81E-11,6.96E-10,5.95E-10,1.08E-09,1.65E-09,1.30E-10,4.62E-10,6.07E-10,6.95E-11,2.13E-09,8.19E-10,1.05E-10,2.71E-10,3.55E-10,3.41E-10,2.44E-10,1.98E-10,6.43E-11,3.39E-10,1.11E-09,1.64E-09,2.98E-10,1.63E-10,7.18E-10,7.26E-10,2.64E-10,6.75E-11,1.28E-10,2.22E-10,4.69E-10,1.48E-10,4.10E-10,3.15E-10,5.08E-10,6.04E-10,1.84E-10,1.13E-10,6.32E-10,1.79E-11,2.51E-10,7.46E-10,5.25E-10,1.61E-10,2.16E-10,2.66E-10,4.20E-10,5.74E-10,2.44E-10,9.65E-11,1.16E-10,1.45E-10,2.40E-10,2.93E-10,2.84E-10,1.11E-10,9.75E-11,1.43E-10,4.53E-10,2.57E-10,3.47E-10,2.05E-10,8.91E-11,5.39E-10,4.91E-10,5.95E-10,2.71E-10,3.22E-10,3.61E-10,3.21E-11,2.13E-10,6.69E-10,1.42E-10,4.31E-10,3.57E-11,7.26E-10,6.88E-11,4.12E-10,1.05E-10,1.27E-10,4.28E-11,2.50E-11,1.04E-10,6.70E-11,3.53E-10,5.91E-10,2.13E-10,7.29E-10,5.27E-11,3.49E-11,8.36E-11,1.22E-10,3.26E-11,5.41E-10,3.00E-10,3.14E-10,4.26E-10,4.44E-10,6.24E-10,1.81E-10,2.98E-10,3.00E-10,1.61E-10,2.66E-10,9.98E-11,2.78E-11,1.55E-10,2.19E-10,3.82E-10,3.71E-10,7.06E-11,5.66E-10,4.29E-10,2.59E-11,2.90E-10,3.53E-10,6.04E-10,1.31E-10,2.00E-10,1.78E-10,3.49E-11,9.58E-11,2.17E-10,2.32E-10,5.49E-10,3.97E-10,1.26E-10,7.54E-11,3.02E-10,4.19E-10,1.65E-10,1.75E-10,1.48E-10,3.18E-10,1.84E-10,5.43E-10,1.92E-10,2.59E-10,1.43E-10,1.24E-10,2.48E-10,1.16E-09,2.76E-10,5.91E-10,4.57E-10,2.90E-11,1.32E-10,3.86E-10,5.99E-10,1.55E-10,4.13E-10,1.52E-10,9.57E-11
17.5,18,A,10,8.45E-09,3.68E-09,4.42E-10,1.85E-09,2.44E-09,9.55E-10,7.61E-10,1.01E-09,5.00E-10,1.02E-09,1.32E-10,2.18E-10,8.92E-11,2.94E-10,1.73E-10,6.12E-10,2.89E-11,4.82E-10,4.94E-11,5.43E-10,1.06E-10,1.90E-10,1.43E-10,7.71E-10,3.92E-10,2.73E-10,1.32E-10,3.29E-11,6.57E-10,2.09E-10,8.45E-09,3.68E-09,4.42E-10,1.85E-09,2.44E-09,9.55E-10,7.61E-10,1.01E-09,5.00E-10,1.02E-09,1.32E-10,2.18E-10,8.92E-11,2.94E-10,1.73E-10,6.12E-10,2.89E-11,4.82E-10,4.94E-11,5.43E-10,1.06E-10,1.90E-10,1.43E-10,7.71E-10,3.92E-10,2.73E-10,1.32E-10,3.29E-11,6.57E-10,2.09E-10,4.14E-10,3.66E-10,3.44E-10,4.96E-11,6.26E-10,1.08E-10,4.76E-10,4.99E-10,9.14E-11,3.02E-10,1.56E-10,4.05E-10,7.38E-11,4.20E-10,7.50E-11,3.55E-10,2.07E-11,3.05E-10,6.76E-11,6.78E-11,6.58E-12,2.74E-10,2.49E-10,2.56E-10,1.35E-10,9.71E-11,3.14E-11,2.78E-10,3.02E-10,1.31E-10,2.97E-10,1.38E-10,2.32E-10,6.47E-10,5.41E-10,2.16E-10,1.67E-11,1.25E-10,1.07E-10,1.13E-10,2.00E-10,5.83E-11,1.17E-10,1.44E-10,2.48E-10,1.55E-10,4.39E-10,3.23E-10,3.26E-10,4.32E-10,2.50E-10,1.62E-10,1.87E-10,6.89E-11,1.08E-10,1.29E-10,3.48E-11,1.21E-10,6.08E-10,3.81E-11,8.99E-10,2.08E-10,5.16E-10,3.51E-10,2.27E-10,4.26E-12,1.73E-10,2.29E-10,3.57E-11,3.58E-12,1.61E-11,6.76E-11,3.87E-11,7.96E-11,1.29E-10,3.25E-11,1.71E-10,1.11E-10,8.54E-11,3.02E-10,3.69E-10,1.49E-11,3.56E-10,2.73E-10,5.17E-11,6.75E-11,3.38E-11,1.38E-10,3.68E-11,1.34E-10,4.28E-11,2.45E-11,6.08E-11,3.27E-11,1.14E-10,6.86E-11,4.19E-10,1.03E-10,2.86E-11,1.89E-11,1.68E-10,3.78E-11,4.40E-10,1.43E-10,1.79E-10,2.68E-10,2.37E-10,1.38E-10,1.23E-10,8.53E-11,2.02E-10,4.30E-11,1.50E-10,4.00E-11,6.85E-10,1.89E-11,2.07E-10,4.53E-10,3.12E-10,4.23E-10,5.76E-11,3.20E-10,1.32E-10,6.68E-10,3.95E-10,2.31E-10,2.44E-10,2.78E-10,1.87E-10,2.39E-10
17.75,18.25,A,10,1.14E-08,7.45E-09,4.69E-09,1.58E-09,1.20E-08,6.83E-10,2.70E-09,1.03E-09,1.54E-09,4.39E-09,3.28E-10,7.53E-11,7.98E-10,9.53E-10,7.36E-10,6.02E-10,3.19E-10,2.21E-10,4.56E-10,3.43E-10,4.85E-10,2.14E-10,9.65E-10,4.64E-11,8.08E-11,1.78E-10,3.60E-10,6.29E-10,2.20E-10,2.67E-10,1.14E-08,7.45E-09,4.69E-09,1.58E-09,1.20E-08,6.83E-10,2.70E-09,1.03E-09,1.54E-09,4.39E-09,3.28E-10,7.53E-11,7.98E-10,9.53E-10,7.36E-10,6.02E-10,3.19E-10,2.21E-10,4.56E-10,3.43E-10,4.85E-10,2.14E-10,9.65E-10,4.64E-11,8.08E-11,1.78E-10,3.60E-10,6.29E-10,2.20E-10,2.67E-10,1.46E-10,6.13E-10,1.44E-09,2.58E-10,3.45E-10,5.64E-12,4.38E-11,1.19E-10,1.42E-11,4.92E-11,1.93E-10,2.31E-10,1.72E-10,9.51E-10,5.25E-10,3.79E-11,1.05E-10,1.57E-10,3.06E-11,5.04E-10,8.03E-11,3.39E-11,3.00E-10,2.18E-11,2.30E-10,1.46E-10,1.70E-10,7.00E-10,3.86E-10,4.79E-11,6.90E-11,6.19E-10,8.52E-10,7.66E-10,2.14E-11,2.42E-10,5.99E-10,3.49E-10,6.27E-10,1.04E-10,3.97E-10,9.15E-10,1.63E-10,1.14E-09,2.50E-10,1.52E-10,6.48E-11,1.29E-10,2.07E-10,4.67E-10,5.47E-10,1.45E-10,1.17E-10,2.11E-10,1.61E-10,1.12E-10,5.02E-10,5.07E-11,2.63E-10,2.49E-10,4.99E-11,1.12E-10,1.18E-10,2.32E-10,1.96E-10,6.26E-11,1.57E-11,3.22E-10,2.50E-10,2.55E-11,7.22E-11,2.94E-11,3.01E-11,2.14E-10,3.47E-10,2.50E-10,4.07E-10,1.84E-10,1.53E-10,2.34E-10,7.04E-10,1.76E-10,2.36E-10,2.69E-10,2.38E-10,3.92E-10,1.85E-10,9.84E-10,2.58E-10,7.36E-11,1.15E-10,1.00E-10,2.47E-10,5.44E-11,1.82E-10,4.76E-10,5.30E-11,6.21E-10,2.36E-10,8.52E-11,1.38E-10,7.63E-11,1.70E-10,2.70E-10,8.16E-11,1.79E-10,3.29E-10,1.10E-10,3.12E-10,1.96E-10,7.81E-10,6.30E-10,1.35E-10,4.07E-11,3.70E-10,1.46E-10,6.74E-11,3.46E-10,5.35E-11,9.56E-11,1.40E-11,3.41E-10,2.21E-10,8.47E-11,1.55E-10,1.27E-10,2.50E-10,7.04E-11,2.22E-10,6.27E-11
18,18.5,A,10,1.37E-09,1.00E-08,4.63E-09,1.78E-09,6.96E-10,1.21E-09,9.78E-10,1.68E-09,4.57E-10,9.45E-10,1.61E-09,1.21E-09,8.69E-10,1.24E-09,5.30E-10,4.22E-10,1.12E-09,2.62E-10,5.64E-10,3.21E-10,7.65E-10,1.67E-10,4.13E-10,9.88E-10,2.17E-10,9.88E-10,3.43E-10,1.27E-10,1.06E-09,5.39E-10,1.37E-09,1.00E-08,4.63E-09,1.78E-09,6.96E-10,1.21E-09,9.78E-10,1.68E-09,4.57E-10,9.45E-10,1.61E-09,1.21E-09,8.69E-10,1.24E-09,5.30E-10,4.22E-10,1.12E-09,2.62E-10,5.64E-10,3.21E-10,7.65E-10,1.67E-10,4.13E-10,9.88E-10,2.17E-10,9.88E-10,3.43E-10,1.27E-10,1.06E-09,5.39E-10,1.25E-09,1.69E-10,1.62E-10,1.98E-10,6.19E-11,4.12E-10,2.31E-10,1.05E-10,8.80E-10,2.91E-10,3.88E-10,9.20E-10,4.31E-10,2.25E-10,2.20E-10,5.56E-10,6.46E-10,8.25E-11,3.54E-10,3.64E-10,4.44E-10,1.22E-09,1.83E-10,9.79E-11,1.04E-10,3.69E-10,2.18E-10,5.82E-10,1.28E-10,2.37E-11,3.65E-10,4.53E-10,9.79E-11,4.80E-10,1.76E-10,1.52E-10,4.02E-10,4.59E-10,2.74E-10,3.76E-10,2.49E-10,1.11E-10,1.66E-10,1.53E-10,1.31E-09,5.40E-10,4.52E-11,2.69E-10,4.16E-10,1.27E-10,3.97E-10,5.78E-10,3.21E-10,9.05E-11,6.80E-11,1.19E-10,4.61E-10,1.54E-10,2.26E-10,1.29E-10,3.45E-10,8.52E-11,4.69E-11,1.83E-10,7.96E-10,3.61E-10,5.00E-11,6.54E-11,7.64E-11,3.21E-10,1.03E-09,8.47E-11,7.00E-10,1.03E-10,5.25E-11,2.87E-10,2.62E-10,7.18E-10,6.15E-11,3.44E-11,7.10E-10,1.13E-10,3.97E-10,3.54E-11,7.37E-11,1.09E-11,1.86E-10,1.65E-09,4.26E-10,1.67E-10,9.13E-10,7.92E-10,7.99E-11,7.88E-10,4.09E-11,5.64E-11,1.43E-10,8.50E-11,3.36E-11,4.88E-10,8.81E-11,5.71E-10,9.14E-10,3.29E-10,1.28E-10,1.46E-10,1.09E-09,9.01E-10,1.04E-10,1.51E-10,4.33E-10,2.67E-11,6.85E-10,1.88E-10,5.71E-10,7.05E-11,1.25E-10,3.81E-11,5.17E-11,3.07E-10,1.73E-10,3.39E-10,4.79E-11,3.45E-10,2.80E-10,3.57E-10,1.09E-10,1.81E-10,6.64E-10,2.74E-10
18.25,18.75,A,10,3.91E-08,4.49E-08,7.34E-09,6.39E-09,6.96E-09,8.03E-09,4.46E-09,1.31E-09,1.56E-09,4.05E-10,3.67E-09,4.47E-10,1.15E-09,1.26E-09,1.64E-09,2.97E-10,8.87E-10,1.82E-11,6.11E-10,3.09E-10,7.12E-11,1.17E-10,9.06E-10,1.93E-10,8.10E-10,4.72E-10,6.32E-10,6.98E-10,1.19E-10,1.04E-10,3.91E-08,4.49E-08,7.34E-09,6.39E-09,6.96E-09,8.03E-09,4.46E-09,1.31E-09,1.56E-09,4.05E-10,3.67E-09,4.47E-10,1.15E-09,1.26E-09,1.64E-09,2.97E-10,8.87E-10,1.82E-11,6.11E-10,3.09E-10,7.12E-11,1.17E-10,9.06E-10,1.93E-10,8.10E-10,4.72E-10,6.32E-10,6.98E-10,1.19E-10,1.04E-10,6.97E-10,2.42E-10,4.77E-10,1.35E-10,4.59E-10,4.54E-10,5.79E-11,1.95E-10,3.96E-10,1.18E-11,1.24E-10,2.37E-10,3.97E-11,1.52E-10,1.91E-10,5.66E-10,5.64E-10,1.77E-09,8.90E-10,1.01E-09,1.27E-10,1.14E-10,3.85E-11,3.41E-10,4.64E-11,3.60E-10,5.38E-10,1.17E-10,1.39E-10,7.83E-10,1.20E-10,1.15E-10,2.85E-11,2.87E-11,7.82E-11,1.64E-10,3.79E-10,1.54E-10,1.16E-11,1.16E-10,1.29E-10,2.28E-11,2.57E-10,2.69E-11,2.00E-10,1.18E-10,3.79E-11,3.20E-10,2.17E-11,1.58E-10,4.26E-11,7.78E-11,1.33E-10,4.95E-10,9.32E-11,1.19E-10,3.82E-11,9.32E-11,5.11E-11,1.95E-10,2.27E-10,1.21E-10,1.32E-10,2.16E-10,2.67E-10,7.66E-11,4.47E-10,1.49E-10,4.47E-10,1.56E-10,7.09E-11,5.38E-11,7.39E-10,1.15E-10,3.45E-10,3.41E-10,4.28E-10,1.00E-10,4.71E-10,5.57E-11,6.71E-10,6.81E-11,1.11E-10,6.76E-10,3.51E-10,2.43E-10,5.79E-10,1.76E-10,1.19E-10,8.57E-10,1.37E-10,4.33E-10,6.09E-11,2.32E-11,1.26E-10,5.84E-10,9.79E-11,1.35E-10,2.41E-11,1.88E-10,9.19E-11,5.00E-10,8.04E-10,2.73E-10,1.79E-10,3.38E-11,4.14E-11,3.74E-10,6.18E-10,5.79E-10,9.56E-11,8.89E-11,2.30E-10,2.30E-10,9.02E-10,8.17E-10,1.58E-10,6.46E-10,8.55E-11,3.80E-10,3.85E-10,2.74E-11,7.48E-11,9.69E-10,3.66E-10,3.80E-10,3.49E-10,2.54E-10,7.89E-11,1.25E-10
18.5,19,A,10,9.84E-09,5.42E-08,8.52E-09,1.74E-09,5.79E-09,4.76E-10,5.01E-10,4.44E-09,1.57E-10,1.14E-09,2.58E-10,3.22E-10,3.77E-10,1.07E-09,3.77E-10,1.90E-10,1.68E-10,5.02E-10,8.40E-11,1.69E-10,2.93E-10,5.67E-10,3.38E-10,5.21E-10,1.39E-10,1.13E-10,3.07E-10,2.81E-10,1.65E-10,2.39E-10,9.84E-09,5.42E-08,8.52E-09,1.74E-09,5.79E-09,4.76E-10,5.01E-10,4.44E-09,1.57E-10,1.14E-09,2.58E-10,3.22E-10,3.77E-10,1.07E-09,3.77E-10,1.90E-10,1.68E-10,5.02E-10,8.40E-11,1.69E-10,2.93E-10,5.67E-10,3.38E-10,5.21E-10,1.39E-10,1.13E-10,3.07E-10,2.81E-10,1.65E-10,2.39E-10,4.10E-10,3.05E-10,3.75E-10,1.97E-10,2.07E-10,5.90E-10,3.02E-10,1.10E-10,6.11E-11,2.31E-11,2.38E-11,1.15E-10,1.91E-10,1.99E-10,1.71E-10,3.44E-10,3.39E-10,2.57E-10,2.57E-10,1.26E-10,2.39E-10,1.98E-10,8.74E-11,1.61E-10,2.20E-10,1.67E-10,7.01E-11,1.65E-10,2.36E-10,8.10E-11,1.87E-10,1.16E-10,3.86E-11,3.03E-10,1.49E-10,2.75E-10,2.88E-10,1.30E-10,4.08E-10,7.35E-11,1.81E-10,4.18E-10,1.08E-10,8.69E-10,2.15E-10,1.61E-10,5.63E-11,6.49E-11,9.94E-11,1.77E-10,2.81E-10,3.41E-10,3.32E-10,6.82E-11,1.40E-10,6.31E-11,4.46E-11,2.25E-10,3.16E-10,1.66E-11,6.82E-11,7.13E-11,4.72E-10,1.91E-10,1.96E-10,7.95E-11,6.08E-11,8.83E-11,1.43E-10,4.20E-10,1.33E-10,7.71E-11,1.74E-10,1.22E-10,2.61E-11,7.68E-11,1.05E-10,8.49E-11,1.16E-10,3.84E-12,4.25E-11,1.47E-10,2.15E-10,1.35E-10,2.19E-10,9.15E-11,6.66E-11,4.89E-11,3.44E-11,4.73E-11,5.99E-11,7.35E-11,1.27E-10,1.15E-10,3.53E-10,2.28E-10,1.27E-10,6.81E-11,4.86E-11,6.94E-11,2.58E-11,5.73E-11,1.36E-10,4.66E-11,6.34E-11,3.67E-10,1.34E-10,1.20E-10,1.87E-11,1.54E-10,1.19E-10,2.18E-10,7.32E-11,1.11E-10,1.05E-10,3.99E-11,1.62E-10,3.76E-10,4.38E-10,1.67E-10,2.72E-10,1.63E-10,3.00E-10,7.02E-10,4.54E-10,2.72E-10,3.85E-10,3.36E-10,1.01E-10,3.13E-10
18.75,19.25,A,10,1.51E-08,2.73E-09,1.21E-09,8.19E-10,3.82E-09,2.76E-10,2.98E-09,4.76E-10,2.10E-09,6.83E-11,1.80E-09,3.37E-10,2.40E-10,3.76E-10,1.76E-11,9.29E-11,1.47E-10,1.28E-10,3.06E-10,8.56E-11,4.13E-11,1.38E-10,4.94E-11,1.03E-10,1.42E-10,3.16E-10,2.22E-10,4.39E-11,9.32E-11,1.57E-10,1.51E-08,2.73E-09,1.21E-09,8.19E-10,3.82E-09,2.76E-10,2.98E-09,4.76E-10,2.10E-09,6.83E-11,1.80E-09,3.37E-10,2.40E-10,3.76E-10,1.76E-11,9.29E-11,1.47E-10,1.28E-10,3.06E-10,8.56E-11,4.13E-11,1.38E-10,4.94E-11,1.03E-10,1.42E-10,3.16E-10,2.22E-10,4.39E-11,9.32E-11,1.57E-10,1.74E-10,2.71E-10,3.36E-10,2.43E-10,6.16E-10,1.41E-10,4.94E-12,6.84E-10,3.31E-10,1.71E-10,4.46E-10,1.89E-10,5.05E-11,3.14E-10,1.04E-10,9.38E-11,1.40E-10,5.89E-10,2.20E-10,1.13E-10,9.05E-12,1.33E-10,2.15E-10,1.74E-10,1.75E-10,1.10E-10,2.70E-11,6.09E-10,2.88E-10,3.22E-11,2.10E-10,7.74E-11,6.04E-10,4.06E-10,2.04E-10,9.44E-11,1.14E-10,1.86E-11,3.06E-11,2.92E-11,8.02E-11,1.04E-10,1.37E-10,1.07E-09,4.04E-10,4.75E-10,2.48E-11,6.86E-11,8.36E-11,3.53E-10,2.26E-10,1.99E-10,2.28E-10,1.27E-10,2.18E-10,1.73E-10,3.35E-10,3.63E-10,4.25E-10,2.47E-10,3.20E-11,2.16E-10,2.50E-10,1.15E-10,5.48E-11,7.15E-11,6.95E-11,4.10E-11,2.42E-10,1.38E-10,1.53E-10,4.04E-10,6.27E-11,2.91E-10,4.84E-11,2.62E-10,3.29E-10,5.67E-10,4.84E-10,1.16E-10,1.28E-10,4.02E-10,2.34E-10,9.86E-11,1.60E-11,1.71E-10,5.46E-10,9.54E-11,1.08E-10,2.02E-10,1.52E-10,2.48E-11,8.26E-11,1.41E-10,2.18E-10,5.85E-10,4.07E-11,1.35E-10,1.14E-10,3.45E-10,7.62E-11,4.18E-10,1.06E-10,1.08E-10,4.52E-10,9.85E-10,7.33E-11,4.16E-11,1.50E-10,2.93E-10,1.48E-10,7.07E-10,9.65E-11,6.62E-10,3.20E-10,1.28E-10,4.02E-10,2.38E-10,7.22E-11,2.84E-11,5.29E-10,1.24E-10,3.62E-10,1.88E-10,7.39E-11,1.92E-10,8.46E-11,8.02E-12,4.49E-10,2.69E-10
19,19.5,A,10,4.56E-09,8.24E-09,1.09E-08,3.62E-10,3.18E-09,7.66E-09,1.56E-09,1.09E-09,3.49E-10,5.29E-10,8.02E-10,6.09E-10,7.03E-10,1.29E-09,2.05E-10,4.47E-10,2.77E-10,3.18E-10,3.16E-10,8.48E-11,6.39E-11,8.49E-10,4.17E-10,1.27E-10,1.58E-10,4.92E-10,3.94E-11,4.40E-10,4.54E-11,3.50E-10,4.56E-09,8.24E-09,1.09E-08,3.62E-10,3.18E-09,7.66E-09,1.56E-09,1.09E-09,3.49E-10,5.29E-10,8.02E-10,6.09E-10,7.03E-10,1.29E-09,2.05E-10,4.47E-10,2.77E-10,3.18E-10,3.16E-10,8.48E-11,6.39E-11,8.49E-10,4.17E-10,1.27E-10,1.58E-10,4.92E-10,3.94E-11,4.40E-10,4.54E-11,3.50E-10,8.84E-10,1.30E-10,7.64E-11,2.37E-10,7.78E-10,1.68E-10,2.85E-10,5.92E-10,1.44E-10,2.76E-10,4.34E-10,2.83E-10,4.25E-11,2.19E-10,8.76E-11,3.63E-10,3.36E-11,5.67E-10,2.65E-10,2.00E-10,3.48E-10,7.83E-10,3.39E-11,2.89E-10,7.82E-10,1.60E-10,4.73E-10,2.21E-10,7.24E-11,4.90E-10,4.78E-10,6.55E-10,3.65E-10,5.48E-10,2.22E-10,2.15E-10,4.12E-10,1.52E-10,2.28E-10,1.83E-10,1.05E-10,1.97E-10,8.03E-10,7.76E-11,3.89E-10,1.18E-10,1.82E-10,1.13E-10,7.42E-10,3.76E-11,2.95E-10,1.40E-10,1.83E-10,1.11E-11,3.84E-10,2.61E-10,3.70E-10,3.26E-10,8.19E-11,2.46E-11,4.53E-11,8.79E-11,3.67E-10,4.93E-10,9.89E-11,5.86E-10,9.70E-11,3.59E-10,9.88E-11,1.05E-10,4.84E-10,5.85E-10,6.56E-11,2.60E-10,1.73E-10,4.26E-10,1.71E-10,3.49E-10,7.58E-10,8.33E-10,1.60E-10,3.42E-11,2.11E-10,3.81E-10,5.29E-11,1.22E-10,4.49E-10,4.69E-10,1.47E-10,2.04E-10,5.54E-10,3.58E-11,3.86E-10,1.01E-10,1.79E-10,4.09E-11,1.81E-10,1.49E-11,6.79E-10,1.94E-10,1.99E-10,3.07E-10,8.93E-11,7.19E-10,2.97E-10,2.25E-10,4.16E-10,5.72E-10,2.13E-10,4.10E-10,8.11E-10,1.08E-10,3.86E-10,2.94E-10,4.57E-10,7.14E-11,4.32E-10,1.16E-10,2.19E-10,1.25E-10,9.82E-10,8.13E-11,1.83E-10,3.59E-10,1.35E-10,6.72E-11,3.05E-10,1.29E-10,1.92E-10,3.48E-10
19.25,19.75,A,10,5.37E-08,6.49E-08,3.35E-09,2.99E-09,7.16E-10,2.29E-09,1.80E-09,1.77E-09,1.76E-09,4.67E-10,1.60E-10,6.25E-10,2.15E-10,1.85E-11,7.19E-11,5.86E-10,5.78E-10,4.79E-10,4.12E-10,4.80E-10,8.62E-10,8.39E-10,4.12E-10,4.49E-10,1.81E-10,1.86E-10,6.45E-10,2.43E-10,1.67E-11,7.58E-10,5.37E-08,6.49E-08,3.35E-09,2.99E-09,7.16E-10,2.29E-09,1.80E-09,1.77E-09,1.76E-09,4.67E-10,1.60E-10,6.25E-10,2.15E-10,1.85E-11,7.19E-11,5.86E-10,5.78E-10,4.79E-10,4.12E-10,4.80E-10,8.62E-10,8.39E-10,4.12E-10,4.49E-10,1.81E-10,1.86E-10,6.45E-10,2.43E-10,1.67E-11,7.58E-10,1.08E-10,1.61E-10,1.66E-10,3.17E-11,9.47E-11,3.94E-10,9.53E-11,1.20E-10,2.15E-10,5.89E-10,5.31E-10,6.35E-10,2.40E-10,2.80E-11,4.60E-10,1.16E-09,3.86E-10,4.37E-10,8.00E-11,4.22E-10,3.44E-10,1.21E-10,3.30E-10,1.07E-10,1.67E-10,1.15E-10,3.57E-11,2.27E-10,3.21E-10,5.65E-11,3.85E-10,2.87E-10,2.96E-10,1.32E-10,2.70E-10,2.96E-10,3.18E-10,4.30E-10,1.52E-10,1.68E-10,1.40E-10,1.14E-10,9.74E-11,6.72E-10,9.28E-11,5.03E-11,5.27E-11,4.04E-10,9.90E-11,1.40E-11,2.43E-10,2.12E-10,1.26E-10,2.61E-11,3.85E-10,7.62E-11,5.83E-11,1.06E-10,1.88E-10,1.28E-10,1.17E-10,7.16E-10,1.90E-10,7.04E-11,1.51E-11,4.03E-10,8.42E-11,1.09E-10,4.17E-11,2.01E-10,5.01E-10,3.64E-10,6.88E-11,1.03E-10,6.90E-10,3.82E-11,1.44E-10,1.92E-10,1.90E-11,7.72E-11,1.56E-10,4.21E-11,1.55E-10,4.65E-10,4.76E-11,1.68E-10,1.57E-10,4.20E-10,6.66E-11,5.40E-11,1.05E-10,2.18E-10,1.98E-10,4.98E-10,1.54E-10,9.37E-11,6.02E-11,2.22E-10,1.37E-10,6.53E-11,1.06E-10,6.67E-10,1.03E-10,3.17E-11,2.84E-10,4.89E-11,2.27E-10,1.22E-10,3.59E-10,3.33E-10,3.00E-10,1.22E-10,2.41E-10,1.55E-10,3.19E-10,1.77E-10,1.89E-10,1.83E-10,1.52E-10,4.78E-10,4.53E-10,9.56E-11,1.62E-10,6.95E-10,9.41E-11,4.03E-11,3.58E-10,1.16E-10,1.19E-10,2.27E-10
19.5,20,A,10,3.48E-08,4.58E-08,5.39E-09,7.09E-09,4.62E-09,5.71E-09,3.93E-09,9.47E-10,1.63E-09,5.90E-11,1.75E-09,1.87E-09,9.94E-10,3.52E-10,4.48E-11,6.03E-10,7.63E-10,5.11E-10,3.03E-10,4.66E-10,5.08E-10,4.55E-10,1.50E-10,2.76E-10,2.24E-10,3.14E-10,1.70E-10,6.56E-10,6.41E-11,4.28E-10,3.48E-08,4.58E-08,5.39E-09,7.09E-09,4.62E-09,5.71E-09,3.93E-09,9.47E-10,1.63E-09,5.90E-11,1.75E-09,1.87E-09,9.94E-10,3.52E-10,4.48E-11,6.03E-10,7.63E-10,5.11E-10,3.03E-10,4.66E-10,5.08E-10,4.55E-10,1.50E-10,2.76E-10,2.24E-10,3.14E-10,1.70E-10,6.56E-10,6.41E-11,4.28E-10,2.12E-10,1.78E-10,3.25E-10,1.14E-10,5.80E-10,1.49E-10,1.04E-10,4.67E-11,5.22E-10,2.97E-10,1.79E-10,5.40E-10,6.79E-11,5.38E-10,1.15E-10,2.91E-10,2.04E-10,6.69E-10,5.53E-10,8.74E-11,4.32E-10,3.04E-11,4.48E-10,1.70E-10,4.34E-10,4.42E-10,4.61E-11,3.04E-10,3.02E-10,6.40E-12,9.64E-11,4.90E-10,2.53E-10,1.85E-10,1.52E-10,1.72E-10,3.41E-10,2.34E-10,7.09E-10,6.79E-10,7.76E-10,2.44E-10,2.20E-10,2.38E-10,2.47E-10,2.62E-10,2.49E-10,1.89E-10,4.44E-10,4.16E-10,5.68E-11,1.14E-10,4.02E-10,2.32E-11,3.88E-10,1.52E-10,2.66E-11,2.90E-10,2.35E-10,1.11E-09,4.24E-10,1.17E-11,2.17E-10,5.02E-10,7.13E-11,3.82E-10,3.25E-10,3.16E-10,2.26E-10,8.54E-11,2.60E-10,2.85E-10,5.28E-10,4.62E-10,4.27E-10,1.43E-09,1.06E-10,2.77E-10,6.69E-11,7.05E-11,5.79E-11,1.17E-09,2.69E-10,1.41E-10,3.47E-10,5.27E-10,4.76E-10,2.39E-10,1.06E-10,2.46E-10,2.12E-10,5.79E-10,3.44E-11,2.58E-10,4.53E-10,5.70E-10,2.92E-10,4.53E-10,3.98E-10,6.12E-11,2.60E-10,5.26E-10,1.54E-10,8.28E-11,8.42E-10,5.76E-10,2.22E-10,1.35E-10,3.06E-11,5.23E-10,3.42E-10,7.34E-10,5.07E-10,2.37E-10,1.10E-11,4.66E-10,3.81E-10,1.61E-10,4.01E-10,1.89E-10,2.29E-10,8.21E-10,6.91E-11,4.95E-10,1.28E-09,5.99E-10,7.27E-10,8.25E-11,2.13E-10,4.34E-10
19.75,20.25,A,10,8.19E-10,1.69E-08,1.25E-08,1.66E-09,1.11E-09,2.71E-09,2.39E-10,1.18E-09,1.23E-09,4.32E-10,4.70E-11,3.92E-10,2.72E-10,3.39E-10,1.24E-10,7.54E-11,3.10E-10,7.68E-10,7.59E-11,1.58E-10,3.06E-10,8.79E-10,3.84E-10,1.34E-10,3.31E-11,1.33E-10,2.59E-10,2.74E-10,8.79E-11,9.36E-10,8.19E-10,1.69E-08,1.25E-08,1.66E-09,1.11E-09,2.71E-09,2.39E-10,1.18E-09,1.23E-09,4.32E-10,4.70E-11,3.92E-10,2.72E-10,3.39E-10,1.24E-10,7.54E-11,3.10E-10,7.68E-10,7.59E-11,1.58E-10,3.06E-10,8.79E-10,3.84E-10,1.34E-10,3.31E-11,1.33E-10,2.59E-10,2.74E-10,8.79E-11,9.36E-10,4.26E-10,1.48E-10,6.49E-10,2.01E-10,1.76E-10,5.91E-11,3.99E-10,2.86E-10,8.54E-11,1.78E-10,3.94E-11,8.89E-10,3.66E-12,1.16E-09,8.95E-11,5.33E-10,4.50E-10,7.78E-11,1.32E-10,4.60E-10,5.40E-10,3.44E-10,5.40E-11,1.42E-11,1.40E-10,2.66E-10,3.78E-11,6.31E-10,1.28E-10,5.53E-10,3.21E-10,7.04E-10,2.90E-10,6.54E-10,6.84E-11,7.39E-11,5.84E-10,3.16E-11,2.19E-10,6.29E-10,3.55E-10,1.56E-10,1.53E-10,3.71E-11,4.64E-11,3.32E-10,1.97E-10,1.01E-10,4.48E-10,7.37E-11,2.34E-10,1.43E-10,6.21E-11,4.08E-10,1.77E-10,5.62E-11,1.48E-10,2.52E-10,6.84E-10,3.77E-10,4.39E-11,1.44E-11,4.46E-10,1.18E-10,3.56E-10,2.99E-10,2.29E-10,7.40E-10,5.30E-11,1.52E-10,4.13E-10,2.82E-10,1.43E-10,2.74E-10,1.07E-11,1.11E-10,2.17E-10,8.22E-11,1.39E-10,9.49E-10,7.07E-11,3.84E-10,1.37E-10,1.08E-10,5.91E-10,5.60E-10,2.86E-11,5.58E-10,3.26E-10,1.14E-10,2.13E-10,4.15E-11,1.40E-10,1.87E-10,1.09E-10,4.84E-10,9.38E-11,9.72E-11,8.08E-10,2.01E-11,5.70E-11,1.75E-10,8.35E-11,8.05E-11,1.43E-10,1.93E-11,2.39E-10,1.17E-11,2.29E-10,4.83E-10,1.95E-10,3.44E-10,4.65E-10,1.29E-10,5.65E-10,4.62E-10,4.52E-10,6.02E-11,2.17E-10,1.17E-10,3.80E-10,2.44E-10,6.53E-11,3.85E-10,4.35E-10,7.67E-11,1.22E-10,2.45E-10,7.19E-11,2.42E-11
20,20.5,A,10,1.46E-09,3.91E-09,2.20E-09,3.84E-09,4.76E-10,1.91E-09,4.06E-09,1.36E-10,1.90E-10,3.86E-11,6.82E-10,2.14E-10,2.33E-10,6.49E-10,9.02E-11,1.85E-10,6.02E-10,2.14E-10,1.91E-10,8.51E-10,3.16E-10,7.66E-10,4.56E-10,5.64E-11,2.74E-10,5.80E-10,7.59E-10,7.06E-10,1.38E-10,1.09E-09,1.46E-09,3.91E-09,2.20E-09,3.84E-09,4.76E-10,1.91E-09,4.06E-09,1.36E-10,1.90E-10,3.86E-11,6.82E-10,2.14E-10,2.33E-10,6.49E-10,9.02E-11,1.85E-10,6.02E-10,2.14E-10,1.91E-10,8.51E-10,3.16E-10,7.66E-10,4.56E-10,5.64E-11,2.74E-10,5.80E-10,7.59E-10,7.06E-10,1.38E-10,1.09E-09,9.66E-11,8.90E-11,1.23E-11,1.95E-10,4.79E-11,2.57E-10,1.93E-10,2.19E-10,9.40E-11,2.26E-10,3.24E-10,5.57E-11,3.51E-10,2.17E-10,1.07E-10,4.91E-10,6.78E-11,4.66E-10,2.11E-10,3.16E-10,1.22E-09,4.45E-10,1.68E-10,1.25E-10,4.26E-11,1.96E-10,6.95E-11,1.46E-10,3.84E-10,6.06E-11,1.26E-10,1.68E-10,2.38E-10,9.78E-10,7.67E-11,1.75E-10,8.98E-11,2.22E-10,4.39E-12,3.28E-11,1.10E-10,2.16E-10,1.62E-10,1.17E-10,3.45E-11,1.24E-10,9.88E-11,4.39E-10,3.45E-10,3.06E-10,4.19E-10,2.78E-10,1.20E-10,3.74E-10,4.75E-10,1.52E-10,1.42E-10,7.24E-11,3.29E-10,2.98E-10,3.10E-10,7.57E-10,5.65E-10,2.76E-10,3.35E-10,3.36E-10,4.01E-10,2.75E-10,4.23E-10,2.43E-10,1.67E-11,1.05E-10,1.16E-10,8.71E-11,2.41E-10,6.77E-11,4.88E-11,2.59E-10,7.41E-11,3.08E-11,2.71E-10,1.74E-10,4.12E-10,7.04E-11,7.51E-10,4.31E-10,5.73E-11,1.60E-10,2.98E-11,3.37E-11,3.28E-10,2.55E-10,5.55E-10,8.63E-11,7.88E-11,1.03E-10,1.09E-10,5.96E-11,2.46E-10,2.80E-10,2.75E-11,5.79E-11,5.45E-10,2.38E-10,4.33E-10,1.01E-10,5.24E-10,5.80E-10,4.75E-10,1.93E-10,1.99E-10,6.28E-10,1.99E-10,5.15E-11,2.45E-10,2.33E-11,4.24E-11,1.32E-10,3.64E-10,3.86E-11,2.07E-11,4.41E-11,3.00E-11,6.51E-10,1.64E-10,9.18E-11,1.11E-10,1.95E-10,3.59E-10,2.93E-12
20.25,20.75,A,10,1.22E-09,2.64E-08,8.15E-10,2.80E-09,8.04E-09,9.17E-10,5.73E-10,4.91E-10,2.86E-09,4.04E-10,1.64E-09,1.33E-10,1.89E-10,8.39E-11,2.73E-10,3.40E-10,3.48E-10,9.33E-10,8.46E-11,2.12E-10,1.07E-09,5.39E-11,6.50E-11,2.87E-11,1.53E-10,1.22E-11,1.54E-10,5.48E-10,2.19E-10,6.14E-10,1.22E-09,2.64E-08,8.15E-10,2.80E-09,8.04E-09,9.17E-10,5.73E-10,4.91E-10,2.86E-09,4.04E-10,1.64E-09,1.33E-10,1.89E-10,8.39E-11,2.73E-10,3.40E-10,3.48E-10,9.33E-10,8.46E-11,2.12E-10,1.07E-09,5.39E-11,6.50E-11,2.87E-11,1.53E-10,1.22E-11,1.54E-10,5.48E-10,2.19E-10,6.14E-10,1.46E-10,7.73E-11,2.32E-10,1.38E-10,8.65E-11,6.56E-11,2.32E-10,2.09E-10,2.61E-10,1.41E-10,2.17E-10,5.01E-11,1.13E-11,5.54E-10,1.05E-10,2.76E-10,5.56E-10,5.16E-10,1.46E-10,6.03E-10,6.00E-10,1.68E-10,1.49E-10,7.29E-11,2.57E-10,3.29E-10,1.29E-10,1.42E-10,1.92E-11,1.56E-10,2.09E-11,2.44E-10,6.51E-10,1.23E-10,1.18E-10,1.81E-10,3.08E-10,2.19E-10,4.74E-10,1.09E-11,3.36E-10,1.49E-10,5.24E-11,2.64E-11,2.18E-10,2.94E-10,9.19E-11,3.12E-10,3.94E-10,6.81E-11,2.69E-10,3.84E-10,4.39E-11,1.85E-10,6.70E-10,4.41E-10,3.46E-11,2.98E-10,2.54E-10,2.54E-10,1.78E-10,7.64E-11,4.81E-10,3.07E-10,2.82E-10,2.20E-10,3.29E-10,4.98E-10,7.79E-11,1.58E-11,2.98E-10,2.91E-10,3.37E-10,4.01E-10,1.56E-10,5.32E-11,4.43E-11,1.70E-10,2.53E-10,5.00E-11,2.88E-10,7.40E-11,5.75E-11,3.41E-10,3.01E-10,2.49E-10,6.22E-10,3.19E-11,1.60E-11,4.19E-10,1.65E-10,3.61E-10,2.67E-10,2.97E-10,5.44E-10,5.06E-10,5.93E-10,1.24E-10,4.43E-10,4.06E-10,6.35E-10,2.74E-10,1.40E-09,5.16E-10,2.40E-10,4.28E-10,3.09E-10,3.76E-11,1.02E-09,1.13E-10,5.75E-11,1.21E-10,1.43E-10,7.23E-11,5.01E-11,7.42E-11,1.29E-10,8.34E-10,7.89E-11,1.79E-10,4.30E-10,9.80E-11,1.34E-10,4.30E-10,5.74E-11,6.99E-11,1.54E-10,6.04E-11,1.86E-10,5.08E-10
20.5,21,A,10,2.33E-08,1.16E-08,7.54E-09,2.57E-09,6.03E-10,4.23E-09,6.18E-09,2.76E-10,1.39E-09,1.20E-10,1.10E-09,9.48E-10,1.33E-09,1.51E-09,7.73E-11,3.36E-10,4.18E-10,2.19E-10,2.82E-10,1.55E-10,1.83E-11,1.93E-10,3.94E-10,9.14E-11,1.82E-10,8.55E-11,5.85E-10,6.03E-10,8.13E-11,4.65E-11,2.33E-08,1.16E-08,7.54E-09,2.57E-09,6.03E-10,4.23E-09,6.18E-09,2.76E-10,1.39E-09,1.20E-10,1.10E-09,9.48E-10,1.33E-09,1.51E-09,7.73E-11,3.36E-10,4.18E-10,2.19E-10,2.82E-10,1.55E-10,1.83E-11,1.93E-10,3.94E-10,9.14E-11,1.82E-10,8.55E-11,5.85E-10,6.03E-10,8.13E-11,4.65E-11,2.84E-11,1.83E-10,2.10E-10,3.28E-10,2.76E-11,1.76E-10,9.82E-11,2.04E-10,1.12E-10,3.62E-10,1.93E-10,5.88E-10,4.64E-11,1.29E-10,8.19E-11,8.65E-11,3.07E-10,7.86E-10,6.96E-11,5.06E-11,7.50E-10,1.37E-10,8.46E-11,6.96E-11,8.03E-10,3.76E-10,3.99E-10,7.86E-10,4.31E-10,1.86E-10,2.22E-10,7.42E-11,8.49E-11,3.23E-11,6.74E-11,5.96E-11,1.74E-10,9.01E-11,4.96E-11,3.26E-10,9.57E-11,1.41E-10,7.43E-11,3.01E-10,9.59E-11,7.10E-11,8.37E-11,1.67E-10,1.15E-10,2.59E-10,1.44E-10,1.88E-10,2.10E-10,7.28E-10,1.32E-10,3.35E-10,1.81E-11,2.01E-10,7.16E-11,9.68E-11,3.97E-10,3.22E-11,1.60E-10,8.17E-11,2.20E-10,3.38E-10,3.95E-10,1.25E-10,1.48E-10,2.42E-10,3.96E-10,3.45E-10,2.10E-10,6.14E-11,1.74E-10,2.12E-10,2.26E-10,1.60E-10,3.65E-10,3.49E-10,1.21E-10,4.61E-10,2.55E-10,1.06E-11,1.13E-10,9.70E-10,7.83E-11,3.15E-10,4.31E-10,2.10E-10,8.91E-11,3.41E-10,1.12E-10,2.10E-10,4.52E-10,1.64E-10,2.50E-10,4.26E-10,2.51E-11,7.20E-11,1.45E-10,4.18E-10,2.61E-10,1.51E-10,5.69E-10,2.94E-10,1.52E-10,1.33E-10,3.76E-10,5.18E-11,1.25E-10,1.61E-12,1.88E-10,9.36E-11,9.48E-11,3.37E-11,3.15E-10,8.98E-10,1.05E-10,8.07E-11,5.56E-10,6.87E-10,5.05E-11,6.57E-10,1.60E-09,6.72E-10,1.11E-10,5.25E-10,1.02E-10,7.78E-12
20.75,21.25,A,10,1.05E-07,5.22E-08,3.32E-09,3.55E-09,1.09E-09,8.55E-10,2.31E-09,1.56E-09,1.31E-09,2.03E-09,1.51E-09,5.39E-10,7.01E-10,1.53E-09,8.35E-10,1.88E-10,1.06E-09,8.59E-10,5.00E-11,9.61E-10,5.77E-10,1.33E-09,2.02E-10,1.43E-09,8.17E-10,6.48E-10,5.33E-10,2.78E-10,3.45E-10,4.20E-10,1.05E-07,5.22E-08,3.32E-09,3.55E-09,1.09E-09,8.55E-10,2.31E-09,1.56E-09,1.31E-09,2.03E-09,1.51E-09,5.39E-10,7.01E-10,1.53E-09,8.35E-10,1.88E-10,1.06E-09,8.59E-10,5.00E-11,9.61E-10,5.77E-10,1.33E-09,2.02E-10,1.43E-09,8.17E-10,6.48E-10,5.33E-10,2.78E-10,3.45E-10,4.20E-10,2.16E-10,9.33E-11,1.26E-10,2.38E-10,6.65E-11,5.80E-11,2.54E-11,8.36E-11,8.76E-11,2.00E-10,1.98E-10,4.71E-11,1.32E-10,1.79E-10,1.60E-10,1.88E-10,1.55E-10,1.20E-10,1.13E-10,5.45E-11,7.61E-11,1.13E-10,7.04E-11,1.12E-10,5.03E-10,8.84E-11,8.40E-11,1.40E-10,4.68E-11,5.04E-11,1.47E-10,9.87E-11,1.07E-10,6.16E-10,1.26E-10,6.45E-11,1.51E-10,2.78E-10,1.52E-09,6.02E-10,5.97E-10,4.02E-10,2.01E-10,2.52E-11,2.73E-10,7.33E-10,6.77E-10,1.36E-10,5.35E-10,2.00E-10,4.21E-10,1.74E-10,4.07E-11,7.69E-10,1.83E-10,7.33E-11,7.94E-11,3.26E-11,1.67E-10,1.57E-10,1.48E-10,4.10E-10,1.66E-10,3.36E-10,2.82E-10,8.90E-11,1.04E-10,3.93E-10,5.71E-11,2.40E-10,9.63E-11,7.33E-11,4.72E-11,1.52E-10,5.18E-10,3.71E-10,2.79E-11,2.74E-10,4.56E-11,1.52E-10,1.90E-10,1.00E-10,2.95E-11,8.96E-11,9.66E-11,2.88E-10,2.62E-10,2.58E-10,8.80E-12,3.71E-10,5.81E-10,3.37E-10,3.03E-10,1.15E-09,8.80E-11,1.73E-10,1.74E-10,4.73E-10,3.04E-10,2.45E-10,7.48E-11,4.93E-10,1.57E-10,5.74E-10,1.78E-10,3.27E-10,9.53E-11,5.79E-10,1.70E-10,6.43E-11,6.51E-10,3.54E-11,1.07E-10,1.61E-09,1.03E-09,6.15E-10,1.90E-11,1.10E-10,3.11E-10,2.27E-10,5.12E-11,3.11E-10,1.90E-10,3.75E-10,4.61E-10,3.47E-11,4.77E-10,4.29E-10,5.86E-10,6.07E-11
21,21.5,A,10,1.49E-08,4.57E-08,3.58E-09,1.43E-09,3.93E-09,2.66E-09,1.48E-09,1.36E-09,8.56E-10,5.95E-10,4.03E-10,9.50E-10,9.75E-10,1.08E-10,2.12E-10,7.86E-10,1.79E-09,1.66E-10,8.09E-10,5.43E-10,2.03E-10,8.29E-10,4.75E-10,2.07E-10,4.15E-10,2.22E-10,4.47E-10,5.21E-10,8.08E-11,5.18E-10,1.49E-08,4.57E-08,3.58E-09,1.43E-09,3.93E-09,2.66E-09,1.48E-09,1.36E-09,8.56E-10,5.95E-10,4.03E-10,9.50E-10,9.75E-10,1.08E-10,2.12E-10,7.86E-10,1.79E-09,1.66E-10,8.09E-10,5.43E-10,2.03E-10,8.29E-10,4.75E-10,2.07E-10,4.15E-10,2.22E-10,4.47E-10,5.21E-10,8.08E-11,5.18E-10,2.24E-10,3.08E-10,2.45E-10,2.78E-10,2.77E-11,3.09E-10,3.23E-10,1.96E-10,5.48E-10,2.01E-10,1.97E-10,1.78E-11,6.04E-10,2.45E-10,5.66E-10,1.96E-10,4.42E-11,4.53E-10,1.03E-10,1.36E-10,9.23E-11,1.91E-10,9.48E-11,5.54E-10,1.27E-10,3.02E-10,1.32E-10,1.69E-10,4.80E-10,9.89E-10,2.43E-10,1.39E-10,2.28E-10,2.49E-10,2.08E-10,2.06E-10,8.97E-10,2.71E-10,8.69E-10,1.14E-10,2.17E-10,5.91E-10,2.25E-10,1.24E-10,6.30E-10,7.64E-11,2.71E-11,5.85E-11,2.38E-11,6.83E-11,7.96E-11,1.26E-10,4.13E-10,2.00E-10,7.83E-11,1.05E-10,2.28E-11,3.03E-11,7.55E-10,2.91E-10,1.20E-10,1.84E-10,1.17E-09,1.34E-10,2.87E-10,1.82E-10,6.24E-10,1.76E-10,9.29E-10,3.02E-10,8.92E-11,8.35E-11,3.29E-10,2.10E-10,2.58E-11,4.68E-11,1.58E-10,4.98E-10,1.25E-10,9.51E-11,4.32E-10,3.66E-10,1.17E-10,6.69E-11,1.59E-10,2.41E-10,2.00E-10,2.16E-10,2.78E-11,1.13E-10,3.84E-11,1.54E-10,7.85E-11,3.85E-10,2.12E-10,8.02E-11,5.68E-10,1.15E-10,1.02E-10,3.85E-10,1.90E-10,7.83E-10,4.06E-10,4.05E-10,1.52E-10,8.82E-11,1.13E-10,1.88E-10,1.61E-10,1.40E-10,6.98E-10,3.32E-10,2.07E-11,8.92E-11,8.44E-11,8.51E-10,3.07E-10,8.05E-11,1.27E-10,5.14E-11,7.93E-11,5.64E-10,1.61E-10,3.11E-10,2.04E-10,7.34E-11,2.38E-10,1.14E-10,6.01E-11,1.94E-10
21.25,21.75,A,10,3.16E-09,2.82E-08,2.76E-09,2.78E-09,1.63E-09,2.35E-09,1.38E-09,2.35E-10,8.56E-10,1.67E-09,1.93E-10,3.74E-10,1.42E-09,3.07E-12,1.74E-12,4.27E-10,4.25E-10,1.55E-10,3.50E-10,6.01E-10,2.26E-10,3.38E-10,1.63E-10,5.39E-12,8.31E-11,3.84E-10,1.62E-09,5.37E-10,2.37E-10,3.57E-10,3.16E-09,2.82E-08,2.76E-09,2.78E-09,1.63E-09,2.35E-09,1.38E-09,2.35E-10,8.56E-10,1.67E-09,1.93E-10,3.74E-10,1.42E-09,3.07E-12,1.74E-12,4.27E-10,4.25E-10,1.55E-10,3.50E-10,6.01E-10,2.26E-10,3.38E-10,1.63E-10,5.39E-12,8.31E-11,3.84E-10,1.62E-09,5.37E-10,2.37E-10,3.57E-10,1.29E-09,7.10E-10,3.19E-10,6.77E-10,1.85E-10,5.14E-10,5.00E-10,1.83E-10,4.13E-10,6.50E-11,8.42E-10,6.41E-10,9.27E-11,4.16E-10,2.43E-10,1.04E-10,6.86E-10,1.79E-10,8.13E-10,2.11E-10,5.65E-10,1.62E-10,1.02E-10,2.66E-10,1.06E-10,1.27E-10,3.10E-10,1.42E-10,6.38E-11,1.26E-10,2.15E-10,6.57E-10,3.79E-10,4.39E-11,1.58E-10,1.49E-10,4.04E-10,3.85E-11,1.08E-10,1.14E-09,3.13E-10,1.29E-10,3.90E-10,2.11E-10,2.32E-10,1.12E-10,2.78E-10,6.03E-10,3.44E-10,5.08E-10,3.24E-10,2.59E-10,3.82E-10,1.21E-09,5.65E-10,8.76E-11,7.58E-10,5.66E-10,6.58E-10,3.65E-10,6.63E-10,2.80E-10,9.98E-11,2.56E-10,2.07E-10,2.17E-10,8.30E-10,8.45E-10,2.78E-10,1.05E-09,5.61E-10,9.16E-11,4.01E-10,3.16E-10,5.67E-10,1.44E-10,8.32E-11,2.04E-10,4.07E-10,2.13E-10,6.61E-10,1.64E-10,2.19E-10,3.79E-11,1.10E-10,1.70E-10,9.07E-11,1.33E-10,1.12E-10,1.51E-10,3.74E-11,8.84E-10,3.76E-10,4.82E-10,7.38E-11,1.69E-10,2.36E-11,9.29E-10,2.17E-11,2.00E-10,1.12E-09,1.08E-10,3.64E-10,2.74E-10,4.23E-10,2.41E-11,2.57E-10,6.86E-11,6.21E-10,1.74E-10,2.53E-10,1.67E-10,3.90E-10,1.41E-10,1.01E-10,1.46E-10,7.11E-11,2.33E-10,9.51E-11,9.98E-11,5.39E-10,1.54E-10,1.48E-10,3.71E-10,2.02E-10,3.40E-10,1.54E-09,1.59E-10,1.54E-10,2.10E-10
21.5,22,A,10,2.09E-08,4.48E-08,3.74E-09,5.28E-09,6.83E-09,9.31E-10,2.01E-10,9.01E-10,2.05E-10,3.62E-10,4.39E-10,6.77E-10,4.01E-10,8.75E-11,5.65E-10,4.38E-10,3.70E-10,1.86E-10,1.93E-10,2.09E-10,3.32E-10,1.90E-10,1.10E-09,5.64E-11,1.02E-09,2.64E-10,2.55E-11,6.18E-10,3.29E-10,1.31E-10,2.09E-08,4.48E-08,3.74E-09,5.28E-09,6.83E-09,9.31E-10,2.01E-10,9.01E-10,2.05E-10,3.62E-10,4.39E-10,6.77E-10,4.01E-10,8.75E-11,5.65E-10,4.38E-10,3.70E-10,1.86E-10,1.93E-10,2.09E-10,3.32E-10,1.90E-10,1.10E-09,5.64E-11,1.02E-09,2.64E-10,2.55E-11,6.18E-10,3.29E-10,1.31E-10,4.45E-10,2.11E-10,1.49E-11,4.91E-10,1.21E-10,1.09E-09,3.34E-11,4.11E-10,5.69E-10,1.14E-10,3.56E-10,1.42E-11,3.63E-10,3.29E-10,3.32E-10,4.58E-10,4.11E-10,3.96E-11,2.07E-10,4.74E-10,4.53E-10,1.03E-10,2.05E-10,3.03E-10,1.56E-10,3.68E-10,3.85E-10,3.40E-10,3.63E-10,1.36E-10,4.90E-10,8.83E-11,1.40E-10,1.72E-10,6.66E-10,8.40E-11,5.48E-10,2.40E-10,1.53E-10,6.10E-11,2.03E-10,2.17E-11,5.13E-11,7.12E-10,1.82E-10,8.99E-11,7.45E-11,2.46E-10,7.73E-11,4.13E-11,3.94E-10,2.00E-11,4.20E-10,5.16E-10,1.93E-10,3.47E-11,6.58E-11,4.85E-10,1.51E-10,4.62E-10,2.41E-10,4.69E-10,8.96E-11,2.32E-10,2.53E-10,1.94E-10,1.57E-10,2.24E-10,2.73E-10,1.33E-10,4.87E-11,7.60E-11,4.02E-11,9.17E-10,4.19E-11,2.95E-10,9.14E-11,1.85E-11,2.67E-10,5.73E-10,1.13E-10,6.67E-11,3.48E-10,2.92E-11,6.41E-10,7.18E-11,3.12E-10,1.95E-10,9.12E-11,2.70E-11,1.81E-10,2.69E-10,8.94E-12,2.31E-10,2.61E-10,6.08E-11,9.20E-11,6.77E-10,3.42E-10,1.43E-11,6.78E-11,1.61E-10,4.44E-11,3.24E-10,1.15E-11,9.49E-11,1.35E-10,5.40E-10,5.76E-11,1.20E-10,1.50E-10,3.53E-10,3.28E-11,1.29E-10,3.94E-10,3.50E-11,2.47E-10,6.73E-11,1.48E-10,1.55E-10,2.02E-11,1.02E-10,1.58E-10,2.89E-10,1.13E-10,7.87E-11,6.67E-11,6.87E-10,7.57E-11,2.52E-10
21.75,22.25,A,10,2.25E-08,1.83E-09,6.45E-09,3.44E-09,7.97E-09,2.08E-09,4.97E-09,1.01E-09,1.19E-09,1.28E-09,3.42E-10,9.31E-10,8.47E-10,3.76E-11,3.98E-10,3.38E-10,4.10E-10,3.91E-10,7.67E-10,5.30E-10,5.28E-10,2.40E-10,4.52E-10,3.92E-11,1.74E-10,3.26E-10,3.25E-10,9.90E-10,3.54E-11,4.00E-11,2.25E-08,1.83E-09,6.45E-09,3.44E-09,7.97E-09,2.08E-09,4.97E-09,1.01E-09,1.19E-09,1.28E-09,3.42E-10,9.31E-10,8.47E-10,3.76E-11,3.98E-10,3.38E-10,4.10E-10,3.91E-10,7.67E-10,5.30E-10,5.28E-10,2.40E-10,4.52E-10,3.92E-11,1.74E-10,3.26E-10,3.25E-10,9.90E-10,3.54E-11,4.00E-11,2.22E-10,1.92E-10,6.16E-11,2.06E-10,2.87E-10,4.39E-11,3.63E-10,2.25E-10,2.41E-10,4.22E-10,6.25E-10,3.00E-11,8.29E-11,1.58E-10,2.23E-10,1.80E-10,2.70E-10,4.79E-11,3.79E-10,9.09E-11,1.81E-10,5.78E-11,1.06E-10,7.12E-12,1.25E-11,2.67E-10,1.52E-10,3.40E-10,1.31E-10,1.59E-10,1.58E-10,3.43E-10,2.57E-10,2.53E-10,8.04E-11,1.71E-10,6.12E-11,7.64E-11,3.34E-10,2.76E-11,1.27E-10,2.62E-10,8.58E-11,4.15E-10,2.41E-10,2.37E-10,4.29E-10,5.39E-11,8.21E-10,2.41E-10,2.45E-11,3.61E-11,5.32E-11,1.88E-10,1.74E-10,3.81E-10,1.93E-10,2.12E-10,3.24E-10,3.37E-10,3.78E-11,1.15E-11,1.55E-11,9.78E-11,1.99E-10,3.00E-10,3.67E-10,2.78E-10,8.58E-11,9.36E-11,3.27E-11,2.71E-10,4.84E-10,5.70E-11,1.17E-10,7.03E-10,2.91E-10,2.65E-10,3.31E-11,2.33E-11,1.47E-10,7.01E-10,6.79E-11,3.90E-10,9.87E-11,1.11E-09,3.50E-11,7.94E-11,3.82E-11,4.44E-11,8.70E-11,3.13E-10,6.22E-11,2.76E-11,5.14E-11,2.35E-10,3.05E-11,1.11E-10,3.27E-11,5.13E-10,5.37E-10,3.81E-10,5.38E-11,3.51E-10,1.86E-10,9.63E-11,2.09E-10,7.53E-11,1.71E-10,3.73E-10,1.52E-10,1.26E-10,4.70E-10,1.74E-10,5.57E-11,1.20E-10,2.68E-10,3.53E-11,1.75E-10,1.80E-10,1.81E-11,3.33E-10,2.09E-10,3.14E-10,4.24E-11,1.03E-10,3.06E-10,1.81E-10,1.28E-10,1.71E-10
22,22.5,A,10,3.51E-08,7.98E-09,4.90E-09,1.41E-09,3.32E-09,7.00E-10,1.51E-09,2.89E-10,1.56E-09,8.18E-10,8.57E-10,1.12E-09,4.93E-10,4.14E-10,1.42E-10,1.44E-09,7.34E-10,1.21E-10,1.24E-10,9.37E-11,7.31E-11,1.78E-10,9.61E-11,9.22E-11,1.10E-09,5.95E-11,3.25E-10,8.01E-10,8.04E-10,5.20E-10,3.51E-08,7.98E-09,4.90E-09,1.41E-09,3.32E-09,7.00E-10,1.51E-09,2.89E-10,1.56E-09,8.18E-10,8.57E-10,1.12E-09,4.93E-10,4.14E-10,1.42E-10,1.44E-09,7.34E-10,1.21E-10,1.24E-10,9.37E-11,7.31E-11,1.78E-10,9.61E-11,9.22E-11,1.10E-09,5.95E-11,3.25E-10,8.01E-10,8.04E-10,5.20E-10,4.68E-11,5.10E-11,7.94E-11,2.48E-10,6.35E-10,1.00E-10,5.17E-11,4.71E-11,2.65E-10,4.83E-11,1.40E-10,1.97E-10,7.99E-10,2.49E-10,1.01E-10,3.73E-11,1.95E-10,2.13E-10,5.48E-10,1.84E-10,3.60E-10,3.62E-10,1.25E-10,4.09E-11,3.96E-10,1.19E-11,8.77E-11,2.66E-10,1.44E-10,6.59E-11,5.31E-10,1.69E-10,1.01E-10,2.49E-10,1.94E-10,4.05E-10,1.54E-10,2.20E-10,5.01E-10,4.21E-11,5.04E-10,1.20E-10,2.29E-10,2.40E-10,1.63E-10,1.32E-10,5.02E-10,4.24E-11,2.21E-10,3.77E-11,4.60E-10,1.06E-10,1.27E-10,4.29E-10,9.15E-10,2.96E-10,1.68E-10,3.67E-10,1.72E-10,1.93E-10,2.55E-10,4.19E-10,1.13E-10,1.43E-10,3.99E-10,1.71E-10,2.17E-10,2.35E-10,1.30E-10,1.74E-11,4.71E-10,8.91E-10,2.15E-10,9.69E-11,1.59E-10,8.11E-11,5.13E-11,4.01E-10,3.36E-10,3.58E-10,1.59E-10,9.41E-11,1.24E-10,3.79E-10,4.81E-10,2.66E-10,9.30E-11,3.22E-10,3.80E-10,1.72E-10,2.02E-10,5.07E-10,9.33E-11,1.21E-10,2.41E-10,1.42E-10,1.09E-10,5.40E-11,2.45E-10,1.46E-10,5.22E-10,7.74E-11,7.12E-11,6.60E-11,1.55E-10,4.76E-11,1.76E-10,1.03E-10,7.07E-11,1.91E-10,1.59E-10,1.96E-12,1.83E-10,2.12E-11,1.32E-10,1.24E-10,1.08E-11,1.43E-10,1.15E-10,4.45E-11,5.29E-12,2.67E-10,1.09E-10,7.55E-11,1.51E-10,5.29E-12,1.51E-10,2.00E-10,7.74E-11,2.06E-11
22.25,22.75,A,10,5.01E-08,6.20E-09,3.28E-09,8.39E-10,2.56E-09,2.08E-09,2.61E-09,1.12E-09,4.86E-09,2.88E-10,5.96E-10,1.38E-09,4.50E-10,1.29E-10,1.54E-10,1.89E-10,6.35E-10,3.71E-10,1.23E-09,7.25E-10,1.41E-10,1.04E-09,1.29E-10,3.12E-10,1.39E-09,2.18E-10,7.13E-10,1.46E-10,6.26E-11,1.18E-09,5.01E-08,6.20E-09,3.28E-09,8.39E-10,2.56E-09,2.08E-09,2.61E-09,1.12E-09,4.86E-09,2.88E-10,5.96E-10,1.38E-09,4.50E-10,1.29E-10,1.54E-10,1.89E-10,6.35E-10,3.71E-10,1.23E-09,7.25E-10,1.41E-10,1.04E-09,1.29E-10,3.12E-10,1.39E-09,2.18E-10,7.13E-10,1.46E-10,6.26E-11,1.18E-09,2.02E-10,1.44E-10,2.01E-10,6.66E-10,2.53E-10,3.87E-10,2.74E-10,6.17E-11,1.07E-10,7.42E-10,1.22E-10,4.19E-10,2.68E-10,1.51E-09,1.04E-10,1.25E-10,2.47E-10,2.09E-10,3.47E-10,1.79E-11,2.93E-10,2.55E-11,6.02E-11,1.25E-10,1.77E-10,5.88E-11,2.30E-10,2.53E-10,1.61E-10,7.10E-10,8.07E-10,3.01E-10,3.81E-10,1.08E-10,2.30E-10,1.37E-10,3.12E-10,4.20E-10,2.64E-10,3.16E-11,3.16E-10,2.23E-10,5.16E-11,3.93E-11,5.16E-10,4.42E-10,1.01E-09,3.22E-11,1.54E-09,2.92E-10,1.89E-10,5.71E-10,1.08E-11,1.77E-10,1.02E-10,2.86E-10,1.64E-10,3.31E-10,9.62E-11,5.42E-10,3.70E-11,6.30E-11,2.08E-10,1.67E-10,1.60E-10,1.20E-11,2.64E-10,7.37E-10,8.07E-11,1.29E-10,5.35E-10,3.12E-10,1.15E-10,2.04E-10,5.94E-10,3.26E-10,1.42E-10,2.95E-11,1.10E-10,2.61E-10,5.77E-11,2.18E-10,5.53E-11,2.19E-11,4.77E-10,8.15E-11,7.57E-11,3.14E-10,1.74E-10,9.50E-11,2.87E-10,2.67E-10,2.05E-10,1.92E-10,8.26E-11,3.92E-11,1.40E-10,1.00E-10,1.05E-10,5.20E-11,6.13E-11,5.40E-10,1.81E-10,4.56E-11,1.25E-10,7.05E-11,6.10E-10,1.98E-10,2.14E-10,1.60E-10,3.64E-11,2.14E-10,1.36E-10,1.57E-10,3.96E-10,4.79E-11,3.44E-10,9.72E-10,5.01E-11,3.05E-10,1.17E-10,2.06E-11,2.62E-10,1.62E-11,2.39E-10,1.60E-11,2.22E-10,3.13E-10,8.06E-11,2.92E-11
22.5,23,A,10,2.41E-08,2.03E-08,1.16E-09,3.78E-09,5.81E-09,2.50E-09,5.49E-10,1.12E-09,1.21E-09,1.13E-09,1.12E-09,1.60E-09,2.70E-10,5.96E-11,8.12E-11,1.24E-10,8.71E-11,1.24E-09,2.86E-10,3.27E-10,2.92E-10,1.26E-10,2.26E-10,2.95E-10,1.83E-09,2.13E-10,2.34E-09,4.46E-10,1.36E-10,2.61E-10,2.41E-08,2.03E-08,1.16E-09,3.78E-09,5.81E-09,2.50E-09,5.49E-10,1.12E-09,1.21E-09,1.13E-09,1.12E-09,1.60E-09,2.70E-10,5.96E-11,8.12E-11,1.24E-10,8.71E-11,1.24E-09,2.86E-10,3.27E-10,2.92E-10,1.26E-10,2.26E-10,2.95E-10,1.83E-09,2.13E-10,2.34E-09,4.46E-10,1.36E-10,2.61E-10,1.63E-10,1.04E-09,1.49E-10,7.75E-10,2.38E-10,1.94E-10,2.60E-10,2.88E-10,2.87E-10,1.04E-10,2.85E-10,2.61E-10,4.33E-10,1.49E-10,7.66E-11,1.54E-11,8.43E-11,3.90E-11,4.54E-11,2.62E-10,7.36E-11,1.26E-10,4.89E-11,3.46E-10,2.15E-10,1.55E-11,2.12E-10,2.49E-10,6.98E-11,7.54E-10,3.49E-10,9.97E-10,3.64E-10,3.07E-10,8.07E-11,2.56E-10,3.73E-10,1.67E-10,1.67E-10,2.34E-10,2.02E-10,3.78E-10,1.08E-10,4.13E-10,1.10E-10,4.54E-11,2.47E-10,2.71E-10,3.34E-10,3.29E-10,3.06E-10,4.11E-10,9.04E-10,1.19E-10,1.74E-10,8.35E-11,2.95E-10,9.06E-11,1.51E-10,2.37E-11,1.20E-09,1.07E-10,1.09E-10,6.26E-10,6.30E-11,9.84E-11,1.49E-10,3.71E-11,1.36E-10,9.73E-11,8.64E-12,1.02E-10,6.04E-10,4.17E-10,1.01E-09,3.19E-10,2.26E-10,1.11E-10,1.15E-10,1.85E-10,1.06E-10,2.76E-10,1.68E-10,5.07E-10,1.20E-10,2.87E-11,1.28E-10,5.53E-10,2.59E-11,2.24E-10,6.63E-11,1.36E-10,2.75E-10,4.86E-11,2.27E-10,3.82E-10,4.35E-10,1.78E-10,5.62E-11,1.34E-10,1.44E-10,2.91E-10,3.61E-10,7.30E-11,3.38E-10,1.63E-10,2.07E-10,2.08E-10,2.71E-10,7.23E-11,2.48E-10,4.42E-10,9.99E-12,4.82E-10,3.85E-10,7.61E-10,8.25E-11,5.62E-10,2.29E-10,1.82E-10,5.45E-11,1.46E-10,2.95E-10,2.93E-12,1.14E-10,1.26E-10,1.22E-10,2.96E-10,1.24E-10,2.38E-10
22.75,23.25,A,10,3.62E-09,6.76E-09,2.29E-09,3.88E-09,2.05E-09,3.89E-09,8.60E-10,4.57E-10,2.49E-09,1.93E-09,3.09E-10,2.52E-09,3.04E-10,3.07E-10,4.67E-11,1.34E-09,6.93E-10,7.08E-10,3.56E-10,1.20E-10,1.13E-09,1.10E-10,6.49E-11,1.19E-10,5.36E-10,3.97E-10,1.80E-10,2.13E-10,1.81E-10,2.37E-10,3.62E-09,6.76E-09,2.29E-09,3.88E-09,2.05E-09,3.89E-09,8.60E-10,4.57E-10,2.49E-09,1.93E-09,3.09E-10,2.52E-09,3.04E-10,3.07E-10,4.67E-11,1.34E-09,6.93E-10,7.08E-10,3.56E-10,1.20E-10,1.13E-09,1.10E-10,6.49E-11,1.19E-10,5.36E-10,3.97E-10,1.80E-10,2.13E-10,1.81E-10,2.37E-10,3.02E-10,4.81E-11,3.41E-10,1.45E-10,7.52E-10,1.66E-10,1.47E-10,5.65E-10,1.20E-09,4.05E-10,3.32E-11,6.76E-11,1.62E-10,5.33E-10,5.55E-10,7.66E-11,1.74E-10,3.09E-10,1.82E-10,1.30E-10,1.23E-10,2.11E-11,1.58E-10,4.15E-11,1.07E-10,2.58E-10,1.59E-10,3.94E-10,4.82E-10,2.99E-10,1.67E-10,2.87E-10,2.29E-10,1.87E-10,3.00E-10,3.96E-10,5.88E-10,1.08E-10,4.88E-10,1.35E-10,8.81E-11,2.36E-10,1.42E-10,1.62E-10,6.99E-11,9.78E-10,5.36E-10,2.69E-10,1.10E-10,1.60E-10,6.03E-11,6.78E-10,1.69E-10,3.77E-10,1.82E-10,1.56E-09,4.45E-11,2.13E-10,1.10E-10,6.15E-10,6.01E-11,3.27E-10,6.33E-11,1.65E-10,2.76E-10,7.91E-10,2.44E-10,4.00E-10,2.59E-11,1.11E-10,1.72E-10,7.36E-11,2.76E-10,1.09E-10,1.08E-10,3.63E-10,5.79E-10,6.19E-10,3.78E-10,4.89E-10,7.04E-11,9.56E-10,7.47E-10,2.55E-10,2.81E-10,4.18E-10,3.06E-10,2.20E-11,1.87E-10,7.64E-11,2.93E-10,2.56E-10,1.14E-10,1.34E-10,2.05E-11,3.31E-10,4.11E-10,2.42E-10,1.60E-10,3.14E-10,8.58E-11,7.55E-11,4.72E-10,6.76E-10,2.00E-10,6.29E-11,1.56E-11,4.99E-10,4.47E-10,4.43E-10,2.25E-10,2.52E-10,2.26E-10,5.18E-10,1.06E-09,3.32E-10,1.38E-10,2.89E-10,4.27E-10,7.44E-10,2.51E-10,2.65E-10,7.41E-10,2.74E-10,3.48E-10,2.72E-10,2.65E-10,1.97E-11,2.61E-10,4.85E-11
23,23.5,A,10,4.51E-08,1.88E-08,5.13E-09,2.96E-09,7.67E-10,6.92E-10,4.57E-09,1.50E-09,7.88E-10,1.62E-10,4.53E-10,1.74E-09,6.52E-10,8.52E-10,6.58E-11,9.41E-10,5.13E-11,9.74E-10,1.83E-09,4.98E-10,1.89E-10,4.44E-10,5.15E-10,1.20E-09,7.01E-10,4.13E-11,2.16E-10,1.98E-09,3.16E-10,2.95E-10,4.51E-08,1.88E-08,5.13E-09,2.96E-09,7.67E-10,6.92E-10,4.57E-09,1.50E-09,7.88E-10,1.62E-10,4.53E-10,1.74E-09,6.52E-10,8.52E-10,6.58E-11,9.41E-10,5.13E-11,9.74E-10,1.83E-09,4.98E-10,1.89E-10,4.44E-10,5.15E-10,1.20E-09,7.01E-10,4.13E-11,2.16E-10,1.98E-09,3.16E-10,2.95E-10,3.98E-10,7.84E-11,8.76E-10,1.83E-10,5.87E-10,1.55E-10,4.76E-10,3.84E-10,3.23E-10,3.18E-10,8.77E-10,1.24E-10,6.14E-11,4.87E-10,1.09E-10,5.58E-11,4.68E-10,3.50E-10,4.14E-10,1.89E-10,3.24E-10,9.43E-10,5.98E-10,3.86E-10,1.80E-11,1.42E-11,2.92E-10,8.14E-11,2.49E-11,1.88E-10,3.43E-10,8.44E-11,1.61E-10,1.91E-11,4.01E-11,4.35E-10,1.69E-10,2.03E-10,2.75E-10,2.53E-10,1.76E-10,5.75E-11,1.86E-10,2.82E-10,1.67E-10,2.52E-10,2.29E-10,7.14E-11,5.97E-11,4.37E-11,3.39E-10,2.71E-10,3.45E-10,2.15E-10,3.56E-10,7.28E-11,1.87E-10,1.81E-10,8.48E-11,2.14E-10,1.50E-10,1.58E-10,1.38E-10,4.66E-11,1.40E-10,1.42E-10,6.09E-11,2.37E-10,7.64E-11,7.29E-10,4.46E-10,8.35E-11,1.13E-10,4.79E-10,7.86E-10,4.91E-10,6.62E-11,2.07E-10,1.88E-11,7.77E-11,4.99E-10,2.84E-10,1.31E-10,2.65E-10,8.94E-11,6.32E-11,3.96E-10,6.16E-12,3.02E-11,3.53E-10,9.47E-11,3.57E-10,1.26E-10,4.33E-10,1.89E-10,5.55E-11,5.03E-11,2.92E-10,1.96E-10,3.27E-10,2.98E-10,6.91E-10,2.55E-10,6.61E-10,3.57E-10,6.84E-10,2.60E-10,1.28E-10,4.77E-10,1.17E-10,6.51E-10,3.02E-10,2.80E-10,2.41E-10,1.22E-10,3.46E-10,2.89E-10,2.27E-10,1.67E-10,3.57E-10,2.31E-10,3.18E-10,2.33E-10,1.10E-10,1.85E-10,1.60E-10,3.10E-10,4.04E-10,6.83E-11,1.71E-10
23.25,23.75,A,10,4.34E-09,6.22E-09,1.20E-09,7.51E-10,3.30E-10,1.64E-10,1.41E-09,1.46E-09,2.28E-10,2.92E-10,8.48E-11,9.79E-11,6.40E-11,9.44E-11,3.88E-10,2.12E-10,4.88E-10,1.89E-09,1.86E-10,5.92E-10,1.50E-10,1.46E-10,1.66E-10,1.77E-10,2.61E-10,3.68E-11,3.84E-11,2.23E-10,3.14E-11,4.22E-11,4.34E-09,6.22E-09,1.20E-09,7.51E-10,3.30E-10,1.64E-10,1.41E-09,1.46E-09,2.28E-10,2.92E-10,8.48E-11,9.79E-11,6.40E-11,9.44E-11,3.88E-10,2.12E-10,4.88E-10,1.89E-09,1.86E-10,5.92E-10,1.50E-10,1.46E-10,1.66E-10,1.77E-10,2.61E-10,3.68E-11,3.84E-11,2.23E-10,3.14E-11,4.22E-11,1.65E-10,2.44E-10,7.83E-11,1.23E-10,1.40E-11,2.17E-11,7.90E-11,9.44E-11,8.32E-11,7.75E-11,1.18E-11,5.85E-11,1.55E-10,1.48E-10,1.18E-10,1.66E-10,2.87E-10,3.29E-10,1.34E-10,2.60E-11,1.89E-11,8.76E-11,7.47E-11,3.75E-10,1.93E-10,5.67E-12,1.23E-10,2.84E-10,3.21E-10,5.34E-10,4.99E-11,2.86E-10,1.66E-10,3.25E-11,7.20E-11,9.19E-11,4.51E-11,9.28E-11,2.88E-11,3.24E-10,1.21E-10,1.50E-10,4.76E-11,2.24E-10,7.61E-11,1.08E-11,5.05E-11,1.34E-10,3.42E-11,1.68E-10,1.15E-10,2.16E-10,2.19E-10,1.08E-10,2.52E-10,6.21E-11,8.20E-11,3.15E-10,2.11E-11,9.29E-11,2.59E-10,3.40E-11,1.36E-10,9.90E-11,3.99E-11,3.52E-11,7.04E-11,9.93E-11,2.09E-10,1.29E-10,3.77E-10,1.47E-10,9.12E-11,2.48E-10,7.20E-11,1.99E-11,3.28E-11,4.96E-11,2.23E-10,1.44E-10,1.16E-10,9.39E-11,8.74E-11,1.02E-10,8.90E-11,6.95E-10,8.48E-10,8.86E-11,2.82E-11,2.55E-10,2.08E-10,3.25E-11,2.28E-10,3.28E-11,2.78E-10,6.16E-11,2.49E-10,2.59E-10,3.36E-10,1.55E-10,4.18E-12,1.23E-10,7.80E-11,1.26E-10,1.74E-10,1.06E-10,4.35E-11,3.85E-11,3.36E-11,4.26E-11,4.60E-10,8.19E-11,3.18E-10,7.52E-11,3.08E-10,4.53E-11,3.64E-10,3.92E-11,1.52E-10,1.23E-10,1.56E-10,1.99E-10,8.72E-10,3.53E-10,3.07E-10,5.57E-11,1.80E-10,2.42E-10,1.81E-10,5.94E-10
23.5,24,A,10,2.00E-08,6.52E-10,7.03E-09,2.17E-09,1.19E-09,4.22E-10,1.06E-09,6.18E-10,8.62E-10,3.52E-10,5.06E-10,3.96E-10,2.71E-10,2.30E-10,6.00E-10,2.07E-10,7.04E-10,2.53E-10,6.18E-10,1.34E-10,3.20E-10,5.03E-10,8.54E-11,2.62E-11,2.69E-10,3.16E-10,1.11E-10,8.02E-10,1.66E-10,1.14E-10,2.00E-08,6.52E-10,7.03E-09,2.17E-09,1.19E-09,4.22E-10,1.06E-09,6.18E-10,8.62E-10,3.52E-10,5.06E-10,3.96E-10,2.71E-10,2.30E-10,6.00E-10,2.07E-10,7.04E-10,2.53E-10,6.18E-10,1.34E-10,3.20E-10,5.03E-10,8.54E-11,2.62E-11,2.69E-10,3.16E-10,1.11E-10,8.02E-10,1.66E-10,1.14E-10,6.15E-10,3.45E-10,1.96E-10,4.57E-10,4.02E-10,3.89E-10,3.38E-10,6.69E-10,1.85E-11,3.08E-10,9.54E-11,1.59E-10,5.40E-10,1.37E-10,2.80E-11,6.41E-10,6.28E-10,6.78E-10,4.05E-11,1.88E-10,8.63E-11,9.68E-11,3.36E-10,1.62E-10,9.14E-11,1.68E-10,4.00E-11,1.28E-09,1.20E-10,2.02E-10,6.85E-10,4.00E-10,6.41E-11,2.89E-10,3.40E-10,3.61E-10,2.90E-10,1.08E-10,3.68E-11,1.21E-10,3.88E-10,6.31E-11,3.01E-10,2.94E-10,1.09E-10,5.47E-11,6.25E-10,2.15E-10,5.48E-10,2.06E-10,3.39E-10,9.60E-11,3.31E-10,2.24E-10,7.60E-11,1.10E-10,3.81E-10,7.44E-11,2.25E-10,1.20E-10,7.56E-11,3.96E-11,1.86E-10,5.26E-11,1.24E-10,4.64E-11,1.92E-10,7.41E-11,1.08E-10,2.59E-10,2.48E-10,2.89E-10,5.63E-11,9.54E-11,4.18E-11,6.47E-10,2.46E-10,9.51E-11,1.46E-10,3.26E-10,5.92E-10,6.30E-10,6.80E-11,3.05E-10,1.31E-10,4.42E-10,2.38E-10,6.67E-11,3.80E-10,5.64E-11,4.88E-10,2.92E-11,3.99E-10,1.45E-11,5.71E-10,3.68E-11,4.50E-11,8.42E-11,1.07E-10,2.07E-10,4.87E-11,4.58E-10,3.82E-11,4.62E-10,3.30E-10,1.63E-10,3.88E-10,5.29E-10,1.04E-10,4.24E-11,7.04E-10,2.18E-10,4.55E-10,1.81E-10,2.40E-10,4.19E-10,1.79E-10,1.80E-10,5.81E-11,1.45E-10,3.77E-10,1.17E-11,5.69E-11,4.20E-10,5.12E-11,2.66E-10,7.12E-10,2.96E-10,2.75E-10,3.00E-10
23.75,24.25,A,10,7.58E-09,3.40E-08,1.55E-08,6.07E-10,2.48E-10,4.38E-10,1.03E-09,5.48E-10,1.77E-10,5.23E-10,4.13E-10,9.71E-10,9.52E-10,9.53E-10,4.47E-10,7.49E-11,5.82E-10,6.77E-11,2.41E-10,2.44E-10,1.31E-10,4.55E-10,2.18E-10,5.93E-11,2.24E-10,3.42E-10,1.55E-10,4.13E-11,1.41E-10,1.96E-10,7.58E-09,3.40E-08,1.55E-08,6.07E-10,2.48E-10,4.38E-10,1.03E-09,5.48E-10,1.77E-10,5.23E-10,4.13E-10,9.71E-10,9.52E-10,9.53E-10,4.47E-10,7.49E-11,5.82E-10,6.77E-11,2.41E-10,2.44E-10,1.31E-10,4.55E-10,2.18E-10,5.93E-11,2.24E-10,3.42E-10,1.55E-10,4.13E-11,1.41E-10,1.96E-10,3.70E-10,5.02E-10,7.90E-11,1.86E-10,1.67E-10,2.09E-10,8.75E-10,5.08E-10,1.25E-10,6.12E-10,2.53E-10,5.75E-11,4.84E-10,6.29E-10,1.74E-10,2.94E-10,1.55E-10,3.06E-10,2.17E-10,9.89E-11,2.03E-10,2.28E-10,1.80E-10,1.68E-10,4.00E-11,2.37E-10,7.14E-11,3.16E-10,7.49E-11,1.03E-10,7.64E-11,2.09E-11,2.98E-10,2.68E-10,1.06E-10,7.67E-10,7.40E-11,2.11E-10,8.47E-11,5.11E-11,7.67E-11,7.29E-11,9.04E-11,8.95E-11,2.84E-10,7.28E-11,1.15E-10,3.12E-11,1.55E-10,1.17E-10,1.90E-10,1.62E-10,3.18E-10,2.80E-10,2.51E-10,3.54E-10,2.56E-10,4.91E-10,2.11E-10,2.63E-10,1.29E-10,6.18E-10,1.50E-10,1.45E-10,8.57E-11,6.45E-11,1.99E-10,2.44E-10,1.07E-10,2.06E-10,1.89E-10,1.96E-10,5.58E-11,1.10E-10,4.74E-11,4.95E-11,3.00E-11,6.26E-10,1.62E-10,2.51E-10,3.00E-10,1.68E-10,3.49E-11,5.01E-11,8.35E-11,1.07E-11,2.59E-11,1.95E-11,6.59E-11,7.10E-11,6.37E-11,1.45E-10,9.16E-11,1.41E-10,1.83E-10,2.29E-10,3.58E-10,2.76E-10,4.36E-11,3.88E-11,5.97E-11,1.26E-10,1.12E-10,1.60E-10,2.73E-10,1.98E-10,4.03E-10,4.23E-10,1.53E-10,2.59E-10,3.12E-11,8.66E-11,1.02E-10,4.45E-10,3.95E-10,8.67E-11,2.04E-10,2.83E-10,5.68E-11,6.02E-11,4.73E-10,1.28E-11,1.08E-10,3.40E-11,5.12E-11,1.67E-10,9.61E-11,1.34E-10,8.58E-11,2.98E-10
24,24.5,A,10,3.53E-08,3.49E-08,3.06E-09,2.48E-09,5.08E-10,3.80E-09,4.90E-10,3.43E-09,7.18E-10,2.18E-09,2.05E-09,1.48E-09,6.19E-10,5.79E-10,1.72E-09,9.89E-11,1.01E-10,3.03E-10,6.14E-10,1.91E-10,1.69E-10,3.45E-10,1.44E-10,6.85E-10,7.16E-10,2.62E-10,1.07E-10,1.56E-10,8.83E-10,5.13E-10,3.53E-08,3.49E-08,3.06E-09,2.48E-09,5.08E-10,3.80E-09,4.90E-10,3.43E-09,7.18E-10,2.18E-09,2.05E-09,1.48E-09,6.19E-10,5.79E-10,1.72E-09,9.89E-11,1.01E-10,3.03E-10,6.14E-10,1.91E-10,1.69E-10,3.45E-10,1.44E-10,6.85E-10,7.16E-10,2.62E-10,1.07E-10,1.56E-10,8.83E-10,5.13E-10,3.34E-10,2.04E-10,3.21E-10,4.90E-10,3.98E-10,1.14E-10,1.47E-11,1.06E-11,3.70E-10,1.08E-09,1.20E-10,1.61E-10,2.53E-10,7.77E-10,2.30E-11,1.06E-10,4.46E-11,1.39E-10,3.73E-10,6.31E-11,1.27E-11,7.32E-10,4.70E-10,6.25E-11,9.85E-10,6.08E-11,6.75E-12,9.58E-11,3.02E-10,4.40E-10,1.55E-10,1.10E-10,9.05E-11,3.20E-11,1.71E-10,7.72E-11,2.79E-10,6.85E-10,6.70E-12,1.43E-10,2.04E-11,8.57E-11,2.62E-11,5.90E-11,1.31E-10,1.56E-10,1.20E-10,8.99E-12,1.41E-10,1.21E-10,8.43E-11,7.82E-11,2.70E-10,2.00E-10,2.75E-10,4.50E-10,3.18E-10,2.69E-10,4.59E-11,6.98E-11,4.97E-10,7.95E-11,1.16E-11,2.21E-10,5.71E-11,1.49E-10,2.41E-10,6.38E-10,1.85E-10,4.37E-10,1.96E-10,2.40E-10,4.02E-10,1.47E-10,1.69E-10,9.91E-12,1.49E-10,1.57E-10,2.95E-10,8.89E-11,8.87E-11,2.26E-10,6.96E-10,3.05E-10,5.20E-11,5.67E-10,4.87E-11,3.19E-10,7.57E-11,1.13E-09,5.22E-11,1.35E-09,2.78E-10,1.57E-10,1.87E-10,3.06E-10,3.41E-10,3.38E-10,1.88E-10,1.99E-10,9.60E-11,2.77E-10,1.62E-10,4.05E-10,2.33E-10,2.47E-10,6.97E-11,7.11E-10,2.03E-10,3.42E-10,7.69E-10,2.61E-10,3.01E-10,4.59E-10,2.30E-10,1.22E-10,6.01E-10,4.30E-11,2.67E-10,2.38E-10,2.07E-10,2.37E-10,4.58E-10,4.91E-10,9.85E-12,9.70E-10,2.42E-10,4.01E-10,5.23E-10,1.05E-10
24.25,24.75,A,10,9.25E-09,2.94E-08,3.85E-09,3.88E-09,6.13E-10,6.52E-10,4.49E-10,4.56E-09,3.01E-10,7.47E-10,1.61E-10,6.83E-10,4.27E-10,9.62E-11,6.70E-10,8.09E-10,1.39E-09,1.01E-09,2.98E-10,1.38E-09,6.60E-10,1.34E-10,4.12E-10,5.58E-10,4.72E-10,1.45E-09,4.49E-10,1.07E-10,2.02E-10,5.37E-10,9.25E-09,2.94E-08,3.85E-09,3.88E-09,6.13E-10,6.52E-10,4.49E-10,4.56E-09,3.01E-10,7.47E-10,1.61E-10,6.83E-10,4.27E-10,9.62E-11,6.70E-10,8.09E-10,1.39E-09,1.01E-09,2.98E-10,1.38E-09,6.60E-10,1.34E-10,4.12E-10,5.58E-10,4.72E-10,1.45E-09,4.49E-10,1.07E-10,2.02E-10,5.37E-10,5.22E-10,8.66E-10,3.27E-10,8.53E-10,1.08E-10,2.42E-10,1.01E-10,7.83E-10,4.17E-10,1.32E-10,6.88E-10,3.32E-10,5.20E-11,4.26E-10,6.52E-11,1.06E-10,1.34E-09,1.66E-10,5.35E-10,3.85E-10,8.00E-11,5.48E-10,6.76E-11,9.34E-11,6.32E-10,8.49E-10,2.01E-10,2.95E-11,1.83E-11,3.44E-10,4.80E-11,9.31E-11,3.45E-10,2.70E-10,1.68E-10,1.72E-10,2.47E-10,8.73E-10,7.81E-10,3.57E-11,1.74E-10,2.23E-10,1.99E-10,1.00E-10,4.83E-11,4.34E-10,7.27E-10,7.95E-11,1.60E-09,4.27E-10,5.15E-12,1.90E-10,7.86E-10,8.64E-10,1.71E-10,8.01E-11,3.64E-10,3.83E-10,3.02E-10,2.77E-10,1.67E-11,1.13E-10,7.28E-11,3.30E-10,5.94E-10,3.49E-11,1.59E-10,1.54E-10,1.59E-10,4.32E-10,6.21E-10,5.82E-10,2.76E-10,6.60E-10,1.69E-10,4.54E-10,1.91E-10,5.50E-10,1.05E-10,1.69E-10,1.48E-12,5.26E-10,1.20E-09,1.12E-09,8.09E-10,3.08E-10,5.73E-11,9.70E-10,7.42E-10,1.51E-10,1.57E-10,8.17E-11,9.67E-10,1.39E-10,5.20E-10,2.72E-10,5.41E-10,4.71E-10,1.95E-11,1.30E-10,1.39E-10,4.88E-11,1.18E-10,4.97E-10,4.24E-10,1.02E-09,1.79E-10,5.02E-10,3.41E-11,1.44E-10,1.84E-09,2.47E-10,2.11E-10,2.46E-10,9.87E-11,7.50E-10,2.67E-10,3.04E-10,1.16E-10,1.64E-10,6.55E-10,1.49E-09,2.17E-10,4.16E-10,1.79E-10,8.74E-10,1.00E-10,9.54E-10,1.60E-10,3.39E-10
24.5,25,A,10,1.29E-08,3.49E-09,4.83E-10,1.04E-09,6.77E-10,6.50E-10,1.04E-09,1.55E-09,1.98E-10,4.05E-10,1.11E-10,8.83E-10,1.05E-10,6.55E-11,3.94E-10,1.07E-09,2.62E-10,1.25E-09,2.50E-10,1.53E-10,1.28E-10,2.82E-10,9.43E-11,1.98E-10,3.79E-10,1.24E-10,9.51E-11,9.71E-11,1.08E-10,4.65E-10,1.29E-08,3.49E-09,4.83E-10,1.04E-09,6.77E-10,6.50E-10,1.04E-09,1.55E-09,1.98E-10,4.05E-10,1.11E-10,8.83E-10,1.05E-10,6.55E-11,3.94E-10,1.07E-09,2.62E-10,1.25E-09,2.50E-10,1.53E-10,1.28E-10,2.82E-10,9.43E-11,1.98E-10,3.79E-10,1.24E-10,9.51E-11,9.71E-11,1.08E-10,4.65E-10,2.30E-10,1.02E-10,1.42E-11,1.99E-10,4.78E-10,3.19E-11,3.82E-10,1.38E-11,5.55E-11,8.81E-11,5.40E-11,3.19E-10,4.69E-11,3.08E-10,3.43E-10,3.37E-10,4.02E-10,5.90E-11,3.37E-10,1.42E-10,6.57E-12,1.39E-10,3.22E-10,5.73E-11,4.19E-11,5.13E-11,5.40E-10,1.60E-11,1.92E-11,3.49E-11,1.65E-10,1.52E-11,1.30E-10,6.48E-10,1.23E-10,1.84E-10,3.94E-10,1.70E-10,6.98E-11,3.88E-11,2.91E-10,4.47E-11,6.28E-11,2.61E-10,5.02E-11,2.64E-10,9.44E-11,2.40E-11,7.08E-11,5.09E-12,1.93E-11,4.91E-10,4.67E-11,8.93E-11,1.90E-10,2.49E-11,1.27E-10,2.57E-11,7.72E-11,6.10E-11,1.13E-10,5.68E-11,3.94E-10,6.50E-11,8.97E-11,2.66E-10,2.72E-11,5.30E-11,9.92E-11,1.62E-10,1.09E-10,6.00E-11,1.57E-10,5.44E-12,1.09E-10,9.64E-11,3.13E-10,1.89E-10,2.15E-10,4.90E-10,1.55E-10,1.26E-10,1.97E-10,2.44E-10,1.06E-10,1.34E-10,2.55E-11,1.45E-10,6.73E-11,1.62E-10,3.56E-10,3.04E-11,8.69E-11,1.23E-10,2.55E-11,5.45E-12,2.86E-10,2.00E-10,1.37E-10,2.93E-10,8.73E-11,3.41E-10,8.44E-11,1.87E-10,2.11E-10,2.93E-10,5.16E-11,3.52E-11,2.04E-10,2.10E-10,4.95E-10,1.83E-10,2.69E-10,8.96E-11,1.00E-10,5.20E-11,3.10E-11,6.91E-11,1.68E-10,1.20E-10,2.54E-10,3.68E-10,8.60E-11,2.04E-10,4.85E-11,2.64E-10,7.08E-11,1.40E-11,7.43E-11,9.80E-11
24.75,25.25,A,10,1.56E-08,1.51E-08,1.50E-09,9.26E-10,1.19E-09,4.03E-09,3.41E-09,2.80E-09,1.81E-09,8.36E-10,8.94E-10,8.61E-10,1.06E-09,2.23E-10,1.06E-10,1.79E-10,6.97E-10,2.34E-10,9.35E-10,3.53E-10,7.87E-11,3.12E-10,2.67E-10,5.17E-10,8.08E-10,1.15E-10,9.98E-11,3.46E-11,2.45E-11,8.69E-11,1.56E-08,1.51E-08,1.50E-09,9.26E-10,1.19E-09,4.03E-09,3.41E-09,2.80E-09,1.81E-09,8.36E-10,8.94E-10,8.61E-10,1.06E-09,2.23E-10,1.06E-10,1.79E-10,6.97E-10,2.34E-10,9.35E-10,3.53E-10,7.87E-11,3.12E-10,2.67E-10,5.17E-10,8.08E-10,1.15E-10,9.98E-11,3.46E-11,2.45E-11,8.69E-11,4.06E-10,4.13E-12,4.02E-10,5.82E-11,3.10E-10,1.75E-10,5.10E-11,1.91E-10,2.33E-10,9.59E-11,1.83E-11,2.35E-11,1.67E-10,4.65E-10,8.90E-10,2.54E-11,2.53E-11,6.56E-11,2.88E-10,3.88E-11,5.09E-11,1.31E-10,1.36E-10,3.01E-10,3.82E-12,2.03E-10,3.92E-10,1.77E-10,4.41E-10,1.42E-10,1.31E-10,7.60E-10,3.41E-11,1.47E-10,3.65E-10,1.26E-10,1.49E-10,4.30E-11,1.53E-10,1.38E-10,9.55E-11,2.29E-10,1.09E-09,5.74E-11,3.10E-10,7.64E-11,5.30E-11,2.78E-10,6.79E-11,9.23E-11,5.60E-10,2.37E-10,4.22E-10,2.11E-11,1.27E-10,9.66E-11,5.19E-10,1.14E-10,2.69E-10,2.40E-10,1.82E-10,7.78E-11,7.21E-10,4.72E-10,6.76E-11,4.11E-11,5.01E-11,5.44E-11,2.59E-11,1.39E-10,9.26E-11,1.35E-10,5.98E-11,1.48E-10,3.53E-10,1.61E-10,4.90E-11,3.68E-11,6.92E-11,4.64E-10,1.18E-10,5.90E-11,3.46E-11,3.36E-11,1.14E-10,2.79E-11,3.26E-11,9.33E-11,3.28E-11,9.05E-11,2.05E-10,1.91E-10,9.73E-11,1.64E-11,1.67E-10,1.07E-10,7.10E-11,7.80E-11,1.25E-11,1.71E-10,1.49E-10,1.91E-11,1.71E-10,4.05E-11,4.10E-10,1.65E-10,1.87E-10,4.70E-11,6.80E-11,1.42E-10,8.98E-11,3.16E-10,3.20E-10,9.98E-11,7.52E-11,1.13E-10,2.06E-10,2.50E-11,2.52E-10,4.03E-10,5.06E-10,1.43E-10,1.12E-10,1.89E-10,5.01E-11,7.76E-11,2.73E-10,1.02E-10,3.50E-10,1.58E-10
25,25.5,A,10,3.88E-08,3.64E-08,2.43E-09,3.69E-10,4.61E-10,1.33E-09,2.95E-09,1.85E-10,7.18E-10,1.12E-09,6.71E-10,4.92E-10,1.36E-10,1.53E-09,1.36E-09,3.05E-10,6.89E-10,6.73E-11,2.70E-10,6.90E-10,4.62E-10,4.82E-10,5.64E-10,3.64E-10,1.85E-10,5.53E-10,8.52E-11,3.74E-10,2.72E-10,4.19E-10,3.88E-08,3.64E-08,2.43E-09,3.69E-10,4.61E-10,1.33E-09,2.95E-09,1.85E-10,7.18E-10,1.12E-09,6.71E-10,4.92E-10,1.36E-10,1.53E-09,1.36E-09,3.05E-10,6.89E-10,6.73E-11,2.70E-10,6.90E-10,4.62E-10,4.82E-10,5.64E-10,3.64E-10,1.85E-10,5.53E-10,8.52E-11,3.74E-10,2.72E-10,4.19E-10,4.33E-10,3.33E-10,9.71E-11,6.79E-10,9.42E-11,3.07E-10,1.20E-10,1.87E-10,3.81E-10,8.83E-11,2.69E-10,2.83E-10,3.15E-10,3.33E-10,1.95E-10,3.46E-11,2.55E-11,4.77E-10,2.02E-10,5.45E-10,1.01E-09,2.19E-11,4.24E-10,3.54E-11,1.39E-10,2.31E-10,2.63E-10,3.72E-10,2.58E-10,5.18E-11,4.16E-11,1.76E-10,5.67E-10,2.46E-10,2.08E-11,2.13E-10,1.65E-10,1.19E-10,3.74E-10,5.82E-11,1.37E-09,1.45E-10,1.30E-10,8.38E-11,6.55E-10,2.91E-10,2.16E-10,7.73E-11,6.14E-11,3.63E-10,6.95E-11,3.61E-10,2.00E-10,6.33E-11,1.78E-10,4.98E-11,3.33E-10,1.71E-10,3.89E-10,1.18E-10,4.01E-11,2.68E-10,7.31E-11,7.37E-10,2.02E-10,2.66E-10,2.10E-10,3.11E-10,7.26E-10,1.37E-10,2.74E-11,2.97E-10,9.19E-11,2.83E-10,1.58E-10,4.91E-10,1.94E-11,7.61E-12,8.75E-11,3.13E-11,4.50E-10,6.26E-11,3.12E-11,2.54E-10,1.65E-10,2.17E-10,4.71E-10,1.75E-11,7.22E-11,1.35E-10,9.21E-11,1.49E-10,1.15E-10,2.83E-11,7.34E-10,3.36E-10,1.22E-10,1.86E-10,3.24E-10,5.36E-11,1.50E-10,4.96E-10,2.30E-10,2.03E-10,8.57E-11,2.85E-10,1.81E-10,2.91E-10,4.99E-10,1.29E-10,3.75E-10,6.74E-11,3.97E-11,7.51E-11,2.07E-10,4.70E-10,4.36E-10,1.24E-10,7.94E-10,1.53E-10,4.90E-10,4.53E-10,3.72E-10,1.20E-10,2.62E-10,4.85E-10,2.79E-10,1.31E-10,4.48E-10,1.17E-10
25.25,25.75,A,10,4.45E-09,6.47E-09,1.75E-09,4.32E-10,1.57E-09,7.28E-10,9.76E-10,2.92E-10,2.28E-10,6.35E-10,1.11E-10,8.75E-10,2.26E-10,2.06E-10,1.59E-10,1.55E-10,2.76E-10,8.23E-10,5.53E-10,2.27E-10,3.73E-10,2.45E-10,1.52E-10,8.04E-10,1.08E-10,8.68E-11,1.22E-10,2.69E-10,5.80E-11,3.49E-10,4.45E-09,6.47E-09,1.75E-09,4.32E-10,1.57E-09,7.28E-10,9.76E-10,2.92E-10,2.28E-10,6.35E-10,1.11E-10,8.75E-10,2.26E-10,2.06E-10,1.59E-10,1.55E-10,2.76E-10,8.23E-10,5.53E-10,2.27E-10,3.73E-10,2.45E-10,1.52E-10,8.04E-10,1.08E-10,8.68E-11,1.22E-10,2.69E-10,5.80E-11,3.49E-10,3.15E-10,1.05E-10,2.27E-10,4.66E-10,1.06E-10,1.15E-10,5.82E-11,5.43E-11,2.94E-10,2.02E-10,1.46E-10,2.46E-10,1.33E-10,1.39E-10,6.44E-11,1.60E-10,1.05E-10,3.91E-10,1.45E-10,4.00E-11,3.73E-12,6.86E-11,1.12E-10,1.39E-10,5.08E-11,2.36E-10,1.23E-10,2.52E-10,3.34E-10,1.16E-10,1.50E-10,1.00E-10,3.44E-10,2.46E-10,1.69E-11,4.90E-11,2.86E-11,5.87E-11,1.78E-10,9.27E-11,1.88E-10,1.34E-10,5.45E-11,5.93E-11,3.94E-11,1.50E-10,8.61E-11,1.76E-10,1.20E-10,1.70E-10,4.36E-11,1.54E-10,1.46E-10,1.83E-10,4.87E-11,1.58E-10,7.17E-10,1.15E-10,3.06E-10,5.59E-11,2.21E-10,6.81E-12,5.56E-10,5.20E-10,1.76E-10,2.77E-10,4.44E-10,2.71E-10,2.94E-11,5.51E-10,5.82E-11,1.10E-10,2.00E-11,4.15E-10,2.88E-10,2.86E-11,1.43E-10,3.71E-10,1.88E-11,1.98E-10,1.52E-10,1.20E-10,9.75E-11,1.46E-10,6.62E-10,2.66E-10,4.58E-10,2.32E-10,4.22E-10,1.81E-10,1.49E-10,5.35E-11,3.31E-10,2.36E-11,5.32E-10,2.47E-10,9.46E-11,2.84E-10,2.10E-10,4.95E-11,4.41E-10,1.11E-10,2.83E-11,1.63E-11,3.88E-10,1.04E-10,1.12E-10,6.07E-11,3.23E-10,3.43E-11,1.02E-10,5.03E-11,5.21E-11,7.84E-11,3.91E-11,4.06E-12,1.27E-10,3.21E-11,5.60E-11,2.00E-10,5.92E-10,8.99E-11,8.67E-11,1.27E-10,5.11E-11,9.44E-10,2.60E-10,1.48E-10,5.72E-10,2.91E-10
25.5,26,A,10,1.68E-09,3.87E-08,1.77E-09,1.55E-09,2.36E-09,8.16E-10,2.78E-09,1.07E-09,1.43E-09,2.93E-10,1.70E-10,8.69E-10,4.33E-10,1.05E-10,8.93E-10,1.82E-09,2.63E-10,9.50E-10,1.30E-09,9.87E-10,3.40E-10,4.62E-10,5.36E-10,3.04E-10,2.05E-10,4.34E-10,1.80E-10,4.57E-10,7.77E-10,2.80E-11,1.68E-09,3.87E-08,1.77E-09,1.55E-09,2.36E-09,8.16E-10,2.78E-09,1.07E-09,1.43E-09,2.93E-10,1.70E-10,8.69E-10,4.33E-10,1.05E-10,8.93E-10,1.82E-09,2.63E-10,9.50E-10,1.30E-09,9.87E-10,3.40E-10,4.62E-10,5.36E-10,3.04E-10,2.05E-10,4.34E-10,1.80E-10,4.57E-10,7.77E-10,2.80E-11,1.34E-11,3.29E-10,5.31E-10,6.86E-10,1.06E-09,1.04E-09,1.59E-10,8.19E-11,4.21E-10,8.48E-11,3.16E-10,2.52E-10,5.90E-11,4.01E-11,1.27E-09,2.13E-10,1.15E-09,1.16E-10,7.82E-11,6.46E-10,3.50E-10,3.09E-11,7.66E-11,4.56E-10,3.31E-10,2.97E-10,1.50E-10,1.20E-10,1.06E-09,1.80E-10,4.17E-10,2.00E-10,6.66E-10,1.70E-11,2.30E-10,1.31E-10,3.01E-10,2.74E-10,9.41E-11,1.50E-10,4.62E-10,7.97E-10,3.38E-11,4.43E-11,3.89E-10,7.12E-10,2.14E-10,4.67E-10,9.45E-12,1.52E-10,4.63E-10,7.85E-10,3.75E-10,4.70E-10,5.86E-10,7.58E-11,1.05E-10,6.42E-11,8.29E-10,1.55E-10,4.67E-10,1.23E-10,4.01E-10,1.26E-10,1.12E-10,5.73E-10,7.23E-10,3.46E-10,4.41E-10,6.34E-11,7.51E-11,2.13E-10,1.73E-10,4.50E-10,1.15E-10,1.98E-10,2.79E-10,7.40E-11,2.89E-10,2.13E-10,9.81E-11,2.82E-10,2.79E-10,4.83E-11,1.47E-10,1.50E-10,4.77E-10,4.18E-10,8.85E-10,1.44E-10,1.78E-10,1.47E-10,3.34E-10,3.08E-10,1.03E-09,4.45E-11,1.66E-10,3.19E-10,2.56E-11,9.29E-10,5.57E-11,4.59E-11,1.18E-10,7.78E-11,1.33E-10,1.35E-10,2.53E-11,1.08E-10,1.31E-10,9.94E-10,4.18E-10,3.23E-10,1.29E-10,6.13E-11,1.88E-10,1.11E-10,8.65E-10,1.02E-09,1.92E-10,4.68E-10,3.77E-11,6.20E-11,2.63E-10,2.11E-10,1.85E-11,2.54E-11,4.32E-10,2.38E-10,1.29E-10,1.22E-10
25.75,26.25,A,10,2.31E-10,4.15E-08,8.68E-09,1.32E-09,2.65E-09,1.70E-10,5.82E-10,3.88E-09,3.27E-10,2.54E-09,2.55E-10,1.95E-09,4.63E-10,1.03E-09,3.57E-10,1.29E-09,5.55E-10,2.75E-10,1.58E-09,3.12E-10,1.16E-09,3.83E-11,6.76E-10,1.36E-10,1.10E-10,5.22E-10,1.90E-10,4.20E-10,3.98E-11,2.43E-10,2.31E-10,4.15E-08,8.68E-09,1.32E-09,2.65E-09,1.70E-10,5.82E-10,3.88E-09,3.27E-10,2.54E-09,2.55E-10,1.95E-09,4.63E-10,1.03E-09,3.57E-10,1.29E-09,5.55E-10,2.75E-10,1.58E-09,3.12E-10,1.16E-09,3.83E-11,6.76E-10,1.36E-10,1.10E-10,5.22E-10,1.90E-10,4.20E-10,3.98E-11,2.43E-10,1.69E-10,2.37E-10,2.79E-10,1.03E-10,1.63E-10,1.01E-10,2.98E-10,9.44E-11,4.89E-10,9.12E-11,6.25E-11,1.46E-10,2.83E-10,4.31E-10,4.43E-10,3.72E-11,4.89E-10,6.78E-11,2.54E-10,4.88E-11,2.80E-10,1.30E-10,1.38E-10,3.26E-10,7.66E-10,2.15E-10,1.01E-10,2.53E-10,2.36E-10,3.18E-11,5.63E-10,1.61E-10,4.68E-10,1.90E-10,1.43E-10,5.01E-11,1.16E-10,8.78E-12,3.77E-11,4.55E-11,1.06E-10,3.56E-10,4.84E-10,1.06E-10,2.08E-10,3.76E-10,4.01E-10,7.41E-11,9.94E-11,2.00E-10,7.60E-11,8.77E-12,4.61E-10,8.28E-11,2.64E-10,3.04E-10,1.42E-10,5.32E-10,2.01E-10,1.50E-10,2.79E-10,1.13E-10,3.75E-10,1.34E-11,6.24E-11,8.77E-11,4.18E-11,5.03E-11,2.21E-10,7.67E-11,8.42E-11,2.09E-10,2.83E-10,4.09E-10,1.53E-10,4.16E-10,3.75E-11,1.53E-10,1.02E-10,3.47E-11,8.46E-12,3.15E-11,3.79E-11,2.25E-11,7.49E-11,1.75E-10,5.00E-10,2.49E-10,8.39E-11,2.61E-10,5.25E-11,3.31E-10,4.63E-11,1.82E-10,1.26E-11,4.01E-11,6.35E-11,4.62E-11,9.74E-11,1.65E-10,2.20E-10,1.86E-10,3.29E-10,3.02E-11,8.83E-12,1.04E-10,4.78E-11,5.73E-11,3.87E-10,1.38E-10,1.19E-10,1.38E-10,1.15E-10,4.71E-11,1.18E-10,5.98E-11,8.59E-11,2.53E-11,8.35E-11,1.03E-10,1.22E-10,2.03E-10,4.81E-11,2.31E-10,7.47E-10,3.82E-10,7.49E-10,1.58E-10,2.69E-10,2.35E-10
26,26.5,A,10,1.80E-08,3.23E-08,1.34E-08,3.04E-09,3.24E-09,5.50E-09,1.51E-09,1.45E-09,1.22E-10,2.77E-10,9.11E-10,1.26E-10,2.43E-10,8.74E-10,2.16E-10,1.55E-09,3.88E-10,8.40E-10,4.71E-10,6.02E-10,1.96E-10,5.18E-10,8.97E-10,1.48E-10,1.26E-09,1.39E-09,8.83E-11,8.74E-10,4.70E-10,6.06E-10,1.80E-08,3.23E-08,1.34E-08,3.04E-09,3.24E-09,5.50E-09,1.51E-09,1.45E-09,1.22E-10,2.77E-10,9.11E-10,1.26E-10,2.43E-10,8.74E-10,2.16E-10,1.55E-09,3.88E-10,8.40E-10,4.71E-10,6.02E-10,1.96E-10,5.18E-10,8.97E-10,1.48E-10,1.26E-09,1.39E-09,8.83E-11,8.74E-10,4.70E-10,6.06E-10,2.70E-10,5.55E-10,1.56E-09,2.72E-10,4.08E-11,3.93E-10,1.33E-10,7.96E-11,2.73E-10,1.82E-10,2.05E-10,7.95E-11,1.89E-10,1.02E-10,5.81E-10,1.34E-10,1.30E-10,1.11E-09,3.81E-10,6.06E-11,1.53E-10,2.13E-11,1.55E-10,4.99E-10,1.98E-10,2.42E-10,2.39E-11,2.53E-10,4.89E-11,2.61E-11,5.17E-11,8.00E-11,7.21E-10,2.62E-10,1.07E-10,9.49E-11,4.89E-10,1.06E-10,6.05E-10,7.54E-11,2.74E-10,3.25E-10,2.08E-10,9.88E-11,6.50E-10,2.40E-10,8.47E-11,9.85E-11,2.05E-10,6.18E-11,6.59E-11,5.92E-10,1.12E-10,8.38E-11,2.37E-10,2.78E-10,3.86E-10,1.99E-10,1.85E-10,1.95E-10,1.03E-10,1.01E-11,2.10E-10,9.69E-12,3.29E-10,1.33E-11,3.32E-10,2.87E-10,3.15E-10,1.37E-10,7.62E-11,9.82E-11,1.86E-10,1.31E-10,2.66E-10,2.79E-10,6.76E-10,2.47E-10,1.15E-10,1.33E-10,5.26E-10,3.43E-10,1.51E-10,9.41E-11,5.38E-10,2.58E-10,9.52E-10,1.78E-10,9.87E-11,6.62E-11,1.20E-10,1.01E-10,1.85E-10,1.01E-10,8.13E-11,2.66E-10,4.86E-12,2.39E-10,3.11E-10,4.61E-10,1.43E-10,2.86E-10,3.34E-10,6.47E-10,4.13E-10,6.07E-10,3.68E-10,1.56E-10,1.40E-10,1.34E-10,2.93E-11,1.86E-10,4.50E-10,1.76E-10,9.31E-11,2.61E-10,3.87E-10,2.19E-10,9.50E-11,8.42E-11,3.76E-10,3.23E-10,5.17E-10,2.21E-10,3.02E-10,1.76E-10,6.59E-11,6.10E-10,1.82E-10,7.73E-11
26.25,26.75,A,10,9.68E-09,2.32E-08,7.03E-09,1.63E-08,1.67E-09,6.12E-10,2.58E-09,9.22E-10,6.17E-10,2.22E-09,1.05E-09,2.14E-09,1.21E-09,1.17E-09,3.44E-10,1.34E-10,4.30E-09,1.24E-09,3.19E-10,6.43E-10,1.75E-11,1.10E-09,3.10E-10,2.37E-11,2.79E-10,9.31E-10,5.13E-10,3.43E-10,1.31E-09,1.76E-10,9.68E-09,2.32E-08,7.03E-09,1.63E-08,1.67E-09,6.12E-10,2.58E-09,9.22E-10,6.17E-10,2.22E-09,1.05E-09,2.14E-09,1.21E-09,1.17E-09,3.44E-10,1.34E-10,4.30E-09,1.24E-09,3.19E-10,6.43E-10,1.75E-11,1.10E-09,3.10E-10,2.37E-11,2.79E-10,9.31E-10,5.13E-10,3.43E-10,1.31E-09,1.76E-10,3.47E-10,7.76E-10,4.60E-10,4.02E-10,3.39E-10,2.19E-10,7.13E-11,3.59E-10,6.83E-11,1.59E-10,8.89E-10,1.06E-09,6.81E-10,1.62E-10,6.05E-10,4.96E-10,2.11E-10,1.20E-09,1.21E-10,5.53E-11,2.14E-10,3.52E-11,5.06E-10,6.87E-10,3.33E-10,1.41E-10,1.17E-10,8.44E-10,3.15E-10,5.29E-10,5.58E-11,4.22E-10,8.72E-11,4.34E-10,2.20E-10,8.81E-11,1.26E-10,2.72E-10,2.75E-10,2.47E-10,8.23E-10,1.39E-10,8.96E-10,3.85E-10,2.63E-10,8.80E-10,1.13E-10,5.97E-11,2.35E-10,2.52E-11,8.41E-11,4.20E-10,8.45E-11,2.59E-10,4.26E-10,5.45E-10,4.78E-11,1.16E-10,4.45E-10,2.86E-10,2.22E-10,1.10E-10,6.57E-10,1.81E-10,2.83E-10,1.02E-10,1.73E-10,6.65E-11,3.84E-10,1.25E-10,1.31E-10,3.71E-10,3.11E-10,6.76E-11,9.59E-11,3.10E-10,1.28E-10,7.20E-11,6.39E-10,3.70E-10,8.66E-10,3.76E-10,2.74E-10,2.78E-10,2.55E-10,3.06E-10,6.25E-10,2.85E-10,6.54E-11,3.50E-10,1.52E-10,3.99E-10,6.25E-11,7.78E-10,1.99E-10,1.77E-10,4.20E-11,1.83E-10,2.17E-10,5.36E-11,8.02E-11,6.65E-10,1.54E-09,3.55E-10,2.15E-10,1.50E-10,4.03E-10,3.58E-10,1.34E-10,1.69E-10,1.90E-10,2.63E-10,2.46E-10,1.29E-10,3.99E-10,2.90E-10,7.91E-10,2.67E-10,3.92E-10,2.50E-10,1.50E-10,3.69E-10,1.67E-10,8.39E-11,4.66E-10,2.08E-11,9.66E-11,1.70E-10,1.24E-10,4.53E-11
26.5,27,A,10,1.29E-08,1.82E-08,1.13E-08,5.18E-09,5.80E-09,1.15E-09,7.92E-09,3.18E-09,2.60E-10,6.54E-10,1.77E-09,3.01E-09,7.00E-10,6.33E-11,7.79E-10,1.28E-09,3.40E-10,4.31E-10,2.27E-10,1.87E-10,8.08E-10,2.47E-09,4.09E-10,1.78E-09,4.83E-10,3.71E-10,1.51E-10,5.86E-10,8.29E-11,6.51E-10,1.29E-08,1.82E-08,1.13E-08,5.18E-09,5.80E-09,1.15E-09,7.92E-09,3.18E-09,2.60E-10,6.54E-10,1.77E-09,3.01E-09,7.00E-10,6.33E-11,7.79E-10,1.28E-09,3.40E-10,4.31E-10,2.27E-10,1.87E-10,8.08E-10,2.47E-09,4.09E-10,1.78E-09,4.83E-10,3.71E-10,1.51E-10,5.86E-10,8.29E-11,6.51E-10,2.28E-10,2.65E-10,2.22E-11,8.44E-11,7.25E-10,1.57E-10,7.45E-11,2.88E-10,1.87E-10,1.60E-10,2.77E-10,4.24E-10,1.76E-10,5.42E-10,1.86E-09,4.08E-11,2.10E-10,2.51E-10,8.19E-10,3.69E-10,3.66E-10,8.47E-10,2.76E-11,2.04E-11,3.02E-10,4.93E-10,1.03E-09,4.06E-10,7.02E-10,1.19E-10,1.51E-09,1.08E-10,2.78E-10,8.32E-11,1.23E-10,1.16E-10,1.39E-10,1.43E-10,8.39E-11,8.57E-11,3.58E-10,1.01E-10,2.58E-10,2.41E-10,7.69E-11,3.30E-11,1.79E-10,1.81E-10,1.65E-10,2.19E-10,9.88E-11,3.95E-10,4.18E-11,4.57E-10,4.43E-11,5.37E-10,5.05E-10,1.83E-10,4.38E-10,6.85E-11,2.13E-10,2.45E-10,7.69E-10,1.48E-11,1.66E-10,1.13E-09,7.09E-10,3.80E-10,2.52E-10,1.96E-11,3.54E-11,1.32E-10,5.91E-10,5.78E-11,3.18E-10,4.89E-10,5.94E-10,6.48E-11,5.26E-11,7.01E-11,5.09E-10,2.14E-10,1.33E-10,4.18E-10,6.25E-10,1.58E-10,1.22E-09,1.42E-10,2.10E-10,8.03E-11,2.61E-10,2.47E-10,8.17E-10,2.85E-10,9.27E-11,1.76E-10,2.81E-10,7.00E-11,4.10E-11,1.67E-09,4.89E-10,1.06E-10,1.95E-10,2.55E-10,4.28E-10,8.63E-10,1.77E-10,1.41E-10,3.16E-10,8.09E-11,3.33E-10,2.46E-10,6.27E-11,2.66E-10,3.49E-11,2.44E-10,3.02E-10,2.50E-10,2.54E-10,6.39E-10,8.56E-11,2.98E-10,3.26E-10,5.73E-11,4.68E-11,4.44E-10,1.31E-10,9.34E-10,1.88E-10,4.42E-10
26.75,27.25,A,10,1.07E-08,9.90E-09,9.44E-10,1.34E-09,1.35E-09,8.12E-10,1.65E-09,3.46E-09,1.69E-09,9.52E-11,5.04E-10,1.71E-09,7.85E-10,2.08E-09,1.11E-09,1.02E-09,1.38E-09,9.27E-10,1.12E-10,5.82E-10,2.70E-10,2.88E-10,6.66E-10,1.92E-10,8.94E-10,4.95E-10,9.00E-10,2.74E-10,2.18E-10,1.08E-10,1.07E-08,9.90E-09,9.44E-10,1.34E-09,1.35E-09,8.12E-10,1.65E-09,3.46E-09,1.69E-09,9.52E-11,5.04E-10,1.71E-09,7.85E-10,2.08E-09,1.11E-09,1.02E-09,1.38E-09,9.27E-10,1.12E-10,5.82E-10,2.70E-10,2.88E-10,6.66E-10,1.92E-10,8.94E-10,4.95E-10,9.00E-10,2.74E-10,2.18E-10,1.08E-10,1.59E-10,6.44E-10,1.57E-10,8.67E-10,2.34E-10,9.75E-10,8.90E-11,1.77E-10,2.60E-10,3.04E-10,4.41E-10,7.28E-11,3.63E-11,1.61E-10,8.53E-11,5.69E-10,2.69E-10,2.19E-10,9.02E-11,7.77E-11,1.19E-10,5.53E-11,7.28E-11,2.22E-10,8.22E-11,6.14E-10,1.95E-10,2.34E-10,8.40E-11,1.08E-10,2.45E-10,8.05E-11,2.27E-10,3.42E-10,2.91E-10,5.00E-10,2.95E-11,1.51E-11,7.13E-11,3.84E-10,1.18E-10,3.91E-10,1.11E-10,1.43E-10,1.99E-10,3.68E-10,4.20E-11,3.57E-10,3.97E-11,2.33E-10,3.61E-10,2.89E-10,2.80E-10,8.53E-10,2.72E-10,6.09E-11,6.69E-10,2.29E-10,5.92E-10,1.81E-10,1.31E-10,1.93E-09,1.15E-10,9.17E-11,1.60E-10,1.03E-10,7.16E-11,3.79E-10,3.10E-10,1.21E-10,7.16E-11,1.69E-11,1.49E-09,3.64E-10,1.08E-10,1.18E-09,2.40E-10,3.31E-10,2.83E-10,4.74E-11,3.63E-11,3.54E-10,5.22E-10,3.95E-10,3.20E-10,5.37E-10,2.87E-10,1.01E-10,1.80E-10,1.06E-10,1.70E-10,1.23E-10,9.73E-11,2.86E-10,1.80E-10,7.58E-10,2.25E-10,4.41E-10,5.62E-10,4.24E-10,9.72E-10,2.05E-10,5.36E-11,1.10E-09,1.55E-10,3.38E-10,1.40E-10,3.16E-10,2.62E-10,1.02E-10,1.93E-10,1.40E-10,2.06E-10,2.87E-10,1.58E-11,1.05E-09,3.24E-11,2.15E-10,1.73E-10,2.63E-10,2.77E-10,5.69E-10,3.92E-10,9.66E-11,1.27E-10,3.97E-11,1.90E-11,2.10E-10,3.59E-10,6.52E-11
27,27.5,A,10,5.30E-08,3.40E-08,2.56E-08,1.98E-08,8.53E-10,4.90E-09,2.66E-10,1.51E-09,1.49E-09,4.59E-10,1.33E-09,3.16E-10,1.57E-09,8.75E-10,9.95E-10,1.11E-09,9.81E-10,3.35E-10,1.10E-09,8.31E-11,7.83E-11,5.49E-10,9.54E-10,1.90E-09,1.16E-09,8.80E-10,5.12E-10,2.43E-10,7.62E-10,8.39E-11,5.30E-08,3.40E-08,2.56E-08,1.98E-08,8.53E-10,4.90E-09,2.66E-10,1.51E-09,1.49E-09,4.59E-10,1.33E-09,3.16E-10,1.57E-09,8.75E-10,9.95E-10,1.11E-09,9.81E-10,3.35E-10,1.10E-09,8.31E-11,7.83E-11,5.49E-10,9.54E-10,1.90E-09,1.16E-09,8.80E-10,5.12E-10,2.43E-10,7.62E-10,8.39E-11,5.04E-10,5.52E-10,8.05E-10,1.82E-10,3.57E-11,6.60E-10,4.11E-11,3.21E-10,4.32E-11,1.11E-09,2.42E-11,1.46E-10,1.99E-10,2.11E-10,4.38E-10,5.92E-10,5.73E-11,6.96E-10,7.29E-11,1.49E-10,1.29E-10,5.34E-11,1.88E-10,1.95E-10,2.51E-10,2.56E-10,6.26E-10,1.98E-10,8.62E-10,1.61E-10,2.19E-10,1.48E-10,1.74E-10,1.40E-10,1.98E-10,7.94E-10,3.06E-10,1.62E-10,1.24E-11,2.49E-10,9.15E-11,1.66E-10,2.21E-10,3.30E-10,2.11E-11,2.80E-10,1.33E-10,1.18E-10,2.33E-10,5.39E-10,1.44E-10,2.38E-10,2.55E-10,1.06E-10,6.63E-11,1.28E-10,2.18E-10,4.97E-10,7.29E-11,1.99E-11,6.27E-11,1.02E-09,5.68E-10,1.86E-10,1.57E-09,4.40E-10,1.27E-10,6.86E-10,1.86E-10,1.02E-10,5.66E-12,1.23E-10,8.67E-11,7.48E-11,3.92E-10,7.40E-11,1.87E-10,6.73E-11,1.30E-10,5.99E-11,3.71E-10,3.79E-11,1.22E-10,1.12E-10,9.32E-12,6.95E-10,1.39E-10,1.42E-10,1.31E-10,1.56E-10,1.17E-10,7.18E-12,4.06E-10,2.86E-10,3.08E-10,1.35E-10,7.93E-11,6.38E-12,5.33E-10,5.28E-10,9.30E-11,2.30E-10,9.04E-11,1.47E-10,1.08E-11,3.06E-10,1.65E-10,2.32E-10,4.57E-10,1.75E-10,2.04E-10,7.78E-12,2.84E-10,2.30E-10,1.06E-11,2.24E-10,7.82E-11,1.92E-10,2.88E-10,2.39E-10,5.99E-10,9.62E-11,2.97E-10,1.60E-10,4.18E-10,4.70E-10,1.08E-10,1.96E-10,2.16E-10,8.78E-11
27.25,27.75,A,10,2.43E-08,1.60E-08,1.27E-09,5.41E-09,2.59E-09,3.42E-10,2.34E-09,2.90E-09,5.62E-10,2.02E-09,1.18E-09,1.64E-09,3.74E-10,1.42E-10,1.42E-10,1.91E-10,7.67E-10,6.75E-10,8.98E-10,1.78E-11,4.36E-10,7.22E-10,4.94E-10,1.03E-10,5.00E-10,1.42E-10,3.95E-11,6.09E-11,1.15E-11,1.18E-10,2.43E-08,1.60E-08,1.27E-09,5.41E-09,2.59E-09,3.42E-10,2.34E-09,2.90E-09,5.62E-10,2.02E-09,1.18E-09,1.64E-09,3.74E-10,1.42E-10,1.42E-10,1.91E-10,7.67E-10,6.75E-10,8.98E-10,1.78E-11,4.36E-10,7.22E-10,4.94E-10,1.03E-10,5.00E-10,1.42E-10,3.95E-11,6.09E-11,1.15E-11,1.18E-10,1.22E-10,1.34E-10,3.49E-10,1.08E-09,3.09E-10,1.31E-10,1.16E-10,4.19E-10,9.55E-10,2.83E-10,4.58E-10,1.89E-10,2.31E-11,3.92E-10,3.65E-10,1.98E-10,1.45E-10,2.19E-10,1.36E-10,1.46E-10,8.97E-11,7.38E-11,7.35E-11,4.15E-11,1.06E-10,8.66E-11,2.38E-10,5.65E-11,5.55E-10,2.41E-11,8.50E-11,3.15E-10,8.69E-11,1.04E-10,8.53E-11,2.19E-10,1.21E-10,6.13E-11,1.80E-11,5.04E-10,4.08E-10,5.30E-11,5.25E-11,1.59E-10,8.35E-12,2.63E-10,1.92E-10,5.32E-11,1.30E-10,2.50E-10,2.01E-10,1.08E-10,2.99E-10,2.70E-10,2.27E-10,7.10E-11,3.01E-10,8.21E-10,1.67E-10,1.64E-10,2.78E-10,2.44E-10,3.23E-10,1.94E-10,2.91E-10,2.80E-10,1.71E-10,3.07E-10,5.18E-11,6.24E-11,8.94E-11,2.59E-10,4.04E-10,3.55E-10,9.68E-11,2.73E-10,5.05E-10,7.62E-11,1.77E-10,7.77E-11,1.24E-10,1.93E-10,5.59E-11,3.69E-11,1.66E-10,4.85E-10,6.33E-11,1.64E-10,3.14E-10,6.65E-11,2.90E-10,3.80E-10,2.74E-10,7.62E-11,1.22E-10,1.08E-10,3.93E-11,4.27E-10,2.20E-10,3.28E-11,5.78E-11,2.96E-10,3.74E-11,4.10E-11,1.80E-10,8.30E-11,1.75E-10,8.49E-11,2.59E-10,1.04E-11,6.36E-12,1.64E-10,8.39E-11,1.57E-10,9.60E-11,8.32E-11,3.30E-10,1.88E-10,2.14E-10,6.78E-10,7.78E-10,2.44E-10,1.74E-10,5.30E-10,4.52E-10,3.65E-10,6.36E-10,3.86E-10,1.43E-10,3.79E-11
27.5,28,A,10,1.01E-08,1.03E-08,1.20E-08,5.07E-09,1.11E-08,3.47E-09,1.36E-09,1.46E-09,2.90E-09,3.06E-09,5.67E-10,6.95E-10,2.74E-10,5.23E-10,1.61E-10,1.25E-09,3.80E-10,4.14E-10,1.03E-09,9.50E-10,9.02E-10,7.05E-10,6.74E-10,1.87E-09,1.54E-10,1.38E-09,2.27E-11,2.84E-10,2.00E-09,6.65E-10,1.01E-08,1.03E-08,1.20E-08,5.07E-09,1.11E-08,3.47E-09,1.36E-09,1.46E-09,2.90E-09,3.06E-09,5.67E-10,6.95E-10,2.74E-10,5.23E-10,1.61E-10,1.25E-09,3.80E-10,4.14E-10,1.03E-09,9.50E-10,9.02E-10,7.05E-10,6.74E-10,1.87E-09,1.54E-10,1.38E-09,2.27E-11,2.84E-10,2.00E-09,6.65E-10,5.68E-10,9.28E-11,2.50E-10,1.28E-10,3.89E-10,2.94E-10,1.25E-09,9.37E-10,1.93E-10,2.69E-11,1.38E-10,3.98E-11,2.27E-10,4.11E-10,5.59E-10,2.19E-11,7.85E-10,7.20E-10,3.28E-10,1.33E-09,6.65E-11,1.14E-09,7.20E-10,5.67E-10,1.53E-10,9.30E-10,4.12E-10,1.64E-09,3.00E-10,1.80E-10,2.05E-10,9.87E-10,7.41E-10,3.46E-10,7.35E-11,7.03E-11,4.91E-10,2.30E-10,3.03E-10,4.72E-10,1.37E-10,3.17E-10,9.81E-10,9.02E-10,2.45E-10,7.33E-10,2.00E-10,7.00E-10,1.49E-10,1.47E-10,1.57E-10,2.76E-10,5.49E-10,1.86E-10,3.25E-10,2.83E-10,2.96E-10,5.79E-10,3.67E-10,2.35E-10,1.47E-10,5.75E-10,4.54E-10,4.50E-10,1.30E-10,2.63E-11,2.15E-09,3.70E-10,7.79E-10,3.47E-10,1.10E-11,3.67E-10,8.26E-10,2.57E-10,2.61E-10,2.53E-10,1.64E-10,5.33E-10,1.59E-10,3.04E-10,1.58E-10,5.20E-10,9.77E-10,7.92E-11,5.60E-10,4.67E-10,1.20E-09,3.08E-10,5.38E-10,1.24E-10,1.68E-10,4.27E-11,1.22E-10,2.16E-10,1.03E-10,2.70E-10,3.07E-10,3.80E-10,3.76E-11,9.99E-11,2.49E-10,4.97E-10,7.38E-11,9.76E-11,7.58E-11,2.79E-10,1.39E-10,4.03E-10,8.52E-11,2.89E-10,6.22E-10,1.88E-10,1.04E-10,1.38E-09,2.89E-10,1.63E-09,8.68E-10,1.50E-10,9.27E-10,5.09E-10,5.23E-10,5.67E-10,1.11E-09,1.22E-10,2.56E-10,2.46E-10,1.05E-10,1.20E-09,7.46E-10,4.38E-11
27.75,28.25,A,10,1.02E-08,2.19E-08,4.76E-09,5.14E-09,5.43E-10,3.36E-09,2.34E-09,1.22E-09,4.23E-09,1.33E-09,1.50E-09,7.12E-11,4.16E-10,1.28E-09,1.12E-09,9.05E-10,4.86E-10,2.08E-09,5.58E-10,8.38E-10,3.51E-10,5.78E-10,6.26E-10,2.91E-10,1.39E-09,5.05E-10,4.81E-10,1.11E-09,4.04E-10,4.04E-10,1.02E-08,2.19E-08,4.76E-09,5.14E-09,5.43E-10,3.36E-09,2.34E-09,1.22E-09,4.23E-09,1.33E-09,1.50E-09,7.12E-11,4.16E-10,1.28E-09,1.12E-09,9.05E-10,4.86E-10,2.08E-09,5.58E-10,8.38E-10,3.51E-10,5.78E-10,6.26E-10,2.91E-10,1.39E-09,5.05E-10,4.81E-10,1.11E-09,4.04E-10,4.04E-10,1.56E-10,9.37E-11,5.49E-11,6.27E-11,5.77E-10,7.49E-11,9.58E-11,2.30E-10,4.49E-11,1.61E-10,7.27E-10,9.16E-11,1.11E-10,2.99E-10,9.96E-10,1.30E-10,6.89E-11,6.28E-11,3.05E-10,4.39E-10,2.83E-10,5.78E-10,1.51E-09,2.00E-10,8.23E-10,8.36E-10,6.76E-10,3.33E-10,4.91E-10,1.85E-10,2.14E-10,6.79E-10,6.51E-11,1.61E-10,2.12E-10,1.02E-10,1.21E-10,2.79E-11,3.86E-10,1.14E-09,6.36E-11,6.44E-11,3.97E-10,7.77E-10,1.43E-10,1.77E-10,1.25E-10,1.63E-10,1.93E-10,1.76E-10,1.79E-10,1.76E-10,1.14E-10,4.70E-10,3.05E-10,3.31E-10,3.12E-10,3.00E-11,2.14E-10,1.18E-10,1.61E-10,4.89E-10,4.58E-11,3.62E-11,7.10E-11,1.72E-10,1.93E-10,6.65E-11,1.43E-10,7.81E-11,4.56E-10,5.79E-11,3.04E-10,3.68E-11,1.56E-11,2.13E-10,4.54E-10,2.28E-10,3.58E-11,3.18E-10,2.24E-10,1.68E-10,4.36E-10,2.02E-10,3.05E-10,5.58E-10,3.52E-10,7.12E-10,2.48E-10,7.50E-11,3.03E-10,9.17E-11,3.24E-10,3.05E-10,4.33E-11,1.08E-10,7.82E-11,3.05E-11,8.01E-10,4.80E-10,3.72E-10,1.91E-11,2.59E-10,3.97E-10,1.43E-10,1.73E-11,7.46E-10,8.76E-11,1.01E-10,4.76E-10,7.69E-11,3.84E-10,1.08E-10,4.54E-10,2.18E-10,7.50E-10,1.59E-10,2.54E-10,2.93E-10,8.75E-11,2.73E-11,3.47E-11,1.40E-10,3.81E-11,1.90E-10,4.24E-10,1.38E-10,2.97E-10,2.71E-10,8.17E-11
28,28.5,A,10,2.46E-08,1.59E-08,1.57E-08,6.34E-10,2.43E-09,9.00E-10,3.01E-09,5.36E-10,1.72E-09,2.37E-09,1.37E-09,3.70E-10,1.39E-10,7.03E-10,1.62E-09,4.25E-10,6.75E-11,4.40E-10,3.17E-11,5.49E-10,7.72E-10,1.58E-10,9.03E-11,4.36E-10,2.42E-09,7.10E-10,2.05E-10,1.90E-10,1.57E-10,1.52E-10,2.46E-08,1.59E-08,1.57E-08,6.34E-10,2.43E-09,9.00E-10,3.01E-09,5.36E-10,1.72E-09,2.37E-09,1.37E-09,3.70E-10,1.39E-10,7.03E-10,1.62E-09,4.25E-10,6.75E-11,4.40E-10,3.17E-11,5.49E-10,7.72E-10,1.58E-10,9.03E-11,4.36E-10,2.42E-09,7.10E-10,2.05E-10,1.90E-10,1.57E-10,1.52E-10,7.66E-11,7.17E-11,7.97E-10,2.07E-10,2.72E-11,6.48E-11,1.26E-12,1.13E-10,9.53E-11,1.61E-10,2.03E-10,2.21E-10,2.87E-10,3.49E-10,2.00E-11,1.49E-10,1.41E-09,1.89E-10,9.32E-10,1.81E-10,1.88E-10,2.62E-10,2.03E-09,7.66E-11,3.32E-11,2.61E-10,7.12E-10,5.57E-11,5.27E-10,6.11E-10,1.94E-10,6.27E-10,1.62E-10,1.51E-10,9.37E-11,8.73E-11,4.32E-10,4.87E-10,8.67E-11,3.37E-11,3.71E-10,4.28E-10,4.30E-11,1.15E-10,2.83E-10,1.10E-10,1.01E-09,8.91E-10,6.66E-10,5.03E-10,4.91E-10,5.72E-11,9.29E-11,1.58E-10,7.88E-10,6.90E-10,3.57E-10,6.93E-10,3.02E-11,2.05E-10,6.91E-10,1.24E-10,3.55E-10,1.32E-10,9.42E-11,4.89E-11,2.97E-10,8.66E-11,1.43E-10,7.26E-10,5.26E-10,1.29E-10,8.11E-11,1.01E-10,5.02E-11,8.23E-10,2.47E-10,3.74E-11,1.27E-10,3.39E-10,2.10E-10,2.23E-10,5.76E-10,2.74E-11,3.57E-10,2.45E-10,2.45E-10,5.51E-11,3.92E-10,6.15E-10,2.97E-11,2.37E-11,1.43E-11,2.22E-10,1.07E-10,5.43E-10,1.35E-10,3.07E-10,1.44E-10,3.54E-10,3.18E-10,8.07E-11,1.50E-10,3.72E-10,8.43E-11,2.39E-10,7.86E-11,6.66E-11,1.08E-10,1.31E-10,1.47E-11,4.88E-11,1.77E-10,3.00E-10,1.77E-10,2.07E-10,3.06E-10,5.62E-10,2.60E-10,3.44E-10,2.46E-11,1.04E-10,1.68E-10,8.96E-11,2.59E-10,1.00E-09,5.83E-10,3.05E-10,5.01E-12,2.15E-10
28.25,28.75,A,10,1.21E-07,4.96E-10,1.74E-08,2.63E-10,2.29E-09,3.04E-09,5.53E-10,1.55E-09,1.56E-09,1.96E-09,1.17E-09,5.49E-10,1.75E-09,4.33E-10,6.25E-10,2.97E-10,8.01E-10,2.27E-09,1.04E-10,8.76E-10,4.41E-10,3.57E-10,6.67E-10,3.97E-10,5.39E-10,7.96E-11,6.01E-10,4.95E-10,1.72E-10,2.61E-11,1.21E-07,4.96E-10,1.74E-08,2.63E-10,2.29E-09,3.04E-09,5.53E-10,1.55E-09,1.56E-09,1.96E-09,1.17E-09,5.49E-10,1.75E-09,4.33E-10,6.25E-10,2.97E-10,8.01E-10,2.27E-09,1.04E-10,8.76E-10,4.41E-10,3.57E-10,6.67E-10,3.97E-10,5.39E-10,7.96E-11,6.01E-10,4.95E-10,1.72E-10,2.61E-11,3.52E-10,7.24E-11,2.32E-10,3.11E-10,6.89E-11,9.43E-11,4.39E-10,5.66E-11,5.66E-11,1.13E-10,4.18E-11,1.86E-10,4.95E-10,8.40E-11,3.79E-10,8.29E-10,1.11E-09,1.98E-10,5.18E-10,9.18E-11,1.28E-09,2.95E-10,2.68E-10,3.55E-10,6.99E-10,4.91E-10,1.07E-09,1.30E-10,4.56E-11,1.28E-10,5.27E-10,3.06E-11,4.19E-10,4.93E-11,5.64E-11,1.47E-10,1.98E-10,3.78E-10,4.41E-11,2.27E-10,2.57E-10,7.94E-11,4.71E-10,8.23E-10,3.15E-11,2.58E-10,7.22E-11,2.09E-10,1.27E-10,1.71E-10,3.61E-11,4.71E-10,6.10E-11,8.46E-10,5.05E-10,3.09E-11,2.29E-10,3.17E-10,2.73E-11,3.51E-10,3.00E-10,1.05E-10,7.91E-11,1.08E-10,1.23E-11,1.42E-10,4.02E-10,6.32E-11,1.63E-10,2.39E-10,9.03E-11,6.94E-10,2.06E-10,2.59E-10,7.74E-10,9.30E-10,1.80E-10,2.71E-10,1.76E-11,2.29E-10,1.20E-10,3.62E-10,9.71E-10,6.79E-10,2.61E-10,4.75E-10,1.04E-10,2.15E-10,7.01E-11,1.08E-10,6.22E-10,9.36E-11,9.36E-10,1.34E-09,1.04E-10,6.98E-10,4.85E-10,1.66E-10,2.98E-10,1.89E-10,2.64E-11,4.72E-11,6.05E-10,1.81E-11,8.34E-11,2.71E-10,2.39E-11,2.90E-11,1.84E-10,3.85E-11,3.39E-10,1.69E-10,2.41E-10,3.54E-10,4.63E-10,1.23E-10,5.09E-10,2.37E-10,1.73E-10,3.93E-11,1.54E-10,2.58E-10,1.11E-10,2.28E-10,3.21E-10,2.37E-10,5.91E-11,2.38E-10,8.56E-11,8.91E-11
28.5,29,A,10,4.57E-08,1.10E-08,1.37E-08,2.75E-09,1.06E-09,2.82E-09,1.16E-09,8.02E-10,1.73E-09,1.17E-09,6.91E-10,1.35E-09,4.25E-10,7.49E-10,3.49E-10,1.04E-09,5.24E-10,9.06E-11,1.74E-10,4.83E-11,1.69E-10,1.79E-10,1.56E-10,2.02E-10,4.68E-10,3.33E-10,2.11E-10,5.22E-10,6.25E-10,2.63E-10,4.57E-08,1.10E-08,1.37E-08,2.75E-09,1.06E-09,2.82E-09,1.16E-09,8.02E-10,1.73E-09,1.17E-09,6.91E-10,1.35E-09,4.25E-10,7.49E-10,3.49E-10,1.04E-09,5.24E-10,9.06E-11,1.74E-10,4.83E-11,1.69E-10,1.79E-10,1.56E-10,2.02E-10,4.68E-10,3.33E-10,2.11E-10,5.22E-10,6.25E-10,2.63E-10,4.04E-10,1.37E-09,7.83E-10,7.01E-11,2.87E-10,5.75E-10,1.48E-10,1.26E-10,1.36E-10,5.87E-10,1.04E-09,8.05E-10,1.67E-09,3.57E-10,3.36E-10,1.71E-10,2.25E-10,1.37E-10,1.51E-10,2.35E-10,4.62E-11,1.52E-10,8.92E-11,2.54E-10,2.96E-10,1.28E-10,3.73E-10,3.09E-10,4.11E-10,5.90E-11,2.00E-10,7.78E-11,2.69E-10,1.80E-10,2.54E-10,5.20E-10,4.20E-10,9.73E-11,3.67E-10,6.36E-10,6.23E-10,3.88E-10,2.21E-10,9.47E-11,3.25E-11,1.91E-10,2.70E-10,7.10E-10,7.61E-11,8.04E-11,5.05E-10,3.85E-11,5.99E-10,2.64E-10,3.28E-11,2.77E-10,2.73E-10,3.51E-10,1.34E-10,2.99E-10,9.62E-10,1.21E-11,2.32E-10,1.58E-10,3.50E-10,1.82E-10,2.95E-10,2.85E-10,3.18E-10,2.84E-10,6.97E-11,1.47E-10,3.77E-10,6.75E-10,2.56E-10,5.50E-10,4.45E-10,2.64E-10,6.26E-11,3.92E-10,2.29E-10,1.32E-10,3.11E-10,2.09E-10,4.23E-10,6.59E-10,1.69E-10,1.59E-10,5.37E-11,3.63E-10,7.20E-11,4.45E-10,5.24E-10,3.05E-10,9.63E-10,3.56E-10,5.09E-10,6.81E-10,3.99E-10,7.11E-11,9.34E-11,3.87E-10,1.56E-10,3.59E-10,2.93E-10,6.26E-11,1.40E-11,1.06E-10,2.57E-11,5.95E-11,6.02E-11,7.48E-10,4.98E-10,1.35E-10,7.78E-11,2.30E-10,6.76E-11,3.71E-10,5.11E-10,1.28E-10,1.26E-11,2.21E-10,3.92E-10,6.20E-10,3.41E-10,5.19E-10,3.92E-10,2.95E-10,3.47E-10,1.28E-10
28.75,29.25,A,10,1.75E-08,5.08E-08,1.09E-08,2.08E-09,7.18E-10,6.00E-10,2.60E-10,4.66E-09,7.60E-10,1.91E-09,2.37E-09,1.23E-09,5.72E-10,2.20E-10,5.06E-10,1.50E-10,1.03E-09,5.73E-09,4.97E-10,5.37E-10,4.54E-11,1.60E-09,5.80E-10,1.76E-11,1.05E-10,3.71E-10,9.11E-10,4.21E-10,1.32E-09,2.57E-10,1.75E-08,5.08E-08,1.09E-08,2.08E-09,7.18E-10,6.00E-10,2.60E-10,4.66E-09,7.60E-10,1.91E-09,2.37E-09,1.23E-09,5.72E-10,2.20E-10,5.06E-10,1.50E-10,1.03E-09,5.73E-09,4.97E-10,5.37E-10,4.54E-11,1.60E-09,5.80E-10,1.76E-11,1.05E-10,3.71E-10,9.11E-10,4.21E-10,1.32E-09,2.57E-10,1.31E-10,1.79E-10,8.21E-11,7.97E-10,1.88E-10,3.14E-11,2.72E-11,1.17E-09,3.50E-10,2.63E-10,1.33E-10,1.22E-09,2.69E-10,9.72E-11,5.15E-10,1.41E-10,1.60E-10,1.04E-10,1.79E-10,9.24E-10,5.31E-10,6.37E-10,6.13E-10,1.39E-10,1.97E-10,1.33E-09,7.38E-11,4.34E-10,3.17E-10,9.92E-10,5.54E-10,2.99E-10,2.03E-10,7.14E-10,4.12E-10,5.04E-10,1.38E-10,9.96E-10,3.19E-10,3.23E-11,5.66E-10,1.77E-10,9.55E-10,4.67E-11,3.19E-10,3.41E-10,4.14E-10,9.94E-11,1.24E-09,1.99E-10,1.78E-10,4.37E-11,2.11E-10,1.28E-10,8.51E-11,5.65E-11,1.99E-10,2.25E-10,2.77E-10,1.45E-10,3.02E-10,2.99E-11,4.83E-10,2.98E-10,2.64E-10,6.11E-10,9.09E-11,1.32E-10,2.93E-10,7.29E-11,5.79E-11,1.22E-10,1.57E-10,9.88E-10,5.05E-10,3.16E-11,1.52E-10,2.29E-10,4.90E-10,2.02E-10,2.94E-10,8.16E-11,1.68E-10,1.45E-10,5.33E-10,3.13E-10,4.04E-10,2.77E-10,1.16E-10,3.93E-10,3.33E-10,4.56E-10,2.90E-10,1.05E-09,1.65E-10,2.80E-10,5.09E-10,7.14E-10,4.57E-10,4.45E-11,7.00E-10,3.47E-10,3.83E-10,1.37E-10,3.76E-10,3.13E-11,1.08E-10,4.06E-10,3.57E-11,1.76E-10,4.16E-10,1.13E-10,3.38E-10,9.55E-10,3.83E-10,2.23E-10,7.67E-11,4.82E-10,1.58E-10,5.49E-11,1.11E-10,5.84E-10,8.45E-11,3.55E-10,8.82E-10,2.56E-10,3.64E-10,2.32E-10,1.04E-10,2.30E-10
29,29.5,A,10,2.42E-08,2.10E-08,6.86E-09,2.91E-09,3.00E-09,2.98E-09,1.09E-09,2.56E-09,1.20E-09,2.54E-09,1.18E-09,4.17E-10,9.49E-10,1.21E-09,1.26E-09,8.24E-11,1.15E-10,5.52E-10,1.52E-09,1.19E-10,2.03E-10,9.34E-10,6.42E-11,6.56E-10,1.19E-10,1.33E-10,2.20E-10,5.68E-10,7.13E-10,1.89E-10,2.42E-08,2.10E-08,6.86E-09,2.91E-09,3.00E-09,2.98E-09,1.09E-09,2.56E-09,1.20E-09,2.54E-09,1.18E-09,4.17E-10,9.49E-10,1.21E-09,1.26E-09,8.24E-11,1.15E-10,5.52E-10,1.52E-09,1.19E-10,2.03E-10,9.34E-10,6.42E-11,6.56E-10,1.19E-10,1.33E-10,2.20E-10,5.68E-10,7.13E-10,1.89E-10,2.20E-10,5.17E-11,2.46E-10,2.31E-10,3.72E-11,2.49E-10,6.88E-11,1.20E-10,4.19E-11,2.14E-10,1.57E-10,2.49E-10,1.46E-10,3.78E-11,2.30E-10,5.94E-10,9.49E-12,5.60E-12,3.61E-11,2.62E-10,3.88E-10,3.54E-10,2.57E-10,1.26E-10,2.08E-10,2.52E-10,8.86E-11,2.56E-10,5.66E-11,1.36E-11,4.92E-12,4.19E-10,8.42E-11,1.02E-10,7.48E-11,2.68E-10,1.41E-10,7.73E-11,7.11E-11,1.02E-11,5.52E-11,4.25E-10,1.58E-10,1.70E-10,1.34E-10,3.64E-10,9.05E-11,3.31E-10,8.20E-11,1.88E-10,1.88E-10,1.19E-10,9.49E-10,9.34E-11,3.04E-11,4.56E-10,4.01E-10,1.36E-10,8.00E-11,2.59E-10,2.37E-11,7.63E-11,1.33E-10,8.03E-11,8.59E-11,7.74E-11,7.30E-11,1.28E-10,5.70E-11,1.14E-10,3.78E-10,1.90E-10,1.86E-10,3.18E-10,4.62E-10,9.46E-11,1.71E-10,7.35E-11,4.12E-11,6.54E-11,5.64E-10,5.45E-11,1.72E-10,5.51E-11,5.43E-10,5.56E-10,2.51E-10,6.06E-11,1.26E-10,2.42E-10,2.48E-10,2.28E-10,1.84E-11,1.26E-09,5.88E-10,2.92E-10,6.79E-10,4.68E-10,5.89E-11,2.60E-10,1.18E-10,3.88E-11,1.57E-10,3.38E-11,4.03E-10,2.32E-10,2.86E-11,4.56E-11,2.18E-10,7.77E-11,1.58E-10,4.99E-11,2.39E-10,4.90E-10,1.54E-10,1.18E-10,1.08E-10,1.18E-10,6.30E-11,2.79E-11,1.13E-10,1.43E-10,2.85E-10,1.92E-10,1.25E-10,9.62E-11,1.24E-10,4.98E-11,1.93E-10,2.21E-10
29.25,29.75,A,10,1.03E-08,1.38E-07,1.98E-09,3.83E-09,3.80E-09,2.17E-09,5.16E-10,2.79E-09,2.99E-09,3.35E-09,3.48E-09,4.08E-09,6.28E-10,9.29E-10,4.54E-10,7.43E-10,5.38E-10,9.77E-10,2.62E-10,9.13E-11,1.66E-09,1.29E-09,2.03E-09,6.43E-10,8.39E-10,7.99E-10,1.06E-10,2.30E-11,1.45E-10,2.84E-10,1.03E-08,1.38E-07,1.98E-09,3.83E-09,3.80E-09,2.17E-09,5.16E-10,2.79E-09,2.99E-09,3.35E-09,3.48E-09,4.08E-09,6.28E-10,9.29E-10,4.54E-10,7.43E-10,5.38E-10,9.77E-10,2.62E-10,9.13E-11,1.66E-09,1.29E-09,2.03E-09,6.43E-10,8.39E-10,7.99E-10,1.06E-10,2.30E-11,1.45E-10,2.84E-10,4.00E-10,4.33E-10,2.06E-10,5.22E-10,1.43E-10,1.40E-09,7.60E-10,2.72E-10,2.04E-11,1.66E-10,1.16E-10,3.27E-11,4.28E-11,4.61E-10,8.70E-11,7.71E-10,7.14E-11,1.99E-10,4.35E-11,9.04E-11,2.69E-10,2.79E-11,5.79E-10,2.62E-10,1.95E-10,2.90E-10,3.50E-10,7.51E-10,6.78E-10,1.17E-10,5.77E-10,2.47E-10,5.43E-10,9.62E-11,1.85E-10,1.50E-10,2.90E-10,1.34E-10,3.25E-10,8.27E-11,3.98E-11,9.82E-10,2.41E-10,2.90E-10,3.44E-10,4.81E-10,8.54E-10,8.10E-10,2.22E-10,1.45E-10,6.10E-10,3.04E-11,2.23E-11,1.56E-10,3.45E-10,2.80E-10,1.93E-09,4.29E-10,2.35E-10,1.24E-09,6.13E-10,3.19E-11,1.15E-10,2.60E-10,2.87E-10,3.86E-10,5.66E-10,1.34E-10,1.09E-10,3.39E-10,5.35E-10,5.53E-10,4.28E-10,3.79E-10,5.04E-10,3.03E-10,3.46E-11,3.86E-10,4.22E-10,6.09E-11,2.82E-10,2.06E-10,8.02E-11,4.62E-10,1.52E-10,3.50E-10,1.10E-10,9.28E-11,2.58E-10,5.62E-10,3.22E-10,1.38E-10,2.45E-10,6.06E-10,4.74E-10,4.75E-10,8.01E-11,4.72E-10,8.78E-10,4.50E-11,2.40E-10,4.10E-10,3.72E-10,2.70E-10,6.27E-10,1.95E-10,8.16E-10,4.21E-10,2.40E-10,1.03E-10,1.97E-10,4.23E-11,8.68E-10,4.86E-11,1.19E-10,2.92E-10,8.63E-10,2.54E-10,1.09E-10,4.01E-10,1.15E-10,2.29E-10,4.24E-10,1.28E-10,2.36E-10,9.14E-10,1.01E-09,6.61E-11,1.51E-09,2.02E-10
29.5,30,A,10,1.02E-07,1.64E-07,1.68E-08,8.19E-09,2.03E-09,3.65E-09,6.70E-10,8.16E-10,2.24E-09,1.99E-09,3.36E-10,1.39E-09,8.14E-11,2.28E-10,5.18E-10,3.98E-10,4.80E-10,4.36E-09,6.80E-10,2.39E-10,1.82E-10,1.37E-09,9.33E-10,4.24E-10,1.39E-09,1.24E-10,1.88E-09,1.49E-10,1.61E-10,1.06E-09,1.02E-07,1.64E-07,1.68E-08,8.19E-09,2.03E-09,3.65E-09,6.70E-10,8.16E-10,2.24E-09,1.99E-09,3.36E-10,1.39E-09,8.14E-11,2.28E-10,5.18E-10,3.98E-10,4.80E-10,4.36E-09,6.80E-10,2.39E-10,1.82E-10,1.37E-09,9.33E-10,4.24E-10,1.39E-09,1.24E-10,1.88E-09,1.49E-10,1.61E-10,1.06E-09,8.47E-11,3.00E-10,1.45E-10,2.06E-10,4.92E-11,6.07E-10,3.80E-10,5.29E-10,2.31E-10,6.70E-10,2.87E-10,1.47E-09,1.13E-09,4.05E-10,9.81E-11,1.84E-10,7.71E-10,6.69E-10,9.55E-11,5.66E-11,3.15E-10,1.97E-10,4.97E-11,4.05E-10,2.30E-10,1.03E-10,5.56E-10,9.23E-10,1.32E-09,1.02E-10,1.01E-09,1.68E-10,3.20E-10,9.12E-10,8.13E-10,4.02E-10,8.11E-10,5.41E-10,5.26E-10,8.63E-10,1.64E-10,9.97E-10,4.63E-10,3.99E-10,1.49E-10,1.55E-10,5.10E-10,1.47E-10,1.67E-10,8.25E-11,1.26E-10,1.78E-10,5.30E-10,6.64E-10,1.99E-10,3.83E-10,1.80E-09,7.64E-10,4.69E-10,7.54E-10,1.14E-09,3.48E-11,1.49E-10,3.99E-11,9.92E-10,1.33E-10,1.27E-10,3.25E-11,1.68E-10,4.12E-10,5.36E-11,1.41E-10,3.56E-10,6.05E-10,6.02E-11,1.75E-10,1.93E-10,1.36E-10,3.21E-10,8.08E-11,1.33E-10,3.16E-10,3.55E-11,1.33E-10,2.84E-10,2.97E-10,3.30E-10,2.23E-10,1.50E-10,6.10E-10,5.20E-11,5.08E-11,1.31E-10,2.08E-10,2.51E-10,7.57E-11,2.67E-10,2.63E-10,5.93E-10,1.60E-10,4.45E-11,3.80E-10,4.60E-11,1.89E-10,1.74E-10,7.91E-11,2.69E-10,2.93E-10,7.59E-10,1.07E-10,1.67E-10,9.82E-10,5.69E-10,7.03E-10,2.69E-10,6.96E-11,1.18E-10,1.38E-10,4.30E-10,1.74E-10,5.21E-10,2.89E-11,3.00E-10,2.54E-10,1.29E-10,9.81E-11,3.46E-10,1.21E-10,2.38E-10,1.55E-10
29.75,30.25,A,10,9.03E-08,5.35E-08,1.31E-09,1.28E-08,1.24E-09,9.61E-10,2.01E-09,5.77E-10,1.75E-09,1.23E-09,2.02E-10,1.17E-09,9.33E-10,3.82E-10,1.24E-10,4.89E-10,2.94E-10,1.65E-10,1.03E-09,1.96E-10,5.66E-10,3.17E-10,4.01E-11,6.17E-10,2.44E-10,6.10E-10,1.74E-10,7.07E-11,1.93E-10,7.40E-11,9.03E-08,5.35E-08,1.31E-09,1.28E-08,1.24E-09,9.61E-10,2.01E-09,5.77E-10,1.75E-09,1.23E-09,2.02E-10,1.17E-09,9.33E-10,3.82E-10,1.24E-10,4.89E-10,2.94E-10,1.65E-10,1.03E-09,1.96E-10,5.66E-10,3.17E-10,4.01E-11,6.17E-10,2.44E-10,6.10E-10,1.74E-10,7.07E-11,1.93E-10,7.40E-11,4.51E-10,4.80E-10,6.64E-10,1.52E-10,1.45E-10,4.98E-11,4.51E-11,1.50E-09,4.98E-10,7.42E-10,2.03E-10,8.78E-10,3.74E-10,3.96E-10,2.48E-11,1.32E-10,4.83E-10,1.15E-10,1.53E-10,4.55E-10,2.15E-11,3.65E-10,3.08E-10,4.94E-10,8.18E-11,1.18E-10,3.97E-10,1.62E-10,2.46E-10,2.13E-10,1.37E-10,8.02E-10,1.79E-10,2.05E-10,8.94E-11,2.71E-10,3.43E-10,6.63E-10,7.94E-11,3.09E-10,9.04E-11,6.23E-10,4.23E-10,3.36E-10,4.12E-10,2.04E-10,1.94E-10,1.68E-10,3.99E-10,2.04E-10,3.09E-10,1.31E-09,2.59E-11,1.63E-10,1.12E-10,1.21E-10,1.33E-10,1.03E-10,2.61E-10,2.31E-10,4.62E-10,4.96E-11,2.67E-11,8.06E-11,3.09E-10,2.79E-10,1.04E-10,3.64E-11,1.52E-10,1.82E-10,5.14E-11,2.56E-10,5.23E-11,2.77E-10,4.05E-11,3.11E-10,1.84E-10,9.75E-11,1.18E-10,1.11E-09,3.55E-10,1.68E-10,4.35E-10,1.89E-10,7.51E-11,1.10E-10,4.27E-11,1.18E-10,1.04E-11,5.66E-11,5.03E-10,2.42E-10,5.07E-10,1.68E-10,7.80E-10,2.65E-10,2.73E-10,1.05E-10,5.39E-10,6.43E-10,5.05E-10,1.75E-11,9.00E-11,7.23E-11,1.83E-10,5.11E-10,2.80E-11,8.73E-10,5.03E-10,1.64E-10,1.33E-09,3.59E-11,2.07E-10,1.69E-09,1.86E-10,7.41E-11,6.88E-11,4.41E-10,3.44E-10,7.93E-11,1.88E-10,4.24E-10,3.06E-10,6.61E-10,1.69E-10,5.94E-10,1.11E-10,1.45E-10,3.87E-10,5.84E-10
30,30.5,A,10,1.01E-07,2.48E-08,1.15E-09,3.05E-09,1.33E-09,2.51E-09,2.43E-10,7.13E-10,9.48E-11,8.68E-10,5.54E-10,4.34E-10,3.44E-10,5.46E-10,3.44E-10,1.33E-09,8.22E-10,2.46E-10,6.88E-10,2.53E-10,1.71E-10,2.56E-10,1.42E-10,3.26E-10,5.47E-10,2.65E-10,4.41E-11,3.23E-10,8.19E-11,4.44E-10,1.01E-07,2.48E-08,1.15E-09,3.05E-09,1.33E-09,2.51E-09,2.43E-10,7.13E-10,9.48E-11,8.68E-10,5.54E-10,4.34E-10,3.44E-10,5.46E-10,3.44E-10,1.33E-09,8.22E-10,2.46E-10,6.88E-10,2.53E-10,1.71E-10,2.56E-10,1.42E-10,3.26E-10,5.47E-10,2.65E-10,4.41E-11,3.23E-10,8.19E-11,4.44E-10,1.30E-10,3.29E-10,4.76E-10,1.95E-10,1.56E-10,4.44E-11,1.46E-10,6.80E-10,4.24E-10,3.86E-10,1.27E-10,4.23E-10,1.64E-10,1.01E-10,2.41E-10,3.54E-10,3.42E-10,1.90E-10,1.15E-10,6.25E-11,4.22E-10,2.34E-10,8.39E-11,8.27E-11,4.49E-10,5.17E-10,1.25E-10,1.06E-10,8.93E-11,1.65E-10,2.75E-10,4.60E-10,3.60E-10,4.09E-10,6.65E-10,3.30E-10,7.04E-11,6.52E-11,6.49E-11,1.01E-10,1.29E-10,2.22E-10,9.58E-11,7.73E-11,1.38E-10,2.00E-10,4.02E-10,1.61E-10,2.43E-10,2.62E-10,1.24E-10,1.40E-10,1.44E-10,2.79E-11,7.56E-11,1.56E-10,1.66E-11,1.73E-10,6.41E-10,2.15E-10,1.10E-10,1.03E-10,1.29E-10,3.62E-11,3.04E-11,1.19E-10,9.78E-11,1.09E-10,3.51E-10,1.01E-10,1.54E-10,1.47E-10,6.87E-11,7.22E-11,1.64E-10,1.54E-10,1.69E-11,2.93E-11,6.45E-11,9.84E-11,2.01E-10,1.53E-10,9.46E-11,2.29E-11,9.95E-11,2.42E-11,1.71E-10,1.31E-10,1.79E-10,2.47E-10,3.16E-10,1.07E-10,7.13E-11,6.51E-12,8.45E-11,2.22E-10,1.35E-10,1.37E-10,6.48E-11,2.81E-11,7.13E-11,1.09E-10,5.71E-10,1.26E-10,5.25E-11,7.47E-11,9.91E-11,2.14E-10,3.95E-11,5.49E-11,2.16E-10,3.97E-11,7.18E-11,1.32E-10,6.29E-12,6.61E-10,1.59E-10,1.77E-10,1.40E-10,1.04E-10,1.06E-10,3.43E-10,4.44E-11,5.30E-11,3.03E-11,7.46E-11,6.73E-11,9.52E-11,4.01E-10,3.80E-11
30.25,30.75,A,10,4.30E-08,2.35E-08,1.29E-08,2.79E-09,2.65E-09,1.75E-09,2.84E-10,9.31E-10,1.88E-09,2.00E-09,3.67E-10,6.00E-10,2.61E-10,1.62E-10,4.60E-10,5.35E-10,1.89E-10,6.96E-10,3.25E-10,1.30E-10,2.78E-10,5.95E-10,6.82E-10,6.36E-10,5.13E-10,2.35E-10,2.57E-11,4.99E-10,2.37E-10,1.65E-10,4.30E-08,2.35E-08,1.29E-08,2.79E-09,2.65E-09,1.75E-09,2.84E-10,9.31E-10,1.88E-09,2.00E-09,3.67E-10,6.00E-10,2.61E-10,1.62E-10,4.60E-10,5.35E-10,1.89E-10,6.96E-10,3.25E-10,1.30E-10,2.78E-10,5.95E-10,6.82E-10,6.36E-10,5.13E-10,2.35E-10,2.57E-11,4.99E-10,2.37E-10,1.65E-10,1.59E-10,1.82E-10,4.64E-10,9.83E-11,5.01E-10,8.01E-11,7.40E-11,4.86E-10,1.95E-10,1.14E-10,2.63E-10,6.51E-10,7.94E-11,1.62E-10,9.01E-11,1.26E-10,1.18E-10,2.06E-10,2.88E-10,3.41E-10,3.14E-10,2.47E-10,2.22E-10,1.18E-10,7.28E-11,3.58E-11,7.37E-10,1.11E-10,2.07E-10,5.98E-10,7.91E-11,2.20E-10,1.23E-10,9.28E-11,3.73E-10,1.69E-10,1.99E-11,1.84E-10,6.11E-10,4.98E-10,1.17E-10,6.85E-10,1.88E-10,1.70E-10,3.33E-10,2.22E-10,2.83E-10,5.21E-10,1.86E-10,1.42E-10,1.24E-10,3.93E-10,3.43E-11,6.10E-11,3.19E-10,9.29E-11,4.48E-11,4.14E-11,6.08E-10,1.51E-10,4.90E-10,1.81E-10,4.39E-10,7.55E-11,3.41E-10,5.77E-10,1.26E-10,2.39E-10,1.60E-10,1.16E-10,5.06E-11,1.21E-10,1.64E-10,1.13E-10,2.44E-10,9.84E-12,8.01E-11,2.66E-10,9.19E-11,1.88E-10,2.10E-10,2.33E-10,1.96E-10,3.07E-10,9.03E-11,8.74E-11,2.75E-11,4.64E-11,5.35E-11,4.80E-10,4.17E-10,1.64E-10,2.06E-10,2.35E-10,1.39E-09,2.05E-10,1.03E-10,2.95E-10,1.75E-10,5.03E-11,1.99E-10,2.77E-10,1.69E-10,1.04E-10,2.87E-11,1.51E-10,1.23E-10,4.31E-10,1.48E-10,2.17E-11,4.90E-11,8.50E-11,2.09E-10,7.87E-11,5.16E-11,4.17E-10,1.85E-11,8.99E-11,8.43E-11,1.72E-10,1.88E-10,2.85E-10,1.13E-10,2.51E-11,5.56E-10,4.48E-11,7.47E-11,2.22E-11,1.58E-10,2.11E-11
30.5,31,A,10,2.69E-08,3.24E-09,1.14E-09,4.78E-09,9.18E-11,1.03E-10,1.74E-10,3.71E-10,1.53E-10,1.43E-10,1.20E-09,2.74E-10,7.48E-10,4.09E-10,3.82E-10,1.05E-11,3.74E-10,7.46E-11,1.49E-10,4.85E-10,2.81E-10,3.62E-10,1.15E-10,1.46E-10,3.85E-10,3.76E-10,5.28E-10,2.67E-10,1.31E-10,2.11E-10,2.69E-08,3.24E-09,1.14E-09,4.78E-09,9.18E-11,1.03E-10,1.74E-10,3.71E-10,1.53E-10,1.43E-10,1.20E-09,2.74E-10,7.48E-10,4.09E-10,3.82E-10,1.05E-11,3.74E-10,7.46E-11,1.49E-10,4.85E-10,2.81E-10,3.62E-10,1.15E-10,1.46E-10,3.85E-10,3.76E-10,5.28E-10,2.67E-10,1.31E-10,2.11E-10,1.31E-10,2.45E-10,4.67E-10,2.29E-10,6.44E-11,2.94E-10,1.47E-10,3.92E-10,2.76E-10,1.36E-10,3.03E-10,1.10E-10,2.92E-10,2.00E-10,2.05E-10,5.38E-10,2.70E-10,3.11E-10,1.80E-10,7.28E-10,1.51E-10,1.14E-10,1.38E-10,1.27E-10,2.90E-11,6.70E-11,4.65E-11,3.74E-11,3.24E-10,1.73E-11,2.10E-10,3.78E-10,9.06E-11,3.72E-11,6.13E-10,6.14E-11,3.95E-11,9.37E-11,1.31E-11,2.97E-10,1.17E-10,2.42E-10,7.80E-11,2.66E-10,5.55E-11,7.67E-11,1.74E-11,3.21E-11,3.51E-10,1.25E-10,2.68E-10,1.66E-10,2.31E-11,1.38E-10,1.98E-10,1.33E-10,5.24E-10,3.76E-11,1.24E-10,6.27E-10,2.46E-10,7.52E-11,2.72E-10,1.39E-10,2.59E-11,1.72E-10,2.94E-11,1.79E-10,8.44E-11,5.03E-11,4.81E-11,9.87E-11,7.21E-11,2.13E-10,2.27E-11,1.37E-10,1.39E-11,7.92E-11,5.78E-11,1.39E-10,1.18E-10,1.79E-12,3.36E-10,5.70E-10,1.77E-10,2.66E-10,1.23E-10,2.16E-10,9.40E-11,9.33E-11,1.53E-10,1.59E-10,6.75E-11,4.29E-10,2.01E-10,3.72E-10,5.94E-11,1.82E-11,4.96E-10,8.30E-11,3.54E-11,2.69E-10,3.34E-10,3.15E-11,7.45E-11,9.88E-11,1.67E-11,1.58E-10,5.31E-11,5.60E-12,1.31E-10,6.20E-10,5.92E-11,9.86E-10,5.26E-10,9.32E-11,2.64E-10,1.87E-10,1.86E-10,4.79E-10,2.90E-11,6.62E-11,4.58E-11,8.25E-11,3.86E-11,2.11E-10,3.81E-11,1.69E-10,3.59E-10,2.18E-10
30.75,31.25,A,10,1.74E-09,1.13E-08,9.62E-09,2.32E-09,1.60E-09,9.79E-10,2.74E-10,2.05E-09,1.11E-10,3.44E-10,3.61E-11,3.20E-10,4.27E-10,1.53E-10,9.89E-11,3.30E-10,1.30E-10,4.19E-10,1.15E-10,2.04E-10,3.62E-10,3.43E-10,9.20E-11,1.02E-10,3.59E-11,3.44E-11,3.58E-10,1.93E-10,2.06E-10,2.21E-10,1.74E-09,1.13E-08,9.62E-09,2.32E-09,1.60E-09,9.79E-10,2.74E-10,2.05E-09,1.11E-10,3.44E-10,3.61E-11,3.20E-10,4.27E-10,1.53E-10,9.89E-11,3.30E-10,1.30E-10,4.19E-10,1.15E-10,2.04E-10,3.62E-10,3.43E-10,9.20E-11,1.02E-10,3.59E-11,3.44E-11,3.58E-10,1.93E-10,2.06E-10,2.21E-10,2.19E-10,4.86E-10,2.16E-10,1.39E-10,6.20E-11,3.00E-11,2.00E-10,6.60E-11,3.27E-10,1.38E-10,4.99E-11,1.48E-10,3.72E-11,1.99E-10,1.35E-10,1.78E-10,3.57E-11,1.56E-10,8.26E-11,1.54E-10,6.28E-11,9.89E-11,2.00E-10,2.58E-10,3.47E-10,2.29E-10,4.83E-11,6.25E-11,2.99E-10,1.52E-10,8.04E-11,1.63E-10,9.85E-11,1.08E-10,7.39E-11,2.54E-12,1.10E-10,1.01E-10,4.69E-11,9.77E-11,5.33E-11,4.66E-11,1.02E-10,1.05E-10,1.22E-10,9.66E-11,9.65E-11,7.28E-12,2.20E-11,7.94E-11,4.24E-11,2.17E-10,6.14E-12,1.51E-10,3.43E-10,2.17E-10,1.00E-10,1.62E-10,1.38E-10,1.99E-10,3.48E-10,2.94E-10,2.28E-10,3.36E-10,2.85E-11,2.46E-10,5.45E-10,7.20E-10,3.53E-10,5.87E-11,1.30E-10,9.71E-11,6.50E-11,1.27E-10,1.91E-10,1.74E-10,2.39E-11,5.95E-10,1.22E-10,6.32E-11,7.44E-11,2.67E-10,2.45E-11,4.88E-11,1.32E-10,1.24E-10,1.59E-10,1.23E-10,7.64E-11,1.29E-10,1.64E-10,3.65E-11,6.42E-11,1.88E-10,1.18E-10,5.68E-11,2.06E-10,3.33E-10,1.07E-10,1.06E-10,3.54E-10,2.32E-10,7.31E-11,7.24E-11,6.75E-11,2.93E-10,8.41E-11,3.00E-10,2.96E-10,6.02E-10,1.06E-10,1.16E-10,1.93E-10,4.57E-10,4.93E-11,4.16E-11,7.07E-11,1.01E-10,2.03E-10,1.03E-10,1.96E-10,3.32E-10,3.32E-11,1.04E-10,2.35E-10,1.82E-10,8.05E-11,2.88E-10,7.42E-10,6.34E-10
31,31.5,A,10,4.78E-08,1.14E-08,9.79E-09,2.01E-09,1.92E-09,3.53E-09,2.59E-10,5.53E-10,4.84E-10,3.53E-10,1.88E-09,1.19E-09,8.20E-10,1.46E-10,3.95E-10,1.52E-09,3.04E-10,1.25E-10,1.52E-10,2.01E-10,4.65E-10,5.85E-10,6.67E-11,5.98E-11,8.07E-10,8.92E-12,2.56E-10,1.62E-10,1.92E-10,1.33E-10,4.78E-08,1.14E-08,9.79E-09,2.01E-09,1.92E-09,3.53E-09,2.59E-10,5.53E-10,4.84E-10,3.53E-10,1.88E-09,1.19E-09,8.20E-10,1.46E-10,3.95E-10,1.52E-09,3.04E-10,1.25E-10,1.52E-10,2.01E-10,4.65E-10,5.85E-10,6.67E-11,5.98E-11,8.07E-10,8.92E-12,2.56E-10,1.62E-10,1.92E-10,1.33E-10,1.08E-10,3.71E-10,6.88E-10,1.45E-10,9.59E-11,2.44E-10,5.11E-10,2.72E-10,2.15E-10,1.24E-10,2.78E-10,6.56E-10,2.51E-11,7.25E-12,7.94E-10,4.03E-11,8.57E-10,2.91E-11,2.60E-10,4.04E-10,2.42E-10,1.02E-10,2.24E-10,4.79E-10,1.34E-10,1.29E-10,1.00E-10,3.78E-10,3.49E-10,3.04E-10,4.44E-11,1.89E-10,2.20E-11,7.06E-11,5.69E-10,4.00E-10,2.29E-10,6.46E-10,6.01E-10,6.71E-11,3.58E-10,1.78E-10,1.48E-10,1.75E-10,3.86E-11,3.96E-10,3.11E-10,2.33E-10,1.05E-10,8.38E-11,2.64E-10,1.10E-09,3.88E-10,2.41E-10,6.24E-11,2.20E-10,5.17E-11,3.95E-10,1.03E-10,1.70E-10,2.26E-10,1.17E-10,2.87E-10,3.45E-10,1.23E-10,4.04E-11,3.24E-10,2.27E-10,1.44E-10,5.36E-11,2.96E-10,2.37E-10,1.68E-10,1.87E-10,2.41E-10,4.13E-10,2.12E-10,1.80E-10,2.76E-11,1.40E-11,1.06E-10,3.69E-10,3.35E-11,1.21E-10,4.14E-11,4.62E-10,7.37E-11,4.27E-10,4.70E-11,1.68E-10,1.00E-09,7.77E-11,1.15E-10,5.33E-11,4.82E-10,9.16E-11,1.26E-10,8.91E-11,3.76E-10,8.80E-10,8.60E-11,1.17E-10,1.65E-10,8.18E-12,2.86E-10,1.45E-10,4.13E-12,1.54E-10,2.10E-10,7.06E-10,1.08E-10,4.38E-11,3.39E-11,2.24E-10,3.87E-10,2.28E-10,6.35E-10,4.34E-11,1.10E-10,6.78E-10,2.82E-11,8.25E-11,2.85E-10,4.14E-11,4.66E-11,2.71E-11,5.44E-11,3.67E-11,2.45E-10,5.57E-11
31.25,31.75,A,10,5.33E-09,7.84E-09,2.68E-09,1.10E-09,6.30E-11,3.42E-09,6.36E-10,2.05E-09,4.90E-10,2.77E-11,4.86E-10,3.48E-10,4.38E-10,2.44E-10,4.65E-10,3.56E-10,6.36E-11,3.97E-11,2.81E-11,1.45E-10,2.39E-10,2.13E-10,2.17E-11,1.18E-10,1.78E-10,1.89E-11,2.95E-10,5.05E-11,1.83E-10,5.85E-11,5.33E-09,7.84E-09,2.68E-09,1.10E-09,6.30E-11,3.42E-09,6.36E-10,2.05E-09,4.90E-10,2.77E-11,4.86E-10,3.48E-10,4.38E-10,2.44E-10,4.65E-10,3.56E-10,6.36E-11,3.97E-11,2.81E-11,1.45E-10,2.39E-10,2.13E-10,2.17E-11,1.18E-10,1.78E-10,1.89E-11,2.95E-10,5.05E-11,1.83E-10,5.85E-11,7.54E-11,1.39E-10,1.79E-10,1.96E-10,2.15E-10,2.34E-10,2.88E-11,1.99E-10,8.24E-11,1.75E-11,2.15E-11,4.28E-10,7.41E-10,9.22E-11,6.88E-11,3.46E-10,2.96E-11,1.47E-10,3.59E-11,2.27E-10,3.84E-11,4.99E-11,1.48E-10,7.96E-11,1.53E-10,2.57E-10,4.61E-11,1.88E-10,1.67E-10,3.54E-11,1.41E-10,4.73E-11,3.37E-10,3.25E-10,1.84E-10,3.27E-11,1.03E-10,2.71E-10,9.33E-11,9.56E-11,2.54E-10,2.35E-11,3.39E-10,2.01E-11,4.46E-11,1.85E-10,7.56E-11,1.74E-11,5.43E-11,1.46E-10,4.29E-11,5.56E-11,5.01E-11,1.63E-11,7.59E-11,6.47E-10,6.31E-11,5.39E-11,3.06E-11,3.78E-11,1.50E-10,2.38E-10,4.19E-10,3.17E-10,6.66E-11,1.13E-10,1.24E-10,3.21E-10,2.19E-11,5.64E-11,1.12E-10,3.73E-10,2.91E-10,2.58E-11,1.72E-10,3.05E-10,5.06E-11,2.39E-10,8.70E-11,3.14E-12,2.04E-10,5.54E-11,1.22E-10,1.52E-11,6.44E-11,1.66E-10,4.60E-11,8.87E-11,6.57E-11,2.83E-11,1.92E-10,2.81E-10,3.30E-11,1.42E-11,3.60E-11,1.72E-10,6.06E-11,7.58E-11,1.91E-10,1.05E-10,1.36E-10,7.38E-11,1.24E-11,4.83E-11,1.40E-11,2.43E-10,6.97E-11,3.75E-11,1.48E-10,1.08E-10,2.34E-10,1.04E-10,1.29E-10,5.61E-11,9.44E-11,9.12E-11,6.43E-11,2.15E-10,1.10E-10,6.47E-11,1.44E-10,2.91E-10,1.18E-10,2.75E-10,1.19E-10,3.10E-11,1.32E-10,3.49E-11,5.17E-11,1.60E-10
31.5,32,A,10,2.50E-09,1.53E-08,5.96E-09,2.82E-09,7.32E-09,9.69E-10,5.02E-10,1.19E-09,1.44E-09,3.51E-11,1.40E-09,1.32E-10,7.37E-10,5.24E-10,3.41E-10,7.91E-11,1.29E-09,1.75E-10,1.55E-10,7.80E-11,4.68E-10,4.33E-10,7.34E-10,5.06E-11,1.15E-09,3.92E-10,3.39E-11,5.81E-10,4.02E-10,2.01E-10,2.50E-09,1.53E-08,5.96E-09,2.82E-09,7.32E-09,9.69E-10,5.02E-10,1.19E-09,1.44E-09,3.51E-11,1.40E-09,1.32E-10,7.37E-10,5.24E-10,3.41E-10,7.91E-11,1.29E-09,1.75E-10,1.55E-10,7.80E-11,4.68E-10,4.33E-10,7.34E-10,5.06E-11,1.15E-09,3.92E-10,3.39E-11,5.81E-10,4.02E-10,2.01E-10,9.78E-10,1.10E-10,4.68E-10,6.38E-10,2.69E-10,7.10E-10,2.65E-10,7.29E-11,4.47E-10,6.18E-10,6.82E-10,4.46E-10,1.84E-10,8.31E-11,4.93E-10,3.51E-10,1.28E-10,5.46E-10,8.87E-11,7.00E-11,3.95E-10,6.17E-11,9.83E-11,5.48E-11,8.05E-11,1.08E-10,2.19E-10,1.34E-10,5.88E-10,1.91E-10,8.04E-11,1.34E-10,7.20E-10,7.08E-10,2.24E-10,2.16E-10,5.36E-11,1.12E-10,2.64E-11,1.15E-11,2.30E-10,1.06E-10,3.08E-10,2.56E-10,5.09E-10,5.96E-10,1.83E-10,3.68E-11,3.61E-10,6.12E-11,1.30E-10,1.00E-10,5.19E-12,2.52E-10,3.97E-11,6.98E-11,1.17E-10,2.10E-10,3.52E-10,1.32E-10,1.67E-10,1.51E-10,5.95E-11,4.38E-10,2.66E-10,2.00E-10,8.84E-11,1.62E-10,6.31E-11,3.95E-10,1.64E-10,2.06E-10,2.95E-10,9.52E-11,3.95E-10,1.63E-10,4.27E-10,5.66E-11,1.93E-10,5.56E-10,4.69E-10,4.14E-11,2.20E-10,1.17E-10,1.89E-11,2.45E-10,4.71E-11,5.85E-10,2.06E-10,4.34E-10,8.53E-11,2.55E-10,5.70E-10,1.67E-10,1.31E-10,1.56E-10,3.63E-10,9.69E-11,1.47E-10,2.37E-10,1.51E-10,1.17E-10,2.84E-10,1.85E-10,1.31E-10,1.26E-10,8.76E-11,2.26E-10,6.60E-11,1.21E-10,7.33E-10,5.74E-10,2.88E-10,5.53E-11,3.15E-10,2.76E-10,2.70E-10,1.01E-10,6.70E-11,2.36E-10,1.48E-10,1.84E-10,1.48E-10,5.00E-11,8.46E-11,2.49E-10,2.93E-10,9.71E-11,8.11E-11,6.71E-11
31.75,32.25,A,10,1.02E-08,3.34E-09,6.16E-09,5.39E-09,7.14E-09,4.68E-10,2.02E-09,4.77E-10,1.82E-09,1.65E-09,1.48E-10,3.79E-11,2.69E-10,5.71E-10,3.37E-11,2.06E-10,3.89E-10,4.73E-10,7.71E-11,7.69E-11,2.55E-10,2.63E-10,6.69E-11,2.71E-10,5.46E-10,5.85E-10,2.65E-11,1.81E-10,2.70E-10,1.71E-10,1.02E-08,3.34E-09,6.16E-09,5.39E-09,7.14E-09,4.68E-10,2.02E-09,4.77E-10,1.82E-09,1.65E-09,1.48E-10,3.79E-11,2.69E-10,5.71E-10,3.37E-11,2.06E-10,3.89E-10,4.73E-10,7.71E-11,7.69E-11,2.55E-10,2.63E-10,6.69E-11,2.71E-10,5.46E-10,5.85E-10,2.65E-11,1.81E-10,2.70E-10,1.71E-10,7.59E-11,3.87E-11,1.74E-10,3.61E-11,2.18E-10,4.51E-10,6.29E-11,1.54E-10,1.29E-10,4.98E-10,8.49E-11,1.84E-10,3.65E-11,7.22E-11,5.83E-11,4.30E-11,2.06E-10,6.63E-11,3.26E-10,1.98E-10,2.18E-10,2.77E-11,9.94E-11,1.55E-10,2.88E-10,9.99E-11,2.13E-10,2.94E-10,1.19E-10,5.54E-11,1.84E-10,1.18E-10,4.03E-10,5.47E-10,1.21E-10,1.88E-10,3.23E-11,9.27E-11,1.63E-10,5.63E-11,5.42E-10,4.63E-10,6.19E-10,6.35E-10,3.40E-10,1.97E-10,4.36E-11,1.44E-10,8.34E-11,1.32E-10,5.56E-11,2.91E-10,4.84E-10,2.54E-10,5.70E-10,2.34E-10,1.61E-10,2.35E-11,2.03E-10,2.46E-10,7.01E-10,9.48E-11,5.05E-11,1.42E-10,1.83E-10,4.89E-10,1.83E-10,1.36E-10,5.26E-10,1.20E-10,2.26E-10,8.29E-10,2.63E-10,9.28E-11,2.16E-10,2.64E-10,2.92E-10,2.07E-10,3.32E-10,2.17E-10,5.39E-10,3.07E-10,4.60E-10,2.72E-10,7.26E-11,1.16E-10,1.34E-09,2.71E-10,2.02E-11,1.81E-10,7.45E-11,8.30E-11,2.63E-10,7.32E-10,1.75E-10,2.83E-10,4.98E-10,3.39E-11,1.81E-10,1.24E-10,3.48E-10,1.83E-10,2.73E-10,8.61E-11,1.02E-10,6.03E-10,3.17E-10,1.21E-10,6.10E-11,1.27E-10,5.34E-11,5.06E-10,2.10E-10,4.67E-10,1.12E-10,2.45E-11,1.01E-11,2.09E-10,7.37E-10,3.01E-10,5.45E-10,6.13E-11,2.91E-10,4.91E-10,6.91E-10,1.00E-10,5.35E-11,2.10E-10,5.04E-11,3.01E-11
32,32.5,A,10,1.56E-09,3.73E-09,3.80E-09,5.45E-09,2.57E-09,3.14E-09,5.32E-10,1.29E-10,7.89E-10,2.50E-10,1.74E-09,8.95E-10,4.81E-10,8.29E-10,8.52E-10,6.50E-10,6.43E-10,1.35E-09,3.96E-10,1.31E-10,7.38E-10,2.82E-10,1.50E-10,5.06E-10,2.60E-10,3.04E-10,2.97E-10,1.64E-10,5.31E-10,1.09E-10,1.56E-09,3.73E-09,3.80E-09,5.45E-09,2.57E-09,3.14E-09,5.32E-10,1.29E-10,7.89E-10,2.50E-10,1.74E-09,8.95E-10,4.81E-10,8.29E-10,8.52E-10,6.50E-10,6.43E-10,1.35E-09,3.96E-10,1.31E-10,7.38E-10,2.82E-10,1.50E-10,5.06E-10,2.60E-10,3.04E-10,2.97E-10,1.64E-10,5.31E-10,1.09E-10,3.34E-10,4.24E-10,1.88E-10,3.95E-10,3.34E-11,3.22E-10,3.19E-10,6.96E-11,3.87E-10,5.01E-10,6.41E-10,2.70E-11,2.34E-10,6.68E-10,8.28E-11,1.41E-10,4.23E-10,2.68E-10,4.14E-10,1.13E-10,3.61E-10,7.38E-10,3.86E-10,2.79E-10,1.98E-10,1.19E-10,8.27E-11,1.06E-10,1.66E-11,1.67E-11,1.18E-10,1.66E-10,7.65E-11,5.06E-11,2.94E-10,2.17E-10,1.46E-10,1.27E-10,1.50E-11,5.20E-11,1.79E-10,3.37E-11,2.06E-10,1.66E-10,1.53E-10,4.31E-10,5.20E-12,6.12E-10,1.91E-11,2.00E-10,4.89E-10,2.13E-10,1.03E-10,2.63E-10,2.73E-10,5.49E-10,9.05E-10,2.74E-10,2.09E-10,3.49E-10,1.66E-10,5.86E-11,1.06E-10,2.53E-11,1.15E-10,3.59E-10,6.84E-11,1.93E-10,1.27E-10,4.79E-10,8.73E-10,2.05E-10,1.04E-10,1.35E-09,7.22E-10,2.12E-10,3.92E-10,3.34E-10,4.73E-10,3.19E-10,2.63E-10,7.77E-11,1.24E-09,1.43E-10,2.78E-11,2.24E-10,8.80E-11,1.20E-10,1.99E-10,1.31E-10,9.43E-11,1.16E-10,1.75E-11,1.71E-11,4.07E-10,1.80E-10,7.37E-11,2.90E-10,3.07E-10,1.25E-10,2.98E-11,2.70E-10,5.27E-10,3.48E-10,1.13E-11,5.78E-11,1.06E-10,2.69E-10,2.45E-11,3.63E-10,1.78E-10,8.05E-11,2.07E-10,2.35E-10,2.85E-10,6.58E-10,3.75E-10,4.89E-10,4.32E-11,2.68E-10,2.11E-10,6.50E-10,4.43E-10,1.06E-09,8.91E-10,3.35E-10,1.25E-10,1.88E-10,5.55E-11,3.50E-10
32.25,32.75,A,10,1.97E-08,7.99E-09,1.52E-09,5.76E-09,3.29E-09,8.64E-10,9.69E-10,4.14E-10,5.07E-10,3.30E-10,1.71E-10,1.83E-09,3.04E-10,1.64E-09,1.31E-10,8.12E-10,2.04E-09,9.95E-11,4.60E-10,3.44E-10,1.89E-10,3.40E-10,5.20E-11,3.90E-10,2.45E-10,3.58E-10,2.12E-10,6.29E-12,5.54E-10,4.34E-10,1.97E-08,7.99E-09,1.52E-09,5.76E-09,3.29E-09,8.64E-10,9.69E-10,4.14E-10,5.07E-10,3.30E-10,1.71E-10,1.83E-09,3.04E-10,1.64E-09,1.31E-10,8.12E-10,2.04E-09,9.95E-11,4.60E-10,3.44E-10,1.89E-10,3.40E-10,5.20E-11,3.90E-10,2.45E-10,3.58E-10,2.12E-10,6.29E-12,5.54E-10,4.34E-10,4.06E-10,4.81E-10,3.70E-11,7.53E-10,9.95E-10,5.96E-10,3.73E-10,3.10E-11,3.52E-10,3.19E-10,3.05E-10,5.82E-11,2.33E-10,1.70E-10,1.69E-10,1.54E-10,2.50E-10,2.42E-10,9.56E-11,3.86E-11,2.29E-10,3.56E-10,2.91E-10,2.64E-10,1.70E-10,5.51E-10,2.54E-10,3.23E-11,7.39E-10,4.08E-10,5.73E-11,2.93E-10,2.53E-10,1.60E-10,6.84E-10,1.08E-10,3.98E-10,1.62E-10,1.30E-10,5.55E-11,3.86E-10,3.30E-10,2.38E-10,5.00E-10,1.14E-10,8.22E-10,6.23E-10,8.27E-11,3.52E-10,2.17E-10,5.95E-10,2.62E-10,7.48E-10,2.75E-10,4.48E-10,3.43E-10,5.99E-10,2.71E-10,1.39E-10,1.56E-10,4.68E-11,1.15E-10,2.52E-11,4.78E-11,4.41E-10,3.03E-10,3.27E-10,8.96E-11,1.36E-10,4.42E-10,2.17E-10,1.52E-10,1.16E-10,3.75E-10,4.22E-10,1.58E-10,1.27E-10,4.31E-10,1.66E-10,2.22E-10,6.71E-11,3.96E-10,4.73E-10,1.78E-10,4.08E-11,1.20E-09,1.62E-10,1.33E-10,1.01E-09,4.00E-10,7.86E-11,9.85E-11,1.48E-10,2.70E-11,1.25E-10,5.27E-10,3.59E-11,4.90E-11,1.67E-10,3.99E-10,3.10E-11,1.18E-11,4.66E-10,1.87E-10,1.73E-10,5.15E-10,4.13E-10,1.78E-10,1.22E-09,1.96E-10,1.77E-10,4.36E-10,2.30E-10,5.15E-10,4.20E-10,3.04E-10,5.12E-10,3.57E-10,2.09E-10,1.30E-10,1.39E-11,3.50E-10,2.37E-10,2.89E-10,1.01E-10,9.14E-11,8.04E-11,3.99E-10,8.77E-11,1.12E-10
32.5,33,A,10,4.22E-09,1.26E-08,3.97E-09,3.58E-09,2.74E-10,6.59E-09,3.17E-09,3.27E-10,5.68E-10,3.55E-10,1.21E-09,1.35E-09,5.11E-11,2.39E-10,1.82E-09,1.40E-09,1.04E-09,7.94E-10,7.73E-10,2.98E-10,9.59E-10,7.39E-10,7.37E-11,3.96E-10,1.71E-10,5.37E-11,1.10E-10,5.22E-10,2.22E-10,2.26E-10,4.22E-09,1.26E-08,3.97E-09,3.58E-09,2.74E-10,6.59E-09,3.17E-09,3.27E-10,5.68E-10,3.55E-10,1.21E-09,1.35E-09,5.11E-11,2.39E-10,1.82E-09,1.40E-09,1.04E-09,7.94E-10,7.73E-10,2.98E-10,9.59E-10,7.39E-10,7.37E-11,3.96E-10,1.71E-10,5.37E-11,1.10E-10,5.22E-10,2.22E-10,2.26E-10,1.34E-10,1.71E-10,1.69E-10,2.98E-10,3.88E-10,1.94E-10,3.10E-10,4.82E-10,6.95E-11,6.57E-10,3.56E-10,4.39E-11,1.18E-10,4.64E-10,3.42E-10,1.57E-10,3.17E-10,2.12E-10,3.95E-10,2.92E-10,3.30E-10,4.63E-10,1.59E-10,1.86E-10,1.80E-10,1.78E-10,5.33E-10,3.06E-11,1.73E-10,1.08E-10,3.54E-10,5.40E-11,1.07E-09,1.62E-11,1.53E-10,8.96E-10,2.30E-10,1.31E-10,2.02E-10,1.12E-09,5.92E-10,3.19E-10,7.80E-11,3.06E-10,1.02E-09,3.75E-10,9.65E-12,2.35E-10,2.75E-10,3.21E-10,6.68E-10,4.28E-10,3.18E-10,2.50E-10,1.91E-10,4.70E-10,6.99E-11,2.70E-10,1.53E-09,3.05E-10,1.04E-09,1.57E-10,1.96E-10,2.29E-10,4.34E-10,6.11E-11,8.45E-10,2.57E-10,9.10E-11,1.39E-09,3.14E-10,8.10E-11,8.16E-10,4.91E-10,1.88E-10,1.27E-10,1.21E-09,6.99E-10,2.00E-10,2.56E-10,4.61E-10,2.16E-10,1.10E-10,1.12E-10,1.71E-10,5.79E-10,1.26E-10,2.11E-11,3.74E-10,1.23E-09,2.32E-10,5.94E-11,2.00E-10,3.18E-10,2.95E-10,3.93E-10,2.33E-10,4.37E-10,4.23E-10,1.30E-10,1.56E-11,1.95E-10,3.15E-10,4.08E-10,1.94E-10,6.07E-11,3.44E-11,5.87E-10,4.66E-10,1.34E-09,2.94E-11,2.36E-10,4.31E-10,2.93E-10,3.01E-10,1.94E-09,7.58E-10,3.81E-10,1.20E-10,3.99E-11,4.26E-11,3.05E-10,1.18E-10,5.35E-10,3.20E-11,7.89E-10,4.46E-10,4.39E-10,6.37E-10,1.18E-10
32.75,33.25,A,10,3.11E-08,3.92E-08,1.06E-09,2.61E-09,4.07E-09,1.88E-09,2.81E-09,2.58E-10,1.29E-09,1.31E-09,1.37E-10,6.28E-11,1.19E-09,6.02E-10,3.65E-10,3.02E-10,5.56E-10,3.19E-11,1.70E-11,5.54E-10,3.29E-10,2.26E-10,2.46E-11,6.13E-10,3.10E-10,3.90E-10,9.50E-11,1.21E-10,1.05E-10,1.57E-10,3.11E-08,3.92E-08,1.06E-09,2.61E-09,4.07E-09,1.88E-09,2.81E-09,2.58E-10,1.29E-09,1.31E-09,1.37E-10,6.28E-11,1.19E-09,6.02E-10,3.65E-10,3.02E-10,5.56E-10,3.19E-11,1.70E-11,5.54E-10,3.29E-10,2.26E-10,2.46E-11,6.13E-10,3.10E-10,3.90E-10,9.50E-11,1.21E-10,1.05E-10,1.57E-10,6.19E-10,4.08E-10,2.21E-10,6.22E-11,5.25E-10,1.68E-10,3.42E-10,1.27E-10,4.00E-12,2.03E-10,6.44E-11,5.46E-10,5.61E-11,7.79E-11,8.02E-11,1.54E-10,2.47E-10,1.04E-09,1.20E-10,8.87E-10,3.44E-11,7.08E-10,2.36E-10,4.33E-10,4.46E-11,7.12E-10,6.37E-10,3.29E-10,3.72E-10,1.05E-09,1.10E-09,3.05E-10,2.62E-10,2.53E-11,3.40E-10,1.13E-09,5.98E-11,6.78E-10,8.63E-10,3.69E-10,3.98E-10,4.28E-10,7.52E-11,1.44E-10,2.71E-10,2.90E-10,6.98E-10,6.03E-10,3.94E-11,3.66E-10,3.09E-11,3.31E-10,1.87E-09,4.50E-10,2.94E-11,7.28E-10,1.42E-10,9.06E-11,2.73E-10,3.60E-10,3.63E-10,6.47E-10,6.10E-11,1.21E-10,2.95E-12,2.81E-10,3.79E-10,7.84E-11,5.65E-11,2.78E-11,3.92E-10,1.18E-10,5.80E-10,2.99E-10,3.17E-10,2.45E-10,8.48E-10,9.63E-10,2.53E-10,1.23E-10,1.26E-10,9.44E-11,1.11E-09,1.88E-10,2.16E-10,3.93E-10,2.61E-10,1.09E-09,1.69E-11,5.90E-10,6.50E-11,6.65E-10,1.46E-10,7.40E-10,2.44E-10,1.09E-09,3.12E-10,5.03E-10,4.43E-10,1.99E-10,2.81E-10,6.85E-11,5.37E-11,1.13E-10,1.20E-11,2.84E-10,4.37E-10,5.39E-10,1.18E-10,7.64E-11,2.28E-10,8.04E-11,2.64E-10,3.54E-10,6.85E-11,2.37E-10,1.25E-11,9.07E-11,3.43E-10,6.89E-11,1.11E-10,1.64E-10,9.93E-11,5.73E-11,1.14E-10,1.73E-10,2.81E-10,4.15E-10,1.03E-09,6.81E-11
33,33.5,A,10,2.91E-09,9.23E-09,7.43E-11,1.40E-09,2.34E-09,6.62E-10,8.72E-10,3.67E-10,1.73E-09,2.98E-09,1.37E-10,6.23E-11,8.24E-10,1.14E-09,6.11E-10,5.71E-11,9.18E-10,6.47E-10,8.14E-10,7.76E-10,1.92E-10,2.27E-10,5.42E-10,2.39E-10,3.47E-10,2.67E-11,2.08E-10,1.29E-10,2.63E-10,2.94E-10,2.91E-09,9.23E-09,7.43E-11,1.40E-09,2.34E-09,6.62E-10,8.72E-10,3.67E-10,1.73E-09,2.98E-09,1.37E-10,6.23E-11,8.24E-10,1.14E-09,6.11E-10,5.71E-11,9.18E-10,6.47E-10,8.14E-10,7.76E-10,1.92E-10,2.27E-10,5.42E-10,2.39E-10,3.47E-10,2.67E-11,2.08E-10,1.29E-10,2.63E-10,2.94E-10,4.10E-10,8.42E-11,4.78E-11,1.73E-10,4.91E-10,2.56E-10,5.00E-10,8.37E-11,7.68E-11,6.08E-10,2.97E-10,2.15E-11,1.10E-10,4.36E-10,3.36E-10,1.03E-10,7.57E-10,2.54E-10,2.68E-10,8.02E-10,3.74E-10,5.13E-10,7.54E-10,2.72E-10,3.93E-11,4.46E-10,7.02E-10,3.15E-10,1.82E-11,5.85E-12,4.02E-10,3.86E-11,7.83E-11,4.11E-10,6.13E-10,2.43E-11,2.64E-10,1.18E-10,2.28E-10,2.07E-10,1.15E-10,4.75E-10,2.81E-10,6.34E-10,7.71E-11,1.23E-10,7.26E-10,1.00E-10,2.47E-11,1.67E-10,2.26E-10,2.25E-10,1.12E-10,2.22E-10,1.50E-10,1.77E-10,1.38E-10,5.11E-10,3.33E-11,1.32E-10,8.05E-11,5.66E-11,1.76E-10,3.58E-10,7.32E-11,3.47E-10,1.15E-10,2.24E-10,2.80E-10,3.35E-11,2.08E-10,9.94E-11,5.00E-10,1.94E-10,2.93E-10,2.21E-11,1.09E-10,2.08E-10,9.27E-11,2.52E-11,6.55E-11,3.55E-11,2.86E-10,2.70E-10,1.99E-10,2.84E-10,8.12E-10,9.69E-10,1.87E-10,4.69E-10,5.09E-10,4.66E-10,9.48E-10,5.50E-10,1.98E-10,1.93E-10,4.84E-10,5.08E-10,1.76E-10,3.94E-10,8.24E-11,1.25E-11,1.59E-10,1.09E-10,2.70E-10,2.56E-10,4.42E-11,2.04E-10,8.52E-12,4.61E-10,2.87E-10,2.73E-10,7.34E-10,2.81E-10,2.09E-10,5.53E-10,5.55E-10,4.71E-10,1.31E-09,6.97E-11,2.62E-11,7.90E-11,1.35E-10,6.19E-10,9.34E-10,2.88E-11,3.43E-10,2.28E-10,3.31E-10,2.28E-10
33.25,33.75,A,10,1.13E-08,1.84E-08,5.76E-09,8.39E-09,2.41E-09,5.29E-11,6.14E-10,1.71E-09,3.04E-10,1.12E-10,5.62E-10,1.44E-09,3.61E-10,2.44E-10,1.12E-09,1.98E-10,8.50E-10,4.90E-10,5.59E-11,4.64E-10,2.55E-10,1.25E-09,1.38E-09,1.96E-10,4.37E-10,5.03E-10,1.57E-10,3.30E-10,2.49E-10,2.50E-10,1.13E-08,1.84E-08,5.76E-09,8.39E-09,2.41E-09,5.29E-11,6.14E-10,1.71E-09,3.04E-10,1.12E-10,5.62E-10,1.44E-09,3.61E-10,2.44E-10,1.12E-09,1.98E-10,8.50E-10,4.90E-10,5.59E-11,4.64E-10,2.55E-10,1.25E-09,1.38E-09,1.96E-10,4.37E-10,5.03E-10,1.57E-10,3.30E-10,2.49E-10,2.50E-10,1.66E-09,2.86E-10,3.52E-10,2.39E-11,1.12E-10,3.37E-10,7.46E-11,2.96E-11,2.97E-10,1.95E-10,4.12E-10,3.39E-10,1.14E-10,3.69E-10,8.71E-10,1.32E-10,1.38E-10,1.51E-10,4.28E-10,2.16E-11,6.61E-10,1.60E-10,1.15E-11,5.09E-11,3.87E-10,1.42E-10,4.21E-10,2.40E-10,1.45E-10,1.40E-10,4.19E-10,4.27E-10,9.35E-11,8.80E-11,1.10E-10,8.77E-11,1.32E-10,9.49E-11,2.24E-10,1.14E-10,5.19E-11,3.18E-10,4.71E-11,7.41E-11,2.29E-10,3.75E-11,2.89E-10,3.73E-10,1.33E-10,1.25E-10,2.39E-10,2.91E-10,1.24E-10,1.86E-10,1.79E-10,2.21E-10,6.76E-11,2.51E-10,1.46E-10,7.81E-10,3.52E-11,1.03E-10,8.37E-11,5.77E-11,2.87E-11,8.97E-10,2.40E-10,2.82E-10,5.37E-10,1.10E-11,2.31E-10,2.16E-10,1.55E-10,9.17E-11,3.19E-10,1.99E-11,9.38E-11,1.42E-10,1.15E-10,1.99E-11,3.16E-10,1.39E-10,1.15E-10,1.95E-10,1.04E-10,3.73E-10,2.54E-10,1.99E-10,1.09E-10,1.15E-10,2.45E-10,7.04E-11,1.05E-10,2.28E-10,2.25E-10,6.54E-11,2.20E-10,3.55E-11,4.07E-11,2.23E-10,1.36E-10,1.34E-10,3.69E-11,2.06E-10,5.69E-11,7.30E-11,1.70E-10,8.46E-11,2.32E-11,4.32E-11,5.08E-11,8.40E-11,6.57E-10,1.23E-10,4.52E-10,4.26E-11,5.99E-11,1.36E-10,2.14E-10,3.29E-11,1.49E-10,1.60E-10,7.98E-10,4.80E-10,2.25E-11,3.57E-10,8.41E-11,2.04E-10,2.84E-11,7.17E-11
33.5,34,A,10,2.69E-09,2.43E-08,6.92E-09,8.63E-09,3.05E-09,8.17E-11,7.12E-10,1.26E-09,2.65E-09,1.96E-10,1.52E-09,1.41E-10,9.80E-10,1.36E-09,2.05E-09,4.63E-10,3.70E-10,3.47E-10,1.59E-11,8.65E-10,1.84E-10,9.73E-10,4.45E-10,6.05E-10,9.73E-11,8.60E-10,7.20E-12,3.28E-10,2.16E-10,5.73E-10,2.69E-09,2.43E-08,6.92E-09,8.63E-09,3.05E-09,8.17E-11,7.12E-10,1.26E-09,2.65E-09,1.96E-10,1.52E-09,1.41E-10,9.80E-10,1.36E-09,2.05E-09,4.63E-10,3.70E-10,3.47E-10,1.59E-11,8.65E-10,1.84E-10,9.73E-10,4.45E-10,6.05E-10,9.73E-11,8.60E-10,7.20E-12,3.28E-10,2.16E-10,5.73E-10,4.59E-10,1.26E-10,1.26E-11,1.13E-10,2.96E-10,4.51E-10,2.56E-10,6.91E-11,2.70E-10,1.57E-10,2.27E-10,3.71E-10,2.14E-10,3.54E-10,3.16E-10,1.08E-10,2.40E-10,2.46E-10,3.73E-11,6.73E-11,3.45E-10,7.98E-10,3.41E-10,2.48E-11,5.54E-10,1.23E-10,1.04E-10,6.12E-10,7.69E-10,7.56E-11,6.47E-10,2.70E-10,5.90E-11,2.62E-11,5.61E-11,1.03E-09,2.02E-10,5.27E-11,1.96E-11,1.17E-10,9.81E-11,6.46E-10,4.09E-11,4.09E-10,8.35E-10,4.27E-11,7.72E-11,3.51E-10,4.83E-10,5.39E-11,3.06E-10,1.06E-10,3.50E-10,6.07E-10,4.65E-11,1.52E-10,6.36E-10,3.38E-10,2.10E-10,6.00E-11,3.71E-10,1.35E-10,3.73E-10,1.46E-10,3.07E-10,3.15E-10,4.39E-10,2.20E-11,4.78E-10,1.02E-10,1.01E-09,3.34E-10,4.12E-10,1.43E-10,2.10E-10,2.85E-10,3.17E-10,1.33E-10,1.39E-10,6.38E-10,5.86E-10,1.53E-10,9.44E-11,2.65E-10,7.87E-11,1.08E-10,8.32E-11,2.64E-10,4.52E-10,1.68E-10,1.71E-10,1.52E-10,4.04E-11,3.10E-10,6.29E-10,6.95E-10,1.03E-10,1.24E-10,5.57E-11,1.11E-09,1.21E-10,2.46E-10,5.23E-10,4.69E-10,1.43E-10,1.79E-10,2.63E-10,1.10E-10,1.52E-10,3.41E-10,2.56E-10,3.61E-10,1.86E-10,3.98E-10,1.33E-10,1.90E-10,7.78E-11,4.56E-11,3.75E-10,4.98E-11,5.29E-10,2.73E-10,2.29E-10,3.49E-10,9.44E-11,2.77E-10,8.67E-11,1.04E-10,9.14E-11,1.43E-11
33.75,34.25,A,10,2.44E-08,1.51E-08,1.31E-08,1.20E-09,7.00E-09,1.33E-09,1.06E-09,1.27E-09,1.19E-09,3.22E-10,5.53E-10,9.64E-10,1.82E-10,1.44E-09,1.20E-09,5.68E-10,4.39E-10,3.65E-10,2.12E-10,1.18E-10,5.59E-10,2.40E-10,1.96E-10,3.41E-11,1.18E-10,2.74E-10,1.27E-10,1.81E-09,2.61E-10,2.17E-11,2.44E-08,1.51E-08,1.31E-08,1.20E-09,7.00E-09,1.33E-09,1.06E-09,1.27E-09,1.19E-09,3.22E-10,5.53E-10,9.64E-10,1.82E-10,1.44E-09,1.20E-09,5.68E-10,4.39E-10,3.65E-10,2.12E-10,1.18E-10,5.59E-10,2.40E-10,1.96E-10,3.41E-11,1.18E-10,2.74E-10,1.27E-10,1.81E-09,2.61E-10,2.17E-11,7.88E-11,3.78E-10,3.04E-10,6.92E-10,3.12E-10,7.65E-11,5.59E-10,9.21E-12,4.33E-10,3.40E-10,2.92E-10,2.01E-10,1.18E-10,1.10E-10,4.63E-10,4.35E-10,2.69E-10,1.12E-10,4.05E-10,1.64E-10,5.10E-11,6.83E-11,1.05E-10,2.08E-10,6.10E-11,1.08E-10,9.65E-11,2.20E-10,3.52E-10,1.39E-10,7.56E-11,3.13E-10,1.75E-10,1.98E-10,1.85E-10,2.18E-10,5.52E-11,5.92E-10,1.93E-11,1.57E-10,5.38E-11,4.00E-10,3.02E-10,1.05E-10,3.14E-10,1.43E-10,1.77E-10,7.90E-11,1.84E-10,8.03E-11,3.39E-10,1.35E-10,2.49E-11,2.89E-10,2.88E-10,7.71E-11,3.78E-11,2.85E-11,2.54E-10,2.88E-10,7.84E-10,3.16E-11,1.67E-10,1.31E-10,1.42E-10,1.32E-10,3.51E-11,4.01E-10,4.45E-10,3.13E-10,4.03E-11,3.70E-10,1.50E-10,4.11E-11,2.12E-10,8.99E-11,1.39E-10,2.21E-10,1.73E-10,1.08E-10,1.26E-10,1.09E-10,3.01E-10,6.08E-10,3.20E-10,2.57E-10,3.48E-10,2.65E-10,6.54E-12,1.58E-10,3.45E-10,1.55E-10,1.77E-10,2.23E-10,4.34E-10,6.35E-10,5.27E-11,3.36E-10,3.25E-10,7.40E-11,3.06E-10,5.08E-10,5.91E-10,1.03E-09,4.49E-10,1.13E-10,7.29E-10,7.22E-10,1.15E-10,2.74E-10,9.59E-11,3.11E-10,4.16E-10,1.15E-10,2.09E-10,8.60E-11,1.01E-10,2.20E-10,1.78E-10,4.16E-11,3.56E-10,6.19E-11,4.91E-11,4.68E-10,3.49E-10,3.17E-10,7.06E-11,9.42E-11,2.35E-10,6.74E-10
34,34.5,A,10,8.02E-10,3.77E-08,2.62E-08,1.44E-09,5.72E-09,3.90E-10,8.11E-10,7.74E-10,1.23E-09,7.79E-11,2.41E-10,6.88E-11,2.73E-09,1.39E-10,1.11E-09,4.10E-10,2.64E-10,6.05E-10,1.04E-10,7.28E-10,2.77E-10,5.18E-10,8.00E-10,6.82E-11,6.41E-10,5.32E-10,3.50E-10,3.90E-10,8.75E-10,1.91E-10,8.02E-10,3.77E-08,2.62E-08,1.44E-09,5.72E-09,3.90E-10,8.11E-10,7.74E-10,1.23E-09,7.79E-11,2.41E-10,6.88E-11,2.73E-09,1.39E-10,1.11E-09,4.10E-10,2.64E-10,6.05E-10,1.04E-10,7.28E-10,2.77E-10,5.18E-10,8.00E-10,6.82E-11,6.41E-10,5.32E-10,3.50E-10,3.90E-10,8.75E-10,1.91E-10,3.80E-11,9.72E-10,7.09E-10,7.21E-11,1.40E-09,5.46E-10,2.25E-11,6.68E-10,2.06E-10,1.39E-09,6.51E-10,1.22E-09,2.84E-10,3.54E-10,6.79E-11,3.48E-10,4.49E-11,5.51E-11,9.20E-11,1.57E-10,3.59E-10,2.47E-11,1.39E-10,2.12E-10,5.27E-11,5.07E-12,2.26E-10,3.94E-10,9.13E-10,1.48E-10,9.30E-11,9.66E-10,2.19E-10,6.50E-10,4.33E-10,4.94E-10,7.78E-10,1.78E-10,4.15E-10,1.59E-10,2.20E-10,1.40E-09,5.14E-10,6.27E-10,1.16E-10,1.24E-10,6.78E-10,2.12E-09,1.41E-09,2.25E-10,3.17E-10,1.85E-10,2.25E-10,3.53E-10,8.94E-10,6.09E-11,6.23E-10,3.28E-10,8.72E-11,2.06E-10,6.54E-10,3.82E-10,4.84E-10,3.09E-10,1.28E-10,6.39E-10,3.73E-10,4.85E-10,2.74E-10,1.14E-10,9.27E-10,4.75E-11,4.45E-10,2.31E-10,5.37E-10,4.49E-10,1.27E-10,7.14E-10,5.45E-10,8.02E-11,1.66E-10,9.55E-11,1.28E-10,1.66E-10,3.76E-10,3.61E-10,2.66E-10,9.27E-11,1.05E-10,2.62E-10,3.75E-10,1.75E-09,4.53E-10,2.49E-10,4.77E-11,6.92E-10,4.54E-10,7.15E-10,5.94E-10,5.16E-10,2.62E-10,3.66E-10,8.18E-10,5.36E-10,8.92E-10,3.39E-10,1.14E-10,4.35E-10,1.75E-10,1.56E-10,2.52E-11,8.22E-11,2.03E-10,2.59E-10,1.86E-10,1.06E-10,4.40E-11,9.48E-11,1.04E-10,1.02E-10,4.44E-10,3.52E-10,6.01E-10,1.97E-10,2.63E-10,3.59E-10,2.05E-11,7.79E-11,1.52E-11,6.67E-11
34.25,34.75,A,10,2.92E-10,1.34E-08,8.45E-09,2.69E-09,1.84E-09,2.02E-09,2.10E-10,4.22E-10,6.59E-10,1.20E-10,3.99E-10,1.93E-10,2.65E-10,1.00E-10,8.90E-10,1.37E-10,1.83E-11,2.03E-10,9.62E-12,4.21E-10,3.70E-10,1.80E-10,4.22E-11,5.65E-10,1.84E-10,4.01E-10,1.33E-10,3.46E-10,3.25E-10,3.67E-10,2.92E-10,1.34E-08,8.45E-09,2.69E-09,1.84E-09,2.02E-09,2.10E-10,4.22E-10,6.59E-10,1.20E-10,3.99E-10,1.93E-10,2.65E-10,1.00E-10,8.90E-10,1.37E-10,1.83E-11,2.03E-10,9.62E-12,4.21E-10,3.70E-10,1.80E-10,4.22E-11,5.65E-10,1.84E-10,4.01E-10,1.33E-10,3.46E-10,3.25E-10,3.67E-10,1.54E-09,8.47E-11,1.28E-10,4.13E-10,2.72E-10,7.98E-11,2.12E-10,1.71E-10,4.01E-11,3.37E-10,3.22E-10,7.67E-11,7.46E-11,1.94E-11,1.96E-10,2.50E-10,2.72E-11,2.04E-10,4.41E-10,1.36E-10,6.67E-10,1.18E-10,4.18E-10,4.48E-10,4.54E-10,2.30E-10,1.30E-10,2.38E-10,3.02E-10,3.01E-10,1.43E-10,1.00E-10,4.57E-10,2.35E-10,6.79E-11,2.20E-10,4.01E-10,4.44E-10,8.32E-10,1.34E-10,3.75E-11,1.08E-10,9.71E-11,8.14E-11,3.15E-10,2.38E-10,1.06E-10,7.81E-10,5.09E-10,1.18E-10,1.01E-10,2.15E-10,2.82E-10,2.39E-10,7.69E-11,4.02E-10,1.92E-10,7.49E-11,4.05E-10,4.96E-10,1.98E-10,2.68E-10,2.97E-10,1.13E-10,7.87E-10,1.68E-11,3.74E-10,1.76E-10,1.05E-10,4.57E-11,1.36E-10,1.93E-10,4.86E-11,4.08E-10,8.36E-11,1.83E-10,8.47E-11,1.51E-10,3.62E-11,1.37E-10,3.20E-10,6.45E-10,3.87E-10,1.06E-10,7.12E-10,5.56E-11,2.19E-10,1.44E-10,6.39E-11,1.59E-10,1.81E-10,4.39E-10,9.25E-11,3.45E-12,2.55E-10,5.75E-10,1.20E-10,2.43E-10,5.25E-11,2.32E-10,4.32E-11,3.78E-11,1.97E-10,9.51E-11,2.77E-10,1.32E-10,6.80E-10,3.44E-11,1.00E-10,2.73E-10,1.26E-10,2.64E-10,3.41E-10,2.72E-10,2.10E-10,4.21E-11,5.82E-10,1.26E-10,8.87E-10,1.17E-09,6.22E-11,1.02E-10,1.02E-10,2.74E-11,5.41E-11,8.20E-11,1.51E-10,1.13E-10,2.92E-11,2.88E-11
34.5,35,A,10,1.09E-08,1.78E-08,7.40E-09,1.41E-09,2.24E-09,2.41E-09,9.28E-10,4.45E-10,1.31E-09,2.24E-10,3.03E-10,4.79E-10,1.39E-10,5.87E-10,2.95E-10,3.80E-10,2.54E-10,3.41E-10,4.83E-10,3.38E-10,4.38E-10,1.30E-10,3.71E-10,4.02E-10,1.60E-10,1.62E-10,1.01E-09,5.88E-11,2.59E-10,8.43E-10,1.09E-08,1.78E-08,7.40E-09,1.41E-09,2.24E-09,2.41E-09,9.28E-10,4.45E-10,1.31E-09,2.24E-10,3.03E-10,4.79E-10,1.39E-10,5.87E-10,2.95E-10,3.80E-10,2.54E-10,3.41E-10,4.83E-10,3.38E-10,4.38E-10,1.30E-10,3.71E-10,4.02E-10,1.60E-10,1.62E-10,1.01E-09,5.88E-11,2.59E-10,8.43E-10,2.17E-10,1.29E-10,2.09E-10,6.51E-10,2.20E-10,2.30E-10,2.10E-10,1.39E-10,8.68E-11,7.52E-11,3.87E-10,2.23E-10,6.22E-10,2.00E-11,2.05E-10,2.03E-10,3.65E-10,1.25E-10,3.20E-10,4.39E-11,6.85E-11,3.04E-10,5.89E-10,1.73E-10,2.70E-10,3.13E-10,7.60E-10,2.03E-10,5.40E-11,9.19E-10,1.59E-10,5.79E-10,5.92E-10,1.95E-10,1.14E-10,4.16E-10,4.02E-10,5.97E-10,1.61E-10,5.92E-10,8.13E-11,3.39E-10,1.17E-10,1.35E-10,4.36E-11,5.66E-11,1.33E-10,2.67E-10,1.29E-10,3.59E-10,2.06E-10,6.63E-10,2.84E-10,9.90E-10,1.92E-10,1.26E-10,1.21E-09,8.96E-10,1.78E-10,2.80E-10,7.69E-11,6.79E-10,1.15E-10,5.18E-10,1.18E-10,3.43E-10,1.04E-10,3.64E-10,5.08E-11,2.37E-10,1.46E-10,8.11E-11,3.80E-10,1.62E-10,1.99E-11,1.84E-10,4.97E-11,2.64E-11,6.48E-11,1.02E-10,2.03E-10,1.95E-10,1.87E-10,2.75E-11,2.65E-10,3.65E-11,2.19E-10,6.73E-11,7.46E-10,1.49E-11,5.11E-10,8.61E-11,2.63E-11,3.79E-11,2.87E-10,1.89E-10,1.39E-10,5.14E-11,2.84E-10,7.93E-10,2.39E-10,1.57E-10,5.97E-11,2.16E-10,4.13E-10,2.55E-10,7.18E-11,2.74E-11,4.84E-11,7.22E-11,7.36E-11,1.01E-09,1.38E-10,1.06E-10,1.29E-10,5.71E-11,2.99E-10,1.28E-10,2.62E-10,4.87E-10,6.94E-11,1.41E-11,2.73E-10,3.44E-10,1.99E-10,3.04E-10,1.71E-10,2.17E-10,6.71E-10,2.26E-11
34.75,35.25,A,10,3.80E-11,2.13E-08,5.33E-09,4.32E-09,6.67E-10,4.24E-10,4.01E-09,5.10E-10,1.49E-09,1.49E-10,1.18E-10,2.82E-09,6.80E-10,9.61E-10,9.71E-10,5.72E-10,4.69E-10,4.14E-09,7.56E-11,6.99E-10,1.90E-09,8.78E-10,6.12E-11,2.74E-10,5.71E-10,1.39E-10,4.89E-10,2.64E-10,8.14E-11,2.44E-10,3.80E-11,2.13E-08,5.33E-09,4.32E-09,6.67E-10,4.24E-10,4.01E-09,5.10E-10,1.49E-09,1.49E-10,1.18E-10,2.82E-09,6.80E-10,9.61E-10,9.71E-10,5.72E-10,4.69E-10,4.14E-09,7.56E-11,6.99E-10,1.90E-09,8.78E-10,6.12E-11,2.74E-10,5.71E-10,1.39E-10,4.89E-10,2.64E-10,8.14E-11,2.44E-10,5.18E-10,9.75E-11,7.19E-10,2.81E-10,3.57E-10,1.69E-11,1.55E-10,1.07E-10,1.06E-10,1.53E-09,2.89E-11,5.97E-10,1.30E-10,2.79E-10,1.91E-10,5.56E-11,6.30E-12,1.30E-10,9.34E-10,7.20E-10,1.98E-10,1.40E-10,3.27E-10,8.34E-10,5.80E-10,5.05E-10,1.70E-10,1.93E-10,2.30E-10,9.64E-12,3.13E-10,2.49E-10,4.34E-11,2.53E-11,1.70E-11,5.08E-10,2.06E-10,1.56E-10,4.59E-10,4.97E-10,1.43E-10,3.04E-11,7.29E-10,4.15E-10,1.44E-10,2.82E-10,5.03E-10,2.39E-10,8.99E-10,3.30E-10,3.45E-10,9.74E-11,3.90E-10,2.74E-10,4.22E-11,2.29E-10,5.37E-10,1.45E-10,4.41E-10,7.58E-10,2.50E-10,1.33E-10,4.32E-10,4.72E-10,1.66E-10,3.00E-10,3.23E-10,1.22E-10,2.01E-10,4.84E-11,7.40E-10,2.56E-10,1.27E-10,1.19E-09,1.76E-10,1.59E-10,3.14E-10,2.57E-10,1.62E-10,1.11E-10,3.97E-11,9.98E-10,5.44E-10,1.92E-10,5.98E-10,3.46E-10,6.57E-10,1.52E-09,1.85E-10,1.45E-11,9.96E-11,8.49E-11,8.99E-10,2.83E-10,2.76E-10,2.69E-10,3.57E-10,1.04E-10,2.28E-10,5.59E-11,2.03E-10,6.94E-11,3.06E-10,2.89E-10,9.46E-11,1.64E-10,5.65E-10,4.43E-11,3.95E-11,2.58E-10,1.30E-10,1.70E-10,1.70E-11,5.26E-10,1.71E-10,6.75E-10,1.25E-10,6.69E-11,3.03E-11,4.66E-10,2.83E-10,2.87E-10,1.25E-10,9.43E-11,1.82E-10,2.23E-10,4.91E-10,3.05E-10,2.22E-10,2.46E-10
35,35.5,A,10,4.69E-09,2.50E-08,7.88E-09,1.21E-08,4.94E-09,3.72E-09,1.09E-10,3.18E-09,4.29E-10,3.56E-10,3.33E-10,4.11E-10,3.37E-10,2.81E-10,1.55E-10,3.27E-10,6.13E-10,4.25E-10,4.57E-10,9.69E-10,2.99E-10,2.43E-10,1.52E-10,1.17E-10,2.18E-10,4.09E-11,1.19E-11,1.27E-10,3.17E-10,1.65E-10,4.69E-09,2.50E-08,7.88E-09,1.21E-08,4.94E-09,3.72E-09,1.09E-10,3.18E-09,4.29E-10,3.56E-10,3.33E-10,4.11E-10,3.37E-10,2.81E-10,1.55E-10,3.27E-10,6.13E-10,4.25E-10,4.57E-10,9.69E-10,2.99E-10,2.43E-10,1.52E-10,1.17E-10,2.18E-10,4.09E-11,1.19E-11,1.27E-10,3.17E-10,1.65E-10,1.46E-10,1.11E-10,6.84E-11,1.01E-09,8.74E-10,5.28E-10,4.49E-11,1.81E-10,8.82E-11,2.57E-10,1.17E-09,4.33E-10,4.00E-11,6.03E-11,1.87E-10,6.41E-11,3.31E-10,3.55E-10,7.98E-11,1.08E-11,1.67E-10,1.53E-10,2.19E-10,4.99E-10,2.73E-10,4.65E-10,3.46E-10,2.34E-10,4.84E-10,3.72E-10,1.81E-10,3.40E-10,1.84E-10,2.44E-10,1.72E-10,1.16E-10,3.27E-10,6.30E-11,1.35E-10,1.43E-10,5.69E-11,3.37E-10,4.27E-10,1.55E-10,3.27E-11,1.20E-10,3.85E-10,2.29E-10,6.77E-10,4.09E-10,8.51E-10,6.96E-10,7.84E-11,1.99E-10,2.44E-11,1.95E-10,6.03E-12,5.68E-11,5.33E-10,7.75E-11,1.02E-10,4.52E-10,7.27E-10,3.55E-11,1.38E-10,7.50E-11,1.61E-11,3.67E-10,3.87E-10,8.21E-11,8.65E-12,2.63E-11,4.06E-11,1.29E-10,2.20E-10,1.59E-10,3.33E-10,7.66E-11,1.95E-11,3.07E-10,1.95E-10,1.69E-10,1.42E-10,3.06E-11,2.60E-10,4.04E-10,2.17E-10,4.75E-11,2.31E-11,3.59E-10,8.95E-10,1.98E-10,7.20E-11,6.76E-11,5.79E-11,1.98E-10,8.41E-11,8.87E-11,1.72E-10,1.21E-10,4.34E-10,2.22E-10,5.76E-10,6.83E-10,5.61E-10,8.13E-11,4.83E-10,1.75E-10,2.02E-10,2.95E-10,1.78E-10,3.22E-11,1.12E-10,2.27E-10,1.85E-10,9.27E-11,2.27E-11,7.46E-11,1.30E-10,3.35E-13,6.61E-10,3.15E-10,5.98E-10,5.75E-10,1.47E-11,4.88E-11,9.27E-11,7.72E-11,6.67E-10,2.58E-10
35.25,35.75,A,10,4.24E-09,6.57E-08,9.01E-10,2.32E-09,3.37E-09,6.02E-09,1.50E-09,1.13E-09,4.78E-10,1.96E-10,8.33E-10,3.43E-10,9.90E-10,5.41E-10,5.92E-10,1.49E-10,1.81E-10,2.91E-10,1.66E-11,1.91E-10,2.17E-10,1.29E-10,6.28E-11,1.04E-10,2.13E-10,7.90E-10,2.89E-10,1.19E-10,1.24E-10,1.75E-10,4.24E-09,6.57E-08,9.01E-10,2.32E-09,3.37E-09,6.02E-09,1.50E-09,1.13E-09,4.78E-10,1.96E-10,8.33E-10,3.43E-10,9.90E-10,5.41E-10,5.92E-10,1.49E-10,1.81E-10,2.91E-10,1.66E-11,1.91E-10,2.17E-10,1.29E-10,6.28E-11,1.04E-10,2.13E-10,7.90E-10,2.89E-10,1.19E-10,1.24E-10,1.75E-10,7.23E-11,1.95E-10,2.85E-10,2.86E-10,9.60E-11,3.05E-10,4.83E-10,7.70E-11,1.71E-10,1.76E-10,1.69E-10,1.47E-10,2.08E-10,5.29E-11,3.17E-10,5.89E-10,3.45E-10,4.44E-11,1.88E-10,6.85E-10,6.23E-11,4.92E-10,5.19E-11,4.04E-10,3.25E-10,1.37E-10,2.69E-10,4.98E-10,1.74E-10,1.27E-10,5.07E-11,1.71E-10,9.64E-11,2.10E-10,4.73E-10,2.20E-10,1.98E-10,2.77E-10,4.11E-11,1.01E-10,2.79E-10,5.71E-11,5.93E-11,8.25E-11,1.10E-10,5.24E-11,1.13E-10,5.22E-11,5.81E-11,2.31E-11,1.02E-10,2.24E-10,1.61E-10,2.31E-10,4.02E-11,1.97E-10,1.83E-11,2.56E-10,2.65E-10,2.10E-10,1.22E-11,4.57E-12,2.85E-10,5.02E-10,1.06E-10,1.15E-10,5.98E-11,1.87E-10,3.39E-10,1.57E-10,1.85E-10,3.24E-11,2.28E-10,1.02E-10,1.38E-10,1.25E-11,7.61E-11,6.67E-11,1.65E-10,7.80E-11,3.95E-10,8.52E-11,7.85E-11,3.97E-11,2.32E-11,4.07E-11,2.07E-11,1.22E-10,9.77E-11,2.28E-10,1.93E-10,6.94E-11,1.48E-10,1.68E-10,1.16E-10,2.77E-10,1.75E-10,1.31E-10,3.07E-10,1.97E-10,5.50E-11,6.67E-11,2.41E-10,1.83E-10,3.07E-11,1.91E-10,5.82E-11,3.49E-10,1.34E-10,5.23E-11,4.44E-10,2.72E-10,1.55E-10,2.72E-10,2.79E-10,3.29E-10,5.41E-10,1.49E-10,1.49E-10,1.66E-10,6.94E-11,2.27E-10,1.87E-10,1.78E-10,3.54E-11,1.85E-10,1.64E-10,3.69E-11,9.00E-11,6.76E-11
35.5,36,A,10,1.29E-08,2.06E-08,5.09E-09,7.96E-10,2.82E-09,3.29E-09,2.33E-09,1.26E-09,7.35E-10,8.23E-10,1.93E-09,1.36E-10,7.28E-10,7.88E-10,1.14E-10,1.49E-10,1.08E-10,8.39E-11,6.08E-10,4.98E-10,1.95E-10,3.45E-10,1.19E-10,2.36E-10,6.31E-10,2.92E-10,6.41E-10,7.60E-11,2.10E-10,4.46E-10,1.29E-08,2.06E-08,5.09E-09,7.96E-10,2.82E-09,3.29E-09,2.33E-09,1.26E-09,7.35E-10,8.23E-10,1.93E-09,1.36E-10,7.28E-10,7.88E-10,1.14E-10,1.49E-10,1.08E-10,8.39E-11,6.08E-10,4.98E-10,1.95E-10,3.45E-10,1.19E-10,2.36E-10,6.31E-10,2.92E-10,6.41E-10,7.60E-11,2.10E-10,4.46E-10,7.01E-11,1.49E-09,1.23E-10,3.82E-10,1.96E-10,1.25E-10,1.02E-10,3.37E-11,4.76E-10,2.03E-10,9.48E-11,3.08E-10,1.03E-09,4.27E-11,4.11E-10,6.12E-10,5.46E-10,5.20E-10,5.28E-11,8.07E-10,5.40E-11,4.75E-10,5.96E-10,1.86E-10,6.10E-10,2.02E-10,2.41E-10,4.64E-10,4.73E-11,8.13E-10,4.02E-11,5.50E-10,6.14E-11,5.00E-11,9.23E-10,4.10E-10,6.26E-11,1.76E-10,3.16E-10,8.91E-11,3.29E-10,9.54E-11,2.73E-10,1.16E-10,3.93E-10,1.67E-10,1.06E-10,1.23E-10,1.57E-10,1.83E-10,9.46E-11,4.22E-10,8.79E-10,1.25E-10,1.18E-10,3.35E-10,4.70E-10,5.45E-11,1.68E-10,4.63E-10,5.00E-10,3.14E-10,2.09E-10,3.47E-10,3.73E-10,3.18E-10,1.59E-10,8.18E-11,3.51E-10,3.83E-10,5.32E-10,7.16E-10,1.91E-10,1.29E-10,2.96E-10,3.27E-10,3.47E-10,9.40E-11,4.52E-11,1.08E-10,2.52E-10,6.42E-10,2.19E-10,2.11E-10,1.19E-10,1.23E-10,1.43E-10,8.54E-11,5.54E-10,8.42E-11,1.52E-10,1.04E-10,7.15E-11,1.55E-10,5.82E-10,2.26E-10,2.02E-10,3.22E-10,4.79E-10,2.22E-10,2.45E-10,5.04E-11,2.03E-10,2.73E-10,2.64E-11,1.72E-10,3.57E-11,4.26E-11,2.41E-10,1.36E-10,1.04E-10,1.39E-09,7.66E-11,1.07E-10,2.09E-10,6.62E-11,4.43E-10,1.74E-10,3.34E-10,7.78E-11,3.05E-10,2.70E-11,4.06E-10,2.97E-10,4.37E-10,5.33E-10,5.07E-11,2.60E-10,9.43E-11,5.76E-10
35.75,36.25,A,10,3.21E-09,1.94E-08,5.45E-10,1.55E-09,2.66E-09,6.53E-09,5.05E-10,4.48E-10,4.52E-10,2.68E-10,6.21E-10,4.95E-10,9.19E-10,6.37E-10,1.55E-09,9.60E-10,1.63E-10,8.54E-10,4.83E-10,6.84E-10,4.44E-10,1.14E-09,1.46E-10,5.15E-10,2.80E-10,8.73E-10,2.24E-10,8.71E-10,6.44E-11,5.59E-10,3.21E-09,1.94E-08,5.45E-10,1.55E-09,2.66E-09,6.53E-09,5.05E-10,4.48E-10,4.52E-10,2.68E-10,6.21E-10,4.95E-10,9.19E-10,6.37E-10,1.55E-09,9.60E-10,1.63E-10,8.54E-10,4.83E-10,6.84E-10,4.44E-10,1.14E-09,1.46E-10,5.15E-10,2.80E-10,8.73E-10,2.24E-10,8.71E-10,6.44E-11,5.59E-10,2.03E-10,4.96E-10,4.63E-10,3.71E-10,3.08E-11,8.66E-11,6.22E-10,2.88E-10,4.99E-10,7.70E-12,6.06E-10,1.67E-10,4.04E-10,9.60E-11,3.26E-10,3.69E-10,5.25E-11,2.21E-10,1.91E-10,1.69E-10,5.56E-10,4.67E-10,4.13E-10,1.19E-10,2.52E-10,3.32E-10,2.50E-10,6.67E-10,2.06E-10,1.79E-10,5.37E-11,2.93E-10,6.97E-12,1.62E-10,4.03E-10,3.38E-10,2.20E-11,1.02E-10,5.82E-10,1.84E-10,2.66E-10,3.70E-10,9.58E-10,2.95E-10,1.65E-10,1.93E-10,1.49E-10,6.21E-10,8.44E-10,4.06E-10,1.31E-10,3.01E-10,1.54E-10,4.64E-11,1.63E-10,1.41E-10,8.96E-12,2.89E-12,5.19E-11,2.61E-10,2.68E-11,3.30E-11,2.43E-10,2.56E-10,2.05E-10,9.33E-11,2.13E-10,1.71E-10,1.21E-10,7.63E-11,3.43E-10,1.17E-10,4.71E-10,5.16E-10,5.87E-11,1.02E-10,1.74E-11,1.91E-11,5.36E-12,1.46E-10,2.98E-11,1.05E-11,8.42E-11,2.05E-10,2.71E-10,7.14E-11,7.05E-11,4.37E-10,2.77E-11,3.16E-10,1.65E-10,1.07E-09,7.60E-11,6.96E-11,1.53E-10,5.69E-11,2.79E-10,2.68E-10,6.73E-11,3.82E-10,2.26E-10,1.29E-11,1.04E-10,1.87E-10,6.10E-11,6.44E-11,4.04E-11,5.76E-11,1.89E-10,2.36E-10,1.20E-10,1.48E-10,1.54E-10,3.63E-10,4.99E-11,3.14E-10,5.32E-10,6.13E-10,2.53E-10,4.41E-11,1.01E-10,1.76E-10,2.36E-11,2.87E-10,1.09E-10,1.32E-10,5.27E-11,1.47E-10,3.26E-10,5.31E-10
36,36.5,A,10,1.55E-08,9.21E-09,2.39E-09,5.21E-10,4.69E-09,2.53E-10,5.41E-10,1.47E-09,2.24E-10,6.13E-10,2.07E-10,1.03E-09,4.63E-10,7.36E-10,9.73E-11,5.23E-10,4.18E-10,1.17E-10,2.18E-11,8.70E-11,6.00E-11,2.08E-10,6.17E-10,1.80E-11,1.96E-10,2.88E-10,1.12E-10,5.78E-10,6.41E-11,2.55E-10,1.55E-08,9.21E-09,2.39E-09,5.21E-10,4.69E-09,2.53E-10,5.41E-10,1.47E-09,2.24E-10,6.13E-10,2.07E-10,1.03E-09,4.63E-10,7.36E-10,9.73E-11,5.23E-10,4.18E-10,1.17E-10,2.18E-11,8.70E-11,6.00E-11,2.08E-10,6.17E-10,1.80E-11,1.96E-10,2.88E-10,1.12E-10,5.78E-10,6.41E-11,2.55E-10,3.32E-10,1.06E-10,4.86E-10,2.51E-10,4.62E-11,2.05E-10,6.62E-11,5.65E-11,2.18E-10,5.31E-11,7.42E-11,2.06E-10,8.18E-11,2.24E-11,4.00E-10,1.91E-10,2.57E-10,1.56E-10,1.19E-10,7.08E-11,1.05E-10,1.09E-10,4.67E-11,2.66E-10,1.89E-10,4.19E-11,1.05E-10,5.19E-11,1.99E-10,1.44E-10,1.62E-10,9.85E-11,2.10E-10,6.97E-10,7.29E-12,2.82E-10,1.86E-10,9.33E-11,1.84E-10,2.82E-10,8.45E-11,5.97E-11,2.15E-10,5.64E-11,4.25E-11,1.70E-10,1.20E-10,6.95E-11,9.78E-11,1.48E-10,4.54E-11,3.56E-11,5.92E-11,4.25E-11,4.53E-11,3.25E-10,1.95E-10,4.22E-11,5.49E-11,4.85E-10,1.32E-10,4.04E-10,5.70E-11,1.83E-10,1.57E-10,2.51E-11,2.30E-11,4.41E-10,3.66E-11,1.94E-10,2.93E-11,1.58E-10,1.13E-10,1.57E-10,6.46E-11,1.63E-10,1.53E-10,1.55E-11,1.26E-11,1.69E-10,2.83E-10,8.39E-11,5.54E-11,1.53E-10,9.23E-11,4.58E-10,2.15E-10,5.99E-10,1.85E-11,5.22E-10,1.07E-10,1.61E-10,1.66E-11,3.59E-10,1.67E-12,2.44E-10,1.02E-11,9.76E-11,4.53E-11,3.43E-10,2.04E-10,2.65E-10,2.82E-11,9.99E-11,1.56E-10,5.62E-10,2.42E-10,2.71E-11,3.77E-10,1.10E-10,8.61E-11,2.27E-10,4.67E-11,9.76E-11,1.11E-10,1.53E-10,2.92E-10,2.66E-11,1.80E-10,4.63E-10,6.37E-11,1.46E-10,2.86E-10,9.39E-11,6.38E-11,6.88E-11,4.99E-10,2.25E-10,1.45E-10,2.60E-10
36.25,36.75,A,10,4.80E-08,7.94E-09,5.37E-09,5.65E-09,9.88E-10,3.57E-09,3.41E-09,1.99E-09,2.50E-09,1.63E-09,9.83E-11,4.12E-10,1.49E-09,8.67E-10,2.84E-10,6.87E-10,1.22E-10,8.74E-10,4.43E-10,6.78E-11,2.32E-10,3.06E-10,4.11E-10,3.00E-11,2.78E-10,9.76E-11,3.96E-10,1.51E-10,2.74E-10,2.21E-10,4.80E-08,7.94E-09,5.37E-09,5.65E-09,9.88E-10,3.57E-09,3.41E-09,1.99E-09,2.50E-09,1.63E-09,9.83E-11,4.12E-10,1.49E-09,8.67E-10,2.84E-10,6.87E-10,1.22E-10,8.74E-10,4.43E-10,6.78E-11,2.32E-10,3.06E-10,4.11E-10,3.00E-11,2.78E-10,9.76E-11,3.96E-10,1.51E-10,2.74E-10,2.21E-10,4.13E-11,1.30E-10,2.39E-10,2.14E-09,1.56E-10,1.26E-10,6.48E-10,3.12E-11,2.42E-10,2.33E-10,3.05E-10,4.50E-10,5.29E-10,2.89E-10,5.97E-11,1.71E-09,4.69E-10,8.85E-10,9.96E-11,1.01E-10,1.28E-10,2.00E-10,2.63E-10,5.66E-10,2.95E-10,1.20E-10,6.19E-10,2.40E-10,6.00E-10,7.97E-11,3.12E-10,3.09E-10,3.37E-11,3.03E-10,6.29E-10,3.69E-10,7.75E-10,2.69E-10,4.54E-11,1.44E-10,4.63E-10,6.51E-11,5.08E-10,7.04E-10,1.82E-10,2.42E-10,1.57E-10,6.60E-11,1.27E-10,4.65E-10,6.94E-10,3.03E-10,7.62E-11,3.68E-10,1.08E-10,2.22E-10,2.59E-10,8.93E-11,3.55E-10,5.40E-10,7.15E-11,3.53E-10,6.13E-10,2.14E-10,5.24E-10,2.19E-10,1.06E-09,1.94E-10,2.43E-10,3.88E-10,3.35E-10,3.38E-10,1.52E-10,2.63E-10,1.61E-10,4.36E-10,1.58E-11,1.17E-10,1.91E-10,1.39E-09,2.99E-10,6.35E-10,7.45E-11,8.84E-11,6.80E-11,2.96E-10,6.91E-10,4.41E-11,2.31E-11,4.86E-10,2.92E-10,2.84E-10,2.79E-10,8.85E-11,2.77E-10,5.33E-10,2.32E-10,1.14E-09,3.31E-10,1.81E-10,1.16E-10,4.37E-11,1.57E-11,5.78E-10,3.23E-10,5.78E-11,4.73E-10,4.67E-10,2.54E-10,1.03E-10,3.81E-10,4.33E-11,9.78E-11,2.99E-11,1.07E-09,1.67E-10,1.53E-10,3.25E-10,1.13E-10,1.49E-10,1.75E-09,9.32E-10,2.43E-10,1.76E-10,1.09E-10,3.80E-10,1.85E-11,2.95E-11,1.47E-10,2.23E-11
36.5,37,A,10,1.84E-08,2.25E-08,3.16E-09,1.68E-09,5.59E-09,4.00E-09,2.72E-09,1.20E-09,3.62E-10,2.18E-09,6.04E-10,7.83E-10,9.26E-10,1.98E-10,6.54E-10,3.42E-10,5.11E-10,9.79E-11,6.27E-11,3.29E-10,9.37E-10,7.68E-10,7.87E-10,1.60E-10,3.82E-10,5.46E-10,7.06E-10,3.84E-10,7.50E-11,2.00E-10,1.84E-08,2.25E-08,3.16E-09,1.68E-09,5.59E-09,4.00E-09,2.72E-09,1.20E-09,3.62E-10,2.18E-09,6.04E-10,7.83E-10,9.26E-10,1.98E-10,6.54E-10,3.42E-10,5.11E-10,9.79E-11,6.27E-11,3.29E-10,9.37E-10,7.68E-10,7.87E-10,1.60E-10,3.82E-10,5.46E-10,7.06E-10,3.84E-10,7.50E-11,2.00E-10,1.94E-10,1.09E-10,3.67E-10,7.94E-10,3.94E-10,1.14E-10,3.15E-10,3.35E-10,3.44E-11,4.51E-11,8.48E-11,6.98E-11,7.59E-11,3.62E-10,7.62E-11,6.90E-11,1.09E-10,4.49E-11,8.97E-11,1.13E-10,2.34E-10,9.55E-12,1.07E-10,3.78E-10,1.78E-10,4.84E-11,1.63E-10,2.93E-10,4.56E-11,3.58E-10,5.49E-10,1.68E-10,4.25E-10,3.77E-10,2.38E-10,3.09E-10,2.76E-10,4.55E-10,9.71E-10,4.33E-10,4.57E-10,3.24E-11,1.49E-10,1.59E-10,4.14E-11,3.87E-10,5.13E-11,2.39E-10,2.08E-10,1.83E-10,2.69E-10,4.07E-11,9.01E-11,1.35E-11,4.95E-10,5.07E-10,8.00E-10,4.34E-11,7.25E-10,1.28E-10,2.19E-10,1.33E-09,3.26E-10,3.12E-11,1.34E-10,3.19E-10,3.94E-11,7.06E-11,3.54E-10,2.65E-11,6.65E-11,1.56E-10,3.09E-10,8.61E-11,1.12E-10,5.58E-11,7.75E-10,1.87E-10,1.14E-10,1.26E-10,1.66E-11,1.43E-10,1.97E-10,4.25E-10,1.64E-10,1.85E-11,2.33E-10,2.98E-10,2.22E-10,1.07E-10,2.79E-10,4.63E-10,1.13E-09,3.14E-10,1.03E-09,4.97E-10,1.28E-10,1.44E-10,2.84E-11,2.38E-10,1.57E-10,4.31E-10,1.27E-10,2.08E-10,3.49E-11,6.05E-10,1.37E-11,6.32E-10,1.31E-10,1.30E-10,4.45E-11,3.68E-11,5.11E-11,1.85E-10,7.24E-10,1.13E-09,3.06E-10,4.76E-11,6.72E-11,1.66E-10,1.64E-10,1.28E-10,2.29E-10,1.56E-10,5.92E-11,4.09E-10,3.84E-11,5.65E-11,8.17E-10,1.02E-10
36.75,37.25,A,10,8.89E-09,2.06E-08,1.29E-08,3.13E-09,5.39E-09,4.44E-10,1.36E-10,1.51E-09,9.35E-10,1.72E-09,1.76E-10,2.39E-10,9.72E-11,1.38E-09,2.71E-10,3.60E-10,4.78E-10,5.60E-10,2.61E-10,2.76E-10,3.24E-11,4.08E-11,2.52E-10,9.58E-11,2.13E-10,1.48E-10,2.00E-10,1.08E-10,1.32E-10,8.88E-12,8.89E-09,2.06E-08,1.29E-08,3.13E-09,5.39E-09,4.44E-10,1.36E-10,1.51E-09,9.35E-10,1.72E-09,1.76E-10,2.39E-10,9.72E-11,1.38E-09,2.71E-10,3.60E-10,4.78E-10,5.60E-10,2.61E-10,2.76E-10,3.24E-11,4.08E-11,2.52E-10,9.58E-11,2.13E-10,1.48E-10,2.00E-10,1.08E-10,1.32E-10,8.88E-12,7.99E-11,1.23E-10,2.01E-10,2.58E-10,5.92E-10,3.79E-10,1.19E-11,8.22E-11,5.81E-11,2.73E-10,1.23E-10,3.11E-10,1.16E-10,1.44E-10,9.58E-11,2.10E-10,5.21E-11,2.25E-10,2.98E-10,7.51E-11,1.23E-10,2.60E-10,3.77E-11,2.22E-10,3.18E-10,4.92E-11,1.99E-10,7.12E-11,9.45E-11,1.83E-10,2.38E-10,9.73E-11,7.15E-11,3.80E-11,3.01E-11,5.16E-10,8.76E-12,7.37E-11,7.26E-11,6.19E-11,1.71E-11,3.12E-10,3.23E-10,1.22E-10,3.43E-10,1.75E-10,1.00E-10,3.31E-10,3.65E-10,5.88E-10,1.86E-10,1.73E-10,3.10E-11,1.22E-10,3.39E-10,6.44E-11,5.11E-10,9.27E-11,3.27E-10,5.01E-12,3.90E-10,1.87E-10,9.08E-11,4.74E-11,3.57E-10,1.43E-10,2.27E-10,3.16E-10,2.48E-10,4.97E-10,3.07E-11,1.07E-09,2.67E-10,4.46E-10,6.69E-11,2.04E-10,2.05E-10,5.97E-10,8.50E-10,3.88E-10,4.57E-10,3.45E-10,6.30E-11,6.16E-10,3.05E-10,3.27E-10,4.32E-10,2.38E-10,4.25E-10,2.51E-10,7.87E-11,2.33E-10,2.75E-10,2.48E-10,2.01E-10,3.40E-10,1.87E-11,5.02E-10,1.36E-10,6.34E-11,2.76E-10,8.99E-11,7.68E-11,1.18E-10,2.10E-10,1.46E-10,4.95E-10,9.10E-11,1.97E-10,1.11E-10,9.96E-11,3.96E-11,1.21E-10,2.22E-10,8.78E-11,3.64E-10,2.19E-10,1.77E-10,3.05E-10,1.68E-10,3.40E-10,1.87E-10,2.71E-10,5.10E-11,9.26E-11,1.55E-10,2.09E-10,3.20E-11,5.13E-11,3.45E-11
37,37.5,A,10,1.99E-08,1.02E-08,1.76E-08,1.39E-08,1.50E-09,2.27E-10,3.87E-09,2.80E-09,4.29E-09,3.21E-10,5.16E-09,9.58E-10,6.26E-10,2.46E-09,3.83E-10,7.48E-11,6.71E-10,3.79E-09,6.56E-10,1.18E-09,3.61E-10,7.96E-10,6.88E-11,3.48E-11,3.70E-10,5.46E-10,3.42E-10,1.07E-10,3.19E-10,5.21E-10,1.99E-08,1.02E-08,1.76E-08,1.39E-08,1.50E-09,2.27E-10,3.87E-09,2.80E-09,4.29E-09,3.21E-10,5.16E-09,9.58E-10,6.26E-10,2.46E-09,3.83E-10,7.48E-11,6.71E-10,3.79E-09,6.56E-10,1.18E-09,3.61E-10,7.96E-10,6.88E-11,3.48E-11,3.70E-10,5.46E-10,3.42E-10,1.07E-10,3.19E-10,5.21E-10,1.44E-10,1.52E-09,8.49E-10,1.18E-09,5.70E-11,3.69E-10,7.16E-10,1.56E-09,1.54E-10,4.18E-10,8.68E-11,6.27E-10,1.95E-10,6.69E-11,2.41E-11,1.06E-10,2.93E-10,7.72E-11,2.33E-10,2.50E-10,2.06E-10,6.66E-11,2.65E-12,4.98E-11,6.02E-11,5.41E-11,2.25E-11,2.79E-10,2.83E-10,2.97E-10,4.85E-10,2.02E-10,8.15E-10,3.59E-11,4.75E-10,8.17E-10,6.21E-10,3.94E-11,2.46E-11,1.03E-09,1.30E-10,4.21E-11,1.00E-10,6.30E-10,3.48E-10,2.09E-10,1.27E-10,7.79E-10,3.35E-10,2.79E-10,3.47E-11,6.10E-11,3.05E-11,4.75E-11,8.27E-11,6.53E-11,1.62E-10,8.59E-11,1.65E-10,8.50E-10,3.08E-10,1.40E-10,1.41E-09,8.62E-10,1.08E-10,5.67E-11,2.96E-10,4.52E-11,4.05E-10,1.45E-11,2.01E-11,1.15E-10,2.68E-10,7.65E-10,1.02E-10,1.47E-10,2.96E-11,3.79E-11,8.71E-10,5.60E-10,1.93E-10,7.47E-10,5.61E-10,2.17E-10,2.07E-10,8.51E-11,2.97E-10,1.81E-10,1.71E-10,1.76E-10,2.24E-10,4.75E-10,3.55E-10,2.35E-11,3.21E-10,1.05E-10,6.56E-11,7.32E-10,3.21E-10,9.12E-11,8.48E-11,6.73E-10,5.84E-11,2.25E-10,2.05E-10,1.01E-10,6.14E-11,6.20E-10,5.94E-11,1.98E-10,2.23E-10,1.88E-10,8.17E-10,2.78E-10,4.18E-10,2.03E-10,1.45E-09,1.05E-10,2.73E-10,1.32E-10,3.27E-10,4.89E-11,4.97E-11,4.68E-11,7.93E-10,2.83E-10,3.07E-10,7.76E-11,5.89E-10,6.68E-11
37.25,37.75,A,10,3.25E-09,3.68E-08,1.73E-09,3.04E-09,2.59E-09,3.64E-09,9.44E-10,6.89E-10,4.83E-09,5.15E-10,8.37E-10,6.41E-10,2.84E-10,9.57E-10,2.33E-09,2.31E-10,6.44E-10,9.44E-10,2.85E-10,1.01E-10,4.76E-11,4.11E-10,1.78E-10,7.93E-10,1.51E-10,3.63E-10,6.48E-10,3.28E-11,9.27E-10,4.74E-11,3.25E-09,3.68E-08,1.73E-09,3.04E-09,2.59E-09,3.64E-09,9.44E-10,6.89E-10,4.83E-09,5.15E-10,8.37E-10,6.41E-10,2.84E-10,9.57E-10,2.33E-09,2.31E-10,6.44E-10,9.44E-10,2.85E-10,1.01E-10,4.76E-11,4.11E-10,1.78E-10,7.93E-10,1.51E-10,3.63E-10,6.48E-10,3.28E-11,9.27E-10,4.74E-11,4.82E-10,7.44E-11,8.02E-12,8.39E-10,2.16E-10,3.29E-10,1.51E-10,1.67E-10,3.77E-10,5.60E-11,5.65E-10,4.02E-10,3.66E-10,6.10E-10,4.14E-10,9.40E-12,1.29E-10,8.80E-11,4.73E-10,1.10E-09,3.29E-10,4.54E-11,2.42E-10,5.10E-10,5.33E-10,6.58E-10,2.58E-10,1.67E-10,6.36E-11,1.63E-11,3.24E-10,2.87E-10,1.52E-10,7.59E-11,2.18E-10,2.63E-10,7.13E-11,2.74E-10,3.70E-11,9.07E-10,1.98E-10,1.94E-10,1.44E-10,1.56E-10,4.60E-10,1.10E-10,3.17E-10,1.47E-10,3.24E-10,1.00E-10,1.71E-10,1.43E-10,3.35E-10,2.24E-10,2.81E-10,3.87E-11,9.98E-10,4.47E-10,2.46E-10,1.13E-09,9.80E-11,4.59E-11,1.07E-09,2.23E-10,5.76E-11,5.63E-10,1.25E-09,3.65E-10,1.38E-10,5.00E-10,6.74E-10,7.81E-10,5.97E-11,3.99E-10,3.67E-11,3.67E-10,3.74E-11,3.17E-10,2.32E-10,1.47E-10,5.18E-11,2.75E-10,1.44E-10,8.76E-11,2.35E-10,3.49E-10,1.01E-10,1.85E-10,1.34E-11,9.84E-11,1.20E-10,7.14E-11,5.85E-11,2.67E-10,1.70E-10,1.66E-10,8.63E-11,5.35E-10,2.28E-11,4.08E-11,2.18E-10,2.96E-10,4.94E-10,1.04E-10,1.37E-10,1.87E-10,1.85E-11,3.58E-11,3.54E-11,3.53E-11,2.39E-10,4.84E-10,9.73E-11,1.58E-10,7.72E-11,8.95E-11,1.07E-11,1.73E-10,1.77E-10,3.16E-10,1.08E-10,7.97E-10,4.43E-10,4.64E-10,1.10E-09,5.72E-11,2.29E-10,5.22E-11,6.23E-10,5.29E-11
37.5,38,A,10,5.33E-08,5.52E-08,5.65E-09,8.44E-09,2.30E-09,4.31E-09,3.99E-10,2.48E-09,1.02E-09,9.05E-10,3.47E-10,8.85E-10,9.46E-10,1.69E-09,8.80E-10,1.09E-10,6.48E-11,1.72E-10,3.65E-10,5.63E-10,6.79E-10,8.05E-10,3.69E-10,2.23E-10,1.20E-10,7.74E-10,6.47E-10,3.92E-10,6.31E-10,4.64E-10,5.33E-08,5.52E-08,5.65E-09,8.44E-09,2.30E-09,4.31E-09,3.99E-10,2.48E-09,1.02E-09,9.05E-10,3.47E-10,8.85E-10,9.46E-10,1.69E-09,8.80E-10,1.09E-10,6.48E-11,1.72E-10,3.65E-10,5.63E-10,6.79E-10,8.05E-10,3.69E-10,2.23E-10,1.20E-10,7.74E-10,6.47E-10,3.92E-10,6.31E-10,4.64E-10,4.91E-10,2.35E-10,1.68E-09,6.34E-10,6.20E-10,4.33E-11,4.28E-10,1.33E-09,5.53E-10,9.91E-11,1.37E-09,9.95E-11,9.99E-11,4.87E-11,1.12E-10,3.18E-10,7.54E-10,4.76E-10,3.93E-10,2.75E-10,8.98E-11,1.24E-10,1.29E-10,3.72E-10,3.17E-10,1.04E-09,1.23E-10,8.41E-11,3.37E-11,1.46E-10,3.00E-11,1.45E-10,3.77E-10,1.40E-10,2.50E-10,1.46E-10,1.11E-09,1.16E-10,7.18E-10,5.47E-10,3.54E-10,3.18E-10,1.40E-10,3.71E-10,6.37E-11,4.07E-10,2.17E-10,3.32E-10,1.06E-09,5.07E-10,3.31E-10,2.86E-10,1.61E-10,2.60E-10,1.81E-10,1.70E-10,5.10E-10,1.56E-09,1.42E-10,1.65E-10,1.39E-10,5.56E-11,1.92E-10,7.75E-11,5.73E-10,2.95E-10,3.63E-10,1.18E-10,1.38E-10,2.91E-11,6.22E-10,2.30E-10,1.28E-10,6.16E-12,6.07E-11,2.24E-10,2.80E-10,1.03E-10,3.58E-11,2.38E-10,2.15E-10,6.03E-10,3.91E-10,3.93E-11,2.05E-10,1.40E-10,2.10E-10,5.62E-10,2.77E-10,7.59E-10,3.55E-11,3.27E-11,3.15E-10,7.22E-11,3.78E-10,6.20E-10,1.27E-10,7.34E-11,1.06E-10,2.14E-11,1.04E-10,1.49E-10,7.19E-11,8.88E-11,2.64E-11,3.97E-11,4.25E-12,7.27E-11,5.97E-11,5.57E-11,2.69E-11,4.33E-10,1.36E-10,6.49E-12,1.06E-10,5.34E-11,1.01E-10,1.36E-10,3.91E-11,1.72E-11,1.01E-10,4.13E-11,2.21E-10,2.61E-10,2.74E-10,6.37E-10,2.34E-10,3.65E-10,7.69E-10,7.40E-11
37.75,38.25,A,10,3.49E-09,1.05E-08,3.68E-09,1.64E-09,4.08E-09,1.97E-09,1.39E-09,4.92E-10,4.68E-10,4.45E-10,8.34E-10,4.19E-10,1.23E-10,2.19E-10,1.56E-09,9.38E-10,5.57E-10,2.47E-09,4.84E-11,1.56E-11,1.39E-11,3.72E-11,6.38E-10,1.04E-10,6.52E-10,3.05E-10,5.28E-11,1.61E-10,1.96E-11,3.96E-10,3.49E-09,1.05E-08,3.68E-09,1.64E-09,4.08E-09,1.97E-09,1.39E-09,4.92E-10,4.68E-10,4.45E-10,8.34E-10,4.19E-10,1.23E-10,2.19E-10,1.56E-09,9.38E-10,5.57E-10,2.47E-09,4.84E-11,1.56E-11,1.39E-11,3.72E-11,6.38E-10,1.04E-10,6.52E-10,3.05E-10,5.28E-11,1.61E-10,1.96E-11,3.96E-10,6.18E-11,8.49E-10,5.24E-10,5.31E-10,6.95E-11,3.62E-10,1.16E-11,8.08E-11,2.25E-10,3.95E-10,1.35E-10,4.00E-10,4.02E-10,7.32E-10,1.51E-10,6.22E-11,7.15E-11,5.23E-10,2.72E-10,9.58E-11,8.05E-11,1.39E-10,1.60E-10,1.34E-10,4.87E-10,9.83E-11,4.92E-10,6.34E-10,8.63E-11,9.50E-11,3.98E-10,2.91E-10,9.82E-11,2.81E-10,2.70E-10,3.04E-10,4.51E-10,1.13E-10,1.03E-10,9.00E-11,4.93E-11,1.15E-10,8.30E-10,7.48E-12,7.95E-11,2.09E-10,3.80E-10,2.22E-11,8.90E-11,7.54E-11,5.85E-11,1.51E-10,4.35E-10,4.69E-10,2.12E-10,2.08E-10,1.96E-10,1.97E-10,1.52E-10,1.09E-10,6.29E-11,1.20E-11,3.94E-11,5.13E-10,5.49E-10,5.79E-11,1.31E-10,3.85E-10,2.71E-10,1.73E-10,2.56E-10,2.06E-10,7.54E-11,2.39E-10,1.63E-10,8.48E-11,8.17E-11,1.13E-10,1.72E-10,1.97E-10,3.55E-10,5.87E-10,9.60E-11,5.87E-11,1.35E-10,1.07E-10,2.11E-10,4.94E-10,6.40E-11,9.52E-11,9.64E-11,7.11E-11,1.22E-10,2.41E-11,6.23E-11,3.01E-10,8.35E-11,3.60E-10,3.02E-10,2.42E-10,7.26E-10,9.99E-11,4.13E-10,9.25E-10,1.50E-10,7.92E-11,2.55E-11,1.35E-10,1.77E-10,3.18E-10,4.33E-12,4.38E-10,2.13E-10,8.74E-11,5.96E-10,4.40E-11,2.21E-10,6.77E-11,8.25E-10,3.08E-11,8.55E-12,1.92E-10,2.03E-10,1.24E-10,1.22E-10,2.30E-11,6.94E-12,9.22E-11,1.08E-10,6.21E-10
38,38.5,A,10,3.70E-08,4.82E-08,2.44E-09,1.36E-09,4.10E-09,1.38E-09,1.18E-09,1.87E-09,6.89E-10,1.58E-10,9.26E-10,5.00E-10,5.37E-10,6.46E-11,7.29E-10,2.71E-11,3.42E-10,2.23E-10,3.98E-10,3.24E-11,7.62E-11,1.50E-10,7.72E-11,2.81E-10,4.59E-10,1.31E-10,9.91E-11,5.82E-11,4.06E-10,8.25E-11,3.70E-08,4.82E-08,2.44E-09,1.36E-09,4.10E-09,1.38E-09,1.18E-09,1.87E-09,6.89E-10,1.58E-10,9.26E-10,5.00E-10,5.37E-10,6.46E-11,7.29E-10,2.71E-11,3.42E-10,2.23E-10,3.98E-10,3.24E-11,7.62E-11,1.50E-10,7.72E-11,2.81E-10,4.59E-10,1.31E-10,9.91E-11,5.82E-11,4.06E-10,8.25E-11,6.91E-11,2.11E-11,6.22E-11,2.85E-10,5.48E-10,4.14E-10,4.49E-11,2.12E-10,2.61E-10,5.37E-11,3.26E-11,3.60E-10,8.06E-11,3.87E-10,4.81E-10,5.59E-11,3.22E-10,2.04E-10,6.67E-11,2.37E-10,1.92E-10,1.14E-10,2.33E-10,6.48E-11,5.52E-10,6.14E-11,7.15E-11,1.17E-10,2.63E-10,9.14E-11,1.12E-10,1.89E-10,1.10E-10,2.38E-10,7.86E-11,1.16E-10,4.21E-11,8.42E-11,1.23E-10,3.95E-11,1.42E-10,2.60E-10,6.43E-11,7.21E-11,1.49E-10,1.11E-10,2.07E-10,1.15E-10,2.72E-10,3.15E-10,6.80E-11,8.59E-10,4.09E-11,1.23E-10,1.01E-10,4.92E-11,1.14E-10,5.31E-11,1.14E-11,1.42E-11,2.74E-12,1.55E-10,2.61E-10,3.18E-11,1.01E-10,1.39E-10,2.88E-11,2.58E-10,1.40E-10,1.63E-10,1.55E-11,7.93E-11,1.92E-11,3.19E-11,1.89E-11,2.97E-10,1.43E-10,9.57E-11,3.36E-11,3.05E-10,2.03E-10,7.00E-11,5.11E-11,1.35E-10,1.99E-10,2.38E-10,3.57E-11,4.10E-11,9.61E-11,5.47E-10,3.40E-10,6.02E-11,2.14E-11,1.67E-10,6.29E-10,2.13E-10,1.70E-10,5.63E-11,9.18E-11,2.73E-10,2.79E-10,3.13E-10,3.10E-10,6.22E-11,4.10E-10,1.15E-10,1.08E-10,8.65E-12,5.15E-11,6.49E-12,2.00E-10,1.59E-10,2.20E-10,1.36E-10,1.44E-10,2.13E-10,4.90E-11,2.43E-10,2.38E-11,1.68E-11,1.55E-10,4.20E-10,1.62E-10,1.42E-10,4.02E-11,5.36E-10,1.75E-10,1.30E-10,8.94E-11,5.17E-11
38.25,38.75,A,10,3.94E-09,3.83E-08,4.78E-09,1.00E-08,4.57E-09,2.88E-10,8.47E-10,9.81E-10,1.45E-09,2.87E-09,2.34E-10,2.78E-09,3.93E-10,1.39E-09,5.78E-10,4.15E-11,6.85E-11,4.85E-10,1.04E-10,7.80E-10,1.08E-10,9.86E-11,3.72E-10,1.11E-10,6.87E-10,7.18E-11,2.10E-10,4.65E-10,6.64E-12,5.53E-10,3.94E-09,3.83E-08,4.78E-09,1.00E-08,4.57E-09,2.88E-10,8.47E-10,9.81E-10,1.45E-09,2.87E-09,2.34E-10,2.78E-09,3.93E-10,1.39E-09,5.78E-10,4.15E-11,6.85E-11,4.85E-10,1.04E-10,7.80E-10,1.08E-10,9.86E-11,3.72E-10,1.11E-10,6.87E-10,7.18E-11,2.10E-10,4.65E-10,6.64E-12,5.53E-10,7.00E-12,9.18E-10,3.35E-10,1.67E-10,3.12E-10,1.52E-10,1.44E-10,4.06E-10,7.13E-11,1.08E-10,4.13E-11,1.45E-10,6.49E-11,8.53E-11,1.10E-10,1.13E-10,3.51E-10,3.73E-10,4.49E-10,2.52E-10,1.34E-10,1.30E-10,2.83E-10,9.84E-11,4.56E-11,3.86E-10,2.40E-10,8.55E-11,4.77E-10,4.99E-10,8.68E-11,6.02E-11,3.77E-10,7.30E-10,1.41E-10,3.25E-10,3.51E-11,3.71E-10,5.71E-10,1.44E-10,1.18E-10,2.61E-10,1.95E-10,1.51E-10,7.22E-11,2.96E-10,2.04E-10,2.46E-10,7.29E-11,3.24E-10,2.16E-10,4.27E-11,5.16E-10,3.33E-11,1.22E-10,2.42E-10,1.44E-10,2.51E-10,2.45E-10,2.48E-10,2.28E-10,1.33E-10,4.53E-10,2.69E-10,1.44E-10,8.19E-11,5.20E-11,1.77E-10,5.24E-11,1.20E-11,1.39E-10,7.13E-11,3.33E-10,2.75E-11,3.50E-10,9.95E-11,4.90E-10,1.67E-10,8.21E-11,3.59E-10,1.74E-11,1.60E-10,2.00E-10,5.74E-11,2.57E-10,3.94E-10,6.25E-11,1.70E-10,5.25E-10,4.50E-10,7.03E-11,1.29E-10,1.70E-10,8.81E-11,4.92E-11,6.54E-10,1.02E-10,1.26E-10,5.96E-11,1.04E-10,5.08E-10,7.66E-11,4.84E-10,3.03E-10,5.89E-10,1.27E-10,1.39E-10,4.44E-10,1.32E-10,5.03E-10,1.30E-09,4.42E-11,1.52E-10,5.49E-10,2.59E-10,1.30E-10,1.12E-10,2.08E-10,2.33E-10,3.20E-11,4.85E-10,7.79E-11,1.24E-09,9.47E-10,1.33E-11,2.51E-10,1.83E-10,3.36E-11,1.99E-11,4.73E-10
38.5,39,A,10,1.05E-08,2.38E-08,3.27E-09,2.07E-09,1.61E-09,1.20E-09,2.16E-09,9.70E-10,2.20E-09,3.92E-10,8.81E-11,9.09E-10,5.25E-10,2.96E-10,6.25E-11,7.80E-10,2.05E-10,4.46E-10,2.71E-10,2.34E-10,4.18E-11,1.18E-10,8.12E-11,7.65E-10,1.06E-10,1.55E-10,2.50E-10,3.83E-10,4.22E-10,1.74E-10,1.05E-08,2.38E-08,3.27E-09,2.07E-09,1.61E-09,1.20E-09,2.16E-09,9.70E-10,2.20E-09,3.92E-10,8.81E-11,9.09E-10,5.25E-10,2.96E-10,6.25E-11,7.80E-10,2.05E-10,4.46E-10,2.71E-10,2.34E-10,4.18E-11,1.18E-10,8.12E-11,7.65E-10,1.06E-10,1.55E-10,2.50E-10,3.83E-10,4.22E-10,1.74E-10,3.21E-10,3.61E-10,9.78E-11,1.09E-10,1.11E-10,1.24E-10,1.73E-10,9.83E-11,1.28E-10,4.15E-10,4.93E-10,3.86E-10,1.03E-10,1.33E-10,7.57E-10,9.05E-11,3.30E-10,3.16E-10,4.23E-10,6.44E-10,3.05E-10,3.98E-10,5.24E-11,4.04E-10,3.85E-11,6.15E-10,3.35E-10,5.31E-10,4.55E-11,9.34E-12,4.98E-10,4.65E-10,2.30E-10,4.21E-11,5.30E-11,4.58E-10,2.26E-10,2.70E-10,4.27E-10,9.42E-10,1.07E-09,8.92E-11,9.72E-11,9.24E-11,1.05E-10,1.67E-10,6.76E-11,2.44E-10,4.21E-10,3.42E-10,1.59E-10,2.14E-10,8.50E-11,2.85E-10,6.10E-10,3.35E-10,6.27E-10,4.87E-10,1.80E-10,2.86E-10,4.03E-10,6.27E-10,8.40E-11,3.70E-10,4.05E-10,8.04E-10,8.11E-10,6.38E-11,2.76E-10,4.05E-10,2.04E-10,2.29E-10,3.72E-10,5.17E-11,4.63E-10,5.82E-10,1.51E-10,2.10E-10,4.89E-10,5.80E-10,6.17E-10,4.35E-10,2.75E-10,5.62E-10,2.04E-10,1.01E-10,7.96E-11,1.58E-10,4.48E-10,1.50E-10,4.01E-10,8.14E-11,1.05E-11,5.72E-10,4.67E-10,1.50E-10,7.65E-10,1.60E-10,1.27E-10,1.40E-10,1.17E-10,5.80E-10,1.05E-09,2.05E-10,2.19E-10,7.32E-11,3.71E-11,3.08E-11,2.18E-10,7.88E-10,1.72E-10,3.63E-10,3.50E-11,6.73E-11,5.16E-10,4.44E-11,6.17E-10,1.13E-10,3.81E-10,7.19E-11,8.03E-11,4.92E-10,4.32E-10,4.91E-10,7.84E-10,1.40E-10,3.72E-10,3.01E-10,5.45E-10,3.37E-10
38.75,39.25,A,10,4.86E-09,9.05E-09,3.89E-09,1.85E-09,3.67E-09,1.45E-09,7.76E-10,4.81E-10,6.94E-10,1.57E-10,2.03E-10,2.84E-10,3.69E-10,5.76E-10,1.34E-10,1.06E-09,7.34E-11,1.40E-10,3.14E-10,2.23E-11,2.06E-10,5.10E-10,1.31E-10,8.11E-11,1.09E-11,7.07E-11,5.57E-11,5.02E-10,1.90E-10,4.58E-11,4.86E-09,9.05E-09,3.89E-09,1.85E-09,3.67E-09,1.45E-09,7.76E-10,4.81E-10,6.94E-10,1.57E-10,2.03E-10,2.84E-10,3.69E-10,5.76E-10,1.34E-10,1.06E-09,7.34E-11,1.40E-10,3.14E-10,2.23E-11,2.06E-10,5.10E-10,1.31E-10,8.11E-11,1.09E-11,7.07E-11,5.57E-11,5.02E-10,1.90E-10,4.58E-11,2.88E-10,2.46E-10,1.50E-10,6.15E-10,3.46E-10,7.52E-11,5.64E-11,4.62E-10,9.01E-11,2.35E-10,4.67E-11,7.94E-12,1.38E-10,4.11E-10,2.79E-10,2.60E-10,3.92E-10,1.40E-10,5.28E-11,9.59E-11,1.15E-10,3.96E-10,2.74E-10,3.31E-10,7.32E-11,7.21E-11,2.69E-11,2.45E-10,1.67E-10,1.19E-10,4.20E-11,2.22E-10,4.09E-10,1.76E-11,1.68E-10,3.03E-10,2.91E-10,1.32E-10,6.00E-11,4.77E-10,8.93E-11,5.16E-11,2.58E-10,1.53E-11,5.50E-10,1.28E-10,1.35E-10,1.23E-10,1.82E-10,1.34E-10,2.55E-10,3.79E-11,9.54E-10,1.40E-10,5.66E-11,4.63E-10,5.33E-10,6.04E-10,1.48E-10,4.85E-10,4.49E-10,1.83E-10,1.93E-10,5.78E-10,1.12E-11,5.30E-10,3.43E-10,2.64E-10,3.87E-10,1.18E-09,8.17E-10,1.57E-10,7.13E-11,5.36E-11,4.14E-10,2.00E-10,6.70E-12,1.77E-10,4.79E-11,1.58E-10,2.38E-10,1.32E-10,3.87E-11,6.20E-11,4.01E-11,1.10E-10,2.09E-11,2.57E-11,1.35E-11,2.11E-10,2.60E-11,3.85E-11,3.07E-10,1.77E-10,1.40E-10,1.28E-10,2.92E-10,3.65E-10,9.19E-11,2.37E-10,2.32E-11,8.43E-11,1.24E-11,3.45E-11,1.65E-10,4.97E-11,3.03E-11,3.46E-11,5.38E-11,9.92E-11,2.20E-10,1.17E-10,9.56E-11,4.88E-11,2.14E-10,3.29E-10,2.16E-10,8.20E-12,1.62E-10,6.77E-10,9.55E-12,5.97E-11,6.50E-10,1.04E-10,9.31E-11,5.52E-11,1.01E-10,1.68E-10,6.11E-11,4.85E-10
39,39.5,A,10,7.92E-09,2.27E-08,3.17E-09,1.06E-09,2.38E-10,1.73E-09,4.95E-10,9.24E-11,5.10E-10,5.93E-10,2.92E-10,5.56E-10,2.37E-10,1.71E-10,8.77E-10,1.44E-10,2.02E-10,9.43E-11,1.53E-10,9.54E-11,4.67E-11,1.52E-10,8.33E-11,7.45E-11,2.44E-11,5.34E-11,8.19E-11,4.94E-10,5.04E-10,1.76E-10,7.92E-09,2.27E-08,3.17E-09,1.06E-09,2.38E-10,1.73E-09,4.95E-10,9.24E-11,5.10E-10,5.93E-10,2.92E-10,5.56E-10,2.37E-10,1.71E-10,8.77E-10,1.44E-10,2.02E-10,9.43E-11,1.53E-10,9.54E-11,4.67E-11,1.52E-10,8.33E-11,7.45E-11,2.44E-11,5.34E-11,8.19E-11,4.94E-10,5.04E-10,1.76E-10,2.27E-10,4.58E-10,3.71E-10,9.45E-11,1.07E-10,1.07E-10,2.11E-11,3.20E-10,8.35E-12,2.69E-10,3.29E-10,1.81E-10,6.94E-11,1.28E-10,7.43E-11,2.10E-10,1.23E-10,2.12E-10,5.28E-10,4.90E-11,1.55E-11,9.42E-11,2.80E-11,4.45E-11,5.11E-10,1.78E-10,9.77E-11,2.67E-10,2.29E-10,4.92E-10,5.87E-11,2.33E-11,8.02E-11,3.87E-10,4.22E-10,3.68E-11,5.03E-10,6.86E-10,7.34E-11,1.49E-10,1.31E-10,5.67E-12,3.72E-11,8.91E-11,2.86E-11,1.81E-10,1.90E-10,9.81E-11,1.80E-10,3.64E-10,5.05E-11,1.33E-10,6.84E-10,2.90E-10,1.31E-10,4.63E-11,3.43E-10,5.36E-11,7.41E-11,4.46E-10,3.41E-10,2.18E-11,2.12E-10,5.72E-10,1.13E-09,2.34E-10,7.66E-11,1.16E-10,2.90E-10,1.17E-10,4.78E-11,1.82E-10,7.49E-11,1.37E-10,2.04E-10,2.22E-10,4.10E-11,3.43E-10,9.35E-11,1.96E-10,8.84E-11,1.06E-10,1.14E-10,1.58E-10,5.98E-12,1.73E-11,5.16E-11,3.40E-11,7.34E-11,1.48E-10,7.58E-11,6.91E-12,1.66E-10,8.34E-11,2.35E-10,2.38E-10,2.93E-10,2.37E-10,8.98E-11,5.32E-11,6.27E-11,5.96E-11,2.13E-10,1.68E-10,5.38E-11,2.86E-11,2.51E-10,2.03E-10,6.63E-11,1.06E-10,1.96E-11,1.41E-10,2.21E-11,4.07E-11,2.23E-10,2.56E-11,1.28E-11,1.69E-10,1.96E-10,1.08E-10,8.37E-11,4.76E-11,9.61E-11,4.34E-11,1.63E-10,3.02E-10,6.96E-11,3.25E-10,3.98E-10,1.06E-10
39.25,39.75,A,10,1.97E-08,5.36E-09,1.58E-09,3.46E-09,1.56E-09,2.70E-09,3.80E-09,6.39E-10,2.60E-09,3.16E-10,1.52E-09,3.71E-10,3.18E-10,5.38E-10,1.35E-09,1.46E-09,5.59E-11,1.23E-09,4.23E-11,1.46E-10,2.46E-11,2.96E-10,2.63E-10,6.59E-11,1.03E-09,3.87E-10,1.63E-10,7.85E-10,2.92E-10,3.62E-10,1.97E-08,5.36E-09,1.58E-09,3.46E-09,1.56E-09,2.70E-09,3.80E-09,6.39E-10,2.60E-09,3.16E-10,1.52E-09,3.71E-10,3.18E-10,5.38E-10,1.35E-09,1.46E-09,5.59E-11,1.23E-09,4.23E-11,1.46E-10,2.46E-11,2.96E-10,2.63E-10,6.59E-11,1.03E-09,3.87E-10,1.63E-10,7.85E-10,2.92E-10,3.62E-10,5.82E-11,4.01E-10,3.02E-11,1.64E-11,1.21E-10,5.95E-11,5.13E-10,1.14E-09,7.51E-11,4.64E-11,5.51E-10,3.42E-11,3.94E-10,6.62E-11,4.56E-10,6.75E-10,3.42E-11,1.44E-10,1.12E-10,5.81E-11,1.32E-10,1.01E-10,2.76E-10,7.14E-10,2.97E-10,1.77E-10,2.47E-10,1.33E-10,1.63E-10,1.27E-10,2.12E-10,3.19E-10,1.97E-10,1.42E-10,1.39E-10,8.59E-10,8.25E-10,3.68E-10,4.30E-10,1.35E-10,1.84E-10,5.62E-10,3.19E-10,1.68E-10,2.35E-11,2.03E-10,1.13E-10,9.23E-11,1.77E-10,3.81E-10,1.75E-10,6.55E-10,3.07E-11,4.22E-11,3.13E-11,9.87E-11,6.03E-10,3.23E-10,3.38E-11,1.36E-10,1.57E-10,1.14E-10,1.14E-10,1.29E-10,6.31E-10,2.52E-10,8.92E-11,2.64E-10,3.99E-11,2.38E-10,6.18E-10,1.63E-10,1.03E-10,4.26E-10,3.43E-10,3.21E-10,1.67E-10,3.99E-10,1.30E-09,1.02E-11,6.18E-10,1.20E-10,2.83E-10,4.39E-11,3.26E-10,1.89E-10,1.39E-10,2.96E-10,1.25E-10,3.75E-11,3.06E-10,3.43E-10,1.60E-11,1.11E-10,1.43E-10,2.65E-10,4.41E-10,1.20E-11,3.80E-10,2.09E-10,3.79E-10,3.88E-11,4.52E-11,7.69E-11,3.23E-10,1.35E-10,3.59E-10,6.76E-11,1.87E-10,1.11E-09,4.46E-10,2.44E-10,5.33E-10,4.33E-11,1.39E-09,1.18E-10,6.09E-10,8.80E-11,4.85E-10,7.03E-11,2.07E-11,1.55E-10,3.11E-10,1.68E-10,2.12E-10,9.17E-10,3.86E-11,2.45E-10,4.61E-10,2.63E-10
39.5,40,A,10,2.04E-08,3.02E-08,5.72E-10,4.11E-09,3.27E-09,4.90E-10,2.74E-09,2.87E-09,9.07E-10,1.45E-10,1.11E-09,6.97E-10,1.47E-10,2.88E-11,8.27E-10,4.05E-10,4.19E-10,2.70E-09,1.16E-10,5.00E-10,7.19E-10,5.58E-10,2.58E-10,5.02E-10,2.07E-10,1.74E-10,2.20E-10,1.06E-10,3.26E-10,2.87E-10,2.04E-08,3.02E-08,5.72E-10,4.11E-09,3.27E-09,4.90E-10,2.74E-09,2.87E-09,9.07E-10,1.45E-10,1.11E-09,6.97E-10,1.47E-10,2.88E-11,8.27E-10,4.05E-10,4.19E-10,2.70E-09,1.16E-10,5.00E-10,7.19E-10,5.58E-10,2.58E-10,5.02E-10,2.07E-10,1.74E-10,2.20E-10,1.06E-10,3.26E-10,2.87E-10,1.12E-09,9.42E-11,2.60E-10,5.09E-10,2.58E-10,2.27E-10,9.42E-10,1.10E-09,4.65E-10,6.71E-11,4.03E-10,2.07E-10,4.65E-10,1.28E-10,1.25E-10,1.97E-11,8.58E-10,5.26E-10,4.23E-10,6.03E-10,1.82E-10,2.54E-10,4.37E-11,1.77E-09,2.21E-10,2.71E-10,1.96E-10,4.01E-10,5.73E-10,2.65E-10,2.17E-10,1.19E-10,2.33E-10,4.19E-10,3.51E-11,2.60E-10,1.38E-10,2.94E-10,4.01E-10,6.11E-11,4.69E-10,3.47E-10,6.27E-10,1.49E-10,1.79E-10,5.85E-12,4.64E-10,1.63E-10,3.64E-10,3.96E-10,6.24E-10,9.40E-11,4.37E-10,2.92E-10,3.86E-10,4.28E-10,3.37E-10,4.05E-11,1.67E-10,2.38E-10,6.51E-10,1.12E-09,7.32E-10,3.56E-10,4.90E-10,2.51E-10,7.21E-10,2.18E-10,1.15E-10,3.37E-10,8.66E-10,1.45E-10,1.19E-10,3.59E-10,2.80E-10,5.29E-10,4.47E-10,6.96E-10,9.31E-10,2.49E-10,4.11E-10,2.17E-11,5.58E-10,5.88E-10,1.70E-10,5.69E-10,6.50E-11,2.30E-10,1.24E-10,6.29E-11,3.44E-10,7.19E-11,2.25E-10,1.34E-10,6.72E-10,2.22E-10,3.18E-10,5.86E-11,2.61E-11,3.84E-10,5.80E-10,2.03E-10,5.62E-10,1.36E-10,4.57E-10,1.59E-10,1.26E-10,1.99E-10,4.23E-10,2.37E-10,2.95E-10,2.95E-10,1.14E-10,5.16E-11,4.26E-10,6.50E-10,1.34E-10,7.09E-10,9.39E-10,4.65E-10,8.72E-10,3.15E-10,6.84E-10,1.81E-10,2.16E-10,2.47E-10,8.77E-10,2.18E-10,8.00E-11,4.33E-10
39.75,40.25,A,10,4.48E-08,1.72E-08,1.52E-09,7.14E-10,1.11E-09,2.18E-09,1.04E-09,5.23E-10,4.64E-10,6.50E-10,8.04E-11,1.75E-10,6.90E-10,1.71E-10,6.53E-10,2.83E-11,2.63E-10,2.34E-10,8.37E-11,2.52E-10,7.40E-10,1.93E-10,3.92E-10,3.72E-10,2.21E-10,1.99E-10,2.66E-10,4.27E-10,1.32E-11,5.88E-11,4.48E-08,1.72E-08,1.52E-09,7.14E-10,1.11E-09,2.18E-09,1.04E-09,5.23E-10,4.64E-10,6.50E-10,8.04E-11,1.75E-10,6.90E-10,1.71E-10,6.53E-10,2.83E-11,2.63E-10,2.34E-10,8.37E-11,2.52E-10,7.40E-10,1.93E-10,3.92E-10,3.72E-10,2.21E-10,1.99E-10,2.66E-10,4.27E-10,1.32E-11,5.88E-11,1.32E-10,3.36E-11,2.04E-10,8.79E-11,2.54E-10,1.94E-10,4.92E-10,5.14E-10,3.18E-10,3.69E-10,2.36E-10,1.39E-10,7.20E-10,2.27E-10,3.29E-10,1.46E-11,1.15E-10,9.15E-11,1.09E-10,1.14E-11,2.91E-11,4.53E-11,2.45E-10,1.19E-10,2.41E-11,2.19E-10,1.37E-10,2.92E-10,1.62E-10,9.37E-11,1.29E-10,3.47E-11,2.93E-10,1.90E-10,7.65E-12,1.28E-10,7.01E-11,3.31E-11,1.09E-10,1.12E-10,1.51E-10,2.62E-10,2.43E-10,3.35E-10,1.02E-10,2.74E-10,1.92E-10,1.84E-10,2.62E-11,3.68E-10,1.26E-11,1.25E-10,8.89E-11,8.23E-11,5.27E-11,1.44E-10,5.44E-11,1.13E-10,1.32E-11,9.18E-11,2.59E-11,3.83E-10,1.98E-11,2.70E-10,2.41E-11,1.38E-11,1.46E-10,1.54E-10,5.17E-11,5.15E-11,2.81E-10,9.63E-11,3.47E-11,6.35E-11,1.79E-10,1.02E-10,1.20E-10,4.45E-11,4.74E-11,4.06E-11,3.39E-10,3.55E-11,7.54E-11,7.79E-11,2.09E-10,1.91E-10,8.76E-12,2.34E-10,9.18E-11,1.23E-10,2.05E-10,4.89E-10,1.27E-10,2.44E-11,2.13E-10,6.85E-11,8.24E-11,9.69E-12,3.93E-10,1.16E-10,6.38E-11,2.24E-11,1.89E-10,3.86E-11,7.71E-11,2.55E-11,1.53E-10,2.23E-10,4.56E-10,5.56E-11,6.88E-12,3.06E-11,5.71E-11,7.86E-11,9.60E-11,2.33E-11,3.96E-11,9.29E-11,4.53E-10,4.56E-11,3.84E-11,7.77E-11,3.14E-10,1.25E-10,3.71E-11,3.21E-10,2.75E-10,5.14E-11,1.37E-10,1.11E-11
40,40.5,A,10,3.49E-09,1.88E-08,1.26E-08,4.08E-09,2.93E-09,4.02E-09,1.59E-09,6.53E-10,2.20E-09,1.21E-09,3.68E-10,6.72E-10,2.57E-10,1.42E-09,2.12E-10,1.05E-10,4.02E-10,7.29E-10,1.76E-10,1.59E-10,2.11E-10,1.05E-09,1.19E-09,1.27E-09,1.84E-09,7.04E-10,1.20E-09,1.23E-10,1.30E-10,3.84E-10,3.49E-09,1.88E-08,1.26E-08,4.08E-09,2.93E-09,4.02E-09,1.59E-09,6.53E-10,2.20E-09,1.21E-09,3.68E-10,6.72E-10,2.57E-10,1.42E-09,2.12E-10,1.05E-10,4.02E-10,7.29E-10,1.76E-10,1.59E-10,2.11E-10,1.05E-09,1.19E-09,1.27E-09,1.84E-09,7.04E-10,1.20E-09,1.23E-10,1.30E-10,3.84E-10,1.89E-10,4.92E-11,4.96E-10,9.13E-11,1.37E-10,2.46E-11,1.04E-09,1.17E-09,6.10E-10,1.77E-10,3.73E-10,7.37E-11,2.76E-10,3.57E-10,8.39E-11,1.62E-10,2.93E-10,1.56E-10,4.64E-10,1.05E-09,3.95E-10,6.01E-10,1.05E-10,1.11E-10,4.14E-10,3.03E-10,2.91E-10,7.29E-10,8.71E-10,4.31E-10,9.04E-11,2.29E-11,9.94E-11,3.34E-11,3.10E-10,7.48E-10,2.94E-10,1.28E-10,1.44E-10,6.59E-11,2.40E-10,2.81E-10,3.09E-10,1.44E-10,6.63E-10,6.45E-11,2.25E-10,8.96E-11,7.52E-10,6.13E-11,3.36E-10,3.83E-10,3.80E-10,5.46E-10,6.84E-11,6.11E-10,3.77E-10,6.62E-11,2.41E-10,2.06E-11,7.00E-10,5.87E-10,2.05E-10,3.35E-10,2.52E-10,3.59E-10,2.92E-11,3.11E-10,3.14E-10,6.02E-11,1.54E-10,7.42E-10,2.21E-10,2.23E-10,5.12E-10,3.67E-11,5.85E-10,5.68E-10,2.24E-10,1.23E-09,4.82E-11,6.04E-11,6.82E-10,1.57E-10,5.26E-10,2.42E-10,1.34E-10,4.41E-10,1.50E-11,2.05E-10,6.98E-11,5.36E-10,4.12E-10,1.36E-10,8.44E-11,1.45E-10,3.00E-10,3.30E-10,4.58E-10,2.13E-11,4.85E-10,9.73E-11,2.50E-10,8.76E-11,3.67E-10,3.70E-10,5.74E-10,5.39E-10,3.39E-10,4.57E-11,2.77E-10,2.67E-11,4.63E-10,1.82E-10,1.19E-09,1.13E-11,1.11E-09,8.43E-10,8.49E-11,8.97E-11,1.53E-10,4.20E-10,1.54E-09,6.79E-10,5.56E-10,3.08E-10,1.39E-09,1.46E-10,4.40E-10,4.36E-10
40.25,40.75,A,10,1.82E-08,3.92E-08,1.34E-08,5.18E-10,1.09E-09,2.54E-09,4.23E-09,1.70E-10,9.64E-10,1.19E-10,1.53E-09,1.03E-09,3.72E-10,4.32E-10,4.83E-10,2.16E-09,2.87E-10,2.67E-09,1.34E-10,5.15E-10,9.50E-12,1.48E-09,1.13E-09,3.48E-10,3.74E-10,2.32E-10,8.24E-11,7.09E-11,1.66E-10,7.15E-11,1.82E-08,3.92E-08,1.34E-08,5.18E-10,1.09E-09,2.54E-09,4.23E-09,1.70E-10,9.64E-10,1.19E-10,1.53E-09,1.03E-09,3.72E-10,4.32E-10,4.83E-10,2.16E-09,2.87E-10,2.67E-09,1.34E-10,5.15E-10,9.50E-12,1.48E-09,1.13E-09,3.48E-10,3.74E-10,2.32E-10,8.24E-11,7.09E-11,1.66E-10,7.15E-11,6.38E-10,5.72E-10,1.74E-10,2.77E-10,2.40E-10,1.84E-10,9.22E-11,1.72E-10,2.62E-10,6.84E-10,1.51E-10,3.40E-11,8.94E-11,2.88E-10,1.91E-10,1.78E-10,1.98E-10,4.37E-10,3.61E-10,1.56E-11,1.86E-10,2.10E-10,1.04E-11,6.57E-10,9.59E-11,1.31E-10,1.43E-10,5.22E-10,9.74E-12,6.92E-11,1.68E-09,6.17E-10,1.00E-10,6.31E-10,3.37E-10,7.28E-11,7.61E-11,1.99E-10,2.90E-10,4.80E-10,7.79E-11,3.12E-10,1.86E-10,1.83E-10,2.66E-10,4.60E-11,3.17E-11,9.77E-10,3.69E-10,2.81E-10,2.23E-10,2.66E-10,3.18E-10,7.27E-12,2.13E-10,1.38E-10,2.70E-10,9.46E-11,9.05E-11,1.68E-10,2.48E-10,8.75E-10,1.78E-10,9.57E-11,6.19E-10,1.62E-10,7.17E-10,4.90E-10,3.79E-10,5.07E-10,1.16E-10,6.24E-10,1.77E-10,1.31E-10,4.04E-10,7.99E-11,1.80E-10,3.30E-10,2.25E-10,7.97E-12,2.84E-10,6.55E-11,9.58E-11,2.00E-10,7.39E-10,7.94E-10,7.92E-11,2.19E-10,5.72E-10,8.08E-11,4.11E-10,6.29E-11,2.68E-11,2.26E-10,7.34E-11,1.89E-10,3.60E-10,4.11E-10,6.02E-11,3.42E-10,3.00E-10,1.26E-10,5.11E-10,6.01E-10,4.42E-10,1.18E-11,2.77E-10,8.60E-11,2.67E-10,2.43E-11,2.25E-10,4.55E-10,6.03E-11,2.48E-10,1.10E-10,2.39E-10,2.60E-10,2.45E-10,2.00E-11,4.46E-10,6.69E-11,3.11E-10,1.45E-09,3.26E-10,1.17E-10,9.41E-11,8.88E-10,3.31E-10,2.73E-10,1.41E-09
40.5,41,A,10,3.96E-08,5.29E-09,9.09E-09,4.71E-09,9.31E-10,4.26E-10,2.77E-09,1.34E-10,3.05E-10,1.70E-09,1.84E-09,5.75E-10,6.08E-10,1.42E-09,2.43E-10,3.04E-10,1.56E-09,1.35E-09,1.59E-09,1.53E-09,3.18E-10,1.44E-09,2.86E-10,2.62E-10,2.57E-10,2.18E-10,8.61E-11,6.47E-11,1.57E-09,2.04E-10,3.96E-08,5.29E-09,9.09E-09,4.71E-09,9.31E-10,4.26E-10,2.77E-09,1.34E-10,3.05E-10,1.70E-09,1.84E-09,5.75E-10,6.08E-10,1.42E-09,2.43E-10,3.04E-10,1.56E-09,1.35E-09,1.59E-09,1.53E-09,3.18E-10,1.44E-09,2.86E-10,2.62E-10,2.57E-10,2.18E-10,8.61E-11,6.47E-11,1.57E-09,2.04E-10,1.95E-10,2.45E-10,6.18E-10,3.41E-10,5.88E-10,2.74E-10,1.38E-10,2.99E-10,4.79E-10,3.13E-10,1.06E-09,1.25E-10,3.75E-10,2.76E-11,1.97E-11,2.17E-10,1.50E-10,9.21E-11,2.82E-11,2.38E-10,2.98E-10,3.60E-10,6.05E-11,5.64E-10,4.69E-11,3.79E-10,2.63E-10,9.58E-11,2.99E-10,6.10E-11,3.55E-10,2.44E-10,4.45E-10,1.08E-10,9.19E-11,1.02E-10,5.02E-10,3.62E-10,1.10E-10,3.27E-10,7.43E-11,8.07E-11,4.35E-11,2.73E-11,3.80E-11,2.46E-10,6.83E-12,2.59E-11,1.51E-10,3.76E-10,8.88E-10,1.09E-10,7.65E-11,1.99E-10,1.13E-10,1.91E-10,1.55E-10,1.84E-10,2.70E-10,2.21E-10,3.11E-11,4.25E-10,6.25E-10,1.75E-10,3.51E-10,6.47E-10,2.72E-11,3.44E-10,2.10E-10,4.65E-10,1.18E-10,1.03E-09,2.57E-10,1.34E-09,5.12E-10,1.67E-10,1.88E-10,1.59E-10,3.59E-10,3.75E-11,6.02E-11,2.48E-10,1.61E-10,1.62E-10,3.88E-10,1.83E-10,1.64E-10,2.07E-10,3.23E-10,7.84E-10,3.08E-10,1.39E-10,2.09E-10,5.65E-10,3.64E-10,6.22E-10,7.27E-10,4.10E-10,4.34E-10,5.59E-10,2.43E-11,8.92E-11,3.31E-11,2.87E-10,8.07E-10,6.15E-10,3.07E-10,3.24E-10,7.29E-11,4.34E-11,2.69E-11,4.62E-11,5.75E-10,1.92E-10,3.37E-10,4.07E-10,6.39E-10,5.60E-10,2.32E-10,1.95E-10,4.69E-12,2.67E-10,2.84E-10,1.04E-10,1.61E-09,5.58E-10,1.38E-10,2.63E-10,1.39E-10,7.50E-11
40.75,41.25,A,10,3.14E-08,1.27E-08,9.32E-09,1.96E-09,1.65E-09,2.06E-10,9.22E-10,2.42E-09,4.09E-10,5.70E-10,2.39E-10,8.10E-10,1.81E-09,2.35E-10,6.62E-10,8.91E-10,2.85E-10,3.03E-10,4.48E-10,3.91E-10,3.32E-10,9.48E-10,1.41E-10,5.44E-10,1.50E-10,8.97E-11,2.04E-11,5.11E-10,9.30E-11,1.25E-10,3.14E-08,1.27E-08,9.32E-09,1.96E-09,1.65E-09,2.06E-10,9.22E-10,2.42E-09,4.09E-10,5.70E-10,2.39E-10,8.10E-10,1.81E-09,2.35E-10,6.62E-10,8.91E-10,2.85E-10,3.03E-10,4.48E-10,3.91E-10,3.32E-10,9.48E-10,1.41E-10,5.44E-10,1.50E-10,8.97E-11,2.04E-11,5.11E-10,9.30E-11,1.25E-10,6.10E-10,2.74E-10,3.46E-10,4.36E-11,3.36E-10,5.21E-10,2.12E-10,1.96E-10,1.52E-10,5.30E-11,9.56E-11,4.23E-10,7.02E-10,2.85E-10,1.61E-09,5.17E-10,1.69E-10,1.13E-10,2.56E-10,5.49E-10,5.87E-10,5.51E-10,9.29E-11,6.37E-10,2.27E-12,1.86E-10,6.66E-11,2.14E-10,8.55E-11,3.18E-10,7.71E-10,1.94E-10,4.66E-10,2.13E-10,1.05E-10,2.42E-10,5.72E-11,2.71E-10,1.20E-10,2.37E-10,1.83E-10,4.00E-11,5.14E-11,5.43E-10,7.13E-11,3.10E-10,2.69E-10,3.72E-10,2.28E-10,8.51E-11,4.56E-10,9.21E-11,7.49E-11,1.73E-10,1.14E-10,3.02E-11,1.21E-10,7.39E-11,1.32E-10,8.02E-10,3.84E-10,1.89E-10,8.25E-10,2.22E-10,3.11E-10,3.37E-10,2.29E-10,1.61E-10,8.73E-10,9.13E-11,5.94E-10,1.14E-10,7.96E-11,1.79E-10,4.70E-10,3.97E-10,2.64E-10,1.43E-10,2.36E-10,6.56E-11,1.86E-11,6.51E-11,8.97E-11,2.31E-10,1.77E-10,2.70E-10,8.24E-11,2.63E-10,9.39E-11,4.75E-10,5.85E-10,2.32E-10,3.23E-10,2.71E-11,3.38E-10,1.55E-10,9.09E-11,3.19E-11,1.98E-10,1.99E-10,7.39E-11,2.79E-10,2.38E-10,6.84E-10,9.39E-11,5.06E-10,1.33E-10,9.24E-11,1.28E-10,6.45E-11,5.96E-11,1.35E-09,1.64E-10,4.08E-10,7.61E-11,1.24E-10,2.81E-11,3.06E-10,1.36E-10,9.67E-11,2.09E-10,1.98E-10,2.19E-11,2.08E-10,6.13E-10,1.48E-10,3.50E-11,1.92E-10,2.44E-11,8.94E-11
41,41.5,A,10,3.47E-08,4.41E-08,1.01E-08,1.67E-09,3.67E-09,3.95E-09,4.37E-09,3.41E-09,2.12E-09,1.37E-10,1.98E-09,4.22E-10,1.14E-09,2.12E-09,2.07E-10,6.12E-10,6.29E-11,1.84E-10,1.33E-10,1.53E-10,2.61E-10,4.72E-10,4.08E-10,1.54E-10,3.04E-10,1.57E-09,1.37E-09,2.21E-10,4.73E-11,4.30E-10,3.47E-08,4.41E-08,1.01E-08,1.67E-09,3.67E-09,3.95E-09,4.37E-09,3.41E-09,2.12E-09,1.37E-10,1.98E-09,4.22E-10,1.14E-09,2.12E-09,2.07E-10,6.12E-10,6.29E-11,1.84E-10,1.33E-10,1.53E-10,2.61E-10,4.72E-10,4.08E-10,1.54E-10,3.04E-10,1.57E-09,1.37E-09,2.21E-10,4.73E-11,4.30E-10,6.98E-10,6.46E-11,3.10E-11,6.04E-11,3.65E-10,6.51E-10,8.25E-11,3.31E-10,3.07E-11,1.06E-10,5.23E-11,2.14E-10,2.01E-10,1.56E-10,1.20E-10,5.45E-10,1.52E-11,3.35E-10,1.12E-10,2.40E-10,2.90E-10,2.76E-10,8.53E-11,1.24E-10,4.86E-10,6.17E-10,8.69E-10,4.20E-10,1.31E-10,1.02E-10,1.94E-10,9.83E-11,6.82E-10,8.70E-10,9.00E-11,5.20E-10,6.98E-10,3.68E-10,9.44E-11,1.05E-09,1.76E-10,1.55E-10,2.11E-11,1.02E-10,2.26E-10,4.49E-10,1.49E-10,1.59E-10,1.37E-10,7.16E-11,1.89E-10,1.50E-10,1.27E-10,5.67E-10,3.00E-10,1.96E-10,4.46E-10,1.82E-10,5.65E-10,5.79E-11,9.41E-11,3.37E-11,1.78E-10,4.58E-10,1.32E-10,1.86E-10,2.65E-10,2.02E-10,1.70E-10,1.97E-10,2.03E-10,1.09E-10,5.00E-10,5.98E-10,5.44E-10,5.46E-10,2.40E-10,4.71E-10,7.66E-11,2.65E-10,7.63E-10,1.23E-10,1.59E-10,5.43E-10,4.63E-10,2.45E-10,8.44E-11,2.31E-10,3.59E-10,5.35E-10,5.60E-10,1.65E-10,4.40E-10,3.82E-11,4.54E-11,8.32E-11,2.15E-10,3.65E-10,1.57E-10,7.39E-11,3.07E-10,1.10E-10,1.11E-10,6.78E-11,1.13E-10,4.18E-10,2.28E-10,1.52E-10,2.92E-11,8.91E-11,5.83E-11,5.71E-10,2.39E-10,5.63E-10,2.16E-10,1.17E-10,1.83E-10,8.61E-10,1.25E-10,1.34E-10,5.49E-12,1.14E-10,2.43E-10,1.23E-10,1.81E-10,1.33E-10,1.34E-10,7.04E-11,1.24E-10,2.62E-11
41.25,41.75,A,10,1.31E-07,2.37E-08,1.19E-09,5.12E-09,2.88E-10,3.15E-09,6.95E-10,2.26E-09,1.04E-10,2.11E-09,2.24E-09,1.12E-09,1.14E-10,2.40E-09,1.48E-10,6.69E-10,4.56E-10,2.06E-10,9.43E-10,2.64E-10,1.18E-10,4.08E-10,8.78E-10,1.12E-10,1.42E-10,7.23E-11,8.61E-10,2.46E-10,7.58E-11,3.77E-10,1.31E-07,2.37E-08,1.19E-09,5.12E-09,2.88E-10,3.15E-09,6.95E-10,2.26E-09,1.04E-10,2.11E-09,2.24E-09,1.12E-09,1.14E-10,2.40E-09,1.48E-10,6.69E-10,4.56E-10,2.06E-10,9.43E-10,2.64E-10,1.18E-10,4.08E-10,8.78E-10,1.12E-10,1.42E-10,7.23E-11,8.61E-10,2.46E-10,7.58E-11,3.77E-10,3.93E-11,9.14E-10,1.43E-10,4.39E-11,5.91E-11,3.19E-10,1.26E-10,1.96E-10,4.00E-10,1.88E-10,5.66E-11,7.27E-10,8.82E-11,8.63E-11,1.33E-10,2.83E-10,6.57E-10,2.11E-10,1.67E-10,6.42E-10,2.60E-10,7.31E-10,2.25E-10,1.03E-10,5.60E-11,4.30E-11,2.71E-10,6.24E-10,8.69E-10,1.21E-10,5.65E-10,5.83E-11,3.81E-10,6.19E-10,3.85E-10,1.86E-10,5.16E-10,1.46E-10,5.88E-11,7.91E-10,1.62E-10,3.23E-10,1.63E-10,7.67E-10,1.15E-09,5.79E-10,8.17E-10,2.23E-09,2.64E-10,4.70E-10,1.95E-10,3.62E-10,6.16E-10,3.59E-10,1.50E-10,6.49E-10,1.03E-10,3.62E-10,5.45E-11,2.60E-10,4.00E-10,1.40E-10,6.36E-11,1.23E-10,7.92E-11,3.57E-10,1.74E-10,2.98E-10,4.80E-10,3.33E-10,4.55E-10,3.51E-10,6.72E-10,3.20E-10,5.49E-10,5.66E-10,3.49E-11,2.34E-10,2.83E-10,5.52E-10,4.77E-10,5.78E-10,5.56E-11,5.88E-10,1.81E-10,1.08E-10,4.79E-10,6.07E-11,1.23E-09,1.70E-10,2.91E-10,5.92E-10,4.68E-10,4.36E-10,4.68E-10,1.49E-10,1.22E-10,7.92E-10,3.23E-10,7.39E-10,1.92E-10,5.69E-10,4.08E-10,1.48E-10,3.67E-10,1.18E-09,9.31E-10,6.39E-10,5.79E-10,1.44E-10,3.16E-10,2.75E-10,7.11E-10,6.84E-12,1.39E-10,6.97E-10,1.68E-10,2.48E-10,3.20E-10,6.39E-11,9.69E-11,7.90E-11,4.99E-10,8.11E-11,3.52E-10,1.35E-10,3.82E-10,4.72E-10,5.23E-10,6.93E-10
41.5,42,A,10,7.61E-08,2.27E-09,4.76E-09,2.47E-09,5.78E-09,1.31E-09,3.74E-09,5.00E-10,1.82E-09,7.80E-10,2.42E-10,3.44E-10,1.60E-09,1.75E-09,5.86E-10,1.07E-10,7.79E-10,5.90E-10,5.10E-11,3.89E-10,9.60E-11,3.95E-10,1.95E-12,1.02E-10,1.09E-10,1.86E-10,1.42E-10,2.99E-11,1.80E-10,1.31E-10,7.61E-08,2.27E-09,4.76E-09,2.47E-09,5.78E-09,1.31E-09,3.74E-09,5.00E-10,1.82E-09,7.80E-10,2.42E-10,3.44E-10,1.60E-09,1.75E-09,5.86E-10,1.07E-10,7.79E-10,5.90E-10,5.10E-11,3.89E-10,9.60E-11,3.95E-10,1.95E-12,1.02E-10,1.09E-10,1.86E-10,1.42E-10,2.99E-11,1.80E-10,1.31E-10,2.23E-10,4.60E-11,2.15E-10,7.58E-11,3.18E-10,5.92E-11,5.18E-11,3.00E-10,1.10E-10,1.60E-10,6.75E-10,8.91E-10,8.57E-11,1.80E-10,1.02E-10,1.47E-10,1.31E-10,7.80E-11,4.42E-10,8.48E-11,1.88E-10,1.02E-10,4.65E-10,9.72E-11,6.19E-11,1.20E-10,1.13E-09,5.61E-10,2.47E-10,7.76E-10,8.80E-10,1.02E-10,6.13E-11,6.23E-10,1.92E-11,5.92E-11,7.01E-11,1.48E-10,2.14E-11,7.65E-10,3.56E-10,1.76E-10,2.60E-11,2.19E-10,1.16E-09,3.80E-10,7.37E-11,9.23E-11,7.47E-11,2.29E-10,1.81E-10,4.77E-11,1.98E-10,3.79E-10,9.78E-11,1.61E-10,7.77E-10,9.79E-11,1.96E-11,1.32E-11,4.37E-11,5.56E-11,5.70E-11,1.37E-10,1.20E-10,1.03E-10,2.24E-10,4.21E-10,2.04E-10,4.91E-11,5.81E-10,8.33E-10,2.53E-10,1.49E-10,9.51E-11,1.44E-10,3.39E-10,8.33E-11,5.35E-11,4.31E-10,1.87E-10,2.28E-10,2.88E-10,9.09E-10,2.17E-10,1.80E-10,1.27E-10,1.49E-10,8.49E-10,1.20E-10,1.19E-09,9.20E-10,1.84E-10,8.04E-10,2.68E-10,5.61E-11,1.91E-10,5.58E-11,4.16E-10,2.22E-10,4.54E-10,3.23E-10,2.14E-10,1.70E-10,2.68E-11,4.44E-11,6.42E-11,3.98E-11,1.92E-10,1.57E-10,1.02E-10,2.51E-11,2.01E-11,2.97E-11,2.67E-11,1.69E-10,4.00E-10,1.94E-10,4.23E-10,3.53E-11,1.97E-10,4.32E-11,4.20E-12,2.27E-10,4.17E-10,6.65E-11,8.23E-10,9.06E-11,3.36E-11,9.22E-11
41.75,42.25,A,10,1.27E-09,3.49E-09,2.47E-09,3.02E-09,8.41E-10,4.71E-10,1.66E-09,1.49E-09,1.04E-09,2.85E-10,1.42E-09,3.46E-10,1.01E-09,4.54E-10,8.01E-10,1.36E-09,3.89E-10,5.40E-10,4.55E-10,3.41E-10,9.81E-11,8.92E-11,3.59E-10,4.29E-10,2.04E-10,1.70E-11,3.61E-11,4.99E-10,3.45E-10,3.85E-11,1.27E-09,3.49E-09,2.47E-09,3.02E-09,8.41E-10,4.71E-10,1.66E-09,1.49E-09,1.04E-09,2.85E-10,1.42E-09,3.46E-10,1.01E-09,4.54E-10,8.01E-10,1.36E-09,3.89E-10,5.40E-10,4.55E-10,3.41E-10,9.81E-11,8.92E-11,3.59E-10,4.29E-10,2.04E-10,1.70E-11,3.61E-11,4.99E-10,3.45E-10,3.85E-11,3.21E-10,8.28E-11,4.93E-11,1.77E-10,6.92E-11,8.33E-11,1.90E-10,8.82E-11,3.28E-11,8.19E-12,5.42E-11,1.57E-10,6.03E-10,8.79E-11,6.02E-10,1.54E-10,6.98E-11,2.39E-10,1.75E-10,2.22E-10,1.26E-10,4.98E-11,2.46E-10,1.23E-10,1.35E-10,1.89E-10,1.18E-10,1.73E-10,9.48E-12,1.41E-10,1.64E-10,9.96E-11,2.35E-10,5.47E-10,4.96E-10,5.71E-10,7.34E-11,2.79E-10,5.80E-11,2.64E-10,5.91E-11,7.77E-11,2.28E-10,9.33E-11,5.14E-10,4.81E-10,9.20E-11,7.09E-11,2.76E-10,3.65E-10,3.21E-10,2.29E-10,2.36E-10,3.48E-10,3.96E-11,4.99E-10,1.22E-10,8.34E-11,3.02E-11,2.43E-11,6.94E-11,1.25E-10,2.71E-10,3.48E-10,7.27E-11,3.23E-11,2.60E-10,1.05E-10,1.88E-10,6.87E-11,8.54E-11,4.22E-10,1.36E-10,4.53E-10,1.07E-10,3.96E-10,7.58E-11,1.63E-11,8.36E-11,9.83E-11,2.67E-10,2.15E-10,1.07E-10,3.85E-10,3.82E-10,2.62E-10,1.86E-10,4.94E-10,2.52E-10,3.49E-10,4.06E-11,1.71E-10,2.14E-10,5.15E-10,7.34E-11,6.77E-10,3.03E-10,1.20E-11,1.26E-10,1.47E-10,8.06E-11,1.12E-10,1.83E-10,1.80E-10,2.15E-10,5.81E-11,6.40E-10,1.70E-10,2.37E-10,1.30E-10,1.04E-10,7.38E-10,9.18E-11,5.64E-10,3.10E-10,2.68E-10,6.05E-10,3.33E-11,1.52E-10,5.99E-11,5.59E-10,2.66E-10,1.17E-10,9.94E-11,3.54E-10,7.88E-11,8.66E-11,2.22E-10,1.03E-10,7.50E-11
42,42.5,A,10,6.00E-09,5.05E-09,2.07E-09,4.43E-09,2.36E-09,3.20E-09,4.94E-10,1.72E-09,7.07E-10,1.53E-09,9.69E-10,1.37E-09,5.41E-10,3.05E-10,1.02E-10,3.92E-10,8.67E-10,2.21E-10,9.91E-11,1.40E-10,1.35E-10,2.34E-10,5.21E-10,2.99E-10,1.88E-10,1.55E-10,1.91E-10,4.16E-11,8.81E-11,5.82E-10,6.00E-09,5.05E-09,2.07E-09,4.43E-09,2.36E-09,3.20E-09,4.94E-10,1.72E-09,7.07E-10,1.53E-09,9.69E-10,1.37E-09,5.41E-10,3.05E-10,1.02E-10,3.92E-10,8.67E-10,2.21E-10,9.91E-11,1.40E-10,1.35E-10,2.34E-10,5.21E-10,2.99E-10,1.88E-10,1.55E-10,1.91E-10,4.16E-11,8.81E-11,5.82E-10,6.24E-10,2.20E-10,7.43E-11,3.23E-10,5.43E-11,1.26E-10,1.78E-10,3.09E-10,8.95E-10,7.68E-10,3.53E-10,4.13E-10,2.63E-10,1.94E-10,4.70E-10,7.64E-11,1.79E-10,3.10E-10,5.04E-10,1.81E-10,6.55E-10,7.32E-10,8.20E-10,4.31E-10,8.18E-11,1.77E-10,1.02E-10,1.28E-10,1.05E-10,1.98E-10,1.34E-10,9.64E-11,7.97E-11,2.47E-10,4.10E-10,2.57E-10,3.73E-10,1.84E-10,8.90E-11,1.34E-10,1.59E-10,1.25E-10,1.99E-10,2.69E-12,1.70E-10,2.31E-10,3.36E-10,3.62E-10,5.98E-11,1.21E-09,2.73E-10,1.87E-10,1.41E-10,4.28E-11,7.28E-11,4.52E-10,1.44E-10,1.04E-10,5.49E-11,7.17E-11,3.20E-10,1.96E-10,1.00E-10,1.71E-10,2.46E-10,4.81E-11,2.83E-10,8.53E-11,2.59E-10,4.12E-10,2.24E-10,1.29E-10,1.01E-10,2.20E-10,6.76E-11,9.68E-10,2.06E-10,6.83E-11,1.04E-10,1.47E-10,1.80E-10,4.95E-10,1.80E-10,7.43E-11,5.03E-10,7.33E-10,3.61E-11,1.16E-09,2.18E-11,5.11E-10,4.84E-11,6.82E-10,1.02E-10,6.09E-11,1.63E-10,1.23E-10,1.86E-10,2.69E-10,2.16E-10,1.68E-10,6.47E-11,1.24E-10,2.78E-10,3.37E-10,2.22E-10,1.94E-10,2.21E-10,1.83E-10,2.78E-10,7.66E-11,8.06E-11,2.58E-10,9.84E-11,7.37E-11,8.60E-11,3.67E-10,4.47E-10,1.17E-10,7.22E-11,6.19E-11,4.57E-11,2.44E-11,1.47E-10,4.01E-10,6.32E-11,1.96E-11,3.70E-10,4.76E-10,1.98E-10,2.25E-10
42.25,42.75,A,10,8.40E-09,7.09E-09,7.48E-09,3.68E-09,6.80E-09,8.45E-10,6.25E-10,4.57E-10,5.50E-10,2.11E-10,4.75E-10,4.24E-10,4.45E-10,1.91E-10,1.07E-10,8.31E-10,5.21E-10,4.37E-10,2.17E-09,8.24E-10,1.58E-10,2.74E-10,5.00E-10,7.88E-10,3.25E-10,3.24E-10,3.07E-10,2.96E-10,8.13E-10,1.22E-10,8.40E-09,7.09E-09,7.48E-09,3.68E-09,6.80E-09,8.45E-10,6.25E-10,4.57E-10,5.50E-10,2.11E-10,4.75E-10,4.24E-10,4.45E-10,1.91E-10,1.07E-10,8.31E-10,5.21E-10,4.37E-10,2.17E-09,8.24E-10,1.58E-10,2.74E-10,5.00E-10,7.88E-10,3.25E-10,3.24E-10,3.07E-10,2.96E-10,8.13E-10,1.22E-10,6.22E-10,3.73E-10,9.54E-10,1.85E-10,1.89E-10,3.46E-10,4.24E-11,1.51E-10,1.21E-10,3.59E-10,1.70E-10,9.44E-10,3.80E-10,2.27E-10,1.79E-10,1.46E-10,6.88E-11,1.31E-10,2.49E-10,1.34E-10,2.72E-10,7.60E-10,1.36E-10,1.52E-10,1.55E-10,3.70E-10,5.72E-10,5.91E-10,1.96E-10,6.15E-10,1.55E-10,2.35E-11,3.59E-10,3.77E-10,1.89E-10,4.58E-11,1.09E-10,5.02E-11,3.55E-10,1.65E-10,2.48E-10,9.23E-11,3.77E-11,6.85E-11,4.78E-11,8.54E-11,2.36E-10,2.81E-10,4.73E-10,7.10E-10,1.00E-10,4.13E-10,2.03E-11,1.09E-09,4.34E-11,1.74E-10,7.63E-11,2.86E-10,1.97E-10,1.98E-10,3.50E-10,1.12E-10,3.83E-10,8.46E-11,3.59E-11,6.10E-10,2.19E-11,5.90E-11,5.70E-11,2.02E-10,2.92E-12,1.82E-10,7.36E-11,2.83E-11,2.78E-10,3.06E-10,2.38E-11,2.30E-10,1.07E-10,2.03E-10,2.18E-10,4.64E-10,2.21E-10,1.07E-10,5.68E-10,9.58E-10,7.72E-11,1.12E-10,6.40E-10,1.69E-10,1.54E-10,3.65E-10,1.30E-10,5.62E-11,3.84E-10,1.00E-11,3.48E-10,1.60E-10,2.50E-10,1.76E-10,3.55E-10,3.18E-10,1.34E-11,3.40E-10,1.92E-10,8.28E-11,8.48E-10,2.88E-10,1.59E-10,7.50E-11,4.55E-10,3.67E-10,3.61E-10,4.47E-10,1.36E-09,4.56E-11,3.63E-10,3.85E-10,7.56E-10,2.41E-10,2.81E-11,1.89E-10,2.38E-10,2.83E-11,1.39E-10,2.11E-10,6.00E-11,1.40E-10,4.06E-10,3.05E-10
42.5,43,A,10,5.30E-09,2.14E-08,2.32E-08,2.02E-10,5.99E-09,1.79E-10,2.01E-09,1.72E-09,4.86E-10,1.64E-09,2.04E-10,7.08E-10,5.86E-10,3.15E-10,3.22E-10,1.26E-09,1.67E-10,2.30E-10,8.68E-10,2.12E-10,4.36E-10,1.19E-09,2.47E-10,7.20E-11,2.04E-09,6.27E-10,1.88E-10,6.07E-10,5.76E-11,4.19E-10,5.30E-09,2.14E-08,2.32E-08,2.02E-10,5.99E-09,1.79E-10,2.01E-09,1.72E-09,4.86E-10,1.64E-09,2.04E-10,7.08E-10,5.86E-10,3.15E-10,3.22E-10,1.26E-09,1.67E-10,2.30E-10,8.68E-10,2.12E-10,4.36E-10,1.19E-09,2.47E-10,7.20E-11,2.04E-09,6.27E-10,1.88E-10,6.07E-10,5.76E-11,4.19E-10,6.56E-10,8.31E-11,7.00E-11,3.67E-10,1.91E-10,3.85E-11,2.11E-10,2.39E-10,5.80E-10,2.42E-10,4.76E-10,1.19E-10,4.59E-10,2.36E-10,4.77E-10,3.22E-10,2.58E-10,3.06E-10,2.17E-10,6.36E-10,3.07E-11,2.32E-10,5.47E-11,3.95E-11,7.88E-11,1.14E-10,1.93E-10,1.95E-10,2.23E-10,1.22E-11,1.04E-10,1.45E-10,4.51E-10,2.71E-10,5.03E-10,3.57E-10,7.07E-10,1.87E-10,6.32E-11,6.65E-11,2.19E-10,8.79E-11,1.40E-10,2.29E-11,3.39E-10,2.95E-10,6.83E-11,5.64E-11,5.37E-11,2.07E-10,3.78E-11,4.68E-10,3.75E-11,4.30E-11,6.79E-10,1.06E-10,7.34E-11,1.15E-10,1.83E-10,4.39E-11,1.37E-10,5.22E-11,3.73E-10,1.29E-10,1.14E-10,4.78E-11,1.24E-10,1.09E-10,4.34E-11,1.51E-11,5.15E-12,4.89E-11,3.09E-10,4.92E-11,2.17E-10,9.24E-11,3.60E-10,1.73E-10,1.57E-09,5.56E-10,4.33E-10,1.52E-10,2.30E-10,7.55E-11,1.27E-10,3.97E-10,5.32E-10,1.90E-10,2.89E-10,6.61E-10,3.17E-10,1.52E-10,3.07E-10,6.34E-10,1.65E-10,8.28E-11,9.37E-11,1.53E-10,1.52E-10,5.28E-11,1.97E-10,5.13E-10,1.16E-10,8.58E-11,1.92E-10,2.96E-11,2.12E-10,5.84E-11,2.17E-10,3.20E-10,9.72E-10,4.77E-10,2.30E-10,4.93E-10,2.58E-10,3.84E-10,3.57E-11,4.82E-11,8.86E-11,1.56E-10,2.30E-11,3.31E-11,3.38E-10,3.38E-11,3.42E-10,4.68E-11,1.06E-10,1.19E-10,4.94E-10,2.29E-10
42.75,43.25,A,10,6.87E-09,1.96E-08,1.61E-08,6.09E-09,2.41E-09,1.44E-09,4.75E-09,6.55E-10,1.11E-09,2.35E-10,1.27E-09,3.81E-10,2.10E-10,1.85E-10,8.62E-11,4.02E-10,3.74E-10,2.63E-10,2.80E-10,6.75E-10,4.23E-10,4.33E-10,1.72E-10,6.30E-10,3.13E-10,9.19E-10,2.22E-11,7.26E-10,1.68E-10,3.68E-10,6.87E-09,1.96E-08,1.61E-08,6.09E-09,2.41E-09,1.44E-09,4.75E-09,6.55E-10,1.11E-09,2.35E-10,1.27E-09,3.81E-10,2.10E-10,1.85E-10,8.62E-11,4.02E-10,3.74E-10,2.63E-10,2.80E-10,6.75E-10,4.23E-10,4.33E-10,1.72E-10,6.30E-10,3.13E-10,9.19E-10,2.22E-11,7.26E-10,1.68E-10,3.68E-10,1.64E-10,4.31E-10,2.40E-10,2.10E-10,8.45E-11,5.50E-10,1.23E-09,4.25E-10,3.85E-10,2.01E-10,2.47E-10,8.89E-11,3.08E-10,2.66E-10,3.99E-11,5.44E-10,1.32E-10,2.62E-10,2.21E-10,3.91E-11,7.09E-10,1.73E-10,4.10E-10,3.43E-10,1.46E-10,1.59E-10,2.36E-10,1.87E-10,1.86E-11,1.10E-10,3.98E-10,2.76E-10,1.13E-10,5.64E-10,4.08E-10,1.60E-10,1.87E-10,6.41E-11,1.57E-10,7.71E-11,2.58E-10,5.96E-10,1.24E-10,5.14E-10,7.94E-10,1.39E-10,1.38E-10,1.67E-10,6.28E-10,2.01E-10,3.80E-11,2.54E-10,6.11E-10,5.67E-11,1.11E-11,3.33E-10,6.30E-10,1.73E-10,1.50E-10,1.36E-10,1.94E-11,5.23E-10,9.27E-12,1.85E-10,8.42E-11,6.67E-11,6.05E-10,4.87E-10,1.36E-11,7.47E-10,2.37E-10,8.47E-11,4.72E-11,3.77E-10,1.92E-10,3.35E-10,2.38E-10,4.02E-10,7.84E-10,5.99E-10,1.31E-10,3.79E-10,6.79E-10,4.45E-11,5.98E-10,1.36E-11,1.49E-09,6.47E-10,7.70E-10,5.39E-11,1.62E-10,5.64E-10,4.62E-10,4.80E-11,6.94E-11,7.42E-11,3.09E-10,2.06E-10,3.56E-10,8.87E-11,4.99E-10,2.34E-10,2.09E-10,1.02E-10,8.93E-11,1.50E-10,5.11E-10,1.94E-10,8.41E-11,6.63E-11,3.26E-10,3.98E-11,1.87E-11,2.57E-10,1.56E-10,1.70E-10,1.07E-10,1.29E-10,1.37E-10,5.56E-11,7.10E-10,1.46E-10,4.55E-10,2.81E-10,4.34E-11,2.26E-10,6.61E-11,6.33E-11,2.86E-10,1.57E-10
43,43.5,A,10,2.36E-09,2.20E-08,3.27E-09,3.28E-09,2.89E-10,1.31E-09,9.92E-10,3.95E-10,8.18E-10,5.14E-11,6.79E-10,5.88E-10,1.55E-10,4.68E-10,6.16E-10,4.07E-10,2.82E-10,4.38E-10,2.82E-11,6.60E-10,9.02E-11,8.18E-10,2.12E-10,1.41E-10,2.80E-10,2.57E-11,5.53E-11,4.68E-11,9.19E-11,1.53E-10,2.36E-09,2.20E-08,3.27E-09,3.28E-09,2.89E-10,1.31E-09,9.92E-10,3.95E-10,8.18E-10,5.14E-11,6.79E-10,5.88E-10,1.55E-10,4.68E-10,6.16E-10,4.07E-10,2.82E-10,4.38E-10,2.82E-11,6.60E-10,9.02E-11,8.18E-10,2.12E-10,1.41E-10,2.80E-10,2.57E-11,5.53E-11,4.68E-11,9.19E-11,1.53E-10,1.46E-10,4.50E-11,6.59E-12,1.43E-10,3.78E-11,1.98E-10,5.20E-10,2.61E-11,2.09E-11,9.87E-11,1.62E-10,8.81E-11,2.06E-10,2.09E-10,3.14E-10,4.64E-10,3.96E-11,6.84E-11,1.47E-10,3.40E-11,1.17E-10,2.16E-11,5.78E-11,1.04E-10,5.83E-11,3.48E-11,5.91E-11,3.35E-10,1.46E-11,1.12E-10,8.28E-11,2.74E-10,5.90E-10,8.24E-11,1.71E-10,2.66E-10,3.68E-10,3.21E-10,2.11E-10,9.65E-11,1.73E-10,7.16E-11,1.57E-10,1.91E-10,2.94E-10,2.28E-10,1.63E-10,4.41E-10,2.56E-10,3.53E-10,1.78E-10,1.32E-10,4.56E-10,7.94E-11,2.67E-10,6.92E-11,5.59E-10,3.32E-10,1.72E-10,9.32E-11,8.32E-11,1.43E-10,5.32E-10,1.13E-10,2.79E-11,6.52E-10,2.36E-10,2.60E-10,4.46E-11,4.53E-10,1.04E-09,1.94E-11,7.98E-11,2.57E-10,1.64E-11,1.68E-10,1.45E-10,1.97E-10,3.95E-10,1.18E-10,1.96E-10,4.38E-11,1.04E-10,7.95E-11,7.38E-11,9.12E-11,5.29E-11,1.34E-10,1.38E-11,7.25E-12,8.95E-11,3.28E-11,1.53E-10,2.78E-12,1.74E-10,1.05E-10,6.35E-11,3.93E-10,2.57E-10,2.17E-10,5.82E-11,3.82E-11,8.84E-11,7.62E-11,1.83E-10,2.17E-10,3.53E-10,4.71E-11,2.06E-10,4.53E-11,5.27E-11,3.55E-11,2.34E-10,3.31E-10,9.04E-11,1.16E-10,5.84E-10,6.01E-11,3.15E-11,1.79E-10,3.49E-10,2.00E-10,4.40E-10,6.09E-10,1.33E-11,1.81E-10,1.94E-10,9.09E-11,2.45E-11,2.32E-11
43.25,43.75,A,10,1.08E-08,2.62E-08,3.47E-09,3.10E-09,2.20E-09,6.03E-09,8.91E-10,1.24E-09,1.88E-09,2.13E-09,3.64E-10,7.17E-10,4.87E-10,4.28E-10,5.57E-11,4.60E-10,7.52E-10,2.84E-10,3.82E-10,6.37E-10,5.77E-10,5.42E-10,1.06E-10,4.86E-11,3.14E-11,6.44E-10,3.64E-10,6.08E-10,7.81E-11,1.59E-10,1.08E-08,2.62E-08,3.47E-09,3.10E-09,2.20E-09,6.03E-09,8.91E-10,1.24E-09,1.88E-09,2.13E-09,3.64E-10,7.17E-10,4.87E-10,4.28E-10,5.57E-11,4.60E-10,7.52E-10,2.84E-10,3.82E-10,6.37E-10,5.77E-10,5.42E-10,1.06E-10,4.86E-11,3.14E-11,6.44E-10,3.64E-10,6.08E-10,7.81E-11,1.59E-10,7.47E-11,8.47E-11,1.62E-10,7.08E-11,7.27E-11,3.49E-11,5.86E-10,5.16E-10,7.98E-11,2.52E-10,4.05E-10,5.97E-11,2.69E-10,8.81E-10,1.98E-10,1.20E-10,2.79E-10,4.39E-10,6.66E-10,2.86E-10,1.48E-10,1.34E-10,5.48E-10,5.22E-10,2.43E-10,2.45E-10,1.86E-10,1.26E-10,1.70E-10,7.47E-11,8.12E-11,3.87E-11,8.21E-11,8.26E-10,1.40E-10,4.35E-10,5.11E-10,2.22E-10,1.73E-10,5.96E-11,4.37E-10,1.72E-10,4.25E-10,1.63E-10,2.14E-10,1.30E-10,1.86E-10,4.40E-11,8.94E-11,1.26E-10,2.77E-10,1.70E-10,6.35E-10,2.16E-10,7.07E-11,1.92E-10,2.56E-10,1.76E-10,2.70E-10,1.61E-10,2.01E-10,4.48E-11,5.37E-10,2.38E-10,5.48E-11,1.63E-10,5.34E-10,7.51E-11,2.58E-10,2.77E-10,1.42E-10,3.92E-11,2.33E-10,9.03E-11,3.50E-10,1.16E-10,7.86E-11,3.91E-11,3.66E-10,1.58E-10,4.44E-10,1.36E-10,7.29E-11,5.36E-10,3.31E-11,7.97E-11,1.35E-10,4.76E-10,9.75E-10,4.48E-11,8.02E-11,5.51E-11,1.02E-10,6.11E-10,5.10E-11,1.81E-10,1.51E-10,6.50E-10,8.06E-11,3.13E-10,1.96E-10,2.02E-10,5.77E-11,1.10E-10,6.47E-10,5.85E-11,5.03E-11,7.92E-10,3.30E-10,1.50E-10,1.62E-10,4.93E-10,2.17E-10,1.34E-10,4.50E-11,1.08E-10,8.97E-11,1.16E-10,3.12E-11,6.00E-11,1.67E-10,1.10E-10,2.19E-10,5.22E-11,2.45E-11,6.95E-10,8.03E-11,3.59E-10,1.14E-10,1.32E-10
43.5,44,A,10,3.71E-08,3.50E-08,6.39E-09,4.05E-09,1.15E-09,3.28E-09,8.43E-10,2.46E-09,1.41E-09,7.86E-10,4.27E-10,5.34E-10,4.03E-10,5.21E-10,9.28E-10,5.13E-10,2.39E-09,3.76E-10,3.18E-11,9.13E-11,2.03E-10,4.67E-11,7.84E-10,1.24E-09,3.90E-10,4.30E-10,2.92E-10,1.65E-10,4.13E-10,5.98E-10,3.71E-08,3.50E-08,6.39E-09,4.05E-09,1.15E-09,3.28E-09,8.43E-10,2.46E-09,1.41E-09,7.86E-10,4.27E-10,5.34E-10,4.03E-10,5.21E-10,9.28E-10,5.13E-10,2.39E-09,3.76E-10,3.18E-11,9.13E-11,2.03E-10,4.67E-11,7.84E-10,1.24E-09,3.90E-10,4.30E-10,2.92E-10,1.65E-10,4.13E-10,5.98E-10,3.49E-10,6.95E-11,2.64E-10,3.28E-11,2.38E-10,2.15E-10,1.36E-10,3.10E-10,8.94E-11,1.29E-10,2.24E-10,5.44E-11,1.06E-10,2.60E-10,1.93E-10,2.16E-11,3.06E-10,5.19E-10,1.09E-10,1.10E-10,4.22E-11,2.07E-10,4.18E-10,4.42E-10,7.22E-11,2.42E-11,9.64E-11,5.21E-10,1.67E-10,3.61E-10,5.34E-11,2.44E-10,4.54E-10,4.15E-10,1.81E-10,1.84E-10,3.59E-10,3.00E-10,2.96E-10,2.65E-10,1.57E-10,3.02E-10,2.61E-10,3.94E-11,7.09E-11,1.94E-10,2.58E-11,8.21E-11,4.49E-10,2.02E-10,3.01E-11,6.94E-11,3.10E-10,3.84E-10,1.53E-10,2.36E-10,1.30E-10,2.95E-10,8.55E-11,1.55E-10,1.17E-10,3.18E-11,1.06E-10,3.64E-10,7.81E-10,9.06E-12,3.46E-10,1.21E-10,1.50E-10,7.48E-11,2.42E-10,3.89E-10,2.77E-10,1.79E-10,2.08E-10,2.19E-10,4.29E-10,3.25E-11,3.14E-10,2.91E-11,8.34E-10,1.69E-10,3.69E-10,4.85E-11,5.36E-10,1.93E-10,1.62E-10,1.66E-10,7.90E-10,3.18E-10,7.97E-11,6.56E-10,6.18E-10,1.76E-10,1.60E-10,2.89E-10,4.41E-11,1.12E-10,1.97E-10,4.54E-10,1.57E-10,3.16E-10,8.07E-12,1.97E-10,9.82E-11,5.46E-11,1.99E-10,3.19E-10,2.90E-10,4.79E-11,1.24E-10,8.73E-11,3.17E-10,1.42E-10,8.29E-11,3.68E-11,9.53E-11,1.55E-10,1.97E-10,1.11E-10,2.52E-10,4.31E-10,4.81E-10,3.06E-10,1.83E-11,3.17E-10,2.88E-10,3.31E-10,6.30E-11,1.59E-10
43.75,44.25,A,10,1.01E-08,6.55E-09,8.75E-10,7.96E-10,1.57E-09,9.80E-10,1.33E-09,4.60E-10,4.53E-10,1.30E-11,1.63E-09,2.47E-10,5.48E-10,1.66E-10,3.12E-10,2.83E-10,7.74E-11,1.76E-10,8.15E-11,5.58E-10,2.51E-11,3.15E-10,1.06E-10,1.24E-09,3.37E-11,6.40E-11,8.46E-11,2.33E-10,4.57E-10,9.24E-11,1.01E-08,6.55E-09,8.75E-10,7.96E-10,1.57E-09,9.80E-10,1.33E-09,4.60E-10,4.53E-10,1.30E-11,1.63E-09,2.47E-10,5.48E-10,1.66E-10,3.12E-10,2.83E-10,7.74E-11,1.76E-10,8.15E-11,5.58E-10,2.51E-11,3.15E-10,1.06E-10,1.24E-09,3.37E-11,6.40E-11,8.46E-11,2.33E-10,4.57E-10,9.24E-11,2.75E-10,6.22E-11,2.59E-10,8.10E-11,1.97E-10,1.95E-11,1.07E-10,2.68E-10,6.13E-11,4.22E-10,1.98E-10,1.70E-10,3.79E-10,2.42E-10,2.87E-11,2.04E-10,9.37E-11,5.66E-11,1.73E-10,2.84E-10,9.40E-11,2.08E-10,1.47E-10,1.95E-10,2.29E-10,9.47E-11,3.30E-11,1.52E-10,8.70E-11,4.04E-11,2.42E-10,1.37E-10,7.51E-11,5.77E-11,4.22E-11,1.06E-10,3.16E-10,3.58E-11,2.25E-10,4.63E-11,1.01E-10,2.94E-10,3.33E-11,3.99E-10,1.25E-10,2.41E-11,4.46E-10,3.99E-10,2.18E-11,1.92E-10,2.47E-10,2.47E-11,5.19E-11,2.74E-10,2.49E-10,2.61E-10,1.53E-10,1.48E-10,3.12E-10,2.10E-10,2.88E-10,1.11E-10,3.18E-10,8.27E-11,2.18E-10,4.41E-10,5.67E-11,5.13E-11,3.75E-11,9.40E-11,5.38E-11,4.38E-11,6.22E-11,4.43E-11,5.81E-10,4.77E-10,9.94E-11,1.92E-10,1.42E-10,3.62E-10,1.59E-10,1.93E-10,3.18E-10,5.31E-10,1.53E-10,1.09E-10,8.72E-11,7.35E-11,1.27E-10,2.87E-10,1.51E-10,1.72E-10,3.65E-10,2.88E-10,3.43E-10,5.61E-10,1.15E-10,8.74E-11,3.09E-11,5.22E-11,5.68E-11,3.14E-10,6.51E-10,9.92E-11,1.27E-10,2.29E-10,1.02E-10,1.58E-10,3.32E-11,1.03E-10,1.17E-11,1.63E-10,1.21E-10,7.80E-11,3.01E-10,7.82E-11,1.59E-10,3.62E-11,8.17E-11,5.44E-11,2.44E-10,1.55E-10,3.88E-11,7.45E-11,1.79E-10,6.35E-11,2.97E-11,2.15E-11,2.53E-11,5.88E-13
44,44.5,A,10,3.06E-09,4.61E-09,3.03E-09,2.41E-09,6.02E-10,2.02E-10,2.56E-10,1.44E-10,2.49E-10,6.00E-10,2.88E-10,4.20E-11,6.79E-11,2.37E-10,1.05E-10,4.61E-10,9.09E-11,2.97E-10,5.58E-10,5.68E-10,2.32E-10,1.53E-10,1.20E-11,7.11E-11,4.91E-11,2.08E-10,9.28E-11,2.06E-10,9.75E-11,1.60E-10,3.06E-09,4.61E-09,3.03E-09,2.41E-09,6.02E-10,2.02E-10,2.56E-10,1.44E-10,2.49E-10,6.00E-10,2.88E-10,4.20E-11,6.79E-11,2.37E-10,1.05E-10,4.61E-10,9.09E-11,2.97E-10,5.58E-10,5.68E-10,2.32E-10,1.53E-10,1.20E-11,7.11E-11,4.91E-11,2.08E-10,9.28E-11,2.06E-10,9.75E-11,1.60E-10,1.78E-10,2.06E-10,7.18E-11,5.15E-11,6.05E-11,1.45E-10,2.68E-10,6.61E-11,1.94E-10,3.23E-11,3.41E-10,3.23E-11,1.08E-10,8.18E-11,3.19E-11,6.25E-11,1.53E-10,7.20E-11,6.84E-11,9.77E-11,2.04E-11,3.26E-10,2.16E-11,1.88E-10,1.93E-11,1.05E-10,1.80E-11,2.80E-11,4.68E-10,3.87E-11,1.97E-10,5.21E-11,1.63E-10,1.61E-10,3.36E-12,1.53E-10,7.04E-11,1.26E-10,1.57E-10,7.37E-11,7.86E-11,1.68E-10,1.65E-10,3.35E-11,6.37E-10,2.72E-10,3.77E-10,2.38E-10,2.65E-11,8.50E-11,5.59E-11,3.20E-11,3.14E-10,2.45E-12,1.61E-10,4.40E-10,2.72E-10,1.33E-10,1.71E-11,8.63E-11,2.41E-10,1.36E-10,2.46E-11,4.11E-12,1.94E-10,2.95E-11,6.16E-11,9.83E-11,1.44E-10,8.99E-11,5.51E-11,5.43E-11,4.82E-11,4.44E-11,4.68E-10,4.45E-10,1.25E-10,3.95E-11,1.50E-10,3.09E-10,1.77E-10,8.85E-11,1.38E-10,3.02E-10,3.04E-10,3.37E-10,1.02E-10,4.86E-11,8.09E-11,1.01E-10,4.78E-11,2.08E-10,1.91E-11,2.56E-10,9.70E-12,1.88E-10,1.60E-10,5.05E-10,5.91E-11,8.37E-11,3.57E-10,9.36E-11,2.83E-11,6.78E-11,8.01E-11,1.87E-10,4.49E-11,2.83E-10,1.77E-10,7.17E-11,2.56E-10,3.79E-10,5.49E-10,1.60E-10,9.35E-11,3.06E-11,3.88E-11,1.47E-10,3.34E-10,3.28E-10,1.04E-10,2.94E-10,4.55E-10,4.87E-11,3.53E-11,2.55E-10,4.63E-11,1.77E-11,1.66E-10,5.06E-10
44.25,44.75,A,10,1.37E-08,6.57E-09,5.57E-09,1.41E-11,7.72E-10,2.39E-10,5.61E-11,1.57E-09,1.50E-09,2.10E-10,1.69E-10,1.94E-11,4.29E-10,7.15E-10,9.56E-11,9.79E-10,4.96E-10,5.41E-10,6.40E-10,1.28E-10,2.49E-10,2.40E-11,2.05E-10,3.16E-10,4.37E-11,5.88E-11,4.49E-12,1.80E-11,6.45E-10,2.06E-10,1.37E-08,6.57E-09,5.57E-09,1.41E-11,7.72E-10,2.39E-10,5.61E-11,1.57E-09,1.50E-09,2.10E-10,1.69E-10,1.94E-11,4.29E-10,7.15E-10,9.56E-11,9.79E-10,4.96E-10,5.41E-10,6.40E-10,1.28E-10,2.49E-10,2.40E-11,2.05E-10,3.16E-10,4.37E-11,5.88E-11,4.49E-12,1.80E-11,6.45E-10,2.06E-10,2.61E-10,3.55E-11,1.04E-10,6.18E-11,1.35E-10,2.36E-10,1.32E-11,8.11E-11,4.11E-11,1.17E-10,3.75E-10,1.50E-11,4.10E-11,1.31E-10,4.79E-10,1.41E-11,1.13E-10,2.06E-10,3.68E-10,2.52E-10,1.37E-10,6.85E-11,2.02E-10,6.23E-11,3.57E-10,6.47E-12,2.44E-10,5.34E-10,6.26E-10,1.08E-12,1.50E-11,1.39E-10,3.72E-11,4.62E-10,4.48E-11,3.88E-10,1.51E-10,1.49E-10,4.38E-10,1.68E-10,6.31E-11,1.24E-10,2.27E-10,4.34E-10,1.30E-10,3.65E-10,1.83E-10,2.38E-11,2.90E-11,2.00E-10,7.74E-10,8.45E-11,4.21E-10,6.31E-11,6.40E-10,1.76E-10,8.82E-11,4.29E-11,2.60E-10,6.89E-10,9.39E-11,1.22E-10,4.51E-10,9.65E-11,4.78E-10,5.08E-11,5.27E-10,2.03E-10,6.01E-11,1.80E-11,2.27E-10,6.19E-11,2.93E-10,8.03E-11,7.70E-11,2.26E-10,1.17E-09,9.35E-10,1.04E-10,2.77E-10,5.14E-11,6.73E-11,9.81E-10,9.22E-10,8.37E-11,1.40E-10,3.95E-11,1.68E-10,3.80E-11,8.51E-11,7.31E-11,1.84E-10,5.91E-11,7.15E-11,8.03E-10,4.68E-10,3.25E-10,2.51E-11,1.45E-10,2.53E-10,3.48E-10,6.59E-10,3.63E-10,5.01E-11,2.29E-10,1.51E-10,2.29E-10,6.19E-10,1.18E-10,9.36E-11,1.08E-10,2.94E-10,2.34E-11,6.39E-11,2.44E-10,3.12E-10,1.98E-10,1.56E-11,5.82E-10,1.02E-10,3.07E-11,1.14E-10,2.20E-10,9.26E-11,5.35E-10,3.56E-10,1.13E-10,6.07E-11,1.40E-10,1.40E-11
44.5,45,A,10,7.18E-09,1.27E-08,9.68E-10,2.28E-10,1.30E-09,4.09E-09,1.41E-09,5.64E-10,7.25E-10,1.16E-09,1.32E-10,6.48E-11,1.72E-10,3.82E-11,1.21E-10,4.54E-10,5.06E-10,6.09E-10,6.79E-10,3.81E-10,3.30E-10,4.60E-10,1.83E-10,4.82E-10,9.96E-11,7.51E-11,3.99E-10,2.44E-10,6.69E-11,2.38E-10,7.18E-09,1.27E-08,9.68E-10,2.28E-10,1.30E-09,4.09E-09,1.41E-09,5.64E-10,7.25E-10,1.16E-09,1.32E-10,6.48E-11,1.72E-10,3.82E-11,1.21E-10,4.54E-10,5.06E-10,6.09E-10,6.79E-10,3.81E-10,3.30E-10,4.60E-10,1.83E-10,4.82E-10,9.96E-11,7.51E-11,3.99E-10,2.44E-10,6.69E-11,2.38E-10,3.83E-10,3.22E-10,5.74E-11,1.57E-10,4.15E-11,4.55E-10,3.89E-11,1.41E-10,1.56E-10,3.00E-11,6.57E-10,1.46E-10,4.04E-10,4.43E-11,1.69E-10,2.90E-10,9.40E-11,1.17E-10,6.29E-11,2.21E-10,5.11E-10,1.00E-10,1.55E-10,4.92E-11,6.25E-11,1.38E-10,2.02E-10,5.81E-11,1.27E-10,2.50E-10,2.57E-10,5.91E-11,8.69E-11,3.58E-10,1.07E-10,1.90E-10,1.80E-10,1.90E-10,1.45E-10,1.38E-10,1.00E-11,7.30E-11,1.44E-11,9.99E-11,1.92E-11,6.22E-11,2.95E-11,3.23E-10,1.38E-10,1.40E-11,1.60E-10,5.96E-11,9.91E-11,1.39E-10,2.75E-10,5.99E-10,4.48E-10,2.42E-10,6.55E-11,1.80E-10,9.25E-11,4.53E-10,1.79E-10,9.79E-12,5.70E-10,6.32E-11,9.88E-11,1.72E-10,5.25E-10,7.71E-11,4.08E-11,4.21E-11,4.49E-10,1.33E-10,3.14E-11,4.48E-10,2.03E-10,6.11E-11,1.45E-11,6.87E-11,2.30E-10,2.83E-10,1.00E-11,5.43E-10,3.02E-10,7.68E-11,4.13E-10,1.83E-10,2.47E-10,2.95E-11,7.30E-11,1.01E-11,2.60E-10,1.60E-11,7.59E-11,4.09E-10,5.35E-11,5.54E-10,4.02E-10,3.30E-10,4.72E-10,1.15E-10,7.98E-10,6.97E-11,5.50E-11,1.53E-10,1.06E-10,3.12E-10,2.16E-10,5.02E-10,3.63E-11,1.08E-11,2.93E-10,8.34E-11,1.09E-10,1.67E-10,1.60E-10,3.68E-10,3.38E-10,3.62E-10,1.44E-10,2.64E-10,3.73E-10,7.57E-11,7.02E-10,6.51E-10,1.08E-10,7.93E-10,1.14E-10,4.67E-10
44.75,45.25,A,10,1.60E-08,2.87E-08,9.33E-10,5.25E-09,3.98E-09,4.00E-10,1.83E-09,1.96E-10,2.33E-09,5.11E-10,6.89E-10,7.50E-10,1.89E-10,5.40E-10,1.96E-10,4.47E-10,3.31E-10,3.44E-10,3.60E-10,6.67E-10,6.85E-11,3.08E-10,1.47E-10,1.64E-10,4.19E-10,2.21E-10,7.24E-10,2.61E-10,1.67E-10,3.40E-10,1.60E-08,2.87E-08,9.33E-10,5.25E-09,3.98E-09,4.00E-10,1.83E-09,1.96E-10,2.33E-09,5.11E-10,6.89E-10,7.50E-10,1.89E-10,5.40E-10,1.96E-10,4.47E-10,3.31E-10,3.44E-10,3.60E-10,6.67E-10,6.85E-11,3.08E-10,1.47E-10,1.64E-10,4.19E-10,2.21E-10,7.24E-10,2.61E-10,1.67E-10,3.40E-10,6.09E-10,2.32E-10,6.17E-11,6.80E-10,6.81E-11,4.97E-10,5.96E-10,1.26E-09,7.94E-11,1.02E-10,4.23E-10,1.12E-10,2.29E-10,3.48E-10,3.66E-10,2.61E-10,7.83E-11,7.37E-11,6.25E-11,9.33E-10,1.63E-10,2.46E-11,2.14E-10,1.83E-10,2.15E-10,5.14E-11,1.27E-10,2.77E-10,3.03E-10,6.87E-11,8.91E-11,2.54E-10,1.03E-10,2.79E-10,5.99E-10,3.12E-11,4.87E-11,3.43E-10,5.86E-11,1.25E-10,3.60E-10,2.83E-10,2.76E-10,1.23E-10,1.07E-10,1.22E-10,1.57E-10,6.77E-12,1.21E-10,7.94E-11,4.30E-10,9.82E-10,2.64E-11,2.14E-10,1.24E-10,1.37E-10,1.63E-10,9.90E-11,2.71E-10,2.78E-10,5.67E-10,9.84E-11,1.01E-10,3.80E-10,3.30E-10,1.00E-09,9.37E-11,1.80E-10,2.00E-10,4.48E-10,7.80E-11,1.23E-10,3.03E-10,7.68E-11,1.40E-10,9.89E-11,5.25E-10,2.41E-10,5.07E-10,2.80E-10,3.86E-10,5.03E-10,3.74E-10,2.87E-10,1.68E-10,2.88E-10,1.42E-10,6.16E-10,1.02E-10,4.68E-10,2.78E-10,4.28E-11,4.40E-10,1.15E-10,1.45E-11,2.73E-10,9.35E-10,2.47E-12,3.79E-10,1.20E-10,5.82E-11,3.26E-10,1.31E-10,2.81E-10,8.03E-11,1.70E-11,1.66E-10,7.01E-11,7.65E-12,1.36E-10,1.87E-10,5.58E-10,1.22E-10,4.01E-10,6.55E-11,2.87E-10,1.84E-11,2.04E-10,2.62E-10,1.22E-10,3.23E-11,8.03E-11,1.55E-10,1.55E-10,3.57E-10,3.17E-11,1.97E-10,5.17E-11,6.14E-11,4.78E-10
45,45.5,A,10,5.18E-09,4.02E-08,4.34E-09,6.27E-09,8.57E-10,7.89E-10,8.86E-10,6.70E-10,2.24E-10,1.06E-10,1.63E-10,2.90E-10,1.29E-10,2.39E-10,2.98E-11,2.49E-11,1.86E-09,3.85E-10,2.28E-10,6.49E-10,2.77E-10,3.44E-10,1.62E-10,8.87E-10,2.58E-10,7.62E-11,1.31E-09,1.05E-10,2.21E-10,3.75E-10,5.18E-09,4.02E-08,4.34E-09,6.27E-09,8.57E-10,7.89E-10,8.86E-10,6.70E-10,2.24E-10,1.06E-10,1.63E-10,2.90E-10,1.29E-10,2.39E-10,2.98E-11,2.49E-11,1.86E-09,3.85E-10,2.28E-10,6.49E-10,2.77E-10,3.44E-10,1.62E-10,8.87E-10,2.58E-10,7.62E-11,1.31E-09,1.05E-10,2.21E-10,3.75E-10,2.70E-10,1.89E-10,7.59E-10,1.18E-10,5.09E-10,1.50E-10,1.58E-10,6.04E-11,1.55E-10,1.10E-09,2.30E-10,1.09E-10,1.66E-10,1.15E-10,1.03E-09,1.11E-10,1.23E-10,1.04E-10,4.73E-10,3.97E-11,3.68E-10,1.75E-10,5.89E-11,8.47E-11,7.55E-10,1.45E-10,3.15E-10,5.08E-10,3.12E-10,3.86E-10,4.04E-10,7.90E-11,5.32E-11,3.40E-11,3.86E-10,1.93E-10,1.23E-10,2.23E-10,4.21E-11,3.75E-10,6.45E-11,3.18E-10,2.15E-10,2.85E-10,3.75E-10,1.40E-10,3.08E-10,4.17E-11,3.30E-11,1.23E-10,3.77E-10,3.98E-10,4.45E-10,2.51E-10,5.95E-10,3.23E-10,3.45E-10,3.66E-11,9.08E-11,1.72E-10,5.13E-10,5.16E-10,4.95E-10,1.60E-10,1.04E-10,2.33E-10,2.92E-11,1.17E-10,9.75E-11,1.45E-10,7.58E-10,1.58E-10,1.00E-10,3.08E-11,1.19E-10,1.27E-10,2.44E-10,1.00E-10,2.67E-10,1.42E-10,2.96E-10,2.08E-10,2.98E-11,2.30E-10,1.83E-10,6.94E-11,6.35E-11,8.40E-11,1.23E-10,1.39E-10,4.24E-10,5.90E-10,1.07E-10,2.17E-10,2.56E-10,1.28E-11,1.23E-10,1.86E-11,5.98E-10,1.82E-10,3.03E-10,5.43E-10,1.26E-10,2.48E-10,1.64E-10,4.28E-11,1.22E-10,5.25E-11,4.76E-10,3.99E-10,8.74E-10,1.35E-10,7.65E-11,4.82E-11,3.73E-10,3.12E-10,1.68E-11,1.16E-10,2.65E-10,1.80E-10,5.20E-10,3.09E-10,8.68E-10,7.28E-11,7.53E-10,2.14E-10,2.01E-10,3.25E-10,8.73E-11,1.49E-10
45.25,45.75,A,10,2.83E-09,7.54E-09,5.32E-09,7.61E-10,8.46E-10,3.56E-10,3.18E-09,9.99E-10,4.99E-10,2.15E-10,3.88E-10,6.77E-10,1.37E-10,5.31E-10,5.19E-11,1.91E-10,4.32E-10,7.13E-10,5.18E-10,1.08E-10,6.78E-10,5.40E-10,2.76E-10,2.50E-10,2.89E-10,1.62E-10,3.71E-11,7.93E-11,3.50E-10,3.96E-11,2.83E-09,7.54E-09,5.32E-09,7.61E-10,8.46E-10,3.56E-10,3.18E-09,9.99E-10,4.99E-10,2.15E-10,3.88E-10,6.77E-10,1.37E-10,5.31E-10,5.19E-11,1.91E-10,4.32E-10,7.13E-10,5.18E-10,1.08E-10,6.78E-10,5.40E-10,2.76E-10,2.50E-10,2.89E-10,1.62E-10,3.71E-11,7.93E-11,3.50E-10,3.96E-11,1.79E-10,2.11E-10,2.81E-10,1.05E-10,1.91E-10,1.92E-10,3.43E-10,8.15E-11,6.26E-11,2.04E-10,3.27E-10,3.20E-10,1.72E-10,1.25E-10,5.01E-11,2.31E-10,3.23E-11,1.92E-10,3.29E-10,3.05E-10,1.28E-10,5.03E-10,2.01E-10,9.04E-10,1.14E-10,9.14E-11,1.97E-10,2.10E-11,7.99E-11,1.95E-10,2.97E-11,2.05E-10,1.22E-10,1.06E-10,2.10E-10,3.92E-10,1.19E-10,3.42E-10,1.44E-10,5.00E-10,3.93E-10,3.38E-11,1.21E-10,9.76E-11,1.95E-10,3.07E-10,4.13E-10,1.31E-10,8.91E-11,3.03E-10,4.05E-10,3.18E-10,5.91E-11,3.95E-11,1.37E-10,3.00E-11,7.51E-11,1.68E-10,1.24E-10,1.40E-10,2.36E-11,6.66E-11,1.60E-10,1.12E-10,8.44E-11,3.42E-10,3.95E-10,5.89E-10,3.76E-10,3.66E-10,6.39E-11,1.66E-10,1.20E-10,2.30E-10,6.81E-10,1.23E-10,3.94E-10,3.76E-11,1.85E-10,1.78E-10,3.21E-10,5.54E-11,1.21E-11,1.04E-10,3.92E-10,1.41E-10,3.92E-10,5.64E-11,3.35E-10,1.51E-10,5.94E-11,3.09E-10,4.23E-10,1.71E-10,5.34E-10,8.84E-11,2.69E-10,4.30E-10,4.04E-10,2.93E-10,1.46E-10,9.34E-10,8.58E-11,3.34E-10,2.33E-10,1.01E-10,1.90E-10,6.04E-10,3.84E-11,6.84E-10,3.36E-10,1.57E-10,6.02E-11,1.43E-10,8.14E-11,2.90E-10,1.41E-09,1.25E-09,8.58E-10,1.08E-10,2.45E-10,2.32E-10,1.28E-11,2.02E-10,5.07E-10,9.62E-11,6.27E-10,4.01E-10,4.43E-10,2.19E-10
45.5,46,A,10,2.58E-09,1.85E-09,2.40E-10,2.76E-10,6.10E-11,4.61E-10,4.68E-10,1.19E-10,4.38E-10,6.29E-10,4.53E-10,4.06E-10,4.12E-11,7.34E-11,6.42E-11,9.32E-11,5.02E-11,1.16E-10,9.03E-11,1.28E-10,1.66E-11,9.35E-11,2.39E-10,1.67E-10,1.35E-10,3.02E-11,3.31E-11,3.98E-11,2.23E-10,6.39E-11,2.58E-09,1.85E-09,2.40E-10,2.76E-10,6.10E-11,4.61E-10,4.68E-10,1.19E-10,4.38E-10,6.29E-10,4.53E-10,4.06E-10,4.12E-11,7.34E-11,6.42E-11,9.32E-11,5.02E-11,1.16E-10,9.03E-11,1.28E-10,1.66E-11,9.35E-11,2.39E-10,1.67E-10,1.35E-10,3.02E-11,3.31E-11,3.98E-11,2.23E-10,6.39E-11,2.45E-10,1.78E-10,6.34E-11,9.55E-11,3.19E-10,2.21E-10,6.96E-10,2.29E-10,1.25E-10,3.76E-11,1.20E-10,2.13E-10,1.59E-10,1.64E-10,2.55E-10,2.82E-11,1.74E-10,1.40E-10,3.25E-10,8.87E-11,9.57E-11,1.96E-11,3.52E-10,1.09E-10,2.03E-10,4.83E-11,9.38E-11,5.35E-11,2.30E-11,1.05E-10,7.33E-11,1.43E-10,4.52E-11,3.46E-10,3.86E-10,1.95E-10,1.31E-10,1.06E-10,2.28E-11,2.17E-10,6.78E-11,2.53E-10,4.98E-10,4.46E-10,1.46E-10,3.80E-10,2.53E-10,1.90E-11,1.08E-10,9.22E-11,2.54E-10,8.78E-11,1.77E-10,6.36E-11,6.57E-11,7.94E-11,1.66E-10,2.15E-10,1.62E-10,1.58E-10,6.86E-11,6.77E-10,2.05E-10,9.31E-11,3.94E-11,4.14E-11,7.50E-11,8.04E-11,2.39E-10,1.63E-10,1.67E-10,1.16E-10,2.20E-11,3.89E-10,6.05E-11,1.64E-10,1.29E-10,3.20E-10,1.62E-10,7.34E-11,6.22E-11,3.41E-11,1.20E-10,3.33E-11,9.47E-11,1.48E-10,2.05E-10,6.07E-11,3.88E-10,9.36E-11,8.31E-11,2.16E-10,6.91E-11,3.67E-10,4.43E-11,1.98E-10,2.65E-11,1.68E-10,1.91E-10,3.94E-10,3.72E-10,7.58E-11,7.40E-11,6.40E-11,1.22E-10,4.85E-11,8.31E-11,4.65E-11,2.33E-11,9.50E-11,5.54E-11,1.89E-10,2.02E-10,1.90E-10,1.77E-10,1.99E-10,2.34E-10,1.69E-10,2.09E-10,1.19E-10,1.46E-10,8.96E-11,1.81E-10,1.72E-10,4.47E-10,1.48E-10,4.46E-11,9.28E-11,3.22E-11,1.96E-10
45.75,46.25,A,10,5.14E-09,5.29E-09,1.24E-08,1.77E-09,1.57E-09,3.91E-10,9.22E-10,3.23E-10,5.50E-10,9.71E-10,1.04E-09,2.02E-10,5.59E-10,2.70E-10,1.08E-10,6.44E-10,1.90E-10,9.67E-10,1.94E-10,1.30E-09,5.09E-11,4.35E-10,3.25E-10,9.73E-10,2.11E-10,9.45E-11,1.61E-10,2.92E-10,4.94E-10,3.53E-10,5.14E-09,5.29E-09,1.24E-08,1.77E-09,1.57E-09,3.91E-10,9.22E-10,3.23E-10,5.50E-10,9.71E-10,1.04E-09,2.02E-10,5.59E-10,2.70E-10,1.08E-10,6.44E-10,1.90E-10,9.67E-10,1.94E-10,1.30E-09,5.09E-11,4.35E-10,3.25E-10,9.73E-10,2.11E-10,9.45E-11,1.61E-10,2.92E-10,4.94E-10,3.53E-10,9.66E-11,1.70E-10,2.23E-10,8.69E-11,1.57E-10,5.91E-11,2.04E-10,3.89E-11,1.33E-10,3.76E-10,8.15E-10,9.30E-10,5.56E-11,8.94E-10,4.39E-10,2.56E-10,1.14E-10,3.91E-10,5.58E-10,2.14E-10,2.77E-10,1.50E-10,1.24E-10,1.55E-10,1.85E-11,8.70E-11,2.77E-11,2.24E-10,6.48E-11,1.38E-10,7.17E-11,9.24E-11,3.54E-11,2.52E-10,3.86E-10,7.91E-11,1.62E-10,2.87E-10,2.64E-10,1.74E-10,1.89E-10,1.63E-10,1.07E-10,4.92E-10,1.33E-10,2.49E-10,3.31E-10,3.38E-10,3.98E-11,1.19E-10,2.05E-10,9.56E-11,8.96E-11,1.85E-10,2.66E-10,5.29E-10,1.39E-11,5.57E-10,1.71E-10,1.32E-10,1.22E-10,1.04E-10,2.92E-10,3.78E-10,1.40E-10,4.89E-11,1.30E-10,1.60E-10,2.21E-10,3.74E-11,6.18E-11,8.16E-10,9.88E-11,5.05E-11,1.14E-10,9.76E-12,1.22E-10,2.16E-10,1.87E-10,1.14E-10,9.38E-11,1.42E-10,4.25E-10,3.75E-10,3.20E-11,1.60E-10,8.50E-10,1.09E-09,4.94E-10,1.36E-10,2.33E-10,1.68E-10,1.80E-10,6.15E-10,4.88E-10,3.11E-10,4.74E-10,1.94E-10,5.25E-10,3.42E-11,1.75E-10,2.41E-10,2.79E-10,7.79E-10,1.99E-10,3.12E-10,6.16E-10,5.40E-11,8.83E-11,4.10E-11,8.32E-11,5.70E-10,1.34E-10,1.98E-10,4.81E-10,2.17E-11,1.61E-10,2.57E-10,3.49E-10,3.64E-10,1.99E-10,6.47E-10,1.73E-10,2.97E-10,3.02E-10,1.54E-10,6.31E-12,1.13E-10,5.45E-10,2.00E-10
46,46.5,A,10,5.66E-09,1.14E-08,6.84E-09,4.37E-10,1.47E-10,1.79E-09,1.45E-09,1.15E-09,1.28E-10,9.00E-10,2.07E-10,2.16E-10,1.05E-09,5.06E-10,3.93E-10,1.92E-10,3.05E-10,1.46E-10,3.35E-10,2.90E-10,9.03E-11,1.16E-10,1.08E-10,2.24E-10,1.91E-10,3.78E-10,8.43E-10,1.32E-10,2.61E-10,1.23E-10,5.66E-09,1.14E-08,6.84E-09,4.37E-10,1.47E-10,1.79E-09,1.45E-09,1.15E-09,1.28E-10,9.00E-10,2.07E-10,2.16E-10,1.05E-09,5.06E-10,3.93E-10,1.92E-10,3.05E-10,1.46E-10,3.35E-10,2.90E-10,9.03E-11,1.16E-10,1.08E-10,2.24E-10,1.91E-10,3.78E-10,8.43E-10,1.32E-10,2.61E-10,1.23E-10,3.66E-11,1.77E-11,1.10E-10,4.13E-11,1.60E-10,2.65E-10,3.96E-11,2.91E-10,2.50E-10,4.90E-11,3.12E-10,3.37E-11,2.14E-10,1.53E-10,1.78E-10,1.01E-10,7.80E-11,9.02E-11,2.53E-11,2.09E-10,1.61E-10,1.19E-10,3.43E-10,3.56E-11,3.19E-10,3.20E-10,1.27E-10,1.78E-10,2.10E-10,4.21E-11,9.89E-11,3.25E-10,1.42E-10,2.75E-11,3.17E-10,2.95E-10,3.02E-10,2.33E-10,2.58E-11,3.00E-10,3.37E-10,1.50E-10,1.35E-10,2.00E-10,1.75E-10,3.49E-10,3.56E-10,3.98E-11,2.53E-10,3.32E-10,1.63E-10,1.60E-10,6.30E-11,5.01E-10,2.44E-10,2.53E-10,3.19E-11,2.89E-11,6.77E-11,2.17E-10,7.37E-11,3.68E-10,5.09E-11,1.47E-10,5.96E-11,1.37E-10,1.08E-10,2.84E-10,6.49E-11,1.46E-10,2.48E-10,1.98E-10,1.50E-11,5.16E-11,2.83E-10,1.09E-10,9.36E-11,1.75E-10,1.73E-10,1.16E-10,1.59E-10,1.70E-10,1.69E-10,2.11E-10,1.17E-10,3.68E-11,1.87E-11,4.73E-11,2.00E-10,1.24E-10,2.70E-10,2.37E-10,1.08E-10,1.04E-10,2.01E-10,4.18E-10,1.77E-10,1.08E-11,4.68E-11,2.66E-10,5.47E-10,1.21E-10,7.24E-11,2.09E-11,2.04E-10,1.56E-11,1.67E-10,7.43E-11,3.61E-10,1.17E-10,2.03E-10,3.58E-10,5.00E-11,2.30E-10,1.31E-10,1.71E-10,4.34E-10,5.35E-10,1.26E-10,5.30E-10,4.74E-10,6.11E-10,3.21E-10,4.15E-11,2.04E-11,6.06E-11,4.86E-10,2.24E-10,4.31E-10,1.43E-10
46.25,46.75,A,10,1.42E-08,3.83E-08,1.70E-08,2.46E-10,2.82E-09,1.95E-09,2.41E-09,8.27E-10,6.64E-10,9.09E-10,5.20E-10,8.32E-10,2.50E-09,4.02E-10,2.69E-10,2.54E-10,3.21E-10,1.12E-09,7.65E-10,2.92E-10,3.26E-10,4.13E-10,3.98E-10,7.29E-12,4.01E-11,4.82E-10,1.86E-11,9.64E-11,4.51E-10,4.45E-10,1.42E-08,3.83E-08,1.70E-08,2.46E-10,2.82E-09,1.95E-09,2.41E-09,8.27E-10,6.64E-10,9.09E-10,5.20E-10,8.32E-10,2.50E-09,4.02E-10,2.69E-10,2.54E-10,3.21E-10,1.12E-09,7.65E-10,2.92E-10,3.26E-10,4.13E-10,3.98E-10,7.29E-12,4.01E-11,4.82E-10,1.86E-11,9.64E-11,4.51E-10,4.45E-10,9.47E-11,1.75E-10,3.92E-10,3.95E-11,9.16E-11,3.94E-10,2.64E-10,7.75E-10,8.23E-10,3.92E-11,3.46E-10,7.72E-10,1.67E-10,1.85E-10,1.78E-10,4.30E-11,4.82E-11,6.48E-12,8.62E-11,8.26E-11,4.05E-10,1.35E-09,2.87E-10,1.54E-10,5.46E-10,2.61E-10,1.94E-11,2.25E-10,2.12E-10,1.23E-10,1.20E-10,1.48E-10,8.67E-11,8.11E-11,6.44E-11,4.37E-10,1.17E-10,1.20E-10,5.98E-11,1.18E-10,6.16E-10,2.84E-10,1.09E-10,9.48E-11,1.44E-10,3.96E-10,9.29E-11,4.73E-11,4.95E-11,1.32E-10,3.26E-10,7.12E-11,9.24E-11,4.92E-10,9.41E-10,3.53E-11,1.33E-10,2.02E-10,4.35E-10,1.16E-10,4.16E-10,1.50E-10,2.81E-11,8.46E-11,3.33E-10,3.98E-11,3.32E-11,6.46E-10,3.22E-11,2.36E-10,9.64E-11,8.55E-11,1.66E-10,1.73E-10,5.53E-11,3.92E-10,3.80E-10,8.52E-11,7.51E-11,3.68E-10,6.16E-11,2.67E-10,1.02E-10,5.69E-10,4.11E-10,1.35E-10,1.74E-10,1.57E-10,2.03E-10,8.26E-10,1.58E-10,2.16E-10,1.44E-10,1.11E-10,3.38E-10,9.28E-11,1.50E-10,2.44E-11,1.23E-10,7.32E-11,5.04E-10,5.19E-11,1.17E-10,1.67E-10,7.87E-10,3.13E-10,2.22E-11,3.49E-10,3.43E-11,2.82E-10,3.10E-11,6.66E-11,9.63E-11,2.42E-11,3.60E-10,5.84E-10,7.42E-10,4.69E-10,9.91E-11,7.80E-10,1.23E-09,4.01E-10,2.27E-10,8.46E-11,1.41E-10,2.69E-10,5.20E-10,1.40E-10,5.82E-10,1.15E-11
46.5,47,A,10,1.30E-08,1.03E-08,4.50E-09,1.09E-08,2.77E-09,1.45E-10,3.26E-09,1.33E-09,6.54E-10,1.37E-10,1.57E-09,4.49E-10,6.36E-10,2.24E-10,1.49E-11,2.02E-10,2.06E-10,2.33E-10,1.71E-10,2.19E-10,2.35E-10,1.22E-09,1.46E-10,1.89E-10,3.81E-10,3.57E-10,1.15E-09,1.74E-10,1.80E-10,3.47E-10,1.30E-08,1.03E-08,4.50E-09,1.09E-08,2.77E-09,1.45E-10,3.26E-09,1.33E-09,6.54E-10,1.37E-10,1.57E-09,4.49E-10,6.36E-10,2.24E-10,1.49E-11,2.02E-10,2.06E-10,2.33E-10,1.71E-10,2.19E-10,2.35E-10,1.22E-09,1.46E-10,1.89E-10,3.81E-10,3.57E-10,1.15E-09,1.74E-10,1.80E-10,3.47E-10,7.73E-10,4.43E-10,1.83E-10,1.50E-10,1.72E-10,2.44E-11,1.07E-11,1.18E-10,2.86E-11,4.97E-10,2.50E-11,8.92E-11,8.57E-10,7.18E-11,5.82E-10,4.66E-10,7.10E-10,2.22E-11,1.86E-10,5.02E-10,2.50E-10,5.32E-10,5.90E-10,1.42E-10,5.60E-10,2.41E-10,2.75E-10,4.91E-10,9.91E-11,1.01E-10,3.61E-10,3.23E-10,2.31E-10,1.23E-11,2.84E-10,3.39E-10,5.06E-10,2.99E-10,1.98E-10,5.28E-11,8.97E-11,1.85E-10,4.46E-11,2.49E-10,3.17E-10,3.78E-10,3.03E-10,4.13E-10,1.07E-10,1.52E-10,2.74E-10,5.15E-10,2.96E-10,3.73E-10,5.62E-10,8.07E-11,1.15E-09,7.32E-10,1.12E-10,1.86E-10,1.20E-10,6.23E-10,7.05E-11,6.33E-11,3.12E-10,2.38E-10,2.01E-10,3.67E-10,9.77E-11,6.32E-10,4.81E-10,2.86E-10,5.26E-11,4.71E-10,2.16E-10,8.65E-10,2.17E-10,4.70E-10,2.00E-10,2.20E-10,3.61E-10,1.30E-10,2.70E-10,7.99E-11,2.31E-10,1.70E-10,2.76E-10,2.66E-10,1.64E-10,2.06E-10,8.15E-11,7.79E-11,1.13E-11,2.01E-11,4.00E-11,7.28E-11,1.34E-10,7.49E-11,4.76E-11,3.15E-10,1.30E-10,1.49E-10,4.63E-11,4.13E-11,4.07E-10,1.16E-10,5.79E-10,1.71E-10,3.78E-10,2.51E-10,3.35E-11,4.31E-10,4.06E-10,2.46E-10,4.24E-10,3.37E-10,7.22E-10,8.67E-11,5.43E-10,6.69E-11,2.54E-11,1.37E-10,1.81E-10,2.68E-10,1.63E-10,1.28E-10,3.52E-10,3.55E-10,1.70E-10,9.29E-10
46.75,47.25,A,10,1.54E-08,3.10E-08,5.09E-09,1.70E-09,1.36E-09,2.52E-09,1.61E-09,5.39E-10,7.97E-10,3.02E-09,5.28E-10,4.13E-10,1.42E-09,1.08E-11,2.48E-10,5.49E-10,7.24E-10,7.80E-10,1.07E-10,3.76E-10,5.72E-10,7.06E-10,1.70E-10,2.90E-10,9.22E-10,1.74E-09,2.99E-09,3.01E-11,5.11E-10,2.18E-10,1.54E-08,3.10E-08,5.09E-09,1.70E-09,1.36E-09,2.52E-09,1.61E-09,5.39E-10,7.97E-10,3.02E-09,5.28E-10,4.13E-10,1.42E-09,1.08E-11,2.48E-10,5.49E-10,7.24E-10,7.80E-10,1.07E-10,3.76E-10,5.72E-10,7.06E-10,1.70E-10,2.90E-10,9.22E-10,1.74E-09,2.99E-09,3.01E-11,5.11E-10,2.18E-10,1.53E-10,7.36E-10,4.27E-10,8.70E-10,7.98E-10,3.25E-11,3.32E-10,2.39E-10,1.75E-10,7.82E-11,4.00E-10,2.33E-10,1.10E-10,2.04E-10,1.27E-09,1.16E-10,5.41E-11,1.74E-10,6.24E-10,3.57E-11,1.29E-10,1.19E-10,6.43E-10,1.81E-10,2.33E-10,5.19E-10,5.10E-10,2.13E-10,2.08E-10,6.29E-10,2.35E-10,2.32E-10,4.58E-10,1.08E-09,1.04E-09,1.01E-09,2.65E-10,5.13E-10,7.41E-10,6.04E-10,7.48E-10,1.53E-10,1.02E-09,3.77E-10,2.06E-10,2.44E-10,4.44E-10,4.14E-11,1.99E-10,2.33E-11,4.79E-10,2.21E-10,1.20E-09,3.55E-10,3.81E-10,4.50E-10,2.08E-10,2.48E-10,1.46E-10,2.04E-10,1.72E-10,1.11E-09,3.05E-10,5.55E-10,1.15E-10,5.84E-10,4.40E-10,7.07E-10,9.22E-11,2.99E-10,4.42E-11,2.64E-10,3.04E-10,4.54E-10,5.80E-10,7.39E-10,8.66E-11,6.16E-10,9.97E-10,2.41E-10,1.41E-09,3.26E-10,2.83E-10,1.44E-10,8.73E-10,6.16E-11,9.16E-11,1.34E-10,2.57E-10,4.71E-10,3.28E-10,9.37E-11,2.61E-10,7.87E-11,2.34E-10,8.60E-11,7.80E-11,4.47E-11,3.04E-11,1.11E-10,2.13E-10,1.14E-09,7.23E-11,2.41E-10,4.78E-10,1.07E-10,6.96E-10,1.99E-10,1.44E-10,2.13E-11,1.47E-10,1.42E-11,1.27E-10,1.73E-10,9.90E-11,4.10E-10,4.87E-10,1.71E-10,4.30E-10,1.37E-10,2.07E-10,5.04E-10,2.92E-10,6.85E-10,3.00E-10,2.52E-10,6.02E-10,5.70E-10,4.82E-10,2.50E-10
47,47.5,A,10,3.66E-08,4.48E-08,9.03E-09,7.26E-09,2.35E-09,2.66E-09,1.23E-09,1.27E-09,5.21E-10,1.64E-10,1.50E-09,2.40E-10,7.05E-11,3.80E-10,1.43E-10,1.33E-09,9.32E-10,5.27E-10,1.46E-09,1.89E-10,1.08E-09,7.51E-10,7.20E-10,8.40E-10,9.69E-10,8.53E-10,2.60E-10,8.18E-10,3.48E-10,5.19E-10,3.66E-08,4.48E-08,9.03E-09,7.26E-09,2.35E-09,2.66E-09,1.23E-09,1.27E-09,5.21E-10,1.64E-10,1.50E-09,2.40E-10,7.05E-11,3.80E-10,1.43E-10,1.33E-09,9.32E-10,5.27E-10,1.46E-09,1.89E-10,1.08E-09,7.51E-10,7.20E-10,8.40E-10,9.69E-10,8.53E-10,2.60E-10,8.18E-10,3.48E-10,5.19E-10,9.71E-10,1.66E-10,1.41E-10,1.12E-09,2.85E-10,3.16E-10,3.79E-10,3.15E-10,1.45E-10,6.83E-11,2.07E-10,4.51E-11,2.58E-11,2.45E-10,2.45E-10,4.23E-10,4.21E-10,1.34E-10,7.41E-11,1.82E-10,1.02E-10,6.31E-10,5.41E-10,5.77E-11,2.93E-11,2.22E-10,2.98E-10,3.60E-11,3.63E-10,4.04E-10,4.58E-10,3.61E-10,5.24E-10,7.74E-11,2.68E-11,2.88E-10,9.66E-11,2.72E-10,3.63E-10,2.75E-10,1.09E-09,6.18E-10,2.85E-10,4.02E-10,1.48E-09,2.75E-10,1.88E-10,2.74E-10,7.54E-11,4.35E-10,1.43E-10,2.91E-10,1.13E-11,3.39E-10,6.95E-11,1.60E-10,1.31E-11,9.40E-11,6.55E-11,7.68E-10,1.00E-10,1.04E-10,1.49E-10,5.10E-10,9.10E-10,3.99E-10,2.16E-10,5.02E-10,1.79E-10,5.13E-10,4.42E-10,3.04E-10,2.92E-10,2.11E-10,1.63E-10,7.41E-11,1.40E-10,2.36E-10,1.66E-11,2.42E-11,2.95E-10,4.50E-10,4.28E-11,1.28E-10,5.25E-10,2.13E-10,3.94E-10,3.49E-10,4.36E-10,2.21E-10,1.75E-10,1.09E-10,2.63E-10,3.61E-11,3.48E-10,4.84E-10,5.61E-11,1.52E-10,6.01E-10,2.55E-10,2.75E-10,1.25E-09,9.21E-10,1.60E-10,2.00E-09,1.17E-10,1.16E-10,8.26E-10,1.36E-10,3.28E-10,2.27E-10,4.71E-10,2.46E-10,5.19E-10,1.08E-10,2.93E-10,5.77E-10,3.38E-10,5.20E-11,3.68E-11,1.67E-10,1.59E-10,1.12E-10,1.52E-10,2.17E-10,9.04E-11,1.12E-10,1.61E-11,3.91E-10,1.30E-10
47.25,47.75,A,10,1.91E-08,1.11E-08,5.76E-09,1.20E-09,2.16E-09,5.31E-09,3.37E-09,4.37E-09,1.98E-09,3.09E-10,1.14E-09,6.05E-10,1.79E-09,1.66E-10,8.35E-11,7.47E-10,7.58E-10,2.66E-10,4.50E-11,1.04E-09,7.26E-10,7.94E-10,3.11E-10,9.74E-10,1.76E-10,1.46E-10,4.92E-10,3.41E-10,2.21E-10,1.21E-10,1.91E-08,1.11E-08,5.76E-09,1.20E-09,2.16E-09,5.31E-09,3.37E-09,4.37E-09,1.98E-09,3.09E-10,1.14E-09,6.05E-10,1.79E-09,1.66E-10,8.35E-11,7.47E-10,7.58E-10,2.66E-10,4.50E-11,1.04E-09,7.26E-10,7.94E-10,3.11E-10,9.74E-10,1.76E-10,1.46E-10,4.92E-10,3.41E-10,2.21E-10,1.21E-10,2.06E-10,3.88E-11,1.00E-09,7.21E-11,1.29E-09,4.02E-10,4.50E-10,9.83E-11,2.57E-10,5.58E-10,2.01E-10,1.76E-10,1.66E-10,4.47E-10,9.40E-10,1.04E-10,3.38E-10,3.73E-10,2.79E-10,6.97E-11,2.88E-10,6.47E-11,5.70E-10,2.15E-10,1.75E-11,1.21E-10,1.75E-10,1.39E-10,1.93E-10,7.68E-10,2.49E-10,2.18E-10,1.98E-10,1.66E-10,7.75E-10,2.35E-10,3.32E-10,2.43E-11,4.75E-11,1.27E-10,7.79E-11,1.48E-10,3.72E-10,2.03E-10,1.43E-10,7.62E-11,2.52E-10,1.56E-10,6.99E-10,5.39E-10,2.68E-10,9.05E-11,5.15E-10,7.40E-11,1.06E-10,7.36E-11,2.05E-10,3.97E-10,1.11E-10,1.99E-10,2.72E-10,5.33E-10,4.79E-11,2.21E-10,6.38E-10,1.84E-10,9.82E-10,6.57E-10,6.23E-10,1.92E-10,5.21E-11,9.59E-11,1.46E-10,5.44E-10,1.63E-10,9.61E-11,2.80E-10,5.71E-11,5.17E-10,8.74E-11,4.85E-11,4.67E-10,3.02E-10,1.48E-09,9.00E-10,4.16E-10,2.59E-10,1.29E-10,2.18E-10,6.29E-10,8.77E-10,2.28E-10,7.01E-11,1.98E-11,3.84E-10,1.45E-10,2.29E-10,4.57E-10,9.05E-11,5.04E-10,6.38E-11,8.11E-11,1.61E-10,1.18E-10,1.95E-10,6.28E-10,2.13E-10,3.27E-10,3.33E-10,3.08E-10,2.50E-10,1.20E-10,2.28E-10,2.63E-10,7.37E-11,1.64E-10,1.22E-10,7.66E-11,1.58E-10,1.02E-10,2.65E-10,3.96E-10,1.01E-10,1.40E-10,4.25E-10,2.97E-10,2.52E-11,8.96E-11,2.71E-11,9.19E-12
47.5,48,A,10,9.00E-09,4.37E-09,1.06E-08,2.49E-09,4.22E-09,2.10E-09,3.54E-09,1.64E-09,1.40E-09,3.34E-09,1.01E-09,7.82E-10,2.30E-10,3.81E-10,5.92E-10,1.33E-10,3.76E-10,9.88E-11,1.62E-10,5.64E-10,2.61E-10,7.86E-10,3.78E-10,2.30E-10,1.18E-10,5.15E-10,2.40E-10,4.21E-10,8.94E-10,4.75E-11,9.00E-09,4.37E-09,1.06E-08,2.49E-09,4.22E-09,2.10E-09,3.54E-09,1.64E-09,1.40E-09,3.34E-09,1.01E-09,7.82E-10,2.30E-10,3.81E-10,5.92E-10,1.33E-10,3.76E-10,9.88E-11,1.62E-10,5.64E-10,2.61E-10,7.86E-10,3.78E-10,2.30E-10,1.18E-10,5.15E-10,2.40E-10,4.21E-10,8.94E-10,4.75E-11,1.44E-10,9.69E-11,2.20E-10,1.82E-10,6.10E-10,3.21E-11,4.90E-11,7.67E-11,1.98E-10,6.38E-10,4.80E-10,2.70E-10,1.55E-09,2.87E-10,9.30E-10,1.64E-10,1.22E-10,1.48E-10,3.22E-10,5.95E-10,3.92E-11,1.06E-10,4.24E-10,1.16E-10,3.67E-10,6.95E-10,1.02E-10,4.46E-10,1.92E-10,2.16E-10,3.57E-10,4.22E-10,1.52E-10,4.72E-11,7.75E-11,6.41E-11,3.20E-10,1.22E-10,6.90E-10,4.02E-10,7.85E-11,2.50E-10,1.35E-10,8.86E-11,2.29E-10,4.32E-10,1.79E-10,1.48E-10,3.03E-10,2.55E-11,6.12E-11,1.61E-10,3.09E-11,2.94E-10,7.08E-11,1.79E-11,8.38E-11,1.12E-10,4.02E-10,4.23E-10,9.16E-11,2.31E-10,2.81E-10,9.29E-11,2.82E-10,1.47E-10,7.37E-10,6.71E-10,9.47E-11,3.36E-10,1.66E-10,3.36E-10,6.97E-10,5.39E-10,4.53E-11,3.04E-10,5.14E-11,1.13E-10,2.65E-11,3.27E-10,1.06E-10,9.03E-10,2.07E-10,6.72E-10,1.06E-10,1.54E-10,9.94E-11,1.00E-10,5.01E-11,9.22E-11,5.12E-11,1.58E-10,2.54E-10,6.33E-10,2.05E-12,8.93E-10,2.29E-10,3.21E-10,4.29E-10,2.33E-11,1.31E-10,4.73E-11,3.33E-11,1.60E-10,1.69E-10,2.81E-10,3.30E-10,3.46E-10,3.66E-10,4.74E-10,2.23E-10,8.71E-11,1.08E-10,1.15E-10,2.23E-10,5.22E-10,1.41E-10,7.40E-11,4.03E-10,7.89E-10,1.48E-10,7.45E-11,6.25E-10,7.91E-11,2.33E-10,1.25E-10,3.19E-10,2.42E-10,7.81E-11,1.63E-11
47.75,48.25,A,10,1.88E-08,1.86E-08,1.40E-08,1.92E-09,3.29E-09,3.16E-09,9.42E-10,2.22E-09,3.15E-11,1.06E-09,1.22E-09,7.71E-10,6.06E-10,1.28E-10,1.65E-11,1.60E-10,3.28E-10,1.68E-09,3.22E-11,2.89E-10,4.96E-10,3.00E-10,2.76E-10,6.09E-10,1.10E-10,5.25E-10,1.43E-10,4.13E-10,1.54E-10,4.50E-10,1.88E-08,1.86E-08,1.40E-08,1.92E-09,3.29E-09,3.16E-09,9.42E-10,2.22E-09,3.15E-11,1.06E-09,1.22E-09,7.71E-10,6.06E-10,1.28E-10,1.65E-11,1.60E-10,3.28E-10,1.68E-09,3.22E-11,2.89E-10,4.96E-10,3.00E-10,2.76E-10,6.09E-10,1.10E-10,5.25E-10,1.43E-10,4.13E-10,1.54E-10,4.50E-10,9.32E-11,9.23E-11,2.93E-10,4.94E-10,1.74E-10,5.59E-11,1.31E-10,1.97E-10,5.31E-11,5.03E-10,3.24E-10,5.38E-10,6.65E-11,3.62E-10,2.22E-10,8.56E-11,1.91E-10,2.39E-10,2.49E-10,4.10E-10,1.11E-10,2.05E-11,1.59E-10,1.69E-11,1.47E-10,1.20E-10,1.75E-10,1.94E-10,4.47E-11,6.62E-10,2.67E-10,6.40E-11,1.02E-11,2.18E-11,2.31E-10,2.14E-11,2.23E-10,4.11E-10,4.66E-11,3.77E-10,1.72E-10,2.02E-10,5.98E-11,2.72E-10,5.05E-10,7.35E-10,4.15E-11,9.22E-11,3.69E-10,2.12E-10,1.73E-10,4.13E-10,2.32E-10,2.64E-10,3.17E-11,3.81E-10,2.92E-10,3.43E-11,3.73E-11,2.01E-10,1.75E-10,1.09E-10,3.19E-11,9.25E-11,1.94E-10,5.33E-10,1.14E-10,2.45E-10,5.33E-11,1.07E-10,3.63E-11,5.79E-11,1.33E-10,3.50E-10,1.39E-10,2.73E-10,2.84E-10,3.10E-10,8.42E-11,2.13E-10,3.75E-10,1.65E-10,1.46E-10,2.64E-10,2.04E-11,4.15E-10,1.66E-10,1.51E-10,7.35E-11,1.81E-10,2.09E-10,2.77E-10,1.27E-10,9.47E-11,9.12E-11,1.30E-10,1.63E-10,4.55E-10,5.10E-10,1.14E-10,1.57E-10,7.20E-11,7.94E-11,2.57E-10,1.47E-10,1.07E-10,5.17E-11,1.09E-10,3.17E-10,1.93E-10,1.88E-10,1.29E-10,3.00E-10,2.11E-10,6.59E-10,1.05E-10,9.54E-10,1.10E-10,9.41E-11,4.81E-10,2.81E-10,9.48E-11,2.51E-11,3.97E-11,1.29E-10,1.82E-10,2.92E-11,1.05E-10,5.18E-10,4.10E-11
48,48.5,A,10,4.57E-08,1.15E-08,4.61E-09,8.18E-09,1.83E-09,8.34E-10,6.27E-10,8.38E-10,3.88E-10,2.13E-09,1.07E-09,1.75E-09,2.40E-09,2.92E-10,2.12E-10,7.06E-10,7.51E-10,1.52E-09,9.94E-10,9.61E-10,2.38E-10,8.56E-10,9.24E-10,4.63E-10,2.32E-10,3.53E-10,2.79E-10,1.42E-10,4.33E-10,5.66E-11,4.57E-08,1.15E-08,4.61E-09,8.18E-09,1.83E-09,8.34E-10,6.27E-10,8.38E-10,3.88E-10,2.13E-09,1.07E-09,1.75E-09,2.40E-09,2.92E-10,2.12E-10,7.06E-10,7.51E-10,1.52E-09,9.94E-10,9.61E-10,2.38E-10,8.56E-10,9.24E-10,4.63E-10,2.32E-10,3.53E-10,2.79E-10,1.42E-10,4.33E-10,5.66E-11,4.18E-10,6.10E-11,6.04E-11,4.54E-10,2.42E-10,5.04E-11,1.11E-10,6.42E-11,5.44E-11,3.27E-10,6.43E-10,1.09E-10,1.50E-10,2.92E-10,5.28E-11,2.81E-10,1.07E-10,1.05E-09,6.27E-10,3.17E-10,2.75E-10,5.04E-10,9.34E-11,9.21E-11,4.14E-10,4.22E-10,1.20E-09,5.69E-10,8.75E-10,1.86E-10,2.92E-10,1.28E-10,7.30E-11,3.35E-10,1.28E-10,6.31E-10,2.35E-10,2.44E-10,3.51E-11,1.15E-10,2.24E-11,2.03E-10,1.88E-10,7.29E-11,2.23E-10,4.41E-10,3.75E-10,4.44E-11,8.70E-11,2.47E-11,1.26E-10,6.30E-10,1.77E-10,5.60E-11,2.17E-10,6.79E-11,2.83E-10,2.13E-11,2.45E-10,1.34E-10,1.97E-10,5.28E-11,5.39E-11,1.23E-10,1.92E-10,7.88E-10,2.42E-10,4.32E-10,1.42E-10,2.00E-10,3.46E-10,4.66E-10,2.55E-10,4.29E-10,2.39E-10,6.62E-11,3.92E-10,9.41E-11,6.39E-10,5.34E-11,1.29E-09,9.04E-11,2.20E-10,1.40E-10,6.73E-11,5.00E-10,3.48E-10,1.05E-10,2.77E-11,1.85E-10,4.06E-10,9.80E-10,4.42E-11,4.34E-11,1.15E-09,3.29E-10,7.78E-10,1.99E-10,1.45E-10,1.02E-09,3.74E-10,7.46E-11,9.60E-10,1.96E-10,2.88E-10,2.47E-10,2.16E-10,6.77E-11,2.96E-10,1.04E-10,3.85E-10,3.12E-10,9.73E-11,5.20E-11,1.97E-10,2.64E-11,1.38E-09,4.94E-10,5.09E-10,2.49E-10,3.32E-11,2.75E-10,3.71E-10,2.41E-10,3.05E-11,1.50E-10,2.50E-10,4.62E-10,3.98E-11,3.01E-10
48.25,48.75,A,10,4.25E-09,1.96E-08,3.23E-09,1.19E-09,4.32E-09,1.11E-09,1.86E-09,1.83E-09,1.30E-09,2.57E-09,1.48E-09,1.51E-09,7.92E-10,2.18E-09,1.99E-09,4.19E-10,6.95E-10,1.94E-10,1.05E-09,1.45E-09,5.75E-10,2.35E-09,1.41E-10,5.82E-10,6.50E-10,8.77E-11,7.02E-10,2.28E-11,9.72E-11,9.68E-11,4.25E-09,1.96E-08,3.23E-09,1.19E-09,4.32E-09,1.11E-09,1.86E-09,1.83E-09,1.30E-09,2.57E-09,1.48E-09,1.51E-09,7.92E-10,2.18E-09,1.99E-09,4.19E-10,6.95E-10,1.94E-10,1.05E-09,1.45E-09,5.75E-10,2.35E-09,1.41E-10,5.82E-10,6.50E-10,8.77E-11,7.02E-10,2.28E-11,9.72E-11,9.68E-11,2.12E-10,4.61E-11,8.11E-11,5.95E-10,4.06E-10,1.24E-10,7.53E-11,4.53E-10,3.51E-10,5.57E-11,8.37E-11,3.25E-10,1.78E-10,4.66E-10,4.37E-10,5.94E-10,5.00E-10,6.87E-11,5.32E-10,3.42E-10,2.64E-10,5.75E-10,1.18E-10,3.89E-10,3.29E-10,6.60E-10,2.31E-10,1.32E-10,6.16E-10,2.27E-10,2.03E-10,8.54E-11,1.26E-10,1.48E-10,5.22E-11,2.08E-10,2.66E-10,2.06E-11,5.92E-10,1.34E-11,3.60E-10,1.07E-10,4.23E-10,1.16E-10,1.19E-10,1.55E-10,4.99E-11,1.65E-11,7.73E-11,2.27E-10,3.84E-10,8.24E-11,1.75E-10,9.03E-11,1.70E-10,8.01E-10,9.95E-11,1.62E-10,8.81E-11,1.45E-10,5.31E-10,4.71E-10,2.99E-10,2.45E-10,9.79E-10,8.63E-11,1.69E-10,1.40E-10,7.55E-11,5.71E-11,6.40E-10,2.83E-10,2.94E-10,1.62E-10,3.24E-10,1.69E-10,2.68E-10,1.99E-10,7.77E-11,5.32E-10,4.11E-11,2.69E-10,6.27E-11,9.27E-12,2.78E-10,2.77E-10,2.41E-10,3.88E-10,2.90E-10,2.33E-10,8.68E-11,3.12E-11,1.18E-10,6.27E-11,4.15E-11,1.79E-10,2.31E-10,1.70E-10,1.16E-10,2.60E-10,1.54E-10,1.01E-10,1.34E-10,2.04E-10,4.52E-10,3.10E-10,1.06E-10,5.23E-11,3.49E-10,1.85E-11,3.49E-10,2.22E-11,3.41E-10,1.70E-10,2.93E-10,2.74E-10,4.70E-11,5.99E-11,2.01E-11,1.54E-10,1.12E-10,1.09E-10,1.12E-10,2.93E-10,3.98E-11,9.74E-10,1.19E-10,3.16E-10,8.35E-11,1.29E-10
48.5,49,A,10,1.02E-08,1.15E-08,1.72E-08,5.10E-09,5.95E-09,1.09E-09,5.91E-09,2.31E-09,2.13E-09,1.19E-10,4.30E-10,3.86E-10,3.75E-10,1.43E-10,1.06E-09,7.97E-10,5.22E-10,3.20E-10,4.95E-11,1.10E-10,6.55E-10,1.87E-10,1.85E-09,8.58E-11,8.83E-10,3.91E-10,1.55E-10,2.03E-10,3.90E-10,4.30E-10,1.02E-08,1.15E-08,1.72E-08,5.10E-09,5.95E-09,1.09E-09,5.91E-09,2.31E-09,2.13E-09,1.19E-10,4.30E-10,3.86E-10,3.75E-10,1.43E-10,1.06E-09,7.97E-10,5.22E-10,3.20E-10,4.95E-11,1.10E-10,6.55E-10,1.87E-10,1.85E-09,8.58E-11,8.83E-10,3.91E-10,1.55E-10,2.03E-10,3.90E-10,4.30E-10,4.88E-11,5.80E-11,2.63E-10,4.79E-11,6.47E-11,2.49E-10,1.39E-11,8.38E-11,2.11E-10,8.16E-10,2.59E-10,1.35E-09,4.55E-10,6.47E-10,4.17E-10,9.75E-11,2.01E-10,3.15E-10,8.33E-11,5.26E-10,4.01E-10,2.34E-10,4.27E-10,5.92E-11,2.23E-10,7.79E-10,3.62E-10,5.39E-10,4.33E-10,3.96E-10,1.73E-10,4.23E-10,1.32E-09,3.51E-10,2.53E-11,2.09E-10,1.68E-10,6.13E-10,2.30E-10,1.23E-10,1.27E-10,3.64E-10,4.32E-10,5.16E-11,2.37E-10,2.86E-10,2.44E-10,3.65E-10,2.76E-10,4.53E-11,4.56E-11,2.04E-10,1.83E-10,2.70E-10,6.45E-10,5.89E-11,1.92E-10,5.53E-11,8.62E-11,1.80E-10,3.72E-10,1.93E-10,6.66E-10,2.47E-10,8.42E-11,6.03E-11,1.25E-10,6.30E-10,6.61E-10,3.90E-10,1.82E-11,3.70E-10,3.20E-10,8.14E-10,3.40E-11,6.55E-11,5.99E-10,1.32E-10,3.24E-10,4.36E-10,1.06E-10,1.72E-10,2.72E-10,1.25E-10,9.04E-11,8.40E-11,1.04E-10,7.32E-11,4.53E-11,2.38E-10,7.17E-10,3.50E-10,2.63E-10,3.44E-11,1.03E-10,6.31E-10,3.13E-10,3.20E-10,8.42E-10,5.83E-10,1.82E-10,1.37E-11,7.37E-10,3.92E-11,3.93E-10,1.47E-10,2.87E-10,2.92E-10,9.32E-10,4.44E-10,2.27E-11,2.95E-10,1.01E-10,1.65E-10,3.28E-10,5.17E-11,5.95E-10,3.41E-10,2.43E-10,2.90E-10,4.91E-10,1.51E-10,6.72E-11,9.16E-11,3.02E-10,1.81E-10,2.81E-10,3.12E-10,7.70E-10,3.07E-10
48.75,49.25,A,10,3.92E-09,4.41E-08,3.44E-09,1.78E-09,7.83E-10,3.74E-10,1.30E-09,1.21E-09,3.39E-09,3.34E-09,1.86E-09,1.48E-09,3.24E-10,1.68E-10,9.35E-10,1.04E-09,4.73E-10,1.33E-09,2.98E-10,3.24E-10,2.32E-10,2.08E-10,2.81E-10,1.33E-09,3.07E-10,4.84E-10,1.07E-10,7.83E-11,7.48E-10,2.19E-10,3.92E-09,4.41E-08,3.44E-09,1.78E-09,7.83E-10,3.74E-10,1.30E-09,1.21E-09,3.39E-09,3.34E-09,1.86E-09,1.48E-09,3.24E-10,1.68E-10,9.35E-10,1.04E-09,4.73E-10,1.33E-09,2.98E-10,3.24E-10,2.32E-10,2.08E-10,2.81E-10,1.33E-09,3.07E-10,4.84E-10,1.07E-10,7.83E-11,7.48E-10,2.19E-10,1.03E-09,3.79E-10,8.12E-10,2.88E-10,9.88E-11,2.95E-11,3.34E-10,5.61E-10,1.05E-10,1.72E-11,1.43E-10,5.90E-10,7.63E-10,6.79E-11,3.23E-10,8.20E-11,4.48E-10,9.62E-10,9.17E-10,1.83E-10,6.62E-11,3.28E-10,1.43E-10,6.64E-11,1.27E-09,1.99E-10,1.38E-10,5.17E-10,4.22E-10,3.21E-10,3.18E-10,1.49E-10,5.78E-10,1.94E-10,4.23E-11,1.53E-10,3.20E-10,3.44E-10,1.36E-10,5.74E-10,1.47E-10,1.52E-10,6.04E-11,5.88E-11,4.52E-10,1.24E-10,6.76E-10,5.11E-10,6.12E-10,2.88E-10,7.95E-11,8.11E-11,7.33E-11,1.01E-10,4.41E-10,3.84E-10,1.58E-10,1.53E-11,6.60E-10,1.43E-10,1.02E-10,7.37E-11,3.11E-10,3.69E-10,9.14E-11,2.29E-10,2.34E-10,2.20E-10,1.20E-10,3.08E-10,4.27E-10,1.26E-10,2.87E-10,2.17E-10,1.22E-09,2.94E-10,2.48E-10,4.19E-10,2.27E-10,4.76E-11,1.62E-11,1.84E-10,3.81E-10,9.91E-11,1.27E-10,4.90E-10,5.38E-11,2.15E-10,3.27E-10,2.83E-10,2.06E-10,7.36E-11,1.91E-10,5.42E-10,2.03E-10,1.14E-10,4.38E-10,2.61E-10,5.28E-10,2.57E-10,6.28E-11,3.16E-11,2.01E-10,2.24E-10,4.69E-11,2.07E-10,3.22E-10,2.48E-10,5.43E-10,5.38E-10,8.77E-10,8.30E-12,4.23E-11,7.49E-10,3.11E-10,4.12E-11,1.62E-10,6.57E-10,2.04E-10,9.59E-11,1.89E-10,2.73E-10,1.19E-10,2.11E-11,2.32E-10,1.87E-10,3.35E-10,1.05E-09,4.45E-10,2.32E-11
49,49.5,A,10,1.69E-08,5.27E-08,8.40E-09,3.70E-09,1.23E-09,1.40E-09,6.02E-09,6.63E-09,5.15E-09,2.72E-10,2.23E-10,3.46E-09,1.14E-09,1.11E-09,4.44E-10,3.71E-10,7.58E-10,4.06E-10,1.80E-10,1.06E-09,3.59E-10,3.34E-10,5.31E-10,1.40E-09,1.44E-10,1.64E-10,8.73E-11,1.18E-10,1.57E-10,2.30E-11,1.69E-08,5.27E-08,8.40E-09,3.70E-09,1.23E-09,1.40E-09,6.02E-09,6.63E-09,5.15E-09,2.72E-10,2.23E-10,3.46E-09,1.14E-09,1.11E-09,4.44E-10,3.71E-10,7.58E-10,4.06E-10,1.80E-10,1.06E-09,3.59E-10,3.34E-10,5.31E-10,1.40E-09,1.44E-10,1.64E-10,8.73E-11,1.18E-10,1.57E-10,2.30E-11,1.10E-10,8.90E-10,8.56E-10,2.94E-10,2.41E-10,9.84E-11,5.53E-11,3.85E-11,7.46E-10,1.27E-10,7.24E-10,2.67E-10,2.31E-10,5.99E-10,1.06E-10,2.22E-10,4.51E-10,7.01E-10,3.27E-11,2.28E-10,7.56E-10,1.90E-10,2.58E-10,4.80E-10,5.63E-10,1.27E-10,1.22E-10,6.03E-10,7.13E-11,7.83E-11,1.28E-10,4.42E-10,4.86E-10,1.08E-11,1.91E-10,7.68E-11,2.56E-10,2.28E-10,3.87E-10,4.30E-10,9.98E-11,7.86E-10,1.48E-10,1.11E-10,6.63E-11,1.39E-10,4.17E-10,5.69E-10,3.68E-11,4.01E-11,3.02E-10,4.86E-10,4.15E-11,9.33E-12,7.59E-10,3.39E-10,5.57E-10,5.68E-10,1.83E-10,1.87E-10,2.08E-10,2.31E-10,4.92E-10,8.83E-10,3.09E-10,3.38E-10,6.12E-10,5.21E-10,4.48E-10,2.27E-10,5.35E-10,6.81E-11,1.82E-10,2.93E-10,3.11E-10,1.28E-10,1.74E-10,1.98E-10,4.44E-11,1.71E-10,7.71E-10,2.05E-10,3.62E-11,4.24E-10,2.95E-10,6.17E-11,1.90E-10,1.26E-10,9.71E-11,5.14E-10,1.53E-10,4.63E-10,4.35E-10,8.26E-11,2.15E-10,3.54E-10,2.18E-10,8.62E-11,4.32E-11,1.32E-10,9.37E-11,1.18E-10,3.93E-10,2.66E-10,6.27E-11,6.58E-11,2.41E-10,2.30E-10,2.66E-10,7.69E-11,1.86E-10,6.45E-10,1.82E-10,8.02E-11,1.99E-10,4.29E-10,1.59E-10,3.41E-10,6.53E-10,1.41E-11,9.29E-10,3.42E-10,1.62E-10,2.19E-10,8.45E-10,8.97E-10,2.08E-10,9.05E-10,5.70E-10,1.85E-10
49.25,49.75,A,10,2.21E-08,4.54E-09,9.22E-09,1.98E-09,2.60E-09,2.59E-09,4.27E-09,4.86E-09,3.40E-10,7.62E-10,1.26E-10,6.26E-10,6.89E-11,5.24E-10,1.89E-10,2.15E-09,1.11E-10,6.09E-11,3.13E-10,6.25E-10,1.02E-09,1.80E-10,1.42E-10,1.52E-10,7.83E-11,2.38E-10,3.13E-10,2.41E-11,3.15E-11,1.28E-10,2.21E-08,4.54E-09,9.22E-09,1.98E-09,2.60E-09,2.59E-09,4.27E-09,4.86E-09,3.40E-10,7.62E-10,1.26E-10,6.26E-10,6.89E-11,5.24E-10,1.89E-10,2.15E-09,1.11E-10,6.09E-11,3.13E-10,6.25E-10,1.02E-09,1.80E-10,1.42E-10,1.52E-10,7.83E-11,2.38E-10,3.13E-10,2.41E-11,3.15E-11,1.28E-10,2.66E-10,3.27E-10,2.19E-10,2.10E-10,2.60E-10,2.63E-10,4.15E-11,4.48E-10,2.64E-10,8.41E-11,9.92E-11,7.62E-12,4.26E-10,1.94E-10,1.07E-10,1.52E-10,1.01E-10,1.34E-10,3.30E-10,1.51E-10,1.93E-11,9.00E-11,1.67E-10,2.36E-10,9.01E-11,6.71E-10,2.24E-10,1.29E-10,5.93E-11,7.28E-10,8.47E-11,7.24E-10,2.81E-10,5.81E-11,3.16E-10,1.33E-10,2.98E-10,2.38E-10,1.19E-09,1.79E-10,2.66E-10,2.67E-11,2.04E-10,2.56E-10,4.06E-11,4.70E-10,8.54E-11,4.26E-11,2.48E-10,1.00E-10,2.16E-10,1.20E-10,1.51E-10,2.27E-09,1.23E-10,3.82E-10,2.17E-10,6.17E-11,6.53E-10,2.45E-10,7.18E-10,3.04E-10,9.82E-11,3.89E-10,8.75E-11,1.46E-10,1.42E-10,4.81E-10,1.89E-10,3.66E-10,4.22E-10,3.45E-10,3.80E-10,8.82E-11,1.89E-10,9.10E-10,1.52E-10,9.11E-11,1.03E-09,1.95E-11,3.19E-10,1.11E-09,3.37E-10,2.56E-10,1.74E-10,1.07E-10,1.24E-10,1.46E-10,1.18E-10,1.88E-10,1.57E-10,1.45E-10,2.83E-10,1.14E-09,8.85E-11,2.52E-10,9.31E-11,5.85E-11,2.58E-10,2.34E-10,5.37E-11,4.91E-10,6.84E-10,5.01E-10,5.07E-10,6.33E-11,2.01E-10,1.29E-10,4.44E-10,6.41E-10,1.82E-10,1.80E-11,2.27E-10,7.13E-11,5.54E-10,5.97E-11,6.30E-10,2.64E-10,1.82E-10,3.21E-10,5.14E-10,1.89E-11,4.49E-10,6.48E-10,6.71E-11,1.23E-10,7.52E-10,3.10E-11,2.61E-10,4.77E-10
49.5,50,A,10,3.80E-09,2.08E-08,1.40E-09,5.02E-09,2.58E-09,4.34E-09,3.83E-10,7.71E-11,8.51E-10,6.34E-09,2.57E-10,1.06E-09,1.56E-09,1.02E-09,5.45E-11,2.53E-10,6.97E-10,3.08E-10,1.46E-10,5.97E-10,4.41E-10,3.32E-10,1.42E-10,2.95E-10,1.92E-10,2.42E-10,1.10E-10,2.19E-10,4.04E-10,1.25E-10,3.80E-09,2.08E-08,1.40E-09,5.02E-09,2.58E-09,4.34E-09,3.83E-10,7.71E-11,8.51E-10,6.34E-09,2.57E-10,1.06E-09,1.56E-09,1.02E-09,5.45E-11,2.53E-10,6.97E-10,3.08E-10,1.46E-10,5.97E-10,4.41E-10,3.32E-10,1.42E-10,2.95E-10,1.92E-10,2.42E-10,1.10E-10,2.19E-10,4.04E-10,1.25E-10,3.12E-10,2.98E-10,1.53E-09,5.55E-10,2.77E-10,5.62E-10,6.82E-10,1.32E-10,1.07E-09,4.82E-10,3.30E-10,5.99E-10,3.48E-10,7.03E-10,4.78E-10,4.00E-10,4.46E-11,4.29E-10,4.39E-10,7.58E-10,6.77E-10,1.38E-10,1.61E-10,5.47E-10,2.03E-10,3.68E-10,1.22E-10,5.10E-10,1.43E-10,5.51E-10,7.17E-11,2.14E-10,5.90E-10,4.82E-11,7.19E-10,4.82E-11,1.69E-09,5.22E-10,1.16E-09,5.53E-10,5.93E-10,1.71E-10,4.38E-10,1.80E-10,2.81E-10,1.63E-10,2.82E-11,5.87E-10,1.29E-09,5.40E-10,3.13E-10,1.61E-10,1.22E-10,4.82E-10,8.88E-10,7.55E-13,7.58E-10,1.77E-09,1.61E-10,1.72E-10,1.75E-10,5.57E-11,3.91E-10,1.09E-10,1.10E-10,9.49E-11,1.45E-10,1.90E-10,7.12E-11,8.71E-11,3.66E-10,4.10E-10,4.00E-10,8.60E-11,9.97E-11,2.11E-10,1.92E-10,7.65E-10,8.02E-11,8.93E-11,2.56E-10,4.05E-10,3.13E-10,3.03E-10,2.95E-10,6.33E-10,3.01E-10,5.84E-10,2.03E-10,2.24E-10,3.09E-10,5.38E-10,2.58E-10,7.22E-10,3.83E-10,3.26E-10,2.94E-10,9.55E-10,9.43E-10,1.91E-10,1.31E-10,3.05E-10,2.89E-10,7.21E-10,1.43E-10,1.12E-10,9.53E-11,1.10E-09,1.00E-10,7.83E-11,1.61E-10,1.84E-10,4.15E-10,4.25E-10,1.69E-10,1.05E-10,1.70E-09,4.39E-10,7.86E-11,8.63E-10,3.19E-10,9.61E-10,8.82E-11,3.33E-10,1.67E-09,4.17E-10,7.65E-10,8.38E-10,1.47E-10,3.33E-10
49.75,50.25,A,10,1.11E-07,2.57E-08,4.82E-09,1.56E-09,3.23E-09,1.90E-09,2.01E-09,1.16E-09,4.34E-09,7.90E-10,2.08E-09,1.99E-10,1.23E-09,4.81E-10,1.93E-09,2.96E-10,9.73E-10,1.22E-10,1.45E-10,5.24E-10,7.23E-10,3.89E-10,5.08E-10,1.05E-09,2.23E-10,4.36E-10,2.34E-10,3.10E-11,6.69E-10,2.93E-10,1.11E-07,2.57E-08,4.82E-09,1.56E-09,3.23E-09,1.90E-09,2.01E-09,1.16E-09,4.34E-09,7.90E-10,2.08E-09,1.99E-10,1.23E-09,4.81E-10,1.93E-09,2.96E-10,9.73E-10,1.22E-10,1.45E-10,5.24E-10,7.23E-10,3.89E-10,5.08E-10,1.05E-09,2.23E-10,4.36E-10,2.34E-10,3.10E-11,6.69E-10,2.93E-10,1.35E-10,4.95E-10,2.30E-10,7.96E-10,6.49E-11,4.77E-10,7.06E-10,7.10E-11,3.68E-11,2.33E-10,2.12E-10,7.89E-10,1.40E-10,1.35E-10,9.53E-11,2.37E-10,3.41E-10,1.88E-10,4.54E-10,1.78E-10,2.43E-10,3.72E-10,5.36E-10,5.02E-10,9.02E-11,7.44E-11,3.18E-10,1.68E-10,4.89E-11,2.66E-10,2.14E-10,3.26E-10,2.78E-10,2.68E-10,5.42E-10,6.08E-10,2.17E-10,1.18E-10,1.07E-09,1.57E-10,4.14E-10,2.07E-10,4.71E-10,2.18E-10,1.63E-10,8.81E-10,2.72E-10,3.71E-10,9.27E-10,2.07E-10,8.30E-11,7.57E-10,9.73E-10,2.39E-10,9.65E-11,2.71E-10,3.60E-11,9.77E-11,1.22E-10,1.20E-10,1.52E-10,9.67E-11,1.69E-10,5.28E-10,3.99E-10,4.59E-10,4.95E-11,1.38E-10,1.02E-09,1.28E-10,5.49E-10,2.00E-11,7.39E-11,4.31E-11,4.79E-10,6.30E-10,3.83E-10,2.81E-10,1.73E-11,2.28E-10,2.18E-11,1.85E-10,1.62E-10,4.43E-10,2.42E-10,5.61E-10,7.64E-11,2.39E-11,1.15E-10,4.92E-11,8.18E-10,1.55E-10,3.71E-10,4.49E-10,1.85E-10,8.18E-11,3.49E-10,2.47E-10,1.56E-10,2.45E-10,7.12E-10,4.89E-10,5.54E-10,2.93E-10,9.91E-11,2.96E-10,2.40E-11,1.52E-10,2.19E-10,1.28E-10,3.66E-10,1.24E-09,3.31E-10,1.38E-09,1.29E-10,3.03E-10,5.95E-10,2.91E-10,5.74E-11,5.92E-10,9.20E-10,7.50E-11,3.98E-10,1.26E-10,3.82E-10,1.20E-10,1.02E-10,3.70E-10,2.47E-10,7.83E-11
50,50.5,A,10,5.48E-08,1.33E-08,6.88E-09,1.46E-09,7.86E-09,9.77E-10,1.81E-10,8.08E-10,9.96E-10,6.83E-10,6.16E-10,1.33E-09,1.87E-09,1.81E-09,3.14E-10,3.20E-10,6.42E-10,4.57E-10,1.01E-09,1.07E-09,2.19E-10,2.65E-10,1.57E-10,1.75E-10,1.35E-10,1.45E-10,5.43E-11,8.32E-11,2.01E-10,1.08E-10,5.48E-08,1.33E-08,6.88E-09,1.46E-09,7.86E-09,9.77E-10,1.81E-10,8.08E-10,9.96E-10,6.83E-10,6.16E-10,1.33E-09,1.87E-09,1.81E-09,3.14E-10,3.20E-10,6.42E-10,4.57E-10,1.01E-09,1.07E-09,2.19E-10,2.65E-10,1.57E-10,1.75E-10,1.35E-10,1.45E-10,5.43E-11,8.32E-11,2.01E-10,1.08E-10,1.46E-10,2.24E-10,4.65E-10,4.77E-10,3.62E-11,1.89E-10,8.65E-11,2.83E-10,1.50E-10,3.07E-10,6.31E-11,1.90E-10,1.90E-10,2.29E-10,7.98E-10,6.33E-11,1.03E-10,2.16E-10,1.05E-10,1.84E-10,5.04E-10,1.11E-10,4.70E-11,6.81E-11,1.16E-10,3.36E-10,8.36E-11,4.85E-10,1.23E-09,5.59E-11,1.03E-09,2.33E-10,5.72E-10,1.55E-10,1.97E-11,2.70E-11,3.33E-10,4.56E-11,4.81E-10,3.21E-10,5.38E-10,3.53E-10,5.46E-10,1.44E-10,1.02E-10,2.13E-10,3.57E-10,1.50E-10,5.21E-11,4.65E-11,2.76E-10,1.15E-11,4.42E-10,4.01E-11,6.31E-10,1.28E-09,1.29E-11,2.21E-10,5.53E-10,1.66E-10,1.56E-10,1.62E-10,2.04E-10,1.00E-10,1.28E-10,3.75E-10,5.74E-10,1.08E-10,1.33E-10,2.01E-10,1.63E-10,1.11E-10,2.95E-10,1.09E-10,5.26E-10,8.48E-11,4.99E-10,3.69E-11,3.03E-10,2.98E-11,4.49E-11,7.00E-11,1.96E-12,5.40E-11,4.52E-11,8.44E-11,2.56E-10,2.22E-11,2.13E-10,5.84E-11,2.98E-10,6.37E-10,1.99E-11,3.95E-10,1.02E-10,8.31E-11,3.80E-10,3.96E-10,3.06E-10,7.68E-10,2.44E-10,1.05E-10,1.06E-10,2.79E-10,1.19E-10,3.95E-10,8.54E-11,8.00E-11,4.87E-10,1.36E-11,1.60E-10,3.89E-10,5.84E-10,3.62E-10,4.83E-10,1.78E-10,1.88E-10,1.02E-10,4.05E-10,7.10E-11,8.76E-11,6.15E-10,2.31E-10,6.59E-11,3.09E-11,3.09E-10,1.70E-10,3.52E-10,1.30E-10,1.67E-10
50.25,50.75,A,10,1.24E-08,1.81E-08,4.00E-09,2.85E-09,1.90E-09,2.67E-10,4.55E-09,8.78E-10,2.41E-10,2.07E-09,1.36E-09,3.19E-10,1.65E-09,9.88E-10,1.37E-09,2.89E-10,1.20E-09,9.96E-10,3.33E-10,1.69E-10,1.17E-10,3.38E-10,2.50E-10,3.23E-10,1.86E-10,1.10E-09,6.55E-10,7.54E-10,6.90E-10,7.94E-11,1.24E-08,1.81E-08,4.00E-09,2.85E-09,1.90E-09,2.67E-10,4.55E-09,8.78E-10,2.41E-10,2.07E-09,1.36E-09,3.19E-10,1.65E-09,9.88E-10,1.37E-09,2.89E-10,1.20E-09,9.96E-10,3.33E-10,1.69E-10,1.17E-10,3.38E-10,2.50E-10,3.23E-10,1.86E-10,1.10E-09,6.55E-10,7.54E-10,6.90E-10,7.94E-11,3.56E-10,1.93E-09,1.28E-10,6.98E-10,1.73E-10,5.18E-10,4.80E-10,5.64E-10,6.98E-10,2.30E-10,1.19E-10,5.04E-11,6.57E-10,3.38E-10,6.79E-10,2.81E-10,1.26E-10,4.79E-10,2.90E-10,4.35E-10,3.41E-10,6.73E-11,1.90E-10,5.70E-10,1.72E-10,3.73E-10,2.08E-10,3.66E-10,2.23E-10,7.80E-10,1.32E-10,2.62E-10,2.35E-10,4.33E-11,1.52E-10,3.36E-10,2.89E-10,1.40E-10,4.31E-10,1.38E-10,8.68E-10,1.53E-10,1.82E-10,4.70E-10,1.88E-10,2.03E-10,7.69E-10,1.61E-10,4.49E-11,3.05E-10,3.83E-10,8.26E-11,3.13E-11,1.85E-10,4.27E-10,9.46E-11,2.33E-10,1.01E-10,1.51E-10,5.64E-10,4.71E-10,4.88E-10,2.10E-11,3.55E-10,2.05E-10,2.00E-10,3.53E-10,2.02E-10,1.25E-10,3.21E-10,5.12E-10,2.37E-10,4.50E-11,2.26E-10,4.91E-11,1.62E-10,1.84E-12,6.28E-11,1.04E-10,2.56E-10,4.92E-11,8.86E-10,1.52E-09,3.58E-10,4.66E-10,1.25E-10,8.57E-12,1.62E-10,4.30E-10,1.10E-09,5.36E-10,1.21E-10,3.37E-10,5.77E-10,6.37E-10,1.22E-10,1.68E-10,2.04E-10,6.24E-10,1.30E-10,1.82E-10,2.34E-10,1.09E-10,4.17E-10,9.08E-10,2.67E-10,1.49E-11,2.81E-10,1.07E-10,4.82E-10,1.53E-10,2.89E-11,4.10E-11,2.89E-10,2.94E-11,3.23E-10,1.67E-10,2.06E-09,6.60E-10,3.57E-10,1.07E-10,6.36E-10,4.82E-10,5.95E-10,9.93E-11,1.68E-10,3.85E-11,7.40E-10,3.05E-10,1.48E-09
50.5,51,A,10,6.98E-09,2.36E-08,2.19E-09,7.60E-09,3.38E-09,2.88E-09,4.79E-10,4.20E-10,7.11E-10,1.89E-12,3.73E-10,8.95E-10,7.11E-10,7.22E-10,1.21E-10,1.18E-09,2.30E-09,3.10E-10,5.50E-11,2.02E-09,1.10E-09,2.37E-10,3.93E-10,7.11E-10,1.05E-10,5.20E-10,9.57E-10,6.30E-11,7.89E-10,5.83E-10,6.98E-09,2.36E-08,2.19E-09,7.60E-09,3.38E-09,2.88E-09,4.79E-10,4.20E-10,7.11E-10,1.89E-12,3.73E-10,8.95E-10,7.11E-10,7.22E-10,1.21E-10,1.18E-09,2.30E-09,3.10E-10,5.50E-11,2.02E-09,1.10E-09,2.37E-10,3.93E-10,7.11E-10,1.05E-10,5.20E-10,9.57E-10,6.30E-11,7.89E-10,5.83E-10,1.14E-10,1.74E-10,3.21E-10,1.47E-10,6.15E-10,2.66E-10,2.11E-10,4.94E-10,7.52E-10,4.56E-10,2.52E-10,1.88E-10,4.52E-11,1.84E-10,1.11E-10,1.44E-10,6.26E-10,6.31E-10,3.82E-10,6.44E-11,1.67E-10,9.46E-11,4.66E-10,2.48E-10,1.99E-10,4.84E-10,3.70E-10,3.24E-10,4.68E-10,1.69E-10,7.87E-10,9.11E-11,7.71E-10,3.11E-10,2.29E-11,1.50E-10,2.25E-10,8.39E-11,8.19E-11,9.12E-10,2.32E-10,2.88E-10,1.81E-09,5.47E-10,1.78E-10,4.35E-10,2.02E-10,1.23E-10,4.85E-10,6.33E-10,9.27E-11,9.18E-11,6.36E-11,3.05E-11,5.27E-11,2.63E-10,8.12E-11,6.79E-11,2.33E-10,6.47E-10,1.94E-10,9.41E-11,1.87E-10,1.99E-10,8.04E-10,3.36E-10,1.08E-09,8.64E-10,3.07E-10,1.05E-10,7.17E-10,4.99E-10,2.29E-10,3.79E-10,4.77E-10,2.85E-10,2.08E-10,1.83E-10,9.49E-11,1.09E-10,9.39E-10,2.93E-10,1.36E-10,6.68E-11,8.49E-11,3.74E-10,1.11E-09,4.30E-11,4.99E-11,1.48E-10,2.57E-10,1.41E-10,4.90E-10,1.84E-10,1.09E-10,8.68E-11,3.98E-10,7.51E-11,4.89E-11,1.29E-10,3.26E-10,3.76E-10,3.76E-11,8.85E-11,3.37E-11,3.77E-10,1.76E-10,8.82E-10,8.40E-10,1.89E-10,3.36E-10,4.48E-11,7.39E-11,4.62E-10,1.06E-10,2.68E-11,2.24E-10,2.34E-10,9.52E-10,6.72E-10,4.67E-11,1.19E-11,2.60E-10,2.12E-10,1.64E-10,1.18E-10,4.51E-11,1.50E-11,4.34E-10,5.42E-11
50.75,51.25,A,10,1.28E-09,7.07E-09,4.90E-09,3.16E-09,2.91E-09,3.54E-10,2.66E-10,5.45E-11,2.60E-09,1.67E-09,8.53E-10,2.29E-10,3.14E-10,8.07E-11,1.03E-10,4.49E-11,6.28E-10,1.78E-10,1.39E-10,6.47E-10,1.03E-10,5.03E-11,3.02E-10,9.33E-10,2.14E-10,9.71E-11,1.52E-10,1.53E-11,2.24E-10,8.14E-11,1.28E-09,7.07E-09,4.90E-09,3.16E-09,2.91E-09,3.54E-10,2.66E-10,5.45E-11,2.60E-09,1.67E-09,8.53E-10,2.29E-10,3.14E-10,8.07E-11,1.03E-10,4.49E-11,6.28E-10,1.78E-10,1.39E-10,6.47E-10,1.03E-10,5.03E-11,3.02E-10,9.33E-10,2.14E-10,9.71E-11,1.52E-10,1.53E-11,2.24E-10,8.14E-11,9.17E-11,1.12E-10,8.09E-11,3.23E-10,8.44E-11,9.15E-11,4.15E-10,5.21E-11,1.16E-10,3.31E-10,4.23E-10,3.86E-11,2.37E-10,1.24E-10,3.67E-10,2.76E-10,2.36E-10,2.50E-10,3.76E-10,5.87E-10,2.52E-11,8.06E-10,6.10E-11,6.03E-10,1.49E-10,8.55E-11,2.24E-10,3.60E-10,1.27E-10,1.67E-10,5.86E-10,2.71E-10,1.47E-10,4.66E-11,1.03E-10,8.68E-10,8.81E-10,2.71E-11,1.08E-09,1.74E-09,3.18E-10,3.39E-10,2.40E-10,1.56E-11,2.31E-10,3.45E-10,2.30E-10,3.95E-10,1.42E-09,6.87E-10,2.07E-11,3.42E-11,5.96E-10,7.62E-10,2.15E-10,3.60E-10,1.29E-10,3.74E-10,8.73E-10,2.03E-10,4.41E-10,3.47E-10,5.18E-10,1.48E-10,7.89E-11,3.46E-10,1.80E-10,1.04E-10,1.32E-10,2.56E-10,1.18E-09,2.38E-10,1.21E-10,9.74E-10,4.76E-10,2.89E-11,6.78E-11,4.41E-10,1.96E-10,6.89E-11,3.06E-10,4.62E-10,2.90E-11,4.06E-11,3.52E-10,1.99E-10,2.57E-10,9.81E-11,1.19E-11,2.25E-10,1.24E-10,5.86E-10,1.86E-10,2.25E-10,1.44E-10,1.03E-10,3.20E-10,2.69E-10,4.78E-10,2.04E-10,6.63E-11,3.34E-11,9.00E-12,6.05E-11,4.85E-11,1.14E-10,1.22E-10,1.54E-10,3.83E-10,2.03E-10,1.12E-10,2.71E-10,1.05E-10,7.38E-11,3.16E-10,2.92E-11,1.62E-11,2.78E-10,5.25E-10,2.00E-10,7.01E-10,4.61E-11,1.64E-10,4.11E-10,5.94E-10,5.12E-11,1.88E-10,1.32E-10,4.88E-12,4.34E-10
51,51.5,A,10,1.62E-08,2.55E-09,6.40E-10,7.86E-09,9.84E-09,2.71E-09,1.12E-09,7.66E-10,9.82E-10,4.43E-10,4.73E-10,1.37E-09,1.61E-10,5.45E-10,5.91E-10,1.19E-09,1.89E-10,2.97E-10,3.86E-11,1.15E-10,3.35E-10,1.05E-10,2.61E-10,3.38E-10,4.43E-10,1.26E-09,1.32E-10,3.21E-09,1.53E-09,2.14E-10,1.62E-08,2.55E-09,6.40E-10,7.86E-09,9.84E-09,2.71E-09,1.12E-09,7.66E-10,9.82E-10,4.43E-10,4.73E-10,1.37E-09,1.61E-10,5.45E-10,5.91E-10,1.19E-09,1.89E-10,2.97E-10,3.86E-11,1.15E-10,3.35E-10,1.05E-10,2.61E-10,3.38E-10,4.43E-10,1.26E-09,1.32E-10,3.21E-09,1.53E-09,2.14E-10,1.95E-10,2.29E-10,6.66E-10,3.56E-10,5.79E-10,1.71E-10,1.15E-11,1.93E-10,1.04E-09,3.62E-10,9.94E-11,1.26E-10,5.21E-10,6.80E-10,2.66E-10,2.98E-10,1.78E-10,4.62E-10,1.58E-10,2.86E-10,5.55E-11,4.99E-10,3.87E-10,2.13E-10,1.92E-10,1.51E-10,1.65E-10,1.28E-10,2.94E-10,1.26E-10,2.20E-10,1.56E-10,2.43E-10,4.57E-10,1.26E-10,2.40E-10,5.59E-11,1.59E-10,1.21E-10,5.11E-10,3.71E-10,1.38E-10,1.40E-10,5.43E-11,4.70E-11,6.54E-10,6.48E-11,3.21E-10,3.02E-10,2.78E-10,5.75E-11,4.37E-10,1.68E-10,2.16E-10,9.44E-11,1.54E-10,5.69E-10,5.20E-11,4.30E-10,7.00E-10,8.38E-10,1.61E-10,2.78E-10,8.74E-10,3.16E-10,4.99E-10,7.21E-10,6.17E-10,2.95E-10,2.83E-10,9.88E-11,8.66E-11,5.87E-10,2.90E-10,7.74E-10,2.66E-10,5.63E-11,1.01E-10,1.47E-10,3.49E-10,5.56E-11,6.47E-10,3.34E-10,2.56E-10,6.26E-10,9.22E-10,6.00E-10,2.02E-10,1.52E-10,1.57E-10,3.84E-10,1.68E-10,8.53E-11,1.61E-10,3.13E-10,1.02E-09,3.97E-10,9.73E-11,2.84E-10,9.22E-11,8.60E-11,2.13E-10,2.97E-10,4.71E-10,3.61E-10,1.06E-10,4.67E-11,4.14E-10,1.01E-09,1.34E-10,1.89E-11,2.50E-10,1.03E-10,1.22E-10,1.97E-10,5.61E-10,1.63E-10,4.33E-10,4.43E-10,7.10E-10,1.94E-10,1.28E-10,6.24E-10,2.24E-10,1.43E-10,1.34E-10,2.22E-10,5.65E-11,6.22E-10,3.20E-12
51.25,51.75,A,10,5.77E-09,3.06E-08,4.68E-09,6.59E-10,5.16E-09,6.27E-11,8.44E-10,1.22E-09,1.93E-09,8.85E-10,3.11E-09,6.48E-10,1.02E-10,4.72E-10,2.07E-10,6.81E-10,5.61E-10,1.28E-10,3.35E-10,1.03E-09,6.01E-10,1.95E-10,2.06E-10,1.90E-10,2.23E-10,4.82E-10,4.75E-11,1.62E-11,1.20E-10,8.55E-10,5.77E-09,3.06E-08,4.68E-09,6.59E-10,5.16E-09,6.27E-11,8.44E-10,1.22E-09,1.93E-09,8.85E-10,3.11E-09,6.48E-10,1.02E-10,4.72E-10,2.07E-10,6.81E-10,5.61E-10,1.28E-10,3.35E-10,1.03E-09,6.01E-10,1.95E-10,2.06E-10,1.90E-10,2.23E-10,4.82E-10,4.75E-11,1.62E-11,1.20E-10,8.55E-10,3.25E-10,1.07E-09,3.15E-10,1.58E-10,1.59E-10,4.78E-10,4.22E-11,4.07E-10,4.73E-10,5.76E-10,6.43E-11,2.28E-10,1.27E-09,2.22E-10,8.69E-11,1.21E-10,3.33E-10,6.39E-11,7.97E-11,2.67E-10,3.03E-10,3.31E-10,1.79E-10,1.07E-09,4.55E-11,2.90E-10,1.12E-09,3.05E-10,5.32E-11,1.73E-11,1.66E-10,5.54E-10,5.02E-10,1.37E-10,7.47E-10,1.92E-10,1.15E-10,6.03E-10,2.03E-10,5.97E-11,2.61E-10,1.53E-10,3.18E-10,8.91E-10,7.18E-10,1.20E-10,2.24E-10,6.87E-10,3.47E-10,5.37E-10,7.47E-11,1.52E-10,1.48E-10,3.74E-10,5.74E-11,8.06E-10,7.03E-10,2.96E-10,2.26E-10,1.37E-10,1.76E-10,5.20E-10,1.97E-10,1.28E-10,1.51E-10,1.79E-10,2.46E-10,8.88E-12,8.36E-11,8.95E-11,6.28E-11,1.67E-11,6.15E-10,5.01E-11,2.57E-11,1.04E-10,1.05E-10,1.65E-10,1.14E-10,7.26E-11,2.12E-10,2.12E-10,8.79E-11,3.98E-11,2.76E-10,1.46E-10,4.83E-10,3.01E-11,9.16E-11,7.39E-11,4.48E-10,3.78E-11,1.38E-10,1.72E-10,5.03E-10,5.78E-13,9.87E-10,1.71E-10,1.29E-11,1.97E-10,3.06E-11,2.42E-10,6.75E-11,6.45E-11,2.82E-10,8.08E-11,1.07E-10,6.46E-10,2.24E-10,8.56E-11,1.63E-10,4.97E-10,1.44E-10,2.26E-10,5.34E-11,4.00E-11,2.05E-10,1.98E-10,2.72E-10,3.03E-10,8.36E-10,3.22E-10,2.69E-10,6.34E-11,1.75E-10,2.79E-11,9.70E-11,2.74E-11,7.81E-10,6.68E-11
51.5,52,A,10,1.24E-08,2.87E-08,7.05E-09,3.84E-10,1.70E-09,8.34E-10,3.78E-09,4.91E-10,2.34E-10,2.07E-09,1.89E-10,2.13E-10,6.04E-10,1.74E-09,4.59E-10,8.22E-11,8.83E-11,1.02E-09,9.11E-11,3.84E-10,2.37E-10,8.16E-10,3.65E-10,1.63E-10,9.63E-10,5.76E-10,5.13E-10,3.92E-10,1.34E-09,1.10E-10,1.24E-08,2.87E-08,7.05E-09,3.84E-10,1.70E-09,8.34E-10,3.78E-09,4.91E-10,2.34E-10,2.07E-09,1.89E-10,2.13E-10,6.04E-10,1.74E-09,4.59E-10,8.22E-11,8.83E-11,1.02E-09,9.11E-11,3.84E-10,2.37E-10,8.16E-10,3.65E-10,1.63E-10,9.63E-10,5.76E-10,5.13E-10,3.92E-10,1.34E-09,1.10E-10,6.86E-11,2.08E-10,3.48E-10,1.01E-10,2.61E-10,3.25E-10,2.75E-10,5.15E-10,6.62E-11,1.06E-10,6.02E-11,7.09E-11,2.44E-10,7.03E-11,4.09E-10,5.15E-10,1.06E-10,4.33E-10,1.90E-10,1.39E-10,1.39E-10,6.38E-10,1.97E-10,4.18E-10,5.31E-10,1.93E-10,8.99E-11,1.34E-10,2.42E-10,1.53E-10,5.33E-10,5.89E-10,2.80E-10,2.44E-10,4.88E-10,2.85E-11,1.72E-10,1.78E-10,1.49E-10,2.46E-10,3.02E-10,2.54E-10,1.71E-11,1.88E-10,2.68E-10,4.62E-10,1.29E-09,2.73E-10,4.74E-10,6.32E-10,4.54E-10,4.25E-11,1.22E-09,1.92E-10,1.02E-10,2.00E-10,3.76E-10,3.52E-10,8.56E-11,3.28E-10,2.16E-10,3.06E-10,3.76E-10,2.63E-10,2.97E-10,1.44E-10,1.13E-10,2.14E-10,3.84E-10,5.89E-10,8.52E-11,3.28E-11,9.54E-10,1.77E-11,4.69E-12,4.78E-10,2.44E-11,2.33E-10,1.16E-10,1.01E-11,1.54E-10,3.94E-10,5.96E-10,1.76E-10,6.50E-11,1.36E-10,2.76E-10,2.08E-10,2.60E-10,2.22E-10,3.21E-10,4.33E-10,2.85E-10,4.02E-10,2.63E-10,2.03E-10,2.07E-10,1.01E-10,5.05E-11,1.71E-10,3.95E-10,3.15E-10,2.82E-10,6.82E-10,2.12E-10,7.75E-11,1.87E-11,4.19E-10,3.32E-11,1.47E-11,3.96E-10,5.99E-11,1.95E-10,2.14E-10,8.62E-11,5.08E-10,3.76E-11,4.62E-11,5.07E-10,6.00E-10,8.63E-10,1.06E-10,2.30E-10,7.11E-10,3.10E-10,1.11E-10,3.81E-11,1.55E-10,2.26E-11,2.97E-10
51.75,52.25,A,10,2.01E-10,1.23E-08,7.31E-09,3.79E-09,4.70E-09,3.29E-09,7.11E-09,1.49E-09,3.65E-09,4.72E-10,2.63E-09,2.77E-10,1.46E-09,4.79E-10,2.94E-09,1.05E-09,7.31E-10,1.42E-09,7.28E-10,1.50E-09,2.98E-10,5.35E-10,2.82E-10,2.28E-10,9.22E-10,3.46E-10,8.95E-10,5.90E-10,4.43E-10,4.11E-10,2.01E-10,1.23E-08,7.31E-09,3.79E-09,4.70E-09,3.29E-09,7.11E-09,1.49E-09,3.65E-09,4.72E-10,2.63E-09,2.77E-10,1.46E-09,4.79E-10,2.94E-09,1.05E-09,7.31E-10,1.42E-09,7.28E-10,1.50E-09,2.98E-10,5.35E-10,2.82E-10,2.28E-10,9.22E-10,3.46E-10,8.95E-10,5.90E-10,4.43E-10,4.11E-10,1.04E-10,6.42E-11,6.24E-10,3.47E-10,5.23E-10,5.73E-10,3.21E-10,2.51E-10,1.37E-10,1.85E-10,4.66E-10,1.42E-10,1.76E-10,2.38E-10,2.65E-10,8.75E-11,1.74E-10,6.17E-10,1.80E-10,9.49E-11,7.21E-10,4.34E-10,2.37E-10,2.77E-10,5.25E-11,2.43E-10,1.20E-10,9.69E-11,3.08E-10,2.66E-10,3.03E-10,5.47E-10,2.19E-10,2.16E-10,4.32E-11,1.78E-10,9.03E-11,4.27E-10,4.68E-11,1.51E-10,4.16E-10,2.02E-10,2.28E-11,7.14E-11,5.74E-10,1.11E-10,8.49E-10,1.68E-10,4.44E-10,8.15E-10,3.84E-10,4.96E-10,3.89E-10,2.59E-10,6.10E-10,6.59E-11,4.31E-10,2.13E-10,3.40E-10,4.74E-10,4.36E-10,1.52E-10,8.19E-10,4.36E-11,6.08E-10,2.58E-10,4.32E-10,2.46E-10,3.41E-10,2.86E-11,2.10E-10,1.74E-10,9.26E-11,2.00E-10,1.16E-10,4.54E-11,1.10E-10,3.41E-10,8.48E-11,4.34E-10,9.02E-10,2.09E-10,1.36E-10,1.77E-10,1.36E-10,4.17E-10,1.41E-10,1.33E-10,4.50E-10,6.90E-10,4.54E-10,1.09E-10,2.41E-10,3.97E-10,8.00E-11,3.58E-10,2.97E-10,7.50E-11,5.20E-10,3.15E-10,2.95E-10,4.03E-10,1.43E-11,1.19E-10,7.34E-11,1.58E-10,3.28E-10,4.45E-10,6.08E-10,4.47E-10,4.26E-11,1.24E-10,2.05E-10,1.08E-09,4.55E-10,4.28E-10,1.89E-11,2.04E-10,8.01E-10,3.13E-11,7.17E-11,2.62E-11,3.82E-11,3.69E-10,2.24E-10,1.29E-10,2.40E-11,3.47E-10,1.06E-10,8.74E-11
52,52.5,A,10,7.05E-09,3.25E-08,1.35E-09,1.25E-08,7.69E-10,8.44E-10,1.56E-09,3.17E-11,2.74E-10,3.22E-09,1.48E-09,2.68E-10,2.51E-09,8.74E-10,7.51E-10,1.10E-09,4.24E-10,1.04E-09,7.37E-11,1.18E-10,8.02E-11,6.00E-10,2.65E-10,2.68E-10,1.73E-10,8.68E-11,3.72E-11,1.82E-10,1.83E-10,5.15E-10,7.05E-09,3.25E-08,1.35E-09,1.25E-08,7.69E-10,8.44E-10,1.56E-09,3.17E-11,2.74E-10,3.22E-09,1.48E-09,2.68E-10,2.51E-09,8.74E-10,7.51E-10,1.10E-09,4.24E-10,1.04E-09,7.37E-11,1.18E-10,8.02E-11,6.00E-10,2.65E-10,2.68E-10,1.73E-10,8.68E-11,3.72E-11,1.82E-10,1.83E-10,5.15E-10,7.36E-10,8.47E-11,2.39E-10,5.87E-10,2.43E-10,4.46E-11,1.40E-10,1.06E-09,3.63E-11,9.59E-11,5.05E-10,1.11E-10,2.62E-10,3.01E-10,1.16E-09,3.24E-10,1.36E-10,3.26E-10,6.03E-11,8.66E-11,7.83E-11,4.41E-11,2.25E-10,3.32E-10,3.15E-10,3.74E-10,5.55E-11,4.80E-11,1.72E-10,9.98E-11,1.68E-10,1.84E-10,1.52E-10,4.19E-10,3.39E-10,1.56E-10,3.40E-11,1.01E-10,4.00E-10,8.40E-11,2.92E-10,4.29E-10,4.92E-10,1.72E-10,6.88E-10,1.02E-10,4.14E-10,2.00E-10,2.19E-10,5.31E-10,5.37E-10,9.38E-11,2.75E-10,1.29E-10,2.85E-10,3.12E-10,4.47E-11,1.02E-09,4.06E-10,4.50E-10,1.40E-10,1.62E-10,1.16E-10,3.32E-10,2.03E-10,1.56E-10,9.27E-11,2.85E-10,2.91E-10,2.19E-10,8.70E-11,3.36E-10,3.54E-10,1.43E-10,6.80E-10,9.12E-11,2.00E-10,1.30E-10,3.04E-10,5.57E-11,1.41E-11,3.37E-10,5.93E-11,2.54E-10,3.16E-10,1.92E-10,8.93E-11,1.76E-10,1.41E-10,1.27E-10,7.73E-10,3.34E-10,5.19E-10,1.67E-10,1.41E-09,1.86E-10,4.31E-11,7.66E-10,3.82E-10,2.55E-09,3.82E-11,1.01E-09,1.85E-10,2.47E-11,1.38E-10,1.75E-10,9.91E-11,5.07E-10,1.33E-10,6.65E-11,6.84E-11,2.18E-11,3.63E-10,7.84E-10,2.60E-11,1.52E-10,8.09E-10,8.34E-10,1.31E-10,1.34E-10,2.16E-10,1.31E-10,6.59E-11,2.81E-10,5.69E-10,1.93E-10,4.42E-10,4.32E-10,3.31E-10,1.60E-09
52.25,52.75,A,10,2.51E-08,2.25E-08,1.48E-08,2.34E-09,3.20E-09,7.07E-09,4.12E-10,3.43E-10,2.90E-09,1.85E-09,1.90E-09,1.19E-09,5.50E-10,3.64E-10,8.90E-10,3.01E-10,2.07E-10,8.01E-10,3.47E-11,3.69E-10,1.99E-10,1.71E-09,6.14E-10,2.44E-10,1.89E-10,3.70E-10,6.74E-10,1.38E-10,1.94E-10,2.41E-10,2.51E-08,2.25E-08,1.48E-08,2.34E-09,3.20E-09,7.07E-09,4.12E-10,3.43E-10,2.90E-09,1.85E-09,1.90E-09,1.19E-09,5.50E-10,3.64E-10,8.90E-10,3.01E-10,2.07E-10,8.01E-10,3.47E-11,3.69E-10,1.99E-10,1.71E-09,6.14E-10,2.44E-10,1.89E-10,3.70E-10,6.74E-10,1.38E-10,1.94E-10,2.41E-10,5.35E-10,2.48E-10,4.35E-10,3.47E-10,1.77E-10,1.42E-10,3.88E-10,1.36E-10,4.01E-10,1.77E-10,2.61E-10,1.66E-10,8.54E-10,4.31E-10,7.93E-11,7.76E-11,8.72E-11,2.33E-10,2.13E-10,3.00E-11,2.91E-10,8.26E-10,3.57E-10,9.07E-11,5.83E-10,1.20E-10,2.82E-10,3.41E-10,4.29E-10,7.26E-11,1.20E-10,2.61E-10,7.07E-11,1.63E-10,1.01E-10,2.67E-10,2.92E-10,6.19E-10,2.36E-11,9.10E-10,4.58E-10,1.40E-10,8.27E-11,2.17E-11,2.15E-11,7.36E-11,2.32E-10,1.69E-10,5.06E-10,8.76E-11,2.73E-11,2.20E-10,5.60E-10,6.26E-11,1.78E-10,1.08E-10,2.68E-10,1.04E-10,9.15E-11,4.13E-11,1.76E-10,1.74E-10,5.95E-10,9.02E-11,3.42E-10,1.61E-10,2.84E-10,4.48E-10,2.65E-10,1.43E-10,5.42E-10,4.85E-10,6.69E-11,8.50E-11,1.56E-10,1.38E-10,6.99E-10,2.40E-10,3.70E-10,4.42E-10,8.68E-11,9.46E-11,4.30E-11,2.58E-10,1.90E-10,2.12E-10,4.70E-10,3.57E-10,7.24E-11,9.90E-11,1.13E-10,2.61E-10,4.59E-10,1.15E-09,4.15E-10,1.72E-10,4.16E-10,7.12E-10,1.61E-09,5.25E-11,1.56E-10,7.66E-11,8.58E-11,5.59E-10,3.70E-10,6.06E-11,7.08E-11,8.81E-10,1.87E-10,2.35E-10,4.73E-10,2.09E-10,2.10E-10,3.49E-10,2.05E-10,4.87E-10,1.07E-10,4.43E-10,1.47E-09,1.70E-11,6.14E-11,2.24E-10,3.37E-10,9.12E-10,3.61E-10,6.19E-11,2.33E-10,2.54E-10,2.09E-10,2.20E-10
52.5,53,A,10,1.74E-08,5.24E-08,7.58E-09,2.19E-09,6.65E-10,5.12E-10,3.29E-09,3.40E-09,3.92E-10,2.01E-09,1.98E-09,6.15E-10,8.40E-10,2.70E-10,1.40E-09,1.02E-10,8.61E-11,6.77E-10,1.85E-10,1.71E-10,3.59E-10,1.86E-09,7.09E-10,1.89E-09,1.06E-09,2.25E-10,9.47E-12,1.13E-10,9.11E-10,5.16E-10,1.74E-08,5.24E-08,7.58E-09,2.19E-09,6.65E-10,5.12E-10,3.29E-09,3.40E-09,3.92E-10,2.01E-09,1.98E-09,6.15E-10,8.40E-10,2.70E-10,1.40E-09,1.02E-10,8.61E-11,6.77E-10,1.85E-10,1.71E-10,3.59E-10,1.86E-09,7.09E-10,1.89E-09,1.06E-09,2.25E-10,9.47E-12,1.13E-10,9.11E-10,5.16E-10,1.72E-10,3.43E-10,6.74E-10,5.38E-10,1.51E-10,8.86E-10,3.05E-11,3.69E-10,7.73E-11,5.37E-10,5.38E-10,1.25E-10,6.83E-10,1.62E-10,1.27E-09,9.18E-11,4.18E-10,4.55E-10,2.82E-10,4.78E-10,2.14E-10,3.00E-10,2.25E-10,8.81E-11,6.62E-11,2.31E-10,1.78E-10,3.24E-10,1.12E-10,1.22E-10,3.65E-10,8.09E-11,1.12E-10,3.58E-10,3.46E-10,3.81E-10,1.38E-10,1.04E-10,1.37E-10,1.77E-10,1.44E-10,1.18E-10,4.94E-10,1.12E-10,1.67E-11,1.95E-10,1.15E-10,2.01E-10,8.79E-11,4.05E-10,2.60E-10,2.54E-11,4.81E-10,5.42E-10,4.15E-10,2.21E-10,8.40E-10,5.39E-10,1.54E-10,5.69E-10,4.05E-10,1.30E-09,2.30E-10,6.73E-10,5.87E-11,9.40E-11,1.29E-10,3.16E-10,2.83E-10,2.47E-10,3.56E-10,1.40E-10,1.92E-10,2.25E-10,1.99E-10,2.93E-10,6.02E-11,2.40E-10,3.67E-10,4.51E-11,1.92E-10,3.64E-10,5.21E-10,7.09E-10,3.28E-10,5.46E-10,3.95E-10,6.09E-11,6.26E-11,1.10E-10,2.55E-10,2.78E-10,2.35E-10,1.09E-09,5.68E-10,4.02E-10,4.32E-10,3.05E-10,1.08E-10,3.21E-10,2.02E-10,2.00E-10,1.07E-10,9.69E-11,6.96E-10,5.61E-10,5.71E-11,1.04E-10,1.62E-10,7.24E-11,9.91E-11,6.47E-10,7.58E-10,2.34E-10,6.30E-10,4.30E-10,2.47E-10,3.17E-10,3.97E-10,3.06E-10,3.76E-10,2.97E-10,4.69E-11,3.61E-10,1.84E-10,5.81E-11,1.35E-09,1.24E-10,2.36E-10,3.17E-10
52.75,53.25,A,10,4.87E-09,4.59E-08,9.56E-09,1.72E-09,1.50E-09,7.26E-10,3.04E-09,1.62E-09,2.26E-09,1.75E-09,1.89E-09,1.84E-09,2.42E-10,5.89E-10,1.33E-09,3.55E-10,6.69E-10,3.02E-09,1.17E-09,3.19E-10,1.40E-10,1.92E-09,2.82E-10,5.69E-10,2.85E-10,4.76E-10,4.37E-10,2.85E-11,6.85E-11,7.21E-10,4.87E-09,4.59E-08,9.56E-09,1.72E-09,1.50E-09,7.26E-10,3.04E-09,1.62E-09,2.26E-09,1.75E-09,1.89E-09,1.84E-09,2.42E-10,5.89E-10,1.33E-09,3.55E-10,6.69E-10,3.02E-09,1.17E-09,3.19E-10,1.40E-10,1.92E-09,2.82E-10,5.69E-10,2.85E-10,4.76E-10,4.37E-10,2.85E-11,6.85E-11,7.21E-10,3.69E-10,1.71E-11,2.94E-11,4.05E-11,9.66E-10,2.04E-10,1.88E-10,4.33E-10,7.61E-10,7.11E-10,1.58E-10,2.69E-10,3.61E-10,6.62E-10,5.13E-12,1.89E-10,1.17E-10,9.41E-10,4.77E-10,1.13E-09,2.44E-10,7.31E-10,3.75E-10,5.17E-11,2.57E-10,5.54E-10,5.66E-10,1.27E-10,3.42E-10,2.27E-11,2.98E-10,5.69E-10,2.92E-10,1.95E-10,4.60E-11,7.38E-11,6.43E-11,8.47E-11,3.66E-10,1.54E-10,2.46E-10,1.29E-10,2.63E-10,3.94E-10,2.36E-10,5.32E-10,4.56E-10,1.16E-11,5.84E-10,5.39E-11,1.31E-09,5.69E-10,2.99E-10,4.00E-10,1.37E-09,1.71E-10,1.15E-10,1.52E-10,5.76E-10,4.37E-10,1.34E-10,7.96E-10,2.00E-09,2.49E-10,2.20E-10,4.91E-11,6.16E-10,2.68E-10,6.80E-10,6.06E-11,1.14E-10,2.89E-10,2.06E-10,2.07E-10,4.08E-10,7.97E-11,5.53E-11,3.50E-10,3.50E-10,2.14E-10,8.27E-11,1.51E-10,2.00E-10,2.15E-11,4.54E-10,4.28E-10,4.05E-11,9.51E-11,1.79E-10,1.64E-11,7.29E-10,2.19E-10,6.18E-10,3.23E-10,8.62E-11,2.54E-10,6.22E-10,2.77E-10,2.57E-10,1.63E-10,2.56E-10,5.58E-11,6.02E-10,4.75E-11,3.79E-10,3.63E-10,2.15E-10,7.07E-11,4.35E-10,8.54E-11,1.93E-10,6.20E-11,2.94E-10,3.91E-10,5.35E-10,1.98E-11,2.83E-10,2.03E-10,1.73E-09,4.72E-10,3.40E-10,1.48E-10,7.40E-10,4.42E-11,1.84E-10,3.71E-10,3.23E-10,2.84E-10,1.72E-10,1.84E-11
53,53.5,A,10,5.27E-09,8.18E-08,3.09E-09,5.45E-09,1.15E-09,2.74E-10,3.82E-10,4.43E-09,4.28E-10,5.21E-10,7.95E-10,9.80E-10,1.28E-09,3.23E-09,2.24E-10,1.05E-10,4.49E-10,5.97E-10,8.99E-10,1.11E-10,5.24E-10,5.78E-11,4.36E-10,5.45E-10,4.57E-10,4.88E-10,2.24E-10,8.32E-11,3.74E-10,1.36E-10,5.27E-09,8.18E-08,3.09E-09,5.45E-09,1.15E-09,2.74E-10,3.82E-10,4.43E-09,4.28E-10,5.21E-10,7.95E-10,9.80E-10,1.28E-09,3.23E-09,2.24E-10,1.05E-10,4.49E-10,5.97E-10,8.99E-10,1.11E-10,5.24E-10,5.78E-11,4.36E-10,5.45E-10,4.57E-10,4.88E-10,2.24E-10,8.32E-11,3.74E-10,1.36E-10,1.76E-10,8.94E-10,1.07E-10,2.75E-10,3.41E-11,1.26E-10,6.90E-11,1.62E-10,3.52E-10,9.71E-12,6.74E-10,1.62E-10,2.59E-11,9.05E-11,7.24E-10,8.53E-11,4.33E-10,2.61E-10,6.64E-11,9.39E-10,4.92E-11,6.46E-11,1.68E-10,5.12E-10,1.02E-10,5.08E-11,3.88E-10,1.23E-10,9.13E-12,5.54E-11,2.49E-10,1.61E-10,4.47E-11,1.89E-10,3.85E-11,1.49E-10,1.88E-10,1.25E-09,1.03E-09,7.79E-11,1.52E-10,1.38E-10,3.31E-10,5.02E-10,3.24E-10,8.36E-10,3.50E-11,1.52E-10,1.18E-10,4.82E-11,2.73E-10,7.53E-11,6.56E-11,9.13E-10,7.85E-11,3.06E-10,7.34E-10,4.30E-11,4.15E-10,1.51E-10,1.23E-10,2.06E-10,6.45E-10,2.16E-10,1.67E-10,9.89E-11,8.34E-11,9.47E-11,2.03E-10,1.33E-10,5.00E-10,6.04E-11,4.32E-10,4.46E-11,1.52E-10,4.49E-10,1.41E-09,1.97E-10,5.50E-11,6.03E-10,7.56E-10,5.00E-11,1.99E-10,6.20E-11,2.55E-10,8.42E-10,2.12E-10,3.32E-10,2.50E-10,1.39E-10,5.28E-10,1.58E-10,1.85E-10,4.02E-10,5.77E-10,9.11E-11,2.19E-10,3.36E-10,6.68E-10,8.52E-10,2.60E-10,2.61E-10,9.97E-11,2.77E-10,1.20E-10,1.51E-10,9.12E-10,1.04E-09,5.76E-11,2.13E-10,6.87E-11,2.31E-10,6.14E-10,4.53E-10,3.70E-10,3.91E-10,1.97E-10,2.06E-10,1.43E-10,1.03E-10,4.85E-10,1.45E-10,1.23E-10,1.72E-10,1.25E-10,1.88E-10,2.56E-10,8.76E-11,1.15E-09,2.96E-11
53.25,53.75,A,10,2.56E-08,1.31E-07,1.31E-08,1.97E-09,2.72E-09,2.68E-09,1.14E-09,5.85E-10,1.40E-09,1.43E-09,4.58E-09,5.56E-10,1.02E-09,9.53E-10,2.00E-09,1.47E-09,5.36E-10,1.48E-09,1.30E-09,8.33E-10,1.48E-10,1.65E-09,1.77E-09,1.00E-11,1.38E-10,1.38E-10,4.19E-10,3.26E-10,1.38E-09,7.08E-10,2.56E-08,1.31E-07,1.31E-08,1.97E-09,2.72E-09,2.68E-09,1.14E-09,5.85E-10,1.40E-09,1.43E-09,4.58E-09,5.56E-10,1.02E-09,9.53E-10,2.00E-09,1.47E-09,5.36E-10,1.48E-09,1.30E-09,8.33E-10,1.48E-10,1.65E-09,1.77E-09,1.00E-11,1.38E-10,1.38E-10,4.19E-10,3.26E-10,1.38E-09,7.08E-10,9.09E-10,3.19E-10,1.91E-10,1.97E-10,2.12E-10,5.23E-10,3.01E-10,3.64E-11,3.31E-10,2.68E-10,2.09E-10,1.12E-10,3.63E-10,1.12E-10,5.78E-11,7.40E-10,3.31E-10,9.05E-12,1.70E-11,1.36E-10,7.81E-11,4.95E-10,1.82E-10,7.24E-11,6.60E-11,3.08E-11,3.23E-10,2.05E-10,7.77E-11,4.52E-11,7.63E-11,4.21E-10,2.71E-10,7.84E-10,5.00E-11,2.76E-10,1.22E-10,3.17E-11,2.71E-10,3.49E-10,6.85E-11,3.06E-10,1.24E-09,1.33E-10,3.84E-10,6.99E-11,1.84E-10,2.37E-10,1.78E-10,1.79E-10,1.99E-11,9.28E-11,3.85E-11,2.83E-10,3.44E-10,1.01E-10,4.92E-10,4.12E-10,1.88E-10,3.21E-11,8.76E-10,9.85E-11,3.16E-10,9.91E-11,6.92E-10,3.97E-10,1.68E-10,5.91E-10,2.83E-10,4.54E-10,1.96E-10,1.89E-10,3.55E-10,2.41E-10,1.88E-10,2.32E-10,4.51E-10,5.11E-10,1.04E-10,2.53E-10,2.78E-10,5.27E-11,2.03E-10,3.15E-11,3.92E-11,2.10E-10,3.02E-10,1.78E-10,1.33E-10,6.32E-10,1.34E-10,3.39E-10,1.67E-10,5.35E-11,4.22E-10,1.10E-10,9.79E-11,1.06E-10,1.52E-10,3.51E-10,1.17E-10,9.85E-10,6.33E-11,3.40E-10,5.22E-10,1.67E-10,3.56E-10,1.11E-09,1.88E-10,5.17E-10,4.66E-10,1.82E-10,2.44E-10,2.17E-10,1.97E-10,3.60E-10,1.51E-10,2.31E-10,2.83E-10,1.06E-10,1.20E-11,1.67E-10,2.31E-10,5.06E-10,1.52E-10,8.65E-11,9.35E-10,1.27E-10,1.71E-10,3.97E-10
53.5,54,A,10,3.89E-08,3.63E-08,4.60E-09,7.45E-09,1.69E-09,4.43E-09,6.60E-09,5.39E-10,1.29E-09,3.15E-09,4.79E-10,1.15E-09,8.88E-10,2.37E-10,3.29E-10,2.03E-09,2.56E-09,6.39E-10,1.48E-09,1.01E-09,1.17E-09,5.00E-10,6.32E-10,7.71E-11,3.12E-10,5.08E-10,3.76E-10,2.27E-10,1.17E-10,3.75E-10,3.89E-08,3.63E-08,4.60E-09,7.45E-09,1.69E-09,4.43E-09,6.60E-09,5.39E-10,1.29E-09,3.15E-09,4.79E-10,1.15E-09,8.88E-10,2.37E-10,3.29E-10,2.03E-09,2.56E-09,6.39E-10,1.48E-09,1.01E-09,1.17E-09,5.00E-10,6.32E-10,7.71E-11,3.12E-10,5.08E-10,3.76E-10,2.27E-10,1.17E-10,3.75E-10,1.36E-09,3.13E-10,9.48E-11,8.35E-11,1.71E-10,1.15E-09,2.45E-09,7.52E-10,3.40E-10,5.63E-10,5.43E-11,1.85E-10,3.39E-10,7.51E-10,3.66E-10,5.02E-11,3.20E-10,6.54E-10,8.40E-10,8.26E-11,9.71E-10,8.82E-11,1.00E-10,9.82E-10,3.46E-10,1.83E-11,2.50E-10,4.43E-10,1.76E-10,2.51E-10,6.74E-11,1.83E-10,7.92E-11,2.12E-11,1.14E-10,1.07E-09,5.30E-10,9.27E-11,1.30E-10,5.01E-11,9.72E-11,2.13E-10,9.98E-11,2.75E-10,4.02E-10,4.19E-10,2.83E-10,4.56E-11,3.84E-10,1.56E-10,1.01E-09,5.33E-11,2.07E-10,1.11E-10,8.00E-11,6.33E-10,1.96E-10,8.60E-11,1.54E-10,4.92E-10,2.44E-10,2.17E-11,3.70E-10,4.47E-10,7.75E-11,6.83E-11,5.86E-11,2.62E-10,5.00E-10,5.97E-10,9.00E-11,4.60E-10,2.83E-10,1.63E-10,3.48E-10,5.78E-11,9.63E-11,1.57E-10,2.02E-10,7.15E-11,2.14E-10,5.27E-11,9.24E-11,1.05E-10,4.29E-10,7.09E-10,2.57E-10,3.72E-11,1.46E-11,3.27E-10,2.51E-10,6.19E-11,2.51E-10,3.80E-10,2.01E-10,4.48E-10,3.70E-10,8.42E-11,9.96E-11,1.63E-10,1.70E-10,2.70E-10,2.12E-10,6.79E-10,1.27E-10,6.12E-11,2.89E-10,2.20E-10,5.48E-10,2.70E-10,8.45E-11,4.34E-10,2.93E-11,2.67E-10,2.65E-10,5.09E-11,1.87E-10,4.52E-10,2.13E-10,5.87E-11,4.15E-10,3.18E-10,2.92E-10,2.43E-10,2.78E-10,1.69E-10,2.26E-10,3.40E-11,2.53E-10,9.19E-11
53.75,54.25,A,10,1.68E-08,9.28E-08,1.92E-09,3.57E-09,2.11E-09,2.87E-09,3.34E-10,5.40E-09,2.80E-10,3.07E-09,1.88E-09,7.21E-10,1.17E-09,1.44E-09,1.19E-09,2.47E-09,4.99E-10,1.00E-09,1.81E-09,1.43E-09,9.01E-10,6.62E-10,6.78E-10,4.18E-09,3.37E-10,1.50E-10,2.69E-10,1.83E-10,7.26E-11,3.89E-10,1.68E-08,9.28E-08,1.92E-09,3.57E-09,2.11E-09,2.87E-09,3.34E-10,5.40E-09,2.80E-10,3.07E-09,1.88E-09,7.21E-10,1.17E-09,1.44E-09,1.19E-09,2.47E-09,4.99E-10,1.00E-09,1.81E-09,1.43E-09,9.01E-10,6.62E-10,6.78E-10,4.18E-09,3.37E-10,1.50E-10,2.69E-10,1.83E-10,7.26E-11,3.89E-10,6.06E-10,1.03E-09,4.95E-10,6.47E-10,1.28E-10,4.62E-10,1.54E-10,1.87E-10,8.24E-10,7.12E-10,2.57E-10,4.72E-10,2.23E-10,4.16E-10,1.95E-09,2.74E-10,3.04E-10,1.83E-10,3.72E-10,9.61E-10,2.20E-11,1.27E-09,5.41E-10,9.84E-11,8.74E-11,5.47E-10,2.53E-10,2.92E-10,3.38E-10,1.50E-10,4.60E-13,1.34E-10,7.22E-10,1.56E-10,3.27E-10,4.10E-10,2.72E-10,2.95E-10,5.69E-12,6.03E-11,2.37E-10,1.38E-10,5.83E-11,6.40E-10,2.42E-10,1.19E-10,3.49E-11,2.24E-10,7.41E-10,9.38E-11,8.61E-11,8.94E-11,1.17E-10,2.10E-10,1.69E-10,1.93E-10,1.11E-10,3.50E-11,3.05E-10,1.41E-10,2.65E-10,2.18E-10,7.05E-10,3.41E-10,3.51E-11,1.61E-10,3.43E-10,8.96E-10,3.44E-10,3.12E-10,3.22E-10,2.85E-10,2.14E-10,7.19E-10,5.47E-11,4.83E-10,7.58E-10,1.06E-10,4.03E-10,5.30E-11,5.10E-11,4.25E-10,3.19E-10,2.29E-10,2.98E-10,5.55E-11,3.85E-11,1.38E-10,1.13E-10,4.34E-11,1.27E-10,9.24E-11,1.51E-10,1.54E-10,2.85E-10,1.94E-10,2.36E-10,8.27E-11,1.11E-10,4.41E-10,5.56E-11,2.95E-10,8.47E-11,3.78E-11,6.14E-11,5.33E-12,3.02E-10,1.16E-11,2.70E-10,1.09E-10,2.14E-10,2.59E-10,6.53E-11,2.35E-10,1.11E-10,1.31E-10,5.25E-11,9.00E-11,4.20E-10,1.04E-10,5.66E-11,3.92E-10,8.70E-11,9.87E-11,3.86E-11,2.29E-11,3.66E-10,7.42E-11,4.24E-11,4.05E-11
54,54.5,A,10,4.16E-08,2.97E-08,5.58E-09,1.49E-09,2.55E-09,6.69E-09,8.34E-10,2.60E-10,1.97E-09,1.30E-09,9.71E-10,9.76E-11,1.53E-09,3.27E-10,5.56E-10,2.38E-10,1.26E-10,7.60E-10,7.81E-11,3.42E-10,1.92E-10,3.14E-10,2.85E-10,5.10E-11,5.17E-11,1.31E-10,5.13E-10,1.41E-11,8.12E-11,1.28E-10,4.16E-08,2.97E-08,5.58E-09,1.49E-09,2.55E-09,6.69E-09,8.34E-10,2.60E-10,1.97E-09,1.30E-09,9.71E-10,9.76E-11,1.53E-09,3.27E-10,5.56E-10,2.38E-10,1.26E-10,7.60E-10,7.81E-11,3.42E-10,1.92E-10,3.14E-10,2.85E-10,5.10E-11,5.17E-11,1.31E-10,5.13E-10,1.41E-11,8.12E-11,1.28E-10,5.50E-10,2.08E-11,2.29E-11,6.85E-10,3.55E-10,1.26E-10,6.02E-11,2.98E-11,2.39E-10,1.80E-10,2.42E-10,1.80E-10,1.58E-10,1.77E-10,3.97E-10,2.78E-10,3.29E-10,2.67E-10,1.18E-10,1.16E-10,3.26E-10,5.11E-11,5.13E-10,6.36E-11,1.49E-10,2.02E-10,1.35E-10,2.49E-11,2.83E-11,5.84E-12,1.11E-10,5.46E-11,2.94E-11,1.10E-10,8.82E-11,1.05E-10,2.24E-10,5.13E-11,1.46E-10,6.25E-11,1.48E-10,7.83E-11,1.68E-10,8.74E-11,1.45E-10,1.37E-11,1.35E-10,3.62E-10,4.45E-10,1.75E-10,6.06E-11,6.66E-11,9.06E-11,3.75E-11,1.09E-10,1.17E-10,5.34E-11,2.01E-11,1.09E-10,2.46E-11,2.67E-10,1.03E-10,2.29E-10,1.58E-10,4.30E-11,4.51E-10,2.67E-10,2.61E-10,1.34E-10,7.62E-11,1.26E-10,1.61E-10,9.69E-11,3.43E-11,1.25E-10,2.65E-10,9.84E-11,8.09E-11,1.16E-10,1.21E-10,3.74E-10,1.03E-11,2.45E-10,1.05E-10,1.85E-11,7.55E-11,3.03E-10,2.02E-10,1.72E-10,1.56E-10,2.03E-11,1.57E-10,9.36E-11,1.11E-10,2.33E-10,1.37E-10,5.09E-10,4.40E-11,9.98E-11,8.56E-11,9.73E-11,3.72E-10,8.52E-11,5.47E-10,1.86E-10,2.35E-10,5.52E-10,7.22E-11,2.92E-11,3.12E-10,3.26E-11,6.12E-10,3.50E-11,7.12E-11,4.09E-10,3.94E-10,3.63E-10,4.14E-11,1.49E-10,1.95E-10,4.26E-11,4.88E-11,1.70E-10,3.48E-10,1.58E-10,2.08E-10,4.04E-11,7.02E-11,2.57E-11,2.98E-10
54.25,54.75,A,10,2.10E-08,1.77E-08,3.36E-10,3.97E-09,1.82E-09,3.56E-09,2.73E-09,1.26E-10,2.46E-09,8.55E-10,6.23E-10,1.28E-10,1.46E-09,9.71E-10,5.73E-10,4.49E-11,4.31E-10,7.25E-10,2.55E-10,2.00E-10,4.02E-10,2.76E-10,1.35E-10,1.93E-10,1.06E-09,1.58E-10,4.57E-10,2.07E-10,3.18E-10,1.06E-10,2.10E-08,1.77E-08,3.36E-10,3.97E-09,1.82E-09,3.56E-09,2.73E-09,1.26E-10,2.46E-09,8.55E-10,6.23E-10,1.28E-10,1.46E-09,9.71E-10,5.73E-10,4.49E-11,4.31E-10,7.25E-10,2.55E-10,2.00E-10,4.02E-10,2.76E-10,1.35E-10,1.93E-10,1.06E-09,1.58E-10,4.57E-10,2.07E-10,3.18E-10,1.06E-10,2.95E-10,1.03E-10,3.20E-10,1.05E-10,4.03E-10,2.49E-10,3.54E-10,1.18E-10,2.94E-10,4.37E-10,1.41E-10,1.48E-10,1.18E-10,1.50E-10,3.32E-10,6.12E-10,6.14E-11,8.78E-11,1.85E-10,6.84E-11,1.86E-10,4.05E-10,7.92E-11,2.42E-10,4.48E-11,1.44E-10,6.16E-11,1.17E-10,1.66E-10,2.59E-10,2.87E-11,5.38E-11,1.25E-11,4.20E-11,1.72E-11,3.98E-11,2.32E-10,1.20E-10,5.35E-10,2.99E-10,9.11E-11,3.58E-10,4.55E-10,5.82E-11,3.14E-10,1.84E-10,9.59E-11,5.63E-11,1.85E-10,1.41E-10,2.55E-10,3.72E-11,7.12E-11,1.64E-10,6.38E-11,1.45E-10,9.06E-11,1.79E-10,1.38E-10,1.33E-10,2.64E-10,2.04E-10,1.38E-10,3.16E-10,3.48E-10,4.73E-11,2.23E-11,2.36E-11,3.50E-10,3.61E-10,3.09E-11,1.69E-10,7.61E-11,1.68E-10,2.15E-10,4.92E-11,1.32E-10,2.38E-10,1.71E-10,1.62E-10,3.11E-11,2.27E-11,2.74E-11,6.24E-11,1.14E-10,2.62E-10,2.95E-10,1.04E-10,3.52E-10,3.15E-10,1.42E-10,7.01E-11,6.82E-11,2.78E-10,1.30E-10,3.56E-10,1.25E-10,3.26E-10,2.33E-10,3.11E-10,2.43E-10,3.96E-10,5.15E-11,1.38E-10,2.69E-10,2.24E-10,5.79E-11,2.32E-11,1.99E-10,6.07E-10,5.49E-11,5.74E-10,3.68E-10,2.68E-10,6.58E-10,1.37E-10,4.08E-12,2.04E-10,1.29E-10,4.73E-10,5.85E-11,7.70E-10,1.50E-10,2.59E-11,2.79E-10,1.75E-10,5.10E-11,7.33E-11,2.94E-10,3.23E-10
54.5,55,A,10,2.31E-08,2.68E-08,3.99E-09,1.34E-09,4.32E-09,7.81E-09,2.01E-10,2.40E-09,3.34E-09,7.65E-10,2.44E-10,1.25E-09,5.62E-10,2.48E-10,5.43E-10,2.43E-10,6.88E-10,4.79E-10,1.50E-09,1.64E-09,9.48E-11,2.63E-10,3.49E-10,7.13E-11,6.49E-10,3.83E-10,2.05E-10,5.30E-11,4.50E-10,4.12E-10,2.31E-08,2.68E-08,3.99E-09,1.34E-09,4.32E-09,7.81E-09,2.01E-10,2.40E-09,3.34E-09,7.65E-10,2.44E-10,1.25E-09,5.62E-10,2.48E-10,5.43E-10,2.43E-10,6.88E-10,4.79E-10,1.50E-09,1.64E-09,9.48E-11,2.63E-10,3.49E-10,7.13E-11,6.49E-10,3.83E-10,2.05E-10,5.30E-11,4.50E-10,4.12E-10,4.19E-10,1.77E-10,3.80E-10,5.80E-11,3.59E-10,3.19E-10,1.42E-11,2.25E-11,3.38E-10,2.04E-10,3.45E-11,1.29E-09,2.36E-10,4.37E-10,8.70E-11,6.53E-11,2.71E-10,1.34E-10,5.13E-10,4.18E-10,7.42E-10,2.67E-11,5.57E-11,1.23E-10,2.28E-10,1.43E-11,6.88E-11,4.74E-11,3.66E-10,7.28E-10,2.21E-10,1.53E-10,4.65E-10,3.01E-10,1.12E-10,3.99E-10,3.25E-10,1.24E-10,8.64E-11,4.32E-10,2.27E-10,1.86E-10,1.13E-10,3.16E-11,2.73E-10,8.11E-11,4.65E-10,1.04E-10,1.68E-11,8.49E-11,1.05E-10,1.70E-10,6.64E-11,3.96E-10,4.40E-10,9.95E-11,4.95E-11,3.29E-10,6.20E-10,7.24E-10,4.47E-10,3.09E-10,1.53E-10,5.26E-11,5.99E-11,6.14E-11,5.02E-10,4.25E-10,4.08E-10,5.31E-10,2.13E-10,4.36E-11,1.89E-10,8.27E-11,4.48E-11,2.76E-10,4.31E-10,1.54E-10,3.71E-10,1.11E-10,9.17E-11,2.73E-11,4.24E-10,4.39E-11,1.49E-10,1.40E-10,7.88E-11,1.35E-10,1.57E-10,3.52E-10,3.64E-10,5.98E-11,2.12E-11,6.33E-10,2.38E-10,1.68E-11,1.08E-10,5.39E-10,3.44E-10,3.74E-10,1.63E-10,1.71E-10,1.64E-10,5.85E-11,3.38E-10,1.86E-10,3.85E-10,1.05E-10,1.24E-11,1.52E-10,4.65E-10,5.22E-11,1.30E-10,1.86E-11,1.82E-10,4.08E-11,1.79E-10,4.82E-10,8.78E-11,2.51E-10,2.48E-11,5.85E-11,1.51E-10,1.70E-10,2.51E-11,7.52E-11,2.74E-11,4.16E-10,6.06E-11,4.86E-12
54.75,55.25,A,10,2.54E-09,3.71E-08,1.53E-09,1.30E-08,1.24E-09,5.16E-09,6.18E-10,3.42E-10,1.30E-09,3.04E-10,2.82E-09,9.38E-10,1.21E-09,1.47E-09,8.27E-10,1.77E-10,1.99E-10,6.81E-10,5.46E-10,3.71E-10,4.79E-10,1.26E-10,1.42E-10,1.10E-09,8.36E-11,1.95E-10,9.67E-10,7.09E-10,2.37E-10,6.19E-10,2.54E-09,3.71E-08,1.53E-09,1.30E-08,1.24E-09,5.16E-09,6.18E-10,3.42E-10,1.30E-09,3.04E-10,2.82E-09,9.38E-10,1.21E-09,1.47E-09,8.27E-10,1.77E-10,1.99E-10,6.81E-10,5.46E-10,3.71E-10,4.79E-10,1.26E-10,1.42E-10,1.10E-09,8.36E-11,1.95E-10,9.67E-10,7.09E-10,2.37E-10,6.19E-10,7.69E-10,2.45E-10,4.03E-11,1.31E-10,1.50E-10,2.58E-10,3.27E-10,1.41E-10,3.01E-10,3.27E-10,3.13E-10,3.72E-10,8.09E-11,3.49E-11,1.99E-10,3.35E-11,2.41E-10,2.47E-10,1.97E-10,3.84E-10,7.33E-11,2.73E-10,1.27E-10,6.55E-11,1.62E-10,7.74E-11,7.66E-11,4.27E-10,2.70E-10,2.87E-10,9.12E-10,8.31E-11,2.40E-10,6.47E-10,5.38E-11,1.38E-10,1.16E-10,3.74E-10,5.50E-11,2.34E-10,2.47E-10,1.50E-10,2.49E-10,1.54E-10,4.15E-11,1.50E-10,9.00E-11,7.46E-11,2.59E-10,1.02E-10,3.09E-10,3.02E-10,3.22E-10,1.58E-10,3.72E-10,5.59E-11,2.35E-10,3.60E-10,1.12E-10,4.51E-10,7.59E-11,2.32E-10,4.08E-10,5.04E-11,2.20E-10,2.35E-10,1.70E-10,1.35E-10,1.46E-10,2.33E-10,1.40E-10,3.65E-11,2.39E-10,4.68E-11,4.76E-10,2.36E-10,1.24E-10,9.74E-11,2.93E-10,3.69E-10,3.57E-10,1.73E-10,3.98E-10,1.07E-10,6.26E-11,1.60E-10,2.64E-10,1.88E-10,1.21E-11,4.33E-10,2.26E-10,3.76E-11,1.22E-10,1.06E-10,2.17E-10,5.65E-10,1.29E-10,1.82E-11,1.15E-09,4.85E-10,1.02E-10,5.45E-10,2.02E-10,7.15E-11,3.44E-10,2.65E-10,1.76E-09,7.50E-11,2.54E-10,1.67E-10,4.27E-11,4.99E-10,4.47E-10,4.42E-10,2.22E-10,1.04E-10,2.01E-10,2.23E-10,2.61E-10,3.60E-10,2.09E-10,1.72E-10,1.09E-10,5.30E-11,1.06E-10,6.66E-10,1.38E-10,3.69E-10,2.91E-10,1.23E-10
55,55.5,A,10,2.46E-08,5.83E-08,3.97E-09,1.03E-08,2.62E-09,2.44E-09,1.03E-09,6.12E-10,5.44E-10,1.40E-10,5.52E-10,1.11E-09,7.26E-10,2.21E-09,2.83E-11,5.19E-10,3.81E-10,5.98E-10,6.57E-10,1.17E-09,4.44E-11,5.84E-10,8.37E-12,4.42E-10,5.33E-11,3.90E-10,2.12E-10,5.45E-11,3.20E-10,1.16E-10,2.46E-08,5.83E-08,3.97E-09,1.03E-08,2.62E-09,2.44E-09,1.03E-09,6.12E-10,5.44E-10,1.40E-10,5.52E-10,1.11E-09,7.26E-10,2.21E-09,2.83E-11,5.19E-10,3.81E-10,5.98E-10,6.57E-10,1.17E-09,4.44E-11,5.84E-10,8.37E-12,4.42E-10,5.33E-11,3.90E-10,2.12E-10,5.45E-11,3.20E-10,1.16E-10,1.53E-10,2.78E-10,1.57E-10,6.52E-11,8.11E-11,1.79E-10,3.45E-10,1.12E-10,5.32E-11,6.67E-11,1.44E-10,4.81E-11,2.86E-11,2.24E-11,1.23E-10,2.53E-10,3.29E-10,8.57E-11,1.59E-10,1.34E-10,3.91E-11,1.10E-10,2.16E-11,7.67E-11,1.28E-10,6.51E-10,6.98E-10,6.06E-11,1.30E-10,3.58E-11,4.42E-10,2.50E-10,1.27E-10,7.80E-11,1.33E-10,2.69E-11,1.28E-10,2.08E-10,3.03E-10,3.62E-10,2.07E-10,8.30E-11,2.21E-10,1.25E-10,5.76E-10,4.12E-10,5.70E-11,4.68E-10,1.06E-10,2.01E-10,3.88E-10,2.80E-10,2.88E-10,6.03E-11,4.26E-11,3.95E-10,3.93E-10,7.26E-11,1.48E-10,4.24E-10,3.16E-11,4.37E-11,8.51E-11,2.05E-10,2.24E-11,5.45E-11,3.32E-10,3.09E-10,7.51E-10,5.30E-10,5.14E-11,2.63E-10,5.71E-11,7.95E-11,1.92E-10,2.79E-10,1.21E-10,2.40E-10,3.43E-10,8.32E-11,4.80E-11,7.82E-11,7.27E-11,1.08E-11,1.88E-10,1.44E-10,9.96E-11,5.36E-10,3.10E-10,2.92E-10,1.31E-10,1.15E-10,3.06E-11,4.10E-10,1.15E-10,3.28E-10,2.76E-10,2.87E-11,2.28E-11,5.55E-11,3.28E-10,9.44E-11,4.02E-11,1.16E-10,9.86E-11,9.13E-11,1.85E-10,1.31E-10,7.90E-11,5.31E-10,5.50E-11,5.29E-10,5.60E-11,9.14E-11,3.83E-10,3.68E-11,2.66E-10,3.41E-10,3.36E-10,5.08E-10,2.21E-10,2.79E-11,9.48E-11,1.48E-10,1.44E-10,9.45E-11,2.44E-10,1.71E-10,2.70E-11,6.09E-11
55.25,55.75,A,10,1.96E-09,2.54E-08,2.23E-09,4.01E-09,5.23E-10,2.38E-10,4.12E-10,1.74E-09,4.05E-10,7.66E-11,3.60E-10,6.06E-10,1.14E-10,3.69E-10,9.09E-11,5.77E-10,1.23E-10,6.72E-10,8.07E-10,1.35E-10,1.99E-10,2.46E-10,5.33E-10,2.26E-10,2.17E-10,3.00E-10,4.09E-11,3.90E-10,1.51E-11,4.23E-10,1.96E-09,2.54E-08,2.23E-09,4.01E-09,5.23E-10,2.38E-10,4.12E-10,1.74E-09,4.05E-10,7.66E-11,3.60E-10,6.06E-10,1.14E-10,3.69E-10,9.09E-11,5.77E-10,1.23E-10,6.72E-10,8.07E-10,1.35E-10,1.99E-10,2.46E-10,5.33E-10,2.26E-10,2.17E-10,3.00E-10,4.09E-11,3.90E-10,1.51E-11,4.23E-10,2.97E-11,1.36E-10,7.65E-10,1.68E-10,1.11E-10,2.08E-10,7.47E-11,4.66E-11,5.38E-10,1.67E-10,1.19E-10,2.90E-10,4.05E-11,1.18E-10,4.80E-11,5.00E-11,2.86E-10,2.93E-10,1.44E-10,2.32E-11,2.81E-10,4.05E-10,4.37E-11,1.27E-10,2.55E-11,2.05E-10,1.52E-10,3.63E-11,1.19E-10,1.26E-10,1.63E-10,6.89E-11,6.73E-11,6.04E-11,4.96E-11,2.07E-11,2.68E-10,2.19E-10,2.36E-11,2.42E-10,6.74E-10,2.28E-10,3.22E-10,1.04E-10,5.95E-11,1.21E-10,8.56E-11,1.36E-10,6.32E-12,2.72E-10,1.65E-10,2.01E-10,1.68E-11,6.48E-11,8.53E-11,1.69E-10,1.54E-10,9.64E-11,6.90E-10,1.55E-10,8.92E-11,1.62E-10,2.55E-10,5.17E-11,2.38E-10,5.19E-11,5.04E-11,4.91E-11,2.99E-10,1.49E-10,5.28E-10,1.10E-10,6.92E-11,1.31E-10,2.75E-10,4.86E-10,2.35E-10,1.62E-10,4.96E-11,1.10E-10,4.59E-11,2.56E-10,3.17E-10,2.47E-11,1.17E-10,2.83E-10,1.18E-10,2.89E-10,7.73E-12,3.54E-10,9.31E-11,4.60E-11,1.72E-10,9.73E-11,1.53E-10,1.95E-10,4.74E-10,1.07E-10,1.07E-09,8.62E-11,1.70E-11,4.91E-10,2.08E-10,5.23E-11,7.44E-11,5.46E-11,5.76E-11,4.69E-11,3.46E-10,2.24E-10,1.47E-10,9.71E-11,2.00E-10,3.26E-10,1.20E-10,9.57E-11,1.61E-10,3.26E-10,4.36E-11,4.90E-11,6.84E-10,1.52E-11,2.59E-10,5.14E-10,1.20E-10,4.48E-11,1.28E-10,1.34E-10,2.02E-10,8.59E-12
55.5,56,A,10,5.78E-08,2.34E-08,4.44E-09,6.13E-10,6.36E-09,3.03E-11,9.50E-10,3.51E-09,3.07E-10,1.96E-11,1.00E-09,8.66E-10,2.63E-10,7.68E-11,2.46E-10,4.33E-10,1.45E-10,3.21E-09,4.95E-10,1.89E-10,3.51E-10,7.56E-10,4.88E-10,1.00E-10,7.76E-10,3.62E-10,2.02E-10,6.98E-10,7.79E-11,7.14E-10,5.78E-08,2.34E-08,4.44E-09,6.13E-10,6.36E-09,3.03E-11,9.50E-10,3.51E-09,3.07E-10,1.96E-11,1.00E-09,8.66E-10,2.63E-10,7.68E-11,2.46E-10,4.33E-10,1.45E-10,3.21E-09,4.95E-10,1.89E-10,3.51E-10,7.56E-10,4.88E-10,1.00E-10,7.76E-10,3.62E-10,2.02E-10,6.98E-10,7.79E-11,7.14E-10,3.25E-10,1.17E-10,3.54E-10,6.50E-11,2.84E-10,3.48E-11,4.07E-10,1.21E-10,3.74E-10,5.01E-11,1.20E-10,8.46E-11,1.01E-10,4.64E-10,4.03E-10,4.36E-10,8.22E-11,1.21E-10,1.34E-10,1.12E-10,2.24E-10,4.59E-11,2.05E-10,7.95E-10,6.65E-10,1.33E-10,2.14E-10,8.98E-11,3.69E-10,2.55E-10,2.20E-10,3.92E-10,2.41E-10,1.72E-10,1.27E-10,1.08E-10,1.29E-10,7.77E-11,2.55E-10,1.22E-10,1.24E-10,7.72E-11,1.83E-10,1.42E-10,3.38E-11,1.20E-10,5.86E-11,2.91E-10,2.59E-10,1.96E-10,1.20E-10,6.68E-11,5.83E-10,3.00E-10,7.69E-11,6.55E-11,2.43E-11,1.61E-10,4.23E-10,1.29E-10,2.40E-10,4.13E-10,5.43E-11,1.76E-10,7.46E-10,3.49E-10,3.54E-11,2.77E-11,1.82E-10,2.40E-10,1.01E-11,1.26E-10,3.36E-11,1.17E-11,3.60E-10,5.84E-11,6.43E-11,2.42E-10,4.32E-11,2.63E-10,2.11E-11,3.47E-10,3.15E-10,1.06E-10,1.58E-10,4.35E-10,1.25E-10,7.31E-10,4.88E-12,1.14E-10,5.60E-11,4.21E-11,1.47E-10,5.77E-11,4.03E-11,4.76E-11,5.00E-10,2.93E-10,7.72E-10,2.12E-10,5.84E-11,3.14E-10,1.98E-10,4.43E-11,2.03E-11,6.07E-11,1.42E-10,9.05E-11,1.09E-10,6.80E-11,2.13E-10,9.13E-11,6.77E-11,3.23E-10,2.43E-11,8.32E-11,9.63E-11,1.22E-10,6.87E-11,1.06E-11,5.31E-11,3.89E-10,9.20E-11,2.00E-10,1.53E-10,9.75E-12,2.11E-10,2.39E-10,6.30E-11,1.68E-10
55.75,56.25,A,10,1.76E-08,1.75E-08,5.46E-09,1.50E-09,2.48E-09,8.40E-10,1.88E-09,5.79E-10,1.20E-09,2.01E-09,6.05E-10,1.69E-09,4.71E-10,4.74E-10,1.44E-09,5.78E-10,1.12E-10,3.62E-10,3.72E-09,6.73E-10,1.76E-11,9.55E-10,4.07E-10,2.86E-10,8.17E-10,1.25E-11,7.45E-10,3.88E-10,2.08E-10,5.78E-10,1.76E-08,1.75E-08,5.46E-09,1.50E-09,2.48E-09,8.40E-10,1.88E-09,5.79E-10,1.20E-09,2.01E-09,6.05E-10,1.69E-09,4.71E-10,4.74E-10,1.44E-09,5.78E-10,1.12E-10,3.62E-10,3.72E-09,6.73E-10,1.76E-11,9.55E-10,4.07E-10,2.86E-10,8.17E-10,1.25E-11,7.45E-10,3.88E-10,2.08E-10,5.78E-10,1.61E-10,1.65E-09,5.87E-10,4.56E-10,4.08E-11,1.54E-10,8.86E-11,7.82E-11,4.04E-10,1.38E-10,1.58E-10,2.24E-10,2.91E-10,3.02E-10,3.61E-11,2.04E-10,1.13E-10,2.19E-10,2.38E-10,1.49E-10,3.07E-10,4.26E-10,6.06E-10,1.85E-10,1.68E-10,1.09E-10,4.38E-11,2.65E-10,3.06E-10,2.36E-10,9.68E-11,3.22E-10,1.34E-11,1.97E-10,6.40E-10,3.66E-10,6.79E-10,2.39E-10,4.00E-10,1.90E-10,3.22E-10,2.86E-10,2.20E-10,5.58E-10,1.78E-10,7.03E-11,7.58E-11,1.73E-10,3.56E-10,2.20E-10,3.27E-10,7.71E-11,1.74E-10,5.66E-10,3.80E-10,2.64E-10,5.60E-10,1.97E-10,1.07E-09,1.67E-10,4.55E-10,1.11E-09,2.35E-10,6.82E-11,6.39E-10,7.40E-10,3.49E-11,3.98E-11,2.63E-10,4.44E-10,4.85E-10,9.93E-10,3.04E-10,7.57E-10,1.05E-09,9.17E-11,2.87E-10,1.72E-10,1.42E-10,2.79E-12,1.28E-10,1.59E-10,2.36E-10,1.70E-10,2.29E-10,3.70E-10,8.06E-11,7.24E-10,4.02E-11,9.55E-10,1.88E-10,2.95E-10,4.54E-10,3.91E-10,2.73E-10,2.65E-10,3.19E-10,9.81E-11,4.95E-10,9.02E-11,1.13E-10,1.88E-10,6.33E-10,2.15E-10,6.06E-11,3.07E-10,8.35E-11,3.43E-10,3.39E-10,1.96E-10,7.89E-10,1.19E-11,3.88E-10,1.68E-10,5.22E-10,1.30E-09,7.65E-11,1.43E-10,4.21E-10,1.77E-10,8.44E-10,4.43E-10,2.07E-10,3.52E-10,4.26E-10,1.27E-09,1.80E-10,1.78E-10,1.17E-09,5.07E-10
56,56.5,A,10,1.15E-08,1.73E-08,3.17E-09,3.58E-09,3.65E-09,1.75E-09,1.55E-09,1.52E-09,5.10E-10,3.90E-10,1.18E-10,3.13E-10,8.89E-11,4.54E-10,8.01E-10,8.68E-10,1.45E-10,1.10E-09,4.25E-10,6.81E-10,1.72E-10,3.39E-10,5.54E-10,4.26E-11,8.07E-11,4.78E-10,3.56E-10,1.19E-10,7.39E-10,2.08E-10,1.15E-08,1.73E-08,3.17E-09,3.58E-09,3.65E-09,1.75E-09,1.55E-09,1.52E-09,5.10E-10,3.90E-10,1.18E-10,3.13E-10,8.89E-11,4.54E-10,8.01E-10,8.68E-10,1.45E-10,1.10E-09,4.25E-10,6.81E-10,1.72E-10,3.39E-10,5.54E-10,4.26E-11,8.07E-11,4.78E-10,3.56E-10,1.19E-10,7.39E-10,2.08E-10,1.87E-10,5.86E-11,1.83E-10,2.16E-10,1.09E-10,5.89E-11,2.24E-10,1.80E-10,3.42E-10,1.04E-10,1.62E-10,2.98E-10,5.29E-10,2.75E-10,2.85E-10,1.45E-10,1.53E-10,2.04E-10,1.13E-09,3.12E-10,1.80E-10,6.07E-10,3.64E-10,6.32E-10,9.25E-10,2.28E-10,4.44E-10,1.91E-10,7.79E-10,1.11E-10,5.85E-10,5.81E-10,2.11E-10,3.41E-10,3.99E-10,2.23E-10,3.82E-10,2.89E-10,1.35E-10,1.34E-10,2.45E-10,6.84E-11,1.32E-10,1.53E-11,4.45E-11,3.20E-10,2.07E-10,3.67E-11,4.96E-10,2.35E-10,9.76E-11,2.29E-10,5.00E-10,2.38E-10,3.05E-10,3.83E-10,6.44E-10,2.42E-10,4.61E-10,6.69E-10,5.22E-11,7.78E-10,2.84E-10,1.56E-10,1.96E-10,1.14E-10,4.63E-10,5.09E-10,8.14E-10,2.96E-10,4.08E-10,1.34E-10,3.57E-10,6.07E-10,4.27E-10,5.30E-10,1.71E-10,3.50E-10,1.10E-09,2.92E-10,3.12E-10,7.89E-11,3.10E-10,8.90E-11,2.86E-10,8.05E-10,1.25E-11,4.66E-11,1.40E-10,5.04E-10,1.15E-10,4.60E-10,2.02E-10,1.37E-10,6.11E-10,5.09E-10,1.25E-10,3.18E-10,9.07E-10,3.53E-10,3.52E-11,4.91E-10,5.94E-10,3.53E-10,3.64E-11,1.39E-10,5.33E-10,6.67E-10,1.83E-10,7.49E-11,3.44E-10,5.44E-10,6.18E-10,1.53E-10,9.84E-11,2.47E-10,6.28E-10,1.77E-10,5.20E-10,1.08E-10,6.35E-10,4.99E-10,2.04E-10,4.28E-10,6.47E-11,6.71E-10,4.40E-10,1.89E-10,2.94E-10,9.71E-10
56.25,56.75,A,10,4.11E-08,7.18E-08,8.21E-09,5.96E-09,1.02E-08,4.00E-10,4.90E-09,1.25E-09,6.45E-10,1.06E-09,1.93E-09,5.35E-10,3.13E-10,1.10E-09,1.52E-09,2.27E-10,3.57E-10,9.71E-11,4.45E-10,3.76E-10,1.64E-10,2.23E-11,2.39E-10,9.21E-11,5.84E-10,1.18E-10,1.45E-09,5.89E-10,8.97E-10,4.59E-10,4.11E-08,7.18E-08,8.21E-09,5.96E-09,1.02E-08,4.00E-10,4.90E-09,1.25E-09,6.45E-10,1.06E-09,1.93E-09,5.35E-10,3.13E-10,1.10E-09,1.52E-09,2.27E-10,3.57E-10,9.71E-11,4.45E-10,3.76E-10,1.64E-10,2.23E-11,2.39E-10,9.21E-11,5.84E-10,1.18E-10,1.45E-09,5.89E-10,8.97E-10,4.59E-10,1.17E-10,3.98E-10,4.74E-10,4.41E-10,2.86E-11,2.39E-10,3.44E-10,1.16E-10,2.75E-10,9.19E-11,5.68E-10,2.09E-10,3.55E-11,4.60E-10,2.18E-10,6.42E-11,3.42E-11,2.56E-10,7.69E-10,2.33E-10,2.12E-10,4.48E-11,3.02E-10,9.16E-11,3.86E-10,1.67E-10,5.50E-10,3.17E-10,2.69E-10,1.15E-10,8.84E-11,1.18E-10,1.20E-10,4.97E-10,9.45E-10,1.90E-11,4.22E-10,1.60E-10,1.73E-10,5.04E-10,4.92E-11,4.30E-10,1.68E-10,7.90E-11,1.29E-10,3.30E-11,2.43E-10,2.66E-10,8.88E-11,4.01E-11,4.50E-10,1.91E-10,1.23E-11,2.30E-11,2.22E-10,3.84E-10,9.14E-11,8.97E-11,3.49E-11,1.37E-11,4.19E-10,1.24E-10,1.04E-10,2.04E-10,8.24E-11,1.49E-09,2.12E-10,8.65E-11,6.50E-11,5.33E-10,5.38E-11,1.51E-10,5.65E-11,4.96E-11,9.29E-11,6.18E-11,4.21E-10,1.64E-10,1.98E-10,8.15E-11,1.28E-10,1.84E-10,3.70E-10,2.25E-10,7.20E-11,3.00E-10,1.47E-10,1.66E-10,2.69E-10,2.35E-10,7.44E-11,4.86E-10,2.54E-10,7.52E-12,4.34E-10,7.85E-11,4.68E-11,6.33E-11,1.19E-10,8.21E-11,1.88E-10,6.76E-11,6.27E-10,8.47E-11,7.90E-11,5.68E-10,6.84E-11,1.76E-10,2.07E-10,1.48E-10,1.67E-10,3.95E-11,1.01E-10,8.03E-11,4.87E-10,5.76E-11,7.39E-11,1.15E-10,5.16E-11,6.65E-10,6.32E-10,1.69E-10,1.28E-11,7.85E-11,6.28E-11,3.42E-10,2.45E-10,2.44E-10,5.57E-11,7.49E-11
56.5,57,A,10,2.27E-08,3.05E-08,4.77E-09,2.01E-09,1.46E-09,4.09E-10,1.19E-09,2.86E-10,1.03E-09,1.29E-09,7.39E-10,6.32E-10,7.60E-10,6.77E-10,5.45E-10,1.87E-10,2.13E-10,7.32E-10,5.85E-11,1.97E-10,1.66E-10,1.25E-10,5.67E-10,1.41E-09,3.73E-10,5.15E-11,2.47E-10,2.88E-10,5.93E-10,2.07E-10,2.27E-08,3.05E-08,4.77E-09,2.01E-09,1.46E-09,4.09E-10,1.19E-09,2.86E-10,1.03E-09,1.29E-09,7.39E-10,6.32E-10,7.60E-10,6.77E-10,5.45E-10,1.87E-10,2.13E-10,7.32E-10,5.85E-11,1.97E-10,1.66E-10,1.25E-10,5.67E-10,1.41E-09,3.73E-10,5.15E-11,2.47E-10,2.88E-10,5.93E-10,2.07E-10,9.99E-11,3.07E-11,1.55E-10,4.23E-11,1.33E-10,6.40E-11,9.32E-11,9.91E-11,2.52E-10,2.21E-10,5.90E-11,2.25E-10,1.24E-10,3.50E-10,1.41E-10,4.76E-11,1.39E-10,3.93E-11,9.55E-11,3.18E-10,2.36E-10,1.35E-10,6.73E-10,3.58E-10,8.42E-10,1.40E-10,1.38E-10,2.46E-10,8.36E-11,1.20E-10,4.01E-10,6.01E-10,2.58E-10,2.68E-12,2.44E-10,5.01E-11,3.14E-10,6.26E-11,2.09E-10,9.44E-11,1.22E-10,3.95E-11,6.26E-10,6.08E-10,2.37E-10,7.02E-10,2.79E-10,3.47E-10,6.64E-11,1.14E-10,1.17E-10,4.74E-10,3.97E-10,6.87E-10,1.04E-10,5.36E-11,2.88E-10,1.56E-10,1.51E-10,4.04E-11,9.65E-11,1.05E-11,3.99E-10,5.57E-10,1.07E-10,1.84E-10,5.70E-10,2.27E-10,8.71E-11,6.43E-10,4.08E-11,4.15E-10,4.48E-11,3.03E-10,1.60E-10,3.23E-10,3.35E-10,4.51E-10,8.53E-10,2.35E-11,7.91E-11,1.66E-10,8.38E-11,1.34E-10,3.60E-10,4.77E-10,8.12E-10,2.51E-10,8.36E-11,9.19E-11,1.31E-10,1.05E-10,1.71E-10,4.73E-11,8.78E-11,7.24E-11,2.13E-10,2.36E-10,3.44E-10,4.59E-11,2.54E-10,9.71E-11,3.07E-10,8.28E-11,3.21E-10,5.48E-11,1.66E-10,4.29E-10,1.81E-10,2.29E-10,1.73E-10,1.89E-10,8.63E-11,2.00E-10,2.60E-10,3.27E-10,2.49E-10,3.53E-10,5.73E-10,1.49E-10,1.40E-11,2.67E-10,2.35E-10,6.38E-11,6.68E-11,2.75E-12,3.52E-10,1.22E-10,1.56E-10,1.53E-11
56.75,57.25,A,10,1.68E-08,2.27E-08,7.45E-09,3.21E-09,1.25E-09,1.03E-09,9.40E-10,7.09E-10,5.59E-10,2.00E-09,6.31E-10,4.59E-10,5.82E-10,4.54E-10,6.44E-10,1.43E-09,1.90E-10,9.62E-10,8.17E-11,5.14E-10,4.92E-10,2.25E-10,2.97E-10,4.68E-11,2.37E-10,5.64E-10,4.37E-10,1.70E-10,1.02E-10,8.81E-11,1.68E-08,2.27E-08,7.45E-09,3.21E-09,1.25E-09,1.03E-09,9.40E-10,7.09E-10,5.59E-10,2.00E-09,6.31E-10,4.59E-10,5.82E-10,4.54E-10,6.44E-10,1.43E-09,1.90E-10,9.62E-10,8.17E-11,5.14E-10,4.92E-10,2.25E-10,2.97E-10,4.68E-11,2.37E-10,5.64E-10,4.37E-10,1.70E-10,1.02E-10,8.81E-11,5.76E-10,2.89E-10,1.12E-09,1.80E-10,1.98E-10,7.12E-11,6.22E-11,1.27E-10,2.76E-10,1.73E-10,2.12E-10,2.20E-10,1.23E-10,3.84E-10,1.38E-10,4.25E-10,5.15E-11,1.46E-10,1.74E-10,1.14E-10,1.25E-10,4.04E-10,6.86E-11,5.10E-11,4.78E-11,1.03E-09,2.82E-10,3.13E-10,1.00E-10,9.03E-12,2.31E-10,3.54E-10,8.41E-11,3.75E-11,6.69E-10,2.91E-11,3.52E-10,6.23E-11,2.36E-10,1.10E-10,8.55E-11,4.40E-11,1.78E-11,2.12E-10,2.94E-10,4.07E-11,7.62E-11,1.23E-10,2.18E-10,7.68E-10,1.07E-10,2.67E-10,1.15E-10,3.69E-10,7.34E-10,1.17E-10,9.33E-11,8.05E-11,1.88E-11,1.36E-12,2.57E-10,3.24E-10,2.44E-10,1.59E-10,3.02E-10,3.32E-10,2.26E-11,1.81E-10,7.79E-11,2.87E-10,4.35E-11,2.24E-10,1.21E-10,1.88E-10,8.39E-11,4.25E-10,1.68E-10,8.83E-11,1.09E-09,1.30E-10,1.95E-10,9.34E-11,3.18E-10,3.22E-10,1.19E-10,8.20E-10,2.08E-10,4.22E-10,1.38E-10,7.38E-11,3.35E-10,1.73E-10,5.82E-10,2.08E-10,2.78E-11,7.21E-10,6.24E-10,4.93E-10,8.56E-10,1.11E-10,4.07E-10,2.54E-10,2.56E-10,2.16E-10,6.71E-10,5.70E-10,4.30E-10,8.14E-11,7.84E-10,3.76E-10,1.78E-10,4.41E-11,2.08E-10,3.81E-10,2.17E-10,1.96E-10,1.21E-10,1.43E-10,2.99E-10,1.18E-10,1.38E-10,6.77E-11,3.80E-10,4.03E-10,1.75E-10,1.75E-10,6.43E-10,3.79E-10,3.14E-10,4.86E-10
57,57.5,A,10,1.92E-08,3.09E-08,2.94E-09,3.20E-09,7.81E-10,1.86E-09,1.37E-10,2.25E-09,7.51E-10,4.25E-11,5.39E-09,1.17E-10,5.17E-10,1.04E-10,4.93E-10,1.20E-09,3.63E-11,4.45E-10,4.04E-10,1.82E-10,9.25E-10,3.89E-10,2.42E-11,8.81E-10,3.74E-11,6.12E-10,4.19E-10,1.03E-10,4.36E-10,2.50E-10,1.92E-08,3.09E-08,2.94E-09,3.20E-09,7.81E-10,1.86E-09,1.37E-10,2.25E-09,7.51E-10,4.25E-11,5.39E-09,1.17E-10,5.17E-10,1.04E-10,4.93E-10,1.20E-09,3.63E-11,4.45E-10,4.04E-10,1.82E-10,9.25E-10,3.89E-10,2.42E-11,8.81E-10,3.74E-11,6.12E-10,4.19E-10,1.03E-10,4.36E-10,2.50E-10,1.66E-10,5.39E-10,9.47E-11,2.53E-10,2.15E-10,2.47E-10,3.22E-10,9.06E-11,1.05E-10,1.13E-09,6.00E-10,2.36E-11,3.51E-11,1.40E-11,1.60E-10,1.40E-10,5.98E-11,4.94E-10,2.20E-10,5.76E-10,9.13E-10,7.28E-10,3.63E-10,2.57E-10,1.52E-10,7.98E-10,2.76E-10,2.39E-10,2.88E-10,2.72E-10,1.19E-10,1.80E-10,1.02E-10,3.35E-11,1.69E-10,2.45E-11,1.40E-10,1.03E-11,4.27E-11,2.80E-10,6.85E-10,6.02E-10,1.09E-10,1.34E-10,7.37E-11,1.11E-10,2.40E-11,1.64E-10,1.35E-10,5.29E-10,1.55E-10,2.42E-10,9.70E-11,6.31E-11,1.86E-10,1.53E-10,1.31E-10,1.25E-10,6.45E-10,4.60E-10,2.04E-10,6.91E-10,8.67E-11,1.55E-10,1.80E-10,2.36E-10,4.12E-10,7.13E-11,4.17E-10,3.08E-10,2.23E-09,1.48E-10,2.66E-10,8.39E-11,8.06E-11,1.51E-10,2.84E-10,4.79E-11,1.46E-10,5.21E-11,3.75E-10,1.34E-10,8.52E-10,5.98E-10,8.53E-11,7.12E-11,4.56E-10,3.05E-10,6.78E-11,3.81E-11,5.89E-10,1.41E-11,2.51E-10,8.92E-11,5.01E-10,2.31E-10,3.74E-10,2.09E-10,2.20E-10,2.79E-10,5.50E-10,5.29E-11,4.07E-11,2.18E-10,4.52E-10,1.80E-10,1.62E-10,5.58E-10,1.27E-10,9.52E-10,1.46E-10,1.61E-10,1.17E-10,1.92E-10,1.37E-10,6.58E-10,2.96E-10,3.22E-10,8.77E-10,1.43E-11,6.28E-11,2.97E-10,4.56E-10,5.38E-10,7.14E-11,5.65E-10,6.26E-10,2.53E-10,1.69E-10,1.09E-10
57.25,57.75,A,10,5.39E-08,1.76E-07,3.61E-08,7.95E-10,3.08E-09,3.67E-09,7.27E-09,2.78E-09,2.03E-09,2.13E-10,1.15E-09,9.31E-10,2.88E-09,2.03E-09,7.91E-10,8.09E-10,1.03E-09,1.44E-10,5.79E-10,1.30E-09,4.57E-10,1.33E-10,3.49E-10,3.77E-10,2.21E-10,5.32E-10,6.61E-10,5.76E-11,5.82E-10,5.48E-11,5.39E-08,1.76E-07,3.61E-08,7.95E-10,3.08E-09,3.67E-09,7.27E-09,2.78E-09,2.03E-09,2.13E-10,1.15E-09,9.31E-10,2.88E-09,2.03E-09,7.91E-10,8.09E-10,1.03E-09,1.44E-10,5.79E-10,1.30E-09,4.57E-10,1.33E-10,3.49E-10,3.77E-10,2.21E-10,5.32E-10,6.61E-10,5.76E-11,5.82E-10,5.48E-11,4.12E-10,7.98E-11,1.05E-11,2.32E-10,2.68E-10,5.16E-11,1.26E-10,2.21E-11,1.14E-09,1.01E-10,2.05E-10,1.11E-10,1.45E-11,8.45E-10,1.19E-10,8.97E-10,7.14E-11,1.01E-09,1.10E-10,1.37E-10,1.48E-10,2.64E-10,6.34E-10,4.95E-10,1.30E-09,1.23E-10,3.62E-10,3.96E-10,3.76E-10,1.09E-11,1.04E-10,7.87E-10,1.02E-09,4.71E-11,5.46E-11,2.10E-10,2.51E-10,8.68E-11,9.68E-11,3.59E-10,3.23E-10,9.97E-10,8.86E-10,3.25E-10,4.06E-11,4.48E-10,1.63E-10,3.59E-10,1.63E-10,7.75E-11,3.68E-10,6.28E-11,6.18E-10,3.55E-10,1.82E-10,2.54E-10,5.06E-10,1.09E-09,1.01E-10,2.99E-11,1.82E-10,1.48E-10,3.15E-10,8.53E-11,1.24E-10,2.34E-10,4.67E-11,3.36E-10,1.20E-10,3.32E-10,1.20E-10,4.74E-10,1.25E-10,1.30E-10,1.78E-10,3.16E-10,3.01E-10,4.55E-10,7.34E-10,8.58E-10,4.79E-11,1.25E-09,3.44E-10,5.42E-10,3.26E-10,5.04E-11,1.65E-10,5.18E-11,3.73E-10,1.13E-10,2.89E-10,1.64E-10,3.62E-10,1.56E-10,1.59E-11,3.49E-10,4.34E-11,8.49E-10,7.05E-11,2.59E-10,5.81E-10,4.31E-11,1.37E-10,4.37E-11,1.78E-10,5.60E-10,2.65E-10,4.15E-10,1.07E-10,1.16E-10,2.31E-11,7.45E-10,1.20E-10,1.03E-10,4.05E-10,4.95E-10,6.61E-11,4.71E-11,6.03E-11,8.39E-11,1.48E-10,3.23E-10,5.92E-10,2.89E-11,1.92E-10,3.98E-10,9.68E-11,7.83E-11,7.16E-10,1.73E-10
57.5,58,A,10,2.36E-08,1.64E-08,2.84E-09,2.09E-09,2.53E-09,5.89E-10,2.73E-09,3.70E-10,4.81E-09,4.81E-09,1.15E-09,3.82E-10,1.08E-09,1.56E-09,8.47E-10,7.81E-10,1.04E-09,2.53E-10,3.56E-11,1.94E-10,1.40E-09,5.93E-10,2.48E-10,3.54E-10,6.11E-10,4.21E-10,2.76E-10,3.98E-10,3.99E-10,8.16E-10,2.36E-08,1.64E-08,2.84E-09,2.09E-09,2.53E-09,5.89E-10,2.73E-09,3.70E-10,4.81E-09,4.81E-09,1.15E-09,3.82E-10,1.08E-09,1.56E-09,8.47E-10,7.81E-10,1.04E-09,2.53E-10,3.56E-11,1.94E-10,1.40E-09,5.93E-10,2.48E-10,3.54E-10,6.11E-10,4.21E-10,2.76E-10,3.98E-10,3.99E-10,8.16E-10,1.12E-10,3.28E-10,1.86E-09,8.86E-11,1.89E-10,4.12E-11,1.89E-10,6.72E-10,2.28E-10,2.55E-11,2.33E-10,3.14E-10,2.41E-10,5.57E-10,1.23E-10,1.02E-10,2.89E-10,1.02E-09,1.18E-10,2.62E-10,8.62E-10,2.34E-10,4.31E-11,6.14E-11,1.02E-09,3.07E-10,4.36E-11,2.38E-10,2.72E-10,4.89E-11,4.17E-10,1.89E-10,2.23E-10,2.98E-10,9.56E-11,1.90E-10,1.16E-10,1.51E-10,7.77E-10,1.20E-10,1.26E-10,1.54E-10,1.68E-10,3.19E-10,2.30E-10,1.11E-10,8.28E-11,3.13E-10,3.12E-10,4.99E-10,2.90E-10,8.23E-11,3.60E-10,3.30E-10,6.55E-11,1.07E-10,4.18E-10,2.22E-10,7.98E-11,3.48E-10,8.08E-11,1.67E-10,2.78E-10,9.54E-11,3.70E-10,2.55E-11,2.84E-10,6.44E-11,8.23E-10,4.20E-10,1.33E-10,2.97E-11,8.87E-10,7.33E-11,8.73E-10,7.75E-11,8.91E-11,1.38E-10,3.73E-10,2.68E-10,1.92E-10,3.74E-10,1.61E-10,5.56E-11,7.49E-11,1.39E-09,2.19E-10,2.02E-10,1.23E-10,2.15E-10,1.71E-10,2.51E-10,4.88E-10,1.75E-10,3.69E-10,2.54E-10,1.39E-09,4.73E-11,6.72E-12,2.52E-10,2.83E-10,3.36E-10,1.39E-10,3.32E-11,8.60E-10,6.65E-11,5.22E-10,3.54E-10,7.46E-11,2.48E-10,8.45E-10,3.89E-10,2.93E-10,3.89E-10,8.80E-11,1.01E-10,6.06E-10,5.04E-10,1.94E-10,1.00E-10,2.21E-10,2.59E-11,1.05E-10,1.07E-10,1.39E-10,5.14E-10,7.34E-10,1.40E-10,3.20E-11,4.43E-11
57.75,58.25,A,10,1.56E-08,9.62E-08,2.13E-08,3.23E-09,1.00E-10,1.27E-09,2.93E-10,4.90E-09,2.40E-09,1.27E-09,4.08E-09,5.67E-10,1.72E-09,2.45E-10,4.91E-10,4.93E-10,7.44E-11,1.19E-09,5.22E-10,4.59E-10,3.45E-10,5.92E-10,4.85E-10,1.13E-09,1.23E-09,2.16E-10,6.79E-10,4.08E-11,1.24E-09,6.53E-10,1.56E-08,9.62E-08,2.13E-08,3.23E-09,1.00E-10,1.27E-09,2.93E-10,4.90E-09,2.40E-09,1.27E-09,4.08E-09,5.67E-10,1.72E-09,2.45E-10,4.91E-10,4.93E-10,7.44E-11,1.19E-09,5.22E-10,4.59E-10,3.45E-10,5.92E-10,4.85E-10,1.13E-09,1.23E-09,2.16E-10,6.79E-10,4.08E-11,1.24E-09,6.53E-10,1.80E-09,3.27E-10,2.95E-10,5.49E-10,2.60E-10,2.15E-10,1.24E-10,8.82E-11,4.24E-11,1.96E-10,2.19E-10,4.80E-10,2.18E-10,5.29E-10,3.09E-10,6.50E-10,5.72E-10,3.71E-10,2.00E-11,1.82E-10,1.16E-10,7.36E-11,1.98E-10,2.58E-10,1.04E-10,8.98E-10,7.51E-11,2.18E-10,2.41E-10,1.55E-11,1.48E-10,8.55E-10,6.70E-10,4.36E-10,1.69E-10,1.29E-10,1.70E-11,2.89E-10,1.20E-09,5.25E-10,3.85E-10,2.93E-10,9.48E-11,1.14E-10,3.71E-11,5.46E-10,3.89E-10,1.93E-10,8.76E-10,2.19E-10,6.83E-11,5.41E-11,7.75E-11,1.30E-10,1.77E-10,1.19E-11,2.57E-10,9.58E-11,1.03E-10,1.99E-10,5.51E-11,1.92E-10,3.76E-10,2.71E-10,4.72E-11,1.44E-10,1.44E-10,8.04E-11,1.00E-10,2.26E-10,3.07E-11,8.13E-11,2.28E-10,2.03E-10,4.31E-11,3.56E-11,2.61E-10,3.48E-10,6.31E-10,3.65E-11,5.39E-11,1.36E-10,1.64E-10,1.44E-10,1.43E-10,1.96E-10,2.15E-10,5.11E-10,6.97E-12,2.32E-10,1.45E-10,3.77E-10,2.02E-10,4.11E-11,3.93E-10,1.33E-10,2.03E-10,1.62E-10,3.06E-11,1.76E-10,7.75E-11,1.34E-10,7.57E-11,2.13E-10,1.60E-10,6.97E-11,1.34E-10,4.24E-10,9.56E-11,6.56E-11,2.50E-10,1.07E-10,1.30E-10,1.39E-10,1.46E-10,3.88E-10,2.18E-10,1.45E-10,7.75E-11,3.80E-10,4.28E-10,3.38E-10,3.31E-10,3.66E-10,3.47E-10,2.20E-11,1.53E-10,1.46E-10,3.06E-10,1.42E-10
58,58.5,A,10,1.74E-08,8.89E-08,3.17E-09,1.12E-08,1.62E-09,1.93E-09,1.33E-09,5.50E-10,1.07E-09,2.17E-10,2.81E-09,2.43E-09,3.83E-09,1.21E-09,2.26E-09,4.61E-10,1.21E-10,1.05E-09,1.57E-09,7.01E-10,6.43E-10,8.80E-10,3.02E-10,6.18E-10,4.14E-10,1.08E-09,1.83E-09,2.65E-10,2.10E-10,3.89E-10,1.74E-08,8.89E-08,3.17E-09,1.12E-08,1.62E-09,1.93E-09,1.33E-09,5.50E-10,1.07E-09,2.17E-10,2.81E-09,2.43E-09,3.83E-09,1.21E-09,2.26E-09,4.61E-10,1.21E-10,1.05E-09,1.57E-09,7.01E-10,6.43E-10,8.80E-10,3.02E-10,6.18E-10,4.14E-10,1.08E-09,1.83E-09,2.65E-10,2.10E-10,3.89E-10,4.60E-10,5.82E-10,3.87E-10,1.74E-10,1.94E-10,9.31E-11,9.71E-11,8.98E-11,2.91E-10,1.26E-10,1.33E-09,2.49E-10,1.44E-10,9.85E-10,1.85E-10,7.13E-11,4.85E-11,3.65E-10,1.07E-10,6.20E-11,2.30E-11,1.07E-09,8.48E-10,9.34E-11,2.57E-10,5.47E-10,7.72E-10,5.69E-10,1.24E-10,4.05E-10,2.97E-11,2.80E-10,3.49E-10,6.33E-11,2.62E-11,3.70E-10,2.51E-10,9.89E-11,2.92E-10,1.52E-10,7.92E-11,7.31E-10,2.78E-10,1.60E-10,1.41E-10,3.58E-10,5.27E-10,1.85E-10,1.31E-10,4.78E-10,5.49E-10,4.67E-11,3.94E-10,2.45E-10,4.61E-10,5.71E-10,3.14E-10,3.49E-10,4.70E-10,3.19E-11,4.07E-10,8.33E-11,2.80E-10,3.14E-10,1.21E-10,7.53E-11,6.86E-10,1.11E-10,3.19E-10,1.20E-10,1.52E-11,5.74E-11,5.38E-10,2.04E-10,9.16E-10,1.02E-10,1.71E-10,3.93E-10,1.40E-10,1.27E-10,1.16E-09,1.30E-10,8.87E-10,5.77E-11,3.37E-10,1.07E-10,1.02E-09,3.41E-10,2.06E-10,5.09E-10,1.97E-09,7.79E-10,4.74E-10,9.73E-11,1.50E-10,7.20E-11,3.05E-11,5.75E-10,3.11E-10,4.05E-10,2.65E-10,6.25E-10,3.35E-10,4.37E-10,1.16E-10,4.31E-10,1.40E-10,1.74E-10,7.37E-10,2.75E-10,4.12E-10,4.66E-11,1.00E-09,2.53E-10,6.56E-10,3.95E-10,7.95E-10,2.07E-12,6.99E-11,3.55E-10,9.77E-10,7.90E-11,1.91E-10,8.91E-11,1.39E-10,2.10E-10,3.92E-10,2.18E-10,3.43E-10,5.14E-10
58.25,58.75,A,10,1.51E-08,6.27E-08,8.67E-09,2.54E-09,2.67E-09,5.31E-10,2.58E-09,6.28E-09,7.52E-10,3.12E-10,3.50E-10,6.85E-10,1.21E-09,5.29E-10,1.05E-09,1.21E-09,1.34E-10,3.20E-10,4.01E-10,3.26E-10,2.08E-11,2.44E-10,4.68E-10,2.37E-10,2.15E-10,6.62E-10,1.84E-10,2.71E-10,4.31E-10,3.58E-10,1.51E-08,6.27E-08,8.67E-09,2.54E-09,2.67E-09,5.31E-10,2.58E-09,6.28E-09,7.52E-10,3.12E-10,3.50E-10,6.85E-10,1.21E-09,5.29E-10,1.05E-09,1.21E-09,1.34E-10,3.20E-10,4.01E-10,3.26E-10,2.08E-11,2.44E-10,4.68E-10,2.37E-10,2.15E-10,6.62E-10,1.84E-10,2.71E-10,4.31E-10,3.58E-10,7.68E-10,1.25E-10,2.97E-10,1.70E-10,4.39E-10,2.00E-10,3.50E-11,1.75E-10,6.80E-10,2.77E-10,4.25E-10,2.68E-10,9.46E-10,4.33E-10,1.88E-10,4.54E-10,7.13E-11,6.60E-10,2.86E-10,1.83E-10,5.24E-10,7.18E-11,5.79E-10,3.67E-10,3.17E-10,6.37E-11,3.38E-10,1.89E-10,3.91E-10,1.57E-10,7.92E-10,2.55E-10,4.19E-10,2.62E-10,5.75E-10,4.78E-10,1.66E-10,5.98E-11,9.14E-10,4.01E-11,2.30E-10,7.09E-10,4.13E-11,2.74E-11,3.68E-10,5.07E-11,1.22E-10,2.14E-11,2.17E-10,1.51E-10,2.46E-10,1.17E-10,5.27E-10,1.98E-10,1.15E-10,1.15E-09,2.80E-10,4.65E-11,4.94E-11,1.84E-10,1.11E-10,6.72E-10,3.62E-10,3.22E-10,6.09E-11,1.54E-10,6.81E-10,5.26E-11,1.55E-10,2.24E-10,2.47E-10,1.76E-10,1.17E-10,7.33E-11,3.75E-10,1.83E-11,1.38E-10,7.01E-11,1.09E-10,3.13E-11,1.21E-10,2.43E-10,5.87E-11,4.44E-10,3.71E-10,3.16E-10,1.85E-10,1.24E-10,1.01E-11,1.23E-10,1.15E-10,3.73E-10,5.82E-10,6.24E-10,4.72E-10,2.62E-10,3.72E-10,8.65E-11,1.48E-10,2.10E-10,1.40E-10,1.56E-10,1.04E-10,1.89E-10,2.52E-10,4.21E-10,5.63E-11,1.64E-11,2.80E-10,1.88E-10,1.01E-10,7.09E-11,1.02E-10,2.75E-10,3.36E-10,9.12E-11,3.51E-10,2.91E-11,7.04E-11,2.03E-10,3.14E-10,1.21E-10,5.36E-11,3.37E-10,5.67E-11,1.70E-10,6.54E-11,4.55E-10,1.77E-10,1.48E-10
58.5,59,A,10,3.79E-08,4.50E-08,1.32E-08,4.58E-09,8.50E-10,1.74E-09,1.62E-09,1.28E-09,1.07E-09,9.00E-10,9.17E-10,6.05E-10,7.55E-10,3.59E-10,1.20E-09,3.23E-10,4.06E-10,2.50E-11,4.22E-10,1.33E-09,5.99E-10,1.01E-10,5.84E-10,8.44E-11,9.39E-10,9.30E-10,3.42E-10,5.48E-10,6.51E-10,3.29E-11,3.79E-08,4.50E-08,1.32E-08,4.58E-09,8.50E-10,1.74E-09,1.62E-09,1.28E-09,1.07E-09,9.00E-10,9.17E-10,6.05E-10,7.55E-10,3.59E-10,1.20E-09,3.23E-10,4.06E-10,2.50E-11,4.22E-10,1.33E-09,5.99E-10,1.01E-10,5.84E-10,8.44E-11,9.39E-10,9.30E-10,3.42E-10,5.48E-10,6.51E-10,3.29E-11,1.79E-10,1.03E-10,4.64E-10,2.64E-10,3.20E-10,9.96E-10,3.01E-10,4.87E-10,2.77E-10,3.22E-10,6.59E-11,1.20E-09,1.07E-09,1.69E-10,4.97E-11,8.52E-10,3.85E-10,3.39E-10,4.13E-10,4.93E-11,1.87E-09,4.20E-10,2.89E-10,3.54E-10,5.94E-10,1.22E-09,8.29E-11,9.45E-10,1.58E-10,4.54E-10,9.80E-11,9.73E-11,6.23E-10,3.06E-10,1.03E-10,3.24E-10,8.43E-10,1.45E-10,8.43E-11,1.42E-10,2.19E-10,1.02E-10,1.63E-11,3.66E-11,5.10E-10,2.37E-10,3.57E-11,1.46E-10,6.71E-10,3.22E-10,4.44E-10,7.24E-10,9.15E-11,6.21E-11,8.66E-11,4.40E-10,1.50E-10,1.57E-09,5.74E-10,8.28E-10,8.69E-11,4.30E-10,2.96E-10,4.52E-11,2.34E-10,1.51E-10,2.66E-10,1.07E-10,8.84E-10,6.10E-10,1.19E-09,6.49E-10,1.36E-10,7.44E-11,3.09E-10,1.28E-10,3.38E-10,1.05E-10,1.35E-10,3.87E-10,2.38E-10,3.80E-11,8.05E-10,4.93E-10,2.44E-10,1.23E-10,3.83E-10,1.18E-10,7.52E-12,6.74E-10,7.83E-10,1.04E-10,6.07E-10,9.83E-10,1.60E-10,1.26E-10,1.08E-10,2.65E-11,5.58E-10,2.33E-10,1.21E-10,2.95E-10,4.53E-10,1.64E-10,3.30E-10,3.63E-10,1.88E-10,5.38E-10,6.73E-11,2.02E-09,1.03E-10,2.51E-11,3.84E-11,3.27E-11,1.97E-10,3.09E-10,6.67E-10,1.20E-10,5.44E-10,1.83E-11,1.79E-10,9.05E-10,2.87E-11,5.72E-10,9.44E-11,2.23E-10,2.76E-10,3.25E-10,1.66E-10,4.41E-10
58.75,59.25,A,10,4.96E-08,1.18E-08,4.07E-09,2.95E-09,2.54E-09,1.01E-09,8.79E-10,1.55E-09,8.87E-10,8.01E-10,1.11E-10,7.83E-10,8.34E-11,9.14E-11,7.45E-10,4.56E-10,3.81E-10,8.52E-10,4.34E-10,2.61E-10,5.12E-10,4.79E-10,5.45E-10,8.10E-10,1.90E-10,1.32E-11,5.93E-10,1.39E-10,2.22E-10,9.68E-11,4.96E-08,1.18E-08,4.07E-09,2.95E-09,2.54E-09,1.01E-09,8.79E-10,1.55E-09,8.87E-10,8.01E-10,1.11E-10,7.83E-10,8.34E-11,9.14E-11,7.45E-10,4.56E-10,3.81E-10,8.52E-10,4.34E-10,2.61E-10,5.12E-10,4.79E-10,5.45E-10,8.10E-10,1.90E-10,1.32E-11,5.93E-10,1.39E-10,2.22E-10,9.68E-11,3.53E-10,2.39E-10,7.37E-10,2.92E-11,2.63E-10,1.64E-10,3.39E-11,3.54E-10,8.51E-11,3.34E-10,1.35E-10,1.39E-10,3.89E-10,3.91E-11,1.19E-10,7.91E-10,3.05E-10,1.34E-10,7.02E-11,6.42E-10,2.56E-11,2.76E-10,1.52E-10,1.74E-10,8.54E-11,4.86E-10,1.56E-10,1.02E-10,9.34E-11,5.91E-10,6.11E-11,4.21E-11,7.42E-11,2.42E-10,5.16E-10,1.03E-10,1.24E-10,1.91E-10,3.79E-10,1.08E-10,3.52E-10,3.31E-11,4.32E-10,1.08E-10,1.17E-10,1.82E-10,3.44E-10,4.92E-11,2.50E-10,4.35E-10,5.26E-10,8.27E-10,7.40E-11,9.56E-10,1.01E-10,1.87E-11,2.49E-11,6.68E-10,5.09E-10,2.66E-10,3.51E-11,2.02E-10,9.84E-11,6.07E-11,1.08E-10,1.19E-11,3.45E-11,1.32E-10,2.93E-10,3.03E-10,3.01E-12,8.22E-11,1.29E-10,8.38E-10,2.91E-10,4.54E-10,5.84E-10,2.93E-10,9.13E-12,4.01E-12,3.89E-10,3.15E-11,7.93E-11,1.89E-11,9.42E-11,1.04E-10,1.53E-10,1.12E-10,3.54E-10,5.45E-11,5.67E-10,1.58E-10,6.44E-11,6.40E-11,7.80E-11,5.84E-10,7.75E-11,1.13E-10,3.80E-10,1.23E-10,1.27E-10,4.75E-11,5.09E-11,1.88E-10,1.21E-10,2.00E-10,1.83E-10,2.09E-10,2.94E-10,1.34E-10,1.07E-10,2.36E-10,4.21E-10,3.85E-10,2.05E-10,1.24E-10,3.14E-10,4.76E-11,5.68E-10,3.42E-11,3.43E-10,1.23E-10,1.03E-10,7.27E-11,2.55E-10,2.70E-10,1.10E-10,3.23E-10,4.86E-11,1.43E-11
59,59.5,A,10,2.71E-08,1.64E-08,1.40E-09,2.73E-09,4.91E-09,6.26E-09,2.19E-09,2.19E-10,1.38E-09,4.15E-10,6.80E-10,7.29E-10,4.14E-10,1.82E-09,6.90E-10,1.96E-10,3.88E-10,5.46E-10,2.27E-11,8.19E-11,3.40E-10,3.64E-11,8.64E-11,1.23E-10,2.15E-10,3.74E-10,1.70E-10,2.05E-09,2.33E-10,3.25E-10,2.71E-08,1.64E-08,1.40E-09,2.73E-09,4.91E-09,6.26E-09,2.19E-09,2.19E-10,1.38E-09,4.15E-10,6.80E-10,7.29E-10,4.14E-10,1.82E-09,6.90E-10,1.96E-10,3.88E-10,5.46E-10,2.27E-11,8.19E-11,3.40E-10,3.64E-11,8.64E-11,1.23E-10,2.15E-10,3.74E-10,1.70E-10,2.05E-09,2.33E-10,3.25E-10,3.36E-10,3.69E-10,2.18E-10,1.04E-10,1.35E-10,1.82E-11,7.43E-10,3.99E-10,4.43E-10,2.61E-10,5.33E-11,4.23E-11,1.36E-09,2.81E-11,7.93E-11,1.20E-09,3.01E-10,1.30E-10,8.12E-11,6.75E-10,1.44E-10,8.90E-11,1.96E-10,3.72E-10,4.69E-10,2.72E-11,2.50E-10,1.71E-10,1.20E-10,2.04E-11,1.83E-10,5.85E-10,1.37E-10,8.19E-11,7.82E-10,1.62E-10,2.08E-10,1.17E-10,1.28E-09,3.62E-10,3.60E-10,1.96E-10,1.01E-09,4.72E-10,1.38E-10,2.08E-10,4.05E-10,1.18E-09,1.81E-11,3.46E-11,7.48E-11,2.19E-10,4.94E-11,1.04E-10,5.96E-10,2.51E-10,3.13E-10,8.19E-10,2.22E-10,2.29E-10,6.28E-10,5.38E-10,1.49E-10,3.24E-10,6.41E-11,2.05E-10,2.87E-10,1.54E-10,2.34E-11,1.24E-10,1.31E-10,3.01E-10,2.26E-10,3.75E-10,4.42E-11,3.92E-11,4.75E-10,2.04E-10,2.10E-10,6.14E-11,2.35E-11,3.40E-10,1.09E-10,7.77E-11,2.02E-10,4.15E-11,8.81E-11,3.12E-11,2.30E-11,3.36E-11,5.76E-11,3.82E-11,1.38E-11,1.16E-10,6.58E-10,1.18E-10,1.60E-11,2.51E-10,4.51E-10,4.60E-11,8.31E-10,2.03E-10,4.03E-11,3.91E-10,9.06E-11,2.38E-10,1.80E-10,2.12E-10,3.96E-10,6.95E-11,4.06E-10,2.17E-10,2.01E-10,3.91E-10,1.47E-10,2.06E-10,3.89E-10,3.40E-10,1.37E-10,9.03E-11,7.35E-10,2.08E-11,5.57E-11,7.41E-11,4.17E-11,1.84E-10,1.10E-10,1.57E-10,3.28E-11,6.24E-11
59.25,59.75,A,10,1.98E-08,2.59E-09,2.07E-09,1.20E-09,1.65E-09,1.98E-10,2.69E-09,3.90E-10,1.31E-10,5.15E-11,4.90E-11,3.48E-10,7.52E-10,1.95E-10,5.71E-10,2.35E-10,4.97E-11,3.42E-10,2.14E-10,4.36E-10,6.29E-11,5.66E-10,1.61E-10,6.85E-11,1.99E-10,9.47E-11,8.00E-10,2.58E-10,3.61E-10,1.50E-10,1.98E-08,2.59E-09,2.07E-09,1.20E-09,1.65E-09,1.98E-10,2.69E-09,3.90E-10,1.31E-10,5.15E-11,4.90E-11,3.48E-10,7.52E-10,1.95E-10,5.71E-10,2.35E-10,4.97E-11,3.42E-10,2.14E-10,4.36E-10,6.29E-11,5.66E-10,1.61E-10,6.85E-11,1.99E-10,9.47E-11,8.00E-10,2.58E-10,3.61E-10,1.50E-10,1.84E-10,2.75E-10,5.12E-12,2.36E-10,4.77E-11,2.76E-10,2.92E-10,2.78E-10,1.60E-10,1.75E-10,8.63E-11,2.35E-11,2.91E-11,2.13E-10,4.48E-11,1.04E-11,2.20E-10,1.62E-10,9.81E-11,4.87E-11,3.19E-11,6.67E-11,4.36E-11,2.15E-10,1.24E-10,6.51E-12,1.19E-10,7.30E-11,1.21E-10,4.15E-10,6.25E-10,1.02E-10,7.29E-11,1.05E-10,5.12E-10,1.83E-10,1.51E-10,3.25E-10,2.22E-11,1.62E-10,1.06E-10,1.23E-10,2.00E-10,3.26E-10,1.38E-10,2.24E-10,1.39E-11,2.57E-11,1.76E-10,2.75E-11,5.97E-11,2.44E-10,6.92E-12,6.90E-11,6.56E-10,1.87E-10,8.75E-11,5.95E-10,1.93E-10,1.38E-10,2.67E-10,9.84E-11,1.51E-10,9.55E-11,2.41E-10,3.74E-11,1.40E-10,1.35E-10,1.30E-10,2.44E-11,6.88E-11,4.66E-10,9.80E-11,2.70E-11,7.51E-11,3.45E-10,3.46E-10,1.01E-10,1.35E-10,2.28E-11,1.24E-10,1.17E-10,2.38E-10,1.22E-10,3.69E-10,5.15E-11,1.47E-10,2.27E-10,2.72E-10,6.95E-11,3.76E-11,3.14E-11,1.09E-10,2.70E-10,7.86E-11,1.18E-10,1.10E-10,6.87E-11,1.06E-10,4.19E-11,7.50E-11,3.14E-11,1.06E-10,1.32E-10,7.34E-11,9.96E-11,4.78E-11,6.99E-11,6.18E-11,9.52E-11,3.08E-10,8.72E-11,9.01E-11,3.08E-10,2.76E-10,3.37E-10,1.70E-10,1.60E-10,2.85E-11,2.05E-10,3.07E-11,2.53E-10,2.34E-11,1.42E-10,1.05E-10,3.14E-11,1.01E-10,2.01E-10,1.10E-11,1.48E-10
59.5,60,A,10,3.20E-08,1.45E-08,2.32E-09,8.45E-10,8.80E-10,4.74E-10,2.85E-09,1.81E-09,6.64E-10,5.26E-10,6.48E-10,1.81E-10,1.22E-10,1.26E-10,1.67E-10,2.54E-10,1.46E-09,3.40E-10,1.18E-10,6.63E-10,7.18E-11,1.46E-10,8.24E-10,7.17E-10,3.46E-12,2.59E-10,4.71E-10,3.48E-10,1.52E-10,4.97E-10,3.20E-08,1.45E-08,2.32E-09,8.45E-10,8.80E-10,4.74E-10,2.85E-09,1.81E-09,6.64E-10,5.26E-10,6.48E-10,1.81E-10,1.22E-10,1.26E-10,1.67E-10,2.54E-10,1.46E-09,3.40E-10,1.18E-10,6.63E-10,7.18E-11,1.46E-10,8.24E-10,7.17E-10,3.46E-12,2.59E-10,4.71E-10,3.48E-10,1.52E-10,4.97E-10,7.76E-11,6.24E-10,1.07E-10,4.04E-10,2.60E-10,3.13E-11,1.38E-10,1.18E-10,2.88E-10,2.10E-10,2.87E-11,8.19E-10,3.52E-10,1.98E-10,3.02E-10,3.23E-10,1.61E-10,1.98E-10,4.44E-10,2.39E-10,5.53E-10,2.08E-10,1.38E-10,3.43E-10,1.16E-10,5.60E-10,3.07E-11,2.15E-10,3.79E-10,3.43E-10,4.76E-10,4.12E-10,4.34E-11,8.23E-11,3.90E-11,2.62E-10,5.79E-11,3.12E-10,5.35E-11,1.11E-10,3.95E-10,3.89E-11,7.31E-11,1.09E-10,3.46E-10,7.99E-11,1.45E-10,8.36E-11,1.90E-10,5.81E-11,1.13E-10,8.45E-11,1.81E-10,2.48E-11,5.33E-11,3.03E-11,4.97E-11,6.63E-11,2.39E-10,1.77E-10,1.40E-10,1.66E-10,9.19E-11,5.41E-10,3.22E-11,1.61E-10,2.49E-10,2.89E-10,1.13E-10,6.19E-11,1.20E-11,3.63E-10,1.62E-10,3.70E-10,3.00E-11,4.59E-11,1.32E-10,1.75E-10,1.61E-10,3.61E-10,1.93E-10,7.40E-11,1.58E-10,6.84E-11,1.07E-09,5.86E-11,3.81E-10,1.81E-10,2.51E-11,9.64E-11,2.73E-10,4.09E-11,1.77E-10,4.52E-10,2.62E-11,1.13E-11,1.02E-10,2.72E-10,5.03E-10,9.00E-11,4.12E-11,9.41E-11,9.61E-11,1.79E-10,1.86E-10,1.54E-10,5.91E-11,4.03E-10,5.29E-11,2.77E-10,3.05E-10,3.35E-10,1.26E-10,4.68E-11,1.79E-10,7.13E-11,1.27E-10,1.40E-10,3.26E-10,1.08E-09,1.35E-10,4.26E-10,1.07E-10,3.73E-10,2.26E-10,5.30E-10,4.29E-10,2.38E-10,9.63E-11,1.62E-10
59.75,60.25,A,10,1.99E-07,4.80E-08,5.60E-09,4.76E-09,2.08E-09,7.16E-09,8.87E-10,4.29E-09,2.89E-10,6.70E-10,2.57E-09,7.78E-10,8.58E-10,1.34E-09,3.05E-10,8.61E-10,2.78E-10,1.97E-10,2.13E-09,1.32E-10,5.21E-10,4.32E-10,3.09E-10,8.49E-10,2.21E-10,5.65E-10,6.17E-10,6.62E-10,3.91E-11,6.69E-10,1.99E-07,4.80E-08,5.60E-09,4.76E-09,2.08E-09,7.16E-09,8.87E-10,4.29E-09,2.89E-10,6.70E-10,2.57E-09,7.78E-10,8.58E-10,1.34E-09,3.05E-10,8.61E-10,2.78E-10,1.97E-10,2.13E-09,1.32E-10,5.21E-10,4.32E-10,3.09E-10,8.49E-10,2.21E-10,5.65E-10,6.17E-10,6.62E-10,3.91E-11,6.69E-10,7.31E-10,3.92E-10,2.20E-11,5.31E-10,2.43E-10,1.68E-10,1.09E-11,2.86E-10,1.03E-10,8.19E-11,8.96E-11,1.20E-10,5.49E-10,1.51E-10,2.90E-10,2.50E-10,9.22E-11,6.02E-11,3.57E-10,2.31E-10,4.68E-10,2.77E-10,6.55E-11,1.09E-10,4.07E-10,6.26E-11,3.47E-10,3.69E-11,3.67E-10,7.10E-10,2.60E-10,2.36E-10,3.99E-10,2.22E-10,1.06E-10,1.25E-10,4.57E-10,1.50E-10,8.21E-10,4.50E-10,2.26E-10,9.07E-11,1.05E-09,6.54E-10,2.32E-10,4.66E-10,3.10E-10,9.22E-10,3.35E-11,5.24E-10,4.06E-10,1.57E-10,1.32E-10,4.44E-10,3.11E-11,2.42E-10,1.88E-10,2.63E-10,2.78E-10,6.50E-11,6.27E-10,2.53E-10,7.07E-10,3.38E-10,1.75E-10,3.05E-10,1.36E-10,9.79E-11,1.28E-10,1.02E-11,1.16E-10,4.03E-10,1.64E-10,6.15E-10,3.37E-10,9.40E-10,8.93E-11,5.74E-10,2.56E-10,5.46E-10,4.36E-10,3.22E-10,7.43E-11,2.47E-11,1.84E-10,2.01E-10,5.11E-10,2.97E-10,2.98E-10,1.52E-10,3.04E-10,7.06E-11,2.76E-10,1.57E-10,1.59E-10,7.92E-10,8.72E-10,1.58E-10,5.19E-10,1.89E-10,8.99E-11,1.49E-10,2.27E-11,2.18E-10,2.23E-10,5.55E-10,6.96E-10,6.52E-10,2.23E-10,3.74E-11,1.65E-10,5.13E-10,1.36E-10,2.23E-10,6.65E-10,1.36E-11,3.05E-10,3.96E-10,3.76E-10,8.54E-11,8.28E-10,9.63E-11,1.91E-10,7.74E-11,3.06E-10,1.96E-11,1.03E-10,5.95E-10,1.99E-10,3.73E-10
60,60.5,A,10,2.06E-08,1.26E-08,4.22E-09,2.89E-09,5.35E-10,2.10E-10,2.98E-10,2.53E-09,8.52E-10,2.28E-09,1.21E-10,1.78E-09,1.25E-09,4.95E-10,1.05E-10,5.67E-10,8.19E-10,8.49E-10,5.81E-10,7.24E-11,8.21E-10,1.36E-10,1.09E-10,3.47E-11,7.11E-11,1.75E-10,9.31E-11,6.53E-10,5.88E-10,5.19E-10,2.06E-08,1.26E-08,4.22E-09,2.89E-09,5.35E-10,2.10E-10,2.98E-10,2.53E-09,8.52E-10,2.28E-09,1.21E-10,1.78E-09,1.25E-09,4.95E-10,1.05E-10,5.67E-10,8.19E-10,8.49E-10,5.81E-10,7.24E-11,8.21E-10,1.36E-10,1.09E-10,3.47E-11,7.11E-11,1.75E-10,9.31E-11,6.53E-10,5.88E-10,5.19E-10,8.31E-11,1.05E-09,8.97E-10,2.60E-10,1.61E-10,1.01E-10,2.04E-10,6.15E-10,4.20E-10,1.70E-10,3.20E-10,2.38E-10,5.93E-11,2.47E-10,2.81E-10,3.63E-10,4.64E-11,3.56E-10,2.41E-10,4.45E-10,1.60E-10,6.30E-11,5.24E-11,3.89E-10,2.46E-10,4.43E-10,5.30E-10,2.20E-10,3.27E-10,9.61E-11,1.49E-10,7.65E-11,1.23E-10,7.26E-11,2.00E-10,1.15E-10,3.03E-10,1.73E-10,2.57E-10,1.97E-10,7.71E-10,2.75E-10,2.38E-10,6.53E-11,3.51E-10,8.84E-11,2.01E-10,8.47E-11,1.03E-10,2.32E-10,1.02E-10,7.69E-11,1.79E-10,4.02E-10,4.52E-10,5.40E-10,2.82E-11,6.00E-10,5.14E-11,1.16E-10,1.15E-10,7.02E-11,1.12E-10,3.95E-10,3.81E-10,2.60E-10,6.61E-11,1.86E-10,7.38E-10,9.17E-11,2.49E-10,1.93E-10,3.99E-10,3.00E-11,3.29E-10,6.46E-10,3.29E-10,6.23E-11,4.07E-10,2.08E-10,3.19E-10,1.65E-10,2.46E-10,5.07E-10,2.15E-10,3.19E-10,2.69E-10,2.39E-10,2.04E-12,9.01E-10,7.07E-10,1.91E-10,5.15E-10,2.07E-10,1.16E-10,1.52E-10,4.23E-11,1.69E-10,4.97E-10,8.25E-10,2.19E-10,1.59E-10,2.80E-10,1.47E-10,6.35E-10,2.88E-10,5.27E-10,1.86E-10,1.19E-10,5.55E-11,5.42E-11,9.25E-11,2.77E-10,1.29E-10,2.67E-10,1.92E-10,2.16E-11,1.34E-10,2.21E-10,1.97E-10,8.53E-11,1.17E-10,2.14E-11,5.06E-11,2.14E-11,2.81E-11,1.87E-10,2.36E-10,7.45E-10,2.18E-10
60.25,60.75,A,10,6.59E-09,9.33E-09,3.16E-09,5.99E-10,2.97E-09,4.85E-09,1.26E-09,3.04E-09,1.18E-09,9.05E-11,3.10E-10,2.34E-10,5.41E-10,8.63E-10,1.29E-09,2.71E-10,6.86E-10,4.90E-10,5.80E-10,1.41E-10,1.20E-10,4.24E-10,9.50E-10,5.00E-10,2.61E-10,1.44E-10,1.35E-10,2.48E-10,2.42E-10,1.49E-10,6.59E-09,9.33E-09,3.16E-09,5.99E-10,2.97E-09,4.85E-09,1.26E-09,3.04E-09,1.18E-09,9.05E-11,3.10E-10,2.34E-10,5.41E-10,8.63E-10,1.29E-09,2.71E-10,6.86E-10,4.90E-10,5.80E-10,1.41E-10,1.20E-10,4.24E-10,9.50E-10,5.00E-10,2.61E-10,1.44E-10,1.35E-10,2.48E-10,2.42E-10,1.49E-10,1.28E-10,2.10E-10,6.34E-11,5.44E-10,1.73E-10,6.50E-10,2.65E-10,2.99E-10,1.33E-11,1.64E-10,8.47E-12,8.11E-11,1.46E-10,5.64E-11,3.93E-10,1.39E-10,1.96E-10,1.77E-10,2.38E-10,4.00E-10,2.64E-10,6.86E-11,4.39E-10,4.04E-10,4.24E-10,1.96E-10,1.11E-10,1.83E-10,2.31E-10,7.08E-10,1.45E-10,8.10E-11,2.01E-10,2.45E-10,3.52E-10,1.47E-10,2.73E-10,4.12E-10,2.58E-10,2.72E-10,1.35E-10,7.71E-11,3.46E-10,5.65E-10,1.18E-10,6.65E-11,4.58E-11,3.43E-11,2.63E-11,1.27E-10,5.51E-10,2.02E-10,5.24E-10,5.99E-10,2.23E-10,4.36E-11,3.85E-10,2.43E-10,1.62E-10,4.85E-11,4.86E-10,6.05E-10,2.09E-10,5.26E-10,1.13E-10,5.96E-10,1.74E-10,7.31E-10,8.74E-11,5.12E-11,5.63E-10,3.10E-10,5.98E-10,5.98E-10,9.71E-11,2.34E-10,2.85E-10,8.15E-10,1.67E-10,1.42E-10,4.48E-10,1.46E-10,2.15E-10,3.07E-10,1.04E-10,3.45E-10,7.90E-11,2.23E-11,1.28E-11,3.33E-10,8.99E-10,1.27E-10,6.39E-11,1.35E-10,2.67E-10,5.74E-10,2.20E-10,1.82E-10,1.28E-10,1.15E-10,6.04E-10,1.33E-10,3.92E-10,5.11E-10,5.98E-10,9.22E-11,1.20E-10,8.84E-11,9.78E-11,6.10E-10,1.02E-10,2.09E-10,1.68E-10,4.77E-10,1.48E-10,1.52E-10,2.40E-11,3.60E-10,5.30E-10,1.61E-10,1.21E-10,2.47E-10,2.30E-10,2.66E-11,3.78E-10,4.82E-10,6.11E-10,1.38E-10,2.72E-10,1.91E-09
60.5,61,A,10,1.28E-09,1.12E-08,1.40E-09,4.34E-10,9.43E-10,5.96E-10,5.72E-10,3.52E-10,4.44E-10,7.27E-10,1.74E-10,2.17E-10,1.30E-10,9.21E-11,1.34E-11,4.33E-10,3.93E-10,5.64E-11,9.71E-11,6.37E-11,3.62E-10,1.61E-10,4.39E-11,1.61E-10,1.31E-10,2.49E-10,1.78E-10,5.23E-10,1.89E-10,2.54E-10,1.28E-09,1.12E-08,1.40E-09,4.34E-10,9.43E-10,5.96E-10,5.72E-10,3.52E-10,4.44E-10,7.27E-10,1.74E-10,2.17E-10,1.30E-10,9.21E-11,1.34E-11,4.33E-10,3.93E-10,5.64E-11,9.71E-11,6.37E-11,3.62E-10,1.61E-10,4.39E-11,1.61E-10,1.31E-10,2.49E-10,1.78E-10,5.23E-10,1.89E-10,2.54E-10,1.48E-10,1.17E-11,1.49E-11,4.25E-10,9.21E-11,3.10E-10,1.39E-12,4.41E-11,3.22E-11,1.49E-10,2.67E-11,8.94E-11,6.91E-11,1.49E-11,2.58E-11,1.18E-10,8.13E-11,7.64E-11,7.33E-11,2.19E-10,1.18E-10,2.94E-10,1.67E-10,7.83E-11,1.94E-10,3.12E-10,7.56E-11,5.02E-11,5.44E-11,1.31E-10,1.63E-10,1.11E-10,9.94E-11,7.63E-11,4.33E-11,5.81E-11,7.44E-11,5.14E-11,1.07E-10,2.05E-11,2.45E-10,1.07E-10,5.44E-10,2.09E-11,3.42E-11,2.15E-11,2.15E-10,1.87E-10,3.06E-10,1.47E-10,3.56E-10,1.43E-10,1.53E-10,8.46E-11,1.52E-10,1.37E-10,1.01E-10,7.41E-11,1.82E-10,1.02E-10,5.12E-11,4.34E-11,7.30E-11,1.51E-10,2.37E-12,2.39E-10,1.54E-10,2.31E-10,1.44E-10,6.85E-11,3.19E-10,1.26E-10,8.85E-11,1.56E-10,3.27E-10,1.73E-10,1.19E-10,1.89E-10,5.92E-11,1.98E-10,4.11E-10,1.68E-10,4.08E-11,1.73E-10,9.70E-11,2.09E-10,1.47E-11,4.97E-11,9.22E-12,1.11E-10,2.95E-10,1.22E-10,1.05E-10,1.54E-10,1.45E-10,6.70E-11,2.83E-11,1.51E-10,2.76E-10,6.13E-11,4.33E-11,1.64E-10,2.24E-10,1.33E-10,1.80E-10,1.06E-10,1.32E-10,1.73E-10,1.04E-10,2.15E-10,1.41E-10,2.65E-10,9.99E-11,8.86E-11,3.20E-10,1.61E-10,2.15E-10,8.37E-11,1.58E-10,7.62E-11,2.68E-10,3.27E-10,1.24E-10,1.26E-10,2.11E-10,9.98E-11,3.88E-10,1.87E-10,1.90E-10,7.16E-10
60.75,61.25,A,10,4.36E-09,2.68E-08,1.94E-09,9.93E-10,1.80E-09,1.32E-09,1.21E-09,2.96E-10,9.34E-10,3.56E-10,2.07E-10,4.78E-11,2.58E-10,5.38E-10,5.44E-10,9.49E-10,7.32E-11,6.79E-10,1.00E-10,7.44E-10,5.48E-10,2.18E-10,1.41E-10,1.31E-10,2.72E-10,4.23E-10,1.31E-10,2.45E-10,3.43E-11,1.31E-10,4.36E-09,2.68E-08,1.94E-09,9.93E-10,1.80E-09,1.32E-09,1.21E-09,2.96E-10,9.34E-10,3.56E-10,2.07E-10,4.78E-11,2.58E-10,5.38E-10,5.44E-10,9.49E-10,7.32E-11,6.79E-10,1.00E-10,7.44E-10,5.48E-10,2.18E-10,1.41E-10,1.31E-10,2.72E-10,4.23E-10,1.31E-10,2.45E-10,3.43E-11,1.31E-10,1.51E-10,8.32E-11,4.16E-10,5.47E-10,8.40E-11,6.54E-11,1.38E-10,5.11E-10,4.00E-10,7.19E-11,5.89E-11,5.59E-10,4.09E-10,8.84E-11,2.92E-11,1.19E-10,2.79E-11,3.46E-11,8.84E-11,4.40E-11,2.50E-11,4.69E-11,1.63E-10,3.42E-10,5.68E-10,1.45E-10,3.49E-10,3.47E-10,5.19E-10,4.00E-10,1.91E-10,1.75E-10,1.71E-10,1.10E-10,2.37E-11,4.74E-10,2.24E-10,1.79E-10,1.17E-10,2.41E-10,5.86E-11,7.05E-11,2.66E-10,4.70E-11,5.54E-11,3.75E-11,2.24E-10,3.58E-10,9.45E-11,3.66E-10,6.35E-10,2.12E-10,1.14E-10,2.63E-10,1.62E-10,1.03E-10,5.91E-10,1.83E-10,3.35E-10,1.45E-10,1.69E-11,1.11E-10,5.08E-10,3.99E-10,2.99E-11,1.02E-10,2.72E-11,1.75E-10,2.19E-10,3.44E-10,3.51E-10,4.95E-11,5.42E-10,3.59E-10,6.32E-11,9.65E-12,2.90E-10,1.89E-10,5.09E-11,8.83E-11,2.51E-10,1.12E-10,6.05E-11,6.26E-10,1.89E-10,1.39E-10,1.28E-10,2.75E-10,7.47E-11,2.17E-10,3.94E-10,3.83E-11,4.96E-11,1.86E-10,1.73E-10,1.39E-10,2.16E-10,5.65E-11,1.08E-10,2.39E-10,3.51E-10,4.86E-11,7.27E-11,1.43E-10,4.35E-11,2.11E-10,1.51E-11,4.74E-11,2.26E-10,6.74E-11,4.93E-10,4.24E-10,2.81E-10,1.65E-10,1.27E-10,1.23E-11,2.24E-10,6.43E-11,1.09E-10,2.42E-11,2.06E-10,1.34E-10,3.98E-10,1.17E-10,1.08E-10,1.08E-10,7.04E-10,5.71E-10,3.70E-10,7.20E-12
61,61.5,A,10,1.34E-09,4.81E-09,1.49E-09,5.41E-10,3.75E-10,1.13E-09,6.14E-10,8.60E-11,1.54E-10,9.54E-11,5.27E-10,1.00E-10,9.21E-11,3.66E-10,1.90E-10,9.06E-11,3.07E-10,4.33E-11,1.19E-10,2.64E-10,7.91E-11,1.05E-10,2.40E-11,3.70E-11,1.78E-10,2.53E-10,4.31E-11,4.61E-11,6.82E-11,9.42E-11,1.34E-09,4.81E-09,1.49E-09,5.41E-10,3.75E-10,1.13E-09,6.14E-10,8.60E-11,1.54E-10,9.54E-11,5.27E-10,1.00E-10,9.21E-11,3.66E-10,1.90E-10,9.06E-11,3.07E-10,4.33E-11,1.19E-10,2.64E-10,7.91E-11,1.05E-10,2.40E-11,3.70E-11,1.78E-10,2.53E-10,4.31E-11,4.61E-11,6.82E-11,9.42E-11,2.58E-11,3.74E-11,3.83E-11,2.86E-10,1.40E-10,3.84E-11,1.88E-10,1.22E-10,1.45E-10,1.17E-10,7.09E-11,5.03E-11,1.52E-10,1.79E-10,4.69E-11,1.29E-10,1.39E-10,2.13E-10,9.02E-11,8.41E-11,4.40E-11,2.18E-10,9.85E-11,8.25E-11,1.06E-11,4.88E-10,7.96E-11,9.66E-11,7.39E-11,4.18E-12,1.62E-10,3.92E-11,7.57E-11,1.94E-10,3.91E-11,3.58E-12,2.75E-11,1.77E-10,9.52E-11,1.12E-10,9.79E-12,8.09E-12,1.33E-10,7.12E-11,4.11E-12,1.20E-10,2.68E-10,2.05E-10,4.91E-11,7.39E-11,4.13E-11,2.43E-10,7.84E-11,4.97E-11,1.48E-11,3.52E-10,1.40E-10,8.41E-11,4.80E-11,3.91E-11,9.81E-11,3.29E-11,8.02E-11,1.51E-10,2.82E-11,3.93E-10,7.27E-11,2.39E-11,2.13E-10,1.92E-10,7.79E-11,1.45E-10,2.71E-10,2.08E-10,9.28E-11,2.79E-11,1.02E-10,2.80E-10,7.19E-11,9.15E-11,1.20E-10,1.75E-10,1.77E-10,5.90E-10,1.44E-10,1.68E-10,3.40E-11,1.41E-10,3.63E-10,4.45E-11,1.04E-10,1.57E-10,3.83E-10,1.40E-10,3.86E-10,1.27E-10,3.97E-10,2.26E-10,3.32E-11,1.27E-10,1.58E-10,3.08E-10,2.43E-11,2.14E-10,1.44E-10,2.81E-10,5.83E-11,5.43E-11,4.75E-10,2.00E-10,6.96E-11,6.09E-11,8.98E-11,3.78E-10,1.01E-10,2.03E-10,9.56E-11,1.36E-10,8.44E-11,6.08E-11,1.79E-11,5.08E-10,4.43E-11,1.70E-10,8.18E-11,5.24E-10,1.59E-10,2.84E-11,5.85E-11,1.67E-10
61.25,61.75,A,10,2.79E-09,9.71E-09,5.93E-09,3.05E-09,1.14E-09,2.34E-09,1.03E-09,6.19E-10,8.45E-10,1.29E-10,2.52E-10,1.82E-10,9.22E-10,7.41E-10,4.40E-10,4.68E-10,7.00E-11,2.33E-10,1.46E-10,5.44E-11,2.10E-10,2.37E-10,3.15E-11,2.22E-10,2.38E-10,1.15E-09,5.44E-10,9.06E-10,1.02E-10,2.61E-10,2.79E-09,9.71E-09,5.93E-09,3.05E-09,1.14E-09,2.34E-09,1.03E-09,6.19E-10,8.45E-10,1.29E-10,2.52E-10,1.82E-10,9.22E-10,7.41E-10,4.40E-10,4.68E-10,7.00E-11,2.33E-10,1.46E-10,5.44E-11,2.10E-10,2.37E-10,3.15E-11,2.22E-10,2.38E-10,1.15E-09,5.44E-10,9.06E-10,1.02E-10,2.61E-10,3.37E-10,1.51E-10,9.12E-11,1.15E-09,6.74E-11,3.58E-10,2.41E-11,4.08E-10,2.94E-11,4.64E-11,6.53E-10,1.90E-10,8.17E-11,1.32E-10,1.51E-10,3.10E-11,9.75E-11,6.16E-11,3.35E-10,1.58E-11,2.71E-10,4.04E-10,2.31E-10,4.87E-11,1.12E-10,2.78E-10,7.21E-10,3.95E-10,1.21E-10,2.77E-10,8.50E-11,1.75E-10,2.94E-10,1.72E-10,3.50E-11,4.06E-11,1.43E-10,9.73E-11,2.80E-10,4.89E-11,9.70E-11,2.47E-10,2.35E-11,1.83E-10,9.09E-11,5.69E-11,4.74E-11,3.28E-11,2.87E-10,4.22E-10,1.34E-10,3.87E-11,2.08E-11,1.13E-10,1.51E-10,9.18E-12,2.58E-10,1.13E-10,3.10E-10,3.73E-10,4.33E-11,1.93E-10,1.02E-09,3.64E-10,6.61E-10,2.06E-10,2.43E-11,9.47E-10,5.26E-10,9.99E-11,1.95E-10,4.56E-10,4.91E-10,3.02E-10,3.71E-10,5.20E-10,5.18E-10,4.31E-11,7.65E-11,1.63E-10,4.19E-10,2.63E-10,8.21E-11,1.92E-10,2.10E-11,2.96E-10,1.23E-09,4.92E-10,1.58E-10,1.05E-10,1.17E-10,1.92E-10,1.98E-10,6.07E-10,2.38E-10,1.28E-10,9.09E-11,2.62E-10,1.05E-10,2.23E-10,2.33E-10,3.70E-10,3.66E-11,5.93E-10,1.70E-10,1.90E-10,2.86E-11,2.51E-11,3.31E-11,4.57E-10,3.01E-10,1.68E-10,7.52E-11,3.45E-10,6.49E-11,2.45E-11,2.07E-11,1.06E-10,9.54E-11,3.17E-10,6.05E-11,2.07E-11,3.25E-11,3.62E-11,5.14E-11,4.84E-11,1.08E-10,1.19E-11,2.72E-10,4.40E-11
61.5,62,A,10,3.46E-08,3.83E-08,4.80E-09,5.85E-09,4.53E-10,2.22E-09,4.13E-10,7.83E-10,8.18E-10,1.84E-09,3.32E-10,2.58E-10,5.79E-10,4.07E-10,1.51E-11,1.20E-09,2.71E-10,1.02E-09,1.16E-10,5.94E-11,3.00E-10,4.16E-10,2.05E-10,9.45E-10,2.94E-10,1.46E-10,6.34E-10,1.43E-10,1.28E-09,2.51E-10,3.46E-08,3.83E-08,4.80E-09,5.85E-09,4.53E-10,2.22E-09,4.13E-10,7.83E-10,8.18E-10,1.84E-09,3.32E-10,2.58E-10,5.79E-10,4.07E-10,1.51E-11,1.20E-09,2.71E-10,1.02E-09,1.16E-10,5.94E-11,3.00E-10,4.16E-10,2.05E-10,9.45E-10,2.94E-10,1.46E-10,6.34E-10,1.43E-10,1.28E-09,2.51E-10,8.64E-11,3.41E-11,8.79E-11,6.66E-10,1.39E-10,8.86E-11,7.11E-11,8.49E-11,1.39E-10,3.15E-11,4.36E-10,4.96E-11,1.78E-10,5.19E-11,5.28E-11,2.20E-10,2.53E-11,4.37E-11,9.78E-10,2.92E-10,1.61E-10,4.77E-10,2.06E-10,3.84E-10,1.69E-10,4.15E-11,6.06E-11,7.36E-11,9.88E-11,4.85E-12,2.44E-10,3.53E-10,4.54E-11,2.87E-10,1.22E-10,2.63E-11,9.02E-11,1.59E-10,1.79E-10,2.06E-10,2.78E-10,1.57E-10,2.22E-11,8.96E-11,3.03E-11,5.82E-11,9.54E-11,4.29E-11,5.87E-10,1.96E-10,5.50E-10,3.05E-10,3.82E-10,4.89E-11,2.59E-11,9.15E-11,8.46E-11,2.50E-10,5.57E-10,5.46E-11,1.39E-10,1.36E-10,4.48E-10,5.66E-10,6.96E-10,2.43E-10,5.58E-10,1.32E-10,5.69E-11,4.87E-10,6.44E-11,2.79E-10,1.46E-10,6.14E-11,3.06E-10,2.08E-10,1.59E-10,6.85E-11,1.24E-10,3.38E-10,1.80E-10,6.57E-11,7.32E-10,6.22E-10,7.93E-11,1.58E-10,1.23E-10,4.09E-10,5.04E-10,1.40E-10,6.18E-11,4.18E-10,4.26E-10,5.33E-10,2.80E-10,1.13E-10,2.45E-10,4.85E-10,1.20E-10,3.15E-11,7.76E-11,5.13E-10,3.34E-10,1.30E-11,4.12E-11,8.55E-11,2.53E-10,2.52E-10,4.59E-10,8.20E-10,3.52E-10,2.17E-10,3.07E-10,4.55E-10,7.77E-11,7.41E-11,7.13E-11,9.93E-11,2.54E-10,2.41E-10,1.85E-10,1.91E-10,2.60E-10,8.13E-11,1.44E-10,7.32E-10,1.06E-10,4.36E-11,1.64E-10,1.86E-10
61.75,62.25,A,10,1.11E-08,1.08E-08,2.86E-09,2.39E-09,3.99E-10,8.32E-10,1.32E-09,1.18E-09,3.22E-10,7.96E-10,5.53E-10,1.09E-10,2.87E-10,3.37E-10,7.65E-11,2.86E-10,4.46E-10,2.72E-10,1.25E-09,1.59E-10,8.91E-12,8.72E-11,5.13E-10,4.73E-11,4.53E-10,1.65E-10,8.71E-11,1.21E-11,4.89E-11,5.95E-11,1.11E-08,1.08E-08,2.86E-09,2.39E-09,3.99E-10,8.32E-10,1.32E-09,1.18E-09,3.22E-10,7.96E-10,5.53E-10,1.09E-10,2.87E-10,3.37E-10,7.65E-11,2.86E-10,4.46E-10,2.72E-10,1.25E-09,1.59E-10,8.91E-12,8.72E-11,5.13E-10,4.73E-11,4.53E-10,1.65E-10,8.71E-11,1.21E-11,4.89E-11,5.95E-11,4.99E-11,2.49E-10,3.20E-10,6.57E-11,3.30E-11,3.95E-11,1.30E-10,1.19E-10,7.33E-11,3.17E-10,1.58E-10,2.94E-11,1.79E-10,2.10E-11,5.64E-10,1.55E-10,2.61E-10,1.12E-10,3.50E-10,2.68E-10,1.86E-11,9.93E-11,1.65E-10,1.82E-10,8.97E-11,1.96E-11,2.94E-10,4.49E-11,1.35E-10,1.09E-10,4.04E-10,1.83E-10,1.20E-10,1.83E-10,2.71E-10,1.49E-10,3.81E-11,2.61E-10,1.51E-10,1.39E-10,1.36E-10,1.47E-10,3.53E-11,2.06E-10,6.55E-11,1.19E-10,7.02E-11,7.61E-11,2.51E-10,4.13E-10,1.62E-10,1.74E-10,8.07E-12,4.67E-12,1.35E-10,1.06E-10,1.81E-10,2.47E-10,2.90E-10,1.46E-10,3.13E-10,1.48E-11,2.14E-10,5.93E-10,1.21E-10,2.32E-10,8.20E-11,1.76E-10,1.62E-10,5.92E-11,1.41E-10,2.42E-11,1.32E-10,2.55E-10,2.54E-10,4.36E-11,9.93E-11,1.20E-10,3.67E-11,1.29E-10,1.95E-10,6.41E-11,1.97E-10,2.66E-11,1.70E-10,9.27E-11,2.53E-10,7.04E-11,6.33E-11,4.54E-10,3.86E-10,8.60E-11,2.62E-10,9.92E-11,3.66E-10,5.85E-11,1.54E-10,1.40E-10,1.75E-11,6.74E-11,4.85E-11,1.27E-10,2.49E-10,1.48E-10,3.20E-10,1.12E-10,3.89E-10,4.05E-10,1.52E-11,3.05E-11,2.94E-11,5.98E-11,3.22E-10,7.04E-11,1.58E-11,1.43E-11,3.95E-10,1.17E-10,9.51E-11,2.98E-10,2.79E-10,3.00E-11,1.49E-10,9.24E-11,6.47E-11,3.43E-11,1.63E-10,1.22E-10,1.24E-10,2.85E-10
62,62.5,A,10,1.05E-09,7.62E-09,1.07E-09,1.95E-09,1.55E-09,1.73E-10,4.84E-09,1.52E-09,8.48E-10,1.10E-10,4.70E-10,1.84E-10,3.15E-10,3.95E-10,1.59E-10,6.07E-10,9.21E-10,6.37E-10,8.60E-11,2.22E-10,4.97E-11,3.56E-10,8.60E-10,1.70E-11,1.73E-10,2.80E-10,5.97E-11,2.65E-10,2.65E-10,1.96E-10,1.05E-09,7.62E-09,1.07E-09,1.95E-09,1.55E-09,1.73E-10,4.84E-09,1.52E-09,8.48E-10,1.10E-10,4.70E-10,1.84E-10,3.15E-10,3.95E-10,1.59E-10,6.07E-10,9.21E-10,6.37E-10,8.60E-11,2.22E-10,4.97E-11,3.56E-10,8.60E-10,1.70E-11,1.73E-10,2.80E-10,5.97E-11,2.65E-10,2.65E-10,1.96E-10,3.89E-12,3.23E-10,9.83E-11,2.42E-10,7.17E-10,2.30E-10,1.03E-11,8.47E-11,2.78E-10,8.85E-11,2.94E-10,6.06E-10,1.11E-10,1.28E-10,3.06E-10,3.90E-10,2.28E-10,8.11E-10,2.33E-10,1.15E-10,2.18E-10,1.40E-10,3.38E-11,3.58E-10,4.06E-10,5.87E-11,7.04E-10,6.67E-11,1.70E-10,1.74E-10,5.33E-10,7.06E-10,9.37E-11,3.19E-10,2.42E-10,1.16E-10,8.84E-11,5.59E-11,8.49E-11,5.21E-11,1.89E-10,1.53E-10,1.20E-10,1.28E-10,1.39E-10,5.96E-11,1.81E-10,3.95E-10,4.56E-10,7.44E-11,1.39E-11,6.01E-10,5.27E-10,1.56E-10,4.94E-10,5.08E-10,5.07E-10,9.35E-11,3.92E-10,2.27E-10,2.34E-10,6.74E-12,7.28E-11,2.65E-10,1.50E-10,3.43E-11,3.84E-10,3.90E-11,6.65E-11,2.01E-10,1.81E-10,1.89E-10,4.28E-11,6.62E-10,7.33E-11,1.65E-10,8.22E-11,2.02E-10,7.92E-11,9.25E-11,8.55E-11,4.12E-10,5.55E-10,4.73E-11,1.10E-10,1.46E-10,7.03E-11,2.15E-11,1.34E-10,3.09E-10,1.12E-10,8.09E-10,8.08E-11,1.19E-10,1.00E-10,1.80E-11,7.35E-11,3.12E-10,7.03E-10,9.04E-11,2.08E-10,1.17E-10,4.27E-10,1.05E-10,4.02E-10,1.31E-10,2.51E-11,4.36E-10,1.28E-10,4.87E-10,2.71E-10,7.33E-10,2.65E-10,9.61E-10,1.66E-10,3.06E-10,8.17E-11,3.79E-10,1.68E-10,6.08E-10,1.29E-09,3.68E-10,2.60E-10,1.52E-10,9.03E-12,1.73E-10,5.62E-11,1.76E-10,3.50E-11,2.12E-10
62.25,62.75,A,10,3.15E-08,4.70E-09,7.53E-09,2.82E-09,1.82E-09,4.31E-09,2.21E-09,1.78E-09,4.02E-11,2.38E-10,1.27E-09,6.96E-10,1.01E-09,4.22E-10,9.63E-10,2.30E-10,4.22E-10,1.32E-09,5.64E-10,6.98E-10,1.59E-10,4.50E-10,1.74E-11,3.40E-10,2.96E-10,3.28E-10,1.61E-10,5.22E-11,2.11E-10,5.98E-10,3.15E-08,4.70E-09,7.53E-09,2.82E-09,1.82E-09,4.31E-09,2.21E-09,1.78E-09,4.02E-11,2.38E-10,1.27E-09,6.96E-10,1.01E-09,4.22E-10,9.63E-10,2.30E-10,4.22E-10,1.32E-09,5.64E-10,6.98E-10,1.59E-10,4.50E-10,1.74E-11,3.40E-10,2.96E-10,3.28E-10,1.61E-10,5.22E-11,2.11E-10,5.98E-10,1.19E-10,6.33E-11,9.95E-11,7.90E-11,8.81E-11,1.90E-10,1.90E-10,1.46E-10,2.80E-10,5.15E-10,1.67E-10,4.05E-11,2.41E-11,6.90E-10,3.39E-10,2.21E-10,5.63E-11,1.29E-10,3.04E-10,1.04E-10,1.40E-11,4.06E-11,5.60E-11,1.80E-10,8.25E-11,1.01E-10,4.69E-11,1.62E-10,4.25E-11,2.19E-10,5.32E-11,6.17E-11,6.50E-10,1.81E-11,1.50E-10,5.18E-10,2.29E-10,1.61E-10,1.77E-10,1.06E-09,2.22E-10,8.53E-11,5.14E-10,7.06E-10,2.64E-11,8.93E-11,7.35E-10,2.42E-11,1.72E-10,1.37E-10,5.27E-11,1.34E-10,3.21E-11,1.66E-10,3.26E-10,1.32E-10,3.20E-10,3.04E-11,1.68E-10,3.21E-10,3.33E-10,3.53E-10,5.88E-11,7.70E-10,4.39E-10,2.86E-10,1.76E-11,4.49E-10,7.35E-11,2.70E-10,1.16E-10,8.07E-11,3.93E-11,6.20E-12,4.77E-11,4.06E-10,1.76E-10,1.03E-10,1.78E-10,3.70E-10,3.54E-11,1.76E-10,9.66E-11,6.10E-10,3.71E-10,1.94E-10,2.04E-10,4.97E-11,1.03E-10,2.25E-10,6.92E-11,8.13E-11,6.26E-11,1.77E-10,1.75E-10,4.58E-10,5.99E-11,3.32E-10,6.19E-11,6.69E-11,2.68E-10,3.22E-10,1.48E-10,5.16E-11,1.21E-10,9.78E-11,5.78E-11,1.82E-10,3.20E-10,1.36E-10,1.89E-10,1.38E-10,2.10E-10,4.28E-10,2.11E-10,2.84E-10,9.49E-11,1.98E-10,1.14E-10,4.34E-11,1.78E-10,1.67E-10,2.05E-11,8.49E-11,4.80E-10,1.48E-10,1.33E-11,1.63E-10,6.16E-10,7.57E-11
62.5,63,A,10,7.51E-09,8.33E-09,2.76E-09,2.23E-09,6.51E-10,2.34E-09,3.86E-10,4.44E-10,4.37E-10,5.06E-10,3.09E-10,1.63E-10,4.81E-10,1.34E-09,1.03E-10,1.65E-10,3.46E-10,2.66E-10,2.03E-10,3.47E-10,1.50E-10,2.73E-10,1.28E-10,2.03E-10,2.18E-10,3.10E-10,6.38E-11,1.90E-11,1.79E-11,6.17E-11,7.51E-09,8.33E-09,2.76E-09,2.23E-09,6.51E-10,2.34E-09,3.86E-10,4.44E-10,4.37E-10,5.06E-10,3.09E-10,1.63E-10,4.81E-10,1.34E-09,1.03E-10,1.65E-10,3.46E-10,2.66E-10,2.03E-10,3.47E-10,1.50E-10,2.73E-10,1.28E-10,2.03E-10,2.18E-10,3.10E-10,6.38E-11,1.90E-11,1.79E-11,6.17E-11,1.98E-10,1.36E-10,3.60E-10,1.40E-10,1.33E-10,8.93E-11,3.84E-10,3.56E-10,1.46E-10,1.15E-10,5.52E-10,1.40E-10,4.68E-11,2.14E-10,1.87E-10,4.05E-10,2.56E-10,9.46E-11,7.41E-11,1.45E-10,1.29E-10,3.51E-11,2.36E-10,4.76E-10,2.19E-10,6.19E-11,2.12E-11,2.45E-10,3.52E-10,1.96E-10,1.93E-10,3.79E-10,7.82E-11,2.89E-11,1.62E-10,1.22E-11,4.61E-11,9.20E-11,1.95E-10,5.42E-11,2.00E-10,1.50E-10,5.64E-10,7.66E-10,4.91E-10,7.29E-10,1.41E-10,2.60E-10,9.99E-11,3.85E-10,2.91E-10,4.76E-10,2.26E-10,6.42E-11,2.04E-10,1.16E-10,1.17E-10,5.81E-10,7.04E-10,1.54E-10,2.31E-10,5.83E-11,2.70E-11,1.93E-10,1.59E-10,6.38E-11,1.08E-11,7.87E-11,1.13E-10,1.94E-10,2.67E-11,1.64E-10,1.21E-10,7.57E-11,6.06E-11,6.23E-11,1.87E-10,6.15E-11,8.79E-11,2.54E-10,4.23E-11,1.89E-10,3.53E-10,2.64E-11,2.05E-10,7.04E-11,1.70E-10,4.95E-10,2.11E-10,4.22E-11,1.55E-10,2.52E-10,1.01E-10,2.02E-10,1.70E-10,1.51E-10,4.60E-11,1.33E-12,1.37E-10,7.90E-11,2.99E-11,1.86E-10,1.71E-10,4.93E-11,1.68E-10,4.00E-10,5.36E-10,5.21E-10,4.94E-11,3.96E-11,4.62E-10,6.95E-10,4.40E-10,3.11E-10,1.52E-10,3.38E-11,1.23E-10,1.94E-11,2.46E-10,3.48E-10,1.37E-11,1.03E-10,3.38E-10,1.10E-10,1.46E-10,1.02E-10,5.12E-10,2.72E-10,3.20E-11,1.55E-10
62.75,63.25,A,10,1.37E-08,3.06E-08,3.38E-09,1.44E-10,1.37E-09,3.30E-09,2.49E-09,6.72E-11,2.86E-10,3.13E-09,2.27E-09,5.58E-10,7.93E-10,5.22E-10,4.50E-10,1.40E-10,1.35E-10,1.11E-09,1.34E-09,6.10E-10,1.26E-10,3.62E-10,2.41E-10,3.40E-10,1.40E-10,1.01E-09,9.10E-10,7.04E-11,2.83E-10,1.51E-10,1.37E-08,3.06E-08,3.38E-09,1.44E-10,1.37E-09,3.30E-09,2.49E-09,6.72E-11,2.86E-10,3.13E-09,2.27E-09,5.58E-10,7.93E-10,5.22E-10,4.50E-10,1.40E-10,1.35E-10,1.11E-09,1.34E-09,6.10E-10,1.26E-10,3.62E-10,2.41E-10,3.40E-10,1.40E-10,1.01E-09,9.10E-10,7.04E-11,2.83E-10,1.51E-10,8.69E-10,2.48E-10,4.21E-11,2.34E-10,6.48E-10,2.32E-10,3.62E-11,5.75E-11,5.05E-10,1.72E-10,3.99E-10,9.49E-11,3.50E-10,1.53E-10,1.92E-10,3.11E-10,1.91E-10,5.27E-10,2.51E-10,4.98E-12,1.03E-10,2.80E-11,3.16E-11,9.76E-11,1.71E-10,1.59E-10,5.72E-11,1.24E-10,1.24E-10,3.46E-11,1.49E-11,6.65E-11,1.68E-11,4.00E-10,3.06E-11,1.17E-10,7.47E-11,1.01E-10,5.75E-12,1.74E-11,1.30E-10,2.14E-11,3.43E-10,5.24E-10,7.49E-11,7.38E-11,1.83E-10,1.09E-11,1.16E-10,2.15E-10,2.21E-10,6.84E-11,3.57E-10,1.06E-10,7.32E-11,7.11E-11,3.74E-10,4.06E-10,1.79E-10,2.51E-10,2.81E-11,1.61E-10,6.21E-11,5.38E-11,2.70E-10,1.50E-10,2.03E-10,4.37E-10,2.76E-10,3.33E-11,5.64E-11,1.18E-10,1.21E-10,7.63E-11,2.19E-10,1.23E-10,3.16E-11,4.41E-10,1.86E-10,1.10E-09,3.71E-10,5.65E-11,4.09E-10,9.92E-10,8.74E-11,1.28E-10,1.27E-10,5.80E-10,2.42E-10,1.26E-10,8.67E-11,3.31E-10,2.30E-10,3.78E-10,6.53E-11,9.92E-11,3.11E-10,7.56E-10,1.72E-10,8.26E-11,1.96E-11,1.20E-10,1.19E-10,7.95E-11,8.48E-10,5.63E-10,1.26E-10,1.10E-11,3.74E-11,2.07E-10,7.57E-11,1.78E-10,2.44E-11,2.83E-10,2.18E-10,2.74E-11,4.79E-11,3.48E-10,3.75E-10,5.17E-10,4.44E-11,1.01E-10,4.51E-11,1.08E-10,3.73E-10,2.16E-11,8.21E-10,2.71E-10,8.58E-11,8.24E-11
63,63.5,A,10,1.49E-09,5.25E-09,4.35E-10,1.95E-10,2.69E-10,9.02E-11,5.47E-11,1.76E-09,5.07E-11,6.10E-10,1.05E-10,8.61E-10,1.46E-10,1.92E-10,6.76E-11,3.21E-10,3.82E-10,1.18E-10,4.28E-11,2.64E-10,1.87E-10,2.06E-10,2.21E-10,7.55E-11,4.58E-10,1.51E-10,1.29E-10,1.15E-10,4.75E-10,1.02E-10,1.49E-09,5.25E-09,4.35E-10,1.95E-10,2.69E-10,9.02E-11,5.47E-11,1.76E-09,5.07E-11,6.10E-10,1.05E-10,8.61E-10,1.46E-10,1.92E-10,6.76E-11,3.21E-10,3.82E-10,1.18E-10,4.28E-11,2.64E-10,1.87E-10,2.06E-10,2.21E-10,7.55E-11,4.58E-10,1.51E-10,1.29E-10,1.15E-10,4.75E-10,1.02E-10,2.70E-11,5.84E-10,8.82E-10,1.05E-11,6.76E-11,6.19E-12,3.01E-11,1.94E-10,2.32E-10,8.42E-11,1.36E-10,9.77E-11,5.58E-10,2.35E-10,1.18E-10,2.61E-10,4.36E-11,4.75E-10,1.22E-11,2.71E-11,2.18E-10,3.37E-10,4.27E-12,2.18E-10,4.45E-11,1.32E-10,1.13E-10,6.25E-11,2.13E-10,1.26E-10,8.32E-11,4.10E-10,5.17E-10,4.59E-11,1.37E-10,1.07E-11,6.02E-11,3.41E-10,3.20E-10,1.29E-10,5.34E-10,1.06E-10,2.61E-10,9.43E-11,1.69E-10,5.08E-11,1.02E-10,1.53E-10,7.79E-11,2.64E-10,3.18E-11,4.98E-10,4.61E-10,1.17E-10,2.89E-10,8.06E-11,7.28E-11,2.68E-11,6.49E-11,3.18E-10,3.14E-10,5.60E-12,4.34E-10,3.39E-10,2.46E-11,1.26E-10,5.25E-11,8.37E-11,1.25E-10,1.81E-10,3.48E-10,5.79E-11,3.23E-10,8.42E-11,1.74E-10,5.56E-11,2.09E-10,1.00E-10,2.05E-10,3.70E-11,9.13E-11,4.36E-11,3.91E-11,2.35E-10,1.24E-11,1.26E-10,1.74E-10,1.74E-10,1.94E-10,2.87E-10,1.13E-10,5.41E-10,2.50E-10,5.30E-11,7.54E-11,7.90E-11,1.96E-11,9.71E-11,2.11E-10,8.13E-10,2.38E-10,6.56E-11,2.78E-11,6.94E-10,1.28E-11,3.77E-11,2.20E-10,5.85E-10,1.85E-10,4.17E-11,1.54E-11,2.39E-10,4.92E-11,9.21E-11,6.64E-11,1.31E-11,1.90E-10,7.61E-11,1.34E-10,4.81E-11,1.32E-10,2.87E-10,6.15E-11,2.49E-11,7.50E-11,2.93E-11,6.95E-11,8.42E-11,5.53E-12,1.47E-10
63.25,63.75,A,10,7.17E-10,2.12E-09,1.83E-09,1.12E-10,4.53E-10,8.52E-11,2.65E-10,7.13E-10,6.78E-10,2.75E-10,4.89E-10,1.27E-10,6.03E-10,4.43E-11,1.68E-10,1.34E-10,9.35E-11,1.61E-10,5.35E-10,3.59E-10,8.07E-11,3.74E-10,7.63E-11,9.97E-11,1.67E-10,3.52E-11,4.88E-11,2.51E-10,1.37E-10,2.93E-10,7.17E-10,2.12E-09,1.83E-09,1.12E-10,4.53E-10,8.52E-11,2.65E-10,7.13E-10,6.78E-10,2.75E-10,4.89E-10,1.27E-10,6.03E-10,4.43E-11,1.68E-10,1.34E-10,9.35E-11,1.61E-10,5.35E-10,3.59E-10,8.07E-11,3.74E-10,7.63E-11,9.97E-11,1.67E-10,3.52E-11,4.88E-11,2.51E-10,1.37E-10,2.93E-10,7.87E-11,1.42E-10,5.85E-11,4.66E-11,4.76E-11,1.49E-10,1.50E-10,4.84E-11,2.15E-10,5.29E-11,6.89E-11,2.50E-10,3.26E-11,2.94E-10,5.52E-11,2.22E-12,8.09E-11,2.92E-11,7.95E-11,4.43E-11,2.54E-10,3.19E-11,1.00E-11,4.16E-11,1.31E-10,1.11E-10,1.18E-10,4.69E-11,1.65E-11,1.86E-11,5.11E-11,1.22E-10,1.08E-10,6.41E-11,1.71E-11,8.37E-11,2.66E-11,1.78E-10,9.00E-11,3.41E-11,4.84E-11,3.77E-11,8.04E-11,4.38E-11,1.47E-10,1.07E-10,1.39E-11,3.11E-10,6.65E-11,1.43E-10,5.76E-11,2.94E-10,1.13E-10,1.56E-10,1.41E-10,9.69E-11,5.77E-11,5.49E-11,2.47E-11,1.16E-10,2.77E-11,3.48E-11,8.48E-11,5.10E-11,4.89E-12,8.71E-12,9.95E-11,5.23E-11,8.05E-11,4.75E-11,9.58E-11,1.63E-10,1.45E-11,1.69E-10,1.07E-10,3.66E-11,1.39E-10,2.50E-10,1.28E-10,3.85E-10,9.70E-11,2.67E-10,7.31E-11,2.54E-11,1.55E-10,2.74E-10,5.83E-11,3.73E-10,1.01E-10,3.92E-11,1.89E-10,1.17E-10,2.12E-10,1.38E-10,8.17E-11,1.45E-10,1.00E-10,5.70E-11,2.12E-10,2.36E-10,7.32E-11,3.85E-11,3.53E-10,1.09E-10,1.05E-10,3.21E-10,1.57E-11,7.91E-11,6.67E-10,1.67E-10,2.76E-10,9.12E-11,1.27E-10,1.23E-10,1.93E-11,2.70E-11,1.79E-10,8.83E-11,3.70E-11,5.25E-11,1.58E-12,2.38E-11,1.10E-10,3.64E-11,7.94E-11,4.01E-10,1.14E-10,8.93E-11,2.07E-10,2.85E-11
63.5,64,A,10,5.25E-09,9.92E-11,1.46E-08,3.76E-10,1.32E-09,8.87E-10,1.86E-09,1.37E-09,1.48E-09,6.56E-10,2.59E-10,8.77E-10,1.45E-09,1.00E-09,6.26E-10,3.32E-11,5.73E-10,6.16E-10,6.34E-10,5.12E-10,5.17E-10,3.44E-10,7.02E-11,4.22E-11,4.09E-11,4.31E-11,3.83E-11,4.43E-11,7.09E-10,9.77E-11,5.25E-09,9.92E-11,1.46E-08,3.76E-10,1.32E-09,8.87E-10,1.86E-09,1.37E-09,1.48E-09,6.56E-10,2.59E-10,8.77E-10,1.45E-09,1.00E-09,6.26E-10,3.32E-11,5.73E-10,6.16E-10,6.34E-10,5.12E-10,5.17E-10,3.44E-10,7.02E-11,4.22E-11,4.09E-11,4.31E-11,3.83E-11,4.43E-11,7.09E-10,9.77E-11,4.81E-10,4.63E-11,1.21E-10,3.27E-10,1.10E-11,8.14E-11,4.62E-11,3.61E-10,2.72E-10,1.87E-10,3.32E-10,2.22E-11,1.86E-10,1.59E-10,1.09E-10,2.52E-10,4.56E-11,1.44E-10,4.34E-10,9.04E-11,2.72E-10,1.89E-10,2.08E-10,1.30E-10,5.02E-11,1.19E-10,3.83E-10,6.29E-10,1.62E-10,2.46E-10,3.06E-10,1.50E-11,7.90E-11,1.62E-10,1.81E-11,6.14E-11,1.78E-10,6.02E-11,9.52E-12,6.92E-11,3.40E-10,1.04E-10,3.30E-11,1.63E-11,1.68E-10,1.17E-10,2.81E-11,3.77E-11,4.60E-11,2.36E-10,6.91E-11,2.35E-10,2.95E-10,3.95E-11,6.11E-11,3.01E-10,3.54E-10,1.08E-10,1.42E-10,8.82E-10,3.72E-10,6.70E-11,2.97E-10,2.68E-10,1.24E-10,2.54E-10,3.49E-11,4.54E-10,9.21E-11,4.65E-10,1.56E-10,3.00E-10,4.52E-11,3.60E-10,6.63E-11,1.70E-10,2.13E-10,4.01E-11,1.89E-10,3.35E-10,7.85E-11,1.14E-10,4.97E-10,1.17E-10,5.54E-11,2.77E-10,1.61E-10,2.76E-10,2.96E-10,8.83E-11,9.39E-11,3.71E-10,4.00E-10,1.74E-10,5.20E-11,3.28E-11,2.27E-10,2.05E-10,1.57E-10,3.94E-11,3.52E-10,9.56E-11,3.08E-11,8.67E-11,9.25E-11,7.95E-11,3.54E-11,2.10E-11,6.99E-11,2.37E-10,1.72E-10,2.57E-10,2.32E-11,1.19E-11,2.62E-11,1.06E-10,1.06E-11,1.46E-11,4.87E-11,6.64E-11,2.81E-11,2.13E-10,5.88E-11,4.47E-10,5.14E-10,1.54E-10,1.75E-10,1.85E-10,4.79E-10,1.75E-10
63.75,64.25,A,10,1.47E-09,1.23E-09,2.02E-10,1.01E-09,9.95E-10,4.86E-10,2.15E-10,2.55E-10,1.02E-11,5.17E-10,4.83E-10,9.79E-11,5.65E-10,1.83E-10,7.39E-10,5.15E-11,1.65E-10,7.08E-10,4.91E-10,2.29E-10,1.23E-09,1.75E-10,2.76E-10,6.63E-10,8.92E-11,6.66E-11,6.68E-10,2.78E-10,3.92E-10,1.08E-10,1.47E-09,1.23E-09,2.02E-10,1.01E-09,9.95E-10,4.86E-10,2.15E-10,2.55E-10,1.02E-11,5.17E-10,4.83E-10,9.79E-11,5.65E-10,1.83E-10,7.39E-10,5.15E-11,1.65E-10,7.08E-10,4.91E-10,2.29E-10,1.23E-09,1.75E-10,2.76E-10,6.63E-10,8.92E-11,6.66E-11,6.68E-10,2.78E-10,3.92E-10,1.08E-10,7.33E-11,1.21E-10,3.47E-11,4.70E-10,4.22E-10,1.31E-10,1.62E-10,4.08E-10,2.29E-10,4.53E-10,3.10E-10,1.31E-10,7.81E-11,6.12E-10,3.92E-10,4.42E-10,2.19E-10,2.76E-10,3.79E-10,5.68E-12,1.62E-10,4.46E-10,2.42E-10,7.86E-11,1.90E-10,2.19E-11,1.00E-10,4.67E-10,1.30E-10,2.19E-10,1.95E-10,1.58E-10,5.94E-11,5.62E-11,7.97E-11,2.72E-10,1.33E-10,4.48E-11,2.16E-10,1.19E-10,1.87E-10,7.72E-11,2.63E-10,6.61E-11,2.90E-11,2.30E-10,1.99E-11,1.12E-10,8.35E-12,1.90E-11,3.71E-10,1.05E-10,6.52E-11,2.11E-10,9.90E-11,1.10E-10,2.81E-10,2.05E-10,1.32E-10,9.91E-11,1.41E-10,2.05E-10,2.23E-11,7.31E-11,7.54E-11,9.90E-12,2.18E-10,5.45E-11,3.19E-11,9.34E-11,2.60E-11,4.07E-11,4.91E-11,1.65E-10,7.77E-11,8.46E-11,7.78E-11,1.00E-10,2.47E-10,7.35E-11,3.95E-10,1.43E-11,2.33E-12,3.50E-11,1.73E-10,5.28E-11,2.41E-11,8.68E-11,4.25E-10,5.24E-11,1.14E-10,5.65E-11,1.73E-11,4.64E-11,1.17E-10,1.31E-10,8.11E-11,1.08E-10,4.16E-11,6.75E-11,1.22E-10,2.36E-10,2.94E-10,1.60E-10,6.47E-11,7.54E-11,8.93E-11,6.69E-11,1.33E-10,2.38E-10,1.31E-10,3.99E-10,1.01E-10,2.17E-11,6.64E-11,1.19E-10,3.66E-11,6.30E-11,2.68E-10,5.37E-11,5.86E-11,4.06E-11,3.42E-11,2.40E-10,1.37E-10,4.52E-11,1.37E-10,5.81E-11,6.40E-11,1.43E-11
64,64.5,A,10,7.83E-10,1.32E-09,6.10E-10,4.72E-10,9.04E-10,3.14E-10,2.69E-10,2.53E-10,4.77E-10,9.78E-11,9.63E-11,3.18E-10,2.20E-10,5.28E-11,3.72E-11,1.26E-10,1.90E-10,2.23E-11,2.86E-10,2.14E-11,1.96E-10,9.86E-12,8.89E-11,9.22E-11,9.48E-11,7.62E-11,4.33E-11,2.72E-10,1.26E-10,7.04E-11,7.83E-10,1.32E-09,6.10E-10,4.72E-10,9.04E-10,3.14E-10,2.69E-10,2.53E-10,4.77E-10,9.78E-11,9.63E-11,3.18E-10,2.20E-10,5.28E-11,3.72E-11,1.26E-10,1.90E-10,2.23E-11,2.86E-10,2.14E-11,1.96E-10,9.86E-12,8.89E-11,9.22E-11,9.48E-11,7.62E-11,4.33E-11,2.72E-10,1.26E-10,7.04E-11,2.70E-10,5.10E-10,2.19E-11,1.23E-10,1.18E-10,6.57E-11,1.04E-10,8.84E-11,1.32E-10,9.18E-11,1.03E-10,4.75E-11,7.47E-12,6.01E-11,1.89E-10,8.40E-12,2.12E-10,6.26E-11,6.80E-11,3.97E-11,1.17E-10,7.89E-11,1.00E-10,8.05E-11,6.77E-11,4.65E-10,1.41E-10,1.33E-11,2.85E-10,3.16E-10,1.05E-10,1.72E-10,2.53E-10,1.26E-10,4.39E-11,6.42E-11,5.62E-12,1.05E-10,1.61E-11,5.79E-11,1.41E-10,2.65E-11,3.03E-11,9.82E-11,7.92E-11,8.00E-11,1.12E-10,1.07E-10,3.36E-11,2.62E-10,1.55E-10,1.09E-10,6.41E-11,1.14E-10,1.42E-10,4.56E-11,4.49E-11,2.80E-10,1.71E-10,1.50E-10,2.00E-10,2.69E-10,2.71E-10,2.81E-10,1.38E-10,7.86E-11,2.92E-10,5.02E-11,1.25E-10,4.63E-11,1.43E-10,2.34E-10,1.47E-10,3.87E-10,1.48E-10,1.98E-11,9.62E-11,2.08E-11,1.00E-10,1.45E-10,1.64E-10,8.09E-11,1.05E-10,1.60E-10,2.25E-11,4.21E-10,2.98E-10,4.52E-11,9.29E-11,1.86E-10,2.32E-10,9.34E-11,1.28E-10,1.08E-10,7.68E-11,1.33E-10,6.27E-11,1.92E-10,5.10E-11,6.78E-11,4.73E-11,6.80E-11,1.59E-10,1.26E-10,2.57E-11,1.74E-10,9.49E-11,4.23E-11,3.21E-10,3.03E-10,1.84E-10,2.70E-10,1.49E-10,8.89E-11,9.09E-11,4.67E-11,2.37E-11,2.11E-11,6.70E-11,4.37E-11,5.73E-11,4.18E-11,5.81E-11,1.58E-10,1.23E-10,3.26E-11,4.17E-11,5.74E-11,1.71E-11,3.31E-11
64.25,64.75,A,10,3.11E-10,1.19E-09,2.84E-10,7.41E-10,7.62E-10,2.02E-09,3.94E-10,2.68E-10,3.15E-10,3.73E-10,3.86E-10,1.64E-10,5.00E-10,8.43E-11,8.11E-11,6.22E-11,5.48E-10,5.04E-11,1.83E-10,5.37E-10,8.00E-11,1.10E-10,1.24E-10,5.33E-11,2.59E-10,5.84E-11,6.80E-11,9.45E-12,5.41E-11,6.79E-11,3.11E-10,1.19E-09,2.84E-10,7.41E-10,7.62E-10,2.02E-09,3.94E-10,2.68E-10,3.15E-10,3.73E-10,3.86E-10,1.64E-10,5.00E-10,8.43E-11,8.11E-11,6.22E-11,5.48E-10,5.04E-11,1.83E-10,5.37E-10,8.00E-11,1.10E-10,1.24E-10,5.33E-11,2.59E-10,5.84E-11,6.80E-11,9.45E-12,5.41E-11,6.79E-11,5.67E-11,3.20E-10,6.06E-12,2.09E-11,2.51E-11,2.12E-10,4.42E-11,5.82E-11,5.24E-11,1.84E-10,3.83E-10,1.63E-10,3.01E-10,1.77E-10,7.97E-11,1.01E-10,9.02E-11,1.59E-10,3.12E-10,3.70E-10,3.21E-10,4.65E-11,1.37E-10,1.22E-10,2.03E-10,1.21E-10,9.30E-11,2.37E-10,1.29E-10,3.25E-11,6.56E-13,2.40E-10,1.57E-10,1.04E-10,3.93E-11,2.42E-10,8.57E-12,1.91E-10,1.43E-10,6.27E-11,1.40E-10,1.71E-10,4.27E-11,9.55E-11,1.30E-10,3.41E-10,4.51E-11,1.98E-10,2.16E-10,4.03E-11,4.34E-11,3.58E-11,2.27E-11,8.46E-11,7.63E-11,3.39E-10,2.36E-10,4.44E-11,2.00E-10,1.55E-10,2.43E-10,1.20E-10,6.72E-10,1.00E-10,1.79E-10,1.63E-11,3.60E-10,1.97E-10,4.49E-11,7.55E-11,1.47E-11,1.93E-10,1.25E-10,3.68E-11,1.17E-10,1.08E-10,2.44E-10,4.71E-10,1.44E-10,3.76E-11,1.05E-10,2.73E-10,3.97E-10,9.67E-11,2.41E-11,2.31E-10,1.11E-10,5.61E-12,3.09E-10,5.08E-11,1.77E-10,5.28E-10,1.47E-10,6.41E-10,4.14E-10,1.87E-10,1.70E-10,2.47E-10,1.03E-10,6.21E-10,5.39E-11,1.04E-10,2.38E-11,6.92E-11,2.72E-10,4.78E-11,3.86E-10,4.07E-11,7.84E-11,2.15E-10,2.53E-10,1.16E-10,1.02E-10,3.66E-10,3.80E-11,9.56E-12,1.98E-10,2.04E-11,2.04E-10,3.80E-10,5.90E-11,3.03E-10,8.90E-11,2.00E-10,1.57E-10,6.13E-11,3.21E-11,7.54E-11,1.37E-10,1.97E-11
64.5,65,A,10,1.30E-08,2.67E-08,4.49E-09,1.99E-10,5.03E-10,4.90E-10,3.44E-10,4.43E-10,2.26E-10,1.49E-10,6.09E-10,2.87E-10,2.03E-10,1.01E-11,9.62E-11,2.79E-10,7.28E-10,2.44E-10,8.99E-11,1.37E-10,7.75E-10,6.97E-10,5.46E-10,5.70E-11,2.14E-10,4.39E-10,2.02E-10,2.50E-10,1.82E-10,1.59E-10,1.30E-08,2.67E-08,4.49E-09,1.99E-10,5.03E-10,4.90E-10,3.44E-10,4.43E-10,2.26E-10,1.49E-10,6.09E-10,2.87E-10,2.03E-10,1.01E-11,9.62E-11,2.79E-10,7.28E-10,2.44E-10,8.99E-11,1.37E-10,7.75E-10,6.97E-10,5.46E-10,5.70E-11,2.14E-10,4.39E-10,2.02E-10,2.50E-10,1.82E-10,1.59E-10,1.04E-10,1.66E-11,2.07E-10,3.93E-10,3.37E-10,4.45E-11,1.29E-10,1.99E-10,5.47E-10,1.45E-10,6.91E-11,1.56E-10,7.61E-11,1.29E-10,7.74E-11,2.02E-10,8.39E-11,1.56E-10,1.86E-10,1.38E-10,2.33E-10,4.81E-11,1.36E-10,6.36E-11,1.89E-10,1.77E-11,2.67E-10,1.37E-10,3.44E-11,1.37E-10,1.01E-10,9.90E-11,1.35E-10,4.92E-10,1.38E-10,3.73E-10,2.04E-10,3.27E-11,1.03E-10,3.23E-10,8.19E-11,1.53E-10,5.43E-11,9.56E-11,2.33E-10,1.29E-10,1.40E-10,3.89E-10,7.24E-11,7.68E-11,2.07E-11,9.22E-11,9.60E-11,1.92E-10,2.41E-10,1.20E-10,3.70E-10,5.76E-10,8.95E-11,2.47E-10,6.92E-12,3.20E-10,2.26E-10,6.03E-11,7.34E-11,9.30E-12,3.78E-11,8.72E-11,8.32E-11,2.09E-10,2.34E-11,6.06E-11,8.41E-11,1.15E-10,2.53E-11,1.70E-11,1.35E-10,1.90E-10,2.78E-10,2.66E-10,1.99E-10,2.06E-10,2.86E-10,4.39E-10,1.12E-10,6.18E-11,5.57E-11,7.17E-12,9.06E-11,3.71E-10,9.72E-11,3.83E-11,9.60E-11,1.56E-10,2.23E-10,6.30E-11,2.20E-10,2.94E-10,1.90E-10,3.95E-10,3.46E-11,4.28E-11,1.71E-10,2.62E-11,1.47E-10,6.63E-11,5.93E-11,1.57E-10,2.06E-11,4.95E-11,6.41E-11,1.85E-10,6.70E-11,4.92E-10,1.22E-10,6.63E-11,3.36E-11,4.64E-11,2.85E-10,1.91E-11,2.80E-12,1.78E-10,1.00E-10,9.53E-11,9.42E-12,1.71E-11,1.40E-10,8.57E-12,1.47E-10,1.48E-11
64.75,65.25,A,10,9.54E-09,6.87E-09,4.00E-10,3.15E-10,4.81E-10,4.71E-10,2.63E-10,7.17E-10,7.00E-10,1.22E-11,3.04E-10,2.87E-10,1.50E-10,1.82E-10,1.85E-10,1.84E-10,4.51E-10,7.38E-11,4.36E-10,2.16E-10,1.71E-10,1.62E-10,1.26E-10,2.13E-10,6.43E-11,1.06E-10,1.20E-10,7.90E-11,1.11E-10,6.26E-11,9.54E-09,6.87E-09,4.00E-10,3.15E-10,4.81E-10,4.71E-10,2.63E-10,7.17E-10,7.00E-10,1.22E-11,3.04E-10,2.87E-10,1.50E-10,1.82E-10,1.85E-10,1.84E-10,4.51E-10,7.38E-11,4.36E-10,2.16E-10,1.71E-10,1.62E-10,1.26E-10,2.13E-10,6.43E-11,1.06E-10,1.20E-10,7.90E-11,1.11E-10,6.26E-11,4.94E-11,1.34E-10,1.71E-11,1.06E-10,1.25E-10,1.67E-11,2.44E-11,1.24E-10,1.64E-10,1.63E-10,1.42E-10,4.98E-11,2.81E-11,1.24E-10,1.72E-10,8.24E-11,1.50E-10,7.34E-11,1.65E-10,7.14E-11,3.96E-10,1.06E-10,1.05E-10,1.29E-10,1.20E-10,1.74E-11,8.06E-11,8.03E-11,2.65E-10,3.59E-10,5.57E-11,2.19E-10,1.12E-10,7.12E-11,9.59E-11,1.76E-11,2.80E-10,1.48E-10,3.36E-11,2.73E-10,2.43E-11,1.77E-10,2.73E-10,2.08E-10,3.71E-10,1.52E-10,2.22E-10,4.13E-10,2.85E-11,1.63E-10,7.28E-11,1.66E-10,1.77E-10,4.52E-11,2.61E-11,3.45E-10,2.54E-11,6.67E-11,6.29E-11,4.23E-11,3.76E-11,1.85E-10,9.58E-11,1.71E-11,3.87E-11,8.91E-11,2.91E-11,1.07E-10,5.20E-11,2.64E-11,3.29E-11,2.84E-10,1.03E-10,9.08E-11,2.92E-10,1.10E-10,1.33E-10,1.17E-10,8.77E-11,2.83E-10,3.43E-11,1.31E-10,3.52E-11,5.95E-11,5.42E-11,1.62E-11,2.51E-10,5.94E-11,1.05E-11,7.79E-12,6.60E-11,1.55E-11,1.19E-10,6.59E-11,1.24E-10,7.19E-11,7.56E-11,9.80E-11,1.08E-10,7.50E-11,4.25E-10,1.09E-10,1.32E-10,5.28E-10,1.52E-10,2.03E-10,2.73E-10,2.58E-10,2.90E-10,1.35E-10,4.52E-11,1.41E-10,1.36E-10,2.04E-11,1.32E-10,2.07E-10,2.57E-10,1.24E-11,5.51E-11,1.69E-10,1.67E-10,3.16E-11,3.23E-10,1.56E-10,1.66E-11,8.66E-11,7.11E-11,2.03E-11,1.11E-10,2.49E-11
65,65.5,A,10,1.08E-09,2.99E-08,2.13E-09,1.73E-09,6.45E-09,1.64E-09,2.69E-10,5.74E-10,1.04E-09,1.07E-09,6.75E-10,3.27E-10,3.04E-10,4.21E-10,2.17E-10,8.92E-10,9.03E-10,2.45E-10,1.57E-10,1.34E-10,2.38E-10,8.87E-11,9.47E-11,1.17E-09,3.66E-10,1.23E-11,1.24E-09,2.85E-10,1.41E-10,5.04E-10,1.08E-09,2.99E-08,2.13E-09,1.73E-09,6.45E-09,1.64E-09,2.69E-10,5.74E-10,1.04E-09,1.07E-09,6.75E-10,3.27E-10,3.04E-10,4.21E-10,2.17E-10,8.92E-10,9.03E-10,2.45E-10,1.57E-10,1.34E-10,2.38E-10,8.87E-11,9.47E-11,1.17E-09,3.66E-10,1.23E-11,1.24E-09,2.85E-10,1.41E-10,5.04E-10,1.03E-10,1.97E-10,5.88E-11,4.54E-10,1.97E-10,1.77E-10,4.66E-10,2.31E-11,1.59E-10,1.33E-10,9.83E-11,4.18E-10,4.49E-10,8.55E-11,2.73E-10,3.30E-10,2.41E-10,3.28E-10,4.18E-11,2.95E-10,2.25E-10,3.39E-10,2.58E-10,4.69E-11,1.06E-10,5.66E-11,4.57E-11,1.59E-10,1.51E-10,1.64E-10,4.23E-10,3.15E-10,9.54E-11,4.01E-10,2.83E-10,2.53E-11,1.19E-10,7.88E-10,8.69E-11,3.26E-11,1.80E-10,2.25E-10,7.85E-11,4.18E-11,8.77E-12,5.80E-11,3.05E-11,2.68E-11,1.23E-10,2.42E-10,6.74E-11,8.85E-12,1.40E-10,2.39E-10,6.02E-11,2.05E-10,1.48E-10,9.43E-10,3.04E-10,3.27E-11,2.64E-10,3.89E-10,1.03E-10,8.12E-11,1.94E-10,6.18E-11,7.00E-12,5.15E-10,4.04E-10,1.77E-10,1.64E-10,6.62E-10,2.22E-10,4.53E-10,1.40E-10,2.87E-10,1.67E-10,1.50E-10,9.70E-11,1.02E-09,1.17E-10,4.55E-10,4.76E-10,1.76E-10,1.41E-10,2.43E-10,5.27E-10,2.26E-10,2.10E-10,1.44E-10,2.11E-10,3.52E-11,1.96E-10,1.55E-10,1.03E-10,1.84E-11,8.24E-11,3.72E-11,1.57E-10,3.17E-11,9.67E-11,5.11E-10,5.58E-10,1.18E-11,4.77E-10,5.68E-11,1.75E-10,7.54E-10,1.82E-10,2.63E-10,2.56E-11,2.53E-10,1.30E-10,3.18E-11,1.57E-10,2.54E-10,2.54E-10,4.28E-10,2.27E-10,1.27E-10,2.02E-11,3.15E-10,1.25E-10,5.97E-11,9.18E-11,2.54E-10,5.97E-11,1.76E-10,5.79E-10,2.67E-11
65.25,65.75,A,10,2.08E-08,1.12E-08,8.49E-10,2.04E-09,9.41E-10,3.72E-09,5.11E-09,1.32E-09,1.15E-10,1.37E-09,6.23E-10,1.18E-09,5.08E-10,9.20E-10,1.78E-10,3.16E-10,5.47E-10,8.76E-10,2.76E-11,1.40E-10,4.10E-10,2.76E-10,6.24E-10,1.80E-10,4.46E-10,5.53E-11,2.01E-10,9.58E-10,4.02E-10,2.18E-10,2.08E-08,1.12E-08,8.49E-10,2.04E-09,9.41E-10,3.72E-09,5.11E-09,1.32E-09,1.15E-10,1.37E-09,6.23E-10,1.18E-09,5.08E-10,9.20E-10,1.78E-10,3.16E-10,5.47E-10,8.76E-10,2.76E-11,1.40E-10,4.10E-10,2.76E-10,6.24E-10,1.80E-10,4.46E-10,5.53E-11,2.01E-10,9.58E-10,4.02E-10,2.18E-10,3.09E-10,1.85E-10,5.24E-10,2.11E-10,8.00E-10,3.19E-10,2.46E-10,1.99E-11,1.16E-10,1.60E-10,1.67E-10,1.51E-10,1.05E-09,3.60E-10,7.01E-10,2.96E-10,2.52E-10,3.92E-10,4.46E-10,3.53E-10,3.17E-10,5.93E-10,1.20E-10,3.85E-10,2.93E-11,1.17E-09,3.38E-10,1.90E-10,1.82E-11,4.53E-10,2.28E-10,1.08E-09,5.11E-10,7.07E-10,3.34E-10,1.74E-10,2.63E-10,5.21E-10,2.66E-10,1.21E-10,9.00E-10,4.26E-10,5.35E-10,2.58E-10,6.26E-10,1.29E-10,1.12E-10,2.35E-11,1.01E-10,2.96E-10,5.08E-10,5.81E-10,4.56E-11,3.69E-10,5.68E-10,4.15E-10,8.81E-10,2.57E-10,1.57E-10,2.95E-10,1.08E-10,2.17E-11,5.33E-10,2.49E-10,2.39E-11,1.99E-10,4.00E-10,1.16E-10,5.85E-10,5.03E-10,2.44E-11,4.18E-10,4.68E-10,9.73E-10,3.04E-10,3.90E-10,1.01E-10,1.11E-10,4.89E-11,7.18E-10,3.07E-10,2.49E-10,2.23E-10,7.78E-10,8.25E-11,6.63E-10,2.34E-10,1.43E-10,6.85E-10,4.35E-10,7.23E-10,2.68E-10,1.80E-10,1.06E-10,2.48E-10,7.78E-11,3.65E-10,1.17E-10,8.63E-11,1.40E-10,7.63E-10,5.01E-10,3.42E-10,5.27E-11,3.16E-10,1.75E-10,4.07E-11,8.10E-11,9.02E-11,5.19E-10,2.61E-10,1.04E-10,4.39E-10,2.26E-11,6.54E-11,2.02E-10,1.38E-10,7.87E-10,3.68E-10,2.00E-10,3.92E-10,1.50E-10,8.07E-11,2.04E-10,3.26E-10,1.19E-10,3.60E-10,1.09E-10,5.41E-11,9.01E-11
65.5,66,A,10,2.62E-08,4.61E-09,1.86E-09,3.67E-09,3.64E-09,8.13E-10,5.91E-10,1.72E-09,5.07E-10,4.38E-10,3.71E-10,6.26E-10,1.71E-10,1.19E-10,1.03E-09,5.82E-10,2.21E-10,1.10E-10,2.13E-10,2.36E-10,4.38E-10,5.12E-10,1.19E-10,1.01E-09,9.39E-11,1.54E-10,3.77E-10,1.20E-10,3.69E-11,1.04E-10,2.62E-08,4.61E-09,1.86E-09,3.67E-09,3.64E-09,8.13E-10,5.91E-10,1.72E-09,5.07E-10,4.38E-10,3.71E-10,6.26E-10,1.71E-10,1.19E-10,1.03E-09,5.82E-10,2.21E-10,1.10E-10,2.13E-10,2.36E-10,4.38E-10,5.12E-10,1.19E-10,1.01E-09,9.39E-11,1.54E-10,3.77E-10,1.20E-10,3.69E-11,1.04E-10,4.17E-10,4.38E-11,2.58E-10,1.58E-10,5.74E-11,1.11E-10,4.43E-10,2.05E-10,1.35E-10,1.75E-10,1.11E-11,2.01E-11,1.41E-10,7.08E-11,2.11E-10,3.39E-10,1.15E-10,1.29E-10,1.79E-10,2.23E-10,1.32E-10,2.52E-10,2.56E-10,1.54E-10,7.35E-11,2.40E-11,4.60E-10,2.35E-10,6.52E-10,1.30E-10,3.58E-10,2.04E-10,1.75E-10,1.40E-10,1.92E-09,1.94E-10,5.42E-10,3.12E-10,1.08E-11,2.54E-10,4.57E-10,2.32E-10,9.42E-11,5.44E-10,1.93E-10,3.41E-10,4.98E-11,4.51E-10,9.56E-10,3.39E-10,3.63E-10,3.25E-10,2.21E-10,1.33E-10,1.37E-10,1.20E-10,4.04E-10,1.06E-09,3.82E-10,2.34E-10,1.72E-10,1.03E-10,3.52E-10,3.55E-10,2.60E-10,4.70E-11,8.51E-11,5.50E-11,3.99E-11,3.87E-11,1.29E-10,7.84E-11,2.37E-11,2.39E-10,2.40E-11,1.89E-10,8.16E-11,5.53E-11,1.82E-10,6.05E-10,2.35E-10,8.60E-11,4.56E-10,1.19E-09,2.19E-10,3.50E-10,1.27E-10,2.03E-10,1.00E-09,7.87E-11,5.23E-11,7.35E-11,4.27E-10,4.78E-10,1.58E-11,1.06E-10,2.19E-10,1.99E-10,5.07E-10,3.64E-11,4.38E-11,2.51E-11,3.66E-10,3.11E-11,4.43E-11,3.62E-11,1.32E-11,6.52E-10,4.35E-11,7.99E-10,2.13E-10,1.42E-11,1.70E-10,1.24E-10,6.74E-11,1.48E-11,5.01E-12,6.61E-10,1.14E-10,2.52E-10,2.24E-10,2.14E-10,1.19E-10,4.35E-10,5.64E-10,4.81E-11,1.25E-10,1.06E-10,5.01E-10,1.14E-09
65.75,66.25,A,10,9.56E-09,8.66E-09,2.72E-09,1.47E-09,4.04E-10,1.73E-09,9.52E-10,9.26E-10,1.97E-10,1.41E-10,3.31E-10,1.99E-10,3.70E-10,1.08E-10,1.31E-10,1.10E-10,1.82E-10,6.86E-11,3.38E-11,6.55E-10,4.18E-10,4.58E-11,1.63E-10,2.09E-10,1.38E-11,8.75E-11,9.47E-11,2.91E-11,2.69E-10,1.99E-10,9.56E-09,8.66E-09,2.72E-09,1.47E-09,4.04E-10,1.73E-09,9.52E-10,9.26E-10,1.97E-10,1.41E-10,3.31E-10,1.99E-10,3.70E-10,1.08E-10,1.31E-10,1.10E-10,1.82E-10,6.86E-11,3.38E-11,6.55E-10,4.18E-10,4.58E-11,1.63E-10,2.09E-10,1.38E-11,8.75E-11,9.47E-11,2.91E-11,2.69E-10,1.99E-10,3.64E-10,4.07E-11,5.17E-11,3.04E-10,1.00E-10,8.10E-11,8.37E-11,2.74E-11,5.04E-11,9.14E-11,4.87E-11,3.15E-10,3.22E-10,3.52E-10,3.14E-11,4.18E-11,9.73E-11,7.17E-11,2.61E-10,5.25E-11,2.83E-11,2.93E-11,2.11E-10,1.30E-11,5.86E-11,1.08E-10,4.84E-11,1.00E-10,5.31E-11,1.44E-10,3.05E-11,1.39E-10,1.33E-10,2.49E-11,2.88E-11,1.60E-10,1.49E-10,2.36E-10,2.52E-10,1.17E-10,5.56E-11,2.96E-11,6.65E-11,1.22E-10,1.63E-10,1.02E-10,1.13E-11,7.19E-11,9.64E-11,1.05E-10,2.85E-10,6.81E-11,1.18E-10,8.02E-11,1.09E-10,2.67E-10,2.19E-10,3.71E-10,1.01E-11,5.98E-11,4.94E-11,4.79E-11,1.49E-10,3.50E-11,6.27E-11,6.38E-11,1.42E-10,1.71E-11,1.08E-10,1.17E-10,6.95E-11,6.43E-11,1.34E-10,5.26E-11,1.73E-10,2.38E-10,5.14E-11,7.46E-11,6.77E-11,1.95E-10,2.23E-10,1.08E-10,1.26E-10,4.05E-11,5.49E-11,4.14E-11,2.58E-11,8.32E-11,9.17E-11,6.28E-11,1.58E-10,7.02E-11,1.17E-11,2.83E-11,3.13E-11,3.62E-11,1.81E-10,1.50E-11,1.26E-10,1.51E-10,8.22E-11,1.05E-11,2.89E-10,4.16E-11,6.07E-11,7.11E-12,3.49E-11,1.71E-11,2.49E-11,4.32E-11,9.41E-11,1.12E-10,8.74E-11,1.88E-10,1.61E-11,2.74E-10,2.99E-11,2.64E-11,2.88E-11,4.59E-11,7.34E-11,3.81E-11,1.50E-11,1.42E-10,2.84E-11,9.44E-11,5.76E-11,3.01E-11,2.11E-10,3.10E-11
66,66.5,A,10,1.21E-08,1.11E-08,2.42E-09,2.05E-09,1.45E-09,3.30E-09,2.40E-10,7.42E-10,1.81E-10,7.89E-10,1.38E-10,4.77E-10,2.51E-11,4.30E-10,5.01E-11,1.06E-10,8.73E-10,6.79E-10,1.00E-10,1.12E-10,3.25E-11,3.20E-10,2.25E-10,4.96E-10,1.70E-10,3.72E-10,3.90E-10,1.55E-10,1.28E-10,1.32E-10,1.21E-08,1.11E-08,2.42E-09,2.05E-09,1.45E-09,3.30E-09,2.40E-10,7.42E-10,1.81E-10,7.89E-10,1.38E-10,4.77E-10,2.51E-11,4.30E-10,5.01E-11,1.06E-10,8.73E-10,6.79E-10,1.00E-10,1.12E-10,3.25E-11,3.20E-10,2.25E-10,4.96E-10,1.70E-10,3.72E-10,3.90E-10,1.55E-10,1.28E-10,1.32E-10,2.01E-10,1.21E-10,3.42E-10,2.33E-10,7.63E-11,2.01E-10,9.51E-11,3.38E-10,4.72E-10,1.89E-11,3.61E-11,2.12E-10,3.50E-11,3.47E-10,1.58E-10,4.64E-10,1.62E-10,1.19E-10,2.97E-10,2.12E-10,1.31E-10,2.97E-10,5.18E-10,3.11E-10,1.91E-10,3.14E-11,4.34E-10,3.23E-10,5.82E-10,5.61E-10,1.30E-10,3.41E-10,3.37E-10,5.38E-10,2.07E-10,5.95E-11,1.94E-10,4.03E-11,6.92E-12,1.56E-10,3.02E-10,1.86E-10,1.28E-11,2.82E-10,1.76E-10,1.82E-10,5.31E-11,2.48E-11,2.28E-10,6.66E-11,2.53E-10,1.82E-10,2.10E-10,2.48E-10,1.81E-11,9.51E-11,1.02E-10,4.85E-10,9.23E-11,1.42E-10,5.56E-11,1.37E-10,4.14E-10,3.42E-10,2.75E-10,3.04E-10,2.70E-11,1.35E-10,4.35E-10,6.53E-10,2.13E-10,1.87E-10,1.44E-10,1.39E-10,6.64E-11,1.59E-10,1.73E-10,1.82E-11,1.29E-10,9.12E-11,1.86E-10,2.33E-10,4.34E-11,1.50E-10,1.64E-10,1.05E-10,3.47E-10,1.75E-10,5.24E-10,9.83E-11,2.46E-10,3.11E-10,6.17E-11,2.74E-10,4.50E-10,1.65E-10,1.02E-10,1.77E-10,8.19E-11,5.08E-10,1.60E-10,2.02E-10,3.83E-10,3.21E-10,5.32E-10,4.55E-10,1.77E-10,4.33E-10,2.09E-10,2.16E-10,9.34E-10,1.18E-11,2.76E-10,1.94E-10,2.82E-11,2.06E-10,3.14E-10,3.47E-10,1.17E-10,1.41E-10,7.73E-10,5.50E-11,6.12E-11,1.80E-10,6.84E-10,2.32E-10,1.32E-10,1.75E-10,1.82E-10,5.18E-11
66.25,66.75,A,10,7.82E-08,4.10E-08,6.95E-09,1.89E-09,4.01E-09,1.16E-09,1.95E-09,1.72E-09,2.64E-09,5.40E-11,5.22E-10,3.52E-10,1.20E-09,1.89E-10,1.77E-10,1.76E-10,2.17E-10,3.16E-11,1.38E-10,2.57E-10,2.54E-10,2.89E-10,4.92E-10,7.55E-10,3.46E-11,3.63E-10,5.49E-10,1.70E-10,6.76E-10,1.79E-10,7.82E-08,4.10E-08,6.95E-09,1.89E-09,4.01E-09,1.16E-09,1.95E-09,1.72E-09,2.64E-09,5.40E-11,5.22E-10,3.52E-10,1.20E-09,1.89E-10,1.77E-10,1.76E-10,2.17E-10,3.16E-11,1.38E-10,2.57E-10,2.54E-10,2.89E-10,4.92E-10,7.55E-10,3.46E-11,3.63E-10,5.49E-10,1.70E-10,6.76E-10,1.79E-10,1.99E-10,2.69E-10,3.39E-11,6.82E-10,1.44E-10,1.30E-10,3.37E-10,2.86E-10,1.54E-10,1.68E-10,8.91E-10,1.49E-10,3.55E-10,6.10E-11,3.44E-10,7.73E-10,1.48E-10,7.13E-10,2.71E-10,3.06E-10,6.53E-10,2.90E-10,6.88E-10,6.05E-10,2.96E-10,4.74E-11,8.35E-11,1.26E-10,2.64E-10,8.59E-11,1.11E-10,1.95E-10,3.01E-10,1.40E-10,8.10E-11,1.52E-10,8.49E-11,3.27E-10,4.35E-10,2.17E-10,2.34E-10,2.48E-10,4.46E-10,1.60E-11,3.36E-10,2.13E-10,1.11E-10,6.39E-11,1.28E-10,1.98E-10,2.79E-10,1.17E-10,1.69E-10,1.43E-10,7.44E-12,9.47E-11,9.46E-11,8.30E-11,4.60E-11,1.84E-11,1.58E-10,2.00E-10,1.72E-10,3.62E-10,2.81E-10,1.70E-11,2.33E-10,5.35E-11,3.73E-11,6.16E-10,6.30E-10,8.03E-11,6.48E-11,4.65E-10,2.51E-10,3.45E-10,3.16E-10,1.61E-10,1.35E-10,1.96E-10,8.88E-11,9.56E-11,1.24E-10,8.55E-11,1.39E-10,3.05E-10,1.54E-10,2.30E-10,6.65E-11,3.90E-10,4.51E-10,2.13E-10,2.28E-11,9.64E-11,4.11E-10,3.06E-10,1.99E-10,3.23E-10,1.40E-10,1.13E-10,2.99E-10,2.14E-11,4.65E-11,3.64E-10,1.77E-10,1.02E-10,3.36E-11,1.90E-11,3.45E-10,1.35E-10,2.21E-10,1.99E-10,3.24E-11,1.81E-10,5.19E-11,2.95E-10,7.63E-11,3.73E-10,3.45E-12,1.81E-10,1.27E-10,1.57E-10,1.35E-10,1.22E-10,4.10E-10,1.17E-10,1.38E-10,1.53E-10,5.40E-10,1.71E-10
66.5,67,A,10,1.96E-08,5.13E-09,9.19E-09,4.60E-09,4.83E-09,9.16E-10,1.79E-09,9.54E-10,6.47E-10,1.84E-10,2.50E-10,1.74E-09,7.44E-10,6.60E-10,5.39E-10,2.67E-10,1.14E-10,1.04E-10,1.49E-09,9.00E-11,6.20E-10,4.83E-11,4.52E-10,3.15E-10,6.58E-10,9.26E-10,6.21E-10,4.50E-10,5.95E-10,3.31E-10,1.96E-08,5.13E-09,9.19E-09,4.60E-09,4.83E-09,9.16E-10,1.79E-09,9.54E-10,6.47E-10,1.84E-10,2.50E-10,1.74E-09,7.44E-10,6.60E-10,5.39E-10,2.67E-10,1.14E-10,1.04E-10,1.49E-09,9.00E-11,6.20E-10,4.83E-11,4.52E-10,3.15E-10,6.58E-10,9.26E-10,6.21E-10,4.50E-10,5.95E-10,3.31E-10,4.65E-11,4.18E-10,3.66E-11,4.21E-10,5.94E-10,1.03E-10,7.00E-11,3.46E-10,1.04E-09,4.38E-10,7.59E-10,1.72E-10,2.07E-10,8.21E-11,2.81E-10,3.69E-10,1.16E-10,5.50E-10,1.07E-09,4.87E-10,8.49E-11,9.18E-11,4.48E-10,1.19E-10,1.33E-10,2.88E-10,1.01E-10,1.83E-10,2.73E-10,3.26E-10,2.10E-10,3.26E-10,1.03E-09,7.31E-12,4.33E-10,7.92E-11,1.01E-09,1.01E-10,1.86E-10,9.56E-11,3.54E-10,1.62E-10,1.84E-10,6.77E-10,3.60E-10,2.57E-10,1.57E-10,2.83E-10,1.75E-10,4.23E-10,2.51E-10,3.76E-10,5.75E-11,1.20E-10,2.20E-10,1.13E-10,6.50E-10,4.44E-10,6.03E-10,2.63E-10,2.56E-11,1.41E-10,1.35E-10,3.21E-10,1.80E-10,2.44E-11,1.94E-10,4.54E-10,2.14E-11,1.06E-10,1.19E-10,6.56E-10,1.81E-10,1.69E-10,5.81E-10,3.59E-10,9.63E-10,3.97E-10,2.72E-10,8.49E-10,6.56E-10,2.45E-10,2.09E-10,1.45E-10,9.03E-10,3.74E-10,4.90E-11,6.37E-11,1.25E-09,2.69E-10,3.13E-10,2.86E-10,3.55E-11,1.05E-09,1.99E-10,9.98E-11,1.46E-10,2.49E-10,7.90E-11,1.02E-10,4.86E-10,2.05E-10,4.55E-10,1.77E-10,1.06E-09,1.44E-10,1.48E-10,3.85E-10,5.64E-10,1.83E-10,1.58E-10,2.13E-10,2.53E-11,2.40E-10,6.35E-11,4.44E-10,2.63E-10,1.94E-10,1.46E-10,2.95E-11,9.40E-10,7.65E-11,3.32E-10,5.50E-10,5.12E-10,7.43E-11,5.45E-11,1.01E-10,7.50E-10,1.95E-10
66.75,67.25,A,10,7.56E-09,2.82E-08,1.28E-09,3.34E-09,1.89E-09,5.25E-10,2.28E-09,1.12E-09,1.01E-09,5.32E-09,6.57E-10,9.77E-10,9.65E-10,8.84E-10,2.10E-10,4.19E-10,6.09E-10,2.79E-10,3.25E-10,2.26E-10,1.87E-10,6.01E-10,2.45E-10,3.86E-11,3.84E-10,2.71E-10,7.99E-11,5.75E-11,1.15E-10,2.92E-10,7.56E-09,2.82E-08,1.28E-09,3.34E-09,1.89E-09,5.25E-10,2.28E-09,1.12E-09,1.01E-09,5.32E-09,6.57E-10,9.77E-10,9.65E-10,8.84E-10,2.10E-10,4.19E-10,6.09E-10,2.79E-10,3.25E-10,2.26E-10,1.87E-10,6.01E-10,2.45E-10,3.86E-11,3.84E-10,2.71E-10,7.99E-11,5.75E-11,1.15E-10,2.92E-10,3.91E-12,5.75E-10,1.22E-10,2.49E-10,1.67E-10,1.13E-10,1.30E-10,4.96E-10,5.18E-10,5.03E-10,1.87E-10,2.48E-10,1.79E-10,4.33E-11,7.48E-11,6.83E-11,2.80E-11,1.89E-10,1.32E-10,2.42E-10,1.40E-10,9.05E-11,3.47E-10,1.34E-10,9.55E-11,4.30E-11,5.04E-10,1.59E-10,3.73E-10,2.14E-11,5.76E-11,2.15E-10,1.56E-10,2.24E-10,6.05E-11,8.03E-12,1.93E-10,2.31E-11,2.18E-10,1.89E-10,1.84E-10,8.56E-11,4.84E-10,1.61E-10,3.53E-10,3.75E-10,1.53E-10,6.06E-10,1.72E-10,1.41E-10,1.59E-10,7.90E-11,1.27E-10,9.91E-11,1.03E-10,4.90E-10,7.72E-11,3.55E-11,2.06E-10,2.41E-11,1.82E-10,2.22E-10,4.76E-10,1.78E-10,4.99E-10,1.98E-10,2.00E-10,3.86E-10,9.78E-11,7.63E-10,2.82E-10,1.02E-10,1.30E-10,6.32E-11,2.02E-10,6.31E-11,1.09E-10,2.81E-10,1.82E-10,1.65E-11,5.01E-10,2.59E-10,1.82E-10,8.76E-10,9.49E-11,7.09E-11,5.09E-10,1.24E-09,1.20E-10,5.36E-11,3.24E-10,1.83E-10,2.01E-10,2.89E-10,1.63E-10,1.78E-10,2.96E-10,4.92E-10,4.39E-11,3.32E-11,1.66E-10,1.15E-11,5.47E-10,2.60E-10,3.56E-10,2.37E-10,1.56E-10,2.08E-10,1.69E-10,2.28E-10,1.80E-11,7.18E-11,4.31E-11,6.62E-11,4.84E-10,2.82E-10,1.54E-10,1.21E-11,1.11E-10,1.41E-10,1.82E-10,4.83E-10,2.15E-10,1.16E-10,3.26E-10,4.76E-10,2.92E-10,1.32E-10,2.83E-10,3.73E-10
67,67.5,A,10,4.23E-08,3.43E-08,5.46E-09,5.93E-09,1.88E-09,1.80E-09,3.14E-09,5.03E-10,1.34E-09,2.46E-09,1.98E-09,1.03E-09,3.63E-10,4.03E-10,1.59E-11,3.84E-10,4.89E-10,5.52E-10,6.49E-10,1.66E-10,3.49E-10,8.26E-11,7.16E-11,6.52E-11,5.15E-10,3.63E-10,4.23E-11,2.42E-10,5.04E-10,1.46E-10,4.23E-08,3.43E-08,5.46E-09,5.93E-09,1.88E-09,1.80E-09,3.14E-09,5.03E-10,1.34E-09,2.46E-09,1.98E-09,1.03E-09,3.63E-10,4.03E-10,1.59E-11,3.84E-10,4.89E-10,5.52E-10,6.49E-10,1.66E-10,3.49E-10,8.26E-11,7.16E-11,6.52E-11,5.15E-10,3.63E-10,4.23E-11,2.42E-10,5.04E-10,1.46E-10,4.66E-10,5.72E-10,1.16E-10,5.69E-10,3.30E-10,2.16E-10,3.76E-11,1.01E-10,7.18E-11,2.48E-10,3.42E-10,6.84E-10,1.52E-10,9.26E-11,4.84E-10,9.20E-11,7.39E-11,7.28E-10,3.25E-10,5.82E-12,7.69E-11,2.70E-11,2.44E-10,3.00E-11,6.97E-10,1.99E-11,1.12E-10,1.28E-10,1.47E-10,7.06E-11,4.17E-10,1.77E-10,4.91E-11,1.85E-10,3.50E-10,3.56E-10,1.81E-10,3.05E-10,2.09E-10,1.91E-10,3.09E-10,6.39E-10,1.61E-10,5.65E-10,1.18E-10,5.67E-10,1.94E-10,7.40E-11,2.28E-10,1.85E-10,5.59E-10,3.55E-10,3.82E-10,2.36E-10,5.02E-10,1.76E-10,2.68E-11,2.20E-11,1.51E-10,1.62E-10,3.24E-10,3.16E-10,2.22E-11,2.31E-10,1.71E-10,2.17E-10,1.05E-10,3.68E-10,8.85E-11,3.26E-10,1.50E-10,2.88E-11,1.53E-10,1.26E-10,9.13E-11,1.54E-10,1.10E-10,1.14E-09,4.55E-10,3.04E-10,4.68E-10,6.91E-10,5.39E-10,5.70E-10,4.39E-10,7.72E-11,4.00E-11,2.61E-10,4.89E-11,1.71E-10,1.59E-10,1.82E-10,3.89E-11,1.68E-10,1.13E-10,7.63E-11,9.04E-11,2.92E-10,2.43E-10,3.26E-10,8.38E-11,9.43E-11,2.93E-10,1.01E-09,2.21E-10,2.92E-10,7.41E-10,1.86E-10,2.78E-10,6.78E-11,1.62E-10,4.44E-11,1.91E-11,8.25E-11,2.00E-10,4.00E-10,1.02E-10,2.11E-10,1.33E-10,4.59E-10,2.63E-11,9.30E-11,9.58E-10,7.31E-11,6.73E-11,1.34E-10,6.66E-10,3.29E-11,9.85E-11,1.54E-10
67.25,67.75,A,10,6.19E-07,1.69E-08,1.14E-08,3.55E-09,3.37E-09,2.54E-08,8.16E-10,9.30E-10,1.23E-09,3.13E-09,2.11E-10,2.97E-10,4.66E-09,1.64E-09,1.53E-09,1.35E-10,1.11E-10,2.30E-09,1.57E-09,1.02E-09,3.02E-09,2.36E-10,2.99E-10,4.45E-10,1.29E-10,2.49E-10,6.64E-10,7.30E-10,6.86E-11,6.32E-10,6.19E-07,1.69E-08,1.14E-08,3.55E-09,3.37E-09,2.54E-08,8.16E-10,9.30E-10,1.23E-09,3.13E-09,2.11E-10,2.97E-10,4.66E-09,1.64E-09,1.53E-09,1.35E-10,1.11E-10,2.30E-09,1.57E-09,1.02E-09,3.02E-09,2.36E-10,2.99E-10,4.45E-10,1.29E-10,2.49E-10,6.64E-10,7.30E-10,6.86E-11,6.32E-10,1.71E-09,6.74E-10,2.80E-10,1.77E-10,6.77E-10,1.28E-10,3.74E-10,2.92E-10,1.34E-10,1.58E-10,2.04E-10,8.60E-10,7.95E-10,5.89E-10,1.01E-10,3.14E-11,1.09E-09,1.49E-10,1.73E-09,6.96E-10,5.20E-10,3.49E-10,6.46E-10,6.00E-10,1.12E-09,8.12E-11,2.40E-10,5.69E-10,6.39E-11,1.43E-10,1.74E-10,6.56E-10,4.96E-10,4.07E-10,1.10E-09,5.96E-11,1.59E-10,9.16E-10,4.14E-10,2.89E-10,2.22E-10,2.24E-10,1.00E-10,6.80E-11,2.08E-10,2.59E-10,3.50E-10,4.20E-11,8.34E-10,1.94E-10,1.23E-09,2.61E-10,3.20E-11,2.35E-10,1.63E-10,2.02E-10,1.17E-10,3.87E-11,1.59E-10,6.59E-10,1.56E-10,7.03E-11,4.08E-10,7.70E-10,2.50E-10,1.81E-10,3.35E-11,3.60E-10,1.96E-10,8.75E-11,2.90E-10,4.23E-10,1.99E-10,4.29E-10,8.21E-11,7.40E-11,2.86E-10,4.55E-10,2.35E-10,5.43E-10,1.07E-10,5.90E-11,1.47E-10,1.15E-10,2.51E-10,2.58E-10,2.93E-10,1.93E-10,7.97E-10,7.21E-10,4.44E-10,2.56E-10,9.24E-11,6.02E-11,2.30E-10,2.02E-10,3.13E-11,1.37E-11,5.06E-11,1.21E-10,6.53E-11,3.07E-10,9.70E-11,1.87E-10,5.93E-11,5.10E-10,1.35E-10,5.11E-10,2.46E-10,1.64E-10,2.29E-10,2.25E-11,2.10E-10,6.67E-11,1.57E-10,2.51E-10,3.90E-10,1.65E-10,3.88E-12,9.03E-10,2.71E-10,4.47E-10,2.60E-10,1.08E-10,1.89E-10,1.01E-10,4.20E-10,1.20E-10,2.34E-10,2.82E-10
67.5,68,A,10,6.24E-08,3.25E-08,8.09E-09,3.42E-10,5.85E-09,6.06E-09,1.84E-09,1.70E-09,4.41E-09,3.13E-10,4.55E-10,4.72E-10,5.28E-10,1.16E-09,7.79E-10,1.57E-09,3.19E-10,2.49E-09,1.24E-09,1.43E-10,2.59E-10,5.29E-11,1.49E-10,3.74E-11,5.02E-11,3.20E-10,6.35E-10,8.99E-11,5.36E-11,5.43E-10,6.24E-08,3.25E-08,8.09E-09,3.42E-10,5.85E-09,6.06E-09,1.84E-09,1.70E-09,4.41E-09,3.13E-10,4.55E-10,4.72E-10,5.28E-10,1.16E-09,7.79E-10,1.57E-09,3.19E-10,2.49E-09,1.24E-09,1.43E-10,2.59E-10,5.29E-11,1.49E-10,3.74E-11,5.02E-11,3.20E-10,6.35E-10,8.99E-11,5.36E-11,5.43E-10,5.72E-11,1.90E-10,1.89E-10,5.10E-11,4.66E-10,8.07E-11,1.27E-10,5.23E-10,2.12E-10,2.26E-10,2.09E-10,2.51E-10,3.58E-11,7.50E-10,5.13E-11,1.80E-10,9.02E-11,3.00E-10,3.05E-10,1.20E-10,6.60E-10,4.52E-11,6.54E-11,6.99E-10,5.00E-10,1.95E-10,5.72E-11,2.80E-10,9.44E-11,3.65E-10,1.65E-10,1.39E-10,2.56E-11,5.72E-11,1.58E-10,2.94E-10,2.18E-10,2.96E-10,1.36E-10,5.96E-10,6.77E-11,1.08E-10,3.60E-11,1.72E-10,7.82E-11,4.11E-10,6.61E-11,1.41E-10,2.07E-10,2.65E-10,1.52E-10,8.19E-11,1.72E-10,2.13E-10,5.90E-10,2.15E-10,2.72E-10,1.88E-10,3.74E-10,4.76E-10,9.84E-11,2.96E-11,2.61E-10,1.07E-10,1.75E-10,1.14E-10,2.71E-10,1.15E-10,2.34E-10,2.65E-10,1.28E-10,1.42E-10,3.85E-10,5.93E-10,1.45E-10,2.69E-11,3.45E-10,2.83E-11,1.42E-10,4.09E-11,3.47E-10,2.08E-10,2.77E-10,3.11E-10,8.37E-11,1.16E-10,6.75E-11,1.45E-10,8.75E-11,3.59E-10,1.32E-10,5.30E-11,2.42E-10,1.75E-10,1.36E-10,1.39E-10,1.92E-10,1.82E-10,3.54E-10,4.10E-11,6.95E-11,1.84E-10,1.18E-10,1.95E-10,2.29E-10,1.05E-09,2.64E-11,2.79E-11,2.38E-10,3.89E-10,4.34E-10,7.84E-12,1.83E-10,3.23E-11,3.62E-10,1.52E-11,1.29E-10,3.49E-10,1.81E-11,3.61E-11,1.12E-10,3.19E-10,1.88E-10,6.93E-11,1.49E-10,2.56E-10,2.88E-10,4.15E-10,9.09E-11,3.90E-11
67.75,68.25,A,10,4.52E-08,6.84E-09,2.07E-09,7.23E-10,7.99E-10,1.24E-09,6.37E-10,1.00E-09,1.12E-10,4.00E-10,1.01E-09,1.41E-10,3.30E-11,1.48E-10,2.97E-10,5.85E-10,2.71E-10,4.76E-11,2.15E-10,2.79E-10,3.78E-10,8.55E-10,4.32E-10,3.73E-11,8.91E-11,5.24E-10,3.65E-10,5.01E-10,2.49E-10,6.07E-10,4.52E-08,6.84E-09,2.07E-09,7.23E-10,7.99E-10,1.24E-09,6.37E-10,1.00E-09,1.12E-10,4.00E-10,1.01E-09,1.41E-10,3.30E-11,1.48E-10,2.97E-10,5.85E-10,2.71E-10,4.76E-11,2.15E-10,2.79E-10,3.78E-10,8.55E-10,4.32E-10,3.73E-11,8.91E-11,5.24E-10,3.65E-10,5.01E-10,2.49E-10,6.07E-10,4.12E-10,2.12E-10,5.36E-11,4.24E-10,2.57E-10,2.67E-10,4.53E-10,2.24E-11,5.64E-11,1.80E-10,2.15E-10,3.76E-10,3.10E-10,8.30E-11,1.49E-10,9.57E-11,6.82E-11,6.04E-10,3.01E-10,1.34E-10,1.46E-10,6.96E-11,3.93E-11,5.13E-11,1.24E-10,6.25E-11,5.95E-11,5.01E-10,1.23E-10,4.40E-10,1.29E-10,7.14E-11,3.00E-11,6.19E-11,3.31E-11,1.15E-10,7.21E-11,1.04E-10,5.17E-10,3.54E-11,3.78E-10,4.07E-10,2.36E-10,5.09E-11,7.88E-11,2.80E-11,2.05E-10,2.68E-10,4.17E-10,2.00E-10,6.14E-10,2.39E-11,4.03E-10,1.66E-10,1.22E-10,9.00E-11,3.85E-10,1.30E-10,2.11E-10,4.18E-10,5.86E-11,2.58E-10,1.07E-10,1.05E-10,2.95E-10,4.28E-10,3.03E-10,7.58E-11,3.79E-10,2.77E-10,5.85E-10,1.11E-10,7.94E-11,3.77E-10,7.11E-11,2.59E-11,5.78E-10,4.91E-10,7.56E-11,5.47E-11,7.83E-10,4.42E-10,4.11E-10,3.14E-10,5.16E-10,2.88E-10,9.50E-11,1.12E-10,1.66E-10,1.44E-10,8.68E-11,4.07E-11,3.37E-10,7.75E-11,5.96E-11,6.21E-11,2.11E-10,2.42E-11,9.32E-11,5.90E-11,1.85E-10,4.39E-11,1.27E-10,4.39E-11,2.56E-10,2.29E-10,1.43E-11,4.85E-10,2.71E-10,1.41E-10,7.57E-11,3.31E-10,2.53E-10,3.62E-10,2.51E-10,4.54E-10,1.30E-10,3.75E-10,1.16E-10,3.32E-10,4.27E-11,1.87E-10,4.86E-10,8.10E-11,2.96E-10,4.69E-12,8.45E-12,8.87E-11,1.20E-10,3.42E-10
68,68.5,A,10,1.05E-07,2.29E-08,6.88E-09,7.40E-09,2.04E-09,1.11E-10,2.54E-09,2.42E-10,1.68E-09,1.26E-09,5.82E-10,1.76E-09,2.05E-09,1.41E-09,5.32E-10,1.68E-09,4.08E-10,2.65E-10,1.09E-09,1.73E-10,2.31E-10,5.84E-10,7.28E-10,3.80E-10,2.73E-10,2.62E-10,1.43E-10,1.03E-10,1.60E-10,4.68E-10,1.05E-07,2.29E-08,6.88E-09,7.40E-09,2.04E-09,1.11E-10,2.54E-09,2.42E-10,1.68E-09,1.26E-09,5.82E-10,1.76E-09,2.05E-09,1.41E-09,5.32E-10,1.68E-09,4.08E-10,2.65E-10,1.09E-09,1.73E-10,2.31E-10,5.84E-10,7.28E-10,3.80E-10,2.73E-10,2.62E-10,1.43E-10,1.03E-10,1.60E-10,4.68E-10,3.62E-10,3.65E-10,5.18E-11,1.07E-10,2.03E-10,1.19E-10,1.23E-10,1.02E-09,3.28E-10,1.35E-10,3.90E-10,4.41E-10,3.51E-11,1.89E-10,3.94E-10,2.54E-10,1.55E-10,1.95E-10,2.21E-10,1.08E-10,6.45E-10,7.43E-10,1.54E-10,2.36E-11,2.12E-11,1.07E-11,5.75E-10,1.73E-10,1.29E-10,1.35E-10,6.62E-11,1.93E-11,2.76E-10,7.39E-10,4.12E-10,7.76E-10,3.68E-10,1.16E-09,6.87E-10,3.32E-10,6.75E-11,1.60E-10,3.82E-10,4.07E-10,9.69E-11,4.40E-10,5.22E-10,9.21E-11,2.98E-11,1.12E-10,3.39E-10,4.21E-11,2.11E-10,6.87E-10,3.39E-10,1.36E-10,4.94E-10,7.12E-11,3.00E-10,9.44E-11,3.90E-10,9.77E-11,2.49E-10,5.07E-10,3.67E-10,7.64E-11,1.74E-10,3.65E-10,8.08E-11,1.44E-10,1.66E-10,2.49E-10,9.12E-11,1.80E-10,2.22E-10,6.67E-11,1.28E-09,2.95E-10,1.41E-10,1.58E-10,4.30E-10,4.00E-10,1.58E-10,4.08E-11,8.41E-11,8.54E-10,1.79E-10,8.86E-10,1.53E-11,3.43E-10,2.10E-10,2.35E-10,1.35E-10,1.65E-10,1.36E-10,2.35E-10,2.31E-10,8.98E-11,3.39E-10,5.44E-10,3.00E-10,6.22E-11,1.50E-10,9.25E-11,1.41E-10,5.94E-11,9.20E-11,2.14E-10,1.07E-09,4.13E-10,7.81E-11,1.56E-10,4.60E-10,5.73E-10,1.78E-10,3.63E-11,9.49E-11,3.91E-10,5.18E-10,2.22E-10,1.25E-09,9.76E-11,2.77E-10,3.76E-10,2.28E-10,1.89E-10,3.41E-10,2.60E-10,3.57E-11,1.18E-10
68.25,68.75,A,10,2.16E-08,5.76E-08,5.18E-09,3.94E-09,2.21E-09,3.97E-10,7.57E-10,2.55E-09,1.99E-09,3.00E-10,2.08E-09,1.43E-09,8.42E-10,1.18E-10,3.61E-10,7.48E-10,5.72E-10,8.73E-10,8.13E-10,1.30E-10,4.62E-11,1.80E-10,7.49E-10,3.35E-10,6.79E-11,5.50E-10,4.70E-10,6.54E-11,2.94E-10,2.21E-10,2.16E-08,5.76E-08,5.18E-09,3.94E-09,2.21E-09,3.97E-10,7.57E-10,2.55E-09,1.99E-09,3.00E-10,2.08E-09,1.43E-09,8.42E-10,1.18E-10,3.61E-10,7.48E-10,5.72E-10,8.73E-10,8.13E-10,1.30E-10,4.62E-11,1.80E-10,7.49E-10,3.35E-10,6.79E-11,5.50E-10,4.70E-10,6.54E-11,2.94E-10,2.21E-10,1.83E-10,1.79E-10,4.73E-10,7.17E-10,2.94E-10,7.06E-10,4.24E-10,2.77E-10,1.92E-10,7.32E-10,3.71E-10,7.46E-11,9.17E-11,1.28E-10,8.32E-10,1.24E-10,9.63E-10,4.14E-10,1.64E-10,2.69E-10,9.69E-11,3.46E-10,2.78E-11,4.99E-10,1.29E-10,8.35E-10,3.06E-10,1.17E-10,5.58E-11,5.33E-11,6.57E-10,2.25E-10,6.88E-10,3.53E-10,2.44E-11,2.15E-10,6.03E-10,2.46E-10,1.76E-10,2.32E-10,9.98E-11,1.51E-11,2.67E-11,2.29E-10,1.91E-10,1.32E-10,9.60E-11,1.01E-10,1.22E-11,3.21E-10,6.36E-10,2.14E-10,5.00E-10,2.10E-10,1.22E-10,8.03E-12,1.12E-10,1.88E-10,2.21E-10,3.15E-10,3.39E-11,1.16E-10,6.55E-11,3.30E-10,3.95E-10,9.97E-11,3.63E-10,2.83E-10,1.77E-10,5.14E-11,8.03E-11,3.05E-10,1.55E-10,4.62E-10,6.56E-11,6.16E-11,8.26E-11,1.49E-11,1.23E-10,1.41E-10,3.38E-10,4.17E-10,6.29E-10,6.15E-11,1.52E-10,1.51E-10,1.81E-10,2.39E-10,3.35E-11,2.84E-10,2.08E-10,1.03E-10,3.73E-10,1.55E-10,2.43E-10,1.77E-10,1.48E-10,3.62E-10,1.54E-10,1.28E-10,4.59E-10,6.04E-10,3.47E-10,9.03E-11,2.72E-11,1.60E-10,3.41E-10,4.34E-10,4.68E-11,6.56E-11,1.71E-10,5.48E-10,1.22E-10,8.92E-11,1.87E-10,2.12E-10,9.44E-11,2.37E-10,3.14E-10,2.62E-10,5.29E-10,1.13E-10,5.21E-10,1.22E-10,1.87E-10,1.38E-10,2.87E-11,3.69E-10,3.74E-11,5.98E-11
68.5,69,A,10,4.44E-09,2.67E-08,7.00E-10,1.72E-09,2.27E-09,1.78E-10,6.54E-10,2.24E-09,1.02E-10,3.87E-10,3.34E-10,5.41E-10,2.52E-10,9.58E-11,4.57E-11,5.99E-10,1.02E-10,3.66E-10,5.00E-11,6.53E-10,8.87E-11,5.12E-10,5.91E-10,9.26E-11,7.09E-10,2.99E-10,1.08E-10,4.05E-10,2.04E-10,3.20E-10,4.44E-09,2.67E-08,7.00E-10,1.72E-09,2.27E-09,1.78E-10,6.54E-10,2.24E-09,1.02E-10,3.87E-10,3.34E-10,5.41E-10,2.52E-10,9.58E-11,4.57E-11,5.99E-10,1.02E-10,3.66E-10,5.00E-11,6.53E-10,8.87E-11,5.12E-10,5.91E-10,9.26E-11,7.09E-10,2.99E-10,1.08E-10,4.05E-10,2.04E-10,3.20E-10,3.67E-11,2.63E-10,1.43E-10,1.30E-10,2.84E-10,1.58E-10,3.73E-10,6.47E-11,3.87E-11,7.93E-11,5.85E-11,8.35E-11,3.21E-10,7.11E-11,6.95E-11,2.06E-11,1.44E-10,2.61E-10,6.16E-11,2.95E-11,6.82E-11,2.36E-10,2.27E-11,6.56E-11,5.73E-11,1.04E-10,4.62E-11,3.51E-11,2.20E-10,1.10E-11,1.17E-10,1.20E-10,5.73E-10,2.87E-10,1.63E-11,1.53E-10,1.10E-10,4.53E-11,1.09E-10,9.75E-11,1.57E-10,4.88E-11,8.77E-11,3.15E-10,6.26E-11,9.33E-11,9.40E-11,8.48E-11,1.74E-10,2.81E-10,3.42E-11,2.60E-10,7.73E-12,2.86E-10,3.12E-10,2.88E-11,2.35E-11,3.44E-11,4.39E-11,1.67E-11,1.49E-10,1.21E-10,5.67E-11,5.88E-10,5.07E-11,1.91E-11,2.51E-10,1.98E-11,2.37E-10,1.88E-10,1.13E-10,2.43E-11,2.10E-10,1.86E-10,3.20E-11,5.21E-10,1.88E-10,8.67E-11,1.92E-10,3.41E-10,1.34E-10,9.77E-11,1.08E-10,3.83E-11,2.86E-10,6.57E-11,2.52E-10,2.94E-10,1.53E-10,3.87E-10,3.44E-11,6.01E-11,5.74E-10,2.51E-11,6.68E-11,2.08E-10,1.58E-11,8.14E-11,5.89E-10,2.48E-10,2.37E-10,1.44E-10,2.08E-10,5.08E-11,1.63E-10,3.71E-11,7.65E-11,5.05E-11,3.25E-10,1.65E-10,1.07E-10,2.22E-11,6.97E-11,3.20E-10,6.81E-11,3.45E-10,1.54E-10,1.20E-10,8.52E-11,1.35E-10,4.38E-10,2.74E-10,2.06E-10,3.05E-10,1.57E-10,2.22E-10,1.56E-10,1.25E-10,7.90E-11,3.07E-10
68.75,69.25,A,10,1.72E-08,1.11E-08,7.70E-10,2.08E-09,1.87E-10,2.83E-09,2.13E-09,1.01E-10,3.74E-10,2.58E-09,1.31E-10,9.99E-10,9.63E-10,1.53E-10,2.57E-10,9.08E-10,1.18E-10,5.26E-10,5.00E-10,4.04E-10,1.95E-10,3.05E-10,1.30E-10,9.15E-11,8.00E-11,2.30E-10,1.71E-10,7.49E-10,5.53E-10,2.26E-10,1.72E-08,1.11E-08,7.70E-10,2.08E-09,1.87E-10,2.83E-09,2.13E-09,1.01E-10,3.74E-10,2.58E-09,1.31E-10,9.99E-10,9.63E-10,1.53E-10,2.57E-10,9.08E-10,1.18E-10,5.26E-10,5.00E-10,4.04E-10,1.95E-10,3.05E-10,1.30E-10,9.15E-11,8.00E-11,2.30E-10,1.71E-10,7.49E-10,5.53E-10,2.26E-10,1.52E-10,2.73E-10,3.49E-10,5.09E-10,7.84E-10,2.87E-10,1.10E-10,3.19E-10,2.80E-10,4.33E-10,2.77E-10,3.92E-10,6.17E-11,2.13E-10,4.66E-10,8.79E-11,3.39E-10,3.30E-10,3.54E-10,2.68E-10,1.47E-10,1.73E-11,9.80E-11,2.14E-10,6.28E-11,1.27E-10,2.02E-10,6.36E-11,9.49E-12,4.13E-10,8.55E-11,1.76E-10,1.42E-10,1.62E-10,5.23E-11,3.09E-10,6.66E-10,3.60E-10,5.38E-11,9.53E-11,2.37E-10,5.37E-11,3.53E-10,2.35E-11,1.62E-10,1.13E-10,1.05E-10,1.48E-10,4.84E-12,1.56E-10,1.30E-10,1.09E-10,5.09E-10,1.41E-10,3.13E-11,2.29E-10,4.19E-10,2.51E-10,2.59E-11,1.64E-10,9.07E-11,5.01E-11,2.41E-10,9.12E-11,1.38E-10,1.66E-11,2.63E-10,3.49E-10,1.64E-10,7.96E-11,3.10E-10,1.59E-10,1.98E-10,1.40E-10,3.90E-11,2.16E-10,4.26E-11,6.91E-11,3.35E-10,1.78E-10,5.27E-11,2.54E-11,8.69E-11,7.24E-11,2.62E-13,2.24E-11,5.06E-11,2.09E-10,7.46E-11,9.48E-11,8.34E-11,8.16E-11,1.18E-10,2.42E-11,4.07E-11,2.74E-10,7.28E-11,3.68E-11,3.53E-11,4.96E-11,9.33E-11,2.21E-10,1.38E-10,1.32E-10,1.63E-10,3.29E-11,2.10E-10,5.31E-11,4.32E-10,1.72E-10,2.02E-10,4.67E-10,3.90E-10,1.85E-10,1.43E-10,3.05E-10,4.08E-11,1.58E-11,1.13E-10,2.80E-10,1.03E-10,6.90E-11,6.35E-11,1.98E-10,2.85E-10,6.36E-10,2.20E-10,2.28E-10,1.66E-10,2.22E-11
69,69.5,A,10,1.82E-08,3.99E-08,8.74E-10,1.63E-09,2.51E-09,6.11E-09,2.70E-09,1.78E-10,7.12E-10,7.83E-10,3.70E-10,2.15E-10,3.58E-10,4.13E-10,1.69E-10,2.39E-10,2.91E-10,2.18E-10,1.16E-09,1.38E-10,3.70E-10,4.37E-10,2.30E-10,4.51E-10,4.00E-11,1.62E-10,6.64E-11,6.86E-12,5.07E-11,1.77E-10,1.82E-08,3.99E-08,8.74E-10,1.63E-09,2.51E-09,6.11E-09,2.70E-09,1.78E-10,7.12E-10,7.83E-10,3.70E-10,2.15E-10,3.58E-10,4.13E-10,1.69E-10,2.39E-10,2.91E-10,2.18E-10,1.16E-09,1.38E-10,3.70E-10,4.37E-10,2.30E-10,4.51E-10,4.00E-11,1.62E-10,6.64E-11,6.86E-12,5.07E-11,1.77E-10,4.12E-10,6.87E-11,3.01E-10,7.31E-10,2.06E-10,1.27E-10,5.19E-10,4.39E-10,7.56E-11,3.74E-10,1.85E-10,9.15E-11,6.25E-11,3.34E-11,6.83E-11,2.97E-10,1.10E-10,2.67E-11,3.11E-10,2.63E-10,1.83E-10,3.38E-10,1.63E-10,1.45E-10,2.03E-10,3.74E-10,1.08E-10,3.15E-10,7.53E-11,3.49E-10,2.91E-10,1.03E-10,4.23E-10,6.98E-12,5.17E-10,1.33E-10,5.62E-10,1.33E-10,6.25E-11,7.99E-11,2.06E-10,1.43E-10,2.41E-10,3.33E-10,2.19E-11,3.07E-11,1.74E-10,1.51E-10,2.82E-11,7.26E-11,5.06E-10,3.81E-11,4.49E-11,1.08E-10,5.30E-10,7.15E-10,2.47E-10,8.54E-11,3.46E-10,1.28E-10,2.89E-10,1.15E-10,1.48E-10,1.15E-10,2.67E-12,3.95E-11,1.75E-10,2.57E-11,9.08E-11,1.85E-11,2.72E-10,5.62E-11,1.15E-10,4.43E-11,5.00E-11,1.73E-10,4.39E-11,2.51E-10,1.38E-11,1.66E-10,2.23E-10,6.53E-11,1.23E-10,2.96E-10,7.43E-11,2.86E-10,1.75E-10,2.21E-10,3.55E-10,6.36E-11,1.70E-10,3.03E-10,1.77E-10,4.73E-11,1.75E-10,1.69E-10,1.87E-10,5.14E-11,8.69E-11,1.67E-10,4.70E-11,3.94E-10,3.39E-10,2.10E-10,3.05E-10,1.14E-10,1.47E-10,3.71E-10,1.43E-10,6.95E-11,8.37E-11,2.88E-10,2.38E-10,7.61E-11,2.07E-10,1.45E-10,6.07E-11,2.17E-10,1.69E-10,7.00E-11,3.55E-12,2.26E-11,7.84E-11,4.30E-10,2.99E-10,3.32E-10,2.62E-10,2.58E-10,5.52E-10,2.68E-10
69.25,69.75,A,10,8.45E-08,1.82E-08,1.62E-09,1.89E-09,3.89E-09,3.07E-10,3.71E-09,1.71E-10,2.65E-09,2.65E-11,5.39E-10,2.68E-10,4.05E-10,2.06E-10,9.66E-10,2.86E-10,2.84E-10,4.06E-10,6.05E-10,6.19E-11,1.17E-09,2.69E-10,7.16E-10,1.14E-10,1.67E-10,5.04E-10,5.93E-10,6.06E-10,3.81E-10,5.25E-10,8.45E-08,1.82E-08,1.62E-09,1.89E-09,3.89E-09,3.07E-10,3.71E-09,1.71E-10,2.65E-09,2.65E-11,5.39E-10,2.68E-10,4.05E-10,2.06E-10,9.66E-10,2.86E-10,2.84E-10,4.06E-10,6.05E-10,6.19E-11,1.17E-09,2.69E-10,7.16E-10,1.14E-10,1.67E-10,5.04E-10,5.93E-10,6.06E-10,3.81E-10,5.25E-10,4.93E-10,4.25E-10,1.27E-10,6.15E-11,3.02E-10,1.00E-10,1.67E-10,1.74E-10,4.97E-10,1.27E-09,1.57E-10,1.82E-10,3.01E-10,1.03E-10,6.09E-11,5.85E-11,8.22E-11,1.82E-10,7.05E-11,1.14E-10,4.38E-10,9.60E-10,4.80E-11,2.04E-10,8.09E-10,1.31E-10,3.84E-10,2.99E-10,4.64E-10,1.42E-10,1.14E-10,9.45E-11,2.66E-11,1.35E-10,5.83E-10,9.59E-10,1.61E-10,2.91E-11,3.49E-10,3.18E-10,4.39E-10,3.35E-10,1.38E-10,3.97E-11,1.22E-10,6.38E-11,3.36E-10,2.88E-11,6.26E-10,2.69E-10,2.77E-10,4.40E-10,2.45E-11,9.49E-11,2.03E-10,9.07E-11,4.09E-10,4.47E-10,6.71E-10,5.05E-11,4.76E-11,2.01E-10,8.02E-10,2.47E-11,2.52E-10,2.59E-10,3.99E-10,4.32E-10,9.95E-11,2.54E-10,2.93E-10,7.86E-11,5.78E-11,7.16E-10,3.09E-10,2.85E-10,4.08E-10,1.65E-10,2.51E-10,1.33E-11,2.47E-10,5.34E-10,1.90E-10,7.75E-10,2.11E-11,7.28E-10,3.82E-10,1.26E-10,1.94E-10,3.85E-10,9.96E-11,3.21E-10,2.89E-10,1.34E-10,1.17E-10,5.07E-10,2.63E-10,1.20E-10,4.70E-10,1.18E-10,2.56E-10,1.34E-10,1.28E-10,2.41E-10,1.50E-10,2.74E-10,2.76E-10,2.34E-10,1.33E-10,5.66E-10,2.25E-10,5.95E-11,1.03E-10,1.15E-10,1.77E-10,1.90E-10,6.08E-11,9.03E-11,1.11E-10,5.05E-11,7.99E-11,2.36E-10,3.14E-10,2.09E-10,2.94E-10,1.34E-10,6.15E-11,1.16E-10,2.28E-10,4.75E-10
69.5,70,A,10,1.32E-08,4.07E-09,3.73E-09,5.78E-09,2.16E-09,5.45E-10,4.41E-10,2.01E-09,2.72E-09,1.05E-09,1.62E-10,1.49E-09,1.16E-09,4.02E-10,1.77E-10,4.49E-10,6.03E-10,1.52E-09,5.01E-10,5.37E-10,1.22E-10,1.47E-10,1.14E-10,2.39E-10,7.63E-11,2.19E-10,1.19E-09,1.34E-10,3.85E-11,1.53E-10,1.32E-08,4.07E-09,3.73E-09,5.78E-09,2.16E-09,5.45E-10,4.41E-10,2.01E-09,2.72E-09,1.05E-09,1.62E-10,1.49E-09,1.16E-09,4.02E-10,1.77E-10,4.49E-10,6.03E-10,1.52E-09,5.01E-10,5.37E-10,1.22E-10,1.47E-10,1.14E-10,2.39E-10,7.63E-11,2.19E-10,1.19E-09,1.34E-10,3.85E-11,1.53E-10,2.88E-10,2.68E-11,3.29E-11,1.11E-09,2.28E-10,5.19E-11,4.24E-10,2.34E-10,1.97E-10,1.38E-10,4.72E-11,1.14E-10,2.71E-10,6.52E-10,3.48E-11,4.80E-12,1.39E-10,2.63E-10,2.36E-10,2.29E-10,1.67E-10,2.32E-11,5.76E-10,3.75E-10,2.34E-10,2.63E-10,1.06E-10,6.64E-10,1.75E-10,1.19E-10,4.20E-10,1.18E-09,1.21E-10,4.42E-11,2.25E-09,8.24E-11,7.23E-11,1.66E-11,1.38E-10,1.17E-11,3.48E-10,2.90E-10,6.26E-10,1.14E-10,1.58E-10,1.92E-11,2.59E-10,2.31E-10,1.16E-10,4.39E-10,2.21E-10,1.18E-10,2.60E-10,6.11E-10,3.28E-10,7.13E-10,3.36E-10,8.28E-11,2.52E-10,2.55E-10,4.90E-11,1.74E-10,7.76E-11,5.81E-11,4.65E-10,1.07E-10,7.69E-11,6.29E-11,3.52E-10,2.34E-11,1.40E-10,5.05E-10,1.22E-10,3.25E-10,1.76E-10,3.95E-10,2.69E-10,3.07E-11,5.09E-10,4.24E-10,1.36E-10,2.08E-10,4.15E-10,1.06E-10,1.86E-10,5.12E-10,2.10E-10,1.35E-10,9.20E-11,3.95E-10,6.34E-11,6.64E-10,1.01E-10,3.18E-11,7.65E-10,5.13E-11,3.44E-11,7.68E-10,5.49E-10,5.93E-10,5.66E-10,2.36E-10,1.77E-10,4.08E-10,6.72E-11,3.62E-11,4.51E-10,9.12E-11,3.87E-10,5.38E-10,2.00E-10,5.59E-10,2.62E-10,2.01E-10,3.16E-10,4.93E-10,2.96E-11,3.55E-10,3.02E-10,8.20E-11,1.62E-10,1.57E-10,1.85E-10,3.71E-10,6.05E-10,3.28E-10,4.27E-11,5.29E-10,1.04E-09,8.17E-10
69.75,70.25,A,10,1.46E-08,3.83E-08,4.25E-09,1.10E-09,7.99E-10,2.08E-09,1.82E-09,1.76E-09,6.52E-10,4.73E-10,5.29E-11,3.99E-10,6.10E-10,3.18E-10,1.04E-09,1.10E-09,1.93E-10,1.32E-10,2.71E-10,1.60E-10,1.05E-10,6.99E-10,1.75E-10,9.70E-11,1.79E-10,1.89E-10,9.75E-11,1.07E-10,1.83E-10,1.63E-10,1.46E-08,3.83E-08,4.25E-09,1.10E-09,7.99E-10,2.08E-09,1.82E-09,1.76E-09,6.52E-10,4.73E-10,5.29E-11,3.99E-10,6.10E-10,3.18E-10,1.04E-09,1.10E-09,1.93E-10,1.32E-10,2.71E-10,1.60E-10,1.05E-10,6.99E-10,1.75E-10,9.70E-11,1.79E-10,1.89E-10,9.75E-11,1.07E-10,1.83E-10,1.63E-10,1.17E-10,2.49E-10,1.36E-10,2.63E-10,1.18E-10,7.88E-11,3.08E-10,3.52E-10,2.38E-10,6.54E-11,2.18E-11,3.25E-10,5.36E-10,1.04E-10,6.94E-11,6.45E-11,1.48E-10,5.98E-11,9.69E-11,1.05E-10,4.70E-11,5.96E-11,2.89E-10,1.10E-10,3.23E-10,5.31E-10,1.68E-10,4.51E-10,2.98E-11,9.75E-11,2.17E-10,2.77E-10,8.74E-11,8.26E-10,5.63E-10,2.19E-11,6.66E-10,5.11E-10,1.25E-10,3.28E-10,2.21E-10,7.25E-10,7.93E-11,2.12E-10,7.65E-11,3.74E-11,4.68E-11,1.84E-10,3.00E-10,3.08E-10,4.43E-10,3.40E-10,3.02E-10,4.79E-10,8.55E-11,3.91E-11,1.28E-10,2.47E-10,6.63E-11,3.08E-10,1.53E-10,4.00E-11,1.05E-10,2.36E-10,4.55E-11,5.15E-11,3.46E-10,6.16E-11,3.61E-10,3.45E-10,8.50E-11,2.29E-12,9.42E-11,1.73E-10,5.09E-11,1.55E-11,4.22E-10,2.38E-10,8.45E-11,1.70E-11,2.18E-10,7.89E-11,4.20E-10,6.39E-11,2.15E-10,8.01E-11,2.71E-10,4.00E-11,1.77E-10,3.57E-10,2.73E-10,6.58E-10,4.23E-10,1.87E-10,1.11E-10,4.36E-10,1.09E-10,4.78E-11,7.45E-10,1.26E-10,6.36E-11,6.46E-11,1.91E-11,6.75E-11,6.80E-11,2.09E-10,6.53E-11,8.89E-11,1.21E-10,9.68E-11,2.86E-11,3.65E-10,3.88E-11,1.80E-10,1.24E-10,8.86E-11,3.81E-11,3.50E-10,7.89E-11,1.01E-10,9.97E-11,8.83E-11,5.34E-11,2.18E-10,7.17E-11,3.08E-10,1.34E-10,1.69E-11,2.40E-10,2.45E-10
70,70.5,A,10,4.29E-09,3.49E-08,4.31E-09,1.24E-09,1.71E-09,1.34E-09,1.55E-09,5.09E-10,5.41E-10,6.49E-10,1.33E-09,3.50E-10,6.06E-10,1.92E-10,2.94E-10,1.44E-10,4.16E-10,4.37E-10,1.37E-09,1.58E-10,9.74E-11,6.47E-10,1.05E-10,4.80E-10,1.93E-10,6.78E-10,2.12E-10,3.36E-10,1.60E-10,3.89E-10,4.29E-09,3.49E-08,4.31E-09,1.24E-09,1.71E-09,1.34E-09,1.55E-09,5.09E-10,5.41E-10,6.49E-10,1.33E-09,3.50E-10,6.06E-10,1.92E-10,2.94E-10,1.44E-10,4.16E-10,4.37E-10,1.37E-09,1.58E-10,9.74E-11,6.47E-10,1.05E-10,4.80E-10,1.93E-10,6.78E-10,2.12E-10,3.36E-10,1.60E-10,3.89E-10,1.20E-10,6.52E-11,2.03E-10,2.40E-10,9.80E-11,8.93E-11,5.91E-11,4.56E-10,7.08E-11,7.40E-11,6.47E-11,5.71E-11,4.49E-11,8.69E-11,7.61E-11,4.77E-11,7.54E-11,2.92E-10,2.34E-10,1.44E-10,4.98E-10,8.73E-11,2.31E-11,6.88E-11,4.97E-10,1.47E-10,1.14E-10,7.36E-10,3.01E-10,2.26E-11,6.82E-11,6.20E-10,1.22E-10,1.73E-10,6.81E-10,2.30E-10,1.71E-10,2.33E-10,8.07E-10,2.37E-10,1.48E-10,1.16E-11,8.60E-11,1.76E-10,1.60E-10,2.47E-10,1.50E-10,7.88E-11,2.01E-10,3.60E-10,1.50E-10,5.61E-11,1.17E-11,7.57E-11,2.44E-11,2.12E-10,1.82E-10,9.97E-12,9.18E-11,7.80E-10,2.59E-11,7.32E-13,3.16E-10,4.08E-10,2.59E-10,1.60E-10,2.15E-10,8.52E-11,1.26E-10,2.22E-10,1.54E-10,1.48E-10,2.34E-10,1.27E-10,5.40E-10,2.67E-10,6.54E-11,1.07E-10,4.47E-11,4.71E-10,2.22E-10,3.79E-10,1.50E-10,1.75E-10,3.44E-11,2.09E-10,2.17E-10,3.80E-11,4.26E-10,4.38E-10,8.02E-11,2.03E-11,2.10E-10,3.72E-10,1.35E-10,1.89E-10,8.78E-11,4.38E-11,2.06E-10,1.65E-10,1.48E-10,1.91E-10,1.47E-10,2.93E-10,2.33E-10,3.30E-10,3.54E-10,7.86E-11,9.00E-11,1.10E-10,1.87E-10,1.17E-10,1.26E-10,5.79E-10,1.05E-10,1.44E-10,2.61E-10,1.26E-10,1.31E-10,2.68E-10,1.76E-11,2.35E-10,1.43E-10,6.87E-11,3.86E-11,1.10E-10,2.36E-10,1.57E-10,3.76E-10,2.32E-10
70.25,70.75,A,10,1.25E-09,1.10E-08,5.77E-09,3.31E-09,1.78E-09,1.17E-09,2.01E-10,6.96E-10,2.14E-10,1.56E-10,1.19E-09,3.16E-10,2.46E-10,8.51E-11,3.75E-10,1.05E-10,8.10E-10,2.30E-10,2.13E-10,2.13E-10,1.33E-10,1.43E-10,1.04E-10,1.69E-10,2.36E-11,2.09E-10,3.03E-10,3.33E-10,2.15E-10,1.81E-10,1.25E-09,1.10E-08,5.77E-09,3.31E-09,1.78E-09,1.17E-09,2.01E-10,6.96E-10,2.14E-10,1.56E-10,1.19E-09,3.16E-10,2.46E-10,8.51E-11,3.75E-10,1.05E-10,8.10E-10,2.30E-10,2.13E-10,2.13E-10,1.33E-10,1.43E-10,1.04E-10,1.69E-10,2.36E-11,2.09E-10,3.03E-10,3.33E-10,2.15E-10,1.81E-10,2.93E-10,1.12E-10,7.33E-11,1.03E-10,9.49E-11,5.37E-11,6.24E-11,1.90E-11,5.62E-11,4.80E-11,6.55E-11,1.47E-10,1.07E-10,6.65E-11,1.24E-10,1.74E-10,1.74E-11,1.84E-10,2.54E-11,7.77E-11,1.43E-10,2.24E-11,7.51E-12,2.29E-11,1.25E-10,9.13E-11,1.02E-10,1.92E-10,1.25E-11,1.34E-10,1.81E-10,3.38E-11,7.59E-11,2.29E-11,2.73E-11,7.84E-11,7.67E-11,2.90E-10,3.02E-10,4.43E-11,2.43E-10,6.16E-11,8.35E-11,9.77E-12,2.81E-10,2.74E-10,1.60E-11,1.19E-10,1.32E-10,1.93E-10,2.27E-11,4.97E-11,2.11E-11,2.96E-11,9.96E-11,2.08E-10,6.43E-11,8.55E-11,7.64E-11,3.93E-11,1.12E-10,1.91E-10,6.30E-11,1.76E-10,3.18E-10,1.73E-10,9.86E-11,1.16E-11,2.91E-10,7.08E-11,1.69E-10,2.63E-10,2.84E-10,1.62E-10,9.13E-11,1.03E-10,3.80E-11,1.72E-10,5.12E-11,2.16E-10,8.89E-11,2.37E-10,3.02E-11,1.26E-10,1.19E-10,1.87E-10,1.66E-10,1.82E-10,1.20E-10,1.08E-11,2.71E-11,2.63E-10,4.25E-11,3.86E-11,4.11E-11,1.29E-10,1.55E-10,1.53E-11,1.51E-10,4.76E-11,2.21E-11,6.71E-11,2.44E-11,1.44E-10,6.43E-11,1.21E-10,5.75E-11,1.94E-10,1.93E-11,1.51E-10,1.21E-10,3.50E-10,2.31E-10,9.34E-11,3.03E-10,4.06E-10,8.48E-11,6.61E-11,8.44E-11,2.35E-11,1.22E-10,9.23E-11,2.56E-11,7.28E-11,3.14E-10,1.16E-10,5.72E-11,5.56E-11,1.65E-11,7.39E-11
70.5,71,A,10,3.93E-09,1.79E-08,6.16E-09,2.56E-09,1.99E-09,2.50E-09,1.20E-09,3.25E-10,7.06E-10,6.42E-11,9.89E-10,5.15E-10,8.73E-11,6.07E-10,7.31E-10,6.34E-10,8.89E-10,1.32E-10,3.52E-10,5.46E-11,5.59E-10,2.19E-10,3.12E-10,9.41E-11,1.66E-10,2.56E-10,1.35E-10,9.58E-11,5.60E-11,2.52E-10,3.93E-09,1.79E-08,6.16E-09,2.56E-09,1.99E-09,2.50E-09,1.20E-09,3.25E-10,7.06E-10,6.42E-11,9.89E-10,5.15E-10,8.73E-11,6.07E-10,7.31E-10,6.34E-10,8.89E-10,1.32E-10,3.52E-10,5.46E-11,5.59E-10,2.19E-10,3.12E-10,9.41E-11,1.66E-10,2.56E-10,1.35E-10,9.58E-11,5.60E-11,2.52E-10,1.92E-10,4.71E-10,1.09E-09,5.80E-10,1.34E-10,1.46E-11,2.94E-11,2.96E-10,2.55E-10,6.69E-10,6.01E-11,9.74E-11,8.39E-12,2.64E-10,5.52E-10,2.38E-10,4.11E-11,1.75E-10,4.03E-10,4.32E-10,1.05E-10,6.00E-11,1.40E-10,2.90E-10,1.02E-10,6.11E-11,2.00E-10,1.38E-10,8.94E-11,3.46E-10,2.38E-10,1.67E-10,6.38E-11,5.09E-10,3.49E-10,2.07E-10,3.43E-10,5.51E-11,3.17E-11,3.79E-10,6.66E-10,1.79E-10,1.41E-10,2.01E-10,9.83E-11,1.43E-10,4.05E-11,9.36E-10,8.70E-11,9.59E-11,4.39E-10,2.84E-10,3.28E-10,2.79E-10,7.98E-11,2.81E-10,5.69E-10,4.98E-10,2.89E-10,4.72E-11,2.06E-11,4.86E-11,3.30E-10,3.09E-10,1.11E-10,5.58E-12,2.89E-10,2.91E-10,9.98E-11,2.05E-10,2.82E-11,4.30E-10,2.54E-10,2.66E-10,8.08E-11,9.53E-11,1.44E-10,7.99E-11,2.88E-10,4.72E-11,1.23E-10,5.65E-11,1.88E-10,1.30E-10,6.14E-10,1.10E-10,2.65E-10,3.45E-10,1.94E-10,2.16E-10,8.03E-11,4.51E-10,1.37E-10,1.16E-11,2.45E-10,3.75E-10,8.02E-11,2.51E-10,2.85E-11,3.87E-10,1.30E-10,4.62E-10,5.36E-10,2.65E-11,5.40E-11,2.18E-10,4.37E-10,1.51E-10,8.67E-11,4.58E-11,3.30E-10,5.48E-10,1.05E-10,1.60E-10,1.29E-10,2.56E-10,1.40E-10,1.75E-10,3.93E-10,1.66E-10,2.67E-10,1.64E-10,9.44E-12,1.35E-10,2.55E-10,7.65E-10,4.61E-10,4.08E-11,4.29E-11,2.13E-10
70.75,71.25,A,10,2.98E-09,1.18E-08,1.93E-09,8.48E-10,5.31E-09,1.65E-09,4.36E-10,3.01E-09,1.47E-09,3.62E-10,1.82E-10,2.04E-09,1.57E-10,6.08E-11,1.28E-09,2.87E-10,5.33E-10,2.68E-10,2.38E-09,5.64E-10,3.07E-11,7.64E-10,4.64E-10,5.82E-11,4.55E-10,1.48E-10,6.63E-11,3.15E-11,2.74E-10,8.29E-10,2.98E-09,1.18E-08,1.93E-09,8.48E-10,5.31E-09,1.65E-09,4.36E-10,3.01E-09,1.47E-09,3.62E-10,1.82E-10,2.04E-09,1.57E-10,6.08E-11,1.28E-09,2.87E-10,5.33E-10,2.68E-10,2.38E-09,5.64E-10,3.07E-11,7.64E-10,4.64E-10,5.82E-11,4.55E-10,1.48E-10,6.63E-11,3.15E-11,2.74E-10,8.29E-10,5.83E-11,1.54E-10,5.51E-11,1.43E-10,2.37E-10,3.26E-10,1.07E-10,2.47E-10,1.81E-10,2.84E-11,1.88E-10,3.27E-11,2.16E-10,1.82E-10,4.44E-10,3.51E-10,1.67E-10,4.58E-11,3.65E-10,8.33E-11,3.93E-10,5.09E-10,1.20E-10,2.42E-10,2.56E-10,4.16E-11,2.85E-10,2.69E-10,1.50E-10,4.74E-11,2.85E-10,3.16E-10,2.26E-11,2.66E-10,3.65E-11,4.73E-10,1.70E-10,1.92E-10,2.60E-10,2.72E-10,2.81E-10,1.15E-10,3.99E-10,1.05E-10,2.39E-10,2.02E-10,1.60E-10,6.50E-10,6.39E-10,1.24E-10,7.24E-11,1.74E-10,3.48E-10,1.19E-10,1.02E-10,1.44E-10,3.59E-11,2.66E-10,1.82E-10,1.20E-10,4.83E-11,5.78E-11,1.23E-10,2.81E-11,2.55E-10,7.60E-12,9.10E-11,1.29E-10,3.09E-11,4.46E-10,4.67E-11,2.16E-10,5.08E-11,2.00E-11,4.29E-11,3.53E-10,1.47E-10,2.98E-10,5.02E-12,1.87E-10,1.76E-10,3.10E-11,3.24E-11,2.92E-10,1.37E-10,6.91E-11,6.69E-11,4.22E-10,1.34E-11,9.32E-10,4.33E-11,1.94E-10,5.58E-10,3.54E-10,1.77E-10,3.19E-10,7.26E-11,2.49E-10,1.83E-10,2.95E-10,1.62E-10,7.63E-11,1.35E-11,2.88E-11,6.14E-11,2.27E-10,3.36E-11,1.66E-11,8.00E-11,6.41E-11,5.47E-11,4.67E-10,7.36E-12,1.19E-10,6.86E-11,1.13E-10,4.93E-10,1.76E-10,5.01E-10,9.65E-11,3.67E-10,8.08E-11,4.16E-10,6.95E-11,1.14E-10,7.06E-11,3.84E-12,3.03E-11,8.59E-11,3.13E-11
71,71.5,A,10,9.94E-09,1.57E-08,5.72E-09,1.87E-09,3.33E-10,1.22E-10,1.02E-09,1.34E-09,2.70E-09,9.70E-10,6.60E-10,3.90E-10,1.24E-10,2.18E-10,2.26E-10,3.82E-10,3.99E-10,2.22E-10,1.58E-10,1.44E-10,3.23E-10,1.89E-10,1.41E-10,2.94E-10,2.87E-10,1.76E-10,1.98E-10,7.56E-10,1.26E-10,9.04E-11,9.94E-09,1.57E-08,5.72E-09,1.87E-09,3.33E-10,1.22E-10,1.02E-09,1.34E-09,2.70E-09,9.70E-10,6.60E-10,3.90E-10,1.24E-10,2.18E-10,2.26E-10,3.82E-10,3.99E-10,2.22E-10,1.58E-10,1.44E-10,3.23E-10,1.89E-10,1.41E-10,2.94E-10,2.87E-10,1.76E-10,1.98E-10,7.56E-10,1.26E-10,9.04E-11,1.47E-11,8.90E-11,1.41E-10,3.86E-11,5.94E-10,1.50E-09,9.17E-10,8.05E-11,3.75E-10,1.48E-10,3.82E-10,5.60E-11,7.20E-11,1.52E-10,2.06E-10,2.91E-10,4.76E-10,1.64E-10,3.70E-11,1.37E-10,2.23E-10,4.37E-10,4.54E-10,1.14E-10,7.44E-11,9.92E-11,2.61E-10,9.54E-11,1.93E-10,3.23E-10,4.25E-11,3.50E-11,1.35E-10,1.61E-10,8.05E-11,7.25E-11,2.89E-11,4.00E-11,1.16E-10,5.94E-12,4.37E-11,8.27E-11,5.80E-11,2.79E-10,1.76E-10,1.17E-10,6.36E-10,3.86E-10,1.64E-10,2.22E-10,7.44E-11,1.83E-10,1.43E-11,7.72E-11,9.54E-11,7.08E-10,2.11E-10,1.36E-10,8.52E-11,9.77E-11,4.09E-10,1.54E-10,4.26E-10,1.50E-10,1.24E-11,1.10E-10,1.13E-10,3.70E-11,6.34E-10,2.72E-10,8.56E-11,2.36E-10,1.12E-10,3.44E-10,1.78E-10,5.99E-11,6.77E-11,3.46E-10,2.36E-10,1.13E-10,5.32E-10,2.53E-10,4.86E-11,1.93E-10,4.28E-10,8.93E-11,1.11E-10,1.99E-10,3.18E-11,9.35E-11,9.35E-11,1.09E-10,7.28E-11,6.67E-11,3.24E-11,1.85E-10,2.04E-10,1.45E-10,1.33E-10,2.11E-10,1.58E-10,1.87E-10,4.54E-10,7.43E-11,1.06E-10,1.85E-12,3.90E-11,1.66E-10,5.22E-10,1.19E-10,3.50E-10,1.74E-10,4.21E-10,2.77E-10,4.67E-10,1.87E-10,8.32E-10,1.94E-10,4.30E-10,5.80E-11,1.50E-10,2.75E-10,6.60E-11,1.23E-10,6.19E-10,5.75E-10,3.27E-10,6.78E-11,3.86E-10,1.83E-10
71.25,71.75,A,10,1.44E-09,2.33E-10,6.78E-09,5.87E-09,8.44E-10,6.84E-10,6.57E-10,1.93E-09,2.11E-10,3.68E-10,8.55E-10,5.90E-10,2.10E-10,2.17E-10,1.22E-10,2.68E-10,9.38E-10,6.56E-11,1.89E-09,4.20E-11,2.09E-10,6.61E-10,2.28E-10,1.25E-10,7.51E-10,1.32E-10,4.85E-10,5.36E-10,1.42E-10,2.33E-10,1.44E-09,2.33E-10,6.78E-09,5.87E-09,8.44E-10,6.84E-10,6.57E-10,1.93E-09,2.11E-10,3.68E-10,8.55E-10,5.90E-10,2.10E-10,2.17E-10,1.22E-10,2.68E-10,9.38E-10,6.56E-11,1.89E-09,4.20E-11,2.09E-10,6.61E-10,2.28E-10,1.25E-10,7.51E-10,1.32E-10,4.85E-10,5.36E-10,1.42E-10,2.33E-10,1.74E-10,3.03E-10,3.77E-11,5.84E-10,8.77E-11,2.21E-10,3.93E-10,1.78E-10,4.33E-10,9.92E-11,9.54E-11,8.62E-10,1.06E-10,4.66E-11,6.64E-10,2.48E-10,2.15E-10,3.00E-10,2.16E-10,7.08E-12,1.23E-10,5.89E-10,6.61E-10,2.99E-10,3.01E-11,2.14E-10,2.55E-10,1.86E-10,2.49E-10,5.73E-11,1.31E-10,1.32E-10,3.50E-11,4.76E-11,2.19E-10,5.66E-10,1.84E-10,4.32E-11,1.76E-10,6.58E-11,1.03E-10,1.62E-10,1.69E-10,4.92E-10,2.74E-10,9.47E-11,1.13E-10,2.14E-10,3.41E-10,1.99E-10,1.27E-09,1.23E-10,5.45E-10,1.77E-10,1.94E-10,2.62E-11,2.01E-10,4.90E-11,1.25E-10,2.02E-10,4.15E-10,7.25E-11,1.27E-10,1.19E-09,2.32E-10,1.00E-10,3.38E-10,1.18E-10,5.73E-10,5.39E-10,1.84E-10,2.18E-10,3.14E-10,6.26E-11,3.72E-11,3.28E-10,1.47E-10,9.05E-11,1.87E-10,2.08E-10,2.03E-10,1.84E-10,1.39E-09,1.97E-10,3.43E-12,4.48E-10,7.24E-10,1.15E-10,6.32E-11,1.99E-10,2.70E-10,5.92E-11,1.55E-10,3.06E-10,2.13E-10,8.80E-11,3.18E-10,1.62E-10,7.35E-11,1.79E-10,2.88E-10,2.85E-10,1.14E-10,3.36E-10,1.41E-10,3.43E-10,3.03E-10,2.70E-10,2.82E-10,3.26E-10,3.10E-10,3.42E-11,4.19E-11,5.31E-11,3.80E-10,2.20E-10,1.39E-10,8.76E-11,5.53E-10,5.47E-10,2.14E-12,4.09E-11,1.73E-10,7.29E-11,3.87E-10,7.02E-11,7.11E-11,4.14E-10,1.44E-10,8.18E-11
71.5,72,A,10,8.24E-09,5.65E-10,1.13E-09,2.49E-09,4.38E-10,1.58E-09,1.80E-09,1.65E-09,2.71E-10,2.26E-10,2.36E-09,3.51E-10,4.84E-10,9.45E-10,1.80E-10,8.14E-10,4.06E-10,1.27E-10,6.22E-10,3.27E-10,3.77E-10,4.61E-10,5.53E-10,6.19E-11,1.71E-10,3.61E-10,2.82E-10,2.85E-10,5.25E-10,1.27E-10,8.24E-09,5.65E-10,1.13E-09,2.49E-09,4.38E-10,1.58E-09,1.80E-09,1.65E-09,2.71E-10,2.26E-10,2.36E-09,3.51E-10,4.84E-10,9.45E-10,1.80E-10,8.14E-10,4.06E-10,1.27E-10,6.22E-10,3.27E-10,3.77E-10,4.61E-10,5.53E-10,6.19E-11,1.71E-10,3.61E-10,2.82E-10,2.85E-10,5.25E-10,1.27E-10,1.23E-09,9.82E-11,4.69E-10,2.02E-10,8.69E-10,3.19E-11,3.31E-10,1.75E-10,9.24E-11,1.73E-10,7.49E-10,4.63E-10,5.69E-10,1.58E-10,7.31E-10,6.14E-10,4.52E-10,5.16E-11,1.66E-10,3.55E-10,3.94E-10,2.48E-10,6.70E-10,2.58E-10,1.02E-10,4.08E-10,7.96E-10,7.38E-11,1.45E-10,3.14E-10,1.85E-10,1.29E-10,1.76E-10,4.22E-11,5.29E-11,8.97E-11,5.10E-10,8.39E-11,5.57E-11,3.07E-11,3.57E-11,1.31E-10,5.60E-10,2.07E-10,9.72E-11,2.58E-10,1.28E-10,3.52E-10,2.17E-10,3.11E-10,1.16E-10,4.08E-10,4.01E-10,1.66E-10,3.21E-10,9.77E-10,4.66E-10,4.42E-10,5.42E-10,1.26E-10,1.98E-10,3.71E-10,2.91E-10,2.81E-10,8.15E-11,4.54E-10,2.13E-10,1.34E-10,2.15E-10,9.49E-11,7.36E-10,7.17E-10,1.98E-10,8.72E-11,1.59E-10,2.99E-10,4.74E-10,7.15E-11,1.94E-10,3.57E-10,3.29E-10,7.93E-11,2.37E-10,6.87E-11,2.66E-11,1.53E-10,3.83E-12,1.05E-10,4.08E-11,1.12E-10,1.80E-10,3.20E-10,8.84E-11,1.77E-10,1.02E-10,5.47E-10,2.32E-10,2.50E-10,2.45E-11,3.81E-10,2.23E-10,1.84E-10,3.24E-10,2.23E-09,6.90E-10,2.89E-10,4.58E-10,8.22E-11,9.36E-11,1.15E-10,2.27E-10,9.35E-11,2.89E-11,6.78E-10,4.11E-10,1.18E-10,2.19E-10,1.07E-10,1.59E-10,4.49E-11,6.29E-11,7.28E-11,4.01E-10,1.93E-10,1.25E-10,4.03E-11,3.03E-10,7.86E-11,3.14E-10,3.02E-10
71.75,72.25,A,10,2.66E-08,3.43E-08,6.26E-09,1.19E-08,5.09E-09,4.70E-10,1.07E-09,5.40E-10,1.09E-09,1.26E-09,2.74E-09,1.46E-09,4.41E-10,5.50E-10,6.30E-10,1.39E-10,3.52E-10,3.88E-10,1.29E-10,4.69E-10,1.74E-10,4.07E-10,4.14E-10,5.21E-10,2.78E-10,7.64E-10,1.06E-10,3.77E-10,2.17E-10,1.03E-10,2.66E-08,3.43E-08,6.26E-09,1.19E-08,5.09E-09,4.70E-10,1.07E-09,5.40E-10,1.09E-09,1.26E-09,2.74E-09,1.46E-09,4.41E-10,5.50E-10,6.30E-10,1.39E-10,3.52E-10,3.88E-10,1.29E-10,4.69E-10,1.74E-10,4.07E-10,4.14E-10,5.21E-10,2.78E-10,7.64E-10,1.06E-10,3.77E-10,2.17E-10,1.03E-10,3.40E-10,5.52E-11,4.58E-11,1.14E-10,2.21E-10,1.55E-10,1.85E-10,1.08E-10,6.55E-10,1.87E-10,1.19E-10,7.26E-11,2.30E-10,5.91E-11,6.67E-11,1.61E-10,4.58E-11,2.14E-10,3.31E-10,6.86E-11,2.60E-10,2.32E-10,6.12E-11,8.02E-11,1.82E-10,2.78E-10,5.96E-11,3.28E-11,1.22E-10,3.65E-10,2.16E-11,7.96E-11,6.32E-11,1.64E-10,9.52E-11,2.28E-10,3.52E-11,2.11E-10,1.11E-11,9.90E-11,3.98E-11,9.16E-11,1.06E-10,2.08E-10,1.66E-10,3.35E-11,2.43E-11,8.30E-11,1.21E-10,1.28E-10,2.22E-10,9.60E-11,2.04E-11,2.06E-10,1.18E-10,6.93E-10,8.98E-11,9.72E-11,2.69E-10,9.15E-11,5.89E-11,1.40E-10,3.48E-10,6.25E-10,3.53E-10,9.57E-11,6.30E-10,8.25E-11,6.76E-11,1.51E-10,7.01E-10,9.35E-11,2.75E-10,2.20E-10,1.34E-10,2.91E-10,2.22E-10,9.71E-11,3.89E-10,3.68E-11,3.14E-10,1.52E-10,1.81E-10,2.42E-10,4.59E-11,4.03E-11,7.37E-11,2.51E-10,8.14E-11,3.82E-11,1.52E-10,9.45E-11,1.54E-10,2.82E-11,2.73E-11,1.22E-10,1.47E-10,6.81E-10,3.19E-10,1.11E-10,1.34E-10,4.34E-11,1.21E-10,8.67E-10,7.66E-11,8.08E-11,2.41E-11,1.35E-10,2.40E-10,2.06E-10,1.32E-10,5.77E-11,1.61E-10,6.16E-10,3.37E-10,3.83E-10,1.52E-10,2.30E-10,8.02E-11,1.07E-10,8.04E-10,5.94E-10,2.69E-10,7.33E-11,9.53E-11,1.87E-10,3.34E-10,1.13E-10,1.80E-10,1.28E-10
72,72.5,A,10,1.96E-08,6.93E-09,4.33E-09,7.78E-10,4.90E-10,5.86E-10,3.12E-09,2.78E-10,1.60E-09,4.19E-11,2.66E-10,2.30E-10,1.09E-09,1.42E-10,3.89E-10,2.34E-10,3.12E-11,7.29E-11,2.50E-11,1.13E-10,2.12E-10,8.42E-10,4.23E-10,2.24E-10,6.72E-10,1.41E-10,4.81E-10,3.83E-10,4.01E-10,4.50E-11,1.96E-08,6.93E-09,4.33E-09,7.78E-10,4.90E-10,5.86E-10,3.12E-09,2.78E-10,1.60E-09,4.19E-11,2.66E-10,2.30E-10,1.09E-09,1.42E-10,3.89E-10,2.34E-10,3.12E-11,7.29E-11,2.50E-11,1.13E-10,2.12E-10,8.42E-10,4.23E-10,2.24E-10,6.72E-10,1.41E-10,4.81E-10,3.83E-10,4.01E-10,4.50E-11,7.46E-11,1.49E-10,3.81E-11,9.07E-11,8.40E-11,3.12E-11,6.05E-11,1.52E-10,1.98E-11,2.40E-10,7.28E-11,3.50E-10,4.71E-10,4.24E-10,9.02E-11,1.87E-10,5.13E-11,3.40E-10,1.84E-10,2.55E-10,3.04E-11,2.85E-10,1.17E-10,3.62E-10,1.77E-10,3.71E-10,6.59E-11,1.16E-10,6.40E-11,4.64E-11,3.03E-10,4.81E-10,4.33E-11,1.07E-10,2.18E-10,9.81E-11,1.92E-10,5.88E-11,7.13E-11,4.68E-11,3.48E-10,5.13E-10,7.14E-11,3.53E-11,2.13E-10,2.75E-11,2.15E-11,7.94E-11,6.13E-11,1.31E-10,6.17E-10,1.93E-11,2.28E-11,1.23E-10,1.09E-10,1.70E-10,8.85E-11,5.38E-11,6.08E-11,1.69E-10,6.70E-11,2.59E-11,2.73E-10,2.15E-10,2.23E-10,7.69E-11,4.10E-10,3.32E-10,7.96E-11,1.11E-10,1.73E-10,3.28E-10,1.32E-10,2.91E-10,5.48E-11,4.75E-11,3.83E-10,7.74E-11,1.29E-09,3.54E-11,2.64E-10,2.59E-10,3.47E-10,3.96E-10,3.33E-10,1.06E-10,5.58E-10,6.83E-11,4.30E-11,9.85E-11,1.35E-10,7.71E-11,3.36E-10,1.35E-10,5.89E-11,2.20E-10,2.39E-10,2.00E-10,1.00E-10,2.70E-10,2.09E-10,4.05E-11,5.59E-10,2.47E-11,9.49E-11,2.75E-11,1.92E-11,6.73E-11,4.26E-10,3.47E-10,3.10E-10,9.07E-11,2.30E-10,6.72E-11,4.85E-10,1.87E-10,4.01E-12,1.80E-10,2.88E-10,6.76E-11,9.00E-11,7.00E-11,1.59E-10,2.48E-11,3.97E-10,3.44E-10,3.13E-11,5.73E-10,1.01E-09,2.17E-10
72.25,72.75,A,10,1.38E-08,3.05E-09,8.67E-09,7.10E-10,8.20E-09,5.23E-09,7.79E-10,1.20E-09,2.80E-09,1.35E-09,5.81E-10,1.85E-09,2.18E-10,2.79E-11,2.03E-09,2.28E-09,1.25E-10,2.23E-11,8.69E-10,6.19E-11,8.49E-10,9.59E-10,1.45E-10,1.23E-09,3.65E-11,7.83E-11,3.07E-10,2.85E-10,1.27E-09,1.49E-10,1.38E-08,3.05E-09,8.67E-09,7.10E-10,8.20E-09,5.23E-09,7.79E-10,1.20E-09,2.80E-09,1.35E-09,5.81E-10,1.85E-09,2.18E-10,2.79E-11,2.03E-09,2.28E-09,1.25E-10,2.23E-11,8.69E-10,6.19E-11,8.49E-10,9.59E-10,1.45E-10,1.23E-09,3.65E-11,7.83E-11,3.07E-10,2.85E-10,1.27E-09,1.49E-10,8.62E-11,3.88E-10,4.91E-10,1.20E-09,1.60E-10,6.55E-11,1.81E-10,1.21E-10,1.86E-10,1.48E-10,1.29E-10,1.95E-10,2.26E-10,7.51E-10,2.46E-10,4.91E-10,3.26E-10,6.76E-12,4.14E-10,9.48E-11,2.46E-10,1.09E-09,1.61E-10,3.11E-10,6.96E-10,5.75E-10,7.82E-11,2.71E-10,1.45E-10,2.01E-11,3.91E-11,4.15E-10,4.82E-10,6.43E-11,1.43E-10,1.37E-10,1.63E-10,4.10E-10,3.42E-11,1.06E-10,1.31E-10,1.50E-10,8.79E-11,3.85E-10,1.91E-10,1.70E-10,3.76E-10,9.70E-11,5.09E-10,6.19E-11,2.75E-10,7.00E-11,1.34E-10,5.46E-10,3.94E-10,2.54E-10,1.79E-10,8.33E-10,7.75E-11,6.27E-10,1.55E-10,6.69E-10,1.10E-10,5.75E-10,5.67E-12,3.58E-10,7.48E-11,5.98E-11,1.21E-10,3.45E-11,4.12E-10,9.89E-11,4.61E-11,3.45E-10,4.01E-10,3.55E-11,4.00E-10,3.71E-10,8.72E-11,4.69E-10,6.41E-10,3.59E-10,1.27E-10,8.24E-11,7.42E-10,2.06E-10,3.47E-10,1.74E-10,1.54E-10,3.06E-10,2.63E-10,1.48E-10,1.38E-11,2.98E-10,8.14E-11,1.39E-10,4.16E-10,1.30E-11,1.43E-10,2.83E-10,2.07E-10,4.38E-10,1.19E-10,5.10E-11,2.43E-10,2.90E-10,1.50E-10,4.46E-10,1.27E-10,3.18E-10,1.45E-10,1.11E-10,1.21E-10,6.28E-11,3.80E-10,4.47E-11,5.11E-10,4.34E-10,7.55E-11,2.90E-10,6.31E-11,1.74E-10,1.24E-10,8.03E-11,3.20E-10,3.52E-11,1.12E-10,3.36E-10,4.81E-11,7.38E-10
72.5,73,A,10,5.28E-08,5.94E-08,5.92E-09,1.93E-09,2.77E-09,1.50E-08,1.04E-08,1.74E-09,1.32E-09,8.27E-10,6.64E-10,1.59E-09,1.51E-09,1.97E-10,4.95E-10,1.06E-09,8.17E-10,1.62E-10,1.62E-10,9.77E-10,1.23E-10,3.98E-10,4.07E-10,2.81E-10,5.82E-11,4.83E-10,1.70E-10,1.69E-10,4.12E-10,1.56E-10,5.28E-08,5.94E-08,5.92E-09,1.93E-09,2.77E-09,1.50E-08,1.04E-08,1.74E-09,1.32E-09,8.27E-10,6.64E-10,1.59E-09,1.51E-09,1.97E-10,4.95E-10,1.06E-09,8.17E-10,1.62E-10,1.62E-10,9.77E-10,1.23E-10,3.98E-10,4.07E-10,2.81E-10,5.82E-11,4.83E-10,1.70E-10,1.69E-10,4.12E-10,1.56E-10,5.23E-10,6.73E-11,6.74E-10,1.51E-10,5.23E-10,8.33E-10,2.84E-10,7.58E-11,4.80E-10,2.64E-10,1.85E-10,2.67E-10,2.25E-10,2.21E-10,2.81E-10,5.33E-10,2.05E-10,1.37E-10,7.81E-10,4.14E-11,1.31E-10,1.05E-10,3.39E-10,2.24E-10,3.50E-10,9.40E-10,1.22E-10,4.19E-10,2.21E-10,9.65E-10,7.07E-10,4.48E-10,2.64E-10,2.77E-10,1.30E-10,1.30E-10,3.95E-10,1.27E-10,7.49E-11,4.36E-10,4.56E-11,5.00E-10,2.63E-12,6.10E-11,4.02E-10,1.34E-10,3.74E-11,1.84E-11,8.79E-10,6.95E-11,5.98E-11,6.20E-10,5.01E-11,8.41E-11,5.01E-11,2.39E-10,6.61E-10,3.35E-10,3.83E-10,7.66E-10,1.65E-10,1.15E-10,1.83E-10,8.96E-10,5.11E-11,4.49E-10,4.35E-10,7.84E-11,2.64E-10,4.37E-10,7.48E-11,9.26E-11,5.74E-10,1.76E-10,4.85E-11,4.12E-10,6.73E-10,4.32E-10,1.47E-10,3.19E-10,3.37E-10,1.12E-10,4.93E-10,1.10E-10,2.32E-10,7.69E-10,1.89E-10,1.62E-10,2.54E-10,1.80E-10,2.33E-10,2.52E-10,8.99E-11,1.14E-09,6.24E-11,1.36E-10,2.46E-10,1.03E-10,4.25E-11,4.31E-11,1.14E-09,2.50E-10,1.96E-11,2.54E-10,3.36E-10,3.64E-10,2.97E-10,3.07E-10,4.73E-10,8.53E-10,1.27E-10,1.67E-10,2.07E-11,1.37E-10,1.44E-10,1.42E-10,6.62E-10,6.34E-10,2.64E-10,7.44E-11,3.49E-10,1.35E-10,4.68E-11,4.95E-10,1.12E-10,4.49E-11,1.07E-10,5.61E-10,4.14E-10,1.01E-10
72.75,73.25,A,10,1.12E-08,2.52E-08,6.20E-09,3.27E-09,3.99E-10,7.47E-10,1.92E-09,1.03E-09,1.48E-09,8.34E-10,4.44E-10,1.71E-10,2.93E-10,4.66E-10,1.39E-10,1.68E-09,1.70E-10,3.85E-10,2.88E-10,8.37E-11,5.06E-10,1.83E-10,8.22E-11,2.01E-10,6.49E-11,2.63E-10,1.14E-10,8.84E-12,2.35E-10,9.48E-11,1.12E-08,2.52E-08,6.20E-09,3.27E-09,3.99E-10,7.47E-10,1.92E-09,1.03E-09,1.48E-09,8.34E-10,4.44E-10,1.71E-10,2.93E-10,4.66E-10,1.39E-10,1.68E-09,1.70E-10,3.85E-10,2.88E-10,8.37E-11,5.06E-10,1.83E-10,8.22E-11,2.01E-10,6.49E-11,2.63E-10,1.14E-10,8.84E-12,2.35E-10,9.48E-11,1.97E-11,3.19E-10,6.51E-10,3.42E-10,4.37E-11,1.08E-10,6.07E-11,5.30E-11,4.20E-11,1.50E-11,5.60E-11,3.96E-11,1.50E-10,9.07E-11,6.15E-11,9.46E-11,9.21E-11,2.48E-10,1.45E-10,1.19E-10,8.55E-11,2.17E-10,3.11E-10,5.85E-11,3.03E-10,1.49E-10,1.14E-10,1.98E-10,7.92E-11,1.65E-10,3.75E-10,5.72E-10,1.29E-10,2.49E-10,8.54E-11,3.23E-10,1.24E-10,5.03E-11,1.91E-11,5.25E-11,7.89E-11,6.89E-11,1.40E-10,1.11E-10,1.16E-10,1.73E-10,5.48E-11,2.70E-10,3.13E-10,1.97E-10,2.10E-10,7.55E-11,3.50E-10,1.38E-10,2.00E-10,3.97E-10,9.93E-11,1.31E-10,1.26E-10,2.43E-10,4.47E-11,6.52E-11,3.19E-10,2.53E-10,9.09E-11,1.81E-10,2.12E-10,2.15E-10,1.36E-10,2.39E-11,1.06E-11,8.21E-11,2.36E-10,2.38E-10,3.39E-10,3.61E-10,7.24E-11,2.05E-11,3.19E-10,7.55E-13,1.81E-10,1.51E-10,1.90E-10,2.99E-10,2.22E-10,2.54E-10,2.86E-10,2.40E-10,1.43E-10,4.53E-10,1.41E-10,1.62E-10,4.69E-11,4.99E-11,9.03E-11,9.30E-11,7.83E-11,2.74E-11,3.36E-11,1.91E-10,1.26E-11,4.31E-11,4.27E-11,1.22E-10,8.79E-11,4.39E-11,2.75E-10,1.35E-10,3.67E-10,2.45E-10,2.82E-11,2.24E-11,1.79E-11,9.79E-11,2.28E-11,2.11E-10,1.81E-11,1.45E-10,4.10E-10,1.48E-10,2.48E-10,3.02E-11,1.59E-10,8.71E-11,3.91E-10,6.77E-12,1.06E-10,1.44E-10,5.52E-11,8.73E-11
73,73.5,A,10,5.88E-08,9.87E-09,1.75E-09,9.78E-10,3.06E-09,1.85E-09,1.44E-09,1.79E-09,4.20E-09,9.81E-10,5.66E-10,8.52E-10,3.78E-10,8.98E-10,9.87E-10,3.28E-10,9.19E-10,8.31E-10,2.79E-09,5.86E-12,5.75E-10,5.90E-10,3.07E-10,5.28E-10,2.09E-10,3.26E-10,9.56E-11,4.78E-11,3.13E-10,1.10E-10,5.88E-08,9.87E-09,1.75E-09,9.78E-10,3.06E-09,1.85E-09,1.44E-09,1.79E-09,4.20E-09,9.81E-10,5.66E-10,8.52E-10,3.78E-10,8.98E-10,9.87E-10,3.28E-10,9.19E-10,8.31E-10,2.79E-09,5.86E-12,5.75E-10,5.90E-10,3.07E-10,5.28E-10,2.09E-10,3.26E-10,9.56E-11,4.78E-11,3.13E-10,1.10E-10,5.44E-10,4.10E-11,1.08E-09,4.74E-10,3.89E-10,1.57E-10,8.61E-11,1.17E-09,1.51E-09,7.57E-10,7.88E-11,3.49E-10,1.43E-10,3.88E-10,1.75E-10,6.52E-10,5.61E-10,1.12E-10,2.23E-10,1.85E-10,9.97E-11,9.41E-11,3.61E-10,9.06E-11,5.32E-10,2.06E-09,8.53E-10,1.12E-10,5.46E-10,7.88E-10,8.40E-10,7.94E-10,3.25E-10,5.01E-10,9.92E-11,1.54E-10,3.87E-10,2.16E-10,2.48E-10,3.40E-11,5.78E-11,1.07E-10,6.83E-11,2.26E-10,1.18E-10,6.98E-10,1.67E-10,2.65E-10,6.18E-10,7.07E-10,4.34E-11,1.54E-10,1.29E-09,2.28E-10,1.25E-10,6.77E-11,9.76E-10,6.55E-11,5.86E-10,1.92E-10,2.66E-10,1.15E-10,3.43E-11,1.82E-10,4.54E-10,9.56E-11,4.01E-11,3.76E-10,3.30E-10,1.32E-09,1.53E-10,6.59E-10,1.97E-10,5.48E-10,1.60E-10,4.56E-10,1.89E-10,1.60E-10,1.01E-10,7.07E-11,5.89E-10,1.19E-10,5.73E-10,4.58E-10,1.91E-10,1.94E-10,1.24E-10,4.23E-10,9.64E-11,1.11E-11,6.32E-10,5.01E-10,1.99E-10,5.92E-11,1.54E-10,1.25E-10,9.03E-11,1.77E-09,1.72E-10,2.92E-10,4.79E-10,5.81E-11,3.18E-10,3.66E-10,5.98E-10,7.74E-10,8.82E-10,3.46E-11,2.36E-10,5.14E-10,1.50E-10,6.53E-10,2.80E-10,7.80E-11,1.55E-10,3.47E-11,1.01E-10,2.21E-10,1.23E-10,3.06E-10,6.78E-11,1.42E-10,1.19E-09,2.46E-10,1.10E-10,6.99E-11,1.01E-10,2.02E-10,5.15E-11,2.97E-10
73.25,73.75,A,10,2.37E-08,1.08E-08,9.44E-09,2.83E-09,7.47E-09,1.70E-09,8.01E-09,4.20E-10,9.61E-10,1.39E-09,1.06E-09,4.94E-10,1.24E-09,1.88E-11,2.81E-09,2.63E-09,3.80E-10,2.90E-10,9.18E-10,3.18E-10,3.33E-10,4.35E-10,1.58E-10,6.58E-10,8.34E-10,7.86E-11,5.42E-10,2.63E-11,6.42E-10,3.78E-11,2.37E-08,1.08E-08,9.44E-09,2.83E-09,7.47E-09,1.70E-09,8.01E-09,4.20E-10,9.61E-10,1.39E-09,1.06E-09,4.94E-10,1.24E-09,1.88E-11,2.81E-09,2.63E-09,3.80E-10,2.90E-10,9.18E-10,3.18E-10,3.33E-10,4.35E-10,1.58E-10,6.58E-10,8.34E-10,7.86E-11,5.42E-10,2.63E-11,6.42E-10,3.78E-11,3.77E-10,6.68E-10,1.48E-09,1.46E-10,2.76E-10,5.39E-10,2.95E-10,6.58E-10,2.49E-10,6.34E-10,4.11E-10,7.85E-10,2.12E-10,2.75E-10,6.69E-11,3.83E-11,3.47E-10,8.87E-11,1.71E-10,3.36E-11,8.47E-11,4.34E-11,5.29E-10,4.31E-11,1.26E-09,2.39E-10,2.68E-10,1.55E-10,3.29E-10,3.29E-10,2.85E-11,2.49E-10,3.44E-10,9.26E-10,2.34E-11,1.35E-10,1.66E-10,1.80E-10,7.02E-11,1.99E-10,2.91E-10,8.46E-10,1.11E-10,1.17E-10,1.47E-10,2.34E-10,1.07E-09,8.50E-10,2.28E-10,1.90E-10,5.39E-10,5.37E-10,3.59E-11,4.78E-10,1.87E-10,1.05E-09,3.84E-10,6.09E-11,4.89E-10,5.95E-10,2.10E-09,6.17E-11,1.09E-10,4.39E-10,3.26E-10,3.46E-10,2.92E-10,4.32E-10,1.15E-10,1.61E-10,3.60E-10,4.51E-10,1.50E-10,1.07E-10,8.91E-11,1.70E-10,2.25E-10,1.13E-10,1.13E-10,2.94E-10,8.42E-11,2.98E-10,1.24E-10,7.18E-10,6.22E-11,1.76E-10,3.13E-10,2.75E-10,8.57E-10,3.68E-11,1.99E-10,1.26E-10,9.55E-10,4.02E-10,8.03E-11,5.38E-10,2.06E-10,1.34E-10,4.75E-10,1.28E-09,6.05E-10,2.09E-09,7.91E-10,6.09E-10,8.69E-11,1.25E-10,7.00E-11,1.30E-10,4.55E-10,8.48E-11,2.35E-10,3.08E-10,3.61E-10,5.83E-11,1.25E-10,5.89E-10,2.99E-10,1.14E-10,6.65E-10,1.13E-09,8.90E-10,5.57E-10,6.78E-10,1.05E-10,5.57E-10,5.53E-10,7.33E-10,4.38E-10,1.65E-10,1.00E-10
73.5,74,A,10,3.03E-08,2.62E-08,6.77E-09,1.41E-09,3.44E-09,4.76E-09,1.36E-09,2.37E-10,3.58E-10,1.21E-09,1.48E-09,2.73E-10,1.76E-10,8.82E-10,4.75E-10,9.57E-10,1.09E-09,1.44E-09,3.19E-10,1.81E-09,3.27E-10,3.29E-10,7.86E-10,3.11E-10,7.29E-10,5.21E-10,2.25E-10,4.03E-10,2.68E-10,8.46E-10,3.03E-08,2.62E-08,6.77E-09,1.41E-09,3.44E-09,4.76E-09,1.36E-09,2.37E-10,3.58E-10,1.21E-09,1.48E-09,2.73E-10,1.76E-10,8.82E-10,4.75E-10,9.57E-10,1.09E-09,1.44E-09,3.19E-10,1.81E-09,3.27E-10,3.29E-10,7.86E-10,3.11E-10,7.29E-10,5.21E-10,2.25E-10,4.03E-10,2.68E-10,8.46E-10,1.13E-10,2.72E-10,2.68E-10,8.43E-10,2.12E-10,2.78E-10,3.96E-11,7.67E-10,3.42E-10,1.23E-09,1.19E-10,5.89E-11,1.28E-10,1.45E-10,3.29E-11,6.78E-11,3.17E-10,5.30E-11,1.24E-09,2.36E-10,4.38E-11,4.62E-10,3.96E-10,4.43E-10,3.27E-10,4.79E-10,7.05E-10,1.37E-10,1.05E-09,1.23E-10,2.91E-10,2.24E-10,8.70E-10,2.21E-10,6.18E-10,1.95E-10,9.33E-10,5.42E-11,2.79E-10,5.14E-10,2.32E-10,4.92E-10,1.57E-10,2.13E-10,2.12E-10,1.49E-09,3.74E-11,2.05E-11,3.09E-10,1.72E-10,4.61E-10,1.84E-10,1.30E-10,3.78E-10,4.40E-10,4.17E-11,1.17E-10,5.13E-11,5.07E-11,1.50E-10,1.38E-10,7.92E-11,9.12E-11,2.69E-10,9.18E-10,2.38E-10,4.48E-11,2.18E-10,6.65E-10,3.94E-10,1.41E-10,7.66E-10,2.70E-10,1.44E-10,3.74E-10,4.34E-10,2.23E-10,1.06E-10,4.84E-11,2.14E-11,3.57E-10,6.31E-10,6.34E-10,3.65E-10,3.35E-10,7.00E-11,3.94E-11,8.78E-11,2.71E-10,1.89E-10,4.82E-11,1.75E-10,1.65E-10,1.62E-10,2.84E-10,3.68E-11,2.81E-10,8.67E-10,4.97E-10,1.80E-10,3.89E-10,7.70E-10,7.30E-11,2.30E-11,2.67E-10,3.30E-10,5.62E-10,2.02E-10,5.61E-11,3.82E-11,3.81E-10,1.50E-11,1.85E-10,6.94E-11,5.09E-10,2.65E-10,4.52E-11,2.84E-10,1.90E-10,4.36E-11,1.11E-10,2.28E-10,7.73E-10,3.50E-10,3.18E-10,6.33E-10,2.02E-10,1.85E-10,2.48E-12,1.94E-11
73.75,74.25,A,10,8.03E-09,8.54E-08,1.13E-08,3.96E-09,8.52E-09,2.45E-10,1.82E-09,1.61E-09,3.89E-10,3.32E-10,7.46E-10,1.19E-09,9.10E-10,1.46E-09,4.89E-10,6.42E-11,3.09E-10,6.32E-10,8.72E-11,3.52E-10,1.24E-09,1.12E-09,1.63E-10,1.69E-10,3.82E-10,3.86E-10,7.86E-10,1.63E-09,4.54E-10,3.28E-10,8.03E-09,8.54E-08,1.13E-08,3.96E-09,8.52E-09,2.45E-10,1.82E-09,1.61E-09,3.89E-10,3.32E-10,7.46E-10,1.19E-09,9.10E-10,1.46E-09,4.89E-10,6.42E-11,3.09E-10,6.32E-10,8.72E-11,3.52E-10,1.24E-09,1.12E-09,1.63E-10,1.69E-10,3.82E-10,3.86E-10,7.86E-10,1.63E-09,4.54E-10,3.28E-10,3.41E-10,2.76E-11,2.71E-11,3.55E-10,2.67E-10,2.05E-10,2.94E-11,1.01E-09,1.59E-10,2.07E-10,9.26E-11,6.82E-10,3.32E-10,1.82E-10,3.47E-10,3.20E-10,2.34E-10,1.28E-10,1.23E-10,1.08E-10,1.48E-10,1.57E-10,5.37E-10,4.34E-11,1.27E-10,1.29E-10,1.05E-10,3.94E-11,9.26E-11,3.08E-10,2.46E-10,9.49E-10,2.99E-10,2.63E-11,1.51E-11,4.09E-11,2.72E-10,3.38E-11,5.93E-11,1.60E-10,2.08E-10,9.30E-11,8.68E-11,5.08E-10,1.04E-10,1.64E-10,7.09E-10,2.35E-11,1.48E-10,5.06E-11,1.11E-10,2.00E-10,7.62E-11,2.62E-10,2.19E-10,2.21E-11,1.36E-10,2.79E-10,4.10E-11,2.07E-10,2.65E-10,5.61E-11,1.26E-10,2.88E-10,3.51E-10,6.94E-10,5.90E-10,1.70E-10,5.86E-11,2.86E-11,1.78E-10,3.30E-10,8.98E-11,1.95E-10,4.39E-11,4.25E-11,8.03E-11,2.80E-10,5.06E-10,1.04E-10,8.38E-11,1.83E-10,2.76E-10,1.26E-10,1.21E-09,6.93E-10,3.22E-10,2.99E-10,4.40E-10,3.88E-10,1.14E-09,2.14E-10,4.99E-10,9.96E-11,1.06E-09,6.84E-10,4.54E-11,3.86E-10,5.97E-10,2.53E-10,1.47E-10,5.60E-11,2.02E-10,4.90E-10,1.58E-10,3.58E-10,3.39E-10,6.99E-11,1.09E-10,2.00E-11,5.18E-10,8.84E-10,4.64E-11,7.82E-11,2.18E-10,1.56E-10,1.19E-10,9.72E-11,4.53E-10,1.53E-10,2.95E-10,2.54E-10,3.78E-10,1.83E-10,7.84E-10,2.10E-10,1.67E-10,2.65E-11,1.37E-10,1.62E-10
74,74.5,A,10,5.52E-09,6.14E-08,1.31E-08,3.93E-10,3.27E-10,1.32E-09,5.80E-10,2.91E-09,8.89E-10,2.29E-10,5.19E-10,9.73E-11,6.92E-10,6.67E-10,6.40E-10,4.67E-11,5.65E-10,6.42E-11,7.79E-11,6.99E-10,1.44E-10,4.38E-11,6.93E-10,2.47E-10,4.32E-10,8.58E-10,3.33E-10,3.71E-10,7.18E-11,1.77E-10,5.52E-09,6.14E-08,1.31E-08,3.93E-10,3.27E-10,1.32E-09,5.80E-10,2.91E-09,8.89E-10,2.29E-10,5.19E-10,9.73E-11,6.92E-10,6.67E-10,6.40E-10,4.67E-11,5.65E-10,6.42E-11,7.79E-11,6.99E-10,1.44E-10,4.38E-11,6.93E-10,2.47E-10,4.32E-10,8.58E-10,3.33E-10,3.71E-10,7.18E-11,1.77E-10,8.87E-11,6.91E-11,2.02E-11,2.08E-10,1.63E-10,2.23E-11,1.90E-10,1.16E-11,8.89E-11,2.33E-10,1.52E-10,2.92E-10,8.88E-11,2.94E-10,2.41E-10,7.90E-11,1.86E-10,1.16E-10,4.89E-10,6.11E-11,3.24E-11,1.02E-10,1.39E-10,1.81E-10,9.96E-11,7.92E-11,4.72E-10,9.33E-11,1.62E-10,4.34E-11,2.28E-10,5.37E-10,8.48E-11,1.79E-10,4.50E-10,7.40E-11,8.71E-11,1.51E-10,2.68E-10,4.94E-11,2.22E-11,1.80E-10,3.62E-11,2.75E-10,1.42E-10,1.14E-10,9.61E-11,1.49E-10,3.66E-10,2.84E-10,2.07E-10,7.44E-11,5.27E-10,8.67E-11,4.37E-11,2.53E-10,3.31E-10,2.77E-11,4.65E-10,4.32E-11,1.26E-10,1.20E-10,3.54E-10,3.23E-10,1.75E-10,8.30E-11,3.52E-10,2.31E-10,2.71E-10,8.06E-11,2.08E-11,1.37E-10,4.68E-10,1.18E-10,3.40E-10,3.37E-10,3.81E-10,7.21E-11,2.58E-11,1.35E-10,1.28E-10,1.75E-10,1.08E-10,7.27E-10,1.11E-10,8.54E-10,6.11E-10,2.19E-10,1.30E-10,8.32E-11,6.28E-10,6.49E-10,9.53E-11,2.79E-11,1.19E-10,3.27E-10,2.93E-10,1.94E-10,2.16E-10,6.86E-10,4.88E-11,9.64E-11,4.18E-10,1.20E-10,1.39E-10,3.08E-10,2.16E-10,2.52E-10,2.57E-10,1.56E-10,2.91E-10,2.52E-10,3.25E-10,2.05E-10,4.39E-10,9.64E-11,3.12E-10,1.57E-10,1.11E-10,2.85E-10,1.48E-10,2.28E-10,5.02E-11,9.48E-11,8.84E-11,6.05E-11,6.24E-11,1.30E-10,1.18E-10,2.20E-10
74.25,74.75,A,10,2.79E-08,3.83E-08,3.75E-09,4.58E-10,3.38E-09,2.26E-10,7.19E-10,1.06E-09,3.82E-09,2.92E-11,6.79E-11,6.14E-10,3.50E-10,3.91E-10,6.69E-10,4.53E-11,8.07E-10,1.47E-09,4.39E-11,9.38E-11,2.53E-10,5.19E-10,2.07E-10,1.32E-10,2.27E-11,4.52E-10,2.70E-11,5.75E-11,3.76E-10,1.79E-11,2.79E-08,3.83E-08,3.75E-09,4.58E-10,3.38E-09,2.26E-10,7.19E-10,1.06E-09,3.82E-09,2.92E-11,6.79E-11,6.14E-10,3.50E-10,3.91E-10,6.69E-10,4.53E-11,8.07E-10,1.47E-09,4.39E-11,9.38E-11,2.53E-10,5.19E-10,2.07E-10,1.32E-10,2.27E-11,4.52E-10,2.70E-11,5.75E-11,3.76E-10,1.79E-11,1.14E-10,2.71E-10,5.66E-11,2.60E-10,2.97E-10,3.07E-10,5.38E-10,8.62E-11,1.06E-10,2.65E-10,1.77E-10,8.01E-11,2.69E-11,8.86E-11,3.06E-10,1.20E-10,3.38E-10,4.30E-10,1.39E-10,3.86E-11,1.44E-10,1.95E-10,3.21E-10,4.35E-10,5.62E-11,2.52E-10,4.63E-10,1.67E-10,2.89E-11,2.10E-10,1.30E-10,2.00E-10,3.48E-11,3.04E-10,2.13E-11,2.50E-10,3.51E-10,2.66E-10,1.56E-11,2.74E-10,1.88E-10,2.44E-10,2.87E-11,2.25E-10,2.86E-11,4.47E-11,1.01E-10,3.87E-11,2.55E-10,1.24E-10,1.52E-10,8.81E-11,8.90E-11,5.02E-11,6.79E-11,1.78E-10,2.63E-10,9.77E-11,2.50E-10,1.00E-10,4.96E-11,5.56E-11,1.33E-10,1.08E-10,1.32E-10,1.12E-10,4.66E-11,1.31E-10,5.32E-10,8.12E-11,2.74E-10,3.97E-10,3.10E-10,2.84E-10,2.62E-10,1.43E-11,7.54E-11,5.16E-10,1.42E-10,2.29E-10,1.56E-10,8.04E-11,1.96E-10,6.39E-10,9.14E-11,5.22E-10,6.39E-10,2.52E-10,1.25E-10,2.23E-10,1.02E-10,1.07E-10,3.21E-10,1.07E-10,3.61E-10,2.12E-10,1.71E-10,4.66E-10,2.51E-10,1.96E-10,1.24E-10,1.46E-10,4.86E-10,1.61E-10,4.57E-11,1.99E-10,2.19E-11,6.82E-10,2.76E-10,2.84E-10,1.07E-10,8.97E-10,4.61E-11,1.83E-10,2.69E-10,4.34E-11,2.73E-10,1.10E-10,5.31E-11,2.19E-11,6.82E-12,2.10E-10,6.47E-11,4.24E-10,2.98E-10,1.81E-10,2.99E-10,1.19E-10,1.59E-10,4.47E-11
74.5,75,A,10,2.84E-08,1.35E-08,3.13E-09,3.53E-09,3.14E-09,8.21E-09,7.19E-09,3.51E-09,2.51E-09,9.18E-11,2.02E-09,4.02E-10,1.74E-09,1.84E-09,1.81E-10,1.13E-09,1.90E-09,7.34E-10,4.51E-10,4.34E-10,9.24E-10,2.58E-10,2.84E-10,1.79E-09,1.74E-10,8.29E-10,5.66E-11,2.45E-12,4.94E-10,2.61E-10,2.84E-08,1.35E-08,3.13E-09,3.53E-09,3.14E-09,8.21E-09,7.19E-09,3.51E-09,2.51E-09,9.18E-11,2.02E-09,4.02E-10,1.74E-09,1.84E-09,1.81E-10,1.13E-09,1.90E-09,7.34E-10,4.51E-10,4.34E-10,9.24E-10,2.58E-10,2.84E-10,1.79E-09,1.74E-10,8.29E-10,5.66E-11,2.45E-12,4.94E-10,2.61E-10,1.11E-10,7.17E-10,1.89E-10,1.43E-10,1.55E-10,2.76E-10,9.12E-10,5.41E-10,4.56E-10,2.54E-10,6.41E-11,2.79E-10,5.28E-11,4.88E-10,5.89E-11,4.80E-10,6.49E-10,1.40E-10,6.57E-10,5.13E-11,1.49E-09,3.65E-10,1.17E-10,2.65E-10,1.89E-09,7.87E-11,2.93E-10,2.28E-10,3.26E-11,9.41E-11,2.00E-10,1.47E-09,4.29E-10,3.88E-10,3.86E-10,3.70E-10,9.78E-11,2.55E-10,8.77E-11,9.03E-11,9.08E-11,4.69E-10,5.19E-11,5.16E-10,1.64E-10,6.69E-11,4.08E-10,1.02E-10,2.56E-10,1.17E-10,7.51E-11,1.11E-10,1.61E-10,4.58E-10,2.40E-10,2.98E-10,3.88E-10,4.25E-10,1.13E-10,8.76E-11,7.91E-11,9.96E-11,7.43E-11,2.11E-10,9.90E-11,8.13E-12,4.22E-11,4.61E-11,1.00E-10,2.53E-10,1.06E-10,5.09E-10,4.76E-10,3.16E-10,2.50E-11,5.34E-11,4.24E-10,3.44E-10,1.04E-10,2.30E-10,2.01E-10,1.92E-10,2.59E-10,5.56E-11,4.90E-10,2.65E-10,1.08E-10,1.94E-10,1.59E-10,2.10E-10,7.52E-11,1.48E-10,3.76E-11,8.17E-11,4.43E-10,1.27E-11,8.04E-11,1.05E-10,2.34E-10,1.40E-10,5.45E-11,2.56E-11,1.17E-10,3.23E-10,2.22E-10,2.13E-10,3.00E-10,2.64E-10,2.87E-11,3.15E-10,1.97E-10,2.63E-10,7.30E-10,1.69E-10,1.14E-10,1.62E-10,8.41E-10,1.20E-10,1.91E-10,1.22E-09,3.83E-11,2.57E-10,2.59E-10,1.11E-10,7.87E-11,2.23E-10,1.62E-10,3.18E-10,1.04E-10,4.33E-12
74.75,75.25,A,10,1.67E-08,6.54E-09,7.37E-09,3.41E-09,1.07E-09,3.71E-09,9.89E-10,1.96E-10,8.31E-10,3.70E-10,2.14E-10,8.12E-10,2.65E-10,2.23E-10,2.26E-10,5.18E-10,9.46E-10,3.44E-10,3.66E-10,5.93E-10,9.17E-10,8.77E-10,4.48E-10,5.21E-10,9.21E-11,4.96E-10,1.90E-10,7.53E-12,1.12E-10,1.02E-09,1.67E-08,6.54E-09,7.37E-09,3.41E-09,1.07E-09,3.71E-09,9.89E-10,1.96E-10,8.31E-10,3.70E-10,2.14E-10,8.12E-10,2.65E-10,2.23E-10,2.26E-10,5.18E-10,9.46E-10,3.44E-10,3.66E-10,5.93E-10,9.17E-10,8.77E-10,4.48E-10,5.21E-10,9.21E-11,4.96E-10,1.90E-10,7.53E-12,1.12E-10,1.02E-09,3.64E-10,1.32E-10,4.13E-10,3.48E-11,9.59E-10,2.22E-10,6.50E-10,4.72E-10,2.80E-10,4.83E-10,3.55E-11,8.30E-10,2.28E-10,1.82E-10,9.42E-11,1.16E-10,8.99E-11,5.58E-10,1.42E-11,2.19E-10,4.46E-10,9.86E-11,2.16E-10,1.44E-10,5.01E-10,3.03E-11,1.41E-10,1.57E-10,3.57E-10,1.37E-10,4.08E-10,6.03E-11,3.34E-10,1.97E-10,3.57E-10,1.08E-10,4.90E-10,3.10E-10,3.49E-11,1.90E-11,2.04E-10,3.10E-10,1.42E-10,7.92E-11,2.47E-10,4.76E-11,1.31E-10,1.46E-10,6.49E-11,9.32E-10,2.31E-10,5.29E-10,4.71E-10,1.60E-10,1.41E-10,3.91E-11,8.60E-11,5.93E-11,4.86E-11,1.21E-09,2.29E-10,4.86E-11,3.09E-10,5.41E-10,6.11E-11,1.40E-10,8.52E-11,4.81E-10,3.08E-10,2.14E-10,2.06E-10,1.37E-09,8.55E-10,7.88E-11,5.56E-11,8.14E-12,2.16E-10,1.30E-10,3.68E-10,1.41E-10,3.33E-10,9.14E-11,9.36E-11,1.42E-10,5.34E-11,5.44E-10,2.94E-10,8.54E-11,6.88E-10,3.35E-10,1.54E-10,3.27E-10,1.16E-10,1.59E-10,2.88E-11,1.55E-10,1.20E-10,1.28E-09,4.89E-10,3.97E-10,6.34E-11,1.53E-10,6.73E-11,2.26E-10,1.03E-10,5.66E-11,7.82E-11,2.49E-10,6.80E-10,2.29E-10,4.08E-10,4.19E-10,1.74E-10,4.38E-11,1.89E-10,3.06E-10,2.07E-10,1.27E-10,8.02E-11,2.12E-10,7.71E-10,5.04E-11,5.22E-11,1.49E-10,4.47E-10,3.08E-10,2.21E-10,1.82E-10,4.87E-10,2.44E-10
75,75.5,A,10,3.51E-11,3.74E-09,5.42E-09,3.82E-09,2.01E-09,1.07E-10,1.21E-09,2.35E-10,4.72E-10,2.86E-10,7.99E-10,2.13E-10,4.87E-10,7.44E-10,2.36E-10,3.75E-10,5.42E-10,6.17E-10,6.00E-11,6.86E-11,3.91E-10,2.94E-10,1.27E-11,1.07E-10,1.09E-10,7.03E-11,1.92E-10,2.58E-11,7.66E-10,3.45E-10,3.51E-11,3.74E-09,5.42E-09,3.82E-09,2.01E-09,1.07E-10,1.21E-09,2.35E-10,4.72E-10,2.86E-10,7.99E-10,2.13E-10,4.87E-10,7.44E-10,2.36E-10,3.75E-10,5.42E-10,6.17E-10,6.00E-11,6.86E-11,3.91E-10,2.94E-10,1.27E-11,1.07E-10,1.09E-10,7.03E-11,1.92E-10,2.58E-11,7.66E-10,3.45E-10,3.51E-11,1.20E-10,5.38E-11,1.27E-10,1.66E-10,2.38E-10,2.68E-10,1.40E-10,1.95E-10,1.38E-10,4.48E-11,1.66E-11,6.99E-11,4.26E-10,1.73E-10,3.76E-10,1.30E-10,1.20E-10,1.02E-10,1.10E-10,3.82E-11,1.48E-11,7.83E-11,1.27E-10,4.16E-10,6.88E-11,8.82E-11,1.55E-10,1.52E-11,3.24E-10,1.83E-10,2.42E-10,1.21E-10,1.14E-10,1.27E-10,7.58E-11,1.58E-10,4.80E-11,3.73E-11,1.70E-10,5.32E-11,5.16E-11,1.37E-11,1.24E-11,6.50E-12,2.04E-10,9.69E-11,8.75E-11,4.59E-11,7.41E-11,2.24E-10,1.03E-10,1.25E-10,3.14E-11,4.48E-10,1.54E-10,9.93E-11,1.53E-10,4.86E-11,5.43E-11,2.70E-10,4.63E-10,2.13E-10,2.59E-10,1.13E-10,3.60E-11,5.91E-11,2.48E-10,1.71E-10,2.00E-10,2.47E-11,1.25E-10,1.30E-10,2.35E-11,7.86E-11,2.37E-11,5.46E-11,5.96E-11,3.73E-11,6.62E-11,4.42E-11,1.84E-10,1.55E-10,9.72E-11,3.31E-11,4.19E-11,1.43E-10,1.41E-10,4.01E-11,3.70E-11,6.29E-11,7.26E-11,1.66E-10,2.85E-10,2.07E-10,2.62E-10,7.76E-11,3.03E-10,3.22E-10,1.36E-10,5.57E-11,6.19E-11,9.91E-11,1.52E-10,2.02E-11,2.47E-11,9.28E-11,1.64E-10,1.12E-10,2.26E-12,6.19E-11,5.51E-11,1.24E-11,1.27E-11,1.90E-12,6.54E-11,1.74E-10,1.34E-10,9.02E-11,7.41E-11,9.32E-11,1.70E-10,1.02E-10,2.11E-10,7.67E-11,4.57E-11,1.36E-10,7.52E-11,4.27E-11,5.85E-11
75.25,75.75,A,10,1.95E-09,1.70E-08,8.29E-09,3.13E-09,7.86E-09,3.09E-10,2.67E-09,1.06E-09,2.12E-09,1.43E-09,2.16E-09,6.90E-10,7.30E-10,1.06E-10,3.98E-10,7.32E-10,2.22E-11,1.21E-09,3.03E-10,7.87E-10,2.49E-10,9.63E-11,7.76E-10,5.76E-10,1.87E-10,9.67E-10,3.96E-10,5.88E-10,3.27E-10,8.50E-10,1.95E-09,1.70E-08,8.29E-09,3.13E-09,7.86E-09,3.09E-10,2.67E-09,1.06E-09,2.12E-09,1.43E-09,2.16E-09,6.90E-10,7.30E-10,1.06E-10,3.98E-10,7.32E-10,2.22E-11,1.21E-09,3.03E-10,7.87E-10,2.49E-10,9.63E-11,7.76E-10,5.76E-10,1.87E-10,9.67E-10,3.96E-10,5.88E-10,3.27E-10,8.50E-10,1.17E-09,2.74E-10,6.60E-10,5.03E-10,1.62E-10,2.01E-10,6.02E-11,2.91E-10,2.13E-10,1.51E-10,2.46E-10,2.82E-10,1.11E-10,2.98E-10,1.06E-10,1.74E-10,4.92E-11,1.95E-10,3.44E-10,8.38E-10,3.95E-10,8.89E-10,2.92E-10,1.67E-10,7.88E-11,1.22E-10,1.66E-10,2.24E-11,9.56E-11,2.42E-10,5.27E-10,3.17E-10,1.81E-10,5.24E-10,8.59E-11,7.43E-11,9.82E-11,7.01E-11,8.09E-11,3.80E-11,6.92E-11,8.27E-11,1.18E-10,1.52E-10,2.16E-10,2.19E-10,9.77E-10,9.51E-11,3.22E-11,8.81E-11,7.31E-11,2.59E-10,1.08E-10,3.12E-11,9.17E-11,4.30E-11,7.50E-10,1.47E-10,1.05E-09,2.05E-10,7.35E-11,1.64E-11,3.48E-10,5.13E-10,1.27E-10,3.17E-10,1.90E-10,1.94E-11,1.51E-10,5.18E-10,3.14E-10,2.56E-11,1.34E-10,1.16E-10,2.28E-10,9.92E-11,4.77E-10,6.41E-10,3.93E-10,9.80E-10,1.91E-10,1.63E-10,1.77E-10,5.01E-10,7.81E-11,1.53E-10,2.71E-10,6.11E-11,5.65E-10,2.10E-10,9.78E-11,7.60E-10,1.51E-10,3.03E-10,6.89E-11,7.80E-11,3.29E-10,4.34E-10,2.19E-11,1.21E-10,1.60E-10,7.67E-11,5.17E-11,4.82E-10,3.29E-11,4.67E-12,9.10E-11,8.28E-12,1.00E-10,5.07E-10,1.62E-10,2.87E-11,5.15E-10,2.14E-10,5.82E-10,2.14E-11,6.40E-11,9.09E-11,1.26E-10,1.82E-10,1.32E-09,1.20E-10,3.45E-10,2.43E-10,1.03E-10,4.45E-10,2.13E-10,1.81E-10,3.13E-10,4.48E-10
75.5,76,A,10,5.92E-08,1.67E-08,2.15E-08,2.65E-09,8.54E-09,1.72E-09,4.42E-09,5.56E-09,2.24E-09,5.50E-10,5.46E-09,3.90E-09,1.50E-09,1.18E-09,2.61E-10,1.50E-10,2.07E-09,5.83E-10,7.87E-11,7.30E-10,3.08E-10,6.52E-10,4.61E-10,2.41E-10,1.73E-09,4.87E-10,1.39E-09,4.81E-10,6.48E-10,3.16E-10,5.92E-08,1.67E-08,2.15E-08,2.65E-09,8.54E-09,1.72E-09,4.42E-09,5.56E-09,2.24E-09,5.50E-10,5.46E-09,3.90E-09,1.50E-09,1.18E-09,2.61E-10,1.50E-10,2.07E-09,5.83E-10,7.87E-11,7.30E-10,3.08E-10,6.52E-10,4.61E-10,2.41E-10,1.73E-09,4.87E-10,1.39E-09,4.81E-10,6.48E-10,3.16E-10,4.93E-10,5.02E-10,1.25E-09,1.02E-09,5.34E-10,5.45E-11,8.00E-11,2.96E-10,1.13E-10,5.16E-10,3.72E-10,7.88E-11,9.43E-10,3.25E-10,1.24E-10,4.96E-10,9.43E-10,5.37E-11,5.00E-10,1.73E-11,4.90E-10,7.70E-11,9.39E-10,8.03E-10,5.10E-11,5.73E-10,1.10E-09,2.66E-10,2.40E-10,1.29E-10,5.06E-10,1.03E-09,3.02E-10,8.01E-11,2.30E-10,8.33E-11,1.64E-10,6.66E-11,2.13E-10,1.99E-11,2.58E-10,5.29E-11,5.53E-11,6.34E-11,4.19E-10,5.00E-10,6.89E-10,1.07E-10,1.65E-10,1.40E-10,1.53E-10,2.66E-10,1.75E-10,7.94E-10,2.40E-10,5.71E-11,1.31E-10,2.42E-10,1.77E-10,2.68E-10,6.59E-11,2.99E-10,1.97E-10,4.19E-11,6.62E-10,1.22E-10,5.40E-10,1.28E-09,1.80E-10,1.18E-09,1.63E-10,3.85E-10,6.52E-10,5.71E-11,3.59E-10,1.45E-10,4.32E-11,1.16E-10,1.42E-10,4.29E-11,6.15E-10,1.61E-10,1.45E-10,4.57E-11,5.83E-11,5.96E-11,2.84E-10,1.20E-10,1.25E-10,3.90E-10,3.32E-10,2.03E-10,3.40E-11,3.17E-10,5.72E-11,2.64E-10,8.21E-11,1.52E-10,4.36E-10,1.94E-10,2.55E-10,1.51E-10,1.22E-11,1.72E-10,5.92E-10,8.81E-11,2.83E-10,2.13E-10,2.50E-10,7.95E-11,1.32E-10,1.98E-10,1.43E-10,1.05E-10,3.36E-10,6.89E-11,3.36E-11,1.09E-10,1.81E-10,3.11E-10,8.20E-10,1.01E-09,5.21E-10,3.44E-10,1.92E-10,1.04E-10,1.43E-10,8.51E-10,6.33E-10,1.00E-10
75.75,76.25,A,10,2.22E-08,3.36E-08,3.07E-08,1.12E-09,1.40E-09,1.91E-10,4.89E-09,6.29E-10,8.21E-10,1.17E-10,1.58E-09,1.38E-09,9.34E-10,1.13E-09,4.67E-10,1.29E-09,9.66E-11,1.78E-10,1.25E-09,1.68E-10,1.86E-10,2.42E-10,7.24E-10,4.69E-10,4.86E-11,3.05E-10,4.06E-11,5.89E-11,1.20E-09,2.19E-10,2.22E-08,3.36E-08,3.07E-08,1.12E-09,1.40E-09,1.91E-10,4.89E-09,6.29E-10,8.21E-10,1.17E-10,1.58E-09,1.38E-09,9.34E-10,1.13E-09,4.67E-10,1.29E-09,9.66E-11,1.78E-10,1.25E-09,1.68E-10,1.86E-10,2.42E-10,7.24E-10,4.69E-10,4.86E-11,3.05E-10,4.06E-11,5.89E-11,1.20E-09,2.19E-10,1.64E-10,2.28E-10,9.01E-10,1.20E-10,7.77E-12,6.60E-11,1.02E-11,1.19E-10,2.77E-10,6.69E-10,3.64E-10,1.40E-10,3.44E-10,9.93E-11,9.12E-11,6.26E-11,1.19E-10,1.46E-10,3.65E-11,2.46E-10,2.36E-10,4.07E-11,5.07E-11,2.90E-10,3.58E-11,1.93E-10,1.29E-10,1.21E-10,2.76E-10,1.04E-09,1.41E-10,6.70E-11,1.42E-11,3.71E-10,4.77E-10,2.29E-11,6.25E-11,1.08E-10,2.10E-10,1.61E-10,5.86E-10,1.16E-10,4.17E-11,2.79E-10,7.48E-10,1.25E-10,3.50E-10,3.67E-12,3.03E-11,1.88E-10,1.34E-10,6.80E-11,5.43E-10,2.16E-10,2.21E-10,4.12E-11,5.56E-11,4.33E-10,3.86E-10,3.12E-11,5.17E-11,5.57E-11,1.04E-10,2.28E-10,1.91E-10,4.05E-10,1.14E-10,2.60E-10,1.46E-11,8.83E-11,1.27E-10,6.88E-11,2.22E-11,2.57E-11,4.47E-10,1.23E-10,1.67E-10,1.79E-10,8.25E-11,3.39E-10,4.98E-11,2.68E-11,1.08E-10,6.88E-11,1.38E-10,2.59E-10,3.83E-10,3.68E-10,1.10E-10,6.29E-12,9.56E-11,4.62E-11,2.60E-10,7.58E-11,7.18E-10,9.21E-11,4.56E-10,2.84E-11,2.94E-10,1.12E-10,7.95E-11,8.72E-11,1.85E-10,3.68E-11,8.19E-11,2.58E-10,7.58E-11,1.65E-10,3.43E-10,6.81E-11,2.57E-10,3.77E-10,6.82E-11,1.84E-10,1.72E-10,2.50E-11,3.20E-11,1.88E-10,9.34E-11,1.33E-10,5.54E-11,3.60E-11,2.14E-10,4.03E-10,2.10E-11,2.46E-10,9.89E-11,1.79E-10,9.62E-11,8.16E-10
76,76.5,A,10,2.94E-08,6.92E-09,8.00E-10,1.47E-09,7.78E-10,5.40E-10,1.63E-09,1.49E-09,3.11E-10,2.73E-09,2.02E-09,2.56E-10,1.16E-10,7.74E-10,1.45E-10,5.44E-10,1.46E-09,3.11E-09,2.23E-09,2.21E-10,1.07E-09,4.67E-10,9.33E-11,2.08E-10,4.84E-10,1.01E-09,2.89E-10,6.74E-10,2.65E-10,1.84E-10,2.94E-08,6.92E-09,8.00E-10,1.47E-09,7.78E-10,5.40E-10,1.63E-09,1.49E-09,3.11E-10,2.73E-09,2.02E-09,2.56E-10,1.16E-10,7.74E-10,1.45E-10,5.44E-10,1.46E-09,3.11E-09,2.23E-09,2.21E-10,1.07E-09,4.67E-10,9.33E-11,2.08E-10,4.84E-10,1.01E-09,2.89E-10,6.74E-10,2.65E-10,1.84E-10,6.41E-10,1.66E-10,9.72E-11,7.59E-10,2.57E-10,7.70E-11,1.27E-10,1.10E-10,1.26E-10,2.03E-10,7.61E-11,2.74E-10,1.85E-10,2.45E-10,2.61E-10,1.55E-10,1.65E-10,2.58E-10,2.85E-10,1.16E-10,3.20E-10,5.59E-11,1.53E-10,2.65E-10,4.40E-10,6.76E-11,4.47E-11,1.55E-10,5.20E-11,1.41E-10,9.91E-11,2.07E-10,4.03E-10,7.96E-10,4.64E-10,1.96E-10,1.13E-10,7.67E-11,3.72E-10,4.56E-10,3.51E-10,1.26E-10,2.53E-10,4.64E-10,5.34E-10,4.28E-10,8.09E-10,3.10E-10,2.33E-10,1.03E-10,7.99E-11,8.31E-11,9.03E-10,1.37E-10,6.77E-10,7.21E-10,1.89E-10,5.82E-10,2.36E-10,2.41E-10,6.74E-10,7.13E-11,3.21E-10,2.32E-10,1.02E-10,1.13E-10,8.18E-11,3.11E-10,2.06E-10,3.09E-10,1.70E-10,5.23E-10,3.38E-10,7.42E-10,1.43E-10,6.53E-10,3.12E-10,1.38E-10,2.37E-10,1.96E-11,2.60E-10,5.53E-10,4.83E-10,2.75E-11,6.74E-11,2.87E-10,1.99E-10,8.63E-10,1.20E-11,9.77E-11,2.62E-10,2.67E-10,3.65E-10,2.44E-10,2.28E-11,1.26E-10,3.14E-10,7.11E-11,1.61E-10,6.36E-10,3.46E-10,3.57E-11,1.61E-11,1.34E-11,1.71E-11,5.17E-11,9.67E-11,3.39E-10,2.74E-10,4.02E-10,2.36E-11,2.53E-10,2.90E-10,3.72E-10,1.82E-10,5.87E-10,2.44E-10,4.81E-10,3.23E-10,3.78E-10,2.40E-10,4.46E-10,8.58E-10,1.21E-09,3.60E-10,5.45E-11,5.94E-10,4.91E-10,6.14E-10,1.14E-09
76.25,76.75,A,10,4.44E-08,2.62E-08,4.78E-09,2.27E-10,2.52E-09,5.66E-10,2.31E-09,6.08E-10,1.76E-09,2.05E-09,1.06E-09,1.18E-09,2.02E-10,5.69E-10,7.78E-10,3.95E-10,2.93E-10,5.62E-10,2.01E-10,5.66E-10,4.70E-10,5.34E-10,9.71E-11,8.39E-10,8.08E-11,2.83E-10,1.53E-10,3.83E-11,4.66E-11,2.36E-10,4.44E-08,2.62E-08,4.78E-09,2.27E-10,2.52E-09,5.66E-10,2.31E-09,6.08E-10,1.76E-09,2.05E-09,1.06E-09,1.18E-09,2.02E-10,5.69E-10,7.78E-10,3.95E-10,2.93E-10,5.62E-10,2.01E-10,5.66E-10,4.70E-10,5.34E-10,9.71E-11,8.39E-10,8.08E-11,2.83E-10,1.53E-10,3.83E-11,4.66E-11,2.36E-10,1.77E-10,8.68E-11,6.44E-10,3.19E-10,5.16E-10,5.03E-10,1.27E-10,6.86E-11,9.46E-11,3.03E-10,2.20E-10,3.81E-10,2.32E-10,4.58E-10,4.26E-10,3.20E-10,1.44E-10,2.91E-10,2.54E-10,2.65E-10,4.76E-10,1.79E-10,6.59E-11,2.31E-11,1.13E-10,1.62E-10,4.85E-11,2.59E-10,3.87E-11,1.04E-09,5.13E-11,1.65E-10,2.20E-10,1.94E-10,3.55E-10,6.73E-10,1.83E-09,2.17E-10,7.62E-11,1.09E-10,4.85E-10,1.18E-10,5.00E-10,5.25E-10,3.02E-11,1.12E-10,3.40E-10,7.13E-10,1.17E-11,3.52E-11,1.56E-10,4.50E-11,3.10E-11,2.63E-10,4.90E-11,9.36E-11,1.00E-11,1.97E-10,1.83E-10,4.25E-10,1.98E-10,1.69E-10,5.02E-11,7.53E-11,1.06E-10,2.44E-11,1.52E-10,5.04E-11,1.72E-10,3.06E-11,2.92E-11,1.77E-10,2.20E-10,1.58E-10,2.72E-11,4.91E-10,5.66E-10,1.30E-10,9.78E-11,1.34E-11,1.26E-10,1.58E-10,8.39E-11,5.03E-10,2.05E-10,4.16E-10,1.23E-10,7.44E-11,2.61E-10,1.91E-10,2.05E-10,1.78E-10,3.75E-10,1.00E-10,2.54E-11,1.27E-10,2.20E-11,2.01E-10,9.55E-11,3.37E-11,1.37E-10,1.59E-10,6.19E-11,1.32E-11,3.29E-11,2.92E-11,1.12E-10,8.63E-11,2.05E-10,1.22E-10,2.43E-10,8.12E-10,6.83E-11,5.03E-10,5.96E-10,3.70E-10,6.88E-11,3.80E-10,8.54E-11,3.65E-10,1.94E-10,4.66E-11,6.07E-11,1.79E-11,9.77E-11,6.56E-10,3.81E-10,1.30E-10,2.69E-10,1.44E-10
76.5,77,A,10,3.77E-09,1.43E-08,5.54E-09,8.09E-09,2.52E-09,2.25E-09,3.49E-09,1.03E-09,1.52E-09,2.27E-10,7.92E-10,3.22E-10,2.42E-10,1.08E-10,1.69E-09,2.38E-10,5.35E-10,4.87E-10,8.82E-11,1.19E-10,5.05E-10,1.34E-10,8.52E-11,7.12E-10,8.03E-10,3.60E-10,2.91E-10,3.15E-11,4.69E-10,4.43E-10,3.77E-09,1.43E-08,5.54E-09,8.09E-09,2.52E-09,2.25E-09,3.49E-09,1.03E-09,1.52E-09,2.27E-10,7.92E-10,3.22E-10,2.42E-10,1.08E-10,1.69E-09,2.38E-10,5.35E-10,4.87E-10,8.82E-11,1.19E-10,5.05E-10,1.34E-10,8.52E-11,7.12E-10,8.03E-10,3.60E-10,2.91E-10,3.15E-11,4.69E-10,4.43E-10,1.66E-10,6.88E-10,5.50E-10,5.98E-10,1.96E-10,3.41E-10,8.41E-11,3.23E-10,2.50E-10,2.01E-10,5.67E-10,1.54E-10,2.01E-10,2.22E-10,3.85E-10,1.82E-10,1.90E-11,3.71E-10,3.31E-10,4.13E-10,2.14E-10,2.20E-10,1.54E-10,1.77E-10,7.97E-12,5.99E-11,3.49E-10,6.84E-10,1.79E-10,2.46E-10,1.42E-10,9.11E-11,2.06E-10,1.16E-09,9.65E-10,2.87E-10,2.28E-10,2.28E-10,3.38E-10,1.46E-10,4.62E-10,1.47E-10,2.01E-10,5.18E-11,1.51E-10,3.13E-10,2.52E-10,2.11E-10,1.17E-10,2.17E-10,4.57E-10,1.27E-10,1.86E-10,1.10E-09,3.45E-10,9.55E-11,3.01E-11,6.70E-10,1.21E-10,9.28E-10,5.60E-10,3.63E-10,1.88E-10,1.36E-10,3.06E-10,3.36E-10,1.94E-10,2.25E-10,3.13E-10,1.60E-10,2.02E-10,4.23E-10,9.57E-12,2.12E-10,3.39E-11,3.10E-10,1.09E-10,2.48E-10,1.62E-10,1.92E-10,7.73E-11,9.22E-11,4.66E-10,2.42E-10,5.27E-11,2.46E-10,2.23E-10,1.03E-10,1.01E-10,1.54E-10,2.43E-10,8.39E-11,1.08E-10,9.66E-11,6.89E-10,6.43E-10,3.30E-10,8.53E-10,5.94E-10,4.23E-10,2.22E-10,1.70E-10,3.66E-11,8.88E-11,6.94E-11,1.04E-10,9.41E-11,1.47E-10,2.56E-10,1.13E-10,2.73E-10,4.24E-10,5.25E-10,9.49E-11,2.60E-10,1.41E-10,8.16E-10,4.58E-10,2.69E-10,5.32E-11,4.77E-11,1.21E-10,7.09E-11,4.40E-10,2.37E-10,2.54E-10,1.14E-10,8.42E-11,2.28E-10,1.04E-10
76.75,77.25,A,10,5.30E-09,1.19E-08,1.84E-09,1.43E-09,6.32E-10,2.00E-09,4.28E-10,4.15E-10,4.85E-10,2.35E-09,1.67E-09,3.91E-10,8.51E-11,2.86E-10,3.59E-10,9.80E-10,6.37E-10,2.35E-10,9.75E-10,3.61E-11,2.65E-10,6.30E-11,3.54E-10,4.13E-10,1.16E-10,4.11E-11,9.33E-11,1.38E-10,4.55E-11,5.85E-10,5.30E-09,1.19E-08,1.84E-09,1.43E-09,6.32E-10,2.00E-09,4.28E-10,4.15E-10,4.85E-10,2.35E-09,1.67E-09,3.91E-10,8.51E-11,2.86E-10,3.59E-10,9.80E-10,6.37E-10,2.35E-10,9.75E-10,3.61E-11,2.65E-10,6.30E-11,3.54E-10,4.13E-10,1.16E-10,4.11E-11,9.33E-11,1.38E-10,4.55E-11,5.85E-10,4.80E-11,5.00E-11,1.51E-10,8.52E-11,2.96E-10,1.24E-10,4.47E-10,1.35E-10,4.29E-10,2.38E-10,1.47E-10,1.17E-10,2.99E-11,1.18E-10,1.78E-10,2.18E-10,2.97E-11,2.19E-10,8.95E-11,3.18E-10,7.85E-11,3.95E-11,1.28E-10,4.03E-11,3.27E-10,1.51E-11,1.77E-10,1.37E-10,2.74E-10,9.54E-10,6.88E-10,6.75E-10,1.45E-10,1.19E-10,5.92E-10,3.93E-10,7.26E-10,4.17E-10,2.86E-10,1.99E-10,5.04E-10,2.51E-10,1.27E-10,2.12E-10,1.72E-10,1.68E-10,1.79E-10,2.07E-10,3.93E-10,1.19E-10,3.80E-10,6.28E-11,1.21E-10,4.99E-11,3.83E-10,1.13E-10,1.60E-10,3.73E-11,2.58E-10,2.65E-11,2.83E-10,3.75E-10,1.18E-10,1.37E-10,1.10E-10,5.16E-10,1.06E-10,5.95E-10,4.41E-11,3.51E-10,7.24E-10,2.00E-10,2.69E-10,5.94E-10,9.21E-11,4.93E-11,1.97E-10,2.59E-11,5.14E-10,3.81E-10,1.31E-10,2.95E-11,1.87E-10,3.54E-10,2.14E-11,8.42E-10,3.28E-11,3.23E-10,3.76E-10,1.67E-10,4.07E-10,2.38E-10,2.50E-10,2.31E-10,2.14E-10,2.93E-11,1.12E-10,6.38E-11,1.82E-10,8.51E-11,4.26E-10,5.81E-11,1.41E-10,3.45E-11,5.49E-10,9.24E-11,2.78E-11,2.24E-12,3.63E-10,2.54E-10,1.51E-10,1.18E-11,5.39E-10,4.34E-11,7.22E-11,2.34E-10,4.54E-10,3.72E-10,1.69E-10,4.67E-11,2.67E-10,7.30E-10,2.31E-10,1.35E-10,3.19E-10,5.54E-11,3.49E-10,3.39E-10,1.46E-10,6.94E-10
77,77.5,A,10,4.10E-09,2.58E-08,7.62E-09,1.99E-09,1.17E-09,4.52E-09,1.93E-09,9.86E-10,1.45E-09,6.07E-10,7.55E-10,5.63E-10,1.40E-09,8.60E-10,2.94E-10,4.35E-10,3.91E-10,1.25E-10,1.52E-10,4.76E-11,4.51E-10,8.73E-11,4.48E-10,4.18E-10,5.07E-11,4.88E-10,8.44E-11,9.02E-10,1.09E-10,1.79E-10,4.10E-09,2.58E-08,7.62E-09,1.99E-09,1.17E-09,4.52E-09,1.93E-09,9.86E-10,1.45E-09,6.07E-10,7.55E-10,5.63E-10,1.40E-09,8.60E-10,2.94E-10,4.35E-10,3.91E-10,1.25E-10,1.52E-10,4.76E-11,4.51E-10,8.73E-11,4.48E-10,4.18E-10,5.07E-11,4.88E-10,8.44E-11,9.02E-10,1.09E-10,1.79E-10,1.23E-10,1.69E-10,2.72E-11,6.82E-10,2.68E-10,1.71E-10,3.94E-10,8.77E-11,9.57E-11,1.19E-10,6.62E-11,4.89E-10,2.68E-10,1.15E-10,1.88E-10,1.79E-10,8.73E-11,3.17E-10,5.11E-11,1.48E-10,1.41E-10,1.49E-10,5.19E-12,2.64E-10,2.83E-10,8.71E-11,6.28E-11,1.06E-10,1.04E-10,6.03E-11,2.95E-10,1.73E-10,7.89E-10,2.95E-10,6.56E-11,2.23E-10,6.46E-11,8.84E-11,2.67E-11,1.02E-10,1.68E-10,1.49E-09,4.99E-10,2.46E-11,1.59E-10,3.00E-10,2.89E-11,2.11E-10,1.32E-11,3.32E-10,1.17E-10,9.10E-11,1.17E-10,2.46E-10,5.04E-10,4.26E-10,3.31E-11,4.82E-11,4.42E-11,1.09E-10,2.02E-10,5.92E-10,3.67E-11,2.27E-10,1.28E-10,1.62E-10,9.00E-10,9.13E-11,1.25E-10,1.05E-10,5.53E-10,1.66E-10,2.99E-10,4.11E-10,4.11E-11,4.87E-11,1.64E-10,4.62E-10,2.32E-10,3.22E-10,4.12E-10,1.31E-10,2.53E-10,4.15E-10,1.28E-09,1.75E-10,1.75E-10,4.29E-11,2.88E-10,5.02E-10,1.00E-10,2.58E-10,3.12E-10,1.52E-10,3.37E-10,1.43E-11,7.39E-11,5.56E-11,1.02E-09,2.93E-10,1.65E-10,7.79E-11,8.50E-10,8.42E-10,2.23E-10,1.27E-10,1.65E-10,8.75E-10,4.83E-10,6.09E-10,9.38E-11,1.24E-10,4.36E-10,4.64E-11,6.22E-11,1.63E-10,6.87E-10,1.06E-10,3.64E-10,2.37E-11,3.63E-10,1.01E-09,1.46E-10,1.95E-10,7.14E-10,2.30E-11,4.42E-11,3.69E-10,3.54E-10,1.00E-11
77.25,77.75,A,10,1.62E-08,7.73E-09,2.35E-09,2.31E-09,1.58E-09,7.84E-10,6.85E-10,1.83E-09,2.12E-09,1.64E-09,3.45E-10,1.67E-09,8.97E-10,1.29E-09,1.52E-09,5.09E-10,2.99E-10,1.96E-09,1.40E-10,1.26E-09,2.25E-10,2.94E-10,6.74E-11,4.02E-11,1.16E-10,1.82E-10,1.48E-10,4.33E-11,9.14E-12,4.60E-10,1.62E-08,7.73E-09,2.35E-09,2.31E-09,1.58E-09,7.84E-10,6.85E-10,1.83E-09,2.12E-09,1.64E-09,3.45E-10,1.67E-09,8.97E-10,1.29E-09,1.52E-09,5.09E-10,2.99E-10,1.96E-09,1.40E-10,1.26E-09,2.25E-10,2.94E-10,6.74E-11,4.02E-11,1.16E-10,1.82E-10,1.48E-10,4.33E-11,9.14E-12,4.60E-10,8.29E-11,1.61E-09,1.04E-10,1.16E-09,1.20E-10,1.50E-10,2.65E-11,8.31E-11,5.46E-10,3.23E-11,2.73E-10,1.41E-10,1.78E-10,2.51E-10,1.37E-10,4.16E-11,9.68E-11,5.73E-10,4.68E-11,1.36E-10,2.11E-10,7.15E-10,7.28E-10,3.04E-10,5.39E-10,9.69E-11,2.87E-11,1.04E-10,4.42E-10,5.56E-10,2.72E-10,8.19E-12,6.14E-11,4.93E-10,4.58E-12,7.12E-11,2.69E-11,4.66E-11,9.18E-11,6.48E-11,1.86E-10,3.34E-10,2.94E-11,3.21E-10,4.05E-10,3.17E-10,1.88E-10,3.40E-11,1.27E-10,2.63E-10,2.70E-10,2.46E-10,1.04E-10,8.33E-11,1.46E-11,7.80E-11,5.31E-11,4.52E-11,1.00E-10,3.41E-11,3.80E-10,1.18E-11,1.40E-10,1.10E-10,1.40E-10,4.00E-10,1.64E-10,8.29E-11,3.94E-11,3.01E-11,3.57E-11,2.42E-10,7.10E-11,1.73E-10,7.47E-11,2.94E-10,2.37E-10,6.02E-10,1.25E-10,2.32E-10,2.77E-10,6.17E-10,7.64E-10,8.57E-11,6.75E-11,3.19E-10,1.99E-10,5.21E-11,3.83E-10,7.10E-11,2.59E-10,4.52E-10,7.38E-10,3.59E-11,2.56E-10,7.54E-11,1.05E-10,9.99E-11,2.13E-10,1.89E-10,1.46E-10,8.44E-10,2.78E-10,7.13E-11,2.29E-10,3.31E-10,3.03E-10,4.30E-11,3.05E-10,3.52E-10,3.94E-11,6.06E-11,1.15E-10,7.30E-11,1.36E-10,4.51E-11,1.33E-10,1.93E-10,4.59E-11,6.20E-11,1.14E-10,5.73E-11,5.30E-11,6.26E-10,3.00E-10,2.14E-10,3.12E-10,2.60E-11,1.16E-10,5.61E-12
77.5,78,A,10,1.06E-09,7.30E-09,5.11E-09,2.03E-09,2.66E-09,2.36E-10,2.46E-09,3.63E-09,2.21E-10,8.78E-10,1.15E-10,5.07E-10,2.23E-10,7.84E-10,7.77E-10,5.71E-10,1.60E-10,1.76E-09,2.21E-09,6.03E-11,3.99E-10,5.31E-10,5.13E-10,9.14E-10,3.79E-10,1.23E-10,5.35E-10,1.40E-11,1.44E-10,6.26E-11,1.06E-09,7.30E-09,5.11E-09,2.03E-09,2.66E-09,2.36E-10,2.46E-09,3.63E-09,2.21E-10,8.78E-10,1.15E-10,5.07E-10,2.23E-10,7.84E-10,7.77E-10,5.71E-10,1.60E-10,1.76E-09,2.21E-09,6.03E-11,3.99E-10,5.31E-10,5.13E-10,9.14E-10,3.79E-10,1.23E-10,5.35E-10,1.40E-11,1.44E-10,6.26E-11,1.39E-10,7.25E-11,4.39E-10,5.28E-10,1.65E-10,2.56E-10,5.81E-13,4.39E-10,1.35E-10,5.36E-10,5.67E-11,3.88E-11,1.87E-10,2.96E-11,4.42E-10,3.21E-10,3.56E-10,5.34E-10,2.22E-10,2.63E-11,4.83E-10,1.74E-10,3.34E-10,5.57E-11,1.58E-10,3.29E-10,5.57E-11,1.13E-10,1.41E-10,1.03E-10,7.28E-11,1.22E-10,8.70E-11,5.84E-10,1.20E-10,1.18E-10,2.51E-10,3.77E-10,1.75E-10,4.01E-10,2.58E-10,8.22E-11,1.70E-10,5.93E-10,4.02E-10,3.13E-10,4.71E-10,3.49E-10,2.94E-10,3.98E-10,6.75E-10,8.09E-10,9.43E-11,4.69E-10,8.73E-11,1.35E-10,3.74E-10,3.94E-10,5.21E-10,1.57E-10,7.66E-11,9.93E-12,2.02E-10,1.49E-10,3.91E-10,2.10E-10,1.71E-10,2.11E-10,3.72E-10,6.73E-10,4.71E-10,1.03E-10,6.04E-10,1.42E-10,4.31E-11,3.65E-10,7.27E-11,2.08E-10,1.46E-10,4.23E-11,7.90E-11,4.63E-10,1.07E-10,4.81E-10,1.28E-10,3.73E-10,2.18E-10,2.58E-10,1.54E-10,4.21E-10,1.19E-10,2.32E-10,4.32E-10,2.11E-10,2.26E-10,3.78E-10,6.65E-10,1.55E-10,4.17E-11,3.75E-10,9.45E-10,6.18E-10,5.35E-11,1.31E-09,1.95E-10,8.10E-10,1.71E-11,9.08E-11,9.27E-11,1.11E-10,1.66E-10,3.51E-10,3.76E-10,3.56E-10,1.17E-10,1.20E-09,2.66E-10,2.86E-10,2.11E-10,8.12E-10,9.66E-10,7.63E-11,4.57E-10,2.47E-10,1.14E-09,8.38E-11,1.14E-10,1.22E-10,7.16E-10,1.62E-09
77.75,78.25,A,10,2.13E-08,2.81E-08,1.39E-08,3.47E-10,3.71E-09,2.70E-09,5.08E-09,1.45E-09,1.88E-09,2.39E-09,1.64E-10,1.41E-10,2.77E-10,5.20E-10,1.56E-09,7.17E-10,6.65E-10,6.82E-10,3.13E-10,4.96E-11,1.40E-10,1.71E-10,1.00E-09,4.63E-10,4.45E-11,2.87E-10,1.95E-10,4.00E-11,8.27E-11,2.70E-10,2.13E-08,2.81E-08,1.39E-08,3.47E-10,3.71E-09,2.70E-09,5.08E-09,1.45E-09,1.88E-09,2.39E-09,1.64E-10,1.41E-10,2.77E-10,5.20E-10,1.56E-09,7.17E-10,6.65E-10,6.82E-10,3.13E-10,4.96E-11,1.40E-10,1.71E-10,1.00E-09,4.63E-10,4.45E-11,2.87E-10,1.95E-10,4.00E-11,8.27E-11,2.70E-10,4.71E-11,3.27E-10,3.14E-10,2.65E-10,4.07E-11,1.33E-10,7.31E-11,4.81E-11,4.16E-10,1.68E-10,4.15E-10,8.56E-10,6.14E-11,1.33E-10,2.32E-11,1.42E-11,3.40E-11,5.04E-11,1.72E-10,3.29E-10,2.50E-10,8.00E-11,8.86E-10,1.73E-10,4.19E-10,1.11E-10,3.80E-10,9.80E-11,1.83E-10,8.75E-12,1.38E-10,3.29E-10,2.19E-10,1.17E-10,1.27E-10,4.49E-11,3.72E-10,2.84E-11,6.67E-11,3.45E-11,1.50E-10,1.34E-10,2.34E-10,1.49E-10,2.14E-10,8.81E-11,3.87E-11,7.05E-11,1.69E-10,5.63E-11,2.39E-11,6.85E-11,2.56E-10,4.52E-11,1.50E-10,1.26E-10,1.00E-10,8.65E-11,2.25E-10,8.06E-11,1.35E-10,2.32E-10,7.12E-11,1.57E-10,3.75E-11,7.31E-11,9.31E-11,4.40E-10,4.49E-11,2.27E-10,1.07E-10,1.34E-10,5.74E-11,4.56E-10,1.25E-10,2.25E-10,1.22E-11,3.23E-10,1.60E-10,2.81E-11,2.87E-10,3.98E-10,9.38E-11,9.53E-11,5.46E-11,1.73E-10,2.93E-10,1.21E-10,8.26E-11,3.99E-10,2.22E-11,6.39E-11,2.36E-10,4.00E-10,3.09E-10,1.90E-10,1.80E-10,5.04E-10,2.32E-10,2.76E-11,3.90E-10,3.44E-10,1.21E-10,1.80E-10,1.68E-10,1.00E-10,2.27E-10,3.18E-10,1.96E-10,1.06E-10,2.19E-10,1.48E-10,1.06E-10,4.28E-10,4.24E-10,9.42E-11,1.51E-10,5.70E-11,1.85E-10,1.20E-10,7.61E-11,1.75E-10,3.85E-10,1.17E-10,3.12E-11,2.94E-10,2.30E-10,1.55E-10,1.73E-10,1.04E-10
78,78.5,A,10,9.23E-08,3.66E-08,9.95E-10,1.52E-09,5.80E-10,1.75E-09,6.08E-10,5.65E-10,1.93E-09,1.90E-09,2.82E-10,4.08E-10,4.97E-11,8.60E-10,1.05E-10,1.19E-10,9.41E-11,5.23E-10,2.93E-10,9.44E-10,7.54E-10,1.00E-09,5.51E-11,1.42E-10,2.40E-10,1.69E-10,4.03E-10,7.57E-10,4.32E-10,2.11E-10,9.23E-08,3.66E-08,9.95E-10,1.52E-09,5.80E-10,1.75E-09,6.08E-10,5.65E-10,1.93E-09,1.90E-09,2.82E-10,4.08E-10,4.97E-11,8.60E-10,1.05E-10,1.19E-10,9.41E-11,5.23E-10,2.93E-10,9.44E-10,7.54E-10,1.00E-09,5.51E-11,1.42E-10,2.40E-10,1.69E-10,4.03E-10,7.57E-10,4.32E-10,2.11E-10,2.73E-10,1.47E-10,7.63E-11,3.03E-10,2.18E-11,6.75E-11,6.86E-10,2.16E-10,9.04E-11,9.11E-11,1.01E-10,1.83E-10,4.97E-10,4.86E-10,3.84E-11,1.18E-10,9.34E-11,5.71E-10,3.26E-10,5.18E-10,7.84E-11,1.40E-10,2.43E-10,1.20E-10,7.64E-10,6.68E-11,1.40E-10,1.73E-10,8.18E-11,2.22E-10,2.31E-10,3.61E-10,9.80E-10,2.98E-10,1.62E-10,5.23E-10,5.77E-11,3.27E-10,7.01E-11,1.57E-10,2.79E-10,1.63E-10,2.64E-10,3.41E-10,3.73E-10,6.86E-11,7.07E-11,3.41E-10,2.63E-11,1.86E-10,2.29E-10,6.22E-11,9.89E-11,1.19E-10,7.82E-12,2.15E-10,1.33E-11,1.48E-10,1.64E-10,2.32E-10,3.56E-10,8.48E-11,3.43E-10,3.41E-10,2.42E-10,2.55E-10,9.15E-11,3.32E-10,3.70E-10,3.10E-10,2.95E-10,1.48E-10,1.16E-10,2.45E-10,1.18E-10,7.73E-10,1.02E-10,2.22E-10,2.09E-10,5.94E-11,1.50E-11,2.50E-10,3.51E-10,3.09E-10,1.75E-10,1.04E-10,1.60E-10,1.55E-10,3.77E-11,2.18E-10,4.39E-11,4.50E-10,1.39E-10,2.68E-10,3.30E-11,1.18E-10,2.58E-10,2.09E-11,1.13E-10,1.96E-10,9.63E-11,2.03E-10,3.00E-10,3.13E-10,8.04E-11,1.83E-10,1.08E-10,5.69E-11,1.87E-10,6.36E-11,2.62E-10,1.68E-10,1.34E-10,3.76E-10,7.93E-10,5.19E-10,2.56E-10,2.17E-10,8.06E-11,1.18E-10,1.03E-10,7.53E-11,6.43E-10,1.08E-10,3.03E-10,1.04E-10,2.78E-10,3.79E-10,1.02E-10,8.80E-10
78.25,78.75,A,10,3.29E-08,1.18E-08,9.59E-09,2.16E-09,2.50E-09,1.03E-09,2.09E-09,1.84E-09,9.38E-10,2.83E-10,6.24E-10,1.01E-09,5.41E-10,2.37E-10,2.56E-10,2.04E-10,2.08E-10,3.04E-10,2.46E-10,1.03E-10,4.42E-10,6.35E-11,6.67E-10,3.91E-11,8.92E-11,3.59E-10,2.20E-10,5.67E-10,1.18E-10,9.44E-11,3.29E-08,1.18E-08,9.59E-09,2.16E-09,2.50E-09,1.03E-09,2.09E-09,1.84E-09,9.38E-10,2.83E-10,6.24E-10,1.01E-09,5.41E-10,2.37E-10,2.56E-10,2.04E-10,2.08E-10,3.04E-10,2.46E-10,1.03E-10,4.42E-10,6.35E-11,6.67E-10,3.91E-11,8.92E-11,3.59E-10,2.20E-10,5.67E-10,1.18E-10,9.44E-11,6.68E-11,8.37E-11,6.50E-10,3.10E-11,3.25E-10,1.07E-10,1.12E-10,9.91E-10,5.63E-12,2.16E-10,2.37E-10,7.16E-12,1.06E-10,3.61E-10,3.27E-10,2.29E-11,4.20E-11,1.33E-10,1.26E-10,3.19E-10,2.04E-11,1.29E-10,2.03E-10,5.22E-10,2.08E-10,6.35E-11,2.99E-10,2.01E-10,4.24E-10,1.85E-10,8.74E-11,4.27E-10,7.26E-11,3.06E-10,5.60E-12,9.04E-11,2.29E-10,5.04E-11,1.39E-10,4.33E-11,3.97E-10,1.86E-10,2.00E-10,3.40E-10,1.52E-10,1.73E-10,1.58E-10,6.00E-11,3.75E-10,8.30E-11,3.70E-10,8.59E-11,3.11E-10,2.89E-10,1.97E-10,7.90E-10,1.21E-11,1.05E-10,1.76E-10,1.30E-10,2.89E-10,9.50E-12,1.25E-10,5.76E-10,8.41E-11,3.46E-10,1.75E-10,3.49E-10,1.92E-10,5.03E-11,1.59E-10,1.01E-10,6.22E-11,1.94E-10,2.51E-10,2.78E-10,9.86E-11,1.12E-10,6.83E-11,1.23E-10,1.66E-10,3.43E-10,3.62E-10,8.44E-10,6.25E-10,9.41E-11,3.01E-10,3.36E-11,3.24E-10,1.49E-10,2.88E-10,6.90E-10,1.82E-10,3.25E-10,1.32E-10,1.36E-10,1.02E-10,1.49E-10,7.62E-11,1.60E-10,1.69E-10,5.49E-11,3.08E-10,5.99E-11,6.55E-11,2.67E-10,7.22E-10,7.24E-11,3.69E-10,2.68E-11,4.12E-11,2.45E-10,4.11E-12,5.71E-10,8.63E-11,3.70E-10,3.72E-10,2.97E-10,2.12E-10,2.97E-10,2.87E-11,9.71E-12,1.63E-11,1.63E-10,5.74E-10,2.36E-10,1.11E-10,3.39E-10,1.78E-10,1.31E-11
78.5,79,A,10,1.52E-08,1.22E-08,8.01E-09,8.93E-09,4.34E-09,1.59E-09,4.17E-09,1.81E-09,2.60E-09,6.67E-10,1.23E-09,6.39E-10,1.56E-09,7.40E-10,2.43E-11,3.45E-10,7.99E-10,4.57E-10,9.93E-10,3.97E-10,1.10E-09,6.51E-10,1.75E-09,8.03E-11,2.32E-10,1.14E-09,2.28E-10,9.85E-12,1.61E-10,2.12E-10,1.52E-08,1.22E-08,8.01E-09,8.93E-09,4.34E-09,1.59E-09,4.17E-09,1.81E-09,2.60E-09,6.67E-10,1.23E-09,6.39E-10,1.56E-09,7.40E-10,2.43E-11,3.45E-10,7.99E-10,4.57E-10,9.93E-10,3.97E-10,1.10E-09,6.51E-10,1.75E-09,8.03E-11,2.32E-10,1.14E-09,2.28E-10,9.85E-12,1.61E-10,2.12E-10,1.49E-10,8.58E-11,2.34E-10,2.73E-11,1.91E-10,6.40E-10,3.84E-11,1.64E-11,3.89E-10,2.28E-10,1.46E-10,3.52E-10,2.16E-10,3.59E-10,3.71E-10,9.19E-12,4.98E-11,3.46E-10,1.01E-09,5.27E-11,1.59E-10,4.91E-10,2.58E-10,1.40E-10,6.06E-11,5.56E-11,6.74E-11,7.78E-11,1.87E-10,5.11E-12,2.51E-10,1.79E-10,3.59E-10,1.44E-10,5.09E-10,3.13E-10,2.11E-10,5.32E-10,1.87E-10,4.96E-11,3.79E-10,4.44E-12,8.03E-11,4.57E-12,7.25E-10,9.34E-11,8.04E-11,4.22E-10,7.77E-11,7.61E-11,1.88E-10,8.03E-11,5.05E-10,7.46E-11,2.42E-10,1.98E-10,2.45E-10,3.02E-10,2.84E-10,2.20E-11,1.59E-10,1.18E-10,2.36E-10,3.21E-10,5.03E-10,2.30E-10,4.42E-10,3.30E-10,3.52E-10,8.92E-11,3.62E-10,1.84E-10,3.99E-10,2.49E-10,1.44E-10,8.49E-11,1.05E-10,5.48E-11,1.99E-11,2.59E-10,3.05E-10,1.71E-10,2.20E-10,4.31E-10,2.47E-10,1.54E-10,2.55E-11,1.01E-11,1.91E-10,1.41E-09,8.55E-11,2.14E-10,8.46E-11,2.97E-10,1.34E-10,1.99E-10,3.50E-11,7.38E-11,1.25E-10,6.08E-11,2.10E-10,2.30E-11,1.96E-11,4.11E-11,1.10E-10,3.82E-10,1.85E-11,2.69E-10,5.15E-11,1.21E-10,2.33E-10,1.61E-11,1.03E-10,9.60E-11,2.79E-10,1.66E-10,5.76E-11,2.72E-10,1.29E-10,1.65E-11,3.80E-10,6.26E-11,2.50E-10,3.60E-10,7.15E-10,6.14E-11,1.41E-11,1.44E-10,8.60E-10,2.13E-11
78.75,79.25,A,10,5.61E-08,1.93E-08,1.79E-09,7.26E-10,6.47E-09,1.71E-09,1.60E-09,4.08E-10,1.18E-09,1.03E-09,3.12E-10,1.99E-09,3.28E-10,1.79E-09,1.65E-10,1.58E-09,3.54E-10,2.55E-10,4.57E-10,4.74E-10,1.22E-10,5.48E-11,4.54E-11,4.08E-10,2.90E-10,2.13E-10,4.69E-10,5.92E-10,1.34E-10,4.13E-10,5.61E-08,1.93E-08,1.79E-09,7.26E-10,6.47E-09,1.71E-09,1.60E-09,4.08E-10,1.18E-09,1.03E-09,3.12E-10,1.99E-09,3.28E-10,1.79E-09,1.65E-10,1.58E-09,3.54E-10,2.55E-10,4.57E-10,4.74E-10,1.22E-10,5.48E-11,4.54E-11,4.08E-10,2.90E-10,2.13E-10,4.69E-10,5.92E-10,1.34E-10,4.13E-10,4.07E-11,4.45E-10,2.12E-10,3.64E-10,6.92E-10,2.85E-10,4.73E-10,1.26E-10,2.18E-10,4.07E-10,4.31E-10,3.96E-11,2.96E-11,6.19E-11,6.77E-11,1.19E-10,1.24E-10,2.66E-10,2.89E-10,1.42E-10,4.80E-10,5.67E-10,2.36E-10,1.83E-10,1.26E-10,1.84E-10,6.19E-10,4.37E-11,1.09E-10,1.19E-10,6.03E-11,1.56E-10,9.20E-11,3.42E-10,3.97E-10,5.24E-10,1.41E-10,4.66E-10,4.53E-10,5.26E-10,1.39E-10,1.32E-10,6.40E-11,2.75E-10,1.35E-09,2.90E-10,3.52E-10,1.29E-10,3.25E-10,1.55E-10,3.50E-10,2.07E-10,4.56E-10,1.91E-10,2.41E-10,2.78E-10,4.84E-10,1.74E-09,3.74E-10,7.43E-11,4.92E-10,7.17E-10,7.41E-10,4.49E-10,2.80E-10,6.11E-10,4.82E-11,2.42E-10,9.43E-11,1.54E-10,1.69E-11,3.57E-10,1.94E-10,7.83E-11,4.09E-12,6.80E-10,2.83E-10,7.86E-11,4.92E-11,3.50E-10,3.39E-11,8.59E-11,6.37E-10,3.01E-11,2.44E-10,2.05E-10,4.74E-10,2.36E-10,2.57E-10,7.28E-11,4.06E-10,5.06E-11,1.30E-10,2.26E-10,6.47E-11,5.06E-10,4.14E-10,1.66E-09,9.43E-11,8.13E-10,2.84E-10,1.32E-11,4.58E-10,3.39E-10,4.63E-10,1.71E-10,6.48E-10,2.40E-10,8.37E-11,1.06E-10,1.51E-10,7.76E-10,2.89E-10,3.76E-10,2.01E-11,4.32E-10,1.45E-10,1.20E-10,3.26E-10,2.60E-10,2.04E-10,1.47E-10,1.11E-10,5.83E-10,1.35E-10,7.32E-10,1.19E-10,5.67E-10,1.69E-10,5.72E-10
79,79.5,A,10,9.45E-09,3.31E-08,1.11E-08,3.29E-09,4.80E-09,3.84E-10,1.71E-09,2.15E-09,4.09E-09,4.45E-09,3.09E-10,1.50E-09,3.15E-11,1.39E-09,2.89E-10,1.47E-09,4.21E-10,6.67E-10,5.19E-10,4.51E-10,7.52E-11,3.89E-10,2.33E-10,1.87E-10,3.17E-10,8.50E-11,7.68E-10,1.93E-10,3.30E-10,4.02E-10,9.45E-09,3.31E-08,1.11E-08,3.29E-09,4.80E-09,3.84E-10,1.71E-09,2.15E-09,4.09E-09,4.45E-09,3.09E-10,1.50E-09,3.15E-11,1.39E-09,2.89E-10,1.47E-09,4.21E-10,6.67E-10,5.19E-10,4.51E-10,7.52E-11,3.89E-10,2.33E-10,1.87E-10,3.17E-10,8.50E-11,7.68E-10,1.93E-10,3.30E-10,4.02E-10,2.64E-10,2.03E-10,1.54E-10,6.88E-10,2.08E-10,2.21E-10,3.93E-11,5.08E-10,3.22E-10,3.69E-10,1.44E-10,2.14E-10,2.30E-10,2.68E-10,6.29E-11,2.41E-10,2.52E-10,1.64E-10,4.84E-10,2.30E-10,6.39E-10,9.18E-11,3.59E-10,1.83E-11,3.67E-11,1.08E-11,9.16E-11,2.27E-10,1.24E-10,2.32E-10,1.18E-10,1.11E-10,2.56E-10,4.64E-10,2.87E-10,1.78E-11,1.65E-10,1.53E-10,5.06E-11,3.65E-10,2.48E-10,3.88E-10,5.76E-10,4.27E-10,1.14E-10,9.81E-11,6.08E-10,1.35E-11,3.25E-10,5.27E-11,7.82E-11,3.21E-11,8.95E-11,9.25E-11,4.64E-11,8.55E-11,3.49E-10,8.36E-11,1.59E-11,6.73E-10,3.52E-10,1.63E-10,3.40E-10,2.23E-10,3.74E-10,1.31E-10,3.92E-10,2.41E-10,1.04E-09,6.91E-11,4.38E-11,3.06E-10,4.32E-10,6.77E-11,1.05E-10,5.92E-11,1.89E-10,4.21E-10,4.73E-11,2.06E-11,6.67E-12,1.07E-10,1.72E-11,9.05E-11,3.68E-11,1.26E-10,1.49E-10,1.90E-10,2.15E-10,1.47E-10,3.57E-11,2.94E-11,1.29E-10,2.72E-10,1.58E-10,1.70E-10,3.34E-10,2.57E-10,1.74E-10,5.69E-11,7.65E-11,2.02E-10,4.10E-10,9.36E-10,6.35E-11,5.34E-10,5.56E-10,3.56E-11,2.62E-10,7.94E-11,2.58E-10,1.98E-10,1.40E-10,1.70E-11,1.33E-10,2.92E-10,1.27E-10,1.03E-10,6.87E-11,7.73E-11,6.07E-12,1.71E-10,2.18E-10,1.16E-11,1.38E-10,1.31E-10,1.25E-10,3.33E-10,2.79E-10,3.36E-10
79.25,79.75,A,10,8.19E-08,4.35E-08,1.00E-08,1.13E-08,5.79E-09,8.84E-09,1.19E-09,9.62E-10,3.10E-09,1.14E-09,5.59E-09,2.47E-10,1.16E-09,1.78E-09,7.49E-10,1.12E-09,3.00E-10,1.20E-09,1.79E-09,9.07E-10,6.64E-10,2.41E-09,8.00E-11,4.52E-10,1.12E-10,1.01E-09,2.83E-10,2.62E-11,1.62E-09,9.44E-10,8.19E-08,4.35E-08,1.00E-08,1.13E-08,5.79E-09,8.84E-09,1.19E-09,9.62E-10,3.10E-09,1.14E-09,5.59E-09,2.47E-10,1.16E-09,1.78E-09,7.49E-10,1.12E-09,3.00E-10,1.20E-09,1.79E-09,9.07E-10,6.64E-10,2.41E-09,8.00E-11,4.52E-10,1.12E-10,1.01E-09,2.83E-10,2.62E-11,1.62E-09,9.44E-10,3.96E-10,3.87E-11,2.95E-12,1.78E-10,1.89E-10,3.69E-10,1.03E-09,2.48E-10,3.79E-10,1.54E-10,3.05E-10,1.67E-10,2.13E-10,2.24E-10,2.34E-10,5.47E-10,1.63E-10,9.29E-10,2.65E-10,4.14E-10,2.41E-10,2.12E-10,5.48E-10,8.74E-11,1.08E-10,3.09E-11,9.94E-10,1.38E-10,1.10E-10,5.64E-11,9.72E-11,2.67E-11,8.12E-11,9.65E-12,4.15E-10,2.50E-10,1.06E-10,2.28E-10,4.63E-11,2.92E-10,3.59E-10,2.34E-11,1.20E-10,9.60E-11,2.04E-10,4.99E-10,1.98E-10,1.40E-10,1.81E-10,1.13E-10,2.25E-10,3.24E-10,1.01E-10,7.45E-10,1.46E-10,3.09E-11,2.38E-10,4.42E-10,5.29E-11,1.45E-10,1.88E-11,1.09E-10,1.17E-10,1.93E-10,4.49E-11,6.26E-11,8.17E-11,1.92E-10,3.10E-10,1.42E-10,5.28E-11,3.34E-10,2.22E-10,2.07E-11,6.85E-10,2.73E-10,1.13E-10,5.43E-10,8.99E-11,1.49E-11,6.27E-10,1.33E-10,8.43E-11,3.30E-10,3.16E-10,8.84E-10,9.07E-11,4.68E-11,6.03E-10,1.89E-10,2.87E-10,3.10E-10,1.06E-10,3.42E-10,1.78E-09,9.01E-11,4.83E-11,4.34E-10,4.86E-10,3.63E-10,1.08E-10,3.36E-10,7.16E-10,4.09E-10,2.10E-10,3.32E-10,4.36E-10,1.90E-10,3.76E-11,1.45E-10,3.15E-10,2.24E-11,2.43E-10,1.13E-10,3.18E-10,1.65E-11,3.57E-11,3.31E-11,2.51E-10,1.36E-11,4.56E-10,9.26E-11,1.08E-10,5.03E-10,2.43E-10,1.77E-11,4.92E-10,2.37E-10,2.25E-11,3.63E-11
79.5,80,A,10,1.25E-07,4.77E-09,5.39E-08,2.76E-09,2.83E-09,2.39E-09,5.37E-09,1.20E-09,3.40E-09,1.95E-09,3.31E-09,1.82E-09,1.10E-09,1.21E-09,1.14E-09,9.89E-10,7.57E-10,1.62E-09,1.87E-10,5.51E-10,1.24E-09,5.81E-10,1.12E-09,3.60E-09,1.41E-09,1.58E-09,2.27E-10,2.30E-09,6.60E-10,1.44E-09,1.25E-07,4.77E-09,5.39E-08,2.76E-09,2.83E-09,2.39E-09,5.37E-09,1.20E-09,3.40E-09,1.95E-09,3.31E-09,1.82E-09,1.10E-09,1.21E-09,1.14E-09,9.89E-10,7.57E-10,1.62E-09,1.87E-10,5.51E-10,1.24E-09,5.81E-10,1.12E-09,3.60E-09,1.41E-09,1.58E-09,2.27E-10,2.30E-09,6.60E-10,1.44E-09,6.95E-10,1.64E-10,2.64E-10,2.87E-10,2.58E-10,1.03E-10,2.85E-10,3.31E-10,9.21E-10,1.72E-09,5.08E-11,2.73E-10,1.13E-10,1.80E-10,2.60E-10,8.82E-10,1.86E-10,3.54E-10,1.62E-10,3.70E-10,1.01E-09,1.01E-10,6.58E-10,4.06E-10,2.50E-10,1.35E-10,3.50E-10,2.96E-11,8.26E-10,1.88E-10,9.44E-10,2.87E-11,2.71E-10,2.23E-10,2.61E-10,9.69E-11,2.55E-10,9.56E-10,3.33E-10,6.05E-11,5.45E-10,3.86E-10,2.41E-10,3.66E-10,4.05E-10,5.91E-10,4.79E-11,5.85E-11,6.86E-11,4.52E-11,8.74E-10,1.27E-09,1.03E-09,6.10E-11,3.92E-10,1.76E-10,7.78E-10,1.73E-10,1.26E-10,1.93E-10,1.71E-10,4.40E-10,1.00E-10,2.22E-10,1.62E-10,1.39E-09,2.28E-10,5.52E-11,6.00E-10,6.95E-10,4.98E-10,9.07E-10,2.94E-10,4.90E-10,9.15E-11,4.88E-10,7.65E-11,5.70E-10,3.25E-10,1.01E-10,9.56E-11,4.38E-10,1.53E-10,1.01E-10,1.27E-10,4.65E-10,8.55E-10,1.22E-10,1.83E-10,1.18E-10,1.62E-10,3.98E-10,6.00E-10,1.84E-11,1.70E-09,9.90E-11,9.80E-10,1.73E-10,3.92E-10,3.74E-10,2.04E-10,6.34E-10,5.86E-11,1.00E-09,1.51E-10,8.14E-10,3.53E-10,1.52E-10,7.86E-10,4.07E-10,7.22E-11,1.74E-11,5.55E-10,1.77E-10,6.65E-11,1.96E-10,7.99E-10,5.46E-11,2.51E-10,1.31E-10,2.13E-10,1.12E-09,4.65E-10,1.23E-09,9.35E-11,2.03E-10,3.13E-11,2.53E-10,4.10E-11,7.81E-10
79.75,80.25,A,10,3.38E-10,1.34E-08,1.95E-08,1.44E-08,5.35E-10,3.53E-09,3.31E-09,1.98E-09,2.77E-10,3.51E-09,1.30E-09,8.25E-11,1.16E-09,1.25E-09,9.59E-10,3.43E-10,5.20E-10,9.60E-10,6.21E-10,5.08E-10,1.31E-09,1.92E-10,7.29E-10,7.28E-10,9.17E-10,1.69E-11,3.48E-10,2.45E-10,3.93E-11,6.72E-11,3.38E-10,1.34E-08,1.95E-08,1.44E-08,5.35E-10,3.53E-09,3.31E-09,1.98E-09,2.77E-10,3.51E-09,1.30E-09,8.25E-11,1.16E-09,1.25E-09,9.59E-10,3.43E-10,5.20E-10,9.60E-10,6.21E-10,5.08E-10,1.31E-09,1.92E-10,7.29E-10,7.28E-10,9.17E-10,1.69E-11,3.48E-10,2.45E-10,3.93E-11,6.72E-11,2.60E-10,2.45E-10,8.64E-10,6.76E-11,9.61E-10,2.56E-10,1.57E-10,8.95E-10,5.92E-10,2.90E-10,1.51E-10,6.59E-10,1.16E-09,5.51E-10,7.75E-11,8.60E-10,9.19E-11,2.47E-11,5.85E-11,2.78E-10,2.95E-11,3.63E-10,2.48E-10,1.82E-10,2.97E-10,4.06E-10,2.23E-10,1.20E-10,1.76E-10,3.62E-11,2.65E-10,8.21E-10,3.59E-10,6.09E-11,5.05E-10,7.80E-11,1.37E-10,9.78E-11,2.09E-10,4.17E-10,1.23E-09,3.23E-10,3.56E-10,7.05E-11,1.72E-10,2.14E-10,3.13E-10,9.31E-11,1.03E-10,1.03E-09,1.33E-10,5.70E-10,3.89E-10,7.42E-11,2.01E-10,1.95E-10,2.87E-10,2.03E-10,4.88E-11,9.87E-10,7.18E-10,2.60E-10,3.05E-11,3.28E-10,1.28E-10,2.22E-09,2.71E-10,3.28E-10,2.15E-10,1.15E-10,2.15E-11,3.14E-10,1.57E-10,2.63E-10,5.51E-10,7.63E-11,3.15E-10,2.56E-10,7.41E-11,4.45E-10,2.81E-10,3.64E-10,1.03E-10,8.01E-11,6.86E-10,6.20E-10,4.87E-11,8.46E-10,7.69E-10,4.07E-11,7.09E-11,6.62E-11,2.39E-10,4.08E-10,4.70E-10,3.19E-10,7.01E-10,5.43E-10,2.90E-10,1.43E-10,3.91E-10,4.03E-10,7.23E-11,2.50E-11,9.29E-11,1.01E-10,9.67E-10,7.01E-11,1.46E-10,5.77E-10,1.97E-11,1.78E-10,1.88E-10,4.84E-10,4.85E-10,8.91E-11,1.83E-10,6.92E-10,1.79E-10,2.24E-10,4.49E-12,3.24E-10,1.23E-10,2.54E-10,1.64E-10,4.21E-10,1.21E-10,2.24E-10,4.45E-10,2.48E-10
80,80.5,A,10,9.99E-09,9.52E-09,1.72E-09,8.26E-09,1.92E-09,2.55E-09,1.08E-09,1.71E-09,8.14E-10,2.22E-10,3.65E-10,5.88E-10,9.35E-10,6.91E-10,1.65E-10,1.90E-10,6.29E-10,7.99E-10,1.65E-10,7.09E-10,1.24E-10,2.75E-10,6.48E-10,1.16E-10,2.28E-10,3.21E-10,1.57E-10,3.52E-10,3.93E-10,1.70E-10,9.99E-09,9.52E-09,1.72E-09,8.26E-09,1.92E-09,2.55E-09,1.08E-09,1.71E-09,8.14E-10,2.22E-10,3.65E-10,5.88E-10,9.35E-10,6.91E-10,1.65E-10,1.90E-10,6.29E-10,7.99E-10,1.65E-10,7.09E-10,1.24E-10,2.75E-10,6.48E-10,1.16E-10,2.28E-10,3.21E-10,1.57E-10,3.52E-10,3.93E-10,1.70E-10,5.49E-11,5.24E-11,3.39E-10,4.67E-10,4.90E-11,8.44E-11,4.27E-10,5.02E-11,6.16E-10,1.76E-10,3.08E-10,1.39E-10,1.52E-10,2.84E-10,2.15E-11,1.75E-10,7.66E-11,3.55E-10,1.79E-10,2.16E-11,4.01E-10,2.31E-11,4.84E-10,2.68E-10,1.92E-10,1.06E-10,7.00E-11,1.05E-10,2.39E-10,1.94E-10,7.26E-11,1.24E-10,8.10E-11,2.30E-11,2.44E-11,1.00E-10,1.11E-10,6.17E-10,1.16E-10,2.97E-10,1.98E-10,1.69E-10,1.61E-10,7.70E-12,1.43E-10,7.57E-11,6.20E-11,2.55E-11,9.75E-11,1.80E-10,1.30E-10,7.02E-10,4.17E-11,7.31E-11,3.57E-11,1.19E-10,8.64E-11,2.95E-10,3.50E-11,6.12E-11,8.30E-11,1.19E-10,5.25E-11,3.10E-11,1.88E-10,1.79E-10,2.12E-10,1.38E-10,3.03E-10,1.54E-10,6.53E-11,2.50E-10,1.30E-10,4.57E-10,1.66E-10,1.12E-10,3.19E-10,6.79E-11,4.13E-10,8.21E-11,4.09E-11,4.40E-11,8.18E-11,1.05E-10,4.19E-11,1.22E-10,1.67E-10,3.50E-10,4.70E-11,1.66E-10,1.25E-10,6.97E-11,3.50E-10,1.23E-10,3.34E-11,3.49E-11,2.63E-10,1.34E-10,1.83E-10,7.22E-11,2.67E-10,1.87E-10,1.49E-10,1.70E-10,1.26E-10,3.04E-10,1.85E-10,2.49E-10,3.99E-10,1.85E-10,4.33E-10,1.45E-10,3.29E-10,3.42E-10,3.16E-10,1.14E-10,2.53E-10,4.78E-10,3.84E-10,3.77E-10,6.05E-10,2.24E-10,1.95E-10,2.60E-10,2.01E-10,3.29E-10,1.37E-10,2.36E-10,6.57E-11,3.15E-10
80.25,80.75,A,10,1.30E-08,1.08E-08,5.95E-09,2.01E-09,9.65E-10,4.49E-09,5.70E-10,3.32E-10,1.40E-09,1.68E-09,4.17E-10,3.48E-10,1.33E-09,1.68E-09,9.97E-11,2.43E-09,1.74E-09,3.95E-10,1.58E-09,7.35E-11,7.54E-11,2.68E-09,3.67E-12,7.06E-10,8.02E-10,4.15E-10,1.76E-10,5.73E-10,7.23E-10,3.10E-11,1.30E-08,1.08E-08,5.95E-09,2.01E-09,9.65E-10,4.49E-09,5.70E-10,3.32E-10,1.40E-09,1.68E-09,4.17E-10,3.48E-10,1.33E-09,1.68E-09,9.97E-11,2.43E-09,1.74E-09,3.95E-10,1.58E-09,7.35E-11,7.54E-11,2.68E-09,3.67E-12,7.06E-10,8.02E-10,4.15E-10,1.76E-10,5.73E-10,7.23E-10,3.10E-11,3.49E-10,1.24E-10,1.14E-10,4.70E-10,4.71E-11,3.64E-11,6.29E-10,2.45E-10,1.43E-10,3.29E-10,9.84E-10,2.01E-11,8.08E-10,3.90E-10,8.11E-11,1.29E-11,2.78E-11,8.87E-10,2.69E-10,2.91E-10,1.38E-10,2.50E-11,1.56E-10,3.51E-10,1.27E-11,2.76E-10,1.48E-10,8.85E-11,1.15E-09,7.52E-11,2.92E-10,1.45E-10,6.35E-11,3.03E-10,3.45E-10,3.03E-11,4.21E-10,2.87E-10,3.88E-11,3.83E-10,3.95E-10,2.03E-10,2.89E-10,8.79E-10,5.93E-11,1.97E-10,5.94E-10,2.78E-10,1.40E-10,1.58E-10,3.87E-10,4.92E-11,6.99E-10,3.66E-10,1.80E-10,3.72E-10,1.29E-10,1.04E-10,4.43E-11,4.03E-11,3.86E-11,4.16E-10,3.16E-11,2.79E-10,3.24E-10,8.90E-11,8.41E-10,5.42E-10,1.90E-10,3.26E-10,4.30E-11,3.61E-10,9.77E-11,8.48E-10,5.62E-10,8.93E-11,1.11E-09,2.03E-10,2.54E-10,1.32E-10,8.96E-10,9.05E-11,5.61E-10,2.52E-10,5.68E-10,1.14E-10,1.42E-10,3.71E-10,7.10E-10,2.70E-10,9.74E-11,7.58E-10,2.61E-10,2.93E-10,6.99E-11,5.97E-10,3.24E-10,4.79E-10,2.50E-10,1.78E-10,7.03E-11,2.08E-10,1.14E-10,3.09E-10,1.96E-10,2.38E-10,3.86E-10,2.06E-10,1.91E-10,1.82E-10,4.10E-11,1.26E-10,5.20E-10,1.92E-10,2.75E-10,1.28E-11,8.54E-11,5.59E-10,1.92E-10,9.13E-11,1.10E-10,3.25E-10,1.67E-10,7.50E-11,2.18E-10,2.62E-10,1.06E-09,1.13E-10,8.97E-11,5.00E-10
80.5,81,A,10,3.20E-08,2.32E-08,8.40E-09,9.94E-09,1.70E-09,4.00E-09,2.17E-09,1.01E-09,1.13E-10,6.13E-10,2.15E-09,8.88E-10,3.87E-10,3.76E-10,2.60E-11,8.02E-10,3.02E-10,7.12E-10,6.34E-11,2.14E-10,4.10E-10,8.78E-10,4.03E-10,2.11E-10,4.41E-10,1.61E-10,5.56E-10,2.25E-10,4.86E-11,1.93E-10,3.20E-08,2.32E-08,8.40E-09,9.94E-09,1.70E-09,4.00E-09,2.17E-09,1.01E-09,1.13E-10,6.13E-10,2.15E-09,8.88E-10,3.87E-10,3.76E-10,2.60E-11,8.02E-10,3.02E-10,7.12E-10,6.34E-11,2.14E-10,4.10E-10,8.78E-10,4.03E-10,2.11E-10,4.41E-10,1.61E-10,5.56E-10,2.25E-10,4.86E-11,1.93E-10,1.38E-10,8.96E-11,1.70E-10,6.64E-11,3.10E-10,2.24E-11,2.41E-10,3.52E-11,4.02E-10,8.11E-11,7.48E-11,4.62E-11,2.63E-11,3.87E-11,3.86E-11,2.58E-10,1.71E-10,2.48E-10,2.15E-11,1.74E-10,4.38E-10,1.55E-10,3.37E-10,1.66E-10,3.19E-10,5.39E-10,6.26E-11,1.50E-10,1.45E-10,5.10E-10,3.70E-11,8.41E-10,1.69E-10,2.24E-10,1.08E-10,5.07E-10,1.09E-10,1.49E-10,2.60E-10,1.75E-10,2.34E-10,2.73E-10,6.75E-10,6.11E-10,1.60E-10,2.44E-10,1.83E-10,9.93E-11,2.90E-10,7.22E-10,4.38E-10,5.21E-11,2.95E-10,7.44E-11,6.12E-11,5.44E-10,2.01E-10,5.83E-10,1.03E-09,3.40E-10,6.75E-11,1.39E-10,4.65E-10,3.06E-10,1.80E-10,9.36E-11,5.04E-11,1.08E-10,1.60E-10,3.33E-11,6.84E-11,4.69E-10,8.29E-10,2.38E-10,3.99E-10,6.65E-11,3.09E-10,5.33E-10,2.24E-10,1.59E-10,1.65E-10,1.59E-11,2.42E-10,1.21E-10,5.02E-11,2.29E-10,6.94E-11,2.16E-10,1.32E-10,3.03E-10,1.11E-10,1.57E-10,4.60E-11,2.27E-10,8.51E-11,4.46E-10,5.04E-11,1.35E-10,1.86E-10,1.95E-10,5.56E-10,7.90E-10,4.36E-10,8.64E-11,8.63E-11,1.69E-10,6.74E-11,9.13E-12,3.50E-10,1.51E-10,2.25E-10,3.14E-10,5.53E-10,6.85E-11,3.40E-10,6.46E-11,6.92E-11,3.58E-11,2.45E-10,2.58E-10,6.83E-10,1.61E-10,2.12E-10,1.56E-10,3.56E-11,9.45E-11,8.32E-11,1.17E-10,1.25E-10,3.38E-11
80.75,81.25,A,10,2.60E-08,2.26E-08,3.13E-08,7.90E-09,1.74E-09,1.96E-09,1.70E-09,2.18E-09,2.01E-09,1.11E-09,2.30E-09,1.03E-09,4.81E-10,3.38E-10,1.31E-10,1.96E-10,1.76E-09,7.25E-10,2.34E-10,1.15E-09,7.71E-10,3.37E-10,2.49E-10,1.13E-10,2.96E-10,8.45E-10,8.43E-10,2.25E-10,2.33E-10,9.94E-11,2.60E-08,2.26E-08,3.13E-08,7.90E-09,1.74E-09,1.96E-09,1.70E-09,2.18E-09,2.01E-09,1.11E-09,2.30E-09,1.03E-09,4.81E-10,3.38E-10,1.31E-10,1.96E-10,1.76E-09,7.25E-10,2.34E-10,1.15E-09,7.71E-10,3.37E-10,2.49E-10,1.13E-10,2.96E-10,8.45E-10,8.43E-10,2.25E-10,2.33E-10,9.94E-11,4.57E-10,2.47E-10,8.11E-10,4.20E-11,1.42E-10,2.11E-10,1.15E-10,2.51E-10,9.78E-11,1.70E-10,2.85E-10,1.97E-10,2.42E-12,1.96E-10,7.66E-11,2.81E-10,5.54E-11,1.76E-10,5.31E-10,1.26E-09,6.05E-10,1.25E-10,1.68E-10,2.03E-10,4.20E-11,6.37E-10,3.75E-10,1.49E-10,1.64E-10,6.56E-11,7.85E-11,2.76E-10,3.16E-11,9.14E-10,9.80E-11,7.85E-10,4.57E-11,3.61E-10,1.58E-10,6.75E-11,7.74E-11,1.21E-10,4.18E-10,1.36E-10,6.37E-10,1.54E-10,2.52E-10,9.00E-12,6.12E-10,1.51E-10,2.27E-10,3.87E-10,5.79E-10,5.20E-11,5.38E-10,1.76E-11,3.60E-11,5.06E-10,6.09E-11,1.59E-10,8.69E-12,4.23E-11,7.88E-11,1.85E-10,1.73E-10,4.35E-11,7.85E-11,2.64E-10,5.35E-10,3.83E-11,1.56E-10,9.42E-11,2.50E-10,3.54E-10,2.36E-10,1.61E-10,4.80E-10,2.07E-10,4.75E-11,3.90E-11,1.91E-10,8.70E-11,4.74E-10,8.69E-11,7.57E-11,8.00E-11,1.78E-10,7.54E-10,8.78E-11,5.76E-10,1.28E-10,4.09E-10,2.19E-10,1.23E-10,3.02E-10,8.81E-10,3.50E-10,3.04E-11,5.11E-11,8.03E-11,2.42E-10,1.60E-10,8.40E-11,9.38E-11,3.47E-10,1.21E-10,3.31E-10,1.15E-10,3.57E-10,1.10E-10,3.16E-10,5.68E-10,8.96E-11,8.33E-10,2.65E-10,1.90E-10,6.46E-11,1.95E-10,1.13E-09,6.29E-10,4.20E-10,1.00E-10,4.47E-10,8.72E-10,1.40E-10,4.76E-10,3.45E-10,1.72E-10,1.97E-10,1.07E-10
81,81.5,A,10,1.98E-08,2.25E-08,3.21E-09,5.92E-10,9.36E-09,3.05E-09,8.74E-10,1.04E-09,1.70E-09,3.52E-09,1.38E-09,5.45E-10,1.18E-09,2.38E-10,2.61E-10,1.15E-09,6.01E-10,6.56E-10,9.31E-12,9.48E-11,1.04E-09,1.66E-10,4.70E-10,3.09E-10,3.44E-10,8.18E-11,1.07E-10,1.37E-10,4.17E-10,8.05E-10,1.98E-08,2.25E-08,3.21E-09,5.92E-10,9.36E-09,3.05E-09,8.74E-10,1.04E-09,1.70E-09,3.52E-09,1.38E-09,5.45E-10,1.18E-09,2.38E-10,2.61E-10,1.15E-09,6.01E-10,6.56E-10,9.31E-12,9.48E-11,1.04E-09,1.66E-10,4.70E-10,3.09E-10,3.44E-10,8.18E-11,1.07E-10,1.37E-10,4.17E-10,8.05E-10,2.51E-10,2.24E-10,6.60E-10,1.83E-10,6.38E-10,2.41E-10,8.86E-11,2.92E-10,2.20E-10,4.40E-10,6.26E-11,2.30E-10,2.91E-10,2.66E-10,2.76E-10,1.79E-10,1.41E-11,3.51E-10,5.21E-10,1.44E-10,7.85E-11,1.81E-10,5.35E-10,5.43E-11,1.21E-10,1.63E-10,3.26E-10,3.75E-11,8.63E-11,1.01E-10,1.75E-12,2.64E-10,2.50E-10,2.38E-10,1.64E-10,3.14E-10,3.67E-11,5.69E-11,3.99E-10,2.91E-10,5.55E-11,3.19E-10,1.04E-10,1.48E-10,1.61E-10,5.00E-10,5.95E-11,2.34E-10,5.85E-11,6.63E-11,1.15E-10,1.14E-10,2.15E-11,8.16E-11,1.97E-10,1.22E-10,6.75E-11,9.28E-11,2.15E-10,3.25E-10,1.63E-10,1.16E-11,1.77E-10,8.14E-11,2.65E-10,1.11E-10,2.39E-10,4.10E-10,5.80E-11,8.88E-11,1.00E-10,3.08E-10,6.02E-11,1.47E-10,8.53E-12,1.04E-10,3.99E-10,5.47E-11,3.74E-10,1.01E-10,1.66E-10,5.91E-11,2.71E-10,9.69E-11,1.71E-10,2.13E-10,1.90E-10,3.27E-10,2.54E-10,2.21E-11,1.74E-10,1.07E-10,1.19E-10,7.07E-10,2.59E-11,1.08E-10,3.29E-10,1.49E-10,1.23E-10,6.93E-11,3.26E-10,1.50E-10,3.97E-10,1.77E-10,1.19E-10,4.55E-10,4.21E-10,1.20E-10,2.30E-10,7.56E-10,1.45E-10,3.91E-11,3.96E-10,3.96E-11,1.35E-10,1.02E-10,4.65E-11,3.30E-10,4.37E-11,1.57E-10,1.32E-10,2.88E-10,3.10E-10,2.13E-10,2.36E-10,1.14E-10,8.55E-11,3.54E-10,1.08E-10,1.63E-10
81.25,81.75,A,10,3.51E-09,2.79E-08,9.76E-09,3.41E-09,1.18E-10,9.56E-11,5.70E-10,5.71E-09,3.11E-10,9.48E-10,4.73E-10,3.69E-10,8.69E-11,3.34E-10,1.75E-10,1.91E-09,4.11E-10,1.09E-09,1.66E-10,1.19E-09,3.08E-10,2.73E-11,9.56E-10,9.61E-11,3.23E-10,3.74E-10,1.06E-10,4.66E-10,1.96E-11,5.16E-10,3.51E-09,2.79E-08,9.76E-09,3.41E-09,1.18E-10,9.56E-11,5.70E-10,5.71E-09,3.11E-10,9.48E-10,4.73E-10,3.69E-10,8.69E-11,3.34E-10,1.75E-10,1.91E-09,4.11E-10,1.09E-09,1.66E-10,1.19E-09,3.08E-10,2.73E-11,9.56E-10,9.61E-11,3.23E-10,3.74E-10,1.06E-10,4.66E-10,1.96E-11,5.16E-10,6.70E-10,4.35E-10,7.05E-11,8.75E-11,4.62E-11,1.39E-10,2.47E-10,5.01E-10,2.59E-10,2.59E-10,1.45E-11,5.25E-11,1.49E-10,2.56E-11,4.40E-10,2.81E-10,1.46E-10,2.60E-10,2.61E-11,7.19E-10,1.37E-10,1.04E-10,4.69E-10,1.40E-10,6.61E-11,7.10E-11,2.27E-10,5.67E-11,7.36E-11,4.61E-10,5.32E-11,4.15E-10,7.90E-11,2.36E-10,2.00E-10,1.38E-10,4.44E-10,1.59E-10,2.98E-11,8.14E-11,5.85E-11,1.72E-10,3.80E-11,2.58E-10,4.53E-10,2.77E-11,1.48E-11,1.66E-10,2.42E-10,3.88E-10,1.55E-11,2.39E-10,1.97E-11,1.51E-10,1.36E-10,4.56E-10,2.10E-10,2.94E-10,2.65E-10,1.58E-10,1.92E-10,7.10E-11,2.23E-11,4.40E-10,1.02E-10,1.09E-10,1.41E-10,3.29E-10,3.70E-11,3.12E-10,2.08E-10,1.94E-10,7.07E-10,2.76E-10,3.48E-10,4.55E-11,3.21E-11,1.00E-10,2.12E-10,3.78E-10,2.06E-10,5.57E-11,5.63E-10,1.59E-10,2.00E-10,2.57E-10,2.71E-10,1.73E-10,8.52E-11,2.51E-10,3.82E-10,4.22E-10,1.91E-11,1.21E-10,5.09E-10,2.92E-10,2.90E-10,8.98E-11,1.79E-10,1.01E-10,1.39E-10,2.51E-10,1.15E-10,8.19E-10,1.80E-11,2.99E-10,1.04E-11,2.11E-10,1.28E-10,5.04E-10,2.05E-11,4.08E-10,2.01E-10,1.46E-10,4.40E-10,1.94E-10,8.16E-11,1.80E-10,1.06E-10,3.12E-10,1.84E-10,6.32E-10,2.18E-10,3.80E-10,2.51E-10,4.85E-11,3.18E-10,4.22E-10,1.37E-10,5.47E-11
81.5,82,A,10,5.76E-08,5.37E-10,5.58E-09,5.63E-09,2.53E-09,1.71E-10,3.00E-09,3.30E-10,3.47E-10,1.22E-09,2.10E-09,1.56E-09,1.38E-10,5.03E-10,3.36E-10,5.87E-10,6.21E-10,2.35E-10,4.16E-10,7.51E-10,1.24E-10,5.53E-10,4.44E-10,2.37E-10,1.45E-10,4.02E-10,2.74E-10,1.32E-09,5.14E-10,1.82E-10,5.76E-08,5.37E-10,5.58E-09,5.63E-09,2.53E-09,1.71E-10,3.00E-09,3.30E-10,3.47E-10,1.22E-09,2.10E-09,1.56E-09,1.38E-10,5.03E-10,3.36E-10,5.87E-10,6.21E-10,2.35E-10,4.16E-10,7.51E-10,1.24E-10,5.53E-10,4.44E-10,2.37E-10,1.45E-10,4.02E-10,2.74E-10,1.32E-09,5.14E-10,1.82E-10,4.65E-11,3.55E-11,6.16E-10,1.02E-09,3.57E-10,2.82E-10,2.20E-10,5.59E-11,7.57E-10,2.83E-11,2.14E-10,2.64E-10,3.12E-10,2.15E-10,4.60E-10,7.26E-11,1.61E-10,1.17E-10,3.10E-11,7.06E-10,2.00E-10,1.52E-10,1.70E-10,2.34E-11,1.84E-10,2.98E-10,1.23E-10,8.03E-12,5.78E-10,3.33E-11,6.59E-10,1.07E-09,1.56E-10,3.51E-10,3.22E-10,1.19E-10,3.90E-10,2.82E-10,3.65E-11,7.30E-10,8.37E-10,6.22E-10,1.13E-10,2.49E-11,1.17E-10,4.23E-10,5.07E-10,6.62E-11,1.39E-10,2.81E-10,1.56E-10,5.89E-11,1.28E-10,1.86E-10,9.69E-11,2.86E-11,1.53E-10,2.88E-10,3.05E-10,1.35E-10,4.45E-10,1.90E-10,1.19E-10,6.66E-11,8.79E-11,2.40E-10,1.78E-10,3.16E-11,2.48E-10,6.34E-10,1.04E-09,8.51E-10,1.03E-10,8.04E-10,4.61E-10,1.95E-11,2.96E-10,4.91E-10,9.80E-11,5.46E-10,4.25E-11,1.59E-10,5.81E-10,3.18E-11,1.82E-10,3.88E-10,1.50E-10,4.27E-10,2.28E-11,4.74E-10,1.55E-10,1.59E-10,2.89E-10,2.54E-10,8.41E-11,1.46E-10,4.14E-10,1.53E-10,1.79E-10,2.16E-10,1.26E-10,1.39E-10,2.50E-10,3.73E-10,1.16E-10,9.64E-10,3.20E-10,2.27E-11,9.57E-11,1.26E-10,2.46E-10,1.13E-09,1.15E-10,5.93E-10,2.59E-10,1.23E-09,4.57E-10,3.65E-11,1.73E-10,8.18E-10,5.25E-10,3.52E-10,7.78E-10,1.32E-10,1.31E-09,4.52E-10,3.01E-11,5.98E-10,3.36E-11,8.61E-11
81.75,82.25,A,10,1.93E-08,8.42E-09,4.87E-09,2.79E-09,4.14E-10,2.17E-09,6.05E-10,1.71E-09,1.26E-09,6.25E-10,1.83E-09,3.50E-09,3.88E-10,1.04E-09,2.74E-10,2.55E-10,4.48E-10,7.69E-11,1.53E-09,1.04E-09,1.51E-10,1.12E-10,2.11E-10,7.95E-10,3.99E-11,3.11E-10,6.99E-10,9.43E-10,4.30E-10,7.95E-11,1.93E-08,8.42E-09,4.87E-09,2.79E-09,4.14E-10,2.17E-09,6.05E-10,1.71E-09,1.26E-09,6.25E-10,1.83E-09,3.50E-09,3.88E-10,1.04E-09,2.74E-10,2.55E-10,4.48E-10,7.69E-11,1.53E-09,1.04E-09,1.51E-10,1.12E-10,2.11E-10,7.95E-10,3.99E-11,3.11E-10,6.99E-10,9.43E-10,4.30E-10,7.95E-11,1.13E-10,7.09E-11,1.56E-10,6.29E-10,3.61E-10,3.16E-10,5.20E-10,4.01E-10,3.73E-10,2.29E-10,8.72E-11,1.15E-10,1.12E-10,1.55E-10,4.01E-10,7.98E-10,3.12E-10,2.06E-10,3.83E-10,1.81E-10,1.78E-10,8.56E-11,7.18E-11,3.65E-10,1.59E-10,4.72E-10,3.03E-10,9.35E-11,4.44E-10,2.73E-10,2.39E-10,1.92E-10,2.45E-10,7.67E-11,7.55E-10,1.90E-10,1.68E-10,1.91E-10,2.78E-10,4.99E-11,5.65E-10,5.81E-11,2.78E-11,1.19E-10,2.43E-10,1.30E-10,1.21E-10,9.07E-11,2.02E-10,1.01E-10,1.37E-10,3.78E-10,5.40E-10,6.92E-11,2.10E-10,1.17E-10,4.79E-11,2.16E-10,2.32E-11,1.64E-11,1.56E-10,1.60E-11,2.41E-10,1.09E-10,2.01E-10,2.26E-11,1.22E-10,6.09E-11,4.93E-11,2.08E-10,8.21E-11,2.79E-10,4.51E-11,1.18E-10,4.14E-11,5.74E-11,1.86E-10,5.15E-10,7.42E-11,3.96E-10,1.73E-10,6.20E-10,1.78E-10,2.25E-10,1.68E-10,1.14E-09,4.30E-10,3.18E-10,1.07E-11,4.55E-10,2.83E-10,1.10E-10,2.89E-10,1.86E-10,5.46E-11,3.22E-11,1.86E-10,2.00E-10,2.27E-10,7.56E-11,9.50E-11,3.51E-10,1.15E-09,7.12E-10,5.58E-10,7.49E-10,3.68E-10,8.70E-10,2.52E-10,5.12E-10,2.69E-10,3.57E-11,2.24E-10,5.89E-10,3.77E-10,4.37E-10,8.43E-11,1.13E-09,5.89E-10,6.56E-10,2.59E-10,1.88E-10,6.91E-11,1.55E-10,4.35E-10,4.55E-10,2.85E-10,1.40E-10,1.56E-10,2.73E-10
82,82.5,A,10,8.08E-08,2.86E-08,1.77E-09,5.65E-09,1.48E-09,1.62E-09,3.95E-09,2.70E-09,1.92E-10,2.65E-10,1.37E-10,3.61E-10,1.74E-10,1.10E-09,3.17E-10,6.10E-10,2.93E-10,6.62E-10,9.01E-10,8.66E-11,1.69E-10,1.36E-10,3.06E-10,9.15E-11,4.01E-10,9.70E-11,7.11E-11,1.20E-10,1.59E-10,4.78E-10,8.08E-08,2.86E-08,1.77E-09,5.65E-09,1.48E-09,1.62E-09,3.95E-09,2.70E-09,1.92E-10,2.65E-10,1.37E-10,3.61E-10,1.74E-10,1.10E-09,3.17E-10,6.10E-10,2.93E-10,6.62E-10,9.01E-10,8.66E-11,1.69E-10,1.36E-10,3.06E-10,9.15E-11,4.01E-10,9.70E-11,7.11E-11,1.20E-10,1.59E-10,4.78E-10,8.07E-11,4.14E-10,3.03E-10,8.10E-10,1.23E-10,1.47E-10,4.18E-10,5.31E-12,4.15E-10,5.14E-11,3.98E-11,2.12E-10,3.31E-10,5.23E-10,2.52E-10,1.47E-10,4.06E-10,3.48E-10,2.92E-10,3.77E-11,1.99E-10,1.86E-10,4.68E-10,1.42E-10,6.49E-11,8.37E-11,1.66E-10,3.21E-10,6.77E-11,4.57E-11,8.04E-11,1.79E-10,2.83E-10,2.25E-10,3.61E-10,1.37E-10,1.68E-10,9.61E-10,4.78E-10,2.15E-10,1.32E-10,1.29E-10,1.96E-11,1.82E-10,5.65E-10,1.39E-10,4.82E-11,1.51E-11,3.02E-10,5.21E-10,1.13E-10,2.68E-10,1.69E-10,1.12E-10,8.33E-11,1.37E-10,2.31E-10,3.83E-10,1.55E-10,7.06E-10,1.06E-10,4.31E-10,6.96E-10,3.12E-10,3.36E-10,1.15E-10,8.35E-10,1.77E-10,9.54E-11,9.82E-10,1.46E-10,5.98E-10,4.52E-10,3.96E-10,4.04E-11,8.81E-11,4.00E-10,1.52E-10,8.77E-10,3.40E-11,6.35E-11,1.14E-10,2.87E-10,2.70E-10,5.45E-10,1.08E-10,7.07E-12,5.79E-11,2.38E-10,3.12E-10,5.10E-11,3.15E-10,9.16E-11,2.76E-10,5.63E-10,1.16E-09,3.69E-10,6.01E-11,7.87E-11,5.29E-10,1.26E-09,7.20E-11,3.53E-10,9.07E-10,1.50E-10,2.52E-10,2.08E-10,2.98E-11,2.43E-10,1.62E-10,3.81E-10,2.61E-10,5.89E-11,6.82E-12,4.90E-10,2.43E-10,3.18E-10,1.62E-10,2.50E-10,4.05E-11,1.60E-10,1.90E-11,2.27E-10,1.77E-10,9.26E-11,5.83E-11,1.17E-10,1.52E-10,4.96E-10,1.05E-11
82.25,82.75,A,10,6.22E-09,1.24E-08,1.11E-08,6.16E-09,2.21E-08,1.34E-08,2.18E-09,1.03E-09,3.14E-09,1.30E-09,1.23E-09,2.75E-09,4.75E-10,1.59E-10,6.20E-10,6.59E-11,6.48E-10,1.71E-11,3.26E-10,1.51E-10,2.53E-10,2.45E-10,1.63E-10,3.01E-10,5.00E-10,6.50E-10,6.49E-10,4.23E-10,2.25E-10,3.30E-11,6.22E-09,1.24E-08,1.11E-08,6.16E-09,2.21E-08,1.34E-08,2.18E-09,1.03E-09,3.14E-09,1.30E-09,1.23E-09,2.75E-09,4.75E-10,1.59E-10,6.20E-10,6.59E-11,6.48E-10,1.71E-11,3.26E-10,1.51E-10,2.53E-10,2.45E-10,1.63E-10,3.01E-10,5.00E-10,6.50E-10,6.49E-10,4.23E-10,2.25E-10,3.30E-11,3.79E-10,2.54E-10,1.12E-10,1.30E-10,3.04E-10,1.50E-10,1.23E-09,3.55E-10,3.87E-10,1.89E-10,2.36E-10,3.05E-10,2.32E-11,4.97E-10,3.11E-10,1.27E-10,4.91E-10,9.41E-12,1.92E-10,1.74E-10,1.89E-11,9.32E-11,5.31E-10,6.49E-10,6.17E-10,5.29E-11,9.02E-10,9.96E-10,4.12E-10,2.38E-10,5.83E-10,1.33E-10,2.47E-10,3.35E-11,3.23E-10,1.94E-10,1.01E-10,1.10E-10,9.95E-11,8.25E-10,3.43E-11,6.22E-10,9.60E-10,1.24E-10,4.73E-11,1.56E-10,1.67E-10,2.66E-11,3.07E-10,3.24E-10,3.32E-10,2.91E-10,4.34E-11,2.21E-10,1.38E-09,3.45E-10,1.70E-10,1.37E-10,6.77E-10,1.44E-10,1.27E-10,3.67E-10,3.19E-10,2.59E-10,1.22E-09,2.27E-10,3.20E-10,2.01E-10,2.60E-10,1.02E-09,4.62E-10,2.95E-10,2.34E-10,1.68E-10,5.35E-10,7.16E-11,8.85E-11,1.92E-10,1.03E-10,6.95E-11,2.44E-10,1.33E-10,8.79E-10,1.44E-10,1.25E-10,1.08E-10,1.54E-10,1.50E-10,3.39E-10,4.91E-10,2.92E-10,2.49E-10,3.02E-10,1.24E-10,1.08E-09,3.39E-10,5.30E-11,5.20E-10,2.82E-10,6.98E-10,1.59E-10,2.55E-10,7.62E-11,1.37E-10,4.70E-10,4.02E-10,1.56E-10,1.10E-10,5.57E-10,8.90E-10,9.81E-10,2.31E-10,2.34E-10,1.66E-10,1.71E-10,2.33E-13,7.83E-10,2.88E-10,6.86E-10,3.02E-10,7.00E-10,1.49E-09,6.66E-10,3.36E-10,1.34E-10,3.17E-10,2.44E-10,5.05E-10,1.66E-10,4.40E-11
82.5,83,A,10,4.59E-08,1.75E-09,6.38E-09,2.63E-09,5.78E-10,5.09E-09,2.77E-09,3.36E-09,6.60E-10,3.62E-10,5.96E-10,5.18E-10,9.71E-10,7.62E-10,1.09E-10,7.83E-10,8.21E-10,2.27E-09,9.21E-11,4.29E-10,2.65E-10,7.11E-10,2.98E-10,1.56E-10,1.51E-10,1.44E-10,1.05E-09,2.64E-11,1.16E-09,2.31E-10,4.59E-08,1.75E-09,6.38E-09,2.63E-09,5.78E-10,5.09E-09,2.77E-09,3.36E-09,6.60E-10,3.62E-10,5.96E-10,5.18E-10,9.71E-10,7.62E-10,1.09E-10,7.83E-10,8.21E-10,2.27E-09,9.21E-11,4.29E-10,2.65E-10,7.11E-10,2.98E-10,1.56E-10,1.51E-10,1.44E-10,1.05E-09,2.64E-11,1.16E-09,2.31E-10,5.17E-10,2.42E-09,6.63E-10,5.56E-10,1.23E-10,6.39E-10,2.55E-10,5.80E-10,6.90E-11,3.48E-10,2.75E-10,3.09E-10,1.67E-10,4.95E-10,4.67E-10,8.82E-10,4.97E-11,1.95E-10,7.30E-10,9.39E-11,5.30E-10,1.05E-09,2.84E-10,4.23E-11,2.55E-10,8.33E-11,4.42E-10,1.07E-10,1.08E-10,1.12E-09,3.68E-10,1.32E-10,6.34E-10,1.28E-10,1.85E-10,3.70E-11,4.56E-10,3.30E-10,2.60E-10,8.22E-11,3.37E-10,1.79E-09,3.31E-11,2.27E-10,2.36E-10,3.11E-10,1.01E-10,2.54E-10,1.63E-10,4.35E-10,1.31E-10,1.65E-10,6.20E-10,1.86E-10,2.39E-10,2.72E-10,1.59E-09,2.31E-11,1.30E-09,8.30E-11,4.03E-10,4.16E-10,1.17E-10,1.74E-10,1.62E-10,5.64E-10,5.06E-11,3.63E-10,6.87E-10,6.82E-11,4.80E-10,1.44E-10,7.77E-10,4.51E-10,6.57E-10,1.25E-10,2.97E-10,6.21E-11,2.79E-10,1.25E-10,2.35E-10,9.17E-10,6.55E-10,1.50E-10,5.64E-10,2.48E-10,1.59E-10,8.50E-10,2.64E-10,2.18E-10,3.09E-10,4.49E-10,7.45E-11,3.61E-10,1.10E-10,9.65E-11,2.11E-11,3.50E-10,1.44E-10,1.26E-10,5.02E-10,1.30E-10,2.19E-10,2.04E-11,1.95E-10,1.43E-10,1.87E-10,2.44E-10,7.84E-10,1.17E-10,1.39E-10,1.95E-09,1.96E-10,5.81E-10,2.19E-10,2.32E-10,6.10E-10,5.69E-11,6.10E-11,2.08E-10,2.02E-10,1.31E-10,1.65E-10,1.86E-10,3.64E-10,1.02E-09,8.77E-10,3.42E-10,7.37E-11,2.92E-10
82.75,83.25,A,10,5.66E-10,3.70E-09,9.43E-09,2.25E-10,6.09E-09,3.75E-09,4.81E-10,2.00E-10,6.62E-10,4.45E-10,1.74E-10,1.84E-10,7.09E-10,4.34E-10,3.71E-10,1.94E-10,2.92E-10,9.45E-11,1.49E-10,7.06E-11,8.74E-11,4.00E-11,4.31E-11,7.08E-11,8.02E-11,3.37E-10,1.44E-10,5.78E-11,2.38E-10,2.82E-10,5.66E-10,3.70E-09,9.43E-09,2.25E-10,6.09E-09,3.75E-09,4.81E-10,2.00E-10,6.62E-10,4.45E-10,1.74E-10,1.84E-10,7.09E-10,4.34E-10,3.71E-10,1.94E-10,2.92E-10,9.45E-11,1.49E-10,7.06E-11,8.74E-11,4.00E-11,4.31E-11,7.08E-11,8.02E-11,3.37E-10,1.44E-10,5.78E-11,2.38E-10,2.82E-10,4.78E-10,2.57E-10,5.38E-11,2.93E-10,3.73E-11,2.76E-10,8.50E-11,7.54E-11,1.80E-10,1.54E-10,3.19E-11,2.36E-11,3.06E-10,2.49E-10,3.26E-11,1.48E-10,2.69E-10,1.42E-10,3.51E-10,1.81E-11,8.83E-11,2.13E-10,2.17E-10,1.23E-10,1.13E-10,4.22E-10,6.76E-11,6.26E-11,1.35E-10,7.47E-12,8.57E-11,5.10E-11,4.12E-10,3.10E-10,1.15E-10,1.24E-10,1.08E-10,2.38E-10,9.01E-11,5.60E-11,2.84E-10,1.07E-11,9.93E-11,2.44E-11,1.57E-10,1.51E-10,3.62E-11,8.17E-11,1.05E-10,1.03E-10,7.28E-11,8.11E-12,3.38E-11,4.98E-11,2.21E-11,4.01E-10,1.37E-10,1.24E-11,3.11E-10,2.08E-10,8.97E-11,4.03E-11,2.68E-10,5.49E-11,9.70E-11,7.10E-11,1.08E-10,2.92E-10,9.08E-11,5.30E-11,2.60E-10,1.30E-10,2.35E-10,8.41E-11,1.11E-10,3.60E-11,2.13E-10,5.96E-10,6.67E-10,1.34E-10,2.06E-10,5.18E-10,1.20E-10,9.61E-11,1.93E-10,4.71E-10,2.75E-10,8.79E-11,4.48E-10,1.57E-10,1.15E-10,7.48E-11,1.53E-10,1.83E-10,9.26E-11,2.83E-10,5.18E-10,3.24E-11,4.33E-11,1.63E-10,3.10E-11,2.87E-10,1.31E-11,2.75E-10,1.90E-10,7.02E-11,3.88E-11,1.12E-12,6.39E-11,9.37E-11,8.56E-11,4.63E-11,4.79E-11,9.08E-11,5.01E-11,5.90E-11,1.92E-10,1.12E-10,2.37E-10,1.68E-11,5.58E-11,1.52E-10,1.46E-10,2.09E-10,1.60E-10,5.65E-10,1.54E-10,7.74E-11,2.39E-10,6.06E-12
83,83.5,A,10,1.31E-10,3.81E-08,1.13E-08,3.43E-09,7.55E-09,1.22E-09,1.78E-09,9.85E-10,2.75E-10,6.31E-10,1.03E-09,5.64E-10,8.21E-10,1.45E-10,5.05E-10,7.14E-10,1.91E-09,1.35E-10,3.01E-10,9.56E-10,1.18E-10,2.92E-10,6.11E-10,1.91E-10,4.17E-10,6.42E-11,4.13E-10,1.06E-10,1.48E-10,4.72E-11,1.31E-10,3.81E-08,1.13E-08,3.43E-09,7.55E-09,1.22E-09,1.78E-09,9.85E-10,2.75E-10,6.31E-10,1.03E-09,5.64E-10,8.21E-10,1.45E-10,5.05E-10,7.14E-10,1.91E-09,1.35E-10,3.01E-10,9.56E-10,1.18E-10,2.92E-10,6.11E-10,1.91E-10,4.17E-10,6.42E-11,4.13E-10,1.06E-10,1.48E-10,4.72E-11,2.06E-10,4.41E-10,3.73E-10,1.74E-10,1.65E-10,1.98E-10,9.48E-11,3.83E-11,2.27E-10,3.83E-10,5.47E-10,4.08E-10,1.50E-10,3.66E-11,3.25E-10,5.89E-10,9.88E-11,3.73E-10,4.16E-10,9.29E-10,3.77E-10,1.18E-11,5.94E-11,8.83E-11,1.05E-09,1.76E-10,3.16E-10,1.45E-10,3.49E-10,5.67E-10,9.03E-11,1.69E-10,4.01E-11,5.49E-10,4.71E-10,4.91E-11,1.35E-11,2.22E-10,5.74E-10,7.12E-11,1.55E-10,2.23E-10,1.70E-10,3.52E-10,7.33E-11,5.08E-11,1.09E-10,1.34E-10,8.46E-11,1.11E-09,6.94E-10,7.10E-10,1.37E-10,2.19E-10,2.47E-10,3.50E-10,4.24E-10,5.65E-10,3.03E-10,4.99E-10,4.53E-10,2.56E-10,1.89E-10,6.51E-11,7.24E-10,7.51E-11,1.09E-10,1.47E-10,7.58E-10,1.11E-10,8.47E-11,4.37E-10,3.70E-11,1.70E-10,1.93E-10,8.07E-10,4.10E-11,2.19E-10,8.24E-11,5.43E-10,1.34E-10,1.95E-10,2.49E-10,4.06E-11,4.41E-11,2.49E-10,5.98E-11,1.60E-10,9.31E-11,7.00E-10,4.94E-10,3.96E-10,1.68E-10,7.97E-11,3.81E-10,2.41E-10,3.08E-10,2.96E-11,3.87E-11,3.04E-11,1.63E-11,3.04E-10,2.23E-10,3.93E-10,9.38E-11,2.68E-10,1.21E-10,1.40E-10,2.45E-11,9.82E-11,1.62E-10,2.75E-11,2.88E-10,2.68E-10,2.46E-10,1.91E-10,5.94E-11,3.79E-10,9.92E-10,1.86E-10,4.35E-10,7.17E-10,7.10E-11,1.06E-10,1.98E-10,5.58E-10,3.44E-10,3.52E-10,4.04E-10,1.38E-10
83.25,83.75,A,10,2.58E-08,2.18E-08,6.06E-09,6.48E-09,6.51E-09,7.98E-10,3.40E-09,1.49E-09,2.62E-10,5.54E-11,1.21E-09,2.23E-09,1.07E-10,1.29E-09,2.76E-10,5.19E-10,9.59E-10,3.68E-10,2.53E-10,3.98E-10,5.85E-10,6.55E-10,2.98E-09,1.88E-09,5.07E-10,8.72E-10,2.59E-10,8.71E-10,6.22E-10,9.84E-11,2.58E-08,2.18E-08,6.06E-09,6.48E-09,6.51E-09,7.98E-10,3.40E-09,1.49E-09,2.62E-10,5.54E-11,1.21E-09,2.23E-09,1.07E-10,1.29E-09,2.76E-10,5.19E-10,9.59E-10,3.68E-10,2.53E-10,3.98E-10,5.85E-10,6.55E-10,2.98E-09,1.88E-09,5.07E-10,8.72E-10,2.59E-10,8.71E-10,6.22E-10,9.84E-11,1.91E-10,4.51E-10,1.04E-10,3.43E-10,2.99E-10,1.83E-10,5.25E-10,2.99E-10,3.32E-10,6.07E-11,1.54E-10,2.93E-10,1.21E-10,2.79E-10,3.52E-11,1.50E-11,2.51E-10,4.33E-11,1.91E-10,1.63E-10,1.68E-10,1.58E-10,6.19E-11,2.47E-10,6.02E-10,6.66E-10,2.59E-10,3.15E-10,1.06E-10,5.92E-10,4.24E-10,1.83E-10,4.22E-10,2.16E-10,7.34E-10,1.62E-11,1.10E-10,2.65E-10,3.77E-10,4.67E-10,1.74E-10,8.60E-11,2.19E-10,2.93E-11,6.74E-11,4.70E-11,5.88E-11,2.98E-10,6.21E-10,3.45E-10,1.66E-10,1.82E-10,2.34E-10,1.72E-10,1.30E-10,1.88E-10,3.11E-10,8.48E-10,3.15E-10,5.12E-12,2.07E-11,6.44E-12,6.17E-11,1.83E-10,2.17E-10,1.37E-11,4.78E-10,1.99E-10,1.59E-10,2.04E-10,1.40E-10,1.29E-11,3.68E-10,4.10E-10,2.47E-11,4.33E-11,1.38E-10,8.45E-11,1.11E-10,1.25E-10,4.66E-11,1.81E-10,3.48E-10,9.10E-11,3.71E-11,3.49E-10,7.04E-11,4.58E-10,6.83E-11,1.54E-10,4.30E-10,1.85E-10,7.58E-11,3.64E-11,4.66E-11,5.14E-10,1.54E-10,1.21E-10,3.14E-11,6.18E-10,6.75E-10,1.27E-09,2.08E-11,2.85E-10,1.50E-10,6.53E-11,2.19E-10,7.82E-10,1.17E-09,4.78E-11,7.57E-11,2.52E-10,1.42E-10,5.78E-11,1.12E-10,1.83E-10,2.34E-10,3.67E-10,2.19E-10,6.97E-11,4.00E-10,1.48E-10,1.31E-10,1.32E-10,9.66E-11,8.85E-11,1.73E-10,2.19E-10,9.07E-11,6.42E-11
83.5,84,A,10,2.95E-09,3.80E-08,1.59E-08,2.75E-09,2.44E-09,1.22E-10,8.30E-10,1.60E-09,1.03E-09,7.36E-10,2.00E-10,1.69E-09,2.27E-10,4.97E-10,1.18E-10,1.95E-09,1.87E-10,4.76E-10,9.65E-10,2.53E-10,1.30E-09,1.26E-10,1.24E-10,1.17E-10,4.40E-10,2.29E-10,1.65E-09,1.60E-10,4.15E-10,1.51E-10,2.95E-09,3.80E-08,1.59E-08,2.75E-09,2.44E-09,1.22E-10,8.30E-10,1.60E-09,1.03E-09,7.36E-10,2.00E-10,1.69E-09,2.27E-10,4.97E-10,1.18E-10,1.95E-09,1.87E-10,4.76E-10,9.65E-10,2.53E-10,1.30E-09,1.26E-10,1.24E-10,1.17E-10,4.40E-10,2.29E-10,1.65E-09,1.60E-10,4.15E-10,1.51E-10,8.51E-11,1.26E-10,1.81E-10,1.03E-10,3.45E-10,5.21E-10,2.86E-10,4.25E-10,2.70E-10,6.70E-11,7.08E-10,1.78E-10,1.47E-09,6.62E-11,6.95E-10,1.00E-09,9.15E-12,4.18E-11,8.34E-11,3.51E-10,6.40E-10,2.70E-10,4.72E-10,2.76E-10,1.18E-10,1.64E-10,6.45E-11,3.69E-10,2.29E-10,6.24E-10,2.80E-10,7.76E-11,1.33E-09,3.27E-10,8.54E-11,1.83E-10,1.25E-10,8.67E-11,1.68E-10,2.48E-10,1.53E-10,1.03E-10,1.48E-10,2.82E-10,2.42E-10,1.06E-10,4.80E-11,1.55E-09,2.88E-10,1.30E-10,4.50E-11,1.94E-10,2.18E-11,9.15E-11,4.57E-10,6.01E-12,3.29E-11,2.26E-10,6.76E-10,4.19E-10,5.26E-11,4.55E-10,2.73E-10,2.62E-10,1.83E-10,4.09E-11,2.04E-11,3.22E-10,1.47E-10,1.71E-10,2.16E-10,3.14E-10,2.51E-10,1.33E-10,3.52E-10,6.22E-10,2.46E-10,6.10E-10,1.01E-10,3.06E-10,9.61E-11,8.70E-11,7.48E-11,5.51E-10,3.38E-10,1.17E-10,5.78E-10,2.06E-10,3.41E-10,3.60E-10,3.16E-10,6.37E-10,9.31E-11,8.47E-11,2.82E-10,4.97E-11,2.83E-10,2.38E-11,2.36E-10,5.96E-10,2.11E-10,2.30E-10,4.14E-10,3.15E-10,2.83E-10,5.69E-11,5.44E-10,7.24E-11,4.13E-11,5.29E-11,3.92E-10,5.54E-10,3.79E-10,1.77E-10,3.01E-10,4.65E-11,3.93E-10,4.31E-10,1.35E-09,2.79E-10,1.21E-10,3.21E-10,7.55E-12,3.73E-10,3.98E-11,1.19E-10,1.57E-10,4.44E-11,2.86E-10,2.02E-10
83.75,84.25,A,10,6.02E-08,6.88E-09,3.22E-09,1.58E-08,1.68E-09,9.67E-10,1.43E-09,1.80E-09,1.51E-09,1.54E-09,6.84E-10,8.46E-10,4.74E-10,8.98E-11,2.64E-10,8.95E-10,2.08E-10,2.91E-10,3.09E-10,9.11E-11,1.18E-10,4.07E-10,2.31E-10,1.48E-10,3.19E-10,4.09E-10,4.74E-10,1.37E-10,8.17E-10,1.32E-10,6.02E-08,6.88E-09,3.22E-09,1.58E-08,1.68E-09,9.67E-10,1.43E-09,1.80E-09,1.51E-09,1.54E-09,6.84E-10,8.46E-10,4.74E-10,8.98E-11,2.64E-10,8.95E-10,2.08E-10,2.91E-10,3.09E-10,9.11E-11,1.18E-10,4.07E-10,2.31E-10,1.48E-10,3.19E-10,4.09E-10,4.74E-10,1.37E-10,8.17E-10,1.32E-10,3.91E-11,7.52E-10,1.76E-10,8.69E-11,3.78E-10,8.69E-10,2.13E-10,7.86E-11,2.25E-10,3.89E-10,4.63E-10,3.29E-10,1.96E-10,2.78E-10,2.05E-10,4.96E-10,5.48E-11,4.44E-10,2.45E-11,1.44E-10,7.99E-10,3.40E-10,4.15E-10,4.32E-11,1.94E-10,1.24E-10,1.86E-10,2.06E-10,5.47E-10,5.33E-11,2.58E-10,8.13E-11,2.39E-10,1.13E-10,2.18E-10,7.66E-11,4.43E-10,1.67E-10,3.12E-11,4.55E-10,3.58E-10,1.83E-10,2.28E-10,2.31E-10,9.09E-11,1.99E-10,2.06E-10,1.40E-10,2.97E-10,6.25E-10,2.07E-10,7.15E-11,2.23E-10,2.89E-10,3.64E-10,1.13E-10,5.36E-10,3.36E-10,3.51E-10,2.25E-10,5.81E-10,9.93E-10,2.75E-10,1.12E-10,2.09E-10,3.86E-10,1.31E-10,8.63E-10,3.74E-11,3.58E-10,1.29E-10,5.39E-10,8.84E-11,2.48E-10,6.26E-11,2.43E-11,5.59E-10,2.61E-10,3.39E-11,1.25E-10,1.92E-10,6.01E-10,1.61E-10,1.60E-10,1.94E-10,3.12E-11,1.29E-10,8.74E-10,2.37E-11,3.13E-10,1.48E-10,1.54E-10,3.89E-10,6.65E-11,3.08E-10,6.74E-10,3.77E-10,3.31E-10,2.33E-10,1.05E-10,6.28E-10,2.05E-10,1.67E-10,4.74E-10,3.87E-10,1.97E-10,1.36E-10,7.60E-11,3.80E-10,1.02E-10,1.79E-10,5.66E-10,5.53E-10,2.51E-10,1.89E-10,6.20E-11,4.47E-10,5.15E-10,4.00E-10,9.84E-11,1.33E-10,2.01E-10,3.03E-10,1.25E-10,1.50E-10,8.39E-11,2.20E-10,3.06E-10,5.86E-10,2.33E-12
84,84.5,A,10,1.43E-07,9.53E-09,2.06E-08,4.82E-09,3.26E-08,1.52E-09,3.52E-09,5.93E-09,3.41E-09,1.56E-09,7.15E-10,9.04E-10,3.45E-10,1.57E-09,2.50E-10,1.16E-10,4.98E-10,3.42E-10,1.13E-09,1.08E-09,6.66E-10,3.91E-10,2.96E-10,1.29E-10,1.58E-10,2.15E-10,5.38E-10,6.48E-10,7.74E-10,1.27E-09,1.43E-07,9.53E-09,2.06E-08,4.82E-09,3.26E-08,1.52E-09,3.52E-09,5.93E-09,3.41E-09,1.56E-09,7.15E-10,9.04E-10,3.45E-10,1.57E-09,2.50E-10,1.16E-10,4.98E-10,3.42E-10,1.13E-09,1.08E-09,6.66E-10,3.91E-10,2.96E-10,1.29E-10,1.58E-10,2.15E-10,5.38E-10,6.48E-10,7.74E-10,1.27E-09,9.99E-11,3.59E-10,5.11E-10,2.96E-10,5.71E-10,4.50E-10,3.64E-10,7.85E-11,2.08E-10,1.91E-10,6.26E-10,2.03E-10,1.83E-10,9.64E-10,8.38E-10,5.69E-11,1.44E-10,1.50E-10,6.02E-10,3.32E-10,8.71E-10,1.29E-10,1.40E-10,1.66E-10,4.00E-10,1.47E-09,3.77E-10,1.52E-10,6.04E-10,3.36E-10,2.70E-11,2.02E-10,1.28E-10,2.71E-10,5.92E-11,1.89E-10,3.98E-10,4.46E-10,2.48E-10,3.93E-11,5.22E-11,3.54E-10,1.02E-10,3.29E-10,1.07E-10,6.63E-11,7.18E-10,4.67E-10,1.02E-10,4.03E-10,1.22E-10,5.01E-10,2.63E-10,4.19E-10,6.49E-10,3.88E-10,3.14E-10,9.31E-12,5.17E-11,3.65E-10,2.29E-10,4.85E-10,1.35E-10,1.45E-10,1.31E-10,9.45E-10,4.60E-11,5.55E-10,5.62E-10,1.16E-10,1.07E-10,1.11E-10,1.54E-09,3.76E-10,2.73E-10,5.07E-10,5.82E-10,1.99E-10,1.69E-10,7.49E-10,2.72E-10,1.92E-10,1.68E-10,2.06E-10,4.47E-10,2.18E-10,5.05E-10,4.15E-10,4.73E-10,8.14E-11,6.68E-11,3.80E-11,1.16E-10,6.30E-11,1.14E-10,1.92E-10,2.97E-10,1.76E-10,2.74E-10,2.81E-10,4.53E-10,1.55E-10,6.64E-11,5.48E-10,2.02E-10,5.34E-10,2.84E-10,3.10E-10,5.04E-10,9.47E-10,1.57E-10,1.67E-10,6.17E-10,2.28E-11,2.53E-11,1.59E-10,7.91E-10,1.87E-10,1.10E-10,6.71E-11,3.81E-10,3.36E-10,2.78E-10,2.00E-10,9.78E-11,1.17E-10,4.96E-10,3.54E-10,5.35E-10,3.13E-10
84.25,84.75,A,10,2.69E-08,2.12E-08,6.72E-09,7.24E-10,1.51E-08,2.68E-09,2.94E-09,1.95E-09,1.48E-09,2.15E-09,5.31E-10,8.49E-10,1.01E-08,4.79E-10,4.84E-10,3.50E-10,1.21E-09,1.24E-09,6.36E-10,2.05E-09,2.05E-10,2.45E-10,5.37E-10,1.39E-10,9.19E-10,1.33E-10,2.76E-10,2.75E-10,3.80E-11,9.24E-10,2.69E-08,2.12E-08,6.72E-09,7.24E-10,1.51E-08,2.68E-09,2.94E-09,1.95E-09,1.48E-09,2.15E-09,5.31E-10,8.49E-10,1.01E-08,4.79E-10,4.84E-10,3.50E-10,1.21E-09,1.24E-09,6.36E-10,2.05E-09,2.05E-10,2.45E-10,5.37E-10,1.39E-10,9.19E-10,1.33E-10,2.76E-10,2.75E-10,3.80E-11,9.24E-10,4.82E-10,7.62E-11,1.12E-10,2.53E-10,7.08E-10,3.96E-11,1.48E-10,3.43E-10,4.77E-11,3.04E-10,1.22E-10,2.48E-10,1.54E-10,1.17E-10,1.83E-10,6.55E-10,4.41E-10,3.12E-10,3.66E-10,1.41E-10,7.36E-11,1.94E-11,5.12E-10,2.63E-10,1.70E-10,1.35E-11,1.34E-10,7.78E-11,3.75E-10,1.04E-10,4.75E-11,1.95E-10,3.49E-10,5.11E-11,7.33E-11,1.40E-10,6.40E-11,3.92E-11,1.75E-10,1.81E-10,4.77E-11,1.78E-10,1.92E-10,1.16E-10,5.57E-10,1.28E-10,5.01E-11,6.41E-11,7.33E-11,7.22E-10,1.69E-10,1.65E-10,1.84E-10,4.72E-10,2.01E-10,7.22E-11,1.78E-10,7.90E-12,6.16E-10,3.77E-10,5.80E-11,2.08E-10,3.59E-11,1.92E-10,2.81E-10,1.87E-10,3.03E-10,3.30E-10,3.39E-10,1.02E-10,1.15E-11,8.66E-10,5.94E-10,2.49E-10,1.41E-10,2.07E-10,2.50E-10,5.49E-11,1.30E-10,2.48E-11,5.11E-10,2.49E-10,3.41E-10,7.36E-11,2.74E-11,2.66E-10,1.26E-10,3.87E-10,1.18E-09,2.81E-10,7.63E-11,1.35E-10,2.30E-10,1.25E-10,3.00E-10,3.04E-10,1.65E-11,1.41E-10,3.03E-10,1.13E-10,1.41E-10,3.16E-10,4.66E-11,1.66E-10,2.00E-10,1.16E-10,1.14E-10,1.51E-10,4.71E-10,8.40E-11,3.29E-10,1.43E-09,2.38E-10,1.64E-10,8.61E-11,4.05E-11,5.44E-10,2.69E-10,5.21E-10,2.04E-11,7.83E-11,4.30E-10,1.04E-10,2.95E-10,6.53E-10,1.28E-10,3.40E-10,7.80E-10,2.03E-10,3.46E-10
84.5,85,A,10,1.01E-08,5.04E-08,8.57E-09,1.30E-09,9.36E-10,2.97E-09,4.46E-09,1.28E-09,2.41E-09,1.11E-10,6.48E-10,1.58E-09,6.82E-10,4.15E-10,2.25E-09,4.85E-10,3.36E-10,3.28E-10,2.82E-09,9.32E-10,1.24E-10,5.86E-10,2.25E-09,7.58E-10,1.26E-09,9.20E-10,9.88E-10,3.33E-10,2.40E-10,5.80E-11,1.01E-08,5.04E-08,8.57E-09,1.30E-09,9.36E-10,2.97E-09,4.46E-09,1.28E-09,2.41E-09,1.11E-10,6.48E-10,1.58E-09,6.82E-10,4.15E-10,2.25E-09,4.85E-10,3.36E-10,3.28E-10,2.82E-09,9.32E-10,1.24E-10,5.86E-10,2.25E-09,7.58E-10,1.26E-09,9.20E-10,9.88E-10,3.33E-10,2.40E-10,5.80E-11,2.41E-10,1.82E-10,2.06E-10,3.97E-10,6.03E-10,3.06E-10,1.08E-10,3.03E-10,9.58E-10,2.65E-10,1.48E-10,3.00E-10,1.72E-09,5.94E-11,9.96E-10,1.51E-09,5.23E-11,1.44E-10,3.10E-10,4.80E-10,4.61E-11,1.02E-09,1.76E-10,3.53E-10,3.59E-10,7.74E-10,1.17E-10,6.99E-10,2.14E-10,1.44E-11,6.75E-11,3.78E-10,2.86E-10,2.91E-10,7.82E-11,8.42E-10,3.55E-10,5.44E-10,4.63E-10,5.42E-10,8.44E-11,2.22E-10,2.22E-10,2.55E-10,2.71E-10,4.34E-10,1.75E-10,9.93E-10,1.68E-10,2.77E-10,2.90E-10,2.99E-10,5.82E-10,5.32E-10,2.76E-10,8.88E-10,1.44E-10,1.05E-10,1.41E-10,2.06E-10,2.28E-10,2.62E-10,3.78E-10,2.38E-10,3.17E-10,7.23E-11,4.49E-11,1.94E-10,2.15E-10,4.11E-10,5.44E-10,2.19E-10,2.24E-10,1.46E-10,7.12E-11,3.61E-11,1.02E-10,2.02E-10,4.50E-11,6.22E-12,1.70E-10,1.54E-11,4.75E-10,1.07E-10,6.55E-11,1.15E-10,1.41E-10,5.80E-10,3.65E-10,4.54E-11,3.73E-10,1.03E-09,1.19E-09,1.65E-11,2.12E-10,1.57E-10,1.70E-10,6.09E-11,4.68E-10,3.14E-11,1.01E-11,5.87E-10,8.01E-10,9.79E-10,2.17E-10,4.45E-11,1.67E-10,8.27E-10,1.23E-10,5.62E-10,7.69E-10,2.49E-10,3.90E-11,2.31E-10,8.57E-10,2.41E-10,2.76E-10,1.62E-10,1.72E-10,3.66E-11,1.02E-10,3.88E-10,3.67E-10,5.70E-11,7.40E-11,2.39E-10,9.93E-11,3.76E-10,1.10E-10,1.90E-10
84.75,85.25,A,10,4.22E-09,2.83E-08,2.92E-09,1.00E-09,4.10E-09,3.81E-10,8.26E-10,1.42E-09,6.24E-10,9.77E-11,6.28E-10,2.60E-10,5.86E-10,1.58E-10,3.56E-10,3.31E-10,2.08E-10,3.55E-10,5.32E-10,2.86E-10,1.97E-10,3.52E-10,3.88E-10,2.62E-11,5.60E-11,1.82E-10,4.38E-10,3.39E-10,3.17E-10,2.33E-10,4.22E-09,2.83E-08,2.92E-09,1.00E-09,4.10E-09,3.81E-10,8.26E-10,1.42E-09,6.24E-10,9.77E-11,6.28E-10,2.60E-10,5.86E-10,1.58E-10,3.56E-10,3.31E-10,2.08E-10,3.55E-10,5.32E-10,2.86E-10,1.97E-10,3.52E-10,3.88E-10,2.62E-11,5.60E-11,1.82E-10,4.38E-10,3.39E-10,3.17E-10,2.33E-10,3.18E-10,3.16E-10,5.02E-10,9.09E-10,2.95E-10,6.77E-10,5.98E-10,3.02E-10,1.04E-10,2.18E-10,1.02E-11,4.33E-10,2.70E-10,3.41E-10,2.26E-10,6.41E-10,1.51E-10,1.06E-10,3.02E-10,1.55E-10,4.07E-10,3.76E-10,1.54E-10,1.27E-10,3.41E-11,2.27E-11,3.70E-10,2.26E-10,3.00E-10,1.29E-11,1.79E-10,3.03E-10,8.75E-11,1.11E-10,7.07E-10,1.79E-10,5.91E-10,1.12E-10,1.44E-10,2.64E-10,2.86E-10,1.77E-11,3.73E-10,5.28E-10,2.34E-10,1.82E-10,3.79E-11,1.29E-10,6.69E-11,7.70E-11,2.67E-10,4.42E-10,1.40E-09,1.08E-10,7.56E-10,4.95E-12,2.14E-10,3.19E-10,1.18E-10,1.32E-10,3.90E-10,1.68E-10,3.21E-10,1.55E-10,7.59E-11,3.92E-12,1.85E-10,2.23E-10,2.22E-10,5.45E-11,3.96E-11,1.96E-10,1.03E-10,5.25E-10,3.16E-10,4.03E-10,2.17E-10,2.87E-10,1.60E-10,6.57E-12,2.83E-10,2.28E-11,4.05E-10,2.25E-11,9.50E-11,8.57E-11,2.05E-10,5.83E-10,1.95E-11,2.36E-10,4.09E-10,1.31E-10,1.65E-10,2.75E-10,2.70E-10,2.01E-10,8.91E-11,2.26E-11,1.70E-10,1.07E-11,2.81E-10,1.28E-10,2.23E-10,1.45E-10,1.68E-11,1.96E-10,6.13E-11,1.28E-10,1.39E-10,3.35E-10,4.15E-10,6.00E-10,5.27E-10,9.52E-11,6.23E-11,3.38E-11,5.86E-10,2.25E-11,1.14E-10,9.76E-11,5.29E-11,2.45E-10,3.42E-10,3.04E-10,3.82E-10,2.07E-10,3.36E-10,1.15E-10,4.82E-10,1.41E-10
85,85.5,A,10,3.62E-08,1.10E-08,4.29E-09,4.68E-09,2.13E-09,6.17E-09,4.66E-09,2.27E-09,3.81E-09,1.35E-10,4.67E-10,4.37E-10,4.08E-10,2.08E-10,1.26E-09,5.19E-10,3.35E-10,4.38E-10,7.01E-10,1.43E-09,3.02E-10,4.25E-10,4.69E-11,7.99E-10,2.41E-10,1.44E-10,8.86E-11,1.77E-10,6.11E-11,8.88E-11,3.62E-08,1.10E-08,4.29E-09,4.68E-09,2.13E-09,6.17E-09,4.66E-09,2.27E-09,3.81E-09,1.35E-10,4.67E-10,4.37E-10,4.08E-10,2.08E-10,1.26E-09,5.19E-10,3.35E-10,4.38E-10,7.01E-10,1.43E-09,3.02E-10,4.25E-10,4.69E-11,7.99E-10,2.41E-10,1.44E-10,8.86E-11,1.77E-10,6.11E-11,8.88E-11,2.50E-10,1.30E-10,9.02E-12,2.91E-10,1.81E-10,1.15E-10,5.01E-10,1.27E-10,2.17E-10,3.69E-11,2.46E-10,2.71E-10,5.97E-11,3.35E-10,1.38E-10,3.48E-10,4.88E-10,1.82E-10,9.72E-10,2.42E-10,4.98E-11,2.80E-10,8.71E-11,3.30E-11,2.34E-11,7.99E-11,5.58E-11,8.27E-11,1.61E-09,6.65E-11,1.24E-10,4.48E-11,1.38E-10,4.26E-10,1.14E-12,1.43E-10,3.93E-11,2.78E-10,1.21E-10,1.60E-10,2.79E-11,2.34E-10,2.41E-10,3.41E-10,8.00E-10,1.77E-11,4.58E-10,1.51E-10,1.12E-10,2.34E-10,3.29E-11,5.54E-11,2.13E-10,6.96E-10,2.24E-10,3.86E-10,2.02E-10,4.98E-10,4.43E-10,7.90E-10,1.21E-09,3.24E-10,2.35E-10,1.31E-09,4.19E-11,7.65E-11,1.46E-10,8.66E-11,1.64E-10,2.58E-10,1.30E-09,3.17E-10,3.26E-10,1.84E-10,5.61E-10,2.41E-10,4.62E-11,1.20E-11,3.19E-10,1.86E-10,2.02E-10,1.78E-10,1.14E-10,5.35E-11,4.15E-10,1.60E-10,1.09E-11,2.62E-10,2.05E-11,3.20E-10,2.38E-10,4.54E-11,1.12E-11,7.56E-10,6.20E-11,3.63E-10,5.89E-11,9.03E-11,7.34E-10,1.96E-10,6.04E-11,5.69E-11,2.78E-11,8.62E-11,2.59E-11,9.79E-11,1.97E-10,6.95E-11,8.94E-11,1.88E-10,1.17E-10,8.96E-11,4.59E-10,7.47E-11,4.10E-10,2.07E-10,3.30E-11,6.97E-11,4.38E-11,4.10E-11,4.43E-11,1.89E-10,2.22E-10,9.69E-11,1.22E-10,2.26E-10,6.77E-10,2.22E-10,8.99E-10,2.90E-10
85.25,85.75,A,10,2.49E-08,2.29E-09,2.21E-08,2.46E-09,7.45E-10,7.50E-10,2.61E-09,1.57E-10,4.17E-09,1.75E-09,7.33E-10,1.19E-09,6.41E-11,4.87E-10,4.94E-10,9.48E-10,4.29E-10,1.87E-10,1.63E-09,1.16E-09,4.08E-10,4.37E-10,3.04E-10,8.48E-11,1.48E-10,5.22E-10,4.53E-10,4.47E-10,6.98E-10,5.77E-10,2.49E-08,2.29E-09,2.21E-08,2.46E-09,7.45E-10,7.50E-10,2.61E-09,1.57E-10,4.17E-09,1.75E-09,7.33E-10,1.19E-09,6.41E-11,4.87E-10,4.94E-10,9.48E-10,4.29E-10,1.87E-10,1.63E-09,1.16E-09,4.08E-10,4.37E-10,3.04E-10,8.48E-11,1.48E-10,5.22E-10,4.53E-10,4.47E-10,6.98E-10,5.77E-10,2.33E-10,1.49E-10,1.77E-10,2.73E-10,1.02E-10,2.62E-10,5.42E-10,1.88E-10,3.03E-10,3.77E-11,1.16E-10,8.77E-10,6.58E-11,6.31E-10,4.36E-10,1.97E-10,2.03E-10,2.36E-10,1.35E-10,5.22E-10,1.15E-10,6.65E-10,5.34E-10,5.33E-11,9.34E-12,2.64E-10,2.10E-10,5.27E-10,6.16E-10,1.53E-10,5.27E-10,5.96E-10,1.12E-10,6.90E-10,1.06E-10,2.28E-11,6.88E-11,2.82E-10,1.93E-11,1.20E-10,6.69E-11,1.10E-10,5.86E-10,5.15E-10,8.67E-11,3.75E-10,9.32E-11,2.55E-10,1.59E-10,5.70E-10,2.15E-10,2.65E-10,4.12E-11,8.95E-10,1.68E-10,2.32E-10,3.75E-10,5.05E-10,2.81E-11,1.40E-10,2.84E-10,3.19E-10,9.34E-10,1.53E-10,2.77E-10,3.96E-10,5.48E-10,3.56E-10,2.28E-10,1.70E-10,2.87E-10,2.35E-10,7.32E-11,2.01E-10,1.62E-10,1.28E-10,6.56E-10,6.39E-11,2.65E-10,2.62E-10,3.49E-11,1.75E-10,1.94E-10,4.14E-11,1.92E-10,4.39E-11,5.09E-11,5.98E-10,4.81E-11,3.77E-10,5.46E-11,2.09E-10,2.73E-10,4.54E-11,1.29E-10,2.34E-10,7.46E-11,3.21E-10,3.82E-11,2.71E-10,1.48E-10,2.36E-10,3.80E-11,1.48E-10,3.87E-10,1.20E-09,4.04E-10,1.32E-10,2.76E-10,1.96E-10,3.64E-10,4.14E-10,7.72E-10,4.55E-10,5.58E-10,2.04E-10,1.68E-11,1.94E-09,9.78E-10,5.19E-11,4.04E-10,1.31E-10,1.23E-10,2.38E-11,3.80E-10,1.50E-10,2.36E-10,1.19E-10,5.81E-11,1.21E-10
85.5,86,A,10,2.81E-08,4.00E-08,4.58E-09,1.52E-09,4.07E-09,2.55E-09,5.24E-09,1.07E-09,1.98E-10,1.33E-09,2.71E-09,1.82E-09,7.22E-10,4.35E-10,9.90E-10,1.18E-10,1.76E-09,1.65E-10,9.54E-11,6.68E-10,2.31E-11,3.20E-10,7.12E-11,3.22E-10,7.62E-10,9.92E-10,6.25E-11,1.52E-10,1.26E-10,1.87E-10,2.81E-08,4.00E-08,4.58E-09,1.52E-09,4.07E-09,2.55E-09,5.24E-09,1.07E-09,1.98E-10,1.33E-09,2.71E-09,1.82E-09,7.22E-10,4.35E-10,9.90E-10,1.18E-10,1.76E-09,1.65E-10,9.54E-11,6.68E-10,2.31E-11,3.20E-10,7.12E-11,3.22E-10,7.62E-10,9.92E-10,6.25E-11,1.52E-10,1.26E-10,1.87E-10,1.13E-10,3.21E-10,1.56E-10,5.96E-11,2.36E-10,2.80E-10,3.06E-11,3.63E-10,2.93E-10,1.55E-10,2.30E-10,3.16E-10,1.65E-10,1.76E-10,5.13E-10,5.11E-11,5.61E-10,3.63E-10,7.18E-11,2.05E-10,4.57E-10,8.05E-11,8.43E-11,4.52E-11,7.50E-10,6.66E-10,1.34E-10,2.16E-10,8.32E-10,1.51E-10,2.63E-10,2.58E-11,7.16E-11,2.45E-10,2.10E-10,1.20E-10,6.78E-11,2.26E-10,6.05E-11,4.31E-11,1.29E-10,2.05E-10,1.63E-10,3.43E-11,4.02E-11,1.59E-10,1.49E-11,8.50E-11,1.98E-10,1.12E-10,2.14E-11,2.95E-10,7.20E-11,7.22E-10,3.62E-10,6.37E-10,1.76E-10,1.33E-10,3.40E-10,3.08E-10,1.71E-10,1.73E-10,5.05E-11,7.32E-11,1.69E-10,4.72E-10,8.59E-10,5.80E-11,3.52E-10,1.13E-10,2.04E-10,4.43E-10,4.98E-11,4.44E-10,1.34E-10,4.41E-10,4.73E-11,4.47E-10,2.15E-10,2.71E-11,1.51E-10,1.16E-10,4.14E-10,3.29E-10,4.55E-10,2.45E-11,6.18E-11,2.93E-10,3.40E-10,6.47E-10,1.06E-10,8.05E-10,1.69E-10,6.31E-10,1.32E-10,3.42E-10,1.58E-10,3.33E-11,1.68E-10,2.61E-10,3.62E-10,3.44E-10,1.53E-11,3.09E-11,1.99E-10,2.37E-10,4.74E-10,2.24E-10,4.68E-10,6.30E-10,8.22E-11,4.02E-11,1.42E-10,1.97E-10,4.82E-10,2.38E-10,6.28E-11,2.42E-10,4.77E-10,9.23E-11,7.52E-11,2.84E-11,2.75E-10,1.17E-10,2.38E-10,8.92E-11,1.89E-10,4.11E-10,1.35E-10,1.33E-10
85.75,86.25,A,10,4.59E-08,4.84E-08,1.10E-08,3.99E-09,5.12E-10,6.19E-10,2.18E-09,3.02E-09,1.06E-09,4.01E-10,5.08E-10,1.48E-09,2.91E-10,5.34E-10,3.85E-10,6.86E-11,3.91E-10,3.55E-10,8.10E-10,2.85E-10,1.65E-10,5.03E-11,2.86E-11,1.30E-10,5.04E-11,5.59E-11,1.15E-10,3.77E-10,1.80E-10,1.07E-10,4.59E-08,4.84E-08,1.10E-08,3.99E-09,5.12E-10,6.19E-10,2.18E-09,3.02E-09,1.06E-09,4.01E-10,5.08E-10,1.48E-09,2.91E-10,5.34E-10,3.85E-10,6.86E-11,3.91E-10,3.55E-10,8.10E-10,2.85E-10,1.65E-10,5.03E-11,2.86E-11,1.30E-10,5.04E-11,5.59E-11,1.15E-10,3.77E-10,1.80E-10,1.07E-10,1.38E-10,1.29E-10,2.57E-11,2.94E-10,7.31E-10,2.41E-10,3.24E-10,1.35E-10,1.36E-10,3.98E-10,9.44E-11,2.20E-12,4.77E-11,3.98E-10,1.60E-10,1.72E-12,2.18E-11,3.01E-10,3.30E-11,3.68E-10,1.48E-10,3.73E-10,5.25E-10,2.80E-10,3.08E-11,3.01E-10,1.50E-10,9.24E-11,1.19E-10,1.19E-10,6.47E-11,5.61E-10,1.88E-10,1.02E-10,7.90E-11,2.39E-10,2.62E-11,2.98E-10,9.92E-11,3.94E-10,7.13E-10,3.13E-10,1.40E-10,3.19E-10,3.37E-10,4.24E-10,1.52E-10,4.28E-11,4.78E-11,9.62E-11,2.42E-10,4.25E-10,6.06E-11,2.26E-10,2.64E-10,3.38E-10,2.86E-10,3.20E-10,1.83E-10,1.13E-10,1.26E-10,2.96E-11,3.37E-11,3.08E-10,1.50E-10,2.85E-10,2.82E-10,2.11E-11,2.92E-10,1.24E-10,2.07E-10,1.93E-10,1.55E-10,1.17E-10,4.90E-10,2.95E-10,7.05E-11,1.33E-10,2.33E-10,9.04E-11,1.81E-11,1.51E-11,2.21E-10,4.86E-11,2.54E-10,2.51E-10,7.41E-11,3.15E-10,2.15E-10,5.39E-10,1.59E-10,3.44E-11,1.62E-10,2.04E-10,4.46E-11,2.80E-10,4.95E-11,4.47E-11,1.08E-10,1.41E-10,1.00E-11,1.73E-10,1.88E-10,3.99E-11,6.31E-11,5.31E-11,3.36E-11,6.50E-10,5.33E-11,4.27E-11,1.03E-10,5.72E-11,1.56E-10,3.09E-10,2.85E-10,1.24E-10,5.83E-11,1.32E-10,4.51E-10,5.66E-11,4.74E-10,8.07E-11,1.93E-10,1.38E-10,1.22E-09,1.62E-10,2.70E-10,3.12E-11,3.65E-11,2.09E-11
86,86.5,A,10,3.52E-09,2.36E-08,3.33E-09,2.32E-09,1.83E-09,1.88E-10,4.65E-09,2.01E-10,2.59E-10,1.56E-09,2.84E-10,3.62E-10,4.24E-11,6.62E-10,1.10E-09,1.98E-10,5.64E-10,1.53E-10,3.00E-10,1.93E-10,3.92E-10,9.79E-11,5.77E-10,1.36E-10,4.17E-10,1.34E-09,6.79E-10,2.71E-10,2.88E-10,2.19E-10,3.52E-09,2.36E-08,3.33E-09,2.32E-09,1.83E-09,1.88E-10,4.65E-09,2.01E-10,2.59E-10,1.56E-09,2.84E-10,3.62E-10,4.24E-11,6.62E-10,1.10E-09,1.98E-10,5.64E-10,1.53E-10,3.00E-10,1.93E-10,3.92E-10,9.79E-11,5.77E-10,1.36E-10,4.17E-10,1.34E-09,6.79E-10,2.71E-10,2.88E-10,2.19E-10,2.98E-10,1.72E-10,6.69E-11,2.58E-10,1.36E-10,1.27E-10,6.13E-11,2.22E-10,9.28E-11,1.65E-10,3.73E-10,4.12E-11,1.42E-10,1.24E-10,8.67E-11,1.40E-11,1.26E-10,2.63E-10,1.53E-10,2.46E-10,1.69E-10,2.21E-10,5.83E-10,3.37E-10,3.34E-10,1.54E-10,1.60E-10,7.00E-11,3.07E-10,7.06E-11,3.34E-11,1.19E-10,3.22E-10,1.43E-10,6.49E-11,2.50E-10,2.19E-10,2.53E-10,1.66E-10,3.78E-10,2.21E-10,4.90E-10,7.53E-11,7.94E-10,8.92E-11,8.96E-11,7.57E-11,1.07E-10,7.83E-11,6.45E-10,4.73E-11,8.32E-11,2.03E-10,2.42E-10,7.76E-11,4.36E-10,2.59E-11,1.20E-10,8.32E-11,2.16E-11,1.69E-10,2.94E-10,2.50E-10,3.80E-11,1.34E-11,3.79E-10,3.45E-10,6.49E-11,3.90E-10,8.32E-11,1.25E-10,8.06E-11,2.04E-10,6.40E-11,6.01E-11,6.47E-11,2.73E-10,1.00E-10,1.83E-10,8.21E-12,3.42E-10,8.04E-11,2.86E-10,4.51E-11,8.13E-11,1.14E-11,5.22E-11,1.80E-10,1.91E-10,3.32E-11,2.65E-10,1.66E-10,1.62E-10,5.00E-11,7.83E-11,4.02E-10,2.78E-10,5.11E-10,1.34E-10,9.23E-11,3.09E-11,2.74E-10,2.27E-10,1.09E-11,1.16E-10,6.02E-11,2.75E-10,2.57E-10,1.95E-10,7.15E-10,3.21E-10,7.42E-11,2.98E-11,6.86E-11,4.44E-11,1.26E-09,4.94E-11,2.38E-10,1.03E-10,2.49E-10,4.74E-11,1.25E-10,3.15E-10,2.45E-10,5.77E-11,4.26E-11,1.31E-10,2.87E-10,8.27E-11,6.97E-11
86.25,86.75,A,10,1.62E-08,3.95E-08,3.59E-09,2.79E-09,4.91E-10,5.92E-09,1.18E-09,4.66E-09,3.62E-10,4.90E-10,3.53E-10,6.82E-11,1.39E-09,1.77E-10,2.09E-10,2.73E-10,4.96E-11,7.35E-10,2.96E-11,2.66E-10,4.84E-10,6.95E-10,8.36E-10,1.30E-09,5.24E-10,3.08E-10,1.01E-09,5.12E-10,3.23E-10,2.71E-10,1.62E-08,3.95E-08,3.59E-09,2.79E-09,4.91E-10,5.92E-09,1.18E-09,4.66E-09,3.62E-10,4.90E-10,3.53E-10,6.82E-11,1.39E-09,1.77E-10,2.09E-10,2.73E-10,4.96E-11,7.35E-10,2.96E-11,2.66E-10,4.84E-10,6.95E-10,8.36E-10,1.30E-09,5.24E-10,3.08E-10,1.01E-09,5.12E-10,3.23E-10,2.71E-10,2.92E-10,6.15E-11,1.74E-10,2.42E-10,1.76E-10,1.65E-10,1.48E-09,3.00E-10,1.33E-10,6.06E-11,8.19E-11,8.64E-11,3.17E-10,2.73E-10,1.02E-10,2.23E-10,6.47E-11,4.81E-10,4.84E-11,4.68E-10,1.00E-10,3.33E-11,2.81E-10,5.56E-11,5.48E-11,1.81E-10,9.53E-10,3.07E-10,5.47E-10,2.10E-10,2.47E-10,1.47E-10,2.07E-10,6.53E-12,4.11E-11,1.26E-10,2.86E-10,4.76E-10,1.41E-10,1.73E-10,3.67E-10,4.44E-10,3.93E-10,1.06E-10,6.86E-11,8.81E-10,2.39E-11,1.03E-10,2.52E-10,2.66E-10,2.45E-10,7.20E-10,6.88E-11,6.42E-10,4.06E-10,6.51E-11,6.10E-11,1.16E-10,3.06E-10,1.08E-10,9.24E-11,1.72E-10,6.96E-10,5.49E-10,2.90E-10,4.14E-10,1.47E-11,1.90E-10,8.18E-10,3.39E-10,1.51E-10,1.44E-10,6.30E-10,2.32E-10,4.92E-10,2.59E-10,4.92E-10,7.08E-10,9.71E-11,3.79E-10,1.12E-09,1.22E-10,1.92E-10,2.07E-10,1.04E-10,1.36E-10,1.83E-10,9.57E-11,5.57E-11,9.62E-11,1.36E-10,1.35E-09,1.01E-09,1.96E-10,8.57E-11,1.88E-10,3.55E-10,2.63E-10,2.82E-10,2.12E-10,9.49E-11,8.40E-11,1.59E-10,2.71E-11,2.27E-10,6.20E-11,1.85E-10,3.68E-10,1.53E-10,5.33E-10,6.02E-11,4.61E-10,6.21E-11,2.70E-10,1.69E-10,8.86E-10,8.61E-11,1.01E-10,4.15E-10,4.30E-10,4.97E-10,1.75E-10,1.97E-10,6.45E-11,1.44E-10,1.88E-10,4.23E-10,1.28E-10,6.55E-11,1.28E-10
86.5,87,A,10,3.65E-08,4.02E-08,1.18E-09,2.98E-09,1.27E-09,1.76E-09,6.48E-10,2.21E-09,2.72E-10,9.35E-10,7.31E-10,3.77E-10,9.07E-11,1.33E-09,5.18E-10,5.18E-10,1.44E-09,3.54E-10,5.97E-10,2.14E-10,2.78E-10,2.26E-09,2.00E-10,6.14E-11,9.97E-10,1.80E-10,2.09E-10,4.00E-10,3.91E-10,1.79E-10,3.65E-08,4.02E-08,1.18E-09,2.98E-09,1.27E-09,1.76E-09,6.48E-10,2.21E-09,2.72E-10,9.35E-10,7.31E-10,3.77E-10,9.07E-11,1.33E-09,5.18E-10,5.18E-10,1.44E-09,3.54E-10,5.97E-10,2.14E-10,2.78E-10,2.26E-09,2.00E-10,6.14E-11,9.97E-10,1.80E-10,2.09E-10,4.00E-10,3.91E-10,1.79E-10,2.80E-10,9.76E-11,3.27E-10,1.23E-09,1.21E-10,1.18E-10,8.10E-10,3.91E-10,2.78E-10,3.64E-10,3.51E-10,5.37E-10,1.44E-10,2.40E-10,6.71E-11,5.01E-10,2.69E-10,4.67E-11,2.12E-11,1.76E-10,2.03E-11,2.68E-10,2.50E-10,1.80E-10,3.18E-10,5.16E-11,7.12E-11,5.33E-11,1.61E-10,2.52E-10,1.60E-10,2.07E-10,2.31E-10,5.22E-10,1.70E-10,5.38E-10,3.38E-10,2.07E-10,7.41E-10,1.17E-10,4.38E-11,2.02E-10,7.92E-10,1.88E-10,2.40E-11,3.60E-10,3.22E-10,4.21E-10,1.07E-10,4.62E-11,1.28E-10,2.79E-10,3.97E-11,2.87E-11,1.97E-10,7.08E-11,2.58E-10,2.61E-10,6.55E-11,5.81E-10,3.46E-10,2.43E-10,2.07E-10,7.91E-10,1.33E-10,7.93E-11,1.68E-10,1.73E-10,2.57E-10,1.26E-10,2.70E-10,2.82E-10,1.06E-10,2.49E-10,5.17E-10,3.52E-10,3.72E-10,5.61E-11,3.39E-10,1.26E-10,5.53E-10,1.84E-10,2.92E-10,6.09E-10,1.30E-10,6.97E-11,1.33E-10,1.03E-10,3.05E-10,1.23E-10,6.65E-10,4.05E-10,1.01E-10,9.49E-10,2.79E-11,5.29E-11,9.99E-11,2.18E-10,3.25E-10,1.92E-10,1.07E-10,1.90E-10,2.42E-10,1.48E-10,7.43E-11,3.14E-10,9.61E-12,3.00E-11,4.20E-11,6.77E-11,5.14E-10,2.18E-10,2.85E-10,3.36E-10,1.37E-10,2.88E-10,3.58E-10,1.74E-10,1.67E-10,1.08E-10,1.63E-10,2.23E-10,4.55E-10,1.76E-10,7.61E-11,3.51E-10,8.43E-11,2.19E-10,9.30E-11,1.23E-10
86.75,87.25,A,10,5.02E-08,5.13E-09,3.08E-09,5.26E-09,9.00E-09,8.15E-10,9.50E-10,2.58E-09,6.64E-10,4.99E-10,9.12E-11,7.34E-10,4.57E-10,5.87E-11,3.06E-10,4.84E-10,2.96E-10,2.29E-10,5.95E-10,9.62E-10,4.62E-10,5.39E-11,1.26E-10,5.29E-11,2.45E-10,4.58E-10,2.57E-10,1.39E-10,8.31E-11,1.89E-10,5.02E-08,5.13E-09,3.08E-09,5.26E-09,9.00E-09,8.15E-10,9.50E-10,2.58E-09,6.64E-10,4.99E-10,9.12E-11,7.34E-10,4.57E-10,5.87E-11,3.06E-10,4.84E-10,2.96E-10,2.29E-10,5.95E-10,9.62E-10,4.62E-10,5.39E-11,1.26E-10,5.29E-11,2.45E-10,4.58E-10,2.57E-10,1.39E-10,8.31E-11,1.89E-10,3.57E-10,1.02E-10,5.53E-10,4.77E-10,7.25E-11,1.41E-10,2.36E-10,2.76E-10,4.53E-10,1.51E-10,2.94E-11,7.77E-11,1.55E-10,2.08E-10,1.86E-10,8.47E-12,6.58E-11,1.22E-10,1.02E-10,5.89E-11,1.49E-10,2.18E-10,5.34E-11,3.09E-11,2.42E-11,2.88E-10,1.26E-10,8.41E-11,7.09E-11,4.38E-11,2.10E-10,2.12E-10,5.35E-10,4.91E-10,5.60E-11,1.81E-10,2.24E-10,3.91E-10,4.31E-10,1.33E-10,7.84E-11,1.19E-10,6.98E-11,4.02E-10,1.81E-10,1.59E-11,6.02E-10,5.22E-10,1.66E-10,6.55E-11,4.86E-11,1.52E-10,1.29E-10,1.30E-10,1.03E-10,1.18E-10,9.19E-11,8.48E-11,3.51E-10,2.54E-10,5.58E-11,4.01E-11,2.25E-10,4.00E-10,2.17E-10,5.06E-10,9.88E-11,1.11E-10,3.34E-10,9.53E-11,4.24E-12,1.66E-10,2.41E-11,6.57E-11,9.91E-10,1.35E-10,3.50E-10,3.08E-10,5.43E-10,9.60E-10,1.11E-10,1.15E-10,8.00E-10,3.08E-10,6.24E-11,1.54E-11,1.24E-10,2.15E-10,5.35E-12,1.93E-10,3.35E-10,2.05E-10,2.31E-10,1.71E-10,9.96E-11,3.49E-10,2.38E-10,5.67E-10,4.04E-11,1.57E-10,7.29E-11,1.13E-10,7.51E-10,2.09E-10,3.98E-10,5.48E-10,8.18E-11,8.61E-11,1.40E-10,1.05E-10,5.89E-11,4.77E-10,8.57E-11,7.22E-11,3.21E-10,2.46E-11,8.14E-11,1.55E-10,2.74E-10,1.54E-10,3.93E-10,1.71E-10,1.18E-10,8.11E-11,1.91E-10,1.48E-10,1.55E-10,4.34E-11,1.37E-10,9.29E-13
87,87.5,A,10,6.97E-09,1.63E-08,7.88E-09,3.66E-09,1.05E-08,5.56E-09,7.35E-10,2.09E-09,1.75E-09,1.27E-09,2.18E-09,1.93E-10,1.13E-10,1.80E-10,1.91E-10,7.43E-10,1.25E-10,2.46E-10,5.34E-10,1.48E-09,1.02E-09,5.64E-10,2.81E-10,1.34E-10,2.98E-10,9.40E-12,1.15E-10,1.37E-10,6.62E-10,7.30E-11,6.97E-09,1.63E-08,7.88E-09,3.66E-09,1.05E-08,5.56E-09,7.35E-10,2.09E-09,1.75E-09,1.27E-09,2.18E-09,1.93E-10,1.13E-10,1.80E-10,1.91E-10,7.43E-10,1.25E-10,2.46E-10,5.34E-10,1.48E-09,1.02E-09,5.64E-10,2.81E-10,1.34E-10,2.98E-10,9.40E-12,1.15E-10,1.37E-10,6.62E-10,7.30E-11,1.07E-10,1.69E-10,1.48E-11,1.79E-10,2.13E-10,7.70E-11,5.88E-10,6.59E-10,4.52E-10,3.04E-10,4.99E-10,7.60E-10,4.52E-10,4.54E-10,3.50E-11,6.14E-10,8.50E-12,1.29E-10,8.52E-11,2.22E-10,3.47E-10,2.27E-10,2.37E-10,4.38E-10,1.27E-10,4.96E-11,8.55E-10,6.04E-11,7.56E-10,8.66E-10,1.25E-10,4.16E-10,5.28E-11,8.37E-11,4.30E-10,3.15E-10,1.40E-10,3.75E-10,2.87E-10,3.15E-10,3.41E-10,1.35E-10,2.61E-10,8.00E-10,4.68E-10,2.52E-09,2.72E-10,9.67E-11,2.94E-10,7.88E-10,1.98E-10,1.19E-10,1.88E-10,3.49E-10,8.33E-10,1.48E-10,3.80E-10,4.97E-10,2.28E-10,2.58E-10,3.15E-10,5.80E-10,3.97E-10,5.56E-10,1.66E-10,3.20E-10,5.08E-10,4.20E-10,3.01E-10,1.98E-10,5.48E-11,7.03E-10,5.81E-10,6.84E-10,2.42E-10,1.62E-10,4.68E-10,1.48E-10,4.19E-10,2.20E-10,8.97E-11,2.14E-10,4.09E-10,5.99E-10,2.02E-10,1.34E-10,6.53E-10,3.33E-10,5.43E-10,2.30E-10,3.43E-10,6.88E-11,2.11E-10,4.17E-10,1.18E-10,5.63E-10,3.47E-10,2.26E-10,7.29E-11,3.36E-10,1.60E-10,4.85E-10,1.64E-10,3.59E-11,1.30E-11,1.67E-10,1.39E-10,1.82E-10,2.83E-10,2.03E-10,3.86E-10,1.19E-10,2.95E-10,1.74E-10,1.23E-10,1.20E-10,1.27E-10,1.31E-10,3.19E-10,1.87E-10,6.69E-11,6.41E-10,1.68E-10,1.02E-10,2.56E-10,8.98E-11,1.26E-09,2.02E-10,4.24E-10,3.89E-10
87.25,87.75,A,10,6.87E-09,2.16E-08,4.23E-09,3.09E-09,3.24E-09,5.26E-10,1.35E-09,4.97E-10,4.67E-10,1.43E-09,2.44E-09,1.07E-10,4.13E-10,6.02E-10,2.85E-10,1.62E-10,2.34E-11,3.65E-10,1.85E-11,4.46E-10,4.38E-10,1.11E-10,6.11E-11,1.67E-09,4.24E-10,2.01E-10,7.24E-10,1.40E-10,2.20E-10,3.22E-10,6.87E-09,2.16E-08,4.23E-09,3.09E-09,3.24E-09,5.26E-10,1.35E-09,4.97E-10,4.67E-10,1.43E-09,2.44E-09,1.07E-10,4.13E-10,6.02E-10,2.85E-10,1.62E-10,2.34E-11,3.65E-10,1.85E-11,4.46E-10,4.38E-10,1.11E-10,6.11E-11,1.67E-09,4.24E-10,2.01E-10,7.24E-10,1.40E-10,2.20E-10,3.22E-10,7.12E-10,2.74E-10,7.38E-11,9.62E-11,4.56E-10,1.07E-11,1.65E-10,2.87E-10,2.56E-10,3.18E-10,9.23E-11,3.75E-10,1.06E-10,6.51E-10,2.07E-10,5.54E-10,1.05E-10,4.63E-11,3.75E-11,6.96E-11,4.79E-10,3.34E-10,2.08E-10,2.64E-10,9.72E-11,6.69E-10,6.34E-10,8.56E-11,2.38E-10,1.95E-10,2.17E-10,1.41E-10,1.58E-10,9.45E-11,2.36E-10,7.72E-11,4.22E-11,9.24E-10,4.30E-10,7.47E-11,4.92E-10,7.41E-10,3.19E-10,3.23E-11,9.48E-11,3.97E-10,1.60E-10,2.26E-10,2.26E-11,7.72E-11,3.46E-10,3.64E-10,1.21E-10,9.79E-11,5.79E-10,4.04E-10,1.49E-10,2.90E-10,2.59E-10,7.66E-10,8.30E-11,4.79E-10,2.73E-10,5.39E-10,6.55E-10,7.84E-11,1.78E-10,3.76E-10,1.56E-10,2.64E-11,1.91E-10,3.70E-11,2.91E-10,2.84E-10,7.37E-11,1.03E-10,6.74E-11,1.45E-10,9.50E-11,4.34E-11,1.01E-10,6.75E-10,2.69E-10,9.11E-10,1.17E-10,3.45E-10,4.18E-10,1.73E-11,5.05E-11,9.99E-11,3.64E-10,1.83E-11,2.14E-10,2.43E-10,4.98E-10,2.28E-10,4.67E-10,9.33E-12,6.84E-11,1.75E-10,8.59E-11,4.09E-10,5.92E-11,1.02E-10,2.93E-11,1.93E-10,4.26E-10,5.22E-11,1.42E-10,2.86E-10,3.37E-11,1.90E-10,2.19E-10,6.78E-11,2.12E-10,6.98E-11,1.16E-10,1.10E-10,4.25E-10,2.45E-10,1.10E-10,3.42E-10,1.56E-10,1.75E-10,1.88E-10,1.02E-10,8.55E-11,3.22E-10,1.05E-10,5.47E-12
87.5,88,A,10,2.94E-09,2.87E-08,1.03E-08,7.47E-10,2.87E-09,2.40E-09,2.64E-10,1.68E-09,3.35E-09,2.10E-10,7.48E-10,3.09E-10,1.69E-09,5.03E-10,6.20E-11,5.22E-10,6.53E-10,8.78E-10,2.01E-09,6.56E-11,8.88E-10,6.66E-11,7.17E-10,1.61E-09,8.21E-10,2.10E-10,1.18E-10,5.47E-10,1.31E-10,2.98E-10,2.94E-09,2.87E-08,1.03E-08,7.47E-10,2.87E-09,2.40E-09,2.64E-10,1.68E-09,3.35E-09,2.10E-10,7.48E-10,3.09E-10,1.69E-09,5.03E-10,6.20E-11,5.22E-10,6.53E-10,8.78E-10,2.01E-09,6.56E-11,8.88E-10,6.66E-11,7.17E-10,1.61E-09,8.21E-10,2.10E-10,1.18E-10,5.47E-10,1.31E-10,2.98E-10,7.13E-11,2.30E-10,2.46E-10,6.31E-10,2.85E-10,1.13E-10,9.31E-10,6.81E-10,5.21E-11,5.90E-11,4.77E-10,7.97E-11,2.84E-10,5.88E-11,3.24E-10,5.31E-10,1.23E-10,5.83E-11,1.84E-10,1.40E-10,4.32E-11,3.48E-10,5.60E-11,4.99E-10,3.47E-10,8.85E-10,4.58E-10,1.06E-10,2.27E-10,5.14E-10,3.23E-11,3.57E-10,4.11E-10,1.07E-10,9.62E-11,3.18E-11,5.85E-11,9.66E-10,4.54E-11,5.77E-11,6.21E-10,5.34E-10,4.46E-10,5.66E-10,2.57E-10,1.51E-11,7.77E-10,5.40E-11,1.43E-10,7.43E-11,1.48E-10,5.02E-11,5.90E-11,1.85E-11,8.62E-11,2.03E-11,1.18E-10,1.50E-10,4.77E-11,8.96E-11,4.95E-11,1.75E-10,7.55E-11,1.09E-10,2.74E-11,5.26E-11,1.94E-10,4.11E-10,1.21E-10,1.24E-10,1.36E-10,1.60E-10,1.90E-10,7.43E-10,2.44E-10,5.92E-11,7.44E-10,7.62E-10,5.09E-10,1.86E-10,2.16E-10,2.30E-10,2.38E-10,1.20E-10,1.82E-10,2.50E-10,4.33E-10,2.53E-10,1.48E-10,2.36E-10,2.85E-10,1.49E-10,2.38E-11,3.11E-10,7.59E-10,1.48E-10,1.02E-09,7.42E-10,2.67E-10,3.57E-10,6.73E-11,5.52E-11,2.64E-11,3.51E-10,2.73E-10,3.58E-10,9.00E-11,3.80E-11,4.55E-10,1.09E-10,2.23E-10,2.54E-11,5.34E-11,4.12E-11,5.23E-11,2.74E-10,7.87E-11,8.75E-11,1.66E-10,1.41E-10,1.93E-10,5.64E-11,1.35E-10,5.25E-11,6.10E-10,9.61E-11,8.55E-12,4.54E-11,3.05E-11,1.77E-11
87.75,88.25,A,10,1.77E-08,4.11E-08,1.87E-08,8.89E-09,1.38E-09,5.64E-09,1.91E-09,3.13E-10,9.02E-10,5.20E-10,1.93E-10,1.69E-09,2.47E-09,5.86E-10,8.47E-10,5.41E-10,5.50E-10,1.79E-09,3.83E-10,1.32E-10,3.49E-10,3.09E-10,1.34E-10,1.26E-10,2.76E-10,2.08E-10,2.86E-10,3.89E-10,4.86E-10,7.96E-10,1.77E-08,4.11E-08,1.87E-08,8.89E-09,1.38E-09,5.64E-09,1.91E-09,3.13E-10,9.02E-10,5.20E-10,1.93E-10,1.69E-09,2.47E-09,5.86E-10,8.47E-10,5.41E-10,5.50E-10,1.79E-09,3.83E-10,1.32E-10,3.49E-10,3.09E-10,1.34E-10,1.26E-10,2.76E-10,2.08E-10,2.86E-10,3.89E-10,4.86E-10,7.96E-10,3.09E-10,1.27E-10,1.34E-10,2.90E-10,1.58E-10,1.46E-10,1.35E-10,1.03E-10,2.10E-11,1.55E-10,3.87E-11,1.18E-10,3.18E-10,5.13E-10,4.69E-11,1.93E-10,2.93E-10,2.90E-10,3.29E-10,6.48E-11,2.01E-11,2.94E-10,8.74E-11,7.29E-10,1.06E-10,4.85E-10,1.68E-10,6.91E-10,7.56E-11,6.05E-10,5.97E-10,3.48E-10,5.02E-11,3.11E-10,5.26E-11,1.66E-10,4.31E-10,1.38E-11,6.19E-11,8.15E-11,2.59E-10,1.12E-10,2.35E-10,1.18E-10,1.30E-10,3.91E-11,1.49E-10,2.47E-10,1.10E-10,3.15E-11,6.91E-11,1.47E-11,7.16E-11,1.87E-10,4.86E-11,4.74E-11,1.72E-10,5.61E-11,2.52E-11,2.53E-10,1.03E-10,6.86E-11,9.64E-11,5.39E-11,2.21E-10,2.01E-11,2.71E-10,2.04E-10,3.46E-10,1.38E-10,5.05E-11,4.92E-11,2.16E-10,3.55E-10,1.01E-10,1.48E-10,9.08E-11,6.21E-11,7.31E-11,4.12E-10,4.57E-11,3.72E-11,1.07E-10,1.02E-11,1.29E-10,2.21E-10,5.39E-10,3.22E-12,2.07E-11,6.20E-11,2.17E-10,3.39E-10,3.31E-10,1.63E-10,2.86E-10,1.23E-10,7.23E-10,1.71E-10,7.48E-11,6.66E-11,2.31E-10,8.90E-11,1.10E-09,1.96E-10,9.56E-11,1.68E-10,2.74E-10,2.83E-11,4.61E-10,2.26E-10,2.17E-10,1.75E-10,1.60E-10,1.97E-10,2.92E-10,1.76E-10,2.90E-10,1.65E-10,3.01E-10,9.59E-12,1.19E-10,6.32E-11,2.03E-11,2.23E-11,1.52E-10,4.61E-11,4.38E-10,2.20E-10,4.61E-10,3.77E-10
88,88.5,A,10,7.37E-08,3.85E-08,2.52E-09,9.02E-09,5.80E-09,1.06E-08,2.18E-09,3.07E-09,2.15E-09,5.03E-09,4.19E-10,1.40E-09,1.78E-09,2.91E-09,2.10E-09,3.25E-10,1.38E-10,7.33E-10,4.50E-10,1.95E-10,5.45E-10,1.02E-09,8.84E-10,4.53E-11,1.20E-10,3.89E-10,4.35E-10,9.95E-11,4.13E-10,2.25E-10,7.37E-08,3.85E-08,2.52E-09,9.02E-09,5.80E-09,1.06E-08,2.18E-09,3.07E-09,2.15E-09,5.03E-09,4.19E-10,1.40E-09,1.78E-09,2.91E-09,2.10E-09,3.25E-10,1.38E-10,7.33E-10,4.50E-10,1.95E-10,5.45E-10,1.02E-09,8.84E-10,4.53E-11,1.20E-10,3.89E-10,4.35E-10,9.95E-11,4.13E-10,2.25E-10,3.94E-10,4.87E-10,8.33E-10,2.05E-10,1.40E-09,1.30E-10,4.51E-10,8.20E-11,9.62E-11,4.58E-10,5.75E-10,1.08E-09,3.38E-10,1.59E-10,9.22E-10,5.84E-10,3.58E-10,3.13E-10,4.13E-10,8.17E-10,3.49E-10,9.16E-11,1.35E-10,9.01E-11,4.83E-10,6.04E-11,1.76E-10,7.34E-10,6.15E-10,1.60E-11,3.97E-10,2.89E-10,1.45E-10,1.61E-10,8.10E-10,5.94E-10,3.69E-11,1.02E-10,6.01E-10,3.22E-10,6.78E-10,4.12E-10,2.95E-10,3.41E-10,1.17E-09,1.01E-10,1.24E-10,4.39E-10,4.57E-10,7.67E-11,2.06E-10,2.15E-10,5.38E-10,2.03E-10,2.18E-11,5.03E-11,8.20E-11,2.47E-10,6.38E-10,3.30E-10,3.30E-11,9.90E-10,3.09E-10,2.27E-11,3.26E-11,2.47E-10,4.01E-10,8.32E-10,4.22E-10,5.42E-10,5.84E-11,2.43E-11,3.49E-10,1.71E-10,8.12E-11,1.71E-09,1.22E-10,9.56E-11,4.29E-10,5.50E-10,3.27E-10,7.90E-10,2.83E-10,1.21E-10,2.25E-10,1.16E-09,6.03E-10,1.92E-10,2.89E-10,3.37E-10,2.28E-10,8.37E-11,8.37E-11,1.07E-09,2.27E-11,9.14E-11,5.16E-11,2.32E-10,6.03E-11,4.58E-10,4.89E-11,2.50E-10,2.28E-11,4.23E-10,2.61E-10,5.30E-10,2.58E-10,5.73E-10,9.86E-11,2.33E-10,2.16E-10,3.95E-10,1.48E-10,4.14E-10,4.61E-10,2.82E-11,2.28E-10,7.35E-11,2.98E-10,4.88E-10,2.04E-10,2.86E-10,6.86E-10,6.53E-11,9.70E-11,3.98E-11,1.13E-10,2.57E-10,4.60E-10,2.23E-10
88.25,88.75,A,10,5.06E-08,7.07E-08,3.63E-08,7.40E-10,7.32E-09,2.04E-09,5.72E-10,2.02E-09,4.42E-09,4.35E-09,1.02E-09,2.02E-09,7.06E-10,8.69E-10,2.25E-09,1.06E-10,7.12E-10,5.62E-10,2.27E-10,1.41E-10,1.20E-09,8.22E-10,5.44E-11,5.53E-10,5.33E-11,3.63E-10,4.80E-10,7.88E-11,3.36E-10,2.17E-10,5.06E-08,7.07E-08,3.63E-08,7.40E-10,7.32E-09,2.04E-09,5.72E-10,2.02E-09,4.42E-09,4.35E-09,1.02E-09,2.02E-09,7.06E-10,8.69E-10,2.25E-09,1.06E-10,7.12E-10,5.62E-10,2.27E-10,1.41E-10,1.20E-09,8.22E-10,5.44E-11,5.53E-10,5.33E-11,3.63E-10,4.80E-10,7.88E-11,3.36E-10,2.17E-10,4.98E-10,9.13E-10,4.05E-11,5.44E-10,1.61E-10,1.08E-10,5.00E-10,1.37E-09,7.77E-10,1.24E-10,1.00E-10,3.30E-10,1.33E-10,7.07E-11,6.20E-11,2.01E-11,5.91E-10,2.94E-10,4.61E-10,2.94E-10,2.49E-10,5.80E-11,2.75E-10,1.63E-10,7.96E-10,3.10E-10,1.15E-10,1.93E-10,1.12E-10,4.14E-10,3.57E-10,3.48E-10,2.68E-10,1.91E-10,2.56E-10,3.40E-10,6.65E-11,3.57E-10,8.53E-11,6.73E-11,8.61E-10,3.57E-10,3.76E-10,2.42E-11,3.87E-10,2.87E-10,4.59E-10,1.19E-09,2.07E-11,3.48E-10,2.98E-10,4.68E-10,4.05E-10,1.14E-10,8.46E-11,1.72E-10,2.28E-10,2.05E-11,4.38E-10,7.60E-11,4.22E-10,3.69E-10,3.56E-10,5.34E-10,1.05E-10,2.23E-11,2.59E-10,2.38E-10,1.54E-10,2.68E-10,1.45E-09,2.69E-10,1.14E-10,2.86E-10,1.61E-10,3.05E-11,8.86E-11,2.52E-10,4.03E-10,4.24E-11,1.83E-10,4.31E-11,3.52E-10,4.29E-10,7.64E-11,1.58E-10,1.16E-09,3.28E-10,5.93E-11,4.22E-10,5.85E-10,1.09E-09,1.81E-10,1.77E-10,1.29E-10,8.72E-11,1.34E-11,1.04E-10,4.80E-11,1.54E-10,8.58E-10,1.94E-10,1.21E-10,6.34E-10,4.53E-10,6.64E-10,3.70E-10,1.22E-10,5.63E-11,4.98E-11,1.92E-10,7.03E-10,8.37E-11,1.52E-10,1.82E-10,7.96E-11,5.45E-10,2.93E-10,1.59E-10,4.30E-10,1.11E-09,3.38E-10,3.13E-10,1.17E-10,9.52E-11,2.12E-12,2.91E-10,1.33E-10,9.39E-11,1.56E-10
88.5,89,A,10,7.83E-08,6.20E-08,1.44E-09,1.46E-09,7.65E-11,1.60E-08,9.11E-11,5.94E-10,2.89E-09,9.08E-10,5.99E-10,1.02E-09,6.42E-10,9.27E-10,3.16E-09,2.45E-09,6.49E-11,2.09E-09,6.25E-10,6.01E-10,1.27E-09,6.36E-10,6.84E-11,1.21E-10,6.30E-10,4.27E-10,7.09E-11,1.23E-10,2.09E-10,1.03E-09,7.83E-08,6.20E-08,1.44E-09,1.46E-09,7.65E-11,1.60E-08,9.11E-11,5.94E-10,2.89E-09,9.08E-10,5.99E-10,1.02E-09,6.42E-10,9.27E-10,3.16E-09,2.45E-09,6.49E-11,2.09E-09,6.25E-10,6.01E-10,1.27E-09,6.36E-10,6.84E-11,1.21E-10,6.30E-10,4.27E-10,7.09E-11,1.23E-10,2.09E-10,1.03E-09,2.63E-10,1.91E-10,1.09E-09,4.79E-10,1.09E-09,5.71E-10,1.21E-09,5.27E-10,2.02E-10,1.97E-10,1.55E-10,1.09E-10,7.40E-10,5.52E-10,2.08E-10,4.88E-10,1.47E-10,2.34E-10,3.50E-10,1.13E-09,2.36E-10,9.71E-10,4.54E-10,2.19E-10,1.52E-10,1.56E-10,1.11E-10,2.28E-10,6.00E-10,3.11E-10,4.73E-10,2.03E-10,1.49E-11,7.51E-11,1.44E-09,1.41E-10,1.77E-10,3.79E-10,6.34E-10,1.38E-10,2.04E-11,2.69E-10,1.72E-10,2.42E-10,2.57E-10,2.62E-10,1.96E-10,1.64E-10,4.47E-10,3.42E-10,2.17E-10,3.41E-10,4.52E-10,7.52E-11,4.81E-10,4.05E-11,4.51E-12,1.12E-09,1.64E-10,2.87E-10,4.08E-11,9.34E-11,1.34E-10,2.44E-10,1.15E-10,2.24E-11,1.35E-10,4.48E-10,1.24E-10,1.57E-10,2.21E-10,1.53E-10,4.87E-11,1.49E-10,4.43E-11,7.60E-10,2.47E-10,2.92E-10,1.18E-10,1.30E-10,3.55E-11,2.27E-10,1.50E-10,3.85E-11,5.70E-12,3.99E-11,9.99E-10,2.90E-10,8.51E-12,4.32E-10,9.09E-11,2.43E-10,2.61E-10,3.32E-10,6.98E-11,2.44E-11,6.98E-11,2.63E-10,1.81E-11,2.10E-10,6.69E-10,9.01E-10,1.13E-10,2.24E-10,4.98E-11,1.22E-10,3.04E-11,4.70E-10,7.12E-11,1.09E-10,3.01E-10,2.51E-10,1.58E-10,3.11E-10,2.13E-10,1.62E-11,2.58E-10,2.69E-10,5.39E-10,5.75E-11,3.67E-10,7.05E-11,1.34E-10,1.67E-10,6.09E-11,9.49E-11,2.40E-10,2.87E-10,1.95E-10,3.90E-10
88.75,89.25,A,10,5.14E-08,2.22E-08,1.51E-09,1.21E-08,1.56E-09,1.05E-09,5.74E-09,3.12E-10,3.62E-10,1.84E-09,7.67E-10,5.78E-10,1.28E-10,9.69E-10,2.92E-10,8.03E-10,1.82E-09,2.80E-10,1.23E-10,2.50E-10,2.47E-10,8.91E-11,1.06E-10,2.27E-11,1.41E-10,2.17E-10,1.40E-10,1.85E-10,9.17E-11,1.12E-10,5.14E-08,2.22E-08,1.51E-09,1.21E-08,1.56E-09,1.05E-09,5.74E-09,3.12E-10,3.62E-10,1.84E-09,7.67E-10,5.78E-10,1.28E-10,9.69E-10,2.92E-10,8.03E-10,1.82E-09,2.80E-10,1.23E-10,2.50E-10,2.47E-10,8.91E-11,1.06E-10,2.27E-11,1.41E-10,2.17E-10,1.40E-10,1.85E-10,9.17E-11,1.12E-10,9.65E-11,1.91E-10,1.26E-10,2.24E-10,1.74E-10,7.99E-11,9.12E-11,1.45E-10,5.25E-10,2.77E-10,7.29E-11,4.87E-10,4.63E-10,5.78E-10,1.80E-10,4.05E-10,5.44E-11,1.97E-10,9.30E-11,3.83E-11,5.60E-10,2.96E-10,1.33E-10,6.43E-10,7.09E-10,1.85E-10,2.20E-10,5.18E-10,1.05E-11,7.53E-11,1.81E-10,4.05E-11,3.18E-10,2.84E-10,2.79E-11,7.85E-11,2.03E-10,2.80E-10,3.49E-10,2.37E-10,1.33E-10,3.02E-11,2.40E-10,5.42E-10,1.30E-10,2.34E-10,1.29E-10,2.44E-11,2.43E-11,3.21E-11,2.78E-10,4.17E-10,1.61E-10,1.23E-10,7.75E-11,1.06E-10,1.58E-11,2.62E-10,6.96E-10,4.10E-10,3.88E-10,3.30E-10,1.13E-10,2.50E-11,3.74E-10,1.95E-10,1.02E-10,6.73E-11,1.67E-10,1.81E-10,3.06E-10,1.09E-10,1.78E-10,4.68E-11,1.37E-10,4.58E-10,1.49E-10,3.56E-10,1.29E-10,5.48E-11,1.11E-10,2.37E-10,4.95E-11,1.56E-10,2.16E-10,2.20E-10,1.61E-10,1.60E-10,3.06E-10,1.42E-10,7.46E-11,2.87E-10,3.40E-10,7.02E-11,5.77E-11,1.79E-10,1.16E-10,9.75E-10,1.10E-09,2.74E-10,4.00E-10,4.67E-10,4.06E-10,3.32E-11,3.44E-12,4.18E-11,1.79E-11,2.52E-10,2.16E-10,1.38E-10,1.95E-10,3.42E-11,2.17E-10,1.28E-10,4.36E-11,4.48E-10,7.15E-11,1.16E-10,2.04E-10,2.52E-10,1.52E-10,3.23E-10,8.32E-11,1.33E-10,1.47E-10,1.16E-10,7.44E-11,1.86E-10,2.07E-10,1.50E-10
89,89.5,A,10,2.57E-08,2.10E-08,5.92E-10,3.07E-09,2.57E-09,3.48E-09,2.63E-09,7.72E-10,1.40E-09,7.43E-10,1.25E-09,5.57E-10,1.09E-10,5.23E-10,1.39E-09,5.55E-10,4.31E-10,5.09E-10,4.23E-10,3.71E-10,3.27E-10,2.81E-10,1.18E-09,8.44E-10,1.01E-09,3.86E-10,3.99E-10,4.37E-10,5.60E-10,6.12E-10,2.57E-08,2.10E-08,5.92E-10,3.07E-09,2.57E-09,3.48E-09,2.63E-09,7.72E-10,1.40E-09,7.43E-10,1.25E-09,5.57E-10,1.09E-10,5.23E-10,1.39E-09,5.55E-10,4.31E-10,5.09E-10,4.23E-10,3.71E-10,3.27E-10,2.81E-10,1.18E-09,8.44E-10,1.01E-09,3.86E-10,3.99E-10,4.37E-10,5.60E-10,6.12E-10,1.02E-10,5.74E-10,1.07E-11,9.52E-11,1.35E-10,2.03E-10,9.46E-10,2.26E-11,2.47E-10,2.53E-10,7.34E-10,2.48E-10,1.01E-10,4.45E-10,1.84E-10,1.81E-10,2.51E-10,1.84E-10,5.56E-10,3.65E-11,3.52E-11,5.48E-10,7.42E-10,2.20E-10,6.32E-11,1.16E-10,3.52E-10,5.63E-10,7.13E-11,4.53E-11,2.21E-10,1.56E-10,2.05E-10,2.83E-10,2.36E-10,2.94E-10,2.63E-10,4.44E-11,3.91E-11,4.13E-10,5.14E-11,3.99E-10,3.34E-10,2.65E-11,3.86E-10,4.41E-10,8.54E-11,1.21E-10,1.14E-10,4.49E-10,8.00E-11,4.74E-11,2.14E-10,6.33E-11,2.35E-10,9.60E-10,4.31E-10,3.75E-10,4.78E-10,1.88E-10,1.94E-10,3.68E-10,5.40E-10,7.15E-11,7.67E-10,4.69E-11,1.89E-10,7.66E-11,1.63E-11,4.47E-11,6.82E-10,1.51E-10,3.08E-10,2.45E-10,4.09E-11,1.09E-10,8.17E-10,2.06E-10,4.84E-11,6.52E-11,2.21E-10,2.54E-10,2.72E-10,3.27E-10,5.86E-10,5.26E-10,3.22E-10,5.94E-10,4.15E-11,2.71E-10,1.74E-10,4.39E-10,4.73E-10,6.22E-10,1.86E-10,1.30E-10,4.64E-10,4.07E-10,7.93E-11,9.10E-10,4.52E-10,1.51E-10,4.45E-11,7.85E-11,1.24E-10,2.84E-10,1.31E-10,7.75E-11,4.91E-10,3.00E-10,6.70E-11,1.25E-11,8.85E-11,3.95E-10,2.62E-10,1.59E-10,3.24E-10,1.45E-11,1.09E-10,6.18E-11,2.95E-10,1.49E-10,6.74E-11,1.08E-10,1.60E-11,1.02E-09,1.77E-10,9.01E-11,5.48E-11,2.53E-10
89.25,89.75,A,10,3.79E-09,2.13E-08,3.37E-09,5.53E-09,1.13E-10,1.22E-09,1.33E-09,2.19E-09,6.55E-10,6.87E-11,1.22E-09,1.71E-10,7.66E-10,1.12E-09,6.25E-10,1.66E-10,1.83E-10,5.46E-10,7.91E-10,6.68E-10,4.18E-10,8.22E-10,1.19E-10,2.30E-10,3.76E-10,5.01E-10,9.50E-11,3.81E-10,1.66E-10,5.28E-10,3.79E-09,2.13E-08,3.37E-09,5.53E-09,1.13E-10,1.22E-09,1.33E-09,2.19E-09,6.55E-10,6.87E-11,1.22E-09,1.71E-10,7.66E-10,1.12E-09,6.25E-10,1.66E-10,1.83E-10,5.46E-10,7.91E-10,6.68E-10,4.18E-10,8.22E-10,1.19E-10,2.30E-10,3.76E-10,5.01E-10,9.50E-11,3.81E-10,1.66E-10,5.28E-10,3.54E-10,7.07E-10,1.12E-10,1.30E-10,6.81E-11,4.15E-10,3.57E-10,3.02E-10,5.20E-10,2.37E-10,7.67E-10,6.22E-10,4.53E-10,4.53E-10,1.69E-09,6.05E-10,6.09E-11,5.97E-10,1.89E-10,2.10E-11,1.86E-10,4.31E-10,3.25E-10,5.34E-10,6.31E-11,4.30E-11,2.45E-11,6.04E-11,1.95E-11,1.08E-09,5.65E-10,4.76E-11,3.13E-11,3.10E-11,9.36E-11,2.17E-10,1.82E-10,1.48E-10,2.69E-10,2.84E-10,7.33E-11,1.28E-10,1.26E-10,1.37E-10,1.05E-09,7.42E-10,1.61E-10,9.81E-11,1.03E-10,7.82E-11,3.27E-11,2.97E-11,6.30E-11,9.14E-11,7.49E-11,1.38E-10,1.79E-10,5.01E-10,7.10E-11,6.19E-11,1.31E-10,2.60E-11,3.48E-10,2.53E-10,9.62E-11,2.41E-10,5.08E-10,3.30E-10,6.69E-10,9.37E-11,2.03E-10,1.64E-10,9.36E-11,4.13E-10,3.15E-10,4.36E-11,2.52E-10,2.38E-10,6.67E-11,6.11E-11,8.40E-10,3.85E-10,3.72E-10,1.37E-10,1.46E-10,2.89E-10,4.23E-10,2.23E-10,2.97E-10,6.23E-11,6.73E-11,1.12E-10,2.43E-10,2.89E-10,4.97E-10,4.92E-10,2.33E-10,1.02E-10,3.05E-10,3.38E-10,2.71E-10,8.22E-11,2.82E-10,3.86E-10,1.70E-10,2.06E-10,1.11E-10,5.99E-11,2.43E-10,9.29E-11,5.04E-11,2.02E-10,6.10E-11,7.17E-10,2.15E-10,1.59E-10,1.33E-11,3.37E-10,2.25E-11,5.34E-10,4.34E-11,1.39E-11,9.71E-11,1.83E-10,1.07E-11,4.48E-10,5.26E-12,9.89E-11,1.82E-10,5.25E-11
89.5,90,A,10,1.55E-08,1.05E-08,6.45E-09,6.70E-10,1.28E-09,4.73E-10,5.46E-10,3.65E-10,1.78E-09,4.91E-10,7.63E-10,7.35E-10,1.52E-09,2.76E-10,1.28E-09,2.60E-10,9.20E-10,1.89E-09,1.04E-09,3.36E-10,4.16E-10,4.74E-11,1.21E-10,9.74E-11,8.65E-10,3.90E-10,1.72E-09,1.16E-09,4.45E-11,4.25E-10,1.55E-08,1.05E-08,6.45E-09,6.70E-10,1.28E-09,4.73E-10,5.46E-10,3.65E-10,1.78E-09,4.91E-10,7.63E-10,7.35E-10,1.52E-09,2.76E-10,1.28E-09,2.60E-10,9.20E-10,1.89E-09,1.04E-09,3.36E-10,4.16E-10,4.74E-11,1.21E-10,9.74E-11,8.65E-10,3.90E-10,1.72E-09,1.16E-09,4.45E-11,4.25E-10,1.99E-10,2.84E-10,3.17E-10,1.58E-10,3.93E-10,2.65E-10,2.89E-10,1.35E-10,5.59E-10,4.22E-10,2.31E-10,5.34E-11,2.35E-10,7.75E-11,5.46E-10,4.15E-10,2.18E-10,2.03E-10,1.45E-10,4.05E-11,2.20E-10,3.47E-10,1.03E-10,4.06E-10,4.45E-10,5.90E-11,8.21E-11,4.84E-10,1.36E-10,1.35E-10,3.00E-10,1.60E-10,7.52E-10,3.08E-10,4.50E-10,4.76E-10,2.01E-10,4.45E-10,7.96E-11,2.10E-10,3.74E-11,4.16E-11,3.04E-10,8.51E-10,5.04E-10,1.98E-11,2.64E-10,1.72E-10,1.29E-09,2.29E-10,3.13E-10,6.44E-10,5.49E-10,1.02E-10,4.48E-10,1.91E-10,1.39E-10,2.55E-10,1.62E-10,2.09E-10,2.57E-10,5.16E-11,2.73E-10,6.12E-10,2.23E-10,2.36E-10,4.63E-11,1.35E-10,1.32E-10,3.66E-10,9.53E-10,1.35E-10,2.40E-10,3.89E-10,3.97E-10,4.36E-10,1.78E-10,8.45E-10,1.46E-10,3.07E-10,3.05E-11,9.83E-11,5.90E-11,2.23E-10,3.33E-11,8.08E-11,9.83E-11,4.29E-10,4.45E-12,2.29E-10,7.93E-10,6.61E-10,4.90E-10,4.74E-10,4.47E-10,1.57E-10,1.66E-10,2.31E-10,4.44E-10,1.06E-10,8.83E-11,6.61E-11,1.57E-10,4.80E-11,1.37E-10,2.75E-10,1.04E-10,1.45E-10,5.52E-10,9.28E-11,8.94E-10,6.78E-10,1.23E-09,1.99E-10,8.57E-11,3.94E-10,7.39E-10,4.88E-10,8.75E-10,3.34E-11,1.45E-10,5.47E-10,1.16E-10,7.13E-10,4.07E-10,4.06E-10,1.46E-10,1.67E-10,2.21E-10,1.48E-11
89.75,90.25,A,10,1.41E-08,2.60E-08,1.05E-08,2.63E-09,3.10E-10,2.66E-10,3.11E-09,4.93E-10,5.73E-10,5.97E-10,3.14E-10,8.75E-10,1.80E-10,3.58E-10,2.02E-09,5.66E-10,3.60E-10,5.93E-10,1.31E-10,4.72E-10,4.60E-11,3.80E-10,2.03E-10,5.66E-10,1.05E-09,1.91E-10,1.51E-10,2.52E-11,1.79E-10,2.77E-10,1.41E-08,2.60E-08,1.05E-08,2.63E-09,3.10E-10,2.66E-10,3.11E-09,4.93E-10,5.73E-10,5.97E-10,3.14E-10,8.75E-10,1.80E-10,3.58E-10,2.02E-09,5.66E-10,3.60E-10,5.93E-10,1.31E-10,4.72E-10,4.60E-11,3.80E-10,2.03E-10,5.66E-10,1.05E-09,1.91E-10,1.51E-10,2.52E-11,1.79E-10,2.77E-10,1.95E-10,1.80E-10,1.19E-10,6.01E-11,3.16E-10,4.37E-10,6.00E-10,7.34E-10,1.71E-10,3.07E-10,2.90E-11,9.10E-11,8.39E-10,3.70E-10,1.33E-10,1.26E-10,6.25E-10,1.75E-10,7.52E-11,1.12E-10,1.48E-10,6.16E-11,3.74E-10,2.34E-10,2.40E-10,4.96E-10,4.79E-10,3.95E-10,1.13E-10,7.11E-10,2.00E-10,1.50E-09,6.47E-11,8.03E-10,5.18E-10,4.57E-10,1.89E-10,4.07E-11,1.72E-10,3.36E-10,3.80E-10,1.52E-10,1.90E-10,6.03E-11,2.49E-10,3.48E-10,4.77E-10,2.38E-10,1.38E-09,1.02E-10,1.59E-10,1.68E-10,6.22E-10,1.29E-09,9.66E-10,3.07E-10,3.14E-10,1.15E-10,7.35E-11,3.49E-10,6.44E-10,3.37E-10,1.83E-10,7.48E-10,2.25E-10,2.76E-10,5.22E-10,6.87E-10,3.22E-10,3.34E-10,2.33E-10,3.88E-11,1.91E-10,1.04E-10,1.17E-09,6.24E-11,7.37E-10,2.03E-11,6.53E-10,3.35E-10,7.25E-11,6.45E-11,1.44E-10,9.45E-10,2.38E-10,8.10E-11,4.88E-10,2.04E-10,3.08E-10,4.58E-11,1.74E-10,2.81E-10,6.86E-11,1.46E-09,1.52E-10,1.23E-09,2.30E-11,4.91E-10,4.93E-10,1.37E-10,6.25E-11,2.32E-10,1.91E-10,1.06E-10,7.08E-11,7.64E-11,4.94E-10,5.60E-10,2.49E-10,9.49E-10,8.23E-11,1.32E-09,5.53E-11,5.74E-10,7.59E-10,1.97E-10,3.64E-10,1.28E-10,1.34E-10,3.14E-10,1.92E-11,5.39E-10,5.91E-10,1.26E-10,6.72E-10,3.64E-10,4.99E-11,5.22E-10,1.70E-10,5.83E-10
90,90.5,A,10,1.77E-08,1.85E-08,5.91E-09,1.24E-09,5.74E-10,7.40E-10,5.41E-09,2.61E-10,6.22E-10,3.15E-09,1.16E-09,1.70E-09,8.75E-10,9.11E-10,1.84E-09,4.49E-10,8.20E-11,3.38E-10,1.78E-09,5.73E-10,4.26E-11,8.05E-11,1.27E-10,4.17E-11,4.32E-11,4.61E-11,7.46E-11,3.77E-10,1.85E-10,1.90E-10,1.77E-08,1.85E-08,5.91E-09,1.24E-09,5.74E-10,7.40E-10,5.41E-09,2.61E-10,6.22E-10,3.15E-09,1.16E-09,1.70E-09,8.75E-10,9.11E-10,1.84E-09,4.49E-10,8.20E-11,3.38E-10,1.78E-09,5.73E-10,4.26E-11,8.05E-11,1.27E-10,4.17E-11,4.32E-11,4.61E-11,7.46E-11,3.77E-10,1.85E-10,1.90E-10,1.86E-10,4.90E-10,2.17E-10,1.02E-10,1.15E-10,3.77E-10,2.69E-10,1.13E-10,1.39E-10,2.59E-10,7.55E-11,1.74E-11,4.15E-11,2.65E-10,7.08E-11,1.21E-10,2.76E-10,3.03E-10,4.84E-10,1.48E-10,2.28E-10,8.63E-11,1.82E-10,4.86E-11,4.37E-11,5.39E-11,1.32E-10,5.59E-11,2.81E-10,2.06E-11,3.80E-10,9.48E-11,1.55E-10,2.66E-10,1.41E-10,2.59E-11,1.78E-10,8.59E-12,2.52E-10,3.30E-11,7.68E-11,3.32E-10,2.65E-11,3.72E-11,1.84E-10,2.10E-10,5.33E-11,3.25E-11,3.69E-10,7.70E-11,9.83E-11,3.24E-10,1.04E-10,1.73E-10,6.22E-10,6.00E-10,5.41E-11,1.62E-10,1.63E-10,6.42E-10,2.35E-10,2.89E-10,3.74E-11,8.81E-11,1.08E-10,1.14E-10,3.81E-11,1.09E-10,1.19E-10,1.54E-10,3.35E-10,2.51E-10,8.84E-11,1.03E-10,3.85E-10,4.50E-11,1.31E-10,1.78E-10,1.68E-10,3.02E-11,1.87E-11,1.77E-10,2.56E-11,6.93E-11,2.72E-11,1.46E-11,3.01E-11,2.93E-11,1.37E-10,4.56E-11,1.77E-10,4.28E-11,4.00E-11,1.66E-10,2.36E-10,1.42E-11,1.77E-11,2.75E-11,2.22E-10,7.93E-11,1.72E-10,3.20E-10,4.78E-10,5.55E-11,1.68E-10,9.19E-11,4.25E-10,5.53E-11,5.55E-10,3.17E-10,6.00E-11,2.75E-10,2.13E-10,2.77E-10,8.58E-11,5.83E-11,3.84E-10,7.21E-11,7.05E-11,2.86E-10,2.39E-11,2.53E-10,2.10E-10,1.99E-10,3.30E-10,2.29E-10,4.61E-10,2.50E-10,4.04E-10,1.72E-11
90.25,90.75,A,10,4.68E-09,8.69E-09,4.55E-09,7.20E-09,3.30E-09,5.14E-09,6.95E-10,2.05E-09,1.90E-09,7.06E-10,1.38E-09,6.87E-10,1.68E-09,1.01E-09,3.67E-10,5.09E-10,4.49E-10,5.47E-10,3.15E-10,1.42E-10,3.92E-10,4.59E-10,7.75E-10,1.88E-10,2.88E-10,1.31E-09,1.80E-10,1.81E-10,3.30E-10,1.49E-09,4.68E-09,8.69E-09,4.55E-09,7.20E-09,3.30E-09,5.14E-09,6.95E-10,2.05E-09,1.90E-09,7.06E-10,1.38E-09,6.87E-10,1.68E-09,1.01E-09,3.67E-10,5.09E-10,4.49E-10,5.47E-10,3.15E-10,1.42E-10,3.92E-10,4.59E-10,7.75E-10,1.88E-10,2.88E-10,1.31E-09,1.80E-10,1.81E-10,3.30E-10,1.49E-09,3.68E-10,8.27E-10,8.93E-10,7.56E-11,2.24E-10,1.10E-10,3.03E-11,5.24E-10,1.20E-10,1.71E-10,8.22E-11,5.42E-11,3.47E-10,4.64E-10,3.11E-10,5.79E-12,5.97E-11,1.64E-10,6.72E-11,1.64E-11,1.82E-10,1.42E-10,1.27E-10,6.63E-10,1.23E-10,3.43E-10,4.03E-11,7.73E-11,2.94E-10,9.25E-11,6.55E-10,1.32E-10,2.99E-10,1.48E-10,9.18E-11,1.01E-10,1.48E-10,7.06E-11,1.63E-11,6.97E-10,2.25E-10,7.36E-10,2.07E-10,1.90E-10,5.33E-10,1.07E-09,1.38E-10,4.15E-10,2.72E-10,5.35E-11,2.73E-11,3.15E-11,1.31E-10,8.52E-10,7.48E-10,7.35E-10,7.91E-10,7.87E-10,3.71E-10,5.06E-11,5.84E-10,1.89E-10,1.28E-09,2.36E-10,3.19E-10,9.22E-11,1.56E-10,8.15E-11,1.29E-11,1.95E-10,3.09E-10,2.29E-10,4.16E-11,2.49E-10,1.81E-10,1.56E-10,5.31E-10,4.38E-10,4.33E-10,1.14E-10,1.35E-10,4.32E-10,1.75E-10,1.46E-10,3.72E-10,3.29E-10,2.79E-11,2.87E-10,3.57E-11,3.66E-10,3.24E-10,1.59E-10,3.48E-10,2.60E-10,1.03E-09,3.24E-10,3.46E-10,3.79E-10,2.41E-10,7.35E-10,2.49E-11,8.35E-11,3.86E-10,9.12E-11,3.45E-10,2.97E-10,7.71E-10,5.24E-10,1.48E-09,3.95E-11,2.68E-10,3.64E-11,5.37E-11,1.78E-10,2.04E-09,5.95E-11,3.65E-11,9.78E-11,1.24E-10,5.19E-10,4.61E-10,9.28E-10,1.71E-10,2.00E-10,4.90E-10,4.84E-11,1.64E-10,5.04E-10,1.12E-10,1.52E-10
90.5,91,A,10,6.25E-09,9.33E-09,5.94E-09,3.26E-09,1.02E-09,2.58E-09,2.40E-09,1.96E-10,1.32E-09,1.89E-09,3.28E-10,1.67E-10,9.47E-10,1.79E-10,8.52E-10,1.10E-09,8.12E-10,3.06E-10,7.24E-10,4.96E-10,3.05E-10,1.47E-10,1.35E-10,2.19E-10,5.82E-10,3.68E-10,2.88E-10,3.66E-10,4.88E-11,5.13E-10,6.25E-09,9.33E-09,5.94E-09,3.26E-09,1.02E-09,2.58E-09,2.40E-09,1.96E-10,1.32E-09,1.89E-09,3.28E-10,1.67E-10,9.47E-10,1.79E-10,8.52E-10,1.10E-09,8.12E-10,3.06E-10,7.24E-10,4.96E-10,3.05E-10,1.47E-10,1.35E-10,2.19E-10,5.82E-10,3.68E-10,2.88E-10,3.66E-10,4.88E-11,5.13E-10,1.59E-10,9.78E-11,1.78E-10,6.42E-10,5.00E-11,1.96E-10,3.32E-11,7.03E-11,1.28E-10,6.48E-10,2.71E-10,2.25E-12,1.18E-10,1.69E-10,5.50E-11,5.17E-11,3.04E-10,6.12E-10,1.64E-10,1.09E-10,3.97E-10,2.19E-10,3.22E-11,1.45E-10,6.17E-10,4.02E-11,1.11E-10,2.20E-10,8.23E-11,2.77E-11,1.80E-10,3.40E-10,1.89E-10,3.89E-10,5.76E-11,8.30E-11,1.16E-10,1.33E-10,1.13E-10,5.72E-10,7.91E-11,2.15E-10,1.46E-10,3.10E-11,2.33E-10,3.56E-10,3.12E-10,1.70E-10,1.77E-10,1.01E-10,5.49E-10,8.35E-11,2.30E-10,1.95E-10,8.68E-11,1.77E-10,1.26E-10,7.01E-10,4.89E-10,5.15E-11,3.30E-10,3.06E-10,5.60E-11,2.74E-10,4.65E-11,1.46E-10,6.42E-11,6.40E-11,3.30E-11,8.37E-11,2.35E-11,6.41E-11,1.57E-11,5.53E-11,3.16E-10,4.48E-10,1.67E-10,2.96E-10,9.65E-12,2.15E-10,5.17E-10,6.16E-11,3.25E-10,1.36E-10,8.40E-11,2.21E-10,7.66E-11,2.63E-10,2.49E-11,4.10E-10,1.32E-10,4.40E-11,2.72E-11,4.85E-10,3.68E-11,1.65E-10,1.17E-10,1.12E-10,2.74E-11,3.63E-11,2.50E-10,1.72E-11,1.29E-10,1.68E-10,4.79E-11,1.93E-10,4.46E-11,8.04E-11,1.13E-10,2.10E-10,7.52E-11,8.99E-11,2.41E-10,3.74E-11,1.54E-10,9.41E-11,1.05E-10,1.18E-10,2.66E-10,3.40E-10,1.21E-10,2.97E-10,2.20E-10,1.27E-10,1.63E-10,4.16E-11,3.61E-10,1.48E-10,7.85E-11,1.45E-10
90.75,91.25,A,10,3.21E-08,7.22E-09,9.52E-09,2.13E-09,2.71E-11,1.15E-09,2.17E-09,6.86E-10,1.64E-09,1.17E-09,1.66E-11,1.84E-09,8.63E-11,7.40E-11,4.49E-10,7.68E-10,7.13E-10,1.42E-09,4.33E-10,5.80E-10,4.67E-10,7.81E-11,1.73E-10,8.28E-10,2.23E-10,6.49E-10,6.04E-10,3.97E-10,2.75E-10,2.28E-10,3.21E-08,7.22E-09,9.52E-09,2.13E-09,2.71E-11,1.15E-09,2.17E-09,6.86E-10,1.64E-09,1.17E-09,1.66E-11,1.84E-09,8.63E-11,7.40E-11,4.49E-10,7.68E-10,7.13E-10,1.42E-09,4.33E-10,5.80E-10,4.67E-10,7.81E-11,1.73E-10,8.28E-10,2.23E-10,6.49E-10,6.04E-10,3.97E-10,2.75E-10,2.28E-10,1.08E-10,2.22E-10,1.35E-10,2.26E-10,1.89E-10,8.85E-10,3.08E-10,2.56E-10,1.74E-10,1.07E-10,1.76E-11,4.06E-11,1.57E-10,5.20E-11,4.30E-10,4.82E-10,1.57E-10,3.04E-10,1.44E-09,2.71E-11,1.74E-10,1.68E-10,1.27E-10,1.60E-10,3.68E-11,6.60E-11,1.21E-10,2.82E-10,3.05E-10,1.98E-10,5.18E-10,3.64E-10,6.91E-10,8.17E-11,4.46E-10,2.85E-10,1.62E-10,1.30E-10,1.27E-10,5.20E-10,1.23E-10,1.06E-10,1.68E-10,2.19E-11,2.64E-10,3.07E-10,4.81E-11,2.88E-10,5.05E-10,2.30E-10,2.66E-10,8.28E-10,1.09E-10,3.56E-10,3.31E-11,8.52E-11,5.26E-11,1.58E-10,4.16E-10,4.65E-10,3.14E-10,1.75E-11,1.76E-10,2.09E-10,9.34E-11,1.62E-10,5.96E-11,2.57E-11,5.83E-11,4.04E-10,3.86E-10,3.95E-10,9.64E-11,3.23E-10,2.58E-10,5.82E-10,1.44E-10,5.54E-10,3.40E-10,1.51E-09,1.02E-09,3.22E-10,1.05E-10,2.73E-10,2.64E-10,1.60E-11,3.55E-10,4.90E-11,7.80E-11,4.19E-10,8.99E-11,4.74E-10,2.93E-10,4.75E-11,4.02E-11,7.44E-10,1.52E-10,4.84E-10,4.72E-10,1.37E-10,2.65E-10,1.65E-10,8.38E-11,2.47E-10,4.73E-10,3.41E-10,7.50E-10,2.25E-10,1.12E-10,1.26E-10,5.66E-11,7.60E-11,5.30E-11,3.16E-11,2.73E-10,8.77E-10,1.84E-10,1.32E-10,3.58E-10,1.24E-10,1.00E-09,2.33E-10,1.60E-10,2.15E-10,1.98E-11,4.16E-10,1.08E-09,4.33E-10,1.19E-10,5.42E-10
91,91.5,A,10,9.30E-09,1.70E-08,3.08E-09,4.45E-09,4.74E-10,1.03E-10,5.63E-10,1.77E-09,3.34E-09,1.22E-10,8.65E-10,7.76E-10,2.90E-10,1.32E-09,6.24E-10,4.83E-10,1.53E-10,2.96E-10,1.09E-10,4.55E-10,5.55E-10,5.91E-10,3.98E-10,2.61E-10,3.23E-10,3.74E-10,5.63E-11,4.35E-11,5.80E-10,1.58E-09,9.30E-09,1.70E-08,3.08E-09,4.45E-09,4.74E-10,1.03E-10,5.63E-10,1.77E-09,3.34E-09,1.22E-10,8.65E-10,7.76E-10,2.90E-10,1.32E-09,6.24E-10,4.83E-10,1.53E-10,2.96E-10,1.09E-10,4.55E-10,5.55E-10,5.91E-10,3.98E-10,2.61E-10,3.23E-10,3.74E-10,5.63E-11,4.35E-11,5.80E-10,1.58E-09,5.76E-10,9.32E-11,8.29E-11,2.80E-10,1.08E-10,8.47E-11,9.08E-12,5.13E-11,2.07E-10,3.04E-10,4.74E-11,5.32E-10,3.74E-10,3.44E-10,3.51E-10,5.28E-11,9.27E-11,1.73E-10,2.50E-10,6.39E-11,7.33E-11,4.32E-10,2.27E-10,1.90E-10,3.14E-11,6.13E-12,2.43E-10,4.18E-10,2.55E-10,1.39E-10,1.02E-10,1.69E-10,1.49E-10,3.41E-10,8.09E-10,1.46E-10,9.30E-11,2.22E-10,1.25E-11,5.16E-10,1.77E-10,6.09E-11,5.60E-11,2.42E-10,2.27E-10,1.92E-10,7.80E-11,5.31E-10,3.93E-10,4.42E-10,7.30E-11,4.39E-10,3.45E-10,6.78E-10,2.04E-10,2.21E-10,6.35E-11,2.67E-10,4.47E-10,1.54E-10,5.12E-10,1.06E-10,4.65E-11,7.45E-11,2.44E-10,2.88E-10,4.79E-11,2.53E-10,3.60E-10,2.34E-11,3.49E-10,4.27E-10,1.19E-10,5.37E-11,5.99E-12,9.99E-11,2.28E-11,7.13E-11,1.22E-10,5.70E-11,6.65E-11,8.95E-11,9.25E-11,2.25E-10,2.28E-10,2.57E-10,1.29E-10,1.75E-10,5.25E-11,1.16E-10,5.51E-11,3.27E-11,1.52E-10,1.96E-10,7.80E-10,4.51E-10,1.64E-10,4.34E-10,3.02E-10,4.44E-10,3.38E-11,5.72E-10,2.19E-10,1.29E-10,2.48E-10,2.13E-10,5.03E-10,7.25E-10,1.52E-10,1.85E-10,9.68E-11,3.27E-10,1.12E-09,2.86E-10,4.82E-10,5.23E-11,1.51E-10,6.68E-10,1.35E-10,4.25E-10,2.53E-10,1.83E-10,4.38E-11,8.15E-11,1.19E-10,2.06E-10,3.65E-10,1.67E-10,8.51E-11,6.35E-11
91.25,91.75,A,10,2.50E-08,1.47E-08,1.85E-08,5.78E-09,2.14E-09,1.28E-09,4.26E-09,9.97E-10,4.00E-10,2.03E-09,9.53E-10,9.68E-10,8.90E-11,4.98E-10,1.76E-10,3.61E-10,1.16E-09,2.58E-10,1.36E-10,4.07E-10,4.55E-10,4.13E-11,5.11E-11,9.87E-11,8.59E-11,1.43E-10,2.54E-10,1.24E-10,1.16E-10,1.04E-10,2.50E-08,1.47E-08,1.85E-08,5.78E-09,2.14E-09,1.28E-09,4.26E-09,9.97E-10,4.00E-10,2.03E-09,9.53E-10,9.68E-10,8.90E-11,4.98E-10,1.76E-10,3.61E-10,1.16E-09,2.58E-10,1.36E-10,4.07E-10,4.55E-10,4.13E-11,5.11E-11,9.87E-11,8.59E-11,1.43E-10,2.54E-10,1.24E-10,1.16E-10,1.04E-10,5.38E-10,1.41E-10,1.47E-10,8.10E-10,1.80E-10,9.06E-10,2.30E-10,1.44E-11,6.36E-10,4.13E-10,1.16E-10,4.02E-11,1.83E-10,3.65E-10,9.91E-11,3.49E-10,1.76E-10,9.82E-11,2.70E-11,9.74E-11,3.38E-10,7.86E-11,5.86E-11,2.64E-11,2.44E-11,2.92E-10,1.59E-11,1.78E-10,2.15E-10,1.79E-11,3.82E-10,4.08E-10,1.98E-10,3.14E-10,5.37E-10,2.55E-10,8.27E-10,2.71E-10,4.68E-10,1.55E-10,5.25E-12,3.56E-10,7.22E-11,1.09E-10,4.52E-10,8.27E-11,4.93E-10,2.35E-10,1.66E-10,4.44E-10,3.14E-10,2.36E-10,2.51E-10,2.32E-10,9.49E-11,3.98E-11,1.65E-10,7.05E-11,1.87E-10,2.94E-10,9.82E-11,1.83E-10,1.45E-10,5.98E-10,3.57E-10,3.63E-10,7.51E-10,4.45E-12,6.11E-11,1.63E-10,5.37E-10,1.70E-10,2.67E-11,1.25E-10,1.70E-10,2.80E-10,5.26E-10,5.83E-11,2.30E-10,6.10E-10,7.42E-10,1.70E-10,1.04E-10,3.18E-10,8.81E-11,1.05E-10,8.08E-10,4.85E-10,1.84E-10,9.19E-10,1.37E-10,5.88E-10,2.07E-10,2.30E-11,3.00E-10,7.99E-11,1.49E-09,3.23E-11,4.26E-10,1.27E-10,1.55E-10,1.04E-10,1.92E-10,3.93E-10,3.34E-10,4.95E-11,3.30E-10,8.73E-11,3.10E-10,3.18E-10,5.92E-11,1.59E-10,7.68E-10,2.03E-10,8.28E-11,1.23E-10,3.40E-10,2.07E-10,3.39E-10,1.78E-11,3.95E-10,8.52E-12,9.72E-11,4.44E-10,9.06E-11,8.30E-11,2.61E-10,3.07E-10,1.32E-10,1.55E-10
91.5,92,A,10,1.71E-08,1.03E-08,7.25E-10,1.18E-09,1.43E-09,1.19E-09,1.14E-09,5.06E-10,1.58E-10,1.79E-11,2.68E-10,3.69E-10,2.33E-10,3.19E-10,2.52E-10,1.24E-10,1.39E-10,3.87E-10,1.75E-10,6.42E-11,2.45E-10,1.04E-10,9.18E-11,9.86E-11,2.20E-10,7.36E-11,2.84E-11,2.53E-10,1.37E-10,1.79E-10,1.71E-08,1.03E-08,7.25E-10,1.18E-09,1.43E-09,1.19E-09,1.14E-09,5.06E-10,1.58E-10,1.79E-11,2.68E-10,3.69E-10,2.33E-10,3.19E-10,2.52E-10,1.24E-10,1.39E-10,3.87E-10,1.75E-10,6.42E-11,2.45E-10,1.04E-10,9.18E-11,9.86E-11,2.20E-10,7.36E-11,2.84E-11,2.53E-10,1.37E-10,1.79E-10,9.31E-11,1.14E-10,4.52E-10,5.48E-11,4.26E-10,1.55E-10,3.06E-10,1.14E-10,2.22E-10,1.21E-10,6.06E-11,3.60E-10,1.81E-10,1.15E-10,1.71E-10,6.92E-11,6.82E-11,4.49E-11,2.46E-11,1.76E-11,3.53E-10,2.64E-10,1.33E-10,5.22E-11,5.70E-11,4.47E-11,7.60E-11,2.16E-10,8.24E-11,1.38E-10,2.92E-10,2.47E-10,3.65E-10,2.51E-12,1.08E-10,9.14E-11,6.40E-11,8.70E-11,3.42E-11,3.54E-11,7.92E-12,5.50E-11,3.91E-11,4.80E-11,1.07E-10,7.37E-11,6.64E-11,4.40E-11,1.35E-10,4.29E-11,7.49E-11,2.23E-10,1.33E-10,1.25E-10,3.70E-11,1.77E-10,2.73E-10,2.98E-11,9.89E-11,8.37E-11,1.46E-11,1.73E-10,2.05E-10,5.82E-11,1.93E-10,6.40E-11,1.02E-10,1.72E-10,1.67E-10,1.15E-10,9.64E-11,2.95E-11,3.65E-11,1.49E-10,1.71E-11,6.52E-11,2.00E-10,6.12E-11,7.70E-11,4.60E-11,6.10E-11,3.95E-11,3.59E-12,2.93E-11,1.12E-10,1.65E-10,1.39E-11,5.42E-11,1.18E-10,1.40E-10,9.14E-11,2.99E-10,8.00E-11,3.23E-10,5.04E-11,1.73E-10,7.94E-11,4.59E-11,2.26E-10,7.31E-11,1.85E-10,8.65E-11,6.55E-12,3.23E-11,1.12E-10,2.31E-11,1.15E-10,4.45E-11,5.95E-11,7.49E-11,1.36E-11,1.88E-10,2.51E-10,1.10E-10,5.10E-11,2.54E-11,1.34E-11,4.08E-11,8.57E-11,6.14E-11,1.31E-12,5.61E-10,1.17E-10,1.35E-11,4.96E-11,3.34E-11,4.29E-11,3.17E-11,3.40E-11,1.32E-10
91.75,92.25,A,10,1.97E-09,7.08E-09,1.75E-09,6.98E-10,4.14E-10,8.21E-10,1.01E-10,4.57E-10,2.71E-10,6.95E-11,5.07E-10,4.66E-10,8.68E-10,2.84E-10,3.42E-10,2.39E-10,3.15E-11,1.23E-10,6.10E-11,3.64E-10,6.74E-11,1.35E-10,2.95E-11,2.73E-11,4.13E-10,6.29E-10,6.59E-11,1.57E-10,2.44E-10,4.34E-10,1.97E-09,7.08E-09,1.75E-09,6.98E-10,4.14E-10,8.21E-10,1.01E-10,4.57E-10,2.71E-10,6.95E-11,5.07E-10,4.66E-10,8.68E-10,2.84E-10,3.42E-10,2.39E-10,3.15E-11,1.23E-10,6.10E-11,3.64E-10,6.74E-11,1.35E-10,2.95E-11,2.73E-11,4.13E-10,6.29E-10,6.59E-11,1.57E-10,2.44E-10,4.34E-10,3.29E-11,4.53E-11,1.44E-10,5.82E-10,1.56E-10,1.98E-10,3.12E-10,8.38E-11,2.01E-10,1.40E-10,1.33E-10,3.82E-11,6.72E-11,9.67E-12,4.84E-11,1.64E-10,2.92E-10,2.08E-10,4.81E-11,4.67E-11,7.21E-12,1.68E-11,1.97E-11,1.15E-10,1.53E-10,1.41E-10,4.39E-11,8.97E-11,1.21E-10,3.36E-11,1.78E-10,2.73E-10,9.06E-11,5.64E-11,1.63E-11,2.80E-10,2.97E-10,2.74E-11,1.56E-11,5.29E-11,1.79E-10,1.14E-10,6.42E-11,2.37E-10,8.52E-11,2.34E-10,1.94E-10,2.19E-11,2.92E-10,1.25E-10,2.41E-11,4.86E-11,1.18E-10,2.19E-10,2.90E-10,3.65E-10,4.72E-10,4.87E-11,3.62E-11,1.51E-10,7.53E-11,9.33E-11,7.34E-11,8.47E-11,2.03E-10,3.72E-11,1.91E-11,8.95E-11,3.03E-11,2.21E-11,2.84E-11,6.24E-11,1.35E-10,1.34E-10,2.14E-10,1.22E-10,8.37E-11,5.20E-11,1.69E-10,1.17E-10,1.23E-10,8.11E-11,2.90E-10,4.33E-11,1.83E-11,2.34E-10,3.26E-11,4.38E-11,1.69E-10,7.42E-11,5.20E-11,1.27E-10,6.11E-11,8.33E-10,4.51E-10,4.10E-10,1.02E-09,1.73E-10,7.81E-11,9.29E-11,7.19E-11,3.55E-11,1.32E-10,6.74E-11,1.63E-10,1.05E-10,6.58E-11,7.10E-11,3.06E-11,4.81E-11,4.68E-11,3.24E-10,2.45E-10,4.91E-11,1.03E-10,3.78E-10,3.94E-11,6.70E-11,6.77E-11,4.87E-10,1.27E-10,1.17E-10,4.57E-10,2.88E-10,5.47E-11,5.44E-11,2.75E-11,4.83E-12,1.09E-10,6.99E-11
92,92.5,A,10,2.82E-09,1.23E-08,5.77E-10,2.69E-10,3.39E-10,1.49E-09,4.18E-10,5.20E-10,6.14E-10,9.42E-11,1.12E-10,6.80E-10,3.57E-10,8.20E-11,2.18E-10,2.97E-10,2.04E-10,2.14E-09,1.03E-09,7.19E-10,4.11E-10,7.83E-10,4.52E-10,6.65E-10,5.29E-10,5.71E-10,1.41E-10,1.95E-10,4.16E-10,2.74E-10,2.82E-09,1.23E-08,5.77E-10,2.69E-10,3.39E-10,1.49E-09,4.18E-10,5.20E-10,6.14E-10,9.42E-11,1.12E-10,6.80E-10,3.57E-10,8.20E-11,2.18E-10,2.97E-10,2.04E-10,2.14E-09,1.03E-09,7.19E-10,4.11E-10,7.83E-10,4.52E-10,6.65E-10,5.29E-10,5.71E-10,1.41E-10,1.95E-10,4.16E-10,2.74E-10,3.53E-10,3.41E-10,9.68E-11,2.66E-10,1.09E-10,2.92E-10,2.49E-10,7.06E-11,1.12E-09,1.68E-10,1.18E-10,1.33E-10,2.78E-10,1.53E-10,1.57E-10,4.18E-10,1.13E-10,3.24E-10,4.37E-11,1.85E-10,3.49E-10,4.26E-11,5.26E-11,2.86E-10,5.23E-11,6.25E-11,4.34E-10,4.00E-11,2.49E-10,2.28E-11,3.88E-10,2.03E-10,2.66E-11,6.82E-11,5.13E-11,3.58E-10,1.66E-10,2.74E-10,1.00E-10,1.58E-10,4.64E-11,3.12E-10,2.70E-10,3.01E-11,1.76E-10,1.98E-10,3.01E-10,3.08E-10,1.43E-10,5.84E-11,6.30E-11,9.35E-11,1.12E-10,4.06E-10,1.74E-11,7.29E-11,7.10E-11,1.63E-10,7.14E-10,5.01E-10,9.55E-12,3.22E-10,2.98E-10,1.07E-10,2.05E-10,7.73E-10,5.83E-11,1.30E-10,2.24E-10,2.05E-10,2.53E-11,5.82E-11,4.38E-10,2.51E-10,6.35E-11,2.90E-10,2.42E-10,1.87E-10,1.24E-10,3.18E-11,2.90E-11,4.56E-10,4.99E-11,1.86E-10,5.87E-11,3.69E-10,3.03E-11,6.46E-11,1.64E-11,7.94E-11,9.33E-11,1.34E-10,5.04E-11,2.23E-10,3.80E-11,6.59E-11,2.55E-10,5.74E-10,3.83E-10,5.11E-12,5.27E-10,1.35E-10,3.72E-11,8.63E-11,1.78E-10,1.18E-10,8.64E-10,3.55E-12,3.03E-11,1.23E-10,2.25E-10,2.69E-11,1.41E-10,5.53E-11,3.00E-10,1.01E-10,1.23E-11,9.51E-11,2.07E-10,3.25E-10,1.99E-10,8.28E-11,8.92E-11,5.19E-10,5.29E-11,7.03E-11,4.74E-11,1.90E-10,3.94E-10,3.69E-10
92.25,92.75,A,10,6.29E-09,4.71E-09,8.25E-10,3.27E-09,2.08E-10,3.03E-09,5.37E-10,1.51E-10,4.30E-11,3.44E-10,3.56E-10,3.85E-10,1.92E-10,6.24E-11,1.88E-10,3.29E-11,1.13E-10,2.44E-10,4.09E-11,5.30E-10,2.48E-10,4.82E-10,3.23E-10,6.02E-11,4.23E-10,6.29E-10,1.82E-10,8.77E-10,9.31E-10,4.91E-10,6.29E-09,4.71E-09,8.25E-10,3.27E-09,2.08E-10,3.03E-09,5.37E-10,1.51E-10,4.30E-11,3.44E-10,3.56E-10,3.85E-10,1.92E-10,6.24E-11,1.88E-10,3.29E-11,1.13E-10,2.44E-10,4.09E-11,5.30E-10,2.48E-10,4.82E-10,3.23E-10,6.02E-11,4.23E-10,6.29E-10,1.82E-10,8.77E-10,9.31E-10,4.91E-10,1.11E-09,1.51E-09,7.94E-10,7.33E-10,3.25E-10,1.92E-10,8.13E-12,1.14E-10,1.72E-10,4.38E-10,2.73E-10,7.67E-12,7.35E-11,3.82E-11,7.30E-10,2.18E-10,3.88E-10,5.77E-11,2.94E-10,4.54E-11,1.19E-10,2.49E-10,8.69E-12,2.90E-10,2.02E-11,1.75E-10,3.49E-10,9.67E-11,3.37E-10,3.62E-10,2.90E-10,6.96E-10,1.31E-10,5.67E-10,2.14E-10,5.43E-11,2.17E-10,3.79E-10,2.57E-10,4.50E-10,5.23E-11,8.97E-11,2.01E-10,3.37E-10,7.22E-11,2.26E-10,2.48E-11,1.28E-10,1.28E-10,4.52E-11,1.80E-10,9.06E-11,7.38E-10,5.23E-10,4.29E-10,4.71E-10,1.80E-10,4.02E-10,2.67E-10,1.02E-10,2.87E-10,5.04E-11,1.56E-10,1.42E-10,6.69E-11,3.13E-11,1.71E-10,1.68E-10,1.60E-10,1.81E-10,5.79E-10,4.46E-10,7.72E-11,7.21E-11,5.11E-11,1.96E-10,2.06E-10,4.98E-12,1.77E-10,2.67E-10,7.51E-12,2.53E-10,1.07E-10,3.32E-10,1.03E-10,3.06E-10,2.26E-10,5.29E-11,3.11E-11,4.89E-10,6.04E-11,1.34E-10,1.17E-10,5.02E-11,1.09E-10,2.40E-10,3.46E-11,2.08E-10,3.47E-10,1.11E-10,6.79E-11,3.62E-10,1.66E-11,2.89E-11,1.72E-10,3.60E-10,1.26E-10,3.53E-10,1.00E-10,2.26E-10,2.34E-11,7.17E-11,4.91E-11,1.70E-11,1.35E-10,2.75E-11,1.57E-10,7.70E-10,5.94E-10,1.15E-10,8.11E-11,4.34E-11,5.86E-12,3.69E-10,4.03E-11,1.61E-10,1.71E-10,3.46E-10,6.77E-11,9.14E-11
92.5,93,A,10,5.71E-09,1.10E-08,2.61E-09,3.32E-11,4.07E-09,4.34E-10,1.07E-09,5.29E-10,1.48E-09,8.46E-10,4.43E-10,3.70E-10,5.70E-10,2.14E-10,2.21E-10,6.10E-10,4.31E-10,4.65E-10,3.45E-10,4.95E-10,1.71E-11,2.59E-10,2.06E-10,1.59E-10,3.55E-10,6.19E-11,4.58E-10,7.88E-10,6.45E-11,2.27E-11,5.71E-09,1.10E-08,2.61E-09,3.32E-11,4.07E-09,4.34E-10,1.07E-09,5.29E-10,1.48E-09,8.46E-10,4.43E-10,3.70E-10,5.70E-10,2.14E-10,2.21E-10,6.10E-10,4.31E-10,4.65E-10,3.45E-10,4.95E-10,1.71E-11,2.59E-10,2.06E-10,1.59E-10,3.55E-10,6.19E-11,4.58E-10,7.88E-10,6.45E-11,2.27E-11,7.84E-11,1.15E-10,2.63E-10,3.64E-10,1.48E-10,5.80E-10,4.06E-10,3.44E-10,1.21E-10,9.92E-10,6.71E-11,1.55E-10,5.80E-10,1.70E-10,1.38E-10,2.00E-10,9.32E-11,3.37E-11,1.08E-10,6.79E-10,5.77E-10,9.55E-11,1.28E-11,1.18E-10,1.98E-10,1.38E-10,5.26E-10,5.13E-11,6.75E-11,5.93E-11,8.33E-11,4.57E-10,1.37E-10,2.62E-11,1.22E-10,4.25E-11,2.87E-10,6.53E-10,5.78E-10,3.93E-11,1.12E-10,5.32E-11,1.23E-09,2.23E-10,1.55E-10,2.36E-10,3.62E-10,8.71E-11,7.69E-10,3.74E-10,1.93E-10,6.79E-11,3.16E-10,4.59E-11,1.02E-09,2.48E-11,2.51E-11,5.11E-10,1.19E-10,2.92E-10,2.67E-10,4.74E-10,3.14E-11,7.99E-10,3.77E-11,2.42E-10,1.87E-11,2.85E-10,5.70E-10,9.10E-11,2.98E-10,3.33E-10,2.93E-10,5.83E-11,6.74E-11,1.33E-10,1.78E-10,1.09E-10,3.55E-10,5.12E-11,1.86E-10,4.09E-10,9.55E-11,1.82E-11,2.25E-10,2.77E-10,1.85E-10,5.41E-11,1.36E-10,1.19E-10,2.86E-10,1.44E-10,1.02E-10,1.76E-11,2.92E-10,3.24E-11,1.11E-10,4.01E-10,1.84E-10,1.99E-11,4.29E-10,1.71E-11,3.21E-11,6.04E-10,9.44E-11,1.80E-10,2.81E-11,1.76E-10,8.33E-11,1.67E-10,2.82E-10,7.01E-12,1.87E-10,8.51E-11,3.11E-11,2.38E-10,9.91E-12,7.40E-11,6.86E-11,2.29E-10,2.32E-10,1.00E-10,2.35E-10,1.30E-10,1.33E-10,2.24E-11,6.24E-10,2.27E-10,2.30E-10,6.45E-11
92.75,93.25,A,10,8.80E-10,5.34E-09,1.68E-09,1.23E-09,3.83E-10,2.26E-09,8.21E-10,1.89E-11,3.87E-11,1.91E-10,8.25E-10,1.14E-09,2.20E-10,9.06E-10,3.94E-11,2.77E-10,3.84E-10,3.44E-11,1.81E-10,3.73E-10,4.29E-11,9.99E-11,7.71E-11,3.83E-11,2.96E-10,1.45E-11,6.26E-11,3.43E-10,1.15E-10,1.76E-10,8.80E-10,5.34E-09,1.68E-09,1.23E-09,3.83E-10,2.26E-09,8.21E-10,1.89E-11,3.87E-11,1.91E-10,8.25E-10,1.14E-09,2.20E-10,9.06E-10,3.94E-11,2.77E-10,3.84E-10,3.44E-11,1.81E-10,3.73E-10,4.29E-11,9.99E-11,7.71E-11,3.83E-11,2.96E-10,1.45E-11,6.26E-11,3.43E-10,1.15E-10,1.76E-10,4.65E-11,1.00E-09,5.78E-10,4.49E-11,7.41E-10,3.91E-10,2.04E-10,1.36E-10,4.82E-11,2.38E-10,9.13E-11,2.51E-10,2.59E-10,4.27E-10,2.44E-10,8.90E-10,3.41E-10,4.52E-11,4.92E-10,8.91E-11,4.36E-11,9.47E-11,1.30E-10,1.54E-10,4.29E-11,2.29E-11,1.95E-10,4.19E-10,4.79E-11,3.13E-10,4.63E-11,2.08E-10,1.01E-10,6.87E-11,7.53E-11,1.30E-10,8.50E-11,2.48E-11,3.16E-10,1.96E-10,1.45E-11,3.57E-11,3.33E-10,1.26E-10,4.21E-10,2.45E-10,1.09E-10,4.39E-11,1.03E-10,1.10E-10,3.39E-11,1.12E-10,1.60E-10,6.29E-11,1.94E-10,2.05E-10,3.28E-10,6.37E-11,2.74E-10,1.51E-10,9.56E-11,1.14E-10,9.07E-11,7.31E-11,7.81E-11,1.69E-11,6.47E-11,3.38E-11,4.06E-10,2.37E-10,3.35E-11,3.89E-10,9.48E-11,1.15E-10,1.82E-10,2.80E-11,7.36E-11,1.24E-10,1.05E-10,2.36E-10,4.27E-10,2.08E-10,3.17E-10,3.36E-10,2.30E-11,8.93E-11,3.74E-10,2.71E-11,4.24E-10,5.20E-11,6.30E-11,1.90E-10,8.04E-11,8.17E-11,3.16E-10,1.15E-10,3.12E-10,5.44E-10,4.10E-10,3.80E-10,1.18E-10,5.30E-11,3.37E-10,1.22E-11,6.39E-12,1.72E-11,2.14E-10,2.13E-11,1.45E-10,3.84E-11,5.24E-11,1.19E-10,2.08E-10,1.04E-10,1.02E-10,5.06E-11,2.06E-10,8.08E-11,5.67E-11,1.61E-10,2.20E-10,2.06E-11,1.44E-10,7.62E-11,8.50E-11,2.94E-11,4.32E-10,9.59E-11,3.88E-11,1.74E-12
93,93.5,A,10,1.08E-08,6.85E-09,1.36E-09,2.08E-09,2.36E-09,1.45E-09,1.86E-09,2.01E-10,5.92E-10,6.91E-10,2.80E-10,7.57E-10,4.64E-10,3.15E-10,5.83E-10,2.58E-10,6.87E-11,1.13E-10,3.09E-10,3.76E-10,2.05E-10,5.22E-10,1.43E-10,2.33E-10,7.35E-10,1.73E-10,5.88E-11,8.58E-10,9.53E-11,3.15E-10,1.08E-08,6.85E-09,1.36E-09,2.08E-09,2.36E-09,1.45E-09,1.86E-09,2.01E-10,5.92E-10,6.91E-10,2.80E-10,7.57E-10,4.64E-10,3.15E-10,5.83E-10,2.58E-10,6.87E-11,1.13E-10,3.09E-10,3.76E-10,2.05E-10,5.22E-10,1.43E-10,2.33E-10,7.35E-10,1.73E-10,5.88E-11,8.58E-10,9.53E-11,3.15E-10,3.76E-11,4.33E-10,3.39E-10,4.47E-10,3.70E-11,1.14E-09,3.40E-10,1.83E-10,1.41E-10,2.68E-10,2.20E-10,5.65E-10,4.55E-10,3.48E-10,4.02E-10,8.46E-10,2.08E-10,1.66E-10,1.38E-10,1.63E-10,1.58E-10,2.01E-10,6.63E-10,4.28E-10,1.74E-10,2.81E-10,1.91E-11,2.74E-11,5.27E-10,9.72E-11,2.49E-10,8.70E-11,2.31E-10,2.62E-11,1.22E-10,7.96E-11,9.37E-11,3.22E-10,8.41E-11,1.36E-10,4.33E-10,3.86E-11,1.25E-09,2.06E-10,1.38E-10,1.89E-11,3.26E-10,7.21E-11,2.10E-10,3.03E-10,1.19E-10,1.51E-12,4.03E-10,7.96E-11,1.10E-09,5.67E-11,2.49E-11,2.38E-10,8.75E-11,1.14E-10,2.39E-10,7.90E-11,1.47E-10,2.68E-10,9.06E-10,2.22E-10,5.70E-11,6.75E-11,2.05E-10,5.06E-11,1.51E-10,3.23E-10,2.01E-10,2.71E-10,1.76E-10,2.92E-10,1.47E-11,1.91E-10,1.20E-10,5.45E-10,1.83E-11,1.52E-10,2.33E-11,1.82E-10,1.94E-10,1.81E-10,6.32E-11,8.93E-12,1.24E-10,6.70E-11,8.88E-11,7.97E-11,2.10E-10,6.14E-10,1.66E-10,3.29E-11,6.55E-11,4.04E-10,2.08E-11,7.98E-11,1.11E-11,4.06E-10,7.59E-11,1.22E-11,2.44E-10,1.17E-10,1.60E-10,9.16E-11,5.69E-10,1.32E-10,2.65E-10,3.04E-10,1.10E-10,2.44E-10,1.52E-10,1.19E-11,1.14E-10,1.62E-10,3.43E-11,4.96E-11,4.00E-10,3.58E-11,1.07E-10,2.22E-10,1.34E-10,2.82E-12,3.05E-10,1.85E-10,1.71E-11,5.80E-11
93.25,93.75,A,10,1.44E-08,2.25E-08,3.54E-09,2.21E-09,5.60E-09,7.30E-11,8.20E-10,2.59E-09,8.54E-10,7.02E-10,2.47E-10,1.15E-10,9.42E-11,4.08E-10,7.65E-11,7.37E-11,2.36E-10,2.07E-10,3.79E-10,7.91E-10,1.56E-10,1.82E-10,6.99E-11,3.86E-10,1.59E-10,3.25E-10,5.98E-10,3.90E-11,1.51E-10,4.52E-10,1.44E-08,2.25E-08,3.54E-09,2.21E-09,5.60E-09,7.30E-11,8.20E-10,2.59E-09,8.54E-10,7.02E-10,2.47E-10,1.15E-10,9.42E-11,4.08E-10,7.65E-11,7.37E-11,2.36E-10,2.07E-10,3.79E-10,7.91E-10,1.56E-10,1.82E-10,6.99E-11,3.86E-10,1.59E-10,3.25E-10,5.98E-10,3.90E-11,1.51E-10,4.52E-10,2.12E-10,2.58E-10,3.47E-10,5.40E-10,1.64E-10,7.87E-10,2.01E-10,4.24E-10,3.25E-10,7.86E-11,1.67E-10,1.62E-10,3.27E-10,1.83E-10,8.46E-10,5.52E-10,1.79E-10,3.11E-10,1.01E-10,4.28E-10,3.43E-11,1.25E-10,4.85E-10,2.70E-10,3.90E-10,7.36E-10,1.20E-10,2.04E-10,3.38E-10,1.77E-10,1.26E-10,8.05E-11,1.63E-10,1.24E-10,1.32E-10,7.13E-11,5.17E-11,1.13E-10,6.61E-11,1.88E-10,1.77E-10,3.24E-11,7.19E-11,1.34E-11,2.73E-10,1.38E-10,9.98E-11,2.81E-10,9.71E-11,6.22E-10,2.13E-10,4.62E-10,4.85E-11,4.03E-11,2.52E-10,1.73E-10,2.44E-11,1.11E-10,1.76E-11,1.34E-10,1.16E-10,4.04E-11,5.39E-11,1.36E-10,2.24E-10,2.04E-10,8.65E-11,2.81E-10,2.66E-11,3.52E-11,1.99E-10,7.51E-11,6.71E-10,3.07E-10,5.37E-10,6.07E-11,8.48E-11,2.40E-10,2.46E-10,6.33E-10,2.59E-10,1.18E-10,5.21E-11,4.38E-10,1.47E-10,4.37E-10,3.05E-10,4.32E-10,3.10E-10,2.14E-10,8.56E-11,9.72E-11,2.66E-11,4.23E-10,1.04E-10,5.16E-11,2.70E-10,4.16E-10,6.99E-10,2.29E-10,7.39E-10,3.75E-10,2.76E-10,1.58E-10,1.44E-10,1.96E-10,1.21E-10,2.04E-11,1.97E-10,1.24E-10,2.50E-10,2.58E-11,1.05E-10,3.54E-10,6.34E-10,1.35E-10,1.34E-11,3.13E-10,1.76E-10,1.75E-10,8.69E-10,5.98E-10,1.19E-10,2.25E-10,6.17E-11,7.21E-11,2.58E-10,2.21E-10,1.41E-10,4.71E-11
93.5,94,A,10,5.44E-09,5.50E-09,1.91E-10,3.70E-10,2.55E-10,1.10E-09,2.99E-10,1.47E-09,6.69E-10,3.81E-10,6.49E-10,1.56E-09,1.46E-10,2.24E-10,2.02E-10,2.49E-10,1.82E-10,1.48E-10,2.64E-10,1.03E-10,6.58E-11,1.55E-10,2.05E-10,1.27E-10,3.52E-11,1.78E-10,1.36E-10,3.86E-10,3.81E-10,8.34E-10,5.44E-09,5.50E-09,1.91E-10,3.70E-10,2.55E-10,1.10E-09,2.99E-10,1.47E-09,6.69E-10,3.81E-10,6.49E-10,1.56E-09,1.46E-10,2.24E-10,2.02E-10,2.49E-10,1.82E-10,1.48E-10,2.64E-10,1.03E-10,6.58E-11,1.55E-10,2.05E-10,1.27E-10,3.52E-11,1.78E-10,1.36E-10,3.86E-10,3.81E-10,8.34E-10,8.45E-11,5.50E-10,2.60E-10,4.50E-10,1.15E-10,2.53E-10,6.29E-11,4.42E-10,1.32E-10,1.07E-10,4.84E-11,3.60E-10,3.01E-10,3.99E-11,8.15E-11,2.20E-10,8.16E-10,2.05E-10,1.17E-10,2.04E-10,5.39E-10,1.48E-10,1.03E-10,1.22E-10,2.67E-10,8.08E-11,9.25E-11,1.63E-10,4.52E-11,1.09E-10,5.21E-11,1.02E-10,5.49E-11,5.84E-12,6.92E-11,2.34E-10,2.58E-10,5.81E-11,2.45E-11,1.52E-10,1.13E-10,9.34E-10,6.14E-10,4.96E-10,8.51E-11,3.55E-10,9.56E-11,2.29E-10,2.40E-10,3.47E-11,2.52E-10,1.41E-10,4.14E-11,6.63E-11,2.54E-10,1.84E-10,1.37E-11,3.97E-11,4.92E-11,5.65E-11,9.90E-11,2.68E-10,6.74E-11,4.88E-11,2.90E-11,4.42E-11,8.90E-11,9.31E-11,1.04E-10,7.34E-11,1.18E-10,1.42E-11,7.15E-11,2.25E-10,2.12E-11,5.56E-11,4.12E-11,1.29E-10,1.74E-10,7.86E-11,1.19E-10,8.23E-11,5.94E-11,1.28E-10,4.35E-11,2.36E-10,2.63E-10,4.53E-10,3.40E-11,3.31E-11,1.11E-10,4.47E-11,4.24E-10,2.43E-10,5.23E-11,2.32E-10,6.77E-11,2.69E-10,7.08E-11,3.38E-11,1.83E-11,1.25E-11,1.07E-10,1.41E-10,1.47E-10,1.13E-10,1.77E-10,1.20E-10,4.08E-11,5.66E-11,5.54E-11,1.72E-10,3.74E-11,1.65E-10,5.28E-11,5.77E-11,7.30E-11,6.11E-11,2.50E-11,1.41E-10,1.75E-10,8.37E-11,1.11E-10,9.11E-11,3.82E-10,5.83E-11,9.01E-11,7.60E-11,6.14E-11,3.51E-11
93.75,94.25,A,10,1.45E-09,9.08E-10,1.10E-10,1.45E-09,2.10E-09,6.92E-10,1.37E-10,2.61E-10,4.70E-10,6.93E-10,3.08E-10,5.60E-11,5.38E-10,4.90E-10,5.90E-11,2.32E-10,3.17E-10,9.39E-11,5.48E-11,3.52E-10,3.72E-10,2.23E-10,4.01E-10,2.12E-11,8.10E-11,1.99E-10,1.31E-10,9.48E-12,2.98E-10,8.45E-11,1.45E-09,9.08E-10,1.10E-10,1.45E-09,2.10E-09,6.92E-10,1.37E-10,2.61E-10,4.70E-10,6.93E-10,3.08E-10,5.60E-11,5.38E-10,4.90E-10,5.90E-11,2.32E-10,3.17E-10,9.39E-11,5.48E-11,3.52E-10,3.72E-10,2.23E-10,4.01E-10,2.12E-11,8.10E-11,1.99E-10,1.31E-10,9.48E-12,2.98E-10,8.45E-11,7.64E-11,4.65E-10,3.98E-11,2.13E-10,6.69E-11,5.45E-11,2.93E-10,7.48E-11,3.78E-10,2.11E-10,1.18E-10,1.29E-10,4.49E-11,2.08E-11,9.25E-11,1.63E-10,1.98E-11,5.80E-11,5.20E-11,3.99E-10,1.73E-10,1.51E-10,5.63E-11,1.46E-10,8.96E-11,3.32E-11,2.20E-10,1.97E-11,2.21E-11,8.90E-11,3.55E-11,8.41E-11,2.80E-10,1.60E-10,8.16E-11,4.62E-11,1.59E-11,5.10E-11,3.39E-11,3.68E-10,2.99E-11,9.29E-11,4.07E-11,2.08E-11,1.98E-11,1.77E-10,3.83E-11,5.14E-11,1.61E-10,7.86E-11,1.11E-10,9.04E-11,2.50E-11,1.53E-11,2.37E-11,3.08E-10,2.00E-10,1.31E-10,5.21E-11,1.54E-10,1.70E-10,6.90E-11,1.39E-10,1.11E-10,5.05E-11,1.01E-10,6.38E-11,1.33E-10,1.59E-10,1.22E-10,1.14E-10,1.37E-10,3.97E-11,6.73E-11,5.25E-11,2.06E-11,2.07E-11,1.42E-10,5.47E-11,1.70E-10,3.13E-10,1.55E-11,1.43E-10,3.74E-11,3.00E-11,1.59E-10,1.68E-11,1.31E-10,1.46E-10,9.42E-12,2.42E-10,1.22E-10,6.43E-11,2.24E-10,1.39E-10,4.51E-10,2.62E-11,1.14E-10,3.54E-10,2.83E-10,1.42E-10,2.84E-10,5.33E-11,1.70E-10,4.47E-10,1.09E-10,6.81E-11,1.36E-11,3.11E-11,3.24E-10,7.59E-11,1.89E-10,1.61E-10,6.08E-11,1.78E-10,5.68E-11,7.23E-11,1.51E-10,3.19E-11,7.27E-11,5.17E-11,6.02E-11,4.31E-11,3.37E-11,2.67E-11,1.66E-10,2.54E-10,2.66E-10,3.63E-11,2.86E-11
94,94.5,A,10,2.13E-09,1.64E-09,2.78E-09,2.46E-09,3.05E-10,9.30E-10,5.46E-10,6.17E-10,6.03E-11,5.53E-11,2.77E-10,2.55E-10,4.16E-11,1.67E-10,1.62E-11,2.20E-10,3.65E-10,2.64E-10,9.58E-11,3.57E-10,3.40E-11,2.71E-11,1.94E-10,5.40E-12,1.90E-10,6.34E-10,3.82E-11,5.04E-11,1.63E-10,2.28E-10,2.13E-09,1.64E-09,2.78E-09,2.46E-09,3.05E-10,9.30E-10,5.46E-10,6.17E-10,6.03E-11,5.53E-11,2.77E-10,2.55E-10,4.16E-11,1.67E-10,1.62E-11,2.20E-10,3.65E-10,2.64E-10,9.58E-11,3.57E-10,3.40E-11,2.71E-11,1.94E-10,5.40E-12,1.90E-10,6.34E-10,3.82E-11,5.04E-11,1.63E-10,2.28E-10,9.09E-11,3.19E-11,8.36E-11,4.26E-11,9.08E-11,1.45E-10,5.59E-11,4.29E-11,2.35E-11,1.10E-10,6.25E-11,2.91E-10,1.37E-10,5.06E-11,2.25E-10,9.32E-11,1.01E-10,3.90E-11,1.05E-10,1.33E-10,1.70E-10,3.02E-10,6.53E-11,2.32E-10,4.76E-11,8.10E-11,8.47E-11,4.46E-11,7.97E-11,2.33E-11,8.45E-11,4.02E-10,1.49E-10,7.77E-11,5.51E-10,1.69E-10,3.29E-11,1.10E-10,1.39E-10,1.03E-10,5.27E-11,1.74E-10,1.08E-10,7.55E-11,6.34E-11,1.27E-10,3.50E-11,4.94E-11,6.53E-11,3.55E-11,1.36E-10,7.06E-11,2.45E-11,1.17E-10,3.08E-10,1.35E-10,2.78E-12,1.10E-10,1.68E-10,4.33E-11,3.09E-11,1.57E-10,1.36E-10,6.07E-11,2.03E-11,8.40E-11,1.61E-11,2.20E-10,2.11E-10,6.20E-11,1.62E-11,4.71E-11,1.22E-10,1.28E-10,5.39E-11,1.44E-10,2.62E-11,1.40E-10,3.71E-11,1.13E-10,9.70E-11,2.19E-11,5.45E-12,5.26E-11,1.39E-11,6.70E-11,7.45E-11,1.69E-10,6.31E-11,4.28E-10,2.71E-10,4.94E-11,5.31E-11,5.36E-11,1.24E-10,1.90E-10,1.36E-10,2.57E-10,1.47E-10,1.35E-10,8.24E-11,5.21E-11,2.14E-10,2.59E-10,8.40E-11,5.59E-11,4.71E-10,5.41E-10,3.31E-11,5.75E-12,7.73E-11,3.74E-10,8.18E-11,1.27E-10,9.52E-11,1.03E-10,1.43E-10,6.88E-10,4.61E-10,1.11E-10,4.03E-11,8.93E-11,7.64E-11,3.80E-11,9.68E-11,2.91E-10,5.77E-11,1.41E-10,4.58E-11,5.95E-11
94.25,94.75,A,10,3.86E-08,4.23E-08,6.94E-09,2.02E-09,2.45E-09,1.78E-09,3.04E-09,1.34E-09,2.23E-10,4.37E-10,3.73E-10,2.92E-10,2.80E-10,4.01E-10,7.25E-11,2.30E-10,4.52E-10,1.45E-10,3.56E-10,4.32E-10,3.13E-10,8.50E-11,8.68E-10,2.72E-10,1.74E-10,4.66E-11,3.98E-11,5.20E-10,7.61E-11,3.38E-10,3.86E-08,4.23E-08,6.94E-09,2.02E-09,2.45E-09,1.78E-09,3.04E-09,1.34E-09,2.23E-10,4.37E-10,3.73E-10,2.92E-10,2.80E-10,4.01E-10,7.25E-11,2.30E-10,4.52E-10,1.45E-10,3.56E-10,4.32E-10,3.13E-10,8.50E-11,8.68E-10,2.72E-10,1.74E-10,4.66E-11,3.98E-11,5.20E-10,7.61E-11,3.38E-10,5.48E-11,1.62E-10,1.88E-10,7.17E-11,1.11E-10,2.13E-10,4.29E-10,2.11E-10,3.90E-11,2.24E-10,2.87E-11,5.97E-11,1.43E-10,4.60E-10,1.09E-10,4.16E-10,3.42E-10,9.71E-11,1.24E-10,5.05E-10,7.47E-11,5.35E-11,2.84E-10,3.02E-10,7.40E-11,2.61E-10,4.76E-10,1.31E-10,2.35E-10,4.01E-10,3.43E-10,5.12E-11,2.41E-11,1.22E-10,1.02E-10,2.44E-10,1.80E-10,9.29E-11,2.48E-10,3.67E-10,3.17E-10,8.80E-11,9.15E-11,3.86E-10,4.79E-10,9.89E-11,2.50E-10,3.96E-10,3.21E-10,2.26E-10,2.40E-10,3.44E-10,2.14E-10,7.43E-10,3.04E-10,9.80E-11,9.90E-11,1.85E-10,5.45E-11,1.93E-10,7.88E-11,7.19E-11,3.54E-11,1.83E-10,7.71E-11,3.85E-10,3.74E-10,6.50E-10,2.70E-10,3.44E-11,1.74E-10,1.21E-10,8.25E-11,7.38E-11,2.28E-10,2.43E-10,9.09E-11,3.98E-10,3.64E-10,2.66E-10,4.17E-10,6.92E-11,1.30E-10,1.38E-10,4.07E-10,7.57E-11,2.08E-10,2.28E-10,6.75E-11,2.16E-10,1.60E-10,7.17E-11,2.65E-10,5.94E-11,1.92E-11,1.71E-11,2.77E-11,1.01E-10,1.14E-10,9.76E-11,1.84E-10,1.21E-10,1.27E-10,2.62E-10,7.84E-11,4.62E-11,4.09E-10,1.46E-10,9.12E-11,3.18E-10,2.45E-10,2.37E-10,6.42E-11,2.53E-10,5.65E-10,6.40E-10,3.56E-10,2.70E-10,2.88E-10,8.06E-11,9.90E-11,8.05E-11,5.97E-11,1.46E-10,1.03E-10,9.11E-11,9.06E-11,1.09E-10,6.90E-10,5.13E-10
94.5,95,A,10,3.58E-09,4.53E-08,2.81E-09,4.65E-10,1.01E-09,4.28E-09,2.99E-09,1.40E-09,1.08E-09,8.44E-10,2.39E-10,6.59E-10,3.82E-10,7.64E-10,3.47E-11,5.82E-10,6.79E-10,6.70E-11,3.39E-10,4.09E-10,3.65E-10,3.87E-10,8.75E-10,7.23E-10,2.39E-10,2.92E-10,1.09E-09,2.06E-10,8.77E-10,1.36E-09,3.58E-09,4.53E-08,2.81E-09,4.65E-10,1.01E-09,4.28E-09,2.99E-09,1.40E-09,1.08E-09,8.44E-10,2.39E-10,6.59E-10,3.82E-10,7.64E-10,3.47E-11,5.82E-10,6.79E-10,6.70E-11,3.39E-10,4.09E-10,3.65E-10,3.87E-10,8.75E-10,7.23E-10,2.39E-10,2.92E-10,1.09E-09,2.06E-10,8.77E-10,1.36E-09,1.43E-09,5.10E-10,5.37E-10,1.14E-10,1.58E-10,3.38E-10,1.96E-10,7.38E-12,6.24E-10,2.59E-10,4.65E-10,2.84E-10,2.25E-10,4.22E-10,3.08E-10,1.17E-10,5.19E-10,1.15E-10,7.61E-10,4.34E-10,8.32E-11,9.69E-10,7.05E-10,6.16E-10,4.17E-10,1.22E-09,1.81E-10,2.80E-10,2.87E-10,3.62E-12,4.28E-10,5.89E-10,1.08E-10,6.21E-11,4.86E-10,1.48E-10,2.46E-10,1.51E-10,5.52E-10,2.14E-10,4.56E-10,8.56E-10,2.76E-10,2.55E-10,1.42E-10,1.56E-10,2.44E-10,9.23E-11,4.15E-10,3.69E-10,2.23E-10,2.26E-10,2.01E-09,6.83E-10,1.00E-09,6.61E-10,4.95E-10,3.33E-10,5.84E-10,3.95E-10,4.41E-11,8.82E-11,1.22E-10,3.06E-10,2.28E-10,2.69E-10,4.88E-10,4.09E-11,2.01E-10,1.56E-10,3.54E-11,2.92E-10,7.65E-11,5.63E-10,2.67E-10,1.71E-10,6.03E-10,4.84E-10,1.98E-10,1.87E-10,6.26E-10,4.70E-10,2.49E-10,4.91E-10,2.98E-10,3.39E-10,1.43E-10,6.11E-10,2.38E-10,1.19E-10,4.37E-10,2.65E-10,2.42E-10,7.29E-10,1.85E-10,1.86E-10,1.58E-10,8.71E-11,5.78E-10,7.83E-10,9.57E-11,2.41E-10,1.53E-10,2.83E-10,5.00E-10,1.57E-10,7.88E-11,1.47E-10,6.27E-11,3.50E-10,4.06E-11,3.41E-10,3.02E-10,5.03E-10,3.65E-10,4.48E-11,1.93E-10,7.68E-11,8.37E-11,4.65E-10,1.47E-10,9.33E-10,1.46E-10,1.41E-10,1.23E-09,3.73E-10,7.64E-11,1.38E-10,3.01E-10,2.73E-11
94.75,95.25,A,10,9.99E-08,5.39E-08,7.64E-09,4.41E-09,2.02E-09,1.44E-09,2.11E-09,2.65E-09,3.97E-09,1.28E-09,3.84E-10,2.75E-10,2.61E-09,4.79E-10,3.55E-09,5.44E-09,9.82E-10,3.20E-10,2.62E-10,2.20E-10,6.26E-10,2.41E-10,1.85E-09,4.48E-10,9.31E-10,6.12E-10,9.37E-10,2.01E-09,8.85E-11,1.50E-10,9.99E-08,5.39E-08,7.64E-09,4.41E-09,2.02E-09,1.44E-09,2.11E-09,2.65E-09,3.97E-09,1.28E-09,3.84E-10,2.75E-10,2.61E-09,4.79E-10,3.55E-09,5.44E-09,9.82E-10,3.20E-10,2.62E-10,2.20E-10,6.26E-10,2.41E-10,1.85E-09,4.48E-10,9.31E-10,6.12E-10,9.37E-10,2.01E-09,8.85E-11,1.50E-10,1.56E-10,7.32E-11,9.84E-11,2.91E-10,2.21E-10,2.49E-10,3.63E-10,1.03E-10,9.64E-11,9.31E-10,1.18E-09,9.04E-11,5.59E-10,1.58E-10,2.48E-10,2.82E-10,3.62E-10,1.34E-10,8.03E-10,1.04E-10,5.63E-12,3.19E-11,3.49E-10,3.63E-10,2.68E-10,8.06E-11,9.04E-10,4.01E-11,3.18E-10,1.78E-10,2.65E-10,4.69E-11,1.25E-10,8.94E-11,5.44E-11,5.45E-10,7.77E-11,4.38E-10,5.10E-11,1.30E-10,5.52E-10,3.72E-10,2.82E-10,1.60E-10,7.39E-11,6.51E-11,1.01E-10,8.17E-11,6.69E-10,8.40E-11,9.31E-11,9.44E-11,3.50E-10,2.41E-10,2.73E-10,4.07E-10,1.83E-10,1.26E-10,4.18E-10,9.83E-11,1.42E-09,5.74E-10,5.09E-10,3.52E-10,2.72E-11,7.24E-10,3.30E-10,3.24E-10,1.62E-10,3.66E-10,1.05E-09,2.23E-10,7.90E-11,1.78E-10,9.93E-10,2.12E-10,6.97E-10,3.39E-10,8.44E-10,4.22E-11,6.00E-10,6.04E-10,1.43E-10,1.92E-10,3.91E-10,4.49E-11,1.18E-10,3.70E-10,9.62E-10,9.89E-10,3.36E-10,1.72E-10,3.39E-10,7.14E-10,2.36E-10,9.41E-10,1.11E-09,4.74E-11,2.69E-10,5.13E-10,3.27E-10,1.25E-10,9.45E-10,1.89E-10,6.97E-10,1.27E-10,7.33E-11,1.38E-09,2.00E-10,1.43E-10,2.92E-10,8.40E-11,5.21E-10,3.48E-10,1.72E-10,1.05E-09,2.19E-10,1.68E-10,2.15E-10,2.42E-11,8.83E-10,3.17E-10,3.23E-10,2.73E-10,2.21E-10,3.86E-11,4.46E-11,3.00E-10,1.47E-10,9.91E-10
95,95.5,A,10,5.08E-08,8.73E-09,1.29E-08,4.08E-09,1.30E-09,3.29E-10,4.06E-10,1.19E-09,4.92E-10,4.14E-10,4.85E-10,3.95E-09,1.18E-10,1.11E-09,2.47E-10,1.65E-10,1.27E-10,1.67E-09,1.47E-09,3.75E-10,3.37E-10,3.99E-10,6.19E-10,1.11E-09,3.33E-10,7.99E-10,3.05E-10,8.62E-10,6.00E-10,2.05E-10,5.08E-08,8.73E-09,1.29E-08,4.08E-09,1.30E-09,3.29E-10,4.06E-10,1.19E-09,4.92E-10,4.14E-10,4.85E-10,3.95E-09,1.18E-10,1.11E-09,2.47E-10,1.65E-10,1.27E-10,1.67E-09,1.47E-09,3.75E-10,3.37E-10,3.99E-10,6.19E-10,1.11E-09,3.33E-10,7.99E-10,3.05E-10,8.62E-10,6.00E-10,2.05E-10,1.18E-10,2.01E-10,8.61E-11,4.27E-10,1.21E-09,2.14E-10,2.06E-10,2.28E-10,1.35E-10,7.12E-10,1.06E-10,1.71E-11,1.58E-10,3.37E-10,4.24E-10,1.24E-09,7.51E-10,1.14E-10,2.04E-10,1.63E-10,1.09E-09,4.15E-10,2.99E-10,1.02E-09,2.56E-10,7.27E-11,2.05E-10,2.46E-10,1.06E-10,7.00E-10,4.10E-10,4.06E-10,3.07E-10,1.02E-10,2.97E-11,3.01E-10,8.91E-11,1.42E-10,2.46E-10,1.90E-10,3.33E-10,4.82E-10,4.99E-10,9.56E-11,2.25E-10,3.91E-10,2.85E-10,1.72E-10,5.49E-10,7.39E-10,1.13E-11,7.71E-12,6.68E-10,1.62E-10,5.94E-10,1.51E-10,1.92E-10,2.39E-10,1.34E-10,1.08E-09,3.99E-10,5.73E-10,1.50E-09,3.10E-11,1.12E-10,2.33E-10,1.73E-10,5.08E-10,4.51E-10,3.60E-10,1.17E-10,6.18E-10,6.37E-10,8.00E-10,1.07E-09,3.03E-10,1.47E-09,2.23E-10,4.78E-10,2.33E-10,2.98E-11,1.52E-10,2.40E-10,1.83E-10,5.13E-10,1.29E-10,1.27E-10,7.50E-10,2.56E-10,5.23E-10,5.05E-10,6.29E-10,1.13E-09,1.81E-10,2.21E-10,1.20E-10,6.41E-11,8.10E-13,2.35E-10,6.31E-10,7.14E-11,1.53E-10,2.50E-10,5.78E-10,4.67E-10,2.60E-10,1.89E-10,4.45E-10,7.18E-10,5.94E-10,3.98E-10,2.69E-10,3.54E-10,6.53E-10,2.01E-10,3.23E-11,8.15E-12,1.22E-10,3.90E-10,4.04E-10,4.58E-11,6.52E-10,1.30E-10,5.92E-10,2.62E-10,1.31E-09,1.77E-10,1.05E-10,2.99E-11,2.87E-10
95.25,95.75,A,10,4.02E-09,3.16E-08,3.64E-09,2.98E-09,5.43E-09,5.25E-09,2.03E-09,9.34E-10,1.11E-09,8.38E-10,1.38E-10,3.16E-10,2.05E-10,1.94E-10,1.94E-10,6.48E-10,4.97E-10,9.30E-10,1.40E-09,6.09E-11,3.88E-10,6.91E-10,1.21E-09,5.11E-10,3.53E-10,2.20E-10,8.02E-10,1.41E-10,6.68E-11,9.02E-11,4.02E-09,3.16E-08,3.64E-09,2.98E-09,5.43E-09,5.25E-09,2.03E-09,9.34E-10,1.11E-09,8.38E-10,1.38E-10,3.16E-10,2.05E-10,1.94E-10,1.94E-10,6.48E-10,4.97E-10,9.30E-10,1.40E-09,6.09E-11,3.88E-10,6.91E-10,1.21E-09,5.11E-10,3.53E-10,2.20E-10,8.02E-10,1.41E-10,6.68E-11,9.02E-11,5.05E-10,5.73E-10,2.47E-10,2.24E-10,4.19E-11,2.29E-10,4.31E-10,1.06E-09,1.68E-10,1.08E-10,7.93E-10,1.48E-10,5.20E-10,7.34E-10,2.86E-10,1.46E-10,6.62E-10,6.96E-10,2.72E-11,8.86E-10,8.40E-11,6.06E-10,1.16E-09,2.20E-10,2.27E-10,1.70E-11,7.04E-10,3.16E-10,6.91E-10,9.30E-10,5.84E-11,3.76E-10,9.59E-11,3.02E-11,2.34E-10,7.91E-11,1.04E-10,4.66E-10,1.21E-10,3.60E-10,3.32E-11,4.93E-10,9.71E-11,3.58E-11,4.83E-10,1.02E-09,2.44E-10,7.21E-10,8.85E-10,2.17E-10,4.14E-10,2.09E-10,2.00E-10,1.58E-10,1.78E-10,5.09E-10,1.42E-10,7.04E-11,2.07E-10,1.70E-10,7.02E-10,1.44E-10,2.99E-10,5.45E-10,1.06E-10,3.07E-10,5.87E-11,3.31E-10,4.54E-10,1.03E-10,2.76E-11,1.56E-10,2.00E-10,8.25E-11,6.55E-10,4.39E-10,4.73E-10,5.93E-11,5.31E-11,1.82E-10,2.83E-10,1.27E-10,1.29E-10,1.96E-10,1.93E-11,2.30E-10,4.99E-10,3.62E-10,2.91E-10,1.88E-10,2.01E-10,1.26E-09,1.41E-10,1.95E-10,4.95E-10,1.08E-09,8.45E-10,2.58E-10,9.10E-10,9.01E-10,1.34E-10,4.03E-10,7.26E-10,6.21E-10,1.53E-10,1.04E-09,3.36E-11,4.03E-10,3.85E-10,2.65E-10,3.82E-10,3.78E-11,1.41E-10,1.50E-10,7.99E-11,2.95E-10,1.59E-10,1.02E-10,3.62E-10,2.55E-12,1.54E-10,4.11E-10,4.14E-10,4.26E-10,6.13E-10,4.67E-10,2.10E-10,1.58E-10,1.89E-11,4.91E-10
95.5,96,A,10,6.91E-08,5.16E-08,8.36E-09,3.51E-09,2.98E-09,9.20E-10,1.11E-09,8.81E-10,9.66E-10,9.71E-11,2.46E-10,3.05E-10,3.67E-10,1.64E-11,1.22E-09,9.84E-10,5.35E-10,1.88E-10,2.03E-11,1.46E-10,4.55E-10,5.84E-10,2.80E-10,4.34E-10,8.60E-11,1.15E-10,1.21E-10,1.10E-10,1.20E-10,6.01E-10,6.91E-08,5.16E-08,8.36E-09,3.51E-09,2.98E-09,9.20E-10,1.11E-09,8.81E-10,9.66E-10,9.71E-11,2.46E-10,3.05E-10,3.67E-10,1.64E-11,1.22E-09,9.84E-10,5.35E-10,1.88E-10,2.03E-11,1.46E-10,4.55E-10,5.84E-10,2.80E-10,4.34E-10,8.60E-11,1.15E-10,1.21E-10,1.10E-10,1.20E-10,6.01E-10,9.17E-11,2.54E-10,8.14E-10,8.24E-11,9.93E-11,1.34E-10,2.38E-11,1.63E-10,5.74E-10,5.25E-10,7.00E-11,9.01E-11,4.02E-10,6.76E-10,2.31E-10,3.21E-10,6.97E-11,4.52E-10,5.90E-10,1.52E-10,6.68E-11,2.55E-10,6.01E-11,6.62E-11,5.96E-11,3.31E-10,1.91E-10,2.83E-10,2.67E-10,4.50E-11,2.79E-10,1.54E-10,8.70E-10,2.15E-10,4.96E-10,1.13E-09,2.94E-10,1.12E-10,7.75E-10,3.68E-10,4.51E-10,1.71E-10,6.10E-10,3.66E-10,6.88E-11,2.38E-10,3.71E-10,2.72E-10,3.61E-10,1.26E-10,8.60E-11,3.19E-10,5.09E-10,2.51E-10,1.22E-10,8.71E-11,3.12E-11,6.16E-11,2.93E-10,9.24E-11,3.78E-11,1.52E-09,1.70E-10,3.16E-10,6.78E-11,9.07E-11,3.28E-11,6.81E-10,1.80E-10,6.25E-11,1.68E-11,5.44E-11,1.71E-10,1.10E-10,2.63E-10,2.17E-10,6.87E-10,1.40E-10,4.87E-10,5.03E-10,1.81E-10,3.37E-10,4.27E-11,3.87E-11,1.16E-10,1.01E-10,4.17E-10,1.95E-10,7.03E-10,1.73E-10,2.13E-10,2.16E-10,1.78E-10,2.09E-10,2.02E-10,2.78E-10,2.09E-10,1.37E-10,1.63E-10,3.21E-10,1.84E-10,2.98E-10,2.82E-10,6.61E-11,2.50E-10,9.07E-10,8.66E-11,1.09E-09,4.99E-10,3.68E-10,1.28E-10,1.22E-10,9.96E-11,2.16E-10,5.10E-10,4.92E-10,6.39E-11,3.69E-10,1.55E-11,1.07E-10,5.22E-10,6.47E-11,3.44E-10,4.28E-10,5.25E-11,2.25E-11,3.43E-10,3.36E-10,3.38E-10,3.34E-10
95.75,96.25,A,10,3.31E-08,2.32E-08,5.21E-09,2.88E-09,5.44E-09,7.01E-10,2.25E-09,5.97E-10,1.72E-10,1.50E-10,1.36E-09,9.18E-10,1.47E-09,2.14E-10,8.81E-10,3.10E-10,5.02E-10,7.92E-10,4.20E-11,1.29E-10,1.13E-10,8.88E-10,8.73E-11,1.79E-10,4.13E-10,4.18E-10,1.14E-10,1.42E-11,6.46E-11,8.78E-11,3.31E-08,2.32E-08,5.21E-09,2.88E-09,5.44E-09,7.01E-10,2.25E-09,5.97E-10,1.72E-10,1.50E-10,1.36E-09,9.18E-10,1.47E-09,2.14E-10,8.81E-10,3.10E-10,5.02E-10,7.92E-10,4.20E-11,1.29E-10,1.13E-10,8.88E-10,8.73E-11,1.79E-10,4.13E-10,4.18E-10,1.14E-10,1.42E-11,6.46E-11,8.78E-11,3.90E-11,3.92E-10,3.43E-10,2.36E-10,3.10E-10,5.01E-10,3.06E-10,2.88E-10,1.36E-09,1.66E-10,1.71E-10,6.88E-10,1.33E-10,1.44E-10,6.38E-10,1.45E-10,1.05E-10,3.14E-11,2.16E-10,2.44E-10,2.40E-10,1.15E-10,5.22E-10,8.70E-11,4.51E-10,8.89E-11,1.77E-10,3.33E-10,3.65E-10,2.06E-10,5.35E-10,2.30E-10,2.59E-10,1.02E-10,1.10E-10,1.45E-10,6.35E-11,1.36E-10,4.84E-11,3.19E-11,4.81E-10,1.45E-10,7.99E-11,4.81E-11,4.30E-10,7.82E-11,1.64E-10,2.57E-10,1.19E-10,5.03E-10,3.78E-11,6.34E-11,2.14E-10,9.99E-11,1.15E-11,3.17E-10,6.81E-11,6.76E-11,3.35E-10,9.41E-11,2.42E-10,2.55E-10,2.52E-10,1.61E-10,2.31E-11,7.16E-11,1.05E-10,5.77E-11,3.28E-10,5.89E-10,1.09E-09,4.17E-10,2.08E-11,5.87E-10,3.77E-10,6.59E-10,3.50E-10,5.73E-11,2.85E-10,3.72E-10,4.54E-10,8.40E-11,2.72E-10,8.11E-11,3.87E-10,3.19E-10,2.50E-10,2.20E-10,1.21E-10,2.64E-10,6.40E-10,7.06E-11,3.08E-11,2.31E-10,8.85E-11,4.43E-11,1.91E-10,5.21E-10,2.18E-10,4.94E-10,1.49E-10,4.77E-10,6.29E-10,3.50E-10,1.51E-10,1.11E-10,2.88E-11,7.92E-10,7.04E-11,3.33E-10,2.21E-10,7.49E-10,7.85E-11,9.71E-10,1.56E-10,8.39E-11,1.22E-10,3.76E-10,2.94E-10,5.90E-10,2.16E-11,2.23E-10,9.78E-11,2.25E-11,2.83E-11,4.81E-10,7.52E-10,7.38E-11,1.88E-11,2.58E-10
96,96.5,A,10,1.29E-08,1.73E-09,3.64E-09,1.71E-09,5.81E-10,2.15E-09,1.08E-09,5.24E-10,8.87E-10,1.12E-09,7.50E-11,6.76E-10,3.43E-11,6.41E-10,8.37E-10,4.96E-10,3.24E-10,1.49E-10,1.34E-10,1.32E-10,2.14E-10,1.84E-10,5.37E-11,1.18E-10,2.26E-10,3.26E-10,1.18E-10,4.24E-10,2.55E-10,1.32E-11,1.29E-08,1.73E-09,3.64E-09,1.71E-09,5.81E-10,2.15E-09,1.08E-09,5.24E-10,8.87E-10,1.12E-09,7.50E-11,6.76E-10,3.43E-11,6.41E-10,8.37E-10,4.96E-10,3.24E-10,1.49E-10,1.34E-10,1.32E-10,2.14E-10,1.84E-10,5.37E-11,1.18E-10,2.26E-10,3.26E-10,1.18E-10,4.24E-10,2.55E-10,1.32E-11,1.29E-10,1.61E-10,1.32E-11,2.11E-10,7.49E-11,1.66E-10,1.96E-10,8.15E-10,6.70E-10,2.33E-11,1.66E-10,1.16E-10,1.93E-10,6.91E-11,2.32E-10,2.93E-10,3.07E-10,1.01E-10,2.52E-11,4.99E-10,2.30E-10,1.97E-10,2.21E-10,5.57E-11,8.52E-11,8.32E-11,1.41E-10,2.76E-10,3.30E-10,3.73E-10,4.13E-11,6.87E-11,6.33E-11,9.97E-11,4.70E-11,9.56E-11,3.78E-10,1.29E-10,9.75E-11,4.10E-10,2.05E-10,9.69E-11,3.24E-11,6.47E-11,3.64E-10,2.38E-10,8.61E-12,1.79E-11,2.37E-10,3.00E-10,7.00E-11,2.41E-10,1.00E-11,8.85E-11,2.10E-10,3.63E-10,5.28E-10,3.24E-10,3.48E-11,2.26E-10,5.21E-11,6.04E-11,6.07E-11,7.43E-11,3.07E-11,1.19E-10,2.85E-11,3.10E-10,3.49E-10,2.39E-10,1.70E-10,6.02E-11,4.30E-11,6.16E-11,6.45E-10,5.93E-11,1.33E-10,2.14E-10,6.53E-12,5.93E-10,1.73E-10,2.29E-10,1.93E-10,6.49E-10,3.76E-11,2.50E-10,2.41E-10,4.10E-10,1.68E-10,3.34E-10,2.52E-10,2.62E-10,7.73E-11,6.32E-10,1.84E-10,4.00E-10,2.42E-10,6.10E-10,1.27E-10,1.52E-10,1.81E-10,2.44E-10,2.43E-10,2.70E-10,7.27E-11,8.60E-11,3.06E-10,8.91E-11,7.39E-11,5.62E-11,6.15E-10,2.79E-11,7.43E-11,4.15E-12,9.82E-12,3.54E-10,3.51E-10,3.79E-10,1.15E-10,6.39E-11,6.21E-11,8.41E-10,2.85E-10,5.78E-10,2.05E-10,2.70E-10,6.13E-10,2.06E-10,2.81E-10,2.16E-11
96.25,96.75,A,10,3.36E-09,2.20E-09,2.36E-09,9.24E-10,8.80E-10,1.18E-09,1.26E-09,3.95E-10,3.74E-10,6.57E-10,4.86E-10,2.57E-10,3.17E-10,3.03E-11,1.04E-10,1.14E-10,8.31E-11,1.60E-10,3.75E-10,2.98E-11,6.73E-11,6.55E-11,1.65E-10,1.87E-11,6.82E-11,1.07E-10,2.18E-10,5.24E-11,2.49E-11,9.04E-11,3.36E-09,2.20E-09,2.36E-09,9.24E-10,8.80E-10,1.18E-09,1.26E-09,3.95E-10,3.74E-10,6.57E-10,4.86E-10,2.57E-10,3.17E-10,3.03E-11,1.04E-10,1.14E-10,8.31E-11,1.60E-10,3.75E-10,2.98E-11,6.73E-11,6.55E-11,1.65E-10,1.87E-11,6.82E-11,1.07E-10,2.18E-10,5.24E-11,2.49E-11,9.04E-11,1.43E-10,3.41E-11,4.06E-11,3.87E-11,9.61E-12,1.69E-11,8.96E-11,6.47E-11,7.63E-11,2.72E-11,5.14E-11,2.88E-11,2.13E-10,7.79E-11,1.43E-10,6.74E-11,9.86E-11,1.80E-10,1.58E-10,1.76E-10,2.53E-11,1.65E-10,8.99E-11,5.72E-11,1.49E-10,8.94E-12,4.95E-11,1.94E-11,6.44E-11,1.47E-10,2.19E-11,2.77E-11,1.23E-11,1.08E-10,5.87E-11,7.21E-11,9.08E-11,2.84E-11,2.46E-12,4.05E-11,1.80E-10,5.72E-11,9.26E-11,4.81E-12,1.04E-10,7.58E-11,4.81E-11,4.15E-11,4.65E-11,2.22E-10,6.81E-11,6.77E-11,1.15E-10,2.92E-10,1.16E-10,1.54E-10,1.70E-11,3.62E-11,1.07E-10,2.58E-11,5.27E-11,2.45E-11,5.86E-11,2.15E-11,6.24E-11,1.13E-10,2.52E-11,1.91E-11,2.39E-11,3.20E-11,5.76E-12,3.01E-11,1.24E-11,1.93E-11,1.95E-10,2.54E-11,3.54E-11,1.91E-11,7.01E-11,1.32E-10,3.44E-11,1.76E-11,3.33E-11,2.84E-10,1.18E-10,1.81E-11,1.85E-10,3.29E-11,3.32E-11,3.62E-11,5.73E-11,4.02E-11,4.22E-11,1.25E-10,4.51E-11,2.29E-10,1.30E-11,2.72E-10,2.55E-12,8.54E-11,4.07E-11,9.69E-11,1.14E-10,3.48E-11,1.98E-10,1.46E-10,1.36E-10,1.72E-10,1.82E-10,4.88E-11,6.44E-11,1.28E-10,3.37E-11,1.57E-10,4.75E-11,4.72E-11,6.26E-11,1.12E-10,1.19E-10,3.61E-11,5.15E-11,2.67E-11,6.78E-11,1.13E-10,2.53E-11,2.35E-11,1.55E-11,6.13E-11,3.61E-11,5.07E-11
96.5,97,A,10,3.58E-09,4.06E-09,1.68E-09,1.52E-09,2.27E-09,1.19E-09,4.38E-10,6.38E-10,3.66E-10,6.09E-10,2.02E-09,4.14E-10,3.64E-10,5.10E-10,1.23E-10,1.04E-10,1.51E-10,1.81E-10,6.06E-11,6.37E-10,2.92E-10,2.80E-10,6.28E-12,3.08E-10,1.09E-10,2.12E-10,4.82E-10,4.94E-10,2.68E-10,9.93E-10,3.58E-09,4.06E-09,1.68E-09,1.52E-09,2.27E-09,1.19E-09,4.38E-10,6.38E-10,3.66E-10,6.09E-10,2.02E-09,4.14E-10,3.64E-10,5.10E-10,1.23E-10,1.04E-10,1.51E-10,1.81E-10,6.06E-11,6.37E-10,2.92E-10,2.80E-10,6.28E-12,3.08E-10,1.09E-10,2.12E-10,4.82E-10,4.94E-10,2.68E-10,9.93E-10,8.26E-10,1.53E-10,1.35E-10,4.79E-10,2.05E-11,1.29E-10,3.35E-10,1.76E-11,2.63E-10,5.32E-11,1.81E-10,3.38E-10,3.92E-10,3.03E-10,1.45E-10,2.50E-10,1.57E-10,2.64E-10,1.21E-10,1.52E-10,4.61E-10,1.43E-10,1.37E-10,2.25E-10,2.61E-11,1.09E-10,1.64E-10,1.91E-10,3.90E-10,4.09E-10,5.40E-11,5.22E-11,3.13E-10,4.93E-10,1.36E-10,6.99E-11,2.67E-10,4.05E-10,3.41E-10,1.96E-10,1.30E-10,9.02E-11,6.41E-11,4.16E-10,8.46E-10,6.21E-11,1.05E-10,5.04E-11,2.38E-10,1.77E-10,1.39E-10,6.22E-11,1.87E-11,2.82E-10,1.84E-10,4.82E-10,9.61E-11,5.74E-11,1.39E-10,9.00E-11,4.52E-10,2.86E-10,4.42E-10,2.72E-10,6.55E-10,2.33E-10,5.83E-11,6.03E-11,5.81E-11,2.65E-11,4.69E-11,1.10E-10,1.54E-10,3.06E-11,3.58E-10,1.21E-10,1.10E-10,2.76E-10,9.41E-11,2.02E-10,5.84E-11,9.57E-11,1.46E-10,7.39E-10,5.97E-10,3.21E-10,3.22E-10,2.33E-10,1.45E-10,4.42E-10,2.54E-10,3.83E-10,1.27E-10,1.64E-10,1.03E-10,3.96E-11,6.91E-11,7.83E-11,3.24E-11,2.90E-10,1.89E-10,1.21E-10,1.08E-10,9.54E-11,6.72E-11,1.41E-10,3.43E-11,7.53E-11,1.04E-11,7.11E-11,2.26E-11,9.61E-11,5.02E-11,1.67E-10,8.98E-11,4.95E-10,1.09E-10,4.38E-11,2.47E-11,4.97E-10,9.09E-10,5.22E-10,6.40E-10,4.95E-10,6.16E-10,3.19E-10,9.69E-11,2.21E-10,1.46E-10,3.08E-11
96.75,97.25,A,10,4.77E-09,6.98E-09,5.92E-09,6.55E-10,1.03E-09,2.92E-09,9.37E-10,1.24E-09,1.14E-09,1.91E-09,5.82E-10,1.69E-10,7.08E-10,7.83E-10,2.26E-10,4.67E-10,4.29E-10,3.33E-11,3.29E-11,4.86E-10,5.26E-10,7.01E-10,1.70E-10,5.50E-11,4.43E-11,4.79E-10,1.09E-09,4.03E-10,2.32E-10,3.13E-10,4.77E-09,6.98E-09,5.92E-09,6.55E-10,1.03E-09,2.92E-09,9.37E-10,1.24E-09,1.14E-09,1.91E-09,5.82E-10,1.69E-10,7.08E-10,7.83E-10,2.26E-10,4.67E-10,4.29E-10,3.33E-11,3.29E-11,4.86E-10,5.26E-10,7.01E-10,1.70E-10,5.50E-11,4.43E-11,4.79E-10,1.09E-09,4.03E-10,2.32E-10,3.13E-10,3.63E-10,8.03E-11,4.47E-11,2.19E-10,9.26E-11,7.23E-11,6.41E-11,7.25E-10,7.28E-10,1.58E-10,4.56E-11,8.82E-11,4.19E-10,1.03E-10,3.48E-10,4.70E-10,1.13E-11,1.65E-10,6.23E-10,2.98E-10,3.17E-10,4.25E-10,1.27E-10,1.70E-10,3.44E-10,1.54E-10,4.76E-10,6.08E-10,4.64E-11,3.31E-10,3.65E-10,1.45E-10,9.25E-11,1.83E-10,3.24E-10,7.79E-11,1.60E-10,6.24E-11,9.78E-11,1.09E-10,1.68E-10,1.47E-10,3.82E-10,8.60E-11,1.18E-10,2.79E-10,1.96E-10,1.79E-11,5.74E-10,4.05E-11,1.15E-10,1.51E-10,2.54E-10,6.86E-11,1.86E-10,1.00E-10,1.11E-10,3.20E-10,1.03E-10,2.34E-10,3.06E-11,3.53E-10,9.76E-11,1.40E-10,4.89E-10,1.32E-11,4.04E-10,2.44E-11,5.30E-10,1.46E-10,2.15E-10,4.87E-11,8.45E-10,3.14E-10,2.35E-10,3.28E-10,1.76E-10,3.76E-10,4.71E-10,2.89E-10,2.80E-10,3.10E-10,7.73E-11,2.53E-10,1.07E-10,2.42E-10,2.03E-10,1.90E-10,1.46E-11,6.13E-11,2.21E-10,2.09E-11,7.04E-11,1.70E-10,3.79E-11,2.42E-10,2.62E-10,2.80E-10,1.70E-10,7.20E-11,9.16E-11,4.27E-11,3.37E-11,6.67E-10,2.18E-10,2.64E-10,1.11E-10,1.93E-10,1.07E-10,2.05E-10,2.88E-10,8.18E-11,2.46E-11,5.92E-11,1.71E-10,1.50E-10,8.94E-11,7.69E-11,1.80E-10,3.81E-10,2.36E-10,5.59E-11,5.33E-10,8.70E-10,1.85E-11,4.97E-10,1.50E-10,4.51E-10,7.23E-10,2.58E-10
97,97.5,A,10,2.08E-08,4.41E-09,3.68E-10,1.50E-09,3.17E-09,1.02E-09,2.83E-09,7.67E-10,2.45E-09,3.14E-10,1.32E-09,1.60E-10,6.38E-11,1.73E-10,2.00E-10,1.35E-10,8.63E-10,6.84E-11,2.96E-10,2.96E-10,4.96E-10,1.94E-10,6.14E-11,3.63E-10,3.40E-10,2.39E-10,7.28E-11,2.79E-10,1.45E-10,3.64E-11,2.08E-08,4.41E-09,3.68E-10,1.50E-09,3.17E-09,1.02E-09,2.83E-09,7.67E-10,2.45E-09,3.14E-10,1.32E-09,1.60E-10,6.38E-11,1.73E-10,2.00E-10,1.35E-10,8.63E-10,6.84E-11,2.96E-10,2.96E-10,4.96E-10,1.94E-10,6.14E-11,3.63E-10,3.40E-10,2.39E-10,7.28E-11,2.79E-10,1.45E-10,3.64E-11,4.29E-11,1.93E-10,4.43E-10,1.08E-10,2.20E-10,7.69E-11,3.13E-10,7.88E-10,3.55E-10,2.95E-10,4.99E-11,1.89E-10,1.92E-10,6.50E-10,4.14E-11,1.98E-10,8.57E-11,1.19E-11,4.27E-10,2.22E-11,1.07E-11,8.76E-11,1.12E-11,1.64E-10,3.99E-11,7.74E-10,1.30E-10,1.20E-10,2.56E-10,1.04E-10,1.22E-10,4.69E-11,1.45E-10,1.08E-10,2.35E-10,7.85E-11,2.36E-10,7.28E-11,3.26E-10,1.08E-10,2.43E-11,5.79E-10,4.72E-11,7.84E-11,1.06E-10,1.10E-10,8.53E-11,3.02E-10,1.03E-10,8.44E-11,1.43E-10,3.47E-10,1.22E-10,1.61E-10,2.92E-10,3.22E-10,2.21E-10,9.35E-11,1.19E-10,1.96E-10,8.91E-11,3.18E-10,4.19E-10,1.09E-10,4.33E-10,3.04E-10,6.40E-10,3.29E-10,3.48E-10,1.87E-10,1.46E-10,3.38E-10,4.29E-10,8.66E-11,2.75E-10,1.52E-10,2.38E-10,1.44E-10,3.16E-10,1.61E-10,5.29E-10,3.20E-11,6.00E-11,2.23E-10,3.27E-11,1.27E-10,5.98E-11,2.75E-11,2.23E-10,1.61E-10,2.55E-10,1.76E-10,2.80E-11,2.78E-10,2.41E-10,4.37E-10,1.18E-10,6.08E-11,2.35E-10,3.63E-11,8.56E-11,2.89E-10,1.30E-10,9.24E-11,1.09E-10,1.92E-10,1.24E-10,1.78E-10,6.96E-11,1.22E-10,5.29E-11,5.64E-10,2.48E-10,1.01E-10,1.33E-10,8.84E-11,1.13E-11,7.58E-11,9.35E-11,2.75E-10,2.53E-10,3.89E-10,1.88E-10,2.32E-10,5.55E-10,1.21E-10,6.86E-11,2.44E-10,5.17E-11,2.46E-10
97.25,97.75,A,10,4.07E-09,1.15E-08,2.49E-09,2.19E-09,3.12E-10,3.28E-10,6.60E-10,1.13E-09,1.30E-09,2.19E-10,3.16E-10,8.07E-10,1.22E-09,3.83E-10,6.09E-10,1.82E-10,4.79E-10,3.44E-10,3.07E-10,5.08E-11,2.00E-10,4.16E-11,1.61E-10,1.73E-10,1.07E-10,1.36E-10,3.95E-10,1.69E-10,4.89E-10,1.50E-10,4.07E-09,1.15E-08,2.49E-09,2.19E-09,3.12E-10,3.28E-10,6.60E-10,1.13E-09,1.30E-09,2.19E-10,3.16E-10,8.07E-10,1.22E-09,3.83E-10,6.09E-10,1.82E-10,4.79E-10,3.44E-10,3.07E-10,5.08E-11,2.00E-10,4.16E-11,1.61E-10,1.73E-10,1.07E-10,1.36E-10,3.95E-10,1.69E-10,4.89E-10,1.50E-10,5.88E-10,9.18E-11,2.84E-10,4.73E-10,2.87E-10,9.57E-10,1.40E-10,3.70E-11,1.25E-10,2.27E-10,1.25E-10,7.46E-11,2.78E-11,4.39E-10,1.12E-10,2.82E-10,1.33E-10,2.01E-10,1.33E-10,2.34E-11,9.79E-11,4.56E-10,1.16E-10,1.48E-10,1.77E-10,8.10E-10,9.11E-11,1.14E-10,9.44E-11,1.95E-10,6.20E-11,3.43E-10,1.10E-10,1.96E-10,3.71E-11,3.27E-10,2.26E-10,5.64E-10,1.84E-10,3.61E-11,2.34E-10,6.33E-10,1.05E-10,1.50E-10,1.02E-10,6.24E-11,1.59E-10,1.10E-10,1.32E-10,4.86E-10,5.99E-11,3.10E-10,5.94E-10,3.49E-10,1.94E-10,1.77E-10,1.68E-10,4.86E-10,1.69E-10,7.57E-11,8.75E-11,1.25E-10,5.44E-11,1.32E-10,1.21E-10,1.52E-10,3.14E-10,1.60E-10,1.79E-10,2.18E-10,2.17E-12,4.65E-10,1.38E-10,1.08E-09,6.90E-11,7.41E-10,1.58E-10,2.01E-10,3.50E-10,2.84E-10,9.43E-11,2.36E-10,1.83E-11,1.58E-10,1.33E-10,4.32E-10,7.19E-11,6.97E-11,9.88E-11,2.64E-10,8.87E-11,2.05E-10,2.83E-10,4.25E-10,1.44E-10,1.32E-10,4.58E-10,1.08E-10,9.89E-11,7.45E-11,2.66E-10,2.95E-10,4.21E-10,7.42E-10,1.90E-10,4.09E-10,6.37E-11,1.76E-10,8.48E-11,4.12E-11,1.05E-10,1.21E-10,1.02E-10,5.65E-10,1.40E-10,4.42E-11,4.49E-11,4.32E-10,9.70E-11,2.51E-11,3.88E-10,4.57E-11,1.46E-10,3.45E-10,2.13E-10,4.31E-11,1.48E-10,1.00E-10,7.89E-11,6.16E-11
97.5,98,A,10,6.62E-09,1.68E-08,1.98E-09,2.85E-09,4.06E-09,2.80E-10,3.41E-10,2.60E-09,2.57E-09,1.01E-09,7.11E-10,1.14E-10,1.55E-10,2.60E-09,8.74E-10,1.07E-09,9.35E-11,9.21E-10,1.50E-09,7.23E-10,5.32E-10,2.63E-10,8.56E-10,8.06E-11,1.90E-09,1.99E-10,6.37E-10,5.88E-10,7.11E-10,7.00E-10,6.62E-09,1.68E-08,1.98E-09,2.85E-09,4.06E-09,2.80E-10,3.41E-10,2.60E-09,2.57E-09,1.01E-09,7.11E-10,1.14E-10,1.55E-10,2.60E-09,8.74E-10,1.07E-09,9.35E-11,9.21E-10,1.50E-09,7.23E-10,5.32E-10,2.63E-10,8.56E-10,8.06E-11,1.90E-09,1.99E-10,6.37E-10,5.88E-10,7.11E-10,7.00E-10,3.82E-11,6.49E-11,1.21E-10,1.10E-09,2.36E-11,3.66E-10,2.62E-10,3.73E-10,1.39E-10,3.62E-10,2.90E-10,2.30E-10,3.23E-10,1.40E-09,4.56E-10,9.46E-11,7.49E-10,7.66E-10,7.06E-10,1.04E-09,1.95E-10,2.11E-10,1.57E-10,2.71E-10,7.14E-11,7.00E-11,1.51E-10,6.26E-11,1.68E-11,3.96E-12,2.05E-10,9.59E-11,4.94E-11,7.86E-11,1.51E-11,3.59E-10,1.35E-11,1.93E-10,2.31E-10,7.04E-11,4.40E-10,6.90E-10,1.04E-10,1.13E-10,3.17E-11,3.63E-10,2.48E-10,4.73E-11,1.03E-10,1.00E-10,1.70E-10,1.04E-10,3.08E-10,1.92E-10,1.09E-10,2.76E-11,4.70E-10,1.46E-10,3.69E-10,2.19E-10,1.28E-10,2.79E-10,7.96E-11,2.11E-11,4.75E-10,1.34E-10,5.45E-10,9.36E-10,2.56E-10,9.04E-11,2.85E-10,1.10E-09,5.60E-10,1.79E-11,5.94E-11,3.19E-10,8.75E-11,1.33E-10,1.46E-10,2.73E-11,3.95E-10,1.74E-10,4.75E-11,4.63E-10,6.31E-10,1.05E-10,2.41E-10,3.02E-10,5.78E-10,3.02E-10,5.20E-11,1.14E-10,4.89E-11,4.62E-10,4.70E-11,2.70E-10,3.24E-11,5.37E-11,1.30E-10,2.04E-10,2.06E-10,5.17E-10,5.52E-11,4.76E-11,6.52E-11,1.25E-10,1.06E-10,2.48E-10,8.71E-11,1.01E-09,5.85E-11,1.64E-10,4.14E-10,2.84E-10,5.03E-10,2.74E-10,2.11E-10,3.95E-10,4.14E-10,6.14E-10,2.09E-10,3.13E-10,9.79E-11,1.12E-09,5.98E-11,6.60E-11,3.29E-10,2.33E-10,1.23E-09,3.59E-10
97.75,98.25,A,10,4.53E-08,1.03E-08,1.01E-09,4.66E-09,8.81E-10,8.69E-10,1.69E-10,7.85E-10,5.89E-10,4.21E-10,1.37E-09,6.16E-11,9.73E-10,5.37E-10,4.33E-10,4.31E-10,3.82E-10,6.78E-10,6.02E-11,1.76E-10,9.47E-11,2.36E-10,4.51E-10,2.75E-11,8.33E-11,2.67E-10,4.02E-10,3.76E-10,4.29E-10,5.05E-11,4.53E-08,1.03E-08,1.01E-09,4.66E-09,8.81E-10,8.69E-10,1.69E-10,7.85E-10,5.89E-10,4.21E-10,1.37E-09,6.16E-11,9.73E-10,5.37E-10,4.33E-10,4.31E-10,3.82E-10,6.78E-10,6.02E-11,1.76E-10,9.47E-11,2.36E-10,4.51E-10,2.75E-11,8.33E-11,2.67E-10,4.02E-10,3.76E-10,4.29E-10,5.05E-11,8.17E-11,1.93E-10,5.63E-11,1.18E-10,3.10E-11,1.37E-10,1.36E-10,1.43E-10,3.06E-11,5.50E-11,1.76E-10,9.22E-11,1.71E-10,6.09E-11,4.08E-11,5.15E-11,9.18E-11,2.20E-10,2.07E-11,7.24E-11,1.02E-10,1.05E-10,1.12E-10,2.51E-10,2.88E-10,1.64E-10,4.94E-10,2.15E-10,6.69E-11,3.16E-10,1.50E-10,2.84E-10,6.08E-11,2.41E-11,7.73E-11,3.75E-10,1.29E-10,3.15E-10,6.86E-10,2.06E-11,4.10E-10,6.31E-10,3.24E-11,2.12E-10,1.13E-10,3.57E-11,1.84E-10,3.25E-11,4.27E-12,1.29E-10,1.23E-10,4.51E-11,5.60E-11,2.34E-10,6.52E-11,1.96E-10,1.01E-10,2.57E-10,1.78E-10,2.08E-11,3.37E-11,6.51E-12,1.47E-10,1.83E-10,4.85E-11,1.93E-11,1.44E-10,2.68E-10,1.34E-10,3.26E-10,4.11E-11,1.05E-10,6.11E-11,6.48E-11,2.19E-11,3.58E-11,2.90E-11,6.37E-11,5.76E-11,8.67E-11,2.24E-10,1.07E-10,2.90E-11,4.28E-12,2.29E-10,5.99E-11,1.82E-10,1.76E-10,4.47E-10,9.65E-11,9.92E-11,2.25E-10,4.14E-11,2.84E-11,1.60E-10,2.76E-10,1.27E-10,1.59E-10,1.69E-10,1.19E-10,1.22E-10,2.10E-11,1.47E-11,3.55E-11,1.91E-10,1.58E-10,1.86E-10,1.46E-10,2.78E-11,7.92E-11,4.80E-11,8.77E-11,1.63E-10,2.39E-11,5.32E-11,3.42E-11,1.17E-10,9.89E-11,1.25E-10,2.83E-10,1.57E-10,2.03E-10,7.76E-11,1.20E-10,3.90E-11,8.87E-11,9.67E-11,8.05E-11,7.44E-10,2.49E-10
98,98.5,A,10,2.60E-09,4.36E-09,3.64E-09,1.97E-09,5.34E-10,2.54E-10,2.67E-10,1.29E-09,1.94E-10,2.80E-10,1.04E-09,8.57E-10,2.06E-09,3.08E-10,8.35E-10,4.05E-10,4.17E-10,7.04E-10,5.72E-11,6.27E-11,2.23E-10,2.45E-10,1.84E-11,4.14E-10,3.88E-10,7.43E-10,1.23E-09,1.92E-10,7.77E-11,5.54E-10,2.60E-09,4.36E-09,3.64E-09,1.97E-09,5.34E-10,2.54E-10,2.67E-10,1.29E-09,1.94E-10,2.80E-10,1.04E-09,8.57E-10,2.06E-09,3.08E-10,8.35E-10,4.05E-10,4.17E-10,7.04E-10,5.72E-11,6.27E-11,2.23E-10,2.45E-10,1.84E-11,4.14E-10,3.88E-10,7.43E-10,1.23E-09,1.92E-10,7.77E-11,5.54E-10,8.03E-11,2.10E-10,2.36E-10,3.33E-11,9.60E-11,4.68E-11,1.73E-10,9.29E-11,5.09E-11,3.21E-10,5.03E-11,7.68E-10,2.06E-10,3.15E-10,7.19E-11,2.88E-10,3.33E-10,7.66E-11,9.35E-11,2.84E-10,6.56E-10,1.03E-10,4.78E-10,3.77E-11,7.79E-10,1.74E-10,1.02E-10,2.63E-10,1.45E-10,8.72E-11,1.09E-10,3.50E-10,1.85E-10,1.77E-10,3.23E-10,5.76E-10,3.94E-10,1.14E-09,1.29E-10,3.29E-10,2.64E-10,1.32E-10,1.31E-10,1.98E-10,1.85E-10,1.18E-11,5.62E-10,1.84E-10,1.41E-10,3.54E-11,4.02E-11,2.67E-11,1.33E-10,5.13E-10,2.51E-11,4.24E-10,5.99E-10,2.70E-11,2.85E-11,8.99E-11,2.23E-10,8.56E-11,2.58E-10,1.79E-10,5.56E-11,3.10E-10,8.75E-11,1.15E-10,4.53E-10,1.60E-10,6.08E-11,3.95E-10,6.41E-10,8.05E-10,1.32E-10,7.76E-10,1.56E-10,4.38E-12,3.31E-11,1.59E-10,5.21E-11,1.69E-10,1.36E-10,1.61E-11,2.69E-10,7.85E-11,4.13E-11,3.55E-11,1.05E-10,1.02E-10,1.32E-10,2.43E-10,4.22E-11,1.19E-10,1.87E-10,2.40E-10,1.64E-10,1.54E-10,4.56E-11,2.65E-11,6.61E-11,1.20E-10,2.07E-10,2.12E-10,7.04E-11,5.73E-10,1.31E-10,3.33E-12,2.99E-11,6.83E-11,2.98E-11,3.60E-11,2.99E-11,2.23E-10,2.71E-10,1.08E-10,1.42E-10,1.24E-10,4.72E-10,1.15E-10,3.70E-10,1.79E-10,8.34E-11,3.58E-10,2.47E-10,1.71E-10,3.99E-10,2.62E-10,1.14E-11,1.47E-10
98.25,98.75,A,10,7.57E-08,2.30E-08,6.51E-09,1.60E-09,8.56E-09,1.27E-09,7.09E-09,3.94E-10,8.59E-10,5.77E-10,1.12E-09,1.79E-09,1.67E-09,2.99E-10,8.65E-11,1.67E-09,5.45E-10,2.82E-10,1.37E-09,7.76E-11,2.89E-11,2.95E-10,5.17E-10,8.15E-11,9.63E-10,2.50E-10,6.44E-10,8.42E-10,4.11E-10,6.60E-11,7.57E-08,2.30E-08,6.51E-09,1.60E-09,8.56E-09,1.27E-09,7.09E-09,3.94E-10,8.59E-10,5.77E-10,1.12E-09,1.79E-09,1.67E-09,2.99E-10,8.65E-11,1.67E-09,5.45E-10,2.82E-10,1.37E-09,7.76E-11,2.89E-11,2.95E-10,5.17E-10,8.15E-11,9.63E-10,2.50E-10,6.44E-10,8.42E-10,4.11E-10,6.60E-11,1.17E-09,4.84E-10,6.51E-11,2.32E-10,1.85E-10,4.05E-10,3.02E-11,3.53E-10,2.26E-11,1.22E-10,1.16E-09,5.29E-10,2.89E-10,9.43E-11,8.32E-10,4.16E-11,1.51E-10,2.71E-10,2.32E-10,1.75E-10,3.11E-11,2.18E-10,3.06E-10,7.15E-11,3.43E-10,1.49E-09,1.60E-10,2.16E-10,3.22E-10,4.54E-11,3.26E-10,4.66E-10,2.29E-10,2.24E-09,4.19E-10,1.72E-10,1.64E-10,2.14E-10,4.97E-10,5.67E-10,4.59E-10,2.10E-10,1.17E-10,3.47E-10,5.05E-10,3.56E-10,5.90E-10,7.92E-10,1.11E-09,2.20E-10,1.16E-10,4.01E-10,6.59E-10,1.06E-10,1.20E-10,1.42E-10,7.79E-10,3.64E-10,1.31E-10,4.07E-10,2.31E-10,8.22E-11,7.67E-11,2.37E-11,8.32E-11,9.02E-11,2.41E-10,5.00E-10,1.50E-11,1.89E-10,6.16E-10,8.73E-11,6.40E-11,5.31E-11,4.74E-10,4.27E-10,8.93E-10,2.83E-10,6.81E-11,7.07E-10,3.62E-10,6.45E-10,1.95E-10,3.37E-10,1.96E-10,1.22E-10,2.08E-10,9.09E-11,1.02E-09,6.52E-11,3.50E-10,1.89E-10,2.92E-10,1.61E-10,2.71E-11,1.23E-10,1.03E-09,1.34E-10,7.76E-11,1.60E-10,2.18E-10,3.66E-11,3.88E-11,5.05E-11,2.65E-10,2.15E-10,1.83E-10,8.18E-10,6.29E-10,1.33E-10,4.37E-10,3.21E-10,2.22E-11,4.00E-10,2.53E-10,2.62E-10,1.64E-10,3.02E-10,3.06E-10,6.81E-11,3.65E-10,3.89E-10,2.97E-11,1.71E-10,2.21E-10,3.43E-10,1.35E-10,2.91E-10,3.46E-10,6.40E-12
98.5,99,A,10,2.95E-08,1.00E-08,7.91E-09,5.02E-09,1.35E-10,1.71E-09,1.39E-09,6.08E-10,8.91E-10,1.29E-10,1.30E-10,4.60E-10,8.45E-10,2.75E-10,3.43E-10,2.62E-10,2.64E-10,4.82E-12,1.03E-11,1.90E-10,2.28E-11,4.25E-11,4.74E-10,5.73E-10,3.29E-10,1.16E-10,5.97E-11,2.98E-10,4.98E-10,2.91E-10,2.95E-08,1.00E-08,7.91E-09,5.02E-09,1.35E-10,1.71E-09,1.39E-09,6.08E-10,8.91E-10,1.29E-10,1.30E-10,4.60E-10,8.45E-10,2.75E-10,3.43E-10,2.62E-10,2.64E-10,4.82E-12,1.03E-11,1.90E-10,2.28E-11,4.25E-11,4.74E-10,5.73E-10,3.29E-10,1.16E-10,5.97E-11,2.98E-10,4.98E-10,2.91E-10,2.15E-10,3.44E-10,6.75E-10,6.14E-10,3.05E-10,3.17E-10,4.20E-10,1.47E-10,1.47E-10,9.47E-10,1.38E-11,4.68E-10,1.51E-10,5.75E-10,6.34E-11,2.99E-10,5.07E-10,2.06E-10,4.92E-10,3.22E-10,1.42E-10,4.24E-10,1.11E-10,4.97E-11,5.59E-11,1.19E-10,5.37E-11,1.30E-10,2.95E-10,2.85E-10,2.91E-10,1.54E-10,3.94E-10,7.25E-10,7.65E-11,3.42E-11,7.57E-11,6.02E-11,3.12E-10,3.60E-10,2.15E-10,2.44E-10,1.53E-10,2.70E-10,5.84E-10,1.28E-10,7.28E-11,1.33E-10,8.93E-11,7.54E-11,3.62E-10,2.01E-10,1.67E-10,3.33E-11,1.30E-10,3.66E-10,2.76E-10,1.62E-10,2.00E-10,1.76E-10,1.40E-10,8.64E-11,1.12E-10,3.68E-10,6.10E-10,1.55E-10,4.47E-10,7.07E-10,2.15E-10,1.12E-10,9.17E-11,4.12E-11,6.51E-10,7.46E-11,4.47E-10,2.20E-11,1.15E-10,1.67E-10,1.33E-10,3.33E-10,2.42E-10,1.13E-10,5.08E-10,1.44E-10,1.07E-10,4.34E-10,7.05E-10,1.83E-10,9.54E-11,8.70E-11,1.33E-10,1.01E-10,1.38E-10,2.32E-10,1.17E-10,4.06E-11,6.29E-10,2.57E-10,3.91E-10,2.96E-10,8.92E-11,2.24E-11,8.80E-11,2.61E-10,1.39E-10,1.92E-10,1.81E-10,5.54E-10,4.07E-11,1.73E-10,9.42E-11,6.99E-11,2.84E-10,1.99E-10,1.88E-10,1.18E-10,4.00E-10,4.04E-10,8.23E-11,1.47E-10,6.43E-11,2.51E-10,2.37E-10,1.14E-10,6.56E-11,6.09E-11,2.52E-11,6.15E-10,2.91E-10,2.16E-12
98.75,99.25,A,10,9.72E-09,1.77E-08,9.11E-09,1.84E-09,2.19E-09,3.58E-09,2.17E-09,5.02E-10,8.23E-10,5.13E-10,6.78E-10,6.99E-10,2.36E-10,1.74E-10,9.20E-11,2.44E-10,6.27E-11,2.80E-10,3.56E-10,1.91E-09,7.88E-10,4.03E-10,8.17E-11,1.24E-10,7.68E-11,1.77E-10,1.17E-09,4.54E-11,2.38E-11,9.87E-11,9.72E-09,1.77E-08,9.11E-09,1.84E-09,2.19E-09,3.58E-09,2.17E-09,5.02E-10,8.23E-10,5.13E-10,6.78E-10,6.99E-10,2.36E-10,1.74E-10,9.20E-11,2.44E-10,6.27E-11,2.80E-10,3.56E-10,1.91E-09,7.88E-10,4.03E-10,8.17E-11,1.24E-10,7.68E-11,1.77E-10,1.17E-09,4.54E-11,2.38E-11,9.87E-11,7.93E-11,8.39E-11,9.67E-11,8.81E-10,1.04E-09,1.79E-10,4.07E-10,1.70E-10,2.18E-10,6.59E-10,5.00E-10,2.55E-10,1.64E-10,9.48E-11,2.00E-10,2.93E-10,1.12E-10,6.23E-10,7.63E-10,1.68E-10,1.63E-10,1.98E-10,6.75E-11,3.09E-10,3.29E-10,2.97E-10,3.20E-10,8.48E-11,1.06E-09,1.93E-10,1.76E-10,2.12E-10,1.68E-10,9.39E-10,4.85E-10,4.88E-10,1.32E-10,3.19E-10,3.10E-10,2.20E-10,1.54E-10,5.70E-10,9.15E-11,7.71E-11,1.89E-10,2.74E-11,3.36E-10,2.36E-10,3.61E-11,3.18E-10,7.18E-11,1.39E-10,4.93E-10,1.03E-10,3.74E-10,1.01E-10,1.01E-10,8.47E-11,1.83E-10,2.52E-10,8.80E-11,3.19E-11,4.99E-11,1.44E-10,3.13E-10,1.32E-10,3.69E-10,3.01E-10,4.23E-11,3.17E-11,8.03E-12,1.62E-10,2.55E-10,1.61E-10,2.18E-10,1.86E-10,5.83E-11,1.58E-10,1.83E-10,2.04E-11,1.11E-10,5.06E-11,1.28E-10,8.42E-11,1.92E-10,1.98E-10,1.70E-10,8.67E-11,1.50E-10,1.19E-10,3.94E-10,2.92E-10,3.00E-11,2.52E-11,9.42E-11,3.46E-10,8.57E-11,3.97E-11,8.88E-11,3.83E-10,4.19E-10,4.44E-10,3.36E-10,7.82E-12,1.31E-10,1.80E-10,4.74E-10,1.64E-10,2.32E-10,4.78E-11,3.14E-10,2.61E-10,5.87E-11,1.78E-10,2.34E-10,6.02E-11,1.81E-10,2.21E-10,6.17E-11,2.03E-11,1.11E-10,7.79E-11,2.36E-11,8.50E-11,5.50E-10,9.06E-11,2.64E-10,2.24E-10,2.82E-10,5.97E-10
99,99.5,A,10,2.63E-08,3.48E-08,1.14E-08,2.16E-09,5.82E-09,6.60E-09,2.70E-09,1.13E-09,2.65E-10,4.84E-09,4.60E-10,4.54E-10,1.81E-10,5.64E-10,1.41E-09,2.28E-10,2.27E-10,7.00E-10,2.51E-09,7.21E-10,5.31E-10,4.93E-10,9.40E-10,2.52E-10,1.13E-09,2.71E-10,4.23E-10,2.39E-10,1.31E-10,1.42E-09,2.63E-08,3.48E-08,1.14E-08,2.16E-09,5.82E-09,6.60E-09,2.70E-09,1.13E-09,2.65E-10,4.84E-09,4.60E-10,4.54E-10,1.81E-10,5.64E-10,1.41E-09,2.28E-10,2.27E-10,7.00E-10,2.51E-09,7.21E-10,5.31E-10,4.93E-10,9.40E-10,2.52E-10,1.13E-09,2.71E-10,4.23E-10,2.39E-10,1.31E-10,1.42E-09,3.93E-10,1.48E-10,2.42E-10,2.22E-10,4.99E-10,5.99E-10,1.80E-10,1.51E-11,6.10E-10,6.58E-10,2.08E-10,1.62E-10,4.67E-10,6.09E-10,4.87E-10,9.56E-10,3.28E-10,1.10E-10,2.63E-10,2.01E-10,4.64E-10,6.53E-10,7.39E-10,4.08E-10,4.21E-10,3.98E-10,3.62E-10,2.90E-10,6.69E-11,3.70E-10,1.01E-09,2.81E-10,4.76E-10,2.19E-10,9.17E-10,7.74E-11,1.19E-10,6.05E-11,3.56E-11,2.60E-10,1.99E-10,3.86E-10,3.62E-10,8.63E-10,3.68E-11,1.99E-10,1.18E-10,3.66E-10,8.16E-11,1.96E-10,1.06E-10,1.99E-10,5.75E-10,2.96E-10,5.68E-10,2.20E-11,1.13E-09,7.33E-10,3.06E-10,5.95E-10,2.07E-10,7.73E-10,5.52E-10,3.55E-10,1.14E-10,1.69E-10,2.79E-10,2.02E-10,1.05E-10,8.17E-11,5.11E-10,2.67E-10,2.39E-10,4.19E-11,1.09E-10,2.79E-10,2.35E-11,4.12E-10,2.11E-10,4.51E-10,5.87E-10,3.51E-10,4.80E-10,3.18E-10,1.50E-10,4.11E-10,1.49E-10,1.32E-09,3.59E-11,1.09E-10,2.02E-10,4.82E-11,7.90E-10,1.50E-10,7.63E-11,2.01E-10,1.35E-10,4.26E-10,8.47E-10,7.64E-11,4.74E-10,2.00E-10,8.93E-11,2.96E-10,3.48E-10,2.18E-11,3.01E-11,3.21E-10,3.09E-10,4.17E-10,1.98E-10,9.27E-12,4.01E-11,5.46E-10,3.87E-11,1.63E-10,1.51E-10,5.84E-11,2.06E-11,2.65E-10,8.01E-11,5.38E-10,4.28E-10,1.25E-10,4.10E-10,5.25E-10,1.03E-09,2.14E-10,2.70E-10,6.44E-10
99.25,99.75,A,10,3.70E-08,5.40E-08,4.70E-09,4.27E-09,8.00E-10,2.40E-09,2.24E-09,1.32E-09,4.82E-10,1.09E-09,1.74E-09,7.73E-10,3.50E-10,5.08E-10,2.43E-10,6.36E-10,1.16E-09,3.64E-10,2.73E-10,2.84E-10,1.37E-09,7.00E-10,3.66E-10,1.07E-09,4.18E-10,3.04E-10,5.80E-10,3.03E-10,1.60E-10,7.34E-10,3.70E-08,5.40E-08,4.70E-09,4.27E-09,8.00E-10,2.40E-09,2.24E-09,1.32E-09,4.82E-10,1.09E-09,1.74E-09,7.73E-10,3.50E-10,5.08E-10,2.43E-10,6.36E-10,1.16E-09,3.64E-10,2.73E-10,2.84E-10,1.37E-09,7.00E-10,3.66E-10,1.07E-09,4.18E-10,3.04E-10,5.80E-10,3.03E-10,1.60E-10,7.34E-10,6.58E-10,1.85E-10,8.45E-10,7.23E-10,2.42E-10,3.17E-10,4.78E-11,1.00E-09,2.59E-10,2.04E-10,2.44E-10,2.45E-10,5.99E-10,5.64E-11,1.20E-10,6.36E-11,3.50E-11,4.02E-10,1.78E-10,2.98E-11,1.63E-09,6.77E-10,5.56E-11,2.57E-10,1.38E-10,5.32E-10,1.57E-10,8.53E-11,4.33E-10,6.82E-11,3.21E-10,6.00E-10,2.05E-10,1.31E-10,4.65E-10,6.11E-10,1.48E-10,3.55E-11,4.47E-11,4.47E-10,4.15E-11,5.35E-10,1.65E-09,3.14E-10,5.31E-11,2.49E-10,2.12E-11,4.61E-10,5.86E-10,5.51E-10,2.74E-10,3.15E-10,6.51E-10,1.64E-10,2.82E-10,1.38E-10,3.48E-10,1.04E-10,3.21E-10,2.78E-10,1.14E-10,1.74E-10,1.07E-10,2.15E-10,1.70E-10,1.77E-10,1.50E-10,2.99E-10,2.48E-10,4.52E-10,2.62E-10,3.02E-10,1.45E-10,6.33E-10,3.45E-10,1.61E-10,1.84E-11,4.91E-11,1.42E-10,9.02E-12,1.74E-10,6.22E-10,4.34E-10,1.49E-10,1.57E-10,2.77E-10,2.55E-11,4.64E-10,3.34E-11,4.84E-11,8.26E-11,2.26E-10,9.30E-11,1.99E-10,2.19E-10,4.46E-10,3.08E-11,1.10E-10,3.06E-11,3.48E-10,8.97E-11,1.41E-10,1.04E-10,2.22E-11,1.70E-10,2.00E-10,5.51E-11,9.36E-11,1.66E-10,1.66E-10,1.10E-10,5.07E-11,1.40E-10,1.44E-10,2.22E-10,9.97E-11,1.24E-10,2.43E-10,1.16E-10,9.12E-11,1.11E-11,4.78E-11,3.23E-10,1.43E-10,3.69E-11,1.71E-10,6.75E-11,1.05E-10,6.35E-11,4.83E-10
99.5,100,A,10,3.63E-09,5.20E-09,1.32E-09,2.51E-09,5.23E-09,1.40E-09,8.91E-10,1.41E-09,7.07E-10,1.11E-09,1.06E-09,5.84E-10,6.62E-10,1.74E-09,2.63E-10,6.70E-10,5.60E-10,1.19E-09,6.82E-10,2.74E-10,9.68E-10,4.61E-10,1.79E-10,1.52E-09,1.42E-09,1.69E-10,1.97E-10,8.25E-11,1.68E-10,2.94E-10,3.63E-09,5.20E-09,1.32E-09,2.51E-09,5.23E-09,1.40E-09,8.91E-10,1.41E-09,7.07E-10,1.11E-09,1.06E-09,5.84E-10,6.62E-10,1.74E-09,2.63E-10,6.70E-10,5.60E-10,1.19E-09,6.82E-10,2.74E-10,9.68E-10,4.61E-10,1.79E-10,1.52E-09,1.42E-09,1.69E-10,1.97E-10,8.25E-11,1.68E-10,2.94E-10,8.80E-10,1.22E-11,3.23E-10,7.41E-10,3.05E-10,1.17E-10,2.96E-10,3.48E-10,2.02E-10,2.03E-10,3.30E-10,4.52E-11,1.17E-11,9.70E-11,1.43E-10,4.98E-10,2.72E-10,1.18E-10,8.75E-11,1.35E-10,9.01E-11,3.69E-10,6.61E-11,1.63E-10,2.55E-10,3.08E-10,6.85E-11,4.80E-10,1.09E-09,9.39E-11,1.85E-10,3.39E-10,9.02E-11,9.76E-11,1.36E-10,4.39E-10,3.51E-10,1.58E-10,9.38E-10,4.83E-10,3.22E-10,3.23E-10,3.45E-10,1.94E-10,1.88E-10,5.93E-10,1.70E-11,7.02E-11,2.01E-10,7.94E-11,9.46E-11,4.59E-10,1.91E-10,3.17E-10,4.03E-10,7.83E-10,7.97E-10,6.14E-10,4.68E-10,3.63E-10,3.00E-10,8.50E-11,2.41E-10,6.26E-11,1.02E-09,4.91E-10,3.57E-10,2.54E-11,7.35E-11,1.77E-10,2.05E-10,1.29E-10,6.15E-11,1.04E-10,2.48E-10,4.37E-11,2.54E-11,1.41E-10,5.58E-11,2.75E-11,8.72E-11,2.94E-10,3.66E-11,1.49E-10,6.74E-10,1.36E-09,3.28E-10,6.43E-11,1.18E-10,5.19E-10,1.83E-10,7.93E-11,2.05E-10,6.36E-11,2.82E-11,5.84E-12,8.05E-11,1.16E-10,7.47E-11,1.63E-10,2.64E-10,1.60E-10,1.84E-10,4.13E-11,6.06E-11,1.06E-10,3.78E-10,2.59E-10,5.84E-11,4.07E-10,1.49E-10,3.00E-10,3.01E-10,1.26E-10,4.33E-11,1.73E-10,1.36E-10,7.82E-10,5.42E-10,7.10E-11,3.63E-10,2.17E-10,7.83E-11,8.48E-11,3.33E-11,1.88E-10,1.24E-10,1.31E-10,3.07E-10,1.18E-10
99.75,100,A,10,1.05E-09,9.76E-10,2.38E-09,3.76E-09,3.62E-09,1.19E-09,2.23E-09,2.57E-10,1.16E-10,7.50E-10,1.20E-09,6.96E-10,7.35E-11,1.67E-10,1.33E-10,4.56E-10,1.62E-09,2.71E-10,1.01E-10,3.33E-10,1.89E-10,5.08E-10,4.08E-10,1.94E-10,5.71E-11,1.74E-10,3.86E-10,1.80E-10,4.39E-10,1.32E-10,1.05E-09,9.76E-10,2.38E-09,3.76E-09,3.62E-09,1.19E-09,2.23E-09,2.57E-10,1.16E-10,7.50E-10,1.20E-09,6.96E-10,7.35E-11,1.67E-10,1.33E-10,4.56E-10,1.62E-09,2.71E-10,1.01E-10,3.33E-10,1.89E-10,5.08E-10,4.08E-10,1.94E-10,5.71E-11,1.74E-10,3.86E-10,1.80E-10,4.39E-10,1.32E-10,9.51E-10,1.55E-10,1.75E-10,2.17E-10,1.27E-11,1.33E-10,3.01E-10,5.38E-10,4.46E-10,1.55E-10,4.73E-11,9.34E-11,3.32E-11,3.95E-11,7.16E-11,1.32E-10,9.89E-11,5.25E-11,1.77E-10,8.23E-11,8.21E-11,2.25E-10,1.07E-10,9.13E-11,5.83E-11,1.24E-10,3.29E-11,1.59E-10,9.74E-11,2.64E-11,6.72E-11,1.52E-10,2.15E-10,6.49E-10,1.09E-10,2.22E-10,1.40E-10,9.92E-11,2.69E-11,4.00E-10,4.81E-10,2.93E-10,6.16E-11,1.97E-10,4.26E-11,1.08E-10,1.91E-10,1.04E-10,5.76E-11,2.25E-10,1.70E-10,2.21E-10,3.60E-10,3.81E-10,1.01E-10,1.70E-10,3.35E-10,1.70E-10,7.78E-11,8.58E-11,2.26E-10,2.80E-10,2.19E-10,7.80E-11,2.32E-10,7.01E-10,1.56E-10,7.77E-11,3.13E-11,9.27E-12,9.58E-11,2.24E-10,8.27E-11,1.98E-10,1.25E-10,1.08E-10,2.18E-10,3.20E-10,8.40E-11,1.29E-10,2.11E-10,1.08E-10,2.18E-10,4.48E-10,2.00E-10,8.92E-10,3.32E-10,2.12E-10,5.74E-10,1.90E-10,2.16E-10,6.56E-11,9.52E-11,6.60E-11,4.49E-11,1.09E-10,9.75E-11,3.34E-11,5.89E-11,1.71E-10,6.73E-10,9.52E-11,2.30E-10,2.34E-11,4.23E-11,1.15E-10,2.42E-10,4.83E-11,5.06E-10,4.54E-10,8.58E-11,1.64E-10,1.30E-10,3.02E-10,3.50E-10,4.84E-11,2.64E-11,2.85E-11,4.17E-10,5.46E-11,2.92E-11,1.34E-10,2.73E-10,2.12E-10,3.33E-10,1.17E-10,9.44E-11,2.47E-10,9.33E-11,2.96E-10
