start_time,time_center,end_time,product_name,product_code,normalized_param_1_output_1,normalized_param_2_output_2,normalized_param_3_output_3,normalized_param_4_output_4,normalized_param_5_output_5,normalized_param_6_output_6,normalized_param_7_output_7,normalized_param_8_output_8,normalized_param_9_output_9,normalized_param_10_output_10,normalized_param_11_output_11,normalized_param_12_output_12,normalized_param_13_output_13,normalized_param_14_output_14,normalized_param_15_output_15,normalized_param_16_output_16,normalized_param_17_output_17,normalized_param_18_output_18,normalized_param_19_output_19,normalized_param_20_output_20,normalized_param_21_output_21,normalized_param_22_output_22,normalized_param_23_output_23,normalized_param_24_output_24,normalized_param_25_output_25,normalized_param_26_output_26,normalized_param_27_output_27,normalized_param_28_output_28,normalized_param_29_output_29,normalized_param_30_output_30,normalized_param_31_output_31,normalized_param_32_output_32,normalized_param_33_output_33,normalized_param_34_output_34,normalized_param_35_output_35,normalized_param_36_output_36,normalized_param_37_output_37,normalized_param_38_output_38,normalized_param_39_output_39,normalized_param_40_output_40,normalized_param_41_output_41,normalized_param_42_output_42,normalized_param_43_output_43,normalized_param_44_output_44,normalized_param_45_output_45,normalized_param_46_output_46,normalized_param_47_output_47,normalized_param_48_output_48,normalized_param_49_output_49,normalized_param_50_output_50,normalized_param_51_output_51,normalized_param_52_output_52,normalized_param_53_output_53,normalized_param_54_output_54,normalized_param_55_output_55,normalized_param_56_output_56,normalized_param_57_output_57,normalized_param_58_output_58,normalized_param_59_output_59,normalized_param_60_output_60,normalized_param_61_output_61,normalized_param_62_output_62,normalized_param_63_output_63,normalized_param_64_output_64,normalized_param_65_output_65,normalized_param_66_output_66,normalized_param_67_output_67,normalized_param_68_output_68,normalized_param_69_output_69,normalized_param_70_output_70,normalized_param_71_output_71,normalized_param_72_output_72,normalized_param_73_output_73,normalized_param_74_output_74,normalized_param_75_output_75,normalized_param_76_output_76,normalized_param_77_output_77,normalized_param_78_output_78,normalized_param_79_output_79,normalized_param_80_output_80,normalized_param_81_output_81,normalized_param_82_output_82,normalized_param_83_output_83,normalized_param_84_output_84,normalized_param_85_output_85,normalized_param_86_output_86,normalized_param_87_output_87,normalized_param_88_output_88,normalized_param_89_output_89,normalized_param_90_output_90,normalized_param_91_output_91,normalized_param_92_output_92,normalized_param_93_output_93,normalized_param_94_output_94,normalized_param_95_output_95,normalized_param_96_output_96,normalized_param_97_output_97,normalized_param_98_output_98,normalized_param_99_output_99,normalized_param_100_output_100,normalized_param_101_output_101,normalized_param_102_output_102,normalized_param_103_output_103,normalized_param_104_output_104,normalized_param_105_output_105,normalized_param_106_output_106,normalized_param_107_output_107,normalized_param_108_output_108,normalized_param_109_output_109,normalized_param_110_output_110,normalized_param_111_output_111,normalized_param_112_output_112,normalized_param_113_output_113,normalized_param_114_output_114,normalized_param_115_output_115,normalized_param_116_output_116,normalized_param_117_output_117,normalized_param_118_output_118,normalized_param_119_output_119,normalized_param_120_output_120,normalized_param_121_output_121,normalized_param_122_output_122,normalized_param_123_output_123,normalized_param_124_output_124,normalized_param_125_output_125,normalized_param_126_output_126,normalized_param_127_output_127,normalized_param_128_output_128,normalized_param_129_output_129,normalized_param_130_output_130,normalized_param_131_output_131,normalized_param_132_output_132,normalized_param_133_output_133,normalized_param_134_output_134,normalized_param_135_output_135,normalized_param_136_output_136,normalized_param_137_output_137,normalized_param_138_output_138,normalized_param_139_output_139,normalized_param_140_output_140,normalized_param_141_output_141,normalized_param_142_output_142,normalized_param_143_output_143,normalized_param_144_output_144,normalized_param_145_output_145,normalized_param_146_output_146,normalized_param_147_output_147,normalized_param_148_output_148,normalized_param_149_output_149,normalized_param_150_output_150,normalized_param_151_output_151,normalized_param_152_output_152,normalized_param_153_output_153,normalized_param_154_output_154,normalized_param_155_output_155,normalized_param_156_output_156,normalized_param_157_output_157,normalized_param_158_output_158,normalized_param_159_output_159,normalized_param_160_output_160,other_param_1_input_1,other_param_2_input_2,other_param_3_input_3,other_param_4_input_4,other_param_5_input_5,other_param_6_input_6,other_param_7_input_7,other_param_8_input_8,other_param_9_input_9,other_param_10_input_10,other_param_11_input_11,other_param_12_input_12,other_param_13_input_13,other_param_14_input_14,other_param_15_input_15,other_param_16_input_16
0,0.25,0.5,A,10,1.159011651,0.262854449,-0.375242094,-0.561217422,0.021589965,-0.710765919,0.386717665,-0.881038615,-1.004133364,1.545743738,1.507567632,-0.758441098,0.692914268,-0.748051139,0.975004418,-0.711901993,-0.811631527,-0.631658571,-0.767791497,-0.304095914,-0.837673636,0.159549945,-0.630692324,-0.817117894,-0.91537119,-0.743409105,-0.361051484,-0.263034626,0.35680905,-0.948676695,0.124368882,0.268161476,-0.748087571,-0.901031213,-0.791179931,-0.49395474,0.123427594,-0.412345737,-0.727111025,-0.183956224,-0.014976001,-0.255763493,-0.581571336,-0.490275177,-0.271110562,-0.262488919,-0.724739662,-0.943201928,-0.573201508,0.210575622,-0.051743526,-0.70048771,-0.500763201,0.547926734,-0.94011251,1.089143426,0.10683084,0.504920844,-0.9783686,-0.400462486,-0.078568102,-0.317128013,-0.304634128,-0.395927433,0.413901077,-0.967047769,-0.461456167,-1.02214217,-0.652400542,2.211091896,0.334216569,0.113261924,-0.949681748,0.135985741,1.555606813,-0.670616251,-0.778422852,0.026020478,0.568055034,0.124494113,-0.501535399,-0.453237213,-0.899511121,0.398380557,-0.237672736,0.409434796,-0.458994556,-0.637045033,0.62436027,0.060379447,-0.803265525,-0.414250843,-0.07909919,1.731809834,1.250154365,0.566344085,-0.594112055,-0.421545768,-0.03375044,0.901167882,-0.639046001,-0.235932081,-0.733059577,1.918394104,0.060538948,0.278964526,-0.679200867,0.365782726,0.280243767,-0.488603619,-0.113036928,1.622537438,0.172072169,1.966356915,-0.83719957,-0.649628474,-0.579439667,1.251884869,-0.382054706,-0.561560564,0.03282315,-0.530656253,-0.346130977,-0.707750313,-0.533211813,0.177114122,0.659430299,-0.792805119,-0.633451836,-0.118970893,-0.542947188,0.460514105,0.534641349,-0.520708291,0.074120567,0.081839218,0.136260697,-0.140263777,-0.317727036,-0.617202682,-0.843019282,-0.796106319,0.481736388,1.247582192,-0.337421682,-0.131539511,-0.303187346,-0.603303821,-0.465395367,-0.282018686,-0.292823366,-0.593030569,-0.073570935,-0.896473558,1.755663562,-0.460361348,-0.791933974,-1.051140679,-0.515489298,0.039435309,-0.015647995,-0.155808542,-0.500066796,-0.374170849,-0.390675297,-0.132311619,-0.157431135,0.045891982,-0.169544099,0.210345234,0.012808193,0.188993148,-0.279360964,-0.085147304,-0.203267344,-0.287972486
0.25,0.5,0.75,A,10,0.480690386,0.801083179,0.377950842,-0.899927079,-0.568404123,-0.048586802,-0.605674179,-0.229963266,-0.460169139,2.376808839,0.56792986,3.121923916,-0.002526104,-1.05998246,-0.46228525,-0.525946949,-0.304473067,-0.590967317,-0.27311158,-0.579688166,0.86945733,-0.271385396,-0.436540722,-0.331539853,-0.77143767,-0.772157431,-0.89333254,-0.676370774,-0.397296821,-0.14850727,0.579725656,3.134674617,-0.267938706,-0.461607623,-0.310725082,-1.012358389,1.469493037,0.024255996,0.02768016,-0.295009762,-0.855451546,-0.376621742,0.03819056,-0.854904887,-0.21942922,0.105907293,-0.624155958,0.073156519,1.093225086,0.786124196,-0.743314898,-0.422227405,0.451085104,-0.526720342,0.325961577,0.00155601,-0.526967256,-0.506776251,-0.914879269,0.078732124,-0.822565544,-0.826969762,-0.020764204,-0.793265974,-0.281054013,-0.349707173,0.617434229,-0.918625963,-0.645941105,0.519223617,-0.853777338,-0.383315152,2.009812715,-0.313934252,-0.075489932,0.118219919,-0.078222303,0.076123536,-0.645404857,-0.827493685,-0.504793734,-0.75556495,0.604370344,-0.186126516,0.058730493,-0.465402336,-0.17491152,-0.987405352,-1.075353621,-0.86554962,0.548537308,-0.785396835,-0.851507357,0.093944353,-0.367796619,-0.391604474,0.157740591,-0.951267666,-0.411916101,0.276087868,-0.427389186,0.027627323,-0.97680894,-0.873614037,-0.528413456,-0.546384883,-0.555109249,0.45769589,-0.655943814,-0.744911346,0.170402588,0.191292757,0.809912,-0.943600031,-0.163061426,-0.802337947,-0.537356255,-0.565173736,0.08688589,1.165812665,0.376999915,-0.884528837,-0.018035855,-0.821934202,-0.445736484,2.544566598,1.49753376,-0.364847033,-0.630067174,0.293015868,1.005891167,0.528421937,-0.385391487,-0.667614947,-0.666516193,-0.082902869,-0.90974918,-0.230124735,-0.447756732,-0.068332539,-0.764064779,0.479751194,-0.183263901,1.053277965,0.427016648,-0.553424207,1.545717204,-0.913864236,-0.840304879,-0.793970127,-0.708613685,-0.738474491,0.660791266,-0.172598317,-0.298025273,-0.732870158,4.510898749,2.041575334,-0.598162381,0.912431835,0.122380866,-0.010912712,-0.382911115,0.28881899,-0.08339597,-0.27835506,-0.352223589,-0.097348135,-0.435200681,-0.268317893,-0.48232517,-0.05872235,0.154696656,-0.192407558,-0.054312912,0.487695288
0.5,0.75,1,A,10,-0.444040885,1.124676546,0.518115647,4.256893876,1.800658335,0.372553488,0.889677642,1.415357901,0.399870502,2.753212809,-0.73973266,-0.372941477,0.887088029,2.644778573,0.277055248,1.932730803,1.108071158,0.110576182,-0.463459088,-0.276359976,2.643576666,0.829747347,0.321936736,-0.644430185,-0.763570048,0.981643471,-0.218848097,1.141356081,1.122070305,0.361937313,0.62568906,0.235279835,1.25787696,1.102627833,1.564908321,-0.645224705,1.927097284,-0.485409759,1.150923036,-0.300604052,0.544738912,-0.181884111,4.495263922,-0.56508441,-0.466176274,2.178057913,-0.927549347,1.767153092,1.383983623,1.690961598,0.07638578,-0.521456235,0.131681307,-0.297577377,-0.684033468,-0.143911426,1.281500034,0.335950967,0.389263993,-0.554979633,0.779921167,0.339091259,0.394331175,-0.838730268,-0.244966229,3.5390562,-0.158615111,-0.815182891,-0.667145411,-0.904324474,0.178048577,2.48522669,-0.933744416,-0.814404576,0.592769092,2.018392405,1.092395837,-0.310943163,0.852405523,-1.135751228,-0.318862216,0.387231752,0.282376666,-0.591809253,0.029771992,-0.926930341,-0.825792792,0.006060084,0.295372389,0.153709038,-0.887898522,0.449444106,-0.492619846,0.617486985,0.920321981,1.051958335,1.003433684,-0.832757114,-0.316537407,0.404078201,-0.761198544,0.004414234,-0.501643764,0.714585457,-0.458339374,-0.487272417,2.917303094,-0.926492419,0.687059006,-0.147987067,-0.620786295,0.793262205,-0.84384578,-0.590412026,-0.537077168,-0.569431825,-0.237776038,0.801498065,-0.548566333,-0.255105978,0.007558791,-0.212285154,-0.945206373,-0.405370773,0.296516324,-0.61367306,-0.900091862,1.328401596,-0.927883198,1.622717918,0.859198616,-0.720994138,-0.679044594,0.962987961,-0.156524517,-0.936515976,0.174864907,0.435979124,-0.270595764,-0.390110819,-0.673438847,-0.710640672,-0.773461781,-0.948938895,-1.043035759,0.123984601,-0.749046022,-0.233102609,-0.386875045,-0.70270974,-0.773706304,0.679499144,-0.184116203,-0.355463729,0.238322179,1.910450805,-0.566385439,-0.793423284,-0.578446039,0.080846022,1.308697586,0.510780679,0.577541959,0.643316381,0.991946492,0.001282394,0.142343542,0.402439474,-0.150887268,0.19169104,0.104042821,-0.260824117,-0.074931579,-0.07207552,-0.609726477,-0.034242285
0.75,1,1.25,A,10,2.667064243,-0.383134977,2.288106333,-0.611931178,0.31779358,0.835526117,-0.971074449,-0.549127291,-0.561474673,-0.890485183,-0.157331348,0.137611329,1.462366442,0.059387606,0.900417385,-0.790980508,-0.462628152,1.654085189,-0.72123223,0.90589644,-0.806056623,-8.28E-06,0.716349858,-0.781254384,1.163254809,1.585021174,0.986103296,-0.04617816,-0.702282657,4.869281705,-0.369283604,2.013931866,-0.08000042,-1.060494079,0.536357127,2.486697517,-0.14824172,-0.721384266,0.975833908,-0.858776267,-0.773932982,-0.285896721,1.404980197,4.158220118,3.06772668,-0.257964629,0.387866558,-0.252847014,-0.352385731,0.729530756,-0.585165266,-0.598521719,1.787797794,-0.380286024,0.020377001,1.128417525,-0.455361885,3.416247764,-0.641966082,0.191567083,0.466078872,-0.660302876,1.439445499,-0.864474344,1.343456095,-0.644180518,-0.237824461,-0.888660986,-0.904466071,0.041014571,0.062531611,2.875601868,0.227756779,1.840231125,1.329997783,0.85697506,-0.322132302,0.507750489,2.123775895,-0.359628787,-0.455426249,-0.9846707,-0.915466023,-0.700258111,-0.390973012,-0.068338029,-0.512775028,0.550580698,-0.285516323,-0.638173553,-0.676381473,0.039803106,-0.452575309,1.169449218,1.523499153,2.1775211,-0.629309721,-0.34867401,-0.222974469,3.969749779,0.736301403,3.338148871,-0.445158105,0.820959589,-0.318700824,0.156779101,-0.753384029,3.506704484,2.306480066,-0.902223644,0.925826813,-0.950530607,-0.268080126,-0.850758426,-0.468849277,-1.072316068,1.739526172,0.336284307,-0.778508344,-0.63835414,0.735869758,-0.431785343,0.383256812,-0.683416771,-0.758253708,-0.113571601,-0.400887869,2.067410917,-0.333256111,-0.395234175,0.084382734,-0.511939151,1.345835917,-0.522463476,-0.033334032,0.725311213,-0.247950069,-0.158414717,0.138205366,0.480350958,2.124261528,1.06280796,-0.522604504,-0.093793848,-0.298550778,3.468904013,1.264596694,0.316746105,-0.341212623,0.348517887,-0.081475294,-0.717143208,-0.71788436,0.015109462,-0.252583445,-0.760995543,-0.744898985,-0.930383413,-0.390795468,0.037001091,0.214126252,0.298759215,0.698423074,0.277464006,0.782529723,0.388310619,-0.090991422,0.914285952,-0.440101633,0.655010737,0.844590691,-0.202575969,0.007013191,0.129998474,0.732967243,-0.454404916
1,1.25,1.5,A,10,2.773642192,-0.392596213,-0.323428937,-1.042158794,-0.354399683,2.086977251,-0.216109313,-0.941786026,-0.419051694,0.313931658,-0.676896432,-0.671026032,-0.804028446,-1.040822269,-0.173946728,-0.332785987,-0.902839011,-0.433929935,-0.87863896,0.607717715,-0.256041598,-0.710989444,1.441760376,-0.700889689,-0.58193339,-0.833248846,-0.516789108,0.462142768,-0.160628677,-1.038913555,1.529739233,-0.412008619,-0.364424787,0.059389562,0.717740208,-1.028261716,0.536526617,-0.195200252,-0.426056925,-0.352261202,-0.016569752,-0.417200053,0.373550948,-1.074402562,-0.783982981,-0.097026882,-0.622925836,-0.149143009,-0.792298652,0.604806736,-0.052285838,0.497138848,-0.119729664,-0.204472723,-0.170011053,-0.785073698,-0.566303162,-0.679486733,-0.169877451,-0.883494858,0.165245346,-0.456894516,0.492852901,-0.798344426,-0.845326003,-1.016069027,-0.604821223,-0.854260521,-0.344613206,-0.123719486,-0.87483855,-0.146824579,-0.746675642,-0.918218553,-0.083385768,-0.640391523,-0.320333443,-0.857272771,0.044904474,-0.251604054,-0.67159855,-0.88730137,-0.606766403,0.799764443,-0.384991051,-0.099683274,0.158769597,0.296075319,-0.722378272,-0.0564782,-0.337370328,-0.662191758,-0.713397985,-0.48460446,-0.882750409,-0.817572692,-0.735030392,0.100609076,-0.82839342,0.264421711,-0.823374331,-0.757702716,-0.515026911,-0.691176455,0.624753886,-0.727327955,0.965375805,0.751738488,-0.418448918,-0.263504009,-0.877573784,-0.905304122,-1.041433393,-0.74466915,-1.020353666,-0.52220971,-0.781794536,-0.957287979,1.69435831,0.313303135,0.595443544,-0.333910208,0.298801593,-0.383591932,0.054299094,0.239065856,-0.260722733,-0.996551257,-0.917318964,-0.767979475,-0.99435516,-0.119823338,-0.787644808,-0.201757186,-0.876849778,0.149160339,-0.516923475,0.724388264,-0.728375108,-0.236295869,-0.658697094,0.081709176,-0.343356267,1.961471137,0.004302431,-0.851641099,-0.248936651,-0.391678021,0.275150563,-0.820446853,-0.799611487,-0.786772199,0.658891105,-0.662144767,0.184562697,0.748367907,0.150011697,0.800883652,-0.063745722,-0.422987669,0.148502044,-0.530719608,-0.289553116,0.006518212,-0.297519204,-0.313359633,-0.438595016,-0.479464041,-0.217458776,-0.509628066,-0.185469312,-0.484296489,-0.247246448,-0.358847612,-0.099212268,-0.019254479
1.25,1.5,1.75,A,10,0.837716792,-0.030145918,-0.233054184,-0.148735584,-0.513875142,1.148228999,-0.43111512,-0.039580695,1.85411371,3.990739949,0.916245861,0.984559168,-0.49632617,-0.806890227,0.889215595,0.407265451,0.000963686,0.551512615,1.551944389,-0.335282455,-0.379448884,1.19642196,1.868937584,-0.457078957,-0.052960123,-0.245082878,1.626328766,0.264206366,-0.872174555,2.133691818,0.600436117,4.092219669,1.033329219,0.371057879,1.824595789,-0.276321982,1.029133945,-0.841066972,4.451294917,-0.32663693,0.331054833,0.51648201,-0.249585877,-0.511609129,0.681916691,-0.168193659,0.583990047,0.526139935,-0.412228502,4.086111808,-0.805582584,-0.757126209,0.876812544,-0.213366571,-0.651558912,-0.50784231,-0.477641037,1.999123182,0.072904345,-0.280972638,-0.974994301,3.464387072,1.524470002,0.473176822,0.944953271,-0.362661952,-0.606809994,-0.555422088,0.694905716,2.832159721,1.291552258,0.402482076,-0.475749399,-0.797776131,0.053705168,-0.484587123,-0.205806248,-0.7593085,1.884875829,0.187085665,-0.511265614,0.415274639,-0.892918205,-0.127480877,-0.839899913,0.009253303,0.007369988,0.389274355,-0.655597218,-0.550265301,-0.495242661,-0.132872012,-0.909395735,0.368276071,-0.929985252,-0.27141202,3.240339957,2.064369189,-0.39154615,1.728635679,-0.783389642,-0.04884673,1.123691983,-0.153786729,-0.98531627,1.531242347,1.43736281,0.340475368,-0.791948847,-0.87976787,1.943007202,1.516732339,-0.388978515,0.328282628,4.244078791,0.144144078,-0.385456478,2.807088646,-0.742055309,-0.017343448,-0.335526424,-0.256182681,0.110609508,-0.614737489,1.931657371,-0.57163921,-0.52308589,-0.818971479,4.485571459,-0.70786225,0.703109306,0.430541867,1.44859632,-0.748802738,-0.468671415,-0.793165834,-0.843300617,0.761317988,1.156834013,0.372874365,-0.645315797,0.074557299,2.739584914,-0.738788105,0.800313864,2.93919506,0.033724101,-0.224092504,-0.125285491,-0.318678457,1.51207001,0.693908848,0.292967225,0.943087614,0.540418688,0.191359854,0.067368787,0.515763458,-0.392777773,-0.438185012,0.643429281,0.366320791,0.50828411,1.195804165,0.538407816,-0.074525019,0.743416427,0.109647359,-0.275625484,0.427116707,0.078971642,0.944949993,0.269983292,0.201933325,0.453521488,0.39259817
1.5,1.75,2,A,10,0.223338628,0.67263018,1.032555221,-0.089748067,-0.357250811,-0.317514863,0.613023857,-0.956828047,-0.380187889,-0.8213895,-0.467643278,-0.171214618,0.988663725,-0.910603748,1.188305123,1.607313989,-0.796208726,0.491826098,1.744507268,-0.56063029,0.054643234,1.705352795,0.859082097,-0.255266673,-0.15206108,0.082751352,0.217271216,0.784096665,-0.146099843,-0.315638797,0.065886429,-0.595812087,0.548015533,0.941372661,-0.492837909,-0.637061066,0.138053203,-0.918278702,0.826083917,-0.212212507,1.138179536,0.524532955,-0.46797303,-0.35834446,-0.460328115,-0.562652091,-0.365694194,-0.697283294,1.073339282,0.698785919,-0.649869693,0.481146688,-0.038531742,2.571700923,-0.743645166,-0.586469638,1.2685728,-0.646216931,1.393183024,1.20716289,0.499591751,4.431833938,2.71931518,0.998215156,0.34495552,1.486309259,0.144447695,-0.225056379,-0.627844552,-0.738687917,-0.603544988,-0.382407307,-0.578199826,-0.132785648,0.408883947,0.249804012,0.389255429,-0.683614734,1.085126482,1.208696304,-0.795463524,-0.360393078,-0.750348453,0.78554346,-0.041247718,1.096635829,-0.357104365,0.556471188,0.116804925,0.721615833,-0.601237114,-0.476097155,-0.17187593,0.468243986,0.842650536,-0.499433371,-0.170626567,-0.79464314,0.86897572,0.069004664,-0.377487309,2.062807176,1.63761464,-0.414515347,-0.96208514,-0.75949174,-0.643502342,-0.195262812,-0.858655711,-0.547991569,-0.922494766,-0.710612832,0.190798945,-0.892140038,1.00772498,2.251621985,-0.37311943,1.394245941,-0.699337553,-0.969436338,-1.034092346,-0.309231499,-0.928530786,-0.32887945,-0.405356184,3.85232611,0.495475318,-0.333445024,0.919312808,-0.846906156,0.309406556,0.686978041,-0.021430454,2.076884905,-0.772479998,0.386513345,0.856434333,-0.607477677,0.217819113,3.310317202,-0.545652548,1.021433088,-1.053230143,-0.372114498,-0.600797503,1.233353502,-0.500677937,-0.307815653,0.053259651,1.386473526,-0.204549973,-0.939198709,-0.474523787,0.390941232,-0.08531562,-0.811461228,-0.446894743,-0.651563838,-0.900160304,-0.440429628,-0.038137129,0.311431554,0.283413097,-0.033679053,0.052256251,0.425703316,0.903307965,0.096121367,0.09725141,-0.046503837,-0.105857015,0.02772509,0.108067279,0.644296537,0.031423148,-0.45631566
1.75,2,2.25,A,10,0.051556266,-0.380910374,-0.015320732,2.183377817,-0.806692779,0.080871988,-0.580654613,-0.769365331,-0.44059275,-0.004338048,-0.554357473,1.652919885,-0.056052969,-0.385166763,1.082430602,1.45634435,1.012411701,0.500672356,-0.5798077,-0.410047237,0.176494861,0.193778037,-0.966790699,-0.326164163,-0.303422892,-0.08715875,0.622536897,0.080442846,-0.953649477,-0.232822746,-0.278748262,-0.445453226,-0.415325976,-0.539676768,-0.401373935,-0.620277942,-0.290195774,-0.49252318,-0.917434901,-0.332827771,-0.855469455,0.78087288,-0.302308243,2.261787531,0.383197859,-0.581409556,0.132537085,-0.229424628,1.983056074,-0.45169069,0.910215575,-0.454160393,2.659092876,-0.48801583,0.924839515,-0.734312349,-0.71882587,1.768613766,-0.394183068,-0.951748469,-0.797575174,3.475420414,0.105676005,0.363089596,0.60827963,1.843529298,-0.457992741,2.102906935,1.710427024,2.848733395,0.842280134,-0.854549119,-0.792765526,1.672282332,-0.546431323,-0.092010469,0.373089793,-0.806559345,-0.132109582,-0.161091168,4.072805993,3.551415583,0.055751122,-0.116574923,-0.270921344,1.758355598,-0.553597802,1.77310441,-0.587566007,-0.946391817,-0.174563209,-0.277546899,-0.890483053,2.798636151,-0.160726385,2.018841073,-0.245064329,-0.01057772,-0.872025852,-0.431852535,1.028215905,0.843267473,-0.871357934,-0.746006325,-0.947864001,0.267276658,-0.616268666,-0.822610199,-0.049891864,-0.079867973,-0.255839052,-0.800381305,-0.454767479,0.638096073,0.751881967,0.660133286,-0.344397942,-0.815538141,-0.746914323,2.041861372,-0.273076503,0.334759246,-0.817233812,0.331688613,-0.112177279,-0.476464926,-1.029585493,-0.028201529,0.613801636,0.836439246,-0.900900914,-0.713785225,-0.93441026,-0.212266572,0.869109922,0.244483942,1.745115685,1.761551806,0.742270934,-0.369561096,0.949253102,0.371253002,4.45778431,1.590451409,-1.011572535,0.429145831,-0.439328268,-0.585039724,0.130129528,-0.514896971,1.150576134,0.771178054,-0.934389412,1.001846511,-0.92621042,-0.557688761,0.577678775,-0.961933018,-0.774495862,0.381876095,-0.068206856,0.371934675,-0.179675609,-0.473383774,0.312114886,0.252151575,1.180249438,-0.049786427,0.873638081,0.175463724,-0.199510693,0.067413446,-0.06200508,0.223160822,0.537717968,-0.027156191
2,2.25,2.5,A,10,-0.465600677,-0.449605749,-0.493935771,2.18009155,0.086937799,0.294144581,-0.53351714,-0.670501924,-0.729856634,-0.755438564,0.484498056,1.080583878,-0.465005004,-1.015812386,0.878161205,0.39743388,-0.490612559,-0.487850519,-0.132953428,0.328472607,-0.647154433,-0.331946935,-0.671963896,-0.526257556,-0.788601486,-0.37969244,1.51240548,-0.605335899,0.573247352,-0.561729843,-0.469042277,0.003014831,1.513459082,1.885713788,-0.454503185,-0.555625641,1.603674812,-0.345381124,-0.471605859,0.118413217,-0.717487576,0.196379385,-0.81077867,-0.155613923,-0.547909137,-0.082163567,-0.082582923,0.046643236,-0.393933585,-0.491354288,1.306013203,-0.781345293,-0.101204964,-0.285321154,-0.020771114,-0.89015387,-0.804712897,0.307054318,-0.838215921,-0.983690604,-0.306693377,0.627924501,-0.917545562,0.077436108,-0.672552286,-0.439016991,-0.30190884,-0.710928508,0.119823827,-0.750581874,-0.069719898,0.431866173,-0.294199474,1.50255126,0.280694272,-0.209240619,2.198576951,0.082584315,-0.839117102,-0.77026538,-0.678855084,-0.099790759,0.001170092,-0.316089087,-0.027718877,0.055928744,-0.316607087,0.245337625,-0.819679517,-0.099691452,-0.123906586,-0.7137961,-0.780622354,-0.881373345,-0.365046604,-0.577644884,-0.650526238,-0.238266905,-0.920507401,0.066633714,0.026924619,-0.254851587,0.767076337,0.050823102,2.115113714,0.349456879,-0.927549153,0.06544386,1.470406002,0.687490632,-0.211462789,0.122607739,0.524118572,-0.82522485,-0.898317154,-0.847876124,-0.373252846,0.302853118,-0.404440476,-0.188857826,-0.819094478,0.743709048,-0.38948487,-0.85824463,-0.435481391,-0.233812729,-0.289851892,0.439507421,0.127436391,-0.285413799,-0.972777686,-0.923688057,0.196405406,-0.896330317,0.004876898,-0.124682572,-0.814570984,0.47366926,2.334196007,-0.878841409,0.045885281,-0.625775355,1.081285514,1.578075365,0.251432333,-0.816789689,-0.083356669,0.153070406,0.031074599,3.264817979,0.210724164,-0.657293262,-0.327386035,-0.867762962,-0.788476601,1.345658084,-0.770531256,1.012647127,0.330186269,-0.290117522,-0.153728253,0.057691573,-0.242702965,0.282811764,-0.303880105,-0.30923483,-0.3274043,0.23137305,-0.20559954,-0.51850567,0.43503344,-0.279985264,-0.200073093,-0.160174345,0.487971976,-0.080235199
2.25,2.5,2.75,A,10,-0.417782396,0.010065288,-0.15221373,-0.466354261,-0.2481214,1.454806725,-0.840505683,-0.870725836,1.099269514,-0.256386297,0.237314027,0.358740069,-0.649590407,1.640333502,-0.830704582,-0.726695869,1.645673844,-0.789469554,0.634983237,1.57407384,-0.545056809,-0.755497063,0.333438126,-0.433438892,-0.131426135,-0.016787317,-0.23656425,0.724687357,-0.316238725,-0.21548768,2.321084082,-0.542119934,1.875282652,0.569825301,0.708255391,4.055574983,3.196937976,-0.306289514,-0.00044818,0.668577669,1.2742801,0.53981635,-0.533676501,-0.730322738,-0.638011587,-0.381145965,1.864487724,0.558903918,-0.990744712,-0.555201915,-0.609852202,0.045752567,-0.402402736,-0.869007224,-0.109289883,-0.122215628,-0.112091074,2.381957346,1.192414817,-0.390999233,-0.357114501,0.515823711,1.531274172,-0.887895294,-0.87552293,-0.918544168,-0.721607984,-0.484391895,0.267764133,0.27739154,-0.753684424,-0.391335409,3.419844556,2.882804141,-0.311447387,-0.555045176,-0.704448998,0.043517122,-0.914932586,-0.761021971,-0.185133938,-0.889895725,-0.560020664,-0.176740263,-0.081283509,-0.792496649,0.421530206,0.493520135,0.228431028,-0.255420842,2.12450247,-0.29283531,0.160054567,-0.929730256,0.461880024,0.672335006,-0.472972248,0.756818007,1.917856297,4.057434113,-0.356102474,2.379015155,0.66011557,0.215803386,-0.144777558,-0.544031421,0.662806872,-0.673460456,0.10973834,0.357124044,-0.107024314,0.830960743,-0.206972322,1.90857601,-0.402690805,0.244667409,0.408198021,0.216333312,0.438303869,1.233355924,-0.752310241,-0.45381197,0.570148892,-0.383383716,-0.457558248,-0.326619431,-0.256422627,-0.731807573,-0.041278306,0.045894975,-0.50360503,-0.617461789,-0.218693247,0.749304087,2.328017772,-0.423565532,-0.709520777,-0.376687919,3.666061856,-0.520506447,-0.332795436,-0.44194664,0.358996253,0.070784755,-0.072213372,-0.055227152,-0.394927709,0.284868887,-0.579228771,0.401559576,-0.91254081,-0.934544219,-0.488149238,-0.706912934,-0.773619872,-0.184712393,0.338686744,-0.458507299,-0.460716792,-0.810410227,-0.068794808,0.309465811,-0.159237139,1.254668042,0.040838468,0.100426675,-0.165282322,0.195424987,-0.179751022,0.845534267,0.266623146,0.456370785,-0.278714824,0.337334297,-0.076012961,-0.539142704
2.5,2.75,3,A,10,0.104723387,0.125277998,-0.459676766,-0.389985017,1.75189872,0.943647303,-0.397952852,-0.67358969,0.69118118,-0.213974867,-0.460020005,0.068443176,-0.815779702,-0.666773481,-0.889103221,-0.869801279,0.333692771,0.449397795,-0.590010551,-1.076427953,-0.691978973,-0.862215636,-0.046314125,0.618313023,-0.631268821,-0.514945206,-0.427424022,-0.847227912,0.258252533,-0.156923902,-0.62430703,-0.669089467,-0.762234321,-1.067038021,-0.974171585,-0.137949254,-0.896597915,-0.577423348,0.881726717,-0.996071893,-0.313799829,-0.630714473,-0.450952275,0.036617236,-0.714835531,0.079295798,-0.470526807,-0.195797423,-0.762035681,-0.646163826,-0.636654477,-0.732148634,-1.022676552,-0.487881053,-0.692151721,-0.855605652,-0.838172687,-0.745015309,-0.687230137,-0.823346653,-0.944978581,-0.681360661,-1.062650107,-0.450288577,-0.477597208,-0.567724322,-0.166464516,-0.375153489,-0.819868362,-0.902126432,-0.86266206,-0.588212474,-0.598584122,-0.590715474,-0.986297679,-0.07321965,0.308673974,1.189529128,-0.753057534,-0.693486579,0.6301873,-0.0237388,-0.595499239,-0.270994798,-0.72378315,-0.723247796,-0.113175345,-0.685520584,-0.841029079,-0.658242091,-0.787409569,-0.861438318,-0.653218141,-0.882217025,0.100003348,0.043656023,-0.78967232,-0.589976372,-0.903023224,-1.008647364,-0.71661172,-0.593492808,-0.532591752,-0.733820567,0.515877613,0.192167524,0.697416476,-0.767123435,-0.579758704,-0.720905551,-1.039739982,0.089613907,1.081016212,-0.7186541,-0.418472774,0.154772035,0.11995143,-0.640851941,-0.091371085,-0.489990786,-0.093036753,-0.703096294,0.136951503,1.753593547,0.48872387,-0.833453956,0.746219705,0.716759527,-0.939263005,-0.432712844,-0.189733977,-0.853468924,-0.387304084,-0.624808751,-0.577748918,-0.147780763,-0.347489569,-0.432622724,-0.767105944,-0.020666759,0.497143093,0.741528906,-0.907983584,-0.332308865,0.230623265,0.566213256,0.766850489,-0.733808418,-0.266779465,-0.654735177,-0.922297811,-0.345291601,-0.423222316,-0.307260292,-0.839885834,-0.757092299,-0.984636545,-0.253058706,0.5575885,-0.594507159,0.14815494,-0.451638245,-0.330173304,-0.582315612,-0.406891281,-0.752088288,-0.644821225,-0.364803247,-0.400504358,-0.633194296,-0.323884292,-0.195372708,0.08406853,-0.434873041,-0.00932565,-0.486966406
2.75,3,3.25,A,10,-0.463178313,0.329404969,-0.850072661,-0.132798707,0.33394518,-0.70613234,-0.301573396,0.563299716,1.967411936,0.267089551,1.952360717,-0.018414134,-0.472987517,1.036092764,2.41242943,-0.346016267,0.973326701,-0.365284741,1.188383661,0.294244473,-0.761760684,0.551060977,-1.003306428,1.854649026,0.193914386,-0.305102417,1.723137747,-0.705008214,0.783707527,-0.467512719,2.393389659,-0.411999745,-0.435371169,0.832834625,2.395302525,0.234304575,0.15288216,1.622606259,2.727187256,-0.986078999,-0.052036397,1.182115172,-0.546216115,0.436009292,0.612075076,-0.084097361,-0.766422722,0.051604868,-0.09294918,1.319850341,-0.326292989,0.39213058,0.18910525,-0.373712808,-0.873681007,1.117260019,0.121118332,0.567288086,0.015755459,2.795799594,1.113118487,5.422030695,-0.797346222,-0.080545207,2.501409855,-0.483348558,-0.463624797,-0.873494464,-0.493342385,-0.317762435,0.744497173,-1.022108332,0.498229307,-0.640736336,-0.124848619,1.269690395,-0.931910704,0.299348029,-0.494645849,-0.509237479,-1.027319693,1.943307983,0.522673908,0.810012485,-0.490528009,-0.708832559,1.575197166,-0.445183954,-0.615962386,0.275482034,-0.361145144,4.414749514,1.792490687,-0.092068845,1.034279745,2.298238713,-0.734063041,-0.160278904,-0.449025872,2.480865633,-0.013382638,-0.478339364,2.508406926,0.210326142,0.226847305,0.303174681,0.247915407,-0.498916388,-0.319347927,0.992215838,-0.517463888,3.309246183,-0.677063998,-0.638466349,-0.916647086,-0.057723256,0.855837088,0.239286125,0.816092169,0.23823803,-0.05587963,-0.433133748,-0.950434069,-0.853202447,0.613924476,0.049257007,3.031401186,-0.375265293,-0.170046061,-0.439676587,-0.656766641,-0.626951358,1.109449043,-0.180452828,-0.308418046,2.142571504,-0.741361134,-0.542461953,-0.841283765,1.068342308,-0.888631656,1.028625689,-0.352818415,-0.02168129,-0.117820645,-0.34257768,1.385392793,4.891363273,0.901659947,-0.696147031,0.134183662,1.849933793,-0.235340414,1.51501633,0.469243294,1.249315767,-0.440307737,-0.405107479,0.310682113,4.736263225,0.100739593,0.665413509,0.18637792,0.852505715,0.205993297,0.362477051,0.552709497,-0.091172242,0.183884697,1.022404249,0.317889998,0.265133502,0.041694484,0.042266713,0.578736498,0.918388255
3,3.25,3.5,A,10,-0.58751827,1.401799653,-0.097514327,-0.974335791,0.125769196,0.878272573,0.361962895,-0.380907811,-0.322557562,1.241947696,-0.91170203,0.033883422,-0.088313998,-0.015282555,0.742519203,1.672135883,-0.905598486,-0.023295221,-0.396317232,0.230926365,-0.760399474,0.252531415,-0.692482825,-0.557192011,-0.10826207,-0.938700393,-0.584898856,0.388615332,0.513150557,-0.743247315,-0.955881757,-0.624776124,1.380563718,-0.95770191,-0.58817028,1.647173992,-0.537604861,-0.702116035,-0.813457294,-0.79509028,0.057841698,0.560051668,0.158510362,-0.411420531,-0.714280615,-0.943920385,0.392592948,1.211720347,-0.395484211,-0.688843474,-0.870732191,0.622522088,2.007292884,-0.844464549,0.12477617,1.329989097,-0.398677221,-0.234409523,-0.18060194,0.493127406,-1.048287392,-0.966800918,-0.859924696,-0.866561238,-0.003539634,-0.370147091,1.028279492,-0.48222175,-0.812069876,-0.05776942,-0.499917031,-0.814660442,-0.444127371,0.612693853,1.085648686,0.330849957,1.341804387,-0.225242032,-0.159488825,-0.229821481,-0.990721346,-0.897405291,-0.192323728,-0.58720794,-0.599423777,-0.267732973,-0.219159697,0.145159482,0.09280491,-0.71832876,-0.812519148,-0.829210995,1.57328711,-0.65188769,3.328411601,-0.37657191,-0.851003437,-0.600427934,0.86929478,-0.637442562,0.186654332,-0.496582731,-0.262091438,0.91657134,-0.225070732,-0.616437019,-0.528089695,-0.759489146,-0.913483357,-0.105635447,-0.892688108,-0.570852936,-0.516683444,-0.716264852,-0.561923194,-0.916761121,-0.663141107,-0.614704342,-0.046187616,0.414491056,-0.166868724,0.153417586,-0.82974371,0.259956156,0.80260073,-0.80964489,1.429343497,-0.484536239,1.165195745,0.372063992,1.766549405,-0.396734449,-0.11576964,-0.759546602,0.752345497,0.649392044,-0.395030958,-0.531583232,-0.347942351,0.034106399,-0.873496097,-0.418823994,-0.911877782,-0.137938197,0.001018234,0.212876709,-0.95488448,4.469413239,0.632217909,0.286132878,-0.87503678,-0.351115846,3.578485885,0.952841964,-0.508325126,0.141892526,1.216788087,1.831767881,-0.891244096,0.147617848,0.164691825,0.033895535,-0.323088564,-0.294706083,-0.077323219,0.204882222,-0.443904252,0.09977397,-0.423433912,0.101192982,-0.280365389,-0.508471566,0.189178414,0.065578611,0.230463842,0.524367234
3.25,3.5,3.75,A,10,-0.235517855,-0.709289993,-0.222413771,1.283400793,-0.543776637,0.096244619,1.205777809,3.460956777,-0.494832934,-0.124034368,-0.000988058,-0.232912659,-0.571698842,0.273181794,0.986878918,0.995363359,-0.517888296,-0.456169725,-0.004295653,-0.804503652,-0.142471616,-0.120025498,0.238000791,-0.183019577,0.536035724,0.133343379,-0.61493033,-0.45880695,-0.628008678,-0.74440493,0.287790738,-0.569878221,-0.332923464,-0.363820986,-0.712726339,-0.775562929,-0.834904281,-0.686921144,-0.274550482,0.008936226,2.761581924,-0.982068036,-0.425566205,3.371850558,1.070004716,0.423742115,1.015596945,-0.311566109,-1.096188658,0.605809473,-0.93871595,0.842264625,0.668227696,3.968575721,1.936793087,-0.482533015,1.812795853,-0.748928918,-0.226110998,-0.199686731,0.020229467,-0.992571663,-0.648550589,-0.211811762,-0.697180178,1.295319096,-0.448781866,-0.654647633,-0.21927341,-0.234943459,-0.277788658,3.49355307,0.2007766,-0.508495773,0.544907894,-0.908383085,2.307551327,-0.132045456,-0.459723341,-0.574551133,0.240484378,-0.053492446,0.247017795,0.059614478,-0.707066737,-0.778052386,-0.905591209,-0.581791471,-0.793744697,-0.66876435,0.486061876,0.1754666,-0.820331393,-0.422707501,-0.595981067,-0.657070323,0.794815972,-0.213333492,2.168164207,-0.88905392,-0.754690359,-1.014893972,3.571326818,-0.498453335,-0.672278053,0.176839883,1.047649317,-0.933367908,-0.681041075,-0.856296897,-0.898572162,-0.090321291,0.171282817,2.572159341,-0.020259936,0.01629741,0.985145226,-0.517263168,0.382033841,0.766359981,0.450168525,-1.002167554,1.129298366,0.424616443,-0.40481599,1.62267743,0.240363744,-0.444276342,2.623454368,-0.618383104,1.273855567,-0.346784429,2.498117362,4.958635797,-0.675054174,-0.50284656,2.777793144,0.497227337,-0.883802196,-0.630236798,-0.132371604,-0.508296416,-0.680149445,-0.392152242,-0.0684471,1.057419348,-0.631893298,0.04459582,-0.826951389,0.013899489,0.226842561,-0.855279382,-0.698862556,-0.744060232,-0.223731124,-0.770631973,-0.518167647,1.064729542,-0.138112945,1.801072782,0.371651444,-0.033303281,-0.198428768,-0.425456088,0.643319672,0.663268137,-0.2792212,0.368580144,-0.394138665,0.002603096,-0.061520558,0.336686206,0.402093589,0.896690505,-0.212434684,-0.085620097
3.5,3.75,4,A,10,0.442208678,-0.511093504,1.665349715,-0.385326279,1.386829947,0.013255103,0.81042305,2.402163787,-0.627172358,0.109124311,1.173018178,0.077219483,-0.620753963,-0.078650844,0.392157918,1.564682483,-0.653622028,-0.735429773,0.027947354,-0.612519181,-0.382895082,-0.737310376,-0.024216201,-0.118274275,0.052388018,-0.425398442,-0.96017091,-0.025516964,-0.645537261,-0.38588161,-0.885755658,-0.566602841,-0.652044829,2.126116241,-0.562113883,0.037720528,-0.891778744,0.386148483,0.103576549,0.843226583,-0.475346401,2.620009096,2.793575501,-0.257816961,1.305985439,4.001274384,-0.398680952,2.33822723,3.043676108,1.136964315,0.130522119,-0.460847184,-0.571766376,2.112368449,0.515115076,-0.002141268,1.571240756,0.712651097,1.534793207,1.616523749,0.143104157,1.257856613,-0.334247985,3.245840299,2.512407452,0.211062146,1.442835294,-0.144976947,-0.907427958,-0.693545321,0.346064697,-0.549789961,0.086154355,1.141073506,0.532046274,1.93178344,-0.019882169,-0.288551662,0.364559165,2.112824479,0.527878426,-0.157130804,-0.70621998,-0.261300442,0.009171422,0.181379335,-0.732004343,-0.167147998,0.889668654,-0.101351021,-0.395003246,-0.353421461,-0.725619043,-0.781778132,0.11411907,0.573334505,0.016991956,0.768842185,1.363336217,0.06672247,1.652919762,0.155838838,-0.014763026,-0.718006954,2.673807379,-0.297314508,-0.587537533,0.825371125,2.124488697,-0.666274995,0.455918288,-1.03862392,-0.639439749,-0.456082577,0.957531139,-0.540233365,-0.576794182,-0.707508048,-0.320647833,-0.22750521,-0.514778209,-0.537456938,2.065529856,-0.674727276,-0.915775512,-0.110746657,-0.447463452,2.568284115,-0.15734075,-0.937724317,-0.622993465,-0.625253687,-0.056123729,0.376299328,-0.156497365,-0.26068747,-0.791471619,-0.458283187,-0.718868193,-0.077593802,-0.056652305,0.033339781,-1.061144969,0.162868378,4.237653004,-0.898734083,-0.587052501,0.638622198,0.429648448,-0.200349584,0.410517973,-0.120695667,-0.815251298,-0.109068159,1.29016367,-0.002018692,0.262680169,-0.440835189,1.159208963,-0.159676974,0.530576245,0.053404963,-0.36528131,-0.006150757,1.610786776,0.715845963,0.673290775,0.565628212,-0.051705675,0.064752452,0.514852878,-0.309338546,0.033780086,-0.339147319,0.269819837,0.14750248
3.75,4,4.25,A,10,0.622280446,-0.128538963,-0.737349707,2.23571364,1.704542271,0.12293876,0.45480199,-0.019163344,-0.663242186,0.005676675,-0.378282185,1.199817202,-0.290558856,-0.448484533,-0.654749798,-0.592067426,0.941455801,-0.399894403,0.312329427,-0.133864156,2.152092914,0.702177993,-0.209577187,-0.476400631,-0.35410913,-0.694648295,-0.699001741,0.682418039,3.533347237,1.195045334,0.420165177,0.844271389,0.451962785,1.098543987,-0.474710982,-0.317140063,-0.692336214,-0.623550582,-0.749419161,-0.721207462,-0.804247111,-0.360823633,0.190504328,1.962663382,-0.668248092,-0.911185201,0.162219962,-0.190788375,-0.848152973,-0.718362157,2.48131006,0.10973116,1.274627908,-0.871517241,1.684427745,0.779508472,0.651751945,0.936944729,0.041286913,-0.692694748,1.41958066,-0.136612082,1.026616763,1.114915737,-0.177156838,-0.208381041,2.034095032,-0.258891869,-0.321715976,-0.459273486,2.212812034,0.227279017,0.405904191,1.068221329,0.543747091,0.182638911,-0.217364632,0.441815925,1.176845148,2.032825112,-0.074170358,-0.429009071,0.10170539,1.521387008,2.11812548,-0.634113039,0.580701745,1.403429709,-0.997690378,-0.747227838,1.529992398,-0.705092486,0.569852398,0.456825798,-0.810765568,-0.7427361,-0.629694824,-0.776198914,2.667173913,-0.374392322,0.544091898,-0.16049954,-0.748799896,2.420910886,0.255370028,2.253452652,-0.001637181,1.736876228,1.035067939,-0.177781907,-0.540864296,0.530948059,2.699917371,2.241100402,2.117838763,-0.318141261,-0.367609517,-0.028392322,-0.147566435,-0.460200055,0.231652356,0.534223372,-0.179195425,-0.662987826,-0.161923542,1.048860768,-0.376284599,-0.950846314,0.803687383,1.761100307,4.552656648,-0.998197548,-0.810655704,1.404441444,-0.49708837,-0.899005464,-0.915729034,-0.920344051,0.660106591,-0.306803319,-0.956624309,-0.025655553,-0.614692332,-0.40885738,-0.304154139,-0.165444342,-0.250700639,3.113256645,2.985003502,1.279685186,0.831379485,1.041872775,0.086226068,9.153027721,-0.368935791,1.161077978,-0.466122752,-0.761423639,6.386853285,-0.260610549,0.359765958,-0.044429893,0.583134453,-0.076342113,-0.218641987,0.639537694,0.40331769,0.807472413,0.284313865,0.118496429,0.715705111,0.572703071,0.204828648,0.126938119,0.465181664,1.680334458
4,4.25,4.5,A,10,-0.484325151,-0.259284516,0.448092521,-0.356106879,-0.370341894,-0.342501584,1.004268179,0.432507394,-0.127288209,-0.595135596,-0.743286756,-0.905950451,0.125412623,0.712776484,-0.040452591,1.408856322,0.960268359,-0.023132872,1.099183989,-0.814831862,4.916193207,0.080854357,-0.149835785,0.256594797,-0.16071025,2.740490793,1.029478203,-0.830441118,0.692699351,1.963696836,0.084708735,1.628126457,0.050159822,0.403469627,-0.782127476,0.721049716,-0.381441991,-0.513231973,-0.068695215,-0.281507064,1.155004028,1.033700723,-0.334260465,0.340918944,0.69612077,-0.941556463,-0.017553068,-0.905759973,-0.312113924,1.110227607,-0.630250287,0.328713991,0.677041293,-0.680936385,3.398184242,1.479239998,0.069207413,-0.033707325,-0.936208753,-0.434541189,-0.838608907,-0.119134218,3.123274869,-0.77468413,0.559080423,-0.970317079,-0.038050059,-0.570495438,-0.634046185,-0.421734846,-1.022450562,1.91525547,1.877311213,6.296026057,1.574390568,-0.687498567,0.685008513,-0.617779297,2.209914726,0.63168321,-0.40730874,0.654630349,-0.816869552,0.35228248,0.927364166,-0.113777439,-0.029002695,1.411613861,2.547431021,1.473547812,-0.400297534,2.121502346,0.714875548,-0.880873324,0.500621271,0.438395965,3.553750153,-0.906660577,0.568684151,-0.367295103,7.954324883,-0.188650138,0.02741889,-0.618338742,-0.908299069,-0.391799466,1.018813493,-0.466655244,0.221218536,-0.004730093,1.06283007,-0.515741727,0.179894193,0.513069569,-0.785729569,0.679218157,1.248325147,2.495252283,0.658856942,-0.245175266,-0.725039114,-0.462758416,1.323532556,0.451000259,2.770430684,3.17999458,-0.757433271,-0.56496072,0.935701207,1.68341267,1.041804504,-0.233649775,1.315184165,-0.569533898,-0.726475344,0.009210067,6.696147459,-0.305762036,-0.932632918,-0.201595154,0.086652538,1.045264669,0.52685703,-0.392119521,-0.407308695,-0.536327942,-0.439550929,1.034514621,-0.004787952,-0.835295854,0.02403145,-0.410074241,-0.489229872,0.358107026,-0.517026092,-0.004378588,-0.774307727,-0.448674465,0.940581662,1.221017083,-0.065011573,0.177884324,1.053902039,0.086051064,0.182472818,0.3236743,-0.068471557,1.286186133,0.599991126,0.53427029,0.664330305,0.52907998,0.783388044,0.609269707,0.007789796,-0.009995377
4.25,4.5,4.75,A,10,-0.12437799,0.05753704,-0.751966139,-0.192498162,-0.189309493,-0.791071049,0.565371201,-0.112889054,-0.416594778,0.251576313,-0.388873713,-0.896484413,1.476732233,-0.104211945,-0.669813017,-0.492031658,-0.838093868,0.939332445,-0.387619483,0.003294911,-0.830147445,-0.293659433,0.438509586,0.546016928,0.036696704,6.584578863,0.559132267,-0.630173704,-0.403353491,0.31863837,-0.13638637,-0.589881173,0.048179148,-0.730450304,1.678749092,0.953411807,0.452235092,-0.520224179,-0.440579469,1.453375442,0.939248851,-0.565297931,-0.377975065,-0.714183881,-0.402679163,-0.296793603,-0.462157564,-0.532704333,-0.121790729,-0.504788811,1.491359634,0.325679927,-0.989039921,0.670272513,0.265324255,-0.829215689,2.400123286,2.944352201,-0.569115298,-0.941774137,0.828091885,-0.41267481,-0.514479419,-0.030115138,-0.287077329,-1.024149338,1.898018453,-0.340335207,0.539547405,1.307787757,0.36433912,0.338676979,0.289519844,0.380110115,-0.818034012,-0.297137613,-0.353319328,0.187737271,-0.283190808,0.965417393,-0.282096122,-0.825876622,0.825054018,-0.618811157,1.121699651,0.630555221,-0.03349741,0.723318227,1.076684957,-0.632074652,-0.939572204,0.264523263,-0.946227855,8.03494566,-0.03401439,-0.382505058,-0.076217285,1.799704272,1.519150975,0.628586406,-0.481541528,1.136778691,1.110541726,-0.764252612,5.309981698,1.118214653,-0.008480824,2.388663932,-0.352977272,1.508402394,0.298136194,2.041366764,-1.067541784,-0.823271385,2.858022633,-0.36184603,1.817746152,0.174432794,0.932728079,0.021913889,0.33010904,1.313518291,4.915504948,2.283370098,-0.933282046,0.781951121,1.799315467,3.837357308,-0.914223589,-0.091478279,0.445104347,-0.093205388,1.438213517,-0.701064185,-0.93799202,0.111668017,2.900316539,1.206513196,1.057316426,-0.556359609,0.557955415,-0.531129153,0.681994595,-0.768810886,1.163228478,-0.864105606,-0.32476299,-0.599516816,1.264233146,0.212508147,3.531136226,0.684590081,-0.830388007,0.310697216,-0.23915212,-0.686956976,-0.90594196,0.353352582,-0.890330494,-0.504875659,-0.170422211,-0.135776851,0.632623865,0.216842909,-0.303912223,0.476796677,0.196461426,0.077411896,0.198495611,0.986837378,1.096533086,0.58916873,1.332214236,0.487051084,0.079159433,0.082213089
4.5,4.75,5,A,10,-0.513453043,-0.111966294,-0.922399956,-0.716134255,-0.348798014,-0.664796602,-0.900091261,-0.273502018,-0.258204309,2.745725948,-0.322073161,-0.929988115,0.375047579,-0.537845716,0.972754481,0.454968556,-0.824594644,3.334593159,-0.538525427,0.098286154,0.582926762,0.165857795,-0.110590862,-0.364538123,-0.820499232,-0.191009995,-0.298099649,1.194565196,-0.713893483,-0.566313137,-0.344455053,-0.601125581,-0.602566201,-0.256519751,-0.329535339,1.687677798,-0.36572106,0.841240632,0.564247045,-0.868325565,-0.823227832,3.683443787,-0.427166401,0.510817043,-0.634628254,1.213741339,-0.648349305,0.691754979,-0.847829598,2.223160506,-0.532147657,1.632423978,0.127366755,-0.934191886,-0.469045924,-0.753620808,0.454409271,1.480154574,0.336162211,-0.22933262,1.034289703,0.461370603,-0.790459691,0.335939239,-0.824412393,-0.810389716,0.151151907,1.077831745,0.843034529,0.927150811,-0.637594396,0.496255694,0.714707194,-0.506677908,0.089186853,0.042866386,-0.390032404,-0.378908358,-0.373939274,-0.650418621,1.380859105,-0.75757311,-0.074051092,0.182667086,1.065293052,-0.348875175,4.551143469,-0.317188325,-0.254368463,1.220660749,0.37886971,-0.259992369,1.94002334,0.086636371,-0.109891862,1.015395185,0.480390475,-0.271517545,0.79444244,-0.577636524,-0.39665452,0.530848078,4.314820995,-0.937581321,-0.618618876,-0.89674006,-0.705774495,-0.769426594,1.098075492,-0.880334024,-0.974759155,0.708264209,2.132057061,0.808422626,-0.738067668,-0.447531522,0.128459737,-0.475386451,0.49699048,-0.891765447,-0.8426292,0.008359094,-0.224805652,0.773896533,-0.047246426,-0.037549648,-0.3974029,-0.699048788,-0.795995852,-0.230254101,-0.064249819,-0.237642909,-0.439711384,-0.465502995,3.370685923,-0.4727519,0.853918234,1.256789372,0.512157474,0.277899142,0.710318401,-0.581928142,-0.73927227,-0.27201541,-0.921273653,-0.336325593,-0.194422987,-0.373135544,-0.597994124,0.205548392,1.945917409,0.721124554,1.71292896,0.427459395,1.534975045,1.791049522,-0.140519111,0.111467334,-0.524365919,-0.656706758,-0.19636198,0.208262287,-0.112159473,-0.027508308,0.494171626,0.111217789,0.240550674,-0.159455483,0.664856729,0.347671922,0.073861468,0.074668387,-0.249267694,0.459159114,-0.310050093,0.692333043
4.75,5,5.25,A,10,-0.527775397,0.048579971,0.408344317,1.068413136,0.66929851,1.202095335,-0.380934065,-0.853146802,-0.719190484,-0.62908312,-0.925756533,-0.856037551,0.432644795,-0.767330372,-0.858951033,0.408356167,-0.590354003,-0.099278971,0.341655163,-0.398907049,-0.207420743,-0.389727034,0.547172225,-0.469777553,-0.174411855,0.549791919,-0.128013018,-0.472345034,0.124410561,0.507284389,-0.503459265,0.552529705,0.465235563,-0.848123484,-0.381841609,-0.388901298,0.635489154,-0.711182371,-0.262867133,-0.176139022,-0.425670109,-0.647886659,0.054090513,0.332187597,0.239861877,0.336027721,-0.805711213,1.017116757,-0.939877132,0.043111734,-0.797892577,2.278156926,-0.334739264,1.34033152,0.475438076,1.206811536,0.157573398,-0.30725467,1.077836566,0.09389514,0.235825501,0.08832078,1.204567987,1.679522218,-0.690784957,-0.999537105,-0.53988094,2.221438836,2.687172094,-0.127991583,0.350766249,-0.399150322,-0.477168981,0.250734366,-0.260081296,-1.010770615,-0.637352447,-0.501246693,-0.411991136,0.314767846,-0.842322986,-0.910933015,-0.646339581,-0.732908488,-0.984408529,-0.43049277,0.006845152,-0.031725986,0.64267151,0.167971113,-0.235371839,-0.860764622,-0.404681149,1.001854027,-0.331234502,-0.669609844,-0.582800565,0.554802326,-0.213361405,-0.316017941,-0.09741675,1.012844153,-0.640325944,-1.00030938,-0.076651431,0.461357795,-0.5214536,0.027706621,0.038465928,-0.165523803,-0.67056979,-0.111339355,-0.035641587,-0.653898155,0.29253126,-0.487663922,-0.188056847,-0.890917328,0.255780291,-0.544019694,-1.011193647,-0.264099196,-0.912216943,-0.069602961,-0.521191013,-0.207882215,-0.897069036,1.123365445,-0.206034998,-0.61521852,-0.392869614,-0.727598926,-0.706433878,-0.602569728,-0.782590613,-0.306228435,-0.084066055,-0.546217497,-0.037577574,-0.61209711,0.368874674,-0.890610852,-0.425412265,1.134676923,0.099941428,-0.745179048,1.461107106,-0.275670766,-0.444738533,-0.131032882,-0.730988073,-0.157185028,0.060169426,-0.442453127,-0.126630943,-0.272208514,1.151939753,0.797481158,-0.63267375,0.039379332,0.02866014,-0.331395939,-0.011303614,-0.161925976,-0.079674891,0.519015665,0.575865283,-0.278149303,-0.376164358,-0.205718551,-0.096130641,-0.303379513,-0.358114308,-0.479824943,0.015195578,-0.031316977
5,5.25,5.5,A,10,-0.353120013,-0.924049998,-0.657257206,0.253964562,-0.382813069,-0.765283632,0.745984881,-0.144948503,1.430302907,-0.259445814,0.883428287,-0.794034718,0.042348112,0.906025471,-0.311432765,0.14653441,-0.611249378,1.006722137,-0.597145035,0.138692293,0.650506467,2.897055295,1.595566007,0.229051864,1.928089793,1.168010272,-0.095177129,-0.558681824,-0.647565529,-0.419225777,0.425709047,0.788288323,-0.97687726,0.914978125,0.434877601,3.711223483,-0.824052334,-0.841078686,-0.414222058,0.094143415,-0.57144597,1.30813178,2.333061797,0.029414184,1.536800021,-0.824165828,-0.506444488,-0.766648767,0.064723225,0.538880896,-0.944823463,-0.256319428,0.538870626,-0.515279965,-0.152749454,-0.044629234,0.525592029,0.274596204,1.515776838,0.283627271,-0.8228594,0.520618807,0.879557553,-0.813704017,-0.587764744,-1.052242995,2.418918223,0.376821278,-0.715440443,1.729591148,-0.412928802,-0.059063014,-0.418648881,-0.241398849,-0.583463259,0.814288145,1.445782537,0.068654471,-0.57139689,0.665597005,-0.217640931,-0.525866726,0.189134448,-0.583292636,0.503940735,-0.979315403,0.133217055,-0.674398171,-0.848881986,0.061104915,-0.33679953,-0.193131861,-0.607849184,-0.42203198,-0.831174395,0.009518404,0.44503052,-0.58727496,1.461504082,-0.128846385,1.090792384,-0.600393734,-0.689937237,0.79876289,-0.976012555,-0.326725441,-0.114270517,-0.172415423,1.521790546,-0.693899219,1.287617929,-0.541544972,-0.242424863,-0.765713643,-0.064064948,-0.978123174,-0.138259675,0.721319333,-0.462933017,0.13360123,-0.961567933,0.205632198,-0.831656756,-0.040082811,-0.876660051,3.113307953,-0.938485383,-0.657583994,1.756798004,-0.188654131,-0.312898956,-0.060864209,-0.221683797,-0.669054618,0.294890044,3.407007671,1.964115819,-0.417577235,-0.895100798,0.276671208,-0.53017083,-0.859344062,2.967660287,1.25224587,-0.82346773,0.100887779,-0.595650353,-0.081940772,-0.505168632,-0.462282744,0.056825557,2.761537564,0.219961877,-0.390977555,-0.819338643,1.115286178,-0.569364274,1.458911795,0.42133751,-0.743811697,-0.105666589,0.080988881,0.674762944,0.331298966,0.314230685,0.122466142,0.193349541,0.070742246,-0.29419987,-0.119105529,-0.01623083,-0.10505258,0.058104709,0.336550513,0.046276881,0.351036831
5.25,5.5,5.75,A,10,-0.576875497,-0.764869666,0.327653379,-0.115559404,0.717824228,-0.256193805,-0.275125938,-0.998955131,0.203822709,0.435192545,-0.015119457,-0.892584318,-0.811022764,0.145618037,0.856075158,-0.679625553,-0.686285354,-0.388358542,-0.647700167,-0.584480203,0.801681271,-0.427215595,0.409785455,-0.251653706,0.218223609,0.152913592,1.078555715,0.28943679,0.029303516,0.132702079,0.234101347,0.174260929,1.82032656,-1.04021696,0.528927338,-0.345765297,-0.83265748,-0.87039466,-0.054029232,-0.533580625,-0.006799155,-0.805916414,-0.476992662,0.124957037,-0.859339942,-0.526084654,-0.3189037,-0.573476296,1.082237,-0.909505421,-0.934253414,-0.436451033,-0.586251621,-0.649304853,-0.837750991,-0.506645433,-0.943448943,-0.011513793,-0.713505652,0.911382631,-0.456293095,0.816408163,0.360024935,-0.402598772,0.832004046,-0.063778818,0.7685108,-0.956003759,1.103378569,0.034370877,-0.504244427,-0.333293585,0.898068671,-0.929344899,0.250763301,-0.753269285,1.324813316,-0.505709293,-0.739209821,-1.116424375,-0.791162142,-0.672003265,-0.692439398,-0.668804756,-1.014774364,-0.680825705,-0.792373366,0.29171853,1.641142296,-0.6182667,-0.94467036,0.009742596,2.571338592,-0.548595143,-0.911487569,-0.646189331,1.321695674,0.960682466,-0.750249085,-1.03137356,-0.591668308,-1.06784484,-0.292623305,-0.167496991,-0.363962342,-0.294662741,-0.513624494,0.12643654,0.582615662,1.178760168,1.709368152,0.408737449,-0.690259486,0.720248503,0.7264719,-0.18323898,-0.30553843,-0.078623488,-0.007305522,-0.336690163,-0.131744645,-0.644038044,-0.447831675,2.250714313,-0.708693194,-0.573794062,-0.686877097,-0.385210493,-0.202001541,-0.171790051,-0.524600083,2.627892916,0.620609952,-0.004873169,-0.371488342,1.50881539,-0.688673224,0.390177164,-0.160936298,0.361599301,1.077114485,-0.667057794,0.243691951,-0.474923165,-0.841977969,1.667340158,-0.625250589,-0.820145585,-0.620454037,0.129734043,-0.490738481,-0.385549003,0.003107579,-0.821257023,-0.609488071,-0.255599049,-0.501470528,-0.55940568,-0.78563371,-0.222603256,-0.130308658,-0.370348316,0.243373273,-0.091902808,-0.326982421,-0.47077431,0.203602295,-0.24078504,-0.399778887,0.003089428,-0.140407065,0.196316993,-0.170126649,0.375852361,-0.09319285,-0.462863722
5.5,5.75,6,A,10,0.090652648,-0.609772177,2.524910715,-0.411890331,-0.895679822,0.09202585,1.459475472,0.384077007,-0.683092727,-0.939111194,-0.018277062,-0.655478272,0.148194742,-0.653872792,1.075569359,-0.455668094,-0.758866543,-0.71401693,-0.473878018,0.064478928,-0.416379057,-0.747351067,1.900363539,-0.58094368,1.993490388,0.540385901,-0.64172887,-0.039650712,-0.167895838,2.901664482,-0.792802048,-0.15299344,0.384973519,0.516458447,0.588964797,1.863005482,1.374372077,0.519690469,-0.647854112,-0.450069106,-0.707124466,2.962620978,0.386560752,-0.548958165,-0.201584062,-0.718792108,-0.862176192,-0.491413926,-0.590888547,-0.76789875,-0.669206854,-0.901950905,2.608367615,-0.649182705,-0.239406444,-0.772712368,0.104514302,-0.519462658,-0.987141566,0.092601678,-1.044450903,0.867323309,-0.810513063,0.237607091,2.676932308,-0.59608421,1.84092299,-0.590624258,-0.494801068,-0.524323543,0.272738928,1.127149639,-0.673999359,0.278195668,-0.789063875,-0.438783327,2.128213853,0.842451916,-0.538470026,-0.213688948,-0.80766847,-0.042117523,-0.389108092,-0.952831815,-0.878437559,1.072605962,-0.918001998,-0.523266711,0.500276145,1.830883491,0.712724929,-0.675131977,2.391670518,-0.57713521,-0.820726281,-0.015201831,-0.32455009,0.072183446,1.175901816,0.114086127,2.593587005,-0.924605936,-0.9837855,1.130186762,-0.300039542,0.207945931,-0.66671534,1.305420618,0.651854211,0.645472379,1.108758652,-0.17476392,0.804362957,0.150423763,-0.824456467,-0.342660908,0.837525879,0.595474449,-0.648143904,-0.087297692,1.195936345,-0.370116606,-0.353784552,-0.278419882,-0.701844274,-0.656603432,-0.371011926,0.081314261,0.817846109,-0.013627292,-0.651959071,0.130986445,2.266758907,-0.555467318,1.087664679,-0.558611949,-0.82792079,2.625642856,-0.704280167,-0.495410783,0.04989433,-0.260409175,2.409853152,0.100293988,0.640918226,0.524171053,-0.501911941,3.39144034,-0.42233855,1.047386141,-0.032398071,-0.516782854,2.134764513,-0.479162119,1.01011575,1.311071941,-0.034993604,1.152599974,-0.670647918,0.821229438,0.101159544,-0.244181468,0.474195509,0.320374608,-0.153965449,-0.193357991,0.156198865,0.199474447,-0.110766657,0.205382145,0.365932059,0.141922281,-0.065031125,0.231740281,0.697929756,0.469579705
5.75,6,6.25,A,10,-0.579550984,-0.423329076,-0.098551162,0.12820259,-0.034808666,-0.466079,-0.497964417,0.349556861,-0.45564181,0.387036915,1.158359991,-0.471062898,0.311180114,0.533232305,-0.763003921,-0.244630409,-0.392819076,2.454498232,4.970034144,-0.136895969,-0.497934721,2.658657748,0.050910443,-0.249433019,-0.967721993,-0.777534197,-0.395081071,-0.782819958,-0.904842777,1.138819056,3.64398387,4.568156156,-0.405516864,0.345504725,0.613636154,-0.720933556,0.327417594,0.644605221,4.920739456,1.914159578,-0.713845697,-0.587397215,-0.467006283,0.989504692,-0.235281437,-0.449538038,-0.17880957,2.109947813,-0.646926957,-0.839010314,-0.690397052,1.386863324,2.417400403,2.04767742,-0.634241305,-0.717966973,1.090705368,-0.475284868,0.465520595,-0.041745654,0.424635565,-0.270409712,-0.481123624,-0.329833187,-0.399873694,-0.974267124,-0.094658781,1.439628609,-0.100662429,-0.651129108,0.08501741,1.544744677,0.321792374,-0.723409595,-0.710543618,-0.371554072,0.183792846,-0.589218928,-0.783892583,-0.653733608,0.71310183,-0.246890721,-0.675789878,-0.913181527,0.191566415,0.433389543,-0.620497719,1.844520713,-0.370515434,1.041978841,-0.638005828,0.051020016,-0.560589277,-0.045401544,-0.414998241,1.311042698,-0.936173408,-0.824518906,-0.404616427,1.372917699,0.86801869,0.527190689,-0.540949831,0.955873017,-0.127560739,0.803950157,1.078556099,-0.252711316,-0.604512021,-0.867768028,0.227729484,-0.691485936,1.308593995,-0.700600064,-0.637918811,-0.690251533,-0.401708635,0.751252122,0.072539963,0.314074481,0.362676341,-0.748758193,-0.426733797,-0.417292984,-0.626985823,-0.660465999,1.204124689,0.698222267,-0.820123441,-0.647791526,3.906274459,0.665101814,-0.697284725,0.04623337,-0.895125784,-0.627023931,-0.829976136,4.894529501,0.32364648,0.204187293,0.661213876,-0.306780321,3.069156568,-0.706279144,3.182435644,0.164284835,-0.361041456,3.056372211,3.811826528,1.734789249,0.005343962,-0.014052077,-0.677448677,-0.391593846,-0.888022523,-0.555464851,0.905970994,0.080832,-0.731195764,-0.850091577,-0.169112875,0.741889251,-0.072698049,1.585175233,-0.1018363,0.484853126,-0.143769348,-0.16970051,0.139768206,-0.108932322,0.184008672,-0.044777493,-0.208312847,0.699056234,1.430597799,-0.311572236
6,6.25,6.5,A,10,-0.30323302,-0.667849907,-0.368703725,-0.032296565,-0.565495051,-0.357547253,0.113470762,-0.81614372,-0.575135216,0.088213657,-0.558966374,-0.614703547,0.169256685,-0.970935972,0.656007284,-0.548066466,0.105491515,-0.164505826,-0.839089884,-0.293373905,0.014092809,-0.294073243,0.580855882,-0.330098364,0.047474836,-0.437203739,-0.165907001,-0.737164015,-0.245953074,-0.574214039,-0.750012506,-0.202013287,0.06892387,-0.404743867,-0.028234884,-0.560594248,-0.904667548,-0.155762409,-0.75246511,0.474259125,-0.72872622,-0.672840007,-0.28719381,-0.337877651,-0.383398204,-0.334859606,-0.485934336,-0.169377504,-0.994852929,0.132273876,-0.478525317,-0.298462589,0.451557608,-0.638864961,-0.315690682,-0.905968753,-0.781869356,-0.255918683,-0.55425566,0.949904003,-0.015497799,-0.86585281,-0.913964771,0.377887791,-0.676387958,1.342628098,-0.741951449,0.310275262,-0.910408808,0.169938287,1.542624836,-0.673891672,0.165548502,-0.055297818,-0.83577897,-0.769724227,0.587067194,-0.670649109,0.617131343,0.080474494,0.239145521,-0.061786566,0.656651784,-0.815738128,0.813131233,-0.037425085,-0.888803362,-0.466603195,1.494971691,0.410624678,0.486124429,-0.390549082,-0.0393326,0.617421267,-0.153286189,1.104332253,-0.885883925,1.908576674,-0.911653644,0.972466705,-0.609086197,-0.901742974,0.960829655,-0.229595136,-0.887233608,0.766762541,-0.077838912,-0.604527128,-0.605539663,0.326365243,-0.749991896,-0.378925873,-1.076230027,-0.458721529,-0.272417353,-0.706779673,-0.676819839,-0.421111716,0.730523954,-0.95801352,-0.516498468,0.706852427,-1.030943563,-0.227313635,1.476561972,0.101891736,0.234076752,-0.771422177,0.701631784,0.527257183,-0.809589392,-0.367798985,-0.831035745,0.246525076,-0.58578373,0.543698524,-0.310864248,-0.815498499,0.196998509,-0.183457957,0.599209981,-0.766910836,-0.939224549,0.662451058,0.063645299,0.298972267,-0.787012418,-0.480520554,-0.409666175,2.114545052,-0.174279927,0.707775001,-0.520466455,2.074244979,-0.979212453,0.252349321,0.285045547,-0.114422226,-0.371074138,0.101294863,-0.348472004,-0.305888649,-0.214218995,-0.321531086,-0.426278639,-0.282809439,-0.192333416,-0.001249542,0.134416857,0.270821589,-0.186160618,-0.496848747,0.120209401,-0.291680645,0.035548912,0.126125451
6.25,6.5,6.75,A,10,-0.36244156,-0.300345305,0.186907707,1.375481066,-0.896912391,-0.638402255,-0.961196013,-0.637351648,-0.940445827,1.427729082,0.248362784,1.274765553,-0.571831245,0.617637603,-0.435432058,0.419721017,-1.000690495,-0.707990568,0.357354525,-0.917330639,3.092397805,0.003579057,-0.657638643,-0.617689548,-0.54807049,0.050170059,-0.52024659,-0.309269164,0.673451167,-0.572447728,0.029280608,-0.407160674,-0.609498155,0.953029119,-0.522079127,-0.131620307,1.305645937,2.278787836,-0.273842929,-0.553568712,-0.571475647,-0.947314572,-0.487560609,0.174438408,-0.451682945,0.671125596,-0.663053799,-0.781100279,1.634616584,-0.325902342,-0.34015573,-0.507748925,-0.311559344,-0.272798855,-0.706951861,-0.380213097,0.06272597,-1.15573918,0.064822756,0.002566136,2.813013673,-0.814100364,-0.21065524,-0.907907523,-0.905151271,-0.547861789,-0.422578335,-0.505668274,-0.252238695,-0.6723873,-0.376696523,0.306018379,-0.780866132,-0.847099124,-0.147099302,1.109307969,-0.623110672,-0.54737717,-0.447087573,1.972586347,-1.003383994,2.081194628,0.069061217,0.870077616,-0.750036198,1.940608996,0.02391047,-0.302647189,2.647918508,1.435573807,0.177064668,-0.30610246,-0.735558908,-0.927498041,-0.721382382,2.953486088,-0.599220513,-0.783949101,-0.084278332,0.758827708,-0.393833861,2.330210171,0.676866816,2.415505238,1.322304027,-0.628057385,0.130521782,-0.558543675,-0.81635715,-0.739360155,-0.959885492,-0.805177848,-0.723107187,1.934098815,-0.926628642,0.146101833,-0.48186324,-0.676024897,-0.774403792,-0.253248319,-0.110909042,0.361192256,-0.813018333,0.515539423,-0.167001557,-1.007645801,-0.790686935,-0.471998606,0.256239368,-0.534192921,0.53838842,-0.433921751,0.236440137,-0.455256557,0.401990495,0.399606544,0.293216956,-0.938546313,-0.219477775,-0.28711805,-0.460494149,-0.362265241,2.055799473,0.07690054,-0.680303923,2.396765722,-0.602557431,1.176476958,-0.35668188,0.136990104,-0.070276529,-0.871305221,1.432049525,-0.624188152,1.44047847,-0.548072053,-0.706119336,0.365471102,-0.786709351,-0.728873085,-0.174697715,-0.071543352,0.059423592,0.20689736,-0.17479096,-0.354505213,-0.242553512,-0.03814238,0.701227786,-0.026861127,0.373925581,-0.352013877,-0.276248215,-0.046467789,0.338063017,-0.109754463
6.5,6.75,7,A,10,-0.597820941,1.443856925,-0.391967233,1.458791681,-0.792106711,-0.289631233,-0.851268053,-0.562440054,-0.717179615,-0.866132241,-0.97019428,0.128000512,-0.744014396,-0.4454605,-0.686201138,-0.880917494,-0.774297593,-0.460954486,-0.845349807,-1.041314418,-0.243706825,-0.874864949,-0.332572244,-0.257299501,-0.723805311,-0.178677566,-0.859925437,-0.881945106,-0.329861344,-0.477461536,-0.06411778,-0.885146409,-0.53955498,-0.385338694,2.376168918,0.702846315,-0.191821024,-0.536256233,-0.913169902,-0.639130187,-0.227002153,-0.273224458,-0.336456701,0.186379824,-0.93504575,-0.120542886,0.137987639,0.259017075,2.453933736,0.933262461,-0.601272249,-0.7915946,-0.42154873,-0.685773773,3.617315825,0.88695561,-0.39891637,1.170680689,-0.885487194,-0.725765294,-0.402308888,-0.815456527,-0.331404887,-0.855549207,-0.268381585,0.281754589,-0.859859516,0.234189206,-0.907392344,-0.391235206,0.016616812,-0.408020388,-0.111226156,-0.931925421,-0.71191058,-0.150725328,0.691411233,-0.593368222,0.078597538,-1.083019384,-1.117587297,-0.826873689,-0.660953089,-0.317654586,0.596973717,-0.37551286,0.006220553,-0.081897415,-0.767498979,0.450069692,-0.36504894,-0.758859638,-0.331111057,-0.443016566,-0.756555152,0.475865614,-0.427687907,-0.633722967,-1.120866538,0.471392491,0.355337587,2.85703289,-0.719555394,2.291898312,-0.984377737,-0.891565559,-1.028416856,-0.596568618,1.25025943,0.479758643,-0.89179153,-0.421943297,-0.234830617,-0.317832733,-0.368644168,1.201700109,1.326969633,-0.42880475,0.257901982,0.93848584,0.807505781,2.290092653,0.041236425,-0.358237495,0.886130638,0.467442445,1.620894639,-0.215498091,0.143823802,-0.51274456,-0.853543993,-0.562323056,0.365867538,1.527878153,-0.178676969,0.271100541,0.046428105,-0.952683494,-1.026455484,-0.595173384,-0.973748565,-0.88429864,1.057362092,-0.438484799,-0.743772236,0.019334717,-0.827382456,-0.090162213,-0.948178369,-0.747783099,0.695437053,0.218161074,-0.629890394,-0.706055107,-0.010850643,0.482107232,-0.92016096,1.070312199,-0.316526277,0.399432182,-0.216589748,-0.67207036,-0.516011982,-0.107551998,0.207830879,0.116459391,-0.431564437,-0.32035699,-0.309471395,-0.388961066,0.30138027,0.106121047,0.517064624,-0.195758204,-0.457711357,0.028196636
6.75,7,7.25,A,10,-0.445408514,-0.908764977,-0.847570302,-0.468963505,-0.720918079,-0.350197342,-0.094471536,-0.018534854,-0.393058871,-0.561082973,-0.52440097,-0.380798412,-0.536250098,-0.453101111,-0.673194545,-0.493627154,-0.753709671,-0.12024992,-0.301491043,-0.716816578,-0.874164672,-0.802545006,-0.52251499,-0.670350406,-0.780076507,-0.98823108,-0.867721356,-0.428118224,-0.87548739,-0.219564198,-0.531566403,-0.723955687,-0.474158731,0.022678808,0.999978876,-0.467554219,-0.446316891,-0.967156225,0.391657419,-0.072601504,1.083784092,-0.567687037,-0.433069931,0.768212819,-0.38752288,-0.550443768,-0.839536425,-0.551486316,-0.340627283,-0.871433515,0.138661267,-0.25793354,0.583967679,0.340445975,-0.843651058,-0.680458429,-1.039299005,0.661941899,1.232826238,0.164772211,-0.560579228,-0.908434063,-0.775200466,-0.642261916,0.052674655,-0.627208426,-0.887390635,-0.593914369,-0.881824065,0.453748563,-0.884722841,-1.006862398,-0.213274144,1.254399756,3.38257378,0.602715854,-0.784255301,-0.569720885,-0.863610418,0.112200177,-0.650889117,-0.094672619,-0.737309096,-0.87327584,-0.77086651,-0.749347034,-0.718701322,0.16808851,-0.128210326,-0.462312106,-0.153493849,-0.622786289,0.701917811,0.914369428,-0.585230311,-0.739625862,-0.431243737,-1.002624311,0.267769363,0.570987481,0.368036862,-0.613319706,-0.51445781,-0.926114494,-0.315012431,0.673170008,-0.489990064,-0.468498211,-0.893386896,-0.610563564,-0.543421942,-0.813206455,-0.431724142,-0.767309619,-1.019774399,-0.574511217,-0.550994816,-0.439091147,-0.764197333,0.156117375,-0.031523363,-0.196963292,-0.764682709,-0.690266402,-0.463923869,-0.041269902,-0.474645525,-0.817637822,-0.737881185,-0.706480623,-0.807999478,-0.463059596,-0.707851299,0.177369206,0.083112648,-0.677730322,-0.678193669,-0.753777529,0.420157924,-0.258996278,-0.97736923,-0.877290806,-0.990209395,-0.062634156,-0.993703092,-0.82345956,-0.578416453,0.15898874,-0.114752628,-0.940803541,-0.379169895,-0.98555566,0.381412426,-0.921853952,-0.075279947,0.358548785,-0.552993996,1.254860276,1.16528115,-0.202114969,-0.480897095,-0.49536395,-0.702877383,-0.226899456,-0.268981024,0.030127324,-0.537038995,0.102944358,-0.501749546,-0.107996028,-0.379013631,-0.57481137,-0.492527469,-0.366696839,-0.619965012,0.004313422
7,7.25,7.5,A,10,-0.526838789,-0.862819775,-0.679384563,-0.961361759,-0.536829304,-0.788834035,-0.787403949,-0.351085287,-0.876672524,-0.694056399,-0.410878993,-0.854968958,-0.265931794,-0.20004301,-0.929002539,-0.662664925,-0.155658713,0.395002978,-0.887516472,-1.014551399,1.434419617,-1.033567927,-0.101493884,0.010174048,-0.040603719,-0.994157984,0.969643492,-0.313261021,-0.681939132,-0.255885968,-0.227726455,-0.032105576,-0.569334768,0.192198169,-0.85287328,-0.0879012,-0.216128956,-0.759352132,-0.960135846,-0.110645487,0.312409822,-0.864931599,-0.46531669,-0.024949583,-0.699238527,-0.885995731,0.269500303,1.213306174,0.129332489,-0.684971254,-0.673702284,0.60008582,-0.432635243,-0.586744433,-0.088834662,-0.788509745,-1.121847277,1.294672573,0.182666473,-0.389240967,-0.32511943,-0.10068518,-0.964417052,-0.807055311,-0.818346695,-0.697196305,-0.370798033,-0.780230717,-0.39920513,-0.625101912,-1.070708411,-0.293451302,-0.856027782,-0.615246956,-0.794128982,-0.294913351,-0.655352176,0.089239379,-0.653683679,0.170281269,-0.720375222,-0.713054299,-0.359899974,-0.278738456,-0.932853075,-0.747066282,-0.630099328,-0.422131395,-1.098131514,-0.624149159,-0.31330135,0.322568491,-0.373511729,1.60848362,-0.410113269,0.755927545,0.432642068,0.784102286,0.761050274,0.899360491,0.503909732,-1.030847834,-0.361897168,-0.327601555,-0.424731929,0.341190763,1.598170196,-0.761249027,-0.842088783,0.150895665,-0.758729402,-0.072480848,-0.823312711,0.079466271,-0.560611949,0.607170535,-0.65145459,-0.538109577,-0.559687697,-0.569758023,-0.690328902,-1.015848407,1.11893545,0.343326862,-0.493857758,-0.877136807,-0.43551198,-0.533423378,0.123043322,0.255295577,-0.890748039,-0.74994965,-0.953869804,-0.491926653,-0.261263475,-0.542769475,-0.883589007,-0.600783911,-0.628836486,-0.216407004,-0.790622719,-0.317414035,-1.058495096,-0.796875942,-0.351298116,-0.898824505,-0.542758962,-0.861787951,-0.583058791,0.564109247,-0.759801755,-0.71943031,-0.800942958,0.836870202,-0.450052708,-0.932960832,0.332860321,0.435196503,-0.126489274,-0.25486923,-0.706528638,-0.498621382,-0.100667248,-0.362400553,-0.17008546,-0.200408974,-0.588815576,-0.497399199,-0.65264987,0.446720843,-0.115424994,-0.384750799,-0.220550602,-0.62201435,-0.563702687,-0.243962004
7.25,7.5,7.75,A,10,-0.109828605,-0.202059189,-0.90912112,-0.213527201,-0.517244674,-0.387095972,-0.769650887,0.984527284,-0.259667077,-0.572551208,-0.389759002,-0.927634336,0.473697249,-0.592465412,-0.507502169,-0.861402136,-0.253246009,-0.707299413,-0.301240987,-0.268341216,-0.373304764,0.341619129,1.097450378,0.804360238,-0.941678684,-0.844846028,-0.812885991,-0.492370365,0.017634564,-0.528825447,-0.672027156,-0.670602123,-0.528176336,-0.814713857,-0.083815182,0.18381752,0.032441777,0.116735671,-0.88876031,-0.65083647,-0.737246532,-0.367275597,-0.64118166,1.261588902,-0.686763589,-0.019050281,0.805900383,1.677888636,0.0175619,-0.920880826,-0.885044041,2.298114241,-0.537994627,0.189056596,-0.195026122,0.296470123,-0.064109358,-0.336058096,0.401364087,-0.762953778,-0.940844646,-0.659488225,-0.408949144,-0.788745476,-0.742190631,-0.731783268,0.49311426,0.249771248,2.450596568,-0.190145191,-0.010490658,2.116476936,0.89171508,-1.035121227,-0.765622817,0.898996591,-0.140425544,0.278492504,-0.165936749,-0.864245267,1.259061539,-0.757870989,0.462888501,-0.362110493,-0.305035112,0.392789351,-0.72152823,-0.857913034,-0.706532642,-0.635711325,-0.697235994,-0.507188271,-0.723615891,0.499588292,-0.641689675,0.548828276,0.052158337,-0.877887161,-0.379414703,-0.560108529,-0.317473555,-0.345370138,-0.893399465,-0.867864782,-0.856723819,-0.498716825,-1.005591718,-0.657982825,0.472945085,-0.73858897,-0.386508638,-0.765679639,0.1739899,-0.294264176,-0.781211022,-0.371967625,-0.705555373,1.151230266,2.232084289,-0.806321941,1.655686793,0.078194626,-0.766219386,-0.670953857,-0.079560902,-0.016870794,1.747614377,-1.000900277,-0.856679462,0.629061034,-0.693306211,-0.559713318,0.775139085,1.12598191,-0.876548701,-0.407107321,-0.935453988,3.038008528,-0.09219739,0.184106259,1.261206665,-0.696454863,1.164428285,1.484275046,-0.138971107,-0.250953532,1.208455753,-0.053339696,-0.795833686,0.01755559,0.116603627,-0.579165646,-0.290692642,1.465795817,0.061186744,0.503798127,-0.735052413,-0.586877861,-0.45083124,0.239770682,-0.295621865,-0.433519343,-0.173284697,-0.397593647,0.039054134,0.040381903,-0.12686645,0.120383885,-0.223196243,-0.328656532,-0.570876701,-0.055420396,0.071937215,0.155890885,0.320036846,-0.025546481
7.5,7.75,8,A,10,0.571253626,1.130724268,-0.020237203,0.107455126,-0.185310494,-0.682605335,1.384255848,-0.700954886,0.061510753,-0.78795818,-0.443952956,-0.734304229,0.542017453,-0.984160219,0.932248561,-0.380521313,-0.616792014,-0.511878082,-0.637687354,-0.943972126,-0.632496693,-0.646786146,-0.418571172,1.223934682,-0.598867938,0.683212027,-0.311847277,-0.451637263,-0.527543784,1.18081606,0.3027046,0.135209666,-0.828498912,-0.053720156,-0.603123992,0.200542223,-0.837335819,0.233324226,0.129910571,0.479269728,1.226949169,2.18639814,0.753420053,-0.447841629,5.063053765,0.089342504,-0.224798643,-0.809977825,0.268462847,0.230862428,-0.511014355,-0.758478196,-0.336364728,-0.050908279,0.872860806,-0.920047263,1.183932968,-0.911368417,-0.150378163,-0.550315416,0.882126818,-0.705806612,-0.755977215,-0.91085371,-0.331967798,0.15811572,0.011332203,-0.498873662,2.444349306,2.910989813,-0.496124194,-0.643547204,-0.277105297,1.396900134,0.296917362,-0.681036526,2.571987472,-0.79625515,-0.15917699,-0.993809498,0.723385968,-0.82501581,4.756840525,0.14007996,-0.746540712,-0.00804016,-0.117725637,-0.514842693,-0.605696853,-0.693536615,-0.505167451,-0.540003446,-1.0014892,-0.115740624,-0.555334305,-0.70637142,0.331319134,1.042181244,1.113275506,-0.424149665,0.325299208,2.504048022,0.290442498,-0.838807149,-0.751175418,0.910305665,0.016840284,-0.82641929,-0.586000759,-0.131710835,-0.451378403,0.340715549,-0.232627412,0.290238415,-0.682476864,1.370699819,0.463041354,-0.633543266,-0.66479901,-0.86974351,-0.718603622,-0.129609789,-0.632245786,-0.577391108,-0.802027769,-0.267724193,1.01554577,-0.479617304,-0.683512571,-0.528885823,-0.571125611,-0.756820619,0.884711958,-0.596618295,-0.901648725,0.062965952,0.343049979,2.304910928,-0.539413404,-0.54848367,0.136093801,0.773902418,0.204576359,1.13964207,-0.749927419,-0.10178453,-0.750164471,0.458327549,2.382930318,-0.698526701,0.399778123,-0.407137939,0.065118131,-0.766525337,-0.185366996,-0.885089374,-0.91232306,2.477867154,-0.913523135,-0.521013043,0.087813352,-0.377900228,-0.04997875,-0.084171787,0.833587081,-0.213208104,0.320343486,0.021875011,0.210890797,-0.136148023,0.091282223,-0.106987333,-0.38040722,-0.031847151,0.279506939,-0.164821547
7.75,8,8.25,A,10,-0.235541682,-0.315771565,-0.297636303,0.016986051,-0.419244777,-0.483858701,-0.27902663,1.352448214,-0.016434168,-0.436336002,-0.892488119,-0.785132664,-0.634283846,-0.430304762,-0.502971102,1.184388341,0.49973579,-0.090516678,0.062745137,-1.037961467,-0.426531318,-0.448391123,2.225433315,-0.395031817,-0.410493911,-0.371639376,-0.884393849,-0.474938524,-0.846182296,-0.304264111,-0.79473354,-0.648136736,-0.741663049,-1.014142593,0.418873118,-0.58234452,1.372107262,-0.95204786,-0.678096545,-0.399797728,-0.938147078,-0.242233784,-0.755180281,0.442189815,-0.636656371,0.796438491,1.289650923,-0.734915494,0.143690868,-0.418720817,-0.95601858,-0.680821742,-0.707646223,-0.184366026,1.283910071,0.727690278,0.523554303,0.874181995,-0.644242587,-0.189641691,-0.026312125,-0.334621383,1.749366438,-0.922786711,0.104993333,-0.266832719,0.343894298,0.923460793,0.557876806,-0.808308147,2.536737899,-0.900607253,-0.938251076,-0.018662431,-0.770284739,-0.724265164,-0.540378888,0.849169827,0.03590415,-0.562706608,-0.532263483,-0.03644215,-0.131767752,0.197789754,-0.224138709,-0.894910435,-0.415290875,-0.348316539,-0.960317148,-0.937738649,-0.83887002,-0.753119004,-0.876968931,-0.909683257,-1.015544929,1.297699488,0.227984292,-0.641545697,-0.2749052,-0.534449932,0.136840347,-0.465638734,-0.015907925,0.499456481,-0.562641195,-0.195403929,-0.557556513,-0.927153081,-0.892852585,-0.633105527,-0.878594058,-0.44267074,-0.484353155,0.217503295,0.972722924,1.108900625,-0.136488011,-0.583582179,0.573165011,-0.2083752,-0.425067474,-0.219994393,0.451478627,0.415842878,-0.830683138,-0.865319148,0.034988018,-0.312237336,-0.207542282,-0.54284395,-0.962757919,0.160842484,-0.411928369,-0.411472846,-0.776886227,-0.636157629,-0.165661065,0.160388198,-0.519733325,-0.864652851,-0.289315717,-0.802730048,0.226312189,1.356015269,-0.457531572,-0.890242963,-0.772784326,-0.161804127,-0.694372561,-0.250466441,5.499387487,0.969624137,0.262478516,-0.755784681,-0.284292325,-0.929578905,-0.929711775,-0.973143265,-0.640141287,-0.751874501,-0.111441556,-0.262678937,-0.233643301,-0.401998219,-0.105388373,0.00465998,0.132073058,-0.103334428,-0.428339599,-0.431940319,-0.361396266,0.013822851,-0.25013782,-0.442801955,-0.27369203,0.14669634
8,8.25,8.5,A,10,-0.141903516,-0.961375899,-0.521942133,-0.066510543,-0.556277771,-0.677191462,-0.909884412,0.076782186,-0.815225549,0.172045548,-0.91407091,0.256153986,0.097423766,-0.854718153,0.847637858,2.210902759,-0.961824509,-0.415228436,-0.742585868,-0.740528047,-0.395665553,1.203914812,2.117339562,-0.582915413,-0.472128654,-0.52214423,0.604557347,-0.876862592,-0.872318457,-0.930001676,-0.930963262,-0.418604304,-0.991151259,-0.595639508,-0.706367279,0.243717004,-0.868140349,-0.783305968,-1.060179143,-0.285233687,-0.978199293,-0.802323418,-0.736704893,-0.476156128,-0.581883435,0.761648756,1.831533421,-0.315326001,-0.870585149,-0.902626572,0.055588516,-0.979454697,-0.408436704,-0.623399579,-0.831658563,-0.677708322,0.318610627,-0.318490291,0.662031928,-0.066918984,0.28108041,-0.467156526,-0.489818872,-0.524232298,-0.727953639,-0.183429036,0.109981944,-0.361535267,-0.92988185,-0.576739695,-0.912879705,0.247043375,-0.207552737,-0.815240246,0.301448371,-0.139587698,-0.016730752,-0.459194064,-0.381998252,-0.301945762,0.088870389,-0.071246253,-0.389971528,-0.043491614,0.736086285,0.962507366,-0.64534841,0.023031147,-0.826705581,0.954194516,0.104164815,0.893010121,-0.677305852,0.017284632,-0.721322268,-0.431911558,0.369722694,0.763432741,-0.757665323,0.868876556,-0.690989979,-0.671604156,-0.029864542,-0.661154214,-0.566694663,-0.785395099,0.808257641,-0.892359364,-0.84826639,-0.379262035,-0.852017944,-0.601016041,-0.695314576,1.330586871,-0.665161408,-0.69726057,-0.967214081,-0.80058042,-0.764021502,0.059524112,-0.370559375,-0.443980548,-0.276252333,-0.366878266,-0.598701746,-0.715528161,0.463412553,0.478362895,-0.611410784,-0.191126363,1.340945317,0.257829376,-0.705676283,-0.144453808,-0.896933905,-0.942685059,-0.863210577,-0.190096805,1.484306748,-0.738277812,-0.843455982,-0.88414525,-0.83140001,-0.259472073,-0.256685919,-0.660785477,-0.572615509,-0.232651092,1.192658278,1.944443497,-0.372801024,1.409478966,0.224327994,-0.783343413,-0.533922013,-0.642839016,-0.333536659,-0.912156491,-0.850141132,-0.797531358,-0.440148355,-0.121683755,-0.072622485,-0.639586775,-0.307062271,-0.286983607,-0.386968483,-0.268663747,0.078792632,0.042828656,-0.47173328,-0.465247556,-0.263266213,-0.139825281,-0.140410954,-0.359246415
8.25,8.5,8.75,A,10,-0.481211772,-0.156321627,-0.57267258,0.002051299,-0.884854972,-0.716517707,-0.655496936,-1.103723782,-0.684844012,-0.515398494,-0.942652953,-0.635522641,-0.651400248,0.017791165,-0.765878829,-0.929730236,-0.563132585,-0.760231128,-0.729707695,-0.398170408,-0.720083864,-0.503299252,-0.893773738,-0.837622643,0.903866506,0.148319152,-0.716458861,-0.668247786,-0.918223698,-0.607084397,0.229202009,-0.744511814,-0.08301693,-0.240215202,-1.009830381,-0.563254225,-0.901895904,-0.683083309,-0.692626629,-0.348538543,-0.981808385,-0.971752074,1.122070342,-0.798699796,-0.751056987,-0.843284393,0.99103887,-0.067090057,-0.397597002,2.029447554,-0.616697769,-0.555384458,-0.535607088,-0.995824901,-0.825863446,-0.423316758,-0.592704732,-0.933727898,-0.780255644,-0.181531393,0.673609594,-0.023465055,-0.948878317,0.330127595,-0.254944614,-0.490838704,-1.043330822,-0.781095468,0.098371412,-0.705999753,-0.83864174,-0.732240505,-0.867602931,-0.301540316,-1.011899161,-0.799475908,-0.439573496,-0.070425881,0.634732205,-0.676803546,-0.259132581,-0.910054788,0.084952674,-0.602292804,0.60270687,-0.086040241,-0.42214484,-0.716921949,-0.13166424,0.165779202,-0.742131977,-0.834553063,-0.190654341,-0.839785556,-0.848888286,0.39721407,-0.471365373,-0.650788836,-0.136731415,2.955218349,-0.731463903,-0.765569491,-0.354708042,-1.086668139,-0.898905315,-1.017009734,0.059308689,-0.505072038,-0.950400634,0.301607576,-0.654704049,-0.927514099,1.609008607,-0.526707703,0.634985902,-0.892988682,-0.701997529,-0.611412969,-0.896346497,0.718075055,0.660352097,-0.343910714,-0.171225435,-0.437744979,-0.874423654,-0.861364064,1.046307276,-0.447209481,-0.480220448,-0.681267207,-0.963458752,-0.647196284,-0.788649035,-0.360937467,-0.761094107,-0.802032921,0.149228782,0.099663455,-0.533902186,-0.661630597,-0.79671656,-0.743816602,-1.103475383,-0.568001527,0.116910111,-0.736222946,-0.752753754,-0.55009716,-0.83586013,-0.280858036,-0.463646757,2.333290472,-0.071175059,-0.737085037,-0.858513364,-0.835478581,1.064964151,-0.836408591,-0.748485835,-0.798352286,-0.576899058,-0.635863556,-0.481260858,-0.503777093,-0.066873193,-0.644091409,-0.314644413,-0.510347128,-0.22748127,-0.136246643,-0.594888103,-0.224960196,-0.259070661,-0.527000911,-0.625089199,-0.195089089
8.5,8.75,9,A,10,0.001666459,0.524097142,-0.669011994,-0.372577782,-0.203353382,-0.365020773,0.252855008,0.365325093,-0.006373285,-0.826483704,-0.43820151,-0.072731534,-0.696037589,-0.914327412,0.568359085,-0.396861934,-0.704980832,-0.671346024,-0.69324063,1.131719395,-0.23550352,-0.927710095,-0.551746481,-0.467036011,0.24387527,0.059931075,-0.669529159,-0.812468967,1.243940065,-0.444820743,-0.075828362,-0.353733001,-0.355174159,0.103157455,2.307756306,0.778077859,0.666411758,-0.917877289,-0.87137433,-0.699660961,0.490759632,-0.849630576,-0.925425398,-0.58552265,0.335981536,-0.436364487,-0.519770265,0.067005201,-0.291331031,-0.220748805,-0.947808112,-0.091427311,1.079984731,0.086447611,-0.261388163,-0.235095968,-0.799737072,-0.947411085,-0.303657768,-0.979987851,-0.966550751,-0.509794639,-0.950229093,1.194988359,0.523640892,-0.668262986,0.880612873,0.081138843,-0.48086206,-0.861210968,-0.533438952,-0.850747805,-0.402887479,-0.959949746,-0.39700757,-0.193104187,-0.764561841,-0.296646863,-0.531756617,-1.002264565,-0.568755649,-0.936448325,0.647428538,0.973463677,0.274522039,4.764416166,0.314744615,0.348837133,-0.804077936,1.174058856,-0.300196781,-0.054641776,-0.69469964,2.667857563,-0.553926934,0.454008212,-0.04188884,-0.60456517,-0.317339371,-0.10755819,-0.111089387,0.458571213,-0.726766156,0.563891641,-0.659570187,-0.103234334,0.816406422,-0.017316254,-0.266861679,-0.371806633,1.326417263,-0.570646888,-0.415344136,-0.277320104,-0.265260783,0.179768272,-0.301016,-0.211356456,1.196722241,-0.839974022,-0.20198282,-0.552613688,-0.517548031,3.001637985,1.905021412,-0.873505031,0.239626807,1.657587037,0.539773363,-0.528878194,0.155294545,-0.222506032,-0.890169194,-0.177477217,2.83712544,0.542500051,-0.690817801,-0.934900146,-0.922745714,1.369322437,3.439204258,0.304785398,0.609256709,-0.319179377,0.677454911,-0.368425648,-0.846422144,0.598199376,-0.787924748,-0.877763989,0.421823494,-0.32493403,0.816669587,-0.862366963,-0.563209029,-0.517289923,-0.725548125,-0.023439076,0.019039168,0.3437771,-0.129887722,-0.288764898,-0.256106857,0.058175528,-0.293504684,-0.340008099,-0.175652953,-0.593236562,0.618818911,0.044704907,-0.041777535,-0.017801062,0.466911884,0.106562637,0.242918474,-0.14154778
8.75,9,9.25,A,10,-0.047502334,0.656651174,-0.271898735,-0.524479425,0.179727829,0.483416015,1.155634605,0.912059044,-0.831397194,0.1411705,-0.082466094,-0.728261818,-0.062216264,-0.239392253,-0.708103767,0.500856061,0.183534868,-0.36178361,-0.650132845,-0.808820652,1.808130579,-0.725712223,-0.659980696,-0.137201268,-0.187234283,-0.465104846,-0.673122906,-0.824292224,-0.863758593,-0.636672948,-0.292008632,-0.283004227,0.410101281,-0.639626874,-0.63915461,-0.268242252,0.413745962,-0.661622703,-0.621350046,0.011654643,-0.512602317,-0.602268555,-0.55908516,-1.140800453,-0.586187847,-0.720372358,-0.996334732,0.100275053,-0.329435355,-0.673373229,-0.877446108,-0.511247278,2.432261707,0.419884789,-0.282901913,-0.848149522,-0.431226909,-0.515321834,-0.428216442,-0.570768221,0.270904735,-0.416905857,-0.793783142,1.222512143,-0.525218153,1.036552545,0.506506036,-0.291031777,-0.460343827,-0.558964504,-0.809563218,-0.013372369,-0.201970913,2.309019949,0.853416198,-0.890850665,0.298201679,-0.039319491,-0.569537669,0.089482856,-0.446012973,-0.323089974,-0.362809299,-0.590824057,1.198409379,-0.320032802,0.437905942,-0.455731588,-0.866192529,0.294670217,-0.835959255,0.458784828,-0.050311991,0.948453026,-0.588202802,-0.053721043,-0.051228743,-0.754888414,-0.933694202,-0.470165739,-0.540266265,-0.68865744,0.380251674,-0.82761979,-0.445066466,1.353532239,-0.047610538,0.010133572,-0.619571356,-0.920125967,-0.605105247,-0.43937877,-0.47234436,-0.620848913,-0.472064304,-0.844246903,-0.851127522,-0.439134108,-0.875890588,-0.920177225,-0.409260701,1.298045847,1.620541034,-0.850362905,1.325538908,-0.851327356,0.064062175,-0.79004773,-0.780631437,-0.27281025,-0.915083273,0.25683389,0.085221114,-0.537783842,-0.353714595,-0.998154092,-0.607947788,-0.00624565,-0.474322979,0.944489824,-0.931012069,-0.278610252,0.943741861,-0.880479416,1.624643442,-0.232350717,0.236913222,-0.13513229,-0.976085442,-0.66761374,-0.92016255,-0.597346725,-0.272711354,-0.642714578,-0.286050228,-0.590805381,0.383986356,-0.795778273,0.30017439,-0.124480465,0.185338148,-0.295678637,-0.336494941,-0.256950746,-0.602018495,-0.161313173,-0.00097718,0.102550636,-0.143370768,-0.233093434,-0.234500034,-0.654031794,0.035374759,-0.260670739,-0.12959854,-0.354588881
9,9.25,9.5,A,10,-0.422282057,-0.223767222,1.63221401,1.655083919,0.319487202,-0.094034107,-0.958099213,-0.51460844,-1.048527809,-0.552009738,-0.106288252,-0.540646568,0.082358379,-0.766586733,-0.428165766,-0.413798491,0.429550362,-0.670648506,-0.326325117,0.79794152,-0.086444246,-0.292037498,0.107940054,-0.677315286,-0.379622568,-0.480614796,-0.280086105,0.273622617,0.273773499,-0.626972382,-0.460919742,0.70685268,-0.646785484,-1.031859134,1.318710336,-0.61385146,-0.388969777,0.632862708,-0.58080729,1.711495057,-0.478725882,0.217149008,0.123978845,0.069767804,-0.77518135,2.508364924,4.032938984,-0.29233905,3.050921137,-0.879622349,-0.270961986,1.321245004,0.238282062,-0.006043831,1.515693973,0.792702942,1.01162861,-0.218133543,-0.917601722,2.289119154,0.22758654,-0.381265841,-0.557719649,-0.263990561,-0.703757302,0.003145907,-0.606040352,1.624550153,0.071709079,-0.067432644,-0.103557821,0.621427518,-0.670454437,-0.253191379,-0.33977623,0.285307772,-0.41793648,-0.051919502,2.182293135,0.097846687,-0.22326593,1.294470454,-0.835610287,0.421993622,0.603384455,0.197567973,0.456197077,-0.493512615,0.681503112,-0.04424586,-0.05551704,-0.704360236,0.779107748,-0.470481389,0.55023958,2.921135121,-0.633151654,-0.141287485,-0.114136866,-0.559347783,-0.017975696,-0.765110815,0.561997266,2.096830688,-1.012767445,-0.076991274,1.656754358,-0.880105313,-0.677992387,1.467946645,-0.660935627,-0.92523836,-0.346888462,1.877334373,-0.976095876,-0.187586792,0.594016481,-0.882922997,-0.891153475,-0.615706803,-0.714421757,-0.196458501,1.405863993,-0.567097925,0.484937371,-0.733652657,-0.60681327,-0.207147055,-0.178490319,-0.827543983,-0.187492485,-0.730529324,-0.582868827,-0.063098828,1.277901806,1.276862226,-0.360808247,0.160446664,0.247266159,1.022371966,-0.618544033,6.636368408,0.621125328,6.415446746,0.489307704,-0.335920338,3.904660328,2.285899424,0.181671222,-0.283150853,-0.449068725,-0.421226008,1.843710623,1.232880778,1.109103344,-0.450491488,1.316772272,-0.489106957,2.795250699,1.862765468,-0.020654345,-0.194260917,-0.216775671,0.064672789,0.757725207,0.575593066,-0.065321467,0.135003926,0.2058482,0.15722,0.235258602,-0.301517754,-0.21408241,0.206005111,1.929686394,0.835059001
9.25,9.5,9.75,A,10,-0.24535646,-0.536840803,-0.788568915,-0.672694935,-0.660272839,-0.315714897,-0.262698039,1.878483345,0.576518525,-0.834214536,0.236613147,0.847334944,-0.210642062,-0.054213038,-0.884367306,-0.154409967,-0.632339856,0.622095525,-0.367242491,-0.770523214,1.424369506,1.888782056,-0.878837407,0.341018269,-0.751609145,-0.33168215,-0.752983013,-0.577208573,-0.29920932,-0.783564874,-0.702243943,-0.928456622,1.465021024,-0.38077461,0.800341428,-0.373022017,-0.121564014,-0.569450172,-0.697407253,-0.089321725,-0.686120284,0.453467249,-0.774827161,0.090976441,-0.096523105,-0.25935037,0.273344955,-0.935344697,-0.525749274,-0.607786621,-0.890617758,0.415852935,1.632746237,-0.212322664,-0.920515066,-0.067290543,1.940732687,-0.23815319,-0.788525701,-0.867629332,-0.686949557,0.908901183,0.125040203,-0.57779574,0.656956537,2.424812661,-0.369117456,-0.965400212,2.023986886,3.106063198,0.596432928,-0.932790341,1.352743777,0.193863464,-0.749191653,-0.396943853,-1.032001794,-0.837091071,0.184661297,-0.58920906,-0.980336448,-0.534538033,-0.811315092,-0.328344713,-0.674090803,-0.559775581,-0.704204595,-0.130596656,0.511066079,-0.798852859,-0.398249905,0.656785945,0.677369187,2.243563357,-0.972228109,-0.52628483,-0.549566866,0.133953742,1.363458561,0.127164698,-0.107126201,-0.557705396,-0.847378338,-0.648015988,0.063588607,-1.009863667,-1.020974956,0.572317915,-0.664922413,-0.415439764,-0.54588945,-0.269628136,0.018974448,-0.901647517,0.079592862,-0.998942505,-0.335589751,-0.916600837,-0.437442949,-0.681317461,-0.384046339,1.820015307,0.048127526,-0.369908959,-0.352951748,0.066078012,0.166379837,0.821920416,0.378257423,0.006721795,-0.445968503,0.045166901,0.087512594,-0.756635788,-0.783678512,-0.370205765,-0.20736547,-0.942124488,-0.377111939,0.049700363,-0.710751069,-0.811560054,-0.230079585,-0.690110038,0.174737873,-0.80721337,-0.896304766,-0.542862831,-0.902041916,-0.322562582,-0.766461287,-0.974046515,-0.529572597,1.421746094,1.057284547,-0.187036497,-0.323153713,-1.01778984,0.350800867,2.39243026,-0.186135955,-0.136769432,-0.072092465,-0.159687791,-0.306791287,0.000427761,0.66464977,-0.220952631,-0.50109887,0.275596578,-0.46355202,-0.49884913,0.220059327,-0.370071061,-0.573874834,0.142420132
9.5,9.75,10,A,10,-0.431584478,-0.845675982,-0.813303431,-0.501508111,-0.183909723,-0.00976194,-0.673149477,-0.990542767,-0.986207568,-0.91149254,-0.258742259,-0.815418137,-0.687887975,-0.549584514,0.312525297,0.114445844,-0.203960104,-0.247367281,-0.610206556,-0.168700411,-0.489781455,0.57246685,0.926327369,1.145735559,-0.885294742,-0.503322965,0.683418536,0.384587041,0.172103621,-1.051215028,-0.74281486,-0.639887845,-0.912506488,-0.746824834,-1.025335654,-0.075113252,-0.925395717,-0.973370198,-1.074197517,-0.955174427,-1.008997359,-0.384344098,-0.831397989,-0.465900938,-0.555845004,-0.710758451,-0.90968007,0.088989757,0.000530806,-0.325744534,-0.875581737,-0.602877944,-0.723258665,-0.768666493,-0.409194992,-0.835965967,-0.292026546,-0.536245258,0.015346179,-0.972106921,-1.037741451,-0.572790404,-1.025351857,-0.956071287,0.225399868,-0.983450315,-0.703165983,1.018070453,-0.567300549,0.538204692,-0.501919076,-0.574949745,-0.22544877,-0.976908524,0.129883771,-0.323040235,-0.917210044,-0.705508336,-0.771070359,1.289910396,-0.212710083,-0.679248109,-0.890514553,0.07488557,-0.912517573,-0.934947765,-0.674451608,0.273947908,-0.995722736,-0.628797559,-0.789723043,-0.870943088,-0.654306754,-0.667244349,-0.796105411,-0.286617578,0.273839915,-0.756815115,0.738399769,-0.649226547,-0.824700545,-1.005134224,-0.258797772,-0.620859879,-0.991327309,-0.563611802,-0.660278443,0.342084149,-0.417100518,-0.967293377,-0.869026045,-0.292717599,0.31307839,-0.555516605,-0.583955517,-0.420210266,-0.089194167,0.00278814,0.280540546,-0.229880891,-0.230608256,0.939879543,1.021773523,1.058976738,-0.536479321,-0.708643661,1.815551933,-0.32785877,-1.014962276,-0.831391294,-0.021429471,-0.109494349,-0.852857146,-0.064601181,-0.502948304,-0.7355611,-0.43084012,0.394356965,-0.48492995,0.244719655,-0.653692348,0.06707049,0.879308763,3.77816006,0.818452795,0.014921972,-0.124899507,0.177860928,-0.536995702,-0.984315849,-0.450180852,1.552476238,-0.257396856,0.749188063,-0.607898701,-0.964542633,0.306423102,-0.848581721,0.700444579,-0.443465966,-0.634713602,-0.31148961,0.095502479,-0.807062079,-0.510314788,-0.600057834,-0.406419683,-0.357626092,-0.558007651,-0.44587422,-0.596701972,-0.244409402,0.118623816,-0.2563585,0.34358716,-0.026353475
9.75,10,10.25,A,10,-0.375721987,-0.992669993,-0.759839068,1.147077699,-0.333446582,-0.813479813,-0.004875112,-0.641358408,-0.945723236,-0.879018711,-0.531716397,-1.061990009,-0.692849546,-0.871856572,-0.880236325,-0.953030185,-0.834943425,-0.712552843,0.851417412,-0.259900519,-0.849902874,-0.784688091,-0.589731635,-0.632267009,-0.025367717,-1.037499736,1.14704508,-0.143461939,-0.79290942,-0.078391934,-0.572060731,-0.623814624,-0.465400154,-1.062457747,-1.090202135,-0.07217837,-0.603039419,-0.539135114,-0.499002352,-0.231543098,-0.781722485,-0.933506752,-0.886239728,-0.607925361,-0.689378527,0.94739179,0.828070682,2.381652854,-1.002585428,-0.506162566,-0.921954704,-0.123876108,0.397415747,0.38601672,-0.827479088,1.084739065,0.003639544,3.397342287,1.53374603,-0.954821264,0.409958538,-0.304644222,-1.032829287,-0.867865262,0.035243845,-0.42063377,0.590359293,0.622718146,-0.71708893,-0.559951247,-1.012922998,-0.694782569,-0.679086074,-0.594459895,0.300358249,-0.489824434,-0.687171273,1.021406649,0.284372163,1.021418924,0.682197879,-0.511254157,-0.683867773,0.243635718,-0.220407537,0.021892085,2.236907422,-0.735489648,-0.737910967,-0.258078158,-0.139267488,1.287270261,-0.813235524,-0.5131749,-0.748116327,-0.814009749,-0.542146952,0.54836426,-1.034790787,-0.20132148,0.020776336,-0.809151443,0.891071511,-0.023374949,-0.83393544,-0.633490558,-0.37239571,0.036284941,-0.781311792,-0.553509704,-1.066542988,-0.790388512,-0.700661834,-0.713712072,1.577365178,0.652637957,-0.532263309,-0.822431687,-0.675117932,-0.543655872,-0.302041516,-0.307030241,-0.720611332,-0.407458962,-0.887320167,-0.755582796,-0.934349609,-0.391121506,-0.973101192,-0.75743837,-0.419148334,-0.617570347,-0.922256822,-0.475011442,-0.856978907,-0.924447984,-0.79864855,-0.937821905,-0.517744832,0.058805048,-0.925989662,-0.927488317,0.047735527,2.783185305,-0.505539497,-0.796828214,0.453375778,-0.70962612,0.34013243,-0.318018231,0.400449224,-0.368865742,-0.621943293,1.083187051,1.14779544,-0.808350121,-0.570461163,-0.809994519,-0.683119231,-0.751379253,-0.459905521,-0.594765841,-0.378717527,-0.575883375,-0.125040552,0.397476823,-0.22447329,-0.153069126,0.003762486,-0.297042869,-0.305903681,-0.361477107,-0.643605569,-0.641082408,-0.0559061,-0.198268161
10,10.25,10.5,A,10,-0.594069167,-0.500322515,-0.246041239,-0.617621671,-0.107892462,-0.678705583,-0.147942365,-0.806862767,-0.356264914,-0.85769543,-0.960913405,-1.020754892,-0.259925504,-0.406534966,0.419176559,-0.125777947,-0.833601494,-0.770216007,-0.578862553,-0.903724978,-0.103886234,-0.890645594,-0.763837039,0.788657215,-0.908683976,-0.36712156,-0.034869717,-0.811587851,-0.035068394,-0.405304458,-0.73955449,0.363083888,3.848545329,0.122726615,1.773064465,-0.472479134,-0.576528875,-0.006355938,2.329796124,1.358284065,-0.597735769,-0.876623588,-0.571458181,-0.796251293,-0.01781736,1.526947237,0.84819945,-1.084011472,-0.765180303,-0.736767048,0.77995106,-0.845320966,1.666821247,-0.361819169,-0.038725032,-0.596708737,-0.760595211,0.859714736,1.040915769,-0.245129555,-1.03937231,-0.708823147,1.29385551,-0.88779135,-0.772263542,-0.16626075,-0.538964901,-0.5923168,0.415609819,0.271185727,-0.860656224,-0.807768765,-0.648496092,-0.064921022,2.261180783,-0.535624233,-0.501854554,-0.404659041,-0.208510529,-0.7771267,-0.168717369,-0.693291099,-0.054501835,-0.499307133,-0.853902865,-0.128256981,2.522995268,-0.808974634,-0.909688044,-0.226881885,-0.078570266,2.610309287,-0.145904559,-1.023104373,-0.761325721,2.326148552,1.263346132,-0.973448928,-0.893137109,1.374396886,-0.801258389,-0.054910127,-0.237520702,0.035070284,-0.712402836,-0.825770225,-0.034868655,-1.059163207,-0.4414847,0.96274365,-0.596648858,0.03257232,-0.717042871,-0.191574961,1.485365642,0.143899003,-0.934485574,1.615246731,-0.725664271,0.109009289,-0.129116919,-0.407216106,1.752484422,-0.917076646,-0.17200053,-0.151107537,0.914722096,-0.759182156,0.781165436,0.375521515,-0.133620187,-0.868935561,-0.794604748,1.479519552,-0.698715663,0.512945032,-0.088328267,0.406549528,-0.509738438,0.213675016,0.188852639,1.557477995,-0.061463596,-0.812230902,1.115966288,0.04124115,0.237604256,-0.568773942,-0.635764937,0.042548686,0.466428823,-0.44179937,1.700703421,-0.329993122,-0.395939349,-0.069149303,-0.595303002,4.304556886,-0.690972003,-0.671671692,-0.491341811,-0.544113519,-0.353234761,0.800058205,-0.307069833,0.149910414,-0.272514174,-0.254843638,-0.182052658,0.36987099,-0.316956491,0.022067645,0.128819357,-0.048125374,0.110545764,0.327686129
10.25,10.5,10.75,A,10,-0.504725444,0.202876902,-0.358703944,-0.000497124,-0.407200394,-0.654303152,-0.237189651,-0.0711953,-0.966731898,-0.876327775,-0.640990766,-0.746041157,-0.230108665,-0.320890493,-0.796537332,-0.821135184,0.026230086,-0.547877348,-0.241150891,-0.696300284,-0.507325377,-0.641558704,-0.825100692,-0.185060341,-0.578445497,-0.687854462,0.242297786,-0.862747356,-0.149748107,-0.273547808,-0.486494792,-0.536640261,0.54463531,0.595380499,0.441119457,1.000112774,3.115251643,-0.128540565,-0.737057175,0.411660402,-0.585605617,-0.71131436,-0.29442747,-0.974161074,-0.316863247,-0.157555612,-0.920604144,-0.653227725,0.379897609,-0.729498359,-0.724825835,-0.48608677,-0.774594679,-0.493132554,-0.950198417,-0.831857816,-0.355685643,-0.372614435,-0.787346234,-0.76888588,-0.959152279,-0.854602722,-0.913237093,-0.138050244,-0.870402627,-1.010802028,0.045585725,1.178762997,-0.787152658,-0.253081808,-0.862240163,-1.005743626,1.450733181,-0.581514404,-0.308405735,-0.933344153,-0.964364644,-0.685643387,-0.109091972,0.13983503,-0.546577067,-0.985175702,-0.469926875,-0.837000951,-0.073295799,-0.820289555,-0.628338601,-0.752228769,-0.727560262,-0.727954393,-0.864890831,-0.747343839,-0.913669516,-0.436736885,-0.437799559,0.267104677,-0.342939437,-0.761169509,-0.828843744,0.495539328,0.358526644,-0.065955463,-0.53219017,-0.319989428,0.57618646,0.082486447,-0.103448952,-0.710096398,-0.533923216,-0.954222733,-1.022340572,1.719850592,-0.60285457,-0.72579483,-0.70567588,-0.779475344,-0.974145986,-0.483143372,-0.724453122,-0.800848349,-0.696394385,-0.588650839,-0.892610625,-0.127156423,-0.777900132,-0.338227523,1.643207661,-0.905636406,-0.333292133,-0.640737559,-0.040342492,0.601255713,-0.750513857,-0.67657247,0.518662987,-0.050367974,-0.829814231,0.235181603,0.037844325,0.15904752,-0.818781922,0.278079905,-0.581034878,-0.282489278,-0.155224938,-0.863559631,-0.786172538,-0.635642801,-0.771727844,-0.75389156,-0.271588066,-0.855122384,-0.570337522,-0.501870109,-0.734561222,-0.011488699,-0.437179462,-0.699626997,-0.379506275,-0.362812453,-0.387399778,-0.501480203,-0.446909056,0.421942729,-0.496336,-0.654522826,-0.456213274,-0.385977987,-0.656834797,-0.457074931,-0.220262681,-0.509888143,-0.365739836,-0.079561888,-0.537044549,-0.482409319
10.5,10.75,11,A,10,-0.418350712,-0.026563855,-0.406486456,-0.733750817,-0.558989173,0.94057919,0.25657401,-0.133449149,-0.304720685,-0.163793049,0.027000898,-0.539950939,-0.747937489,-0.40635422,0.192305864,-0.668707765,2.043180215,-0.094877733,-0.505087407,1.804116061,-0.586678608,0.833467903,0.30009341,-0.033755801,-0.518749017,-0.560832335,-0.976762761,-0.507246831,-0.708646847,-0.785316334,0.583364762,0.757184252,-0.105133311,-0.402923786,0.637466679,0.475614099,-0.751162287,-0.617135945,-0.993663218,-1.0123742,-0.883259483,1.016116943,-0.193035305,0.764033804,-0.696995886,1.709727479,2.636315392,3.060457959,-0.151636498,-0.244213291,-0.458780413,-0.083978802,-0.398441532,-0.083850598,-0.240445331,-0.720048796,-0.163245136,0.004465915,-0.9573581,-0.560137325,-0.705475049,-0.708673696,-0.224202427,-0.273071456,-0.083817951,-0.322547098,-0.16635372,1.956489609,-0.242584569,-0.969272464,-0.316032865,0.228333403,-0.509959363,-0.383687346,-0.799605793,0.105719228,0.000940095,0.306346314,-0.592554907,-0.711589612,-0.070733199,-0.055198524,0.967570502,-0.593355116,0.237578528,0.674302753,-0.498990529,-0.605462006,1.797287129,-0.198697667,3.003579957,0.509154214,-0.274338449,-0.960658728,0.593860795,-0.472213718,-0.193877128,1.186416503,0.351712434,0.929937324,1.203858558,-0.453525715,-0.465924537,0.447992779,0.080777236,-0.927000155,0.464082968,1.97538231,-0.182609104,-0.851156936,-0.142664622,-0.288517559,-0.142079511,-0.735945257,0.750840121,-0.91535292,-0.103718693,-0.735216667,-0.381474735,3.98143403,-0.575842247,-0.404133419,-0.665369634,-0.706274524,2.766078477,-0.376030857,0.503609752,-0.269593376,0.118545128,0.20028087,-0.92504449,3.056939673,-0.130207661,-0.725957076,0.525116116,0.103630471,-0.545200788,-0.089262785,-0.245324954,0.508245022,-0.847572645,1.094625242,-0.212581053,0.719065435,0.420913654,-0.601744418,-0.691166177,-0.752824321,-0.904470525,-0.503804025,-0.828457646,0.337270909,-0.555419095,-0.846095046,-0.623160988,-0.604564219,-0.253247707,-0.625016875,1.643143606,0.455206822,-0.15489507,0.110368749,-0.354442722,-0.142876296,0.701751111,-0.366182012,-0.173950882,-0.267209085,0.165430187,0.46735732,0.12918774,0.128730419,0.059127017,0.153293353,-0.227955883,-0.190034024
10.75,11,11.25,A,10,-0.068828838,-0.873856735,-0.428920965,1.222045524,-0.631010589,-0.217018175,-0.7254622,0.17894569,-0.426051436,0.683123106,-0.537128646,0.509997138,-0.669443346,-0.183227663,-0.596278925,-0.609062255,0.566673634,1.023194645,0.284079775,0.433409819,0.754439148,2.117832883,0.479270866,-0.765069989,-0.634425142,-0.439771582,0.001435054,-0.455370735,-0.650235137,-0.778370555,-0.915599217,-0.744470748,-0.130129616,-0.852412421,-0.131053133,-0.215821103,1.020940805,-0.87628801,0.966405206,-0.360095182,0.605486777,0.339326094,-0.442246546,1.016743439,0.897835429,-0.651785789,-0.441234926,1.236251527,-1.028233233,-0.064375306,1.172548378,0.066517398,0.096850395,1.089437135,-0.580321887,-0.56336722,0.38028913,0.179540502,2.358226222,-0.616971796,-0.309923303,1.314296016,-0.044552108,-0.772885554,0.861403162,-0.717865368,-0.181767461,5.253649265,0.539045588,-1.004650299,-0.173871064,0.114061294,-0.841703721,-0.308850088,0.713040681,0.54646473,-0.533138476,-0.759345514,0.278286768,-0.858349681,-0.40829464,1.126454629,-0.55339831,0.117136579,-0.594833948,0.025222921,-0.892249406,-0.74669976,-0.077216131,-0.834903777,-0.169905586,-0.173055946,-0.226122863,-0.621368285,0.817361936,2.670142945,-0.15963835,-0.891452119,1.588321326,-0.462499877,-0.314453077,-0.002858408,-0.655032906,1.601229069,-0.620763163,-0.661967161,0.87215099,-0.425183611,-0.588328776,-0.086589883,-0.756682172,-1.060277526,-0.912821365,-0.856679115,-1.047220236,-0.847231291,-0.853420945,-0.700872766,-0.644455077,-0.939602335,-0.273481186,-0.959071937,-0.923490861,-0.707032483,0.021807398,0.729283536,-0.534717091,0.564066685,0.097038017,-0.234187615,0.035564492,-0.550640936,-0.609654756,-0.213505952,-0.745686335,0.432296018,0.66408325,1.375663629,-0.694744717,0.814394161,-0.50958979,-0.083557774,0.156472282,-0.808294471,-0.353514754,-0.657257481,0.007517358,-0.313145446,-0.055515329,1.005762337,-0.18641223,-0.055847346,-0.995625297,-1.018425,-0.142116723,-0.368545892,0.270029996,-1.039324787,-0.17970226,1.337671033,-0.128703462,0.022221418,-0.037026519,-0.223852342,0.146776747,0.358274826,0.493674994,-0.182340507,-0.283878184,0.237178318,-0.088179693,-0.861926283,-0.221978554,0.050776885,-0.161112307,-0.237829851
11,11.25,11.5,A,10,-0.229546334,0.578302365,-0.741346729,1.287788214,1.425057338,-0.834205738,-0.82611708,-0.0002622,-0.828548871,-0.200399857,-0.815618999,-0.080838231,-0.180913725,-0.688515162,-0.143809648,-0.687300438,1.720604129,-0.566044909,-0.483184891,0.531891395,0.46460194,0.928926632,-0.936323651,-0.353015832,0.535703701,0.145233269,1.713397184,-0.824177237,-0.816737881,-1.013251655,-0.333924567,-0.402970694,-0.67872963,-0.322945176,-0.405426145,0.712009806,-0.939496383,-0.705281432,-1.069667244,-0.577755686,1.204347995,0.163461946,-0.701015841,0.403800515,1.203173824,-0.94641412,-0.613529922,-0.497172389,-0.308497714,-0.782266287,-0.865525534,-0.8707739,-0.710016523,0.133040453,-0.744899079,-0.614983686,0.254502935,-0.607221735,-0.478430632,-0.448102064,0.194526149,-0.295651597,0.289576382,0.097447794,-0.626540069,-0.457834899,1.194619691,-0.839228088,-0.895003471,-0.876938015,-0.657372704,-0.616331213,-0.664895289,0.794900377,-0.972064605,-0.507868401,-0.632689492,-0.056703695,-0.754180556,-0.093288251,-0.619666623,-0.649535938,-0.821098013,-0.757967827,-0.82662066,2.682658933,-0.953710924,-0.393483992,-0.52915599,-0.978999748,-0.955456597,-0.536561259,0.012172521,-0.956065743,-0.706124352,0.61374644,-0.817896027,-1.172279777,-0.180202002,-0.289147669,-0.531499002,-0.788350611,1.509728173,-0.419536501,-0.137945406,-0.818945181,-0.510645535,-0.663051627,0.273071439,0.826023242,-0.797717633,0.193994453,-0.658515424,-0.054207304,-1.015280723,-0.859078964,-0.40034848,-0.128716754,-0.416215974,-0.910092837,-0.42693619,-0.90353002,-0.189556016,-0.947504786,-0.554944032,-1.030539368,-0.814299134,-0.485363455,-0.588037952,0.13470231,-0.582914342,-0.463224698,-0.920607825,-0.232817208,1.106866115,-0.346867896,-0.877683808,0.156093821,-0.868393946,0.186771903,-0.258331487,-0.121532812,1.589893739,-0.78842853,1.191848546,0.404228967,0.213408181,-0.596623635,-0.611539956,0.376259113,0.972635403,-0.889292136,-1.042675969,-0.429166917,0.598967954,1.343619504,-0.049305132,-0.377542951,-0.591193473,-0.203797004,-0.036927889,-0.139373048,-0.015564353,-0.472418715,-0.087411199,-0.495240976,-0.221502612,-0.416049383,-0.384758078,-0.498781447,-0.126115101,-0.504617964,-0.580600864,-0.284277788,0.139918213,-0.066775072
11.25,11.5,11.75,A,10,-0.408801197,1.246510476,-0.631558266,0.41954997,-0.819035563,-0.768728304,-0.494340875,1.999150423,0.665967843,-0.875582823,0.087990264,-0.555431612,-0.70560333,-0.815241629,3.116828476,-0.124419344,0.7790458,-0.798185491,-0.427452001,0.009337869,-0.586814715,-0.277958373,0.78005222,1.488732178,-0.48232919,2.37356832,-0.604215182,0.093316717,-0.561504454,-0.464784496,-0.759267989,0.101934345,1.80489797,-0.619198094,-0.769925673,4.185467468,1.227434767,-0.07119367,0.5504792,-0.596615984,-0.447222255,-0.234845758,-0.576526569,-0.849589697,-0.732623486,-0.005678248,-0.69496957,3.963589586,1.259159017,1.262778627,0.009865165,-0.36586161,-0.637782616,-0.795588221,3.066027821,-0.686924075,-0.696210602,-0.464877186,-0.318734383,2.737348808,1.028221559,-0.733414062,-0.061197283,-0.765905846,-0.546518598,-0.165419198,-0.376923299,-0.665861195,2.354302998,-0.694641266,0.109253713,0.608091652,-0.503037146,-0.938665381,0.072099535,-0.409581153,4.185070902,1.233196797,-0.645686828,-0.305369604,-0.807682492,2.924357253,-0.064168652,1.617936851,-0.417492845,-0.140329126,-0.146898643,1.069665171,-0.825334215,-1.067015295,0.717261308,0.069239731,-0.868749742,0.244073499,0.150843718,-0.551915974,0.714918567,-0.586070464,-0.756301764,-0.204130806,-0.233662779,-0.407566887,1.558209605,-0.069426467,1.125520835,1.035607455,1.615244003,0.42545273,1.870851174,-0.634254629,-0.972374717,-0.578544212,2.736652515,-0.570168638,-0.584298016,1.056878232,0.017632227,-0.747200842,0.677521954,-0.451676447,1.586284437,-0.047130888,0.473660676,-0.575192135,-0.264472678,0.882545164,0.88382632,0.227781019,-1.029981184,0.142073369,-0.5874279,0.061471573,-0.052692906,-0.190667004,0.957319456,0.176256274,-0.343388091,0.396668139,-0.495600315,-0.861898883,0.343463286,-0.587400815,-0.760596256,-0.708921484,3.393823332,1.559092092,0.429236646,-0.011984925,-0.467809259,-0.030552033,-0.658446389,-0.360168877,-0.738664228,-0.179099869,0.562341569,-0.994102673,0.443817923,0.551665879,-0.549349124,-0.796326729,0.033313168,0.0566869,0.175806302,0.505401234,0.294407165,0.18472631,-0.062735619,0.340537249,0.214303801,-0.107083193,0.628597504,0.058442206,0.22793941,-0.093995966,0.315835058,-0.271833252
11.5,11.75,12,A,10,-0.438541211,-0.629217677,-0.630615302,0.231141351,0.481512866,-0.020746922,-0.602060361,-1.102101454,-0.947973179,-0.188219365,-0.315438505,2.595535278,-0.141320607,-1.048871726,1.834790306,-0.469240352,-0.921326653,-0.670055496,-0.726528732,-0.968143142,-0.791400075,-0.286788968,-0.862253303,-0.653354129,0.076755925,0.823484974,-0.369907108,0.490111782,3.395351887,1.457284935,0.259983317,0.334893535,-0.177148223,-0.883769954,-0.350993233,-0.023211111,-0.461064988,-0.430579343,-0.444956826,-0.753531932,-1.003810911,-0.39685299,-0.443415407,-0.576114086,-0.21130709,-0.721171619,0.376221768,-0.661527061,-0.582657383,0.08629236,0.691341974,0.580401081,0.332471939,-0.450045028,-0.042950187,0.643752612,0.763988425,3.795702509,-0.90971993,-0.938777075,-0.571188826,-0.52804164,0.661912296,-0.505467059,-0.845961623,0.929060545,0.559605659,0.457726767,-0.897803642,-0.500853274,0.647052817,-1.036180425,-0.515098038,1.677890609,-0.615799304,-0.552073306,-0.735304217,-0.513018647,-0.448685297,-0.001052665,-0.580940481,1.142467356,2.363688876,1.05137375,1.659046683,3.030364752,-0.739505504,-0.111407724,-0.846093423,2.212661359,0.721352358,0.698407762,-0.778779707,-0.866830816,-0.069573196,-0.700737039,-0.33772285,-0.760225855,-0.918351951,-0.320249752,-0.343401505,-0.231917166,-0.484688539,-0.589413989,-0.984054375,-0.319349308,0.255295714,-0.466504983,-0.1376247,-0.02571096,2.849321626,0.490597898,0.053386832,1.06779331,-0.848522386,0.104672342,-0.459612932,-0.404301655,-0.886564768,-0.530708732,-0.613450941,1.020931451,-0.210586803,-0.324633461,1.248782198,-0.538779697,-0.998938568,-0.89661525,-0.25101611,-0.431748135,-0.48611654,-0.874490362,-0.885766337,-0.739020028,-0.7475248,-0.831484771,-0.668659191,-0.944740346,-0.628731923,-0.458015082,-0.766015403,-0.677809273,0.547450686,-0.771676779,-0.298650258,0.487930146,-0.49367551,0.070546086,-0.567108931,0.113136704,-0.240121079,-0.8317454,0.120978319,-0.853248574,0.867531837,2.128605011,-0.377559066,0.925916511,1.287498873,-0.170278537,-0.384682125,-0.083059963,0.327928592,-0.293037876,-0.413434242,0.446616632,-0.124101079,-0.209226847,0.918165565,-0.333271105,-0.332736981,0.143606154,-0.199605532,-0.726454938,-0.235587253,0.28575779
11.75,12,12.25,A,10,-0.008242412,-0.590060791,-0.232000496,-0.10801879,-0.7386974,-0.231320782,0.244963337,-0.337422211,-0.900604258,-0.75260105,0.568221546,0.264632126,-0.145717938,0.915551962,0.184632665,0.743015591,5.006609244,-0.718139088,-0.52014027,-0.606284408,-0.564186485,-0.730007816,0.299626105,-0.310204795,-0.772894507,-0.505225367,-0.088753264,-0.466943503,0.76277724,-0.13277763,-0.318016141,-0.584913234,0.323779189,-0.165296465,0.027348165,0.517211998,-0.597265062,0.281418428,0.000629239,4.72296143,-0.156474004,0.879697417,3.207150751,-0.806221838,-0.390636592,0.284620033,-0.998994991,-0.504299354,-0.251576438,-0.797279906,-0.747538574,1.462075343,-0.621457008,-0.547406615,0.569409382,-0.26781426,-0.857844755,0.715919392,-1.005772869,-0.884074479,0.104862523,0.649087804,0.396691356,-0.326980838,-0.323411072,0.492373484,-0.968957324,-0.437735191,-0.455644007,-0.93186308,-1.048363808,-0.263960944,2.413263361,-1.039072018,1.140185469,-0.232964081,-0.586173302,0.103058523,-0.204747475,-0.735552123,-0.843542052,-0.682434658,-0.927049046,-0.214896607,-0.887573629,-0.033163246,-0.672764644,0.15662865,-0.810478904,-0.613540706,-0.441003479,-0.597719624,-0.410009977,-0.541979705,0.288746559,0.689713334,-0.867528722,-0.035408773,-0.818917281,-1.006314057,-0.199156699,0.691725205,-0.981449146,-0.783450222,-0.884380866,0.28934199,-0.949177692,-0.540213783,0.305449926,-0.77775003,1.655664871,-0.760580397,0.5437343,-0.922596096,-0.942843143,0.406188059,-0.600761846,-0.762525329,-0.553430381,-0.900242737,-1.114828933,0.162617047,-0.832439949,-0.811080642,-0.911157908,-1.026314807,-0.765427822,-0.754819049,-0.601681025,-0.282642821,-0.060542291,-0.426780924,-0.915893105,-0.695556476,-1.031944959,-0.758868097,-0.449263252,-0.097705004,-0.634913807,-0.128366366,-0.694835906,-0.536875039,0.134157834,-0.252600422,-0.855994367,-0.863136312,0.190224886,0.284590559,-0.285274074,-0.401091893,-0.640609091,-0.261425135,-0.741484392,-0.431152236,0.226295149,-0.16115182,-0.516181888,-0.839467168,-0.526428594,0.17912156,-0.365400485,0.569238143,-0.250859002,0.420785755,0.046598508,-0.218450444,-0.180157634,-0.04543264,-0.552881484,-0.374042172,-0.382906132,-0.28373927,-0.693777591,-0.519983428,-0.328083473,-0.371248361
12,12.25,12.5,A,10,-0.396293602,-0.64171988,-0.65058429,-0.83339141,-0.617805434,-0.219290056,-1.017347869,-1.011195815,-1.045352234,-0.342134642,-0.927973453,-1.070682276,-0.092062454,0.155421784,-0.871655546,-0.743636394,-1.026716442,-0.217891535,-0.693933797,-0.373899921,-0.202845929,-0.89414767,-0.938455175,-0.26423338,-0.356109535,-0.509938501,0.46533214,-0.762537009,-0.899459316,-0.625828671,-0.220567009,-0.245498843,0.012245203,0.119569178,0.32278824,1.114321302,-0.774681747,-0.416167906,-0.596725283,-0.884214957,-0.566609539,0.034180581,0.003588246,1.743098836,0.411534218,0.373157688,0.921222261,-0.540402513,-0.629790702,-0.833360626,-0.264163237,-0.3547845,-0.711191229,-0.570268099,-0.847293457,-0.516416591,-0.80062388,-0.827561181,-0.921539824,-0.877676168,-0.358805586,-0.663246031,0.40748655,0.740881594,0.002608378,-0.757083255,-0.977432757,-0.41114697,-0.85668908,-0.631387629,-0.81725203,-0.930430325,-0.891161981,-0.793995966,0.443235485,-0.750052816,-0.416571551,0.396135869,-0.887653332,-0.607876246,-0.473859896,-0.802735872,0.398031677,-0.726616397,-0.67003239,-0.89648003,-0.685461184,-0.354136794,-0.599590101,-0.645625279,-0.916796846,-0.334402149,-1.006718863,-0.646148863,-0.884961716,-0.87682774,-0.992768188,-0.943136584,-0.761260063,0.273391986,0.483803455,-0.198302974,-0.320604095,0.324557008,0.535866152,0.505359113,1.83823035,2.096054773,0.12347618,-0.808822702,1.140539778,-1.074023699,1.43757815,0.043987136,-0.716094848,-0.951979912,-0.046128977,0.139599579,-0.495242106,0.376281039,0.108033774,-0.564749983,-0.916672156,-0.154257404,0.289466526,-0.630742751,-0.73621898,-0.797748845,-0.986911113,-0.306761176,-0.216413964,0.682489374,-0.249989245,-0.843667877,-0.075538102,0.204141603,1.16849868,-0.734894923,-0.620554939,-0.295814267,-0.177596077,0.624173543,0.173381701,-0.720771515,-0.89316299,-0.833430353,-0.843338046,-0.639637504,-0.989438764,-0.850555124,-0.905664056,-0.813619363,-0.738046466,0.469666542,-0.561031854,-0.886277722,-0.611714642,-0.461068908,-0.36771758,-0.219553849,-0.677511523,-0.586303004,-0.498822305,-0.156893182,0.091661845,-0.669151817,-0.350481479,-0.525562289,-0.545650627,-0.708962903,0.457961726,-0.014548386,-0.469656211,-0.098174366,-0.515037513,-0.50950279
12.25,12.5,12.75,A,10,-0.340027842,-0.349617079,-0.499358734,-0.947844659,-0.264784846,0.814333708,-0.888210793,-0.671338034,-0.796613677,-0.702765415,0.929132622,-1.073992572,-0.51032741,-0.640813455,-0.577866737,0.053338461,0.090839692,-0.272872263,-0.417161959,-0.962640205,-0.028158548,-0.212193488,-1.020192471,0.618368749,-0.106146413,-0.259733771,-0.560180326,-0.434448583,-0.894776384,-0.696570678,-0.167573184,-0.179271624,-0.773021394,-0.39474892,-1.105250327,0.432166341,0.85958193,-0.549144695,-0.971992678,-0.751298112,0.203206832,-0.126522229,-0.637532908,1.350834201,-0.172273059,-0.287682936,1.636867019,-0.886614674,-0.221098895,-0.182036848,-0.334765527,-0.115520165,-1.097675143,-0.807405104,1.046572027,0.965110421,-0.45206293,-1.044453178,0.069808139,-0.32632022,-0.11309086,-0.900273605,0.226982246,-0.313103572,-0.550336889,-0.502187875,-0.649055263,-0.777379538,-0.528124429,-0.596443512,-0.385161514,-0.587153737,0.587462338,0.935637603,0.044979371,-0.130808428,-0.350391095,-0.789306867,-0.804610242,3.03E-05,0.759370028,-0.991162347,-0.558361466,-0.639160647,-0.813131187,-0.616855252,0.449289584,0.586079816,1.216647554,0.402789396,-0.933298471,0.429820593,-0.091661353,-0.207847723,-0.558721301,1.08344531,-0.8008284,1.575659814,0.002134611,-0.870212503,0.697221152,-0.482109385,-0.646784217,0.341801376,1.131480992,-0.767831919,1.280203971,-0.769802396,-0.42874068,0.469266602,-1.030459538,-0.260040256,-0.554340312,0.650449784,-0.748687581,-0.920853977,-0.767055264,0.030442924,-0.791229792,-0.317642506,-0.60054005,0.054296058,0.185456782,-0.808054867,-0.395734232,0.793377225,-0.554972139,-0.251443667,-0.446017997,-0.180881531,-0.984115411,0.747410886,1.734963498,-0.124995857,-0.574199262,1.74267344,1.919286078,0.632851904,-0.777928481,-0.151640189,0.1931866,-0.389517585,-0.221303503,-0.217121547,-0.650186043,-0.346995637,1.21298451,-0.425202071,-0.658428377,0.878877867,-0.808891787,-0.207126817,-0.367908904,-0.718001273,-0.394063736,-0.541838892,-0.945738544,0.01829235,0.508590022,-0.185166447,-0.464622737,-0.338236383,-0.359403191,-0.360055266,0.06771465,-0.209671168,-0.47030133,-0.14793223,-0.020449452,-0.037150942,0.082470549,-0.470941652,-0.220451442,0.416430661,-0.062370579,-0.364185403
12.5,12.75,13,A,10,0.179013544,1.033320448,-0.82524901,-0.471022939,-0.663218448,-0.462155841,-1.059171013,-0.946589917,-0.999427196,-0.366318724,-0.507151634,2.369280116,-0.081425614,-0.87277501,-0.516975231,-0.612534633,0.054814387,0.426314965,0.538345487,0.68741619,-0.636268278,-0.531218227,-0.532237842,0.291835431,-0.569916342,-0.525388631,-0.189809492,0.301900184,-0.878530937,-0.798959229,-0.149656675,-0.858017736,-0.585259711,0.07241646,-0.110922866,-0.827558671,0.016331321,1.652189521,-0.839899599,0.647189859,-0.368572193,-0.371866907,-0.130402777,1.986890188,-0.113069394,0.638231274,1.462088489,-0.056702302,-1.0049849,0.931185779,0.790091199,0.3726599,4.224700711,1.198089931,-0.964646729,1.088379549,0.795200235,-0.519311834,-0.811509424,-0.931539764,-0.269928724,-0.924932822,0.351863299,-0.568412233,0.308197907,1.091379314,0.669385308,-0.434579868,0.631011123,-0.601571769,0.021656839,0.321787954,1.903047447,0.024785824,0.103466471,0.215933159,0.709314098,-0.140348822,-0.592274768,-0.450492881,-0.681979678,0.134632527,-0.426193386,-0.442294183,-0.817253639,-0.301533465,-0.682831516,0.224141933,0.879314416,-0.035649513,-0.263525065,-0.502447109,-0.858368999,-0.343733035,-0.703198059,-0.340438181,0.909859979,0.895459552,0.902611488,-0.705063257,0.267476684,2.992946035,2.376311935,1.017278442,-0.86936927,4.487473372,1.493364483,6.247079632,0.270881299,2.17940197,-0.482493203,-0.051351502,1.18682682,0.116552293,-0.678738138,0.263272158,0.274851533,-0.248660112,-0.353438434,-0.370586342,1.102745489,0.23510752,-0.874371959,0.062664254,0.718722533,0.588837115,0.400787119,-0.638099667,2.017635961,-0.373029719,0.721299062,-0.725288219,-0.582051125,0.133262137,1.925731142,0.886613451,-0.274795299,0.5589586,-0.210285489,-0.660192908,-0.080656107,1.504946257,0.262801861,1.998690176,-0.313431937,-0.006430696,3.908761283,0.354974627,-0.032313788,0.333804396,3.72266072,0.901298176,-0.88107316,-0.183410855,0.703028491,3.450707489,0.687555088,-0.374889533,0.212544868,2.693690973,-0.45808191,0.148530902,-0.406859336,-0.09831881,0.297279726,0.524211377,0.025241153,0.211687532,-0.214964651,-0.100884268,2.046284458,-0.034376493,0.324099865,0.177325135,0.793114607,1.093211226
12.75,13,13.25,A,10,0.243431785,-0.458924664,-0.833934594,0.483980605,0.217101822,-0.576784474,1.327725063,0.442438543,0.23691776,-0.499989128,-0.113329563,0.563314162,-0.524180578,2.893002089,-0.046382998,-0.825105862,-0.680609411,0.161771901,-0.515061327,-0.693537066,-0.044421138,-0.730596305,-0.35402822,-0.782895449,0.506422465,-0.809581852,-0.122504658,1.98889456,-0.924114935,-0.772431322,0.686666385,3.015719568,-0.831769293,-0.271420567,-0.160878792,0.015709074,-0.935909792,-0.108592975,1.50966493,0.755969211,3.815257858,2.689263402,1.261873709,-0.885484134,0.916839106,3.841643138,-0.597017525,1.956541224,-0.816061537,-0.355414847,-0.870129701,0.219939747,-0.180263035,-0.771720417,-0.295171728,0.470913334,0.629601357,0.099920025,-0.207927087,1.55287787,1.67626753,-0.629950467,0.939108343,-0.388294924,0.194280115,0.362717149,0.547230289,1.208288531,-0.566556345,-0.548004846,2.24160847,-0.867204387,0.633043341,-0.268710778,-0.157071776,-0.758519175,-0.409509009,-0.441461107,-0.00704141,3.257084226,-0.3882881,0.297795519,-0.137652215,3.397762595,1.784445897,-0.544182535,-0.666357841,0.039963436,1.473405615,-1.112404641,1.383678252,-0.520825402,-0.586768333,2.614734138,-0.806692819,-0.378608859,-0.682348873,3.214461813,0.890198016,-0.569889233,1.49272572,0.153725833,0.048295171,-0.600063714,-0.696487696,-0.406045749,-0.623462062,1.22100213,-0.640677389,3.932483068,0.56671941,-0.492357458,-0.266177645,3.97473234,2.150151391,-0.012122738,1.667596971,0.011924836,0.118449829,-0.667477452,-0.415212179,0.511788891,3.056867315,-0.835405324,-0.06921359,-0.319632785,2.400268153,0.205899947,-0.362349379,-0.482584122,-0.189465802,-0.738444736,-0.628119445,0.151245497,0.223592124,1.081721178,-0.862021923,-0.243655555,-0.284662056,-0.754830315,0.368143044,1.661353453,1.430307567,-0.207298724,-0.098684122,1.542942316,-0.683932743,-0.493475663,0.55388346,0.199746127,-0.124334948,-0.743898537,-0.29602364,-0.401398268,0.190944921,-0.825290991,-0.497005464,-0.623211008,-0.393576494,0.120581065,0.058196272,0.021988135,-0.204525685,0.367515775,1.18274404,0.064804036,0.279508538,0.32222184,0.414448773,0.45579387,0.388149531,0.705143948,0.369042693,-0.224464103,0.427298471,-0.359321336
13,13.25,13.5,A,10,-0.330700451,-0.529375419,-0.660772983,-0.924226772,-0.315769167,-0.562074118,-0.606280577,-0.982616707,-1.033672645,-0.887351224,-0.482823643,-0.88202908,-0.288032535,0.417997374,-0.337930421,-0.687174817,-0.413946426,0.730639947,-0.824054765,-0.524319478,-0.290106436,1.281292229,-0.348096782,0.618522824,-0.232025252,-0.388808064,0.355997435,-0.487078549,0.60294851,-0.843021164,-0.992974362,-0.248234454,-0.992819436,-0.476321815,-0.354660787,0.423061144,-0.737414163,-0.870012418,1.421408744,0.307709804,-0.404655064,0.61449771,0.124316447,-0.045118861,-0.56373519,-0.642156878,-0.494450627,-0.555599669,-0.728710123,-0.555871766,-0.5367887,0.043428318,-0.660695431,2.553658096,-0.816576102,-0.109482704,-0.982061427,0.053752461,-0.590982087,-0.599084856,2.649210659,-0.217570253,1.436221671,-0.173554406,-0.497533035,-0.474115827,-0.168298656,-0.817600229,-0.177477432,-0.144121702,0.491724219,-0.580667576,0.461170596,-0.39317012,-0.816941838,-0.177923522,-0.132192921,-0.671191573,-0.762105093,-0.084219868,-0.167371456,-0.050011626,-0.917019767,-0.668227536,0.848362592,0.54874799,0.170646662,0.980697929,-0.210247957,0.809683109,0.638013443,-0.684256899,-0.842094221,-0.987043054,-0.5923913,-0.790049528,-0.470135186,0.201893356,3.427516253,-0.42788061,-0.001291386,0.018438824,-0.911552306,-0.434457139,1.516901582,-0.545031833,0.404315015,1.963774537,1.355657298,-0.717724218,-0.749622588,-0.571277131,0.720662969,-0.698902309,-0.520334574,-0.923049328,-0.504948966,-0.226966441,-0.712360725,-0.871662562,-0.82241848,-0.704614415,-0.211764867,-0.355051705,-0.838363915,-0.869804051,-0.807580791,-0.763361379,-1.020254356,-0.283711809,-0.554535079,0.216830064,-0.75445423,0.516440934,-0.056192824,0.711967748,-0.339125333,0.058063223,-0.990651352,-0.582112747,1.150600589,-0.348086364,-0.581889554,-0.801491345,-0.941229444,0.329298295,-0.471769954,-0.758821559,0.08893414,-0.507523366,1.020651197,-0.990359247,-0.694358773,-0.471170839,-0.177213221,-0.67464617,-0.081821508,1.634318174,-0.088824084,-0.759252974,-0.683284006,-0.329167384,0.026962475,-0.252025774,-0.325148402,-0.164483243,0.141516079,-0.26655177,0.134525994,-0.052642775,0.264903037,-0.505846165,-0.667692577,-0.17737696,-0.284197856,-0.128267745
13.25,13.5,13.75,A,10,-0.558372728,-0.694751889,-0.049452733,-0.646350699,-0.22703768,0.832921179,-0.704970434,0.09569051,0.5360529,-0.377114711,-0.896751475,-0.880236132,-0.58084192,-1.010330035,-0.887070672,0.577686709,-0.384916181,-0.745833125,-0.741800486,2.11805875,0.183994232,-0.59703366,-0.586703634,0.718666345,0.953175636,-0.232428103,-0.922228107,-0.431389188,-0.576769114,3.960599166,0.121506286,-0.066113273,-0.728192313,-0.13868736,1.24712909,-0.696463871,-0.766105959,-0.345890083,-0.475894531,-0.549207401,-0.752127888,0.50320475,-0.698989968,1.772203634,-0.290058477,-0.830485942,-0.916082704,-0.974935501,-0.488412573,-0.783409934,-0.933951751,-0.517576039,0.595042099,2.105041385,0.871273438,-0.566254668,-0.625077669,2.827294543,0.632870787,2.105177393,0.185279021,0.831393396,0.108872174,-0.682942103,-0.795534602,0.34686372,2.708764402,2.055942634,-0.468655221,1.155514767,-0.097873347,-0.65286102,0.086621583,-0.226080404,1.076418223,-0.667210145,-0.78560939,0.860668315,-0.831505804,0.703347071,-0.694931805,-0.600684809,1.24645042,-0.397771751,-0.615911532,0.41648392,-0.078926071,-0.875100202,0.860003202,-0.499412145,0.105300316,-0.707125538,-0.329791162,1.053629368,-0.582234593,-0.452459866,3.59930024,-1.195485854,1.715369834,0.881402326,1.107301384,0.651456209,-0.54312923,-0.342547361,-0.171970852,1.028009304,1.994981886,-0.406158283,1.927147153,0.300698111,1.107766878,-0.781367876,0.572902682,1.097848797,2.838878211,0.354255768,-0.834706885,1.110181159,-0.862156976,-0.452852488,1.307092859,0.923628823,-0.983689807,0.979762404,-0.821375184,-0.425641412,-0.535319225,1.628566132,-0.367342858,-0.067095802,0.576262969,1.712547559,0.664307663,-0.654509231,0.820313894,-0.897435693,-0.897496514,-0.999678691,-1.068459294,-0.008815465,1.70625703,-0.487250009,-0.85325975,0.66039174,-0.524866486,-0.84116187,-0.81659749,0.694032089,0.208662459,0.093164077,-0.205601383,-0.546736942,0.024400071,0.539469131,-0.660444728,-0.794531099,-0.017861085,0.994931071,-0.675516939,0.23107081,-0.179338628,-0.343203457,0.246988357,-0.239791941,-0.34590946,0.649383952,0.544549819,-0.053408492,-0.123980077,0.408790507,0.554578832,0.415074927,0.163858593,-0.07529628,-0.016062821,-0.111082109
13.5,13.75,14,A,10,1.001626946,-0.898532194,-0.27231265,-0.301491923,0.315778965,2.024796653,-0.872169901,1.120938694,0.583016465,-0.884276429,1.818966859,-1.036035094,0.535704285,-0.447896157,1.10970392,1.822880976,0.609618874,-0.37432732,-0.858070451,-0.022618042,-0.188345469,-0.596790735,-0.332338649,-0.121034595,-0.56760593,-1.026813068,0.04049811,-0.135331577,-0.680523746,-0.264597827,-0.48537028,-0.107450599,1.224312803,-1.129650679,-0.686403082,-0.660517304,-0.676667551,-0.895474299,-0.495137141,-0.618858874,-0.503604144,0.012674594,-0.589481658,0.544698687,0.844292889,-0.192839239,0.572716194,-0.703252411,-0.619916608,-0.58621618,-0.838672069,3.128570173,-0.392097029,-0.383356844,-0.117272716,-0.227677877,0.265149987,0.169974191,4.208890483,2.096992336,-0.840645108,-0.831078049,0.107481523,-0.513372011,-0.803283484,-1.029602024,-0.789533984,0.630040021,-0.551096426,1.959682483,-0.695035703,-0.704962198,-0.455621169,-0.788186362,0.32509349,1.025985359,1.182126145,1.962421156,-0.870384101,3.079599453,0.416771156,2.289256333,-0.533403448,0.097847835,-0.984723058,0.270767995,-0.724566426,2.1656133,-1.0088705,0.091894071,1.615835294,-0.242338318,0.392282478,-0.022040339,1.081152599,0.993131715,-0.941277862,-0.58724281,1.695603354,-0.614070144,-0.602469113,-0.76974957,-0.517125997,-0.650724119,0.226105364,-0.917124085,-0.660506319,-0.712701432,-0.535652599,0.220303866,-0.757943117,4.703277281,-0.160529375,-0.820723784,0.087092558,0.330005106,-0.501511057,-0.500455949,-0.428056297,-0.703824035,-0.177468586,0.536095856,-0.043718001,-0.468494645,2.028965612,-0.93647927,-0.850961867,-0.843305761,-0.561467684,-0.406114474,-0.388518053,0.069048858,-0.768686224,-0.386953213,-0.920025409,0.824495328,0.296497885,-0.326335088,-0.507237075,-0.285930133,0.433910247,-0.505248982,-0.609303877,-0.879417611,1.297958929,0.527631387,-0.605774953,-0.689979174,-0.545656218,-0.839210666,-0.443410036,-0.253277957,-0.392603434,-0.336466495,0.727819127,-0.547891566,-0.685287856,2.254628917,-0.951297327,-0.100207416,0.181737463,0.315792785,-0.387288349,-0.453121701,-0.122092788,0.791050063,-0.266140706,0.406103607,0.208058726,0.337103597,-0.4919644,0.124733133,-0.172294882,-0.239364312,-0.241509092,-0.072799404
13.75,14,14.25,A,10,-0.321539433,-0.600546299,-0.18256537,0.224162636,-0.594654168,-0.074921778,-0.885569746,2.652250899,0.555918504,-0.56238313,-0.790444511,1.883321196,-0.189973129,-0.961953669,4.349292596,-0.663783934,-0.055839627,-0.739382478,-0.3792067,0.666710821,-0.065088421,-0.695907863,-0.660862059,0.01996485,1.047755451,-0.418011432,1.706306114,-0.825709049,0.125085929,0.083211845,0.051946773,1.175576796,2.853991448,2.223796239,1.191930646,-0.610598565,-0.21005102,1.477913326,-0.281399785,0.418715763,-0.444858651,-0.951979886,-0.93927929,3.574332669,-0.539278185,-0.819523548,-0.860266137,-0.762352146,0.10836936,0.529483501,2.894838216,-0.28558046,-0.792276978,1.213371313,0.851650511,1.388867776,2.954163851,0.621110231,0.239441424,0.602414417,3.298535268,1.791107695,0.008794189,2.335668471,-0.880636291,0.853364776,1.305375152,0.025979342,1.261573429,0.917526809,0.678621098,0.77588056,-0.377507746,-0.906698255,-0.704728558,0.517635008,2.37188873,-0.36127777,0.1754702,-0.462489975,-0.704783674,3.762729115,0.571440173,0.274414515,-0.860950632,0.363997774,-0.633262192,-0.493492714,4.089255029,1.193944249,2.59071821,1.568146149,-0.341598016,0.909187534,-0.335431073,0.372134914,4.894013585,-0.615805024,2.132990526,0.135408889,-0.701442092,-0.69654954,0.84723086,-0.161906662,-0.691286946,-0.024416638,-0.356543018,0.215431011,-0.553184463,-0.423230871,-0.654415047,0.390234568,-0.033123879,1.39843067,0.014421518,-0.747062406,3.306396819,-0.884802911,1.197879245,4.170472812,-0.18904628,-0.362379816,4.412804209,2.698489066,1.719778534,-0.492075777,2.289063637,-0.83721806,1.812772419,-0.416603308,-0.756982238,3.858564035,-0.49481416,-0.306166917,-0.464390194,-0.927803189,-0.417817891,-0.127121112,-0.569819048,-0.558950333,-0.452190665,-0.676031289,0.69936233,1.172848858,0.587226258,-0.259103573,0.871843158,0.476993813,1.179275344,2.460148442,-0.553757256,0.202244411,0.406097003,0.906557822,-0.645663407,-0.556164055,0.402302284,-0.488442623,-0.628085172,2.706577419,0.021015211,0.311874057,0.031674536,0.829182162,-0.110535231,0.96880003,1.091728884,0.170679329,0.756329164,1.130976569,-0.254589836,0.815843139,1.063558462,-0.076530105,0.606037268,0.175166643
14,14.25,14.5,A,10,-0.232469901,0.198488735,0.273758687,0.829648155,-0.202815499,0.272067814,-0.912041669,1.475165373,-0.706074005,-0.820425852,0.883543769,4.933044927,-0.590450309,-0.348416331,-0.98305603,0.709059654,-0.027812081,-0.279758778,-0.140988655,1.738382674,-0.642093819,-0.129551197,1.763861784,-0.688758825,0.392065927,1.491366023,-0.78152944,-0.837281821,-0.94669918,-0.340653706,1.557523241,0.767484495,1.574671859,1.585745594,-0.446806359,2.370788163,-0.267810818,-0.649085283,-0.437868265,-0.068815183,0.142286987,-0.972513455,-0.201017631,0.08053888,2.291337901,-0.678768229,-0.833127917,-0.784384035,-0.229461244,0.157266331,-0.84385612,-0.644725236,0.363624907,1.433590996,0.837965994,-0.311231319,1.521416275,-0.707830984,-0.576519728,0.008588141,-0.163484999,2.058650047,-0.059295707,1.006352052,2.997066172,-0.460007262,5.583811137,0.809815025,0.314578156,-0.30269798,0.947035776,1.34626124,-0.273595834,-0.725820948,1.359839928,-0.616866582,-0.434213099,2.926868197,-0.664454757,-0.609593383,-0.461168305,1.097077802,0.121081355,0.974557297,-0.5042348,0.697604284,0.784482799,-0.818366368,3.129145858,2.037749239,-0.671674407,3.639570317,-0.41564113,0.584115909,-0.132296147,-0.185517182,-0.85856815,-0.08188834,0.078522001,0.090867061,0.393466908,0.740595554,-0.788467295,0.88847847,-0.994475954,3.127667756,-0.17744865,-0.506560719,0.962739746,1.17820264,0.699904936,2.355551437,-0.148957059,0.90424121,-0.353784086,-0.509975019,0.373375325,-0.839255533,-0.733547032,-0.71161704,-0.106797963,0.057874435,-0.80541406,-0.42742776,-0.099515418,-1.029513938,0.232259101,1.687841503,-0.438580963,0.287453746,1.18181267,0.103889486,-0.623558421,-0.128034137,-0.783633258,-0.999776835,-0.520767674,2.16526365,-0.795344937,-0.647739458,-0.919360634,-0.713232231,0.850317408,-0.499032122,-0.241209401,0.413253224,0.28654197,0.346062561,1.46130534,1.242088066,-0.620850802,3.988627776,-0.111365692,0.936155888,0.443525154,3.474601721,1.03419257,-0.37419184,-0.267851367,0.522485022,0.017530184,0.589354884,-0.071927425,0.598582744,-0.102784241,0.108102293,1.178478664,0.325546054,0.705792916,0.204748993,0.482419846,0.103593714,-0.064182132,-0.104788892,0.222673418,0.902532843
14.25,14.5,14.75,A,10,0.215138068,-0.454601099,0.01432195,-0.622152096,-0.545919969,-0.072398631,-0.809848726,0.033333772,-0.73429319,-0.23622273,-0.719909674,2.00526085,-0.255230629,-0.749084518,1.873593146,-0.798532467,0.751013379,-0.810643729,1.639588406,-0.781738187,-1.023579835,-0.384647331,1.096138787,-0.741655097,-1.008109138,-1.072891247,0.123902784,-0.65892224,-0.730050109,-0.162155849,-0.249383447,0.022613917,-0.833682347,-0.649634273,0.182516294,0.395432397,-0.81781066,1.368398994,3.960343271,-0.61919954,2.328701875,-0.945831746,2.638077273,-0.909973272,1.498042121,7.321546857,0.582852579,0.92905359,-0.004636121,0.423558074,-0.867687334,0.213393571,0.671267458,-0.809304374,-0.51280172,0.323089395,0.751994147,0.594245605,0.186838894,-0.721726123,-0.764867602,-0.790811686,-0.307611614,0.433110479,-0.494158636,1.285878275,-0.76754496,0.182569081,-0.283686563,0.295599667,-0.620698851,1.196754102,-0.826996573,-0.887072018,0.24352758,-0.49164913,0.694091991,0.537274184,-0.051335522,2.340597828,-0.131057134,1.078228647,0.534217238,0.099938953,2.498018678,-0.125718684,-0.036950617,0.537380561,0.2671408,-0.749192925,2.231839766,-0.68898017,-0.478447679,-0.31918871,1.706825584,0.766236098,0.281928521,0.060480562,2.613220589,0.027813372,-0.802026456,-0.634980677,-0.332067121,-0.139217593,-0.147522241,-0.245517383,-0.095823869,2.120457593,0.282756974,-0.529452811,-0.93650063,1.648192355,-0.72157401,-0.877424627,3.084223368,-0.40773912,-0.565610282,-0.774797997,2.047762571,-0.430648553,0.533026812,2.980614053,-0.713307815,-0.850489641,1.485446473,-0.142510843,0.971015537,-0.632931174,-0.760240702,0.442492148,-0.595021568,0.621804656,-0.452416211,0.133158676,-0.311906577,0.035362087,0.223124759,-0.411509919,1.280324118,-0.10892621,1.115238667,-0.088494852,0.23591118,-0.4848645,0.091543816,0.378491528,-0.305842001,0.321335071,-0.781881407,-0.396092664,-0.674954221,-0.872135658,-0.516316257,-0.007915752,0.484061651,-0.438027748,0.538157458,-0.174860393,0.636988133,-0.376121761,-0.321264265,0.215431658,-0.456196927,0.27595946,1.386139123,-0.017069048,-0.121152356,0.213449359,0.397200552,0.620172793,-0.052339358,0.206588308,0.331311485,0.041399381,0.008534484,-0.140112455
14.5,14.75,15,A,10,-0.535166453,-0.666811279,-0.749899092,-0.3749726,-0.823899215,-0.699798056,-0.73079039,1.09734408,-0.448431663,0.392334294,-0.970254039,-0.406581805,-0.283954224,-0.873135097,-0.582653132,-0.628283862,-1.033560935,-0.760120564,-0.81470951,-0.403488137,-0.982693667,-0.683070515,-0.637315881,-0.427454228,-0.613397796,-0.532912285,-0.222048526,-0.529085697,-0.588945137,-0.990906154,-0.095271987,0.492164371,-0.585865457,-1.084814584,-0.737802758,-0.4624631,0.54388368,0.105800351,-0.333766383,-0.575203904,0.247089092,1.886503756,0.208868157,0.093495062,-0.717268127,0.816315027,0.172181601,1.031856457,-0.187492642,-0.225242807,0.118531866,0.20966301,-0.681086383,-0.503530036,-0.437142726,-0.422949229,-0.729864706,-1.025874866,-0.467964257,-0.464008184,-0.998995833,-0.805118542,-0.499655639,-0.563268906,-0.481306111,-0.389970398,-0.960425128,0.376642973,-0.686799965,-0.852774922,0.046690028,-0.363023223,-0.409498842,-0.953063079,-0.737124143,0.05248326,-0.544961576,1.630223187,-0.876912481,-0.399060459,-0.728790774,-0.999248992,-0.545989421,2.56182154,3.146194388,0.6547133,-0.713705954,0.565970752,-0.067207567,-0.934192646,-0.705552133,-0.498118228,0.143835729,-0.288431934,-0.95243912,-0.426320068,-0.818854594,-0.809386453,-0.973149192,-0.729769687,-0.396439077,-0.891032572,-0.550033782,-0.906137499,-0.251613318,-0.406711398,-0.751636379,-0.514316926,-0.406346995,-0.852093211,-0.039954374,-0.518226059,-0.630695217,-0.87022816,0.28977735,1.167557035,0.10459388,-0.291432737,4.13243643,1.433235273,0.105185906,0.515716437,-0.773673427,-0.345416664,0.554670876,0.517109197,-0.589921404,-0.718058457,-0.700651583,-0.80400293,0.602794411,-0.564934263,-0.470573775,-0.470317002,-0.800912135,-0.652448852,2.414626277,-0.838519471,0.372691319,-0.661311701,0.079649409,-0.89536151,-0.164971626,0.88815093,-0.361734971,0.292056431,-0.230898579,-0.459920622,-0.610610001,-0.066602948,-0.628603722,-0.219429297,-0.703919068,-0.067498866,1.527917023,-0.984540166,-0.507898438,0.634852374,-0.234600075,-0.849966189,-0.354009038,-0.675674131,-0.620782989,-0.273333977,0.332630558,-0.440422551,-0.586167247,-0.255424733,0.293956463,-0.605818568,-0.592636116,0.477706342,-0.223904205,-0.106890519,-0.153024349,-0.203368642
14.75,15,15.25,A,10,0.185923831,-0.818355885,-0.719598061,0.299343293,-0.307663837,-0.320072977,-0.750410806,-0.465326662,-1.035086137,-0.719938843,-0.327960632,0.304257689,-0.056429282,0.799358808,-0.379417824,-0.603277781,-0.745144186,-0.703874966,1.783639082,-0.647325986,-0.960467053,0.843776087,-0.562663162,-0.486748715,-0.545564965,-0.857250343,0.336477462,-0.343036451,-0.175647913,-0.967548092,-0.939716261,-0.495788319,-0.4278461,2.194355729,1.963313156,1.181117511,2.414214776,0.243046293,0.613417808,-0.49192046,-0.068275894,-0.683972038,-0.793507077,-0.868932745,-0.873813802,-0.900341484,-0.584725415,-0.769239073,-0.136213311,-0.918454171,-0.706516045,-0.900050378,-0.788900089,1.061803652,-0.792275439,0.675342845,-0.829428188,-1.02569574,-0.968009796,1.558745616,1.22502204,0.081527687,4.8864721,-0.299681742,-0.761980962,-0.71349035,-0.9630455,-0.773646847,0.764009467,-0.559188361,-0.587522296,3.01281493,0.356477919,-1.014634615,0.448432699,0.11356807,-0.843087087,-0.463103833,-0.880462462,1.117991628,2.663294134,1.103912973,-0.879552845,3.203895321,-0.783268606,1.044570973,-0.827521953,0.882714761,-0.48550548,0.35857961,-0.48635635,-0.288854673,1.811768226,-0.616451807,-0.340982973,0.3960277,0.82331932,0.328148157,-0.444308539,0.580226887,-0.203577382,1.192986857,-0.634231125,0.1776631,0.875916889,0.478550545,1.596145441,-0.979938335,0.811557677,0.756687737,-0.750160759,0.280307497,-0.626506677,-0.800024915,0.046780058,-0.756885213,0.118246207,1.281469795,-0.812751256,-0.557065483,-0.883458354,-0.84297499,-0.129425768,-0.807949015,-0.690834268,0.166104051,-0.133464648,0.349725216,0.203628026,0.058474923,-0.841802514,1.914350229,-0.763602132,1.088810505,-0.036052679,0.15676354,-0.877805285,0.622663097,-0.05125632,0.828087808,-0.825261415,-0.404523175,1.675954267,-0.869769919,-0.723795139,-0.785433695,-0.076929836,-0.817059322,-0.436595926,1.876952681,-0.60684988,0.184901035,-0.352374011,0.27657921,-0.564199941,-0.217417521,0.177018801,0.561123023,-0.690056824,-0.346648013,-0.465118609,-0.057617508,-0.371867315,0.625419413,-0.659747501,-0.271498356,0.288599753,0.126047495,0.628111889,0.176253595,0.40717614,-0.257659075,-0.271017483,0.204015625,-0.138646148,-0.157792412
15,15.25,15.5,A,10,0.419530844,0.583543321,-0.609291165,-0.232988824,-0.780905251,-0.747638383,1.951150768,0.455281476,0.084796621,-0.169337554,-0.52563411,-0.608385157,0.457485782,-0.774917474,-0.216758263,-0.610570206,-0.400183936,-0.294110074,1.218230225,-0.859395152,-0.551054675,-0.703502027,-0.556662352,-0.36249272,1.057620963,-0.270522997,0.945976223,-0.07627405,-0.106974686,0.068275392,-0.555556071,-0.675416604,0.39210769,0.246736519,2.254325591,0.249852232,-0.433187261,1.044016878,0.181221121,1.810121769,-0.868257109,-0.335685273,-0.772010821,-0.928242627,-0.708341939,-0.448531159,-0.372244973,2.988499849,-0.847422659,-0.243940225,4.607102093,1.06740973,-0.225593403,1.271398192,1.199727819,-0.594529648,0.390779267,-1.010431762,-0.112401431,-0.848117951,-0.120985745,-0.698876238,0.02916046,4.055364669,-0.433416314,-0.00740783,-0.662319549,-0.978790502,2.812419393,-0.320212439,-0.649920305,-0.535635741,-0.811620397,-0.73978812,0.858815114,-0.2421537,0.294810024,0.944994087,-0.611207844,0.167148499,-0.156567961,0.536873435,-0.178207026,0.15515474,-0.961186726,0.097281709,0.558275052,0.178582708,-0.820013472,-0.487060939,0.16178598,-0.456885545,0.660302771,-0.785088367,0.647770521,-0.685333161,-0.376471982,-0.105173169,-1.060547178,0.418305831,0.337877049,1.543076972,-0.417040576,-0.839292681,0.576512487,0.821760273,-0.583748249,-0.41797954,-0.955460479,-0.791338434,-0.381627958,-0.019705097,-0.255889319,-0.616557122,-0.383510615,-0.470923005,-0.178984314,0.497064385,-0.308003351,-0.369159367,-0.772437483,0.332586357,-0.563210845,0.776840794,-0.348801996,-0.692873892,-0.90237696,2.02185826,-1.052786417,1.280852309,0.279978675,0.302966275,-0.863008991,-0.681930518,0.799706814,4.800762186,1.142498347,0.167734722,-0.242181107,0.57024196,1.089266678,0.040004502,1.010328963,3.518264739,-0.827749989,-0.302838973,-0.411563652,1.426589785,3.917444388,-0.207405374,-0.665622114,-0.276978027,1.55167223,1.563436285,2.451712583,0.10267479,2.40738657,-0.542349896,0.589122046,0.510338954,0.095414185,-0.261423836,-0.055561093,0.451422186,-0.253617694,0.574534291,0.367493591,-0.132455838,-0.107686848,-0.15813343,-0.072563318,-0.248729576,0.007965013,0.627676836,0.925234107,0.769139342
15.25,15.5,15.75,A,10,0.156421218,1.913488561,-0.03070301,-0.633806699,-0.836610711,-0.162032517,-0.594302295,-0.466160985,-0.765934949,-0.321171102,0.221286579,1.553933815,-0.06357555,-0.682622392,1.61073581,-0.173565377,0.092940005,1.453055727,-0.826405831,0.253904704,-0.658395483,-0.217509051,0.125903942,-0.557206621,-0.895516725,1.619333347,0.297660815,1.242117924,-0.217753345,-0.609307777,-0.161346587,-0.86301963,-0.915722216,-0.723942172,-0.298025011,-0.739754818,0.348312256,0.083807456,0.115877565,1.716071489,-0.332433153,-0.505820438,-0.045310508,-1.061311193,-0.454133619,-0.243566199,-0.701046463,0.040399435,-0.661613192,-0.462035554,-0.512361265,3.642911576,-0.630120603,-0.385903254,-0.96096735,-0.658509811,1.817080369,-1.051456521,1.158801911,0.618094022,-0.79670745,-0.014840747,-0.304464085,0.970846784,0.959176791,0.914357546,-0.256029901,3.683330986,2.390076412,0.054525413,1.427384501,-0.609922837,-0.349302112,0.558046965,3.536291475,-0.869126284,2.139634177,1.588269255,-0.03746935,0.104283327,0.516457276,-0.95092915,0.003542366,1.258734747,-0.482281108,0.820107425,-0.76215249,-0.206492433,-0.685990849,0.550045645,-0.151579689,-0.429664382,0.254204789,0.015882204,-0.024375711,-0.097347641,-0.713350739,-0.005772623,-1.020419276,0.39015053,-0.025133216,-0.865956732,-0.67270006,-0.929728426,-0.300263095,-0.867641443,0.238711963,0.800610897,-0.836463235,-0.883945497,-0.020620427,-0.784197512,-0.727153997,-0.149336955,-0.449119306,-0.993236891,-0.960458044,-0.799482361,-0.770369323,-0.518382399,-0.340410796,0.027931342,-0.423730607,-0.973522652,1.84205963,-1.038285152,0.307688804,-0.427156775,-0.686703195,-0.43864164,-0.015329966,-0.336675298,0.231853056,0.453171377,-0.058493232,-0.992596326,-0.885636238,-0.733635486,1.3170557,-0.305522953,-0.199675243,0.101725254,-0.769730247,-0.13461848,1.779215353,0.390818642,0.114170688,-0.232225072,-0.310397758,-0.850575262,-0.525227404,-0.621503373,-0.914614895,-0.72417132,0.305224907,-0.515989429,-0.583829908,-0.885324529,-0.62268812,-0.834339174,-0.174081249,0.343968749,0.012932703,-0.143774167,-0.442687088,0.303756908,0.760027175,0.748808912,0.006104143,-0.178227254,-0.434250884,-0.617235722,-0.215077104,-0.132580937,-0.011129213,-0.592246324
15.5,15.75,16,A,10,-0.490909997,-0.512322213,1.114857323,-0.622357803,0.532387397,-0.331129967,-0.620920277,2.177834306,-0.024369735,-0.76377349,-0.917475165,-0.516482562,-0.632210007,0.08128204,-0.656920158,-0.571729184,0.0041967,-0.864585285,2.678529559,-0.0071627,-0.584059245,1.71741114,0.921310401,3.362442463,0.131953008,0.423664482,-0.459927332,-0.588926928,0.684672849,-0.932536561,3.164212978,0.495679927,-0.177880694,-0.980645,0.17735931,3.601075047,1.158989649,0.920935221,0.421196898,0.760166383,0.564706606,0.726905595,1.273164068,-0.828975455,0.664966893,-0.95500514,0.894260432,-1.028691114,3.001167377,-0.277173311,1.194649825,1.181913506,-0.202040229,2.513883089,-0.674163413,0.880112898,-0.109282652,-0.979675338,-0.806228548,0.473859753,0.703491182,0.934422214,1.881382732,2.122642104,-0.622760139,2.20975744,-0.228415429,-0.67762853,-0.780808384,-0.919511623,0.627308583,-0.938874346,-0.57686957,0.658531016,0.032636802,0.372807755,3.008526435,-0.084503007,-0.246492615,1.976158553,-0.390349036,-0.101632983,-0.204758578,-0.877996553,0.391343161,-0.578440434,-0.957618103,-0.67588865,-0.166774795,-0.762786472,-0.495338848,-0.788547034,0.054610143,-0.490853156,-0.891983013,-0.673066628,0.443035208,2.594609924,-1.177302332,0.961652359,1.145403355,0.623629297,-0.51215267,-0.893273204,-0.29407936,-0.723258382,-0.790889636,0.178963174,0.053200605,0.83220328,-0.606175114,-0.4553516,0.60836922,-0.106566575,-0.335228542,0.115560084,0.983439809,-0.407946328,-0.532475108,0.889606523,-0.673805215,-0.120252308,-0.83357944,-0.636660464,-0.580906813,-1.067509448,-0.236735946,-0.486026455,-0.715850131,0.151088341,0.603024327,-0.53235176,-0.978407002,-0.309615557,-0.566889693,-0.353035225,0.746515203,0.066295335,-0.834684595,0.272768528,-0.841770672,-0.41021279,-0.722879657,0.886466318,-0.161623834,-0.485700231,-0.363870561,-0.745073397,-0.340484452,-0.981496265,3.488364167,-0.289878903,-0.292206851,-0.862224297,0.143779574,0.291481688,1.201621377,-0.534183721,-0.725885147,-0.827604773,0.045929555,-0.140255676,0.467600428,0.954108972,0.403532595,0.347302889,0.462257157,0.482922961,-0.432490244,-0.046318338,-0.038025354,0.015323237,-0.520023788,-0.188638044,-0.416664554,0.159326311
15.75,16,16.25,A,10,-0.216486774,-0.881306989,2.075450693,-0.271675268,-0.128222385,-0.276006226,1.4907685,-0.551503201,1.050868315,-0.661260009,-0.965295582,-0.24142475,-0.618304797,-0.645262956,1.36605799,-0.825110345,0.018569402,-0.495870314,-0.175881737,0.040335834,-0.322044272,0.16961954,-0.695496822,-0.834168246,-0.538204558,0.908582162,-0.66071567,-0.850571519,-0.366093397,-0.771893783,1.172779755,-0.886970419,-0.050455589,-0.836606496,-0.768969653,-0.803048528,-0.804338013,-0.86106663,-0.399930803,-0.809120154,-0.26931038,1.127685064,0.768140972,-0.331226085,-0.8469367,-0.140633518,0.722018202,3.32454856,0.656831414,-0.55129619,0.326425008,2.451897556,0.70300606,0.339315579,-0.192675893,-0.149953182,-0.206687603,0.081925504,0.893375695,-0.936030827,-0.555568682,-0.859555523,-0.450465571,-0.619725425,-0.449284908,-0.76774003,-0.090972475,0.111919013,-0.701179532,-0.796640091,-0.200161683,-0.691820745,-0.836713633,-0.771196135,-0.770044828,-0.103730776,-0.932452264,-0.64863935,-0.323300704,-0.651629112,-0.08350643,-0.922912466,-0.033994311,-0.491094099,-0.631851811,-1.017358427,-0.68277293,-0.888698025,-0.368292405,-0.755250943,-0.73475558,-0.888561202,0.032595353,-0.983681026,-0.728510088,-0.132414177,-0.593431253,-0.835027432,-0.905764733,0.516768218,-0.807246386,-0.711839512,0.141840319,-0.599567087,-0.890387364,-0.915105175,0.624353816,-0.664218392,-0.521125275,-0.817240105,-0.714904085,1.895378202,-0.807057296,0.267450289,-0.252703907,0.72072878,0.657446058,-0.262324793,-0.542430621,-0.881879183,1.194831872,-0.996139153,0.820095455,-0.870749939,-0.292522639,-0.545534846,-0.635684794,-0.357199221,-0.765901569,-0.79148627,-0.21125721,-0.716483893,-0.879247312,-0.760292718,-0.031216835,0.264824363,-0.94785542,-0.608950408,-0.862261274,-0.642993754,-0.894007963,-0.927451601,-1.034560109,-0.7684449,-0.434834446,-0.730045117,0.276883076,-0.877315087,-0.860542632,-1.003481136,0.574595975,-0.578221351,-0.434244898,-0.835980838,0.157961461,-0.841425727,-0.647285706,-0.627029504,0.031470693,-0.488618544,0.163062665,-0.254218726,-0.396098657,-0.504772653,0.445982134,0.33105979,-0.517921322,-0.592968923,-0.587573185,-0.525278192,-0.516053516,0.007970344,-0.32402911,-0.539573446,-0.725379991,-0.368877844
16,16.25,16.5,A,10,0.255783063,-0.321065472,0.303829538,1.245644645,4.04634629,-0.622932723,4.127960681,-0.687484519,-0.395641931,-0.707524744,0.814211837,-0.579410478,0.0287412,1.170244873,1.938153505,0.946259484,-0.66640594,-0.612980666,-0.045272821,-1.074260516,-0.881886583,0.432695969,-0.540470189,0.31041388,-0.371853844,0.78780097,-0.29549584,-0.562354038,0.048634545,3.068620657,-0.595243006,-0.537715755,1.329379216,-0.643960895,-0.540986943,-0.881297763,-0.884244825,0.379458354,0.475455958,1.000326861,-0.298770026,-0.190226523,0.745805296,0.795371751,2.915991161,1.37159929,1.316735576,2.247776831,1.357723497,0.211385563,-0.33302681,-0.68563163,1.430381663,-0.557489665,-0.708403936,0.895633255,-0.240728862,-0.805364097,0.968239634,-0.501557099,-0.049096217,-0.722451497,0.5448049,1.505840501,3.837474615,0.94658557,-0.064185147,0.754052911,2.948781278,-0.85547343,-0.240136748,2.217372556,-0.932719756,-0.372442122,-0.085395947,-0.542390895,1.055776005,1.335450518,0.921689107,1.298079042,0.910407652,1.001789118,-0.326417844,-0.336716778,1.388675854,-0.782169567,1.710249933,-0.074123297,-0.890442261,-0.81950684,-0.41769236,-0.807031669,-0.465007766,-0.389044514,-0.219099341,-0.69940222,-0.136597153,-0.835509379,1.813411931,-0.171015768,-0.359295286,-0.563629863,-0.562991325,-1.074997081,0.162682972,-1.010108365,-0.175751896,-0.273456032,-0.980127221,2.454436326,-0.77830294,-0.37362523,-0.501826765,0.292470799,-0.281527742,0.074074216,-0.046146641,-0.223109435,-0.291694782,-0.310296799,-0.820248803,-0.889852964,-0.801438413,0.694655789,-0.53582286,0.503224672,-1.020653167,-0.491255844,0.228869347,-0.427490163,-0.671144543,2.060034288,-0.036858534,-0.156961339,0.844621419,-0.575798025,1.733047942,0.528655444,5.054010581,1.065310408,-0.323022875,-0.792188324,0.822436876,1.634309497,-0.214978799,-0.644814051,3.44389598,-0.44264082,-0.91356304,0.741516948,-0.609246666,3.201288569,0.945451732,3.499339515,-0.388808598,0.944091005,2.108912117,0.954420755,-0.162941406,2.946147176,0.724491483,0.191928048,0.199610553,-0.08988288,1.047339241,-0.053794754,0.884633349,0.465528176,0.178174597,-0.232698824,-0.238323777,-0.243998532,-0.356001241,0.984491764,0.331095139,1.34386542
16.25,16.5,16.75,A,10,-0.038811783,1.876289782,-0.330875846,-0.591366617,-0.407300134,0.050909091,-0.27893391,-0.087382883,-0.290962053,-0.337734763,0.706120049,-0.493706692,0.021398143,1.175461042,-0.363095622,-0.841743906,-0.585848555,-0.603043574,-0.86708286,0.68886605,-0.184922638,-0.372059454,-0.906759796,-0.050870011,0.047876403,-0.585358615,-0.528624613,-0.23044769,0.518133708,-0.258035201,-0.574786214,-0.674416483,0.696127289,-0.402192901,0.197948293,-0.720616746,0.668394914,-0.817986605,-0.008454289,1.672319106,-0.844378052,0.81363806,-0.116311966,-0.721519642,0.120412874,0.885001932,-0.168599462,-0.81986978,0.63852377,-0.573845705,0.081150462,-0.040844254,-0.906978436,0.18248234,-0.613140475,-0.50686633,-0.910034309,1.160669931,1.391943653,0.196493455,-1.018523818,1.542909048,-0.579127615,-0.586933272,-0.140958422,1.575084181,-1.004964303,-0.992004255,-0.446586739,1.388197449,-0.743828999,-0.482593328,-0.292834104,-0.805275519,0.124013882,-0.295361863,-0.925795818,-0.230148005,-0.865728531,-0.904941653,-0.138938165,-0.264172571,-0.505700135,0.953588204,-0.347872938,-0.523650901,-0.609190305,-0.747575228,0.275462265,1.368327913,0.011537507,0.306641866,-0.036774083,0.811384354,-0.635614754,0.253433827,1.667253864,1.032485812,-1.061748583,-0.680305994,1.831220005,-0.85616782,-0.808146868,-0.946482972,0.133825245,-0.996349991,-0.800198968,-0.483160163,-0.022710323,-0.090032023,-1.008108201,0.483842926,0.582263475,-0.924812544,-0.350461043,1.413379586,-0.992828226,-0.293613634,-0.589654412,0.321463012,0.372853898,-0.189119326,0.699309923,-0.75306151,-0.499192763,-0.763051315,-0.912532149,0.024627773,-0.986861565,1.297957487,-0.416215729,-0.968390054,1.131888264,-0.584700716,0.02793415,0.05176675,-0.761196019,-0.430073484,1.333205241,-0.711678117,-0.177371877,-0.650619921,0.006575218,0.770639139,-0.399697152,-0.876408954,-0.689796078,-0.337588366,-0.237681315,0.143284217,-0.263389857,0.140528651,0.123269693,-0.799365959,-0.951452032,-0.384718885,-0.611991649,-0.054658954,-0.514950759,-0.499860067,-0.043616912,-0.116267593,-0.255106791,0.003633636,-0.078694797,0.003487604,-0.026290775,-0.542249394,-0.053972186,0.166829382,-0.303820388,-0.135852906,-0.170906955,-0.132745971,-0.244866509,-0.381658982
16.5,16.75,17,A,10,-0.514774059,-0.618208528,-0.808128398,-0.415479126,-0.060401554,-0.190134054,-0.392232244,0.179481734,-0.474525884,0.228413694,-0.708234574,-0.585816193,0.342842203,0.91735984,-0.823677448,-0.258159338,-0.252719457,-0.691611956,-0.16605902,0.295290203,-0.276213352,-0.808568923,0.035689777,0.05482284,-0.80132489,0.271158954,-0.596695814,-0.312063428,-0.71069515,0.861169918,1.195543829,-0.416805006,-0.446765933,1.343620112,-0.699187621,0.016030962,-0.682819504,-0.676376878,0.208378925,0.031463688,0.092321037,-0.211038392,-0.790377103,-0.334283527,-0.465227926,-0.919847214,0.21113007,-0.833597421,-0.431381976,0.053211678,-0.848305265,0.766255726,-0.952818389,-0.468545729,-0.915758635,-0.952491447,-0.842803731,-0.604790424,-0.985253851,-0.455485382,1.220988105,-0.617739765,0.960105165,0.60271849,-0.804128442,-0.144630472,0.866921691,-0.217043109,1.849720863,0.053427324,-0.773798357,-0.578319566,1.17948253,1.079070901,-0.151907128,-0.551678894,-0.865600737,-0.544129814,-0.773921287,2.583431895,-0.60269809,0.617703149,0.948527682,-0.61213071,-0.503512605,0.531232338,-0.827531074,-0.720860224,-0.821128137,-0.594043833,-0.550522555,-0.212662337,-0.758220579,4.181972209,0.75697564,-0.756821384,-0.666606342,0.121413418,0.662552532,0.788762866,-0.357562639,-0.58300229,-0.739745793,-0.130591829,-0.589483118,-0.930051279,-0.160947896,2.425054276,0.650599511,-0.901203284,-0.563667331,0.087718771,-0.774017703,-0.356058512,-0.295265931,-1.056398655,0.355912671,-0.953989292,0.033216695,1.067937555,0.661521109,-0.272758481,1.934149279,-0.018583434,0.640888917,-1.058634592,-0.235329135,-0.759151151,1.231913225,0.397653514,-0.241818232,-0.985182192,-0.442551883,-0.131265511,-1.023715071,-0.050601953,-0.309742921,-0.331777901,-0.63551412,0.082529851,0.831006635,-0.893337358,-0.483665588,-0.174765614,-0.55427775,-0.252032963,0.288188959,-0.020444767,-0.264051341,-0.692107409,-0.662083316,-1.035621436,1.352133783,-0.062821749,-0.914853792,2.075339018,0.76781746,0.947651395,-0.771238087,0.22521548,-0.306598842,-0.193078574,-0.228272007,-0.012691743,-0.362909077,-0.625999713,0.377033985,0.060262954,-0.25844415,0.356684347,-0.131693434,-0.245461173,0.252166925,-0.406963993,-0.22154872,0.192153876
16.75,17,17.25,A,10,-0.326197153,-0.491114244,2.753800707,0.476926617,-0.166550698,-0.277683674,0.902419693,-0.559513803,0.220625795,-0.91993117,-0.962369913,-1.052963962,-0.327841665,-1.080880536,-0.177051719,-0.844656662,0.772840263,-0.840506639,1.395781223,-0.917525426,-0.885476236,-0.674765413,-0.363401969,1.056624947,0.280851492,-0.5429884,-0.595755059,1.730156488,-0.397707178,-0.925674688,0.094319872,-0.25449301,-0.746643193,-0.465146393,0.417342534,0.983875149,0.382068194,-0.724380236,-0.79368045,-0.695839967,-0.892845728,-0.964592508,-0.058943083,1.812541051,-0.485806409,0.646398793,-0.700648814,0.636028529,-0.733726534,-0.877889508,-0.439363077,0.44923854,-0.209055325,-0.908641091,1.349418631,0.879793308,0.388952437,-0.69722662,-0.174027171,-0.640282855,2.840463308,0.114540394,-1.044775608,-0.056750195,-0.157528356,0.88712653,-0.601934461,-0.411599509,0.243387196,-0.575140216,-0.882908211,1.244800683,2.880155734,2.175031987,-0.456553255,0.046202192,-0.322144446,-0.716124792,-0.801893794,-0.579949887,-0.118094189,-0.467170944,-0.579089098,-0.929180028,0.527280702,-1.023522485,0.068741252,-0.333284661,0.209717726,-0.123381237,-0.859153453,-0.348940688,0.116054296,-0.801544285,0.978176226,-0.230487073,-0.310938974,-0.524614909,-0.606637626,0.16732877,-0.742479319,-0.927018676,-0.707298723,-0.238625325,-0.196178223,-0.741976683,-0.799194875,-0.592572199,-0.140220588,-0.549249933,-0.417453853,-0.608011719,-0.534405927,-0.605533952,0.192075231,-0.414157743,0.006616611,-0.464916032,-0.775956049,-0.021830122,0.192028709,-0.452813088,-0.772010522,-0.633962022,0.040878849,0.012097241,0.656288047,-0.606023473,0.781280391,-0.621612937,-0.483315216,-0.120257821,0.221019232,-0.607726283,-0.665408189,-0.952115469,0.228682294,-0.705143313,-0.417249667,-0.692875741,-0.655115039,0.031894648,-0.187500346,-0.378635016,-0.678926311,-0.690017893,-0.06867719,-0.424452694,0.280401139,-0.491935985,-0.008074754,-0.913016404,-0.353649039,1.183855171,-0.343021817,-0.333013292,-0.627278974,-0.414031287,-0.513727262,1.439073419,0.161278207,-0.403517504,-0.131813602,-0.18025775,-0.161948421,-0.000119322,0.123778908,0.258661621,-0.276798296,-0.242075772,-0.563481455,-0.364357355,-0.140384881,-0.419439017,-0.326296469,-0.088288424
17,17.25,17.5,A,10,-0.595823249,-0.394553737,-0.846953628,-0.919203321,0.483718937,1.565596873,-0.221925393,0.619911854,-0.806335215,-0.747424141,0.751327481,-0.184707133,-0.755820281,0.541895162,0.695189556,-0.846967149,-0.353470786,-0.864085373,-0.36883069,-0.46782795,-0.474773196,-0.780773812,-0.562219251,0.144493182,-0.322780414,-0.084687681,-0.503241873,-0.438044246,-0.779873159,0.316150309,1.339740527,0.314237782,0.790805103,-0.536808017,-0.854839636,-0.222004442,1.803822182,0.760775209,0.603990362,3.158058869,1.110266674,1.197206498,0.655347588,-0.994656319,-0.708610769,0.438298782,-0.345965465,-0.665044839,0.848162232,-0.04456676,-0.814874542,-0.916550874,-0.317552556,-0.752099313,0.346927394,-0.733962947,-0.7839542,-0.665939694,-0.48899492,1.785524127,-0.226438319,-0.748022974,-0.058118076,-0.358135816,-0.400323845,-0.10815429,-0.628664365,0.458196397,0.432938222,-0.540403607,0.19313402,0.856668296,1.217800035,-0.48001311,0.039669776,-0.511300789,0.267779059,0.110728429,-0.89897011,-1.025583979,-0.290577509,0.547432136,2.686110883,-0.446887419,-0.438482419,0.229907131,-0.684330442,-0.473731379,-0.56988504,-0.893426249,0.104699687,-0.500723037,1.144630697,-0.032819682,-0.150046194,0.101215386,0.180693629,0.106984293,-0.089769173,-0.818544084,-0.255130871,2.249732917,0.134149089,1.52978796,-0.384536965,-0.758565374,-1.074277881,-0.905561753,-0.954875826,-0.900539881,1.202859633,-0.360359523,-0.539253343,0.323390039,0.442831954,-0.598641501,-0.548280745,1.34077891,0.214057846,-0.742524893,-0.941226996,-0.083176244,-0.115279179,-0.28260164,-0.095296385,0.533368447,-0.389788435,0.888134121,-0.399082685,-0.0749953,2.939593618,-0.072981437,-0.771519139,-0.552907057,1.598601783,2.021338484,-0.309433459,-0.589416827,-0.229233655,-0.874429107,-0.296706217,0.129319114,2.714375397,-0.746653833,-0.191673065,1.716844688,-0.625088799,-0.812982817,-0.111323431,3.088728268,0.29386156,-0.487466872,0.175286034,0.310435052,-0.919400147,2.503340985,-0.817527197,4.563629631,0.144539481,0.088965623,-0.186299102,-0.185329716,-0.348575014,0.715777794,0.149043762,-0.334147753,-0.217712667,-0.023008837,-0.033387031,0.004632152,-0.131981858,0.073485838,-0.09599443,0.31596132,0.48648393,0.585566415
17.25,17.5,17.75,A,10,-0.510468859,-0.869469354,-0.796554812,-1.017513763,0.568346442,-0.640407607,-0.594042563,2.689592887,-1.037994442,-0.26085585,-0.321765833,0.439139792,1.316282174,-0.86561091,-0.21581945,0.081218294,-0.933065975,2.19697707,0.56962892,-0.876418789,-0.299943237,-0.225267234,-0.096533943,-0.317343288,-0.471637386,-0.935032753,-0.069718405,2.225501084,4.226308881,-0.059626159,-0.496166715,1.297188831,1.345260352,-0.212221235,-0.846976103,-0.54781008,-0.163866378,0.729312315,-0.514004023,0.517299601,0.243375468,0.862443847,1.202881003,-0.414298692,-0.579652642,1.252715269,-0.988374315,-0.116654,1.917045255,1.105629285,-0.343011748,-0.224155299,0.009375784,0.816973942,1.243176216,-0.039620227,-0.702122257,-0.640366044,-0.478599097,0.02786779,0.16136614,0.031942192,-0.627201602,-0.624247604,-0.389829041,1.041944562,0.030593421,0.520676393,-0.167405003,-0.634525415,1.449070365,0.999884697,1.340455011,0.143815737,0.327016636,0.537355462,-0.909941897,-0.063300809,1.54064633,-0.497176243,1.021058252,-0.929630684,1.733271908,-0.757214149,0.738839857,-0.641592533,-0.504597044,-0.833724534,-1.006940037,-0.649792684,-0.713421053,0.471395169,1.389640847,-0.178761545,2.291483801,-0.778704603,-0.855034582,-0.810351004,-0.591634399,-0.936987235,0.975097207,0.232552402,0.357127619,0.756952034,0.93901098,1.653956922,-0.294790443,0.327585099,0.352654701,-0.27480511,0.103653694,-0.63061858,-0.977266248,-0.366601772,-0.040294358,0.515445792,0.543497109,-0.737384224,1.582884318,0.837931063,-0.99897884,0.194056454,0.592410788,1.407606763,-0.467301003,-0.211122277,-0.279426587,-0.870723338,-0.667025278,-0.092593824,0.055108304,1.315081774,0.712448926,-0.449034417,-0.711436801,0.354857991,0.814905768,-0.369388643,-0.280839167,-0.368572021,0.438514647,-0.260873183,1.543734672,-0.271499569,0.022453291,-0.359292037,-0.488030684,-0.015624548,3.580338324,0.247267222,1.099829088,0.918498081,-0.963953805,-0.491376033,0.501940076,1.541973724,-0.38307467,0.934624176,-0.379223294,-0.506967841,-0.246936792,0.139056529,0.397670756,0.110801656,0.448511048,-0.033048094,-0.065668596,0.486782529,-0.183032165,-0.07123746,0.502534141,0.083124679,-0.139309714,0.107313171,0.443698814,0.22722695
17.5,17.75,18,A,10,-0.387671562,-0.877999826,-0.921836834,-0.487465505,-0.102508849,-0.487675736,-0.640929278,-0.292405211,-0.624372507,0.05125567,-0.859961069,-0.785700252,-0.774983158,-0.564346288,-0.707030397,0.091143964,-1.018092483,-0.187776565,-0.80768365,0.330693083,-0.764931728,-0.627625887,-0.641379749,0.841441884,0.072202697,-0.277170547,-0.628599158,-0.817347335,1.073270371,-0.371125452,0.34305317,0.204047161,0.102558033,-0.985150212,1.439297534,-0.630819862,0.7675685,0.838002682,-0.73428058,0.095023215,-0.418897872,0.477506904,-0.71073368,0.59054022,-0.708763405,0.260823492,-0.975629637,0.099952925,-0.842203976,-0.759376421,-0.939227807,0.005262994,-0.059801254,0.051177282,-0.475114756,-0.594318206,-0.990099117,0.089136754,0.173867672,-0.434334789,0.181607778,-0.537008724,-0.100636562,1.586623643,1.087268656,-0.090963094,-1.007014439,-0.511716697,-0.546493966,-0.532817239,-0.221526151,-0.809043506,-0.520464183,-0.416926365,-0.000925144,-0.37074732,0.942081675,0.364926531,0.255751961,0.989011937,0.105402336,-0.336104514,-0.266938666,-0.757077156,-0.617198961,-0.533114936,-0.852013987,-0.520772804,1.617323099,-0.950189656,2.797891013,-0.092409752,1.080323075,0.432102425,-0.00985209,-0.979383769,-0.296800752,-0.082681013,-1.023610781,-1.069235489,-0.828847107,-0.822857768,-0.90528688,-0.768422442,-0.487964085,-0.921006942,-0.339240453,-0.596508587,-0.620126658,0.337156236,0.561827083,-1.032901618,0.475081874,0.14750355,-0.835350351,-0.857175917,-0.90239584,-0.456480877,-0.771960666,-0.505804967,-0.917503759,-0.940519073,-0.780621073,-0.861180247,-0.532088295,-0.820265386,0.815889959,-0.589309412,-0.955653337,-0.910583617,-0.255120384,-0.865337971,0.899006307,-0.383119805,-0.210920658,0.19036092,0.038936542,-0.478982194,-0.519864364,-0.650149598,-0.093482858,-0.783282504,-0.40511267,-0.856374633,1.8276047,-0.848889717,-0.164558364,0.783855094,0.204104054,0.944066441,-0.733573131,0.328024947,-0.495266984,1.732532615,0.537759923,-0.03476854,-0.016413663,0.230553889,-0.237032436,0.018509477,-0.477160964,-0.528373682,-0.21412649,0.143929964,-0.298678145,-0.317345123,-0.047115064,0.021213944,-0.311068524,0.075634287,-0.595310469,-0.417765773,-0.649183424,-0.223519121,0.060792954,0.13303261
17.75,18,18.25,A,10,-0.313482065,-0.704628962,-0.227421445,-0.574947993,3.098640364,-0.599223069,0.561026898,-0.271468445,0.390346767,3.343052733,-0.632753606,-0.988530202,0.173215157,0.651806272,0.251169324,0.073824441,-0.409885418,-0.56535899,-0.078746054,-0.22165149,0.300215806,-0.570725975,1.62173267,-0.750943893,-0.801666675,-0.574840294,-0.012749955,0.86673894,-0.322005476,-0.167372666,-0.550521892,0.972949693,3.65257144,-0.236682156,0.288237465,-1.042102137,-0.818443734,-0.572562256,-1.034391754,-0.888191831,-0.266488671,-0.175338485,-0.35650512,2.840175504,0.816796787,-0.873413419,-0.598076192,-0.496197625,-0.992745358,1.020231395,-0.655074569,-0.936856313,0.153804616,-1.045873242,-0.101016446,-0.40873976,-0.376385504,1.991084333,0.524042648,-0.782467776,-0.810545543,1.348475845,2.617177408,2.064906499,-0.842306328,0.031361072,1.505774497,0.527819562,1.461093348,-0.570487518,0.747063385,2.767087605,-0.339878253,3.967608387,0.00824692,-0.386550145,-0.761474701,-0.394235483,-0.19106266,1.164031808,1.610575376,-0.41509772,-0.528744873,-0.179208912,-0.379848488,-0.609529875,0.91128729,-0.802142608,0.06436277,0.009935104,-0.785706826,-0.464054049,-0.57419734,-0.092542733,-0.151726468,-0.737800227,-0.93269508,0.385251148,0.049596897,-0.969416877,-0.635969521,-0.996326797,-0.945103763,-0.177272186,0.49710235,0.02544095,0.707149552,-0.235574795,-0.314587437,0.041201407,2.065714765,-0.271585173,-0.05476386,0.129690941,0.048143987,0.562221114,-0.252033955,3.094754104,0.211722587,-0.778799161,-0.570067581,-0.617176259,0.095389498,-0.77490658,-0.266556877,1.069280204,-0.845682065,1.549765765,-0.06643682,-0.636388108,-0.403945662,-0.700918082,-0.270512961,0.129450193,-0.681301784,-0.234594224,0.432379403,-0.595751707,0.342035357,-0.153662118,2.55906209,1.387761966,-0.479702452,-0.853835346,0.493903181,-0.349378076,-0.707460548,0.368245642,-0.826693012,-0.60227407,-0.883161371,0.417470133,-0.086514184,-0.689025654,-0.39808441,-0.479739405,0.010647657,-0.847687594,-0.093122808,-0.628142216,0.470189478,-0.174691056,-0.041161752,-0.022913716,0.091843882,-0.163748201,0.733326884,0.658083686,-0.031841194,-0.427329155,-0.203394024,0.475506535,-0.106277882,-0.213682159,0.098962938,-0.367735985
18,18.25,18.5,A,10,-0.565233412,-0.587185545,-0.236525842,-0.508323666,-0.688939988,-0.381649578,-0.50668794,0.273241695,-0.667061665,-0.017787125,0.864174151,0.624744626,0.269481106,1.184803882,-0.099843269,-0.257538872,1.265628783,-0.506335307,0.114114149,-0.279647054,1.085096468,-0.686000577,0.101446748,1.320002879,-0.42111578,1.983364525,-0.058710475,-0.551727112,2.345706436,0.779670074,3.12951623,-0.407152157,-0.489819172,-0.451839492,-0.869978299,0.594283169,-0.130797907,-0.627106491,2.327182152,0.052300018,0.549751834,2.404944039,0.58063239,-0.237537205,-0.217802109,0.979484325,1.818722291,-0.793764142,0.321759074,0.450069287,0.74468007,3.718217197,-0.339465302,-0.689262298,-0.595183684,0.430456167,-0.16581173,1.45745055,-0.549803258,-0.884665324,0.474769186,0.697015622,-0.686321904,0.915570829,-0.267897357,-0.398668107,0.653544332,1.041449479,0.0982002,0.571438491,0.018539997,-0.590761357,-0.328451518,-0.380415046,4.676278294,1.326561732,-0.850354908,0.15302929,0.594021122,-0.576970112,0.849327195,1.621024878,0.231336615,-0.669263277,-0.793599675,-0.578024707,0.757576475,-0.391808465,-0.101324773,-0.537526345,0.458538293,-0.56825063,-0.867399005,-0.309616665,2.596168013,0.497564496,-0.794202644,-0.901573868,-0.82004403,0.380216382,2.672490335,-0.745208033,2.126624768,-0.663593208,-0.836754478,0.187756295,0.067629261,2.405702706,-0.728614915,-0.82941989,2.090627742,-0.566040748,0.658568276,-0.88521763,-0.731049178,-1.104720628,-0.250102841,5.883305423,0.963214584,-0.354273067,3.272161383,2.331324653,-0.691068567,2.139860395,-0.821279644,-0.876965134,-0.438602242,-0.66419277,-0.934275774,1.0265752,-0.646693234,1.410620887,2.949173864,0.366435282,-0.456696759,-0.389547102,3.659853858,2.657545575,-0.602458432,-0.35595532,0.964504991,-0.843434398,2.245085568,-0.287955751,1.347307595,-0.645280109,-0.485278886,-0.832792111,-0.833958237,0.393922983,-0.337516618,0.407598496,-0.877846445,0.392520429,0.090663494,0.504965746,-0.574338012,-0.272030349,1.718601321,0.149715566,-0.388615307,0.317958219,0.589773319,0.312658805,0.585625978,0.312661239,0.309910077,0.404147749,0.038771792,-0.032859966,0.365661284,0.570431193,0.43435375,0.859227862,0.102212165,0.120233363
18.25,18.5,18.75,A,10,0.379766167,1.019445429,0.206345,1.026203023,1.419742031,2.421844998,1.647776113,-0.042600577,0.416493566,-0.545043451,3.264619444,-0.45971913,0.650845671,1.218010993,1.78151714,-0.488249134,0.779876102,-0.857957099,0.198230437,-0.312756615,-0.861380458,-0.806013887,1.459743545,-0.428848446,1.241599731,0.353552132,0.72247534,1.063212871,-0.644142878,-0.736561337,1.289129239,-0.180802436,0.534819245,-0.677657965,0.75298612,0.762669414,-0.766483207,-0.292930297,0.44805208,-1.033939722,-0.552440793,-0.151074771,-0.833961134,-0.547041029,-0.315369954,1.015969686,1.452818525,5.980372885,2.50511426,3.082030757,-0.475060477,-0.623578773,-0.942795347,0.450547961,-0.821659072,0.394841557,1.25271353,-0.638961498,-0.504413212,2.312769825,-0.590886264,-0.629169417,-0.990066193,-0.901191131,-0.631483596,-0.34037384,0.555758103,-0.377174185,-0.91376086,-0.521507368,-0.574916286,-0.95755445,0.026163177,-0.937025666,-0.209773599,-0.53646758,-0.88381377,0.353462375,-0.88404737,-0.418807103,-0.942145859,-0.731380803,-0.468649341,0.975425734,-0.681447736,-0.578134355,-0.83934933,-0.632661891,-0.889373692,-0.234660386,-0.037929767,-0.42816469,-0.513504161,-0.164435131,0.173223862,-0.68000197,0.810786264,-0.481782977,1.032779632,-0.373795853,-0.640349004,-0.885644958,2.307604112,-0.611186837,0.488453194,0.423365581,0.798581389,-0.652481965,1.127290421,-0.736493741,1.919911341,-0.780763733,-0.610655036,1.895299153,0.582373314,-0.090284418,1.436689681,-0.293399138,-0.405898893,2.783790607,-0.464370777,0.800834014,-0.780050984,-0.898693514,-0.483638672,1.569695493,-0.642076006,-0.457371577,-0.975050587,-0.212233103,-0.628000526,1.107876752,2.47347444,0.14188343,-0.208088673,-0.923385124,-0.79181011,0.490520375,1.729425133,1.563562191,-0.580371728,-0.613661271,-0.006514009,-0.124258633,2.748996707,2.296467764,-0.355401641,1.538270904,-0.69927119,0.740200191,0.391750333,-0.942661334,-0.754971475,2.985491251,0.423733154,0.606429668,0.415351709,0.106795566,-0.680510999,-0.39848098,0.79499723,0.577441781,0.136363661,0.083584247,1.163641843,0.040440449,-0.533985475,-0.502278027,-0.502237766,-0.066282479,0.161913819,0.643706288,-0.254295571,0.495545789,0.494445709,0.215292689
18.5,18.75,19,A,10,-0.352934595,1.445864621,0.398182129,-0.52364731,1.026340584,-0.684714237,-0.802136653,2.590185776,-0.960779731,0.174519856,-0.713670913,-0.637799669,-0.389142844,0.865024731,-0.360809846,-0.68402574,-0.727532143,-0.159226497,-0.745719404,-0.698014216,-0.237383203,0.291835907,-0.105450118,0.292155039,-0.637362208,-0.781148158,-0.156475584,-0.115757625,-0.495992639,-0.264428697,0.328713486,0.013519252,0.203316246,-0.453370221,-0.276315693,1.311973169,0.128293054,-0.60775422,-0.851916322,-0.989820078,-0.973020962,-0.607882894,-0.288696394,-0.347539753,-0.384182596,0.222857813,0.446266596,-0.094136233,-0.073375418,-0.52382818,-0.043303502,-0.293005485,-0.737844662,-0.395342013,-0.141833215,-0.330987268,-0.819015995,-0.421006689,-0.098430744,-0.642928891,-0.296534702,-0.624439578,-0.945819573,0.203377423,-0.368560756,0.187520712,0.163186288,-0.487185094,0.614206006,-0.700136348,-0.314920058,0.692621373,-0.555244184,2.785736341,-0.145299189,-0.346774695,-0.800025082,-0.64331808,-0.592988857,-0.320853512,0.262964658,0.509127244,0.270552642,-0.759590225,-0.474776882,-0.828007505,-0.815250203,-0.105183978,0.302544882,-1.047975382,-0.7083538,-0.622020041,0.89941214,-0.273850585,-0.153698029,-0.667973873,-0.750646307,-0.786823019,-0.48473082,0.832024408,-0.426013947,-0.780020016,-0.286017639,-0.581043085,-0.956631977,-0.727998562,-0.63026,-0.726969386,-0.483192993,-0.962791393,-0.901045955,-0.405983069,-0.15010267,-0.452667739,-0.039947014,-0.752518667,-0.76171555,-0.828753561,-0.782387682,-0.898498298,-0.835238156,-0.731436373,-0.46776675,-0.535741504,0.410940161,-0.081055253,-0.50940287,-0.733925942,-0.869540978,-0.70188846,-0.951251754,-0.781837732,-0.418623806,-0.769875759,-0.769374461,0.65991544,-0.399404531,-0.553660506,-0.991459049,-0.343635461,-0.474716045,-0.13594252,-0.783923068,-0.584224851,-0.633743976,-0.765996286,-0.340128578,0.48383947,0.702925899,-0.266168255,0.001501903,-0.354915703,0.274040734,1.875757035,0.765270584,0.142363062,0.564029882,0.53644067,-0.588647824,0.291649299,0.231088044,-0.425091654,-0.221000728,-0.119336133,-0.262353802,-0.392369846,-0.225438562,-0.024106594,-0.268559475,-0.271665993,-0.6560939,-0.59736202,-0.505505613,-0.531920762,-0.279807821,0.350748964
18.75,19,19.25,A,10,-0.220842108,-0.921648508,-0.79643862,-0.829256823,0.361771561,-0.766875841,0.733837424,-0.738382201,0.940941228,-0.873353405,1.081582562,-0.615927399,-0.572560295,-0.412505853,-0.971698215,-0.86333091,-0.771496069,-0.699585214,-0.347506147,-0.928942718,-0.945248805,-0.755201839,-0.900264149,-0.625740786,-0.629885296,-0.14093867,-0.3858072,-0.786215995,-0.725565126,-0.550230237,-0.458987045,-0.090149971,0.075483586,-0.290838929,1.39799302,-0.49825415,-0.96073511,1.529040543,0.195468597,-0.412589191,0.789377512,-0.3291224,-0.79489403,0.136914916,-0.611145623,-0.673315722,-0.442399429,1.238753002,-0.220733762,-0.574986749,-0.929691835,-0.54861572,-0.204737471,-0.334043088,-0.317265123,-0.545710023,-1.009770867,1.578488484,0.114870623,-0.848488044,-0.199170572,-0.776561368,1.530631701,0.619108792,-0.163045953,-0.673727802,-0.587632354,-1.004820686,-0.840619097,-0.886721827,-0.814367394,-0.619192463,-0.44008268,3.68021811,0.684061868,1.041814136,-0.943477716,-0.62905612,-0.65209703,0.579721261,-0.013066872,-0.159114793,-0.115178624,-0.522124413,-0.127099402,-0.33874071,0.28150825,0.445089675,0.794118103,0.002144488,-0.861453316,-0.060749127,-0.024251345,-0.61032343,-0.799518685,-0.700883086,-0.715516074,-1.023854062,0.006864754,-0.454984587,-0.357937935,0.702693355,-0.79521443,0.161651566,-0.855481901,0.080358379,0.361802193,1.658169259,1.1872591,-0.471464573,-0.517629213,0.80193929,-0.063137125,-0.610486168,-1.00449066,-0.405730839,1.295898579,-0.633441343,-0.45554452,-0.19450252,-0.390831654,-0.93924155,-0.677988866,-0.430145965,-0.123555086,1.574541781,-0.901584676,-0.457132168,-0.590123626,0.437508486,-0.70510579,0.755748679,-0.547823639,-0.520951415,1.113373789,3.603878207,-0.656365356,-0.876497243,-0.394395355,0.278890299,-0.338723157,1.672705157,-0.668550881,1.535755014,0.277900305,-0.418376237,0.595418742,-0.052202157,-0.752057693,-0.919452298,0.884634894,-0.525328554,0.552932606,-0.257863194,-0.712488752,-0.201728371,-0.673390224,-1.172109132,0.839226915,0.130918426,-0.311024729,-0.510197026,-0.64450981,0.048643135,-0.148155228,-0.304496306,-0.298255917,0.188754197,0.02475357,-0.524466896,0.167183501,-0.178712452,-0.249855332,0.205075218,0.093241679,-0.113519539
19,19.25,19.5,A,10,-0.485389607,-0.668392151,0.784306173,-0.981459701,0.146398202,2.269819156,-0.149388009,-0.222850396,-0.772410254,-0.423870836,-0.08001412,-0.22950356,0.046502219,1.271652535,-0.652713893,-0.212582836,-0.498507069,-0.425108678,-0.329672185,-0.930994724,-0.881868954,0.981408234,0.113304427,-0.573009021,-0.584785655,0.414732686,-0.879308807,0.331840774,-0.878345339,0.121592092,1.913551282,-0.529135003,-0.768172929,-0.311860872,2.061209131,-0.386586675,0.0674472,1.184581995,-0.529079931,-0.006869554,0.742516152,0.021364241,-0.823885227,-0.262502256,-0.666213015,0.290841708,-0.91791276,1.149750659,-0.038274089,-0.221452671,0.378189613,2.000898193,-0.961964004,0.205491588,2.060649531,-0.359421661,0.964089478,-0.171126807,-0.779843687,1.079022147,0.966971235,1.489383678,0.483972241,1.187351649,-0.098201137,-0.096129071,0.699354063,-0.384812808,-0.077604528,-0.237287367,-0.691842866,-0.231605755,2.153657005,-0.712838152,0.620713771,-0.534246597,-0.22707665,-0.454553,1.816968111,-1.033259213,0.335722437,-0.439550481,-0.282844452,-0.991573887,0.614194541,0.054908809,0.41491231,0.295232418,-0.750924956,-1.011516849,-0.805249706,-0.55773779,0.462019857,1.054156793,-0.597370272,1.429939313,-0.604211157,0.573541049,-0.708195149,-0.605107574,0.781272468,1.525354063,-0.782009819,0.025922674,-0.292403395,0.794851073,-0.338243752,0.57901207,2.430976114,2.654905773,-0.375708065,-0.941426663,-0.166426483,0.613792439,-0.829768798,-0.617741336,0.881140917,0.933665303,-0.280780745,-0.184602397,1.545056685,-0.892167099,0.747911959,-0.59112673,-0.275074394,-0.948791442,-0.263528447,-0.95329632,1.836404689,-0.188424446,-0.103356862,0.283506214,-0.61901498,1.937109782,0.364227018,-0.011779849,0.801565622,1.30424028,-0.108052014,0.802145878,2.69983332,-0.541779052,0.764787592,0.11852352,0.859851553,-0.641588028,0.710932197,-0.528626912,-0.168682247,-0.462111448,2.439742307,-0.708963006,-0.262924751,0.451076702,-0.473415552,-0.735510994,0.236261412,-0.540833103,-0.216139542,0.418360607,-0.050323742,-0.204094231,-0.183443956,0.269508465,-0.072576726,0.441598439,0.393299795,0.070591665,-0.176144011,-0.035821463,0.737963727,-0.096785583,0.001696445,0.465059109,0.281114049,0.060765408
19.25,19.5,19.75,A,10,0.748042589,1.939542785,-0.447013605,-0.107241492,-0.68219026,0.063213418,-0.000502301,0.349355733,0.611525188,-0.48452954,-0.827693205,-0.206440212,-0.606278803,-1.072223689,-0.879331336,0.04399784,0.13207867,-0.19268064,-0.158999462,0.157722251,1.359435874,0.957875341,0.098685674,0.134035329,-0.522088256,-0.55017706,0.757627337,-0.224564087,-0.969751169,1.546700799,-0.678211443,-0.431236589,-0.475810686,-1.049474051,-0.735654714,0.520779388,-0.629463104,-0.57154987,-0.254902444,1.212957872,1.147832561,1.337479871,-0.112246301,-1.075405359,0.595292026,3.124804615,0.657193616,0.626829003,-0.791898476,0.6836335,0.360869382,-0.595264191,0.279732145,-0.645301505,-0.349963268,-0.528183765,-0.971351064,-0.143705625,0.253809205,-0.746138602,0.563411151,0.045426766,0.18231312,-0.486242857,0.08215957,0.290900797,0.293820349,0.906447421,-0.373038926,-0.303437872,-0.520328312,-0.578520317,-0.595125145,1.915294402,-0.682404025,-0.834230269,-0.816348358,0.680531608,-0.594474372,-1.154109248,0.073185011,-0.101963189,-0.494424336,-0.93083266,0.616456468,-0.769366462,-0.763373452,-0.581842713,-0.273200184,-0.541650237,-0.503395628,1.878586329,-0.273212224,-0.806261938,-0.981309642,0.670527387,-0.656082944,-0.684588429,-0.993656785,-0.169498016,0.836899732,0.522131431,-0.767224645,-0.666411294,2.052611703,-0.896177881,-0.455231066,-0.194882478,-0.921316689,-0.642698315,-0.393560623,-0.903979984,-0.412311433,0.982805048,-0.854718122,-0.418804907,-0.374907642,0.729224445,-0.639395222,-0.867839894,-0.618925207,-0.116858463,-0.135281704,0.98820137,-0.375262253,-0.703958183,-0.813190224,-0.099683155,-0.491012593,-0.718617344,-0.556800709,1.818947638,-0.561247697,-0.829739224,0.300133251,-0.851572701,-0.002272126,-0.546736862,0.551483279,0.458835618,0.358820373,-0.492404196,0.045994432,-0.412548584,0.274448873,-0.227124458,-0.235362784,-0.266534417,-0.435896048,1.200233062,0.625230908,-0.646717659,-0.356331818,1.845012939,-0.634019757,-0.850756894,0.454217839,-0.607971263,-0.514277637,-0.025543088,0.199020252,-0.360984859,0.258777978,-0.309256564,0.619351506,-0.308549729,0.120175952,-0.317971404,-0.376701175,-0.251889189,-0.11322995,-0.315348833,-0.308458776,-0.021896953,-0.019037375,-0.071115643
19.5,19.75,20,A,10,0.273259107,1.058542974,-0.112306341,1.258524994,0.631709714,1.469265553,1.31959398,-0.342906106,0.483478526,-0.882422709,1.020519993,1.568550464,0.435744051,-0.456917431,-0.925358659,0.074075671,0.519544125,-0.146490779,-0.354154482,0.118763219,0.364083564,0.018007947,-0.622072561,-0.245459586,-0.399104827,-0.146883576,-0.527071693,0.94403126,-0.818451678,0.392128174,-0.332535957,-0.377956603,0.042094934,-0.753190069,1.251047219,-0.463821216,-0.599378948,-0.843206573,0.939210501,0.077463112,-0.326105377,0.983467371,-0.732194224,1.088385877,-0.573183048,0.031062837,-0.156880215,1.557861217,1.131746262,-0.679290325,0.699573535,-0.950620537,0.774266733,-0.35092485,0.696075185,0.703373322,-0.925373714,0.206579466,0.172582137,-0.957357314,-0.691472951,0.839147493,-0.006450614,-0.272972145,-0.356958994,-0.304716578,0.392558939,-0.004625725,1.774941456,1.847576565,2.6197296,-0.031568291,-0.116487534,-0.001696418,-0.004594038,0.102689233,0.078865481,-0.157272697,0.698703568,0.905306384,-0.870737397,-0.559022238,0.530943551,-0.942478714,0.630653498,-0.428877287,-0.882994593,0.154039397,-0.060103345,3.921709425,0.792951427,-0.853537301,-0.16218773,1.096697658,-0.723887167,0.583004724,0.316341739,0.353200178,-0.072939405,-0.695628149,0.00800862,0.162046581,1.340558828,0.914110698,0.861543692,5.165127463,-0.62698705,0.222279962,-0.704133148,-0.671873583,-0.831970502,4.454026006,0.089170805,-0.42560478,0.566178227,1.148729534,0.996443865,-0.03233998,-0.463186687,0.003336808,-0.102974682,1.426065816,-0.90473074,0.035080992,0.805364795,1.501487784,0.239817135,0.856235015,0.630002256,-0.735709991,0.195008797,1.219762509,-0.338238039,-0.62392657,3.003296216,1.657755751,-0.025686599,-0.493706114,-0.937241346,1.310547888,0.55015184,1.7696505,1.36498247,-0.099660248,-1.031607106,0.914261019,0.510702123,-0.352594406,0.557736472,-0.162701452,-0.14392857,2.495714501,-0.781345184,1.013599376,3.989478682,1.543407175,1.973309706,-0.784285017,-0.132677281,0.735521979,0.515673969,0.185427617,-0.104079298,-0.10602736,0.232487038,0.006817396,0.321702744,0.409367529,0.14931323,0.063401597,0.667068206,0.55047833,0.375063838,0.496757249,0.402092121,0.990879537
19.75,20,20.25,A,10,-0.579137241,-0.271189268,1.046345406,-0.550018052,-0.549949917,0.232231019,-0.963870241,-0.148976245,0.092983353,-0.518195482,-0.959468652,-0.537329944,-0.530498837,-0.480178503,-0.791088115,-0.895502043,-0.429181483,0.22375826,-0.760180415,-0.728759628,-0.200877871,1.055683836,0.021166809,-0.558136533,-0.935235137,-0.718779551,-0.286854774,-0.13504232,-0.742720141,2.165735321,0.382151782,-0.472164433,1.093237405,-0.441936282,-0.401676572,-0.826869311,0.484144708,0.045717718,-0.757764344,-0.387814584,-0.907992233,2.28918279,-0.964136619,3.734651416,-0.65966498,0.896927681,0.941763192,-0.812639502,-0.579826613,0.840301336,1.11496012,0.278764725,-0.877900787,-1.081347802,-0.454495795,0.04027291,-0.961989842,1.676579499,-0.547873221,1.344814309,0.285813501,1.681604017,0.155729425,1.614405381,-0.667920115,-0.771745918,1.439416754,-0.94451409,-0.115424239,1.63838308,0.543526517,-0.399107832,-0.378931963,-0.891852453,-0.886353934,0.408136407,-0.157708749,-0.501666865,0.71376184,-0.84851394,0.025116101,-0.426431521,-0.731504205,0.618680095,-0.309528336,-0.858813777,-0.425757337,0.001061617,1.958815556,0.589900664,-0.811025349,-0.842935792,0.787940163,-0.59845355,0.579095246,0.242591628,-0.072317161,2.480239386,-0.936909282,-0.390496627,0.534303644,0.148464297,-0.428461127,0.087452789,-1.026193069,-0.579220891,-0.131924587,-0.740192387,-0.375891731,3.160602474,-0.77417035,0.717040321,-0.494924477,-0.569831689,1.719353584,1.294994793,-0.924985726,1.306386363,0.517768526,-0.594810357,-0.099430447,-0.868040656,-0.40660606,-0.247225414,-0.552640925,1.102375846,-0.660492608,-0.613959296,2.390324346,-0.905314619,-0.798703495,-0.277806401,-0.644480575,-0.633293682,-0.383582957,-0.992576221,0.046177266,-0.999632211,-0.037003086,1.131585195,-0.123141302,0.329280512,1.156649986,-0.51329851,1.318936658,0.898960032,0.789975624,-0.746388693,-0.177070809,-0.5024533,0.372163409,-0.001971349,-0.798442699,0.558001362,0.693712552,-0.69462241,-0.518115805,0.05953657,-0.709326581,-0.769368466,-0.220977667,-0.588842936,-0.033506036,-0.128297391,0.477856647,0.053178411,0.43157478,-0.239871097,0.044153886,0.043772866,0.064893941,0.219682099,-0.086100983,-0.358931617,0.24314502,-0.180843342
20,20.25,20.5,A,10,-0.56306452,-0.86727263,-0.634439982,0.17470282,-0.762760954,-0.0931748,1.400269988,-1.024149979,-0.927995669,-0.902296543,-0.220052299,-0.791253176,-0.582903843,0.091303564,-0.848106033,-0.69405895,0.183369897,-0.574743055,-0.553929623,1.177869174,-0.174108915,0.778848843,0.22121661,-0.72894532,-0.259203772,0.693143562,1.0664198,1.085892397,-0.5821002,2.69926467,-0.716557149,-0.655666979,-0.976697566,-0.462358601,-0.927465894,-0.030209775,-0.271501594,-0.20372908,-0.724386218,-0.201179282,0.282306026,-0.829624019,0.291082323,-0.27122718,-0.599476248,0.74661846,-0.764990292,0.744177042,-0.257984615,0.250960839,3.723340377,0.676946365,-0.401958626,-0.564210776,-0.836816037,-0.22161364,-0.821567499,-0.505100076,0.513393719,-0.729011603,-0.563025962,-0.420283198,-0.072560808,2.919143567,-0.637008942,-0.287147628,-0.691900929,-0.060649277,-0.941665154,-0.871822197,-0.664734488,-0.151274475,-0.344810504,-0.537606351,-0.938869781,-0.509077091,-0.606509997,0.818444568,0.327858943,0.339337569,0.961098689,0.211788966,-0.517410402,0.484366631,1.020069951,-0.428933758,-0.447180796,-0.715589631,0.361168326,0.233088096,0.313773038,2.037842882,1.284912021,0.099831551,0.482789692,0.39270463,0.623764452,0.148601571,0.910599389,0.025185515,-0.826738973,-0.653204683,-0.550761923,-0.735534218,0.016627715,-0.767758079,-0.878161735,0.135882788,-0.67152274,-0.84491203,0.12249147,-0.281340223,0.723152088,-0.733124291,2.479982387,0.731088144,-0.801399168,-0.36090152,-0.802904183,-0.96017902,0.457963569,0.041991846,1.543441923,-0.648024273,-0.671688311,-0.662451823,-0.592247857,-0.768902898,-0.021929651,0.166456325,-0.942844616,-0.779333786,1.353264944,0.000983304,1.020553298,-0.603717685,1.260747641,1.337411662,1.078362815,-0.167860042,-0.105984546,1.379100875,-0.162081776,-0.812426465,-0.037537853,-0.831401141,-0.804600153,-0.46671076,0.410702466,-0.871197734,-0.860291554,-0.870066884,-0.959779172,1.661219285,-0.362378661,-0.629839561,-0.56557053,-0.200768994,0.467135338,-0.847553326,-0.420018227,-0.281250434,0.480042768,-0.516975214,-0.040815767,0.08334022,-0.162692053,-0.226724161,0.116246607,0.632000474,-0.577608388,0.011686568,-0.115539115,0.355756754,-0.230213709,-0.316789406
20.25,20.5,20.75,A,10,-0.569147386,0.169718101,-0.860842435,-0.171536081,1.783330123,-0.503317376,-0.757250867,-0.726282672,1.692096398,-0.546009495,0.894282121,-0.906670123,-0.641223292,-0.95158834,-0.537950786,-0.409724044,-0.349656658,0.463119079,-0.74462484,-0.581306117,1.950676602,-0.961362241,-0.857497838,-0.789986065,-0.600290932,-1.099622252,-0.570412998,0.638667609,-0.323951094,1.043339715,-0.552898215,-0.692169294,-0.263645183,-0.667698457,-0.769184724,-0.800560836,-0.127676938,-0.240909563,-0.075965268,-0.530730978,-0.166228879,-0.85076464,-0.936708603,1.155278812,-0.607811527,-0.020014043,1.418644218,0.94357352,-0.524717153,1.424607391,1.34638869,-0.408941712,-0.478403019,-0.806318377,0.002140496,0.2799613,-0.55796235,-0.523736163,-1.000988051,-0.328266021,-1.019737337,-0.12297655,1.736302678,-0.52119441,-0.482999322,-0.25943851,0.251106416,-0.071946557,0.869299662,-0.963923253,0.449978225,-0.428619224,-0.770577162,-0.939249751,-0.130760251,0.240533234,-0.637843991,0.320261036,0.512668954,-0.877292163,0.204860496,0.710721155,-0.798860879,-0.284954522,1.885935123,0.863371533,-0.852987328,0.186158919,0.02545956,0.033382926,-0.245466073,-0.602349306,0.936285255,0.236889016,0.244111934,-0.085553009,0.330971431,1.266672874,-0.812538514,-1.013464122,0.14033451,0.192410093,0.465370619,0.647734266,-0.367378637,-0.831151181,-0.898132598,-0.305109072,0.140913961,-0.761255649,0.199719028,-0.752955813,-0.845916868,0.441069346,0.345169209,-0.062755035,1.624981157,-0.900068169,-0.864483024,0.791593574,-0.329832835,0.4951994,0.189855565,0.18868788,1.162756929,1.205419659,1.605145728,-0.504105927,0.822445575,0.687135366,2.02688075,0.142180376,5.039416355,1.12050673,0.087936965,0.950085869,0.347101791,-0.893162539,3.567989692,-0.52551278,-0.754870253,-0.494903026,-0.439999747,-0.732218949,-0.865903354,-0.630764221,-0.467311113,2.26935868,-0.725590227,-0.206783902,0.544292742,-0.636307163,-0.485667316,0.745213456,-0.776742408,-0.723535278,-0.388942099,-0.899405074,-0.241085227,1.006449029,-0.048924169,-0.3765343,-0.15704395,-0.472143946,0.18358591,-0.247612521,-0.058550718,-0.226090109,0.197308698,0.025555949,-0.157626369,-0.002364659,0.552270734,1.186342321,-0.304898611,-0.185572934
20.5,20.75,21,A,10,-0.016093991,-0.513970495,0.238573253,-0.247677337,-0.720169861,0.859371109,2.70913363,-0.906699057,0.244770419,-0.823088526,0.268803497,0.253236209,0.892259614,1.674757026,-0.870065883,-0.417166484,-0.202027912,-0.567440625,-0.391832579,-0.737771866,-1.009932261,-0.621703506,0.048601078,-0.652106739,-0.517544132,-0.868238622,0.595119169,0.79369739,-0.763839844,-0.937315595,-0.944441073,-0.364654933,-0.332510053,0.014870062,-1.01041361,-0.354351497,-0.618855312,-0.257516224,-0.652831442,0.32882056,-0.264558957,1.162667425,-0.809980186,-0.645533498,-0.685560786,-0.699528011,0.305056245,2.029702307,-0.833812147,-0.829279963,1.926496316,-0.530795619,-0.749737347,-0.821590781,2.143000178,0.456047084,0.636982448,2.376356225,0.710189276,-0.201492375,-0.146767163,-0.788946977,-0.743184383,-0.886654537,-0.67137224,-0.83981533,-0.329435794,-0.672458006,-0.767453496,0.364313202,-0.737892557,-0.462746974,-0.685082702,0.27510832,-0.668935531,-0.742967125,-0.675092954,-0.246224634,-0.532742356,0.101150971,-0.430769582,-0.213277022,-0.18128549,1.920709357,-0.508119353,0.389514263,-0.915020486,-0.203184904,-0.796947175,-0.683129041,0.678150145,-0.774050869,-0.398595618,-0.756882504,-0.041239661,0.403025973,0.599815758,-0.60054028,-0.464170456,0.017048236,0.47775271,0.436867532,-0.120634174,-0.848894275,-0.284357716,-0.137602724,-0.09198352,-0.355875482,0.646548916,0.543623293,-0.550774549,1.081613917,0.031046005,-0.992728705,-0.544698771,3.085911326,-0.711359376,0.287783897,0.984047822,-0.158192353,-0.694679553,0.407510014,-0.540624176,-0.15625824,0.798667975,-0.379547008,0.048765573,0.742963955,-0.970640404,-0.690987131,-0.366695137,0.756484929,0.125291735,-0.349705806,1.679242337,0.314183465,-0.321503762,-0.501889123,0.631825287,-0.79998109,-0.443173727,-0.936300416,-0.214442839,-0.650289485,-0.675845517,-0.790504959,0.255460023,2.518315151,-0.623491411,-0.672689987,0.978956895,1.917333252,-0.865872203,1.68813811,5.223413859,1.854535546,-0.564022408,1.518725918,-0.585771317,-0.829741584,0.082414914,-0.0097249,-0.393326306,-0.419188352,-0.127082757,0.59454554,-0.548177472,-0.437542554,-0.162150943,-0.133743928,0.026544456,0.251264921,-0.143482899,0.116725283,-0.223296317,1.033569607
20.75,21,21.25,A,10,2.030519494,1.354487153,-0.450855152,0.079634006,-0.555136541,-0.52882108,0.318951178,0.168382912,0.167082167,1.036875804,0.739372834,-0.328245736,0.043574632,1.726392316,0.418942199,-0.68759115,1.142838792,0.35632102,-0.806550782,1.482138955,0.558465367,2.147749513,-0.480335945,2.289694712,1.261432808,0.907348221,0.455383219,-0.124416143,0.076437339,0.36509533,-0.317528024,-0.642235648,-0.607355204,-0.305792417,-0.851080803,-0.831156782,-0.885612948,-0.705857559,-0.749048196,-0.301544709,-0.247356648,-0.861865985,-0.499798972,-0.436159442,-0.421894181,-0.337670676,-0.374890106,-0.642645312,-0.656982985,-0.813246185,-0.671409216,-0.625155716,-0.808999602,-0.624125313,0.965144791,-0.627202693,-0.757260168,-0.532864867,-0.886571301,-0.771913339,-0.469872652,-0.692863639,-0.648142796,1.461781824,-0.452466917,-0.816547093,-0.428077187,0.202164799,4.923031907,1.523478546,1.733033088,0.624743173,-0.190705811,-0.944342035,0.108619244,2.179545013,2.023823758,-0.367684154,1.03927315,-0.201277492,0.969690804,-0.28080285,-0.810938503,2.086025072,-0.282399444,-0.782639728,-0.683913936,-0.874479537,-0.366546416,-0.409419933,-0.373471135,0.694066373,-0.371360863,0.3618483,0.242557831,-0.628569606,-0.577221876,0.74046391,-0.916531471,0.010744268,-0.553284004,-0.797189988,-0.866631158,-0.450902017,1.273333438,0.553391415,-0.970786935,0.210645554,-0.800589791,-0.318115283,-0.239737414,-0.629439117,-0.969912838,-0.649863406,-0.622624097,0.107592854,0.076869223,0.049056149,-0.89654612,0.572902397,1.673329509,0.391785215,0.359615426,3.593937472,-0.635506669,-0.338088204,-0.294862941,0.938043535,0.226208485,0.024443288,-0.711790443,1.07767162,-0.324018654,1.352301163,-0.212797603,0.47134869,-0.56280128,1.331489717,-0.303810656,-0.743981352,1.966264864,-0.811358159,-0.61878119,5.162902971,3.28166136,1.501978248,-0.895696649,-0.553651245,0.197905057,0.019672421,-0.755301374,0.285562317,-0.227646172,0.515760797,0.793916475,-0.874580569,0.945704503,1.018288808,1.399037271,-0.635386918,0.362111994,0.408719308,0.745685442,-0.619721229,-0.529251049,-0.534035742,0.460248679,0.600502793,-0.143542447,-0.081747427,-0.272012877,-0.320170237,0.593890511,0.13736112,0.925089768,0.246535514
21,21.25,21.5,A,10,-0.225730073,1.057093752,-0.408208136,-0.624926639,0.398736214,0.215762474,-0.197447054,-0.000238524,-0.276062184,-0.359139884,-0.545309774,0.256061718,0.411039105,-0.907375045,-0.640543815,0.411470134,2.671804607,-0.644108007,0.552677742,0.330084043,-0.490992674,0.932801738,0.272709106,-0.397908963,0.134076201,-0.435590664,0.220776802,0.561336607,-0.765240222,0.709409086,-0.29054591,0.023810982,-0.220836431,-0.163444354,-1.010208004,0.180324195,0.206504201,-0.288368301,1.040575535,-0.297045325,-0.249414634,-0.971499628,1.203314986,-0.153413734,0.955611025,-0.309635973,-0.870663996,0.692060638,-0.699794292,-0.483017421,-0.609109428,-0.322310219,-0.706837858,1.44629011,-0.506573185,0.177343427,-0.546458708,-0.403599266,0.913727075,3.180884127,-0.055446681,-0.533298403,-0.114691712,-0.014253713,-0.148412143,-0.138636802,2.789872228,0.166863917,2.392918615,-0.529586522,-0.141199941,1.417259185,-0.098364259,-0.508857135,1.677768085,-0.719324514,-0.932960045,-0.668400342,-0.876327986,-0.875995828,-0.75503403,-0.502670314,0.571895822,-0.22596359,-0.747521325,-0.638847452,-0.897430882,-0.883495708,2.279351857,0.200505526,-0.489519291,-0.183923366,3.815660683,-0.524072358,0.263540788,-0.243594192,1.524852016,-0.348235255,3.440659097,0.293797598,-0.577441857,-0.750665381,0.428720695,-0.194987139,-0.958024504,-0.858772459,-0.393374412,1.316676079,-0.442051194,-0.564533049,0.848202752,0.631724909,-0.581965283,-0.748559667,-0.32816475,-0.098955003,-0.189527355,-0.12846124,-0.812041636,-0.601696126,-0.938961529,-0.389611072,-0.697642885,0.538240228,-0.146254355,-0.766755601,1.487973517,-0.540187356,-0.641111632,0.603420505,-0.148190901,2.314080162,0.752431041,0.672580979,-0.338870814,-0.664673504,-0.488756885,-0.274658749,-0.345114342,-0.405303212,2.180224888,0.283935432,-1.044131023,-0.667467978,-0.72038213,2.433221741,0.225055703,-0.667193179,-0.535855696,-0.81113555,-0.65887487,1.385151714,-0.363286748,0.250893291,-0.208122598,-0.70867577,-0.042153791,-0.620465644,-0.757613993,-0.146370348,-0.042016005,0.189580071,0.074137702,-0.081923341,-0.088645303,0.262335608,0.381532879,-0.172640278,-0.15992101,0.754916572,-0.299445322,-0.20094434,-0.149089018,0.107352378,0.067627221,-0.186951876
21.25,21.5,21.75,A,10,-0.520514796,0.252188773,-0.543363722,-0.175739774,-0.37299152,0.087556583,-0.259632527,-0.941027838,-0.275352543,0.685722968,-0.788929699,-0.563572663,1.003881129,-1.100749403,-0.998710761,-0.249644604,-0.187792879,-0.660488636,-0.269337883,0.489393937,-0.427749047,-0.266525967,-0.587786275,-0.841185111,-0.795037219,0.0756211,3.393549604,0.608282079,-0.266224224,0.144481018,3.273649523,1.271775593,0.022216626,1.272719036,-0.364598115,1.004915786,0.855805243,-0.334770656,0.51330108,-0.826738445,2.444737105,1.360304784,-0.642516565,0.573401759,-0.139618909,-0.636996092,2.000048375,-0.407795564,2.190197074,-0.175197551,1.210454711,-0.432960326,-0.67856321,0.098405058,-0.587458498,-0.483386597,0.243656293,-0.526657046,-0.815663934,-0.455104489,-0.174523927,1.493744205,0.544255245,-0.840116885,-0.333610193,-0.413954885,0.662145873,-0.912091451,-0.542673773,3.806474813,0.334509038,-0.512294271,0.543435538,-0.124851233,-0.069692894,-0.564067664,0.209214671,1.457671789,0.324265882,1.377234485,0.481429654,0.12285262,0.455155374,3.870890971,1.41829525,-0.718772223,1.877438761,1.256028995,1.841993819,0.535592875,1.802481021,0.18903721,-0.647943721,0.012605414,-0.103836375,-0.097345984,2.354801462,3.010600686,0.18534131,3.721043478,1.043415165,-0.713853125,0.75913537,0.274768794,1.493371373,-0.434725259,-0.725803017,-0.139017445,0.839463681,-0.047903396,1.873302097,-0.328335528,-0.130519279,-0.874146317,-0.558350217,-0.411078177,-0.658131252,-0.477065938,-0.437883216,-0.427847146,-0.943910839,2.723580838,0.703506885,0.923706388,-0.691294427,-0.356381054,-0.978732499,2.817530297,-0.985083706,-0.160532455,4.405807817,-0.567537469,0.570697907,0.14442037,0.972407034,-0.969852115,0.124218315,-0.765478183,1.744988947,-0.25169941,0.142183671,-0.325082388,0.781649196,-0.466374575,-0.648646784,-0.349371753,-0.693236463,-0.071249552,-0.661224048,-0.582599315,0.919096573,-0.394381343,-0.42156997,0.501488186,-0.215250978,0.433320667,5.33077812,-0.386961443,-0.371688845,-0.08559016,-0.20631544,-0.332595146,0.103742596,0.668827567,0.656656442,-0.242727804,0.328964902,0.297542534,1.11409061,1.04267845,0.234885214,-0.243005497,0.305238943,0.540797321,-0.287395201,0.530924081
21.5,21.75,22,A,10,-0.076674224,1.013386358,-0.382791095,0.657023445,1.376731973,-0.497495556,-0.987416001,-0.381589844,-0.914022177,-0.586652298,-0.503481545,-0.133082238,-0.357969629,-0.94498387,-0.040985857,-0.227868674,-0.302878553,-0.616031428,-0.551297424,-0.589672172,-0.129579271,-0.628862194,1.993755688,-0.728974741,1.825609784,-0.30389365,-0.916868822,0.83564179,0.027723203,-0.641177014,0.447021059,-0.275352992,-0.968338127,0.601571056,-0.629487834,3.338456,-0.856260318,0.512124996,1.119332947,-0.634207617,0.416228901,-0.984774471,0.333660452,0.200659262,0.160590546,0.627522424,0.769168725,-0.965901702,-0.275810538,0.89625949,0.780905179,-0.665984157,-0.24398754,0.273317654,-0.391424083,0.425669047,0.574124441,0.369077612,0.427354609,-0.412704799,1.021438674,-0.733938216,-0.501209138,-0.323886056,1.549965969,-0.723415936,1.28414248,0.02160957,-0.369387806,-0.752941618,-0.208916475,-0.961779293,-0.774807516,2.09237968,-0.292361503,-0.659391922,-0.716927565,0.064439853,-0.675655509,-1.014333891,0.832658182,-1.003440126,0.596001059,1.058393126,-0.237207188,-0.955308999,-0.735051938,0.930102094,-0.438051673,0.979559743,0.020740377,0.921449767,-0.690471623,-0.092851741,0.109804269,-0.195293431,-0.36120716,-0.105223389,0.161839408,-0.480612265,-0.716827122,-0.784629818,-0.898596207,2.921561203,-0.884809852,0.22235971,-0.689447142,-1.055707199,0.202782599,1.520383555,-0.584700841,-0.787286608,0.440155157,-0.91195491,1.959922182,-0.838555887,0.29384515,-0.21348391,-0.529465618,-0.990882555,-0.253709013,0.102282376,-1.024752462,-0.074620649,0.046493825,-0.856719321,-0.668707685,1.779774328,0.389574021,-0.929230728,-0.745909615,-0.341048039,-0.813602199,0.347848862,-1.020920871,-0.632765243,-0.392269925,1.171140288,-0.814772587,-0.492881813,-0.330139343,0.364198904,-0.983921646,-0.5150231,0.593794508,-0.785380046,-0.008662414,-0.718820052,-0.449558546,-0.324501226,-0.861808182,-0.617501469,-0.376790222,0.160380252,-0.560746654,-0.686002711,-0.746905242,2.360355618,-0.693751696,0.067711364,-0.077949942,-0.426825139,0.133337477,0.265485917,0.117760309,0.113634796,0.047237792,-0.314735414,0.102765428,-0.071182579,-0.016293027,-0.216240784,-0.148961531,-0.373518114,-0.315801296,-0.195505894
21.75,22,22.25,A,10,-0.035445299,-0.963179114,0.059730014,0.042731618,1.759220218,-0.023317918,1.964872869,-0.2920851,0.047776423,0.306845154,-0.615433553,0.228421167,0.239957616,-1.03706421,-0.324193495,-0.412296416,-0.218723773,-0.320522083,0.476614126,0.295401419,0.420357859,-0.505461135,0.208438651,-0.766889084,-0.539114126,-0.109043135,-0.106904443,1.888248177,-0.910028913,-0.960258403,-0.29829075,-0.334875614,-0.816365565,-0.422967097,0.051021125,-0.88785613,0.351005699,-0.180481309,-0.154939241,0.56406898,1.538077593,-0.925678239,-0.678083086,-0.523442772,-0.209050967,-0.363936123,0.139651805,-0.932700338,0.422694972,-0.664891428,-0.267778545,-0.84295558,-0.661642567,-1.114418234,-0.954621374,0.046716962,-0.45642628,0.365239919,-0.537728657,-0.312787235,-0.425110035,0.266497663,0.01094605,0.00251652,-0.623128389,-0.307760753,-0.814889658,-0.736412458,0.330533973,-0.893476528,-0.583093373,0.043312308,-0.640521876,0.77845405,-0.03022878,-0.010233344,0.896619333,-0.686233787,2.11031967,0.009526782,-1.033837647,-0.927566062,-0.764622667,-0.274882872,-0.322382268,0.593684704,-0.253699289,-0.160219471,0.33754057,0.408933174,-0.836687665,-0.854268395,-0.997728663,-0.685797251,-0.138947461,0.24591677,0.487460837,0.165756252,-0.77316192,-0.658464363,-0.771785859,0.100379031,1.137956869,-0.868102258,-0.546121862,2.001680124,0.196136568,0.164695933,-0.857138133,-0.877686993,-0.434397291,2.214739924,-0.799664681,0.657062776,-0.612628746,3.708389215,-0.897367941,-0.700770796,-0.765723114,-0.911524359,-0.704628751,0.290626775,-0.774122214,-0.881452605,-0.779589935,-0.051365109,-0.947739274,-0.558204437,-0.937908079,1.131303971,1.551295168,0.599104979,-0.772892357,0.45378032,-0.173900461,-0.625955953,-0.077987399,-0.738183682,-0.301465256,0.638370877,-0.319728334,-0.475694399,1.17997228,-0.340132463,-0.842215946,-0.451440037,0.071610513,-0.843365342,-0.342795753,-0.202029723,-0.869129024,0.383248646,-0.142812021,0.261659682,-0.835091526,-0.582499877,0.241166774,-0.270975912,-0.4782668,-0.228547022,0.286714886,-0.16878392,-0.138065455,-0.21296799,-0.219735858,-0.473640159,-0.319028361,0.188792098,-0.239705183,-0.404592186,-0.031998658,0.145811499,-0.421307966,0.055216624,-0.25658192,-0.252124708
22,22.25,22.5,A,10,0.279977294,-0.680244888,-0.192454109,-0.631489566,0.194050542,-0.592505157,-0.17643836,-0.89583818,0.418714289,-0.141697733,-0.015957514,0.492745815,-0.235027603,-0.341518922,-0.759867119,1.609383997,0.459919672,-0.70980498,-0.67329445,-0.906712745,-0.856131504,-0.659076295,-0.77160432,-0.650388009,2.042503856,-0.950363093,-0.107874129,1.351780773,1.54201801,0.713559041,-0.882822727,-0.773604128,-0.7585865,-0.270624842,1.475915513,-0.662193624,-0.789427273,-0.841545883,-0.059446073,-0.891672209,-0.489171506,-0.301777228,1.906812709,-0.136216286,-0.619175179,-0.875430086,-0.194157338,-0.270441172,1.110380052,-0.283959933,0.424189356,0.349265813,-0.580062337,-0.956117431,0.54617987,-0.915082226,-0.741222095,0.034759989,-0.481507174,-0.706803729,1.196776556,-0.417667724,-0.672470734,-0.013798944,-0.201013139,0.812438778,-0.4154363,-0.067260767,0.97493765,-0.832431793,1.278235934,-0.550179696,-0.082868107,0.00428595,-0.374417452,-0.473888217,1.22588907,-0.731065751,-0.137474865,-1.032796789,1.167503236,-0.597337426,-0.489875566,0.703965317,2.979806267,0.214457822,-0.349383541,0.460400899,-0.345661173,-0.246259789,0.079560898,0.727490938,-0.592469852,-0.48452518,0.779623538,-0.287704779,-0.121066956,-0.048924378,-0.550451023,-1.006079599,0.736054942,2.915284098,-0.095879651,-0.692552972,-0.352205724,-0.709323089,-0.866803897,0.839158275,0.517640321,0.584265963,-0.377810882,-0.657580634,-0.55190869,0.60818631,1.198915444,0.010161462,-0.64834051,0.3170025,0.757287512,-0.330852448,-0.151426806,1.119325364,-0.627705701,-0.510399455,-0.03255541,-0.480068397,-0.593106374,-0.791894311,-0.027446905,-0.384410524,1.473484065,-0.69601346,-0.697521697,-0.691508366,-0.32741348,-0.858121272,-0.218864984,-0.625336031,-0.755140341,-0.177817245,-0.288043542,-0.935000686,-0.242654629,-0.928596808,-0.519211874,-0.433834939,-0.9276523,-0.421854957,-0.583772465,-0.8434441,-0.913105766,0.095466942,-0.600843552,-0.727162838,-0.413918932,-1.000590173,-0.398193206,-0.173377598,-0.686650062,-0.782531246,-0.241792587,-0.108013385,0.165442433,-0.445400775,-0.015313597,-0.302639996,0.036407358,-0.087427992,0.349761605,-0.150454639,0.287563827,0.032506006,-0.247968852,-0.357425281,-0.61240663,-0.560090643
22.25,22.5,22.75,A,10,0.655421186,-0.76184915,-0.457185694,-0.822862303,-0.061834272,-0.025266019,0.50241739,-0.195999508,3.648593727,-0.658728606,-0.320501437,0.869292502,-0.292303036,-0.867685459,-0.739120872,-0.687272301,0.25287378,-0.349305398,1.313159884,0.832296429,-0.664855957,1.441646818,-0.679935513,-0.167123116,2.867409952,-0.450037922,0.94016602,-0.497727171,-0.823346312,3.00325301,-0.363500268,-0.484976184,-0.36163445,1.231869242,-0.086351229,0.494095632,0.025198132,-0.787180041,-0.672928827,1.806906891,-0.564699966,0.530333662,-0.010681374,5.217841445,-0.609262715,-0.563463116,0.034750767,-0.286474101,0.295725553,-0.962519144,0.165076516,-0.969727207,-0.851709975,-0.561311758,-0.310582839,-0.738568396,-0.113246783,-0.026898765,-0.411157675,2.008790429,2.39572454,0.099102168,0.553329232,-0.580265026,-0.069106584,-0.469495335,0.266115871,0.860248634,0.058685671,-0.876765521,0.347461785,-0.123341293,-0.773760482,-0.881898709,1.176179934,0.893952846,3.552274009,-0.771049445,4.811077644,0.268235343,-0.20234557,1.590463584,-0.921894541,-0.316959202,-0.642723641,0.169463633,-0.362677795,0.315538539,-0.686523443,1.341894108,-0.840372466,-0.654406609,-0.199047562,-0.38226576,-0.315420342,-0.947528054,0.070886,2.465791049,-0.798363322,-0.498418924,0.954345784,0.284881137,-0.554960235,-0.219967332,1.615815185,0.359208279,-0.463923544,-1.001023739,-0.506299518,0.161418116,-0.832506339,-0.06978899,-0.855592564,-0.943835512,1.182838031,-0.796013258,-0.72255158,0.283409147,-0.160402988,-0.681260829,0.260840441,0.093403146,-0.10309876,-0.227593585,-0.656507497,-0.956601061,-0.4502299,-0.602122039,-0.625722934,-0.773672529,-0.777543711,1.277092975,-0.224256518,-0.773919743,-0.472582894,-0.748807173,1.623764725,-0.234394283,-0.104595372,-0.314779427,-0.851599713,-0.151045888,-0.471043446,-0.405924453,0.601231894,-0.734356649,0.367100313,2.806773038,-0.84029994,0.384569973,-0.528035221,-0.972048179,0.097427078,-0.973419943,-0.068247945,-0.954805554,-0.10499502,0.416261976,-0.673578709,-0.751120153,0.182270675,0.001143409,0.496944981,0.08014989,0.308155101,-0.180933645,0.223757365,0.849913163,0.028423567,-0.209914599,0.062949413,-0.359570488,-0.404130472,-0.075002142,0.070540513,-0.451256167
22.5,22.75,23,A,10,0.005474473,-0.113046261,-0.805107611,0.157698735,1.030992913,0.149647519,-0.772439509,-0.196724784,0.073788304,0.166192314,0.288003003,1.183953663,-0.53333026,-0.996391063,-0.863466674,-0.80594505,-0.896050531,0.907148323,-0.384464916,-0.264557928,-0.242434485,-0.786304863,-0.41500818,-0.205135327,4.10963744,-0.46525234,5.339992661,0.349951285,-0.589930489,-0.189928898,-0.4960794,2.293406112,-0.531611541,1.624019283,-0.149613163,-0.285166098,-0.025769332,0.055337014,0.023516399,-0.674640548,0.118795125,-0.060320095,0.585878735,-0.559860752,-0.703615399,-0.953736142,-0.691427693,-0.968387307,-0.932258436,0.030760819,-0.681061092,-0.574537939,-0.899113273,0.470425394,-0.162756415,-0.901591425,-0.193136108,-0.043986587,-0.79094028,2.192554619,0.405949937,2.827570477,0.480334343,0.219634682,-0.622035215,0.098908476,0.531241428,-0.315936108,-0.312672659,-0.023433536,-0.214474494,0.527051498,-0.554830576,0.770796727,-0.608806438,-0.8561658,0.066022157,0.162469631,0.285789848,0.460835573,0.388612993,0.837756767,2.392925732,-0.55405726,-0.319535296,-0.736790015,0.12908619,-0.642815573,-0.440964977,-1.015607225,4.058992434,-0.484546104,-0.609662679,1.642213012,-0.761748578,-0.589424583,-0.394635621,-1.043382429,-0.520491162,-0.641426423,-0.854490066,-0.665859122,1.687843931,0.718503124,3.488341296,0.325897542,-0.093215807,-0.597740347,-0.486229901,-0.173999566,-0.618196703,0.204032512,-0.355771755,1.164253884,-0.512007153,-1.026675727,-0.500020606,1.287888681,-0.820383621,-0.093912098,-0.804372471,-0.463872802,0.226752656,-0.797894568,-0.085993106,0.632919908,0.884379489,-0.278660727,-0.836918482,-0.433071766,-0.372962498,0.217119598,0.556319353,-0.663545747,0.563070633,-0.308377175,-0.088333448,-0.19078593,0.153095727,-0.708083745,0.117260589,0.690984889,-1.096988561,0.842109548,0.555423578,2.076605123,-0.64894762,1.209189232,-0.127351579,-0.194877623,-0.74423339,-0.426341081,0.251269977,-1.028518921,-0.556876936,-0.481749233,-0.517684519,0.325941313,-0.497631478,0.015279607,-0.030352391,-0.236510143,0.69055868,0.183339873,-0.413417115,-0.158414311,0.328956182,0.003868813,0.003861133,0.065588787,0.334905108,-0.127079259,-0.195673187,-0.084248323,0.342340758,-0.366054466
22.75,23,23.25,A,10,-0.50885678,-0.73619398,-0.619167063,0.188134072,-0.234388011,0.718652124,-0.579610129,-0.754823477,1.329797853,0.944728754,-0.653792785,2.486328114,-0.487031161,-0.538887777,-0.922138407,1.425986879,0.374682899,0.137878557,-0.258106206,-0.835008002,2.122201725,-0.82374727,-0.857590398,-0.59176488,0.475409612,0.115939217,-0.500053245,-0.309187516,-0.444100276,-0.274198313,-0.030976297,-0.782614515,0.091954342,-0.640324224,1.954911128,-0.395682909,-0.438858713,1.085927632,3.579654179,0.497371812,-0.933796699,-0.785216464,-0.39201533,1.066012574,0.916183508,-0.734996754,-0.289126401,0.113333214,-0.375576478,-0.504147575,-0.492116578,-0.986881708,-0.442953201,-0.953482911,-0.583896781,0.009959985,-0.42350788,0.608189597,0.924071436,0.277014698,-0.38305409,0.045237632,-0.114091008,-0.26595932,0.19205247,0.765908164,1.454906649,-0.587588427,0.923657012,-0.440734807,-0.775266926,-0.066446091,-0.422920897,-0.340110441,-0.783304805,3.263149053,1.381557192,0.154108906,-0.553046067,-0.404737204,-0.852867173,2.092743344,-0.334179433,0.493538786,-0.286224658,5.846411837,-0.815721076,-0.154878638,-0.623782554,1.672987933,-0.742783294,0.371289643,-0.799288546,-0.389897616,0.216540099,2.278388627,-0.009600305,0.778507288,-1.072210513,-0.581133786,-0.291544849,-0.79547558,0.184129167,-0.637278446,-0.586036956,0.519884288,1.470216148,1.916533091,0.70817227,1.152439064,-0.775671111,3.42418458,2.209415654,0.070219136,0.252736655,0.675145934,0.265081624,-0.941435871,-0.104621901,-0.765982545,0.285299089,0.045148254,-0.528327062,-0.459614531,-0.901515927,0.397698378,0.776632524,-0.016514851,-0.390975599,0.308393718,-0.658091962,-0.704233925,1.035490511,1.765360033,-0.106910396,-0.785234733,-0.901828438,1.001706295,0.952364753,0.951414091,0.010962296,-0.009251451,-0.029323806,0.980298706,3.415753811,0.387150745,-0.432184293,0.146571014,0.662475072,2.455447643,-0.070008623,0.088113178,2.282934318,0.099135433,0.353665532,0.141909718,0.07127623,-1.111103941,0.065006127,-0.680104727,-0.025172664,0.072991211,-0.108709134,0.492136243,-0.191934641,-0.206360334,0.159033427,0.145298272,0.703802837,0.00498116,0.36410382,0.430907215,-0.048377601,0.255003623,0.758789974,0.124082325
23,23.25,23.5,A,10,0.530406584,-0.180305965,-0.156195437,-0.116057629,-0.665077783,-0.595865792,1.716361878,0.123687555,-0.341836819,-0.781733841,-0.487143917,1.383319469,-0.02226945,0.465550443,-0.889748075,0.695712928,-0.971156535,0.521152373,2.378837238,0.207355639,-0.531484688,-0.007653616,0.38186263,1.779386166,0.936162804,-1.007701132,-0.401689963,4.677649436,-0.013196812,-0.068750636,0.28956674,-0.68856592,1.83308865,-0.504063853,1.27899356,-0.438758019,0.765938246,0.412554933,0.166254526,0.158899231,2.591450344,-0.574662807,-0.755601965,0.871004424,-0.592110709,-0.80913786,1.023612505,0.278787059,0.567738151,-0.264495286,0.281920109,2.630433239,1.399547482,0.661675288,-0.933024348,-0.90654165,0.164306343,-0.798305662,-0.977374475,-0.191227165,0.378403656,-0.749265961,-0.407708242,-0.939865002,-0.772847244,0.951300992,-0.350252022,-0.147299498,0.100821147,0.053858144,-0.34031553,-0.812248882,-0.252172638,0.190180467,-0.355009827,0.057134627,-0.012945208,-0.618139953,-0.741596394,-1.001918666,0.557273233,0.17933591,0.319605619,-0.163456708,0.489036384,-0.784690524,-0.276266682,-0.283461137,-0.737530231,-0.150174334,-0.361341926,-0.28645405,-0.488648667,-0.911456636,-0.407005721,-0.407020234,-0.750193687,-0.040889909,-0.819827083,2.242051535,0.650498612,-0.750894967,-0.563611938,0.989198211,2.487899666,1.075163747,-0.800994536,-0.122337855,-0.922158986,-0.640367147,1.14812809,0.240806229,-0.521556417,0.112276371,-0.656675736,-0.875954446,0.651208466,-1.007965789,-0.801401105,0.492481039,-0.667811351,0.479603812,-0.474375466,0.72960577,-0.238845849,-0.881128116,-0.857894091,0.191529968,-0.235362859,0.362826079,0.381004819,1.92133101,0.096218403,1.703934845,0.653252514,2.172059083,0.137774024,-0.519614022,1.087724816,-0.506179731,1.963783767,0.172801156,0.238894344,-0.081767224,-0.560054124,0.441209849,0.155754259,-0.095144328,-0.374496721,0.630301374,-0.137494773,0.317340669,-0.034267738,-0.584620797,-0.279104889,-0.336867113,0.255849851,0.889525993,-0.724193287,-0.231324385,-0.046661725,0.328161011,0.574458419,0.327390809,0.233658386,0.133140916,-0.188285403,-0.3887032,-0.085032847,-0.223078638,0.140239481,-0.12186533,-0.15918521,0.712750576,0.249128235,-0.086515647
23.25,23.5,23.75,A,10,-0.490820472,-0.761296522,-0.797958333,-0.852198252,-0.812071105,-0.81299315,-0.236764404,0.087951105,-0.891049157,-0.655009909,-0.915476685,-0.956412716,-0.808714399,-0.932086641,-0.341105995,-0.64434616,-0.055341456,1.837570824,-0.563496771,0.465807215,-0.639691463,-0.737244591,-0.577739712,-0.463725419,-0.296308656,-1.021905383,-0.881904964,-0.279177152,-0.922850967,-0.952295966,-0.486731043,-0.175340028,-0.762010392,-0.720495835,-1.065886446,-0.977504136,-0.689273765,-0.665638286,-0.766356333,-0.778251201,-1.023146549,-0.819298595,-0.418913607,-0.56681965,-0.564435018,-0.413705258,0.216264178,0.19703473,-0.57146741,-0.929602235,-0.891640701,-0.726315595,-0.791084538,0.609164916,-0.248114612,-0.938656468,-0.586692888,0.116340134,0.25189487,1.266722311,-0.893774144,0.040232502,-0.389755851,-0.88582425,-0.654431897,-0.685874175,-0.884395453,-0.660163492,-0.847526272,0.353853122,-0.610987768,-0.425648788,-0.789092772,-0.066350964,-0.755843058,-1.009111699,-0.826564971,-0.372371925,-0.837268829,-0.367207598,-0.577975794,-0.079527178,-0.148255829,-0.599698504,0.02519644,-0.832596782,-0.674131246,0.25154219,-1.024362623,-0.700697048,0.097105434,-0.767054067,-0.497625024,-0.680446849,-0.86787938,-0.851139021,-0.711984156,-0.731248306,-0.159607305,-0.498738434,0.41195374,-0.460335864,-0.664351678,-0.027285594,-0.748240553,-0.976067293,-0.948857103,-0.901813764,0.003540216,-0.353180337,-0.570948906,-0.658911415,-0.713434228,-0.59571497,-0.658601173,1.882392891,2.592233185,-0.661978903,-0.810019259,0.04595787,-0.120719611,-0.906508341,0.005032185,-0.860651819,0.113615406,-0.852943471,0.041561146,0.0558443,0.366732627,-0.349966154,-1.057101109,-0.503006583,-0.668207646,-0.449229047,-0.233187103,-0.580512157,-0.783207343,-0.889289699,-0.923566951,-0.841043335,1.0907074,-0.639580396,0.426225848,-0.7210487,0.227384476,-0.744465879,0.445328536,-0.828260831,-0.432909372,-0.473277946,-0.3954299,-0.199767199,2.883767808,0.424543808,0.195830873,-0.78479084,-0.281563383,0.048065981,-0.262677824,1.321586259,-0.62222102,-0.291360279,-0.677284427,-0.708748746,-0.489408941,-0.193838257,-0.550765991,-0.606044837,-0.436050637,-0.566861711,-0.466463823,-0.014902491,-0.250800373,-0.692835097,-0.164989686,0.294956558
23.5,23.75,24,A,10,-0.099091688,-1.017409565,0.155112905,-0.381024361,-0.524224994,-0.706588584,-0.457168619,-0.619211062,-0.269337994,-0.596229368,-0.424981312,-0.532966808,-0.531463709,-0.681191669,0.019323817,-0.653136393,0.396230434,-0.519363591,0.210576671,-0.796907792,-0.164072707,0.136249056,-0.801184191,-0.795430508,-0.273762042,-0.139693337,-0.684907337,1.356902085,-0.491960091,-0.701062703,1.016070716,0.138506851,-0.378723601,0.480639578,0.523693724,0.499854927,0.261442006,1.470279779,-1.017688233,0.117456665,-0.674035802,-0.444234863,0.974010299,-0.613246945,-0.868003751,1.283347051,1.737673374,1.596082439,-0.952197537,-0.269363276,-0.632200704,-0.689986065,0.304245348,-0.387022263,-0.64575326,-0.325899045,-0.952322625,4.583143786,-0.581667889,-0.131320651,1.866376592,0.487944798,-0.833995382,0.146052365,0.340152996,0.600592296,0.172702938,-0.591568308,-0.816722861,-0.499870983,0.705161932,-0.789110962,0.196424371,0.245674241,-0.6102551,-0.815169142,1.785720143,-0.056161277,1.089397192,-0.169094902,0.554939438,-0.64578816,0.265571817,-0.126146898,-0.758194551,-0.620470969,0.454296832,-0.707482316,-0.108499,-0.578913013,-0.677247638,-0.745407449,-0.289940495,-0.885002275,-0.481111807,-0.804929178,-0.222762352,-0.857848014,-0.66366233,0.094501307,-0.030227517,0.180599083,-0.824683095,-0.698814943,-0.885302891,1.757528811,-0.006632693,-0.676387248,-0.346981369,0.441375541,1.564693455,1.878686234,-0.799136468,0.286109633,-0.460690435,0.778495895,-0.027316194,-0.753711888,0.756622989,-0.85690608,1.225395372,-0.920342675,0.810741882,-0.933331413,1.270801368,-0.967811543,-0.88177107,-0.667224736,-0.619421295,-0.131348956,-0.83921746,0.926606582,-0.840614233,0.903457713,0.520272204,-0.308435911,0.68101244,1.125481067,-0.60361276,-0.842222699,2.208662118,-0.1381548,1.10653784,-0.315914931,-0.057711083,0.729982647,-0.273195877,-0.280214895,-0.808233817,-0.371322011,0.363339538,-1.010501122,-0.83695464,0.702105836,-0.800913708,0.114764016,1.915229359,0.324909526,0.123678999,0.24497563,-0.451517333,-0.351388035,-0.255892178,0.311153241,0.177003099,0.054121663,0.087166445,0.15825865,-0.227068682,-0.553341023,-0.108952632,0.236684714,-0.181431307,0.072272694,0.180043519,0.114063343
23.75,24,24.25,A,10,-0.409541149,0.518549185,1.537923248,-0.900085484,-0.839704276,-0.699940907,-0.473111223,-0.67802547,-0.940576992,-0.429376407,-0.532894269,0.285388662,0.380153075,0.65229097,-0.24153291,-0.89638795,0.140634635,-0.786545746,-0.464132419,-0.493345575,-0.693908063,0.019602624,-0.436321085,-0.72257834,-0.400838047,-0.05808064,-0.56661582,-0.793671746,-0.574263969,-0.414946352,0.195683379,0.625304837,-0.759878075,-0.495201751,-0.439235146,-0.224158608,2.227719739,0.871871525,-0.604505505,1.303137643,-0.017391326,-0.82287849,0.76908466,1.476850651,-0.372187349,0.042164095,-0.377320519,0.104285355,-0.236110934,-0.632260976,-0.180614283,-0.176056957,-0.348599573,-0.361509754,-0.847078543,-0.067089025,-0.813167984,0.260578924,-0.769504187,-0.551556742,-0.778516997,-0.997894596,0.188774914,0.063620878,-0.526757759,2.5403611,-0.759942088,-0.11229425,-0.631794289,-0.79476877,-0.831219602,-0.747980714,-0.622374542,-0.659938273,0.15932673,-0.735043074,-0.53112858,-0.775034059,-0.385249262,-0.627460458,-0.194280474,-0.334369975,0.218777252,0.100377105,0.022311324,0.472691732,-0.0178667,0.953421579,-0.170969262,0.071127271,-0.452412665,1.499937553,-0.43876404,-0.478702362,-0.657992958,-0.729834789,-0.193031613,-0.008006986,-0.666809089,-0.143954067,-0.235370215,-0.237739283,-0.826962164,-0.634063844,-0.859928196,-0.846978183,-0.96148887,1.952160739,-0.272939757,0.115848216,0.255911447,-0.307242175,-0.945760737,-0.821417967,-0.684653018,-1.105508249,-0.936223983,-0.952088266,-0.642328342,-0.790635523,-0.817203619,-0.425575624,-0.635573928,-0.431430146,-0.261504561,-0.078365524,0.537666463,0.123650404,-0.891120654,-0.828218524,-0.785509936,-0.488034792,-0.520704431,-0.312844687,0.244076856,-0.144591698,0.743707898,0.692856488,-0.379598653,0.129495817,-0.875513403,-0.621970282,-0.642455879,0.69989228,0.599192161,-0.581394508,-0.176349518,0.120797945,-0.813494237,-0.769307817,0.693287371,-1.005761109,-0.60455566,-0.899529082,-0.801075836,-0.306567141,-0.625973768,-0.516834933,-0.652502838,0.237686467,-0.331388947,-0.195637153,-0.464162144,0.270073804,-0.006576483,-0.385459812,-0.180921186,-0.575610183,0.112121985,-0.226957102,-0.280746156,-0.692994681,-0.370767571,-0.082114714,-0.306060326,-0.448182653
24,24.25,24.5,A,10,0.286219581,0.560380338,-0.493457498,-0.275028013,-0.752090165,0.682523675,-0.808548509,1.735972832,-0.41113765,1.190008944,1.377533291,1.009483687,-0.066213205,-0.037929558,1.925280399,-0.852246814,-0.866082524,-0.446482231,0.203769905,-0.639292004,-0.587142217,-0.249169415,-0.640158193,0.653327267,0.978241814,-0.31212128,-0.695642834,-0.470858,1.795050145,0.689285479,0.075573138,-0.297504188,0.026770949,0.600531003,0.505676666,-0.60624272,-0.924970072,-0.97748683,0.346341007,3.127714312,-0.569467091,-0.437484628,-0.064630276,2.104545214,-0.885146425,-0.6301548,-0.868715012,-0.565981768,0.402087309,-0.778421926,-0.915727523,1.802270251,0.862734598,-0.855276476,2.856056603,-0.730950024,-1.099261565,-0.733242109,0.174492856,0.868819238,-0.436199933,-0.650641033,-0.718607671,-0.888000995,-0.288130562,-0.755678737,0.125382861,2.091710209,-0.932741545,-0.407482166,-1.109237681,-0.6946546,-0.872384656,-0.794826268,-0.515613468,-0.36806387,-0.510272984,-0.861595537,-0.43880775,-0.605349019,-0.731433326,-0.729377903,0.040552605,-0.22531889,0.127393852,0.901728364,0.218325631,0.068557679,-0.912954791,-0.806040084,1.102413179,-0.590517328,-1.013998567,-0.14066279,-0.788909642,-0.381549468,-0.024324317,1.970113528,-0.279064228,0.90735365,-0.210278541,-0.04155831,0.75930813,-0.471854891,-0.310092136,-1.019605767,-0.434684296,-0.371040937,0.332890457,-0.591533128,-0.693751441,-0.032589306,1.984692061,0.284608326,-0.833613446,1.324364963,-0.838621503,0.30386135,-0.598836191,4.018580619,-0.872201736,4.711203823,0.239904912,-0.366468014,-0.244587832,0.280080878,0.458873312,0.380365119,-0.270373232,-0.167748724,-0.6081368,0.154320649,-0.304536717,0.672555804,0.053361291,0.092513466,-0.671623606,1.874950133,-0.153384904,0.500091951,2.506824563,0.020894948,0.345706902,0.755153833,-0.100089368,-0.441984065,1.366399281,-0.813695474,0.021915237,0.067823376,-0.219896115,-0.035123553,0.99151188,0.996753458,-0.961928996,3.131608635,-0.025990604,0.873136242,1.142294968,-0.471020177,0.171484353,0.160782095,0.116081277,0.187640326,-0.22933694,0.222991585,-0.286038957,-0.677080583,-0.204856686,0.076085402,-0.235844942,0.491869543,0.414904851,0.161011127,0.372894923,0.542134574
24.25,24.5,24.75,A,10,-0.367805758,0.307840048,-0.36502715,0.190096758,-0.716773417,-0.612281661,-0.834134051,2.688111997,-0.819275416,-0.211278202,-0.827183688,-0.124565777,-0.323486457,-0.928882411,0.13831007,0.453146806,1.831592297,0.580777882,-0.363350596,2.638388864,0.792824065,-0.766715178,0.099746248,0.373831527,0.293933521,3.432575276,0.227591387,-0.609099951,-0.380006166,0.774063699,0.703286637,1.75729203,0.046365345,1.903326852,-0.680851053,-0.092224211,-0.609899465,1.894747356,0.530363416,-0.566535472,1.800269793,0.20479702,-0.78966337,0.613791366,-0.742053157,-0.63047023,4.94163744,-0.460648916,1.060955649,0.534679164,-0.65619638,1.079513316,-0.820954843,-0.710334777,1.471148696,2.237910936,-0.240545914,-1.031974308,-1.00501104,0.465771186,-0.902108128,-0.714781775,0.396780819,0.069092352,-0.297016976,-0.304796831,-0.014477672,2.965042492,2.054948495,-0.859631799,-0.352180636,-0.120841641,-0.198468239,-0.612713008,-0.878061559,0.8610313,2.251598115,-0.586180846,5.026648898,0.961557336,-1.131755834,-0.205729001,1.954605525,2.475008732,-0.335550326,-0.752245594,0.389642596,0.524967172,0.238442681,0.138637505,-0.92589673,-0.462029709,-0.759875823,0.338557336,1.673511362,-0.852344233,-0.352936931,-0.459403765,-0.406836095,0.887205946,1.252159113,1.510397498,0.181322331,1.789618719,-0.307286974,0.916619791,-0.248722697,1.576645333,-0.531193636,-0.240908125,-1.084808197,1.387613148,4.227665483,3.817940837,2.755631629,0.191790708,-0.801673044,3.038670603,2.368116587,-0.4274057,-0.368768267,-0.69644337,3.482918615,-0.438023526,1.068381469,0.124049256,1.368707339,0.927518927,-0.994894724,-0.452073316,-0.399262789,-0.81837562,-0.493740871,1.045281803,0.978895644,3.763004617,-0.20601411,1.017788168,-0.921273552,-0.387498157,7.429483027,-0.029692202,-0.102619014,-0.063224065,-0.659329659,2.03295422,0.06904108,0.203898056,-0.577588214,-0.278119861,1.317286439,5.379711687,-0.104330575,0.68667462,-0.304154967,2.721472022,-0.608466542,3.75219956,-0.348939342,0.385933389,-0.074052685,0.307474699,0.423874443,0.488587144,0.653329476,0.078932687,0.239305098,0.635238972,0.329602345,-0.132004864,0.589865135,1.547354205,0.40213724,0.357880513,0.802480337,1.287738629
24.5,24.75,25,A,10,-0.276768545,-0.886986968,-0.915138575,-0.757149583,-0.695076136,-0.613102148,-0.467752519,0.166065484,-0.920829599,-0.544882296,-0.885011313,0.16079655,-0.75380248,-0.985488927,-0.330635488,0.928759485,-0.528630397,0.91952958,-0.449011435,-0.743510932,-0.702162414,-0.404942905,-0.776580121,-0.41704919,0.034282763,-0.74630174,-0.728683617,-0.635985417,-0.679443597,0.524491113,-0.2712232,-0.61553891,-0.970619405,-0.447404187,0.832113222,-0.936319017,0.422232423,-0.965462348,-0.873930515,-0.736747416,-0.8470478,0.153809296,-0.807909024,0.113994914,0.199344015,0.194800519,0.728876504,-0.88816264,0.252553631,-0.456166813,-0.939265152,-0.524047176,0.244519132,-0.879486806,-0.839262258,-0.766902791,1.25963688,-1.093009846,-1.001083238,-0.837156438,-0.393126416,-1.020364685,-0.54529047,1.590776529,-0.466493666,-0.243930693,0.619132224,-0.300549179,-0.68938655,-0.846578307,0.224054004,-0.865762695,-0.729875634,0.096230988,-0.869637168,0.111564559,-0.626840679,-0.803028249,-0.700304373,-1.199796588,-1.060247043,1.213780278,-0.788599181,-0.674190552,-0.252187157,-0.998983199,-0.502818566,-0.90170126,-0.772062127,-0.8460596,-0.517430935,-0.67859288,0.574870563,-0.830461422,-0.63957785,0.104484304,-0.886442649,-0.963474574,-0.70609373,-0.34792054,-0.50890427,-0.857428713,-0.362264337,-1.095256348,-0.582669299,-0.642947972,0.292932611,-0.212308576,-0.03380583,1.159744252,-0.396073137,-0.504938259,-0.227463778,0.01969359,-0.57674458,-0.567294777,-0.938079055,-0.426320618,-0.636021703,-0.377966238,0.591987831,-0.915561921,-0.657911855,-0.501324823,-0.881924752,-1.11300851,0.210055759,-0.187524107,-0.491017854,0.220207521,-0.650712813,0.429214358,-0.640620665,-0.205949827,-0.053262543,0.307451593,-0.748552102,-0.902978285,-0.148814581,-0.089996035,1.24849416,-0.267645012,0.184106752,-0.665670092,-0.653034259,-0.718316759,-0.84899662,-0.71190616,-0.36934146,-0.489345513,-0.058881748,0.535928996,-0.70392523,-0.195388877,-0.811498969,0.107606,-0.730099802,-1.140962843,-0.699377548,-0.498489048,-0.591162089,-0.266700536,-0.453237513,-0.456289935,-0.13559074,-0.537605769,-0.229581121,-0.536339584,-0.558306841,-0.489063971,-0.284290848,-0.463120855,-0.372602271,-0.27042209,-0.329165496,-0.419508907
24.75,25,25.25,A,10,-0.208409346,-0.353222152,-0.749681263,-0.793672667,-0.523575223,0.77658592,0.998831775,1.210283975,0.66076593,-0.123956702,0.027041447,0.128632242,0.52285884,-0.695194236,-0.820721175,-0.705301793,0.382750254,-0.545814276,0.777505613,-0.191736358,-0.840403562,-0.33090586,-0.301788201,0.282735851,1.235748685,-0.77399625,-0.716109284,-0.812625269,-0.944902829,-0.796594205,0.316852278,-0.919278413,0.290388813,-0.954140909,0.145379444,-0.360188108,-0.791693614,-0.305779268,-0.183822078,-0.706399269,-0.995980327,-0.950141156,-0.373403536,0.777777218,2.054544795,-0.918059274,-0.955150463,-0.861631713,0.056263612,-0.877427411,-0.768567162,-0.554806981,-0.535916847,0.262461303,-0.988619029,-0.195232326,0.603459422,-0.366952548,0.753184903,-0.384677031,-0.542520206,1.898562112,-0.965764931,-0.423145116,0.434722743,-0.52386349,-0.43468376,-0.891421922,-0.366597737,-0.427618846,-0.738659478,-0.095141117,3.264470426,-0.801886467,0.273197308,-0.719369677,-0.815167384,0.1869044,-0.710881265,-0.752937347,1.675710714,0.01794632,0.604841785,-0.950927713,-0.52987317,-0.678509188,0.975700997,-0.548141932,0.093132676,-0.030433006,-0.226409149,-0.596806309,1.929815193,0.96273496,-0.740714659,-0.826624458,-0.793881954,-0.95656316,-1.072387718,-0.451511672,-0.565861188,-0.515116362,-0.808529535,-0.465956742,0.526699047,-0.361872456,-0.877031389,-0.965080147,-0.693642218,1.044142871,-0.560795977,-0.824118435,-0.947405898,-0.892905564,-0.541490767,-1.03014234,-0.907571247,-0.64209773,-0.789518001,-0.701835228,-0.137790503,-0.231950379,-0.608927666,-0.925757751,-0.324484714,-0.644502835,-0.76416371,-0.693174668,-1.024705916,-0.280912161,-0.349710343,-0.945039217,-0.264536436,-0.794252859,0.910378369,-0.297514016,-0.17411638,-0.85415422,-0.767545955,-0.39420348,-0.606893787,0.226602259,0.436966268,-0.626584842,-0.759227693,-0.479710501,-0.167394042,-0.88351684,-0.037355041,0.847818426,0.806281964,-0.439402636,-0.583835433,-0.254002664,-0.805337211,-0.690873155,0.102770019,-0.683081673,0.429719935,-0.27797409,0.089395025,-0.111997944,-0.399884092,-0.346868112,-0.304320826,-0.21756663,-0.224233115,-0.09094706,0.062944748,-0.277234893,-0.368224812,-0.783788119,-0.56363703,-0.393069454,-0.204929579,-0.239573494
25,25.25,25.5,A,10,0.372301678,0.62640818,-0.596394156,-0.979286969,-0.767765819,-0.333349274,0.71526381,-0.982351039,-0.411185198,0.150363515,-0.232888123,-0.39509669,-0.712410289,1.715472864,1.314416103,-0.473822597,0.365387026,-0.787149511,-0.411918628,0.733760133,0.235984942,0.083958224,0.516162373,-0.052797798,-0.50945682,0.60769256,-0.755531265,0.145699533,-0.155217363,0.363870346,0.406407029,0.102026191,-0.701009609,1.278865804,-0.737673249,0.173239221,-0.538330612,-0.322837356,0.3887251,-0.736115785,0.051719911,0.020023178,0.159152189,0.221305706,-0.303365442,-0.88523872,-0.954157657,0.790843113,-0.296709341,1.186057941,2.927336875,-0.983775626,0.673082662,-0.981778434,-0.45871803,-0.090404745,0.035294503,0.510709779,-0.008621723,-0.765893276,-0.929631794,-0.388548608,1.368341217,-0.027289095,-0.844422461,-0.105569391,-0.367178142,-0.536533464,0.484037298,-0.764630446,5.570882063,-0.44626954,-0.468028063,-0.685389605,1.791107291,0.228514862,-0.075256611,-0.59507063,-0.735244173,0.632244798,-0.806344822,0.59890584,-0.221134527,-0.779819977,-0.304616408,-0.887491206,0.274251865,-0.321833636,0.630355907,-0.586253536,-0.827079708,0.140845743,-0.758618839,2.132801037,-0.125484566,0.102923981,-0.149341457,0.32897963,2.424998864,-0.458607317,-0.789855977,0.216309493,-0.661141632,0.128904451,-0.35864215,1.077744396,-1.008413848,-1.109592457,-0.610362967,-0.842746335,0.926940389,-0.806992399,-0.962330992,0.062733295,-0.29592205,-0.205017657,0.974921035,-0.960542078,-0.614069322,-0.499185441,-0.68014255,-0.410203105,-0.524936362,-0.878513241,1.911451633,0.416732985,-0.533652931,-0.246534048,0.315180271,-0.76700769,-0.343587734,1.088828399,-0.010924726,-0.139792901,-0.661293485,0.271749368,-0.198063255,0.14846146,1.190695963,-0.454545358,0.699842245,-0.693201253,-0.950155612,-0.721497951,-0.201438048,0.928217216,0.724727895,-0.498929096,2.120899088,-0.330604728,0.749650934,0.900841409,0.598908213,-0.54365976,0.020731797,1.053388533,0.126225576,-0.532696558,0.831075843,-0.429426391,-0.220599527,0.111575029,0.048036473,-0.068670327,-0.001036912,0.085723199,-0.211142489,0.521749039,-0.24039805,0.281141737,-0.395779703,-0.237946522,-0.139762504,0.089152773,0.107785976,0.27750396
25.25,25.5,25.75,A,10,-0.487984851,-0.749827906,-0.708773338,-0.958418377,-0.395656186,-0.58082388,-0.508401122,-0.892959976,-0.890901551,-0.32062162,-0.884578311,0.148730866,-0.592500179,-0.725449716,-0.730938227,-0.749241082,-0.500695091,0.304424408,0.09335138,-0.538978616,-0.013945268,-0.493971193,-0.617390414,0.914950311,-0.724225252,-0.864161733,-0.655403434,-0.150191349,-0.83791586,0.11701891,0.01417919,-0.607340498,-0.279900007,0.51224307,-0.689436621,-0.601167004,-0.765514924,-0.814813361,0.05348171,-0.292103805,-0.46428936,-0.119466975,-0.498021425,-0.604660715,-0.744701176,-0.436805936,-0.599962493,0.442037738,-0.5265173,-0.872414711,-0.950171776,-0.800629725,-0.634854519,-0.495469292,-0.80462613,-0.07064821,-0.587102548,-0.030726541,0.305932954,-0.495794821,-0.456686303,-0.68719492,0.392817378,-0.026816683,-0.858949793,-0.890392237,-0.955561941,-0.818440399,-0.272650199,-0.619475233,-0.283486889,-0.493696161,-0.762214344,-0.793712016,-0.917200964,-0.394237947,-0.664387002,-0.209001989,-0.515926736,-0.355485263,-0.937052783,-0.370789348,-0.41887659,-0.293184141,-0.879746668,-0.401767986,1.723015413,-0.546247421,0.259591968,-0.868959255,-0.062419236,-0.872517859,1.247957795,1.176724091,-0.244051036,0.149094192,0.79569575,0.131556154,-1.054683978,1.429035641,-0.684140622,-0.63140135,-0.991459304,0.708371597,0.231285849,-0.938001489,-0.46329322,0.687883807,-0.922180719,-0.115731498,-0.409758536,-0.536973947,-0.668563981,-0.402706104,2.05739337,0.008405978,0.918132417,-0.060268193,0.941869076,-0.290660472,-0.406713191,-0.816664521,0.492585484,-0.897105497,1.114829533,0.005428067,-0.656798528,0.15786386,-0.17780306,-0.784151689,1.079893105,-0.551735296,-0.883352783,-0.891721855,0.803244612,-0.590068806,-0.493717054,-0.797826279,0.389353166,-0.878310557,-0.552792906,-0.756332806,-0.888490212,-0.708837423,-0.91256543,-0.907204214,-0.474214308,-0.856161011,-0.816859124,-0.112366426,1.103248031,-0.671615294,-0.700713424,-0.514628348,-0.801386993,3.021587064,0.048557544,-0.446232467,1.340435317,0.211714027,-0.649436881,-0.417587457,-0.332523528,-0.347037225,-0.442480235,-0.456409061,-0.519335033,-0.538934931,-0.273401681,0.269639151,-0.311866695,0.155686961,-0.196852954,-0.281424175,-0.698582386,0.259096546
25.5,25.75,26,A,10,-0.557440557,0.732701989,-0.704557198,-0.587102512,-0.127562229,-0.544721379,0.606619285,-0.240888143,0.288231195,-0.653933872,-0.81582038,0.140899188,-0.314366272,-0.913141136,0.517835888,2.307837268,-0.526540168,0.48659411,1.433028237,1.553028965,-0.105639524,0.037254498,0.441478158,-0.185503604,-0.454393407,0.233148664,-0.500039689,0.381621324,1.456438056,-1.001966927,-0.994627091,0.089645799,0.70933918,1.30413111,3.201529504,3.122345257,-0.396412282,-0.712118474,0.544452309,-0.749858504,0.248713976,-0.093492514,-0.764352473,-1.02405302,3.326181725,-0.246333669,4.062485439,-0.660941622,-0.798896927,1.59993373,0.383085622,-0.948530344,-0.783070304,0.988481112,0.292358298,0.156642081,-0.464888279,-0.625823551,3.338250481,-0.22774175,0.703742512,-0.296085254,1.802833407,-0.948214517,-0.066296817,-0.49992382,0.219197494,0.182158603,-0.5956472,-0.37843406,1.068282012,2.274597844,-0.842708349,-0.860037481,0.620644968,2.086204248,-0.082626122,0.927014752,-0.930104977,-0.449048821,1.181810369,2.597838058,0.431263082,0.874410395,1.513925209,-0.771463481,-0.588669171,-0.748167282,2.611943613,-0.419550192,0.976125413,-0.419560318,0.603951056,-0.561208876,-0.537788051,1.375362247,1.924200485,0.507931286,1.004650174,-0.796169622,-0.626126279,-0.160885244,-0.291430634,0.861174102,-0.553046936,-0.201178561,0.13990826,-0.780995803,0.305064213,-0.051089785,-0.651609431,0.233028995,0.135938286,-0.828982079,-0.383285037,-0.494879871,1.000887805,0.719686142,3.0030732,-0.459889385,-0.265594297,-0.416112748,0.504595969,0.230881222,3.071662565,-0.932173536,-0.334768275,0.300971013,-0.968424274,2.848461916,-0.805088494,-0.830394904,-0.496508956,-0.644138123,-0.431848369,-0.440701899,-0.860607431,-0.604837496,-0.482744995,3.421023833,0.895452427,0.253261793,-0.510045326,-0.774632272,-0.280918902,-0.486436276,2.395555943,2.996452233,-0.276898845,1.15244074,-0.801950229,-0.792694003,0.101677844,-0.164931905,-0.928218828,-0.914517646,0.759390088,0.024900582,-0.475852813,-0.411713093,-0.178865342,0.38693557,0.030239755,0.611842681,0.564924464,0.210876337,0.012333035,0.381221807,0.66833406,0.407749379,-0.135860667,0.227396863,0.403949956,-0.217584683,0.536423152,-0.360391
25.75,26,26.25,A,10,-0.593898522,0.863505124,0.424238041,-0.661371476,-0.03159561,-0.810329326,-0.752027418,2.116805441,-0.794451413,1.534293579,-0.717636488,1.677214276,-0.275289301,0.791596754,-0.394327564,1.340965737,0.084129069,-0.486849967,1.936004819,-0.305317777,2.184281313,-0.999558538,0.826969737,-0.55310035,-0.719412514,0.509228049,-0.47371138,0.276512039,-0.896078996,-0.253019992,-0.474158015,-0.195203985,-0.109338201,-0.793200999,-0.455059553,-0.659071123,0.113283695,-0.665739371,0.811698231,-0.72494697,-0.811377513,-0.49040803,0.046266674,0.636724641,0.538431775,-0.875894234,1.119539041,-0.852755353,-0.083097749,-0.836524087,0.115808987,-0.559096114,-0.527993738,0.380579112,1.998213904,-0.150624668,-0.68107632,-0.023186477,-0.098319813,-0.850530321,1.336184121,-0.450687346,0.935339849,-0.250611015,-0.389725831,-0.885475464,-0.578514022,-1.050284578,-0.813285988,-0.818117138,-0.685459355,0.432780202,0.908296114,-0.584984041,-0.176991628,0.605098537,0.770054648,-0.607321479,-0.5928043,-0.200555106,-0.773391442,-1.056107539,0.749861773,-0.700419672,0.079911831,0.249242176,-0.448646033,1.11954041,-0.212458491,-0.442277856,0.179590034,-0.461361493,0.494081409,-1.057566685,-0.76472279,-0.633902826,-0.827210298,-0.977183692,-0.095654524,-0.735666288,-0.594883221,-0.17990633,0.214709158,0.681932629,-0.38077189,0.747475945,-0.928132824,-0.388264173,-0.542810321,-0.827969293,-1.053490954,-0.9543018,-0.932752991,-0.941301584,-0.725376781,-0.389194471,1.099361049,0.011053412,-0.562099498,0.073977607,-0.871000838,0.367634191,-0.84883322,-0.268512522,-0.932693251,-0.952463284,-0.797833586,-0.824407722,-0.659949147,-0.304714763,0.000731621,-0.23448152,0.416465304,-0.835680316,-1.033780608,-0.590276158,-0.76497349,-0.811941794,0.681820894,-0.413322102,-0.474855004,-0.430888038,-0.578058742,-0.829095268,-0.57591867,-0.687587912,-0.63566894,-0.882619449,-0.707152925,-0.56784506,-0.513230735,-0.181845851,-0.876937862,-0.080033815,1.90649483,0.615045685,2.06431861,-0.391706773,0.099840836,0.006474227,0.129516842,0.365048956,-0.009789063,-0.315173629,-0.160909484,-0.039622545,-0.296517741,-0.013188641,-0.143474484,-0.487959715,-0.219862032,-0.437412601,-0.609277414,-0.358543817,-0.636969001,0.264841915
26,26.25,26.5,A,10,-0.147589041,0.438151414,1.194752224,-0.090275403,0.168516829,1.382658022,-0.175034021,0.074642265,-0.994490317,-0.669283623,0.04692258,-0.916691214,-0.569127104,0.506875877,-0.63364695,1.811376769,-0.266229693,0.328496946,-0.052517506,0.491737171,-0.511040683,0.172137491,1.435152366,-0.526603322,2.511501681,3.261294809,-0.747106259,1.560084168,0.478364433,1.015923925,-0.137906619,0.790176782,4.063342948,-0.184163187,-0.956321061,0.519753303,-0.490703869,-0.720851191,-0.027916555,-0.372884422,-0.215253406,-0.740412378,-0.293677957,-0.762859714,1.007032327,-0.528681729,-0.486107196,3.321085698,0.431273238,-0.788593385,-0.37537539,-0.986257176,-0.455334499,1.18745266,-0.228974929,-0.047254068,-1.023492144,-0.025844127,-0.877787173,-0.874183756,-0.885842692,-0.766275424,2.043938105,0.036696528,-0.523663326,-0.671433907,1.031750381,-0.600616594,1.374005482,-0.692370798,0.144303283,0.306210879,-0.166212798,-0.61904717,1.765640607,0.002239497,-0.670681632,-0.512222223,-0.19615337,-0.909578778,-0.824576024,1.687605473,-0.547645866,-0.696351617,-0.042341989,0.133123591,0.472916339,-0.212182766,-0.285497883,-0.237602545,-0.560733949,-0.859573361,-0.189504475,-1.074013406,0.456202886,-0.941876712,0.345102597,0.20922381,0.374824222,-0.459450412,-0.622107755,-0.683855219,-0.231855788,-0.540560209,0.133050302,0.153964557,1.89852947,0.074330735,-0.485390016,-0.398053619,1.267193701,0.520115108,-0.429680614,-0.630274517,1.470202869,-0.025415872,3.040258464,-0.288697041,-0.496210159,-0.812524774,-0.543991968,-0.614316078,-0.197410578,-0.590683464,-0.661933698,0.092251655,-1.063925978,-0.027153671,0.259181907,0.918391312,-0.378731327,0.192260687,0.440288314,1.648534756,0.924977771,1.803189241,0.597679165,-0.408009533,-0.442156713,-0.433874667,-0.88423228,-0.254213264,1.081503645,-0.332520466,-0.683354092,0.10525344,0.535978023,-0.126901294,-0.661538714,-0.656309692,0.360506748,0.340028666,1.260015064,-0.124359848,0.175789668,-0.268382733,-0.750428358,1.959289422,-0.258365715,-0.574306531,0.118204835,0.074719687,0.864970861,0.248252613,0.09438055,-0.37070506,0.034618775,-0.08555017,-0.055255329,-0.26997988,-0.070194754,0.361496717,-0.242959056,0.394415769,-0.187633469,0.211978638
26.25,26.5,26.75,A,10,-0.356852658,0.022556735,0.155029639,4.324374055,-0.360638865,-0.628735159,0.486007961,-0.364166595,-0.5100706,1.223785025,0.210490006,1.946846207,0.721094364,1.059550162,-0.415726931,-0.787223824,7.926863931,0.909062775,-0.325012426,0.605852643,-1.012116577,1.607007971,-0.183700311,-0.800833024,-0.246781932,1.804085855,0.400841855,0.05911279,3.171637727,-0.485715561,0.118940958,1.476723566,0.480366274,0.282738818,0.264041759,-0.182356353,-0.717267995,0.318939169,-0.824198411,-0.459475953,2.643002541,2.910665087,1.481218906,-0.507635371,1.086374578,0.763832595,-0.124189378,3.690246302,-0.623597546,-0.809987535,-0.140518133,-0.931769319,1.015698875,2.069952231,0.299203764,-0.429583163,-0.611850234,2.63704064,0.226786594,1.246032165,-0.868276825,0.573571615,-0.732947669,0.730601371,-0.103283448,-0.703911979,-0.536064005,0.173401472,0.100456686,0.030564465,2.85178737,-0.470593536,2.514421342,0.648549942,0.064289165,2.830800321,-0.542978912,-0.663820649,-0.083474207,-1.096629501,-0.732224718,0.879647457,-0.648251075,0.016969206,0.801754903,1.328836284,-0.8031118,-0.542638795,0.883081379,0.177337957,-0.059126002,-0.473841613,1.663974037,-0.316947891,0.24505379,-0.572730616,-0.295930041,-0.895757148,0.715478341,-0.513490115,-0.432384997,0.553256614,0.344777138,-0.821210572,-0.640194941,0.286839087,-0.525358822,-0.790797261,1.890836798,0.636127843,2.79086524,0.677005001,0.111302877,0.168527555,0.129761141,0.182875017,1.634349902,0.161978269,-0.644318384,0.480829149,-0.393899478,0.655399196,-0.772743914,2.101903041,-0.198118923,-0.315830451,-0.89533254,-0.25970845,-0.144896597,-0.76684823,-0.6854697,1.812619138,5.664203196,0.471193882,-0.03287005,-0.368485451,0.746697015,0.424673698,-0.469131258,-0.274729135,-0.147190077,0.030674734,0.072889404,-0.513432779,0.614549985,0.221900612,2.108341914,0.059002181,0.522174089,0.127511187,-0.414624342,0.536439915,-0.336019563,-0.692195146,0.812108802,-0.934256688,-0.623773856,-0.331352341,-0.497117817,-0.691878666,0.399128954,1.185179691,0.431353879,0.075845183,1.050993018,0.538099342,-0.133588832,0.605235133,0.13614008,-0.050331726,0.050189089,0.569317577,-0.099007634,0.728870133,0.309642125,-0.31726697
26.5,26.75,27,A,10,-0.275295263,-0.210803472,0.860842701,0.622254875,1.028163313,-0.409083769,3.78769714,1.532487561,-0.86008542,-0.301727502,1.0522924,3.187411823,0.042117532,-0.989558192,0.323656294,1.31183792,-0.365510631,-0.261877288,-0.490243428,-0.65031251,1.208075291,4.933848176,0.090925967,3.050317918,0.325703548,0.03208605,-0.578959244,0.744313189,-0.758480158,1.170899998,-0.279006395,-0.110056991,-0.944501846,-0.859864823,1.841753082,-0.431738209,-0.705762087,0.05281791,-0.361579431,-0.458484958,0.083363866,0.547947951,-0.342002033,1.107048136,5.347386539,-0.862800079,-0.131321298,-0.117353368,2.214897246,0.467001927,0.444791997,2.251136629,-0.988540588,-1.052407599,0.18073166,0.897984781,3.448171814,0.663147153,1.83697965,-0.483737971,5.453160219,-0.65681832,0.104485017,-0.681702002,-0.465904787,-0.569434608,-0.479916052,-0.429150216,-0.634800248,-0.649014885,0.554023305,-0.631699029,0.030190207,0.01094769,-0.75256316,-0.910985367,-0.241519574,-0.190897187,-0.345762691,-0.103076195,-0.658254266,0.76221089,-0.80665494,0.818604189,-0.899331049,1.291039168,0.92263929,-0.27307759,0.853373289,-0.811867508,-0.098391059,0.052011887,2.131256325,-1.051330415,-0.288897316,3.669670462,1.866747079,0.674721678,0.055939366,-0.996044308,-0.762527281,-0.531732331,1.629423159,-0.864514557,0.367734751,1.065614841,1.534705321,-0.826647122,-0.768755731,-0.673577324,1.189708098,-0.089059611,-0.512126623,0.777017429,1.884145717,-0.462124765,4.194989185,-0.43642774,-0.000539282,-0.748284691,0.133997749,0.010132243,2.778137663,0.142897094,-0.616981974,-0.321652399,0.189419214,-0.725995445,-0.902550901,5.911057768,1.31397895,-0.574592384,-0.162746665,0.067369714,0.995428508,3.021057864,-0.217629829,-0.469372084,0.357498848,-0.669815441,0.507087411,-0.031676543,-0.835928942,0.013866134,-0.930220973,0.036740141,0.205995936,-0.007900596,-0.026384056,1.962143687,-0.637300768,0.230699064,0.390050533,-0.802827183,-0.817963558,0.880376031,-0.480076979,3.644414728,-0.232694176,0.766353834,0.577445017,0.315981392,1.021873073,-0.225642375,0.831416889,0.719825753,0.099090412,-0.2581342,0.119868147,0.60156837,0.016972373,0.579729772,0.659846101,0.366117748,0.08937222,0.294103153
26.75,27,27.25,A,10,-0.331527102,-0.59189022,-0.839799778,-0.655223175,-0.469087761,-0.546406246,-0.092422687,1.762810645,0.541546143,-0.847053191,-0.427069746,1.336839581,0.155953802,2.727870235,0.890059524,0.837425478,1.815699494,0.454178981,-0.696166697,0.438254195,-0.304459427,-0.390318213,0.798044479,-0.43033585,1.478398307,0.426376745,1.446421056,-0.137048404,-0.328717649,-0.722606431,-0.509243687,1.068749361,-0.504542138,1.954473638,-0.163718443,2.859806702,-0.652646632,-0.357749791,-0.078926716,0.102050437,0.771845479,-0.765506664,-0.846311708,-0.512379518,-0.674037441,1.026550912,0.135927663,-0.24625721,-0.750230364,-0.718996398,-0.505940568,-0.852966388,-0.798901171,-0.108073919,-0.681428219,1.351823906,-0.268202735,-0.108617221,-0.731638676,-0.527847108,-0.045245664,-0.764390455,-0.118994782,0.361416115,0.157958247,1.265558275,-0.95158962,-1.020801442,-0.683382744,0.608875235,-0.627262762,0.581317878,-0.540779573,-0.425088493,-0.216559886,0.567683555,-0.865205878,0.495771787,-0.816867692,-0.034379234,0.67011902,0.262619555,0.078110374,2.430298763,0.116891698,-0.838093803,1.539911528,-0.091410325,1.546690173,-0.298779236,-0.444389886,6.599010511,-0.584089954,-0.712517559,-0.315326037,-0.569195325,-0.706995066,0.672763224,0.347901302,-0.533182538,-0.637939013,-1.05319074,5.766121053,0.485244843,-0.585989132,4.097317174,-0.03281584,0.492449528,0.274875141,-0.772858992,-0.928553854,0.573813884,1.210388612,0.675443821,0.43683087,1.194151325,0.18597838,-0.611891946,-0.133875668,-0.629537185,-0.30442486,-0.518537402,-0.609085769,0.143623632,-0.273202279,2.375253163,-0.064163106,0.803664038,1.335463681,0.762876193,3.676056797,-0.151214455,-0.7737539,3.451959804,-0.325476449,0.524003075,-0.371856761,0.250640715,0.114639485,-0.576560732,-0.135460554,-0.424037997,-0.125350702,0.092616603,-1.011320667,3.196454304,-0.843600872,-0.14218287,-0.351428697,0.188814704,0.02081598,1.40515956,0.691961559,-0.639524667,-0.505437238,-0.853137821,-0.943562271,-0.120722736,0.466228645,-0.618831619,-0.206905337,0.753304485,0.183575461,0.371825273,-0.257939525,-0.32317921,-0.119059683,-0.18813703,0.541635775,0.375397867,0.803321402,0.197274824,0.365146729,0.581843758,0.044450325,-0.109705061
27,27.25,27.5,A,10,0.72914168,0.516472183,3.191492153,5.49567147,-0.635877227,1.134819295,-0.947221271,0.130442082,0.344146144,-0.491985978,0.530521929,-0.646644903,1.203965285,0.509291807,0.691012534,1.011378861,0.976938235,-0.401172087,1.071211329,-0.935699023,-0.841524198,0.248771031,1.593425731,3.325026348,2.234162072,1.642511235,0.397894898,-0.224464546,1.409337077,-0.807082338,0.645210906,0.781518919,1.603401797,-0.509662283,-0.977369329,1.592391578,-0.828196394,0.176049155,-0.921373708,3.256525833,-0.971441372,-0.492841758,-0.260304439,-0.298937452,0.522903228,1.108838663,-0.812034297,1.667926093,-0.82053831,-0.429495805,-0.467938147,-0.860469836,-0.314611076,-0.233124108,-0.021520791,0.00467512,1.642301888,-0.272475063,2.501375238,-0.30534009,-0.157310978,-0.500398771,-0.353869451,-0.452554544,-0.187992371,2.668602507,0.240257537,-0.340172855,-0.910660662,0.03748216,-0.758289694,-0.359229528,-0.115217392,0.404217607,-0.997854728,0.1807317,-0.449069318,-0.436965073,-0.0941201,1.533602499,-0.428034411,0.022453935,-0.014423134,-0.606553807,-0.80100585,-0.539866908,-0.160013604,0.980368499,-0.791154729,-1.032693436,-0.731598374,3.07254862,1.296438771,-0.298072059,6.136049235,0.823869307,-0.482315846,2.211625015,-0.27301725,-0.620465822,-0.86473712,-0.569336298,-0.685116512,-0.789721034,0.702867719,-0.740366619,-0.267421838,-0.814256634,-0.419049996,-0.718173963,0.572242396,-0.923779311,-0.557838062,-0.552324467,-1.036126459,1.884253151,-0.448954664,-0.435935428,-0.350772242,-0.40439343,-0.56065526,-1.014407548,0.843767993,0.145260167,0.231134101,-0.514311975,-0.726478946,-0.988574349,1.21168353,1.194261734,-0.622641604,-0.046161086,-0.614610473,-0.366697072,-1.024427676,0.372026926,-0.268696944,-0.095465132,0.997225882,-0.246696416,-0.084693816,-0.913515744,0.259456144,-0.125627062,-1.033577843,-0.041909868,-0.665600465,-0.232771877,0.106256149,0.072447555,1.126289228,-0.644434338,0.259524113,-0.375493102,0.627008239,0.991347602,-0.5760002,-0.192925561,-0.118070195,-0.536002732,0.946710053,0.401080397,0.897805731,0.481849647,-0.078592545,0.167287313,0.004338257,-0.109219403,-0.337092344,1.11350616,-0.51653123,-0.225362852,-0.017832055,-0.191614359,-0.265953683,0.056124305
27.25,27.5,27.75,A,10,0.009257636,-0.308748624,-0.786456884,0.699118522,-0.053189375,-0.739711538,0.335439649,1.29784419,-0.564135128,1.029311242,0.357325938,1.230525314,-0.394051595,-0.844306953,-0.760577005,-0.683369927,0.528177126,0.089732876,0.711881201,-1.115625895,0.163973474,0.67114963,0.3240959,-0.627501757,0.372704992,-0.68858662,-0.879156885,-0.738171742,-0.986377201,-0.686318265,-0.630671192,-0.51735042,0.119211277,2.725580749,0.140817857,-0.536296645,-0.555238548,0.541240591,2.621284839,0.023706064,0.840315853,-0.330849684,-0.893781543,0.468550031,0.275396341,-0.302089067,-0.418652103,-0.246307599,-0.564254916,-0.43875462,-0.618767932,-0.780270385,-0.796034103,-0.953246645,-0.589699335,-0.63412204,-0.074313576,-0.910652791,1.227403007,-0.882644972,-0.741347663,0.155974263,-0.734370513,-0.59894975,-0.605125429,-0.076540667,-0.556396896,-0.806405762,-0.889034998,1.114142726,0.804511895,-0.831420639,-0.769915168,-0.354116769,-1.05383651,0.103199974,-0.184197413,-0.689073398,-0.478947888,0.054338057,-0.138775283,-0.586921684,0.146758441,0.059075322,-0.085361806,-0.792690538,0.15294426,2.270233072,-0.368100138,-0.376843958,0.176680776,0.049016153,0.280260254,-0.262374079,0.282528379,0.162214076,-0.305043235,0.31243347,-0.943025351,-0.800747211,-0.576700743,0.04565288,0.772663635,0.445108611,-0.635853261,0.1283857,1.140925613,-0.770029186,-0.202509128,-0.640604759,-0.537575296,-0.191349206,-0.852721778,-0.878687191,-0.292059437,0.968008145,-0.775733918,-0.344172434,0.461752914,-0.810976687,0.274353194,0.573715228,0.220884522,-0.688424542,-0.50223733,-0.636657013,-0.907840543,0.745771157,-0.131495818,-0.852825159,-0.795030161,0.238391476,-0.843985796,-0.792308016,-0.203257796,-0.689504432,-0.223607518,-0.698543552,0.098206801,-0.98542896,-0.989132022,-0.336387044,-0.730971015,-0.406741045,-0.670941108,-0.59518344,0.314551214,-0.247523412,-0.187747168,2.14349931,1.739884009,-0.002832611,-0.303884293,1.159745003,0.758828289,0.540468256,1.600693513,0.796889549,-0.418971034,-0.719048038,0.091872969,-0.088028892,-0.307418847,0.393228457,-0.161042731,-0.501234877,-0.373805469,-0.339945786,0.028031768,-0.104805677,-0.029296064,-0.325351489,-0.19047563,-0.489506795,-0.170657573,0.515177264
27.5,27.75,28,A,10,-0.345681531,-0.575301448,0.96514412,0.587013919,2.798206041,0.548083011,-0.2687349,0.084738398,1.727678719,2.044941453,-0.354305267,-0.107323839,-0.528314682,-0.141259771,-0.728472939,1.27138043,-0.281880083,-0.286754089,0.945793624,1.450589083,1.471640704,0.631214266,0.821008826,3.248269818,-0.59521313,3.210498695,-0.924469929,-0.10664832,5.36664913,1.221564831,0.85740797,-0.644029125,-0.204085076,-0.70358522,0.470507119,0.118258445,3.618209443,2.469595188,-0.339082633,-0.974946622,-0.49640493,-0.889091543,-0.15639568,0.551002187,0.931396974,-0.930482787,2.443842029,1.765798913,0.215245616,4.372683141,-0.708230241,3.419092644,1.909962639,1.508585087,-0.403728504,2.540915459,0.692408177,6.208292827,0.165531114,-0.224354868,-0.21964869,2.787725302,2.130127283,0.374740977,-0.648673843,-0.788726175,1.040644822,-0.02389044,0.21082606,0.97783068,-0.532960534,0.269908262,2.846228925,2.934181867,-0.015010914,2.180706056,-0.146967198,1.837140994,-0.408230874,-0.470578845,-0.364481426,0.201578058,1.074620944,-0.281766777,0.348971791,0.154660101,0.132716788,1.304428654,0.530876158,-0.053249361,-0.375201238,1.331718615,0.823736335,0.866422428,-0.454338865,-0.888301502,7.701670277,0.628115329,2.692336684,0.498502184,-0.846301224,0.537297807,2.708123582,0.011663681,0.110282134,0.037277643,-0.36850114,1.489927752,-0.288005292,0.345668294,-0.381708841,1.360662328,3.230013492,-0.695125399,1.573771122,0.887713551,4.102773172,0.258955188,1.460721999,-0.550428869,-0.314694956,-0.862736801,-0.49081554,-0.131877413,-0.575522866,0.111397797,0.304872673,0.554804429,-0.917064574,-0.575484613,0.142682394,1.096656285,-0.686251936,-0.564416718,-0.709390308,0.244880069,-0.375341128,0.610209935,-0.689635064,0.26105112,1.832722418,-0.247881598,-0.633281573,4.303243745,0.147014962,5.499241727,2.407989645,-0.397017705,2.651198582,1.345509381,0.864586524,1.398493539,3.964318721,-0.535872829,-0.004999034,0.028787592,-0.58758782,5.01609535,2.05488232,-0.697323395,0.756608778,0.123945247,1.434451489,0.466824949,0.780759392,1.510847433,0.584095598,0.849441774,0.304835493,1.282466025,0.373743323,1.124734774,-0.289712186,-0.066955535,1.690873958,1.150138097
27.75,28,28.25,A,10,-0.342712514,-0.039571811,-0.21616059,0.609085224,-0.740280479,0.50316875,0.3332303,-0.111555141,3.029006123,0.353027308,0.735782906,-0.994334067,-0.3378803,1.25585923,0.898399145,0.630031012,-0.060301702,2.12319967,0.102683972,1.142946594,-0.075769724,0.31924652,0.688122911,-0.213901983,2.863444818,0.457017423,0.313766479,2.239823946,0.265827082,0.31120908,-0.517212914,-0.641035757,-0.838213001,-0.937767859,1.238481637,-0.763019453,-0.627630089,-0.160319031,-0.915111428,-0.454630178,1.965065854,-0.695256857,-0.578297066,0.076066372,2.412998386,-0.542762005,-0.760172824,-0.872622279,0.121798995,0.752990348,0.125445009,1.195660086,5.233006644,-0.209023048,2.219900474,2.186326509,1.861715821,0.336917116,0.960508892,-0.203164529,-0.181766492,1.582225482,-0.829955222,-0.367119845,-0.134306405,-0.635103211,-0.555018511,-0.961478372,0.528507213,3.805387189,-0.895878172,-0.783465757,0.569416284,2.382274821,-0.459678282,-0.276696382,-0.487613419,-0.260282194,-0.243093479,-0.324455638,-0.254446321,-0.270396616,-0.538248725,0.874475932,0.261563352,0.36931746,0.194388605,-0.884555179,-0.15413936,-0.585427482,-0.315503631,1.00048172,-0.872291033,-0.957092655,-0.725267759,-0.284966386,-0.215701186,-0.896054971,-0.485895938,-0.72912967,0.684335712,-0.866762934,0.310239872,-0.956960934,-1.003883383,-0.134481076,0.916384372,-0.017122119,-0.845166078,0.410365904,-0.087255991,-0.307107306,0.831417118,-0.162442933,0.364464032,1.284151202,0.465575176,1.955049267,0.168317964,-0.772170846,0.335407142,-0.653968911,0.456652845,0.218962311,-0.811735994,-0.637807653,-0.731433048,-0.888900429,2.361701818,0.994509541,0.742414313,-0.944794856,0.116322943,0.640290731,-0.386225252,-1.001980615,2.205327182,-0.687306646,-0.618563322,1.099630457,-0.666055609,0.476988726,-0.612544616,0.734152771,-0.153165333,2.031571511,-0.349660436,0.010309796,0.126078956,-0.640675238,-0.837520752,-0.910733701,-0.457220678,-0.882460401,-0.26032023,0.795477093,-0.454767846,0.333244853,0.105176109,-0.558159436,0.337723717,0.549638646,0.716878655,-0.461645807,0.187980892,1.370729298,0.225137183,-0.077947222,-0.098746834,-0.448142151,-0.150305066,0.373999768,0.064338762,0.116511494,0.095700053,-0.312728499
28,28.25,28.5,A,10,0.018360157,-0.315456208,1.571467375,-0.890857449,-0.106260341,-0.510230219,0.750193631,-0.687939033,0.573761672,1.377421444,0.577157323,-0.568791097,-0.707909953,0.191800543,1.760325356,-0.25262239,-0.937069191,-0.248887486,-0.839273733,0.345512185,1.105747719,-0.707030219,-0.787808212,0.104959444,5.756930589,1.105114906,-0.432600938,-0.37377536,-0.523120055,-0.570222857,-0.783427393,-0.709504495,1.575705376,-0.419829069,-1.012051024,-0.804016325,-0.974248821,-0.59768161,-0.719119252,-0.45303765,-0.22569676,-0.209441473,0.0601702,0.286145309,-0.895217801,-0.475743865,5.214644162,-0.365266881,2.674968703,-0.298801794,-0.239409016,-0.041857149,7.399025409,-0.78918587,-0.873581689,0.023125663,2.019896655,-0.914166385,1.10937681,1.589711061,-0.2674777,1.377013991,-0.404610176,-0.408995314,-0.573811786,-0.707653828,0.784741352,1.172334466,-0.624032161,-0.867671091,0.620163741,0.734143531,-0.807205195,-0.54523653,0.154815449,-0.568572155,3.519747222,2.583073509,1.531537247,1.351290858,1.327630575,-0.828411438,-0.616995295,-0.392951433,2.413128294,1.975809821,0.365850868,1.762947949,-0.98327568,-0.191122294,1.918980051,-0.41940478,0.413515739,-0.537089411,-0.61899839,-0.794524955,0.203654225,-0.794946769,-0.485829328,2.229788267,0.922333737,-0.545841203,-0.710799297,-0.674780111,-0.847180269,2.520416866,-0.000878853,-0.962148478,-0.432187524,0.498606944,-0.149488162,-0.048767614,1.449389871,-0.919790516,0.612029792,-0.08158118,0.004320297,-0.802386608,0.80936721,1.682508917,-0.980886761,-0.944069034,-0.99949233,-0.109591715,-0.561747262,1.378021349,-0.473021208,0.252765178,-0.461274668,0.475848643,0.47943609,-0.68196338,-0.357593343,0.541719177,-0.667999088,0.05049496,-0.633893579,-0.773895297,-0.586875502,-0.445213698,-0.950730129,-0.761705527,-0.272689333,0.144679221,-0.327462983,-0.105712777,0.221236434,1.208336495,-0.005507389,0.569439827,-0.846675922,-0.611055238,-0.332111491,-0.668465244,0.00985522,3.278723444,1.38259815,0.372501402,-0.983730016,-0.069090415,0.178046103,-0.067975844,0.467819502,-0.489721026,0.57657598,0.928293549,-0.052016225,0.857375768,0.483261137,0.111514465,-0.023245819,0.255560201,-0.242344781,-0.307578366,-0.028011616,0.153254989
28.25,28.5,28.75,A,10,2.431222068,-1.02459761,1.855000288,-1.014680105,-0.153643617,0.37203926,-0.769736039,0.162870002,0.415557969,0.96874607,0.343846622,-0.314364732,1.442911376,-0.307450025,0.061975839,-0.488425615,0.599442337,2.39827496,-0.710335308,1.247039553,0.176377749,-0.219369971,0.801253082,0.018946968,0.483962167,-0.886818201,0.639112133,0.48855692,-0.475602656,-1.008569364,0.13529512,-0.70734836,-0.260946647,-0.04575343,-0.841358327,-0.68497002,0.631826097,-0.806162244,-0.8693401,-0.638212889,-0.898092619,-0.342055692,0.810931923,-0.837393808,0.322864758,1.957464762,3.900265221,-0.328856528,0.990971091,-0.661541471,3.960646938,0.088366271,0.017455573,0.513679061,1.733748726,0.890288829,3.584446559,-0.578466802,-0.891244537,-0.443466058,1.179027242,-0.960124756,0.721243884,-0.818315821,-0.71223319,-0.422777337,-0.223942367,0.66274118,-0.788405715,-0.052884152,0.058701803,-0.7208178,0.858435756,2.582985781,-0.952164998,0.080805945,-0.727648899,-0.081223725,-0.488680206,-0.350343304,-0.975303179,1.117945909,-0.735659319,2.401217277,1.15379694,-0.972108924,-0.120463554,0.259818144,-0.996684604,0.472291151,0.268092698,-0.492222047,-0.733939402,-0.640853787,-0.994370566,-0.407216748,0.627699167,-0.912561737,-0.387805565,0.004292948,-0.573641956,2.02219206,-0.138822881,0.023324156,2.431560999,2.986946364,-0.296602128,0.195680269,-0.927452582,0.018078002,-0.5549053,0.610875348,3.202723759,1.908933302,0.15548508,0.920989667,-0.600940907,-0.132010656,-0.623471688,-0.621313162,1.871101575,-0.645818589,3.336505798,4.337462439,-0.570599435,2.096233287,1.113647356,-0.327806599,0.203584593,-0.206035829,-0.948325928,-0.824818156,1.613305429,-0.884463807,-0.672391939,0.2066681,-0.866582579,-0.928426884,-0.241054142,-0.859593417,0.533492086,-0.31681491,0.048939686,0.351625438,0.886642464,-0.439422171,1.010910619,-0.058926579,-0.349449881,-0.868207589,-0.403953233,0.057221704,-0.5894962,-0.094516878,0.249091097,-0.00673425,-0.778158945,0.025529831,-0.653119177,-0.53103533,0.324277829,0.427291501,0.001784883,-0.40869708,0.491455764,0.887545456,-0.141567103,0.026005035,0.160484984,-0.366888504,0.57412623,0.426636544,1.12082746,-0.440568332,0.079878916,-0.272517138
28.5,28.75,29,A,10,0.547018006,-0.542507187,1.241990736,-0.188239,-0.565407747,0.280793676,-0.397313374,-0.464646306,0.584099085,0.203129194,-0.209371374,0.824028662,-0.325277353,0.276631639,-0.407202473,0.875937512,0.019674497,-0.753564747,-0.584595181,-1.031670794,-0.585762312,-0.655517015,-0.60717264,-0.40841489,0.282894571,-0.087112123,-0.416832853,0.564053709,0.972957496,-0.180724013,0.308503201,3.32773058,1.529048344,-0.911381331,0.05188281,1.248992229,-0.437048347,-0.547982053,-0.562862109,1.204812332,3.256510177,1.972377696,5.057292526,0.322464905,0.176446739,-0.397510446,-0.062366981,-0.576604392,-0.5039292,-0.079221239,-0.786614852,-0.474230175,-0.730350859,0.043276343,0.154182744,-0.479543348,0.519128159,0.227202605,0.626766184,-0.735576148,-0.2419494,-0.774934701,0.063079948,-0.291428912,0.022421114,1.358604876,0.730937123,-0.639273386,0.455787642,1.669851383,1.8619717,0.567647985,-0.115451721,-0.636865107,-0.94780107,-0.214868715,0.172661628,1.876900901,-0.680171015,-0.814055451,1.39836178,-0.916000455,1.260977853,0.036967038,-0.950351475,0.127792822,0.047032408,0.395340524,-0.514430039,0.239198628,3.062785066,-0.851800645,-0.100695692,-0.422220691,0.552564733,-0.242963412,0.196904698,0.199036447,0.389529458,0.210352776,-0.644535047,-0.462326761,0.645695264,1.856477568,0.086951703,1.333683586,0.875559729,0.159330422,-0.723616984,0.729437212,-0.065990864,-0.47797179,0.27638956,-0.131439464,0.92412664,1.724828216,-0.323562033,-0.365999302,-0.69677042,0.53746147,-0.777249501,0.854261738,1.400332251,0.219026674,2.816741213,0.512958369,1.222856414,1.794392812,0.636542568,-0.69472982,-0.620554737,0.623505454,-0.331244931,0.486170181,0.344652019,-0.786341557,-0.908510833,-0.612956434,-0.959566094,-0.765454447,-0.742421771,1.821088408,1.320014843,-0.493080467,-0.748249623,-0.017950903,-0.706901668,0.466161074,0.995140152,-0.447538998,-0.888144617,-0.101349865,0.692002414,1.534050244,0.327084247,1.201165974,0.595225725,0.323058163,0.418810466,-0.38895464,0.069891708,-0.131540961,-0.112163007,0.521169566,0.916545979,-0.163575935,0.235309569,0.106996914,0.112488908,0.299349274,0.385665669,0.140107202,0.798513272,-0.353030138,0.144626105,0.371294811
28.75,29,29.25,A,10,-0.160755015,1.292331197,0.781850543,-0.410037893,-0.681325992,-0.63351387,-0.950975402,2.770380421,-0.369589548,0.923505386,1.744146944,0.650475924,-0.128628651,-0.699705725,-0.140638624,-0.757748898,1.071310006,7.385098869,-0.005747391,0.313084711,-0.933794601,2.808674462,0.562744774,-0.81441824,-0.734742371,0.03316892,1.477187428,0.279986013,3.201130323,-0.203092122,-0.600263222,-0.376838129,-0.749850915,1.704070065,-0.355993669,-0.938200712,-0.879107802,3.326470253,0.269569934,-0.054564457,-0.516460636,3.508967095,-0.006496664,-0.781734782,0.78065159,-0.504883958,-0.351429843,-0.706661293,-0.388779293,2.731772975,1.080015541,1.427249351,1.462654842,-0.496767014,-0.232044512,4.061021968,-0.802799244,0.790409908,0.236460239,3.195836308,1.298884187,0.091729538,-0.224145339,1.858661588,0.60648585,1.282859911,-0.484006804,3.533826872,0.27361214,-0.873650031,1.583477652,-0.315371355,2.741947215,-0.849324001,0.31203085,0.449957784,0.825916078,-0.508496927,3.6787391,-0.204906474,-0.259294881,-0.891803494,-0.179992973,-0.515213621,-0.717406392,-0.857632768,-0.231276108,-0.107251932,0.128057867,-0.462876148,0.278127583,-0.782741136,0.941375368,0.196627576,0.161558476,1.531342737,-0.628878226,-0.568700712,0.261987109,-0.752755783,-0.684980248,-0.578007379,-0.361546785,3.23154604,1.213774595,-0.92498447,-0.4191795,-0.013388657,1.214955388,-0.098024986,0.226596914,-0.716785789,-0.355222366,-0.407216866,1.445702995,0.216985179,0.685630329,0.127106172,-0.418209911,0.673746687,0.478695501,0.901127395,0.298656837,3.189664798,-0.332618476,0.159342163,1.223461355,1.932547178,0.884866,-0.80452976,2.344113584,0.453813813,0.65076589,-0.404929841,0.743274209,-0.935241534,-0.507750436,0.622304589,-0.913975422,-0.243095025,0.886849826,-0.525922616,0.52432421,2.661858486,0.546296864,-0.044752478,-0.67119405,0.898075649,-0.409804586,-0.794659491,-0.550942745,1.470654474,-0.710947181,0.43418061,2.431579916,0.074192799,0.477678652,-0.004674079,-0.577412737,-0.012764285,0.256186983,0.943164717,0.567684459,0.134529135,0.376494519,1.072203739,0.736425791,0.771396992,-0.409469045,0.063794299,0.2580164,0.147833334,0.793121299,0.180927983,0.307107181,0.303154542
29,29.25,29.5,A,10,0.006630696,-0.083049571,0.127183694,-0.134936872,0.086772554,0.346598549,-0.43648122,1.008157402,0.063365399,1.542447016,0.358902798,-0.50307719,0.376541186,1.126224066,1.144596038,-0.882583943,-0.837277115,-0.087021382,1.830205341,-0.836916933,-0.490377632,1.189084304,-0.859556471,0.589268632,-0.695675625,-0.717812554,-0.390864003,0.694204039,1.252962707,-0.438459631,-0.304606134,-0.771434089,-0.215456577,-0.331721658,-0.971121783,-0.064061381,-0.726478842,-0.571606632,-0.926427961,-0.245278874,-0.418119183,-0.106934329,-0.449095349,-1.033648087,-0.184852571,1.113772354,-1.025767143,-1.102231781,-0.970210265,0.031188729,0.5286949,0.319742088,-0.025834395,-0.556957614,-0.18818664,-0.01061899,-0.737316471,-0.013655165,-0.84569932,-0.926916885,-1.089287904,0.562276426,-0.746334596,-0.605069357,-0.64415235,0.157763075,-0.470886402,-0.731946451,-0.684458026,-0.966702597,-0.93732153,0.723396563,-0.357920755,-0.303767665,-0.500422747,0.549476566,-0.644346319,0.394154592,-0.658287008,-0.264010291,-0.206199511,-0.536086945,2.560237068,-0.657561424,-0.961197691,0.929028119,0.531107028,-0.461534312,-0.759303456,0.053467237,-0.896465807,-0.602715289,-0.508609722,-0.763029967,-0.656946206,-0.676406511,-0.701350094,-0.587992895,-0.917022083,-0.56522808,0.413587221,-0.268611711,-0.228228323,0.279729165,1.020228948,-0.65071895,-0.33721454,-0.783694048,-0.820543397,-0.693958319,1.436027608,-0.845186639,-0.338694378,-0.799486674,1.494345717,1.277448192,0.03159141,-0.779342024,-0.37682735,-0.012977999,0.072364721,-0.072375559,-0.980095124,3.997420071,1.335357656,0.213282715,1.993641027,0.916356429,-0.825505131,0.085632811,-0.499327556,-0.860737961,-0.325949574,-0.821196684,0.874735765,0.018265456,-0.846454379,-0.859956609,-0.088668543,-0.683963856,-0.292813421,-0.757888377,0.03779571,0.871961244,-0.423346057,-0.457011863,-0.55107152,-0.520737677,-0.788710786,-0.921974991,-0.544835015,-0.442448901,0.203058523,-0.245288332,-0.513719769,-0.610904556,-0.512128851,-0.954708752,-0.214633613,-0.046144445,0.252668765,0.168959287,0.013277377,-0.512819393,-0.414589763,-0.245674849,-0.521879818,-0.199904859,0.049195611,-0.687576665,-0.206942395,0.108689786,0.673607962,-0.409325394,-0.380379774,-0.388175371
29.25,29.5,29.75,A,10,-0.34041234,5.314575542,-0.669647793,0.172055616,0.356887666,0.013910011,-0.792774418,1.207074127,1.813511955,2.324013215,3.043196559,4.714925848,-0.054020786,0.607704629,-0.229548847,0.332950723,0.04970774,0.525480366,-0.427522061,-0.913194691,3.610336742,2.056937525,4.558922008,0.559985617,1.32517069,1.386937996,-0.70023815,-0.845335245,-0.55940782,-0.108036627,0.295129868,0.413212768,-0.346287247,0.713951164,-0.540025054,4.576193756,1.808313886,-0.0044168,-1.010018379,-0.432017368,-0.585883298,-0.915829715,-0.822686181,0.764420785,-0.668112809,1.748388206,-0.748851455,-0.327776744,-0.940292534,-0.666928072,0.072803133,-0.960396928,1.321040653,0.079307307,-0.241414074,0.131713138,0.421403975,2.218733224,1.738409343,-0.490217422,1.398215964,-0.111639473,1.260997039,-0.629547333,-0.234432079,-0.407607464,0.170385719,-0.467312432,0.29477216,-0.661495886,-1.013460934,3.049726053,-0.035099884,0.227940983,0.423898992,1.069395405,2.827133846,2.265439327,-0.133224317,-0.48488289,1.925293472,-0.954119806,-0.879048043,-0.401124032,0.439380381,0.14030041,6.291427372,0.708963577,-0.062252911,4.540006544,1.591684206,-0.77526413,-0.583062162,0.027936884,0.264531303,0.600524702,1.288705259,-0.558163596,-0.659542466,0.460066194,0.954262722,1.382176084,0.880659143,0.55221017,1.211478545,0.256350996,-0.940963461,0.764491291,0.908523296,-0.713751765,0.171216633,-0.129477476,-0.745231498,0.969325482,-0.360914505,0.375214438,-0.574581447,-0.644255838,0.214795611,1.445347673,0.427504517,-0.458533663,0.085199134,1.418601346,0.888170968,1.063507174,-0.722661346,0.933776578,2.690928653,-0.802680418,0.097062643,0.724511009,0.603783222,0.131260364,1.960818554,-0.15592097,2.502340437,0.684906696,0.014116754,-0.570178342,-0.114609148,-0.785910588,3.152381566,-0.8233184,-0.573789565,0.226339527,2.38925797,0.009640484,-0.605665537,0.836388549,-0.536588913,-0.069951936,0.8367079,-0.507596553,-0.083419329,2.891800633,3.138312112,-0.869798607,5.186107175,-0.115943444,0.939919358,0.764967948,1.128527274,0.547403659,-0.316355182,0.429138235,0.061233621,0.819686658,1.174882697,0.165741619,0.525543702,0.072143907,0.552381294,0.599270037,0.371071486,0.986962904
29.5,29.75,30,A,10,1.962641248,6.497664751,1.746105863,1.624063298,-0.240269442,0.621663441,-0.697343097,-0.45321456,1.080105104,0.999755157,-0.622708943,0.881838322,-0.785439174,-0.685366347,-0.120483264,-0.302541147,-0.072226212,5.407003938,0.321483631,-0.507281331,-0.551238213,2.266744187,1.53412733,0.079854886,2.870754579,-0.747389742,4.095397666,-0.488408202,-0.510360279,2.613378207,-0.756383714,-0.001723922,-0.546551474,-0.42382471,-0.921856562,1.380812751,0.415456017,0.951009053,-0.190532744,1.528192248,0.126348582,4.46432017,3.085611097,0.523310555,-0.630764461,-0.350565732,2.380298453,1.561086023,-0.728528604,-0.804694204,0.247526625,-0.29646663,-0.89565044,0.74865467,-0.104313508,-0.572909309,1.330566473,2.995091718,4.413995364,-0.55389154,3.267147984,-0.422195751,0.287084925,2.652252602,2.096057769,0.796787741,2.42071152,1.420539487,1.069422161,2.622382585,-0.402959043,3.112307778,0.828242501,0.71006822,-0.433341725,-0.371856581,1.265424217,-0.321603556,-0.339371022,-0.803185327,-0.519276032,-0.261450747,1.005965082,1.66215997,-0.209776119,0.604195857,5.812456302,2.045147018,0.992170756,2.30611311,3.82869985,-0.763672018,-0.444128186,-0.94106353,3.498421645,-0.44663706,-0.482152495,-1.06652117,-0.364550574,0.796677966,-0.700031837,-0.487494617,0.549170967,1.545807867,-0.801874961,-0.30052668,-0.240057723,-0.476587953,0.447586397,-0.626695816,-0.496819998,0.391541095,-0.943406638,-0.461245991,0.268059094,0.145562171,0.371125807,-0.097068436,-0.268131548,1.659753261,-0.873455884,-0.828188523,-0.450971093,-0.165906954,0.007894737,-0.787613503,0.123754707,0.069961999,1.467040987,-0.325705544,-0.860045082,0.595108896,-0.806751427,-0.19815851,-0.232169063,-0.707817236,0.173421527,0.155179999,2.367346693,-0.55341297,-0.251601331,2.689026726,1.670937279,1.693156506,0.061930353,-0.648956601,-0.51134152,-0.442223149,0.671824997,-0.231303596,0.858859957,-0.935842893,0.274496082,0.014189377,-0.498918719,-0.602838364,0.405771767,-0.582707301,-0.026985678,-0.287865878,1.314117176,0.351427947,1.116286042,0.143459694,0.962642188,0.731260342,1.621019102,0.324372546,1.34377052,0.361507443,-0.109070436,0.056936882,-0.176318907,-0.006729717,0.470144966,-0.138184165
29.75,30,30.25,A,10,1.663854825,1.415709912,-0.780240562,3.171143238,-0.506445077,-0.484998904,0.132081424,-0.653413215,0.604174518,0.262361378,-0.779332327,0.575429985,0.353951361,-0.400815448,-0.790243111,-0.134122476,-0.46192932,-0.646419334,0.952430252,-0.62391066,0.52840165,-0.318549399,-0.926017245,0.502357327,-0.342924651,0.787781025,-0.515645498,-0.71045427,-0.407779584,-0.841605096,0.466284671,0.558354865,1.141868052,-0.615886292,-0.529695844,-0.864262715,-0.813368782,4.57621092,0.843741182,1.808043796,-0.223445207,2.245603165,0.372168022,0.485037122,-0.879048699,-0.537061502,1.092761367,-0.6635491,-0.496294741,0.820864466,-0.881825977,0.360655643,0.185996552,1.163422077,-0.683065719,-0.515416321,0.62526481,-0.434678832,-0.060286022,-0.086878684,-0.514945276,2.065316917,-0.329689508,-0.192117291,-0.589829098,0.169885329,0.398762616,1.988061153,-0.652133077,0.289478676,-0.764004933,1.5502373,0.673069639,0.428220285,0.721656042,-0.154219219,-0.174881539,-0.239564318,0.528378851,-0.18286365,0.403523899,5.051384655,-0.865958253,-0.374790174,-0.597371011,-0.571065377,-0.481033294,-0.594979702,0.056817838,-0.072717159,0.954771682,-0.706376713,-0.951541121,-0.761540946,0.364166721,0.156845904,-0.575931719,-1.047243487,-0.441182547,-0.254297015,-0.70753326,0.033505853,-0.842938254,0.099759089,-0.891117452,0.290460227,-0.281650105,-0.664796116,-0.470806657,3.86258888,0.499245869,-0.307218471,0.828681211,-0.216770125,-0.724357188,-0.672330146,-0.86419081,-0.537199653,-0.889550136,-0.8561713,1.298485428,-0.011616836,1.318409435,-0.325431172,2.09355127,0.087927822,0.153889413,-0.579675941,1.235965985,1.669910286,1.394452868,-0.951731574,-0.616355481,-0.666034755,-0.190632267,1.348251908,-0.849069413,2.539069201,1.207909331,-0.299441901,5.082510059,-0.809425266,-0.120230041,5.490603261,-0.288396057,-0.63119203,-0.702243287,0.737098065,0.331953076,-0.679584872,-0.285511664,0.77611064,0.298885618,1.703880205,-0.340502442,1.522176222,-0.562622155,-0.456720178,0.58399719,1.286261987,0.482422754,-0.195496108,-0.224443574,0.657128985,0.221703489,-0.032681247,0.263279044,0.238602846,0.195381142,-0.326232924,0.04274722,-0.373986075,0.694141569,0.291641792,0.841109291,0.452595542
30,30.25,30.5,A,10,1.942760054,0.092822201,-0.805512092,-0.088032822,-0.475485092,0.153410743,-0.961455341,-0.539310158,-1.021557949,-0.093103944,-0.36872478,-0.477745538,-0.434458807,-0.099174526,-0.416743975,1.411116309,0.643138349,-0.528577085,0.336713178,-0.467392723,-0.580343506,-0.46653081,-0.645062116,-0.136803561,0.504921046,-0.301410215,-0.866691442,0.002371799,-0.761753009,0.450384315,-0.605976911,0.089528554,0.530972106,-0.462779755,-0.485216201,-0.885943403,-0.444927577,1.512596359,0.557955017,0.421277877,-0.54129573,0.54358483,-0.386909301,-0.76687212,-0.146423652,0.256843102,0.460342964,-0.363566286,-0.649493034,-0.780791541,0.661029041,-0.152985461,-0.752682643,-0.76065519,0.756137258,0.985037962,-0.576172018,-0.686361134,-0.709660586,-0.290378812,0.084496122,0.722749314,0.463702883,0.630011316,1.549481568,0.451689199,-0.775243374,-0.788180288,-0.708182812,-0.583343393,-0.575577106,-0.127324263,-0.601601744,-0.714076696,-0.483440383,-0.175407974,0.77156113,-0.267026878,-0.055506059,0.116622026,-0.531858777,-0.439418569,-0.428731288,-0.923333835,-0.759718108,-0.410637854,-0.920992802,-0.314316382,1.767707564,-0.144608215,-0.531233174,-0.500454774,-0.527175499,-0.956964514,-0.911328256,-0.503108982,-0.601348766,-0.682832872,0.552637815,-0.626197534,-0.35360619,-0.460743924,-0.767938212,-0.801274263,-0.331507471,-0.392951434,-1.019166306,-1.002417287,-0.714927945,-0.549899534,-0.189056916,-0.37946768,-0.681415351,-0.939316551,-0.608735134,-1.046343869,-0.313800882,-0.484392065,-0.140142887,0.008110791,0.396411026,-0.590414587,-0.73112232,-0.965153993,-0.649182837,-0.111708667,-0.473874481,-0.447643811,-0.800301765,-0.872237737,-0.728858518,-0.560817316,1.464622662,-0.451777128,-0.822200415,-0.729108575,-0.546599992,-0.167183996,-0.897002544,-0.786052028,-0.027092842,-0.795525177,-0.790917515,-0.501116588,-1.051793689,1.681473573,-0.351380977,-0.292074928,-0.482124864,-0.560995664,-0.566463755,0.426405439,-0.89407555,-0.820623106,-0.882218837,-0.703425638,-0.744525523,-0.718659207,0.638957738,-0.718760949,-0.17954644,-0.04018496,-0.28009175,0.022748607,-0.237458077,-0.152669158,0.104718053,-0.211177795,-0.310590827,-0.528800656,-0.639443257,-0.477456054,-0.524522917,-0.422497785,-0.317154867,-0.498338939
30.25,30.5,30.75,A,10,0.477439511,0.034148784,1.118069929,-0.173433353,-0.031922355,-0.160912965,-0.93636249,-0.357084403,0.723571106,1.014022256,-0.586733285,-0.242655384,-0.545543015,-0.808041362,-0.218406226,-0.050158907,-0.683447279,0.12009045,-0.313968422,-0.807158882,-0.281296256,0.360827797,0.843383379,0.544921902,0.409452852,-0.397350838,-0.916382671,0.499159818,-0.268287779,-0.524364986,-0.509856746,-0.367158047,0.49218997,-0.809987556,0.926433717,-0.742252773,-0.707651047,0.792331668,-0.332449874,-0.634803136,0.026949093,1.397999514,-0.690559047,-0.505334432,-0.65767425,-0.559772804,-0.54009606,-0.296502093,0.056053794,0.353344481,0.243824667,-0.099518915,-0.175504615,-0.596472087,-0.718272973,-0.82523934,2.130449706,-0.666051441,-0.21895683,1.535816855,-0.76678969,-0.217741792,-0.575888256,-0.643120689,0.461860889,-0.316437352,-0.993363504,-0.238008251,1.397095637,1.088677036,-0.631414459,1.808796602,-0.241293112,-0.302487534,0.371888666,-0.075306396,0.229401206,1.136967538,-0.270146218,-0.499585384,-0.531265365,0.749384415,-0.834751796,-0.788879785,0.326041726,-0.694906793,-0.814492593,-0.839392299,1.619072265,-0.437246242,1.070607243,-0.19474447,0.759351364,-0.783870422,0.514573839,1.391015662,-0.488763107,-0.031969215,-0.404575267,-0.556704679,-0.71038822,-0.579851379,-0.332126929,-0.621068131,0.029523441,-1.019915249,-0.739724681,0.167848407,-0.59067296,-0.159596491,-0.149217964,0.000547532,-0.231101557,0.296291769,-0.652153279,-0.770338774,-0.929562871,-0.839078587,-0.697497247,1.070749097,0.885521693,-0.343415238,-0.095135002,-0.056577817,4.500437151,-0.186636801,-0.62052678,0.203675419,-0.326490655,-0.780701479,-0.104685298,0.156143851,-0.272415123,-0.537087424,-0.93732297,-0.363598289,-0.444974514,0.723291053,-0.403829892,-0.934951561,-0.793840117,-0.627981682,-0.114172178,-0.70769852,-0.859401933,0.7222792,-0.897863103,-0.630864577,-0.704064037,-0.243011824,-0.285122131,0.174294,-0.581878199,-0.936466854,1.164824108,-0.831283215,-0.714125487,-1.098237598,-0.358238493,-0.78086784,0.170753602,-0.413602231,0.027006322,-0.189320382,-0.14155918,0.061007503,-0.080371597,0.152682091,-0.224643647,0.127492095,-0.455597219,-0.290136188,0.318015049,-0.311943017,-0.485661877,-0.424710171
30.5,30.75,31,A,10,0.075090188,-0.898212213,-0.808160005,0.48956113,-0.892175152,-0.837861317,-1.00382704,-0.82686927,-0.965007023,-0.800564031,0.384075393,-0.705599455,0.106915275,-0.350611809,-0.351339743,-1.014864793,-0.295696639,-0.776534292,-0.62891981,0.170379132,-0.272929817,-0.209227887,-0.720781206,-0.532922935,0.049923895,0.048390429,0.442174761,-0.155119965,-0.604218554,-0.362529828,-0.600649277,-0.169933856,0.501215937,-0.338097433,-0.859942159,0.117482346,-0.439180345,0.440332332,-0.016281825,-0.551826416,0.192449767,-0.627958286,0.076484612,-0.345952066,-0.267061911,0.915292488,0.138415683,0.122000137,-0.38364301,1.93101965,-0.383573927,-0.62169396,-0.526493321,-0.555026013,-0.889841602,-0.707703377,-0.923196637,-0.996368935,0.266059633,-0.911263199,-0.198866125,0.400778212,-0.717911678,-0.866915796,1.353840432,-0.831189294,-0.908508111,-0.655949653,-0.908130877,0.239894839,-0.632566874,-0.043127007,-0.670848725,0.118456136,-0.84664904,-0.717692396,-0.976794817,-0.771388068,0.348925735,-0.587835474,0.200230212,-0.31515212,-0.876120197,-0.476188815,-0.214478039,-0.513325797,0.995529368,-0.854280742,-0.562996645,1.727799698,0.041690015,-0.607034692,0.068259921,-0.506100434,-0.931956396,-0.286543873,-0.877238571,-0.330480653,-0.779820172,-0.855848149,-0.718850838,-0.681581841,-0.751995169,-0.182264216,-0.972102358,-0.464802576,-1.032547344,-0.755454736,-0.745354825,-0.373319931,-0.563070284,-1.094829567,0.387009184,1.434985608,-0.240884355,0.009405774,-0.518732417,-0.127828949,-0.51705096,-0.688964671,-0.387760467,-0.367989022,-0.749388677,0.712705195,-0.190190534,0.583587822,-0.816745212,-0.939720718,1.052553223,-0.64542187,-0.904628479,0.123688739,0.43974574,-0.830293497,-0.715898273,-0.614061336,-0.896945486,-0.399244571,-0.835002979,-1.006975696,-0.416240778,1.350664447,-0.853498384,2.7789912,1.155267351,-0.555827696,0.055884391,-0.252106455,-0.298106682,1.205519127,-0.831604932,-0.774512065,-0.887648941,-0.698103178,-0.849885144,-0.118885356,-0.864887997,-0.335811027,0.468197027,-0.056959769,-0.646802473,-0.346219674,-0.231724111,-0.19168807,0.175104707,-0.624910134,-0.309295805,-0.477952053,-0.088898308,-0.5065073,-0.667827384,-0.191996064,-0.174837026,-0.563961584,0.417054652,-0.495010138
30.75,31,31.25,A,10,-0.556026371,-0.529576624,0.577905621,-0.33039058,-0.385158606,-0.477769101,-0.942152934,0.586128309,-1.005906743,-0.604640266,-0.9721976,-0.64085432,-0.323242459,-0.824822553,-0.833319223,-0.427782659,-0.805643302,-0.279456535,-0.690319625,-0.604151412,-0.045752432,-0.25544772,-0.783137894,-0.628896397,-0.927501129,-1.02962073,-0.017428129,-0.364855243,-0.36575737,-0.329006167,-0.306352722,0.575600644,-0.314234061,-0.663756454,-0.869686983,-0.943895163,-0.246462395,-0.771143347,0.179981124,-0.543132942,-0.863994338,-0.484372971,-0.843103704,-0.34968191,-0.506753078,-0.371236085,-0.908574857,-0.497423586,-0.781037057,-0.407584725,-0.722785012,-0.681808532,-0.267827423,0.061536538,0.356769959,-0.097611232,-0.915578087,-0.883632566,0.162390353,-0.34196198,-0.761329935,-0.441036548,-0.683420442,-0.583711068,-0.647205827,-1.112608972,-0.605042489,-0.620134894,-0.777776389,-0.598480959,-0.947025977,-0.857746126,-0.578777105,-0.593115756,-0.552569314,-0.629923792,-0.616902801,-0.868304922,-0.883003558,-0.819320548,-0.943167427,-0.077242832,-0.939144541,-0.421759002,0.431930678,-0.139827373,-0.60523035,-0.357404603,-0.496075114,-0.220027951,0.472844114,0.243069051,-0.115167157,0.365582572,-0.920102482,0.022982177,1.203637143,2.383588366,0.561682747,-0.817790505,-0.437918858,-0.689124205,-0.784943294,-0.559691786,-0.209059997,-0.303096894,-0.988417343,1.799809051,-0.456038528,-0.70386637,-0.757987709,0.159399827,-0.9918949,-0.827122447,-0.455658495,-0.611536416,-0.365766568,-0.516662179,-0.595503763,-0.527149835,-0.331590361,-0.889192294,-0.764888216,-0.242420068,-0.519077574,-0.875012711,-0.151960349,0.357687056,-0.619820687,-0.550693848,0.655784459,-0.037645244,-0.689181352,-0.665918442,-0.749352677,0.31129366,-0.610420156,0.186107354,0.26631211,1.662796134,-0.53335159,-0.513776608,-0.192320395,0.746975632,-0.869257735,-0.759348754,-0.694611608,-0.588220797,-0.232941494,-0.567704266,-0.25700804,0.379476201,-0.944753679,-0.610547857,-0.085603386,-0.243745275,-0.690040075,0.286236932,2.039574849,1.470257757,-0.36675873,-0.640178969,-0.474740321,-0.39030823,-0.601376231,-0.333050798,-0.683074752,-0.73466899,-0.376794852,0.340032603,-0.333234822,-0.548988249,-0.458696905,0.032977585,-0.420455762,0.134384743
31,31.25,31.5,A,10,0.598219915,-0.521513877,0.606416299,-0.432149048,-0.277641895,0.572509165,-0.951452691,-0.674320555,-0.640578183,-0.595149127,1.176847476,0.598503408,0.203540443,-0.83670372,-0.330163082,1.762671905,-0.440891653,-0.703791015,-0.623226854,-0.612559601,0.245100501,0.336063208,-0.852611399,-0.721583575,1.235204189,-1.11009861,-0.295128681,-0.452231412,-0.410929144,-0.636463482,-0.678424419,0.219197221,1.222494903,-0.642934919,-0.730883949,-0.081343578,0.893718515,-0.00643472,-0.254409849,-0.595613122,0.090474512,1.41774354,-0.886742479,-1.163321654,1.726711447,-0.864920141,2.761617276,-1.007765624,-0.058852339,0.609758445,-0.031879711,-0.669860679,-0.165621458,1.095956877,-0.478886057,-0.476084829,-0.684691771,0.538647903,0.368263735,0.295049533,-0.917680449,-0.337245331,-1.018538362,-0.732753204,1.190840958,0.785042004,-0.089224831,1.909571628,1.358995405,-0.727392034,0.556104802,-0.309311978,-0.399379872,-0.282751427,-0.920770532,0.692897236,0.358077815,0.013308847,-0.573310637,-0.796730624,0.175107043,4.072006208,0.479165923,-0.057071743,-0.818572712,-0.124383859,-0.788550249,0.573625815,-0.656756225,-0.347826307,-0.043624596,-0.444350372,0.130887085,0.403693724,-0.48738263,-0.829572222,0.312454819,-0.09004362,-0.482340198,-0.840749028,0.132112423,-0.055548929,-0.314089758,-0.293956576,0.016087278,0.737582323,-0.156378598,-0.254160173,-0.882272665,-0.91832243,-0.616505277,0.646189235,-0.95222517,-0.51254489,-0.883973302,0.867085208,-0.730955059,0.757793714,-0.726392417,-0.350288341,3.706929709,-0.713819441,-0.525652923,-0.779407695,0.918004293,-0.713779471,-0.515512004,-0.647059472,0.535545437,2.648306816,-0.656870642,-0.529137476,-0.291930944,-0.924364448,0.309741105,-0.393139329,-0.950461503,-0.41543876,-0.12428859,2.130289611,-0.525417927,-0.780237731,-0.978608381,-0.149502675,0.566048277,-0.024966295,1.501406454,-0.812139919,-0.60114486,2.145335235,-0.834295963,-0.703713969,0.203367121,-0.868760578,-0.819069334,-0.90693853,-0.797721566,-1.022763711,0.001983546,-0.6536739,-0.231566,0.019422731,-0.26626784,-0.065463392,0.262470298,-0.020910646,0.142161578,-0.166186637,0.250674389,-0.237102704,-0.198894711,-0.25018163,0.391355525,-0.184560098,0.034077218,-0.640158688
31.25,31.5,31.75,A,10,-0.465994966,-0.68650322,-0.55527991,-0.736178706,-0.901840374,0.526134708,-0.718695619,0.585813597,-0.634200037,-0.912888523,-0.448451529,-0.599978784,-0.308511996,-0.655371297,-0.210903104,-0.379415608,-0.945394918,-0.827015893,-0.845739399,-0.765066854,-0.391312592,-0.571419733,-0.976773138,-0.59330454,-0.530118205,-1.078723406,-0.188753708,-0.767709748,-0.438979278,-0.895648932,-0.787515484,-0.50070928,-0.435877862,-0.458166632,-0.242040661,-0.124429497,-0.873342286,-0.275237743,-0.769176353,-1.011678579,-0.982687443,0.564288196,1.69867585,-0.802709673,-0.729963331,0.228433399,-0.936052305,-0.53408273,-0.970948785,-0.109707201,-0.816723701,-0.873985624,-0.484803776,-0.774772176,-0.403859172,0.007715097,-0.925093298,-0.317863691,-0.384733959,-0.835226606,-0.497225431,-0.894351491,0.36299712,0.290892018,-0.239386901,-0.968347851,-0.636455768,0.166590559,-0.598759041,-0.607323443,0.041046279,-0.954450538,0.345116316,-0.967020792,-0.894406404,-0.238657624,-0.712191048,-0.828915309,-0.76198298,-0.48061518,-0.941051864,-0.835916855,-0.775839929,-0.970549613,-0.758449179,1.783043147,-0.745382232,-0.789183518,-0.981832231,-0.951361797,-0.36211067,0.024363787,0.679033428,0.281779125,-0.745633249,-0.527653927,-0.4956957,0.383000766,-1.092459338,-0.827946898,-0.499445648,0.56162168,0.25391531,-1.005386263,-0.297233323,0.267571315,-0.870187529,0.037337166,-0.61265936,-0.965849985,-0.174897259,-0.841177882,-0.560764438,-0.973090884,-0.774974524,-0.429005849,-0.850281468,-0.661699968,-0.643178626,-0.984911424,-0.197189567,0.154957191,-0.911461675,-0.934721208,-0.840488241,-0.34217095,-0.810981636,-0.701954785,-0.256833863,-0.553068751,-0.414386627,-0.711292038,-0.952244097,-0.762995549,-1.008952522,0.072598987,-0.67153266,-0.893494502,-0.404136167,-0.549841532,0.052154913,-0.557683044,-0.508986932,-0.794388328,-0.677652264,-0.56383747,-0.719740378,-0.142652009,-0.600109629,-0.748388666,-0.437969091,0.202324767,-0.55779565,0.101316767,-0.538166077,-0.890633045,-0.479532873,-1.032049234,-0.792162386,-0.269456114,-0.449963305,-0.598584938,-0.643274328,-0.547817438,-0.257475402,-0.580934691,-0.362137023,-0.545207728,-0.596652407,-0.268332268,-0.313031664,-0.689398232,-0.539391348,-0.629627671,-0.526128381,-0.469412294
31.5,31.75,32,A,10,-0.537064931,-0.343660189,-0.020014888,-0.164311733,1.54174747,-0.481890823,-0.8009887,-0.135589266,0.297944212,-0.90568925,0.61749319,-0.90763493,0.09196947,-0.139648992,-0.421349079,-0.888773294,1.615790685,-0.631179433,-0.618077467,-0.949912288,0.251217244,-0.035896229,0.986459557,-0.741708529,2.19890779,0.101316628,-0.894285559,0.732245779,0.258760894,-0.398229361,2.22573832,-0.58937394,0.505550553,1.131098309,-0.021935817,1.793276522,-0.009005401,-0.745438541,0.6456804,1.324894997,1.776577093,0.628765618,-0.312238633,-0.841391914,0.707494014,0.245917462,-0.497898894,1.066415284,-0.756222431,-0.750139593,0.558345348,-0.827708867,-0.692111215,-0.891182548,-0.688330598,-0.55301467,-0.159223705,-0.559355097,1.364204066,-0.178831261,-0.761314883,-0.554007156,2.036125376,1.83320058,-0.088366596,-0.093204649,-0.847987649,-0.5709081,-0.856621287,-0.96150176,-0.072901558,-0.609855981,0.225665865,0.076368048,1.146066506,1.576358006,-0.224477067,-0.752947339,0.38675595,-0.912199452,-0.498758353,-0.627057489,-0.942680847,-0.013379745,-0.919545243,-0.798387773,-0.541257588,-0.164453008,0.46649147,-0.521159237,-0.292657354,-0.31322937,-0.815338529,0.815111034,0.170896763,-0.170054295,-0.639215473,-0.416410664,-0.886465293,0.717022464,-0.319559469,-0.192983064,0.27098882,-0.699771531,0.717787249,-0.351392723,0.797092216,-0.867065272,-0.133009511,1.448764454,1.011740742,-0.907116452,-0.124091791,-0.532004628,-0.990759158,-0.083901774,-0.845483209,1.421228125,-0.019928558,0.859947802,-0.71322567,0.043712337,1.614357604,-0.329193709,-0.467600979,-0.415199152,0.559316378,-0.615029112,-0.44735824,-0.010708779,-0.340301726,-0.527043317,0.223159237,-0.212556003,-0.44357681,-0.486515888,-0.595539572,-0.119859422,-0.776448085,-0.492217681,2.340132441,1.178550948,0.277921585,-0.797581441,0.258655022,0.163973312,0.08240548,-0.588462902,-0.77287765,0.060884413,-0.42403344,-0.261981553,-0.422885477,-0.832901581,-0.670795768,0.041604841,0.186751445,-0.708327753,-0.671709839,-0.61179139,-0.15495181,-0.223132214,0.245878821,0.62604854,0.126727801,-0.262720855,-0.086458612,0.083883298,-0.456018781,-0.183034072,0.067085117,-0.02103689,-0.078092932,-0.377089927,0.220360121,-0.437607051
31.75,32,32.25,A,10,-0.34347457,-0.893485812,0.012544764,0.691269358,1.477925562,-0.687829561,0.139197554,-0.737368702,0.67390953,0.672290254,-0.841473732,-1.04171613,-0.534395373,-0.052937486,-0.944355188,-0.656096604,-0.263414333,-0.200836354,-0.757950005,-0.952797065,-0.345467735,-0.449083032,-0.852075261,-0.258144349,0.503945997,0.708101254,-0.914086605,-0.397801865,-0.162010338,-0.50472381,-0.785836981,-0.811971204,-0.451720578,-1.033482473,-0.23188526,0.753119789,-0.748097058,-0.443684686,-0.588373888,0.86001005,-0.717954115,-0.350071948,-0.84548756,-0.887617472,-0.765407033,-0.855239663,-0.147272234,-0.858834515,0.210578523,-0.230141695,-0.1260814,-0.961169151,-0.687738552,-0.420669126,0.12591864,-0.583785295,-0.188105262,0.161955162,-0.588118028,-0.750899913,-0.309112291,-0.615786279,0.64994327,1.184462043,-0.471730188,-0.227603119,-0.939699424,-0.660475351,-0.328141006,-0.772627843,1.46280814,0.882558803,1.435742287,1.752149252,0.402342391,-0.187967712,-0.857705545,-0.334614464,-0.652808873,-0.547525917,-0.876683184,0.2720512,0.833047157,-0.005808794,1.443694369,-0.061784472,-0.375650153,-0.910450855,-0.206287182,-0.004107654,1.961094425,-0.530894934,-0.852504395,-0.491111253,-0.209611857,1.026632289,-0.256019277,-0.545801118,1.428687548,-0.537314622,-0.107812165,2.633852348,0.122853116,-0.710466206,-0.093951281,0.086506026,0.200415606,-0.123683494,0.499419421,-0.033752683,1.32373559,0.350144637,0.937773848,0.142072458,-0.736070152,-0.646017759,4.688702364,0.101833154,-0.845582475,-0.292209996,-0.765051022,-0.691183752,0.172249892,1.918619121,-0.293717832,0.173249291,1.173276736,-0.875204793,-0.300302915,-0.476577911,0.625432147,-0.244954211,0.177476643,-0.610634296,-0.583548367,1.782390204,0.380292875,-0.55089202,-0.799183022,-0.464497112,-0.77353662,0.928922159,-0.109162488,0.784486957,-0.601369251,-0.826468852,-0.930512833,-0.165956031,1.894786688,0.367490975,0.940595181,-0.795382839,0.232169817,0.999368679,1.688030514,-0.592794196,-0.801392245,-0.120095741,-0.797393695,-0.747799491,0.100497838,-0.624597227,-0.267134574,-0.348192229,-0.544744771,-0.401869293,-0.249077019,0.335497836,0.010802043,0.099315681,0.247338069,0.502438167,0.003535681,-0.028811716,0.05686807,0.000530598
32,32.25,32.5,A,10,-0.560479959,-0.875529179,-0.372701925,0.712642062,-0.058582764,0.409322877,-0.782616251,-1.029647344,-0.341454196,-0.69601675,1.007991594,0.177651166,-0.250292724,0.424279072,0.448093105,0.161030427,0.269582827,1.061974015,-0.186275353,-0.804521194,1.00924059,-0.402748264,-0.623763308,0.258835621,-0.297999923,-0.178875262,-0.18344759,-0.447107215,0.67136292,-0.717844902,0.077908645,0.384173524,-0.403589703,0.256522005,-0.986801251,0.230737654,0.189774638,-0.757923129,0.414637008,0.869430142,1.60710198,-0.936994833,-0.132245976,1.642474197,-0.682596147,-0.505526271,0.821814268,-0.051309236,0.56753787,-0.572964959,0.4277115,1.823296419,0.510516687,0.159632728,-0.226810968,-0.511529482,-0.763270368,-0.686307736,-1.011924195,-0.913955769,-0.598118925,-0.427405619,-0.77972114,-0.813207524,0.170035406,-0.086384965,-0.450875831,-0.501374172,-0.900733757,-0.790650853,-0.328618288,-0.911631304,-0.170627655,-0.319712564,-0.417925263,0.846905579,-1.03241647,1.494024357,-0.894078622,-0.200953855,1.315875835,-0.092881698,-0.579351944,0.031651006,0.118016481,1.345758782,2.432732494,0.090846116,-0.178270603,0.466434159,-0.293962946,-0.67149981,-0.62164609,-1.005387061,-0.522261584,0.491419616,-0.719896833,-0.259205369,-0.568515011,1.100143677,2.115979049,-0.198915484,-0.605867397,4.824965439,2.196774663,-0.137506028,0.641741573,0.505140727,1.140432268,0.412142399,0.086593074,-0.735202419,4.383395335,-0.416425438,-0.948296968,-0.172132398,-0.669599198,-0.530628281,-0.051018422,-0.515493913,-0.669526049,-0.548332733,-0.984431795,-0.922958543,0.620467554,-0.304885002,-0.751831584,0.180813342,0.238619567,-0.47143327,-0.931786175,0.123928689,1.273749683,0.445095107,-1.021922956,-0.809264259,-0.518311576,0.057007996,-0.964967476,0.592887767,-0.201960726,-0.644724325,-0.123075153,-0.105318502,0.13272668,1.670268201,0.487597158,0.923886604,-0.867673423,0.210361804,-0.206174359,1.755442308,0.924187035,3.362433735,2.469420414,0.41262903,-0.505274604,-0.237114693,-0.776819736,0.428010338,-0.359506343,0.230951294,-0.091234733,0.027486953,0.175729089,-0.119264118,-0.517843738,-0.193503408,0.495081063,-0.307081141,1.089488721,0.043119137,-0.361349851,-0.17535832,0.148208832,0.762673947
32.25,32.5,32.75,A,10,-0.10450825,-0.679678243,-0.746165649,0.813798887,0.183611513,-0.525102271,-0.512301379,-0.790403678,-0.617452702,-0.617528778,-0.815541876,1.505689091,-0.48684235,1.91912938,-0.778336604,0.458977962,3.193007723,-0.740631158,-0.073005837,-0.217141534,-0.531619801,-0.262800517,-0.893315163,0.003332322,-0.342311972,-0.008009692,-0.412912855,-0.892596378,0.744400862,0.413187161,0.317594827,0.560907587,-0.896285346,1.544366182,2.94701062,1.337120314,0.389919098,-0.901309518,0.27749302,0.163848909,0.20164999,-0.820464054,-0.136222588,-0.472405795,-0.390446449,-0.457907574,0.048416642,-0.152162681,-0.728169632,-0.878164152,-0.08358326,0.328031612,0.11560509,0.086573787,-0.337724939,1.115257653,-0.005992758,-1.019484311,1.99275664,0.733869967,-0.861547706,0.070009809,-0.007389193,-0.372603821,1.618717483,-0.610485325,0.637447603,-0.33693179,-0.458679535,-0.776209477,0.692528841,0.324966671,-0.0461225,1.153252312,-0.589991886,2.575702279,1.779671863,-0.573864087,0.355015842,-0.1126773,1.849334551,0.134805233,1.81247408,0.081732093,0.900689297,0.423851704,1.27922816,0.07568037,-0.493461343,-0.414461041,-0.79870945,-0.453025013,-0.957611402,-0.906151539,0.970993397,0.256875108,0.32508259,-0.780113373,-0.520994299,0.930554151,-0.138811076,-0.438637069,-0.549185231,0.532762109,0.837582112,-0.376676672,-0.531618683,0.983733947,-0.255466965,-0.011751629,-0.790351652,0.770724893,0.994743342,-0.265239793,-0.886880422,4.090265652,-0.351646514,-0.477192433,3.54411327,0.706333711,-0.745443736,-0.625046221,-0.369174755,-0.88389932,-0.489389062,1.30551987,-0.923281506,-0.812528019,-0.359461975,0.66204113,-0.925775392,-0.976274885,1.011940315,-0.205712883,-0.237045571,1.363837093,0.789126985,-0.317891698,4.44586773,-0.1561368,-0.204899316,0.670041197,-0.005556074,0.971525123,0.704778393,0.275486888,1.021196841,0.410309435,-0.207701376,-0.439039769,-0.883481731,0.454598056,-0.015401522,0.158064556,-0.606824111,-0.631669557,-0.690695532,0.860786572,-0.644497644,-0.4453237,-0.359573055,0.39653048,-0.218264603,0.574066569,-0.378587629,0.292530948,-0.109767195,0.555848204,0.56498731,-0.193309983,0.005193084,0.733487006,-0.32406636,0.479193489,0.319614134,-0.244444461
32.5,32.75,33,A,10,-0.493939368,-0.4678652,-0.345566539,0.091318714,-0.831000761,1.829548517,0.849296614,-0.863954383,-0.558294232,-0.59388085,0.397468756,0.826914183,-0.826094209,-0.665969963,2.101742709,1.535285367,1.101032537,0.261910014,0.488633268,-0.344264219,1.629826784,0.712824442,-0.83346521,0.016934815,-0.548905454,-0.968670126,-0.68940822,0.564203977,-0.314588452,-0.30946006,-0.593370783,-0.40233881,-0.465711644,-0.091118957,0.463117512,-0.283879155,0.156928925,0.77769977,-0.819335079,1.476089877,0.414775981,-0.873777039,-0.550470139,0.776281175,0.19672091,-0.445862763,0.350370728,-0.272901184,0.48842937,0.154374183,0.307648087,0.745996978,-0.438785024,-0.274603752,-0.29826532,-0.291314554,1.231222725,-1.026997959,-0.360282013,-0.530177488,0.429934638,-0.86819374,3.563124476,-0.95145969,-0.354050301,3.155469944,-0.089111691,-0.48108682,-0.177861597,3.703736561,1.711973811,0.278751332,-0.670976594,0.29785753,3.412731527,0.599019367,-1.012196935,0.020548917,0.063779291,0.41852046,2.21870324,0.91566033,0.218493552,-0.0225266,-0.243782382,0.992340654,-0.719662171,0.07492288,5.747359435,0.265152457,3.376789908,-0.289875135,-0.247429262,-0.107726727,0.936808041,-0.74380933,2.417059353,0.058516759,-0.747025182,5.245528524,0.19438603,-0.761970804,2.662607181,1.043248596,-0.22167985,-0.511338317,4.279011996,2.310486368,-0.099561959,0.138085108,0.974223433,-0.078766693,-0.614932514,-0.553677228,-0.267805372,1.37570857,-0.50493337,-0.945125587,0.730635673,4.478761574,-0.007247915,-0.791716725,-0.127516995,0.270899738,0.181464083,0.683487759,-0.031047382,0.786582719,0.738467004,-0.451244408,-1.001385807,-0.192878865,0.35955425,0.684657452,-0.137173287,-0.795506094,-0.821705737,1.367326466,1.039389745,4.969311925,-0.883627676,-0.071175363,0.986783066,0.117177375,0.198894828,6.739058154,1.979157109,0.503557488,-0.562242348,-0.865391434,-0.785015045,0.261692417,-0.556107227,1.18275445,-0.875559596,2.35949559,0.816651345,1.068783659,1.609001724,-0.423830405,-0.138433749,0.487665844,-0.07407075,0.021808166,0.023794122,-0.093555832,0.793050178,0.512000871,0.94466614,0.989883695,0.903327435,0.459408848,0.125212788,0.547159005,0.81421912,0.465786691
32.75,33,33.25,A,10,0.179550267,0.757270396,-0.82021639,-0.234357427,0.447986721,-0.1084408,0.62652924,-0.921514618,0.149860943,0.33807511,-0.854911243,-1.006335995,0.700857272,0.005560686,-0.38114629,-0.478317681,0.087487824,-0.838186588,-0.865703615,0.360021369,-0.138034355,-0.540097272,-0.968587786,0.494248449,-0.160200859,0.093009385,-0.728951591,-0.568415197,-0.687853481,-0.55184245,1.027428053,0.335003853,-0.298868588,-0.93972569,1.023879753,-0.386356261,0.275655884,-0.544003429,-1.073831375,-0.288634545,-0.803394872,1.004931254,-0.77461572,-0.86339624,-0.69142672,-0.456740501,0.038012164,3.050791641,-0.630055067,2.579715199,-0.831880898,1.708419024,-0.117205191,0.881266509,-0.828707564,1.719995189,1.69145842,0.316803845,0.464979217,3.440987585,3.673531755,0.115040296,0.03305974,-0.914789984,0.342047155,4.253305332,-0.821237553,2.058700064,2.370479938,0.542129357,0.752880827,0.734277585,-0.681794102,-0.421131678,0.100118548,0.224367197,2.120650654,1.458172294,-0.817916746,0.650324824,-1.001369852,0.458703532,5.996680871,0.792368232,-0.965476144,2.145636407,-0.448949857,-0.64267838,0.111611942,0.51242744,0.534513041,1.612219734,-0.808913388,-0.582955635,-1.037211003,0.166221506,0.532915465,-0.836126232,-0.91929617,-0.958635062,0.464547221,-0.595046971,1.579178403,0.199261325,0.361471107,0.006106795,2.660235685,3.621387844,0.140995524,-0.441940033,-0.528523494,-0.656372099,3.80996614,-0.220393208,-0.057345029,0.562604593,0.07482099,3.54027096,-0.860407106,1.571347883,-0.810705992,1.790442247,-0.379581382,1.947401412,-0.020827941,3.921682405,0.327812733,1.059261914,0.826426523,-0.165685616,0.297079346,-0.73422064,-0.77312084,-0.501361737,-1.018240475,0.266468537,0.888701811,1.168047757,-0.541858822,-0.689748101,0.026727846,-0.644928386,0.161274287,0.349329707,-0.7875439,0.00972237,-0.920882547,-0.627599522,0.326193441,-0.728603632,-0.550163354,-0.350785692,-0.643550024,-0.80253921,-0.554944306,-0.280336277,0.138164431,0.945034077,3.218226772,-0.608095653,0.041474344,-0.327067426,-0.375672516,-0.086945235,0.245382114,0.844611614,1.16522661,0.41199494,0.695895419,-0.229726774,0.79961969,0.723596963,0.84962263,-0.163825316,-0.283631034,0.051101076
33,33.25,33.5,A,10,-0.526681848,-0.622443188,-0.982000516,-0.637046599,-0.136636612,-0.607957159,-0.57215096,-0.830030864,0.582508816,1.964949352,-0.854765785,-1.006975862,0.209030575,0.994602051,0.038162701,-0.929056632,0.845447372,0.04926877,0.561000819,0.972855383,-0.520955126,-0.538561907,0.455687391,-0.326936305,-0.056154927,-1.053908735,-0.423907549,-0.547047232,-0.184059255,-0.073855323,0.328662076,-0.67072576,-0.86117141,-0.542302778,0.884321461,-0.035776123,0.85338453,-0.705542086,-0.790930394,1.287329677,0.166827014,-0.95748202,-0.581273978,0.657112197,0.174893623,-0.64117834,2.317969161,-0.105295721,-0.027403068,2.2333197,0.477523645,0.940847644,2.052312815,0.124696129,-0.849775811,0.719009756,1.97700522,0.256386212,-1.005086214,-0.959702881,0.637246597,-0.928570247,-0.772127092,0.638086708,1.356346058,-1.008781367,0.060208233,-0.542041656,-0.077884055,-0.136693864,-0.644555443,0.933080595,0.119382315,1.749696423,-0.751448003,-0.511540231,2.244742592,-0.506416925,-0.872853098,-0.37257205,-0.014418628,-0.040547534,-0.547919424,-0.135785211,-0.427545329,-0.317474529,-0.462551111,1.036843849,-0.969662026,-0.523267716,-0.656503234,-0.679364497,-0.330963801,0.462974788,-0.71501945,0.441423616,-0.532897274,-0.104345372,0.19694413,-0.93284094,-0.167707878,-0.678510109,1.210919512,-0.263558481,0.251032725,-0.966318622,-0.61217779,-0.11556984,-0.586876042,-0.869476485,-0.797597532,-0.935130311,0.16715872,0.132072306,-0.134829036,0.088701623,2.439768205,3.03320137,-0.103174984,1.018731608,1.329042887,0.944408649,3.395514592,1.195656534,-0.203500206,-0.246096142,1.107834467,1.080016427,-0.323900701,0.639839778,-0.674448182,-0.973106187,-0.319591673,-0.519720875,0.230982648,0.13474242,-0.780181116,-0.207774257,-1.037579373,1.034235293,0.297659379,0.068435186,2.486223004,0.069125274,-0.1894921,1.25668926,1.187435811,0.854692491,4.193602217,-0.72452363,-0.841231736,-0.71884246,-0.482272457,1.531574019,2.635636472,-0.899970866,0.393353498,-0.025367179,0.3527048,-0.02105068,-0.236748958,0.087956939,-0.326969897,-0.025275081,0.323748857,0.373321651,-0.077421068,0.138751617,-0.240232766,-0.285059203,-0.279824301,0.490890197,0.891881628,-0.31124413,0.949984689,0.192453341
33.25,33.5,33.75,A,10,-0.315637343,-0.201756705,-0.052704945,1.692634019,-0.111548872,-0.858504957,-0.732044271,0.300695024,-0.81634111,-0.830380705,-0.360145006,0.954667033,-0.411372873,-0.656534403,0.898795745,-0.669234889,0.701928703,-0.177607516,-0.795912359,0.112410201,-0.345121786,1.963584999,2.775737293,-0.421089432,0.197830577,0.452036359,-0.561997274,0.023166055,-0.228266025,-0.226170327,4.502443905,-0.043102947,0.127996447,-1.077508077,-0.664438536,0.292861435,-0.705338991,-0.906756434,0.062683914,-0.319448269,0.647129637,0.230935902,-0.566367665,0.370535191,1.988865202,-0.537354617,-0.451401144,-0.520583222,0.624877641,-0.94750677,1.580773227,-0.443199537,-1.055751036,-0.909279469,0.511848465,-0.426116541,0.732483189,-0.081836204,-0.478083078,-0.394054869,0.709729959,0.592817529,-0.705405839,-0.662616225,-0.514900982,-0.705542982,-0.507686656,-0.650306148,-0.094216825,-0.528272295,-0.953489612,0.276519928,-0.791068037,-0.728246073,-0.084634196,-0.890808347,0.259571788,0.560756095,-0.465734418,-0.584393965,0.051274182,0.273929073,-0.501727125,-0.282809852,-0.298385674,-0.119819933,-0.728192728,-0.00287785,-0.46250639,2.429821588,-0.847840342,-0.498077969,-0.714938214,-0.862223358,-0.919205062,2.717909455,-0.028148856,0.186842529,1.482735774,-1.035368769,-0.091211857,-0.148073593,-0.370866771,-0.715064947,0.369601854,-0.976200531,-0.679100989,-0.444493598,-0.484997622,-0.892557741,0.326238528,-0.444038725,-0.592717497,-0.194100199,-0.586365731,0.476321275,0.043080523,-0.200456632,-0.451720268,-0.592183623,0.054824784,-0.744736106,-0.572204413,-0.084092791,-0.09528234,-0.835005425,-0.089520329,-0.868577473,-0.903478564,-0.0652622,-0.412876257,-0.456248813,-0.846167007,-0.126852467,-0.800902769,-0.737210909,-0.244069113,-0.699728984,-0.971159576,-0.838674988,-0.785363028,-0.631888967,2.105912463,-0.537653398,0.842325163,-0.755305731,-0.736579147,-0.449258735,-0.187984605,-0.89838022,-0.420655045,-0.365892569,2.546277816,0.953708304,-0.912867035,0.506316021,-0.675122166,-0.150256444,-0.887910034,-0.595118477,-0.192558987,-0.040300536,0.362971044,0.126939245,0.083913015,-0.096321585,-0.306640046,-0.340152684,0.035870529,-0.051831481,-0.44329658,-0.221594235,-0.420333486,-0.613389088,-0.20341762,-0.000151963
33.5,33.75,34,A,10,-0.532289745,0.071238957,0.136499324,1.771579384,0.104155452,-0.846663892,-0.671651934,-0.084781826,1.48723186,-0.749186116,0.753830615,-0.895388556,0.417174075,1.403713331,2.485987364,-0.182651794,-0.303035517,-0.383653648,-0.867582349,1.217279897,-0.545801468,1.286248687,0.189848761,0.476033948,-0.755332111,1.57836376,-0.966323702,0.016475058,-0.334336843,0.898554881,0.492514466,-0.541130754,-0.975844218,-0.758222944,0.086701002,0.750502823,-0.040993186,-0.759852007,-0.040040558,-0.467496407,-0.125762569,0.350900653,-0.203532303,0.309768,0.107374456,-0.622435205,0.003939119,-0.136112683,-0.965434435,-0.761185555,0.364090922,2.061646455,0.324452815,-1.031478491,1.167011473,-0.497735382,-0.670765364,1.59461079,2.116687163,-0.665599912,1.701140214,-0.021227278,-0.856654954,-0.911314195,-0.713312222,3.783175123,-0.20813067,-0.846237104,-0.883008902,-0.516876432,-0.726046472,1.644968474,-0.815333903,0.754048421,2.581395055,-0.867912296,-0.705041865,0.474253168,0.845134307,-0.949659148,0.389177832,-0.600109237,0.338184239,1.429892663,-0.889554057,-0.43032393,1.416274116,0.343018526,-0.171770424,-0.850515679,0.57120423,-0.373073897,0.487570166,-0.472012614,0.35613603,0.309107894,0.777410738,-1.119171567,1.189667089,-0.619026954,2.600474729,0.386528351,0.805196136,-0.488450255,-0.123839672,0.17990266,0.30702472,-0.490605896,-0.3777777,1.804723491,1.53573007,-0.380644034,-0.682310698,0.111759914,-0.707467252,-0.679563521,-0.690138517,0.074639095,1.077966877,-0.349457167,-0.300007811,-0.395127304,-0.876775314,0.240182814,1.497149571,2.08308968,-0.619951343,-0.504359986,-0.839297972,3.603630556,-0.485596144,0.024832021,1.259356545,0.930753477,-0.383207118,-0.231209681,0.151334645,-0.594078113,-0.384952136,0.496773603,0.154123984,0.393144481,-0.227337541,0.518191123,-0.514297288,-0.17266199,-0.667158028,-0.803494138,0.454614966,-0.818703271,0.884360679,0.120425294,-0.052371406,0.408136439,-0.632858292,0.165226581,-0.664721846,-0.673115776,-0.629286312,-0.805936953,0.068613146,0.364567342,0.184373097,-0.225386178,-0.204248052,0.476292047,0.052755358,0.223580574,0.097427405,0.110781112,0.460317656,-0.068948523,0.388853289,0.07840071,-0.16835777,-0.188014159
33.75,34,34.25,A,10,0.01307697,-0.352569427,1.153570901,-0.702703916,1.432779745,-0.332088861,-0.458048879,-0.069881611,0.04686628,-0.625423686,-0.369869823,0.276369208,-0.650379974,1.550945037,1.038607393,0.009649445,-0.157742912,-0.357443603,-0.517087778,-0.839130783,0.509017886,-0.505720827,-0.497151049,-0.778026842,-0.696410504,-0.271271859,-0.642321396,4.199983841,-0.191012656,-1.024025998,-0.776076424,0.24101825,-0.026568817,1.32522228,0.153013438,-0.756861984,1.068869123,-0.982504824,0.59296803,0.244915313,0.149278554,-0.287469967,-0.550764454,-0.728160701,0.604926426,0.545989955,0.135174043,-0.67651761,0.529918784,-0.36726745,-0.768045852,-0.801868892,-0.664133789,-0.172647057,-0.764663066,-0.554868956,-0.702314475,-0.173984535,0.382974766,-0.400550316,-0.782183233,0.147049875,-0.348794395,-0.219858976,-0.235519954,-0.084081542,-0.840760213,1.656821015,-0.883965568,-0.347593057,-0.944109761,0.617475158,0.200851042,-0.590668829,0.290923757,-0.425213533,-0.250608961,-0.588367565,-0.276207712,-0.814435194,0.558903798,-0.462595576,-0.869669136,0.136065627,0.186506995,-0.765444881,-0.84098814,-0.890788224,0.025499887,0.187038982,2.31339633,-0.776243084,-0.367670503,-0.538995744,-0.397488178,-0.451606355,-0.854212215,0.780122271,1.022577521,0.342750868,-0.745735545,0.548464337,-0.395864043,-0.938260555,-0.112582984,-0.670936062,-0.477586719,-0.055710547,-0.221208228,-0.507910288,-0.526792583,-0.58730666,0.233836541,1.602798357,0.436428298,-0.027712835,0.446880989,0.080361579,-0.90657936,-0.396677821,0.536570675,-0.382620762,-0.231962419,-0.106141075,0.729504885,1.806050817,-0.847072853,0.372181239,0.31535533,-0.682559909,0.416723791,1.143190241,1.552660303,3.202927993,1.099172161,-0.547042596,2.131115965,1.919417881,-0.55205405,0.195811961,-0.578728022,0.206149212,0.912624526,-0.566233182,-0.190927789,-0.584269083,-0.575038984,-0.124520975,-0.330084722,-0.857000062,0.290868161,-0.793127429,-0.872233156,0.902594841,0.357645763,0.335821403,-0.730770015,-0.723649342,-0.039215659,1.617044015,0.010557752,-0.001608379,0.010306059,0.108399439,-0.064489242,-0.462010217,-0.193888605,-0.27803616,-0.273547067,0.107263091,-0.357733063,0.03552365,0.150930593,1.056192365,-0.268802908,0.034497858
34,34.25,34.5,A,10,-0.57955809,0.689721947,3.294100336,-0.6212415,1.002189436,-0.71975701,-0.609873726,-0.488131259,0.087220113,-0.863967998,-0.733440664,-0.997705959,2.763986846,-0.850627132,0.881472572,-0.280417049,-0.525393913,-0.010957514,-0.709211446,0.839729333,-0.283236943,0.173293959,1.168827975,-0.703059573,0.767945193,0.542623075,-0.039377886,0.191473774,1.769887169,-0.43375892,-0.912529764,2.08503363,1.289379958,-0.904160444,4.606585937,1.132550241,-0.896462128,1.468661028,-0.28979227,4.328226575,1.648788175,3.521107659,0.049835982,0.310313559,-0.732832146,0.234527755,-0.867451767,-0.903773807,-0.742904209,-0.394766647,0.419595059,-0.972971656,-0.522071054,-0.154568802,-0.796988138,-0.940923936,-0.131286523,0.610401373,2.71536978,-0.360303134,-0.706480649,2.707673746,-0.154153852,1.599193577,0.68765537,1.234774731,2.275467874,-0.262608637,0.643889782,-0.340012661,-0.123576995,4.812875164,1.025435263,1.714995805,-0.579334536,-0.511105781,2.030474226,7.361647247,4.328517938,-0.075599993,0.445343375,-0.228788095,-0.128339945,0.399202182,2.885733208,-0.837927592,1.367210967,0.305536531,-0.726881595,-0.185814193,1.76134379,0.584890757,0.948947331,0.245409418,-0.461858052,1.649156802,0.510375143,1.203695785,0.16603404,-0.565268209,2.302678919,-0.914085621,0.95951504,-0.100144102,1.358998531,0.893771205,-0.532916049,2.388186046,1.465312756,-0.629436315,-0.347143388,-0.65130585,-0.534801603,-0.317111585,0.702552167,0.422900464,0.095040569,-0.644602923,-0.468970104,0.079693354,0.681431308,6.411013331,1.064985998,-0.001665707,-0.794371179,2.068518626,0.971983792,1.935145359,1.471049794,1.144819383,0.203268286,0.535911491,2.535613136,1.201508942,3.245201534,0.526637479,-0.482168074,0.739903147,-0.281892031,-0.334869288,-0.902999647,-0.638315977,-0.139399214,-0.014288762,-0.288375092,-0.505505281,-0.798687111,-0.611549569,-0.623873573,-0.571205335,0.593608191,0.465396603,1.643798929,-0.220992332,0.024262689,0.514404359,-0.937352576,-0.808309227,-0.941810864,-0.613485906,0.119070225,0.037743507,0.315461782,1.190749276,0.212284456,-0.013374703,0.768539928,1.998432834,0.329527484,0.604272681,0.719188041,-0.16637489,1.49529107,0.788911462,-0.509419956,-0.028048013
34.25,34.5,34.75,A,10,-0.592367029,-0.431383861,0.38652332,-0.20554228,-0.303324162,-0.051221276,-0.981615127,-0.784143363,-0.469049884,-0.822438841,-0.549727984,-0.821765588,-0.540333539,-0.921664726,0.512037027,-0.781463549,-1.040288175,-0.590854591,-0.878857236,-0.004767163,-0.022764668,-0.65203304,-0.920321872,0.389592331,-0.51094939,0.129022493,-0.627509376,0.066920057,0.01348072,0.180795731,4.116333752,-0.669036932,-0.600021753,0.323417143,-0.011743575,-0.743546392,-0.200362873,-0.381015015,-0.933558819,0.232751347,0.273097259,-0.751034396,-0.707893422,-1.111799652,-0.297867942,-0.115696904,-0.946671916,-0.307805526,0.675763926,-0.482688151,1.606399532,-0.605873428,0.646876919,0.951872382,0.773516458,-0.095052575,-0.552368394,-0.094464507,0.173174466,0.285881626,-0.490720814,-0.686949781,0.884413377,-0.07188468,-0.669468997,-0.073402356,0.648841477,0.97301933,2.250373603,-0.445175758,-1.024933797,-0.600711905,-0.59657134,-0.695970379,0.293773357,-0.005330496,-0.57427568,2.151872983,0.940581715,-0.622233252,-0.646747255,-0.086470625,0.086142081,-0.067204956,-0.754188594,0.689125348,-0.257667696,-0.705405233,0.703542073,1.133748323,-0.161571429,0.139839596,0.172589535,-0.618169759,2.556584012,-0.927517584,0.515630514,-0.345186445,-0.678971759,-0.876834348,-0.415602127,-0.251962478,-0.859999936,0.680353933,-0.695672503,-0.264685077,-0.719261838,-0.397996572,-0.843034952,-0.380116554,0.342790931,1.949159614,0.615888284,-0.576572137,2.29259787,-0.909188402,-0.107418902,-0.431233459,-0.65132546,-0.392440687,-0.250599696,0.827429962,-0.631562067,-0.977293299,0.022300355,1.527206457,-0.541623869,-0.011117447,-0.852980316,-0.029426844,-0.866076421,-0.865107387,-0.155071764,-0.574258066,0.267547648,-0.454636033,1.921693634,-0.906262736,-0.62023776,0.191518005,-0.440878372,0.032641856,0.539041748,0.037202322,-0.188165807,-0.757300588,1.296294597,-0.489659353,2.493788616,4.464737621,-0.71786544,-0.618683499,-0.63107535,-0.926967764,-0.789677269,-0.672107983,-0.400919718,-0.624532197,-0.884317159,-0.752603325,-0.42545625,-0.561768552,-0.195376701,0.113321688,-0.377259672,0.308996248,0.23190454,-0.073379879,0.009487347,-0.022360767,-0.41479781,0.213225765,-0.091766676,-0.206089088,0.698770264,-0.70187497
34.5,34.75,35,A,10,-0.326428769,-0.226262086,0.214918443,-0.632016311,-0.167662721,0.111188446,-0.537806595,-0.76448291,0.169771161,-0.72161565,-0.661788573,-0.4138515,-0.708972255,-0.022992761,-0.499506365,-0.335796272,-0.546292782,-0.391415421,-0.030529191,-0.234153841,0.16970269,-0.775413021,-0.013751204,0.030838086,-0.580299228,-0.626330671,1.730924805,-0.744262186,-0.195964919,1.841221729,-0.313470491,-0.532455414,-0.33624874,1.179573134,-0.221800386,-0.1376215,-0.207095468,-0.501253787,-0.752028939,-0.787166609,0.544730267,-0.205257926,1.267771043,-1.109392782,-0.269010926,-0.284451287,0.564186164,-0.621563238,0.186066037,-0.856771524,-0.70055687,0.122886951,1.362418553,-0.339423375,0.054048436,0.217507575,2.231414998,-0.250720942,-0.856615612,2.888554122,-0.421078019,1.189172558,1.477628358,-0.231535862,-0.497704896,0.862445623,0.655531241,1.680844068,-0.337108302,1.484733209,-0.808668858,0.362029855,-0.51815915,-0.460117123,-0.898782218,-0.806566857,-0.452428358,0.144594385,-0.483449222,0.611108146,-0.11615396,2.022450853,0.090823267,2.984570393,-0.242296273,-0.546950539,3.599006678,2.571248442,-0.320272761,0.14879166,-0.671688892,1.736600835,-0.583762714,1.167827036,-0.510115294,0.422862765,-0.574536699,0.59636734,-0.947872525,-0.00470129,-0.383665502,-0.761775251,0.659063812,-0.405865886,-0.984617178,-0.260331888,-0.874189978,-1.016657702,-0.71342054,-0.533377415,-0.179914117,-0.180133715,-0.27222457,-0.919521943,0.176588301,-0.99251752,-0.107325161,-0.751335077,2.3869574,-1.045860187,1.337771984,-0.677906413,-0.942839121,-0.840238732,0.148435542,-0.261014357,-0.455339955,-0.802744873,0.143397796,2.286768566,0.091562892,-0.355973504,-0.747536015,-0.087595384,0.925789047,0.126787277,-0.662608423,-0.934951887,-0.856639902,-0.708707397,-0.680881618,2.773985507,-0.462822692,-0.604490046,-0.530006364,-0.698089373,0.195295425,-0.483089786,0.005177477,1.245219067,-0.692850192,-1.000212082,0.14936325,0.387482038,-0.224234262,0.277656898,-0.315473755,-0.083481166,1.748600277,-0.77522709,-0.288039699,-0.384529896,0.083666608,-0.26095682,-0.078369417,0.472951384,0.586292798,-0.33104394,1.019121776,0.063098056,-0.527483753,-0.188528659,-0.006370956,-0.32098733,0.07602976,-0.052837608
34.75,35,35.25,A,10,-0.598725914,-0.067721285,-0.123272936,0.335680293,-0.698549866,-0.705920793,1.365417949,-0.709654873,0.34360569,-0.794582516,-0.876353732,2.910335258,0.015746501,0.668160398,0.650263674,0.018264029,-0.096706743,5.09184844,-0.760650809,0.760990713,4.273042451,1.052126262,-0.867897643,-0.250357928,0.572617973,-0.699396917,0.336624032,-0.164814487,-0.763254817,-0.24974175,0.692243152,-0.629360914,1.323727462,-0.153602163,0.336570607,-0.996910268,-0.411154802,-0.618697262,-0.677810714,4.865089593,-0.951899355,1.195022992,-0.507413198,-0.009561509,-0.314626198,-0.810050798,-1.040014332,-0.601591189,2.683342984,1.900124445,-0.200619461,-0.519455293,0.263912794,2.758826597,1.266333916,0.94305724,-0.378656134,-0.294034198,-0.125068219,-0.943709174,0.247958758,-0.104905255,-0.924685833,-0.914802607,-0.858782078,1.304417888,-0.192032738,-0.368600681,0.811240972,1.084383608,-0.505679251,-0.925536733,1.86410623,0.780859217,-0.455368139,0.187622937,1.230598108,0.036565505,2.403597943,0.462352613,0.587841292,-0.638968303,0.4847975,0.075392168,-0.908732825,-0.086746024,1.045065426,-0.426572983,0.867672502,2.326500949,0.060111827,-0.382320612,0.729466096,0.964188484,-0.288308275,0.245513972,0.309373935,-0.618131638,-0.197413567,-0.864692913,1.660804679,0.030865298,-0.501939034,4.115934443,-0.27553621,-0.370350179,0.295112867,0.125628081,-0.272541975,-0.49331741,-0.913393008,3.620469082,1.311509315,-0.202890881,1.753450587,0.358300885,1.773250571,5.346226389,-0.111462164,-1.047504975,-0.644036797,-0.683035975,3.161932359,0.13312891,0.105073383,0.108278116,0.534592422,-0.585415252,-0.099686362,-0.757520388,-0.082910026,-0.730221672,0.320706014,0.207102629,-0.618183714,-0.304228614,1.435289278,-0.865444691,-0.896917473,0.122452459,-0.42180308,-0.315000991,-1.062466101,1.012932183,-0.354465025,1.739399298,-0.48508256,-0.720584308,-0.919247891,1.143591909,0.040320986,0.184067487,-0.528216279,-0.648978009,-0.292418961,-0.067065919,1.000926794,0.373206267,-0.095162056,0.046804221,-0.165372425,0.838189773,0.323894717,0.373009469,0.154333384,0.277058807,0.008419203,0.507911843,0.33262497,-0.004221269,0.431466056,1.18879558,0.127331042,-0.141235581,-0.038272657,0.001348453
35,35.25,35.5,A,10,-0.482195292,0.105133974,0.29395917,2.934332821,0.740646931,0.650655773,-1.044556823,1.531900396,-0.693892659,-0.592318265,-0.62590611,-0.51064914,-0.443827284,-0.587110122,-0.738196879,-0.43309079,0.205191096,-0.270854719,-0.077098245,1.502744554,-0.222337446,-0.499575661,-0.617224335,-0.595240205,-0.416475086,-1.008979337,-0.953617748,-0.551289526,-0.010097799,-0.522962572,-0.550557221,-0.587204737,-0.794403451,2.47733629,2.453746898,1.061056065,-0.814289444,-0.34375992,-0.74665763,-0.077869677,3.829871487,0.583570627,-0.833100136,-0.938123948,-0.328535045,-0.779516445,0.411577489,0.29871784,-0.792663644,-0.991681527,-0.322908853,-0.471415224,-0.186332023,1.19101259,0.06725421,0.790213816,0.402587032,-0.109326449,0.932419262,0.581321058,-0.323035655,0.251755328,-0.308023323,-0.034808473,-0.282034845,-0.571026707,0.330521375,-0.798427335,-0.437976699,-0.40846022,-0.929304164,0.356041024,0.687581974,-0.370989628,-0.946753281,-0.52693695,0.694896873,-0.000879651,1.570356208,0.868008074,3.146174272,2.179260144,-0.670912611,-0.22794058,-0.987585978,-0.238556584,-0.960765386,-0.777656389,1.282266844,-0.770758617,-0.565894422,0.855682672,1.957041313,-0.960334086,-0.41835821,-0.686616831,-0.93096797,0.61400246,0.730990505,-0.710671631,-0.854443049,-1.010266826,-0.896944488,-0.54985267,-0.078552922,-0.371117844,0.381870446,-0.767984796,-0.919182902,0.359161362,-0.217897438,-0.300917716,-0.472620729,-0.905989916,0.151846131,0.612690013,-0.117057661,-0.83438095,-0.832903165,0.520716824,3.185029565,-0.19955536,-0.728099102,-0.722446948,-0.753937845,-0.219021355,-0.70459938,-0.648817952,-0.33916806,-0.488349303,1.044731977,-0.078557371,1.48666362,1.794250379,1.641701007,-0.697362137,1.086849921,-0.327405232,-0.161359752,0.288288557,-0.201309016,-0.823364445,-0.594014197,-0.137614629,-0.294603962,-0.557605746,-0.881396323,-0.690245784,-0.523049477,-1.051863963,1.339540306,0.304551469,1.629921015,1.347298497,-0.943059487,-0.814010502,-0.63966434,-0.812068292,1.729745552,0.090498168,0.344366603,-0.197879764,-0.539779972,0.207739717,0.04601167,0.287482542,-0.258151655,0.140202048,0.197352511,-0.01151262,-0.470731369,-0.239651461,-0.161896574,0.607780097,-0.575506754,0.323275239
35.25,35.5,35.75,A,10,-0.493298858,1.975556106,-0.846860636,-0.329080917,0.211675356,1.597023574,-0.184589457,-0.19255911,-0.646108363,-0.749193587,-0.044624448,-0.607091263,0.430668902,-0.108139873,0.005818684,-0.760375023,-0.700335569,-0.464657434,-0.866331692,-0.639138013,-0.451481637,-0.777881912,-0.86336935,-0.625201815,-0.430834763,1.357224886,-0.203585928,-0.573905521,-0.62775442,-0.490484181,-0.797878673,-0.325103579,-0.091164983,-0.133191055,-0.730349672,0.161559415,0.790881124,-0.73050489,-0.423429753,-0.394169078,-0.366955186,-0.487374984,-0.225536386,-0.969459486,0.111468358,1.097347155,0.47291558,-0.946541005,-0.351757102,1.756749072,-0.7244473,0.861910517,-0.886429173,0.745741194,0.269677576,-0.444239081,0.060755278,1.077484587,-0.358226746,-0.447337748,-0.890173712,-0.408148373,-0.692696028,-0.172914338,0.833376322,-0.074078672,-0.224674369,0.197585264,-0.799888034,-0.58406158,0.168198475,-0.814208784,-0.743416026,-0.690927638,-0.604888249,-0.82532553,-0.539797916,-0.692950567,-0.747840025,-1.107789346,-0.643850298,-0.042605994,-0.365556811,-0.099386658,-0.917462664,-0.22889062,-0.91450399,0.017798669,0.073255242,-0.169483435,-0.94502247,-0.881199209,0.122522881,1.094957233,-0.563909859,-0.521675406,-0.754662849,-0.291963768,0.494348754,-0.369810986,-0.246947466,-0.982630204,-0.036107928,-0.668880756,-0.448480527,-1.008145797,-0.757403566,-0.816898769,-0.257248848,-0.638957458,0.678952266,-0.699931911,-0.752908126,-0.86634902,-0.97046683,-0.974369614,-0.95881625,-0.522991647,-0.500504187,-0.078299508,-0.192669415,-0.749061216,-0.370996991,-0.32191455,-0.524160659,0.143480459,-0.294656925,-0.475975637,0.238087404,-0.173167253,-0.808382774,-0.74161579,0.039306746,-0.221700999,-0.92782816,-0.175032101,-0.720580951,0.388916857,-0.467463042,-0.797627171,1.014279786,0.061396342,-0.381475723,0.037347646,0.106560905,0.372545733,1.134799584,-0.402026767,-0.446351195,-0.27139921,-0.693019299,-0.077667567,-0.245443747,-0.301477649,-0.862301422,-0.231972285,-0.345109704,-1.021929966,-0.635182977,-0.610162115,0.034256411,-0.375420573,-0.368727464,-0.267335114,0.009085602,0.01548891,-0.281567352,-0.659894561,-0.329068656,-0.261641568,-0.586170132,-0.564568483,-0.272103478,-0.443200738,0.12256771,-0.502426673
35.5,35.75,36,A,10,-0.276783887,-0.101129938,-0.162052839,-0.836953267,0.026177176,0.474051886,0.32802598,-0.078638541,-0.393695171,-0.136557513,1.232020887,-0.902338699,0.079514812,0.347579226,-0.807213476,-0.760421235,-0.852677509,-0.763141927,0.192789951,0.206287422,-0.512772523,-0.249217385,-0.707322195,-0.333727854,0.740403529,-0.215479086,0.74744326,-0.695637073,-0.351912677,0.455242164,-0.805262954,3.708694523,-0.617490774,0.211069895,-0.32218497,-0.562621563,-0.606006965,-0.891466168,0.758805158,-0.289857213,-0.676610104,0.113061616,2.736397913,-1.013027797,0.429603565,1.178285551,1.374678209,0.959990786,-0.902235572,2.253393917,-0.756539844,0.793065829,1.392639941,-0.274844289,1.385586463,-0.198831118,-0.061493406,0.924616832,-0.88438204,2.44330252,-0.935871023,1.074808641,-0.845834796,-0.815470746,2.507848197,0.835418193,-0.809011975,-0.273591467,0.260913737,-0.634754192,0.415411873,-0.65406687,0.086587749,-0.540917993,0.636435118,-0.320735534,-0.575301055,-0.418156411,-0.377648745,-0.290702802,-0.679568929,0.889569177,2.300991481,-0.52755651,-0.571418838,0.389020812,0.789069454,-0.786889787,-0.363634169,0.982194667,1.11259619,0.320836412,-0.195875758,0.414001902,0.660745533,0.31795594,-0.353290466,-0.819415769,0.551524602,0.664821529,0.946112393,2.121053884,-0.205602495,-0.552330771,0.265549464,0.361115577,0.44269918,-0.682204509,-0.802191388,-0.506461597,0.040275797,1.936436947,-0.128254788,-0.123515677,-0.517776196,-0.612878111,-0.434017189,-0.675544812,1.533152885,-0.730430414,-0.392937394,-0.600604451,-0.730167036,-0.37627022,1.311240697,-0.091401943,-0.170689748,0.314682928,0.980213359,-0.07073045,0.12039102,-0.811562156,-0.124923866,0.141478543,-0.948714727,-0.265053417,-0.816229474,-0.872373726,0.02005502,-0.425089031,-0.540981745,4.197483986,-0.767352101,-0.598857352,-0.192849079,-0.662410019,0.755197517,-0.302007519,0.29149679,-0.686253947,0.114755127,-0.944281247,0.754675045,0.192183191,0.702231083,1.262283097,-0.813070648,0.138487103,-0.617653468,1.256872514,-0.115755612,-0.202760055,-0.112297984,0.058367897,0.645353808,0.476312089,0.036445457,-0.203909467,0.242177736,0.267390012,0.138773974,0.028744844,0.017333574,-0.398202181,0.149346653,0.20464818
35.75,36,36.25,A,10,-0.519217094,-0.155918592,-0.905029176,-0.586502451,-0.026642314,1.804556883,-0.799251221,-0.761601116,-0.671134038,-0.678718995,-0.291074247,-0.391741289,0.335820942,0.069740287,1.634308296,0.731504904,-0.736004337,0.349303508,-0.030413975,0.717314539,0.184692979,1.681988328,-0.633413522,0.278862535,-0.243055629,1.619194332,-0.379953555,1.551822251,-0.817529218,0.851870455,-0.362104402,0.607063533,0.488038918,0.170734308,-0.997401554,-0.71615954,1.299928045,0.053362413,0.84698405,-1.049861634,1.45768548,-0.412795958,0.480267556,-0.786641175,0.141243881,0.309446387,-0.833372609,-0.236588216,-0.34191343,-0.345131308,1.179505161,0.763460085,0.625492154,-0.591174815,-0.017209212,0.290344677,-0.022381917,1.841855965,-0.223762528,-0.230661338,-0.877137311,0.068763079,-1.08435993,-0.36373333,0.574650867,0.490271356,-0.983940912,-0.619203876,1.288280067,-0.236052262,0.100110963,0.493655065,2.756558526,0.250948628,-0.365769468,-0.204238566,-0.37613206,1.526222513,2.198818414,0.855864743,-0.496108525,0.318720595,-0.390880023,-0.848332436,-0.37251795,-0.479953289,-0.949687363,-0.992896912,-0.885901782,0.063468743,-0.883092916,-0.770888909,-0.054616859,0.010166902,-0.112115802,-0.610784161,-0.134939988,-0.373861137,-0.597095547,-0.737256885,0.293586216,-0.598721204,1.076179528,1.152527596,-0.808879996,-0.617889291,-1.017137695,-1.052542207,-0.98313149,-0.340783333,-0.957810799,-1.05363242,-0.727625577,-0.147646228,0.20279643,-0.840437169,-0.74489287,0.802261507,-0.812443514,0.322458072,-0.331205868,3.517159746,-0.709417833,-0.714331961,-0.380479862,-0.874623429,0.177192817,0.092384484,-0.789614515,0.591034361,0.025493258,-0.971352995,-0.557404803,-0.204947506,-0.780995442,-0.777939981,-0.796145037,-0.810736355,-0.217635455,0.024918032,-0.46643235,-0.395991807,-0.383188147,0.384389695,-0.866451877,0.313239783,1.099225302,1.408225586,-0.031323922,-0.845426225,-0.585098733,-0.300137791,-0.988773925,0.151778458,-0.57767082,-0.456303499,-0.804919094,-0.447193103,0.334218653,1.09125342,-0.329945811,0.238875863,0.409447896,0.034058414,-0.056779939,0.361546823,-0.174246225,0.723603876,-0.503408894,-0.42644853,-0.289679188,-0.395697257,0.057809794,-0.506674628,0.021626604,-0.258284643
36,36.25,36.5,A,10,-0.211303696,-0.623356684,-0.603718184,-0.928555828,0.655804804,-0.776031081,-0.777333692,0.093385918,-0.894585135,-0.341858891,-0.772877557,0.374168231,-0.274180953,0.252746475,-0.836068379,-0.07248699,-0.203449395,-0.715099553,-0.857036866,-0.925028527,-0.892663158,-0.58530083,0.664402981,-0.813434756,-0.479541205,-0.22896252,-0.682545939,0.723453179,-0.818510743,-0.209397809,0.071004876,-0.602790289,0.563128506,-0.260758527,-0.93435071,-0.237796165,-0.736211912,-0.806572176,-0.241753156,-0.87327578,-0.762606272,-0.266315152,-0.681893773,-1.099038829,0.391198874,-0.324702442,0.082542245,-0.498431086,-0.632569987,-0.746948318,-0.561369367,-0.644063276,-0.9084241,0.100215652,-0.263319853,-0.802373634,-0.66486217,-0.931248296,-0.253431952,-0.378468955,-0.40477493,-0.693642662,-0.194017291,1.788810586,-0.894750872,0.222623582,-0.276339722,-0.657565095,-0.247185317,0.178384587,-0.792752953,-0.803120842,-0.138276858,-0.806510714,-0.903543046,-0.305725996,-0.511251796,-0.625341156,-0.599068743,-0.470461075,-0.928027662,-0.930057892,-0.742092415,-0.864176215,-0.894924611,0.342637464,-0.247763075,-0.836162788,-0.872227414,1.082473999,-0.440760732,0.668909385,-0.82554482,-0.309348464,-0.329997458,-0.893173744,-0.903424826,0.983537758,-1.018989012,-0.201568376,-0.783478684,-0.41175699,-0.564081386,-0.427182546,-0.782170358,-0.354800484,-0.414831304,-1.070439239,-0.950260095,-0.241571252,0.176001289,-0.706238296,-0.8551581,-0.37579109,-0.642874021,0.849491181,-0.12532398,1.479709549,-0.853555757,1.262261547,-0.606211886,-0.359204463,-0.988751005,0.433811204,-0.975814118,-0.009853556,-1.039661236,-0.611971477,-0.883954505,0.42878316,-0.079458399,0.102655762,-0.883527787,-0.554963679,-0.321678967,1.588056958,0.061830375,-0.935994816,0.637135126,-0.540518656,-0.623565837,-0.101804424,-0.915495793,-0.635147215,-0.609082935,-0.318695891,0.164985537,-0.877592434,-0.32334064,1.132619085,-0.71242909,-0.427005614,0.206899865,-0.650537923,-0.75177418,-0.72859307,1.033874945,-0.043373389,-0.40847793,0.095864289,-0.440755247,-0.402931351,-0.33225008,-0.405937533,-0.453876474,-0.530734595,-0.117845713,-0.595605318,-0.489032061,-0.327036029,-0.600057234,0.020852232,-0.461282788,-0.092646408,-0.310712055,-0.23855521
36.25,36.5,36.75,A,10,0.603241224,-0.68179464,-0.116015468,0.778360147,-0.590579671,0.58673721,0.997023388,0.529846784,1.336018128,0.646513365,-0.899729116,-0.509314002,1.10316015,0.49334956,-0.518353991,0.228767583,-0.822300915,0.377224235,-0.10200633,-0.977835751,-0.411078571,-0.345422135,0.096964132,-0.786993934,-0.249592199,-0.830009512,0.083447042,-0.48483728,-0.148817787,-0.329767551,-0.901269045,-0.527727166,-0.240402002,6.540062407,-0.486251739,-0.557837093,1.395458809,-0.900809066,-0.149750359,-0.172588043,0.202075097,0.644558425,0.93231902,0.033968288,-0.760588633,5.117291074,1.030526993,2.424982593,-0.711859084,-0.62355092,-0.472991573,-0.283513492,-0.000902482,1.503418703,0.153134147,-0.506713131,1.610273634,-0.084569159,1.413858138,-0.648693253,0.243734726,0.129830529,-0.967354441,0.202344524,1.413933193,0.636141345,2.264549116,0.157246803,-0.783526004,-0.404061062,1.073004434,-0.780896641,1.003488845,2.059522968,-0.289063415,0.010927218,-0.339621637,-0.639136333,-0.489937825,1.153595628,2.354004631,0.326996513,-0.679172251,0.457447852,-0.615919342,-0.117309265,-0.007200499,-0.648045138,0.479603295,1.331248369,-0.69457622,0.471580728,1.481942958,-0.173155777,1.351663858,-0.089836516,3.26701011,-0.254559916,0.012599729,0.685549143,0.267012058,0.405586088,-0.383707405,0.03900187,-0.344303498,0.834987627,-1.024263249,-0.570004835,-0.143141208,5.082179261,0.250909939,1.905636503,-0.770666085,-0.655198818,-0.75774548,0.142400863,1.918804113,-0.848758035,-0.832923719,1.097830617,0.28181482,0.164532864,0.245642115,-0.639350769,0.109976887,1.331145632,-0.035409259,3.687292192,0.341587538,-0.239731164,-0.509814804,-0.840060647,-0.937629024,1.371589089,0.486117491,-0.809449278,1.041846569,0.87187204,0.076873311,-0.569828288,0.726680409,-0.782117529,-0.662210988,-0.895133527,3.477718742,-0.265378371,-0.375177392,0.287028731,-0.589397359,-0.352318107,5.071498027,2.977961152,0.014261885,-0.311446313,-0.576645228,0.602836175,-0.945850127,-1.060211913,-0.399452608,-0.776294407,0.408935047,-0.162703858,-0.340610779,0.39988867,0.828972285,0.268330153,0.289283873,0.276188324,0.288165416,0.60582181,0.416334671,0.14502899,0.524750085,0.018151646,0.056969461,0.459665664
36.5,36.75,37,A,10,-0.139358219,-0.014138642,-0.477957042,-0.543715608,0.956524726,0.765859331,0.572065384,-0.127002623,-0.759865508,1.186209036,-0.310453869,0.017824126,0.344979969,-0.740911367,0.110632777,-0.40602582,-0.008479165,-0.74294064,-0.78374502,-0.257864479,1.569240048,0.782887201,1.132259674,-0.500657725,0.043544236,0.585623693,0.921321889,0.176080234,-0.783831571,-0.402126377,-0.391876389,-0.594078033,0.177206735,1.69061239,0.487418349,-0.605169685,0.176036682,0.227817662,-0.955800784,-0.904361801,-0.718170477,-0.776737839,-0.703220252,0.341116462,-0.704894369,-0.761980352,-0.580050918,-0.944523527,-0.75210963,-0.573695581,-0.06245536,-1.032319709,-0.655846567,0.620739954,-0.304716449,-0.777660194,-0.409651485,0.154249236,-0.891256883,0.525782439,1.277557087,-0.420193138,0.746122001,0.499334638,-0.037332285,0.351984509,0.111288544,1.022250467,2.785841933,0.813558635,1.046279192,-0.917280345,-0.393402176,-0.354882812,-0.908516848,0.651321946,-0.822670962,0.036044971,-0.187456531,-0.289145425,0.204326396,-0.906017468,-0.627542567,-0.981862612,1.108413231,1.155573084,2.035863623,-0.831089523,2.145907803,-0.540896547,-0.071775222,4.275183761,0.291543939,-0.979080182,-0.436861992,0.323748019,-0.837005304,-0.875527275,0.568908887,-0.964554471,-0.655534264,-0.419442468,0.335413976,-0.740141247,-0.569148513,-0.819849904,2.336535973,-0.222927126,-0.490239355,-0.428857582,-1.017035971,-0.425368018,-0.229287694,0.808806795,-0.305114705,-1.071205108,-0.047315253,0.215554936,0.053100477,-0.627063997,0.218941657,0.931500104,4.264000174,0.257780524,3.068307468,1.164451713,-0.506819742,-0.42121892,-0.956453663,-0.005076366,-0.311788273,0.811490441,-0.455951057,-0.121771941,-0.907668233,1.792211054,-0.909925819,1.550001638,-0.480948195,-0.449323052,-0.814489313,-0.806349128,-0.893406711,-0.300242571,1.993020657,3.540913736,0.221589911,-0.795442356,-0.77196768,-0.268437878,-0.367023325,-0.505701696,-0.052899071,-0.392785202,-0.76968868,0.729688437,-0.863900068,-0.919746051,2.344792026,-0.484728982,0.141862083,-0.277698349,0.35243413,-0.069219488,-0.617426648,-0.283313502,0.715041239,-0.213970899,0.276267542,0.129458016,-0.167419051,-0.264492854,0.801541295,0.051632656,0.110518867,-0.128199261
36.75,37,37.25,A,10,-0.376865459,-0.097496648,1.116427059,-0.061460597,0.891777998,-0.697731648,-1.027775223,0.129319212,-0.198501445,0.734423536,-0.809789569,-0.755287172,-0.764277742,1.432891328,-0.540145163,-0.372988027,-0.077169267,-0.076522587,-0.428532844,-0.404678054,-0.970237207,-0.993348484,-0.341753596,-0.642494164,-0.429838149,-0.669242727,-0.444935436,-0.605803288,-0.601232211,-1.068687909,-0.772383342,-0.548722534,-0.362603687,-0.234207765,1.298940916,0.462485267,-0.935292729,-0.711051153,-0.863495482,-0.018759335,-0.557163221,0.124004491,-0.558035923,-0.583405811,-0.638263276,-0.256210279,-0.835104143,-0.222666162,0.095274375,-0.72945077,-0.491440704,-0.051520088,-0.945906353,-0.1095744,0.240800832,-0.774920246,-0.249320345,-0.844331891,-0.688208232,-0.21374173,-0.077907437,-0.698356546,-0.801674976,-0.863793351,-0.809883609,1.338386367,-1.041243978,-0.74903554,-0.678725605,-0.749241347,-1.12542214,0.250792211,0.282906551,-0.514669808,0.419538074,-0.285495187,-0.600768518,0.394107982,0.40263862,1.786045164,-0.217063837,-0.283967296,-0.847055065,-0.542868888,0.412695553,-0.82241874,0.946918871,-0.634339866,0.353773264,-1.100688842,0.648490047,-0.173460497,-0.685229733,-0.907743531,0.586873566,-0.403252377,-0.079360709,0.35777152,0.038197259,1.183458512,-0.778531669,3.709908139,0.139996097,0.846354369,-0.771404681,-0.173748964,-0.186377585,1.80988029,2.846871755,0.714490772,0.959047421,0.532158993,-0.821497945,1.637294302,0.365620891,0.274278016,0.807021432,-0.03372408,0.958670739,0.027767696,-0.74493653,-0.049929018,0.226303708,-0.003926327,-0.188122982,0.438826362,-1.001218087,1.056659895,-0.492420901,-0.726580425,0.273757038,-0.642771225,-0.673103653,-0.483458568,-0.058882929,-0.390601275,1.13482462,-0.673274108,-0.182918365,-0.535145744,-0.561672371,-0.79581692,-0.547663411,-0.157038075,-0.705809154,0.511665309,-0.116619977,-0.28990318,0.173328461,-0.262120393,0.235929876,-0.251508808,0.140222303,-0.828876609,-0.639694119,-0.359170406,-0.161139723,-1.047330685,-0.794035206,-0.731447225,0.041211678,-0.27964991,-0.676757317,-0.268508984,-0.416102072,-0.412816316,-0.513147602,0.100967295,-0.273501485,0.056574406,0.815743852,0.470663746,-0.148534431,-0.223157421,-0.275164971,-0.44370506
37,37.25,37.5,A,10,-0.101590536,-0.579244016,1.883375669,3.522309224,-0.416950946,-0.786845022,1.278783808,1.211105477,3.093989582,-0.626819562,4.990016031,0.267225663,-0.056196879,3.425817959,-0.350045153,-0.896667665,0.327807679,4.582586567,0.279295896,2.080731536,-0.048987209,0.852079238,-0.846940916,-0.776629916,0.01015794,0.585129703,-0.062024558,-0.609146578,-0.004910828,0.718832564,-0.558613071,3.782467237,1.743696635,3.096846944,-0.890281815,0.422263783,1.64759869,4.784731682,-0.490267566,0.547322276,-0.709815864,1.307018641,-0.274078316,-0.91028503,-0.88137529,-0.628833026,0.242517185,-0.814980783,-0.167996064,-0.016239796,-0.171570944,-0.808650631,-1.092880084,-0.914491546,-0.767792531,-0.756222856,-1.02961977,0.091567172,0.0961091,0.265381477,0.996107869,-0.287174407,2.453602498,-0.872368384,0.843257578,2.778346774,1.599732678,-0.908263815,-0.863698481,3.348114892,-0.569759407,-0.876681948,-0.584286166,1.728111338,0.440653136,-0.133243316,-0.476872928,2.144490028,0.288408641,0.204125653,-0.982118611,-0.810152655,-0.848758688,-0.843900696,-0.728007987,-0.818175567,-0.372222613,-0.661505851,-0.378390217,2.746140485,0.30154359,-0.356882419,4.792602654,2.679545108,-0.556620017,-0.762394742,0.19762967,-1.003023337,0.82082127,-1.019337709,-0.815013783,-0.607610358,0.145616984,2.250373483,-0.612561537,-0.424422251,-0.963277696,-0.959718512,2.945979244,1.46546417,-0.227593806,2.432536075,1.385461835,-0.096199465,-0.099158537,-0.780342909,0.22806456,-0.276094307,-0.172168031,-0.312508158,-0.045658849,0.980302088,0.604493689,-0.897795812,0.281989799,-0.653444409,-0.788351166,2.006536479,0.301928271,-0.611652655,-0.662704555,1.844476047,-0.753070809,-0.052304776,-0.084387348,-0.605453236,-0.706973026,1.500033139,-0.806815958,-0.145387935,0.005932117,-0.246566149,2.895271848,0.05984078,0.697655642,-0.122831845,4.65330936,-0.570964038,0.046578321,-0.431690955,0.191744374,-0.849079029,-0.869530752,-0.846444207,2.08780722,0.189485057,0.244790774,-0.810257779,1.410634061,-0.612984515,0.847811368,1.465057163,-0.018244056,1.408576479,-0.285406834,-0.508817061,0.90876572,0.216494503,-0.36970924,0.509388407,0.242482974,0.208199726,0.117834743,-0.047258846,0.698653508,0.01361652
37.25,37.5,37.75,A,10,-0.518163186,0.646509909,-0.711978703,-0.089637756,-0.049902523,0.618520678,-0.528122689,-0.559386928,3.622157643,-0.437451401,-0.039173284,-0.184026544,-0.514117042,0.660391263,2.965073861,-0.610138209,0.271023646,0.479054604,-0.385854275,-0.887134774,-0.927461146,-0.089047981,-0.54606998,0.889454945,-0.605479676,0.007177877,0.765568795,-0.817743058,1.936354539,-0.93432984,0.570575235,-0.700941764,-0.990716078,1.854514239,-0.240719162,0.260964728,-0.426931015,-0.394689097,0.374125847,-0.86197534,1.288670812,0.464099258,0.344712579,1.395137768,0.440467631,-0.975263568,-0.489798806,-0.771465574,0.807518982,3.453560834,0.302819734,-0.891542629,-0.089895299,1.238609009,1.084749913,1.518941847,0.011989654,-0.412259237,-0.816421281,-0.915717336,0.298214626,0.043864528,-0.450620269,-0.711153281,-0.111631623,0.132154412,-0.77150454,0.18269576,-0.815937993,2.8079459,-0.234910275,-0.242630987,-0.41320117,-0.367552445,0.934023449,-0.57161318,0.384497478,-0.323115364,0.250177398,-0.711409438,-0.293266387,-0.424341289,0.280810797,-0.12763506,0.155604841,-0.93708067,2.7845306,0.779228196,-0.013129341,4.022729328,-0.582982155,-0.720872661,3.391489856,-0.132044802,-0.786827286,1.333437924,4.059835915,0.602335851,-0.512649572,1.198380781,1.431229601,2.414459573,-0.809314065,0.639180382,-0.908207636,0.536479761,-0.928456227,0.421079159,0.046759045,-0.336148141,-0.859037761,0.199118744,-0.461002597,-0.658304695,0.032808835,0.371209901,-0.614263079,-0.256220903,-0.87625444,-0.666051264,-0.544778571,-0.740599743,-0.791703003,0.070051706,-0.311563401,-0.37054261,-0.694822417,1.191905502,-0.980534115,-0.819916954,-0.012130669,0.235453363,1.134375353,-0.536947875,-0.413056289,-0.192643023,-0.889551118,-0.900534055,-0.915512501,-0.873874762,0.075122746,0.846400951,-0.665002633,-0.404620055,-0.750572629,-0.570529625,-0.928146486,-0.305863852,-0.335887645,0.435443607,-0.561067455,2.392140014,0.923255469,0.884974261,3.292225631,-0.77828737,-0.078552803,-0.942249001,1.550982654,-0.663868821,0.199254504,0.175509925,-0.032157553,-0.055579241,0.595763992,0.103127437,0.060402752,-0.129573453,0.622745102,0.785010385,0.250706145,-0.378799726,-0.399250361,-0.336442158,-0.260365562,0.601955258
37.5,37.75,38,A,10,0.735647281,1.491132885,-0.069791502,1.708579903,-0.149864886,0.891810335,-0.864915291,0.945584376,-0.114269463,-0.056608685,-0.610429171,0.163114244,0.372023733,2.008843077,0.495579882,-0.833239528,-0.94291338,-0.635870559,-0.242667288,0.385553205,0.846158185,0.874787824,-0.020417653,-0.363740642,-0.6917037,1.306889831,0.761750518,0.197586166,0.989150907,0.521016012,0.59954106,-0.203036332,4.448412145,1.117746241,1.415617541,-0.890341416,0.589319385,3.934466142,1.060288294,-0.693896253,4.657401271,-0.665911143,-0.616629225,-0.987306709,-0.583984681,0.130107876,2.304453859,0.785342533,0.480781224,0.084454706,-0.618565837,-0.581767459,-0.561670643,0.593630016,0.239611968,2.951537216,-0.585899045,-0.786005001,-0.941020933,-0.370150995,-0.980341665,-0.5114996,0.535981534,-0.454094595,0.006825889,-0.425988788,3.701640238,-0.553357532,1.809377382,1.294680402,0.534907986,0.275147,-0.430304627,0.583090707,-0.810289014,0.742394914,-0.070329259,0.399722283,3.021452493,1.370291375,0.515142154,0.24819469,-0.364496499,0.019246926,-0.289676157,-0.349041813,0.941725298,5.231402418,-0.48067852,-0.374917064,-0.410024528,-0.683027643,-0.265698015,-0.775279531,1.575535851,0.225490699,0.470737587,-0.636408422,-0.51058982,-0.952814564,1.255741017,-0.086688843,-0.497791392,-1.092105941,-0.799557885,-0.086143769,0.145222603,-0.638184294,-0.844997056,0.057728866,-0.128885188,1.752605473,0.6320982,-0.868404596,-0.109936843,-0.538827099,-0.146199593,1.323921514,0.297476681,2.341402731,-0.952680955,-0.905665852,0.416016605,-0.704245573,0.507794729,1.734301096,-0.508090524,-0.711887616,-0.622951023,-0.900053891,-0.568235605,-0.389374838,-0.694619455,-0.599903228,-0.948666678,-0.895326901,-0.94994914,-0.748681938,-0.805466036,-0.782366548,-0.895139869,0.659428464,-0.475519143,-0.985307765,-0.62859087,-0.712811608,-0.576206941,-0.451499358,-0.883988589,-0.972445535,-0.584081992,-0.882138789,-0.087407761,0.044169115,0.067259782,1.707347589,-0.058981743,0.687508315,2.149112012,-0.586452464,0.451730495,0.015999422,0.442147745,1.137811681,0.558870971,-0.066030071,0.442322327,0.561608386,0.509690143,-0.196207839,-0.258677669,0.455525128,-0.264746301,-0.738259037,-0.592208121,0.245633406
37.75,38,38.25,A,10,-0.512060436,-0.565931219,-0.392004904,-0.555248314,0.450913781,-0.069017973,-0.254651219,-0.72543771,-0.656252587,-0.506102206,-0.043216058,-0.499885953,-0.729868958,-0.70303576,1.652811614,0.690712562,0.087663607,2.675165947,-0.809470431,-1.121617222,-1.022213238,-1.002029755,0.722191171,-0.623930529,0.801101092,-0.17367507,-0.842998877,-0.455710064,-0.960663442,0.282527879,-0.832916476,1.705186526,0.686307724,0.745785519,-0.838767194,0.393326279,-0.936420436,-0.716283021,-0.215273816,0.456834363,-0.506896945,0.456521847,0.475980732,1.91286488,-0.452526037,-0.786345684,-0.748509006,0.974827476,-0.011697089,-0.64517638,-0.654342307,-0.524177954,-0.432335752,-0.518218564,0.904750111,-0.589999864,1.049377849,1.691859725,-0.722136741,-0.583965797,0.618842635,0.062383671,-0.684741413,0.114866276,0.081587755,0.328592695,0.865021171,-0.567243095,-0.563098825,-0.63079231,-0.96645043,-0.572562884,2.257785884,-1.022803129,-0.741017117,-0.13198302,0.673178583,-0.810186637,-0.632124993,-0.839668899,-0.862155263,-0.386582467,0.65259438,0.866921583,-0.154323041,-0.181536495,-0.244261509,-0.218786321,-0.436682172,-0.62540276,-0.731019022,-0.852254463,-0.898568638,1.145173892,1.467858694,-0.757055284,-0.467320625,0.700674384,0.151726103,-0.295745653,-0.005294667,-0.19445129,-0.736955123,-0.066745626,-0.334613733,-0.69357294,-0.732554241,-0.587206075,-0.227322612,-0.119680973,0.501157442,1.673953513,-0.675371468,-0.783927226,-0.438766733,-0.68499295,-0.142778602,1.040371212,-0.650577551,-0.680345313,-0.659492271,-0.741919966,-0.490509091,-0.895129301,-0.736674611,0.254545176,-0.70745905,0.471396645,0.219088351,0.009547495,2.47395957,-0.599972666,0.783136633,2.767878995,-0.351535799,-0.707765559,-0.85950988,-0.494542976,-0.27200175,0.393930063,-0.998435747,0.677342362,-0.094159819,-0.674101176,1.453518834,-0.749661226,-0.110619782,-0.717457925,2.246578908,-0.907981225,-0.901935973,-0.228260939,-0.172495738,-0.526596142,-0.524392379,-0.924888862,-0.993408616,-0.733871968,-0.561075879,1.421589233,-0.378579279,0.119925935,-0.327540083,0.044777947,0.066904379,-0.037918929,-0.037458144,-0.278583264,-0.159021406,-0.053653061,-0.369839728,-0.084127768,-0.327660662,0.313357663,0.01250232,-0.414533726
38,38.25,38.5,A,10,0.328733006,1.170233025,-0.59491179,-0.649927311,0.458044884,-0.3138648,-0.381678667,0.4315321,-0.439173024,-0.785935283,0.0637236,-0.384777152,-0.175465395,-0.987236308,0.238825921,-0.984341249,-0.361059665,-0.561682295,-0.182860783,-1.075275608,-0.847300702,-0.725645858,-0.823789791,-0.235490015,0.258445482,-0.725785329,-0.717976809,-0.746008829,0.271160558,-0.811925457,-0.808620623,-0.866669023,-0.81457548,-0.138621319,1.118959198,0.602405961,-0.814264467,-0.228327078,-0.075496981,-0.870837848,-0.93634178,0.310513084,-0.686406569,0.448376241,0.6679525,-0.809133335,0.373230366,-0.307936067,-0.845671279,-0.070833409,-0.224348393,-0.620987702,-0.12839003,-0.844383887,1.157051643,-0.728657277,-0.81288282,-0.639069872,0.010812079,-0.599062937,-0.625356897,-0.337402401,-0.633366269,-0.05915682,-0.629847032,-0.572634876,-0.89755027,-0.700116414,-0.483676516,-0.843413372,-0.509843311,0.032509147,-0.724000131,-0.736927292,-0.43679032,-0.566301492,-0.115397626,-0.44854653,0.055551397,0.386612428,-0.813969982,2.943042964,-0.810150899,-0.535444589,-0.645389723,-0.890146234,-0.553024217,-0.792558647,-1.068195458,-1.058896783,-0.984741584,-0.29742547,0.022644029,-0.976659697,-0.588617721,-0.421442726,-0.879794427,0.063827079,-0.501811447,-0.342962554,-0.830949259,-0.769685281,-0.995147009,-0.978916579,-0.989293926,0.231374344,-0.459883459,-0.673642058,-0.855233757,0.353173328,-0.183088121,-0.771698334,-0.874136894,-0.452569897,-0.137678311,-0.114117916,-0.894459695,-0.861770482,-0.507742564,1.375462053,0.513166111,-0.788104795,-0.966137033,-0.326830071,1.498713422,-0.149745103,-0.312983112,-0.782545092,-0.684266709,0.139406102,0.285385706,0.311536391,0.336946391,-0.706989259,0.908625753,-0.536528801,-0.508920148,-1.011993971,-0.842560325,-1.003020652,-0.100601065,-0.353214149,-0.05514321,-0.487968856,-0.46865075,-0.081684508,-0.779010319,-0.034675368,-0.944859918,-0.974010355,-0.399123694,0.759985176,-0.359046402,-0.450235232,-0.843644423,1.273243607,-0.299699588,-0.538512,-0.637454028,-0.668254055,-0.077694786,-0.441014893,-0.510431675,-0.289604766,-0.185625025,-0.34299192,-0.578252087,-0.306313373,-0.422473357,-0.490698452,-0.596820366,-0.342180016,-0.185932628,-0.276751891,-0.42798185,-0.216274064
38.25,38.5,38.75,A,10,-0.500874086,0.717160324,-0.213173181,2.234279575,0.614723389,-0.761907335,-0.587708016,-0.31511159,0.311077202,1.862187092,-0.742072375,2.854861251,-0.368494923,1.466786318,-0.018003995,-0.957867213,-0.935006419,-0.183787908,-0.708975616,0.984081898,-0.757504798,-0.852026172,-0.011915671,-0.608907866,0.896834268,-0.911448592,-0.419007556,0.402577586,-1.001959529,0.83130822,-1.015909252,1.919128853,0.073403638,-0.56310289,0.154958842,-0.454266434,-0.449096045,0.491921868,-0.812549305,-0.657724182,-0.900050114,-0.494675815,-0.742978385,-0.832024025,-0.590240695,-0.604139206,0.5034353,0.372529208,0.707611531,-0.007961471,-0.447124331,-0.559655111,0.082618735,-0.686864532,-0.82489742,0.493928114,-0.066331871,-0.779875963,0.901052406,1.11710767,-0.733491645,-0.843753724,0.537220618,1.920608175,-0.397723507,0.429916354,-0.927580255,0.633859779,1.244091133,-0.401897885,-0.629551659,0.035581112,-0.216733966,-0.389277807,-0.772876261,0.249550238,-0.12660308,0.06219882,-0.69237472,0.431586726,-0.066114528,-0.896231262,0.952961772,-0.901556081,-0.552855939,-0.029970357,-0.441516556,-0.001971799,-0.014890083,0.006388067,-0.035631213,-0.381101427,0.816971199,0.067114538,-0.388938534,-0.657853694,-0.786200547,-0.340838666,-0.939781452,-1.030676861,-0.406692828,-0.806190071,0.444066525,-0.9981768,0.512839279,-0.629233129,1.075355209,-0.319087719,-0.635000291,0.58788742,-1.013200802,-0.346465808,-0.21544588,-0.789771975,0.139376036,0.568135457,-0.779330195,-0.321733393,1.400349143,0.935338465,-0.785372292,-0.496789722,-0.265869573,-0.64112607,-0.788409334,1.892806188,-0.622758954,-0.495204554,-0.822688588,-0.560397321,1.408172681,-0.699607611,1.087903922,0.262514502,1.778917079,-0.480380606,-0.37695733,0.775919941,-0.476074093,1.220283211,4.917563108,-0.778970292,-0.391844416,1.102212521,0.020116607,-0.409711836,-0.533768048,-0.169938012,-0.112427849,-0.902676595,0.734945419,-0.723438154,4.568329638,2.893598952,-0.94843199,0.052054339,-0.267261318,-1.038766432,-0.922589507,0.877877469,0.336065337,0.139152102,-0.243205011,-0.131323491,-0.258849367,-0.07700423,0.146124904,-0.20485006,-0.194575677,-0.367693666,-0.117423241,-0.042274895,-0.358581022,0.45006917,0.274055519,0.522631842
38.5,38.75,39,A,10,-0.335550205,0.048300433,-0.45899094,-0.411634808,-0.38139735,-0.385167542,0.225250056,-0.323915586,1.042470705,-0.557082384,-0.911595476,0.197108204,-0.191529198,-0.559929082,-0.89536053,0.399873834,-0.648922858,-0.240839855,-0.410398284,-0.519962953,-0.943737324,-0.804785826,-0.812710831,0.828207267,-0.731366543,-0.647099091,-0.311015214,0.171305129,0.322880212,-0.492842363,0.031682149,0.189178037,-0.698496,-0.769596754,-0.667407838,-0.563756485,-0.34412127,-0.650990025,-0.59094265,0.535439702,0.986452455,0.404387952,-0.60505573,-0.631609794,1.600759032,-0.685258584,0.405279132,0.143003402,0.602304238,1.591341398,0.211163579,0.490676776,-0.884386749,0.7438622,-0.852883918,1.356625319,0.354773414,1.228768924,-0.891868522,-0.94501003,1.052166158,0.743088062,-0.107875044,-0.847123358,-0.725142388,1.064047237,-0.102402672,0.164015023,0.689507724,2.955202075,4.076206932,-0.680174972,-0.595975367,-0.647186847,-0.627780388,-0.319135091,-0.748658366,0.056827462,0.612833822,0.525441077,-0.35159233,-0.090852616,-0.64654767,0.119245621,1.62096067,0.386799513,1.381338817,0.939071592,-0.308699441,0.176192114,0.704689581,1.536017818,-0.713375728,0.514895692,0.806118878,2.333496489,2.277787546,-0.909771088,0.17779339,0.762256687,-0.181492843,-0.09136352,0.625533851,-0.891337221,1.021991516,1.473372666,-0.424282777,-0.109270565,1.211880625,1.550624386,1.676450505,0.955166889,0.120007985,1.402296591,-0.111487474,-0.710941844,-0.705759141,-0.371719725,1.060758546,-0.428917648,0.809122327,-0.697995288,-1.01735665,1.279729567,0.85994569,-0.441913579,2.381958049,-0.354152927,-0.530881576,-0.40984316,-0.507589155,1.449422407,3.540084979,-0.13266809,-0.014759973,-0.736309504,-0.81049149,-0.920989704,-0.085302037,2.499505646,-0.228345716,0.397948833,-0.973244546,-0.751543101,1.110068154,-0.748195521,1.430272574,-0.540332236,0.476968369,-0.714073413,-0.655513496,1.070920496,0.873532828,0.998904727,2.053301875,-0.422514929,0.510353779,0.35437263,1.230325654,0.380984823,-0.153771762,-0.37815562,-0.342116458,-0.352901113,0.38116035,0.081172099,0.488548282,0.165239826,0.322591627,0.748990927,0.418565612,0.288585468,0.187861245,0.428090308,-0.05404766,0.639466839
38.75,39,39.25,A,10,-0.477809367,-0.63095146,-0.358078361,-0.485938962,0.313278094,-0.282655821,-0.631896268,-0.734457563,-0.434436037,-0.786468906,-0.77740963,-0.691302799,-0.400874608,-0.043889093,-0.774327133,0.91653784,-0.924751767,-0.681541051,-0.334294133,-1.103152034,-0.481707298,0.154008904,-0.67584811,-0.674816732,-0.997509028,-0.915039582,-0.83515357,0.508327126,-0.417995927,-0.93975179,-0.07610541,-0.168010002,-0.528655939,1.050056064,0.292441105,-0.762162351,-0.771912522,0.702378705,-0.739572234,-0.166457231,-0.877377184,-1.00831162,-0.479582325,0.548930746,-0.016242585,-0.07993926,0.686711728,-0.56171219,-0.902232929,-0.644565391,-0.522378422,0.484661661,0.04210971,0.404495343,-0.716988996,-0.688451943,-1.01021418,-0.060550488,-0.388389762,-0.484101865,-0.927974063,-0.210328474,0.674667909,-0.945721747,-0.29926347,0.321417744,0.177775872,-0.480162702,-0.72720799,0.997535303,-0.76922302,-0.837051608,0.02879588,-0.98801884,1.328168724,-0.490815149,-0.440513743,-0.417258379,-0.282181746,-0.541087343,0.129434867,-0.918984646,2.57979396,-0.469166746,-0.844417092,0.961946042,1.02684386,1.40743047,-0.453521068,1.085378631,0.900216961,-0.190079238,-0.259522165,1.428960235,-0.999469675,1.196662236,0.387191599,0.093645469,0.734429558,4.310292809,1.925469922,-0.415155719,-0.755810255,-0.88294594,0.799779292,-0.193542566,-1.064425611,-0.270801264,-0.790289623,-0.289954961,-0.023075254,-0.480436331,-0.928859958,-0.769448333,-0.890288267,-0.672469776,-0.957923456,-0.926137427,-0.875728373,-0.155791953,-0.998643883,-0.880976709,0.376216737,-0.288753546,-0.431730876,-0.543573147,0.238920255,0.492894108,-0.683733594,-0.007535041,-0.964091411,-0.666778234,-0.952173309,-0.818334679,-0.277312742,-0.848136627,-0.83919432,-0.905386819,-0.832082168,-0.587790949,-0.011060688,-0.511231298,-0.67341104,-0.822463044,-0.16984491,0.374909295,-0.130386853,-0.949184023,-0.394885197,2.139352605,-0.89848176,-0.80252752,1.868811198,-0.607511155,-0.637789176,-0.786814759,-0.606157849,-0.340072138,-0.753607935,0.921739616,-0.450941465,-0.481500441,-0.527548601,-0.116799981,-0.333432101,-0.293980894,-0.141926162,-0.340918523,0.450473828,0.760232779,-0.193767673,-0.668015913,-0.272691569,-0.769128126,-0.114820515,-0.264241148
39,39.25,39.5,A,10,-0.401014247,-0.003160812,-0.476370744,-0.74973342,-0.843109254,-0.166859812,-0.80543942,-1.060420661,-0.614469824,-0.361376008,-0.674528982,-0.304710122,-0.577471583,-0.789868221,0.491249111,-0.770048436,-0.656253594,-0.748213779,-0.622412003,-0.901958096,-0.930094105,-0.722394822,-0.807076691,-0.689226608,-0.959631108,-0.96963165,-0.764341778,0.485534935,0.584419562,-0.484529501,-0.282566778,0.489086715,0.190778017,-0.823358452,-0.687118979,-0.633108655,-0.901631735,0.173253138,-1.056932581,-0.03315625,0.30291942,-0.362702467,-0.726923307,-0.65033962,-0.711141704,-0.256109445,-0.520170292,-0.275874945,1.029265918,-0.835968549,-0.904997918,-0.700319048,-0.98686121,-0.939127958,0.998869474,-0.291157491,-0.696699232,0.037382255,-0.128693217,1.08964649,-0.855317509,-0.988488416,-0.763871371,0.54086615,0.644099417,-0.949091618,1.091696581,2.096843618,-0.675416626,-0.381744941,-0.564335008,-1.028881699,-0.829541723,-0.661909775,-0.964617216,-0.256103925,-0.191514031,-0.513598382,-0.29057403,0.635896323,-0.902524992,-0.470141901,1.577016964,0.141888413,-0.511973421,-0.903494696,0.310932298,-0.79034934,-0.785994471,0.905905713,0.440794269,-0.814369366,-0.180364784,1.403963065,4.130800504,-0.029570062,-0.686852156,-0.645398385,0.248059736,-0.551881476,-0.719867675,-0.305514164,-0.739459484,-0.516326649,-0.149082829,-0.093561802,-0.912544641,0.550636777,-0.583347226,-0.123823623,-0.694830709,-0.602612421,-0.594555478,-0.354097366,-1.051937317,-1.076421715,-0.825915444,-0.890994052,-0.608744768,-0.442288714,-0.758760465,-1.015566086,-0.283537732,-0.659767261,-0.055197936,-0.036610242,0.242143199,-0.038249985,-0.692673929,-0.768672818,-0.770880774,-0.77217511,-0.084026098,-0.279052199,-0.81618398,-0.948155197,0.099451176,-0.214854072,-0.775444198,-0.558441998,-0.928242676,-0.420301485,-1.037245503,-0.85364499,-0.131458163,-0.822093853,-0.919805083,-0.323746461,-0.257922616,-0.544844794,-0.643702005,-0.85477433,-0.658113488,-0.86031716,-0.367375233,0.271274748,-0.735009794,0.478728121,0.627067034,-0.469894215,-0.54819542,-0.55542157,-0.525697177,-0.356475556,-0.300704499,-0.252195786,-0.024042472,-0.466517947,-0.142873543,0.331518134,-0.359289131,-0.714239798,-0.406689326,-0.511976245,-0.623930562,-0.321211632
39.25,39.5,39.75,A,10,-0.105652941,-0.800668441,-0.736506449,0.049137525,-0.398784748,0.231002186,1.239354969,-0.601892873,1.432457803,-0.632086095,0.754270878,-0.567339065,-0.469169006,-0.113295969,1.299520456,1.645230972,-0.961530001,0.89652119,-0.820279188,-0.761508028,-0.992279385,-0.368768608,-0.311636254,-0.708254266,1.867688248,0.085774853,-0.545745461,1.307476291,-0.092685112,0.161960535,-0.844790064,0.313224899,-0.918497883,-1.104515777,-0.629920956,-0.82514004,0.900309742,3.211580156,-0.797596745,-0.89921116,1.231281286,-0.910241045,0.444190988,-0.913223186,0.581752515,1.405632874,-0.915183442,-0.545063564,-0.662253264,-0.798674597,-0.455037812,-0.674985487,0.051282238,2.197383054,0.160065995,-0.291894038,-0.038050082,-0.565475884,-0.404465148,-0.447681404,-0.188208688,0.172141762,-0.250994989,-0.444459761,-0.406881049,2.981301998,2.479453669,0.620155277,0.699088108,-0.44004865,-0.302271374,1.29620642,0.268868267,-0.315009462,-0.98719308,-0.158951277,-0.542367512,-0.536486318,-0.30348239,0.722834353,-0.274562037,1.986366147,-0.847954569,-0.865409096,-0.957004322,-0.668924326,1.290776802,0.286304725,-0.967103043,-0.503501682,-0.335888846,-0.456656683,-0.588758345,-0.550176611,1.844232342,0.04697592,-0.635942339,0.096167869,-1.002365407,0.000964616,1.238809307,-0.390732294,-0.609881709,0.75710675,0.481106117,0.336259374,-0.35341615,0.828017511,4.887229879,-0.935022301,1.679963497,-0.534678198,0.153310238,-0.848158497,0.465866878,-0.325100881,-0.449867881,0.208579204,-0.379614641,-0.942805811,0.352473785,0.420008277,-0.991378973,-0.549498352,-0.41894088,0.089778788,0.911634914,-0.96547389,0.553333239,-0.123527175,0.773786779,-0.860740127,-0.810094793,-0.647796758,0.486744213,-0.442944624,0.559551852,-0.769840701,-0.227055852,3.921030736,1.02713751,-0.040278189,1.493368189,-0.843634907,4.814458348,-0.458903361,1.399719804,-0.638066921,0.889777074,-0.721721611,-0.860179426,-0.387860208,0.321874073,-0.344097022,-0.176339839,2.904627204,-0.862941409,0.060996325,0.885496399,0.10628486,-0.032363907,0.090242224,0.040353084,-0.159455783,-0.108178143,-0.046885857,0.522154768,-0.085785237,-0.15210114,-0.158144748,0.623947648,-0.097250609,-0.072159027,0.198264073,0.692185594,0.164786096
39.5,39.75,40,A,10,-0.087866615,0.341101882,-0.900576025,0.264799728,0.178633459,-0.678615955,0.583702165,1.268432384,-0.225425979,-0.798021396,0.276250397,-0.104008163,-0.698255875,-1.053334115,0.404818428,-0.289368013,-0.199589028,3.012303074,-0.687900161,0.210592155,0.957453959,0.270033501,-0.325705551,0.250473002,-0.446492935,-0.58898903,-0.392169808,-0.612142735,0.016703289,-0.099140149,2.703563662,-0.639616321,-0.169353934,0.665773989,-0.066255663,-0.150975958,2.47637445,3.076821566,0.717711666,-0.818540219,0.611478004,-0.264328639,0.702417614,-0.64872421,-0.539394594,-0.938431966,2.766664056,0.987378116,0.604287155,1.42154442,-0.26372417,-0.073409228,-0.921117431,7.135777141,-0.137812453,0.058580105,-0.260982847,0.63980666,1.300932188,0.133108444,-0.165153154,-0.614945107,-0.095588344,0.670382431,-0.791393088,0.118607411,-0.484823091,0.272955795,0.588738851,-0.752448639,1.10438204,0.3967527,1.465598258,-0.396174641,-0.302560878,-1.030760054,1.056070717,-0.25919895,0.399910225,0.80432634,1.998543197,-0.655024777,0.658173109,0.148893861,0.624630813,0.804284308,0.287698746,-0.8428534,-0.369549109,-0.038495951,1.750812164,3.460387762,1.977535578,0.451373367,1.193335833,0.042550142,1.914343428,-0.137308142,-0.627164293,0.454420838,2.091407779,-0.470683261,-0.535041117,0.46148383,0.193304131,1.242953447,0.886343435,2.296590925,3.217988963,0.108203096,0.752360138,-1.000789332,1.372139491,1.51339861,-0.274684603,1.334005498,-0.768409595,-0.067688244,-0.381989024,-0.827494212,0.533361369,-0.738280889,-0.010198756,-0.460023184,1.66854294,-0.111537476,0.357712991,-0.773044839,-0.966167368,0.59812606,1.760968074,-0.16112915,1.426832588,-0.408766798,1.135438032,-0.329719074,-0.433409898,-0.228748101,0.842275171,0.030533425,0.332097968,0.148422053,-0.579913492,-0.811954347,0.729889528,1.6385866,-0.44937597,1.781435972,2.698651709,1.139258891,2.062429173,0.306392724,2.025654425,-0.286951406,-0.158093472,0.03320619,2.592452291,-0.076870893,-0.676050883,0.731637711,-0.005383635,0.08715087,-0.096997646,0.779550324,0.470288996,0.761115841,-0.125366694,0.323834576,0.26163008,1.048028668,0.949255123,0.165084873,0.009849085,0.363427427,0.662709891,0.655380586
39.75,40,40.25,A,10,0.52246572,-0.255642993,-0.745512662,-0.864265503,-0.550435851,0.017674966,-0.467953948,-0.699484071,-0.660059334,-0.30536478,-0.920546391,-0.846116788,0.028874599,-0.791642243,0.110177999,-0.98219174,-0.528437302,-0.546057142,-0.746235209,-0.471263934,1.014808896,-0.621096598,0.043204549,-0.036102697,-0.407340683,-0.508208086,-0.267564453,0.295756552,-0.980914488,-0.894440768,-0.598940529,-0.827636508,-0.354219909,-0.847122459,-0.0819008,-0.284172796,0.826222573,0.893583444,0.147793651,0.355036321,-0.086208732,-0.519801598,1.62218995,-0.232272811,0.153130838,-0.956543069,-0.554280173,-0.757488002,-0.674321765,-0.988976785,-0.852259219,-0.891991429,-0.076863311,-0.58974345,-0.908988896,-0.136010337,-0.523498341,0.151746473,-0.40747734,-0.589351688,-0.550334464,-0.943845613,0.168986795,-0.252545337,-0.893384047,-0.515239353,-0.776826131,-0.937412972,-0.537386126,-0.539089117,-0.46355862,0.04079537,-0.029350841,0.424416097,-0.642671205,0.15405016,-0.182336758,-0.178138338,-0.867293445,0.657425084,-1.094066547,-0.509643442,-0.631814241,-0.702341779,-0.861659053,-0.467222975,-0.778149164,-0.551887251,-1.060220321,-0.705784731,-0.887082841,0.586649237,-0.980153105,0.073814057,-0.940273838,-0.940056059,-0.40764707,-0.455831865,-0.94322507,-0.850605583,0.082759329,-0.692511857,-0.923983244,-0.83950724,-0.262430077,-0.619045872,-0.56275168,-0.926870639,-0.792581518,-0.802214686,0.429588516,-0.935279862,-0.766505751,-0.700793439,-0.091328784,-0.316931023,-1.010006458,-0.049807775,-0.527130755,-0.555375431,-0.134118468,1.040388035,-0.469461398,-0.894133432,-0.141842294,-0.82076269,-0.712161602,-0.974893069,0.609181347,-0.509422642,-0.765332017,-0.930706095,-0.187496619,-0.802017703,-0.702898401,-0.963023285,-0.31904978,-0.132462784,0.991886931,-0.782975152,-0.98675749,-0.829146921,-0.863875647,-0.707996099,-0.671161327,-0.831246829,-0.81576907,-0.619207058,0.765243896,-0.838370547,-0.79953559,-0.724370883,0.337774539,-0.520725739,-0.855906519,0.353108718,0.112290249,-0.946405676,-0.443958921,-0.817694075,-0.400857846,-0.569343815,-0.236189778,-0.077135701,-0.299457215,-0.482443754,-0.577707636,-0.10866625,-0.73627895,-0.574441214,-0.633913748,-0.452357076,-0.300722621,-0.45940749,-0.639828709,-0.43054239
40,40.25,40.5,A,10,-0.512144428,-0.183236223,1.069382171,0.25485303,0.062130761,0.774742396,-0.131094192,-0.589946943,1.046119194,0.243968401,-0.585630796,-0.139276121,-0.549940076,1.518656723,-0.641103114,-0.840939831,-0.23698381,0.168760704,-0.581324296,-0.727853693,-0.46747352,1.480993707,2.235366062,1.931770858,4.126562097,1.086216912,2.251284439,-0.561766008,-0.609145249,0.239648115,-0.408377671,-0.77916115,0.59544233,-0.835124109,-0.563621074,-0.965931801,2.829572099,3.324998427,1.28004475,-0.391762582,0.484348807,-0.762250134,0.019712468,0.319790317,-0.678656075,-0.429980059,0.242475728,-0.498740856,0.770678282,3.228872713,0.557396376,1.288004279,-0.664228017,-0.62749621,0.618206308,0.179728813,0.15662598,2.119200461,2.541131784,0.830092249,-0.717721523,-0.990256645,-0.679793966,-0.882352448,0.230886674,2.450076351,0.188577932,-0.495429642,-0.403316051,-0.732389486,-0.024549592,0.119571529,0.229875909,-0.420174022,1.823448349,-0.771860539,-0.032380958,-0.546810883,1.854103717,-0.911905227,0.542723308,0.704554477,0.449848527,1.182040577,-0.791657801,1.62258421,0.438693758,-0.740295284,-0.03451756,-1.029934551,1.959286769,1.381457574,-0.210974364,0.359413813,0.104162261,0.489433356,-0.878316053,0.32849569,0.367506253,-0.810821999,-0.356297655,2.236910595,-0.07065947,-0.135674717,1.247400889,-0.902863099,1.495082135,1.662993349,0.010715699,4.402866289,-0.875373743,-0.817369054,1.920999319,-0.358188608,1.411417317,-0.094078873,-0.474240167,0.815693756,-0.868878157,-0.179668731,-0.787828513,1.243148945,0.869769466,-0.451319378,-0.649585303,-0.464778124,0.276133436,0.346616628,0.888337506,-0.900394499,1.294527179,-0.611203244,0.07800351,-0.604785045,0.702336584,0.676390816,1.471627549,1.1690808,0.462848199,-0.827337465,0.251984667,-0.843428521,1.147674692,-0.309695241,3.952830296,-0.878741071,3.334949197,2.305473411,-0.701796458,-0.630106083,-0.404828418,0.760205307,5.90663555,1.778379992,1.164748326,0.296781715,4.703034568,-0.452042931,0.80115848,0.742120955,0.203477417,-0.261563431,1.171345741,0.408607922,0.269625119,0.699866202,-0.20317188,0.131931828,0.234403966,0.30896433,0.959047402,0.048031306,0.037010016,0.381148888,0.762914489,1.529619354
40.25,40.5,40.75,A,10,-0.144562557,0.755404143,1.196651872,-0.929721245,-0.554827697,0.165915535,1.505816801,-0.995515211,-0.169551874,-0.823657425,0.770592387,0.366600272,-0.396527991,-0.308753997,-0.180394047,2.944937778,-0.477553803,2.971895677,-0.655962888,0.254088506,-1.034557661,2.527167466,2.086156484,-0.088337034,0.020592189,-0.40551157,-0.763037275,-0.709924447,-0.494548644,-0.850290294,1.091555728,0.842810045,-0.451776495,-0.167106202,-0.142413115,-0.323696766,-0.640962282,-0.377317437,-0.072698473,1.584696582,-0.441788646,-0.91065795,-0.654496587,0.027624225,-0.316913666,-0.371748654,-0.181308383,0.629395086,0.350492856,-0.972196939,-0.248129961,-0.244349992,-1.060603671,1.931273319,-0.628124483,-0.467146584,-0.498490005,1.186190148,-1.04043097,-0.692785227,6.176006769,1.336871395,-0.675113518,1.523114194,0.328948728,-0.776876098,-0.750796813,-0.168182309,0.160741541,1.013326293,-0.825691491,0.249085818,-0.248880465,-0.246035526,0.079920052,-0.853415573,-0.911674829,2.916463201,0.416857961,0.212008112,-0.030859561,0.155932672,0.21981939,-1.007244278,-0.146089022,-0.492402659,0.036515681,-0.626828089,-0.712195558,-0.361202524,0.04946648,2.495784063,-0.322062958,-0.695087045,1.784811235,-0.32574689,1.898223824,1.230800232,0.692292696,1.228249042,-0.486923499,1.701172369,-0.272436752,-0.539975433,0.757928051,-0.714668931,-0.29570842,0.486347783,0.011740861,-0.944778982,0.182438239,-0.793126062,-0.675917,-0.168525336,2.420482051,2.317267569,-0.707330602,-0.114017909,1.611273693,-0.745908668,0.854668185,-0.776842826,-0.940943778,-0.091719239,-0.693064076,-0.262449689,0.547858539,0.681108028,-0.820039127,0.422916262,0.387755435,-0.48779352,1.205350784,1.462831015,1.064165135,-1.028172109,0.209194179,-0.693839414,0.134748718,-0.923359718,0.012972542,0.740821687,-0.847904688,-0.057048752,-0.609992942,0.019317407,0.042102092,-0.026315353,-0.960042885,1.049711925,-0.701431507,0.28647121,5.503616915,0.313758715,-0.545818226,-0.620128283,2.638501503,0.511038492,0.113950823,4.328017304,0.000595234,0.528892189,0.028770921,0.134309158,-0.284159866,-0.176259743,0.816804018,0.078863726,-0.296455395,0.803673068,-0.029730295,0.332663597,-0.107850772,0.133088051,-0.063637897,1.182797695
40.5,40.75,41,A,10,0.393862022,-0.804157068,0.491766506,0.464640676,-0.609827392,-0.704908708,0.599372448,-1.025184022,-0.815141867,0.72169871,1.132046163,-0.276985873,-0.081034644,1.52003216,-0.588910635,-0.474420916,2.192229687,1.068351079,1.954175707,3.042163012,-0.169631913,2.425008167,-0.247331155,-0.277465727,-0.307119974,-0.448383934,-0.753119967,-0.727593899,3.993304987,-0.388876643,-0.386372473,-0.169757224,0.993131615,0.064672107,1.284145469,0.038950916,-0.472972148,0.096328733,0.770330778,0.139564827,3.365652294,-0.57046548,0.377113019,-1.076932277,-0.896162529,-0.232287109,-0.397304984,-0.755193336,-1.002508294,-0.063312741,0.183480418,0.34308356,-0.850435253,1.49434532,-0.820061285,0.466018702,0.035951155,-0.733537777,0.163075114,-0.727302317,0.433427229,-0.122990226,0.834289181,-0.582758251,-0.580421872,-0.639246646,1.085392564,0.591901713,-0.534191134,0.368147841,-0.843185736,-0.715654498,-0.804946575,-0.935291801,-0.923646054,0.029636671,-1.025045188,-0.79573105,-0.397928097,0.697508921,3.335791995,-0.584329945,-0.678108286,-0.229884636,-0.593207505,-0.256869432,-0.39980874,-0.26825443,0.096580391,-0.119798193,-0.865084246,0.749646216,1.530842401,-0.3442642,0.557679986,1.684528279,-0.886402936,0.497809793,-0.151495091,1.035860514,-0.47786513,3.530665189,0.095377813,4.787751372,1.24776836,-0.333627497,-0.260821756,-0.362589289,0.61894787,-0.815891256,-0.821323383,0.070649779,-0.385497756,-0.335858735,0.757622221,-0.351970903,-0.343031118,-0.165006464,0.504637996,2.454673096,0.360582111,-0.45159385,-0.085299467,1.254392202,0.451398197,1.746118106,2.210660817,0.676139835,0.784632276,1.321196774,-0.958567275,-0.645734013,-0.8626845,0.199175319,2.830978581,1.841167367,0.336673847,0.282342689,-0.745208399,-0.837732882,-0.894834371,-0.771588807,1.697671585,-0.273864068,0.353085872,0.681644401,1.515845872,1.201522912,-0.114857837,-0.133698816,-0.915175515,0.096113256,0.197433896,-0.60875387,5.261807974,1.367501766,-0.451775445,0.154054724,-0.434724163,-0.582713129,-0.12878787,0.948764574,0.309878994,0.23580226,-0.125140144,-0.044538236,0.08535504,-0.571428341,0.030211122,0.380912072,0.802971568,0.138489473,0.8268227,0.144041074,0.326092674,0.408376949
40.75,41,41.25,A,10,0.188147237,-0.461768597,0.528883342,-0.448172867,-0.369225933,-0.795686737,-0.54128696,0.895769359,-0.713955342,-0.383657546,-0.736334283,0.056384916,1.527717387,-0.672693212,0.124919806,0.605249304,-0.481115586,-0.446886208,-0.094306632,-0.089347227,-0.129377411,1.224521353,-0.646815665,0.343090417,-0.607235457,-0.854825276,-0.930665829,0.532385722,-0.726229375,-0.66444876,0.99659762,-0.0820778,0.10876366,-1.006728492,0.252143074,1.031872085,-0.20303553,-0.286650082,-0.499024298,-0.873374018,-0.673223627,0.544424597,1.555810473,0.014290156,4.497455789,0.840548595,-0.314237768,-0.66998723,-0.076010604,1.204229367,1.295852835,1.091695324,-0.714938306,1.834077035,-0.994681886,-0.261277315,-0.834480989,-0.202871732,-0.725305681,0.355586947,2.241571053,-0.319915493,0.925952376,-0.160646899,-0.532330763,0.031126767,-0.832526138,0.167733981,-0.496483677,-0.013154729,-0.304830346,-0.885706188,-0.774262937,1.345592355,-0.777137362,0.31193323,0.16973463,0.554722457,-0.112518635,-0.79028095,1.150070518,-0.664006264,-0.683870759,-0.332420176,-0.590311482,-0.975276174,-0.52837888,-0.70954697,-0.526169577,2.524516121,0.626037204,-0.166093798,2.362093537,-0.138218672,0.376914044,0.399847782,-0.069924786,-0.421388627,3.162219948,-0.668658287,1.156403966,-0.611368791,-0.717699216,-0.329952255,1.053494468,0.666443369,0.074602845,-0.439473502,0.063169238,-0.693326187,-1.008071601,-0.795282548,-0.703188826,-0.03509144,-0.242246439,0.028565745,-0.693698604,0.071561737,-0.51766901,1.048134368,1.693123966,-0.055137211,0.451227115,-0.883533962,0.348845044,-0.421797624,-0.673729667,-0.883238211,-0.228401812,-0.168199427,-0.715932509,0.162598736,0.023328929,1.797199581,-0.621757438,1.324527807,-0.404141822,-0.667563875,-0.495887131,-0.743190998,-0.745014434,4.043272905,-0.333716152,0.558794887,-0.755447717,-0.433083052,-0.860472303,0.212153989,-0.500050829,-0.597322008,-0.213638053,-0.202410522,-0.996418043,-0.176417595,1.385266978,-0.390087557,-0.87760523,-0.214518481,-0.904193842,-0.529876725,-0.210095404,-0.020641174,-0.245960028,-0.056151378,0.692329975,0.084365623,0.101132648,-0.126275375,-0.133539364,0.546282834,0.022229394,-0.284698662,-0.082084179,-0.034081872,0.058911529,-0.311989907
41,41.25,41.5,A,10,0.269392549,0.98122218,0.65320181,-0.546607588,0.311831809,0.745883886,1.590980549,1.722805044,0.963656927,-0.806558361,1.294211949,-0.495368836,0.625107701,2.814076287,-0.649423504,0.091247465,-0.946806679,-0.618490264,-0.658269892,-0.742690601,-0.328275629,0.060810776,0.086859223,-0.514572369,-0.174597258,3.831737395,2.722035232,-0.284566669,-0.872162047,0.40128778,1.291719316,-0.731490516,-0.91589241,-0.946143367,0.370221911,1.55656681,-0.676245521,0.213804569,-0.970045667,-0.668745137,-0.854036206,-0.23794228,-0.25260646,-0.533150646,-0.554830372,0.940537315,-1.000053687,0.217534978,-0.659495602,-0.055200688,0.152654308,0.011804668,-0.746616864,-0.566943359,0.89903502,1.363658343,2.71654409,0.726476465,-0.536912711,-0.555068297,-0.266218474,-0.694406563,1.872587043,2.482800916,-0.587391597,1.359971063,1.929407572,0.617774355,-0.594498176,3.426680405,-0.341900273,-0.405605064,-0.89229637,-0.604431084,-0.095964228,0.926386419,-0.377896258,-0.276897487,-0.452897003,-0.859098948,-0.203301589,-0.393438562,-0.489441375,1.267977942,0.240755745,-0.23331594,0.699705597,-0.276858917,1.423430899,-0.860184206,-0.599415546,-0.767985413,-0.322923778,0.900562897,-0.447115616,-0.22486755,0.073331207,-0.218499233,-0.353400936,-0.184213401,-0.186670504,-0.634534713,1.212477301,1.51647069,1.393117036,1.316401335,-0.032164351,1.183342357,-0.659780853,0.17820471,2.329973594,-0.522529552,-0.396303894,1.319142544,1.113617603,-0.080662059,-0.68514699,-0.06241673,0.663234283,1.320580588,1.571776081,-0.341130633,1.004186754,-0.839255197,-0.80321247,-0.752869513,-0.108942221,0.492613942,-0.404434473,-0.683174677,0.423125438,-0.55485708,-0.523921744,-0.684243919,-0.530233628,0.902744574,0.000196012,-0.422720254,-0.943915657,-0.633174087,-0.751145411,1.167500061,0.034626479,1.155768555,-0.161838763,-0.463326996,-0.256671657,2.37413835,-0.54072321,-0.422669466,-0.912434632,-0.569013586,0.011185246,-0.531577563,-0.295192295,-0.452190292,-0.47056473,-0.847507744,-0.493737712,-0.76198663,0.588580881,0.071359363,0.492855643,-0.147625001,-0.298924365,0.346463166,0.954670654,-0.338060029,0.117532959,-0.214452737,0.528686301,0.499948939,-0.086444241,-0.296700034,0.213565794,-0.532301994
41.25,41.5,41.75,A,10,2.686230686,0.04375617,-0.799501167,0.602835348,-0.825975761,0.415426005,-0.68214319,0.755470637,-1.012381169,1.114006942,1.595089907,0.496156265,-0.741228327,3.327695726,-0.750524451,0.196391069,-0.123570597,-0.58741438,0.791849333,-0.43888095,-0.730498209,-0.09645343,1.383821774,-0.607616523,-0.630789482,-0.90999955,1.34118345,-0.215040346,-0.781289052,0.215878984,-0.907960989,1.907566903,-0.552408428,-1.005396053,-0.88158307,0.217976756,-0.517579196,-0.289251634,0.463581963,-0.349031072,-0.836181311,1.679901162,-0.658872436,-0.827879346,-0.512177175,0.004569799,1.870994847,-0.277880195,-0.436524164,1.580250796,0.036865409,1.796104112,-0.163503112,-0.663499069,-0.784324917,-0.798138395,0.068683129,1.647621451,2.533171689,-0.475529982,1.344724065,-0.851245584,0.552192526,1.475397677,0.507434375,-0.235045189,1.145360935,-0.411065569,-0.731751049,2.319908942,-0.412386558,0.296429735,-0.338977566,2.336686662,3.981175985,1.499295413,2.662089181,7.796462805,0.022199838,1.183235294,-0.17221014,0.606570762,1.324736848,0.421806147,-0.428319954,1.79223717,-0.594722211,0.438507285,-0.874207815,0.05948971,0.691784009,-0.356247762,-0.798393117,-0.573287801,-0.687464114,0.481850932,-0.293904375,0.264763127,1.194886614,0.43449956,0.67970801,0.4639064,1.998433095,0.29100565,1.4121898,1.402674595,-0.939483215,0.012445731,0.27653169,1.42959115,1.04572184,1.633995639,-0.854318944,1.516117782,-0.224281711,-0.680380832,1.008055171,-0.778864139,4.535548397,-0.341366723,0.278025645,1.481565248,1.134078258,0.741681868,0.864881196,-0.446099475,-0.533389816,2.255276017,0.309003515,2.066035756,-0.138552658,1.401903,0.761965611,-0.362807831,0.700545002,4.524797037,2.988276106,1.580734128,1.554287733,-0.388189679,0.431198544,0.073007833,2.373833086,-0.98393406,-0.489738643,1.825807442,-0.317281252,-0.012873019,0.236362859,-0.75193939,-0.5985362,-0.718631638,1.181451652,-0.70389464,0.370100027,-0.446263186,0.553319792,1.244907171,1.141356227,1.686745876,0.22977245,0.37655636,-0.103080239,-0.191408482,0.158620198,0.319745031,0.511591113,1.902621079,0.25738878,0.035848707,0.702700291,0.686022648,0.815105821,1.262295845,0.23844434,0.371055508
41.5,41.75,42,A,10,1.309369152,-0.942725353,-0.216571378,-0.280564293,1.022743466,-0.339837111,1.199857086,-0.718686178,0.668822319,-0.178591971,-0.732248742,-0.606228038,1.246642024,2.115105345,-0.004600937,-0.838222834,0.553853464,-0.033023644,-0.804768366,-0.092858724,-0.791750622,-0.12788324,-1.031130342,-0.628406168,-0.722590254,-0.550502758,-0.601783416,-0.825747636,-0.44984404,-0.641140389,-0.294012055,-0.789252268,-0.316823439,-0.890639718,0.17917652,-0.826309053,-0.789005159,0.098073828,-0.660917179,-0.457587125,1.745589283,2.296834614,-0.66773924,-0.428861595,-0.617511274,-0.482893888,-0.4845395,-0.811858577,0.682316634,-0.689716308,-0.240624569,-0.670141615,0.842002919,-0.692695589,-0.761215159,-0.508782387,3.86813736,1.36362078,-0.055964645,2.286054614,2.715474017,-0.680042033,-0.846254819,1.48861946,-0.850460813,-0.841722785,-0.776716891,-0.402735669,-0.876033245,2.212710343,0.545226106,-0.315548633,-0.873074013,-0.085293665,4.015930129,0.621111741,-0.720991149,-0.536408759,-0.68570339,-0.055571186,-0.244628175,-0.87271565,-0.227964005,0.502570103,-0.661038369,-0.392151689,1.949032272,-0.613816781,-1.030987332,-1.063299918,-0.812133129,-0.683134287,-0.825711749,-0.513873254,-0.50110222,-0.569184261,-0.089633546,0.880900425,-0.182737447,-0.86130255,1.111889318,2.652598785,0.076759003,-0.462241921,-0.643644836,-0.436227937,0.4052001,-0.734904582,-0.764730341,0.902035062,-0.252566345,-0.024382921,0.175810061,2.909239343,-0.052057445,-0.365231242,-0.500635541,-0.407919831,2.843483239,-0.567402562,4.602716932,2.877590829,-0.200139263,2.201815756,0.07326584,-0.878148188,-0.218969115,-0.784755017,0.707939279,-0.070217868,1.14090754,0.35007893,-0.080929447,-0.273726732,-0.946805828,-0.873075013,-0.69508197,-0.884084848,-0.202977195,-0.329268077,-0.55087634,-0.849561981,-1.046756697,-0.89605058,-0.965297094,-0.256876125,0.587093501,-0.225705161,0.645011254,-0.88691614,-0.255708306,-0.87419472,-1.07726497,-0.099370682,0.622574323,-0.738321852,2.371308291,-0.742563443,-0.866614168,-0.519666193,0.152381574,0.080364955,-0.637077887,-0.474729565,0.054162015,0.543039171,0.114283756,0.190967718,-0.265499954,-0.415791202,0.210673265,0.375833676,0.831109918,-0.279496264,-0.444593536,-0.217982172
41.75,42,42.25,A,10,-0.567950622,-0.88662819,-0.59067116,-0.095513826,-0.640115042,-0.686517998,-0.085922779,0.111183535,-0.093779811,-0.662118887,0.634391903,-0.602771427,0.463211681,-0.268524202,0.3610309,1.462234843,-0.262998949,-0.104429863,-0.081711187,-0.226087856,-0.78569597,-0.874950938,-0.046428018,0.090083299,-0.455882482,-1.08466032,-0.888349818,0.499605704,0.079080902,-0.965171729,0.032815693,-0.675116875,-0.856403103,-0.528065473,-0.840128415,-0.72925225,-0.280823177,-0.688571444,-0.962104133,-1.047966178,-0.846109054,-0.451310423,1.201403101,-0.821116088,1.077056362,-0.458999121,-0.756129998,-0.166103069,-0.404542736,-0.129731166,-0.47828318,-0.874516759,-0.073711848,-0.570923657,-0.475788365,-0.248455769,-0.60922683,-0.386000852,-1.041492072,-0.390220529,-0.395872254,-0.689431048,-0.085132024,1.183255683,0.921288182,1.605263323,-0.762646712,0.203308483,-0.734863818,0.101428308,-0.918278359,-0.728146729,-0.086227963,-0.643446492,1.168423633,1.06844935,-0.637318983,-0.620103689,0.067946885,0.643914712,0.463910466,-0.0199087,-0.086119972,0.376663617,-0.919891048,1.122698545,-0.524422474,-0.671663118,-0.983409356,-1.013025654,-0.703622534,-0.414891814,0.062560239,0.418211174,-0.717667884,-0.863403206,0.053296342,-0.703053512,-0.261892383,-0.771892892,-0.590658036,0.785254649,-0.458443151,0.875416919,-0.590463544,0.663960316,-0.758487424,-1.066562104,-0.628317464,-0.550634049,0.103877334,-0.087530936,-0.625158938,0.635279706,0.729264889,-0.00952653,-0.24953178,1.038038258,0.185638147,0.474257043,-0.928213281,-0.314688775,-0.06151101,1.054798147,-0.692899276,1.999594886,0.286363394,-0.965363303,-0.539195666,-0.379753909,-0.683187146,-0.547203215,-0.215269196,-0.230766617,-0.037143479,-0.808146815,1.753103661,-0.350231603,-0.001103985,-0.45044783,-0.542291616,1.784188456,-0.692164776,1.156470265,0.236428054,0.13153014,1.38344833,-0.851351003,-0.433358592,-0.770879192,0.989202346,0.093710881,-0.563515985,-0.627977826,0.376701554,-0.68555494,-0.664882464,-0.060796167,-0.583499153,-0.582679497,-0.419803478,0.137434584,-0.443236937,-0.657561536,-0.175558219,-0.514861986,0.134659812,-0.068478764,-0.225516769,-0.390235647,-0.231893389,0.219460719,-0.054086879,-0.157039622,0.140202007,-0.230929125
42,42.25,42.5,A,10,-0.449253569,-0.814943814,-0.655601087,0.374213107,-0.128039226,0.436552824,-0.806346557,0.306536795,-0.421868369,0.556085063,0.11460692,0.848282336,-0.170513531,-0.543438317,-0.828721983,-0.312477937,0.738726087,-0.565270202,-0.718599588,-0.779581781,-0.68345963,-0.520414521,0.39915121,-0.195236854,-0.499844537,-0.649757525,-0.470825338,-0.792906982,-0.741830665,0.93024817,1.044755501,-0.250365615,-0.775133059,-0.001985786,-0.901273975,-0.557461271,-0.325287588,0.131314842,2.388814458,1.910926955,0.402456177,0.505662661,-0.025920738,-0.369328179,0.630601447,-0.735508342,-0.26762992,0.117517841,0.931874916,-0.29934472,1.560628729,1.799793875,2.331323694,0.871555524,-0.683358664,-0.294280249,-0.678256604,-0.58878442,-0.646258234,-0.151798467,-0.526843879,-0.702215204,-0.766019116,-0.022526349,0.60244358,0.103029277,0.528397529,-0.234704234,-0.615195593,-0.446664081,-0.425152675,-0.53148813,-0.19966453,-1.043952308,-0.344672653,-0.036739178,0.474035512,0.518299708,-0.741350169,4.975448267,0.225284306,-0.215368063,-0.438006801,-0.863051682,-0.772137226,0.90953688,-0.440256778,-0.590875392,-0.872472847,-0.797217158,0.353054596,-0.136250338,-0.646370525,-0.361580515,0.077891671,-0.797705457,0.146404122,-0.801740379,0.094375491,0.794193703,-0.113668659,-0.544712583,-0.618739753,-0.148659928,-0.768570753,3.15545048,-0.184347263,-0.809008055,-0.537827643,-0.337597778,-0.285486678,1.241731611,-0.303719009,-0.716363541,1.303203097,2.048198842,-0.892535477,3.845769959,-0.838773943,1.209830436,-0.890961855,1.865114249,-0.585966872,-0.748866074,-0.340917821,-0.566611466,-0.24470496,0.093330188,-0.148897855,-0.294583373,-0.76088733,-0.495413569,0.198739141,0.398862891,-0.001690912,-0.161569438,-0.027324436,-0.293838872,0.185211783,-0.688919828,-0.648738555,0.011324497,-0.659506333,-0.72706604,-0.713398129,0.523873673,0.770881529,-0.525192528,-0.752068379,-0.761429742,-0.774420059,-0.955591929,-0.427210167,0.623824926,-0.754428633,-0.939109822,0.5017073,1.264422785,-0.193628539,-0.032985447,-0.160266483,-0.2216988,-0.322487667,0.266430446,0.089038114,0.352056518,-0.208029807,0.264476384,-0.385456476,-0.127772763,-0.090768193,0.66118553,-0.186306584,-0.164683057,-0.348132001,-0.168741959
42.25,42.5,42.75,A,10,-0.389062052,-0.720995185,0.229383185,0.124603868,1.363944459,-0.532696473,-0.725371236,-0.754283072,-0.575374085,-0.734179015,-0.461361549,-0.493151781,-0.299131179,-0.754138103,-0.819091563,0.493726101,0.013837263,-0.253992338,2.997895087,1.103248589,-0.617969174,-0.423850712,0.340770728,0.87890113,-0.116635172,-0.116202771,-0.156010772,-0.073196271,1.57118341,-0.675156043,1.038227214,0.22560597,2.086845137,-0.499441969,-0.351149695,0.326692915,-0.823400343,-0.454280642,-0.617945992,0.319224529,-0.362316579,2.492950907,0.395462046,-0.232353633,-0.356698434,-0.486617197,-0.760681007,-0.599905922,-0.103360968,-0.490729871,0.084546572,1.911553209,-0.534968163,-0.436550564,-0.397997302,0.432043797,1.400316857,1.499099986,-0.265537057,1.605621178,-0.435702556,-0.98787979,0.455561697,0.498538954,-0.219538583,-0.906122083,-0.609253,-0.857944713,0.409244788,-0.314474961,0.013421863,-0.667026836,-0.827817384,-0.752786404,-0.880197126,-0.679439891,0.019126779,0.200432987,0.807883741,2.411620428,-0.650540362,0.845716078,-0.886659686,3.402893774,-0.903387264,-0.33158756,-0.695655599,0.137543241,-0.232828181,-0.221653014,0.480094513,-0.464447975,0.529820903,-0.743700043,-0.88629765,1.527932967,-0.907784726,-0.933465788,-0.916858266,-0.161691676,-0.874151989,-0.301362798,-0.74515613,-0.994434315,0.185713392,0.271814461,-0.988888901,-0.009866164,-0.521429009,-0.093419706,-0.115307512,1.095897164,-0.119164846,-0.574659076,1.610418437,3.031258908,-0.716315667,-0.564130793,1.913914198,-0.342729194,-0.383495885,0.509736341,-0.454230148,-0.767739561,0.531965882,-1.091813234,0.490029645,-0.354350137,-0.002745436,-0.262820884,0.657491031,0.329959195,-0.947823315,0.411278942,-0.148008514,-0.690273929,2.638486437,0.135942486,-0.352849699,-0.696063326,1.06659158,0.413296976,0.641713199,0.706892639,4.703457742,-0.743354406,0.44155918,0.521355546,1.970984193,0.0818108,-0.834773796,-0.242109755,-0.008663998,-0.923296959,-0.460982994,-0.120568888,-0.774502899,-0.48304719,0.660191483,0.262337768,-0.27140296,0.152784053,0.061183435,0.125037712,-0.050425066,0.529812851,-0.296757025,-0.035478184,0.046384143,-0.247639774,-0.407118116,0.521918162,-0.178546342,0.133813931,0.980430745,-0.292541723
42.5,42.75,43,A,10,-0.46666101,-0.062991159,2.796480192,-1.034793147,1.092059443,-0.806699307,0.128832327,0.306174033,-0.638688635,0.657382964,-0.776647182,-0.088159165,-0.109391498,-0.524353333,-0.453613611,1.277415374,-0.728266668,-0.552699866,0.657875168,-0.581586053,0.161954507,1.818967407,-0.355363628,-0.694668267,4.679150234,0.84098426,-0.47706819,0.803768752,-0.839234723,0.362568588,1.152789039,-0.673985408,-0.788947186,0.155425369,-0.340352288,-0.909623313,-0.204583259,-0.128500981,1.164462178,-0.137859213,0.915444018,-0.59420247,0.680571596,-0.192614365,0.65468214,0.144006583,0.087091956,0.104483305,-0.235861253,1.557493552,-0.846134386,-0.158291468,-0.874950741,-0.962765781,-0.695027341,-0.529838373,-0.273548264,-0.287957492,-0.152334333,-0.933078191,-0.65991286,-0.512829551,0.860051595,0.07362005,0.946772268,0.579619891,1.969200474,-0.223288131,-0.71465161,-0.729972033,-0.129444786,-0.685524127,-0.430055099,-0.954446207,0.401244837,0.245300253,-0.745564403,-0.676526197,-0.764277369,-0.167601693,-0.966453662,1.105637387,-0.822636317,-0.862165125,1.928074491,-0.638466162,-0.706440847,-0.5450097,-0.295481993,-0.923758042,-0.419256975,-0.696242364,0.484728425,-0.547338896,-0.530256191,-0.798935384,-0.493600378,-0.680761495,-0.984928679,-1.016738948,-0.866478098,-0.907885302,0.336141644,-0.902561768,-0.092236495,-0.660111211,0.500073929,-0.291082636,6.109065257,1.445206377,0.850788991,-0.384702274,-0.079635346,-0.7109776,-0.477097875,0.580897222,1.236983876,-0.237424683,0.35324764,1.893907119,0.404747341,-0.394664855,0.375621485,1.528354712,-0.332954939,-0.754451902,-0.661208545,-0.385191198,-0.423486347,-0.770197759,-0.115858864,1.161602254,-0.504312886,-0.611860787,-0.146045523,-0.943422269,-0.067225988,-0.8075297,-0.093336135,0.399460378,3.436814235,0.822505256,-0.010251959,0.883733233,0.014708754,0.588662579,-0.830876733,-0.793321046,-0.686935608,-0.315558557,-0.852270176,-0.917875877,0.446484031,-0.900483366,0.331431761,-0.822879369,-0.586283064,-0.593618704,1.020538817,-0.017122394,0.19710957,-0.187942683,0.630105894,-0.071117506,0.312109506,-0.571392637,0.158861009,-0.390689479,-0.272669997,-0.568333089,0.46701317,0.302598707,-0.141343201,-0.172852952,0.310948015,-0.289207834
42.75,43,43.25,A,10,-0.427416622,-0.144028139,1.631163479,0.925851943,-0.113290485,-0.288443966,1.829013017,-0.588528145,-0.025476265,-0.710625007,0.466414386,-0.553647446,-0.613231715,-0.764606534,-0.855064335,-0.294649619,-0.295394885,-0.504620535,-0.394971158,0.692745165,0.125620913,-0.034869915,-0.562987812,0.532131365,-0.151669745,1.764161496,-0.925708818,1.14150389,-0.485530911,0.183788736,-0.489884715,0.407516107,-0.236084477,-0.406835362,-0.777477081,1.151395176,3.519379353,0.563517721,0.404168796,-0.29836228,-0.040010195,-0.705402683,0.134086873,-0.064944576,-0.827661766,0.93549276,-0.47790969,-0.075292635,-0.216540372,-0.876226712,1.768213497,-0.389534188,0.612290882,0.456429771,-0.430969838,-0.362790108,-0.084456885,-0.324171593,-1.00379363,-0.52099949,0.618325457,0.00376004,-0.6220442,1.253420492,0.593293402,-0.360349758,-0.271448934,-0.79319617,-0.351118662,-0.685186833,0.064737517,1.438476249,-0.489846739,1.217998532,2.398541508,-0.441685236,-0.427126209,-0.245170112,1.386627544,-0.197145946,-0.965602943,0.097734191,1.306369179,-0.806340581,-1.047123891,0.379452714,1.392716382,-0.315083907,-0.444602191,-0.506925219,-0.914660463,1.130651457,-1.023814479,-0.30188407,-0.664580507,-0.720666787,1.448790847,1.215656548,-1.133830432,2.325033664,-0.067969152,-0.745266931,-0.86655379,0.540318762,-0.20508755,0.395155791,-0.041448141,0.842707748,2.549625727,1.633363571,-0.506065078,0.693269713,1.908942859,-0.845510619,1.755382322,-1.092547268,5.336155772,1.681211611,2.491441619,-0.868251332,-0.345517963,1.360801056,1.109399123,-0.800439058,-0.708845039,-0.794597557,0.315244787,-0.164889031,0.448582717,-0.621840648,1.362162334,-0.025819965,-0.101084235,-0.5457765,-0.643971466,-0.370699462,1.202395918,-0.251250353,-0.694694568,-0.735014541,0.476260736,-0.795061548,-1.053818491,-0.022819501,-0.417415451,-0.251239018,-0.554489749,-0.478250178,-0.495879971,-0.79140766,1.505242671,-0.426490948,0.979841309,0.127945025,-0.831325885,-0.055509501,-0.749297964,-0.884612309,0.170679694,-0.282389268,0.208821981,-0.311702668,0.15864392,0.383733324,-0.2214409,-0.027978158,-0.061454517,0.470540711,-0.090940627,0.136069578,0.403484603,1.05540296,-0.020210161,-0.080375284,-0.438412083,-0.044591718
43,43.25,43.5,A,10,-0.540459963,-0.032845707,-0.460078713,-0.010349857,-0.825887976,-0.343227745,-0.498115525,-0.806363139,-0.312733846,-0.889787778,-0.224039671,-0.259193382,-0.687023157,-0.242027138,0.045971325,-0.285261763,-0.488194751,-0.251833091,-0.845609997,0.652696523,-0.80790393,0.905843346,-0.451800611,-0.542495785,-0.244410488,-1.057141259,-0.836403571,-0.778253328,-0.729774929,-0.565109487,-0.550571533,-0.792344125,-0.995362882,-0.647371801,-0.968883174,-0.267087542,0.928502671,-0.919795417,-1.008354779,-0.695689374,-0.397236612,-0.708268602,-0.231800958,-0.305316419,0.101810695,0.650437002,-0.890980521,-0.850448232,-0.519106501,-0.896976191,-0.514984981,-0.98493513,-0.861726989,-0.659152869,-0.775150948,-0.829014605,-0.867774919,0.342318321,-1.020358422,-0.512262551,-0.750869447,-0.006385649,1.467225332,-0.685276947,-0.287724517,0.147681912,0.50680728,0.401104894,-0.143089361,-0.603329586,-0.355093931,-0.753514528,-0.361432932,-0.211460496,0.203077684,-0.05077359,-0.315967062,0.823781018,-0.007580751,0.58002071,-0.258564752,-0.478289015,0.731098774,-0.714385043,0.091706165,-0.800639511,1.127812392,0.31912565,-0.34677014,-0.699541713,-0.645285527,-0.345318157,1.145436625,-0.620292039,-0.92289916,1.70327485,-0.043499895,0.073637351,-0.978835306,0.981346639,2.701925161,-1.041731188,-0.716730647,0.014076015,-1.000223752,-0.331527699,-0.452416238,-0.173417188,0.782893837,-0.466638127,-0.210597028,-0.895974741,-0.641150807,-0.693594659,-0.73063055,-0.753704367,-0.820351845,-0.47128615,-0.874377194,-1.080592128,-0.692904592,-0.905087385,-0.34530828,-0.979949269,-0.296727071,-0.651874879,-0.797978913,0.60566155,0.023543441,-0.093818062,-0.793000838,-0.863442769,-0.623169169,-0.650450365,-0.190131539,-0.050542945,0.534713652,-0.853807162,-0.139437488,-0.829339559,-0.776753459,-0.810943669,0.009959556,0.263897337,-0.694536148,-0.466807283,1.303237779,-0.746902617,-0.914294322,-0.207866545,0.268458233,-0.194957776,0.912522805,1.486974948,-0.948603203,-0.246398047,-0.220946829,-0.740856791,-0.903612901,-0.773179292,-0.471985025,-0.25845151,-0.510745004,-0.591695796,-0.404788634,-0.668304309,0.004614391,-0.044894388,-0.102844719,0.034756538,-0.068378983,-0.717225947,-0.413444346,-0.445860818,-0.304100937,-0.136059885
43.25,43.5,43.75,A,10,-0.328715776,0.159026514,-0.426426233,-0.068603704,-0.183876759,1.59975182,-0.560662262,-0.097176465,0.725777242,1.137572465,-0.58991185,-0.076059604,-0.243177628,-0.316927306,-0.906854779,-0.188838934,0.496762004,-0.474552301,-0.212846744,0.5892886,0.558415177,0.23199024,-0.745338719,-0.746220891,-0.940113331,0.896970452,-0.001969578,0.806897397,-0.773762273,-0.544680169,-0.789925497,-0.669034683,-0.488440691,-0.908840206,-0.825810122,-0.924415244,1.170517523,0.903942838,-0.779227757,-0.09747856,0.617519403,-0.814672908,-0.006149196,2.545568813,-0.292966066,-0.578510572,0.178504494,0.638401005,1.590322596,0.132380861,-0.395571815,-0.543059724,1.189577875,1.295767989,-0.050789671,-0.036273229,-0.305069806,-0.595696031,-0.37307219,-0.669416089,-0.757661102,-0.92808745,-0.755379228,2.308370296,-0.400808766,0.953639216,1.126439608,-0.058423638,-0.291257746,-0.758841905,0.947626712,-0.332555034,0.680465377,-0.334289585,-0.149495366,-0.48051686,-0.208923317,-0.72511831,-0.630529877,-0.579817265,0.242799321,-0.298171355,1.395017958,-0.160251856,-0.781371222,-0.251206605,-0.016500025,-0.300573267,0.096385718,-0.392661216,-0.149375368,-0.725033091,1.165407504,-0.069460021,-0.799363244,-0.322604005,1.16067196,-0.852643614,0.086327677,0.178089116,-0.396194181,-0.951832635,-0.013892764,-0.721237221,0.512042107,-0.557187844,-0.746217724,-0.953883511,0.654791823,-0.290237657,0.899245441,-0.461442149,-0.777376906,1.289130121,-0.92333703,-0.803799572,-0.466261622,0.965757301,3.406902364,-0.909777827,-0.737354549,-0.81010889,-0.588173338,1.43771451,-0.781260358,-0.301069741,-0.400887701,1.667189095,-0.732136458,0.305786764,-0.11987171,-0.163825147,-0.755892582,-0.516231535,2.056537037,-0.806226127,-0.754232642,2.208853008,0.422476802,-0.361133479,-0.273908029,0.879099293,-0.071943566,-0.494443177,-0.887458229,-0.498521402,-0.620565693,-0.53011557,-0.915611205,-0.770426094,-0.356320156,-0.58523283,-0.095398232,-0.824087748,-0.904865886,1.954525256,-0.691115881,0.654669965,-0.535034656,-0.374443488,0.195666684,-0.192311854,-0.12578117,-0.34087124,0.401039843,-0.048360269,0.043798929,-0.181315352,-0.046653255,-0.032798309,-0.346384961,0.221904012,-0.094030066,0.121045362,-0.418389367,-0.175730366
43.5,43.75,44,A,10,0.329908776,0.565705625,0.050438001,0.247297169,-0.535320004,0.4696386,-0.590062069,0.922235583,0.270972007,-0.173070599,-0.517374211,-0.336113791,-0.354746208,-0.143963386,0.576997001,-0.091357477,3.930225277,-0.341688222,-0.839155051,-0.913076773,-0.491178812,-0.978791889,1.122508175,1.882148968,0.066508394,0.219923528,-0.196968812,-0.443191204,0.29464102,0.988378726,0.127778434,-0.716165915,-0.15883731,-1.045281481,-0.150573582,-0.198458436,-0.480271391,0.135036595,-0.741925885,-0.576530307,-0.135331097,-0.834369193,-0.59579437,-0.092011451,-0.310455409,-0.93151913,0.299525734,0.956541891,-0.675521665,-0.586771626,-0.802026582,-0.259136279,0.647672308,0.919869113,-0.720762141,-0.868816656,-0.702479702,1.183059796,-0.386484958,0.537733904,-0.878648258,-0.123876026,0.87432942,0.652943825,-0.250886153,-0.244703924,0.468447843,0.30074079,0.184256677,0.104232944,-0.434017001,0.210337245,0.043386074,-0.881710862,-0.778842188,-0.2003751,-0.938768311,-0.576096185,0.715655004,-0.190866461,-1.005398109,-0.770788473,0.188483681,0.521486619,-0.415691264,-0.052865528,-0.493489535,0.172934256,-0.734671474,-0.419813512,-0.500582276,-0.775502872,-0.622644547,0.485565823,2.530900907,-0.959490988,0.400797044,-0.621527908,-0.45442997,-0.744081667,-0.052608803,0.634380281,0.188042518,-0.328710946,-0.13006504,-0.110347739,0.805259317,-0.986325899,0.415847378,-0.852410622,2.648836093,-0.30134862,0.53418688,-0.828500209,1.460384011,-0.306910961,-0.350526174,-0.337058764,2.579843784,0.330964575,-0.739925378,1.753789985,1.840848806,-0.290119493,-0.35053735,0.201052451,-0.885829259,-0.554364654,-0.230737078,0.886150047,-0.309232062,0.322509771,-0.97085435,-0.165040718,-0.60068032,-0.824545577,-0.121801905,0.263214064,0.241389605,-0.817699846,-0.452150646,-0.619536037,0.420235885,-0.465334569,-0.726694859,-0.778045648,-0.598789293,-0.376848987,-0.254731131,-0.528549064,-0.065448439,0.809049415,1.09813231,0.2286772,-0.929031793,0.334409685,0.164667132,0.508514249,-0.746020083,-0.274863827,0.155774309,0.096974716,0.246397809,-0.380522928,-0.290570632,-0.04513712,0.108683714,-0.303129778,-0.300981334,-0.126099645,-0.041693955,0.542987062,0.163032808,-0.298274134,-0.438044435,0.112808585
43.75,44,44.25,A,10,-0.34758397,-0.745799741,-0.851082455,-0.837004727,-0.39424662,-0.477165257,-0.290766082,-0.752311949,-0.670201082,-0.927262814,0.886619275,-0.744468708,-0.161491103,-0.800183797,-0.470380338,-0.513685333,-0.916389038,-0.629762051,-0.750195385,0.370578621,-0.990738224,-0.322158115,-0.745696563,1.8820703,-0.933722377,-0.936255852,-0.757243512,-0.252488172,0.434272868,-0.777095266,-0.120441523,-0.738998188,-0.175740015,-0.872010444,-0.317308116,-0.986143489,-0.586225398,-0.020728209,-0.851197131,0.563100296,-0.247125042,-0.402971409,0.392965809,-0.165870293,-0.865640016,-0.279462052,-0.64912933,-0.897705354,-0.414204174,0.120611005,-0.602223752,-0.255283013,-0.490130567,-0.232468446,-0.107037197,-0.60348898,-0.983219008,-0.480977664,-0.719151483,-0.814205142,-0.058826626,-0.543107028,-0.785867678,-0.784417345,-0.765170476,-0.61771148,0.284290552,-0.925014955,-0.090854043,-0.814976852,-0.710528734,0.17701582,-0.844966379,0.710721888,-0.541308068,-0.950060595,0.972880016,0.660246262,-0.883955438,-0.242118352,0.092714201,-0.981332265,-0.76943634,0.075081342,0.013532537,0.057857063,-0.406816413,-0.413967223,0.284674314,-0.16875005,0.218460564,-0.468550158,0.257271299,-0.752318771,-0.050365981,0.831412885,-0.767136097,-0.972075724,-1.014617611,-0.656572448,-0.699380672,-0.930885752,-0.797707661,-0.92391165,1.558778684,1.014945288,-0.653971586,-0.194780472,-0.362901453,0.602401677,-0.378140699,-0.189153834,0.309685459,1.266601702,-0.354193717,-0.677870529,-0.673220194,-0.725429918,-0.368907183,0.190359218,-0.397288717,-0.310742078,0.649578004,0.155004917,0.369896113,1.460724603,-0.564596212,-0.654388034,-0.945918861,-0.772665438,-0.799741678,0.314147296,1.812244484,-0.557781643,-0.463549026,0.003501988,-0.532513588,-0.399354045,-0.925481658,-0.570775727,-0.964560583,-0.338853358,-0.549210413,-0.71041144,0.197306513,-0.614802935,-0.352274879,-0.840085397,-0.714319598,-0.796723554,-0.093191748,-0.388162147,-0.919569716,-0.731307241,-0.302349962,-0.751050507,-0.899550407,-1.102152407,-0.900646262,-0.8561489,-0.62934247,-0.372935786,-0.339905491,-0.410569222,-0.340853086,-0.528818525,-0.510165593,-0.165207358,-0.221644283,-0.337449204,-0.13874136,-0.16002697,-0.10103957,-0.21193036,-0.568393564,-0.69441293
44,44.25,44.5,A,10,-0.523060686,-0.835381699,-0.499323607,-0.299481353,-0.720641861,-0.797318864,-0.953227087,-1.017513721,-0.870632157,-0.354574083,-0.678394639,-1.03588953,-0.803502758,-0.669542641,-0.822656762,-0.185967043,-0.888200176,-0.455847153,0.103331111,0.400158203,-0.409225984,-0.719352709,-1.003425974,-0.696792845,-0.890492592,-0.480227071,-0.735046258,-0.328044873,-0.711935603,-0.54299561,-0.445184246,-0.292923999,-0.783338507,-0.978047476,-0.875778959,-0.481529928,0.002735465,-0.771047541,-0.336509073,-0.954188049,0.352105494,-0.917186048,-0.588496359,-0.846738109,-0.855068932,-0.78551454,-0.383765375,-0.835985256,-0.838990376,-0.637460512,-0.885902577,0.209909813,-1.013532486,-0.265553917,-0.927820714,-0.562929237,-1.04961336,-1.038709927,0.863698584,-0.821349454,-0.252727214,-0.875583595,-0.401121281,-0.369980581,-0.9093156,-0.393446367,-0.775437641,-0.50579655,-0.354070928,-0.699493954,-0.821919188,-0.349578124,-0.333120349,-0.907778076,1.711046004,0.144017732,0.657122116,0.032960529,-0.866233157,-0.790592444,-0.875117425,-0.946611818,0.204189253,-1.026837931,-0.380901469,0.856260859,0.042601621,-0.472098919,-1.042388025,-0.730615154,0.018971191,-0.369211041,-0.95996748,-1.098565231,-0.162214898,-0.874840038,-0.7472679,-0.73635307,-0.4838675,-0.675380371,-0.69484353,-0.883112844,-0.861969876,-0.923525014,1.047860506,0.874589395,-0.538794146,-0.951856288,-0.32580291,0.370383122,-0.299126772,-0.684161281,-0.48903595,0.272762528,0.3586241,0.319965112,-0.609777527,-0.82998735,-0.575637375,-0.65505344,-0.893655922,-0.157983597,-0.976748042,0.025824014,-0.944133847,-0.26774579,-0.361541434,1.070225367,-0.824515625,-0.642616412,0.669174962,-0.626802276,-0.883293525,-0.684517657,-0.688591963,-0.196504681,-0.777209204,0.116746102,-0.272218133,-0.710789497,0.153394871,0.458949274,1.569982343,-0.395324811,-0.681649081,-0.802762354,-0.818670775,-0.408332967,0.291300418,0.493264911,-0.5726551,0.213364373,0.978801526,-0.838399516,-0.862706351,0.067414234,-0.830973689,-1.121602704,-0.322280711,1.000103622,-0.687115512,-0.503651139,-0.651753952,-0.591581231,-0.633710001,-0.549180327,-0.553697371,-0.152407496,-0.437151901,-0.608869634,-0.288707158,-0.319142795,-0.397289129,-0.405400587,-0.013984817,-0.228893432
44.25,44.5,44.75,A,10,-0.257074526,-0.745192259,-0.082864493,-1.097385447,-0.663261522,-0.781831907,-1.07703236,0.180607605,0.360330975,-0.735002087,-0.817217091,-1.068048024,-0.320769139,0.21350191,-0.839060925,0.766336105,-0.038932325,-0.103536475,0.249475283,-0.812380847,-0.362459084,-1.034306814,-0.472765322,-0.158866306,-0.905677751,-0.952624105,-0.973662211,-0.859456796,1.034848431,-0.379395108,-0.16688626,-0.821925488,-0.677743863,-0.941067951,-0.570678887,-0.113728967,-0.930624458,-0.714907198,-0.929555336,-0.62539317,0.494239383,-0.981861438,-0.829286621,-0.638200172,0.658723044,-0.958396222,-0.563710768,-0.298211527,0.378616863,-0.008945034,-0.436441391,-0.801116042,-0.259003685,-0.856218225,0.39328021,-0.935658065,-0.049608551,1.24058765,1.520547449,-0.979780841,-1.045434435,-0.533467215,-0.951962178,0.841795856,-0.75541708,0.729597963,-0.429294495,-0.398787457,0.730101658,-0.303782015,-0.898518561,-0.536696885,-0.092659452,0.861651666,-0.51872093,0.554305531,-0.225619281,-0.803936549,-0.85671528,-0.20065651,2.754821379,-0.69990161,0.599038928,-0.78033317,1.755207984,-0.32374968,-0.650528031,-0.833355942,0.049761326,2.011839201,-0.599928576,-0.423895976,0.81177244,-0.691669036,1.139561933,-0.786650111,1.132051909,-0.213528047,-0.90168088,-1.003621587,-0.10524646,-0.848646319,0.261122889,-0.765281992,-0.725602085,-0.078909374,4.069594194,3.480253158,-0.536924931,0.231021636,-0.861130317,-0.78487772,3.244391413,2.964580186,-0.683642782,-0.53870855,-0.878196294,-0.32698908,-0.76644005,-0.726626257,-0.771953904,-0.260278151,-0.788740748,-0.706788188,2.182398191,1.031480744,0.389093901,-0.911263194,-0.454908809,0.055416296,0.626603454,1.78493973,0.567099377,-0.75547916,0.032759823,-0.36732739,0.007452837,1.49728948,-0.540445322,-0.612859667,-0.521441576,0.142999492,-1.030412437,-0.764728011,-0.043936208,0.305395325,-0.200256017,-0.920435501,1.279143262,-0.572456619,-0.825758663,-0.566697133,-0.09451175,-0.656180509,1.081930693,0.503508681,-0.556768376,-0.897984756,-0.43177533,-0.807033508,-0.489870602,-0.277063153,-0.506436507,-0.649251158,-0.274703249,-0.116341149,-0.21166494,-0.271756625,0.388280038,-0.153758793,0.498138072,0.064236055,-0.023554386,0.224003316,-0.232612829,-0.325127065
44.5,44.75,45,A,10,-0.419748037,-0.461647143,-0.835834057,-1.026141527,-0.485463967,0.802289702,-0.237933418,-0.664494027,-0.404301236,0.189643022,-0.860771377,-1.003414318,-0.663594683,-1.035881785,-0.796301321,-0.200089857,-0.018516347,-0.004390633,0.319484766,-0.116778162,-0.134892144,0.031555775,-0.532110031,0.206130623,-0.748784565,-0.901179198,0.092153375,-0.222146709,-0.809745539,-0.268491701,0.238869731,0.069095848,-0.830087674,-0.59911256,-0.953565867,0.765896706,-0.83607211,-0.49366235,-0.484334959,-0.963061141,1.673871005,-0.491690288,0.479805095,-1.005976109,-0.391808233,0.028177396,-0.64773954,-0.653822791,-0.861294484,-0.13322938,1.00316224,-0.675656327,-0.453258553,-0.91724826,-0.758852869,-0.440540311,-0.236871102,-0.903076105,-0.552638903,0.067023048,0.006503161,-0.848346174,-0.734216827,0.425177696,-0.525432551,-0.218772687,-0.301596269,-0.206834573,-0.399453329,-0.428474098,-1.160321196,-0.747683837,-0.91839614,-0.614203354,-1.005916346,-0.781699443,-0.92195443,0.363026754,-0.447223738,-1.153987132,-0.347748931,-0.816927788,-0.594226301,-0.472905172,0.126806708,1.567875603,0.708302273,-0.03734453,-0.824362682,-0.302435114,-0.605958988,0.861318318,-0.319985951,-1.073557058,1.563498358,-0.735147228,-0.596988522,-0.365866259,1.42129926,-0.733765498,-0.74396908,-0.938643955,0.976972735,-0.534162218,-0.932458115,0.886590616,-0.193343245,-0.84477848,-0.941658967,-0.679814245,-0.060398967,0.235314932,-1.056081743,1.320014248,0.348924735,-0.816767113,0.724429929,-0.265213544,0.162232685,-0.979203284,-0.772227213,-1.001962267,0.15648177,-0.927473709,-0.682964949,0.757900266,-0.84354533,1.272716038,0.647496249,0.374899264,1.232359914,-0.53746372,2.449241996,-0.676715507,-0.810214891,-0.358030357,-0.515276407,0.234290176,-0.095857844,1.218395725,-0.851981553,-0.902474542,0.304730594,-0.689623711,-0.61743481,-0.265655562,-0.346400632,0.45267548,0.307825275,0.655902398,-0.437492601,0.084605293,0.605135721,-0.726433651,1.732699035,1.767801898,-0.576277963,2.91097156,-0.537995884,0.856921013,-0.354363069,-0.438025372,-0.328751011,-0.408603438,-0.200370733,-0.386795714,-0.323144565,-0.738835886,-0.099296593,-0.058515357,-0.394526495,-0.038674812,-0.101867988,0.214072909,-0.195243706,0.567993442
44.75,45,45.25,A,10,-0.198925726,0.274186338,-0.841696933,0.645786275,0.417207698,-0.715746878,0.019915026,-0.97352103,1.170014954,-0.441620871,-0.212335066,-0.028282561,-0.64181985,-0.110012046,-0.66784636,-0.21129795,-0.385388022,-0.388128887,-0.250681647,0.672069519,-0.868825594,-0.341208244,-0.632198929,-0.491880511,0.147213724,-0.441651983,0.970942174,-0.174202868,-0.491656995,0.086240433,0.99394272,-0.210631882,-0.815928869,1.281454873,-0.844488987,0.937513795,1.207132699,3.680087537,-0.780969442,-0.684440235,0.696631757,-0.619003698,-0.149484406,0.281215996,0.275911263,-0.07681253,-0.717928479,-0.829016485,-0.862694596,2.767606736,-0.33731326,-0.973377257,-0.206911574,-0.289411596,-0.161548688,-0.766379459,-0.568309487,0.083944205,0.180097845,-0.694861653,-0.72317131,-0.084873728,-0.664262234,0.106775429,1.302863772,-0.975827031,-0.86905285,0.501723013,-0.732659041,-0.481346833,0.565247854,0.13118975,0.100253362,-0.511416221,-0.618466841,-0.516846077,-0.340737925,-0.87028348,-0.512060811,-0.819277057,1.018104169,3.525288648,-0.86377916,-0.167198487,-0.545514307,-0.495916765,-0.369609413,-0.609430487,0.101393944,0.143358738,1.394241316,-0.516944953,-0.643877284,0.55686687,0.463047717,3.144976763,-0.617659979,-0.328988759,-0.204165917,0.961014026,-0.615932127,-0.56928118,0.306003596,-0.780842717,-0.441846837,-0.63192445,1.23175734,0.045423029,1.293158823,0.242150195,0.640693697,1.277139382,0.554683478,0.205505269,-0.285799441,0.106497857,-0.437259214,1.552916468,-0.480815871,1.01611773,0.214770592,-0.862289041,1.003653177,-0.533055982,-0.925253697,0.126786113,3.154779479,-1.004702365,0.549684603,-0.49071489,-0.793000891,0.363546999,-0.439926762,0.175841558,-0.687362755,-1.003639107,-0.264360737,-0.759472683,-1.041533694,-0.421413337,-0.162567524,1.121284702,-0.541117583,0.529736462,-0.800326488,0.209863872,-0.897975346,-0.187610946,0.002657254,-0.478669568,-0.820401125,-0.713063213,-0.389152717,-0.39861324,0.390759146,-0.88759672,-0.209983539,-0.944999734,-0.752442841,0.896985574,-0.064440115,-0.222372287,-0.223722879,0.476367221,0.076642556,-0.373407092,-0.261983081,-0.339239745,0.173669688,0.42085098,0.007866567,0.414967935,0.123365799,-0.487132141,-0.120472517,-0.382850841
45,45.25,45.5,A,10,-0.469741848,0.804114353,-0.284470714,0.986144614,-0.634725125,-0.555715513,-0.563780056,-0.575477301,-0.894927076,-0.836767826,-0.824152111,-0.68265332,-0.722222426,-0.665498586,-0.950915832,-0.988279139,2.826035573,-0.32777979,-0.487693646,0.622670369,-0.283583585,-0.252030048,-0.589640033,1.097933071,-0.305855028,-0.897498553,2.55347753,-0.614033311,-0.318606453,0.207193219,-0.13631545,-0.346655287,1.450826877,-0.738051738,0.95976517,-0.460168535,-0.39878587,-0.792039411,-0.488163155,3.184863932,-0.112978808,-0.628941863,-0.3796372,-0.70787416,2.516739991,-0.61199726,-0.518294679,-0.707451761,0.806293106,-0.873950931,0.453197616,-0.382670462,-0.857369388,-0.751131125,1.954631079,-0.412743612,0.265177436,1.125980307,0.215979396,0.641692338,0.646608952,-0.77025737,-0.881714,-0.879791525,0.511709444,-0.200888797,-0.547132941,-0.054370107,-0.796277217,0.568447481,-0.891792859,0.277429611,-0.137333889,0.205286883,0.557063606,-0.439601562,0.345526558,-0.733983375,-0.841707537,-0.595732768,0.748048138,0.777031277,0.690527584,-0.017259578,1.553466279,0.333021384,0.318652789,-0.858381109,-0.710727734,-0.340551301,1.169239857,1.10270849,0.99179472,-0.411498878,-0.575754566,-0.032070344,-0.878094108,-0.640275052,-0.714333744,-0.425555171,1.720493837,-0.412320475,-0.623249188,-0.98370682,-0.535755429,-0.507546574,-0.014788474,-0.650956477,0.204897068,-0.361220934,0.237367193,-0.116123307,-0.968610511,-0.041291531,-0.214364731,-0.849171504,-0.774998975,-0.681435758,-0.389875576,-0.481560169,0.919759361,1.472426605,-0.562924507,-0.130466465,0.026483121,-1.079028126,-0.526251443,-0.938263797,1.489901951,-0.235422773,0.403873508,1.289809838,-0.460098277,0.042414706,-0.282925408,-0.880754913,-0.447898715,-0.831741339,1.085257169,0.755154055,2.985933979,-0.443171558,-0.767897058,-0.825111604,0.503471529,0.307237195,-0.904418412,-0.529603322,0.017417956,-0.20439882,0.854808918,0.280102166,2.863959033,-0.738354155,1.929065949,-0.108045513,-0.194363398,0.479306726,-0.646164068,-0.310767722,-0.302534649,-0.220048891,0.059735681,0.223527653,-0.121809356,0.225274358,-0.240366608,-0.225484533,0.249382773,-0.041383879,-0.216415346,-0.428006487,0.043621393,0.067309062,0.013945989,0.440954793
45.25,45.5,45.75,A,10,-0.528759787,-0.700537175,-0.123909468,-0.848646342,-0.638266389,-0.733666131,0.85722988,-0.299433161,-0.62505328,-0.729865209,-0.562053391,-0.13244912,-0.710860034,-0.126225336,-0.913336685,-0.68221829,-0.172254119,0.144896711,0.031073869,-0.86755102,0.843128032,0.226415184,-0.277037352,-0.304534363,-0.218835593,-0.626498129,-0.885483648,-0.686373968,0.095221529,-0.961552871,-0.442723582,-0.277728262,-0.104053141,-0.784306989,-0.340431408,-0.28972993,0.278055335,-0.713662215,-0.846295424,-0.284505078,0.295592908,0.160517987,-0.355070586,-0.662043953,-0.793176175,-0.184479709,-0.923864854,-0.355691631,0.223221215,0.207937133,-0.469666069,0.903183778,-0.263403951,3.083425612,-0.557483257,-0.61584377,-0.255855449,-1.07040068,-0.748911259,-0.162286125,-0.981635432,-0.274911124,-0.579816288,-0.590100442,-0.142191992,0.748402802,-0.565919475,0.499065948,-0.404893465,1.096385844,0.730128551,-0.911613952,-0.505129649,-0.6241703,-0.232670392,0.299971347,0.822293349,-0.386253396,-0.631494433,0.324426305,0.892137775,0.398972288,-0.742445183,-0.876264469,-0.48501786,-0.976215491,-0.699891833,-0.335332017,-0.559364488,-0.488478879,-0.896659794,-0.640514897,-0.398353697,-0.621335122,-0.663785005,0.419127039,0.599832589,1.722736558,0.677709795,0.583692005,-0.664352064,-0.378360106,-0.532491943,-0.104543063,2.011317875,-0.524794345,0.651560286,-0.961259339,-0.168585911,-0.204753694,0.34697055,-0.841188087,-1.047137737,-0.585478064,0.779344383,-0.535744038,0.636354502,-0.797115554,0.553837927,-0.426691227,-0.837843048,0.272752262,0.925200285,-0.310029632,1.122344178,-0.728851877,0.133892126,0.759998874,0.656134553,0.222045903,-0.362768358,2.960185596,-0.634447449,0.385847047,0.050294902,-0.603583995,-0.161385834,1.436832212,-0.901798661,2.030623359,0.522507583,-0.360555085,-0.848568456,-0.460309536,-0.733137831,0.220597933,4.505665241,3.893933501,2.377607221,-0.541974353,-0.090300577,-0.053837528,-1.038254506,-0.203470132,0.974741471,-0.610948866,1.563716989,0.872585051,0.813153016,-0.052393478,-0.437090706,-0.399097742,-0.279555118,-0.380538069,-0.238705766,-0.015724117,-0.119561362,-0.111451257,-0.387190016,0.078244947,-0.08762623,-0.191684735,0.221564362,0.419979882,0.857576622,0.217499144
45.5,45.75,46,A,10,-0.534916025,-0.962381453,-0.954928255,-1.010174691,-0.902516027,-0.690635352,-0.822301512,-1.038138448,-0.684762577,-0.326684827,-0.486136088,-0.518669385,-0.839280537,-0.970858098,-0.892494318,-0.862766044,-0.973472065,-0.716483522,-0.734390506,-0.811817112,-1.014754066,-0.864638061,-0.377982577,-0.485728052,-0.651048045,-1.042806673,-0.896455896,-0.797898785,-0.310565405,-0.876875847,-0.219994598,-0.378383726,-0.810494244,-0.820003787,0.183407671,-0.176820306,1.573565959,-0.163902807,-0.605015511,-0.933524743,-0.572190962,-0.239492874,-0.403014132,-0.499752416,-0.100506108,-0.908014205,-0.28866539,-0.561052703,0.205082406,-0.674010156,-0.595948325,-0.992819064,0.369616724,-0.636091859,-0.208036255,-0.778128647,-0.714109637,-0.924109087,-0.98516951,-0.542591805,-0.792218228,-0.521261805,-0.916873051,0.37450143,0.512628616,-0.191364649,-0.514534075,-0.599521482,-0.870463076,-0.097397118,-0.875288827,0.005486581,0.966251472,0.917927106,-0.447178954,0.619845084,0.094203292,-0.822546325,-0.560580065,-0.753838124,0.124994562,-0.684472679,-0.30503255,-0.77822379,-0.8038918,-0.755289308,-0.356161799,-0.147332146,-0.3908138,-0.405789558,-0.706991998,1.728569901,-0.213154222,-0.706537011,-0.870078716,-0.825533416,-0.693279856,-0.826481788,-0.006115218,-0.340414352,-0.311138543,-0.601458125,-0.982084911,0.593295813,-0.800462759,-0.34958522,-0.521508708,0.437976305,-0.274662918,-0.659037925,-0.812345746,-0.941660829,-0.569495373,-0.894198941,-0.631391802,-0.504945884,-0.168520033,-0.779150169,0.790485416,-0.687657109,-0.723785506,-0.124842111,-0.741797845,0.467961618,-0.807668781,-0.221076355,-0.965594492,-0.321182467,-0.256485026,0.63913075,0.742079164,-0.702797677,-0.685362248,-0.699614359,-0.484875672,-0.853851769,-0.614591705,-0.856527645,-0.970578576,-0.606583219,-0.76418506,-0.242705098,-0.145622286,-0.281662831,-0.327100532,-0.137555188,-0.058339279,-0.322055099,-0.209184286,-0.49056595,-0.430215626,-0.672786073,-0.271947327,-0.32436525,0.740234577,-0.389062541,-0.838338387,-0.730830756,-0.872061909,-0.138419227,-0.792743916,-0.780636767,-0.731875341,-0.235116609,-0.404161654,-0.600738747,-0.361650344,-0.085571876,-0.450201287,-0.346001668,-0.346866699,-0.519888047,-0.305534021,-0.573270371,-0.297897561,-0.392779252
45.75,46,46.25,A,10,-0.470813092,-0.803976645,1.029044924,-0.512694272,-0.39562308,-0.719323706,-0.541513212,-0.866926191,-0.575705702,0.00774719,0.196628885,-0.808145324,-0.146485057,-0.607686934,-0.817775044,0.149271365,-0.681214376,0.512366694,-0.548445613,2.415411843,-0.918415215,-0.029815439,-0.141883821,1.286074967,-0.437972925,-0.839853438,-0.55144204,-0.085059724,0.553530783,0.133197937,-0.716633782,-0.403068233,-0.292807269,-0.85085991,-0.482558985,-0.826850202,-0.229840483,-0.872040795,-0.571349188,0.383979276,2.332204794,2.441545155,-0.776568173,2.599067246,0.524563531,-0.093157796,-0.557612345,0.442190911,1.154073092,-0.161745314,0.102693328,-0.479800934,-0.583142995,-0.422867091,-0.931050748,-0.632469708,-1.006792468,-0.156668555,-0.811664844,-0.401230581,-0.798957196,-0.717534586,-0.959663968,-0.00302161,0.510307181,-0.746757753,-0.379201833,0.243777116,0.060972058,-0.275824007,-0.276514089,-0.370383927,-0.559142038,1.118907828,-0.504202301,0.043782019,0.451256434,0.42438435,-0.816519225,-0.61509772,-0.120754647,-0.647382338,-0.629512879,-0.28332892,0.08821703,1.255577661,-0.931035146,1.219939629,-0.351701893,-0.522009091,-0.481729481,-0.495157079,0.148594317,0.549675121,-0.407451899,-0.794655009,-0.469365432,-0.429373719,-0.095707611,-0.915021457,-0.671580235,2.576634339,-0.629810159,-0.896581051,-0.558963018,-1.020259928,-0.553115827,-0.080361329,-0.158982144,-0.483324882,-0.67056061,-0.429370505,0.783698716,0.589313838,-0.92871482,-0.454778784,2.601199169,3.532520271,1.265046568,-0.496375974,-0.002170177,-0.329437894,-0.218655056,1.451463531,0.940391843,0.302720125,1.061916243,-0.215620187,1.17670594,-0.847091144,-0.222588883,0.001782567,0.202619891,2.180716346,-0.111811492,0.402099787,1.65176606,-0.825482583,-0.675383669,-0.848318314,-0.637140121,1.166304558,-0.484918558,-0.248136738,0.962391982,-0.837852351,-0.343920499,0.020896838,0.349634267,0.665883254,-0.248155951,1.744991916,-0.307034229,0.192232965,0.175233016,-0.361388004,-0.995977048,-0.62413896,1.231389322,-0.122173875,-0.384978379,-0.033607356,-0.103163892,-0.486202957,0.79045611,-0.532299459,-0.30659046,-0.110352867,-0.092199059,-0.339019225,-0.247634423,0.579197787,0.332022322,0.175539971,0.061314263,0.068497915
46,46.25,46.5,A,10,-0.45787229,-0.521528457,0.124370032,-0.956493928,-0.873454214,-0.145515728,-0.216335696,-0.171724063,-0.98874324,-0.061769303,-0.772589935,-0.788314372,0.516211387,-0.173276672,-0.33294993,-0.680778135,-0.438935625,-0.673360129,-0.295650421,-0.365486336,-0.807583119,-0.808438291,-0.738035792,-0.360819938,-0.492149763,0.057040896,1.290825763,-0.53621461,-0.18873944,-0.671405048,-0.916969117,-0.87715759,-0.659384105,-1.014913467,-0.469673294,0.003136237,-0.833544788,0.066197099,-0.118955178,-0.889199275,0.230059363,-0.912053862,-0.204683111,-0.545637936,-0.358386028,-0.647479935,-0.719407113,-0.762921373,-1.014417687,-0.183417555,-0.345301832,-0.6033004,0.334398441,-0.981157866,0.247591494,0.243968045,-0.568877021,-0.364405509,-0.209853979,-0.807062572,-0.680594946,0.193840407,-0.491975727,-0.905953743,0.256093057,0.28649395,0.221340655,-0.010219747,-0.859107192,0.25268699,0.452771279,-0.428166367,-0.448086462,-0.173105505,-0.318896286,0.486823719,0.562729473,-0.741478766,-0.015944377,0.473012187,-0.33177151,-0.342656683,-0.72824059,0.99846463,-0.008235294,0.019420444,-0.863014803,-0.889193877,-0.814451947,-0.134448208,-0.685186843,0.530256143,-0.8509889,-0.469815076,-0.777423872,-0.43018235,-0.560973157,0.196013044,-0.877511505,-0.41695863,-0.031425839,-0.230384349,-1.014202222,-0.892060677,0.206838085,-0.590067852,-0.679854263,-0.279381558,-0.222548796,-0.474634011,-0.378890804,-0.297169156,-0.353711592,-0.122639789,-0.526176338,-0.991294285,-0.967511422,-0.835389657,-0.044860298,-0.549359392,0.177974416,-0.035785522,-0.560583479,-0.577071296,-0.191035798,0.797260862,-0.281404247,-0.970224045,-0.8776405,0.11172653,1.595422957,-0.509175226,-0.692530154,-0.87328366,-0.087648791,-1.010090281,-0.259878026,-0.742049895,0.561844147,-0.50898444,-0.087308667,0.380389753,-0.899084822,-0.124368283,-0.521572735,-0.247748709,0.71740294,1.103571583,-0.539084186,1.448659267,0.696778479,1.589348158,0.368365165,-0.868272586,-0.920764889,-0.763772895,0.980236601,-0.046133217,0.762843822,-0.334375801,-0.426906689,-0.400513017,-0.325551934,-0.571046348,-0.511834524,-0.30540012,-0.17373963,-0.015034111,-0.309412784,-0.434277115,-0.420772148,-0.506700273,-0.240678308,-0.252637337,0.123085614,0.146425283
46.25,46.5,46.75,A,10,-0.242998994,0.715150105,1.784269125,-1.020340229,0.027280634,-0.076339687,0.37799315,-0.444375595,-0.463987381,-0.053371368,-0.40819084,0.088513782,2.457476225,-0.364624398,-0.543261267,-0.567227638,-0.406199267,0.730271667,0.473749959,-0.361062761,-0.14725824,-0.083949136,0.060550738,-0.837017961,-0.91561524,0.384440846,-0.935525832,-0.637973639,0.415749632,0.452842453,-0.722881782,-0.387450754,0.258219312,-1.021393832,-0.748370788,0.520271587,-0.009654754,1.866727161,2.109337585,-0.927143745,0.371677965,1.849673084,-0.373345,-0.410484837,-0.359921151,-0.855159019,-0.852807303,-1.098691575,-0.766301345,-0.698767935,0.595006101,4.225654725,0.099842019,-0.424250863,1.136845407,0.021344838,-1.043248524,-0.153220712,-0.199617191,-0.464896008,-0.590254347,-0.500412736,-0.735128251,-0.690306739,-0.682673031,0.963586732,-0.575884567,-0.5322961,-0.727990031,-0.511036197,1.829037262,0.134112625,-0.550978247,-0.636798352,-0.458488689,0.691623932,-0.633548055,-0.712110416,-0.779963227,-0.548885205,0.492496897,-0.762488944,-0.618991278,0.962410218,3.096417834,-0.952613326,-0.481226905,-0.197038484,0.838106729,-0.596935738,0.760674673,-0.316813266,-0.94551026,-0.744008736,0.476770752,-0.832053517,-0.861954809,2.013334485,-1.040809352,-0.009204166,-0.552878957,-0.741514625,-0.321845946,-0.358439727,-0.824044174,0.642739669,0.589249185,-0.725572732,-0.666625372,0.624967857,-0.815253194,0.160823658,-0.650107912,1.430766467,0.867420862,-0.564574317,-0.300107741,-0.375995327,-0.031258397,2.646475737,-0.363054282,-0.123890316,-0.389441546,-0.550464337,0.352060597,-0.708091386,-0.407901598,-0.914364672,-0.550905573,-0.686209603,1.388714324,-0.805073632,-0.501226109,-0.284488341,2.736880066,0.407160355,-0.873752535,0.386369643,-0.920617784,0.232597224,-0.876313994,-0.695998056,-0.669607771,-0.917134947,0.449975499,1.379942878,1.9161484,0.845359283,-0.645264208,2.625827398,3.29044288,0.676912716,-0.059382673,-0.68947271,-0.451435859,0.128544708,1.120734618,-0.483613112,1.384554681,-0.816242441,0.060327976,0.109944546,-0.224375638,0.093765999,-0.319412712,0.379345979,-0.458239527,-0.166599837,0.1780137,-0.14995742,-0.233396482,0.236818984,-0.434226272,0.176656321,0.341293448,0.410104281
46.5,46.75,47,A,10,-0.274023585,-0.571210676,-0.257963612,2.523620257,0.007780308,-0.820529458,0.905057851,-0.023141907,-0.473419322,-0.806304825,0.815308284,-0.457073498,-0.043397625,-0.693087196,-0.976266809,-0.662554442,-0.647187868,-0.54858191,-0.590343703,-0.560787951,-0.401504094,1.882236284,-0.634092777,-0.436643173,0.038831989,-0.010056474,2.119985952,-0.41837219,-0.448875542,0.112174605,1.542667708,0.444085943,-0.422510508,-0.622850631,-0.421306364,-0.966394591,-0.939663972,-0.576108889,-0.978172528,0.85622477,-0.967972248,-0.704435376,2.11639398,-0.889471104,1.009731424,0.65921988,2.106528378,-1.035664201,-0.362458851,1.009942288,-0.000737232,1.015118833,1.365772414,-0.480620313,1.188978044,-0.053948966,0.086256385,1.045867723,-0.669133721,-0.558637764,0.460889724,0.187471729,-0.105078071,-0.967269838,0.132228954,0.494402716,1.103077234,0.29769941,-0.196052274,-0.787311049,-0.767405499,-0.27805018,-0.800652699,0.047108694,0.30189381,0.613602099,0.324598205,0.715373081,-0.565924626,-0.449835638,0.228764409,1.323810193,0.135228639,0.478067572,1.404732255,-0.7493506,3.371084301,1.918382808,-0.615261079,-0.278089404,-0.492003375,1.520231762,-0.769369805,-0.83761169,0.378450012,-0.012144763,-0.185909884,0.612213466,-0.713491803,1.801439754,0.768072985,0.167632223,-0.841527625,0.954575414,-0.096677364,2.703968482,-0.135618482,1.179512168,-0.097998328,-0.018831128,0.527713745,-0.486721804,0.09623344,-0.69203127,0.014329739,-0.408304663,0.139573522,0.082500237,-0.205611617,-0.174513706,-0.731486008,-0.7129581,-1.013510927,-0.911039957,-0.824796946,-0.80104155,-0.476630507,-0.705865177,-0.874051655,0.313536463,-0.442868676,-0.39233892,-0.805217042,-0.790999569,0.8973164,-0.533160042,1.493483063,-0.342881257,0.640450172,0.093839501,-0.864903857,0.649458363,0.863461519,-0.06347421,0.722708904,0.406470756,1.838629413,-0.643281323,1.124199974,-0.73777295,-0.844112656,-0.46576981,-0.27166393,0.072953766,-0.366687224,-0.476944489,0.429349488,0.632741765,-0.307214626,2.554011851,0.020986503,-0.436397272,0.180368458,-0.208402906,0.294181417,0.29389154,0.062005854,-0.085929275,0.721736909,0.130180367,0.458310835,-0.110683238,-0.673784436,-0.018237637,0.329549659,0.095666413
46.75,47,47.25,A,10,-0.214538816,0.380513351,-0.162669269,-0.534858503,-0.466897419,0.157887925,-0.114300335,-0.685528303,-0.333233948,2.011264475,-0.399753844,-0.507691594,1.010182105,-1.086446469,-0.57897903,-0.024574354,0.437832949,0.241256179,-0.704667885,-0.129334831,0.545427788,0.632155228,-0.56900308,-0.2151846,1.556991465,4.358135979,7.103732248,-0.825332765,0.608505375,-0.33966061,-0.529848204,1.354464351,0.373572778,1.963927259,2.14274943,-0.934079876,0.23740152,-0.1289347,-0.41087562,-0.775470844,0.597947711,-0.167685476,-0.580016216,-0.32968802,3.332688828,-0.595010886,-0.826376373,-0.425920881,1.421429124,-0.889864067,-0.466481895,-0.604175734,1.590470942,-0.299925068,-0.089204235,0.992717818,1.128992615,-0.203918527,-0.214908754,1.664662232,-0.090657502,-0.170018162,0.889007998,3.309805349,2.939627363,3.701795516,0.062242168,1.293404309,1.898985665,1.535474877,2.477591504,-0.413462077,3.002011244,0.610860592,-0.183625298,0.02170409,0.962008232,-0.735000614,-0.220735731,-1.106301265,1.266205744,-0.05660605,3.497939065,0.404095573,0.601771079,0.903859071,-0.199588673,-0.015259023,-0.461771048,-0.193573107,-0.270160172,3.405939652,0.203307613,1.32838279,-0.524110393,1.421357845,0.782141848,2.3190237,-0.741172196,0.278954239,-0.732156828,0.070215658,0.310880561,0.882154767,1.554320176,2.156041927,-0.710948244,1.902050597,3.513774475,0.070844269,5.223516167,0.438186534,0.154880492,-0.411641426,3.056242627,-0.883002105,-0.654168896,-0.473358177,0.207974171,1.027728059,0.457450725,-0.645188743,0.161212391,-0.678460436,-0.060337865,-0.739781192,-0.732307635,-0.830427925,-0.947768818,-0.529028426,-0.034642799,3.839831988,-0.692730944,0.012181284,1.239179398,-0.572997168,1.992118037,-0.231115802,-0.423344177,-0.93663433,-0.344766802,-0.889641225,-0.516436939,-0.34576498,-0.658096425,0.692226181,0.923681421,-0.316409141,0.670886026,-0.408789592,-0.221874392,1.122885145,0.233598002,1.805602404,0.168505602,0.055976572,1.460980864,1.752782462,0.973187803,0.058968892,0.003763916,-0.174217677,1.285576703,0.329290609,0.153750374,0.349822939,1.536966758,0.441505068,0.574707263,0.820366493,0.901717736,0.768635745,-0.454463792,0.419184549,-0.119311147,0.741061335
47,47.25,47.5,A,10,0.317327564,1.01320784,0.481692452,1.315276159,-0.131969707,0.213371966,-0.35189973,-0.068849099,-0.604362604,-0.779622486,0.729518557,-0.753640649,-0.800073277,-0.405733567,-0.757869005,1.40978428,0.873734981,-0.123777633,1.721158108,-0.644649907,1.959209578,0.741713456,0.947702241,0.993705225,1.689493473,1.557367229,-0.282829258,1.400943098,0.086984795,0.711493177,2.202360526,-0.41531661,-0.55648619,2.860251331,0.041892546,0.206735111,0.411034354,0.156172952,-0.526966888,-0.813806225,-0.20835428,-0.869377425,-0.884322127,-0.155266211,-0.133749935,0.503605839,0.81471486,-0.587340131,-0.815848815,-0.293085821,-0.570624895,1.404493411,1.162231727,-0.877386662,-0.888939488,-0.122881849,0.190336006,-1.002669269,0.429032572,0.717711024,0.87943709,0.333450736,1.178118246,-0.705037721,-0.82219396,0.249932182,-0.662361014,0.172720668,0.439780412,0.148194693,4.177239547,1.530358814,0.13330766,0.723931269,5.401532084,0.159782419,-0.201544601,0.172710596,-0.682767519,1.00102095,-0.433597817,0.269868093,-0.919841611,0.34033195,-0.787150809,-0.39464705,-0.934038505,-0.629486518,-0.824540722,2.369030631,-0.574559558,-0.493491857,-0.443349066,1.129120023,3.119701913,0.653638614,-0.125685344,1.287047655,-0.308583405,1.254361001,0.634203842,0.251013842,0.256904984,-0.188213754,-0.334441594,-0.739990145,-0.474120248,0.022048016,-0.93203284,-0.873812608,0.23355165,1.027686843,-0.910901923,-0.481477658,1.408385543,-0.221573477,0.645314727,0.429120077,1.004560342,-0.107643814,-0.280921375,-0.578839887,0.170196547,-0.847535139,0.389466471,1.10618959,-0.831804764,-0.386735839,1.502772042,0.067256725,0.266891218,4.302099828,2.981281975,-0.314917031,8.633970602,-0.52665589,-0.474438825,2.346351905,-0.457702777,0.438881163,0.022498685,0.799329858,0.070957424,0.985447239,-0.621206868,0.231500733,1.274737155,0.334448339,-0.83259074,-0.880035202,-0.359205177,-0.371690184,-0.58770264,-0.407943957,-0.154442649,-0.635990045,-0.558480758,-1.130317764,0.598879463,-0.38241962,0.140417235,0.124845189,0.980578301,0.356587091,-0.262902405,0.044130258,0.121204133,1.241557122,-0.194407236,0.549819998,-0.23784405,0.302702231,0.031004437,1.719576217,0.138508662,-0.398931333
47.25,47.5,47.75,A,10,-0.121936096,-0.537578695,-0.052816267,-0.702400443,-0.194921836,1.305404696,0.969874256,2.529265529,0.830314556,-0.63874109,0.313029103,-0.235507539,1.505960119,-0.799835808,-0.859654824,0.339349417,0.509425667,-0.500007721,-0.81557332,1.685661999,0.976856921,0.847435955,-0.17900215,1.288133229,-0.535784611,-0.677603989,0.343173362,0.05361486,-0.316693329,-0.677379463,-0.352731509,-0.811696786,2.246228195,-0.90393148,4.141129961,0.554101492,0.669460935,-0.651036919,-0.091579063,1.092303877,-0.234040069,-0.379333047,-0.378287982,0.703193138,2.222643008,-0.635502795,0.441930795,0.371286719,0.019242019,-0.751286992,0.146911125,-0.815910555,1.282786039,-0.142175007,-0.93521514,-0.504021681,-0.353737363,-0.538857383,-0.279670478,2.25174882,-0.029723466,-0.224594644,-0.2456938,-0.350644354,1.958085523,-0.004136356,0.351764427,-0.97819657,-0.775384099,-0.475265714,-0.825508401,-0.436170461,0.475336333,-0.15625476,-0.463288256,-0.720088234,0.089820514,-0.28810602,1.65494052,1.534539041,0.19797838,-0.671455487,0.949247664,-0.736138372,-0.626160192,-0.781317441,-0.211441006,0.579029505,-0.619992513,-0.216409919,0.149438874,1.171395535,-0.863333443,-0.143411445,1.87368165,-0.236077193,2.971543627,2.067753454,1.912735648,-0.211434583,-0.704953312,-0.694387779,-0.414492605,1.275132342,-0.336060636,-0.644353964,0.147537958,-0.864439735,1.337344523,-0.598020351,-0.874044784,1.106238678,0.23824056,5.377786951,3.18392454,0.663885517,0.065834435,-0.49270112,0.033050307,1.749761449,3.10055331,-0.073028213,-0.737100578,-0.91238,0.530319313,-0.464412385,-0.045424063,0.869212796,-0.689891958,1.092175659,-0.765414073,-0.68042376,-0.307830314,-0.481716794,-0.130477712,1.90181132,-0.064372242,0.29765945,0.435981858,0.347540374,0.12903406,-0.497217361,-0.017341193,-0.000186708,-0.765561084,-0.278332364,-0.49517721,-0.682709972,-0.410166123,-0.572768357,-0.020271558,0.654260653,-0.635646257,-0.458194648,0.654828709,0.249206708,-0.917934119,-0.747810797,-0.893035759,-0.824568625,0.338646461,0.114284709,0.112275079,0.58922487,0.13798448,0.011185838,-0.077378906,0.086522028,-0.213665938,0.869229212,-0.149669356,1.105197653,0.267002388,0.055275811,-0.359042631,-0.293916569
47.5,47.75,48,A,10,-0.373942047,-0.846290474,0.745220701,-0.273249247,0.496913673,-0.017121824,1.075889484,0.238141413,0.255917605,2.321882871,0.158125658,0.016244171,-0.587080489,-0.402881856,0.00573066,-0.78873154,-0.29095638,-0.741602799,-0.606824585,0.387198157,-0.327400693,0.827886601,0.004661751,-0.348443232,-0.696908774,0.488153777,-0.336361364,0.278103741,1.830681377,-0.933781516,-0.558240789,-0.631202367,-0.302569354,-0.509493649,1.373029977,-0.93551928,-0.799345481,-0.731381298,-0.318869146,1.405306206,0.93284638,-0.026914437,4.636765282,0.022970744,2.187137612,-0.421483016,-0.521841759,-0.529189107,0.190803703,1.391082186,-0.81342977,-0.655427372,0.672328495,-0.604874488,0.434743407,1.656343141,-0.675658013,0.84595263,-0.282096057,-0.073706238,0.43988298,0.573766991,-0.450804472,-0.826965293,-0.634153149,-0.818487853,0.301560953,-0.524197329,1.704063534,0.684666016,-0.822284445,-0.008336908,-0.447810887,-0.663946156,-0.085215929,0.852103209,-0.241729309,-0.318283344,0.169559576,-1.095303233,-0.8481864,-0.339904828,-0.847346677,0.159132808,-0.781166777,-1.030458133,-0.66704547,-0.557140739,0.692290809,0.799918441,-0.609597292,-0.001360369,0.102941628,-0.707413405,0.242284239,-0.386617742,1.982084736,2.136410446,-0.728462787,0.446090466,-0.312786413,0.395598484,2.116532016,1.25666821,-0.869434089,0.260620195,-0.866409129,-0.586327035,-0.887400176,0.447495699,-0.614081701,3.171159992,-0.18181999,1.881672147,-0.578021362,-0.479270333,-0.620623887,-0.612476379,-0.712653381,-0.693949521,-0.877453669,-0.372069882,0.126403282,1.524974067,-0.974314998,2.99946649,-0.045944608,0.308559877,0.762473038,-0.892307235,-0.436802713,-0.824779242,-0.86143843,-0.313002286,-0.258514024,0.253371982,0.434661141,0.374950376,0.586024687,1.09247193,0.004394098,-0.620289255,-0.612269384,-0.569952712,-0.130544942,1.13480014,-0.422376036,-0.692855965,0.564193806,2.666695832,-0.42387101,-0.738455896,1.756949555,-0.712381435,-0.09396416,-0.487071369,0.293803466,0.04518438,-0.683896157,-0.798521393,0.362336215,-0.2850779,0.078659167,-0.200828518,0.786217759,0.050417573,0.044933238,-0.266124743,-0.341990697,0.247635992,0.095455776,0.055993558,0.255978636,0.004694342,0.132179558,-0.184222402
47.75,48,48.25,A,10,-0.128072696,-0.192428964,1.296354785,-0.463825521,0.182689196,0.417552897,-0.529197089,0.721832517,-1.083642444,0.096955862,0.408137828,0.00172831,-0.082568147,-0.869487052,-0.973623638,-0.740405502,-0.391906654,1.535915863,-0.838336993,-0.370060763,0.33185815,-0.359875274,-0.276632442,0.48512516,-0.72088965,0.52012955,-0.599112186,0.257540154,-0.531203466,0.470157778,-0.728116707,-0.645474781,-0.064332576,0.614510843,-0.412814623,-0.839539001,-0.49953353,-0.284278387,-0.882967082,0.878162138,0.279661983,0.973475051,-0.737383215,0.340464714,-0.210861352,-0.702757311,-0.214747315,-0.164905155,-0.102673908,0.635213792,-0.536170319,-0.989192114,-0.439876357,-1.06879814,-0.426406669,-0.50907162,-0.355775253,-0.292435253,-0.894967039,1.805654744,0.052134737,-0.829164031,-1.070145547,-0.929077257,-0.06472145,-1.022449964,-0.117440816,0.816437135,-0.77872045,0.576346276,-0.361480629,-0.2090787,-0.741609902,0.146516823,1.129883261,2.189476056,-0.867186764,-0.536675378,0.418459507,-0.140621499,-0.280840957,0.847767021,-0.099620546,0.034173181,-0.955507981,0.59399286,0.119410702,-0.867597015,-0.95131594,-0.207018114,-0.256757117,-0.475757739,-0.929863446,-0.709184916,-0.162950541,1.210546279,-0.536373358,0.000854025,-0.935651812,-0.595346688,-0.759291261,-0.866976764,-0.47458722,0.423514987,-0.443707516,0.126247388,0.162468128,0.388346411,-0.625490507,-0.052057813,0.59056416,-0.3234216,-0.452954978,0.107803773,-0.983490283,0.659459352,-0.335653822,-0.401006641,-0.608598215,-0.29094939,-0.117997942,0.135183396,-0.467072219,-0.614928118,-0.622796721,-0.536578506,-0.347361552,0.863544476,1.111809247,-0.515529595,-0.309916949,-0.719044988,-0.661884445,0.077417318,-0.366679563,-0.575922624,-0.748397916,-0.597587256,0.362314858,-0.167160069,-0.158448,-0.467198758,0.339425203,-0.199826389,1.719192873,-0.510759726,2.742023072,-0.552462977,-0.665190061,1.214022919,0.032385748,-0.650472761,-0.981777754,-0.875699185,-0.496937255,-0.245084644,-0.901468265,-0.668417397,1.119617164,-0.707561467,0.031821854,-0.232060675,-0.042290223,-0.28643837,0.009548729,-0.370703802,-0.336680137,0.102768277,-0.176655679,-0.339048531,-0.212153417,-0.203824764,-0.111172753,-0.370686163,0.346077816,-0.437541582
48,48.25,48.5,A,10,0.545870428,-0.516352354,-0.240826699,1.620696644,-0.305855203,-0.537100113,-0.723982192,-0.435132852,-0.73391742,1.137612241,0.226058479,1.397146308,2.316034781,-0.566849613,-0.640337805,0.264695633,0.494680597,1.31097876,0.884662073,1.481964487,-0.392658251,0.999080429,1.508136303,0.164813895,-0.377975284,-0.022549854,-0.232207263,-0.509965742,0.35718034,-0.902305198,0.357176858,-0.742791845,-0.820277359,0.467582661,-0.132404782,-0.861893272,-0.570920135,-0.778093049,-0.878197108,0.193867746,1.6146086,-0.629802904,-0.436349783,0.044762301,-0.784212105,-0.003200065,-0.587561759,3.083472775,1.43462332,0.256171986,0.095822833,0.905689162,-0.712930524,-0.716457755,0.616822667,0.62821504,4.175363941,1.398253523,2.555710505,-0.201435738,0.157401569,-0.579789162,-0.795062338,0.333041493,-0.448270955,1.891656861,-0.064817653,0.039856753,-0.823021921,-0.523584153,-1.099213232,-0.203974157,-0.24276866,-0.733561843,-0.110793036,0.892897178,0.649278661,-0.723371232,-0.639325492,-1.099292749,-0.518501272,1.867457935,-0.30459624,-0.809367212,-0.13127098,-0.806571447,0.085674849,-0.919337513,-0.016505304,-0.516047652,-0.164057084,-0.693917086,-0.83865654,-0.576160303,-0.168858404,2.266914153,-0.019170619,0.935921581,-0.494058424,-0.170824601,0.304991988,0.984177466,0.085194976,0.772613737,0.007865086,-0.77450321,0.639353046,-0.681370942,1.890438123,-0.746516192,4.697139303,-0.675488036,-0.125171816,-0.43100389,-0.761228032,1.033483642,0.445385762,-0.595156378,-0.812349369,-0.271918869,0.830101005,3.136301601,-0.85881184,-0.818626471,3.534105917,0.384978737,2.442990886,-0.193178864,-0.455362132,3.21241231,0.752595555,-0.708210712,3.150999845,-0.167844583,0.320526678,0.089126238,-0.050751863,-0.769371971,0.268553024,-0.565840054,0.74672079,0.209187914,-0.664654051,-0.810190307,-0.243905535,-0.819037477,4.394463191,0.945649374,0.986610643,0.118798078,-0.817323127,0.128909196,0.59519797,-0.038203797,-0.881414065,-0.378734286,0.008977971,1.188544128,-0.841002493,0.248391255,-0.018898752,0.71690337,0.059154938,-0.376595028,0.399251237,0.874505365,-0.081258951,-0.331012456,-0.206906483,0.007713267,0.248224408,0.250369232,1.121491115,0.231978216,0.486364262,-0.078665725
48.25,48.5,48.75,A,10,-0.493159164,-0.143373443,-0.465878063,-0.70496768,0.52942335,-0.422331567,0.035827589,0.399581473,0.160331525,1.571252368,0.706426839,1.059039713,0.165378304,2.908145988,2.381066653,-0.264238594,0.377754955,-0.604795012,0.975545249,2.823458095,0.552332848,4.640737649,-0.646864019,0.425718772,0.793902354,-0.86132239,0.911247152,-0.845954463,-0.712855671,-0.761917784,-0.331069404,-0.789048575,-0.753124384,0.976483443,0.538413968,-0.565140362,-0.702641685,0.667194645,0.274980304,-0.862949431,-0.722955206,0.177397959,-0.335414042,0.784346238,0.519123354,1.115834011,1.167180423,-0.849065799,1.045471065,0.358603553,0.054454923,1.185439574,-0.607919581,0.672722819,0.285396538,1.525555329,-0.105643728,-0.571813845,1.480881655,-0.028238518,-0.226113125,-0.745186657,-0.563902897,-0.420800048,-0.728107545,-0.13264086,0.069584452,-0.995308392,1.325198659,-0.953299985,0.565138095,-0.605332361,0.672982849,-0.543623659,-0.567769513,-0.373918627,-0.828878132,-0.83224084,-0.675786933,-0.061366499,0.784706031,-0.709794095,-0.313710653,-0.669850563,-0.341520981,2.470370744,-0.608131392,-0.358130194,-0.722959999,-0.464332657,1.245797355,0.930270135,0.180130752,-0.035282715,3.437787353,-0.639811354,-0.315206067,-0.524875246,-0.824399231,-0.824966446,1.315848527,0.153053302,0.266698712,-0.405343357,0.396067192,-0.327535111,0.092814644,-0.160868147,-0.654851411,1.341084517,-0.907327755,0.168886766,-0.822717051,-0.998701159,0.236367473,0.058868687,-0.014865605,0.593571488,0.353664203,-0.054593964,-0.705915835,-0.911816359,-0.513543954,-0.741831782,-0.818700438,-0.309830294,-0.039755712,-0.314671596,-0.578684892,0.08783812,-0.322239082,-0.593632867,-0.423777459,-0.134508162,1.111191258,0.39239578,-0.518316295,-0.832414186,0.509389138,-0.949339144,0.580717181,-0.860305153,0.543056914,-0.357959827,0.164209545,0.156880674,-0.786928948,-0.747733636,-0.959793282,-0.329052325,-0.545166949,-0.589826484,-0.585178795,0.174131159,-0.845347516,3.149896562,-0.531688888,0.432936806,-0.661971948,-0.385582191,0.046670639,1.052778219,0.349502445,-0.154690148,0.326052156,0.389083517,-0.33705764,-0.325079562,-0.093335376,0.262944454,0.201696887,-0.138684691,-0.484691274,-0.176125102,-0.259690886,-0.038779824
48.5,48.75,49,A,10,-0.343832312,-0.519738296,1.810795941,0.595983809,1.080802187,-0.43288807,2.544548213,0.802985769,0.971168201,-0.824081553,-0.513968745,-0.546387967,-0.392113615,-0.841716415,0.806477146,0.431529193,0.015213274,-0.422633362,-0.807527959,-0.862293477,0.777840681,-0.636191025,4.052855573,-0.664402619,1.448216569,0.095651386,-0.565958846,-0.335958716,0.221038721,0.400146138,-0.876375701,-0.751893099,-0.160684233,-0.991242323,-0.858446938,-0.061981837,-0.927716796,-0.705059037,-0.268322144,2.097136967,0.007891049,4.00706342,0.666292315,1.550229415,0.450083326,-0.660331693,-0.170322932,0.140462866,-0.77845357,1.10751075,0.578970252,-0.151897056,0.682668926,-0.8707383,-0.130801738,1.973243488,0.471487154,1.263195674,0.718000012,0.685473718,-0.357270629,0.57772574,4.675329896,0.395654568,-0.82800777,-0.123822846,-0.356066108,1.755997004,-0.071342865,-0.489823987,-0.58088953,0.465887037,0.709121699,-0.827707886,-0.049197449,0.206457276,0.055764413,0.526546833,0.067426879,-0.993984437,-0.927348711,-0.139429973,-0.282028403,0.058398258,1.774996093,-0.846931337,-0.257720798,-0.783795558,-0.731393027,-0.302274037,0.574742133,-0.149583686,1.703826261,-0.027933095,-0.664948857,-0.747249832,-0.493184651,1.929363085,2.102417595,0.694634536,-0.82151295,0.548327409,0.384071359,2.46523044,-0.920542767,-0.777402148,1.556110498,-0.495819719,0.460741879,0.922254209,-0.615612704,-0.289443225,0.105041533,-0.496973718,-0.651568763,-0.785079913,-0.602648389,-0.726437661,-0.734160211,-0.03133993,2.330721307,0.446483214,0.17276638,-0.854474658,-0.575845411,1.7867523,0.331455271,0.307744796,2.538478988,1.418826461,-0.188941606,-0.967850484,2.183573813,-0.799627818,0.825983674,-0.383578473,0.252131759,0.154127776,3.154884965,0.954935611,-0.914477045,0.147174705,-0.646676614,-0.37697788,0.314189135,-0.719530678,1.344334676,0.348504783,-0.070390952,0.315026361,0.756475741,-0.40831311,-0.789695284,-0.660152874,0.175327305,-0.247507147,0.135751231,0.407971797,2.154042742,0.268582191,0.568574389,-0.313342193,0.479323786,-0.350458514,0.632042494,0.521960213,0.5178373,-0.042057517,-0.243752749,0.492208349,0.332145821,-0.482822298,0.790290865,0.518563922,-0.025882351,0.179248259
48.75,49,49.25,A,10,-0.501277421,0.98314798,-0.431073558,-0.509882401,-0.659679566,-0.726616982,-0.309249651,-0.119491522,2.207726388,2.316441258,1.153236547,1.004594276,-0.460964739,-0.795838851,0.588982836,0.877371223,-0.086581815,1.041837703,-0.36226728,-0.272703539,-0.409687594,-0.58446506,-0.261709221,2.066885237,-0.168154734,0.39149831,-0.695917212,-0.689012896,1.363595338,-0.333956781,2.406706713,0.24556374,1.625068313,-0.126100835,-0.71910217,-0.945925934,0.245862544,1.069877568,-0.681289528,-1.012754477,-0.476109298,1.167607959,1.777253289,-0.906129141,0.130190505,-0.715636605,0.936730387,2.733108164,2.613793414,-0.290595878,-0.709395307,0.215392337,-0.506266278,-0.836973589,3.985886154,-0.212443133,-0.517442594,1.16434437,0.672589583,0.367217157,0.27083747,-0.496488488,1.414407832,-0.236361248,-0.764673292,-0.394883772,0.30240484,0.506858999,-0.433682742,1.405653193,-0.484732247,-0.419546417,-0.739193293,-0.795745114,0.897627851,-0.509056023,2.018455512,1.096599257,1.327129356,0.249348278,-0.755541367,-0.715998511,-0.689875503,-0.626825165,0.868872064,0.606486336,-0.386072725,-0.943285204,1.850145152,-0.474027675,-0.565086279,-0.612890298,0.228028672,0.508309778,-0.631728833,-0.049810555,-0.050291639,-0.127284429,-0.599810412,0.319363256,0.585108289,-0.556025203,0.232298806,-0.16423259,4.459617496,0.216993748,0.004631708,0.925824663,0.020729859,-0.771653282,-1.01866206,-0.233373797,0.589246313,-0.608668558,-0.47913195,0.990145205,-0.816445226,-0.1308271,0.521091041,0.17400153,-0.129400991,-0.731121833,-0.165955004,1.161055229,-0.183460608,-0.611445272,0.900694571,0.062306631,1.188829553,0.072725881,-0.770551302,-0.891733288,-0.135158923,-0.05713181,-0.849527228,-0.09939356,0.399318985,-0.029653632,1.391078596,1.378309271,3.000078209,-0.911584545,-0.936802496,1.869377782,0.243437249,-0.760653332,-0.338183945,1.577909993,-0.225476863,-0.601047909,-0.281602292,0.12405144,-0.5528175,-0.952977069,-0.098238934,-0.220840292,0.357706848,4.245096434,0.819781784,-0.773207762,0.225004452,0.268766636,0.067907539,0.210790593,0.69702128,0.36229087,0.157407279,0.264088716,-0.12661226,-0.158120074,0.495329349,-0.10126246,0.156422816,0.033555711,0.291705414,0.266695266
49,49.25,49.5,A,10,-0.174804407,1.378503125,0.378352724,0.130118754,-0.510161491,-0.303330315,2.609828164,4.428068518,3.936223377,-0.674688354,-0.754180721,3.82299897,0.637595631,0.934750609,-0.245571569,-0.352037483,0.50935213,-0.297642725,-0.574328134,1.766949578,-0.054711535,-0.277847754,0.426914768,2.229456082,-0.624992722,-0.621241473,-0.749961644,-0.578335007,-0.52086174,-1.019444451,-0.670831229,1.830944226,1.769201705,-0.105540624,-0.13729319,-0.668490795,-0.776174392,-0.873697987,1.807113796,-0.587294151,1.95330353,-0.037309857,-0.143400356,1.347232989,-0.602781471,-0.215742012,0.946309904,1.687734785,-0.984135897,-0.1054344,1.947929648,-0.324063947,-0.022681352,1.101220425,1.202583666,-0.480263545,-0.589404935,1.552523287,-0.784407554,-0.65427413,-0.553225405,0.652122031,1.012570001,-0.973320851,-0.210934716,-0.757667773,0.023029334,-0.03124552,0.5333733,0.800777395,-0.717692392,2.228759266,-0.398646026,-0.565106368,-0.799225174,-0.44374851,0.840688313,1.325548483,-0.827710109,-1.020670392,0.367470854,1.18951352,-0.807938499,-0.998857505,2.284874313,0.405604064,1.118378573,1.260787069,-0.297190893,-0.27476773,-0.118963783,-0.00138319,0.980630564,2.772220078,0.364419857,0.402453207,1.475696915,1.386418607,1.037085065,-0.049010186,0.954395503,-0.820745691,-0.246600758,0.171615528,0.335342793,-0.504842627,-0.322658732,-0.165426051,-0.805981735,-0.232453123,2.366785725,-0.134424557,-0.940115674,0.801511273,0.316455106,-0.882771568,-0.232564628,-0.503332338,-0.503225091,1.222900921,-0.384729181,0.929744214,0.982148582,-0.66299838,-0.133870818,0.499817706,-0.098847354,-0.659293646,-0.892888779,-0.44222322,-0.619190323,-0.520893335,0.69624194,0.113787288,-0.772617161,-0.771380351,0.057947771,-0.103688078,0.133208595,-0.68747159,-0.164490413,1.442831978,-0.247099642,-0.701766196,-0.232943545,0.768087314,-0.351593099,0.348311521,1.559587639,-0.986998905,2.258320017,0.421959351,-0.356471489,-0.132505069,2.28945579,2.81991008,-0.165994017,3.494816182,1.335166416,-0.177049116,1.11981101,0.544788629,-0.179102548,0.158793736,0.384577721,0.294916156,0.04954778,-0.037780291,0.424787377,0.824956713,-0.163735489,0.151121917,-0.086314088,-0.247405525,0.143392665,1.178760815
49.25,49.5,49.75,A,10,-0.046766543,-0.838374307,0.512864505,-0.444219409,-0.047066613,0.185505636,1.53207044,2.938893905,-0.781783036,-0.196049582,-0.867791563,-0.205130896,-0.802264751,-0.139242783,-0.680345274,2.925529487,-0.845948936,-0.796429933,-0.336341646,0.556596313,1.810434534,-0.654300919,-0.645085288,-0.519341149,-0.808499707,-0.385094881,-0.141278238,-0.84224464,-0.92252033,-0.653613826,-0.149184593,0.082733202,-0.3038872,-0.408727365,-0.059082282,-0.007105034,-0.826792896,0.649971501,-0.063940659,-0.752622898,-0.657976883,-1.009476649,0.561133414,-0.369183737,-0.599946146,-0.465542699,-0.617385,-0.585493306,0.223569453,-0.418125078,-0.890284148,-0.716781416,-0.404122921,-0.04116968,-0.650656214,1.565801809,-0.137077476,-0.584136089,-0.834371275,2.085103812,-0.742315155,1.75717441,0.115128481,-0.782714666,0.253470604,-0.487779933,0.206937597,0.014800599,3.631672331,-0.255674186,0.103801427,-0.941185858,-0.180459523,0.075487836,-0.912061635,1.020669683,-0.667509881,-0.730490236,-0.034634444,-0.713746327,-0.066371919,-0.530872572,-0.402613507,8.167449573,-0.550174508,0.596592634,-0.165937853,-0.758042973,1.821005161,-0.010109989,2.035068434,0.28293909,-0.654458994,0.596632565,-0.649674274,-0.391780863,-0.423341353,1.181700671,-0.255974986,0.585354348,0.567302272,0.434901615,0.660782374,-0.730890262,-0.21951033,2.902398752,-0.420430968,-0.696239843,3.677809455,-0.894634957,0.341396793,4.15810876,0.390767294,0.07162289,-0.256884685,-0.68261355,-0.516484933,-0.419442928,-0.408997075,-0.260145528,-0.369575309,-0.426964939,0.265637089,3.534941689,-0.633325395,0.028177136,-0.663888482,-0.773511736,0.028547559,-0.01969635,-0.815130809,1.070958235,1.954420426,1.057915984,1.380138449,-0.783418367,-0.11390363,-0.516642804,0.938171433,1.838659724,-0.182752506,-0.875544526,-0.020378592,-0.736042243,1.272172,-0.687676189,1.480514801,0.047094863,-0.31339955,0.460014107,0.832565123,-0.979334849,0.952260629,1.650017225,-0.739183819,-0.495466251,2.077610316,-1.052626392,0.065081459,0.893640201,0.2815075,-0.119136998,-0.376154444,-0.183863823,-0.393842663,-0.06076936,0.371070008,-0.298012896,0.810092405,0.230646464,0.528148811,0.241732704,0.097034126,0.601116864,0.044400216,0.320456364
49.5,49.75,50,A,10,-0.504279232,-0.088230572,-0.76483793,0.5696604,-0.054249254,0.904364618,-0.874865029,-1.073209081,-0.280637278,5.242577963,-0.715155073,0.411705477,1.192044076,0.767803176,-0.908980105,-0.569455788,0.381799983,-0.439067297,-0.635269398,0.480001367,0.17601601,-0.282123538,-0.646102513,-0.205485304,-0.490074101,-0.375320365,-0.688735877,-0.290111317,0.265510729,-0.664964652,0.003771028,-0.005333519,3.95746607,0.832406915,0.012185013,1.200137844,1.520899237,-0.52522443,3.048387299,0.796432892,0.304539339,1.203356398,0.278781135,1.791079687,0.655311533,0.420060592,-0.868736804,0.595109618,0.66787832,2.054678654,1.642160779,-0.530241517,-0.429021177,1.414727472,-0.207566605,0.424665633,-0.59102361,1.134131729,-0.486362079,1.339059315,-0.798820814,-0.240142458,1.470280111,-0.822835916,1.747689959,-0.894631083,6.230453442,1.331705768,3.500854753,1.317791395,1.714507004,-0.340160255,0.731830216,-0.261645312,0.147090245,-0.338316223,-0.927977125,1.393839807,3.883720966,1.538369302,0.422999507,-0.33979233,-0.507705412,0.923086359,2.859342951,-1.106992879,1.877827799,6.055924544,-0.3930807,-0.340603888,-0.255874125,-0.682585398,0.559693573,-0.63755327,-0.544483633,-0.604203247,-0.411455713,-0.274851644,-0.845833435,-0.687954569,0.373483792,0.729780469,0.752044816,-0.740446035,-0.622878388,-0.142045436,-0.242271755,2.637237587,-0.643610782,-0.589819776,0.058123151,0.814745771,0.284374611,0.278818548,0.316375093,1.613938155,0.243243555,1.416408666,-0.031888603,-0.093498263,0.365269064,1.248877884,0.148739296,1.878971384,0.526438459,0.372950129,0.24751642,2.925115587,2.971746295,-0.197386291,-0.436846119,0.277232405,0.244370531,1.943956464,-0.385314999,-0.551198285,-0.562767982,3.465162422,-0.622481976,-0.681431078,-0.278157622,-0.262789053,0.906946008,0.622650213,-0.360162448,-0.508713253,5.658589929,0.729810648,-0.726646703,3.019603692,0.165428425,3.104189681,-0.694124138,0.342502836,5.490799272,0.761424055,2.133438245,3.146775051,-0.401284471,0.36535702,0.307629461,-0.003457358,-0.320139093,1.084112835,0.710205847,0.371052994,1.284234516,0.754125863,0.945100595,-0.438510146,0.151147449,0.490064068,1.048823823,0.269068138,0.880113141,1.441450598
49.75,50,50.25,A,10,2.196106519,0.134529588,-0.206501111,-0.584273247,0.165202489,-0.100340783,0.129091477,-0.162983656,3.138510336,-0.169100632,1.406262953,-0.812495748,0.758204603,-0.218581203,2.280053425,-0.490434797,0.960772248,-0.707735501,-0.636983326,0.279158192,0.967446838,-0.14227624,0.363121215,1.460836463,-0.401557985,0.23940096,-0.353510017,-0.822847482,1.113311401,-0.078443433,-0.58873785,0.604618878,-0.267859423,1.699448486,-0.8578358,0.855836077,1.610697755,-0.752639374,-0.946381093,-0.173068973,-0.188799056,1.912665406,-0.472166262,-0.621855196,-0.640168854,-0.162063652,0.4557027,-0.36931581,0.731758368,-0.31157669,-0.029090585,0.389655768,1.141923713,1.205099975,-0.650164988,-0.679911245,0.276198648,-0.406266108,-0.877586799,0.137365665,-0.178425825,0.199267098,0.104193185,0.06091095,1.091329086,1.77962075,-0.143244896,-0.541986952,3.15096612,-0.347312063,0.83162917,-0.187285854,0.860701252,-0.089711466,-0.373655662,2.833494334,0.179633385,0.551005498,2.509992462,-0.163779309,-0.737922123,2.465109176,2.651257577,-0.064565656,-0.666700925,0.100258238,-0.847782067,-0.614636707,-0.571081895,-0.57825347,-0.356423262,-0.523545133,-0.359323925,1.21025674,0.778134559,0.904449009,-0.796174496,-0.538809729,3.899525537,-0.502228944,1.002950575,-1.03893519,-0.743913479,-0.929399777,1.097557099,1.679775424,0.599363297,0.242734208,-0.929123567,0.017643999,-0.993511722,-0.229244509,-0.381076165,0.884893005,0.068250821,1.296591471,-0.719443285,-0.933336065,-0.422883328,-0.889823452,2.815508233,-0.38448477,0.678780491,0.791009902,-0.253881706,-0.759237133,0.496237046,0.00395857,-0.409001115,0.025764303,2.40394929,1.062242487,1.390820544,0.221013976,-0.596614977,0.323691569,-0.866189378,-0.422718842,-0.083043802,-0.458333643,0.658665349,3.63154104,0.490690559,4.293150353,-0.529075831,0.272026748,1.346489739,0.153596529,-0.811272023,1.738984072,2.226966985,-0.73598537,0.721461554,-0.516945132,0.488055283,-0.508400802,-0.599833948,0.71277508,0.007919203,-0.570814683,0.454024098,0.281822085,0.234548172,0.118407868,0.033418095,0.050722405,0.517531746,0.695202381,0.113568215,0.371586036,0.099865259,-0.231958323,0.300465382,0.297481722,1.124479653,0.122519817
50,50.25,50.5,A,10,0.774085741,-0.436068149,0.13031045,-0.617630404,1.723216836,-0.478555145,-0.99987071,-0.460318487,-0.138569494,-0.273114538,-0.297087173,0.796003965,1.607391143,2.237409197,-0.46654498,-0.446276218,0.265803861,-0.223858822,0.919929783,1.784537649,-0.447514108,-0.44619995,-0.604184314,-0.468947532,-0.649833814,-0.680687647,-0.838988385,-0.675305826,-0.381954449,-0.722124092,-0.551979252,-0.236869354,0.497439789,0.55194226,-0.97528258,-0.302836014,-0.661644588,0.034927544,-0.5064104,0.115272265,-0.808795848,-0.327980029,-0.291387746,-0.22146297,1.739992625,-0.782412635,-0.60631152,-0.259578304,-0.691287555,-0.287029683,0.976319702,-0.632769376,-0.907104988,-0.828736742,-0.547288799,0.304076573,-0.759162067,1.019478029,4.032207318,-0.748886014,3.38093725,-0.164729659,1.390677569,-0.39325962,-0.848617069,-0.995651976,0.355464252,-0.879366109,0.898745365,0.341341058,1.443367457,0.422111664,1.152656221,-0.417350063,-0.641286227,-0.1176704,0.567333506,-0.311256273,-0.770165389,-0.987909572,0.23895055,-1.043460543,0.677921224,-0.873900217,1.711923395,4.622183273,-0.934791828,-0.12227263,1.371268102,-0.366766327,-0.337839909,-0.269753947,-0.214222909,-0.676019229,-0.461731412,0.557327384,1.32327746,-0.686611064,-0.535298965,-0.169638272,-0.322927885,-0.623766623,0.270349482,-0.639100186,1.311263239,-0.693488258,1.115637566,-0.964808264,0.367256103,-0.849601444,-0.890109906,-0.771752123,-1.091843535,-0.804541369,-0.866045632,-0.78363086,0.052127958,-0.940510652,0.011464775,-0.84797458,0.311141246,1.671292576,-0.972967423,0.577575047,-0.580554905,-0.753296351,0.638777288,0.619276748,0.236256286,2.183378009,0.116320805,-0.578324582,-0.545676368,0.164243795,-0.501972719,0.795735189,-0.605000968,-0.718819618,1.133765082,-0.971026933,-0.283142674,0.494535809,1.746064708,0.380535892,0.972624655,-0.222164212,-0.237765426,-0.584410949,0.57132798,-0.718553396,-0.630597784,1.603484729,-0.040292448,-0.767072415,-0.880130261,0.300771953,-0.319757884,0.615580879,-0.469146376,-0.244574057,-0.07765139,0.61773084,-0.591574012,-0.203544033,-0.253625367,0.190813364,0.308554106,0.033983093,0.5281055,-0.147051086,-0.102918627,-0.693281592,0.393087852,-0.171075632,0.211905239,-0.083173366
50.25,50.5,50.75,A,10,-0.288355329,-0.215234435,-0.339724408,-0.153807731,-0.282881894,-0.770479443,1.701808276,-0.401127945,-0.877999879,1.076020556,0.568000507,-0.641645914,1.315887267,0.716408008,1.323323413,-0.503419028,1.442737969,0.553450415,-0.299711615,-0.699061916,-0.732236894,-0.266967474,-0.347204922,-0.143888266,-0.507913032,2.346923364,0.783269288,1.220633725,1.178077903,-0.822665137,0.151173218,5.072433243,-0.599976167,1.347123271,-0.414690057,1.021687278,0.780488081,1.08116562,1.623395208,-0.184278285,-0.576698521,-0.849540491,1.395362597,0.239227648,1.337488768,-0.005265378,-0.503385934,0.797239951,0.061007034,0.736384785,0.347925498,-0.805839697,-0.309502412,1.521407533,-0.32970936,0.443589933,-0.209328053,0.485329284,-0.152395618,2.301451979,-0.537081261,-0.053011948,-0.086688627,-0.842405563,-0.357211991,0.479494619,0.1680896,-0.442695532,0.705729599,-0.427763224,3.074296178,-0.413402555,-0.264753056,1.023008939,-0.26512225,-0.159621993,2.442525643,-0.267530156,-0.797305533,0.336658689,0.778791396,-0.708605212,-0.845894121,-0.286280527,0.80664887,-0.687176623,-0.103140446,-0.601717857,-0.438703629,1.444629079,0.989352194,0.99446099,-0.975170428,0.448983414,-0.112660534,-0.169651881,0.430282408,-0.215683768,-0.578434261,0.380613844,0.876698393,-0.051701905,-0.876516503,-0.121850794,-0.85206678,-0.358750442,-1.085956172,-0.836337525,-0.5360823,0.135599123,-0.870661224,3.091222454,5.649894871,0.515483297,1.129652729,-0.60791336,-1.010817818,-0.352864759,0.980851002,3.910459077,1.456249023,-0.527832652,0.520447045,1.302406702,1.527634413,-0.573705689,-0.32458305,-0.172068203,1.600941065,-0.450508027,-0.186015779,-0.027022996,-0.534031566,0.72023744,3.320673632,0.1879504,-0.904826941,0.107362854,-0.592289464,1.125757689,-0.318706131,-0.835464723,-0.943420482,0.099435123,-0.953788458,0.350888555,-0.320088065,7.041117223,1.587550633,0.631310251,-0.564618563,1.697564486,1.100635067,1.429300828,-0.613797632,-0.304668636,-0.863439116,2.634684991,0.245260031,4.578496539,-0.055178223,0.377596911,0.270802855,0.987852141,0.263182046,0.329292909,-0.139354433,0.470875391,-0.064144907,0.119209198,-0.37069649,1.243530627,0.435898063,0.321779527,0.633883393,0.933941799
50.5,50.75,51,A,10,-0.424574881,0.040889553,-0.63650991,1.427684732,0.213982833,0.303271428,-0.815370715,-0.785676353,-0.417545861,-0.938116377,-0.580362347,0.177915781,0.057132869,0.226141985,-0.796170908,1.145029601,3.751458023,-0.437447036,-0.797672946,4.401370141,2.038741963,-0.5125811,0.047504257,0.709044182,-0.733008157,0.505849005,1.600918288,-0.732337079,1.495569528,0.935285627,-0.658673824,-0.391333694,0.028795672,-0.636432491,1.394938431,0.00780503,-0.20544501,0.821062727,1.829991131,0.693707133,-0.017829284,-0.334663426,-0.814044227,-0.414682559,-0.588245077,-0.492798594,1.731685019,1.406603646,0.437831234,-0.773049368,-0.32107402,-0.698546394,0.84944496,0.01585271,-0.22593577,0.862681883,0.508258034,0.292920447,0.863508523,-0.272874382,2.312845989,-0.722725137,2.263306457,0.233656173,-0.836925042,-0.407191255,-0.106507942,-0.701436483,-0.642748761,2.830509392,-0.067655743,0.150454192,6.076151781,1.36233452,-0.30979799,0.864221523,-0.138799539,-0.416597691,0.853049705,2.017199004,-0.688781547,-0.665275123,-0.726044819,-0.912800933,-0.86171763,0.064257174,-0.67707677,-0.733589793,-0.072309025,1.818447317,-0.179164889,-0.533679785,-0.285024499,-0.240450832,2.636059942,0.392763556,3.376894955,3.107243526,0.33417897,-0.608351414,1.58225563,1.13450637,-0.033001149,0.549585067,1.086650424,0.179166849,-0.171772084,-0.239710745,-0.576897399,-0.503385511,3.121394998,0.282110076,-0.499207845,-0.748678889,-0.677858044,0.480669843,3.698340095,-0.853435087,-0.713664328,-0.441957311,0.112531693,-0.444428079,1.236977096,-0.26076927,-0.550716653,-0.735942317,0.718857424,-0.70490092,-0.868617518,-0.457409331,0.519197315,0.57814633,-0.842873652,-0.601021703,-0.913203621,0.707639328,-0.22135139,2.579952184,2.737784438,-0.185866672,0.523050687,-0.77655803,-0.780486826,0.766961837,-0.629506731,-0.81759432,-0.097895286,-0.068708732,2.75005808,2.11494156,-0.770808405,-1.009596055,0.089144577,-0.160273632,-0.360273128,-0.517235386,-0.836149965,-1.136021379,0.775047326,-0.659398609,-0.203196555,0.714739516,0.535498651,0.28844151,0.014080736,0.187423599,0.422278339,1.039055976,-0.345489115,0.800046953,0.300739745,0.364771351,-0.195441787,0.435840256,0.298426224,-0.458556466
50.75,51,51.25,A,10,-0.567561733,-0.722186866,-0.19275756,-0.050202772,0.055037974,-0.734855841,-0.947193244,-1.092164485,1.435945629,0.687407488,-0.020591043,-0.770128546,-0.473758241,-0.95754407,-0.826550362,-0.951528751,0.236747242,-0.626845128,-0.647530321,0.616918484,-0.771747554,-0.970235708,-0.204684232,1.198350935,-0.428476716,-0.831470383,-0.574556716,-0.867155412,-0.307280594,-0.81577942,-0.733005809,-0.584578216,-0.753640164,-0.001453464,-0.777913859,-0.696241213,0.542257859,-0.822960621,-0.638432672,0.210251919,0.694295465,-0.893623936,-0.121426529,-0.667536887,0.281761197,-0.021789712,-0.012677891,-0.121413553,0.413017932,1.35803786,-0.867339161,2.093308797,-0.84834746,1.674360241,-0.419151029,-0.637923848,-0.139189791,0.459223275,-0.552880781,-0.279973445,1.438790008,-0.019569671,-0.469061858,-0.82898477,-0.540217991,3.022290314,2.718817738,-0.965428228,3.216145743,6.305715099,0.358936963,0.361194783,-0.040190969,-0.986951676,-0.073946711,0.469389236,-0.007649059,0.643803282,4.339793999,2.291217672,-1.053069711,-0.936255211,1.249561173,2.058235356,-0.138301232,0.501373861,-0.497663514,0.487430736,2.808996348,-0.197983333,0.86630998,0.446753993,1.0884361,-0.462558732,-0.689136676,0.435208712,-0.269282851,-0.709788184,-0.544593359,0.08173052,3.166087191,-0.051058075,-0.527973907,3.172133682,1.082847869,-0.936823114,-0.793910617,1.036029065,-0.119817948,-0.678859981,0.279800955,1.083670395,-0.972077015,-0.86252063,0.589091499,-0.284930341,0.05502345,-0.622221115,-0.882700583,-0.090650284,-0.526526253,1.452601454,-0.190861929,-0.096781962,-0.413144467,-0.662024357,0.363452128,0.096281729,0.974899512,-0.145396319,-0.75313588,-0.883723405,-0.966849646,-0.713814558,-0.841678816,-0.543212839,-0.450548568,-0.415176586,0.662530541,-0.124374673,-0.504800858,0.061130659,-0.628664359,-0.726538783,0.263304488,-0.808171249,-0.90659173,0.103872853,1.049105266,-0.109426744,1.476281115,-0.861573961,-0.346142466,0.667719891,1.312569894,-0.80370271,-0.248991122,-0.52759579,-0.984246513,0.736148006,-0.212853141,-0.442081074,-0.45730358,-0.425571624,0.090864394,0.04820868,1.387849638,0.735559752,0.428232447,0.02430795,0.534865416,-0.170751367,0.085249954,-0.502998443,-0.220678046,0.042046634
51,51.25,51.5,A,10,-0.192631256,-0.929955956,-0.889488222,1.513552489,2.387709794,0.233424399,-0.41619525,-0.495294225,-0.152340625,-0.507398747,-0.462880165,0.85066617,-0.678854809,-0.101297751,0.004121426,1.162405642,-0.68288229,-0.4557481,-0.827028655,-0.849122557,-0.119986974,-0.83535291,-0.317073431,-0.110298198,0.213977188,2.831719368,-0.630228464,8.154189426,3.875131092,-0.351259862,-0.386554018,-0.219890089,1.149350902,0.115258275,1.247988624,-0.376923953,-0.936582359,-0.300531036,2.947881094,0.329852875,-0.657257977,-0.565987389,0.905600011,1.69072287,-0.061059361,0.05729017,-0.271249794,0.729184112,-0.473999939,0.128498287,-0.750679457,0.885892431,0.514957193,-0.148256544,-0.252420017,-0.390159727,-0.400813409,-0.587077173,0.141751498,-0.452946946,-0.153848765,-0.468065133,-0.050396097,0.821211666,-0.453939224,0.023047899,-0.838094305,-0.354902201,-0.492434854,1.142737291,0.622105671,-0.476392197,-0.428090813,-0.815937909,-0.883948233,1.833000976,-0.761504186,0.35809188,0.167823757,0.196368868,-0.86700312,0.95832661,-0.339443159,-0.158469992,-0.675913588,-0.423620006,1.164192712,-0.796882282,0.817470452,2.062386853,2.537720497,-0.275108886,0.090057618,2.732729244,0.397246263,1.070612765,1.917243639,1.864715416,0.274963471,0.206512384,-0.544403366,-0.736884351,1.611642153,0.158173308,2.432844033,0.097705122,-0.844689405,-0.645628139,-0.341618414,0.543774616,-0.842098518,1.958237572,0.381124263,0.074201076,1.888627111,2.873710726,1.526783768,-0.18523703,-0.260338334,-0.401069718,0.726153524,-0.327070943,-0.665507838,-0.349451743,0.253025314,3.579441598,0.714492713,-0.613353271,0.140012837,-0.607459105,-0.657179595,-0.115493899,0.278009157,0.93853957,0.67006774,-0.577926267,-0.76929517,0.655564421,3.509843382,-0.433122227,-0.931656727,-0.019794751,-0.636342919,-0.541319231,-0.242728859,1.286491918,-0.336649838,0.707189973,0.722969092,2.297684631,-0.264086938,-0.506288663,1.748557728,-0.111256339,-0.444080927,-0.447474592,-0.108626971,-0.91967855,1.54712434,-0.84654559,0.05513824,-0.204062109,1.271081723,0.356985032,0.148174099,-0.143975215,-0.082468372,-0.018848219,0.174104448,1.081669241,0.173091556,0.701394092,0.285028309,0.349900711,0.230584329,-0.03523565
51.25,51.5,51.75,A,10,-0.455088462,0.360475434,-0.229260642,-0.8828264,0.813266474,-0.854478311,-0.589559238,-0.116184369,0.774470674,-0.076468221,2.603538787,-0.173434802,-0.757784257,-0.23578284,-0.649667766,0.218374005,0.09763041,-0.699877318,-0.296168775,1.672947645,0.625321776,-0.617025271,-0.468620773,-0.43458119,-0.401718963,0.385633215,-0.857454284,-0.864618484,-0.64121133,1.884196527,0.045680372,2.386522446,0.006619472,-0.595024214,-0.471627965,0.860349925,-0.824009429,0.495692727,0.749485389,1.163438734,-0.804058436,-0.185348797,3.598775398,-0.251478581,-0.668626139,-0.576009406,0.419107511,-0.868142192,-0.792786884,0.052616028,0.201397305,0.227612038,-0.355911599,3.850401267,-0.825523824,0.130651798,3.848225528,0.207737485,-0.859697883,-0.911570548,-0.390444741,1.091548744,1.083273195,-0.465394979,1.852368996,-0.208856103,-0.581233464,1.71032256,-0.174298262,-0.758270495,0.079031517,-0.412469453,0.262257362,2.882535874,2.065783356,-0.525705553,-0.036031266,1.784804446,0.333326041,1.522277585,-0.780089255,-0.381885919,-0.411339487,0.482242225,-0.840666869,2.493528868,1.669053352,0.175053061,-0.101089047,-0.500977649,-0.252581826,1.119667644,-0.243577803,-0.550614172,-0.358457409,-0.255157859,-0.00350956,-1.185058641,-0.784085163,-0.676909841,-0.668255408,-1.054048895,1.738581843,-0.898375929,-0.95831818,-0.608879269,-0.630482036,-0.328203517,-0.491924509,-0.662776602,-0.139793159,-0.101500809,-0.711292318,-0.86592113,0.229314037,-0.515407006,1.026292431,-0.907422116,-0.527841507,-0.777494662,1.032319497,-0.883801075,-0.415725305,-0.306544946,1.000069956,-1.135570429,3.391195713,-0.310564749,-1.023130048,-0.175002273,-0.927673312,0.005034797,-0.713403303,-0.697701436,0.287215312,-0.70012711,-0.513410219,1.606231862,-0.060461353,-0.648645812,-0.269032192,0.894749814,-0.432381717,-0.139732853,-0.851733955,-0.765418241,-0.171882032,-0.210388446,0.04515244,0.373511681,1.93913038,0.332783933,0.131606521,-0.777554534,-0.318111691,-0.903688648,-0.622008279,-1.071256575,2.198152487,-0.612827319,-0.125565306,0.177977509,-0.139007878,0.381712746,-0.00759515,0.551332157,0.315901545,0.795580991,0.180382928,-0.319028463,-0.45626825,-0.329106624,0.117324634,-0.236294057,-0.15271555,0.029622627
51.5,51.75,52,A,10,-0.288030373,0.272093746,0.158305796,-0.974259075,-0.349682965,-0.537126887,1.224574448,-0.726070605,-0.884886662,1.077960683,-0.794301823,-0.792050385,-0.085960417,2.114005784,-0.220345488,-0.882912509,-0.893589952,0.5887056,-0.732870115,-0.107514572,-0.396733537,0.901525896,-0.031361096,-0.495426573,1.671158564,0.682433538,0.400313116,0.197974123,3.257400891,-0.716584418,-0.810079266,-0.285327403,0.115406295,-0.801850633,-0.05602921,0.244800175,0.030550679,0.89839352,-0.832267922,-0.667964636,-0.820899153,-0.772618779,-0.094684794,-0.895532071,0.423185169,0.83303148,-0.594542806,0.611698963,-0.343938328,-0.469552227,-0.429167731,1.434221143,-0.27973168,0.811495408,1.076591729,-0.23228666,-0.731201012,-0.561529379,-0.07370924,-0.339149959,1.208397592,1.230579248,0.110298723,-0.033293518,0.892085303,-0.98873553,-0.337295638,-0.262929968,-0.382160566,0.025949167,0.278568646,0.008947076,-0.907975013,-0.224579611,0.088719232,0.986219162,4.797196485,0.170257328,0.811029625,2.009798047,1.139270772,-0.897639031,3.566815388,-0.258076434,-0.640679952,-0.213616098,0.436467374,0.398729735,-0.734090476,0.369828654,-0.086215121,0.288645045,0.500261586,0.041310122,0.312990357,-0.402288879,-0.537936384,-0.154990693,0.719638903,1.602078127,-0.591352578,-0.980925531,3.292593031,-1.041438563,-1.053503938,1.019716153,-0.986244021,0.007990438,-0.482448552,-0.935586169,-0.4006934,0.764121589,1.54202327,-0.274261945,-0.772208432,-0.559519465,0.137120597,-0.161818066,0.223945989,-0.102845413,0.423045886,0.802768306,0.273363013,0.604454553,0.054251122,-0.196090654,-0.149342699,-0.597853641,-0.861408282,-0.281194618,0.855712433,0.317810705,0.216541096,1.787541412,-0.051965367,-0.715530664,-0.88840171,0.676585544,-0.925454117,-0.966228577,0.794908122,-0.720935676,-0.178871209,-0.185764961,-0.71254693,1.077552257,-0.82359969,-0.801239112,0.978856085,1.779159099,2.031731627,-0.601830453,-0.045642052,1.912702697,0.207875361,-0.547103508,-0.864805224,-0.405263398,-0.911660128,0.23394079,-0.10271219,-0.180683388,0.54707005,-0.21643684,-0.212385255,0.067553262,0.146289481,0.801818098,0.316700993,0.228349306,-0.175119973,0.039586473,0.007199299,0.030661076,0.120751799,0.100994571
51.75,52,52.25,A,10,-0.594635219,-0.479043405,0.201471259,0.158210028,0.658830098,0.473959398,3.282663853,0.110343505,2.465712746,-0.479396683,2.053333654,-0.701958892,1.059708574,-0.222949619,3.99813015,0.893269197,0.453573671,1.161049802,0.407184333,2.952532992,-0.224544153,0.214177585,-0.260248597,-0.352246191,1.556536232,-0.046004515,1.433356908,0.75721916,0.391623154,0.335694988,-0.690919529,-0.732838223,1.011812194,0.085937399,1.016632258,1.24272341,0.198116482,-0.084813127,-0.557501615,-0.358932618,0.876123829,-0.506816191,-0.343122426,-0.185811745,-0.066115545,-0.695929776,-0.289691635,1.3523637,-0.385425264,-0.648517226,1.81295838,0.632204316,-0.11120534,0.150025922,-0.798052342,-0.045362957,-0.5995378,-0.728202274,0.200590815,0.135092412,0.207495412,1.064402041,-0.156627244,-0.148396973,-0.761363823,-0.273142515,-0.68953108,0.890478847,-0.778164458,-0.374921645,0.842584898,-0.207810549,-0.885771936,-0.740190843,1.431666086,-0.566860209,2.807188954,-0.239095436,0.697725674,2.948034269,0.783371139,1.235247361,0.480129086,0.016160111,1.618658018,-0.815521099,0.645077564,-0.153658345,0.413213432,1.031669383,0.84258053,-0.309902308,2.337595574,-0.924668173,1.738292946,0.07294777,0.749410941,0.002058595,0.502505738,-0.955054435,-0.163259271,-0.338678241,-0.658099909,-0.240150009,-0.547252179,-0.865156944,-0.608138249,0.54024409,-0.622901403,0.91525031,2.952001549,-0.111536575,-0.498821482,-0.27189816,-0.433911012,0.670884398,-0.442593693,-0.473525818,1.065762568,2.025603932,1.062907498,-0.581678204,0.065323723,0.587919124,-0.66685,0.520845695,0.262398087,-0.705384088,1.156593486,0.312874692,0.363939994,0.692740409,-0.943703366,-0.476970601,-0.721031993,-0.334952259,0.426729178,0.780850024,1.684126071,0.970116448,-0.823033617,-0.48501904,-0.132318948,3.157183981,0.854181182,0.76329535,-0.896307448,-0.185345015,2.1503666,-0.905665789,-0.685200019,-0.9475613,-0.922352322,0.491985164,-0.127083193,-0.469953533,-0.922879167,0.591806697,-0.568875113,-0.537395534,0.579811558,1.205387386,0.380556457,0.113021663,-0.089294228,0.064851113,-0.101977144,0.608747091,0.525434665,0.405576718,-0.25881418,0.448196571,0.201495001,0.24418439,0.349733726,-0.409750832
52,52.25,52.5,A,10,-0.42298072,0.447879764,-0.773687058,3.065374776,-0.664248843,-0.53308139,-0.149469259,-1.111341028,-0.845559639,2.201886235,0.708652186,-0.714063011,2.461023891,0.506985211,0.275944025,0.981866098,-0.189876202,0.617264945,-0.764057662,-0.838368869,-0.836025734,0.374520001,-0.306286883,-0.263514793,-0.54431141,-0.864015641,-0.885304643,-0.396684298,-0.439800451,0.696823054,1.418651822,-0.669126146,-0.239662055,0.948724632,-0.128486345,-0.885331668,-0.465013491,2.924665554,-0.948285153,-0.706518807,1.036481202,-0.621428532,-0.03132589,0.083975913,2.951783166,0.149356906,-0.457871145,0.183176485,-0.871658327,-0.682520983,-0.662700017,-0.896930923,-0.162731419,0.407770757,0.229982382,0.449644767,-0.883690005,-0.948704426,-0.36711377,-0.563885552,-0.38161575,-0.360418449,-0.450440187,0.668476716,0.33557023,-0.381044285,-0.932356152,-0.621123714,0.584963719,-0.655882276,0.232556606,0.737783361,0.940387632,-0.295826788,1.93603369,-0.605664366,0.825461182,-0.114933863,-0.146263302,1.493231948,1.557232275,-0.655966335,0.058674337,-0.514432827,0.172121298,0.28387736,-0.814889455,3.076243913,0.707536786,0.925017348,-0.407247102,-0.269932522,-0.580722343,0.348362749,-0.12052171,-0.349193695,-0.621897786,0.198482019,0.253059334,-0.085163657,-0.584977245,0.395853122,0.54096102,-0.487598266,2.005844623,-0.665459668,-0.206846353,-0.502637282,0.372956329,-0.73624292,-1.028015032,0.490047748,-0.837910038,0.066400573,0.417900454,-0.31171954,-0.664062974,-0.295019456,-0.309954433,-0.534156542,2.599243812,0.380122901,1.374813009,-0.3271564,4.595402637,-0.277648365,-0.890584835,2.146210666,0.562916158,9.536910063,-0.890832081,3.264618227,-0.205263157,-0.857780512,-0.407477064,-0.252985413,-0.54652013,1.036485151,-0.473768831,-0.733986709,-0.704918884,-0.86172558,0.652288523,2.003519838,-0.968159103,-0.323346485,2.177999941,2.268072996,-0.516172032,-0.423159535,-0.188077364,-0.494280344,-0.79568411,0.124300325,1.213064243,-0.196538937,0.799724709,1.034077111,0.353373765,5.005712664,0.121477284,0.304537061,-0.34646008,0.124961834,0.173996879,-0.339835821,-0.219387015,0.50027661,0.47954147,-0.163477471,0.013185336,-0.300648924,1.970022965,-0.006751052,0.330439968,0.685567206
52.25,52.5,52.75,A,10,0.030647014,-0.011594917,1.431661339,-0.322799884,0.152464731,2.027922903,-0.857075249,-0.85016678,1.725688397,0.86144129,1.200330154,0.594273189,-0.157562974,-0.435048068,0.512052685,-0.480432934,-0.644625482,0.271487062,-0.833990972,-0.147864085,-0.501325091,3.090570647,0.655001141,-0.316871972,-0.498688476,0.029257724,0.835225743,-0.520512383,-0.404843936,-0.258668975,0.7466462,-0.161879634,0.398506506,0.086093675,-0.40072086,-0.49278849,0.444089631,-0.512625402,0.467207148,-0.389995385,0.019537643,-0.418003768,2.105485279,0.633276093,-0.694431362,-0.731320645,-0.678320993,-0.189478156,-0.250568352,-0.913489192,0.157297027,2.171535423,0.39014823,-0.723146465,1.280809703,-0.506649969,0.118821,0.371333125,0.704328647,-0.678605085,-0.589151953,-0.056149226,-0.805468765,-0.361113241,-0.548069589,0.14960642,0.180254258,1.784608937,-0.867497501,2.822345741,1.04922164,-0.468944272,-0.652644875,-0.959806988,-0.996241191,-0.731398537,-0.00075434,-0.236811668,0.929625913,-0.776989859,-1.019958203,-0.063612834,1.11580921,-0.782325055,-0.304201964,-0.626270567,0.027644709,-0.589069575,-0.70726408,-0.935575747,-0.253615618,-0.221838049,1.406115275,-0.719131581,0.514917869,-0.329328092,0.151181721,1.019669266,0.123018669,-0.432037092,0.978620633,1.072918903,-0.776058089,-0.744591816,-0.369716228,-0.463230607,2.001993232,0.038213042,0.671741076,0.947847733,-0.701978943,-0.655448085,-0.910161061,0.081639607,-0.178561188,-0.224809147,0.970744024,0.466097477,-0.613381118,-0.662985062,-0.579234027,0.06692781,1.095342409,3.586180702,0.654439522,-0.340680714,0.799777613,1.924464714,5.828997996,-0.771428449,-0.315364258,-0.699631568,-0.63436519,1.291230006,0.716685159,-0.796110791,-0.667183062,2.571951661,-0.228218199,0.02009996,1.147489361,-0.16986465,-0.109079439,0.331440094,-0.206592033,0.996866146,-0.552749537,0.743968217,4.805647037,-0.973325455,-0.720403113,-0.090302628,0.439713236,2.747201392,0.405654213,-0.757891613,-0.063020368,0.10592009,-0.147425675,-0.051123659,0.418818884,-0.012138142,0.210914442,0.018453339,-0.111731345,0.328587164,0.170936508,-0.284474418,-0.388482411,0.125895237,0.335773788,-0.24288435,1.226478758,0.125909372,0.601379974,0.186832187
52.5,52.75,53,A,10,-0.164546042,1.364174738,0.244931922,-0.372651284,-0.699310099,-0.669892728,0.922689402,1.710930815,-0.730736514,1.024193488,1.295611197,-0.220796851,0.230521187,-0.607828695,1.381022839,-0.845799956,-0.898159588,0.092931807,-0.565667688,-0.694290036,-0.054778637,3.458871766,0.916227129,3.302582419,1.947668317,-0.426920216,-0.960185264,-0.590376391,1.882707127,0.700373252,-0.464091524,0.1340238,1.175911497,0.771054702,-0.505782498,2.501249916,-0.866898124,0.356199567,-0.789071596,1.010679317,1.175462232,-0.570400628,1.490166867,-0.506279779,3.333940477,-0.680419542,0.80164187,0.701595743,0.030932365,0.914429404,-0.140497816,0.10535604,-0.163618421,-0.735205607,-0.744340007,-0.090807628,-0.34179876,0.293886636,-0.615140093,-0.469014547,0.476916371,-0.762938121,-0.622596284,0.4242703,0.363118488,0.696446369,-0.482501289,-0.606220538,-0.43175262,-0.263723539,-0.501883052,-0.557726682,0.948258232,-0.559312058,-1.017031255,-0.194986917,-0.534143775,-0.110089768,-0.636059849,0.848920987,0.157481082,-0.977839271,0.823403519,1.166619681,0.75167067,-0.123137185,2.187757172,1.146093951,-0.427139191,1.466064731,0.711892012,4.142512743,-0.106349665,1.846998676,-0.781845479,-0.607786132,-0.473692024,0.355595848,0.213711778,0.04342067,0.341276943,-0.492525617,-0.202176695,-0.127917974,-0.170837887,0.213130589,-0.827537982,0.038325579,0.658410091,-0.782677469,-0.229334168,0.619209432,1.209610629,2.042368376,0.474995469,1.234045956,0.646726991,-0.778217198,-0.657080733,-0.61219874,0.106130068,0.140052189,0.037077408,3.337241406,1.256148496,0.725111921,0.871455649,0.241740677,-0.616155159,0.337489178,-0.089059837,-0.171894719,-0.542437149,-0.567225134,2.294711345,1.584531563,-0.725458723,-0.619655817,-0.339259142,-0.707639214,-0.564091394,1.450264006,2.603854942,-0.109111526,1.595878367,0.772727903,-0.008321187,0.254984901,0.539526481,0.391963851,0.359187173,0.22599932,-0.882380956,0.459223781,-0.283430418,-0.774387224,4.547710012,-0.567687991,-0.038041422,0.306983759,0.26297837,-0.083245579,1.01761695,0.332327506,0.669106901,-0.29011802,-0.120898086,-0.231405414,0.617097516,0.534445843,-0.135253042,0.395012601,0.643629183,0.011661317,0.692767634,0.335317603
52.75,53,53.25,A,10,-0.477671998,1.063101603,0.56816787,-0.529457824,-0.418008755,-0.581894874,0.76999197,0.217787675,1.099228473,0.767649216,1.183358503,1.526967786,-0.571000161,-0.018537685,1.257593835,-0.380919151,0.323756018,3.480899344,1.19282693,-0.28760238,-0.668522366,3.59611437,-0.260384836,0.396744944,-0.229953191,0.365054733,0.194234206,-0.829892618,-0.804572788,1.414897132,0.192197808,-0.87885933,-0.921055877,-1.017787721,2.828960118,-0.241379734,-0.290966447,0.594571867,1.866601796,1.68879666,-0.414201918,-0.032559264,0.324937544,1.617392901,-0.945651002,-0.332144723,-0.542942776,2.64862781,0.822370463,3.556707603,-0.023792949,1.798416595,0.466156189,-0.905467767,0.002118447,1.123996037,1.374635029,-0.593531365,0.339052328,-0.888748475,0.184091168,1.151039675,0.164731988,-0.232552721,-0.750800369,-0.772324396,-0.801806112,-0.697610804,0.455125305,-0.360312617,0.003303201,-0.513812437,0.050665664,0.686626368,-0.054154247,1.293476443,1.018624149,-0.851263304,1.222612106,-0.950005289,5.478024616,1.578987221,0.146399713,0.587566718,4.986252878,-0.34725506,-0.550789311,-0.39951063,1.475615594,0.862900656,-0.429149107,2.190323921,7.247903275,-0.019911257,-0.041011689,-0.793495375,1.490739196,0.113219428,2.197449909,-0.809101666,-0.493812601,0.182570475,-0.136965788,-0.209427296,0.772987031,-0.715708192,-0.849230317,0.585599017,0.578158981,-0.045201805,-0.720667958,-0.386519131,-0.213799909,-0.945500104,1.069841281,0.716683916,-0.873741417,-0.634568825,-0.138116336,-1.038872292,2.387560472,-0.109363771,1.840324227,0.291158959,-0.642331555,0.037678116,1.735182459,0.128422597,0.024158694,-0.313164154,0.174463936,-0.788351255,1.598211888,-0.766050055,0.758494502,0.640388667,-0.054106975,-0.756842069,0.899277949,-0.649630285,-0.134412663,-0.713143162,0.306621136,0.49174245,1.191635498,-0.84500695,0.129783132,-0.190851413,5.860967448,1.172235588,0.236083418,-0.420227319,2.277682187,-0.856932932,-0.282910727,0.568257169,0.310236734,0.266198829,-0.29830371,-0.790817115,0.247889336,0.770734304,0.317371958,0.382107914,0.670253664,0.269283407,-0.166041888,0.190607266,1.381819239,1.114696664,-0.033103049,-0.316526078,0.537962604,0.10558563,0.726957106,0.100926653
53,53.25,53.5,A,10,-0.467544749,2.718554615,-0.488516315,0.713705568,-0.535350009,-0.767704902,-0.875380028,2.582476016,-0.695376341,-0.431532294,-0.088835497,0.298572891,0.822010595,4.861851435,-0.620717102,-0.841057766,-0.137557278,-0.022956065,0.713986889,-0.859181937,0.409167067,-0.951736342,0.163441151,0.346154326,0.25413831,0.404418452,-0.379826742,-0.67521689,0.171386404,-0.626866302,-0.451966785,1.843236792,-0.669227211,-0.172841074,-0.983775644,-0.555467504,-0.725893667,-0.412769321,0.277973725,-1.042024717,1.744267453,-0.430314554,-0.883954889,-0.809953744,1.49038214,-0.703668146,0.866217233,-0.078131035,-0.84712375,2.791163101,-0.775055419,-0.816387522,-0.398739903,1.251430141,-0.602228644,-0.768915382,0.586286566,-0.611783073,-1.042955158,-0.750720349,-0.027333433,-0.447761322,-0.919022243,-0.256843078,-0.778680664,-0.413826752,-0.266227538,4.693503126,2.997039264,-0.681671725,-0.460484131,-0.47645683,0.314976982,1.165980186,0.335364731,2.637536433,-0.896659086,-0.303091956,-0.52186519,-0.979133048,0.223371028,-0.743284231,-0.718485351,2.673263837,-0.746824101,0.25690633,1.788347381,-0.832905214,0.747456729,-0.436970885,-0.47845829,-0.097983696,1.616786704,-0.16500721,-0.28534266,-0.587310609,-0.659250638,-0.754753968,-0.186690871,-0.477726162,0.833905838,-0.855553021,0.899389068,-0.922875802,-0.387067326,0.893366966,5.136700336,-0.174267457,-0.758079729,1.649979794,2.298031546,-0.866487461,-0.219782964,-0.769600182,0.130313065,2.527192814,-0.138379998,0.361235462,0.178998149,-0.479045369,1.419700072,-0.372922771,-0.196391301,0.607001697,1.293663813,-0.71610702,-0.09314993,0.371789926,1.792107232,2.530855642,0.192736381,0.089161979,-0.574124224,0.157208961,-0.494757399,-0.364466529,2.908979844,3.233017765,-0.814858687,-0.079101876,-0.703617222,-0.089068079,1.892561828,0.73061469,0.491491352,0.616989875,-0.201406846,-0.17878802,-0.468889813,-0.567848733,0.734323568,-0.430975999,-0.537020272,-0.327591496,-0.51217211,-0.216596517,0.031673881,-0.758059436,3.730473275,-0.749490711,0.175333156,0.412611617,-0.088494057,-0.289275541,0.313888381,-0.392906874,0.389917563,0.081616809,0.221087552,-0.20757374,0.631549867,0.302247506,0.663654736,0.425379622,0.152203903,0.096456418
53.25,53.5,53.75,A,10,0.042623297,4.962538729,1.145382913,-0.445741726,-0.007175577,0.221070274,-0.404688971,-0.647058137,0.260734777,0.45548042,4.324172694,-0.305271093,0.47181637,0.653058913,2.394598045,1.671033073,0.045163639,1.249442144,1.427500533,1.128046842,-0.647075882,2.932323692,3.842126094,-0.83104185,-0.640606294,-0.702369596,0.146542239,0.010714334,3.396823361,1.369603811,1.997041039,0.059507956,-0.394453135,-0.454005868,-0.254692986,1.041841292,0.125868306,-0.881383345,0.19520158,-0.036063215,-0.19821955,-0.620705833,0.33340502,-0.717163321,-0.767326245,1.636043521,0.413353671,-1.088375011,-1.047994994,-0.483138582,-0.663750382,0.872651961,-0.339781036,-0.80885348,-0.745212307,-0.844044404,0.301983245,-0.240661558,-0.757920287,-0.79390599,-0.77882312,0.570620114,0.072736947,2.139302185,-0.736192921,0.195805255,-0.552220809,-0.943884419,0.085634028,0.459821335,-0.871815814,0.223368931,3.863098988,-0.468529678,0.597686049,-0.747878622,-0.218819606,0.030449209,-0.299710999,-0.309267172,-1.056998909,-0.660744029,-0.818967424,0.112795065,0.437856768,-0.660093666,0.875134646,0.637899628,-0.271727978,-0.977234587,2.698545942,-0.516536847,0.248958811,-0.679870702,2.123365847,0.647032068,-0.319642124,1.736266593,0.212720034,0.985435809,-0.208728918,-0.270992188,0.544808729,-0.057295074,-0.220986547,-0.050365742,0.903709948,1.382309702,-0.535946137,0.123786588,0.15670531,-0.853565089,-0.199993381,-0.902295493,-0.894693713,-0.235664188,0.249951435,-0.287887212,-0.343628147,1.762928102,-0.480509334,0.399379487,-0.281060898,-0.778418423,0.681802239,-0.626266785,-0.642189927,-0.576767716,-0.427243269,0.462897442,-0.506324043,3.179603612,-0.731755428,0.411793329,1.450245446,-0.29169294,0.544659154,3.499952489,-0.224999902,1.285832636,1.119381715,-0.270315029,0.059095652,-0.175568282,-0.24120096,0.495544098,-0.381611576,-0.081239744,0.088381554,-0.551227357,-0.890212726,-0.335425457,-0.044031461,1.058968286,-0.407301664,-0.652453684,2.833021826,-0.555112063,-0.303454803,0.601605635,0.5583166,1.305956116,0.887703991,0.139886163,-0.254012132,-0.401949424,0.051279859,0.179858129,-0.238208049,0.713627543,0.161030036,-0.154814238,-0.226837718,0.861731435,0.006124007,0.130560389
53.5,53.75,54,A,10,0.376773616,0.621285299,-0.242446786,1.378117898,-0.354160156,0.942703029,2.968913427,-0.685709193,0.152935329,2.136303642,-0.456515079,0.54132517,0.294623034,-0.66813861,-0.441934172,2.705550577,4.279742381,0.038130108,1.74837864,1.619753764,2.216583867,0.12910847,0.704413761,-0.683578545,-0.153881047,0.466588692,0.02905182,-0.269168763,-0.648352712,0.208184726,3.505565872,0.038793238,-0.708327202,-0.863201698,-0.424822706,3.560236836,8.01392884,1.781821837,0.231855076,1.111628044,-0.845779743,-0.345976515,0.246678402,1.991348971,0.276734809,-0.829218245,0.363552675,1.499961605,2.300452995,-0.698826892,2.776564876,-0.723683022,-0.684764028,3.450498548,0.350013726,-0.891046259,-0.022958205,0.833378358,-0.350389003,0.075235964,-0.817757478,-0.361450959,-0.768037042,-0.931475161,-0.498122761,4.007693509,1.204673987,-0.660352316,-0.456564043,-0.798959954,-0.730142305,-0.164816177,-0.585848368,0.159921429,0.678932136,0.793992691,0.230026156,-0.718840897,0.475199409,-0.428161527,3.964775471,-0.846404118,-0.192379307,-0.58694046,-0.740312141,1.722509197,-0.243508052,-0.661052684,-0.427848962,1.113843623,0.032956471,-0.814859196,0.474357419,0.853787469,-0.695470909,-0.714341135,-0.759448095,0.082616528,1.298132356,1.639356889,-0.574685446,0.958157876,0.214921309,-0.40188845,0.504236876,-0.810948729,-0.667822915,-0.370464242,-0.092426734,-0.667478274,-0.129628113,-0.853778407,-0.691111672,-0.582515864,0.95407771,1.947140184,0.056846675,-0.877847673,-0.8705081,0.375996472,0.084053249,-0.781029059,0.112446389,0.518567924,-0.189783977,0.939103735,0.593248784,-0.667255456,-0.650803454,-0.314852583,-0.248071096,0.12770016,-0.089290537,1.776419944,-0.460037077,-0.793172198,0.259423981,-0.142746647,1.410273145,0.177429466,-0.630961513,0.662664684,-1.00125508,0.017741149,0.045595694,-0.722478706,-0.243327704,0.782237108,-0.192834465,-0.776691829,0.494138969,0.315311723,0.235484809,-0.029660113,0.081347615,-0.2983301,-0.091240692,-1.036847538,0.033759354,-0.520750869,0.72947161,0.966091581,0.199895027,1.624747814,0.395892806,0.481285095,-0.008035222,-0.028973745,0.310268257,0.13970878,-0.190839873,-0.067132879,-0.035630445,0.201792914,-0.205931066,-0.081678684
53.75,54,54.25,A,10,-0.178402855,3.223809095,-0.680418208,0.085054249,-0.21177341,0.298507229,-0.905145217,3.390142384,-0.840565978,2.058660437,1.170414496,-0.069292889,0.668972578,1.55349666,1.020915435,3.506376984,-0.032471774,0.565903012,2.342207639,2.762079441,1.467766072,0.526095876,0.831963946,8.339603581,-0.081947716,-0.664927086,-0.257635685,-0.394277974,-0.791484675,0.25725732,0.984847447,2.268979451,0.592111095,1.163947279,-0.597739809,0.79677984,-0.416037959,-0.31982267,2.112463207,1.693648846,0.000469616,0.727070049,-0.173895956,0.57278222,5.659662915,-0.028479853,0.290585035,-0.389693487,0.397138334,2.883295768,-0.879705358,3.894929791,1.161356102,-0.687079005,-0.661374133,1.099424134,-0.007925081,0.149327063,0.323390912,-0.352096508,-1.108676465,-0.555718477,2.047833428,-0.390221927,0.291429492,0.835267524,0.094768361,0.27843077,-0.936644218,-0.755886053,-0.041633781,-0.474369023,-0.747436381,1.775001419,-0.026364741,-0.530959338,-0.897326442,-0.02406842,1.81198597,-0.745304312,-0.722309871,-0.676723841,-0.528975102,-0.183799693,-0.344554075,-0.246265882,-0.562827748,-0.864686032,0.254883554,-0.479729076,0.12024143,-0.053028747,1.865129487,0.386710258,-0.889909418,-0.329492204,0.389721225,3.263294743,0.51656488,0.337969378,0.22353465,0.16228598,-0.099711288,2.049463205,-0.82687654,1.040860313,2.262139497,-0.62345172,0.818599227,-0.748323819,-0.862757793,0.909739338,0.312957958,-0.043118782,0.333057849,-0.909683193,-0.88220344,-0.455048722,-0.434120479,-0.916026553,-0.513079014,-0.650967606,-0.358070984,-0.379327638,0.140283374,-0.237366902,-0.016710373,-0.673494685,-0.602160458,0.832460398,-0.805507075,0.231533327,-0.639310813,-0.805285437,-0.779338609,-1.059006571,0.314902079,-1.000041093,0.150143989,-0.542983854,-0.03780412,0.014956856,-0.82297003,-0.105605242,-0.608507982,-0.406694504,-0.765552061,-0.630281469,0.632680985,-0.561922447,-0.737063245,0.638104158,-0.699467544,-0.630771213,-0.849995328,-0.925107832,0.484846306,-0.827673359,-0.830181672,-0.709547615,0.623986772,1.348860158,0.923241366,0.827917673,0.993893464,0.404024792,-0.019941756,0.009952495,-0.435498777,0.560720103,0.42585195,-0.294720382,-0.245843389,-0.493489406,-0.329170001,-0.508685734
54,54.25,54.5,A,10,0.443090609,0.320378721,-0.082770453,-0.607563586,-0.06524103,1.871414187,-0.595938184,-0.919519964,0.820782854,0.326621901,0.116377075,-0.956802459,1.152467033,-0.502317825,-0.055300994,-0.596575308,-0.815398735,0.212911254,-0.756301678,-0.22378458,-0.521080726,-0.324527911,-0.252577026,-0.740898003,-0.883140995,-0.724033941,0.400626084,-0.870656849,-0.764104806,-0.651545793,0.798420246,-0.86748891,-0.942422587,1.299050037,0.32872528,-0.556327823,-0.758241444,-0.905825369,-0.160522532,-0.377853848,-0.061384034,-0.363570223,-0.407421333,-0.444587209,0.383823981,-0.015505561,0.405002739,-0.054873356,-0.636839446,-0.562742059,0.290319645,-0.869193402,1.045473565,-0.849787808,-0.420895539,-0.201132964,-0.53136422,-1.052656089,-0.963315566,-0.959732198,-0.626213737,-0.86590563,-0.986279156,-0.572728003,-0.594231497,-0.624422279,-0.114314375,-0.852620579,-0.395805983,-0.746436364,-0.481530784,-0.725672227,-0.32207705,-0.66931021,-0.451588649,-0.996127068,-0.440522472,0.518325343,0.703281598,-0.331481472,-0.85150565,-0.783982049,-0.625658815,-0.884477297,-0.611459477,-0.584835652,-0.782076628,-0.924194015,-0.626850196,-1.011401777,0.128373975,-0.500911373,-0.112029372,-0.421537132,-0.853851074,0.871766531,0.080323797,0.078471046,-0.531531272,-0.737839951,-0.451417178,-0.400015472,-0.638394062,-0.968206209,-0.509781174,0.091542719,-0.65858888,-0.746804333,-0.482079827,-0.449294762,0.585878623,-1.054414689,-0.012913943,-0.583619804,-0.992786173,-0.822131553,0.252164231,-0.184252669,-0.171354339,-0.405548464,-1.026101238,-0.375498224,-0.626302656,-0.550247323,-0.063214611,-0.502481682,1.222710608,-0.83346499,-0.6496703,-0.634595886,-0.601602593,0.559528908,-0.636931748,1.242955103,-0.174323892,0.032851947,1.380098512,-0.750892777,-0.943662563,0.366305328,-0.868935287,1.318472972,-0.973376263,-0.73662392,0.659849316,0.628513146,0.443781636,-0.819924375,-0.446368561,-0.131922357,-0.785020768,-0.849579639,-0.32012704,0.404151616,-0.383419488,-0.131981417,-0.855593832,-0.848666669,-0.898738648,0.234698547,0.151125505,-0.242472622,-0.533193997,-0.214248695,-0.17580965,-0.451228458,-0.637895761,-0.319670299,-0.768644156,-0.199876482,-0.521303918,-0.338897878,-0.40388663,0.047432622,-0.092653369,-0.443427734
54.25,54.5,54.75,A,10,-0.073558055,-0.233135284,-0.939251773,0.221015663,-0.311522648,0.585090251,0.574194327,-1.032013814,1.291578715,-0.105337196,-0.289032187,-0.913411532,1.056718511,0.685302274,-0.026991202,-0.951488853,-0.17544102,0.162393541,-0.439156857,-0.614722889,0.067709589,-0.417958604,-0.665600478,-0.428548375,1.940278272,-0.64071153,0.248847226,-0.326523554,-0.006904774,-0.730104697,-0.055414146,-0.610979783,0.024016915,-0.785070865,0.527553539,-0.061944308,0.317941971,-0.577464641,0.05379397,0.622209812,-0.483745978,-0.483161598,-0.550695963,-0.556930825,0.162976312,1.178669182,-0.793452767,-0.772538639,-0.365789237,-0.756596665,-0.247488645,0.520517274,-0.772312745,-0.014813494,-0.827981404,-0.418484468,-0.856746567,-0.637204192,-0.391482201,0.106716533,-0.986060273,-0.86898261,-1.05997983,-0.847869411,-0.857840229,-0.934495286,-0.077904156,-0.531486506,1.103995876,0.248027387,-0.76052303,0.440801732,0.796851338,-0.798437776,0.290920211,-0.242534074,-0.61992736,-0.676815823,-0.272583792,-0.502738183,0.132251092,-0.922515872,-0.697739671,-0.371257577,-0.812178818,-0.461225012,-0.641564534,-0.288971146,-0.500215262,-0.517964149,0.119321989,-0.106571842,-0.490817077,0.274950263,0.543380448,-0.800946367,-0.905916913,-1.111136458,0.547930287,0.560561572,-0.777867865,-0.364079557,-0.733977633,-0.37763282,-0.100051473,-0.848413043,-0.511025181,0.028495994,-0.233464786,-0.272686076,-0.95218363,-0.995788009,-0.979159017,-0.768054146,-0.540849111,-0.008695721,0.220340528,-0.59787503,0.631939823,0.320563419,-0.439077952,-0.746087782,-0.745913032,0.113031456,-0.46913763,0.511981331,-0.516921985,0.332013587,-0.076664227,0.297188396,0.109345936,0.663787659,-0.782663533,-0.403193867,0.227479765,-0.017903778,-0.721809219,-0.952102896,-0.17193645,1.685935876,-0.76649771,1.177663384,0.675137032,0.020225281,1.712691046,-0.384779052,-0.953821793,-0.184152108,-0.524616588,1.175519243,-0.730545403,2.27521001,-0.410318504,-0.933231891,0.0877068,-0.271496636,-0.811814438,-0.832522876,0.201073769,0.327700584,-0.002293981,-0.150583021,-0.095951692,-0.054535754,-0.342126618,-0.353927991,-0.481259504,-0.234498675,-0.508138095,-0.13692441,-0.419070244,-0.366976089,-0.173958784,-0.036306051,0.194736874,-0.109823859
54.5,54.75,55,A,10,-0.019914616,0.187824306,-0.34156925,-0.656377157,0.530278947,2.332192172,-0.987590649,0.8779708,2.162944373,-0.193431925,-0.730476951,0.683185519,-0.142290793,-0.647949781,-0.076985981,-0.586550523,0.364075291,-0.192131736,1.790840122,3.358107285,-0.795183576,-0.451311849,-0.075294609,-0.696391634,0.791921826,0.072747921,-0.43071513,-0.760745755,0.41459557,0.336437811,0.358777954,-0.383229477,0.220505303,-0.954800492,0.34615878,0.218687343,-0.926697947,-0.933205316,0.224255652,-0.285599552,-0.92859461,3.797244782,-0.126007649,0.660966135,-0.668317532,-0.775398503,0.143331411,-0.586456547,0.970927497,0.669098685,1.894279844,-0.964909078,-0.870909716,-0.571678176,-0.109721823,-0.906108016,-0.824709348,-0.951598785,0.442192066,2.083055722,-0.15129531,-0.478357501,0.919282692,0.193852962,-0.504061458,0.779819606,0.321022374,-0.516793807,-0.625241198,0.810611805,-0.088394073,-0.27431469,-0.533954826,-0.916016387,0.111143428,-0.698179114,1.060255323,-0.489116727,-0.90260267,-0.791315996,-0.626089236,-0.297575002,-0.715466048,0.573703112,0.864997516,-0.665468359,-0.796567655,0.306799836,1.670762056,2.170359703,0.891899272,0.30050079,-0.428163448,-0.884920805,-0.776294122,-0.742783663,1.032422763,0.902479193,0.835384507,1.3383381,-0.151513737,-0.93186279,-0.21546771,-0.754812688,-0.87162173,0.138612797,0.814404097,-0.385491488,0.676569336,-0.496134298,-0.680408822,-0.97404669,0.779040342,-0.848106396,-0.375149529,-0.538769394,-0.709350116,-0.466675274,-0.235375023,0.48638975,0.629851951,-0.790074743,-0.967076158,1.525501056,-0.042185341,-1.060434913,-0.595988077,1.207565334,0.397146612,0.556977321,-0.281583945,-0.296563747,-0.294283071,-0.721614857,0.558702798,-0.198146586,0.668276303,-0.615677753,-1.020160938,-0.35186636,1.114577869,-0.749261805,-0.502849707,-0.938546278,-0.305034111,-0.762406468,-0.274780527,0.896383317,-0.690212397,0.130142541,-0.846239818,-0.807492371,-0.40940539,-0.332745629,-0.902677885,-0.701189838,-0.909092677,0.949712971,-0.755732911,-0.840453929,0.3892327,0.381982245,-0.159393942,-0.211514775,0.315679367,-0.078010731,0.074884016,-0.352249573,0.248545592,0.246886259,-0.217731821,-0.356245115,0.086128304,-0.255291816,-0.208198757,-0.555531748
54.75,55,55.25,A,10,-0.535874309,0.661055438,-0.744590254,3.211258073,-0.504313866,1.241554357,-0.729284642,-0.850930635,0.157586271,-0.643185635,2.267453703,0.239294717,0.725595311,1.612519928,0.406459513,-0.70779752,-0.661739052,0.099150996,0.082446339,-0.143802045,0.284411168,-0.786113361,-0.644564504,1.565287533,-0.793871493,-0.521476905,1.627132838,1.093554,-0.268161635,1.058476012,1.528073941,-0.172303157,-0.885746149,-0.693949502,-0.507922759,-0.026501641,0.21882613,-0.49177335,0.078011008,0.193685745,0.234640976,0.354944609,-0.685276857,-1.045879424,-0.288165745,-0.889045394,0.008388226,-0.133160516,-0.316311478,0.528325111,-0.682190356,0.000785703,-0.574052109,-0.841091443,-0.370487407,-0.668470813,-0.790091012,0.757290098,0.040617092,0.2263392,2.855827849,-0.754049017,-0.062836686,1.586066492,-0.722106936,-0.467352374,-0.578521412,0.64478841,-0.746357112,-0.026584251,0.007565848,-0.425966006,-0.005263513,-0.375082413,-0.908079444,-0.395035719,-0.646492528,-0.605388739,0.00566312,-0.701028973,0.403146622,0.321279885,0.233774235,-0.39415424,0.561279997,-0.860178476,-0.09721995,0.431834587,-0.615057869,0.930469939,-0.676004977,0.000865196,0.631445981,-0.894792152,-0.041442154,-0.023181343,-0.309976423,-0.553915135,-0.47423541,-0.022037787,-0.401893845,-0.964270665,0.012302242,-0.912945477,1.084982411,-0.03315552,-0.545506574,-0.665264759,0.32249978,0.629621093,0.510969886,-0.284570953,0.661732071,-0.575474496,-0.783741235,-0.452011386,0.088030015,-0.243896266,-0.881707258,0.85519481,-0.035516071,-0.884786888,-0.492753081,-0.569662148,-0.125050966,1.478424718,-0.502459377,-0.939848419,3.870813382,1.015040752,-0.578321936,1.297613385,-0.130269944,-0.669330229,0.590931425,0.174566324,6.493121496,-0.739370634,0.075099149,-0.283930557,-0.822593761,0.902601323,1.06759533,0.689802184,-0.137610618,-0.511375386,-0.188676759,-0.110121869,-0.000482588,0.643713169,-0.212399862,-0.315962732,-0.600227597,-0.820452893,-0.587608585,1.830677292,-0.452190022,0.707239798,0.189228982,-0.406048819,0.12632748,0.391958189,0.261467365,-0.075959973,-0.223154049,-0.290135105,0.172887496,-0.404910837,0.091517473,-0.23632742,-0.147363131,-0.110547481,0.28142019,0.623010848,0.153285103,-0.066774444
55,55.25,55.5,A,10,0.01737924,1.637003008,-0.345053777,2.327637405,-0.041278741,0.123621783,-0.476150254,-0.624744901,-0.581622736,-0.803185132,-0.371318402,0.482646668,0.077792325,2.969482205,-0.953438163,-0.07922292,-0.279466966,-0.020356162,0.280218841,2.046161613,-0.936602621,0.335290817,-1.013422417,0.118919935,-0.878586373,0.094790121,-0.413089871,-0.756481307,-0.001173971,-0.695511148,-0.526918466,-0.068525721,-0.507250431,-0.929008026,-0.791376494,-0.345369865,0.284780075,-0.598897765,-0.882696323,-0.82007968,-0.472202695,-0.857956441,-0.873946125,-1.098853113,-0.544901902,-0.102856822,0.404581548,-0.780750528,-0.471069731,-0.487934017,-0.813847446,-0.637680855,-1.013593404,-0.788785516,-0.501506927,1.490995327,1.960253478,-0.891988012,-0.54126484,-0.833637636,0.809021587,-0.100821233,-0.55981584,-0.70265068,-0.42808275,-0.9962675,-0.527488079,-0.123146297,0.211533475,0.516178812,-0.186502199,-0.705957998,-0.115369187,-0.501794041,1.441510535,0.763761359,-0.796824605,0.931278441,-0.567724554,-0.198780762,0.805035079,0.218675358,0.107746063,-0.791658002,-0.906809345,0.65850018,0.499402466,-0.714649521,-0.451629314,0.805079002,-0.862775801,-0.729438143,-0.708872145,-0.212410786,-0.948118101,-0.771196705,0.343895577,0.319745716,2.549783055,1.332217913,-0.707450369,0.062836902,-0.821258509,-0.768996247,-0.203500798,0.15430956,-0.559914993,0.040372979,0.54755212,-0.616352123,-0.876218993,-0.732867891,-0.778322265,-0.992140234,-0.188448566,-0.52220263,-0.619813346,1.214922074,0.443979495,0.213658404,-0.493955222,-0.554191797,-0.922646307,0.639898817,-0.528084587,0.379814134,0.165674169,-0.896535493,-0.980360489,-0.759141141,0.525574042,-0.623582712,-0.831650433,-0.491626567,-0.598772159,-0.650031307,-0.180856325,-0.507143541,-0.717674185,1.347571058,-0.766214611,1.013625804,-0.869033202,-0.658832303,0.548707525,-0.778112758,0.064062371,0.346869745,0.298110582,1.343374788,-0.17085073,-0.940198592,-0.664006131,-0.4261518,-0.441477567,-0.618386601,-0.01722442,-0.323176849,-0.893534721,-0.634598928,0.12336059,0.415249904,-0.414586683,-0.51853427,-0.528588983,-0.257105583,-0.19015385,0.006359699,0.022969197,0.031283058,-0.287240148,-0.283745395,-0.394952792,-0.272819213,0.054255794,-0.512960634
55.25,55.5,55.75,A,10,-0.550407737,0.120335662,-0.629109184,0.23178555,-0.747005715,-0.782200876,-0.856877442,0.318918635,-0.717310827,-0.865189532,-0.595275342,-0.234076269,-0.741809655,-0.426096126,-0.847046309,0.026089322,-0.819901118,0.086496014,0.548548243,-0.793614416,-0.502425891,-0.491244445,0.432665188,-0.356142606,-0.420890432,-0.18957664,-0.875198517,0.192023634,-0.975031511,0.377740132,-0.940028832,-0.509114973,1.47283874,-0.559801474,-0.669584877,-0.229195303,-0.704981488,-0.843483445,1.002053911,-0.431115405,-0.577089918,0.047565998,-0.831014656,-0.694294639,-0.800283634,-0.829976062,0.210711989,0.05142636,-0.52947714,-0.940957759,0.119771317,0.520553729,-0.9210334,-0.551908277,-0.903533852,-0.187862567,-0.457613091,-1.001561395,-0.584219538,-0.453727161,-0.40009452,-0.809925999,-0.820141493,-0.773654213,-0.737719275,-1.025687985,0.078853897,-0.075486924,-0.867674615,0.007313699,2.116656491,-0.098845614,0.277206975,-0.594694188,-0.829113013,-0.521641178,-0.666668264,-0.364344258,-0.94181655,0.166944272,-0.325140532,-0.152872336,-0.899640146,-0.773485621,-0.716375764,-0.353627757,-0.40252457,-0.619895845,1.987026059,-0.416948382,-0.620046371,-0.271012091,-0.003238689,-0.88881084,0.04019533,-0.782289886,-0.792423974,-0.983080697,0.293111218,-0.406750142,0.929516933,-0.631924908,-0.765296415,-0.541733194,0.172861213,1.0549237,-0.052334597,-0.343615075,-0.782578053,-0.500724977,-0.885596784,0.110931003,0.306196882,-0.931728166,-0.524239376,0.082259346,-0.541180398,0.177335509,-0.90128088,0.498637724,-0.675363864,-0.848715759,-0.257898321,-0.604474926,-0.380628454,-0.235517592,1.061383274,-0.572513391,3.531782487,-0.632263663,-0.994560861,1.070026816,-0.107205748,-0.746566674,-0.716088221,-0.824651266,-0.723251152,-0.854584549,0.493595581,-0.02868722,-0.345728087,-0.583259795,-0.157909164,0.241359279,-0.569131915,-0.546001377,-0.344041245,0.291297743,-0.866082356,-0.822453964,1.41666103,-0.995272014,0.085234791,1.096085491,-0.531335556,-0.831353375,-0.494634292,-0.514216559,-0.173878066,-0.826751163,-0.447706147,-0.379668566,-0.280808109,-0.241241314,-0.489338946,-0.442113424,-0.542421743,-0.145631533,-0.267348489,-0.441434614,-0.146090537,-0.260866514,0.038578979,-0.343197329,-0.370195088,-0.176945971
55.5,55.75,56,A,10,0.849514075,0.028783206,-0.268842839,-0.897850782,1.216849751,-0.867827407,-0.523905333,1.811316541,-0.813263486,-0.920856523,0.149759625,0.136775536,-0.542743567,-0.964675021,-0.582722945,-0.23800759,-0.775300341,3.743951372,-0.009737233,-0.643155574,-0.075212303,0.755890178,0.308523892,-0.633075332,1.147945609,0.005298101,-0.440847702,1.062991441,-0.774643547,1.39129147,0.047145301,-0.570018136,0.136221012,-0.929464579,0.040903496,-0.924628751,0.513103003,-0.568072562,0.362786533,-0.884979566,-0.56956474,-0.721570329,-0.612779359,0.773883345,0.402200838,0.551323212,-0.700485539,-0.639069013,-0.570463874,-0.579802616,-0.099811094,-0.889841448,-0.245369553,2.576235963,1.599317157,-0.45755779,-0.182460174,-0.76048759,0.451898372,0.088806787,-0.155853529,0.456251894,-0.058551938,-0.324005735,-0.448355807,-0.607997508,-0.524273184,-0.730453042,0.024621217,-0.498053929,-0.59746353,-0.730141423,-0.262847861,-0.426751762,-0.942033659,-0.524435807,-0.789476275,0.238639719,0.00430868,-0.224332727,-0.550232049,-0.782879941,1.20180648,0.18121931,-0.754098334,-0.817452492,-0.891729913,-0.362875675,0.783881962,-0.538593513,0.018425935,0.704493811,-0.836672715,-0.339504865,2.369744231,0.450062039,-0.853327018,-1.090552404,-0.289947621,0.011906481,-0.84935711,-0.556059582,-0.929072354,-1.067826328,0.555153811,-0.808430959,-0.809675802,0.049306392,-0.811689744,0.168368371,-0.997035163,0.537552298,0.295386687,-0.578096086,-0.332814368,0.749596138,-0.512921287,2.035908993,-0.91398203,-0.594448585,-0.854083328,-0.865392184,-0.376009842,-0.761737551,-0.823391938,-0.917742464,1.179385894,0.195203324,2.238525115,-0.112302625,-0.792097407,0.313534461,-0.150296758,-0.779000839,-0.978260098,-0.795777163,-0.362779917,-0.675325707,-0.581057224,-0.727322222,-0.039868332,-0.604702107,-0.811349316,0.232482666,-0.975507069,-0.595186901,-0.595092525,-0.504859891,-0.76613766,-1.003557659,-0.749111452,0.623436702,-0.676535072,-0.211112193,-0.403986247,-0.981450683,-0.151418374,0.03229631,-0.745858998,-0.242733127,-0.03860828,0.027414426,0.274816181,-0.277700425,-0.266632807,0.208073063,-0.286667156,-0.425453464,-0.253095416,0.014462787,-0.50592833,-0.03108534,-0.10975456,-0.552838287,-0.566377879,-0.350647314
55.75,56,56.25,A,10,-0.159432588,-0.243612896,-0.101750544,-0.603466976,-0.087618176,-0.534918144,0.050901176,-0.651762075,0.065194595,1.018749216,-0.310196617,1.309725085,-0.263796639,-0.231028439,1.443464824,0.028755594,-0.843099221,-0.361503237,5.764795593,0.687356288,-1.011754674,1.240175722,0.0855575,-0.224467294,1.263620614,-1.098870672,1.027596696,0.186705717,-0.359759454,0.917498895,-0.501619825,4.189503785,0.891454571,0.4759757,-0.956507911,-0.444714954,-0.654032643,-0.725878952,0.480408785,-0.543155892,-0.411969287,-0.199310591,0.07519105,0.086978613,-0.840844253,-0.280339019,-0.562730392,-0.245736781,-0.150016513,-0.426634676,0.217811933,0.601542976,1.435142735,-0.279674602,-0.345873631,-0.548581125,-0.935521947,0.027597989,0.190589903,0.011883116,-0.690055438,0.183193791,-1.056274937,-0.223961934,1.454908473,0.622057037,1.847951599,0.019772262,0.584862309,-0.207827056,0.380039622,0.143741415,-0.11679255,1.41121266,-0.308697724,-0.745940297,-0.711267388,-0.221198081,0.368201442,-0.099042214,0.4978662,-0.734750417,-0.317618108,1.264091014,0.59512492,0.071949595,1.132078797,-0.218402875,3.684869389,-0.363110514,0.922494898,3.40203712,-0.086850617,-0.81597683,1.876976386,2.066218858,-0.855139089,-1.029888972,0.111528988,0.940870287,0.78344642,3.378180848,0.311053985,2.217275393,3.669895707,-0.663318504,0.174505932,-0.295294713,-0.364021839,-0.967362741,-0.516149242,-0.352205402,-0.054928803,-0.299858243,0.006349998,0.463150592,-0.701342284,2.003697273,-0.756809377,3.231378308,-0.21728408,0.215187285,1.069398999,0.56081333,0.092758696,0.088980844,0.362709051,-0.6098588,1.048015685,-0.615689735,-0.522724595,-0.222525777,1.735354183,-0.093165269,-0.783143119,0.374595407,-0.612877746,0.361604072,0.462992255,-0.155019565,2.598502062,-0.898429337,0.77601164,-0.363678703,1.139209743,4.190086482,-0.671947392,-0.422040491,0.635041624,-0.218819641,1.968662128,0.858014727,-0.153354811,0.422981973,0.658925473,4.414720589,-0.281314716,-0.289926667,3.805143729,1.003278457,-0.124771641,0.722447323,0.202630305,0.221143266,-0.295541185,0.037491735,0.253462611,0.010025689,0.5612098,0.653227103,0.824436049,0.302328282,0.199503128,0.054508985,0.676393599,1.240713088
56,56.25,56.5,A,10,-0.311026022,-0.249844347,-0.476658903,0.088848255,0.304510377,-0.159592902,-0.154745044,0.136559564,-0.614895313,-0.559488134,-0.876532562,-0.650517311,-0.775468642,-0.269074619,0.361605077,0.562316472,-0.773858622,0.704042238,-0.13556122,0.710180918,-0.579391407,-0.263992101,0.488600626,-0.759319847,-0.801782415,0.373020775,-0.022896748,-0.573922986,1.333805401,-0.372528744,-0.41337481,-0.750055122,-0.421144079,-0.387999756,-0.678760447,-0.827545798,-0.159361948,-0.346761703,0.237325794,-0.674366092,-0.394504212,0.077287017,0.932555376,-0.027165405,0.003226357,-0.488932998,-0.384490044,-0.308248491,3.469672277,0.236293864,-0.272909163,1.312559652,0.420465329,1.811049769,2.619066895,-0.101956402,0.834031055,-0.305274557,2.159097773,-0.517391708,1.43221932,1.198155457,-0.18990172,0.35483088,0.561573639,-0.059121412,0.568113756,0.252787477,-0.439074755,-0.444052605,-0.001588122,-0.766968707,-0.461774964,-0.988021992,-0.894760244,0.357936012,-0.113170578,-0.753368337,0.892240765,-0.021635473,-0.664108111,-0.021564382,0.893297976,-0.069886679,0.263114067,0.604419609,1.448215581,-0.040037292,0.9539102,1.921814465,-0.776070445,2.120966924,0.117005578,-0.431142852,-0.153629846,-0.524627985,0.872020193,1.323533852,2.867126352,0.265551135,0.518024305,-0.521742499,0.554234632,1.552852166,0.861762137,1.243973416,-0.336689024,0.587005835,3.961188645,0.293172991,0.309324925,-0.729738493,0.27201407,-0.652342074,0.275056304,2.364239954,-0.993964906,-0.838318029,-0.313213445,1.177157442,-0.570866084,0.916814928,-0.116275854,-0.447039124,1.426378367,1.220464034,-0.520837485,0.298098775,2.817080605,0.471274797,-0.905531053,1.06837054,1.565005989,0.463981904,-0.900305017,-0.422936982,1.2997044,1.696124229,-0.244936253,-0.696384659,0.557940326,1.068247811,1.911965769,-0.422682428,-0.660839031,0.050452864,1.473264696,-0.291524253,1.029569886,-0.542323568,1.250173525,1.103342931,-0.165997358,0.736829805,-0.748606287,1.849823033,0.790652583,-0.228544442,0.203437406,2.706408031,-0.199633247,-0.114286827,-0.117840745,-0.442204396,0.311569374,0.795873864,0.323553004,-0.275111164,0.528917543,0.568073291,0.87137826,0.087021575,0.549509296,0.29230931,0.417407207,0.749751923
56.25,56.5,56.75,A,10,0.430380608,2.256548223,0.347402976,0.883643441,2.524250274,-0.715797296,1.918336395,-0.087433837,-0.482369642,0.095074287,1.236007034,-0.333921074,-0.475092541,0.925125247,1.576694997,-0.616459618,-0.329615309,-0.744185298,-0.098551665,-0.129648897,-0.599800437,-1.038672658,-0.378064483,-0.650646053,0.608652811,-0.766033464,2.943429565,0.754690206,1.838660495,0.503210794,-0.64825274,0.304240783,0.524518118,0.423098178,-1.006287517,-0.103747508,0.283640513,-0.584885796,-0.020010104,-0.722025259,1.300108606,-0.25477744,-0.849153723,0.758863702,-0.224240527,-0.779284701,-0.91549732,-0.096189836,2.01198987,-0.085814438,-0.148005657,-0.894104909,0.162376713,-0.718871163,0.508374623,-0.32968444,1.302667976,0.26469483,0.035839999,-0.499099148,-0.726387298,-0.617609133,-0.588835233,0.981536041,2.58893495,-1.034024601,0.740095794,-0.345858237,-0.291951686,1.110329879,-0.966847922,0.742234649,-0.319358519,-0.706321723,-0.524302152,-0.910786321,0.051525566,0.143673374,-0.632700045,-1.020388174,1.11975873,-0.199619057,-0.916121449,-0.943184182,-0.109880394,0.606157682,-0.638652214,-0.646531635,-0.962478881,-1.060919388,0.77216794,-0.41661028,-0.631495445,-0.216750126,-0.673026444,5.168300696,-0.140389435,-0.795634612,-0.876806971,1.346803018,-0.699131305,-0.445700653,-0.823730597,-0.900782206,-0.653571665,-0.793434437,0.771648476,-0.335314972,-0.11010089,-0.623796555,-0.516444356,-0.232557602,0.537087768,-0.060296154,-0.738917207,0.157329615,-0.415312356,-0.337677276,0.260678018,-0.046373088,-0.765476831,1.026553123,0.130736675,-0.961136445,0.728735894,-0.774533705,-0.873548556,-0.753630772,-0.565939745,-0.649225663,-0.156418507,-0.73806138,1.708337327,-0.616301745,-0.693745832,1.616237845,-0.677119555,-0.324829021,-0.136105968,-0.36818378,-0.254126596,-0.796102769,-0.648552548,-0.701514167,0.988418636,-0.696228376,-0.682064196,-0.532388188,-0.834472103,2.083820387,1.239623161,-0.328835113,-1.038051863,-0.714726114,-0.755727895,0.441253611,-0.011277518,0.05709291,-0.775806872,-0.583133284,0.717003543,0.101035288,0.321542678,-0.154971133,0.086600419,-0.031581118,0.181623048,-0.414327127,-0.375147079,0.353655834,-0.461391481,-0.139248264,-0.345746603,-0.038619062,-0.207320992,-0.246958898
56.5,56.75,57,A,10,-0.029420939,0.35428685,-0.215082624,-0.434217013,-0.432807679,-0.711865901,-0.373513875,-0.898263212,-0.109937482,0.32177993,-0.153970384,-0.196195554,0.123457652,0.142495096,-0.073568981,-0.690534122,-0.631680915,0.17199084,-0.791251339,-0.621361016,-0.595878526,-0.786840017,0.526142888,2.256428134,0.016274977,-0.97570845,-0.318613086,-0.097173482,0.870511069,-0.375687629,-0.705583217,-0.836827482,-0.511737517,-1.011095384,-0.580730375,-0.807021312,-0.637278043,-0.648264854,-0.112123662,-0.218203048,-0.826052661,-0.196221921,-0.530199252,0.293123495,-0.486729176,-0.838637062,-0.4487089,-0.967072518,-0.728767679,0.261870481,-0.054508029,-0.539757611,1.715533619,0.529509798,2.294046684,-0.433662768,-0.5169367,-0.054440274,-0.733337559,-0.47926799,0.631517559,1.277706188,0.014032563,-1.005939936,-0.014116195,-0.885214627,0.275303529,-0.800582338,-0.151352346,-0.612343317,-0.607050668,-0.887637543,1.463947116,1.63292007,-0.04835032,2.045994042,0.214090255,0.459091994,-0.716588796,-0.641300663,-0.567137034,1.132477223,0.509746128,1.755512795,-0.631372828,-0.87054945,0.101738907,-0.381621407,-0.43857711,-0.939553829,-0.589010448,-0.858051635,0.594907306,1.336549027,-0.561971795,-0.233519574,1.306256773,-0.09317636,-0.766713565,1.848620874,-0.744028399,0.752904153,-0.877452713,0.21731589,-0.347913149,0.342074154,0.390185428,1.086340502,2.862049319,-0.876820322,-0.736778845,-0.31791149,-0.729054018,-0.457953441,0.624375876,0.932108898,2.439674255,0.018165567,-0.563315501,-0.695289284,-0.493781127,-0.598997815,-0.263462489,-0.803260984,-0.636145798,-0.802859866,-0.118402419,-0.041315167,0.398643771,-0.798648524,0.165704529,-0.612036903,0.325339117,-0.62394801,0.479431605,-0.823784529,-0.263357897,0.714684674,-0.253744857,-0.007792612,-0.225265976,-0.244034246,-0.719392082,-0.241542247,0.027063415,0.36730027,-0.000894659,0.394399577,1.241404386,-0.352769472,-0.883205875,0.09628345,-0.026287954,-0.775842771,-0.740329819,-1.011476565,0.428723323,-0.577465221,-0.364194451,-0.802167665,-0.252904195,-0.272061872,0.051945588,-0.606886489,-0.446739519,0.172717917,-0.127098892,0.291511549,-0.032933661,0.19838906,0.280465486,0.051402202,-0.415823042,-0.089950488,0.024626897,-0.465596355
56.75,57,57.25,A,10,-0.179142285,-0.003806554,0.22375104,-0.0349013,-0.503636437,-0.455897505,-0.530067262,-0.543110169,-0.566661566,1.014863223,-0.279199879,-0.442488024,-0.114865529,-0.26770993,0.09439163,1.593063842,-0.680875464,0.505172369,-0.749801092,0.249948149,0.31886579,-0.542521589,-0.218150666,-0.750092014,-0.36288133,0.642016228,0.194106901,-0.430451521,-0.698969946,-0.792339049,0.883638062,-0.036114366,2.63274272,-0.516857215,-0.313639937,-0.778285626,-0.750901229,-0.542528639,-0.016427338,-0.407404903,-0.185484485,-0.215328962,-0.533751395,0.435838749,-0.495701377,0.511578466,-0.837838376,-0.539596904,-0.408294121,-0.572583304,-0.484217721,0.516582286,-0.816809097,-0.908856862,-0.816376945,2.912125988,0.118892988,0.244271075,-0.664020077,-0.946307514,-0.105786415,0.308907096,-0.746797933,-0.865728944,1.561737898,-0.985886124,0.440764771,-0.801818589,-0.04661307,-0.545401559,-0.788206842,-0.868885146,-0.905209174,-0.117558159,0.203925096,-0.876725163,-0.709608642,-0.417317111,-0.150146324,2.706991226,-0.614399928,0.156852594,-0.535229212,0.463171644,2.172969183,-0.585860096,-0.63122219,-0.682999617,-1.034948578,-1.117285548,0.089999938,0.359684096,-0.050728845,-0.416490952,0.331670264,0.379728051,-0.904960821,-0.322317721,-0.812525838,0.223203669,-0.734645594,-0.113220293,-0.527046433,-0.293191677,-0.694632159,0.789636678,-0.34985688,-0.710196244,3.922410469,-0.41052357,-0.217036102,-0.660907256,0.306867031,0.361497087,-0.515570114,2.428435235,-0.154617029,0.737870813,-0.320385085,-0.777941112,0.487396738,-0.309006714,1.669721404,-0.162890572,-0.872794332,2.201118583,1.745352956,1.021112911,2.598282685,-0.529611957,0.91148852,0.055848367,0.101311346,-0.088520641,2.173862772,1.62586209,0.860443219,-0.712790905,2.484182958,0.650010806,-0.203607027,-0.779280727,-0.118475586,0.454251689,-0.158110577,-0.150815232,-0.497600751,-0.423555824,0.151238689,-0.496228436,-0.459051474,-0.767642976,0.637800108,0.631651691,-0.317223631,-0.27167787,1.629818495,0.75960017,0.285481469,0.927813211,-0.157860881,-0.009236393,-0.26404172,0.015422153,-0.284116171,-0.084471588,-0.178662287,-0.192274024,-0.240895175,-0.112273816,0.08787343,0.118821347,0.78486817,0.806169853,-0.222218378,0.305656919
57,57.25,57.5,A,10,-0.117928675,0.372649332,-0.513470699,-0.037492377,-0.660157573,-0.113870433,-1.026890199,0.75391835,-0.378423407,-0.898477004,5.267324288,-0.929419698,-0.202411163,-0.914970577,-0.163506932,1.176026414,-1.002549002,-0.241219439,-0.17345073,-0.662735787,1.536126004,-0.141383893,-0.969690401,1.082629255,-0.923416653,0.794573962,0.146368537,-0.619367728,0.367353932,-0.22589448,-0.48589812,0.742464163,-0.708692413,-0.251828075,-0.242211845,-0.069523221,0.200379086,-0.679765868,-0.680639059,3.304556324,1.433819537,-0.949722567,-0.850562375,-1.134588989,-0.420336168,-0.506611796,-0.800731874,0.858426116,-0.223434606,1.31322638,2.551615,1.786976696,0.416644023,0.055246214,-0.40940192,2.043765407,0.093582621,-0.088246534,0.11441836,0.161992482,-0.594914814,-0.37414986,-0.666154663,-0.881737409,-0.293770411,-1.007770905,-0.476322402,-1.043042568,-0.794005629,0.168026583,2.16745377,1.462064377,-0.551298741,-0.46129648,-0.766655398,-0.568495122,-0.947019111,-0.254585108,-0.461388801,1.481929087,-0.373290322,0.041277864,-0.602093355,-0.780580207,-0.26858639,-0.425275214,-0.487695242,-0.505643302,1.784044145,0.967988415,-0.13529028,1.783101913,-0.702480222,-0.431529983,-0.224816719,-0.017809021,0.666765789,-0.871848261,0.881041057,0.319053586,6.789467647,-0.459822623,0.139672221,-0.749749215,-0.709529286,-0.403353407,0.163323703,-0.909972471,-0.34670268,-0.751968381,0.590370469,-0.469481692,2.676356809,1.557906406,-0.676153434,-0.840935962,0.911768632,0.245263041,-0.6339018,-0.940065322,1.711768759,-0.985047818,0.115857365,-0.636430776,0.994704433,-0.067586385,0.609044345,-0.150555461,-0.131478942,0.162569978,1.613525243,-0.800708802,-0.829732163,-0.081134738,1.112550269,-0.230204086,-0.27973033,1.245903389,-0.499160706,3.232300447,-0.348883758,-0.348089272,-0.569102105,-0.27159447,-0.497278098,1.66874384,0.182838151,0.275756274,2.451660171,-0.986022192,-0.715478902,0.225102696,0.982423297,1.194333478,-0.722366056,1.395592186,1.557259283,0.1024865,-0.311622907,-0.459125172,-0.262014268,0.215308738,0.104729853,0.112884097,-0.128051634,0.672659235,-0.596384208,0.110070847,-0.064985361,0.126618786,0.276136551,0.242112715,0.16228455,0.448360852,0.155802854,0.32486044
57.25,57.5,57.75,A,10,0.752604898,7.053558326,4.903230118,-0.8374577,0.113136397,0.629267869,3.385137178,1.19445425,0.876915323,-0.731744834,0.32716522,0.229092668,2.966080566,2.645655858,0.343923985,0.452733844,1.089428924,-0.676216096,0.140269612,2.419390674,0.220992868,-0.768504094,-0.075726566,-0.023260997,-0.407607322,0.542635825,0.801030513,-0.747710414,0.835434979,-0.908520116,0.336044087,-0.684310772,-0.982609118,-0.330040208,-0.026920521,-0.856987687,-0.51833992,-0.934486585,3.350045902,-0.686644779,-0.214098924,-0.623711394,-0.92513413,2.394345517,-0.55871558,2.200182381,-0.749024167,2.93819718,-0.670978615,-0.478784874,-0.392946379,-0.035825003,1.55172572,1.17174294,4.070464387,-0.497446483,0.472398058,0.618633334,0.480852253,-0.938474054,-0.660430979,2.006422208,3.347949992,-0.827063739,-0.719194914,-0.12245412,0.005412617,-0.688189769,-0.585381808,0.500765724,0.381978008,3.112119392,2.475574484,0.382677119,-0.911854432,0.924069216,-0.314388402,0.505051003,-0.353754477,-0.828807178,0.703622354,-0.802106551,1.333600434,0.405518996,-0.285209638,0.026120369,0.927884793,3.352619547,-0.665728919,-0.987276714,-0.227445601,-0.32620365,0.245284382,-0.740903319,-0.481595837,-0.028457296,-0.807701682,0.453756164,-0.601778685,0.431939602,-0.471838702,1.021951018,-0.510815228,-0.548708427,-0.268413197,0.315319388,0.237702853,1.103032922,2.320728213,2.764096198,-0.876695376,4.810351224,0.421928649,1.314086664,0.466715445,-0.931810092,-0.337802038,-0.816256291,0.722915268,-0.599385796,0.267500964,-0.345266821,0.635728716,-0.373181023,-0.91962191,0.480216339,-0.889091025,2.487780096,-0.775870452,0.082929982,1.764282557,-0.842305333,-0.411683851,-0.781563003,-0.212721008,1.580179966,0.160213294,0.65898883,-0.591869492,-0.511680617,-0.912654888,1.812355272,-0.554689983,-0.613574398,0.641800541,1.029113496,-0.712485552,-0.797494498,-0.799684432,-0.657579836,-0.421619857,0.337556272,1.60389361,-0.920490577,-0.253529844,0.680349829,-0.623069895,-0.806328381,1.934150864,-0.224727595,1.733910182,0.993752525,-0.053123533,-0.13342496,0.33122774,0.650112477,0.225783521,0.537266473,0.400904467,-0.208310592,0.596305504,0.417404766,0.065112487,0.081184134,-0.156489428,0.130618443
57.5,57.75,58,A,10,-0.007781209,-0.293424369,-0.53063995,-0.407087938,-0.073104519,-0.637951429,0.578520551,-0.827226419,3.602753145,3.757749781,0.325603387,-0.551607074,0.555084062,1.77788535,0.439551692,0.401758745,1.111014738,-0.51879963,-0.83240926,-0.629957968,2.87806589,0.355879181,-0.354150796,-0.073972003,0.685569495,0.190310333,-0.24102526,0.214702195,0.249383659,1.748278067,-0.663991512,0.087076992,5.045810617,-0.844622356,-0.351532152,-0.898775071,-0.285533829,1.483519276,-0.202710907,-0.980672408,-0.099280404,0.137452364,-0.108089233,1.170849991,-0.546207202,-0.642729046,0.22323608,2.952018918,-0.6376958,0.031707801,2.356119803,-0.151719262,-0.92345189,-0.860178326,2.993817829,0.195300424,-0.936098602,-0.091687805,0.04914761,-0.778241749,0.701715765,-0.338313077,-0.139758415,0.183606036,-0.566658443,-0.218849105,-0.578639963,-0.390467534,2.039142353,-0.50267091,-0.589089247,-0.40752835,-0.321293868,0.353926969,-0.080157325,-0.564304707,-0.679365829,0.325188542,0.204433157,1.331827372,0.308476446,-0.710172377,0.374201928,0.302523676,-0.804632143,-0.633663646,0.593571999,-0.118433368,-0.760091505,0.460000872,-0.6551893,-0.251171828,0.090338898,-0.696520878,0.645830717,-0.891290854,0.150961366,-0.90654243,2.91116049,0.831244276,-0.42840478,-0.995179095,2.987265397,-0.796396164,2.880569735,-0.725159873,-0.699610585,-0.465187056,0.686424555,0.1887497,-0.231832136,0.668280011,-0.388310674,-0.797313215,-0.725037469,4.904288067,-0.108782693,-0.185883801,-0.387139228,-0.134931058,-0.299607528,0.026571601,1.229859855,-0.296885959,0.474158099,0.03771548,5.212391582,-0.819505951,-1.049612097,0.051307279,0.306022151,0.409618766,-0.402102017,-0.823759369,3.090191929,-0.767907502,1.252615703,0.40750827,-0.737723972,0.078297933,2.85294706,0.495473017,0.305395425,0.484423097,-0.704908485,-0.524332989,1.388242763,0.985081878,-0.268586133,-0.580391258,-0.173034763,-0.949127621,-0.615229982,-0.5955008,-0.457321737,1.17811185,2.002080286,-0.484423463,-0.872945286,-0.695704003,0.516180764,0.207812404,0.565304076,0.238856865,0.248126347,0.185300803,0.018910671,-0.042636329,-0.098821812,0.122882046,0.263307183,0.26133378,0.456639236,0.281276189,0.443334437,-0.166309552
57.75,58,58.25,A,10,-0.207417122,3.380573405,2.494035179,-0.027590585,-0.889417913,-0.359777755,-0.930392998,2.972134712,1.234151539,0.302038216,3.738404703,-0.289165455,1.411428337,-0.654904754,-0.166494292,-0.127996417,-0.922700329,0.838285018,0.039484406,0.099308258,-0.092572232,0.353698017,0.299314701,1.628679363,2.421877331,-0.456451785,0.849255491,-0.795175484,2.92544017,1.178702112,4.972221827,0.083680392,-0.055541613,0.81253162,-0.058486967,-0.200926816,-0.525932495,-0.688738528,-0.924731412,-0.317749939,-0.159301664,0.756151499,-0.18989412,1.049913888,0.08257757,1.317024205,1.488303198,0.363204362,-1.035974952,-0.295432118,-0.516016389,-0.781211313,-0.274632441,0.06232019,-0.595781185,2.420950362,-0.796716283,-0.184535133,-0.077445353,-0.919032649,-0.465293606,2.271425003,1.818891507,0.736850607,-0.294173769,-0.506794745,-1.005670069,0.251272807,3.67623689,1.202415421,0.687229203,0.171544177,-0.605527123,-0.549823952,-0.927369252,1.355644049,0.712989208,-0.143297001,2.317115659,-0.103768728,-0.812429064,-0.842958338,-0.674153903,-0.509214154,-0.308247004,-1.057211721,-0.012206254,-0.621940322,-0.655859636,-0.219675498,-0.763864649,-0.154596073,0.500404762,0.078836146,-0.834145485,-0.400231043,-0.412752156,-0.826257749,-0.70088155,-0.052574275,-0.778757583,-0.760534393,-0.036223908,-0.225299533,-0.879211723,-0.907895179,0.06022427,0.575907168,1.854399585,-0.820370784,-0.849506894,-0.461615996,-0.373185,-0.414683442,-0.401462321,-0.296458229,-0.123339938,1.112792556,-0.904691982,-0.057576218,-0.424207606,0.564266555,-0.117744275,-0.827602935,0.569135076,-0.520083949,-0.167405326,-0.346409187,-0.946894782,-0.261409173,-0.698500477,-0.455941098,-0.678064686,-0.101216734,-0.300348069,-0.752589094,-0.398468858,0.696005588,-0.642160825,-0.738350984,0.128451258,-0.546027578,-0.501925548,-0.476492846,-0.45738628,0.606337284,-0.123503814,-0.415229874,-0.731337975,0.740631743,0.537915081,0.404270504,0.411722328,0.479493523,0.349998182,-0.928903237,-0.391649535,-0.455143234,0.252291392,-0.335065571,0.796833668,0.396564947,0.831276769,0.309632607,0.337657187,-0.166210019,0.768516005,0.291473624,-0.571389589,-0.356606207,-0.191776208,-0.276972747,-0.24783556,-0.406963524,-0.177648363,0.032492943
58,58.25,58.5,A,10,-0.164383419,3.044115462,-0.475289019,2.640762103,-0.379534748,-0.088543824,-0.28990436,-0.676647802,-0.063775523,-0.727765391,2.260570549,2.367372034,4.226360498,1.132484977,2.848403968,-0.186291961,-0.825517011,0.630699602,1.918151272,0.764338408,0.745212231,1.058705353,-0.203590263,0.506290738,0.132344287,2.281179241,3.964932087,-0.16268441,-0.352202318,0.25752246,0.49681574,0.876135644,0.24255493,-0.538729673,-0.330130262,-0.689967732,-0.622841593,-0.682555065,0.039449774,-0.59011634,4.475818821,-0.105439574,-0.455707248,2.985484155,-0.336930041,-0.754021219,-0.851167777,0.338283004,-0.683369666,-0.782807831,-0.875845417,3.130386403,2.448729318,-0.710337422,0.001827272,1.099146798,2.28564855,1.400112676,-0.567435707,0.721858925,-0.981703446,0.016836539,0.415238644,-0.761981679,-0.82452211,0.644558351,0.00345301,-0.631613106,0.168314369,-0.371586461,-0.819046288,1.998520673,0.108055996,-0.346524499,-0.4725378,0.523628241,1.343736358,-0.176334068,-0.473334375,1.224007576,1.620393693,-0.877563961,0.501888105,-0.041603172,0.956492723,1.44164836,0.202656555,0.388437109,0.997340596,-0.978124606,0.721965818,-0.575774879,0.100557307,0.265446016,-0.497238173,-0.685028371,1.776195679,-0.674434541,0.393758507,-0.537871034,-0.832021484,-0.869292205,1.383925688,-0.221542423,3.079369555,-0.619201455,-0.335370829,0.799185365,-0.370723462,-0.425974209,4.117474975,-0.48773839,2.829722411,-0.788350548,0.515962398,-0.683770192,3.319360122,0.396387878,-0.018190298,1.201953041,8.342847266,2.279614103,1.163964201,-0.604386315,-0.392243824,-0.804393397,-0.947541772,1.357143022,0.255341314,0.686191256,0.217406633,1.642080099,0.444277475,0.803773562,-0.513456547,0.967923454,-0.372269505,-0.332041793,2.270471289,0.200480907,0.869050077,-0.769977118,3.826221009,-0.036978294,1.707742102,0.633953464,2.123672096,-0.973062513,-0.761460483,0.61987451,2.424787917,-0.718846353,-0.226580449,-0.670509367,-0.459008909,-0.123452278,0.592464787,-0.081965921,0.402818894,1.027764661,0.281903348,1.513657234,0.822770941,-0.179938458,0.383014262,0.89340914,-0.232300589,0.291017181,0.42115654,0.028757633,0.158835454,1.04028114,1.133653585,0.532864557,0.723903485,0.216747298
58.25,58.5,58.75,A,10,-0.221893249,1.838837623,0.423600087,-0.257624335,-0.023227838,-0.662073874,0.481522726,4.135067719,-0.377809945,-0.635843749,-0.606560685,-0.120550968,0.728483524,-0.129839732,0.7863301,1.188022907,-0.797432125,-0.422791681,-0.178759015,-0.267614901,-1.00276277,-0.495979461,0.252857323,-0.33191938,-0.426645076,0.952345605,-0.487858497,-0.144347416,0.353447402,0.150756505,1.527489522,-0.542685819,-0.051843692,-0.553619163,0.672218149,-0.259027087,-0.850447681,-0.364086655,1.553873335,-0.000715853,0.701030495,-0.035542353,2.437372107,0.642659491,-0.327507252,0.616022681,-0.749538709,1.522389078,0.044426317,-0.291178235,1.055712043,-0.787994308,1.319895836,0.569725491,0.238081719,-0.720038974,0.364576026,-0.314324993,0.543581447,-0.32335891,2.332516499,-0.079828714,0.720842138,0.039577265,1.212869038,1.15881377,-0.363185172,-0.813226974,2.568875531,-0.840973172,-0.075074681,1.906664222,-0.813863317,-0.934738368,0.528161158,-0.83272842,-0.501326245,-0.813197803,-0.151281553,-0.454143968,0.084121892,-0.54628307,0.994426451,-0.233027626,-0.582074657,4.014068651,0.073460732,-0.818866154,-0.897224656,-0.288452077,-0.528277786,1.71123363,0.440057247,0.301417985,-0.771560995,-0.3610796,1.752035674,-0.965862592,-0.426736087,-0.064931099,-0.036405698,-0.330764509,-0.545903105,-0.796188057,0.623767712,-0.983007032,-0.483811341,-0.800291515,-0.511778226,-0.842958018,-0.547157983,0.047445168,-0.840317043,0.887482368,0.679069578,0.229311426,-0.253456366,-0.514727208,-0.890945669,-0.552089778,-0.56950643,0.544074923,1.670891663,1.486695914,0.879431698,0.074747376,0.600546553,-0.657988168,-0.442821719,-0.12250683,-0.392918913,-0.359160607,-0.554821989,-0.196622911,0.141854624,0.918611707,-0.728579862,-0.979978099,0.19661831,-0.19019176,-0.554205576,-0.680012052,-0.642491948,0.048189104,0.349289457,-0.563736936,0.393901603,-0.867899893,-0.759402011,-0.09380774,0.146924787,-0.535819472,-0.851988877,0.357569156,-0.779715469,-0.293299801,-0.752332057,1.154169814,-0.279773446,-0.314574631,0.470055517,0.017928742,-0.118010576,0.113115506,0.456013362,0.194585538,0.593628021,-0.214152898,0.180014949,0.108629638,-0.470733979,-0.175538551,0.346356498,-0.21451895,-0.337017599,-0.214884
58.5,58.75,59,A,10,0.35142153,1.021473719,1.160683111,0.421545373,-0.637009049,-0.165647052,-0.109634772,-0.0667609,-0.06475865,-0.061625373,0.053606162,-0.234780196,0.115936299,-0.44397017,1.043888123,-0.440790026,-0.227761306,-0.848251239,-0.140313637,2.500421277,0.619251729,-0.846147722,0.571384393,-0.667454616,1.604465247,1.800834088,-0.061247445,0.637404397,1.054415369,-0.984770346,-0.442353088,-0.611775849,0.492263631,-0.214805102,0.185976345,2.947433181,0.124924539,0.79637693,-0.01333802,0.173309712,-0.797179731,3.436915954,2.896477524,-0.478130545,-0.794777426,2.036653756,0.651846639,0.233918178,0.562046071,-0.834756591,6.249687499,0.576774077,0.107281014,0.510874333,1.323755738,3.645955452,-0.762296911,3.094314945,-0.424919574,0.928050013,-0.684776231,-0.698618818,1.611506512,0.214246489,-0.538383804,0.421966697,2.555010729,-0.41545935,-0.633289852,-0.410241423,-0.130836961,-0.627540598,-0.911192681,-0.894018984,1.150543138,-0.009320452,-0.893695187,-0.326637686,1.549487895,0.4256451,1.087141321,2.310052568,-0.622475404,-0.784317852,-0.710927621,0.85741766,-0.418098953,5.268046555,1.466717788,2.644402696,-0.629796881,0.768572476,0.166633963,-0.917583505,0.0222036,-0.370622384,0.078136894,-0.691308345,3.216217225,1.697634348,3.200395546,1.817382635,-0.459803091,-0.791303616,0.327070858,-0.503901976,0.40042212,-0.625810906,-0.396832836,0.711024112,-0.025457955,-0.92326465,2.465793594,1.103182116,0.076391618,-0.614087632,0.596586301,-0.537181732,-0.902208698,1.951621708,2.648994216,-0.602552468,1.790190668,2.914840789,-0.353378083,-0.552901416,-0.596909651,-0.90546251,1.319823726,-0.025206885,-0.483856135,0.231494537,0.956975175,-0.298205004,0.52406304,0.642205969,-0.170795935,1.165250609,-0.770764081,8.012979408,-0.546635361,-0.849460921,-0.956273532,-0.88463982,-0.243879293,0.296304397,1.623678135,-0.514149734,1.125464804,-0.967087986,-0.316850385,2.860813887,-0.965552477,1.335886028,-0.632716659,-0.067199831,0.117276224,0.478014978,-0.324486601,0.760514499,0.184968794,0.137798529,0.372813509,0.343801228,0.691301383,1.524947659,0.142196095,-0.066756641,1.109795876,0.334008739,0.367864285,0.319137467,0.563743839,0.980934758,-0.191667931,0.324569966
58.75,59,59.25,A,10,0.643154858,-0.50436647,-0.328371504,-0.120014813,-0.067589356,-0.465615943,-0.568004931,0.166815716,-0.245526347,-0.158313402,-0.885118543,0.017547742,-0.782833361,-0.937694299,0.266690047,-0.196374431,-0.280713284,0.345111255,-0.118921051,-0.445555009,0.377396497,0.076991354,0.466470617,0.927840095,-0.494744419,-1.096704964,0.616012119,-0.516819388,-0.313638277,-0.761741252,0.139508664,-0.189528831,1.381312837,-1.058394153,-0.046175294,-0.403772406,-0.854646381,0.299393619,-0.758615245,0.220009662,-0.509123291,-0.51917071,0.428905517,-1.028199985,-0.561215806,1.821165306,0.297554917,-0.586677308,-0.83176767,1.581030549,-0.865909266,0.011653055,-0.466623272,-0.330688563,-0.669075531,0.869701819,-0.437656888,-0.706656158,-0.692720237,1.507300492,-0.845082175,-0.914855614,-0.78978046,-0.043889732,0.995924666,-0.634579158,-0.545530835,-0.205182577,0.502296762,-0.55506971,0.528507406,-0.914278697,0.708994127,-0.576298368,-0.577174202,-0.251238265,0.507106521,-0.704778729,-0.028669536,0.999577256,1.504992429,2.795010542,-0.687406504,2.845015601,-0.646368844,-1.026687675,-0.889410997,1.661594834,1.17435464,0.086145191,-0.848320008,-0.113797163,-0.653831507,-0.84913914,-0.557441807,-0.947818152,-0.856614411,-0.566325644,0.263058724,0.298389726,-0.873831529,-0.756551624,-0.491689334,2.573049358,0.245013579,0.915898179,1.490191958,0.303800604,-0.966033005,-0.962048098,0.651673099,-0.954189534,-0.749050974,-0.956900887,-0.633584219,-0.69996154,-0.391816915,-0.56362264,0.642657461,-0.865749507,1.605606479,-0.372634596,-0.763947,-0.736806948,-0.674925369,1.569296491,-0.734582456,-0.548980857,0.554284804,-0.480929571,-0.457320549,-0.823870095,-0.7855061,-0.200643162,-0.491801033,-0.13442535,-0.188763567,-0.187915768,0.258315832,-0.430855446,-0.52583182,-0.069593741,0.938651201,0.468990767,-0.209894432,-0.435975303,0.252746818,-0.795438214,1.223671778,-0.892204945,0.246166812,-0.526378772,-0.628139058,-0.738771722,-0.00725164,0.132238041,-0.569562118,0.469169156,-0.805160333,-0.805931804,-0.164783219,-0.301786094,-0.071893762,-0.127090753,0.009250152,-0.178067455,-0.303574883,-0.030825249,0.681723922,-0.483183938,0.147780009,-0.452054566,-0.058361902,-0.344278524,-0.004487789,-0.323362144
59,59.25,59.5,A,10,0.080461038,-0.294069578,-0.764719446,-0.192096122,0.729613763,1.696317565,0.244017989,-0.954155492,0.236529456,-0.535172383,-0.222922977,-0.059034691,-0.340712334,2.245334716,0.172666387,-0.672906539,-0.266278535,-0.095626066,-0.855369141,-0.93918766,-0.106603703,-1.004046019,-0.798504081,-0.582747355,-0.42546881,0.04429851,-0.527243939,4.894698149,-0.278547501,0.034685281,0.084469567,0.214662298,-0.308941956,-0.788511248,-0.572149872,-0.99149724,1.743476555,0.466600915,0.633268806,-0.064441429,-0.849950111,-0.879683833,3.927473373,-1.074874527,-0.694475452,3.290983093,0.277037676,-0.601696247,-0.786685084,1.716907206,-0.409139588,-0.72052987,-0.283572133,0.592732716,0.835238131,-0.857733947,-0.023193696,-0.396414137,-0.582970566,-0.898468075,-0.315516686,1.214316624,-0.514142022,-0.687113369,1.983169471,-0.350882257,-0.182305728,-0.548193815,3.980766132,0.514107043,0.567839478,-0.234525494,2.959018741,1.031252255,-0.485406701,-0.13896042,0.78831396,3.706395744,-0.897727194,-1.048700068,-0.779549679,-0.067421872,-0.778673198,-0.615207791,1.556693834,0.013150456,0.199367795,2.265960307,-0.118623682,-0.079742696,1.651667311,1.188796836,-0.441634641,0.309525212,-0.756716945,-0.14995109,0.162374349,-0.458786991,-1.085150501,-0.518414546,-0.433302404,0.235642336,-0.045129229,0.531436478,-0.874613696,-0.892063995,1.007981568,-0.13586045,-0.055341208,-0.711404248,-0.986246174,0.506388579,-0.618452867,-0.701613782,-0.122098991,-0.970695999,-0.669277469,-0.902993313,-0.833503369,-0.960917776,-0.846434058,-0.882034767,-1.001682296,-0.531717404,1.612783049,-0.592734077,-1.013457255,0.020629099,0.858036013,-0.798321689,2.989204082,-0.159545014,-0.831539581,0.618446966,-0.637579757,0.046864486,-0.202222483,-0.177982966,0.721126296,-0.720952718,0.842617367,-0.140933198,-0.152210506,0.494254381,-0.454650927,-0.112133731,0.542793064,0.34541038,-0.494890552,-0.627465556,1.59297122,-0.971057918,-0.842430896,-0.732903446,-0.83778191,-0.234762319,-0.569842242,-0.397772827,-0.86971182,-0.629169702,0.024672679,-0.103403684,0.125052053,0.04169364,0.432503609,-0.274405116,0.509420539,0.62475003,0.159595347,-0.009829101,-0.137265485,-0.625941116,-0.317493338,0.164581931,0.024279072,-0.449246186
59.25,59.5,59.75,A,10,-0.10293936,-0.928088343,-0.65647982,-0.70253245,-0.36775695,-0.799011819,0.5493312,-0.810845577,-0.985700115,-0.88972989,-0.957084503,-0.601253303,0.112767283,-0.747081706,-0.029150974,-0.602500472,-0.974566904,-0.391173408,-0.512004889,0.036635445,-0.884689995,0.290677669,-0.593098279,-0.702372676,-0.468999636,-0.839200113,1.177111973,-0.182623131,0.128505983,-0.574784371,-0.424836112,-0.077954586,-1.000156361,-0.314857558,-0.92823588,0.046062369,0.090776844,0.015994505,-0.468023718,-0.400079738,-0.712082889,-0.950016691,-0.872329741,-0.291531084,-0.811165325,-0.971760001,-0.086602893,-0.476666315,-0.718240979,-0.837054149,-0.841470717,-0.80833922,-0.921560578,-0.140268523,-0.51681315,-0.935496839,-0.600553386,-0.836220252,-0.579750914,0.766135522,1.604427781,-0.681593101,-0.795589412,-0.596058119,0.980415977,-0.249296256,-0.42669701,0.419874109,-0.87307136,-0.328207258,-0.68573612,-0.539459464,-0.195078021,0.387217928,-0.484624287,-0.069323661,-0.993061571,-0.796563164,-0.305706724,-1.08496021,-0.855867111,0.049150491,-0.936231874,-0.756375596,1.82588677,-0.274495456,-0.653133765,1.370398291,-0.251302064,-0.495356222,0.131368779,-0.517023778,-0.436352033,-0.696061757,0.051844123,-0.842294109,-0.431955237,-0.554586589,-0.552187056,-0.974025508,-0.647503782,0.986399622,-0.633392923,-1.000349792,-0.734327833,0.438074249,0.439412434,-0.648575352,-0.394721992,-0.880259924,-0.534727601,-0.549880124,-0.045923053,-0.507102225,0.668332325,-0.92720731,-0.415202076,-0.080289343,0.276773129,-0.797306838,-0.942659309,-0.911129251,-0.553762488,0.082242972,-0.672625884,-0.592783795,-0.588024655,-0.731492011,-0.621221922,-0.815245602,-0.710604877,-0.892258042,-0.545189712,-0.425578798,-0.72093998,-0.610606729,-0.764653503,-0.760241868,-0.795903702,-0.605519124,0.395360554,-0.619825022,-0.70042844,0.173278967,0.093224345,0.404067386,-0.310153471,-0.35645657,-0.926096246,-0.08852931,-0.825797491,0.036668906,-0.989517788,-0.452370276,-0.592162384,-0.888871847,-0.605733563,-0.165646694,-0.959274775,-0.313978349,-0.569375312,-0.466541343,-0.264947258,-0.346131024,-0.672745007,-0.541433806,-0.094579465,-0.476729529,-0.097732654,-0.482127317,-0.307524529,-0.291253312,-0.634670195,-0.683149634,-0.193555781,-0.575668426
59.5,59.75,60,A,10,0.201491062,-0.3785362,-0.614936019,-0.820826889,-0.626771721,-0.685325397,0.648689219,0.384514449,-0.46415894,-0.426664554,-0.259910951,-0.838313906,-0.730770716,-0.873912625,-0.716787095,-0.567051738,1.98145742,-0.393169751,-0.684696155,0.66193802,-0.859758119,-0.735106334,1.234051687,0.722412644,-1.018433661,-0.320703361,0.285897327,0.072795364,-0.539238787,0.635897438,-0.780094424,1.004531082,-0.667644246,0.289912952,-0.06078243,-0.938610776,-0.472528746,-0.577397791,0.029000571,-0.264182481,-0.952539769,2.02629957,0.292373024,-0.353190811,0.060850942,0.147780269,-0.350369007,-0.330746994,0.689935788,-0.060502599,1.165756578,-0.255831882,-0.525703981,0.456791256,-0.550997959,1.146936768,-0.993513222,-0.195711536,0.493112428,0.461180297,0.957952031,0.535837538,-0.925031853,-0.685549882,-0.776978446,0.125860952,-0.829305383,0.356352833,-0.752277564,-0.540483452,0.739006728,-0.890111266,-0.689934925,-0.574664046,0.432747787,-0.703763695,-0.394550972,-0.570199512,-0.254532967,-0.928136255,-0.583984385,-0.699842854,-0.290649398,-0.936161926,-0.858998896,-0.974652878,-0.7960174,-0.73966872,-0.041212134,-0.318403992,-0.407345766,-0.2539295,-0.680730797,1.269391563,-0.903323611,-0.331309883,0.007615372,0.222244661,-0.638518302,-0.803214409,-0.843035124,0.52027719,-0.340085914,0.50876073,-0.938686426,-0.862630129,-0.507843764,-0.282102386,-0.277418112,0.594568642,-0.223654342,-0.753091903,-0.400465113,-0.741850855,3.996455481,-0.896086909,0.58970627,-0.274563439,-0.823831728,-0.675099745,0.191213099,-0.87050358,-0.233844765,0.803283236,-0.879234837,-1.086090034,-0.621354038,0.10555913,1.082989913,-0.616463103,-0.876086318,-0.624868124,-0.589962021,-0.236248336,-0.175130007,-0.352619458,-0.71671841,0.608922524,-0.835945274,0.209670383,0.378680781,0.297735354,-0.521421016,-0.83017767,-0.318058546,-0.642006857,-0.476982469,-0.434956094,0.25769788,4.043322267,-0.466737203,0.78522667,-0.607091922,0.510393341,-0.11915978,1.24726854,0.747933056,0.025845936,-0.609507574,-0.263181934,-0.278252499,-0.24212175,-0.05221858,-0.243779629,0.116989041,0.120201875,-0.253362323,-0.383413912,-0.623959258,-0.251912067,-0.242819529,-0.020248228,-0.212444498,-0.358898504,0.175383363,0.125098913
59.75,60,60.25,A,10,4.38916685,1.160694633,-0.07791903,0.483433314,-0.222244418,2.064584886,-0.562936704,2.464754251,-0.831104664,-0.285735612,1.976424268,0.011089897,0.254473812,1.364422656,-0.483103406,0.548550416,-0.495014093,-0.600331355,2.92138071,-0.801647927,0.401681179,-0.038166369,-0.185295282,1.012933084,-0.407272392,0.645682403,0.680950408,0.959547753,-0.898266315,1.236155719,1.403893472,0.283987632,-0.945336648,0.745729967,-0.129352269,-0.386989364,-0.938853822,0.046966335,-0.687899306,-0.760810136,-0.698339175,-0.588199307,1.003373218,-0.551720943,0.018871619,-0.114274898,-0.655774089,-0.883004453,0.333687708,-0.095134448,0.837891151,0.015630443,-0.829878827,-0.638246135,0.589483907,-0.724460963,0.407671635,-0.998658455,0.443830879,2.006883041,0.021500419,-0.155038413,0.63147198,-0.124858619,-0.52948679,-0.529341747,0.891250692,-0.394132521,2.206665733,0.886455916,-0.095210235,-0.673847121,3.125245204,1.837501512,-0.069786495,1.003923673,0.352566197,2.701752021,-0.840109404,1.458829333,0.894266787,-0.35812873,-0.472107519,0.765615878,-0.957936393,-0.026321663,-0.274725443,0.043792108,0.133096246,-0.827605297,1.648866799,0.084709504,1.871948109,0.370817561,-0.248680719,0.264053372,-0.448465257,-0.738496359,-0.562917683,-1.039020684,-0.484501876,0.700182755,-0.33093267,1.5891882,0.454475401,3.031475975,-0.698676683,1.69206245,0.155866394,1.4044347,0.861721257,0.421597176,-0.771275908,-0.931884331,-0.206378139,-0.274329798,1.147499809,0.211728558,0.389222771,-0.422805114,0.338783156,-0.743795175,0.23104605,-0.367765023,-0.354647652,2.529340909,2.868895371,-0.364791905,1.149664391,-0.206539233,-0.637761818,-0.391348854,-0.907613584,-0.078161382,0.001973032,1.556095872,1.990634958,1.633607525,-0.062501575,-0.864386533,-0.263248873,0.954961653,-0.471038225,-0.154693321,1.746499216,-0.869505385,0.216549066,0.56072757,0.458470349,-0.650446408,1.912627174,-0.643608682,-0.22432287,-0.719181513,0.192613273,-0.939327782,-0.596836648,1.883240327,-0.187983178,0.510454368,0.858269351,0.469624498,0.340795019,-0.136866414,-0.223051477,0.111014668,0.290448665,0.880086468,-0.108005403,0.120281464,0.751357465,0.042509628,0.508019089,0.224053764,0.152827564,0.118767447
60,60.25,60.5,A,10,-0.08403348,-0.46853312,-0.304652831,-0.139888722,-0.743061566,-0.794097424,-0.927490601,0.985382237,-0.279303524,1.28611759,-0.873166308,1.430285189,0.785520378,-0.19345513,-0.822460082,0.008012741,0.638763034,0.34094313,0.143873027,-0.965164194,1.243883917,-0.76115983,-0.736982666,-0.776770114,-0.828894285,-0.584329404,-0.734189796,0.93505853,0.854585725,0.712844806,-0.761879507,2.329161919,1.901704047,-0.227900133,-0.465551712,-0.659976822,-0.230516244,1.271842692,0.542485271,-0.417085885,0.263953068,-0.147292076,-0.763256627,-0.147063318,-0.010091532,0.288961807,-0.860603217,0.303340491,-0.134914535,0.780143747,-0.349668146,-0.822560947,-0.884343344,0.672438994,-0.039115307,0.708959555,1.216654098,-0.173510194,0.279008851,-0.579585008,-0.464927976,-0.78017431,-0.576210442,-0.724632317,-0.179888327,-0.574080785,0.226525932,-0.285475129,0.031784674,-0.181948284,2.595374774,0.094421567,-0.04663346,-0.767132475,0.451255669,-0.666022052,-0.140275171,-0.566216266,-0.5802112,-0.038098377,-0.640351933,-0.735530237,-0.296989231,0.595769376,0.916526915,1.305380319,-0.8771552,1.38985552,-0.887943993,-0.595616864,-0.511711345,-0.626265229,-0.598776694,0.624611818,0.693883993,0.081108407,-0.729210912,-0.297265432,2.489146871,-0.667203007,-0.028581952,-0.252223611,0.748867053,-0.987241546,0.418600094,1.749445867,0.361042134,-0.838802997,0.840569053,-0.070634476,0.341292881,-0.321405686,-0.00862541,1.162833485,-0.059551046,0.239638059,0.106387445,-0.03162533,-0.926642304,2.98501678,2.283143519,-0.231260109,1.358018414,-0.170492214,-0.52337523,-0.433042916,-0.894253672,-0.318952218,1.056109038,2.418891955,-0.005872605,-0.34785173,0.204906616,-0.36458042,2.001371836,0.285847477,1.273501226,-0.282456406,-0.53639805,-0.783319877,-0.769725219,-0.60041483,0.22368445,-0.513410305,0.054824269,-0.167533156,-0.885839273,-0.460198059,-0.157845083,-0.122022054,-0.638465745,-0.555284395,-0.998852433,-0.830633463,-0.917132543,-0.902987661,-0.249234356,0.013658388,2.053060774,-0.057420236,-0.146956144,0.049315178,-0.067595312,0.328228363,-0.042682219,0.002827855,-0.350902696,0.033646301,0.017394467,0.045831847,0.194103962,0.348731888,0.454478657,0.144514807,-0.339847926,-0.308329167
60.25,60.5,60.75,A,10,-0.434383839,-0.618177688,-0.476950948,-0.902708839,0.077433193,1.114155327,-0.334617707,1.411919663,0.045784421,-0.851666163,-0.652711805,-0.76294967,-0.170140805,0.485587453,1.196882334,-0.536170269,0.359024692,-0.1775517,0.143045955,-0.775088306,-0.723426035,-0.057505885,1.581658678,0.245998685,-0.296155292,-0.684836048,-0.620426551,-0.210796463,-0.251925871,-0.578407241,-0.611460264,-0.278632333,-0.810632942,0.79185541,-0.414752726,1.554491572,-0.007678967,0.094225769,-1.037726973,-0.440322728,-1.037174089,-0.734438534,-0.451531495,-0.954638263,0.369141421,-0.511777578,-0.191535658,-0.415477047,-0.149801598,0.596905236,0.050732044,-0.800713318,0.733646173,0.746188799,0.65565772,-0.22083852,-0.637640962,-0.34009105,-0.118579991,1.99938111,-0.480373549,-0.762400637,-0.235237916,-0.031778792,0.383889554,-0.422038781,0.097028407,0.824147607,0.035924739,0.134531784,-0.541855371,-0.730708982,0.370883567,1.444249177,-0.571489653,-0.762677873,-0.847870419,-0.762708415,-0.866802097,-0.573007392,1.630080464,-0.148045932,0.983187593,1.397369506,-0.104191216,-0.915222385,0.46850873,-0.034197381,-0.391800945,-0.902613086,1.052650437,1.447736963,-0.194719518,1.200373682,-0.534945581,1.470970235,-0.294980413,2.435591362,-0.764946578,-0.85206013,1.049924574,0.27540598,1.659614925,1.515350127,-0.634466035,-0.045117105,0.168089519,2.886677859,-0.251083747,-0.361668944,0.919578657,-0.411752149,-0.149790245,0.296562209,-0.587747404,0.356146201,-0.708448038,-0.940208262,-0.878921158,0.399373715,3.207735218,-0.503746608,-0.766252277,-0.455648455,0.071390426,1.523106338,-0.088608149,-0.263779361,-0.528939053,-0.515045022,1.877212269,-0.456854775,0.689473836,1.101474991,1.819031327,-0.645638623,-0.45790325,-0.684271082,-0.632080383,1.69953651,-0.548973521,-0.171021534,-0.316686624,0.825074627,-0.450034328,-0.322143361,-0.876500186,0.422366524,1.070020727,-0.29463178,-0.515487055,0.008786017,-0.048549585,-0.930388613,0.471137491,1.040559996,1.495295224,-0.495612355,0.11020968,6.165584726,-0.096921258,-0.089007212,-0.159582202,-0.116063418,-0.348032761,0.2067742,-0.045630759,-0.384198746,0.198307535,0.496567046,0.626272715,-0.170520647,0.168021306,0.430998082,-0.066252946,0.730153553
60.5,60.75,61,A,10,-0.567550625,-0.532651458,-0.765365976,-0.957519055,-0.605755721,-0.635201687,-0.757850059,-0.842389316,-0.679067886,-0.230727441,-0.811393318,-0.786871809,-0.720926792,-0.936439307,-0.978925026,-0.238397541,-0.254962768,-0.80292183,-0.722129024,-0.989207608,-0.044529744,-0.69954761,-0.915633956,-0.49839424,-0.662160369,-0.350791442,-0.505484562,0.568691165,-0.418483327,-0.212507973,-0.543698612,-0.895643733,-0.968271251,0.366009171,-0.746406635,0.183374201,-0.973761626,-0.852732834,-0.96440405,-0.500056705,-0.960820135,-0.70338206,-0.727780796,-1.13081297,-0.875646716,-0.586754714,-0.704656224,-0.818335688,-0.819138453,-0.14172384,-0.511266558,0.08507701,-0.404704493,-0.780838904,-0.243149805,0.214127504,-0.794642317,-0.938780082,-0.854817483,-0.432270077,-0.401393396,-0.645600999,-0.679713497,-0.709698162,-0.760890618,-0.847063714,-0.758248607,-0.852150814,-0.545933218,-0.92348654,-0.000500952,-0.603827207,1.143572289,-0.963652488,-0.940282555,-0.96169369,-0.07707339,-0.168598748,0.181963152,-0.473990999,0.640575581,-0.423375752,-0.392285156,-0.693036113,-0.41760963,-0.498105654,-0.603446953,-0.708603686,-0.300882964,-0.659472188,-0.780420358,-0.730572328,-0.759054759,-0.449257517,-1.03989302,-0.008928966,-0.37482939,-0.07173676,-0.482171894,-0.773009535,0.213879379,-0.560060409,-0.676768522,-0.432654873,0.409368645,-0.310916925,-0.567103269,-0.209505848,-0.738904267,-0.115722064,0.750837381,-0.310214704,-0.919660737,-0.28668251,-0.620479625,-0.239353993,-0.984284408,-0.825322499,-0.894663043,-0.60844166,0.295366741,-0.523518118,-0.573013215,-0.377656264,-0.409145977,-0.827759187,-0.957787079,-0.392605406,0.109047159,-0.735134975,-0.866011466,-0.325524812,-0.035090326,-0.420829027,-0.205676814,-0.578718123,-0.408075658,-0.336267928,-0.602472298,-0.068670821,-0.3742119,0.036703644,-0.651897574,-0.669498256,0.278030803,-0.289144703,-0.132237156,-0.654718602,-0.411311379,-0.69385343,-0.011248107,0.356949216,-0.530471062,-0.518374534,-0.179386575,-0.595484315,0.578818442,-0.238095039,-0.224039964,1.770277672,-0.657407922,-0.724217502,-0.373884206,-0.589559207,-0.74690516,-0.466126521,-0.712417957,-0.286408459,-0.405624251,-0.546987453,-0.298838815,-0.49382658,-0.439220632,-0.384733727,-0.356213855,0.040894573
60.75,61,61.25,A,10,-0.490430209,0.184861698,-0.677064367,-0.771634654,-0.318762174,-0.336418371,-0.361911743,-0.889426206,-0.199088085,-0.592707488,-0.772926783,-1.027582677,-0.549371923,-0.113285215,-0.075248852,0.710683909,-0.925136498,0.096541182,-0.716326543,0.882308869,0.477745117,-0.560942947,-0.648170424,-0.564978201,-0.264451023,0.198508242,-0.631813943,-0.218687645,-0.913752903,-0.642955329,-0.536474262,-0.67363793,0.335967863,0.80428058,-0.779475883,-0.801306687,-0.473650327,0.884796437,0.462663119,-0.799989188,-0.826462563,1.051773091,0.500377135,-0.818893009,-0.864144581,-0.582491371,-0.943405247,-0.985885468,-0.757518597,-0.856251969,-0.868085086,-0.885890544,-0.420591028,0.452973319,1.222491902,-0.41371403,0.415628537,0.400105622,1.076275022,0.70026164,-0.279026729,-0.394634559,-0.366764305,-0.573342954,-0.833706156,1.139209177,-0.112170548,-0.257613114,-0.507453639,0.004427294,-0.920875893,-0.758331507,0.061477223,-0.847894376,-0.846916357,-0.891067235,-0.037509902,0.501782903,-0.611247608,0.647454191,2.052966024,-0.099837038,-0.537287608,0.033213739,-0.37703374,-0.648076892,1.246482111,-0.274065013,0.38727897,-0.463936079,-0.924800676,-0.467247303,1.048302436,0.641124879,-0.913599381,-0.573535596,-0.886346818,-0.35098102,-0.106834079,0.484876152,0.322244354,-0.905182848,1.402118006,0.464208856,-0.788457618,-1.020714462,0.190698549,-0.213516666,-0.776605414,-0.594320426,0.033655659,-0.570756126,-0.832603322,1.682205557,-0.183665474,-0.546923262,-0.499022544,0.119570903,-0.603226078,-0.126296543,0.775533273,-0.881667116,-0.833579589,-0.252536098,-0.298664759,-0.49376481,-0.104263286,-0.781597695,-0.614528912,-0.000646653,0.641367213,-0.818908143,-0.691248669,-0.382850383,-0.865915903,-0.081268923,-0.903678907,-0.852777919,-0.051536356,-0.729996594,1.241140911,0.626085481,0.243286261,-0.375035377,-0.540520033,-0.874886871,-0.098436961,-0.730661515,-0.605144707,-0.939467729,-0.225042932,-0.478887856,0.719470004,-0.554121551,-0.579902474,-0.559576489,1.882172316,1.75980694,0.515078348,-0.831875044,-0.44525816,-0.249034453,-0.376949906,-0.157682628,-0.508290258,0.167945535,-0.218107553,-0.370312856,0.131970447,-0.204904141,-0.191952767,-0.152706123,-0.348571564,-0.473681458,-0.205364054,0.164712126
61,61.25,61.5,A,10,-0.566009812,-0.826022321,-0.749959887,-0.921857595,-0.796701706,-0.41662572,-0.731889279,-1.065799573,-0.963977,-0.846840582,-0.400661859,-0.95328408,-0.771181922,-0.430038785,-0.678725817,-0.867457991,-0.435318552,-0.821854682,-0.683001809,-0.437583617,-0.83902352,-0.837116668,-0.970264909,-0.771681834,-0.528533975,-0.339956065,-0.869225418,-0.780204808,-0.805571946,-0.770917153,-0.953234911,-0.816033111,-0.89219965,-0.133631801,-0.550692242,-0.910146124,-0.290057341,-0.562302298,-0.527696746,-0.625261155,-0.776290415,-0.849948348,-0.427618343,-0.43525158,-0.804197174,-0.545803568,-0.447758363,-0.270533792,-0.750048008,-0.692540987,-0.794924917,-0.215400003,-0.691646408,-0.761430194,-0.961879093,0.876566375,-0.77706169,-0.729753178,-0.773698731,-0.96675115,-0.407018857,-0.926421781,-0.783404749,-0.236430218,-0.776424917,-1.107638552,-0.960483884,-0.269950579,-0.591538525,-0.536172673,-1.161460008,-1.018770647,-0.455005049,-0.74084368,-1.072480282,-0.525326503,0.165402767,-0.095935633,-0.781319177,-0.847622872,-0.948990133,0.04684941,-0.67102201,-0.83503456,-1.030708764,0.465865819,-0.454014496,-0.668753815,-0.903558812,-0.945392331,-0.582376708,-0.771121765,-0.729295054,-0.449236727,-0.921507454,0.628549943,-0.70241929,-1.109941004,-0.138480775,-0.207767248,-0.616378511,-0.470817474,0.162615457,-0.204568559,-0.65430636,-0.941271913,-0.644452698,0.236704117,-0.681468169,-0.580382797,-0.55419571,-0.273647025,-0.318133549,1.523825989,-0.396788917,-0.416323103,-0.90165516,-0.443625621,0.678601009,-0.911298161,-0.623891779,-0.374104761,0.736978004,-0.435066915,0.540784067,-0.551532773,0.712668262,-0.08227112,-0.935711611,-0.463854086,-0.306237402,0.286488265,-0.900658273,-0.097638921,-0.381166423,0.252082509,-0.72016775,-0.824212955,1.081329102,-0.135590573,-0.699474911,-0.717274735,-0.701690158,0.442887951,-0.648172915,-0.12114583,-0.597670808,-0.45168596,-0.70353981,-0.766774418,-0.869987336,1.141317618,-0.894132411,-0.335610988,-0.681767885,1.221108546,-0.367199488,-1.065836324,-0.764424273,-0.243484198,-0.788568348,-0.647910911,-0.75124963,-0.626125538,-0.599999058,-0.579597899,-0.659548474,-0.653336108,-0.594475969,-0.498359608,-0.439432691,-0.201324025,-0.147600271,-0.174577242,-0.496454159,-0.286001674
61.25,61.5,61.75,A,10,-0.529607422,-0.600452127,-0.024281123,-0.088087326,-0.538675044,0.082327128,-0.476046924,-0.618816318,-0.286403612,-0.813724692,-0.720974234,-0.836414964,0.340340142,0.260981778,-0.252145276,-0.174398333,-0.931993894,-0.548204837,-0.635017014,-1.014829658,-0.472541883,-0.51495184,-0.949697114,-0.365764885,-0.359548485,2.508773091,0.483323678,1.650105234,-0.698248381,-0.187654615,0.085181086,-0.461709706,-0.719975258,2.963550965,-0.847672408,0.374972545,-0.890346364,0.500056124,-0.975125098,-0.899386193,1.654737499,-0.327164894,-0.682386605,-0.632072023,-0.450462941,-0.898125431,-0.632246855,-0.877470032,0.244028264,-0.971188936,0.078871458,0.515796191,-0.137392175,-0.919580616,-0.566571938,0.085910004,2.061293699,0.614473432,-0.577854302,0.184498554,-0.741130027,-0.393853293,0.173362703,-0.324190167,-0.79171347,-0.930983511,-0.463958086,-0.639328254,0.121089254,-0.80396083,-0.731061846,-0.019798846,-0.882884563,-0.247741151,-0.690670845,-0.805444519,-0.840399252,-0.768496574,0.108430592,0.933446697,-0.477625406,-0.915165666,-0.884712777,-0.578053682,-0.423192623,-1.069298808,-0.007950248,-0.555320071,0.274056642,0.573872022,-0.813812194,-0.151635065,3.170922576,0.48729685,1.981260857,-0.145262021,-0.898172894,3.522237907,1.427911769,-0.629600922,-0.212869544,0.940445424,1.168132084,0.211054155,0.607000186,1.201094201,1.200741023,-0.933878955,-0.660318452,-0.268859615,0.788936363,0.141702087,-0.736629262,-0.206976271,-0.980581935,0.141982586,4.22710046,1.030777638,-0.232183513,-0.634475542,-0.561697833,-0.224970715,-0.134273501,1.419393438,-0.045900114,-0.543891769,-0.673599255,0.067699291,-0.627516524,-0.065263028,0.06256572,0.554200376,-0.847515571,1.428255266,-0.251960724,-0.178983428,-0.846441994,-0.944194771,-0.926023992,1.014766622,0.363270648,-0.32243959,-0.773999951,0.316625786,-0.803056292,-0.826487249,-0.889064139,-0.566367944,-0.659985905,0.440825225,-0.723484067,-0.971575473,-0.948311568,-0.890436989,-0.800184111,-0.815757969,-0.577632934,-1.152008291,0.109768854,-0.696809277,-0.389376746,-0.451265629,0.10937948,-0.087045431,-0.357235195,0.133944431,-0.479466568,-0.394462031,-0.406339062,0.795114686,0.325254051,0.353965261,-0.139002001,-0.09353325,-0.372067941,-0.746643182
61.5,61.75,62,A,10,0.268439978,0.714458098,-0.209506666,0.846529704,-0.770459666,0.033172408,-0.856115641,-0.480874724,-0.312726794,0.852741557,-0.627132051,-0.728535101,-0.119761696,-0.35598859,-0.976030766,1.173679708,-0.509768134,0.584715445,-0.688878739,-1.001084586,-0.218309687,-0.076943956,-0.472377657,1.224464197,-0.204098935,-0.675905122,0.726555404,-0.50754252,3.065798489,-0.224096879,-0.750767385,-0.826357056,-0.730843989,1.231579627,-0.552596865,-0.708180714,-0.718117847,-0.700831081,-0.54782678,-0.957079214,0.748216566,-0.852540763,-0.334314198,-0.973652921,-0.784212505,-0.223635705,-0.95529821,-0.949326422,2.86026833,0.15682335,-0.345536329,0.801356159,-0.241106348,0.651182607,-0.342089128,-0.803695314,-0.861216733,-0.833194775,-0.67019199,-0.963920096,-0.051621805,0.304678111,-0.916275144,0.138836023,-0.466977782,-0.998896834,-0.690173039,-0.352475714,-0.269350196,-0.144418647,0.160805054,-0.395322288,-0.887890664,-0.659626721,-0.957127492,-0.799669108,-0.621937807,-0.729054685,1.235634405,-0.21970147,1.622908263,0.339590199,0.457677702,-0.838111971,-0.98091921,-0.701318954,-0.664117186,-0.004813441,1.390015105,-0.875042339,-0.411050358,-0.369502712,0.799063688,1.376997989,2.138849165,0.011190352,1.257604068,-0.565094281,-0.91730206,1.136299592,-0.662713623,0.135745067,-0.411968973,-0.84895013,0.310545685,-0.156981116,-0.390007096,-0.808040061,-0.44633008,0.494672658,-0.282477976,-0.792275725,2.144391663,1.66116872,-0.704376904,-0.463157486,-0.520452277,0.684339038,1.309441015,-0.476751488,-0.826271888,0.736535102,0.938795371,1.128464618,0.119731846,-0.616145892,0.023636804,0.986661851,-0.561015928,-0.858229877,-0.698232443,1.162423774,0.439461889,-0.904886106,-0.877190717,-0.677602844,0.109100159,-0.010476936,1.007558763,2.639321941,0.59447944,-0.141196372,0.37525553,0.739278036,-0.748504624,-0.631191843,-0.692138442,-0.59403024,-0.030168382,0.085539899,-0.295659209,-0.231762564,0.088137553,-0.702966096,-0.439174098,2.112978752,-0.586894417,-0.987097643,-0.330328352,-0.176460675,0.008565826,-0.324878451,0.263754334,-0.52610213,-0.130767248,-0.360841195,-0.344667503,-0.387389078,-0.025413183,0.445705544,-0.278402767,0.255984858,0.107216201,0.218947748,-0.1042677,-0.154922675
61.75,62,62.25,A,10,-0.321358995,-0.549791588,-0.526953835,-0.305312651,-0.788639013,-0.537948442,-0.29268067,-0.145898042,-0.799252151,-0.163360368,-0.370550672,-0.940834802,-0.509901968,-0.484002622,-0.871438114,-0.508305767,-0.143173671,-0.491496176,1.349043781,-0.725810825,-1.036208655,-0.879956198,0.376700377,-0.748961802,0.243115599,-0.618171623,-0.750342835,-0.876283716,-0.867216835,-0.892013375,-0.872529265,-0.157521613,0.023848908,-0.92721737,-0.988478942,-0.905695196,-0.501182041,-0.57288496,-0.804736198,0.155147087,-0.410646805,-0.927850336,-0.330871688,-1.105001224,0.94765083,-0.452813974,0.099407524,-0.677298769,0.305192885,0.05867595,-0.892835317,-0.680120085,-0.415063303,-0.294567594,-0.652053015,-0.886108573,0.172114628,-0.962561178,-0.520222359,-0.527009263,0.643509205,-0.361373927,-0.588790744,-0.280194153,0.086480386,-0.411315911,-0.914913028,0.120970776,-0.374926136,-0.426398307,-0.539190283,-0.438193375,-0.837193336,-0.144356452,-0.802350998,-0.530012472,-0.736610376,-0.599650212,-0.024006429,0.89114797,-0.33855916,-0.278402265,-0.931978602,-1.017814496,-0.493822015,-0.638102333,-0.301644822,-0.020020084,0.188417852,-0.456906909,0.326035395,-0.841323205,-0.175075444,1.49490599,-0.495543706,-0.037559792,-0.664934937,-0.345043444,-0.390879263,-0.815590523,-0.400432621,-1.020198406,-0.476080811,0.005673974,0.077411693,-0.872714699,-0.654648259,-0.551630764,-0.840917948,-0.415113534,-0.218742002,-0.799981212,-0.227653281,-0.923356933,-0.272222106,-0.746993467,0.038898432,-0.738437432,-0.653852048,0.951069963,0.734509202,-0.678119848,0.167429197,-0.596728267,0.460168074,-0.866958707,-0.388903174,-0.437418033,-1.003315988,-0.70990477,-0.84026598,-0.48506116,0.070376192,-0.359929296,0.474989618,-0.553143003,0.68450715,0.618870772,-1.007407108,-0.895256384,-0.883643614,-0.721122994,0.445759314,-0.739738217,-1.011283122,-0.86690221,0.565681665,-0.526159236,-0.660880903,0.352667956,0.025936988,-0.93107532,-0.417514187,-0.65707026,-0.748513694,-0.876206489,-0.348053277,-0.58011772,-0.495336308,0.18886971,-0.443119575,-0.369647084,-0.604933906,-0.555124959,-0.249355561,-0.565842606,-0.250695184,-0.376041596,-0.428883283,-0.194500893,-0.514865138,-0.359127009,-0.331924231,-0.22923192,-0.404562136,-0.483908056
62,62.25,62.5,A,10,-0.573406564,-0.696852117,-0.819251596,-0.452006609,-0.402630347,-0.809125395,1.881539857,0.136354592,-0.283514087,-0.832486752,-0.466429255,-0.833779696,-0.472982975,-0.376631038,-0.731942224,0.082041342,0.8517247,0.035966883,-0.742084157,-0.554479821,-0.921720599,-0.222908816,1.333947336,-0.815563748,-0.543687143,-0.252971384,-0.824374289,-0.161210156,-0.176750388,-0.414994951,-1.02628892,0.072097227,-0.697050473,-0.293673807,1.810928321,-0.138595753,-0.941128782,-0.701784141,-0.007787347,-0.7354935,0.157454586,1.228482595,-0.578053075,-0.649532146,0.073253563,0.385762356,-0.047628902,2.128900224,-0.169336095,-0.565960181,-0.125767748,-0.520058994,-0.962391949,0.528176558,0.585828458,-0.738839709,1.987313509,-0.86458522,-0.373313555,-0.252294452,1.207698348,1.687356604,-0.704606857,0.267812006,-0.024307817,-0.568131299,-0.697642419,-0.831461819,-0.63094174,-0.790314757,-0.27585194,-0.411915094,-0.50858728,-0.490875248,-0.47919113,-0.793571483,-0.231683812,0.646980916,0.741696814,-0.844725521,-1.0874277,1.730957019,0.992249606,-0.403828649,1.104919096,1.161797315,0.928727638,-0.631456287,0.647091807,-0.089162003,-0.007944931,-0.872786218,-0.759944661,0.052927552,-0.363605877,-0.854980751,0.556294375,-1.033732856,-0.869265139,-0.166215587,-0.260504015,-0.273781511,-0.886717408,1.796866881,-0.74262489,-0.343194147,-0.730325652,-0.146695809,-0.647990764,-0.575639028,-0.707861287,0.84626384,1.35663455,-0.83341092,-0.557475639,-0.513115097,-0.745890464,-0.943507966,-0.341071221,0.291736627,-0.58430159,2.407356078,-0.686478032,-0.518801234,-0.587988833,-1.05492682,-0.752708,0.274419138,1.939845691,-0.615062265,-0.059615987,-0.527036917,0.842845324,-0.535303273,0.868707492,-0.461851999,-0.861110665,0.744478903,-0.494635872,1.147997287,0.222644496,1.768284748,0.166929696,2.684655665,-0.37321615,0.282504924,-0.651898118,0.497318953,-0.372470832,1.814957905,3.495195253,0.535818559,0.091266475,-0.411045775,-0.965143456,-0.280281321,-0.7902535,-0.299479327,-0.860766942,-0.080992674,-0.285137902,-0.320859624,-0.300023414,-0.265877717,0.196334293,-0.07359331,-0.108453975,-0.264772378,0.435386784,-0.431925409,-0.281060634,-0.214769758,-0.017864587,0.066447429,0.603971129,0.043431729
62.25,62.5,62.75,A,10,0.19120059,-0.83108299,0.236414126,-0.16409075,-0.311908193,0.893193254,0.255663301,0.357409482,-1.075084751,-0.707750581,0.461467516,-0.105905217,0.461807217,-0.328040675,0.637265466,-0.610554144,-0.195229178,1.024762969,0.114361765,0.756113504,-0.614296914,0.007940381,-0.988574224,-0.105873695,-0.199539538,-0.103683278,-0.549780481,-0.76284402,-0.351207125,0.985628489,-0.642203788,-0.735605162,-0.693108754,-0.87922597,-0.762930713,-0.299283862,-0.280542002,-0.473314861,-0.002342367,0.92509347,-0.37317624,-0.886554126,-0.890345249,1.733536483,0.186731687,-0.218917976,-0.816295,-0.605853395,0.121236437,-0.612201065,-0.91071849,-0.910709609,-0.869485104,-0.302627358,-0.680560119,-0.579650109,-0.921551542,-0.435685678,-0.904166335,-0.063101937,-0.879217589,-0.838006876,1.73298472,-0.94405361,-0.364377424,1.348382402,-0.093098019,-0.3413436,-0.277485525,3.45773529,-0.115469673,-0.696244967,1.028488975,2.064805472,-0.974498897,-0.662094951,2.287435056,-0.802213445,-0.32154267,-0.526654423,-0.891074673,-0.465851258,-0.842851033,-0.362744379,0.353578661,-0.519173746,0.222749708,-0.882981486,-0.365087772,0.335103957,0.410399155,0.470374546,-0.818332682,2.277744045,0.959761432,0.187893952,-0.924882849,1.023775891,-0.834719639,0.147233005,-0.48702458,-0.763591425,-0.902584828,-1.091898903,-0.85837376,0.704228114,-0.315453689,-0.635388321,-0.200745904,0.635738326,-0.93269169,-0.268503018,-0.672597037,1.608392313,0.677743938,-0.30464245,-0.173384178,-0.825319609,-0.475715696,-0.090758064,-0.790505698,-0.69846167,-0.7720409,-0.288554976,-0.290597384,0.98193698,-0.814359712,0.355772389,-0.812438809,-0.711901254,0.23187021,0.348767531,-0.365418922,-0.749486635,-0.488358455,-0.619028989,-0.722355326,-0.29921857,0.375447862,-0.421128187,-0.151850734,-0.432642748,-0.104956699,0.634379496,-0.184230859,0.196880305,-0.60047595,-0.208779708,-0.584657738,-0.848804727,-0.319789878,-0.335833796,-1.003125445,-0.688236024,0.869869907,-0.388071124,-0.967201498,-0.367584579,1.521595654,-0.580309723,-0.115603651,0.221604922,-0.268223041,-0.384346401,-0.236183844,-0.657825628,0.280151977,0.128201048,-0.341833202,0.289924686,-0.391509497,-0.145747549,-0.384115103,-0.270890948,-0.228513936,-0.225868651
62.5,62.75,63,A,10,-0.411380432,-0.664240921,-0.542382108,-0.358915302,-0.704121653,0.080164703,-0.872772636,-0.765734826,-0.686596484,-0.446210403,-0.653848023,-0.863170567,-0.250259878,1.362632611,-0.827203774,-0.730997147,-0.354462817,-0.500498312,-0.532553505,-0.210361592,-0.641496558,-0.425837942,-0.682963391,-0.407133321,-0.416808662,-0.159178784,-0.813420793,-0.856670256,-0.966113906,-0.884209113,-0.377008831,-0.508545269,0.155165969,-0.661036909,-0.577107743,-0.705271743,0.429997527,0.30800914,-0.522466267,-0.633626709,1.233040176,-0.513214916,-0.808442898,-0.287836793,-0.329316502,0.438613394,0.076531472,-0.745309298,-0.815597539,-0.44533431,-0.468873103,-0.93224245,-0.11372597,1.081189744,-0.144577876,-0.726830684,-1.035420102,-0.059942847,0.381935274,-0.156702016,-0.270914073,0.404386997,-0.772225393,-0.900256247,-0.321841362,-1.066376167,-0.879994565,-0.664026688,-0.204779866,-0.781697689,-0.224133597,-0.424383514,1.22192217,2.332299792,1.067518739,2.162680847,-0.414369045,0.117440565,-0.590924526,0.745943827,0.311616462,1.141161192,-0.123982856,-0.775839397,-0.186882694,-0.590774029,-0.54378788,1.314474304,2.051216324,-0.420996037,-0.020098368,-0.672462624,-0.95014465,-0.264745507,-0.321240609,-0.732686155,-0.952484093,-0.834802567,-0.638572164,-0.199120526,-0.79242218,-0.386538093,-0.52739953,-0.785947706,-0.799985108,-0.791252445,-0.266067318,-0.84266748,-0.608663873,0.13003291,-0.901871961,-0.207952859,0.461691822,-0.924265051,-0.108410041,-0.844632435,-0.31723528,1.044323954,0.002283469,-0.921620698,-0.375145557,0.028809506,-0.592396347,-0.189333488,-0.3107036,-0.4374634,-0.877262684,-1.009399566,-0.490616415,-0.662041386,-0.931217757,-0.233951888,-0.265969287,-0.758982486,-0.264113153,0.820746124,1.310134791,1.094230392,-0.851844016,-0.854555893,1.099940895,1.625510316,1.030290498,0.184508603,-0.433282722,-0.78976462,-0.490111551,-0.905579071,-0.058105579,0.588306767,-0.884195925,-0.61374504,0.446682393,-0.582031342,-0.432849603,-0.584790055,1.089686987,0.199619771,-0.872865227,-0.289708281,-0.537219006,-0.356072301,-0.625383272,-0.309189083,-0.219686721,-0.217519003,-0.545772505,0.599399526,0.217620539,-0.558635726,-0.567091083,-0.271768908,-0.491555294,-0.093552317,0.185171354,-0.252419632
62.75,63,63.25,A,10,-0.255969659,0.361700462,-0.441222296,-1.053994312,-0.463439064,0.475701642,0.425811916,-1.081526867,-0.834078807,2.115526323,1.630771641,-0.301864115,0.167301335,-0.142233119,-0.236116065,-0.776102276,-0.795070048,0.723861763,1.496539457,0.514170006,-0.707771875,-0.207372101,-0.373282535,-0.106654845,-0.635176837,2.064930462,1.473034915,-0.711373695,-0.121447696,-0.57400787,1.862576632,-0.161862781,-0.879903948,-0.321328868,1.527946397,-0.130886849,-0.846070731,-0.802817911,0.872090555,-0.412089877,0.59384735,-0.683042311,0.287388991,-0.5465687,-0.311177778,0.101631767,-0.213842649,0.991383203,-0.094678386,-1.015298002,-0.568234539,-0.959959276,-0.97159331,-0.690466845,-0.334313672,-0.361839727,-0.876046988,-0.606548927,-0.564212691,-0.838632289,-1.045756952,-0.819412229,-1.041429525,0.593849086,-0.808235184,-0.563793646,-0.756700857,-0.621518392,-0.936411048,-0.936458124,-0.567459153,-0.963079122,0.360994071,1.263215666,-0.761072982,-0.730555468,-0.224453143,-0.853981973,-0.529531101,-0.125032135,-0.040178891,-0.775622641,0.364515547,-0.604366404,-0.770317817,-0.792175171,0.42918017,0.614050056,-0.314001708,0.020152349,-0.877569021,-0.275729641,-0.804294323,-0.879726263,0.187421782,-0.373991293,-0.175069886,0.964145216,0.177106758,-0.933508602,-0.690147582,-0.596050167,-0.528282436,-0.782980104,-0.082126326,-0.525373554,-0.95403284,1.037119148,-0.162147368,3.813112091,0.570309056,-0.835706568,0.71067615,3.268402202,-0.666138862,-0.592597096,-0.502201452,1.402296617,0.143516906,-0.541764666,-0.706075949,0.365594554,0.014689139,0.511062173,-0.724735105,-0.67865747,0.323933995,2.106527854,-0.33855918,-0.64699749,-0.981627146,-0.51378919,-0.489947596,-0.637115483,3.028796252,1.595938286,-0.433428609,-1.002242254,-0.906688341,-0.106353234,-0.671384898,-0.28587022,-1.025560084,0.07749027,-0.152371678,-0.815299019,-0.783298911,0.373756526,0.451705157,1.383943786,-0.778953285,-0.621943784,-0.890568828,-0.592469038,0.453275596,-0.930657677,2.364048531,0.194698772,-0.652586464,-0.555824273,-0.075149066,0.228125858,0.010087792,0.070765262,-0.089035651,-0.677184826,-0.693586687,-0.313095534,-0.186876451,-0.299121527,0.052909086,0.295679229,0.022678252,-0.044645732,-0.144688907,-0.201098045
63,63.25,63.5,A,10,-0.56220532,-0.805996083,-0.92310868,-1.036993168,-0.832652013,-0.84320211,-1.077919453,0.342206762,-1.064799732,-0.345057976,-0.891790471,0.128841675,-0.698331126,-0.75261434,-0.886664393,-0.443698433,-0.278504398,-0.713864904,-0.819357105,-0.436943868,-0.536538972,-0.588945747,-0.427468055,-0.686963519,0.256665001,-0.660121124,-0.637094389,-0.585193973,0.493732006,-0.744527223,-0.949250707,0.880305563,1.852511748,-1.125749552,-0.846866188,-1.03992242,-0.868675627,-0.293851282,-0.187183539,-0.75200846,-0.503200232,-0.672556647,1.03666021,-0.197303003,-0.564342282,-0.076050196,-0.873188132,0.779067777,-1.067427795,-0.925091484,-0.124043641,0.251183279,-1.086107888,-0.128668792,-0.829215155,-0.462680876,-0.627933853,-0.883532718,-0.196023537,-0.453281825,-0.748912528,0.52693009,1.151228971,-0.832084665,-0.411262454,-1.073752575,-0.819364903,0.492747126,0.277214193,-0.46538342,1.423359624,-0.608054715,0.041109782,-0.63903708,-0.349582353,-0.832432502,-0.591885519,-0.300847685,-0.673498019,0.123785473,-0.996752796,1.247004986,0.750604592,-0.561941808,0.190817193,-0.750046464,-0.708679472,-0.897520191,-0.827121369,0.323980296,0.330214751,-0.877190456,0.737835717,0.378843764,-0.937866752,-0.475138491,-0.784060094,-0.809552522,-0.578719517,-0.258172454,0.310999209,-0.866879747,0.397676679,-0.748482468,-0.284053131,-0.820632654,-0.16917154,-0.651072752,-0.079086633,-0.818165712,-0.68198152,-0.897010731,-0.927205878,-0.020095369,-1.021681005,-0.601901818,-0.300891233,-0.302922027,-0.071036536,0.194387284,-0.577319974,1.262291823,0.108310078,-0.780571794,-0.684964972,-0.772146435,-0.996874741,-0.614353268,-0.173829929,2.370996323,0.085158482,-0.746375238,-0.885558266,1.835956251,-1.014585849,-0.905125344,-0.034546882,1.35710606,-0.236312706,-0.845076202,-0.947918882,-0.058926241,-0.902756099,-0.656235605,-0.796715274,-0.871475526,-0.230330355,-0.684662043,-0.507348015,-0.826480225,-0.479128473,0.183416397,-0.816020957,-0.9371606,-0.708184612,-0.89786468,-0.73565861,-0.775590769,-0.981609105,-0.318890245,-0.714972777,-0.579292736,-0.4116456,-0.333069046,-0.306343178,-0.454030501,-0.190264016,-0.240708299,-0.222965503,-0.327380605,-0.372886875,-0.463033883,-0.085846289,-0.138935969,-0.648284826,-0.646669165
63.25,63.5,63.75,A,10,-0.581712637,-0.949634373,-0.695184843,-1.064940315,-0.770526134,-0.845251217,-0.947563568,-0.540010982,-0.449631382,-0.671893759,-0.444782234,-0.91521203,-0.087630453,-1.024581997,-0.716185517,-0.78720297,-0.882702085,-0.652202428,0.062336903,-0.175057267,-0.834712252,-0.178220632,-0.826383679,-0.633849747,-0.559438907,-1.027066865,-0.853977645,-0.202206477,-0.586362053,-0.075839948,-0.776346105,-0.491226265,-0.826618769,-0.995852466,-0.928516653,-0.465055007,-0.429519793,-0.836639713,-0.255740208,-0.873940228,-0.784789909,-0.103271248,-0.859509747,0.05450543,-0.775909852,-1.000957058,-0.706594532,-1.007602383,-0.793784208,-0.854911347,0.015412476,-0.944647539,-1.061949441,-0.952825453,-0.489176131,-0.541263736,-0.608555149,-0.953567062,-1.012257823,-0.905783741,-0.888553702,-0.602474528,-0.64020923,-0.758555166,-0.858373272,-0.724973564,-0.964304168,-0.262626033,-0.611339644,-0.866277718,-0.971089601,-0.894944889,-0.661513737,-0.861998314,-0.445771559,-0.58354005,-0.99289527,0.315789641,-0.716145535,-0.493408538,-0.866546181,0.28602178,-0.542942282,-0.402608038,-0.470423229,-0.676943863,-0.765715997,-0.78537195,-1.008074438,-0.597845637,-0.879486437,-0.763920062,-0.710226055,-0.891909225,-1.028351482,-0.960964597,-0.594112425,-0.967377233,-0.799463262,-0.868918293,-0.554905476,-0.388945551,-1.016430498,-0.37502562,-0.591702612,-0.903229279,-0.47848255,0.092157829,-0.428555395,0.700901734,-0.656218359,0.161210439,-0.776474994,-0.928651971,-0.346922734,0.046615338,-0.797396101,0.531477319,-0.487121338,-0.935050223,-0.212279464,-0.545283324,-0.069824719,-0.443428375,-0.660162749,-0.464413397,-0.631258581,-0.7797765,-0.166626452,-0.015276919,-0.719330035,-0.862030518,0.520311984,-0.516599318,-0.568810789,0.441392845,-0.901195836,-0.72240501,1.954075767,-0.28478,0.247233733,-0.605031818,-0.517393509,-0.537306046,-0.99637658,-0.816761629,-0.27219285,-0.636873087,-0.892306032,-0.805645652,-0.925874815,-0.958307762,-0.592660439,-0.889344896,-0.691287792,0.695715698,-0.551915866,-0.74927682,-0.153743068,-0.753778826,-0.751634921,-0.562322008,-0.577805821,-0.687945521,-0.683282485,-0.74546136,-0.717768702,-0.630551785,-0.583044983,-0.846472907,-0.394421742,-0.418853262,-0.398833048,-0.165937091,-0.583265347,-0.557047459
63.5,63.75,64,A,10,-0.468100489,-1.042850976,1.397236149,-0.976849986,-0.480246191,-0.515372878,0.036979322,0.013415736,0.33394237,-0.299568106,-0.712836828,0.152150452,1.041434394,0.74835873,0.062845016,-0.973078065,0.123081776,0.005165396,0.24001736,0.246354493,0.390932824,-0.251202917,-0.842962435,-0.760299136,-0.91343455,-1.002279416,-0.882367112,-0.785056165,1.23991346,-0.758804181,0.567069641,-0.788194897,-0.623423088,0.013697594,-1.078505799,-0.737019372,-0.809409083,0.326029375,-0.032728815,-0.353474333,0.313215192,-0.955086115,-0.306880582,-0.51852422,-0.594038243,-0.108121465,-0.864381188,-0.545690677,0.650387288,-0.667080696,0.084124647,-0.326746231,-0.234282371,-0.540388241,-0.806763493,-0.512136767,0.564602095,1.667558162,-0.405866351,0.053034405,0.218980038,-1.020923673,-0.768946157,-0.363046426,-0.854434483,-0.831445922,-0.310964312,-0.811355049,-0.921866931,-0.718433295,0.468229482,-0.617807512,-0.8459643,-0.983776786,-0.350486682,-0.539300198,-0.928140016,-0.749554574,-0.7931331,-0.015947913,-0.808229265,0.007893615,0.132261793,-0.876436134,-0.824533985,0.234730362,0.35444127,-0.571673519,-0.478481579,2.891023282,0.571583726,-0.63895858,0.172838814,0.064646889,-0.4841406,0.055077335,-0.855119111,1.047907972,-0.741395543,1.038585114,-0.34635925,0.231670544,-0.875672716,0.465752757,-0.774222351,-0.321880854,-0.152743609,-0.948826638,-0.148003402,0.482418059,-0.739361836,-0.56184717,1.103594627,-0.5286311,-0.81748115,0.05867883,-0.356961145,0.126467197,0.382973978,-0.711791928,-0.671562025,0.538323919,0.81567695,-0.299426548,-0.777197919,-0.986242654,-0.054699996,-0.167761486,-0.403775181,-0.825744526,0.642255775,-0.618362925,-0.872343678,-0.608097202,-0.628274621,-0.7060352,-0.817689792,-0.961292322,-0.75881001,0.030996854,-0.229505626,0.009346263,-1.031832664,-0.964683063,-0.967051167,-0.503405961,-0.928418727,-0.924093019,-0.845983722,-0.740197004,-0.834894745,-0.139338994,-0.828285005,0.814544587,0.999626337,-0.361327656,-0.3011664,-0.249389703,0.962060345,-0.215949221,-0.200141505,0.093349272,-0.456555963,-0.351595878,-0.359620071,-0.045686414,-0.638243621,-0.53558816,0.006099584,0.023102602,-0.238786746,-0.20443597,-0.283240947,-0.529765312,-0.712582469,-0.015412045
63.75,64,64.25,A,10,-0.562791366,-0.990932355,-0.961168772,-0.764460484,-0.588194774,-0.680528918,-0.978943126,-0.923560912,-1.104512333,-0.435010606,-0.45183939,-0.956383254,-0.138503563,-0.768163797,0.255981518,-0.939457764,-0.732090215,0.138121287,-0.016516918,-0.53285046,2.387397187,-0.665559559,-0.277134412,0.60522134,-0.778103821,-0.927880783,0.819700751,-0.126059539,0.2270435,-0.721344862,-0.794476845,-0.554961821,-0.904011967,0.527207047,0.602987686,-0.537027905,-0.384052169,0.500922253,-0.201187634,0.685572208,0.222512407,-0.547595977,-0.695490995,1.403610664,0.366638108,0.57207679,-0.090734376,-0.017432712,0.42403692,-1.012428828,-0.339393114,0.680248256,-0.091734472,-0.779779075,-0.257626905,-0.877734832,-0.686845126,0.941129112,-0.538843521,-0.061909067,-0.261599774,-0.461684084,-0.854891953,-0.790385876,-0.625935576,0.172866156,-0.505805271,-0.883089227,-0.123656825,-0.506712496,-0.289749585,-0.730107726,0.050261977,-0.763739541,-0.963241818,-0.041285149,-0.965575149,-0.45787081,-0.934234507,-1.128775844,0.72029944,-0.603206165,-0.719923011,-0.181234408,-0.655620859,-0.619958855,0.078261065,-0.186952797,-0.522918557,-0.672490818,-0.399960667,-0.102211243,-0.969672722,-0.794676486,-0.705285797,-0.956028219,-0.117079769,-0.956440687,-1.042487952,-0.659084781,-0.79495554,-0.944969098,-0.85770689,-0.391712234,-0.722428167,-0.694198166,-0.749879056,-0.650146485,0.110876064,-0.658866649,0.679523307,-1.035577337,-1.090205332,-0.886756846,-0.261345709,-0.921592599,-0.944285905,-0.669570879,0.955026907,-0.875198388,-0.572770953,-0.80411197,-0.985414614,-0.806715647,-0.52175196,-0.532702564,-0.718434077,-0.569757811,-0.899851285,-0.709738405,-0.481503341,-0.020943757,0.264898396,-0.312885766,-0.763157879,-0.72546,-0.588243124,-0.772368139,-0.473440381,0.033429264,-0.415812507,0.531445407,-0.64807242,-0.926739282,-0.796652065,-0.455438916,-0.827130371,-0.735689378,0.026473476,-0.800073835,-0.729932891,-0.885088491,-0.940533573,-0.045849207,-0.465519569,-0.82974743,-0.457150164,-0.911276763,-0.741688213,-0.805792892,-0.799010365,-0.414170256,0.05432798,-0.105902915,0.0625192,-0.201248874,-0.484089493,-0.622431815,-0.336374497,-0.670292832,-0.635398622,-0.504998278,-0.712124929,-0.383967473,-0.504768989,-0.68125792
64,64.25,64.5,A,10,-0.580049127,-0.98658934,-0.894400078,-0.945056854,-0.618717021,-0.751256094,-0.945250247,-0.925537692,-0.646857524,-0.844496627,-0.902112071,-0.642852023,-0.599959711,-1.008905446,-0.93833778,-0.803003681,-0.6802865,-0.852110226,-0.38406457,-1.105608546,-0.510149459,-1.068961748,-0.791588949,-0.650391158,-0.762455879,-0.897592433,-0.8687545,-0.140823139,-0.622042037,-0.853983422,-0.137385886,0.652728592,-0.94548657,-0.722787129,-0.640343484,-0.800410136,-0.597669256,-0.687774804,-0.576255717,-0.722570172,-0.643518611,-0.860419576,-0.950392243,-0.939017841,-0.322189478,-0.978858058,-0.120118258,-0.873725109,-0.840372309,-0.873811073,-0.51217783,-0.760149104,-0.683650633,-0.770757957,-0.738375314,0.789351982,-0.504805283,-1.105306432,0.104137403,0.34786317,-0.656003865,-0.404347083,-0.007257705,-0.509926846,-0.758802987,-0.818203812,-1.054790742,-0.605545747,-0.89647533,-0.765847358,-0.513328405,-0.941799141,-0.856439181,-0.621583771,-0.742413828,-0.703470364,-0.545302966,-0.479899145,-0.8394164,0.118102934,-0.375159038,-0.584302061,-0.723956027,-0.575548549,-0.46361754,-0.906282611,-0.813984194,0.114407038,-0.351459111,-0.439352075,-0.150755167,0.146749774,0.061490243,0.119770595,-0.420191653,-0.671340318,0.18229551,-0.977559339,-0.578450659,-0.874155159,-0.391120733,-0.06581692,-0.408489395,0.583892402,-0.402559928,-0.97665921,-0.668464039,-1.044441184,-0.55234428,-0.347650734,-0.355296059,-0.720446902,-0.633532454,-0.344771376,-0.973743644,0.686969014,0.23024927,-0.844297426,-0.521896002,-0.265358531,-0.006538564,-0.646779296,-0.465838471,-0.560289377,-0.679532787,-0.521707353,-0.801695407,-0.220647356,-0.859289215,-0.70850111,-0.846150559,-0.736338153,-0.319141907,-0.450921899,-0.952246426,-0.256115264,-0.564537915,-0.873541997,0.379389612,0.323615198,-0.173295771,0.057327522,-0.40672202,-0.668333008,-0.692441642,-0.739067311,-0.877545299,-0.898731257,-0.772948196,-0.847170897,-0.734652412,-0.88001279,-0.831593814,-0.38294838,-0.522225973,-0.883448214,-0.849960703,-0.914944861,-0.934081334,-0.736865353,-0.81382106,-0.791724056,-0.716674272,-0.517795456,-0.740242256,-0.383387,-0.647720148,-0.612555027,-0.511925417,-0.316214617,-0.427365402,-0.374212411,-0.547081893,-0.429598931,-0.601892788,-0.767073383
64.25,64.5,64.75,A,10,-0.591885916,-0.992673311,-0.947745015,-0.855421425,-0.66648861,-0.051165007,-0.868331713,-0.912788006,-0.80535937,-0.576292946,-0.564393525,-0.862416471,-0.225474825,-0.950750041,-0.863600148,-0.919807215,0.069580217,-0.811503059,-0.567762465,0.31482586,-0.836538884,-0.824338338,-0.694088022,-0.735807848,-0.301818916,-0.953695058,-0.802109037,-0.883666043,-0.850452093,-0.862696761,-0.850044575,0.062942885,-0.997081717,-1.08816469,-1.020859043,-0.210487728,-0.816723511,-0.800122913,-0.885793941,-0.362065508,0.528688082,-0.428374942,0.108737772,-0.441775536,-0.692814346,-0.646466123,-0.664817696,-0.487342677,0.153555796,0.472350774,0.272083119,-0.887575291,-0.529384419,-0.574733612,-0.210013894,-0.50396959,-0.71774669,-0.096702162,-0.543580332,-0.847212747,-1.107822489,-0.138732189,-0.428251753,-0.597116858,-0.77588788,0.032071329,-1.042051548,-0.202348709,-0.407876382,-0.745909997,-0.517273965,-0.336984168,-0.808310769,-0.633487194,-0.51917811,0.448791372,-0.851031254,-0.123532244,-0.154824297,-1.019269185,-0.938101245,-0.929042716,-0.87763438,-0.69330645,-0.756449977,0.407805136,-0.094087666,-0.827158662,-0.218642303,-0.416589529,0.030870143,-0.432721523,1.728420859,-0.676094225,-0.232115679,-0.92958768,0.459613452,-0.240363173,-0.977476251,-0.741131499,-0.833504387,-0.251729915,-0.509086664,-0.95714645,-0.542283123,-0.591893367,-0.01594964,1.182750313,-0.352505212,-0.81524784,-0.622072946,0.187729004,0.658385589,-0.618977754,-0.966209153,-0.144477922,-0.569325477,-1.010271611,0.439568664,-0.88226903,-0.272831497,1.208802441,-0.374117347,1.553864423,0.650905211,-0.270774827,-0.31357855,0.003168796,-0.63718691,1.577793652,-0.81383277,-0.581364356,-0.902965846,-0.67869519,0.243094646,-0.856835575,0.673825411,-0.880137598,-0.720167448,-0.069371873,0.139946638,-0.513257201,-0.639128442,0.396476656,-0.917334613,-0.885515718,-0.199342445,-0.901509723,-0.22765966,0.737439765,-0.728788729,0.254096179,-0.690506053,-0.21152302,-0.389392898,-0.760547452,-0.889464965,-0.821588596,-0.444290046,-0.786016623,-0.726815132,-0.538130167,-0.7745211,-0.696840074,-0.20982589,-0.463883562,-0.541392648,-0.451509981,-0.534320779,-0.201058558,-0.368659628,-0.352792064,0.312604539,-0.45864506,-0.300988474,-0.54680222
64.5,64.75,65,A,10,-0.273958904,0.181727003,-0.26092041,-1.035834924,-0.753948519,-0.678800937,-0.898885998,-0.766281,-0.893266754,-0.794717425,-0.305131903,-0.687450376,-0.622739771,-1.087722275,-0.83788926,-0.521977048,0.447447509,-0.531739276,-0.735185683,-0.78817055,1.114093048,0.609956873,0.467594239,-0.727803733,-0.428450032,0.247988358,-0.439242683,-0.204337124,-0.442372399,-0.546239137,-0.691641055,-0.880428396,-0.342736926,0.251572937,0.256078959,-0.885576487,-0.504849641,-0.274864394,1.03527084,-0.514147399,-0.783822837,-0.454535796,-0.702546779,-0.64491468,-0.700788695,-0.285983867,-0.693202461,-0.50055088,-0.359079688,-0.474820908,-0.068456736,-0.881208239,-0.533286866,-0.849874893,-0.264086934,-0.893479083,0.054049276,-0.5458353,-0.937937944,-0.407500007,-0.670207854,-0.691976204,-0.521740284,0.962534654,-0.408984362,0.656817074,-0.197754,-0.939287076,-0.559491328,0.35189171,-0.805854677,-0.411550045,-0.763151209,-0.63319606,-0.064027793,-0.488895238,-0.420580842,0.622856722,-0.694307239,-0.832315971,-1.053234411,-0.663602025,-0.605464972,-0.256662241,-0.024974951,-0.573350472,0.414717555,1.295482853,-0.716578876,-6.08E-05,-0.967120461,0.343578617,-0.123120866,-0.850809173,-0.714238915,-0.958516508,-0.843541463,-0.791938777,-0.78596537,-0.13072917,-0.803888041,-0.854506945,-0.697288461,-0.614653817,-0.960134647,-0.988513557,-0.494394719,-0.204516681,0.253222119,0.183490579,-0.20095653,-0.128480131,0.168378184,0.866535782,-0.551072442,-0.882351161,-0.808420958,-1.003709191,-0.532257818,0.572650988,-0.655690319,-0.881766592,-0.615268911,-0.373036369,-0.103481862,-0.846245705,-0.090138481,0.196419039,-0.262773676,0.645624129,-0.908468628,-0.843963128,-0.264949535,-0.851764604,-0.364536838,-0.769090292,-0.715903945,-0.402074525,-0.98273819,-0.810390373,-0.724405131,-0.259858785,-0.81474834,0.881698819,-0.561005754,-0.661793658,-0.839016178,-0.800409555,0.095520586,-0.963470472,-0.921681476,-0.288900701,-0.640221332,-0.644858081,-0.963613333,-0.950048985,-0.446506194,-1.169264074,-0.401129024,-0.80407722,-0.617488787,-0.567055863,-0.034881259,-0.255132156,-0.560024659,-0.532761673,-0.201819767,-0.449102235,-0.218372829,-0.582240209,-0.518118417,-0.249968328,-0.298635875,-0.691388006,-0.464748847,-0.723030042
64.75,65,65.25,A,10,-0.360572576,-0.731380082,-0.928697671,-0.997224196,-0.761173973,-0.686613832,-0.948854409,-0.535925905,-0.428623587,-0.928104917,-0.659695605,-0.687446458,-0.693242203,-0.769815836,-0.68642418,-0.695886374,-0.134126489,-0.777785493,-0.114667075,-0.570840387,-0.580587969,-0.696608878,-0.689906755,-0.385303779,-0.847917908,-0.803551608,-0.662708862,-0.68717658,-0.669492521,-0.881242371,-0.874409759,-0.517165261,-0.96127606,-0.783869684,-0.610996662,-0.997682824,-0.889494953,-0.555420189,-0.454216004,-0.446456822,-0.479613322,-0.851525695,-0.876066843,-0.66801069,-0.379306159,-0.714157701,-0.398460294,-0.830387202,-0.446200558,-0.744629156,0.563058631,-0.654382254,-0.662195314,-0.542025161,-0.534520119,-0.894633066,-0.772666129,-0.803291462,0.019514789,0.529308419,-0.868407991,-0.221343212,-0.626333902,-0.7302706,-0.565671471,-1.040521809,0.130655699,-0.403547262,-0.829076436,0.141468238,-1.089918727,-0.313830407,0.090157362,-0.133806531,0.538556412,-0.386935915,-0.044936434,0.715082065,-0.858711273,-0.391733968,-0.789782288,-0.316605182,-0.304032558,-0.853228042,-0.98004382,0.432906418,-0.887507257,-0.738332932,-0.83640351,-0.930875083,-0.837766125,-0.181173427,-0.664406384,-1.041527781,-0.873269816,-0.628140065,-0.87878395,-0.692084349,-0.9418465,-0.964999407,-0.77096742,0.158083802,-0.608197622,-0.719003628,0.250549422,-0.583733224,-0.504153568,-0.569230551,-0.609544374,0.253388458,-0.937688064,-0.482949085,-0.944780758,-0.780611979,-0.823352857,-1.081255566,0.030178655,-0.784641019,-0.888778044,-1.078121636,-0.805736948,-0.97912813,-0.50837169,-0.72916252,-0.493460614,-0.80493974,-0.743374536,-0.610517053,-0.616240345,-0.678754956,0.998922965,-0.560274008,-0.432374112,1.16694163,-0.341326077,-0.117663053,0.194668783,0.013109994,0.241708225,-0.4259047,-0.811202383,-0.422217553,-0.47128508,-0.931862026,-0.519272957,-0.10832394,0.031297695,-0.932821946,-0.820437558,-0.256043065,-0.356770726,-0.924242717,0.376864059,-0.390767127,-0.935544893,-0.652236422,-0.728980933,-1.108388235,-0.549903202,-0.766938959,-0.730717115,-0.57899301,-0.690449723,-0.709098822,-0.638835762,-0.375183167,-0.501304875,-0.187607741,-0.620390425,-0.77039978,-0.37028087,-0.777200035,-0.696968653,0.073780965,-0.524216881,-0.603690916
65,65.25,65.5,A,10,-0.572554247,0.329593451,-0.646069744,-0.527629377,1.246126867,-0.204137801,-0.945077774,-0.656351177,-0.090534364,0.107551425,-0.228612675,-0.630999971,-0.487653288,-0.329987718,-0.631948467,0.606993904,0.813532719,-0.530757458,-0.615539946,-0.794491852,-0.392420077,-0.876322131,-0.775476438,1.708105294,-0.001370482,-1.09954724,2.364246058,-0.105934488,-0.573454526,0.657687438,-0.695659585,-0.320078833,-0.825521309,0.469882094,-0.315938235,-0.353982287,0.728559987,-0.930778185,-0.47094216,-0.563189822,-0.662057314,0.527493692,0.644426228,-0.831067329,-0.036373014,0.170360983,0.009137648,0.190468989,-0.947133475,0.165697963,-0.096449991,0.258804528,-0.022808016,-0.92802954,-0.589287726,-0.746898984,-0.926836207,-0.448849605,-0.451368264,-0.291615484,0.72878118,0.15334948,-0.697146678,0.596211329,0.130540951,-1.00389362,-0.565955801,2.57017163,-0.623447422,-0.872346981,-0.321736742,-0.11352666,-0.668885063,-0.870907877,-1.052010728,-0.800439851,-0.917430871,-0.791998573,-0.506093109,0.012734158,-0.817041084,-1.055722569,-0.4425378,-0.065432862,-0.828571604,-0.193131849,-0.423144263,2.757411928,0.251328709,-0.974657711,0.117215211,0.610685613,-0.636212275,-0.759070788,-0.162112725,-0.741204874,-0.967847965,1.352507896,0.819241614,-0.278166453,-0.320036315,1.876484431,-0.066150522,0.877457946,-0.438288353,0.187880242,-0.355554731,-0.402711708,-0.567355379,3.456724505,-0.564924424,1.048913521,1.006551675,-0.276316002,-0.410339497,-0.089951186,1.214878769,-0.083342271,-0.000125775,-0.459056611,-0.109128787,-0.895108754,-0.146610232,-0.375056532,-0.57543546,-1.053137626,-0.712408415,-0.861549789,-0.403826955,-0.85747439,-0.604534394,1.153248705,1.411417637,-0.909626568,1.232041776,-0.814145154,-0.225770772,2.052871045,-0.249562521,0.145453399,-0.901071116,-0.006195065,-0.504708998,-0.888128527,-0.412370233,0.079423087,0.019688178,0.686921837,-0.13591405,-0.452625437,-0.862065803,0.305278509,-0.523993562,-0.792811754,-0.64278196,0.064438402,-0.775783575,-0.300406877,1.368673464,-0.760345515,-0.195908274,-0.282946475,0.090551341,-0.327764833,-0.076904563,-0.424333929,0.041626407,-0.603029532,-0.179149911,-0.064496475,0.424845012,0.13862882,-0.598973694,0.319139315,-0.251498032,-0.291979867
65.25,65.5,65.75,A,10,-0.077295981,-0.533169658,-0.855294559,-0.421795504,-0.606505742,0.650428932,2.049250569,-0.027256964,-1.001429286,0.401454399,-0.288829277,0.589764975,-0.213874029,0.59242653,-0.698453592,-0.453698622,0.068430491,0.380346835,-0.846641747,-0.77996638,0.090687093,-0.417918412,0.683850442,-0.457874496,0.222812056,-0.963612706,-0.443360807,1.795976709,0.258730602,-0.337564433,-0.006276406,-0.356143185,0.687950239,-0.405386439,2.152147719,0.22019625,-0.075589641,-0.942715247,-0.637076853,-0.458592002,-0.372819281,-0.471652429,2.8104101,0.334472088,1.410830898,0.048784897,0.056747115,0.448571158,0.697014467,0.404656129,0.255364349,1.254857698,-0.603092378,0.653176894,-0.888743438,3.440640761,0.366264955,-0.308007165,-1.005296536,0.925161814,-0.121173931,3.167106238,1.124275554,1.830352479,0.319192812,-0.291893986,0.055815565,1.326767462,0.066657121,-0.499882009,3.231703746,0.726319828,1.108666313,0.08393919,1.661410367,-0.485335223,-0.546895787,-0.805131894,-0.586916182,0.29056186,1.410511443,1.634587798,-0.792829804,0.464220883,1.433111961,0.743691391,2.341830908,0.022485054,-0.412226454,0.217994208,-0.539527343,-0.814854309,1.151957836,-0.019494221,-0.941011392,-0.171464545,0.618366616,-0.648542799,1.720147758,1.209165771,-0.800440724,0.768537086,1.063423504,3.16919674,0.305053654,0.635578232,-0.64691496,-0.59911442,-0.785783487,2.154001998,0.287609437,0.075861793,-0.114249157,2.338950091,-0.689039367,1.742271742,-0.042135392,-0.435192733,2.115430658,0.863481968,2.36026714,0.099312014,-0.22166294,-0.571485287,-0.004195162,-0.777677165,0.571149802,-0.532370569,-0.707747988,-0.410751011,2.653260039,1.111952872,0.473723753,-0.745027705,0.45543065,-0.253528273,-0.795136409,-0.714770002,-0.666972476,1.294763789,0.179044265,-0.557958892,1.025011728,-0.923421484,-0.800682233,-0.126647675,-0.43187838,2.084974754,0.424308676,-0.11143219,0.413861885,-0.412555402,-0.728128347,-0.193192435,0.270488521,-0.511338002,0.46307579,-0.644796466,-0.782333177,-0.527331794,-0.042161379,-0.165049482,0.043172605,0.017851444,0.536701514,0.409032696,0.697721731,0.467832222,0.706337739,0.156474337,0.526353762,0.614298904,-0.019516117,0.281369624,0.076131857,-0.265224943
65.5,65.75,66,A,10,0.057754537,-0.835418528,-0.690526684,0.121094336,0.301262081,-0.546096227,-0.746229273,0.307728041,-0.617557964,-0.512220786,-0.581635973,-0.205244074,-0.665575558,-0.886718028,0.749846229,0.035559976,-0.615120694,-0.725816376,-0.514055612,-0.516021437,0.169734344,0.158371778,-0.709743241,1.370442846,-0.764827877,-0.651978908,0.03364422,-0.572086533,-0.905421324,-0.737738621,0.354201982,-0.796076744,-0.17607902,-0.594819419,-0.888658351,-0.61728059,0.646026191,-0.254556554,-0.566324334,-0.397047921,-1.02628995,-0.9629878,-0.468357987,-0.893800774,-0.24865641,0.203502518,-0.554072341,-0.608187027,-0.390657073,-0.126109939,-0.455777263,-0.082975833,-0.032304204,-0.428099382,-0.715863658,-0.869815187,0.904592298,-0.104685888,1.628170556,-0.436043282,0.447784161,-0.278529344,-0.349620785,-0.452614454,6.211672138,-0.199531046,1.257343585,0.360022907,-0.91674849,0.057885241,1.045128667,-0.083525861,-0.607891205,1.349502675,-0.24257269,0.449230907,-0.829588941,0.864748033,2.61648424,0.509798088,0.677928415,0.43162671,-0.142777353,-0.497134738,-0.485423705,-0.575333991,0.539933058,3.206424393,0.599638888,-0.057327395,-0.271703843,-0.498931663,0.398068335,0.448269826,0.140895596,-0.80229247,-0.652404966,-0.953630979,-1.002385922,-0.908874506,-0.439694706,-0.774031694,-0.974270792,-0.068068369,-0.966060036,-0.238723361,-0.73303862,-0.873313454,-0.181398349,1.662296031,-0.036094215,-0.696094222,0.920137405,4.139178656,-0.041274794,0.376855189,-0.503345328,-0.180032859,3.528756572,-0.755666699,-0.871803994,-0.731442057,0.940364069,0.907589352,-0.919977453,-0.647930188,-0.090951942,-0.193125809,1.098924255,-0.838067262,-0.863118882,-0.919524275,0.576568028,-0.831912508,-0.86218392,-0.912153621,-0.91182901,1.633074282,-0.878652943,2.548458698,-0.042800353,-0.889739984,-0.30360415,-0.534981372,-0.792465162,-0.864702525,-0.95020975,1.594437515,-0.586984528,0.132922119,-0.163298207,-0.132087789,-0.554149629,0.766368828,1.195619761,-0.817266123,-0.505854405,-0.664507647,1.051595959,3.342378994,-0.316021047,-0.392478155,-0.260960332,-0.329061476,-0.507561678,-0.059280184,0.613766391,0.507131391,0.369755428,-0.410299059,-0.358630335,0.67524197,-0.134642103,-0.142127415,-0.323812819,0.351879974
65.75,66,66.25,A,10,-0.360012453,-0.648668173,-0.550221367,-0.613996866,-0.787046433,-0.170718818,-0.522868171,-0.360833549,-0.921087875,-0.802195935,-0.628909796,-0.813173756,-0.399345535,-0.906892674,-0.779195986,-0.832508945,-0.696733175,-0.785237751,-0.835594841,0.637969292,0.112740306,-0.981020753,-0.587979387,-0.393865012,-0.989319631,-0.861735793,-0.72995494,-0.828186069,-0.164706941,-0.404956557,0.175770662,-0.805785979,-0.848665854,-0.068557064,-0.71278761,-0.738495014,-0.672126274,-0.9149366,-0.893736216,-0.72415245,-0.868987408,0.141864738,0.186818659,0.301834011,-0.856467338,-0.859358907,-0.633274226,-0.8371282,-0.056383629,-0.821500375,-0.855678405,-0.955033207,-0.222075663,-1.086936173,-0.77406743,-0.551857897,-0.915071499,-0.714123675,-0.860271134,-0.378984262,-0.978151934,-0.533255234,-0.531115671,-0.916526504,-0.814845897,-0.362236706,-0.436119144,0.004182842,0.013491869,-0.517872559,-0.93564941,-0.928822115,-0.715457809,-0.514929973,-0.374598255,-0.606203096,-1.004622498,-0.616001734,-0.604086928,-0.689617449,0.283460135,-0.777130691,-0.523108647,-0.711017766,-0.609893134,0.081762277,-0.156480066,0.474683047,-1.074102898,-0.851305235,-0.787769726,-0.712829744,-0.443957222,-0.962322613,-0.763089983,-0.733012558,-0.424116588,-1.143822983,-0.662378344,-0.551557124,-0.645138869,-0.838052576,-0.469669823,-0.887345428,-0.291336272,-0.026006191,-0.866408078,-0.777877399,-0.700274861,-0.127146188,-0.093096673,-0.590979903,-0.542192991,-0.863143089,-0.819923514,-0.971314996,-0.936771467,-0.684813625,-0.527563072,-0.827895202,-0.364407096,-0.745712982,-1.011646006,-0.878404471,-0.858829197,-0.970670271,-0.266142415,-0.953201856,-0.536794287,-0.363347991,-0.675625244,-0.981805924,0.243726642,-0.789840291,-0.782292846,-1.050545366,-0.819701346,-0.977381568,-0.963420266,-0.838717624,-0.587107735,-0.527314109,-0.71360194,-0.287637468,-1.010290134,0.15562331,-0.85338677,-0.878156851,-0.925064771,-0.836723082,-0.679349067,-0.896094793,-1.02800933,-0.452089304,-0.889650721,-0.618734738,-0.784398406,-1.057448498,-0.140503471,-0.744450935,-0.573764964,-0.603962317,-0.582898478,-0.62034724,-0.430258268,-0.731409935,-0.507244894,-0.698998927,-0.386313298,-0.718485688,-0.562925568,-0.685769453,-0.694915657,-0.763560383,-0.646365955,-0.729072926
66,66.25,66.5,A,10,-0.295617529,-0.537699842,-0.59811579,-0.418895705,-0.43525162,0.478656231,-0.963153347,-0.515685466,-0.937031804,-0.170126646,-0.853457008,-0.417627344,-0.860827696,-0.312672082,-0.916389854,-0.838850378,0.751160827,0.096362438,-0.716646129,-0.855976504,-0.970057644,-0.311347332,-0.41524269,0.237780305,-0.550284488,0.035806073,0.068253358,-0.472486231,-0.61458393,-0.639943836,-0.366843343,-0.555690905,0.094778341,-0.32513814,-0.811264729,-0.25436388,-0.630060765,0.240240707,0.742626775,-1.006363189,-0.921585649,-0.244941973,-0.85112968,0.278995497,-0.426174187,0.651940257,-0.342841602,-0.647119468,0.09110137,-0.171630929,-0.458353456,0.096641933,1.065819234,0.307328341,-0.256216019,-0.841899661,0.791515546,0.290896641,1.33814142,1.381239135,-0.543899192,0.255576151,0.360131257,1.147476778,-0.151257574,-0.840690669,-0.243555135,-0.903989323,-0.931922769,-0.354158594,0.281481413,-0.276899472,-0.924654674,0.192749744,-0.318018219,-0.253853903,-0.814428374,-0.799751798,-0.10975945,-0.884852013,0.119446954,-0.242229644,-0.182341885,-0.028771734,-1.015838063,-0.685091041,-0.599278847,0.930086946,-0.703831906,-0.475172671,-0.761739612,-0.365922886,0.656730372,0.391589665,0.210004897,0.261709364,-0.887151216,-0.550237888,0.970082455,1.894332578,-0.152216078,-0.27954968,-0.423122596,-0.508904105,-0.773864392,-0.371334355,-0.330004785,-1.057104616,-0.420256591,-0.581360873,-0.258058185,-0.00201362,-0.908449303,-0.386298645,-0.303638386,-0.692031268,0.442647758,-0.301339286,1.398254677,-0.66625494,0.0610953,0.281814218,-0.776722077,0.09877668,0.791942299,-0.374947253,-0.6222556,-0.282642951,-0.726532003,1.108940775,-0.294047509,-0.165849891,0.65421705,0.334554193,1.499328507,1.080812762,-0.215304922,0.733521421,-0.127182225,-0.066790832,3.262651738,-0.898818516,0.221594453,-0.264462683,-0.958749908,-0.113006861,0.250097603,0.371277227,-0.575129145,-0.390655997,1.723607473,-0.822848856,-0.817353467,-0.292796134,1.66346156,-0.030134431,-0.477434435,-0.304312411,-0.256586666,-0.667961845,-0.439292152,-0.492492373,-0.363210642,-0.287207913,-0.258338636,0.371511311,-0.220628907,-0.390798675,-0.288302189,0.181939773,-0.489771807,-0.16771812,-0.044053061,0.343325855,0.090479791,-0.028235921
66.25,66.5,66.75,A,10,1.36103652,0.837982014,0.14245365,-0.473346221,0.427316202,-0.404554108,0.095872613,0.306274623,1.472480986,-0.887314063,-0.405889533,-0.594695174,0.709247682,-0.757638572,-0.700865332,-0.710301825,-0.624613364,-0.838635581,-0.648096955,-0.457338857,-0.34950146,-0.387866683,0.318979842,0.806053003,-0.93114309,0.008304581,0.497840604,-0.430558572,1.135560778,-0.476656334,-0.374791839,-0.095395484,-0.906419982,1.289585808,-0.5332551,-0.541664287,0.256890016,0.047659294,-0.493030639,-0.425473758,2.650528854,-0.482192476,0.302843555,-0.935199491,0.203672965,1.755600741,-0.407123208,1.737233459,-0.013065085,0.212509378,1.55305012,0.069481697,1.777824032,1.686053688,0.156516128,-0.781710734,-0.75981019,-0.595034168,0.016091742,-0.622279658,-0.627541683,-0.31523104,0.203909155,-0.452334699,-0.620843496,-0.399551723,-0.713018639,0.428432032,0.720182591,-0.096491002,-0.055778451,-0.015457009,0.76151443,-0.985233126,0.387415013,-0.114565487,-0.552546458,-0.647429991,-0.487153946,-0.210355634,0.252108411,-0.547685291,-0.333394004,-0.456550168,-1.063330543,-0.686627992,-0.626555272,-0.673068866,-0.912309558,-1.039954233,-0.331230622,-0.12280014,-0.349320349,0.479360293,0.237505391,-0.926570566,-0.057030247,-0.961222974,-1.015461834,1.725449799,1.281098521,-0.765247949,-0.785743475,0.929242997,0.064735003,0.441158838,0.3053836,-0.352419767,-0.392842397,-0.123426387,-0.693312655,-0.65080778,-0.551988562,-0.667434526,-0.421628058,0.182030862,-0.387897488,-0.069681961,-0.639600299,0.659020345,1.046277132,-0.136556613,-0.959757054,-0.608118141,0.637188924,0.277819909,-0.181844384,0.31871077,-0.477677623,-0.523070344,0.384047548,-0.935252568,-0.804294015,0.507693218,-0.218019427,-0.597393418,-0.825258557,-0.969529298,0.491277179,-0.428735971,-0.003917919,-0.206285848,-0.986062955,-0.314520617,-0.858195183,0.24100257,-0.673049316,0.47287202,-1.026045432,-0.198566493,-0.496516133,-0.381649846,-0.478457757,-0.532279797,0.595044299,-0.520151298,-0.454073467,-0.415953234,1.208991459,-0.230201648,0.287820222,-0.502882751,0.019101267,-0.177589597,0.502480869,0.250018266,-0.18724885,-0.191959066,-0.608736752,-0.132132125,0.060193898,-0.324130012,-0.060702742,-0.339546531,-0.355276917,-0.170524742
66.5,66.75,67,A,10,-0.108854697,-0.811335327,0.50756069,0.429357796,0.70091882,-0.503499603,-0.007170129,-0.337829565,-0.480448596,-0.760516211,-0.722756648,1.382532652,0.101013425,0.111202584,-0.08466973,-0.543997767,-0.839596464,-0.733824162,1.775859216,-0.916900106,0.678332357,-0.97497604,0.208595346,-0.160217654,0.815272036,1.7882251,0.691796424,0.360832588,0.876267863,0.054957966,-0.883886233,0.365330566,-0.897724532,0.350864197,1.307876111,-0.650652623,-0.722166021,0.271476566,2.950891879,0.626778007,2.100109433,-0.393595561,-0.229235112,-0.845718409,-0.011290367,0.310771289,-0.54783939,1.082697144,3.253551906,0.950902309,-0.637278361,-0.709826294,0.772430728,-0.590407157,-0.48277748,0.122826499,-0.684283444,-0.34168051,0.055424683,0.388486524,-0.196024862,0.197858453,3.379347947,-0.987286649,0.687930877,-0.746225194,3.275974215,-0.62080742,-0.240965773,-0.607116047,0.535517883,-0.377350159,-0.259618216,1.940261485,0.494500224,0.077965471,-0.343007715,0.209393894,-0.308627853,0.941908664,0.113998568,0.671238288,-0.748667433,-0.54894294,-0.114764869,-0.603783248,1.470415084,0.767216893,1.595462768,0.072203742,-0.888480473,-0.350264626,-0.500412416,0.298824147,-0.22696023,-0.895883372,-0.211302117,1.045456182,-1.094657715,-0.600556393,-0.475958803,1.849646772,-0.250312377,-0.375950067,1.560183472,0.502455506,3.166929965,0.819386084,0.227027056,2.725592596,1.850194445,0.05788578,-0.173585557,-0.408002261,3.20114144,0.479533502,-0.837304365,-0.766493321,4.633677408,0.107987575,0.385055915,0.175050953,-0.899846146,3.162647096,-0.196877781,-0.67593878,-0.425501434,0.011748981,-0.739038882,-0.565197981,1.299912618,-0.151089818,0.962752218,-0.243417291,4.063335088,-0.397844452,-0.338123504,0.535395525,1.483079077,-0.21230626,-0.295663493,-0.154677766,-1.021302135,-0.087174617,-0.808729099,0.827342966,0.054638387,-0.223908547,-0.458606914,-0.914338877,2.295280867,-0.72951091,0.419434832,1.244039531,0.993000917,-0.70500116,-0.797171411,-0.687157781,2.069619462,-0.141930748,-0.137181682,-0.0471137,0.433908599,0.271878792,0.567035324,-0.210708481,0.414268555,0.291094368,0.267437685,-0.342423701,0.97490002,0.814503465,0.023210194,0.70016932,-0.308242009,0.39606036
66.75,67,67.25,A,10,-0.410047382,0.251478,-0.784433299,0.00915965,-0.285697729,-0.664314289,0.30074869,-0.201261413,-0.119914895,4.255570163,-0.248972827,0.293619181,0.396733933,0.524549812,-0.64375968,-0.263346243,0.19844706,-0.481186359,-0.314032468,-0.541118162,-0.536717361,0.376608008,-0.36223382,-0.768172525,0.047584631,-0.282576613,-0.769932836,-0.747976381,-0.65726543,-0.080976073,-1.026249456,0.854336109,-0.621428665,-0.266714194,-0.438018086,-0.607970945,-0.501974137,0.827265396,0.92391557,0.879570836,-0.291852889,-0.11146499,-0.32952588,-1.010337092,-0.709540996,-0.764622583,-0.943058578,-0.365984053,-0.58139039,-0.050281386,-0.424812438,-0.714719004,0.350494009,-0.519610221,-0.629390488,-0.798284897,1.098993034,-0.450506131,0.469788492,-0.893974044,-0.860178539,-0.235278286,-0.431988592,-0.113469121,-0.697199957,-1.08636857,-0.245749886,-0.983983258,-0.116834924,-0.214234292,-0.300405566,-0.694958699,0.90912411,-0.343435162,0.462428392,0.601678015,-0.359412443,1.467510629,-0.322008436,-0.504560379,-0.355237225,-0.725585523,-0.491360323,-0.634231841,-0.638206827,1.081309383,-0.692313034,-0.862792934,-0.193554032,-1.013673858,-0.226412923,-0.036133572,0.91536234,-0.332093775,1.23758293,-0.176053542,-0.187355049,0.707469093,-0.712843162,2.39782881,0.084270956,-0.667259977,-0.488819791,-0.840976683,-0.160310995,-0.787892863,-0.610543763,0.244184235,-0.1816806,-0.907408733,1.156388945,0.121774279,-0.292053487,2.766244977,-0.630485054,-0.842625848,1.13599247,4.17494178,-0.402681711,-0.869715423,0.439174228,-0.26584548,-0.121897243,0.158320353,-0.341531377,-0.311576901,0.257219936,1.014804868,-0.889933543,-0.851183138,-0.267956183,-0.977304451,1.363506568,0.090459933,0.64834437,0.043224958,-0.305382422,-0.193589122,-0.307345127,-0.012241534,-0.935888902,-0.676794277,-0.933122408,-0.755781661,0.974180214,0.186793374,-0.370503727,-0.934090741,-0.59782489,-0.387067063,-0.305701623,1.032024975,-0.117160107,-0.560167878,0.268147059,1.01435702,0.180460816,-0.525799833,0.154967474,0.512559805,0.235128749,-0.107906575,-0.37816584,0.002273243,-0.515805884,-0.251202169,-0.498528543,0.091596046,-0.452564621,0.358735115,-0.431643821,0.631778093,-0.09124483,0.008171699,-0.443010008,0.165368771
67,67.25,67.5,A,10,0.459907697,0.530662258,-0.101644233,0.871026457,-0.292021292,-0.140934307,0.832975518,-0.716245401,0.203170755,1.457054543,1.287123944,0.376669774,-0.408532237,-0.361759683,-0.974577536,-0.327633535,-0.054671013,-0.086966112,0.266232975,-0.708567995,-0.08026641,-0.891133755,-0.839310681,-0.709644383,0.415323375,0.008554922,-0.871355962,-0.227914103,0.585216839,-0.589392733,0.517753249,0.844446699,-0.639281004,0.881456917,0.228051255,-0.196741028,-0.840963277,-0.641224878,-0.810337876,-0.11399959,0.358266094,1.51998059,-0.428082208,-0.801157632,0.678682615,-0.679893989,-0.737768997,1.79524892,0.204813955,-1.011870678,-0.66834587,-0.964010845,-0.082054156,-1.007101283,1.727761939,-0.885025847,-0.632950775,-0.590500319,-0.470977646,-0.686977872,0.703955708,-0.387773249,-0.899876799,-0.271760335,0.379621064,0.576682698,-0.297207839,0.324880622,-0.152906671,-0.207351783,0.312890569,1.614717001,-0.348963788,1.444043724,-0.572677898,1.4469166,-0.174459782,-0.607640263,-0.110649474,-0.280623431,1.668873197,0.573935874,0.456151854,-0.076239834,1.139825274,-0.321693366,-0.882268272,-0.916616529,-0.438951745,-0.386876371,0.372714876,0.327487283,-0.97018874,-0.100453813,-0.264616773,-0.098804262,-0.570538299,0.616166444,-0.759380821,0.402092141,-0.367257597,-0.999243475,-0.380636694,-0.562258152,-0.661145531,-0.393732255,-0.60638152,4.485519939,1.055547482,0.34658592,1.007946678,2.168227275,1.287690779,1.438866215,0.998461551,-0.814923865,-0.876056301,0.061328119,-0.717992689,-0.337331415,-0.358400018,-0.268057751,-0.883586557,-0.323302118,-0.537871982,-0.784774481,-0.675834596,0.189582604,-0.036716003,0.35741897,-0.667712186,-0.624157843,0.261970602,3.12774665,-0.004672754,0.302751635,2.182438749,-0.281435029,0.184849324,-0.72845833,-0.274384045,-0.778086396,-1.051643884,-0.693200257,-0.228451596,0.652182975,-0.572048606,-0.157708801,-0.509012338,1.109533028,-0.840831897,-0.658016653,3.275071906,-0.737131942,-0.738496662,-0.447913181,1.72193274,-1.042517081,-0.600429589,-0.291192026,0.310395199,-0.099268142,-0.319992289,-0.077083953,0.089821867,-0.426018267,-0.023173658,0.272355326,0.081614008,-0.104552196,0.191699812,0.421621635,-0.332154193,0.375332082,-0.250281992,-0.035952438
67.25,67.5,67.75,A,10,14.93161907,-0.267473265,0.875557882,0.080754103,0.212053504,9.545808592,-0.60726872,-0.357204541,0.091885027,2.111289442,-0.768600822,-0.672554118,5.345701037,1.915334899,1.594010059,-0.785001916,-0.845267547,2.441362681,1.915199364,1.639473722,7.418108185,-0.517280548,-0.213855117,0.125830725,-0.665264423,-0.353214679,0.808314792,1.151414506,-0.804277284,1.10588453,4.679300585,1.161408408,-0.105464684,-0.52615762,1.647921726,-0.549147339,0.392946793,0.071140101,-0.567821855,-0.46415643,-0.220535492,2.177390552,1.892714019,1.304156395,-0.619754152,-0.896455211,3.809790328,-0.525345434,5.931825585,1.802608318,1.038457083,0.298455326,1.600371399,1.663140311,3.380247144,-0.654264802,-0.066666753,1.398447458,-0.815148131,-0.382660385,-0.353056818,1.490325682,1.057435167,0.620724592,3.180093175,-0.8399373,-0.391821922,3.160881587,0.636467934,0.207584273,-0.115725908,-0.118919564,-0.585165242,-0.755219953,-0.177952751,0.086318642,0.538077729,-0.732703465,2.159647553,-0.23293565,5.075583377,0.130184463,-0.843295503,-0.080942692,-0.368409727,-0.206513952,-0.54070596,-0.85010607,-0.401884058,1.876232524,-0.338435478,-0.625984842,0.632798049,2.2742088,0.093960613,-0.248420129,-0.860920048,0.576211218,-0.223501052,-0.686325417,0.114046969,0.789202908,-0.169069412,0.769017245,-0.702620299,-0.740531827,0.173798949,1.104013023,0.05829942,1.391061977,-0.612469826,-0.823722077,-0.450120497,-0.537787185,0.109530864,-0.026680912,0.208628863,-0.222142769,2.612327509,2.164576784,1.012814854,0.044846873,-0.632236873,-0.751765825,-0.076885356,-0.200430751,-0.943993901,-0.958304639,-0.86094852,-0.486858194,-0.758236554,0.284064769,-0.586006161,-0.202511921,-0.789242148,1.342400143,-0.39357895,1.052690642,0.040318395,-0.299528791,0.029735118,-0.859224955,-0.107066765,-0.753724315,-0.410982644,0.067912909,0.546481936,-0.339209809,-1.024327156,3.207798223,-0.002203392,0.874772153,0.088008953,-0.593190701,-0.264805483,-0.590008527,0.709877711,-0.591944728,-0.043189195,0.178997772,2.66170211,1.177965736,0.805566069,0.573996968,1.465639491,0.746037865,0.876869637,0.006542139,0.37901424,0.059359171,0.278721895,0.242214076,-0.385376233,-0.030963058,0.035739254,-0.023368544
67.5,67.75,68,A,10,0.964952043,0.446346526,0.328702037,-0.988141771,1.044331393,1.6104696,0.023470974,0.287102148,3.206115175,-0.634342079,-0.483831082,-0.424044279,-0.187076734,1.040851271,0.324340959,1.851253803,-0.409213395,2.708982848,1.318027978,-0.771624239,-0.335423524,-0.963700013,-0.624940004,-0.770899,-0.887360533,-0.128195087,0.730402604,-0.656298213,-0.852039284,0.796422062,-0.848127119,-0.340593538,-0.400440128,-0.979819956,0.78461787,-0.73978829,-0.511603298,0.92983451,-0.266619153,-0.200523157,-0.201077967,-0.099588137,-0.848152998,1.989388566,-0.789124754,-0.366885148,-0.66508043,0.078947153,0.122892008,-0.544664266,1.576960599,-0.892463257,-0.830191934,2.127494318,0.95517936,-0.224791608,-0.875902714,0.095818989,-0.688479456,0.551787011,-0.391674264,-0.536617896,-1.002925727,-0.786594587,-0.335222747,0.281420926,-0.140703679,0.283555553,-0.435309361,1.49909279,-0.875781342,-0.600634794,-0.834192603,-0.294976346,-0.746628331,0.759360544,-0.755165666,-0.345206625,-0.189874264,0.129763366,-0.387701854,-0.711840452,-0.323207764,-0.172053239,1.533238367,-0.146519991,0.043083221,-0.255572952,0.566086555,1.041565974,-0.581184265,-0.784114843,0.022482554,-0.645362857,-0.250548882,-0.524654458,0.09762988,-0.652527958,-0.030158902,0.122557705,-0.442602079,-0.485609952,0.684502193,1.492563104,-0.419444589,-0.945470793,0.431840757,-1.007351973,-0.363090355,-0.800878595,0.466661919,-0.118752301,0.128806297,0.312647596,-0.683504979,-0.643235189,-0.757592941,-0.425782599,-0.546146334,0.519855836,-0.486002122,-0.818840749,0.070728304,-0.296310658,-0.447768229,-0.494040685,-0.215995204,-0.265379394,0.441641434,-0.819275757,-0.737505986,-0.241981896,-0.493307535,-0.173066393,0.032541056,3.935242735,-0.855645675,-0.932795954,0.002323257,0.711695352,0.969624843,-0.91327795,-0.242144669,-0.886008625,0.460161426,-0.863468131,-0.466413343,0.378135026,-0.967667044,-0.88310853,-0.546184985,0.322652809,-0.238322884,-0.75299421,-0.421670162,0.07211436,0.164039788,0.945140743,-0.63143778,-0.714948552,0.628900605,0.496766713,-0.369203099,-0.257306226,-0.132334597,0.179541131,-0.156497899,-0.375333606,0.118707786,-0.322588202,-0.185554228,-0.17470427,-0.333124306,0.124749896,-0.3414167,-0.180161087
67.75,68,68.25,A,10,0.533067688,-0.732667499,-0.656310261,-0.86133052,-0.654157874,-0.368554192,-0.717590486,-0.29904802,-1.005175072,-0.549566407,0.161701303,-0.895362893,-0.850202726,-0.83393978,-0.496652587,0.042545917,-0.510508066,-0.815640461,-0.510370014,-0.395348838,0.001173129,0.995681755,0.153726685,-0.770939882,-0.778326993,0.516194465,0.001589638,0.506080553,-0.227050017,1.017027723,0.337809376,-0.274184297,-0.842423801,0.360553822,-0.07194342,0.010577666,0.682955938,-0.933250135,-0.87040672,-0.378930221,-0.17290824,0.37010694,0.14117884,-0.841835147,-0.459072806,-0.66669984,-0.763044786,1.299050188,0.107827458,-0.489077301,-0.403315331,-0.796605157,-0.939295203,-0.907672605,-0.519198721,-0.72476738,-0.865963373,1.09331889,-0.568629139,0.869106457,-0.551618643,-0.800227755,-0.9835872,-0.767432061,-0.798807449,-0.573962982,-0.768160644,-0.610213465,1.036623459,-0.860726567,0.655829459,0.647665941,-0.057030202,-0.830838344,-0.744134956,-0.933091878,-0.121367463,0.147660728,0.598298087,-0.200889328,1.946007751,-0.985084338,0.534704991,-0.361704866,-0.551988672,-0.708005801,0.47081574,-0.48607927,-0.167639339,0.776153695,-0.748852459,0.101032476,-0.616106055,-0.655755105,0.300316666,0.775475097,0.227417697,-0.849412033,0.691937406,0.177759802,1.127076398,-0.627003961,-0.718934003,0.543216732,-0.752395958,-0.950072869,1.466019357,1.284556035,-0.664463695,-0.740939142,2.421847321,0.98913309,0.718763506,0.324603399,1.363454246,0.107044282,-0.639799602,-0.564163737,-0.198796756,-0.46041625,-0.706000993,-0.871609272,0.520432935,-0.682937317,-0.747571369,-0.85039399,-0.129557105,-0.914879596,-0.678057824,-0.744648339,-0.172318432,-0.839286228,-0.453982911,-0.780378063,0.161670711,0.006061955,-0.907424626,0.946169735,0.155166418,-0.399591051,-0.671318152,0.280590642,0.104065584,0.383243799,-0.013469392,0.867398623,-0.46279241,0.479873594,-0.577788894,0.512463844,-0.784801425,-0.252289045,1.118579807,-0.704123734,0.153041986,-1.003167966,-0.987155164,-0.752132246,-0.510581215,0.399573672,-0.531133264,-0.510377815,0.141515706,-0.197924179,-0.14744747,-0.376302156,-0.567811331,-0.083789796,0.046717989,-0.059618651,-0.003294111,0.40616695,-0.580522287,-0.228391249,0.090226724,-0.332305533
68,68.25,68.5,A,10,2.036306802,0.004555003,0.130417921,1.361000332,-0.23549637,-0.834571567,0.461647753,-0.93461555,0.528839835,0.28796285,-0.336840702,1.408501729,1.84412065,1.489408142,-0.09618313,2.051368771,-0.222770875,-0.501379558,1.054135579,-0.688029926,-0.412044827,0.333775036,0.970325411,-0.018047878,-0.262425756,-0.309338931,-0.598511856,-0.619983219,-0.51281656,0.53318038,0.169578402,0.201783288,-0.848150427,-0.778904218,-0.290585435,-0.587607303,-0.527477802,2.789306526,0.185095966,-0.554292309,0.555818568,0.612476051,-0.850525307,-0.392510435,0.373065765,-0.101482459,-0.375635612,-0.341389471,-0.220102948,-0.595372361,1.521325068,1.843016513,-0.458430157,-1.037211789,-0.92058703,-0.919769398,1.416890566,-0.386626085,-0.546027427,-0.414988773,-0.823049318,-1.004409075,0.095154992,1.955527839,0.608117118,2.583895741,0.508169649,4.31387342,1.691132317,0.387672904,-0.876900779,-0.386066068,0.513650035,0.743524762,-0.664586424,0.884991887,1.31772683,-0.537258249,-0.853789392,-0.649935162,0.554445163,-0.89912351,-0.177688515,1.752727495,0.411696897,-0.501917561,0.881260153,-0.720118784,0.232053543,-0.693920562,0.648571157,-0.519520068,-0.026652873,1.118485138,0.632825503,-0.680783347,-0.294512979,0.599535679,-0.79802426,-0.427183193,-0.315147737,0.001088326,-0.664445355,-0.328386623,-0.069132883,-0.772393879,4.558636726,0.311424435,-0.36909187,-0.290813891,0.835801973,0.792244172,-0.400902713,-0.861813848,-0.681765904,2.576587563,-0.277916942,2.685456452,-0.867592258,0.446996704,-0.112927956,-0.044530849,-0.430112558,-0.336073001,-0.447223231,-0.050550552,-0.038653923,-0.644294553,0.377067019,1.257591426,0.391140879,-0.760961897,-0.357820426,-0.584796199,-0.392703067,-0.801963471,-0.576807275,-0.166643306,3.770278873,0.81795715,-0.660311148,-0.364552586,1.129376239,1.193896789,-0.321380757,-0.780112451,-0.600333864,0.543855066,1.023162632,-0.008577728,3.344332899,-0.638067004,0.167908868,0.520266591,-0.111304676,-0.215473006,0.3853064,0.141363697,-0.857821511,-0.423452659,0.280604701,0.600233068,-0.08958882,-0.024125331,-0.133565821,0.009759149,1.031608559,-0.050864256,0.083941432,0.025274076,0.206173725,0.42470952,-0.046970818,0.133768126,0.115502219,0.23130596
68.25,68.5,68.75,A,10,-0.058526612,1.602649691,-0.147944038,0.20831334,-0.178478144,-0.717019828,-0.643346372,0.998260742,0.840472606,-0.647320564,1.409793202,0.931612034,0.232139415,-0.889148267,-0.388188822,0.340807299,0.120097307,0.375798284,0.558939616,-0.806624813,-0.931428203,-0.65236354,1.025842265,-0.115606138,-0.837916345,0.597886988,0.284229309,-0.725453314,-0.083918547,-0.329137198,-0.427776068,-0.376119177,0.521636295,1.416020543,0.080793354,1.777582051,0.576269717,0.012555018,-0.343831898,1.770749833,0.478339706,-0.758770866,-0.646205984,-0.652066635,1.856055599,-0.565984282,3.237179295,0.535532191,-0.44928957,0.062062369,-0.591107995,0.28884479,-0.987545499,1.190651684,-0.499659443,2.185051285,0.226988148,-0.636258664,-0.849111571,-0.759635673,1.744070369,-0.199507112,1.89945201,0.403126256,-0.831327021,-0.09548772,1.520617959,0.05094179,-0.278425436,-0.033275701,-0.717464047,-0.989527324,-0.870428644,-0.041101995,-0.250022602,-0.473735442,-0.619208089,-0.502935023,-0.919700926,0.420483166,2.058133037,-0.091361226,0.895348134,-0.184249035,-0.551730503,-1.074461523,-0.562659773,-0.253022378,-0.12420021,0.308648664,-0.853299327,-0.450272263,-0.790506817,0.335797426,0.761254615,-0.583938949,0.471275263,0.189866333,-0.317822885,-0.851202377,-0.608005756,0.25690322,-0.370005946,0.915970468,-0.777277212,-0.794351265,-0.728514081,-1.073354977,-0.449443704,-0.362966673,0.425479285,0.872864968,1.685821894,-0.771840176,-0.358182963,-0.492840272,-0.269581388,-0.032156719,-0.786699146,0.179172349,-0.120549127,-0.607686122,0.68791004,-0.373281619,-0.02541668,-0.317240495,-0.41624889,0.477402217,-0.414989754,-0.459786542,1.165735628,1.550038591,0.496570374,-0.593954344,-0.944929305,-0.322412177,0.480893589,0.737482169,-0.863653738,-0.738275064,-0.233728999,1.082041423,-0.543936351,-0.667479134,-0.283357765,-0.089308113,-0.602297149,-0.057423073,0.2108281,0.180360151,0.883775852,-0.569935409,1.28014949,-0.532639992,-0.271962038,-0.430906374,-0.903674353,0.706900651,-0.850995992,-0.638786151,0.125706082,0.188522526,-0.176786472,0.500787967,0.309685182,-0.043178294,0.418018539,-0.496364093,0.042044519,-0.208884898,-0.399104593,0.045203783,-0.156988697,0.096749572,-0.100430091,-0.132807432
68.5,68.75,69,A,10,-0.488247355,0.182311209,-0.879787644,-0.528612635,-0.158359017,-0.807147967,-0.707287961,0.745468252,-1.014724454,-0.562415872,-0.625155485,-0.326535149,-0.557593666,-0.929586974,-0.923876473,0.068162586,-0.86422598,-0.356561616,-0.806554465,0.634056518,-0.812111276,0.15873793,0.591298661,-0.649507385,0.959041191,-0.195221234,-0.692809219,0.235352292,-0.372106538,0.015582171,-0.916692022,-0.11646072,-0.552943511,-0.694485689,0.038208905,-0.429004619,0.387635662,-0.776021858,-0.939012346,-0.771001326,-0.828064853,-0.72567111,0.181242173,-0.892124412,-0.727575401,-0.935293564,-0.424961235,-0.077060754,-0.866588744,-0.915422194,-0.701615711,-0.144230454,-1.009128328,-0.840628338,-0.779178579,-0.569113748,-0.924687375,-1.00687762,-0.166927987,-0.93815458,-0.602706524,-0.609538791,1.395514428,0.137778453,-0.861336036,-0.391803269,-0.605581535,-0.880748833,-0.537530115,-0.599256379,-0.435490822,-0.848639027,-0.632841086,0.337318096,-0.815143319,-0.644622801,-0.628477598,-0.565549598,-0.313881193,0.214915278,-0.984769731,0.124723232,-0.933250723,0.126803782,0.292554493,-0.981611115,-0.894706184,-0.867240243,-0.921796703,-1.04746236,-0.367068965,-0.427389016,-0.826914425,1.473067102,-0.818531135,-0.918029032,0.015964273,-1.13039668,-0.01669712,-0.225636667,-0.495094831,-1.01934586,-0.118862739,-0.301933628,-0.929594729,1.20716217,-0.262351455,-0.718265102,-0.137827913,0.50687754,-0.49102526,-0.640923933,-0.619936555,-0.872654148,0.276992859,-0.865260508,0.034778373,0.200797607,-0.252496906,0.645982974,-0.958344603,-0.788856314,1.633998366,-0.89122967,-0.718885384,-0.174688265,-1.014276292,-0.678825351,1.450410781,0.038184776,0.079165023,-0.409747858,-0.104997224,-0.752820074,-0.287273692,-0.908041878,-0.642765484,-0.839767445,0.40050422,-0.292779749,-0.527374369,-0.860288539,-0.801460641,0.218839149,-0.789233461,0.438055026,-0.372523698,-0.511752628,-0.700346842,-0.41818554,0.57256994,0.125370434,-0.154582387,0.226705866,-0.38985144,-0.072236234,-0.379530332,-0.561429368,-0.680210139,0.267844511,-0.421880345,-0.46878707,-0.076174341,-0.476977752,-0.621152009,-0.708054272,-0.35552086,-0.433241207,-0.608675555,-0.324163167,-0.226923655,-0.25837455,-0.210251196,-0.375852416,-0.432427154,-0.104534915
68.75,69,69.25,A,10,-0.167762299,-0.538730787,-0.868276811,-0.40955356,-0.860131994,0.284843877,0.205140609,-1.053387891,-0.748090102,1.577717884,-0.861407725,0.32483246,0.394456139,-0.824876876,-0.564500223,0.635524291,-0.832260913,-0.125430413,-0.001115665,-0.052184528,-0.514976614,-0.346426101,-0.67898801,-0.65197899,-0.803764604,-0.412654821,-0.523972467,1.207176793,0.740893779,-0.312801419,-0.533011021,-0.084902925,0.117410053,0.66885023,2.083935707,0.091202615,-0.576986038,0.170567476,-0.002628903,0.606216278,0.084182905,0.426745795,-0.754540482,-0.288651371,0.616639147,-0.694553165,0.448837269,0.197977888,0.324838122,0.056211363,-0.396861216,-1.001880034,-0.693591925,-0.144720707,-0.757405408,-0.481125737,-0.23527611,-0.878343554,-1.041476309,0.757827265,-0.738800047,-0.38947299,-0.49151743,-0.363700354,-0.72753766,0.351054221,1.793320557,0.578793827,-0.751025054,-0.608604126,-0.039060702,-0.828116342,0.400764842,-0.952032386,-0.377370312,-0.557140429,-0.579161527,-0.319927001,-0.947373255,-0.42546016,-0.500433833,-0.584812707,0.928483035,-0.46220343,-0.957160764,-0.084476111,0.59669856,-0.003403037,-1.002617658,-0.379202069,-0.613474652,-0.704314498,-0.062984022,-0.714986997,-0.417162676,-0.928338173,0.064773615,0.518733501,-0.380534393,-0.722399803,0.182255789,-0.409404777,-0.175144323,-0.502736262,-0.898081514,-0.119749887,-0.905582795,-0.805366189,0.51003588,-0.204689707,-0.855301629,-0.983232173,-0.715486643,-0.724641171,-1.079058005,-1.054333034,-0.830236111,-0.158309961,-0.603780504,-0.682175774,-0.722252782,-0.696933872,-0.512504814,-0.894862458,-0.821945209,0.132122934,-0.75572412,-0.863202461,-0.927060435,-0.783631016,-0.621295521,-0.082973709,-0.407432576,-0.427352399,-0.285033564,-0.928043705,-0.075306436,-0.829352259,0.885287557,-0.25993761,-0.091117633,0.782536425,0.783509792,-0.299620284,-0.47280131,0.279249478,-0.811055623,-0.91970203,-0.58853416,0.266911953,-0.576524513,-0.762211492,-0.806951025,-0.216334322,0.109460413,1.702440722,-0.11340088,-0.029488351,-0.325132116,-0.776657947,-0.257823107,-0.190696345,-0.229749245,0.254065347,0.041768747,-0.487285373,-0.134748906,-0.462487727,-0.244912801,-0.39606881,-0.332846379,-0.768655501,-0.684599423,-0.303144022,-0.107062339,-0.179479951
69,69.25,69.5,A,10,-0.142621535,0.78671133,-0.851316919,-0.559956476,-0.079842506,1.631355866,0.557539618,-0.988411407,-0.417069682,-0.176186533,-0.583249543,-0.789777932,-0.414565448,-0.343675987,-0.713872435,-0.595242008,-0.468741562,-0.570243916,1.187270093,-0.783473631,-0.022711869,-0.026032083,-0.402974948,0.137540098,-0.915899324,-0.62781358,-0.806448978,-0.890985043,-0.861417542,-0.483757175,0.335950753,-0.718816128,-0.036901974,1.467154299,-0.278341728,-0.555091561,0.924790827,0.617222548,-0.79559601,0.376308879,-0.30033972,-0.695539744,-0.751571206,-1.052317271,-0.73142131,0.054768565,-0.575594115,-1.017399059,0.146943402,0.037412649,-0.260774041,0.25590803,-0.421295313,-0.470152966,-0.207858522,0.448485333,-0.650369015,0.254252671,-0.767924079,0.487766408,0.152706776,-0.675219434,0.739431456,-0.988621588,1.00011442,-0.490720579,1.346388427,-0.472768437,-0.717619428,-0.673524301,-0.195056269,-0.455838912,-0.037276022,0.416837943,-0.994074786,-0.920882057,-0.263738911,-0.306422573,-0.859784031,-0.854101904,1.399888751,-0.918279027,-0.795109451,-0.599910827,1.264232364,2.086888289,-0.051810357,-0.663522696,0.436234817,-0.542100858,0.224019239,-0.453107129,-0.445774361,-0.610752964,-1.038494341,-0.833270959,-0.288093038,-1.100497146,-0.748219394,-1.001348986,0.052026943,-0.874515061,-0.557370288,-0.923936676,-0.848084749,-0.30785364,-0.899729554,0.095805918,-0.94505556,-0.255601976,-0.090655215,-0.794054372,-0.554712636,0.248512242,-0.728044143,0.096436069,-0.297333949,-0.10653911,0.644846122,-0.82400713,-0.303694449,0.249095901,-0.231895085,-0.802913915,-0.290429694,-0.353700213,-0.236199375,-0.802832718,-0.705290588,-0.299504583,-0.84777738,0.653765673,0.460856348,-0.110433219,0.399231215,-0.540127967,-0.344284298,0.478390817,-0.426073879,-0.720923357,-0.634882337,0.121817547,0.030787278,-0.717474217,-0.197904085,-0.349824261,-0.733535445,-0.135872835,-0.365084886,-0.723277337,-0.919085129,-0.963383837,-0.73879584,0.745788617,0.162956416,0.399005009,0.057367173,0.128039046,1.258078514,0.12739454,-0.023979824,-0.407557237,-0.490050044,0.133667991,-0.488505781,-0.133196149,-0.077983269,-0.447033752,0.161651101,-0.629553908,-0.546431464,-0.240555212,-0.377736472,-0.099737605,-0.370525058,0.025736451
69.25,69.5,69.75,A,10,1.520025998,-0.211122648,-0.729502635,-0.472920532,0.385680316,-0.753869318,1.181845664,-0.994733234,1.479334973,-0.914094792,-0.386444775,-0.713901774,-0.352092735,-0.725644863,0.641656275,-0.508572784,-0.484427805,-0.297998222,0.186770435,-0.994010632,2.227705366,-0.43434844,0.937155362,-0.602754438,-0.560580516,0.454761589,0.615268115,0.80330861,0.191247828,0.732224387,0.60872181,0.38746685,-0.604840826,-0.942080506,0.113428507,-0.660850577,-0.365088123,-0.37102675,0.84233076,3.880978937,-0.417142228,-0.35683175,0.108551854,-0.756503773,-0.75676754,-0.799604391,-0.700752014,-0.393504281,-0.830285231,-0.570509544,0.724229599,2.695339057,-0.902808281,-0.19440554,2.165987748,-0.467953048,0.569056381,0.183943511,0.848507306,-0.386882123,-0.613504224,-0.70959797,-0.998586903,-0.472261653,1.244022887,3.455554998,-0.384835172,-0.956147063,0.389428489,0.328514828,0.957126404,0.346658231,-0.436275031,-0.880175332,-0.555582578,-0.774707603,0.471779519,-0.78420307,1.378996857,0.149615624,0.245758736,0.973728435,-0.870999312,-0.651121584,-0.193306527,-0.704661243,0.560713446,0.779128027,1.903010168,-0.893726611,-0.795397896,-0.11904504,2.267908656,-1.007833333,0.106351751,0.075271822,0.613493526,0.93885877,-0.704422114,0.075989187,0.123989767,-0.773034754,-0.817705453,2.033747924,0.325754602,0.176743444,0.710447345,-0.32821001,0.130598648,-0.921345397,0.01674376,1.422852839,-0.259107386,2.32559358,-0.980397703,2.02846785,0.592757465,-0.503627968,-0.071207487,0.638405214,-0.644111827,0.325726779,0.293314695,-0.459782197,-0.52110145,1.211459129,0.104755443,-0.520094153,0.94193542,-0.502656225,0.176556277,-0.45323009,-0.450624798,0.011438726,-0.349003002,0.221533393,0.203554122,-0.085874791,-0.471416556,1.504666486,0.013106784,-0.722263303,-0.634810274,-0.567908167,-0.325344429,-0.176061401,-0.733347942,-0.629301429,-0.599081678,-0.815052322,-0.65675463,-0.036996716,0.336968618,-0.171775111,0.142969161,-0.44924873,-0.768388746,-0.610297504,-0.070313971,0.886745286,0.049064379,-0.363466688,0.436398786,0.288904008,-0.54733489,0.523501461,0.128258822,-0.012676698,0.114852354,0.145117533,0.066098612,0.521048016,0.022944561,0.030759977,-0.519006416,-0.139709234
69.5,69.75,70,A,10,-0.268038648,-0.860241239,-0.38416603,0.823576918,-0.195909035,-0.656243954,-0.838887344,0.547621264,1.55108944,0.088100376,-0.825997939,1.021748315,0.652631889,-0.364458991,-0.700371465,-0.208215751,0.185191388,1.316543221,0.001129778,0.313255804,-0.719396831,-0.734400792,-0.723180153,-0.326748425,-0.814216954,-0.445910021,2.221912738,-0.531878985,-0.90018544,-0.566993338,-0.077031311,-0.848793649,-0.909758838,2.831830247,-0.191612459,-0.855958829,0.575936904,-0.145432102,-0.324086373,-0.544251866,-0.875473459,-0.611088409,-0.000544498,1.571120131,-0.845048572,-0.991725448,-0.4461946,-0.071208781,-0.156090356,-0.100893956,-0.320009566,-0.978618646,1.307916287,0.607237308,-0.086560471,0.028676618,-0.661261137,1.824877683,-0.352818897,-0.481279794,0.7153883,3.539458489,-0.583365171,-0.838665572,7.446702141,-0.73126136,-0.767379047,-1.013825952,-0.425969456,-0.960393462,0.506734555,0.158194447,1.464082134,-0.550541308,-0.397052655,-0.971623474,0.12276126,0.004558467,-0.531904926,1.020297355,-0.04194021,-0.543539524,0.003944507,1.443648894,0.365835247,2.077608953,0.286005269,-0.673970154,0.014771028,0.036242684,-0.789633993,-0.222920714,-0.739930178,-0.860850602,1.083270359,-0.554629416,-0.68539201,-0.914027087,0.557968098,-0.978691592,-0.40393412,1.161440775,-0.522596752,0.313598034,-0.279089037,0.656858344,0.09555101,-0.995538423,1.303325365,0.872508619,-0.481647599,-0.116955597,0.737016294,-0.579575903,-0.19733641,1.085105287,-0.145135364,-0.467159271,-0.525990407,0.683860407,-0.818674434,1.788354114,-0.591303556,-0.864666757,2.033475566,-0.900643257,-0.929799474,2.15650733,1.280588782,1.460835896,1.692791954,-0.017749877,-0.241285915,0.687200401,-0.75114798,-0.912001385,0.951137819,-0.672826071,0.68186143,1.376514613,-0.103407488,1.122579493,0.151307436,-0.237359257,0.262954772,1.020936303,-0.8544263,0.403884331,0.164659639,-0.666727991,-0.376159245,-0.380013061,-0.253357322,0.49909975,1.354914562,0.383471371,-0.846142919,1.538381414,3.247516561,2.142352356,-0.019309825,0.139145625,-0.35409982,-0.048915828,-0.252714795,0.088815939,0.638068891,0.082550586,0.29686067,-0.410483713,0.220212381,-0.000781856,0.461467421,0.279449499,0.126440094,0.731006347
69.75,70,70.25,A,10,-0.232823875,0.714214806,-0.299420168,-0.734347225,-0.654110008,-0.025708651,0.013859612,0.340759517,-0.475928252,-0.478201658,-0.952607116,-0.528468768,-0.077219245,-0.518735763,0.759823461,0.995070399,-0.674484585,-0.693589135,-0.41054787,-0.723611805,-0.765809864,0.615819271,-0.553972574,-0.639834466,-0.5276433,-0.541282355,-0.722240859,-0.608253607,-0.43922836,-0.532577492,-0.649046688,-0.158169377,-0.575331924,-0.217665905,-0.641735769,-0.747371345,0.150417546,0.293770756,-0.163551455,-0.825402326,-0.981377012,0.179584307,0.958846968,-0.75109681,-0.727816187,-0.778216064,-0.404320968,-0.884700167,-0.723021017,-0.608114121,-0.783576298,-0.835863314,0.107055141,-0.633859,0.260048924,1.038508238,-0.384727993,0.868605726,-0.956936045,-0.573653562,-0.165457332,0.004042181,-0.732049297,2.308399525,1.167675126,-1.020287758,1.792968623,1.281291682,-0.477267945,0.371834889,-0.118824043,1.976507473,-0.66577186,-0.117395486,-0.754192311,-0.891596647,-0.843008396,-0.176581272,0.159609184,0.350957424,1.081189269,0.50322157,0.159060149,0.909675167,-0.715546045,-0.93529057,-0.498722968,-0.018009853,-0.82100759,0.276411011,-0.35050202,-0.743675334,-0.624628499,-0.076222405,-0.842043,-0.783746906,0.400597647,-0.920617206,0.603492333,0.488781794,-0.591984432,-1.119457183,-0.650978057,-0.3562231,-0.844169974,-0.995077589,0.775054498,0.028262806,-0.624115985,-0.905548839,-0.113683042,-0.729518928,0.760290048,-0.761288677,-0.061350267,-0.802373781,0.117979173,-0.866090235,-0.14637809,0.51259449,0.188944759,1.763636199,0.921543566,-0.247730164,-0.543552204,0.883330844,-0.592686959,-0.817647328,2.121612751,-0.46601104,-0.766444026,-0.750809722,-0.92300968,-0.68562848,-0.747355464,-0.091953592,-0.690472086,-0.681961073,-0.528184236,-0.598640033,-0.887106118,0.407860018,-0.954563133,-0.319267098,-0.549986579,-0.573961079,-0.821445621,0.383489993,-0.725460319,-0.578928106,-0.589020364,-0.678349875,-0.852674679,-0.133941183,-0.721280861,0.296980915,-0.469019942,-1.125915016,-0.019248923,0.042959041,-0.18317059,-0.282437043,-0.471502361,-0.353408648,-0.472023107,-0.189439818,0.45311497,-0.108029593,-0.005901986,-0.28485636,-0.528423786,-0.208981931,0.321144042,-0.646445839,-0.461936804,-0.424951089
70,70.25,70.5,A,10,-0.492165969,0.558907204,-0.289738027,-0.689109986,-0.346570953,-0.328797506,-0.152824458,-0.710533682,-0.584296935,-0.307127346,0.531696957,-0.597630395,-0.083386908,-0.752066231,-0.501893732,-0.769983721,-0.206010764,-0.253448026,1.550986974,-0.728325184,-0.787666392,0.489203398,-0.746103889,0.202190725,-0.488424398,1.002332901,-0.413081086,0.038956573,-0.513478941,0.25688315,-0.639438384,-0.729643251,-0.357886941,-0.299335925,-0.722298154,-0.705118996,-0.76226484,0.679229647,-0.814238011,-0.791770957,-0.802339815,-0.824342738,-0.815284576,-0.825429296,-0.705086537,-0.838120309,-0.731051122,0.044845556,-0.167039346,-0.449079938,0.953400712,-0.727301552,-1.007251621,-0.82560131,0.943492366,-0.404899636,-0.624470545,2.15122722,0.169463716,-0.888914704,-0.814321195,1.352400974,-0.578730634,-0.320734634,1.607203516,-0.024240986,-0.341872064,-0.008979384,2.153574762,-0.010166116,-0.481755332,-1.003924072,-0.639676158,-0.276522535,-0.388193095,0.034783009,-0.371702134,-0.58917981,-0.211014329,0.616690739,-0.400793946,-0.833240102,-0.91861901,-0.729414754,-0.987710455,-0.163263422,-0.296565893,-0.96464597,-0.705969986,2.424968297,-0.887242395,-0.896091554,0.249012523,0.678971436,0.137052281,-0.334606358,-0.127477631,-0.802068058,-0.570387296,-0.071379984,-0.353603128,-0.457695946,-0.011037767,-0.561905962,1.371612401,0.100343587,-0.804679886,-0.618090449,-0.80479152,1.077003714,-0.095878928,0.692601402,-0.435132381,-0.280189151,-0.917141391,-0.238229252,-0.116386417,-0.874341977,0.962137858,0.878762717,-0.73759962,-0.958455694,-0.079789699,0.486158929,-0.451467767,-0.263751789,-0.687956287,-0.834317517,-0.193762898,-0.308690096,-0.352746939,-0.211064802,-0.369975654,0.22349348,0.052810441,0.488032934,0.538703299,-0.724470858,-0.6676594,-0.539734359,-0.163247524,-0.509755937,-0.522349133,1.214113292,-0.632211751,-0.355702324,0.046614639,-0.489179724,-0.518134512,0.209918109,-0.870777647,-0.041976,-0.444096562,-0.755384382,-0.849915408,-0.550947394,-0.050261653,-0.395413796,0.539813426,-0.007090775,-0.334225766,-0.181006103,-0.095918796,-0.514276581,-0.611292812,-0.026085535,0.301413424,-0.331049372,-0.357525524,-0.262421704,-0.106284496,-0.042379752,-0.402963244,-0.156261186,-0.171993487,-0.342605019
70.25,70.5,70.75,A,10,-0.568336924,-0.543433671,-0.050845375,-0.000457435,-0.324953405,-0.40070628,-0.987270297,-0.553846153,-0.904864313,-0.788215953,0.369372779,-0.64618997,-0.564516714,-0.94930929,-0.364363393,-0.840503873,0.619683047,-0.552152383,-0.515225054,-0.577018995,-0.687656342,-0.742994158,-0.750164842,-0.480723471,-0.962083068,-0.477588552,-0.166174353,0.03158226,-0.336478996,-0.46686076,-0.061141679,-0.585442891,-0.778451409,-0.793844588,-0.735042459,-0.848628367,-0.750046347,-0.945984396,-0.871086518,-0.893153797,-0.798873936,-0.489697957,-0.591363607,-0.911948962,-0.542022586,-0.387741322,-0.990467937,-0.384768637,-1.013944154,-0.718730802,-0.412662994,-0.981815333,-1.072557507,-1.040349732,-0.514001674,-0.616077431,-0.677211899,-0.299863495,-1.028840241,-0.418801399,-0.323817488,-0.947283731,-0.782573458,-0.924520488,-0.820507456,-0.750096594,-0.748059595,0.253921554,0.204919163,-0.823258274,-0.01303447,-0.795189814,-0.649479647,-1.012684526,0.144186614,0.153224756,-0.983131927,-0.433680394,-0.472390681,-0.237395421,-1.042904634,-0.863304025,-0.883688488,-0.916388595,-0.652969345,-0.17900035,-0.740847805,-0.663373755,-0.775495197,-0.944583624,-0.52252877,-0.15736041,-0.800735595,-0.341902638,0.405674436,-0.282477025,-0.597947317,-1.171621057,0.251692822,-0.762326447,-0.303594548,0.062614541,0.218082827,-0.40438258,-0.661036126,-0.612553862,-0.925950968,-0.296896821,-0.775109019,-0.037619784,-0.692925166,0.01855152,-0.966951551,-0.493492029,-0.517491286,-0.336319395,-0.333647286,-0.269984085,-0.403311815,-1.064357107,-0.993392907,0.076263212,-0.866714038,-0.837499919,-0.820353552,-0.539836018,-0.383209362,-0.951770472,-0.431563252,-0.791870681,-0.969636725,-0.740165817,-0.900094735,-0.376183897,-0.765282094,-0.50912208,-0.723633384,-0.250349474,-0.988680924,-0.354191109,-0.464350121,0.351117645,-0.00383118,-0.651194692,0.206125925,0.678338531,-0.639755518,-0.723463116,-0.703687576,-0.942597553,-0.511930159,-0.661140289,-0.979484208,-0.738249272,0.223540012,-0.526017664,-0.786271329,-0.924585625,-0.936772839,-0.586852018,-0.51229298,-0.402022385,-0.503914228,-0.726282245,-0.68295599,-0.706218171,-0.566127637,-0.429957551,-0.766255582,-0.3979532,-0.373644634,-0.50599282,-0.653994699,-0.657734024,-0.289329765,-0.642776339
70.5,70.75,71,A,10,-0.501112495,-0.224090242,0.013508001,-0.249696357,-0.252213086,0.146125267,-0.371824673,-0.865152891,-0.423004984,-0.877360586,0.137030924,-0.363100721,-0.777532709,0.013306032,0.241936206,0.131876619,0.785272758,-0.693857529,-0.265563892,-1.014263209,0.509434786,-0.557277234,-0.176820609,-0.646254239,-0.563880562,-0.329485809,-0.621673548,-0.639734556,-0.84451616,-0.219590393,-0.396861074,0.531602314,2.530414427,0.923720131,-0.576741806,-1.006127853,-0.871107113,0.082721684,-0.099558684,1.523073256,-0.821489645,-0.673623169,-0.947079569,-0.074026544,0.907624039,-0.15766609,-0.884450232,-0.421282698,0.523577274,0.725900063,-0.558746462,-0.834279606,-0.518535378,0.211899862,-0.60552064,-0.729790166,-0.242322072,-0.544947665,-0.709169989,0.474959382,-0.075368223,-0.426236497,-0.835388869,1.030552638,0.375724398,-0.133492421,0.398782175,-0.835196687,-0.836183489,0.584071835,2.075962742,-0.304807186,-0.423692074,-0.167900882,-0.658383855,-0.426545166,-0.871658297,2.757619084,-0.639371256,-0.734872791,1.064744204,0.23833891,0.25401482,0.096405415,-0.741176842,0.146917756,1.163915439,0.983766108,0.182272708,-0.908756175,-0.909325203,-0.710152566,0.308030352,0.243902736,-0.540360278,-0.973940722,0.16927196,0.230383762,-0.703003528,-0.151700153,-0.787225749,0.821070118,0.082673281,0.053594917,-0.708540548,-0.647832879,-0.457984202,-0.751904659,0.300863891,-0.773405906,-0.540490893,-0.835583129,-0.267475676,-0.472464342,1.828807744,-0.67039389,0.088644037,0.413259169,-0.070538515,-0.13281452,-0.73720142,0.879936383,-0.423212319,-0.944959487,-0.014463094,0.601478058,-0.722315108,0.019874073,-0.956190753,0.610949792,-0.440598869,0.945855529,1.313954201,-0.85051757,-0.815144254,-0.047300964,0.888741313,-0.428731052,-0.682801653,-0.826925486,0.493408114,1.082436016,-0.629012131,-0.393250449,-0.532058089,0.085516771,-0.424672324,-0.299709299,0.524025606,-0.271252985,-0.01533429,-0.350568305,-1.053381442,-0.478575933,-0.007428675,2.256554049,0.87926967,-1.00132189,-0.828466831,-0.0773369,-0.360482205,-0.180489552,-0.408979833,0.264113528,-0.182251657,-0.405645274,-0.075273514,0.060635032,0.248044234,-0.303689364,-0.286869173,-0.065905001,-0.168610387,-0.09434688,-0.036456877,-0.067659055
70.75,71,71.25,A,10,-0.52496552,-0.503651554,-0.678172527,-0.819872061,0.863754236,-0.199877795,-0.842227344,1.391852048,0.322414705,-0.586317364,-0.802787203,1.809557621,-0.684475411,-0.994124937,1.1709247,-0.505542535,0.039170169,-0.497056296,3.364260447,0.38900229,-0.975144895,0.77390324,0.241030951,-0.725166321,0.246997116,-0.671441813,-0.806522431,-0.821426411,-0.149041481,1.791934612,-0.844586122,-0.45518931,-0.83762691,-0.649468255,-0.154426639,0.246665003,-0.586496846,-0.097889308,-0.385674519,-0.969323871,-0.28847778,-0.915663331,-0.197746607,-0.422353449,0.54291014,0.247599123,-0.320741006,-0.941000016,0.369678665,-0.695944764,0.550362036,0.92757982,-0.603134915,-0.012526087,-0.001204051,-0.803279512,0.13255705,0.047204597,-0.458247839,-0.784582027,0.12853033,0.15990768,-1.016101085,0.053887913,-0.78628059,1.134567336,-0.345481971,-0.201558322,0.04409902,0.135081839,0.17419497,-0.571311396,0.580186676,-0.592855627,-0.038323812,-0.164203757,-0.329456837,1.64057221,1.428255995,-0.592768066,-0.791861658,-0.276525263,0.330548059,-0.553640142,-0.64103848,-0.465781935,-0.848133288,0.058518121,-0.299239078,-0.575388648,-0.792713334,-0.674542722,-0.549551385,-0.992978166,0.117472839,-0.965543503,-0.628768016,-0.582251217,-1.047172047,0.949427766,-0.72361353,-0.149507561,-0.849806775,-1.031259209,-0.880183006,0.476923853,-0.442903429,0.329261143,-0.984694501,-0.165463611,-0.30125686,-0.956718403,-0.956879806,0.230370184,-0.430719221,-0.850244807,-0.760297386,0.736183954,-0.875993604,3.126445534,-0.915443103,-0.217509269,1.560031174,0.416000088,-0.28372203,0.337827358,-0.756912207,0.013975794,-0.291754928,0.230436342,-0.285671863,-0.700677706,-0.9473422,-0.84118263,-0.7792824,-0.002476578,-0.825205815,-0.979413422,-0.713089583,-0.744793029,-0.767523505,0.782309377,-1.109976222,-0.55308682,-0.787425626,-0.476684334,0.94770021,-0.295052695,0.954787422,-0.598269354,0.328906593,-0.710872843,0.80343157,-0.752119314,-0.555267632,-0.720645204,-1.006178606,-1.05624473,-0.652020824,-0.743385271,-0.157706318,0.328892884,-0.109487743,-0.473401678,-0.262173902,-0.100527093,-0.069334785,0.153429036,-0.406254231,-0.516661979,-0.442124663,-0.103911042,0.009292922,-0.681913523,-0.190322155,-0.506439626
71,71.25,71.5,A,10,-0.350383406,-0.32437791,-0.059250343,-0.478135044,-0.810836078,-0.829996271,-0.482497953,-0.012815598,1.534716867,0.006030637,-0.245340366,-0.541018589,-0.728169118,-0.704482194,-0.617357013,-0.332486637,-0.243018127,-0.564054328,-0.61330974,-0.768525378,-0.155620604,-0.631748891,-0.648282993,-0.207023699,-0.224918233,-0.582493391,-0.449484849,1.227163097,-0.619898242,-0.784179542,-0.990186129,-0.655752944,-0.558104476,-1.024439605,1.305771654,4.981293762,2.383568713,-0.717166061,0.36813863,-0.502659754,0.52548148,-0.828601709,-0.717199047,-0.549025684,-0.263913958,0.033174198,1.058624434,-0.467811111,-0.96672468,-0.477639933,-0.105138947,0.645949162,0.797982876,-0.6118128,-0.712177401,-0.586550257,0.027690259,-0.735347126,-0.2781942,0.37526144,-0.925927338,-0.942708207,-0.524857765,-0.368397184,-0.622666725,-0.778228089,-0.954243683,-0.90510584,-0.512412265,-0.984758585,-0.993979014,-0.707143966,-0.748627858,0.177748658,-0.31647706,-0.541353781,1.838117005,0.612120452,-0.352466721,-0.086940826,-0.781565837,-0.237532793,-0.908963615,-0.723016927,-0.67140609,2.058161637,-0.188012949,-0.460395544,-0.735899706,-0.678873654,0.728546292,-0.299519869,0.70649674,-0.456319643,-0.993938674,-0.540285589,-0.538610685,-1.04385747,1.968940839,0.157901915,-0.589807561,-0.060637395,-0.567200406,0.395199831,-0.266987382,-0.801617455,-0.794283872,0.565841355,0.063944805,-0.48647469,1.296400645,0.092234998,-0.885023687,-0.201748729,0.947251398,-0.762013886,-0.570778975,-0.200535015,-0.794251821,-0.688220232,-0.673371239,-0.579798592,-0.724171347,-0.726061362,-0.854474932,-0.28038217,-0.160643386,-0.418277744,-0.506098498,-0.115611073,-0.306782082,-0.227287062,0.959619498,-0.658249491,-0.564662258,-1.07556744,-0.802094851,-0.366231454,1.295020306,-0.499380292,0.58487944,-0.299215691,0.939541268,0.055997971,0.902502599,-0.186040615,2.26757545,-0.223322205,0.671848346,-0.779674276,-0.416246119,0.130643139,-0.795120936,-0.530430831,1.409278352,1.441324014,0.327278552,-0.861114984,0.57823243,-0.185771077,-0.18075451,-0.535776149,-0.307648735,0.459046379,-0.265363601,-0.118233699,-0.751930568,-0.111900311,-0.332750548,-0.031064614,-0.254202277,-0.17666853,-0.503889034,-0.224561513,0.393409229,0.109807254
71.25,71.5,71.75,A,10,-0.563691506,-1.036703645,0.114852633,0.851240505,-0.639151676,-0.599128973,-0.705585789,0.47811728,-0.907558839,-0.581022644,-0.018889229,-0.256409049,-0.613777691,-0.705587769,-0.794053862,-0.540446398,0.887858169,-0.78959279,2.48006418,-1.048912853,-0.473291659,0.521917788,-0.40781332,-0.578014818,1.077453306,-0.721348625,0.324737588,0.603398095,-0.570300906,-0.286537954,-0.459498093,0.009182666,-0.894041419,0.938256925,-0.764278279,-0.174164258,0.460877342,-0.356144701,0.591990044,-0.693632755,-0.673834681,2.186389963,-0.595409809,-0.996247271,1.286090712,-0.121911072,-0.10903528,0.080297144,-0.238259025,-1.006716017,-0.492124608,1.240316324,1.662468064,0.253100621,-0.885758303,-0.155166597,-0.001285963,-0.327936966,-0.047103161,-0.742991879,-0.540303957,-0.563348655,-0.96161327,-0.82529857,-0.107806072,1.581036751,-0.283804606,-0.890427677,-0.277962627,-0.732656087,-0.701510118,-0.374453163,-0.316078253,1.118873291,0.113317498,-0.638208755,-0.542768524,-0.062961983,0.312445509,-0.208046575,5.277397538,-0.519100079,1.060876735,-0.317969918,-0.233136505,-0.993149106,-0.223084737,-0.808794739,-0.556582964,-0.204851185,0.755176185,-0.617343967,-0.535729453,4.147798297,0.015045276,-0.581889986,0.367791,-0.636525092,1.660721003,1.373284283,-0.25273005,-0.140063767,0.356111327,-0.843385798,-0.906304378,0.36641933,-0.445036877,-0.699155886,-0.158428122,-0.073243203,-0.179431709,-0.23028647,5.047633467,-0.185033938,-1.0640569,0.805589691,2.061764222,-0.551792157,-0.654323741,-0.210324925,0.175813017,-0.792512144,-0.338919078,0.224881882,-0.141639376,-0.730397189,0.354812926,-0.344738011,-0.762859304,-0.249181156,0.331488286,0.189911269,-0.513554682,0.39648602,-0.394004133,0.548746022,0.317962596,0.061853725,0.204079952,0.426497285,0.402497282,-0.815970024,-0.938992804,-0.806264344,0.534573571,-0.054387993,-0.427980903,-0.639720715,1.160974145,1.524761713,-0.923944692,-0.883981339,-0.30665365,-0.737745301,0.505141322,-0.722431426,-0.729085557,0.942228781,-0.414485492,-0.558055779,-0.358863266,-0.139974729,-0.050980051,-0.134145253,-0.018863534,0.050351753,-0.360218477,-0.129939107,0.248160504,0.594832755,-0.279581742,0.483973754,-0.260473843,0.156946634,-0.006051007,-0.382901313
71.5,71.75,72,A,10,-0.392971564,-1.021404234,-0.808742551,-0.27458809,-0.77575532,-0.228540051,-0.00024269,0.242769714,-0.84899888,-0.719874343,1.729707288,-0.596245795,-0.247048651,0.638746454,-0.695973379,0.462215532,-0.228503263,-0.700477902,0.218380117,-0.26413343,-0.003511294,0.033972455,0.488334418,-0.716894394,-0.547403627,0.00245204,-0.224934437,-0.105503566,0.653451855,-0.656512961,3.073483896,-0.626998652,0.509333668,-0.435455425,2.433388307,-0.936460314,0.233188786,-0.364999097,-0.730356516,-0.405782981,2.05642161,0.692684685,1.07568509,-0.525032743,1.514665771,1.186784811,0.954422738,-0.917653355,-0.440014457,0.410078739,0.553912344,-0.096870422,1.700046893,0.062206389,-0.604301097,0.575527668,2.391069128,-0.832588093,-0.480130048,0.339382858,-0.306886078,-0.5733833,-0.342881869,-0.846871737,-0.725174763,-0.696036616,1.121475203,-0.701370776,-0.743696042,-0.880701413,-1.033531788,-0.505498803,1.205507681,-0.140442428,-0.662959745,0.083293998,-0.475684867,0.478932784,-0.152344305,0.367078415,-0.571522813,0.82287749,0.525972571,-0.363806311,0.334891513,3.261738408,0.775411288,0.759189885,1.322346493,-0.551229048,-0.161422994,0.54078319,0.147884293,0.119991416,-0.676904102,0.883473431,-0.136547197,-0.558967783,-0.128622821,-0.652432201,1.647057625,2.127612243,-0.173015844,-0.735190022,-0.355935971,0.240151741,1.00422672,-0.79346281,-0.128362028,0.580315974,0.383316414,-0.727989986,-0.050927202,-0.74077232,-0.954253353,-0.483823267,-1.031181226,-0.594784297,-0.754219736,-0.605376081,-0.258766866,0.317995517,-0.650818318,-0.286155246,-0.580058978,1.397689376,-0.033005636,0.015048858,-0.973293049,0.585869364,0.013631933,-0.239879618,0.397141582,8.008999051,2.264434683,0.289425088,0.976901215,-0.709673283,-0.651499196,-0.514999118,0.022641627,-0.596747956,-1.003473315,1.597214263,0.664551198,-0.457948377,-0.118477673,-0.56335321,-0.404733908,-0.841502172,-0.715294353,-0.745711749,0.733039545,-0.239701511,-0.513599361,-0.850504019,0.225924814,-0.804757598,0.281859748,0.249754293,-0.482834801,0.031666697,-0.107654951,0.274934167,0.600804289,0.360825562,-0.469552739,-0.083564906,0.631586948,-0.062276477,0.341339763,-0.556001105,-0.046549498,0.983448234,-0.170182952,-0.237899019
71.75,72,72.25,A,10,0.067341281,0.532498537,0.029539759,2.843077655,0.790394984,-0.686948824,-0.44994598,-0.684654563,-0.041715015,0.290135958,2.179785569,0.974941147,-0.303713081,-0.091375204,0.071223346,-0.778418828,-0.341102342,-0.323594753,-0.665673498,0.126925231,-0.571573147,-0.09760856,0.105218051,0.293339967,-0.249718588,1.273689752,-0.700211057,0.153801582,-0.33042816,-0.741024099,0.096560243,-0.760779811,-0.867793562,-0.7545716,-0.21954955,-0.439224774,-0.301437643,-0.614599324,1.454532322,-0.353687247,-0.576284448,-0.766428012,-0.145222885,-0.943112462,-0.737093575,-0.434660523,-0.863306596,-0.264986316,0.227721936,-0.755736082,0.038580307,-0.160984314,-0.847673633,-0.772242885,-0.290023332,0.085380651,-0.86539112,-1.017274794,-0.57436874,0.552348821,-1.016602125,-0.767808216,-0.838252294,-0.358098603,-0.568367898,-0.035311029,-0.927054384,-0.112660972,-0.915731841,-0.593095556,-1.013466829,-0.669884689,-0.563544692,-0.137536618,-0.362795633,-0.908863674,-0.945624483,-0.572756731,-0.510734564,-0.568731756,-0.035106125,-0.645541241,-0.88603171,-0.199293228,-0.569327409,1.988755404,-0.644529715,-0.616330547,0.091692057,-0.707204005,-0.747785681,-0.355158286,0.381546704,1.639154322,0.567190355,-0.600708099,1.547766612,-0.815904304,-0.864011384,-0.396091378,1.525320188,-0.705566231,0.176607841,-0.148369998,-0.467716055,0.203202084,-0.109280601,-0.666713318,0.758249406,-0.819017012,0.315852857,-0.385039131,-0.298536297,0.013920317,-0.862829543,-0.97628611,-0.731197339,0.018131645,-0.573107193,-0.939749815,-0.393978748,-0.641929489,-0.343430486,-0.878878271,-0.874778321,-0.571584623,-0.418998866,1.795261784,0.29383994,-0.531060562,-0.424342935,-0.841344881,-0.482321855,2.534555058,-0.705646565,-0.699940866,-0.865713378,-0.493405472,0.015306921,-0.10737553,-0.412833091,-0.729144379,-0.348830958,1.358848377,0.353425337,0.5847299,-0.379913203,-0.083222981,-0.720395302,-0.549796098,1.829770179,1.51199088,0.133057464,-0.736443978,-0.629486037,-0.224054393,0.355871946,-0.627389315,-0.268091613,-0.387260373,0.268972379,0.084899759,-0.086451426,-0.276055095,-0.525910896,-0.385164904,-0.613298292,-0.625393967,-0.222291652,0.035599886,-0.02532837,-0.441884061,-0.256553764,-0.20702295,-0.09271324,0.095796476
72,72.25,72.5,A,10,-0.109005556,-0.728317322,-0.285644332,-0.843226506,-0.758044735,-0.63938524,0.820307629,-0.905010285,0.453723882,-0.899111483,-0.704045582,-0.76808752,0.559185702,-0.845098127,-0.339604615,-0.603112158,-1.013206128,-0.779029163,-0.851387558,-0.854094541,-0.465610164,0.965521048,0.129741062,-0.360674579,0.855735607,-0.69206438,0.313470468,0.171663501,0.255772399,-0.942482965,-0.790215981,-0.468250956,-0.892807585,-0.837142809,-0.779708502,-0.939171876,-0.757055509,-0.449910927,-1.012450747,-0.143774909,-0.768553973,0.269881012,0.723922992,0.607552587,-0.657513078,-0.339854298,-0.838877891,0.241206622,-0.369271066,0.003865956,-0.847259037,0.049532897,-0.613579487,0.547661271,-0.311505009,0.436684443,-0.837424423,-0.643005866,-0.814985746,-0.788916349,0.206494017,0.804522489,-0.925164341,-0.58691707,-0.112631035,-0.655870595,-0.248890172,-0.818224133,-0.683445024,-0.812800198,0.504540705,1.089826119,-0.696370004,-0.899817408,-0.153523094,-0.934978173,-0.958054371,-0.586670268,-0.73570069,-0.555940857,1.962225222,-1.006778448,-0.877131784,-0.53778116,-0.609115705,-0.348643135,-0.64954362,-0.789854381,-0.845502506,-0.354887934,-0.713698779,-0.798360438,0.073041275,-0.170732078,-0.02991586,-0.678711241,0.65805869,0.437459476,-0.80424828,-0.578613291,-0.288174235,0.36140277,-0.47531159,0.160735491,-0.826480789,-0.856065543,0.599314337,-0.764189818,4.852453358,-0.825194624,0.093166519,0.124953279,0.438433565,0.681675667,0.496370384,-0.688904437,1.348814747,-0.747055837,-0.744042078,-0.665482342,-0.472492904,-0.716070144,0.511942539,-0.453938523,-0.750131699,-0.118194537,-0.001466312,-0.191225151,-0.647194602,0.125130731,-0.056307149,-0.853451565,1.414476976,-0.857989922,-0.616659985,-0.953560106,-0.8863918,-0.770899838,0.859973631,0.523006875,0.401175237,-0.607135614,-0.007048419,-0.752056277,0.980956082,-0.186850135,-0.954109543,-0.279632189,0.10569623,-0.734718155,-0.622142336,-0.757848543,-0.371568772,-0.937536139,0.545982193,0.451529105,-0.893171475,1.768591931,3.122631481,-0.061214393,-0.389371395,-0.619847969,0.0231072,-0.70704898,-0.112764114,-0.382279731,-0.383292606,-0.392668804,-0.405701345,-0.260572053,0.193848936,0.033792947,-0.27136406,-0.219780288,-0.203372278,0.224525305
72.25,72.5,72.75,A,10,-0.252446719,-0.907211514,0.422744495,-0.865655379,1.836239298,1.270235155,-0.629836977,-0.128773505,1.628263273,0.375015756,-0.337710736,1.537759745,-0.60227147,-1.054908815,2.446980398,3.151780511,-0.816248428,-0.85207657,0.659689921,-0.994162894,1.321416802,1.251833194,-0.637678292,1.858580398,-0.925683222,-0.890983067,-0.15638088,-0.105097332,3.043215973,-0.580980952,-0.751394551,0.272893092,0.579394405,3.139682959,-0.466869743,-0.800884401,-0.315760535,-0.566733212,-0.367747682,-0.505481398,-0.534674673,-0.308923666,-0.160834106,1.993066709,-0.130954414,0.748674233,0.3879189,-1.097580975,0.565781828,-0.649087143,-0.018239844,3.22492355,-0.430096751,0.309107831,1.721429961,1.205556501,-0.78295574,0.057783765,-0.476097955,-0.899515711,-0.940635851,0.547523004,0.995783063,-0.757808545,-0.392268227,-0.470168116,-0.37531767,0.813200085,-0.826605769,-0.56311614,-0.562096456,-0.426801603,-0.632065476,0.646542242,-0.250051589,-0.305877557,0.653108801,-0.518095662,0.943232455,-0.908915434,0.23107089,-0.768001084,-0.463300627,1.183061682,0.65701405,0.024491062,-0.308314445,2.32118986,-0.770354343,1.729767504,-0.340669086,1.696102391,-0.606238951,1.41653935,-1.024764909,0.483641559,-0.694084413,-0.929379955,-0.597043798,-0.928111993,0.531137044,-0.681050585,-0.87144978,0.398434544,0.74159473,-0.908044357,0.674931956,0.687384773,-0.611792687,1.06683602,1.784548363,0.596753159,-0.536574176,-0.68086164,2.438734757,-0.253484419,0.443031136,-0.302198641,-0.250014707,0.278515929,0.141719442,-0.412851383,-1.001873986,0.193742922,-0.661445572,-0.493618051,0.798993758,-0.961107413,-0.464177238,0.181258249,-0.065960766,0.84192739,-0.489626119,-0.751874845,0.101222533,0.296793012,-0.329308654,0.786165108,-0.497771988,0.392392651,-0.354730153,-0.530113021,-0.549558686,-0.768919041,0.533153799,-0.746980952,1.018777506,0.708444765,-0.739057742,0.315388405,-0.714706808,-0.306155134,-0.531618078,-0.707334262,0.245085286,-0.872637721,-0.559213298,0.534997007,-0.80706191,1.852827095,0.274857388,0.313883166,0.417824262,0.021709893,0.081338669,0.391189561,-0.196941416,-0.136102028,0.383662455,-0.15240098,0.102798166,0.351844976,-0.267935927,0.028395832,-0.111359512,-0.186581782
72.5,72.75,73,A,10,0.724220786,1.685358946,-0.025842957,-0.460274909,0.007559664,5.287373523,5.300028271,0.32100553,0.183279355,-0.132526941,-0.240710371,1.15930023,1.124424013,-0.741910976,-0.159092472,0.907337241,0.632700681,-0.650783157,-0.605498177,1.525815925,-0.715166275,-0.121171001,0.084450569,-0.236231503,-0.865011201,0.388623303,-0.527114833,-0.432075374,0.290964549,-0.555441563,0.708299038,-0.723258833,1.176985995,-0.621652388,1.016468569,2.289639225,0.06240575,-0.734826232,0.775397506,-0.053804594,-0.301432005,-0.038529845,-0.163292479,-0.255429478,-0.010047442,0.896037794,-0.151389779,-0.573127744,2.061845999,-0.866962679,-0.461045585,-0.659392611,0.316180334,-0.097000383,0.366292973,2.580349447,-0.589581361,0.721604426,-0.164245203,3.081664513,1.96296305,0.677566596,0.039255118,0.096749762,-0.437925303,-0.503065343,0.626537625,-0.501203104,-0.669821662,0.826697711,-0.984789914,1.036568947,-0.964228914,-0.785966859,0.679059948,-0.464383601,-0.886012872,-0.824930265,2.328237173,-0.869928401,-0.855404039,1.81901556,-0.775796772,-0.695329775,-0.87348954,-0.040368754,1.509696114,0.333902458,0.603230109,2.361204312,-0.299029211,-0.451588095,-0.302050388,2.833327585,-0.816277503,0.861635175,0.760590196,-0.836165416,0.118353734,0.909929023,-0.626956488,-0.709336937,1.551247482,-0.344124435,-0.854914438,0.729927443,1.886086855,0.991448386,-0.342124977,0.414277633,0.418311597,-0.571595796,1.084308479,-0.561908328,0.019633216,2.208090865,-0.2379084,-0.355600006,0.195286659,-0.292683913,-0.000507539,0.031179009,-0.643790785,3.555125611,-0.736152469,-0.506535045,0.0277846,-0.591494503,-0.89611528,-0.810239905,4.492698351,0.04202942,-0.920996766,0.064509987,0.549964338,0.646047733,0.296162237,0.214635287,1.070885625,2.786536396,-0.435418902,-0.325055634,-1.043932404,-0.484785561,-0.468825226,-0.364349026,1.606257057,1.488288568,0.011047598,-0.702339614,0.267161963,-0.476012641,-0.882962785,1.014395529,-0.565080146,-0.830894108,-0.579778489,1.706759379,0.692973853,-0.486388523,1.289018127,0.295158294,-0.268817333,0.389565404,0.059767234,0.509482655,0.211775445,-0.173637476,0.338665967,0.27787251,0.269553052,0.190593437,-0.057074631,0.924247261,-0.071911314,-0.013982597
72.75,73,73.25,A,10,-0.318738849,0.113346415,0.019019006,-0.012783168,-0.78878634,-0.572950956,0.074736763,-0.269472584,0.339259653,-0.126648945,-0.497510255,-0.85298182,-0.502586897,-0.245990236,-0.765866767,2.061897719,-0.722956376,-0.328874752,-0.381010254,-0.934051985,0.360134861,-0.645347645,-0.810112093,-0.41068462,-0.846222181,-0.307544603,-0.677110005,-0.885384968,-0.272951491,-0.768929407,-0.973396742,0.057011366,1.099785638,0.067395167,-0.944604457,-0.628276539,-0.756477324,-0.819440603,-0.926042746,-1.021386008,-0.838772245,-0.889757216,-0.436987935,-0.809292038,-0.754703507,-0.670434091,-0.656295307,-0.128459992,-0.525558229,-0.54915256,-0.634945126,-0.219751998,0.197446449,-0.873762595,0.183849989,-0.398633858,-0.623449183,-0.272163412,-0.751529051,-0.287843225,0.521581025,1.162836019,-0.551822442,-0.013266138,-0.604470945,0.420709298,-0.54376959,-0.857574709,-0.885102145,-0.788613135,-0.820554573,-0.764765515,-0.431190093,-0.564996432,-0.581698509,-0.29166789,-0.806552376,0.158629201,0.207751,-0.218332184,-0.096246121,-0.742218739,0.33546977,-0.478009568,-0.207025286,0.665565544,-0.608890127,-0.481461319,-0.552599055,-0.01761365,-0.807888539,-0.645692882,0.261436584,-0.004013018,-0.634234705,-0.24817809,-0.137967477,-0.149496707,-0.523925164,-0.976685607,-0.847858817,-0.757167992,-0.001686846,-0.069054342,0.462140066,0.51123704,-0.773509885,-1.045557134,0.437946045,-0.976257182,-0.278848934,-0.389166085,-0.260214085,0.257989734,-0.026714664,-0.042284325,0.181941894,-0.026777171,-0.298803996,0.945719724,-0.443587141,-0.354716965,-0.846043185,-0.792735415,-0.626269755,-0.707458297,-0.730857849,-0.901770051,-0.934341572,-0.201220521,-1.015974371,-0.842710789,-0.820968828,-0.467906095,-0.650860808,-0.875325605,0.200469004,-0.494581777,0.588081882,0.063168334,-0.889231607,-0.859367385,-1.057942647,-0.633735746,-0.981684293,-0.091403205,-0.899222597,-0.414417651,0.591084505,-0.355763981,-0.08111713,-0.930201134,-0.371056189,-0.679007575,0.52207142,-0.994252627,-0.585530226,-0.462545769,-0.777748292,-0.537547331,-0.154301901,-0.316993162,-0.526415215,-0.484543225,-0.625941312,-0.368078201,-0.213949276,-0.411337737,-0.218302855,-0.386664561,-0.305976905,0.006284209,-0.653900075,-0.431660905,-0.559168461,-0.489693485
73,73.25,73.5,A,10,0.875625755,-0.593221106,-0.708257652,-0.776614838,0.106794905,-0.119216463,-0.223862434,0.360694706,3.001886777,0.016931632,-0.354771533,0.115856375,-0.388626969,0.550307631,0.678460029,-0.430552695,0.846781906,0.315750066,4.106095593,-1.148435832,0.552890661,0.348176421,-0.191759266,0.307479538,-0.441872332,-0.109243643,-0.727453716,-0.775275154,-0.024597386,-0.714458816,0.777047809,-0.804814452,2.505317786,0.539993107,0.470335528,-0.431377268,-0.663147688,3.337607867,4.768537721,1.866531128,-0.743455874,0.266603086,-0.460365889,0.451160886,-0.368585641,1.322318788,1.440495515,-0.674788716,-0.208989826,-0.280945221,-0.580375147,-0.700805486,0.405965113,-0.723311757,1.078669072,6.810022312,2.647006746,-0.658731573,1.188397284,2.335473906,2.539001806,2.032616512,0.310266655,0.999374663,-0.553333236,-0.387851203,0.592028629,-0.089741794,-0.003313183,-0.866561935,-0.924491198,-0.605788823,-0.708548205,-0.055696846,-0.573217145,2.026938595,-0.295262615,0.136424007,1.352009516,2.396026656,-0.938424429,-0.371582754,3.83561539,-0.111882789,-0.54018184,-0.807646256,2.699969367,-0.743117018,1.519341412,-0.248198859,0.124025583,-0.451009819,-0.919736282,-0.316107344,1.028589648,-0.601017037,-0.834212371,0.655984394,0.44706641,4.920964788,-0.358884583,1.860352723,-0.178056766,1.293828568,-0.351690633,0.925080405,-0.256578692,-0.354578877,-0.550689025,-0.671065041,1.549700211,-0.537664997,1.439773675,0.9483453,-0.176978898,-0.303295563,-0.514556975,0.742495861,-0.506560625,-1.06300726,1.918694467,1.090527206,-0.129567273,-0.755735759,-0.376018765,-0.560218801,-0.676304639,6.269247059,-0.33904282,0.216488053,1.265488068,-0.778690046,0.370384503,0.515635361,1.820711285,2.598517019,2.782745014,-0.905516165,-0.005298007,1.270477801,-0.330895223,1.470408725,0.237417371,-0.710210747,-0.420591256,-0.786218475,-0.574992477,-0.120712901,-0.550809318,0.388136845,-0.698578812,-0.447326818,4.340055846,-0.017120127,-0.572615881,-0.723600951,-0.604266987,-0.163365839,-0.793078523,0.232974551,0.194076128,0.429086457,-0.177611369,1.236603154,0.074344711,1.180231047,0.457248691,0.274839394,0.429389222,0.405454797,0.135771808,0.157825073,0.665806873,0.893445483,-0.139846745,0.055307646
73.25,73.5,73.75,A,10,-0.005761903,-0.552354903,0.548482126,-0.161254777,1.58978989,-0.180077862,3.842040204,-0.785873806,-0.172332679,0.412474722,0.222456624,-0.393294066,0.760374855,-1.071670044,3.773194488,3.795085658,-0.282972779,-0.466096127,0.748154116,-0.288289853,-0.126310642,-0.0300183,-0.600937401,0.593400673,1.310657493,-0.889901832,0.47807837,-0.835948017,1.025463916,-0.967819704,0.219756277,1.143284802,3.801179749,-0.637613357,0.007545959,1.107600876,0.101813865,1.429289652,-0.121779664,1.387875147,0.643157293,1.898176205,-0.212249744,-0.025549786,-0.736193134,-0.871867571,0.484300083,-0.768792296,-0.422950064,-0.898774275,-0.638116879,-0.899482975,1.113232244,-0.945803487,3.917414862,-0.060444922,0.05654015,-0.465095223,0.285885443,0.40385116,-0.986730742,-0.105668202,0.393564627,2.708278972,-0.834812683,-0.477648373,-0.361610616,-0.25325894,-0.687823896,-0.172539992,0.22690418,2.482507607,-0.541399351,-0.5370016,-0.444322482,-0.021243721,3.833258829,2.423148129,-0.109577475,-0.2540548,1.569440403,1.427508673,-0.828868489,0.904118516,-0.263319681,3.606220151,0.465768813,-0.761515426,1.083960429,1.585639032,7.865223659,-0.659468878,-0.61159854,0.815806845,0.443217438,0.435610897,0.182151334,0.935740384,-0.628978672,-0.350265682,0.353825426,0.91740513,-0.392781618,-0.649695246,-0.670881441,-0.322666301,-0.100013007,-0.587840275,-0.495898541,0.305633843,-0.713879261,0.306749,-0.552926911,2.080147494,-0.785619134,-0.384775898,0.297883022,0.118302923,2.878091237,-0.946174493,-0.163061837,-0.507748575,3.427393595,0.604778004,-0.665746369,1.35637437,-0.153501784,-0.462017282,0.961841593,4.315011286,1.881239949,7.874731159,2.418000688,1.492871703,-0.655702888,-0.490545868,-0.670304002,-0.514575145,0.9876991,-0.652117311,0.060305222,0.197962518,0.642232309,-0.78611932,-0.549383458,1.398205586,0.193638947,-0.536777313,1.60692876,4.286768947,2.124279437,1.351349082,1.996924277,-0.606040162,1.166516085,1.347311013,2.000987085,1.066549346,-0.328418409,-0.490795903,0.453513101,0.679694287,-0.004333544,0.84389533,-0.091074329,0.276798037,-0.077824985,0.705821931,0.878895242,0.842743879,-0.164291203,0.229779798,0.8713323,1.167129739,0.65137622,0.962866185
73.5,73.75,74,A,10,0.159156736,0.159868337,0.11207923,-0.632359384,0.235451635,1.076852824,-0.272368487,-0.939465413,-0.763961863,0.238594526,0.712190443,-0.706624102,-0.658873959,0.521693885,-0.194042387,0.726278713,1.205036776,1.190315936,-0.324013938,3.831662189,-0.143760098,-0.288141488,1.130088379,-0.169158363,1.015363142,0.508201525,-0.378986647,0.227508737,-0.169391352,1.851998928,-0.660212023,-0.085951715,-0.143778511,1.867219435,-0.254765045,0.055542853,-0.83377876,1.835771829,0.240154211,3.723736686,-0.574311846,-0.817725864,-0.516554776,-0.578097799,-0.851520418,-0.766283538,0.349156338,-0.911972195,3.936313335,-0.075422978,-0.795974317,0.743003356,0.553059667,0.925589586,0.278178125,0.844693225,1.988634303,-0.549849949,3.270645812,-0.465283503,0.155722799,-0.201106601,2.695953975,-0.125891717,1.374253269,-0.19445548,2.946383587,-0.839135766,0.119348319,1.152671995,-0.06710398,1.002208731,-0.361375097,-0.113058245,-0.157204681,5.513013215,-0.88577,-0.816792014,0.19276919,-0.345541167,1.174748122,-0.23000745,-0.477843047,0.50034684,0.863714074,-0.923813281,-0.540215538,-0.799876698,-0.891095785,-0.43941782,-0.412491582,-0.591540535,-0.683474016,0.066664926,3.156065306,-0.012135593,-0.815387155,-0.13422945,2.122910944,0.71263613,-0.398135838,2.346078051,0.157086239,-0.485449532,0.621216749,0.826837612,-0.108291847,-0.623512512,-0.787976606,-0.886076763,0.508955983,1.885824771,1.7081339,0.546833396,0.506685013,-0.846163454,-0.878272909,-0.665200224,0.269705204,-0.253019032,-0.891841176,-0.296754184,-0.292277366,-0.349124164,0.135728108,-0.96777178,0.189251952,2.564675721,1.055422761,-0.243596644,0.823371802,2.259145142,-0.689825725,-0.864875252,0.217147437,0.484348073,1.423208067,-0.215265284,-0.821716678,-0.860792307,0.727064153,-0.88687562,-0.232102996,-0.743461739,1.081625364,0.119579668,-0.793963038,0.125170267,-0.281328346,-0.847927053,-0.548941306,-0.072349967,2.429653278,0.412884368,0.236302457,1.687749162,-0.189619126,-0.249579454,-0.99411927,-0.786903646,-0.062615186,0.630362356,0.358372276,0.574393896,-0.080641974,0.67926963,0.708374438,0.396114595,-0.176346058,0.340901897,0.066177555,0.278348265,0.090371323,0.175474528,-0.173221934,0.19250765
73.75,74,74.25,A,10,-0.398430615,2.881425678,0.847813175,0.217489959,1.945566639,-0.779425734,0.012025799,0.209992386,-0.732862372,-0.616011005,-0.145755274,0.594567337,0.324312817,1.585371543,-0.168920417,-0.916167366,-0.430952576,0.028232034,-0.74001658,-0.196464257,2.410796607,1.644795282,-0.588003289,-0.480974398,0.042043687,0.080238022,1.137396081,3.695501799,0.426511979,0.046237725,0.098921547,-0.84644131,-0.928779918,0.114748533,-0.029088973,-0.239798417,-0.870940133,2.721590767,-0.471401376,-0.273972675,-0.685526433,1.513386718,0.221942185,-0.423208788,0.213495763,0.137038386,-0.022201977,-0.611365535,-0.616280481,-0.596974427,-0.392764239,-0.454746889,1.143460027,-0.944437952,-0.508008664,-0.474368124,-0.663568808,-0.987705984,-0.696103284,0.315014771,-0.040222447,2.639812958,0.19605952,-0.910753758,-0.865865398,-0.929308011,0.095465714,-0.934273964,-0.729881763,-0.335319347,-0.181633282,-0.664268207,-0.63643055,1.190759598,-0.634583207,-0.332246517,2.171381476,-0.804915692,-0.410649794,-0.966578926,-0.595679557,-0.158584985,-0.679264602,0.028853229,-0.120831359,-1.011413188,-0.469786605,0.109699282,-0.935021451,-0.182545688,0.121683398,-0.681226281,-0.540173204,0.151667221,0.556701855,1.876712605,1.384910443,-0.375781667,-0.909159996,-0.954972431,-0.273499558,0.37025164,-0.671073582,-0.261379371,-0.875990465,-0.877434587,-0.738799423,0.238581927,1.289153445,-0.524019312,-0.715425716,-0.236497115,0.122353743,-0.491468479,4.67871044,1.875821569,0.333230118,0.219032647,1.022286087,0.653657284,4.345310441,-0.131591688,1.280791577,-0.595173791,3.188794143,2.030504839,-0.880028635,0.577119817,1.485974761,0.055995506,-0.356698843,-0.787622617,-0.132719981,1.015266295,-0.312456031,0.617396624,0.471129226,-0.760346223,-0.579960147,-0.942325573,1.355847247,2.325388783,-0.916646428,-0.709542867,-0.153094678,-0.306443001,-0.505157181,-0.602215478,0.763283498,-0.333229755,0.081380624,0.037761999,0.626330617,-0.282407915,2.049696161,-0.122790507,-0.332706808,-1.075926097,-0.443564207,-0.264200421,0.358758391,-0.006579274,0.84145435,-0.072516195,-0.086969459,-0.366322915,-0.18142865,-0.12691651,-0.401457492,0.063036194,-0.232420929,0.746170058,1.135769697,-0.176833727,0.091819014,0.027357345
74,74.25,74.5,A,10,-0.461298919,1.779005339,1.15270238,-0.971358352,-0.812874445,-0.336317696,-0.753108088,1.303681135,-0.24291235,-0.716196834,-0.410333016,-0.957296784,0.032408294,0.124210035,0.087415421,-0.94819799,0.105867619,-0.79167962,-0.75666174,0.758869542,-0.657064393,-0.986049784,0.873866222,-0.309078914,0.18240089,1.573400124,-0.086719213,0.136811987,-0.793858874,-0.481379821,-0.743028798,-0.717526102,-0.951005282,-0.4148647,-0.458219229,-0.974935968,-0.280490046,-0.973472081,-0.74401238,-0.174318643,-0.439142759,0.054924428,-0.656691707,0.052286216,-0.144916271,-0.726281549,-0.236029704,-0.658850762,0.870270278,-0.786384767,-0.839716785,-0.669876029,-0.5203607,-0.302238911,-0.613391711,-0.661827725,0.96003693,-0.744460552,-0.406602887,-0.80128728,-0.118639389,1.024216158,-0.743565348,-0.297063426,0.750146508,-0.770970597,-0.703160032,-0.391531745,0.073778342,-0.801719542,-1.100269162,-0.299245325,-0.833664688,0.161531167,-0.464346434,-0.552190951,-0.618759515,-0.313510506,0.40470654,0.227225031,-0.111703563,-0.747409095,0.992482128,-0.684727827,-0.902065372,0.020831421,0.26586307,-0.893744451,0.97313505,-0.927042304,-0.463708236,-0.432745128,0.408206173,0.307441386,-0.248047847,-0.653106096,0.426403799,-0.068875833,0.150756138,-0.71771824,-0.812836204,-0.509579157,1.062595516,-0.597885515,0.464292034,0.406704167,0.59257098,-0.790457234,-0.890560145,-0.388392893,-0.515456287,-0.273635154,-0.622482937,2.120412222,-0.552794077,2.576656765,1.576025017,-0.11349706,-0.356733248,-0.734922355,1.89987777,1.723590842,-0.618514221,-0.880055098,-0.511733483,0.375849237,0.243368499,-0.215493075,-0.152613458,1.845589685,-0.838833916,-0.614948971,0.804231156,-0.473663894,-0.402086678,0.378954197,-0.051723946,-0.013056241,0.088897807,-0.332621079,0.313464724,-0.009188595,0.461887421,-0.221041772,0.786806944,-0.543224339,0.245731052,-0.367373171,-0.599461552,0.290515961,-0.422501289,-0.074677884,-0.86720588,-0.647154436,-0.656305419,-0.763936654,-0.764663709,-0.53598105,-0.518292041,-0.051821949,-0.005867783,-0.275539824,-0.054767178,-0.643187323,-0.26708166,-0.459972565,-0.197850907,-0.338852384,-0.201438094,-0.129139388,-0.146354845,0.310357289,0.37098667,-0.145485156,0.035811667,-0.530254031
74.25,74.5,74.75,A,10,0.100840668,0.716159041,-0.380966473,-0.949472014,0.213610208,-0.787477283,-0.666872283,-0.249375955,2.632639638,-0.911483625,-0.935129053,-0.221779961,-0.426276755,-0.384480283,0.136727156,-0.950901969,0.611802768,1.236417608,-0.817477032,-0.906460737,-0.349645036,0.175371931,-0.467414168,-0.562205137,-0.964605967,0.28878678,-0.912887487,-0.747976192,0.17637574,-1.037139156,-0.657344773,-0.090663993,-0.832833703,-0.226941414,0.092445793,0.170649509,0.994010202,-0.69603319,-0.67729412,-0.049998031,-0.332147184,-0.738468645,-0.880221156,-0.818248176,0.074514482,-0.578667227,0.441145939,0.599252896,-0.550752735,-0.878106246,-0.407809835,-0.303938345,0.238302927,0.888656892,-0.78348747,-0.012221807,0.919669655,-0.413177674,-0.96096554,-0.097795777,-0.544855089,-0.294435688,-0.96258526,0.207553733,-0.842628983,0.069805001,0.433674593,0.144585066,-0.89826795,0.142246914,-0.284763239,-0.034691165,-0.862692921,-0.059702175,-0.965011428,-0.859093019,-0.596566172,-0.745683248,-0.008479098,-0.589748883,-0.391118588,-0.682706388,-0.631621017,-0.833032155,-0.793872054,-0.314916465,0.008622401,-0.614356584,0.005637474,-0.666229127,-0.787026488,-0.683258773,-0.510016217,-0.641118635,-0.443888394,-0.531937416,-0.807842953,-0.57482946,1.457733009,-0.714862794,0.059025454,0.672005773,0.339459443,0.130735451,0.113716027,-1.000372615,-0.760404211,1.406139464,-0.364720617,0.021186781,-0.392058404,-0.722696581,-0.231640472,1.734590332,-0.646939675,1.12759942,1.695199327,0.023685395,-0.377808347,-0.097102875,-0.632315893,-0.590511107,0.442311893,-0.566914211,0.441234072,-0.155109612,-0.308753311,0.907540871,-0.001858243,-0.178709991,-0.472102789,-0.402037758,1.098565649,-0.30866593,-0.855015887,-0.138937071,-0.874831408,1.757617351,0.178916994,0.240412047,-0.526411594,2.372701254,-0.918465057,-0.307424258,0.064595988,-0.752224391,0.090872328,-0.553862116,-0.828376408,-0.949947955,-0.907855055,-0.151972882,-0.801220804,0.721936315,0.161151819,-0.246593128,0.210857504,-0.596180949,-0.350153995,-0.69426615,-0.028239808,-0.265755826,-0.440133869,-0.197400372,-0.366169805,-0.093276697,-0.254490766,-0.500643135,-0.49135925,-0.423704812,0.061677095,0.211282812,-0.064308553,0.02239212,-0.230854221,-0.265429733
74.5,74.75,75,A,10,0.111667116,-0.425683932,-0.481907789,0.073676098,0.13324427,2.495939723,3.334995325,1.81110289,1.344241756,-0.850350609,1.333325946,-0.523396656,1.428316171,2.287922971,-0.694236788,1.045933058,2.912704596,0.176073615,-0.089322369,0.029859806,1.531803755,-0.462167165,-0.254587468,3.072851778,-0.540889633,1.48154615,-0.83282535,-0.903466488,0.552027592,-0.190393672,-0.668821566,1.294841142,-0.402289038,-0.648798905,-0.48774101,0.046986677,2.364120487,0.994056469,0.680229319,-0.089717177,-0.804919814,0.00400529,-0.786612788,0.876149231,-0.763445117,0.708156019,1.834569977,-0.563337934,1.554837729,-0.826613753,4.763515566,0.362506534,-0.614898696,0.093440476,6.414545547,-0.663828455,0.167172684,-0.138598482,-0.945531286,-0.587817543,-0.239150709,4.695974632,0.764435602,0.545526733,0.513524916,0.644884358,-0.657123393,0.094621286,-0.620379204,-0.629350194,-0.761604864,0.904950205,-0.772536018,1.228237309,-0.371370634,-0.761022627,0.798597948,-0.500036473,-0.007673309,-0.625038289,-0.777858725,-0.577331843,-0.36434463,0.825491483,-0.025332684,0.220573818,0.481319774,0.693037318,-0.61283131,-0.724730166,-0.66250573,-0.512318646,-0.753895843,-0.188857656,-0.596908162,-0.963341198,-0.825670596,-0.998206208,-0.699744109,0.070300305,-0.518084186,1.178944289,1.101090461,0.273881863,-0.961464547,-0.830013626,0.783568391,0.552970918,-0.535492028,0.022968221,-0.19007164,-0.19273022,0.046305499,-0.797287377,1.243609454,0.006419835,-0.582403898,-0.221091838,-0.228108938,-0.157750474,-0.761671429,-0.413325535,-0.89007333,-0.666501765,0.765892161,-1.079534334,-0.721573101,-0.582352736,-0.072185189,-0.410633026,-0.81094201,-0.917086906,-0.500971081,0.342511657,-0.002703161,-0.069239044,0.309379429,0.035978247,-0.945925593,0.380230586,-0.116076093,0.028584232,2.469290653,-0.361414287,-0.596334115,-0.283057071,2.3007417,-0.514810826,-0.279098927,4.690980999,-0.799697544,0.054072572,0.087391523,-0.581081359,-0.693793761,-0.068495569,-0.352345962,0.440317985,-0.579160251,-0.842398266,0.754692485,0.790718035,0.34538995,0.30828664,0.123278884,0.885050635,0.511296403,-0.086749675,-0.086200697,-0.613114784,0.106836976,-0.10731096,-0.483195829,-0.217876788,0.733880627,-0.333519063
74.75,75,75.25,A,10,-0.18068915,-0.746620752,0.211192206,0.033853358,-0.564233322,0.646147412,-0.500214692,-0.973314237,-0.300402142,-0.578493072,-0.765206152,0.059650932,-0.539824279,-0.694777253,-0.617211215,-0.081615563,0.904759881,-0.387815494,-0.240548428,0.469345578,1.51292903,1.051344977,0.198270254,0.292142335,-0.770007235,0.427308959,-0.472726528,-0.8891013,-0.665610422,2.453708978,0.175879927,-0.520721057,0.325443977,-1.038372719,2.801199381,-0.171965107,1.40377308,0.738301266,-0.002463389,0.801217115,-0.924068812,2.067345332,-0.153946225,-0.423353933,-0.643949554,-0.594407337,-0.666250288,1.11387516,-1.059438046,-0.140879966,0.753555663,-0.683140886,-0.200356725,-0.472493381,0.960402187,-0.845755704,-0.505835962,-0.457791244,0.405140444,-0.408297142,0.662971023,-0.84372855,0.346187332,-0.224539911,0.402464956,-0.607742368,1.034275708,0.348794373,-0.823926284,-0.929758877,-0.205477459,0.242993714,-0.421200783,-0.70544135,-0.002933386,-0.846570622,-0.459797186,-0.326524401,-0.722404381,3.549002678,0.012123061,1.391474342,0.786348093,-0.385359188,-0.468799698,-0.935431407,-0.659091538,-0.767706128,-0.900659247,4.398115793,-0.030262204,-0.710334071,0.21910817,1.265327025,-0.770675834,-0.417701759,-0.652116757,1.181732944,0.33694207,-0.109498391,-0.176178542,5.104961296,2.838290319,-0.771983961,-0.822680189,-1.027320663,-0.13841355,-0.501412321,0.661274555,-0.362233776,0.40287919,-0.670572602,-0.685870726,-0.421740073,-0.827045592,1.225293383,0.213207162,-0.675595039,2.128466907,0.408448051,-0.384390158,0.350906272,-0.520530154,-0.358039998,-0.868883668,-0.419416742,-0.54397997,4.277493844,1.022681123,0.651476452,-0.76770114,-0.373895186,-0.714259311,-0.046200363,-0.576126746,-0.815167555,-0.63540332,-0.023818278,2.009595084,-0.004926228,0.852192549,0.607362738,-0.284124254,-0.841844459,-0.276655723,0.282724324,-0.163080555,-0.485540126,-0.720386373,-0.055416008,1.715739387,-0.842646818,-0.85852255,-0.422375048,0.74155877,0.297186424,-0.111233649,-0.268112588,0.993795298,0.038925141,-0.295277439,-0.189324199,0.313825905,0.451229247,-0.142507367,-0.145457275,-0.06350026,0.010164682,0.247101408,0.031252119,0.480430317,0.109747066,0.3207317,-0.194790304,-0.108476789,0.128431437
75,75.25,75.5,A,10,-0.598800489,-0.875299381,-0.108527424,0.16811665,-0.247505867,-0.836109952,-0.36320441,-0.940881309,-0.651724413,-0.661297724,-0.083224243,-0.792078442,-0.242418415,0.267225474,-0.600616898,-0.345025273,0.056326723,0.006323303,-0.788589228,-0.975703621,0.03749314,-0.373510689,-1.001589472,-0.616940338,-0.723448298,-0.916194842,-0.467412956,-0.837461712,1.42017144,0.102952466,-0.921890087,-0.560272207,-0.841648477,-0.704918211,-0.442943377,-0.107110511,0.003646564,-0.495861456,-0.331497428,-0.543543259,-0.88530487,-0.975846038,-0.724820786,0.612181962,-0.375837852,0.336925654,-0.487300705,-0.644212049,-0.701001778,-0.587309725,-0.817398726,-1.011555642,-0.77598713,-0.551910806,0.625308799,-0.701070135,-0.738720125,-0.468437766,-1.017795091,0.379262067,-0.314450603,-0.132075712,-0.582981629,-0.557201865,-0.448656182,-0.762352354,-0.39881649,-0.867966773,-0.814687001,-0.292848944,-0.947269411,-0.836984882,-0.921114289,-1.000908571,-1.061988913,-0.156105966,-0.615233124,-0.555283207,-0.793394203,-0.846495801,-0.023058343,-0.615029171,-0.497606244,-0.909318977,0.897028059,-0.420896013,-0.608695302,-0.394252346,-0.900515113,-0.876443089,0.142281501,0.898326154,-0.176426183,0.023804828,-0.534393662,-0.847735311,-0.757289459,0.014513385,-0.349433116,-0.172258162,-0.799288215,-0.563301366,-0.484278305,-1.015522761,-0.718690677,-0.959591764,-0.852580392,-0.852147115,-0.838451405,-0.690679914,-0.89306186,-0.231481459,-0.411787323,-0.61680896,-0.923623123,-0.969231404,-0.434669141,-0.440663066,-0.757124135,-0.945149185,-0.82112743,-0.735270393,-0.286016422,0.142641515,-0.168030674,0.073887366,-0.734246696,0.23460438,0.303617757,-0.42813644,-0.805125504,-0.762296787,-0.576716926,-0.34487038,-0.978574283,-0.966737176,-0.57358957,-0.375066944,-0.569452141,-1.021952448,-0.73455914,-0.738429768,-1.085166123,-0.961403276,-1.070411238,-0.665576345,-0.292400312,-0.458723098,-0.680521656,-0.703884641,-0.611128302,-0.326273638,-0.633152227,-0.166385135,-0.701590897,-0.827357765,-0.461842993,-0.822637297,-0.829249674,-0.643537532,-0.511523432,-0.349778062,-0.337594126,-0.494603845,-0.443252619,-0.507830456,-0.517203755,-0.773477837,-0.434878654,-0.175861002,-0.777453191,-0.662359966,-0.241807704,-0.697438216,-0.73910756,-0.602315546
75.25,75.5,75.75,A,10,-0.550769432,-0.263770226,0.360984831,-0.060823447,1.720499136,-0.753293179,0.541609296,-0.250940756,0.960381755,0.456391445,1.504145027,-0.11424779,0.082503675,-0.911041952,-0.323633712,0.311913513,-1.03218256,0.857985261,-0.354044262,1.003374163,-0.361127243,-0.857688561,1.101646694,0.414057453,-0.504146649,1.914745458,0.084834316,0.752343855,0.02150653,1.866843997,2.859874643,-0.080033837,1.131380178,0.646825793,-0.459663653,-0.255729398,-0.75815291,0.066667874,-0.262438699,-0.493188277,-0.045401735,0.017410502,-0.575257682,0.069041919,-0.60419465,-0.387058398,-0.848189523,-0.341235358,0.284144693,2.381317141,0.558994378,2.417995719,0.11926209,-0.365675488,-0.694816937,-0.499899438,-0.396622894,-1.064070474,-0.683435959,0.036998928,1.17842786,0.16355009,-0.322488027,1.09214597,-0.602609523,-0.769764436,-0.655292079,-0.765730328,-0.646649033,-0.849793959,-0.868370424,-0.707350193,-0.515114409,-0.382169706,-0.140414638,-0.091220998,3.388866676,-0.525406238,-0.844659304,-0.77443535,-0.787920655,0.120739575,-0.560661854,-0.909980402,-0.688015045,-0.918105767,1.847640841,-0.419208645,3.605356225,-0.190150153,-0.686248599,-0.835186283,0.381958985,1.144091557,-0.468279326,0.313840559,-0.230373367,-1.132289867,-0.449208724,1.278530729,0.194650442,-1.013623961,-0.466923358,-0.608833486,-0.041046363,-0.630854402,1.016186946,2.023044257,0.776974814,3.297466865,-0.234030306,-0.332278942,-0.316837321,1.136748925,-0.710153941,-0.483285623,0.117405503,-0.777393102,1.58132787,-0.159077478,-0.652629793,2.195621944,-0.356778775,0.212275757,-0.710662344,-0.776713129,0.406277838,0.777054349,-0.984221138,-0.487962465,-0.294716853,-0.69891597,-0.781840457,0.983912484,-0.917010567,-1.062160827,-0.581107813,-1.013507391,-0.620818829,1.239384222,-0.275456681,-0.836010744,1.40189822,-0.18822871,1.393350408,-0.838792191,-0.720576773,-0.626978157,-0.538378103,-0.19621437,3.601822712,-0.539565419,0.478181796,-0.029995107,-0.599790449,0.882724869,-0.145511283,-0.271522537,0.279884347,0.788345978,0.216026942,0.102477136,0.443301585,0.239554171,-0.004942309,-0.057127007,-0.217820347,-0.146027458,0.109969412,-0.068316433,0.454704175,-0.017757442,-0.037773776,-0.3746782,-0.14253871,0.444457491
75.5,75.75,76,A,10,0.884207181,-0.280804462,2.52438349,-0.221082139,1.95084828,-0.17335475,1.622117043,3.53150826,1.078155783,-0.403710053,5.338351763,4.45150134,1.107371439,1.075873345,-0.558104767,-0.759206782,3.257307687,-0.042988955,-0.755118651,0.844578861,-0.196235655,0.501582733,0.233099633,-0.323193861,3.817343845,0.401033791,2.763011656,0.449617378,1.044414586,0.001297327,0.607118527,0.626587496,3.058334654,2.502362897,1.060967081,-0.845451097,-0.685493784,0.082510221,-0.649204503,0.929498763,0.48215149,-0.743340174,2.426310895,0.18669366,-0.543305644,0.765348233,3.150090675,-0.909227797,0.917046434,-0.964945248,0.924589866,-0.767577809,2.827615668,2.612008185,-0.803774387,1.198285083,3.716162133,0.035409891,-0.084233865,-0.442411646,1.089848411,2.954480187,0.20589772,-0.694297395,-0.068985347,-0.726888682,-0.372343249,-0.781658155,-0.138042255,-0.925849439,0.061750817,-0.831729451,-0.759329215,-0.775317048,0.7523673,1.149740148,2.079745989,-0.478012672,-0.348327008,-0.509835739,-0.384970499,0.155739449,-0.312347529,2.187601714,-0.026385686,-0.855182235,-0.488078088,-0.038748443,-0.321566184,0.09744892,-0.718085476,0.261893137,-0.243164487,-0.931907952,1.984851501,-0.490920899,1.186445124,5.167150473,-0.301563327,4.308361164,-0.32532679,0.616079552,1.90963511,-0.867519207,0.551556214,-0.432831757,-0.902810474,-0.57503067,-0.361204681,-0.792327739,1.665206858,-0.339401324,-0.457910628,-0.840303727,-0.804158596,-0.891929714,0.171387568,-0.528690218,-0.380656024,0.661080053,0.476926527,-0.17723664,-0.907003547,0.267093743,-0.757021726,0.084724491,-0.713552439,-0.385705124,0.794191199,-0.188728621,0.170668171,-0.38126992,-0.952876864,-0.266800108,1.792917216,-0.665007285,0.234736498,-0.17160867,0.059668186,-0.675935059,-0.415194671,-0.210536795,-0.437607433,-0.607933446,0.345759091,-0.651559623,-0.839076742,-0.554427594,-0.319778985,0.411774353,1.883442321,3.298247206,1.281656959,0.386654258,-0.252234281,-0.57636545,-0.433600792,3.212989902,1.590558456,-0.490828793,1.051226863,1.395956528,0.869197143,0.668723026,0.476682252,0.921607312,0.05421618,0.034105312,0.001351142,1.022305926,-0.117978044,-0.174537575,-0.150631214,-0.085550784,-0.327858184,0.990051979
75.75,76,76.25,A,10,-0.043448593,0.499764613,4.021383793,-0.72798184,-0.451924981,-0.801531022,1.913913795,-0.609967571,-0.309832578,-0.825314942,0.822646546,0.861697695,0.355805677,0.971242228,-0.206697559,1.343823964,-0.876240015,-0.627805459,1.348981286,-0.702686915,-0.538933379,-0.501433347,0.959180013,0.177581824,-0.891920879,-0.173463148,-0.876144491,-0.744031931,2.804504606,-0.335482717,-0.491691621,-0.225329563,1.914003784,-0.733067134,-1.091573244,-0.79921161,-0.941496164,-0.574379394,-0.014215344,1.525246459,0.449743079,-0.514497668,0.264762177,-0.772496174,-0.654071212,-0.785092048,-0.536183909,-0.540361225,-0.96847999,-0.031302394,-0.055818362,-0.91007538,-0.891772924,0.211531613,-0.86328899,-0.234643504,-0.557858125,-0.621596969,0.064510104,3.39842822,-0.496767191,-0.817170703,-1.052824298,0.475546765,0.847866673,-1.015479725,-0.809616827,-0.59029864,-0.146897537,-0.332159363,1.683050743,-0.568230778,-0.812056077,0.17768256,2.199985205,-0.502350349,0.536382102,-0.882394935,-0.851942013,-0.264308571,-0.477656713,-0.777563583,1.053274826,-0.157880615,-0.111078062,-0.92616383,-0.773797022,0.722076715,0.619726233,-0.981519013,-0.778214668,-0.682563323,-0.628419034,-0.111118153,-0.176649521,0.679772945,-0.534867172,0.076252851,-1.129010961,-0.682700868,-0.448982321,-0.817517138,-0.98122291,-1.006111248,0.951864148,-0.525116164,-0.356119472,-0.261966065,-0.633066498,0.500476104,-0.867979161,-0.97647095,-0.622518304,-0.7402252,-0.427377291,-0.020088159,0.595306904,0.511899837,-0.447915699,-1.084982461,-0.663540302,-0.848064618,0.155358821,-0.689998499,1.850073906,-0.711704944,0.982679931,-0.897741938,0.185741419,-0.523783993,-0.688972696,-0.654170676,-0.204087157,-0.809001668,-0.67964887,0.144478703,-0.645921825,-0.368035487,0.480297588,-0.726929501,0.161687675,0.450875245,-0.809031358,-0.301635936,-0.348892782,-0.824500509,-0.845286436,-0.250329268,-0.667650888,-0.424080245,-0.741124403,-0.905231932,-0.119591054,0.631062116,-0.918728077,0.032005938,-0.614159521,-0.284232992,-0.609656615,2.137696488,0.266506067,0.329076745,-0.012014345,-0.143171383,-0.408797936,-0.046058432,-0.393780085,0.071581789,-0.181058106,-0.39675179,-0.357776156,-0.408035049,-0.116098022,-0.415199159,-0.38588445,-0.139196005
76,76.25,76.5,A,10,0.136909013,-0.729147756,-0.863339636,-0.613792074,-0.66112835,-0.658217727,-0.10540748,0.110403168,-0.81000574,1.724941138,1.335834598,-0.730977566,-0.739713673,0.322052772,-0.755303548,-0.034027963,1.988669518,3.602407647,3.088840585,-0.556757691,1.951543977,0.048673057,-0.77950135,-0.395767941,0.327797551,2.066305528,-0.203602514,0.995567835,-0.176100056,-0.456911571,1.102781407,-0.416857607,-0.700491758,1.566049506,-0.073630112,-0.754911283,-0.512476291,-0.608451207,-0.60082657,-0.290800758,-0.754617338,-0.013962694,-0.310991174,-0.155179599,-0.079238487,-0.453879859,-0.332189409,-0.091302939,0.043586287,-0.564021203,0.269751291,-0.850474222,-0.465215913,0.092714618,0.720021691,-0.705553486,-0.931393537,-0.468114007,-0.864835568,-0.388455511,-0.679805375,-0.267857633,0.64781132,2.188758015,0.80313485,-0.187096965,-0.591211361,-0.734939604,0.477588563,0.910549793,0.521539712,-0.527534828,0.010485427,0.994818183,1.257506346,0.831894672,2.624979037,0.313106596,-0.093751854,-0.700498086,-0.753451001,-0.706527415,2.388306216,-0.48152963,1.92020949,2.116374635,-0.271379809,1.317464468,-0.058052915,-0.025316034,1.846870494,-0.622203848,0.270948696,-0.092871182,-0.583066264,-0.529844348,-0.665674152,0.330862356,-0.17453511,0.326405426,-0.301095698,1.244315024,0.465797535,2.14851138,-0.426804633,1.78137766,0.286401044,-0.465735384,0.068250045,-0.893863979,0.072907104,1.516333083,1.040161121,-0.919312353,-0.760638944,0.099723755,-0.194275919,2.590079455,-0.882331365,-0.669269935,0.136622006,0.091938491,0.649891273,-0.021785986,-0.892532451,-0.556514479,0.336413244,-0.721373166,-0.386052858,1.639688282,0.616565339,-0.873949846,-0.936094806,-0.903285964,-0.993641271,-0.838575309,-0.557117597,0.34528724,0.165957015,0.769810427,-0.910298628,-0.007799713,0.288908494,0.421722327,-0.304581479,1.392458809,-0.021612793,0.893357551,0.246982815,0.730403312,-0.105761359,0.874220945,2.816253482,3.964874719,0.399288706,-0.789587827,1.427320416,1.33983207,1.515606196,3.312945529,-0.246878544,0.752102468,0.337800451,-0.128961467,-0.271179641,-0.359155464,0.25669316,0.523254521,0.544609801,0.010689207,0.390715299,0.1893376,0.027629436,-0.320504477,0.272954069,1.475499288
76.25,76.5,76.75,A,10,0.513189719,0.159923472,-0.212962132,-1.026568035,-0.076557514,-0.647474379,0.315358139,-0.62740437,0.614581978,1.062421846,0.214853115,0.579199501,-0.624664661,-0.055418982,0.322169024,-0.30827812,-0.465034156,-0.072949599,-0.535988483,0.394880062,0.25705914,0.213041889,-0.768827896,0.991274304,-0.801667932,-0.243566491,-0.571140247,-0.802050749,-0.874500209,-0.274835176,-0.447407243,-0.662627319,1.077843509,-0.017034297,0.987492221,0.961390365,-0.511712436,-0.761519169,-0.721846577,0.100615958,-0.15485197,0.387961665,-0.139399534,0.749479894,0.479792929,0.1371915,-0.424028321,0.042041926,-0.084841659,0.044496713,0.870954045,-0.368096317,-0.827956821,-1.039738605,-0.560825674,-0.350573719,-0.914712741,0.000946575,-0.920054716,3.395013972,-0.887630466,-0.431194995,-0.153258025,-0.237166744,0.397827463,2.091458025,6.811646126,-0.081082804,-0.664740979,-0.55024187,1.182950578,-0.560541674,0.970518848,1.267697422,-0.957699316,-0.561976869,0.489829117,1.887664606,-0.921778834,-1.045391107,-0.367862191,-0.885529537,-0.846770293,0.032305437,-0.878042323,-0.691499741,-0.945677633,-0.217458742,-0.294173716,0.809321771,-0.161837895,-0.244809102,-0.853884953,-0.784827955,-0.562721646,-0.89611266,-0.380303367,-0.976766343,-0.342119501,-0.945791805,-0.783862584,-0.326415667,-0.073526995,-0.421904245,-0.951499075,1.075154838,1.409894493,-0.505140714,-0.563825814,-0.921244387,-0.524484945,-0.357279502,-0.728774527,1.146984323,-0.107792205,0.664317204,-0.51769564,-0.721537853,0.224989645,-0.244530171,-0.13418148,-0.28513238,0.698675725,-0.592786568,-0.882107674,-0.550768477,-0.986341323,-0.184955936,-0.668442676,-0.849217808,-0.406363665,-0.346913573,-0.737622561,-0.904133843,-0.917047156,-0.945248955,-0.492455303,-0.692629447,-0.144032292,-0.487662698,0.096635652,2.059720035,-0.808376679,0.924858987,1.452108312,0.536313128,-0.702121324,0.498230321,-0.699856526,0.66915131,-0.264074112,-0.859175956,-0.819334003,-0.966542109,-0.620136566,1.788434552,0.547781302,-0.535650239,0.100941062,-0.330851788,0.007450872,-0.05512323,-0.287521337,0.000519501,0.103784314,-0.0715044,0.629561573,0.175127277,-0.428538697,-0.614917523,-0.206237015,-0.116580367,-0.44352586,-0.607410949,0.402666322,-0.195860786
76.5,76.75,77,A,10,-0.50510002,-0.391063697,-0.088488411,1.592388182,-0.073421287,0.043528578,1.049591638,-0.270729659,0.37624485,-0.7179854,-0.091674012,-0.637092338,-0.570797566,-0.907763701,1.876316919,-0.597144154,0.043141613,-0.181534117,-0.738118487,-0.837139841,0.35786261,-0.766559052,-0.80185632,0.711923048,1.223584677,-0.000178065,-0.199106682,-0.821407232,0.474317249,0.444615083,-0.483605399,1.203749461,0.773772501,0.985762209,-0.321911817,0.310252563,-0.670620326,0.185222883,-0.119430463,-0.296565056,1.297835242,-0.461610335,-0.252328633,-0.253306193,0.341819107,-0.35686121,-0.983407715,0.363565744,0.228938884,0.646470975,-0.138553786,-0.205442942,-0.459751383,-0.316980516,-0.972346968,-0.734454993,0.414686198,1.916390113,-0.336768896,0.051410441,-0.49125456,-0.722827768,-0.214147339,3.647445487,2.662257825,0.247489681,-0.097650613,-0.034254374,0.345548206,-0.393087504,1.071455773,-0.436871548,-0.191556487,-0.826767706,-0.425797452,0.325660619,0.088624908,-0.07427388,-0.526920977,-0.116884857,1.153593549,-0.499038264,-0.272405458,3.41571783,0.440157172,-0.68342624,-0.869821051,1.670484318,-0.576102618,3.09734323,1.368361438,0.510678503,-0.282018928,-0.516111127,0.351314141,0.396475563,-0.213826278,-0.101019129,0.361991069,-0.356207383,-0.189066793,0.79245326,-1.039109844,-0.186624823,-0.92127689,0.286747407,-0.611828498,0.082308644,-0.274812119,-0.140723242,-0.744974376,-0.666833351,0.965629493,0.011345908,-0.830465401,-0.07824971,-0.091140046,-0.602081277,-0.487216054,-0.411944536,0.045946388,-0.687008375,-0.559370915,-0.6070585,1.734588579,1.840260443,0.408292842,2.5069053,1.471844012,0.761263634,0.009702602,-0.300985371,-0.847428906,-0.599692531,-0.740462241,-0.587548909,-0.568152997,-0.445151974,0.08411738,-0.527780439,0.233298667,0.623536062,1.450432206,-0.645404357,0.024826866,-0.369211291,2.204971666,0.803689201,0.03071636,-0.802503035,-0.767497586,-0.536125416,-0.773003335,0.787256113,-0.078777084,0.066442712,-0.551899524,-0.775553879,-0.070137993,-0.476696046,0.101496478,-0.264180569,0.062319531,0.156662656,0.057111587,-0.078181273,0.494951904,-0.111333161,0.687650247,0.151963787,-0.22019329,-0.293592935,0.691566341,-0.452338339,0.355435235,-0.317599204
76.75,77,77.25,A,10,-0.466712136,-0.500376407,-0.693257084,-0.625282994,-0.710246965,-0.059306318,-0.846961895,-0.789406439,-0.639283664,1.35738655,0.930264914,-0.540120373,-0.780495261,-0.578217387,-0.390779281,0.768689523,0.256476969,-0.545428982,0.849043414,-1.065044815,-0.316159659,-0.939168213,-0.061898806,0.055508358,-0.703018388,-1.008568081,-0.733609008,-0.520634615,-0.877845627,0.941759408,-0.879087315,-0.776790376,-0.525217147,-0.856911857,0.08876367,-0.565299291,0.660828401,-0.51300702,0.576312542,-0.15409382,-0.457957221,-0.600141683,-0.869279437,-0.692803716,-0.359449269,-0.22835929,-0.935277222,-0.246984904,-0.752881007,0.259274114,-0.661915289,-0.914831165,-0.567715227,-0.958993335,0.276932143,-0.903183886,-0.345806509,-0.54906724,0.056658174,3.034652439,1.880129338,1.565382184,-0.478544232,-0.538976676,1.275676367,0.755170023,2.05249892,0.847095194,0.143682953,-0.171597407,1.275176226,-0.003259918,-0.480512564,-0.118519691,-0.336332995,-0.315138253,-0.240366472,-0.08761576,0.507329154,-0.614962631,0.761831397,-0.80173899,-0.511547517,-0.833937181,0.607397542,-0.603066334,-0.381166497,-0.855566808,0.041089244,-1.003105287,0.197511053,0.557510805,-0.572325358,-0.514599362,-0.547697101,1.13926944,-0.566342832,1.755815748,-0.981605172,0.514711116,1.603591918,-0.220526725,0.150802251,1.498046346,-0.657468343,-0.848048478,-0.220712832,-1.019127148,1.323344841,0.685214398,-0.502115261,-0.963613154,-0.27265773,0.496637645,-0.978913072,2.527091673,-0.906936443,0.320319248,0.740141819,-0.351604664,0.836130069,-0.028586328,0.110283469,-0.074545072,-0.138893802,-1.002455494,-0.576515745,-0.751596141,-0.296607949,-0.636847712,1.00671412,-0.778362109,-0.394462234,-0.818557505,1.58307361,-0.644610738,-0.849867104,-1.038346411,0.572633308,0.106914507,-0.327334928,-0.898720679,1.521094703,-0.843321393,-0.772075756,-0.000189796,0.796370687,0.467242088,-0.368549103,-0.83338073,-0.015324687,2.103027493,-0.044598514,-0.482083196,0.241903224,-0.785769918,0.416510058,0.548700233,-0.404351072,1.689098841,-0.397344735,-0.109561128,-0.416363463,-0.294450221,-0.488385963,-0.15332699,0.733051666,-0.04142029,-0.357981043,0.098224834,0.229511623,0.010835006,-0.255963471,-0.125487056,-0.125886491,0.326711246
77,77.25,77.5,A,10,-0.496902094,0.140504212,0.251966972,-0.43876172,-0.53051077,0.976664251,0.080514051,-0.310906463,0.304450756,-0.347819432,-0.134589444,-0.294142483,0.984530324,0.481110085,-0.50071846,-0.233829539,-0.259730344,-0.703662598,-0.624295232,-1.033588992,0.204932929,-0.879668354,0.198259745,0.066444363,-0.885967685,0.402780963,-0.757613159,1.639195518,-0.675210531,-0.474574401,-0.628976167,-0.406408982,-0.928453437,1.287955166,-0.025104362,-0.374779649,0.466423609,-0.690566918,-0.717816522,-0.616822583,-0.796163909,0.790933166,-0.011046437,-0.705559332,-0.325485793,-0.367502463,-0.677744257,0.14722462,-0.909455339,-0.430860586,-0.422428547,-0.486669924,-1.082253752,0.088370902,0.10548184,-0.632215299,-0.851265556,-0.686557445,-0.650262797,-0.73043944,0.170948358,-0.402766222,2.341114596,0.169700537,-0.67806137,-0.057319217,-0.800438426,-0.680648502,-0.855696693,-0.578347684,-0.383043932,5.15788077,0.970099863,-0.947035784,-0.392797239,0.266506526,-0.924428876,-0.074883124,-0.915966278,0.47427324,-0.566392866,-0.669096984,-0.528563582,-0.03776169,1.146620894,0.796068672,-0.858588407,-0.811898332,-0.92037826,-0.626859773,-0.143741832,1.399322536,-0.909850217,-0.118582086,-0.464293942,-0.325631776,2.640266091,-0.77150658,-0.579021359,-0.607241751,1.016937823,-0.37728635,0.289798336,0.689806563,-0.888510175,-0.850806801,-0.367460929,1.138390645,0.043457933,0.424216463,0.758067386,-0.480854841,0.021532133,0.761912775,4.999495233,-0.386412334,-0.297721181,-0.853631709,0.344813646,1.171847142,-0.64126939,0.053446545,0.401030464,-0.386169649,0.345950782,-1.071965268,-0.750957071,-0.785570348,3.312616816,0.220167658,-0.268439367,-0.693790253,2.675173071,2.431983146,0.006004944,-0.482356874,-0.265124762,2.548934547,1.116897228,1.695125152,-0.588291854,-0.483702976,1.013046887,-0.831872508,-0.814289556,-0.282538664,1.704196314,-0.568259655,0.408113624,-0.941795676,0.316333717,3.321968672,-0.428386485,-0.230893487,1.780963602,-0.924835248,-0.839822958,0.705333628,0.447443218,-0.821537379,-0.037080024,-0.231891668,-0.116142061,-0.263454984,-0.328566033,-0.534824002,-0.137151462,0.323060517,-0.307685033,0.011971908,0.111854351,0.603904825,0.069728054,0.876440683,-0.138539406,0.332656728
77.25,77.5,77.75,A,10,-0.194552755,-0.691526215,-0.609207409,-0.333888015,-0.391243398,-0.558031999,-0.688017075,0.397669417,0.960946709,0.659978352,-0.612702603,1.286348712,0.306207681,1.267677731,1.58070972,-0.098829408,-0.451680113,1.952124813,-0.64613556,2.303465534,-0.429565829,-0.3751061,-0.850906731,-0.764776769,-0.702289585,-0.56252323,-0.586322958,-0.787914928,-0.993981405,0.50493545,-0.762318022,4.066478175,-0.679308227,3.024098384,-0.630778394,-0.462759576,-0.881615016,-0.707492013,1.032610538,-0.954214741,0.067710275,-0.508996777,-0.335171211,-0.129559188,-0.500136051,-0.86017133,-0.635348699,1.174667283,-0.926772808,-0.479661798,-0.151934959,1.734026204,1.945745967,0.27536659,1.107015883,-0.595189448,-1.002154924,-0.697752428,0.755231658,1.359759095,0.073133607,-1.04779848,-0.845923573,0.968898747,-0.904804004,-0.784757145,-0.963103128,-0.874543293,-0.604409606,-0.73682461,-0.290534247,0.341309745,-0.860186064,0.364539367,0.6917629,0.343655461,-0.202813792,-0.76412705,-0.490056712,0.118691547,0.205857883,0.059980816,-0.574821893,-0.698267191,-1.031482322,-0.761470349,-0.783107656,-0.824114413,-0.66699172,-0.968158511,0.6082454,-0.853116368,-0.481765663,-0.630649999,-0.410615717,0.657986225,-0.334656628,-0.813948392,-1.005058175,-0.948137441,-0.761427322,-0.029162617,-0.757058373,-0.357318754,-0.736395766,0.219722095,-0.046191121,1.833699039,-0.440864291,0.033246609,0.151434276,1.815975251,2.285702344,-0.666858564,-0.760160641,0.239656287,-0.193757522,-0.814942806,0.767997164,-0.790585255,0.123340986,0.883430535,2.40715265,-0.848473042,0.028807039,-0.788758806,-0.610617868,-0.602536711,-0.161642365,-0.207377994,-0.36473506,2.577030759,0.197897114,-0.670092299,0.034533073,0.488419269,0.320046026,-0.870581642,0.307842447,0.544549114,-0.837910317,-0.718144677,-0.579300707,-0.729389448,-0.501804865,-0.745242579,-0.451672558,-0.228446071,-0.856824529,-0.761054191,-0.538803033,-0.81276412,-0.854854591,1.561237347,0.166666811,-0.106284978,0.264750163,-1.078691387,-0.528194506,-0.837715999,-0.144787239,0.688718651,-0.554845209,0.304470111,-0.31334403,0.473011364,-0.572013149,-0.074775885,-0.604257536,-0.421171676,-0.10417505,0.203446053,0.022332442,0.25649088,-0.640978994,-0.276465429
77.5,77.75,78,A,10,-0.573178543,-0.711564127,-0.159045946,-0.426454919,-0.029301356,-0.783401025,0.412624036,1.91112514,-0.898297321,-0.082896863,-0.87998472,-0.374186554,-0.595926672,0.3405448,0.320275603,0.016490956,-0.744033107,1.654399982,3.05729595,-0.998482559,0.060250119,0.20441472,0.376057948,1.155587659,0.033601819,-0.74925325,0.460545884,-0.870750081,-0.564573846,-0.881368921,-0.5765657,-0.706980898,0.411353728,0.735523933,-0.448076714,-0.034167203,-0.97673091,0.616210793,-0.564096542,1.005407592,-0.83568809,-0.892808591,-0.30271136,-1.068585685,0.533534142,0.137665943,0.521561303,1.018625381,-0.215246354,-0.928544447,0.897766198,-0.387393526,0.294286197,-0.88676695,-0.385651667,0.279550707,-0.882512035,-0.654293177,-0.496796681,-0.551830634,-0.794013577,-0.603130155,-0.734009051,1.331796219,-0.474838992,-0.559473891,0.005085635,0.661921137,-0.285041414,0.680528973,0.06490617,-0.709407102,-0.311401597,1.567659804,0.677089201,0.324932272,1.086083635,0.464914459,0.134672587,0.811057795,2.258079648,2.708858858,-0.611921496,0.870184912,-0.707754461,-0.504638471,0.429898703,0.566052802,1.226775862,-0.410316602,-0.673113552,-0.860390217,-0.223748253,-0.459054487,0.740542729,-0.126757917,-0.306093676,-0.173223416,0.659508699,1.986179933,0.734350163,-0.664242931,1.689851563,-0.493177539,-0.879633636,0.527946118,-0.772077796,-0.115594474,-0.347224965,-0.794804767,-0.737033438,1.08657118,-0.626870885,1.048508887,-0.475103594,0.475872677,-0.112475691,0.049321871,-0.251464637,0.800480967,-0.550207473,-0.056203114,0.964604385,-0.153201919,-0.092447046,0.615196995,1.931302552,-0.376544398,-0.899168871,0.560026465,3.54315669,1.610467987,-0.774096243,4.303660377,-0.133010163,2.770838159,-0.895296252,-0.674440048,-0.655434949,-0.535977426,-0.259194576,0.353558962,0.715175296,0.356840401,-0.583879964,3.804101049,0.064318085,0.13215642,-0.20090883,2.778377399,2.38653891,-0.730576223,0.989897105,-0.013486322,3.453631834,-0.663983508,-0.553486529,-0.578464747,1.931758803,5.092320191,-0.134039092,0.179639368,-0.077548795,-0.053812192,-0.203219776,-0.277364157,-0.077117512,0.411050722,0.582521976,0.056384984,-0.111460827,0.125780734,0.194335758,0.855986813,0.716054424,1.131414951
77.75,78,78.25,A,10,-0.065904398,0.246196478,1.282413008,-0.986614668,0.32578164,0.231771787,2.028171536,0.079037528,0.729872543,1.392831342,-0.822864318,-0.895592767,-0.524109141,-0.146599205,1.651702063,0.284878146,0.314701208,0.100925615,-0.335550506,-1.027939762,-0.668607003,-0.675012643,1.721676512,0.165426629,-0.903484493,-0.230379902,-0.458277825,-0.797322434,-0.759234496,-0.15679382,-0.881960084,0.08471997,0.003620328,-0.210037633,-0.956633234,-0.52769017,-0.710707621,-0.837676421,0.524719664,-0.424650605,0.662721432,2.163425805,-0.755707158,-0.631040226,-0.884538208,-0.958137737,-0.916185448,-0.922585346,-0.417816871,0.305314588,-0.001154704,-0.756043702,2.604608374,-0.335313857,0.63795996,-0.542773179,0.554114235,-0.723466644,-0.319278365,-0.947487987,-0.51119024,0.209262245,-0.153672945,-0.54748308,-0.449573035,-0.910065435,0.526864417,-0.959120451,-0.701467694,-0.864598955,-0.471614632,-0.494863905,-0.06402188,-0.395292483,-0.151635154,-0.667692746,-0.880180658,-0.621484457,-0.333028435,-0.937572409,-1.036746443,-0.775151987,-0.011954116,-0.853340114,-0.428297469,-0.547007486,-0.604314363,-0.659031868,-0.104412535,-0.75694556,-0.428015166,0.002001929,-0.766683925,-0.425980466,-0.878943701,-0.694255551,-0.620123193,0.976154496,-0.977362389,-0.050142514,-0.515457937,-0.520040136,-0.819506093,0.88810189,-0.510174756,-0.082015212,-1.03999801,0.45222971,-0.281271786,-0.856807377,0.197182479,0.779386801,-0.68472518,-0.625055239,-0.821546885,-0.396449722,0.21051933,-0.524589655,-0.567809977,0.702950064,-1.016995779,-0.772613963,0.043008153,0.599604711,0.234671984,-0.259652428,-0.268127527,1.066946867,-0.081036601,-0.874457314,0.830381558,0.44280017,-0.482118202,-0.231219657,-0.264032532,-0.608185847,-0.002290779,0.261608964,-0.184406431,-0.558804127,-0.012662455,-0.396466901,-0.623912618,0.63415041,0.719658979,-0.551828352,-0.382176122,-0.759167493,-0.303778526,-0.485997518,-0.669986128,-0.303234849,0.659827661,-0.556749887,-0.87874479,0.234440987,-0.074173883,-0.406614191,-0.293313346,-0.477335996,0.52635568,-0.140044867,-0.276200947,-0.393629581,-0.235454917,0.017116413,-0.436104517,-0.501738676,-0.577720194,-0.386335048,-0.328493971,-0.173013798,-0.13286519,-0.079626688,-0.21621806,-0.276588442
78,78.25,78.5,A,10,1.714665227,0.639273248,-0.83151397,-0.59719361,-0.727720788,-0.159253847,-0.735816792,-0.664052035,0.779373231,0.915756351,-0.685461343,-0.515479171,-0.827843142,0.480999218,-0.822210565,-0.814455549,-0.881386845,-0.129773452,-0.371382034,1.434562243,1.055503682,1.363291092,-0.884615266,-0.539907265,-0.354651169,-0.604765542,0.104320239,1.228107803,0.354633519,-0.364779015,-0.128380014,-0.475010244,-0.768598209,-0.074050495,-1.034357124,-0.792866401,1.536521983,-0.21208107,-0.738245793,-0.725253089,-0.650522763,-0.352044455,0.818798498,0.867961147,-0.832892986,-0.586642595,-0.650421101,1.165295934,0.207695236,1.077997531,-0.662305209,-0.522154565,-0.086781478,-0.585171195,1.990454151,-0.708327214,-0.507986256,-0.387138659,-0.741028525,-0.049288539,-0.107315188,0.335977829,3.177947825,0.183262727,-0.320356032,1.372194299,-0.830216107,0.427016027,-0.688191746,-0.34667627,0.166310858,-0.371133653,0.052830245,0.451317986,0.548331321,-0.753584495,-0.734630755,0.434653777,-0.867082923,-0.272780067,-0.000535669,-0.804642284,-0.594997387,-0.554626921,-1.061653953,-0.148589774,-0.933442339,-0.412437,-0.381045418,-0.065934124,0.503972243,-0.569596242,0.361714285,0.383939097,0.058257637,0.057567691,-0.626630313,0.43445448,0.647189973,0.329485504,0.128963251,-0.458610792,-0.551374677,-0.039948186,-0.538125359,2.306483038,-0.640890767,-0.047806599,-0.058841014,-0.720318026,-1.024138695,0.078882786,0.453129276,0.304146995,-0.248451119,-0.695724236,-0.361490128,-0.384732788,-0.767894869,-0.120671284,-0.912533131,0.875366466,-0.415038736,0.074994752,-0.852298885,-0.590693172,0.082723648,-0.928623856,-0.594019578,-0.179765933,-0.606368386,-0.159450059,0.292236505,0.304357802,-0.687103356,-0.21604943,-0.510556824,-0.81383869,-0.225857392,-0.74707969,0.183006539,-0.321326514,-0.483044111,0.433709914,2.288550135,1.124064139,0.025866255,-0.134899181,-0.718951491,-0.497008401,-0.5782175,-0.734938696,1.834934057,-0.590362293,0.178488436,-0.579177788,0.123981304,0.756877785,-0.584471271,2.372452309,0.033351701,-0.313243064,0.135713808,-0.341232046,0.106522445,-0.225972749,0.320364337,-0.13457677,-0.495790487,0.158035435,-0.062046913,-0.276694406,-0.343988843,-0.336970952,0.189996728,0.219956634
78.25,78.5,78.75,A,10,0.225685556,-0.503935594,0.573227445,-0.383796912,-0.080906575,-0.456112478,0.182080686,0.409177176,-0.194924843,-0.664167253,-0.287002354,0.34816194,-0.170513256,-0.669353317,-0.566093334,-0.659515298,-0.642822453,-0.445026092,-0.455669438,-0.882298911,0.179640632,-0.93797218,0.801606133,-0.767018532,-0.778027914,-0.003673819,-0.390060812,0.691316271,-0.64796312,-0.770435272,-0.816165971,-0.672180182,1.097476425,-1.051785208,0.208209247,-0.633162775,-0.569837751,2.668246385,-1.067483385,-0.237804608,-0.082012058,-1.011200039,-0.596222364,0.337922263,0.145232784,-0.926825037,-0.880404263,-0.592849808,-0.60518544,0.266059671,-0.885898186,-0.564822926,-0.255725883,1.294764008,-0.189944008,-0.720958506,0.192954948,-0.258916925,0.680730046,-0.203445103,-0.730590731,0.595695086,-0.797094436,0.216082748,-0.901018285,-0.692763315,-0.092646935,-0.857173191,-0.420709859,-0.827662543,0.748828843,-0.274335222,-0.196158926,0.449598357,-0.420198096,-0.291283815,-0.338695834,-0.662539209,0.438456821,-0.800745901,0.7151195,-0.693250333,0.193759643,0.137484878,-0.221080108,2.424194492,-0.937775063,-0.584776872,-0.328249472,-0.533143826,0.223473764,-0.862066052,-0.543798562,1.419892034,-0.664984178,0.434958545,-0.287614343,0.522590001,-0.242754584,-0.856132587,-0.336646611,-0.673102232,-0.797733621,-0.265190194,0.063430856,0.14938725,-0.657773971,-0.594139212,-0.69784621,-0.444350304,-0.345353426,0.518557457,0.501305399,2.627477191,1.882630029,-0.741207002,0.243309585,-0.892684869,0.505212904,-0.436639093,0.261030964,1.896307898,-0.211166042,0.300075333,-0.46110082,-0.505811946,-0.623953385,-0.398665691,-0.751348835,-0.328049704,-0.248875284,-0.791940051,0.327351312,-0.716091212,-0.759140922,0.183908047,2.099497451,-0.750126022,0.598909479,-0.912253127,-0.829439426,-0.035029134,-1.126079445,1.184031329,-0.712128141,0.535942018,0.477853814,0.174646496,-0.196565602,0.345265501,-0.832834153,-1.019200938,-1.022275923,-0.363982663,1.235877064,-0.012930023,-0.565638638,0.549078855,-0.273162929,-0.810347708,-0.089367279,-0.443013251,-0.262258861,-0.107448782,-0.394548429,-0.091126254,-0.450788146,-0.134707298,0.017228284,-0.085643596,-0.425396425,0.386260818,-0.082268223,-0.096876033,-0.018150259,-0.311541706
78.5,78.75,79,A,10,-0.219275877,-0.483942964,0.315163083,1.869677158,0.538611084,-0.227159675,1.466609246,0.381508417,1.435649319,-0.289045176,0.41315287,-0.186179808,1.188388138,0.259699247,-0.960272606,-0.399017999,0.595945027,-0.224494933,0.881704267,-0.072617874,2.016985904,0.497774137,3.780741849,-0.676484296,-0.376920515,2.456647677,-0.370510061,-0.882544284,-0.510224251,-0.359319463,-0.542658672,-0.665664862,-0.254815105,-1.065171239,-0.341152428,1.511543201,-0.837914456,-0.955670799,0.42255453,-0.192652399,-0.463896601,0.2776252,-0.199149707,0.330656357,0.293363112,-0.976012242,-0.84563841,0.262905659,2.979663059,-0.820698363,-0.352396005,0.85605604,-0.024492683,-0.490773058,-0.766082598,-0.750831424,-0.830818752,-0.814587276,-0.304403844,-0.962826244,-0.021467485,-0.378217633,0.455385545,-0.435347008,0.969450304,0.369779067,-0.168801154,1.38148093,-0.238532833,-0.801098841,0.660062558,-1.034035612,-0.661993909,-1.03564672,2.098417346,-0.64419776,-0.690114221,0.751114653,-0.674292398,-0.835901175,-0.205598232,-0.719350011,0.911837076,-0.733579054,-0.018224381,-0.2244111,-0.058364135,0.200689778,0.157652707,-1.023494931,-0.325452073,-0.440321132,-0.084025779,0.296571491,1.255952372,-0.045921697,0.7876902,0.427582867,0.557137846,-0.678611903,0.360578708,-0.296345051,0.746318693,-0.023591552,-0.421988183,-0.692823004,-0.629359664,-0.876015934,-0.917187472,0.149207536,0.275945186,-0.295010737,-0.125750806,0.832901559,0.092335027,-0.478966597,-0.938112942,-0.991257726,-0.086030903,5.300555369,-0.711818495,-0.133391561,-0.668827188,0.187475029,-0.453432805,-0.215204836,-0.927143322,-0.710466342,-0.54368545,-0.7370865,-0.051985303,-0.92835591,-0.920919231,-0.791977516,-0.54290854,0.733595924,-0.889179655,0.05677365,-0.842626602,-0.489549756,0.04744137,-0.88291002,-0.637450464,-0.641263093,0.105357993,-0.269799133,-0.745564873,0.078035017,-0.527345761,-0.975444458,0.373545818,-0.789835882,0.045319237,0.453372785,1.783108582,-0.760359242,-0.964057879,-0.461940676,2.522756364,-0.780204412,0.478779461,0.149630633,0.55761467,-0.292160223,0.083881806,-0.444115585,0.113263089,-0.206658724,-0.171284228,0.175060219,-0.260120592,0.358660743,-0.491358147,-0.466713294,-0.444894342,0.142170469
78.75,79,79.25,A,10,0.80746108,-0.157070433,-0.701713286,-0.860508278,1.254222271,-0.175870971,-0.119934855,-0.795793919,0.040803838,0.061661362,-0.651095097,1.736537052,-0.455336331,2.19250302,-0.720846719,1.876735084,-0.337686683,-0.515580866,-0.077657355,0.140325973,-0.719694691,-0.95909022,-0.911416165,0.044655462,-0.21615385,-0.464215946,0.28227476,0.762900509,-0.595584722,0.341409274,-0.903504655,0.44979407,-0.327934014,0.146714189,1.709792695,0.084743774,0.75653308,-0.54634147,-0.243929639,0.504259122,0.729287593,-0.889738333,-0.870460417,-0.931448562,-0.733776049,-0.582425967,-0.512028545,-0.059180691,0.060209177,-0.457707172,0.886181454,1.156038086,-0.114472603,-0.288431951,-0.510327958,-0.26905978,1.609911779,-0.968096739,-0.628111085,-0.48376439,-0.848610635,-0.468391272,-0.712120077,0.360260157,0.552773273,1.38084559,-0.469108998,1.073188532,0.788843967,1.202976242,-0.521981242,-0.500288208,-0.72540581,0.161504045,4.834368609,0.222941217,0.545451227,-0.393987843,0.254336267,-0.430455554,0.61385202,-0.124311672,0.731078452,-0.261379961,-0.023525824,0.13234641,0.844002142,5.947758815,0.56580409,-0.785198973,1.078153742,1.88595769,2.012757934,0.860931982,0.233138645,1.532202373,-0.801330764,-0.015515737,-0.730679535,-0.382250931,-0.825954013,0.490766107,-0.19333187,-0.774359633,-1.056238101,1.899515485,0.156764396,-0.758026309,-0.784268649,0.546556963,-0.939642218,-0.696550852,1.722508639,-0.908162348,0.077563783,-0.255593312,0.986813731,-0.041284831,0.208162598,-0.782381614,0.83244627,-0.829371725,-0.455654586,-0.094882089,-0.727431465,1.206586195,0.791656574,5.844030293,-0.673335773,2.370217652,0.310967594,-0.970336327,0.979087513,0.409142965,1.165763461,-0.270724509,1.787773879,-0.059067353,-0.696224249,-0.556308721,-0.324444899,1.926609486,0.283761371,0.434300543,-0.99303133,0.781239124,-0.404930857,-0.512289964,0.257778455,0.174536543,-0.231417364,-0.424581952,-0.591937137,1.381065426,-0.475362712,2.113945304,-0.529489056,1.735138632,-0.31232647,1.241921772,-0.064674319,0.318789808,-0.243491559,0.163012715,-0.424726896,0.038986681,0.286065678,0.344648271,0.76404255,0.56733654,-0.129857562,-0.062856643,0.826426134,0.210007425,0.162352847,0.390695644
79,79.25,79.5,A,10,-0.362651174,0.474526066,0.821412683,-0.008379651,0.692673104,-0.722329066,-0.052692785,0.669729755,2.892732683,3.404693956,-0.654010379,1.043337599,-0.85233416,1.462714743,-0.51045951,1.661895161,-0.196936063,0.078904402,0.033391653,0.078180087,-0.850091579,-0.142756458,-0.393635431,-0.442446713,-0.138201689,-0.869740173,1.090808046,-0.364181618,0.029719719,0.304670518,-0.158058954,-0.302744478,-0.515440332,1.311753931,-0.271598005,-0.174896967,-0.834660281,0.873114468,0.163206566,0.355259947,-0.471085124,-0.238945758,-0.148389309,-0.055707164,-0.749908568,-0.148435785,0.057107576,-0.466949767,0.850044437,-0.098103561,1.497294433,-0.709868057,0.399667167,-1.061989715,-0.859960235,-0.91935828,-0.72369177,-0.141031861,-0.564912399,-0.005884082,-0.596783768,-0.643941078,0.004412413,0.848852389,0.145589993,-1.039639024,-0.367520429,-0.382374147,-0.7633674,0.528406232,0.012927393,0.565832554,1.266548838,0.831719825,-0.591484469,-0.623182254,1.709535916,-0.84414859,0.252443121,-0.956201366,-0.762089364,-0.946509941,-0.629729471,-0.660882848,-0.889859276,-0.727903384,0.334568853,-0.670688511,-1.047646274,1.939828136,0.48822603,-0.267369561,0.347445949,-0.134754658,0.665474201,-0.454430151,0.587507572,-0.021892255,4.00058098,-0.770316391,-0.733783999,0.259217783,0.898479625,-0.821199453,-0.59778033,-0.805033275,-0.258508384,0.935469252,-0.793088734,-0.889514677,-1.061558194,-0.597456324,-1.02454451,-0.645823635,-0.905644603,-0.602868264,-0.409535489,-0.23695926,0.019907182,-0.446628314,-0.951973794,-0.919562654,-0.458318959,0.087784516,-0.36050813,-0.350678438,0.430737882,0.046711896,-0.331981539,-0.75347975,-0.703291806,-0.162637282,0.771195683,2.810509943,-0.768759702,1.458745283,1.396277582,-0.901128228,0.114075433,-0.676465817,0.161864414,-0.209193222,-0.453361791,-0.944864547,-0.51348654,0.228753728,-0.476009644,-0.579240378,-0.766073418,-0.688713682,-0.910433975,-0.319841761,-0.101911514,-0.992634656,-0.46151177,-0.463687757,-0.504726546,0.519662865,0.138423507,0.376118225,0.780971557,0.214468353,-0.177585538,0.04459359,-0.147037302,-0.30897348,-0.226636482,0.162399097,-0.406091208,0.444047172,-0.280574219,-0.591111141,-0.356126897,0.333852109,-0.424032508,-0.272054338
79.25,79.5,79.75,A,10,1.45418458,0.954429902,0.644028419,2.643313928,1.023951346,2.75583696,-0.377095682,-0.330845904,1.927761347,0.171297428,5.491385186,-0.744049209,0.655556457,2.17771167,0.272402284,1.02028347,-0.450835135,0.85391343,2.313931353,1.332009015,0.803550451,4.796231015,-0.816165308,0.141630525,-0.714410226,2.03807058,-0.220799283,-0.836423288,4.140888912,2.193438477,0.281748255,-0.812035379,-1.007221998,-0.522858637,-0.350297663,0.420274593,2.807889698,-0.093991817,0.382591158,-0.48108399,0.202956594,-0.412394892,-0.208107987,-0.243840339,-0.170013669,0.949145728,-0.338117746,2.604002189,-0.039205495,0.653879614,-0.036599042,-0.238543082,1.189202683,-0.738640673,-0.581940366,-0.84356116,3.267897801,-0.543983961,-0.623459211,-0.74653074,-0.68800279,-0.975325535,-0.759301287,-0.977899114,0.618428357,0.070420316,-0.623760132,-0.03362281,-0.780075403,0.221469438,0.559683136,-0.954751476,-0.508591924,-0.63117766,-0.192364227,1.148351652,-0.156390149,-0.3503894,-0.285445664,-0.646547178,-0.021295345,0.428106165,-0.588313188,1.991261562,-0.44684125,-0.972194251,-0.084487153,0.761433859,-0.881402987,-0.463247182,-0.916802791,-0.474090081,-0.574571874,-0.266058412,-0.84483562,-0.73770245,-0.666082453,-0.267339222,0.348494017,-0.439102879,-0.702667642,0.385726879,-0.063420746,-1.027994428,2.029581664,0.12561376,-0.592347771,1.54046635,-0.599857108,-0.914504981,1.719890373,-0.4748784,-0.726931894,0.394219635,0.416114749,2.710573142,-0.658017277,-0.837201297,1.747529977,-0.253982209,0.258012757,0.27608491,-0.569018474,0.367607187,6.039808338,-0.720836021,-0.867043144,0.774982915,1.008987956,0.511092213,-0.549676547,0.408678905,2.095396583,0.691245059,-0.058038196,0.494818059,0.884848082,-0.265772806,-0.90573917,-0.382632155,0.424195924,-0.859284024,0.05630791,-0.575953784,0.271435856,-0.85821622,-0.830794113,-0.851993492,-0.040893919,-0.989207738,0.635000531,-0.659841085,-0.604932321,1.046797901,-0.054951239,-0.947513168,1.007130165,0.019548017,-0.911874181,-0.724959945,1.086686233,1.292230852,1.152601185,0.062501422,0.2998304,0.010384225,-0.392766896,-0.201762289,-0.027697977,-0.483809176,0.018059598,0.40373168,0.707967864,0.241312781,-0.42544036,-0.119559532
79.5,79.75,80,A,10,2.536314431,-0.828033246,7.821152501,-0.182699221,0.030789679,0.10117377,2.210828974,-0.135055248,2.216326488,0.96270663,2.845598183,1.496417756,0.575306741,1.123826897,0.934544307,0.785304219,0.50705891,1.44938238,-0.560769313,0.351689232,2.415845295,0.326970591,2.049482735,7.054850902,2.919537583,3.856736166,-0.372334098,5.596474053,1.084074306,3.920595838,1.281110394,-0.423002362,-0.156906536,-0.129733094,-0.066306223,-0.651812988,0.066124227,0.214400016,2.487771647,5.605373341,-0.860173249,-0.016221162,-0.569192804,-0.42891915,-0.083306875,2.145909352,-0.237299224,0.296882768,-0.457365043,0.471873212,2.924460239,-0.672857066,1.652621939,0.754518582,-0.024620913,-0.453131652,0.418888603,-1.03145584,2.351050625,-0.193033438,2.992241422,-0.967247855,0.071346233,-0.117923205,0.048408056,-0.661916679,0.019692097,3.346583652,0.324839115,-0.754836785,1.478593787,0.560110974,-0.035434847,0.563771187,0.68996845,1.553237431,-0.838310715,-0.668409966,-0.708295398,-0.994454451,3.261369661,4.896531196,2.87526361,-0.788895369,0.650646495,-0.322086814,1.95466298,-0.312588389,-0.553594917,-0.243138019,-0.274160699,0.807676631,-0.645343158,-0.137843248,-0.30972353,4.754427721,-0.076125434,-0.952513644,1.798105368,2.085747104,0.826741571,2.987703584,0.264867377,1.037834299,-0.660145924,1.06375295,-0.75546334,1.675680935,0.465502092,-0.536888917,-0.662782505,0.970755583,-0.422363609,-0.601972329,-0.479577539,0.881430979,2.623480344,-0.523630414,-0.119723735,-0.575600201,-0.344011519,0.65128349,1.755068803,-0.917997761,5.702945467,-0.679456155,3.359466836,-0.299827687,0.603676557,0.557200607,-0.079743103,1.679106426,-0.752152712,3.086101211,-0.344514091,2.78655039,0.534439784,-0.423916439,2.491947948,0.789638535,-0.687216986,-0.878063203,1.600792728,-0.328662082,-0.796326021,-0.150137992,2.138252187,-0.768268803,-0.039269863,-0.436660751,-0.198184975,3.780310147,1.023876617,4.065002474,-0.636202991,-0.154078396,-0.89284778,0.105059956,-0.836250072,2.010250187,1.473350476,0.950835931,2.885223337,0.822701842,0.026218782,0.572644108,0.430118605,0.160077645,1.141817043,0.705024711,0.636958463,0.109001657,1.038834864,0.976745795,-0.034556079,0.826693517
79.75,80,80.25,A,10,-0.591207673,-0.430845905,2.187449121,3.682232938,-0.743145629,0.571420597,0.932618059,0.522736735,-0.843491927,2.485474879,0.501191562,-0.978216552,0.656648117,1.196083401,0.630177824,-0.404042165,0.011045347,0.500992744,0.215629996,0.233313416,2.62676742,-0.624097701,0.972160634,0.748320649,1.541634152,-1.085033133,-0.045475113,-0.218195127,-0.897678188,-0.865146825,-0.171534923,-0.170902767,1.795562324,-0.920226203,2.810283923,-0.034708643,-0.404351737,2.311265703,1.210487652,0.049891463,-0.44353197,1.427181199,3.193568453,1.14323045,-0.700403083,2.065306004,-0.657211194,-1.025506718,-0.879032919,0.098524469,-0.850887468,0.353106205,-0.063586064,-0.294233932,0.158930261,0.567395042,-0.141470114,-0.623730756,-0.351134339,-0.831781837,0.043501362,2.139025901,0.455272848,-0.771752417,0.95403133,-0.752018373,-0.487829965,-0.637013116,-0.153778631,0.747251403,4.84590133,0.296240301,0.411598017,-0.744151471,-0.332828075,-0.113094501,0.367286123,-0.533272848,-0.579176765,4.055689624,-0.486899232,1.585879759,0.481692012,-0.735152897,-0.202399611,-0.23923568,0.100119929,-0.194212965,-0.899557209,3.366095927,2.032852225,0.111418907,-0.935674236,0.330559384,-0.463757493,8.205469389,0.09712482,0.413950881,-0.128641256,-0.559345605,-0.810195722,0.295513945,-0.362374381,0.039089169,1.422413606,-0.730207879,0.298617767,0.118952881,-0.671174765,0.963662979,0.169349029,0.617822415,-0.643481195,-0.690866578,2.169479282,1.55715645,-0.838493522,2.517530806,2.489600391,-0.928428776,-0.7825664,-0.762666447,0.058487471,0.630328268,0.87137428,0.340625731,2.091475381,1.227283217,0.168569299,-0.397460187,0.833999599,0.694986469,-0.692739597,-0.856855085,-0.626785425,-0.60541922,3.142682896,-0.759374545,-0.411515525,1.550391849,-0.927884624,-0.28285459,-0.216670447,0.849198695,0.980765107,-0.572092826,-0.256020968,1.714077734,-0.327387688,0.003721373,-0.915874363,0.341663145,-0.534384459,0.015460068,-0.360067831,0.779947289,-0.525163901,-0.049364871,0.821597602,0.052557804,0.77732412,0.256282369,0.215325677,0.647576679,0.422212469,-0.2077393,0.153669034,0.767419173,0.277633003,0.910395701,0.05642976,0.64196683,0.344545061,0.226937142,0.096485176,-0.037362952
80,80.25,80.5,A,10,-0.349127493,-0.609363393,-0.713327277,1.648408002,-0.276691252,0.16834902,-0.446019128,0.296963513,-0.316297092,-0.722924352,-0.588843587,-0.2588079,0.35664362,0.168326858,-0.721646452,-0.68546448,0.238641464,0.269139247,-0.600055292,0.786399803,-0.713798123,-0.420514212,0.747737516,-0.598157604,-0.390024939,-0.125783768,-0.562821691,0.083149872,0.229957276,-0.506547481,-0.855883759,-0.769407883,0.08606905,0.514340483,-0.922719584,-0.725015287,0.584875873,-0.8300598,1.303230311,-0.392789072,0.213090849,-0.517466572,-0.429898453,0.012625255,-0.890026329,-0.383759796,-0.725703708,0.300167193,-0.390056928,-0.947359106,0.578886965,-0.979019508,0.923609357,0.105804281,-0.250310422,-0.559751606,-0.819594379,-0.694152639,-0.086315146,-0.167326084,-0.794939822,-0.595090375,-0.759981839,-0.924080542,-0.831249864,-0.644790545,-0.598156494,1.772397397,-0.509849548,0.241228241,-0.234516776,-0.345456598,-0.346363112,-1.021796305,-0.461169937,-0.722348268,-0.774079998,-0.797139999,-0.600127343,-0.304129216,-0.498958988,2.207836523,-0.807034672,-0.739824254,-0.937620833,-0.577591516,-0.65756483,0.173083301,-0.961679175,-0.844968411,-0.6460494,-0.435981353,-0.844487203,-0.980197197,-0.18676358,-0.254307191,-0.140924557,-0.537310685,0.313666235,-0.384299863,-0.65961771,0.003410146,-0.485047353,0.892324783,-0.321902147,-0.572929308,0.31928362,-0.811303616,0.865854131,-0.621026824,-0.907817226,-0.8949359,-0.738299844,-0.582777981,-0.881913409,-0.617515592,-0.329310922,0.435390107,-0.726505435,-0.360161926,-0.521352442,-0.747628706,0.58195279,-0.502292492,-0.850532411,-0.976353925,0.104926974,-0.463645806,-0.293712735,-0.689944012,0.22591659,-0.228935854,-0.361328884,-0.27223757,-0.465918577,0.363921088,-0.181373384,-0.023448198,0.736294775,-0.204516204,0.964515668,-0.404702973,0.481386846,0.304011174,0.262792546,-0.473586296,0.013091807,0.883216486,0.490221643,0.726924751,1.144633601,-0.089937103,-0.208069554,0.040631953,-0.215988939,0.388331615,-0.45736997,0.014597349,-0.734852737,0.299858045,-0.132002945,-0.103566672,-0.225680315,-0.200735967,-0.37583876,-0.194816918,-0.364451339,-0.560712755,-0.364432285,-0.409665479,-0.139095428,-0.560384813,-0.435858276,-0.041162622,0.324787165,0.018183426
80.25,80.5,80.75,A,10,-0.273584566,-0.548208064,-0.021002937,-0.433966112,-0.598356162,0.967730875,-0.759351999,-0.859307243,0.259906926,0.700408664,-0.528662617,-0.600302873,0.88107399,1.988543272,-0.832032648,3.433346653,2.572926748,-0.313493481,1.937960452,-0.962278345,-0.849484715,5.460122803,-1.026386899,0.699475583,1.21936799,0.17416999,-0.511425987,0.709376706,1.285171316,-0.991573769,0.126752225,-0.545801394,-0.646942677,0.526447867,-0.930460889,-0.918089941,1.325967945,-0.105725934,-0.53199899,0.201624282,3.038616781,-0.962986911,1.939282064,0.460228113,-0.688196019,-0.962696125,-0.943781981,2.432803896,-0.023571098,0.150013946,-0.431538275,-0.971631477,-0.450552325,0.496933709,-0.953760639,0.077948317,-0.475059919,-0.766343526,3.700376216,-0.667433501,0.156728725,-0.513245584,-0.83666559,0.204054553,0.359123237,-0.980082996,0.734988673,0.243404441,-0.808847735,0.604538248,0.736974385,-0.203062381,0.151224763,2.831779287,-0.829847323,-0.188028529,1.647750237,0.188992236,-0.441989363,-0.415004051,0.798433658,-0.865810382,1.631906486,0.450946779,-0.296969853,0.55350187,-0.495541173,-0.589553151,-0.919947506,-0.940053133,-0.833437504,0.714655645,-0.930896656,0.111027628,0.435467859,-0.628422698,2.400921883,1.489728748,-0.251998385,0.402553037,-0.736498188,0.507843641,-0.634812431,2.616692782,1.47168294,-0.673863311,3.810349965,-0.140646707,0.143338518,-0.404878984,2.927453307,-0.6748798,1.384707105,0.055020575,1.611277163,-0.655800207,-0.43724132,0.523229238,2.227672432,0.115511929,-0.654810317,2.186143152,0.161517488,0.175045719,-0.706898176,1.628118983,0.38274714,0.961510187,-0.002995332,-0.252630431,-0.733721763,-0.13917692,-0.513147928,0.28754919,-0.126592667,0.049146486,0.674875207,-0.202348646,-0.21010726,-0.215064439,-0.830527808,-0.476564486,1.425548869,-0.271232577,0.090392956,-0.872623571,-0.637445412,1.196291032,-0.274474826,-0.62260817,-0.553059432,0.34678739,-0.335662604,-0.729250404,-0.151697979,0.099899155,3.338084912,-0.624021544,-0.636423574,0.976618935,-0.156573062,0.757708115,0.616881302,-0.149822751,0.443971267,-0.044106142,-0.083600403,0.347878926,-0.067308641,0.290959956,0.595920823,0.707695042,0.387774841,-0.112858874,-0.127324399,0.173127486
80.5,80.75,81,A,10,0.202730724,0.022503629,0.378718595,2.207034881,-0.352657885,0.764321655,0.228257012,-0.292128743,-1.003996297,-0.341685381,1.493548668,0.16698666,-0.375872194,-0.411877958,-0.95743695,0.43986071,-0.444947484,0.143867635,-0.782515632,-0.576043238,0.089612036,1.052555026,0.072541915,-0.389584674,0.209043313,-0.628317818,0.517280703,-0.274607835,-0.868119708,-0.427671856,-0.579790091,-0.653766317,-0.464674473,-0.924599348,0.146432134,-0.974444116,-0.094900808,-0.885910828,0.473636628,-0.764123941,-0.75986554,-0.865201468,-0.882260507,-1.029955117,-0.832276423,-0.086919972,-0.303257897,-0.130024686,-1.029734508,-0.327195034,0.723224873,-0.461755299,0.305958412,-0.370864658,0.244397236,1.067652467,-0.85210845,-0.490442335,-0.476128276,1.165434704,-0.949936336,2.218507159,-0.375743199,-0.116700538,-0.521174502,1.297866907,-0.610419022,-0.398526776,0.043817777,-0.271904738,-0.056712887,0.087994717,1.655190471,1.647203098,-0.387058392,0.023021506,-0.224890566,-0.508994281,0.119903837,2.469545586,1.055484765,-0.852309958,0.1330055,-0.734474393,-0.82393558,1.322153034,-0.22400316,1.323983644,3.539391293,0.421527618,-0.711691164,-0.360739456,0.866483521,0.229574926,-0.227796743,-0.609409637,-0.792642746,-0.689506009,-0.403609703,-0.933618963,-0.649081993,1.000059816,2.722578906,-0.069906882,0.733862631,-0.77313386,0.272689993,1.489296444,0.008623105,-0.286001055,-0.350252001,-1.027814846,-0.026324716,-0.51143909,-0.842188658,-0.15008361,-0.749701974,-0.126250367,-0.345776935,0.266837761,-0.588871626,-0.373969879,-0.850311019,-0.08982619,-0.646912517,0.928032981,-0.857613872,-0.459459353,-0.280110922,-0.181608732,1.640000088,2.344942953,0.879849669,-0.609586671,-0.658344033,-0.279697959,-0.68164007,-1.010033998,0.513942957,-0.356677256,0.013327485,0.216881538,1.593329888,-0.746937072,0.366494917,-0.668546666,-0.700360775,-0.841694959,-0.06600731,0.163635002,1.414876429,-0.361297832,-0.128517703,-0.392830615,-0.861607058,-0.618491961,-0.678885841,-0.60288698,-0.489618578,-0.734179364,0.181309819,-0.130442978,-0.06472689,-0.472214116,-0.624669115,0.085536867,0.031578673,0.482520309,0.516082276,-0.363295597,0.44489871,-0.386299444,-0.340065113,0.178275568,-0.066987795,-0.34534395
80.75,81,81.25,A,10,0.05276885,-0.008830818,4.127873924,1.526600065,-0.338344898,-0.072300908,-0.061522981,0.688595116,0.860117617,0.142353544,1.66475142,0.366863805,-0.250958069,-0.482497295,-0.77856754,-0.673629217,2.614598678,0.161742196,-0.476423539,1.992024742,1.104228392,-0.269187787,-0.349964219,-0.603557057,-0.198413401,1.531340485,1.292758194,-0.27412141,-0.281042779,-0.752753981,0.486843353,-0.165992519,1.621909688,-1.012471235,-0.540924527,-0.215078655,-0.557603355,-0.081713541,-0.709467834,-0.418887914,0.117503342,-0.299698982,-0.968616351,-0.361215565,-0.703485897,-0.004848693,-0.820644456,-0.417491225,1.04248676,4.088878726,1.368221013,-0.578423758,-0.401536299,-0.198864921,-0.839209897,1.437843476,0.5311428,-0.495451579,-0.39736232,-0.708073008,-0.769242738,0.001234993,-0.976680513,2.662744217,-0.557925198,2.627421085,-0.88175971,0.586965277,-0.348382649,-0.725374436,-0.828104967,-0.547584123,0.651856799,-0.454425214,1.708518041,-0.37754664,0.089740315,-0.861594811,1.328404626,-0.450372649,-0.0072864,0.724283521,1.187137507,-0.825492301,1.297620694,-1.031765848,-0.847455017,1.01639645,-0.845060437,-0.399555221,-0.959670217,-0.734713929,-0.734914424,-0.300384827,-0.257235051,-0.817024272,-0.678975699,0.095704241,1.471185453,-0.910930895,-0.34645411,-0.702216786,0.064147484,0.439715439,-0.006194606,-0.360758691,1.031475116,-0.124548808,-0.792108257,-0.809130265,-0.23298128,-0.691319103,0.999816051,-0.661329367,-0.721672754,-0.802673066,-0.284471243,2.130472087,-0.544954612,1.505221946,-0.509035171,0.699876071,-0.035551649,-0.503771139,0.209471152,2.944397299,0.500937791,-0.889429773,-0.858862532,-0.656714154,0.108309105,-0.342088388,-0.64205502,-0.579802061,0.604840564,-0.509357371,0.439357392,-0.573243039,0.542616279,-0.537344129,0.428461056,1.158214252,-0.702841497,2.192897654,0.046168232,-0.174373845,-0.718538152,-0.221199344,3.451900307,1.911612034,0.512667313,-0.627942926,0.943358506,2.57895895,-0.454553132,1.014375767,0.402302477,-0.317618773,-0.197720967,-0.464546426,0.691730951,0.413790518,0.119928644,-0.159338654,0.167286766,-0.028171449,0.161900033,0.025889138,0.026882295,-0.382695962,-0.160607348,0.069610866,0.09013179,-0.148876667,0.73723007,0.338928079
81,81.25,81.5,A,10,-0.102739811,-0.012599319,-0.469044461,-0.904952079,2.226256947,0.375816218,-0.57104229,-0.267386687,0.55428302,2.490808053,0.591008451,-0.321061301,0.682218893,-0.666743177,-0.556771446,1.079988422,0.180923886,0.062728651,-0.879412467,-0.903450213,1.853848025,-0.686829918,0.258436615,-0.172648481,-0.06378166,-0.879784277,-0.696865162,-0.521853287,0.307110335,1.709851762,-0.200547716,-0.235974779,1.131730637,-0.50541738,1.489176295,-0.093903789,-0.653965504,0.069680485,-0.233220559,0.63438131,-0.811062251,-0.179031711,0.072438863,-0.066084209,-0.029016682,-0.370459306,-1.005160465,0.284809559,1.002035807,-0.449205382,-0.661924025,-0.357960129,1.13706981,-0.893579096,-0.529355139,-0.347321946,0.313414046,-0.996102419,-0.722006456,-0.560336334,-1.103077286,-0.045748692,-0.021563783,-0.059192702,-0.312260297,0.37401701,-0.920560847,-0.826746884,0.582109061,0.215283894,-0.935938212,0.277595519,-0.569506905,-0.39952094,-0.3820152,1.153598037,-0.785579292,0.016283666,-0.746188689,-0.886209993,-0.577042992,-0.559380573,-0.882219043,-0.705431053,-0.219263073,-0.563962437,-0.728848706,-0.634121581,-0.153222423,0.354173167,-0.309132501,-0.854098419,-0.328918561,-0.757838396,0.162150946,-0.537235775,-0.032929211,0.826847798,-0.91218194,-0.680073265,-0.539273612,0.266655984,-0.806585423,-0.473613201,-1.03608694,-0.607681256,0.672971861,-0.87633804,0.688743909,-0.540821702,-0.345662381,-0.823494926,0.098063783,-0.618148194,-0.268037769,-0.220241982,-0.232934405,0.340490922,0.195989624,-1.01305886,-0.284911031,-0.590304164,-0.505535172,1.819291699,-0.88025196,-0.636708266,0.405823486,-0.400132254,-0.550829862,-0.702110212,0.516341081,-0.386348231,0.713165629,-0.246651732,-0.499334251,1.080388535,0.82158219,-0.555168885,-0.031127685,2.352793461,-0.354955959,-0.797648245,0.813447718,-0.85789031,-0.504394537,-0.522814985,-0.788849591,0.303220644,-0.86593426,-0.313910305,-0.477054595,0.186173481,0.319251923,-0.157664651,-0.079904132,-0.536198799,-0.669418078,0.63055336,-0.562857245,-0.261406025,0.331939959,-0.07305703,0.110748395,0.1401939,-0.155073578,-0.361810169,-0.211774053,-0.325748201,-0.466931871,-0.342340933,-0.325202842,-0.288703419,-0.232566774,0.376564011,-0.388972983,-0.160852476
81.25,81.5,81.75,A,10,-0.511663204,0.234827498,0.601297422,0.031840092,-0.883255093,-0.840942941,-0.759002833,3.657168031,-0.810198514,-0.015153726,-0.463203219,-0.571249584,-0.778172164,-0.490492767,-0.703492679,2.485434168,-0.21756735,0.683744993,-0.598362834,2.111021412,-0.195835358,-1.026326547,1.597961907,-0.641744737,-0.121982695,0.043665845,-0.700633515,0.405160636,-0.960724169,0.702004063,1.197759133,0.419138271,-0.78760873,-0.848547184,-0.934316904,-0.505140947,-0.073421912,0.846047273,-0.082019296,-0.071220354,-1.012184478,-0.841456737,-0.43906766,-1.085285826,0.526329322,-0.005313398,-0.41541986,-0.080797629,-1.011034539,1.897063208,-0.438025214,-0.663134721,0.861230648,-0.490411945,-0.74478044,-0.692643133,-0.123493974,-0.909601467,-0.774973952,0.960051879,-0.87932543,0.547304751,-0.768728465,-0.067921528,-0.180275753,-0.466923055,0.835385175,-0.353842648,-0.84363754,-0.667151979,-0.92138351,-0.333985422,-0.826669345,0.085078146,0.900130665,-0.934361681,-0.988680535,-0.248284428,-0.057595022,0.7618714,-1.079182378,0.025155647,-0.888945799,-0.423905655,-0.492137272,0.929277959,-0.190375931,0.168932235,0.075620115,-0.406424944,-0.185426501,-0.623403962,-0.969811484,0.821420675,-0.58265941,-0.543987445,-0.426819473,0.419868909,-1.016965917,0.340585272,-0.168301985,-0.248751559,2.161990475,0.097825578,0.504772952,-0.864657096,-0.951982135,-0.650555982,-0.047999552,0.671353938,-0.165654453,-0.839598082,1.395927017,-0.346398472,-0.131213492,-0.027801029,0.11573724,-0.306601333,-0.556554679,0.029526421,0.717310449,0.753020849,-0.976999712,-0.510748842,1.023715361,0.21615949,0.228114016,-0.644134468,-0.309907089,-0.573102545,-0.396484436,0.04535698,-0.505896,2.341261861,-0.989458865,0.339226275,-0.923921853,-0.182135258,-0.493846301,1.223297014,-0.924358471,0.567505948,-0.149098583,-0.44792007,0.790923669,-0.158815715,-0.652413093,-0.280811985,-0.61749069,0.418128757,-0.298441179,1.679325704,-0.103814244,0.536003641,-0.021595313,-0.815391498,0.288433695,0.982637109,-0.443543529,-0.65735707,0.070491673,0.145765998,-0.089845457,-0.083933065,-0.24671676,-0.301578232,-0.284511647,-0.256387973,-0.228198602,-0.276719934,0.050369464,-0.083263086,-0.007657249,0.045739942,-0.145435023,0.114625732
81.5,81.75,82,A,10,0.843423101,-1.022716475,-0.082538192,0.772007573,-0.072580686,-0.810068674,0.745228029,-0.860859899,-0.774343662,0.250645454,1.429387064,1.127408787,-0.710171158,-0.178106354,-0.429740978,0.044718355,0.22175653,-0.544329573,-0.150301059,0.902253279,-0.714103608,0.257571516,0.186720969,-0.332244833,-0.621864809,0.132311152,-0.245894349,2.816835723,0.617776709,-0.465125683,-0.884009396,-0.821997168,0.985653862,2.489968254,0.338533352,0.070594341,-0.170602227,-0.808664991,1.851242456,-0.969714201,-0.177980302,-0.051582491,0.150134338,-0.280802841,0.595599966,-0.749129726,-0.348236466,-0.656810074,-0.991044797,1.84449118,-0.194372149,-0.473469399,-0.392426493,-1.037933436,-0.281152427,0.16082333,-0.584138971,-1.128870964,1.322440494,-0.843828976,1.753549899,3.109680055,-0.432195887,0.396754901,0.273436845,-0.558528722,0.604269405,0.21812611,-0.817967925,2.064323546,2.918628184,1.546129664,-0.536416373,-0.945683597,-0.575249003,0.813011523,1.251489002,-0.638305906,-0.446214112,0.213913297,-0.367752424,-0.820144805,-0.487308774,-0.279994381,-0.665016857,-0.982587322,-0.404795164,0.146670275,0.252623675,-0.507051679,0.882524508,-0.160598707,-0.568134852,-0.823046404,-0.647715512,-0.004185998,-0.278716639,-1.071236093,0.035363762,1.810068038,2.689240472,2.73320025,-0.610109934,2.423442904,1.015135227,-0.977895624,0.215943248,1.283495126,-0.562734471,1.403304493,-0.901002093,-0.350952815,1.4716756,-0.900796119,-0.216637043,0.544328641,-0.403244231,0.757802018,-0.834108604,1.043640211,-0.375268647,-0.364869351,0.292399802,0.01707064,-0.65061945,-0.463168678,0.79272234,-0.385338755,-0.307976642,-0.094655817,-0.461764576,-0.433638181,0.076647238,0.544807971,-0.513365897,3.500542477,0.393565865,-0.954183843,-0.641617295,-0.466844012,0.109809791,3.236831874,-0.57531985,1.269735862,0.021167945,3.921210482,0.806771214,-0.838945578,-0.351208523,2.8049749,0.872364561,0.463124503,2.453662143,-0.492979067,4.116363566,0.912780957,-0.897817253,1.898619204,-0.866467523,-0.542061859,-0.101180343,0.171287489,0.163198279,0.208100428,-0.066536121,-0.345292899,0.661144823,0.360130268,-0.411535746,-0.08256779,0.961302169,0.021070557,-0.153970456,0.104414975,1.040502812,0.791758923
81.75,82,82.25,A,10,-0.116249367,-0.659862318,-0.197540985,-0.172203281,-0.783907558,0.010405836,-0.737707291,0.29837831,0.121522267,-0.330335889,1.112296976,3.879498746,-0.374957239,0.818791665,-0.535305327,-0.565687403,-0.140139331,-0.773271228,1.845933218,1.694028167,-0.637401168,-0.818904396,-0.454864905,0.894273145,-0.916169128,-0.156898455,0.902492041,1.755295453,0.348476615,-0.82233807,-0.660767542,-0.711968368,-0.510101861,1.09787223,0.355089835,0.20740247,0.92847319,0.475378773,0.35771081,-0.18690665,-0.708427611,-0.606055963,-0.572341142,-0.535991804,0.396032424,1.84641592,0.325528484,-0.299014042,0.440895674,-0.298604615,-0.278680737,-0.733912954,-0.80347788,0.563894049,-0.379497379,0.817515008,0.209326927,-0.743795734,0.763801504,0.166311447,-0.073440469,-0.329069032,-0.04095448,-0.708198758,1.882523895,-0.218723254,-0.353652348,-0.205186998,0.112226967,-0.799809192,1.575441433,-0.810065141,-0.866355943,-0.531450488,-0.020045846,-0.483662264,-0.505221118,-0.542732869,-0.206771695,-0.708969489,-0.467103347,0.67998805,1.043381021,-0.755529508,-0.159589125,-0.584978264,-0.802793623,-0.142350526,-1.015092909,-1.048994983,-0.338709044,-0.836893058,-0.060013765,-0.63555352,-0.131231533,-0.903293881,-0.502211464,-0.923852139,-0.955622846,-0.135308006,-0.601800912,0.137409732,-0.876042834,-0.597808674,-0.887078679,-0.812782784,-0.271007221,1.399274766,-0.670701092,0.749212774,-0.313667394,1.831886569,-0.309665104,-0.060014839,-0.283390204,3.844729156,0.796744653,0.299272778,-0.888216453,0.956830707,0.237703381,-0.575590534,0.293259694,-0.252546804,-0.76706706,-0.989130853,-0.243264173,-0.191264711,-0.104880651,-0.67618076,-0.612936468,0.473599768,3.977169355,1.910386541,1.626433964,2.478363367,0.596182605,2.52701231,0.067706233,1.260929828,0.214723388,-0.810399167,-0.035841785,1.252395032,0.523325761,0.7993747,-0.641944025,3.412832046,1.307007151,2.041014497,-0.040217145,-0.24727748,-0.781404081,-0.397488871,0.691379494,0.92757006,0.151377445,-0.484623619,-0.365742318,0.145368751,-0.256750028,0.696118825,0.009396113,0.135218289,-0.001156267,-0.041851575,-0.073428367,-0.309983342,-0.325306321,-0.542268926,-0.243132492,0.587450987,-0.326896247,1.43048475,0.80624876,-0.040105776
82,82.25,82.5,A,10,1.427083739,0.270098388,-0.70451461,0.780035178,-0.424925973,-0.213086871,1.333709068,1.123463876,-0.925957572,-0.681578693,-0.854591034,-0.581653712,-0.661688959,0.920835444,-0.462248999,0.087704692,-0.465106356,0.071787788,0.717222721,-0.926248209,-0.58570044,-0.759520879,-0.193814385,-0.651887527,0.09515975,-0.831738554,-0.793539088,-0.570922924,-0.514941281,0.569466713,-0.769912748,0.352086782,-0.031538609,1.750760422,-0.618460424,-0.473760405,0.553958418,-0.997012837,0.52254984,-0.879562918,-0.906479928,-0.245138638,0.218029543,1.02626731,-0.108953672,-0.484923596,0.748624036,0.271622787,0.069737405,-0.881963748,-0.199557053,-0.34056811,0.856198715,-0.481657637,-0.749491876,-0.645042931,-0.393148709,0.282374823,-0.799574778,-0.791981944,-0.761225684,-0.376394247,0.125283334,-0.109304943,0.419395539,-0.468276355,-0.355333072,3.369812404,0.88707775,-0.104528999,-0.559778173,-0.514486866,-0.898030559,-0.249526805,1.394034708,-0.442253935,-0.836740159,-0.837834937,0.167495762,1.444730927,-0.586802045,0.162574504,-0.333503189,-0.5798761,-0.725588099,-0.496551711,-0.113451551,0.524410943,-0.422618618,2.088720675,-0.548826425,0.772531609,1.82922301,0.25903804,0.490727658,-0.521663513,2.375461692,-0.341100732,-0.725073356,3.397880216,-0.382707716,1.58467686,0.991871942,0.6261766,-0.891546546,-0.679115372,0.675803085,-0.393035462,2.969056465,-0.831016002,-0.806833382,-0.565162995,0.169177008,0.132094613,1.502293294,-0.682319232,-1.017244449,-0.790734273,0.12366095,0.305312051,-0.878292978,0.297790659,-0.635922466,0.105099758,1.239295858,4.242088749,0.587865103,-0.766814435,-0.740641907,1.199464261,5.065649938,-0.719253444,0.523326231,2.69603365,-0.351044844,0.113416231,-0.084927395,-0.924926401,0.028720373,-0.304888955,0.7276503,0.023400025,-0.854997134,-0.984006492,1.001255098,0.035137592,0.269150688,-0.349648215,-0.042381404,-0.862277524,-0.383114773,-0.978857532,-0.062190951,-0.303594632,-0.639849326,-0.773486016,-0.540773217,-0.420473151,1.030760781,-0.819792604,0.198432653,-0.215398662,-0.423743862,-0.059089248,-0.02931785,-0.32624495,0.262650573,-0.133239004,-0.048268519,0.69881982,0.367016385,-0.162975642,0.46499326,0.604210538,-0.103671706,-0.389137142
82.25,82.5,82.75,A,10,-0.443594521,-0.47683027,0.8219334,0.948946991,6.521258193,4.610941577,0.234283037,-0.270464322,1.965070638,0.329718332,0.416612252,2.822006831,-0.258774475,-0.813507987,0.052982353,-0.912990907,0.278451542,-0.859621371,-0.312585638,-0.748497466,-0.35059431,-0.494035853,-0.588174742,-0.191879006,0.373798629,0.914716328,0.766720904,0.28392494,-0.306639589,-0.984482271,0.226360251,-0.144624425,-0.651678627,-0.696565882,0.122061716,-0.46030126,3.534714429,0.304026982,0.414251231,-0.34426654,-0.087268242,0.102296854,-0.893486522,0.914566988,0.091826201,-0.553016521,1.126560559,-1.086941839,-0.334689184,-0.326934622,-0.89171672,-0.704211084,1.121732034,1.889732837,1.413975972,-0.760788366,2.861189615,3.325331368,0.63085199,0.020104479,1.422527154,-0.558961727,-0.031664174,-0.881740755,0.276545207,-0.198621196,-0.645051244,-0.57942222,-0.57469774,2.462773644,-1.040559025,1.546823534,2.763841547,-0.508891839,-0.88274774,-0.367533117,-0.294186051,-0.793020109,0.186155946,0.434018015,0.523459841,0.27107659,-0.800902183,-0.14090819,5.030313535,0.434232887,-0.343034458,-0.455803242,1.928134513,-0.466096625,-0.459213699,0.526570593,0.262900227,0.025951554,4.559148729,-0.055613367,0.296149117,-0.221731247,0.09900784,3.581120962,0.703676501,0.21030562,-0.010682592,-0.380249041,1.351407307,-0.751030859,-0.702561945,-0.198868012,-0.540789439,-0.676360402,0.001608112,-0.472123356,2.793486718,-0.41257276,-0.488480752,-0.680208944,-0.385193876,-0.403971254,0.57371496,1.118343307,0.281786772,0.016123759,0.356608366,-0.49745411,3.286517352,0.431886856,-0.845584575,1.13278552,0.131239999,1.896555638,-0.298178001,0.060472984,-0.675995681,-0.406372061,1.19871647,0.829486002,-0.30643543,-0.594354846,1.450792188,2.954592651,3.478793027,-0.089948724,0.012828408,-0.371810968,-0.352846781,-0.922283603,2.076847761,0.141726273,1.692126839,0.369209654,1.47267352,5.380734354,1.944115918,0.353215206,-0.478306563,0.334002758,-0.016282965,1.416738679,-0.322096712,-0.696556693,1.424126306,-0.033592487,-0.057664497,0.230397788,-0.104708633,0.890620213,0.069168695,0.104390116,0.598047267,0.861429071,-0.099515286,0.164460215,0.619046558,0.421272428,0.603464188,0.93882375
82.5,82.75,83,A,10,0.552257574,-0.967059522,0.049278399,-0.227961431,-0.728525347,1.212638472,0.601016798,1.682194667,-0.467750259,-0.586553941,-0.320089496,-0.358389175,0.405910977,0.299731983,-0.815761213,0.40592786,0.641715961,2.399526605,-0.731127352,0.01621026,-0.316509045,0.64598288,-0.215126216,-0.509806783,-0.605197309,-0.684178064,1.846869832,-0.835906902,2.670485425,-0.294798444,0.686931577,6.567763078,1.141528721,0.836053325,-0.618334157,1.507976359,-0.042652619,1.139961794,-0.821147692,0.274724961,0.076911582,0.1170688,-0.373853495,0.908856205,0.618530911,2.147356411,-0.84585622,-0.342259653,1.8507034,-0.65268014,1.078554057,3.049943925,0.085555655,-0.949784428,-0.004325117,-0.646538162,0.826858261,-0.681565314,-0.631242926,3.717817503,0.48768565,-0.562041241,1.660548967,-0.502099245,-0.235433141,-0.947764147,0.888720554,0.440701741,0.044653944,-0.663615407,0.451486402,6.421654763,-0.845569676,-0.053609184,-0.052148886,0.318389087,-0.594630612,0.094085013,-0.354896844,1.003766797,-0.493760409,-0.32149467,1.340742532,-0.279473713,-0.031692022,0.106877243,5.032112725,-0.912328809,4.734845717,-0.745603115,0.705786981,0.717654827,-0.577175912,-0.349506108,-0.309627206,1.338879955,-0.791672603,0.592628576,2.230869452,-0.774452212,0.764651731,-0.477142233,2.48330178,0.868857587,1.905091596,-0.518613464,0.219565839,-0.839948591,0.256786025,-0.434643378,-0.038895618,3.239020862,1.802752549,-0.388643926,1.592938023,-0.069815645,-0.363732678,2.535394375,0.24138019,-0.123251828,0.366699127,0.869793074,-0.716436547,0.443655046,-0.547719622,-0.691093038,-0.990369337,0.430191517,-0.458523695,-0.469275931,1.378359697,-0.471380313,-0.055658617,-0.875210251,-0.133461404,-0.403337093,-0.17470311,-0.045067305,2.482610045,-0.506087012,-0.380237332,6.26149012,-0.178576358,1.221776072,-0.146949039,-0.008773061,1.402939639,-0.759178959,-0.796806758,-0.070097956,-0.236972037,-0.495189768,-0.343322926,-0.266201967,0.416865161,3.361524126,2.592681673,0.564864407,-0.701988318,0.215888378,0.111953541,0.194365641,0.170181537,1.067280535,0.35047778,0.584527345,0.061135768,0.638852686,0.843022548,0.278338575,0.422790689,0.84271463,-0.176307941,0.119606464,0.654558637,0.510814873
82.75,83,83.25,A,10,-0.585486919,-0.876903444,0.546638302,-1.027205003,1.125932106,0.662973906,-0.813985217,-0.970253179,-0.465827406,-0.506099129,-0.811885484,-0.833591053,0.054654301,-0.30592585,-0.370584872,-0.6771794,-0.46694059,-0.747900491,-0.629104303,-0.970320812,-0.815950442,-0.995317571,-0.917772234,-0.697416585,-0.803260624,-0.074864118,-0.595906846,-0.74703149,-0.265101468,-0.116743648,0.557103728,-0.135192509,-0.841803222,-0.108072156,-0.970629868,0.048394092,-0.667252267,-0.736372828,-0.390522186,-0.479041531,-0.939141515,-0.949761121,0.12838669,-0.139362902,-0.852559573,-0.478332025,0.134489846,-0.555590581,0.310454183,-0.96183825,-0.624252042,-0.232647144,-0.195217184,-0.572944228,-0.562812592,0.627674172,-0.83024962,-0.883144952,-0.520805407,-0.95285256,-0.738303512,-0.87994426,0.688209508,0.23004539,-0.496358119,-0.532276305,-0.611216453,0.016192898,-0.610964558,-0.773910643,0.188726408,-1.007846146,-0.587786517,-0.948025062,-0.399560978,-0.388292131,-0.89129401,-0.577812178,-0.57053296,-0.697819933,-0.789389029,-1.059216641,-0.836321443,-0.834478303,-0.997983901,0.684653467,-0.467482096,-0.954889004,0.280880189,-0.177970685,-0.617876639,-0.742403961,0.052073444,-0.874816761,-0.605849795,-0.702850873,-0.559689036,0.233002066,-0.748188855,-0.843556309,0.010477544,-0.541787593,-0.00354053,-0.748922048,-0.571362586,-0.905750811,-0.152616467,1.803280657,2.016614227,-0.395810669,-0.168579294,1.347833212,-0.568072165,-0.621716273,-0.164493754,0.90660215,0.133770941,-0.664836048,1.06044883,-0.397452663,-0.570612505,-0.725972898,-0.346910292,-0.262295002,-0.61737544,0.175003535,1.261753235,-0.881141018,-0.892590975,-0.313280446,-0.92587577,0.200464471,-0.948961384,0.149994046,-0.156780393,-0.750300593,-0.803148319,-1.042950319,-0.786382187,-0.61219325,-0.625805767,-0.771261147,-0.909087633,-0.661165143,-0.865783944,-0.690637586,-0.224571673,-0.543144303,-0.096201785,-0.974147937,-0.739806824,-0.402448127,-0.431377147,-0.172113982,-0.378242167,1.398499392,-0.388068157,-0.810935018,-0.024594845,-0.836053536,-0.291021598,-0.575877855,-0.602936503,-0.372338875,-0.430325525,-0.474725156,-0.370852605,-0.588024351,-0.515219744,-0.541015672,0.051058172,0.086350494,-0.317342181,-0.56761337,-0.636180692,-0.278514041
83,83.25,83.5,A,10,-0.596396779,0.706488535,0.847825292,0.038822721,1.616117884,-0.377442173,-0.012117542,-0.311165139,-0.845312159,-0.324398547,0.18817967,-0.293216763,0.205045037,-0.839305755,-0.142340614,0.278041073,2.929429806,-0.689700938,-0.356464259,1.468008474,-0.730846518,-0.379059748,0.64709775,-0.432862738,0.141054414,-0.935320738,0.129090203,-0.611620871,-0.552376436,-0.934913768,-0.349620288,0.437376126,0.196233371,-0.537625339,-0.447648708,-0.267217038,-0.631290608,-0.874336309,-0.208149101,0.411494077,1.211350668,0.489848508,-0.43452238,-1.038953992,0.136751743,1.098543123,-0.626477887,0.371617408,0.575848304,2.753341539,0.487632903,-1.023436127,-0.855425252,-0.734064884,3.113996856,-0.296869907,0.269683337,-0.512570226,0.368303525,1.405229859,-0.718066629,-0.418233096,-0.939199803,1.193753536,0.82800208,-0.890163297,-1.020960443,-0.06211632,1.254923797,-0.71001134,-0.443143542,-0.120133921,-0.312358925,0.500984891,-0.768048319,-0.832429161,-0.558304004,-0.372047483,-0.648535986,4.442676113,2.354548744,2.243766239,-0.454516195,-0.145605795,0.001423994,0.454727369,0.618314891,1.250765955,0.246270083,1.146742409,0.917114269,0.094933539,-0.278036558,-0.829686093,2.269164003,-0.686039407,-0.554446773,-0.490815224,2.584793367,-0.577931769,-0.593135858,0.855946137,-0.913379332,-0.368961661,-0.20180333,2.452226791,-0.91248951,-0.061429649,-0.633846692,1.391719299,-0.490594118,-0.178291876,0.002534201,-0.862616854,-0.871142267,-0.064225128,-0.790983334,-0.361467786,-0.521027416,2.070610791,1.254822191,0.645409235,-0.277417342,-0.674205455,0.519854455,-0.019269422,0.309367116,-0.89290155,-0.912309243,-0.862996255,-0.997922107,0.272716919,-0.040008444,0.625390364,-0.622079724,0.18987162,-0.451517381,-0.470742299,-0.964896092,-0.592064602,-0.274736301,-0.840480918,0.281413773,0.019372568,-0.034202127,-0.169748318,-0.738506794,0.494147936,2.909331816,-0.174948007,0.561093015,2.047752281,-0.7725996,-0.602240437,-0.231199646,1.36551523,0.397720297,0.61876241,0.651283831,-0.350415887,0.074242209,0.274767573,-0.365975845,-0.227078382,0.453734703,0.222248008,-0.148207152,0.088865966,0.771643769,0.244904935,0.101484619,-0.206720379,-0.090964627,-0.305125175,0.147164363,0.368567149
83.25,83.5,83.75,A,10,0.047536363,-0.042280121,-0.002801521,1.054165715,1.26836634,-0.551899594,0.990219712,0.110828147,-0.857870104,-0.885871027,0.396066948,2.081753266,-0.751068193,1.281169963,-0.53245083,-0.079511913,0.930499459,-0.353582529,-0.442679431,-0.068306724,0.579859177,0.50742568,7.181602959,3.288020868,0.392606976,1.614652576,-0.285556886,1.551197817,0.961267454,-0.756156359,-0.402419791,0.467722267,-0.679134532,0.070965613,0.099417359,-0.32635246,0.946140047,0.097109963,0.201297251,-0.84347496,-0.428045351,0.059092902,-0.539126288,-0.008711032,-0.843775365,-0.955383469,0.05450396,-0.950906859,-0.339155071,-0.372022482,-0.317247916,-0.44808108,-0.844905888,0.010823913,1.355163772,1.546929697,0.018244878,0.255879227,-0.641948895,1.509769401,0.731850384,-0.364385556,0.732369658,-0.148223273,1.803857414,-1.047570381,-0.606718143,0.140403984,0.49633651,0.954746971,-0.352666783,-0.693456288,-0.123312258,-0.926423568,-0.794080729,-0.848970018,-0.788516381,0.266343781,1.362262448,0.540418297,-0.316919329,-0.243144753,-0.094011928,-0.336458382,-0.517621352,-0.269272701,0.191391768,2.381321154,0.299080822,-1.100154149,-0.909113588,-0.873926321,-0.806252638,-0.308467436,-0.055935853,-0.940170359,0.933941074,-0.228791375,-0.408867039,-0.15349918,-0.401446548,-1.071401873,0.607200402,0.685609342,-0.96295777,-0.874148741,-0.481734823,-0.729126476,-0.504454153,-0.434245187,-0.882382336,-0.245623986,0.441608925,-0.643508398,-0.904394177,0.374603695,-0.745308461,0.889706037,-0.631768811,-0.414388422,0.948736102,-0.257084081,-0.710142144,-0.846295676,-0.798712819,1.242965509,-0.389512291,-0.514549178,-0.943412799,1.567134089,2.226234434,4.399818319,-0.915656765,0.19197614,-0.349388825,-0.773839509,-0.035397302,2.165781542,4.237676441,-0.818015973,-0.671582138,-0.01001346,-0.441609625,-0.787827865,-0.602909545,-0.203248017,-0.057496031,0.448944133,-0.168416018,-0.724460492,0.440720512,-0.419638714,-0.498291717,-0.494186849,-0.624084605,-0.644189457,-0.307956463,-0.075724551,-0.632096148,-0.62244666,0.113039391,0.246189002,1.503492026,-0.036872924,-0.432352906,0.244462711,0.269266757,-0.23584015,-0.000578885,-0.375108271,-0.416670583,-0.276145593,-0.070087329,1.03291885,-0.321861906,-0.387789465
83.5,83.75,84,A,10,-0.525744556,0.703045746,1.59863058,-0.187290154,-0.102161827,-0.830255375,-0.598548022,0.200450681,-0.103563916,-0.221820315,-0.780828887,1.302214806,-0.590687783,-0.189989079,-0.800618514,2.543424535,-0.68569542,-0.19752073,0.831257623,-0.46742061,2.589527954,-0.785919672,-0.694248813,-0.595023679,0.205530671,-0.413534609,3.466475059,-0.459568067,0.299723878,-0.573420063,-0.75488443,-0.540710704,-0.428840448,-0.792271161,0.2870951,1.034366031,0.069902362,0.564053171,-0.040723594,-0.818923451,1.886460705,-0.373630805,4.337525553,-0.912981818,1.391987879,2.571862504,-1.027266772,-0.957160357,-0.777810065,0.39657329,1.501552528,-0.010523072,0.871334582,0.143800371,-0.541672108,-0.341283821,-0.843880869,0.499202623,-0.13069055,1.645065378,0.106444304,-0.775714073,4.729508036,0.300873526,-0.604706849,-0.248668124,-0.540452419,-0.688319406,-0.309494717,0.033016287,-0.454602509,-0.624460986,-0.399866869,0.191324017,-0.025917447,-0.588462994,-0.837825075,5.140322523,0.112354843,-0.557778122,-0.930056063,-0.185906127,-0.880891457,-0.66509342,0.938315259,-1.08346739,-0.859307593,-0.103515478,1.922622649,0.782509385,-0.774478385,0.868173013,0.072436344,0.038279877,-0.211029483,-0.827775967,-0.913919061,0.386517336,-0.464954276,-0.306133882,-0.140034811,0.295843941,0.069165076,-0.531115575,0.522210955,1.647361164,-0.003427384,1.87156006,-0.548912297,0.354189425,-0.660678331,-0.6915639,-0.769308728,1.353250983,0.521318619,-0.63951053,1.43442803,-0.170190157,0.5828298,0.525132593,0.400566122,1.672817887,-0.628643782,-0.654433482,0.131378713,-0.908162301,0.197684706,-0.916756098,-0.063128948,1.473098081,-0.045143824,-0.04283199,0.788469988,0.309514143,0.29432037,-0.813677499,1.344002898,-0.749891328,-0.8889988,-0.794909372,0.776390796,1.106029993,0.73069239,-0.331144771,0.200955326,-0.739741348,0.558694741,0.69686862,4.345719338,0.260736051,-0.515357919,0.329463011,-1.061988288,0.509260763,-0.845542451,-0.514824385,-0.375565417,-0.98286541,0.167880841,-0.115654946,-0.006725716,0.096413594,0.303954266,-0.142093712,0.653556011,0.279290506,0.200248656,0.195508738,-0.106479024,-0.213288448,0.353684055,0.148570838,0.07044209,-0.059914541,0.760520114,-0.34051942
83.75,84,84.25,A,10,0.909618306,-0.730993063,-0.468528997,4.173537221,-0.356340955,-0.482485981,-0.227195496,0.371496535,0.366857793,0.562180883,-0.2181192,0.107418855,-0.260310164,-0.940606232,-0.552799774,0.611975919,-0.643133603,-0.463990362,-0.343239582,-0.913734085,-0.731266893,-0.097302768,-0.401277385,-0.527648708,-0.133893954,0.152741741,0.293965811,-0.522541292,1.583341482,-0.63800061,-0.908593691,1.403488371,-0.445540259,-0.850861138,0.423033203,2.436362707,-0.196956924,-0.724400332,-0.21404876,0.434985373,0.863137569,0.192567202,-0.269446834,-0.014864049,-0.267631911,0.765066739,-0.823054056,0.657508993,-1.017311182,-0.449855037,2.112371962,0.26542976,0.632281562,-0.945383196,-0.243250382,-0.491486105,-0.30552265,-0.238147269,1.193212355,-0.759559236,0.009307955,-0.761101929,-0.066085517,-0.563228831,-0.113243578,-0.758840989,0.831325428,-0.31475344,-0.838388498,0.906589015,0.55382783,-0.290223002,-0.08846903,-0.035187287,-0.690875663,-0.179264708,-0.120651056,-0.349931019,0.148928972,1.977210085,-0.108557165,-0.761034309,-0.13369505,0.138500465,0.523584056,-0.604633453,1.039729684,0.337197962,0.458775035,-0.101571297,1.455807787,2.955205103,0.081261728,-0.624413696,-0.092039387,0.602553828,-0.46632857,3.098532463,-1.014781932,0.548390219,-0.439572252,1.315848982,-0.677248319,-0.027163506,-0.791002578,-0.957041023,1.379324636,0.14311821,-0.853867499,-0.431967353,-0.228819653,1.741691378,-0.388113948,-0.344164673,-0.161230629,-1.015663788,-0.493910162,2.633815399,-0.830287569,0.310688019,-0.408789231,-0.388689474,0.761891393,-0.726749494,0.231237439,1.987185813,0.624782108,0.350365827,-0.077401957,-0.5538794,1.991971094,-0.151885019,-0.283141595,0.950182655,0.799569502,-0.147979092,-0.387956744,-0.735045368,0.650013541,-0.577251549,-0.195888538,1.150245677,1.592450549,-0.044587497,-0.277175738,-0.678922161,0.769056292,1.026170108,0.5521275,-0.589389147,-0.474318311,-0.19188317,0.284601713,-0.521192508,-0.415417489,-0.663713066,-0.116148028,0.380809091,1.398559946,-0.849762253,0.411814624,-0.361653823,-0.102188257,0.135746855,-0.036388257,0.12199468,-0.166842038,0.092536512,0.078829593,0.654418754,-0.13395707,0.122400437,0.179995303,0.210847743,0.330408704,-0.116846407
84,84.25,84.5,A,10,2.997420102,-0.608739179,2.378265285,0.501145188,10.03966414,-0.253446014,1.064028052,3.834607978,2.225064713,0.579860288,-0.181232334,0.190966954,-0.432577745,1.787866379,-0.57615032,-0.821730316,-0.035619382,-0.390243897,1.119201195,1.801270451,0.807668724,-0.13658124,-0.220600232,-0.569486607,-0.586064386,-0.458633568,0.468920917,0.921349692,1.445790525,3.323504804,-0.705710129,0.18201474,0.645849524,-0.099639345,1.212724018,0.745963646,0.35397076,-0.724805182,-0.280557354,-0.336636818,1.54112104,-0.279168264,-0.315321332,2.897252234,1.875810297,-0.805215412,-0.424724811,-0.52396196,1.333859938,0.319343844,2.390209074,-0.564225161,-0.519454139,-0.369550488,0.562455011,4.584637942,0.537902598,-0.480288648,1.428520717,0.432574592,-0.993171822,-0.286958178,-0.555240037,0.073324648,-0.702054088,-0.221829308,0.638609432,0.981055024,-0.001904591,-0.844392041,-0.952044839,0.424078643,-0.57559342,0.399650831,-0.620618526,-0.763619104,2.211617439,0.924639858,-0.582805908,0.838089689,-0.538834462,1.258228549,0.013980278,0.663417066,1.793556855,0.624756308,0.203299431,-0.967252808,-0.886790609,0.535374892,-0.03190848,0.984497936,-0.50256148,-0.477363769,-0.449882558,2.918416768,-0.810243395,1.556021828,1.606323144,-0.556995322,-0.517829397,-0.623769648,6.004693959,0.53780547,0.162538648,1.147257354,1.483792733,-0.161013381,-0.242993828,2.291044133,0.12627209,-0.19311783,-0.358252919,-0.142695164,1.038782755,-0.198722848,1.120794355,0.706941755,1.170614684,-0.743084562,-0.80205664,-0.882881885,-0.523160326,-0.740613876,-0.534359815,-0.247798759,0.262274717,-0.28903288,0.09632602,0.17455039,1.139252755,-0.364975622,-0.718461962,1.250854965,-0.096854531,1.457516581,0.238332483,0.226289023,1.212177482,3.211408468,-0.297885772,-0.323617043,1.906071932,-0.922455187,-0.971244295,-0.297926044,2.107350064,-0.252994747,-0.603349919,-0.737068407,0.375868722,0.394819602,0.169646087,-0.209622327,-0.619534523,-0.523854854,1.023229802,0.63049017,1.191184191,0.290408251,2.275787056,0.246175099,0.499586863,0.099317386,0.561899557,0.80027815,-0.191256096,0.130339466,0.26997355,0.423630467,1.008152604,0.252753232,-0.348675306,0.755553964,-0.039311942,0.272263512
84.25,84.5,84.75,A,10,0.073977044,-0.071076409,0.104859988,-0.860910678,4.155786404,0.220758447,0.708514196,0.501312376,0.337871263,1.15370505,-0.396104539,0.112670211,12.59743822,-0.222325219,-0.178572559,-0.390074712,1.465447004,0.911379978,0.243112012,4.469624256,-0.484602309,-0.494353761,0.443915644,-0.547841993,1.54794573,-0.719591819,-0.241043494,-0.134251979,-0.902017836,2.124211922,0.569026633,-0.695336915,-0.653805394,-0.255095304,1.775939361,-0.905277328,-0.435470725,0.25788681,-0.904053677,0.102555187,-0.564562019,-0.109952786,-0.42284564,-0.696160234,-0.341619164,1.333782223,0.901760416,0.126498854,0.372400484,-0.460579363,-0.681115499,-0.993733521,1.041698668,0.086122062,-0.339516045,-0.909135777,-0.535698304,-0.81441729,0.479489207,-0.546914543,-0.904328712,-0.314886663,0.415640572,-0.810897329,-0.649747932,-0.453523494,-0.803105318,-0.908922772,-0.284797174,-0.248056558,-0.974250466,-0.310596021,-0.227959756,-0.542230662,1.358132541,-0.49259347,-0.827994199,-0.646282854,-0.690824445,2.469660964,-0.302838289,-0.319528992,-0.277660594,0.882138231,-0.201162457,-0.787523705,-0.312691378,-0.972909955,1.654953907,0.591755573,-0.751736985,-0.091260339,-0.913291829,-0.27045919,0.23817232,-0.220635016,0.228280935,0.426214609,0.491943928,-0.618522525,-0.844560596,2.803760614,1.641340807,-0.023279375,-0.435045648,-0.163185632,0.010796379,-0.875767474,-0.419936929,-0.871393171,1.200342761,0.077427633,0.409519283,-0.719347442,-0.950206954,0.009075272,-0.506852403,0.59126972,4.320093093,0.163642649,-0.756177153,-0.470085833,0.013240098,-0.495034123,0.20089332,0.271858592,-1.010970531,-0.433871727,0.224819453,-0.523478722,-0.386122516,0.320655629,-0.804224973,-0.28805214,-0.109169462,-0.530671541,-0.48284981,-0.425479511,1.063541201,-0.655644235,0.490690735,4.341709831,0.032734429,-0.380954855,-0.712838196,-0.763720689,1.147992915,0.065378473,1.037051583,-0.957350388,-0.662412821,0.801507805,-0.622365152,0.184465414,1.543531255,-0.47301576,0.378465018,2.844971696,-0.172788715,0.411440729,0.632479768,1.861259465,0.05923701,-0.114363135,0.013872277,-0.321322104,-0.496262538,-0.088493837,-0.004546766,-0.148129409,0.082272898,0.459496361,-0.297880663,-0.229801736,0.430069384,0.423379947
84.5,84.75,85,A,10,-0.346424621,1.270481076,0.407579834,-0.668085781,-0.60819735,0.343254861,1.646146806,-0.060087913,1.246086733,-0.831457094,-0.25925353,1.156713914,0.017956381,-0.340865202,2.827110367,-0.142706009,-0.375485227,-0.410884551,4.149156365,1.401561613,-0.711836626,0.338358703,5.161110741,0.813531479,2.492692523,1.767665853,1.684961398,0.031237318,-0.258409214,-0.897368236,-0.233472161,-0.366691768,-0.346696795,0.265414935,1.343682886,0.166654917,-0.581630878,0.110501698,2.632849737,-0.046972192,-0.453825497,0.085282059,5.24693015,-0.941793595,2.411165417,4.388945552,-0.834503657,-0.548060588,0.142322099,0.922390674,-0.787059211,2.93785197,-0.367605866,0.503119303,0.403835852,1.952677501,-0.609459708,1.98576845,-0.191940145,-0.923775583,-0.817210592,0.40111709,0.139638054,0.155034193,-0.631378883,2.896870046,0.452953661,1.435050894,0.828873353,1.2722095,-0.793367422,-0.125335559,-0.109377308,0.071596501,0.098836442,0.859261248,-0.262045054,2.978345975,-0.334818889,0.19129838,0.308445467,0.307582498,1.199965174,1.122640804,0.131069267,2.8633544,-0.44019446,-0.586795278,-0.48312983,-0.188413055,-0.035730257,0.116145699,0.5058161,-0.067964537,0.401316989,-0.697554832,-0.81470824,-0.257377459,-0.126621147,0.788289021,0.984505914,-0.135803943,-0.053178182,-0.477056771,-0.751829183,-0.90551756,-0.643591884,-0.148161947,-0.803129263,-0.952389391,-0.327706753,-1.030285587,1.003099634,-0.574042023,-0.769680861,-0.650348028,-0.443586321,1.39946912,0.691184198,-0.90682801,0.673281417,3.339234004,4.553184801,-0.925528586,-0.14571316,-0.410725164,-0.316683999,-0.763684457,0.930346653,-0.858760594,-1.02824775,1.479517375,2.460893295,2.985878946,-0.025080041,-0.872761075,-0.256774841,2.353787793,-0.516427214,1.486709309,2.507629069,-0.02290109,-0.95339907,-0.121594184,2.560476057,0.028690702,0.102746645,-0.349555074,-0.352913321,-0.880886764,-0.581337558,0.620797476,0.576275892,-0.804154744,-0.712340774,0.001895648,-0.612445168,0.744000476,-0.552135841,-0.160709894,0.239929655,0.802330412,1.042194394,0.294364038,1.041885262,0.490341256,0.613315732,0.257439432,0.423452499,-0.018838866,-0.388615221,-0.160872463,0.607495091,0.80674958,0.251829297,-0.148015449
84.75,85,85.25,A,10,-0.493751815,0.255611849,-0.517511498,-0.767807381,0.455304922,-0.723494812,-0.60068691,0.055250561,-0.503108882,-0.84465766,-0.282361077,-0.72623561,-0.110339771,-0.815051467,-0.395441505,-0.424705618,-0.641799881,-0.37204687,0.056637524,-0.377295643,-0.509180451,-0.232971,0.033479068,-0.795503018,-0.871184443,-0.56239817,0.198435512,0.047445069,-0.010550859,-0.287275512,0.021847084,0.048267704,0.617841243,2.106530573,0.084306139,1.663043444,1.21480533,0.107819625,-0.687285515,-0.231543485,-1.029796969,0.581751136,-0.00301174,0.253343629,-0.197116413,1.283084238,-0.394983602,-0.699637068,0.112707658,-0.405475868,0.605263734,0.405100481,-0.461106153,-0.552659715,-0.870163753,-0.874704009,0.50863495,-0.144853801,0.166256065,-0.93008124,-0.332665632,0.108991906,-0.731801545,-0.569994816,1.703702037,-0.270636534,1.471214378,-0.570334077,-0.403085824,0.099904286,0.201029991,-0.978796376,0.478120624,1.279272825,-0.063312702,-0.253298818,-0.883829111,-0.391933764,-0.714650791,-0.831590676,0.191753316,0.983281996,4.243770187,-0.599708412,2.272736611,-1.088212243,-0.177052337,0.269292799,-0.586231519,-0.52413331,0.649513786,-0.247427282,0.269306072,-0.432106988,-0.702701109,-0.980775922,-0.2509121,-0.109826926,-0.090150639,-0.836832251,-0.748213308,-0.240672316,-0.608304517,1.195764637,0.357434979,0.692349461,-0.133457781,0.273945228,-0.283752453,-0.950861135,0.175999361,-0.995382461,0.694780959,-0.941436816,-0.629798921,-0.777942754,-0.166035909,1.414415665,-0.848732259,-0.038309634,0.845137367,-0.487723078,-0.290393387,0.103263622,0.082260686,-0.205569196,-0.682155557,-0.921746162,-0.346483266,-0.944077098,0.296672436,-0.479669073,-0.040147105,-0.372894604,-0.995140371,-0.151185072,-0.707418231,-0.52259996,-0.443216647,0.468051784,0.882360217,1.274477979,1.461250338,-0.644354622,-0.814019028,-0.789927208,1.309764197,-0.893540459,-0.584922654,-0.592981008,-0.749660276,0.000435133,0.463297319,0.219937888,0.488431628,-0.13728137,0.363806446,-0.613208639,0.973990706,-0.339561325,-0.368485163,-0.408863992,-0.298970381,0.494563214,-0.0499135,-0.214831344,0.050529418,-0.21589888,0.498549709,-0.273191336,-0.04457672,-0.211244277,-0.284748607,-0.294754684,0.060810775,0.067018751
85,85.25,85.5,A,10,0.307778073,-0.539017914,-0.292319183,0.455851437,-0.207343808,1.65569374,1.767631804,0.764904557,2.615220695,-0.808344254,-0.470644611,-0.473945227,-0.348164193,-0.722457575,1.150076014,-0.079059602,-0.376785394,-0.251725059,0.359355778,2.767861116,-0.214328267,-0.05346791,-0.907184989,0.90410962,-0.352491501,-0.684154837,-0.746481008,-0.409570105,-0.828158062,-0.789657266,-0.204920637,-0.528041546,-0.987451873,-0.11738405,-0.384224984,-0.602300721,0.856814458,-0.542808853,-0.24767792,-0.936349678,-0.04277602,-0.024144186,-0.761663795,0.227674136,-0.495355917,0.237312702,1.115524586,-0.394639626,2.838915778,-0.047755576,-0.772498758,0.027871231,-0.739419051,-0.993292596,-0.911820681,-0.659011232,-0.88241801,-0.792604096,5.62211857,-0.704207883,-0.570252501,-0.904212317,-0.511660761,0.696860159,-0.917572621,-0.442306755,-0.909669723,0.19839996,-0.491064234,-0.336467564,-1.072032544,-0.076934701,-0.034964895,0.452943269,2.428751221,-0.978568734,1.028898277,-0.306823984,-0.546313465,-0.028601965,-0.991242131,-0.836544389,-0.171098008,1.79096229,-0.098564473,0.615351616,-0.220619632,0.983131823,0.876578994,2.471573225,4.111441448,0.35866412,-0.085947129,4.671990481,-0.858496759,-0.680194183,-0.407089881,-0.795339686,-0.38229421,0.090088943,3.600698213,0.309281755,0.414036488,-0.307475553,1.466917363,-0.014791717,-0.889427626,-1.087772623,0.439007325,-0.16675541,-0.184444033,-0.26185342,-0.596177888,-0.806548353,0.888872064,-0.451147845,-1.000605641,0.066756778,-0.844379887,0.340594538,0.021158179,-0.851427684,-1.014091842,2.014522439,-0.73775778,0.542102534,-0.818801751,-0.642312395,2.073061355,-0.178860225,-0.782151816,-0.783725813,-0.885396611,-0.610334348,-0.951167086,-0.61860167,-0.129443651,-0.761695694,-0.670184321,-0.192062236,-0.479852332,-0.611097068,1.127470491,-0.723164076,0.663101162,-0.108529409,-0.841245851,-0.709337573,-0.865239604,-0.860093636,-0.779218871,-0.240106803,-0.085105391,-0.638230786,-0.526733066,-0.056444127,1.767083178,-0.059579044,2.682486401,0.208017994,0.572005515,0.155451125,-0.408138432,-0.36943458,0.265309208,-0.080528251,-0.418794636,0.086635248,0.441952932,0.602282314,0.376371821,-0.284893369,0.040759283,-0.638476325,-0.34079879,0.227216948
85.25,85.5,85.75,A,10,0.02457518,-0.941823096,2.611635186,-0.284140691,-0.672265815,-0.571746378,0.499869719,-1.00656964,2.968791419,0.767825125,-0.160742285,0.600405655,-0.808590349,-0.207417673,-0.160321785,0.70901506,-0.179158287,-0.613655921,2.016467895,2.034554981,0.084095462,-0.02434406,-0.198070615,-0.666604198,-0.613284952,0.509851509,0.237258408,0.352248509,1.205557003,0.912454444,-0.261729956,-0.468414486,-0.439701507,-0.180344568,-0.704828528,-0.011070869,1.00887919,-0.316315356,0.088484884,-0.933044813,-0.58875881,2.241686953,-0.73963897,1.483417974,0.513381302,-0.306050404,-0.160191496,-0.179177392,-0.569900916,1.091252265,-0.521410717,1.539722022,1.133055508,-0.898135914,-0.966980153,0.032929368,-0.201260003,1.210854136,1.479957636,-0.338299345,1.180506592,1.255548523,-0.622718337,1.75901026,-0.529537354,-1.015862702,-0.78234371,0.220186564,-0.8843053,-0.506563247,-0.879529156,-0.594421716,1.305491714,1.220446952,-0.709403007,0.600802661,-0.632187566,0.098971495,-0.371026235,1.693594748,-0.068596879,0.151769286,-0.808979823,2.598231021,-0.349783652,-0.073639615,0.432725228,1.012889037,-0.992790494,-0.485101799,0.200697311,0.338390037,2.813667239,-0.441383733,0.218814887,0.642318072,1.218543385,0.55746265,-0.061817163,-0.309599556,0.10298337,-0.062173529,-0.747091848,-0.234716481,-0.340613279,-0.506575772,1.809113877,-0.83081329,0.195598071,0.163259191,-0.934942503,-0.275117288,-0.239202029,-0.858962572,-0.171392702,-0.960273002,-0.829168571,1.477938225,-0.721463805,0.603212898,-0.860913894,-0.153314134,0.216092359,-0.810461041,-0.474870396,-0.055052266,-0.747843309,0.30803208,-0.914547684,0.130509766,-0.352834849,-0.020889138,-0.841424491,-0.363209375,0.796620524,4.62115762,0.750196914,-0.506404592,0.178483141,-0.155857235,0.651619371,0.589854479,2.677141041,0.739774568,1.291161504,-0.118515029,-0.90437228,6.588975984,2.853802851,-0.808473435,0.455629412,-0.494813996,-0.535437383,-0.941920847,0.47955429,-0.380467843,-0.048464776,-0.593434199,-0.765861808,-0.412851506,0.339615101,0.323055729,0.179916151,-0.221808601,0.278602051,0.247043254,0.007392129,0.173273989,0.141672231,0.517709313,-0.045102969,-0.290937135,-0.336236852,0.410583852,1.356096905,-0.323806866
85.5,85.75,86,A,10,0.104786956,0.793469996,-0.245185585,-0.596703985,0.445883356,0.170112726,2.12827481,-0.244231155,-0.920027509,0.362527835,2.146093665,1.491370763,0.072505097,-0.302817233,0.682285316,-0.81710451,2.614691067,-0.645768176,-0.725241601,0.673581083,-0.996373417,-0.311977974,-0.840388406,-0.145341734,1.107049872,1.99668219,-0.816929645,-0.481331178,-0.619886854,-0.44680922,-0.66300774,0.063943517,-0.510361317,-0.949107426,-0.156268894,0.063954129,-0.866590055,0.332268648,0.049560935,-0.476184907,-0.11115159,0.144511874,-0.381241334,-0.448069552,0.77591624,-0.826079101,1.440751248,0.329980039,-0.824888723,-0.197835004,0.796844318,-0.753988202,-0.751019936,-0.936152953,1.932174492,1.546199091,-0.535910909,-0.193503457,2.377673448,-0.348709246,0.030778868,-0.978629266,-0.801525915,-0.031570579,-0.142964855,-0.553187862,-0.786550185,-0.040496557,-0.725151959,-0.828363213,-0.571526754,-0.19559329,-0.339981326,-0.90438164,-0.913928504,-0.356006268,-0.988476731,-0.564787665,-0.222396963,-0.654239438,-1.049611715,0.290925663,-0.694852369,1.895776148,0.517770548,1.737110515,-0.319711002,-0.475570062,0.409935086,0.277092849,-0.272785098,-0.227985654,-0.852593881,-0.794299344,-0.274059857,0.957830593,2.472978702,-0.938674461,0.558253089,-0.570661859,-0.18149529,0.88153156,-0.854626785,0.838054688,-0.467687359,0.859047838,-0.884784125,1.06283565,-0.033048879,-0.861221533,-0.41513875,-0.555686922,0.732704419,0.391694979,1.078647951,-1.045023544,-0.782174057,0.195073722,0.578041475,1.832112636,-0.614653638,2.388905675,-0.273438961,1.514130485,-0.461907509,0.444559946,-0.369996996,-0.87760024,-0.358230673,0.089227579,0.693101362,0.442835074,-0.939685166,-0.832865515,-0.110273558,0.044028928,1.046379261,-0.125519368,1.048078175,1.788903526,-0.641390012,-0.793518539,-0.442610381,-0.253767122,0.969384271,0.013099279,-0.725464706,-0.036708124,0.859172466,-0.617881188,-0.673188426,-0.938256768,0.160152948,-0.553879298,-0.074579838,-0.640943466,-0.243279731,0.926676271,-0.449693316,-0.369951355,0.199890745,0.518959547,-0.155530636,-0.311179311,-0.00981059,0.313360665,-0.485766152,-0.571131858,0.258886566,0.005800223,0.035860576,0.201025191,0.148099567,0.305498272,-0.166968405,-0.285694298
85.75,86,86.25,A,10,0.551598384,1.179976644,0.810628513,0.226191704,-0.750607515,-0.625696254,0.23952608,1.393952806,-0.078496026,-0.548675553,-0.422293495,1.014402633,-0.505466327,-0.121067633,-0.346354274,-0.908019443,-0.259164465,-0.371610609,0.553548952,-0.379856233,-0.597330225,-0.970189582,-0.95758306,-0.566858578,-0.886971289,-0.961830709,-0.676233325,0.155746553,-0.447247796,-0.727715023,-0.578773969,-0.530929156,-0.933343937,-0.107064982,1.867144485,-0.094032361,0.209031603,-0.515473772,-0.559661334,0.467917213,-0.678317136,-1.029771142,-0.804958289,0.493536153,-0.420553547,-1.002732425,-0.970866037,0.083119046,-0.982737277,0.466661354,-0.393752368,0.39524162,1.096512984,0.165515309,-0.882975001,0.174379795,-0.46731961,-0.748866523,-0.586008167,-0.482082238,-0.829205963,1.119470076,-0.291181246,-0.606879852,-0.628498001,0.019539595,-0.965966408,0.29065796,-0.576079297,0.647631733,2.307702059,0.254369259,-0.427525844,0.352849822,0.391470767,0.816723677,-0.366638818,-0.729438837,-0.786451571,-0.733277545,0.067751739,0.90279487,-0.73709399,-0.117016513,0.078080181,0.403442042,0.097013645,0.273204407,-0.29500453,-0.608725858,-0.463854521,-0.784117674,-0.922526197,0.24130765,-0.363037645,0.181428683,0.142975201,-1.123640098,0.256403641,-0.519218691,-0.171111529,-0.25286396,-0.374050462,-0.60386013,1.145202331,0.223202621,-0.781835144,-0.489687796,0.04921245,-0.585090479,-1.010438442,-1.031911732,-0.122829698,-0.827914042,0.125515702,-0.056575807,-0.729365621,0.289927751,0.020927562,1.339150503,-0.359958916,-0.89831697,-0.302947308,-0.180749682,-0.806348171,0.15907086,-0.861542888,-0.830540011,-0.613230886,-0.404655706,-1.028663885,-0.289233894,-0.191086844,-0.796851141,-0.770788211,-0.831767353,-0.825196052,1.625325133,-0.834088921,-0.840834165,-0.545937758,-0.730897036,-0.372142932,0.177265327,0.129378703,-0.434417389,-0.742984767,-0.4681749,0.756255517,-0.786255307,0.696170359,-0.711604772,-0.215919506,-0.469256933,3.760233835,-0.331235211,0.09128546,-1.051576559,-0.854511359,-0.781704673,0.239839878,-0.174588089,-0.663621303,-0.077518621,-0.48466193,-0.17293542,-0.18205114,0.107978297,0.006444599,-0.335427965,-0.18408821,-0.200351382,-0.509921968,-0.478318533,-0.301791054,0.013188064
86,86.25,86.5,A,10,-0.511533228,0.04099895,-0.450477283,-0.328430173,-0.306719428,-0.803059478,1.766940559,-0.969323469,-0.860650366,0.583249526,-0.683741809,-0.580760595,-0.837670813,0.116374867,0.877340759,-0.670137211,0.103943487,-0.663063429,-0.359053871,-0.633249132,0.040571474,-0.853680577,0.553813798,-0.554844123,0.141719808,3.083510128,0.849019956,-0.145759901,-0.104746335,-0.336610122,-0.044020404,-0.39915458,-0.799145866,-0.237199016,-0.566881036,-0.554111385,-0.75427547,-0.190292358,-0.729043671,-0.438152986,0.487583322,-0.883778061,-0.463333099,-0.666884002,-0.669096869,-0.958720854,-0.50468303,-0.0683688,-0.494530262,-0.031531962,-0.314922344,-0.201776525,1.336371136,0.431316868,0.304517149,-0.380779551,-0.420800152,-0.849695683,0.196647095,-0.686876466,-0.965444608,-0.614205989,0.295346587,-0.440113481,-0.680657148,0.071439275,-0.136628645,0.085209203,-0.319555483,0.583584487,-0.117578897,0.995172497,-0.681377003,2.456205264,-0.698183702,-0.661010002,-0.711514721,-0.480273854,-0.672055139,2.077642366,-0.91871525,-0.705691178,-0.207838265,-0.052008315,-0.750976284,0.839693092,-0.885682129,-0.527251215,-0.744673561,-1.024989519,-0.284353919,0.241559724,-0.024402441,-0.949366228,-0.989099012,0.574022027,0.396014528,-0.903960202,0.748399405,-0.705809793,-0.454137833,-0.763804075,-0.145045155,-0.837390648,-0.802439415,-0.780925517,0.114104672,-0.650813875,-0.176854008,-0.943710643,0.443356578,-0.722584865,0.167356125,-0.843177491,-0.694923573,-1.10247339,-0.823457666,-0.276299793,-0.086250019,-0.962443658,0.152398159,-0.335716155,-0.305680722,-0.792199029,-0.673746204,0.7236242,0.174596534,1.093466756,-0.501903069,-0.607195085,-0.926629877,0.143811296,-0.023678633,-0.913588411,-0.516342129,-0.798079083,0.200768899,0.00823436,-0.193055506,2.172553672,0.451719665,-0.667856658,-0.999084885,-0.746381613,-0.890135152,4.041772187,-0.777632077,-0.053991949,-0.627698425,0.120214633,-0.768587176,-0.520702099,0.341587951,-0.023203371,-0.77581323,-0.840898251,-0.48375074,0.277259223,-0.665006308,-0.602273119,-0.183900439,-0.333001775,0.267299411,-0.471227677,-0.425334362,-0.058599847,-0.21210258,0.150702681,-0.497813262,-0.189699591,-0.54410165,-0.490089775,-0.107235461,-0.084600541,-0.014907428,-0.406138712
86.25,86.5,86.75,A,10,-0.193496005,0.769266894,-0.407696095,-0.174132068,-0.757728661,1.554220711,-0.379197705,2.775016571,-0.760037873,-0.461383753,-0.603300729,-0.998679052,0.960688363,-0.780397645,-0.646760751,-0.532114024,-0.974742408,0.176344042,-0.843064305,-0.432316413,0.298449166,0.60602198,1.267479408,1.997867356,0.439660575,-0.164080635,1.730439755,0.537063938,0.007448983,-0.153314347,-0.062575903,-0.7411725,-0.451662812,-0.291695864,-0.404524968,-0.400952965,4.448207201,0.098555574,-0.572331868,-0.844080695,-0.730596785,-0.714887015,0.169055494,-0.034264674,-0.617409276,-0.210348125,-0.778798459,0.807067918,-0.92034691,0.870718155,-0.5794505,-0.939007748,0.074674977,-0.887303176,-0.78886209,-0.27832714,3.08931583,0.218162843,1.193271591,-0.099169892,-0.03781309,-0.504030582,-0.206605697,-0.990432192,-0.769130195,-0.521057167,0.153299681,1.117319165,-0.415276698,-0.279397172,0.602580483,0.801069502,0.55537204,-0.587774543,-0.788877739,2.832665867,-0.947524698,-0.494702186,-0.020998891,0.137211397,0.082712595,2.291294664,-0.706572804,1.571080344,0.710990443,-0.819103739,-0.753263248,-0.542246501,0.256614351,-0.632977915,-0.6062817,-0.23174759,1.828217144,1.301269141,0.277850746,0.717482526,-0.936739042,-0.276561009,2.887292481,0.462202746,-0.364151111,-0.475520384,1.806503761,-0.096522213,1.156683732,0.06394604,1.082820268,2.357359117,-0.567082923,0.676243493,3.930530326,-0.524815925,-0.248729784,-0.140191843,-0.586009453,-0.558261893,-0.263633412,-0.632061626,-0.687648917,-0.675755424,-0.471079269,4.733078519,3.707683206,-0.212031221,-0.644310643,-0.264928026,0.524724032,0.071981515,0.13159792,-0.113483266,-0.613426609,-0.668030832,-0.319043463,-0.848005097,0.024143182,-0.789287551,-0.182424432,0.466541704,-0.380728161,1.354684231,-0.742570755,0.760395813,-0.839187145,0.026773101,-0.359221449,2.56966934,-0.634647418,-0.588179569,0.611287054,0.976242287,0.773865661,-0.303899345,-0.196945224,-0.772975032,-0.441006809,-0.219058878,0.720906905,-0.546616277,-0.735684181,-0.389685564,0.196483202,-0.467434292,0.656703618,0.07777652,-0.215980968,0.10033047,-0.245312395,0.208902123,0.145852819,0.542298544,0.564027978,-0.038657795,0.746323277,-0.195557703,0.178056126,-0.211109875
86.5,86.75,87,A,10,0.315150763,0.802593617,-0.801983907,-0.111539399,-0.496956054,-0.154661114,-0.710840548,0.715611587,-0.847884909,-0.027632742,-0.162764685,-0.560040013,-0.77304564,1.354362952,-0.120625433,-0.080965273,1.941670336,-0.373621498,0.173499088,-0.574264146,-0.282102997,4.434511329,-0.486363203,-0.718105106,1.767698315,-0.569027818,-0.422309402,0.220323481,0.225528036,-0.473748932,-0.104046439,-0.629135305,0.045725978,3.262573373,-0.628161038,-0.591064006,1.990185149,0.436987644,-0.011252006,0.336551724,0.395828549,0.971791129,-0.457627138,-0.176146242,-0.735489664,0.784700666,0.135102169,-0.937170858,-1.030987403,-0.317862763,-0.886255587,-0.018818482,-0.056076208,-0.303088912,0.241173036,-0.765588429,-0.814118887,-0.924782343,-0.413592566,0.07657096,-0.414915352,-0.267952593,-0.101615817,1.085252552,-0.29067373,1.443787969,0.379606941,-0.130018479,1.900318006,-0.516861302,-0.993772045,-0.208671993,2.107374593,-0.226116585,-0.985211363,0.535448711,0.409590588,0.745836122,-0.56490786,-0.989283556,-0.512240906,0.215343623,-0.814414894,-0.920266206,-0.219116125,-0.79388183,-0.011427547,0.036253655,-0.824637647,1.520655975,0.465042414,0.045610774,-0.201126672,2.369181241,-0.443086057,-0.66843246,-0.318659505,-0.360281753,0.083443938,-0.512589798,0.045433323,0.14830366,-0.597549572,-0.020439084,1.266807537,0.471709814,0.551760505,-0.86950513,0.528535363,-0.428284259,1.387617886,-0.232701888,0.194895258,1.607049446,-0.465977433,-0.847868027,-0.476534003,-0.601853455,0.421768984,-0.5522676,2.077521849,0.684603028,-0.591291225,2.779291586,-0.872376844,-0.893169482,-0.633161453,-0.114506613,0.31771839,-0.19596028,-0.553713327,-0.2152888,0.04265853,-0.361965185,-0.716432134,0.40872243,-0.927140766,-0.924158518,-0.885738326,-0.728802378,1.335563646,-0.135385809,0.265710625,0.283068028,-0.497645605,0.213435627,0.424169438,-0.302663612,-0.37504176,-0.544968819,-0.372968683,-0.096243059,0.977783856,-0.308251136,-0.704105383,0.481104208,-0.674278374,-0.07356277,-0.62281208,-0.406053954,-0.13181427,0.082420569,0.36964037,0.410836507,-0.136786155,-0.386457742,0.308692819,-0.016971339,-0.23237319,0.045910212,0.109677216,0.043412917,0.255866896,-0.486185847,0.066624176,-0.179938738
86.75,87,87.25,A,10,0.65958504,-0.811154755,-0.490103096,0.648229223,2.106920004,-0.545191554,-0.524041818,1.02529815,-0.463275468,-0.452820411,-0.907964221,-0.051387179,-0.283301317,-0.998024091,-0.481040281,-0.143554533,-0.458346157,-0.553497541,0.169139536,1.484959221,0.234887314,-0.961272425,-0.6883731,-0.736744895,-0.341802699,0.309990432,-0.290612541,-0.518330481,-0.75800224,-0.441929577,0.153152571,-0.614021479,0.781914637,0.552496813,-0.826801932,-0.496184026,-0.113248321,0.011084196,0.669217803,-0.490824392,-0.949527617,-0.747319275,-0.418464614,-0.310939513,-0.334312922,-0.978576389,-0.773984348,-0.635994763,-0.70241058,-0.795616111,-0.391837561,-0.216507758,-0.88030322,-1.003108713,-0.90868819,0.126148938,-0.573193289,-0.786238302,-0.786058142,-0.799995632,-0.195695202,-0.247056523,1.227143629,0.959265438,-0.713710079,-0.258980657,-0.111442507,0.723113637,0.705504371,-0.448727013,-0.822785162,-0.556686767,-0.702620413,0.720986677,-0.292737098,-0.986382243,1.682639562,1.142263835,-0.343435817,-0.8903661,-0.911856172,-0.383051335,-0.483768247,-0.510469674,-0.639260013,-0.580508207,-0.636704411,-0.666156381,0.460467547,0.033621628,-0.760728682,-0.743397551,-0.12849461,0.646238564,-0.056794147,1.097383787,-0.596942331,-0.670772743,0.467533833,-0.650685241,-0.869623221,-0.374251239,-0.972634953,-0.82959435,3.417951969,-0.47638411,0.456165128,0.375296811,1.454363058,3.20809153,-0.593010453,-0.560994743,2.445096422,0.30021175,-0.784341934,-1.084700801,-0.513470269,-0.13263601,-0.911906644,-0.23436717,0.491390013,-0.169769693,0.020407347,-0.309689424,-0.589831829,0.479310231,-0.007034571,1.325134722,-0.905117118,-0.33941947,-0.72122507,-0.543902199,2.246353221,-0.116542338,0.849643486,1.523480108,-0.620338145,-0.693796452,-0.43888083,-0.563849726,-0.748355735,0.820783602,-0.722022544,-0.732729713,0.28607506,-0.826182993,-0.653106735,-0.376786167,0.049994175,-0.32467033,0.41892165,-0.31861599,-0.560031242,-0.703779386,-0.256250609,-0.389909248,-0.380983492,-0.988092544,-0.440899421,-0.854895382,0.115344531,-0.222301656,-0.419219021,-0.037321413,-0.664714613,-0.621978187,0.16394151,-0.104912353,-0.431768527,-0.139665912,0.538938062,-0.207011985,-0.000461979,0.092094206,-0.322700138,-0.447453566
87,87.25,87.5,A,10,-0.424829419,-0.2993734,0.293480529,0.116876488,2.600629371,1.40667407,-0.657340179,0.619788375,0.597808204,0.29946797,1.529515096,-0.820913933,-0.742922128,-0.775049605,-0.676035487,0.332526015,-0.817154034,-0.52928153,0.060781505,2.923389787,1.814473133,0.284977411,-0.261653788,-0.55776744,-0.192553487,-1.108586624,-0.675965341,-0.52307354,1.088207747,-0.844916377,-0.681588127,-0.405912479,-0.968736883,-0.52137039,-0.252698927,-0.754923838,1.177277503,1.43554198,0.666799236,0.102704856,1.011096705,1.803754292,0.654143412,0.732410059,-0.844583608,1.188342273,-1.030201083,-0.605763022,-0.770527295,-0.131879448,0.373279367,-0.178305839,-0.109844925,0.902082933,-0.507819631,-0.773096913,2.654398727,-0.892869785,2.062991275,2.66409213,-0.567977764,0.550617161,-0.883853094,-0.679721518,0.677004683,0.37856179,-0.475408225,0.652259567,0.147645483,0.315671717,0.474665814,-0.490201987,0.040913434,2.482632029,0.967199115,10.07447268,0.182504603,-0.519143922,0.13574793,2.808873068,-0.158695585,-0.537359536,-0.263249757,0.380892123,2.611471557,-0.446618555,0.451625155,0.977838616,-0.093870345,0.05259854,0.33367298,1.351674518,0.585421878,1.33320951,-0.287552907,0.328359929,1.05492022,0.879641018,0.301490048,-0.180058473,-0.695837051,2.060944531,1.58047368,1.892145473,0.022153902,-0.35770522,0.975638941,-0.415978002,0.895421276,-0.01919399,-0.689004068,-0.092057599,0.712335973,1.561444441,-0.124235934,-0.56857335,1.756628936,0.362362956,1.483403932,-0.066386082,0.526991446,-0.751644356,-0.072710587,0.666832387,-0.516922455,1.468873255,0.486090303,-0.08115197,-0.765184217,0.401531651,-0.294467397,1.042343729,-0.297975875,-0.812802205,-1.013651608,-0.2884846,-0.375054137,-0.298919934,0.207997184,-0.122665847,0.751533847,-0.500754861,0.31346978,-0.341515255,-0.55439991,-0.448204437,-0.476084374,-0.470644527,0.228703121,-0.171784563,-0.701590202,1.719168984,-0.331364089,-0.618790035,-0.005663929,-0.638472247,4.159158847,-0.165188525,0.733851177,0.570477547,0.455318201,0.048485569,-0.097685831,-0.020290707,0.200679228,0.619490734,0.01147998,1.615766276,0.297463221,0.570077872,0.593806354,0.43359192,0.136270546,-0.225368069,-0.166968118,0.472158753
87.25,87.5,87.75,A,10,-0.427427799,-0.051820202,-0.303317598,-0.073897654,0.168788293,-0.66389027,-0.275755267,-0.720604168,-0.656888268,0.452066584,1.830622743,-0.943815317,-0.342156348,0.004916414,-0.516671457,-0.735840336,-1.029645536,-0.356727838,-0.862903849,0.063466723,0.16846563,-0.820981185,-0.868169704,2.816155749,0.161802628,-0.503704971,0.970049112,-0.515438835,-0.321975714,0.022559961,1.339769655,-0.082122767,-0.776809961,-0.817457853,0.740913658,-1.021789673,-0.375032314,0.051212919,-0.093720232,0.157969087,-0.687127899,0.366488399,-0.59483438,1.567884384,-0.26191377,0.971644182,-0.599187837,-0.938736241,-0.96461924,-0.75187977,0.879577245,0.238693215,-0.233922689,0.090223215,-0.622872554,1.560123981,1.677179967,-0.779297657,-0.093044665,-0.164593804,-0.166918913,-0.526764095,-0.420803404,-0.636436383,-0.045195551,-0.756065387,-0.896894074,3.198036696,0.700402647,-0.695149317,1.217084078,2.042887669,0.26655036,-0.912888037,-0.673666364,0.698798463,-0.325896748,-0.013057233,-0.880747264,-0.830484107,0.593480785,0.61607516,-0.514281002,-0.639093356,1.48316419,0.697063627,-0.420931588,0.151038061,0.048763982,2.363348626,-0.645977159,0.960889679,0.071776596,1.258847899,1.950058208,-0.672138126,-0.277285051,0.655823431,-0.422498225,-0.965063174,-0.228179882,-0.961900737,0.250809965,0.134090338,-0.740639846,-0.616136023,-0.795893753,-0.428706983,-0.576614681,-0.790301729,-0.640695276,2.090465309,0.091230104,2.915898591,-0.526258351,0.354516806,0.748242954,-0.96100241,-0.710733364,-0.65913907,0.629111111,-0.967127793,-0.06077474,-0.025625469,0.980862391,-0.081177231,1.033827883,-0.976408552,-0.784648525,-0.265778697,-0.657333914,0.720537666,-0.749412329,-0.546178139,-0.934458374,-0.167297773,0.844508038,-0.833147077,-0.43267482,0.248607938,-0.863941622,-0.241397581,-0.060946825,-0.749530779,-0.179094888,-0.647939889,-0.519205574,-0.552907374,0.650908301,0.104166608,-0.553537377,0.42242012,-0.382963371,-0.312811058,-0.270158198,-0.585267083,-0.669446821,0.459639259,-0.573646681,-0.83821912,-0.255274635,-0.28887548,0.110876267,-0.087706748,-0.189228217,0.255206625,-0.024578778,0.058858082,0.437862849,0.191443408,-0.475347333,0.270252529,-0.051773962,-0.250684878,-0.305988962,-0.330399033
87.5,87.75,88,A,10,-0.525989387,0.273788631,0.683422834,-0.853419766,0.042109464,0.108724332,-0.948289895,0.272937425,2.164871737,-0.735263969,-0.142616987,-0.655641687,1.366768801,-0.177116425,-0.896256688,-0.073929763,0.288830964,0.382526733,2.709246713,-0.98392319,1.430998078,-0.930159409,0.939995195,2.68284652,1.273563141,-0.475253693,-0.667874648,0.635411629,-0.606113523,-0.058176227,-0.801024479,-0.217654658,-0.218088145,1.105400543,0.041856666,-0.611020317,2.435802194,1.514647318,-0.887171321,-0.849986358,0.9188479,-0.739701128,0.049944338,-0.944546828,0.13511385,0.889603597,-0.516886947,-0.890888751,-0.369833342,-0.464955214,-0.797959505,0.294274939,-0.869526126,1.188566966,0.357180996,2.371220614,0.899061575,-0.685452778,-0.138297936,1.181163435,-0.97036666,0.320489922,0.683226481,-0.584208734,-0.564710278,-0.972625167,-0.826768268,3.393403627,-0.783351846,-0.766854653,1.85530315,1.179248569,0.762211358,1.446074311,0.038047595,-0.989860818,2.479948347,-0.68578844,-0.431410977,-0.845092262,-0.408152865,-0.861211551,-0.742780062,-0.961582309,-0.712439118,-1.019759831,-0.536320937,-0.405437412,-0.90485835,-0.715987255,-0.787321556,-0.218422306,-0.748851541,-0.63448164,-0.925115025,-0.779390342,-0.212092077,0.834320766,-0.599169414,-0.521862132,-0.418359448,-0.402233626,-0.209401538,2.152091163,0.032467246,-0.805026015,2.1984194,2.625601079,1.299740389,-0.167835535,-0.124897077,-0.014899923,-0.046851685,-0.516197552,-0.216034868,-0.059546011,0.813679857,0.029606513,-0.276359853,-0.040803627,0.248611646,-0.407385625,-0.954965834,0.245494916,2.009444029,-0.45033905,3.529643592,2.049192334,0.066860687,0.485029765,-0.748628747,-0.791007216,-0.891578586,0.454969097,0.244279615,0.618175316,-0.585314655,-0.891429565,0.988479484,-0.542002785,0.001434413,-0.848464155,-0.882178715,-0.852016865,-0.856657959,0.158439471,-0.663563609,-0.64003346,-0.378815505,-0.390455665,-0.270093285,-0.816780838,-0.480599689,-0.822772707,1.37461582,-0.611584652,-0.986755794,-0.977476464,-0.8791228,-0.793333907,0.048289141,0.181788847,0.422523706,0.151276144,-0.193330253,0.380023218,-0.107176558,0.480868083,-0.726852969,-0.459238527,0.630546311,-0.045230423,0.682158646,-0.214405804,-0.535231205,-0.526390431
87.75,88,88.25,A,10,-0.15535119,0.844757249,2.0647778,1.857736817,-0.459300768,1.438955024,0.067534102,-0.875679459,-0.230113743,-0.432823496,-0.789707566,1.311471134,2.406430308,-0.024760913,0.440487485,-0.03873621,0.074588384,1.703381427,-0.210318426,-0.802035176,-0.082686141,-0.336914879,-0.667791009,-0.575381734,-0.253942275,-0.482055553,-0.212606314,0.189215211,0.528503769,1.678638314,-0.006592169,-0.5379947,-0.582145272,-0.120438496,-0.47488776,-0.478041957,-0.485724844,-0.632724743,-1.007969078,-0.476690761,-0.910909616,-0.595443106,0.170064952,0.981986833,-0.804134511,-0.31897714,0.242513328,0.040123309,0.220838452,-0.77157935,-0.887168463,0.085327188,-0.738166997,2.265558454,-0.587619635,0.865470788,-0.384880363,1.94876802,-0.766711928,1.564900125,1.485654585,0.283639085,-0.895236108,0.236676567,-0.726539361,-0.332717498,0.779596558,-1.026851525,-0.719829212,-0.666681614,0.069963386,-0.58393258,-0.061443054,-0.53191211,-0.517215729,-0.883872934,-0.376678273,0.067780081,-0.553404651,-1.064778857,-0.808386206,-1.028028255,-0.696272972,-0.277322131,-0.88013539,-0.898240885,-0.336150932,-0.780610724,-1.005922191,0.027976161,-0.56373397,-0.632845576,-0.661840212,-0.878993137,-0.039169203,-0.913674702,0.097723346,-0.204890663,0.528315913,-0.457130423,-0.710750413,-0.906692612,-0.092316817,0.443266402,-0.614864431,-0.416375884,-0.692188199,-0.840059245,-0.675857806,0.819279176,-0.886602852,-0.927255819,-0.62631368,-0.994477246,-0.467952598,-0.18695457,1.266668741,-1.020297162,-0.84372491,-0.831328733,-0.076418377,0.402886611,0.491751872,-0.343059196,0.143432787,-0.567971173,2.190369683,-0.307882843,-0.757119698,-0.713251666,0.052752519,-0.64659542,3.767207551,-0.167771554,-0.613384395,-0.282940187,0.19700963,-0.9313812,1.014717282,-0.021853875,-0.021515614,-0.295090697,-0.352003301,-0.251186682,0.159517072,-0.228328159,0.156708836,-0.339071177,0.159159852,-1.008184226,-0.523487196,-0.787286102,-1.003828918,-0.948110302,-0.4097045,-0.825556642,0.78407128,-0.069805877,0.886900449,0.527603038,0.412049234,0.407080045,-0.021502061,-0.480320978,-0.174551685,0.336547719,-0.158228852,-0.443549472,-0.668309352,-0.372623863,-0.368655983,-0.551823883,0.0462738,0.236776035,-0.20199941,-0.236920477
88,88.25,88.5,A,10,1.248798241,0.724997791,-0.582174967,1.900524622,1.029464804,3.472513637,0.238953014,1.437897339,0.990044673,3.971752535,-0.52602709,0.893915641,1.485335968,4.262586509,2.572246604,-0.435644724,-0.789284492,0.174190086,-0.089986809,-0.627887159,0.468425872,1.404619301,1.399035227,-0.75352346,-0.691947565,0.092024279,0.189004754,-0.629312432,0.294686892,-0.314427404,0.277522522,0.581108981,1.693714344,-0.424735417,4.600135313,-0.541313471,0.673124162,-0.711786485,-0.715557582,0.703385266,1.331788752,3.012160739,0.242627022,-0.521100436,2.161095534,1.080474554,0.531284989,0.132464378,0.561439276,2.296860092,0.381306361,-0.710656589,-0.537316148,-0.725831965,0.889764068,-0.732465693,-0.34964708,2.140553056,1.473881859,-0.91691438,0.615465207,0.05122918,-0.480519758,-0.367543763,2.08738228,1.713517771,-0.919939489,-0.617938511,1.359650998,0.347976562,2.135860076,0.66728547,0.173703612,0.454064084,4.057078196,-0.611028957,-0.49176129,0.817040746,0.748370087,-0.832812793,-0.117886373,-0.083879609,1.034506493,-0.213494151,-0.99930393,-0.885598459,-0.673915719,-0.016737936,1.751956078,0.378648342,-0.857211481,2.944427975,0.219490633,-1.016537856,-0.901306258,0.023930207,0.622591009,2.946405485,0.906362496,1.387520703,-0.683581115,-1.019533247,0.519418542,-0.367125819,-0.706788643,6.370206305,-0.554679051,-0.67398888,0.939396461,1.423012106,0.375077267,2.635095333,0.154259418,-0.511785323,-0.012118896,3.935237503,1.540879061,-0.229837239,0.352277818,0.419605683,-0.025614765,-0.688198467,-0.672832939,3.243148689,-0.892736653,-0.714575257,-0.852096398,-0.055776599,-0.819402126,0.90570565,-0.838350807,0.039280954,-0.906961993,0.743975677,0.186424789,1.436697136,0.130057933,1.308050052,-0.628537886,0.010469297,-0.028056017,0.519548758,-0.414988617,0.582443111,0.878544178,-0.81210795,-0.081474665,-0.694741896,0.14709544,1.246504559,-0.231494715,0.180217907,2.034776003,-0.769438697,-0.622586031,-0.852555863,-0.557100909,0.123309085,0.882206927,-0.039397867,1.443277169,0.691944453,0.145858546,0.613559763,1.08290949,0.091267349,0.378928048,0.711779923,0.017429474,0.627567291,0.524633666,0.865869063,-0.057237886,0.148110515,0.13427669,0.014793584
88.25,88.5,88.75,A,10,0.669090061,2.206843432,4.933180937,-0.855740204,1.541667231,-0.039697973,-0.758194501,0.553148191,3.215370703,3.308509998,0.170127712,1.782711754,0.050924187,0.497231099,2.826419064,-0.838342155,0.413550464,-0.072658813,-0.489883285,-0.776212077,2.30373129,0.916328337,-0.886621278,0.362932707,-0.878814593,0.009952684,0.310981084,-0.687765136,0.050171293,-0.341834513,0.622773784,1.903427281,-0.884896838,0.793514949,-0.463560471,-0.629642493,0.853191559,4.073937509,1.92780876,-0.597158432,-0.653988567,0.195008243,-0.497673578,-0.893875134,-0.752996396,-0.937008579,1.573564323,0.055108689,0.75737691,0.164056854,-0.003693259,-0.842186674,0.046837235,-0.382978829,2.113685536,0.2088495,-0.621388244,-0.29417734,-0.614514986,0.759933653,0.440065349,0.284622527,0.057159721,-0.249766201,0.027720256,0.50176704,-0.792169544,0.56650412,-0.62939606,-0.726597106,3.037440876,0.436250289,0.488133811,-0.948975616,0.610863995,0.210493588,1.030003273,3.7523744,-0.887996595,0.555575953,0.351749094,1.105177301,0.54003528,-0.574501935,-0.719742831,-0.342160799,-0.124144577,-0.922453391,0.850858536,-0.777444222,0.78457606,0.533328484,0.417228279,1.235816507,-0.569268255,-0.90475899,0.050116681,-0.038077588,-0.432961775,0.139861996,4.107878841,0.093420469,-0.557796984,0.142662712,-0.342975798,-0.929924953,-0.702075586,0.100652407,0.822423617,-0.794377291,-0.269544798,-0.899350115,0.459926347,0.824586064,-0.718233872,-0.463373142,3.93577807,0.344513604,-0.671640209,0.804084978,1.696287803,3.598148397,-0.217468767,-0.289344231,-0.473058654,-0.734256451,-1.025116554,-0.585163785,-0.872377835,-0.353903768,3.119777068,-0.199123658,-0.483352288,1.59586491,1.119286634,2.074707441,0.605170022,-0.547842401,-0.820450022,-0.808867842,-0.136177929,1.654812714,-0.731971448,-0.427237233,-0.307099811,-0.609388346,1.150200707,0.158915944,-0.404623562,0.973405484,2.866108663,0.403566154,0.332274036,-0.556813234,-0.629748606,-1.014168663,0.177790251,-0.523413972,-0.619047747,-0.285407221,1.477417788,0.356386795,0.115906188,0.759939561,-0.099042724,0.037036659,-0.05200899,0.828416397,-0.061262754,0.12158614,0.193988744,0.334674693,0.074374616,0.565516986,0.132083652,0.015113966
88.5,88.75,89,A,10,1.362802213,1.805804296,-0.758505182,-0.615586574,-0.897324631,5.687494201,-1.055404714,-0.639606385,1.71498208,-0.053817374,-0.316749174,0.352067681,-0.034693632,0.603876311,4.375039467,3.476504139,-0.942565333,2.136087417,0.223178679,0.490863248,2.506756856,0.461309588,-0.847972381,-0.586508707,0.738609661,0.209663174,-0.794264646,-0.563463158,-0.354629642,2.49400908,-0.162078001,-0.340467181,2.524126068,0.560964277,3.3535036,1.23626347,3.439732453,0.945296247,-0.305822346,-0.313277653,-0.425867852,-0.631020767,1.695398503,1.147880707,-0.25830996,0.735411354,-0.410212486,-0.187805697,0.305575413,3.553218526,-0.053387771,2.740615587,0.796769798,-0.123792883,-0.408334266,-0.372109989,-0.638405765,-0.136679071,1.415236132,0.327795259,0.944526279,-0.284179821,-1.049606007,-0.714440974,4.42269656,-0.449124677,-0.316214806,0.66820915,1.485958402,-0.429640369,-1.109076448,0.0720007,-0.305539186,0.013907779,0.03860847,0.102190215,-0.163385359,-0.257108208,0.71046591,0.527484583,-0.058059366,0.505340341,0.715392317,-0.731480478,1.04720962,-0.929401203,-0.966489517,3.474765822,-0.380568775,0.182156382,-0.824344143,-0.536571965,-0.505330734,-0.040481983,-0.525530651,-0.904265682,-0.449006236,1.016014903,-0.584287655,-0.367761488,-0.122997966,-0.437032572,-0.859350916,-0.464991661,-0.873927549,2.24874571,0.000144437,0.300283998,-0.474312195,-0.411988526,-0.93237516,-0.027557655,-0.435957577,-0.871698494,-1.053294844,-0.978018887,3.24034291,0.182329147,-0.897842428,0.851066233,-0.685945778,-0.007232883,0.160244903,0.326672423,-0.706997247,-1.02509157,-0.769359874,0.069114155,-1.00092885,-0.12210673,2.194025609,2.819283609,-0.517625519,-0.057306153,-0.835402948,-0.503751845,-0.838836417,0.885865877,-0.752962656,-0.544512669,0.36032855,-0.013685432,-0.365686309,0.186618605,-0.174588498,-0.859342141,0.032610486,0.0653951,1.106706235,-0.781994652,0.33023632,-0.7558138,-0.484847214,-0.347171019,-0.763181665,-0.616436085,-0.031406754,0.282246108,-0.205653927,0.573973993,0.655083793,1.03636088,0.326350982,1.093824093,0.552426774,0.354770703,0.427818374,-0.037045154,0.285886514,-0.372156563,-0.109542724,-0.092300675,-0.376163145,0.184877689,-0.044363806,-0.201805404
88.75,89,89.25,A,10,0.68882882,-0.025787538,-0.747083212,2.939539341,-0.398328032,-0.448864528,2.440210411,-0.876268282,-0.759792215,0.854065014,-0.121273676,-0.273473521,-0.723258642,0.682176608,-0.504246471,0.442824441,2.741187805,-0.480609621,-0.675385252,-0.475985578,-0.368053645,-0.875287097,-0.745082569,-0.803235236,-0.632743571,-0.454218928,-0.606324926,-0.387460607,-0.730580775,-0.708946899,-0.716883537,-0.33744278,-0.607127727,-0.358943767,-0.410268385,-0.743282586,-0.644457636,-0.478307726,0.951082929,-0.001053639,-0.767872942,0.783805047,0.695374275,1.260490032,-0.352597886,0.440082067,-0.824769293,-0.333023513,-0.738688565,-0.879344389,1.192697722,0.089596929,-0.54747635,1.865496848,1.772386056,-0.262857122,-0.156100199,1.168724245,-1.037300747,-0.66713313,-0.324135092,-0.921078703,0.276428304,0.125529966,-0.818322183,-0.749780375,-0.203926075,0.211327348,0.389490169,-0.010498057,-0.552423267,-0.926598263,-0.040859309,1.342841249,-0.520726215,-0.022413497,-0.470051932,-0.801297951,-0.874452279,-1.061687249,0.248021548,0.864488301,-0.365788778,-0.539074255,-0.751132986,-0.637363792,-0.923736164,0.039496175,2.014589676,0.740324621,0.639871834,0.38104318,-0.592975758,-1.006610353,0.662327823,-0.18796277,-0.584316261,-0.892117774,-0.365047969,-0.260158717,0.166396139,-0.636280043,-0.265733799,-0.91312401,-0.453064398,0.931086428,-0.432469883,0.615166278,-0.423707986,-0.74055069,-0.594853166,0.019424297,-0.881357675,-0.362126143,-0.056927307,-0.189024424,-0.356619441,-0.363479195,0.42649944,-0.46816202,-0.764544575,0.180423013,0.533932235,-0.712232465,-0.754706158,-0.308013465,-0.559601533,3.009105628,3.642398197,0.142175686,0.880670856,0.967307609,0.75097327,-0.823490072,-1.059867579,-0.88564272,-0.891743379,-0.011431823,-0.096944544,-0.41498021,-0.126107862,-0.815803246,-0.07403999,-0.519559394,-0.893295455,0.842498417,-0.691665787,-0.528363132,-0.225914218,0.134970541,-0.409289364,0.340746989,-0.716790757,-0.489230878,-0.428222359,-0.528200073,-0.715479085,-0.246840342,-0.156485647,-0.308672886,0.366651978,0.061195609,-0.631193425,-0.334668485,-0.071654517,0.341803425,-0.20249647,-0.392766871,0.068982435,-0.220594677,-0.215228196,-0.282662563,0.440893656,-0.158514859,-0.289728012,-0.36584644
89,89.25,89.5,A,10,0.043856838,-0.079369315,-0.897407748,-0.081652907,-0.057177436,0.55018788,0.515975247,-0.490164906,0.258776118,-0.215298754,0.443636002,-0.30344909,-0.749129933,-0.140266347,1.36675546,-0.013226898,-0.176176339,-0.149393649,-0.138140337,-0.143660492,-0.142608929,-0.407250671,2.219355998,1.002405911,1.808727663,0.08225127,0.093211703,0.324103691,0.763662004,1.036914917,-0.700140121,0.850462076,-0.981926743,-0.821120613,-0.570128553,-0.248613786,2.488546461,-0.932811513,-0.130513512,-0.09539176,1.995050746,-0.110087014,-0.611601795,0.693707228,-0.33893688,-0.363236664,0.054710601,-0.385517467,1.144450891,-0.886659309,-0.82884916,1.080691329,2.003708043,-0.118449254,-0.756132169,-0.52179281,0.430118404,1.373817116,-0.784694466,-0.793496243,-0.151049705,-0.467984542,-0.218293809,0.123695811,-0.044568581,0.282056218,0.053641016,-0.885061657,-0.807966168,0.730891778,-0.956412801,0.612352912,0.324761841,-0.938853124,0.607187503,0.891596559,-0.667741107,-0.424017569,-0.539430576,1.075500039,-0.753295846,-0.874583778,-0.168661721,-0.779544759,-0.049614581,3.18299798,0.642211314,0.490852867,1.034067055,-0.270034144,-0.177449447,0.527675769,1.181025941,-0.801414887,2.465373087,-0.802778377,-0.234634812,-0.84530628,-1.120245978,-0.881726271,1.461570169,-0.444587532,0.331253516,-0.038074699,-0.889376203,-0.588822348,2.523843792,-0.126483616,-0.788028398,-0.694819454,-0.100908621,0.101330176,0.104288405,0.381463709,1.698752616,1.143630781,0.337011475,1.459623279,-0.750841859,0.117625814,-0.285361089,0.828063977,1.160796884,1.479630486,-0.249074267,-0.536018764,1.018438603,0.66308902,-0.737878423,2.771934558,1.132708623,-0.380852976,-0.813072248,-0.641358936,-0.474757181,0.26907249,-0.410454039,-0.729102054,1.153073932,0.311785756,-0.711440682,-0.895904014,-0.708454008,0.506814162,0.032365733,-0.29696851,0.291700696,-0.924577762,-0.605275113,-0.76214943,0.083244887,-0.416191592,-0.788826556,-0.591912947,-0.937938562,3.365918874,-0.292560931,-0.745135531,-0.779386327,0.070786075,-0.045227498,-0.000305162,0.678077356,-0.114163806,0.119188034,0.108492079,-0.138463964,-0.001505632,0.245439439,-0.068948126,0.074647523,0.449197577,0.611362098,-0.058295663,-0.407388893,-0.103200261
89.25,89.5,89.75,A,10,-0.504769082,-0.065839318,-0.443174172,0.738730978,-0.884959011,-0.37801317,-0.287603209,0.696612473,-0.472970918,-0.87296711,0.404888248,-0.852475538,0.131201059,0.957538539,0.061405279,-0.72820146,-0.695061262,-0.096705296,0.519850714,0.674625089,0.112189136,0.915944823,-0.708059605,-0.346411379,0.026487029,0.443440272,-0.729149754,0.166237348,-0.494108433,0.74278573,0.143097746,1.262944961,-0.65191906,-0.697489536,-0.844581649,0.605466861,0.330913861,0.105915687,0.929096611,-0.15713628,2.131255457,1.287911323,0.657968999,0.728654731,4.767845474,1.155462694,-0.795717735,1.269004428,-0.348864485,-0.949841103,-0.247833607,0.622037827,0.257955167,1.352505949,-0.756358444,-0.797944354,-1.020578569,-0.892756079,-0.999969609,3.550455743,1.344112305,-0.893513476,-0.977809543,-0.891824759,-0.574030457,-0.086859841,-0.294652331,-0.405651267,0.077343669,0.186569248,-0.848108459,-0.519040854,-0.484333007,-0.449591462,3.527894846,2.221571486,-0.323874598,-0.513794621,-0.578603116,-0.82518436,-0.992582052,-0.957618527,-0.728281116,-0.665464217,-0.76275489,-0.491136867,-0.307806456,0.993492125,-0.799868506,-0.841728652,-0.443076149,-0.798041893,0.384012359,0.000156282,-0.6098273,-0.000228068,1.053386416,0.426008583,2.14139809,-0.657961252,-0.184622982,-0.383758653,-0.653414968,0.699684518,0.352153534,-0.873048716,0.023549794,0.03046875,-0.704895776,-0.712702154,2.677333151,0.721620669,0.546952534,-0.44318688,-0.386451755,0.108966526,0.769934392,-0.098730996,0.386942335,-0.830186761,-0.799728407,-0.569045622,0.074456958,0.15718909,0.975390596,1.142848911,-0.028818991,-0.594406673,0.232239437,0.406386602,0.248036211,-0.675490342,0.215395495,0.594697128,-0.253881412,-0.10486019,-0.494007199,-0.801143114,0.025814604,-0.615867386,-0.787087699,-0.194111416,-0.844622406,1.744555961,-0.166931159,-0.294447895,-0.917921445,0.333643515,-0.95033739,1.466331139,-0.782385364,-1.001146624,-0.65362344,-0.278940596,-0.958466368,0.895266893,-1.000309174,-0.699110841,-0.256749396,-0.66550087,-0.247495254,0.037706537,0.012935517,0.10263092,0.990367978,0.106751402,-0.251631645,0.120693586,-0.555374916,0.149582707,-0.240658665,0.345319321,0.09965119,-0.186130621,-0.06109288,-0.540096578
89.5,89.75,90,A,10,-0.21017788,-0.563862135,0.059983571,-0.879073656,-0.490717356,-0.685621553,-0.774315168,-0.831321729,0.630680621,-0.460528551,-0.125309175,-0.050148245,1.141951457,-0.596776886,1.18133137,-0.555524754,0.848519902,1.842671623,0.966031772,-0.239902612,0.107234868,-0.977245513,-0.702343955,-0.638885154,1.396371937,0.093726766,3.668622481,2.364983063,-0.881163686,0.381597868,-0.37492286,-0.051491498,0.01512648,-0.596398229,0.48643442,0.003069381,0.080983478,-0.513623176,1.083566335,0.564015304,-0.107465458,-0.838082123,-0.129992025,-0.865081519,0.888823013,0.475245902,-0.092489876,-0.311192548,-0.527067892,-0.870295969,-0.117918252,0.291206689,-0.672948442,0.753065641,0.740990892,-0.738022366,-0.766030486,1.01568733,-0.517233501,-0.414004538,0.193592835,-0.452854731,2.179943203,0.223484124,0.748069612,1.151758671,-0.212426184,0.976286092,-0.651496417,-0.123683093,-1.025066751,-0.878926967,0.207537465,2.708110201,1.125683316,-0.969265031,0.145646962,-0.224056776,3.859561757,-0.051918633,0.426605433,1.931510506,1.076736407,-0.621800097,0.900957229,-0.256092228,-0.460291428,0.015135091,-0.39038017,-0.172655973,0.088118128,-0.698485032,0.071326284,1.579856888,-0.030193037,-0.017747599,-0.809327385,-0.551303229,-0.544155379,0.585460909,2.39174803,-0.518878284,0.018335408,0.594601666,0.724888372,0.838233237,-0.306435983,3.036192045,-0.344495655,0.361930194,-0.954707672,-0.637699923,-0.839206293,-0.070540799,-0.922609985,-0.798979854,-0.625374231,0.764927257,-0.915910779,-0.069679778,2.697861691,1.775873101,1.240503608,0.89086291,0.780333403,-0.411425374,-0.334669802,-0.063404122,0.828084699,-0.548563658,-0.645756574,-0.744546129,-0.327613209,-0.764053806,-0.415191498,0.225483617,-0.5275298,-0.449834941,1.429285743,-0.616195696,3.079888869,1.562448458,4.956568394,-0.245251745,-0.714642918,0.631300914,1.904512047,0.922273403,2.444341948,-0.895865127,-0.432984098,1.308025051,-0.566779377,1.919206807,0.582361344,0.717057353,-0.418081412,-0.345694797,-0.099543162,-0.804070402,-0.420495384,0.441284445,0.481289868,0.069675964,-0.23775985,-0.042520703,0.403267411,0.489730554,0.244972477,-0.032644945,0.679611903,-0.506978206,0.685545645,-0.283595229,1.364557424,0.185949731
89.75,90,90.25,A,10,-0.246811683,0.150529377,0.718870567,-0.227522934,-0.818745723,-0.770929349,0.812405661,-0.724280561,-0.553112274,-0.357591962,-0.648892577,0.148384513,-0.6532319,-0.44547897,2.428019389,0.006012949,-0.325036216,-0.02806406,-0.661081344,0.13571766,-0.932151565,-0.165037085,-0.475828247,0.39038687,1.919639638,-0.535134592,-0.576447461,-0.839141832,-0.450558588,-0.134155983,-0.38780227,-0.374663978,-0.628147349,-0.947353338,0.171222595,0.696897749,1.220452923,1.714639862,-0.424465316,0.116678519,-0.95142023,-0.697478804,2.050875644,0.374770181,-0.512849205,-0.556681559,1.725390561,-0.424487993,-0.811057435,-0.578319831,-0.396168346,-0.828183688,0.46292578,-0.054114556,-0.064702154,0.908246015,0.990898279,0.614754592,-0.611578676,2.011149214,-0.240366816,4.789165185,-0.831541141,2.213313646,1.002621997,1.058614649,-0.265090195,-0.902021104,-0.293401887,0.403111048,0.662896526,-0.418208868,-0.235481206,-0.789064426,0.002697687,0.4790001,1.11323438,0.030598441,4.203677453,-0.701572284,-0.354243963,-0.308137044,1.345620683,4.214659705,3.204428264,0.261716188,0.202050163,-0.545813509,-0.788600214,0.464258744,1.722505691,0.408156885,-0.300612282,2.178550534,-0.019931664,0.143951744,1.11176438,2.215402343,0.405239175,0.437946186,-0.083082329,-0.953721567,-0.207344286,-0.660311245,4.212270576,-0.790726998,2.166129724,-1.046624721,1.957047125,0.483337724,-0.76620427,-0.797867505,-0.462601548,3.064145322,0.047130064,-0.79823112,1.046639056,-0.178731925,0.436305025,-0.905364845,-0.283910219,0.15500321,-0.744094788,4.827721431,-0.381431232,4.572579603,-0.981698342,1.011965094,1.040898737,-0.424007972,-0.771946012,-0.036869549,-0.177077243,-0.529550857,-0.733440273,-0.720707573,1.13290989,1.255995207,0.052304438,3.220657569,-0.641168776,3.950679457,-0.872625722,1.197366363,2.142757599,-0.145026634,0.447253237,-0.480586483,-0.507780144,0.42887272,-0.865425468,1.276612397,1.599147636,-0.518749508,1.613853189,0.535992291,-0.816328745,1.504619461,-0.308745667,1.28442091,-0.201718888,-0.004365056,-0.179842885,0.11574594,-0.038125867,0.303322646,0.693440538,0.43477778,0.769593902,0.830297299,0.5076974,0.068521825,0.879302552,0.26922756,0.551974162,0.53053965
90,90.25,90.5,A,10,-0.15466503,-0.196425681,-0.027245366,-0.689236559,-0.729970248,-0.576123534,2.236032026,-0.918929268,-0.504725913,2.135517299,0.340476494,1.321992747,0.276745084,0.574916158,2.132237609,-0.208050538,-0.906714808,-0.395949634,2.288915981,0.413423385,-0.94172707,-0.896416033,-0.687241586,-0.761320486,-0.907023882,-0.992574,-0.78420042,0.154719341,-0.433507776,-0.436833738,-0.417112212,0.59080586,-0.309408596,-0.797851637,-0.651347724,0.454519205,0.00691873,-0.59579402,-0.550511328,-0.071740393,-0.757051157,-0.973076032,-0.827622302,-0.069301502,-0.722979604,-0.574980065,0.166471871,0.091903613,0.851160511,-0.433570222,-0.086887715,-0.731403127,-0.340917206,-0.920087351,-0.832407522,-0.756990823,-0.54474869,-0.913336624,0.085225589,-0.897646998,0.540966879,-0.708274154,-0.433982362,0.052682162,-0.396799044,-1.000970183,-0.309495994,-1.051160281,0.014209372,-0.870735501,-0.831092752,0.335918203,-0.871419883,-0.891168585,-0.281480838,-0.13041568,-0.813448268,-0.769815576,0.416447515,-0.831600394,-0.660556365,0.429394136,-0.5755722,-0.336022073,1.67558843,1.573362497,-0.779478363,-0.358968759,-0.387483741,1.799712139,-0.005448511,0.223642878,-0.906834194,-0.728381025,-0.5570941,-0.5244618,-0.842264368,-0.680981038,-0.605787337,-0.380407471,0.267642119,0.008274825,-0.677412868,-0.665656027,0.672540303,-0.866921759,-0.51425437,-0.267600298,-0.247495159,-0.847608944,-1.007488161,-0.265652648,-0.987022962,-0.738101823,-0.951470597,-1.088356319,-0.918244037,-0.910776969,-0.323705934,-0.906015134,-0.270262034,-0.862325076,-0.878793373,-0.330988592,-0.050724295,-1.072656611,-1.00568683,-0.9013681,-0.125803499,-0.66101486,-0.234502631,0.340543285,1.065008353,-0.73378101,-0.260868579,-0.647271545,0.83924794,-0.820142674,1.443071972,0.3862431,-0.743195049,0.075502884,-0.091070033,0.053156113,-0.714246122,-0.693489406,0.52506032,-0.699948317,-0.759214381,0.29680708,-0.84936283,0.037552459,-0.14005892,-0.213981634,0.285808613,-0.043294122,0.879167308,0.085954955,0.651365368,-0.795267767,0.057422773,0.583799248,-0.668612565,-0.234152211,-0.324904489,-0.593920047,-0.41635591,-0.466807626,0.23799757,-0.500801697,-0.313849218,-0.809683458,-0.615962327,0.137754821,-0.275063691,-0.010211657
90.25,90.5,90.75,A,10,-0.482345584,-0.647541048,-0.250064878,1.296214792,0.186030946,1.231886493,-0.681613076,0.578193536,0.742816783,-0.251435204,0.596501977,-0.118712459,1.354339615,0.749846644,-0.377321714,-0.098710158,-0.136811472,-0.094961248,-0.33147522,-0.772615079,0.039377604,0.029215033,1.098721297,-0.439373363,-0.221575152,3.014755475,-0.499418218,-0.397987947,0.030274906,4.088106637,0.1900732,1.636220185,1.888313021,-0.891335272,-0.206586548,-0.621731735,-0.867746104,0.932540913,-0.622070479,-0.413986963,-0.728927326,-0.835355498,0.275993876,0.773355647,0.090439553,-0.988185606,-0.801349356,-0.467267357,-0.843581872,-0.968597203,-0.265177799,-0.514651602,-0.570524475,1.958459726,-0.5221708,0.330855549,-0.950742084,-0.816712543,0.140162122,-0.594580109,1.735235216,-0.560556901,0.192601264,-0.419336491,-0.580805077,-0.6431786,-0.442313273,-0.763411615,-0.895735434,1.923234335,-0.101685544,2.022340643,-0.169591228,-0.216728824,1.251980553,3.657851794,-0.428355075,0.722980881,0.055114875,-0.951897863,-1.019641615,-0.949042549,-0.476088483,2.424897523,2.236968029,2.175362312,2.003550276,2.138228503,0.552249185,-0.893156321,1.468652479,-0.166611882,4.264376805,-0.077088472,0.409865995,-0.614987694,-0.367673152,-0.820933203,-1.137152642,-0.197060874,0.176942844,-0.088626147,-0.892201663,-0.022500352,-0.252960058,-0.383875719,1.257103116,1.019539969,0.958643342,-0.483120925,-0.487035046,0.941480011,-0.323624191,-0.406465453,0.685014004,0.286080363,-0.927904336,0.17257837,-0.776849555,0.550345009,0.435037971,-0.368188492,0.570420463,0.042132482,3.062466446,0.362333955,0.483218968,0.548107609,-0.043941255,2.048162112,-0.955900611,-0.67007034,0.665950483,-0.590196684,0.594003839,0.328415859,2.308420112,1.105147387,5.621292931,-0.855116053,0.207738715,-0.807629738,-0.880527749,-0.325625525,7.590152866,-0.688653881,-0.827695199,-0.599894831,-0.54783541,1.396323154,0.650332202,2.963034618,-0.314710791,-0.208527517,0.90644132,-0.815687127,-0.347272928,1.408840594,-0.542915557,-0.299989172,0.172214276,0.077008089,0.674209627,0.102369022,-0.449347514,-0.180508201,-0.045426657,0.584201021,0.819332686,0.276138736,0.128894441,-0.028638082,0.713975026,0.755194692,0.45163524,0.339954564
90.5,90.75,91,A,10,-0.442887877,-0.617875686,-0.022389828,-0.018114318,-0.58003466,0.180061684,0.373907093,-0.973538449,0.183073438,0.902549367,-0.632183031,-0.858483191,0.373131791,-0.776925631,0.447455995,0.981456771,0.623709587,-0.442296727,0.400286941,0.201018826,-0.205094731,-0.733499676,-0.664159099,-0.372672164,0.604746985,0.025499223,-0.207958371,0.125094286,-0.867343609,0.689659489,-0.509818837,-0.628316716,-0.438114527,1.145369661,-0.918836096,-0.275169132,-0.857027596,-0.755121522,-0.592757762,1.444377107,0.061551529,-1.029596653,-0.551068159,-0.475198372,-0.776681497,-0.824032034,0.292876579,1.331878627,-0.448010925,-0.591715747,0.565384668,-0.212539579,-0.969142518,-0.466989194,1.41177651,-0.8087111,-0.637364127,-0.173340688,-0.73880453,-0.867750213,-0.326933656,0.253403051,-0.2854135,0.548348311,-0.707837654,-0.728014657,-0.57825876,-0.471349104,-0.522182289,1.400486034,-0.819383942,-0.153079154,-0.405048192,-0.918768293,-0.066466088,0.51633948,0.365436253,-0.232665743,-0.303208948,-0.710774635,1.619982429,-0.704659279,-0.108341323,-0.244063764,-0.709778301,-0.320547377,-0.508457273,1.792284621,1.079954665,-0.889154518,0.395092819,0.288249948,-0.829673324,0.090114074,-0.837442918,-0.392431345,-0.736703319,-0.90873955,-1.036707227,-0.703708484,-0.803235714,-0.838862541,-1.010821134,-0.875692511,0.355440279,0.887629799,-0.35631194,0.318969955,-0.963677471,-0.041261593,1.227353662,-0.811655374,0.341631927,-0.449509941,-0.682094666,-0.184676082,-0.718614924,0.071950379,-0.824723427,0.752489507,-0.487125775,-0.857565633,-0.938780301,0.937384629,-0.837266026,-0.374955606,-0.55548095,-0.55409646,-0.960998053,-0.838410757,0.145594123,-0.953155065,-0.445213377,-0.279488784,-0.844633635,-0.165948581,-0.778589722,-0.717246139,-0.564562057,-0.090355085,-0.67359634,-0.609896758,0.046912859,-0.86649092,-0.424034873,-0.552204514,-0.561168177,-0.523026086,0.020449695,0.551479709,-0.51569602,0.226740036,-0.0929513,-0.512459964,-0.366476653,-0.844954117,0.465725424,-0.442234609,-0.682299097,-0.325285255,-0.101524923,0.031717133,-0.160572767,-0.238541542,-0.300999665,-0.289748077,-0.141775222,-0.272761926,0.100721988,-0.467194933,-0.332782287,-0.127784894,-0.546729493,-0.469359832,-0.359157541,-0.308989155
90.75,91,91.25,A,10,0.205481269,-0.71498244,0.561753369,-0.393222512,-0.913932921,-0.406573262,0.227526613,-0.561957978,0.489874368,0.201799678,-0.994845351,1.525396013,-0.778889403,-0.969825597,-0.237234407,0.377433513,0.415849558,1.168104357,-0.12104049,0.433414798,0.249934742,-0.90224984,-0.561080073,0.966755538,-0.403306143,0.910740292,0.646516542,0.210931596,-0.146238931,-0.3031397,-0.679399943,-0.242954832,-0.577565877,-0.349800331,-0.347976706,2.500824747,0.150206503,-0.064710571,-0.4118391,-0.663658367,-0.99886346,-0.885976673,-0.411298407,-0.973316493,0.493430517,0.715474121,-0.365459714,0.095502304,4.732026189,-0.925304303,-0.292638704,-0.412096667,-0.573783819,-0.397141341,-0.859299568,-0.711541939,-0.592813092,0.107823314,0.187067356,-0.148198643,1.142909706,0.345171139,1.911964482,-0.687905338,0.735083145,0.236767134,-0.380821283,-0.487319373,-0.468133708,1.179784021,-0.601316705,-0.610701207,-0.322185406,-0.959055334,0.07016083,0.297686114,-0.837347611,0.226872862,0.926548691,-0.046412803,0.187463246,2.796580864,-0.55590589,0.410664331,-0.94910243,-0.72926829,-0.784994183,-0.373485826,0.751814636,0.992337721,0.327181648,-0.830817598,-0.332927488,-0.197038932,-0.622579493,-0.325023293,-0.755541594,-1.100833305,-0.91027934,0.758314358,0.442941381,0.664809647,-0.640549882,0.30538948,0.096643412,1.470381512,-0.458084392,1.593277165,0.534722752,5.595047424,3.499674333,0.423102034,-0.635548956,0.14851061,0.169579016,-1.082079738,0.478052062,-0.828274034,-0.588419526,0.7907851,-0.690871466,0.978232043,0.314175065,-0.802403402,-0.823793656,2.308469317,-0.39446208,0.981438045,0.947049698,-0.420809152,0.220647503,-0.320549078,-0.642922014,0.036594011,1.214965032,0.537819067,2.221830246,-0.123128146,-0.569358241,-0.467654148,-0.759029115,-0.661482361,-0.884016614,-0.888618893,0.079780996,2.534716608,-0.253707163,-0.466015734,0.384883395,-0.469879663,2.509438495,-0.05160808,-0.36504237,-0.147646671,-0.923082413,0.757251541,3.425923361,1.038704559,-0.517369294,1.133789576,-0.130423382,0.081836299,0.066886402,-0.068687448,0.147621408,-0.36926231,0.352749992,-0.185575057,0.174610418,-0.398954504,0.96045785,0.23753809,0.239702441,0.210824423,-0.138336855,0.686035871
91,91.25,91.5,A,10,-0.36635742,-0.265275843,-0.491370007,0.379046915,-0.763679667,-0.838047727,-0.763435262,0.344025644,2.162380658,-0.821207191,-0.007228779,0.008526743,-0.50681822,1.321686499,0.06070524,-0.145048929,-0.757605771,-0.457271808,-0.700260948,0.089135238,0.497116319,0.352604625,0.0591769,-0.278821687,-0.122406254,0.0431159,-0.833609811,-0.787571719,0.827104086,4.417989792,0.884308659,-0.642616632,-0.747076304,-0.156932101,-0.680209267,-0.72389082,-0.945582879,-0.825993286,-0.286366763,0.104904554,-0.874720989,0.953513575,0.374434011,0.266413007,0.227911186,-0.820207796,-0.653719598,-0.429819416,-0.101467163,-0.775055366,-0.68220974,0.626297302,-0.154865522,-0.257875057,-0.880565357,-0.93694301,-0.055230959,0.716672831,-0.020198358,-0.398652737,-0.669007823,-0.418239325,-0.461563195,0.355087588,2.083808821,-0.428217061,-0.677892684,-0.057879812,-0.910373908,1.162134211,-0.338032211,-0.798233759,-0.756358418,0.013708153,-0.094387556,-0.208123158,-0.701095076,1.177573777,0.509177329,1.03829319,-0.788470474,0.96752856,0.319260737,1.718128949,-0.185896647,-0.123111955,-0.743684745,0.062697201,0.895011422,-0.424203499,1.162230589,-0.488276772,-0.869344768,-0.788398342,0.068178319,0.196265046,-0.802708785,0.039474368,0.599623932,-0.978991799,0.314247556,0.810558887,-0.536923372,-0.882820548,-1.047630128,-0.627497062,-0.993343495,-0.794376174,-0.451795946,-0.730764663,-0.793067876,-0.679419843,-0.690532035,-0.060516993,0.000461775,-0.028498355,-0.495707461,-0.298916876,-0.701810814,-0.58670478,-0.858403331,-0.905380479,-0.353259269,-0.210543313,2.09399821,0.95355259,-0.344493013,0.774758338,0.217505772,0.844724834,-0.912264316,1.416268236,-0.056332383,-0.437845367,0.124148596,-0.068814692,1.17192322,1.933732526,-0.38743074,-0.204537616,-0.574625773,0.265439022,4.398638496,0.089602788,0.966153074,-0.716851966,-0.383283384,1.620626682,-0.500760025,0.952559604,-0.063501994,-0.266370229,-0.896687336,-0.702241463,-0.538093862,-0.141043763,0.483888769,-0.346061476,-0.655318035,-0.625045858,-0.14239199,-0.109418073,0.417469815,-0.401945484,-0.183271855,-0.204357061,-0.002214319,-0.015747773,0.169725955,-0.186194821,-0.494034495,-0.433471326,0.221246034,0.257884746,0.611749852,-0.375047525
91.25,91.5,91.75,A,10,0.026943047,-0.369805053,2.028210224,0.822220441,-0.202573843,-0.353310754,1.52137464,-0.301152971,-0.722037465,1.04232977,0.095783934,0.281946753,-0.775300341,-0.187640493,-0.701400389,-0.370703004,1.352333363,-0.5118901,-0.651841639,-0.044958749,0.216441914,-0.992064418,-0.895804782,-0.636138957,-0.787228246,-0.686158777,-0.298096144,-0.560652911,-0.652492326,-0.737061952,0.758086859,-0.495760505,-0.539869934,1.749187076,-0.387445914,2.584438593,-0.134003983,-0.963003026,1.379430907,0.527149157,-0.585940763,-0.887589633,-0.316376243,0.35660445,-0.627126093,0.239253839,-0.280891017,-0.730549803,-1.007267972,-0.638631446,0.338996386,-0.761588586,-0.858719825,-1.023914937,-0.907983328,0.138756448,-1.058877485,-0.36504916,-0.18565228,-0.908716066,0.551665418,0.518374297,-0.249605433,0.248616921,1.073162286,0.092163382,2.487544396,0.16708294,0.844828356,-0.358990953,-1.183844503,0.434967307,-0.693285692,-0.574970683,0.898491472,-0.691284721,1.185013928,0.018989296,-0.344142773,1.047162898,0.431526552,0.013330953,-0.02878471,-0.095826189,-0.673718344,-0.932356878,-0.358882629,-0.723145295,-0.277140754,0.2127099,-0.582102279,-0.188020939,-0.459061209,1.519675965,0.587471295,0.504838216,2.037156276,-1.207288691,-0.896232719,-0.340391013,0.962927168,-0.356103213,-0.960521202,-0.56976031,-0.304082341,0.15573208,1.232858711,-0.85891006,0.035499036,1.681625831,2.236731506,-0.297213546,-0.640675649,0.343974877,-0.662782499,-0.694193295,2.420929374,1.001844724,-0.116377842,3.06534452,-0.464631114,1.460938884,-0.091340838,-0.899534913,0.199935665,-0.768211793,5.685850965,-0.881618028,0.7502301,-0.464290788,-0.318481215,-0.582342588,-0.174682055,0.622973137,0.540759407,-0.848663786,0.434380399,-0.688542127,0.329870609,0.393071844,-0.746759814,-0.35367624,2.656460635,-0.230316092,-0.726941064,-0.436825347,0.354480491,-0.173052485,0.310774725,-0.969405069,0.426631587,-1.024360453,-0.653074041,0.803021332,-0.64751288,-0.667513069,0.054695932,0.384824567,-0.463782012,-0.2891168,0.349219804,-0.151367067,-0.60292566,0.447820923,-0.447851468,-0.559274883,0.537484161,0.009709653,-0.24322874,0.09760449,0.10192657,0.665758217,0.452732814,-0.029165638,-0.031526026,-0.207618584
91.5,91.75,92,A,10,-0.169760919,-0.573385636,-0.875594582,-0.708006619,-0.440372274,-0.390223508,-0.406816361,-0.71314286,-0.959773968,-0.922476151,-0.702355105,-0.571071154,-0.583009731,-0.517357341,-0.572333365,-0.806936408,-0.788196616,-0.324913173,-0.581973054,-0.987846728,-0.374224569,-0.838750829,-0.783630562,-0.636362034,-0.410623853,-0.905925588,-0.9090757,-0.196561617,-0.585094021,-0.475447199,-0.728354691,-0.579327552,0.452305504,-0.96613474,0.620235329,-0.44096297,0.143660793,-0.592759271,-0.225662226,-0.60763798,-0.819188646,0.308091973,-0.322407186,-0.706877366,-0.382598563,-0.761421026,-0.763250835,-0.944649046,-1.017165702,-0.963839956,0.394235336,-0.033051707,-0.547648144,-0.903494841,-0.780282285,-0.791813501,-0.792884087,-0.189465237,-0.738262841,-0.403027615,0.160847964,-0.112636534,0.481596399,-1.006619273,-0.522541231,-0.688245964,-0.80283559,-0.68727296,-0.826710108,-0.860726556,-1.170665687,-0.822745243,-0.822353124,-0.843610827,-0.618363645,-0.731008047,-0.75386695,-0.725070138,-0.459533576,-1.005960212,-0.778851692,-0.046094539,-0.467792938,-0.527402293,-0.931595167,-0.31939837,0.046547694,-0.88548336,-0.674203377,-0.742703636,-0.934540723,-0.225988786,-0.211589298,-0.860438887,-0.164059939,-0.732128259,-0.582863482,-0.364339063,-0.366522012,-0.560350982,-0.552838917,-0.996126573,-0.915597767,-0.462574638,-0.99709764,-0.778607913,-0.210815968,-0.844411348,-0.658034105,-0.778871679,-0.818003187,-0.916288575,-1.084641927,-0.911531022,-0.549578292,-0.431902892,-0.988016527,-0.806357728,-0.408636112,-0.477006108,-0.68348532,0.231732803,-0.690337746,0.291789094,-0.783721179,-0.334546829,-0.72592653,-0.825475627,-0.108095637,-0.686574716,-0.170654075,-0.657414931,-0.97743518,-0.827320356,-0.532189781,-0.97465737,-0.477477462,-0.864652919,-0.806124494,-0.696733103,-0.955827067,-0.246684223,0.097786214,-0.588159697,-0.861889174,-0.823058561,-0.91761409,-0.822253742,-0.698418892,-0.763950708,-0.926806057,1.368693488,-0.561686082,-0.984607646,-0.807278305,-0.880283212,-0.845239604,-1.049067621,-0.86481976,-0.374996154,-0.615955288,-0.643599267,-0.611569597,-0.29246378,-0.637330635,-0.478569492,-0.486514385,-0.795317745,-0.532697768,-0.500282143,-0.719497655,-0.739196237,-0.431464169,-0.698465967,-0.658006994,-0.592609095
91.75,92,92.25,A,10,-0.550224819,-0.721634736,-0.708021098,-0.869565033,-0.783893943,-0.542491516,-1.049214314,-0.754232505,-0.848770672,-0.872137006,-0.424227586,-0.432812641,0.267212392,-0.582059803,-0.420419212,-0.595330577,-1.01256781,-0.706774801,-0.786769027,-0.162541254,-0.872107183,-0.761927459,-0.955130887,-0.793079478,0.129445992,0.847730724,-0.807591982,-0.465753459,-0.244624653,0.414189062,-0.929554796,-0.79138779,-0.548987303,0.929331935,-0.483696881,-0.268066381,0.164701819,-0.705196676,-0.310450245,-0.53467655,-0.517579283,-0.895063296,-0.734689596,-1.153071084,-0.79909145,-0.4237434,0.238455396,-0.291813359,-0.921666706,-0.845129182,-0.936799503,-1.003979865,-1.021551268,-0.611491895,-0.404768619,-0.428405984,-0.934834395,-0.760719184,-0.576573879,-0.842790188,-0.335451042,-0.010024248,-0.717964243,-0.789880242,-0.861353778,0.212672308,0.203936641,-0.963631792,-0.898266013,-0.787220878,-0.327361174,-0.575536357,-0.724388619,-0.00628202,-0.716099026,-0.023780875,-0.173163514,-0.811282911,0.129025535,-0.587780142,-1.035732054,-0.868598966,-0.522839156,-0.146754033,0.197022486,0.523801219,0.796325926,-0.80995103,-0.9564282,-0.435504141,-0.678685862,-0.536814461,-0.757703529,-0.743508054,-0.120685838,-0.843048909,-0.919012063,-0.780677295,-1.050666644,-0.984758432,-0.786471276,-0.846422704,-0.465899975,-0.528689617,-0.103679078,-0.532627863,-0.723813598,-0.889686752,-0.242589912,-0.469681608,-0.540292377,-0.719178781,0.184244175,-0.850733599,-0.993745242,-0.128836907,-0.907603545,-0.84977948,-0.183612348,-0.775940696,-0.873275407,-0.505050022,-0.779515637,2.318713029,0.794248609,0.762799945,3.561712952,-0.299575989,-0.743128385,-0.604614722,-0.726000608,-0.874741732,-0.434495188,-0.686102772,-0.288924899,-0.58507961,-0.688478861,-0.755820198,-0.937350766,-0.816703245,-0.803966865,0.254416166,0.067334585,-0.821501919,-0.640573609,0.565619754,-0.816250811,-0.719972029,-0.7702975,1.242366633,-0.49346609,-0.553538319,0.987131776,0.15500234,-0.787337947,-0.790088954,-0.908453247,-1.188723916,-0.55776015,-0.601600201,-0.770018564,-0.485629032,-0.350884932,-0.347798287,-0.634339196,-0.752191478,-0.494718329,-0.38166491,-0.325865795,-0.741556109,-0.558956238,-0.57654788,0.363231437,-0.679369788,-0.24428256,-0.473883471
92,92.25,92.5,A,10,-0.528855569,-0.483107024,-0.899812182,-1.012461686,-0.80883316,-0.266900901,-0.853345098,-0.701950619,-0.512279631,-0.848078732,-0.88391242,-0.128775703,-0.417031367,-0.955049614,-0.631494342,-0.488754013,-0.650361724,2.20763323,0.94944755,0.813810595,0.093459216,0.820873387,0.209836111,0.608378413,0.45455856,0.666844572,-0.605850828,-0.360443392,0.304161747,-0.143476675,0.141230426,0.128310736,-0.701896265,-0.205062784,-0.676987774,0.111936762,-0.064686516,-0.754272758,3.275791647,-0.425836768,-0.579907902,-0.539628204,0.025196422,-0.545050842,-0.430346147,0.485024021,-0.563538094,0.175630605,-0.9392452,-0.281624142,0.379336926,-0.902647405,-0.883745658,0.190983197,-0.798877042,-0.724690322,0.791375306,-0.984601772,-0.044951277,-0.888475018,0.575228144,-0.284428098,-0.998250848,-0.742405643,-0.731250828,0.584863441,-0.363300849,0.179399477,-0.572352012,-0.342667975,-0.98083291,0.24961057,0.078029317,-0.92255833,-0.315222104,-0.182065614,0.312889089,0.306740038,-0.428200201,-0.926874833,-0.839017286,-0.657529128,-0.545106731,0.611864277,-1.019062937,-0.784223831,-0.715551617,-0.355569424,2.096842662,1.156424276,-0.95601743,0.351353676,0.173241138,-0.646776756,-0.110322614,2.203725117,-0.760834378,-0.575149805,-0.083784095,-0.151431976,-0.797360388,-0.865773662,0.928141204,-0.011319815,-0.786915827,0.20096415,-0.02441734,-0.220650291,-0.444733432,-0.840619524,-0.961371354,1.055496422,-0.879232533,-0.228990745,-0.801906535,0.458722598,-0.917502601,-0.762822369,-0.862497476,-0.752293432,-0.674430406,-0.472538741,-0.829517978,-0.106618092,-0.832499218,-0.832695721,0.071111208,1.355689731,0.568576315,-0.967366784,1.500373476,-0.44951106,-0.844777771,-0.609745391,-0.21606299,-0.524661271,2.704767429,-1.032963423,-0.938751422,-0.481621948,0.012803913,-0.843006482,-0.446227233,-0.797633036,0.193275296,-0.525248827,-0.921793783,-0.610532617,-0.217153632,0.479364401,-0.248272737,-0.702118299,-0.689617094,1.115915827,-0.794254605,-0.721876583,-0.82654341,-0.222553439,0.612270468,0.497322937,-0.69156246,-0.018448781,0.204834111,0.082852671,-0.319348948,-0.386629306,-0.269516519,-0.280848498,-0.105092974,-0.055599712,-0.286268493,-0.465239802,-0.272028968,-0.089295437,-0.3676152,-0.197972693
92.25,92.5,92.75,A,10,-0.442027242,-0.830670577,-0.859282828,-0.014205067,-0.852927759,0.367197041,-0.779354987,-1.010925646,-1.072380878,-0.604112849,-0.60014444,-0.548246762,-0.637400554,-0.991181586,-0.682036679,-0.973656641,-0.842260946,-0.531488077,-0.822810061,0.294405832,-0.366073849,0.083871727,-0.145183554,-0.720677383,0.158968958,0.849919215,-0.492842437,1.568268078,1.946782219,0.615284784,2.659217764,3.751761177,1.56628939,1.474392597,0.205218183,-0.293380583,-0.949039899,-0.592632332,-0.420669141,0.625365703,0.068891225,-1.009307728,-0.711942828,-1.032138583,1.510638861,-0.230189195,0.665003251,-0.89326282,0.076894633,-0.850414788,-0.504469322,-0.093848748,-1.067603568,0.210855953,-0.924498038,-0.30107243,0.415656101,-0.729079652,0.320204147,0.542565643,0.15125915,1.650307123,-0.540212749,1.26625214,-0.127831176,-0.865361072,-0.144271495,0.668730774,0.03367159,0.884010294,-0.951945612,-0.677972651,-0.19323921,0.435012452,-0.773017428,-0.058129276,-0.943477816,-0.398439408,-0.484678209,-0.994146756,-0.246950661,-0.670914084,1.777598431,1.088095154,0.813321765,0.998099117,-0.304840882,0.601853939,0.080949662,-0.661293981,0.216461118,-0.703270524,-0.414291874,-0.489905805,-0.744237618,-0.867294388,-0.305951406,-0.389228514,-0.404620898,-0.260478332,1.107483316,0.894366977,-0.728882238,-0.801689378,-0.843018231,-0.20689752,-0.180093801,-1.12262533,-0.205732042,0.18460933,-1.057784497,0.093319392,-0.624846313,0.404891348,-0.589801359,0.183183865,-0.076388521,-0.811616946,-0.797178934,1.113060168,-0.832720502,-0.471475258,-0.514915023,-0.791581235,-0.553857279,-0.027196175,-0.928957775,-0.158543947,0.411799151,-0.530059773,-0.745329317,0.517416642,-0.934093607,-0.841129589,-0.243181413,0.630669799,-0.433706883,0.403749559,-0.621175047,-0.018068203,-0.91095178,-0.677162222,-0.903600395,-0.944803465,-0.505901174,-0.814752023,-0.360717349,2.019823597,1.327209491,-0.509234684,-0.652769068,-0.873299063,-1.069714778,0.493177077,-0.843301106,-0.335403065,-0.317957513,0.586773689,-0.726453725,-0.522493787,-0.609869079,-0.633481991,0.349831776,0.802652286,-0.240582797,-0.213128991,0.297655458,-0.504003392,0.347591846,-0.436281824,-0.190247892,-0.21631618,-0.439750782,-0.228484806,-0.228009,-0.426144134
92.5,92.75,93,A,10,-0.456376277,-0.5412036,-0.567673606,-1.091009063,0.447997411,-0.701710392,-0.448091833,-0.694447512,0.334525947,-0.114061809,-0.498828447,-0.569798218,-0.131744304,-0.712079617,-0.624877631,0.087215845,-0.175399047,-0.21357157,-0.278688376,0.199323571,-1.01319215,-0.458962586,-0.467782901,-0.502738458,-0.032774143,-0.942848754,0.252765966,1.31728427,-0.817327853,-1.020528766,-0.777455408,-0.575602742,-0.162727258,0.145456359,-0.515829419,1.270458654,0.509380471,0.261133719,-0.620939356,2.782771541,-0.792241678,-0.459981408,1.118514245,-0.473044753,-0.493759346,-0.291818684,-0.651258874,-0.989355545,-0.676503014,1.733914817,1.258168277,-0.694983789,-1.050537286,-0.596326542,-0.227719089,-0.438843151,1.200058797,-0.934076587,-0.800496289,-0.734477792,-0.748433261,0.710219989,-0.515985414,-0.911189022,-0.469040857,-0.92174487,0.160905574,1.94219486,1.271495734,-0.844104684,-0.655545804,-0.83028995,3.829514249,-0.071767994,-0.407634446,-0.012083038,0.592953196,-0.556712931,1.916473144,0.687155719,-0.183575337,-0.778074904,0.211705018,-0.850189564,3.463280539,-0.999579506,-0.888951037,1.034402946,-0.581839113,0.20693433,0.128786805,0.941338722,-0.931844723,2.40410863,-0.877826012,0.005258491,-0.920608414,0.202567198,1.648459444,-0.670030464,0.139308036,0.383669536,0.260976671,-0.86253384,-0.769490381,-0.481281419,-0.304610285,-0.607747096,0.603568652,-0.755937834,-0.258785348,0.832376335,-0.677340764,-0.959771607,-0.014446849,0.056335963,-0.252474503,-0.806933962,-0.330906098,-0.570473537,0.255601294,-0.430330422,-0.585539313,-0.921120846,0.168471197,-0.988230971,-0.58332833,0.63801091,-0.289243361,-0.906253899,1.022980778,-0.953554357,-0.866969591,1.474943059,-0.619405549,-0.229670854,-0.848458348,-0.324704079,-0.698209977,-0.282747922,0.274862286,-0.916366921,-0.222398521,-0.683205552,-0.946268014,0.016433288,-0.931165347,-0.692609516,-0.766601411,0.025192642,-0.13537823,-0.626487821,-0.026053287,-0.501662935,-0.482427758,-0.927422249,1.551598003,-0.033623733,-0.059935923,-0.621481541,-0.383205073,-0.29184478,-0.368610538,0.231664656,-0.197553424,-0.301923345,-0.032568195,0.449206214,0.063411337,0.193020968,-0.239407796,-0.298242037,-0.364196374,-0.232579684,-0.484212707,-0.186287547
92.75,93,93.25,A,10,-0.577609377,-0.801731534,-0.719854729,-0.691890946,-0.794026029,0.04728478,-0.603710643,-1.122046308,-1.076590009,-0.753471441,-0.053437845,0.532375716,-0.600004899,0.5650504,-0.934550615,-0.525572278,-0.274457423,-0.834589659,-0.571442041,-0.138712405,-0.940705899,-0.848915585,-0.824073172,-0.768807164,-0.197093256,-1.092590919,-0.816624643,0.059927198,-0.656904896,-0.484671501,-0.883819275,2.188321009,0.864545605,-1.002054068,1.909248327,0.511220442,-0.230978916,-0.510933091,-0.902234055,-0.151650302,-0.691003607,-0.097286432,-0.043836123,0.61855974,-0.137796958,2.175232414,0.457814843,-0.943420888,0.883712524,-0.672371841,-0.796426888,-0.698442402,-0.559898565,-0.427372266,-0.83539815,-0.873626095,-0.266764133,0.722859292,-0.881594096,0.336429818,-0.909347837,-0.264872611,-0.672275549,-0.7403915,-0.642062895,-0.501898321,-0.712349647,-0.975727757,0.259531494,-0.186501638,-1.138211912,-0.903391078,0.322460953,-0.498421549,0.75891422,0.027307929,-0.561358705,-0.725318494,-0.579329588,-0.663326142,-0.986499292,-0.569888025,-0.366476332,-0.781375593,-0.231836397,-0.194740549,0.25615765,-0.750228977,0.116394504,-0.436942269,-0.592814139,-0.455641129,-0.685701712,-0.794442414,-0.692591763,-0.926898633,-0.734813844,-1.060251255,0.826632117,-0.004605043,-0.769185745,0.637534283,-0.648170351,-0.611475229,-0.250567002,-0.940919392,-0.768166609,-0.531276791,-0.531789592,0.050935862,0.825356698,-0.120411513,0.306181769,0.418468639,-0.971082251,-0.762130367,0.557872712,-0.920160593,0.951618822,-0.877023107,-0.820378506,-0.233609529,-0.688347467,-0.666377469,0.265454974,-0.603174507,0.328898249,1.229528616,0.680982712,0.580292955,-0.50209858,-0.800438653,0.452062774,-0.908153594,-1.045615738,-1.0026965,-0.058952501,-0.959937708,-0.417275098,-0.860265137,-0.778178697,-0.502548901,-0.116196859,-0.609659538,-0.644629913,-0.723685638,-0.169421845,-0.666106346,-0.814118462,-0.293384083,-0.176807882,-0.971823359,-0.437963776,-0.724057808,-0.669431552,-0.897445121,0.756864006,-0.715037408,-0.84519626,-0.851908403,-0.709364624,-0.283534105,-0.657045984,0.179166568,0.154960367,-0.428023349,-0.534589626,-0.396067437,-0.394543528,-0.512112782,-0.436308057,-0.059130919,0.007327003,-0.610337074,-0.531793028,-0.553280756
93,93.25,93.5,A,10,-0.328136867,-0.732244468,-0.771215754,-0.408979573,-0.129770883,-0.285416963,0.037912055,-0.969324423,-0.534245217,-0.265466522,-0.687861317,-0.018849817,-0.273038228,-0.524881064,-0.010186718,-0.558782618,-0.934611668,-0.721735583,-0.34316011,-0.130479013,-0.484778372,0.182395655,-0.643477693,-0.340842177,1.032232879,-0.591974012,-0.826799351,1.514221681,-0.718881377,-0.001907373,-0.913654114,0.412224599,0.084591715,0.444181466,-0.971943973,3.545280246,0.267964445,-0.33585561,-0.540502952,-0.034758069,-0.152056511,1.076031809,0.66398034,0.281063046,0.400244604,2.015972083,-0.139306376,-0.459702443,-0.556591776,-0.371023566,-0.355963227,-0.281700168,1.67247476,0.85717312,-0.322350862,0.098319999,-1.044539696,-1.041730594,1.108375804,-0.574812884,-0.030074747,-0.738785352,-0.101312988,-0.911420983,-0.467430231,-0.744614714,-0.674842995,0.404693039,-0.634041211,-0.435337772,0.926376392,-0.89140323,3.899156271,-0.144439534,-0.483124474,-0.973347764,0.426943114,-0.615087446,-0.180006746,0.328089906,-0.554336789,-1.090262917,0.533487019,-0.713285098,3.781946313,-0.856715654,-0.889436418,-0.053661184,-0.725607549,-0.604529196,0.011384717,-0.59223598,-0.453740143,0.066382035,3.10082172,-0.079424163,-0.766055358,-0.890935145,-0.178183782,-0.854725146,-0.365775302,0.336075713,-0.158995919,0.074492358,-0.275135619,0.207382631,-1.029193644,-0.200719118,-0.464448525,1.398932022,-1.009327895,-0.384206701,-0.997118013,-0.247402186,-0.159355112,-0.363060755,-0.77618562,-0.996338548,-0.384931687,-0.808946191,-0.695981514,-0.705078658,-0.076772405,1.447046657,-0.329031614,-0.985704668,-0.789061951,0.651522856,-0.989143056,-0.658887323,-1.023035989,0.706821709,-0.677166034,-0.908305657,0.103980355,-0.527794807,-0.285842759,-0.670895705,1.504979894,-0.442895787,0.19721062,0.180129488,-0.601335912,-0.072026335,-0.432821599,-0.876114751,-0.525301067,-0.347951339,-0.903135001,-0.819423955,0.442574202,-0.906097549,-0.609009312,-0.120304653,-0.478724438,-1.011159878,0.235328575,-0.252079493,-0.934311405,-0.645324215,-0.438688862,-0.420358614,-0.087981014,0.195752775,0.275861121,0.011524625,-0.433316795,0.229315649,-0.117240147,-0.063671124,-0.04773854,-0.612687271,-0.313109168,-0.222015478,-0.420076985,-0.427910816
93.25,93.5,93.75,A,10,-0.238200136,-0.013697433,-0.41572278,-0.366544868,0.96145869,-0.850239604,-0.604782427,1.031155917,-0.27749999,-0.254625486,-0.727136673,-0.931369453,-0.768280434,-0.354016948,-0.871441298,-0.898647643,-0.583840168,-0.585343242,-0.217770266,1.013801809,-0.622888173,-0.648628589,-0.843831781,-0.005306508,-0.581711893,-0.110758396,0.63116057,-0.800079433,-0.540913829,0.475931614,-0.330123712,-0.131242286,0.112002702,0.779798058,-0.451343829,2.105761904,-0.24336837,0.561221642,0.17393757,-0.773987306,-0.375130989,-0.430500856,0.202490449,-0.418300084,1.902656163,0.96482638,-0.270026219,0.123692965,-0.706725317,0.709130293,-0.832224292,-0.57786007,0.928601444,0.118657932,0.525340506,1.811574123,-0.599338431,-0.245400855,0.324542036,-0.237268752,-0.564110787,-0.764454642,-0.402967384,-0.519574964,-0.430276071,-0.784250319,-0.855995802,-0.568496359,-0.703478131,-0.217514396,-0.335010665,-0.917372859,-0.694475307,-0.99676541,0.108464063,-0.447587817,-0.601850528,0.201075414,-0.601543354,1.958855009,-0.080186708,1.074213878,-0.781834464,-0.873058365,0.023976604,-0.337300552,-0.891359206,-0.559894683,-1.040283708,-0.515298262,-0.50688847,-0.742145435,-0.838488114,-0.516365579,-0.02393753,-0.152149845,-0.646922265,0.179629839,-1.068788252,-0.924696291,-0.19961082,-0.788675929,1.996776746,0.23430862,1.359569372,-0.798552132,-0.718651484,0.040945119,0.107097405,1.781644213,0.068258343,-0.546755781,-0.86958048,0.865543474,-0.384910697,0.755089261,0.262256259,0.779312527,0.445286004,-0.141416856,-0.711396323,-0.63047811,-0.941740095,0.690106106,-0.573966703,-0.898972594,0.138088104,0.70353022,1.924405755,-0.040259085,2.536980379,0.572669053,0.190163593,-0.322619276,-0.377817953,-0.151573216,-0.451537082,-0.963828285,-0.182650962,-0.476225928,0.127279521,-0.847078165,-0.625892715,0.349133914,1.612626292,-0.390766067,-0.917746019,0.238840709,-0.337287354,-0.228943005,2.053513918,1.530928823,-0.554045603,-0.105507146,-0.759952963,-0.714511066,0.040341549,-0.064289505,-0.424699771,-0.685271165,-0.102869812,-0.492404432,-0.304702642,0.180265637,0.170211279,0.121662364,-0.581111885,-0.232621146,-0.398102547,-0.524075194,0.301485111,0.123308205,-0.034068272,0.037356032,-0.101983289,0.031650707
93.5,93.75,94,A,10,-0.463175076,-0.794381841,-0.962942266,-0.978735367,-0.837091616,-0.42832115,-0.92672256,0.099315231,-0.459307906,-0.567988938,-0.258136992,1.12698188,-0.699498681,-0.692979713,-0.658390154,-0.576220577,-0.69667792,-0.670775133,-0.424035758,-0.880167034,-0.876470487,-0.71408485,-0.471171301,-0.574277173,-0.929416004,-0.576171024,-0.617611895,0.179089014,0.192178282,1.809015466,-0.756945901,0.776201569,-0.172499945,0.453192486,-0.653360989,-0.04711324,-0.748412414,0.628323466,-0.577639301,-0.663544152,-0.870188911,0.307174517,0.108167326,-1.024748448,-0.686795161,-0.221097043,2.580363617,-0.302236037,-0.640810314,-0.204250344,1.110487901,-0.490546495,-0.673160249,-0.575260755,0.043219214,-0.655662252,-0.719648782,-0.430527638,-0.893122615,-0.524993107,-0.884360481,-0.681692177,-0.874399576,-0.993227528,-0.664724575,-0.005556358,0.031841036,-0.821285125,-0.864153458,-0.37157165,-0.652790419,2.846770808,1.417341886,1.13904655,-0.716345015,0.511529675,-0.62131031,-0.001937139,-0.065774263,-1.048277788,0.11540457,-0.434769305,-0.808126679,-0.767502331,0.036330703,-0.289586801,-0.931819357,-0.845908292,-0.897982282,-0.866436103,-0.578653349,0.142897141,-0.782470894,-0.901746302,-0.917954699,-0.814161237,-0.636519045,-0.762308888,-0.682385347,-0.750697235,-0.477836395,-1.065300103,-0.75499822,-0.126266561,-0.978643865,-0.82037327,-0.911540567,-0.510931638,-0.217036862,-0.636639978,-0.557845709,-0.713627748,-0.837438836,-0.485053981,-0.873886734,-0.120893036,0.080175609,0.867321964,-0.784368836,-0.963175248,-0.590108764,-0.854537192,0.929522727,-0.024482095,-0.776286241,-0.06168573,-0.779072155,0.095805846,-0.774166235,-0.848934435,-0.987999199,-0.973165495,-0.541995542,-0.387759357,-0.362781181,-0.547053452,-0.213967557,-0.555572174,-0.890837005,-0.778714221,-0.764466025,-0.308292952,-0.961466849,-0.376190262,-0.8543351,-0.695647525,-0.685754574,-0.742880535,-0.940288263,-0.387437746,-0.329949751,-0.698550625,-0.588074932,-0.662367611,0.487010315,-0.773516364,-0.650654585,-0.818203607,-0.752472862,-0.729516739,-0.631935149,-0.442990008,-0.257891997,-0.176179842,-0.09544208,-0.380921478,-0.612912989,0.280825399,-0.569039588,-0.668399985,-0.649956746,-0.438879256,-0.368394427,-0.623984518,-0.671675983,-0.551629676
93.75,94,94.25,A,10,-0.563291024,-1.005613626,-0.976121107,-0.620607556,-0.21802832,-0.59567187,-1.026758171,-0.918520831,-0.653647238,-0.264054956,-0.655431439,-1.015913746,-0.17443281,-0.202695597,-0.901266352,-0.607059124,-0.413988538,-0.748688331,-0.79790011,-0.196859017,-0.017043646,-0.548296555,0.06948117,-0.806539781,-0.800998167,-0.509878908,-0.632270397,-0.88358453,-0.071840138,-0.804794272,-0.784255223,0.51085227,-0.887285507,-0.397458388,-0.84941494,-0.845389512,0.096926912,-0.73860666,0.380852163,-0.259010925,-0.577968972,-0.554482854,-0.815220889,-1.105987478,-0.649412798,-0.426080733,-0.979566534,-0.891820529,-0.9056565,0.591080945,-0.297470198,-0.479139902,-0.868035361,-0.462689861,-0.652501225,-0.835105251,-0.155210198,-1.076153163,-0.988878391,-0.609162592,-0.956158922,-0.750440011,0.112613999,-0.373539611,-0.618779341,-0.90418304,-1.010260018,-0.854430136,-0.827669653,0.541395451,-1.06227757,-0.664606514,-0.815927795,-0.963923101,-1.00362012,-0.276738288,-0.881856888,-0.696069025,-0.363468806,-0.823141044,-0.597400683,-0.672011312,-0.86920637,-0.974499985,-0.990808779,0.267250362,-0.228465555,-0.481014372,-0.884747999,-0.421582666,-0.277122753,-0.631083048,-0.48404519,-0.628528307,-0.819270658,-0.580114515,-0.738678602,-0.560415945,-0.406962189,-0.527134158,-0.49141522,-0.506073414,-0.900741866,-0.822712099,-0.836899536,-0.973193836,-1.002512696,-0.445849641,-0.759238502,-0.239637736,0.311093432,-1.029684611,-0.467000135,-0.876424635,-0.938219198,-0.459052599,-0.975453573,-0.485268093,-0.286055295,-1.070711756,0.040412717,-0.524923406,-0.764055903,-0.100049535,-0.433880465,0.949737494,-0.96735185,-0.544054997,0.440264839,0.182937134,-0.384755497,0.184651478,-0.774955574,-0.273841425,1.09012575,-0.56377288,-0.67830763,-0.99157282,-0.935105939,0.418135825,-0.670404753,-0.245335943,-0.348120681,-0.776674534,-0.321287539,-0.69913294,-0.688532116,-0.394141417,-0.912689893,-0.710465274,-0.753778131,-0.800436569,-0.899704071,-0.900547938,-0.89644088,-0.310411689,0.02511958,0.171174723,-0.855215223,-0.753237501,-0.68423147,-0.571423506,-0.500576522,-0.377278981,-0.631511634,-0.642434614,-0.564145128,-0.755162915,-0.585248736,-0.565335536,-0.697827454,-0.627677647,-0.172096397,-0.290939871,-0.576678509,-0.59734777
94,94.25,94.5,A,10,-0.54621906,-0.971730991,-0.539734179,-0.283368182,-0.820415578,-0.497747025,-0.774041982,-0.620347719,-1.05538225,-0.885990647,-0.691688642,-0.733492738,-0.838761012,-0.797844312,-0.974173288,-0.628995256,-0.314180989,-0.50247685,-0.72451467,-0.180590982,-0.965781946,-1.026909376,-0.503170568,-0.841163491,-0.494425711,0.865829951,-0.882573527,-0.767939725,-0.502457658,-0.304382859,-0.735573816,-0.83294165,-0.744935019,-1.010005156,-0.751669287,-0.478944973,-0.774078238,-0.857260339,-0.998142061,-0.65071094,-0.811631739,0.048975281,-0.482811147,-0.979268519,-0.201474152,-0.675398024,-0.617412614,-0.968251044,-0.691406507,-0.492546997,-0.310387124,0.113251167,-0.830686141,-0.060083616,-0.816929408,-0.654900307,-0.754435791,-0.963994902,-0.74948414,-0.886196213,-0.743244611,0.495236526,-0.462664295,-0.703932004,1.124337386,-0.316678405,-0.937210232,-0.582104346,-0.423382842,-0.576138003,-0.949838343,-0.327212166,-0.555585053,-0.722115895,-0.811664491,-0.497295295,-0.897029989,-0.703878868,-0.720873397,-1.044172606,-0.468720973,-0.765366823,-0.8711035,-0.56055774,0.276385492,-0.505520027,-0.973046182,-0.566481608,-0.361710485,-0.926488425,-0.865956343,-0.289903663,-0.496893318,-0.849078662,-0.957807605,-0.649133128,-0.930954658,-0.123557242,-0.149145543,-0.802477072,-0.828323239,-0.91606522,-0.521046277,-0.556333716,-0.830490013,-0.436211406,-0.978250505,-0.454864225,-0.839271108,-0.486343797,-0.65633014,-0.999723901,-1.076376968,-0.810351176,-1.014241167,-0.859508125,-0.727896879,-0.324150042,-0.654773374,0.832603692,0.180990187,-0.834544114,-0.816757092,-0.778241042,-0.493106624,-0.258749762,-0.469291963,0.044802368,-0.447050392,-0.429037023,-0.674634375,-0.804050739,-0.079598381,0.085686946,-0.669771097,-0.818632901,1.032251411,1.177412291,-0.926059482,-1.006307183,-0.664144067,0.440544341,-0.741436405,-0.522944175,-0.674378118,-0.515472139,-0.41287531,1.701463952,0.794387114,-0.528742073,-0.792879888,-0.67426983,-0.748104929,-0.882969816,-0.623479247,0.223053628,-0.784115297,-0.481552667,-0.81626277,-0.639844079,-0.699497761,-0.638671874,-0.542297491,-0.783426148,-0.587122546,-0.591384647,-0.312578083,-0.72296661,-0.572261027,-0.611490723,-0.684719951,-0.629074808,-0.430098546,-0.268370351,-0.112359688,-0.62204249
94.25,94.5,94.75,A,10,0.369356375,0.900344223,0.140774111,-0.428037443,-0.098862525,-0.14672718,0.770457176,-0.012468802,-0.896079696,-0.513257521,-0.579784117,-0.680713244,-0.519456251,-0.366834119,-0.878336967,-0.612075141,-0.131834261,-0.674742206,-0.258915088,0.024098194,-0.182915656,-0.885277197,1.355451138,-0.255211901,-0.541319839,-0.99114455,-0.878106896,0.559573982,-0.780193816,0.07848268,-0.856271524,-0.42889711,-0.403866717,-0.9056398,-0.667928803,-0.206986446,0.592730064,-0.230625898,-0.937926556,-0.207949592,-0.952663158,-0.814756592,-0.461273821,0.75624334,-0.592918752,0.477661514,0.462232567,-0.735276681,-0.61247991,1.021838289,-0.676659053,-0.860112227,0.085734945,0.266722847,-0.713831975,0.021405548,0.977849585,-0.573031871,-0.104274194,0.705395722,0.379776522,-0.879240903,-1.009408429,-0.526993437,-0.542736189,0.041207146,-0.303071717,-0.659428204,-0.002830689,0.534777205,0.352058779,-0.684997526,-0.618083643,0.651529167,1.01756805,-0.619888202,0.079766121,0.650433062,0.236196551,-0.070737454,0.056756059,0.52065368,-0.167314874,1.98098131,0.258995911,-0.672011145,-0.609683053,-0.265558587,-0.874038297,-0.245153534,-0.663665845,-0.619942631,-0.91517357,-0.312300396,-0.697337977,0.598334707,0.513543689,2.029931186,0.149705236,-0.928704657,-0.28445309,-0.581204542,-0.704539959,-0.793967733,-0.043521689,-0.005560123,-0.691745509,0.822030864,0.643270481,0.183034396,0.77846314,-0.77558181,-0.52331138,-0.439100953,0.851086,-0.821550778,-0.154457176,-0.078859797,-0.635104433,-0.128629885,-0.352412922,-0.739227252,0.180218195,-0.755197274,-0.906785309,-1.058888231,-0.960358199,-0.596489924,-0.588561803,-0.5852413,-0.176605421,-0.509027921,-0.457991524,0.099227791,-0.696674625,-0.864401464,0.772688663,-0.445505332,-0.662309846,0.392611609,0.104187001,-0.064583183,-0.828540752,-0.037822654,1.320623027,1.597993989,0.414917134,0.070499549,0.108739558,-0.673202238,-0.591434366,-0.712239681,-0.824156572,-0.435211521,-0.598195107,-0.632900316,-0.648503955,-0.647138747,1.826313038,1.025374646,0.008549872,-0.46785932,-0.252066206,-0.425336238,-0.14513932,-0.087080067,-0.29679487,0.099384491,-0.001637253,-0.084561026,-0.14566569,-0.192704707,-0.636294402,-0.254798807,0.201281143,-0.223809258
94.5,94.75,95,A,10,-0.509808755,1.035953272,-0.534511697,-0.947350023,-0.58238872,0.881679253,0.734793433,0.03507683,-0.057273161,-0.116251347,-0.736447479,-0.15836851,-0.382964115,0.304053407,-0.942571165,0.036030754,0.344338018,-0.787519005,-0.289869528,-0.037934589,-0.037252879,-0.147547065,1.375044161,0.735631136,-0.357339953,-0.215382226,1.960525711,-0.327899553,1.775446588,3.635073876,3.73219336,0.650579997,0.729360077,-0.755056476,-0.475599554,0.296593643,-0.262039243,-0.989280993,1.332676189,-0.072318589,0.868322144,0.023220963,-0.163420132,0.59496852,0.080546776,-0.591288904,1.253334093,-0.663445276,1.980161245,0.732085458,-0.644117217,2.731694712,1.850469049,1.738391467,0.630317008,3.644773435,-0.327046218,0.09884041,0.112877147,-0.969102959,0.747910354,1.228526693,-0.640543851,-0.766750572,0.882352993,-0.419978983,-0.017752147,-0.388794581,1.16969362,-0.109347728,1.039698855,2.521569767,0.099663641,0.073902818,-0.465980624,-0.366816623,0.052569109,-0.536265349,0.59123222,0.662633205,-0.030824649,-0.033574911,6.491023213,1.738551647,3.359011422,1.847944082,0.884687291,0.326082152,1.507745616,0.672019131,-0.81023323,-0.556577613,-0.555829864,0.230910585,-0.004941557,0.115771939,0.974081449,-1.024199067,-0.197316936,-0.372789447,-0.762575835,0.197338774,-0.731989973,1.35955944,0.133418747,-0.316774586,1.574050276,1.246099922,-0.107571953,-0.164424241,1.716416725,1.12422986,0.002155159,1.094632904,0.33028476,0.3291241,-0.435564749,1.530445505,0.122276281,-0.572898962,0.981821444,0.084979369,0.070931507,1.906378582,-0.253100554,-0.278476166,-0.369073868,-0.655460707,1.403965282,2.245195014,-0.609730171,0.002101037,-0.341326767,0.183564653,1.344507746,-0.335372734,-0.633110219,-0.442981002,-0.791649521,0.535408243,-0.832431227,0.316485474,0.347582455,0.924911173,0.472032086,-0.746599441,-0.217578869,-0.681893166,-0.706472005,1.14177996,-0.428185385,2.984597997,-0.429089345,-0.454434528,3.786193787,0.576996866,-0.706894516,-0.497808598,0.231277495,-0.757945407,-0.006008091,-0.265125221,0.83962998,0.418710841,0.411448489,0.886709684,0.16853158,0.367220702,1.676266499,-0.220112374,0.242713057,0.524110158,0.51371599,-0.108858873,0.001781644,0.430470837
94.75,95,95.25,A,10,1.905163282,1.432753248,0.254703849,0.364551628,-0.244063565,-0.28859787,0.192437883,1.087986622,2.774027973,0.312099335,-0.566476084,-0.705080261,2.597334023,-0.221435695,5.03196624,8.970596946,0.979757308,-0.422704472,-0.427767229,-0.557528478,0.695851932,-0.504041922,4.062171511,0.131987659,1.581064953,0.795488491,1.547154218,4.768229892,-0.740698305,-0.57743759,-0.519629337,-0.704922197,-0.696834929,-0.116978684,-0.217673618,-0.063140411,0.35062928,-0.633567265,-0.71486473,2.545082072,3.838039581,-0.699864232,1.041436941,-0.524911469,-0.123113809,0.00050824,0.552059784,-0.588579242,2.151459665,-0.610210318,-0.942886386,-0.94467758,0.35938149,0.550887155,0.046029242,-0.656432958,2.869463733,-0.984315884,0.239553668,-0.234662344,0.039327731,-0.896036848,-0.569615294,-0.656763102,-0.719766585,1.477015894,-0.744117701,0.941819327,-0.76205719,-0.460345301,1.515004249,0.502473432,0.122474709,-0.347413731,-0.765475632,-0.769132105,-0.596684519,-0.577878881,1.541268873,-0.795451025,-0.686778082,-0.653270687,0.337489713,-0.057327132,0.121460248,0.708087083,-0.292113743,-0.502346802,0.764443282,-0.676177233,4.979108354,1.331064385,1.052877709,0.433466188,-0.925912345,1.999987363,0.335589066,0.398052326,-0.394066864,0.584588021,2.721196165,-0.118445723,-0.720404146,-0.334585876,3.425353094,-0.138664008,1.988987684,0.529908423,2.820883163,-0.79527261,1.598719738,1.758538364,-0.465740071,-0.20654396,0.772435461,-0.956227853,-0.540915266,0.517438167,3.346244074,3.384288788,0.495394186,-0.312597396,0.526416731,1.845690996,-0.051798158,3.222981337,3.949732974,-0.81910546,0.076008329,1.132789908,0.523952227,-0.490879709,3.084406188,-0.194921469,2.298638093,-0.481856446,-0.656530402,4.617543822,-0.1688922,-0.391626412,0.319770274,-0.631899322,1.431352085,0.327057963,-0.347282368,3.210680201,-0.119596802,-0.327736579,-0.184711931,-0.939290337,2.101082621,0.3123438,0.375595865,0.094143017,-0.13985702,-0.857932627,-0.838201095,0.349674887,-0.401571528,2.780811395,0.779106238,1.46786623,1.175977084,-0.077189982,0.503682514,0.030234014,-0.235053907,-0.017081463,-0.093653335,0.97947542,0.937895617,0.920823744,1.006551345,0.813983369,0.273834318,0.377608932
95,95.25,95.5,A,10,0.674072093,-0.645579878,1.117990334,0.257698766,-0.485175592,-0.744836828,-0.860545949,-0.140387859,-0.631912265,-0.535712882,-0.448868136,4.516527064,-0.737060784,0.94942565,-0.582188257,-0.731376524,-0.813090114,1.520538661,1.7376857,-0.131340626,-0.115556736,-0.118324903,0.668320531,1.579441397,-0.093659635,1.386537829,-0.161197989,1.524264893,0.893055069,-0.383457687,-0.644186764,-0.30866683,-0.736754914,0.371529648,3.816181617,-0.203661255,-0.222467969,-0.16964602,-0.566299981,1.693463786,-0.630818905,-0.974209148,-0.406923622,0.235652196,0.475146532,3.423089493,2.290955011,-0.666561577,-0.285346816,-0.370678569,3.222829184,0.55687923,0.147729743,3.626493751,-3.79E-05,-0.686472833,-0.219937004,-0.054314692,-0.639908998,1.963524485,0.671517297,0.511720394,0.22968244,-0.608040364,-0.81141252,0.31488473,-0.694803941,-0.43235657,-0.008482045,-0.211204416,0.43086146,0.959741195,0.969057603,-0.633102567,-0.099387389,0.668372314,0.238678037,-0.224587474,1.092970955,2.560021309,-1.100425633,-1.061076187,1.518170542,-0.38041677,1.550612117,-0.436040492,-0.258187811,-0.051025985,-0.514780998,3.792962883,0.688737685,1.324058085,5.184525279,-0.980187013,-0.536804144,-0.033535345,-0.297423553,1.320058641,1.050547455,0.559061098,-0.480282369,1.677160262,1.837624852,2.406181891,3.789637259,0.256179574,5.430192985,-0.042817827,1.16161351,0.038408932,-0.957731289,-0.385139587,-0.036733212,-0.242875727,1.351355862,-0.586498584,-0.503611113,2.113601067,0.205616077,1.268079493,1.306745627,1.638846878,4.245267427,-0.271930378,-0.112699133,-0.581228386,-0.79552865,-1.011556999,-0.069433967,1.619597197,-0.728173748,-0.372304767,0.074928581,1.368809628,1.18505899,0.154053737,-0.166349204,0.782144369,2.184323134,1.62649931,0.803531001,0.052367388,0.603399642,1.49957379,-0.224355993,-0.795792908,-0.937992162,-0.506426539,0.514112506,0.853322055,-0.774003638,1.766738449,-0.503043829,1.418333386,0.017705574,4.605469177,-0.290371752,-0.665391379,-0.881454616,0.196335964,-0.199439006,0.528025263,0.517942277,0.302949132,0.30903046,0.791678497,-0.1038495,0.596262544,0.305979167,0.827903819,1.607389907,0.222606299,0.596807962,0.610899003,0.186173878,0.489031734
95.25,95.5,95.75,A,10,-0.498785483,0.405927592,-0.398934758,-0.11086809,0.903835364,1.277259909,0.144688244,-0.354121972,-0.029463857,-0.122572949,-0.853395207,-0.645577332,-0.619565407,-0.748316586,-0.671827663,0.158273532,-0.037323618,0.458221315,1.604062445,-0.996924711,0.027232654,0.59480506,2.300127235,0.269668154,-0.038877743,-0.443198798,1.182135073,-0.511805766,-0.809839385,-0.785061784,0.646350654,0.847792021,-0.212002837,-0.357135697,-0.951901146,-0.141585921,0.600268296,2.938248873,-0.437781847,-0.660305972,2.238730336,-0.484762334,0.900484228,1.921268677,0.007741268,-0.486544149,1.889650458,1.669017631,-1.006608345,2.576719677,-0.640775213,1.30928682,3.750836866,-0.11671126,-0.11430379,-0.896133696,1.985303398,0.257830973,1.792605014,2.933007133,-0.856665627,0.394773594,-0.694908047,-0.895158672,-0.053908676,-0.746753405,-0.629645464,1.072458816,-0.493022899,0.505747519,-1.045939836,1.004336398,-0.596619629,-0.897711547,1.033125663,3.462306052,0.052043643,1.919484208,2.3529701,-0.113684588,0.934930423,-0.114947729,-0.219559378,-0.393004998,-0.304852983,1.166472857,-0.446497751,-0.723669733,-0.185491375,-0.350087972,1.967586343,-0.338778171,0.177649864,1.287008045,-0.566130217,0.275223881,-0.758923106,0.430252984,1.069707184,-0.614866008,-0.789426592,-0.421640536,-0.165539372,-0.755926034,1.894507831,0.849183187,0.997733718,-0.85363043,-0.766382021,-0.184651827,0.175852244,-0.501649546,-0.530049723,-0.188676627,-0.988912416,-0.148399812,1.093526374,0.487202884,0.361854216,-0.256999647,-0.154728183,4.330167971,-0.40541011,-0.215587184,0.971308725,3.881047585,2.745818374,0.048766204,2.830409953,2.736297932,-0.422365801,0.69558297,2.135583206,1.543684047,-0.3333691,3.879222157,-0.825259035,0.609769791,0.671906961,0.154807204,0.731620386,-0.80256647,-0.450578709,-0.434659621,-0.739398556,0.240615289,-0.350561772,-0.583962068,0.403081237,-1.041391827,-0.40116069,0.720092186,0.792419349,0.729331032,1.384698498,0.979616474,-0.154916804,-0.394162269,-0.926614656,0.94353817,0.1216964,-0.235237323,0.17851847,0.227194642,0.922569745,1.026094625,-0.239708286,0.717031046,-0.063670864,0.29287308,-0.019577208,-0.049625205,1.676809127,0.81095624,-0.302780211,0.367284129
95.5,95.75,96,A,10,1.132717717,1.328547857,0.372394702,0.067960385,0.080237131,-0.501951653,-0.424913365,-0.398968629,-0.167411766,-0.845235856,-0.727208849,-0.662106494,-0.402977936,-1.076045939,1.071602855,0.775712353,0.04194763,-0.612228714,-0.859792592,-0.761581165,0.216298188,0.335280389,-0.264956092,0.101982274,-0.786912877,-0.775411702,-0.658892859,-0.600780134,-0.639482379,0.997722718,-0.732903565,-0.141943049,1.630204717,-0.867187049,-0.716888609,-0.524324817,-0.891763234,-0.410988094,1.139608145,0.965844777,-0.780271518,-0.700897583,0.473278961,1.673453362,-0.17925724,0.13997791,-0.756494845,0.689067166,1.284782622,-0.415749148,-0.707279316,-0.067912975,-0.85216141,-0.837685295,-0.770127106,0.285019581,-0.282857848,0.108000909,0.030609961,-0.794767073,0.104291879,-0.477519041,2.695368766,-0.150929098,0.918743635,4.280402869,0.18700036,-0.568898107,2.030730067,0.539684424,1.015007084,-0.338094239,1.401137226,0.564046433,-0.788012705,-0.005157807,0.630929609,0.166865709,0.386627042,-0.580946092,-0.722677151,0.401262647,0.92684593,-0.019173295,-0.55114143,-0.720829232,-0.865698932,-0.758635839,0.201651972,-0.702999986,-0.836772372,4.991706725,-0.355563928,0.276774047,-0.739884973,-0.621395226,-0.863801628,2.188668859,-0.304298108,-0.800391063,-0.826569336,-0.883044264,-0.300051684,-0.634189097,0.116220069,-0.116127471,1.944985915,-0.453189515,1.201125091,1.21747403,-0.279405134,0.490357398,-0.911319264,-0.870764091,-0.530970277,-0.708787507,0.743177781,-0.217460439,2.194760408,-0.328339922,-0.095629686,-0.121835786,-0.231382716,-0.160790592,-0.183946561,0.150757691,-0.140355847,-0.447829802,-0.377951728,0.339275315,-0.176611034,0.247590234,0.216802832,-0.691138024,0.136285297,3.228769655,-0.599968891,3.432245322,1.19040731,0.615817895,-0.429893589,-0.49304546,-0.653475553,-0.178997348,1.086511776,1.014978243,-0.721295505,0.456901635,-0.978212029,-0.549210763,0.859719854,-0.780712837,0.472401834,0.737158793,-0.796003382,-0.926860798,0.391236293,0.537075292,0.383788416,0.367363733,0.064337652,-0.321267885,-0.207515247,-0.055034078,0.142788969,-0.388916057,0.955887575,0.245240226,-0.281139532,0.293504233,0.126663374,-0.041875105,-0.126968971,0.76002006,-0.144573859,0.12451672
95.75,96,96.25,A,10,0.230622234,0.022593299,-0.142624381,-0.144340802,0.906410546,-0.592165814,0.281781014,-0.637137938,-0.945635338,-0.793202205,0.573560433,0.21083699,1.076140298,-0.712100727,0.496905388,-0.464185808,-0.02692112,0.259660128,-0.820808409,-0.810771164,-0.742857352,1.077250813,-0.795930073,-0.460240373,0.130096166,0.182097057,-0.676904841,-0.870334046,-0.816941559,-0.793205544,-0.90912314,0.286425859,0.099125914,-0.312894114,0.143735687,0.954413377,0.141338932,0.054419719,4.186258756,-0.435429054,-0.35689624,1.535986296,-0.495745792,-0.582651615,1.198687632,-0.488949795,-0.599452953,-0.998545124,-0.238419933,-0.041353373,-0.03972884,-0.618895021,1.080034814,-0.74044072,0.76305654,-0.625281171,-0.34496055,0.335203473,0.437119778,-0.11622333,1.213066113,-0.177825051,0.018193024,-0.607914966,-0.513380727,-0.432909979,-0.80515842,-0.459473581,-0.771820832,-0.8756306,1.163080173,-0.448181188,-0.663226138,-0.84313986,0.800266606,-0.71141404,-0.309670061,0.105016453,-0.520911323,1.347610118,-0.966673306,-0.799075418,-0.168368724,-0.631081559,-1.045273053,0.308683591,-0.726341872,-0.73454222,0.387649809,-0.695163488,0.026536841,0.091558808,-0.016924985,-0.409276333,-0.944644533,-0.700520309,-0.5738233,-0.940243738,0.437553943,1.603805235,2.859101138,0.761396612,-0.987634831,1.466708569,0.632008346,1.806494054,0.456312563,-0.863545853,0.28764842,0.64234794,0.944791021,-0.705594134,0.104279576,-0.686891904,0.752063236,0.239535064,0.026342919,-0.109931755,-0.398862253,0.08855584,1.959655569,-0.743718721,-0.921933479,-0.072403236,-0.633354898,-0.932772731,-0.217839822,1.134535462,-0.141043679,1.051315962,-0.34981216,1.008909602,1.71807803,0.452738926,-0.345254146,-0.55627795,-0.845470147,2.208265359,-0.756647586,0.458724108,-0.005072156,1.825261274,-0.757675755,2.722685519,-0.416649313,-0.592471199,-0.493582935,0.482670789,0.130209274,1.730630545,-0.857069429,-0.094937855,-0.650376744,-0.947201334,-0.890154044,1.0381763,2.080011143,-0.829730633,-0.927318243,0.09068894,-0.181369938,-0.021768399,-0.376696975,0.420827194,-0.10673409,0.012988497,-0.341285502,-0.008056926,-0.507018624,-0.142597837,0.706083696,0.025428761,0.048244043,0.299325404,0.462600604,-0.19879119
96,96.25,96.5,A,10,-0.275950138,-0.967637108,-0.39870516,-0.534022977,-0.727394575,0.004325124,-0.445721889,-0.698391671,-0.244747532,0.153899843,-0.926832552,-0.134648551,-0.848539368,0.077500482,0.422697596,-0.122053971,-0.400025978,-0.669857574,-0.656149712,-0.800483008,-0.461789198,-0.644237409,-0.888452319,-0.593562821,-0.393271957,-0.10738866,-0.668051367,0.286935238,-0.208706042,-1.053776004,-0.607508191,-0.43122909,-0.973950651,-0.405255095,-0.817033017,-0.397787159,-0.260744968,2.013469669,1.51134261,-0.989091383,-0.38065131,-0.602998338,-0.280017987,-0.900973183,-0.176573717,0.039145381,0.303790862,-0.71846441,-1.014820244,0.997002987,-0.077088705,-0.295519292,-0.176794875,-0.886937441,-0.669790236,-0.646923134,-0.506161838,0.080615217,0.288931521,0.5856279,-0.93112439,-0.810553944,-0.83756187,-0.615479511,-0.747113145,-0.668065757,0.550841822,-0.494252501,-0.582450041,0.716380027,-0.196405959,-0.647898622,-0.848245466,-0.769674707,0.508450402,-0.006138979,-1.016941845,-0.82666945,-0.07737609,0.308146986,-0.803943528,0.035376647,-0.924790158,-0.677191255,-0.159970743,0.512749804,1.007560825,0.288817066,-0.962565951,-0.095554215,-0.776404428,-0.664408019,-0.810267702,-0.789310131,-0.910062169,-0.506199333,-0.880982639,0.324044431,0.544173501,0.006771211,-0.300848881,-0.856446004,-0.885627675,-0.848065578,1.849642805,-0.804326824,-0.504345889,-0.089610109,-0.977818773,1.608987522,-0.31435974,-0.016797728,-0.245357816,1.780426313,-0.902074317,-0.060584969,-0.011196368,0.685593533,-0.189643181,0.403945247,0.088610965,0.071327285,-0.703014802,1.520107656,-0.2557428,0.713121523,0.013460503,1.502801418,-0.534355507,-0.361063375,-0.194584429,0.013836374,0.046282547,0.12819854,-0.724469114,-0.675026178,0.33359849,-0.681412415,-0.740781531,-0.780459448,1.802178664,-0.839031279,-0.778452975,-0.994287751,-1.036807363,0.470730934,0.394038579,0.495563067,-0.581647152,-0.751791138,-0.718103308,2.582446555,0.203146847,1.359895443,-0.201390064,0.131716889,1.506732604,-0.140024391,0.148334379,-0.778915309,-0.413434608,-0.405839263,-0.473230054,-0.135778727,-0.273455996,-0.230404088,-0.441937931,-0.357275373,-0.177951151,-0.446264528,-0.18084594,0.112995097,0.205525287,-0.327481716,-0.181950641,0.409383964
96.25,96.5,96.75,A,10,-0.515468862,-0.946051236,-0.608062563,-0.794385151,-0.626806867,-0.393901581,-0.331369855,-0.806800705,-0.747613938,-0.298955298,-0.4487973,-0.730433272,-0.469855608,-1.050451174,-0.825207358,-0.823875271,-0.904477668,-0.653819064,-0.224100496,-1.082409992,-0.872235608,-0.932964926,-0.580752833,-0.811922951,-0.837043725,-0.799896768,-0.395764995,-0.762259991,-0.943707189,-0.784103658,-0.562607789,-0.826208536,-0.884735063,-1.024315494,-1.084027946,-0.996843876,-0.650410507,-0.776159184,-0.792815699,-0.974011218,-0.85764102,-0.930336696,-0.208262073,-0.863262413,-0.477309207,-0.767827801,-0.627183388,-0.402347799,-0.475765637,-0.316365488,-0.867018125,-0.421226284,-0.727512387,-0.879917871,-0.421872986,-0.9263526,-0.910178556,-1.077726607,-0.81320502,-0.363728949,-1.015662877,-0.971382828,-1.061161662,-0.582088775,-0.70382741,-0.780082331,-0.687612078,-0.959306436,-0.949120476,-0.83913448,-0.321528132,-0.813717324,-0.614020173,-1.034580592,-0.633683976,-0.721803818,-0.837035309,-0.734609178,-0.791266372,-0.090289213,-0.813504034,-0.778635334,-0.53589417,0.150885151,-0.577876696,-0.42137366,-0.919452468,-0.859904486,-0.637803646,-1.00619704,-0.773963209,-0.803797646,-0.819185221,-1.021802923,-0.764526211,-0.527298567,-0.894426144,-1.133764557,-1.082543805,-0.939532117,-0.864368358,-0.993367483,-1.026280644,-1.034055253,-0.189610726,-0.951926451,-0.937410608,-1.052562402,-0.689416012,-0.403102509,-0.937288157,-1.019860758,-0.952782703,0.196683904,-0.521777486,-1.073285129,-0.255182946,-0.895560054,-0.78791188,-0.948689634,-0.847749787,-0.873479046,-0.868046904,-0.492471039,-0.804458634,-0.078580765,-1.027015786,0.108827064,-1.067508018,-0.635714554,-0.87854843,-0.612706953,-0.512930207,-0.8173351,-0.116973115,-0.387528681,-0.390032078,-0.341482819,-0.248189944,-0.813437743,-0.723007583,-0.467451058,-0.979566671,-0.405412634,-0.876850731,-0.736998891,-0.726093416,-0.544697359,-0.565726424,-0.883136436,-0.754455493,-0.945741589,-0.787246039,-0.571140646,-0.901918673,-0.922527028,-0.958126538,-0.894662316,-0.856394339,-0.672233433,-0.606941606,-0.72134272,-0.772065264,-0.857213531,-0.592630152,-0.740873938,-0.854937935,-0.659253409,-0.639975638,-0.87608404,-0.814210045,-0.719565484,-0.658619747,-0.511916507,-0.69089412,-0.826444609
96.5,96.75,97,A,10,-0.509952479,-0.860348488,-0.718723582,-0.597596545,-0.159756018,-0.389159855,-0.840727492,-0.602226509,-0.755508475,-0.345898704,1.337366812,-0.506287185,-0.406721855,-0.164920599,-0.791860797,-0.843663482,-0.762866731,-0.623130281,-0.787516788,0.589551392,-0.241965594,-0.407779129,-1.019185482,-0.17573461,-0.721690073,-0.468803095,0.316243464,0.48659816,-0.167605531,2.364432018,1.719930628,-0.455926963,-0.57802899,0.557708044,-1.039647808,-0.546127713,0.247598989,-0.951352476,-0.066699489,-0.872800241,-0.31588946,0.226706267,0.438930647,0.09313871,-0.471448862,-0.11378483,-0.367564047,-0.067060074,-0.624622822,-0.416563709,0.809963671,-0.507738442,-0.529153864,-0.094841472,-0.901453443,-0.549806003,-0.403867671,-0.305531612,0.541531229,0.739379294,-0.876084207,-0.87517425,0.256200137,0.967245821,-0.41508893,-0.790705514,0.072802074,0.791321298,0.356351194,-0.185497038,-0.57092752,-0.67598514,-0.724893359,0.784896287,2.627884062,-0.782431345,-0.578058721,-0.700067229,-0.073110702,-0.317015979,-0.454168829,-0.804845542,-0.892628096,0.108172335,-0.278394688,1.044272325,-0.620863662,-0.775270911,-0.493107487,-0.714011633,0.912691855,0.211741912,0.772193053,0.080954208,1.951823773,-0.032637709,-0.760860951,-0.927260568,-0.911587411,-0.964494832,-0.722985884,-0.629449262,-0.377934079,-0.984213239,0.547974899,-0.533944751,-0.609099331,0.219229594,-0.580695271,-0.096485237,-0.829743884,-0.650087172,-0.453333816,2.171674168,1.747311361,0.25231057,0.333181973,-0.055708365,-0.289361561,0.8978592,0.101554033,0.587758225,-0.470196725,-0.339734344,-0.578129389,-0.954576964,-0.77249078,-0.69157472,-0.939098676,0.211458561,-0.15083516,-0.508692985,-0.538687014,-0.573321653,-0.751047166,-0.411180312,-0.822371309,-0.738045387,-1.029006745,-0.713602758,-0.914496759,-0.587050557,-0.898009024,-0.369021624,-0.697335443,1.028137684,-0.546116617,-0.810516517,-0.941333881,1.291690195,2.191410256,1.201317506,1.82234457,1.016831889,1.399474188,0.344260587,-0.62254341,-0.064722829,-0.403611557,-0.745045268,-0.577989815,-0.296004951,-0.003548987,-0.198534602,-0.161815818,-0.120151831,-0.069862942,-0.100970965,-0.388084619,0.033256333,-0.376760256,0.312410247,-0.384503078,-0.623679049,-0.344405254,0.613971593
96.75,97,97.25,A,10,-0.479960555,-0.72601197,-0.025846284,-0.884089355,-0.575927774,0.321098453,-0.531940358,-0.099859699,0.002935369,0.92275366,-0.335953499,-0.855366187,0.053748776,0.339451998,-0.617518488,-0.175736512,-0.179742995,-0.83618596,-0.837164678,0.173986698,0.416441109,0.619635973,-0.569252713,-0.73209761,-0.903889019,0.374416451,1.952191819,0.228369079,-0.283918374,-0.008797967,0.174512209,-0.682703903,-0.871408106,-0.374508254,-0.744564021,-0.773532948,-0.743795861,1.680261408,1.736891291,-0.46633416,-0.881870159,-0.708037086,0.534600899,-0.756921007,0.216830297,0.671585056,-1.017602938,-0.464432596,1.41839178,0.179270141,0.256727272,0.596959145,-0.572823849,-0.353175245,0.342174371,-0.379334683,0.975341058,1.574690659,-0.887938869,0.409774021,0.47538,-0.512787081,-0.709588152,-0.279327471,0.282331175,-0.752562846,-0.390356135,-0.801065879,-0.581504867,-0.551035675,-0.383310644,-0.439854278,0.51112649,-0.675605595,-0.569843264,0.173927072,-0.164306706,-0.8268334,1.185722055,-1.018621938,-0.577023069,-0.388932917,-0.018249804,-0.75792026,-0.266703802,-0.663226259,-0.565998323,0.270851091,-0.656757026,-0.0574987,-0.867150271,0.471590778,-0.657245213,-0.499281964,1.189312199,-0.942284066,0.63599333,-1.107137298,1.447962371,-0.419176943,-0.144293523,-0.908637726,2.791929263,0.263833566,-0.011722302,0.36529543,-0.315941347,0.714915622,1.128130392,0.281417066,0.162251462,0.36516704,-0.758129518,0.058249069,-0.575385589,-0.094932835,-0.177231546,-0.235601037,-0.870676888,-0.834575677,-0.057430211,-0.955795882,-0.735705425,-0.314767272,-0.83299715,-0.016688204,0.100873247,0.140574894,-0.348866122,-0.69094415,-0.629337163,-0.844167342,-0.859874011,1.728485512,-0.021006089,0.173717282,-0.497699249,-0.252952381,-0.588745313,-0.113590914,0.300614622,-0.639776207,-1.02481606,-0.782505369,-0.354519569,-0.333394422,-0.621927712,-0.681292155,-0.324072506,0.743087274,-0.119599873,-0.818958838,1.336110167,2.571355952,-0.928340889,1.10671252,-0.404532421,1.13147811,1.961145854,0.090131565,-0.207684851,-0.327048085,0.109309875,-0.106518235,-0.080818561,0.196239388,-0.382051693,-0.220760021,-0.368145907,-0.074741708,0.416492644,-0.296086552,-0.371174627,-0.190516967,-0.371860211,0.592550215
97,97.25,97.5,A,10,-0.078520594,-0.844320021,-0.934007853,-0.604033643,0.143040728,-0.462073852,0.640133914,-0.494302974,1.281744151,-0.633786197,0.525081526,-0.867614846,-0.809084836,-0.787774207,-0.661772395,-0.786217958,0.730900416,-0.785522848,-0.366542673,-0.350336754,0.33145306,-0.617873953,-0.867411496,-0.055582407,-0.074598172,-0.384642803,-0.789188567,-0.122844132,-0.560615674,-0.97270473,-0.895840103,-0.332741197,0.422795702,-0.774327633,-0.22334839,-0.75514086,0.168100436,1.914250195,0.288828013,0.069170947,-0.864141587,-0.332556045,-0.285733818,1.564358372,-0.822652064,-0.299555002,-0.684856212,-1.076758075,0.619011765,-0.94496551,-0.923462013,-0.72620586,-1.05690554,-0.378574796,-0.847209869,1.954838824,-0.554963223,-0.622608772,-0.018407487,-0.545524623,-0.57827055,-0.896157514,-0.48020797,-0.582882179,-0.050137973,-0.74950569,-0.062049752,-0.753120354,0.300504803,-0.554628989,-1.090085982,1.363469166,-0.790838165,-0.709041171,-0.625829842,-0.57245786,-0.668108875,0.28353036,-0.581324325,-0.79337918,-0.436685038,0.53412453,-0.50858327,-0.383832885,0.204347973,0.329829552,-0.149474755,-0.631229463,-0.585482303,-0.232785776,-0.620243331,0.335243113,0.678708029,-0.637044592,0.932181299,0.261650736,1.589076533,0.420497712,0.538126885,-0.230197699,-0.381465715,0.402917017,0.886088506,-0.737935244,0.170153706,-0.398698876,-0.041087559,-0.43632282,0.427609452,-0.278463797,1.281116556,-0.951674076,-0.834909798,-0.071751197,-0.925153127,-0.59615017,-0.79062375,-0.918585822,0.05540742,-0.382284597,0.106392103,-0.293666322,-0.935037419,0.112959634,-0.030990324,0.88636693,-0.552347821,-0.763898462,-0.067052956,-0.838363958,-0.659015766,0.205644526,-0.441723394,-0.585335703,-0.547792957,-0.169351064,-0.439300407,-0.314537636,-0.760186885,-0.486711206,-0.775912896,1.143342342,0.078772471,-0.622387211,-0.512683183,-0.574581488,-0.925655574,-0.685636316,-0.667397638,0.244567822,-0.063332057,0.625670959,-0.239551979,-0.075990103,1.161726213,-0.502864124,-0.739297513,0.056429361,-0.792185383,0.044014935,-0.198612634,-0.415888457,-0.411400888,-0.011825289,-0.312784818,-0.371902336,-0.440645617,-0.418406588,-0.185977144,0.326799868,-0.038720533,-0.413460856,-0.23756386,-0.419831049,-0.329757167,-0.052537969
97.25,97.5,97.75,A,10,-0.497655971,-0.516009918,-0.587005226,-0.372823863,-0.817960175,-0.745486314,-0.703810408,-0.188690836,0.163417225,-0.726632159,-0.646213216,0.052777746,0.733329418,-0.400247066,0.035063139,-0.700082792,-0.075500139,-0.387484196,-0.346594709,-1.024578508,-0.500765186,-0.991393519,-0.593589424,-0.472757569,-0.728049337,-0.70982586,0.082186338,-0.433549365,0.536340727,-0.57558449,0.92343425,-0.646909395,-0.091304084,0.538112732,0.052645925,2.788293745,-0.467064571,-0.879196423,-0.605640078,-0.195192889,-0.548881277,-0.758787999,-0.877148153,0.668593408,-0.58251057,-0.000935758,-0.471538221,-0.320137449,-0.577810118,-0.94010705,-0.587206602,0.720559919,-0.6164233,-0.454664299,-0.308383893,2.088074921,-0.726267588,-0.651874068,-0.688424433,-0.162510552,-0.841239472,0.26348185,-0.633014769,-0.229473111,-0.784150642,0.435391007,-0.102164745,1.528934838,-0.250753166,-0.857650487,-0.056407218,1.588998991,-0.564328468,-0.392239073,-0.640379467,-0.780967338,-0.331858872,-0.46618795,-0.469070657,1.262163118,-0.855091828,0.35979409,1.241561044,0.381961951,-0.231757023,-0.316608369,-0.350385676,0.935363315,-0.360316037,-0.779214301,-0.627098743,-0.413220578,-0.836237135,-0.53387041,-0.495641091,-0.367375627,0.271335303,-0.428902571,-0.306024158,-0.092048682,-0.876710409,0.980563841,-0.448510959,3.647481622,-0.761907588,2.164424088,-0.395016139,-0.154593407,0.579851452,0.261152177,-0.668576289,0.013595431,-1.019467525,-0.35364251,-0.450056314,0.735761872,-0.738679113,-0.741134555,-0.496000213,0.089496355,-0.696578051,-0.170184591,0.265847117,0.698762109,-0.413869084,-0.524777964,0.989689349,-0.570316393,-0.653510264,-0.680644403,0.222252173,0.234044435,0.818001055,2.031621529,-0.156137051,0.861048641,-0.69705224,-0.323050467,-0.69131526,-0.847587728,-0.537684836,-0.493541478,-0.64314157,1.161768168,-0.484712944,-0.748852287,-0.794946126,0.703000332,-0.653330548,-0.935146321,0.40118157,-0.86302657,-0.43262393,0.392595856,-0.172999535,-0.838629929,-0.412351939,-0.693454628,-0.68088322,-0.632149021,-0.499265765,-0.275953032,-0.438698769,0.141717921,-0.440926319,-0.13871199,-0.14706387,-0.085027693,0.002530717,-0.382908369,0.499673468,-0.362870286,-0.175558217,0.145182509,-0.342658761,-0.393234134
97.5,97.75,98,A,10,-0.433775492,-0.272862797,-0.670680206,-0.15245595,0.443989576,-0.765161332,-0.900874265,1.041967027,1.406079179,0.042281571,-0.186040819,-0.933249004,-0.686565987,3.701050695,0.485765655,0.928141994,-0.882580844,0.445674957,1.795209713,0.82553265,0.433317661,-0.449254312,1.320922699,-0.675952478,4.299672955,-0.510429159,0.736337125,0.752016652,1.245165848,1.3440886,-0.911699405,-0.73051872,-0.621642844,2.789385166,-1.026643177,0.40897233,-0.017583871,0.369424507,-0.55033295,0.32783108,0.138835455,-0.175925845,0.190157028,4.764018397,0.582621875,-0.670501002,2.279718983,1.949972827,1.755562875,3.20366601,-0.214166578,-0.242719903,-0.446891662,0.121231242,-0.723761176,-0.696476645,-0.459276021,-0.883009851,-1.01109682,-0.967657932,-0.219666574,-0.703937659,-0.898640968,-0.700230022,-0.865702465,0.591590136,-1.020855099,-0.195096559,-0.067422294,-0.713433671,0.960705032,1.830705425,-0.571331963,-0.556479288,-0.951318466,0.545258002,0.073064854,-0.712134263,-0.580201857,-0.712179652,-0.297811429,-0.608290612,0.182681281,-0.255170098,-0.610028391,-0.986798357,0.788838671,-0.422453787,0.543606641,-0.125033361,-0.457072044,0.183117581,-0.731817565,-1.023508647,1.127178506,-0.441284692,1.20632594,3.467155334,0.078821104,-0.673182106,0.096678035,3.880106706,1.48423528,-1.040488646,-0.805562866,0.326627709,-0.706971989,-0.488158643,-0.346384638,-0.860613623,0.681438497,-0.279628685,-0.890066984,0.971704572,1.911025701,-0.69333197,-0.013581553,0.232058362,1.636775662,0.261475385,-0.873427824,-0.558921304,-0.836514014,0.845589048,-0.797193228,0.112543839,-0.939194803,-0.793084969,-0.518838774,-0.144403661,-0.067778845,1.182067548,-0.766755631,-0.76552943,-0.76081039,-0.490155155,-0.518524249,-0.029317187,-0.680873702,3.498175233,-0.750385673,-0.335940937,0.904005495,0.081266588,1.056093501,0.155186343,-0.148573947,0.559635954,0.610502972,1.84140517,-0.214756706,0.296149452,-0.649935645,3.611819831,-0.767670037,-0.740351768,0.335988906,-0.0037354,4.027261268,0.459300422,-0.026149269,0.549293901,0.849588559,0.003719212,1.40181266,-0.552382535,-0.479339517,-0.067391218,-0.179045944,0.273573341,0.153946733,0.381786899,-0.450344569,0.060049819,0.397319547,0.635407032
97.75,98,98.25,A,10,0.536980127,-0.574569332,-0.828865952,0.448272855,-0.626751975,-0.523052043,-1.00745883,-0.479660589,-0.536800883,-0.52931013,0.578156726,-1.008007647,0.407932927,-0.11547988,-0.264923398,-0.242121815,-0.278999417,0.095222042,-0.788228558,-0.679739343,-0.795403621,-0.517343796,0.2061402,-0.792533941,-0.794700123,-0.293521825,0.100073308,0.151855511,0.344847742,-0.923398634,-0.766459191,-0.333099943,-0.833536843,-0.740189427,-0.99632996,-0.515023624,-0.480422468,-0.485439402,-0.970304209,-0.865694464,-0.336391605,-0.693051325,-0.359058351,-0.935786648,-0.82475224,-0.824847823,-0.65784453,-0.242029979,-1.032853305,-0.740538559,-0.571499349,-0.659455464,-0.635166854,0.025818306,0.123870353,-0.341588059,1.058294913,-0.196626229,-0.802895368,0.345283924,-0.459715525,0.033258267,-0.848681966,-0.919740256,-0.634651095,0.66930599,-0.524449166,0.371268599,1.68839298,-0.922865869,0.812921607,1.58454937,-0.84850737,-0.119941836,-0.591529265,-0.899053743,-0.220633391,-0.769698969,-0.949524993,-0.56543235,-0.537691802,-0.885152177,-0.753956551,-0.086284418,-0.806035901,-0.234869384,-0.601883481,0.022034904,-0.317153283,-1.028978687,-0.853944096,-0.873659181,-0.453858164,-0.312497209,-0.828626276,-0.917026869,-0.415072424,0.116153227,-0.531160423,0.404658528,-0.742872633,-0.65195569,-0.802566291,-0.833969896,-0.9755097,-0.906779539,-0.965909463,-0.831873778,-0.746150532,-0.60132139,-0.086230202,-0.596000156,-0.972158613,-1.020347539,0.005081605,-0.890549701,-0.265580506,-0.296965992,1.053858212,-0.674779613,-0.646107969,-0.087302145,-0.872194548,-0.878147726,-0.353233552,0.140561554,-0.509756331,-0.358429851,-0.354209891,-0.496418119,-0.483115074,-0.936705129,-0.942059922,-0.814259349,-0.15292851,-0.332927761,-0.177203787,-0.448502288,-0.949953667,-0.677119092,-0.79827674,-0.618254483,-0.341487206,-0.91822009,-0.852646695,-0.78840431,-0.513784673,-0.595852861,-0.543168564,0.27961176,-0.391297049,-0.183334902,-0.742487921,-0.54242162,-0.848278613,-0.643169992,-0.623157342,-0.79485376,2.045554488,0.05501457,-0.412121675,-0.229618836,-0.331398518,-0.698649953,-0.664715437,-0.165396383,-0.154787804,-0.256685094,-0.522997078,-0.466503289,-0.805890891,-0.374367251,-0.441523858,-0.591477458,-0.569048386,-0.266843214
98,98.25,98.5,A,10,-0.534376385,-0.846554313,-0.39846514,-0.446867018,-0.743415584,-0.776004403,-0.946633981,-0.052773604,-0.924323108,-0.667087163,0.198674477,0.123391668,1.866088549,-0.537090041,0.419533238,-0.28959138,-0.20529508,0.132345641,-0.793617875,-0.991909498,-0.43630028,-0.493834456,-0.985894963,0.057859787,0.058456526,1.20972458,2.335782782,-0.368203568,-0.775182594,0.832777042,-0.771199711,-0.279682247,-0.248789069,-1.043566373,-0.730372826,-0.876390501,-0.345000809,-0.671114778,-0.89159001,0.1708103,-0.862301828,1.834856286,-0.231798901,0.142811869,-0.719536839,0.019698631,0.421468466,-0.817381631,-0.736964814,0.121802418,1.56240896,-0.667500051,0.898386468,-0.971309184,2.046645404,-0.306437573,-0.67909364,0.017838279,-0.480192034,-0.616747083,-0.637344002,0.292806338,-0.304512658,-0.305023935,0.276197251,1.627603035,0.619231243,4.191906263,-0.461904432,0.37392197,0.090819345,-0.500468015,-0.46517816,-0.182157141,-0.27655844,-1.004669004,1.501722016,-0.17975646,-0.437978778,-1.044657852,-0.954277385,-0.971787661,-0.469255637,1.048241572,-0.984607112,0.784956472,1.276560141,-0.896527536,-0.991066562,-0.714343244,-0.056613838,-0.5668523,0.010627503,-0.327326292,-0.795925426,0.284880903,-0.642625164,-0.654501582,1.060184935,-0.354056772,-0.675022784,0.662217573,1.860179372,2.427557727,-0.476043153,2.31761835,-0.405408084,-1.12557052,-0.857340414,-0.286044772,-0.857894131,-0.302189131,-0.497427127,-0.969095785,0.193847711,-0.809104621,-0.870069388,-0.884730294,-0.467632736,-0.647874464,-0.486733385,-0.006600192,-0.86830066,-0.517921643,-0.246290274,-0.02525004,-0.341139634,-0.378801347,-0.882517399,-0.879189219,-0.754445607,-0.516379006,-0.111721096,-0.104035278,-0.735437929,1.639685071,-0.41085786,-1.033850687,-0.940719325,-0.726070792,-0.88177637,-0.809100909,-0.998429525,-0.152083514,0.073941384,-0.496451392,-0.415415987,-0.497627954,0.838115483,-0.509122383,0.337983091,-0.283547899,-0.716004068,0.446350168,-0.037228413,-0.290844002,0.623967965,0.150840709,-0.957665032,-0.317033404,-0.63365007,-0.00774703,0.143518486,-0.568689602,-0.082734634,0.080399955,0.567288107,-0.249888249,-0.287210695,-0.204220803,0.344214329,-0.611216997,-0.463274379,-0.369383251,-0.384795117,-0.104318089
98.25,98.5,98.75,A,10,1.298581061,0.012297076,0.070580058,-0.570223057,1.958405642,-0.356345525,3.274000544,-0.807448266,-0.272515674,-0.376512939,0.288331377,1.453644574,1.335721167,-0.553798628,-0.854525522,2.037814773,0.06401541,-0.477393898,1.563006605,-0.950873741,-0.980162837,-0.371654311,0.387738517,-0.673811846,1.670555574,-0.349071844,0.755658459,1.469453909,0.289862921,-0.869250134,2.879170586,0.570584578,-0.804951362,-0.329251951,-0.364351007,0.567400284,-0.867963081,0.296175428,-1.001689268,-0.603750893,3.759250487,0.94281127,0.067867335,-0.793763753,1.85702401,-0.860192821,-0.395030418,-0.039250931,-0.173640791,-0.320705158,-0.844765027,-0.215115142,0.176707081,-0.813084017,0.338072061,4.65010386,-0.419219826,-0.189534704,0.256402653,-0.79316529,0.306200184,0.747176879,-0.110906232,8.018262748,0.633525518,-0.303963183,-0.369894636,-0.096899791,0.960272505,1.379700397,1.054598173,-0.176015938,-0.519996698,0.478151659,1.130044695,0.514255233,1.626578399,2.193699685,3.200697055,-0.099035382,-0.568810831,0.788556789,1.484190136,-0.604358824,-0.563352953,-0.474438528,1.956989632,0.448329239,-0.528939538,0.726100161,-0.022252561,-0.579713668,-0.743938229,-1.012475135,-0.669482822,-0.623485818,-0.020883618,1.277121582,-1.12674817,-0.222362902,1.23327495,-0.733624361,-0.789324262,-0.885332262,1.075552663,0.798254479,2.85833134,0.255470178,-0.698654859,2.107055314,0.529937637,1.952584815,-0.237011305,0.426630028,-0.150232135,-0.621064466,-0.155180106,-0.652326352,3.598560169,-0.816797557,0.563715662,-0.240479614,0.309057507,-0.352238832,-0.875390886,-0.567175513,3.57362685,-0.46058025,-0.745225549,-0.325894181,-0.009185795,-0.870410803,-0.837699028,-0.753799992,0.206019064,-0.06104847,-0.188605148,2.31640819,1.777342171,-0.437368758,0.986534702,0.243262967,-1.036646641,0.526388741,-0.004451403,0.109174505,-0.33078086,0.195797868,0.18022673,-0.732338876,0.321830618,0.623755163,-0.961034825,-0.328998312,-0.14071058,0.444601475,-0.464209187,0.300365874,0.413400315,-0.834789901,0.423081892,0.390594212,0.132931841,0.034137331,0.404436923,0.214640165,1.116347439,0.940297688,0.266426528,-0.374422134,0.522100318,0.387510073,0.087941519,0.114165143,0.013716773,-0.062578936
98.5,98.75,99,A,10,0.140762845,-0.586098766,0.298510243,0.56788581,-0.877459704,-0.176330967,-0.25355187,-0.628037402,-0.241255115,-0.8137337,-0.863196487,-0.441410868,0.236361049,-0.598116169,-0.41806355,-0.551925824,-0.525728226,-0.877331888,-0.877613273,-0.640334643,-0.997090831,-0.989064225,0.268629568,0.405683069,-0.106431664,-0.770935191,-0.82447915,-0.067197732,0.567610499,-0.083976034,-0.321283985,0.137332408,1.180380382,1.04432468,0.124213611,0.212101404,0.560209996,-0.469613163,-0.516808791,2.608227906,-1.014964016,0.711616399,-0.430612118,1.245884187,-0.748089934,0.061710615,1.1992735,-0.297573926,0.885183764,0.276302137,-0.418116348,0.591833864,-0.64012339,-0.914956536,-0.784783731,-0.510175034,-0.891723503,-0.577383554,0.145776236,0.215474068,0.152785663,-0.475439448,0.611870117,1.900293395,-0.637678299,-0.961473709,-0.752635116,-0.811404418,0.244988884,0.50769102,-0.150050774,-0.032577844,-0.376962149,0.13872947,1.475453988,-0.489189246,-0.724841536,-0.375715459,-0.630879092,-0.839761105,0.674410175,-0.1523159,-0.341186393,-0.901355846,-0.518390052,0.526894996,0.059258626,-0.358826921,-0.217891491,-0.323100091,-0.40472189,-0.563392914,-0.59698751,0.505309674,1.747885782,-0.353195856,0.807965174,2.317594152,-0.124920222,-0.574943222,-0.568936587,-0.942747144,1.902902708,-0.79046674,0.950638229,-0.966984895,-0.584425033,-0.323080574,-0.403252389,0.473581587,-0.008262683,-0.569858364,1.151091764,-0.411651616,-0.573897603,0.744622282,1.981184864,-0.266776085,-0.510945551,-0.717828391,-0.483848979,-0.616080782,-0.41831574,-0.070121554,-0.522764942,-0.950083057,1.765401263,0.046077288,0.599295167,0.232654126,-0.641511585,-0.930693101,-0.624865094,0.095345096,-0.40494032,-0.170921357,-0.200275543,1.23163526,-0.891465295,-0.256226901,-0.586472683,-0.684036791,0.25705947,-0.243827116,-0.279927144,-0.457532706,0.584635237,0.593314131,-0.711996241,-0.360817801,-0.710646058,0.025827397,-0.016929566,-0.568600292,-0.74474584,-0.762395213,-0.918252692,1.984168583,0.188426534,-0.850390792,-0.256930863,-0.555735988,-0.259725169,0.455908445,0.188873061,-0.378417793,-0.022100191,-0.200579375,-0.15525029,0.276059317,-0.125277084,0.081767862,-0.041778721,-0.279391884,-0.188960164,-0.237353794
98.75,99,99.25,A,10,-0.355968203,-0.230783535,0.495199473,-0.490313316,-0.187096075,0.591441854,0.231970811,-0.716764106,-0.308330175,-0.439730607,-0.225094416,-0.101150389,-0.578985646,-0.785869466,-0.845045336,-0.584810908,-0.947267529,-0.480367994,-0.25861268,4.10041054,1.151337507,-0.10804362,-0.81148218,-0.580241237,-0.812951089,-0.579619322,2.185136515,-0.782183599,-0.94727954,-0.755406148,-0.774482388,-0.671614661,-0.702294893,2.006373254,3.147523378,-0.343130428,0.512383233,-0.384079444,-0.243445421,1.485185199,1.016728321,-0.08379757,-0.384774811,-0.791728903,-0.286672168,0.03967345,-0.565492915,1.376703951,1.985196867,-0.351135299,-0.338369938,-0.292054383,-0.821130838,0.298808541,0.284292519,0.159123812,0.288524858,-0.782829774,3.33718982,-0.171157796,-0.347685575,-0.250794868,-0.380111664,2.760370863,0.879765293,1.205209192,-0.511744734,0.388917318,0.238559873,-0.083024057,-0.4481153,1.327385503,-0.618322255,-0.714851356,-0.259057929,-0.935728508,0.472499373,0.026483229,-0.830216957,0.401105617,-0.79447248,-0.442774109,0.866097478,-0.61819485,0.569058561,-0.658357406,-0.603643405,-0.666595268,-0.294112107,0.022955003,-0.625163005,-0.774917756,-0.855224144,-0.481958543,0.386325979,-0.450407634,0.493744537,0.281284668,-0.990294138,-0.940880486,-0.856591466,-0.394414159,0.087553697,-0.410319326,-0.087106724,-0.251053187,-0.836179011,-0.36615621,-0.176427161,-0.890705512,-0.592339616,-0.863492733,-0.53325715,-0.673441143,-0.171998049,-0.28700118,-0.318723043,-0.670138427,-0.269780031,-0.57297659,0.774315671,0.200182232,-0.925800531,-0.891048756,-0.610987104,0.462788371,-0.697385121,-0.851020492,-0.697176892,0.595235256,0.972243764,0.867694424,0.446910774,-0.925832192,-0.44424244,-0.226656579,1.04655154,-0.375045027,-0.021371564,-0.81803981,0.421324071,0.021862537,-0.855884851,-0.327695083,-0.083426517,-0.685891652,-0.263989287,-0.118528753,-0.794260767,-0.957485934,-0.551249067,-0.723360451,-0.988680266,-0.687858169,1.140810165,-0.634899306,0.065169753,-0.049344855,0.153969284,1.335283526,-0.141037388,-0.070679382,-0.204073271,0.403241783,0.195470092,0.196239682,0.389946164,-0.157881858,-0.262003858,-0.395749052,-0.418139906,-0.495314796,-0.264089737,0.052221289,-0.364397623,-0.094015939
99,99.25,99.5,A,10,0.060541574,0.554672341,0.876411635,-0.384355275,1.034226665,1.834348514,0.555600603,-0.186721133,-0.854440858,3.783983803,-0.478406818,-0.449915517,-0.652415759,-0.066002102,1.40089579,-0.615528456,-0.602438744,0.126303822,3.601391041,0.820038812,0.429560725,0.112217529,1.553413195,-0.299845536,2.136426819,-0.282113397,0.156645819,-0.235106181,-0.604815325,3.857333798,0.273511296,-0.47203929,-0.228209928,-0.366760353,0.917908452,1.346288037,-0.318258262,-0.960442271,1.280693359,1.481751523,-0.20153841,-0.432283868,0.710099813,1.390956022,0.687560448,2.410969633,0.397589449,-0.685341471,-0.048378736,-0.217137782,0.822396772,1.49220589,1.990339255,0.761490663,0.645628486,0.538246291,0.471201599,0.14234681,-0.802729951,0.573426028,3.293708316,0.022620574,0.971155094,-0.135468114,2.484584234,-0.755160022,-0.564655663,-0.809918312,-0.82133043,0.085962031,-0.229756608,0.558539723,0.432914414,2.759986265,-0.9289192,-0.176231486,-0.517240299,0.531341743,-0.659578116,-0.223565917,-0.620986292,-0.162944758,1.170677649,0.164437359,1.431685743,-1.011852799,3.263920873,1.922036009,0.256167673,1.584106514,-0.124061492,2.101114672,1.229201229,0.449720634,-0.526180496,-0.298168782,0.13106574,-0.216169716,-0.676239486,-0.712780954,0.873094392,0.083382017,0.012185242,-0.93452443,-0.579121696,0.150585917,-0.990107739,0.893031929,-0.049879322,0.990831992,1.538958384,0.556559125,1.026672743,0.344244631,-0.371241802,0.644499107,-0.409616029,4.51393618,-0.775782701,-0.616601078,-0.153130505,-0.839393017,2.648766138,-0.394583289,-0.681425863,-0.209000595,-0.472650042,0.742691288,2.557722646,-0.672826939,1.240926597,-0.171150903,-0.619317035,0.233866046,0.60717013,-0.980574982,-0.840235532,0.270520018,0.325766778,0.836703207,-0.110757856,-0.908015198,-0.947802817,1.090630125,-0.91420252,-0.282360273,-0.383947156,-0.753359557,-0.957611971,0.198155535,-0.656196082,1.270320701,0.857949626,-0.521154008,0.59450411,1.226900224,3.229090578,-0.097966106,0.104289718,1.505774246,0.727426787,0.308392207,0.682371745,0.295444256,0.40124951,0.663455184,0.377149771,0.154749052,0.799724797,0.135750135,0.04494783,0.645162856,0.252616982,0.090367432,-0.396927169,0.751351301
99.25,99.5,99.75,A,10,0.327893557,1.43732929,-0.225601731,0.318446116,-0.653704363,0.106819455,0.270959412,-0.032904154,-0.642545171,0.126463685,1.015478271,0.004667225,-0.426144525,-0.168849076,-0.587761728,0.134707881,1.353841896,-0.358181358,-0.408008384,-0.383450184,2.773441191,0.61865857,-0.027031847,1.507526136,0.144227275,-0.17773445,0.580680979,-0.05516241,-0.513159687,1.460733547,1.159929495,-0.357837396,1.732805473,1.438582802,-0.131827862,0.213316023,-0.803623461,2.708476097,-0.083101593,-0.285903011,-0.053336136,-0.123182134,1.186893942,-0.954898885,-0.554828084,-0.781559386,-0.911608158,0.489576832,-0.395040279,-0.914062118,5.322974836,1.585171944,-0.870972933,0.054584609,-0.462950885,1.041552013,-0.433773731,-0.780790148,0.720905286,-0.696776219,0.283731022,1.270442308,-0.215178588,-0.488184174,0.806533759,1.794124071,-0.438592265,-0.926078983,-0.786174483,0.872507863,-1.005139897,1.183677038,5.448764194,0.33269628,-0.857107789,0.042427916,-0.959660862,0.904266147,1.230543737,1.596611988,0.229209184,0.385672822,1.453441632,-0.372487659,0.159765471,-0.49461532,0.3313457,-0.588504938,0.327578624,0.141070921,-0.514764735,-0.222175991,-0.619946573,-0.167479609,-0.27283993,-0.265164538,-0.391036299,0.269743327,0.03529589,0.976623887,0.01804374,0.242111019,-0.416957065,1.669498592,0.487909259,-0.361557364,-1.012510923,-0.90427328,-0.361578515,-0.940190878,-0.309765251,1.840257539,0.820448943,-0.392355678,-0.336254748,0.056429341,-0.938124984,0.913509128,-0.787095247,-0.893394643,-0.725822474,-0.083117642,-0.629311141,-0.198398487,-0.120762521,0.926453941,-0.946096632,-0.559235771,-0.947231868,0.449461892,-0.63879462,-0.423305869,-0.557343867,-0.868063799,-0.253257413,-0.132699012,-0.733781064,-0.662579438,-0.322307998,-0.28637124,-0.513926169,-0.754918591,-0.455395132,-0.45703667,-0.135120851,-0.530312202,-0.488057989,-0.035387018,-0.576848805,-0.623388515,-0.893318314,-0.854182652,0.377980097,-0.447814631,-0.856450806,-0.290678545,-0.743657036,-0.666718178,-0.743680963,0.913928668,0.103315609,0.017630002,0.63121793,0.559081657,-0.301204441,0.547992477,0.217313053,0.791707875,0.157247644,-0.117174457,-0.157950542,-0.00263456,-0.28340607,-0.487850432,-0.457039194,-0.420459236
99.5,99.75,100,A,10,-0.508695943,-0.808048355,-0.77872211,-0.266452926,0.838343543,-0.305884194,-0.56044967,0.044651746,-0.421517524,0.140797328,0.221555019,-0.264876864,-0.007802203,2.113501185,-0.553643891,0.19823912,0.095256197,0.836021746,0.325472465,-0.409559919,1.657389044,0.033350074,-0.541960416,2.499172139,2.962057466,-0.603066793,-0.45271816,-0.677344817,-0.487857745,-0.072858253,1.900592239,-0.894275642,0.035098425,1.50161809,0.126106588,-0.592630192,0.105563296,0.276471486,-0.304811263,-0.290806616,0.307038015,-0.868939687,-0.935199645,-0.782452528,-0.477591313,0.770462275,0.148741877,-0.651993939,-0.761154696,-0.484229402,-0.617416062,0.379633788,-0.82729705,-0.384043019,-0.005589338,0.199585881,-0.825867302,0.998437806,3.432018866,-0.588557229,-0.307266982,0.248356526,-0.719813875,-0.623772765,-0.415170233,0.972321933,0.435746387,-0.355600473,2.661190223,1.0256509,0.3806336,0.295751974,0.369622624,-0.198653861,-0.26463979,1.561557766,-0.978977756,-0.622533357,-0.212145548,-0.819089866,-0.679095432,1.064479286,-0.252544608,0.252289224,0.696694061,2.390805763,2.023343817,1.446063667,0.986790715,0.528356933,0.270330209,-0.568926449,-0.061574965,-0.840931522,3.633427571,1.034880383,0.447069243,-1.102115414,-0.834563965,-0.278528782,-0.178836342,-0.545535357,-0.80085906,-0.662133724,0.047398092,-0.872481937,-0.98146601,-0.447500988,-0.754446035,-0.859459533,-0.700445217,0.286668466,-0.938220132,-0.390634166,2.116147465,4.774563854,0.359623996,-0.764069409,-0.409098167,1.247209754,-0.241780193,-0.706842699,-0.100245679,-0.73843414,-0.871061433,-1.111165706,-0.72112425,-0.534658456,-0.757768882,-0.315410139,0.215280601,-0.345095468,-0.208263595,-0.791235154,-0.782775522,-0.579392675,0.63907507,0.017903116,-0.811143813,0.79151599,-0.337547804,0.166158603,0.341639361,-0.527335024,-0.894568501,-0.241430244,-0.439698468,2.066071086,1.120753714,-0.718357296,0.314618509,-0.120499046,-0.739430637,-0.688316847,-0.870655053,-0.216746662,-0.512328567,-0.533342708,0.253160444,-0.424862397,-0.26259781,0.255416286,0.431616254,0.186292641,-0.373531904,0.176090634,0.292164164,-0.048847421,0.845718342,0.169906631,-0.605532089,0.558174645,-0.609849158,-0.185413145,0.053568543,-0.353840296
99.75,100,100.25,A,10,-0.573449375,-1.002475142,-0.605760983,0.151252874,0.293742311,-0.389445513,0.264617107,-0.922341117,-1.000463197,-0.207900789,0.38330642,-0.106048149,-0.796110212,-0.797593793,-0.776057786,-0.1957272,2.306843038,-0.492441015,-0.714722834,-0.247765906,-0.530586259,0.148380164,0.086633507,-0.427226802,-0.867923245,-0.588598569,0.05796177,-0.401893725,0.379251173,-0.637470633,2.136156391,-0.450812331,-0.446112164,-0.384381393,-1.071398998,-0.529647379,0.125009472,0.985356205,0.644256048,-0.478129767,-0.874945506,-0.688671902,-0.857418939,-1.026620296,-0.720437581,-0.536334255,-0.626109856,-0.913901803,-0.397811501,-0.700251723,-0.648093591,-0.18630115,-0.655178506,-0.719971126,-0.775388173,-0.494843809,-0.98354508,-0.448125143,-0.676129021,-0.872990953,-0.818365879,-0.484853034,-0.175056306,1.594099802,-0.516184251,-0.064272447,-0.477303779,-0.630512777,-0.854736148,0.674408199,1.163695475,0.172610156,-0.73446068,-0.184147741,-0.903036483,-0.577607912,-0.186532907,-0.489219116,-0.749526252,-0.072174562,-0.297559093,-0.055762972,0.373355295,0.509652471,-0.646757017,-0.349128517,0.281235312,-0.326492073,-0.769127366,-0.733161538,-0.042490547,0.188873199,-0.154643252,-0.772776435,0.014438945,1.907454237,-0.367975574,-0.839918813,-1.045420045,-1.043258289,-0.554703367,-0.113911044,-0.703731395,-0.248713167,-0.508563449,-0.593403866,-0.129332571,0.434837606,-0.6264707,-0.415322388,-0.144210942,-0.589622534,-0.135549461,0.905846585,-0.131037766,2.742971197,0.379442774,-0.145473308,1.622074243,-0.250209153,-0.08510842,-0.765065465,-0.61885737,-0.72893125,-0.805413914,-0.635215618,-0.643688223,-0.877043004,-0.825313678,-0.280988263,2.211954598,-0.619936601,-0.01205567,-0.863161767,-0.871525001,-0.537910146,0.061010093,-0.848915424,1.220967026,1.003282651,-0.625134917,-0.33613374,-0.501044862,0.148995268,0.408191477,-0.732445465,-0.867028056,-0.87018586,0.62244737,-0.795730497,-0.831155934,-0.481943899,0.150143718,-0.161117796,0.297735059,-0.522500598,-0.63264189,0.073774855,-0.621469676,0.228155109,-0.399222382,-0.143631744,-0.278147262,0.053029608,-0.734250336,-0.646056655,-0.175277662,-0.256040002,-0.20137455,-0.215571657,-0.345931434,0.425423163,-0.626562521,0.074370976,-0.354806928,-0.250102105
