Time (s),Group_1 (g),Group_2 (g),Group_3 (g)
0.0,-0.428401,0.503263,-0.429593
0.001000100010001,0.588616,0.290505,0.376628
0.002000200020002,-0.712444,-0.531644,0.33521
0.003000300030003,0.811509,1.300859,-1.675288
0.004000400040004,-0.424802,-0.917648,-0.403485
0.005000500050005001,1.050423,0.994691,1.264291
0.006000600060006,-0.149095,-0.654233,0.484019
0.0070007000700070005,0.033161,0.759367,-0.646613
0.008000800080008,0.435045,0.304761,-0.387599
0.009000900090009001,-1.167608,-0.303347,0.259654
0.010001000100010001,0.830254,0.857359,0.670236
0.011001100110011002,-0.79954,-1.382684,-1.294235
0.012001200120012,0.978058,0.841533,-0.858031
0.013001300130013,-1.035639,-1.01671,1.300033
0.014001400140014001,0.140976,0.751074,0.807055
0.015001500150015001,-0.051371,-0.360022,-0.882977
0.016001600160016,-0.942631,0.291441,-0.60343
0.017001700170017002,0.584145,0.418931,0.951337
0.018001800180018002,-0.583036,-0.397844,0.598864
0.019001900190019003,0.592368,1.101882,-1.010143
0.020002000200020003,-0.464292,-0.733153,-0.397114
0.021002100210021003,0.461938,0.940276,0.677048
0.022002200220022004,0.339525,-0.827233,0.709911
0.023002300230023004,-0.663725,-0.191446,-0.629249
0.024002400240024,0.536942,-0.15364,-0.933637
0.025002500250025,-1.10677,-0.691271,0.858857
0.026002600260026,1.506246,0.785392,0.71761
0.027002700270027002,-0.581006,-1.087931,-0.371895
0.028002800280028002,0.677971,0.620536,-0.84008
0.029002900290029002,0.087765,-1.11335,0.954455
0.030003000300030003,-0.551039,0.505036,-0.136553
0.031003100310031003,0.824559,-0.738054,-0.312974
0.032003200320032,-1.20341,-0.239015,-1.423768
0.033003300330033,1.519354,0.433872,0.411786
0.034003400340034004,-0.431361,-0.800588,0.630356
0.035003500350035,0.169954,0.694767,-0.480194
0.036003600360036005,0.202465,-0.619473,-1.126542
0.037003700370037,-0.662296,1.007215,0.634279
0.038003800380038005,0.167517,-0.65755,0.784612
0.039003900390039,-1.181761,0.400852,-0.499829
0.040004000400040006,0.724922,-0.05781,-1.006559
0.041004100410041,-0.827113,-0.507556,0.551778
0.04200420042004201,0.652353,0.91303,0.875547
0.043004300430043,-0.142963,-0.539717,-0.481031
0.04400440044004401,-0.575496,0.581486,-0.86837
0.045004500450045004,0.283193,-0.930015,0.462722
0.04600460046004601,-0.695441,1.305063,0.60089
0.047004700470047005,1.260189,-0.261071,-0.531274
0.048004800480048,-1.393282,0.210334,-0.935873
0.049004900490049005,0.404977,0.747056,-0.377183
0.05000500050005,0.011151,-1.252549,0.863114
0.051005100510051006,-0.234254,0.681083,-0.124763
0.052005200520052,0.298825,-1.185172,-0.928813
0.05300530053005301,-0.863563,0.587592,-0.537457
0.054005400540054004,1.380441,-0.666164,1.455279
0.05500550055005501,-0.939617,0.293359,-0.283495
0.056005600560056004,0.640809,0.139321,-1.442596
0.05700570057005701,-0.264492,-0.431641,-0.084737
0.058005800580058005,-0.553488,0.593033,1.291635
0.05900590059005901,0.358523,-0.738814,-0.168074
0.060006000600060005,-0.486974,0.835001,-1.242328
0.06100610061006101,1.04951,-1.02956,-1.396208
0.062006200620062006,-0.660409,0.123594,0.927491
0.063006300630063,0.818062,-0.154062,0.673675
0.064006400640064,0.214466,-0.497967,-0.989988
0.06500650065006501,-0.595133,-0.063566,-0.227792
0.066006600660066,1.145047,-0.490883,1.171216
0.067006700670067,-1.057286,0.849959,0.1418
0.06800680068006801,1.493499,-1.529759,-0.823232
0.06900690069006901,-0.775442,1.213125,-0.358045
0.07000700070007,1.210054,-1.038215,0.613505
0.071007100710071,-0.775476,1.317376,0.631602
0.07200720072007201,0.214247,0.590053,-0.798955
0.07300730073007301,0.319665,-0.374908,-1.012439
0.074007400740074,-1.5813,0.892639,0.761111
0.075007500750075,0.961851,-1.419314,0.927824
0.07600760076007601,-0.706071,1.232894,-0.151061
0.07700770077007701,0.918492,-0.275396,-0.774316
0.078007800780078,-0.357078,1.00642,0.656608
0.07900790079007901,-0.638287,0.221041,0.338039
0.08000800080008001,0.308871,-0.364297,-0.545295
0.081008100810081,-1.054853,0.171694,-1.380353
0.082008200820082,0.98495,-0.589313,1.124045
0.08300830083008301,-1.085356,0.419326,0.763442
0.08400840084008401,0.860653,-0.860198,-0.394933
0.085008500850085,-0.591008,0.734285,-1.168924
0.086008600860086,-0.068489,-1.100938,0.681911
0.08700870087008701,-0.063929,0.811826,0.509138
0.08800880088008801,-0.65272,-0.258124,0.008785
0.089008900890089,0.754866,-0.535194,-0.535632
0.09000900090009001,-1.48191,0.506835,0.455099
0.09100910091009101,0.550248,-0.929571,0.781129
0.09200920092009202,-0.530365,0.775795,-0.115544
0.093009300930093,-0.221316,-0.647496,-1.333827
0.09400940094009401,0.284584,0.756812,0.214979
0.09500950095009501,-1.036351,-0.605261,0.513432
0.096009600960096,0.778379,0.114031,-0.166413
0.09700970097009701,-0.824367,0.164015,-1.366853
0.09800980098009801,0.913317,-0.80991,0.417035
0.09900990099009901,-0.589722,1.028904,0.896134
0.1000100010001,0.656547,-0.742168,0.053468
0.10101010101010101,0.298105,0.84867,-0.69747
0.10201020102010201,-0.412929,-0.493558,0.000954
0.10301030103010302,0.650469,0.135039,1.394231
0.104010401040104,-0.923401,-0.016535,-0.08504
0.10501050105010501,1.359057,-0.54053,-1.401946
0.10601060106010601,-0.683497,0.246927,0.070058
0.10701070107010702,0.630213,-1.308805,1.148483
0.10801080108010801,0.163431,1.285209,0.154697
0.10901090109010901,-0.790153,-0.297288,-0.668494
0.11001100110011001,0.564097,0.933988,-0.34959
0.11101110111011102,-1.000263,-0.438944,0.741426
0.11201120112011201,1.211686,0.049557,0.150249
0.11301130113011301,-0.277494,0.92533,-0.274364
0.11401140114011402,0.675043,-0.847839,-0.804592
0.115011501150115,0.117257,0.800587,0.695473
0.11601160116011601,-0.39568,-0.604043,0.393942
0.11701170117011701,1.046216,0.525739,-0.58431
0.11801180118011802,-0.773264,-0.899836,-0.149552
0.11901190119011901,1.161643,0.254693,0.674171
0.12001200120012001,-0.981562,-0.089912,0.830097
0.12101210121012101,1.021277,-0.998108,-0.875311
0.12201220122012202,-0.329389,0.894107,-0.829712
0.12301230123012301,-0.432876,-0.556629,0.544346
0.12401240124012401,0.825454,1.130527,0.275693
0.125012501250125,-1.040124,-0.951167,-1.084072
0.126012601260126,1.004656,0.442796,-0.496411
0.127012701270127,-1.026872,-0.473846,0.794655
0.128012801280128,0.316109,0.100632,0.970352
0.12901290129012902,0.445703,0.275842,-0.537894
0.13001300130013002,-0.825128,-0.601265,-0.818921
0.13101310131013102,0.430941,0.378488,0.539603
0.132013201320132,-0.742335,-1.190509,0.80506
0.133013301330133,0.92038,1.300413,0.554529
0.134013401340134,-0.643972,-0.94013,-1.556834
0.135013501350135,0.616529,0.216389,0.608782
0.13601360136013602,0.316955,0.139024,0.630966
0.13701370137013702,0.034028,-0.557397,-0.46299
0.13801380138013802,0.920603,0.325574,-1.328199
0.13901390139013903,-0.960643,-1.00106,0.898662
0.14001400140014,0.962849,0.919928,0.720019
0.141014101410141,-0.822119,-0.813213,-0.630144
0.142014201420142,1.227711,0.920744,-1.343923
0.14301430143014301,-0.063841,-0.609294,0.142116
0.14401440144014402,0.148532,-0.734607,0.566572
0.14501450145014502,0.492477,0.88142,-0.079709
0.14601460146014603,-1.047712,-0.962803,-0.805105
0.147014701470147,0.921247,1.127278,0.109793
0.148014801480148,-1.141834,-0.672497,0.782485
0.149014901490149,0.598064,0.839701,-0.216946
0.15001500150015,0.044211,-0.694334,-0.923204
0.15101510151015102,0.083522,-0.218671,-0.323119
0.15201520152015202,0.423021,-0.056209,1.011383
0.15301530153015303,-1.305654,-0.820418,0.168785
0.15401540154015403,0.538265,0.601086,-1.251778
0.155015501550155,-1.086577,-1.231061,-0.464018
0.156015601560156,0.97596,0.065463,1.086217
0.157015701570157,-0.472192,-1.250279,0.161055
0.15801580158015802,0.620724,0.937188,-1.332009
0.15901590159015902,0.534656,0.015277,-0.22221
0.16001600160016002,-0.353991,-0.012844,1.131811
0.16101610161016103,0.755472,0.445852,-0.214067
0.162016201620162,-0.672148,-0.431554,-1.110384
0.163016301630163,1.157287,0.697423,-0.460513
0.164016401640164,-0.4415,-1.080809,1.279878
0.16501650165016502,0.32677,0.84248,0.55296
0.16601660166016602,0.289697,-0.683012,-0.31979
0.16701670167016702,-0.964967,1.038043,-0.501088
0.16801680168016803,1.039988,0.067715,0.568605
0.16901690169016903,-0.803162,-0.762121,0.184861
0.17001700170017,0.8105,1.103171,-1.30168
0.171017101710171,-0.733514,-1.081479,-0.692563
0.172017201720172,0.401315,1.234606,0.876572
0.17301730173017302,-0.112006,-0.620165,0.561014
0.17401740174017402,-0.65002,0.757206,-0.806019
0.17501750175017503,0.894762,-0.540604,0.111067
0.17601760176017603,-0.684226,-0.832006,1.546813
0.177017701770177,0.676509,0.573213,0.475119
0.178017801780178,-0.900977,-0.957072,-0.645849
0.179017901790179,0.410916,1.228549,-0.239258
0.18001800180018002,0.169843,-0.715104,1.029391
0.18101810181018102,-0.662006,1.146417,0.276171
0.18201820182018202,0.163911,-0.575745,0.107933
0.18301830183018303,-1.027328,0.47245,-0.618821
0.18401840184018403,0.711157,0.057231,0.853974
0.185018501850185,-0.320113,-0.681059,1.017502
0.186018601860186,0.206515,0.987433,-0.66625
0.18701870187018702,-0.305327,-1.051733,-0.990931
0.18801880188018802,-0.90927,1.022317,0.829748
0.18901890189018902,0.889447,-0.637201,1.002986
0.19001900190019003,-1.142632,0.998776,-0.072807
0.19101910191019103,1.150675,0.247885,-1.186917
0.192019201920192,-0.379075,-0.562765,-0.065254
0.193019301930193,-0.038215,0.463945,1.147002
0.19401940194019401,-0.13308,-1.01527,-0.058912
0.19501950195019502,-0.742918,1.109072,-1.540362
0.19601960196019602,0.858044,-1.41821,0.180444
0.19701970197019703,-0.545811,1.30075,1.853758
0.19801980198019803,0.903355,-1.277569,-0.362033
0.19901990199019903,-0.998683,0.151329,-1.277963
0.2000200020002,1.128861,0.150829,0.367429
0.201020102010201,0.17275,-0.593567,1.343296
0.20202020202020202,0.117207,1.068075,0.00824
0.20302030203020302,0.466779,-0.35694,-1.394895
0.20402040204020402,-0.724002,0.975625,0.070971
0.20502050205020503,1.221865,-0.684978,1.166456
0.20602060206020603,-1.020726,0.398131,-0.169862
0.20702070207020704,0.25663,0.029271,-1.129296
0.208020802080208,0.2508,0.3128,-0.632869
0.20902090209020902,-0.561838,0.550668,1.095652
0.21002100210021002,0.096743,-0.482334,-0.438085
0.21102110211021102,-0.648734,1.037772,-1.295786
0.21202120212021203,0.60628,-0.50922,-0.069539
0.21302130213021303,-0.688788,0.675902,1.322763
0.21402140214021403,1.06419,-0.129762,0.183801
0.215021502150215,-0.550273,0.049142,-0.700254
0.21602160216021601,-0.476002,0.17417,-0.928412
0.21702170217021702,-0.238407,-0.695339,1.035405
0.21802180218021802,-1.056475,0.436812,0.711527
0.21902190219021903,0.491446,-1.400764,-0.785282
0.22002200220022003,-1.264272,1.16488,-0.474749
0.22102210221022103,1.300859,-0.823247,1.196574
0.22202220222022204,-1.21061,0.749021,0.882595
0.223022302230223,0.068164,0.034422,-0.762908
0.22402240224022402,0.148309,-0.331154,-0.256753
0.22502250225022502,-0.630136,0.363552,0.996132
0.22602260226022602,1.314695,-0.80149,0.580833
0.22702270227022703,-0.816915,0.885459,-0.599757
0.22802280228022803,0.618866,-0.899992,-1.171918
0.22902290229022904,-1.127118,0.920084,1.280527
0.23002300230023,-0.096343,-0.064373,0.63964
0.23102310231023102,0.345939,-0.101737,-0.793166
0.23202320232023202,-1.030281,-0.00509,-0.814226
0.23302330233023302,0.784896,-0.106696,0.83969
0.23402340234023403,-0.727745,1.445796,0.445186
0.23502350235023503,0.645746,-1.260013,-0.359155
0.23602360236023603,-0.85027,0.970611,-0.677875
0.23702370237023704,-0.074671,-0.385768,0.545059
0.23802380238023801,0.24467,0.57682,0.182593
0.23902390239023902,-1.052303,-0.089153,-0.410051
0.24002400240024002,1.164083,-0.944797,-0.991906
0.24102410241024103,-1.23754,0.330103,0.780839
0.24202420242024203,0.550837,-0.779135,0.937523
0.24302430243024303,-0.626286,0.914697,-0.089651
0.24402440244024404,0.364547,-1.042416,-0.937346
0.245024502450245,0.479769,1.348146,0.323744
0.24602460246024602,-0.749711,-0.016824,0.360247
0.24702470247024702,0.189121,0.830187,-0.658828
0.24802480248024802,-0.624428,0.458593,-0.94419
0.24902490249024903,0.563573,-0.541917,0.399886
0.25002500250025,-0.646266,0.696615,1.571282
0.251025102510251,0.291273,-1.30378,-0.648154
0.252025202520252,-0.040301,1.040082,-0.883502
0.253025302530253,0.070669,-0.690187,-0.096962
0.254025402540254,0.1686,0.305269,1.733083
0.255025502550255,-0.600261,0.030659,-0.267948
0.256025602560256,1.019757,-0.654707,-0.654552
0.25702570257025703,-0.827791,0.972598,-0.442829
0.25802580258025803,0.399418,-0.835308,0.961255
0.25902590259025904,-0.109038,0.581471,0.356052
0.26002600260026004,-0.592318,-1.005303,-0.688409
0.26102610261026105,1.348581,0.833477,-0.107922
0.26202620262026205,-1.07971,-0.839959,1.074514
0.26302630263026305,1.095186,0.161056,0.375601
0.264026402640264,-0.959073,0.609685,-0.756784
0.265026502650265,0.490434,-0.676963,-0.294909
0.266026602660266,-0.052688,1.00709,0.889419
0.267026702670267,-0.547083,-0.950686,-0.248233
0.268026802680268,0.83885,0.98258,-0.637936
0.269026902690269,-0.941101,-0.767958,-0.023924
0.27002700270027,0.988955,0.593143,0.77899
0.27102710271027103,-1.215128,-0.054254,-0.104705
0.27202720272027203,0.421652,-0.440606,-1.026787
0.27302730273027304,0.192925,0.428928,-0.554575
0.27402740274027404,-0.631353,-0.717284,0.870528
0.27502750275027504,0.71326,1.100689,0.720364
0.27602760276027605,-0.91264,-1.044609,-0.723958
0.27702770277027705,1.115294,1.161783,-0.969262
0.27802780278027805,-0.591319,-0.127723,0.938828
0.279027902790279,0.969875,-0.35814,0.611814
0.28002800280028,-0.049396,0.632697,-0.87137
0.281028102810281,-0.482159,-0.362065,-1.155389
0.282028202820282,0.464096,0.884577,0.707705
0.283028302830283,-0.828257,-1.230723,0.461092
0.284028402840284,1.072751,0.574836,-0.692909
0.285028502850285,-1.150696,-0.658114,-0.518248
0.28602860286028603,1.024035,0.687655,0.535476
0.28702870287028703,-0.234887,-0.076115,0.752827
0.28802880288028804,-0.308918,-0.172669,-0.424112
0.28902890289028904,0.097817,0.248356,-0.899925
0.29002900290029004,-0.972706,-0.986828,0.594509
0.29102910291029105,1.055829,1.226268,1.039539
0.29202920292029205,-0.974223,-0.638389,-0.72594
0.29302930293029306,0.740846,1.160736,-0.725064
0.294029402940294,-0.337624,-0.272398,0.091217
0.295029502950295,-0.020441,-0.026296,0.523269
0.296029602960296,0.567477,0.19414,0.04335
0.297029702970297,-1.204969,-0.4096,-0.674268
0.298029802980298,0.893227,0.750144,0.440633
0.299029902990299,-0.550223,-0.899848,0.396697
0.3000300030003,1.120927,1.251891,0.104998
0.30103010301030103,-0.832372,-0.951305,-1.048767
0.30203020302030203,0.247306,0.159806,0.317032
0.30303030303030304,0.675953,-0.618494,0.675578
0.30403040304030404,-0.821887,-0.287359,-0.160936
0.30503050305030505,1.107516,0.302341,-1.068329
0.30603060306030605,-1.017344,-1.000054,0.536378
0.30703070307030705,0.709646,0.380819,0.801687
0.30803080308030806,-0.102036,-0.940176,0.121935
0.309030903090309,0.088299,0.633703,-0.571143
0.31003100310031,0.280003,-0.059902,0.149482
0.311031103110311,-0.773656,-0.087573,1.008939
0.312031203120312,0.592419,0.494318,0.260298
0.313031303130313,-1.081837,-0.676407,-0.691391
0.314031403140314,0.90559,0.763566,-0.468352
0.31503150315031503,-0.527514,-0.875659,0.92287
0.31603160316031603,0.11948,0.844324,0.337027
0.31703170317031704,-0.126561,-0.154759,-1.334003
0.31803180318031804,-0.85906,0.893337,-0.915901
0.31903190319031904,0.967241,0.56309,1.165115
0.32003200320032005,-0.734848,-0.617409,0.40514
0.32103210321032105,1.107332,0.726197,-1.015786
0.32203220322032206,-0.047618,-0.597805,-0.342483
0.32303230323032306,0.18993,1.003522,0.224207
0.324032403240324,0.102939,-1.47389,-0.136003
0.325032503250325,-0.052477,0.142283,-0.120914
0.326032603260326,0.783831,-0.408763,-0.220009
0.327032703270327,-0.465135,0.126312,0.740791
0.328032803280328,1.525974,0.62261,0.036857
0.329032903290329,-0.396353,-0.580087,-0.76338
0.33003300330033003,0.439336,0.830739,-0.894649
0.33103310331033103,0.333966,-1.125828,0.815871
0.33203320332033204,-0.318914,0.996828,0.636205
0.33303330333033304,0.380812,-0.450469,-0.919461
0.33403340334033405,-0.83435,0.410208,-0.724946
0.33503350335033505,0.91277,0.269928,0.735747
0.33603360336033605,-0.335795,-0.57001,0.945304
0.33703370337033706,0.63888,0.949739,-0.553472
0.33803380338033806,-0.191083,-1.192527,-0.997854
0.339033903390339,-0.264225,1.054862,0.31412
0.34003400340034,0.367604,-1.257709,0.518359
0.341034103410341,-1.402431,0.579828,-0.506193
0.342034203420342,0.999021,-0.325706,-0.755772
0.343034303430343,-0.73861,-0.119774,0.242774
0.344034403440344,0.668315,-0.164391,1.111159
0.34503450345034503,-0.367379,-0.888492,-0.153622
0.34603460346034604,-0.096177,0.970089,-1.086474
0.34703470347034704,0.296971,-1.009187,0.452859
0.34803480348034804,-0.916245,1.304386,0.816131
0.34903490349034905,0.617327,-0.324768,-0.081846
0.35003500350035005,-0.506069,0.264166,-1.002176
0.35103510351035105,0.60621,0.045743,0.016019
0.35203520352035206,-0.347408,-0.41832,0.904233
0.35303530353035306,-0.625159,0.61917,-0.552216
0.354035403540354,0.374941,-1.011548,-1.056609
0.355035503550355,-1.348288,1.498871,0.324345
0.356035603560356,0.900332,-1.206548,0.721674
0.357035703570357,-0.590685,0.806231,0.087937
0.358035803580358,0.802515,-0.634841,-1.157407
0.35903590359035903,-0.366676,-0.012489,0.267414
0.36003600360036003,-0.864985,0.759758,0.504867
0.36103610361036104,0.61994,-1.424156,0.027236
0.36203620362036204,-0.806487,0.687662,-1.073607
0.36303630363036304,1.081242,-1.167096,-0.24338
0.36403640364036405,-1.155282,0.743245,1.214194
0.36503650365036505,0.933964,-0.694485,-0.575611
0.36603660366036606,-0.578527,0.204373,-1.032201
0.36703670367036706,0.083848,0.490143,-0.205718
0.36803680368036806,0.765895,-0.458469,0.781892
0.369036903690369,-1.088955,0.603102,0.003844
0.37003700370037,0.661801,-1.027282,-1.284072
0.371037103710371,-1.331481,1.359986,-0.008973
0.372037203720372,0.804901,-1.170126,1.430522
0.373037303730373,-0.527144,0.673466,0.118416
0.37403740374037403,0.122655,-0.621719,-0.519412
0.37503750375037503,0.27957,-0.180795,-0.291867
0.37603760376037604,-0.872529,-0.22071,1.734118
0.37703770377037704,1.286329,-1.382289,0.781141
0.37803780378037805,-1.276204,1.027361,-1.026782
0.37903790379037905,0.609513,-0.519518,-0.439759
0.38003800380038005,-0.476416,1.369017,0.210319
0.38103810381038106,-0.040424,-0.676946,0.23351
0.38203820382038206,0.329237,0.832664,-0.316019
0.38303830383038306,-0.687722,-0.313096,-0.545197
0.384038403840384,0.435375,-0.709283,0.671103
0.385038503850385,-0.492213,0.409556,0.706965
0.386038603860386,0.959662,-1.065902,-0.699769
0.387038703870387,-0.62738,1.107298,-0.979775
0.38803880388038803,-0.299828,-0.989942,0.442214
0.38903890389038903,0.34027,0.425397,0.833873
0.39003900390039004,-0.496617,-0.521855,-0.65192
0.39103910391039104,0.642946,0.618895,-0.939242
0.39203920392039204,-0.231538,0.305512,0.843848
0.39303930393039305,1.231478,-1.058418,0.861734
0.39403940394039405,-0.777609,0.937983,-0.073482
0.39503950395039505,0.004938,-1.265687,-0.937422
0.39603960396039606,-0.001625,0.806334,0.198419
0.39703970397039706,-1.19181,-0.907546,0.927758
0.39803980398039807,1.14784,0.689552,-0.530902
0.39903990399039907,-1.009234,-0.246227,-1.645995
0.4000400040004,1.26479,-0.356507,0.605358
0.401040104010401,-0.515673,0.750088,0.629855
0.402040204020402,-0.08325,-1.026936,-0.203796
0.40304030403040303,0.003424,0.768205,-1.126127
0.40404040404040403,-0.157652,-0.626642,0.572375
0.40504050405040504,0.271309,0.985415,0.860933
0.40604060406040604,-0.537778,-0.655055,-0.324213
0.40704070407040704,0.769202,-0.042353,-1.122385
0.40804080408040805,-0.574976,0.161087,0.4477
0.40904090409040905,0.372477,-0.83754,1.236409
0.41004100410041006,0.187934,0.708219,0.373323
0.41104110411041106,-0.36064,-0.345225,-0.998097
0.41204120412041206,1.053065,1.095824,-0.102656
0.41304130413041307,-1.091324,-1.214897,0.551191
0.41404140414041407,0.797797,0.418633,0.017539
0.415041504150415,-0.980904,0.099877,-0.753293
0.416041604160416,0.929341,-0.586861,0.207318
0.417041704170417,-0.043593,0.402182,0.569442
0.41804180418041803,-0.384595,-0.840746,-0.127809
0.41904190419041903,0.714193,1.299142,-0.50843
0.42004200420042004,-0.645657,-0.902931,-0.129834
0.42104210421042104,0.933286,0.782198,1.152789
0.42204220422042205,-0.324267,-0.012311,0.200962
0.42304230423042305,0.590543,-0.174545,-0.466475
0.42404240424042405,0.609642,-0.027672,-0.45294
0.42504250425042506,-0.202534,-0.698848,1.631349
0.42604260426042606,0.733256,1.293391,0.626355
0.42704270427042706,-1.059325,-0.228254,-0.944879
0.42804280428042807,1.082844,1.047803,-0.144713
0.4290429042904291,-1.157731,-0.281775,1.094212
0.43004300430043,0.844787,0.384781,0.178635
0.431043104310431,-0.035025,0.493193,-0.575225
0.43204320432043203,-0.290871,-0.465034,-0.612021
0.43304330433043303,0.479894,1.472385,0.75834
0.43404340434043404,-0.735123,-0.633676,0.338622
0.43504350435043504,0.839709,0.992775,-0.902361
0.43604360436043604,-0.664673,-0.593596,-1.173113
0.43704370437043705,1.211342,1.016455,1.28494
0.43804380438043805,-0.162321,-0.258832,0.754888
0.43904390439043905,-0.007294,-0.15744,-0.098468
0.44004400440044006,1.128831,0.409184,-0.67273
0.44104410441044106,-1.38906,-0.758826,0.869377
0.44204420442044207,1.173903,0.596208,0.397778
0.44304430443044307,-0.923425,-0.904261,-0.438541
0.4440444044404441,0.775033,0.862358,-0.113784
0.445044504450445,0.145889,-0.881492,0.047163
0.446044604460446,-0.401533,0.567745,0.307755
0.44704470447044703,0.275293,0.095644,-0.90122
0.44804480448044803,-1.03734,-0.794339,-0.64547
0.44904490449044904,0.565836,0.438579,0.794255
0.45004500450045004,-0.552141,-0.797182,1.037794
0.45104510451045104,0.891892,1.391103,-0.466413
0.45204520452045205,-0.412436,-1.06298,-1.155864
0.45304530453045305,-0.236087,0.805454,0.917182
0.45404540454045406,0.607122,-0.440128,1.417737
0.45504550455045506,-1.189633,-0.171363,-0.671104
0.45604560456045606,0.377827,0.861457,-1.119646
0.45704570457045707,-1.286461,-0.567997,-0.177599
0.45804580458045807,1.31418,1.29791,0.555479
0.4590459045904591,-0.655228,-0.858961,-0.284388
0.46004600460046,0.163037,0.848202,-1.4072
0.461046104610461,-0.042937,-0.584577,0.777505
0.46204620462046203,-1.251414,0.606599,0.919667
0.46304630463046303,0.970854,0.195641,-0.253529
0.46404640464046404,-0.67256,-0.502312,-0.719665
0.46504650465046504,1.186314,1.262338,0.045951
0.46604660466046605,-1.394033,-1.074918,1.289313
0.46704670467046705,0.538029,0.777018,0.025422
0.46804680468046805,0.879482,-0.652098,-0.951978
0.46904690469046906,-0.345908,0.140761,-0.073012
0.47004700470047006,0.965638,-0.480573,0.59992
0.47104710471047107,-1.516614,0.234795,0.214188
0.47204720472047207,0.441262,0.265616,-0.48308
0.4730473047304731,-0.450332,-1.519548,-0.473182
0.4740474047404741,-0.137138,0.649885,0.990815
0.475047504750475,0.499462,-1.268284,0.169507
0.47604760476047603,-1.036265,1.421016,-1.245727
0.47704770477047703,0.885143,-0.568595,-1.150598
0.47804780478047804,-0.686631,0.444638,1.860703
0.47904790479047904,1.119801,0.122763,0.395981
0.48004800480048004,-0.527375,-1.3218,-0.442006
0.48104810481048105,-0.12599,0.982014,-1.205907
0.48204820482048205,0.111349,-0.81042,0.681502
0.48304830483048306,-0.400438,0.630149,0.431359
0.48404840484048406,0.994289,-1.06515,-1.239294
0.48504850485048506,-0.951908,0.777915,-0.452587
0.48604860486048607,0.953366,-0.510335,0.678402
0.48704870487048707,-0.59931,0.132817,0.070726
0.4880488048804881,0.231187,0.61546,-0.699901
0.4890489048904891,0.033029,-1.055005,-0.679082
0.49004900490049,-0.365404,0.765692,0.885258
0.49104910491049103,0.566737,-1.098175,0.35465
0.49204920492049203,-0.770496,0.38065,-0.539875
0.49304930493049304,0.584904,-0.531972,-0.54329
0.49404940494049404,-0.526491,0.177016,1.246099
0.49504950495049505,0.346264,-0.036931,0.46757
0.49604960496049605,-0.073608,-0.477231,-0.660307
0.49704970497049705,-0.799486,0.677217,-1.245805
0.49804980498049806,1.216434,-0.797321,0.883346
0.49904990499049906,-1.12198,0.707936,0.662209
0.5000500050005,0.936206,-0.441252,-0.803383
0.5010501050105011,-1.053739,0.870144,-1.346083
0.502050205020502,0.683981,0.159779,0.721082
0.5030503050305031,-0.524449,0.016999,0.677013
0.504050405040504,-0.737468,0.41878,-0.4387
0.5050505050505051,0.684715,-0.903655,-1.179293
0.506050605060506,-0.35584,0.54918,0.570435
0.5070507050705071,1.505553,-0.854459,0.928454
0.508050805080508,-0.563724,0.561247,-0.125517
0.5090509050905091,0.502918,-0.937088,-1.12231
0.51005100510051,0.409749,0.247833,0.064356
0.5110511051105111,0.320077,-0.606706,0.92099
0.512051205120512,0.871456,-0.157636,0.227038
0.513051305130513,-1.208308,0.815992,-0.894877
0.5140514051405141,0.631362,-0.470513,-0.113597
0.515051505150515,-1.141624,1.060307,1.173081
0.5160516051605161,0.921814,-1.120618,-0.602627
0.517051705170517,-0.167469,1.119258,-1.032713
0.5180518051805181,0.321906,-0.278683,-0.374688
0.519051905190519,0.28821,-0.107188,0.683237
0.5200520052005201,-0.988846,0.309955,0.216561
0.521052105210521,1.073092,-0.017808,-0.737726
0.5220522052205221,-1.080044,1.149526,-0.266015
0.523052305230523,1.079241,-0.371956,1.009801
0.5240524052405241,-0.175933,0.757111,0.095028
0.525052505250525,-0.266563,-0.32764,-0.34595
0.5260526052605261,0.37274,0.226945,-0.676784
0.527052705270527,-0.804678,-0.258641,1.329998
0.528052805280528,0.84957,-0.609081,0.60445
0.5290529052905291,-0.597366,0.850485,-0.320354
0.53005300530053,0.973263,-0.89883,-0.893505
0.5310531053105311,-0.918681,1.193076,1.118457
0.532053205320532,0.102928,-0.891911,0.443423
0.5330533053305331,0.497026,0.614767,-1.138828
0.534053405340534,-1.061248,0.287088,-0.501366
0.5350535053505351,0.62874,0.252546,0.448073
0.536053605360536,-1.077614,0.890171,0.085927
0.5370537053705371,1.037767,-1.402363,-0.227501
0.538053805380538,-0.672384,1.29666,0.036276
0.5390539053905391,0.247695,-0.787285,0.971466
0.54005400540054,0.255834,1.242914,0.51978
0.5410541054105411,-0.824411,-0.513561,-0.106074
0.5420542054205421,1.001208,0.097886,-1.062149
0.543054305430543,-0.680928,0.506672,1.290566
0.5440544054405441,0.979303,-0.504079,1.02702
0.545054505450545,-0.638782,0.768802,-0.650585
0.5460546054605461,0.263233,-1.025146,-0.952569
0.547054705470547,-0.038047,0.745295,0.720356
0.5480548054805481,-0.681367,-0.337568,0.772667
0.549054905490549,0.749591,1.09734,-0.715729
0.5500550055005501,-1.147855,0.359401,-0.53844
0.551055105510551,0.739106,-0.101619,0.603492
0.5520552055205521,-1.084591,0.131497,1.355285
0.553055305530553,0.648682,-0.838008,-0.444407
0.5540554055405541,-0.473113,0.835388,-0.814563
0.555055505550555,-0.590127,-0.40953,0.406636
0.5560556055605561,1.359236,1.172428,1.195179
0.5570557055705571,-0.687298,0.100904,-0.293032
0.558055805580558,0.290183,0.621274,-0.931078
0.5590559055905591,-0.300074,0.325471,-0.216366
0.56005600560056,0.869608,-0.937402,0.825298
0.5610561056105611,0.146582,0.416579,-0.062546
0.562056205620562,-0.495042,-1.098617,-1.267489
0.5630563056305631,0.387727,1.085966,0.456244
0.564056405640564,-0.882202,-1.033337,0.722894
0.5650565056505651,0.698349,0.548251,0.472162
0.566056605660566,-0.700942,-0.586576,-1.067733
0.5670567056705671,0.515419,-0.439381,-0.340944
0.568056805680568,-0.549503,0.506465,0.708011
0.5690569056905691,0.098601,-0.847999,0.218574
0.57005700570057,0.531086,1.014707,-0.774145
0.5710571057105711,-0.903333,-0.64761,-0.25502
0.5720572057205721,0.354873,0.73729,1.121988
0.573057305730573,-0.795116,-0.495632,-0.267712
0.5740574057405741,0.94572,0.317299,-0.759171
0.575057505750575,0.554359,0.000487,0.296407
0.5760576057605761,-0.514035,-0.627902,1.012863
0.577057705770577,1.001368,0.790006,0.420565
0.5780578057805781,-1.081668,-1.56562,-0.903685
0.579057905790579,0.899711,1.320152,-0.583599
0.5800580058005801,-1.020487,-0.347621,1.303188
0.581058105810581,1.067308,0.511099,0.252367
0.5820582058205821,0.099258,0.107739,-0.570884
0.583058305830583,-0.937373,-0.985859,-0.377688
0.5840584058405841,0.491447,0.500944,0.614553
0.585058505850585,-1.056775,-0.893865,0.200549
0.5860586058605861,0.779877,0.896148,-0.488905
0.5870587058705871,-0.79691,-0.936131,-0.320538
0.588058805880588,0.889135,1.037823,0.982992
0.5890589058905891,-0.596815,-1.179159,0.410006
0.59005900590059,-0.716746,0.432302,-0.889714
0.5910591059105911,0.374914,0.909562,-1.093798
0.592059205920592,-1.051287,-0.912045,1.189959
0.5930593059305931,0.877827,1.184689,0.482792
0.594059405940594,-0.72474,-0.957618,-0.445019
0.5950595059505951,0.744933,0.76483,-0.843519
0.596059605960596,-0.217689,-0.496788,0.761629
0.5970597059705971,-0.101311,0.392863,0.85331
0.598059805980598,0.573848,-0.149191,-0.831317
0.5990599059905991,-1.275914,-0.410782,-1.307543
0.6000600060006,0.10704,0.429215,0.459198
0.6010601060106011,-0.946315,-1.375597,0.975493
0.6020602060206021,0.978556,1.083833,-0.350095
0.603060306030603,-0.022517,-0.910636,-0.893035
0.6040604060406041,-0.091531,0.874567,0.520643
0.605060506050605,-0.04399,-0.490895,1.194998
0.6060606060606061,-0.584771,0.066574,-0.627513
0.607060706070607,0.632861,-0.030132,-0.241617
0.6080608060806081,-0.992814,-0.44384,0.021478
0.609060906090609,1.218105,0.855024,1.03889
0.6100610061006101,0.043578,-0.340274,0.319222
0.611061106110611,0.322828,1.20672,-1.185372
0.6120612061206121,0.854831,0.016003,0.426668
0.613061306130613,-1.125046,0.388655,1.325877
0.6140614061406141,0.997725,-0.355793,-0.090736
0.6150615061506151,-0.809228,-0.621833,-0.62013
0.6160616061606161,0.544902,0.897183,0.859255
0.6170617061706171,-0.429135,-0.836997,1.113373
0.618061806180618,0.348962,1.289479,-0.032602
0.6190619061906191,0.346877,-1.100365,-0.929718
0.62006200620062,-1.557274,0.710824,-0.517814
0.6210621062106211,0.778552,-0.640324,0.958359
0.622062206220622,-1.199421,0.324853,0.003693
0.6230623062306231,0.642207,0.570033,-1.089357
0.624062406240624,-0.624493,-0.95819,0.385853
0.6250625062506251,0.172684,1.160039,1.366068
0.626062606260626,-0.424284,-0.995248,0.686943
0.6270627062706271,-0.73089,0.454255,-0.678429
0.628062806280628,0.674686,0.097937,-0.379649
0.6290629062906291,-0.646753,1.194331,0.61765
0.6300630063006301,0.806345,-0.067752,0.543916
0.6310631063106311,-0.872261,-0.750616,-1.117656
0.6320632063206321,0.452565,0.679704,-1.173939
0.633063306330633,0.089401,-1.305133,0.972416
0.6340634063406341,-0.471913,0.698912,0.19177
0.635063506350635,1.092861,-0.861719,-0.844599
0.6360636063606361,-0.933117,0.943048,-0.74911
0.637063706370637,1.267846,-0.140667,1.480191
0.6380638063806381,-0.890482,0.418626,0.623259
0.639063906390639,0.593141,0.452944,-0.783483
0.6400640064006401,0.10134,-0.864783,-0.796971
0.641064106410641,-1.025142,0.88294,1.10408
0.6420642064206421,0.251353,-0.827153,-0.016801
0.643064306430643,-1.167276,1.181932,-0.710059
0.6440644064406441,1.074411,-0.691719,-0.768608
0.6450645064506451,-0.280258,0.456966,0.353174
0.6460646064606461,0.336717,0.062046,0.948229
0.6470647064706471,-0.077578,-0.51229,-0.828729
0.648064806480648,-0.19848,0.051511,-1.252168
0.6490649064906491,0.687923,-0.572596,0.797777
0.65006500650065,-1.284498,0.790874,0.80368
0.6510651065106511,0.759648,-0.799621,-0.221415
0.652065206520652,-0.737204,0.688388,-0.463491
0.6530653065306531,0.684925,-0.298866,1.177363
0.654065406540654,-0.428031,0.207588,0.695807
0.6550655065506551,-0.487388,0.417105,-0.352653
0.656065606560656,0.26289,-0.45824,-0.380631
0.6570657065706571,-0.725992,0.233867,0.376264
0.658065806580658,1.228219,-1.529814,0.309653
0.6590659065906591,-0.988559,1.297436,-0.726028
0.6600660066006601,0.848628,-0.740314,-0.715282
0.6610661066106611,-0.030659,0.484903,0.693633
0.6620662066206621,-0.451711,0.223799,1.511845
0.663066306630663,1.062886,-0.471446,-0.530483
0.6640664066406641,-0.862993,0.337121,-0.693539
0.665066506650665,1.019191,-1.133408,0.195553
0.6660666066606661,-0.854162,0.541369,1.068118
0.667066706670667,1.051808,-0.951842,-0.181439
0.6680668066806681,-0.262049,0.913504,-1.346925
0.669066906690669,-0.441838,-0.290527,-0.313553
0.6700670067006701,0.188515,-0.193625,1.222307
0.671067106710671,-0.501988,0.093417,-0.15029
0.6720672067206721,1.478331,-1.031588,-0.941169
0.673067306730673,-0.895528,0.916452,-0.212233
0.6740674067406741,1.09532,-0.832569,0.706464
0.6750675067506751,-0.41616,1.017883,0.596909
0.6760676067606761,-0.322349,-0.616037,-1.061471
0.6770677067706771,0.636024,0.400552,-0.168751
0.678067806780678,-0.954545,-0.262781,1.213837
0.6790679067906791,0.779677,-0.727749,-0.017682
0.68006800680068,-0.448161,0.792771,-1.392894
0.6810681068106811,1.273706,-1.110654,-0.158923
0.682068206820682,-0.429632,0.448401,0.92879
0.6830683068306831,0.313643,-0.683686,0.217646
0.684068406840684,0.023414,1.03558,-0.61409
0.6850685068506851,-1.198965,-0.3428,-1.156213
0.686068606860686,0.326202,0.281037,0.613469
0.6870687068706871,-1.163214,0.415376,0.470203
0.688068806880688,1.290081,-0.758038,-1.097472
0.6890689068906891,-0.583531,0.687923,-0.809152
0.6900690069006901,-0.184087,-0.63467,0.906581
0.6910691069106911,0.098003,0.79912,0.627621
0.6920692069206921,-0.456926,-0.347849,-1.016322
0.693069306930693,1.04475,0.541341,-0.637973
0.6940694069406941,-0.580845,0.106532,1.633846
0.695069506950695,1.349924,-0.799239,0.595272
0.6960696069606961,-0.72091,0.654312,-0.349132
0.697069706970697,0.53773,-1.269778,-1.334338
0.6980698069806981,0.203099,0.76629,0.78821
0.699069906990699,-0.613446,-1.11866,0.854896
0.7000700070007001,0.669765,1.01056,-0.644816
0.701070107010701,-0.81161,-0.522686,-1.231747
0.7020702070207021,0.35128,0.050055,0.740052
0.7030703070307031,-0.786861,0.27709,1.06116
0.7040704070407041,0.039079,-0.887736,-0.331305
0.7050705070507051,0.044084,0.909959,-0.932826
0.7060706070607061,-1.220009,-0.757686,0.816659
0.7070707070707071,1.150301,1.182492,1.078584
0.708070807080708,-0.79398,-0.872636,-0.525745
0.7090709070907091,0.581976,1.155772,-0.9148
0.71007100710071,-0.664838,-0.081143,0.391628
0.7110711071107111,0.166115,-0.563179,0.779553
0.712071207120712,-0.051587,0.255607,-0.375465
0.7130713071307131,-0.766732,-0.936495,-0.673197
0.714071407140714,0.452612,1.043463,0.404395
0.7150715071507151,-1.196833,-1.02309,1.06935
0.716071607160716,1.089351,1.379883,-0.261828
0.7170717071707171,-0.781481,-0.936521,-1.047809
0.7180718071807181,-0.228608,0.017119,-0.54047
0.7190719071907191,0.42603,0.097111,0.711756
0.7200720072007201,-0.780195,-1.120217,-0.05887
0.7210721072107211,1.016936,0.918761,-0.740463
0.7220722072207221,-1.322057,-0.525334,0.813336
0.723072307230723,0.672221,0.75358,0.787948
0.7240724072407241,-0.996091,-0.572023,0.491941
0.725072507250725,0.500406,0.012156,-1.072126
0.7260726072607261,-0.144594,0.309193,0.205333
0.727072707270727,-0.265111,-0.633169,0.84413
0.7280728072807281,1.073626,0.833752,-0.341741
0.729072907290729,-1.003757,-0.9086,-1.459001
0.7300730073007301,1.326717,1.277089,-0.503839
0.731073107310731,-0.634229,-1.137901,1.326645
0.7320732073207321,0.89303,0.907857,-0.329455
0.7330733073307331,-0.407009,-0.384254,-0.674309
0.7340734073407341,-0.371383,0.287683,-0.277265
0.7350735073507351,0.524212,-0.065478,0.916413
0.7360736073607361,-1.41622,-0.020993,0.433109
0.7370737073707371,1.060215,0.862677,-0.560411
0.738073807380738,-1.353759,-0.908295,-0.584886
0.7390739073907391,0.82504,0.633028,0.72499
0.74007400740074,0.475735,-0.92534,0.726939
0.7410741074107411,-0.681247,0.193085,-0.553228
0.742074207420742,0.339636,0.261882,-0.82614
0.7430743074307431,-0.67727,-0.923141,0.495836
0.744074407440744,1.631039,0.49473,0.479324
0.7450745074507451,-1.288608,-1.169499,-1.129266
0.746074607460746,0.708621,0.341096,-0.806999
0.7470747074707471,-0.493374,-0.744972,1.106647
0.7480748074807481,-0.478067,0.623859,1.284432
0.7490749074907491,0.405623,-0.155357,-0.579041
0.7500750075007501,-0.734918,0.617142,-1.076264
0.7510751075107511,0.795065,0.277755,0.766718
0.7520752075207521,-0.467719,-1.182294,0.938547
0.753075307530753,1.209226,0.656416,-1.02011
0.7540754075407541,-0.601221,-1.039881,-1.02054
0.755075507550755,0.311827,1.163079,0.270656
0.7560756075607561,0.125791,-0.76602,1.210252
0.757075707570757,-0.683928,0.61384,-0.005718
0.7580758075807581,0.741338,0.166077,-0.841178
0.759075907590759,-1.393549,-0.612452,0.190131
0.7600760076007601,0.260109,0.718165,0.778123
0.761076107610761,-0.334079,-0.783173,-0.279123
0.7620762076207621,0.448742,1.291769,-1.147182
0.7630763076307631,1.197075,-0.767491,0.692007
0.7640764076407641,-0.623921,0.574986,0.982165
0.7650765076507651,0.608253,-0.211351,-0.417339
0.7660766076607661,-1.002604,-0.262774,-0.914912
0.7670767076707671,0.889667,0.752498,0.307904
0.768076807680768,-0.524928,-0.941524,0.615237
0.7690769076907691,0.107126,1.688317,0.232439
0.77007700770077,0.244518,-0.453709,-1.435859
0.7710771077107711,-1.035004,0.539207,-0.070377
0.772077207720772,0.919153,-0.456654,0.646527
0.7730773077307731,-1.208478,0.319072,-0.200633
0.774077407740774,0.273852,0.105463,-1.059601
0.7750775077507751,-0.389418,-0.474193,-0.275815
0.7760776077607761,0.099756,0.656992,0.83058
0.7770777077707771,0.195288,-1.151689,-0.14486
0.7780778077807781,-0.506709,0.79031,-1.331512
0.7790779077907791,0.993577,-0.928338,0.419569
0.7800780078007801,-1.27199,0.682509,0.733205
0.7810781078107811,1.575432,-0.455688,0.139941
0.7820782078207821,-0.882593,-0.112939,-1.157973
0.7830783078307831,0.736301,0.236292,0.3342
0.7840784078407841,-0.185445,-0.719686,0.874254
0.785078507850785,-0.953417,1.084214,0.172345
0.7860786078607861,0.674732,-0.883436,-1.206058
0.787078707870787,-0.557847,0.514591,-0.278742
0.7880788078807881,0.53591,-0.354202,1.441329
0.789078907890789,-0.437569,0.734946,0.46887
0.7900790079007901,0.452035,0.316855,-0.742243
0.7910791079107911,0.212561,-0.546085,-0.487664
0.7920792079207921,-0.554789,0.809959,1.285781
0.7930793079307931,0.698412,-1.539093,0.702126
0.7940794079407941,-0.757274,0.818282,-0.48183
0.7950795079507951,1.043907,-0.110223,-0.745993
0.7960796079607961,-1.213995,0.307487,1.788652
0.7970797079707971,0.28538,-0.001278,0.372782
0.7980798079807981,-0.246534,-0.230379,-0.414521
0.7990799079907991,-0.309435,0.753576,-0.839843
0.8000800080008,0.387852,-0.833285,0.770252
0.8010801080108011,-1.339339,0.750992,0.411049
0.802080208020802,0.747164,-1.140013,-0.582474
0.8030803080308031,-0.643046,1.083995,-1.45596
0.804080408040804,0.872697,-0.835392,0.604257
0.8050805080508051,0.02239,0.36267,0.166151
0.8060806080608061,-0.182679,-0.277516,-0.055942
0.8070807080708071,1.028113,-0.680304,-0.939781
0.8080808080808081,-0.99614,0.61002,0.583751
0.8090809080908091,1.336139,-1.257932,0.876447
0.8100810081008101,-0.750023,1.001946,-0.542088
0.8110811081108111,0.92307,-0.732863,-1.004544
0.8120812081208121,-0.336944,0.832365,0.276087
0.8130813081308131,-0.051089,-0.711147,0.573348
0.8140814081408141,0.161687,-0.226564,-0.397454
0.815081508150815,-1.295251,0.694809,-0.765728
0.8160816081608161,1.019197,-0.826119,0.434933
0.817081708170817,-0.669705,1.211669,0.991932
0.8180818081808181,0.967573,-0.74205,-0.197025
0.819081908190819,-0.273026,1.053537,-1.322026
0.8200820082008201,-0.315046,-0.738221,0.581272
0.8210821082108211,0.315162,0.429905,0.604431
0.8220822082208221,-1.074201,0.497082,-0.216939
0.8230823082308231,0.760651,-1.120018,-0.649063
0.8240824082408241,-0.748609,1.043872,-0.038334
0.8250825082508251,0.602026,-0.773025,1.198291
0.8260826082608261,-0.58466,0.700347,-0.367828
0.8270827082708271,-0.239163,-1.128794,-1.20747
0.8280828082808281,0.676094,0.631007,0.282569
0.8290829082908291,-1.055373,0.440742,1.162083
0.83008300830083,1.155629,-0.431762,0.417359
0.8310831083108311,-1.137875,0.220621,-1.316951
0.832083208320832,0.635304,-0.484299,-1.094774
0.8330833083308331,-0.500247,1.332616,1.205453
0.834083408340834,0.155474,-0.837319,0.186589
0.8350835083508351,0.625696,0.926888,-0.319808
0.8360836083608361,-0.972668,-0.548198,-0.68538
0.8370837083708371,1.372937,0.148098,0.844754
0.8380838083808381,-0.74206,-0.311735,0.481443
0.8390839083908391,1.250404,-0.014981,-0.908636
0.8400840084008401,-0.298025,0.721366,-0.758494
0.8410841084108411,0.33553,-0.977934,1.150003
0.8420842084208421,0.392312,0.979663,0.179588
0.8430843084308431,-0.588357,-0.342277,-0.724077
0.8440844084408441,0.307632,0.234614,-0.737766
0.845084508450845,-0.309733,-0.626269,0.940305
0.8460846084608461,0.719051,-0.472913,0.711014
0.847084708470847,-0.547115,0.604933,-0.681409
0.8480848084808481,-0.121897,-0.488138,-0.59414
0.849084908490849,0.278779,0.966464,1.053807
0.8500850085008501,-1.051992,-0.762245,0.299969
0.8510851085108511,0.961996,1.20236,-0.670205
0.8520852085208521,-1.121771,-0.141337,-1.128144
0.8530853085308531,0.886891,0.511221,0.710244
0.8540854085408541,-0.291547,0.514589,0.883351
0.8550855085508551,0.681059,-0.385322,-0.721236
0.8560856085608561,0.457353,0.690582,-1.307878
0.8570857085708571,-0.532045,-0.968318,0.375144
0.8580858085808581,0.82583,1.280959,1.296276
0.8590859085908591,-0.669437,-0.741899,-0.53655
0.86008600860086,1.174476,0.759635,-0.952342
0.8610861086108611,-0.6445,-0.771397,0.504502
0.862086208620862,0.335258,-0.071449,0.66888
0.8630863086308631,0.189025,0.221038,-0.1505
0.8640864086408641,-0.920549,-0.910879,-1.494824
0.8650865086508651,0.841518,1.230455,-0.144456
0.8660866086608661,-1.123953,-0.739507,1.052702
0.8670867086708671,0.933982,0.481142,-0.036609
0.8680868086808681,-0.716805,-0.916186,-0.815559
0.8690869086908691,0.527515,-0.199347,0.397632
0.8700870087008701,0.078364,0.046542,1.124849
0.8710871087108711,-0.232767,-0.826725,-0.18996
0.8720872087208721,0.242202,0.962179,-1.305508
0.8730873087308731,-1.427897,-0.767279,0.308939
0.8740874087408741,0.741224,0.959014,0.855707
0.875087508750875,-1.357911,-0.540926,0.248607
0.8760876087608761,1.054948,0.783542,-0.849944
0.877087708770877,-0.376984,-0.187268,0.199099
0.8780878087808781,-0.189685,-0.5875,0.020491
0.8790879087908791,0.779029,0.130064,0.13919
0.8800880088008801,-0.97328,-0.974425,-0.791028
0.8810881088108811,0.961778,0.603595,0.140082
0.8820882088208821,-0.945342,-0.893797,0.906305
0.8830883088308831,0.839786,1.375709,0.578914
0.8840884088408841,-0.166603,-0.361307,-0.086693
0.8850885088508851,-0.368497,-0.3552,-0.349179
0.8860886088608861,0.458511,0.267854,1.674621
0.8870887088708871,-0.75438,-0.800971,0.463146
0.8880888088808881,1.180865,1.491817,-1.303881
0.8890889088908891,-0.430496,-0.793392,-0.519531
0.89008900890089,0.544562,0.723591,0.773424
0.8910891089108911,-0.296384,-1.385538,0.365262
0.892089208920892,-0.891198,0.575623,-0.832355
0.8930893089308931,0.618125,-0.590975,-0.829948
0.8940894089408941,-0.829072,-0.237333,0.545702
0.8950895089508951,1.059871,1.221883,0.13823
0.8960896089608961,-1.244177,-0.804149,-0.551436
0.8970897089708971,0.929561,1.059231,-1.025319
0.8980898089808981,0.06996,-1.481708,0.941241
0.8990899089908991,-0.116068,0.632024,0.731704
0.9000900090009001,0.580369,-1.193428,-0.700483
0.9010901090109011,-1.239383,0.62124,-0.486402
0.9020902090209021,0.690931,-0.104101,0.932944
0.9030903090309031,-0.640804,-0.150583,0.364375
0.9040904090409041,0.700972,0.574087,-0.233958
0.905090509050905,-0.429372,-1.091495,-0.94312
0.9060906090609061,0.097754,0.988076,1.161328
0.907090709070907,0.156421,-0.742322,0.837811
0.9080908090809081,-1.312132,0.25253,-0.70638
0.9090909090909091,1.44594,0.213846,-0.837484
0.9100910091009101,-1.104771,-0.232669,0.476011
0.9110911091109111,0.846814,0.511749,0.476994
0.9120912091209121,-0.380751,-0.823123,-0.466917
0.9130913091309131,-0.324926,1.46867,-0.81013
0.9140914091409141,-0.009468,-0.880557,-0.054567
0.9150915091509151,-0.526104,1.018211,0.57892
0.9160916091609161,0.686824,0.071321,-0.039217
0.9170917091709171,-0.651863,-0.198075,-0.597095
0.9180918091809182,0.688528,0.296927,0.143182
0.9190919091909191,-0.263003,-0.580038,1.036458
0.92009200920092,0.399237,0.733475,0.215878
0.9210921092109211,0.312706,-0.866848,-1.202515
0.922092209220922,-0.550072,0.661818,0.29946
0.9230923092309231,0.763652,-0.747827,1.156948
0.9240924092409241,-1.059797,0.683584,-0.196049
0.9250925092509251,0.716341,-0.017309,-0.792339
0.9260926092609261,-0.024465,-0.858243,0.301502
0.9270927092709271,0.138409,0.553722,1.138744
0.9280928092809281,0.397258,-0.554867,0.528182
0.9290929092909291,-1.225951,1.333774,-1.281383
0.9300930093009301,1.102382,-1.039159,-0.294331
0.9310931093109311,-1.156716,0.8182,1.309833
0.9320932093209321,0.786415,-0.483132,0.645721
0.9330933093309332,-0.143006,0.546711,-1.085911
0.9340934093409341,0.288463,0.274401,-0.326821
0.935093509350935,0.364041,-0.748647,0.726261
0.9360936093609361,-0.496312,0.861771,0.350029
0.9370937093709371,1.009916,-1.539513,-0.746383
0.9380938093809381,-0.784547,0.812059,-0.008637
0.9390939093909391,0.638204,-0.518966,0.815821
0.9400940094009401,-0.825675,0.458391,0.327897
0.9410941094109411,0.374365,-0.414459,-1.599551
0.9420942094209421,-0.046343,-0.302471,0.048263
0.9430943094309431,-0.635034,0.561591,1.037902
0.9440944094409441,0.624592,-0.752269,0.215537
0.9450945094509451,-1.124468,0.715465,-0.571552
0.9460946094609461,1.147756,-1.22233,-0.415067
0.9470947094709471,-0.509468,0.842754,0.484242
0.9480948094809482,0.580137,-0.175857,0.016266
0.9490949094909491,0.062949,0.574681,-0.984277
0.95009500950095,-0.689022,0.312646,-0.779378
0.9510951095109511,0.612371,-0.755731,0.241955
0.9520952095209521,-0.771234,0.752755,0.240514
0.9530953095309531,0.869845,-0.920601,-0.602185
0.9540954095409541,-0.8703,0.935156,-0.089726
0.9550955095509551,0.15325,-0.806217,0.216199
0.9560956095609561,-0.43081,0.098081,0.663761
0.9570957095709571,-0.009005,-0.060367,-0.259778
0.9580958095809581,0.502415,-0.678877,-0.486914
0.9590959095909591,-0.942841,0.399846,0.995436
0.9600960096009601,1.59694,-0.800388,0.322555
0.9610961096109611,-0.17858,0.65093,-0.550968
0.9620962096209621,0.135172,-0.527549,-0.801873
0.9630963096309632,0.319644,0.3803,1.06992
0.9640964096409641,0.040928,-0.47558,0.832157
0.965096509650965,0.452487,0.068759,-0.725778
0.9660966096609661,-0.822896,0.716529,-0.791675
0.9670967096709671,1.161525,-0.438571,0.77161
0.9680968096809681,-1.090661,0.673262,0.545918
0.9690969096909691,1.107902,-0.582631,-0.261356
0.9700970097009701,-0.083182,0.789002,-0.645309
0.9710971097109711,-0.507335,-0.469619,0.315251
0.9720972097209721,0.450304,0.841137,0.781423
0.9730973097309731,-0.681633,0.576868,-0.232347
0.9740974097409741,0.815801,-0.287971,-1.099305
0.9750975097509751,-0.753839,0.138918,0.441575
0.9760976097609761,1.186433,-0.849408,0.492839
0.9770977097709771,0.442802,1.219147,-0.370484
0.9780978097809782,0.044978,-0.288989,-1.05946
0.9790979097909791,0.415177,1.100952,-0.177101
0.98009800980098,-1.57925,-0.423001,0.597724
0.9810981098109811,1.024766,0.706808,0.655999
0.9820982098209821,-1.056986,0.306945,-0.59835
0.9830983098309831,0.922816,-0.616516,-0.05171
0.9840984098409841,0.258569,1.516449,1.166678
0.9850985098509851,0.013336,-0.549674,0.093534
0.9860986098609861,0.55227,0.698697,-1.578342
0.9870987098709871,-0.974869,-0.978839,-0.062558
0.9880988098809881,1.057484,0.681834,1.228967
0.9890989098909891,-0.787216,-0.066599,0.333949
0.9900990099009901,1.051243,-0.459516,-0.414201
0.9910991099109911,-0.49064,0.609692,-0.615569
0.9920992099209921,0.110796,-0.727883,0.677297
0.9930993099309932,0.239525,1.067554,0.08508
0.9940994099409941,-0.888378,-0.877949,-0.913579
0.995099509950995,1.011045,0.797412,-0.566103
0.9960996099609961,-1.033875,-0.578796,0.57309
0.9970997099709971,1.05446,0.406061,0.722879
0.9980998099809981,-0.140643,0.150945,-0.343282
0.9990999099909991,-0.211237,-0.289149,-0.214086
1.000100010001,0.014141,0.869539,1.150382
1.001100110011001,-0.048053,-1.424187,-0.037954
1.0021002100210021,1.068643,0.979226,-0.24265
1.0031003100310032,-1.179483,-0.767679,-0.772082
1.004100410041004,0.854445,0.417805,1.471644
1.005100510051005,-0.573781,-0.269616,-0.058175
1.0061006100610062,0.912189,-0.434263,-0.68019
1.0071007100710072,-0.409261,0.218386,-0.974394
1.008100810081008,-0.187246,-0.954969,1.052212
1.009100910091009,1.420027,0.90328,0.876753
1.0101010101010102,-1.059259,-0.833967,-0.204958
1.011101110111011,0.777158,0.954514,-0.984516
1.012101210121012,-0.231643,-0.197968,1.089867
1.0131013101310131,0.053857,0.277352,1.0462
1.0141014101410142,-0.325318,0.650559,-0.446696
1.015101510151015,-1.277678,-0.628553,-1.134555
1.016101610161016,0.667483,0.507977,0.583115
1.0171017101710171,-0.553487,-0.607664,0.904423
1.0181018101810182,0.734839,0.943648,-0.233995
1.019101910191019,-0.455942,-1.006286,-1.453879
1.02010201020102,0.910205,0.109969,0.710397
1.0211021102110212,-0.324187,-0.183471,0.995319
1.0221022102210222,-0.434705,-0.15563,0.025888
1.023102310231023,0.261464,0.716593,-1.324541
1.024102410241024,-1.178358,-1.285358,0.380785
1.0251025102510252,1.057289,1.028253,0.574435
1.026102610261026,-0.623718,-1.341553,-0.445076
1.027102710271027,0.141419,0.70231,-1.17792
1.0281028102810281,-0.410341,-0.883512,0.144828
1.0291029102910292,-0.675557,-0.174781,1.220738
1.03010301030103,0.545645,0.718191,0.141335
1.031103110311031,-0.865039,-1.258501,-1.110295
1.0321032103210321,1.074567,0.817258,0.537394
1.0331033103310332,-0.64654,-0.532032,1.11108
1.034103410341034,0.604793,1.486922,0.29449
1.035103510351035,-0.583876,-0.157934,-0.480709
1.0361036103610362,-0.017658,0.487009,-0.489547
1.0371037103710372,0.668017,-0.260448,0.790569
1.038103810381038,-0.878025,-0.044283,0.615121
1.039103910391039,0.928404,1.047337,-0.533056
1.0401040104010402,-0.534883,-0.837607,-0.35758
1.041104110411041,1.031323,1.443033,0.685579
1.042104210421042,-0.410872,-1.147893,0.373809
1.0431043104310431,-0.162557,1.054324,-0.906482
1.0441044104410442,0.760642,-0.66793,-0.357485
1.045104510451045,-0.543417,-0.071832,0.757444
1.046104610461046,1.4084,0.676706,0.891047
1.0471047104710471,-0.450158,-0.569502,-0.520336
1.0481048104810482,0.957515,0.933938,-0.430414
1.049104910491049,0.126343,-0.748117,0.615247
1.05010501050105,-0.305807,1.272036,0.76304
1.0511051105110512,0.573296,-0.879186,-0.929608
1.0521052105210522,-1.133254,0.569184,-0.578018
1.053105310531053,1.016698,-0.354128,0.997861
1.054105410541054,-0.839374,-0.100925,0.571233
1.0551055105510552,0.408622,0.131363,-0.671449
1.056105610561056,-0.137878,-1.089692,-0.976464
1.057105710571057,-0.112259,0.736665,1.12938
1.0581058105810581,0.773086,-0.65919,0.219876
1.0591059105910592,-1.364368,1.629222,-1.115046
1.06010601060106,0.654615,-0.172917,-0.797576
1.061106110611061,-1.198334,-0.055102,0.442928
1.0621062106210621,1.023683,-0.001178,0.168114
1.0631063106310632,-0.44847,-0.798381,-0.684773
1.064106410641064,0.389612,0.976512,-1.048022
1.065106510651065,0.550967,-1.324838,0.152351
1.0661066106610662,-1.574778,0.679402,0.613264
1.0671067106710672,0.998395,-0.601039,-0.01568
1.068106810681068,-1.015344,0.845145,-1.169351
1.0691069106910691,0.635154,-0.249942,0.298307
1.0701070107010702,-0.721708,-0.171061,0.42075
1.071107110711071,0.605451,0.578428,-0.204897
1.072107210721072,0.52396,-1.318316,-1.31457
1.0731073107310731,-1.11789,0.505202,0.685512
1.0741074107410742,0.746377,-0.763403,1.289505
1.075107510751075,-1.102008,1.130915,0.152403
1.076107610761076,1.019651,-0.636338,-1.165614
1.0771077107710771,0.045702,-0.453302,0.309712
1.0781078107810782,0.31067,0.248983,0.298265
1.079107910791079,0.638065,-0.992007,-0.483923
1.08010801080108,-1.01295,1.005871,-0.800583
1.0811081108110812,0.765179,-1.413994,-0.048966
1.0821082108210822,-0.770076,0.690142,0.801576
1.083108310831083,0.88234,-0.771929,-0.533884
1.0841084108410841,-0.612022,0.698367,-0.808804
1.0851085108510852,0.623555,-0.329479,-0.260884
1.086108610861086,-0.170833,-0.796386,0.470663
1.087108710871087,-0.999929,0.402482,-0.49243
1.0881088108810881,1.365192,-0.808671,-0.673307
1.0891089108910892,-1.27897,1.174727,-0.398155
1.09010901090109,1.610577,-1.060676,0.99787
1.091109110911091,-0.93001,0.883417,-0.092176
1.0921092109210921,0.591822,-0.995481,-0.687097
1.0931093109310932,0.258314,-0.19994,-0.404694
1.094109410941094,-0.11822,0.785326,0.99491
1.095109510951095,1.034885,-1.307208,0.283777
1.0961096109610962,-1.068362,1.035286,-1.007594
1.0971097109710972,0.633456,-0.715145,-0.577562
1.098109810981098,0.214961,1.333007,0.723072
1.0991099109910991,0.556513,-0.667356,0.45483
1.1001100110011002,-0.289817,0.514394,-0.816843
1.101110111011101,-0.291719,0.873889,-1.005994
1.102110211021102,0.759768,-1.094431,1.004104
1.1031103110311031,-1.129273,0.55531,0.675574
1.1041104110411042,1.123935,-0.205518,-0.795236
1.105110511051105,-0.660813,1.204781,-0.522911
1.106110611061106,0.700869,-1.474904,0.849656
1.1071107110711071,-0.548854,1.034173,0.497036
1.1081108110811082,-0.196397,-0.373145,-0.526369
1.109110911091109,0.532655,-0.048816,-1.19821
1.11011101110111,-1.401451,1.124728,0.819853
1.1111111111111112,0.834614,-1.394916,0.837174
1.1121112111211122,-1.51336,0.799269,-0.502121
1.113111311131113,0.924598,-1.330048,-1.081857
1.1141114111411141,-0.608547,0.80324,0.494078
1.1151115111511152,-0.293653,-0.351242,0.383117
1.116111611161116,0.823685,0.731983,-0.771617
1.117111711171117,-0.873414,-0.49855,-1.15288
1.1181118111811181,1.088763,-0.405826,1.154732
1.1191119111911192,-1.075184,0.049851,0.355544
1.12011201120112,0.194054,-1.142867,-0.547627
1.121112111211121,-0.196039,0.427897,-1.816321
1.1221122112211221,-0.306768,-0.930963,0.681101
1.1231123112311232,1.128317,0.617179,1.459017
1.124112411241124,-0.468413,-0.269225,-0.69387
1.125112511251125,1.078282,-0.33814,-0.853907
1.1261126112611262,-0.883674,0.271149,0.703037
1.1271127112711272,0.634187,-1.08412,0.119943
1.128112811281128,0.088118,0.869488,-0.082252
1.1291129112911291,-0.230795,-0.916543,-0.901262
1.1301130113011302,0.752521,1.328167,-0.350233
1.131113111311131,-0.90933,-1.010083,1.392816
1.132113211321132,0.79284,1.429426,-0.040889
1.1331133113311331,-0.547656,0.043488,-1.382857
1.1341134113411342,0.724904,-0.091615,-0.288473
1.135113511351135,-0.676285,0.458254,0.693423
1.136113611361136,0.601715,-0.943603,-0.056381
1.1371137113711371,0.969341,0.920012,-1.519276
1.1381138113811382,-1.934383,-1.304969,-0.278082
1.139113911391139,0.691504,0.700606,0.660779
1.14011401140114,-0.956893,-0.138233,0.560898
1.1411141114111412,1.417172,-0.260888,-1.254391
1.1421142114211422,0.453164,0.199504,-0.307687
1.143114311431143,0.011797,-0.955206,1.27364
1.1441144114411441,0.012339,1.005271,-0.081263
1.1451145114511452,-0.708808,-1.045811,-1.474599
1.146114611461146,1.08173,1.579069,-0.09575
1.147114711471147,-1.223802,-0.801343,1.141619
1.1481148114811481,1.088648,0.782916,0.468012
1.1491149114911492,-0.482296,0.514417,-0.592872
1.15011501150115,0.05922,-1.045559,-0.931673
1.151115111511151,0.250201,0.567048,1.261093
1.1521152115211521,-0.805306,-0.784918,0.60561
1.1531153115311532,0.56624,0.949222,-0.60832
1.154115411541154,-0.813483,-0.728183,-0.715361
1.155115511551155,1.32096,0.917348,1.170398
1.1561156115611562,0.060287,-0.5787,0.528637
1.1571157115711572,0.347594,0.417303,-0.860533
1.158115811581158,0.244493,0.18922,-0.427022
1.1591159115911591,-0.597743,-0.859703,1.048193
1.1601160116011602,1.097879,1.310187,0.9541
1.161116111611161,-0.655722,-0.710631,-0.637824
1.162116211621162,1.162592,0.569386,-0.887438
1.1631163116311631,-0.52613,-0.264435,1.242519
1.1641164116411642,0.421244,0.288564,0.709786
1.165116511651165,-0.094776,0.532978,-0.732046
1.166116611661166,-0.637027,-0.69118,-1.065636
1.1671167116711672,0.554104,0.641438,0.310995
1.1681168116811682,-1.032411,-1.392247,0.698322
1.169116911691169,0.774611,0.896179,-0.382625
1.17011701170117,-0.249744,-0.769161,-0.568734
1.1711171117111712,0.753797,0.517015,0.164068
1.1721172117211722,0.211928,-0.226359,0.934802
1.173117311731173,-0.396222,0.037303,-0.287956
1.1741174117411741,1.226674,0.814546,-0.867751
1.1751175117511752,-0.659516,-0.48117,1.001529
1.176117611761176,0.938449,1.246534,1.096521
1.177117711771177,-0.599342,-1.02732,-0.180355
1.1781178117811781,0.044063,0.982682,-1.106595
1.1791179117911792,-0.003159,-0.839365,0.091683
1.18011801180118,-0.338408,0.463455,0.926047
1.181118111811181,0.385316,0.350351,0.351675
1.1821182118211822,-1.32922,-0.632329,-1.105085
1.1831183118311832,0.692381,1.157984,0.074519
1.184118411841184,-0.480043,-1.313845,1.01084
1.185118511851185,0.727701,0.582327,-0.492284
1.1861186118611862,0.094708,-0.802742,-0.842031
1.1871187118711872,-0.681362,0.596103,-0.188235
1.188118811881188,0.947251,-0.420082,1.206674
1.1891189118911891,-1.473347,-0.53521,0.135807
1.1901190119011902,0.972799,0.504971,-1.064953
1.191119111911191,-1.005743,-1.178192,-0.214746
1.192119211921192,1.084784,1.125495,0.680634
1.1931193119311931,-0.120689,-1.216843,0.361771
1.1941194119411942,0.014851,0.756466,-0.838848
1.195119511951195,0.834079,-0.155108,-0.507134
1.196119611961196,-0.897913,0.476224,0.97952
1.1971197119711972,1.017893,-0.059358,0.940732
1.1981198119811982,-1.191727,-0.995002,-1.013074
1.199119911991199,0.058368,0.911844,-1.001982
1.2001200120012,-0.154128,-1.242425,0.868694
1.2011201120112012,-0.098903,0.587154,0.912515
1.2021202120212022,0.825953,-0.519433,-0.718701
1.203120312031203,-1.094788,0.495776,-0.974249
1.2041204120412041,1.371421,-0.350808,0.896182
1.2051205120512052,-0.935688,-0.486039,0.729026
1.206120612061206,1.262463,0.92702,-0.976718
1.207120712071207,-0.483317,-1.205619,-0.754815
1.2081208120812081,0.180744,0.846499,0.833086
1.2091209120912092,0.368231,-1.005541,0.52183
1.21012101210121,-0.958889,1.188792,-0.643786
1.211121112111211,1.715627,-0.689988,-0.684706
1.2121212121212122,-0.693724,0.098035,0.867439
1.2131213121312132,1.122238,-0.321969,0.928001
1.214121412141214,-0.299969,-0.679752,0.025724
1.215121512151215,0.022184,0.962788,-0.926855
1.2161216121612162,0.107674,-0.855685,0.946079
1.2171217121712172,-0.874512,1.181066,1.002788
1.218121812181218,1.099389,-1.165883,-0.326207
1.2191219121912191,-0.704095,0.099497,-1.370011
1.2201220122012202,0.581712,-0.111931,0.913509
1.221122112211221,-0.683861,-0.306497,0.667163
1.222122212221222,0.036118,0.383617,-0.895148
1.2231223122312231,0.148413,-1.018786,-0.402351
1.2241224122412242,-0.685908,1.217463,0.55408
1.225122512251225,0.497702,-0.831578,0.598213
1.226122612261226,-1.134418,0.790745,-0.147865
1.2271227122712272,0.746626,-0.377417,-1.328774
1.2281228122812282,-0.919355,0.287829,0.359256
1.229122912291229,0.023882,0.456943,1.123335
1.2301230123012301,0.246622,-0.531693,-0.157976
1.2311231123112312,-1.042726,0.484359,-0.858588
1.2321232123212322,1.104973,-0.984081,-0.169824
1.233123312331233,-0.694023,1.430369,0.99419
1.2341234123412341,0.873846,-0.82044,-0.227008
1.2351235123512352,-0.634472,1.354679,-0.888375
1.236123612361236,0.155302,0.462202,-0.065072
1.237123712371237,0.323805,-0.038364,1.646536
1.2381238123812381,-0.885096,0.285785,-0.148033
1.2391239123912392,0.10083,-0.907353,-1.357561
1.24012401240124,-0.857027,1.262875,-0.114755
1.241124112411241,0.58085,-0.851084,1.470841
1.2421242124212422,-1.254227,0.963324,-0.092001
1.2431243124312432,1.217069,-0.421246,-1.153804
1.244124412441244,0.049731,0.110967,-0.578086
1.2451245124512451,-0.562121,-0.35828,0.63435
1.2461246124612462,0.848182,-0.726364,0.422619
1.2471247124712472,-1.186154,1.007721,-1.1824
1.248124812481248,0.636307,-1.012203,0.063117
1.2491249124912491,-1.11004,1.27397,0.852234
1.2501250125012502,0.606351,-1.011667,0.029104
1.251125112511251,-0.011689,0.011032,-0.723334
1.252125212521252,-0.201691,-0.153985,-0.230941
1.2531253125312531,1.220194,-0.358461,0.604058
1.2541254125412542,-1.044936,0.068683,0.034653
1.255125512551255,1.261944,-0.762081,-1.333558
1.256125612561256,-0.487469,0.891214,-0.758021
1.2571257125712572,0.85968,-0.237779,0.719455
1.2581258125812582,-0.05344,0.966738,1.059082
1.259125912591259,-0.170035,-0.497906,-1.378759
1.2601260126012601,0.525932,0.246428,-0.843732
1.2611261126112612,-0.949827,-0.142884,1.409032
1.2621262126212622,0.838313,-0.476064,0.522505
1.263126312631263,-0.669205,0.662046,-0.921695
1.2641264126412641,0.306462,-1.637015,-1.18676
1.2651265126512652,0.110179,1.194197,1.505185
1.266126612661266,-0.095569,-0.239301,0.926908
1.267126712671267,1.205044,0.783444,-0.285094
1.2681268126812681,-0.923125,-0.222018,-0.93555
1.2691269126912692,1.060071,-0.131453,0.897902
1.27012701270127,-0.376852,0.37862,1.236832
1.271127112711271,0.382556,-0.638581,-0.560476
1.2721272127212722,0.055903,0.537985,-0.918485
1.2731273127312732,-0.206511,-0.937886,1.022741
1.274127412741274,0.047381,0.489718,0.586707
1.2751275127512751,-0.540178,-0.342141,-0.465328
1.2761276127612762,0.577284,0.252507,-0.571968
1.2771277127712772,-0.837735,0.23594,0.947021
1.278127812781278,0.79093,-0.862578,0.872439
1.2791279127912791,0.17948,0.62605,0.372691
1.2801280128012802,0.591859,-0.872361,-0.959598
1.281128112811281,0.324128,1.14101,0.52368
1.282128212821282,-1.512598,-0.463579,0.805049
1.2831283128312831,1.115176,0.742894,-0.090036
1.2841284128412842,-0.63522,-0.231015,-0.439531
1.285128512851285,0.359281,-0.345823,0.141609
1.286128612861286,-0.28497,0.184992,0.907709
1.2871287128712872,0.189496,-0.373815,-0.020298
1.2881288128812882,0.831567,1.830997,-0.480429
1.289128912891289,-1.12289,-0.802378,-0.048207
1.2901290129012901,0.861292,0.836889,1.184829
1.2911291129112912,-1.206572,-0.78976,0.015743
1.2921292129212922,1.35119,0.669593,-1.148735
1.293129312931293,1.1e-05,0.361842,-0.329615
1.2941294129412941,-0.036369,-0.785329,1.303065
1.2951295129512952,-0.562146,0.693422,0.10788
1.296129612961296,-1.065355,-0.328604,-0.742779
1.297129712971297,1.142,0.872381,-0.200493
1.2981298129812981,-0.602746,-0.860516,0.991705
1.2991299129912992,0.973006,0.40261,0.097896
1.3001300130013,-0.49082,0.070257,-0.995113
1.301130113011301,-0.012175,-0.259326,-0.162428
1.3021302130213022,0.303783,0.430491,1.084203
1.3031303130313032,-1.00794,-1.066874,0.269934
1.304130413041304,0.887141,0.826818,-0.836601
1.3051305130513051,-0.81583,-0.47224,0.133471
1.3061306130613062,0.685214,0.753924,1.01147
1.3071307130713072,-0.244421,-1.019248,1.02154
1.308130813081308,-0.051163,0.70902,-1.357903
1.3091309130913091,0.019952,0.366611,-0.943305
1.3101310131013102,-0.622493,-1.119085,0.686243
1.311131113111311,1.232485,0.724713,0.662067
1.312131213121312,-1.035874,-0.599885,-0.970957
1.3131313131313131,1.110717,0.633368,-0.533053
1.3141314131413142,-0.455933,-1.406565,0.652594
1.315131513151315,0.459174,0.560742,0.647912
1.316131613161316,0.394626,0.417572,-1.189659
1.3171317131713172,-0.951139,-0.379813,-0.536137
1.3181318131813182,0.263998,0.238967,1.06361
1.319131913191319,-0.952713,-0.734865,0.576761
1.3201320132013201,0.966082,1.314319,-0.310183
1.3211321132113212,-0.887227,-1.257559,-0.240976
1.3221322132213222,0.495525,1.201598,1.312411
1.323132313231323,0.245541,-0.970331,0.836305
1.3241324132413241,-0.483541,-0.104791,-1.13789
1.3251325132513252,0.495203,0.713814,-1.165498
1.326132613261326,-1.121224,-0.418947,0.457748
1.327132713271327,0.878606,0.672648,0.710701
1.3281328132813282,-1.201024,-1.032749,0.185748
1.3291329132913292,0.544149,0.933154,-1.219172
1.33013301330133,-0.445028,-0.401049,0.110729
1.331133113311331,-0.408515,1.476973,0.627481
1.3321332133213322,1.19082,-0.214164,-0.801728
1.3331333133313332,-0.399021,-0.335388,-1.097992
1.334133413341334,0.944404,0.328466,-0.005366
1.3351335133513351,-0.802995,-1.766156,0.725673
1.3361336133613362,0.72434,0.951021,-0.055485
1.3371337133713372,-0.192828,-0.804871,-1.158767
1.338133813381338,-0.319319,0.791834,0.411022
1.3391339133913391,0.208626,-0.151385,1.374864
1.3401340134013402,-1.169921,-0.083031,0.2968
1.341134113411341,1.328948,0.464841,-1.04425
1.342134213421342,-0.788765,-0.291383,0.133955
1.3431343134313432,0.422365,0.955305,0.776906
1.3441344134413442,0.160884,-0.233304,0.495585
1.345134513451345,-0.012712,1.218084,-0.871412
1.346134613461346,0.31076,-0.927009,-0.06441
1.3471347134713472,-0.759961,0.844621,1.328941
1.3481348134813482,1.099653,0.157283,0.72583
1.349134913491349,-1.24473,-0.239118,-1.33392
1.3501350135013501,0.799051,0.135225,-0.552797
1.3511351135113512,-0.004165,-0.96743,1.036573
1.3521352135213522,0.334185,0.623184,0.320438
1.353135313531353,0.432014,-1.102454,-0.633431
1.3541354135413541,-1.051391,0.790736,0.157575
1.3551355135513552,1.35297,-0.734452,1.039777
1.356135613561356,-0.761595,0.505689,0.651496
1.357135713571357,1.153958,-0.154281,-0.528413
1.3581358135813582,-0.584373,-0.522584,0.031223
1.3591359135913592,-0.265256,0.048483,0.803297
1.36013601360136,0.753037,-0.960011,0.862779
1.361136113611361,-1.153168,1.341408,-1.263874
1.3621362136213622,1.199912,-0.938743,-1.505039
1.3631363136313632,-1.115784,0.545606,1.167706
1.364136413641364,1.064727,0.035779,0.881756
1.3651365136513651,-0.123048,-0.283768,-1.142586
1.3661366136613662,-0.848851,-0.130048,-0.882512
1.3671367136713672,-0.360531,-0.866186,0.715842
1.368136813681368,-0.795126,1.477868,0.437865
1.3691369136913691,0.758529,-1.036689,-0.604251
1.3701370137013702,-1.354054,0.435977,-1.040041
1.371137113711371,0.72238,-0.654458,0.810471
1.372137213721372,-0.720057,0.143975,0.193455
1.3731373137313732,-0.221084,-0.166508,-0.663305
1.3741374137413742,0.174048,-0.549946,-0.621747
1.375137513751375,-1.027181,1.15764,0.000177
1.376137613761376,0.969282,-0.633488,0.998263
1.3771377137713772,-1.142022,0.659173,-1.028916
1.3781378137813782,1.315405,-0.871873,-1.365657
1.379137913791379,-0.70295,0.401277,0.728087
1.3801380138013801,-0.278985,0.361189,0.63528
1.3811381138113812,0.569296,-0.366757,-0.412007
1.3821382138213822,-0.706779,0.858081,-0.633102
1.383138313831383,1.158147,-0.900201,0.548811
1.3841384138413841,-0.842032,0.789355,1.021841
1.3851385138513852,0.500554,-1.158131,-0.139335
1.386138613861386,-0.405796,1.316716,-1.084196
1.387138713871387,0.612192,-0.048059,0.216147
1.3881388138813882,-0.167303,-0.135302,0.833441
1.3891389138913892,-0.87985,0.159958,0.15343
1.39013901390139,0.614476,-0.765803,-0.808056
1.3911391139113911,-0.902493,0.809385,0.019729
1.3921392139213922,0.939827,-1.429435,0.414809
1.3931393139313932,-0.75722,1.150048,-0.122398
1.394139413941394,0.795866,-1.122674,-1.125475
1.3951395139513951,0.249149,0.554679,-0.323014
1.3961396139613962,-0.706195,0.478067,0.664245
1.3971397139713972,0.844842,-0.130662,0.009302
1.398139813981398,-0.737647,0.560632,-0.727607
1.3991399139913991,0.472128,-0.343137,-0.424726
1.4001400140014002,-0.586798,0.77901,0.82759
1.401140114011401,0.705632,-1.154684,0.197785
1.402140214021402,0.187705,0.935623,-0.916908
1.4031403140314032,-0.831885,-0.14564,-0.653633
1.4041404140414042,0.641289,0.178547,1.024363
1.405140514051405,-0.739571,-0.371626,0.610433
1.4061406140614061,1.019441,-0.835327,-0.712415
1.4071407140714072,-0.879776,1.053056,-0.211467
1.4081408140814082,0.614459,-0.967761,1.081552
1.409140914091409,0.164257,0.834787,0.037518
1.4101410141014101,-0.463997,-0.93269,-1.08026
1.4111411141114112,0.350301,0.620587,-0.350788
1.4121412141214122,-1.16263,-0.360272,0.84009
1.413141314131413,1.512892,0.144444,0.414078
1.4141414141414141,-0.509505,1.146627,-0.927259
1.4151415141514152,0.28832,-0.983336,-0.755774
1.416141614161416,0.070861,0.640025,0.954191
1.417141714171417,-0.267463,-1.246627,1.049272
1.4181418141814182,0.70942,0.791931,-0.33608
1.4191419141914192,-1.14971,-0.360404,-1.236057
1.42014201420142,0.461751,-0.135338,1.087881
1.4211421142114211,-0.794997,0.763515,0.627968
1.4221422142214222,1.357094,-0.696483,-0.427624
1.4231423142314232,-0.567651,0.450009,-0.610446
1.424142414241424,-0.341849,-1.040964,1.167069
1.4251425142514251,0.412194,0.275524,0.847233
1.4261426142614262,-0.876536,-0.861752,-0.916015
1.4271427142714272,1.299119,0.639409,-0.741675
1.428142814281428,-0.574096,-0.178621,0.468839
1.4291429142914291,0.13702,-0.727791,0.451576
1.4301430143014302,-0.178386,-0.051969,-0.438074
1.431143114311431,-0.217014,-1.611683,-0.999025
1.432143214321432,0.427944,1.172655,0.144698
1.4331433143314332,-1.033765,-0.914723,1.141095
1.4341434143414342,0.713003,1.155869,-0.583669
1.435143514351435,-0.613553,-0.382303,-0.861476
1.4361436143614361,0.757935,0.535309,0.382321
1.4371437143714372,0.25424,0.211804,1.514884
1.4381438143814382,0.236261,-1.213507,-0.207229
1.439143914391439,0.420982,1.145516,-0.596178
1.4401440144014401,-0.802877,-1.045949,0.302675
1.4411441144114412,0.599503,1.664642,1.045811
1.4421442144214422,-0.825328,-0.528465,0.040151
1.443144314431443,1.101063,0.531743,-0.864311
1.4441444144414441,-0.760024,-0.176366,0.862939
1.4451445144514452,-0.020138,-0.563048,0.851127
1.446144614461446,0.163135,0.734216,-0.669994
1.447144714471447,-0.615362,-0.978624,-1.289915
1.4481448144814482,1.04348,0.683639,-0.125058
1.4491449144914492,-0.740884,-1.116293,0.908647
1.45014501450145,0.863036,1.05549,0.365633
1.4511451145114511,-0.576945,-0.203744,-1.37567
1.4521452145214522,0.246664,-0.119756,0.007112
1.4531453145314532,-0.281477,0.392419,0.716017
1.454145414541454,-0.351266,-1.085584,0.129834
1.4551455145514551,1.061099,0.51942,-1.007806
1.4561456145614562,-1.275246,-0.746929,-0.340357
1.4571457145714573,1.471648,1.208125,0.683257
1.458145814581458,-0.252371,-0.585426,0.376927
1.4591459145914591,-0.001346,1.440621,-0.84783
1.4601460146014602,-0.161431,0.047014,-0.221505
1.461146114611461,-1.181111,-0.36373,0.867851
1.462146214621462,1.100878,0.777932,-0.625557
1.4631463146314632,-0.627942,-1.021277,-0.545294
1.4641464146414642,1.049779,1.119924,-0.626145
1.465146514651465,-0.4142,-0.938237,0.817192
1.4661466146614661,0.52452,0.740459,0.542014
1.4671467146714672,0.18929,-0.094219,-0.754516
1.4681468146814682,-0.983095,0.303626,-1.317814
1.469146914691469,0.477677,0.729034,0.846053
1.4701470147014701,-0.273863,-1.042046,0.53638
1.4711471147114712,0.950915,0.395381,-0.517004
1.4721472147214723,-0.888781,-1.008729,-0.325462
1.473147314731473,-0.014949,1.372425,0.961259
1.4741474147414741,0.287169,-0.80922,0.269791
1.4751475147514752,-0.775843,0.792219,-0.723227
1.476147614761476,1.410422,0.158619,-1.130776
1.477147714771477,-0.648768,-0.66162,0.702263
1.4781478147814782,0.741934,0.798745,0.783723
1.4791479147914792,-1.249308,-1.183468,-0.722869
1.48014801480148,0.445844,1.334534,-0.463351
1.4811481148114811,0.39446,-0.822265,0.508871
1.4821482148214822,0.174843,1.026388,1.257377
1.4831483148314832,0.707167,-0.262001,-0.23018
1.484148414841484,-0.812037,-0.184672,-1.265909
1.4851485148514851,1.180957,0.169149,0.452495
1.4861486148614862,-0.758894,-0.762098,0.897768
1.4871487148714873,1.107657,1.305447,0.198829
1.488148814881488,0.402314,-1.035895,-1.505178
1.4891489148914892,-0.13513,0.803799,0.130504
1.4901490149014902,0.866606,-0.406591,0.936994
1.491149114911491,-1.041852,0.438969,0.050024
1.492149214921492,0.559325,0.191184,-0.792203
1.4931493149314932,-0.744863,-0.856492,1.035798
1.4941494149414942,0.711173,0.94567,0.824751
1.495149514951495,0.009404,-0.428624,0.237865
1.4961496149614961,-0.998651,1.308105,-1.093319
1.4971497149714972,0.425889,-1.026591,-0.085283
1.4981498149814982,-1.30542,0.567354,0.267424
1.499149914991499,0.979906,-0.137957,-0.136913
1.5001500150015001,-1.186384,0.96239,-0.905315
1.5011501150115012,0.94377,-0.238063,-0.178362
1.5021502150215023,-0.178725,-0.623012,1.27303
1.503150315031503,-0.191866,0.967475,0.134886
1.5041504150415042,0.26738,-0.744874,-0.538686
1.5051505150515052,-1.140226,1.126655,-0.247454
1.506150615061506,0.991477,-0.656891,0.706975
1.507150715071507,-0.611981,1.200594,0.219142
1.5081508150815082,1.217202,0.054846,-0.971891
1.5091509150915092,-0.001467,-0.508627,-0.202475
1.51015101510151,0.423966,0.493442,0.619389
1.5111511151115111,0.313755,-1.559078,0.2046
1.5121512151215122,-1.04381,1.056306,-1.047138
1.5131513151315132,0.875411,-0.672137,-0.376104
1.514151415141514,-0.386453,1.244864,0.660452
1.5151515151515151,0.663864,-0.154303,0.397719
1.5161516151615162,-0.686235,0.424552,-1.007604
1.5171517151715173,-0.256414,-0.07396,-0.916389
1.518151815181518,0.142402,-1.07503,0.585368
1.5191519151915192,-0.91761,0.238363,0.11524
1.5201520152015202,0.890439,-0.70876,-0.651383
1.521152115211521,-0.961351,0.951546,-0.749243
1.522152215221522,1.368194,-0.142543,0.380466
1.5231523152315232,-0.34366,0.390501,0.651085
1.5241524152415242,-0.079047,0.467115,-0.960182
1.525152515251525,-0.052796,-0.712387,-0.783434
1.5261526152615261,-0.837423,0.68194,0.146424
1.5271527152715272,0.745982,-1.202106,0.313326
1.5281528152815282,-0.730339,0.31001,-0.606487
1.529152915291529,1.285421,-1.715127,-0.853457
1.5301530153015301,-0.357555,0.884294,0.426095
1.5311531153115312,0.558563,-0.386118,0.906788
1.5321532153215323,-0.293722,0.178815,-0.410973
1.533153315331533,-1.268153,0.741775,-1.171409
1.5341534153415342,1.216584,-1.072487,0.132377
1.5351535153515352,-0.608799,1.031585,0.925329
1.536153615361536,1.163385,-1.266585,-0.814157
1.537153715371537,-1.012555,1.041527,-0.561481
1.5381538153815382,0.491741,-0.191703,0.12645
1.5391539153915392,0.380684,0.116345,1.017382
1.54015401540154,-0.803897,-0.210084,-0.095098
1.5411541154115411,0.652075,-0.370647,-1.049179
1.5421542154215422,-1.408402,0.23171,0.511705
1.5431543154315432,1.145795,-0.826553,0.921118
1.544154415441544,-0.289092,0.878396,-0.515035
1.5451545154515451,0.647209,-1.113863,-1.184936
1.5461546154615462,0.075809,1.007041,0.288456
1.5471547154715473,-0.484849,-0.225189,1.124436
1.548154815481548,0.401347,0.103691,-0.593746
1.5491549154915492,-1.122325,0.744096,-0.88214
1.5501550155015502,0.916722,-0.660365,-0.53447
1.5511551155115513,-0.737615,0.923187,1.096651
1.5521552155215521,0.041317,-0.860806,0.153612
1.5531553155315532,-0.619908,1.245709,-1.17445
1.5541554155415542,-0.578113,-0.957894,-0.552401
1.555155515551555,0.607715,0.60545,0.900581
1.5561556155615561,-0.540948,0.037933,0.879076
1.5571557155715572,0.534992,-0.649525,-1.379712
1.5581558155815582,-1.097707,0.148805,0.013315
1.559155915591559,0.524913,-0.593704,1.100702
1.5601560156015601,-0.55681,0.798211,0.011401
1.5611561156115612,-1.028654,-1.140376,-0.110577
1.5621562156215623,0.469839,0.483529,-0.487303
1.563156315631563,-1.007248,-0.219607,1.182896
1.5641564156415642,1.716944,-0.077724,1.174432
1.5651565156515652,-0.542524,0.014628,-1.474839
1.5661566156615663,0.879178,-0.601003,-0.146584
1.5671567156715671,0.013753,1.089867,1.131954
1.5681568156815682,-0.692699,-0.673937,0.611076
1.5691569156915692,0.457092,1.060234,-1.092346
1.57015701570157,-1.35609,-0.625072,-0.417463
1.5711571157115711,1.322354,0.443866,0.805094
1.5721572157215722,-1.073726,0.013649,0.752241
1.5731573157315732,0.636593,-0.478095,-0.439171
1.574157415741574,-0.017626,0.962711,-0.795219
1.5751575157515751,-0.402054,-0.882912,1.078326
1.5761576157615762,0.426915,1.290652,0.414968
1.5771577157715773,-0.770456,-0.917986,-0.479206
1.578157815781578,1.116476,0.578133,-1.263186
1.5791579157915792,-0.671626,-0.062052,0.680679
1.5801580158015802,0.666362,0.122171,0.6363
1.5811581158115813,-0.620453,0.193427,-0.625884
1.5821582158215821,-0.079149,-0.272911,-0.938984
1.5831583158315832,0.03309,1.256405,0.864689
1.5841584158415842,-0.704265,-0.767076,0.707577
1.585158515851585,0.995813,0.926633,-0.39046
1.5861586158615861,-1.460274,-0.465841,-0.722735
1.5871587158715872,1.023245,0.337115,0.74274
1.5881588158815882,-0.988825,-0.282106,0.847463
1.589158915891589,-0.013852,-0.857556,0.153715
1.5901590159015901,0.539218,0.783274,-1.122238
1.5911591159115912,-0.859306,-0.857144,0.526752
1.5921592159215923,1.123255,0.805583,0.904962
1.593159315931593,-0.88555,-0.677357,0.072348
1.5941594159415942,1.036287,0.626357,-1.297946
1.5951595159515952,-0.538133,0.053185,0.241591
1.5961596159615963,0.014104,-0.535321,0.845895
1.5971597159715971,0.529169,0.199071,0.425698
1.5981598159815982,-1.270561,-0.702335,-1.12461
1.5991599159915992,1.109147,0.488039,-0.281576
1.6001600160016,-1.025988,-1.409229,1.863222
1.6011601160116011,0.772307,0.898253,0.169023
1.6021602160216022,-0.693261,0.425623,-0.560492
1.6031603160316032,0.283534,-0.000959,-0.503795
1.604160416041604,-0.19316,-0.151839,1.251339
1.6051605160516051,-0.872678,-0.988219,0.4451
1.6061606160616062,1.405598,0.549504,-1.186894
1.6071607160716073,-0.801662,-1.057923,-0.686528
1.608160816081608,1.084572,0.804575,0.902617
1.6091609160916092,-0.717341,-0.958903,0.26764
1.6101610161016102,0.409909,-0.116244,-0.752521
1.6111611161116113,0.017956,-0.618325,-0.288133
1.6121612161216121,-0.749237,-0.237682,0.526546
1.6131613161316132,0.911606,0.488795,1.225429
1.6141614161416142,-0.706825,-0.914727,-1.187525
1.615161516151615,1.061133,1.083759,-0.725624
1.6161616161616161,-0.591714,-1.226638,0.436396
1.6171617161716172,0.055867,0.586598,0.777621
1.6181618161816183,0.412085,-0.299154,-1.298614
1.619161916191619,-0.971794,0.20591,-0.990485
1.6201620162016201,0.66652,0.191758,1.219778
1.6211621162116212,-0.804462,-0.197637,0.007143
1.6221622162216223,1.025789,0.054399,-0.665421
1.623162316231623,-0.765256,-0.929829,-0.949589
1.6241624162416242,0.213098,0.998757,0.414438
1.6251625162516252,-0.142997,-0.643048,0.543754
1.6261626162616263,-0.313863,0.113967,-0.565081
1.6271627162716271,0.315795,0.240809,-0.650611
1.6281628162816282,-0.630253,-0.025031,0.707094
1.6291629162916292,0.851578,0.351888,1.066211
1.63016301630163,-0.028593,-0.905879,-0.435773
1.6311631163116311,0.7942,1.26639,-1.428622
1.6321632163216322,0.07812,-1.071816,0.495159
1.6331633163316333,-0.024999,1.25289,0.747226
1.634163416341634,1.1245,-0.102744,-0.963511
1.6351635163516351,-0.759936,0.105971,-0.9045
1.6361636163616362,1.027138,0.271186,0.267397
1.6371637163716373,-0.759463,-0.834192,1.477536
1.638163816381638,0.861442,0.805647,-0.268129
1.6391639163916392,-0.447952,-1.316252,-0.860876
1.6401640164016402,-0.480739,1.537306,0.250459
1.6411641164116413,0.931671,-1.207487,1.146219
1.6421642164216421,-0.575533,0.756191,-0.281513
1.6431643164316432,1.635094,-0.640334,-0.892893
1.6441644164416442,-1.101669,-0.200602,0.023086
1.645164516451645,0.445424,0.316698,0.85867
1.6461646164616461,-0.089292,-1.013749,-0.23867
1.6471647164716472,-0.597472,0.528997,-1.306655
1.6481648164816483,0.173977,-0.637445,0.209799
1.649164916491649,-0.87933,0.973941,0.961789
1.6501650165016502,1.101263,-0.396563,-0.118383
1.6511651165116512,-0.785918,0.192218,-0.742263
1.6521652165216523,0.380287,0.133969,-0.13549
1.653165316531653,0.168844,-0.975823,1.201889
1.6541654165416542,-0.108623,0.81436,0.060918
1.6551655165516552,0.376132,-1.285843,-0.621139
1.6561656165616563,-1.199525,0.41433,-0.745421
1.6571657165716571,0.97683,-0.540895,0.915486
1.6581658165816582,-0.985627,0.689211,-0.148211
1.6591659165916592,1.236824,0.005264,-1.633038
1.66016601660166,-0.23593,-0.486614,-0.372735
1.6611661166116611,0.267594,0.653152,1.255638
1.6621662166216622,0.053437,-0.722622,0.300603
1.6631663166316633,-0.572183,0.949541,-1.313395
1.664166416641664,0.550901,-1.148492,-0.49692
1.6651665166516652,-0.760437,1.292588,1.056101
1.6661666166616662,1.301933,-0.514404,-0.190208
1.6671667166716673,-0.386157,-0.038927,-0.544351
1.668166816681668,0.583207,0.162812,-0.179057
1.6691669166916692,1.085886,-0.522817,0.838963
1.6701670167016702,-1.020784,0.752482,0.680387
1.6711671167116713,0.748471,-1.008716,-0.635431
1.6721672167216721,-0.273528,1.285359,-0.466862
1.6731673167316732,1.156988,-0.309932,0.91087
1.6741674167416742,-0.124742,0.601623,0.261453
1.675167516751675,0.68183,-0.064846,-0.817328
1.6761676167616761,0.609713,-0.088047,-0.688197
1.6771677167716772,-0.703261,0.5511,0.999896
1.6781678167816783,1.30239,-0.392903,0.549701
1.679167916791679,-0.817329,0.36499,-0.957396
1.6801680168016802,1.614894,-0.83326,-1.419155
1.6811681168116812,-1.018757,0.703691,0.635715
1.6821682168216823,0.436436,-0.109651,0.616647
1.683168316831683,0.40638,-0.152748,-0.560174
1.6841684168416842,-0.798802,0.14444,-1.210828
1.6851685168516852,0.927604,-0.045144,0.474274
1.6861686168616863,-0.654721,1.138115,0.593333
1.6871687168716871,0.618131,-0.64673,-0.348611
1.6881688168816882,-0.538684,0.719705,-1.109547
1.6891689168916892,0.028222,-0.852448,0.508853
1.69016901690169,0.260285,0.545803,0.828284
1.6911691169116911,-1.180395,-0.557244,0.008528
1.6921692169216922,0.599489,-0.257965,-0.95824
1.6931693169316933,-0.756136,0.428106,0.353764
1.694169416941694,0.957664,-0.837514,0.936131
1.6951695169516952,-0.498356,0.173823,-0.406752
1.6961696169616962,0.176044,-1.233353,-1.256159
1.6971697169716973,-0.187575,0.770389,0.187228
1.698169816981698,-0.818511,-1.007784,1.095163
1.6991699169916992,0.245182,0.312214,0.079335
1.7001700170017002,-0.850533,0.441437,-0.983587
1.7011701170117013,1.427653,-0.324326,0.079307
1.7021702170217021,-0.717116,0.4988,1.3515
1.7031703170317032,0.772872,-1.057948,0.199518
1.7041704170417042,-0.008015,1.074108,-0.813827
1.705170517051705,-0.484587,-0.658706,0.098046
1.7061706170617061,0.645894,0.145207,1.07409
1.7071707170717072,-1.281348,-0.620852,0.325326
1.7081708170817083,1.458557,-0.374971,-0.580904
1.709170917091709,-0.22585,0.680156,-0.153924
1.7101710171017102,0.184083,-0.578864,0.944527
1.7111711171117112,-0.021865,0.994901,0.439372
1.7121712171217123,-0.054122,-0.877177,-0.997727
1.7131713171317131,0.376161,0.79802,-0.512133
1.7141714171417142,-0.618854,-0.479393,1.109162
1.7151715171517152,1.295847,0.076751,0.571504
1.7161716171617163,-0.955886,0.914267,-0.876393
1.7171717171717171,0.531792,-0.974236,-0.261284
1.7181718171817182,-0.047378,0.639564,0.904651
1.7191719171917192,-0.553544,-0.601211,-0.292537
1.72017201720172,0.454284,0.687211,-0.742062
1.7211721172117211,-0.644127,-0.429408,-0.541787
1.7221722172217222,1.186992,0.376172,0.454252
1.7231723172317233,-0.480789,-0.299049,0.435561
1.724172417241724,0.852352,-0.381237,-0.961802
1.7251725172517252,-0.729281,1.004126,-1.371145
1.7261726172617262,0.222754,-0.703493,0.485264
1.7271727172717273,-0.024319,1.176476,0.336715
1.7281728172817281,-0.7114,-1.26265,-0.084783
1.7291729172917292,1.663898,0.972839,-0.758251
1.7301730173017302,-0.614544,-0.354468,0.882029
1.7311731173117313,0.635903,-0.103068,0.467765
1.7321732173217321,0.540032,0.41989,-0.688339
1.7331733173317332,-0.735749,-0.780831,-0.892259
1.7341734173417342,0.449755,0.852543,0.175919
1.735173517351735,-1.220204,-0.656577,1.215193
1.7361736173617361,1.019778,0.904683,-0.861484
1.7371737173717372,-0.967591,-0.88802,-1.284846
1.7381738173817383,1.141599,0.794076,0.665372
1.739173917391739,-0.082744,-0.236058,0.529028
1.7401740174017402,-0.391371,-0.513592,-0.536223
1.7411741174117412,0.500882,0.557866,-1.118276
1.7421742174217423,-1.374219,-0.890356,0.396763
1.7431743174317431,0.988214,1.113803,0.425192
1.7441744174417442,-1.509234,-0.498685,-0.296268
1.7451745174517452,0.860324,0.677206,-1.420163
1.7461746174617463,-0.687507,0.223532,0.313053
1.7471747174717471,-0.243103,0.176562,1.165758
1.7481748174817482,-0.016434,0.252676,-0.144453
1.7491749174917492,-0.761708,-0.931926,-0.962707
1.75017501750175,1.088977,0.849025,0.084433
1.7511751175117511,-1.318392,-0.43814,0.801669
1.7521752175217522,1.00975,0.472037,-0.117469
1.7531753175317533,-0.54129,-0.598831,-0.685434
1.754175417541754,0.174311,0.698289,-0.186174
1.7551755175517552,0.698299,-0.22422,1.261748
1.7561756175617562,-0.965522,-0.84056,0.020737
1.7571757175717573,0.826922,0.676631,-0.987416
1.7581758175817581,-0.733242,-0.78192,0.181844
1.7591759175917592,0.855865,1.31278,0.996925
1.7601760176017602,-0.495542,-1.247905,0.070457
1.7611761176117613,0.405769,0.79072,-0.89586
1.7621762176217621,0.217652,-0.557137,-0.189565
1.7631763176317632,-0.869738,0.210009,1.12494
1.7641764176417642,0.990942,-0.061507,0.123555
1.765176517651765,-0.740266,-1.35654,-0.679951
1.7661766176617661,0.932569,0.806941,-0.376267
1.7671767176717672,-0.299899,-0.598438,0.738599
1.7681768176817683,0.416402,0.903578,0.587206
1.769176917691769,0.445589,-0.977752,-0.492017
1.7701770177017702,-0.606255,0.807982,-0.284946
1.7711771177117712,1.099898,-0.047629,1.579773
1.7721772177217723,-1.499931,-0.657205,-0.333088
1.7731773177317731,1.244183,0.433835,-0.472855
1.7741774177417742,-0.718005,-0.566961,-1.050141
1.7751775177517752,0.607994,1.141267,1.170639
1.7761776177617763,0.040771,-0.790852,0.371296
1.7771777177717771,-0.205733,0.882342,-1.159303
1.7781778177817782,1.192267,-0.273919,-1.157818
1.7791779177917793,-0.672444,0.146102,0.113878
1.78017801780178,1.254476,0.569809,-0.306415
1.7811781178117811,-1.030388,-1.116378,-0.405792
1.7821782178217822,0.32673,0.762424,-1.062297
1.7831783178317833,0.372617,-1.080354,0.631121
1.784178417841784,-0.048438,0.743919,0.01303
1.7851785178517852,0.847903,-1.426739,-0.560751
1.7861786178617862,-0.728961,0.225352,-0.621131
1.7871787178717873,0.921567,-0.376447,0.571646
1.7881788178817881,-0.77068,-0.489242,0.755061
1.7891789178917892,0.749368,0.757617,-0.161495
1.7901790179017902,-0.096839,-0.597028,-1.27984
1.7911791179117913,-0.646269,1.151758,0.982096
1.7921792179217921,0.598583,-0.266474,-0.041376
1.7931793179317932,-1.046231,1.028535,-0.609166
1.7941794179417943,0.483474,-0.190639,-1.31492
1.795179517951795,-1.37683,0.398081,0.94928
1.7961796179617961,0.266723,0.710257,0.913246
1.7971797179717972,-0.538044,-1.220709,-0.345905
1.7981798179817983,-0.350045,1.055875,-1.42043
1.799179917991799,0.02426,-0.638466,0.158379
1.8001800180018002,-1.231444,1.17388,1.494623
1.8011801180118012,0.61501,-0.624573,-0.263598
1.8021802180218023,-0.805032,0.183635,-0.644046
1.8031803180318031,0.211484,-0.199902,0.347434
1.8041804180418042,-0.266792,-0.252853,1.099385
1.8051805180518052,-0.089109,0.668801,0.189572
1.8061806180618063,0.45814,-1.092838,-0.802109
1.8071807180718071,-1.332158,0.0334,-0.081846
1.8081808180818082,1.275434,-1.195081,0.405515
1.8091809180918093,-1.346596,1.003985,-0.151068
1.81018101810181,0.525983,-0.452632,-0.967071
1.8111811181118112,-0.292591,0.332481,-0.5053
1.8121812181218122,0.267861,0.332999,1.582781
1.8131813181318133,0.803513,-0.845192,0.158282
1.814181418141814,-0.892483,1.118333,-0.845006
1.8151815181518152,0.2169,-0.824615,0.088574
1.8161816181618162,-1.345723,0.845697,0.839361
1.8171817181718173,0.776714,-0.716793,0.486627
1.8181818181818181,-0.025441,0.859022,-0.526573
1.8191819181918192,0.224631,0.294517,-0.586952
1.8201820182018202,0.044176,-0.555876,0.997788
1.8211821182118213,-1.185149,0.877235,0.468351
1.8221822182218221,0.71774,-1.282351,-1.044146
1.8231823182318232,-1.081174,1.127513,-0.608142
1.8241824182418243,0.444332,-0.991219,0.813398
1.825182518251825,-0.241102,0.660845,0.298609
1.8261826182618262,-0.26247,-0.309943,-0.633554
1.8271827182718272,0.204611,0.103226,-1.174301
1.8281828182818283,-1.343964,0.550384,0.597971
1.829182918291829,1.093928,-1.212924,0.727356
1.8301830183018302,-0.963207,0.373124,-1.180294
1.8311831183118312,1.300888,-1.008995,-0.568708
1.8321832183218323,-0.671884,1.265698,0.550391
1.8331833183318331,-0.116112,-0.078631,0.420629
1.8341834183418342,0.793803,-0.120352,-0.451968
1.8351835183518352,-0.917024,-0.157884,-0.811038
1.8361836183618363,1.042296,-0.544476,0.215016
1.8371837183718371,-0.895365,0.469239,0.54591
1.8381838183818382,0.529362,-1.008158,-1.073039
1.8391839183918393,-0.182763,1.089616,-1.039523
1.84018401840184,0.354916,-0.99277,0.833514
1.8411841184118412,-0.053303,0.204963,0.355884
1.8421842184218422,-0.528298,-0.693769,-0.335809
1.8431843184318433,0.646934,0.276987,-1.12526
1.844184418441844,-1.117737,0.877512,0.411
1.8451845184518452,0.921499,-0.784102,-0.023919
1.8461846184618462,-0.454143,0.60459,-0.693594
1.8471847184718473,0.491351,-0.98729,-0.449446
1.8481848184818481,0.242771,1.250917,0.501296
1.8491849184918492,-0.809891,-0.029458,1.156313
1.8501850185018502,1.191003,0.477703,-0.078447
1.8511851185118513,-0.915277,0.25373,-0.033039
1.8521852185218521,1.323432,-0.489191,0.074225
1.8531853185318532,-0.613092,0.749093,0.815524
1.8541854185418543,0.783795,-1.351834,-0.387447
1.855185518551855,0.074214,0.945618,-0.630457
1.8561856185618562,-0.662642,-1.72751,0.354367
1.8571857185718572,0.616636,0.467554,0.373138
1.8581858185818583,-0.95052,-0.041289,-0.286951
1.859185918591859,1.078123,-0.18424,-0.903962
1.8601860186018602,-0.598753,0.593337,0.035682
1.8611861186118612,0.416414,-1.066425,1.030287
1.8621862186218623,0.002598,0.577826,-0.231182
1.8631863186318631,-0.149373,-1.21968,-1.016752
1.8641864186418642,1.081079,0.662783,-0.328721
1.8651865186518652,-0.271031,-0.288167,0.794253
1.8661866186618663,0.867836,-0.072639,0.823484
1.8671867186718671,-0.72973,0.328822,-0.991693
1.8681868186818682,0.606864,-0.360899,-0.286919
1.8691869186918693,-0.491689,0.935215,1.530144
1.87018701870187,-0.099631,-1.546637,0.429261
1.8711871187118712,0.639338,1.106091,-0.466966
1.8721872187218722,-0.718359,-0.653734,-0.526904
1.8731873187318733,0.408231,0.635881,1.138934
1.8741874187418741,-0.567809,-0.471756,1.043037
1.8751875187518752,0.738836,-0.077596,-0.575718
1.8761876187618762,-0.440743,0.294763,-0.537628
1.8771877187718773,-0.064757,-0.934159,0.984803
1.8781878187818781,-0.14593,0.857898,0.88665
1.8791879187918792,-0.800184,-0.678921,-0.481555
1.8801880188018802,1.175701,0.982486,-1.04682
1.8811881188118813,-1.588686,-0.895974,0.433218
1.8821882188218821,0.781074,0.276358,0.210688
1.8831883188318832,-0.034862,0.260801,-1.112266
1.8841884188418843,0.023148,-0.798422,-0.752054
1.885188518851885,0.240069,0.911247,0.772864
1.8861886188618862,-0.196031,-0.830197,0.466881
1.8871887188718872,0.85379,1.469255,-0.30056
1.8881888188818883,-1.226455,-0.80204,-0.951936
1.8891889188918891,1.143954,0.153669,1.033808
1.8901890189018902,0.127514,-0.34589,0.296167
1.8911891189118912,-0.114806,0.284453,-0.79628
1.8921892189218923,0.142149,0.50831,-1.116938
1.8931893189318931,-0.315587,-0.611694,0.403137
1.8941894189418942,0.912486,1.02428,0.905843
1.8951895189518952,-1.189644,-0.168627,0.209219
1.8961896189618963,1.270104,0.698402,-0.977325
1.8971897189718971,-0.643858,-0.249326,0.908566
1.8981898189818982,-0.20503,0.226984,0.749995
1.8991899189918993,-0.110613,0.123306,-0.736114
1.9001900190019,-0.632809,-0.17811,-1.275647
1.9011901190119012,0.794438,0.366792,0.765897
1.9021902190219022,-1.199395,-1.321201,1.331711
1.9031903190319033,1.469542,0.58427,0.578326
1.9041904190419041,-0.187139,-1.027468,-0.626173
1.9051905190519052,0.447231,0.652005,-0.006522
1.9061906190619062,0.216577,-0.183231,0.841516
1.9071907190719073,-0.574046,-0.034345,-0.199261
1.9081908190819081,1.474465,0.360175,-0.151416
1.9091909190919092,-1.111747,-1.095373,-0.165613
1.9101910191019102,0.535295,0.548588,1.146014
1.9111911191119113,-0.205538,-0.801211,-0.071912
1.9121912191219121,0.374638,1.01457,-1.361638
1.9131913191319132,-0.180793,-0.568932,0.144301
1.9141914191419143,-0.993584,0.33888,0.428485
1.915191519151915,1.033712,-0.055914,-0.204621
1.9161916191619162,-1.181186,-0.860159,-1.061531
1.9171917191719172,0.972966,0.909197,-0.214812
1.9181918191819183,-0.80899,-0.987878,0.547237
1.9191919191919191,0.358284,0.893809,0.033547
1.9201920192019202,-0.174561,-0.751257,-0.711646
1.9211921192119212,-0.478761,0.761458,-0.297998
1.9221922192219223,0.877215,-0.045287,0.846963
1.9231923192319231,-0.667413,-0.0681,0.119912
1.9241924192419242,1.210406,0.448371,-0.754686
1.9251925192519252,-0.714021,-0.964756,-0.441173
1.9261926192619263,0.441235,0.604249,0.594654
1.9271927192719271,-0.130257,-0.555161,0.426245
1.9281928192819282,-0.530281,1.005322,-0.952086
1.9291929192919293,0.717667,-0.312075,-0.673561
1.93019301930193,-1.157908,0.378871,0.817251
1.9311931193119312,0.832076,0.144731,0.480678
1.9321932193219322,-0.841504,-0.794912,-0.791104
1.9331933193319333,-0.23129,1.136352,-0.548312
1.9341934193419341,0.098469,-0.912693,0.462056
1.9351935193519352,-0.67775,1.220627,0.206349
1.9361936193619362,0.481881,-0.55987,-0.323574
1.9371937193719373,-0.686845,0.83164,-1.363354
1.9381938193819381,0.819277,-0.393381,0.335281
1.9391939193919392,-0.235239,0.140974,0.153512
1.9401940194019403,1.017109,0.242523,-0.384928
1.9411941194119413,0.346463,-0.855286,-1.25705
1.9421942194219421,-0.565007,0.737807,1.105939
1.9431943194319432,0.757356,-0.594949,0.948764
1.9441944194419443,-1.140262,1.22103,-0.251669
1.945194519451945,1.243306,-1.080072,-1.184393
1.9461946194619462,-1.173636,0.932919,0.385054
1.9471947194719472,1.247632,-0.08288,0.538986
1.9481948194819483,-0.317838,-0.949796,-0.182892
1.9491949194919491,0.028901,0.061519,-0.877736
1.9501950195019502,0.647558,-1.308197,-0.070362
1.9511951195119512,-0.590034,1.137279,0.777209
1.9521952195219523,1.320151,-0.8586,-0.153159
1.9531953195319531,-0.559085,0.660856,-0.961185
1.9541954195419542,0.596518,-0.791198,0.354364
1.9551955195519553,-0.512665,-0.217293,1.170738
1.9561956195619563,-0.193261,0.394863,-0.502136
1.9571957195719571,0.619277,-0.810035,-1.522871
1.9581958195819582,-1.418493,0.851555,-0.147881
1.9591959195919593,0.67303,-0.553489,1.152472
1.96019601960196,-0.51541,1.134125,-0.250163
1.9611961196119612,0.720729,-0.6446,-0.88922
1.9621962196219622,-0.300451,0.273698,0.2494
1.9631963196319633,0.441759,0.235696,0.560306
1.9641964196419641,0.418793,-0.339751,0.251547
1.9651965196519652,-1.033645,0.517643,-1.639322
1.9661966196619662,1.023429,-0.795571,-0.856331
1.9671967196719673,-1.150891,0.624208,0.900263
1.9681968196819681,1.034026,-0.490251,0.467922
1.9691969196919692,-0.601442,0.432466,-0.915045
1.9701970197019703,-0.157829,-0.204137,-0.020095
1.9711971197119713,-0.126888,-0.408706,1.066466
1.9721972197219722,-1.265303,0.065758,0.003606
1.9731973197319732,1.000448,-1.620306,-1.222794
1.9741974197419743,-1.122489,0.849476,-0.450601
1.975197519751975,0.814903,-0.968179,1.073611
1.9761976197619762,-0.171083,1.270907,0.18965
1.9771977197719772,0.272273,-0.13126,-0.540815
1.9781978197819783,0.174247,0.081596,-1.385184
1.9791979197919791,-0.523096,0.138728,1.36424
1.9801980198019802,0.450983,-0.516193,0.170428
1.9811981198119812,-0.776617,1.152398,-1.602301
1.9821982198219823,0.971944,-1.024323,-0.284007
1.9831983198319831,-0.230794,1.665173,0.98576
1.9841984198419842,-0.550436,-0.688004,0.659197
1.9851985198519853,0.362362,0.405623,-1.129574
1.9861986198619863,-0.700903,-0.365793,-0.778484
1.9871987198719872,0.767977,-0.388463,0.804006
1.9881988198819882,-0.953401,0.249256,0.631263
1.9891989198919893,1.325387,-0.634225,-1.428299
1.99019901990199,-0.86635,0.60319,-0.852327
1.9911991199119912,0.077146,-0.690523,0.874118
1.9921992199219922,0.500331,0.873909,0.465702
1.9931993199319933,-0.734602,-0.580983,-0.614094
1.9941994199419941,0.751726,0.347529,-1.16407
1.9951995199519952,-1.179416,0.271011,0.561529
1.9961996199619962,0.685118,-0.415873,0.924336
1.9971997199719973,-0.884939,1.465033,-0.206151
1.9981998199819981,0.516968,-0.784961,-0.625857
1.9991999199919992,0.438737,0.886489,0.56211
2.000200020002,-0.949203,-0.531796,1.120934
2.001200120012001,0.815873,0.770146,-0.414854
2.002200220022002,-0.378003,-0.092501,-1.438463
2.003200320032003,0.977344,0.043276,0.453953
2.0042004200420043,-0.092376,0.675558,0.957182
2.0052005200520053,1.174773,-0.904742,-0.296776
2.0062006200620064,0.18578,0.758799,-0.94648
2.007200720072007,-0.521648,-1.188969,0.646269
2.008200820082008,0.648425,1.1151,1.175077
2.009200920092009,-1.094945,-0.612604,-0.014544
2.01020102010201,1.30689,0.008837,-1.217422
2.0112011201120112,-0.996602,-0.273477,0.095685
2.0122012201220123,-0.062353,-0.349592,0.8426
2.0132013201320134,-0.131182,0.487775,-0.0603
2.0142014201420144,-0.983343,-1.337194,-1.081427
2.015201520152015,0.330724,0.813621,-0.780727
2.016201620162016,-0.942008,-1.257634,1.368678
2.017201720172017,1.069772,1.375217,0.46076
2.018201820182018,-1.07911,0.260724,-1.163824
2.0192019201920193,0.475614,-0.070327,-0.523887
2.0202020202020203,0.042766,0.438155,1.40019
2.0212021202120214,-0.129675,-0.791983,0.174858
2.022202220222022,0.528232,0.865365,-0.909966
2.023202320232023,-1.061996,-0.538217,0.000783
2.024202420242024,0.899511,0.325216,0.941503
2.025202520252025,-0.861656,-0.124951,0.886718
2.0262026202620262,0.527161,0.3786,-0.779284
2.0272027202720273,0.077141,0.279291,-0.424512
2.0282028202820284,-0.281531,-1.016257,0.913895
2.0292029202920294,1.159345,0.262707,0.475879
2.03020302030203,-1.111791,-0.694422,-0.376544
2.031203120312031,1.137253,1.176368,-1.084908
2.032203220322032,-1.619096,-0.64323,0.798804
2.033203320332033,1.026303,0.637368,0.532801
2.0342034203420343,0.663434,0.170311,-0.866618
2.0352035203520353,-0.191259,-0.541326,-1.108388
2.0362036203620364,0.627282,0.5623,1.016117
2.037203720372037,-0.240495,-1.075928,0.538477
2.038203820382038,1.038905,1.419699,-0.942927
2.039203920392039,-0.894464,-0.900716,-0.675267
2.04020402040204,0.772787,0.753711,0.706144
2.0412041204120412,-0.990192,-0.988187,1.234031
2.0422042204220423,-0.265929,0.132692,-0.851259
2.0432043204320434,0.3689,-0.12069,-0.925968
2.0442044204420444,-0.8331,-0.793612,0.80059
2.045204520452045,0.712664,0.248217,0.863649
2.046204620462046,-1.120791,-0.520592,-0.789732
2.047204720472047,0.891092,0.41468,-0.82661
2.048204820482048,-0.324977,-0.34817,0.421032
2.0492049204920493,0.087624,0.859937,0.553388
2.0502050205020503,0.537115,0.11585,0.057328
2.0512051205120514,-0.911055,-0.943125,-0.811138
2.052205220522052,1.199032,0.416244,0.22599
2.053205320532053,-1.023531,-0.923961,0.689193
2.054205420542054,0.45462,1.02446,-0.354881
2.055205520552055,0.126384,-0.521066,-0.959324
2.0562056205620562,-0.289665,0.79696,0.492109
2.0572057205720573,0.218004,-0.439568,0.710824
2.0582058205820584,-0.376361,0.008732,-0.225455
2.0592059205920594,0.903286,-0.353846,-0.52326
2.06020602060206,-0.74357,-0.952751,-0.005474
2.061206120612061,1.110881,1.046126,0.781698
2.062206220622062,-0.309181,-0.818479,-0.324187
2.063206320632063,0.668601,1.436711,-0.488151
2.0642064206420643,0.323382,-1.105136,0.189972
2.0652065206520653,-0.598759,0.781664,1.38585
2.0662066206620664,1.051227,-0.11906,0.643527
2.067206720672067,-0.862345,-0.694349,-1.076687
2.068206820682068,1.080971,0.52669,-0.107101
2.069206920692069,-0.332446,-0.636352,0.790567
2.07020702070207,0.664555,0.824283,-0.080657
2.0712071207120712,-0.042244,-1.006687,-1.348044
2.0722072207220723,-0.683852,0.800994,-0.005554
2.0732073207320734,1.006148,-0.638574,0.532762
2.0742074207420744,-0.737722,-0.493917,-0.027932
2.075207520752075,1.148107,0.548889,-1.276637
2.076207620762076,-0.869136,-0.802832,-0.391124
2.077207720772077,0.478956,0.678161,1.508219
2.078207820782078,0.002639,-1.636566,0.668699
2.0792079207920793,-0.497829,0.581977,-0.372777
2.0802080208020803,1.095448,-0.530539,-0.573989
2.0812081208120814,-0.849181,0.877892,1.389274
2.082208220822082,1.432926,0.433558,0.332444
2.083208320832083,-1.011311,-0.466464,-0.859724
2.084208420842084,0.511727,1.214209,-0.694846
2.085208520852085,-0.097127,-1.084374,0.83236
2.0862086208620862,-0.201816,0.990427,0.37662
2.0872087208720873,0.488609,-1.197548,0.094274
2.0882088208820884,-1.016494,1.092354,-0.834847
2.0892089208920894,1.25146,-0.439136,1.166562
2.09020902090209,-0.807281,-0.11032,0.629818
2.091209120912091,0.722903,0.252796,-0.737324
2.092209220922092,-0.039233,-0.966302,-0.716895
2.093209320932093,-0.004349,0.555903,0.903263
2.0942094209420943,0.70571,-0.862559,0.977762
2.0952095209520953,-1.169569,1.249489,-0.900707
2.0962096209620964,0.706883,-0.703671,-0.962956
2.097209720972097,-1.211129,0.705342,0.363611
2.098209820982098,0.363917,0.439315,1.321532
2.099209920992099,-0.586361,-0.063428,-0.756014
2.1002100210021,-0.260546,0.495548,-1.368731
2.1012101210121013,0.651701,-0.573837,1.079038
2.1022102210221023,-1.474158,1.455543,1.055633
2.1032103210321034,1.228293,-0.669458,-0.244412
2.1042104210421044,-0.927562,0.368672,-1.025804
2.105210521052105,0.978063,-0.679297,0.551295
2.106210621062106,-0.197466,-0.064728,0.948141
2.107210721072107,-0.151751,0.048577,-0.167384
2.108210821082108,1.040848,-1.168011,-1.271936
2.1092109210921093,-0.799108,0.573072,-0.065309
2.1102110211021103,0.677991,-1.242421,1.339664
2.1112111211121114,-0.950044,1.198679,0.126979
2.112211221122112,0.71249,-0.565247,-1.19696
2.113211321132113,-0.304032,0.995179,0.136846
2.114211421142114,-0.023547,-0.05023,1.100778
2.115211521152115,-0.000348,-0.319752,0.227888
2.1162116211621163,-0.972733,1.147035,-0.73106
2.1172117211721173,1.037888,-1.179089,0.334321
2.1182118211821184,-0.510799,0.863252,1.753104
2.1192119211921194,0.873073,-1.146421,-0.423074
2.12021202120212,-0.27134,0.243708,-0.914424
2.121212121212121,-0.070516,-0.079976,-0.272464
2.122212221222122,0.664193,-0.423724,1.024584
2.1232123212321232,-1.414223,0.187682,0.09277
2.1242124212421243,0.392953,-1.488596,-1.031396
2.1252125212521253,-1.110555,0.878775,0.3226
2.1262126212621264,1.289449,-0.699561,1.329392
2.127212721272127,0.436992,0.794015,0.115416
2.128212821282128,0.449638,-0.409489,-1.406754
2.129212921292129,-0.031981,0.17512,-0.268647
2.13021302130213,-0.680336,-0.185231,0.574345
2.1312131213121313,0.698967,0.382685,0.821166
2.1322132213221323,-0.959066,0.214438,-1.208256
2.1332133213321334,1.194948,-1.008427,-0.992053
2.1342134213421344,-0.718335,1.379304,1.142686
2.135213521352135,0.196914,-1.152299,0.645394
2.136213621362136,0.272845,0.382953,-0.601752
2.137213721372137,-1.117193,0.072311,-0.017183
2.1382138213821382,1.271013,-0.014849,0.665511
2.1392139213921393,-1.376374,0.993262,0.134562
2.1402140214021403,1.304464,-0.18029,-0.590813
2.1412141214121414,-0.183304,0.808413,-0.603608
2.142214221422142,0.158036,-1.061208,0.382732
2.143214321432143,-0.323498,1.224837,0.675808
2.144214421442144,-0.568387,-0.790402,-0.766246
2.145214521452145,0.85147,0.213217,-1.214444
2.1462146214621463,-0.813136,-0.651863,0.947683
2.1472147214721473,0.564009,-0.131818,0.925647
2.1482148214821484,-0.851802,0.718735,-1.144699
2.1492149214921494,0.613703,-1.267362,-0.984689
2.15021502150215,0.324137,0.514689,0.556247
2.151215121512151,-1.328766,-1.256085,0.364443
2.152215221522152,0.617796,0.501457,-0.430585
2.1532153215321532,-1.174675,-1.028847,-0.972537
2.1542154215421543,0.318467,0.376999,0.630467
2.1552155215521553,-1.466795,0.328777,0.934966
2.1562156215621564,0.715371,-0.986323,-0.813894
2.157215721572157,-0.01407,0.692907,-1.20454
2.158215821582158,-0.431382,-1.078282,0.242861
2.159215921592159,1.074087,0.853006,0.697691
2.16021602160216,-0.603671,-0.775318,-0.186413
2.1612161216121613,0.493078,0.460163,-0.650498
2.1622162216221623,-1.284446,0.012888,0.133195
2.1632163216321634,0.907537,-0.26018,0.639675
2.1642164216421644,-0.062409,0.927294,0.324947
2.165216521652165,-0.862092,-1.192273,-0.865488
2.166216621662166,0.486348,1.624881,-0.199055
2.167216721672167,-0.833081,-0.970087,1.327567
2.1682168216821682,1.066157,0.808974,-0.084092
2.1692169216921693,-1.312154,-0.336676,-1.163898
2.1702170217021703,0.304123,-0.110836,0.183942
2.1712171217121714,0.044973,0.48116,1.079247
2.172217221722172,-0.469039,-0.705404,0.249016
2.173217321732173,0.402103,0.892351,-0.667023
2.174217421742174,-0.388885,-1.015424,-0.222194
2.175217521752175,0.986958,1.673734,0.80609
2.1762176217621763,-0.56096,-0.364337,0.716323
2.1772177217721773,0.794352,0.973697,-1.238355
2.1782178217821784,0.11,-0.058694,-0.80782
2.1792179217921794,0.227505,0.367965,1.18685
2.18021802180218,0.471721,0.502321,0.266723
2.181218121812181,-1.429491,-0.953791,-0.875831
2.182218221822182,1.48301,0.731216,-0.622268
2.1832183218321832,-0.944761,-1.102722,1.396782
2.1842184218421843,0.450984,1.45138,0.489524
2.1852185218521853,-0.528784,0.046083,-0.449538
2.1862186218621864,-0.167806,0.255413,-0.998752
2.187218721872187,0.789875,0.04446,0.914675
2.188218821882188,-1.266271,-0.312873,0.522592
2.189218921892189,0.615935,0.528966,-0.780911
2.19021902190219,-0.605623,-0.639472,-0.670861
2.1912191219121913,0.891026,0.369998,1.183283
2.1922192219221923,-0.491739,-0.973256,-0.081511
2.1932193219321934,-0.348314,1.129077,-0.618862
2.1942194219421944,-0.136576,-0.270114,-1.10807
2.195219521952195,-1.529408,-0.179977,1.311582
2.196219621962196,1.354082,0.780564,0.851463
2.197219721972197,-0.932498,-1.020801,-0.923509
2.1982198219821982,0.743042,0.922904,-1.013206
2.1992199219921993,-0.519149,-1.079796,0.266351
2.2002200220022003,0.249219,0.795883,0.74681
2.2012201220122014,0.094336,-0.580382,-0.736543
2.202220222022202,-0.564522,0.533771,-0.847079
2.203220322032203,0.459094,0.266433,0.248279
2.204220422042204,-0.636469,-0.941796,0.626133
2.205220522052205,0.803889,0.318948,-0.25358
2.2062206220622063,-0.241882,-1.094943,-1.197477
2.2072207220722073,0.370188,1.735882,0.533751
2.2082208220822084,0.355896,-0.464404,0.679418
2.2092209220922094,-0.706802,0.826234,-0.336123
2.21022102210221,0.855788,0.361696,-0.724211
2.211221122112211,-0.5569,-0.198281,0.644394
2.212221222122212,0.706766,0.725207,0.710569
2.2132213221322132,-0.294539,-0.927925,-0.169939
2.2142214221422143,0.019944,0.885301,-1.497092
2.2152215221522153,-0.123066,-0.711953,0.470668
2.2162216221622164,-0.92728,0.121954,1.096499
2.217221722172217,0.752408,-0.606071,-0.356598
2.218221822182218,-1.054442,-0.349033,-0.80584
2.219221922192219,1.184557,0.625906,-0.362248
2.22022202220222,-0.351473,-0.955983,0.413328
2.2212221222122213,0.863607,1.028592,-0.411734
2.2222222222222223,0.134025,-0.861498,-0.870183
2.2232223222322234,-0.819633,0.697856,0.061416
2.2242224222422244,0.466569,-0.527893,0.867184
2.225222522252225,-0.356411,0.518141,0.201412
2.226222622262226,0.869449,-0.171288,-0.805803
2.227222722272227,-0.036964,-0.360438,-0.737987
2.2282228222822282,-0.156841,0.626919,0.588522
2.2292229222922293,-0.003203,-0.597513,0.131424
2.2302230223022304,-0.834267,0.665094,-0.760612
2.2312231223122314,1.137254,-0.9131,-0.809487
2.232223222322232,-0.533805,0.796198,0.513072
2.233223322332233,1.072129,-0.132391,-0.093198
2.234223422342234,-0.608502,-0.357307,-0.725396
2.235223522352235,0.46165,0.477086,-0.381779
2.2362236223622363,-0.094655,-0.591368,1.051494
2.2372237223722373,-0.29655,0.494282,0.452296
2.2382238223822384,0.505255,-1.284829,-0.201627
2.2392239223922394,-0.111087,0.919785,-0.553861
2.24022402240224,1.626649,-1.113148,0.638035
2.241224122412241,-0.655611,0.879764,0.671439
2.242224222422242,0.2952,-0.105305,-0.577438
2.2432243224322432,0.030633,-0.446698,-0.719935
2.2442244224422443,-0.676872,0.648727,0.835551
2.2452245224522454,0.287803,-0.777922,0.879254
2.2462246224622464,-1.357422,1.072714,-0.417582
2.247224722472247,0.556134,0.003119,-1.177361
2.248224822482248,-0.855859,1.117992,0.51823
2.249224922492249,0.627886,-0.825879,1.050362
2.25022502250225,-0.494431,-0.129454,-0.592521
2.2512251225122513,-0.084052,0.258579,-0.614922
2.2522252225222523,0.470759,-0.759403,0.732851
2.2532253225322534,-0.764712,0.848814,0.868911
2.2542254225422544,1.01075,-1.058749,-0.600569
2.255225522552255,-1.193831,1.271597,-1.409777
2.256225622562256,0.915525,-0.659724,0.73074
2.257225722572257,-0.104365,0.389813,0.838115
2.2582258225822582,-0.331477,0.142485,-0.042915
2.2592259225922593,0.328571,-0.58941,-1.071823
2.2602260226022604,-0.669511,0.713132,0.489539
2.2612261226122614,0.83898,-0.870827,0.793672
2.262226222622262,-0.488374,0.796695,-0.129462
2.263226322632263,0.829698,-0.784371,-0.933287
2.264226422642264,-0.360414,0.841549,0.194385
2.265226522652265,0.259007,-0.136621,0.667689
2.2662266226622663,-0.118651,-0.312501,0.102522
2.2672267226722673,-1.243437,0.328239,-1.445751
2.2682268226822684,1.432285,-1.098603,0.024757
2.2692269226922694,-1.339516,0.944786,0.434705
2.27022702270227,1.133208,-0.820531,-0.849526
2.271227122712271,-0.47496,0.802263,-1.039546
2.272227222722272,0.473349,-0.426475,-0.190507
2.2732273227322732,-0.292933,0.259664,1.097714
2.2742274227422743,-0.47712,0.026732,0.540546
2.2752275227522754,0.665191,-0.056932,-0.825908
2.2762276227622764,-0.867554,1.306944,-0.490605
2.277227722772277,0.510461,-0.799764,0.973731
2.278227822782278,-0.240504,0.684409,0.256335
2.279227922792279,0.192368,-1.049626,-0.622866
2.28022802280228,-0.344878,1.305468,-0.428143
2.2812281228122813,-0.775265,-0.43788,0.90494
2.2822282228222823,0.743431,-0.115653,0.091948
2.2832283228322834,-1.534795,0.324767,-0.678197
2.2842284228422844,0.509962,-1.330741,0.136733
2.285228522852285,-0.601258,1.235601,0.000247
2.286228622862286,0.379467,-1.21874,0.818149
2.287228722872287,-0.431607,0.796217,-0.656272
2.2882288228822882,-0.576559,-0.760228,-0.546815
2.2892289228922893,1.295755,0.734292,0.464162
2.2902290229022904,-0.937232,1.031141,0.609602
2.2912291229122914,0.379855,-0.754589,-0.527159
2.292229222922292,-1.090175,0.75234,-0.80927
2.293229322932293,0.368767,-0.912023,1.236536
2.294229422942294,0.21422,1.133043,0.419003
2.295229522952295,-0.345629,-0.387642,-0.732275
2.2962296229622963,0.810807,0.780841,-1.080195
2.2972297229722973,-1.082506,-0.485558,0.618445
2.2982298229822984,0.862469,-0.356256,0.987293
2.2992299229922994,-0.633453,1.033519,-0.830786
2.3002300230023,0.641838,-0.819857,-0.490987
2.301230123012301,0.286352,1.899755,0.907121
2.302230223022302,-0.836613,-0.892126,0.994519
2.3032303230323032,0.977187,1.481848,-0.53315
2.3042304230423043,-1.23357,-0.391243,-0.944117
2.3052305230523054,1.128995,0.568503,0.591432
2.3062306230623064,-0.517315,0.233325,1.165393
2.307230723072307,0.49305,-0.314241,0.045414
2.308230823082308,-0.197586,0.458429,-1.175952
2.309230923092309,-0.484836,-0.439556,0.721137
2.31023102310231,0.357053,1.300362,0.099919
2.3112311231123113,-1.304343,-0.52172,-0.02788
2.3122312231223123,1.192451,0.784722,-1.292772
2.3132313231323134,-0.664284,0.2933,0.408421
2.3142314231423144,0.960154,0.017213,0.441761
2.315231523152315,-0.068463,0.596173,-0.013027
2.316231623162316,-0.260906,-0.814889,-1.166906
2.317231723172317,0.63097,0.724323,0.104657
2.3182318231823182,-0.960984,-0.963285,0.569266
2.3192319231923193,1.431996,0.893114,-0.184
2.3202320232023204,-1.178835,-0.538907,-1.111126
2.3212321232123214,0.36246,-0.275502,0.192339
2.322232223222322,-0.007194,-0.526454,0.921698
2.323232323232323,-0.305138,-0.533156,-0.106458
2.324232423242324,0.172861,0.279187,-1.347213
2.325232523252325,-0.794295,-0.919625,0.013997
2.3262326232623263,0.401919,1.070731,1.086987
2.3272327232723273,-0.770167,-0.636999,-0.506523
2.3282328232823284,0.599746,0.750399,-0.515163
2.3292329232923294,-0.212425,-0.063964,-0.024751
2.33023302330233,-0.604929,-0.242133,1.220048
2.331233123312331,0.52286,0.87598,0.214293
2.332233223322332,-1.83205,-1.298912,-0.744996
2.3332333233323332,0.840336,0.561544,-0.476139
2.3342334233423343,-0.498444,-0.449668,1.039425
2.3352335233523354,0.58883,1.256605,0.034518
2.3362336233623364,-0.463244,-0.642542,-0.75743
2.337233723372337,0.104371,0.315263,-0.829505
2.338233823382338,0.068727,0.277433,0.83364
2.339233923392339,-1.055746,-0.631361,0.706062
2.34023402340234,0.801229,0.38329,-0.580229
2.3412341234123413,-0.856881,-0.815772,-0.660469
2.3422342234223423,1.048614,1.350624,0.584444
2.3432343234323434,-0.142948,-0.767089,0.951758
2.3442344234423445,-0.109554,1.214282,-1.333579
2.345234523452345,0.624203,-0.526226,-0.772046
2.346234623462346,-1.031133,-0.129731,0.706557
2.347234723472347,0.997409,0.398059,0.374108
2.3482348234823482,-0.509817,-1.680885,-0.281905
2.3492349234923493,1.212004,1.781751,-0.905728
2.3502350235023504,-0.332852,-1.019932,0.89602
2.3512351235123514,-0.098628,0.784228,0.545722
2.352235223522352,0.361874,-1.069968,-0.606991
2.353235323532353,-0.837006,0.571809,-1.18316
2.354235423542354,1.168268,0.433762,0.958705
2.355235523552355,-0.468351,-0.261517,1.080289
2.3562356235623563,0.795405,0.739987,-0.321837
2.3572357235723573,-0.358618,-0.858599,-1.384694
2.3582358235823584,0.156987,1.29784,0.655516
2.3592359235923595,0.275076,-0.36081,1.118407
2.36023602360236,-0.544087,0.307139,-0.160679
2.361236123612361,1.015932,-0.299389,-0.938444
2.362236223622362,-1.413461,-0.420661,0.493531
2.3632363236323632,0.870803,0.747513,0.712254
2.3642364236423643,-0.461038,-0.580876,-0.610862
2.3652365236523654,0.199842,1.031209,-1.223746
2.3662366236623664,-0.014633,-0.537308,0.462504
2.367236723672367,-0.445849,0.825393,0.699866
2.368236823682368,0.834516,-0.174058,-0.245783
2.369236923692369,-0.775898,0.913015,-1.311234
2.37023702370237,1.227381,-0.233517,0.976242
2.3712371237123713,-1.236478,-0.781363,1.231718
2.3722372237223723,0.853023,0.803803,-0.048099
2.3732373237323734,-0.062779,-1.54213,-1.09146
2.3742374237423745,-0.937926,0.627885,-0.291795
2.375237523752375,0.784101,-0.587722,1.243369
2.376237623762376,-0.903074,0.623988,-0.043721
2.377237723772377,0.758737,0.031787,-0.963
2.3782378237823782,-1.41119,-0.163568,-0.212235
2.3792379237923793,0.452311,0.874806,0.879201
2.3802380238023804,-0.092751,-1.037986,0.390997
2.3812381238123814,-0.5828,1.625258,-0.65705
2.382238223822382,1.02957,-0.798242,-0.230225
2.383238323832383,-0.494206,1.026754,1.357309
2.384238423842384,1.154398,-0.062327,0.685398
2.385238523852385,-0.307145,0.64776,-0.908265
2.3862386238623863,0.465656,0.578905,-0.581456
2.3872387238723873,-0.443623,-1.259448,0.966878
2.3882388238823884,-0.4706,1.091926,0.640292
2.3892389238923895,1.319435,-1.442971,-1.077662
2.39023902390239,-0.966986,0.963132,-0.16791
2.391239123912391,1.181797,-0.632729,0.994632
2.392239223922392,-1.150863,0.937096,0.831991
2.3932393239323932,0.128445,-0.061282,-0.980956
2.3942394239423943,-0.287895,-0.531869,-0.455026
2.3952395239523954,-0.814152,0.883478,0.612656
2.3962396239623964,0.365952,-0.818166,0.688497
2.397239723972397,-0.869343,0.834388,-0.863095
2.398239823982398,0.606443,-0.565957,-0.890589
2.399239923992399,-1.121732,0.8933,1.085252
2.4002400240024,0.604001,-0.297271,0.460204
2.4012401240124013,-0.564987,0.176177,-0.923342
2.4022402240224023,-0.073978,-0.047907,-0.990886
2.4032403240324034,0.405967,-0.30506,1.275827
2.4042404240424045,-0.906314,0.965387,1.130209
2.405240524052405,1.093384,-0.670286,-0.43742
2.406240624062406,-0.566388,0.88162,-0.93003
2.407240724072407,1.000978,-0.779418,0.951537
2.4082408240824082,-0.635597,0.984166,1.003947
2.4092409240924093,-0.245085,-0.06383,-1.007572
2.4102410241024104,0.60753,-0.223349,-0.95716
2.4112411241124114,-1.331856,0.536708,0.780069
2.412241224122412,1.030398,-1.228814,0.828817
2.413241324132413,-1.004681,0.537108,-0.195066
2.414241424142414,0.772623,-0.973586,-0.904748
2.415241524152415,-0.072177,0.229572,0.723964
2.4162416241624163,-0.12785,-0.47566,1.081025
2.4172417241724173,0.80311,0.594144,-0.81106
2.4182418241824184,-0.728051,0.530583,-1.207978
2.4192419241924195,1.073966,-0.180485,0.532921
2.42024202420242,-0.568196,1.227048,0.940077
2.421242124212421,0.666226,-1.092128,-0.209276
2.422242224222422,-0.370674,1.057705,-0.946717
2.4232423242324233,0.098653,-0.265665,-0.280915
2.4242424242424243,0.293815,0.847112,0.894742
2.4252425242524254,-0.419337,-0.105521,0.332005
2.4262426242624264,0.692392,-1.003783,-1.368484
2.427242724272427,-0.792446,0.637017,-0.314968
2.428242824282428,1.278852,-0.62902,0.953098
2.429242924292429,-0.85319,1.618724,-0.341476
2.43024302430243,-0.363977,-1.084907,-0.947097
2.4312431243124313,0.299964,0.771357,0.315029
2.4322432243224323,-1.248672,-0.662153,1.153891
2.4332433243324334,0.654224,0.393825,-0.057918
2.4342434243424345,-0.814354,0.350843,-0.559187
2.435243524352435,0.754006,-0.660271,-0.014847
2.436243624362436,-0.077896,0.627203,0.254988
2.437243724372437,0.430391,-0.912132,0.167621
2.4382438243824383,0.487407,0.928968,-0.909378
2.4392439243924393,-0.626439,-0.656888,-0.754004
2.4402440244024404,0.866647,0.490963,0.895632
2.4412441244124414,-0.671051,-0.006711,0.034313
2.442244224422442,0.867819,-0.024528,-0.70755
2.443244324432443,-0.692315,0.668061,-0.635001
2.444244424442444,0.165707,-0.454493,1.339961
2.4452445244524452,0.05942,0.512145,0.053522
2.4462446244624463,-0.668249,-1.031603,-0.746252
2.4472447244724473,0.157416,0.335512,-0.529651
2.4482448244824484,-0.909788,-0.237043,0.759731
2.4492449244924495,0.998971,0.520416,0.841868
2.45024502450245,-0.609992,-0.105478,-0.949922
2.451245124512451,0.578591,-0.861498,-0.569052
2.452245224522452,0.246809,0.526452,1.223681
2.4532453245324533,-0.353299,-0.948691,0.669209
2.4542454245424543,0.8443,0.961717,-0.331703
2.4552455245524554,-0.641864,-0.351669,-0.667351
2.4562456245624564,1.159199,0.40221,0.460851
2.457245724572457,-1.566897,0.259184,1.32356
2.458245824582458,0.465952,-0.46181,-0.252682
2.459245924592459,0.130885,0.781293,-0.704327
2.4602460246024602,-0.82313,-1.142714,0.507342
2.4612461246124613,1.2671,0.965107,0.848037
2.4622462246224623,-0.842986,-0.793548,-0.181253
2.4632463246324634,0.84932,0.749833,-0.998382
2.4642464246424645,-0.714608,-0.650406,1.021973
2.465246524652465,0.835695,0.255778,0.588532
2.466246624662466,0.069782,0.555843,-0.324104
2.467246724672467,-0.826849,-0.428182,-1.373588
2.4682468246824683,0.661516,0.733258,0.295228
2.4692469246924693,-0.763715,-0.926999,1.088213
2.4702470247024704,1.115138,1.043605,-0.046267
2.4712471247124714,-0.492311,-0.755364,-1.341389
2.472247224722472,0.619665,0.37304,0.293846
2.473247324732473,-0.408292,-0.149019,0.979589
2.474247424742474,-0.577944,-1.062135,0.175321
2.4752475247524752,0.815339,0.15521,-0.989535
2.4762476247624763,-1.131853,-0.631004,0.225994
2.4772477247724773,0.70442,0.830819,0.395365
2.4782478247824784,-1.191799,-0.963106,-0.410312
2.4792479247924795,0.680438,1.171692,-0.845951
2.48024802480248,-0.596489,-0.494152,0.209784
2.481248124812481,-0.363787,-0.025541,0.807243
2.482248224822482,0.76966,0.144116,0.160747
2.4832483248324833,-0.650521,-0.266257,-0.787579
2.4842484248424843,0.702176,0.460878,-0.587064
2.4852485248524854,-0.714952,-1.284516,0.831904
2.4862486248624864,0.839307,0.6088,0.745239
2.487248724872487,-0.009958,-0.533572,-0.333954
2.488248824882488,-0.415917,0.668594,-0.284525
2.489248924892489,0.879959,0.026255,1.278508
2.4902490249024902,-0.912923,-0.367842,0.535279
2.4912491249124913,0.667252,0.418348,-1.083529
2.4922492249224923,-1.23641,-0.877293,-0.355311
2.4932493249324934,0.742752,0.5946,0.978578
2.4942494249424945,0.151185,-1.175255,0.623879
2.495249524952495,-0.234643,0.828823,-0.940102
2.496249624962496,0.327248,0.125878,-0.141798
2.497249724972497,-0.74207,0.19462,1.171457
2.4982498249824983,1.127446,0.626044,0.340076
2.4992499249924993,-1.00974,-0.828821,-1.008616
2.5002500250025004,1.004812,1.056048,-1.186807
2.5012501250125014,-0.234695,-1.175861,0.992189
2.502250225022502,-0.13959,1.185023,0.730231
2.503250325032503,0.947835,-0.780537,-0.594124
2.504250425042504,-0.938854,0.606103,-0.853581
2.5052505250525052,1.112121,-0.119663,0.743253
2.5062506250625063,-0.631196,-0.235834,0.405408
2.5072507250725073,0.926277,0.559713,-0.442706
2.5082508250825084,-0.234715,-1.978917,-0.904298
2.5092509250925095,-0.516486,1.035549,0.229715
2.51025102510251,0.356113,-0.815999,0.679834
2.511251125112511,-0.621851,0.679519,-0.362941
2.512251225122512,0.571382,-0.404611,-1.329299
2.5132513251325133,-0.909535,0.391402,0.400119
2.5142514251425143,0.815491,0.37487,0.739935
2.5152515251525154,-0.474019,-1.186961,-0.601835
2.5162516251625164,0.360107,0.693701,-0.78514
2.517251725172517,0.006589,-1.144853,0.687936
2.518251825182518,-0.552061,0.749,0.67107
2.519251925192519,0.592342,-0.822811,-0.234572
2.5202520252025202,-0.932133,0.624613,-1.047635
2.5212521252125213,1.325637,0.202956,0.470443
2.5222522252225223,-0.411256,-0.123183,1.232062
2.5232523252325234,0.467152,0.311658,-0.506745
2.5242524252425245,0.307905,-1.11177,-1.414767
2.525252525252525,-0.30554,0.788574,0.224797
2.526252625262526,1.336025,-0.793298,0.898085
2.527252725272527,-0.73063,0.421991,-0.519654
2.5282528252825283,0.514336,-0.560749,-1.266755
2.5292529252925293,-0.617321,0.153234,0.172721
2.5302530253025304,0.05195,0.034108,0.859348
2.5312531253125314,0.006695,-0.802152,-0.24964
2.532253225322532,-0.370143,1.304753,-1.495832
2.533253325332533,0.880625,-0.859672,0.116904
2.534253425342534,-1.40559,0.808696,1.095271
2.5352535253525352,0.969649,-0.665009,-0.194818
2.5362536253625363,-0.467269,0.517579,-0.716243
2.5372537253725373,0.99537,0.140491,-0.35638
2.5382538253825384,-0.370995,-0.452791,0.443438
2.5392539253925395,-0.785787,1.021787,0.601442
2.54025402540254,0.426912,-0.936467,-1.027383
2.541254125412541,-0.76707,1.064313,-0.50761
2.542254225422542,1.299853,-0.370537,0.671741
2.5432543254325433,-0.761371,0.468635,-0.048398
2.5442544254425443,0.550823,-0.55097,-1.082608
2.5452545254525454,-0.19325,-0.078531,-0.434112
2.5462546254625464,-0.54372,0.575087,0.576517
2.547254725472547,0.505478,-1.120661,0.277298
2.548254825482548,-0.550957,0.946406,-0.436507
2.549254925492549,0.898278,-1.399316,-0.304301
2.5502550255025502,-0.781946,1.359202,0.881548
2.5512551255125513,0.406632,0.149814,0.726459
2.5522552255225524,0.312684,0.315794,-0.846274
2.5532553255325534,-0.025782,0.191943,-0.721976
2.5542554255425545,0.989826,-0.454192,1.123631
2.555255525552555,-1.246261,0.342513,1.090294
2.556255625562556,1.115657,-1.179592,-0.645265
2.557255725572557,-1.063005,1.016182,-0.791092
2.5582558255825583,1.103094,-1.03742,1.087963
2.5592559255925593,-0.680106,0.595617,0.665307
2.5602560256025604,-0.627147,-0.487281,-0.745897
2.5612561256125614,0.255939,0.252135,-1.427761
2.562256225622562,-1.119247,-0.025139,0.026656
2.563256325632563,1.034587,-1.090794,0.590322
2.564256425642564,-0.80271,1.437201,-0.274327
2.5652565256525652,0.689953,-0.773696,-0.881933
2.5662566256625663,-0.330993,1.151043,0.575954
2.5672567256725674,-0.32113,-1.085754,0.646785
2.5682568256825684,0.479874,0.629188,-0.268338
2.5692569256925695,-1.538151,-0.07309,-1.033047
2.57025702570257,1.111908,-0.785653,0.112059
2.571257125712571,-0.337828,0.476645,0.382929
2.572257225722572,0.495693,-1.021092,-0.247428
2.5732573257325733,-0.334163,0.84763,-1.104159
2.5742574257425743,0.300971,-1.306767,0.115078
2.5752575257525754,0.058571,0.693457,0.933016
2.5762576257625764,-1.271051,-0.34895,-0.48297
2.577257725772577,0.874033,-0.457713,-1.756344
2.578257825782578,-0.449255,0.551932,-0.458326
2.579257925792579,1.154798,-0.996672,0.995444
2.5802580258025802,-0.671693,0.197176,-0.108495
2.5812581258125813,0.220823,-1.59437,-1.113048
2.5822582258225824,0.249896,0.80386,0.107565
2.5832583258325834,-1.039678,-0.423373,1.0846
2.5842584258425845,1.221882,0.53225,0.082336
2.585258525852585,-1.072028,-0.30024,-0.871986
2.586258625862586,0.722665,-0.99137,-0.249858
2.587258725872587,-0.36356,0.798054,0.756146
2.5882588258825883,-0.581295,-0.849332,0.091561
2.5892589258925893,0.223639,1.462581,-0.773519
2.5902590259025904,-0.712554,-0.634187,-0.098148
2.5912591259125914,0.981514,0.192028,0.793832
2.592259225922592,-0.944368,-0.206302,0.270071
2.593259325932593,0.857059,0.256205,-1.223871
2.594259425942594,-0.540877,0.075085,-0.852719
2.5952595259525952,0.320906,-0.850822,0.418039
2.5962596259625963,0.185812,1.402091,-0.049548
2.5972597259725974,-0.277698,-1.052409,-0.741684
2.5982598259825984,0.718301,1.123757,-0.756161
2.5992599259925995,-1.083523,-0.300764,0.664018
2.6002600260026,0.84936,0.733695,-0.082514
2.601260126012601,-0.77621,0.092692,-0.413224
2.602260226022602,0.266707,-0.881709,-0.508542
2.6032603260326033,-0.045195,0.594376,0.705177
2.6042604260426043,-0.978047,-1.147607,1.038537
2.6052605260526054,0.25829,1.443723,-1.086302
2.6062606260626064,-0.854525,-0.321978,-1.130808
2.607260726072607,1.184455,0.960563,1.268798
2.608260826082608,-0.438306,-0.13201,0.418067
2.609260926092609,0.47925,-0.251496,-0.429481
2.6102610261026102,0.300389,0.690897,-0.828848
2.6112611261126113,-0.843187,-0.679582,0.903355
2.6122612261226124,0.218415,0.861147,0.59471
2.6132613261326134,-0.953223,-0.669063,-0.626484
2.6142614261426145,1.287763,0.62712,-1.41171
2.615261526152615,-0.720788,-0.824224,0.675957
2.616261626162616,0.613561,0.290661,0.858507
2.617261726172617,-0.141633,0.053798,-0.30215
2.6182618261826183,-0.438385,-0.445428,-1.230732
2.6192619261926193,0.805119,0.852247,0.53273
2.6202620262026204,-0.881697,-1.272087,0.860151
2.6212621262126214,0.945091,0.90445,-0.44376
2.622262226222622,-0.643491,-0.770219,-1.131524
2.623262326232623,0.740742,1.152649,0.415733
2.624262426242624,0.096606,0.290534,0.970151
2.6252625262526252,-0.351908,0.257961,-0.191227
2.6262626262626263,0.378576,-0.064381,-0.53987
2.6272627262726274,-0.762909,-0.917197,0.549826
2.6282628262826284,0.747866,0.915936,0.707605
2.6292629262926295,-1.008419,-0.722873,0.18023
2.63026302630263,1.025688,0.718198,-0.607367
2.631263126312631,-0.132874,-0.284212,0.538641
2.632263226322632,-0.301216,0.233511,1.14857
2.6332633263326333,0.616022,0.109785,-0.375035
2.6342634263426343,-1.031855,-0.632027,-0.950267
2.6352635263526354,1.085015,0.898262,0.37816
2.6362636263626364,-0.424143,-1.429431,0.823479
2.637263726372637,0.599448,0.522556,0.079116
2.638263826382638,-0.48373,-0.654352,-1.352729
2.639263926392639,-0.075694,1.069637,-0.482392
2.6402640264026402,0.230675,-0.19518,1.174667
2.6412641264126413,-0.438659,0.674211,0.312849
2.6422642264226424,0.744262,0.579707,-0.481945
2.6432643264326434,-0.905767,-1.225859,-0.342494
2.6442644264426445,0.545595,1.178406,0.918896
2.645264526452645,-0.480083,-1.168877,0.131923
2.646264626462646,0.052647,0.846394,-0.827738
2.647264726472647,0.70911,-0.295438,-0.666325
2.6482648264826483,-0.859505,0.224061,1.186001
2.6492649264926493,0.968161,0.099666,0.268874
2.6502650265026504,-0.718957,-1.10542,-0.821026
2.6512651265126514,0.695906,0.212974,-0.444728
2.652265226522652,-0.195316,-1.16074,1.099228
2.653265326532653,-0.407075,0.889759,0.131308
2.654265426542654,0.114223,-0.796327,-0.486367
2.6552655265526552,-0.566451,1.132166,-0.879962
2.6562656265626563,0.966181,-0.675292,0.888807
2.6572657265726574,-0.964718,-0.440752,0.750194
2.6582658265826584,1.183128,0.286447,-0.568713
2.6592659265926595,-0.007786,-1.257614,-0.575583
2.66026602660266,-0.201148,0.895722,1.004125
2.661266126612661,0.688184,-0.73848,1.119299
2.662266226622662,-1.269613,1.317632,-0.613542
2.6632663266326633,0.778195,-0.729978,-1.037129
2.6642664266426643,-1.082123,-0.108472,0.95874
2.6652665266526654,0.420141,-0.430621,0.818037
2.6662666266626665,-0.641992,-0.746763,-0.590469
2.667266726672667,0.1777,0.63113,-0.062005
2.668266826682668,0.729763,-0.831943,0.3132
2.669266926692669,-1.180378,1.014751,0.348847
2.6702670267026702,0.865197,-0.618408,-0.996301
2.6712671267126713,-0.539849,0.591158,-1.166937
2.6722672267226724,0.709244,-0.039556,0.217224
2.6732673267326734,-0.639729,0.29201,0.858224
2.6742674267426745,-0.067179,0.606938,-0.162023
2.675267526752675,0.759329,-0.830448,-0.674853
2.676267626762676,-0.271308,0.854228,0.528953
2.677267726772677,0.402399,-0.694429,0.977268
2.6782678267826783,-0.788193,0.437164,-0.778957
2.6792679267926793,0.825676,-0.531644,-0.809939
2.6802680268026804,-0.900057,0.069215,0.422884
2.6812681268126815,0.291351,-0.095042,0.714302
2.682268226822682,0.054087,-0.118245,0.023989
2.683268326832683,-1.098558,0.915276,-1.419896
2.684268426842684,0.527396,-1.491184,-0.200443
2.6852685268526852,-0.784803,1.334638,0.757164
2.6862686268626863,0.622137,-0.704435,-0.182938
2.6872687268726874,-0.531194,0.937662,-1.177357
2.6882688268826884,0.395614,-0.320713,-0.279736
2.6892689268926895,0.140333,-0.424741,0.681862
2.69026902690269,-0.682129,0.553661,0.196234
2.691269126912691,0.725739,-1.548411,-0.519391
2.692269226922692,-1.09628,1.181084,-0.059956
2.6932693269326933,0.800983,-0.957752,1.01746
2.6942694269426943,-0.242409,0.682393,0.096182
2.6952695269526954,0.638104,-0.859988,-1.124504
2.6962696269626965,-0.539979,0.427021,-0.128106
2.697269726972697,-0.828454,-0.040732,1.3215
2.698269826982698,0.811294,-0.781621,0.118328
2.699269926992699,-1.213604,0.47404,-0.53099
2.7002700270027002,1.177774,-1.916334,-0.336279
2.7012701270127013,-0.120845,0.604414,0.961691
2.7022702270227024,0.656596,-0.786828,0.309664
2.7032703270327034,-0.449495,0.564126,-1.043979
2.7042704270427045,-0.618586,-0.410634,-0.63816
2.705270527052705,0.392069,0.222995,0.446433
2.706270627062706,-0.949268,0.633028,0.64362
2.707270727072707,0.79875,-0.913282,-0.831146
2.7082708270827083,-0.663754,0.744158,-0.969294
2.7092709270927093,1.086659,-1.283941,1.309421
2.7102710271027104,-0.358003,0.857273,0.917022
2.7112711271127115,-0.92767,-0.89987,-0.560113
2.712271227122712,1.267709,0.627936,-0.772883
2.713271327132713,-0.358141,0.306411,1.299903
2.714271427142714,1.165136,-1.122721,0.823272
2.7152715271527152,-0.620778,0.883621,-0.51701
2.7162716271627163,0.70004,-0.734046,-0.357537
2.7172717271727174,-0.451062,1.369449,0.179301
2.7182718271827184,-0.032639,-0.389608,0.529671
2.7192719271927195,0.275501,0.30609,-0.466185
2.72027202720272,-0.552262,0.27869,-0.679469
2.721272127212721,1.05815,-0.215917,0.444127
2.722272227222722,-0.460032,0.671463,1.007151
2.7232723272327233,0.112108,-0.86632,-0.323537
2.7242724272427243,-0.105377,0.902272,-1.17849
2.7252725272527254,-0.037519,-0.284641,0.100665
2.7262726272627265,0.231136,0.755906,0.470276
2.727272727272727,-1.020584,-0.74892,-0.688511
2.728272827282728,1.484057,0.885924,-0.661099
2.729272927292729,-1.361416,-0.264685,-0.164979
2.7302730273027302,1.324784,-1.010568,0.856224
2.7312731273127313,-0.276621,1.046907,0.029275
2.7322732273227324,0.214787,-0.58366,-1.006294
2.7332733273327334,0.788282,0.635954,-0.190295
2.7342734273427345,-0.726065,-0.918079,0.938549
2.735273527352735,0.555578,0.824155,0.152011
2.736273627362736,-0.909871,0.189278,-0.938463
2.737273727372737,0.764109,-0.439524,-0.180647
2.7382738273827383,-0.457533,0.505592,0.785567
2.7392739273927393,0.34089,-0.635065,-0.040964
2.7402740274027404,0.63009,1.129481,-0.843571
2.7412741274127415,-0.743175,-0.928272,0.031067
2.742274227422742,0.871209,1.126983,0.586449
2.743274327432743,-0.801248,-0.334242,-0.072153
2.744274427442744,0.896606,0.226107,-0.466616
2.7452745274527453,0.096761,0.173035,-0.003858
2.7462746274627463,0.600025,-0.901155,1.41266
2.7472747274727474,0.095703,0.285061,0.62257
2.7482748274827484,-0.716147,-0.919818,-1.150866
2.7492749274927495,0.262579,0.966249,-0.562616
2.75027502750275,-0.929572,-0.890056,0.727913
2.751275127512751,0.781413,0.193627,0.475758
2.752275227522752,-1.279403,-0.350463,-0.56285
2.7532753275327533,0.03165,-0.534909,-0.484676
2.7542754275427543,0.484102,0.454882,1.012946
2.7552755275527554,-0.864189,-0.765297,0.627013
2.7562756275627565,1.171175,0.556523,-1.005706
2.757275727572757,-1.224948,-0.608032,-0.505957
2.758275827582758,0.835559,1.250512,1.226409
2.759275927592759,-0.56893,-0.382726,0.030389
2.7602760276027603,-0.08399,-0.006259,-0.893152
2.7612761276127613,0.5486,0.424794,-1.123733
2.7622762276227624,-0.334558,-0.937753,0.910421
2.7632763276327634,1.069536,0.42329,0.640267
2.7642764276427645,-0.55721,-1.273658,-0.948034
2.765276527652765,0.823508,1.066618,-1.063378
2.766276627662766,-0.049865,-1.119126,0.805089
2.7672767276727672,-0.086068,0.623098,1.022677
2.7682768276827683,-0.369788,-0.102945,-0.137435
2.7692769276927693,-0.234758,0.384101,-0.124287
2.7702770277027704,0.982587,-0.038733,0.828187
2.7712771277127715,-0.801506,-0.607282,1.129383
2.772277227722772,0.82411,1.608557,0.090858
2.773277327732773,-0.461052,-0.719644,-0.803248
2.774277427742774,0.969939,0.989906,0.944947
2.7752775277527753,0.799961,-0.554787,1.125868
2.7762776277627763,0.366246,-0.237495,-0.46666
2.7772777277727774,0.402638,0.597543,-0.777602
2.7782778277827784,-0.359337,-0.938388,0.61548
2.7792779277927795,1.319012,0.716523,1.606822
2.78027802780278,-1.10074,-0.608754,0.273178
2.781278127812781,0.497191,1.734302,-0.875035
2.7822782278227822,0.067974,-0.232498,0.125842
2.7832783278327833,0.170018,0.975553,0.764632
2.7842784278427843,0.313369,-0.433984,-0.219872
2.7852785278527854,-0.534384,-0.227977,-0.295528
2.7862786278627865,0.524734,-0.107541,-0.064242
2.787278727872787,-0.650229,-1.229112,1.238805
2.788278827882788,0.857107,1.556922,0.213164
2.789278927892789,0.129004,-1.198795,-0.688247
2.7902790279027903,-0.172318,0.775902,-0.13084
2.7912791279127913,0.511775,-0.820506,1.18198
2.7922792279227924,-1.372019,-0.6243,0.12646
2.7932793279327934,0.725367,0.195758,-0.781858
2.7942794279427945,-0.930051,-0.781409,0.160246
2.795279527952795,0.563008,0.962314,0.915308
2.796279627962796,-0.223023,-1.122251,0.803269
2.7972797279727972,-0.265313,1.021361,-0.68434
2.7982798279827983,0.241582,-0.962978,-0.42154
2.7992799279927993,-1.548064,0.20071,1.322273
2.8002800280028004,0.681281,-0.294178,0.42904
2.8012801280128015,-0.718075,-0.323509,-0.594448
2.802280228022802,0.89683,-0.097167,-0.450764
2.803280328032803,-1.311561,-1.02439,0.478363
2.804280428042804,0.032027,0.5959,0.221819
2.8052805280528053,0.230153,-0.976465,-0.668425
2.8062806280628063,-0.793968,1.348357,-1.363965
2.8072807280728074,0.41206,-0.290589,1.032467
2.8082808280828084,-1.071796,-0.328579,0.89547
2.8092809280928095,0.338775,0.297529,-0.460425
2.81028102810281,-0.341121,-0.691854,-0.859456
2.811281128112811,-0.362282,0.620331,0.924492
2.8122812281228122,0.089773,-1.031212,0.616515
2.8132813281328133,-1.072638,0.422428,0.464357
2.8142814281428143,0.873672,-0.78773,-1.108489
2.8152815281528154,-1.466822,1.131332,0.788113
2.8162816281628165,1.464366,0.357835,0.938826
2.817281728172817,-0.364409,-0.695215,-0.857723
2.818281828182818,0.161526,0.23253,-0.691625
2.819281928192819,0.135637,-1.074805,0.282509
2.8202820282028203,-1.230974,0.841234,1.147744
2.8212821282128213,0.987447,-1.310676,-0.537085
2.8222822282228224,-2.005841,0.315922,-0.529621
2.8232823282328234,0.965217,0.194946,0.536512
2.8242824282428245,-0.520237,-0.294488,0.302453
2.825282528252825,0.309441,0.524609,-0.413391
2.826282628262826,0.223519,-0.669323,-1.040569
2.8272827282728272,-1.157554,0.808376,0.686033
2.8282828282828283,0.613579,-0.702696,1.495708
2.8292829282928293,-1.222282,0.905713,-0.545083
2.8302830283028304,0.935828,-0.824618,-0.999864
2.8312831283128315,-0.200364,0.292355,0.224481
2.832283228322832,0.052109,-0.446704,1.402183
2.833283328332833,0.340607,-0.185297,0.061776
2.834283428342834,-0.357094,0.916589,-0.937717
2.8352835283528353,1.103858,-1.216606,0.332482
2.8362836283628363,-0.795855,1.3706,1.034164
2.8372837283728374,1.210013,-1.06903,0.3829
2.8382838283828384,-0.796734,0.397887,-0.870295
2.8392839283928395,0.405912,-0.842714,0.327886
2.84028402840284,0.138134,-0.009041,1.25517
2.841284128412841,-0.858241,0.252793,0.618798
2.8422842284228422,0.61373,-1.052842,-1.264019
2.8432843284328433,-1.348403,0.707445,-0.037066
2.8442844284428443,1.387788,-0.385029,1.187495
2.8452845284528454,-0.882972,0.916003,0.205263
2.8462846284628465,0.650781,-0.926939,-0.801897
2.847284728472847,-0.139156,0.058595,-0.192658
2.848284828482848,-0.924474,0.406036,0.802212
2.849284928492849,0.33452,-0.56541,0.065709
2.8502850285028503,-0.897008,0.757542,-0.946308
2.8512851285128513,0.850172,-0.840109,-0.462505
2.8522852285228524,-0.829957,0.890969,1.062016
2.8532853285328534,0.632538,-1.155601,0.394534
2.8542854285428545,0.472795,0.886619,-0.692422
2.855285528552855,-0.331681,0.055302,-0.683761
2.856285628562856,0.867529,0.100202,0.969918
2.8572857285728572,-1.19385,0.060762,0.555751
2.8582858285828583,1.077734,-0.096718,-1.100568
2.8592859285928593,-1.318661,1.40905,-0.638176
2.8602860286028604,0.218972,-2.107462,0.503345
2.8612861286128615,-0.37248,0.972765,0.967574
2.862286228622862,-0.697261,-0.93856,-0.849788
2.863286328632863,0.641121,0.602696,-0.642599
2.864286428642864,-0.500715,-0.119001,0.682684
2.8652865286528653,0.664556,-0.449635,1.12475
2.8662866286628663,-1.089935,0.331596,-1.008301
2.8672867286728674,0.937252,-0.939109,-1.093895
2.8682868286828684,-0.156747,0.55394,0.363522
2.8692869286928695,-0.392068,-1.177873,0.74374
2.87028702870287,0.524515,0.606207,-0.384873
2.871287128712871,-1.060435,-0.589621,-0.534442
2.8722872287228722,1.000975,0.546168,0.837692
2.8732873287328733,-0.908752,-0.26062,0.427957
2.8742874287428744,0.730743,-0.854602,-0.408233
2.8752875287528754,-0.444049,1.335856,-0.832763
2.8762876287628765,-0.405899,-1.047971,0.731022
2.877287728772877,0.86418,0.988348,0.539384
2.878287828782878,-0.994399,-0.968638,-0.49443
2.879287928792879,0.506784,0.570781,-1.363329
2.8802880288028803,-0.672599,0.107386,0.53388
2.8812881288128813,0.777931,-0.484637,0.296989
2.8822882288228824,-0.692453,0.411556,-0.38594
2.8832883288328834,-0.024277,-0.847978,-1.157472
2.8842884288428845,0.614861,1.146236,0.653062
2.885288528852885,-0.578675,-0.842097,0.430347
2.886288628862886,0.967389,0.292592,-0.003049
2.8872887288728872,-0.669486,-0.205173,-0.796692
2.8882888288828883,1.593865,0.071621,-0.239761
2.8892889288928894,-0.491034,0.124581,0.910939
2.8902890289028904,0.56806,-1.343095,0.072751
2.8912891289128915,0.150744,0.944068,-0.84898
2.892289228922892,-0.945847,-0.75887,-0.25102
2.893289328932893,1.098793,0.611841,1.219353
2.894289428942894,-0.783794,-0.540498,0.006681
2.8952895289528953,1.032253,1.031058,-1.137161
2.8962896289628963,-0.602596,-0.263392,0.069061
2.8972897289728974,0.238719,-0.164908,1.171987
2.8982898289828984,0.451617,0.292041,0.40574
2.8992899289928995,-0.614433,-1.195154,-0.739263
2.9002900290029,0.704493,0.785384,-0.795786
2.901290129012901,-0.880551,-0.445706,0.491086
2.9022902290229022,1.271415,1.223599,0.314545
2.9032903290329033,-0.590628,-0.223454,-0.842643
2.9042904290429044,0.091995,-0.400609,-0.777454
2.9052905290529054,-0.098161,0.321321,0.612899
2.9062906290629065,-0.87019,-0.731733,0.89088
2.907290729072907,1.221253,1.036441,-0.850923
2.908290829082908,-1.109817,-0.735356,-0.191219
2.909290929092909,1.391569,1.124394,0.740501
2.9102910291029103,-0.741671,-0.316412,1.017766
2.9112911291129113,0.359835,0.569958,-0.202034
2.9122912291229124,0.155193,0.128934,0.0169
2.9132913291329134,-0.823912,-0.638856,0.775179
2.9142914291429145,0.806323,0.751618,0.833858
2.915291529152915,-1.497518,-0.543887,-0.698704
2.916291629162916,0.97838,1.294272,-0.457751
2.9172917291729172,-0.863035,-0.719594,0.612527
2.9182918291829183,0.5672,1.296051,0.118077
2.9192919291929194,0.060018,0.105796,-0.353839
2.9202920292029204,-0.834448,0.316452,-1.13026
2.9212921292129215,1.065549,0.38694,0.904518
2.922292229222922,-1.242331,-0.846625,0.463772
2.923292329232923,0.973199,0.483744,-0.540915
2.924292429242924,-1.289605,-1.043397,-1.100733
2.9252925292529253,0.663402,0.703847,0.589763
2.9262926292629263,-0.120139,-1.095395,0.682629
2.9272927292729274,-0.055317,0.782829,-0.565843
2.9282928292829284,0.386286,0.228206,-0.655929
2.9292929292929295,-0.775162,-0.138675,0.571737
2.93029302930293,0.696623,0.876575,0.522015
2.931293129312931,-0.615369,-0.782744,0.049504
2.9322932293229322,0.149811,0.688865,-1.202659
2.9332933293329333,-0.103088,-1.128302,0.811083
2.9342934293429344,-0.793125,0.532742,0.86505
2.9352935293529354,0.901191,-0.741035,-0.513149
2.9362936293629365,-0.600122,-0.407458,-1.107565
2.937293729372937,0.820116,0.312867,0.143795
2.938293829382938,-0.630381,-1.03632,0.619379
2.939293929392939,1.131375,1.557173,-0.117063
2.9402940294029403,-0.446388,-0.853448,-1.425136
2.9412941294129413,-0.502174,0.890113,0.647352
2.9422942294229424,0.749121,-0.378873,0.904497
2.9432943294329434,-0.480805,0.378095,0.34023
2.9442944294429445,1.203348,0.280451,-0.958252
2.945294529452945,-0.948826,-0.201773,-0.369128
2.946294629462946,0.709808,0.546268,0.524082
2.9472947294729472,-0.542229,-1.1224,0.074914
2.9482948294829483,-0.230926,1.17691,-1.158046
2.9492949294929494,0.88303,-1.657512,-0.012431
2.9502950295029504,-1.457999,1.130075,1.109869
2.9512951295129515,0.496361,-0.207262,-0.120172
2.952295229522952,-0.694791,-0.425284,-0.788115
2.953295329532953,1.216227,0.094653,-0.298187
2.954295429542954,-0.209832,-1.09995,0.900429
2.9552955295529553,-0.078728,0.708881,0.120931
2.9562956295629563,-0.102249,-1.101714,-0.749008
2.9572957295729574,-1.133918,1.300141,-0.975848
2.9582958295829584,0.767753,-0.543502,1.149665
2.9592959295929595,-1.908518,0.269977,0.140032
2.96029602960296,1.018274,0.175767,-0.539413
2.961296129612961,-0.440413,-0.711116,-0.94155
2.9622962296229622,0.261412,1.289787,0.756534
2.9632963296329633,0.10281,-1.393212,0.115264
2.9642964296429644,-0.694927,0.720609,-0.338889
2.9652965296529654,1.072902,-1.020336,-0.776573
2.9662966296629665,-1.126191,1.011938,0.833636
2.967296729672967,1.410175,-0.401825,0.737979
2.968296829682968,-0.490588,0.097383,-0.560057
2.969296929692969,0.162631,0.534923,-0.914525
2.9702970297029703,0.179844,-0.700304,0.666695
2.9712971297129713,-0.39409,0.200758,0.145104
2.9722972297229724,1.114509,-1.074911,-0.654101
2.9732973297329734,-1.073905,1.203559,-1.069739
2.9742974297429745,0.851765,-0.866839,0.941122
2.975297529752975,-0.624842,0.692779,0.92826
2.976297629762976,0.403284,-0.039651,-0.516577
2.9772977297729772,0.114884,-0.406402,-1.240506
2.9782978297829783,-0.298153,0.502779,1.315507
2.9792979297929794,0.734809,-0.414797,1.422597
2.9802980298029804,-0.679181,0.703066,-0.37032
2.9812981298129815,1.462897,-0.403606,-1.417766
2.982298229822982,-0.275743,0.37234,0.129227
2.983298329832983,0.441706,0.053674,1.113535
2.984298429842984,-0.183069,-0.282422,0.445909
2.9852985298529853,-0.675581,0.800984,-0.798278
2.9862986298629863,0.429035,-1.405565,0.78548
2.9872987298729874,-1.271416,0.978296,1.351565
2.9882988298829884,1.057036,-1.39808,-0.159215
2.9892989298929895,-0.952648,0.261727,-0.677161
2.99029902990299,0.574399,-0.826182,0.196634
2.991299129912991,-0.43222,0.184195,1.034849
2.9922992299229922,0.044339,-0.002571,-0.218735
2.9932993299329933,1.145588,-0.615619,-0.924156
2.9942994299429944,-1.524167,0.695153,-0.015357
2.9952995299529954,1.05378,-0.923163,1.158437
2.9962996299629965,-0.55166,1.653974,0.303143
2.997299729972997,0.876016,-0.665717,-0.434405
2.998299829982998,0.172507,0.488128,-0.282652
2.999299929992999,-0.532809,-0.495127,0.852509
3.0003000300030003,0.78703,-0.143169,0.11607
3.0013001300130013,-0.943631,0.740992,-0.802641
3.0023002300230024,0.92574,-0.941991,-0.173804
3.0033003300330035,-0.965482,0.202207,1.369515
3.0043004300430045,0.539103,-0.984844,0.701672
3.005300530053005,0.370744,0.970073,-1.479694
3.006300630063006,-0.789,-0.44659,-0.869655
3.0073007300730072,0.774986,0.681011,0.520708
3.0083008300830083,-1.068462,-0.112932,0.699306
3.0093009300930094,0.980439,-0.849234,-0.735248
3.0103010301030104,-0.890763,0.668775,-0.409426
3.0113011301130115,0.791137,-0.145191,0.901696
3.012301230123012,-0.197782,0.80764,0.96208
3.013301330133013,-0.393082,-1.067375,-1.146384
3.014301430143014,0.550942,0.526698,-1.212258
3.0153015301530153,-1.108559,-0.293504,0.844697
3.0163016301630163,0.943599,-0.185525,-0.350111
3.0173017301730174,-1.089134,0.481499,-1.189696
3.0183018301830185,0.597818,-0.933295,-0.492341
3.0193019301930195,-0.572252,1.018839,1.006097
3.02030203020302,-0.235512,-0.461272,0.820705
3.021302130213021,0.314161,1.246962,-0.47259
3.0223022302230222,-0.568265,-0.760494,-0.73069
3.0233023302330233,1.02313,0.505303,0.53617
3.0243024302430244,-1.056782,-0.528075,0.340595
3.0253025302530254,1.257033,-0.701951,-0.925685
3.0263026302630265,-0.385869,0.474379,-1.086961
3.027302730273027,-0.088842,-1.315654,0.971376
3.028302830283028,0.369623,1.364548,0.581895
3.029302930293029,-0.773231,-0.591049,-0.447259
3.0303030303030303,0.656228,0.307943,-0.962765
3.0313031303130313,-0.815335,-0.573162,0.130438
3.0323032303230324,1.114282,-0.427012,0.688809
3.0333033303330335,-0.258623,0.832137,-0.23378
3.0343034303430345,-0.41479,-1.004925,-0.391907
3.035303530353035,0.384074,0.800739,0.632924
3.036303630363036,-0.460917,-1.155757,0.704521
3.0373037303730372,0.789666,0.856799,-0.303352
3.0383038303830383,-0.740954,-0.261223,-1.581149
3.0393039303930394,0.936957,0.513764,1.125628
3.0403040304030404,-0.525849,-0.158587,0.752558
3.0413041304130415,0.375469,-0.542384,0.453736
3.042304230423042,0.187595,1.443959,-0.946219
3.043304330433043,-1.065221,-0.826754,-0.259855
3.044304430443044,0.797316,1.030992,1.129138
3.0453045304530453,-0.910174,-0.724518,-0.145248
3.0463046304630463,0.85296,0.273958,-0.433115
3.0473047304730474,-0.356721,-0.542427,0.101174
3.0483048304830485,-0.025509,-0.333207,1.000019
3.0493049304930495,0.375083,0.905622,0.753233
3.05030503050305,-0.598389,-1.21295,-0.746536
3.051305130513051,0.980121,1.20046,-0.244169
3.0523052305230522,-0.415758,-1.07174,0.765848
3.0533053305330533,0.576515,1.473777,0.172358
3.0543054305430544,-0.191356,-0.942539,-0.959672
3.0553055305530554,0.032961,0.225345,0.219398
3.0563056305630565,0.515049,0.15077,0.628583
3.057305730573057,-0.141144,-0.539131,0.324269
3.058305830583058,0.831442,1.334956,-0.714303
3.059305930593059,-0.779398,-0.660126,-0.63254
3.0603060306030603,1.020053,0.691372,1.077611
3.0613061306130613,-0.556661,-1.432938,0.97736
3.0623062306230624,0.627204,0.912022,-0.637257
3.0633063306330635,-0.206937,-0.031089,-1.002106
3.0643064306430645,-0.533062,0.284392,1.156869
3.065306530653065,1.103294,0.296668,0.785224
3.066306630663066,-0.823173,-1.046517,-1.076601
3.0673067306730672,1.030285,0.677363,-0.965502
3.0683068306830683,-0.722723,-1.372746,0.810574
3.0693069306930694,0.085104,1.213607,0.353647
3.0703070307030704,-0.159774,-0.147846,-0.617459
3.0713071307130715,-0.960904,0.625409,-0.616504
3.072307230723072,0.761806,0.016042,1.570121
3.073307330733073,-0.581591,-0.389285,0.136007
3.074307430743074,1.260202,0.936357,-0.497924
3.0753075307530753,-0.464823,-0.972132,-0.219421
3.0763076307630763,0.316195,1.634719,0.987373
3.0773077307730774,0.053389,-1.105656,0.649549
3.0783078307830785,-0.48836,0.909743,-0.511945
3.0793079307930795,0.741288,0.238196,-1.13957
3.08030803080308,-1.219367,-0.058928,0.62252
3.081308130813081,0.185932,0.609944,1.050736
3.0823082308230823,-0.617759,-0.799483,-0.07898
3.0833083308330833,1.058815,1.403429,-0.471026
3.0843084308430844,-0.112938,-1.241796,0.019921
3.0853085308530854,-0.562261,0.697908,0.245881
3.0863086308630865,0.627217,-0.937112,-0.618616
3.0873087308730875,-0.959992,0.167439,-1.202489
3.088308830883088,0.990237,0.164607,0.466652
3.0893089308930892,-0.7785,-0.114658,0.906586
3.0903090309030903,0.751162,0.558705,0.19453
3.0913091309130913,-0.118534,-1.100087,-0.461155
3.0923092309230924,-0.306741,0.755419,0.520345
3.0933093309330935,0.832186,-0.150143,1.345163
3.0943094309430945,-0.902412,0.559458,-0.309222
3.095309530953095,0.919473,-0.149714,-1.129966
3.096309630963096,-0.497748,-0.330101,0.495204
3.0973097309730973,0.67363,0.492153,0.886931
3.0983098309830983,-0.03431,-0.615609,0.174329
3.0993099309930994,0.156422,0.605411,-1.128068
3.1003100310031004,-0.083601,-1.416685,-0.076523
3.1013101310131015,-0.800769,0.42573,0.839416
3.1023102310231025,0.949392,0.016955,-0.106428
3.103310331033103,-0.94508,-0.001112,-0.358717
3.1043104310431042,0.793454,0.26387,-0.120969
3.1053105310531053,-0.584701,0.090299,0.566798
3.1063106310631063,-0.456505,0.660128,-0.140718
3.1073107310731074,0.602283,-0.690527,-0.754751
3.1083108310831085,-0.97108,0.562321,-0.289754
3.1093109310931095,1.334831,-0.540863,0.355166
3.11031103110311,-0.635906,1.103819,0.221673
3.111311131113111,0.481191,0.19795,-0.686053
3.1123112311231123,-1.091029,-0.420256,-0.216147
3.1133113311331133,-0.074308,0.686687,1.099569
3.1143114311431144,0.462965,-0.704627,0.554951
3.1153115311531154,-1.363231,0.804119,-1.183358
3.1163116311631165,0.888742,-1.139721,-0.858822
3.1173117311731176,-1.127924,1.100668,1.511619
3.118311831183118,1.503174,-0.356119,0.055608
3.1193119311931192,-0.357032,-0.039169,-0.432443
3.1203120312031203,0.431082,-0.136498,-0.574715
3.1213121312131213,-0.14134,-1.028696,1.456618
3.1223122312231224,-1.029678,0.820242,1.06524
3.1233123312331235,1.111527,-1.100514,-0.962689
3.1243124312431245,-1.538556,0.850461,-0.742323
3.125312531253125,0.789708,-0.601612,0.879989
3.126312631263126,-0.343908,0.648625,0.727218
3.1273127312731273,0.036651,-0.456944,-0.049904
3.1283128312831283,-0.175182,-0.895177,-1.043507
3.1293129312931294,-0.479285,0.060689,0.706156
3.1303130313031304,0.984439,-0.569394,0.606757
3.1313131313131315,-1.157164,0.720058,-0.322948
3.1323132313231326,0.177338,-0.841334,-0.390257
3.133313331333133,-0.532117,1.208214,0.408306
3.1343134313431342,0.775397,-0.166768,1.455805
3.1353135313531353,0.462547,0.087892,0.069117
3.1363136313631363,-0.469919,0.244667,-0.810448
3.1373137313731374,0.510496,-0.387092,0.232014
3.1383138313831385,-1.116234,1.071755,0.637163
3.1393139313931395,0.933181,-0.895584,-0.490301
3.14031403140314,-0.633786,0.860967,-0.945156
3.141314131413141,0.467812,-0.539243,0.09838
3.1423142314231423,-0.108334,0.407063,0.3994
3.1433143314331433,-0.47115,-0.166465,-0.420792
3.1443144314431444,1.367601,-0.919016,-0.768263
3.1453145314531454,-1.088114,0.914352,0.217709
3.1463146314631465,1.375862,-0.770109,0.78836
3.1473147314731476,-1.304853,0.808261,-0.280481
3.148314831483148,0.429746,-0.993518,-0.89736
3.1493149314931492,-0.358536,1.587222,0.494534
3.1503150315031503,-0.116879,-0.308945,1.147645
3.1513151315131513,0.879761,0.126717,0.221101
3.1523152315231524,-1.180327,-0.012614,-1.450235
3.1533153315331535,0.670499,-0.578344,-0.716564
3.1543154315431545,-0.960155,0.483702,0.646509
3.155315531553155,0.534162,-1.148207,-0.351987
3.156315631563156,-0.517608,1.323845,-0.657177
3.1573157315731573,-0.014583,-0.441929,0.397009
3.1583158315831583,0.118345,0.595072,1.622426
3.1593159315931594,-1.08617,0.129343,0.455532
3.1603160316031604,-0.00853,-0.017633,-1.174352
3.1613161316131615,-0.655801,0.566422,-1.004184
3.1623162316231626,0.738024,-0.600939,0.544251
3.163316331633163,-0.02413,1.127706,-0.179206
3.1643164316431642,-0.561293,-1.181388,-0.627682
3.1653165316531653,0.752833,0.685521,-0.539314
3.1663166316631663,-0.945089,-0.119614,1.376417
3.1673167316731674,0.982671,0.103732,0.96236
3.1683168316831685,-0.879903,0.260706,-0.765283
3.1693169316931695,1.562407,-0.291102,-0.410869
3.17031703170317,-0.393557,1.189573,1.219974
3.171317131713171,-0.072315,-1.599799,1.012255
3.1723172317231723,0.657699,1.331415,-0.846762
3.1733173317331733,-1.2655,-0.832079,-1.2835
3.1743174317431744,1.051863,0.722694,0.740033
3.1753175317531754,-0.713017,-0.292272,0.702129
3.1763176317631765,0.838629,-0.674989,-0.303414
3.1773177317731776,-0.285703,0.5895,-0.532192
3.178317831783178,0.017568,-1.114198,0.747183
3.1793179317931792,0.381126,0.913273,0.649134
3.1803180318031803,-1.17778,-0.54907,-0.946356
3.1813181318131813,1.243541,0.847678,-0.623221
3.1823182318231824,-0.418821,-0.104625,0.895097
3.1833183318331835,0.888653,0.262309,1.177929
3.1843184318431845,-0.465907,0.754025,-0.171373
3.185318531853185,-0.000104,-0.414009,-0.982514
3.186318631863186,0.438287,0.683885,0.626966
3.1873187318731873,-0.858752,-0.902843,0.720512
3.1883188318831883,0.860035,0.684249,-0.02517
3.1893189318931894,-0.527858,-1.230388,-1.363654
3.1903190319031904,0.508461,0.725515,0.647156
3.1913191319131915,-0.501349,0.012037,0.659166
3.1923192319231926,0.333473,0.138735,-0.703876
3.193319331933193,0.07217,0.721297,-0.538494
3.1943194319431942,-0.44867,-0.58078,0.335869
3.1953195319531953,0.752963,1.157798,0.906533
3.1963196319631964,-0.414562,-0.780626,-0.213175
3.1973197319731974,0.54461,0.395155,-0.761913
3.1983198319831985,-0.311041,-0.495735,0.208678
3.1993199319931995,0.284383,0.362312,0.622087
3.2003200320032,0.224783,0.59251,-0.381327
3.201320132013201,-0.935539,-0.60644,-1.049453
3.2023202320232023,0.96502,1.04837,-0.313443
3.2033203320332033,-0.856839,-1.389665,1.345304
3.2043204320432044,1.415858,1.3322,0.16747
3.2053205320532054,-0.717129,-0.603292,-1.408276
3.2063206320632065,0.710256,1.018429,-0.685707
3.2073207320732076,-0.158491,0.079654,0.947234
3.208320832083208,-1.324686,-0.282465,0.343379
3.2093209320932092,0.464589,0.599302,-0.696001
3.2103210321032103,-1.250756,-0.600244,0.156707
3.2113211321132114,0.724051,1.152753,1.217736
3.2123212321232124,-0.887552,-0.670723,0.370299
3.2133213321332135,0.391778,0.946811,-1.463867
3.2143214321432145,0.634094,-0.232729,-0.428768
3.215321532153215,-0.608008,0.251286,1.433547
3.216321632163216,0.218656,0.156138,0.171803
3.2173217321732173,-0.875103,-1.132113,-0.55564
3.2183218321832183,0.949449,1.183434,-0.340607
3.2193219321932194,-0.520498,-0.661132,1.249268
3.2203220322032204,0.048503,1.351628,0.816788
3.2213221322132215,0.346472,-1.319227,-0.888964
3.2223222322232226,-0.715952,0.436363,-0.722438
3.223322332233223,0.306538,0.051597,0.622594
3.2243224322432242,-1.277027,-0.431047,1.027063
3.2253225322532253,0.550056,0.0952,-0.98045
3.2263226322632264,-0.944473,-0.783253,-0.995648
3.2273227322732274,0.805449,0.880138,1.26662
3.2283228322832285,-0.250802,-1.037258,0.703606
3.2293229322932295,-0.224845,1.039233,-0.413802
3.23032303230323,0.1379,-0.562058,-1.040364
3.231323132313231,-0.705594,0.15392,0.230143
3.2323232323232323,0.952077,0.430787,0.945855
3.2333233323332333,-1.07821,-0.685153,-0.616883
3.2343234323432344,0.562137,0.407678,-1.071121
3.2353235323532354,-0.278426,-0.953537,0.280218
3.2363236323632365,-0.369374,0.638115,1.128113
3.2373237323732376,0.386652,-1.085424,-0.225659
3.238323832383238,-1.335493,0.330768,-0.60444
3.2393239323932392,0.838226,0.310996,0.613905
3.2403240324032403,-0.566032,-0.504918,0.620043
3.2413241324132414,0.978717,0.481198,-0.649724
3.2423242324232424,-0.161239,-0.919971,-0.999967
3.2433243324332435,-0.185976,1.05977,0.359726
3.2443244324432445,0.477319,-0.311849,0.489416
3.245324532453245,-1.366235,0.511059,0.176409
3.246324632463246,0.764685,-0.562497,-1.322954
3.2473247324732473,-0.540836,0.303662,0.41703
3.2483248324832483,1.008523,0.615516,0.778044
3.2493249324932494,-0.142785,-0.763473,-0.382788
3.2503250325032504,0.238731,1.199409,-0.721003
3.2513251325132515,0.492633,-0.892878,-0.003931
3.2523252325232526,-0.529966,1.154132,1.112283
3.253325332533253,1.194829,-0.625516,0.018908
3.2543254325432542,-0.920111,0.492738,-0.990095
3.2553255325532553,0.490217,0.458312,0.031391
3.2563256325632564,0.029279,-0.482407,0.980844
3.2573257325732574,0.180887,0.719142,0.427087
3.2583258325832585,0.598252,-1.350052,-0.606418
3.2593259325932595,-1.017538,0.926921,-0.237623
3.26032603260326,1.03236,-1.043239,1.228723
3.261326132613261,-0.777625,1.005371,0.547372
3.2623262326232623,1.36642,-0.694166,-1.801126
3.2633263326332633,-0.436536,-0.321617,-0.376887
3.2643264326432644,-0.448207,0.521398,1.283206
3.2653265326532654,0.206915,-0.773904,0.296104
3.2663266326632665,-1.051621,0.775586,-1.229892
3.2673267326732676,0.63417,-1.029121,-0.436374
3.268326832683268,-0.831461,1.501984,1.000871
3.2693269326932692,1.047072,-0.468813,0.739623
3.2703270327032703,-0.766266,0.494427,-0.150228
3.2713271327132714,0.060315,0.462745,-1.149151
3.2723272327232724,0.717142,-0.781422,0.969607
3.2733273327332735,-0.717151,0.483962,0.412711
3.2743274327432745,0.181296,-0.819256,-0.738017
3.275327532753275,-1.006816,0.792791,-0.42592
3.276327632763276,1.023372,-1.014725,1.021014
3.2773277327732773,-0.721007,1.192075,0.831166
3.2783278327832783,0.831355,-0.824305,-0.667812
3.2793279327932794,-0.030223,0.230238,-0.966714
3.2803280328032804,-0.604881,0.39204,0.762065
3.2813281328132815,0.925048,-1.279913,1.426513
3.2823282328232826,-0.891773,0.930182,-0.022709
3.283328332833283,1.437262,-0.982344,-0.695809
3.2843284328432842,-0.048067,1.281028,0.201166
3.2853285328532853,0.09702,-0.341641,0.95507
3.2863286328632864,0.016634,0.862964,-0.409984
3.2873287328732874,-0.455928,-0.464297,-0.845293
3.2883288328832885,0.976889,-0.333297,0.60933
3.2893289328932895,-1.107509,0.255483,0.417683
3.29032903290329,0.896988,-1.394216,-0.328606
3.291329132913291,-0.595298,0.740755,-0.774726
3.2923292329232923,0.800911,-0.635114,0.182187
3.2933293329332933,-0.202104,1.021063,0.431524
3.2943294329432944,-0.623832,0.144347,0.025649
3.2953295329532954,0.894144,0.042346,-1.052822
3.2963296329632965,-0.885357,0.560315,0.011298
3.2973297329732976,1.270915,-0.652621,0.571099
3.298329832983298,-0.638212,0.333033,-0.043864
3.2993299329932992,0.899831,-1.006513,-0.859308
3.3003300330033003,0.159169,0.754053,0.774666
3.3013301330133014,-0.090896,-0.782588,0.801275
3.3023302330233024,0.412225,0.447991,0.056791
3.3033303330333035,-0.752302,0.116637,-0.92667
3.3043304330433045,1.369318,-0.577996,0.134005
3.305330533053305,-1.044565,0.726574,1.61745
3.306330633063306,0.039938,-0.705626,0.16333
3.3073307330733073,-0.341686,0.704538,-0.587384
3.3083308330833083,-0.802972,-0.681704,-0.056506
3.3093309330933094,0.244441,0.926528,0.661521
3.3103310331033104,-0.575431,0.084293,-0.326522
3.3113311331133115,1.155703,0.411677,-0.872612
3.3123312331233126,-0.739224,0.406802,-0.57273
3.313331333133313,0.855129,-0.399595,0.546777
3.3143314331433142,-0.547826,0.831911,0.90592
3.3153315331533153,-0.525113,-1.175295,-1.518802
3.3163316331633164,0.109749,1.040128,-0.728637
3.3173317331733174,-0.503047,-0.621164,0.821681
3.3183318331833185,1.68643,0.240085,-0.035492
3.3193319331933195,-0.944371,-0.457289,-0.732337
3.32033203320332,1.054815,-0.708843,-0.823067
3.321332133213321,-0.227661,0.422837,0.595979
3.3223322332233223,-0.223486,-0.895695,0.780749
3.3233323332333233,0.849287,0.973554,-0.592951
3.3243324332433244,-1.637532,-0.811851,-0.653413
3.3253325332533255,1.148963,0.977432,0.522335
3.3263326332633265,-1.016966,0.01227,0.913294
3.3273327332733276,1.208917,0.145794,-0.186351
3.328332833283328,-0.239615,0.158087,-0.577188
3.3293329332933292,-0.188603,-0.689479,0.88584
3.3303330333033303,0.768498,1.299773,0.711705
3.3313331333133314,-0.768006,-1.013032,-0.18756
3.3323332333233324,0.696264,1.170312,-0.558951
3.3333333333333335,-1.086882,-0.533507,0.763498
3.3343334333433345,1.100975,0.337559,0.504343
3.335333533353335,-0.580331,0.245531,-0.765804
3.336333633363336,-0.445652,-0.928346,-0.877418
3.3373337333733373,0.402512,0.715816,0.840253
3.3383338333833383,-0.871832,-1.08772,1.053342
3.3393339333933394,0.473618,0.828214,-0.278673
3.3403340334033405,-0.508964,-0.981361,-1.100628
3.3413341334133415,0.932403,0.779654,0.10788
3.3423342334233426,-0.706673,0.6949,1.308378
3.343334333433343,-0.000607,-0.151113,-0.643873
3.3443344334433442,0.260384,0.353044,-1.160434
3.3453345334533453,-0.663731,-0.668925,0.086303
3.3463346334633464,1.115195,0.4482,0.84359
3.3473347334733474,-1.020926,-0.877206,-0.578153
3.3483348334833485,0.449168,0.668145,-0.839234
3.3493349334933495,-0.421523,-0.52865,0.369769
3.35033503350335,-0.016018,-0.146318,1.429954
3.351335133513351,0.523346,0.328559,-0.612352
3.3523352335233523,-0.660158,-0.45666,-1.50566
3.3533353335333533,0.805655,0.280479,-0.398174
3.3543354335433544,-1.081039,-0.935812,0.827133
3.3553355335533555,0.362988,0.740018,0.258521
3.3563356335633565,-1.009987,-1.098187,-0.889098
3.3573357335733576,0.401938,0.408586,0.302848
3.358335833583358,-0.565071,-0.047557,1.250313
3.3593359335933592,-1.071829,0.51581,0.510752
3.3603360336033603,0.643459,0.597782,-0.666441
3.3613361336133614,-0.976522,-1.223264,-0.714412
3.3623362336233624,1.007862,0.745404,1.36282
3.3633363336333635,-0.860144,-0.525699,-0.272842
3.3643364336433645,-0.160705,1.353592,-1.032449
3.365336533653365,-0.042079,-0.160696,-0.267561
3.366336633663366,-0.060181,0.31335,1.649801
3.3673367336733673,0.389237,-0.409514,0.463708
3.3683368336833683,-1.277087,-0.146875,-1.221425
3.3693369336933694,1.131745,0.771183,-0.214917
3.3703370337033705,-1.177627,-1.154816,0.940603
3.3713371337133715,-0.034316,1.016543,0.620856
3.3723372337233726,-0.130259,-0.527824,-0.391365
3.373337333733373,-0.812511,0.652746,-0.718002
3.3743374337433742,0.747806,-0.711698,1.146141
3.3753375337533753,-0.88177,-0.041895,-0.491555
3.3763376337633764,0.869135,0.876875,-0.909405
3.3773377337733774,-0.991473,-0.660419,-0.863932
3.3783378337833785,0.880388,1.042646,0.964288
3.3793379337933795,0.025501,-1.062876,0.977546
3.38033803380338,-0.208733,0.901188,-0.365782
3.381338133813381,0.822501,-0.976381,-0.928343
3.3823382338233823,-1.062972,0.04455,0.923669
3.3833383338333833,0.361909,0.036944,1.164929
3.3843384338433844,-0.72652,-0.049065,-1.056506
3.3853385338533855,1.336042,0.577741,-1.053796
3.3863386338633865,-0.189685,-1.400026,1.249047
3.3873387338733876,-0.570251,1.326332,0.883961
3.388338833883388,-0.082073,-0.808656,-0.019501
3.3893389338933892,-1.4786,1.095599,-1.317509
3.3903390339033903,1.095678,-0.259984,1.051588
3.3913391339133914,-1.23391,-0.461855,1.111192
3.3923392339233924,0.994259,0.827653,-0.660424
3.3933393339333935,-0.431887,-1.247391,-0.936853
3.3943394339433945,-0.195729,0.894336,0.561023
3.395339533953395,0.888281,-1.036064,1.049831
3.396339633963396,-0.502669,1.202845,-0.726092
3.3973397339733973,0.527562,-0.797333,-0.688903
3.3983398339833983,-1.132568,0.461885,0.121127
3.3993399339933994,1.003839,-0.350187,1.365784
3.4003400340034005,-0.702209,-0.404534,-0.452751
3.4013401340134015,-0.087848,0.462538,-1.175411
3.4023402340234026,0.267099,-1.008715,-0.032862
3.403340334033403,-1.175838,1.374554,0.715848
3.4043404340434043,0.675512,-0.363329,0.119184
3.4053405340534053,-0.807443,0.086365,-0.66774
3.4063406340634064,0.68554,-0.5886,0.244282
3.4073407340734074,0.131048,0.262797,0.98221
3.4083408340834085,-0.122419,0.343666,-0.035822
3.4093409340934095,0.745021,-0.963429,-0.827535
3.41034103410341,-1.040901,0.754869,-0.160483
3.411341134113411,1.237033,-1.184643,1.284033
3.4123412341234123,-0.874694,1.159514,0.307546
3.4133413341334133,0.741838,-0.358214,-1.288654
3.4143414341434144,0.076997,0.625651,-0.697902
3.4153415341534155,0.040282,0.143743,1.169066
3.4163416341634165,0.418915,-0.390853,-0.070811
3.4173417341734176,-1.14065,0.645357,-1.04607
3.418341834183418,0.505761,-0.634807,-0.637539
3.4193419341934193,-1.345684,1.108304,0.949309
3.4203420342034203,0.465938,-0.671844,0.552342
3.4213421342134214,-0.261253,0.439685,-0.589704
3.4223422342234224,0.181346,-0.68957,-0.631446
3.4233423342334235,-0.212814,0.074514,1.021231
3.4243424342434245,-0.771954,0.027992,0.671799
3.425342534253425,0.583874,-0.425421,-0.779397
3.4263426342634262,-0.693097,0.839275,-0.842159
3.4273427342734273,0.520451,-0.708231,1.14454
3.4283428342834283,-0.578218,0.838876,-0.0354
3.4293429342934294,0.389032,-0.777367,-0.623214
3.4303430343034305,0.274841,0.010138,-1.137745
3.4313431343134315,-0.498276,0.515668,0.690768
3.4323432343234326,0.683021,-0.425608,0.639003
3.433343334333433,-0.587828,0.605031,-0.82037
3.4343434343434343,1.034309,-1.138174,-0.70918
3.4353435343534353,-0.276164,1.179046,0.695671
3.4363436343634364,-0.184367,-0.676887,0.956891
3.4373437343734374,-0.538329,0.593695,-0.331716
3.4383438343834385,-0.663058,-0.573323,-1.045614
3.4393439343934396,0.458803,-0.430136,0.815814
3.44034403440344,-0.819998,-0.221435,0.965788
3.4413441344134412,0.970423,-0.69711,-0.131991
3.4423442344234423,-0.682212,1.292912,-0.790915
3.4433443344334433,-0.105465,-1.353807,0.833522
3.4443444344434444,0.066186,0.511555,1.517302
3.4453445344534455,-0.738224,-0.221892,-0.214825
3.4463446344634465,0.713432,0.208161,-0.913396
3.4473447344734476,-0.716181,0.519143,-0.21882
3.448344834483448,1.190701,-1.082323,0.922155
3.4493449344934493,-0.322349,0.085465,-0.446709
3.4503450345034503,-0.175895,-0.901433,-1.257824
3.4513451345134514,0.090072,1.281637,0.409709
3.4523452345234524,-0.640715,-0.28408,1.034178
3.4533453345334535,0.464593,0.797832,-0.670765
3.4543454345434546,-0.834788,0.393534,-1.118341
3.455345534553455,0.385504,-0.195039,0.258448
3.4563456345634562,-1.037342,0.59739,1.449429
3.4573457345734573,0.821346,-1.319654,-0.268058
3.4583458345834583,0.142559,0.766047,-0.925765
3.4593459345934594,-0.349141,-1.093145,0.158316
3.4603460346034605,0.904869,0.95872,1.336136
3.4613461346134615,-1.563848,-0.447028,-0.358115
3.4623462346234626,0.647303,0.047268,-0.641568
3.463346334633463,-1.347762,0.601789,-0.368356
3.4643464346434643,0.730755,-0.602613,1.029769
3.4653465346534653,-0.780496,0.522925,0.132591
3.4663466346634664,-0.486819,-0.649072,-0.108126
3.4673467346734674,-0.007719,1.141602,-0.137613
3.4683468346834685,-1.015556,-0.465321,0.943246
3.4693469346934696,1.178692,0.432293,-0.292946
3.47034703470347,-0.798583,0.019033,-0.965294
3.4713471347134712,0.617516,-0.479157,-0.418157
3.4723472347234723,-0.580453,0.460287,1.389673
3.4733473347334733,-0.467982,-0.99905,0.563369
3.4743474347434744,0.277091,0.790287,-1.363282
3.4753475347534755,-1.419143,-1.245238,-1.018566
3.4763476347634765,0.72982,0.695262,1.173321
3.4773477347734776,-1.373433,-0.060083,-0.050041
3.478347834783478,0.408986,0.01267,-0.98853
3.4793479347934793,-0.498165,-0.114725,-0.172739
3.4803480348034803,-0.085633,-0.553677,1.123459
3.4813481348134814,0.257127,0.701731,0.747451
3.4823482348234824,-0.661478,-0.619167,-0.961806
3.4833483348334835,0.898355,1.018108,-0.812972
3.4843484348434846,-1.278036,-0.8139,0.723688
3.485348534853485,0.939008,0.553832,0.470144
3.4863486348634862,-0.443556,0.033219,-0.974191
3.4873487348734873,0.023895,-0.25528,-1.049091
3.4883488348834883,-0.027801,0.750534,0.919088
3.4893489348934894,-1.539277,-1.092042,0.831411
3.4903490349034905,0.647486,1.100817,-0.523407
3.4913491349134915,-0.374387,-1.045238,-0.354343
3.4923492349234926,1.164546,1.058564,0.613858
3.493349334933493,-0.246658,-0.016679,0.491461
3.4943494349434943,-0.323814,0.101752,-0.518965
3.4953495349534953,0.267238,0.769026,-0.939014
3.4963496349634964,-0.37188,-0.190168,0.837701
3.4973497349734974,1.169091,0.615109,1.076323
3.4983498349834985,-0.971996,-0.898292,-0.623271
3.4993499349934996,1.09726,1.159874,-0.736116
3.5003500350035,-0.017491,-0.913106,0.429019
3.5013501350135012,0.378256,0.596651,0.897608
3.5023502350235023,0.35839,-0.267008,-0.408158
3.5033503350335033,-0.672762,0.00782,-1.512082
3.5043504350435044,0.596393,0.261609,0.390431
3.5053505350535055,-0.778557,-0.706685,1.329405
3.5063506350635065,0.759547,1.307972,-0.155279
3.5073507350735076,-0.26823,-0.894933,-0.183735
3.508350835083508,-0.404471,0.395048,-0.059929
3.5093509350935093,0.544107,-0.286399,0.904225
3.5103510351035103,-0.498772,0.004881,0.254506
3.5113511351135114,1.34445,-0.241744,-1.17384
3.5123512351235124,-0.779794,-0.466763,-0.652227
3.5133513351335135,1.019706,0.643783,1.016163
3.5143514351435146,-0.474005,-0.891546,-0.282484
3.515351535153515,-0.045114,0.744468,-1.036462
3.5163516351635162,0.013686,-0.557574,-0.713879
3.5173517351735173,-0.630548,1.096013,0.738611
3.5183518351835184,0.468056,0.825112,1.010279
3.5193519351935194,-0.998101,-0.201975,-0.533778
3.5203520352035205,0.686728,0.983119,-0.437389
3.5213521352135215,-0.647309,-0.753443,1.356823
3.5223522352235226,0.293247,0.873434,1.132689
3.523352335233523,0.352274,-0.713406,-1.066684
3.5243524352435243,-0.842587,1.10872,-0.559506
3.5253525352535253,0.561111,-0.528839,1.01355
3.5263526352635264,-1.496481,0.246652,0.525434
3.5273527352735274,1.57903,0.24145,-0.659518
3.5283528352835285,-0.890145,-0.730681,-0.564855
3.5293529352935296,0.614582,0.796679,0.969344
3.53035303530353,0.236029,-0.914573,0.208746
3.5313531353135312,-0.555178,0.975544,-0.647881
3.5323532353235323,0.412861,-0.516212,-0.597764
3.5333533353335334,-0.855009,0.607463,0.580008
3.5343534353435344,1.474202,0.20596,0.303629
3.5353535353535355,-0.882449,-0.452474,-0.213831
3.5363536353635365,0.385203,0.604101,-1.175961
3.5373537353735376,0.022831,-0.71825,0.822165
3.538353835383538,-0.095065,1.390452,0.543799
3.5393539353935393,0.320986,-0.891546,-0.794488
3.5403540354035403,-1.185536,1.098651,-1.249081
3.5413541354135414,1.24383,-0.306641,0.983917
3.5423542354235424,-0.579704,-0.595307,0.815257
3.5433543354335435,1.292283,0.498638,-0.074071
3.5443544354435446,-0.470122,-1.120707,-1.195669
3.545354535453545,-0.712763,1.102347,0.925427
3.5463546354635462,0.385718,-0.901101,0.920114
3.5473547354735473,-1.347205,1.078855,-0.736805
3.5483548354835484,0.735926,-1.09666,-0.835294
3.5493549354935494,-1.078889,0.576543,-0.036845
3.5503550355035505,1.196404,0.045926,1.079786
3.5513551355135515,-0.013517,-0.503107,-0.747201
3.5523552355235526,0.161431,0.61684,-1.157485
3.553355335533553,0.710836,-0.731422,0.135926
3.5543554355435543,-0.606855,1.505176,0.917443
3.5553555355535553,1.303925,-1.50345,-0.513074
3.5563556355635564,-1.361958,0.887177,-0.728521
3.5573557355735574,0.894242,-0.307105,0.551226
3.5583558355835585,-0.448056,0.565402,0.656994
3.5593559355935596,0.209748,0.157965,-0.040184
3.56035603560356,0.072303,-0.987782,-1.500904
3.5613561356135612,-0.920893,0.656913,0.217644
3.5623562356235623,1.75315,-1.029604,0.768272
3.5633563356335634,-0.953114,0.930087,0.173403
3.5643564356435644,0.900012,-0.437883,-0.739498
3.5653565356535655,-0.349174,0.559038,0.518017
3.5663566356635665,0.012527,0.890392,0.669172
3.5673567356735676,0.541221,-0.375363,0.281398
3.568356835683568,-0.783398,0.098968,-0.49077
3.5693569356935693,0.825326,-0.949896,0.092262
3.5703570357035703,-0.325473,1.299537,1.170226
3.5713571357135714,0.99166,-0.775397,-0.197455
3.5723572357235724,-0.275895,0.789419,-0.659961
3.5733573357335735,-0.266569,-0.648712,-0.358691
3.5743574357435746,0.322599,-0.046848,1.173424
3.575357535753575,-0.965453,0.336048,0.434401
3.5763576357635762,1.738595,-0.215713,-0.850105
3.5773577357735773,-0.523984,0.937197,-0.570296
3.5783578357835784,1.685489,-0.715239,0.661858
3.5793579357935794,-0.69948,1.110535,0.744907
3.5803580358035805,-0.082899,-0.850269,-0.956086
3.5813581358135815,-0.051859,0.401624,-0.585056
3.5823582358235826,-0.264378,-0.03023,0.754853
3.583358335833583,0.714204,-0.698287,0.264075
3.5843584358435843,-1.00488,0.906803,-0.24726
3.5853585358535853,0.674586,-0.879022,-1.237309
3.5863586358635864,-0.368678,0.988956,0.797449
3.5873587358735874,0.207394,-1.33407,0.993961
3.5883588358835885,-0.09777,0.666072,-0.884015
3.5893589358935896,-0.26177,-0.465526,-0.972353
3.59035903590359,0.771638,-0.080018,1.033082
3.5913591359135912,-0.949117,-0.17325,1.243872
3.5923592359235923,0.893762,-0.504312,-0.065593
3.5933593359335934,-0.460268,0.240227,-0.67996
3.5943594359435944,0.79193,-0.812108,0.057055
3.5953595359535955,-0.487605,1.344131,0.910726
3.5963596359635965,-0.6973,-0.039655,-0.049402
3.5973597359735976,0.683448,-0.066804,-1.356169
3.598359835983598,-1.0822,0.383402,1.073624
3.5993599359935993,1.195017,-0.861508,1.000947
3.6003600360036003,-0.610652,0.649889,-0.100203
3.6013601360136014,0.304878,-0.5676,-0.840908
3.6023602360236024,0.007898,0.521884,0.910968
3.6033603360336035,-0.405206,-0.982529,0.420055
3.6043604360436046,0.397243,1.018513,-0.29203
3.605360536053605,-0.316441,-0.403404,-1.235727
3.6063606360636062,0.596896,-0.09541,-0.366223
3.6073607360736073,-0.936365,0.179232,0.771414
3.6083608360836084,0.640419,-0.226585,-0.136282
3.6093609360936094,-0.210922,0.761582,-0.913559
3.6103610361036105,-0.199504,-0.667538,0.300292
3.6113611361136115,0.749602,0.547077,0.647721
3.6123612361236126,-1.285772,-0.472005,-0.334858
3.613361336133613,1.007283,0.870526,-0.924263
3.6143614361436143,-1.146722,-0.799197,0.219907
3.6153615361536153,0.382982,-0.445834,0.806018
3.6163616361636164,0.156547,0.195632,-0.024501
3.6173617361736174,-0.696825,-1.039176,-1.312122
3.6183618361836185,-0.081437,0.622034,-0.08973
3.6193619361936196,-1.107831,-1.266466,0.688506
3.62036203620362,1.33324,0.980489,0.084348
3.6213621362136212,-0.506816,-0.150793,-1.260132
3.6223622362236223,1.116893,-0.282585,-0.255435
3.6233623362336234,0.137113,0.28012,1.000726
3.6243624362436244,-0.43045,-1.005899,-0.045505
3.6253625362536255,1.164103,1.043455,-0.353606
3.6263626362636265,-0.92518,-1.178184,0.012037
3.6273627362736276,1.007216,1.071938,0.535375
3.628362836283628,-0.655875,-0.951479,0.488047
3.6293629362936293,0.810701,0.107544,-0.606068
3.6303630363036303,-0.091147,-0.140556,-0.672855
3.6313631363136314,0.175685,-0.488751,0.525171
3.6323632363236324,0.125377,0.261425,0.289702
3.6333633363336335,-1.036533,-0.686721,-0.981124
3.6343634363436346,0.861508,1.217297,-0.97883
3.635363536353635,-0.907033,-1.230732,0.646214
3.6363636363636362,0.903534,0.740431,0.637194
3.6373637363736373,-0.162547,-0.113321,-0.766414
3.6383638363836384,-0.164472,-0.066053,-1.055538
3.6393639363936394,0.247523,0.536908,0.911141
3.6403640364036405,-0.920243,-0.82909,0.628082
3.6413641364136415,1.272188,0.651622,-0.556794
3.6423642364236426,-0.740536,-1.376782,-0.942357
3.643364336433643,1.061991,1.179766,0.780652
3.6443644364436443,0.125232,-0.876908,0.68018
3.6453645364536453,-0.806377,0.417691,-0.655737
3.6463646364636464,0.219312,-0.332461,-0.502694
3.6473647364736475,-0.63383,-0.863675,0.302316
3.6483648364836485,0.517326,1.013304,0.992737
3.6493649364936496,-1.290464,-1.345154,-0.291449
3.65036503650365,0.664054,1.127262,-1.053273
3.6513651365136512,-0.295417,-0.740687,0.205061
3.6523652365236523,0.232737,0.88256,0.551581
3.6533653365336534,0.908475,-0.212659,0.148071
3.6543654365436544,-0.660234,-0.091385,-0.931142
3.6553655365536555,0.566156,1.184489,0.620495
3.6563656365636565,-1.153475,-1.112087,1.021486
3.6573657365736576,0.962622,1.296361,-0.033522
3.658365836583658,-0.510515,-0.943917,-1.279126
3.6593659365936593,0.360865,1.237655,0.156223
3.6603660366036603,0.3779,-0.257524,0.899237
3.6613661366136614,-0.310014,0.430011,0.434358
3.6623662366236625,0.525542,-0.30938,-0.632909
3.6633663366336635,-0.908812,-0.36433,0.279752
3.6643664366436646,0.968272,0.822167,0.961939
3.665366536653665,-0.360171,-1.000911,-0.316109
3.6663666366636662,0.532045,1.192081,-0.916557
3.6673667366736673,0.155684,-0.865244,-0.061479
3.6683668366836684,-0.55243,0.62064,0.764859
3.6693669366936694,0.716978,-0.5527,-0.001725
3.6703670367036705,-1.029305,0.439481,-1.311782
3.6713671367136715,0.887489,-0.069056,0.065509
3.6723672367236726,-0.719474,-1.281048,1.300728
3.673367336733673,0.540631,1.223206,0.599456
3.6743674367436743,-0.114425,-1.348883,-0.49927
3.6753675367536753,-0.065128,1.235598,-0.316706
3.6763676367636764,-0.095573,-1.025124,0.791923
3.6773677367736775,-1.062635,0.441755,0.21586
3.6783678367836785,1.186494,0.095035,-0.873155
3.6793679367936796,-0.531453,-0.520657,0.213935
3.68036803680368,0.825272,1.200259,0.725396
3.6813681368136812,-0.350752,-0.457376,0.853355
3.6823682368236823,-0.417656,1.083081,-0.929299
3.6833683368336834,0.699734,-0.220318,-0.406824
3.6843684368436844,-1.033766,0.472152,1.13493
3.6853685368536855,1.210312,0.094541,0.463922
3.6863686368636865,-1.095774,0.467781,-0.596705
3.6873687368736876,0.959742,0.468847,-0.776466
3.688368836883688,-0.148177,-0.821432,1.137152
3.6893689368936893,-0.094293,0.886954,0.503084
3.6903690369036903,0.668341,-1.277446,-0.772135
3.6913691369136914,-0.653374,1.27693,-1.239873
3.6923692369236925,1.182322,-0.888827,0.479677
3.6933693369336935,-0.959704,0.313906,0.525578
3.6943694369436946,0.771642,0.300778,-0.60353
3.695369536953695,-0.546694,-0.73845,-1.32935
3.6963696369636962,-0.079955,0.372183,1.367654
3.6973697369736973,0.902728,-1.401607,0.356954
3.6983698369836984,-0.960485,1.387023,-0.324305
3.6993699369936994,1.382154,-0.523824,-0.570767
3.7003700370037005,-0.795669,0.766019,0.329176
3.7013701370137015,1.016323,-0.543087,0.7837
3.7023702370237026,-0.276573,0.079684,-0.348638
3.703370337033703,-0.553156,1.082621,-1.214801
3.7043704370437043,0.263312,-1.347091,-0.020407
3.7053705370537053,-0.986257,1.151083,1.132661
3.7063706370637064,0.509203,-0.940794,-0.58055
3.7073707370737075,-1.463026,1.009595,-0.452466
3.7083708370837085,0.907996,-0.784796,0.573136
3.7093709370937096,-0.227492,0.56006,0.800088
3.71037103710371,0.127256,-0.111533,-0.202909
3.7113711371137112,0.215211,-0.210769,-1.159588
3.7123712371237123,-0.40877,0.632266,-0.214733
3.7133713371337134,0.786878,-1.100754,0.767337
3.7143714371437144,-0.552212,0.999842,-0.246928
3.7153715371537155,1.044086,-0.868935,-0.663984
3.7163716371637165,-0.559981,1.262734,0.129647
3.7173717371737176,0.316922,0.2923,0.547104
3.718371837183718,0.326362,-0.14346,0.586835
3.7193719371937193,-0.677589,0.885328,-1.188589
3.7203720372037203,0.813542,-0.712311,-0.115068
3.7213721372137214,-0.988399,1.124339,0.639655
3.7223722372237225,0.806198,-0.686876,-0.104554
3.7233723372337235,-0.090081,1.062083,-0.600952
3.7243724372437246,-0.293571,-0.418425,-0.316981
3.725372537253725,-0.380226,0.422455,1.055211
3.7263726372637263,-0.775019,-0.197233,0.634174
3.7273727372737273,0.433936,-0.524511,-0.917012
3.7283728372837284,-0.551433,1.105858,-0.084484
3.7293729372937294,1.367983,-0.819861,1.192256
3.7303730373037305,-0.853572,0.800441,0.832302
3.7313731373137315,0.329733,-0.806975,-0.534137
3.7323732373237326,0.382525,0.756004,-0.546432
3.733373337333733,-0.536746,-0.896399,0.859188
3.7343734373437343,0.769184,-0.665801,0.819387
3.7353735373537353,-0.469633,0.970719,-1.033399
3.7363736373637364,0.69519,-0.844223,-0.94038
3.7373737373737375,-1.111731,0.523554,1.186432
3.7383738373837385,0.181209,-1.288507,0.471952
3.7393739373937396,-0.113722,1.364161,-0.8937
3.74037403740374,-0.685239,-0.931469,-0.956642
3.7413741374137413,0.568672,0.522935,1.286108
3.7423742374237423,-0.402704,0.284464,0.831776
3.7433743374337434,1.17763,-0.644312,-0.23714
3.7443744374437444,-0.801883,1.322479,-0.603743
3.7453745374537455,-0.122058,-1.42093,0.755302
3.7463746374637465,0.279194,1.383785,0.277331
3.7473747374737476,-0.552694,-0.493732,-0.626897
3.7483748374837482,0.873102,0.998509,-0.562484
3.7493749374937493,-1.01048,-0.356324,0.370936
3.7503750375037503,0.990996,-0.331046,1.033014
3.7513751375137514,-0.921222,0.449612,-0.529556
3.7523752375237525,1.257915,-1.134984,-1.419255
3.7533753375337535,-0.297897,1.016486,0.761434
3.7543754375437546,-0.391779,-1.6083,0.497362
3.755375537553755,0.630305,1.306833,-0.289203
3.7563756375637563,-1.175723,-1.011253,-1.342225
3.7573757375737573,0.966483,0.440721,0.472216
3.7583758375837584,-0.78532,0.391606,0.937024
3.7593759375937594,0.36938,-1.200855,-0.073561
3.7603760376037605,0.208386,1.130216,-1.008114
3.7613761376137615,-0.712976,-1.30592,0.309633
3.7623762376237626,0.496351,1.218779,1.113284
3.7633763376337632,-1.233249,-0.866683,0.00367
3.7643764376437643,0.794803,0.615873,-0.742231
3.7653765376537653,-0.217886,-0.651875,0.038572
3.7663766376637664,0.71919,-0.578455,0.779511
3.7673767376737675,-0.476205,0.534244,-0.042596
3.7683768376837685,-0.693652,-0.799404,-0.768491
3.7693769376937696,0.748856,1.113707,-0.084686
3.77037703770377,-0.986022,-1.21668,1.325895
3.7713771377137713,0.799782,0.889614,0.411093
3.7723772377237723,-0.951418,-0.545095,-0.411868
3.7733773377337734,0.415742,0.617499,-0.359986
3.7743774377437744,0.081106,0.601582,0.584832
3.7753775377537755,-0.316701,-0.814732,0.539264
3.7763776377637766,0.66099,0.778953,-0.895414
3.7773777377737776,-0.785995,-0.821521,-0.575389
3.7783778377837782,1.17783,1.084695,0.911627
3.7793779377937793,-0.589376,-0.085454,0.746725
3.7803780378037803,0.754738,0.56601,-0.735751
3.7813781378137814,-0.604751,0.012142,-0.750112
3.7823782378237825,-0.218093,-0.4756,0.949755
3.7833783378337835,0.566786,0.636127,0.246344
3.7843784378437846,-1.035784,-1.64663,-0.853024
3.785378537853785,0.50867,1.012562,-0.906832
3.7863786378637863,-0.769993,-1.319481,0.563662
3.7873787378737873,0.594688,0.579907,0.109376
3.7883788378837884,-0.593665,-0.33287,-0.686151
3.7893789378937894,0.071856,0.202128,-0.922146
3.7903790379037905,-0.161129,0.251871,1.037034
3.7913791379137916,-1.111469,-1.591154,0.945041
3.7923792379237926,0.846777,1.29988,-0.967857
3.7933793379337932,-1.242706,-0.775524,-1.022282
3.7943794379437943,0.250253,1.507706,0.785365
3.7953795379537953,-0.807239,-0.843543,1.146422
3.7963796379637964,0.243476,0.913285,-0.695836
3.7973797379737975,0.278515,-0.133499,-1.132853
3.7983798379837985,-0.52207,-0.039968,0.682332
3.7993799379937996,0.787991,0.561029,0.585985
3.8003800380038,-1.402286,-0.922999,-0.405337
3.8013801380138013,0.653165,0.792403,-0.196787
3.8023802380238023,-0.667,-1.235369,0.338792
3.8033803380338034,0.231492,1.20349,0.7889
3.8043804380438044,0.494544,-0.538942,-0.22438
3.8053805380538055,-0.781427,-0.076914,-0.61109
3.8063806380638066,0.688367,-0.128471,0.569946
3.8073807380738076,-1.087245,-0.319155,1.005802
3.8083808380838082,0.64021,0.873392,-0.212748
3.8093809380938093,-0.860803,-0.646099,-0.619587
3.8103810381038103,0.648073,0.884969,0.491297
3.8113811381138114,-0.17271,-0.291413,0.587536
3.8123812381238125,-0.824679,0.613484,-0.431404
3.8133813381338135,0.7536,0.139713,-0.638919
3.8143814381438146,-1.114659,-0.248639,0.160329
3.815381538153815,1.04414,0.362332,0.929653
3.8163816381638163,-0.327245,-0.732135,0.363241
3.8173817381738173,0.902003,1.071821,-1.092125
3.8183818381838184,0.680693,-0.999602,0.356541
3.8193819381938194,-0.667071,1.048652,0.876391
3.8203820382038205,0.818852,-0.892708,0.107145
3.8213821382138216,-0.801768,0.507297,-0.707278
3.8223822382238226,1.048891,-0.159985,-0.344626
3.8233823382338232,-1.0347,-0.899891,1.029213
3.8243824382438243,1.113168,0.706933,0.359784
3.8253825382538253,-0.363478,-0.385504,-0.644277
3.8263826382638264,-0.366518,0.665591,-0.741368
3.8273827382738275,0.328651,-0.768435,1.034014
3.8283828382838285,-0.873528,0.263088,0.265733
3.8293829382938296,0.612511,-0.22878,-0.966107
3.83038303830383,-1.279152,-0.095725,-0.164857
3.8313831383138313,0.811267,0.517134,1.109144
3.8323832383238323,0.350496,-0.328072,-0.150933
3.8333833383338334,-0.054751,1.344018,-0.991807
3.8343834383438344,0.986294,-1.226444,-0.60592
3.8353835383538355,-0.848198,1.160113,0.835335
3.8363836383638366,1.232287,-0.426803,0.3944
3.8373837383738376,-0.651518,0.075246,-0.631309
3.8383838383838382,0.425416,0.05975,-0.6978
3.8393839383938393,0.228919,-0.612005,1.106426
3.8403840384038403,-0.78857,1.806728,0.338555
3.8413841384138414,0.411394,-0.930785,-0.267667
3.8423842384238425,-0.992972,0.933248,-1.149067
3.8433843384338435,1.348743,-1.023936,1.526602
3.8443844384438446,-0.578201,0.472768,0.552351
3.845384538453845,0.802529,-0.225014,-0.514604
3.8463846384638463,-0.51932,-0.500625,-1.096317
3.8473847384738473,-0.171625,0.494792,1.105907
3.8483848384838484,-0.037852,-1.395042,1.089769
3.8493849384938494,-0.492756,0.970252,-0.976701
3.8503850385038505,1.210485,-0.668378,-1.029
3.8513851385138516,-0.323493,1.425821,0.64369
3.8523852385238526,1.161234,-0.187593,0.608334
3.8533853385338532,-0.109579,-0.082203,-0.629679
3.8543854385438543,-0.211163,0.623749,-1.095235
3.8553855385538554,-0.019308,-0.58159,0.160967
3.8563856385638564,-1.105231,1.288469,1.099975
3.8573857385738575,0.940149,-0.891741,-0.367434
3.8583858385838585,-1.206096,0.887533,-0.956535
3.8593859385938596,1.145326,-0.478128,0.252724
3.86038603860386,-0.276398,0.853953,1.003796
3.8613861386138613,-0.535144,-0.374632,-0.086702
3.8623862386238623,0.633101,0.125733,-0.774639
3.8633863386338634,-0.9289,0.408885,0.79907
3.8643864386438644,1.312474,-1.164872,0.245445
3.8653865386538655,-0.983718,1.524014,-0.410608
3.8663866386638666,1.015124,-0.674883,-0.883356
3.8673867386738676,-0.304776,1.153249,-0.003953
3.8683868386838682,0.233013,-0.535113,1.046093
3.8693869386938693,0.33537,0.178837,0.171734
3.8703870387038704,-0.866679,0.155233,-1.92916
3.8713871387138714,0.544718,-0.721928,0.068486
3.8723872387238725,-0.79512,0.737793,1.47369
3.8733873387338735,0.98664,-0.87002,0.309905
3.8743874387438746,-0.530345,1.024511,-1.467669
3.875387538753875,-0.038473,-0.586121,-0.525736
3.8763876387638763,0.515674,0.317794,0.829593
3.8773877387738773,-0.616688,0.0958,0.527845
3.8783878387838784,0.719633,-0.557041,-1.303686
3.8793879387938794,-0.150401,0.416125,-0.49529
3.8803880388038805,1.243846,-0.475821,1.010855
3.8813881388138816,-0.547487,0.831267,0.242147
3.8823882388238826,0.19718,-0.743855,-0.779146
3.8833883388338832,0.1259,1.166561,-0.870433
3.8843884388438843,-1.129039,-0.060398,0.711128
3.8853885388538854,1.864668,0.414257,0.148137
3.8863886388638864,-0.716701,0.343698,-0.371233
3.8873887388738875,1.159575,-0.481961,-0.784563
3.8883888388838885,-0.309912,0.723883,0.346135
3.8893889388938896,0.426245,-0.666326,0.667847
3.89038903890389,-0.224582,0.328563,-1.164877
3.8913891389138913,-0.606905,-0.65058,-0.424936
3.8923892389238923,1.22293,0.481946,0.457186
3.8933893389338934,-1.167459,0.035613,0.549257
3.8943894389438944,0.564209,-0.729015,-0.45344
3.8953895389538955,-0.270805,0.339512,-0.893136
3.8963896389638966,0.713936,-0.882957,0.523291
3.8973897389738976,0.386239,0.189831,1.233953
3.8983898389838982,-0.568423,-0.890099,-1.104297
3.8993899389938993,1.040395,1.277762,-0.825279
3.9003900390039004,-0.707029,-0.373831,1.214552
3.9013901390139014,1.293826,0.219442,1.1934
3.9023902390239025,-0.992902,0.189388,-0.539526
3.9033903390339035,1.034016,-1.012365,-0.903756
3.9043904390439046,0.500263,0.977937,0.664534
3.905390539053905,-0.957239,-0.496895,1.202923
3.9063906390639063,0.539114,1.014393,-0.262419
3.9073907390739073,-0.838704,-0.559414,-1.817202
3.9083908390839084,0.771838,1.017234,0.483977
3.9093909390939094,-1.305337,-0.281262,0.863321
3.9103910391039105,0.268314,-0.383271,-0.389599
3.9113911391139116,0.020742,0.716891,-1.036972
3.9123912391239126,-0.669517,-1.080442,0.333952
3.9133913391339132,1.060965,1.071154,0.892701
3.9143914391439143,-0.992802,-1.176012,-0.496993
3.9153915391539154,0.803696,1.082314,-1.006418
3.9163916391639164,-0.378637,-0.26931,0.304685
3.9173917391739175,0.452181,-0.139917,0.722981
3.9183918391839185,0.216287,0.806428,0.14457
3.9193919391939196,0.071915,-0.996847,-0.881301
3.92039203920392,1.029696,0.893881,0.176571
3.9213921392139213,-1.124628,-1.132363,0.957784
3.9223922392239223,0.070837,0.957843,0.095662
3.9233923392339234,-1.057128,-0.212151,-1.036306
3.9243924392439244,1.028413,0.844883,0.200727
3.9253925392539255,-0.0979,-0.407517,1.404975
3.9263926392639266,-0.601948,-0.078431,-0.138226
3.9273927392739276,0.322295,0.546763,-0.799564
3.9283928392839282,-0.780167,-0.994333,-0.089813
3.9293929392939293,0.933507,0.941831,0.583843
3.9303930393039304,-0.856324,-0.75718,0.21004
3.9313931393139314,0.761758,1.441122,-0.358097
3.9323932393239325,-0.054266,-0.270248,-0.293502
3.9333933393339335,-0.791113,-0.079837,0.660735
3.9343934393439346,0.520162,0.111904,0.136733
3.935393539353935,-0.78694,-0.749881,-1.115165
3.9363936393639363,1.561432,1.058272,-0.870795
3.9373937393739373,-0.827795,-1.015685,1.748026
3.9383938393839384,0.858527,1.138293,0.571812
3.9393939393939394,-0.41735,-0.656888,-0.584133
3.9403940394039405,-0.020782,0.537739,-0.938596
3.9413941394139416,1.075043,-0.141018,1.204839
3.9423942394239426,-0.61418,0.200148,0.52587
3.9433943394339432,0.787455,0.497579,-1.013091
3.9443944394439443,-0.71097,-1.113196,-1.315439
3.9453945394539454,0.566206,0.732023,0.558187
3.9463946394639464,-0.945063,-0.831315,0.329051
3.9473947394739475,0.150335,1.454029,-0.698182
3.9483948394839485,0.015592,-0.473099,-0.696758
3.9493949394939496,-1.35095,-0.326735,0.860448
3.95039503950395,1.022533,-0.000576,0.452624
3.9513951395139513,-0.7828,-0.756825,-0.437361
3.9523952395239523,0.862072,0.999524,-0.459112
3.9533953395339534,-0.883972,-1.136398,0.766925
3.9543954395439544,0.604579,1.159835,0.703998
3.9553955395539555,0.429684,-0.282221,-0.329915
3.9563956395639566,-0.89438,0.26345,-0.838029
3.9573957395739576,0.769986,-0.146906,0.62881
3.9583958395839582,-0.977909,-0.568245,0.447553
3.9593959395939593,0.91553,0.927327,-0.108086
3.9603960396039604,-0.333116,-1.068095,-1.221956
3.9613961396139614,0.137663,0.695896,0.567265
3.9623962396239625,0.581949,-0.716375,1.301355
3.9633963396339635,-0.584648,1.215541,-0.418937
3.9643964396439646,0.599439,-0.272491,-1.286805
3.965396539653965,-1.030401,0.023541,0.316348
3.9663966396639663,1.107615,0.00478,0.713112
3.9673967396739673,-0.713287,-0.483572,0.272464
3.9683968396839684,0.720414,0.557833,-0.570442
3.9693969396939695,0.180383,-1.201304,-0.160407
3.9703970397039705,-0.802087,0.831891,1.317343
3.9713971397139716,0.157029,-0.592752,0.004022
3.9723972397239726,-1.459963,1.398384,-0.354257
3.9733973397339732,0.532086,0.003135,0.000504
3.9743974397439743,-0.713668,0.16252,0.679237
3.9753975397539754,0.745492,0.273862,-0.224816
3.9763976397639764,0.079794,-0.564891,-0.311901
3.9773977397739775,-0.585333,0.485823,0.129768
3.9783978397839785,0.517946,-1.202834,1.128233
3.9793979397939796,-1.076637,0.380239,0.362273
3.98039803980398,1.16783,-0.50079,-0.609445
3.9813981398139813,-0.62823,-0.101832,-0.04838
3.9823982398239823,0.074255,0.320085,1.064177
3.9833983398339834,-0.411653,-0.996249,0.87592
3.9843984398439845,-0.953335,0.826794,-0.798283
3.9853985398539855,0.774201,-1.574253,-0.674711
3.9863986398639866,-1.491173,1.119331,1.139289
3.9873987398739876,1.203308,-0.334256,0.497858
3.9883988398839882,-0.462377,0.594606,-0.686914
3.9893989398939893,0.140276,-0.249091,-0.513962
3.9903990399039904,0.261943,-0.304731,1.826325
3.9913991399139914,-0.551086,0.644076,0.100648
3.9923992399239925,0.800852,-1.095608,-0.46857
3.9933993399339935,-1.085291,1.265813,-0.564863
3.9943994399439946,0.886328,-0.226443,0.782802
3.995399539953995,-0.368165,0.497793,0.514088
3.9963996399639963,0.901446,-0.986989,-0.723481
3.9973997399739973,0.03043,0.44869,-1.116597
3.9983998399839984,-0.242906,0.605009,0.530388
3.9993999399939995,0.756456,-0.085203,0.89244
4.000400040004,-0.999922,-0.056495,-0.649921
4.001400140014002,1.616625,-0.5313,-0.940197
4.002400240024002,-0.843403,0.684386,0.580104
4.003400340034004,0.203358,-0.890161,0.643068
4.004400440044004,-0.264488,0.397406,-0.874191
4.005400540054006,0.176972,0.019641,-1.108908
4.006400640064006,0.364416,-0.12033,0.619511
4.007400740074007,-0.891267,0.397993,0.279355
4.0084008400840085,1.434145,-1.000254,-0.612724
4.009400940094009,-0.145792,1.440207,-0.461735
4.010401040104011,1.075842,-0.538821,1.325917
4.011401140114011,-0.075336,0.54301,0.544292
4.012401240124013,-0.101183,-0.771728,-0.362331
4.013401340134013,0.383658,0.205106,-0.777933
4.014401440144014,-1.389765,0.756227,0.517366
4.0154015401540155,0.59059,-1.024981,1.309034
4.016401640164016,-1.007187,0.749205,-0.310411
4.017401740174018,0.612467,-0.807149,-1.0093
4.018401840184018,-0.109372,0.555995,0.587049
4.01940194019402,0.118798,-0.730355,0.308344
4.02040204020402,0.060758,-0.030071,-0.389538
4.021402140214021,-1.101675,0.267412,-1.651964
4.0224022402240225,1.685248,-0.960592,-0.131346
4.023402340234023,-0.864673,0.241283,1.266773
4.024402440244025,1.106203,-0.834325,-0.166268
4.025402540254025,-0.327014,0.804891,-0.678116
4.026402640264027,0.493187,-1.457419,-0.038714
4.027402740274027,0.216978,0.127493,1.322436
4.028402840284029,-1.078157,-0.452066,0.131134
4.0294029402940295,0.676401,-0.149343,-0.602497
4.03040304030403,-1.305066,-0.258739,0.064381
4.031403140314032,0.918515,-0.592024,1.185627
4.032403240324032,-0.409622,0.745367,0.163762
4.033403340334034,0.318918,-0.933435,-1.084439
4.034403440344034,-0.039898,1.402543,-0.121789
4.035403540354036,-1.515208,-0.064221,0.960802
4.036403640364036,0.653098,0.198183,0.455214
4.037403740374037,-1.453109,-0.445417,-0.864717
4.0384038403840385,1.119575,-0.901686,-0.023963
4.039403940394039,-0.663221,0.968228,0.520229
4.040404040404041,0.312394,-1.104273,1.319477
4.041404140414041,0.137974,0.919484,-0.815854
4.042404240424043,-0.90515,-1.105783,-0.924619
4.043404340434043,0.575536,0.540748,0.772781
4.044404440444044,-0.645101,-0.824467,0.781167
4.0454045404540455,0.82406,-0.141395,-1.053062
4.046404640464046,-0.386848,0.881418,-0.503249
4.047404740474048,0.48675,-0.56185,0.526909
4.048404840484048,-0.065862,0.754309,0.76246
4.04940494049405,-0.397006,-0.461178,-1.136611
4.05040504050405,1.16151,1.30716,-0.654797
4.051405140514051,-1.022622,-0.400685,0.515224
4.0524052405240525,1.046357,0.571248,0.649418
4.053405340534053,-0.615891,-0.08613,-0.480274
4.054405440544055,0.30741,-0.497795,-1.118952
4.055405540554055,0.106117,0.128168,0.110041
4.056405640564057,-0.251966,-0.925121,0.320671
4.057405740574057,0.720668,0.775522,-0.596532
4.058405840584059,-0.785188,-0.634597,-0.372219
4.0594059405940595,0.707795,1.126753,0.849528
4.06040604060406,-0.976772,-0.416376,0.659568
4.061406140614062,0.840118,-0.324615,-0.335679
4.062406240624062,0.149795,0.073744,-0.996258
4.063406340634064,-0.654824,-0.873477,0.487194
4.064406440644064,0.294482,0.848786,1.063339
4.065406540654066,-0.579287,-1.108829,-0.456061
4.066406640664066,0.841839,1.181138,-0.860256
4.067406740674067,-0.746942,-1.047372,0.760386
4.0684068406840685,0.966201,0.522491,0.939326
4.069406940694069,0.224367,0.249455,-0.2399
4.070407040704071,-0.492547,-0.389298,-1.437173
4.071407140714071,-0.20189,0.93497,0.825979
4.072407240724073,-0.622474,-1.616059,0.975769
4.073407340734073,1.135178,0.777272,-0.183241
4.074407440744074,-0.584588,-0.745283,-0.774842
4.0754075407540755,0.766112,0.461765,0.074953
4.076407640764076,-0.697304,0.252451,1.057164
4.077407740774078,-0.197269,-0.264593,0.253216
4.078407840784078,0.371285,0.506266,-1.184025
4.07940794079408,-0.764216,-0.591305,-0.021957
4.08040804080408,0.929449,0.779576,0.632953
4.081408140814081,-0.950155,-0.843396,0.268976
4.0824082408240825,0.196913,0.964322,-1.004407
4.083408340834083,0.120802,-0.734441,-0.22458
4.084408440844085,-0.118771,0.04323,1.108962
4.085408540854085,0.37275,0.819999,0.223378
4.086408640864087,-0.840273,-0.573839,-0.198282
4.087408740874087,0.661804,0.225437,-0.405809
4.088408840884089,-0.91538,-0.985362,0.868402
4.0894089408940895,1.055342,0.938965,0.159676
4.09040904090409,-0.53555,-0.52051,-1.170061
4.091409140914092,-0.150905,0.224442,-0.627005
4.092409240924092,-0.230803,0.032968,1.325796
4.093409340934094,-0.969598,-0.016113,-0.11886
4.094409440944094,0.661132,0.232823,-0.693192
4.095409540954096,-0.983871,-1.247155,-0.695409
4.096409640964096,0.807169,0.968703,1.590493
4.097409740974097,-0.487828,-0.755863,0.716575
4.0984098409840986,0.146089,1.081581,-0.783955
4.099409940994099,0.112566,-0.448635,-1.154784
4.100410041004101,-1.306206,0.420652,0.429341
4.101410141014101,1.060739,-0.072435,1.124735
4.102410241024103,-0.911816,-1.093518,-0.185775
4.103410341034103,0.633735,0.435445,-0.447479
4.104410441044104,-0.302498,-0.978784,0.732452
4.1054105410541055,-0.088073,0.275779,1.048467
4.106410641064106,0.432983,-1.029115,-0.776174
4.107410741074108,-0.194314,0.958751,-1.071792
4.108410841084108,0.859562,-0.756463,0.712009
4.10941094109411,-1.090271,-0.144127,1.224629
4.11041104110411,1.481593,0.733673,-0.443126
4.111411141114112,-0.696344,-0.646652,-1.079389
4.1124112411241125,0.318993,1.128355,0.81325
4.113411341134113,-0.37155,-0.749535,0.210417
4.114411441144115,-0.502556,0.813111,-0.502101
4.115411541154115,0.868752,-0.400997,-1.339924
4.116411641164117,-1.636406,0.306039,0.394417
4.117411741174117,1.488273,0.491606,0.795412
4.118411841184119,-0.098386,-0.505577,0.037952
4.1194119411941195,0.217351,0.373137,-0.643704
4.12041204120412,0.695027,-1.063858,0.064593
4.121412141214122,-0.737729,0.802205,0.162539
4.122412241224122,0.280351,-0.902119,0.350627
4.123412341234124,-1.23911,0.889591,-0.762119
4.124412441244124,0.519663,-0.225356,-0.13038
4.125412541254126,-0.778089,-0.047988,1.022697
4.126412641264126,0.289437,0.683569,0.174945
4.127412741274127,0.16971,-0.716587,-0.57634
4.1284128412841286,-0.425502,0.897275,0.256105
4.129412941294129,0.358218,-0.733926,1.318695
4.130413041304131,-1.02182,0.737368,-0.093518
4.131413141314131,0.703936,-0.541905,-0.935257
4.132413241324133,-0.420156,0.188187,0.186306
4.133413341334133,0.330534,0.121691,0.623704
4.134413441344134,-0.21127,-0.771846,0.087076
4.1354135413541355,-0.292178,0.456331,-1.252041
4.136413641364136,0.858884,-1.296753,-0.547701
4.137413741374138,-0.711901,0.90497,1.422874
4.138413841384138,0.76757,-0.9475,-0.443212
4.13941394139414,-1.472142,0.594133,-0.549128
4.14041404140414,0.990118,-0.249838,-0.582439
4.141414141414142,0.503699,0.020745,1.168336
4.1424142414241425,-0.722603,0.489093,0.698653
4.143414341434143,0.208513,-0.697598,-0.969258
4.144414441444145,-1.253369,1.030609,-0.614048
4.145414541454145,1.145519,-0.550473,0.481503
4.146414641464147,-0.811421,1.308682,0.184014
4.147414741474147,0.757314,-0.519104,-0.400206
4.148414841484149,0.180779,0.134387,-1.048126
4.1494149414941495,-0.478322,-0.281718,0.910674
4.15041504150415,0.388802,-0.411009,0.567106
4.151415141514152,-0.628645,0.87737,-0.685863
4.152415241524152,1.454201,-1.340292,-0.660572
4.153415341534154,-0.32732,1.103724,1.271351
4.154415441544154,0.308902,-0.624603,1.079987
4.155415541554156,-0.01496,0.647378,-0.66748
4.156415641564156,-0.368058,-0.174092,-1.601446
4.157415741574157,0.473481,-0.517457,0.729381
4.158415841584159,-0.860178,0.607715,0.894316
4.159415941594159,0.81892,-0.67906,-1.021904
4.160416041604161,-0.937453,0.699078,-0.487474
4.161416141614161,0.806281,-0.790412,0.474256
4.162416241624163,0.069473,0.334843,1.045368
4.163416341634163,-0.357435,-0.219735,-0.871356
4.164416441644164,0.649036,-0.600331,-0.906575
4.1654165416541655,-0.547299,0.103396,0.472804
4.166416641664166,0.903936,-0.65859,0.977982
4.167416741674168,-0.770712,0.396778,-0.536468
4.168416841684168,1.193896,-0.733792,-0.799653
4.16941694169417,-0.109308,1.124266,0.414191
4.17041704170417,-0.110129,-0.728209,1.034174
4.171417141714172,0.723768,0.653445,-0.40197
4.1724172417241725,-0.675094,-0.112637,-1.242427
4.173417341734173,1.19289,-0.146891,0.460612
4.174417441744175,-0.961852,0.370344,0.719997
4.175417541754175,0.779951,-1.309039,-0.321636
4.176417641764177,-0.562489,0.961686,-1.402661
4.177417741774177,0.326166,-0.282518,0.317001
4.178417841784179,0.188039,1.028289,0.701727
4.1794179417941795,-1.230343,0.01511,-0.211604
4.18041804180418,1.016923,0.505545,-0.781137
4.181418141814182,-0.985213,0.278643,-0.285833
4.182418241824182,1.002854,-1.48756,0.833342
4.183418341834184,-0.741146,0.601411,0.420381
4.184418441844184,0.264201,-1.250968,-0.557581
4.185418541854186,0.471242,1.247893,0.474996
4.186418641864186,-1.070208,-0.726854,0.250787
4.187418741874187,1.050681,1.11486,-0.180141
4.188418841884189,-0.971756,0.480395,-0.781625
4.189418941894189,0.716712,-0.325944,-0.277425
4.190419041904191,-0.759831,0.333578,0.949136
4.191419141914191,0.426785,-1.23504,0.09273
4.192419241924193,0.683354,0.902705,-0.704925
4.193419341934193,-0.850904,-0.739153,-0.289156
4.194419441944194,0.825082,0.989148,1.169053
4.1954195419541955,-0.763732,-0.650877,0.673103
4.196419641964196,1.505574,0.283781,-1.1432
4.197419741974198,-0.57491,0.023849,-0.868945
4.198419841984198,1.450451,-1.07835,0.68382
4.1994199419942,0.144851,1.210468,1.110242
4.2004200420042,-0.24042,-0.82974,-1.055633
4.201420142014202,0.854312,1.312222,-0.644681
4.2024202420242025,-1.159419,-0.531216,0.281154
4.203420342034203,1.170917,0.623572,0.761531
4.204420442044205,-0.666162,0.142566,-1.029251
4.205420542054205,0.355069,-0.563648,-0.409733
4.206420642064207,0.116434,0.696139,0.697875
4.207420742074207,-0.450457,-1.018692,0.018409
4.208420842084209,-0.029313,0.316496,-0.71812
4.2094209420942095,-0.890341,-1.291389,-0.844574
4.21042104210421,0.991421,0.492313,0.577047
4.211421142114212,-0.919764,-0.611034,1.175089
4.212421242124212,0.315655,0.128752,-0.689391
4.213421342134214,-0.16604,0.532363,-0.961219
4.214421442144214,-0.070825,-1.075338,0.457381
4.215421542154216,1.175754,1.244553,0.579582
4.216421642164216,-1.246137,-0.553769,-0.451792
4.217421742174217,0.616524,0.963647,-1.235822
4.218421842184219,-0.103497,-0.79995,-0.036201
4.219421942194219,0.377181,0.267278,1.031237
4.220422042204221,-0.434688,-0.151258,0.079281
4.221422142214221,0.326144,-0.10417,-1.293486
4.222422242224223,1.230582,0.703885,0.491655
4.223422342234223,-0.946568,-1.405691,0.564626
4.224422442244224,1.44352,0.644844,-0.095285
4.2254225422542255,-0.309735,-1.043999,-1.291629
4.226422642264226,0.97654,1.002747,0.318001
4.227422742274228,0.02478,-0.78212,0.651322
4.228422842284228,-0.198433,0.536306,-0.167489
4.22942294229423,0.469945,0.230142,-0.499044
4.23042304230423,-0.610014,-0.453766,0.152819
4.231423142314232,0.697995,0.869097,0.627452
4.2324232423242325,-0.941532,-1.194157,0.283042
4.233423342334233,0.243031,1.626579,-1.140413
4.234423442344235,-0.268982,-0.614319,-0.491122
4.235423542354235,-0.281175,0.418731,0.839274
4.236423642364237,0.976948,0.090425,0.537217
4.237423742374237,-1.256611,-0.700139,-1.081594
4.238423842384239,0.954017,0.465318,0.07739
4.2394239423942395,-0.543581,-0.318463,0.956973
4.24042404240424,1.170954,1.257827,0.487567
4.241424142414242,-0.531421,-0.951199,-1.071048
4.242424242424242,-0.005099,0.81678,0.016004
4.243424342434244,0.374518,-0.432065,0.852948
4.244424442444244,-0.411824,0.315717,0.160139
4.245424542454246,0.943487,0.408548,-0.463143
4.2464246424642464,-1.105608,-0.53019,-0.72701
4.247424742474247,0.747399,0.855197,0.419688
4.248424842484249,-0.02626,-1.109535,0.110533
4.249424942494249,0.358289,0.719622,-0.712105
4.250425042504251,0.121242,-1.122655,-0.302053
4.251425142514251,-0.776697,0.760267,0.638327
4.252425242524253,0.866905,0.295331,0.531717
4.253425342534253,-1.110074,-0.085794,-1.096275
4.254425442544254,0.972571,0.68019,-0.762962
4.2554255425542555,0.137761,-0.725731,1.066621
4.256425642564256,0.238269,0.590553,0.677256
4.257425742574258,0.389859,-0.773047,-0.921762
4.258425842584258,-1.076472,0.535286,-0.39132
4.25942594259426,0.926748,-0.53254,0.709019
4.26042604260426,-1.432873,0.20537,0.891867
4.261426142614262,1.19795,0.113897,-1.279195
4.2624262426242625,-0.613769,-0.715472,-0.708885
4.263426342634263,0.501783,0.995905,0.488688
4.264426442644265,0.472326,-0.533142,0.658982
4.265426542654265,-0.454727,0.772744,-0.186112
4.266426642664267,0.939861,-0.740039,-1.036392
4.267426742674267,-0.845667,0.796399,0.560753
4.268426842684269,1.104342,-0.289712,0.632216
4.2694269426942695,-0.25359,0.03547,-0.180137
4.27042704270427,0.126713,0.560276,-0.975629
4.271427142714272,0.102955,-0.589156,0.520039
4.272427242724272,-0.431029,1.191256,0.460406
4.273427342734274,0.338616,-1.343846,-0.516735
4.274427442744274,-1.325719,1.200907,-0.532234
4.275427542754276,1.17096,-0.492486,0.51073
4.2764276427642764,-0.927358,-0.365227,0.877795
4.277427742774277,0.489254,0.297808,0.228493
4.278427842784279,0.130857,-0.931029,-1.333027
4.279427942794279,-0.267359,1.227095,0.315441
4.280428042804281,1.168724,-0.932083,1.140502
4.281428142814281,-0.863075,1.00816,0.024049
4.282428242824283,1.232127,-0.66182,-0.539746
4.283428342834283,-0.677209,0.228586,0.31229
4.284428442844284,0.23834,0.272215,0.305554
4.2854285428542855,-0.437386,-0.474581,0.08637
4.286428642864286,-0.736451,0.51137,-1.090418
4.287428742874288,0.499443,-0.93233,0.392191
4.288428842884288,-1.028853,0.993946,0.795241
4.28942894289429,0.770127,-0.805236,0.25562
4.29042904290429,-0.764848,0.878251,-0.082305
4.291429142914292,0.795074,-0.39837,-0.557046
4.2924292429242925,-0.06636,-0.315784,1.22877
4.293429342934293,-0.650479,-0.065351,-0.030813
4.294429442944295,0.478969,-0.900136,-0.393561
4.295429542954295,-0.618969,0.41807,-0.1003
4.296429642964297,0.839787,-0.572405,1.200592
4.297429742974297,-1.007492,1.337852,0.72311
4.298429842984299,0.316698,-0.639914,-0.790164
4.2994299429942995,-0.219527,0.211978,-0.541766
4.3004300430043,0.100315,0.189831,0.952713
4.301430143014302,0.308062,-0.115567,0.139013
4.302430243024302,-0.725858,0.211548,-0.959129
4.303430343034304,1.1569,-1.024925,-0.593265
4.304430443044304,-0.750987,0.797235,0.776293
4.305430543054306,0.899691,-1.179448,0.367365
4.3064306430643065,-0.064892,0.910065,-0.786686
4.307430743074307,-0.332429,-0.293825,-1.249385
4.308430843084309,0.579659,0.03547,0.97797
4.309430943094309,-0.752347,0.568271,0.34417
4.310431043104311,0.963202,-0.802499,-0.54826
4.311431143114311,-0.54548,0.722528,-1.476659
4.312431243124313,1.235854,-0.78652,0.494079
4.313431343134313,-0.722222,1.205268,0.260859
4.314431443144314,-0.142646,-1.214192,-0.909872
4.3154315431543155,0.872448,0.358565,-0.996404
4.316431643164316,-1.107901,-0.235722,0.446667
4.317431743174318,0.990927,-0.227558,1.093611
4.318431843184318,-0.808485,0.546404,-0.186317
4.31943194319432,0.542637,-1.231656,-1.262179
4.32043204320432,-0.141422,0.427887,0.603889
4.321432143214322,-0.319086,-0.647794,0.788323
4.3224322432243225,0.342964,0.75893,-0.100224
4.323432343234323,-0.71428,-0.76134,-0.985932
4.324432443244325,0.954885,-0.059517,0.264036
4.325432543254325,-0.990262,-0.464081,1.378704
4.326432643264327,0.817819,-0.717782,0.019707
4.327432743274327,-0.027066,1.256402,-1.472699
4.328432843284329,0.369646,-1.191145,0.376284
4.3294329432943295,0.45379,0.800978,0.955352
4.33043304330433,-0.800521,-0.870285,-0.388487
4.331433143314332,0.528256,0.74634,-1.498844
4.332433243324332,-0.764131,-0.369113,0.02202
4.333433343334334,0.443579,-0.130739,1.228286
4.334433443344334,-0.282576,1.188685,0.039668
4.335433543354336,0.304406,-1.0919,-0.501701
4.3364336433643365,0.231703,1.018731,-0.124826
4.337433743374337,-0.484055,-0.668019,0.947748
4.338433843384339,0.923977,0.664301,0.612815
4.339433943394339,-0.915737,-0.498921,-0.600217
4.340434043404341,1.052352,0.619209,-0.401389
4.341434143414341,-0.418355,0.504756,1.126399
4.342434243424343,0.794809,-0.669031,0.569313
4.343434343434343,0.308699,0.305945,-0.506547
4.344434443444344,-1.070187,-0.988447,-0.069438
4.3454345434543455,1.192573,0.553967,1.00255
4.346434643464346,-0.896703,-1.140668,0.398016
4.347434743474348,1.14063,0.562638,-1.693191
4.348434843484348,-0.880265,0.277157,-0.419202
4.34943494349435,0.452058,-0.298132,0.511188
4.35043504350435,-0.423082,0.900859,0.274236
4.351435143514352,-0.678254,-0.890417,-0.529497
4.3524352435243525,0.473598,0.762863,-0.921689
4.353435343534353,-1.221176,-0.925811,1.227378
4.354435443544355,0.802189,0.778947,0.474207
4.355435543554355,-0.777723,-0.355425,-0.597702
4.356435643564357,0.156858,0.226672,-0.848067
4.357435743574357,-0.066407,0.460506,0.806569
4.358435843584359,0.23578,-0.627392,0.009318
4.3594359435943595,0.56082,1.16919,-0.160197
4.36043604360436,-0.396176,-0.749438,-1.061633
4.361436143614362,1.264436,0.547122,1.392606
4.362436243624362,-0.969677,-0.894805,0.529064
4.363436343634364,0.724491,-0.117348,-0.127469
4.364436443644364,-0.170256,0.114578,-0.696264
4.365436543654366,0.043131,-0.926109,1.342569
4.3664366436643665,0.922509,0.972421,0.787085
4.367436743674367,-1.299093,-0.690814,-0.739562
4.368436843684369,0.930333,0.783389,-1.375744
4.369436943694369,-0.862848,-0.920013,0.483405
4.370437043704371,0.59236,0.305901,0.834226
4.371437143714371,-0.207012,-0.695014,-0.215077
4.372437243724373,-0.828494,0.250949,-0.98395
4.373437343734373,0.903509,0.630312,0.633065
4.374437443744374,-0.936401,-0.694156,1.117805
4.3754375437543755,1.096885,0.689415,-0.294017
4.376437643764376,-0.435274,-1.124204,-0.2439
4.377437743774378,0.983055,1.012286,-0.255047
4.378437843784378,-0.007424,-0.232503,1.112261
4.37943794379438,-0.147679,0.291142,-0.266097
4.38043804380438,0.801329,-0.114591,-0.979029
4.381438143814382,-1.21492,-0.270429,0.994132
4.3824382438243825,1.542761,0.939521,0.710889
4.383438343834383,-1.076286,-0.990756,0.506462
4.384438443844385,0.943299,0.895603,-1.12876
4.385438543854385,0.068481,-0.780486,0.079381
4.386438643864387,-0.07367,1.536038,0.815241
4.387438743874387,0.73927,-0.878938,-0.009388
4.388438843884389,-1.573494,-0.173298,-0.879092
4.3894389438943895,1.019397,-0.318666,0.600187
4.39043904390439,-0.668762,-1.064599,0.606308
4.391439143914392,0.353275,0.5908,-0.824327
4.392439243924392,-0.373687,-0.670442,-0.986814
4.393439343934394,0.211368,0.787404,0.17659
4.394439443944394,0.542749,-0.750323,1.546637
4.395439543954396,-0.767041,0.187515,-0.014721
4.3964396439643965,0.972711,-0.306445,-0.870683
4.397439743974397,-1.263723,-0.149122,-0.540331
4.398439843984399,0.451726,0.231896,0.921947
4.399439943994399,-0.14742,-0.503592,0.377217
4.400440044004401,-0.276641,1.246783,-0.657732
4.401440144014401,-0.079328,-0.890427,-0.626978
4.402440244024403,-1.553463,0.938201,1.517556
4.403440344034403,1.016861,-0.558427,0.107113
4.404440444044404,-0.924412,-0.072354,-0.696227
4.4054405440544055,0.494039,0.596464,-0.342705
4.406440644064406,-0.620704,-1.19132,0.953517
4.407440744074408,-0.073795,1.182185,0.524745
4.408440844084408,0.317275,-1.009512,-1.274886
4.40944094409441,-0.724715,1.017177,-0.61802
4.41044104410441,0.652168,-0.898104,0.705279
4.411441144114412,-0.937258,0.065288,0.391258
4.4124412441244125,0.824808,0.259157,-0.64791
4.413441344134413,-0.450376,-0.340368,-0.94526
4.414441444144415,0.343777,0.598862,1.029443
4.415441544154415,0.136307,-0.889432,1.060155
4.416441644164417,-1.128783,1.38078,-0.675754
4.417441744174417,0.839223,-0.653974,-0.880967
4.418441844184419,-0.827866,1.023751,0.644964
4.4194419441944195,0.950588,-0.13429,0.878795
4.42044204420442,-0.68429,0.166999,-0.52284
4.421442144214422,0.471572,0.689385,-1.045789
4.422442244224422,-0.235427,-1.169109,0.391153
4.423442344234424,-0.690948,0.771958,1.413557
4.424442444244424,0.537272,-1.35218,-0.869284
4.425442544254426,-1.083469,1.026609,-0.936206
4.4264426442644265,0.79492,-1.072383,0.105806
4.427442744274427,-0.960099,0.114168,1.05008
4.428442844284429,0.258473,0.465754,0.065217
4.429442944294429,0.063447,-0.702104,-1.625247
4.430443044304431,-0.617294,1.181158,0.483575
4.431443144314431,1.207473,-1.469111,1.456304
4.432443244324433,-0.812483,1.30725,0.361937
4.433443344334433,1.310913,-1.030427,-0.73958
4.434443444344434,-0.676708,0.517156,0.196599
4.4354435443544356,0.504239,-0.039705,0.522399
4.436443644364436,0.316191,0.015339,0.209526
4.437443744374438,-0.882367,0.212742,-0.751872
4.438443844384438,0.325177,-0.610291,0.118091
4.43944394439444,-0.884853,0.851888,1.559409
4.44044404440444,0.501158,-0.555386,-0.171636
4.441444144414442,-0.99075,1.481971,-1.45755
4.4424442444244425,1.164312,-0.82122,-0.344183
4.443444344434443,0.145093,0.650307,1.285539
4.444444444444445,-0.718294,-0.065983,0.161138
4.445444544454445,0.339349,-0.732172,-1.234411
4.446444644464447,-1.102515,0.681353,-0.751272
4.447444744474447,1.010496,-1.090655,1.005631
4.448444844484449,-1.163725,1.217813,0.109646
4.4494449444944495,0.510449,-0.915775,-1.486013
4.45044504450445,0.39887,1.176267,-0.582529
4.451445144514452,-0.370277,0.098003,0.435441
4.452445244524452,0.86702,-0.140271,-0.106662
4.453445344534454,-1.301917,0.089856,-1.453597
4.454445444544454,0.87568,-0.370533,-0.070461
4.455445544554456,-0.706703,0.910328,1.075005
4.4564456445644565,0.860356,-0.916624,0.247947
4.457445744574457,-0.220509,0.940796,-0.320171
4.458445844584459,-0.137054,-0.360623,-0.228697
4.459445944594459,1.014572,0.541203,0.938729
4.460446044604461,-1.036235,-0.196136,0.537066
4.461446144614461,1.098053,-0.822784,0.050973
4.462446244624463,-0.685612,0.628326,-1.058012
4.463446344634463,1.28559,-1.066362,0.745875
4.464446444644464,-0.74613,0.566237,0.162964
4.4654465446544656,0.184141,-0.746809,-0.925543
4.466446644664466,0.537658,1.006078,-0.891093
4.467446744674468,-0.865326,-0.423324,0.478295
4.468446844684468,0.233015,-0.096377,0.633094
4.46944694469447,-0.265348,0.290121,-0.839363
4.47044704470447,0.591527,-0.537872,-1.151875
4.471447144714472,-0.400143,0.820652,0.740815
4.4724472447244725,-0.156368,-0.874331,0.229478
4.473447344734473,0.267334,0.741876,-0.46873
4.474447444744475,-0.863995,-0.944462,-1.575402
4.475447544754475,0.761972,0.215026,0.394555
4.476447644764477,-1.10401,0.077218,0.860955
4.477447744774477,0.981778,-0.329617,-0.557942
4.478447844784479,-0.565173,0.191635,-1.012336
4.4794479447944795,0.306374,-0.70304,0.435796
4.48044804480448,0.254091,0.447823,0.44275
4.481448144814482,-0.778766,-0.96268,-0.382166
4.482448244824482,1.275072,1.076445,-0.849997
4.483448344834484,-0.850306,-0.13794,0.342591
4.484448444844484,1.405729,-0.461024,1.571783
4.485448544854486,-0.474818,-0.007337,-0.136105
4.4864486448644865,0.140259,-0.927556,-0.572973
4.487448744874487,0.484066,0.737599,0.048609
4.488448844884489,-0.381766,-0.598706,1.22375
4.489448944894489,1.380814,1.292877,-0.134192
4.490449044904491,-0.766294,-0.093122,-0.953161
4.491449144914491,1.241545,0.888512,0.011075
4.492449244924493,-0.588182,0.006257,1.051723
4.493449344934493,-0.134779,-0.74642,-0.119991
4.494449444944494,-0.177535,0.532784,-1.096373
4.495449544954496,-1.017674,-1.377282,0.187778
4.496449644964496,0.86341,0.872724,1.366775
4.497449744974498,-0.96924,-1.0561,0.101956
4.498449844984498,0.814796,0.68203,-0.189774
4.4994499449945,-1.110692,0.082348,0.201691
4.5004500450045,0.462698,-0.207137,0.526344
4.501450145014502,-0.148161,0.191622,0.823505
4.5024502450245025,-0.830725,-0.985936,-0.620413
4.503450345034503,0.895155,0.57158,-0.886885
4.504450445044505,-0.689969,-1.12061,0.658482
4.505450545054505,1.207583,1.181156,0.049199
4.506450645064507,-0.745441,0.132859,-0.807633
4.507450745074507,0.291252,-0.205978,-0.829223
4.508450845084509,0.209795,-0.414162,0.577133
4.5094509450945095,0.057756,-1.187802,0.405887
4.51045104510451,0.854259,0.202516,-0.745073
4.511451145114512,-1.713102,-0.780283,-0.720923
4.512451245124512,0.734866,1.129512,1.479272
4.513451345134514,-0.637241,-0.81224,0.468261
4.514451445144514,0.471589,0.352789,-0.852193
4.515451545154516,0.242631,-0.035297,-0.29035
4.5164516451645165,-0.324361,-0.327088,0.912476
4.517451745174517,0.693786,0.62844,0.688587
4.518451845184519,-0.857267,-0.933965,-1.503067
4.519451945194519,1.104881,0.598301,-0.849109
4.520452045204521,-0.893701,-1.19374,0.54584
4.521452145214521,0.497577,1.376934,1.208539
4.522452245224523,-0.316506,-0.408215,-0.275967
4.523452345234523,-0.475077,0.767787,-0.843462
4.524452445244524,0.097193,0.173174,0.681202
4.525452545254526,-1.077799,-0.332624,0.972126
4.526452645264526,1.331069,0.516456,-0.010988
4.527452745274528,-0.24012,-0.728932,-0.700211
4.528452845284528,0.487322,1.238253,-0.174942
4.52945294529453,-0.510277,-0.865059,0.993119
4.53045304530453,0.245587,0.517521,0.040913
4.531453145314532,0.629279,0.152243,-1.117344
4.5324532453245325,-1.475409,-1.013671,0.526019
4.533453345334533,0.67448,-0.045941,1.00744
4.534453445344535,-1.350454,-0.827124,-0.719591
4.535453545354535,0.954985,0.757077,-0.530594
4.536453645364537,-0.611222,-0.492882,1.011574
4.537453745374537,-0.548658,0.681812,0.757923
4.538453845384539,0.096569,-1.064807,0.170509
4.5394539453945395,-1.035288,0.171044,-0.971946
4.54045404540454,0.838405,0.067525,0.407331
4.541454145414542,-0.516601,-0.991785,0.887514
4.542454245424542,0.329583,0.16533,0.019128
4.543454345434544,-0.114815,-0.797424,-1.19465
4.544454445444544,-0.411073,0.668969,-0.148239
4.545454545454546,0.90715,-0.185943,0.912598
4.5464546454645465,-1.199049,1.217579,0.20086
4.547454745474547,1.185101,-0.130079,-0.890465
4.548454845484549,-1.080969,0.282629,-0.564638
4.549454945494549,0.843406,0.584008,1.408435
4.550455045504551,-0.213565,-0.820962,0.408178
4.551455145514551,0.089562,0.942728,-0.537356
4.552455245524553,0.293815,-0.810941,-0.469411
4.5534553455345534,-1.741212,0.874209,0.829112
4.554455445544554,1.652747,-0.434875,0.509268
4.555455545554556,-1.064896,0.595009,-0.361004
4.556455645564556,1.201625,0.237678,-0.614552
4.557455745574558,-0.214831,-0.634672,0.79953
4.558455845584558,0.198738,0.728674,0.242332
4.55945594559456,0.270064,-0.793024,-0.78952
4.56045604560456,-0.626991,0.830422,-0.120903
4.561456145614562,1.450548,-0.953917,0.690714
4.5624562456245625,-0.797884,0.50356,0.664886
4.563456345634563,1.215894,-0.097748,-0.22078
4.564456445644565,-0.632052,-0.62865,-0.437444
4.565456545654565,0.567305,0.675738,0.604677
4.566456645664567,-0.034047,-1.224295,0.423199
4.567456745674567,-0.298196,0.598504,-0.804008
4.568456845684569,0.984409,-1.189548,-0.540912
4.5694569456945695,-1.021848,1.100509,1.132872
4.57045704570457,0.683798,-0.428036,0.582468
4.571457145714572,-0.689198,0.508285,-0.795442
4.572457245724572,0.537523,-0.018228,-0.887713
4.573457345734574,0.410461,-0.625512,0.82615
4.574457445744574,-0.338375,0.768746,0.332247
4.575457545754576,0.996194,-0.523916,0.160396
4.5764576457645765,-0.955123,0.94167,-0.636076
4.577457745774577,0.94182,-0.385797,1.20614
4.578457845784579,-0.706556,0.38944,0.846647
4.579457945794579,-0.309163,-0.008078,-0.087937
4.580458045804581,-0.226822,-0.909847,-0.815624
4.581458145814581,-1.381506,0.68094,0.252018
4.582458245824583,0.848392,-0.957326,0.79082
4.5834583458345834,-1.342847,1.426978,-0.41173
4.584458445844584,0.633904,-0.307901,-0.626885
4.585458545854586,-0.9882,0.43561,0.544689
4.586458645864586,0.494946,-0.566332,0.968358
4.587458745874588,-0.086446,1.018661,-0.313339
4.588458845884588,-0.979247,-0.195033,-1.149455
4.58945894589459,0.697841,-1.009629,0.601942
4.59045904590459,-1.081124,1.086119,1.213711
4.591459145914592,1.352401,-1.087207,-0.523809
4.5924592459245925,-1.173601,1.587894,-0.914576
4.593459345934593,0.433296,-0.634388,-0.290066
4.594459445944595,-0.068013,0.682986,1.316575
4.595459545954595,-0.52919,-0.142684,0.02262
4.596459645964597,0.908113,-0.033697,-1.32757
4.597459745974597,-1.095014,0.839006,-0.057812
4.598459845984599,0.825985,-0.5981,0.633234
4.5994599459945995,-0.496608,1.468279,0.207557
4.6004600460046,1.018364,-0.945188,-1.124987
4.601460146014602,-0.398574,0.740866,0.281646
4.602460246024602,-0.290898,-0.354716,0.804088
4.603460346034604,0.350012,-0.255006,-0.269216
4.604460446044604,-0.783402,0.081998,-0.887594
4.605460546054606,1.532792,-1.065336,-0.956599
4.6064606460646065,-0.877757,0.191788,0.753895
4.607460746074607,0.703075,-0.986647,0.266253
4.608460846084609,-0.221917,0.862649,-0.648775
4.609460946094609,-0.350546,-0.539776,-0.862779
4.610461046104611,0.670755,0.400754,0.398785
4.611461146114611,-0.729374,-0.447895,0.212421
4.612461246124613,1.04108,-0.026187,-0.288791
4.6134613461346134,-0.332916,0.792104,-0.482764
4.614461446144614,1.15628,-0.926562,1.210543
4.615461546154616,-0.113828,0.990811,0.598521
4.616461646164616,-0.314106,-0.858438,-0.696379
4.617461746174618,-0.282141,0.428891,-0.848656
4.618461846184618,-1.103713,-0.368762,0.823043
4.61946194619462,1.490663,-0.286312,0.870672
4.62046204620462,-0.892439,0.241259,-1.061231
4.621462146214622,0.652537,-0.999839,-1.084729
4.6224622462246225,-0.398381,0.885706,0.565429
4.623462346234623,-0.523171,-0.728141,0.682559
4.624462446244625,0.146935,1.628925,-0.372106
4.625462546254625,-1.058173,-0.884572,-0.563875
4.626462646264627,0.409766,0.389405,0.424848
4.627462746274627,-0.66178,-0.425464,0.490257
4.628462846284629,1.147889,-0.505823,-0.430206
4.6294629462946295,0.023504,0.396523,-0.806302
4.63046304630463,0.465195,-1.564329,0.447887
4.631463146314632,0.034441,0.9884,0.56139
4.632463246324632,-0.396341,-0.738699,-0.714847
4.633463346334634,0.694021,1.017648,-1.089395
4.634463446344634,-0.749966,-0.677929,0.330271
4.635463546354636,0.846741,0.292442,1.179993
4.6364636463646365,-0.937137,-0.109121,0.064449
4.637463746374637,-0.039101,-0.354834,-0.552297
4.638463846384639,0.647274,0.920416,0.576975
4.639463946394639,-0.62125,-1.017151,0.417116
4.640464046404641,1.180613,1.05783,0.162818
4.641464146414641,-0.24484,-0.501751,-1.536079
4.642464246424643,0.612389,0.409275,0.305469
4.6434643464346435,-0.616364,0.338157,0.653108
4.644464446444644,-0.003453,-0.748727,-0.085222
4.645464546454646,0.193967,1.053827,-0.832489
4.646464646464646,-0.390465,-0.692173,0.584775
4.647464746474648,0.632326,0.724431,1.014416
4.648464846484648,-0.695839,-1.241487,-0.381198
4.64946494649465,1.192088,1.244779,-0.808238
4.65046504650465,-0.835469,-0.41851,-0.446512
4.651465146514652,0.088392,0.272509,1.667751
4.6524652465246525,0.665949,-0.037881,0.237972
4.653465346534653,-0.98925,-1.18489,-1.182265
4.654465446544655,0.662408,1.045689,-0.269537
4.655465546554655,-1.616477,-0.898982,1.534346
4.656465646564657,1.222755,1.091688,0.462702
4.657465746574657,-0.681087,-0.769454,-1.149496
4.658465846584659,0.621746,-0.191176,-0.233029
4.6594659465946595,-0.524025,-0.150206,0.992563
4.66046604660466,-0.191054,-0.00308,0.066704
4.661466146614662,1.324588,0.529059,-1.087724
4.662466246624662,-1.020377,-0.62575,-1.144518
4.663466346634664,1.038816,0.573624,0.927704
4.664466446644664,-0.493024,-0.931568,0.773005
4.665466546654666,0.654587,0.680071,-0.690427
4.6664666466646665,-0.10697,-0.214866,-0.42787
4.667466746674667,-0.254312,0.366509,0.500982
4.668466846684669,0.532124,0.355017,0.749434
4.669466946694669,-1.42909,-0.865073,-0.507533
4.670467046704671,1.463957,1.057135,-0.579767
4.671467146714671,-0.190311,-1.205326,0.770025
4.672467246724673,0.265503,1.209954,0.661275
4.6734673467346735,0.156425,-0.600014,-0.767587
4.674467446744674,-0.413527,0.696712,-0.632064
4.675467546754676,0.381992,0.205073,0.552806
4.676467646764676,-1.041524,-0.804586,0.902756
4.677467746774678,1.007306,0.342721,-0.712813
4.678467846784678,-0.855882,-0.715186,-0.957759
4.67946794679468,0.810791,1.085994,0.930444
4.68046804680468,-0.243256,-0.419369,1.097429
4.681468146814682,-0.3425,1.254074,-0.33949
4.6824682468246825,0.488722,-0.39269,-1.193402
4.683468346834683,-0.321224,0.169207,0.690847
4.684468446844685,1.076067,0.24831,1.159943
4.685468546854685,-0.701296,-0.551257,-0.193756
4.686468646864687,0.99525,0.5644,-1.366609
4.687468746874687,-0.81612,-0.92483,0.59034
4.688468846884689,-0.087706,0.553299,0.541848
4.6894689468946895,0.697773,-0.944897,-0.190198
4.69046904690469,-0.448937,0.334273,-1.212872
4.691469146914692,0.481484,0.302293,0.195816
4.692469246924692,-0.824519,0.121271,0.599494
4.693469346934694,0.76013,0.611914,-0.223811
4.694469446944694,-0.560685,-0.707709,-1.188346
4.695469546954696,-0.20027,0.591369,0.652138
4.6964696469646965,0.029854,-0.578824,1.058326
4.697469746974697,-0.816374,0.566626,0.09742
4.698469846984699,1.499997,-0.594859,-1.254939
4.699469946994699,-1.082274,-0.468858,0.09064
4.700470047004701,0.484921,0.231173,1.298387
4.701470147014701,-0.548661,-0.954907,-0.045564
4.702470247024703,-0.184209,0.939764,-1.252429
4.7034703470347035,-0.16666,-1.023046,-0.398075
4.704470447044704,-0.564299,0.359965,1.07388
4.705470547054706,1.217308,-0.805522,0.433988
4.706470647064706,-0.831654,0.034189,-0.811807
4.707470747074708,0.775683,-0.404882,-0.665454
4.708470847084708,-0.276176,-0.484443,0.572298
4.70947094709471,-0.208952,0.424508,-0.037673
4.71047104710471,0.31589,-0.900816,-1.115951
4.711471147114712,-0.79509,1.326062,-0.853779
4.7124712471247125,1.076725,-1.055447,1.177268
4.713471347134713,-0.633467,1.096383,0.229268
4.714471447144715,0.982275,-0.400001,-0.621098
4.715471547154715,-0.461486,0.398388,-0.789077
4.716471647164717,-0.176881,0.03242,1.186916
4.717471747174717,0.854135,-1.679065,0.828774
4.718471847184719,-0.372281,1.146936,-0.253459
4.7194719471947195,0.757998,-1.479127,-1.087068
4.72047204720472,-1.016372,0.941926,0.803716
4.721472147214722,0.984558,-0.790929,0.97461
4.722472247224722,-0.637183,0.670918,-0.617148
4.723472347234724,0.398234,0.410885,-0.997833
4.724472447244724,0.549978,-0.825173,1.086674
4.725472547254726,-1.060763,0.538442,0.600912
4.7264726472647265,1.125951,-1.323059,-0.387248
4.727472747274727,-0.901453,0.986999,-1.193248
4.728472847284729,1.088648,-0.333776,0.975714
4.729472947294729,-0.555988,0.846509,0.600984
4.730473047304731,0.25978,-0.011995,-0.217453
4.731473147314731,-0.13189,-0.152208,-0.79181
4.732473247324733,-0.520147,0.17135,0.680702
4.7334733473347335,0.650113,-0.499144,1.114793
4.734473447344734,-0.927237,0.51064,-0.483934
4.735473547354736,0.868944,-1.160901,-0.78468
4.736473647364736,-0.935783,0.818983,0.245619
4.737473747374738,0.957559,-0.8136,0.8713
4.738473847384738,-0.332203,0.119797,-0.434632
4.73947394739474,-1.348024,0.333514,-0.71182
4.74047404740474,0.451566,-0.286529,0.726269
4.741474147414742,-1.211198,0.478881,0.610667
4.7424742474247426,1.410824,-1.238274,-0.467446
4.743474347434743,-0.966827,1.069715,-1.087966
4.744474447444745,0.620346,-0.225915,0.111682
4.745474547454745,-0.065382,0.769264,1.313646
4.746474647464747,0.079266,-0.721543,-0.261588
4.747474747474747,0.392862,1.180358,-1.100926
4.748474847484749,-0.960202,0.348618,0.261241
4.7494749474947495,1.160779,-0.648193,0.323582
4.75047504750475,-0.404212,0.683995,-0.273903
4.751475147514752,0.849367,-0.687537,-0.519267
4.752475247524752,-0.457941,0.281448,-0.163058
4.753475347534754,-0.400525,-0.912707,1.063847
4.754475447544754,0.677575,1.314342,0.335691
4.755475547554756,-1.010772,-0.342605,-0.789375
4.7564756475647565,0.574919,-0.415784,-0.476492
4.757475747574757,-0.820852,1.139038,1.227243
4.758475847584759,0.543963,-1.30097,0.375971
4.759475947594759,-0.216394,1.187973,-1.095602
4.760476047604761,-0.028094,-1.071818,-0.830971
4.761476147614761,0.505742,1.063904,0.900328
4.762476247624763,-1.102732,-0.379468,0.105779
4.7634763476347635,0.597065,-0.11634,-0.988998
4.764476447644764,-1.298763,-0.067068,-0.416321
4.765476547654766,0.998823,-1.336375,0.847744
4.766476647664766,-0.783081,0.833537,0.341162
4.767476747674768,0.427933,-0.12722,-0.096379
4.768476847684768,0.722916,1.161962,-1.07146
4.76947694769477,-0.398124,-0.322566,1.352019
4.77047704770477,1.686226,0.609548,0.64686
4.771477147714772,-0.628446,0.285404,-1.002441
4.7724772477247726,1.059009,-0.437592,-0.387102
4.773477347734773,-0.801891,0.623876,0.664589
4.774477447744775,-0.118774,-1.018484,1.08707
4.775477547754775,0.30748,0.90046,-0.750515
4.776477647764777,-0.951246,-0.997293,-0.180634
4.777477747774777,1.225183,0.520173,0.965925
4.778477847784779,-1.172715,-0.556784,0.221221
4.7794779477947795,0.560456,-0.081514,-0.331698
4.78047804780478,-0.483262,0.131868,-1.319168
4.781478147814782,-0.536527,-0.82233,0.581346
4.782478247824782,0.203653,1.272722,1.648839
4.783478347834784,-1.303955,-0.719525,-0.609473
4.784478447844784,1.276896,0.397715,-0.617058
4.785478547854786,-0.538972,-0.445283,1.112971
4.7864786478647865,0.722193,0.609275,1.047032
4.787478747874787,-0.6782,0.105393,-0.070975
4.788478847884789,-0.205463,-0.493226,-1.082336
4.789478947894789,0.374115,0.537924,0.373889
4.790479047904791,-0.684324,-1.563646,1.063772
4.791479147914791,1.159281,0.633204,-0.081216
4.792479247924793,-0.429133,-0.746019,-1.116057
4.7934793479347935,0.803629,0.668366,0.341813
4.794479447944794,-1.001619,-0.070322,1.243312
4.795479547954796,-0.206131,-0.473385,-0.198891
4.796479647964796,0.687445,0.463385,-1.017584
4.797479747974798,-0.410331,-0.752042,0.217258
4.798479847984798,0.627603,1.014864,0.701638
4.7994799479948,-0.974295,-0.637546,0.127508
4.8004800480048,1.134483,0.559772,-0.959314
4.801480148014802,-0.48733,-0.971239,-0.139268
4.802480248024803,0.153533,0.692333,0.957074
4.803480348034803,0.27778,0.46904,-0.27531
4.804480448044805,-0.413623,-0.622851,-1.099399
4.805480548054805,0.609798,0.324929,0.358165
4.806480648064807,-0.766876,-1.25582,0.589057
4.807480748074807,0.706468,1.113172,-0.033146
4.808480848084809,-0.584626,-0.430889,-0.353311
4.8094809480948095,0.403155,0.936421,-0.6478
4.81048104810481,0.36407,-0.130611,1.004702
4.811481148114812,-0.1939,0.017489,0.043699
4.812481248124812,0.830172,-0.068034,-0.352319
4.813481348134814,-1.303072,-1.539864,-0.190309
4.814481448144814,1.036193,0.923499,0.893721
4.815481548154816,-0.898154,-0.860488,-0.040943
4.8164816481648165,0.210927,1.119385,-0.988572
4.817481748174817,0.074972,-1.221733,-0.720204
4.818481848184819,-0.664782,0.695213,0.842449
4.819481948194819,0.744043,-0.229763,0.816403
4.820482048204821,-1.18673,-1.025888,-1.435049
4.821482148214821,1.28666,0.60146,-0.482945
4.822482248224823,-0.654673,-1.191978,1.32341
4.8234823482348235,0.660368,0.995418,0.514734
4.824482448244824,-0.347462,-0.212802,-0.803758
4.825482548254826,-0.477997,0.445528,-1.164779
4.826482648264826,1.020159,-0.139994,0.855593
4.827482748274828,-0.686015,-0.30315,0.838045
4.828482848284828,0.469244,0.3302,-0.943905
4.82948294829483,-1.125733,-0.773348,-0.914103
4.83048304830483,0.899872,0.983163,0.737777
4.831483148314832,-0.309735,-1.308289,0.512
4.832483248324833,-0.086709,0.451063,-0.182037
4.833483348334833,0.54863,-0.588786,-1.274584
4.834483448344835,-1.168704,-0.011063,0.327738
4.835483548354835,0.745488,0.153827,0.419959
4.836483648364837,-1.040057,-0.416816,-0.270622
4.837483748374837,0.52472,0.696142,-1.72093
4.838483848384839,0.06296,-0.610969,0.553456
4.8394839483948395,-0.431318,1.131122,1.07529
4.84048404840484,0.159745,-0.954756,-0.597906
4.841484148414842,-0.597775,1.082984,-1.098503
4.842484248424842,0.561705,0.132971,0.438598
4.843484348434844,-0.8042,-0.315604,1.098025
4.844484448444844,0.588946,0.539828,0.089347
4.845484548454846,-0.222337,-0.573284,-0.685733
4.8464846484648465,-0.181262,0.69818,0.260806
4.847484748474847,0.10659,-1.222086,1.167905
4.848484848484849,-1.375041,0.824699,0.366252
4.849484948494849,1.031182,-0.101192,-0.697469
4.850485048504851,-1.605573,0.326449,0.041138
4.851485148514851,0.722374,0.04534,1.280973
4.852485248524853,-0.289433,-1.083688,-0.136362
4.8534853485348535,0.058627,0.706216,-0.847599
4.854485448544854,0.691679,-1.239094,0.128574
4.855485548554856,-0.24304,0.989439,0.865883
4.856485648564856,0.809117,-0.684048,-0.045333
4.857485748574858,-1.567576,0.936498,-0.998963
4.858485848584858,1.192919,-0.664016,0.015805
4.85948594859486,-0.564622,-0.708473,0.966855
4.86048604860486,0.444079,0.67024,0.430984
4.861486148614862,0.332388,-0.899442,-1.084632
4.862486248624863,-0.410557,1.092128,-0.113269
4.863486348634863,0.665203,-1.704542,0.730993
4.864486448644865,-0.83474,1.142091,0.495255
4.865486548654865,1.130753,-0.388004,-0.835124
4.866486648664867,0.336384,0.68033,-0.252537
4.867486748674867,0.252334,1.098886,0.880774
4.868486848684869,1.11286,-0.906935,0.826939
4.8694869486948695,-1.214801,0.311045,-0.545857
4.87048704870487,1.046672,-1.165683,-0.849806
4.871487148714872,-1.505119,1.227638,1.197771
4.872487248724872,1.261298,-0.994805,1.091791
4.873487348734874,-0.821564,0.471381,-0.438058
4.874487448744874,0.381663,0.059585,-0.703301
4.875487548754876,-0.018024,-0.40008,0.750965
4.8764876487648765,-0.390687,0.5722,1.004962
4.877487748774877,0.988006,-0.827574,-1.012336
4.878487848784879,-0.916107,0.830649,-0.747802
4.879487948794879,1.099958,-0.82599,1.060795
4.880488048804881,-0.610946,1.170984,0.067839
4.881488148814881,-0.132213,-0.148715,-1.047075
4.882488248824883,-0.467042,-0.49549,-0.851284
4.8834883488348835,-0.555527,0.147392,0.595395
4.884488448844884,0.43187,-1.063364,0.958659
4.885488548854886,-1.049801,0.511809,-0.396396
4.886488648864886,1.383704,-0.635089,-0.573296
4.887488748874888,-1.099658,1.135844,0.364178
4.888488848884888,0.139105,-1.142738,1.197636
4.88948894889489,-0.364368,1.005116,-0.422564
4.8904890489048904,-0.778303,0.090954,-1.263914
4.891489148914892,0.484572,-0.221387,0.607159
4.892489248924893,-0.888921,0.639423,0.854475
4.893489348934893,1.197637,-0.911779,-0.276006
4.894489448944895,-0.69904,1.010833,-0.324764
4.895489548954895,0.731914,-0.884933,-0.20568
4.896489648964897,-0.490827,1.231882,1.066772
4.897489748974897,-0.537702,-0.499937,0.067304
4.898489848984899,0.67108,0.455465,-0.665527
4.8994899489948995,-1.347791,0.134282,0.248465
4.9004900490049,0.820108,-0.516632,0.692049
4.901490149014902,-0.629929,-0.169548,0.268685
4.902490249024902,0.848531,-0.765682,-0.981023
4.903490349034904,0.106377,1.22992,0.050177
4.904490449044904,-0.415075,-0.697653,1.440373
4.905490549054906,1.020654,0.997525,0.052312
4.9064906490649065,-0.499028,-0.448108,-0.955829
4.907490749074907,0.882912,-0.369213,-0.693428
4.908490849084909,-0.965654,0.208702,0.379332
4.909490949094909,0.644437,-1.28751,0.120787
4.910491049104911,-0.301331,1.030961,-1.636699
4.911491149114911,-0.294232,-0.977975,-1.076578
4.912491249124913,0.042515,0.799121,0.837256
4.9134913491349135,-0.641272,-0.951757,0.904708
4.914491449144914,1.051674,0.47164,-0.554408
4.915491549154916,-1.000476,0.19269,0.029295
4.916491649164916,0.7706,-0.564104,1.331092
4.917491749174918,-0.226901,0.846565,0.627696
4.918491849184918,0.406384,-1.169625,-0.686275
4.91949194919492,0.664424,0.771619,-0.674884
4.9204920492049204,-0.709566,-0.752171,0.395373
4.921492149214922,0.587657,0.242372,0.449074
4.922492249224923,-1.427237,0.342769,-0.500267
4.923492349234923,0.809072,-0.088477,-1.022999
4.924492449244925,-0.167723,0.578732,0.537456
4.925492549254925,0.25222,-1.074814,0.236264
4.926492649264927,0.416664,0.723936,-0.478546
4.927492749274927,-1.068351,-1.098509,-0.382183
4.928492849284929,1.02339,1.132944,0.770433
4.9294929492949295,-0.624914,0.059177,0.773355
4.93049304930493,0.875873,0.479581,-0.431316
4.931493149314932,-0.915793,-0.202111,-1.022402
4.932493249324932,-0.242149,-0.516039,0.586094
4.933493349334934,-0.082911,0.447757,0.863098
4.934493449344934,-1.111098,-1.218998,-0.222384
4.935493549354936,0.827676,1.072425,-0.698453
4.9364936493649365,-0.754351,-0.580306,0.87929
4.937493749374937,1.324597,0.834947,0.956046
4.938493849384939,-0.42231,-0.029585,0.083377
4.939493949394939,0.132315,0.001954,-0.745339
4.940494049404941,-0.275611,0.204216,-0.033942
4.941494149414941,-0.634662,-0.703546,1.035286
4.942494249424943,0.246613,1.041163,-0.00897
4.9434943494349435,-1.446513,-0.679465,-0.562578
4.944494449444944,1.136043,1.247931,0.410137
4.945494549454946,-0.971198,0.043562,0.886896
4.946494649464946,0.175691,-0.171107,-0.739066
4.947494749474948,0.245863,0.732728,-1.038752
4.948494849484948,-0.297348,-0.531855,0.304592
4.94949494949495,0.758119,0.838037,1.017317
4.9504950495049505,-1.108659,-0.778331,-0.138652
4.951495149514952,0.780721,1.036354,-0.452062
4.952495249524953,-0.591106,-0.607317,-0.319908
4.953495349534953,0.721676,0.40128,1.055994
4.954495449544955,0.251873,0.187527,-0.281647
4.955495549554955,-0.998538,-0.310057,-0.728597
4.956495649564957,1.172262,0.770995,-0.077278
4.957495749574957,-1.121093,-1.111936,1.577981
4.958495849584959,1.117961,1.550511,0.561548
4.9594959495949595,-0.801121,-1.182299,-0.721547
4.96049604960496,0.340496,0.581181,-0.062728
4.961496149614962,0.289179,-0.253808,1.559008
4.962496249624962,-0.868621,-0.03849,0.470965
4.963496349634964,1.291124,0.124382,-0.550838
4.964496449644964,-1.078837,-0.918557,-0.405552
4.965496549654966,1.096924,0.389591,1.502376
4.9664966496649665,-0.603274,-1.032641,0.140734
4.967496749674967,0.510885,1.487109,-0.628964
4.968496849684969,-0.059337,-0.052794,-0.252894
4.969496949694969,-0.778222,0.613498,1.081053
4.970497049704971,0.621791,-0.277294,0.659229
4.971497149714971,-0.676274,-0.575081,-1.286765
4.972497249724973,0.807949,0.425842,-0.643332
4.9734973497349735,-0.460966,-0.572417,0.967774
4.974497449744974,1.079471,1.192724,0.377194
4.975497549754976,-0.158431,-0.905604,-0.666895
4.976497649764976,-0.074692,1.05908,-0.614827
4.977497749774978,0.594056,-0.510327,0.857056
4.978497849784978,-0.855952,0.373477,0.809844
4.97949794979498,0.734636,0.581636,-0.721365
4.9804980498049805,-0.746085,-1.118077,-0.714388
4.981498149814982,0.311488,0.929518,0.567203
4.982498249824983,-0.586628,-1.355521,0.926207
4.983498349834983,-0.159093,0.869562,-0.928496
4.984498449844985,0.666445,-1.007141,-0.596743
4.985498549854985,-1.063809,0.705655,0.275025
4.986498649864987,1.18408,-0.249378,0.295268
4.987498749874987,-0.368417,-0.201817,-0.621601
4.988498849884989,0.784477,0.820045,-0.694091
4.9894989498949895,-0.102795,-1.02686,0.245613
4.99049904990499,-0.163936,1.046864,0.894001
4.991499149914992,0.284692,-1.094614,-0.088003
4.992499249924992,-0.854515,0.887077,-1.042005
4.993499349934994,1.131803,0.107057,0.753951
4.994499449944994,-0.748406,0.168974,0.92025
4.995499549954996,0.949777,0.62087,-0.368038
4.9964996499649965,-0.038339,-0.646416,-1.090446
4.997499749974997,0.233498,0.611119,0.111727
4.998499849984999,0.23624,-1.035271,0.989595
4.999499949994999,-0.864324,0.852683,-0.489908
5.000500050005001,0.973362,-0.163537,-1.218484
5.001500150015001,-0.943078,0.554972,0.100115
5.002500250025003,0.975859,0.113553,0.577998
5.0035003500350035,-0.78707,-0.260969,0.077632
5.004500450045004,0.161356,0.461525,-1.293379
5.005500550055006,0.545559,-1.162147,0.40773
5.006500650065006,-0.783623,0.560799,0.657988
5.007500750075008,1.144228,-1.184751,0.205907
5.008500850085008,-0.792242,0.569436,-1.098765
5.00950095009501,0.627857,-0.044701,-0.127806
5.0105010501050105,-0.260821,-0.04858,1.056861
5.011501150115012,-0.075454,0.791839,0.094389
5.012501250125013,0.409493,-0.652079,-0.305003
5.013501350135013,-1.664788,1.29406,-0.544634
5.014501450145015,1.09868,-0.582784,1.340733
5.015501550155015,-0.772287,0.779831,0.402665
5.016501650165017,1.371849,-0.979472,-0.981869
5.017501750175017,-0.18872,0.814656,-0.859864
5.018501850185019,-0.034074,-0.23167,1.199657
5.0195019501950195,0.384729,-0.57863,0.19644
5.02050205020502,-0.669688,0.226276,-0.842813
5.021502150215022,0.612666,-1.124765,-0.29439
5.022502250225022,-0.798048,1.158289,0.572558
5.023502350235024,1.070433,-0.518384,0.807415
5.024502450245024,-0.341484,0.973545,-0.921587
5.025502550255026,-0.096688,-0.3632,-0.400968
5.0265026502650265,0.249738,0.075647,1.023393
5.027502750275027,-0.512769,0.046399,0.131478
5.028502850285029,0.823767,-0.526249,-1.023509
5.029502950295029,-0.892108,0.474539,-1.167918
5.030503050305031,0.451608,-0.678072,0.584393
5.031503150315031,-0.550958,0.803961,0.540697
5.032503250325033,0.608049,-0.640798,-0.358016
5.0335033503350335,-0.175201,0.260622,-1.106472
5.034503450345034,-0.84818,-0.422697,0.245554
5.035503550355036,0.922842,-0.270033,0.687641
5.036503650365036,-1.456938,0.043084,-0.135864
5.037503750375038,0.939293,-1.258167,-1.233043
5.038503850385038,-0.867892,0.844589,0.80256
5.03950395039504,0.666558,-1.05617,0.579145
5.0405040504050405,0.323536,0.673614,-0.607954
5.041504150415042,-0.230565,-0.546543,-1.253722
5.042504250425043,0.732952,0.115679,-0.008841
5.043504350435043,-1.089129,-0.00986,0.596815
5.044504450445045,1.595725,-0.642841,-0.485199
5.045504550455045,-0.500819,1.721418,-0.861494
5.046504650465047,0.625883,-0.708748,0.165407
5.047504750475047,-0.328617,0.660379,1.04808
5.048504850485049,-0.076868,-0.34811,0.133216
5.0495049504950495,1.090842,0.701833,-1.108952
5.05050505050505,-1.001517,0.173837,0.885057
5.051505150515052,0.761075,-0.369317,1.016036
5.052505250525052,-0.857817,0.709723,-0.159281
5.053505350535054,0.301028,-1.009113,-0.820901
5.054505450545054,-0.113066,0.980017,0.551607
5.055505550555056,-0.093754,-0.663872,0.687046
5.0565056505650565,0.812282,1.030065,-0.023455
5.057505750575057,-1.120976,-0.630418,-0.772585
5.058505850585059,1.053935,0.261774,0.295079
5.059505950595059,-1.426309,0.453028,0.455537
5.060506050605061,0.646708,-0.145602,-0.389283
5.061506150615061,0.38897,0.622172,-0.26954
5.062506250625063,-0.271479,-0.690115,-0.094182
5.0635063506350635,0.682421,0.977026,1.211411
5.064506450645064,-0.760594,-0.812378,-0.161804
5.065506550655066,0.707791,-0.039436,-1.145196
5.066506650665066,-0.828079,0.306594,-0.340499
5.067506750675068,1.068461,-0.561459,0.461841
5.068506850685068,-0.290581,1.039495,0.556378
5.06950695069507,-0.215105,-0.939293,-1.171866
5.0705070507050705,0.264206,0.912866,-0.562179
5.071507150715072,-1.269009,-1.192319,0.492495
5.072507250725073,0.602313,1.035563,0.136442
5.073507350735073,-0.897471,-0.549316,-1.572926
5.074507450745075,0.909547,-0.384026,-0.78755
5.075507550755075,-0.389543,-0.166444,1.415499
5.076507650765077,-0.775336,-0.87608,0.49382
5.077507750775077,0.232912,0.599217,-0.449965
5.078507850785079,-0.183601,-1.205763,-0.316077
5.0795079507950796,0.964537,1.235828,0.951491
5.08050805080508,-0.626409,-0.187116,0.983537
5.081508150815082,1.096711,0.338096,-0.267179
5.082508250825082,-0.255757,-0.451391,-1.13097
5.083508350835084,-0.109838,-0.671439,0.297401
5.084508450845084,0.7515,0.853674,0.686193
5.085508550855086,-0.784722,-1.246244,-1.060761
5.0865086508650865,1.445491,1.223584,-1.126918
5.087508750875087,-1.059406,-0.565584,0.951475
5.088508850885089,0.710376,0.525478,0.821272
5.089508950895089,-0.805424,0.235063,-0.41503
5.090509050905091,0.438558,-0.077841,-1.114398
5.091509150915091,-0.301481,0.365289,0.275349
5.092509250925093,-0.588415,-0.458595,0.958732
5.0935093509350935,0.735641,0.757235,-0.596026
5.094509450945094,-0.735433,-0.772197,-1.046523
5.095509550955096,1.421362,0.631683,0.611815
5.096509650965096,-0.145423,-0.827938,0.689292
5.097509750975098,0.288611,0.446156,-0.668698
5.098509850985098,0.538823,-0.318771,-1.012745
5.0995099509951,-1.155929,-0.161529,0.199243
5.1005100510051005,0.703066,0.685359,1.040479
5.101510151015102,-1.505133,-0.004944,-1.045821
5.102510251025103,0.70227,1.006591,-0.919686
5.103510351035103,-0.573959,-0.569025,-0.061377
5.104510451045105,0.113839,1.608801,0.508915
5.105510551055105,0.197284,-0.126437,-0.186258
5.106510651065107,-0.342763,-0.191785,-1.187798
5.107510751075107,0.914966,-0.039752,-0.154053
5.108510851085109,-0.732756,-1.121516,1.598633
5.1095109510951096,1.227531,0.768,0.190235
5.11051105110511,-1.047956,-0.887074,-0.854961
5.111511151115112,1.013632,1.021265,0.218129
5.112511251125112,0.264681,-0.697903,1.313694
5.113511351135114,-0.891587,1.203902,0.100944
5.114511451145114,0.812088,0.043819,-1.229168
5.115511551155116,-1.074441,-0.722576,-0.069578
5.1165116511651165,1.037693,0.960215,1.377508
5.117511751175117,-0.337178,-0.815334,0.026463
5.118511851185119,0.389299,0.819703,-0.99655
5.119511951195119,-0.048489,-0.794351,-0.544744
5.120512051205121,-0.287406,0.867928,0.423058
5.121512151215121,0.776762,-0.136183,0.588342
5.122512251225123,-0.78726,-0.200786,-1.119659
5.1235123512351235,1.126498,0.099726,-0.291616
5.124512451245124,-0.242257,-0.943198,0.906898
5.125512551255126,1.190942,0.659115,0.010945
5.126512651265126,0.174053,-1.134523,-0.420381
5.127512751275128,-0.27584,0.711246,-0.970472
5.128512851285128,0.932115,-0.901007,0.865949
5.12951295129513,-1.260525,0.452333,0.361561
5.1305130513051305,0.854241,-0.170588,-0.775286
5.131513151315132,-0.955844,-1.085583,-1.248255
5.132513251325133,0.832159,0.29498,1.316701
5.133513351335133,-0.266263,-0.909553,0.319949
5.134513451345135,0.010163,0.800219,-0.953873
5.135513551355135,1.31344,-0.923683,-0.559643
5.136513651365137,-1.395542,0.554552,0.668487
5.137513751375137,0.241435,0.019738,0.63797
5.138513851385139,-0.602104,-0.710062,-0.211625
5.13951395139514,0.679105,0.701686,-0.552037
5.14051405140514,0.486403,-0.934776,0.912571
5.141514151415142,-0.048788,0.770825,0.647202
5.142514251425142,0.602079,-1.009695,-0.561581
5.143514351435144,-1.080832,0.837367,-0.258424
5.144514451445144,1.106873,-0.748863,1.156802
5.145514551455146,-1.676338,0.308644,0.908309
5.1465146514651465,0.744365,0.241269,-0.260058
5.147514751475147,-0.307994,-0.496377,-0.962627
5.148514851485149,-0.175029,0.064165,0.91427
5.149514951495149,0.942594,-1.229875,1.131012
5.150515051505151,-0.858966,0.843875,-0.443852
5.151515151515151,0.724128,-1.531555,-1.528329
5.152515251525153,-1.057863,1.092244,0.669198
5.1535153515351535,1.003814,-0.008853,0.319655
5.154515451545154,-0.26281,-0.159733,-0.116202
5.155515551555156,-0.281651,0.376187,-1.46882
5.156515651565156,0.249903,-1.307733,0.2521
5.157515751575158,-1.356844,0.63725,1.591826
5.158515851585158,1.444938,-0.979001,-0.443012
5.15951595159516,-0.59658,0.932419,-0.845995
5.1605160516051605,1.549402,-0.417492,-0.272545
5.161516151615162,-0.379447,0.043301,0.600041
5.162516251625163,-0.44959,0.093383,-0.017458
5.163516351635163,0.759419,-0.665713,-0.886636
5.164516451645165,-0.950379,0.41441,0.383325
5.165516551655165,0.653666,-1.223345,0.967925
5.166516651665167,-0.849907,0.904758,0.040316
5.167516751675167,1.393952,-0.769127,-0.966178
5.168516851685169,-0.756065,0.608929,0.24578
5.16951695169517,-0.247632,-0.075208,0.436227
5.17051705170517,0.160291,-0.159001,-0.065284
5.171517151715172,-0.24098,0.644505,-1.20945
5.172517251725172,0.88457,-1.016075,0.026367
5.173517351735174,-1.535321,0.856848,1.16963
5.174517451745174,0.529597,-1.330334,0.083666
5.175517551755176,-0.675989,0.838014,-0.533635
5.1765176517651765,0.536108,-0.797801,-0.219265
5.177517751775177,0.61697,0.007891,1.018592
5.178517851785179,-0.895451,0.328542,0.626371
5.179517951795179,0.759474,-0.908802,-0.448173
5.180518051805181,-1.526936,0.775341,-0.984947
5.181518151815181,1.208822,-0.641671,1.135838
5.182518251825183,-0.120384,0.947211,0.618375
5.1835183518351835,0.716592,-0.638532,-1.104634
5.184518451845184,-0.216611,0.965128,-1.103259
5.185518551855186,-0.800533,0.074414,1.033858
5.186518651865186,0.86046,0.110052,1.163105
5.187518751875188,-0.695984,-0.022356,-1.308409
5.188518851885188,1.267564,-1.100355,0.185734
5.18951895189519,-0.33112,0.900586,1.083326
5.1905190519051905,0.396635,-1.160825,1.149339
5.191519151915192,0.134071,1.140796,-0.585016
5.192519251925193,-0.258049,-0.89666,-0.816929
5.193519351935193,0.786016,0.610395,0.747915
5.194519451945195,-1.16117,0.127212,1.235724
5.195519551955195,0.961059,-0.947378,-0.30129
5.196519651965197,-1.001671,1.0674,-1.115997
5.197519751975197,0.900405,-0.998881,0.330752
5.198519851985199,-0.297333,0.726735,0.540725
5.1995199519952,-0.553594,-0.869521,-0.360247
5.2005200520052,0.276696,0.369778,-0.794484
5.201520152015202,-1.175601,-0.539211,0.271789
5.202520252025202,1.130885,0.07395,0.700828
5.203520352035204,-0.627088,0.163818,-0.467709
5.204520452045204,0.480405,-0.6101,-0.869415
5.205520552055206,-0.239855,1.356369,0.455072
5.2065206520652065,-0.472428,-0.405474,0.234445
5.207520752075207,0.505605,0.911552,-0.349597
5.208520852085209,-1.057926,-0.310823,-0.776076
5.209520952095209,1.150085,0.042762,0.082685
5.210521052105211,-0.666399,0.177876,1.099642
5.211521152115211,0.788816,-0.691529,0.078654
5.212521252125213,-0.452479,0.727208,-1.305726
5.2135213521352135,-0.450053,-1.070911,0.198811
5.214521452145214,0.597865,0.707849,0.684358
5.215521552155216,-1.049366,-0.402221,-0.358081
5.216521652165216,1.070028,0.80459,-0.832086
5.217521752175218,-0.441883,0.159959,-0.502706
5.218521852185218,0.617278,0.250319,1.271283
5.21952195219522,-0.176669,0.049473,0.325885
5.2205220522052205,-0.141761,-0.931401,-0.986547
5.221522152215222,0.507406,0.406483,-0.263039
5.222522252225223,-0.928261,-1.824766,1.491107
5.223522352235223,1.190655,0.524626,-0.143397
5.224522452245225,-0.632118,-0.824869,-0.710517
5.225522552255225,1.373752,0.238003,-0.183935
5.226522652265227,0.030981,0.05522,1.201108
5.2275227522752274,-0.177329,-1.07558,-0.237568
5.228522852285229,0.191102,1.290698,-0.923631
5.22952295229523,-0.350936,-1.22892,-0.60644
5.23052305230523,1.193096,1.093202,0.997121
5.231523152315232,-0.947443,-0.645284,0.362725
5.232523252325232,0.966809,0.927172,-0.67441
5.233523352335234,-0.448684,-0.199702,-0.690339
5.234523452345234,-0.160885,0.025679,1.002854
5.235523552355236,0.564544,0.385273,0.795086
5.2365236523652365,-0.788222,-0.947832,-0.686216
5.237523752375237,0.481811,0.812539,-0.893608
5.238523852385239,-0.671756,-1.112955,0.747223
5.239523952395239,0.678349,0.409542,0.99954
5.240524052405241,-0.544475,-0.481128,-0.809344
5.241524152415241,0.390425,0.421526,-0.926938
5.242524252425243,-0.215607,0.68137,1.009783
5.2435243524352435,-0.999771,-0.616176,0.691548
5.244524452445244,0.784602,0.893037,-0.433278
5.245524552455246,-0.945506,-0.48812,-1.198729
5.246524652465246,0.962787,1.046714,0.919444
5.247524752475248,-0.537809,-0.759357,1.065629
5.248524852485248,0.513945,0.119002,-0.352358
5.24952495249525,0.400071,-0.224966,-0.945161
5.2505250525052505,-0.332124,-0.688241,0.524186
5.251525152515252,0.278207,0.52625,0.584835
5.252525252525253,-0.693262,-0.91442,-0.536296
5.253525352535253,1.118842,0.927113,-0.767935
5.254525452545255,-0.917222,-0.378549,0.508318
5.255525552555255,0.750433,0.78927,1.39717
5.256525652565257,0.347526,-0.644565,-0.386376
5.2575257525752574,-0.613475,0.353456,-1.466058
5.258525852585259,0.987873,0.315301,-0.158899
5.25952595259526,-1.422874,-0.404466,0.59873
5.26052605260526,0.892488,1.055672,-0.128674
5.261526152615262,-0.283399,-0.721799,-1.234034
5.262526252625262,0.385157,0.53199,0.509113
5.263526352635264,0.301626,-0.636187,1.145545
5.264526452645264,-0.620457,0.585035,-0.468015
5.265526552655266,0.873213,-0.477251,-1.123222
5.2665266526652665,-1.289025,-0.234003,-0.086842
5.267526752675267,1.072826,0.532229,1.100465
5.268526852685269,-0.464934,-0.852206,0.417711
5.269526952695269,0.393726,1.386491,-1.460305
5.270527052705271,-0.282993,-0.497447,-0.402307
5.271527152715271,-0.197255,-0.069355,0.526818
5.272527252725273,0.918899,-0.902664,0.138226
5.2735273527352735,-0.856814,-0.140493,-0.603061
5.274527452745274,1.190756,0.466485,-0.549505
5.275527552755276,-0.224677,-0.921469,0.947214
5.276527652765276,0.157022,0.851147,0.315538
5.277527752775278,-0.248472,-0.797879,-1.0038
5.278527852785278,0.00635,1.42427,-0.025155
5.27952795279528,1.031816,-0.926339,1.608943
5.2805280528052805,-1.102401,0.707275,0.130863
5.281528152815282,1.011732,-0.15221,-0.618468
5.282528252825283,-0.854154,-0.617548,-0.692303
5.283528352835283,0.182832,0.393861,1.007146
5.284528452845285,0.402786,-0.902688,0.578758
5.285528552855285,-0.098135,0.909563,-0.462853
5.286528652865287,0.918981,-0.78649,-0.780569
5.2875287528752875,-1.319772,0.708935,0.90444
5.288528852885289,1.40497,-1.125685,0.489756
5.28952895289529,-1.123979,0.615316,-0.556553
5.29052905290529,0.521911,0.258764,-0.748961
5.291529152915292,-0.061733,-0.450394,1.288202
5.292529252925292,-0.269631,1.289991,0.849154
5.293529352935294,0.494001,-0.424739,-0.259188
5.294529452945294,-1.119567,1.305235,-1.057234
5.295529552955296,0.698431,-0.990593,0.491861
5.2965296529652965,-1.173575,1.099562,0.920252
5.297529752975297,0.644844,0.33707,-0.52504
5.298529852985299,-0.844972,-0.528739,-0.347789
5.299529952995299,0.092466,0.406785,0.733238
5.300530053005301,0.109229,-0.909452,0.57886
5.301530153015301,-1.682362,1.003257,0.268777
5.302530253025303,0.999269,-1.040408,-1.169625
5.3035303530353035,-1.022259,1.215537,0.437146
5.304530453045304,0.960593,-0.130206,1.568265
5.305530553055306,-0.542044,-0.083562,0.074414
5.306530653065306,0.14908,0.33068,-0.903071
5.307530753075308,0.842982,-0.432046,0.373294
5.308530853085308,-0.881246,0.353234,0.036951
5.30953095309531,1.088849,-1.343831,-0.055514
5.3105310531053105,-1.112753,0.699166,-0.802234
5.311531153115312,1.046556,-0.758984,0.223231
5.312531253125313,-0.46464,0.486461,0.712169
5.313531353135313,0.566359,-0.697868,-0.171187
5.314531453145315,0.444355,-0.279668,-1.082727
5.315531553155315,-0.479002,0.654596,-0.058941
5.316531653165317,1.003542,-0.854841,0.573145
5.3175317531753175,-0.745454,1.096869,0.244097
5.318531853185319,0.994316,-0.810019,-0.569975
5.31953195319532,-0.324997,0.898486,0.151682
5.32053205320532,0.321218,-0.451865,0.826565
5.321532153215322,0.502571,-0.069423,-0.704381
5.322532253225322,-0.414028,0.340193,-1.126411
5.323532353235324,1.275981,-0.88885,-0.357746
5.324532453245324,-0.606378,0.383524,1.287331
5.325532553255326,1.475932,-0.738996,0.103388
5.3265326532653265,-0.568952,0.997231,-1.004867
5.327532753275327,-0.002322,-0.789998,-0.855276
5.328532853285329,0.301035,0.247028,0.628204
5.329532953295329,-0.719763,-0.365799,0.52652
5.330533053305331,0.511626,-0.414141,-0.833826
5.331533153315331,-1.063561,0.35153,-0.346521
5.332533253325333,0.533161,-1.064159,0.85916
5.3335333533353335,-0.572706,1.026492,0.671384
5.334533453345334,0.740067,-0.499996,-1.055724
5.335533553355336,-0.342482,1.068158,-0.592494
5.336533653365336,-0.56607,-0.405626,0.341439
5.337533753375338,1.254325,-0.067226,0.157813
5.338533853385338,-0.72113,0.030334,-0.696742
5.33953395339534,0.856104,-0.536121,-0.805047
5.3405340534053405,-0.986455,0.545807,1.181968
5.341534153415342,0.690383,-1.106743,0.531659
5.342534253425343,-0.305064,0.751921,-0.232508
5.343534353435343,-0.685118,-1.051222,-0.702304
5.344534453445345,0.21554,0.880717,0.824278
5.345534553455345,-1.005261,-0.608995,0.79741
5.346534653465347,0.718917,-0.490482,-0.69327
5.3475347534753475,-0.807291,0.523006,-0.737887
5.348534853485349,0.318287,-0.885681,0.544667
5.34953495349535,-0.019781,0.936962,0.733948
5.35053505350535,-0.170051,-0.99257,0.066855
5.351535153515352,0.721942,1.128761,-1.426387
5.352535253525352,-1.258284,0.104696,0.440113
5.353535353535354,0.658365,-0.270314,0.989943
5.354535453545354,-0.713472,0.416859,-0.3457
5.355535553555356,0.6856,-1.035307,-0.876161
5.3565356535653565,0.543857,1.075058,0.03987
5.357535753575357,0.102433,-0.836639,0.867852
5.358535853585359,1.186249,0.788634,-0.69914
5.359535953595359,-1.621525,-0.355428,-0.717787
5.360536053605361,1.137777,1.111193,0.561163
5.361536153615361,-0.650608,-0.034542,0.54144
5.362536253625363,0.534915,0.101472,0.02417
5.3635363536353635,0.013589,-0.178969,-0.872217
5.364536453645364,-0.064303,-1.771849,0.403119
5.365536553655366,0.703351,0.49944,0.949665
5.366536653665366,-1.061837,-0.815853,0.103239
5.367536753675368,0.268263,0.804983,-1.561157
5.368536853685368,-0.706662,-0.345079,0.193969
5.36953695369537,0.723384,-0.074403,1.148724
5.3705370537053705,-0.194476,0.650398,-0.411647
5.371537153715372,-0.212591,-0.620587,-0.972035
5.372537253725373,0.550679,0.361205,0.121231
5.373537353735373,-1.466177,-1.315881,1.186394
5.374537453745375,0.777159,0.876283,0.062072
5.375537553755375,-0.777826,-0.671108,-1.057358
5.376537653765377,1.36336,0.604403,-0.570834
5.3775377537753775,-0.151488,0.084106,1.014336
5.378537853785379,-0.711525,-0.509807,0.114668
5.37953795379538,0.563658,0.180688,-0.345986
5.38053805380538,-0.983858,-0.593075,-0.821514
5.381538153815382,1.073965,1.070093,1.062671
5.382538253825382,-1.248824,-1.167573,0.478128
5.383538353835384,0.859517,0.764421,-1.093112
5.384538453845384,-0.412941,0.085623,-0.619555
5.385538553855386,0.130754,0.454876,1.44667
5.3865386538653866,0.371294,-0.103642,0.480838
5.387538753875387,-0.702187,-0.853431,-0.642631
5.388538853885389,0.716399,0.758392,-1.008593
5.389538953895389,-0.919425,-1.275801,0.479135
5.390539053905391,0.493622,1.062806,0.672149
5.391539153915391,-0.848432,-0.371825,-0.881858
5.392539253925393,0.306884,0.574431,-1.049684
5.3935393539353935,0.384007,0.061237,0.699673
5.394539453945394,-0.541435,0.183244,0.443766
5.395539553955396,0.677822,0.833169,-0.828105
5.396539653965396,-0.831469,-1.042971,-0.914984
5.397539753975398,0.79459,0.838733,0.623856
5.398539853985398,-0.807732,-1.30608,0.965028
5.3995399539954,-0.068248,1.323349,-0.439001
5.4005400540054005,-0.018515,-0.28634,-0.440213
5.401540154015402,-0.296403,0.721506,0.482361
5.402540254025403,0.768225,0.030845,1.010894
5.403540354035403,-0.642757,-1.18772,-0.551436
5.404540454045405,0.697464,1.228451,-1.1702
5.405540554055405,-0.808252,-1.293688,0.995993
5.406540654065407,0.671582,1.290518,1.0458
5.4075407540754075,-0.291204,-0.174626,-0.490633
5.408540854085409,-0.529652,-0.046072,-0.656446
5.40954095409541,1.34871,0.166165,0.445806
5.41054105410541,-1.273187,-0.822309,0.791422
5.411541154115412,0.721087,0.494306,0.196116
5.412541254125412,-0.454166,-1.175402,-1.346909
5.413541354135414,0.457922,0.61768,0.856121
5.414541454145414,-0.108119,-0.909586,0.712236
5.415541554155416,-0.606615,1.209088,-0.33324
5.4165416541654166,0.460003,-0.100691,-0.964606
5.417541754175417,-0.939221,-0.138961,0.020694
5.418541854185419,0.917637,0.078076,0.952454
5.419541954195419,-0.504212,-1.113768,-0.134347
5.420542054205421,0.34092,0.747207,-1.096691
5.421542154215421,0.08195,-1.092315,0.042941
5.422542254225423,-0.571836,0.674498,0.617736
5.4235423542354235,0.68345,-0.615276,-0.079885
5.424542454245424,-1.086378,0.204854,-0.187359
5.425542554255426,0.710474,0.631075,0.069493
5.426542654265426,-0.694363,-0.223623,0.554792
5.427542754275428,0.869909,0.475389,0.394314
5.428542854285428,0.183013,-1.344478,-0.458626
5.42954295429543,-0.618209,0.547471,-0.317667
5.4305430543054305,0.530537,-1.334296,1.185205
5.431543154315432,-0.598391,0.318679,0.207505
5.432543254325433,1.230263,-0.458947,-0.729763
5.433543354335433,-0.613505,0.154226,-0.560851
5.434543454345435,0.684161,0.85435,1.128468
5.435543554355435,-0.265463,-0.537945,0.264558
5.436543654365437,-0.776703,1.02444,-1.032762
5.4375437543754375,0.799912,-1.316742,-0.275699
5.438543854385439,-0.947745,0.932761,0.036827
5.43954395439544,1.010082,-1.263958,0.372463
5.44054405440544,-0.825614,0.781978,-1.099807
5.441544154415442,0.835161,0.164749,-0.637705
5.442544254425442,-0.508719,-0.289222,0.964691
5.443544354435444,-0.228723,0.560595,0.416167
5.444544454445444,1.125337,-0.946945,-1.152005
5.445544554455446,-0.429993,0.3734,-0.754642
5.4465446544654466,1.316593,-0.496664,0.896063
5.447544754475447,-0.969598,0.700413,0.858317
5.448544854485449,0.950206,-0.805145,-0.630424
5.449544954495449,-0.177081,0.043976,-0.700618
5.450545054505451,-0.244072,0.850772,1.126532
5.451545154515451,-0.051832,-0.458871,0.497008
5.452545254525453,-0.724601,1.049967,-0.75807
5.4535453545354535,0.998544,-0.998808,-0.506662
5.454545454545454,-0.889628,0.839592,0.671168
5.455545554555456,0.379683,-0.255051,0.744093
5.456545654565456,-0.199117,0.026662,-0.140689
5.457545754575458,0.362936,0.198129,-1.077359
5.458545854585458,0.307508,-0.36851,1.047763
5.45954595459546,-0.451312,0.672252,1.017557
5.4605460546054605,0.929353,-1.220018,-0.047313
5.461546154615462,-0.775306,1.030701,-1.039038
5.462546254625463,1.190413,-1.073411,0.342988
5.463546354635463,-0.237866,1.076793,1.001105
5.464546454645465,0.815089,-0.770891,-0.270771
5.465546554655465,0.720444,-0.009985,-0.889035
5.466546654665467,-0.196979,0.746168,0.129268
5.4675467546754675,1.10745,-0.98494,0.960842
5.468546854685469,-0.802648,0.516634,-0.330817
5.46954695469547,0.895343,-0.774828,-1.143225
5.47054705470547,-0.861244,1.171342,-0.283659
5.471547154715472,0.106221,-0.545859,0.582666
5.472547254725472,0.164808,0.095452,0.51592
5.473547354735474,-0.273356,-0.427764,-0.956609
5.474547454745474,1.357492,-0.710781,0.086544
5.475547554755476,-0.748407,0.663301,0.883287
5.476547654765477,1.072454,-1.279354,0.299256
5.477547754775477,-0.413878,0.618667,-0.69825
5.478547854785479,-0.116329,-1.077413,-0.254044
5.479547954795479,0.650869,1.059478,0.788146
5.480548054805481,-0.653349,0.33641,-0.054057
5.481548154815481,0.865098,-0.178435,-0.56128
5.482548254825483,-1.245765,-0.330613,-0.473203
5.4835483548354835,0.873688,-0.384315,1.113974
5.484548454845484,-1.263156,1.219847,0.027265
5.485548554855486,0.660152,-0.665253,-0.597226
5.486548654865486,-0.101161,0.842389,-0.271206
5.487548754875488,-0.195774,-1.031712,1.10753
5.488548854885488,1.277151,0.83721,0.21294
5.48954895489549,-1.261818,0.211301,-0.858456
5.4905490549054905,0.899529,-0.184797,-1.093844
5.491549154915492,-0.628258,0.589396,1.019558
5.492549254925493,0.959931,-1.049622,0.126579
5.493549354935493,-0.217878,0.727728,-0.537477
5.494549454945495,-0.715917,-0.98213,0.069718
5.495549554955495,0.911916,1.344791,0.80796
5.496549654965497,-1.186353,0.1663,0.808477
5.4975497549754975,1.315216,0.165788,-0.898433
5.498549854985499,-0.858244,0.227602,-0.741739
5.4995499549955,0.711326,-0.769283,-0.094871
5.5005500550055,0.010299,0.874758,0.652783
5.501550155015502,-0.057887,-1.240969,-0.534342
5.502550255025502,0.951356,0.998647,-0.665823
5.503550355035504,-0.943656,-0.454056,0.469655
5.504550455045504,1.034558,0.216538,0.820706
5.505550555055506,-0.149506,0.33156,-0.108252
5.506550655065507,0.70728,-0.210608,-0.727941
5.507550755075507,-0.126049,0.151121,0.660148
5.508550855085509,-0.042847,-0.926277,0.317402
5.509550955095509,0.94602,0.951149,-0.953119
5.510551055105511,-1.270624,-0.765092,-0.857455
5.511551155115511,0.261613,0.158497,0.708647
5.512551255125513,-0.606582,-0.215647,0.190426
5.5135513551355135,0.773521,-0.231945,-0.651386
5.514551455145514,-0.332331,-0.007156,-0.747145
5.515551555155516,-0.559672,-1.03422,0.625225
5.516551655165516,0.54878,0.697346,0.795035
5.517551755175518,-1.280336,-0.945623,-0.693396
5.518551855185518,0.969095,0.861898,-0.981546
5.51955195519552,-0.684162,-0.206379,0.546234
5.5205520552055205,0.647075,0.165294,0.86292
5.521552155215522,-0.317949,-0.073161,-0.23513
5.522552255225523,-0.101064,-0.07351,-0.705768
5.523552355235523,0.697866,0.375696,0.490687
5.524552455245525,-1.089486,-1.223405,0.875076
5.525552555255525,0.987812,0.816315,-0.147381
5.526552655265527,-0.732442,-0.833038,-0.835715
5.5275527552755275,0.940551,0.463393,0.069519
5.528552855285529,-0.687181,-0.579323,0.88007
5.52955295529553,0.224909,0.47413,0.159777
5.53055305530553,0.200552,0.560445,-0.839346
5.531553155315532,-0.734007,-0.436999,-0.048655
5.532553255325532,0.445416,1.063941,1.374069
5.533553355335534,-1.061877,-1.129341,0.423108
5.5345534553455344,1.331999,1.277782,-0.968425
5.535553555355536,-0.311151,-0.420434,0.418887
5.536553655365537,-0.03951,0.481687,0.983814
5.537553755375537,0.015919,0.347429,0.29257
5.538553855385539,-0.580715,-0.60191,-1.266597
5.539553955395539,1.253923,0.84624,-1.364993
5.540554055405541,-1.06485,-0.840674,1.180123
5.541554155415541,1.24689,1.357553,0.284829
5.542554255425543,-0.652914,-0.928644,-0.79211
5.5435543554355435,0.028084,0.510345,-0.623751
5.544554455445544,0.620877,-0.260782,1.084769
5.545554555455546,-0.922589,-0.339386,1.262825
5.546554655465546,0.439554,0.053527,-0.588332
5.547554755475548,-1.407255,-0.406482,-0.590176
5.548554855485548,0.920113,0.731805,0.905625
5.54955495549555,-0.428527,-1.106053,1.470764
5.5505550555055505,0.005446,1.222343,-0.196044
5.551555155515552,0.507178,-0.824533,-0.873774
5.552555255525553,-0.429149,1.006883,1.093688
5.553555355535553,1.204868,0.029043,1.184763
5.554555455545555,-0.471386,-0.937692,-0.701048
5.555555555555555,0.410653,0.84466,-1.299136
5.556555655565557,-0.674236,-1.330539,0.829296
5.5575557555755575,0.506264,0.841526,1.167862
5.558555855585559,0.272425,-1.523997,0.218258
5.55955595559556,-0.632276,0.625172,-0.621742
5.56055605560556,0.951295,0.218277,0.632746
5.561556155615562,-0.657868,-0.403114,1.177244
5.562556255625562,1.062329,-0.066736,-0.389568
5.563556355635564,-0.445411,-1.355694,-0.703197
5.5645564556455644,0.652977,0.866695,0.802573
5.565556555655566,0.542792,-0.838355,0.660216
5.566556655665567,-0.515262,1.179917,0.205968
5.567556755675567,1.314052,-0.790482,-1.07546
5.568556855685569,-1.160224,0.843294,0.037465
5.569556955695569,1.312608,0.08599,0.888103
5.570557055705571,-0.697823,-0.263496,-0.130556
5.571557155715571,0.003552,0.935507,-0.956139
5.572557255725573,-0.160603,-1.168502,0.137593
5.5735573557355735,-0.253685,0.906918,0.618192
5.574557455745574,0.91791,-0.757628,0.298226
5.575557555755576,-0.588805,0.503262,-0.878728
5.576557655765576,1.359425,-0.397881,-0.228225
5.577557755775578,-0.271292,-0.135244,0.76787
5.578557855785578,0.337408,0.430533,-0.155505
5.57955795579558,-0.19453,-1.04867,-0.442098
5.5805580558055805,-0.248615,1.023199,-0.5763
5.581558155815582,0.453361,-0.653267,1.078419
5.582558255825583,-0.961324,0.70845,0.241437
5.583558355835583,1.071283,-0.55006,-1.259759
5.584558455845585,-0.887871,0.377988,0.236699
5.585558555855585,0.933024,-0.057439,1.091914
5.586558655865587,-0.378563,-0.680554,0.023628
5.5875587558755875,-0.544357,0.754038,-1.109969
5.588558855885589,0.371131,-1.01777,-0.696188
5.58955895589559,-0.504261,1.051294,0.540459
5.59055905590559,0.515066,-0.327911,0.5165
5.591559155915592,-0.841489,0.091905,-0.726723
5.592559255925592,-0.053396,-0.065959,-0.751773
5.593559355935594,-0.449224,-0.275914,1.284946
5.5945594559455945,-0.118215,0.23788,0.215841
5.595559555955596,0.194681,-0.52736,-0.29998
5.596559655965597,-0.950413,0.555809,-1.006117
5.597559755975597,1.088808,-0.729394,1.049781
5.598559855985599,-0.248745,1.387731,0.621948
5.599559955995599,1.243325,-0.656919,-0.861739
5.600560056005601,-0.577171,0.408467,-0.467115
5.601560156015601,-0.705168,0.447213,1.210271
5.602560256025603,0.725991,-0.717348,0.548421
5.6035603560356035,-0.904145,0.96129,-0.243422
5.604560456045604,0.900046,-0.859182,-0.321012
5.605560556055606,-0.762934,0.695499,0.472622
5.606560656065606,0.716444,-0.4552,0.345243
5.607560756075608,-0.471009,0.812266,-0.689004
5.608560856085608,-0.145534,-0.16214,-0.501346
5.60956095609561,0.29859,-0.28235,0.680014
5.6105610561056105,-0.773679,0.640166,0.54273
5.611561156115612,1.100017,-0.74445,0.133481
5.612561256125613,-0.415495,0.970222,-0.721754
5.613561356135613,1.525559,-0.58402,0.175487
5.614561456145615,-0.527768,0.936674,1.080214
5.615561556155615,0.110756,-0.270948,-0.265904
5.616561656165617,0.697579,0.160085,-0.983377
5.6175617561756175,-1.091461,-0.191841,0.423325
5.618561856185619,1.072428,-0.589501,1.135053
5.61956195619562,-0.983279,0.92849,0.08124
5.62056205620562,1.040552,-1.049645,-1.685838
5.621562156215622,-0.104357,1.160037,-0.134614
5.622562256225622,-0.419275,-0.557959,1.064908
5.623562356235624,0.340077,0.544849,-0.116972
5.6245624562456245,-0.607133,-0.163635,-0.607094
5.625562556255626,0.732698,-0.414375,-0.013866
5.626562656265627,-0.678975,0.129203,0.806508
5.627562756275627,1.323111,-0.885935,0.299071
5.628562856285629,-0.582333,1.155009,-0.990338
5.629562956295629,0.426583,-0.654769,0.361445
5.630563056305631,0.252827,0.857822,0.175827
5.631563156315631,-1.10991,-0.730807,0.517368
5.632563256325633,0.784715,0.131008,-1.134055
5.6335633563356335,-0.989817,-0.410215,-0.493969
5.634563456345634,0.633951,-0.556013,1.768135
5.635563556355636,-0.920411,0.625566,0.367856
5.636563656365636,0.551804,-0.796734,-1.005868
5.637563756375638,-0.295105,0.874195,-0.62149
5.638563856385638,-0.194444,-1.210752,1.031382
5.63956395639564,0.741989,0.768351,0.013257
5.6405640564056405,-1.408923,-0.12185,-0.997873
5.641564156415642,1.23745,0.168148,-0.83939
5.642564256425643,-0.487501,0.149686,1.316872
5.643564356435643,0.54418,-0.908462,0.408706
5.644564456445645,0.070103,1.040229,-0.996795
5.645564556455645,-0.886192,-0.790334,-0.381633
5.646564656465647,0.439073,0.62027,0.974937
5.6475647564756475,-1.012263,-0.653804,0.718447
5.648564856485649,0.625318,-0.300061,-0.662959
5.64956495649565,-0.617181,0.24992,-0.382811
5.65056505650565,0.540948,-0.707289,0.713886
5.651565156515652,-0.95063,0.530242,1.091241
5.652565256525652,-0.45653,-1.70665,-0.077083
5.653565356535654,0.660592,0.776698,-0.541539
5.6545654565456545,-0.757519,-0.360585,0.729383
5.655565556555656,0.381859,0.646534,0.560704
5.656565656565657,-0.998542,-0.315738,-1.012403
5.657565756575657,0.530798,-0.666687,-0.91611
5.658565856585659,-0.272282,0.859422,0.836204
5.659565956595659,-0.170901,-0.378886,0.711777
5.660566056605661,0.288252,0.946203,-0.464626
5.661566156615661,-0.675287,-0.383669,-1.089326
5.662566256625663,0.870612,0.754003,0.468572
5.6635663566356635,-0.926162,-0.222595,0.835922
5.664566456645664,0.917139,0.411648,0.028392
5.665566556655666,-0.561472,0.022843,-0.864593
5.666566656665666,0.000943,-0.90149,0.537419
5.667566756675668,0.644326,1.269218,1.379543
5.668566856685668,-1.317786,-1.143997,-0.718866
5.66956695669567,0.930653,0.597614,-0.952356
5.6705670567056705,-0.924384,-0.279542,0.509484
5.671567156715672,1.065644,0.671172,1.301664
5.672567256725673,-0.526553,-0.34322,0.012806
5.673567356735673,0.107918,-0.247615,-0.851059
5.674567456745675,0.564704,0.289617,0.044584
5.675567556755675,-0.777497,-1.265856,1.105486
5.676567656765677,1.005846,1.34285,-0.148277
5.6775677567756775,-0.702604,-1.424364,-0.472334
5.678567856785679,0.624525,0.692409,0.528977
5.67956795679568,-0.367935,0.02724,0.646493
5.68056805680568,-0.141615,0.165363,-0.122599
5.681568156815682,0.322878,0.39466,-0.441967
5.682568256825682,-0.984443,-0.561148,-0.459228
5.683568356835684,1.280928,0.633507,1.365545
5.6845684568456845,-0.595701,-0.899981,0.471533
5.685568556855686,1.205973,1.11363,-1.066304
5.686568656865687,0.033025,-0.437696,-0.132063
5.687568756875687,0.22286,0.392143,1.211197
5.688568856885689,0.400882,0.017413,0.593918
5.689568956895689,-1.31108,-0.391325,-0.90302
5.690569056905691,1.085112,0.482294,-0.489298
5.691569156915691,-0.60382,-1.081064,0.905762
5.692569256925693,1.113041,1.186306,1.077853
5.6935693569356935,-0.446429,-0.845287,-0.906848
5.694569456945694,-0.099137,1.018781,-0.931953
5.695569556955696,0.130828,-0.269382,0.982123
5.696569656965696,-1.35742,0.051567,0.020732
5.697569756975698,1.095221,0.084873,-0.982131
5.698569856985698,-0.542904,-0.664461,-1.149672
5.6995699569957,1.547882,1.106924,0.56672
5.7005700570057005,-0.990311,-0.773542,0.321402
5.701570157015702,0.259011,0.709836,-1.403655
5.702570257025703,-0.446518,-0.845578,-1.022475
5.703570357035703,-0.394595,0.557695,0.75504
5.704570457045705,1.297591,0.29643,0.970674
5.705570557055705,-0.739791,-0.260941,-0.842311
5.706570657065707,0.790979,0.848687,-1.064313
5.7075707570757075,-0.661748,-1.054081,0.762871
5.708570857085709,0.89983,0.864572,1.078501
5.70957095709571,0.605699,-0.831423,-0.747952
5.71057105710571,-0.980519,1.097412,-0.89691
5.711571157115712,0.957405,-0.180582,0.886596
5.712571257125712,-0.82976,0.006174,0.904625
5.713571357135714,1.147421,0.776714,0.054183
5.7145714571457145,-0.041831,-0.707233,-1.222967
5.715571557155716,0.497026,0.861322,0.362996
5.716571657165717,-0.230292,-1.255139,1.092976
5.717571757175717,-0.501685,1.26504,-0.452085
5.718571857185719,1.037304,-0.523986,-0.925726
5.719571957195719,-0.902862,0.526731,0.731583
5.720572057205721,0.960814,-0.680077,1.613072
5.721572157215721,-0.968381,-0.183927,-0.314375
5.722572257225723,0.531944,0.49938,-1.246221
5.7235723572357236,-0.330369,-0.775042,0.302849
5.724572457245724,-0.747317,0.780261,1.185685
5.725572557255726,0.681821,-0.65646,-0.091608
5.726572657265726,-0.870035,0.938517,-0.958736
5.727572757275728,1.034374,0.042485,-0.101535
5.728572857285728,-0.734175,-0.054549,1.03094
5.72957295729573,0.194568,0.31202,-0.479535
5.7305730573057305,-0.574695,-0.985676,-0.922161
5.731573157315732,-0.161276,0.10556,-0.061861
5.732573257325733,0.328628,-0.739444,0.198888
5.733573357335733,-0.91324,0.724897,0.581194
5.734573457345735,0.858124,-0.499904,-0.683736
5.735573557355735,-1.002264,0.893149,0.280899
5.736573657365737,0.588118,-0.167681,1.525341
5.7375737573757375,-0.330936,-0.431637,-0.409266
5.738573857385739,-0.874628,0.684325,-1.033095
5.73957395739574,0.661915,-1.001992,-0.489565
5.74057405740574,-1.104388,0.939737,0.812855
5.741574157415742,1.072168,-0.982003,0.04148
5.742574257425742,-0.689978,0.928568,-0.442606
5.743574357435744,0.222879,0.024217,-1.001628
5.7445744574457445,-0.095678,-0.404853,1.06873
5.745574557455746,-0.179586,0.622165,0.313164
5.746574657465747,0.228651,-0.978835,-0.783048
5.747574757475747,-0.816289,0.464126,-0.584862
5.748574857485749,0.630446,-1.180162,0.871027
5.749574957495749,-0.91994,0.930556,0.335925
5.750575057505751,1.217435,-0.890187,-0.566061
5.751575157515751,-0.560244,0.826238,-0.892033
5.752575257525753,0.212098,-0.058496,0.616966
5.7535753575357536,0.887242,-0.700415,0.057641
5.754575457545754,-1.011047,1.008622,-0.852746
5.755575557555756,0.820823,-0.099546,-0.680607
5.756575657565756,-0.967079,1.02913,1.035717
5.757575757575758,1.273846,-1.262726,0.921325
5.758575857585758,-0.339723,0.460717,-0.285644
5.75957595759576,0.067406,-0.37058,-1.035587
5.7605760576057605,0.353002,0.153695,0.700846
5.761576157615762,-0.738688,0.078215,0.339205
5.762576257625763,1.267693,-1.115738,-0.309801
5.763576357635763,-1.017599,0.585271,-1.1545
5.764576457645765,0.318101,-1.208138,0.124052
5.765576557655765,-0.802044,0.697638,0.890482
5.766576657665767,0.453155,-0.672108,-0.426733
5.7675767576757675,0.227459,0.953613,-0.986721
5.768576857685769,-1.10604,-0.082817,0.456655
5.76957695769577,0.501859,-0.439696,0.398236
5.77057705770577,-1.163518,0.559632,-0.14338
5.771577157715772,0.939388,-0.715188,-0.787527
5.772577257725772,-0.296754,0.471995,0.011224
5.773577357735774,0.642337,-1.384249,0.830887
5.7745774577457745,-0.002646,1.214954,0.130689
5.775577557755776,-0.790358,-0.562214,-1.206978
5.776577657765777,0.96273,0.465769,0.601254
5.777577757775777,-0.85206,0.415153,1.652089
5.778577857785779,1.347998,-0.471129,-0.05564
5.779577957795779,-0.105083,1.275477,-1.467484
5.780578057805781,-0.153158,-0.415357,0.053802
5.781578157815781,-0.093123,1.238913,0.752095
5.782578257825783,-0.430239,-0.546519,0.188733
5.783578357835784,1.088825,0.708878,-0.921864
5.784578457845784,-1.044707,-0.64234,0.18444
5.785578557855786,0.525654,-0.70472,0.632358
5.786578657865786,-0.562872,0.778862,-0.291392
5.787578757875788,0.418791,-0.835409,-0.530263
5.788578857885788,0.053143,0.522835,0.071419
5.78957895789579,-0.86457,-0.9018,0.416477
5.7905790579057905,0.944137,0.87565,0.720604
5.791579157915792,-0.809186,-0.306326,-0.835411
5.792579257925793,1.466872,-0.242221,-0.481076
5.793579357935793,-0.771764,0.24599,0.505417
5.794579457945795,0.474005,-0.629693,0.418815
5.795579557955795,0.150615,0.798911,-0.931814
5.796579657965797,-0.824904,-1.234973,-0.680903
5.7975797579757975,1.441808,1.199665,1.01291
5.798579857985799,-0.571151,-0.98505,0.307075
5.7995799579958,1.753915,0.818219,-1.281519
5.8005800580058,-0.567119,0.104271,-0.801881
5.801580158015802,0.364533,-0.270016,1.132563
5.802580258025802,-0.539014,0.875564,0.238276
5.803580358035804,-0.35673,-0.369604,-0.74196
5.8045804580458045,0.663142,0.938952,-0.641861
5.805580558055806,-1.128258,-0.846743,1.521573
5.806580658065807,0.883922,0.480121,0.609592
5.807580758075807,-0.354799,-0.032759,-0.515916
5.808580858085809,0.636577,-0.360585,-0.453206
5.809580958095809,-0.107279,0.09947,0.760796
5.810581058105811,-0.494955,-1.568604,0.71743
5.811581158115811,0.768451,1.375043,-0.105978
5.812581258125813,-0.923812,-1.548457,-0.834377
5.813581358135814,1.018006,0.671087,0.260203
5.814581458145814,-0.784938,-0.536757,0.598581
5.815581558155816,0.770855,0.611168,-0.967524
5.816581658165816,0.010252,-0.50065,-0.76428
5.817581758175818,0.345308,-0.438938,0.623476
5.818581858185818,0.773777,0.505346,0.375616
5.81958195819582,-1.043591,-0.991501,-0.435206
5.8205820582058205,1.120654,0.526331,-1.133387
5.821582158215822,-0.871823,-1.201064,0.091909
5.822582258225823,0.936333,0.358637,1.150924
5.823582358235823,-0.130979,-0.438029,-0.332994
5.824582458245825,-0.243503,-0.495565,-0.620066
5.825582558255825,0.731119,-0.007818,-0.091983
5.826582658265827,-0.961288,-0.526447,0.813096
5.8275827582758275,0.830465,0.605216,-0.033133
5.828582858285829,-1.572288,-1.303844,-1.139872
5.82958295829583,0.478248,0.870305,0.661444
5.83058305830583,-0.865521,-0.084259,0.942073
5.831583158315832,-0.034306,-0.046794,0.079889
5.832583258325832,0.4617,-0.035171,-0.827774
5.833583358335834,-1.013845,-0.377696,0.014293
5.8345834583458345,1.0151,0.598913,0.682447
5.835583558355836,-0.669441,-1.080068,0.466779
5.836583658365837,1.143824,0.981454,-0.454123
5.837583758375837,-0.431754,-1.189998,0.039576
5.838583858385839,0.794045,0.886159,1.8602
5.839583958395839,0.594903,0.107109,0.057451
5.840584058405841,-0.404779,-0.293333,-0.886216
5.841584158415841,0.861911,0.214451,-0.713898
5.842584258425843,-1.06271,-0.645093,0.634262
5.843584358435844,0.604595,1.192926,0.394148
5.844584458445844,-0.358361,-1.086162,-1.219131
5.845584558455846,0.263485,1.16341,-0.344333
5.846584658465846,0.077248,-0.819922,0.698693
5.847584758475848,-0.950061,0.394477,0.123669
5.848584858485848,0.709867,-0.244841,-0.864766
5.84958495849585,-0.900932,-0.186713,-0.989183
5.8505850585058505,1.149283,0.862515,1.01756
5.851585158515852,-0.372241,-1.566333,0.50601
5.852585258525853,0.073998,1.564196,-0.669059
5.853585358535853,0.159062,-0.521495,-0.724841
5.854585458545855,-0.36449,0.112361,0.58903
5.855585558555855,0.994381,-0.460684,0.790806
5.856585658565857,-0.695421,0.079497,-0.753592
5.8575857585758575,1.1197,0.661543,-0.260233
5.858585858585859,-0.402827,-0.697531,0.44467
5.85958595859586,0.320482,1.202842,0.781227
5.86058605860586,0.057787,-0.775141,-0.275355
5.861586158615862,-0.574853,1.083457,-1.59215
5.862586258625862,0.652677,-0.602569,1.035789
5.863586358635864,-0.882102,0.424666,0.555553
5.8645864586458645,0.880274,-0.372068,-0.713089
5.865586558655866,-0.823236,-0.279565,-1.042569
5.866586658665867,0.283343,0.710762,0.815626
5.867586758675867,-0.113477,-1.515485,0.62029
5.868586858685869,-0.182692,1.202308,-0.23515
5.869586958695869,0.523872,-0.543435,-1.110209
5.870587058705871,-0.843354,0.790825,0.629332
5.8715871587158714,0.538886,-0.26841,0.739431
5.872587258725873,-0.453552,-0.220848,-0.482475
5.873587358735874,0.545295,0.396024,-0.95461
5.874587458745874,-0.048064,-0.617555,0.778525
5.875587558755876,-0.391625,0.957806,0.884417
5.876587658765876,0.935128,-0.632944,0.677471
5.877587758775878,-1.1943,1.217416,-1.011844
5.878587858785878,1.405743,-0.359913,0.401703
5.87958795879588,-0.432498,0.376654,0.956305
5.8805880588058805,0.117322,0.359402,-0.099253
5.881588158815882,0.230212,-0.081803,-0.924641
5.882588258825883,-0.746933,0.757417,0.222052
5.883588358835883,0.177275,-0.805889,1.141095
5.884588458845885,-1.3027,0.996488,-0.300804
5.885588558855885,1.279129,-1.053739,-0.872613
5.886588658865887,-0.479113,0.968606,-0.354287
5.8875887588758875,0.505491,-0.785679,1.136009
5.888588858885889,0.317214,-0.286886,0.026178
5.88958895889589,-0.247991,0.296886,-0.573079
5.89058905890589,0.796745,-1.196079,-0.503433
5.891589158915892,-0.595491,0.527374,1.15941
5.892589258925892,1.603363,-0.960636,0.062421
5.893589358935894,-0.555485,0.904889,-0.810784
5.8945894589458945,0.964948,-0.851067,-0.283337
5.895589558955896,-0.055875,0.314816,0.032395
5.896589658965897,-0.43708,-0.160524,0.427184
5.897589758975897,0.499912,-0.771733,-0.739403
5.898589858985899,-1.113383,0.537881,-0.379383
5.899589958995899,1.174412,-1.259372,1.054828
5.900590059005901,-0.691012,1.083527,0.85145
5.9015901590159014,0.826002,-0.93959,-1.115919
5.902590259025903,0.219736,0.265753,-0.822228
5.903590359035904,-0.372674,-0.481313,0.637674
5.904590459045904,0.266637,0.188973,0.547273
5.905590559055906,-1.143678,0.50198,-0.724214
5.906590659065906,1.000648,-0.80195,-1.161736
5.907590759075908,-0.716902,0.58362,0.896798
5.908590859085908,1.034884,-0.641389,0.946365
5.90959095909591,-0.309918,1.120389,-0.35604
5.9105910591059105,-0.10479,-0.766462,-0.611191
5.911591159115912,0.489382,0.517917,0.76229
5.912591259125913,-1.455972,0.060518,1.140649
5.913591359135913,0.653072,-0.559517,-0.222852
5.914591459145915,-1.027199,0.845421,-0.932769
5.915591559155915,0.763716,-1.281043,1.033798
5.916591659165917,-0.106532,0.88092,0.482782
5.9175917591759175,-0.175298,-0.570407,-0.214468
5.918591859185919,0.273968,1.068791,-0.463834
5.91959195919592,-0.711249,-0.010352,1.233475
5.92059205920592,0.813885,0.173716,0.909693
5.921592159215922,-1.129248,0.396484,-0.187457
5.922592259225922,1.211037,-0.782466,-0.845897
5.923592359235924,-0.162058,1.22907,0.715547
5.9245924592459245,-0.053744,-0.79285,0.94561
5.925592559255926,0.787238,0.981268,0.054606
5.926592659265927,-0.737381,-0.700225,-1.239381
5.927592759275927,0.999428,-0.446893,0.491696
5.928592859285929,-0.76909,-0.223301,1.035033
5.929592959295929,0.887502,-0.970545,-0.590913
5.930593059305931,-0.653179,0.723593,-1.398689
5.9315931593159315,0.014224,-1.020576,0.174181
5.932593259325933,0.109035,1.302843,0.964138
5.933593359335934,-0.885946,-0.976856,-0.322088
5.934593459345934,1.536901,0.711927,-0.895022
5.935593559355936,-0.020161,-0.02131,-0.546951
5.936593659365936,1.210386,-0.054876,0.527324
5.937593759375938,-0.035732,0.249083,0.234338
5.938593859385938,0.113517,-1.016942,-1.00415
5.93959395939594,0.088328,1.19261,-0.04058
5.9405940594059405,-0.56129,-0.512246,0.861105
5.941594159415942,0.768489,0.636218,0.124162
5.942594259425943,-1.229727,-1.484416,-0.797843
5.943594359435943,1.133501,0.543567,-0.407797
5.944594459445945,-0.641564,0.321852,1.315703
5.945594559455945,0.876335,-0.571152,0.582501
5.946594659465947,-0.470149,1.001212,-0.810954
5.9475947594759475,-0.251366,-1.119555,-0.37937
5.948594859485949,0.418278,1.040813,0.592589
5.94959495949595,-0.450019,-0.867496,0.554834
5.95059505950595,0.924253,0.122073,-0.905447
5.951595159515952,-0.900262,-0.270873,-0.270738
5.952595259525952,1.100709,-0.340724,0.352717
5.953595359535954,0.00942,0.274344,-0.209022
5.9545954595459545,-0.741479,-0.658093,-0.552433
5.955595559555956,0.823435,0.810814,-1.227969
5.956595659565957,-1.246137,-1.438325,1.125573
5.957595759575957,0.877249,0.378455,0.390358
5.958595859585959,-0.537115,-0.770888,-1.019052
5.959595959595959,0.451638,0.096873,-0.424878
5.960596059605961,-0.045979,-0.428971,1.095091
5.9615961596159615,-0.12193,-0.5277,0.278101
5.962596259625963,0.477128,0.545455,-0.833282
5.963596359635964,-1.229989,-0.33947,-0.671051
5.964596459645964,1.127227,0.726272,0.857959
5.965596559655966,-0.509117,-0.844683,0.861796
5.966596659665966,0.505215,0.654955,-0.715251
5.967596759675968,0.019277,-0.159392,-1.136314
5.968596859685968,0.189015,-0.27685,0.909522
5.96959695969597,0.631086,0.829032,0.321288
5.9705970597059705,-1.596352,-0.572987,-0.854162
5.971597159715972,0.834749,0.813392,-1.209312
5.972597259725973,-0.508191,-0.80834,0.988383
5.973597359735973,1.315988,1.23497,0.591829
5.974597459745975,0.455355,-0.2417,-0.177657
5.975597559755975,-0.703048,0.282146,-0.901795
5.976597659765977,0.743852,0.280898,0.646899
5.9775977597759775,-0.905886,-0.626703,0.90029
5.978597859785979,0.544259,0.787116,-0.030501
5.97959795979598,-0.685857,-0.844785,-0.970693
5.98059805980598,1.019164,1.113112,0.157685
5.981598159815982,-0.582403,-0.786697,0.827549
5.982598259825982,0.209087,0.215306,0.160808
5.983598359835984,0.641819,-0.412639,-0.73564
5.9845984598459845,-1.089846,-0.300608,0.460825
5.985598559855986,1.362179,0.893681,1.415526
5.986598659865987,-0.869126,-0.663939,-0.075061
5.987598759875987,0.409851,1.216579,-0.759934
5.988598859885989,-0.350361,-0.641278,-0.899577
5.989598959895989,-0.798968,0.904018,0.703439
5.990599059905991,0.041794,-0.26366,-0.355875
5.9915991599159915,-0.90162,0.523429,-0.575044
5.992599259925993,1.023749,0.200596,0.257871
5.993599359935994,-0.839592,-0.823662,1.296048
5.994599459945994,0.545819,0.648826,0.219474
5.995599559955996,-0.129689,-0.885009,-0.20047
5.996599659965996,-0.057556,0.927238,-0.415528
5.997599759975998,0.511141,-1.359587,1.320273
5.998599859985998,-0.802457,0.978233,0.286199
5.999599959996,0.628408,-0.253356,-0.760129
6.0006000600060005,-0.863769,-0.113983,-1.020202
6.001600160016002,0.84027,0.865311,0.935902
6.002600260026003,-0.622756,-1.20286,0.706915
6.003600360036003,-0.52105,0.835944,0.004075
6.004600460046005,0.321938,-1.160966,-0.341763
6.005600560056005,-0.821679,1.32482,1.263904
6.006600660066007,1.063287,-0.777238,-0.144244
6.0076007600760075,-1.307036,0.690804,-0.901304
6.008600860086009,0.827294,0.541271,-0.53981
6.00960096009601,-0.694011,-0.961338,1.063888
6.01060106010601,0.617371,0.526616,0.632671
6.011601160116012,0.263921,-0.970031,-0.890277
6.012601260126012,-0.166902,1.038777,-0.526391
6.013601360136014,1.540071,-1.313846,0.706815
6.0146014601460145,-1.033994,0.964892,0.650575
6.015601560156016,1.033025,-0.552572,-0.841698
6.016601660166017,-0.519706,-0.520241,-1.072682
6.017601760176017,0.347169,0.283588,0.692467
6.018601860186019,0.030257,-1.299555,0.348479
6.019601960196019,-0.068489,1.138173,-0.435178
6.020602060206021,0.802336,-0.802785,-0.50935
6.0216021602160215,-0.570398,1.139968,0.473779
6.022602260226023,1.077322,-0.632473,0.812081
6.023602360236024,-0.413255,-0.178969,-0.577568
6.024602460246024,-0.11772,0.011481,-1.006434
6.025602560256026,-0.253162,-0.443821,1.013534
6.026602660266026,-0.977927,0.892428,0.929353
6.027602760276028,1.364656,-1.287561,0.28932
6.028602860286028,-0.777307,0.652982,-1.2933
6.02960296029603,1.118335,-0.745918,0.586839
6.0306030603060305,-0.907131,-0.030194,0.924738
6.031603160316032,0.955192,-0.008123,-0.423375
6.032603260326033,0.212412,-0.370236,-1.184092
6.033603360336033,-0.039045,0.439554,0.037687
6.034603460346035,0.647564,-1.227384,0.835781
6.035603560356035,-0.616403,1.085053,-0.313585
6.036603660366037,0.75164,-1.363816,-0.919491
6.0376037603760375,-1.611545,1.08204,0.017812
6.038603860386039,0.259498,-0.614062,1.011955
6.03960396039604,-0.181185,0.555013,0.174678
6.04060406040604,-0.574669,-0.030361,-1.383653
6.041604160416042,0.282271,-0.947583,0.400809
6.042604260426042,-0.470593,0.604681,1.237956
6.043604360436044,1.027444,-0.958223,-0.09984
6.0446044604460445,-0.523193,1.164686,-0.808136
6.045604560456046,0.584751,-0.696691,-0.197909
6.046604660466047,-0.001043,0.984533,1.169815
6.047604760476047,-0.047081,0.331715,0.118221
6.048604860486049,0.714495,-0.50116,-0.82393
6.049604960496049,-1.191266,0.799232,-0.169
6.050605060506051,1.011901,-1.381907,1.28776
6.0516051605160515,-0.595574,1.414689,-0.12159
6.052605260526053,0.829954,-0.4963,-0.576729
6.053605360536054,-0.290018,0.842961,-1.271418
6.054605460546054,-0.494292,-0.780453,0.927701
6.055605560556056,0.583033,0.443506,0.344933
6.056605660566056,-0.728695,0.750666,-1.012386
6.057605760576058,0.650571,-0.331985,-0.663349
6.058605860586058,-1.012363,1.002742,1.437563
6.05960596059606,0.842678,-1.219405,0.700348
6.0606060606060606,0.051637,1.198262,-1.187118
6.061606160616062,0.298449,-0.435485,-0.889235
6.062606260626063,0.489923,0.471823,1.619444
6.063606360636063,-1.097255,-0.073058,0.749153
6.064606460646065,1.211673,-0.851803,-0.82355
6.065606560656065,-1.137518,0.083234,-0.597893
6.066606660666067,1.110517,-0.950152,0.741027
6.0676067606760675,-0.462151,0.720487,0.792547
6.068606860686069,0.075597,-0.875236,-0.32787
6.06960696069607,-0.011308,0.822655,-1.11724
6.07060706070607,-0.876538,-0.609688,0.619468
6.071607160716072,1.127737,0.437389,0.417245
6.072607260726072,-1.046525,0.519167,-0.472074
6.073607360736074,0.330275,-1.049401,-0.474299
6.0746074607460745,-0.454063,0.691329,0.471813
6.075607560756076,-0.059333,-0.635623,0.398552
6.076607660766077,0.294251,0.956253,-0.441376
6.077607760776077,-1.344237,-0.470145,-1.488708
6.078607860786079,0.739723,0.795166,-0.27316
6.079607960796079,-1.089972,-0.300904,0.06071
6.080608060806081,1.368254,-0.666541,0.299791
6.0816081608160815,-0.979182,0.8318,-0.800872
6.082608260826083,0.153656,-0.906741,0.678505
6.083608360836084,0.245993,1.309649,0.723581
6.084608460846084,-0.293323,-0.885048,0.37902
6.085608560856086,0.460009,1.123462,-1.291182
6.086608660866086,-0.878933,-0.245555,0.124955
6.087608760876088,0.63548,0.076845,0.817585
6.088608860886088,-0.60142,0.652196,-0.310994
6.08960896089609,-0.150177,-0.742397,-1.120263
6.0906090609060906,0.303777,1.126995,0.099545
6.091609160916092,-0.595025,-0.938347,1.39321
6.092609260926093,0.699654,0.546548,0.125883
6.093609360936093,-0.508689,-0.722488,-1.203282
6.094609460946095,1.32735,0.828374,-0.260804
6.095609560956095,-0.389356,-0.156733,1.008838
6.096609660966097,-0.102843,-0.307077,0.497825
6.0976097609760975,0.558597,0.43044,-1.364738
6.098609860986099,-0.331391,-0.8303,-0.368453
6.0996099609961,0.757427,1.142077,0.744993
6.1006100610061,-1.312044,-0.79267,0.289068
6.101610161016102,0.870788,0.841769,-0.827013
6.102610261026102,-1.201352,-0.114583,-0.294427
6.103610361036104,0.674918,0.117668,1.067711
6.1046104610461045,-0.264788,0.145609,0.271877
6.105610561056106,-0.09866,-0.889817,-1.158506
6.106610661066107,0.554609,1.283335,-0.499864
6.107610761076107,-1.191837,-1.057256,0.35756
6.108610861086109,1.271166,0.810227,0.213386
6.109610961096109,-0.773907,-0.929884,-0.583373
6.110611061106111,0.395457,0.606652,-0.761889
6.1116111611161115,-0.081045,0.368915,0.894814
6.112611261126113,-0.726861,-0.072164,0.557075
6.113611361136114,0.573355,0.579891,-0.773448
6.114611461146114,-1.109248,-1.519368,-1.123098
6.115611561156116,1.141967,0.973392,1.166114
6.116611661166116,-0.348591,-1.159361,0.778561
6.117611761176118,0.778943,0.580228,-1.115327
6.118611861186118,0.271078,-0.499562,-0.965681
6.11961196119612,-0.226838,0.689398,1.19054
6.120612061206121,0.321018,0.516929,0.512511
6.121612161216122,-1.067399,-0.958531,-0.301924
6.122612261226123,1.41145,0.748965,-1.208293
6.123612361236123,-1.11001,-1.481968,0.642606
6.124612461246125,0.956763,1.161622,0.448363
6.125612561256125,-0.318394,-0.902287,-0.427795
6.126612661266127,-0.165135,0.435851,-0.730765
6.1276127612761275,0.553077,0.058516,0.379958
6.128612861286129,-1.051187,-0.525411,0.592219
6.12961296129613,0.71624,0.56372,-0.539237
6.13061306130613,-0.879357,-0.812522,-1.498335
6.131613161316132,1.05992,0.677526,0.327372
6.132613261326132,-0.293926,-0.922951,0.294096
6.133613361336134,-0.12701,0.593745,-0.170106
6.1346134613461345,0.829954,-0.267321,-1.16402
6.135613561356136,-0.618588,-0.194166,-0.437048
6.136613661366137,0.689951,0.246855,1.197388
6.137613761376137,-0.648369,-0.723206,-0.473213
6.138613861386139,0.866683,0.732007,-0.816023
6.139613961396139,-0.037893,-0.684516,-0.118543
6.140614061406141,0.215824,0.852678,1.083818
6.1416141614161415,0.237341,-0.915507,-0.421274
6.142614261426143,-0.564425,0.988173,-1.561402
6.143614361436144,0.966272,0.114305,0.182012
6.144614461446144,-0.532671,-0.707916,1.17095
6.145614561456146,0.461085,0.770958,0.068153
6.146614661466146,-0.434097,-1.355824,-0.624817
6.147614761476148,-0.234809,1.021157,-0.070353
6.148614861486148,0.256589,-1.018191,1.260623
6.14961496149615,-0.735804,0.535665,0.141407
6.150615061506151,0.724812,-0.55739,-1.448537
6.151615161516152,-0.957527,0.21275,0.092401
6.152615261526153,0.976466,0.21778,0.941065
6.153615361536153,-0.497589,-0.908684,0.21707
6.154615461546155,0.161206,1.361145,-0.683376
6.155615561556155,0.249596,-0.84261,0.17159
6.156615661566157,-1.480381,1.071015,1.029931
6.1576157615761575,0.809192,-0.770168,0.165728
6.158615861586159,-0.530884,0.893067,-0.264371
6.15961596159616,0.916653,-0.213104,-0.391637
6.16061606160616,-0.180019,-0.627699,1.169174
6.161616161616162,-0.432343,0.457118,0.6596
6.162616261626162,-0.057674,-0.72117,-0.42363
6.163616361636164,-0.658293,1.579027,-0.182757
6.1646164616461645,0.777754,-1.210326,1.101121
6.165616561656166,-0.893134,1.23334,0.860485
6.166616661666167,1.097604,-0.265675,-0.85598
6.167616761676167,-0.839796,0.418243,-0.933925
6.168616861686169,0.690775,0.658042,0.529884
6.169616961696169,-0.491454,-0.850022,0.730782
6.170617061706171,-0.591399,0.323497,-0.406317
6.1716171617161715,0.499857,-0.511479,-0.705861
6.172617261726173,-1.045925,1.713366,1.067271
6.173617361736174,0.820297,-0.081302,1.29724
6.174617461746175,-0.222798,0.13157,-0.110482
6.175617561756176,0.215267,-0.17311,-0.74011
6.176617661766176,-0.137094,-0.581725,0.956665
6.177617761776178,-0.778197,0.790429,0.994241
6.1786178617861784,0.301183,-0.529574,-0.122662
6.17961796179618,-1.047713,1.619296,-0.980909
6.180618061806181,1.390774,-0.283336,0.166473
6.181618161816182,-1.097952,0.488611,1.139509
6.182618261826183,0.769957,-0.057829,-0.23415
6.183618361836183,-0.004865,-0.114506,-1.027923
6.184618461846185,-0.358597,0.416843,0.755601
6.185618561856185,1.174255,-0.317247,1.291259
6.186618661866187,-0.687622,0.946195,-0.48325
6.1876187618761875,1.098915,-0.820163,-0.447291
6.188618861886189,-0.620757,1.265843,0.245183
6.18961896189619,0.585538,-0.789166,1.521764
6.19061906190619,-0.564443,0.130818,-0.345581
6.191619161916192,-0.170717,0.269186,-0.836301
6.192619261926192,1.253284,-0.081942,-0.277066
6.193619361936194,-0.805001,0.905203,0.65699
6.1946194619461945,0.994591,-0.825825,0.442533
6.195619561956196,-1.014658,0.923503,-1.228865
6.196619661966197,0.445377,-1.269402,0.026184
6.197619761976197,-0.365564,0.864728,0.679867
6.198619861986199,-0.372761,-0.561988,0.659048
6.199619961996199,0.668511,-0.101503,-0.952186
6.200620062006201,-0.616743,0.092154,-0.272311
6.2016201620162015,1.176858,-0.69694,1.034975
6.202620262026203,-0.932494,0.622101,-0.13108
6.203620362036204,1.081325,-0.976707,-0.832771
6.204620462046205,0.071186,1.099196,0.073291
6.205620562056206,0.00195,-0.724337,1.284711
6.206620662066206,0.483848,0.755998,0.167979
6.207620762076208,-0.621194,0.314591,-1.659917
6.2086208620862084,1.012797,-0.815148,-0.127585
6.20962096209621,-1.140125,0.956451,0.616386
6.210621062106211,0.642441,-0.569203,0.613635
6.211621162116212,-0.293047,0.815448,-1.016157
6.212621262126213,-0.052231,-0.619605,-0.94986
6.213621362136213,-0.030012,0.419558,0.849891
6.214621462146215,-1.240609,-0.287589,0.432279
6.215621562156215,0.134545,-0.240968,-0.133859
6.216621662166217,-1.473282,0.007576,-0.934332
6.2176217621762175,0.713727,0.149483,0.605526
6.218621862186219,0.143002,0.833798,0.765879
6.21962196219622,-0.253475,-1.579247,-0.782342
6.22062206220622,0.853053,1.194987,-1.364127
6.221622162216222,-0.155579,-0.689435,0.971091
6.222622262226222,0.601848,0.15502,1.178575
6.223622362236224,-1.028149,-0.355869,-0.778896
6.2246224622462245,1.081725,-0.76731,-0.574297
6.225622562256226,-0.700067,0.983612,0.316788
6.226622662266227,0.143077,-1.340471,0.922353
6.227622762276227,0.514524,0.916427,-0.249747
6.228622862286229,-0.443729,-0.561363,-0.822494
6.229622962296229,0.641363,0.205633,0.247101
6.230623062306231,-1.51643,-0.406995,0.428286
6.2316231623162315,0.759333,-0.134682,-0.607694
6.232623262326233,-0.745644,0.577228,-1.022525
6.233623362336234,0.116625,-1.223392,0.298552
6.234623462346235,0.234472,1.482882,1.136973
6.235623562356236,-0.828542,-0.886168,-0.802436
6.236623662366236,1.27381,1.054193,-0.486149
6.237623762376238,-0.967318,-0.891131,0.329653
6.2386238623862385,1.743037,0.148755,0.818329
6.23962396239624,-1.01283,0.093599,-0.067593
6.240624062406241,0.356921,-0.746583,-1.050137
6.241624162416242,0.38827,0.662441,-0.334422
6.242624262426243,-0.690029,-0.717256,0.647978
6.243624362436243,0.731711,1.070937,0.131
6.244624462446245,-0.467636,-1.608179,-0.754867
6.245624562456245,0.949074,1.135775,-0.010351
6.246624662466247,-0.802075,-0.702104,0.480301
6.2476247624762475,0.165517,-0.132479,-0.062604
6.248624862486249,-0.115643,0.326541,-0.800593
6.24962496249625,-0.943377,-0.810664,-0.492477
6.25062506250625,0.650368,1.017845,1.334327
6.251625162516252,-0.899578,-0.748498,-0.110169
6.252625262526252,1.099474,0.522142,-1.140069
6.253625362536254,-0.826367,-0.627999,-0.214398
6.2546254625462545,0.116319,0.448755,1.437556
6.255625562556256,0.415346,0.481999,0.553213
6.256625662566257,-0.089097,-0.103714,-1.587613
6.257625762576257,0.426422,0.622887,-0.279719
6.258625862586259,-0.991653,-0.933204,0.95325
6.259625962596259,0.932368,0.961672,0.108387
6.260626062606261,-0.728488,-0.587575,-0.8875
6.2616261626162615,0.727383,0.533218,-0.623319
6.262626262626263,-0.15113,0.208408,0.937035
6.263626362636264,-0.481,-0.697925,0.266999
6.264626462646265,0.5263,0.482528,-0.60294
6.265626562656266,-1.10989,-0.76199,-0.597308
6.266626662666266,0.906752,0.722683,0.991482
6.267626762676268,-0.568446,-0.479442,0.979188
6.2686268626862685,0.984719,0.88454,-1.648061
6.26962696269627,-0.590272,-0.583718,-1.355101
6.270627062706271,-0.760245,0.32472,0.219769
6.271627162716272,0.938609,0.207795,0.651084
6.272627262726273,-0.538348,-0.872166,-1.302862
6.273627362736273,1.107549,0.932244,-0.888407
6.274627462746275,-0.506156,-0.4384,1.024942
6.275627562756275,-0.027697,1.604407,1.162008
6.276627662766277,-0.032558,-0.911542,-0.448583
6.2776277627762775,-0.187036,1.072031,-1.322871
6.278627862786279,0.385471,-0.46846,0.918157
6.27962796279628,-0.838233,-0.40794,1.109595
6.28062806280628,0.941707,0.835561,0.407626
6.281628162816282,-0.637972,-0.935358,-0.790258
6.282628262826282,1.300714,0.873508,0.759753
6.283628362836284,-0.634772,-0.697788,0.531457
6.2846284628462845,-0.830385,0.78286,-0.596324
6.285628562856286,0.817337,-0.760501,-0.929951
6.286628662866287,-1.259796,0.487273,0.589839
6.287628762876287,0.554098,0.28618,0.600288
6.288628862886289,-0.700688,-0.581302,-0.425143
6.289628962896289,0.986809,0.657117,-1.326498
6.290629062906291,-0.124118,-0.650487,0.216842
6.2916291629162915,-0.741145,1.126057,0.845406
6.292629262926293,0.772841,-0.903487,0.343529
6.293629362936294,-0.424287,0.820565,-0.584649
6.294629462946295,0.170425,0.119905,0.327339
6.295629562956296,-1.38414,-0.308274,0.624853
6.296629662966296,0.923624,0.362056,0.44458
6.297629762976298,-0.484524,-1.394688,-0.638932
6.2986298629862985,-0.607045,1.045161,-0.124507
6.2996299629963,0.179861,-1.363051,1.030136
6.300630063006301,-0.865146,0.359219,0.285743
6.301630163016302,0.845825,-0.511197,-0.885652
6.302630263026303,-1.049319,-0.098887,-0.200182
6.303630363036303,0.858881,0.597017,0.936218
6.304630463046305,-0.423247,-0.780419,-0.128669
6.305630563056305,0.065254,0.104469,-0.787588
6.306630663066307,0.696672,-0.842033,-0.557434
6.3076307630763075,-1.126621,0.956076,1.229167
6.308630863086309,1.300913,-1.025699,-0.009461
6.30963096309631,-1.181097,1.103641,-0.872751
6.31063106310631,1.007729,-0.075422,-0.366048
6.311631163116312,-0.785324,-0.119558,1.538249
6.312631263126312,0.363912,0.595323,0.232395
6.313631363136314,0.587556,-0.560514,-0.812926
6.3146314631463145,-0.836374,0.778163,-0.794108
6.315631563156316,0.880122,-0.935524,0.91034
6.316631663166317,-1.371273,0.917681,0.490879
6.317631763176317,0.904861,-0.515085,-1.195479
6.318631863186319,-0.767355,0.025713,-0.885127
6.319631963196319,0.845535,0.251092,1.161237
6.320632063206321,0.111101,-1.17794,0.768441
6.3216321632163215,-0.570083,1.014298,-0.022136
6.322632263226323,0.62013,-1.489334,-0.529909
6.323632363236324,-0.806591,0.578188,1.433139
6.324632463246325,0.824942,-1.068495,0.407289
6.325632563256326,-0.748561,0.874291,-0.400691
6.326632663266326,0.227913,0.143532,-0.392817
6.327632763276328,0.017644,0.095847,1.015023
6.3286328632863285,-0.8127,0.482357,0.83614
6.32963296329633,1.315584,-0.973855,-0.601376
6.330633063306331,-1.018894,0.990679,-1.170317
6.331633163316332,1.230552,-1.222148,0.258723
6.332633263326333,-1.2369,0.994296,1.342282
6.333633363336333,0.137012,-0.489247,-0.317322
6.334633463346335,0.118543,0.889413,-1.287853
6.335633563356335,-0.54733,0.113833,0.331465
6.336633663366337,1.304606,-0.631759,0.674814
6.3376337633763375,-1.112623,0.236613,-0.193617
6.338633863386339,0.925598,-0.843487,-0.690386
6.33963396339634,-0.720813,1.212206,0.053736
6.34063406340634,0.66415,-0.968352,1.090471
6.341634163416342,-0.175913,0.687096,0.100751
6.342634263426342,-0.303732,-0.099446,-0.573337
6.343634363436344,-0.121043,-0.651238,0.772372
6.3446344634463445,-0.762531,0.100105,0.65659
6.345634563456346,0.842858,-0.747541,0.184915
6.346634663466347,-0.262704,0.867523,-0.70754
6.347634763476347,0.859698,-0.497858,0.161652
6.348634863486349,-0.217209,0.531143,1.288866
6.349634963496349,0.210832,-0.235453,0.387362
6.350635063506351,-0.051813,0.417413,-0.672589
6.3516351635163515,-0.988678,0.012093,-0.263019
6.352635263526353,1.007817,-0.977366,0.998976
6.353635363536354,-0.558333,1.00454,-0.361097
6.354635463546355,0.751006,-0.781364,-0.748823
6.355635563556356,-0.542193,0.733213,-0.372418
6.356635663566356,-0.189399,-0.481881,0.667814
6.357635763576358,0.692442,0.609013,0.814503
6.3586358635863585,-1.114947,-0.46766,-1.430314
6.35963596359636,1.14637,-0.498935,0.279669
6.360636063606361,-1.355594,0.183464,0.746579
6.361636163616362,0.625483,-0.796749,0.230121
6.362636263626363,-0.235488,0.936266,-1.163678
6.363636363636363,0.01951,-0.913287,-0.612798
6.364636463646365,0.27226,0.656497,0.655765
6.365636563656365,-0.794698,0.279397,1.110581
6.366636663666367,1.016379,-0.043303,-0.882695
6.3676367636763676,-1.016464,0.373977,-0.857537
6.368636863686369,1.01782,-0.779116,0.739197
6.36963696369637,-0.677627,0.882208,0.811291
6.37063706370637,-0.029809,-0.729489,-0.600721
6.371637163716372,0.030597,1.19454,-0.521365
6.372637263726372,-1.114194,-0.32324,1.015937
6.373637363736374,1.419279,0.153993,0.455922
6.3746374637463745,-1.042994,0.602058,-0.544662
6.375637563756376,0.938996,-0.352149,-1.178656
6.376637663766377,-0.283962,0.390527,0.522732
6.377637763776377,0.048243,-1.107,0.778819
6.378637863786379,-0.24267,0.80879,-0.61333
6.379637963796379,-0.86923,-0.579358,-0.84386
6.380638063806381,0.798123,0.749494,0.437209
6.3816381638163815,-1.019172,-0.488221,0.210084
6.382638263826383,0.943087,0.620226,-0.696457
6.383638363836384,-0.754585,-0.467271,-0.740281
6.384638463846385,0.031097,-0.80309,0.726146
6.385638563856386,0.026479,0.871313,0.4204
6.386638663866386,-0.482173,-0.727804,-0.041288
6.387638763876388,0.953084,1.036477,-1.128719
6.3886388638863885,-0.548357,-1.066471,-0.355062
6.38963896389639,0.685058,0.693769,0.860863
6.390639063906391,-0.31996,0.103355,-1.066083
6.391639163916392,0.961029,-0.533725,-0.953651
6.392639263926393,-0.224603,0.48934,0.065393
6.393639363936393,-0.788829,-0.835832,0.435136
6.394639463946395,0.910842,0.850516,-0.101118
6.395639563956395,-1.432961,-1.259856,-1.16072
6.396639663966397,1.323941,0.951415,0.172812
6.3976397639763976,-0.371153,-0.566352,1.063382
6.398639863986399,0.419081,0.41842,-0.194574
6.3996399639964,0.184398,0.073852,-1.211157
6.4006400640064,-0.586938,-0.45689,-0.099813
6.401640164016402,0.797007,0.946841,0.858535
6.402640264026402,-1.369263,-1.114095,-0.335585
6.403640364036404,0.786853,0.270815,-1.103314
6.4046404640464045,-1.018614,-1.087967,0.069164
6.405640564056406,0.14173,1.051633,1.004629
6.406640664066407,-0.319534,-0.301152,0.419485
6.407640764076407,-1.090503,-0.355184,-1.258463
6.408640864086409,0.692537,0.834532,0.023902
6.409640964096409,-1.190205,-1.175171,0.9142
6.410641064106411,0.499285,1.144856,0.283609
6.4116411641164115,-0.708181,-0.981658,-1.31827
6.412641264126413,0.277596,1.088997,-0.604869
6.413641364136414,-0.362165,-0.217674,1.583445
6.414641464146415,-0.687401,-0.315612,-0.068979
6.415641564156416,1.037385,-0.250086,-0.93935
6.416641664166416,-0.708788,-0.696778,-0.913453
6.417641764176418,1.041678,0.847554,0.634293
6.4186418641864185,-1.329985,-1.57638,0.023456
6.41964196419642,0.281399,1.232887,-1.130833
6.420642064206421,-0.359712,-0.892112,-0.853318
6.421642164216422,-0.632548,0.464703,0.981838
6.422642264226423,0.717539,-0.084167,0.355729
6.423642364236423,-1.018076,-0.01689,-0.530759
6.424642464246425,0.935039,0.563025,-0.615472
6.425642564256425,-0.900044,-1.038136,0.353385
6.426642664266427,0.72973,0.952337,0.565801
6.427642764276428,-0.965535,-0.941313,-0.385668
6.428642864286429,-0.576446,0.86627,-0.553986
6.42964296429643,0.590359,-0.54379,0.775124
6.43064306430643,-0.968006,-0.171882,0.677071
6.431643164316432,0.628487,-0.14372,-1.180439
6.432643264326432,-0.869736,-1.05884,-1.026893
6.433643364336434,0.985861,0.80672,0.403022
6.4346434643464345,-0.283338,-0.743591,0.347692
6.435643564356436,0.161334,0.714754,0.251825
6.436643664366437,0.458867,-0.431253,-1.060589
6.437643764376437,-0.779905,0.358647,0.5969
6.438643864386439,1.14383,0.094949,0.547838
6.439643964396439,-0.654553,-0.313439,-0.154504
6.440644064406441,0.805048,0.605331,-0.963155
6.4416441644164415,-0.537692,-1.227299,0.076808
6.442644264426443,-0.08196,1.261763,0.564482
6.443644364436444,0.216757,-0.834386,-0.035959
6.444644464446445,-0.668068,1.244405,-1.285602
6.445644564456446,0.763866,0.038009,0.813927
6.446644664466446,-0.681741,0.193809,0.705233
6.447644764476448,1.430764,0.052495,-0.262994
6.4486448644864485,-0.131891,-1.206108,-1.429348
6.44964496449645,0.018665,0.437329,-0.182474
6.450645064506451,0.461521,-0.384368,0.754211
6.451645164516452,-0.602233,1.111231,0.237347
6.452645264526453,1.361561,-0.4602,-1.451003
6.453645364536453,-0.86189,0.641132,-0.427133
6.454645464546455,0.993749,0.126597,0.695354
6.455645564556455,-0.030677,-0.772898,-0.144598
6.456645664566457,0.094763,0.79947,-1.21204
6.457645764576458,0.132164,-1.555837,-0.194224
6.458645864586459,-0.633621,1.179339,1.408487
6.45964596459646,0.729925,-0.764546,0.083137
6.46064606460646,-0.855382,0.772254,-1.014806
6.461646164616462,1.338171,-0.428032,0.075616
6.462646264626462,-0.084226,0.611049,0.788426
6.463646364636464,0.216078,0.374995,0.300238
6.4646464646464645,0.053134,-0.423727,-0.70962
6.465646564656466,-0.836674,1.07936,-0.888225
6.466646664666467,0.451938,-1.242179,0.871245
6.467646764676467,-1.393774,0.5462,0.251279
6.468646864686469,0.867897,-0.645627,-0.775389
6.469646964696469,-0.909459,0.927946,-0.298475
6.470647064706471,0.286765,0.086624,1.128611
6.4716471647164715,0.011407,-0.583048,0.493567
6.472647264726473,-1.020377,0.207138,-1.006707
6.473647364736474,1.478891,-0.636501,-1.018684
6.474647464746475,-0.853144,0.744864,1.198205
6.475647564756476,1.337181,-0.866613,1.023954
6.476647664766476,-0.660513,0.691027,-0.625567
6.477647764776478,0.855179,-0.182112,-1.202704
6.4786478647864785,-0.197963,0.340266,0.568956
6.47964796479648,-0.423775,0.719322,0.652191
6.480648064806481,0.944653,-0.704718,-0.372678
6.481648164816482,-1.166068,1.443397,-0.759932
6.482648264826483,0.647143,-1.272711,0.793579
6.483648364836483,-1.126647,0.818526,0.596391
6.484648464846485,0.468602,-0.336769,-1.049979
6.485648564856485,-0.016839,0.293135,-0.355318
6.486648664866487,-0.005902,-0.066193,0.468647
6.487648764876488,0.564643,-0.55469,0.471312
6.488648864886489,-0.658962,0.829811,-1.121995
6.48964896489649,1.585446,-0.496103,-0.815348
6.49064906490649,-1.101193,0.894752,0.782408
6.491649164916492,0.768948,-0.777198,1.163929
6.492649264926492,-0.040459,0.941014,-0.826509
6.493649364936494,-1.084732,-0.200996,-0.762159
6.4946494649464945,0.570463,0.058497,0.612428
6.495649564956496,-0.528251,0.731238,1.567183
6.496649664966497,0.751528,-0.685868,0.071022
6.497649764976497,-0.840609,0.547704,-0.948567
6.498649864986499,0.431821,-0.543091,0.51477
6.499649964996499,-0.296146,1.083776,0.326362
6.500650065006501,-0.15239,-0.248936,-0.771851
6.5016501650165015,0.12663,0.418752,-1.120234
6.502650265026503,-0.571911,0.255845,-0.113394
6.503650365036504,0.881555,-0.857871,1.493124
6.504650465046505,-1.515562,0.62128,-0.073312
6.505650565056506,1.152661,-1.114912,-0.582304
6.506650665066506,-0.164058,0.960449,-0.259465
6.507650765076508,0.024806,-0.989159,1.495818
6.5086508650865085,0.835542,0.693624,-0.47752
6.50965096509651,-0.746086,-0.467381,-1.15099
6.510651065106511,0.436287,-0.635894,0.230113
6.511651165116512,-0.925443,0.550123,0.752994
6.512651265126513,0.910063,-0.837223,0.671855
6.513651365136513,-0.599156,0.772896,-1.442224
6.514651465146515,0.128991,-1.160855,-0.638464
6.5156515651565154,0.819728,1.45513,1.020194
6.516651665166517,-1.053761,-0.671862,0.292742
6.517651765176518,1.599922,0.536631,-0.549055
6.518651865186519,-0.731643,0.177384,-0.322133
6.51965196519652,0.898121,-0.20062,0.480557
6.52065206520652,-0.382887,0.575731,0.185331
6.521652165216522,-0.115059,-0.707409,-1.231054
6.522652265226522,0.224897,0.844854,-0.818516
6.523652365236524,-1.162924,-1.159317,1.501143
6.5246524652465245,1.069405,0.80043,-0.027376
6.525652565256526,-0.792992,-0.20666,-0.54253
6.526652665266527,1.127984,-0.310953,-0.487298
6.527652765276527,-0.369335,-0.007404,1.003279
6.528652865286529,0.369098,-1.029476,0.619776
6.529652965296529,0.220024,0.905167,-0.257979
6.530653065306531,-1.153186,-0.869022,-0.500143
6.5316531653165315,0.644298,0.819011,0.710716
6.532653265326533,-0.536722,-0.346522,0.721075
6.533653365336534,0.476428,0.133006,-1.023193
6.534653465346535,-0.212033,0.02666,-1.169779
6.535653565356536,0.226891,0.065044,0.265319
6.536653665366536,0.404135,0.875077,0.650769
6.537653765376538,-0.056259,-0.894436,-0.085099
6.5386538653865385,1.001495,0.852975,-0.889166
6.53965396539654,-1.239847,-1.192656,0.547684
6.540654065406541,0.756045,0.767618,0.472006
6.541654165416542,-0.833648,-0.149015,-0.57213
6.542654265426543,0.855392,-0.177888,-0.975583
6.543654365436543,0.330561,0.258984,0.551299
6.544654465446545,-0.486073,-0.550539,1.130898
6.5456545654565454,0.145237,1.092355,-0.236711
6.546654665466547,-1.413077,-0.839988,-1.063785
6.547654765476548,0.996785,1.023232,0.484037
6.548654865486549,-0.720678,-0.733936,1.417503
6.54965496549655,0.350996,0.138128,0.103566
6.55065506550655,0.122373,0.094401,-0.961584
6.551655165516552,-0.177619,-0.897831,-0.249543
6.552655265526552,0.348421,0.810399,0.823034
6.553655365536554,-1.286059,-1.33659,-0.25839
6.5546554655465545,0.990547,1.122767,-1.263409
6.555655565556556,-0.206172,-1.349241,0.089901
6.556655665566557,0.605964,0.938924,1.114794
6.557655765576557,-0.384542,-0.596939,0.113353
6.558655865586559,-0.524221,-0.046913,-0.608889
6.559655965596559,0.824668,0.472834,0.346696
6.560656065606561,-1.689956,-1.205446,1.048849
6.5616561656165615,0.9936,1.0395,0.267929
6.562656265626563,-0.952765,-0.994151,-1.006825
6.563656365636564,0.96911,1.07997,0.272844
6.564656465646565,0.33163,-0.638239,1.065931
6.565656565656566,-0.174642,0.561883,0.086624
6.566656665666566,0.765361,-0.185796,-0.376902
6.567656765676568,-1.160405,-0.281214,-0.57593
6.5686568656865685,0.866138,0.258524,0.764972
6.56965696569657,-1.137273,-1.18597,0.26495
6.570657065706571,0.652476,0.9152,-0.822629
6.571657165716572,0.256529,-1.228649,-0.77971
6.572657265726573,-1.135084,0.642493,0.543377
6.573657365736573,0.483998,-0.146533,0.327967
6.574657465746575,-1.138682,-0.070656,-0.555722
6.5756575657565755,0.989012,1.029362,-0.31448
6.576657665766577,-0.836127,-0.973334,1.13374
6.577657765776578,0.561634,1.092099,0.644193
6.578657865786579,-0.407095,-1.412195,-0.822831
6.57965796579658,-0.254768,0.955033,-1.282654
6.58065806580658,0.279986,-1.098279,1.308104
6.581658165816582,-0.918311,1.099428,0.859568
6.582658265826582,1.642054,-0.037059,-0.59043
6.583658365836584,-1.321188,-0.477526,-1.240523
6.5846584658465845,0.728893,0.899235,0.320185
6.585658565856586,-0.337996,-1.410237,0.950202
6.586658665866587,-0.510109,1.069026,-0.417839
6.587658765876587,0.354552,-0.672226,-0.928352
6.588658865886589,-1.404131,1.2075,0.578307
6.589658965896589,1.142606,-0.22011,1.078702
6.590659065906591,-0.774795,0.739225,0.121317
6.5916591659165915,0.860633,0.239186,-0.509684
6.592659265926593,-0.25016,-0.847155,0.332647
6.593659365936594,0.07953,0.419351,0.689757
6.594659465946595,-0.166136,-0.415189,-0.213736
6.595659565956596,-0.826065,0.77754,-0.813225
6.596659665966596,0.679339,-0.558577,0.632276
6.597659765976598,-0.712121,0.152265,0.990114
6.5986598659865985,0.760838,-0.145604,-0.134184
6.5996599659966,-0.083745,-0.868129,-1.158239
6.600660066006601,0.092303,0.530639,0.192765
6.601660166016602,0.095367,-0.786279,1.045077
6.602660266026603,-1.654196,1.031222,0.062778
6.603660366036603,0.981429,-1.01823,-1.105277
6.604660466046605,-0.846727,0.380839,-0.156795
6.6056605660566055,0.853869,-0.319044,1.132484
6.606660666066607,-0.430163,-0.600917,0.236224
6.607660766076608,0.273826,0.562623,-0.907745
6.608660866086609,0.789869,-0.773523,0.047919
6.60966096609661,-0.662035,0.833135,0.608235
6.61066106610661,0.341347,-0.738308,0.440243
6.611661166116612,-0.785548,0.830379,-1.044452
6.612661266126612,1.319659,-0.192812,0.414901
6.613661366136614,-0.401412,0.49821,1.354643
6.6146614661466145,0.249311,0.014343,0.432198
6.615661566156616,0.072461,-0.839162,-1.068707
6.616661666166617,-0.233119,0.654363,-0.446704
6.617661766176617,1.153532,-1.145967,0.633495
6.618661866186619,-0.934978,0.555964,0.285645
6.619661966196619,1.227777,-0.745679,-0.527285
6.620662066206621,-0.105301,0.3537,-0.495237
6.6216621662166215,0.127934,0.220935,0.766199
6.622662266226623,-0.001734,0.030607,0.488151
6.623662366236624,-1.096444,0.032733,-0.348661
6.624662466246625,0.769845,-0.080035,-0.59396
6.625662566256626,-1.429145,0.309454,1.734427
6.626662666266626,1.112424,-0.647522,0.371044
6.627662766276628,-0.416922,0.936929,-1.121153
6.6286628662866285,0.503208,-0.975187,-0.824187
6.62966296629663,0.487844,0.217669,0.733419
6.630663066306631,-0.687857,0.553732,0.773757
6.631663166316632,0.81329,-1.069992,-1.271497
6.632663266326633,-1.029836,1.118352,-0.9431
6.633663366336633,0.989048,-0.675523,1.35726
6.634663466346635,-0.99488,1.443978,0.169085
6.6356635663566355,0.261581,-0.974781,-0.40082
6.636663666366637,-0.291795,1.048175,-1.441408
6.637663766376638,-0.602641,0.154541,0.284666
6.638663866386639,0.830497,-0.294714,0.521333
6.63966396639664,-0.889835,0.518585,-0.609693
6.64066406640664,1.292658,-0.740062,-0.831841
6.641664166416642,-1.595265,0.504318,0.782567
6.642664266426642,0.511439,-0.560938,0.819706
6.643664366436644,-0.068881,0.540745,-0.172662
6.6446644664466445,-0.57934,-0.391322,-1.049486
6.645664566456646,0.596864,0.048161,0.692768
6.646664666466647,-1.060416,0.368552,0.782737
6.647664766476647,0.760821,-1.19295,0.033665
6.648664866486649,-0.652519,0.492193,-1.292378
6.649664966496649,-0.154759,-0.77642,1.181845
6.650665066506651,-0.319687,0.850934,0.788152
6.6516651665166515,0.048712,-0.995919,-0.035165
6.652665266526653,0.771593,1.081029,-0.966269
6.653665366536654,-1.658633,-0.077443,0.01794
6.654665466546655,1.180037,0.054671,0.897396
6.655665566556656,-0.556214,0.666468,0.267888
6.656665666566656,0.297479,-1.309511,-0.803125
6.657665766576658,-0.785146,1.05476,0.172664
6.6586658665866585,-0.259447,-0.513306,1.88506
6.65966596659666,0.428789,1.062698,0.268043
6.660666066606661,-0.761933,-0.692334,-1.07688
6.661666166616662,0.512834,0.476552,-0.115582
6.662666266626663,-0.820307,0.097994,1.348489
6.663666366636663,0.309217,-0.638196,0.283172
6.664666466646665,-0.423001,0.59265,-0.666374
6.6656665666566655,0.064625,-0.767715,-0.342375
6.666666666666667,0.845683,0.674484,0.951748
6.667666766676668,-1.292596,-1.191629,-0.24487
6.668666866686669,0.619247,0.547847,-0.75551
6.66966696669667,-1.322809,0.039587,-0.69682
6.67066706670667,0.788358,-0.213371,0.692398
6.671667166716672,-0.51743,0.404174,0.41669
6.672667266726672,-0.364779,-1.019195,-0.108458
6.673667366736674,0.230337,0.556805,-0.394603
6.6746674667466745,-1.152511,-1.348301,0.582902
6.675667566756676,1.317943,1.166574,0.710565
6.676667666766677,-1.082594,-0.383879,-0.799646
6.677667766776677,0.953388,0.420966,-0.777242
6.678667866786679,-0.992042,-0.534051,0.969353
6.679667966796679,-0.066376,-1.067455,0.435492
6.680668066806681,0.382226,0.709926,-0.883651
6.6816681668166815,-0.493372,-1.184483,-0.985986
6.682668266826683,1.560827,0.332492,0.791741
6.683668366836684,-1.270824,-0.45046,0.320985
6.684668466846685,1.134451,1.134966,-0.696072
6.685668566856686,-0.729271,-0.199237,-0.25692
6.686668666866686,0.356244,-0.849374,0.828007
6.687668766876688,0.384552,0.674473,0.204074
6.6886688668866885,-0.586087,-0.034919,-1.04913
6.68966896689669,0.797175,1.04452,-0.99912
6.690669066906691,-0.95601,-1.10116,0.380859
6.691669166916692,0.916937,1.11656,0.824814
6.692669266926693,-0.350418,-1.151628,-0.963901
6.693669366936693,0.254702,0.55124,-1.016616
6.694669466946695,0.24153,0.364951,-0.024675
6.6956695669566955,-0.652251,0.090581,1.382753
6.696669666966697,0.557096,0.666292,-0.843944
6.697669766976698,-1.065558,-0.807448,-0.589568
6.698669866986699,1.063353,0.478743,0.457966
6.6996699669967,-0.177809,-0.697421,1.165239
6.7006700670067,0.1575,1.227232,0.390256
6.701670167016702,0.224968,0.231769,-0.824408
6.702670267026702,-0.771526,-0.936196,0.309195
6.703670367036704,0.987735,0.920769,0.665932
6.7046704670467046,-1.279195,-0.99614,-0.252434
6.705670567056706,0.862455,0.587718,-0.746195
6.706670667066707,-1.147036,-0.809821,0.133608
6.707670767076707,1.103995,1.362786,0.720767
6.708670867086709,0.56568,-0.500675,-0.160937
6.709670967096709,-0.273473,0.246221,-0.765714
6.710671067106711,1.188466,-0.085108,-0.346785
6.7116711671167115,-0.556382,-0.11968,1.113712
6.712671267126713,1.29749,1.087374,-0.449885
6.713671367136714,-1.10708,-0.626341,-0.983121
6.714671467146715,0.175191,1.471344,0.342271
6.715671567156716,-0.093218,-0.448951,1.408883
6.716671667166716,-0.402985,1.03951,0.036327
6.717671767176718,1.095177,-0.327897,-1.066697
6.7186718671867185,-0.546031,-0.336724,-0.526133
6.71967196719672,0.80473,0.59146,1.187545
6.720672067206721,-1.200945,-1.219599,-0.215603
6.721672167216722,0.724093,0.750797,-1.219181
6.722672267226723,-0.154101,-1.196879,-0.315805
6.723672367236723,-0.505839,0.587798,1.514286
6.724672467246725,0.603914,-0.580932,0.08661
6.7256725672567255,-0.781387,0.674651,-0.46595
6.726672667266727,0.947999,0.122728,-0.950503
6.727672767276728,-1.320443,-1.032361,1.095181
6.728672867286729,0.436904,0.354874,-0.062878
6.72967296729673,-0.148936,-1.016439,-0.945198
6.73067306730673,0.527631,1.394929,-0.123147
6.731673167316732,0.506148,-0.64751,0.519288
6.732673267326732,-0.651553,0.580585,0.737662
6.733673367336734,1.243562,0.091322,-0.762426
6.7346734673467346,-0.916596,-0.562051,-0.62065
6.735673567356736,0.855695,0.853445,0.423545
6.736673667366737,-0.180598,-0.786672,0.401174
6.737673767376737,0.286199,1.390825,-0.478674
6.738673867386739,0.138853,-1.247485,-0.008772
6.739673967396739,-1.406269,0.752786,0.604967
6.740674067406741,0.510545,-0.035705,1.383836
6.7416741674167415,-0.463675,0.369055,-0.357505
6.742674267426743,0.881661,0.050819,-0.995037
6.743674367436744,-0.514183,-0.629734,0.886358
6.744674467446745,-0.123902,0.959022,0.271138
6.745674567456746,0.496852,-1.097068,-0.087099
6.746674667466746,-1.537187,0.99425,-1.014459
6.747674767476748,1.215782,-0.640447,0.316058
6.7486748674867485,-1.136435,0.789146,0.943497
6.74967496749675,0.783926,-0.382704,-0.144585
6.750675067506751,-0.572829,-0.344033,-1.123153
6.751675167516752,0.083983,0.511345,0.372361
6.752675267526753,0.016607,-0.974158,0.94592
6.753675367536753,-0.94195,0.930525,-0.119461
6.754675467546755,1.728873,-1.115508,-0.920234
6.7556755675567555,-0.866668,0.925113,0.655375
6.756675667566757,0.940356,-0.313675,1.330986
6.757675767576758,-0.266146,0.263237,0.175781
6.758675867586759,0.473692,0.306005,-1.206683
6.75967596759676,-0.350723,-0.480749,0.448642
6.76067606760676,-0.702594,1.042595,0.932346
6.761676167616762,1.190398,-0.978408,-0.189573
6.762676267626762,-0.977207,0.912215,-1.401072
6.763676367636764,0.878024,-0.838576,-0.452093
6.764676467646765,-0.306056,0.694169,0.588841
6.765676567656766,-0.152444,0.079727,0.44468
6.766676667666767,0.224776,-0.619798,-0.918326
6.767676767676767,-1.356507,0.20246,-0.53621
6.768676867686769,0.835602,-0.809786,1.270145
6.769676967696769,-0.665297,0.876523,0.188592
6.770677067706771,1.272572,-0.566489,-0.786621
6.7716771677167715,-0.451038,1.236327,-0.078081
6.772677267726773,0.464418,-0.001922,0.73814
6.773677367736774,0.279624,0.367504,0.020727
6.774677467746775,-0.468397,0.520042,-0.374254
6.775677567756776,0.401847,-0.261723,-0.189538
6.776677667766776,-1.086324,0.884092,1.114661
6.777677767776778,0.711252,-0.612337,-0.030317
6.7786778677867785,-0.984378,0.79393,-0.831706
6.77967796779678,0.821905,-0.637106,-0.190864
6.780678067806781,-0.204165,0.520426,1.127446
6.781678167816782,-0.354715,0.436653,-0.206305
6.782678267826783,0.735794,-0.604942,-0.496214
6.783678367836783,-1.086917,0.511503,-0.596295
6.784678467846785,0.962693,-0.477849,1.39443
6.7856785678567855,-0.392459,0.754619,0.593644
6.786678667866787,0.71228,-0.983026,-1.206913
6.787678767876788,0.068628,0.625924,-0.922704
6.788678867886789,-0.061804,-0.328114,1.339034
6.78967896789679,0.545261,-0.182337,0.252266
6.79067906790679,-0.51083,0.92104,-0.661511
6.791679167916792,1.348718,-0.674709,-0.841501
6.792679267926792,-0.992192,1.045648,0.846842
6.793679367936794,1.234009,-0.694384,0.690711
6.794679467946795,-0.589363,1.189316,-0.527317
6.795679567956796,-0.433317,-0.386408,-0.380067
6.796679667966797,0.724396,0.323896,0.434998
6.797679767976797,-0.83372,0.381883,1.043148
6.798679867986799,0.905914,-0.531207,-0.967779
6.799679967996799,-0.328718,0.889819,-1.121357
6.800680068006801,0.933868,-0.56947,0.401501
6.8016801680168015,-0.637811,1.246747,0.922013
6.802680268026803,-0.52895,-1.059588,0.145621
6.803680368036804,0.375817,1.193576,-0.628381
6.804680468046805,-0.944993,-0.504305,0.113004
6.805680568056806,1.108904,0.469828,0.569541
6.806680668066806,-1.129336,0.569771,-0.117185
6.807680768076808,0.954572,-0.977337,-0.808699
6.8086808680868085,-0.376527,0.978866,0.146815
6.80968096809681,0.079978,-1.314071,0.824737
6.810681068106811,0.707385,0.881199,-0.094444
6.811681168116812,-1.077283,-1.241644,-1.297787
6.812681268126813,0.939733,0.21769,0.173327
6.813681368136813,-0.784283,0.551113,0.50712
6.814681468146815,0.840908,0.036581,0.250995
6.8156815681568155,-0.101568,0.763645,-0.568704
6.816681668166817,-0.126343,-0.894023,-0.351867
6.817681768176818,0.578103,0.688771,0.708385
6.818681868186819,-1.114166,-1.198078,0.329163
6.81968196819682,1.173435,1.223288,-1.131129
6.82068206820682,-0.98154,-0.678621,0.281612
6.821682168216822,0.630551,-0.034963,0.992913
6.822682268226822,-0.603694,0.284592,0.031874
6.823682368236824,-0.158934,-0.761334,-1.402838
6.824682468246825,0.181785,0.755145,-0.302916
6.825682568256826,-0.9276,-0.512699,0.85068
6.826682668266827,1.178613,1.057239,0.472182
6.827682768276827,-0.987248,-0.84669,-1.056143
6.828682868286829,0.891703,0.603052,-0.695513
6.829682968296829,-0.025991,-0.11406,0.541025
6.830683068306831,0.572853,-0.124839,0.320636
6.8316831683168315,-0.186859,0.74934,-0.864025
6.832683268326833,-0.404442,-0.829539,-0.770855
6.833683368336834,0.494026,0.791569,1.06387
6.834683468346835,-0.977331,-1.205655,0.756557
6.835683568356836,1.328199,0.890962,-0.256217
6.836683668366836,-0.805512,0.082993,-0.487556
6.837683768376838,-0.040852,0.434136,0.574614
6.8386838683868385,0.350388,0.092382,0.477069
6.83968396839684,-0.307577,-1.607405,-0.78131
6.840684068406841,0.977302,0.581263,-0.269343
6.841684168416842,-0.661706,-0.984786,0.871132
6.842684268426843,0.880465,0.991842,0.624414
6.843684368436843,-1.19443,-1.16234,-1.040705
6.844684468446845,0.236429,-0.073944,-0.928333
6.8456845684568455,0.2326,0.414387,0.456565
6.846684668466847,-0.109015,-0.021432,0.911584
6.847684768476848,0.850715,0.412092,-0.639969
6.848684868486849,-0.757352,-0.936192,-1.019806
6.84968496849685,0.699983,1.184755,1.260538
6.85068506850685,-0.434138,-0.703049,1.29912
6.851685168516852,0.326312,0.670511,-0.430131
6.8526852685268524,0.08295,-0.507137,-0.85811
6.853685368536854,-0.539399,-0.070013,0.306447
6.854685468546855,0.207377,0.923339,1.215702
6.855685568556856,-1.694227,-0.43045,0.270522
6.856685668566857,0.730574,0.909837,-1.363567
6.857685768576857,-1.30546,-0.704255,0.157069
6.858685868586859,0.200545,1.271353,0.577626
6.859685968596859,-0.752349,-0.964237,-0.0095
6.860686068606861,-0.810659,0.53797,-1.26706
6.8616861686168615,0.872465,-0.12454,0.025365
6.862686268626863,-0.631293,-0.654462,0.284357
6.863686368636864,1.1348,0.246013,0.006403
6.864686468646865,-0.918969,-0.15856,-1.201368
6.865686568656866,0.535883,1.030208,0.356037
6.866686668666866,-0.299253,-0.764029,1.125603
6.867686768676868,-0.817992,0.632075,-0.160656
6.8686868686868685,0.724555,-0.492586,-0.753636
6.86968696869687,-1.37444,-0.421887,0.146275
6.870687068706871,1.609959,0.039572,0.954748
6.871687168716872,-0.919207,-0.188999,0.288076
6.872687268726873,0.693213,0.738576,-0.825348
6.873687368736873,-0.024613,-0.738371,-0.515346
6.874687468746875,-0.558149,1.190951,1.263868
6.8756875687568755,0.700718,-0.919364,0.217894
6.876687668766877,-0.941366,0.624639,-0.493108
6.877687768776878,1.138468,-0.124443,-0.370917
6.878687868786879,-0.488983,-0.571098,1.042897
6.87968796879688,1.113613,0.373485,0.040752
6.88068806880688,-0.397865,-0.906639,-0.816505
6.881688168816882,-0.306948,0.655926,-0.240012
6.8826882688268824,1.094533,-0.849892,0.8716
6.883688368836884,-0.935829,1.001373,0.637367
6.884688468846885,0.969568,-0.20089,-0.5431
6.885688568856886,-1.580699,0.165886,-0.71535
6.886688668866887,0.478192,0.170951,0.574394
6.887688768876887,0.002098,-0.708568,0.734814
6.888688868886889,-0.327247,1.131444,-0.656135
6.889688968896889,0.179101,-1.200897,-1.048662
6.890689068906891,-0.946475,0.744692,1.255821
6.8916891689168915,0.821702,-0.366355,0.619956
6.892689268926893,-0.191642,0.631226,-0.40124
6.893689368936894,0.884253,-0.217804,-0.923327
6.894689468946895,-0.734728,-0.706736,0.750545
6.895689568956896,0.200438,0.583026,0.553167
6.896689668966896,-0.170134,-0.863728,-0.561269
6.897689768976898,-0.810095,1.590823,-0.495938
6.8986898689868985,0.435006,-0.892821,1.167298
6.8996899689969,-0.84615,1.362987,0.58117
6.900690069006901,1.599703,-0.347651,-0.07399
6.901690169016902,-0.384977,0.610645,-1.165602
6.902690269026903,0.113202,0.802824,0.941212
6.903690369036903,0.740794,-0.870255,0.628542
6.904690469046905,-0.945753,1.52599,-0.163305
6.9056905690569055,0.943432,-1.421667,-0.945124
6.906690669066907,-1.042533,1.002406,0.325484
6.907690769076908,0.808506,-0.384858,1.013003
6.908690869086909,-0.382182,0.430115,-0.067706
6.90969096909691,0.635752,0.146719,-1.311199
6.91069106910691,0.4042,-0.641696,0.496068
6.911691169116912,-1.099366,0.411358,1.349054
6.9126912691269125,0.858319,-1.240437,-0.422206
6.913691369136914,-0.928736,0.615173,-0.590554
6.914691469146915,0.630566,-0.390674,0.433371
6.915691569156916,-0.792585,0.738637,0.55893
6.916691669166917,0.414545,-0.402987,-0.252606
6.917691769176917,-0.082867,0.302295,-1.253027
6.918691869186919,-0.644236,0.261873,-0.525024
6.919691969196919,1.280175,-1.182003,0.812132
6.920692069206921,-0.343269,0.945088,-0.026401
6.9216921692169215,1.093234,-1.345262,-0.461854
6.922692269226923,-0.919453,1.493261,-0.321984
6.923692369236924,0.354741,-0.401794,1.06841
6.924692469246925,0.394792,0.620388,-0.082758
6.925692569256926,-1.405104,0.265265,-0.819754
6.926692669266926,0.526107,-0.390149,-0.592251
6.927692769276928,-1.174459,0.56335,0.926313
6.9286928692869285,0.98616,-1.129098,0.362287
6.92969296929693,-0.54019,0.944728,-1.081886
6.930693069306931,0.306044,-1.709023,-0.648517
6.931693169316932,0.066859,0.182926,1.035764
6.932693269326933,-0.625222,-0.30739,0.63641
6.933693369336933,0.945223,0.117536,-0.789631
6.934693469346935,-1.160753,0.43081,-0.941291
6.9356935693569355,1.516039,-0.779039,1.410326
6.936693669366937,-0.717161,1.08122,0.492006
6.937693769376938,0.671552,-0.980829,-0.931652
6.938693869386939,0.118312,0.998518,-1.377957
6.93969396939694,-1.119662,-0.780943,0.086262
6.94069406940694,1.170618,0.535194,0.921838
6.941694169416942,-1.111126,-0.041708,-1.116884
6.9426942694269425,1.089059,-0.781107,-1.111189
6.943694369436944,-0.911017,0.552451,0.689249
6.944694469446945,0.402872,-0.634709,0.691792
6.945694569456946,0.05186,0.502955,-0.8736
6.946694669466947,-0.651353,-1.284656,-1.177928
6.947694769476947,-0.240203,0.292926,0.857261
6.948694869486949,-0.780251,0.016916,0.157282
6.949694969496949,1.20268,0.182697,-0.558424
6.950695069506951,-0.70969,0.272566,-1.333899
6.9516951695169515,0.286724,-0.809662,0.443604
6.952695269526953,-1.022154,0.763384,1.165981
6.953695369536954,-0.838237,-1.077056,-0.242738
6.954695469546955,1.033644,1.107516,-0.438751
6.955695569556956,-0.821349,-0.159664,0.673794
6.956695669566956,0.693364,0.873338,0.382158
6.957695769576958,-0.652175,-0.03685,-0.406499
6.9586958695869585,0.816797,-0.806289,-0.876799
6.95969596959696,-0.022231,0.637696,0.43607
6.960696069606961,-0.074028,-1.317524,0.998779
6.961696169616962,-0.242393,1.440794,-0.477605
6.962696269626963,-1.389775,-1.30109,-1.080296
6.963696369636963,1.037449,1.126027,-0.933255
6.964696469646965,-0.752103,-0.559964,0.596509
6.9656965696569655,1.115706,-0.245173,-0.178457
6.966696669666967,-0.136341,0.222746,-0.782681
6.967696769676968,0.232701,-1.130097,0.007796
6.968696869686969,0.378058,0.959108,0.490796
6.96969696969697,-0.763808,-0.868611,0.557487
6.97069706970697,1.180547,0.836428,-1.196563
6.971697169716972,-0.929955,-0.743866,-0.212907
6.9726972697269725,0.637053,0.438741,0.827545
6.973697369736974,-0.469598,0.006812,0.492998
6.974697469746975,0.075842,-0.03565,-1.169412
6.975697569756976,0.64268,0.856405,-0.033364
6.976697669766977,-1.426755,-0.684611,1.279013
6.977697769776977,1.115486,1.039411,-0.204551
6.978697869786979,-1.103356,-0.984643,-0.294787
6.979697969796979,0.785922,0.134184,-0.165506
6.980698069806981,-0.653249,-0.549427,0.886221
6.9816981698169815,-0.066784,0.482288,0.106213
6.982698269826983,0.589482,0.202293,-1.119222
6.983698369836984,-0.522232,-0.963765,-0.756722
6.984698469846985,0.907431,0.910198,1.207194
6.985698569856986,-0.912978,-1.267,0.644777
6.986698669866986,0.452073,0.813964,-1.346065
6.987698769876988,-0.769122,-0.480457,-0.265528
6.9886988698869885,0.319583,0.47551,0.756386
6.98969896989699,-0.022644,-0.607003,0.492324
6.990699069906991,-1.147031,-0.726615,-0.491709
6.991699169916992,0.550528,0.615797,-0.916601
6.992699269926993,-1.393876,-0.867563,0.753709
6.993699369936993,0.687071,0.834264,0.743307
6.994699469946995,-0.413033,-0.783991,-0.465775
6.9956995699569955,0.192733,1.134241,-0.761427
6.996699669966997,0.140378,-0.330036,1.281945
6.997699769976998,-0.524213,-0.370963,0.890415
6.998699869986999,1.292362,1.04211,-0.764016
6.999699969997,-0.89318,-0.882493,-0.962294
7.000700070007,0.750161,0.975486,0.472737
7.001700170017002,-0.166417,-0.850496,0.222901
7.0027002700270025,0.020207,1.504151,-0.181141
7.003700370037004,0.713144,-0.449844,-1.54914
7.004700470047005,-0.394594,0.16664,0.253798
7.005700570057006,1.129257,-0.011497,1.163437
7.006700670067007,-1.61036,-1.081677,-0.016425
7.007700770077007,0.857334,1.07334,-0.805341
7.008700870087009,-0.429923,-0.604077,0.835898
7.009700970097009,0.225,0.831403,1.636384
7.010701070107011,-0.025372,-0.877097,-0.205068
7.0117011701170116,0.005583,0.83571,-1.038381
7.012701270127013,0.840126,-0.45484,0.886783
7.013701370137014,-0.918232,0.410152,0.990414
7.014701470147015,1.282416,0.401288,-0.0706
7.015701570157016,-0.796712,-0.694225,-0.680251
7.016701670167016,0.533049,0.845539,-0.225097
7.017701770177018,0.022734,-1.504241,0.986221
7.0187018701870185,-0.51885,0.61642,-0.422801
7.01970197019702,0.261518,-0.303251,-0.904481
7.020702070207021,-0.587047,0.595975,-0.604587
7.021702170217022,0.928648,-0.375067,1.114535
7.022702270227023,-0.769476,-1.080165,0.153256
7.023702370237023,0.790871,0.769444,-0.582995
7.024702470247025,-0.010811,-0.816081,0.096696
7.0257025702570255,-0.137482,0.959827,0.775051
7.026702670267027,1.000263,-0.944886,0.047432
7.027702770277028,-0.640727,-0.1507,-0.95313
7.028702870287029,0.769445,-0.339454,-0.537103
7.02970297029703,-0.695761,-0.20796,1.242643
7.03070307030703,0.754703,0.792688,1.294769
7.031703170317032,-0.388952,-0.889839,-1.224175
7.0327032703270325,0.368918,0.883732,-0.514679
7.033703370337034,0.361447,-0.654669,1.090118
7.034703470347035,-0.814255,1.170424,0.266937
7.035703570357036,1.015573,-0.239958,-0.671692
7.036703670367037,-1.111968,-0.192212,-0.380161
7.037703770377037,0.535718,-0.086639,1.149989
7.038703870387039,-0.734137,-0.416697,0.181861
7.039703970397039,-0.139274,0.295561,-0.80295
7.040704070407041,0.277448,-0.919839,-0.846927
7.0417041704170416,-1.264248,0.70547,0.923464
7.042704270427043,1.006493,-0.679694,0.680598
7.043704370437044,-0.90382,0.194969,-0.986121
7.044704470447045,0.415813,-0.298157,-0.895784
7.045704570457046,-0.647551,-0.066979,1.156624
7.046704670467046,0.029666,0.958966,0.669712
7.047704770477048,0.571756,-0.702583,-0.571117
7.0487048704870485,-0.866435,1.108023,-0.76984
7.04970497049705,0.505466,-1.027237,0.736681
7.050705070507051,-1.04357,0.490129,0.704578
7.051705170517052,1.290126,-0.881752,-0.780331
7.052705270527053,-0.199328,0.112959,-0.413439
7.053705370537053,-0.035028,-0.395119,0.32645
7.054705470547055,-0.143709,-0.42366,0.941565
7.0557055705570555,-1.234189,0.164007,-0.320072
7.056705670567057,1.159637,-1.397946,-1.252925
7.057705770577058,-0.913345,0.917414,0.372308
7.058705870587059,1.147819,-0.484878,0.327597
7.05970597059706,-0.673908,0.919192,-0.642263
7.06070607060706,-0.108023,0.519792,-0.773631
7.061706170617062,0.824499,-0.098092,0.553197
7.0627062706270625,-0.751931,0.565342,0.831988
7.063706370637064,0.790218,-0.715326,-0.125513
7.064706470647065,-0.542217,0.959078,-0.711326
7.065706570657066,1.007124,-1.209407,-0.120119
7.066706670667067,-0.536764,1.046118,1.118721
7.067706770677067,0.05779,-0.349177,-0.381872
7.068706870687069,0.255014,0.934214,-0.485181
7.069706970697069,-0.867557,0.229612,0.167636
7.070707070707071,0.863887,-1.077417,0.073875
7.0717071707170716,-1.336505,0.147133,0.248895
7.072707270727073,0.67038,-1.150566,-0.847742
7.073707370737074,-0.702944,1.368535,-0.12115
7.074707470747075,-0.04905,-0.463997,1.726285
7.075707570757076,0.614586,0.540316,0.265441
7.076707670767076,-0.459727,-0.113748,-0.797096
7.077707770777078,0.80907,-0.90188,-0.229964
7.0787078707870785,-0.964732,0.594642,1.233981
7.07970797079708,0.855521,-0.899766,0.466124
7.080708070807081,-0.250046,0.862618,-1.153546
7.081708170817082,0.841504,-1.141218,-0.435636
7.082708270827083,0.171925,0.459718,1.204491
7.083708370837083,-0.17149,-0.252802,0.255272
7.084708470847085,1.242334,-0.081845,-1.050129
7.0857085708570855,-0.623032,-0.071623,-0.587307
7.086708670867087,0.686506,-0.960664,0.760177
7.087708770877088,-0.654198,0.644148,0.430979
7.088708870887089,0.170375,-1.485858,-0.750482
7.08970897089709,0.040784,1.064735,-0.740384
7.09070907090709,-0.196889,-0.625311,1.149517
7.091709170917092,0.456158,0.645218,0.09184
7.0927092709270925,-0.588322,0.02115,-0.592627
7.093709370937094,0.997748,-0.400229,-0.172426
7.094709470947095,-0.87412,0.388683,1.045115
7.095709570957096,0.717526,-1.181385,1.032245
7.096709670967097,-0.145719,0.804369,-0.810976
7.097709770977097,-0.02687,-0.972018,-1.466488
7.098709870987099,0.781976,0.34941,0.771323
7.099709970997099,-0.644653,-0.630434,0.525772
7.100710071007101,1.333177,0.466284,-0.419579
7.101710171017102,-0.937395,0.490514,-1.113049
7.102710271027103,0.444945,-0.732376,0.311757
7.103710371037104,0.005765,0.798793,0.809768
7.104710471047105,-0.658805,-0.537875,-0.125233
7.105710571057106,0.412323,0.946523,-0.532681
7.106710671067106,-0.59821,-1.323088,0.665213
7.107710771077108,1.216195,0.797282,0.541305
7.1087108710871085,-0.774279,0.352527,0.042314
7.10971097109711,0.926864,-0.752881,-0.905956
7.110711071107111,0.223959,0.817569,0.666168
7.111711171117112,-0.009365,-0.687203,0.609679
7.112711271127113,0.329175,1.015266,0.090978
7.113711371137113,-1.221157,-1.397921,-1.101913
7.114711471147115,0.661682,1.329601,0.572895
7.1157115711571155,-1.236919,-0.419339,0.789675
7.116711671167117,0.84288,-0.33606,-0.154471
7.117711771177118,-0.27398,0.713047,-1.055708
7.118711871187119,-0.326827,-0.766579,0.424863
7.11971197119712,0.249277,0.657717,1.294037
7.12071207120712,-1.174404,-0.489037,-0.274477
7.121712171217122,0.907818,0.99062,-1.074727
7.1227122712271225,-0.941623,-1.223822,0.403972
7.123712371237124,1.3493,0.856564,1.384051
7.124712471247125,-0.375837,-0.165697,0.596788
7.125712571257126,-0.315336,0.08964,-1.106242
7.126712671267127,0.119224,1.063485,-0.209869
7.127712771277127,-0.985608,-1.413616,0.903372
7.128712871287129,0.753544,0.66342,0.010216
7.129712971297129,-1.355938,-0.911007,-0.129423
7.130713071307131,1.089339,1.000873,-0.188209
7.131713171317132,-0.065612,-0.453051,0.959231
7.132713271327133,-0.149292,0.202325,1.225709
7.133713371337134,0.705755,0.145791,-0.923652
7.134713471347135,-0.834761,-0.917589,-0.181609
7.135713571357136,0.718265,0.30287,0.501658
7.136713671367136,-0.990549,-1.5363,0.618756
7.137713771377138,0.757287,1.020757,-0.555039
7.1387138713871385,-0.82671,-0.849123,0.268736
7.13971397139714,0.599099,0.643369,0.979554
7.140714071407141,-0.137306,-0.552509,0.295648
7.141714171417142,-0.796916,-0.275086,-0.673001
7.142714271427143,0.650818,0.67556,-0.642903
7.143714371437143,-0.906756,-0.571269,0.664587
7.144714471447145,1.019648,1.23236,0.331726
7.1457145714571455,-0.459925,-0.986824,-0.812723
7.146714671467147,0.263851,0.444701,-0.998312
7.147714771477148,-0.594894,-0.514686,0.885717
7.148714871487149,-1.281205,-0.030946,-0.030038
7.14971497149715,0.556063,0.319521,-0.757636
7.15071507150715,-0.876253,-0.882805,-0.423918
7.151715171517152,1.045597,0.861326,0.89274
7.1527152715271525,-0.582194,-1.114859,1.181108
7.153715371537154,0.124379,1.08882,-0.194515
7.154715471547155,0.060058,-0.878218,-0.624319
7.155715571557156,-1.033829,0.480868,0.776308
7.156715671567157,0.959748,-0.469088,0.856097
7.157715771577157,-0.648789,-0.132298,-0.563982
7.158715871587159,1.038633,0.428898,-1.148885
7.1597159715971594,-0.879649,-1.158303,0.369495
7.160716071607161,-0.115302,0.681692,0.326293
7.161716171617162,0.004458,-0.920757,-0.403234
7.162716271627163,-0.343799,1.423337,-0.673471
7.163716371637164,0.569888,-0.332169,0.226313
7.164716471647165,-0.450049,-0.074043,1.02621
7.165716571657166,0.517783,-0.161991,-0.266943
7.166716671667166,-0.479389,-0.803387,-1.072729
7.167716771677168,0.44171,1.240576,0.308161
7.1687168716871685,0.189721,-1.079431,1.25114
7.16971697169717,-0.348099,1.151416,-0.158208
7.170717071707171,1.100109,-1.119331,-0.59444
7.171717171717172,-0.860002,0.960397,0.166395
7.172717271727173,0.739095,-0.15795,1.040563
7.173717371737173,-1.388907,-0.737347,0.016237
7.174717471747175,0.553856,0.281638,-0.471473
7.1757175717571755,-0.338286,-0.682846,-0.206144
7.176717671767177,-0.313766,0.999772,1.370909
7.177717771777178,0.678503,-1.425747,0.267878
7.178717871787179,-1.56977,0.303172,-0.602509
7.17971797179718,0.809633,-0.417673,-0.391912
7.18071807180718,-0.57819,0.035453,1.076959
7.181718171817182,0.789681,0.325332,-0.20255
7.1827182718271825,-0.166262,-0.800562,-1.308341
7.183718371837184,-0.57071,0.768475,-0.433404
7.184718471847185,0.420539,-0.652429,0.7479
7.185718571857186,-0.887515,0.978522,0.253555
7.186718671867187,0.766954,-1.478415,-0.653284
7.187718771877187,-0.930861,0.518666,-0.886547
7.188718871887189,0.683838,-0.104693,0.93396
7.1897189718971894,-0.085234,-0.549986,0.348436
7.190719071907191,-0.633688,0.373812,-0.958568
7.191719171917192,0.389514,-0.959165,-0.05732
7.192719271927193,-0.316425,0.904915,1.042243
7.193719371937194,0.851532,-0.678585,0.103811
7.194719471947195,-0.509087,1.402583,-0.917969
7.195719571957196,0.769023,-0.046506,-0.811981
7.196719671967196,-0.084495,-0.14923,0.722242
7.197719771977198,-0.606399,-0.06505,0.579744
7.1987198719871985,-0.16285,-0.86854,-0.892808
7.1997199719972,-1.134299,1.046648,-1.0176
7.200720072007201,1.234094,-0.924661,0.460282
7.201720172017202,-1.181046,1.42973,0.637662
7.202720272027203,0.849975,-0.613865,-0.563932
7.203720372037203,-0.414381,0.647353,-0.420594
7.204720472047205,0.525119,-0.280068,1.321054
7.2057205720572055,0.440872,-0.08826,1.231246
7.206720672067207,-0.852213,0.662473,-0.462616
7.207720772077208,0.478381,-1.468985,-0.639986
7.208720872087209,-0.981003,1.206735,1.10157
7.20972097209721,0.234648,-1.005323,0.400359
7.21072107210721,-0.840965,0.431782,0.215459
7.211721172117212,0.254313,-0.651421,-0.925565
7.2127212721272125,0.039689,-0.403585,1.022145
7.213721372137214,-0.85312,0.221137,0.990853
7.214721472147215,1.146543,-0.69839,-0.972963
7.215721572157216,-0.667155,0.723569,-1.369464
7.216721672167217,0.866035,-1.216763,0.59157
7.217721772177217,-0.835154,0.986213,0.934006
7.218721872187219,0.495022,-0.816821,0.014428
7.2197219721972195,0.331195,0.696396,-0.633617
7.220722072207221,-1.194444,-0.102682,0.192082
7.221722172217222,0.850694,-0.800443,1.432851
7.222722272227223,-0.834971,1.191235,-0.486653
7.223722372237224,0.91765,-1.296418,-0.968393
7.224722472247225,0.042559,0.552264,-0.153248
7.225722572257226,0.215924,-0.282438,1.157895
7.226722672267226,-0.021845,0.427103,0.355268
7.227722772277228,-0.194025,-0.415,-0.926978
7.2287228722872285,0.95422,0.029418,0.028055
7.22972297229723,-0.864394,0.496732,0.16236
7.230723072307231,1.240025,-0.762789,0.391616
7.231723172317232,-0.625825,1.209811,-1.06119
7.232723272327233,-0.289223,-1.277522,-0.478958
7.233723372337233,0.100281,0.493751,0.487965
7.234723472347235,-0.40116,-0.065043,-0.191194
7.2357235723572355,1.069689,0.466496,-1.226852
7.236723672367237,-1.270321,-0.0782,-0.192105
7.237723772377238,1.198265,-0.636574,0.571752
7.238723872387239,-0.581882,0.510911,0.139337
7.23972397239724,0.299144,-0.52386,-1.100691
7.24072407240724,-0.06826,1.327257,-0.569964
7.241724172417242,-0.640509,-0.772215,0.767611
7.2427242724272425,0.433593,1.083315,0.37529
7.243724372437244,-1.050257,0.228646,-0.671086
7.244724472447245,1.13232,-0.081671,-1.126594
7.245724572457246,-0.846732,0.259333,0.513938
7.246724672467247,0.643692,-0.595731,0.110641
7.247724772477247,0.275251,0.706915,-1.046676
7.248724872487249,-0.956541,-1.177898,-1.145649
7.2497249724972495,0.654905,1.081635,1.008368
7.250725072507251,-1.307199,-0.83289,0.354141
7.251725172517252,0.946554,0.731566,-0.490148
7.252725272527253,-0.843735,0.663976,-0.41185
7.253725372537254,0.553524,-0.544564,1.007642
7.254725472547255,-0.542491,0.720175,-0.060185
7.255725572557256,-0.662743,-1.421475,-0.809932
7.256725672567256,0.741371,1.621362,-0.748595
7.257725772577258,-0.739091,-1.141658,1.001451
7.2587258725872585,1.307131,1.087626,-0.16722
7.25972597259726,-1.012807,-0.131656,0.068156
7.260726072607261,0.586781,0.076644,-1.128126
7.261726172617262,0.034744,0.608309,0.501635
7.262726272627263,-0.47609,-1.094799,0.865012
7.263726372637263,0.82039,0.741919,-0.111949
7.264726472647265,-1.163294,-1.147182,-1.0834
7.2657265726572655,0.554621,1.196445,0.951626
7.266726672667267,-0.910575,-0.466192,1.071729
7.267726772677268,0.790768,0.189114,-0.061157
7.268726872687269,0.149765,-0.173444,-1.147677
7.26972697269727,0.270203,-0.039238,0.384726
7.27072707270727,0.2237,0.145552,1.23652
7.271727172717272,-1.165456,-0.813805,-0.263434
7.2727272727272725,1.208716,1.308686,-0.598521
7.273727372737274,-0.851756,-1.010612,0.762339
7.274727472747275,0.787997,1.227401,1.130854
7.275727572757276,-0.146791,0.082215,-0.424532
7.276727672767277,0.133616,-0.116291,-0.277658
7.277727772777277,0.382443,0.512944,0.50658
7.278727872787279,-1.336482,-1.213056,1.588204
7.2797279727972795,0.862841,1.127745,0.261621
7.280728072807281,-1.018637,-1.179442,-1.117295
7.281728172817282,0.994175,0.564009,0.310344
7.282728272827283,-0.563645,-0.332325,0.605013
7.283728372837284,0.126616,0.410676,-0.35336
7.284728472847285,0.190167,-0.403783,-1.304035
7.285728572857286,-0.539865,-0.599292,-0.262243
7.286728672867286,1.032994,0.835361,0.651546
7.287728772877288,-1.020474,-1.37005,-0.379772
7.2887288728872885,0.965521,-0.117676,-1.046051
7.28972897289729,-0.778692,-0.410798,0.045278
7.290729072907291,0.428855,1.027512,1.189422
7.291729172917292,0.519725,-0.129599,0.296621
7.292729272927293,-1.220629,0.10566,-1.102617
7.293729372937293,0.788799,0.005021,-0.246053
7.294729472947295,-1.154191,-1.047292,1.238095
7.2957295729572955,1.641078,1.143428,0.429722
7.296729672967297,-1.007815,-0.819291,-0.377165
7.297729772977298,0.089517,0.776223,-0.555244
7.298729872987299,0.513727,-0.72608,0.983514
7.2997299729973,-1.203788,-0.138867,0.774404
7.3007300730073,1.281917,-0.265576,-0.658774
7.301730173017302,-0.701824,-0.108961,-0.966443
7.3027302730273025,1.680386,0.693667,1.090422
7.303730373037304,-0.888885,-1.399621,0.652142
7.304730473047305,0.29189,0.843779,-0.736967
7.305730573057306,0.548658,-1.258696,-0.810784
7.306730673067307,-0.415782,1.129415,0.254208
7.307730773077307,1.334415,0.262944,0.502222
7.308730873087309,-1.167519,0.369676,-0.152396
7.3097309730973095,0.925965,0.296228,-0.86251
7.310731073107311,-0.388202,-0.746295,0.840142
7.311731173117312,0.756116,0.764668,0.781777
7.312731273127313,0.521764,-0.975574,-0.698956
7.313731373137314,-0.471521,1.178308,-1.275382
7.314731473147315,0.355493,-0.839275,0.551686
7.315731573157316,-0.982377,0.230314,1.040955
7.316731673167316,0.955946,-0.074512,-0.228556
7.317731773177318,-0.73809,-0.58885,-1.067909
7.3187318731873185,0.232972,1.555545,0.780512
7.31973197319732,0.043787,-1.164631,1.252636
7.320732073207321,-0.859819,1.538142,-0.052922
7.321732173217322,0.732473,-1.107044,-0.901501
7.322732273227323,-1.369597,0.419928,0.321527
7.323732373237323,1.069423,-0.522526,0.528653
7.324732473247325,-0.531064,-0.324105,-0.142701
7.3257325732573255,-0.115436,-0.073654,-0.396197
7.326732673267327,-0.217245,-1.084683,-0.108505
7.327732773277328,-0.80497,1.042311,0.852709
7.328732873287329,1.026826,-0.417141,-0.613659
7.32973297329733,-0.838173,1.292194,-1.244712
7.33073307330733,0.762005,-0.436464,0.125993
7.331733173317332,-1.262642,0.396739,1.123357
7.3327332733273325,0.138629,-0.160702,0.110203
7.333733373337334,0.3482,-0.443311,-1.241386
7.334733473347335,-0.442708,0.418958,0.080537
7.335733573357336,0.012408,-1.102524,1.047216
7.336733673367337,-0.838742,0.277289,0.110071
7.337733773377337,0.851656,-0.956794,-1.004457
7.338733873387339,-1.058145,0.572447,0.00657
7.3397339733973395,1.182902,-0.930647,0.966416
7.340734073407341,-0.012067,-0.67139,-0.15124
7.341734173417342,0.074272,0.316605,-0.87131
7.342734273427343,0.096437,-1.086444,0.269839
7.343734373437344,-0.457516,1.196857,0.341861
7.344734473447345,0.540599,-1.269341,0.227777
7.345734573457346,-0.946206,0.542187,-0.931074
7.346734673467346,0.438942,-0.306151,-0.857578
7.347734773477348,-0.104202,1.201817,0.537918
7.3487348734873486,0.13444,0.524407,0.723636
7.34973497349735,0.336835,-1.071106,-1.021029
7.350735073507351,-0.304451,0.212405,-0.753291
7.351735173517352,0.98036,-0.761275,1.047508
7.352735273527353,-1.13268,1.196101,0.48994
7.353735373537353,1.12709,-0.416854,-0.273101
7.354735473547355,-0.41837,0.869179,-0.732546
7.3557355735573555,-0.501703,-0.321372,0.464217
7.356735673567357,-0.148764,-0.353217,0.765185
7.357735773577358,-0.673828,0.601061,-0.0885
7.358735873587359,0.975833,-0.866682,-1.010113
7.35973597359736,-1.303275,0.414906,0.785675
7.36073607360736,0.959202,-0.84745,1.068876
7.361736173617362,-0.923144,1.691617,-0.476267
7.3627362736273625,-0.358325,-0.344132,-1.038825
7.363736373637364,0.008022,0.097383,0.403593
7.364736473647365,-0.845563,0.252716,0.36253
7.365736573657366,0.506444,-0.599883,-0.288427
7.366736673667367,-0.435767,0.449633,-0.707348
7.367736773677367,1.333654,-1.145809,0.756826
7.368736873687369,-0.343981,0.780469,0.647084
7.3697369736973695,0.511235,-0.928757,-0.665482
7.370737073707371,-0.517192,0.618596,-1.019073
7.371737173717372,-0.899092,-0.921165,0.031605
7.372737273727373,0.650986,-0.291235,0.212925
7.373737373737374,-0.613291,0.74844,-0.290199
7.374737473747375,1.307311,-1.012418,-0.630133
7.375737573757376,-0.823628,0.516099,-0.024563
7.376737673767376,0.054011,-0.934479,0.749061
7.377737773777378,0.432304,0.718823,-0.426382
7.3787378737873786,-0.357618,-0.718593,-1.242144
7.37973797379738,0.472965,0.183332,0.604466
7.380738073807381,-1.067172,0.350948,0.894676
7.381738173817382,0.697,-0.603292,0.390532
7.382738273827383,-0.571024,0.83236,-1.060366
7.383738373837383,0.382823,-0.826041,-0.494987
7.384738473847385,-0.401377,0.634856,0.835571
7.3857385738573855,-0.200006,-1.065837,-0.11598
7.386738673867387,0.96098,0.523071,-1.440792
7.387738773877388,-0.880372,-0.433191,-0.248191
7.388738873887389,0.733975,0.266779,0.871246
7.38973897389739,-0.694916,0.503603,-0.161271
7.39073907390739,0.164338,-0.975817,-0.895353
7.391739173917392,-0.106199,0.734517,-0.433719
7.3927392739273925,-0.0473,-1.466053,0.281676
7.393739373937394,0.67809,0.577221,0.241568
7.394739473947395,-0.775405,0.017228,-1.302505
7.395739573957396,0.908898,0.254152,-0.525114
7.396739673967397,-1.15724,-0.115471,0.284285
7.397739773977397,0.17525,-1.148595,0.169501
7.398739873987399,0.04541,0.748549,-1.041422
7.3997399739973995,-0.527213,-1.3198,-0.562459
7.400740074007401,0.299923,0.486245,1.076965
7.401740174017402,-1.369079,-0.975053,0.8664
7.402740274027403,1.407236,0.078655,-0.547942
7.403740374037404,-1.074801,-0.076339,-0.197903
7.404740474047405,0.689577,0.046274,0.548928
7.405740574057406,-0.518293,0.370201,0.734037
7.406740674067406,-0.52782,-0.911986,-1.26466
7.407740774077408,1.021132,1.357751,-1.239765
7.408740874087409,-0.900194,-0.707583,0.48282
7.40974097409741,0.68574,1.065458,0.959933
7.410741074107411,-1.129549,-0.620147,-0.621469
7.411741174117412,0.834396,0.155358,-0.705638
7.412741274127413,-0.403967,0.275809,0.813492
7.413741374137413,0.214457,-0.262231,1.028264
7.414741474147415,0.382837,0.480118,-0.568319
7.4157415741574155,-0.533428,-0.983656,-0.839401
7.416741674167417,0.946114,0.731803,0.159955
7.417741774177418,-0.663193,-0.791515,0.192013
7.418741874187419,0.731091,0.641767,-0.201933
7.41974197419742,-0.645162,-0.385899,-1.442299
7.42074207420742,-0.431667,-0.036538,0.663294
7.421742174217422,0.737414,-0.161922,0.478299
7.4227422742274225,-1.118766,-0.421819,-0.209913
7.423742374237424,0.969612,1.121076,-1.004811
7.424742474247425,-0.717035,-0.895893,0.175209
7.425742574257426,0.833619,0.681683,1.047477
7.426742674267427,-0.03475,-0.810644,-0.039127
7.427742774277427,-0.581528,0.760587,-0.859944
7.428742874287429,0.456115,-0.010837,-0.031959
7.4297429742974295,-0.84213,-0.807253,1.359083
7.430743074307431,0.543001,1.008412,0.076769
7.431743174317432,-1.35748,-0.972584,-1.265916
7.432743274327433,0.812276,1.09451,-0.455742
7.433743374337434,0.039224,-0.975867,1.04181
7.434743474347435,0.062824,0.174789,-0.076248
7.435743574357436,-0.064204,-0.348596,-1.102995
7.436743674367436,-0.706671,-0.561655,0.675377
7.437743774377438,0.824621,0.146581,1.260844
7.438743874387439,-0.698803,-0.670596,0.450633
7.43974397439744,0.532838,1.415964,-0.932538
7.440744074407441,-0.248689,-0.745181,-0.194918
7.441744174417442,0.586651,1.149107,0.888849
7.442744274427443,0.51145,-0.385516,0.249063
7.443744374437443,-0.974146,0.218774,-1.054062
7.444744474447445,0.589644,0.00718,-0.168037
7.4457445744574455,-0.657224,-0.625246,1.491078
7.446744674467447,1.043522,0.990698,-0.009853
7.447744774477448,-0.795578,-1.594607,-0.876394
7.448744874487449,0.011673,1.022167,-0.276559
7.44974497449745,-0.558008,-0.955887,1.23448
7.45074507450745,-0.712669,0.769023,0.067607
7.451745174517452,1.001705,-0.312747,-0.995245
7.4527452745274525,-0.982656,-0.451595,-0.647716
7.453745374537454,1.162836,0.963086,0.971992
7.454745474547455,-0.780403,-0.733303,0.785696
7.455745574557456,0.880352,0.616929,-0.668064
7.456745674567457,0.089826,-0.942411,-0.889729
7.457745774577457,-0.797818,0.931808,0.838763
7.458745874587459,0.421116,-0.35334,0.092519
7.4597459745974595,-1.026805,-0.044695,-0.480802
7.460746074607461,0.671138,0.292551,-1.520946
7.461746174617462,-0.922001,-0.482978,0.355162
7.462746274627463,0.463995,0.981149,0.64888
7.463746374637464,0.149447,-1.03652,-0.695811
7.464746474647465,-0.382629,0.986406,-1.091974
7.465746574657466,1.122519,-1.006778,0.368926
7.466746674667466,-1.088862,0.828405,0.424734
7.467746774677468,0.753733,-0.378796,-0.020893
7.468746874687469,-0.452678,-0.171063,-1.411066
7.46974697469747,0.759282,0.27705,0.656929
7.470747074707471,-0.115646,-0.738802,0.539966
7.471747174717472,-0.609483,0.940758,-0.691192
7.472747274727473,0.504204,-0.117066,-0.899039
7.473747374737473,-1.355835,0.885423,0.664658
7.474747474747475,1.036805,-0.370813,1.252157
7.4757475747574755,-1.180367,0.671812,0.087622
7.476747674767477,1.020829,0.810688,-1.324715
7.477747774777478,-0.08472,-0.799119,-0.163356
7.478747874787479,-0.899083,0.706179,0.801353
7.47974797479748,0.460897,-0.500639,-0.752172
7.48074807480748,-0.771146,0.612308,-0.425267
7.481748174817482,0.505368,-1.007506,-0.535049
7.4827482748274825,-0.89332,0.58586,0.784596
7.483748374837484,0.512485,-0.426881,0.250895
7.484748474847485,-0.104005,-0.011621,-0.815231
7.485748574857486,-0.134911,0.157936,-0.096936
7.486748674867487,0.465108,-0.819376,0.934522
7.487748774877487,-1.183644,1.230259,0.083634
7.488748874887489,1.382381,-1.009682,-0.558381
7.4897489748974895,-0.765488,1.082283,-0.33522
7.490749074907491,0.788912,-0.165754,1.185743
7.491749174917492,0.004682,0.501038,0.089857
7.492749274927493,-0.162962,0.345859,-0.898641
7.493749374937494,0.290018,-0.808437,-0.472011
7.494749474947495,-0.797615,1.030521,0.381812
7.495749574957496,0.803171,-1.148909,0.297363
7.4967496749674964,-1.178189,0.689984,-1.169388
7.497749774977498,0.325051,-0.518267,-0.39808
7.498749874987499,-0.198751,0.868008,0.820207
7.4997499749975,-0.295878,0.239794,0.290915
7.500750075007501,0.384072,-0.353707,-0.936893
7.501750175017502,-0.512649,0.646894,-0.703842
7.502750275027503,0.627611,-1.205239,0.713126
7.503750375037503,-1.35643,0.916441,0.342673
7.504750475047505,0.877304,-0.55212,-1.089346
7.5057505750575055,-0.760754,0.295272,-0.740526
7.506750675067507,0.550874,-0.196426,0.945347
7.507750775077508,0.507641,0.183351,0.885446
7.508750875087509,-1.230305,0.018082,-0.130353
7.50975097509751,1.057381,-0.077524,-0.807377
7.51075107510751,-0.566441,0.89937,0.726396
7.511751175117512,1.337814,-1.413512,0.678314
7.5127512751275125,-0.506516,0.927025,-0.698781
7.513751375137514,0.40628,-0.232278,-0.971419
7.514751475147515,0.065327,0.293474,0.707006
7.515751575157516,-0.444736,-0.138008,1.183789
7.516751675167517,0.203583,-0.40978,-0.53471
7.517751775177517,-0.92096,0.353397,-1.145301
7.518751875187519,0.492426,-1.203603,0.13131
7.5197519751975195,-0.473194,0.868711,0.644451
7.520752075207521,-0.170803,-1.064868,-0.492509
7.521752175217522,0.557544,1.031604,-0.847379
7.522752275227523,-0.812245,-0.499719,0.765588
7.523752375237524,0.49564,0.262009,0.695715
7.524752475247525,-0.780454,-0.10134,-0.532378
7.525752575257526,0.605316,-0.112647,-0.553031
7.5267526752675264,-0.541634,0.822958,0.083852
7.527752775277528,0.014306,-0.604544,1.236088
7.528752875287529,-0.040232,0.380759,-0.264981
7.52975297529753,-0.529023,-0.613838,-1.801786
7.530753075307531,1.173701,1.063198,0.255525
7.531753175317532,-1.622573,0.271771,0.806935
7.532753275327533,1.109803,-0.132418,0.351374
7.533753375337533,-0.447796,0.75188,-1.504064
7.534753475347535,0.812248,-0.312308,0.305096
7.5357535753575355,-0.014199,1.294937,1.08055
7.536753675367537,-0.08284,-1.21133,-0.24563
7.537753775377538,0.457981,0.986441,-1.074938
7.538753875387539,-1.005729,-0.528393,0.134294
7.53975397539754,1.166156,-0.070742,0.436314
7.54075407540754,-0.222738,0.333465,-0.176376
7.541754175417542,-0.001008,-0.301265,-1.368521
7.5427542754275425,0.479099,0.830537,-0.250376
7.543754375437544,-0.633223,-0.929615,1.17486
7.544754475447545,1.236442,1.182,-0.001596
7.545754575457546,-1.128266,-0.461545,-0.641286
7.546754675467547,0.794402,0.496062,-0.274898
7.547754775477547,-0.644346,0.121891,0.967187
7.548754875487549,1.142123,-0.312676,0.450367
7.5497549754975495,-0.010485,0.648419,-1.040733
7.550755075507551,-0.180138,-0.742916,-0.456682
7.551755175517552,0.904803,1.03085,0.856477
7.552755275527553,-0.361858,-0.85582,0.328705
7.553755375537554,0.849403,1.01508,-0.756253
7.554755475547555,-0.839177,-0.511475,0.099259
7.555755575557556,0.880957,0.250168,0.642787
7.5567556755675565,-0.375011,0.121665,0.28227
7.557755775577558,-0.435139,-1.020221,-0.758515
7.558755875587559,0.403733,1.110447,-0.673538
7.55975597559756,-0.83122,-1.301848,1.020684
7.560756075607561,1.290412,1.698155,0.563751
7.561756175617562,-0.642818,-0.930933,-0.861093
7.562756275627563,0.879149,0.135637,-1.013072
7.563756375637563,0.458135,-0.00055,1.25601
7.564756475647565,-0.252958,-0.164448,0.532878
7.5657565756575655,0.797719,0.849385,-1.051214
7.566756675667567,-0.264846,-0.84418,-1.336567
7.567756775677568,0.736956,0.7106,0.797252
7.568756875687569,-1.13916,-1.154374,0.565046
7.56975697569757,0.294159,0.825386,-0.084297
7.57075707570757,-0.346915,-0.046429,-0.717163
7.571757175717572,-0.233429,-0.010347,0.521525
7.5727572757275725,0.522528,0.21676,0.574902
7.573757375737574,-0.349976,-1.335238,-0.414881
7.574757475747575,0.891165,0.760573,-0.718984
7.575757575757576,-0.774222,-1.344908,0.44813
7.576757675767577,1.113687,1.664169,0.443605
7.577757775777577,0.153679,-0.863326,0.074066
7.578757875787579,0.028295,0.64761,-0.933811
7.5797579757975795,0.443574,0.076397,0.434231
7.580758075807581,-1.132949,-0.066695,1.028109
7.581758175817582,0.621133,0.921958,0.398937
7.582758275827583,-1.174418,-1.497031,-1.220099
7.583758375837584,0.7289,1.048091,0.156042
7.584758475847585,-0.116224,-0.852942,0.702563
7.585758575857586,-0.147157,0.745823,-0.039762
7.5867586758675865,0.137645,-0.339809,-1.003295
7.587758775877588,-0.983126,-0.191108,0.149263
7.588758875887589,0.55366,0.462548,0.969019
7.58975897589759,-0.260747,-0.78702,0.48796
7.590759075907591,1.007127,0.614905,-1.300268
7.591759175917592,-0.698967,-1.326257,-0.212482
7.592759275927593,0.530204,1.027163,1.464686
7.593759375937593,0.611363,-0.407467,0.204604
7.594759475947595,-0.540133,0.408737,-1.354914
7.5957595759575955,0.836756,0.019687,-0.234761
7.596759675967597,-1.338411,-0.832072,1.049645
7.597759775977598,1.24709,1.126882,-0.14698
7.598759875987599,-0.061063,-0.77857,-0.873399
7.5997599759976,-0.356429,0.794423,-0.573061
7.6007600760076,0.357894,-1.027474,0.090506
7.601760176017602,-0.853554,0.794464,0.447987
7.6027602760276025,1.300239,-0.575777,-0.832485
7.603760376037604,-0.588377,-0.457311,-0.667074
7.604760476047605,0.512054,0.292024,1.458719
7.605760576057606,-0.876378,-0.54497,0.362855
7.606760676067607,0.431649,1.013629,-0.453411
7.607760776077607,0.316643,-0.799737,-0.403041
7.608760876087609,-0.935866,1.407801,1.39201
7.6097609760976095,0.716888,-0.080877,0.195565
7.610761076107611,-0.711492,0.291468,-0.042936
7.611761176117612,1.123392,-0.547257,-0.917814
7.612761276127613,-0.5437,-0.293387,0.54673
7.613761376137614,0.522725,0.457591,0.925189
7.614761476147615,0.055131,-1.467362,-0.234468
7.615761576157616,-0.21273,0.419873,-1.147257
7.6167616761676165,0.009408,-1.186702,0.518118
7.617761776177618,-0.876139,1.18635,0.985691
7.618761876187619,1.086365,-0.481352,-0.247831
7.61976197619762,-0.16683,0.682164,-0.973562
7.620762076207621,0.410628,0.076051,0.349429
7.621762176217622,-0.361821,-0.649392,0.702784
7.622762276227623,-0.988704,0.409111,-0.095581
7.623762376237623,0.779133,-1.207699,-0.705621
7.624762476247625,-1.06147,0.936439,0.753313
7.6257625762576255,1.020135,-0.847034,0.795162
7.626762676267627,-0.678369,0.642672,0.121274
7.627762776277628,0.405393,-0.296694,-0.811434
7.628762876287629,0.33169,-0.435571,-0.190514
7.62976297629763,-0.322096,0.520459,0.723832
7.63076307630763,0.865877,-0.596399,0.082571
7.631763176317632,-1.10149,1.199356,-0.612167
7.6327632763276325,0.764823,-0.684488,0.494958
7.633763376337634,-0.835701,0.401093,1.134384
7.634763476347635,0.283134,-0.783223,-0.276375
7.635763576357636,-0.509006,-0.472682,-1.311974
7.636763676367637,-0.413835,0.477618,0.007663
7.637763776377637,0.916082,-0.874813,0.729535
7.638763876387639,-1.597191,0.932371,0.361759
7.6397639763976395,0.646589,-0.913163,-1.528654
7.640764076407641,-0.285548,0.828886,0.180816
7.641764176417642,0.832536,-0.622079,0.972801
7.642764276427643,-0.119051,0.212386,-0.43869
7.643764376437644,-0.425299,-0.202738,-0.195048
7.644764476447645,0.517135,-1.025811,-0.100222
7.645764576457646,-0.440045,0.799571,1.01195
7.6467646764676465,1.18704,-0.634252,-0.220194
7.647764776477648,-1.900787,0.733918,-0.866889
7.648764876487649,0.70111,-1.13929,0.179563
7.64976497649765,0.106791,0.757279,1.161861
7.650765076507651,-0.283196,-0.421576,-0.27801
7.651765176517652,0.77615,-0.772852,-0.867085
7.652765276527653,-0.877661,0.468318,-0.921228
7.653765376537653,1.245145,-0.502537,1.320739
7.654765476547655,-1.090381,1.101829,0.610706
7.6557655765576555,0.673788,-0.657526,-1.206888
7.656765676567657,0.040867,1.024822,-0.842105
7.657765776577658,-0.076328,-0.777543,1.717608
7.658765876587659,-0.238959,0.286956,0.667208
7.65976597659766,-1.253425,0.173281,-0.76054
7.66076607660766,0.939015,-0.508299,-0.060681
7.661766176617662,-0.566048,0.273576,1.125808
7.6627662766276625,0.689674,-0.996589,0.555443
7.663766376637664,-0.767053,0.689406,-0.459863
7.664766476647665,-0.023122,-0.817774,-1.123592
7.665766576657666,0.04934,0.904474,0.481822
7.666766676667667,-0.244777,-0.443629,0.640722
7.667766776677667,1.264064,0.29973,-0.724614
7.668766876687669,-0.726285,0.365462,-1.066335
7.6697669766976695,0.845309,-0.467691,0.50945
7.670767076707671,-0.40205,0.673951,0.878635
7.671767176717672,0.366978,-0.893035,-0.050525
7.672767276727673,-0.130941,1.020423,-1.072317
7.673767376737674,-0.975339,-0.689645,0.511151
7.674767476747675,1.04082,0.869068,0.964974
7.675767576757676,-0.924045,-0.154155,0.007939
7.6767676767676765,1.004058,-0.439432,-1.330841
7.677767776777678,-0.176005,0.39082,0.456935
7.678767876787679,0.284526,-1.377336,0.985785
7.67976797679768,0.297686,1.02544,-0.270547
7.680768076807681,-0.680591,-0.899303,-0.886093
7.681768176817682,0.806513,0.556125,0.18909
7.682768276827683,-0.842561,-0.105985,0.893666
7.683768376837683,0.809775,0.05086,0.066373
7.684768476847685,-0.344508,0.794879,-0.847577
7.6857685768576856,0.606,-1.330038,0.382734
7.686768676867687,0.806522,0.703176,1.24799
7.687768776877688,-0.508989,-0.385566,-0.260327
7.688768876887689,1.228202,1.081502,-0.536169
7.68976897689769,-1.414179,-1.073521,0.227135
7.69076907690769,0.687539,0.938118,0.878413
7.691769176917692,-0.818577,-0.120215,-0.167354
7.6927692769276925,0.483593,-0.694657,-1.317571
7.693769376937694,-0.092117,0.966301,-0.079335
7.694769476947695,-1.099894,-1.509034,1.259638
7.695769576957696,0.553887,1.098441,0.257255
7.696769676967697,-1.010794,-1.162298,-0.780014
7.697769776977697,1.069317,1.025825,-0.320211
7.698769876987699,-0.428424,-0.583967,0.588708
7.6997699769976995,0.462563,-0.264789,0.278604
7.700770077007701,-0.064229,0.500876,-0.818139
7.701770177017702,-0.70637,-0.940976,-0.430621
7.702770277027703,0.935583,0.344485,0.906899
7.703770377037704,-0.820981,-0.385675,0.553129
7.704770477047705,1.340886,0.717657,-0.706051
7.705770577057706,-0.417394,-0.680627,-0.29469
7.7067706770677065,0.218489,0.254457,1.306365
7.707770777077708,-0.353923,-0.257895,-0.009544
7.708770877087709,0.029694,-0.877567,-1.289872
7.70977097709771,0.509449,0.301908,-0.579486
7.710771077107711,-1.240076,-1.24633,1.126465
7.711771177117712,1.296437,0.601761,0.623374
7.712771277127713,-0.988582,-0.725429,-0.974405
7.713771377137713,0.696413,0.430479,-0.895188
7.714771477147715,-0.702731,-0.012316,0.980145
7.7157715771577156,-0.098587,0.165663,0.595063
7.716771677167717,0.278178,0.823703,-0.644171
7.717771777177718,-1.012703,-0.877203,-0.447257
7.718771877187719,0.595991,0.936922,0.738109
7.71977197719772,-1.229155,-0.903861,0.995531
7.72077207720772,1.146983,0.823702,-0.150563
7.721772177217722,-0.575556,0.458916,-0.401585
7.7227722772277225,-0.469892,0.098476,0.839619
7.723772377237724,-0.086619,0.073485,0.501751
7.724772477247725,-0.465471,-0.038074,-0.364658
7.725772577257726,1.366258,0.949372,-0.795538
7.726772677267727,-1.078084,-1.5385,0.524122
7.727772777277727,1.603551,1.231249,0.757708
7.728772877287729,-0.07363,-0.985359,-0.777028
7.7297729772977295,-0.558711,0.54394,-0.875545
7.730773077307731,0.361254,-0.169002,0.468728
7.731773177317732,-1.090835,0.520403,0.800759
7.732773277327733,0.99739,0.199517,-0.304723
7.733773377337734,-1.521746,-1.089276,-1.101921
7.734773477347735,0.743698,0.915558,0.310171
7.735773577357736,-0.430719,-0.675714,0.713713
7.7367736773677365,0.268378,0.786051,-0.143219
7.737773777377738,0.082948,-0.502622,-1.313085
7.738773877387739,-1.066972,0.137102,0.272544
7.73977397739774,1.062047,0.0247,0.777896
7.740774077407741,-1.122764,-1.149569,-0.07424
7.741774177417742,1.062135,1.24541,-0.774623
7.742774277427743,-0.571924,-1.037006,0.328442
7.743774377437743,0.066351,1.224825,0.957894
7.744774477447745,0.643759,-0.914574,0.118835
7.745774577457746,-0.912125,0.516187,-0.975112
7.746774677467747,0.825129,-0.05792,0.069925
7.747774777477748,-1.11352,-0.336112,0.696747
7.748774877487749,0.905708,0.349076,0.245396
7.74977497749775,-0.16349,-1.484479,-1.04048
7.75077507750775,0.366842,1.6493,-0.828877
7.751775177517752,0.230222,-0.790619,0.675185
7.7527752775277525,-0.403262,0.90246,-0.100006
7.753775377537754,1.058883,-0.896632,-0.920014
7.754775477547755,-0.982663,0.165273,-0.142913
7.755775577557756,0.738208,-0.308735,1.41616
7.756775677567757,-0.818619,-0.653766,0.288731
7.757775777577757,0.269944,1.059297,-1.032645
7.758775877587759,0.112856,-0.996769,-0.820703
7.7597759775977595,-0.956374,0.635149,0.789628
7.760776077607761,0.629809,-0.784166,0.388321
7.761776177617762,-0.93984,1.388926,-1.003208
7.762776277627763,0.872007,-0.106982,-0.461186
7.763776377637764,-0.735278,-0.394543,1.053043
7.764776477647765,0.269807,0.007453,0.091122
7.765776577657766,-0.38331,-1.185188,-0.469834
7.7667766776677665,-0.946335,0.93506,-0.789544
7.767776777677768,0.716941,-1.31251,1.030177
7.768776877687769,-0.977613,0.616909,0.433314
7.76977697769777,0.880184,-0.268341,-0.696259
7.770777077707771,-0.558868,0.009519,-1.157459
7.771777177717772,0.625834,0.076797,0.220545
7.772777277727773,0.30908,-0.423574,0.204093
7.773777377737773,-0.332122,0.243763,-0.369998
7.774777477747775,0.858869,-1.051526,-0.816379
7.775777577757776,-1.122151,1.092285,0.953072
7.776777677767777,0.276313,-1.167291,0.613593
7.777777777777778,-0.274396,0.021202,-1.031434
7.778777877787779,1.117044,-0.281971,-1.035505
7.77977797779778,0.052238,-0.097517,0.802293
7.78077807780778,-0.459369,-0.165141,1.081828
7.781778177817782,0.831519,-0.931786,-0.795278
7.7827782778277825,-0.793337,0.893231,-0.76779
7.783778377837784,0.599234,-0.816923,0.16849
7.784778477847785,-0.857466,0.737477,1.278251
7.785778577857786,0.762387,-0.697517,-0.398902
7.786778677867787,0.139187,0.120323,-1.038779
7.787778777877787,0.271218,-0.355361,0.277129
7.788778877887789,1.036067,-0.69771,1.167895
7.7897789778977895,-0.878071,0.923648,-0.158941
7.790779077907791,0.965826,-1.243542,-0.827709
7.791779177917792,-1.067876,0.992509,0.285382
7.792779277927793,0.864257,-0.604741,0.56134
7.793779377937794,-0.260006,1.001888,0.096181
7.794779477947795,-0.237917,-0.491576,-0.958934
7.795779577957796,0.429808,-0.493701,-0.142514
7.7967796779677965,-0.502694,0.414714,0.983119
7.797779777977798,0.998607,-0.791573,0.208024
7.798779877987799,-0.565447,0.653652,-0.160454
7.7997799779978,0.661198,-0.993929,-0.478289
7.800780078007801,-0.91927,1.185604,0.543781
7.801780178017802,-0.147433,-0.68785,0.353271
7.802780278027803,0.619417,0.174359,-0.893958
7.8037803780378034,-1.291423,0.420488,0.1237
7.804780478047805,0.885544,-1.132223,0.892284
7.805780578057806,-0.467675,0.849248,0.084337
7.806780678067807,0.958813,-0.829842,-0.836615
7.807780778077808,-0.388247,0.377526,-0.447697
7.808780878087809,0.135445,-0.134717,1.333367
7.80978097809781,0.495409,0.712694,0.696833
7.81078107810781,-0.73701,-0.451916,-0.21765
7.811781178117812,1.321762,-0.209819,-1.010871
7.8127812781278125,-0.832562,0.397202,1.147472
7.813781378137814,0.233723,-1.292125,0.55259
7.814781478147815,-0.565979,0.890785,-1.08944
7.815781578157816,-0.307114,-1.26754,-0.838531
7.816781678167817,-0.101445,1.075909,1.390192
7.817781778177817,-1.093985,-0.431808,1.034209
7.818781878187819,0.605317,0.330101,-1.107408
7.8197819781978195,-1.36262,0.387684,-0.797638
7.820782078207821,1.16116,-0.423898,0.605425
7.821782178217822,-0.223201,1.313104,0.363774
7.822782278227823,0.070411,-0.534652,-0.780345
7.823782378237824,0.494324,0.793158,-0.770338
7.824782478247825,-0.722942,-0.849181,0.395751
7.825782578257826,0.925305,0.498608,0.583188
7.8267826782678265,-0.848961,0.234934,-0.270585
7.827782778277828,0.585921,-0.082004,-1.169469
7.828782878287829,-0.491563,0.620259,0.989805
7.82978297829783,0.524623,-1.361586,0.710879
7.830783078307831,-0.476076,1.08457,-0.19858
7.831783178317832,-0.863902,-0.885608,-0.757704
7.832783278327833,1.126789,0.690294,0.686826
7.8337833783378334,-1.258516,-0.733374,0.277806
7.834783478347835,1.146238,0.063285,-0.51527
7.835783578357836,-0.835883,0.291445,-0.449493
7.836783678367837,0.530664,-0.934757,0.807553
7.837783778377838,0.290449,0.654731,0.725503
7.838783878387839,-0.836698,-0.122586,-0.530882
7.83978397839784,0.483005,0.639917,-1.648702
7.84078407840784,-0.828013,-0.483988,0.325565
7.841784178417842,1.792696,0.523002,0.977809
7.8427842784278425,-0.281619,-0.049942,-0.134796
7.843784378437844,0.138876,-0.439137,-0.959533
7.844784478447845,0.106692,0.177385,-0.274223
7.845784578457846,-0.064424,-0.777728,0.585679
7.846784678467847,0.894445,1.126102,-0.388087
7.847784778477847,-0.891982,-0.920884,-0.950663
7.848784878487849,1.484864,0.834437,-0.027769
7.8497849784978495,-0.422368,-0.265641,0.697003
7.850785078507851,0.56036,0.110209,-0.050183
7.851785178517852,-0.43344,0.385136,-0.757921
7.852785278527853,-0.411648,-0.844449,-0.036781
7.853785378537854,0.460945,1.037582,1.26133
7.854785478547855,-0.813462,-1.106963,0.054186
7.855785578557856,0.556354,0.337422,-0.832333
7.8567856785678565,-0.671648,-0.440504,-0.197812
7.857785778577858,0.67448,0.634742,1.290483
7.858785878587859,-0.611933,-0.269508,0.796717
7.85978597859786,0.136588,-0.238118,-1.060412
7.860786078607861,0.849971,0.845123,-0.590409
7.861786178617862,-1.263653,-0.80002,0.748783
7.862786278627863,0.866097,1.067432,0.27836
7.8637863786378635,-0.535592,-1.150389,-0.875339
7.864786478647865,0.755736,0.515091,-0.638894
7.865786578657866,0.143067,-0.210697,0.933529
7.866786678667867,-0.097933,-0.219028,0.698905
7.867786778677868,0.79161,0.552859,-0.616473
7.868786878687869,-1.061709,-0.586065,-1.421633
7.86978697869787,1.050497,1.38473,0.842889
7.87078707870787,-0.948186,-1.436315,0.75122
7.871787178717872,0.281972,0.716701,-0.507485
7.8727872787278725,-0.528855,-1.160484,-1.127107
7.873787378737874,-0.352243,0.727443,0.384512
7.874787478747875,0.692346,-0.276748,1.247027
7.875787578757876,-0.868791,-0.054697,-0.077995
7.876787678767877,0.69287,0.48472,-1.01064
7.877787778777877,-1.235069,-0.494519,0.518879
7.878787878787879,0.66266,0.583346,1.251403
7.8797879787978795,-0.312126,-0.706677,-0.163129
7.880788078807881,-0.186016,0.762424,-0.488627
7.881788178817882,0.554117,-0.127475,0.377637
7.882788278827883,-0.915017,0.664835,0.931838
7.883788378837884,1.049103,0.034664,-0.551245
7.884788478847885,-1.220754,-0.884216,-0.42962
7.885788578857886,0.74926,1.163889,0.320266
7.8867886788678865,-0.304025,-1.090037,0.439875
7.887788778877888,-0.015325,1.45648,-0.34238
7.888788878887889,0.542083,-0.434486,-1.338568
7.88978897889789,-1.244949,0.423045,0.660367
7.890789078907891,1.214743,-0.193104,0.80456
7.891789178917892,-1.144757,-0.50681,-0.293832
7.892789278927893,0.727525,0.406298,-0.502253
7.8937893789378935,-0.624121,-0.831357,-0.091345
7.894789478947895,0.097548,0.94763,0.759529
7.895789578957896,0.307419,-1.087005,-0.532226
7.896789678967897,-0.814948,1.152473,-1.180598
7.897789778977898,0.728324,-0.337253,0.18335
7.898789878987899,-0.745427,0.32035,0.814844
7.8997899789979,1.114135,0.414618,0.11116
7.9007900790079,-0.699239,-1.138046,-0.486899
7.901790179017902,0.101194,1.038148,0.310195
7.9027902790279025,0.292582,-0.88876,1.050156
7.903790379037904,-0.624762,0.961599,0.012068
7.904790479047905,0.806757,-0.886739,-0.050848
7.905790579057906,-0.800776,0.866292,-0.374556
7.906790679067907,1.222467,-0.15328,1.070146
7.907790779077907,-0.992951,-0.536388,-0.099732
7.908790879087909,-0.13323,0.205466,-0.966349
7.9097909790979095,0.537438,-1.532495,-0.037239
7.910791079107911,-0.628225,0.607127,0.9453
7.911791179117912,0.844102,-0.761431,0.679458
7.912791279127913,-0.819677,1.159115,-0.913686
7.913791379137914,0.890578,-0.287727,-0.501743
7.914791479147915,-0.627202,0.78955,0.938124
7.915791579157916,-0.215602,0.219157,0.334983
7.9167916791679165,0.093191,-0.549225,-0.879763
7.917791779177918,-0.955244,0.183015,-0.217114
7.918791879187919,0.462192,-1.191104,0.352879
7.91979197919792,-1.756156,0.456657,0.607539
7.920792079207921,1.114082,-0.71418,-0.473162
7.921792179217922,-0.808024,0.570942,-0.526706
7.922792279227923,0.571395,0.060534,0.857218
7.9237923792379235,0.024145,-0.532409,0.788789
7.924792479247925,-0.447821,0.370414,-0.741214
7.925792579257926,0.716732,-0.723763,-0.42227
7.926792679267927,-1.329706,0.513173,0.453043
7.927792779277928,1.088229,-0.447594,0.299393
7.928792879287929,-0.912588,1.111472,-0.479736
7.92979297929793,0.790017,-0.244679,-0.703715
7.93079307930793,-0.010295,0.190099,0.913247
7.931793179317932,-0.386619,0.344524,0.973222
7.9327932793279325,0.426653,-0.46067,-0.109311
7.933793379337934,-0.894027,1.475956,-1.10727
7.934793479347935,1.296174,-1.609909,0.346931
7.935793579357936,-0.864028,0.315752,1.061971
7.936793679367937,0.804531,-0.640055,-0.500702
7.937793779377937,-0.082936,0.627941,-0.864233
7.938793879387939,-0.167504,-0.032963,0.301752
7.9397939793979395,0.222218,-0.254776,0.995616
7.940794079407941,-0.576165,0.56405,-0.257757
7.941794179417942,1.068763,-0.665449,-0.950041
7.942794279427943,-0.927795,0.973152,0.400326
7.943794379437944,0.618952,-0.623353,0.775441
7.944794479447945,-0.54173,1.349262,-0.020352
7.945794579457946,0.154723,-0.511752,-0.748589
7.9467946794679465,0.768422,-0.203598,-0.044386
7.947794779477948,-1.073502,0.195413,0.966226
7.948794879487949,0.820869,-0.745145,-0.097499
7.94979497949795,-1.39439,0.914912,-1.172102
7.950795079507951,0.794203,-1.222103,0.25612
7.951795179517952,0.002881,1.131578,0.964722
7.952795279527953,-0.463276,-0.580155,0.221774
7.9537953795379535,0.294442,0.397823,-1.086031
7.954795479547955,-0.634546,0.255961,-0.401938
7.955795579557956,1.156379,-0.083333,0.779819
7.956795679567957,-1.007446,0.140829,0.172095
7.957795779577958,0.671247,-1.339247,-0.712655
7.958795879587959,-0.620987,0.539149,-0.536633
7.95979597959796,0.057719,-0.726452,1.572537
7.96079607960796,0.664219,-0.006132,0.396623
7.961796179617962,-0.810432,-0.611036,-0.847582
7.9627962796279625,0.878785,0.155337,-0.113045
7.963796379637964,-1.047413,0.37188,0.357891
7.964796479647965,0.579511,-0.341209,0.602739
7.965796579657966,-0.705977,0.885739,-0.743796
7.966796679667967,-0.033497,-1.138899,-0.338008
7.967796779677967,-0.050018,0.531645,0.742143
7.968796879687969,-1.158135,-0.767557,0.191197
7.9697969796979695,0.817619,0.616079,-0.232113
7.970797079707971,-0.914041,-0.18843,-0.783547
7.971797179717972,1.152476,-0.056716,1.490224
7.972797279727973,-0.162758,0.519826,0.37811
7.973797379737974,0.232131,-0.910497,-0.790623
7.974797479747975,0.57857,1.114843,-0.676172
7.975797579757976,-0.90134,-1.172104,0.742665
7.9767976797679765,0.958416,0.968256,0.962371
7.977797779777978,-0.944417,-0.199076,-0.375016
7.978797879787979,1.566329,0.691696,-0.683294
7.97979797979798,-0.769519,0.40259,1.232893
7.980798079807981,0.481417,-0.501327,0.718692
7.981798179817982,0.353304,1.333973,-0.546587
7.982798279827983,-0.33433,-0.519845,-1.2709
7.9837983798379835,1.049532,0.74691,0.655857
7.984798479847985,-1.139026,-1.311584,0.311961
7.985798579857986,0.964285,0.294183,-0.949814
7.986798679867987,-0.325805,0.046812,-0.918069
7.987798779877988,0.539809,-0.702008,1.275109
7.988798879887989,0.301827,0.281866,0.359661
7.98979897989799,-0.570693,-1.693069,-0.607129
7.99079907990799,0.310739,1.116047,-1.407518
7.991799179917992,-0.77197,-0.656618,0.265163
7.9927992799279926,0.64385,0.512173,0.665943
7.993799379937994,-0.707972,-0.266575,-0.592063
7.994799479947995,0.520483,-0.63771,-1.623721
7.995799579957996,0.280188,0.357958,0.30376
7.996799679967997,-0.516641,-0.827442,0.731794
7.997799779977997,0.640476,0.288731,-0.048312
7.998799879987999,-0.872901,-1.03947,-0.59208
7.9997999799979995,0.677527,1.289327,0.195167
8.000800080008,-0.596867,-0.247832,0.637289
8.001800180018002,0.801937,0.192518,-0.048697
8.002800280028003,-0.523762,0.358185,-1.379118
8.003800380038005,-0.313491,-0.575068,0.076071
8.004800480048004,0.697944,0.920296,0.434034
8.005800580058006,-0.91002,-0.787138,0.01914
8.006800680068007,0.858997,0.783929,-0.364818
8.007800780078007,-0.500405,-0.327386,0.713716
8.008800880088009,0.664212,0.164738,1.109791
8.00980098009801,0.310535,0.051976,0.436762
8.010801080108012,-0.416618,-0.084036,-1.158336
8.011801180118011,0.642576,0.119433,-0.713237
8.012801280128013,-0.514544,-0.8118,1.235042
8.013801380138014,0.707828,0.785653,0.318722
8.014801480148014,-0.87733,-1.012901,-0.762999
8.015801580158016,1.160451,0.624151,-1.443885
8.016801680168017,-0.629152,-0.308058,1.02372
8.017801780178019,-0.408017,0.405356,0.295602
8.018801880188018,0.38091,0.11384,-0.655211
8.01980198019802,-0.579236,-0.539591,-0.89802
8.020802080208021,0.926983,0.843205,0.938095
8.021802180218021,-1.17515,-1.072551,0.579836
8.022802280228023,0.924467,0.964557,-0.524527
8.023802380238024,-0.35964,-0.209195,-1.190874
8.024802480248026,0.072028,0.59394,1.024481
8.025802580258025,0.374723,-0.844951,0.595336
8.026802680268027,-0.949911,-0.018291,-0.748364
8.027802780278028,0.655869,0.119998,-0.581005
8.028802880288028,-0.366524,-0.812793,0.404624
8.02980298029803,0.880905,0.99423,0.773776
8.030803080308031,-0.636464,-1.41466,-0.978727
8.031803180318033,-0.158893,0.950831,-1.541338
8.032803280328032,0.280233,-0.912565,0.851278
8.033803380338034,-0.386823,0.821544,0.826812
8.034803480348035,0.943684,0.427357,-0.753343
8.035803580358035,-1.12675,-1.11312,-0.469679
8.036803680368036,1.122168,0.438469,-0.056606
8.037803780378038,-0.159321,-0.830548,0.54176
8.03880388038804,0.211082,0.783746,-0.739387
8.03980398039804,0.4831,-0.449489,-0.849524
8.04080408040804,-0.691384,0.60712,0.481456
8.041804180418042,1.317252,-0.56094,1.355404
8.042804280428042,-1.409751,0.101211,-0.33171
8.043804380438043,0.693435,0.940569,-0.894349
8.044804480448045,-0.683095,-0.942222,0.781547
8.045804580458046,0.599981,0.340604,1.371121
8.046804680468046,0.841182,-0.522895,-0.19032
8.047804780478048,-1.144648,0.74045,-1.087275
8.04880488048805,0.849561,-0.680254,0.43649
8.04980498049805,-0.650765,0.695523,1.074824
8.05080508050805,1.547143,0.285286,-0.135742
8.051805180518052,-0.846683,-0.356435,-0.577222
8.052805280528053,0.08004,0.886743,-0.063767
8.053805380538053,0.382955,-1.237738,0.770442
8.054805480548055,-0.817776,0.702831,-0.08681
8.055805580558056,0.3497,-0.841655,-0.681646
8.056805680568058,-0.487086,0.885653,0.265528
8.057805780578057,0.501024,-0.218282,1.142398
8.058805880588059,-0.055146,-0.02466,0.293238
8.05980598059806,0.371472,1.125799,-1.276761
8.06080608060806,-0.117562,-0.870003,-0.858735
8.061806180618062,-1.065613,0.588395,1.680846
8.062806280628063,0.980543,-1.634714,0.568591
8.063806380638065,-0.68284,1.58053,-1.013316
8.064806480648064,0.744458,-1.020388,-0.416544
8.065806580658066,-1.054588,0.230011,1.247374
8.066806680668067,0.485102,-0.178003,0.726456
8.067806780678067,-0.257676,-0.511145,-0.549736
8.068806880688069,-0.510971,0.921638,-0.557889
8.06980698069807,1.425842,-1.367419,0.424131
8.070807080708072,-1.248975,1.277144,0.521935
8.071807180718071,1.301771,-0.52523,-1.009147
8.072807280728073,-1.012279,0.579357,-0.723556
8.073807380738074,0.87242,-0.071288,0.946737
8.074807480748074,0.086878,-0.700833,0.575982
8.075807580758076,-0.400695,0.436153,-0.893142
8.076807680768077,0.453529,-0.625567,-1.096209
8.077807780778079,-1.154947,0.843937,0.69005
8.078807880788078,0.896814,-0.967621,0.796779
8.07980798079808,-0.773242,0.822485,-1.123859
8.080808080808081,0.211453,-0.97826,-1.131509
8.081808180818081,0.102913,0.653953,0.487883
8.082808280828083,-0.759539,0.436101,1.205878
8.083808380838084,0.362205,-0.43691,-0.650759
8.084808480848086,-0.688041,0.52269,-0.947476
8.085808580858085,1.003198,-0.834603,0.596478
8.086808680868087,-0.447419,1.058334,0.352459
8.087808780878088,0.843296,-1.283776,-0.299762
8.088808880888088,0.185122,0.713591,-0.844278
8.08980898089809,-0.313639,-0.189251,0.618694
8.090809080908091,0.585282,-0.352578,1.466067
8.091809180918093,-1.054297,0.164616,-0.067996
8.092809280928092,0.55008,-1.132404,-1.388368
8.093809380938094,-1.223922,0.750866,0.134485
8.094809480948095,0.436754,-0.954628,1.088883
8.095809580958095,-0.870501,0.716807,0.367569
8.096809680968097,-0.121605,-0.431633,-0.717178
8.097809780978098,0.410336,0.424643,0.216808
8.0988098809881,-0.437737,0.039002,0.77482
8.0998099809981,0.634874,-0.09347,-0.185237
8.1008100810081,-1.497858,0.440385,-0.968765
8.101810181018102,0.406308,-0.993965,0.387394
8.102810281028102,-0.522996,0.791645,1.007859
8.103810381038103,-0.130772,-0.744336,-0.056208
8.104810481048105,0.918639,0.420231,-1.053417
8.105810581058106,-0.649663,-0.382006,-0.157242
8.106810681068106,0.49766,0.145632,1.335317
8.107810781078108,-1.204887,0.496701,-0.014554
8.10881088108811,1.083459,-1.263636,-1.358655
8.10981098109811,-0.252648,0.624938,0.122965
8.11081108110811,0.452739,-0.521069,1.108889
8.111811181118112,0.587975,1.045769,0.040837
8.112811281128113,-1.102592,-0.502979,-1.171807
8.113811381138113,1.122545,0.294104,-0.306334
8.114811481148115,-0.892901,0.01968,1.255241
8.115811581158116,0.460745,-0.695857,-0.075028
8.116811681168118,-0.282234,0.623348,-1.077103
8.117811781178117,0.130618,-0.946444,-0.837891
8.118811881188119,0.404469,1.1646,0.704098
8.11981198119812,-1.16217,-1.061155,0.063222
8.12081208120812,0.483808,0.924556,-0.69701
8.121812181218122,-0.885295,-0.178077,-0.539133
8.122812281228123,0.601247,-0.385217,1.191339
8.123812381238125,-0.743657,0.366197,0.678715
8.124812481248124,0.086358,-1.387674,-0.877769
8.125812581258126,0.584746,0.900822,-0.969674
8.126812681268127,-0.514499,-1.518856,0.707
8.127812781278127,1.292123,0.481703,0.198102
8.128812881288129,-1.467375,-0.056478,-0.717617
8.12981298129813,0.790209,-0.048964,-0.648341
8.130813081308132,-0.720178,-0.399612,0.787715
8.131813181318131,0.035141,-0.831684,0.515488
8.132813281328133,0.249983,0.6573,-0.714723
8.133813381338134,-0.72469,-1.276183,-0.683014
8.134813481348134,0.405352,1.176772,0.478116
8.135813581358136,-0.964415,-0.687824,0.214839
8.136813681368137,0.97079,0.661087,-0.352147
8.137813781378139,-0.375742,-0.504698,-1.403904
8.138813881388138,0.21889,0.033846,1.110845
8.13981398139814,0.339092,0.097635,1.357127
8.140814081408141,-1.400501,-1.533978,-0.237958
8.141814181418141,0.659552,0.947537,-1.017009
8.142814281428143,-0.684036,-1.03163,0.407466
8.143814381438144,0.641032,1.000154,0.695139
8.144814481448146,-0.189778,-0.279549,-0.25407
8.145814581458145,0.488991,0.341559,-0.724126
8.146814681468147,-0.544655,-0.394844,-0.021282
8.147814781478148,-0.458829,-0.963834,1.430764
8.148814881488148,0.932793,0.7243,-0.784119
8.14981498149815,-1.109807,-0.542087,-0.764752
8.150815081508151,0.971042,0.803483,0.130066
8.151815181518153,-0.594919,-0.479497,0.99899
8.152815281528152,0.244168,1.277932,0.400233
8.153815381538154,-0.011689,0.041483,-1.027514
8.154815481548155,-0.295191,-0.200248,-0.302583
8.155815581558155,0.574204,0.393227,0.967845
8.156815681568157,-0.619224,-1.029185,0.489564
8.157815781578158,1.067407,0.63612,-1.142625
8.15881588158816,-0.636798,-0.582942,-0.196612
8.15981598159816,1.040341,0.758102,1.150825
8.16081608160816,0.220852,-0.613923,-0.088366
8.161816181618162,-0.279615,0.050851,-1.17723
8.162816281628162,0.368526,0.636655,-0.636832
8.163816381638163,-1.253425,-0.429028,1.042229
8.164816481648165,1.550962,0.311017,-0.394179
8.165816581658166,-1.181407,-1.057957,-1.411097
8.166816681668166,0.494111,0.889607,-0.514418
8.167816781678168,-0.427051,-0.557464,1.258144
8.16881688168817,-0.827786,0.783976,1.006319
8.16981698169817,0.327752,-0.07095,-0.905927
8.17081708170817,-0.914985,-0.426395,-0.119702
8.171817181718172,0.957136,0.978392,0.59395
8.172817281728173,-0.292041,-1.179533,-0.054058
8.173817381738173,0.234897,1.602754,-0.838361
8.174817481748175,-0.370584,-0.795294,-1.043088
8.175817581758176,-0.02687,0.708204,1.042567
8.176817681768178,0.169416,-0.189118,0.617962
8.177817781778177,-0.736529,0.076163,-0.105943
8.178817881788179,0.76073,0.240824,-0.683865
8.17981798179818,-0.295067,-0.433021,1.065397
8.18081808180818,0.994767,0.815512,1.005092
8.181818181818182,-0.216362,-1.021117,-0.761834
8.182818281828183,0.206425,0.393994,-0.786371
8.183818381838185,0.572251,-0.717236,0.871443
8.184818481848184,-1.077068,0.667236,1.013968
8.185818581858186,0.972006,-0.447833,-0.501027
8.186818681868187,-0.789654,0.183137,-1.03242
8.187818781878187,0.973225,0.11124,0.403842
8.188818881888189,-0.504547,-1.007095,1.122303
8.18981898189819,-0.123834,0.613761,-1.035241
8.190819081908192,-0.095122,-1.318846,-0.82871
8.191819181918191,-0.640162,0.639302,1.186968
8.192819281928193,1.135083,-1.018209,0.616963
8.193819381938194,-1.0458,0.227902,-0.653028
8.194819481948194,0.783895,0.582061,-1.316947
8.195819581958196,-0.39852,-0.521032,0.278577
8.196819681968197,-0.090877,0.896244,-0.020459
8.197819781978199,0.261234,-0.440422,0.068306
8.198819881988198,-0.685784,0.728718,-0.667292
8.1998199819982,0.826627,-1.606297,-0.080153
8.200820082008201,-1.171486,1.182339,1.120479
8.201820182018201,0.742714,-0.03321,-0.086335
8.202820282028203,-0.402466,-0.722266,-0.940164
8.203820382038204,0.275857,0.094085,0.056084
8.204820482048206,0.479323,-1.257303,1.435472
8.205820582058205,-1.01907,1.164396,0.185722
8.206820682068207,0.648456,-0.920705,-0.651285
8.207820782078208,-1.127015,0.990567,-0.295507
8.208820882088208,0.950014,-0.337838,0.76864
8.20982098209821,-0.706363,-0.72088,0.342128
8.210821082108211,0.664691,0.239545,-0.913749
8.211821182118213,-0.128521,-0.477641,-0.442277
8.212821282128212,-0.943077,0.762815,0.978358
8.213821382138214,0.651302,-0.199068,0.642281
8.214821482148215,-1.4471,0.717257,-0.620943
8.215821582158215,1.383169,-0.923488,-0.65635
8.216821682168217,-0.670612,-0.042364,0.693839
8.217821782178218,0.923402,-0.220193,0.583989
8.21882188218822,0.179196,0.10495,-0.698573
8.21982198219822,-0.958704,0.322224,-0.275993
8.22082208220822,0.835866,-0.822393,1.081982
8.221822182218222,-1.318538,0.654798,-0.011442
8.222822282228224,0.828138,-1.170849,-1.03709
8.223822382238223,-0.688966,1.062835,-0.863237
8.224822482248225,0.722408,-0.737842,1.159796
8.225822582258226,-0.19354,-0.270398,0.64028
8.226822682268226,-0.446481,0.023985,-1.19055
8.227822782278228,0.619428,-0.468332,-0.120837
8.22882288228823,-0.85432,0.667805,1.21299
8.22982298229823,0.661394,-1.274882,1.11323
8.23082308230823,-0.511071,0.84584,0.21583
8.231823182318232,0.099745,-0.807439,-0.593569
8.232823282328233,-0.193704,0.431624,0.946962
8.233823382338233,-0.933374,-0.115413,1.035046
8.234823482348235,0.777811,-0.161345,-0.837091
8.235823582358236,-0.789656,0.703329,-0.762218
8.236823682368238,0.725955,-0.957887,0.891511
8.237823782378237,-0.272424,0.981568,0.945467
8.238823882388239,-0.017541,-0.915365,-0.608139
8.23982398239824,-0.047496,0.523095,-1.064852
8.24082408240824,-0.398333,-0.819217,0.455076
8.241824182418242,0.499032,0.490577,0.699804
8.242824282428243,-0.888442,0.388098,-0.252801
8.243824382438245,1.141603,-0.680863,-0.458521
8.244824482448244,-0.807837,1.188097,0.270725
8.245824582458246,1.027615,-0.907514,0.692147
8.246824682468247,0.29512,0.608108,-0.201848
8.247824782478247,-0.60197,-0.748711,-0.66432
8.248824882488249,0.806493,0.399577,0.833539
8.24982498249825,-1.106036,-0.098396,1.085044
8.250825082508252,0.312781,-0.361993,0.3405
8.251825182518251,-0.885245,0.07984,-1.323152
8.252825282528253,1.174846,-0.84955,0.282071
8.253825382538254,-0.36223,0.807408,0.768971
8.254825482548254,-0.515382,-0.632455,-0.828991
8.255825582558256,0.93551,0.404236,-1.314667
8.256825682568257,-0.857787,-0.340726,0.39038
8.257825782578259,0.923844,0.074887,0.676151
8.258825882588258,-0.844447,0.448672,0.749297
8.25982598259826,0.980305,-0.632622,-1.60792
8.260826082608261,-0.166584,0.973759,0.066895
8.261826182618261,-0.200069,-1.335856,1.173694
8.262826282628263,0.152052,1.252925,-0.41472
8.263826382638264,-0.688432,-1.05051,-1.127597
8.264826482648266,0.371989,0.75401,-0.089109
8.265826582658265,-0.206653,-0.161506,1.382367
8.266826682668267,1.016984,-0.368251,0.162055
8.267826782678268,-0.37532,1.11523,-0.906098
8.268826882688268,-0.263418,-0.993833,-0.445733
8.26982698269827,0.440938,1.174842,1.023826
8.270827082708271,-0.226263,-0.736611,-0.101488
8.271827182718273,0.961981,0.595574,-1.485254
8.272827282728272,-0.814618,-0.490482,-0.354704
8.273827382738274,0.66012,0.294646,0.97766
8.274827482748275,-0.374499,0.168782,0.10686
8.275827582758275,0.314121,-0.845605,-1.131884
8.276827682768277,0.372862,0.740533,-0.078575
8.277827782778278,-1.181391,-0.91917,0.648039
8.27882788278828,1.042967,0.848216,0.739636
8.27982798279828,-1.276466,-0.89995,-1.014115
8.28082808280828,0.935469,0.067471,-0.956849
8.281828182818282,-0.309735,-0.416118,1.252101
8.282828282828284,0.13406,-0.665116,0.617419
8.283828382838283,0.276546,-0.033933,-0.436986
8.284828482848285,-0.174955,-0.798636,-0.861666
8.285828582858286,0.290134,0.919514,0.772585
8.286828682868286,-0.759076,-0.773557,0.873718
8.287828782878288,1.009821,0.63884,-0.714309
8.28882888288829,-0.333245,-0.585003,-0.635451
8.28982898289829,0.589499,0.700156,0.689098
8.29082908290829,0.402167,0.475246,1.037363
8.291829182918292,-0.929574,-1.337861,0.056346
8.292829282928293,0.744692,1.20996,-0.548046
8.293829382938293,-1.080836,-0.804587,0.410165
8.294829482948295,0.14695,0.90871,0.67798
8.295829582958296,-0.255083,-1.146738,-0.599828
8.296829682968298,0.496959,0.940967,-0.528014
8.297829782978297,-0.101244,-0.9171,0.098096
8.298829882988299,-0.848044,0.15655,0.845659
8.2998299829983,0.949689,0.787937,-0.383317
8.3008300830083,-1.099063,-0.192819,-1.30708
8.301830183018302,1.162833,0.521821,0.814146
8.302830283028303,-0.225246,-0.871483,0.181165
8.303830383038305,0.299711,1.593469,0.249327
8.304830483048304,-0.312801,-0.344376,-0.995828
8.305830583058306,-0.193998,0.174028,0.072142
8.306830683068307,1.026016,0.002721,1.180334
8.307830783078307,-0.742148,-0.106837,0.218851
8.308830883088309,1.500791,0.345538,-1.051587
8.30983098309831,-0.799921,-1.571128,0.376146
8.310831083108312,0.377908,0.682,0.772111
8.311831183118311,0.387845,-0.610214,-0.364331
8.312831283128313,-0.149847,0.913689,-1.332929
8.313831383138314,0.75742,0.185321,0.028235
8.314831483148314,-1.291289,-0.484136,1.177466
8.315831583158316,1.220897,0.500907,-0.036405
8.316831683168317,-1.028958,-1.384628,-0.351038
8.317831783178319,0.814634,0.524781,-0.336747
8.318831883188318,-0.154595,-1.060392,0.5746
8.31983198319832,-0.160214,0.862725,0.314658
8.320832083208321,0.657309,-0.35828,-0.719395
8.321832183218321,-1.349676,-0.622811,-0.360935
8.322832283228323,0.829288,0.163269,1.177186
8.323832383238324,-0.657289,-1.166302,0.506539
8.324832483248326,0.922158,0.714731,-1.160691
8.325832583258325,-1.038021,-1.109044,-0.506878
8.326832683268327,-0.688689,1.229184,0.711559
8.327832783278328,1.072824,-0.949676,0.209818
8.328832883288328,-1.240019,0.658057,-0.645596
8.32983298329833,0.621963,-0.136898,-0.315952
8.330833083308331,-0.716661,-0.349248,0.921128
8.331833183318333,1.110872,0.56918,0.483491
8.332833283328332,-0.381859,-1.607958,-0.832141
8.333833383338334,-0.522092,1.063224,-0.763186
8.334833483348335,0.818652,-0.529607,1.331105
8.335833583358335,-1.493085,0.955689,0.42
8.336833683368337,1.228008,-0.141551,-0.777814
8.337833783378338,-0.82445,0.174986,-1.029564
8.33883388338834,0.583197,-0.016097,0.640688
8.33983398339834,-0.43922,-1.316887,0.793907
8.34083408340834,0.604905,0.711452,-0.489265
8.341834183418342,0.089504,-1.393152,-0.568693
8.342834283428344,-1.253716,1.274536,1.296925
8.343834383438343,0.466758,-0.593114,0.57258
8.344834483448345,-0.996884,0.545102,-0.68506
8.345834583458347,0.695376,-0.274721,-0.747935
8.346834683468346,-0.511501,-0.262186,-0.037616
8.347834783478348,0.299286,0.366661,0.690734
8.34883488348835,-0.045101,-0.95555,-0.303692
8.34983498349835,-1.131612,1.32585,-1.38949
8.35083508350835,1.436152,-0.960346,-0.037173
8.351835183518352,-0.672702,0.446796,0.735618
8.352835283528353,0.954201,-0.224626,-0.469969
8.353835383538353,-0.378041,0.653834,-0.618655
8.354835483548355,0.084141,0.69652,0.387034
8.355835583558356,0.054373,-0.660473,1.056058
8.356835683568358,-0.854924,-0.109947,-0.03347
8.357835783578357,1.062706,-1.390366,-1.438498
8.358835883588359,-1.161823,0.734642,-0.048607
8.35983598359836,1.403059,-0.921171,0.547954
8.36083608360836,0.208377,0.390916,0.059443
8.361836183618362,0.433514,-0.107528,-0.896737
8.362836283628363,0.101635,0.100893,0.408514
8.363836383638365,-0.508534,0.452834,0.793828
8.364836483648364,0.550078,-1.043649,0.085185
8.365836583658366,-0.830562,1.20673,-1.092558
8.366836683668367,0.654813,-0.521445,-0.162837
8.367836783678367,-0.635797,0.52733,0.918666
8.368836883688369,0.120731,-0.457888,0.009359
8.36983698369837,0.072467,-0.32623,-1.38617
8.370837083708372,-1.008505,0.129511,-0.228126
8.371837183718371,1.164149,-0.476396,1.007491
8.372837283728373,-0.836571,0.875878,0.166924
8.373837383738374,0.964803,-0.823786,-1.377454
8.374837483748374,-0.446454,0.897394,-0.365818
8.375837583758376,0.535382,-0.736312,0.73696
8.376837683768377,0.118571,0.389138,0.297375
8.377837783778379,-0.881544,-0.032755,-1.383371
8.378837883788378,1.435773,-0.594258,-0.793816
8.37983798379838,-1.129297,0.629381,1.053876
8.380838083808381,1.091036,-0.556985,0.647925
8.381838183818381,-0.744702,0.726778,-0.912174
8.382838283828383,0.45258,-0.915697,-0.744547
8.383838383838384,0.404947,1.068628,0.515478
8.384838483848386,-0.436475,-0.521849,0.46086
8.385838583858385,0.066552,-0.441503,-0.760757
8.386838683868387,-0.673017,0.193619,-0.477433
8.387838783878388,1.185329,-0.583795,1.12819
8.388838883888388,-0.872794,1.163349,0.813034
8.38983898389839,0.94745,-0.655522,-0.119353
8.390839083908391,-0.331228,1.261244,-0.463651
8.391839183918393,0.160483,-0.55048,0.81314
8.392839283928392,0.585838,0.687902,0.702603
8.393839383938394,-0.704138,-0.420104,-0.562697
8.394839483948395,0.739771,-0.451306,-0.879912
8.395839583958395,-0.5245,0.44582,0.90072
8.396839683968397,0.933045,-0.875262,0.842672
8.397839783978398,0.426932,0.909196,-0.521816
8.3988398839884,-0.61352,-0.635687,-1.169277
8.3998399839984,0.94787,0.930732,0.988068
8.4008400840084,-1.043628,-0.234191,1.349154
8.401840184018402,1.30051,0.094871,-0.733004
8.402840284028404,-0.380766,0.741098,-0.909631
8.403840384038403,0.919657,-1.107216,0.357839
8.404840484048405,-0.615329,0.507608,0.911312
8.405840584058407,-0.001499,-1.273096,-0.37582
8.406840684068406,0.277674,0.694107,-0.670871
8.407840784078408,-0.945126,-0.734344,0.490115
8.40884088408841,0.639355,0.405762,1.02506
8.40984098409841,-1.208935,-0.509127,0.130322
8.41084108410841,0.24281,-0.193756,-1.056865
8.411841184118412,-0.242156,0.397064,0.033869
8.412841284128413,0.231088,-1.452793,1.102115
8.413841384138413,0.341087,1.513496,-0.263328
8.414841484148415,-1.239584,-0.95514,-1.374619
8.415841584158416,0.942572,0.631529,0.099973
8.416841684168418,-1.074077,-0.124268,0.593659
8.417841784178417,1.008086,-0.209344,-0.048499
8.418841884188419,-0.902218,0.703352,-0.922575
8.41984198419842,0.051761,-0.811081,-0.473886
8.42084208420842,0.384736,1.073357,0.923747
8.421842184218422,-1.124031,-0.74351,0.101972
8.422842284228423,0.286971,0.548648,-0.7238
8.423842384238425,-1.089937,-0.37234,-0.374844
8.424842484248424,0.42688,0.905453,1.079479
8.425842584258426,-0.882342,0.582451,-0.155999
8.426842684268427,-0.152428,-0.558439,-0.457628
8.427842784278427,0.569564,0.58579,-0.086252
8.428842884288429,-0.062613,-0.827679,0.117852
8.42984298429843,0.34824,0.992412,1.24741
8.430843084308432,-1.394322,-1.378908,-1.384577
8.431843184318431,0.904801,0.93124,-0.316222
8.432843284328433,-0.618979,0.10095,0.820576
8.433843384338434,0.435748,-0.184315,0.489616
8.434843484348434,0.085258,0.048831,-0.502937
8.435843584358436,-0.912471,-0.59875,-0.970353
8.436843684368437,0.857092,1.329514,1.314733
8.437843784378439,-0.20294,-0.781992,0.597217
8.438843884388438,0.593553,0.958309,-1.149261
8.43984398439844,-0.335771,-0.647745,-0.951787
8.440844084408441,0.266183,0.264957,1.325675
8.441844184418441,0.412394,0.250779,0.588644
8.442844284428443,-0.857934,-0.300092,-0.651454
8.443844384438444,0.929721,0.67855,-1.449179
8.444844484448446,-0.723,-0.511127,0.50153
8.445844584458445,1.12832,0.930046,0.836577
8.446844684468447,-0.804603,-0.361315,-0.211823
8.447844784478448,0.648635,0.628759,-0.873579
8.448844884488448,-0.007611,-0.433337,1.243645
8.44984498449845,-0.646941,0.551415,0.320957
8.450845084508451,0.745342,0.246121,-0.677597
8.451845184518453,-0.862113,-1.074576,-0.677516
8.452845284528452,0.531374,0.62103,0.280825
8.453845384538454,-0.671383,-1.205769,1.126001
8.454845484548455,0.567825,1.084361,-0.147828
8.455845584558455,-0.029163,-0.519248,-0.886937
8.456845684568457,-0.259731,0.838867,-0.484732
8.457845784578458,0.514783,0.501735,0.73959
8.45884588458846,-0.588098,-0.980983,-0.033913
8.45984598459846,0.809966,1.042385,-0.955662
8.46084608460846,-0.113973,-1.132889,-0.425584
8.461846184618462,0.755182,1.031953,1.150031
8.462846284628464,0.418026,-0.903184,-0.068139
8.463846384638464,-0.804352,0.385048,-0.838104
8.464846484648465,0.569173,0.038603,0.191286
8.465846584658467,-1.200927,-0.187205,0.953653
8.466846684668466,1.600597,0.898674,-0.165205
8.467846784678468,-0.02158,-1.145659,-0.952013
8.46884688468847,0.533725,0.656403,0.195063
8.46984698469847,-0.513855,-1.067424,1.064925
8.47084708470847,-0.464355,0.748911,-0.096353
8.471847184718472,0.698685,-0.547203,-0.712895
8.472847284728473,-1.181826,-0.033316,-0.70338
8.473847384738473,0.146438,-0.10265,0.390318
8.474847484748475,-0.995737,-0.520929,0.266017
8.475847584758476,0.559174,0.618514,-0.49004
8.476847684768478,-0.461523,-1.246496,-0.01603
8.477847784778477,-0.511897,0.810596,1.039421
8.478847884788479,0.85891,-1.167192,0.738342
8.47984798479848,-0.482369,0.743985,-0.661279
8.48084808480848,1.08723,-0.536912,-0.475073
8.481848184818482,-0.46388,-0.29196,0.993952
8.482848284828483,1.003145,0.105975,0.894421
8.483848384838485,-0.167326,-1.036614,-0.71229
8.484848484848484,0.322809,0.789488,-0.242443
8.485848584858486,-0.174196,-1.02118,0.53106
8.486848684868487,-1.00664,1.378776,0.603044
8.487848784878487,1.25072,-0.637168,-0.708823
8.488848884888489,-1.184943,0.486646,-0.638612
8.48984898489849,1.114686,0.276436,1.064857
8.490849084908492,0.486713,-0.800181,-0.153548
8.491849184918491,0.065839,1.144429,-0.77516
8.492849284928493,0.40004,-1.263684,-0.632333
8.493849384938494,-0.255984,0.705282,0.631143
8.494849484948494,0.841489,-0.688074,0.562842
8.495849584958496,-1.438705,0.270126,-0.317497
8.496849684968497,0.658643,-0.172403,-1.388813
8.497849784978499,-0.139407,-0.190219,0.697174
8.498849884988498,0.530659,0.129291,0.850345
8.4998499849985,-0.011106,-1.150863,-0.684901
8.500850085008501,-0.784684,1.18789,-1.016694
8.501850185018501,0.530933,-1.00629,0.714055
8.502850285028503,-0.961391,0.492886,0.619474
8.503850385038504,1.223964,0.004787,-0.64429
8.504850485048506,-1.18826,0.167909,-0.960938
8.505850585058505,0.042372,0.083384,0.302932
8.506850685068507,0.361616,-0.665999,0.879832
8.507850785078508,-1.058451,0.336718,-0.032315
8.508850885088508,0.75928,-0.721773,-0.695597
8.50985098509851,-0.893571,0.95045,0.422835
8.510851085108511,1.276332,-0.847031,1.211367
8.511851185118513,-0.213474,0.645118,-0.575453
8.512851285128512,0.72759,-0.345221,-0.781368
8.513851385138514,0.157694,-0.443003,-0.13968
8.514851485148515,-0.866998,0.614904,1.341291
8.515851585158515,0.676114,-0.96794,0.220954
8.516851685168517,-1.017051,1.167142,-0.648209
8.517851785178518,0.712679,-1.048614,0.403378
8.51885188518852,-0.714294,1.221409,1.084958
8.51985198519852,0.600194,0.046238,-0.549136
8.52085208520852,0.443885,0.286004,-0.943278
8.521852185218522,-0.508059,0.132397,0.051549
8.522852285228524,0.971716,-0.802384,1.047853
8.523852385238524,-0.428796,0.614813,-0.109728
8.524852485248525,0.789383,-0.830428,-1.010621
8.525852585258527,-0.595284,1.141029,-0.752813
8.526852685268526,0.792863,-0.77311,0.561198
8.527852785278528,-0.304245,0.667199,0.066263
8.52885288528853,-0.394151,-0.387141,-0.508257
8.52985298529853,0.534091,-0.351185,-0.030332
8.53085308530853,-0.430124,1.055323,1.142186
8.531853185318532,0.767026,-0.900905,0.313692
8.532853285328533,-0.639233,1.013136,-0.914086
8.533853385338533,1.008472,-0.362525,-0.660608
8.534853485348535,-0.308028,0.371095,1.054004
8.535853585358536,-0.576149,-0.383718,0.843205
8.536853685368538,0.388555,0.214975,-0.689173
8.537853785378537,-0.610955,0.798418,-0.586136
8.538853885388539,1.056671,-0.698932,0.920082
8.53985398539854,-0.108547,0.857916,0.198089
8.54085408540854,0.494274,-0.91464,-0.902248
8.541854185418542,-0.776865,1.089407,-0.746904
8.542854285428543,-0.424868,-0.441493,0.190497
8.543854385438545,0.657996,0.648176,0.143078
8.544854485448544,-0.802251,-0.318815,-0.496407
8.545854585458546,0.674747,-0.344726,-0.912959
8.546854685468547,-0.466808,0.160589,1.251969
8.547854785478547,0.656047,-0.711463,0.772667
8.548854885488549,0.302208,0.876763,-0.448796
8.54985498549855,-0.287261,-0.934814,-0.636019
8.550855085508552,0.464528,0.981694,0.682317
8.551855185518551,-1.042188,-0.923504,0.66044
8.552855285528553,1.033067,-0.002218,0.103586
8.553855385538554,-0.742299,0.59401,-1.06334
8.554855485548554,0.777406,-0.52766,0.481591
8.555855585558556,-0.089452,1.085566,0.660297
8.556855685568557,0.052559,-0.661509,-0.161458
8.557855785578559,0.851226,0.960212,-1.02906
8.558855885588558,-1.218557,-0.709583,-0.012308
8.55985598559856,0.899233,0.682752,0.860999
8.560856085608561,-1.04028,-0.168443,-0.380348
8.561856185618561,0.717545,0.142424,-1.240983
8.562856285628563,-0.477255,0.411979,0.527987
8.563856385638564,-0.120297,-0.839094,0.459755
8.564856485648566,0.55942,0.780226,-0.037187
8.565856585658565,-0.53893,-1.060686,-1.041757
8.566856685668567,0.624362,1.027769,-0.112249
8.567856785678568,-0.899082,-0.952003,1.174224
8.568856885688568,0.692186,0.082566,-0.110345
8.56985698569857,-0.594128,0.40196,-0.817945
8.570857085708571,0.327815,-1.063286,-1.157169
8.571857185718573,0.426383,1.336108,1.03151
8.572857285728572,-0.654622,-1.006425,0.186175
8.573857385738574,0.565317,0.982987,-0.603522
8.574857485748575,-0.874594,-0.519607,0.108478
8.575857585758575,0.645418,0.576636,1.458413
8.576857685768577,-0.608962,-0.121477,0.523712
8.577857785778578,0.82137,-0.181183,-1.060222
8.57885788578858,-0.149201,0.405262,-0.204088
8.57985798579858,-1.014867,-1.520437,0.623613
8.58085808580858,0.419556,0.638743,0.519006
8.581858185818582,-0.86548,-1.110687,-0.702759
8.582858285828584,0.889064,1.153265,-0.782162
8.583858385838584,-0.051376,-0.346834,0.978483
8.584858485848585,0.335105,-0.399942,0.678611
8.585858585858587,0.477759,-0.434639,-0.940982
8.586858685868586,-0.884258,-0.732047,-0.791187
8.587858785878588,1.387165,0.506858,1.151427
8.58885888588859,-0.959395,-0.933941,0.56575
8.58985898589859,1.209746,0.890826,-0.751941
8.59085908590859,-0.254643,-0.594403,-0.628464
8.591859185918592,0.645215,0.230742,0.665132
8.592859285928593,0.056245,0.410063,0.820338
8.593859385938593,-0.967515,-0.416446,-0.590157
8.594859485948595,0.986155,1.046176,-1.27938
8.595859585958596,-0.7177,-1.373205,0.663996
8.596859685968598,1.225189,0.926799,0.634697
8.597859785978597,-0.058106,-0.551489,-0.666483
8.598859885988599,-0.016506,1.255715,-0.786767
8.5998599859986,-0.213579,-0.109604,0.515633
8.6008600860086,-0.275863,0.157337,-0.158146
8.601860186018602,0.568958,0.473853,-0.45104
8.602860286028603,-0.930231,-0.677752,-1.239859
8.603860386038605,1.119846,1.134398,0.398161
8.604860486048604,-0.591325,-0.907006,0.986327
8.605860586058606,0.567157,0.917974,-0.47405
8.606860686068607,0.197171,-0.438983,-1.064261
8.607860786078607,-0.611432,0.52559,-0.049301
8.608860886088609,0.961254,-0.208336,1.144356
8.60986098609861,-1.106424,-0.613778,-0.414077
8.610861086108612,0.906408,0.527232,-0.821592
8.611861186118611,-0.33738,-0.721466,0.438743
8.612861286128613,0.72601,0.857926,0.761062
8.613861386138614,0.039636,-0.836791,-0.135183
8.614861486148614,0.047102,0.428367,-1.209366
8.615861586158616,0.068855,0.113335,-0.017247
8.616861686168617,-1.058013,0.372085,1.226982
8.617861786178619,0.902224,0.238843,0.207419
8.618861886188618,-1.213252,-0.917759,-0.843147
8.61986198619862,0.203802,0.368327,-0.495164
8.620862086208621,0.107827,-0.743757,0.640658
8.621862186218621,-0.650866,0.721342,-0.18812
8.622862286228623,0.58363,-0.678626,-1.082303
8.623862386238624,-0.362457,0.783064,-0.011404
8.624862486248626,1.079808,-0.390779,1.252739
8.625862586258625,-1.175966,-0.373159,0.128584
8.626862686268627,0.786959,0.671093,-0.777335
8.627862786278628,-0.436886,-0.918604,0.030697
8.628862886288628,-0.43277,0.675901,1.14059
8.62986298629863,0.170948,-0.707853,-0.171056
8.630863086308631,-0.666511,1.089792,-0.748066
8.631863186318633,1.519944,-0.251996,0.239066
8.632863286328632,-1.160116,-0.170051,0.606647
8.633863386338634,0.901377,0.773193,0.709476
8.634863486348635,-0.144951,-1.091163,-0.814037
8.635863586358635,-0.078328,0.419076,-0.341922
8.636863686368637,0.444498,-0.777095,0.975878
8.637863786378638,-0.965017,1.011132,-0.004909
8.63886388638864,1.526423,-0.611157,-0.704804
8.63986398639864,-0.539776,0.480824,-0.664567
8.64086408640864,0.564315,-0.119239,0.589477
8.641864186418642,-0.448809,-0.501455,0.146728
8.642864286428644,0.073626,0.689566,-0.156926
8.643864386438644,0.514624,-0.907574,-0.860425
8.644864486448645,-0.890808,1.050929,0.707206
8.645864586458647,0.420962,-1.163117,0.422385
8.646864686468646,-1.302841,0.920104,-0.363211
8.647864786478648,0.61488,-0.180692,-1.174185
8.64886488648865,0.027321,-0.236299,1.043616
8.64986498649865,0.317531,0.587149,0.901405
8.65086508650865,0.51292,-0.64003,-0.387211
8.651865186518652,-0.869625,0.675913,-0.527121
8.652865286528653,0.448275,-0.898439,0.747413
8.653865386538653,-0.789031,0.479109,1.104753
8.654865486548655,0.255272,-1.193283,-0.683758
8.655865586558656,-0.815684,0.501293,-0.462219
8.656865686568658,0.705017,-0.247634,1.142418
8.657865786578657,0.886656,-0.352637,0.963956
8.658865886588659,-0.857273,0.336006,-0.56089
8.65986598659866,0.345018,-0.7365,-0.930861
8.66086608660866,-0.826834,1.066141,1.025297
8.661866186618662,0.976845,-0.928676,1.003203
8.662866286628663,0.027861,1.069729,-0.517962
8.663866386638665,0.315792,-0.342769,-0.316262
8.664866486648664,-0.250609,-0.252515,0.080737
8.665866586658666,-0.898448,0.111609,1.074895
8.666866686668667,0.819553,-0.909913,-0.363898
8.667866786678667,-0.580389,0.661563,-1.06922
8.668866886688669,0.478546,-0.722423,0.352331
8.66986698669867,-1.413202,1.253036,0.732402
8.670867086708672,0.860559,-1.078548,-0.25843
8.671867186718671,0.188045,0.720841,-0.736698
8.672867286728673,-0.211249,0.137974,0.030024
8.673867386738674,0.831514,-0.087069,0.950554
8.674867486748674,-0.8336,0.472071,0.328438
8.675867586758676,0.648653,-0.625736,-0.417467
8.676867686768677,-1.052281,0.843876,0.179963
8.677867786778679,0.650866,-1.026735,1.266929
8.678867886788678,-0.166898,1.35625,0.613904
8.67986798679868,0.154998,-0.194787,-0.855392
8.680868086808681,1.159445,0.147132,0.151699
8.681868186818681,-0.280591,0.327458,1.098014
8.682868286828683,0.762113,-0.797516,-0.272499
8.683868386838684,-0.256577,0.895846,-0.702518
8.684868486848686,0.62942,-1.175418,-0.213636
8.685868586858685,0.213963,1.136055,1.193268
8.686868686868687,-0.581045,-0.158147,0.133864
8.687868786878688,0.687706,0.367838,-0.990544
8.688868886888688,-0.475572,0.260307,-0.537877
8.68986898689869,0.66741,-0.637799,0.983167
8.690869086908691,-0.740268,0.972922,0.099442
8.691869186918693,0.827273,-0.969582,-0.581618
8.692869286928692,-0.537052,1.185556,-1.195854
8.693869386938694,-0.025473,-0.828533,0.938196
8.694869486948695,0.360721,0.940857,0.377457
8.695869586958695,-1.162921,-0.667999,-0.762416
8.696869686968697,1.018628,-0.341696,-0.535982
8.697869786978698,-0.619833,0.24513,0.770452
8.6988698869887,0.563727,-1.169757,1.00164
8.6998699869987,-0.110314,0.32476,-0.653233
8.7008700870087,-0.636729,-1.490096,-1.199779
8.701870187018702,0.489821,1.244873,0.661513
8.702870287028704,-0.856175,-0.680748,1.675306
8.703870387038704,1.020094,1.33372,-0.34667
8.704870487048705,-0.810282,0.084043,-1.299468
8.705870587058707,0.716519,-0.088115,0.585938
8.706870687068706,-0.973018,0.415266,1.08541
8.707870787078708,-0.405594,-1.050875,-0.241875
8.70887088708871,-0.175903,1.05086,-1.066731
8.70987098709871,-1.540018,-0.761157,1.113094
8.71087108710871,0.749714,0.847797,0.767241
8.711871187118712,-0.573659,-0.102987,-0.433522
8.712871287128714,1.079265,-0.389461,-0.665377
8.713871387138713,-0.326413,0.235423,0.454672
8.714871487148715,-0.790289,-0.329155,0.840498
8.715871587158716,0.03488,0.95739,-0.024554
8.716871687168718,-0.72614,-0.903579,-1.686983
8.717871787178717,1.278393,0.798929,-0.138233
8.718871887188719,-0.761949,-0.38718,1.70197
8.71987198719872,1.162889,0.609507,-0.28895
8.72087208720872,-1.053387,0.080593,-1.412277
8.721872187218722,-0.589191,-0.511089,0.01059
8.722872287228723,0.305471,0.388666,1.353171
8.723872387238725,-0.537318,-1.320809,0.295774
8.724872487248724,1.046859,0.911718,-0.718296
8.725872587258726,-0.825297,-0.773693,0.048686
8.726872687268727,0.643574,1.693847,0.761847
8.727872787278727,-0.600743,-0.383165,-0.067031
8.728872887288729,0.226137,-0.248948,-1.104304
8.72987298729873,0.169131,0.733174,-0.431697
8.730873087308732,-0.606951,-0.714894,1.394295
8.731873187318731,0.28951,0.741406,0.135023
8.732873287328733,-1.486969,-1.087188,-1.088854
8.733873387338734,0.864538,1.178332,-0.107112
8.734873487348734,-0.492777,-0.046659,1.153482
8.735873587358736,0.751336,0.468462,0.659609
8.736873687368737,0.016202,-0.143073,-1.407006
8.737873787378739,-0.826314,-0.195498,-0.252119
8.738873887388738,1.530137,0.293294,0.962636
8.73987398739874,-0.758318,-0.997892,0.235752
8.740874087408741,1.027854,1.199078,-1.096659
8.741874187418741,-0.663248,-0.276999,-1.05123
8.742874287428743,0.244487,1.378724,0.897789
8.743874387438744,0.883529,-0.643789,0.692095
8.744874487448746,-0.608327,-0.114608,-1.1207
8.745874587458745,0.025384,0.133242,-0.578438
8.746874687468747,-1.142948,-0.962632,0.738234
8.747874787478748,0.914487,0.82828,0.405864
8.748874887488748,-0.327583,-0.659114,-0.587795
8.74987498749875,-0.46952,1.108296,-0.417679
8.750875087508751,-0.025253,-1.197925,0.995981
8.751875187518753,-0.847085,0.142312,0.121986
8.752875287528752,0.507536,-0.031327,-0.457941
8.753875387538754,-0.979472,-0.416059,-0.848451
8.754875487548755,0.634248,0.527705,1.078512
8.755875587558755,-0.29259,-1.171686,0.536758
8.756875687568757,0.68145,0.481303,-1.011312
8.757875787578758,-0.052698,-1.559028,-1.215205
8.75887588758876,-0.476644,-0.119113,0.526721
8.75987598759876,0.952515,-0.636406,0.864257
8.76087608760876,-0.581676,0.408214,-0.32364
8.761876187618762,1.16989,0.76712,-1.02428
8.762876287628764,-0.84593,-0.927708,0.71657
8.763876387638764,0.824333,0.715777,0.849891
8.764876487648765,0.079284,-1.035448,-0.184642
8.765876587658767,-0.482912,0.590556,-1.384264
8.766876687668766,0.460852,-0.626588,0.68434
8.767876787678768,-0.365506,0.575681,1.071941
8.76887688768877,0.860322,0.280711,0.236897
8.76987698769877,-0.757866,-0.512811,-0.622723
8.77087708770877,0.496529,1.020041,0.18908
8.771877187718772,-0.112348,-1.656662,0.821658
8.772877287728774,-0.827093,0.738482,-0.123012
8.773877387738773,-0.069599,-0.666291,-0.814021
8.774877487748775,-1.146452,1.20219,0.505833
8.775877587758776,1.014803,-0.210751,0.994778
8.776877687768778,-0.50634,0.079236,-0.241661
8.777877787778777,0.502316,0.619897,-0.836002
8.778877887788779,-0.103426,-0.69592,0.218042
8.77987798779878,0.632914,0.636175,1.617405
8.78087808780878,0.243549,-0.776639,-0.084464
8.781878187818782,-0.534118,0.850142,-1.417382
8.782878287828783,1.522178,-0.980341,-0.660466
8.783878387838785,-1.071744,-0.203807,0.747993
8.784878487848784,0.505103,-0.126615,0.417766
8.785878587858786,-0.625046,-1.268802,-1.029967
8.786878687868787,-0.107521,0.933628,-0.206476
8.787878787878787,0.546089,-0.640684,1.029643
8.788878887888789,-0.974857,1.299263,0.185803
8.78987898789879,1.039794,-1.256889,-1.012819
8.790879087908792,-1.31621,0.584691,-1.073692
8.791879187918791,1.122407,-0.280926,0.815802
8.792879287928793,-0.37286,-0.316637,0.33062
8.793879387938794,-0.065019,0.153851,-0.818242
8.794879487948794,0.736375,-1.359585,-0.57138
8.795879587958796,-0.941866,0.966808,1.012051
8.796879687968797,0.94801,0.123099,1.04686
8.797879787978799,-1.417045,1.14051,-0.451764
8.798879887988798,1.191305,-0.526621,-0.654181
8.7998799879988,-0.568027,0.371394,0.808825
8.800880088008801,-0.467011,-0.342287,0.536931
8.801880188018801,0.057132,-0.36835,-0.475932
8.802880288028803,-0.995918,-0.029555,-1.442265
8.803880388038804,0.968819,-1.220826,0.746706
8.804880488048806,-1.0019,0.998831,1.22899
8.805880588058805,0.900711,-0.571416,-0.750556
8.806880688068807,-0.314709,1.061238,-1.005684
8.807880788078808,-0.079195,0.028672,0.522699
8.808880888088808,0.604471,-0.495786,1.512955
8.80988098809881,-0.581107,0.069774,-0.352971
8.810881088108811,1.12614,-1.036679,-1.214401
8.811881188118813,-1.000545,1.051981,0.473364
8.812881288128812,0.310549,-1.061449,0.483059
8.813881388138814,-0.156447,1.228744,0.391503
8.814881488148815,0.299621,-0.313266,-0.926334
8.815881588158815,0.333856,0.488806,0.511852
8.816881688168817,-0.825884,-0.018993,1.005902
8.817881788178818,1.232048,-1.120986,-0.567446
8.81888188818882,-1.166162,0.251866,-1.032829
8.81988198819882,1.594184,-0.98972,-0.028659
8.82088208820882,-0.9249,1.149585,1.061493
8.821882188218822,0.452568,-0.898772,-0.851906
8.822882288228824,0.595685,0.474473,-0.918511
8.823882388238824,-1.05349,-0.129928,-0.185961
8.824882488248825,0.822479,0.181832,1.113431
8.825882588258827,-0.86702,0.276425,-0.050985
8.826882688268826,1.325945,-0.811236,-0.747919
8.827882788278828,-0.260839,1.019681,0.198666
8.82888288828883,0.034243,-0.92065,0.733194
8.82988298829883,0.00795,0.691527,0.02869
8.83088308830883,-0.463857,-0.692726,-0.717161
8.831883188318832,0.474765,0.12326,-0.084071
8.832883288328834,-0.735658,0.70223,1.036428
8.833883388338833,0.708158,-0.812293,0.032079
8.834883488348835,-1.036475,0.980426,-0.58388
8.835883588358836,0.633018,-1.224407,-0.485865
8.836883688368838,-0.327503,1.158559,0.945506
8.837883788378837,-0.80513,-1.178352,-0.158527
8.838883888388839,1.25778,0.721788,-0.734773
8.83988398839884,-1.128938,-0.402153,-0.279686
8.84088408840884,1.12205,-0.336063,0.971272
8.841884188418842,-0.940531,0.224809,-0.079554
8.842884288428843,1.699035,-1.12702,-1.018962
8.843884388438845,-0.743313,0.795892,-0.280634
8.844884488448844,-0.614621,-1.042073,0.458797
8.845884588458846,0.606499,0.880463,0.410847
8.846884688468847,-0.674343,-0.657446,-0.568457
8.847884788478847,0.777216,0.028073,-0.806212
8.848884888488849,-0.803196,0.569773,0.501786
8.84988498849885,0.514245,-0.984305,0.421653
8.850885088508852,-0.32607,0.56997,-0.798723
8.851885188518851,-0.23271,-0.657084,-1.03392
8.852885288528853,0.349326,0.795646,1.127968
8.853885388538854,-0.691627,-0.545164,0.146787
8.854885488548854,0.91635,0.545912,-0.894395
8.855885588558856,-1.6868,-0.16077,-1.345525
8.856885688568857,1.096732,0.088293,1.03889
8.857885788578859,-0.38107,0.814135,0.639027
8.858885888588858,0.181391,-1.298296,-0.174997
8.85988598859886,0.736365,1.181958,-0.833248
8.860886088608861,-0.683707,-1.185082,0.835532
8.861886188618861,0.574614,1.009115,0.572831
8.862886288628863,-0.856739,-0.342865,-0.321004
8.863886388638864,0.831445,0.72236,-1.261311
8.864886488648866,0.180932,-0.089109,-0.112401
8.865886588658865,-0.398773,-0.576832,1.112793
8.866886688668867,0.396172,0.766191,0.026374
8.867886788678868,-1.095743,-0.86611,-1.362256
8.868886888688868,1.119023,1.24012,0.107217
8.86988698869887,-0.517195,-0.205558,1.105818
8.870887088708871,1.144077,0.078026,-0.420878
8.871887188718873,-0.165101,-0.470835,-0.753787
8.872887288728872,-0.59531,-0.261818,0.19161
8.873887388738874,0.398841,0.507507,1.194674
8.874887488748875,-1.222235,-0.569856,0.238244
8.875887588758875,1.23174,0.905584,-0.967388
8.876887688768877,-0.868497,-0.945706,0.098876
8.877887788778878,-0.190853,0.998695,0.630745
8.87888788878888,-0.312026,-0.379617,-0.129136
8.87988798879888,0.098997,0.204519,-1.332093
8.88088808880888,0.147322,-0.020594,0.267521
8.881888188818882,-0.415024,-0.001546,1.287267
8.882888288828884,0.884526,0.954081,-0.086131
8.883888388838884,-1.041519,-0.881822,-0.853164
8.884888488848885,0.840929,1.010714,-0.146123
8.885888588858887,-0.890185,-0.480458,0.828258
8.886888688868886,-0.262186,0.272101,0.270938
8.887888788878888,0.2532,-0.462907,-1.581881
8.88888888888889,-0.383928,-0.728727,-0.549938
8.88988898889889,0.824137,0.666759,1.166185
8.89088908890889,-1.16752,-0.94001,-0.187425
8.891889188918892,0.833523,0.82378,-0.857372
8.892889288928894,-0.489012,-0.965666,-0.438875
8.893889388938893,-0.357909,0.700134,1.219378
8.894889488948895,0.130525,-0.445151,0.890654
8.895889588958896,-0.428707,0.013241,-0.967454
8.896889688968898,1.299546,-0.360439,-0.281902
8.897889788978897,-0.747974,-0.338723,0.733323
8.898889888988899,1.119112,0.767444,0.329978
8.8998899889989,-0.696585,-0.860924,-0.941127
8.9008900890089,-0.057337,0.479002,-0.798869
8.901890189018902,-0.317793,-0.551587,1.64288
8.902890289028903,-0.677212,0.445623,0.560075
8.903890389038905,1.430953,-0.165825,-0.53819
8.904890489048904,-1.027403,-0.600604,-0.613148
8.905890589058906,1.314939,0.139829,0.434502
8.906890689068907,-1.237001,-1.169662,0.944586
8.907890789078907,0.432588,0.920154,-0.286304
8.908890889088909,-0.357413,-0.815246,-0.798404
8.90989098909891,-0.739913,0.638579,0.63881
8.910891089108912,0.619681,-0.681631,0.09555
8.911891189118911,-0.834354,0.065351,-0.705721
8.912891289128913,0.949804,0.302453,-0.68258
8.913891389138914,-0.626584,-0.085829,0.84209
8.914891489148914,0.653978,0.805253,1.091848
8.915891589158916,0.40425,-0.660376,-0.890388
8.916891689168917,-0.941304,1.274078,-0.697742
8.917891789178919,0.635529,-0.85482,0.581407
8.918891889188918,-1.359467,0.960543,1.245286
8.91989198919892,0.971491,-0.155841,-0.275274
8.920892089208921,-0.355069,-0.271345,-0.8006
8.921892189218921,0.31097,0.192049,0.445994
8.922892289228923,0.135484,-1.026698,0.816665
8.923892389238924,-0.178068,1.559015,0.024773
8.924892489248926,0.598677,-0.732892,-0.820536
8.925892589258925,-0.929845,0.926549,0.936671
8.926892689268927,0.907596,-0.607736,0.972878
8.927892789278928,-0.374123,-0.121988,-0.470392
8.928892889288928,0.575688,1.003969,-0.783144
8.92989298929893,-0.264253,-0.624337,0.297029
8.930893089308931,-0.667856,0.659228,1.541048
8.931893189318933,0.2796,-0.776717,0.331035
8.932893289328932,-0.27506,1.060844,-1.244829
8.933893389338934,1.066528,-0.793385,-0.259524
8.934893489348935,-0.952928,0.547894,1.04656
8.935893589358935,1.016699,-0.409156,0.792972
8.936893689368937,-0.38995,-0.502053,-0.703736
8.937893789378938,-0.280891,1.101599,-0.894876
8.93889388938894,0.215006,-1.397018,0.97045
8.93989398939894,-0.504044,1.165576,-0.007428
8.94089408940894,1.092315,-1.098243,-0.408179
8.941894189418942,-0.710929,0.820456,-0.287783
8.942894289428944,0.668616,-0.639489,0.633352
8.943894389438944,-0.20138,0.111353,0.183722
8.944894489448945,-0.531901,0.354427,-1.143966
8.945894589458947,-0.103096,-0.690694,-0.249059
8.946894689468946,-0.589191,1.119934,0.514963
8.947894789478948,0.873402,-1.368724,0.646815
8.94889488948895,-1.299789,1.104346,-0.685987
8.94989498949895,0.800272,-0.39119,-0.865605
8.95089508950895,-0.349457,0.34305,1.057997
8.951895189518952,0.253822,-0.400797,0.346733
8.952895289528954,0.420814,-0.570746,-1.153079
8.953895389538953,-0.684825,0.378199,-0.828285
8.954895489548955,0.763042,-0.654658,1.439051
8.955895589558956,-1.001713,0.856621,0.857471
8.956895689568958,0.230093,-0.63745,-0.240178
8.957895789578957,-0.558209,0.579911,-0.843792
8.958895889588959,0.367369,-0.612684,1.030676
8.95989598959896,0.325812,-0.792451,0.381061
8.96089608960896,-0.857468,0.06617,-0.817149
8.961896189618962,1.389729,-0.462633,-0.921406
8.962896289628963,-1.316372,0.614927,1.110061
8.963896389638965,0.954753,-0.993807,0.8541
8.964896489648964,-0.721341,0.814533,-0.310544
8.965896589658966,0.51339,-0.360696,0.146402
8.966896689668967,0.288066,0.116676,-0.040972
8.967896789678967,-1.046591,0.202151,1.144704
8.968896889688969,1.086902,0.622119,-0.15663
8.96989698969897,-0.928666,0.572703,-0.897154
8.970897089708972,1.10426,-0.621645,0.687275
8.971897189718971,-0.751648,0.637822,0.865217
8.972897289728973,0.082391,-0.688036,-0.412281
8.973897389738974,0.277824,0.30665,-0.69794
8.974897489748974,-0.565802,-0.707357,-0.025956
8.975897589758976,0.585938,0.561528,1.15075
8.976897689768977,-0.952852,0.917845,-0.326657
8.977897789778979,0.860535,-0.310555,-0.969515
8.978897889788978,-0.72377,1.297449,0.16258
8.97989798979898,0.200534,-1.38551,0.879984
8.980898089808981,0.389817,0.980136,-0.104978
8.981898189818981,-0.453453,-0.928837,-0.815114
8.982898289828983,1.343967,0.048947,-0.13455
8.983898389838984,-1.578604,0.126547,0.96957
8.984898489848986,1.119525,-0.994013,-0.264143
8.985898589858985,-0.664598,0.761045,-1.338316
8.986898689868987,0.583582,-0.912053,0.657099
8.987898789878988,0.348781,1.08021,0.675229
8.988898889888988,-0.852997,-0.686592,0.640825
8.98989898989899,0.898202,1.04393,-0.785246
8.990899089908991,-1.542279,0.273026,-0.276535
8.991899189918993,1.008355,0.493773,1.026093
8.992899289928992,-0.901612,0.045126,0.374637
8.993899389938994,0.279613,-0.14974,-0.67567
8.994899489948995,-0.264686,0.679823,0.034635
8.995899589958995,-0.427906,-1.149545,0.381056
8.996899689968997,0.923738,1.262617,0.681013
8.997899789978998,-0.954998,-1.160561,-0.95574
8.998899889989,1.413947,1.049496,-0.580492
8.999899989999,-0.648523,-0.359643,1.09921
9.000900090009,0.617831,-0.403966,0.364858
9.001900190019002,-0.349692,0.92059,-1.074343
9.002900290029004,-1.03289,-0.647689,-0.61328
9.003900390039004,0.672719,0.594964,0.930466
9.004900490049005,-1.303618,-0.841993,0.428805
9.005900590059007,0.942,1.072035,-0.838193
9.006900690069006,-0.631185,-0.292312,-0.901198
9.007900790079008,0.119167,0.68311,0.656051
9.00890089008901,-0.006369,0.148988,0.648934
9.00990099009901,-0.194368,-1.032748,-0.824657
9.01090109010901,0.859647,0.422593,-0.444494
9.011901190119012,-1.144219,-1.441502,0.601197
9.012901290129014,0.796818,0.929094,0.925948
9.013901390139013,-1.02964,-0.843675,-0.294953
9.014901490149015,0.764921,0.1865,-0.490876
9.015901590159016,-0.48798,-0.3774,1.085969
9.016901690169018,-0.506203,-0.772427,1.252654
9.017901790179017,0.522793,0.627488,0.01683
9.018901890189019,-0.897451,-0.826441,-0.804433
9.01990199019902,0.913018,0.728471,0.522369
9.02090209020902,-1.007243,-0.722105,1.010477
9.021902190219022,1.172704,0.295232,-0.313382
9.022902290229023,-0.422932,-0.464836,-1.404582
9.023902390239025,-0.043548,-0.08993,0.422093
9.024902490249024,0.009509,0.591024,0.253835
9.025902590259026,-0.759593,-0.136817,-0.097133
9.026902690269027,0.381239,0.988051,-1.279566
9.027902790279027,-1.412281,-0.797117,0.354681
9.028902890289029,0.685311,0.855854,1.394008
9.02990299029903,-0.760552,-0.480694,-0.284797
9.030903090309032,0.068751,0.790366,-1.442541
9.031903190319031,0.488945,0.003667,-0.000942
9.032903290329033,-0.29505,-0.159792,1.132812
9.033903390339034,1.140487,0.680259,-0.177368
9.034903490349034,-1.00856,-0.850882,-0.205926
9.035903590359036,0.650989,1.048261,-0.373685
9.036903690369037,-0.72151,-0.95388,1.245255
9.037903790379039,0.242963,0.835994,-0.039675
9.038903890389038,0.729434,-0.4872,-1.036743
9.03990399039904,-1.005908,0.117007,0.071201
9.040904090409041,0.841757,-0.016635,0.931832
9.041904190419041,-1.345266,-0.668575,0.204433
9.042904290429043,0.931472,0.670587,-0.693273
9.043904390439044,-0.990126,-1.316676,-0.77002
9.044904490449046,0.474292,1.510539,0.86584
9.045904590459045,0.156373,-0.548292,0.07175
9.046904690469047,-0.584671,0.774205,-0.874008
9.047904790479048,1.32147,0.309563,-1.025627
9.048904890489048,-0.848826,-0.832607,1.233709
9.04990499049905,0.647475,0.307916,0.437772
9.050905090509051,-0.348471,-0.661341,-0.821232
9.051905190519053,0.761827,1.260934,-0.920522
9.052905290529052,0.212308,-0.514553,0.692839
9.053905390539054,-1.046615,0.893815,0.174723
9.054905490549055,0.957478,-0.554138,-1.205992
9.055905590559055,-1.584245,-0.514461,-0.565231
9.056905690569057,0.852044,0.829012,0.757301
9.057905790579058,-0.560613,-1.272509,1.20767
9.05890589058906,0.25922,0.484747,-0.306224
9.05990599059906,-0.198817,-0.753048,-0.722997
9.06090609060906,-0.677189,1.303616,1.261293
9.061906190619062,0.757632,-1.168599,0.860772
9.062906290629064,-1.198678,0.543062,-0.942939
9.063906390639064,0.753186,-0.25399,-1.405806
9.064906490649065,-0.721588,-0.660022,0.277488
9.065906590659067,0.44583,0.043668,1.03754
9.066906690669066,-0.237875,-0.660407,-0.697853
9.067906790679068,-0.760439,1.156569,-1.002872
9.06890689068907,0.990056,-0.96615,0.672744
9.06990699069907,-1.165148,0.968277,0.387066
9.07090709070907,1.009626,-0.114795,-0.534456
9.071907190719072,-0.714358,0.158839,-0.873093
9.072907290729074,0.507993,0.347624,0.869889
9.073907390739073,0.014742,-0.393143,0.726331
9.074907490749075,-0.377379,0.918817,-0.780965
9.075907590759076,1.404004,-1.15735,-1.016341
9.076907690769078,-0.873759,0.473445,-0.008482
9.077907790779078,0.917136,-0.911995,0.984459
9.078907890789079,-1.011589,-0.027907,-0.173123
9.07990799079908,0.598496,-0.388244,-0.889897
9.08090809080908,-0.288555,-0.622413,-0.178613
9.081908190819082,-0.096732,0.220455,0.962695
9.082908290829083,0.331169,-0.425869,0.227093
9.083908390839085,-1.209032,1.208445,-1.108682
9.084908490849084,1.676598,-1.022041,-0.131072
9.085908590859086,-0.412481,0.946912,0.442441
9.086908690869087,0.775143,-0.392689,0.003489
9.087908790879087,-0.219573,-0.13388,-0.88568
9.088908890889089,-0.095258,0.301659,-0.333491
9.08990899089909,-0.145172,-1.401177,0.535151
9.090909090909092,-0.907679,1.022364,0.50899
9.091909190919091,0.810339,-0.568287,-0.332831
9.092909290929093,-0.922063,1.209206,-0.113345
9.093909390939094,0.833314,-0.920268,0.914399
9.094909490949094,-0.393883,1.079843,0.534388
9.095909590959096,0.03212,0.49358,-0.785339
9.096909690969097,0.264395,-0.675335,-0.433834
9.097909790979099,-0.762763,0.615276,0.869206
9.098909890989098,0.85388,-1.506429,0.366151
9.0999099909991,-0.463426,0.462051,-0.450073
9.100910091009101,1.311442,-0.87108,-0.884791
9.101910191019101,-0.57732,1.20443,0.492115
9.102910291029103,0.111051,-0.042492,-0.026211
9.103910391039104,-0.056844,-0.179537,-0.836416
9.104910491049106,-0.595832,0.597352,-0.55872
9.105910591059105,0.763893,-1.082239,1.12861
9.106910691069107,-1.234268,0.490438,0.338492
9.107910791079108,1.40125,-0.707797,-0.699705
9.108910891089108,-1.184746,0.510565,-0.841397
9.10991099109911,-0.053554,-0.532931,0.062283
9.110911091109111,0.464736,0.83063,0.920801
9.111911191119113,-0.46168,0.272284,-0.497373
9.112911291129112,0.824136,-0.722798,-0.627167
9.113911391139114,-0.897445,1.035341,0.678575
9.114911491149115,1.04854,-1.41812,0.143444
9.115911591159115,-0.683136,1.008139,-0.438155
9.116911691169117,0.462363,-0.854406,-0.756439
9.117911791179118,0.290717,0.509007,0.728023
9.11891189118912,-0.269993,-0.543098,0.941416
9.11991199119912,0.495123,-0.368266,-0.099529
9.12091209120912,-0.49891,0.25633,-1.045253
9.121912191219122,0.772497,-0.692807,0.332524
9.122912291229124,-0.519642,0.962968,0.520852
9.123912391239124,0.418289,-0.604938,-0.627979
9.124912491249125,0.353303,0.69506,-1.289407
9.125912591259127,-0.508961,-0.714648,0.244099
9.126912691269126,1.054931,0.783145,0.865101
9.127912791279128,-1.045638,0.48073,-0.492603
9.12891289128913,1.027083,-0.502161,-1.025479
9.12991299129913,-0.188416,0.576729,0.454041
9.13091309130913,0.685429,-0.731854,1.395486
9.131913191319132,0.034571,0.741473,-0.383731
9.132913291329134,-0.607025,-0.202325,-1.140989
9.133913391339133,0.233917,0.612953,-0.084008
9.134913491349135,-0.729849,0.051799,1.060339
9.135913591359136,1.148085,-0.107632,0.314802
9.136913691369138,-0.821593,0.183984,-1.025663
9.137913791379138,0.994281,-0.341756,-0.10512
9.138913891389139,-0.292938,0.710107,0.969389
9.13991399139914,-0.457775,-1.29277,-0.283009
9.14091409140914,1.040266,1.364497,-0.896508
9.141914191419142,-0.714676,-0.544357,-0.058764
9.142914291429143,0.927538,0.341812,0.851577
9.143914391439145,-0.595717,-0.135327,0.030763
9.144914491449144,0.385104,-0.482239,-1.058142
9.145914591459146,0.168325,1.184958,-0.129621
9.146914691469147,-0.63289,-0.938674,0.844278
9.147914791479147,0.586281,1.229892,-0.35523
9.148914891489149,-0.911907,-0.220981,-0.876248
9.14991499149915,1.169151,0.395787,-0.242216
9.150915091509152,-0.539803,-0.068159,1.106807
9.151915191519151,0.347572,-0.386822,0.391273
9.152915291529153,-0.486558,0.408793,-1.268182
9.153915391539154,-0.222213,-0.863111,-0.05009
9.154915491549154,0.421197,0.339703,0.766884
9.155915591559156,-1.179743,-0.498474,0.496908
9.156915691569157,0.560313,1.189028,-1.046717
9.157915791579159,-0.921497,-0.838352,-0.690965
9.158915891589158,0.557422,0.125113,1.185394
9.15991599159916,0.155888,0.287112,0.594108
9.160916091609161,-0.006353,-0.615534,-0.793854
9.161916191619161,0.6151,0.31776,-0.500308
9.162916291629163,-0.855406,-1.064199,0.55356
9.163916391639164,1.02819,0.731317,0.599342
9.164916491649166,-1.189136,-1.060571,-0.444741
9.165916591659165,0.921719,0.84671,-0.710311
9.166916691669167,0.190088,-0.306709,0.372187
9.167916791679168,-0.069723,-0.100222,1.077051
9.168916891689168,-0.128169,0.327212,-0.460546
9.16991699169917,-1.220831,-0.817625,-0.613343
9.170917091709171,0.915692,0.874468,0.825893
9.171917191719173,-1.127151,-1.218353,0.882482
9.172917291729172,0.701279,0.628949,-0.293863
9.173917391739174,-0.761834,-0.94683,-0.711644
9.174917491749175,-0.017208,-0.120354,0.787249
9.175917591759175,0.394616,-0.119472,1.096825
9.176917691769177,-1.201745,-0.439875,0.087353
9.177917791779178,0.90489,0.430685,-1.017455
9.17891789178918,-1.19956,-1.300071,0.738273
9.17991799179918,0.742611,0.85711,0.709762
9.18091809180918,-0.91961,-0.510298,0.317163
9.181918191819182,0.507953,0.428212,-1.026174
9.182918291829184,0.491234,-0.864209,0.413147
9.183918391839184,-1.486292,-0.214158,0.720045
9.184918491849185,0.712899,0.938437,-0.126019
9.185918591859187,-1.000118,-1.062364,-1.344626
9.186918691869186,0.828587,0.807149,0.244649
9.187918791879188,-0.211553,-0.34806,0.674686
9.18891889188919,0.387629,0.630436,-0.105918
9.18991899189919,0.258357,-0.68246,-1.616109
9.19091909190919,-0.867803,0.399276,0.066401
9.191919191919192,1.058302,0.094688,0.963771
9.192919291929194,-1.11461,-0.779205,-0.327048
9.193919391939193,0.926364,0.888269,-1.185569
9.194919491949195,-0.567508,-0.996077,-0.563098
9.195919591959196,-0.073853,1.262236,0.55468
9.196919691969198,0.155072,-0.748579,0.660157
9.197919791979198,-0.421667,1.076796,-1.260232
9.198919891989199,0.608124,-0.053756,-0.323713
9.1999199919992,-1.162346,0.061872,1.0737
9.2009200920092,1.533844,-0.057334,0.399222
9.201920192019202,-1.019122,-0.6017,-0.477543
9.202920292029203,0.508299,1.241418,-0.357119
9.203920392039205,0.61394,-1.596407,0.440146
9.204920492049204,-0.62248,0.579374,0.236059
9.205920592059206,0.592845,-0.410783,-0.590003
9.206920692069207,-1.110516,0.330676,-0.403173
9.207920792079207,0.983821,-0.10506,1.14109
9.208920892089209,-1.470578,-0.327136,0.034762
9.20992099209921,0.495664,0.616151,-1.134661
9.210921092109212,0.168711,-0.304333,-0.783519
9.211921192119211,-0.336555,0.954298,1.053217
9.212921292129213,0.89801,-0.826543,1.224105
9.213921392139214,-0.321983,0.847728,-1.10779
9.214921492149214,0.606568,-0.228425,-1.036983
9.215921592159216,-0.427006,-0.386817,1.545758
9.216921692169217,-0.044027,0.211828,0.362999
9.217921792179219,-0.086165,-0.948569,-0.049709
9.218921892189218,-0.280086,0.99096,-0.537663
9.21992199219922,0.876162,-0.967246,0.684055
9.220922092209221,-0.98324,0.827917,0.924778
9.221922192219221,0.846544,0.26382,-0.648258
9.222922292229223,-1.055781,0.659069,-1.3639
9.223922392239224,0.74913,-0.152009,1.113045
9.224922492249226,-0.070148,-0.45437,1.384172
9.225922592259225,-0.635654,0.711609,-0.683363
9.226922692269227,0.364739,-1.419065,-0.595746
9.227922792279228,-1.213457,1.374964,0.68699
9.228922892289228,0.975624,-0.815282,0.82791
9.22992299229923,-1.331541,0.694322,-0.264715
9.230923092309231,0.517407,0.276274,-0.657337
9.231923192319233,-0.321448,0.007737,0.138264
9.232923292329232,0.251815,0.407706,1.49945
9.233923392339234,0.446311,-0.260479,-0.843744
9.234923492349235,-1.146976,0.793093,-0.938161
9.235923592359235,0.847293,-0.485629,0.538748
9.236923692369237,-0.745955,1.069386,1.008331
9.237923792379238,0.25017,-0.305394,-0.299753
9.23892389238924,-0.464543,0.112502,-0.675997
9.23992399239924,-0.135733,0.692528,-0.011442
9.24092409240924,0.868486,-0.21327,0.932364
9.241924192419242,-1.017753,0.680416,-0.300119
9.242924292429244,0.830652,-0.94446,-1.113229
9.243924392439244,-0.835949,1.135671,-0.187225
9.244924492449245,0.714529,-0.9045,1.511657
9.245924592459247,-0.689579,1.2797,0.321156
9.246924692469246,0.213382,-0.201651,-0.77187
9.247924792479248,0.237997,-0.271254,-0.382194
9.24892489248925,-0.877563,0.164663,1.27702
9.24992499249925,1.312654,-1.022909,-0.396691
9.25092509250925,-1.111125,0.786849,-1.161424
9.251925192519252,0.683594,-1.147513,-0.562457
9.252925292529254,-0.128187,0.79125,0.652115
9.253925392539253,-0.007224,-0.682572,0.504707
9.254925492549255,-0.522038,-0.322271,-0.976118
9.255925592559256,-0.819811,0.197963,-0.875701
9.256925692569258,1.164604,-0.261546,1.367133
9.257925792579258,-1.380792,0.837319,0.386614
9.258925892589259,0.950801,-0.938437,-0.700746
9.25992599259926,-0.09751,1.130828,-1.205435
9.26092609260926,-0.086514,-0.156147,0.94345
9.261926192619262,0.411345,0.60892,0.559887
9.262926292629263,-0.719023,-0.454395,-0.221153
9.263926392639265,1.141535,-0.079906,-0.883125
9.264926492649264,-0.824309,0.235004,0.917909
9.265926592659266,1.060922,-1.03864,0.415948
9.266926692669267,-0.144896,0.891367,-0.609596
9.267926792679267,0.221627,-0.33495,-1.122467
9.268926892689269,0.419267,0.89107,0.93506
9.26992699269927,-0.581437,-0.390835,0.449516
9.270927092709272,0.630346,0.531715,-0.181884
9.271927192719271,-1.038215,0.085523,-1.422371
9.272927292729273,0.825669,-0.338394,0.587645
9.273927392739274,-0.774878,0.615866,-0.058119
9.274927492749274,0.354464,-0.788987,-0.525747
9.275927592759276,0.181082,0.858389,-1.033783
9.276927692769277,-0.501481,-1.003099,0.831536
9.277927792779279,0.785892,0.677564,0.72468
9.278927892789278,-1.270164,0.167156,0.036364
9.27992799279928,1.051974,-0.30571,-0.54055
9.280928092809281,-0.695193,0.522658,0.376044
9.281928192819281,0.605338,-1.164215,1.423626
9.282928292829283,-0.088542,1.064393,-0.46302
9.283928392839284,-0.787509,-0.8071,-1.295195
9.284928492849286,0.427391,0.886523,0.438876
9.285928592859285,-0.577403,-0.040659,0.367658
9.286928692869287,1.213428,0.344671,0.032481
9.287928792879288,-0.555033,0.549518,-0.604332
9.288928892889288,0.326656,-0.981166,0.222054
9.28992899289929,0.682937,0.691471,0.440367
9.290929092909291,-0.375411,-0.990967,-0.118088
9.291929192919293,0.959377,1.436812,-1.005432
9.292929292929292,-1.182085,-0.910713,0.133677
9.293929392939294,1.20162,0.479126,1.383178
9.294929492949295,-0.417234,-0.708702,0.151392
9.295929592959295,1.135667,-0.461399,-1.239356
9.296929692969297,0.383725,0.36742,0.078541
9.297929792979298,-0.545495,-0.709198,1.288272
9.2989298929893,0.58872,0.982552,0.147676
9.2999299929993,-1.377819,-1.313873,-1.32479
9.3009300930093,0.940913,0.404023,-0.304313
9.301930193019302,-0.944474,-0.359254,1.056437
9.302930293029304,0.668557,0.651412,0.737136
9.303930393039304,-0.693198,0.057658,-0.870863
9.304930493049305,-0.442273,-0.324283,-0.57898
9.305930593059307,0.549939,0.858435,0.978854
9.306930693069306,-0.955015,-1.229015,-0.062058
9.307930793079308,0.779939,1.259148,-1.089334
9.30893089308931,-0.681407,-0.671254,-0.831095
9.30993099309931,0.369104,0.821059,1.214067
9.31093109310931,-0.237749,-0.114969,0.163848
9.311931193119312,-0.316275,-0.879683,-0.791327
9.312931293129314,0.685323,0.415709,-0.770789
9.313931393139313,-0.869687,-0.510706,0.917179
9.314931493149315,0.825274,0.845322,0.07504
9.315931593159316,-1.183749,-1.339468,-1.355853
9.316931693169318,0.617292,0.826509,-0.893619
9.317931793179318,-0.890075,-0.360163,0.664495
9.318931893189319,-0.543987,0.048336,0.530729
9.31993199319932,0.207997,0.294866,-0.540534
9.32093209320932,-0.90378,-0.830944,-0.426175
9.321932193219322,1.174576,0.659,1.468271
9.322932293229323,-0.780937,-0.568933,0.92488
9.323932393239325,1.153279,1.279254,-0.369167
9.324932493249324,-0.465671,-0.569514,-0.405857
9.325932593259326,0.248639,1.067603,0.231585
9.326932693269328,0.154391,-0.119477,0.266737
9.327932793279327,-0.952172,-0.207918,-0.496211
9.328932893289329,1.308232,0.517573,-0.995628
9.32993299329933,-0.878941,-1.106755,0.551937
9.330933093309332,1.089749,0.795362,1.042286
9.331933193319331,-0.306587,-1.018579,-0.030872
9.332933293329333,-0.244967,-0.024909,-0.654603
9.333933393339334,0.408319,-0.425775,0.153152
9.334933493349334,-0.19796,0.333887,0.766501
9.335933593359336,0.66476,0.053231,-0.469098
9.336933693369337,-1.19752,-1.068974,-1.146927
9.337933793379339,0.444996,1.008218,0.464619
9.338933893389338,-0.490932,-1.1112,1.294312
9.33993399339934,0.056177,0.78765,0.422266
9.340934093409341,0.273122,-0.695426,-0.858623
9.341934193419341,-0.853615,0.94578,0.283936
9.342934293429343,0.970261,0.067603,0.904653
9.343934393439344,-1.088966,-0.09275,0.146747
9.344934493449346,0.492196,1.27095,-0.470156
9.345934593459345,-0.646216,-0.878048,-0.314679
9.346934693469347,0.480295,1.309037,1.361202
9.347934793479348,0.066157,-0.890126,0.402407
9.348934893489348,-0.352691,0.63466,-0.924935
9.34993499349935,1.377117,-0.935474,-0.84014
9.350935093509351,-0.958136,0.478002,1.067763
9.351935193519353,1.277145,0.039453,0.382091
9.352935293529352,-0.31953,-0.554816,-0.882038
9.353935393539354,0.451756,0.693451,-0.358864
9.354935493549355,0.19008,-1.109312,1.460613
9.355935593559355,-0.910574,0.515872,0.500938
9.356935693569357,0.911279,-1.131975,-0.904351
9.357935793579358,-0.933983,0.496795,-0.489222
9.35893589358936,0.175567,-0.158388,1.750301
9.35993599359936,-0.460252,-0.653105,0.141029
9.36093609360936,0.628616,0.422542,-1.199327
9.361936193619362,0.535219,-0.735144,-1.366031
9.362936293629364,-1.123575,0.89977,1.416212
9.363936393639364,0.700179,-0.860919,0.825163
9.364936493649365,-1.488028,0.523596,-0.440432
9.365936593659367,0.865967,-0.287967,-1.175173
9.366936693669366,-0.774651,0.239948,0.841409
9.367936793679368,0.116524,0.52293,0.00088
9.36893689368937,-0.931632,-0.913529,-0.765564
9.36993699369937,-0.242105,0.630945,-0.83153
9.37093709370937,0.701228,-1.707196,1.130252
9.371937193719372,-0.594739,0.231954,0.261886
9.372937293729374,1.011702,-0.359343,-0.196802
9.373937393739373,-0.748157,0.437463,-0.267643
9.374937493749375,0.646795,-0.315488,0.705888
9.375937593759376,-0.322346,-0.416204,0.711065
9.376937693769378,-0.577566,0.30464,-0.11481
9.377937793779378,0.613268,-0.99663,-0.344396
9.378937893789379,-0.871027,0.844116,0.69641
9.37993799379938,0.977898,-0.617543,0.510237
9.38093809380938,-1.19166,0.872593,-0.809737
9.381938193819382,0.20402,-0.971053,-0.481801
9.382938293829383,-0.232806,-0.077635,-0.006924
9.383938393839385,-0.124961,0.287632,1.065125
9.384938493849384,0.675844,-1.289414,-0.538232
9.385938593859386,-0.83758,1.129521,-0.678728
9.386938693869388,1.181236,-0.912159,0.32692
9.387938793879387,-1.13716,0.545746,0.854527
9.388938893889389,0.349057,-0.720074,0.102875
9.38993899389939,0.416524,0.108656,-1.001532
9.390939093909392,-0.57883,-0.38923,0.595924
9.391939193919391,0.394082,-0.865231,0.646469
9.392939293929393,-0.934595,0.865114,0.347699
9.393939393939394,0.775161,-0.768095,-1.152537
9.394939493949394,-0.79277,1.098463,0.151054
9.395939593959396,0.867924,-0.820385,1.102906
9.396939693969397,-0.796027,1.007208,0.406044
9.397939793979399,-0.013015,-0.281337,-1.253479
9.398939893989398,0.811663,-0.373657,-0.309543
9.3999399939994,-1.227526,0.343205,1.129813
9.400940094009401,0.83128,-0.657331,0.473553
9.401940194019401,-0.954245,1.215268,-1.277472
9.402940294029403,0.660252,-1.165191,-0.240483
9.403940394039404,-0.486192,0.829443,1.09767
9.404940494049406,-0.060107,-0.875683,-0.175155
9.405940594059405,0.278289,0.691295,-0.762194
9.406940694069407,-0.50257,-0.085158,-0.437832
9.407940794079408,1.024052,-0.550189,0.407569
9.408940894089408,-0.671492,0.580764,0.37004
9.40994099409941,0.352381,-0.811562,-0.339925
9.410941094109411,-0.506377,0.730968,-0.639845
9.411941194119413,-0.007095,-1.196597,0.809002
9.412941294129412,0.133937,0.757903,0.634763
9.413941394139414,-0.964158,-0.575469,-0.975995
9.414941494149415,0.628406,-0.043208,-0.302054
9.415941594159415,-0.95146,0.043113,0.745333
9.416941694169417,0.925318,-1.05305,0.1408
9.417941794179418,-0.986479,1.15132,-0.301142
9.41894189418942,0.293346,-0.587979,-0.617682
9.41994199419942,0.338821,1.67934,0.707043
9.42094209420942,-0.987564,-0.687453,0.873779
9.421942194219422,0.61299,0.808728,-0.52631
9.422942294229424,-0.919045,0.706074,-0.642619
9.423942394239424,1.143529,-0.514734,0.513566
9.424942494249425,-0.554444,0.942218,0.888749
9.425942594259427,0.479156,-1.293457,-0.391879
9.426942694269426,0.497448,1.799971,-1.026565
9.427942794279428,-0.338207,-0.414366,0.885556
9.42894289428943,0.743004,1.053093,1.013791
9.42994299429943,-0.944192,-0.290309,-0.286315
9.43094309430943,1.560792,0.104067,-1.099976
9.431943194319432,-0.480039,0.348925,-0.027614
9.432943294329434,0.39801,-1.113113,0.98015
9.433943394339433,0.299008,1.02409,-0.163566
9.434943494349435,-0.326099,-0.734331,-0.732601
9.435943594359436,1.333258,0.829935,0.417225
9.436943694369438,-0.900239,-0.96893,0.695737
9.437943794379438,0.554438,0.444045,-0.364357
9.438943894389439,-0.788173,-0.074671,-1.22081
9.43994399439944,0.342961,-0.477886,-0.064886
9.44094409440944,-0.177497,0.825646,1.209678
9.441944194419442,-0.423683,-0.441696,0.141245
9.442944294429443,0.590222,0.683912,-0.995411
9.443944394439445,-0.853743,-0.877179,0.080808
9.444944494449445,1.182884,0.821355,0.742002
9.445944594459446,-0.874643,-0.423648,-0.035222
9.446944694469448,0.414505,-0.003492,-1.107761
9.447944794479447,-0.088463,0.56811,0.435766
9.448944894489449,-0.96065,-1.407741,1.177144
9.44994499449945,1.002089,1.149541,0.506369
9.450945094509452,-1.501741,-0.990327,-1.022503
9.451945194519451,0.956927,0.861355,-0.121776
9.452945294529453,-0.932633,-0.481334,0.971449
9.453945394539454,0.298646,0.344251,0.468761
9.454945494549454,-0.654502,-0.057049,-0.825023
9.455945594559456,-0.056089,-0.415389,-0.313015
9.456945694569457,0.316331,0.522481,0.718258
9.457945794579459,-0.738247,-0.690915,0.15985
9.458945894589458,0.556451,0.643916,-0.923515
9.45994599459946,-0.970789,-0.661696,-0.344499
9.460946094609461,0.91999,1.010808,0.973329
9.461946194619461,-0.522618,-0.609663,0.536259
9.462946294629463,0.234715,0.157352,-1.059071
9.463946394639464,0.463751,-0.037792,-0.58698
9.464946494649466,-0.370756,-1.081616,0.755498
9.465946594659465,0.497602,0.632803,0.586967
9.466946694669467,-0.670817,-0.606898,-1.016921
9.467946794679468,0.671929,0.126248,-0.553138
9.468946894689468,-0.74303,-0.287469,0.577758
9.46994699469947,-0.412473,0.684412,0.712741
9.470947094709471,0.235262,0.083239,-0.412888
9.471947194719473,-0.873978,-0.467262,-1.067167
9.472947294729472,0.863368,0.361228,1.586613
9.473947394739474,-1.299902,-0.577568,0.447185
9.474947494749475,1.329972,0.942048,-0.581031
9.475947594759475,-0.286231,-0.777904,-1.193706
9.476947694769477,0.323005,0.973507,1.014755
9.477947794779478,1.131214,-0.824482,1.038678
9.47894789478948,-1.115363,-0.65368,0.02205
9.47994799479948,0.718174,-0.034955,-0.72857
9.48094809480948,-1.079366,-0.994098,0.526851
9.481948194819482,0.763021,0.982989,0.592889
9.482948294829484,-0.056302,-1.30078,-0.323738
9.483948394839484,0.120296,0.816429,-0.585334
9.484948494849485,0.454142,-0.302652,0.571315
9.485948594859487,-0.810818,0.363516,0.977919
9.486948694869486,1.21773,0.144434,-0.380741
9.487948794879488,-0.641496,-1.175045,-0.408509
9.48894889488949,0.850775,1.041857,-0.297992
9.48994899489949,-0.231211,-0.418039,0.771694
9.49094909490949,0.533758,1.0744,-0.138838
9.491949194919492,-0.009572,-1.063247,-0.677875
9.492949294929494,-0.884172,0.891064,0.250112
9.493949394939493,1.273059,-0.433316,0.785221
9.494949494949495,-0.394678,-0.026096,0.194644
9.495949594959496,0.417123,0.457406,-1.226704
9.496949694969498,-0.595181,-1.010029,0.318576
9.497949794979498,0.644345,1.180124,1.274539
9.498949894989499,0.484461,-1.369551,0.256725
9.4999499949995,-0.447436,1.383,-0.74327
9.5009500950095,1.036148,-1.028744,-0.06668
9.501950195019502,-0.844032,0.346717,0.794744
9.502950295029503,1.415902,0.448873,0.170686
9.503950395039505,-0.555864,-0.719143,-0.685365
9.504950495049505,0.952333,0.999722,-0.751917
9.505950595059506,0.462332,-1.356051,0.738685
9.506950695069508,-0.304832,0.778428,0.080409
9.507950795079507,1.032715,-0.885137,-0.665866
9.508950895089509,-1.218471,0.665887,-0.383252
9.50995099509951,1.391828,0.183214,0.781071
9.510951095109512,-0.298645,-0.131578,0.617947
9.511951195119511,0.51442,-0.078999,-1.188596
9.512951295129513,-0.458185,-1.094365,-0.196626
9.513951395139514,-0.267913,1.048482,0.708574
9.514951495149514,0.602662,-1.597024,0.260696
9.515951595159516,-0.527621,0.63131,-0.469516
9.516951695169517,0.740426,-0.30102,-0.628849
9.517951795179519,-0.594288,0.78868,0.648998
9.518951895189518,0.773425,-0.029035,0.746377
9.51995199519952,-0.027789,-0.422602,-1.07657
9.520952095209521,-0.593342,1.213321,-0.488621
9.521952195219521,0.345486,-0.419727,0.885232
9.522952295229523,-1.172789,0.95012,0.335389
9.523952395239524,0.967757,-0.480842,-0.992474
9.524952495249526,-0.308415,1.333803,-0.549369
9.525952595259525,0.518763,0.02428,1.299325
9.526952695269527,0.393681,-0.171987,0.486252
9.527952795279528,0.000391,0.498689,-0.528564
9.528952895289528,0.359578,-0.837985,-0.678979
9.52995299529953,-1.282412,0.45811,0.623379
9.530953095309531,1.220619,-0.65307,0.616512
9.531953195319533,-1.061253,1.078085,-0.790167
9.532953295329532,0.112703,-0.637288,-1.212986
9.533953395339534,0.223771,0.479409,0.279124
9.534953495349535,-0.597965,0.307388,0.990851
9.535953595359535,0.909653,-0.790232,-0.439265
9.536953695369537,-1.165458,0.233238,-0.947019
9.537953795379538,0.755084,-0.767282,0.59906
9.53895389538954,-0.615932,0.44879,0.755972
9.53995399539954,0.549133,-1.192788,0.113147
9.54095409540954,-0.887727,0.858902,-1.14347
9.541954195419542,-0.061245,0.053526,0.08278
9.542954295429544,0.148436,0.021374,1.077094
9.543954395439544,-0.803864,0.315977,-0.074256
9.544954495449545,0.652784,-0.919146,-0.988437
9.545954595459547,-1.234409,0.822653,0.215519
9.546954695469546,0.997161,-0.854001,0.26058
9.547954795479548,-0.001442,0.747285,0.157087
9.54895489548955,0.063057,-0.389956,-0.77976
9.54995499549955,0.353809,0.336749,-0.215266
9.55095509550955,-1.033059,0.224658,1.49202
9.551955195519552,1.027303,-0.321262,0.08599
9.552955295529554,-0.86429,0.764748,-0.752979
9.553955395539553,0.071791,-1.1697,-0.184827
9.554955495549555,0.461779,0.91002,1.079457
9.555955595559556,-0.565611,-0.787471,-0.069482
9.556955695569558,-0.213123,0.652921,-0.910757
9.557955795579558,-0.787172,0.284138,-0.238352
9.558955895589559,1.231335,0.575139,0.870083
9.55995599559956,-1.18297,0.393312,0.840183
9.56095609560956,1.373304,-0.897506,-0.813775
9.561956195619562,-0.466257,0.654892,-0.04452
9.562956295629563,0.589872,-1.226508,1.269535
9.563956395639565,0.22153,1.321042,0.360669
9.564956495649565,-0.746046,-0.847381,-0.350203
9.565956595659566,0.317297,0.798463,-0.843958
9.566956695669568,-0.912422,0.354322,0.932841
9.567956795679567,0.368997,-0.785529,0.30666
9.568956895689569,-0.757041,0.886493,-1.208189
9.56995699569957,0.246028,-0.85053,-0.466506
9.570957095709572,0.762504,0.743843,0.661195
9.571957195719571,-0.77827,-0.20003,0.493143
9.572957295729573,1.146168,-0.049395,-0.988291
9.573957395739574,-1.225717,0.172786,-0.58733
9.574957495749574,0.582782,-0.101921,0.881695
9.575957595759576,-0.747133,0.389176,0.344404
9.576957695769577,0.477492,-1.070711,-0.147475
9.577957795779579,0.192655,1.107649,-0.914195
9.578957895789578,-0.348699,-0.953313,0.630331
9.57995799579958,0.934686,1.385035,0.884338
9.580958095809581,-1.027341,0.106161,-0.642489
9.581958195819581,0.936138,0.431747,-0.947308
9.582958295829583,-1.003824,0.25904,1.018956
9.583958395839584,0.606044,-0.836488,0.470093
9.584958495849586,0.612608,0.904584,-0.374091
9.585958595859585,-0.374962,-0.945198,-0.374132
9.586958695869587,0.844812,1.12416,0.005301
9.587958795879588,-1.408884,-0.756876,0.820379
9.588958895889588,1.149776,1.01258,-0.707402
9.58995899589959,-0.486333,-0.296027,-1.110396
9.590959095909591,0.090448,-0.648309,0.408101
9.591959195919593,-0.267554,0.589428,1.355435
9.592959295929592,-0.567162,-0.826577,0.044018
9.593959395939594,0.011274,1.085278,-1.319621
9.594959495949595,-1.061197,-0.978144,0.201965
9.595959595959595,0.957347,0.51638,0.769159
9.596959695969597,0.022219,-0.659389,0.123896
9.597959795979598,0.886025,0.425992,-0.832625
9.5989598959896,-0.338796,0.442612,0.051725
9.5999599959996,-0.47947,-0.682484,1.551557
9.6009600960096,0.828582,0.394697,0.532211
9.601960196019602,-0.992039,-1.456985,-1.257756
9.602960296029604,1.91779,0.855904,-0.133235
9.603960396039604,-0.263263,-0.892603,0.946906
9.604960496049605,0.719793,0.839637,-0.010081
9.605960596059607,-0.473423,-0.476362,-1.273976
9.606960696069606,-0.079841,-0.837741,0.177555
9.607960796079608,0.252151,0.763001,1.209503
9.60896089608961,-0.77568,-1.240391,0.290895
9.60996099609961,0.276842,0.875378,-1.417572
9.61096109610961,-1.035936,-0.443675,0.35457
9.611961196119612,0.746497,0.751701,1.05571
9.612961296129614,-0.531806,-0.8336,0.184023
9.613961396139613,-0.015763,0.282423,-0.953438
9.614961496149615,0.663444,-0.326904,-0.453694
9.615961596159616,-0.998385,-0.901902,0.869027
9.616961696169618,0.684482,0.364927,0.391505
9.617961796179618,-0.675077,-1.572529,-0.780857
9.618961896189619,0.346388,1.35405,-0.887777
9.61996199619962,-0.522571,-0.548447,1.450576
9.62096209620962,0.361148,0.660458,0.833166
9.621962196219622,0.20174,-0.204993,-0.430097
9.622962296229623,-0.856137,-0.676947,-0.436327
9.623962396239625,1.133664,0.73881,0.574527
9.624962496249625,-0.405484,-1.681437,0.786536
9.625962596259626,0.779931,0.571379,-0.62619
9.626962696269628,-0.403507,-0.96274,-0.678912
9.627962796279627,-0.021663,1.197123,1.188055
9.628962896289629,0.382561,-0.628738,0.398064
9.62996299629963,-0.753164,0.005501,-0.549901
9.630963096309632,0.874937,0.16038,-1.406412
9.631963196319631,-0.874961,-0.361292,0.489658
9.632963296329633,1.143775,0.843931,0.85151
9.633963396339634,-0.730228,-0.980116,0.361519
9.634963496349634,0.393145,1.074861,-0.334681
9.635963596359636,0.209103,-0.913553,0.318086
9.636963696369637,-0.452937,0.601166,1.017639
9.637963796379639,0.532994,-0.075837,-0.725869
9.638963896389638,-0.966253,-0.465178,-0.907973
9.63996399639964,0.508162,0.756083,0.599508
9.640964096409641,-0.335565,-0.877118,1.136736
9.641964196419641,0.109196,0.638585,-0.714799
9.642964296429643,0.454595,-0.745628,-1.560636
9.643964396439644,-0.536496,1.22009,1.009131
9.644964496449646,0.818479,-0.360215,1.281052
9.645964596459645,-1.481224,0.410328,-0.576226
9.646964696469647,0.65234,0.210134,-1.061182
9.647964796479648,-0.504464,-0.200123,0.216204
9.648964896489648,0.042131,0.816965,0.890699
9.64996499649965,0.393805,-0.576409,-0.134834
9.650965096509651,0.146705,1.761493,-0.378523
9.651965196519653,0.754188,-0.502781,0.318787
9.652965296529652,-1.090492,0.604938,1.243276
9.653965396539654,1.038292,0.343487,-0.005421
9.654965496549655,-0.109635,-0.597886,-1.000902
9.655965596559655,0.180897,0.58163,-0.32049
9.656965696569657,0.316015,-0.962769,0.689636
9.657965796579658,-0.955265,0.441307,0.17107
9.65896589658966,0.977821,-0.576767,-0.956723
9.65996599659966,-1.009059,0.90415,-0.725356
9.66096609660966,1.189421,-0.641252,0.534493
9.661966196619662,-0.722637,-0.074256,0.378438
9.662966296629664,0.293534,-0.2045,-0.926752
9.663966396639664,-0.223485,-1.053175,-0.057753
9.664966496649665,-0.524832,0.496961,1.284685
9.665966596659667,0.484976,-1.142016,0.606706
9.666966696669666,-0.92718,1.57372,-1.068865
9.667966796679668,1.123807,-0.793734,-0.51182
9.66896689668967,-0.753221,0.833539,1.198482
9.66996699669967,0.638102,-0.632826,0.077847
9.67096709670967,-0.324454,-0.561805,-0.450277
9.671967196719672,-0.643412,0.48987,-0.271828
9.672967296729674,1.195468,-0.770231,1.055433
9.673967396739673,-1.03086,0.975274,0.140679
9.674967496749675,0.7769,-0.941125,-1.070518
9.675967596759676,-0.495061,0.562325,-1.101514
9.676967696769678,0.231664,-0.204817,0.774188
9.677967796779678,-0.06178,0.494124,0.799451
9.678967896789679,-0.036144,0.303098,-0.150794
9.67996799679968,0.545856,-0.945635,-1.073917
9.68096809680968,-1.23555,1.222339,1.141442
9.681968196819682,1.291116,-0.43406,0.558383
9.682968296829683,-0.64949,0.417235,-0.591808
9.683968396839685,1.473375,-0.278108,-0.936542
9.684968496849685,-0.078108,0.434782,0.910839
9.685968596859686,-0.692656,0.049342,1.362271
9.686968696869688,0.599553,-0.380792,-0.159811
9.687968796879687,-0.612986,0.298196,-0.876007
9.688968896889689,0.356488,-0.712266,0.203302
9.68996899689969,-0.479142,1.041245,1.106219
9.690969096909692,1.142654,-0.983934,-0.352281
9.691969196919691,-0.407519,0.920398,-0.392784
9.692969296929693,-0.019098,-0.154766,-0.218665
9.693969396939695,0.079529,-0.266339,0.41578
9.694969496949694,-1.068753,0.181089,-1.029279
9.695969596959696,1.787956,-0.535259,-0.906404
9.696969696969697,-0.810742,0.672623,0.541174
9.697969796979699,0.442201,-1.125281,0.953678
9.698969896989698,0.070824,1.2451,-0.009395
9.6999699969997,-0.268192,-0.785414,-0.818276
9.700970097009701,0.257215,0.687523,0.137784
9.701970197019701,-1.106082,-0.186249,0.541099
9.702970297029703,1.17504,-0.517762,-0.259596
9.703970397039704,-1.01427,0.28576,-0.65675
9.704970497049706,0.829009,-1.14984,-0.301311
9.705970597059705,-0.532583,1.262383,1.214802
9.706970697069707,0.335612,-0.820834,-0.253509
9.707970797079708,0.754294,1.155958,-0.835937
9.708970897089708,-0.812606,-0.193817,0.221781
9.70997099709971,1.364307,-0.132196,0.545264
9.710971097109711,-0.841248,0.605332,0.703248
9.711971197119713,1.060126,-0.743954,-1.10583
9.712971297129712,-0.719048,1.083551,-0.345767
9.713971397139714,-0.0328,-1.310481,1.177389
9.714971497149715,0.075261,1.074542,0.318256
9.715971597159715,-0.765164,-0.845188,-1.072705
9.716971697169717,1.383166,0.174042,-0.568747
9.717971797179718,-0.761117,-0.199759,1.074436
9.71897189718972,0.578721,-0.626779,0.435699
9.71997199719972,-0.570714,0.777778,-1.211029
9.72097209720972,0.971275,-0.746205,-0.507842
9.721972197219722,0.27614,1.324026,0.907391
9.722972297229724,-0.865981,-0.737578,0.668833
9.723972397239724,1.124251,1.07171,-0.912692
9.724972497249725,-1.028515,-0.771088,-0.78732
9.725972597259727,0.877714,-0.3688,1.12828
9.726972697269726,-0.526683,0.403295,0.60365
9.727972797279728,0.755052,-1.153116,-0.796289
9.72897289728973,-0.13558,1.138765,-1.028656
9.72997299729973,-0.658452,-0.708241,1.046708
9.73097309730973,0.804245,1.324114,0.789802
9.731973197319732,-1.054988,-0.345876,-0.613506
9.732973297329734,0.845815,0.641772,-0.896312
9.733973397339733,-0.391781,0.118565,1.041751
9.734973497349735,0.501344,-0.264068,0.8722
9.735973597359736,0.377957,0.480977,-0.4884
9.736973697369738,-0.404665,-0.648368,-0.48101
9.737973797379738,0.763379,0.636081,0.18339
9.738973897389739,-1.050554,-0.360358,0.3461
9.73997399739974,0.562525,0.487545,-0.819605
9.74097409740974,-0.557944,-0.14797,-1.032054
9.741974197419742,0.814211,0.32843,0.64171
9.742974297429743,-0.32508,-0.154952,0.413921
9.743974397439745,-0.2287,-0.296276,-0.463973
9.744974497449745,0.652939,0.320533,-1.204229
9.745974597459746,-0.625031,-1.047589,-0.092219
9.746974697469748,0.779731,0.818897,1.453831
9.747974797479747,-0.886986,-0.657662,-0.376374
9.748974897489749,0.535589,0.654465,-0.494606
9.74997499749975,-0.004086,-0.278728,0.135166
9.750975097509752,-0.415559,-0.409549,1.04328
9.751975197519752,0.454248,0.702131,0.045128
9.752975297529753,-1.55686,-1.24233,-1.017476
9.753975397539755,0.1984,1.111296,0.237484
9.754975497549754,-0.546919,-0.875037,0.874349
9.755975597559756,0.377485,0.96224,-0.004633
9.756975697569757,-0.526714,-0.167874,-0.843574
9.757975797579759,0.170962,-0.156083,0.319971
9.758975897589758,0.708329,0.683659,0.938725
9.75997599759976,-1.031419,-1.206834,0.703175
9.760976097609761,1.110826,1.118181,-1.373568
9.761976197619761,-0.651953,-1.566186,-0.504305
9.762976297629763,0.571445,0.809066,1.199302
9.763976397639764,-0.46793,-0.775423,0.61277
9.764976497649766,-0.196588,0.577787,-1.01119
9.765976597659765,1.138081,0.012625,-0.054834
9.766976697669767,-0.953648,-0.866019,0.618778
9.767976797679768,1.438778,1.116719,0.209418
9.768976897689768,-0.627953,-0.824066,-1.124392
9.76997699769977,0.600139,0.966137,-0.855404
9.770977097709771,-0.388678,-0.657034,0.502049
9.771977197719773,-0.385652,0.545349,0.548532
9.772977297729772,-0.387456,-0.841784,-1.064395
9.773977397739774,-1.010978,0.27226,-0.764214
9.774977497749775,1.474884,0.147014,1.221366
9.775977597759775,-0.952636,-0.976349,0.100745
9.776977697769777,0.730911,1.036669,-0.675292
9.777977797779778,-0.252555,-1.199979,-0.854831
9.77897789778978,0.10175,1.12236,0.871372
9.77997799779978,0.228045,-0.846143,0.502497
9.780978097809781,-0.80418,0.209276,-0.246117
9.781978197819782,0.944179,-0.116715,-1.011556
9.782978297829784,-1.072776,-0.5337,0.937665
9.783978397839784,0.581094,0.333766,0.874982
9.784978497849785,-0.499725,-0.962804,-0.480425
9.785978597859787,0.325346,0.510187,-0.809586
9.786978697869786,1.066423,-1.058239,0.388634
9.787978797879788,-1.156238,0.954314,1.308055
9.78897889788979,0.910565,0.043958,0.226797
9.78997899789979,-0.673004,0.334234,-0.816185
9.79097909790979,0.651584,0.564592,0.678655
9.791979197919792,-0.818855,-0.942335,0.892096
9.792979297929794,0.411367,1.333063,-0.436759
9.793979397939793,-0.167851,-1.05492,-0.373855
9.794979497949795,-1.000543,1.327469,0.881947
9.795979597959796,1.033905,-0.908071,1.339011
9.796979697969798,-0.622647,0.74871,-0.927226
9.797979797979798,0.752902,0.055597,-1.13693
9.798979897989799,-0.216629,-1.153798,0.116646
9.7999799979998,0.167534,0.349355,0.802268
9.8009800980098,0.062632,-1.228621,-0.059642
9.801980198019802,-1.023506,0.66983,-1.026681
9.802980298029803,0.536367,-0.838221,-0.100554
9.803980398039805,-2.08879,0.907137,1.065962
9.804980498049805,0.823234,-0.49963,-0.184154
9.805980598059806,-0.376344,-0.23111,-1.207307
9.806980698069808,-0.208021,0.213713,0.143593
9.807980798079807,0.116805,-0.903898,0.746031
9.808980898089809,-1.637436,1.101197,-0.236414
9.80998099809981,0.409901,-0.4517,-1.347391
9.810981098109812,-1.199512,0.833321,-0.371116
9.811981198119812,0.711769,-0.67302,1.508114
9.812981298129813,0.014225,0.381446,0.061017
9.813981398139815,0.231467,0.506753,-1.213546
9.814981498149814,-0.042406,0.130296,-0.228068
9.815981598159816,-0.648225,1.19038,0.420466
9.816981698169817,0.967231,-1.018618,-0.165904
9.817981798179819,-0.721603,0.753701,-1.185004
9.818981898189818,1.491086,-0.497927,-0.430055
9.81998199819982,-0.52226,0.809967,0.399386
9.820982098209821,-0.010452,0.137061,0.75515
9.821982198219821,-0.318624,-0.112902,-0.463251
9.822982298229823,-0.47158,0.732455,-1.089937
9.823982398239824,0.687532,-1.134985,1.563411
9.824982498249826,-0.880622,0.814867,0.558366
9.825982598259825,1.037568,-0.768846,-0.319872
9.826982698269827,-0.627806,1.017982,-0.683762
9.827982798279828,1.311785,-0.416808,1.079784
9.828982898289828,-0.021107,0.335163,1.228357
9.82998299829983,-0.81822,0.12592,-0.591789
9.830983098309831,0.501084,-0.319651,-0.885939
9.831983198319833,-1.18202,0.586087,0.595798
9.832983298329832,0.573404,-1.031422,0.258893
9.833983398339834,-0.366276,0.672605,-0.758004
9.834983498349835,1.384662,-0.962205,-0.538884
9.835983598359835,0.031403,1.309088,0.627484
9.836983698369837,0.078074,-0.35411,1.280641
9.837983798379838,0.945549,-0.302296,-0.694381
9.83898389838984,-1.225538,0.43319,-0.371623
9.83998399839984,0.625127,-0.765114,0.804512
9.840984098409841,-0.8142,0.806694,0.886962
9.841984198419842,1.096195,-1.045323,-0.585351
9.842984298429844,-0.00593,1.072542,-1.017725
9.843984398439844,-0.279138,-0.171301,1.049177
9.844984498449845,0.326296,0.402637,0.859019
9.845984598459847,-0.949108,-0.040382,0.069129
9.846984698469846,1.312008,-0.553413,-0.609329
9.847984798479848,-0.332662,0.451444,0.425146
9.84898489848985,0.889691,-1.177846,0.975692
9.84998499849985,-0.415334,0.908793,0.110036
9.85098509850985,-0.063485,-0.779074,-0.621655
9.851985198519852,0.182567,0.582105,0.673953
9.852985298529854,-0.650754,0.03637,0.893331
9.853985398539853,1.119794,0.077433,0.385595
9.854985498549855,-0.324865,0.712199,-0.686402
9.855985598559856,1.138447,-1.34614,-0.217022
9.856985698569858,-0.179186,0.884795,1.410726
9.857985798579858,-0.229148,-0.259195,-0.160034
9.858985898589859,0.458452,1.276856,-1.433767
9.85998599859986,-0.832969,-0.358737,0.113881
9.86098609860986,0.700184,0.928086,1.052913
9.861986198619862,-1.147394,-0.089592,-0.287381
9.862986298629863,0.642296,-0.066886,-0.974459
9.863986398639865,-0.123836,0.518605,-0.136998
9.864986498649865,0.477349,-1.396976,1.234143
9.865986598659866,0.351854,1.51269,0.573929
9.866986698669868,-1.273748,-1.226277,-1.019798
9.867986798679867,0.673402,0.880086,-0.229452
9.868986898689869,-0.459295,-0.332691,0.942304
9.86998699869987,0.689751,-0.35165,0.474469
9.870987098709872,-0.336088,0.261684,-0.878268
9.871987198719872,0.20154,-0.733983,-0.375139
9.872987298729873,0.393422,1.21292,0.551077
9.873987398739875,-1.362195,-0.906004,0.519856
9.874987498749874,0.955932,0.932382,-0.620236
9.875987598759876,-1.262682,-0.264805,-0.586345
9.876987698769877,1.436564,0.122369,0.718537
9.877987798779879,-0.521535,0.289269,0.288121
9.878987898789878,0.180546,-0.277713,-1.323604
9.87998799879988,0.230214,0.643856,-0.969707
9.880988098809881,-0.91216,-1.424212,1.365011
9.881988198819881,1.277382,0.657656,0.843193
9.882988298829883,-0.291398,-1.118262,-0.412228
9.883988398839884,1.02547,0.228289,-0.977793
9.884988498849886,-0.770442,0.138356,0.937722
9.885988598859885,0.178619,-0.022099,0.511352
9.886988698869887,-0.281287,0.587134,-0.622923
9.887988798879888,-0.848491,-0.861707,-0.757831
9.888988898889888,0.542449,0.807882,0.791992
9.88998899889989,-0.764472,-1.232663,0.906186
9.890989098909891,0.922411,1.267776,-0.544893
9.891989198919893,-0.89788,-0.75596,-0.808776
9.892989298929892,-0.023174,0.568795,0.616349
9.893989398939894,-0.166809,0.19401,1.041788
9.894989498949895,-0.83017,-0.709761,-0.445714
9.895989598959895,0.885775,0.214508,-1.435192
9.896989698969897,-1.061982,-0.736804,0.097504
9.897989798979898,1.85276,0.738234,0.532162
9.8989898989899,-0.641553,-0.796717,0.135906
9.8999899989999,0.274269,0.809964,0.027313
9.900990099009901,-0.610127,0.140162,0.101818
9.901990199019902,-0.815744,-0.209875,1.096209
9.902990299029904,1.150724,0.059078,0.376504
9.903990399039904,-0.909766,-0.882086,-1.148879
9.904990499049905,0.605205,1.239122,0.444234
9.905990599059907,-0.860215,-1.044633,0.861336
9.906990699069906,0.700473,0.61875,-0.460171
9.907990799079908,-0.469268,-0.325344,-0.782736
9.90899089908991,-0.395542,0.969268,0.004411
9.90999099909991,0.254106,0.200345,0.976364
9.91099109910991,-0.324755,-0.875245,-0.079493
9.911991199119912,1.679967,1.430303,-0.663608
9.912991299129914,-1.183767,-1.106416,0.503698
9.913991399139913,0.914744,0.833806,1.153847
9.914991499149915,-0.462363,-0.601909,0.387705
9.915991599159916,-0.366197,1.143809,-0.726056
9.916991699169918,0.691425,-0.518056,-0.008997
9.917991799179918,-0.477584,-0.015138,1.054647
9.918991899189919,0.432313,0.763445,0.159948
9.91999199919992,-0.357536,-0.773264,-1.24917
9.92099209920992,0.638415,0.660934,0.186254
9.921992199219922,-0.442275,-0.487785,0.772881
9.922992299229923,-0.502476,0.546967,0.169907
9.923992399239925,0.235767,-0.222546,-0.775827
9.924992499249925,-0.580736,0.235032,0.025385
9.925992599259926,1.05671,0.411826,0.85105
9.926992699269928,-0.9635,-0.537109,0.458027
9.927992799279927,0.488449,0.566711,-0.722656
9.928992899289929,-0.334067,-1.316831,-0.338296
9.92999299929993,0.242944,1.329075,0.965858
9.930993099309932,0.234466,-0.960439,0.714293
9.931993199319932,-1.077886,0.043399,-1.163415
9.932993299329933,0.713099,-0.093645,-1.203831
9.933993399339935,-0.478087,-0.32334,0.683114
9.934993499349934,0.783811,0.464751,0.364126
9.935993599359936,0.046872,-0.696795,-0.924661
9.936993699369937,-0.153917,1.144166,-1.429389
9.937993799379939,0.314472,-0.676569,1.171739
9.938993899389938,-0.899218,1.295739,0.283684
9.93999399939994,1.057258,-0.043178,-0.165682
9.940994099409941,-0.875976,0.060253,-1.047554
9.941994199419941,1.131864,0.595469,0.432054
9.942994299429943,0.110143,-1.187672,0.770112
9.943994399439944,0.05601,0.240704,-0.946207
9.944994499449946,0.405769,-1.069821,-1.272873
9.945994599459945,-0.627582,0.772795,1.079431
9.946994699469947,0.828625,-0.813306,0.837406
9.947994799479948,-1.295932,0.42711,-0.414551
9.948994899489948,0.979515,-0.282407,-0.841627
9.94999499949995,-0.70649,-0.113023,1.327544
9.950995099509951,0.508721,0.135983,1.064973
9.951995199519953,-0.206712,-0.677506,0.145503
9.952995299529952,-1.471248,0.853012,-0.676017
9.953995399539954,1.74839,-0.510303,0.196132
9.954995499549955,-0.346682,1.704374,0.897398
9.955995599559955,1.461821,-0.865917,0.10149
9.956995699569957,-1.093826,-0.378098,-0.711478
9.957995799579958,1.040001,-0.081687,0.184539
9.95899589958996,0.407485,-1.080898,1.151228
9.95999599959996,-1.067734,0.527581,0.119914
9.960996099609961,1.036319,-0.998796,-0.953803
9.961996199619962,-1.150358,0.840195,0.223647
9.962996299629964,0.616363,-1.144638,0.88796
9.963996399639964,-0.712462,1.064553,0.118766
9.964996499649965,1.000872,-0.441511,-1.154594
9.965996599659967,-0.160638,-0.147416,-0.327505
9.966996699669966,-0.480311,0.793334,1.001714
9.967996799679968,0.244285,-0.643236,0.247706
9.96899689968997,-1.139414,0.821352,-0.970132
9.96999699969997,0.999745,-1.18161,-0.256974
9.97099709970997,-0.417617,0.871591,0.723411
9.971997199719972,0.523706,-0.139525,0.304255
9.972997299729974,0.190094,0.442134,-1.176583
9.973997399739973,-0.358713,-0.49607,-0.419932
9.974997499749975,1.111467,-0.565337,0.496886
9.975997599759976,-0.802799,0.892285,0.501963
9.976997699769978,0.980413,-1.498935,-0.754569
9.977997799779978,-0.815969,0.930209,-0.40949
9.978997899789979,0.458838,-0.384958,1.357616
9.97999799979998,-0.509224,0.710775,0.484243
9.98099809980998,-0.547414,-0.534275,-0.80745
9.981998199819982,1.024149,-0.013544,-0.455903
9.982998299829983,-1.212374,0.304602,0.775825
9.983998399839985,1.130872,-0.807493,0.485706
9.984998499849985,-1.028343,1.126123,-0.586295
9.985998599859986,0.490309,-1.029744,-0.718034
9.986998699869988,0.035002,1.035733,0.526184
9.987998799879987,-0.564247,-0.553343,0.223244
9.988998899889989,0.378688,0.220035,-0.788628
9.98999899989999,-1.368775,0.365575,-0.83512
9.990999099909992,0.944735,-0.04027,0.472621
9.991999199919992,-0.972842,1.422453,1.085599
9.992999299929993,0.634215,-0.971436,-0.492396
9.993999399939995,-0.116511,0.880103,-0.687128
9.994999499949994,0.045405,-1.102868,0.66368
9.995999599959996,0.454993,0.485976,0.610754
9.996999699969997,-1.317829,0.367229,-0.382133
9.997999799979999,1.162442,-0.381622,-0.747949
9.998999899989998,-0.292532,0.577692,-0.159306
10.0,0.60794,-0.505911,0.90923
