Time (s),Group_1 (g)
0.0,0.075431
0.001000100010001,0.984282
0.002000200020002,-0.894437
0.003000300030003,-0.797898
0.004000400040004,1.219589
0.005000500050005001,0.416042
0.006000600060006,-0.367831
0.0070007000700070005,1.266626
0.008000800080008,0.319751
0.009000900090009001,-0.869966
0.010001000100010001,1.194744
0.011001100110011002,-0.037807
0.012001200120012,-1.18024
0.013001300130013,0.533159
0.014001400140014001,0.152199
0.015001500150015001,-1.076843
0.016001600160016,0.131859
0.017001700170017002,0.875886
0.018001800180018002,-0.305651
0.019001900190019003,0.370192
0.020002000200020003,0.837908
0.021002100210021003,-0.186523
0.022002200220022004,-0.576044
0.023002300230023004,1.233805
0.024002400240024,-0.491144
0.025002500250025,-1.160349
0.026002600260026,1.412061
0.027002700270027002,-0.376621
0.028002800280028002,-1.061481
0.029002900290029002,0.705453
0.030003000300030003,0.430923
0.031003100310031003,-1.604746
0.032003200320032,0.274149
0.033003300330033,0.303216
0.034003400340034004,-0.994666
0.035003500350035,-0.167611
0.036003600360036005,1.001477
0.037003700370037,-0.928762
0.038003800380038005,-0.204949
0.039003900390039,1.0673
0.040004000400040006,-0.316186
0.041004100410041,-0.591589
0.04200420042004201,0.85514
0.043004300430043,-0.653363
0.04400440044004401,-0.660885
0.045004500450045004,1.088042
0.04600460046004601,-0.34186
0.047004700470047005,-1.477167
0.048004800480048,1.272484
0.049004900490049005,0.079944
0.05000500050005,-1.476002
0.051005100510051006,0.50397
0.052005200520052,0.921169
0.05300530053005301,-0.981695
0.054005400540054004,0.319308
0.05500550055005501,0.810588
0.056005600560056004,-0.855606
0.05700570057005701,0.236907
0.058005800580058005,1.074314
0.05900590059005901,-0.179335
0.060006000600060005,-0.897617
0.06100610061006101,1.19033
0.062006200620062006,-0.301992
0.063006300630063,-0.720918
0.064006400640064,0.907646
0.06500650065006501,-0.129316
0.066006600660066,-1.100679
0.067006700670067,0.780756
0.06800680068006801,0.703372
0.06900690069006901,-1.143893
0.07000700070007,0.53375
0.071007100710071,0.280768
0.07200720072007201,-0.885404
0.07300730073007301,-0.334924
0.074007400740074,0.892133
0.075007500750075,-1.184413
0.07600760076007601,-0.005701
0.07700770077007701,0.614135
0.078007800780078,-0.701279
0.07900790079007901,-0.655605
0.08000800080008001,1.150606
0.081008100810081,-0.121653
0.082008200820082,-0.714087
0.08300830083008301,1.363694
0.08400840084008401,0.235558
0.085008500850085,-0.936828
0.086008600860086,0.422351
0.08700870087008701,0.20005
0.08800880088008801,-0.915328
0.089008900890089,0.539679
0.09000900090009001,0.511255
0.09100910091009101,-0.568549
0.09200920092009202,0.976318
0.093009300930093,0.517046
0.09400940094009401,-0.621585
0.09500950095009501,-0.842434
0.096009600960096,0.88906
0.09700970097009701,-0.257982
0.09800980098009801,-0.831061
0.09900990099009901,0.883601
0.1000100010001,-0.726077
0.10101010101010101,-0.478637
0.10201020102010201,0.93789
0.10301030103010302,0.281608
0.104010401040104,-0.909403
0.10501050105010501,0.923999
0.10601060106010601,0.184339
0.10701070107010702,-1.308704
0.10801080108010801,0.219995
0.10901090109010901,0.633712
0.11001100110011001,-0.859842
0.11101110111011102,-0.106594
0.11201120112011201,0.742804
0.11301130113011301,-0.588539
0.11401140114011402,-0.184404
0.115011501150115,0.841748
0.11601160116011601,0.05442
0.11701170117011701,-0.888663
0.11801180118011802,1.21002
0.11901190119011901,-0.1807
0.12001200120012001,-0.438112
0.12101210121012101,0.650011
0.12201220122012202,0.387319
0.12301230123012301,-0.38941
0.12401240124012401,0.683858
0.125012501250125,0.074159
0.126012601260126,-0.968879
0.127012701270127,0.502512
0.128012801280128,0.728509
0.12901290129012902,-0.643094
0.13001300130013002,0.001815
0.13101310131013102,1.451453
0.132013201320132,-0.734536
0.133013301330133,-0.491699
0.134013401340134,0.958711
0.135013501350135,-0.21537
0.13601360136013602,-0.530393
0.13701370137013702,0.751943
0.13801380138013802,0.196424
0.13901390139013903,-0.834357
0.14001400140014,1.022569
0.141014101410141,0.209741
0.142014201420142,-1.012045
0.14301430143014301,0.937561
0.14401440144014402,0.531036
0.14501450145014502,-0.541887
0.14601460146014603,0.207903
0.147014701470147,0.809074
0.148014801480148,-0.926367
0.149014901490149,-0.108068
0.15001500150015,1.413931
0.15101510151015102,-0.741689
0.15201520152015202,-0.691677
0.15301530153015303,1.530738
0.15401540154015403,-0.940338
0.155015501550155,-0.924017
0.156015601560156,0.814939
0.157015701570157,0.067225
0.15801580158015802,-0.613533
0.15901590159015902,0.721344
0.16001600160016002,0.487111
0.16101610161016103,-0.776842
0.162016201620162,1.02566
0.163016301630163,0.172033
0.164016401640164,-1.163201
0.16501650165016502,0.851028
0.16601660166016602,1.024738
0.16701670167016702,-0.950596
0.16801680168016803,-0.127896
0.16901690169016903,0.403776
0.17001700170017,-0.510341
0.171017101710171,-0.600189
0.172017201720172,0.629816
0.17301730173017302,-0.634286
0.17401740174017402,-0.969561
0.17501750175017503,1.388763
0.17601760176017603,-0.060172
0.177017701770177,-1.102707
0.178017801780178,1.034309
0.179017901790179,0.394183
0.18001800180018002,-0.83027
0.18101810181018102,0.48137
0.18201820182018202,-0.021157
0.18301830183018303,-1.232744
0.18401840184018403,0.563739
0.185018501850185,0.925275
0.186018601860186,-0.426552
0.18701870187018702,0.328923
0.18801880188018802,1.040188
0.18901890189018902,-0.155204
0.19001900190019003,-0.38329
0.19101910191019103,1.15574
0.192019201920192,0.320805
0.193019301930193,-0.520536
0.19401940194019401,0.969136
0.19501950195019502,-0.088946
0.19601960196019602,-1.466623
0.19701970197019703,1.10261
0.19801980198019803,0.122191
0.19901990199019903,-1.389386
0.2000200020002,0.724502
0.201020102010201,0.610372
0.20202020202020202,-1.052271
0.20302030203020302,0.067837
0.20402040204020402,1.120172
0.20502050205020503,-0.650544
0.20602060206020603,0.171595
0.20702070207020704,0.984899
0.208020802080208,0.149
0.20902090209020902,-0.327935
0.21002100210021002,1.038469
0.21102110211021102,-0.023596
0.21202120212021203,-0.928671
0.21302130213021303,1.406232
0.21402140214021403,0.195902
0.215021502150215,-1.277686
0.21602160216021601,1.089817
0.21702170217021702,-0.021315
0.21802180218021802,-0.792363
0.21902190219021903,0.522777
0.22002200220022003,0.674685
0.22102210221022103,-1.379121
0.22202220222022204,-0.169443
0.223022302230223,0.676818
0.22402240224022402,-1.106674
0.22502250225022502,-0.698098
0.22602260226022602,0.709355
0.22702270227022703,-0.926488
0.22802280228022803,-0.512398
0.22902290229022904,1.138875
0.23002300230023,-0.453697
0.23102310231023102,-0.50321
0.23202320232023202,1.316537
0.23302330233023302,-0.388968
0.23402340234023403,-1.077399
0.23502350235023503,1.178161
0.23602360236023603,0.082986
0.23702370237023704,-0.658718
0.23802380238023801,0.619381
0.23902390239023902,0.731103
0.24002400240024002,-0.183548
0.24102410241024103,0.039757
0.24202420242024203,0.945978
0.24302430243024303,-0.93728
0.24402440244024404,-0.243275
0.245024502450245,0.848307
0.24602460246024602,-0.606524
0.24702470247024702,-0.026506
0.24802480248024802,1.11884
0.24902490249024903,-0.390639
0.25002500250025,-0.786552
0.251025102510251,1.164399
0.252025202520252,-0.040223
0.253025302530253,-0.87399
0.254025402540254,0.982325
0.255025502550255,0.018871
0.256025602560256,-0.712671
0.25702570257025703,0.305972
0.25802580258025803,1.090396
0.25902590259025904,-0.449127
0.26002600260026004,0.110667
0.26102610261026105,1.118513
0.26202620262026205,-1.324985
0.26302630263026305,-0.477125
0.264026402640264,0.732767
0.265026502650265,-0.886499
0.266026602660266,-0.997692
0.267026702670267,1.152998
0.268026802680268,-0.091613
0.269026902690269,-1.27144
0.27002700270027,1.01801
0.27102710271027103,0.320456
0.27202720272027203,-0.44031
0.27302730273027304,1.182252
0.27402740274027404,0.089198
0.27502750275027504,-0.76406
0.27602760276027605,0.28546
0.27702770277027705,0.827377
0.27802780278027805,-0.47205
0.279027902790279,0.204613
0.28002800280028,0.211758
0.281028102810281,-0.353159
0.282028202820282,-1.072211
0.283028302830283,1.19781
0.284028402840284,-0.867325
0.285028502850285,-0.956531
0.28602860286028603,1.313192
0.28702870287028703,0.529207
0.28802880288028804,-1.039063
0.28902890289028904,0.821544
0.29002900290029004,0.294193
0.29102910291029105,-1.574135
0.29202920292029205,0.409883
0.29302930293029306,0.314225
0.294029402940294,-1.592807
0.295029502950295,0.492006
0.296029602960296,1.016841
0.297029702970297,-0.831759
0.298029802980298,0.159005
0.299029902990299,1.241429
0.3000300030003,-0.758482
0.30103010301030103,-0.205359
0.30203020302030203,1.422418
0.30303030303030304,-0.505068
0.30403040304030404,-0.943262
0.30503050305030505,0.636394
0.30603060306030605,-0.313666
0.30703070307030705,-0.488288
0.30803080308030806,0.971882
0.309030903090309,0.392307
0.31003100310031,-0.877643
0.311031103110311,0.855499
0.312031203120312,0.51371
0.313031303130313,-0.624434
0.314031403140314,0.683709
0.31503150315031503,0.107471
0.31603160316031603,-0.80188
0.31703170317031704,0.048757
0.31803180318031804,0.493303
0.31903190319031904,-0.254829
0.32003200320032005,-0.538435
0.32103210321032105,1.311298
0.32203220322032206,-0.280096
0.32303230323032306,-1.077167
0.324032403240324,0.894773
0.325032503250325,-0.061865
0.326032603260326,-0.696396
0.327032703270327,0.612098
0.328032803280328,0.288505
0.329032903290329,-0.951689
0.33003300330033003,0.718176
0.33103310331033103,0.847036
0.33203320332033204,-1.094478
0.33303330333033304,0.19267
0.33403340334033405,0.867253
0.33503350335033505,-0.724188
0.33603360336033605,0.40164
0.33703370337033706,1.153933
0.33803380338033806,-0.352691
0.339033903390339,-0.638509
0.34003400340034,1.1411
0.341034103410341,-0.307534
0.342034203420342,-1.155199
0.343034303430343,0.670185
0.344034403440344,-0.215975
0.34503450345034503,-0.762175
0.34603460346034604,1.563506
0.34703470347034704,0.314398
0.34803480348034804,-1.026744
0.34903490349034905,0.612229
0.35003500350035005,0.822926
0.35103510351035105,-0.889533
0.35203520352035206,0.320456
0.35303530353035306,0.508538
0.354035403540354,-1.079373
0.355035503550355,-0.349556
0.356035603560356,1.075372
0.357035703570357,0.340943
0.358035803580358,-0.708916
0.35903590359035903,0.898462
0.36003600360036003,0.086134
0.36103610361036104,-0.294236
0.36203620362036204,1.515449
0.36303630363036304,-0.165015
0.36403640364036405,-1.160885
0.36503650365036505,0.819735
0.36603660366036606,0.416919
0.36703670367036706,-0.718204
0.36803680368036806,0.821058
0.369036903690369,0.42708
0.37003700370037,-0.579551
0.371037103710371,-0.459761
0.372037203720372,1.081498
0.373037303730373,-0.305194
0.37403740374037403,0.629019
0.37503750375037503,1.230209
0.37603760376037604,-0.45451
0.37703770377037704,-0.181912
0.37803780378037805,0.755144
0.37903790379037905,-0.548511
0.38003800380038005,-0.819023
0.38103810381038106,1.483116
0.38203820382038206,-0.456983
0.38303830383038306,-0.890277
0.384038403840384,1.326518
0.385038503850385,-0.339659
0.386038603860386,-0.874839
0.387038703870387,-0.150272
0.38803880388038803,0.625183
0.38903890389038903,-0.624108
0.39003900390039004,0.493022
0.39103910391039104,1.015863
0.39203920392039204,-0.347868
0.39303930393039305,0.131803
0.39403940394039405,1.348815
0.39503950395039505,-0.891263
0.39603960396039606,-0.736234
0.39703970397039706,1.050601
0.39803980398039807,-0.305057
0.39903990399039907,-0.155974
0.4000400040004,0.846479
0.401040104010401,-0.454354
0.402040204020402,-0.564485
0.40304030403040303,1.304331
0.40404040404040403,0.241114
0.40504050405040504,-1.036187
0.40604060406040604,0.561335
0.40704070407040704,0.736563
0.40804080408040805,-0.879527
0.40904090409040905,0.360866
0.41004100410041006,0.703702
0.41104110411041106,-0.828093
0.41204120412041206,-0.05666
0.41304130413041307,0.737216
0.41404140414041407,-0.511127
0.415041504150415,-1.145365
0.416041604160416,0.181605
0.417041704170417,-0.029887
0.41804180418041803,-0.53348
0.41904190419041903,0.703731
0.42004200420042004,-0.084763
0.42104210421042104,-0.793618
0.42204220422042205,1.320465
0.42304230423042305,0.205354
0.42404240424042405,-0.688985
0.42504250425042506,0.45662
0.42604260426042606,1.070118
0.42704270427042706,-0.78088
0.42804280428042807,0.442527
0.4290429042904291,0.9115
0.43004300430043,-0.889869
0.431043104310431,-0.497008
0.43204320432043203,0.977232
0.43304330433043303,-0.407113
0.43404340434043404,-0.902695
0.43504350435043504,0.835109
0.43604360436043604,-0.26329
0.43704370437043705,-0.264855
0.43804380438043805,0.667153
0.43904390439043905,-0.028258
0.44004400440044006,-1.335583
0.44104410441044106,1.295142
0.44204420442044207,0.762403
0.44304430443044307,-0.960549
0.4440444044404441,0.619265
0.445044504450445,0.393438
0.446044604460446,-0.803352
0.44704470447044703,-0.257721
0.44804480448044803,1.04346
0.44904490449044904,-0.893648
0.45004500450045004,0.075694
0.45104510451045104,0.715483
0.45204520452045205,-0.587477
0.45304530453045305,-0.620505
0.45404540454045406,1.112476
0.45504550455045506,0.29101
0.45604560456045606,-0.960725
0.45704570457045707,1.546448
0.45804580458045807,0.373065
0.4590459045904591,-1.175526
0.46004600460046,0.80344
0.461046104610461,0.107816
0.46204620462046203,-0.799713
0.46304630463046303,0.239712
0.46404640464046404,0.255431
0.46504650465046504,-0.543636
0.46604660466046605,-0.127472
0.46704670467046705,0.838679
0.46804680468046805,-0.820671
0.46904690469046906,-0.568151
0.47004700470047006,0.550265
0.47104710471047107,-0.49053
0.47204720472047207,-0.645434
0.4730473047304731,1.078265
0.4740474047404741,0.17599
0.475047504750475,-0.618239
0.47604760476047603,0.448497
0.47704770477047703,-0.319935
0.47804780478047804,-1.028045
0.47904790479047904,0.868317
0.48004800480048004,0.608235
0.48104810481048105,-0.687974
0.48204820482048205,0.036908
0.48304830483048306,0.51593
0.48404840484048406,-0.931887
0.48504850485048506,0.181508
0.48604860486048607,0.642311
0.48704870487048707,-0.774712
0.4880488048804881,-0.858518
0.4890489048904891,0.713083
0.49004900490049,-0.261432
0.49104910491049103,-0.473619
0.49204920492049203,1.227662
0.49304930493049304,-0.394213
0.49404940494049404,-0.779612
0.49504950495049505,1.223977
0.49604960496049605,0.212943
0.49704970497049705,-1.180026
0.49804980498049806,0.621142
0.49904990499049906,0.64213
0.5000500050005,-0.753642
0.5010501050105011,0.803796
0.502050205020502,0.925029
0.5030503050305031,-1.054219
0.504050405040504,0.476046
0.5050505050505051,0.652308
0.506050605060506,-0.274054
0.5070507050705071,-0.326119
0.508050805080508,1.0797
0.5090509050905091,-0.678588
0.51005100510051,-0.987641
0.5110511051105111,1.555925
0.512051205120512,0.156546
0.513051305130513,-0.580419
0.5140514051405141,1.182977
0.515051505150515,0.115477
0.5160516051605161,-1.084912
0.517051705170517,1.00597
0.5180518051805181,0.482041
0.519051905190519,-0.729994
0.5200520052005201,0.790775
0.521052105210521,0.383573
0.5220522052205221,-1.070396
0.523052305230523,-0.296707
0.5240524052405241,0.660553
0.525052505250525,-0.294279
0.5260526052605261,-0.603868
0.527052705270527,0.636087
0.528052805280528,-0.559952
0.5290529052905291,-0.55554
0.53005300530053,0.852112
0.5310531053105311,0.30589
0.532053205320532,-0.898
0.5330533053305331,1.405508
0.534053405340534,0.069685
0.5350535053505351,-1.254002
0.536053605360536,0.459809
0.5370537053705371,0.187526
0.538053805380538,-0.549459
0.5390539053905391,0.582499
0.54005400540054,0.152435
0.5410541054105411,-1.00293
0.5420542054205421,-0.143607
0.543054305430543,0.716524
0.5440544054405441,-0.939252
0.545054505450545,-0.445576
0.5460546054605461,0.999682
0.547054705470547,-0.092826
0.5480548054805481,-0.77236
0.549054905490549,1.591369
0.5500550055005501,-0.202399
0.551055105510551,-0.632789
0.5520552055205521,1.222393
0.553055305530553,-0.152467
0.5540554055405541,-1.412197
0.555055505550555,0.635222
0.5560556055605561,0.23533
0.5570557055705571,-1.117247
0.558055805580558,0.083435
0.5590559055905591,0.844904
0.56005600560056,-1.43435
0.5610561056105611,0.089117
0.562056205620562,1.046876
0.5630563056305631,-1.164648
0.564056405640564,0.057364
0.5650565056505651,1.225908
0.566056605660566,-0.227952
0.5670567056705671,-0.945447
0.568056805680568,0.964514
0.5690569056905691,-0.410165
0.57005700570057,-1.068429
0.5710571057105711,1.609919
0.5720572057205721,0.113395
0.573057305730573,-1.135095
0.5740574057405741,0.602981
0.575057505750575,0.097448
0.5760576057605761,-1.103896
0.577057705770577,0.028552
0.5780578057805781,0.162618
0.579057905790579,-0.386828
0.5800580058005801,-0.232011
0.581058105810581,0.944539
0.5820582058205821,-0.430205
0.583058305830583,-0.762396
0.5840584058405841,0.994876
0.585058505850585,0.223069
0.5860586058605861,-0.98898
0.5870587058705871,1.102407
0.588058805880588,0.126841
0.5890589058905891,-0.857787
0.59005900590059,0.643608
0.5910591059105911,0.720429
0.592059205920592,-0.621004
0.5930593059305931,-0.249658
0.594059405940594,0.982145
0.5950595059505951,-0.380424
0.596059605960596,0.435555
0.5970597059705971,1.005732
0.598059805980598,-0.994673
0.5990599059905991,-0.183035
0.6000600060006,1.511727
0.6010601060106011,0.368985
0.6020602060206021,-0.690316
0.603060306030603,0.751025
0.6040604060406041,-0.856007
0.605060506050605,-1.041614
0.6060606060606061,1.21807
0.607060706070607,-0.216509
0.6080608060806081,-1.043088
0.609060906090609,0.891531
0.6100610061006101,0.330423
0.611061106110611,-0.985778
0.6120612061206121,0.355757
0.613061306130613,0.884767
0.6140614061406141,-0.967249
0.6150615061506151,0.42257
0.6160616061606161,0.472801
0.6170617061706171,-0.395219
0.618061806180618,0.00557
0.6190619061906191,1.337846
0.62006200620062,-0.693949
0.6210621062106211,-0.525137
0.622062206220622,1.512672
0.6230623062306231,0.097996
0.624062406240624,-0.574822
0.6250625062506251,1.05943
0.626062606260626,0.090338
0.6270627062706271,-1.550999
0.628062806280628,0.48519
0.6290629062906291,0.193684
0.6300630063006301,-0.781168
0.6310631063106311,0.453155
0.6320632063206321,0.701376
0.633063306330633,-0.867411
0.6340634063406341,0.518593
0.635063506350635,1.073474
0.6360636063606361,-0.522549
0.637063706370637,-0.765217
0.6380638063806381,0.969319
0.639063906390639,-0.6617
0.6400640064006401,-0.747582
0.641064106410641,1.096681
0.6420642064206421,0.30335
0.643064306430643,-0.624801
0.6440644064406441,1.073468
0.6450645064506451,0.335959
0.6460646064606461,-1.102976
0.6470647064706471,0.718936
0.648064806480648,0.405241
0.6490649064906491,-1.237842
0.65006500650065,0.237016
0.6510651065106511,0.701026
0.652065206520652,-0.862623
0.6530653065306531,-0.118384
0.654065406540654,0.950255
0.6550655065506551,-0.314715
0.656065606560656,-0.414402
0.6570657065706571,0.552542
0.658065806580658,-0.419289
0.6590659065906591,-0.673479
0.6600660066006601,1.365113
0.6610661066106611,-0.293215
0.6620662066206621,-1.028783
0.663066306630663,0.968705
0.6640664066406641,0.220246
0.665066506650665,-1.097681
0.6660666066606661,0.965959
0.667066706670667,0.787778
0.6680668066806681,-1.146506
0.669066906690669,0.380155
0.6700670067006701,0.927998
0.671067106710671,-0.942574
0.6720672067206721,-0.243446
0.673067306730673,0.703416
0.6740674067406741,-0.641475
0.6750675067506751,-0.731479
0.6760676067606761,1.123139
0.6770677067706771,-0.719028
0.678067806780678,-0.89164
0.6790679067906791,0.757021
0.68006800680068,0.114012
0.6810681068106811,-1.203241
0.682068206820682,1.443175
0.6830683068306831,0.474975
0.684068406840684,-0.883894
0.6850685068506851,0.737904
0.686068606860686,0.600104
0.6870687068706871,-1.105582
0.688068806880688,0.317821
0.6890689068906891,0.693522
0.6900690069006901,-0.831115
0.6910691069106911,0.421135
0.6920692069206921,0.818219
0.693069306930693,-0.932874
0.6940694069406941,-0.88824
0.695069506950695,0.890285
0.6960696069606961,0.085365
0.697069706970697,-0.530249
0.6980698069806981,1.25885
0.699069906990699,-0.35584
0.7000700070007001,-0.781049
0.701070107010701,1.076008
0.7020702070207021,0.484754
0.7030703070307031,-1.549144
0.7040704070407041,1.432264
0.7050705070507051,0.069114
0.7060706070607061,-1.337293
0.7070707070707071,0.05116
0.708070807080708,0.80005
0.7090709070907091,-1.138286
0.71007100710071,-1.027974
0.7110711071107111,0.739946
0.712071207120712,-0.485604
0.7130713071307131,-0.371033
0.714071407140714,1.206584
0.7150715071507151,-0.005216
0.716071607160716,-1.051046
0.7170717071707171,0.819202
0.7180718071807181,-0.213154
0.7190719071907191,-0.830906
0.7200720072007201,1.02153
0.7210721072107211,0.440306
0.7220722072207221,-0.72294
0.723072307230723,0.979309
0.7240724072407241,0.04944
0.725072507250725,-0.80776
0.7260726072607261,0.399953
0.727072707270727,0.60896
0.7280728072807281,-0.961064
0.729072907290729,0.067748
0.7300730073007301,0.757672
0.731073107310731,-0.591477
0.7320732073207321,-0.541518
0.7330733073307331,0.994799
0.7340734073407341,-0.35617
0.7350735073507351,-1.002206
0.7360736073607361,0.980632
0.7370737073707371,0.236769
0.738073807380738,-0.837359
0.7390739073907391,1.187902
0.74007400740074,0.460381
0.7410741074107411,-0.805453
0.742074207420742,0.913276
0.7430743074307431,0.27521
0.744074407440744,-0.79489
0.7450745074507451,0.311132
0.746074607460746,1.117564
0.7470747074707471,-0.947326
0.7480748074807481,0.206142
0.7490749074907491,1.248591
0.7500750075007501,-0.642705
0.7510751075107511,-0.159168
0.7520752075207521,1.334461
0.753075307530753,0.486142
0.7540754075407541,-0.623288
0.755075507550755,0.726559
0.7560756075607561,0.13169
0.757075707570757,-0.904112
0.7580758075807581,0.148917
0.759075907590759,0.484399
0.7600760076007601,-1.046073
0.761076107610761,0.204594
0.7620762076207621,1.09672
0.7630763076307631,-1.19088
0.7640764076407641,0.627926
0.7650765076507651,0.272527
0.7660766076607661,-0.653365
0.7670767076707671,-0.348546
0.768076807680768,1.085544
0.7690769076907691,-0.476634
0.77007700770077,-0.070444
0.7710771077107711,0.84217
0.772077207720772,0.341902
0.7730773077307731,-0.662123
0.774077407740774,0.805711
0.7750775077507751,-0.409637
0.7760776077607761,-1.298153
0.7770777077707771,0.896396
0.7780778077807781,0.763063
0.7790779077907791,-0.591544
0.7800780078007801,0.414501
0.7810781078107811,0.985506
0.7820782078207821,-0.943452
0.7830783078307831,0.128764
0.7840784078407841,0.952136
0.785078507850785,-1.124017
0.7860786078607861,-0.034951
0.787078707870787,0.67039
0.7880788078807881,-0.901425
0.789078907890789,-0.811237
0.7900790079007901,0.524869
0.7910791079107911,-0.348908
0.7920792079207921,-0.921725
0.7930793079307931,1.16942
0.7940794079407941,-0.179901
0.7950795079507951,-0.677374
0.7960796079607961,0.92177
0.7970797079707971,0.189245
0.7980798079807981,-0.789264
0.7990799079907991,0.944697
0.8000800080008,0.163064
0.8010801080108011,-1.068822
0.802080208020802,0.015941
0.8030803080308031,0.849053
0.804080408040804,-0.748795
0.8050805080508051,-0.150711
0.8060806080608061,0.679908
0.8070807080708071,-0.725965
0.8080808080808081,-0.832105
0.8090809080908091,1.328783
0.8100810081008101,-0.028629
0.8110811081108111,-0.948176
0.8120812081208121,0.992539
0.8130813081308131,0.352801
0.8140814081408141,-0.32962
0.815081508150815,0.645101
0.8160816081608161,0.987183
0.817081708170817,-1.175868
0.8180818081808181,0.75624
0.819081908190819,0.931484
0.8200820082008201,-1.225789
0.8210821082108211,-0.101068
0.8220822082208221,0.364624
0.8230823082308231,-0.771088
0.8240824082408241,-0.52864
0.8250825082508251,1.173583
0.8260826082608261,-0.522234
0.8270827082708271,-0.438887
0.8280828082808281,1.363622
0.8290829082908291,-0.027894
0.83008300830083,-0.706066
0.8310831083108311,1.56294
0.832083208320832,0.173245
0.8330833083308331,-0.834376
0.834083408340834,0.735977
0.8350835083508351,0.320729
0.8360836083608361,-0.930056
0.8370837083708371,0.789155
0.8380838083808381,0.481102
0.8390839083908391,-1.289586
0.8400840084008401,-0.353777
0.8410841084108411,0.988293
0.8420842084208421,-0.755467
0.8430843084308431,-0.190254
0.8440844084408441,0.581
0.845084508450845,-0.792938
0.8460846084608461,-0.812811
0.847084708470847,0.948199
0.8480848084808481,-0.538697
0.849084908490849,-0.781962
0.8500850085008501,1.156028
0.8510851085108511,-0.312997
0.8520852085208521,-0.929532
0.8530853085308531,0.250224
0.8540854085408541,-0.048468
0.8550855085508551,-1.25904
0.8560856085608561,0.60447
0.8570857085708571,0.596887
0.8580858085808581,-1.031202
0.8590859085908591,-0.430365
0.86008600860086,0.112415
0.8610861086108611,-0.029088
0.862086208620862,-0.143521
0.8630863086308631,0.998815
0.8640864086408641,-0.415156
0.8650865086508651,-0.849299
0.8660866086608661,0.838128
0.8670867086708671,0.10974
0.8680868086808681,-1.192056
0.8690869086908691,0.907984
0.8700870087008701,-0.109515
0.8710871087108711,-0.996119
0.8720872087208721,1.078151
0.8730873087308731,-0.094863
0.8740874087408741,-1.225872
0.875087508750875,0.116417
0.8760876087608761,0.778885
0.877087708770877,-0.861683
0.8780878087808781,-0.954798
0.8790879087908791,0.870185
0.8800880088008801,-0.724213
0.8810881088108811,-0.621488
0.8820882088208821,1.263
0.8830883088308831,-0.671883
0.8840884088408841,-0.641826
0.8850885088508851,0.994551
0.8860886088608861,-0.045709
0.8870887088708871,-0.851712
0.8880888088808881,1.02161
0.8890889088908891,0.133433
0.89008900890089,-0.752294
0.8910891089108911,1.070534
0.892089208920892,0.106032
0.8930893089308931,-0.517485
0.8940894089408941,0.303198
0.8950895089508951,0.790004
0.8960896089608961,-0.261913
0.8970897089708971,0.087145
0.8980898089808981,1.125471
0.8990899089908991,-0.895413
0.9000900090009001,-0.718038
0.9010901090109011,0.524004
0.9020902090209021,-0.775202
0.9030903090309031,-1.089927
0.9040904090409041,1.126348
0.905090509050905,0.81294
0.9060906090609061,-0.757207
0.907090709070907,0.308829
0.9080908090809081,0.39685
0.9090909090909091,-0.799034
0.9100910091009101,0.620175
0.9110911091109111,0.890612
0.9120912091209121,-0.661738
0.9130913091309131,0.220079
0.9140914091409141,0.25312
0.9150915091509151,-0.238345
0.9160916091609161,0.391608
0.9170917091709171,1.031185
0.9180918091809182,-0.044234
0.9190919091909191,-0.694922
0.92009200920092,0.600477
0.9210921092109211,-0.496427
0.922092209220922,-1.297418
0.9230923092309231,0.918466
0.9240924092409241,0.078366
0.9250925092509251,-0.424943
0.9260926092609261,0.565033
0.9270927092709271,0.353416
0.9280928092809281,-0.503357
0.9290929092909291,0.454201
0.9300930093009301,0.80785
0.9310931093109311,-0.922476
0.9320932093209321,0.246
0.9330933093309332,0.902103
0.9340934093409341,-0.673652
0.935093509350935,-0.278109
0.9360936093609361,0.749563
0.9370937093709371,0.163852
0.9380938093809381,-0.683859
0.9390939093909391,1.097459
0.9400940094009401,-0.138103
0.9410941094109411,-1.269736
0.9420942094209421,1.146846
0.9430943094309431,0.23013
0.9440944094409441,-0.802005
0.9450945094509451,0.98611
0.9460946094609461,0.504916
0.9470947094709471,-1.034892
0.9480948094809482,1.025379
0.9490949094909491,0.369469
0.95009500950095,-1.136819
0.9510951095109511,0.114013
0.9520952095209521,0.98077
0.9530953095309531,-0.792978
0.9540954095409541,-0.351845
0.9550955095509551,1.073108
0.9560956095609561,-0.370943
0.9570957095709571,-0.650619
0.9580958095809581,0.743431
0.9590959095909591,-0.370567
0.9600960096009601,-0.790768
0.9610961096109611,1.240013
0.9620962096209621,-0.061055
0.9630963096309632,-1.361923
0.9640964096409641,0.448752
0.965096509650965,0.260599
0.9660966096609661,-1.403596
0.9670967096709671,0.80853
0.9680968096809681,1.064162
0.9690969096909691,-0.869509
0.9700970097009701,-0.607663
0.9710971097109711,0.514643
0.9720972097209721,-0.459088
0.9730973097309731,-0.118688
0.9740974097409741,1.309358
0.9750975097509751,-1.009117
0.9760976097609761,-1.130548
0.9770977097709771,0.954357
0.9780978097809782,-0.117602
0.9790979097909791,-1.05031
0.98009800980098,0.993495
0.9810981098109811,0.002443
0.9820982098209821,-1.00165
0.9830983098309831,0.911357
0.9840984098409841,0.32005
0.9850985098509851,-0.804793
0.9860986098609861,0.396976
0.9870987098709871,1.271062
0.9880988098809881,-0.721731
0.9890989098909891,0.121447
0.9900990099009901,1.211472
0.9910991099109911,-0.776002
0.9920992099209921,-0.488066
0.9930993099309932,1.554081
0.9940994099409941,-0.362158
0.995099509950995,0.27172
0.9960996099609961,1.261356
0.9970997099709971,-0.357336
0.9980998099809981,-0.794605
0.9990999099909991,1.002863
1.000100010001,0.013985
1.001100110011001,-1.487716
1.0021002100210021,0.610287
1.0031003100310032,0.57182
1.004100410041004,-1.423347
1.005100510051005,-0.005913
1.0061006100610062,0.596005
1.0071007100710072,-0.685942
1.008100810081008,0.189529
1.009100910091009,1.093937
1.0101010101010102,-0.584764
1.011101110111011,-0.226675
1.012101210121012,1.287071
1.0131013101310131,0.075001
1.0141014101410142,-0.363125
1.015101510151015,1.327864
1.016101610161016,-0.089152
1.0171017101710171,-0.866056
1.0181018101810182,0.728111
1.019101910191019,0.682235
1.02010201020102,-0.832967
1.0211021102110212,0.920201
1.0221022102210222,0.587381
1.023102310231023,-0.201352
1.024102410241024,0.586895
1.0251025102510252,0.715336
1.026102610261026,-0.944666
1.027102710271027,0.301329
1.0281028102810281,0.735549
1.0291029102910292,-0.053151
1.03010301030103,-0.35386
1.031103110311031,0.561659
1.0321032103210321,-0.141526
1.0331033103310332,-0.889602
1.034103410341034,0.641954
1.035103510351035,0.173466
1.0361036103610362,-0.890594
1.0371037103710372,0.863946
1.038103810381038,0.417384
1.039103910391039,-1.00325
1.0401040104010402,0.566655
1.041104110411041,0.10086
1.042104210421042,-0.526023
1.0431043104310431,0.202388
1.0441044104410442,1.358423
1.045104510451045,-0.535604
1.046104610461046,-0.219164
1.0471047104710471,0.407518
1.0481048104810482,-0.373207
1.049104910491049,-1.167962
1.05010501050105,1.082678
1.0511051105110512,-0.420274
1.0521052105210522,-1.227396
1.053105310531053,0.569305
1.054105410541054,0.210603
1.0551055105510552,-1.214128
1.056105610561056,0.81177
1.057105710571057,0.387671
1.0581058105810581,-0.874403
1.0591059105910592,0.422457
1.06010601060106,0.365826
1.061106110611061,-0.757222
1.0621062106210621,0.306853
1.0631063106310632,0.774922
1.064106410641064,-0.560716
1.065106510651065,-0.092251
1.0661066106610662,0.192718
1.0671067106710672,-0.127684
1.068106810681068,-0.355791
1.0691069106910691,1.093179
1.0701070107010702,-0.000275
1.071107110711071,-0.91264
1.072107210721072,1.533722
1.0731073107310731,0.301997
1.0741074107410742,-0.716463
1.075107510751075,1.399674
1.076107610761076,0.304171
1.0771077107710771,-1.114515
1.0781078107810782,0.767076
1.079107910791079,0.498267
1.08010801080108,-0.394621
1.0811081108110812,-0.125672
1.0821082108210822,0.968306
1.083108310831083,-0.737362
1.0841084108410841,-0.281784
1.0851085108510852,0.957862
1.086108610861086,-0.361582
1.087108710871087,-0.372888
1.0881088108810881,1.694055
1.0891089108910892,-0.704699
1.09010901090109,-1.150705
1.091109110911091,0.707324
1.0921092109210921,0.18609
1.0931093109310932,-0.762267
1.094109410941094,0.601689
1.095109510951095,0.094051
1.0961096109610962,-0.535343
1.0971097109710972,0.72264
1.098109810981098,0.714072
1.0991099109910991,-1.037471
1.1001100110011002,0.060992
1.101110111011101,0.653558
1.102110211021102,-0.62736
1.1031103110311031,-0.201026
1.1041104110411042,1.096875
1.105110511051105,-0.752292
1.106110611061106,-0.39329
1.1071107110711071,1.255456
1.1081108110811082,-0.671301
1.109110911091109,-0.579191
1.11011101110111,1.180838
1.1111111111111112,0.344666
1.1121112111211122,-1.619164
1.113111311131113,0.490981
1.1141114111411141,0.614117
1.1151115111511152,-0.970918
1.116111611161116,0.577263
1.117111711171117,0.57224
1.1181118111811181,-1.044843
1.1191119111911192,0.973175
1.12011201120112,1.366409
1.121112111211121,-0.617894
1.1221122112211221,-0.021272
1.1231123112311232,0.722989
1.124112411241124,0.059826
1.125112511251125,-0.459425
1.1261126112611262,0.452792
1.1271127112711272,-0.43693
1.128112811281128,-0.669488
1.1291129112911291,0.709078
1.1301130113011302,-0.385114
1.131113111311131,-0.697708
1.132113211321132,0.57502
1.1331133113311331,0.440401
1.1341134113411342,-0.963007
1.135113511351135,0.167857
1.136113611361136,0.471955
1.1371137113711371,-0.746819
1.1381138113811382,-0.115602
1.139113911391139,1.079614
1.14011401140114,-0.504559
1.1411141114111412,-0.509789
1.1421142114211422,1.238803
1.143114311431143,0.086649
1.1441144114411441,-0.9329
1.1451145114511452,1.208166
1.146114611461146,0.208282
1.147114711471147,-0.621797
1.1481148114811481,0.629031
1.1491149114911492,0.530802
1.15011501150115,-0.571791
1.151115111511151,0.756408
1.1521152115211521,0.795921
1.1531153115311532,-0.867348
1.154115411541154,0.323188
1.155115511551155,0.088029
1.1561156115611562,-0.626182
1.1571157115711572,-0.318572
1.158115811581158,0.895154
1.1591159115911591,-0.653457
1.1601160116011602,-0.688847
1.161116111611161,1.135528
1.162116211621162,-0.631981
1.1631163116311631,-0.433039
1.1641164116411642,0.914221
1.165116511651165,-0.004508
1.166116611661166,-0.570254
1.1671167116711672,0.912505
1.1681168116811682,0.30176
1.169116911691169,-0.73336
1.17011701170117,0.971541
1.1711171117111712,0.26509
1.1721172117211722,-0.965396
1.173117311731173,0.698395
1.1741174117411741,0.707538
1.1751175117511752,-0.504475
1.176117611761176,-0.051959
1.177117711771177,0.577243
1.1781178117811781,-0.419337
1.1791179117911792,-0.501281
1.18011801180118,0.667894
1.181118111811181,-0.168217
1.1821182118211822,-1.397762
1.1831183118311832,0.721595
1.184118411841184,0.176494
1.185118511851185,-0.790861
1.1861186118611862,0.545742
1.1871187118711872,-0.023262
1.188118811881188,-1.329557
1.1891189118911891,0.080702
1.1901190119011902,0.805984
1.191119111911191,-1.216375
1.192119211921192,0.644563
1.1931193119311931,1.012768
1.1941194119411942,-0.472071
1.195119511951195,-0.389018
1.196119611961196,1.27174
1.1971197119711972,-0.631689
1.1981198119811982,-0.62347
1.199119911991199,0.76884
1.2001200120012,-0.431251
1.2011201120112012,-1.189448
1.2021202120212022,0.672286
1.203120312031203,0.317706
1.2041204120412041,-0.583933
1.2051205120512052,1.112558
1.206120612061206,-0.039751
1.207120712071207,-0.754421
1.2081208120812081,0.417975
1.2091209120912092,0.837357
1.21012101210121,-0.692215
1.211121112111211,0.388403
1.2121212121212122,0.210815
1.2131213121312132,-0.663912
1.214121412141214,-0.368496
1.215121512151215,1.430799
1.2161216121612162,-0.762952
1.2171217121712172,-0.590678
1.218121812181218,1.658578
1.2191219121912191,-0.286763
1.2201220122012202,-0.491537
1.221122112211221,1.248023
1.222122212221222,-0.006023
1.2231223122312231,-0.494175
1.2241224122412242,0.419914
1.225122512251225,0.936345
1.226122612261226,-0.211019
1.2271227122712272,0.146568
1.2281228122812282,0.220181
1.229122912291229,-0.573749
1.2301230123012301,0.087074
1.2311231123112312,1.022621
1.2321232123212322,-0.381088
1.233123312331233,-0.440723
1.2341234123412341,0.916203
1.2351235123512352,-0.608947
1.236123612361236,-0.309041
1.237123712371237,0.510293
1.2381238123812381,0.123484
1.2391239123912392,-1.479455
1.24012401240124,1.013628
1.241124112411241,0.114859
1.2421242124212422,-1.108906
1.2431243124312432,1.261693
1.244124412441244,0.936329
1.2451245124512451,-1.328941
1.2461246124612462,0.658451
1.2471247124712472,0.313259
1.248124812481248,-0.907252
1.2491249124912491,-0.163057
1.2501250125012502,0.868694
1.251125112511251,-0.747679
1.252125212521252,-0.275807
1.2531253125312531,1.221662
1.2541254125412542,-0.991271
1.255125512551255,-0.525477
1.256125612561256,1.23719
1.2571257125712572,-0.494267
1.2581258125812582,-0.858853
1.259125912591259,0.708011
1.2601260126012601,0.019159
1.2611261126112612,-1.186752
1.2621262126212622,0.841244
1.263126312631263,0.014799
1.2641264126412641,-1.150008
1.2651265126512652,0.752238
1.266126612661266,0.45703
1.267126712671267,-0.790964
1.2681268126812681,0.019354
1.2691269126912692,0.468513
1.27012701270127,-0.899469
1.271127112711271,-0.381611
1.2721272127212722,0.53523
1.2731273127312732,-0.512433
1.274127412741274,-0.635209
1.2751275127512751,0.838639
1.2761276127612762,-0.376355
1.2771277127712772,-1.004439
1.278127812781278,0.981863
1.2791279127912791,0.117087
1.2801280128012802,-1.227163
1.281128112811281,0.671553
1.282128212821282,0.027987
1.2831283128312831,-1.213136
1.2841284128412842,0.515165
1.285128512851285,0.920744
1.286128612861286,-0.968413
1.2871287128712872,0.2296
1.2881288128812882,0.977151
1.289128912891289,-0.729294
1.2901290129012901,-0.208838
1.2911291129112912,0.984269
1.2921292129212922,-0.314829
1.293129312931293,-0.9948
1.2941294129412941,1.2795
1.2951295129512952,0.339405
1.296129612961296,-0.652019
1.297129712971297,0.699395
1.2981298129812981,-0.072081
1.2991299129912992,-0.72332
1.3001300130013,0.113671
1.301130113011301,0.532071
1.3021302130213022,-0.817751
1.3031303130313032,0.467531
1.304130413041304,0.362491
1.3051305130513051,-0.923011
1.3061306130613062,-0.205167
1.3071307130713072,0.392512
1.308130813081308,-0.856718
1.3091309130913091,-0.236313
1.3101310131013102,1.146964
1.311131113111311,-0.439171
1.312131213121312,-1.007066
1.3131313131313131,0.927913
1.3141314131413142,-0.122997
1.315131513151315,-0.782456
1.316131613161316,1.114995
1.3171317131713172,-0.059391
1.3181318131813182,-0.973489
1.319131913191319,1.048824
1.3201320132013201,0.600439
1.3211321132113212,-0.470683
1.3221322132213222,0.299221
1.323132313231323,0.469631
1.3241324132413241,-1.121463
1.3251325132513252,0.125473
1.326132613261326,1.195229
1.327132713271327,-1.171135
1.3281328132813282,-0.555777
1.3291329132913292,1.045855
1.33013301330133,-0.560549
1.331133113311331,-0.885219
1.3321332133213322,0.642924
1.3331333133313332,-0.02713
1.334133413341334,-0.543972
1.3351335133513351,1.292798
1.3361336133613362,0.309318
1.3371337133713372,-1.025654
1.338133813381338,0.683421
1.3391339133913391,0.080674
1.3401340134013402,-1.079827
1.341134113411341,0.404159
1.342134213421342,0.618617
1.3431343134313432,-0.942665
1.3441344134413442,-0.091771
1.345134513451345,1.056144
1.346134613461346,-0.976067
1.3471347134713472,-0.639437
1.3481348134813482,0.324818
1.349134913491349,-0.01828
1.3501350135013501,-0.952097
1.3511351135113512,1.105016
1.3521352135213522,0.012413
1.353135313531353,-1.205973
1.3541354135413541,0.773894
1.3551355135513552,0.389029
1.356135613561356,-1.067174
1.357135713571357,0.599097
1.3581358135813582,0.001229
1.3591359135913592,-1.131653
1.36013601360136,0.314978
1.361136113611361,0.804144
1.3621362136213622,-0.809671
1.3631363136313632,-0.150861
1.364136413641364,1.298295
1.3651365136513651,-0.809508
1.3661366136613662,-0.493605
1.3671367136713672,1.227683
1.368136813681368,-0.120964
1.3691369136913691,-0.429076
1.3701370137013702,1.515477
1.371137113711371,0.060022
1.372137213721372,-0.405112
1.3731373137313732,0.866633
1.3741374137413742,0.270194
1.375137513751375,-0.986633
1.376137613761376,0.546095
1.3771377137713772,1.054322
1.3781378137813782,-0.927333
1.379137913791379,-0.483588
1.3801380138013801,0.64757
1.3811381138113812,-0.894623
1.3821382138213822,0.135055
1.383138313831383,1.185343
1.3841384138413841,-0.674684
1.3851385138513852,-0.878768
1.386138613861386,1.323211
1.387138713871387,-0.322244
1.3881388138813882,-0.437076
1.3891389138913892,0.981866
1.39013901390139,0.049227
1.3911391139113911,-0.845535
1.3921392139213922,0.845633
1.3931393139313932,-0.041443
1.394139413941394,-0.80118
1.3951395139513951,0.883284
1.3961396139613962,0.652422
1.3971397139713972,-0.539797
1.398139813981398,-0.164817
1.3991399139913991,0.595302
1.4001400140014002,-0.81488
1.401140114011401,-0.506104
1.402140214021402,0.532837
1.4031403140314032,-0.462025
1.4041404140414042,0.165022
1.405140514051405,1.271095
1.4061406140614061,0.428419
1.4071407140714072,-0.578224
1.4081408140814082,1.041661
1.409140914091409,-0.271934
1.4101410141014101,-1.064855
1.4111411141114112,1.116132
1.4121412141214122,0.606371
1.413141314131413,-0.631135
1.4141414141414141,0.021945
1.4151415141514152,0.357053
1.416141614161416,-0.905414
1.417141714171417,-0.142954
1.4181418141814182,0.886443
1.4191419141914192,-0.713811
1.42014201420142,-0.162881
1.4211421142114211,1.035562
1.4221422142214222,-0.150553
1.4231423142314232,-0.477648
1.424142414241424,0.61181
1.4251425142514251,-0.066539
1.4261426142614262,-0.92792
1.4271427142714272,1.168824
1.428142814281428,0.385074
1.4291429142914291,-1.198904
1.4301430143014302,0.763371
1.431143114311431,-0.019329
1.432143214321432,-0.964649
1.4331433143314332,0.343553
1.4341434143414342,0.612042
1.435143514351435,-0.37996
1.4361436143614361,0.091368
1.4371437143714372,1.211811
1.4381438143814382,-1.126163
1.439143914391439,-0.252089
1.4401440144014401,0.667422
1.4411441144114412,-0.668784
1.4421442144214422,-0.360127
1.443144314431443,0.851154
1.4441444144414441,-0.111936
1.4451445144514452,-0.982994
1.446144614461446,0.875337
1.447144714471447,-0.281346
1.4481448144814482,-0.939261
1.4491449144914492,0.783311
1.45014501450145,0.333133
1.4511451145114511,-0.55659
1.4521452145214522,0.416093
1.4531453145314532,0.810947
1.454145414541454,-0.404612
1.4551455145514551,0.277798
1.4561456145614562,0.263032
1.4571457145714573,-0.770097
1.458145814581458,-0.395181
1.4591459145914591,1.043316
1.4601460146014602,-0.451339
1.461146114611461,-1.128265
1.462146214621462,1.08482
1.4631463146314632,-0.080177
1.4641464146414642,-0.918475
1.465146514651465,0.57736
1.4661466146614661,-0.013966
1.4671467146714672,-1.060458
1.4681468146814682,0.114294
1.469146914691469,0.734122
1.4701470147014701,-1.041058
1.4711471147114712,0.894906
1.4721472147214723,0.960415
1.473147314731473,-0.328243
1.4741474147414741,0.082092
1.4751475147514752,0.498623
1.476147614761476,-0.50366
1.477147714771477,-0.470373
1.4781478147814782,1.065279
1.4791479147914792,-0.809414
1.48014801480148,-0.797785
1.4811481148114811,0.589305
1.4821482148214822,-0.526262
1.4831483148314832,-1.339041
1.484148414841484,0.481475
1.4851485148514851,0.187729
1.4861486148614862,-0.883271
1.4871487148714873,0.947105
1.488148814881488,0.061691
1.4891489148914892,-1.021243
1.4901490149014902,0.588522
1.491149114911491,0.88412
1.492149214921492,-0.595489
1.4931493149314932,-0.30897
1.4941494149414942,0.473199
1.495149514951495,-0.392939
1.4961496149614961,-0.745124
1.4971497149714972,0.886319
1.4981498149814982,-0.382671
1.499149914991499,-0.78988
1.5001500150015001,0.75208
1.5011501150115012,0.426349
1.5021502150215023,-1.293042
1.503150315031503,0.983627
1.5041504150415042,0.38064
1.5051505150515052,-1.122584
1.506150615061506,0.523125
1.507150715071507,0.45688
1.5081508150815082,-1.312536
1.5091509150915092,-0.06612
1.51015101510151,0.831512
1.5111511151115111,-0.686278
1.5121512151215122,-0.027776
1.5131513151315132,0.572174
1.514151415141514,-0.455347
1.5151515151515151,-0.538703
1.5161516151615162,0.755082
1.5171517151715173,0.044218
1.518151815181518,-1.065802
1.5191519151915192,1.120302
1.5201520152015202,0.270861
1.521152115211521,-1.186311
1.522152215221522,0.701342
1.5231523152315232,0.586529
1.5241524152415242,-1.303102
1.525152515251525,1.032467
1.5261526152615261,0.997518
1.5271527152715272,-0.792996
1.5281528152815282,0.132902
1.529152915291529,0.235331
1.5301530153015301,-0.620661
1.5311531153115312,-0.167526
1.5321532153215323,0.74344
1.533153315331533,-0.924644
1.5341534153415342,-0.808818
1.5351535153515352,0.812449
1.536153615361536,-0.414186
1.537153715371537,-0.867566
1.5381538153815382,0.739713
1.5391539153915392,0.612541
1.54015401540154,-0.704038
1.5411541154115411,0.815249
1.5421542154215422,0.712536
1.5431543154315432,-1.106852
1.544154415441544,0.842134
1.5451545154515451,0.773467
1.5461546154615462,-0.826462
1.5471547154715473,0.377595
1.548154815481548,0.058502
1.5491549154915492,-1.079841
1.5501550155015502,-0.406668
1.5511551155115513,0.369561
1.5521552155215521,-0.754202
1.5531553155315532,-0.80941
1.5541554155415542,1.106166
1.555155515551555,-0.443897
1.5561556155615561,-1.215474
1.5571557155715572,1.196092
1.5581558155815582,0.256126
1.559155915591559,-1.250865
1.5601560156015601,1.389605
1.5611561156115612,0.531046
1.5621562156215623,-1.664486
1.563156315631563,0.664273
1.5641564156415642,0.110163
1.5651565156515652,-1.039197
1.5661566156615663,-0.049495
1.5671567156715671,1.212771
1.5681568156815682,-0.597504
1.5691569156915692,-0.622978
1.57015701570157,1.216236
1.5711571157115711,-0.347887
1.5721572157215722,-0.472432
1.5731573157315732,0.987777
1.574157415741574,-0.330161
1.5751575157515751,-1.00667
1.5761576157615762,0.795179
1.5771577157715773,0.015653
1.578157815781578,-0.935279
1.5791579157915792,1.079134
1.5801580158015802,0.560592
1.5811581158115813,-0.896941
1.5821582158215821,0.569263
1.5831583158315832,0.879424
1.5841584158415842,-0.92705
1.585158515851585,0.336539
1.5861586158615861,0.676991
1.5871587158715872,-0.853132
1.5881588158815882,-0.198625
1.589158915891589,0.689842
1.5901590159015901,-0.318362
1.5911591159115912,-0.869748
1.5921592159215923,0.954521
1.593159315931593,-0.136392
1.5941594159415942,-0.718023
1.5951595159515952,0.898262
1.5961596159615963,-0.282429
1.5971597159715971,-0.680303
1.5981598159815982,0.960597
1.5991599159915992,0.527062
1.6001600160016,-0.777288
1.6011601160116011,0.134601
1.6021602160216022,0.583148
1.6031603160316032,-0.663529
1.604160416041604,0.127919
1.6051605160516051,0.827591
1.6061606160616062,-0.936511
1.6071607160716073,-0.350491
1.608160816081608,1.081909
1.6091609160916092,0.043148
1.6101610161016102,-1.050276
1.6111611161116113,0.917717
1.6121612161216121,-0.07579
1.6131613161316132,-1.749333
1.6141614161416142,0.774514
1.615161516151615,0.565742
1.6161616161616161,-0.859321
1.6171617161716172,0.857036
1.6181618161816183,0.228797
1.619161916191619,-0.865546
1.6201620162016201,0.194818
1.6211621162116212,0.607393
1.6221622162216223,-0.900044
1.623162316231623,0.131744
1.6241624162416242,1.395079
1.6251625162516252,-0.078309
1.6261626162616263,0.238731
1.6271627162716271,0.37974
1.6281628162816282,-0.764495
1.6291629162916292,-0.755445
1.63016301630163,0.820409
1.6311631163116311,0.00234
1.6321632163216322,-0.556625
1.6331633163316333,0.473368
1.634163416341634,0.194129
1.6351635163516351,-1.02329
1.6361636163616362,0.673702
1.6371637163716373,0.369906
1.638163816381638,-0.82338
1.6391639163916392,0.481204
1.6401640164016402,0.382025
1.6411641164116413,-0.581137
1.6421642164216421,-0.330699
1.6431643164316432,0.230986
1.6441644164416442,-0.268998
1.645164516451645,-0.358854
1.6461646164616461,1.210683
1.6471647164716472,-0.386699
1.6481648164816483,-1.118836
1.649164916491649,0.781975
1.6501650165016502,-0.49458
1.6511651165116512,-1.221041
1.6521652165216523,0.480385
1.653165316531653,-0.277671
1.6541654165416542,-1.085993
1.6551655165516552,0.604229
1.6561656165616563,0.273558
1.6571657165716571,-0.87236
1.6581658165816582,0.123111
1.6591659165916592,0.828595
1.66016601660166,-0.808223
1.6611661166116611,0.047158
1.6621662166216622,1.227554
1.6631663166316633,-0.593441
1.664166416641664,-0.409771
1.6651665166516652,1.381723
1.6661666166616662,-0.718086
1.6671667166716673,-0.317498
1.668166816681668,1.05665
1.6691669166916692,0.104655
1.6701670167016702,-1.00013
1.6711671167116713,0.979461
1.6721672167216721,-0.160955
1.6731673167316732,-0.48684
1.6741674167416742,0.453304
1.675167516751675,1.054131
1.6761676167616761,-0.659916
1.6771677167716772,0.227972
1.6781678167816783,0.508895
1.679167916791679,-1.199963
1.6801680168016802,0.090547
1.6811681168116812,0.905807
1.6821682168216823,-1.04928
1.683168316831683,0.029866
1.6841684168416842,0.742771
1.6851685168516852,-0.573159
1.6861686168616863,-0.789631
1.6871687168716871,1.021713
1.6881688168816882,-0.257204
1.6891689168916892,-0.744186
1.69016901690169,0.350027
1.6911691169116911,-0.394301
1.6921692169216922,-1.121417
1.6931693169316933,0.340462
1.694169416941694,0.534422
1.6951695169516952,-0.659805
1.6961696169616962,0.239276
1.6971697169716973,0.670408
1.698169816981698,-0.748819
1.6991699169916992,-0.228076
1.7001700170017002,1.282292
1.7011701170117013,-0.669426
1.7021702170217021,-0.385585
1.7031703170317032,0.870855
1.7041704170417042,-0.137015
1.705170517051705,-0.6624
1.7061706170617061,1.061886
1.7071707170717072,-0.944712
1.7081708170817083,-0.713613
1.709170917091709,1.300647
1.7101710171017102,0.193672
1.7111711171117112,-0.80685
1.7121712171217123,0.874677
1.7131713171317131,0.230907
1.7141714171417142,-0.717781
1.7151715171517152,-0.032751
1.7161716171617163,0.598962
1.7171717171717171,-0.974244
1.7181718171817182,-0.923979
1.7191719171917192,0.649262
1.72017201720172,-0.621401
1.7211721172117211,-0.948761
1.7221722172217222,1.291307
1.7231723172317233,-0.069706
1.724172417241724,-0.698998
1.7251725172517252,1.451011
1.7261726172617262,-0.131797
1.7271727172717273,-0.670544
1.7281728172817281,1.361554
1.7291729172917292,0.153247
1.7301730173017302,-1.093615
1.7311731173117313,0.339426
1.7321732173217321,0.484583
1.7331733173317332,-1.079581
1.7341734173417342,0.429586
1.735173517351735,0.555782
1.7361736173617361,-1.012503
1.7371737173717372,-0.725003
1.7381738173817383,1.079755
1.739173917391739,-1.035126
1.7401740174017402,-0.304558
1.7411741174117412,0.62807
1.7421742174217423,-0.09343
1.7431743174317431,-0.754409
1.7441744174417442,0.497058
1.7451745174517452,0.063874
1.7461746174617463,-0.985201
1.7471747174717471,1.024769
1.7481748174817482,0.392234
1.7491749174917492,-1.204709
1.75017501750175,0.464468
1.7511751175117511,0.570057
1.7521752175217522,-1.247932
1.7531753175317533,0.362854
1.754175417541754,0.65148
1.7551755175517552,-0.594055
1.7561756175617562,-0.253914
1.7571757175717573,1.091444
1.7581758175817581,0.204792
1.7591759175917592,-0.462746
1.7601760176017602,0.816306
1.7611761176117613,0.057249
1.7621762176217621,-1.343409
1.7631763176317632,1.309703
1.7641764176417642,0.103987
1.765176517651765,-0.863225
1.7661766176617661,1.50531
1.7671767176717672,0.150662
1.7681768176817683,-0.910914
1.769176917691769,-0.088601
1.7701770177017702,0.476017
1.7711771177117712,-0.590272
1.7721772177217723,-0.033911
1.7731773177317731,0.774769
1.7741774177417742,-0.779371
1.7751775177517752,-0.526714
1.7761776177617763,0.710181
1.7771777177717771,-0.623779
1.7781778177817782,-0.697541
1.7791779177917793,0.933239
1.78017801780178,-0.169239
1.7811781178117811,-0.324242
1.7821782178217822,1.133686
1.7831783178317833,0.114564
1.784178417841784,-0.922239
1.7851785178517852,0.128341
1.7861786178617862,0.284132
1.7871787178717873,-0.800192
1.7881788178817881,0.166781
1.7891789178917892,0.059452
1.7901790179017902,-0.607547
1.7911791179117913,-0.662818
1.7921792179217921,0.396401
1.7931793179317932,-1.093164
1.7941794179417943,-0.544263
1.795179517951795,1.494171
1.7961796179617961,-0.324342
1.7971797179717972,-1.077916
1.7981798179817983,0.901829
1.799179917991799,-0.185203
1.8001800180018002,-0.607696
1.8011801180118012,1.201802
1.8021802180218023,0.463523
1.8031803180318031,-1.148856
1.8041804180418042,0.699419
1.8051805180518052,0.569998
1.8061806180618063,-0.746544
1.8071807180718071,0.439535
1.8081808180818082,0.287757
1.8091809180918093,-0.801434
1.81018101810181,-0.217746
1.8111811181118112,0.543314
1.8121812181218122,-0.456773
1.8131813181318133,-0.718077
1.814181418141814,0.439578
1.8151815181518152,-0.621922
1.8161816181618162,-0.83969
1.8171817181718173,0.847973
1.8181818181818181,-0.312734
1.8191819181918192,-1.340481
1.8201820182018202,1.041992
1.8211821182118213,-0.158215
1.8221822182218221,-0.870693
1.8231823182318232,0.118502
1.8241824182418243,0.564439
1.825182518251825,-1.164668
1.8261826182618262,0.433128
1.8271827182718272,1.011131
1.8281828182818283,-0.532847
1.829182918291829,-0.147976
1.8301830183018302,1.168561
1.8311831183118312,-0.546398
1.8321832183218323,-0.396305
1.8331833183318331,1.693649
1.8341834183418342,-0.640528
1.8351835183518352,-0.288058
1.8361836183618363,1.143293
1.8371837183718371,-0.230541
1.8381838183818382,-0.822627
1.8391839183918393,0.638997
1.84018401840184,-0.077672
1.8411841184118412,-0.391067
1.8421842184218422,0.433818
1.8431843184318433,0.062292
1.844184418441844,-1.495399
1.8451845184518452,0.397641
1.8461846184618462,0.616055
1.8471847184718473,-1.129471
1.8481848184818481,-0.281082
1.8491849184918492,0.347442
1.8501850185018502,-0.624474
1.8511851185118513,-0.353461
1.8521852185218521,0.616072
1.8531853185318532,-0.094095
1.8541854185418543,-0.237261
1.855185518551855,0.85256
1.8561856185618562,0.054638
1.8571857185718572,-0.661272
1.8581858185818583,0.603555
1.859185918591859,0.465408
1.8601860186018602,-1.117865
1.8611861186118612,0.669554
1.8621862186218623,1.315101
1.8631863186318631,-0.812177
1.8641864186418642,0.471251
1.8651865186518652,0.85654
1.8661866186618663,-0.645798
1.8671867186718671,-0.397317
1.8681868186818682,0.73065
1.8691869186918693,-0.614186
1.87018701870187,-0.55932
1.8711871187118712,1.152102
1.8721872187218722,-0.404187
1.8731873187318733,-0.834918
1.8741874187418741,1.019779
1.8751875187518752,0.112835
1.8761876187618762,-0.875481
1.8771877187718773,0.675792
1.8781878187818781,0.129079
1.8791879187918792,-0.802507
1.8801880188018802,0.475785
1.8811881188118813,0.754053
1.8821882188218821,-1.166148
1.8831883188318832,0.439386
1.8841884188418843,0.671643
1.885188518851885,-0.75854
1.8861886188618862,0.037693
1.8871887188718872,0.671277
1.8881888188818883,-0.197444
1.8891889188918891,-0.296113
1.8901890189018902,1.000664
1.8911891189118912,-0.300277
1.8921892189218923,-0.884467
1.8931893189318931,0.438031
1.8941894189418942,0.161922
1.8951895189518952,-1.179088
1.8961896189618963,0.790644
1.8971897189718971,0.391078
1.8981898189818982,-1.196431
1.8991899189918993,0.600009
1.9001900190019,0.593722
1.9011901190119012,-0.905793
1.9021902190219022,0.264164
1.9031903190319033,1.136434
1.9041904190419041,-0.705784
1.9051905190519052,-0.405057
1.9061906190619062,1.148077
1.9071907190719073,-0.719253
1.9081908190819081,-0.29912
1.9091909190919092,0.853143
1.9101910191019102,-0.533259
1.9111911191119113,-0.945735
1.9121912191219121,0.927559
1.9131913191319132,0.356969
1.9141914191419143,-1.253734
1.915191519151915,0.931163
1.9161916191619162,-0.200332
1.9171917191719172,-0.813589
1.9181918191819183,0.489911
1.9191919191919191,0.744698
1.9201920192019202,-0.759228
1.9211921192119212,-0.266925
1.9221922192219223,1.015512
1.9231923192319231,-0.912554
1.9241924192419242,-0.623886
1.9251925192519252,0.555195
1.9261926192619263,-0.772921
1.9271927192719271,-0.574385
1.9281928192819282,1.000993
1.9291929192919293,-0.094586
1.93019301930193,-0.288782
1.9311931193119312,1.075541
1.9321932193219322,-0.043307
1.9331933193319333,-0.937004
1.9341934193419341,0.760883
1.9351935193519352,0.100284
1.9361936193619362,-0.796754
1.9371937193719373,0.874955
1.9381938193819381,0.521943
1.9391939193919392,-0.878844
1.9401940194019403,0.110223
1.9411941194119413,0.603491
1.9421942194219421,-0.773507
1.9431943194319432,-0.922174
1.9441944194419443,0.294
1.945194519451945,0.139245
1.9461946194619462,-0.770247
1.9471947194719472,0.787739
1.9481948194819483,-0.469139
1.9491949194919491,-1.026596
1.9501950195019502,0.718676
1.9511951195119512,0.251669
1.9521952195219523,-1.411529
1.9531953195319531,0.98359
1.9541954195419542,0.407559
1.9551955195519553,-1.392375
1.9561956195619563,0.381341
1.9571957195719571,0.244401
1.9581958195819582,-0.669078
1.9591959195919593,0.320305
1.96019601960196,0.827537
1.9611961196119612,-0.16783
1.9621962196219622,-0.489418
1.9631963196319633,1.00205
1.9641964196419641,-0.35514
1.9651965196519652,-0.740175
1.9661966196619662,1.265579
1.9671967196719673,-0.000664
1.9681968196819681,-1.426075
1.9691969196919692,0.568892
1.9701970197019703,0.838446
1.9711971197119713,-1.271375
1.9721972197219722,0.710169
1.9731973197319732,0.419283
1.9741974197419743,-1.211803
1.975197519751975,0.348513
1.9761976197619762,0.251722
1.9771977197719772,-0.804686
1.9781978197819783,-0.812667
1.9791979197919791,0.720811
1.9801980198019802,-0.380401
1.9811981198119812,-0.19371
1.9821982198219823,1.05985
1.9831983198319831,-0.785154
1.9841984198419842,-0.86377
1.9851985198519853,0.874324
1.9861986198619863,-0.225858
1.9871987198719872,-0.886389
1.9881988198819882,1.085879
1.9891989198919893,0.627865
1.99019901990199,-0.958104
1.9911991199119912,0.737819
1.9921992199219922,0.656971
1.9931993199319933,-1.337421
1.9941994199419941,0.420388
1.9951995199519952,0.72331
1.9961996199619962,-0.803019
1.9971997199719973,-0.258662
1.9981998199819981,1.053265
1.9991999199919992,-0.07089
2.000200020002,-0.271951
2.001200120012001,0.628543
2.002200220022002,-0.600583
2.003200320032003,-0.928764
2.0042004200420043,0.821805
2.0052005200520053,-0.120444
2.0062006200620064,-1.077447
2.007200720072007,0.602149
2.008200820082008,0.192707
2.009200920092009,-1.321534
2.01020102010201,0.559818
2.0112011201120112,0.575658
2.0122012201220123,-0.92847
2.0132013201320134,-0.036404
2.0142014201420144,0.784289
2.015201520152015,-0.24509
2.016201620162016,-0.738984
2.017201720172017,0.973168
2.018201820182018,-0.651083
2.0192019201920193,-0.458838
2.0202020202020203,0.884058
2.0212021202120214,0.326228
2.022202220222022,-0.319092
2.023202320232023,0.848567
2.024202420242024,-0.550051
2.025202520252025,-0.883694
2.0262026202620262,0.775065
2.0272027202720273,0.467822
2.0282028202820284,-0.810322
2.0292029202920294,0.833493
2.03020302030203,0.63254
2.031203120312031,-1.355334
2.032203220322032,0.478691
2.033203320332033,0.409483
2.0342034203420343,-0.612945
2.0352035203520353,-0.097683
2.0362036203620364,1.319581
2.037203720372037,-1.000364
2.038203820382038,-0.865247
2.039203920392039,0.839633
2.04020402040204,0.048803
2.0412041204120412,-0.853882
2.0422042204220423,1.468861
2.0432043204320434,0.262183
2.0442044204420444,-1.473244
2.045204520452045,0.811554
2.046204620462046,0.250732
2.047204720472047,-1.228381
2.048204820482048,0.607425
2.0492049204920493,0.960045
2.0502050205020503,-1.324878
2.0512051205120514,0.080849
2.052205220522052,1.149076
2.053205320532053,-0.576398
2.054205420542054,-0.509987
2.055205520552055,0.871922
2.0562056205620562,-0.683004
2.0572057205720573,-0.204236
2.0582058205820584,1.397217
2.0592059205920594,-0.292942
2.06020602060206,-1.094326
2.061206120612061,0.593397
2.062206220622062,-0.087305
2.063206320632063,-1.099261
2.0642064206420643,0.525919
2.0652065206520653,0.612512
2.0662066206620664,-0.987767
2.067206720672067,-0.008078
2.068206820682068,0.357355
2.069206920692069,-0.938984
2.07020702070207,0.12286
2.0712071207120712,0.831876
2.0722072207220723,-0.833754
2.0732073207320734,0.192223
2.0742074207420744,1.049786
2.075207520752075,-0.143522
2.076207620762076,-0.516769
2.077207720772077,0.765338
2.078207820782078,-0.497173
2.0792079207920793,-0.620845
2.0802080208020803,1.013114
2.0812081208120814,0.003313
2.082208220822082,-1.062559
2.083208320832083,0.665543
2.084208420842084,0.160046
2.085208520852085,-1.068893
2.0862086208620862,0.68474
2.0872087208720873,0.391305
2.0882088208820884,-0.925162
2.0892089208920894,-0.161077
2.09020902090209,0.963027
2.091209120912091,-0.459891
2.092209220922092,-0.381194
2.093209320932093,0.747936
2.0942094209420943,-0.479053
2.0952095209520953,-0.829152
2.0962096209620964,0.671318
2.097209720972097,0.031806
2.098209820982098,-0.309703
2.099209920992099,0.925931
2.1002100210021,0.245794
2.1012101210121013,-0.428534
2.1022102210221023,0.54468
2.1032103210321034,0.514463
2.1042104210421044,-0.537367
2.105210521052105,0.412553
2.106210621062106,0.747383
2.107210721072107,-1.09971
2.108210821082108,0.169333
2.1092109210921093,1.025152
2.1102110211021103,-0.68854
2.1112111211121114,-0.329361
2.112211221122112,0.696962
2.113211321132113,-0.304625
2.114211421142114,-0.800387
2.115211521152115,0.746858
2.1162116211621163,-0.266603
2.1172117211721173,-0.586079
2.1182118211821184,1.119506
2.1192119211921194,0.110203
2.12021202120212,-1.411772
2.121212121212121,1.179695
2.122212221222122,0.498852
2.1232123212321232,-1.264357
2.1242124212421243,0.829468
2.1252125212521253,0.395356
2.1262126212621264,-0.885299
2.127212721272127,0.170122
2.128212821282128,0.740607
2.129212921292129,-1.045431
2.13021302130213,0.038699
2.1312131213121313,0.722396
2.1322132213221323,-0.106957
2.1332133213321334,-1.411133
2.1342134213421344,1.220154
2.135213521352135,-0.356778
2.136213621362136,-0.970328
2.137213721372137,1.182421
2.1382138213821382,0.050082
2.1392139213921393,-0.657913
2.1402140214021403,0.718196
2.1412141214121414,0.316607
2.142214221422142,-0.601355
2.143214321432143,0.524355
2.144214421442144,0.898318
2.145214521452145,-1.056111
2.1462146214621463,-0.061793
2.1472147214721473,0.931006
2.1482148214821484,-0.515207
2.1492149214921494,0.150654
2.15021502150215,1.425403
2.151215121512151,-0.65034
2.152215221522152,-0.925141
2.1532153215321532,1.278125
2.1542154215421543,0.177876
2.1552155215521553,-0.594079
2.1562156215621564,0.956743
2.157215721572157,0.386922
2.158215821582158,-1.159151
2.159215921592159,0.302924
2.16021602160216,0.649865
2.1612161216121613,-1.678927
2.1622162216221623,0.135371
2.1632163216321634,0.830238
2.1642164216421644,-0.740431
2.165216521652165,-0.016211
2.166216621662166,1.024132
2.167216721672167,-0.768649
2.1682168216821682,-0.701369
2.1692169216921693,0.808493
2.1702170217021703,-0.035559
2.1712171217121714,-0.403783
2.172217221722172,0.845056
2.173217321732173,-0.159946
2.174217421742174,-0.713635
2.175217521752175,1.13911
2.1762176217621763,0.399833
2.1772177217721773,-0.557572
2.1782178217821784,0.924279
2.1792179217921794,0.708988
2.18021802180218,-0.77084
2.181218121812181,0.334607
2.182218221822182,0.725794
2.1832183218321832,-0.14376
2.1842184218421843,-0.009174
2.1852185218521853,0.828068
2.1862186218621864,-0.334386
2.187218721872187,-0.876182
2.188218821882188,1.155424
2.189218921892189,-0.626867
2.19021902190219,-0.902172
2.1912191219121913,1.064515
2.1922192219221923,0.039442
2.1932193219321934,-1.441985
2.1942194219421944,0.995056
2.195219521952195,0.032605
2.196219621962196,-1.344455
2.197219721972197,0.203411
2.1982198219821982,1.074502
2.1992199219921993,-0.574586
2.2002200220022003,-0.04125
2.2012201220122014,0.300621
2.202220222022202,-0.307606
2.203220322032203,-0.263812
2.204220422042204,1.092107
2.205220522052205,-0.495199
2.2062206220622063,-0.730405
2.2072207220722073,1.06221
2.2082208220822084,-0.731604
2.2092209220922094,-1.011491
2.21022102210221,1.11316
2.211221122112211,0.43571
2.212221222122212,-1.08781
2.2132213221322132,0.515869
2.2142214221422143,0.544269
2.2152215221522153,-1.288994
2.2162216221622164,0.450264
2.217221722172217,0.333344
2.218221822182218,-0.750634
2.219221922192219,-0.238966
2.22022202220222,0.493577
2.2212221222122213,-1.068042
2.2222222222222223,-0.273343
2.2232223222322234,1.22141
2.2242224222422244,-1.019074
2.225222522252225,-0.51585
2.226222622262226,0.537344
2.227222722272227,-0.44553
2.2282228222822282,-0.922428
2.2292229222922293,0.589004
2.2302230223022304,0.556309
2.2312231223122314,-1.100731
2.232223222322232,1.070052
2.233223322332233,0.446837
2.234223422342234,-1.640851
2.235223522352235,0.972454
2.2362236223622363,1.339849
2.2372237223722373,-0.759805
2.2382238223822384,-0.146929
2.2392239223922394,1.110504
2.24022402240224,-0.527525
2.241224122412241,-0.140052
2.242224222422242,0.760087
2.2432243224322432,-0.488899
2.2442244224422443,-1.141316
2.2452245224522454,0.69982
2.2462246224622464,-0.605046
2.247224722472247,-1.017431
2.248224822482248,0.855205
2.249224922492249,0.100078
2.25022502250225,-0.786959
2.2512251225122513,0.665018
2.2522252225222523,0.714355
2.2532253225322534,-0.415387
2.2542254225422544,0.344367
2.255225522552255,0.619204
2.256225622562256,-0.308656
2.257225722572257,0.553502
2.2582258225822582,0.900809
2.2592259225922593,-0.561273
2.2602260226022604,-0.143104
2.2612261226122614,1.085065
2.262226222622262,-0.537208
2.263226322632263,-0.733522
2.264226422642264,1.141483
2.265226522652265,-0.616671
2.2662266226622663,-1.186998
2.2672267226722673,0.672429
2.2682268226822684,-0.34334
2.2692269226922694,-0.973891
2.27022702270227,0.603696
2.271227122712271,0.101289
2.272227222722272,-1.328729
2.2732273227322732,0.53296
2.2742274227422743,0.885697
2.2752275227522754,-1.255817
2.2762276227622764,0.493463
2.277227722772277,0.959767
2.278227822782278,-0.29876
2.279227922792279,-0.186358
2.28022802280228,0.817535
2.2812281228122813,-0.344156
2.2822282228222823,-0.014638
2.2832283228322834,0.961004
2.2842284228422844,-0.535949
2.285228522852285,-1.310882
2.286228622862286,1.133922
2.287228722872287,-0.193215
2.2882288228822882,-1.643369
2.2892289228922893,1.012791
2.2902290229022904,0.555919
2.2912291229122914,-0.883841
2.292229222922292,0.628476
2.293229322932293,0.974497
2.294229422942294,-0.796799
2.295229522952295,-0.316875
2.2962296229622963,0.256696
2.2972297229722973,-0.67163
2.2982298229822984,-0.668427
2.2992299229922994,1.161176
2.3002300230023,-1.026826
2.301230123012301,-0.477451
2.302230223022302,0.94757
2.3032303230323032,-0.347925
2.3042304230423043,-0.838792
2.3052305230523054,1.076914
2.3062306230623064,0.178707
2.307230723072307,-0.579048
2.308230823082308,1.118705
2.309230923092309,0.431779
2.31023102310231,-0.705337
2.3112311231123113,0.387586
2.3122312231223123,0.739249
2.3132313231323134,-1.338905
2.3142314231423144,0.131999
2.315231523152315,1.289096
2.316231623162316,-0.349629
2.317231723172317,-0.617066
2.3182318231823182,1.377634
2.3192319231923193,-0.367074
2.3202320232023204,-0.434847
2.3212321232123214,0.502959
2.322232223222322,-0.167325
2.323232323232323,-0.840692
2.324232423242324,1.358293
2.325232523252325,-0.342397
2.3262326232623263,-1.083306
2.3272327232723273,1.029014
2.3282328232823284,0.760449
2.3292329232923294,-0.656436
2.33023302330233,0.538222
2.331233123312331,0.766599
2.332233223322332,-0.940491
2.3332333233323332,-0.29926
2.3342334233423343,0.517588
2.3352335233523354,-0.944331
2.3362336233623364,-0.246713
2.337233723372337,0.932613
2.338233823382338,0.02164
2.339233923392339,-0.931639
2.34023402340234,0.667378
2.3412341234123413,0.016425
2.3422342234223423,-1.168087
2.3432343234323434,1.163307
2.3442344234423445,0.486675
2.345234523452345,-0.616474
2.346234623462346,-0.104744
2.347234723472347,0.461701
2.3482348234823482,-1.115729
2.3492349234923493,0.02642
2.3502350235023504,1.008288
2.3512351235123514,-1.087478
2.352235223522352,-0.299016
2.353235323532353,1.162934
2.354235423542354,-0.175926
2.355235523552355,-0.280558
2.3562356235623563,1.26647
2.3572357235723573,-0.265571
2.3582358235823584,-0.57429
2.3592359235923595,0.702677
2.36023602360236,0.126961
2.361236123612361,-1.113819
2.362236223622362,1.22671
2.3632363236323632,0.336707
2.3642364236423643,-1.468092
2.3652365236523654,0.735226
2.3662366236623664,0.078965
2.367236723672367,-1.204594
2.368236823682368,0.28017
2.369236923692369,0.757893
2.37023702370237,-0.905462
2.3712371237123713,-0.279439
2.3722372237223723,0.825121
2.3732373237323734,-0.6062
2.3742374237423745,0.183588
2.375237523752375,1.080603
2.376237623762376,-0.555008
2.377237723772377,-0.66558
2.3782378237823782,1.07942
2.3792379237923793,0.403854
2.3802380238023804,-0.930413
2.3812381238123814,0.584627
2.382238223822382,0.29896
2.383238323832383,-1.424482
2.384238423842384,0.473414
2.385238523852385,0.630126
2.3862386238623863,-0.635967
2.3872387238723873,-0.285736
2.3882388238823884,0.565881
2.3892389238923895,-0.498872
2.39023902390239,-0.187658
2.391239123912391,0.685016
2.392239223922392,-0.419406
2.3932393239323932,-0.551515
2.3942394239423943,1.166495
2.3952395239523954,-0.16121
2.3962396239623964,-0.660792
2.397239723972397,0.601556
2.398239823982398,0.361117
2.399239923992399,-1.159806
2.4002400240024,1.05583
2.4012401240124013,0.147693
2.4022402240224023,-0.811299
2.4032403240324034,0.475136
2.4042404240424045,0.389424
2.405240524052405,-1.132491
2.406240624062406,0.017789
2.407240724072407,0.720356
2.4082408240824082,-0.850527
2.4092409240924093,-1.056213
2.4102410241024104,1.378977
2.4112411241124114,-0.9793
2.412241224122412,-0.286659
2.413241324132413,1.068454
2.414241424142414,-0.52359
2.415241524152415,-1.035384
2.4162416241624163,0.715095
2.4172417241724173,0.608082
2.4182418241824184,-0.993592
2.4192419241924195,1.160611
2.42024202420242,0.338684
2.421242124212421,-1.16489
2.422242224222422,0.314139
2.4232423242324233,0.896219
2.4242424242424243,-0.700835
2.4252425242524254,-0.095709
2.4262426242624264,0.936769
2.427242724272427,-0.440128
2.428242824282428,-0.383591
2.429242924292429,0.274843
2.43024302430243,-0.449756
2.4312431243124313,-1.065131
2.4322432243224323,1.009158
2.4332433243324334,-0.158309
2.4342434243424345,-0.888265
2.435243524352435,1.114056
2.436243624362436,-0.401593
2.437243724372437,-0.417431
2.4382438243824383,0.90318
2.4392439243924393,0.323684
2.4402440244024404,-0.712111
2.4412441244124414,0.486578
2.442244224422442,0.757902
2.443244324432443,-0.037501
2.444244424442444,0.191454
2.4452445244524452,1.338184
2.4462446244624463,-1.092246
2.4472447244724473,-0.625194
2.4482448244824484,0.650219
2.4492449244924495,-0.048639
2.45024502450245,-0.568125
2.451245124512451,0.955504
2.452245224522452,-0.037004
2.4532453245324533,-1.000421
2.4542454245424543,1.003586
2.4552455245524554,-0.393496
2.4562456245624564,-1.054242
2.457245724572457,0.410335
2.458245824582458,0.107567
2.459245924592459,-1.725959
2.4602460246024602,0.128838
2.4612461246124613,0.720508
2.4622462246224623,-0.707514
2.4632463246324634,-0.276625
2.4642464246424645,1.381339
2.465246524652465,-0.683892
2.466246624662466,-0.134018
2.467246724672467,1.117403
2.4682468246824683,-0.273025
2.4692469246924693,-0.95457
2.4702470247024704,0.974858
2.4712471247124714,-0.537825
2.472247224722472,-1.329368
2.473247324732473,0.488692
2.474247424742474,1.01632
2.4752475247524752,-1.648592
2.4762476247624763,1.249588
2.4772477247724773,0.306772
2.4782478247824784,-1.062937
2.4792479247924795,0.200847
2.48024802480248,0.644849
2.481248124812481,-0.44224
2.482248224822482,-0.04445
2.4832483248324833,0.62157
2.4842484248424843,-0.650713
2.4852485248524854,-0.737465
2.4862486248624864,0.937117
2.487248724872487,-0.402002
2.488248824882488,-1.029103
2.489248924892489,0.991363
2.4902490249024902,-0.209164
2.4912491249124913,-0.348966
2.4922492249224923,1.089121
2.4932493249324934,-0.352132
2.4942494249424945,-1.302722
2.495249524952495,0.786257
2.496249624962496,0.749643
2.497249724972497,-1.309122
2.4982498249824983,0.366853
2.4992499249924993,0.763554
2.5002500250025004,-0.770824
2.5012501250125014,-0.051823
2.502250225022502,0.866262
2.503250325032503,-0.503729
2.504250425042504,-0.388637
2.5052505250525052,1.590437
2.5062506250625063,-0.311442
2.5072507250725073,-0.800832
2.5082508250825084,0.752401
2.5092509250925095,0.190791
2.51025102510251,-1.038867
2.511251125112511,0.896684
2.512251225122512,0.481138
2.5132513251325133,-0.848694
2.5142514251425143,1.092695
2.5152515251525154,0.205618
2.5162516251625164,-0.745506
2.517251725172517,0.713259
2.518251825182518,0.741219
2.519251925192519,-0.939538
2.5202520252025202,-0.172956
2.5212521252125213,0.888554
2.5222522252225223,-0.066485
2.5232523252325234,-0.460679
2.5242524252425245,0.802045
2.525252525252525,-1.035163
2.526252625262526,-0.80003
2.527252725272527,0.386724
2.5282528252825283,-0.15023
2.5292529252925293,-0.817669
2.5302530253025304,0.834172
2.5312531253125314,-0.120711
2.532253225322532,-1.512003
2.533253325332533,0.483295
2.534253425342534,1.229105
2.5352535253525352,-1.43593
2.5362536253625363,0.199626
2.5372537253725373,0.60475
2.5382538253825384,-0.777578
2.5392539253925395,-0.059995
2.54025402540254,0.938041
2.541254125412541,-0.137824
2.542254225422542,-0.397249
2.5432543254325433,0.84074
2.5442544254425443,0.181493
2.5452545254525454,-0.762707
2.5462546254625464,0.996352
2.547254725472547,-0.012439
2.548254825482548,-0.680946
2.549254925492549,0.623163
2.5502550255025502,0.186152
2.5512551255125513,-1.149694
2.5522552255225524,0.929516
2.5532553255325534,0.155902
2.5542554255425545,-1.121411
2.555255525552555,0.026206
2.556255625562556,0.961095
2.557255725572557,-0.605251
2.5582558255825583,0.100055
2.5592559255925593,0.940738
2.5602560256025604,-0.261254
2.5612561256125614,-0.329567
2.562256225622562,1.157064
2.563256325632563,0.080701
2.564256425642564,-1.194045
2.5652565256525652,0.781469
2.5662566256625663,-0.137364
2.5672567256725674,-1.25923
2.5682568256825684,0.566308
2.5692569256925695,0.231104
2.57025702570257,-1.01575
2.571257125712571,0.764851
2.572257225722572,0.743382
2.5732573257325733,-0.350459
2.5742574257425743,-0.063961
2.5752575257525754,0.82429
2.5762576257625764,-0.603819
2.577257725772577,-0.566825
2.578257825782578,0.783207
2.579257925792579,-0.666505
2.5802580258025802,-0.747402
2.5812581258125813,1.454226
2.5822582258225824,-0.400575
2.5832583258325834,-0.50186
2.5842584258425845,0.872464
2.585258525852585,-0.07751
2.586258625862586,-1.159849
2.587258725872587,1.047334
2.5882588258825883,0.733546
2.5892589258925893,-0.941397
2.5902590259025904,-0.121982
2.5912591259125914,0.557856
2.592259225922592,-0.702213
2.593259325932593,-0.057166
2.594259425942594,0.875624
2.5952595259525952,-0.479738
2.5962596259625963,-0.606762
2.5972597259725974,1.201379
2.5982598259825984,-0.474562
2.5992599259925995,-0.897482
2.6002600260026,1.581379
2.601260126012601,-0.100166
2.602260226022602,-1.176856
2.6032603260326033,1.326933
2.6042604260426043,0.148079
2.6052605260526054,-1.382348
2.6062606260626064,0.417389
2.607260726072607,0.300093
2.608260826082608,-1.287402
2.609260926092609,0.29857
2.6102610261026102,0.818973
2.6112611261126113,-0.684969
2.6122612261226124,-0.028474
2.6132613261326134,1.118051
2.6142614261426145,-0.922382
2.615261526152615,0.021655
2.616261626162616,1.148075
2.617261726172617,-0.337195
2.6182618261826183,-0.709628
2.6192619261926193,0.699839
2.6202620262026204,-0.751711
2.6212621262126214,-1.15393
2.622262226222622,1.294528
2.623262326232623,0.412416
2.624262426242624,-1.35096
2.6252625262526252,1.252746
2.6262626262626263,0.521455
2.6272627262726274,-0.928068
2.6282628262826284,0.327952
2.6292629262926295,1.150146
2.63026302630263,-1.443888
2.631263126312631,-0.214772
2.632263226322632,0.942669
2.6332633263326333,-0.748138
2.6342634263426343,-0.16481
2.6352635263526354,1.140077
2.6362636263626364,-0.614052
2.637263726372637,-0.692394
2.638263826382638,1.445952
2.639263926392639,0.144476
2.6402640264026402,-1.020524
2.6412641264126413,1.507741
2.6422642264226424,0.284769
2.6432643264326434,-0.66915
2.6442644264426445,0.459539
2.645264526452645,0.702695
2.646264626462646,-1.095401
2.647264726472647,-0.177626
2.6482648264826483,0.361076
2.6492649264926493,-1.021544
2.6502650265026504,-0.703927
2.6512651265126514,1.035203
2.652265226522652,-0.572664
2.653265326532653,-0.686955
2.654265426542654,0.745934
2.6552655265526552,-0.657657
2.6562656265626563,-0.296598
2.6572657265726574,0.755936
2.6582658265826584,0.012637
2.6592659265926595,-1.399357
2.66026602660266,0.486067
2.661266126612661,0.021993
2.662266226622662,-0.724393
2.6632663266326633,0.518526
2.6642664266426643,0.195821
2.6652665266526654,-0.44694
2.6662666266626665,0.055251
2.667266726672667,0.845786
2.668266826682668,-0.895756
2.669266926692669,-0.04963
2.6702670267026702,0.990762
2.6712671267126713,-0.320215
2.6722672267226724,-0.595157
2.6732673267326734,0.89856
2.6742674267426745,-0.139321
2.675267526752675,-1.073085
2.676267626762676,1.347815
2.677267726772677,0.092718
2.6782678267826783,-0.88107
2.6792679267926793,0.824479
2.6802680268026804,0.121377
2.6812681268126815,-0.60762
2.682268226822682,0.910059
2.683268326832683,1.0812
2.684268426842684,-0.954459
2.6852685268526852,-0.017261
2.6862686268626863,0.913874
2.6872687268726874,-0.745712
2.6882688268826884,-0.031455
2.6892689268926895,1.210585
2.69026902690269,-1.365584
2.691269126912691,-0.746584
2.692269226922692,0.568246
2.6932693269326933,-0.264962
2.6942694269426943,-0.643997
2.6952695269526954,1.464386
2.6962696269626965,0.090126
2.697269726972697,-0.94033
2.698269826982698,1.211622
2.699269926992699,0.110609
2.7002700270027002,-1.368006
2.7012701270127013,0.439306
2.7022702270227024,0.190941
2.7032703270327034,-1.080596
2.7042704270427045,0.165827
2.705270527052705,0.105748
2.706270627062706,-0.551409
2.707270727072707,-0.249683
2.7082708270827083,1.666201
2.7092709270927093,-0.29086
2.7102710271027104,-0.471225
2.7112711271127115,1.027501
2.712271227122712,-0.043204
2.713271327132713,-0.442008
2.714271427142714,0.85333
2.7152715271527152,0.395097
2.7162716271627163,-0.789164
2.7172717271727174,0.830349
2.7182718271827184,0.724894
2.7192719271927195,-0.970809
2.72027202720272,-0.09496
2.721272127212721,0.418489
2.722272227222722,-0.883427
2.7232723272327233,0.676703
2.7242724272427243,0.172142
2.7252725272527254,-0.613699
2.7262726272627265,0.003856
2.727272727272727,1.444286
2.728272827282728,0.012418
2.729272927292729,-0.838368
2.7302730273027302,1.396147
2.7312731273127313,-0.319313
2.7322732273227324,-0.614465
2.7332733273327334,0.947594
2.7342734273427345,-0.354415
2.735273527352735,-0.976211
2.736273627362736,0.758402
2.737273727372737,0.653982
2.7382738273827383,-0.600149
2.7392739273927393,-0.077098
2.7402740274027404,0.547522
2.7412741274127415,-0.955215
2.742274227422742,0.008759
2.743274327432743,0.63247
2.744274427442744,-0.343276
2.7452745274527453,-0.119763
2.7462746274627463,0.441968
2.7472747274727474,-1.024664
2.7482748274827484,-0.762289
2.7492749274927495,1.286225
2.75027502750275,-0.627091
2.751275127512751,-0.780697
2.752275227522752,1.34631
2.7532753275327533,-0.279459
2.7542754275427543,-0.514
2.7552755275527554,0.405257
2.7562756275627565,0.457201
2.757275727572757,-1.449496
2.758275827582758,-0.147246
2.759275927592759,0.782058
2.7602760276027603,-0.484136
2.7612761276127613,0.39114
2.7622762276227624,0.565503
2.7632763276327634,-1.158515
2.7642764276427645,-0.376945
2.765276527652765,1.320341
2.766276627662766,-0.255568
2.7672767276727672,-0.915276
2.7682768276827683,1.155866
2.7692769276927693,0.163388
2.7702770277027704,-1.259577
2.7712771277127715,0.837818
2.772277227722772,0.139795
2.773277327732773,-0.46311
2.774277427742774,0.736127
2.7752775277527753,0.443071
2.7762776277627763,-1.130626
2.7772777277727774,-0.071323
2.7782778277827784,0.511217
2.7792779277927795,-0.704943
2.78027802780278,0.275464
2.781278127812781,0.268043
2.7822782278227822,-0.473644
2.7832783278327833,-0.775566
2.7842784278427843,0.908371
2.7852785278527854,-0.371431
2.7862786278627865,-0.943868
2.787278727872787,1.435315
2.788278827882788,0.169383
2.789278927892789,-1.410486
2.7902790279027903,0.528107
2.7912791279127913,0.572447
2.7922792279227924,-1.037202
2.7932793279327934,0.694991
2.7942794279427945,-0.081161
2.795279527952795,-1.495903
2.796279627962796,0.583973
2.7972797279727972,0.878448
2.7982798279827983,-0.804791
2.7992799279927993,-0.031424
2.8002800280028004,0.408728
2.8012801280128015,-0.077748
2.802280228022802,-0.639405
2.803280328032803,1.166909
2.804280428042804,-0.721186
2.8052805280528053,-0.512276
2.8062806280628063,0.821588
2.8072807280728074,0.087515
2.8082808280828084,-0.880054
2.8092809280928095,0.638876
2.81028102810281,-0.006424
2.811281128112811,-0.95236
2.8122812281228122,0.400653
2.8132813281328133,0.457005
2.8142814281428143,-0.603915
2.8152815281528154,0.608674
2.8162816281628165,0.43909
2.817281728172817,-0.676769
2.818281828182818,0.210532
2.819281928192819,1.019879
2.8202820282028203,-0.760049
2.8212821282128213,-0.321402
2.8222822282228224,1.065949
2.8232823282328234,-0.6732
2.8242824282428245,-0.545455
2.825282528252825,1.174881
2.826282628262826,-0.395065
2.8272827282728272,-0.925043
2.8282828282828283,1.155085
2.8292829282928293,-0.227828
2.8302830283028304,-1.216896
2.8312831283128315,1.257983
2.832283228322832,0.952973
2.833283328332833,-0.970913
2.834283428342834,0.044954
2.8352835283528353,0.357208
2.8362836283628363,-0.807009
2.8372837283728374,0.076298
2.8382838283828384,0.617311
2.8392839283928395,-0.780655
2.84028402840284,-0.415156
2.841284128412841,1.082319
2.8422842284228422,-0.682841
2.8432843284328433,-0.438639
2.8442844284428443,1.3136
2.8452845284528454,0.649039
2.8462846284628465,-0.837517
2.847284728472847,0.625442
2.848284828482848,-0.075944
2.849284928492849,-0.840261
2.8502850285028503,0.592112
2.8512851285128513,0.730945
2.8522852285228524,-0.536757
2.8532853285328534,-0.024421
2.8542854285428545,0.884678
2.855285528552855,-1.066033
2.856285628562856,-0.216407
2.8572857285728572,1.077823
2.8582858285828583,-0.580456
2.8592859285928593,-0.983598
2.8602860286028604,1.199253
2.8612861286128615,-0.325053
2.862286228622862,-1.352636
2.863286328632863,1.15529
2.864286428642864,-0.337965
2.8652865286528653,-1.562258
2.8662866286628663,0.663537
2.8672867286728674,0.15067
2.8682868286828684,-0.870212
2.8692869286928695,0.754142
2.87028702870287,0.758805
2.871287128712871,-0.99783
2.8722872287228722,0.506165
2.8732873287328733,1.010413
2.8742874287428744,-1.029402
2.8752875287528754,-0.053323
2.8762876287628765,0.764243
2.877287728772877,0.235634
2.878287828782878,-0.647607
2.879287928792879,0.833289
2.8802880288028803,-0.252362
2.8812881288128813,-0.682648
2.8822882288228824,1.21311
2.8832883288328834,-0.398793
2.8842884288428845,-0.34129
2.885288528852885,0.895692
2.886288628862886,0.588603
2.8872887288728872,-1.317711
2.8882888288828883,0.392848
2.8892889288928894,0.541367
2.8902890289028904,-0.854013
2.8912891289128915,0.299119
2.892289228922892,0.836304
2.893289328932893,-0.644868
2.894289428942894,0.091929
2.8952895289528953,0.700612
2.8962896289628963,-0.809684
2.8972897289728974,-0.570904
2.8982898289828984,1.334365
2.8992899289928995,-0.14014
2.9002900290029,-0.833079
2.901290129012901,0.937485
2.9022902290229022,0.342841
2.9032903290329033,-1.204416
2.9042904290429044,0.767513
2.9052905290529054,0.354078
2.9062906290629065,-0.873236
2.907290729072907,0.749984
2.908290829082908,0.386508
2.909290929092909,-1.326794
2.9102910291029103,0.361009
2.9112911291129113,1.027937
2.9122912291229124,-1.058557
2.9132913291329134,-0.10131
2.9142914291429145,0.371784
2.915291529152915,-0.573121
2.916291629162916,-0.788615
2.9172917291729172,0.611556
2.9182918291829183,-0.264842
2.9192919291929194,-0.938931
2.9202920292029204,0.613553
2.9212921292129215,-0.114046
2.922292229222922,-0.137554
2.923292329232923,0.632029
2.924292429242924,0.923933
2.9252925292529253,-1.079213
2.9262926292629263,0.307262
2.9272927292729274,0.221808
2.9282928292829284,-1.237262
2.9292929292929295,0.237411
2.93029302930293,0.026968
2.931293129312931,-0.732093
2.9322932293229322,0.084058
2.9332933293329333,0.724553
2.9342934293429344,-0.39933
2.9352935293529354,-0.962388
2.9362936293629365,1.359565
2.937293729372937,-0.385178
2.938293829382938,-0.423102
2.939293929392939,1.32697
2.9402940294029403,-0.186909
2.9412941294129413,-0.601085
2.9422942294229424,0.289428
2.9432943294329434,0.288587
2.9442944294429445,-0.913522
2.945294529452945,0.551692
2.946294629462946,0.716753
2.9472947294729472,-0.5782
2.9482948294829483,0.010803
2.9492949294929494,0.87403
2.9502950295029504,-0.508387
2.9512951295129515,-0.283163
2.952295229522952,0.949124
2.953295329532953,-0.324817
2.954295429542954,-0.920139
2.9552955295529553,1.773013
2.9562956295629563,-0.224464
2.9572957295729574,-0.990606
2.9582958295829584,1.013281
2.9592959295929595,0.298105
2.96029602960296,-0.861371
2.961296129612961,0.419091
2.9622962296229622,0.301955
2.9632963296329633,-0.449363
2.9642964296429644,0.125064
2.9652965296529654,0.560159
2.9662966296629665,-1.074764
2.967296729672967,0.001663
2.968296829682968,1.040724
2.969296929692969,-0.28222
2.9702970297029703,-0.089067
2.9712971297129713,0.794427
2.9722972297229724,-0.303449
2.9732973297329734,-0.910651
2.9742974297429745,0.977423
2.975297529752975,-0.435648
2.976297629762976,-0.566586
2.9772977297729772,0.667995
2.9782978297829783,0.139392
2.9792979297929794,-1.157195
2.9802980298029804,0.811791
2.9812981298129815,0.525031
2.982298229822982,-0.808549
2.983298329832983,0.304998
2.984298429842984,0.116105
2.9852985298529853,-0.227503
2.9862986298629863,-0.005517
2.9872987298729874,1.002951
2.9882988298829884,-0.495053
2.9892989298929895,-1.029916
2.99029902990299,0.261332
2.991299129912991,-0.257688
2.9922992299229922,-0.865198
2.9932993299329933,1.195275
2.9942994299429944,-0.447617
2.9952995299529954,-0.859476
2.9962996299629965,0.939862
2.997299729972997,0.571306
2.998299829982998,-0.943617
2.999299929992999,1.14183
3.0003000300030003,0.875335
3.0013001300130013,-0.920239
3.0023002300230024,0.25953
3.0033003300330035,0.383968
3.0043004300430045,-0.610241
3.005300530053005,-0.592714
3.006300630063006,0.878225
3.0073007300730072,-0.339803
3.0083008300830083,-0.68384
3.0093009300930094,0.632823
3.0103010301030104,0.16382
3.0113011301130115,-0.818526
3.012301230123012,1.430072
3.013301330133013,0.350961
3.014301430143014,-0.615548
3.0153015301530153,0.925799
3.0163016301630163,0.161114
3.0173017301730174,-1.329511
3.0183018301830185,0.792384
3.0193019301930195,0.495216
3.02030203020302,-0.712609
3.021302130213021,0.181105
3.0223022302230222,0.569649
3.0233023302330233,-1.038533
3.0243024302430244,-0.908482
3.0253025302530254,1.409634
3.0263026302630265,-0.48253
3.027302730273027,-0.326708
3.028302830283028,1.089442
3.029302930293029,-0.901589
3.0303030303030303,-0.84043
3.0313031303130313,1.054831
3.0323032303230324,0.112014
3.0333033303330335,-1.352479
3.0343034303430345,0.585048
3.035303530353035,1.22924
3.036303630363036,-1.517641
3.0373037303730372,0.660117
3.0383038303830383,0.388023
3.0393039303930394,-1.161286
3.0403040304030404,0.347057
3.0413041304130415,0.138251
3.042304230423042,-1.075595
3.043304330433043,-0.131697
3.044304430443044,0.95149
3.0453045304530453,-0.800546
3.0463046304630463,-0.892362
3.0473047304730474,0.902413
3.0483048304830485,-0.387974
3.0493049304930495,-0.669306
3.05030503050305,0.801423
3.051305130513051,-0.179037
3.0523052305230522,-1.239
3.0533053305330533,0.87267
3.0543054305430544,0.045596
3.0553055305530554,-0.671252
3.0563056305630565,0.790273
3.057305730573057,0.316613
3.058305830583058,-0.606635
3.059305930593059,0.367697
3.0603060306030603,0.956457
3.0613061306130613,-0.37481
3.0623062306230624,-0.447834
3.0633063306330635,0.721705
3.0643064306430645,-0.588228
3.065306530653065,-1.461265
3.066306630663066,0.651343
3.0673067306730672,-0.43441
3.0683068306830683,-0.820408
3.0693069306930694,1.200564
3.0703070307030704,-0.133369
3.0713071307130715,-0.732376
3.072307230723072,1.094336
3.073307330733073,0.277718
3.074307430743074,-1.056642
3.0753075307530753,0.646619
3.0763076307630763,0.270581
3.0773077307730774,-1.29026
3.0783078307830785,-0.107549
3.0793079307930795,1.343612
3.08030803080308,-0.595468
3.081308130813081,-0.653326
3.0823082308230823,0.911887
3.0833083308330833,-0.110679
3.0843084308430844,-0.525747
3.0853085308530854,0.853498
3.0863086308630865,-0.682974
3.0873087308730875,-0.543629
3.088308830883088,1.643904
3.0893089308930892,0.091486
3.0903090309030903,-0.738219
3.0913091309130913,0.653828
3.0923092309230924,-0.624256
3.0933093309330935,-0.984914
3.0943094309430945,0.465245
3.095309530953095,0.475421
3.096309630963096,-0.367961
3.0973097309730973,-0.718394
3.0983098309830983,1.078879
3.0993099309930994,-0.899075
3.1003100310031004,-0.265515
3.1013101310131015,1.127395
3.1023102310231025,0.269726
3.103310331033103,-0.826232
3.1043104310431042,1.261702
3.1053105310531053,0.090623
3.1063106310631063,-0.772117
3.1073107310731074,1.005141
3.1083108310831085,0.140078
3.1093109310931095,-1.232065
3.11031103110311,0.587342
3.111311131113111,0.092319
3.1123112311231123,-1.116264
3.1133113311331133,0.205754
3.1143114311431144,0.800131
3.1153115311531154,-0.835884
3.1163116311631165,0.351745
3.1173117311731176,1.086193
3.118311831183118,-0.414014
3.1193119311931192,-0.551731
3.1203120312031203,1.275588
3.1213121312131213,-0.840146
3.1223122312231224,-0.629621
3.1233123312331235,0.882261
3.1243124312431245,-0.392268
3.125312531253125,-1.227836
3.126312631263126,0.858783
3.1273127312731273,0.430245
3.1283128312831283,-1.166943
3.1293129312931294,0.637314
3.1303130313031304,0.778861
3.1313131313131315,-0.940985
3.1323132313231326,0.70262
3.133313331333133,1.009842
3.1343134313431342,-0.544373
3.1353135313531353,0.169293
3.1363136313631363,0.820412
3.1373137313731374,-0.762242
3.1383138313831385,-0.55511
3.1393139313931395,0.69662
3.14031403140314,-0.207966
3.141314131413141,-0.779221
3.1423142314231423,0.845291
3.1433143314331433,-0.003032
3.1443144314431444,-0.848221
3.1453145314531454,1.324236
3.1463146314631465,-0.10802
3.1473147314731476,-1.167199
3.148314831483148,1.029121
3.1493149314931492,0.323428
3.1503150315031503,-1.376359
3.1513151315131513,0.295285
3.1523152315231524,0.637233
3.1533153315331535,-0.448902
3.1543154315431545,0.102033
3.155315531553155,1.237893
3.156315631563156,-0.881725
3.1573157315731573,-0.263715
3.1583158315831583,0.58874
3.1593159315931594,-0.306078
3.1603160316031604,-0.449782
3.1613161316131615,0.729621
3.1623162316231626,-0.007749
3.163316331633163,-0.649396
3.1643164316431642,0.714274
3.1653165316531653,-0.18705
3.1663166316631663,-0.565927
3.1673167316731674,0.796934
3.1683168316831685,0.343489
3.1693169316931695,-0.784851
3.17031703170317,-0.136805
3.171317131713171,0.137698
3.1723172317231723,-0.965043
3.1733173317331733,-0.5627
3.1743174317431744,1.200427
3.1753175317531754,-0.849932
3.1763176317631765,-0.449011
3.1773177317731776,0.94286
3.178317831783178,-0.556927
3.1793179317931792,0.002436
3.1803180318031803,1.114051
3.1813181318131813,-0.410451
3.1823182318231824,-0.997885
3.1833183318331835,0.67909
3.1843184318431845,0.365665
3.185318531853185,-1.019985
3.186318631863186,0.266812
3.1873187318731873,0.102951
3.1883188318831883,-0.77616
3.1893189318931894,0.05566
3.1903190319031904,1.030436
3.1913191319131915,-1.304613
3.1923192319231926,-0.045111
3.193319331933193,1.152657
3.1943194319431942,-0.830977
3.1953195319531953,-0.711238
3.1963196319631964,0.943306
3.1973197319731974,-0.294283
3.1983198319831985,-1.302913
3.1993199319931995,1.272263
3.2003200320032,0.067184
3.201320132013201,-0.799351
3.2023202320232023,0.984471
3.2033203320332033,1.086647
3.2043204320432044,-1.0204
3.2053205320532054,0.66185
3.2063206320632065,0.521085
3.2073207320732076,-1.092429
3.208320832083208,0.499266
3.2093209320932092,1.1579
3.2103210321032103,-0.52526
3.2113211321132114,-0.54331
3.2123212321232124,1.029562
3.2133213321332135,-0.919285
3.2143214321432145,-0.578899
3.215321532153215,0.683159
3.216321632163216,-0.248987
3.2173217321732173,-1.354791
3.2183218321832183,0.41763
3.2193219321932194,-0.344615
3.2203220322032204,-0.728878
3.2213221322132215,1.487736
3.2223222322232226,0.913904
3.223322332233223,-1.400171
3.2243224322432242,-0.159589
3.2253225322532253,0.402735
3.2263226322632264,-0.793638
3.2273227322732274,0.202098
3.2283228322832285,0.986355
3.2293229322932295,-1.304611
3.23032303230323,-0.241164
3.231323132313231,0.881556
3.2323232323232323,-0.656645
3.2333233323332333,0.041589
3.2343234323432344,0.958077
3.2353235323532354,-0.398282
3.2363236323632365,-1.056377
3.2373237323732376,0.902319
3.238323832383238,0.19817
3.2393239323932392,-1.182884
3.2403240324032403,1.299891
3.2413241324132414,0.317347
3.2423242324232424,-0.682573
3.2433243324332435,0.230945
3.2443244324432445,1.074197
3.245324532453245,-0.48705
3.246324632463246,0.087456
3.2473247324732473,0.625805
3.2483248324832483,-0.935852
3.2493249324932494,-0.741442
3.2503250325032504,0.701031
3.2513251325132515,-0.61952
3.2523252325232526,-1.60568
3.253325332533253,1.441799
3.2543254325432542,-0.219011
3.2553255325532553,-0.360796
3.2563256325632564,0.916666
3.2573257325732574,0.527784
3.2583258325832585,-0.785333
3.2593259325932595,1.183086
3.26032603260326,0.422591
3.261326132613261,-1.401928
3.2623262326232623,0.128723
3.2633263326332633,0.838118
3.2643264326432644,-1.166533
3.2653265326532654,-0.075168
3.2663266326632665,0.784199
3.2673267326732676,-0.114528
3.268326832683268,-0.418163
3.2693269326932692,0.915121
3.2703270327032703,-0.898962
3.2713271327132714,-1.196819
3.2723272327232724,0.77236
3.2733273327332735,-0.22916
3.2743274327432745,-0.322241
3.275327532753275,0.846224
3.276327632763276,0.434503
3.2773277327732773,-1.002699
3.2783278327832783,0.292713
3.2793279327932794,0.077274
3.2803280328032804,-1.49494
3.2813281328132815,0.829249
3.2823282328232826,1.130753
3.283328332833283,-1.259415
3.2843284328432842,0.356067
3.2853285328532853,0.913582
3.2863286328632864,-0.338373
3.2873287328732874,-0.505048
3.2883288328832885,0.47929
3.2893289328932895,-0.732584
3.29032903290329,-0.802452
3.291329132913291,0.84037
3.2923292329232923,-0.38808
3.2933293329332933,-0.515673
3.2943294329432944,1.119042
3.2953295329532954,-0.014385
3.2963296329632965,-1.229487
3.2973297329732976,0.928008
3.298329832983298,0.164699
3.2993299329932992,-1.103935
3.3003300330033003,0.025628
3.3013301330133014,0.599222
3.3023302330233024,-0.777073
3.3033303330333035,0.146673
3.3043304330433045,0.921136
3.305330533053305,-0.685849
3.306330633063306,-0.448199
3.3073307330733073,0.902984
3.3083308330833083,-0.284515
3.3093309330933094,-0.611832
3.3103310331033104,0.961774
3.3113311331133115,0.030685
3.3123312331233126,-1.263595
3.313331333133313,1.13095
3.3143314331433142,0.374246
3.3153315331533153,-1.016634
3.3163316331633164,0.698582
3.3173317331733174,0.40065
3.3183318331833185,-1.59964
3.3193319331933195,-0.148228
3.32033203320332,0.931839
3.321332133213321,-1.13888
3.3223322332233223,0.136146
3.3233323332333233,0.519236
3.3243324332433244,-0.828329
3.3253325332533255,-0.897941
3.3263326332633265,1.126444
3.3273327332733276,0.074239
3.328332833283328,-0.941424
3.3293329332933292,1.03519
3.3303330333033303,0.04107
3.3313331333133314,-0.228995
3.3323332333233324,1.058716
3.3333333333333335,0.551248
3.3343334333433345,-0.714341
3.335333533353335,0.273191
3.336333633363336,0.6556
3.3373337333733373,-0.709298
3.3383338333833383,0.110966
3.3393339333933394,0.853836
3.3403340334033405,-1.096801
3.3413341334133415,-0.139666
3.3423342334233426,1.061524
3.343334333433343,-0.698214
3.3443344334433442,-0.561467
3.3453345334533453,0.303636
3.3463346334633464,-0.621725
3.3473347334733474,-0.864845
3.3483348334833485,0.897383
3.3493349334933495,0.362928
3.35033503350335,-0.919329
3.351335133513351,0.669325
3.3523352335233523,0.366236
3.3533353335333533,-1.085408
3.3543354335433544,1.109651
3.3553355335533555,0.182203
3.3563356335633565,-0.718214
3.3573357335733576,0.055829
3.358335833583358,1.090208
3.3593359335933592,-0.712512
3.3603360336033603,-0.2437
3.3613361336133614,1.086878
3.3623362336233624,-0.406112
3.3633363336333635,-0.356816
3.3643364336433645,0.813595
3.365336533653365,0.015174
3.366336633663366,-0.718207
3.3673367336733673,0.896544
3.3683368336833683,-0.275322
3.3693369336933694,-0.879358
3.3703370337033705,0.843571
3.3713371337133715,0.233543
3.3723372337233726,-1.394493
3.373337333733373,0.843704
3.3743374337433742,0.601419
3.3753375337533753,-0.507565
3.3763376337633764,0.032858
3.3773377337733774,0.901609
3.3783378337833785,-0.875323
3.3793379337933795,0.10234
3.38033803380338,1.135029
3.381338133813381,-0.608403
3.3823382338233823,-0.884378
3.3833383338333833,0.493056
3.3843384338433844,-0.12308
3.3853385338533855,-0.327747
3.3863386338633865,0.610447
3.3873387338733876,0.584676
3.388338833883388,-0.875941
3.3893389338933892,0.765639
3.3903390339033903,0.311508
3.3913391339133914,-0.427494
3.3923392339233924,0.905024
3.3933393339333935,0.175613
3.3943394339433945,-0.609523
3.395339533953395,-0.060405
3.396339633963396,1.016233
3.3973397339733973,-0.568119
3.3983398339833983,-0.587195
3.3993399339933994,1.013198
3.4003400340034005,-0.296979
3.4013401340134015,-0.670872
3.4023402340234026,0.920362
3.403340334033403,-0.071942
3.4043404340434043,-1.003106
3.4053405340534053,1.215917
3.4063406340634064,0.133544
3.4073407340734074,-1.345434
3.4083408340834085,0.652336
3.4093409340934095,0.221159
3.41034103410341,-1.049128
3.411341134113411,0.457519
3.4123412341234123,0.51987
3.4133413341334133,-0.309186
3.4143414341434144,0.18058
3.4153415341534155,1.15224
3.4163416341634165,-0.616017
3.4173417341734176,-0.750192
3.418341834183418,0.900809
3.4193419341934193,-0.274604
3.4203420342034203,-0.618563
3.4213421342134214,0.749866
3.4223422342234224,-0.385024
3.4233423342334235,-0.455037
3.4243424342434245,0.444175
3.425342534253425,0.312632
3.4263426342634262,-0.994515
3.4273427342734273,0.607586
3.4283428342834283,0.292004
3.4293429342934294,-1.09915
3.4303430343034305,0.445681
3.4313431343134315,0.81201
3.4323432343234326,-0.831865
3.433343334333433,0.035378
3.4343434343434343,0.752374
3.4353435343534353,-0.480542
3.4363436343634364,-0.343748
3.4373437343734374,0.741941
3.4383438343834385,-0.696588
3.4393439343934396,-1.357904
3.44034403440344,1.176805
3.4413441344134412,-0.264395
3.4423442344234423,-1.285149
3.4433443344334433,0.092666
3.4443444344434444,0.19278
3.4453445344534455,-1.488766
3.4463446344634465,1.086248
3.4473447344734476,0.18423
3.448344834483448,-0.973014
3.4493449344934493,0.278891
3.4503450345034503,0.772761
3.4513451345134514,-0.802382
3.4523452345234524,0.290536
3.4533453345334535,0.500438
3.4543454345434546,-0.788282
3.455345534553455,-0.666144
3.4563456345634562,1.0976
3.4573457345734573,0.035452
3.4583458345834583,-1.071783
3.4593459345934594,1.035419
3.4603460346034605,0.153749
3.4613461346134615,-1.045699
3.4623462346234626,0.833059
3.463346334633463,0.006952
3.4643464346434643,-1.197024
3.4653465346534653,0.756795
3.4663466346634664,0.370594
3.4673467346734674,-0.826208
3.4683468346834685,0.751576
3.4693469346934696,0.593
3.47034703470347,-0.227498
3.4713471347134712,0.156807
3.4723472347234723,1.11575
3.4733473347334733,-0.166318
3.4743474347434744,-0.450541
3.4753475347534755,1.106463
3.4763476347634765,-0.287761
3.4773477347734776,-0.569138
3.478347834783478,1.080344
3.4793479347934793,-0.243462
3.4803480348034803,-0.646875
3.4813481348134814,1.042351
3.4823482348234824,0.323217
3.4833483348334835,-1.111781
3.4843484348434846,1.096692
3.485348534853485,0.191691
3.4863486348634862,-1.54871
3.4873487348734873,1.006199
3.4883488348834883,1.160335
3.4893489348934894,-0.594626
3.4903490349034905,-0.431262
3.4913491349134915,0.762507
3.4923492349234926,-0.667657
3.493349334933493,-0.833211
3.4943494349434943,1.480754
3.4953495349534953,-0.23484
3.4963496349634964,-0.828186
3.4973497349734974,1.263626
3.4983498349834985,-0.00882
3.4993499349934996,-0.404508
3.5003500350035,0.885142
3.5013501350135012,0.016461
3.5023502350235023,-0.849346
3.5033503350335033,0.344218
3.5043504350435044,0.275578
3.5053505350535055,-0.620677
3.5063506350635065,0.364237
3.5073507350735076,0.874834
3.508350835083508,-0.865448
3.5093509350935093,-0.523116
3.5103510351035103,1.35739
3.5113511351135114,-0.741654
3.5123512351235124,-0.703295
3.5133513351335135,1.132871
3.5143514351435146,0.021529
3.515351535153515,-0.838555
3.5163516351635162,1.167004
3.5173517351735173,-0.467421
3.5183518351835184,-1.742625
3.5193519351935194,0.723833
3.5203520352035205,0.788057
3.5213521352135215,-1.369293
3.5223522352235226,0.857303
3.523352335233523,0.108535
3.5243524352435243,-0.994764
3.5253525352535253,0.053555
3.5263526352635264,0.628299
3.5273527352735274,-0.629508
3.5283528352835285,-0.139202
3.5293529352935296,0.819307
3.53035303530353,-0.310783
3.5313531353135312,-0.376227
3.5323532353235323,0.674549
3.5333533353335334,-0.230795
3.5343534353435344,-1.259466
3.5353535353535355,0.85963
3.5363536353635365,0.418305
3.5373537353735376,-0.953001
3.538353835383538,1.021453
3.5393539353935393,-0.088612
3.5403540354035403,-1.219524
3.5413541354135414,0.628
3.5423542354235424,0.585195
3.5433543354335435,-1.40197
3.5443544354435446,-0.103725
3.545354535453545,0.355862
3.5463546354635462,-0.924395
3.5473547354735473,-0.30453
3.5483548354835484,0.665392
3.5493549354935494,-0.478294
3.5503550355035505,-1.054262
3.5513551355135515,0.80327
3.5523552355235526,0.216427
3.553355335533553,-0.808161
3.5543554355435543,1.046103
3.5553555355535553,-0.011223
3.5563556355635564,-0.835998
3.5573557355735574,0.930879
3.5583558355835585,0.421732
3.5593559355935596,-0.945629
3.56035603560356,0.627104
3.5613561356135612,0.708687
3.5623562356235623,-0.407819
3.5633563356335634,-0.360837
3.5643564356435644,0.636648
3.5653565356535655,-0.526596
3.5663566356635665,-0.154766
3.5673567356735676,0.92398
3.568356835683568,-0.747518
3.5693569356935693,-0.885303
3.5703570357035703,0.516245
3.5713571357135714,0.174226
3.5723572357235724,-0.318093
3.5733573357335735,0.703348
3.5743574357435746,0.791197
3.575357535753575,-1.157145
3.5763576357635762,0.944026
3.5773577357735773,0.343977
3.5783578357835784,-0.506982
3.5793579357935794,0.444118
3.5803580358035805,0.29405
3.5813581358135815,-0.418551
3.5823582358235826,-0.207463
3.583358335833583,0.812067
3.5843584358435843,-0.209548
3.5853585358535853,-0.014291
3.5863586358635864,0.790302
3.5873587358735874,-0.53993
3.5883588358835885,-0.587001
3.5893589358935896,1.438776
3.59035903590359,-0.000389
3.5913591359135912,-1.037707
3.5923592359235923,1.038978
3.5933593359335934,0.289032
3.5943594359435944,-1.130044
3.5953595359535955,0.490269
3.5963596359635965,0.302742
3.5973597359735976,-0.862809
3.598359835983598,0.526187
3.5993599359935993,0.446063
3.6003600360036003,-0.653524
3.6013601360136014,0.027952
3.6023602360236024,0.669241
3.6033603360336035,-0.737649
3.6043604360436046,-0.618422
3.605360536053605,0.633456
3.6063606360636062,-0.708243
3.6073607360736073,-0.746417
3.6083608360836084,0.998698
3.6093609360936094,0.003549
3.6103610361036105,-0.748334
3.6113611361136115,1.488887
3.6123612361236126,-0.046079
3.613361336133613,-1.356497
3.6143614361436143,1.345443
3.6153615361536153,0.599985
3.6163616361636164,-0.948454
3.6173617361736174,0.304957
3.6183618361836185,0.385911
3.6193619361936196,-0.721056
3.62036203620362,0.168102
3.6213621362136212,0.92759
3.6223622362236223,-1.202103
3.6233623362336234,-0.841901
3.6243624362436244,1.435238
3.6253625362536255,-0.440275
3.6263626362636265,-1.110117
3.6273627362736276,1.083787
3.628362836283628,0.056739
3.6293629362936293,-0.621392
3.6303630363036303,0.434742
3.6313631363136314,0.575345
3.6323632363236324,-0.638837
3.6333633363336335,0.579673
3.6343634363436346,0.293237
3.635363536353635,-1.313498
3.6363636363636362,0.367416
3.6373637363736373,0.892903
3.6383638363836384,-0.490602
3.6393639363936394,-0.06588
3.6403640364036405,1.416352
3.6413641364136415,-0.723997
3.6423642364236426,-0.533748
3.643364336433643,0.954546
3.6443644364436443,0.13587
3.6453645364536453,-0.907664
3.6463646364636464,1.013043
3.6473647364736475,0.07926
3.6483648364836485,-0.973638
3.6493649364936496,1.363819
3.65036503650365,0.482437
3.6513651365136512,-0.698419
3.6523652365236523,1.083763
3.6533653365336534,0.602266
3.6543654365436544,-1.346865
3.6553655365536555,0.032968
3.6563656365636565,0.336894
3.6573657365736576,-0.719672
3.658365836583658,-0.323679
3.6593659365936593,0.757381
3.6603660366036603,-0.497185
3.6613661366136614,-0.843162
3.6623662366236625,1.157469
3.6633663366336635,-0.83658
3.6643664366436646,-0.786318
3.665366536653665,0.767681
3.6663666366636662,0.090082
3.6673667366736673,-1.447005
3.6683668366836684,0.424073
3.6693669366936694,0.581402
3.6703670367036705,-0.362568
3.6713671367136715,0.72864
3.6723672367236726,0.705637
3.673367336733673,-0.909802
3.6743674367436743,0.581103
3.6753675367536753,0.953931
3.6763676367636764,-0.767354
3.6773677367736775,-0.49597
3.6783678367836785,0.616923
3.6793679367936796,-0.431123
3.68036803680368,-0.308975
3.6813681368136812,1.200171
3.6823682368236823,-0.435177
3.6833683368336834,-0.764942
3.6843684368436844,1.06179
3.6853685368536855,0.525466
3.6863686368636865,-1.444439
3.6873687368736876,1.198901
3.688368836883688,0.029444
3.6893689368936893,-1.009656
3.6903690369036903,0.309981
3.6913691369136914,0.884748
3.6923692369236925,-0.693789
3.6933693369336935,-0.127884
3.6943694369436946,0.577187
3.695369536953695,-0.698444
3.6963696369636962,-0.467433
3.6973697369736973,0.944964
3.6983698369836984,-1.043863
3.6993699369936994,-0.675715
3.7003700370037005,1.554266
3.7013701370137015,-0.483021
3.7023702370237026,-1.096538
3.703370337033703,1.231407
3.7043704370437043,0.228295
3.7053705370537053,-0.760627
3.7063706370637064,1.221497
3.7073707370737075,0.498289
3.7083708370837085,-0.464876
3.7093709370937096,0.565958
3.71037103710371,0.919899
3.7113711371137112,-0.398106
3.7123712371237123,-0.321123
3.7133713371337134,0.316097
3.7143714371437144,-0.275256
3.7153715371537155,0.607844
3.7163716371637165,0.864096
3.7173717371737176,-0.758993
3.718371837183718,-0.473052
3.7193719371937193,1.359017
3.7203720372037203,-0.62288
3.7213721372137214,-1.074166
3.7223722372237225,1.042228
3.7233723372337235,0.388085
3.7243724372437246,-0.642731
3.725372537253725,0.583145
3.7263726372637263,-0.291779
3.7273727372737273,-1.364745
3.7283728372837284,0.61337
3.7293729372937294,0.68642
3.7303730373037305,-1.362106
3.7313731373137315,0.243744
3.7323732373237326,0.909123
3.733373337333733,-0.029488
3.7343734373437343,-0.330651
3.7353735373537353,1.148271
3.7363736373637364,0.103999
3.7373737373737375,-1.201507
3.7383738373837385,1.406266
3.7393739373937396,0.088628
3.74037403740374,-0.915062
3.7413741374137413,0.74449
3.7423742374237423,0.382298
3.7433743374337434,-0.908312
3.7443744374437444,0.747451
3.7453745374537455,-0.012784
3.7463746374637465,-1.176281
3.7473747374737476,0.710416
3.7483748374837482,0.704281
3.7493749374937493,-0.881533
3.7503750375037503,-0.521541
3.7513751375137514,0.791451
3.7523752375237525,-0.172304
3.7533753375337535,-0.72122
3.7543754375437546,1.383955
3.755375537553755,-0.298386
3.7563756375637563,-0.746862
3.7573757375737573,0.959602
3.7583758375837584,-0.327308
3.7593759375937594,-1.042478
3.7603760376037605,0.515935
3.7613761376137615,-0.197284
3.7623762376237626,-0.49835
3.7633763376337632,1.646085
3.7643764376437643,0.750708
3.7653765376537653,-0.631064
3.7663766376637664,0.66682
3.7673767376737675,0.97216
3.7683768376837685,-0.586171
3.7693769376937696,-0.072019
3.77037703770377,0.584419
3.7713771377137713,-0.582967
3.7723772377237723,-0.28589
3.7733773377337734,0.345383
3.7743774377437744,-1.171546
3.7753775377537755,-0.887475
3.7763776377637766,0.749932
3.7773777377737776,-0.158152
3.7783778377837782,-1.085669
3.7793779377937793,1.016338
3.7803780378037803,-0.188741
3.7813781378137814,-1.271731
3.7823782378237825,1.269451
3.7833783378337835,0.297647
3.7843784378437846,-1.127575
3.785378537853785,0.527129
3.7863786378637863,0.509683
3.7873787378737873,-0.703199
3.7883788378837884,0.036656
3.7893789378937894,1.10753
3.7903790379037905,-0.006494
3.7913791379137916,-0.720964
3.7923792379237926,0.995439
3.7933793379337932,-0.604852
3.7943794379437943,-0.859427
3.7953795379537953,1.106472
3.7963796379637964,0.446449
3.7973797379737975,-0.449829
3.7983798379837985,1.110132
3.7993799379937996,0.34332
3.8003800380038,-1.465567
3.8013801380138013,0.284642
3.8023802380238023,0.440838
3.8033803380338034,-0.436263
3.8043804380438044,-0.084174
3.8053805380538055,0.486402
3.8063806380638066,-0.977502
3.8073807380738076,-0.305799
3.8083808380838082,0.9973
3.8093809380938093,-0.335024
3.8103810381038103,-0.865107
3.8113811381138114,0.708576
3.8123812381238125,-0.756471
3.8133813381338135,-0.422859
3.8143814381438146,1.367305
3.815381538153815,-0.312797
3.8163816381638163,-1.011174
3.8173817381738173,0.987616
3.8183818381838184,0.331517
3.8193819381938194,-0.962672
3.8203820382038205,1.160108
3.8213821382138216,0.202669
3.8223822382238226,-0.655255
3.8233823382338232,0.231371
3.8243824382438243,0.902676
3.8253825382538253,-0.976502
3.8263826382638264,-0.799877
3.8273827382738275,0.88669
3.8283828382838285,-0.495815
3.8293829382938296,-0.210965
3.83038303830383,0.541124
3.8313831383138313,-0.13748
3.8323832383238323,-0.806445
3.8333833383338334,1.396285
3.8343834383438344,-0.410194
3.8353835383538355,-1.268932
3.8363836383638366,0.895857
3.8373837383738376,0.711643
3.8383838383838382,-0.805869
3.8393839383938393,0.324885
3.8403840384038403,0.365625
3.8413841384138414,-0.767518
3.8423842384238425,0.039614
3.8433843384338435,0.359925
3.8443844384438446,-1.340259
3.845384538453845,-0.385306
3.8463846384638463,1.568556
3.8473847384738473,-0.332952
3.8483848384838484,-0.807549
3.8493849384938494,1.258512
3.8503850385038505,0.070577
3.8513851385138516,-1.045369
3.8523852385238526,1.164662
3.8533853385338532,0.703812
3.8543854385438543,-1.06347
3.8553855385538554,0.542598
3.8563856385638564,0.566897
3.8573857385738575,-0.6842
3.8583858385838585,0.629145
3.8593859385938596,0.586078
3.86038603860386,-1.081444
3.8613861386138613,0.023929
3.8623862386238623,0.973028
3.8633863386338634,-0.74575
3.8643864386438644,-0.155817
3.8653865386538655,0.696814
3.8663866386638666,-0.603388
3.8673867386738676,-0.567769
3.8683868386838682,0.846435
3.8693869386938693,0.074137
3.8703870387038704,-0.777678
3.8713871387138714,0.51279
3.8723872387238725,-0.098853
3.8733873387338735,-1.030755
3.8743874387438746,1.210639
3.875387538753875,0.283581
3.8763876387638763,-0.696641
3.8773877387738773,0.618274
3.8783878387838784,0.782237
3.8793879387938794,-0.951184
3.8803880388038805,0.070758
3.8813881388138816,0.519171
3.8823882388238826,-1.002973
3.8833883388338832,0.040751
3.8843884388438843,0.52624
3.8853885388538854,0.030909
3.8863886388638864,-0.796222
3.8873887388738875,1.414139
3.8883888388838885,-0.264399
3.8893889388938896,-0.295847
3.89038903890389,0.944007
3.8913891389138913,0.134866
3.8923892389238923,-0.938572
3.8933893389338934,1.079595
3.8943894389438944,0.389329
3.8953895389538955,-1.106086
3.8963896389638966,0.176871
3.8973897389738976,1.454277
3.8983898389838982,0.078704
3.8993899389938993,0.450883
3.9003900390039004,0.941181
3.9013901390139014,-0.999182
3.9023902390239025,-0.307561
3.9033903390339035,1.068337
3.9043904390439046,-0.059967
3.905390539053905,-0.759791
3.9063906390639063,0.954665
3.9073907390739073,-0.234897
3.9083908390839084,-1.183256
3.9093909390939094,0.986918
3.9103910391039105,0.025741
3.9113911391139116,-1.554502
3.9123912391239126,0.662869
3.9133913391339132,0.044342
3.9143914391439143,-1.159805
3.9153915391539154,0.403604
3.9163916391639164,1.115322
3.9173917391739175,-0.647883
3.9183918391839185,-0.215867
3.9193919391939196,0.468835
3.92039203920392,-0.360479
3.9213921392139213,-0.254626
3.9223922392239223,0.689918
3.9233923392339234,0.141403
3.9243924392439244,-0.367457
3.9253925392539255,0.700636
3.9263926392639266,0.115283
3.9273927392739276,-1.02176
3.9283928392839282,0.627868
3.9293929392939293,0.729048
3.9303930393039304,-1.381419
3.9313931393139314,1.265261
3.9323932393239325,1.058736
3.9333933393339335,-0.286532
3.9343934393439346,0.750121
3.935393539353935,-0.218618
3.9363936393639363,-1.129381
3.9373937393739373,-0.488913
3.9383938393839384,0.88323
3.9393939393939394,-0.569312
3.9403940394039405,-0.450825
3.9413941394139416,1.327682
3.9423942394239426,-0.288398
3.9433943394339432,-0.731067
3.9443944394439443,1.083255
3.9453945394539454,0.020391
3.9463946394639464,-0.573417
3.9473947394739475,0.355486
3.9483948394839485,-0.068363
3.9493949394939496,-0.901132
3.95039503950395,0.744151
3.9513951395139513,0.275324
3.9523952395239523,-0.930296
3.9533953395339534,0.468888
3.9543954395439544,1.063352
3.9553955395539555,-1.269498
3.9563956395639566,-0.466876
3.9573957395739576,0.989702
3.9583958395839582,-1.085716
3.9593959395939593,-0.441578
3.9603960396039604,0.837553
3.9613961396139614,-0.622862
3.9623962396239625,-0.718652
3.9633963396339635,1.06699
3.9643964396439646,-0.206385
3.965396539653965,-0.989621
3.9663966396639663,1.257306
3.9673967396739673,-0.133566
3.9683968396839684,-0.95973
3.9693969396939695,0.336074
3.9703970397039705,0.363204
3.9713971397139716,-0.719087
3.9723972397239726,0.194597
3.9733973397339732,0.62634
3.9743974397439743,-0.396319
3.9753975397539754,-0.385322
3.9763976397639764,0.991624
3.9773977397739775,-0.09608
3.9783978397839785,-0.241824
3.9793979397939796,1.056967
3.98039803980398,0.309333
3.9813981398139813,-0.955778
3.9823982398239823,1.054703
3.9833983398339834,-0.151385
3.9843984398439845,-1.220875
3.9853985398539855,1.374478
3.9863986398639866,0.317472
3.9873987398739876,-0.408868
3.9883988398839882,1.053794
3.9893989398939893,0.651266
3.9903990399039904,-0.759532
3.9913991399139914,0.138993
3.9923992399239925,0.294773
3.9933993399339935,-0.281538
3.9943994399439946,-0.362671
3.995399539953995,0.56704
3.9963996399639963,-0.079594
3.9973997399739973,-0.371272
3.9983998399839984,0.637898
3.9993999399939995,-0.695242
4.000400040004,-0.981739
4.001400140014002,0.596221
4.002400240024002,0.026442
4.003400340034004,-0.577202
4.004400440044004,1.107722
4.005400540054006,0.645192
4.006400640064006,-0.854291
4.007400740074007,0.40343
4.0084008400840085,0.492547
4.009400940094009,-1.223217
4.010401040104011,-0.302728
4.011401140114011,0.930729
4.012401240124013,-0.456643
4.013401340134013,-0.016031
4.014401440144014,1.611187
4.0154015401540155,-0.448113
4.016401640164016,-0.327679
4.017401740174018,1.442286
4.018401840184018,-0.054872
4.01940194019402,-0.282848
4.02040204020402,1.239335
4.021402140214021,-0.42306
4.0224022402240225,-0.402426
4.023402340234023,1.052221
4.024402440244025,0.074412
4.025402540254025,-0.979487
4.026402640264027,0.627947
4.027402740274027,0.298994
4.028402840284029,-0.601297
4.0294029402940295,-0.341911
4.03040304030403,0.838014
4.031403140314032,-0.557099
4.032403240324032,-1.117034
4.033403340334034,1.18243
4.034403440344034,0.082698
4.035403540354036,-0.852024
4.036403640364036,0.61241
4.037403740374037,-0.003269
4.0384038403840385,-1.354289
4.039403940394039,0.757867
4.040404040404041,0.087396
4.041404140414041,-1.043611
4.042404240424043,0.69638
4.043404340434043,0.438616
4.044404440444044,-1.225557
4.0454045404540455,0.73113
4.046404640464046,0.353524
4.047404740474048,-0.809583
4.048404840484048,0.118118
4.04940494049405,0.446358
4.05040504050405,-0.961468
4.051405140514051,0.16374
4.0524052405240525,0.945524
4.053405340534053,-0.459217
4.054405440544055,-1.109534
4.055405540554055,0.939572
4.056405640564057,-0.524511
4.057405740574057,-1.193254
4.058405840584059,0.650197
4.0594059405940595,0.286051
4.06040604060406,-0.756504
4.061406140614062,1.049317
4.062406240624062,0.719077
4.063406340634064,-1.148801
4.064406440644064,0.416547
4.065406540654066,0.190546
4.066406640664066,-1.21812
4.067406740674067,0.35286
4.0684068406840685,0.386169
4.069406940694069,-0.725422
4.070407040704071,-0.732279
4.071407140714071,0.707117
4.072407240724073,-0.236656
4.073407340734073,-0.633698
4.074407440744074,0.877171
4.0754075407540755,-0.053302
4.076407640764076,-1.044519
4.077407740774078,0.375932
4.078407840784078,0.305795
4.07940794079408,-0.483673
4.08040804080408,1.257382
4.081408140814081,-0.295686
4.0824082408240825,-0.931505
4.083408340834083,0.1055
4.084408440844085,0.389
4.085408540854085,-0.797945
4.086408640864087,-0.037434
4.087408740874087,0.567996
4.088408840884089,-0.523821
4.0894089408940895,0.11772
4.09040904090409,0.568569
4.091409140914092,-0.412055
4.092409240924092,-0.857481
4.093409340934094,0.76264
4.094409440944094,0.222041
4.095409540954096,-0.66024
4.096409640964096,0.714204
4.097409740974097,0.126961
4.0984098409840986,-0.883718
4.099409940994099,0.846595
4.100410041004101,0.024365
4.101410141014101,-0.982019
4.102410241024103,0.201427
4.103410341034103,1.072284
4.104410441044104,-0.792308
4.1054105410541055,0.293768
4.106410641064106,1.373499
4.107410741074108,-0.82399
4.108410841084108,-0.44574
4.10941094109411,0.984794
4.11041104110411,-0.620579
4.111411141114112,-0.546111
4.1124112411241125,0.641309
4.113411341134113,0.281993
4.114411441144115,-1.235176
4.115411541154115,0.955647
4.116411641164117,0.425236
4.117411741174117,-1.077531
4.118411841184119,0.3557
4.1194119411941195,0.307924
4.12041204120412,-1.319138
4.121412141214122,0.277483
4.122412241224122,0.618416
4.123412341234124,-0.484343
4.124412441244124,-0.163643
4.125412541254126,0.843644
4.126412641264126,-0.410599
4.127412741274127,0.39584
4.1284128412841286,0.784357
4.129412941294129,-0.121352
4.130413041304131,-0.795135
4.131413141314131,0.879893
4.132413241324133,0.330941
4.133413341334133,-0.813166
4.134413441344134,0.925139
4.1354135413541355,0.403449
4.136413641364136,-0.35593
4.137413741374138,0.707121
4.138413841384138,0.566659
4.13941394139414,-0.684743
4.14041404140414,0.176147
4.141414141414142,0.785401
4.1424142414241425,-0.35178
4.143414341434143,0.280877
4.144414441444145,0.969531
4.145414541454145,-0.52147
4.146414641464147,-0.687416
4.147414741474147,1.078181
4.148414841484149,-0.808075
4.1494149414941495,-0.796261
4.15041504150415,1.11345
4.151415141514152,-0.180301
4.152415241524152,-1.090758
4.153415341534154,0.316392
4.154415441544154,0.397107
4.155415541554156,-0.805326
4.156415641564156,0.47156
4.157415741574157,0.991997
4.158415841584159,-1.29589
4.159415941594159,-0.07812
4.160416041604161,0.291487
4.161416141614161,-0.833465
4.162416241624163,0.003809
4.163416341634163,0.673134
4.164416441644164,-0.04559
4.1654165416541655,-0.712475
4.166416641664166,0.727149
4.167416741674168,-0.117288
4.168416841684168,-0.608295
4.16941694169417,1.161201
4.17041704170417,0.207224
4.171417141714172,-0.753574
4.1724172417241725,1.327094
4.173417341734173,0.218492
4.174417441744175,-0.792897
4.175417541754175,0.686067
4.176417641764177,0.739283
4.177417741774177,-0.707276
4.178417841784179,0.20622
4.1794179417941795,0.810255
4.18041804180418,-0.850049
4.181418141814182,-0.106883
4.182418241824182,0.326123
4.183418341834184,-0.464219
4.184418441844184,-0.857801
4.185418541854186,1.135514
4.186418641864186,-0.114698
4.187418741874187,-1.072543
4.188418841884189,1.258257
4.189418941894189,0.407993
4.190419041904191,-0.827191
4.191419141914191,0.574528
4.192419241924193,0.066368
4.193419341934193,-1.476421
4.194419441944194,0.394253
4.1954195419541955,1.073375
4.196419641964196,-0.710853
4.197419741974198,0.268707
4.198419841984198,0.981675
4.1994199419942,-1.081743
4.2004200420042,-0.269276
4.201420142014202,0.837194
4.2024202420242025,-0.277721
4.203420342034203,-0.133289
4.204420442044205,1.029315
4.205420542054205,-0.108873
4.206420642064207,-0.836703
4.207420742074207,0.902549
4.208420842084209,-0.779221
4.2094209420942095,-1.001505
4.21042104210421,0.631239
4.211421142114212,0.569225
4.212421242124212,-0.722981
4.213421342134214,0.402433
4.214421442144214,0.595462
4.215421542154216,-0.627331
4.216421642164216,0.430745
4.217421742174217,0.278611
4.218421842184219,-0.828195
4.219421942194219,-0.118809
4.220422042204221,0.840499
4.221422142214221,-0.565993
4.222422242224223,-0.407258
4.223422342234223,0.965405
4.224422442244224,-0.414708
4.2254225422542255,-1.112236
4.226422642264226,1.464691
4.227422742274228,-0.049051
4.228422842284228,-0.601174
4.22942294229423,0.527756
4.23042304230423,0.189061
4.231423142314232,-0.963238
4.2324232423242325,0.442137
4.233423342334233,0.67645
4.234423442344235,-0.845277
4.235423542354235,0.206089
4.236423642364237,0.703454
4.237423742374237,-0.901377
4.238423842384239,-0.319183
4.2394239423942395,0.663476
4.24042404240424,0.163568
4.241424142414242,-0.522587
4.242424242424242,0.617899
4.243424342434244,-0.196747
4.244424442444244,-1.04087
4.245424542454246,0.814715
4.2464246424642464,-0.014373
4.247424742474247,-0.950344
4.248424842484249,0.613974
4.249424942494249,0.240161
4.250425042504251,-1.126198
4.251425142514251,0.53773
4.252425242524253,0.743435
4.253425342534253,-1.277906
4.254425442544254,-0.2627
4.2554255425542555,1.193274
4.256425642564256,-0.35935
4.257425742574258,-0.409418
4.258425842584258,1.192394
4.25942594259426,-0.176617
4.26042604260426,-0.424212
4.261426142614262,0.916121
4.2624262426242625,0.129625
4.263426342634263,-0.898416
4.264426442644265,0.520209
4.265426542654265,0.370721
4.266426642664267,-0.995377
4.267426742674267,0.715332
4.268426842684269,0.272779
4.2694269426942695,-1.14489
4.27042704270427,0.195199
4.271427142714272,0.908347
4.272427242724272,-0.817719
4.273427342734274,0.168069
4.274427442744274,0.000857
4.275427542754276,-0.438745
4.2764276427642764,-0.986043
4.277427742774277,0.43398
4.278427842784279,-0.505084
4.279427942794279,-1.015191
4.280428042804281,0.612718
4.281428142814281,-0.031665
4.282428242824283,-0.609956
4.283428342834283,0.807029
4.284428442844284,0.044315
4.2854285428542855,-1.192644
4.286428642864286,0.756184
4.287428742874288,0.443064
4.288428842884288,-0.336705
4.28942894289429,-0.078334
4.29042904290429,0.785374
4.291429142914292,-0.714613
4.2924292429242925,-0.502762
4.293429342934293,0.298219
4.294429442944295,-0.126362
4.295429542954295,-0.345845
4.296429642964297,0.854646
4.297429742974297,-0.338021
4.298429842984299,-0.88718
4.2994299429942995,0.799964
4.3004300430043,0.137108
4.301430143014302,-1.105022
4.302430243024302,1.078371
4.303430343034304,0.246877
4.304430443044304,-0.649719
4.305430543054306,0.104869
4.3064306430643065,0.244828
4.307430743074307,-0.940445
4.308430843084309,0.542626
4.309430943094309,0.932231
4.310431043104311,-0.577153
4.311431143114311,-0.32866
4.312431243124313,1.115194
4.313431343134313,-0.577525
4.314431443144314,-0.415866
4.3154315431543155,0.896432
4.316431643164316,-0.176542
4.317431743174318,-1.261069
4.318431843184318,1.394958
4.31943194319432,-0.465945
4.32043204320432,-0.835159
4.321432143214322,0.51366
4.3224322432243225,-0.229192
4.323432343234323,-0.713925
4.324432443244325,0.447039
4.325432543254325,1.092732
4.326432643264327,-0.838636
4.327432743274327,0.018014
4.328432843284329,0.974304
4.3294329432943295,0.110319
4.33043304330433,0.076754
4.331433143314332,0.550429
4.332433243324332,-0.674164
4.333433343334334,-0.685104
4.334433443344334,1.532015
4.335433543354336,-0.549863
4.3364336433643365,-0.57877
4.337433743374337,1.145385
4.338433843384339,0.029955
4.339433943394339,-0.89262
4.340434043404341,0.921764
4.341434143414341,-0.106642
4.342434243424343,-0.571678
4.343434343434343,0.336853
4.344434443444344,0.554653
4.3454345434543455,-0.666987
4.346434643464346,1.190661
4.347434743474348,0.509773
4.348434843484348,-1.031315
4.34943494349435,-0.151249
4.35043504350435,0.504975
4.351435143514352,-0.266635
4.3524352435243525,-0.573649
4.353435343534353,1.090328
4.354435443544355,-0.911948
4.355435543554355,-1.648068
4.356435643564357,0.900304
4.357435743574357,0.092251
4.358435843584359,-0.973996
4.3594359435943595,0.089405
4.36043604360436,-0.019399
4.361436143614362,-1.175601
4.362436243624362,0.664878
4.363436343634364,0.91576
4.364436443644364,-0.690664
4.365436543654366,0.211551
4.3664366436643665,1.186185
4.367436743674367,-1.280495
4.368436843684369,0.163645
4.369436943694369,1.212191
4.370437043704371,-0.563295
4.371437143714371,-0.690578
4.372437243724373,0.534556
4.373437343734373,-0.415802
4.374437443744374,-0.829606
4.3754375437543755,0.705885
4.376437643764376,-0.124586
4.377437743774378,-0.949476
4.378437843784378,0.959693
4.37943794379438,0.413455
4.38043804380438,-0.400659
4.381438143814382,0.514275
4.3824382438243825,0.261313
4.383438343834383,-0.96701
4.384438443844385,-0.086268
4.385438543854385,0.325233
4.386438643864387,-0.419778
4.387438743874387,-0.142845
4.388438843884389,0.395462
4.3894389438943895,-0.32674
4.39043904390439,-0.735682
4.391439143914392,1.769715
4.392439243924392,0.079158
4.393439343934394,-1.047998
4.394439443944394,1.093783
4.395439543954396,0.028073
4.3964396439643965,-0.896523
4.397439743974397,0.641454
4.398439843984399,-0.290249
4.399439943994399,-1.347049
4.400440044004401,0.33557
4.401440144014401,0.398792
4.402440244024403,-0.857248
4.403440344034403,0.082516
4.404440444044404,0.822963
4.4054405440544055,-0.968057
4.406440644064406,-0.240809
4.407440744074408,1.168621
4.408440844084408,-0.23246
4.40944094409441,-0.966053
4.41044104410441,1.072913
4.411441144114412,-0.307759
4.4124412441244125,-0.201544
4.413441344134413,1.397768
4.414441444144415,-0.03646
4.415441544154415,-1.235672
4.416441644164417,0.793782
4.417441744174417,0.497089
4.418441844184419,-1.129924
4.4194419441944195,0.251221
4.42044204420442,0.381272
4.421442144214422,-1.062941
4.422442244224422,-0.33124
4.423442344234424,1.343749
4.424442444244424,-0.91933
4.425442544254426,-0.526668
4.4264426442644265,0.981156
4.427442744274427,-0.493436
4.428442844284429,-1.115296
4.429442944294429,1.653846
4.430443044304431,-0.591282
4.431443144314431,-0.971416
4.432443244324433,1.192662
4.433443344334433,-0.229629
4.434443444344434,-1.33248
4.4354435443544356,0.781105
4.436443644364436,0.526546
4.437443744374438,-1.396354
4.438443844384438,0.19253
4.43944394439444,0.210934
4.44044404440444,-0.237415
4.441444144414442,-0.728292
4.4424442444244425,0.39512
4.443444344434443,-0.71042
4.444444444444445,-1.044806
4.445444544454445,1.065757
4.446444644464447,-0.399718
4.447444744474447,-0.74585
4.448444844484449,1.211496
4.4494449444944495,-0.054699
4.45044504450445,-1.058212
4.451445144514452,0.771169
4.452445244524452,0.547973
4.453445344534454,-0.467512
4.454445444544454,1.370342
4.455445544554456,0.962937
4.4564456445644565,-0.951463
4.457445744574457,-0.045003
4.458445844584459,0.530728
4.459445944594459,-0.59881
4.460446044604461,0.088308
4.461446144614461,1.656877
4.462446244624463,-1.143546
4.463446344634463,0.080983
4.464446444644464,1.164988
4.4654465446544656,-0.932289
4.466446644664466,-1.097051
4.467446744674468,0.924188
4.468446844684468,0.083121
4.46944694469447,-0.645806
4.47044704470447,0.145499
4.471447144714472,0.533221
4.4724472447244725,-0.790978
4.473447344734473,0.48635
4.474447444744475,0.194588
4.475447544754475,-0.6274
4.476447644764477,-0.131251
4.477447744774477,1.051326
4.478447844784479,-1.316034
4.4794479447944795,-0.092658
4.48044804480448,0.932028
4.481448144814482,-0.418833
4.482448244824482,-0.325706
4.483448344834484,1.036297
4.484448444844484,-0.912334
4.485448544854486,-1.00256
4.4864486448644865,0.919388
4.487448744874487,-0.149746
4.488448844884489,-1.505674
4.489448944894489,1.039242
4.490449044904491,0.280205
4.491449144914491,-0.638327
4.492449244924493,0.947121
4.493449344934493,0.426559
4.494449444944494,-0.563298
4.495449544954496,0.588866
4.496449644964496,0.740624
4.497449744974498,-0.777309
4.498449844984498,0.14757
4.4994499449945,0.524954
4.5004500450045,-0.763318
4.501450145014502,-0.649593
4.5024502450245025,0.779319
4.503450345034503,-0.193467
4.504450445044505,-0.64984
4.505450545054505,0.993691
4.506450645064507,0.076467
4.507450745074507,-1.455213
4.508450845084509,0.51919
4.5094509450945095,0.394324
4.51045104510451,-0.431579
4.511451145114512,0.742743
4.512451245124512,0.841273
4.513451345134514,-1.514334
4.514451445144514,0.200701
4.515451545154516,0.641478
4.5164516451645165,-1.036054
4.517451745174517,-0.559859
4.518451845184519,0.282717
4.519451945194519,-0.826135
4.520452045204521,-0.476357
4.521452145214521,1.059852
4.522452245224523,-0.349226
4.523452345234523,-0.852886
4.524452445244524,0.796876
4.525452545254526,-0.354786
4.526452645264526,-0.837262
4.527452745274528,0.950179
4.528452845284528,-0.163548
4.52945294529453,-1.079116
4.53045304530453,0.470351
4.531453145314532,0.664823
4.5324532453245325,-0.66584
4.533453345334533,0.632658
4.534453445344535,0.630109
4.535453545354535,-0.548611
4.536453645364537,-0.19712
4.537453745374537,0.962116
4.538453845384539,-0.516234
4.5394539453945395,-0.999632
4.54045404540454,0.995887
4.541454145414542,0.027154
4.542454245424542,-0.941274
4.543454345434544,0.761413
4.544454445444544,0.069912
4.545454545454546,-0.801654
4.5464546454645465,0.639349
4.547454745474547,0.527484
4.548454845484549,-0.64422
4.549454945494549,0.663114
4.550455045504551,1.090012
4.551455145514551,-0.999239
4.552455245524553,0.056494
4.5534553455345534,0.757075
4.554455445544554,-0.632164
4.555455545554556,-0.088436
4.556455645564556,1.258871
4.557455745574558,0.341251
4.558455845584558,-0.61014
4.55945594559456,1.065789
4.56045604560456,0.034447
4.561456145614562,-0.535041
4.5624562456245625,1.124528
4.563456345634563,-0.052944
4.564456445644565,-1.28906
4.565456545654565,0.864058
4.566456645664567,0.307356
4.567456745674567,-1.09673
4.568456845684569,0.296926
4.5694569456945695,0.464906
4.57045704570457,-0.851827
4.571457145714572,-0.36272
4.572457245724572,0.800266
4.573457345734574,-0.846948
4.574457445744574,-0.387911
4.575457545754576,0.941049
4.5764576457645765,-0.741803
4.577457745774577,-0.59715
4.578457845784579,1.430002
4.579457945794579,-0.152643
4.580458045804581,-1.302974
4.581458145814581,0.694713
4.582458245824583,0.788028
4.5834583458345834,-0.912664
4.584458445844584,0.696469
4.585458545854586,0.247739
4.586458645864586,-0.904552
4.587458745874588,0.39197
4.588458845884588,1.030282
4.58945894589459,-0.606564
4.59045904590459,-0.16782
4.591459145914592,1.361604
4.5924592459245925,-0.267552
4.593459345934593,-0.740573
4.594459445944595,1.103755
4.595459545954595,0.149831
4.596459645964597,-0.179015
4.597459745974597,0.886453
4.598459845984599,-0.291047
4.5994599459945995,-1.495228
4.6004600460046,0.823768
4.601460146014602,0.168046
4.602460246024602,-0.666486
4.603460346034604,0.538464
4.604460446044604,0.489322
4.605460546054606,-0.548371
4.6064606460646065,0.431126
4.607460746074607,0.362853
4.608460846084609,-0.796757
4.609460946094609,0.330165
4.610461046104611,0.611508
4.611461146114611,-0.583491
4.612461246124613,-0.295501
4.6134613461346134,0.394344
4.614461446144614,-0.312744
4.615461546154616,-0.941491
4.616461646164616,0.913451
4.617461746174618,-0.147401
4.618461846184618,-0.79913
4.61946194619462,0.839625
4.62046204620462,0.524483
4.621462146214622,-0.762205
4.6224622462246225,0.600366
4.623462346234623,0.618432
4.624462446244625,-1.291075
4.625462546254625,0.301328
4.626462646264627,0.449394
4.627462746274627,-1.145218
4.628462846284629,0.090126
4.6294629462946295,1.247271
4.63046304630463,-0.299984
4.631463146314632,-0.447035
4.632463246324632,1.274324
4.633463346334634,0.106325
4.634463446344634,-0.702405
4.635463546354636,1.262176
4.6364636463646365,-0.357141
4.637463746374637,-0.633317
4.638463846384639,1.208183
4.639463946394639,0.763536
4.640464046404641,-0.53925
4.641464146414641,0.208211
4.642464246424643,0.823638
4.6434643464346435,-1.103197
4.644464446444644,0.625473
4.645464546454646,0.907289
4.646464646464646,-1.411224
4.647464746474648,0.32188
4.648464846484648,0.943154
4.64946494649465,-0.487384
4.65046504650465,-0.884929
4.651465146514652,0.714342
4.6524652465246525,-0.184424
4.653465346534653,-0.818011
4.654465446544655,0.790622
4.655465546554655,-0.62762
4.656465646564657,-1.88674
4.657465746574657,0.772868
4.658465846584659,0.105358
4.6594659465946595,-0.598847
4.66046604660466,0.470323
4.661466146614662,-0.045421
4.662466246624662,-1.168968
4.663466346634664,0.325517
4.664466446644664,0.648533
4.665466546654666,-1.256724
4.6664666466646665,-0.285929
4.667466746674667,0.76046
4.668466846684669,-0.50275
4.669466946694669,-0.676367
4.670467046704671,1.30709
4.671467146714671,-0.293329
4.672467246724673,-1.000104
4.6734673467346735,0.988213
4.674467446744674,0.641311
4.675467546754676,-1.258037
4.676467646764676,0.955628
4.677467746774678,0.133663
4.678467846784678,-1.129609
4.67946794679468,-0.181065
4.68046804680468,0.559156
4.681468146814682,-1.059472
4.6824682468246825,0.128061
4.683468346834683,0.625199
4.684468446844685,-0.428357
4.685468546854685,-0.09502
4.686468646864687,0.754897
4.687468746874687,-0.12038
4.688468846884689,-0.730181
4.6894689468946895,1.169402
4.69046904690469,-0.21508
4.691469146914692,-1.612412
4.692469246924692,1.474481
4.693469346934694,0.395384
4.694469446944694,-1.254912
4.695469546954696,0.859362
4.6964696469646965,0.337995
4.697469746974697,-0.832148
4.698469846984699,0.396153
4.699469946994699,0.312633
4.700470047004701,-0.882796
4.701470147014701,-0.199949
4.702470247024703,0.857222
4.7034703470347035,-0.549845
4.704470447044704,-0.269289
4.705470547054706,0.999039
4.706470647064706,-0.064628
4.707470747074708,-0.614488
4.708470847084708,0.781997
4.70947094709471,0.01496
4.71047104710471,-0.744547
4.711471147114712,0.574619
4.7124712471247125,0.033966
4.713471347134713,-1.559579
4.714471447144715,0.864773
4.715471547154715,0.469967
4.716471647164717,-0.913491
4.717471747174717,0.148881
4.718471847184719,0.729692
4.7194719471947195,-1.076854
4.72047204720472,-0.468204
4.721472147214722,1.433815
4.722472247224722,-0.195368
4.723472347234724,-0.524002
4.724472447244724,0.737439
4.725472547254726,-0.32904
4.7264726472647265,-0.868684
4.727472747274727,0.987919
4.728472847284729,-0.117914
4.729472947294729,-0.649008
4.730473047304731,1.007092
4.731473147314731,-0.370929
4.732473247324733,-0.703932
4.7334733473347335,0.775567
4.734473447344734,0.518924
4.735473547354736,-0.802586
4.736473647364736,0.241641
4.737473747374738,0.811158
4.738473847384738,-0.251438
4.73947394739474,-0.341999
4.74047404740474,0.530821
4.741474147414742,-0.485399
4.7424742474247426,-0.276217
4.743474347434743,0.956479
4.744474447444745,-0.274005
4.745474547454745,-1.234849
4.746474647464747,0.997146
4.747474747474747,-0.07893
4.748474847484749,-0.955448
4.7494749474947495,1.032342
4.75047504750475,0.451588
4.751475147514752,-1.379718
4.752475247524752,0.587798
4.753475347534754,0.478141
4.754475447544754,-0.976185
4.755475547554756,0.623655
4.7564756475647565,0.312445
4.757475747574757,-0.964228
4.758475847584759,-0.143847
4.759475947594759,0.780124
4.760476047604761,-0.837458
4.761476147614761,-0.466332
4.762476247624763,0.695842
4.7634763476347635,-0.349228
4.764476447644764,-0.367279
4.765476547654766,1.167436
4.766476647664766,-0.730843
4.767476747674768,-0.96025
4.768476847684768,1.180166
4.76947694769477,0.355092
4.77047704770477,-1.560615
4.771477147714772,0.74968
4.7724772477247726,0.319208
4.773477347734773,-0.22136
4.774477447744775,0.634223
4.775477547754775,0.325154
4.776477647764777,-0.755979
4.777477747774777,-0.149524
4.778477847784779,0.962997
4.7794779477947795,-0.284459
4.78047804780478,-0.423576
4.781478147814782,0.79397
4.782478247824782,-0.306646
4.783478347834784,-0.900184
4.784478447844784,0.376177
4.785478547854786,-0.231201
4.7864786478647865,-0.28752
4.787478747874787,1.144093
4.788478847884789,-0.072737
4.789478947894789,-1.071333
4.790479047904791,0.990287
4.791479147914791,0.342522
4.792479247924793,-1.363426
4.7934793479347935,0.195123
4.794479447944794,0.356751
4.795479547954796,-0.310258
4.796479647964796,-0.280685
4.797479747974798,0.851462
4.798479847984798,-0.808075
4.7994799479948,-0.255392
4.8004800480048,1.273417
4.801480148014802,-0.552135
4.802480248024803,-1.000255
4.803480348034803,0.660408
4.804480448044805,-0.008731
4.805480548054805,-1.085719
4.806480648064807,1.263125
4.807480748074807,0.164952
4.808480848084809,-0.421373
4.8094809480948095,0.600335
4.81048104810481,0.35895
4.811481148114812,-1.27175
4.812481248124812,0.539747
4.813481348134814,0.476758
4.814481448144814,-0.641915
4.815481548154816,-0.701388
4.8164816481648165,1.184961
4.817481748174817,-0.504011
4.818481848184819,-1.017471
4.819481948194819,1.254501
4.820482048204821,-0.487991
4.821482148214821,-0.802469
4.822482248224823,0.246397
4.8234823482348235,0.120584
4.824482448244824,-0.73587
4.825482548254826,0.549459
4.826482648264826,0.706209
4.827482748274828,-0.997941
4.828482848284828,0.018165
4.82948294829483,0.628097
4.83048304830483,-0.642632
4.831483148314832,0.198469
4.832483248324833,1.025755
4.833483348334833,-1.031821
4.834483448344835,-0.547023
4.835483548354835,1.214135
4.836483648364837,-0.149598
4.837483748374837,-0.735402
4.838483848384839,1.194395
4.8394839483948395,-0.735875
4.84048404840484,-0.360657
4.841484148414842,1.025171
4.842484248424842,-0.121364
4.843484348434844,-0.680993
4.844484448444844,0.847974
4.845484548454846,0.377154
4.8464846484648465,-0.726611
4.847484748474847,0.168126
4.848484848484849,0.96159
4.849484948494849,-1.491833
4.850485048504851,0.469523
4.851485148514851,0.546168
4.852485248524853,-1.111099
4.8534853485348535,-0.300464
4.854485448544854,1.332339
4.855485548554856,-0.389148
4.856485648564856,-1.039328
4.857485748574858,1.025412
4.858485848584858,0.524432
4.85948594859486,-0.790536
4.86048604860486,0.449726
4.861486148614862,0.756633
4.862486248624863,-1.004679
4.863486348634863,0.759756
4.864486448644865,0.284169
4.865486548654865,-1.354328
4.866486648664867,0.070016
4.867486748674867,0.341829
4.868486848684869,-0.859028
4.8694869486948695,-0.257335
4.87048704870487,1.206297
4.871487148714872,-0.585906
4.872487248724872,-0.76165
4.873487348734874,1.010236
4.874487448744874,-0.650406
4.875487548754876,-0.826252
4.8764876487648765,1.103069
4.877487748774877,0.193694
4.878487848784879,-1.428861
4.879487948794879,1.212881
4.880488048804881,0.208974
4.881488148814881,-0.576435
4.882488248824883,1.013369
4.8834883488348835,0.268711
4.884488448844884,-1.338645
4.885488548854886,0.496944
4.886488648864886,0.668513
4.887488748874888,-0.72491
4.888488848884888,0.031162
4.88948894889489,0.24454
4.8904890489048904,-0.736624
4.891489148914892,-0.619263
4.892489248924893,0.997193
4.893489348934893,-0.458196
4.894489448944895,-0.622668
4.895489548954895,0.606916
4.896489648964897,-0.407279
4.897489748974897,-1.422088
4.898489848984899,1.019456
4.8994899489948995,-0.033966
4.9004900490049,-1.04613
4.901490149014902,0.96276
4.902490249024902,0.97813
4.903490349034904,-0.846531
4.904490449044904,0.661505
4.905490549054906,0.484561
4.9064906490649065,-1.438917
4.907490749074907,0.461451
4.908490849084909,0.765391
4.909490949094909,-1.020323
4.910491049104911,-0.810873
4.911491149114911,0.725426
4.912491249124913,-0.294685
4.9134913491349135,-0.353388
4.914491449144914,1.342132
4.915491549154916,-0.167534
4.916491649164916,-1.152758
4.917491749174918,1.548785
4.918491849184918,0.437619
4.91949194919492,-0.720135
4.9204920492049204,0.522519
4.921492149214922,0.367243
4.922492249224923,-0.818671
4.923492349234923,0.388582
4.924492449244925,0.522374
4.925492549254925,-0.880624
4.926492649264927,0.135092
4.927492749274927,1.367993
4.928492849284929,-0.362981
4.9294929492949295,-0.463246
4.93049304930493,1.225948
4.931493149314932,-0.272246
4.932493249324932,-1.623991
4.933493349334934,0.738773
4.934493449344934,-0.186042
4.935493549354936,-1.084817
4.9364936493649365,1.124715
4.937493749374937,0.63646
4.938493849384939,-1.186307
4.939493949394939,0.448403
4.940494049404941,0.397085
4.941494149414941,-1.110929
4.942494249424943,0.302408
4.9434943494349435,1.334884
4.944494449444944,-0.870264
4.945494549454946,-0.064439
4.946494649464946,0.859895
4.947494749474948,-0.942391
4.948494849484948,-0.781179
4.94949494949495,1.232777
4.9504950495049505,-0.46958
4.951495149514952,-1.189894
4.952495249524953,1.321126
4.953495349534953,-0.068527
4.954495449544955,-0.627595
4.955495549554955,0.947969
4.956495649564957,0.729539
4.957495749574957,-0.582199
4.958495849584959,0.692658
4.9594959495949595,0.819335
4.96049604960496,-1.133005
4.961496149614962,0.1548
4.962496249624962,0.700867
4.963496349634964,-0.544349
4.964496449644964,-0.235088
4.965496549654966,1.006534
4.9664966496649665,-0.517258
4.967496749674967,-0.226865
4.968496849684969,1.016367
4.969496949694969,-0.221415
4.970497049704971,-0.775254
4.971497149714971,1.01996
4.972497249724973,0.125073
4.9734973497349735,-0.817309
4.974497449744974,0.31138
4.975497549754976,0.349788
4.976497649764976,-0.35293
4.977497749774978,0.963162
4.978497849784978,0.016261
4.97949794979498,-0.606456
4.9804980498049805,-0.062321
4.981498149814982,0.203791
4.982498249824983,-0.906161
4.983498349834983,-0.284264
4.984498449844985,0.684754
4.985498549854985,-0.924372
4.986498649864987,0.263653
4.987498749874987,1.288785
4.988498849884989,-0.390579
4.9894989498949895,-0.957283
4.99049904990499,1.271762
4.991499149914992,-0.076725
4.992499249924992,-0.648379
4.993499349934994,0.935602
4.994499449944994,0.281878
4.995499549954996,-1.215791
4.9964996499649965,0.552484
4.997499749974997,1.104137
4.998499849984999,-0.831134
4.999499949994999,0.78281
5.000500050005001,1.261184
5.001500150015001,-1.102583
5.002500250025003,-0.142706
5.0035003500350035,0.99412
5.004500450045004,0.102298
5.005500550055006,-0.970952
5.006500650065006,1.216503
5.007500750075008,-0.095502
5.008500850085008,-0.925413
5.00950095009501,1.1272
5.0105010501050105,0.223532
5.011501150115012,-0.761078
5.012501250125013,0.46791
5.013501350135013,0.335519
5.014501450145015,-1.667066
5.015501550155015,0.884636
5.016501650165017,0.970468
5.017501750175017,-0.361593
5.018501850185019,0.167736
5.0195019501950195,0.872983
5.02050205020502,-0.559575
5.021502150215022,-0.634644
5.022502250225022,0.954623
5.023502350235024,-0.040668
5.024502450245024,-0.634134
5.025502550255026,1.564215
5.0265026502650265,-0.308107
5.027502750275027,-0.992041
5.028502850285029,0.420138
5.029502950295029,-0.385675
5.030503050305031,-0.832742
5.031503150315031,1.338179
5.032503250325033,0.429362
5.0335033503350335,-0.561559
5.034503450345034,0.175131
5.035503550355036,0.489276
5.036503650365036,-0.992123
5.037503750375038,0.330544
5.038503850385038,0.414732
5.03950395039504,-0.960227
5.0405040504050405,-0.274743
5.041504150415042,1.12355
5.042504250425043,-0.869081
5.043504350435043,-0.699272
5.044504450445045,1.095153
5.045504550455045,-0.530372
5.046504650465047,-0.682863
5.047504750475047,0.448205
5.048504850485049,-0.165943
5.0495049504950495,-1.142113
5.05050505050505,0.892898
5.051505150515052,0.695816
5.052505250525052,-1.084801
5.053505350535054,0.517409
5.054505450545054,0.611937
5.055505550555056,-1.265772
5.0565056505650565,0.074219
5.057505750575057,0.76707
5.058505850585059,-0.910779
5.059505950595059,-0.488178
5.060506050605061,0.762056
5.061506150615061,-0.425282
5.062506250625063,-0.013243
5.0635063506350635,0.75314
5.064506450645064,-0.791727
5.065506550655066,-1.042514
5.066506650665066,0.668097
5.067506750675068,0.130964
5.068506850685068,-1.001322
5.06950695069507,0.646676
5.0705070507050705,0.189103
5.071507150715072,-1.244887
5.072507250725073,0.53213
5.073507350735073,1.100592
5.074507450745075,-0.659978
5.075507550755075,-0.014949
5.076507650765077,0.589325
5.077507750775077,-0.923785
5.078507850785079,-0.622708
5.0795079507950796,1.551302
5.08050805080508,-0.345127
5.081508150815082,-0.787543
5.082508250825082,1.408166
5.083508350835084,-0.082321
5.084508450845084,-0.913495
5.085508550855086,0.74902
5.0865086508650865,0.073962
5.087508750875087,-0.74856
5.088508850885089,0.865278
5.089508950895089,0.832603
5.090509050905091,-0.981754
5.091509150915091,0.528507
5.092509250925093,0.142786
5.0935093509350935,-0.963057
5.094509450945094,0.17386
5.095509550955096,1.358343
5.096509650965096,-0.196738
5.097509750975098,-0.530688
5.098509850985098,1.265539
5.0995099509951,-0.606203
5.1005100510051005,-0.465503
5.101510151015102,1.303912
5.102510251025103,0.368535
5.103510351035103,-0.822716
5.104510451045105,0.998824
5.105510551055105,-0.256908
5.106510651065107,-0.891545
5.107510751075107,0.486277
5.108510851085109,0.561556
5.1095109510951096,-0.544819
5.11051105110511,-0.066244
5.111511151115112,0.54629
5.112511251125112,-0.68086
5.113511351135114,-0.137219
5.114511451145114,0.932465
5.115511551155116,-0.419956
5.1165116511651165,-0.593866
5.117511751175117,0.88135
5.118511851185119,-0.554479
5.119511951195119,-1.115499
5.120512051205121,0.609953
5.121512151215121,0.535858
5.122512251225123,-0.913326
5.1235123512351235,0.693626
5.124512451245124,0.433751
5.125512551255126,-0.445989
5.126512651265126,0.447424
5.127512751275128,0.73638
5.128512851285128,-0.808189
5.12951295129513,0.38675
5.1305130513051305,0.42924
5.131513151315132,-0.576588
5.132513251325133,-0.216457
5.133513351335133,0.886846
5.134513451345135,-0.68168
5.135513551355135,-0.506948
5.136513651365137,0.920195
5.137513751375137,-0.980758
5.138513851385139,-0.727501
5.13951395139514,1.048967
5.14051405140514,-0.464291
5.141514151415142,-0.987834
5.142514251425142,0.756114
5.143514351435144,0.226659
5.144514451445144,-1.482939
5.145514551455146,0.487447
5.1465146514651465,0.507912
5.147514751475147,-1.072055
5.148514851485149,0.166844
5.149514951495149,0.619915
5.150515051505151,-1.188624
5.151515151515151,-0.212312
5.152515251525153,1.212545
5.1535153515351535,-0.443942
5.154515451545154,-1.165998
5.155515551555156,1.116195
5.156515651565156,0.11514
5.157515751575158,-0.784458
5.158515851585158,0.299656
5.15951595159516,0.305561
5.1605160516051605,-1.622361
5.161516151615162,1.361354
5.162516251625163,0.24719
5.163516351635163,-0.653859
5.164516451645165,0.37354
5.165516551655165,0.904146
5.166516651665167,-0.832816
5.167516751675167,0.533223
5.168516851685169,1.11229
5.16951695169517,-0.728973
5.17051705170517,-0.215874
5.171517151715172,1.220209
5.172517251725172,-0.935795
5.173517351735174,-0.777531
5.174517451745174,0.911018
5.175517551755176,-0.458827
5.1765176517651765,-1.000662
5.177517751775177,1.140015
5.178517851785179,-0.242447
5.179517951795179,-0.977327
5.180518051805181,0.742565
5.181518151815181,0.37125
5.182518251825183,-1.389854
5.1835183518351835,1.203537
5.184518451845184,0.669823
5.185518551855186,-0.950194
5.186518651865186,-0.168154
5.187518751875188,0.950955
5.188518851885188,-0.207333
5.18951895189519,-0.13257
5.1905190519051905,1.022059
5.191519151915192,-0.449747
5.192519251925193,-0.82363
5.193519351935193,1.014554
5.194519451945195,-0.159792
5.195519551955195,-1.261137
5.196519651965197,1.372115
5.197519751975197,-0.057725
5.198519851985199,-1.082284
5.1995199519952,0.753691
5.2005200520052,0.20437
5.201520152015202,-1.374855
5.202520252025202,0.677329
5.203520352035204,0.690022
5.204520452045204,-0.756562
5.205520552055206,-0.242394
5.2065206520652065,0.401068
5.207520752075207,-0.584586
5.208520852085209,0.022541
5.209520952095209,1.235497
5.210521052105211,-0.422174
5.211521152115211,-1.150746
5.212521252125213,1.306526
5.2135213521352135,-0.617733
5.214521452145214,-0.908987
5.215521552155216,0.421148
5.216521652165216,-0.022755
5.217521752175218,-0.793524
5.218521852185218,0.290756
5.21952195219522,0.834201
5.2205220522052205,-1.530866
5.221522152215222,0.055133
5.222522252225223,0.417843
5.223522352235223,-0.975705
5.224522452245225,-0.219543
5.225522552255225,1.180622
5.226522652265227,-0.460344
5.2275227522752274,0.205583
5.228522852285229,0.421867
5.22952295229523,-0.412247
5.23052305230523,-0.803845
5.231523152315232,1.03275
5.232523252325232,0.252685
5.233523352335234,-0.792765
5.234523452345234,0.433122
5.235523552355236,-0.13194
5.2365236523652365,-0.825715
5.237523752375237,0.96567
5.238523852385239,0.853843
5.239523952395239,-1.098055
5.240524052405241,0.225741
5.241524152415241,0.311321
5.242524252425243,-1.791878
5.2435243524352435,0.372189
5.244524452445244,0.929374
5.245524552455246,-0.265431
5.246524652465246,-0.521977
5.247524752475248,0.623997
5.248524852485248,-0.671129
5.24952495249525,-0.957514
5.2505250525052505,0.914498
5.251525152515252,-0.642361
5.252525252525253,-0.510516
5.253525352535253,0.932185
5.254525452545255,0.34904
5.255525552555255,-0.968664
5.256525652565257,0.475194
5.2575257525752574,0.532906
5.258525852585259,-0.435833
5.25952595259526,0.417215
5.26052605260526,1.028403
5.261526152615262,-0.940488
5.262526252625262,-0.335085
5.263526352635264,0.311414
5.264526452645264,-0.547115
5.265526552655266,-0.70536
5.2665266526652665,0.451102
5.267526752675267,-0.203156
5.268526852685269,-0.947996
5.269526952695269,0.319756
5.270527052705271,-0.346995
5.271527152715271,-1.33974
5.272527252725273,0.682557
5.2735273527352735,0.23579
5.274527452745274,-0.708506
5.275527552755276,0.956611
5.276527652765276,0.490381
5.277527752775278,-0.990027
5.278527852785278,0.428952
5.27952795279528,0.889879
5.2805280528052805,-0.891746
5.281528152815282,-0.021862
5.282528252825283,0.558727
5.283528352835283,-0.437595
5.284528452845285,-0.814831
5.285528552855285,0.982674
5.286528652865287,-0.450361
5.2875287528752875,-1.052008
5.288528852885289,1.081848
5.28952895289529,0.255019
5.29052905290529,-1.440618
5.291529152915292,1.062195
5.292529252925292,0.179586
5.293529352935294,-0.877935
5.294529452945294,0.80343
5.295529552955296,0.752595
5.2965296529652965,-0.571761
5.297529752975297,-0.144178
5.298529852985299,0.48066
5.299529952995299,-1.003552
5.300530053005301,0.027065
5.301530153015301,0.77126
5.302530253025303,-0.236807
5.3035303530353035,-0.505017
5.304530453045304,0.570766
5.305530553055306,-0.704595
5.306530653065306,-0.6417
5.307530753075308,1.240037
5.308530853085308,-0.354747
5.30953095309531,-0.587536
5.3105310531053105,0.923428
5.311531153115312,0.403577
5.312531253125313,-1.251553
5.313531353135313,0.651
5.314531453145315,0.305743
5.315531553155315,-1.005925
5.316531653165317,-0.031729
5.3175317531753175,0.192798
5.318531853185319,-0.339838
5.31953195319532,-0.376746
5.32053205320532,0.406661
5.321532153215322,-1.111692
5.322532253225322,-0.055076
5.323532353235324,0.466206
5.324532453245324,-0.304096
5.325532553255326,-1.17077
5.3265326532653265,1.251505
5.327532753275327,0.427939
5.328532853285329,-0.922934
5.329532953295329,0.800357
5.330533053305331,0.355737
5.331533153315331,-0.972257
5.332533253325333,0.85736
5.3335333533353335,1.188696
5.334533453345334,-1.055362
5.335533553355336,0.228145
5.336533653365336,0.308091
5.337533753375338,-0.886098
5.338533853385338,-0.48533
5.33953395339534,0.866649
5.3405340534053405,-0.25613
5.341534153415342,-0.603628
5.342534253425343,0.764999
5.343534353435343,-0.364374
5.344534453445345,-0.755671
5.345534553455345,0.915208
5.346534653465347,-0.266869
5.3475347534753475,-0.89556
5.348534853485349,0.784832
5.34953495349535,0.553072
5.35053505350535,-1.077116
5.351535153515352,0.556387
5.352535253525352,0.096523
5.353535353535354,-0.574373
5.354535453545354,-0.528739
5.355535553555356,0.373783
5.3565356535653565,-0.738387
5.357535753575357,0.001645
5.358535853585359,1.106244
5.359535953595359,-0.70066
5.360536053605361,-0.316745
5.361536153615361,0.906872
5.362536253625363,0.020379
5.3635363536353635,-1.056524
5.364536453645364,0.616156
5.365536553655366,-0.420479
5.366536653665366,-0.247953
5.367536753675368,0.627591
5.368536853685368,0.531117
5.36953695369537,-0.761909
5.3705370537053705,0.258179
5.371537153715372,1.081393
5.372537253725373,-1.159638
5.373537353735373,-0.084457
5.374537453745375,1.201636
5.375537553755375,-1.205388
5.376537653765377,-0.562814
5.3775377537753775,1.327224
5.378537853785379,-0.693006
5.37953795379538,-0.385532
5.38053805380538,0.751687
5.381538153815382,0.03548
5.382538253825382,-0.71425
5.383538353835384,1.272113
5.384538453845384,0.165135
5.385538553855386,-0.457979
5.3865386538653866,0.897384
5.387538753875387,0.415424
5.388538853885389,-1.520368
5.389538953895389,0.387334
5.390539053905391,0.368619
5.391539153915391,-1.45007
5.392539253925393,0.271004
5.3935393539353935,0.148189
5.394539453945394,-0.170385
5.395539553955396,-0.098507
5.396539653965396,0.91868
5.397539753975398,-0.72543
5.398539853985398,-0.598349
5.3995399539954,0.913012
5.4005400540054005,-0.27956
5.401540154015402,-0.872633
5.402540254025403,1.18307
5.403540354035403,0.361045
5.404540454045405,-1.234643
5.405540554055405,-0.439002
5.406540654065407,0.631886
5.4075407540754075,-1.090678
5.408540854085409,0.19097
5.40954095409541,0.416067
5.41054105410541,-1.016872
5.411541154115412,-0.169656
5.412541254125412,0.864033
5.413541354135414,-1.057592
5.414541454145414,-0.489645
5.415541554155416,1.341942
5.4165416541654166,-0.714636
5.417541754175417,-0.335783
5.418541854185419,1.099244
5.419541954195419,0.105523
5.420542054205421,-0.843148
5.421542154215421,0.985414
5.422542254225423,0.193772
5.4235423542354235,-0.614879
5.424542454245424,0.845838
5.425542554255426,0.827661
5.426542654265426,-1.067358
5.427542754275428,0.164465
5.428542854285428,1.221521
5.42954295429543,-0.755206
5.4305430543054305,-0.060389
5.431543154315432,0.806898
5.432543254325433,-0.751369
5.433543354335433,-0.685041
5.434543454345435,0.782307
5.435543554355435,0.140923
5.436543654365437,-0.753388
5.4375437543754375,1.23845
5.438543854385439,0.373457
5.43954395439544,-0.789016
5.44054405440544,0.628055
5.441544154415442,0.742741
5.442544254425442,-1.375355
5.443544354435444,0.682317
5.444544454445444,0.222684
5.445544554455446,-0.711658
5.4465446544654466,0.491619
5.447544754475447,1.024876
5.448544854485449,-0.692587
5.449544954495449,-0.448535
5.450545054505451,0.800741
5.451545154515451,-0.539235
5.452545254525453,-0.572982
5.4535453545354535,1.289154
5.454545454545454,-0.412538
5.455545554555456,-0.774393
5.456545654565456,1.252279
5.457545754575458,0.362548
5.458545854585458,-0.902821
5.45954595459546,0.637422
5.4605460546054605,0.439736
5.461546154615462,-0.84716
5.462546254625463,0.378974
5.463546354635463,0.6814
5.464546454645465,-0.427171
5.465546554655465,0.223976
5.466546654665467,0.642002
5.4675467546754675,-0.978217
5.468546854685469,0.0987
5.46954695469547,0.98483
5.47054705470547,-0.4727
5.471547154715472,-0.552313
5.472547254725472,0.189304
5.473547354735474,-0.970314
5.474547454745474,-0.577556
5.475547554755476,0.833325
5.476547654765477,-0.06105
5.477547754775477,-0.656197
5.478547854785479,0.296195
5.479547954795479,0.454925
5.480548054805481,-0.54131
5.481548154815481,0.317288
5.482548254825483,0.988666
5.4835483548354835,-1.131092
5.484548454845484,-0.081725
5.485548554855486,0.9639
5.486548654865486,-0.789127
5.487548754875488,-0.204286
5.488548854885488,0.888187
5.48954895489549,-0.627944
5.4905490549054905,-0.085259
5.491549154915492,0.851228
5.492549254925493,-0.248584
5.493549354935493,-0.986026
5.494549454945495,0.807632
5.495549554955495,-0.368093
5.496549654965497,-0.368251
5.4975497549754975,0.948423
5.498549854985499,0.340784
5.4995499549955,-1.324318
5.5005500550055,0.802861
5.501550155015502,0.495237
5.502550255025502,-1.167355
5.503550355035504,0.032723
5.504550455045504,0.862187
5.505550555055506,-0.797175
5.506550655065507,0.087113
5.507550755075507,0.997613
5.508550855085509,-0.388817
5.509550955095509,-0.505338
5.510551055105511,1.263778
5.511551155115511,-0.407743
5.512551255125513,-1.078439
5.5135513551355135,1.268166
5.514551455145514,-0.209523
5.515551555155516,-0.659827
5.516551655165516,0.684763
5.517551755175518,0.417791
5.518551855185518,-0.526899
5.51955195519552,0.542979
5.5205520552055205,0.605397
5.521552155215522,-0.681038
5.522552255225523,-0.073219
5.523552355235523,0.987644
5.524552455245525,-0.822321
5.525552555255525,-0.150095
5.526552655265527,0.526202
5.5275527552755275,-0.284219
5.528552855285529,-0.823547
5.52955295529553,0.852653
5.53055305530553,-0.074863
5.531553155315532,-0.263836
5.532553255325532,1.133141
5.533553355335534,0.38367
5.5345534553455344,-1.184116
5.535553555355536,1.273076
5.536553655365537,0.048753
5.537553755375537,-1.382387
5.538553855385539,0.764167
5.539553955395539,0.358494
5.540554055405541,-1.038622
5.541554155415541,0.345653
5.542554255425543,1.259935
5.5435543554355435,-1.144311
5.544554455445544,-0.716862
5.545554555455546,0.899023
5.546554655465546,-0.667451
5.547554755475548,-0.617656
5.548554855485548,0.839153
5.54955495549555,-0.071997
5.5505550555055505,-1.062399
5.551555155515552,1.03634
5.552555255525553,0.033526
5.553555355535553,-1.170277
5.554555455545555,1.272037
5.555555555555555,-0.137987
5.556555655565557,-0.659721
5.5575557555755575,0.052703
5.558555855585559,0.951072
5.55955595559556,-1.099676
5.56055605560556,-0.592344
5.561556155615562,0.786437
5.562556255625562,-0.829656
5.563556355635564,-0.422746
5.5645564556455644,1.093232
5.565556555655566,-1.074781
5.566556655665567,-0.593376
5.567556755675567,1.006141
5.568556855685569,0.022652
5.569556955695569,-1.179427
5.570557055705571,1.30679
5.571557155715571,-0.180862
5.572557255725573,-0.679339
5.5735573557355735,0.974599
5.574557455745574,0.655856
5.575557555755576,-1.371798
5.576557655765576,-0.079436
5.577557755775578,0.681035
5.578557855785578,-0.59196
5.57955795579558,0.076767
5.5805580558055805,0.612818
5.581558155815582,-0.956531
5.582558255825583,-0.190501
5.583558355835583,0.988243
5.584558455845585,-1.085493
5.585558555855585,-0.790919
5.586558655865587,0.875874
5.5875587558755875,-0.396041
5.588558855885589,-0.916665
5.58955895589559,0.865667
5.59055905590559,0.669506
5.591559155915592,-0.998016
5.592559255925592,0.578278
5.593559355935594,0.49099
5.5945594559455945,-0.692381
5.595559555955596,0.262665
5.596559655965597,0.612691
5.597559755975597,-0.559179
5.598559855985599,-0.053832
5.599559955995599,0.597378
5.600560056005601,-0.356229
5.601560156015601,-0.557602
5.602560256025603,0.8952
5.6035603560356035,0.271534
5.604560456045604,-0.543058
5.605560556055606,1.141539
5.606560656065606,-0.221213
5.607560756075608,-1.359208
5.608560856085608,0.303753
5.60956095609561,0.629798
5.6105610561056105,-0.893766
5.611561156115612,0.55217
5.612561256125613,0.308939
5.613561356135613,-0.55456
5.614561456145615,-0.066203
5.615561556155615,0.759753
5.616561656165617,-1.076412
5.6175617561756175,-0.204281
5.618561856185619,0.62558
5.61956195619562,-0.144624
5.62056205620562,-0.647462
5.621562156215622,0.828148
5.622562256225622,-0.441916
5.623562356235624,-1.053308
5.6245624562456245,0.905726
5.625562556255626,0.446477
5.626562656265627,-0.646288
5.627562756275627,0.488733
5.628562856285629,0.115326
5.629562956295629,-0.772886
5.630563056305631,0.673636
5.631563156315631,0.544819
5.632563256325633,-0.751776
5.6335633563356335,-0.061026
5.634563456345634,0.979095
5.635563556355636,-1.155647
5.636563656365636,-0.513122
5.637563756375638,0.868527
5.638563856385638,-0.753853
5.63956395639564,-0.463265
5.6405640564056405,1.247442
5.641564156415642,-0.304189
5.642564256425643,-0.652601
5.643564356435643,0.919078
5.644564456445645,-0.503217
5.645564556455645,-1.227798
5.646564656465647,0.762375
5.6475647564756475,0.316213
5.648564856485649,-1.33601
5.64956495649565,0.491114
5.65056505650565,0.273093
5.651565156515652,-0.188064
5.652565256525652,-0.164266
5.653565356535654,0.762444
5.6545654565456545,-0.751077
5.655565556555656,-0.364882
5.656565656565657,1.203039
5.657565756575657,-1.047551
5.658565856585659,-0.609227
5.659565956595659,1.187585
5.660566056605661,-0.161277
5.661566156615661,-0.834128
5.662566256625663,0.658804
5.6635663566356635,-0.222416
5.664566456645664,-1.085649
5.665566556655666,0.824047
5.666566656665666,0.683878
5.667566756675668,-0.418107
5.668566856685668,0.78756
5.66956695669567,0.219665
5.6705670567056705,-1.205088
5.671567156715672,0.589508
5.672567256725673,0.838816
5.673567356735673,-0.442978
5.674567456745675,-0.676506
5.675567556755675,1.039408
5.676567656765677,-0.567595
5.6775677567756775,-0.873508
5.678567856785679,1.25695
5.67956795679568,-0.101454
5.68056805680568,-0.983932
5.681568156815682,1.05647
5.682568256825682,0.273268
5.683568356835684,-1.052707
5.6845684568456845,0.874523
5.685568556855686,0.495593
5.686568656865687,-0.943696
5.687568756875687,0.899154
5.688568856885689,0.366887
5.689568956895689,-1.043465
5.690569056905691,-0.009426
5.691569156915691,0.944812
5.692569256925693,-0.363163
5.6935693569356935,-0.331001
5.694569456945694,0.771643
5.695569556955696,-0.660856
5.696569656965696,-0.736323
5.697569756975698,1.32971
5.698569856985698,-0.53622
5.6995699569957,-1.284203
5.7005700570057005,1.003231
5.701570157015702,0.071972
5.702570257025703,-1.32934
5.703570357035703,0.6336
5.704570457045705,0.297968
5.705570557055705,-0.69801
5.706570657065707,0.307891
5.7075707570757075,1.044754
5.708570857085709,-0.924603
5.70957095709571,0.114821
5.71057105710571,0.638356
5.711571157115712,-0.846927
5.712571257125712,0.401683
5.713571357135714,1.272825
5.7145714571457145,-0.525456
5.715571557155716,-0.775251
5.716571657165717,1.054291
5.717571757175717,0.032155
5.718571857185719,-0.641749
5.719571957195719,0.907112
5.720572057205721,0.194575
5.721572157215721,-1.203612
5.722572257225723,0.609831
5.7235723572357236,0.493226
5.724572457245724,-1.462731
5.725572557255726,0.191992
5.726572657265726,0.353059
5.727572757275728,-0.609104
5.728572857285728,-0.26965
5.72957295729573,0.535819
5.7305730573057305,-0.556241
5.731573157315732,-0.609936
5.732573257325733,0.682396
5.733573357335733,-0.1054
5.734573457345735,-0.792912
5.735573557355735,0.62248
5.736573657365737,-0.587767
5.7375737573757375,-0.928529
5.738573857385739,1.381875
5.73957395739574,0.249309
5.74057405740574,-0.885274
5.741574157415742,0.969933
5.742574257425742,0.351463
5.743574357435744,-1.201281
5.7445744574457445,0.381122
5.745574557455746,0.226329
5.746574657465747,-1.276539
5.747574757475747,-0.480183
5.748574857485749,0.926591
5.749574957495749,-0.654125
5.750575057505751,-0.72186
5.751575157515751,0.854011
5.752575257525753,0.164837
5.7535753575357536,-0.782345
5.754575457545754,1.627142
5.755575557555756,0.335524
5.756575657565756,-0.313218
5.757575757575758,0.408394
5.758575857585758,0.085415
5.75957595759576,-1.341075
5.7605760576057605,0.632438
5.761576157615762,0.194397
5.762576257625763,-0.644424
5.763576357635763,0.337207
5.764576457645765,0.681945
5.765576557655765,-0.680981
5.766576657665767,0.260506
5.7675767576757675,0.447567
5.768576857685769,0.01818
5.76957695769577,-0.699387
5.77057705770577,0.564217
5.771577157715772,-0.649804
5.772577257725772,-0.840889
5.773577357735774,0.923558
5.7745774577457745,-0.388441
5.775577557755776,-1.083932
5.776577657765777,0.78458
5.777577757775777,-0.233371
5.778577857785779,-1.025179
5.779577957795779,0.809739
5.780578057805781,0.780789
5.781578157815781,-0.44019
5.782578257825783,-0.164311
5.783578357835784,0.498549
5.784578457845784,-0.77263
5.785578557855786,0.298191
5.786578657865786,0.969238
5.787578757875788,-0.413333
5.788578857885788,-0.877266
5.78957895789579,0.711889
5.7905790579057905,-0.953236
5.791579157915792,-1.023778
5.792579257925793,1.24198
5.793579357935793,0.458264
5.794579457945795,-0.491009
5.795579557955795,1.154559
5.796579657965797,0.43435
5.7975797579757975,-0.958971
5.798579857985799,-0.124076
5.7995799579958,0.068039
5.8005800580058,-1.326009
5.801580158015802,0.379243
5.802580258025802,1.678105
5.803580358035804,-0.572548
5.8045804580458045,0.152989
5.805580558055806,0.673256
5.806580658065807,-0.397124
5.807580758075807,-0.686671
5.808580858085809,0.639086
5.809580958095809,0.058741
5.810581058105811,-0.447586
5.811581158115811,0.528642
5.812581258125813,0.191213
5.813581358135814,-1.345056
5.814581458145814,1.005998
5.815581558155816,0.560985
5.816581658165816,-1.279395
5.817581758175818,0.885154
5.818581858185818,0.485668
5.81958195819582,-0.930526
5.8205820582058205,0.348695
5.821582158215822,0.816884
5.822582258225823,-1.36813
5.823582358235823,-0.418529
5.824582458245825,0.79281
5.825582558255825,-0.542559
5.826582658265827,-0.504876
5.8275827582758275,1.239883
5.828582858285829,-0.098053
5.82958295829583,-1.226508
5.83058305830583,1.078171
5.831583158315832,-0.093229
5.832583258325832,-0.986619
5.833583358335834,0.625336
5.8345834583458345,-0.089073
5.835583558355836,-0.638078
5.836583658365837,0.623152
5.837583758375837,0.901113
5.838583858385839,-0.936274
5.839583958395839,0.145136
5.840584058405841,0.667778
5.841584158415841,-0.768647
5.842584258425843,0.048473
5.843584358435844,1.150661
5.844584458445844,-0.860541
5.845584558455846,-0.551227
5.846584658465846,1.404591
5.847584758475848,-0.33527
5.848584858485848,-0.642333
5.84958495849585,1.209381
5.8505850585058505,0.356893
5.851585158515852,-1.081754
5.852585258525853,1.059229
5.853585358535853,-0.281004
5.854585458545855,-0.896471
5.855585558555855,0.148165
5.856585658565857,0.576768
5.8575857585758575,-0.998875
5.858585858585859,0.086123
5.85958595859586,0.395882
5.86058605860586,-0.662353
5.861586158615862,-0.597385
5.862586258625862,0.732034
5.863586358635864,-0.523482
5.8645864586458645,-0.449764
5.865586558655866,1.351775
5.866586658665867,-0.39294
5.867586758675867,-0.933524
5.868586858685869,0.881789
5.869586958695869,0.191449
5.870587058705871,-1.085179
5.8715871587158714,0.365473
5.872587258725873,-0.276315
5.873587358735874,-0.961581
5.874587458745874,0.452719
5.875587558755876,0.193426
5.876587658765876,-0.928672
5.877587758775878,0.461815
5.878587858785878,0.613212
5.87958795879588,-0.729992
5.8805880588058805,-0.208282
5.881588158815882,1.294726
5.882588258825883,-0.532696
5.883588358835883,-0.970527
5.884588458845885,1.170838
5.885588558855885,-0.202708
5.886588658865887,-0.973531
5.8875887588758875,0.712618
5.888588858885889,1.064787
5.88958895889589,-0.541522
5.89058905890589,0.921335
5.891589158915892,0.669195
5.892589258925892,-0.748563
5.893589358935894,0.737702
5.8945894589458945,0.831455
5.895589558955896,-0.909306
5.896589658965897,0.187731
5.897589758975897,0.845856
5.898589858985899,-1.08382
5.899589958995899,-0.719169
5.900590059005901,0.76631
5.9015901590159014,-0.480179
5.902590259025903,-0.874385
5.903590359035904,1.012033
5.904590459045904,-0.261089
5.905590559055906,-1.132297
5.906590659065906,1.246258
5.907590759075908,0.092077
5.908590859085908,-0.813671
5.90959095909591,0.725234
5.9105910591059105,0.086573
5.911591159115912,-0.405794
5.912591259125913,0.496203
5.913591359135913,0.831275
5.914591459145915,-0.959698
5.915591559155915,-0.19402
5.916591659165917,1.070643
5.9175917591759175,-0.529333
5.918591859185919,0.211503
5.91959195919592,1.227328
5.92059205920592,-0.955955
5.921592159215922,-0.893698
5.922592259225922,0.844364
5.923592359235924,0.061707
5.9245924592459245,-1.178064
5.925592559255926,0.784507
5.926592659265927,0.265086
5.927592759275927,-0.987456
5.928592859285929,0.739626
5.929592959295929,0.428479
5.930593059305931,-0.55889
5.9315931593159315,-0.046179
5.932593259325933,0.583987
5.933593359335934,-1.210237
5.934593459345934,0.103337
5.935593559355936,1.071043
5.936593659365936,-0.835161
5.937593759375938,-0.39634
5.938593859385938,1.307257
5.93959395939594,-0.774871
5.9405940594059405,-0.850984
5.941594159415942,0.427709
5.942594259425943,0.265185
5.943594359435943,-0.871853
5.944594459445945,0.509486
5.945594559455945,-0.002654
5.946594659465947,-0.753612
5.9475947594759475,0.686642
5.948594859485949,0.882426
5.94959495949595,-1.262881
5.95059505950595,0.724454
5.951595159515952,0.890452
5.952595259525952,-0.644013
5.953595359535954,-0.413841
5.9545954595459545,0.720526
5.955595559555956,-0.651591
5.956595659565957,-0.912939
5.957595759575957,1.189033
5.958595859585959,-0.591261
5.959595959595959,-0.661717
5.960596059605961,1.063551
5.9615961596159615,0.40176
5.962596259625963,-0.313008
5.963596359635964,1.148909
5.964596459645964,0.223804
5.965596559655966,-1.395079
5.966596659665966,0.892569
5.967596759675968,0.627446
5.968596859685968,-0.795265
5.96959695969597,0.564199
5.9705970597059705,0.7793
5.971597159715972,-0.758945
5.972597259725973,0.326574
5.973597359735973,0.784297
5.974597459745975,-0.0539
5.975597559755975,-0.644414
5.976597659765977,0.882259
5.9775977597759775,-0.491706
5.978597859785979,-1.219969
5.97959795979598,0.930975
5.98059805980598,0.238882
5.981598159815982,-1.060959
5.982598259825982,0.853787
5.983598359835984,0.250465
5.9845984598459845,-1.108659
5.985598559855986,0.368672
5.986598659865987,0.393989
5.987598759875987,-0.659826
5.988598859885989,0.309466
5.989598959895989,0.653505
5.990599059905991,-1.125899
5.9915991599159915,-0.543819
5.992599259925993,0.842593
5.993599359935994,-1.115477
5.994599459945994,0.140279
5.995599559955996,0.793329
5.996599659965996,0.026132
5.997599759975998,-1.23856
5.998599859985998,0.96599
5.999599959996,0.335784
6.0006000600060005,-1.340281
6.001600160016002,1.019855
6.002600260026003,-0.333104
6.003600360036003,-1.04669
6.004600460046005,0.695389
6.005600560056005,0.095903
6.006600660066007,-0.740635
6.0076007600760075,-0.278584
6.008600860086009,0.650893
6.00960096009601,-0.445419
6.01060106010601,-0.339079
6.011601160116012,0.829288
6.012601260126012,-0.425296
6.013601360136014,-0.793543
6.0146014601460145,1.114781
6.015601560156016,-0.21028
6.016601660166017,-0.755735
6.017601760176017,1.264859
6.018601860186019,0.119664
6.019601960196019,-0.638683
6.020602060206021,0.47044
6.0216021602160215,0.300108
6.022602260226023,-0.529274
6.023602360236024,0.376851
6.024602460246024,1.05007
6.025602560256026,-0.525172
6.026602660266026,0.400175
6.027602760276028,0.81437
6.028602860286028,-0.776865
6.02960296029603,-0.140424
6.0306030603060305,0.626608
6.031603160316032,-0.666077
6.032603260326033,-0.397641
6.033603360336033,1.606448
6.034603460346035,-0.70656
6.035603560356035,-0.034673
6.036603660366037,0.740335
6.0376037603760375,0.094133
6.038603860386039,-0.710449
6.03960396039604,0.710333
6.04060406040604,0.349653
6.041604160416042,-0.966669
6.042604260426042,1.157271
6.043604360436044,0.159919
6.0446044604460445,-0.609255
6.045604560456046,0.33904
6.046604660466047,1.014799
6.047604760476047,-1.15684
6.048604860486049,-1.023531
6.049604960496049,0.571773
6.050605060506051,-0.358746
6.0516051605160515,-0.334858
6.052605260526053,1.018043
6.053605360536054,0.135964
6.054605460546054,-0.832355
6.055605560556056,0.363866
6.056605660566056,0.269592
6.057605760576058,-0.901446
6.058605860586058,-0.100444
6.05960596059606,0.763132
6.0606060606060606,-0.931077
6.061606160616062,-0.061334
6.062606260626063,0.596809
6.063606360636063,-0.797433
6.064606460646065,-0.372712
6.065606560656065,1.02635
6.066606660666067,-0.431558
6.0676067606760675,-0.241437
6.068606860686069,1.317991
6.06960696069607,-0.62929
6.07060706070607,-0.754093
6.071607160716072,0.826948
6.072607260726072,0.231055
6.073607360736074,-1.265472
6.0746074607460745,0.715979
6.075607560756076,0.05801
6.076607660766077,-0.721641
6.077607760776077,1.267013
6.078607860786079,0.594936
6.079607960796079,-0.691417
6.080608060806081,0.215674
6.0816081608160815,0.879423
6.082608260826083,-0.577731
6.083608360836084,-0.089297
6.084608460846084,1.272172
6.085608560856086,-1.067501
6.086608660866086,-0.454729
6.087608760876088,0.898404
6.088608860886088,0.078863
6.08960896089609,-1.113959
6.0906090609060906,0.904855
6.091609160916092,-0.721969
6.092609260926093,-0.593151
6.093609360936093,1.238638
6.094609460946095,0.43259
6.095609560956095,-1.033939
6.096609660966097,0.854134
6.0976097609760975,0.405231
6.098609860986099,-0.758673
6.0996099609961,0.229677
6.1006100610061,1.19668
6.101610161016102,-1.104949
6.102610261026102,-0.146205
6.103610361036104,0.412923
6.1046104610461045,-1.072698
6.105610561056106,-0.39727
6.106610661066107,0.394063
6.107610761076107,-0.623226
6.108610861086109,-0.629053
6.109610961096109,0.91455
6.110611061106111,-0.010859
6.1116111611161115,-1.049097
6.112611261126113,0.965805
6.113611361136114,0.372469
6.114611461146114,-1.150007
6.115611561156116,0.236294
6.116611661166116,0.452177
6.117611761176118,-0.761804
6.118611861186118,-0.072122
6.11961196119612,1.219724
6.120612061206121,-1.016167
6.121612161216122,-0.161243
6.122612261226123,1.063357
6.123612361236123,-0.477509
6.124612461246125,-0.451769
6.125612561256125,1.152199
6.126612661266127,-0.176913
6.1276127612761275,-0.683686
6.128612861286129,1.010835
6.12961296129613,0.019094
6.13061306130613,-0.534727
6.131613161316132,0.991467
6.132613261326132,0.52317
6.133613361336134,-0.562103
6.1346134613461345,0.506625
6.135613561356136,0.220507
6.136613661366137,-1.207892
6.137613761376137,0.216349
6.138613861386139,1.280884
6.139613961396139,-0.577252
6.140614061406141,0.411219
6.1416141614161415,0.860162
6.142614261426143,-0.14578
6.143614361436144,-0.682606
6.144614461446144,0.850442
6.145614561456146,-0.549502
6.146614661466146,-0.63499
6.147614761476148,0.39883
6.148614861486148,0.170004
6.14961496149615,-0.756596
6.150615061506151,0.469306
6.151615161516152,0.423665
6.152615261526153,-0.772015
6.153615361536153,0.699675
6.154615461546155,0.710151
6.155615561556155,-0.833257
6.156615661566157,-0.391259
6.1576157615761575,1.128812
6.158615861586159,-0.898684
6.15961596159616,-0.413297
6.16061606160616,1.059522
6.161616161616162,-0.459762
6.162616261626162,-1.032951
6.163616361636164,0.529204
6.1646164616461645,0.127003
6.165616561656166,-1.003827
6.166616661666167,0.508537
6.167616761676167,0.283239
6.168616861686169,-0.931474
6.169616961696169,0.901297
6.170617061706171,-0.141759
6.1716171617161715,-1.016648
6.172617261726173,0.374511
6.173617361736174,0.379715
6.174617461746175,-0.845702
6.175617561756176,0.207039
6.176617661766176,0.779316
6.177617761776178,-0.655362
6.1786178617861784,-0.159949
6.17961796179618,0.475845
6.180618061806181,-0.707288
6.181618161816182,-0.766784
6.182618261826183,1.482234
6.183618361836183,-0.002258
6.184618461846185,-1.114447
6.185618561856185,0.596978
6.186618661866187,-0.137303
6.1876187618761875,-0.912128
6.188618861886189,0.477098
6.18961896189619,0.245276
6.19061906190619,-0.902771
6.191619161916192,0.611547
6.192619261926192,0.814407
6.193619361936194,-0.176383
6.1946194619461945,0.096581
6.195619561956196,1.111205
6.196619661966197,-0.684519
6.197619761976197,-0.358896
6.198619861986199,1.032549
6.199619961996199,-0.450987
6.200620062006201,-0.261237
6.2016201620162015,0.979489
6.202620262026203,-0.379386
6.203620362036204,-1.094395
6.204620462046205,0.729984
6.205620562056206,0.478987
6.206620662066206,-0.97879
6.207620762076208,1.087867
6.2086208620862084,-0.037337
6.20962096209621,-0.796511
6.210621062106211,0.186535
6.211621162116212,0.073669
6.212621262126213,-0.531004
6.213621362136213,0.054262
6.214621462146215,0.896781
6.215621562156215,-0.726198
6.216621662166217,-0.696768
6.2176217621762175,1.126903
6.218621862186219,0.07759
6.21962196219622,-0.860948
6.22062206220622,1.181539
6.221622162216222,0.063244
6.222622262226222,-1.704602
6.223622362236224,0.84818
6.2246224622462245,0.574736
6.225622562256226,-1.159146
6.226622662266227,0.533342
6.227622762276227,0.571794
6.228622862286229,-0.99624
6.229622962296229,0.235626
6.230623062306231,0.782592
6.2316231623162315,-1.182024
6.232623262326233,0.424789
6.233623362336234,0.626296
6.234623462346235,-0.599587
6.235623562356236,-0.585591
6.236623662366236,1.287196
6.237623762376238,-0.13421
6.2386238623862385,-0.690186
6.23962396239624,0.845884
6.240624062406241,-0.185998
6.241624162416242,-0.490721
6.242624262426243,0.157946
6.243624362436243,0.664872
6.244624462446245,-0.820999
6.245624562456245,0.206612
6.246624662466247,0.047706
6.2476247624762475,-0.801468
6.248624862486249,0.11899
6.24962496249625,0.67284
6.25062506250625,-1.392766
6.251625162516252,-0.515064
6.252625262526252,0.918115
6.253625362536254,-0.332346
6.2546254625462545,-0.467091
6.255625562556256,1.076361
6.256625662566257,-0.333026
6.257625762576257,-0.886464
6.258625862586259,1.022848
6.259625962596259,-0.268217
6.260626062606261,-1.168041
6.2616261626162615,0.578787
6.262626262626263,-0.159294
6.263626362636264,-1.419806
6.264626462646265,0.822454
6.265626562656266,-0.249636
6.266626662666266,-0.85
6.267626762676268,-0.230682
6.2686268626862685,0.671328
6.26962696269627,-0.836741
6.270627062706271,-0.551882
6.271627162716272,0.602115
6.272627262726273,-0.466357
6.273627362736273,-0.563171
6.274627462746275,1.005467
6.275627562756275,-0.027023
6.276627662766277,-0.976639
6.2776277627762775,0.506265
6.278627862786279,-0.228756
6.27962796279628,-1.087273
6.28062806280628,1.199026
6.281628162816282,0.211079
6.282628262826282,-1.251755
6.283628362836284,0.69991
6.2846284628462845,0.415275
6.285628562856286,-0.485579
6.286628662866287,0.227619
6.287628762876287,0.549617
6.288628862886289,-0.730546
6.289628962896289,-0.352946
6.290629062906291,0.713961
6.2916291629162915,-0.977815
6.292629262926293,-0.567217
6.293629362936294,0.639175
6.294629462946295,-0.233895
6.295629562956296,-0.63505
6.296629662966296,0.904862
6.297629762976298,0.075733
6.2986298629862985,-0.715193
6.2996299629963,0.798114
6.300630063006301,0.606099
6.301630163016302,-0.908071
6.302630263026303,0.546253
6.303630363036303,0.569988
6.304630463046305,-1.222632
6.305630563056305,-0.138137
6.306630663066307,1.199291
6.3076307630763075,-1.43566
6.308630863086309,-0.489463
6.30963096309631,1.026418
6.31063106310631,0.000215
6.311631163116312,-0.392327
6.312631263126312,0.957757
6.313631363136314,-0.45131
6.3146314631463145,-0.965199
6.315631563156316,0.695727
6.316631663166317,-0.024625
6.317631763176317,-1.128533
6.318631863186319,0.852563
6.319631963196319,0.379316
6.320632063206321,-1.56205
6.3216321632163215,0.236422
6.322632263226323,0.265607
6.323632363236324,-1.206008
6.324632463246325,0.245817
6.325632563256326,0.708936
6.326632663266326,-0.82491
6.327632763276328,-0.3509
6.3286328632863285,1.145122
6.32963296329633,-0.425557
6.330633063306331,-0.787976
6.331633163316332,0.986446
6.332633263326333,0.317152
6.333633363336333,-1.391633
6.334633463346335,0.859521
6.335633563356335,0.126337
6.336633663366337,-1.33912
6.3376337633763375,0.763194
6.338633863386339,-0.181189
6.33963396339634,-1.099074
6.34063406340634,0.764107
6.341634163416342,0.686717
6.342634263426342,-0.933704
6.343634363436344,0.573785
6.3446344634463445,1.068222
6.345634563456346,-1.020696
6.346634663466347,-0.057358
6.347634763476347,1.24767
6.348634863486349,-0.978216
6.349634963496349,-0.817827
6.350635063506351,0.907949
6.3516351635163515,-0.073011
6.352635263526353,-0.940405
6.353635363536354,1.426729
6.354635463546355,-0.03602
6.355635563556356,-0.747938
6.356635663566356,1.036867
6.357635763576358,0.079039
6.3586358635863585,-0.971199
6.35963596359636,0.162738
6.360636063606361,0.927182
6.361636163616362,-1.009745
6.362636263626363,-0.114866
6.363636363636363,1.032999
6.364636463646365,-0.849392
6.365636563656365,-0.552022
6.366636663666367,1.114686
6.3676367636763676,-0.489979
6.368636863686369,-0.631848
6.36963696369637,1.018736
6.37063706370637,-0.385816
6.371637163716372,-0.851658
6.372637263726372,1.526399
6.373637363736374,0.38319
6.3746374637463745,-0.66146
6.375637563756376,0.616961
6.376637663766377,0.59399
6.377637763776377,-0.847527
6.378637863786379,0.644322
6.379637963796379,0.778114
6.380638063806381,-0.700509
6.3816381638163815,-0.172561
6.382638263826383,0.83904
6.383638363836384,-0.956039
6.384638463846385,-0.576719
6.385638563856386,1.097265
6.386638663866386,-0.576806
6.387638763876388,-0.79496
6.3886388638863885,1.522882
6.38963896389639,-0.071216
6.390639063906391,-1.292982
6.391639163916392,1.323169
6.392639263926393,0.119425
6.393639363936393,-0.733498
6.394639463946395,0.855743
6.395639563956395,0.303113
6.396639663966397,-0.535159
6.3976397639763976,0.820884
6.398639863986399,0.569697
6.3996399639964,-0.989649
6.4006400640064,0.331825
6.401640164016402,1.009257
6.402640264026402,-0.878402
6.403640364036404,-0.214115
6.4046404640464045,1.029164
6.405640564056406,-0.088943
6.406640664066407,-0.311207
6.407640764076407,0.748916
6.408640864086409,0.089796
6.409640964096409,-0.896183
6.410641064106411,0.816018
6.4116411641164115,0.256413
6.412641264126413,-1.191685
6.413641364136414,0.587871
6.414641464146415,0.379157
6.415641564156416,-1.576867
6.416641664166416,0.328118
6.417641764176418,0.653617
6.4186418641864185,-0.989916
6.41964196419642,0.256355
6.420642064206421,0.43275
6.421642164216422,-0.909558
6.422642264226423,-0.360873
6.423642364236423,0.481209
6.424642464246425,-0.239544
6.425642564256425,-1.045603
6.426642664266427,0.790307
6.427642764276428,-0.395604
6.428642864286429,-1.175185
6.42964296429643,0.749301
6.43064306430643,0.164049
6.431643164316432,-1.475606
6.432643264326432,0.427573
6.433643364336434,0.629482
6.4346434643464345,-0.527805
6.435643564356436,0.461473
6.436643664366437,0.716035
6.437643764376437,-0.511254
6.438643864386439,-0.081691
6.439643964396439,0.960575
6.440644064406441,-0.447158
6.4416441644164415,-0.494688
6.442644264426443,1.429006
6.443644364436444,0.068974
6.444644464446445,-1.016168
6.445644564456446,1.005575
6.446644664466446,0.073525
6.447644764476448,-0.579138
6.4486448644864485,1.135846
6.44964496449645,-0.238852
6.450645064506451,-0.610516
6.451645164516452,0.600315
6.452645264526453,0.835238
6.453645364536453,-1.151653
6.454645464546455,0.539393
6.455645564556455,0.667235
6.456645664566457,-0.074587
6.457645764576458,-0.475383
6.458645864586459,1.576277
6.45964596459646,-0.649499
6.46064606460646,-0.865763
6.461646164616462,1.247354
6.462646264626462,-0.019493
6.463646364636464,-1.10074
6.4646464646464645,1.386133
6.465646564656466,0.180117
6.466646664666467,-0.842409
6.467646764676467,0.697038
6.468646864686469,0.201049
6.469646964696469,-0.987858
6.470647064706471,1.046476
6.4716471647164715,0.409696
6.472647264726473,-1.232866
6.473647364736474,0.452646
6.474647464746475,0.519052
6.475647564756476,-0.522757
6.476647664766476,-0.068771
6.477647764776478,0.890817
6.4786478647864785,-0.532883
6.47964796479648,-0.634017
6.480648064806481,1.317503
6.481648164816482,-0.547966
6.482648264826483,-1.267962
6.483648364836483,0.768134
6.484648464846485,0.401522
6.485648564856485,-1.077151
6.486648664866487,0.124963
6.487648764876488,0.628249
6.488648864886489,-0.942521
6.48964896489649,0.361819
6.49064906490649,0.36847
6.491649164916492,-1.194338
6.492649264926492,0.173076
6.493649364936494,1.018233
6.4946494649464945,-0.539753
6.495649564956496,-0.588561
6.496649664966497,0.921664
6.497649764976497,-0.592471
6.498649864986499,-0.256724
6.499649964996499,0.701544
6.500650065006501,0.463815
6.5016501650165015,-0.848365
6.502650265026503,0.894662
6.503650365036504,-0.380814
6.504650465046505,-0.999326
6.505650565056506,0.608927
6.506650665066506,0.427182
6.507650765076508,-1.076335
6.5086508650865085,0.025155
6.50965096509651,0.627418
6.510651065106511,-0.825647
6.511651165116512,-0.135288
6.512651265126513,0.839322
6.513651365136513,-0.657021
6.514651465146515,-0.194622
6.5156515651565154,1.012594
6.516651665166517,-0.325817
6.517651765176518,-0.841616
6.518651865186519,1.034528
6.51965196519652,-0.297085
6.52065206520652,-0.998314
6.521652165216522,1.240341
6.522652265226522,-0.437708
6.523652365236524,-0.587654
6.5246524652465245,1.042159
6.525652565256526,0.574455
6.526652665266527,-0.815889
6.527652765276527,0.609244
6.528652865286529,0.300214
6.529652965296529,-0.609449
6.530653065306531,0.370591
6.5316531653165315,0.390613
6.532653265326533,-0.419573
6.533653365336534,-0.284937
6.534653465346535,0.62588
6.535653565356536,-1.028959
6.536653665366536,-1.234
6.537653765376538,1.031333
6.5386538653865385,-0.172319
6.53965396539654,-1.303229
6.540654065406541,1.433887
6.541654165416542,-0.063244
6.542654265426543,-1.050056
6.543654365436543,0.386309
6.544654465446545,0.639544
6.5456545654565454,-0.89428
6.546654665466547,0.092206
6.547654765476548,1.112715
6.548654865486549,-0.649328
6.54965496549655,-0.342805
6.55065506550655,0.961629
6.551655165516552,-0.912078
6.552655265526552,-0.833984
6.553655365536554,0.508521
6.5546554655465545,-0.573832
6.555655565556556,-0.869824
6.556655665566557,1.044821
6.557655765576557,0.068847
6.558655865586559,-0.952304
6.559655965596559,0.9944
6.560656065606561,0.384904
6.5616561656165615,-1.037142
6.562656265626563,1.042664
6.563656365636564,0.153365
6.564656465646565,-1.207133
6.565656565656566,-0.191609
6.566656665666566,0.626065
6.567656765676568,-0.63933
6.5686568656865685,-0.09743
6.56965696569657,1.068401
6.570657065706571,-0.10509
6.571657165716572,-0.641462
6.572657265726573,0.298438
6.573657365736573,-0.352806
6.574657465746575,-0.879533
6.5756575657565755,0.575969
6.576657665766577,-0.147667
6.577657765776578,-0.7677
6.578657865786579,0.825219
6.57965796579658,0.83301
6.58065806580658,-0.971716
6.581658165816582,0.633003
6.582658265826582,0.557299
6.583658365836584,-1.293386
6.5846584658465845,0.352747
6.585658565856586,0.221633
6.586658665866587,-0.312771
6.587658765876587,-0.103743
6.588658865886589,1.082238
6.589658965896589,-0.603086
6.590659065906591,-0.394791
6.5916591659165915,0.684405
6.592659265926593,-0.248393
6.593659365936594,-0.750595
6.594659465946595,0.960595
6.595659565956596,0.025373
6.596659665966596,-0.797647
6.597659765976598,0.747249
6.5986598659865985,-0.533624
6.5996599659966,-0.950543
6.600660066006601,0.189864
6.601660166016602,0.556344
6.602660266026603,-1.075566
6.603660366036603,1.012496
6.604660466046605,0.159986
6.6056605660566055,-0.330579
6.606660666066607,0.480461
6.607660766076608,1.499589
6.608660866086609,-0.174713
6.60966096609661,-0.710623
6.61066106610661,1.326376
6.611661166116612,-0.496861
6.612661266126612,-1.243068
6.613661366136614,1.410215
6.6146614661466145,0.067584
6.615661566156616,-1.343038
6.616661666166617,0.537842
6.617661766176617,0.426217
6.618661866186619,-1.046237
6.619661966196619,1.032784
6.620662066206621,0.064546
6.6216621662166215,-1.285381
6.622662266226623,0.385812
6.623662366236624,0.502836
6.624662466246625,-1.021068
6.625662566256626,-0.554333
6.626662666266626,0.640171
6.627662766276628,-0.603071
6.6286628662866285,-0.962976
6.62966296629663,0.600295
6.630663066306631,0.089941
6.631663166316632,-0.743339
6.632663266326633,0.288907
6.633663366336633,-0.351491
6.634663466346635,-1.317156
6.6356635663566355,0.384536
6.636663666366637,0.20413
6.637663766376638,-0.595037
6.638663866386639,0.419436
6.63966396639664,0.512996
6.64066406640664,-0.957566
6.641664166416642,-0.322283
6.642664266426642,0.403036
6.643664366436644,-1.000735
6.6446644664466445,-0.069269
6.645664566456646,1.142732
6.646664666466647,-0.695057
6.647664766476647,-0.973175
6.648664866486649,1.188336
6.649664966496649,-0.385673
6.650665066506651,-0.974756
6.6516651665166515,1.404747
6.652665266526653,0.107987
6.653665366536654,-1.095136
6.654665466546655,0.894892
6.655665566556656,-0.06439
6.656665666566656,-1.343132
6.657665766576658,0.314437
6.6586658665866585,0.374247
6.65966596659666,-1.106428
6.660666066606661,0.085509
6.661666166616662,0.455912
6.662666266626663,-0.631228
6.663666366636663,-0.248676
6.664666466646665,0.732253
6.6656665666566655,0.013538
6.666666666666667,-1.049131
6.667666766676668,0.923984
6.668666866686669,-0.063035
6.66966696669667,-1.004454
6.67066706670667,1.169489
6.671667166716672,0.062753
6.672667266726672,-0.763351
6.673667366736674,0.854049
6.6746674667466745,0.535362
6.675667566756676,-1.145455
6.676667666766677,0.583088
6.677667766776677,0.699367
6.678667866786679,-0.73862
6.679667966796679,0.422046
6.680668066806681,0.776507
6.6816681668166815,-0.646098
6.682668266826683,-0.141982
6.683668366836684,0.89141
6.684668466846685,-0.840497
6.685668566856686,-0.968968
6.686668666866686,0.581988
6.687668766876688,0.547225
6.6886688668866885,-0.435468
6.68966896689669,0.471947
6.690669066906691,-0.27538
6.691669166916692,-1.554864
6.692669266926693,0.89189
6.693669366936693,0.020994
6.694669466946695,-0.972638
6.6956695669566955,0.288075
6.696669666966697,0.288768
6.697669766976698,-0.776503
6.698669866986699,0.265755
6.6996699669967,0.837675
6.7006700670067,-0.919485
6.701670167016702,-0.396013
6.702670267026702,1.145685
6.703670367036704,-0.023681
6.7046704670467046,-0.637797
6.705670567056706,0.891881
6.706670667066707,-0.552629
6.707670767076707,-0.704371
6.708670867086709,1.191624
6.709670967096709,0.651841
6.710671067106711,-0.933006
6.7116711671167115,0.854386
6.712671267126713,0.311144
6.713671367136714,-0.84593
6.714671467146715,0.324312
6.715671567156716,0.227032
6.716671667166716,-0.691833
6.717671767176718,-0.048054
6.7186718671867185,0.780058
6.71967196719672,-0.41994
6.720672067206721,-0.536701
6.721672167216722,1.583509
6.722672267226723,-0.624372
6.723672367236723,-1.085768
6.724672467246725,1.322332
6.7256725672567255,-0.052866
6.726672667266727,-0.776288
6.727672767276728,0.880347
6.728672867286729,-0.058061
6.72967296729673,-0.880968
6.73067306730673,-0.019086
6.731673167316732,-0.048817
6.732673267326732,-0.595245
6.733673367336734,0.800565
6.7346734673467346,1.000986
6.735673567356736,-1.157124
6.736673667366737,0.583828
6.737673767376737,0.978148
6.738673867386739,-0.033983
6.739673967396739,-0.463922
6.740674067406741,0.81454
6.7416741674167415,-0.414555
6.742674267426743,-1.155192
6.743674367436744,0.802301
6.744674467446745,0.530769
6.745674567456746,-1.080862
6.746674667466746,0.653085
6.747674767476748,0.437591
6.7486748674867485,-1.447848
6.74967496749675,0.39577
6.750675067506751,0.554282
6.751675167516752,-1.06786
6.752675267526753,0.23705
6.753675367536753,1.092736
6.754675467546755,-0.583161
6.7556755675567555,-0.17303
6.756675667566757,0.934389
6.757675767576758,-0.771226
6.758675867586759,-0.359904
6.75967596759676,0.880426
6.76067606760676,-0.455868
6.761676167616762,-0.728698
6.762676267626762,0.958172
6.763676367636764,0.21961
6.764676467646765,-0.881022
6.765676567656766,0.690088
6.766676667666767,0.643652
6.767676767676767,-0.693412
6.768676867686769,0.973171
6.769676967696769,0.811828
6.770677067706771,-0.622021
6.7716771677167715,0.539298
6.772677267726773,0.883289
6.773677367736774,-0.545549
6.774677467746775,-0.105022
6.775677567756776,1.345509
6.776677667766776,-0.241895
6.777677767776778,-0.258625
6.7786778677867785,0.279103
6.77967796779678,-0.11597
6.780678067806781,-1.174943
6.781678167816782,0.647421
6.782678267826783,0.142419
6.783678367836783,-1.348066
6.784678467846785,1.674597
6.7856785678567855,0.22748
6.786678667866787,-1.153847
6.787678767876788,0.898496
6.788678867886789,0.280033
6.78967896789679,-0.905769
6.79067906790679,0.749661
6.791679167916792,0.525782
6.792679267926792,-0.803138
6.793679367936794,-0.356926
6.794679467946795,1.143113
6.795679567956796,-0.42859
6.796679667966797,-0.526443
6.797679767976797,0.838066
6.798679867986799,0.058886
6.799679967996799,-0.716532
6.800680068006801,1.12603
6.8016801680168015,-0.167901
6.802680268026803,-0.694839
6.803680368036804,0.900873
6.804680468046805,-0.236598
6.805680568056806,-1.319132
6.806680668066806,0.196891
6.807680768076808,-0.203494
6.8086808680868085,-0.64454
6.80968096809681,0.542609
6.810681068106811,1.190923
6.811681168116812,-0.61333
6.812681268126813,-0.64108
6.813681368136813,0.753848
6.814681468146815,-0.225866
6.8156815681568155,-0.962674
6.816681668166817,0.98887
6.817681768176818,-0.683451
6.818681868186819,-1.019166
6.81968196819682,1.025976
6.82068206820682,0.29651
6.821682168216822,-1.204494
6.822682268226822,0.673697
6.823682368236824,-0.095373
6.824682468246825,-1.014668
6.825682568256826,0.655682
6.826682668266827,0.805597
6.827682768276827,-0.951461
6.828682868286829,0.189335
6.829682968296829,0.524876
6.830683068306831,-0.370713
6.8316831683168315,0.514957
6.832683268326833,1.675418
6.833683368336834,-0.473067
6.834683468346835,-0.41615
6.835683568356836,0.888245
6.836683668366836,0.268912
6.837683768376838,-1.049566
6.8386838683868385,1.264336
6.83968396839684,0.182635
6.840684068406841,-0.581113
6.841684168416842,0.558271
6.842684268426843,0.757563
6.843684368436843,-1.329655
6.844684468446845,0.270182
6.8456845684568455,0.818744
6.846684668466847,-0.408047
6.847684768476848,-0.193305
6.848684868486849,0.436899
6.84968496849685,-0.942381
6.85068506850685,-0.551855
6.851685168516852,1.153871
6.8526852685268524,-0.333629
6.853685368536854,-1.267755
6.854685468546855,1.259156
6.855685568556856,-0.111301
6.856685668566857,-1.046795
6.857685768576857,1.178055
6.858685868586859,-0.280516
6.859685968596859,-1.512279
6.860686068606861,0.841395
6.8616861686168615,0.584261
6.862686268626863,-0.570922
6.863686368636864,0.184746
6.864686468646865,0.543596
6.865686568656866,-0.728842
6.866686668666866,0.426275
6.867686768676868,0.516205
6.8686868686868685,-0.685631
6.86968696869687,-0.138674
6.870687068706871,0.495567
6.871687168716872,-0.466896
6.872687268726873,-0.702154
6.873687368736873,0.685108
6.874687468746875,-0.279583
6.8756875687568755,-0.718885
6.876687668766877,0.463974
6.877687768776878,0.09671
6.878687868786879,-0.940334
6.87968796879688,0.71332
6.88068806880688,0.16025
6.881688168816882,-0.266096
6.8826882688268824,0.18759
6.883688368836884,1.178322
6.884688468846885,-0.935056
6.885688568856886,-0.43363
6.886688668866887,1.040515
6.887688768876887,-0.726999
6.888688868886889,-0.449404
6.889688968896889,1.120428
6.890689068906891,-0.626691
6.8916891689168915,-0.575649
6.892689268926893,1.045023
6.893689368936894,-0.2004
6.894689468946895,-1.100427
6.895689568956896,0.806816
6.896689668966896,0.160791
6.897689768976898,-0.88294
6.8986898689868985,0.526437
6.8996899689969,0.752113
6.900690069006901,-0.638466
6.901690169016902,0.600699
6.902690269026903,0.086565
6.903690369036903,-0.798751
6.904690469046905,0.100631
6.9056905690569055,0.34208
6.906690669066907,-0.730376
6.907690769076908,-0.125952
6.908690869086909,0.883094
6.90969096909691,-0.461329
6.91069106910691,-0.652048
6.911691169116912,1.08887
6.9126912691269125,0.019657
6.913691369136914,-1.244088
6.914691469146915,1.083071
6.915691569156916,0.273917
6.916691669166917,-1.248364
6.917691769176917,0.481383
6.918691869186919,0.521535
6.919691969196919,-1.077546
6.920692069206921,0.735669
6.9216921692169215,0.379274
6.922692269226923,-1.436905
6.923692369236924,-0.532355
6.924692469246925,1.120931
6.925692569256926,-0.933428
6.926692669266926,-0.596225
6.927692769276928,0.493555
6.9286928692869285,-0.561992
6.92969296929693,-1.143843
6.930693069306931,1.028563
6.931693169316932,-0.558959
6.932693269326933,-0.722325
6.933693369336933,1.050303
6.934693469346935,0.018194
6.9356935693569355,-1.08227
6.936693669366937,1.31092
6.937693769376938,0.701778
6.938693869386939,-0.397334
6.93969396939694,0.36749
6.94069406940694,1.02466
6.941694169416942,-0.673022
6.9426942694269425,-0.794605
6.943694369436944,1.142226
6.944694469446945,-0.248934
6.945694569456946,-1.077
6.946694669466947,0.812201
6.947694769476947,-0.330142
6.948694869486949,-0.853595
6.949694969496949,0.976479
6.950695069506951,0.045283
6.9516951695169515,-0.402024
6.952695269526953,0.966406
6.953695369536954,-0.184127
6.954695469546955,-1.317172
6.955695569556956,0.36366
6.956695669566956,0.849929
6.957695769576958,-0.667867
6.9586958695869585,0.310839
6.95969596959696,0.899726
6.960696069606961,-1.119816
6.961696169616962,-0.308613
6.962696269626963,0.845459
6.963696369636963,-0.630852
6.964696469646965,-0.848229
6.9656965696569655,0.778918
6.966696669666967,-0.477802
6.967696769676968,-0.756498
6.968696869686969,0.654971
6.96969696969697,-0.421088
6.97069706970697,-0.50189
6.971697169716972,1.246015
6.9726972697269725,-0.046513
6.973697369736974,-0.849192
6.974697469746975,0.685467
6.975697569756976,0.989707
6.976697669766977,-0.649274
6.977697769776977,-0.191018
6.978697869786979,1.445633
6.979697969796979,-0.599285
6.980698069806981,-0.549872
6.9816981698169815,1.241344
6.982698269826983,-0.957279
6.983698369836984,-0.640755
6.984698469846985,1.224525
6.985698569856986,-0.54356
6.986698669866986,-0.70615
6.987698769876988,0.528335
6.9886988698869885,-0.30319
6.98969896989699,-1.188072
6.990699069906991,0.345364
6.991699169916992,0.182975
6.992699269926993,-0.813897
6.993699369936993,0.264965
6.994699469946995,0.406435
6.9956995699569955,-0.730318
6.996699669966997,0.501453
6.997699769976998,0.662907
6.998699869986999,-0.596323
6.999699969997,0.0714
7.000700070007,1.350884
7.001700170017002,-0.601241
7.0027002700270025,-1.022284
7.003700370037004,0.918817
7.004700470047005,-0.424056
7.005700570057006,-0.937947
7.006700670067007,0.673808
7.007700770077007,0.463863
7.008700870087009,-0.712978
7.009700970097009,0.667825
7.010701070107011,0.666533
7.0117011701170116,-0.868187
7.012701270127013,0.371926
7.013701370137014,0.815
7.014701470147015,-0.823186
7.015701570157016,0.284957
7.016701670167016,0.772295
7.017701770177018,-0.706415
7.0187018701870185,0.233941
7.01970197019702,0.993274
7.020702070207021,-0.29374
7.021702170217022,-0.752164
7.022702270227023,0.872126
7.023702370237023,-0.45573
7.024702470247025,-1.095568
7.0257025702570255,0.730519
7.026702670267027,0.771928
7.027702770277028,-1.446612
7.028702870287029,0.56224
7.02970297029703,0.162414
7.03070307030703,-0.839419
7.031703170317032,0.844466
7.0327032703270325,0.467941
7.033703370337034,-0.945077
7.034703470347035,0.207952
7.035703570357036,1.340852
7.036703670367037,-0.328763
7.037703770377037,-0.444241
7.038703870387039,1.504585
7.039703970397039,-0.179053
7.040704070407041,-0.540261
7.0417041704170416,0.857322
7.042704270427043,0.16289
7.043704370437044,-1.839279
7.044704470447045,1.216158
7.045704570457046,0.502875
7.046704670467046,-1.102689
7.047704770477048,0.556017
7.0487048704870485,0.665789
7.04970497049705,-0.849277
7.050705070507051,0.261829
7.051705170517052,0.970476
7.052705270527053,-0.960689
7.053705370537053,0.275736
7.054705470547055,0.887731
7.0557055705570555,-0.561119
7.056705670567057,-0.18611
7.057705770577058,0.958846
7.058705870587059,-0.580475
7.05970597059706,-0.368056
7.06070607060706,1.18126
7.061706170617062,-0.193168
7.0627062706270625,-1.171164
7.063706370637064,0.877663
7.064706470647065,-0.08149
7.065706570657066,-1.062679
7.066706670667067,-0.072341
7.067706770677067,0.780312
7.068706870687069,-0.919726
7.069706970697069,0.694452
7.070707070707071,0.52077
7.0717071707170716,-0.89201
7.072707270727073,-0.747523
7.073707370737074,0.746772
7.074707470747075,-0.415121
7.075707570757076,-1.001777
7.076707670767076,0.775613
7.077707770777078,-0.347081
7.0787078707870785,-0.598476
7.07970797079708,0.84147
7.080708070807081,-0.03648
7.081708170817082,-0.766254
7.082708270827083,0.770621
7.083708370837083,-0.139182
7.084708470847085,-1.097873
7.0857085708570855,0.289417
7.086708670867087,0.647467
7.087708770877088,-0.946401
7.088708870887089,0.234753
7.08970897089709,0.572682
7.09070907090709,-1.304257
7.091709170917092,-0.695882
7.0927092709270925,0.805468
7.093709370937094,-0.448322
7.094709470947095,-0.053743
7.095709570957096,0.864004
7.096709670967097,-0.024837
7.097709770977097,-1.418499
7.098709870987099,0.982997
7.099709970997099,0.544342
7.100710071007101,-1.091669
7.101710171017102,0.571965
7.102710271027103,0.132956
7.103710371037104,-1.340802
7.104710471047105,0.600976
7.105710571057106,0.687498
7.106710671067106,-1.0563
7.107710771077108,0.724723
7.1087108710871085,0.751512
7.10971097109711,-0.795994
7.110711071107111,0.152152
7.111711171117112,1.323149
7.112711271127113,-0.250371
7.113711371137113,-0.648936
7.114711471147115,1.374247
7.1157115711571155,-0.269448
7.116711671167117,-1.505994
7.117711771177118,0.636662
7.118711871187119,-0.318937
7.11971197119712,-1.31537
7.12071207120712,1.334681
7.121712171217122,0.169795
7.1227122712271225,-1.093258
7.123712371237124,-0.200474
7.124712471247125,0.617159
7.125712571257126,-0.402381
7.126712671267127,0.640895
7.127712771277127,0.926288
7.128712871287129,-0.92892
7.129712971297129,-0.037751
7.130713071307131,0.799104
7.131713171317132,0.022886
7.132713271327133,-0.279558
7.133713371337134,0.796647
7.134713471347135,-0.185851
7.135713571357136,-0.714614
7.136713671367136,0.505906
7.137713771377138,0.116977
7.1387138713871385,-1.050408
7.13971397139714,0.723883
7.140714071407141,0.130426
7.141714171417142,-1.010303
7.142714271427143,1.103688
7.143714371437143,0.463913
7.144714471447145,-0.571115
7.1457145714571455,0.066011
7.146714671467147,0.79875
7.147714771477148,-0.411449
7.148714871487149,-0.10273
7.14971497149715,1.259138
7.15071507150715,-0.450684
7.151715171517152,-0.475501
7.1527152715271525,0.783364
7.153715371537154,-0.307742
7.154715471547155,-0.702835
7.155715571557156,0.957604
7.156715671567157,0.274426
7.157715771577157,-1.352199
7.158715871587159,0.404059
7.1597159715971594,0.211275
7.160716071607161,-0.900945
7.161716171617162,0.703464
7.162716271627163,0.205226
7.163716371637164,-0.851811
7.164716471647165,0.3981
7.165716571657166,1.116627
7.166716671667166,-1.473234
7.167716771677168,-0.396644
7.1687168716871685,0.973844
7.16971697169717,-0.591825
7.170717071707171,-1.050976
7.171717171717172,1.091782
7.172717271727173,-0.171405
7.173717371737173,-1.097864
7.174717471747175,1.154159
7.1757175717571755,-0.611787
7.176717671767177,-0.141539
7.177717771777178,1.504764
7.178717871787179,0.625942
7.17971797179718,-1.252257
7.18071807180718,0.200502
7.181718171817182,0.133257
7.1827182718271825,-1.22256
7.183718371837184,-0.376321
7.184718471847185,0.798861
7.185718571857186,-0.516837
7.186718671867187,-0.463544
7.187718771877187,0.622897
7.188718871887189,-0.398347
7.1897189718971894,-0.686423
7.190719071907191,0.924153
7.191719171917192,-0.027688
7.192719271927193,-1.10849
7.193719371937194,0.654925
7.194719471947195,0.263007
7.195719571957196,-1.0088
7.196719671967196,0.646586
7.197719771977198,0.553735
7.1987198719871985,-0.892982
7.1997199719972,0.383427
7.200720072007201,0.561095
7.201720172017202,-0.529121
7.202720272027203,-0.309762
7.203720372037203,0.858957
7.204720472047205,-0.912881
7.2057205720572055,-0.085742
7.206720672067207,0.938194
7.207720772077208,-0.905575
7.208720872087209,-0.779211
7.20972097209721,1.439163
7.21072107210721,-0.46148
7.211721172117212,-0.985306
7.2127212721272125,1.216474
7.213721372137214,0.302744
7.214721472147215,-0.844792
7.215721572157216,0.409882
7.216721672167217,-0.321642
7.217721772177217,-0.681345
7.218721872187219,0.292517
7.2197219721972195,0.258865
7.220722072207221,-0.864504
7.221722172217222,-0.394657
7.222722272227223,0.577332
7.223722372237224,-0.781012
7.224722472247225,-0.115377
7.225722572257226,1.123275
7.226722672267226,0.129759
7.227722772277228,-0.737495
7.2287228722872285,0.73979
7.22972297229723,-0.537739
7.230723072307231,-1.133271
7.231723172317232,1.166844
7.232723272327233,0.045375
7.233723372337233,-1.172856
7.234723472347235,0.390718
7.2357235723572355,0.3863
7.236723672367237,-1.024104
7.237723772377238,0.200701
7.238723872387239,0.740046
7.23972397239724,-1.159601
7.24072407240724,-0.555292
7.241724172417242,0.980031
7.2427242724272425,-0.329843
7.243724372437244,-0.326079
7.244724472447245,1.241266
7.245724572457246,-0.533572
7.246724672467247,-0.359213
7.247724772477247,1.255336
7.248724872487249,0.091169
7.2497249724972495,-1.228365
7.250725072507251,0.975618
7.251725172517252,0.451859
7.252725272527253,-0.979748
7.253725372537254,0.847518
7.254725472547255,0.937142
7.255725572557256,-0.87411
7.256725672567256,0.539651
7.257725772577258,0.47646
7.2587258725872585,-0.625608
7.25972597259726,-0.643334
7.260726072607261,1.009496
7.261726172617262,-0.374422
7.262726272627263,-0.50912
7.263726372637263,0.850278
7.264726472647265,-0.311143
7.2657265726572655,-1.16012
7.266726672667267,1.025861
7.267726772677268,-0.137451
7.268726872687269,-0.763483
7.26972697269727,1.226172
7.27072707270727,0.06207
7.271727172717272,-1.1443
7.2727272727272725,0.529666
7.273727372737274,1.035996
7.274727472747275,-1.029276
7.275727572757276,0.537461
7.276727672767277,0.461
7.277727772777277,-1.016601
7.278727872787279,-0.356115
7.2797279727972795,1.446471
7.280728072807281,-0.308058
7.281728172817282,-0.662427
7.282728272827283,1.048487
7.283728372837284,-0.172901
7.284728472847285,-0.570192
7.285728572857286,1.247967
7.286728672867286,0.198804
7.287728772877288,-0.769079
7.2887288728872885,1.11762
7.28972897289729,1.132568
7.290729072907291,-0.924656
7.291729172917292,0.983054
7.292729272927293,0.604001
7.293729372937293,-1.003185
7.294729472947295,0.626905
7.2957295729572955,0.928912
7.296729672967297,-0.616582
7.297729772977298,0.190141
7.298729872987299,1.151498
7.2997299729973,-0.313517
7.3007300730073,-0.674214
7.301730173017302,0.886396
7.3027302730273025,0.11963
7.303730373037304,-0.98441
7.304730473047305,0.745011
7.305730573057306,-0.042011
7.306730673067307,-0.690721
7.307730773077307,0.286959
7.308730873087309,0.073667
7.3097309730973095,-1.154434
7.310731073107311,0.341952
7.311731173117312,0.217003
7.312731273127313,-1.046644
7.313731373137314,0.035813
7.314731473147315,1.117003
7.315731573157316,-0.320423
7.316731673167316,-0.279174
7.317731773177318,0.571585
7.3187318731873185,-0.164317
7.31973197319732,-0.59145
7.320732073207321,1.138608
7.321732173217322,-0.611046
7.322732273227323,-0.529866
7.323732373237323,0.822933
7.324732473247325,-0.032521
7.3257325732573255,-1.212169
7.326732673267327,1.020091
7.327732773277328,1.004716
7.328732873287329,-0.9032
7.32973297329733,0.641831
7.33073307330733,0.24066
7.331733173317332,-0.580449
7.3327332733273325,0.218155
7.333733373337334,1.345474
7.334733473347335,-0.353155
7.335733573357336,-0.218438
7.336733673367337,0.902726
7.337733773377337,-0.546966
7.338733873387339,-0.513562
7.3397339733973395,1.284037
7.340734073407341,-0.308487
7.341734173417342,-0.654339
7.342734273427343,0.931095
7.343734373437344,-0.049851
7.344734473447345,-0.307101
7.345734573457346,0.649942
7.346734673467346,0.690849
7.347734773477348,-0.784861
7.3487348734873486,0.735811
7.34973497349735,0.760917
7.350735073507351,-0.763132
7.351735173517352,0.058045
7.352735273527353,1.069926
7.353735373537353,-0.065202
7.354735473547355,-0.308033
7.3557355735573555,1.114452
7.356735673567357,-0.105722
7.357735773577358,-0.669347
7.358735873587359,0.43118
7.35973597359736,0.057337
7.36073607360736,-0.809768
7.361736173617362,0.71242
7.3627362736273625,0.134847
7.363736373637364,-1.242689
7.364736473647365,0.562824
7.365736573657366,0.404062
7.366736673667367,-0.531138
7.367736773677367,0.080769
7.368736873687369,0.820671
7.3697369736973695,-0.736878
7.370737073707371,0.12574
7.371737173717372,0.684807
7.372737273727373,-0.838001
7.373737373737374,-0.099042
7.374737473747375,0.597067
7.375737573757376,-0.230008
7.376737673767376,-1.480049
7.377737773777378,1.205522
7.3787378737873786,-0.096213
7.37973797379738,-0.541392
7.380738073807381,1.108473
7.381738173817382,0.055367
7.382738273827383,-0.846555
7.383738373837383,0.97197
7.384738473847385,-0.050557
7.3857385738573855,-1.461446
7.386738673867387,0.200734
7.387738773877388,0.727223
7.388738873887389,-0.973656
7.38973897389739,-0.426843
7.39073907390739,1.055661
7.391739173917392,-1.027204
7.3927392739273925,-0.58387
7.393739373937394,0.603834
7.394739473947395,-0.090794
7.395739573957396,-0.453672
7.396739673967397,0.845955
7.397739773977397,-0.213524
7.398739873987399,-0.654824
7.3997399739973995,0.955341
7.400740074007401,-0.120395
7.401740174017402,-1.505542
7.402740274027403,0.53315
7.403740374037404,0.774927
7.404740474047405,-0.822949
7.405740574057406,0.235992
7.406740674067406,0.731193
7.407740774077408,-0.849367
7.408740874087409,0.110952
7.40974097409741,0.762365
7.410741074107411,-0.155602
7.411741174117412,-0.791365
7.412741274127413,0.707971
7.413741374137413,-0.182843
7.414741474147415,-1.051566
7.4157415741574155,1.497404
7.416741674167417,-0.265811
7.417741774177418,-1.351959
7.418741874187419,1.194541
7.41974197419742,0.39348
7.42074207420742,-0.715994
7.421742174217422,0.331534
7.4227422742274225,0.393945
7.423742374237424,-0.60235
7.424742474247425,-0.207991
7.425742574257426,0.886115
7.426742674267427,-1.039465
7.427742774277427,-0.253183
7.428742874287429,0.872228
7.4297429742974295,-0.407336
7.430743074307431,-0.402845
7.431743174317432,1.266647
7.432743274327433,0.328788
7.433743374337434,-1.202028
7.434743474347435,0.769932
7.435743574357436,0.033468
7.436743674367436,-0.943889
7.437743774377438,0.420896
7.438743874387439,0.286754
7.43974397439744,-0.723217
7.440744074407441,0.375731
7.441744174417442,0.661356
7.442744274427443,-1.175126
7.443744374437443,0.46667
7.444744474447445,0.606513
7.4457445744574455,-0.682983
7.446744674467447,-0.09305
7.447744774477448,0.986806
7.448744874487449,-0.272047
7.44974497449745,-0.693983
7.45074507450745,0.468749
7.451745174517452,-0.135625
7.4527452745274525,-0.362868
7.453745374537454,0.900342
7.454745474547455,0.223568
7.455745574557456,-1.019305
7.456745674567457,0.461855
7.457745774577457,0.20568
7.458745874587459,-1.374247
7.4597459745974595,0.471588
7.460746074607461,0.102962
7.461746174617462,-0.731456
7.462746274627463,0.158132
7.463746374637464,0.947372
7.464746474647465,-0.878132
7.465746574657466,-0.403045
7.466746674667466,1.117967
7.467746774677468,-0.420037
7.468746874687469,-0.95822
7.46974697469747,0.814686
7.470747074707471,0.119078
7.471747174717472,-0.601605
7.472747274727473,1.17516
7.473747374737473,-0.164323
7.474747474747475,-0.843861
7.4757475747574755,0.296728
7.476747674767477,0.354172
7.477747774777478,-1.146739
7.478747874787479,0.676088
7.47974797479748,0.820322
7.48074807480748,-1.119538
7.481748174817482,-0.187133
7.4827482748274825,0.552804
7.483748374837484,-0.702999
7.484748474847485,0.106211
7.485748574857486,0.767201
7.486748674867487,-0.500603
7.487748774877487,-0.21573
7.488748874887489,1.37518
7.4897489748974895,-0.322567
7.490749074907491,-0.360494
7.491749174917492,1.01027
7.492749274927493,0.055096
7.493749374937494,-0.646646
7.494749474947495,0.362984
7.495749574957496,0.371728
7.4967496749674964,-1.116337
7.497749774977498,0.178188
7.498749874987499,0.565098
7.4997499749975,-1.091833
7.500750075007501,0.193927
7.501750175017502,0.995825
7.502750275027503,-0.330623
7.503750375037503,-0.186882
7.504750475047505,1.477213
7.5057505750575055,-0.288893
7.506750675067507,-1.045799
7.507750775077508,1.006395
7.508750875087509,-0.190941
7.50975097509751,-1.445392
7.51075107510751,1.801011
7.511751175117512,0.110721
7.5127512751275125,-1.671691
7.513751375137514,0.092082
7.514751475147515,0.062432
7.515751575157516,-0.983832
7.516751675167517,0.584641
7.517751775177517,0.769845
7.518751875187519,-0.319736
7.5197519751975195,0.531919
7.520752075207521,1.296477
7.521752175217522,-0.529094
7.522752275227523,-0.12938
7.523752375237524,0.774513
7.524752475247525,-1.015491
7.525752575257526,-0.246291
7.5267526752675264,0.197524
7.527752775277528,-0.343749
7.528752875287529,-0.381856
7.52975297529753,0.623307
7.530753075307531,-0.092483
7.531753175317532,-0.962661
7.532753275327533,0.584023
7.533753375337533,0.78375
7.534753475347535,-0.622283
7.5357535753575355,0.075833
7.536753675367537,0.373593
7.537753775377538,-1.062292
7.538753875387539,-0.018185
7.53975397539754,0.924944
7.54075407540754,-0.725817
7.541754175417542,-0.262399
7.5427542754275425,0.513342
7.543754375437544,-0.55988
7.544754475447545,-0.339432
7.545754575457546,1.041027
7.546754675467547,0.466544
7.547754775477547,-1.511318
7.548754875487549,0.535075
7.5497549754975495,0.544567
7.550755075507551,-1.167281
7.551755175517552,0.689456
7.552755275527553,-0.060369
7.553755375537554,-1.225058
7.554755475547555,0.355992
7.555755575557556,0.880933
7.5567556755675565,-0.799921
7.557755775577558,-0.051122
7.558755875587559,0.748386
7.55975597559756,-0.75793
7.560756075607561,-0.406488
7.561756175617562,1.4949
7.562756275627563,-0.007854
7.563756375637563,-1.408272
7.564756475647565,0.626543
7.5657565756575655,-0.180736
7.566756675667567,-0.163861
7.567756775677568,0.88504
7.568756875687569,-0.288427
7.56975697569757,-0.94114
7.57075707570757,0.568457
7.571757175717572,1.0566
7.5727572757275725,-0.78562
7.573757375737574,0.40321
7.574757475747575,0.491616
7.575757575757576,-0.484314
7.576757675767577,0.548617
7.577757775777577,0.533806
7.578757875787579,-0.487943
7.5797579757975795,-0.771939
7.580758075807581,0.657581
7.581758175817582,-0.077906
7.582758275827583,-0.968757
7.583758375837584,0.902191
7.584758475847585,-0.285318
7.585758575857586,-0.992355
7.5867586758675865,0.893523
7.587758775877588,0.484843
7.588758875887589,-1.596327
7.58975897589759,1.121442
7.590759075907591,0.376004
7.591759175917592,-1.285913
7.592759275927593,0.480104
7.593759375937593,0.787758
7.594759475947595,-0.819678
7.5957595759575955,-0.725595
7.596759675967597,0.831863
7.597759775977598,-0.758873
7.598759875987599,-0.64082
7.5997599759976,0.558253
7.6007600760076,-0.151903
7.601760176017602,-0.681142
7.6027602760276025,0.860511
7.603760376037604,0.214302
7.604760476047605,-1.491894
7.605760576057606,1.37893
7.606760676067607,0.725583
7.607760776077607,-1.121483
7.608760876087609,0.4338
7.6097609760976095,0.623791
7.610761076107611,-0.622113
7.611761176117612,0.161143
7.612761276127613,0.218732
7.613761376137614,-0.774304
7.614761476147615,0.167557
7.615761576157616,0.943451
7.6167616761676165,-0.852247
7.617761776177618,-0.937918
7.618761876187619,0.813695
7.61976197619762,-0.007593
7.620762076207621,-0.881097
7.621762176217622,0.824118
7.622762276227623,0.21164
7.623762376237623,-0.691103
7.624762476247625,0.792743
7.6257625762576255,0.445092
7.626762676267627,-0.920984
7.627762776277628,-0.213905
7.628762876287629,0.675826
7.62976297629763,-1.209772
7.63076307630763,0.167555
7.631763176317632,1.058488
7.6327632763276325,-0.60218
7.633763376337634,-0.615131
7.634763476347635,1.120212
7.635763576357636,-0.901561
7.636763676367637,-1.139023
7.637763776377637,0.931231
7.638763876387639,-0.223549
7.6397639763976395,-1.130092
7.640764076407641,1.209886
7.641764176417642,-0.15057
7.642764276427643,-0.626028
7.643764376437644,0.909259
7.644764476447645,0.535395
7.645764576457646,-1.608333
7.6467646764676465,1.05166
7.647764776477648,0.639402
7.648764876487649,-1.069684
7.64976497649765,0.381949
7.650765076507651,0.311241
7.651765176517652,-0.338639
7.652765276527653,-0.486569
7.653765376537653,0.843315
7.654765476547655,-0.309167
7.6557655765576555,-0.961161
7.656765676567657,0.857498
7.657765776577658,-0.262377
7.658765876587659,-0.555841
7.65976597659766,0.684694
7.66076607660766,0.390136
7.661766176617662,-0.895151
7.6627662766276625,0.205317
7.663766376637664,0.429627
7.664766476647665,-1.052409
7.665766576657666,0.33455
7.666766676667667,0.992817
7.667766776677667,-1.245073
7.668766876687669,-0.022998
7.6697669766976695,0.322226
7.670767076707671,-0.979918
7.671767176717672,-0.416474
7.672767276727673,1.355645
7.673767376737674,-1.137498
7.674767476747675,-0.620737
7.675767576757676,0.755984
7.6767676767676765,-0.307308
7.677767776777678,-0.536699
7.678767876787679,1.055388
7.67976797679768,0.317898
7.680768076807681,-1.214139
7.681768176817682,0.532918
7.682768276827683,0.371844
7.683768376837683,-1.092246
7.684768476847685,0.291372
7.6857685768576856,0.774565
7.686768676867687,-1.298376
7.687768776877688,0.45175
7.688768876887689,0.751787
7.68976897689769,-0.641915
7.69076907690769,-0.379645
7.691769176917692,1.122916
7.6927692769276925,-0.377363
7.693769376937694,-1.000053
7.694769476947695,1.00752
7.695769576957696,0.086843
7.696769676967697,-1.354939
7.697769776977697,0.936447
7.698769876987699,0.619623
7.6997699769976995,-0.976841
7.700770077007701,0.786336
7.701770177017702,1.421062
7.702770277027703,-0.818944
7.703770377037704,0.461066
7.704770477047705,0.705201
7.705770577057706,-0.636786
7.7067706770677065,-0.524435
7.707770777077708,0.93659
7.708770877087709,-0.585412
7.70977097709771,-0.117105
7.710771077107711,0.986149
7.711771177117712,0.202558
7.712771277127713,-0.82029
7.713771377137713,0.894026
7.714771477147715,0.592945
7.7157715771577156,-0.555445
7.716771677167717,0.686177
7.717771777177718,-0.052978
7.718771877187719,-1.056843
7.71977197719772,0.743701
7.72077207720772,-0.033126
7.721772177217722,-0.346185
7.7227722772277225,0.069735
7.723772377237724,-0.144206
7.724772477247725,-0.813919
7.725772577257726,-0.025935
7.726772677267727,1.326865
7.727772777277727,-0.260428
7.728772877287729,-0.18634
7.7297729772977295,1.344385
7.730773077307731,-0.330359
7.731773177317732,-0.712223
7.732773277327733,1.174901
7.733773377337734,0.157688
7.734773477347735,-0.860682
7.735773577357736,1.097598
7.7367736773677365,0.227406
7.737773777377738,-1.2115
7.738773877387739,0.476669
7.73977397739774,0.202485
7.740774077407741,-1.320313
7.741774177417742,0.70338
7.742774277427743,0.582883
7.743774377437743,-1.217922
7.744774477447745,0.165094
7.745774577457746,1.083942
7.746774677467747,-0.432275
7.747774777477748,-1.068299
7.748774877487749,0.799322
7.74977497749775,-0.330629
7.75077507750775,-0.488946
7.751775177517752,1.23557
7.7527752775277525,-0.185829
7.753775377537754,-0.900924
7.754775477547755,0.336117
7.755775577557756,0.049418
7.756775677567757,-1.122044
7.757775777577757,0.429484
7.758775877587759,1.053366
7.7597759775977595,-0.606752
7.760776077607761,0.712915
7.761776177617762,0.442513
7.762776277627763,-1.18907
7.763776377637764,-0.367032
7.764776477647765,1.05568
7.765776577657766,-0.778493
7.7667766776677665,-0.596476
7.767776777677768,0.61088
7.768776877687769,-0.466198
7.76977697769777,-1.035579
7.770777077707771,1.09581
7.771777177717772,0.049781
7.772777277727773,-1.099436
7.773777377737773,0.215922
7.774777477747775,0.538218
7.775777577757776,-1.107253
7.776777677767777,1.330459
7.777777777777778,0.612308
7.778777877787779,-0.74937
7.77977797779778,0.676028
7.78077807780778,1.136152
7.781778177817782,-0.64293
7.7827782778277825,0.355741
7.783778377837784,0.909842
7.784778477847785,-0.754084
7.785778577857786,-0.211935
7.786778677867787,0.833464
7.787778777877787,-0.723311
7.788778877887789,-0.629357
7.7897789778977895,0.730901
7.790779077907791,0.891626
7.791779177917792,-1.096315
7.792779277927793,0.688067
7.793779377937794,0.648288
7.794779477947795,-1.508873
7.795779577957796,-0.053761
7.7967796779677965,0.166484
7.797779777977798,-0.783164
7.798779877987799,0.221402
7.7997799779978,1.157321
7.800780078007801,-0.938693
7.801780178017802,-0.331026
7.802780278027803,1.161483
7.8037803780378034,-0.637838
7.804780478047805,-0.643899
7.805780578057806,1.168373
7.806780678067807,-0.591687
7.807780778077808,-0.968421
7.808780878087809,0.583034
7.80978097809781,0.227462
7.81078107810781,-0.87225
7.811781178117812,0.759614
7.8127812781278125,0.684464
7.813781378137814,-0.938902
7.814781478147815,0.329162
7.815781578157816,0.985869
7.816781678167817,-0.502836
7.817781778177817,-0.375136
7.818781878187819,0.656705
7.8197819781978195,-0.197439
7.820782078207821,0.010438
7.821782178217822,0.982379
7.822782278227823,-0.906888
7.823782378237824,-0.582328
7.824782478247825,0.511749
7.825782578257826,-0.582976
7.8267826782678265,-1.163281
7.827782778277828,0.797079
7.828782878287829,0.023484
7.82978297829783,-0.133154
7.830783078307831,0.847538
7.831783178317832,0.074262
7.832783278327833,-1.18334
7.8337833783378334,0.354557
7.834783478347835,0.432684
7.835783578357836,-1.560717
7.836783678367837,0.207242
7.837783778377838,1.141536
7.838783878387839,-0.341626
7.83978397839784,-0.267774
7.84078407840784,1.403626
7.841784178417842,-0.57304
7.8427842784278425,-1.100399
7.843784378437844,0.750393
7.844784478447845,-0.162109
7.845784578457846,-0.410232
7.846784678467847,1.160774
7.847784778477847,0.154861
7.848784878487849,-1.323871
7.8497849784978495,1.15476
7.850785078507851,0.445433
7.851785178517852,-0.942815
7.852785278527853,0.543264
7.853785378537854,0.644458
7.854785478547855,-0.839259
7.855785578557856,-0.292507
7.8567856785678565,0.782148
7.857785778577858,-0.625124
7.858785878587859,-0.686771
7.85978597859786,0.875252
7.860786078607861,-1.160021
7.861786178617862,-0.63382
7.862786278627863,1.063218
7.8637863786378635,-0.537913
7.864786478647865,-1.115821
7.865786578657866,1.302394
7.866786678667867,0.337871
7.867786778677868,-0.671881
7.868786878687869,0.49274
7.86978697869787,0.386753
7.87078707870787,-0.848229
7.871787178717872,-0.169753
7.8727872787278725,0.838346
7.873787378737874,-1.184998
7.874787478747875,0.289118
7.875787578757876,1.117978
7.876787678767877,-0.342666
7.877787778777877,-1.144993
7.878787878787879,1.747242
7.8797879787978795,-0.470032
7.880788078807881,-0.95401
7.881788178817882,0.848698
7.882788278827883,-0.078327
7.883788378837884,-1.247315
7.884788478847885,0.640704
7.885788578857886,0.150082
7.8867886788678865,-0.418118
7.887788778877888,0.541696
7.888788878887889,0.760098
7.88978897889789,-0.894164
7.890789078907891,0.034235
7.891789178917892,0.620176
7.892789278927893,-0.920497
7.8937893789378935,-0.580859
7.894789478947895,1.451487
7.895789578957896,-0.863659
7.896789678967897,-0.736888
7.897789778977898,1.008373
7.898789878987899,-0.320802
7.8997899789979,-0.773536
7.9007900790079,0.828468
7.901790179017902,0.239984
7.9027902790279025,-0.805502
7.903790379037904,0.88167
7.904790479047905,-0.161633
7.905790579057906,-1.23737
7.906790679067907,0.611434
7.907790779077907,0.593758
7.908790879087909,-0.958175
7.9097909790979095,0.291627
7.910791079107911,0.857601
7.911791179117912,-0.863376
7.912791279127913,-0.550117
7.913791379137914,0.366135
7.914791479147915,0.016005
7.915791579157916,-0.742573
7.9167916791679165,0.842514
7.917791779177918,-0.435604
7.918791879187919,-1.103192
7.91979197919792,0.80768
7.920792079207921,-0.150924
7.921792179217922,-1.33852
7.922792279227923,1.064473
7.9237923792379235,0.781853
7.924792479247925,-0.983671
7.925792579257926,0.1086
7.926792679267927,0.617167
7.927792779277928,-0.492241
7.928792879287929,0.364236
7.92979297929793,0.513963
7.93079307930793,-1.221787
7.931793179317932,0.270098
7.9327932793279325,1.247027
7.933793379337934,-0.833342
7.934793479347935,-0.312099
7.935793579357936,0.749957
7.936793679367937,-0.317866
7.937793779377937,-0.270156
7.938793879387939,0.787152
7.9397939793979395,0.14839
7.940794079407941,-1.141744
7.941794179417942,0.471345
7.942794279427943,0.144014
7.943794379437944,-0.701644
7.944794479447945,0.160025
7.945794579457946,0.370802
7.9467946794679465,-0.863936
7.947794779477948,0.674238
7.948794879487949,0.232899
7.94979497949795,-1.079973
7.950795079507951,-0.293362
7.951795179517952,0.921857
7.952795279527953,-0.721639
7.9537953795379535,-0.49723
7.954795479547955,0.878655
7.955795579557956,-0.535225
7.956795679567957,-0.153992
7.957795779577958,0.691459
7.958795879587959,-0.747462
7.95979597959796,-0.504166
7.96079607960796,1.177075
7.961796179617962,0.348931
7.9627962796279625,-0.87704
7.963796379637964,0.290071
7.964796479647965,0.460831
7.965796579657966,-0.745164
7.966796679667967,-0.192866
7.967796779677967,0.277899
7.968796879687969,-0.850128
7.9697969796979695,-0.042268
7.970797079707971,0.902245
7.971797179717972,-0.202628
7.972797279727973,-0.139419
7.973797379737974,1.289127
7.974797479747975,-0.053353
7.975797579757976,-0.593296
7.9767976797679765,1.231277
7.977797779777978,-0.416487
7.978797879787979,-1.295639
7.97979797979798,1.26374
7.980798079807981,0.781271
7.981798179817982,-0.662763
7.982798279827983,0.716591
7.9837983798379835,0.533469
7.984798479847985,-0.741775
7.985798579857986,0.666566
7.986798679867987,0.98141
7.987798779877988,-0.745739
7.988798879887989,-0.662199
7.98979897989799,1.388252
7.99079907990799,-0.379275
7.991799179917992,-0.516699
7.9927992799279926,1.359398
7.993799379937994,-0.481118
7.994799479947995,-0.760344
7.995799579957996,1.602094
7.996799679967997,0.223684
7.997799779977997,-0.877476
7.998799879987999,1.215737
7.9997999799979995,0.604402
8.000800080008,-0.613027
8.001800180018002,0.466748
8.002800280028003,0.878937
8.003800380038005,-0.579834
8.004800480048004,0.054332
8.005800580058006,1.132878
8.006800680068007,-0.735866
8.007800780078007,0.054078
8.008800880088009,1.224085
8.00980098009801,-0.528213
8.010801080108012,-0.742756
8.011801180118011,1.131473
8.012801280128013,0.091521
8.013801380138014,-1.201258
8.014801480148014,0.887991
8.015801580158016,0.010001
8.016801680168017,-1.122455
8.017801780178019,1.528918
8.018801880188018,0.290815
8.01980198019802,-0.726226
8.020802080208021,0.613083
8.021802180218021,0.87644
8.022802280228023,-1.691693
8.023802380238024,0.089974
8.024802480248026,0.924887
8.025802580258025,-0.856558
8.026802680268027,-0.292676
8.027802780278028,0.962841
8.028802880288028,-0.754309
8.02980298029803,-0.313299
8.030803080308031,0.911047
8.031803180318033,0.157931
8.032803280328032,-1.010123
8.033803380338034,0.860117
8.034803480348035,0.11796
8.035803580358035,-0.623476
8.036803680368036,0.717174
8.037803780378038,0.49223
8.03880388038804,-1.031117
8.03980398039804,0.312046
8.04080408040804,1.033327
8.041804180418042,-0.811148
8.042804280428042,0.212757
8.043804380438043,0.874477
8.044804480448045,-0.218075
8.045804580458046,-0.874253
8.046804680468046,0.907719
8.047804780478048,-0.691875
8.04880488048805,-0.598262
8.04980498049805,1.232457
8.05080508050805,-0.021776
8.051805180518052,-0.8526
8.052805280528053,0.530237
8.053805380538053,-0.424127
8.054805480548055,-1.649828
8.055805580558056,0.849711
8.056805680568058,0.456448
8.057805780578057,-0.909503
8.058805880588059,0.519854
8.05980598059806,0.917465
8.06080608060806,-0.758209
8.061806180618062,0.17449
8.062806280628063,0.855359
8.063806380638065,0.030011
8.064806480648064,-0.469923
8.065806580658066,0.725628
8.066806680668067,-0.141462
8.067806780678067,-0.777672
8.068806880688069,1.228025
8.06980698069807,-0.144773
8.070807080708072,-1.005522
8.071807180718071,1.020456
8.072807280728073,-0.151448
8.073807380738074,-0.923461
8.074807480748074,1.184629
8.075807580758076,1.025299
8.076807680768077,-1.035869
8.077807780778079,-0.328324
8.078807880788078,0.655954
8.07980798079808,-1.025841
8.080808080808081,0.047166
8.081808180818081,1.016119
8.082808280828083,-0.62223
8.083808380838084,-0.387767
8.084808480848086,1.218941
8.085808580858085,-0.238004
8.086808680868087,-0.840098
8.087808780878088,0.939025
8.088808880888088,-0.052289
8.08980898089809,-0.765941
8.090809080908091,0.98528
8.091809180918093,-0.038975
8.092809280928092,-0.778884
8.093809380938094,0.607633
8.094809480948095,0.190479
8.095809580958095,-0.820703
8.096809680968097,0.304067
8.097809780978098,1.159428
8.0988098809881,-1.107208
8.0998099809981,-0.043082
8.1008100810081,0.994148
8.101810181018102,-1.040362
8.102810281028102,-0.494373
8.103810381038103,0.837908
8.104810481048105,0.145188
8.105810581058106,-1.171238
8.106810681068106,0.929416
8.107810781078108,0.147333
8.10881088108811,-0.942423
8.10981098109811,0.519075
8.11081108110811,-0.080317
8.111811181118112,-0.78695
8.112811281128113,0.505204
8.113811381138113,0.368976
8.114811481148115,-1.004924
8.115811581158116,0.105252
8.116811681168118,0.971945
8.117811781178117,-0.588474
8.118811881188119,-0.297642
8.11981198119812,0.477439
8.12081208120812,-0.359738
8.121812181218122,-0.364795
8.122812281228123,0.822162
8.123812381238125,-0.03032
8.124812481248124,-0.826891
8.125812581258126,1.2425
8.126812681268127,0.288912
8.127812781278127,-1.029508
8.128812881288129,0.909164
8.12981298129813,-0.161935
8.130813081308132,-0.801467
8.131813181318131,0.200638
8.132813281328133,0.415563
8.133813381338134,-1.342011
8.134813481348134,-0.112259
8.135813581358136,0.933064
8.136813681368137,-0.51658
8.137813781378139,-0.249017
8.138813881388138,0.867887
8.13981398139814,-0.369033
8.140814081408141,-0.719514
8.141814181418141,0.82256
8.142814281428143,-0.454176
8.143814381438144,-1.338885
8.144814481448146,0.816228
8.145814581458145,0.37912
8.146814681468147,-0.826134
8.147814781478148,0.457111
8.148814881488148,0.578305
8.14981498149815,-1.305803
8.150815081508151,0.709954
8.151815181518153,0.414149
8.152815281528152,-1.204634
8.153815381538154,-0.223813
8.154815481548155,0.745945
8.155815581558155,-1.026089
8.156815681568157,-0.394357
8.157815781578158,0.844704
8.15881588158816,-0.686802
8.15981598159816,-1.015363
8.16081608160816,0.603422
8.161816181618162,0.005715
8.162816281628162,-0.651988
8.163816381638163,0.538803
8.164816481648165,-0.005102
8.165816581658166,-0.953802
8.166816681668166,1.206166
8.167816781678168,0.093989
8.16881688168817,-1.057316
8.16981698169817,0.890721
8.17081708170817,0.8003
8.171817181718172,-0.383295
8.172817281728173,0.076129
8.173817381738173,0.478564
8.174817481748175,-0.889226
8.175817581758176,-0.797824
8.176817681768178,0.526985
8.177817781778177,-0.734584
8.178817881788179,-0.795811
8.17981798179818,0.564963
8.18081808180818,-0.330912
8.181818181818182,-1.231012
8.182818281828183,1.159318
8.183818381838185,0.138496
8.184818481848184,-0.621808
8.185818581858186,0.813502
8.186818681868187,0.092491
8.187818781878187,-1.008704
8.188818881888189,-0.282832
8.18981898189819,0.305978
8.190819081908192,-0.95629
8.191819181918191,0.371048
8.192819281928193,0.630382
8.193819381938194,-0.403549
8.194819481948194,-0.334373
8.195819581958196,0.840809
8.196819681968197,-0.459452
8.197819781978199,-0.818788
8.198819881988198,0.678224
8.1998199819982,0.0235
8.200820082008201,-0.472364
8.201820182018201,1.001844
8.202820282028203,-0.064292
8.203820382038204,-0.99155
8.204820482048206,0.867892
8.205820582058205,0.376499
8.206820682068207,-1.190412
8.207820782078208,0.157714
8.208820882088208,1.177549
8.20982098209821,-1.055947
8.210821082108211,-0.091569
8.211821182118213,1.284987
8.212821282128212,-0.214338
8.213821382138214,-0.627225
8.214821482148215,1.367683
8.215821582158215,-0.609707
8.216821682168217,-0.947205
8.217821782178218,1.074976
8.21882188218822,0.443436
8.21982198219822,-1.312387
8.22082208220822,0.733587
8.221822182218222,-0.188895
8.222822282228224,-1.372014
8.223822382238223,0.63824
8.224822482248225,0.545241
8.225822582258226,-0.717888
8.226822682268226,0.756666
8.227822782278228,0.768071
8.22882288228823,-0.398373
8.22982298229823,0.117223
8.23082308230823,1.216742
8.231823182318232,-0.328592
8.232823282328233,-0.648111
8.233823382338233,1.008798
8.234823482348235,-0.113215
8.235823582358236,-1.281537
8.236823682368238,0.923792
8.237823782378237,0.490893
8.238823882388239,-0.936343
8.23982398239824,0.83038
8.24082408240824,-0.208479
8.241824182418242,-0.990753
8.242824282428243,0.639854
8.243824382438245,0.17715
8.244824482448244,-1.407362
8.245824582458246,0.154289
8.246824682468247,0.431615
8.247824782478247,-0.516552
8.248824882488249,0.490874
8.24982498249825,0.903647
8.250825082508252,-0.094298
8.251825182518251,-0.934251
8.252825282528253,0.863213
8.253825382538254,0.287901
8.254825482548254,-1.263136
8.255825582558256,0.581382
8.256825682568257,0.506279
8.257825782578259,-1.373066
8.258825882588258,0.767984
8.25982598259826,0.367746
8.260826082608261,-1.06395
8.261826182618261,0.53149
8.262826282628263,0.997309
8.263826382638264,-0.798459
8.264826482648266,-0.231803
8.265826582658265,0.69882
8.266826682668267,-0.278562
8.267826782678268,-0.803891
8.268826882688268,1.414576
8.26982698269827,-0.255656
8.270827082708271,-0.991571
8.271827182718273,1.603251
8.272827282728272,0.035817
8.273827382738274,-0.450526
8.274827482748275,1.013369
8.275827582758275,-0.176143
8.276827682768277,-0.501609
8.277827782778278,0.366173
8.27882788278828,0.108416
8.27982798279828,-1.302921
8.28082808280828,0.483127
8.281828182818282,0.776066
8.282828282828284,-0.536243
8.283828382838283,0.223298
8.284828482848285,0.355874
8.285828582858286,-0.674896
8.286828682868286,-0.394243
8.287828782878288,0.823126
8.28882888288829,-0.359084
8.28982898289829,-0.651348
8.29082908290829,0.947139
8.291829182918292,-0.069319
8.292829282928293,0.035989
8.293829382938293,0.795774
8.294829482948295,-0.00586
8.295829582958296,-0.930416
8.296829682968298,0.683914
8.297829782978297,0.55131
8.298829882988299,-0.841184
8.2998299829983,0.382833
8.3008300830083,-0.029652
8.301830183018302,-0.600432
8.302830283028303,0.586393
8.303830383038305,1.688231
8.304830483048304,-0.668041
8.305830583058306,-0.448469
8.306830683068307,0.52501
8.307830783078307,-0.311675
8.308830883088309,-0.43363
8.30983098309831,1.406731
8.310831083108312,-0.187125
8.311831183118311,-0.496901
8.312831283128313,1.18416
8.313831383138314,0.04365
8.314831483148314,-1.154562
8.315831583158316,0.776552
8.316831683168317,0.520811
8.317831783178319,-0.752839
8.318831883188318,0.319898
8.31983198319832,0.591092
8.320832083208321,-1.031457
8.321832183218321,0.259427
8.322832283228323,0.973653
8.323832383238324,-0.318735
8.324832483248326,-0.688705
8.325832583258325,0.791644
8.326832683268327,-0.603385
8.327832783278328,-0.62453
8.328832883288328,1.478764
8.32983298329833,0.278386
8.330833083308331,-0.69001
8.331833183318333,1.011746
8.332833283328332,-0.044044
8.333833383338334,-0.816
8.334833483348335,0.686887
8.335833583358335,0.413084
8.336833683368337,-0.734302
8.337833783378338,0.693401
8.33883388338834,0.403412
8.33983398339834,-0.78807
8.34083408340834,0.02162
8.341834183418342,0.395013
8.342834283428344,-1.042897
8.343834383438343,-1.150544
8.344834483448345,0.861718
8.345834583458347,-0.440621
8.346834683468346,-1.292029
8.347834783478348,1.050032
8.34883488348835,1.207461
8.34983498349835,-0.836578
8.35083508350835,0.631575
8.351835183518352,-0.365548
8.352835283528353,-1.26332
8.353835383538353,0.416067
8.354835483548355,0.63138
8.355835583558356,-1.046589
8.356835683568358,0.339715
8.357835783578357,0.535575
8.358835883588359,-0.935298
8.35983598359836,-0.054901
8.36083608360836,0.67507
8.361836183618362,-0.414947
8.362836283628363,-0.945431
8.363836383638365,0.793019
8.364836483648364,-0.201454
8.365836583658366,-0.624337
8.366836683668367,0.662556
8.367836783678367,-0.344813
8.368836883688369,-0.950181
8.36983698369837,1.230408
8.370837083708372,0.651951
8.371837183718371,-0.74833
8.372837283728373,0.352862
8.373837383738374,0.658974
8.374837483748374,-0.677534
8.375837583758376,0.354102
8.376837683768377,0.331753
8.377837783778379,-1.142519
8.378837883788378,0.192325
8.37983798379838,1.032045
8.380838083808381,-0.074029
8.381838183818381,-0.784536
8.382838283828383,1.316852
8.383838383838384,-0.414951
8.384838483848386,-0.601585
8.385838583858385,0.731765
8.386838683868387,0.333731
8.387838783878388,-0.777037
8.388838883888388,0.911366
8.38983898389839,0.147706
8.390839083908391,-1.27044
8.391839183918393,0.051872
8.392839283928392,0.798493
8.393839383938394,-0.4873
8.394839483948395,0.336687
8.395839583958395,0.818681
8.396839683968397,-0.830153
8.397839783978398,0.371309
8.3988398839884,0.965229
8.3998399839984,-0.936423
8.4008400840084,-0.258477
8.401840184018402,1.691749
8.402840284028404,-0.110857
8.403840384038403,-1.250136
8.404840484048405,1.308378
8.405840584058407,0.034576
8.406840684068406,-1.403722
8.407840784078408,0.591085
8.40884088408841,-0.403742
8.40984098409841,-1.188882
8.41084108410841,0.38452
8.411841184118412,-0.171141
8.412841284128413,-1.016728
8.413841384138413,-0.026177
8.414841484148415,1.153459
8.415841584158416,-0.757846
8.416841684168418,0.226488
8.417841784178417,0.604832
8.418841884188419,-0.549384
8.41984198419842,-0.668854
8.42084208420842,1.386226
8.421842184218422,0.014469
8.422842284228423,-1.353461
8.423842384238425,1.000891
8.424842484248424,-0.133303
8.425842584258426,-1.704968
8.426842684268427,1.424822
8.427842784278427,0.218561
8.428842884288429,-1.001387
8.42984298429843,0.365122
8.430843084308432,0.445025
8.431843184318431,-1.089104
8.432843284328433,-0.199671
8.433843384338434,0.767924
8.434843484348434,-0.874567
8.435843584358436,-0.396467
8.436843684368437,1.546623
8.437843784378439,-0.400343
8.438843884388438,-0.416933
8.43984398439844,1.112483
8.440844084408441,-0.407934
8.441844184418441,-0.614688
8.442844284428443,1.128626
8.443844384438444,0.147883
8.444844484448446,-1.30464
8.445844584458445,0.466881
8.446844684468447,0.230925
8.447844784478448,-0.971833
8.448844884488448,0.616114
8.44984498449845,0.466429
8.450845084508451,-1.353853
8.451845184518453,0.125008
8.452845284528452,0.971531
8.453845384538454,-0.316063
8.454845484548455,-0.043632
8.455845584558455,0.399597
8.456845684568457,-0.361819
8.457845784578458,-0.547531
8.45884588458846,0.90734
8.45984598459846,-0.408489
8.46084608460846,-0.85348
8.461846184618462,0.972319
8.462846284628464,0.145106
8.463846384638464,-1.20694
8.464846484648465,1.233545
8.465846584658467,-0.146495
8.466846684668466,-0.56844
8.467846784678468,0.756198
8.46884688468847,0.327903
8.46984698469847,-1.055913
8.47084708470847,0.103579
8.471847184718472,0.727622
8.472847284728473,-0.2905
8.473847384738473,-0.505412
8.474847484748475,0.498395
8.475847584758476,-0.689411
8.476847684768478,-0.849035
8.477847784778477,1.864074
8.478847884788479,-0.021146
8.47984798479848,-1.028178
8.48084808480848,0.792248
8.481848184818482,0.163086
8.482848284828483,-0.861709
8.483848384838485,0.398409
8.484848484848484,0.312361
8.485848584858486,-0.775681
8.486848684868487,0.053567
8.487848784878487,0.802195
8.488848884888489,-0.719082
8.48984898489849,0.626013
8.490849084908492,0.450647
8.491849184918491,-0.517927
8.492849284928493,-0.551302
8.493849384938494,1.354659
8.494849484948494,-0.142542
8.495849584958496,-0.666386
8.496849684968497,1.520167
8.497849784978499,-0.165324
8.498849884988498,-1.118844
8.4998499849985,1.263464
8.500850085008501,-0.027003
8.501850185018501,-0.669868
8.502850285028503,1.210899
8.503850385038504,0.731693
8.504850485048506,-1.131952
8.505850585058505,0.359091
8.506850685068507,0.834873
8.507850785078508,-1.131413
8.508850885088508,-0.730236
8.50985098509851,1.249644
8.510851085108511,-0.486066
8.511851185118513,-0.434628
8.512851285128512,1.413017
8.513851385138514,-0.631907
8.514851485148515,-0.87757
8.515851585158515,0.890164
8.516851685168517,0.010177
8.517851785178518,-1.178215
8.51885188518852,0.977684
8.51985198519852,0.505765
8.52085208520852,-0.889255
8.521852185218522,0.270491
8.522852285228524,0.886492
8.523852385238524,-1.177138
8.524852485248525,0.051656
8.525852585258527,0.895958
8.526852685268526,-0.821246
8.527852785278528,-0.579208
8.52885288528853,0.804278
8.52985298529853,-0.946077
8.53085308530853,0.645528
8.531853185318532,1.234037
8.532853285328533,-0.268893
8.533853385338533,-0.799718
8.534853485348535,0.918825
8.535853585358536,0.169728
8.536853685368538,-0.651076
8.537853785378537,1.192788
8.538853885388539,0.636957
8.53985398539854,-0.883466
8.54085408540854,1.140133
8.541854185418542,0.590185
8.542854285428543,-0.839059
8.543854385438545,0.366336
8.544854485448544,1.144311
8.545854585458546,-0.744502
8.546854685468547,-0.468007
8.547854785478547,1.722287
8.548854885488549,-0.872037
8.54985498549855,-0.260426
8.550855085508552,0.696487
8.551855185518551,-0.010104
8.552855285528553,-0.351248
8.553855385538554,1.181775
8.554855485548554,0.536759
8.555855585558556,-0.743419
8.556855685568557,0.504289
8.557855785578559,0.113279
8.558855885588558,-1.074777
8.55985598559856,0.77943
8.560856085608561,0.438859
8.561856185618561,-1.373066
8.562856285628563,-0.022724
8.563856385638564,0.688383
8.564856485648566,-0.510949
8.565856585658565,-0.116583
8.566856685668567,0.932676
8.567856785678568,-0.655286
8.568856885688568,-0.667208
8.56985698569857,0.778211
8.570857085708571,-0.193725
8.571857185718573,-0.38723
8.572857285728572,0.72313
8.573857385738574,-0.443959
8.574857485748575,-1.086409
8.575857585758575,1.111127
8.576857685768577,0.496283
8.577857785778578,-0.622443
8.57885788578858,0.729693
8.57985798579858,0.315544
8.58085808580858,-1.047023
8.581858185818582,-0.000172
8.582858285828584,0.838199
8.583858385838584,-0.898353
8.584858485848585,-0.390868
8.585858585858587,1.323282
8.586858685868586,-0.768571
8.587858785878588,-0.562987
8.58885888588859,1.390969
8.58985898589859,-0.200588
8.59085908590859,-0.985289
8.591859185918592,0.62362
8.592859285928593,-0.296827
8.593859385938593,-0.634824
8.594859485948595,0.308156
8.595859585958596,-0.091376
8.596859685968598,-0.70056
8.597859785978597,1.168858
8.598859885988599,0.133374
8.5998599859986,-0.526473
8.6008600860086,-0.197514
8.601860186018602,1.214299
8.602860286028603,-1.21771
8.603860386038605,-0.264862
8.604860486048604,1.138908
8.605860586058606,-0.059423
8.606860686068607,-0.933264
8.607860786078607,0.859647
8.608860886088609,-0.407166
8.60986098609861,-1.070211
8.610861086108612,0.794875
8.611861186118611,-0.497919
8.612861286128613,-1.4865
8.613861386138614,1.118818
8.614861486148614,0.364548
8.615861586158616,-1.600373
8.616861686168617,0.144523
8.617861786178619,0.615729
8.618861886188618,-0.610277
8.61986198619862,-0.060759
8.620862086208621,0.839271
8.621862186218621,-1.064228
8.622862286228623,0.021824
8.623862386238624,0.376642
8.624862486248626,-0.575481
8.625862586258625,-0.93916
8.626862686268627,1.486226
8.627862786278628,0.219366
8.628862886288628,-1.120887
8.62986298629863,1.147154
8.630863086308631,0.181529
8.631863186318633,-1.887128
8.632863286328632,1.226741
8.633863386338634,0.7612
8.634863486348635,-0.839726
8.635863586358635,1.13161
8.636863686368637,0.910454
8.637863786378638,-0.808829
8.63886388638864,0.554757
8.63986398639864,0.723893
8.64086408640864,-0.822884
8.641864186418642,-0.27477
8.642864286428644,1.01956
8.643864386438644,-0.384276
8.644864486448645,-0.293413
8.645864586458647,1.040552
8.646864686468646,-0.269826
8.647864786478648,-0.871887
8.64886488648865,1.058481
8.64986498649865,0.119568
8.65086508650865,-1.095119
8.651865186518652,0.438964
8.652865286528653,0.177001
8.653865386538653,-1.363976
8.654865486548655,0.667253
8.655865586558656,0.966783
8.656865686568658,-0.750698
8.657865786578657,-0.009517
8.658865886588659,0.386539
8.65986598659866,-0.4831
8.66086608660866,-0.702724
8.661866186618662,0.608386
8.662866286628663,-0.382647
8.663866386638665,-0.685
8.664866486648664,0.957415
8.665866586658666,0.044348
8.666866686668667,-1.198227
8.667866786678667,1.113589
8.668866886688669,0.135995
8.66986698669867,-0.75942
8.670867086708672,0.989147
8.671867186718671,0.468251
8.672867286728673,-0.846178
8.673867386738674,0.353545
8.674867486748674,1.227912
8.675867586758676,-0.797364
8.676867686768677,-0.05662
8.677867786778679,1.002608
8.678867886788678,-0.431919
8.67986798679868,-0.431992
8.680868086808681,0.800706
8.681868186818681,-0.240924
8.682868286828683,-0.530861
8.683868386838684,0.806615
8.684868486848686,-0.386294
8.685868586858685,-0.397416
8.686868686868687,0.804559
8.687868786878688,-0.39888
8.688868886888688,-0.997642
8.68986898689869,0.879587
8.690869086908691,-0.211414
8.691869186918693,-0.643507
8.692869286928692,-0.026558
8.693869386938694,1.365845
8.694869486948695,-1.145226
8.695869586958695,-0.243968
8.696869686968697,0.387442
8.697869786978698,-0.198669
8.6988698869887,-0.404849
8.6998699869987,0.853586
8.7008700870087,-0.602316
8.701870187018702,-1.069868
8.702870287028704,1.112648
8.703870387038704,-0.28661
8.704870487048705,-0.705182
8.705870587058707,1.084249
8.706870687068706,0.095304
8.707870787078708,-0.920746
8.70887088708871,0.803191
8.70987098709871,0.607883
8.71087108710871,-0.434907
8.711871187118712,0.573957
8.712871287128714,0.865478
8.713871387138713,-0.903506
8.714871487148715,-0.199327
8.715871587158716,1.081557
8.716871687168718,-0.073697
8.717871787178717,-0.767671
8.718871887188719,1.06062
8.71987198719872,0.276273
8.72087208720872,-0.718269
8.721872187218722,0.835495
8.722872287228723,-0.441055
8.723872387238725,-0.686425
8.724872487248724,0.792229
8.725872587258726,0.570482
8.726872687268727,-0.970299
8.727872787278727,1.062621
8.728872887288729,0.471576
8.72987298729873,-0.830985
8.730873087308732,0.349275
8.731873187318731,0.531301
8.732873287328733,-0.867754
8.733873387338734,0.214879
8.734873487348734,1.259875
8.735873587358736,-0.666723
8.736873687368737,-0.951898
8.737873787378739,0.623908
8.738873887388738,-0.287779
8.73987398739874,-0.85176
8.740874087408741,0.302546
8.741874187418741,-0.239389
8.742874287428743,-0.805445
8.743874387438744,1.188686
8.744874487448746,0.262926
8.745874587458745,-0.579348
8.746874687468747,0.115017
8.747874787478748,1.06246
8.748874887488748,-0.576777
8.74987498749875,0.070171
8.750875087508751,0.577829
8.751875187518753,-0.83986
8.752875287528752,-0.215416
8.753875387538754,0.617767
8.754875487548755,-0.117314
8.755875587558755,-0.698739
8.756875687568757,1.226049
8.757875787578758,-0.864303
8.75887588758876,-0.9492
8.75987598759876,1.026185
8.76087608760876,-0.503823
8.761876187618762,-1.282974
8.762876287628764,0.962827
8.763876387638764,0.096818
8.764876487648765,-1.029478
8.765876587658767,0.037911
8.766876687668766,1.079859
8.767876787678768,-1.442972
8.76887688768877,0.184245
8.76987698769877,0.567856
8.77087708770877,-0.920803
8.771877187718772,-0.326922
8.772877287728774,1.105454
8.773877387738773,-0.730983
8.774877487748775,-0.505462
8.775877587758776,1.492479
8.776877687768778,0.023118
8.777877787778777,-0.292364
8.778877887788779,1.122705
8.77987798779878,0.060427
8.78087808780878,-0.236665
8.781878187818782,0.996253
8.782878287828783,0.162649
8.783878387838785,-0.771004
8.784878487848784,0.322261
8.785878587858786,0.234595
8.786878687868787,-1.171862
8.787878787878787,0.034647
8.788878887888789,1.147543
8.78987898789879,-0.986606
8.790879087908792,-0.563775
8.791879187918791,1.189301
8.792879287928793,-0.049875
8.793879387938794,-0.964618
8.794879487948794,0.576825
8.795879587958796,-0.18108
8.796879687968797,-0.821315
8.797879787978799,1.029017
8.798879887988798,0.290693
8.7998799879988,-1.260753
8.800880088008801,0.602067
8.801880188018801,0.476621
8.802880288028803,-1.147655
8.803880388038804,0.444933
8.804880488048806,0.913759
8.805880588058805,-0.267827
8.806880688068807,0.58673
8.807880788078808,1.111846
8.808880888088808,-0.467526
8.80988098809881,-0.209384
8.810881088108811,1.508502
8.811881188118813,-0.719335
8.812881288128812,-0.973771
8.813881388138814,1.063918
8.814881488148815,-0.149836
8.815881588158815,-0.375693
8.816881688168817,0.555624
8.817881788178818,0.088092
8.81888188818882,-0.777246
8.81988198819882,0.277204
8.82088208820882,0.428981
8.821882188218822,-1.106775
8.822882288228824,0.22313
8.823882388238824,0.966823
8.824882488248825,-0.329794
8.825882588258827,-0.439336
8.826882688268826,0.558636
8.827882788278828,-0.391693
8.82888288828883,-0.468605
8.82988298829883,0.652943
8.83088308830883,-0.02135
8.831883188318832,-0.637945
8.832883288328834,1.217356
8.833883388338833,0.325411
8.834883488348835,-0.741589
8.835883588358836,0.826314
8.836883688368838,0.283959
8.837883788378837,-0.834282
8.838883888388839,0.937709
8.83988398839884,0.99129
8.84088408840884,-1.632248
8.841884188418842,0.551434
8.842884288428843,1.001997
8.843884388438845,-0.70566
8.844884488448844,0.542286
8.845884588458846,1.434429
8.846884688468847,-1.100398
8.847884788478847,-0.478013
8.848884888488849,1.089339
8.84988498849885,-0.596046
8.850885088508852,-1.037576
8.851885188518851,0.658031
8.852885288528853,0.271146
8.853885388538854,-0.58929
8.854885488548854,1.236394
8.855885588558856,-0.3705
8.856885688568857,-1.117495
8.857885788578859,0.782112
8.858885888588858,0.05233
8.85988598859886,-0.941663
8.860886088608861,-0.134688
8.861886188618861,1.134753
8.862886288628863,-0.521844
8.863886388638864,0.095383
8.864886488648866,0.797205
8.865886588658865,-1.032179
8.866886688668867,-1.001808
8.867886788678868,0.908733
8.868886888688868,-0.073649
8.86988698869887,-0.452099
8.870887088708871,0.805267
8.871887188718873,-0.415663
8.872887288728872,-0.863032
8.873887388738874,1.178759
8.874887488748875,0.25781
8.875887588758875,-0.825431
8.876887688768877,0.441159
8.877887788778878,0.15635
8.87888788878888,-1.012264
8.87988798879888,-0.040592
8.88088808880888,1.001436
8.881888188818882,-0.659102
8.882888288828884,0.121263
8.883888388838884,0.954977
8.884888488848885,-0.92508
8.885888588858887,-0.364636
8.886888688868886,0.888442
8.887888788878888,-0.733537
8.88888888888889,-1.032397
8.88988898889889,1.186757
8.89088908890889,-0.315497
8.891889188918892,-0.991012
8.892889288928894,1.210087
8.893889388938893,0.229077
8.894889488948895,-1.004175
8.895889588958896,0.471481
8.896889688968898,0.655067
8.897889788978897,-1.07228
8.898889888988899,0.820452
8.8998899889989,0.806757
8.9008900890089,-0.826304
8.901890189018902,0.004287
8.902890289028903,0.382534
8.903890389038905,-1.216958
8.904890489048904,-0.176756
8.905890589058906,1.260913
8.906890689068907,-0.353678
8.907890789078907,-0.0216
8.908890889088909,1.211839
8.90989098909891,-0.067544
8.910891089108912,-0.90751
8.911891189118911,0.642964
8.912891289128913,0.670231
8.913891389138914,-0.975791
8.914891489148914,0.140618
8.915891589158916,0.691943
8.916891689168917,-1.370731
8.917891789178919,-0.169678
8.918891889188918,0.575835
8.91989198919892,-1.328496
8.920892089208921,-0.395609
8.921892189218921,0.823436
8.922892289228923,-0.563397
8.923892389238924,-1.073596
8.924892489248926,0.820924
8.925892589258925,-0.25082
8.926892689268927,-0.675775
8.927892789278928,0.667126
8.928892889288928,-0.144622
8.92989298929893,-1.004088
8.930893089308931,0.756593
8.931893189318933,0.55814
8.932893289328932,-1.17948
8.933893389338934,0.051779
8.934893489348935,0.472643
8.935893589358935,-0.653148
8.936893689368937,0.149569
8.937893789378938,0.518052
8.93889388938894,-0.517824
8.93989398939894,-0.177378
8.94089408940894,1.232258
8.941894189418942,-0.713792
8.942894289428944,-0.088503
8.943894389438944,1.120676
8.944894489448945,-0.06993
8.945894589458947,-0.795176
8.946894689468946,1.156929
8.947894789478948,0.424008
8.94889488948895,-0.827992
8.94989498949895,0.726931
8.95089508950895,0.970269
8.951895189518952,-0.688842
8.952895289528954,0.531692
8.953895389538953,0.485391
8.954895489548955,-0.905
8.955895589558956,-0.420977
8.956895689568958,0.50696
8.957895789578957,-0.822726
8.958895889588959,-0.286068
8.95989598959896,1.53896
8.96089608960896,-0.242623
8.961896189618962,-0.938949
8.962896289628963,0.984731
8.963896389638965,0.252756
8.964896489648964,-0.369181
8.965896589658966,1.11721
8.966896689668967,0.615623
8.967896789678967,-1.248232
8.968896889688969,1.445658
8.96989698969897,-0.016905
8.970897089708972,-0.875378
8.971897189718971,0.698387
8.972897289728973,0.162046
8.973897389738974,-0.739396
8.974897489748974,0.311876
8.975897589758976,0.923427
8.976897689768977,-0.528173
8.977897789778979,-0.5041
8.978897889788978,0.6679
8.97989798979898,0.138383
8.980898089808981,-0.414193
8.981898189818981,0.312553
8.982898289828983,-0.487958
8.983898389838984,-0.780415
8.984898489848986,0.604705
8.985898589858985,0.020457
8.986898689868987,-0.378616
8.987898789878988,1.438476
8.988898889888988,0.861112
8.98989898989899,-0.857526
8.990899089908991,0.900601
8.991899189918993,0.605469
8.992899289928992,-0.915967
8.993899389938994,-0.298697
8.994899489948995,0.855845
8.995899589958995,-0.753965
8.996899689968997,-0.053101
8.997899789978998,0.918153
8.998899889989,-0.919375
8.999899989999,-0.539667
9.000900090009,1.490597
9.001900190019002,-0.079227
9.002900290029004,-0.777819
9.003900390039004,0.453611
9.004900490049005,-0.505645
9.005900590059007,-1.038231
9.006900690069006,1.028408
9.007900790079008,0.791195
9.00890089008901,-0.8633
9.00990099009901,-0.215084
9.01090109010901,0.560719
9.011901190119012,-0.787716
9.012901290129014,-0.735372
9.013901390139013,0.66937
9.014901490149015,-0.720726
9.015901590159016,-0.778911
9.016901690169018,0.895972
9.017901790179017,-0.304144
9.018901890189019,-0.976846
9.01990199019902,0.602619
9.02090209020902,-0.116972
9.021902190219022,-1.062509
9.022902290229023,0.336726
9.023902390239025,0.482808
9.024902490249024,-1.059251
9.025902590259026,0.1696
9.026902690269027,0.789491
9.027902790279027,-1.03467
9.028902890289029,-0.163743
9.02990299029903,0.683767
9.030903090309032,-0.253218
9.031903190319031,-0.336312
9.032903290329033,0.904638
9.033903390339034,-1.154654
9.034903490349034,-0.263408
9.035903590359036,1.263112
9.036903690369037,-0.602252
9.037903790379039,-0.743406
9.038903890389038,1.33452
9.03990399039904,-0.222177
9.040904090409041,-0.813437
9.041904190419041,0.936927
9.042904290429043,0.344046
9.043904390439044,-0.970038
9.044904490449046,0.387573
9.045904590459045,0.591859
9.046904690469047,-0.873344
9.047904790479048,0.340999
9.048904890489048,1.267111
9.04990499049905,-1.135126
9.050905090509051,-0.457912
9.051905190519053,1.688704
9.052905290529052,-0.587394
9.053905390539054,-0.732811
9.054905490549055,1.482606
9.055905590559055,0.13897
9.056905690569057,-0.924362
9.057905790579058,0.723665
9.05890589058906,0.247539
9.05990599059906,-1.237973
9.06090609060906,0.649475
9.061906190619062,0.04368
9.062906290629064,-0.779063
9.063906390639064,0.788206
9.064906490649065,0.572198
9.065906590659067,-1.226214
9.066906690669066,0.587158
9.067906790679068,0.474085
9.06890689068907,-0.792503
9.06990699069907,-0.398535
9.07090709070907,0.889866
9.071907190719072,-0.764159
9.072907290729074,-0.303704
9.073907390739073,1.166716
9.074907490749075,-0.16668
9.075907590759076,-1.090828
9.076907690769078,1.200694
9.077907790779078,-0.069559
9.078907890789079,-1.110893
9.07990799079908,0.712681
9.08090809080908,0.418863
9.081908190819082,-1.210354
9.082908290829083,0.573522
9.083908390839085,0.695021
9.084908490849084,-0.755181
9.085908590859086,0.361256
9.086908690869087,0.709844
9.087908790879087,-0.465329
9.088908890889089,-0.155617
9.08990899089909,0.245483
9.090909090909092,-0.140713
9.091909190919091,-0.793803
9.092909290929093,0.651139
9.093909390939094,0.398545
9.094909490949094,-0.780591
9.095909590959096,0.273061
9.096909690969097,-0.132806
9.097909790979099,-1.066678
9.098909890989098,0.544922
9.0999099909991,0.12817
9.100910091009101,-1.239836
9.101910191019101,0.770428
9.102910291029103,0.518376
9.103910391039104,-1.029695
9.104910491049106,-0.405108
9.105910591059105,1.055543
9.106910691069107,-0.49809
9.107910791079108,-0.750599
9.108910891089108,0.576751
9.10991099109911,-0.573188
9.110911091109111,-0.798865
9.111911191119113,1.369318
9.112911291129112,-0.211731
9.113911391139114,-1.391603
9.114911491149115,0.569402
9.115911591159115,-0.089971
9.116911691169117,-0.674573
9.117911791179118,0.925182
9.11891189118912,0.17981
9.11991199119912,-1.173375
9.12091209120912,0.832693
9.121912191219122,1.069634
9.122912291229124,-0.885874
9.123912391239124,-0.022807
9.124912491249125,1.062065
9.125912591259127,-0.545184
9.126912691269126,-0.640211
9.127912791279128,0.826523
9.12891289128913,-0.701755
9.12991299129913,-0.910733
9.13091309130913,0.87109
9.131913191319132,-0.373801
9.132913291329134,-0.776899
9.133913391339133,0.75933
9.134913491349135,0.142424
9.135913591359136,-1.361842
9.136913691369138,0.561211
9.137913791379138,0.225608
9.138913891389139,-0.901547
9.13991399139914,0.537587
9.14091409140914,0.4729
9.141914191419142,-0.4752
9.142914291429143,0.419616
9.143914391439145,1.152718
9.144914491449144,-0.212636
9.145914591459146,-0.347265
9.146914691469147,0.877569
9.147914791479147,-0.266462
9.148914891489149,-0.868421
9.14991499149915,0.828191
9.150915091509152,-0.128421
9.151915191519151,-1.296589
9.152915291529153,0.931507
9.153915391539154,0.243823
9.154915491549154,-0.761819
9.155915591559156,0.723437
9.156915691569157,0.402591
9.157915791579159,-0.562793
9.158915891589158,0.415566
9.15991599159916,0.577479
9.160916091609161,-0.999679
9.161916191619161,-0.150861
9.162916291629163,0.875423
9.163916391639164,-0.45723
9.164916491649166,-0.532054
9.165916591659165,0.935825
9.166916691669167,-0.740899
9.167916791679168,-0.880275
9.168916891689168,0.920303
9.16991699169917,-0.389318
9.170917091709171,-1.480462
9.171917191719173,1.151977
9.172917291729172,-0.555684
9.173917391739174,-0.8508
9.174917491749175,0.981772
9.175917591759175,0.717174
9.176917691769177,-1.311051
9.177917791779178,0.171076
9.17891789178918,1.188846
9.17991799179918,-0.34453
9.18091809180918,0.158049
9.181918191819182,1.088809
9.182918291829184,-0.845421
9.183918391839184,-0.754337
9.184918491849185,1.009908
9.185918591859187,-0.277615
9.186918691869186,-1.240405
9.187918791879188,0.904248
9.18891889188919,-0.037076
9.18991899189919,-0.58453
9.19091909190919,0.668167
9.191919191919192,-0.074367
9.192919291929194,-0.487959
9.193919391939193,0.709951
9.194919491949195,0.515681
9.195919591959196,-0.932239
9.196919691969198,0.316053
9.197919791979198,0.6855
9.198919891989199,-1.124378
9.1999199919992,-0.041265
9.2009200920092,0.858406
9.201920192019202,-0.512892
9.202920292029203,-0.351066
9.203920392039205,1.105464
9.204920492049204,-0.463683
9.205920592059206,-0.921708
9.206920692069207,1.220632
9.207920792079207,-0.258685
9.208920892089209,-1.191089
9.20992099209921,0.946667
9.210921092109212,0.598168
9.211921192119211,-1.039124
9.212921292129213,0.09115
9.213921392139214,0.744326
9.214921492149214,-0.719218
9.215921592159216,0.617613
9.216921692169217,1.060583
9.217921792179219,-0.480879
9.218921892189218,-0.65281
9.21992199219922,1.500855
9.220922092209221,-0.524758
9.221922192219221,-0.713447
9.222922292229223,0.728216
9.223922392239224,-0.024659
9.224922492249226,-0.997549
9.225922592259225,1.214409
9.226922692269227,-0.091588
9.227922792279228,-1.005026
9.228922892289228,1.144025
9.22992299229923,0.284151
9.230923092309231,-0.861091
9.231923192319233,0.536831
9.232923292329232,0.749588
9.233923392339234,-1.376454
9.234923492349235,0.003153
9.235923592359235,0.60742
9.236923692369237,-1.03028
9.237923792379238,-0.396212
9.23892389238924,1.045365
9.23992399239924,-0.457475
9.24092409240924,-0.725074
9.241924192419242,1.097942
9.242924292429244,-0.27806
9.243924392439244,-0.781777
9.244924492449245,1.398883
9.245924592459247,0.403311
9.246924692469246,-0.993573
9.247924792479248,0.123402
9.24892489248925,0.299669
9.24992499249925,-1.353266
9.25092509250925,0.601158
9.251925192519252,0.816679
9.252925292529254,-0.770649
9.253925392539253,0.1838
9.254925492549255,1.06904
9.255925592559256,-0.633303
9.256925692569258,-0.347483
9.257925792579258,0.901314
9.258925892589259,-1.113472
9.25992599259926,-0.273889
9.26092609260926,0.859952
9.261926192619262,-0.357237
9.262926292629263,-0.45953
9.263926392639265,1.292261
9.264926492649264,0.151683
9.265926592659266,-0.489592
9.266926692669267,0.626314
9.267926792679267,-0.033135
9.268926892689269,-0.873876
9.26992699269927,0.234644
9.270927092709272,0.66975
9.271927192719271,-0.716716
9.272927292729273,0.28974
9.273927392739274,0.901832
9.274927492749274,-0.442458
9.275927592759276,-0.294636
9.276927692769277,0.674651
9.277927792779279,-0.454566
9.278927892789278,-0.524947
9.27992799279928,0.669851
9.280928092809281,-0.263802
9.281928192819281,-1.461279
9.282928292829283,0.609589
9.283928392839284,0.266518
9.284928492849286,-1.457398
9.285928592859285,1.08641
9.286928692869287,0.178308
9.287928792879288,-0.813659
9.288928892889288,0.518621
9.28992899289929,0.519979
9.290929092909291,-0.93743
9.291929192919293,0.373819
9.292929292929292,0.164161
9.293929392939294,-1.085676
9.294929492949295,-0.134395
9.295929592959295,0.637297
9.296929692969297,-1.150126
9.297929792979298,-0.701924
9.2989298929893,0.915884
9.2999299929993,-0.218407
9.3009300930093,-1.490971
9.301930193019302,1.048319
9.302930293029304,0.12037
9.303930393039304,-1.06082
9.304930493049305,0.815251
9.305930593059307,-0.121238
9.306930693069306,-0.729418
9.307930793079308,0.246008
9.30893089308931,0.814568
9.30993099309931,-1.101877
9.31093109310931,0.275301
9.311931193119312,0.696831
9.312931293129314,-0.349142
9.313931393139313,0.191478
9.314931493149315,0.322384
9.315931593159316,-0.687058
9.316931693169318,-0.623243
9.317931793179318,1.041651
9.318931893189319,-0.000875
9.31993199319932,-0.966286
9.32093209320932,1.078259
9.321932193219322,0.35747
9.322932293229323,-1.268788
9.323932393239325,0.546594
9.324932493249324,0.550633
9.325932593259326,-1.056573
9.326932693269328,0.637281
9.327932793279327,0.906988
9.328932893289329,-0.511113
9.32993299329933,0.020521
9.330933093309332,0.256119
9.331933193319331,-0.462207
9.332933293329333,0.732412
9.333933393339334,1.374739
9.334933493349334,0.087534
9.335933593359336,-0.817232
9.336933693369337,1.156685
9.337933793379339,0.338447
9.338933893389338,-1.328408
9.33993399339934,0.773968
9.340934093409341,0.716202
9.341934193419341,-1.36581
9.342934293429343,0.532368
9.343934393439344,1.098567
9.344934493449346,-0.763284
9.345934593459345,0.2363
9.346934693469347,0.840913
9.347934793479348,-0.775683
9.348934893489348,0.090146
9.34993499349935,1.049433
9.350935093509351,-0.674118
9.351935193519353,-0.881366
9.352935293529352,1.052807
9.353935393539354,-0.099049
9.354935493549355,-0.831968
9.355935593559355,1.095172
9.356935693569357,0.007292
9.357935793579358,-0.959974
9.35893589358936,0.843668
9.35993599359936,-0.21714
9.36093609360936,-0.616476
9.361936193619362,0.734325
9.362936293629364,0.686614
9.363936393639364,-1.032423
9.364936493649365,0.214313
9.365936593659367,1.093033
9.366936693669366,-0.346955
9.367936793679368,-0.491486
9.36893689368937,0.93041
9.36993699369937,-0.74233
9.37093709370937,-0.604205
9.371937193719372,0.348722
9.372937293729374,0.184883
9.373937393739373,-0.899642
9.374937493749375,0.580472
9.375937593759376,-0.030232
9.376937693769378,-1.254987
9.377937793779378,1.277149
9.378937893789379,0.443508
9.37993799379938,-0.765755
9.38093809380938,0.480398
9.381938193819382,0.256036
9.382938293829383,-1.253847
9.383938393839385,-0.085523
9.384938493849384,0.835543
9.385938593859386,-0.649638
9.386938693869388,-0.162149
9.387938793879387,0.988024
9.388938893889389,-1.091463
9.38993899389939,-0.641157
9.390939093909392,1.070817
9.391939193919391,-0.460221
9.392939293929393,-0.910644
9.393939393939394,0.734312
9.394939493949394,0.011027
9.395939593959396,-1.213594
9.396939693969397,0.469208
9.397939793979399,0.228697
9.398939893989398,-1.116084
9.3999399939994,0.576513
9.400940094009401,0.195311
9.401940194019401,-0.797192
9.402940294029403,0.193969
9.403940394039404,0.872224
9.404940494049406,-0.393697
9.405940594059405,-0.411649
9.406940694069407,1.171237
9.407940794079408,-0.396507
9.408940894089408,-0.513081
9.40994099409941,0.9405
9.410941094109411,-0.453424
9.411941194119413,-0.710202
9.412941294129412,0.827642
9.413941394139414,0.075668
9.414941494149415,-1.184998
9.415941594159415,0.025014
9.416941694169417,-0.074299
9.417941794179418,-0.748323
9.41894189418942,0.277697
9.41994199419942,1.004435
9.42094209420942,-1.143343
9.421942194219422,0.098542
9.422942294229424,0.198944
9.423942394239424,-0.646588
9.424942494249425,0.122358
9.425942594259427,1.607418
9.426942694269426,-0.541711
9.427942794279428,-0.771168
9.42894289428943,0.866327
9.42994299429943,-0.154709
9.43094309430943,-0.356828
9.431943194319432,0.956502
9.432943294329434,0.083271
9.433943394339433,-1.465183
9.434943494349435,1.089495
9.435943594359436,0.377223
9.436943694369438,-1.475661
9.437943794379438,0.270856
9.438943894389439,-0.069518
9.43994399439944,-1.210418
9.44094409440944,-0.121244
9.441944194419442,0.597907
9.442944294429443,-0.855358
9.443944394439445,-0.436098
9.444944494449445,0.885534
9.445944594459446,-0.200032
9.446944694469448,-0.630668
9.447944794479447,0.676149
9.448944894489449,0.139231
9.44994499449945,-0.886787
9.450945094509452,0.493563
9.451945194519451,-0.086516
9.452945294529453,-1.007054
9.453945394539454,1.116997
9.454945494549454,-0.137137
9.455945594559456,-0.720013
9.456945694569457,0.923941
9.457945794579459,0.646507
9.458945894589458,-0.707905
9.45994599459946,-0.086116
9.460946094609461,1.767643
9.461946194619461,-0.733657
9.462946294629463,-0.531936
9.463946394639464,0.850747
9.464946494649466,0.212718
9.465946594659465,-0.506875
9.466946694669467,0.988997
9.467946794679468,-0.311491
9.468946894689468,-0.420558
9.46994699469947,1.300486
9.470947094709471,0.170799
9.471947194719473,-1.162484
9.472947294729472,0.707725
9.473947394739474,0.500273
9.474947494749475,-0.740457
9.475947594759475,0.326388
9.476947694769477,0.479253
9.477947794779478,-0.229971
9.47894789478948,0.004554
9.47994799479948,0.389589
9.48094809480948,-0.424034
9.481948194819482,-0.922387
9.482948294829484,0.754977
9.483948394839484,-0.452613
9.484948494849485,-0.666184
9.485948594859487,1.298079
9.486948694869486,-0.119198
9.487948794879488,-0.578786
9.48894889488949,1.395412
9.48994899489949,-0.787632
9.49094909490949,-0.997576
9.491949194919492,0.833329
9.492949294929494,0.426239
9.493949394939493,-1.280538
9.494949494949495,0.237163
9.495949594959496,0.638929
9.496949694969498,-0.711995
9.497949794979498,-0.363774
9.498949894989499,0.924402
9.4999499949995,-0.64014
9.5009500950095,-0.358744
9.501950195019502,1.09393
9.502950295029503,-0.241925
9.503950395039505,-0.487946
9.504950495049505,0.329788
9.505950595059506,-0.200703
9.506950695069508,-0.760666
9.507950795079507,1.484615
9.508950895089509,-0.275494
9.50995099509951,-0.566169
9.510951095109512,0.12594
9.511951195119511,0.805142
9.512951295129513,-0.747606
9.513951395139514,0.885178
9.514951495149514,0.570925
9.515951595159516,-1.160993
9.516951695169517,-0.02024
9.517951795179519,0.469026
9.518951895189518,-0.63886
9.51995199519952,-0.262306
9.520952095209521,0.542115
9.521952195219521,-0.044598
9.522952295229523,-0.451027
9.523952395239524,1.0502
9.524952495249526,-0.095608
9.525952595259525,-0.915914
9.526952695269527,1.21287
9.527952795279528,-0.099996
9.528952895289528,-0.689057
9.52995299529953,0.5902
9.530953095309531,0.272044
9.531953195319533,-0.842828
9.532953295329532,0.339647
9.533953395339534,0.404511
9.534953495349535,0.001219
9.535953595359535,-0.157888
9.536953695369537,1.234788
9.537953795379538,-0.581859
9.53895389538954,-0.626239
9.53995399539954,0.705117
9.54095409540954,-0.828828
9.541954195419542,-0.988339
9.542954295429544,1.480528
9.543954395439544,-0.24727
9.544954495449545,-0.941831
9.545954595459547,1.166344
9.546954695469546,-0.016764
9.547954795479548,-1.059471
9.54895489548955,0.05547
9.54995499549955,0.275987
9.55095509550955,-0.808137
9.551955195519552,0.289591
9.552955295529554,1.070932
9.553955395539553,-0.557438
9.554955495549555,0.191175
9.555955595559556,1.359411
9.556955695569558,-0.441735
9.557955795579558,-0.588234
9.558955895589559,1.207436
9.55995599559956,-0.849791
9.56095609560956,-0.578928
9.561956195619562,0.450543
9.562956295629563,-0.130223
9.563956395639565,-1.354951
9.564956495649565,0.71635
9.565956595659566,0.508087
9.566956695669568,-0.71652
9.567956795679567,0.413585
9.568956895689569,0.576741
9.56995699569957,-1.17403
9.570957095709572,0.473288
9.571957195719571,1.135312
9.572957295729573,-1.029769
9.573957395739574,-0.170958
9.574957495749574,1.206261
9.575957595759576,-0.281604
9.576957695769577,-0.529026
9.577957795779579,0.768614
9.578957895789578,-0.457404
9.57995799579958,-0.876048
9.580958095809581,0.345945
9.581958195819581,-0.058647
9.582958295829583,-0.769285
9.583958395839584,0.784933
9.584958495849586,0.715302
9.585958595859585,-1.207895
9.586958695869587,0.64591
9.587958795879588,1.145748
9.588958895889588,-1.059556
9.58995899589959,0.493737
9.590959095909591,1.020426
9.591959195919593,-0.44005
9.592959295929592,0.001407
9.593959395939594,0.590223
9.594959495949595,-0.604827
9.595959595959595,-0.992714
9.596959695969597,0.981342
9.597959795979598,0.220617
9.5989598959896,-0.612793
9.5999599959996,1.113893
9.6009600960096,-0.376211
9.601960196019602,-0.590242
9.602960296029604,1.098374
9.603960396039604,0.634108
9.604960496049605,-0.996799
9.605960596059607,0.583215
9.606960696069606,0.518114
9.607960796079608,-0.943244
9.60896089608961,0.300239
9.60996099609961,0.821125
9.61096109610961,-0.777265
9.611961196119612,-0.065423
9.612961296129614,0.83217
9.613961396139613,-0.126233
9.614961496149615,-0.767884
9.615961596159616,0.679229
9.616961696169618,0.003608
9.617961796179618,-1.070499
9.618961896189619,1.22379
9.61996199619962,0.252866
9.62096209620962,-0.345948
9.621962196219622,0.862197
9.622962296229623,0.267114
9.623962396239625,-0.73217
9.624962496249625,0.654099
9.625962596259626,0.334659
9.626962696269628,-1.388575
9.627962796279627,0.020472
9.628962896289629,1.197751
9.62996299629963,-1.105564
9.630963096309632,-0.506748
9.631963196319631,1.21254
9.632963296329633,-0.295594
9.633963396339634,-0.409324
9.634963496349634,0.851454
9.635963596359636,-0.655744
9.636963696369637,-1.243019
9.637963796379639,0.797543
9.638963896389638,0.095787
9.63996399639964,-1.178581
9.640964096409641,1.219789
9.641964196419641,1.010874
9.642964296429643,-1.206135
9.643964396439644,0.561968
9.644964496449646,0.946092
9.645964596459645,-0.545693
9.646964696469647,-0.060055
9.647964796479648,0.515459
9.648964896489648,-0.876832
9.64996499649965,0.014931
9.650965096509651,1.309715
9.651965196519653,-0.750856
9.652965296529652,-0.539543
9.653965396539654,0.881495
9.654965496549655,-0.597711
9.655965596559655,-0.511562
9.656965696569657,0.979483
9.657965796579658,0.23857
9.65896589658966,-0.801082
9.65996599659966,0.841714
9.66096609660966,0.470104
9.661966196619662,-1.014082
9.662966296629664,0.216056
9.663966396639664,1.219507
9.664966496649665,-0.553125
9.665966596659667,-0.455822
9.666966696669666,0.846964
9.667966796679668,-1.005242
9.66896689668967,-0.532471
9.66996699669967,0.45128
9.67096709670967,-0.607752
9.671967196719672,-0.591573
9.672967296729674,0.664534
9.673967396739673,-0.489569
9.674967496749675,-1.41606
9.675967596759676,1.463523
9.676967696769678,0.379663
9.677967796779678,-1.202697
9.678967896789679,0.337432
9.67996799679968,0.289222
9.68096809680968,-1.218386
9.681968196819682,0.251746
9.682968296829683,0.233484
9.683968396839685,-1.139953
9.684968496849685,-0.415487
9.685968596859686,1.049347
9.686968696869688,-0.604658
9.687968796879687,-0.645385
9.688968896889689,0.992923
9.68996899689969,-0.239398
9.690969096909692,-0.668129
9.691969196919691,1.266471
9.692969296929693,-0.613609
9.693969396939695,-0.67709
9.694969496949694,1.092725
9.695969596959696,0.364369
9.696969696969697,-0.777285
9.697969796979699,0.626165
9.698969896989698,0.620289
9.6999699969997,-1.094941
9.700970097009701,0.550394
9.701970197019701,0.706255
9.702970297029703,-1.127705
9.703970397039704,0.067341
9.704970497049706,1.42946
9.705970597059705,-0.801845
9.706970697069707,-0.809442
9.707970797079708,1.120712
9.708970897089708,-0.499496
9.70997099709971,-0.502547
9.710971097109711,1.218439
9.711971197119713,0.199622
9.712971297129712,-1.170686
9.713971397139714,0.918362
9.714971497149715,0.393083
9.715971597159715,-1.668488
9.716971697169717,0.863322
9.717971797179718,0.687692
9.71897189718972,-1.417487
9.71997199719972,0.38497
9.72097209720972,0.103142
9.721972197219722,-0.845098
9.722972297229724,-0.688095
9.723972397239724,1.343424
9.724972497249725,-0.481001
9.725972597259727,-0.775323
9.726972697269726,0.870011
9.727972797279728,-0.757576
9.72897289728973,-0.552184
9.72997299729973,0.69781
9.73097309730973,0.467253
9.731973197319732,-1.114981
9.732973297329734,1.014222
9.733973397339733,0.487797
9.734973497349735,-0.983012
9.735973597359736,0.488999
9.736973697369738,0.832711
9.737973797379738,-0.503103
9.738973897389739,0.229207
9.73997399739974,0.775075
9.74097409740974,-0.682776
9.741974197419742,0.610385
9.742974297429743,0.971184
9.743974397439745,-0.297502
9.744974497449745,-0.610927
9.745974597459746,1.476589
9.746974697469748,0.37326
9.747974797479747,-1.296598
9.748974897489749,0.914328
9.74997499749975,-0.732557
9.750975097509752,-0.972787
9.751975197519752,0.984598
9.752975297529753,0.341715
9.753975397539755,-1.072262
9.754975497549754,0.957803
9.755975597559756,0.737693
9.756975697569757,-0.619495
9.757975797579759,-0.188807
9.758975897589758,0.492724
9.75997599759976,-0.627348
9.760976097609761,-0.313868
9.761976197619761,1.187191
9.762976297629763,-0.622169
9.763976397639764,-0.312491
9.764976497649766,1.240762
9.765976597659765,0.155126
9.766976697669767,-1.342533
9.767976797679768,1.048191
9.768976897689768,-0.038324
9.76997699769977,-1.200954
9.770977097709771,0.999056
9.771977197719773,0.718118
9.772977297729772,-1.095258
9.773977397739774,0.362853
9.774977497749775,0.762382
9.775977597759775,-0.835218
9.776977697769777,-0.269503
9.777977797779778,0.648714
9.77897789778978,-0.746784
9.77997799779978,-0.051188
9.780978097809781,0.659098
9.781978197819782,-0.38809
9.782978297829784,-0.399309
9.783978397839784,0.860303
9.784978497849785,0.163337
9.785978597859787,-0.685369
9.786978697869786,1.231435
9.787978797879788,-0.138093
9.78897889788979,-0.729803
9.78997899789979,0.580861
9.79097909790979,0.66382
9.791979197919792,-0.859284
9.792979297929794,0.041105
9.793979397939793,1.087173
9.794979497949795,-1.08091
9.795979597959796,0.422803
9.796979697969798,0.785033
9.797979797979798,-0.361279
9.798979897989799,-0.267899
9.7999799979998,0.859195
9.8009800980098,-0.61752
9.801980198019802,-1.123786
9.802980298029803,0.974311
9.803980398039805,-0.252182
9.804980498049805,-1.070956
9.805980598059806,1.198296
9.806980698069808,0.397475
9.807980798079807,-0.575558
9.808980898089809,0.835154
9.80998099809981,0.19137
9.810981098109812,-1.132066
9.811981198119812,0.015802
9.812981298129813,0.647506
9.813981398139815,-0.983131
9.814981498149814,-0.223186
9.815981598159816,1.166373
9.816981698169817,-0.4247
9.817981798179819,-0.81281
9.818981898189818,0.846614
9.81998199819982,-0.600603
9.820982098209821,-0.993591
9.821982198219821,1.415942
9.822982298229823,0.117323
9.823982398239824,-1.007129
9.824982498249826,1.059257
9.825982598259825,-0.145897
9.826982698269827,-0.987456
9.827982798279828,1.017411
9.828982898289828,0.504903
9.82998299829983,-1.205569
9.830983098309831,0.54576
9.831983198319833,0.687609
9.832983298329832,-0.684788
9.833983398339834,-0.082159
9.834983498349835,0.952584
9.835983598359835,-0.912879
9.836983698369837,-0.460585
9.837983798379838,0.727298
9.83898389838984,-0.43851
9.83998399839984,-1.145015
9.840984098409841,0.900807
9.841984198419842,0.074217
9.842984298429844,-0.839202
9.843984398439844,0.754548
9.844984498449845,0.445738
9.845984598459847,-1.193522
9.846984698469846,0.381638
9.847984798479848,0.39577
9.84898489848985,-0.937579
9.84998499849985,0.639543
9.85098509850985,1.606087
9.851985198519852,-0.419548
9.852985298529854,-0.430802
9.853985398539853,1.216352
9.854985498549855,-0.53128
9.855985598559856,-0.178507
9.856985698569858,1.122891
9.857985798579858,-0.470903
9.858985898589859,-0.256552
9.85998599859986,0.756817
9.86098609860986,0.846359
9.861986198619862,-0.963579
9.862986298629863,0.75405
9.863986398639865,0.166332
9.864986498649865,-1.025955
9.865986598659866,0.55788
9.866986698669868,0.613663
9.867986798679867,-1.361282
9.868986898689869,-0.122855
9.86998699869987,0.948187
9.870987098709872,-0.429776
9.871987198719872,-0.059175
9.872987298729873,1.01282
9.873987398739875,-0.549768
9.874987498749874,-0.116962
9.875987598759876,1.020165
9.876987698769877,0.262455
9.877987798779879,-0.566121
9.878987898789878,0.600865
9.87998799879988,-0.237354
9.880988098809881,-0.669934
9.881988198819881,1.040756
9.882988298829883,0.374174
9.883988398839884,-1.423876
9.884988498849886,1.492424
9.885988598859885,0.644892
9.886988698869887,-0.761973
9.887988798879888,0.454287
9.888988898889888,0.542047
9.88998899889989,-1.032881
9.890989098909891,-0.091611
9.891989198919893,0.785848
9.892989298929892,-0.356469
9.893989398939894,-0.614237
9.894989498949895,1.000152
9.895989598959895,0.183518
9.896989698969897,-0.688628
9.897989798979898,0.841384
9.8989898989899,-0.163067
9.8999899989999,-0.955438
9.900990099009901,1.232901
9.901990199019902,0.853638
9.902990299029904,-1.520201
9.903990399039904,1.041564
9.904990499049905,0.37603
9.905990599059907,-0.809711
9.906990699069906,0.379578
9.907990799079908,1.035043
9.90899089908991,-0.636479
9.90999099909991,-0.11669
9.91099109910991,0.863284
9.911991199119912,-0.506226
9.912991299129914,-0.431127
9.913991399139913,0.815459
9.914991499149915,-0.421996
9.915991599159916,-0.398696
9.916991699169918,0.840976
9.917991799179918,0.191242
9.918991899189919,-0.972257
9.91999199919992,1.159987
9.92099209920992,0.351095
9.921992199219922,-0.502867
9.922992299229923,0.813083
9.923992399239925,0.256419
9.924992499249925,-0.965689
9.925992599259926,0.155605
9.926992699269928,1.201485
9.927992799279927,-0.213321
9.928992899289929,-0.30618
9.92999299929993,1.432131
9.930993099309932,-0.263035
9.931993199319932,-1.414754
9.932993299329933,0.688779
9.933993399339935,0.0709
9.934993499349934,-1.009072
9.935993599359936,0.829413
9.936993699369937,-0.18409
9.937993799379939,-0.573995
9.938993899389938,0.543703
9.93999399939994,0.135499
9.940994099409941,-0.96098
9.941994199419941,0.163464
9.942994299429943,0.71133
9.943994399439944,-0.87587
9.944994499449946,0.465353
9.945994599459945,1.138504
9.946994699469947,-0.65567
9.947994799479948,0.125762
9.948994899489948,1.334207
9.94999499949995,-0.755922
9.950995099509951,-0.501525
9.951995199519953,1.2546
9.952995299529952,-0.332553
9.953995399539954,-0.390924
9.954995499549955,0.861383
9.955995599559955,0.770567
9.956995699569957,-1.148922
9.957995799579958,0.714522
9.95899589958996,0.2263
9.95999599959996,-1.265622
9.960996099609961,0.314324
9.961996199619962,0.290125
9.962996299629964,-0.614024
9.963996399639964,-0.274633
9.964996499649965,0.3087
9.965996599659967,-0.577438
9.966996699669966,-0.741451
9.967996799679968,0.731985
9.96899689968997,-0.546674
9.96999699969997,-0.172629
9.97099709970997,1.251254
9.971997199719972,-0.954192
9.972997299729974,-0.70294
9.973997399739973,0.736936
9.974997499749975,-0.082855
9.975997599759976,-0.808785
9.976997699769978,0.860479
9.977997799779978,0.583708
9.978997899789979,-0.569401
9.97999799979998,0.583332
9.98099809980998,0.550415
9.981998199819982,-0.153593
9.982998299829983,0.174453
9.983998399839985,0.408949
9.984998499849985,-0.594577
9.985998599859986,-0.251985
9.986998699869988,0.767964
9.987998799879987,-0.904992
9.988998899889989,-0.496635
9.98999899989999,1.673842
9.990999099909992,0.268269
9.991999199919992,-1.169811
9.992999299929993,0.610428
9.993999399939995,0.528916
9.994999499949994,-1.456402
9.995999599959996,0.475449
9.996999699969997,0.423209
9.997999799979999,-1.027473
9.998999899989998,0.304461
10.0,0.667059
